source_file,page,project_id,sector_pdf,state_pdf
QPISR_1st_QTR_2024-25 PART2.pdf,57,N16000406,PETROLEUM,ANDHRA PRADESH
QPISR_1st_QTR_2024-25 PART2.pdf,57,N16000420,PETROLEUM,ANDHRA PRADESH
QPISR_1st_QTR_2024-25 PART2.pdf,59,N24000282,ROAD TRANSPORT AND HIGHWAYS,ANDHRA PRADESH
QPISR_1st_QTR_2024-25 PART2.pdf,60,N24000932,ROAD TRANSPORT AND HIGHWAYS,ANDHRA PRADESH
QPISR_1st_QTR_2024-25 PART2.pdf,60,N24000933,ROAD TRANSPORT AND HIGHWAYS,ANDHRA PRADESH
QPISR_1st_QTR_2024-25 PART2.pdf,61,N24000934,ROAD TRANSPORT AND HIGHWAYS,ANDHRA PRADESH
QPISR_1st_QTR_2024-25 PART2.pdf,61,N24000939,ROAD TRANSPORT AND HIGHWAYS,ANDHRA PRADESH
QPISR_1st_QTR_2024-25 PART2.pdf,61,N24000940,ROAD TRANSPORT AND HIGHWAYS,ANDHRA PRADESH
QPISR_1st_QTR_2024-25 PART2.pdf,61,N24000963,ROAD TRANSPORT AND HIGHWAYS,ANDHRA PRADESH
QPISR_1st_QTR_2024-25 PART2.pdf,62,N24000965,ROAD TRANSPORT AND HIGHWAYS,ANDHRA PRADESH
QPISR_1st_QTR_2024-25 PART2.pdf,62,N24000966,ROAD TRANSPORT AND HIGHWAYS,ANDHRA PRADESH
QPISR_1st_QTR_2024-25 PART2.pdf,62,N24000967,ROAD TRANSPORT AND HIGHWAYS,ANDHRA PRADESH
QPISR_1st_QTR_2024-25 PART2.pdf,62,N24000968,ROAD TRANSPORT AND HIGHWAYS,ANDHRA PRADESH
QPISR_1st_QTR_2024-25 PART2.pdf,63,N24000970,ROAD TRANSPORT AND HIGHWAYS,ANDHRA PRADESH
QPISR_1st_QTR_2024-25 PART2.pdf,63,N24001300,ROAD TRANSPORT AND HIGHWAYS,ANDHRA PRADESH
QPISR_1st_QTR_2024-25 PART2.pdf,63,N24001384,ROAD TRANSPORT AND HIGHWAYS,ANDHRA PRADESH
QPISR_1st_QTR_2024-25 PART2.pdf,64,N24001385,ROAD TRANSPORT AND HIGHWAYS,ANDHRA PRADESH
QPISR_1st_QTR_2024-25 PART2.pdf,66,N24001839,ROAD TRANSPORT AND HIGHWAYS,ANDHRA PRADESH
QPISR_1st_QTR_2024-25 PART2.pdf,68,N24001930,ROAD TRANSPORT AND HIGHWAYS,ANDHRA PRADESH
QPISR_1st_QTR_2024-25 PART2.pdf,77,N24000944,ROAD TRANSPORT AND HIGHWAYS,ARUNACHAL PRADESH
QPISR_1st_QTR_2024-25 PART2.pdf,78,N24001294,ROAD TRANSPORT AND HIGHWAYS,ARUNACHAL PRADESH
QPISR_1st_QTR_2024-25 PART2.pdf,78,N24001315,ROAD TRANSPORT AND HIGHWAYS,ARUNACHAL PRADESH
QPISR_1st_QTR_2024-25 PART2.pdf,78,N24001316,ROAD TRANSPORT AND HIGHWAYS,ARUNACHAL PRADESH
QPISR_1st_QTR_2024-25 PART2.pdf,78,N24001320,ROAD TRANSPORT AND HIGHWAYS,ARUNACHAL PRADESH
QPISR_1st_QTR_2024-25 PART2.pdf,82,N18000327,POWER,ASSAM
QPISR_1st_QTR_2024-25 PART2.pdf,82,N24000305,ROAD TRANSPORT AND HIGHWAYS,ASSAM
QPISR_1st_QTR_2024-25 PART2.pdf,85,N24001367,ROAD TRANSPORT AND HIGHWAYS,ASSAM
QPISR_1st_QTR_2024-25 PART2.pdf,85,N24001435,ROAD TRANSPORT AND HIGHWAYS,ASSAM
QPISR_1st_QTR_2024-25 PART2.pdf,86,N24001549,ROAD TRANSPORT AND HIGHWAYS,ASSAM
QPISR_1st_QTR_2024-25 PART2.pdf,89,N16000327,PETROLEUM,BIHAR
QPISR_1st_QTR_2024-25 PART2.pdf,90,N16000415,PETROLEUM,BIHAR
QPISR_1st_QTR_2024-25 PART2.pdf,90,N16000421,PETROLEUM,BIHAR
QPISR_1st_QTR_2024-25 PART2.pdf,90,N16000422,PETROLEUM,BIHAR
QPISR_1st_QTR_2024-25 PART2.pdf,90,N16000424,PETROLEUM,BIHAR
QPISR_1st_QTR_2024-25 PART2.pdf,90,N16000425,PETROLEUM,BIHAR
QPISR_1st_QTR_2024-25 PART2.pdf,91,N18000299,PETROLEUM,BIHAR
QPISR_1st_QTR_2024-25 PART2.pdf,92,N22000180,RAILWAYS,BIHAR
QPISR_1st_QTR_2024-25 PART2.pdf,103,N06000076,WATER RESOURCES,BIHAR
QPISR_1st_QTR_2024-25 PART2.pdf,104,N06000136,WATER RESOURCES,BIHAR
QPISR_1st_QTR_2024-25 PART2.pdf,104,N06000140,WATER RESOURCES,BIHAR
QPISR_1st_QTR_2024-25 PART2.pdf,104,N06000158,WATER RESOURCES,BIHAR
QPISR_1st_QTR_2024-25 PART2.pdf,107,N22000617,RAILWAYS,BIHAR
QPISR_1st_QTR_2024-25 PART2.pdf,108,N24001224,RAILWAYS,BIHAR
QPISR_1st_QTR_2024-25 PART2.pdf,109,N24001591,RAILWAYS,BIHAR
QPISR_1st_QTR_2024-25 PART2.pdf,109,N24001918,RAILWAYS,BIHAR
QPISR_1st_QTR_2024-25 PART2.pdf,112,N28000118,RENEWABL E ENERGY,DELHI
QPISR_1st_QTR_2024-25 PART2.pdf,115,N28000136,URBAN DEVELOPME NT,DELHI
QPISR_1st_QTR_2024-25 PART2.pdf,117,N24001004,ROAD TRANSPORT AND HIGHWAYS,GOA
QPISR_1st_QTR_2024-25 PART2.pdf,117,N24001005,ROAD TRANSPORT AND HIGHWAYS,GOA
QPISR_1st_QTR_2024-25 PART2.pdf,117,N24001458,ROAD TRANSPORT AND HIGHWAYS,GOA
QPISR_1st_QTR_2024-25 PART2.pdf,117,N16000349,PETROLEUM,GUJARAT
QPISR_1st_QTR_2024-25 PART2.pdf,119,N16000482,PETROLEUM,GUJARAT
QPISR_1st_QTR_2024-25 PART2.pdf,121,N22000123,RAILWAYS,GUJARAT
QPISR_1st_QTR_2024-25 PART2.pdf,121,N22000436,RAILWAYS,GUJARAT
QPISR_1st_QTR_2024-25 PART2.pdf,122,N22000534,RAILWAYS,GUJARAT
QPISR_1st_QTR_2024-25 PART2.pdf,123,N22000549,RAILWAYS,GUJARAT
QPISR_1st_QTR_2024-25 PART2.pdf,123,N22000623,RAILWAYS,GUJARAT
QPISR_1st_QTR_2024-25 PART2.pdf,124,N24000701,ROAD TRANSPORT AND HIGHWAYS,GUJARAT
QPISR_1st_QTR_2024-25 PART2.pdf,124,N24000922,ROAD TRANSPORT AND HIGHWAYS,GUJARAT
QPISR_1st_QTR_2024-25 PART2.pdf,125,N24000926,ROAD TRANSPORT AND HIGHWAYS,GUJARAT
QPISR_1st_QTR_2024-25 PART2.pdf,125,N24001197,ROAD TRANSPORT AND HIGHWAYS,GUJARAT
QPISR_1st_QTR_2024-25 PART2.pdf,127,N24001787,ROAD TRANSPORT AND HIGHWAYS,GUJARAT
QPISR_1st_QTR_2024-25 PART2.pdf,130,N16000385,PETROLEUM,HARYANA
QPISR_1st_QTR_2024-25 PART2.pdf,130,N16000517,PETROLEUM,HARYANA
QPISR_1st_QTR_2024-25 PART2.pdf,130,N18000302,PETROLEUM,HARYANA
QPISR_1st_QTR_2024-25 PART2.pdf,133,N24001782,ROAD TRANSPORT AND HIGHWAYS,HARYANA
QPISR_1st_QTR_2024-25 PART2.pdf,135,N24002047,ROAD TRANSPORT AND HIGHWAYS,HARYANA
QPISR_1st_QTR_2024-25 PART2.pdf,137,N24000692,ROAD TRANSPORT AND HIGHWAYS,HIMACHAL PRADESH
QPISR_1st_QTR_2024-25 PART2.pdf,143,N24001253,ROAD TRANSPORT AND HIGHWAYS,JAMMU AND KASHMIR
QPISR_1st_QTR_2024-25 PART2.pdf,149,N06000083,COAL,JHARKHAND
QPISR_1st_QTR_2024-25 PART2.pdf,149,N06000088,COAL,JHARKHAND
QPISR_1st_QTR_2024-25 PART2.pdf,149,N06000106,COAL,JHARKHAND
QPISR_1st_QTR_2024-25 PART2.pdf,149,N06000143,COAL,JHARKHAND
QPISR_1st_QTR_2024-25 PART2.pdf,151,N16000329,PETROLEUM,JHARKHAND
QPISR_1st_QTR_2024-25 PART2.pdf,151,N16000389,PETROLEUM,JHARKHAND
QPISR_1st_QTR_2024-25 PART2.pdf,151,N16000416,PETROLEUM,JHARKHAND
QPISR_1st_QTR_2024-25 PART2.pdf,152,N18000369,POWER,JHARKHAND
QPISR_1st_QTR_2024-25 PART2.pdf,152,N22000527,RAILWAYS,JHARKHAND
QPISR_1st_QTR_2024-25 PART2.pdf,152,N22000531,RAILWAYS,JHARKHAND
QPISR_1st_QTR_2024-25 PART2.pdf,153,N24000725,ROAD TRANSPORT AND HIGHWAYS,JHARKHAND
QPISR_1st_QTR_2024-25 PART2.pdf,153,N24000854,ROAD TRANSPORT AND HIGHWAYS,JHARKHAND
QPISR_1st_QTR_2024-25 PART2.pdf,154,N24001597,ROAD TRANSPORT AND HIGHWAYS,JHARKHAND
QPISR_1st_QTR_2024-25 PART2.pdf,156,N12000126,STEEL,JHARKHAND
QPISR_1st_QTR_2024-25 PART2.pdf,157,N28000103,DEFENCE PRODUCTIO N,KARNATAKA
QPISR_1st_QTR_2024-25 PART2.pdf,158,N16000401,PETROLEUM,KARNATAKA
QPISR_1st_QTR_2024-25 PART2.pdf,158,N22000278,RAILWAYS,KARNATAKA
QPISR_1st_QTR_2024-25 PART2.pdf,159,N22000560,RAILWAYS,KARNATAKA
QPISR_1st_QTR_2024-25 PART2.pdf,160,N24000622,ROAD TRANSPORT AND HIGHWAYS,KARNATAKA
QPISR_1st_QTR_2024-25 PART2.pdf,163,N24001449,ROAD TRANSPORT AND HIGHWAYS,KARNATAKA
QPISR_1st_QTR_2024-25 PART2.pdf,165,N24001685,ROAD TRANSPORT AND HIGHWAYS,KARNATAKA
QPISR_1st_QTR_2024-25 PART2.pdf,166,N24001688,ROAD TRANSPORT AND HIGHWAYS,KARNATAKA
QPISR_1st_QTR_2024-25 PART2.pdf,166,N24001689,ROAD TRANSPORT AND HIGHWAYS,KARNATAKA
QPISR_1st_QTR_2024-25 PART2.pdf,166,N24001690,ROAD TRANSPORT AND HIGHWAYS,KARNATAKA
QPISR_1st_QTR_2024-25 PART2.pdf,170,N28000075,DEPARTME NT OF HIGHER EDUCATION,KERALA
QPISR_1st_QTR_2024-25 PART2.pdf,170,N16000314,PETROLEUM,KERALA
QPISR_1st_QTR_2024-25 PART2.pdf,171,N22000400,RAILWAYS,KERALA
QPISR_1st_QTR_2024-25 PART2.pdf,171,N24000566,ROAD TRANSPORT AND HIGHWAYS,KERALA
QPISR_1st_QTR_2024-25 PART2.pdf,175,N28000081,URBAN DEVELOPME NT,KERALA
QPISR_1st_QTR_2024-25 PART2.pdf,175,N24001346,ROAD TRANSPORT AND HIGHWAYS,LADAKH
QPISR_1st_QTR_2024-25 PART2.pdf,176,N24001347,ROAD TRANSPORT AND HIGHWAYS,LADAKH
QPISR_1st_QTR_2024-25 PART2.pdf,176,N06000122,COAL,MADHYA PRADESH
QPISR_1st_QTR_2024-25 PART2.pdf,176,N06000124,COAL,MADHYA PRADESH
QPISR_1st_QTR_2024-25 PART2.pdf,176,N06000134,COAL,MADHYA PRADESH
QPISR_1st_QTR_2024-25 PART2.pdf,176,N06000159,COAL,MADHYA PRADESH
QPISR_1st_QTR_2024-25 PART2.pdf,177,N06000207,COAL,MADHYA PRADESH
QPISR_1st_QTR_2024-25 PART2.pdf,177,N16000417,PETROLEUM,MADHYA PRADESH
QPISR_1st_QTR_2024-25 PART2.pdf,178,N16000472,PETROLEUM,MADHYA PRADESH
QPISR_1st_QTR_2024-25 PART2.pdf,178,N16000501,PETROLEUM,MADHYA PRADESH
QPISR_1st_QTR_2024-25 PART2.pdf,178,N18000342,POWER,MADHYA PRADESH
QPISR_1st_QTR_2024-25 PART2.pdf,178,N22000415,RAILWAYS,MADHYA PRADESH
QPISR_1st_QTR_2024-25 PART2.pdf,179,N22000493,RAILWAYS,MADHYA PRADESH
QPISR_1st_QTR_2024-25 PART2.pdf,179,N22000552,RAILWAYS,MADHYA PRADESH
QPISR_1st_QTR_2024-25 PART2.pdf,179,N22000588,RAILWAYS,MADHYA PRADESH
QPISR_1st_QTR_2024-25 PART2.pdf,179,N24000475,ROAD TRANSPORT AND HIGHWAYS,MADHYA PRADESH
QPISR_1st_QTR_2024-25 PART2.pdf,180,N24000870,ROAD TRANSPORT AND HIGHWAYS,MADHYA PRADESH
QPISR_1st_QTR_2024-25 PART2.pdf,180,N24001151,ROAD TRANSPORT AND HIGHWAYS,MADHYA PRADESH
QPISR_1st_QTR_2024-25 PART2.pdf,180,N24001199,ROAD TRANSPORT AND HIGHWAYS,MADHYA PRADESH
QPISR_1st_QTR_2024-25 PART2.pdf,180,N24001212,ROAD TRANSPORT AND HIGHWAYS,MADHYA PRADESH
QPISR_1st_QTR_2024-25 PART2.pdf,181,N24001213,ROAD TRANSPORT AND HIGHWAYS,MADHYA PRADESH
QPISR_1st_QTR_2024-25 PART2.pdf,181,N24001214,ROAD TRANSPORT AND HIGHWAYS,MADHYA PRADESH
QPISR_1st_QTR_2024-25 PART2.pdf,181,N24001231,ROAD TRANSPORT AND HIGHWAYS,MADHYA PRADESH
QPISR_1st_QTR_2024-25 PART2.pdf,181,N24001232,ROAD TRANSPORT AND HIGHWAYS,MADHYA PRADESH
QPISR_1st_QTR_2024-25 PART2.pdf,181,N24001233,ROAD TRANSPORT AND HIGHWAYS,MADHYA PRADESH
QPISR_1st_QTR_2024-25 PART2.pdf,182,N24001234,ROAD TRANSPORT AND HIGHWAYS,MADHYA PRADESH
QPISR_1st_QTR_2024-25 PART2.pdf,182,N24001757,ROAD TRANSPORT AND HIGHWAYS,MADHYA PRADESH
QPISR_1st_QTR_2024-25 PART2.pdf,184,N24001769,ROAD TRANSPORT AND HIGHWAYS,MADHYA PRADESH
QPISR_1st_QTR_2024-25 PART2.pdf,187,N06000180,COAL,MAHARASHTRA
QPISR_1st_QTR_2024-25 PART2.pdf,189,N06000263,COAL,MAHARASHTRA
QPISR_1st_QTR_2024-25 PART2.pdf,189,N06000268,COAL,MAHARASHTRA
QPISR_1st_QTR_2024-25 PART2.pdf,191,N16000516,PETROLEUM,MAHARASHTRA
QPISR_1st_QTR_2024-25 PART2.pdf,192,N22000435,RAILWAYS,MAHARASHTRA
QPISR_1st_QTR_2024-25 PART2.pdf,194,N24000558,ROAD TRANSPORT AND HIGHWAYS,MAHARASHTRA
QPISR_1st_QTR_2024-25 PART2.pdf,194,N24000628,ROAD TRANSPORT AND HIGHWAYS,MAHARASHTRA
QPISR_1st_QTR_2024-25 PART2.pdf,195,N24000630,ROAD TRANSPORT AND HIGHWAYS,MAHARASHTRA
QPISR_1st_QTR_2024-25 PART2.pdf,196,N24001026,ROAD TRANSPORT AND HIGHWAYS,MAHARASHTRA
QPISR_1st_QTR_2024-25 PART2.pdf,196,N24001029,ROAD TRANSPORT AND HIGHWAYS,MAHARASHTRA
QPISR_1st_QTR_2024-25 PART2.pdf,196,N24001030,ROAD TRANSPORT AND HIGHWAYS,MAHARASHTRA
QPISR_1st_QTR_2024-25 PART2.pdf,196,N24001035,ROAD TRANSPORT AND HIGHWAYS,MAHARASHTRA
QPISR_1st_QTR_2024-25 PART2.pdf,196,N24001040,ROAD TRANSPORT AND HIGHWAYS,MAHARASHTRA
QPISR_1st_QTR_2024-25 PART2.pdf,196,N24001041,ROAD TRANSPORT AND HIGHWAYS,MAHARASHTRA
QPISR_1st_QTR_2024-25 PART2.pdf,196,N24001042,ROAD TRANSPORT AND HIGHWAYS,MAHARASHTRA
QPISR_1st_QTR_2024-25 PART2.pdf,196,N24001043,ROAD TRANSPORT AND HIGHWAYS,MAHARASHTRA
QPISR_1st_QTR_2024-25 PART2.pdf,197,N24001048,ROAD TRANSPORT AND HIGHWAYS,MAHARASHTRA
QPISR_1st_QTR_2024-25 PART2.pdf,197,N24001061,ROAD TRANSPORT AND HIGHWAYS,MAHARASHTRA
QPISR_1st_QTR_2024-25 PART2.pdf,197,N24001062,ROAD TRANSPORT AND HIGHWAYS,MAHARASHTRA
QPISR_1st_QTR_2024-25 PART2.pdf,197,N24001065,ROAD TRANSPORT AND HIGHWAYS,MAHARASHTRA
QPISR_1st_QTR_2024-25 PART2.pdf,197,N24001073,ROAD TRANSPORT AND HIGHWAYS,MAHARASHTRA
QPISR_1st_QTR_2024-25 PART2.pdf,197,N24001075,ROAD TRANSPORT AND HIGHWAYS,MAHARASHTRA
QPISR_1st_QTR_2024-25 PART2.pdf,198,N24001105,ROAD TRANSPORT AND HIGHWAYS,MAHARASHTRA
QPISR_1st_QTR_2024-25 PART2.pdf,199,N24001113,ROAD TRANSPORT AND HIGHWAYS,MAHARASHTRA
QPISR_1st_QTR_2024-25 PART2.pdf,199,N24001126,ROAD TRANSPORT AND HIGHWAYS,MAHARASHTRA
QPISR_1st_QTR_2024-25 PART2.pdf,199,N24001150,ROAD TRANSPORT AND HIGHWAYS,MAHARASHTRA
QPISR_1st_QTR_2024-25 PART2.pdf,200,N24001485,ROAD TRANSPORT AND HIGHWAYS,MAHARASHTRA
QPISR_1st_QTR_2024-25 PART2.pdf,201,N24001489,ROAD TRANSPORT AND HIGHWAYS,MAHARASHTRA
QPISR_1st_QTR_2024-25 PART2.pdf,204,N24001803,ROAD TRANSPORT AND HIGHWAYS,MAHARASHTRA
QPISR_1st_QTR_2024-25 PART2.pdf,205,N24001805,ROAD TRANSPORT AND HIGHWAYS,MAHARASHTRA
QPISR_1st_QTR_2024-25 PART2.pdf,205,N24001806,ROAD TRANSPORT AND HIGHWAYS,MAHARASHTRA
QPISR_1st_QTR_2024-25 PART2.pdf,205,N24001807,ROAD TRANSPORT AND HIGHWAYS,MAHARASHTRA
QPISR_1st_QTR_2024-25 PART2.pdf,208,N24001893,ROAD TRANSPORT AND HIGHWAYS,MAHARASHTRA
QPISR_1st_QTR_2024-25 PART2.pdf,212,N24001275,ROAD TRANSPORT AND HIGHWAYS,MANIPUR
QPISR_1st_QTR_2024-25 PART2.pdf,213,N24001398,ROAD TRANSPORT AND HIGHWAYS,MANIPUR
QPISR_1st_QTR_2024-25 PART2.pdf,213,N24001399,ROAD TRANSPORT AND HIGHWAYS,MANIPUR
QPISR_1st_QTR_2024-25 PART2.pdf,215,N22000205,RAILWAYS,MEGHALAYA
QPISR_1st_QTR_2024-25 PART2.pdf,219,N24001283,ROAD TRANSPORT AND HIGHWAYS,MIZORAM
QPISR_1st_QTR_2024-25 PART2.pdf,219,N24001357,ROAD TRANSPORT AND HIGHWAYS,MIZORAM
QPISR_1st_QTR_2024-25 PART2.pdf,220,N06000157,COAL,MULTI STATE
QPISR_1st_QTR_2024-25 PART2.pdf,221,N16000427,PETROLEUM,MULTI STATE
QPISR_1st_QTR_2024-25 PART2.pdf,221,N18000184,POWER,MULTI STATE
QPISR_1st_QTR_2024-25 PART2.pdf,221,N18000244,POWER,MULTI STATE
QPISR_1st_QTR_2024-25 PART2.pdf,222,N18000316,POWER,MULTI STATE
QPISR_1st_QTR_2024-25 PART2.pdf,222,N18000317,POWER,MULTI STATE
QPISR_1st_QTR_2024-25 PART2.pdf,222,N18000329,POWER,MULTI STATE
QPISR_1st_QTR_2024-25 PART2.pdf,223,N18000339,POWER,MULTI STATE
QPISR_1st_QTR_2024-25 PART2.pdf,223,N18000341,POWER,MULTI STATE
QPISR_1st_QTR_2024-25 PART2.pdf,225,N22000215,RAILWAYS,MULTI STATE
QPISR_1st_QTR_2024-25 PART2.pdf,225,N22000301,RAILWAYS,MULTI STATE
QPISR_1st_QTR_2024-25 PART2.pdf,225,N22000326,RAILWAYS,MULTI STATE
QPISR_1st_QTR_2024-25 PART2.pdf,227,N26000101,TELECOMM UNICATIONS,MULTI STATE
QPISR_1st_QTR_2024-25 PART2.pdf,228,N24000687,ROAD TRANSPORT AND HIGHWAYS,NAGALAND
QPISR_1st_QTR_2024-25 PART2.pdf,229,N24000764,ROAD TRANSPORT AND HIGHWAYS,NAGALAND
QPISR_1st_QTR_2024-25 PART2.pdf,231,N24001285,ROAD TRANSPORT AND HIGHWAYS,NAGALAND
QPISR_1st_QTR_2024-25 PART2.pdf,235,N16000289,PETROLEUM,ODISHA
QPISR_1st_QTR_2024-25 PART2.pdf,235,N16000328,PETROLEUM,ODISHA
QPISR_1st_QTR_2024-25 PART2.pdf,236,N16000374,PETROLEUM,ODISHA
QPISR_1st_QTR_2024-25 PART2.pdf,237,N22000412,RAILWAYS,ODISHA
QPISR_1st_QTR_2024-25 PART2.pdf,245,N22000597,RAILWAYS,PUNJAB
QPISR_1st_QTR_2024-25 PART2.pdf,247,N24001514,ROAD TRANSPORT AND HIGHWAYS,PUNJAB
QPISR_1st_QTR_2024-25 PART2.pdf,250,N24001645,ROAD TRANSPORT AND HIGHWAYS,PUNJAB
QPISR_1st_QTR_2024-25 PART2.pdf,253,N18000300,POWER,RAJASTHAN
QPISR_1st_QTR_2024-25 PART2.pdf,254,N18000303,POWER,RAJASTHAN
QPISR_1st_QTR_2024-25 PART2.pdf,254,N18000304,POWER,RAJASTHAN
QPISR_1st_QTR_2024-25 PART2.pdf,254,N18000305,POWER,RAJASTHAN
QPISR_1st_QTR_2024-25 PART2.pdf,254,N18000306,POWER,RAJASTHAN
QPISR_1st_QTR_2024-25 PART2.pdf,254,N18000307,POWER,RAJASTHAN
QPISR_1st_QTR_2024-25 PART2.pdf,255,N18000314,POWER,RAJASTHAN
QPISR_1st_QTR_2024-25 PART2.pdf,255,N18000371,POWER,RAJASTHAN
QPISR_1st_QTR_2024-25 PART2.pdf,258,N24000691,ROAD TRANSPORT AND HIGHWAYS,RAJASTHAN
QPISR_1st_QTR_2024-25 PART2.pdf,259,N24001242,ROAD TRANSPORT AND HIGHWAYS,RAJASTHAN
QPISR_1st_QTR_2024-25 PART2.pdf,259,N24001410,ROAD TRANSPORT AND HIGHWAYS,RAJASTHAN
QPISR_1st_QTR_2024-25 PART2.pdf,260,N24001531,ROAD TRANSPORT AND HIGHWAYS,RAJASTHAN
QPISR_1st_QTR_2024-25 PART2.pdf,261,N24001560,ROAD TRANSPORT AND HIGHWAYS,RAJASTHAN
QPISR_1st_QTR_2024-25 PART2.pdf,261,N24001562,ROAD TRANSPORT AND HIGHWAYS,RAJASTHAN
QPISR_1st_QTR_2024-25 PART2.pdf,263,N24001572,ROAD TRANSPORT AND HIGHWAYS,RAJASTHAN
QPISR_1st_QTR_2024-25 PART2.pdf,268,N02000028,ROAD TRANSPORT AND HIGHWAYS,SIKKIM
QPISR_1st_QTR_2024-25 PART2.pdf,269,N28000089,FINANCE,SIKKIM
QPISR_1st_QTR_2024-25 PART2.pdf,269,N16000253,PETROLEUM,SIKKIM
QPISR_1st_QTR_2024-25 PART2.pdf,270,N16000403,PETROLEUM,SIKKIM
QPISR_1st_QTR_2024-25 PART2.pdf,270,N16000418,PETROLEUM,SIKKIM
QPISR_1st_QTR_2024-25 PART2.pdf,270,N16000419,PETROLEUM,SIKKIM
QPISR_1st_QTR_2024-25 PART2.pdf,271,N16000479,PETROLEUM,SIKKIM
QPISR_1st_QTR_2024-25 PART2.pdf,271,N18000262,POWER,SIKKIM
QPISR_1st_QTR_2024-25 PART2.pdf,272,N22000079,RAILWAYS,SIKKIM
QPISR_1st_QTR_2024-25 PART2.pdf,272,N22000449,RAILWAYS,SIKKIM
QPISR_1st_QTR_2024-25 PART2.pdf,272,N22000567,RAILWAYS,SIKKIM
QPISR_1st_QTR_2024-25 PART2.pdf,273,N24000828,ROAD TRANSPORT AND HIGHWAYS,SIKKIM
QPISR_1st_QTR_2024-25 PART2.pdf,274,N24001454,ROAD TRANSPORT AND HIGHWAYS,SIKKIM
QPISR_1st_QTR_2024-25 PART2.pdf,276,N24001695,ROAD TRANSPORT AND HIGHWAYS,SIKKIM
QPISR_1st_QTR_2024-25 PART2.pdf,278,N24001724,ROAD TRANSPORT AND HIGHWAYS,SIKKIM
QPISR_1st_QTR_2024-25 PART2.pdf,281,N06000173,COAL,TELANGANA
QPISR_1st_QTR_2024-25 PART2.pdf,282,N22000213,RAILWAYS,TELANGANA
QPISR_1st_QTR_2024-25 PART2.pdf,282,N22000432,RAILWAYS,TELANGANA
QPISR_1st_QTR_2024-25 PART2.pdf,290,N22000195,RAILWAYS,TRIPURA
QPISR_1st_QTR_2024-25 PART2.pdf,290,N24001247,ROAD TRANSPORT AND HIGHWAYS,TRIPURA
QPISR_1st_QTR_2024-25 PART2.pdf,290,N24001265,ROAD TRANSPORT AND HIGHWAYS,TRIPURA
QPISR_1st_QTR_2024-25 PART2.pdf,290,N24001267,ROAD TRANSPORT AND HIGHWAYS,TRIPURA
QPISR_1st_QTR_2024-25 PART2.pdf,292,N16000387,PETROLEUM,UTTAR PRADESH
QPISR_1st_QTR_2024-25 PART2.pdf,293,N22000347,RAILWAYS,UTTAR PRADESH
QPISR_1st_QTR_2024-25 PART2.pdf,293,N22000404,RAILWAYS,UTTAR PRADESH
QPISR_1st_QTR_2024-25 PART2.pdf,293,N22000405,RAILWAYS,UTTAR PRADESH
QPISR_1st_QTR_2024-25 PART2.pdf,295,N22000578,RAILWAYS,UTTAR PRADESH
QPISR_1st_QTR_2024-25 PART2.pdf,295,N22000582,RAILWAYS,UTTAR PRADESH
QPISR_1st_QTR_2024-25 PART2.pdf,296,N24000549,ROAD TRANSPORT AND HIGHWAYS,UTTAR PRADESH
QPISR_1st_QTR_2024-25 PART2.pdf,297,N24000551,ROAD TRANSPORT AND HIGHWAYS,UTTAR PRADESH
QPISR_1st_QTR_2024-25 PART2.pdf,299,N24001460,ROAD TRANSPORT AND HIGHWAYS,UTTAR PRADESH
QPISR_1st_QTR_2024-25 PART2.pdf,300,N24001478,ROAD TRANSPORT AND HIGHWAYS,UTTAR PRADESH
QPISR_1st_QTR_2024-25 PART2.pdf,303,N24001742,ROAD TRANSPORT AND HIGHWAYS,UTTAR PRADESH
QPISR_1st_QTR_2024-25 PART2.pdf,305,N24001816,ROAD TRANSPORT AND HIGHWAYS,UTTAR PRADESH
QPISR_1st_QTR_2024-25 PART2.pdf,317,N24001995,ROAD TRANSPORT AND HIGHWAYS,UTTARAKHAND
QPISR_1st_QTR_2024-25 PART2.pdf,318,N06000172,COAL,WEST BENGAL
QPISR_1st_QTR_2024-25 PART2.pdf,318,N06000185,COAL,WEST BENGAL
QPISR_1st_QTR_2024-25 PART2.pdf,319,N16000332,PETROLEUM,WEST BENGAL
QPISR_1st_QTR_2024-25 PART2.pdf,321,N22000135,RAILWAYS,WEST BENGAL
QPISR_1st_QTR_2024-25 PART2.pdf,321,N22000530,RAILWAYS,WEST BENGAL
QPISR_1st_QTR_2024-25 PART2.pdf,322,N24000883,ROAD TRANSPORT AND HIGHWAYS,WEST BENGAL
QPISR_1st_QTR_2024-25 PART2.pdf,323,N24001752,ROAD TRANSPORT AND HIGHWAYS,WEST BENGAL
QPISR_1st_QTR_2024-25 PART2.pdf,324,N30000029,WATER RESOURCES,WEST BENGAL
QPISR_1st_QTR_2024-25 PART2.pdf,324,N30000030,WATER RESOURCES,WEST BENGAL
QPISR_1st_QTR_2024-25 PART2.pdf,324,N30000031,WATER RESOURCES,WEST BENGAL
QPISR_1st_QTR_2024-25 PART2.pdf,324,N30000033,WATER RESOURCES,WEST BENGAL
QPISR_2nd_QTR_2024-25 PART2.pdf,10,N24000662,,
QPISR_2nd_QTR_2024-25 PART2.pdf,12,N24001351,,
QPISR_2nd_QTR_2024-25 PART2.pdf,25,N24001376,,
QPISR_2nd_QTR_2024-25 PART2.pdf,73,N24001333,,
QPISR_2nd_QTR_2024-25 PART2.pdf,74,N24001452,,
QPISR_2nd_QTR_2024-25 PART2.pdf,91,N24001218,,
QPISR_2nd_QTR_2024-25 PART2.pdf,91,N24001219,,
QPISR_2nd_QTR_2024-25 PART2.pdf,97,N24000444,,
QPISR_2nd_QTR_2024-25 PART2.pdf,97,N24000516,,
QPISR_2nd_QTR_2024-25 PART2.pdf,98,N02000010,,
QPISR_2nd_QTR_2024-25 PART2.pdf,110,N24001784,,
QPISR_2nd_QTR_2024-25 PART2.pdf,148,N24001763,,
QPISR_2nd_QTR_2024-25 PART2.pdf,148,N24001764,,
QPISR_2nd_QTR_2024-25 PART2.pdf,166,N24001881,,
QPISR_2nd_QTR_2024-25 PART2.pdf,202,N02000027,,
QPISR_2nd_QTR_2024-25 PART2.pdf,208,N24000711,COAL 1378NLCIL,
QPISR_2nd_QTR_2024-25 PART2.pdf,208,N24001409,COAL 1378NLCIL,
QPISR_2nd_QTR_2024-25 PART2.pdf,208,N24001412,COAL 1378NLCIL,
QPISR_2nd_QTR_2024-25 PART2.pdf,208,N24001413,COAL 1378NLCIL,
QPISR_2nd_QTR_2024-25 PART2.pdf,215,N02000029,COAL 1378NLCIL,
QPISR_2nd_QTR_2024-25 PART2.pdf,216,N16000451,1494CBR,
QPISR_2nd_QTR_2024-25 PART2.pdf,218,N24000827,1494CBR,
QPISR_2nd_QTR_2024-25 PART2.pdf,219,N24001380,1494CBR,
QPISR_3rd_QTR_2024-25.pdf,27,N30000001,17 ANTA,
QPISR_3rd_QTR_2024-25.pdf,37,N16000433,ROAD TRANSPORT AND HIGHWAYS,ARUNACHAL PRADESH
QPISR_3rd_QTR_2024-25.pdf,48,N24000903,ROAD TRANSPORT AND HIGHWAYS,ARUNACHAL PRADESH
QPISR_3rd_QTR_2024-25.pdf,58,N24001318,ROAD TRANSPORT AND HIGHWAYS,ARUNACHAL PRADESH
QPISR_3rd_QTR_2024-25.pdf,60,N24000744,ROAD TRANSPORT AND HIGHWAYS,ANDAMAN AND NICOBAR ISLANDS
QPISR_3rd_QTR_2024-25.pdf,60,N24000748,ROAD TRANSPORT AND HIGHWAYS,ANDAMAN AND NICOBAR ISLANDS
QPISR_3rd_QTR_2024-25.pdf,74,N24000422,ROAD TRANSPORT AND HIGHWAYS,ANDAMAN AND NICOBAR ISLANDS
QPISR_3rd_QTR_2024-25.pdf,74,N24000928,ROAD TRANSPORT AND HIGHWAYS,ANDAMAN AND NICOBAR ISLANDS
QPISR_3rd_QTR_2024-25.pdf,74,N24000929,ROAD TRANSPORT AND HIGHWAYS,ANDAMAN AND NICOBAR ISLANDS
QPISR_3rd_QTR_2024-25.pdf,79,N24001392,ROAD TRANSPORT AND HIGHWAYS,ANDAMAN AND NICOBAR ISLANDS
QPISR_3rd_QTR_2024-25.pdf,85,N24000902,ROAD TRANSPORT AND HIGHWAYS,ANDAMAN AND NICOBAR ISLANDS
QPISR_3rd_QTR_2024-25.pdf,98,N24001706,ROAD TRANSPORT AND HIGHWAYS,ANDAMAN AND NICOBAR ISLANDS
QPISR_3rd_QTR_2024-25.pdf,98,N24001707,ROAD TRANSPORT AND HIGHWAYS,ANDAMAN AND NICOBAR ISLANDS
QPISR_3rd_QTR_2024-25.pdf,98,N24001710,ROAD TRANSPORT AND HIGHWAYS,ANDAMAN AND NICOBAR ISLANDS
QPISR_3rd_QTR_2024-25.pdf,110,N30000018,ROAD TRANSPORT AND HIGHWAYS,ANDAMAN AND NICOBAR ISLANDS
QPISR_3rd_QTR_2024-25.pdf,128,N24001672,ROAD TRANSPORT AND HIGHWAYS,ANDAMAN AND NICOBAR ISLANDS
QPISR_3rd_QTR_2024-25.pdf,128,N28000127,ROAD TRANSPORT AND HIGHWAYS,ANDAMAN AND NICOBAR ISLANDS
QPISR_3rd_QTR_2024-25.pdf,217,N24001280,HEALTH AND FAMILY WELFARE,ANDAMAN AND NICOBAR ISLANDS
QPISR_3rd_QTR_2024-25.pdf,218,N24001284,HEALTH AND FAMILY WELFARE,ANDAMAN AND NICOBAR ISLANDS
QPISR_3rd_QTR_2024-25.pdf,232,N24001414,HEALTH AND FAMILY WELFARE,ANDAMAN AND NICOBAR ISLANDS
QPISR_3rd_QTR_2024-25.pdf,253,N24000652,HEALTH AND FAMILY WELFARE,ANDAMAN AND NICOBAR ISLANDS
QPISR_3rd_QTR_2024-25.pdf,257,N28000084,HEALTH AND FAMILY WELFARE,ANDAMAN AND NICOBAR ISLANDS
QPISR_3rd_QTR_2024-25.pdf,257,N28000097,HEALTH AND FAMILY WELFARE,ANDAMAN AND NICOBAR ISLANDS
QPISR_3rd_QTR_2024-25.pdf,268,N18000323,PETROLEUM,ANDAMAN AND NICOBAR ISLANDS
QPISR_4th_QTR_2024-25.pdf,52,N04000073,CIVIL AVIATION,ANDAMAN AND NICOBAR ISLANDS
QPISR_4th_QTR_2024-25.pdf,52,N22000584,RAILWAYS,ANDAMAN AND NICOBAR ISLANDS
QPISR_4th_QTR_2024-25.pdf,52,N24001008,ROAD TRANSPORT AND HIGHWAYS,ANDAMAN AND NICOBAR ISLANDS
QPISR_4th_QTR_2024-25.pdf,52,N24002207,ROAD TRANSPORT AND HIGHWAYS,ANDAMAN AND NICOBAR ISLANDS
QPISR_4th_QTR_2024-25.pdf,53,N24002208,ROAD TRANSPORT AND HIGHWAYS,ANDAMAN AND NICOBAR ISLANDS
QPISR_4th_QTR_2024-25.pdf,53,N24002209,ROAD TRANSPORT AND HIGHWAYS,ANDAMAN AND NICOBAR ISLANDS
QPISR_4th_QTR_2024-25.pdf,53,N04000089,CIVIL AVIATION,ANDHRA PRADESH
QPISR_4th_QTR_2024-25.pdf,53,N04000091,CIVIL AVIATION,ANDHRA PRADESH
QPISR_4th_QTR_2024-25.pdf,53,N04000103,CIVIL AVIATION,ANDHRA PRADESH
QPISR_4th_QTR_2024-25.pdf,53,N04000106,CIVIL AVIATION,ANDHRA PRADESH
QPISR_4th_QTR_2024-25.pdf,53,N42000005,DEPARTMENT OF HIGHER EDUCATION,ANDHRA PRADESH
QPISR_4th_QTR_2024-25.pdf,54,N42000007,DEPARTMENT OF HIGHER EDUCATION,ANDHRA PRADESH
QPISR_4th_QTR_2024-25.pdf,54,N16000235,PETROLEUM,ANDHRA PRADESH
QPISR_4th_QTR_2024-25.pdf,54,N16000247,PETROLEUM,ANDHRA PRADESH
QPISR_4th_QTR_2024-25.pdf,54,N16000343,PETROLEUM,ANDHRA PRADESH
QPISR_4th_QTR_2024-25.pdf,54,N16000378,PETROLEUM,ANDHRA PRADESH
QPISR_4th_QTR_2024-25.pdf,54,N16000432,PETROLEUM,ANDHRA PRADESH
QPISR_4th_QTR_2024-25.pdf,54,N16000485,PETROLEUM,ANDHRA PRADESH
QPISR_4th_QTR_2024-25.pdf,54,N16000499,PETROLEUM,ANDHRA PRADESH
QPISR_4th_QTR_2024-25.pdf,55,N16000535,PETROLEUM,ANDHRA PRADESH
QPISR_4th_QTR_2024-25.pdf,55,N16000538,PETROLEUM,ANDHRA PRADESH
QPISR_4th_QTR_2024-25.pdf,55,N16000539,PETROLEUM,ANDHRA PRADESH
QPISR_4th_QTR_2024-25.pdf,55,N18000380,POWER,ANDHRA PRADESH
QPISR_4th_QTR_2024-25.pdf,55,N18000395,POWER,ANDHRA PRADESH
QPISR_4th_QTR_2024-25.pdf,55,N22000286,POWER,ANDHRA PRADESH
QPISR_4th_QTR_2024-25.pdf,55,N22000368,POWER,ANDHRA PRADESH
QPISR_4th_QTR_2024-25.pdf,55,N22000369,POWER,ANDHRA PRADESH
QPISR_4th_QTR_2024-25.pdf,56,N22000377,POWER,ANDHRA PRADESH
QPISR_4th_QTR_2024-25.pdf,56,N22000555,POWER,ANDHRA PRADESH
QPISR_4th_QTR_2024-25.pdf,56,N22000556,POWER,ANDHRA PRADESH
QPISR_4th_QTR_2024-25.pdf,56,N22000585,POWER,ANDHRA PRADESH
QPISR_4th_QTR_2024-25.pdf,56,N22000586,POWER,ANDHRA PRADESH
QPISR_4th_QTR_2024-25.pdf,56,N22000587,POWER,ANDHRA PRADESH
QPISR_4th_QTR_2024-25.pdf,57,N24000937,ROAD TRANSPORT AND HIGHWAYS,ANDHRA PRADESH
QPISR_4th_QTR_2024-25.pdf,57,N24000964,ROAD TRANSPORT AND HIGHWAYS,ANDHRA PRADESH
QPISR_4th_QTR_2024-25.pdf,57,N24000969,ROAD TRANSPORT AND HIGHWAYS,ANDHRA PRADESH
QPISR_4th_QTR_2024-25.pdf,57,N24001301,ROAD TRANSPORT AND HIGHWAYS,ANDHRA PRADESH
QPISR_4th_QTR_2024-25.pdf,57,N24001386,ROAD TRANSPORT AND HIGHWAYS,ANDHRA PRADESH
QPISR_4th_QTR_2024-25.pdf,57,N24001476,ROAD TRANSPORT AND HIGHWAYS,ANDHRA PRADESH
QPISR_4th_QTR_2024-25.pdf,57,N24001477,ROAD TRANSPORT AND HIGHWAYS,ANDHRA PRADESH
QPISR_4th_QTR_2024-25.pdf,58,N24001817,ROAD TRANSPORT AND HIGHWAYS,ANDHRA PRADESH
QPISR_4th_QTR_2024-25.pdf,58,N24001818,ROAD TRANSPORT AND HIGHWAYS,ANDHRA PRADESH
QPISR_4th_QTR_2024-25.pdf,58,N24001819,ROAD TRANSPORT AND HIGHWAYS,ANDHRA PRADESH
QPISR_4th_QTR_2024-25.pdf,58,N24001820,ROAD TRANSPORT AND HIGHWAYS,ANDHRA PRADESH
QPISR_4th_QTR_2024-25.pdf,58,N24001821,ROAD TRANSPORT AND HIGHWAYS,ANDHRA PRADESH
QPISR_4th_QTR_2024-25.pdf,58,N24001822,ROAD TRANSPORT AND HIGHWAYS,ANDHRA PRADESH
QPISR_4th_QTR_2024-25.pdf,58,N24001823,ROAD TRANSPORT AND HIGHWAYS,ANDHRA PRADESH
QPISR_4th_QTR_2024-25.pdf,58,N24001824,ROAD TRANSPORT AND HIGHWAYS,ANDHRA PRADESH
QPISR_4th_QTR_2024-25.pdf,59,N24001836,ROAD TRANSPORT AND HIGHWAYS,ANDHRA PRADESH
QPISR_4th_QTR_2024-25.pdf,59,N24001837,ROAD TRANSPORT AND HIGHWAYS,ANDHRA PRADESH
QPISR_4th_QTR_2024-25.pdf,59,N24001838,ROAD TRANSPORT AND HIGHWAYS,ANDHRA PRADESH
QPISR_4th_QTR_2024-25.pdf,59,N24001841,ROAD TRANSPORT AND HIGHWAYS,ANDHRA PRADESH
QPISR_4th_QTR_2024-25.pdf,59,N24001842,ROAD TRANSPORT AND HIGHWAYS,ANDHRA PRADESH
QPISR_4th_QTR_2024-25.pdf,59,N24001843,ROAD TRANSPORT AND HIGHWAYS,ANDHRA PRADESH
QPISR_4th_QTR_2024-25.pdf,59,N24001844,ROAD TRANSPORT AND HIGHWAYS,ANDHRA PRADESH
QPISR_4th_QTR_2024-25.pdf,60,N24001845,ROAD TRANSPORT AND HIGHWAYS,ANDHRA PRADESH
QPISR_4th_QTR_2024-25.pdf,60,N24001846,ROAD TRANSPORT AND HIGHWAYS,ANDHRA PRADESH
QPISR_4th_QTR_2024-25.pdf,60,N24001847,ROAD TRANSPORT AND HIGHWAYS,ANDHRA PRADESH
QPISR_4th_QTR_2024-25.pdf,60,N24001848,ROAD TRANSPORT AND HIGHWAYS,ANDHRA PRADESH
QPISR_4th_QTR_2024-25.pdf,60,N24001849,ROAD TRANSPORT AND HIGHWAYS,ANDHRA PRADESH
QPISR_4th_QTR_2024-25.pdf,60,N24001856,ROAD TRANSPORT AND HIGHWAYS,ANDHRA PRADESH
QPISR_4th_QTR_2024-25.pdf,61,N24001933,ROAD TRANSPORT AND HIGHWAYS,ANDHRA PRADESH
QPISR_4th_QTR_2024-25.pdf,64,N24001988,ROAD TRANSPORT AND HIGHWAYS,ANDHRA PRADESH
QPISR_4th_QTR_2024-25.pdf,64,N24002033,ROAD TRANSPORT AND HIGHWAYS,ANDHRA PRADESH
QPISR_4th_QTR_2024-25.pdf,65,N24002139,ROAD TRANSPORT AND HIGHWAYS,ANDHRA PRADESH
QPISR_4th_QTR_2024-25.pdf,65,N24002140,ROAD TRANSPORT AND HIGHWAYS,ANDHRA PRADESH
QPISR_4th_QTR_2024-25.pdf,66,N24002147,ROAD TRANSPORT AND HIGHWAYS,ANDHRA PRADESH
QPISR_4th_QTR_2024-25.pdf,66,N24002148,ROAD TRANSPORT AND HIGHWAYS,ANDHRA PRADESH
QPISR_4th_QTR_2024-25.pdf,66,N24002149,ROAD TRANSPORT AND HIGHWAYS,ANDHRA PRADESH
QPISR_4th_QTR_2024-25.pdf,67,N24002215,ROAD TRANSPORT AND HIGHWAYS,ANDHRA PRADESH
QPISR_4th_QTR_2024-25.pdf,67,N24002217,ROAD TRANSPORT AND HIGHWAYS,ANDHRA PRADESH
QPISR_4th_QTR_2024-25.pdf,67,N30000002,WATER RESOURCES,ANDHRA PRADESH
QPISR_4th_QTR_2024-25.pdf,67,N04000092,CIVIL AVIATION,ARUNACHAL PRADESH
QPISR_4th_QTR_2024-25.pdf,67,N18000362,CIVIL AVIATION,ARUNACHAL PRADESH
QPISR_4th_QTR_2024-25.pdf,67,N24000685,ROAD TRANSPORT AND HIGHWAYS,ARUNACHAL PRADESH
QPISR_4th_QTR_2024-25.pdf,68,N24000948,ROAD TRANSPORT AND HIGHWAYS,ARUNACHAL PRADESH
QPISR_4th_QTR_2024-25.pdf,68,N24000979,ROAD TRANSPORT AND HIGHWAYS,ARUNACHAL PRADESH
QPISR_4th_QTR_2024-25.pdf,68,N24001244,ROAD TRANSPORT AND HIGHWAYS,ARUNACHAL PRADESH
QPISR_4th_QTR_2024-25.pdf,68,N24001245,ROAD TRANSPORT AND HIGHWAYS,ARUNACHAL PRADESH
QPISR_4th_QTR_2024-25.pdf,68,N24001291,ROAD TRANSPORT AND HIGHWAYS,ARUNACHAL PRADESH
QPISR_4th_QTR_2024-25.pdf,68,N24001292,ROAD TRANSPORT AND HIGHWAYS,ARUNACHAL PRADESH
QPISR_4th_QTR_2024-25.pdf,69,N24001293,ROAD TRANSPORT AND HIGHWAYS,ARUNACHAL PRADESH
QPISR_4th_QTR_2024-25.pdf,69,N24001297,ROAD TRANSPORT AND HIGHWAYS,ARUNACHAL PRADESH
QPISR_4th_QTR_2024-25.pdf,69,N24001372,ROAD TRANSPORT AND HIGHWAYS,ARUNACHAL PRADESH
QPISR_4th_QTR_2024-25.pdf,69,N24001374,ROAD TRANSPORT AND HIGHWAYS,ARUNACHAL PRADESH
QPISR_4th_QTR_2024-25.pdf,70,N04000083,CIVIL AVIATION,ASSAM
QPISR_4th_QTR_2024-25.pdf,70,N06000290,COAL,ASSAM
QPISR_4th_QTR_2024-25.pdf,70,N06000291,COAL,ASSAM
QPISR_4th_QTR_2024-25.pdf,70,N21000027,HEALTH AND FAMILY WELFARE,ASSAM
QPISR_4th_QTR_2024-25.pdf,70,N16000331,PETROLEUM,ASSAM
QPISR_4th_QTR_2024-25.pdf,71,N16000379,PETROLEUM,ASSAM
QPISR_4th_QTR_2024-25.pdf,71,N16000394,PETROLEUM,ASSAM
QPISR_4th_QTR_2024-25.pdf,71,N16000414,PETROLEUM,ASSAM
QPISR_4th_QTR_2024-25.pdf,71,N16000441,PETROLEUM,ASSAM
QPISR_4th_QTR_2024-25.pdf,71,N16000449,PETROLEUM,ASSAM
QPISR_4th_QTR_2024-25.pdf,71,N16000450,PETROLEUM,ASSAM
QPISR_4th_QTR_2024-25.pdf,71,N16000457,PETROLEUM,ASSAM
QPISR_4th_QTR_2024-25.pdf,72,N16000484,PETROLEUM,ASSAM
QPISR_4th_QTR_2024-25.pdf,72,N16000494,PETROLEUM,ASSAM
QPISR_4th_QTR_2024-25.pdf,72,N16000510,PETROLEUM,ASSAM
QPISR_4th_QTR_2024-25.pdf,72,N16000511,PETROLEUM,ASSAM
QPISR_4th_QTR_2024-25.pdf,72,N16000528,PETROLEUM,ASSAM
QPISR_4th_QTR_2024-25.pdf,72,N16000532,PETROLEUM,ASSAM
QPISR_4th_QTR_2024-25.pdf,72,N22000388,RAILWAYS,ASSAM
QPISR_4th_QTR_2024-25.pdf,73,N24001246,ROAD TRANSPORT AND HIGHWAYS,ASSAM
QPISR_4th_QTR_2024-25.pdf,73,N24001248,ROAD TRANSPORT AND HIGHWAYS,ASSAM
QPISR_4th_QTR_2024-25.pdf,74,N24001366,ROAD TRANSPORT AND HIGHWAYS,ASSAM
QPISR_4th_QTR_2024-25.pdf,74,N24001432,ROAD TRANSPORT AND HIGHWAYS,ASSAM
QPISR_4th_QTR_2024-25.pdf,74,N24001450,ROAD TRANSPORT AND HIGHWAYS,ASSAM
QPISR_4th_QTR_2024-25.pdf,75,N24001451,ROAD TRANSPORT AND HIGHWAYS,ASSAM
QPISR_4th_QTR_2024-25.pdf,75,N24001537,ROAD TRANSPORT AND HIGHWAYS,ASSAM
QPISR_4th_QTR_2024-25.pdf,76,N24001840,ROAD TRANSPORT AND HIGHWAYS,ASSAM
QPISR_4th_QTR_2024-25.pdf,76,N24001969,ROAD TRANSPORT AND HIGHWAYS,ASSAM
QPISR_4th_QTR_2024-25.pdf,76,N24001970,ROAD TRANSPORT AND HIGHWAYS,ASSAM
QPISR_4th_QTR_2024-25.pdf,76,N24001971,ROAD TRANSPORT AND HIGHWAYS,ASSAM
QPISR_4th_QTR_2024-25.pdf,76,N24001972,ROAD TRANSPORT AND HIGHWAYS,ASSAM
QPISR_4th_QTR_2024-25.pdf,76,N24001973,ROAD TRANSPORT AND HIGHWAYS,ASSAM
QPISR_4th_QTR_2024-25.pdf,76,N24002021,ROAD TRANSPORT AND HIGHWAYS,ASSAM
QPISR_4th_QTR_2024-25.pdf,77,N24002022,ROAD TRANSPORT AND HIGHWAYS,ASSAM
QPISR_4th_QTR_2024-25.pdf,77,N24002023,ROAD TRANSPORT AND HIGHWAYS,ASSAM
QPISR_4th_QTR_2024-25.pdf,77,N24002024,ROAD TRANSPORT AND HIGHWAYS,ASSAM
QPISR_4th_QTR_2024-25.pdf,78,N24002154,ROAD TRANSPORT AND HIGHWAYS,ASSAM
QPISR_4th_QTR_2024-25.pdf,78,N24002155,ROAD TRANSPORT AND HIGHWAYS,ASSAM
QPISR_4th_QTR_2024-25.pdf,78,N24002225,ROAD TRANSPORT AND HIGHWAYS,ASSAM
QPISR_4th_QTR_2024-25.pdf,78,N24002226,ROAD TRANSPORT AND HIGHWAYS,ASSAM
QPISR_4th_QTR_2024-25.pdf,78,N04000082,CIVIL AVIATION,BIHAR
QPISR_4th_QTR_2024-25.pdf,78,N04000112,CIVIL AVIATION,BIHAR
QPISR_4th_QTR_2024-25.pdf,79,N28000100,DEPARTMENT OF HIGHER EDUCATION,BIHAR
QPISR_4th_QTR_2024-25.pdf,79,N42000009,DEPARTMENT OF HIGHER EDUCATION,BIHAR
QPISR_4th_QTR_2024-25.pdf,79,N16000386,PETROLEUM,BIHAR
QPISR_4th_QTR_2024-25.pdf,79,N16000423,PETROLEUM,BIHAR
QPISR_4th_QTR_2024-25.pdf,79,N16000453,PETROLEUM,BIHAR
QPISR_4th_QTR_2024-25.pdf,79,N16000523,PETROLEUM,BIHAR
QPISR_4th_QTR_2024-25.pdf,79,N16000524,PETROLEUM,BIHAR
QPISR_4th_QTR_2024-25.pdf,80,N18000194,PETROLEUM,BIHAR
QPISR_4th_QTR_2024-25.pdf,80,N22000087,PETROLEUM,BIHAR
QPISR_4th_QTR_2024-25.pdf,80,N22000171,PETROLEUM,BIHAR
QPISR_4th_QTR_2024-25.pdf,80,N22000177,PETROLEUM,BIHAR
QPISR_4th_QTR_2024-25.pdf,80,N22000181,PETROLEUM,BIHAR
QPISR_4th_QTR_2024-25.pdf,80,N22000329,PETROLEUM,BIHAR
QPISR_4th_QTR_2024-25.pdf,80,N22000349,PETROLEUM,BIHAR
QPISR_4th_QTR_2024-25.pdf,81,N22000350,PETROLEUM,BIHAR
QPISR_4th_QTR_2024-25.pdf,81,N22000472,PETROLEUM,BIHAR
QPISR_4th_QTR_2024-25.pdf,81,N22000473,PETROLEUM,BIHAR
QPISR_4th_QTR_2024-25.pdf,81,N22000476,PETROLEUM,BIHAR
QPISR_4th_QTR_2024-25.pdf,81,N22000523,PETROLEUM,BIHAR
QPISR_4th_QTR_2024-25.pdf,81,N22000524,PETROLEUM,BIHAR
QPISR_4th_QTR_2024-25.pdf,81,N22000526,PETROLEUM,BIHAR
QPISR_4th_QTR_2024-25.pdf,81,N22000528,PETROLEUM,BIHAR
QPISR_4th_QTR_2024-25.pdf,82,N22000570,PETROLEUM,BIHAR
QPISR_4th_QTR_2024-25.pdf,82,N24000165,ROAD TRANSPORT AND HIGHWAYS,BIHAR
QPISR_4th_QTR_2024-25.pdf,82,N24000187,ROAD TRANSPORT AND HIGHWAYS,BIHAR
QPISR_4th_QTR_2024-25.pdf,82,N24000382,ROAD TRANSPORT AND HIGHWAYS,BIHAR
QPISR_4th_QTR_2024-25.pdf,82,N24000473,ROAD TRANSPORT AND HIGHWAYS,BIHAR
QPISR_4th_QTR_2024-25.pdf,82,N24000480,ROAD TRANSPORT AND HIGHWAYS,BIHAR
QPISR_4th_QTR_2024-25.pdf,82,N24000507,ROAD TRANSPORT AND HIGHWAYS,BIHAR
QPISR_4th_QTR_2024-25.pdf,83,N24000576,ROAD TRANSPORT AND HIGHWAYS,BIHAR
QPISR_4th_QTR_2024-25.pdf,83,N24000578,ROAD TRANSPORT AND HIGHWAYS,BIHAR
QPISR_4th_QTR_2024-25.pdf,83,N24000579,ROAD TRANSPORT AND HIGHWAYS,BIHAR
QPISR_4th_QTR_2024-25.pdf,83,N24000665,ROAD TRANSPORT AND HIGHWAYS,BIHAR
QPISR_4th_QTR_2024-25.pdf,83,N24000696,ROAD TRANSPORT AND HIGHWAYS,BIHAR
QPISR_4th_QTR_2024-25.pdf,83,N24000714,ROAD TRANSPORT AND HIGHWAYS,BIHAR
QPISR_4th_QTR_2024-25.pdf,83,N24000723,ROAD TRANSPORT AND HIGHWAYS,BIHAR
QPISR_4th_QTR_2024-25.pdf,84,N24000724,ROAD TRANSPORT AND HIGHWAYS,BIHAR
QPISR_4th_QTR_2024-25.pdf,84,N24001303,ROAD TRANSPORT AND HIGHWAYS,BIHAR
QPISR_4th_QTR_2024-25.pdf,84,N24001304,ROAD TRANSPORT AND HIGHWAYS,BIHAR
QPISR_4th_QTR_2024-25.pdf,84,N24001305,ROAD TRANSPORT AND HIGHWAYS,BIHAR
QPISR_4th_QTR_2024-25.pdf,85,N24001371,ROAD TRANSPORT AND HIGHWAYS,BIHAR
QPISR_4th_QTR_2024-25.pdf,85,N24001697,ROAD TRANSPORT AND HIGHWAYS,BIHAR
QPISR_4th_QTR_2024-25.pdf,85,N24001698,ROAD TRANSPORT AND HIGHWAYS,BIHAR
QPISR_4th_QTR_2024-25.pdf,85,N24001699,ROAD TRANSPORT AND HIGHWAYS,BIHAR
QPISR_4th_QTR_2024-25.pdf,86,N24001705,ROAD TRANSPORT AND HIGHWAYS,BIHAR
QPISR_4th_QTR_2024-25.pdf,86,N24001708,ROAD TRANSPORT AND HIGHWAYS,BIHAR
QPISR_4th_QTR_2024-25.pdf,86,N24001709,ROAD TRANSPORT AND HIGHWAYS,BIHAR
QPISR_4th_QTR_2024-25.pdf,86,N24001711,ROAD TRANSPORT AND HIGHWAYS,BIHAR
QPISR_4th_QTR_2024-25.pdf,86,N24001712,ROAD TRANSPORT AND HIGHWAYS,BIHAR
QPISR_4th_QTR_2024-25.pdf,86,N24001715,ROAD TRANSPORT AND HIGHWAYS,BIHAR
QPISR_4th_QTR_2024-25.pdf,87,N24001870,ROAD TRANSPORT AND HIGHWAYS,BIHAR
QPISR_4th_QTR_2024-25.pdf,87,N24001875,ROAD TRANSPORT AND HIGHWAYS,BIHAR
QPISR_4th_QTR_2024-25.pdf,87,N24001876,ROAD TRANSPORT AND HIGHWAYS,BIHAR
QPISR_4th_QTR_2024-25.pdf,87,N24001877,ROAD TRANSPORT AND HIGHWAYS,BIHAR
QPISR_4th_QTR_2024-25.pdf,88,N24002066,ROAD TRANSPORT AND HIGHWAYS,BIHAR
QPISR_4th_QTR_2024-25.pdf,88,N24002133,ROAD TRANSPORT AND HIGHWAYS,BIHAR
QPISR_4th_QTR_2024-25.pdf,88,N24002193,ROAD TRANSPORT AND HIGHWAYS,BIHAR
QPISR_4th_QTR_2024-25.pdf,88,N24002194,ROAD TRANSPORT AND HIGHWAYS,BIHAR
QPISR_4th_QTR_2024-25.pdf,88,N24002195,ROAD TRANSPORT AND HIGHWAYS,BIHAR
QPISR_4th_QTR_2024-25.pdf,89,N24002196,ROAD TRANSPORT AND HIGHWAYS,BIHAR
QPISR_4th_QTR_2024-25.pdf,89,N24002197,ROAD TRANSPORT AND HIGHWAYS,BIHAR
QPISR_4th_QTR_2024-25.pdf,89,N24002198,ROAD TRANSPORT AND HIGHWAYS,BIHAR
QPISR_4th_QTR_2024-25.pdf,89,N24002220,ROAD TRANSPORT AND HIGHWAYS,BIHAR
QPISR_4th_QTR_2024-25.pdf,89,N24002221,ROAD TRANSPORT AND HIGHWAYS,BIHAR
QPISR_4th_QTR_2024-25.pdf,90,N30000028,WATER RESOURCES,BIHAR
QPISR_4th_QTR_2024-25.pdf,90,N30000037,WATER RESOURCES,BIHAR
QPISR_4th_QTR_2024-25.pdf,90,N30000040,WATER RESOURCES,BIHAR
QPISR_4th_QTR_2024-25.pdf,90,N30000043,WATER RESOURCES,BIHAR
QPISR_4th_QTR_2024-25.pdf,90,N30000044,WATER RESOURCES,BIHAR
QPISR_4th_QTR_2024-25.pdf,90,N30000050,WATER RESOURCES,BIHAR
QPISR_4th_QTR_2024-25.pdf,91,N30000051,WATER RESOURCES,BIHAR
QPISR_4th_QTR_2024-25.pdf,91,N06000008,WATER RESOURCES,BIHAR
QPISR_4th_QTR_2024-25.pdf,91,N06000045,WATER RESOURCES,BIHAR
QPISR_4th_QTR_2024-25.pdf,91,N06000104,WATER RESOURCES,BIHAR
QPISR_4th_QTR_2024-25.pdf,91,N06000123,WATER RESOURCES,BIHAR
QPISR_4th_QTR_2024-25.pdf,91,N06000135,WATER RESOURCES,BIHAR
QPISR_4th_QTR_2024-25.pdf,91,N06000164,WATER RESOURCES,BIHAR
QPISR_4th_QTR_2024-25.pdf,91,N06000166,WATER RESOURCES,BIHAR
QPISR_4th_QTR_2024-25.pdf,92,N06000197,WATER RESOURCES,BIHAR
QPISR_4th_QTR_2024-25.pdf,92,N06000198,WATER RESOURCES,BIHAR
QPISR_4th_QTR_2024-25.pdf,92,N06000199,WATER RESOURCES,BIHAR
QPISR_4th_QTR_2024-25.pdf,92,N06000200,WATER RESOURCES,BIHAR
QPISR_4th_QTR_2024-25.pdf,92,N06000232,WATER RESOURCES,BIHAR
QPISR_4th_QTR_2024-25.pdf,92,N06000274,WATER RESOURCES,BIHAR
QPISR_4th_QTR_2024-25.pdf,92,N28000141,DEPARTMENT OF HIGHER EDUCATION,BIHAR
QPISR_4th_QTR_2024-25.pdf,92,N16000413,PETROLEUM,BIHAR
QPISR_4th_QTR_2024-25.pdf,92,N18000350,POWER,BIHAR
QPISR_4th_QTR_2024-25.pdf,93,N18000354,POWER,BIHAR
QPISR_4th_QTR_2024-25.pdf,93,N18000355,POWER,BIHAR
QPISR_4th_QTR_2024-25.pdf,93,N18000381,POWER,BIHAR
QPISR_4th_QTR_2024-25.pdf,93,N22000318,RAILWAYS,BIHAR
QPISR_4th_QTR_2024-25.pdf,93,N22000484,RAILWAYS,BIHAR
QPISR_4th_QTR_2024-25.pdf,93,N22000489,RAILWAYS,BIHAR
QPISR_4th_QTR_2024-25.pdf,93,N22000572,RAILWAYS,BIHAR
QPISR_4th_QTR_2024-25.pdf,93,N22000573,RAILWAYS,BIHAR
QPISR_4th_QTR_2024-25.pdf,94,N22000574,RAILWAYS,BIHAR
QPISR_4th_QTR_2024-25.pdf,94,N22000575,RAILWAYS,BIHAR
QPISR_4th_QTR_2024-25.pdf,94,N22000576,RAILWAYS,BIHAR
QPISR_4th_QTR_2024-25.pdf,94,N22000577,RAILWAYS,BIHAR
QPISR_4th_QTR_2024-25.pdf,94,N22000579,RAILWAYS,BIHAR
QPISR_4th_QTR_2024-25.pdf,94,N22000580,RAILWAYS,BIHAR
QPISR_4th_QTR_2024-25.pdf,94,N22000602,RAILWAYS,BIHAR
QPISR_4th_QTR_2024-25.pdf,94,N22000616,RAILWAYS,BIHAR
QPISR_4th_QTR_2024-25.pdf,95,N24001588,ROAD TRANSPORT AND HIGHWAYS,BIHAR
QPISR_4th_QTR_2024-25.pdf,96,N24001917,ROAD TRANSPORT AND HIGHWAYS,BIHAR
QPISR_4th_QTR_2024-25.pdf,96,N24001919,ROAD TRANSPORT AND HIGHWAYS,BIHAR
QPISR_4th_QTR_2024-25.pdf,96,N24001920,ROAD TRANSPORT AND HIGHWAYS,BIHAR
QPISR_4th_QTR_2024-25.pdf,96,N24002017,ROAD TRANSPORT AND HIGHWAYS,BIHAR
QPISR_4th_QTR_2024-25.pdf,96,N24002045,ROAD TRANSPORT AND HIGHWAYS,BIHAR
QPISR_4th_QTR_2024-25.pdf,96,N24002046,ROAD TRANSPORT AND HIGHWAYS,BIHAR
QPISR_4th_QTR_2024-25.pdf,98,N24001773,ROAD TRANSPORT AND HIGHWAYS,DELHI
QPISR_4th_QTR_2024-25.pdf,99,N24001778,ROAD TRANSPORT AND HIGHWAYS,DELHI
QPISR_4th_QTR_2024-25.pdf,99,N28000128,URBAN DEVELOPMENT,DELHI
QPISR_4th_QTR_2024-25.pdf,100,N28000129,URBAN DEVELOPMENT,DELHI
QPISR_4th_QTR_2024-25.pdf,100,N28000135,URBAN DEVELOPMENT,DELHI
QPISR_4th_QTR_2024-25.pdf,100,N28000153,URBAN DEVELOPMENT,DELHI
QPISR_4th_QTR_2024-25.pdf,100,N28000156,URBAN DEVELOPMENT,DELHI
QPISR_4th_QTR_2024-25.pdf,100,N30000014,WATER RESOURCES,DELHI
QPISR_4th_QTR_2024-25.pdf,100,N30000015,WATER RESOURCES,DELHI
QPISR_4th_QTR_2024-25.pdf,100,N30000016,WATER RESOURCES,DELHI
QPISR_4th_QTR_2024-25.pdf,100,N30000017,WATER RESOURCES,DELHI
QPISR_4th_QTR_2024-25.pdf,101,N04000095,CIVIL AVIATION,GOA
QPISR_4th_QTR_2024-25.pdf,101,N42000002,DEPARTMENT OF HIGHER EDUCATION,GOA
QPISR_4th_QTR_2024-25.pdf,101,N16000502,PETROLEUM,GOA
QPISR_4th_QTR_2024-25.pdf,101,N24002181,ROAD TRANSPORT AND HIGHWAYS,GOA
QPISR_4th_QTR_2024-25.pdf,101,N04000088,CIVIL AVIATION,GUJARAT
QPISR_4th_QTR_2024-25.pdf,101,N04000093,CIVIL AVIATION,GUJARAT
QPISR_4th_QTR_2024-25.pdf,101,N04000099,CIVIL AVIATION,GUJARAT
QPISR_4th_QTR_2024-25.pdf,102,N16000428,PETROLEUM,GUJARAT
QPISR_4th_QTR_2024-25.pdf,102,N16000431,PETROLEUM,GUJARAT
QPISR_4th_QTR_2024-25.pdf,102,N16000444,PETROLEUM,GUJARAT
QPISR_4th_QTR_2024-25.pdf,102,N16000454,PETROLEUM,GUJARAT
QPISR_4th_QTR_2024-25.pdf,102,N16000477,PETROLEUM,GUJARAT
QPISR_4th_QTR_2024-25.pdf,103,N16000481,PETROLEUM,GUJARAT
QPISR_4th_QTR_2024-25.pdf,103,N16000483,PETROLEUM,GUJARAT
QPISR_4th_QTR_2024-25.pdf,103,N16000514,PETROLEUM,GUJARAT
QPISR_4th_QTR_2024-25.pdf,103,N18000295,POWER,GUJARAT
QPISR_4th_QTR_2024-25.pdf,104,N18000360,POWER,GUJARAT
QPISR_4th_QTR_2024-25.pdf,104,N18000361,POWER,GUJARAT
QPISR_4th_QTR_2024-25.pdf,104,N18000365,POWER,GUJARAT
QPISR_4th_QTR_2024-25.pdf,104,N18000366,POWER,GUJARAT
QPISR_4th_QTR_2024-25.pdf,105,N18000383,POWER,GUJARAT
QPISR_4th_QTR_2024-25.pdf,105,N18000384,POWER,GUJARAT
QPISR_4th_QTR_2024-25.pdf,105,N18000390,POWER,GUJARAT
QPISR_4th_QTR_2024-25.pdf,105,N18000398,POWER,GUJARAT
QPISR_4th_QTR_2024-25.pdf,105,N18000400,POWER,GUJARAT
QPISR_4th_QTR_2024-25.pdf,105,N18000402,POWER,GUJARAT
QPISR_4th_QTR_2024-25.pdf,105,N18000405,POWER,GUJARAT
QPISR_4th_QTR_2024-25.pdf,106,N22000532,RAILWAYS,GUJARAT
QPISR_4th_QTR_2024-25.pdf,106,N22000533,RAILWAYS,GUJARAT
QPISR_4th_QTR_2024-25.pdf,106,N22000535,RAILWAYS,GUJARAT
QPISR_4th_QTR_2024-25.pdf,106,N22000537,RAILWAYS,GUJARAT
QPISR_4th_QTR_2024-25.pdf,107,N22000538,RAILWAYS,GUJARAT
QPISR_4th_QTR_2024-25.pdf,107,N22000539,RAILWAYS,GUJARAT
QPISR_4th_QTR_2024-25.pdf,107,N22000540,RAILWAYS,GUJARAT
QPISR_4th_QTR_2024-25.pdf,107,N22000541,RAILWAYS,GUJARAT
QPISR_4th_QTR_2024-25.pdf,107,N22000547,RAILWAYS,GUJARAT
QPISR_4th_QTR_2024-25.pdf,107,N22000548,RAILWAYS,GUJARAT
QPISR_4th_QTR_2024-25.pdf,107,N22000550,RAILWAYS,GUJARAT
QPISR_4th_QTR_2024-25.pdf,107,N22000551,RAILWAYS,GUJARAT
QPISR_4th_QTR_2024-25.pdf,107,N22000592,RAILWAYS,GUJARAT
QPISR_4th_QTR_2024-25.pdf,108,N22000600,RAILWAYS,GUJARAT
QPISR_4th_QTR_2024-25.pdf,108,N22000622,RAILWAYS,GUJARAT
QPISR_4th_QTR_2024-25.pdf,108,N24000570,ROAD TRANSPORT AND HIGHWAYS,GUJARAT
QPISR_4th_QTR_2024-25.pdf,108,N24000592,ROAD TRANSPORT AND HIGHWAYS,GUJARAT
QPISR_4th_QTR_2024-25.pdf,108,N24000649,ROAD TRANSPORT AND HIGHWAYS,GUJARAT
QPISR_4th_QTR_2024-25.pdf,108,N24000834,ROAD TRANSPORT AND HIGHWAYS,GUJARAT
QPISR_4th_QTR_2024-25.pdf,109,N24000925,ROAD TRANSPORT AND HIGHWAYS,GUJARAT
QPISR_4th_QTR_2024-25.pdf,109,N24001427,ROAD TRANSPORT AND HIGHWAYS,GUJARAT
QPISR_4th_QTR_2024-25.pdf,109,N24001445,ROAD TRANSPORT AND HIGHWAYS,GUJARAT
QPISR_4th_QTR_2024-25.pdf,109,N24001446,ROAD TRANSPORT AND HIGHWAYS,GUJARAT
QPISR_4th_QTR_2024-25.pdf,109,N24001515,ROAD TRANSPORT AND HIGHWAYS,GUJARAT
QPISR_4th_QTR_2024-25.pdf,110,N24001516,ROAD TRANSPORT AND HIGHWAYS,GUJARAT
QPISR_4th_QTR_2024-25.pdf,110,N24001518,ROAD TRANSPORT AND HIGHWAYS,GUJARAT
QPISR_4th_QTR_2024-25.pdf,110,N24001519,ROAD TRANSPORT AND HIGHWAYS,GUJARAT
QPISR_4th_QTR_2024-25.pdf,110,N24001520,ROAD TRANSPORT AND HIGHWAYS,GUJARAT
QPISR_4th_QTR_2024-25.pdf,110,N24001788,ROAD TRANSPORT AND HIGHWAYS,GUJARAT
QPISR_4th_QTR_2024-25.pdf,111,N24001789,ROAD TRANSPORT AND HIGHWAYS,GUJARAT
QPISR_4th_QTR_2024-25.pdf,111,N24001790,ROAD TRANSPORT AND HIGHWAYS,GUJARAT
QPISR_4th_QTR_2024-25.pdf,111,N24001791,ROAD TRANSPORT AND HIGHWAYS,GUJARAT
QPISR_4th_QTR_2024-25.pdf,111,N24001792,ROAD TRANSPORT AND HIGHWAYS,GUJARAT
QPISR_4th_QTR_2024-25.pdf,111,N24001793,ROAD TRANSPORT AND HIGHWAYS,GUJARAT
QPISR_4th_QTR_2024-25.pdf,111,N24001794,ROAD TRANSPORT AND HIGHWAYS,GUJARAT
QPISR_4th_QTR_2024-25.pdf,111,N24001827,ROAD TRANSPORT AND HIGHWAYS,GUJARAT
QPISR_4th_QTR_2024-25.pdf,112,N24002034,ROAD TRANSPORT AND HIGHWAYS,GUJARAT
QPISR_4th_QTR_2024-25.pdf,112,N24002035,ROAD TRANSPORT AND HIGHWAYS,GUJARAT
QPISR_4th_QTR_2024-25.pdf,112,N24002117,ROAD TRANSPORT AND HIGHWAYS,GUJARAT
QPISR_4th_QTR_2024-25.pdf,113,N28000122,URBAN DEVELOPMENT,GUJARAT
QPISR_4th_QTR_2024-25.pdf,113,N28000137,URBAN DEVELOPMENT,GUJARAT
QPISR_4th_QTR_2024-25.pdf,113,N28000138,URBAN DEVELOPMENT,GUJARAT
QPISR_4th_QTR_2024-25.pdf,113,N21000032,HEALTH AND FAMILY WELFARE,HARYANA
QPISR_4th_QTR_2024-25.pdf,113,N28000147,HOME AFFAIRS,HARYANA
QPISR_4th_QTR_2024-25.pdf,113,N16000375,PETROLEUM,HARYANA
QPISR_4th_QTR_2024-25.pdf,113,N16000412,PETROLEUM,HARYANA
QPISR_4th_QTR_2024-25.pdf,113,N16000458,PETROLEUM,HARYANA
QPISR_4th_QTR_2024-25.pdf,113,N22000604,RAILWAYS,HARYANA
QPISR_4th_QTR_2024-25.pdf,114,N22000606,RAILWAYS,HARYANA
QPISR_4th_QTR_2024-25.pdf,114,N24000835,ROAD TRANSPORT AND HIGHWAYS,HARYANA
QPISR_4th_QTR_2024-25.pdf,114,N24001532,ROAD TRANSPORT AND HIGHWAYS,HARYANA
QPISR_4th_QTR_2024-25.pdf,114,N24001533,ROAD TRANSPORT AND HIGHWAYS,HARYANA
QPISR_4th_QTR_2024-25.pdf,114,N24001534,ROAD TRANSPORT AND HIGHWAYS,HARYANA
QPISR_4th_QTR_2024-25.pdf,114,N24001535,ROAD TRANSPORT AND HIGHWAYS,HARYANA
QPISR_4th_QTR_2024-25.pdf,114,N24001536,ROAD TRANSPORT AND HIGHWAYS,HARYANA
QPISR_4th_QTR_2024-25.pdf,114,N24001633,ROAD TRANSPORT AND HIGHWAYS,HARYANA
QPISR_4th_QTR_2024-25.pdf,115,N24001634,ROAD TRANSPORT AND HIGHWAYS,HARYANA
QPISR_4th_QTR_2024-25.pdf,115,N24001775,ROAD TRANSPORT AND HIGHWAYS,HARYANA
QPISR_4th_QTR_2024-25.pdf,115,N24001780,ROAD TRANSPORT AND HIGHWAYS,HARYANA
QPISR_4th_QTR_2024-25.pdf,115,N24001783,ROAD TRANSPORT AND HIGHWAYS,HARYANA
QPISR_4th_QTR_2024-25.pdf,116,N24002037,ROAD TRANSPORT AND HIGHWAYS,HARYANA
QPISR_4th_QTR_2024-25.pdf,116,N24002038,ROAD TRANSPORT AND HIGHWAYS,HARYANA
QPISR_4th_QTR_2024-25.pdf,116,N24002039,ROAD TRANSPORT AND HIGHWAYS,HARYANA
QPISR_4th_QTR_2024-25.pdf,116,N24002040,ROAD TRANSPORT AND HIGHWAYS,HARYANA
QPISR_4th_QTR_2024-25.pdf,116,N24002041,ROAD TRANSPORT AND HIGHWAYS,HARYANA
QPISR_4th_QTR_2024-25.pdf,116,N24002042,ROAD TRANSPORT AND HIGHWAYS,HARYANA
QPISR_4th_QTR_2024-25.pdf,116,N24002043,ROAD TRANSPORT AND HIGHWAYS,HARYANA
QPISR_4th_QTR_2024-25.pdf,117,N24002044,ROAD TRANSPORT AND HIGHWAYS,HARYANA
QPISR_4th_QTR_2024-25.pdf,117,N24002048,ROAD TRANSPORT AND HIGHWAYS,HARYANA
QPISR_4th_QTR_2024-25.pdf,117,N42000008,DEPARTMENT OF HIGHER EDUCATION,HIMACHAL PRADESH
QPISR_4th_QTR_2024-25.pdf,117,N42000011,DEPARTMENT OF HIGHER EDUCATION,HIMACHAL PRADESH
QPISR_4th_QTR_2024-25.pdf,117,N18000279,DEPARTMENT OF HIGHER EDUCATION,HIMACHAL PRADESH
QPISR_4th_QTR_2024-25.pdf,117,N18000291,DEPARTMENT OF HIGHER EDUCATION,HIMACHAL PRADESH
QPISR_4th_QTR_2024-25.pdf,117,N18000344,DEPARTMENT OF HIGHER EDUCATION,HIMACHAL PRADESH
QPISR_4th_QTR_2024-25.pdf,118,N22000273,RAILWAYS,HIMACHAL PRADESH
QPISR_4th_QTR_2024-25.pdf,118,N24000232,ROAD TRANSPORT AND HIGHWAYS,HIMACHAL PRADESH
QPISR_4th_QTR_2024-25.pdf,118,N24000606,ROAD TRANSPORT AND HIGHWAYS,HIMACHAL PRADESH
QPISR_4th_QTR_2024-25.pdf,118,N24000613,ROAD TRANSPORT AND HIGHWAYS,HIMACHAL PRADESH
QPISR_4th_QTR_2024-25.pdf,118,N24000852,ROAD TRANSPORT AND HIGHWAYS,HIMACHAL PRADESH
QPISR_4th_QTR_2024-25.pdf,118,N24001381,ROAD TRANSPORT AND HIGHWAYS,HIMACHAL PRADESH
QPISR_4th_QTR_2024-25.pdf,118,N24001382,ROAD TRANSPORT AND HIGHWAYS,HIMACHAL PRADESH
QPISR_4th_QTR_2024-25.pdf,119,N24001383,ROAD TRANSPORT AND HIGHWAYS,HIMACHAL PRADESH
QPISR_4th_QTR_2024-25.pdf,119,N24001422,ROAD TRANSPORT AND HIGHWAYS,HIMACHAL PRADESH
QPISR_4th_QTR_2024-25.pdf,119,N24001447,ROAD TRANSPORT AND HIGHWAYS,HIMACHAL PRADESH
QPISR_4th_QTR_2024-25.pdf,119,N24001470,ROAD TRANSPORT AND HIGHWAYS,HIMACHAL PRADESH
QPISR_4th_QTR_2024-25.pdf,119,N24001810,ROAD TRANSPORT AND HIGHWAYS,HIMACHAL PRADESH
QPISR_4th_QTR_2024-25.pdf,120,N24001811,ROAD TRANSPORT AND HIGHWAYS,HIMACHAL PRADESH
QPISR_4th_QTR_2024-25.pdf,120,N24001812,ROAD TRANSPORT AND HIGHWAYS,HIMACHAL PRADESH
QPISR_4th_QTR_2024-25.pdf,120,N24001813,ROAD TRANSPORT AND HIGHWAYS,HIMACHAL PRADESH
QPISR_4th_QTR_2024-25.pdf,120,N24001915,ROAD TRANSPORT AND HIGHWAYS,HIMACHAL PRADESH
QPISR_4th_QTR_2024-25.pdf,120,N24001916,ROAD TRANSPORT AND HIGHWAYS,HIMACHAL PRADESH
QPISR_4th_QTR_2024-25.pdf,121,N24002051,ROAD TRANSPORT AND HIGHWAYS,HIMACHAL PRADESH
QPISR_4th_QTR_2024-25.pdf,121,N24002052,ROAD TRANSPORT AND HIGHWAYS,HIMACHAL PRADESH
QPISR_4th_QTR_2024-25.pdf,121,N24002192,ROAD TRANSPORT AND HIGHWAYS,HIMACHAL PRADESH
QPISR_4th_QTR_2024-25.pdf,121,N28000154,URBAN DEVELOPMENT,HIMACHAL PRADESH
QPISR_4th_QTR_2024-25.pdf,121,N04000107,CIVIL AVIATION,JAMMU AND KASHMIR
QPISR_4th_QTR_2024-25.pdf,121,N28000130,DEPARTMENT OF HIGHER EDUCATION,JAMMU AND KASHMIR
QPISR_4th_QTR_2024-25.pdf,121,N28000131,DEPARTMENT OF HIGHER EDUCATION,JAMMU AND KASHMIR
QPISR_4th_QTR_2024-25.pdf,122,N21000029,HEALTH AND FAMILY WELFARE,JAMMU AND KASHMIR
QPISR_4th_QTR_2024-25.pdf,122,N28000150,HEALTH AND FAMILY WELFARE,JAMMU AND KASHMIR
QPISR_4th_QTR_2024-25.pdf,122,N16000500,PETROLEUM,JAMMU AND KASHMIR
QPISR_4th_QTR_2024-25.pdf,122,N16000527,PETROLEUM,JAMMU AND KASHMIR
QPISR_4th_QTR_2024-25.pdf,122,N18000172,POWER,JAMMU AND KASHMIR
QPISR_4th_QTR_2024-25.pdf,122,N18000278,POWER,JAMMU AND KASHMIR
QPISR_4th_QTR_2024-25.pdf,122,N18000324,POWER,JAMMU AND KASHMIR
QPISR_4th_QTR_2024-25.pdf,122,N18000363,POWER,JAMMU AND KASHMIR
QPISR_4th_QTR_2024-25.pdf,123,N24000471,ROAD TRANSPORT AND HIGHWAYS,JAMMU AND KASHMIR
QPISR_4th_QTR_2024-25.pdf,123,N24000488,ROAD TRANSPORT AND HIGHWAYS,JAMMU AND KASHMIR
QPISR_4th_QTR_2024-25.pdf,123,N24000717,ROAD TRANSPORT AND HIGHWAYS,JAMMU AND KASHMIR
QPISR_4th_QTR_2024-25.pdf,123,N24000868,ROAD TRANSPORT AND HIGHWAYS,JAMMU AND KASHMIR
QPISR_4th_QTR_2024-25.pdf,123,N24001256,ROAD TRANSPORT AND HIGHWAYS,JAMMU AND KASHMIR
QPISR_4th_QTR_2024-25.pdf,123,N24001264,ROAD TRANSPORT AND HIGHWAYS,JAMMU AND KASHMIR
QPISR_4th_QTR_2024-25.pdf,123,N24001266,ROAD TRANSPORT AND HIGHWAYS,JAMMU AND KASHMIR
QPISR_4th_QTR_2024-25.pdf,123,N24001323,ROAD TRANSPORT AND HIGHWAYS,JAMMU AND KASHMIR
QPISR_4th_QTR_2024-25.pdf,124,N24001341,ROAD TRANSPORT AND HIGHWAYS,JAMMU AND KASHMIR
QPISR_4th_QTR_2024-25.pdf,124,N24001342,ROAD TRANSPORT AND HIGHWAYS,JAMMU AND KASHMIR
QPISR_4th_QTR_2024-25.pdf,124,N24001394,ROAD TRANSPORT AND HIGHWAYS,JAMMU AND KASHMIR
QPISR_4th_QTR_2024-25.pdf,124,N24001395,ROAD TRANSPORT AND HIGHWAYS,JAMMU AND KASHMIR
QPISR_4th_QTR_2024-25.pdf,124,N24001396,ROAD TRANSPORT AND HIGHWAYS,JAMMU AND KASHMIR
QPISR_4th_QTR_2024-25.pdf,124,N24001397,ROAD TRANSPORT AND HIGHWAYS,JAMMU AND KASHMIR
QPISR_4th_QTR_2024-25.pdf,124,N24001472,ROAD TRANSPORT AND HIGHWAYS,JAMMU AND KASHMIR
QPISR_4th_QTR_2024-25.pdf,124,N24001511,ROAD TRANSPORT AND HIGHWAYS,JAMMU AND KASHMIR
QPISR_4th_QTR_2024-25.pdf,124,N24001543,ROAD TRANSPORT AND HIGHWAYS,JAMMU AND KASHMIR
QPISR_4th_QTR_2024-25.pdf,125,N24001550,ROAD TRANSPORT AND HIGHWAYS,JAMMU AND KASHMIR
QPISR_4th_QTR_2024-25.pdf,125,N24001551,ROAD TRANSPORT AND HIGHWAYS,JAMMU AND KASHMIR
QPISR_4th_QTR_2024-25.pdf,125,N24001552,ROAD TRANSPORT AND HIGHWAYS,JAMMU AND KASHMIR
QPISR_4th_QTR_2024-25.pdf,125,N24001619,ROAD TRANSPORT AND HIGHWAYS,JAMMU AND KASHMIR
QPISR_4th_QTR_2024-25.pdf,125,N24001620,ROAD TRANSPORT AND HIGHWAYS,JAMMU AND KASHMIR
QPISR_4th_QTR_2024-25.pdf,125,N24001621,ROAD TRANSPORT AND HIGHWAYS,JAMMU AND KASHMIR
QPISR_4th_QTR_2024-25.pdf,125,N24001622,ROAD TRANSPORT AND HIGHWAYS,JAMMU AND KASHMIR
QPISR_4th_QTR_2024-25.pdf,126,N24001623,ROAD TRANSPORT AND HIGHWAYS,JAMMU AND KASHMIR
QPISR_4th_QTR_2024-25.pdf,126,N24001624,ROAD TRANSPORT AND HIGHWAYS,JAMMU AND KASHMIR
QPISR_4th_QTR_2024-25.pdf,126,N24001627,ROAD TRANSPORT AND HIGHWAYS,JAMMU AND KASHMIR
QPISR_4th_QTR_2024-25.pdf,126,N24001833,ROAD TRANSPORT AND HIGHWAYS,JAMMU AND KASHMIR
QPISR_4th_QTR_2024-25.pdf,126,N24001897,ROAD TRANSPORT AND HIGHWAYS,JAMMU AND KASHMIR
QPISR_4th_QTR_2024-25.pdf,126,N24001898,ROAD TRANSPORT AND HIGHWAYS,JAMMU AND KASHMIR
QPISR_4th_QTR_2024-25.pdf,126,N24001899,ROAD TRANSPORT AND HIGHWAYS,JAMMU AND KASHMIR
QPISR_4th_QTR_2024-25.pdf,127,N24001900,ROAD TRANSPORT AND HIGHWAYS,JAMMU AND KASHMIR
QPISR_4th_QTR_2024-25.pdf,127,N24001901,ROAD TRANSPORT AND HIGHWAYS,JAMMU AND KASHMIR
QPISR_4th_QTR_2024-25.pdf,127,N24001926,ROAD TRANSPORT AND HIGHWAYS,JAMMU AND KASHMIR
QPISR_4th_QTR_2024-25.pdf,127,N24001998,ROAD TRANSPORT AND HIGHWAYS,JAMMU AND KASHMIR
QPISR_4th_QTR_2024-25.pdf,127,N24002059,ROAD TRANSPORT AND HIGHWAYS,JAMMU AND KASHMIR
QPISR_4th_QTR_2024-25.pdf,127,N24002060,ROAD TRANSPORT AND HIGHWAYS,JAMMU AND KASHMIR
QPISR_4th_QTR_2024-25.pdf,127,N24002061,ROAD TRANSPORT AND HIGHWAYS,JAMMU AND KASHMIR
QPISR_4th_QTR_2024-25.pdf,128,N24002119,ROAD TRANSPORT AND HIGHWAYS,JAMMU AND KASHMIR
QPISR_4th_QTR_2024-25.pdf,128,N24002179,ROAD TRANSPORT AND HIGHWAYS,JAMMU AND KASHMIR
QPISR_4th_QTR_2024-25.pdf,128,N24002180,ROAD TRANSPORT AND HIGHWAYS,JAMMU AND KASHMIR
QPISR_4th_QTR_2024-25.pdf,128,N24002185,ROAD TRANSPORT AND HIGHWAYS,JAMMU AND KASHMIR
QPISR_4th_QTR_2024-25.pdf,128,N24002210,ROAD TRANSPORT AND HIGHWAYS,JAMMU AND KASHMIR
QPISR_4th_QTR_2024-25.pdf,128,N06000087,COAL,JHARKHAND
QPISR_4th_QTR_2024-25.pdf,128,N06000096,COAL,JHARKHAND
QPISR_4th_QTR_2024-25.pdf,129,N06000098,COAL,JHARKHAND
QPISR_4th_QTR_2024-25.pdf,129,N06000126,COAL,JHARKHAND
QPISR_4th_QTR_2024-25.pdf,129,N06000169,COAL,JHARKHAND
QPISR_4th_QTR_2024-25.pdf,129,N06000186,COAL,JHARKHAND
QPISR_4th_QTR_2024-25.pdf,129,N06000193,COAL,JHARKHAND
QPISR_4th_QTR_2024-25.pdf,129,N06000194,COAL,JHARKHAND
QPISR_4th_QTR_2024-25.pdf,129,N06000216,COAL,JHARKHAND
QPISR_4th_QTR_2024-25.pdf,129,N06000217,COAL,JHARKHAND
QPISR_4th_QTR_2024-25.pdf,129,N06000218,COAL,JHARKHAND
QPISR_4th_QTR_2024-25.pdf,130,N06000237,COAL,JHARKHAND
QPISR_4th_QTR_2024-25.pdf,130,N06000238,COAL,JHARKHAND
QPISR_4th_QTR_2024-25.pdf,130,N06000239,COAL,JHARKHAND
QPISR_4th_QTR_2024-25.pdf,130,N06000240,COAL,JHARKHAND
QPISR_4th_QTR_2024-25.pdf,130,N06000241,COAL,JHARKHAND
QPISR_4th_QTR_2024-25.pdf,130,N06000242,COAL,JHARKHAND
QPISR_4th_QTR_2024-25.pdf,130,N06000243,COAL,JHARKHAND
QPISR_4th_QTR_2024-25.pdf,130,N06000245,COAL,JHARKHAND
QPISR_4th_QTR_2024-25.pdf,130,N06000246,COAL,JHARKHAND
QPISR_4th_QTR_2024-25.pdf,131,N06000247,COAL,JHARKHAND
QPISR_4th_QTR_2024-25.pdf,131,N06000273,COAL,JHARKHAND
QPISR_4th_QTR_2024-25.pdf,131,N06000275,COAL,JHARKHAND
QPISR_4th_QTR_2024-25.pdf,131,N06000280,COAL,JHARKHAND
QPISR_4th_QTR_2024-25.pdf,131,N06000287,COAL,JHARKHAND
QPISR_4th_QTR_2024-25.pdf,131,N16000239,PETROLEUM,JHARKHAND
QPISR_4th_QTR_2024-25.pdf,132,N16000497,PETROLEUM,JHARKHAND
QPISR_4th_QTR_2024-25.pdf,132,N18000177,POWER,JHARKHAND
QPISR_4th_QTR_2024-25.pdf,132,N18000275,POWER,JHARKHAND
QPISR_4th_QTR_2024-25.pdf,132,N18000367,POWER,JHARKHAND
QPISR_4th_QTR_2024-25.pdf,132,N18000370,POWER,JHARKHAND
QPISR_4th_QTR_2024-25.pdf,132,N22000396,POWER,JHARKHAND
QPISR_4th_QTR_2024-25.pdf,132,N22000508,POWER,JHARKHAND
QPISR_4th_QTR_2024-25.pdf,132,N22000529,POWER,JHARKHAND
QPISR_4th_QTR_2024-25.pdf,133,N22000595,POWER,JHARKHAND
QPISR_4th_QTR_2024-25.pdf,133,N22000599,POWER,JHARKHAND
QPISR_4th_QTR_2024-25.pdf,133,N22000610,POWER,JHARKHAND
QPISR_4th_QTR_2024-25.pdf,133,N22000611,POWER,JHARKHAND
QPISR_4th_QTR_2024-25.pdf,133,N24000726,ROAD TRANSPORT AND HIGHWAYS,JHARKHAND
QPISR_4th_QTR_2024-25.pdf,133,N24001216,ROAD TRANSPORT AND HIGHWAYS,JHARKHAND
QPISR_4th_QTR_2024-25.pdf,133,N24001589,ROAD TRANSPORT AND HIGHWAYS,JHARKHAND
QPISR_4th_QTR_2024-25.pdf,133,N24001590,ROAD TRANSPORT AND HIGHWAYS,JHARKHAND
QPISR_4th_QTR_2024-25.pdf,134,N24001594,ROAD TRANSPORT AND HIGHWAYS,JHARKHAND
QPISR_4th_QTR_2024-25.pdf,134,N24001595,ROAD TRANSPORT AND HIGHWAYS,JHARKHAND
QPISR_4th_QTR_2024-25.pdf,134,N24001596,ROAD TRANSPORT AND HIGHWAYS,JHARKHAND
QPISR_4th_QTR_2024-25.pdf,134,N24001854,ROAD TRANSPORT AND HIGHWAYS,JHARKHAND
QPISR_4th_QTR_2024-25.pdf,134,N24001922,ROAD TRANSPORT AND HIGHWAYS,JHARKHAND
QPISR_4th_QTR_2024-25.pdf,134,N24001923,ROAD TRANSPORT AND HIGHWAYS,JHARKHAND
QPISR_4th_QTR_2024-25.pdf,134,N24001924,ROAD TRANSPORT AND HIGHWAYS,JHARKHAND
QPISR_4th_QTR_2024-25.pdf,135,N24001925,ROAD TRANSPORT AND HIGHWAYS,JHARKHAND
QPISR_4th_QTR_2024-25.pdf,135,N24002053,ROAD TRANSPORT AND HIGHWAYS,JHARKHAND
QPISR_4th_QTR_2024-25.pdf,135,N24002054,ROAD TRANSPORT AND HIGHWAYS,JHARKHAND
QPISR_4th_QTR_2024-25.pdf,135,N24002055,ROAD TRANSPORT AND HIGHWAYS,JHARKHAND
QPISR_4th_QTR_2024-25.pdf,135,N24002056,ROAD TRANSPORT AND HIGHWAYS,JHARKHAND
QPISR_4th_QTR_2024-25.pdf,135,N24002057,ROAD TRANSPORT AND HIGHWAYS,JHARKHAND
QPISR_4th_QTR_2024-25.pdf,135,N12000095,STEEL,JHARKHAND
QPISR_4th_QTR_2024-25.pdf,135,N12000129,STEEL,JHARKHAND
QPISR_4th_QTR_2024-25.pdf,136,N12000133,STEEL,JHARKHAND
QPISR_4th_QTR_2024-25.pdf,136,N12000135,STEEL,JHARKHAND
QPISR_4th_QTR_2024-25.pdf,136,N04000105,CIVIL AVIATION,KARNATAKA
QPISR_4th_QTR_2024-25.pdf,136,N04000108,CIVIL AVIATION,KARNATAKA
QPISR_4th_QTR_2024-25.pdf,136,N42000006,DEPARTMENT OF HIGHER EDUCATION,KARNATAKA
QPISR_4th_QTR_2024-25.pdf,136,N42000010,DEPARTMENT OF HIGHER EDUCATION,KARNATAKA
QPISR_4th_QTR_2024-25.pdf,136,N16000369,PETROLEUM,KARNATAKA
QPISR_4th_QTR_2024-25.pdf,137,N16000437,PETROLEUM,KARNATAKA
QPISR_4th_QTR_2024-25.pdf,137,N16000509,PETROLEUM,KARNATAKA
QPISR_4th_QTR_2024-25.pdf,137,N16000536,PETROLEUM,KARNATAKA
QPISR_4th_QTR_2024-25.pdf,137,N18000385,POWER,KARNATAKA
QPISR_4th_QTR_2024-25.pdf,137,N18000388,POWER,KARNATAKA
QPISR_4th_QTR_2024-25.pdf,137,N22000256,RAILWAYS,KARNATAKA
QPISR_4th_QTR_2024-25.pdf,137,N22000258,RAILWAYS,KARNATAKA
QPISR_4th_QTR_2024-25.pdf,137,N22000297,RAILWAYS,KARNATAKA
QPISR_4th_QTR_2024-25.pdf,137,N22000299,RAILWAYS,KARNATAKA
QPISR_4th_QTR_2024-25.pdf,138,N22000308,RAILWAYS,KARNATAKA
QPISR_4th_QTR_2024-25.pdf,138,N22000486,RAILWAYS,KARNATAKA
QPISR_4th_QTR_2024-25.pdf,138,N22000542,RAILWAYS,KARNATAKA
QPISR_4th_QTR_2024-25.pdf,138,N22000543,RAILWAYS,KARNATAKA
QPISR_4th_QTR_2024-25.pdf,138,N22000557,RAILWAYS,KARNATAKA
QPISR_4th_QTR_2024-25.pdf,138,N22000558,RAILWAYS,KARNATAKA
QPISR_4th_QTR_2024-25.pdf,138,N22000559,RAILWAYS,KARNATAKA
QPISR_4th_QTR_2024-25.pdf,138,N22000621,RAILWAYS,KARNATAKA
QPISR_4th_QTR_2024-25.pdf,139,N24000334,ROAD TRANSPORT AND HIGHWAYS,KARNATAKA
QPISR_4th_QTR_2024-25.pdf,139,N24000462,ROAD TRANSPORT AND HIGHWAYS,KARNATAKA
QPISR_4th_QTR_2024-25.pdf,139,N24000552,ROAD TRANSPORT AND HIGHWAYS,KARNATAKA
QPISR_4th_QTR_2024-25.pdf,139,N24000603,ROAD TRANSPORT AND HIGHWAYS,KARNATAKA
QPISR_4th_QTR_2024-25.pdf,139,N24001156,ROAD TRANSPORT AND HIGHWAYS,KARNATAKA
QPISR_4th_QTR_2024-25.pdf,139,N24001157,ROAD TRANSPORT AND HIGHWAYS,KARNATAKA
QPISR_4th_QTR_2024-25.pdf,139,N24001158,ROAD TRANSPORT AND HIGHWAYS,KARNATAKA
QPISR_4th_QTR_2024-25.pdf,139,N24001159,ROAD TRANSPORT AND HIGHWAYS,KARNATAKA
QPISR_4th_QTR_2024-25.pdf,140,N24001160,ROAD TRANSPORT AND HIGHWAYS,KARNATAKA
QPISR_4th_QTR_2024-25.pdf,140,N24001161,ROAD TRANSPORT AND HIGHWAYS,KARNATAKA
QPISR_4th_QTR_2024-25.pdf,140,N24001162,ROAD TRANSPORT AND HIGHWAYS,KARNATAKA
QPISR_4th_QTR_2024-25.pdf,140,N24001164,ROAD TRANSPORT AND HIGHWAYS,KARNATAKA
QPISR_4th_QTR_2024-25.pdf,141,N24001387,ROAD TRANSPORT AND HIGHWAYS,KARNATAKA
QPISR_4th_QTR_2024-25.pdf,141,N24001388,ROAD TRANSPORT AND HIGHWAYS,KARNATAKA
QPISR_4th_QTR_2024-25.pdf,141,N24001425,ROAD TRANSPORT AND HIGHWAYS,KARNATAKA
QPISR_4th_QTR_2024-25.pdf,141,N24001426,ROAD TRANSPORT AND HIGHWAYS,KARNATAKA
QPISR_4th_QTR_2024-25.pdf,141,N24001598,ROAD TRANSPORT AND HIGHWAYS,KARNATAKA
QPISR_4th_QTR_2024-25.pdf,141,N24001599,ROAD TRANSPORT AND HIGHWAYS,KARNATAKA
QPISR_4th_QTR_2024-25.pdf,141,N24001674,ROAD TRANSPORT AND HIGHWAYS,KARNATAKA
QPISR_4th_QTR_2024-25.pdf,142,N24001675,ROAD TRANSPORT AND HIGHWAYS,KARNATAKA
QPISR_4th_QTR_2024-25.pdf,142,N24001676,ROAD TRANSPORT AND HIGHWAYS,KARNATAKA
QPISR_4th_QTR_2024-25.pdf,142,N24001677,ROAD TRANSPORT AND HIGHWAYS,KARNATAKA
QPISR_4th_QTR_2024-25.pdf,142,N24001679,ROAD TRANSPORT AND HIGHWAYS,KARNATAKA
QPISR_4th_QTR_2024-25.pdf,142,N24001680,ROAD TRANSPORT AND HIGHWAYS,KARNATAKA
QPISR_4th_QTR_2024-25.pdf,142,N24001681,ROAD TRANSPORT AND HIGHWAYS,KARNATAKA
QPISR_4th_QTR_2024-25.pdf,142,N24001682,ROAD TRANSPORT AND HIGHWAYS,KARNATAKA
QPISR_4th_QTR_2024-25.pdf,142,N24001683,ROAD TRANSPORT AND HIGHWAYS,KARNATAKA
QPISR_4th_QTR_2024-25.pdf,143,N24001684,ROAD TRANSPORT AND HIGHWAYS,KARNATAKA
QPISR_4th_QTR_2024-25.pdf,143,N24001686,ROAD TRANSPORT AND HIGHWAYS,KARNATAKA
QPISR_4th_QTR_2024-25.pdf,143,N24001687,ROAD TRANSPORT AND HIGHWAYS,KARNATAKA
QPISR_4th_QTR_2024-25.pdf,143,N24001691,ROAD TRANSPORT AND HIGHWAYS,KARNATAKA
QPISR_4th_QTR_2024-25.pdf,143,N24001936,ROAD TRANSPORT AND HIGHWAYS,KARNATAKA
QPISR_4th_QTR_2024-25.pdf,143,N24001937,ROAD TRANSPORT AND HIGHWAYS,KARNATAKA
QPISR_4th_QTR_2024-25.pdf,144,N24001946,ROAD TRANSPORT AND HIGHWAYS,KARNATAKA
QPISR_4th_QTR_2024-25.pdf,144,N24001947,ROAD TRANSPORT AND HIGHWAYS,KARNATAKA
QPISR_4th_QTR_2024-25.pdf,145,N24001948,ROAD TRANSPORT AND HIGHWAYS,KARNATAKA
QPISR_4th_QTR_2024-25.pdf,145,N24001989,ROAD TRANSPORT AND HIGHWAYS,KARNATAKA
QPISR_4th_QTR_2024-25.pdf,145,N24001993,ROAD TRANSPORT AND HIGHWAYS,KARNATAKA
QPISR_4th_QTR_2024-25.pdf,145,N24001994,ROAD TRANSPORT AND HIGHWAYS,KARNATAKA
QPISR_4th_QTR_2024-25.pdf,145,N24002011,ROAD TRANSPORT AND HIGHWAYS,KARNATAKA
QPISR_4th_QTR_2024-25.pdf,145,N24002012,ROAD TRANSPORT AND HIGHWAYS,KARNATAKA
QPISR_4th_QTR_2024-25.pdf,145,N24002013,ROAD TRANSPORT AND HIGHWAYS,KARNATAKA
QPISR_4th_QTR_2024-25.pdf,146,N24002186,ROAD TRANSPORT AND HIGHWAYS,KARNATAKA
QPISR_4th_QTR_2024-25.pdf,146,N24002187,ROAD TRANSPORT AND HIGHWAYS,KARNATAKA
QPISR_4th_QTR_2024-25.pdf,146,N24002188,ROAD TRANSPORT AND HIGHWAYS,KARNATAKA
QPISR_4th_QTR_2024-25.pdf,146,N24002189,ROAD TRANSPORT AND HIGHWAYS,KARNATAKA
QPISR_4th_QTR_2024-25.pdf,146,N04000111,CIVIL AVIATION,KERALA
QPISR_4th_QTR_2024-25.pdf,147,N28000140,DEPARTMENT OF HIGHER EDUCATION,KERALA
QPISR_4th_QTR_2024-25.pdf,147,N28000112,HEALTH AND FAMILY WELFARE,KERALA
QPISR_4th_QTR_2024-25.pdf,147,N16000508,PETROLEUM,KERALA
QPISR_4th_QTR_2024-25.pdf,147,N16000530,PETROLEUM,KERALA
QPISR_4th_QTR_2024-25.pdf,147,N22000399,RAILWAYS,KERALA
QPISR_4th_QTR_2024-25.pdf,147,N22000619,RAILWAYS,KERALA
QPISR_4th_QTR_2024-25.pdf,147,N22000620,RAILWAYS,KERALA
QPISR_4th_QTR_2024-25.pdf,147,N24000704,ROAD TRANSPORT AND HIGHWAYS,KERALA
QPISR_4th_QTR_2024-25.pdf,148,N24000784,ROAD TRANSPORT AND HIGHWAYS,KERALA
QPISR_4th_QTR_2024-25.pdf,148,N24001369,ROAD TRANSPORT AND HIGHWAYS,KERALA
QPISR_4th_QTR_2024-25.pdf,148,N24001370,ROAD TRANSPORT AND HIGHWAYS,KERALA
QPISR_4th_QTR_2024-25.pdf,148,N24001648,ROAD TRANSPORT AND HIGHWAYS,KERALA
QPISR_4th_QTR_2024-25.pdf,148,N24001649,ROAD TRANSPORT AND HIGHWAYS,KERALA
QPISR_4th_QTR_2024-25.pdf,148,N24001650,ROAD TRANSPORT AND HIGHWAYS,KERALA
QPISR_4th_QTR_2024-25.pdf,148,N24001651,ROAD TRANSPORT AND HIGHWAYS,KERALA
QPISR_4th_QTR_2024-25.pdf,149,N24001652,ROAD TRANSPORT AND HIGHWAYS,KERALA
QPISR_4th_QTR_2024-25.pdf,149,N24001653,ROAD TRANSPORT AND HIGHWAYS,KERALA
QPISR_4th_QTR_2024-25.pdf,149,N24001654,ROAD TRANSPORT AND HIGHWAYS,KERALA
QPISR_4th_QTR_2024-25.pdf,149,N24001655,ROAD TRANSPORT AND HIGHWAYS,KERALA
QPISR_4th_QTR_2024-25.pdf,149,N24001656,ROAD TRANSPORT AND HIGHWAYS,KERALA
QPISR_4th_QTR_2024-25.pdf,149,N24001657,ROAD TRANSPORT AND HIGHWAYS,KERALA
QPISR_4th_QTR_2024-25.pdf,149,N24001658,ROAD TRANSPORT AND HIGHWAYS,KERALA
QPISR_4th_QTR_2024-25.pdf,150,N24001659,ROAD TRANSPORT AND HIGHWAYS,KERALA
QPISR_4th_QTR_2024-25.pdf,150,N24001660,ROAD TRANSPORT AND HIGHWAYS,KERALA
QPISR_4th_QTR_2024-25.pdf,150,N24001661,ROAD TRANSPORT AND HIGHWAYS,KERALA
QPISR_4th_QTR_2024-25.pdf,150,N24001662,ROAD TRANSPORT AND HIGHWAYS,KERALA
QPISR_4th_QTR_2024-25.pdf,150,N24001663,ROAD TRANSPORT AND HIGHWAYS,KERALA
QPISR_4th_QTR_2024-25.pdf,150,N24001664,ROAD TRANSPORT AND HIGHWAYS,KERALA
QPISR_4th_QTR_2024-25.pdf,150,N24002074,ROAD TRANSPORT AND HIGHWAYS,KERALA
QPISR_4th_QTR_2024-25.pdf,150,N28000158,URBAN DEVELOPMENT,KERALA
QPISR_4th_QTR_2024-25.pdf,151,N28000159,URBAN DEVELOPMENT,KERALA
QPISR_4th_QTR_2024-25.pdf,151,N04000078,CIVIL AVIATION,LADAKH
QPISR_4th_QTR_2024-25.pdf,151,N24001343,ROAD TRANSPORT AND HIGHWAYS,LADAKH
QPISR_4th_QTR_2024-25.pdf,151,N24001344,ROAD TRANSPORT AND HIGHWAYS,LADAKH
QPISR_4th_QTR_2024-25.pdf,151,N24001345,ROAD TRANSPORT AND HIGHWAYS,LADAKH
QPISR_4th_QTR_2024-25.pdf,151,N24001348,ROAD TRANSPORT AND HIGHWAYS,LADAKH
QPISR_4th_QTR_2024-25.pdf,151,N24001999,ROAD TRANSPORT AND HIGHWAYS,LADAKH
QPISR_4th_QTR_2024-25.pdf,151,N04000087,CIVIL AVIATION,MADHYA PRADESH
QPISR_4th_QTR_2024-25.pdf,152,N06000162,COAL,MADHYA PRADESH
QPISR_4th_QTR_2024-25.pdf,152,N06000196,COAL,MADHYA PRADESH
QPISR_4th_QTR_2024-25.pdf,152,N06000233,COAL,MADHYA PRADESH
QPISR_4th_QTR_2024-25.pdf,152,N06000250,COAL,MADHYA PRADESH
QPISR_4th_QTR_2024-25.pdf,152,N06000257,COAL,MADHYA PRADESH
QPISR_4th_QTR_2024-25.pdf,153,N06000260,COAL,MADHYA PRADESH
QPISR_4th_QTR_2024-25.pdf,153,N06000265,COAL,MADHYA PRADESH
QPISR_4th_QTR_2024-25.pdf,153,N06000266,COAL,MADHYA PRADESH
QPISR_4th_QTR_2024-25.pdf,153,N16000518,PETROLEUM,MADHYA PRADESH
QPISR_4th_QTR_2024-25.pdf,153,N18000348,POWER,MADHYA PRADESH
QPISR_4th_QTR_2024-25.pdf,153,N18000392,POWER,MADHYA PRADESH
QPISR_4th_QTR_2024-25.pdf,153,N18000399,POWER,MADHYA PRADESH
QPISR_4th_QTR_2024-25.pdf,153,N22000120,POWER,MADHYA PRADESH
QPISR_4th_QTR_2024-25.pdf,154,N22000351,POWER,MADHYA PRADESH
QPISR_4th_QTR_2024-25.pdf,154,N22000416,POWER,MADHYA PRADESH
QPISR_4th_QTR_2024-25.pdf,154,N22000485,POWER,MADHYA PRADESH
QPISR_4th_QTR_2024-25.pdf,154,N22000503,POWER,MADHYA PRADESH
QPISR_4th_QTR_2024-25.pdf,154,N22000536,POWER,MADHYA PRADESH
QPISR_4th_QTR_2024-25.pdf,154,N22000554,POWER,MADHYA PRADESH
QPISR_4th_QTR_2024-25.pdf,154,N22000601,POWER,MADHYA PRADESH
QPISR_4th_QTR_2024-25.pdf,154,N24000513,ROAD TRANSPORT AND HIGHWAYS,MADHYA PRADESH
QPISR_4th_QTR_2024-25.pdf,154,N24000709,ROAD TRANSPORT AND HIGHWAYS,MADHYA PRADESH
QPISR_4th_QTR_2024-25.pdf,155,N24000892,ROAD TRANSPORT AND HIGHWAYS,MADHYA PRADESH
QPISR_4th_QTR_2024-25.pdf,155,N24001614,ROAD TRANSPORT AND HIGHWAYS,MADHYA PRADESH
QPISR_4th_QTR_2024-25.pdf,155,N24001615,ROAD TRANSPORT AND HIGHWAYS,MADHYA PRADESH
QPISR_4th_QTR_2024-25.pdf,155,N24001616,ROAD TRANSPORT AND HIGHWAYS,MADHYA PRADESH
QPISR_4th_QTR_2024-25.pdf,155,N24001618,ROAD TRANSPORT AND HIGHWAYS,MADHYA PRADESH
QPISR_4th_QTR_2024-25.pdf,155,N24001756,ROAD TRANSPORT AND HIGHWAYS,MADHYA PRADESH
QPISR_4th_QTR_2024-25.pdf,155,N24001758,ROAD TRANSPORT AND HIGHWAYS,MADHYA PRADESH
QPISR_4th_QTR_2024-25.pdf,155,N24001759,ROAD TRANSPORT AND HIGHWAYS,MADHYA PRADESH
QPISR_4th_QTR_2024-25.pdf,156,N24001761,ROAD TRANSPORT AND HIGHWAYS,MADHYA PRADESH
QPISR_4th_QTR_2024-25.pdf,156,N24001762,ROAD TRANSPORT AND HIGHWAYS,MADHYA PRADESH
QPISR_4th_QTR_2024-25.pdf,156,N24001765,ROAD TRANSPORT AND HIGHWAYS,MADHYA PRADESH
QPISR_4th_QTR_2024-25.pdf,156,N24001766,ROAD TRANSPORT AND HIGHWAYS,MADHYA PRADESH
QPISR_4th_QTR_2024-25.pdf,156,N24001767,ROAD TRANSPORT AND HIGHWAYS,MADHYA PRADESH
QPISR_4th_QTR_2024-25.pdf,156,N24001768,ROAD TRANSPORT AND HIGHWAYS,MADHYA PRADESH
QPISR_4th_QTR_2024-25.pdf,156,N24001770,ROAD TRANSPORT AND HIGHWAYS,MADHYA PRADESH
QPISR_4th_QTR_2024-25.pdf,157,N24001921,ROAD TRANSPORT AND HIGHWAYS,MADHYA PRADESH
QPISR_4th_QTR_2024-25.pdf,157,N24001962,ROAD TRANSPORT AND HIGHWAYS,MADHYA PRADESH
QPISR_4th_QTR_2024-25.pdf,157,N24001963,ROAD TRANSPORT AND HIGHWAYS,MADHYA PRADESH
QPISR_4th_QTR_2024-25.pdf,157,N24001964,ROAD TRANSPORT AND HIGHWAYS,MADHYA PRADESH
QPISR_4th_QTR_2024-25.pdf,157,N24001965,ROAD TRANSPORT AND HIGHWAYS,MADHYA PRADESH
QPISR_4th_QTR_2024-25.pdf,157,N24001966,ROAD TRANSPORT AND HIGHWAYS,MADHYA PRADESH
QPISR_4th_QTR_2024-25.pdf,157,N24001967,ROAD TRANSPORT AND HIGHWAYS,MADHYA PRADESH
QPISR_4th_QTR_2024-25.pdf,158,N24002018,ROAD TRANSPORT AND HIGHWAYS,MADHYA PRADESH
QPISR_4th_QTR_2024-25.pdf,158,N24002019,ROAD TRANSPORT AND HIGHWAYS,MADHYA PRADESH
QPISR_4th_QTR_2024-25.pdf,158,N24002020,ROAD TRANSPORT AND HIGHWAYS,MADHYA PRADESH
QPISR_4th_QTR_2024-25.pdf,158,N24002067,ROAD TRANSPORT AND HIGHWAYS,MADHYA PRADESH
QPISR_4th_QTR_2024-25.pdf,158,N24002068,ROAD TRANSPORT AND HIGHWAYS,MADHYA PRADESH
QPISR_4th_QTR_2024-25.pdf,158,N24002069,ROAD TRANSPORT AND HIGHWAYS,MADHYA PRADESH
QPISR_4th_QTR_2024-25.pdf,158,N24002070,ROAD TRANSPORT AND HIGHWAYS,MADHYA PRADESH
QPISR_4th_QTR_2024-25.pdf,159,N24002077,ROAD TRANSPORT AND HIGHWAYS,MADHYA PRADESH
QPISR_4th_QTR_2024-25.pdf,159,N24002166,ROAD TRANSPORT AND HIGHWAYS,MADHYA PRADESH
QPISR_4th_QTR_2024-25.pdf,159,N24002200,ROAD TRANSPORT AND HIGHWAYS,MADHYA PRADESH
QPISR_4th_QTR_2024-25.pdf,159,N38000001,SOCIAL JUSTICE,MADHYA PRADESH
QPISR_4th_QTR_2024-25.pdf,159,N28000124,URBAN DEVELOPMENT,MADHYA PRADESH
QPISR_4th_QTR_2024-25.pdf,159,N28000125,URBAN DEVELOPMENT,MADHYA PRADESH
QPISR_4th_QTR_2024-25.pdf,159,N04000079,CIVIL AVIATION,MAHARASHTRA
QPISR_4th_QTR_2024-25.pdf,159,N04000096,CIVIL AVIATION,MAHARASHTRA
QPISR_4th_QTR_2024-25.pdf,160,N06000132,COAL,MAHARASHTRA
QPISR_4th_QTR_2024-25.pdf,160,N06000179,COAL,MAHARASHTRA
QPISR_4th_QTR_2024-25.pdf,160,N06000205,COAL,MAHARASHTRA
QPISR_4th_QTR_2024-25.pdf,160,N06000206,COAL,MAHARASHTRA
QPISR_4th_QTR_2024-25.pdf,160,N06000209,COAL,MAHARASHTRA
QPISR_4th_QTR_2024-25.pdf,160,N06000219,COAL,MAHARASHTRA
QPISR_4th_QTR_2024-25.pdf,160,N06000222,COAL,MAHARASHTRA
QPISR_4th_QTR_2024-25.pdf,160,N06000226,COAL,MAHARASHTRA
QPISR_4th_QTR_2024-25.pdf,160,N06000231,COAL,MAHARASHTRA
QPISR_4th_QTR_2024-25.pdf,161,N06000251,COAL,MAHARASHTRA
QPISR_4th_QTR_2024-25.pdf,161,N06000252,COAL,MAHARASHTRA
QPISR_4th_QTR_2024-25.pdf,161,N06000253,COAL,MAHARASHTRA
QPISR_4th_QTR_2024-25.pdf,161,N06000254,COAL,MAHARASHTRA
QPISR_4th_QTR_2024-25.pdf,161,N06000255,COAL,MAHARASHTRA
QPISR_4th_QTR_2024-25.pdf,161,N06000256,COAL,MAHARASHTRA
QPISR_4th_QTR_2024-25.pdf,161,N06000264,COAL,MAHARASHTRA
QPISR_4th_QTR_2024-25.pdf,161,N06000267,COAL,MAHARASHTRA
QPISR_4th_QTR_2024-25.pdf,161,N06000271,COAL,MAHARASHTRA
QPISR_4th_QTR_2024-25.pdf,162,N06000278,COAL,MAHARASHTRA
QPISR_4th_QTR_2024-25.pdf,162,N06000282,COAL,MAHARASHTRA
QPISR_4th_QTR_2024-25.pdf,162,N06000283,COAL,MAHARASHTRA
QPISR_4th_QTR_2024-25.pdf,162,N06000284,COAL,MAHARASHTRA
QPISR_4th_QTR_2024-25.pdf,162,N28000117,DEPARTMENT OF HIGHER EDUCATION,MAHARASHTRA
QPISR_4th_QTR_2024-25.pdf,163,N16000436,PETROLEUM,MAHARASHTRA
QPISR_4th_QTR_2024-25.pdf,163,N16000446,PETROLEUM,MAHARASHTRA
QPISR_4th_QTR_2024-25.pdf,163,N16000452,PETROLEUM,MAHARASHTRA
QPISR_4th_QTR_2024-25.pdf,163,N16000456,PETROLEUM,MAHARASHTRA
QPISR_4th_QTR_2024-25.pdf,163,N16000470,PETROLEUM,MAHARASHTRA
QPISR_4th_QTR_2024-25.pdf,164,N16000487,PETROLEUM,MAHARASHTRA
QPISR_4th_QTR_2024-25.pdf,164,N16000503,PETROLEUM,MAHARASHTRA
QPISR_4th_QTR_2024-25.pdf,164,N16000504,PETROLEUM,MAHARASHTRA
QPISR_4th_QTR_2024-25.pdf,164,N16000507,PETROLEUM,MAHARASHTRA
QPISR_4th_QTR_2024-25.pdf,164,N16000515,PETROLEUM,MAHARASHTRA
QPISR_4th_QTR_2024-25.pdf,164,N16000519,PETROLEUM,MAHARASHTRA
QPISR_4th_QTR_2024-25.pdf,164,N16000526,PETROLEUM,MAHARASHTRA
QPISR_4th_QTR_2024-25.pdf,164,N16000533,PETROLEUM,MAHARASHTRA
QPISR_4th_QTR_2024-25.pdf,165,N16000534,PETROLEUM,MAHARASHTRA
QPISR_4th_QTR_2024-25.pdf,165,N16000537,PETROLEUM,MAHARASHTRA
QPISR_4th_QTR_2024-25.pdf,165,N16000540,PETROLEUM,MAHARASHTRA
QPISR_4th_QTR_2024-25.pdf,165,N18000335,POWER,MAHARASHTRA
QPISR_4th_QTR_2024-25.pdf,165,N18000377,POWER,MAHARASHTRA
QPISR_4th_QTR_2024-25.pdf,165,N22000092,POWER,MAHARASHTRA
QPISR_4th_QTR_2024-25.pdf,165,N22000231,POWER,MAHARASHTRA
QPISR_4th_QTR_2024-25.pdf,165,N22000233,POWER,MAHARASHTRA
QPISR_4th_QTR_2024-25.pdf,166,N22000250,POWER,MAHARASHTRA
QPISR_4th_QTR_2024-25.pdf,166,N22000356,POWER,MAHARASHTRA
QPISR_4th_QTR_2024-25.pdf,166,N22000358,POWER,MAHARASHTRA
QPISR_4th_QTR_2024-25.pdf,166,N22000359,POWER,MAHARASHTRA
QPISR_4th_QTR_2024-25.pdf,166,N22000360,POWER,MAHARASHTRA
QPISR_4th_QTR_2024-25.pdf,166,N22000361,POWER,MAHARASHTRA
QPISR_4th_QTR_2024-25.pdf,166,N22000362,POWER,MAHARASHTRA
QPISR_4th_QTR_2024-25.pdf,166,N22000420,POWER,MAHARASHTRA
QPISR_4th_QTR_2024-25.pdf,167,N22000629,POWER,MAHARASHTRA
QPISR_4th_QTR_2024-25.pdf,168,N24000332,ROAD TRANSPORT AND HIGHWAYS,MAHARASHTRA
QPISR_4th_QTR_2024-25.pdf,168,N24000442,ROAD TRANSPORT AND HIGHWAYS,MAHARASHTRA
QPISR_4th_QTR_2024-25.pdf,168,N24000560,ROAD TRANSPORT AND HIGHWAYS,MAHARASHTRA
QPISR_4th_QTR_2024-25.pdf,168,N24000584,ROAD TRANSPORT AND HIGHWAYS,MAHARASHTRA
QPISR_4th_QTR_2024-25.pdf,168,N24000585,ROAD TRANSPORT AND HIGHWAYS,MAHARASHTRA
QPISR_4th_QTR_2024-25.pdf,168,N24000655,ROAD TRANSPORT AND HIGHWAYS,MAHARASHTRA
QPISR_4th_QTR_2024-25.pdf,168,N24000656,ROAD TRANSPORT AND HIGHWAYS,MAHARASHTRA
QPISR_4th_QTR_2024-25.pdf,168,N24000659,ROAD TRANSPORT AND HIGHWAYS,MAHARASHTRA
QPISR_4th_QTR_2024-25.pdf,169,N24000851,ROAD TRANSPORT AND HIGHWAYS,MAHARASHTRA
QPISR_4th_QTR_2024-25.pdf,169,N24001002,ROAD TRANSPORT AND HIGHWAYS,MAHARASHTRA
QPISR_4th_QTR_2024-25.pdf,169,N24001003,ROAD TRANSPORT AND HIGHWAYS,MAHARASHTRA
QPISR_4th_QTR_2024-25.pdf,169,N24001013,ROAD TRANSPORT AND HIGHWAYS,MAHARASHTRA
QPISR_4th_QTR_2024-25.pdf,169,N24001017,ROAD TRANSPORT AND HIGHWAYS,MAHARASHTRA
QPISR_4th_QTR_2024-25.pdf,169,N24001018,ROAD TRANSPORT AND HIGHWAYS,MAHARASHTRA
QPISR_4th_QTR_2024-25.pdf,169,N24001021,ROAD TRANSPORT AND HIGHWAYS,MAHARASHTRA
QPISR_4th_QTR_2024-25.pdf,169,N24001022,ROAD TRANSPORT AND HIGHWAYS,MAHARASHTRA
QPISR_4th_QTR_2024-25.pdf,169,N24001027,ROAD TRANSPORT AND HIGHWAYS,MAHARASHTRA
QPISR_4th_QTR_2024-25.pdf,170,N24001039,ROAD TRANSPORT AND HIGHWAYS,MAHARASHTRA
QPISR_4th_QTR_2024-25.pdf,170,N24001046,ROAD TRANSPORT AND HIGHWAYS,MAHARASHTRA
QPISR_4th_QTR_2024-25.pdf,170,N24001050,ROAD TRANSPORT AND HIGHWAYS,MAHARASHTRA
QPISR_4th_QTR_2024-25.pdf,170,N24001057,ROAD TRANSPORT AND HIGHWAYS,MAHARASHTRA
QPISR_4th_QTR_2024-25.pdf,170,N24001058,ROAD TRANSPORT AND HIGHWAYS,MAHARASHTRA
QPISR_4th_QTR_2024-25.pdf,170,N24001060,ROAD TRANSPORT AND HIGHWAYS,MAHARASHTRA
QPISR_4th_QTR_2024-25.pdf,170,N24001069,ROAD TRANSPORT AND HIGHWAYS,MAHARASHTRA
QPISR_4th_QTR_2024-25.pdf,170,N24001078,ROAD TRANSPORT AND HIGHWAYS,MAHARASHTRA
QPISR_4th_QTR_2024-25.pdf,170,N24001079,ROAD TRANSPORT AND HIGHWAYS,MAHARASHTRA
QPISR_4th_QTR_2024-25.pdf,171,N24001080,ROAD TRANSPORT AND HIGHWAYS,MAHARASHTRA
QPISR_4th_QTR_2024-25.pdf,171,N24001081,ROAD TRANSPORT AND HIGHWAYS,MAHARASHTRA
QPISR_4th_QTR_2024-25.pdf,171,N24001082,ROAD TRANSPORT AND HIGHWAYS,MAHARASHTRA
QPISR_4th_QTR_2024-25.pdf,171,N24001090,ROAD TRANSPORT AND HIGHWAYS,MAHARASHTRA
QPISR_4th_QTR_2024-25.pdf,171,N24001092,ROAD TRANSPORT AND HIGHWAYS,MAHARASHTRA
QPISR_4th_QTR_2024-25.pdf,171,N24001095,ROAD TRANSPORT AND HIGHWAYS,MAHARASHTRA
QPISR_4th_QTR_2024-25.pdf,171,N24001097,ROAD TRANSPORT AND HIGHWAYS,MAHARASHTRA
QPISR_4th_QTR_2024-25.pdf,171,N24001099,ROAD TRANSPORT AND HIGHWAYS,MAHARASHTRA
QPISR_4th_QTR_2024-25.pdf,171,N24001101,ROAD TRANSPORT AND HIGHWAYS,MAHARASHTRA
QPISR_4th_QTR_2024-25.pdf,172,N24001102,ROAD TRANSPORT AND HIGHWAYS,MAHARASHTRA
QPISR_4th_QTR_2024-25.pdf,172,N24001106,ROAD TRANSPORT AND HIGHWAYS,MAHARASHTRA
QPISR_4th_QTR_2024-25.pdf,172,N24001107,ROAD TRANSPORT AND HIGHWAYS,MAHARASHTRA
QPISR_4th_QTR_2024-25.pdf,172,N24001111,ROAD TRANSPORT AND HIGHWAYS,MAHARASHTRA
QPISR_4th_QTR_2024-25.pdf,172,N24001112,ROAD TRANSPORT AND HIGHWAYS,MAHARASHTRA
QPISR_4th_QTR_2024-25.pdf,172,N24001114,ROAD TRANSPORT AND HIGHWAYS,MAHARASHTRA
QPISR_4th_QTR_2024-25.pdf,172,N24001122,ROAD TRANSPORT AND HIGHWAYS,MAHARASHTRA
QPISR_4th_QTR_2024-25.pdf,172,N24001123,ROAD TRANSPORT AND HIGHWAYS,MAHARASHTRA
QPISR_4th_QTR_2024-25.pdf,172,N24001124,ROAD TRANSPORT AND HIGHWAYS,MAHARASHTRA
QPISR_4th_QTR_2024-25.pdf,173,N24001125,ROAD TRANSPORT AND HIGHWAYS,MAHARASHTRA
QPISR_4th_QTR_2024-25.pdf,173,N24001127,ROAD TRANSPORT AND HIGHWAYS,MAHARASHTRA
QPISR_4th_QTR_2024-25.pdf,173,N24001132,ROAD TRANSPORT AND HIGHWAYS,MAHARASHTRA
QPISR_4th_QTR_2024-25.pdf,173,N24001134,ROAD TRANSPORT AND HIGHWAYS,MAHARASHTRA
QPISR_4th_QTR_2024-25.pdf,173,N24001138,ROAD TRANSPORT AND HIGHWAYS,MAHARASHTRA
QPISR_4th_QTR_2024-25.pdf,173,N24001377,ROAD TRANSPORT AND HIGHWAYS,MAHARASHTRA
QPISR_4th_QTR_2024-25.pdf,173,N24001378,ROAD TRANSPORT AND HIGHWAYS,MAHARASHTRA
QPISR_4th_QTR_2024-25.pdf,173,N24001379,ROAD TRANSPORT AND HIGHWAYS,MAHARASHTRA
QPISR_4th_QTR_2024-25.pdf,174,N24001448,ROAD TRANSPORT AND HIGHWAYS,MAHARASHTRA
QPISR_4th_QTR_2024-25.pdf,174,N24001468,ROAD TRANSPORT AND HIGHWAYS,MAHARASHTRA
QPISR_4th_QTR_2024-25.pdf,174,N24001486,ROAD TRANSPORT AND HIGHWAYS,MAHARASHTRA
QPISR_4th_QTR_2024-25.pdf,174,N24001488,ROAD TRANSPORT AND HIGHWAYS,MAHARASHTRA
QPISR_4th_QTR_2024-25.pdf,174,N24001493,ROAD TRANSPORT AND HIGHWAYS,MAHARASHTRA
QPISR_4th_QTR_2024-25.pdf,174,N24001495,ROAD TRANSPORT AND HIGHWAYS,MAHARASHTRA
QPISR_4th_QTR_2024-25.pdf,174,N24001501,ROAD TRANSPORT AND HIGHWAYS,MAHARASHTRA
QPISR_4th_QTR_2024-25.pdf,174,N24001502,ROAD TRANSPORT AND HIGHWAYS,MAHARASHTRA
QPISR_4th_QTR_2024-25.pdf,175,N24001503,ROAD TRANSPORT AND HIGHWAYS,MAHARASHTRA
QPISR_4th_QTR_2024-25.pdf,175,N24001504,ROAD TRANSPORT AND HIGHWAYS,MAHARASHTRA
QPISR_4th_QTR_2024-25.pdf,175,N24001505,ROAD TRANSPORT AND HIGHWAYS,MAHARASHTRA
QPISR_4th_QTR_2024-25.pdf,175,N24001506,ROAD TRANSPORT AND HIGHWAYS,MAHARASHTRA
QPISR_4th_QTR_2024-25.pdf,175,N24001507,ROAD TRANSPORT AND HIGHWAYS,MAHARASHTRA
QPISR_4th_QTR_2024-25.pdf,175,N24001508,ROAD TRANSPORT AND HIGHWAYS,MAHARASHTRA
QPISR_4th_QTR_2024-25.pdf,175,N24001521,ROAD TRANSPORT AND HIGHWAYS,MAHARASHTRA
QPISR_4th_QTR_2024-25.pdf,175,N24001546,ROAD TRANSPORT AND HIGHWAYS,MAHARASHTRA
QPISR_4th_QTR_2024-25.pdf,176,N24001607,ROAD TRANSPORT AND HIGHWAYS,MAHARASHTRA
QPISR_4th_QTR_2024-25.pdf,176,N24001608,ROAD TRANSPORT AND HIGHWAYS,MAHARASHTRA
QPISR_4th_QTR_2024-25.pdf,176,N24001609,ROAD TRANSPORT AND HIGHWAYS,MAHARASHTRA
QPISR_4th_QTR_2024-25.pdf,176,N24001610,ROAD TRANSPORT AND HIGHWAYS,MAHARASHTRA
QPISR_4th_QTR_2024-25.pdf,176,N24001795,ROAD TRANSPORT AND HIGHWAYS,MAHARASHTRA
QPISR_4th_QTR_2024-25.pdf,176,N24001796,ROAD TRANSPORT AND HIGHWAYS,MAHARASHTRA
QPISR_4th_QTR_2024-25.pdf,176,N24001797,ROAD TRANSPORT AND HIGHWAYS,MAHARASHTRA
QPISR_4th_QTR_2024-25.pdf,177,N24001798,ROAD TRANSPORT AND HIGHWAYS,MAHARASHTRA
QPISR_4th_QTR_2024-25.pdf,177,N24001799,ROAD TRANSPORT AND HIGHWAYS,MAHARASHTRA
QPISR_4th_QTR_2024-25.pdf,177,N24001804,ROAD TRANSPORT AND HIGHWAYS,MAHARASHTRA
QPISR_4th_QTR_2024-25.pdf,177,N24001834,ROAD TRANSPORT AND HIGHWAYS,MAHARASHTRA
QPISR_4th_QTR_2024-25.pdf,177,N24001835,ROAD TRANSPORT AND HIGHWAYS,MAHARASHTRA
QPISR_4th_QTR_2024-25.pdf,177,N24001880,ROAD TRANSPORT AND HIGHWAYS,MAHARASHTRA
QPISR_4th_QTR_2024-25.pdf,177,N24001882,ROAD TRANSPORT AND HIGHWAYS,MAHARASHTRA
QPISR_4th_QTR_2024-25.pdf,178,N24001883,ROAD TRANSPORT AND HIGHWAYS,MAHARASHTRA
QPISR_4th_QTR_2024-25.pdf,178,N24001884,ROAD TRANSPORT AND HIGHWAYS,MAHARASHTRA
QPISR_4th_QTR_2024-25.pdf,178,N24001885,ROAD TRANSPORT AND HIGHWAYS,MAHARASHTRA
QPISR_4th_QTR_2024-25.pdf,178,N24001886,ROAD TRANSPORT AND HIGHWAYS,MAHARASHTRA
QPISR_4th_QTR_2024-25.pdf,178,N24001887,ROAD TRANSPORT AND HIGHWAYS,MAHARASHTRA
QPISR_4th_QTR_2024-25.pdf,178,N24001888,ROAD TRANSPORT AND HIGHWAYS,MAHARASHTRA
QPISR_4th_QTR_2024-25.pdf,179,N24001902,ROAD TRANSPORT AND HIGHWAYS,MAHARASHTRA
QPISR_4th_QTR_2024-25.pdf,180,N24001903,ROAD TRANSPORT AND HIGHWAYS,MAHARASHTRA
QPISR_4th_QTR_2024-25.pdf,180,N24001904,ROAD TRANSPORT AND HIGHWAYS,MAHARASHTRA
QPISR_4th_QTR_2024-25.pdf,180,N24001905,ROAD TRANSPORT AND HIGHWAYS,MAHARASHTRA
QPISR_4th_QTR_2024-25.pdf,180,N24001906,ROAD TRANSPORT AND HIGHWAYS,MAHARASHTRA
QPISR_4th_QTR_2024-25.pdf,180,N24001907,ROAD TRANSPORT AND HIGHWAYS,MAHARASHTRA
QPISR_4th_QTR_2024-25.pdf,180,N24001908,ROAD TRANSPORT AND HIGHWAYS,MAHARASHTRA
QPISR_4th_QTR_2024-25.pdf,180,N24001909,ROAD TRANSPORT AND HIGHWAYS,MAHARASHTRA
QPISR_4th_QTR_2024-25.pdf,180,N24001910,ROAD TRANSPORT AND HIGHWAYS,MAHARASHTRA
QPISR_4th_QTR_2024-25.pdf,181,N24001911,ROAD TRANSPORT AND HIGHWAYS,MAHARASHTRA
QPISR_4th_QTR_2024-25.pdf,181,N24002071,ROAD TRANSPORT AND HIGHWAYS,MAHARASHTRA
QPISR_4th_QTR_2024-25.pdf,181,N24002072,ROAD TRANSPORT AND HIGHWAYS,MAHARASHTRA
QPISR_4th_QTR_2024-25.pdf,181,N24002137,ROAD TRANSPORT AND HIGHWAYS,MAHARASHTRA
QPISR_4th_QTR_2024-25.pdf,181,N24002169,ROAD TRANSPORT AND HIGHWAYS,MAHARASHTRA
QPISR_4th_QTR_2024-25.pdf,181,N24002170,ROAD TRANSPORT AND HIGHWAYS,MAHARASHTRA
QPISR_4th_QTR_2024-25.pdf,181,N24002171,ROAD TRANSPORT AND HIGHWAYS,MAHARASHTRA
QPISR_4th_QTR_2024-25.pdf,182,N24002172,ROAD TRANSPORT AND HIGHWAYS,MAHARASHTRA
QPISR_4th_QTR_2024-25.pdf,182,N24002173,ROAD TRANSPORT AND HIGHWAYS,MAHARASHTRA
QPISR_4th_QTR_2024-25.pdf,182,N24002174,ROAD TRANSPORT AND HIGHWAYS,MAHARASHTRA
QPISR_4th_QTR_2024-25.pdf,182,N24002175,ROAD TRANSPORT AND HIGHWAYS,MAHARASHTRA
QPISR_4th_QTR_2024-25.pdf,182,N24002176,ROAD TRANSPORT AND HIGHWAYS,MAHARASHTRA
QPISR_4th_QTR_2024-25.pdf,182,N24002177,ROAD TRANSPORT AND HIGHWAYS,MAHARASHTRA
QPISR_4th_QTR_2024-25.pdf,182,N24002178,ROAD TRANSPORT AND HIGHWAYS,MAHARASHTRA
QPISR_4th_QTR_2024-25.pdf,183,N28000086,URBAN DEVELOPMENT,MAHARASHTRA
QPISR_4th_QTR_2024-25.pdf,183,N28000121,URBAN DEVELOPMENT,MAHARASHTRA
QPISR_4th_QTR_2024-25.pdf,183,N28000155,URBAN DEVELOPMENT,MAHARASHTRA
QPISR_4th_QTR_2024-25.pdf,183,N28000157,URBAN DEVELOPMENT,MAHARASHTRA
QPISR_4th_QTR_2024-25.pdf,183,N28000160,URBAN DEVELOPMENT,MAHARASHTRA
QPISR_4th_QTR_2024-25.pdf,183,N24001270,ROAD TRANSPORT AND HIGHWAYS,MANIPUR
QPISR_4th_QTR_2024-25.pdf,184,N24001271,ROAD TRANSPORT AND HIGHWAYS,MANIPUR
QPISR_4th_QTR_2024-25.pdf,184,N24001272,ROAD TRANSPORT AND HIGHWAYS,MANIPUR
QPISR_4th_QTR_2024-25.pdf,184,N24001273,ROAD TRANSPORT AND HIGHWAYS,MANIPUR
QPISR_4th_QTR_2024-25.pdf,184,N24001276,ROAD TRANSPORT AND HIGHWAYS,MANIPUR
QPISR_4th_QTR_2024-25.pdf,184,N24001349,ROAD TRANSPORT AND HIGHWAYS,MANIPUR
QPISR_4th_QTR_2024-25.pdf,184,N24001350,ROAD TRANSPORT AND HIGHWAYS,MANIPUR
QPISR_4th_QTR_2024-25.pdf,184,N24001352,ROAD TRANSPORT AND HIGHWAYS,MANIPUR
QPISR_4th_QTR_2024-25.pdf,185,N24001353,ROAD TRANSPORT AND HIGHWAYS,MANIPUR
QPISR_4th_QTR_2024-25.pdf,185,N24001354,ROAD TRANSPORT AND HIGHWAYS,MANIPUR
QPISR_4th_QTR_2024-25.pdf,185,N24001400,ROAD TRANSPORT AND HIGHWAYS,MANIPUR
QPISR_4th_QTR_2024-25.pdf,185,N24001401,ROAD TRANSPORT AND HIGHWAYS,MANIPUR
QPISR_4th_QTR_2024-25.pdf,185,N24001402,ROAD TRANSPORT AND HIGHWAYS,MANIPUR
QPISR_4th_QTR_2024-25.pdf,185,N24001403,ROAD TRANSPORT AND HIGHWAYS,MANIPUR
QPISR_4th_QTR_2024-25.pdf,185,N24001404,ROAD TRANSPORT AND HIGHWAYS,MANIPUR
QPISR_4th_QTR_2024-25.pdf,185,N24001405,ROAD TRANSPORT AND HIGHWAYS,MANIPUR
QPISR_4th_QTR_2024-25.pdf,185,N24001436,ROAD TRANSPORT AND HIGHWAYS,MANIPUR
QPISR_4th_QTR_2024-25.pdf,186,N24001437,ROAD TRANSPORT AND HIGHWAYS,MANIPUR
QPISR_4th_QTR_2024-25.pdf,186,N24001439,ROAD TRANSPORT AND HIGHWAYS,MANIPUR
QPISR_4th_QTR_2024-25.pdf,186,N24001453,ROAD TRANSPORT AND HIGHWAYS,MANIPUR
QPISR_4th_QTR_2024-25.pdf,186,N24001473,ROAD TRANSPORT AND HIGHWAYS,MANIPUR
QPISR_4th_QTR_2024-25.pdf,186,N24001538,ROAD TRANSPORT AND HIGHWAYS,MANIPUR
QPISR_4th_QTR_2024-25.pdf,186,N24001539,ROAD TRANSPORT AND HIGHWAYS,MANIPUR
QPISR_4th_QTR_2024-25.pdf,186,N24001540,ROAD TRANSPORT AND HIGHWAYS,MANIPUR
QPISR_4th_QTR_2024-25.pdf,186,N24001974,ROAD TRANSPORT AND HIGHWAYS,MANIPUR
QPISR_4th_QTR_2024-25.pdf,186,N24002028,ROAD TRANSPORT AND HIGHWAYS,MANIPUR
QPISR_4th_QTR_2024-25.pdf,187,N24002131,ROAD TRANSPORT AND HIGHWAYS,MANIPUR
QPISR_4th_QTR_2024-25.pdf,187,N24002202,ROAD TRANSPORT AND HIGHWAYS,MANIPUR
QPISR_4th_QTR_2024-25.pdf,187,N24002203,ROAD TRANSPORT AND HIGHWAYS,MANIPUR
QPISR_4th_QTR_2024-25.pdf,187,N24002227,ROAD TRANSPORT AND HIGHWAYS,MANIPUR
QPISR_4th_QTR_2024-25.pdf,187,N42000001,DEPARTMENT OF HIGHER EDUCATION,MEGHALAYA
QPISR_4th_QTR_2024-25.pdf,187,N12000103,DONER,MEGHALAYA
QPISR_4th_QTR_2024-25.pdf,187,N24000771,ROAD TRANSPORT AND HIGHWAYS,MEGHALAYA
QPISR_4th_QTR_2024-25.pdf,187,N24001313,ROAD TRANSPORT AND HIGHWAYS,MEGHALAYA
QPISR_4th_QTR_2024-25.pdf,188,N24001314,ROAD TRANSPORT AND HIGHWAYS,MEGHALAYA
QPISR_4th_QTR_2024-25.pdf,188,N24001334,ROAD TRANSPORT AND HIGHWAYS,MEGHALAYA
QPISR_4th_QTR_2024-25.pdf,188,N24001335,ROAD TRANSPORT AND HIGHWAYS,MEGHALAYA
QPISR_4th_QTR_2024-25.pdf,188,N24001339,ROAD TRANSPORT AND HIGHWAYS,MEGHALAYA
QPISR_4th_QTR_2024-25.pdf,188,N24001360,ROAD TRANSPORT AND HIGHWAYS,MEGHALAYA
QPISR_4th_QTR_2024-25.pdf,188,N24001441,ROAD TRANSPORT AND HIGHWAYS,MEGHALAYA
QPISR_4th_QTR_2024-25.pdf,188,N24001474,ROAD TRANSPORT AND HIGHWAYS,MEGHALAYA
QPISR_4th_QTR_2024-25.pdf,188,N24001541,ROAD TRANSPORT AND HIGHWAYS,MEGHALAYA
QPISR_4th_QTR_2024-25.pdf,189,N24002156,ROAD TRANSPORT AND HIGHWAYS,MEGHALAYA
QPISR_4th_QTR_2024-25.pdf,189,N24002157,ROAD TRANSPORT AND HIGHWAYS,MEGHALAYA
QPISR_4th_QTR_2024-25.pdf,189,N24002158,ROAD TRANSPORT AND HIGHWAYS,MEGHALAYA
QPISR_4th_QTR_2024-25.pdf,189,N22000100,RAILWAYS,MIZORAM
QPISR_4th_QTR_2024-25.pdf,189,N24000857,ROAD TRANSPORT AND HIGHWAYS,MIZORAM
QPISR_4th_QTR_2024-25.pdf,189,N24000858,ROAD TRANSPORT AND HIGHWAYS,MIZORAM
QPISR_4th_QTR_2024-25.pdf,189,N24000859,ROAD TRANSPORT AND HIGHWAYS,MIZORAM
QPISR_4th_QTR_2024-25.pdf,190,N24000861,ROAD TRANSPORT AND HIGHWAYS,MIZORAM
QPISR_4th_QTR_2024-25.pdf,190,N24000862,ROAD TRANSPORT AND HIGHWAYS,MIZORAM
QPISR_4th_QTR_2024-25.pdf,190,N24000863,ROAD TRANSPORT AND HIGHWAYS,MIZORAM
QPISR_4th_QTR_2024-25.pdf,190,N24000864,ROAD TRANSPORT AND HIGHWAYS,MIZORAM
QPISR_4th_QTR_2024-25.pdf,190,N24000865,ROAD TRANSPORT AND HIGHWAYS,MIZORAM
QPISR_4th_QTR_2024-25.pdf,190,N24001277,ROAD TRANSPORT AND HIGHWAYS,MIZORAM
QPISR_4th_QTR_2024-25.pdf,190,N24001278,ROAD TRANSPORT AND HIGHWAYS,MIZORAM
QPISR_4th_QTR_2024-25.pdf,191,N24001281,ROAD TRANSPORT AND HIGHWAYS,MIZORAM
QPISR_4th_QTR_2024-25.pdf,191,N24001355,ROAD TRANSPORT AND HIGHWAYS,MIZORAM
QPISR_4th_QTR_2024-25.pdf,191,N24001356,ROAD TRANSPORT AND HIGHWAYS,MIZORAM
QPISR_4th_QTR_2024-25.pdf,191,N24001358,ROAD TRANSPORT AND HIGHWAYS,MIZORAM
QPISR_4th_QTR_2024-25.pdf,191,N24001359,ROAD TRANSPORT AND HIGHWAYS,MIZORAM
QPISR_4th_QTR_2024-25.pdf,191,N24001440,ROAD TRANSPORT AND HIGHWAYS,MIZORAM
QPISR_4th_QTR_2024-25.pdf,191,N24001975,ROAD TRANSPORT AND HIGHWAYS,MIZORAM
QPISR_4th_QTR_2024-25.pdf,191,N24002027,ROAD TRANSPORT AND HIGHWAYS,MIZORAM
QPISR_4th_QTR_2024-25.pdf,191,N24002204,ROAD TRANSPORT AND HIGHWAYS,MIZORAM
QPISR_4th_QTR_2024-25.pdf,192,N06000154,COAL,MULTI STATE
QPISR_4th_QTR_2024-25.pdf,192,N06000192,COAL,MULTI STATE
QPISR_4th_QTR_2024-25.pdf,192,N40000001,DPIIT,MULTI STATE
QPISR_4th_QTR_2024-25.pdf,192,N16000285,PETROLEUM,MULTI STATE
QPISR_4th_QTR_2024-25.pdf,192,N16000388,PETROLEUM,MULTI STATE
QPISR_4th_QTR_2024-25.pdf,192,N16000391,PETROLEUM,MULTI STATE
QPISR_4th_QTR_2024-25.pdf,192,N16000398,PETROLEUM,MULTI STATE
QPISR_4th_QTR_2024-25.pdf,192,N16000426,PETROLEUM,MULTI STATE
QPISR_4th_QTR_2024-25.pdf,192,N16000439,PETROLEUM,MULTI STATE
QPISR_4th_QTR_2024-25.pdf,193,N16000531,PETROLEUM,MULTI STATE
QPISR_4th_QTR_2024-25.pdf,193,N18000249,POWER,MULTI STATE
QPISR_4th_QTR_2024-25.pdf,193,N18000250,POWER,MULTI STATE
QPISR_4th_QTR_2024-25.pdf,193,N18000264,POWER,MULTI STATE
QPISR_4th_QTR_2024-25.pdf,193,N18000328,POWER,MULTI STATE
QPISR_4th_QTR_2024-25.pdf,193,N18000330,POWER,MULTI STATE
QPISR_4th_QTR_2024-25.pdf,193,N18000331,POWER,MULTI STATE
QPISR_4th_QTR_2024-25.pdf,194,N18000332,POWER,MULTI STATE
QPISR_4th_QTR_2024-25.pdf,194,N18000337,POWER,MULTI STATE
QPISR_4th_QTR_2024-25.pdf,194,N18000338,POWER,MULTI STATE
QPISR_4th_QTR_2024-25.pdf,194,N18000343,POWER,MULTI STATE
QPISR_4th_QTR_2024-25.pdf,194,N18000352,POWER,MULTI STATE
QPISR_4th_QTR_2024-25.pdf,194,N18000353,POWER,MULTI STATE
QPISR_4th_QTR_2024-25.pdf,195,N22000134,POWER,MULTI STATE
QPISR_4th_QTR_2024-25.pdf,195,N22000138,POWER,MULTI STATE
QPISR_4th_QTR_2024-25.pdf,195,N22000139,POWER,MULTI STATE
QPISR_4th_QTR_2024-25.pdf,195,N22000148,POWER,MULTI STATE
QPISR_4th_QTR_2024-25.pdf,195,N22000158,POWER,MULTI STATE
QPISR_4th_QTR_2024-25.pdf,195,N22000183,POWER,MULTI STATE
QPISR_4th_QTR_2024-25.pdf,195,N22000206,POWER,MULTI STATE
QPISR_4th_QTR_2024-25.pdf,195,N22000207,POWER,MULTI STATE
QPISR_4th_QTR_2024-25.pdf,195,N22000208,POWER,MULTI STATE
QPISR_4th_QTR_2024-25.pdf,196,N22000219,POWER,MULTI STATE
QPISR_4th_QTR_2024-25.pdf,196,N22000261,POWER,MULTI STATE
QPISR_4th_QTR_2024-25.pdf,196,N22000274,POWER,MULTI STATE
QPISR_4th_QTR_2024-25.pdf,196,N22000279,POWER,MULTI STATE
QPISR_4th_QTR_2024-25.pdf,196,N22000333,POWER,MULTI STATE
QPISR_4th_QTR_2024-25.pdf,196,N22000367,POWER,MULTI STATE
QPISR_4th_QTR_2024-25.pdf,196,N22000463,POWER,MULTI STATE
QPISR_4th_QTR_2024-25.pdf,196,N22000464,POWER,MULTI STATE
QPISR_4th_QTR_2024-25.pdf,196,N22000467,POWER,MULTI STATE
QPISR_4th_QTR_2024-25.pdf,197,N22000506,POWER,MULTI STATE
QPISR_4th_QTR_2024-25.pdf,197,N24000182,ROAD TRANSPORT AND HIGHWAYS,MULTI STATE
QPISR_4th_QTR_2024-25.pdf,197,N24001628,ROAD TRANSPORT AND HIGHWAYS,MULTI STATE
QPISR_4th_QTR_2024-25.pdf,197,N24001629,ROAD TRANSPORT AND HIGHWAYS,MULTI STATE
QPISR_4th_QTR_2024-25.pdf,197,N25000072,SHIPPING AND PORTS,MULTI STATE
QPISR_4th_QTR_2024-25.pdf,197,N26000114,TELECOMMUNIC ATIONS,MULTI STATE
QPISR_4th_QTR_2024-25.pdf,197,N26000115,TELECOMMUNIC ATIONS,MULTI STATE
QPISR_4th_QTR_2024-25.pdf,197,N26000116,TELECOMMUNIC ATIONS,MULTI STATE
QPISR_4th_QTR_2024-25.pdf,198,N26000117,TELECOMMUNIC ATIONS,MULTI STATE
QPISR_4th_QTR_2024-25.pdf,198,N26000118,TELECOMMUNIC ATIONS,MULTI STATE
QPISR_4th_QTR_2024-25.pdf,198,N28000134,URBAN DEVELOPMENT,MULTI STATE
QPISR_4th_QTR_2024-25.pdf,198,N16000529,PETROLEUM,NAGALAND
QPISR_4th_QTR_2024-25.pdf,198,N22000124,RAILWAYS,NAGALAND
QPISR_4th_QTR_2024-25.pdf,198,N24000686,ROAD TRANSPORT AND HIGHWAYS,NAGALAND
QPISR_4th_QTR_2024-25.pdf,198,N24000688,ROAD TRANSPORT AND HIGHWAYS,NAGALAND
QPISR_4th_QTR_2024-25.pdf,198,N24000752,ROAD TRANSPORT AND HIGHWAYS,NAGALAND
QPISR_4th_QTR_2024-25.pdf,199,N24000753,ROAD TRANSPORT AND HIGHWAYS,NAGALAND
QPISR_4th_QTR_2024-25.pdf,199,N24000756,ROAD TRANSPORT AND HIGHWAYS,NAGALAND
QPISR_4th_QTR_2024-25.pdf,199,N24000763,ROAD TRANSPORT AND HIGHWAYS,NAGALAND
QPISR_4th_QTR_2024-25.pdf,199,N24000765,ROAD TRANSPORT AND HIGHWAYS,NAGALAND
QPISR_4th_QTR_2024-25.pdf,199,N24001179,ROAD TRANSPORT AND HIGHWAYS,NAGALAND
QPISR_4th_QTR_2024-25.pdf,199,N24001180,ROAD TRANSPORT AND HIGHWAYS,NAGALAND
QPISR_4th_QTR_2024-25.pdf,199,N24001255,ROAD TRANSPORT AND HIGHWAYS,NAGALAND
QPISR_4th_QTR_2024-25.pdf,200,N24001257,ROAD TRANSPORT AND HIGHWAYS,NAGALAND
QPISR_4th_QTR_2024-25.pdf,200,N24001258,ROAD TRANSPORT AND HIGHWAYS,NAGALAND
QPISR_4th_QTR_2024-25.pdf,200,N24001259,ROAD TRANSPORT AND HIGHWAYS,NAGALAND
QPISR_4th_QTR_2024-25.pdf,201,N24001466,ROAD TRANSPORT AND HIGHWAYS,NAGALAND
QPISR_4th_QTR_2024-25.pdf,201,N24001467,ROAD TRANSPORT AND HIGHWAYS,NAGALAND
QPISR_4th_QTR_2024-25.pdf,201,N24001475,ROAD TRANSPORT AND HIGHWAYS,NAGALAND
QPISR_4th_QTR_2024-25.pdf,201,N24001855,ROAD TRANSPORT AND HIGHWAYS,NAGALAND
QPISR_4th_QTR_2024-25.pdf,202,N24001912,ROAD TRANSPORT AND HIGHWAYS,NAGALAND
QPISR_4th_QTR_2024-25.pdf,202,N24001976,ROAD TRANSPORT AND HIGHWAYS,NAGALAND
QPISR_4th_QTR_2024-25.pdf,202,N24001977,ROAD TRANSPORT AND HIGHWAYS,NAGALAND
QPISR_4th_QTR_2024-25.pdf,202,N24001978,ROAD TRANSPORT AND HIGHWAYS,NAGALAND
QPISR_4th_QTR_2024-25.pdf,202,N06000112,COAL,ODISHA
QPISR_4th_QTR_2024-25.pdf,202,N06000113,COAL,ODISHA
QPISR_4th_QTR_2024-25.pdf,202,N06000117,COAL,ODISHA
QPISR_4th_QTR_2024-25.pdf,202,N06000167,COAL,ODISHA
QPISR_4th_QTR_2024-25.pdf,203,N06000171,COAL,ODISHA
QPISR_4th_QTR_2024-25.pdf,203,N06000189,COAL,ODISHA
QPISR_4th_QTR_2024-25.pdf,203,N06000203,COAL,ODISHA
QPISR_4th_QTR_2024-25.pdf,203,N06000227,COAL,ODISHA
QPISR_4th_QTR_2024-25.pdf,203,N06000229,COAL,ODISHA
QPISR_4th_QTR_2024-25.pdf,203,N06000230,COAL,ODISHA
QPISR_4th_QTR_2024-25.pdf,203,N06000248,COAL,ODISHA
QPISR_4th_QTR_2024-25.pdf,203,N06000249,COAL,ODISHA
QPISR_4th_QTR_2024-25.pdf,203,N06000261,COAL,ODISHA
QPISR_4th_QTR_2024-25.pdf,204,N06000270,COAL,ODISHA
QPISR_4th_QTR_2024-25.pdf,204,N06000285,COAL,ODISHA
QPISR_4th_QTR_2024-25.pdf,204,N06000286,COAL,ODISHA
QPISR_4th_QTR_2024-25.pdf,204,N06000288,COAL,ODISHA
QPISR_4th_QTR_2024-25.pdf,204,N06000289,COAL,ODISHA
QPISR_4th_QTR_2024-25.pdf,204,N28000126,DEPARTMENT OF HIGHER EDUCATION,ODISHA
QPISR_4th_QTR_2024-25.pdf,204,N10000010,MINES,ODISHA
QPISR_4th_QTR_2024-25.pdf,204,N10000011,MINES,ODISHA
QPISR_4th_QTR_2024-25.pdf,205,N10000012,MINES,ODISHA
QPISR_4th_QTR_2024-25.pdf,205,N10000013,MINES,ODISHA
QPISR_4th_QTR_2024-25.pdf,205,N10000016,MINES,ODISHA
QPISR_4th_QTR_2024-25.pdf,205,N10000017,MINES,ODISHA
QPISR_4th_QTR_2024-25.pdf,205,N16000361,PETROLEUM,ODISHA
QPISR_4th_QTR_2024-25.pdf,205,N16000362,PETROLEUM,ODISHA
QPISR_4th_QTR_2024-25.pdf,205,N16000368,PETROLEUM,ODISHA
QPISR_4th_QTR_2024-25.pdf,205,N16000396,PETROLEUM,ODISHA
QPISR_4th_QTR_2024-25.pdf,206,N18000351,POWER,ODISHA
QPISR_4th_QTR_2024-25.pdf,206,N18000364,POWER,ODISHA
QPISR_4th_QTR_2024-25.pdf,206,N22000316,POWER,ODISHA
QPISR_4th_QTR_2024-25.pdf,206,N22000376,POWER,ODISHA
QPISR_4th_QTR_2024-25.pdf,206,N22000379,POWER,ODISHA
QPISR_4th_QTR_2024-25.pdf,206,N22000380,POWER,ODISHA
QPISR_4th_QTR_2024-25.pdf,206,N22000381,POWER,ODISHA
QPISR_4th_QTR_2024-25.pdf,207,N22000409,POWER,ODISHA
QPISR_4th_QTR_2024-25.pdf,207,N22000418,POWER,ODISHA
QPISR_4th_QTR_2024-25.pdf,207,N22000516,POWER,ODISHA
QPISR_4th_QTR_2024-25.pdf,207,N22000517,POWER,ODISHA
QPISR_4th_QTR_2024-25.pdf,207,N22000518,POWER,ODISHA
QPISR_4th_QTR_2024-25.pdf,207,N22000519,POWER,ODISHA
QPISR_4th_QTR_2024-25.pdf,207,N22000520,POWER,ODISHA
QPISR_4th_QTR_2024-25.pdf,207,N22000521,POWER,ODISHA
QPISR_4th_QTR_2024-25.pdf,207,N22000522,POWER,ODISHA
QPISR_4th_QTR_2024-25.pdf,208,N22000571,POWER,ODISHA
QPISR_4th_QTR_2024-25.pdf,208,N24000619,POWER,ODISHA
QPISR_4th_QTR_2024-25.pdf,208,N24000715,POWER,ODISHA
QPISR_4th_QTR_2024-25.pdf,208,N24000733,POWER,ODISHA
QPISR_4th_QTR_2024-25.pdf,208,N24000734,POWER,ODISHA
QPISR_4th_QTR_2024-25.pdf,208,N24000736,POWER,ODISHA
QPISR_4th_QTR_2024-25.pdf,208,N24000738,POWER,ODISHA
QPISR_4th_QTR_2024-25.pdf,209,N24000739,POWER,ODISHA
QPISR_4th_QTR_2024-25.pdf,209,N24000917,POWER,ODISHA
QPISR_4th_QTR_2024-25.pdf,209,N24001647,POWER,ODISHA
QPISR_4th_QTR_2024-25.pdf,209,N24001665,POWER,ODISHA
QPISR_4th_QTR_2024-25.pdf,209,N24001666,POWER,ODISHA
QPISR_4th_QTR_2024-25.pdf,209,N24001667,POWER,ODISHA
QPISR_4th_QTR_2024-25.pdf,210,N24001668,POWER,ODISHA
QPISR_4th_QTR_2024-25.pdf,210,N24001669,POWER,ODISHA
QPISR_4th_QTR_2024-25.pdf,210,N24001670,POWER,ODISHA
QPISR_4th_QTR_2024-25.pdf,210,N24001671,POWER,ODISHA
QPISR_4th_QTR_2024-25.pdf,210,N24001678,POWER,ODISHA
QPISR_4th_QTR_2024-25.pdf,210,N24001857,POWER,ODISHA
QPISR_4th_QTR_2024-25.pdf,210,N24001858,POWER,ODISHA
QPISR_4th_QTR_2024-25.pdf,210,N24001859,POWER,ODISHA
QPISR_4th_QTR_2024-25.pdf,211,N24001860,POWER,ODISHA
QPISR_4th_QTR_2024-25.pdf,211,N24001861,POWER,ODISHA
QPISR_4th_QTR_2024-25.pdf,211,N24001862,POWER,ODISHA
QPISR_4th_QTR_2024-25.pdf,211,N24001863,POWER,ODISHA
QPISR_4th_QTR_2024-25.pdf,211,N24001864,POWER,ODISHA
QPISR_4th_QTR_2024-25.pdf,211,N24001865,POWER,ODISHA
QPISR_4th_QTR_2024-25.pdf,212,N12000122,STEEL,ODISHA
QPISR_4th_QTR_2024-25.pdf,213,N12000125,STEEL,ODISHA
QPISR_4th_QTR_2024-25.pdf,213,N28000142,DEPARTMENT OF HIGHER EDUCATION,PUNJAB
QPISR_4th_QTR_2024-25.pdf,213,N16000402,PETROLEUM,PUNJAB
QPISR_4th_QTR_2024-25.pdf,213,N16000440,PETROLEUM,PUNJAB
QPISR_4th_QTR_2024-25.pdf,213,N16000488,PETROLEUM,PUNJAB
QPISR_4th_QTR_2024-25.pdf,213,N22000502,RAILWAYS,PUNJAB
QPISR_4th_QTR_2024-25.pdf,213,N22000589,RAILWAYS,PUNJAB
QPISR_4th_QTR_2024-25.pdf,213,N22000614,RAILWAYS,PUNJAB
QPISR_4th_QTR_2024-25.pdf,214,N24000907,ROAD TRANSPORT AND HIGHWAYS,PUNJAB
QPISR_4th_QTR_2024-25.pdf,214,N24000909,ROAD TRANSPORT AND HIGHWAYS,PUNJAB
QPISR_4th_QTR_2024-25.pdf,214,N24000910,ROAD TRANSPORT AND HIGHWAYS,PUNJAB
QPISR_4th_QTR_2024-25.pdf,214,N24000941,ROAD TRANSPORT AND HIGHWAYS,PUNJAB
QPISR_4th_QTR_2024-25.pdf,214,N24001415,ROAD TRANSPORT AND HIGHWAYS,PUNJAB
QPISR_4th_QTR_2024-25.pdf,214,N24001416,ROAD TRANSPORT AND HIGHWAYS,PUNJAB
QPISR_4th_QTR_2024-25.pdf,214,N24001417,ROAD TRANSPORT AND HIGHWAYS,PUNJAB
QPISR_4th_QTR_2024-25.pdf,215,N24001418,ROAD TRANSPORT AND HIGHWAYS,PUNJAB
QPISR_4th_QTR_2024-25.pdf,215,N24001419,ROAD TRANSPORT AND HIGHWAYS,PUNJAB
QPISR_4th_QTR_2024-25.pdf,215,N24001420,ROAD TRANSPORT AND HIGHWAYS,PUNJAB
QPISR_4th_QTR_2024-25.pdf,215,N24001630,ROAD TRANSPORT AND HIGHWAYS,PUNJAB
QPISR_4th_QTR_2024-25.pdf,215,N24001631,ROAD TRANSPORT AND HIGHWAYS,PUNJAB
QPISR_4th_QTR_2024-25.pdf,215,N24001632,ROAD TRANSPORT AND HIGHWAYS,PUNJAB
QPISR_4th_QTR_2024-25.pdf,215,N24001636,ROAD TRANSPORT AND HIGHWAYS,PUNJAB
QPISR_4th_QTR_2024-25.pdf,216,N24001643,ROAD TRANSPORT AND HIGHWAYS,PUNJAB
QPISR_4th_QTR_2024-25.pdf,217,N24001644,ROAD TRANSPORT AND HIGHWAYS,PUNJAB
QPISR_4th_QTR_2024-25.pdf,217,N24001960,ROAD TRANSPORT AND HIGHWAYS,PUNJAB
QPISR_4th_QTR_2024-25.pdf,217,N24001961,ROAD TRANSPORT AND HIGHWAYS,PUNJAB
QPISR_4th_QTR_2024-25.pdf,217,N24002075,ROAD TRANSPORT AND HIGHWAYS,PUNJAB
QPISR_4th_QTR_2024-25.pdf,217,N24002076,ROAD TRANSPORT AND HIGHWAYS,PUNJAB
QPISR_4th_QTR_2024-25.pdf,217,N24002091,ROAD TRANSPORT AND HIGHWAYS,PUNJAB
QPISR_4th_QTR_2024-25.pdf,217,N24002092,ROAD TRANSPORT AND HIGHWAYS,PUNJAB
QPISR_4th_QTR_2024-25.pdf,218,N24002098,ROAD TRANSPORT AND HIGHWAYS,PUNJAB
QPISR_4th_QTR_2024-25.pdf,218,N24002100,ROAD TRANSPORT AND HIGHWAYS,PUNJAB
QPISR_4th_QTR_2024-25.pdf,218,N24002101,ROAD TRANSPORT AND HIGHWAYS,PUNJAB
QPISR_4th_QTR_2024-25.pdf,218,N24002102,ROAD TRANSPORT AND HIGHWAYS,PUNJAB
QPISR_4th_QTR_2024-25.pdf,218,N04000101,CIVIL AVIATION,RAJASTHAN
QPISR_4th_QTR_2024-25.pdf,218,N04000104,CIVIL AVIATION,RAJASTHAN
QPISR_4th_QTR_2024-25.pdf,219,N16000489,PETROLEUM,RAJASTHAN
QPISR_4th_QTR_2024-25.pdf,219,N18000292,POWER,RAJASTHAN
QPISR_4th_QTR_2024-25.pdf,219,N18000293,POWER,RAJASTHAN
QPISR_4th_QTR_2024-25.pdf,219,N18000294,POWER,RAJASTHAN
QPISR_4th_QTR_2024-25.pdf,220,N18000320,POWER,RAJASTHAN
QPISR_4th_QTR_2024-25.pdf,220,N18000321,POWER,RAJASTHAN
QPISR_4th_QTR_2024-25.pdf,220,N18000322,POWER,RAJASTHAN
QPISR_4th_QTR_2024-25.pdf,220,N18000347,POWER,RAJASTHAN
QPISR_4th_QTR_2024-25.pdf,220,N18000356,POWER,RAJASTHAN
QPISR_4th_QTR_2024-25.pdf,220,N18000372,POWER,RAJASTHAN
QPISR_4th_QTR_2024-25.pdf,221,N18000375,POWER,RAJASTHAN
QPISR_4th_QTR_2024-25.pdf,221,N18000376,POWER,RAJASTHAN
QPISR_4th_QTR_2024-25.pdf,221,N18000378,POWER,RAJASTHAN
QPISR_4th_QTR_2024-25.pdf,221,N18000379,POWER,RAJASTHAN
QPISR_4th_QTR_2024-25.pdf,221,N18000386,POWER,RAJASTHAN
QPISR_4th_QTR_2024-25.pdf,221,N18000387,POWER,RAJASTHAN
QPISR_4th_QTR_2024-25.pdf,222,N18000389,POWER,RAJASTHAN
QPISR_4th_QTR_2024-25.pdf,222,N18000391,POWER,RAJASTHAN
QPISR_4th_QTR_2024-25.pdf,222,N18000393,POWER,RAJASTHAN
QPISR_4th_QTR_2024-25.pdf,222,N18000394,POWER,RAJASTHAN
QPISR_4th_QTR_2024-25.pdf,222,N18000396,POWER,RAJASTHAN
QPISR_4th_QTR_2024-25.pdf,222,N18000397,POWER,RAJASTHAN
QPISR_4th_QTR_2024-25.pdf,222,N18000401,POWER,RAJASTHAN
QPISR_4th_QTR_2024-25.pdf,223,N18000403,POWER,RAJASTHAN
QPISR_4th_QTR_2024-25.pdf,223,N18000404,POWER,RAJASTHAN
QPISR_4th_QTR_2024-25.pdf,223,N22000553,RAILWAYS,RAJASTHAN
QPISR_4th_QTR_2024-25.pdf,223,N22000593,RAILWAYS,RAJASTHAN
QPISR_4th_QTR_2024-25.pdf,223,N22000594,RAILWAYS,RAJASTHAN
QPISR_4th_QTR_2024-25.pdf,223,N22000605,RAILWAYS,RAJASTHAN
QPISR_4th_QTR_2024-25.pdf,223,N22000607,RAILWAYS,RAJASTHAN
QPISR_4th_QTR_2024-25.pdf,223,N22000608,RAILWAYS,RAJASTHAN
QPISR_4th_QTR_2024-25.pdf,224,N24000795,ROAD TRANSPORT AND HIGHWAYS,RAJASTHAN
QPISR_4th_QTR_2024-25.pdf,224,N24001241,ROAD TRANSPORT AND HIGHWAYS,RAJASTHAN
QPISR_4th_QTR_2024-25.pdf,224,N24001411,ROAD TRANSPORT AND HIGHWAYS,RAJASTHAN
QPISR_4th_QTR_2024-25.pdf,224,N24001527,ROAD TRANSPORT AND HIGHWAYS,RAJASTHAN
QPISR_4th_QTR_2024-25.pdf,224,N24001528,ROAD TRANSPORT AND HIGHWAYS,RAJASTHAN
QPISR_4th_QTR_2024-25.pdf,225,N24001561,ROAD TRANSPORT AND HIGHWAYS,RAJASTHAN
QPISR_4th_QTR_2024-25.pdf,225,N24001564,ROAD TRANSPORT AND HIGHWAYS,RAJASTHAN
QPISR_4th_QTR_2024-25.pdf,225,N24001566,ROAD TRANSPORT AND HIGHWAYS,RAJASTHAN
QPISR_4th_QTR_2024-25.pdf,226,N24001567,ROAD TRANSPORT AND HIGHWAYS,RAJASTHAN
QPISR_4th_QTR_2024-25.pdf,226,N24001568,ROAD TRANSPORT AND HIGHWAYS,RAJASTHAN
QPISR_4th_QTR_2024-25.pdf,226,N24001569,ROAD TRANSPORT AND HIGHWAYS,RAJASTHAN
QPISR_4th_QTR_2024-25.pdf,226,N24001571,ROAD TRANSPORT AND HIGHWAYS,RAJASTHAN
QPISR_4th_QTR_2024-25.pdf,226,N24001573,ROAD TRANSPORT AND HIGHWAYS,RAJASTHAN
QPISR_4th_QTR_2024-25.pdf,226,N24001612,ROAD TRANSPORT AND HIGHWAYS,RAJASTHAN
QPISR_4th_QTR_2024-25.pdf,226,N24001866,ROAD TRANSPORT AND HIGHWAYS,RAJASTHAN
QPISR_4th_QTR_2024-25.pdf,227,N24001867,ROAD TRANSPORT AND HIGHWAYS,RAJASTHAN
QPISR_4th_QTR_2024-25.pdf,227,N24001868,ROAD TRANSPORT AND HIGHWAYS,RAJASTHAN
QPISR_4th_QTR_2024-25.pdf,227,N24001869,ROAD TRANSPORT AND HIGHWAYS,RAJASTHAN
QPISR_4th_QTR_2024-25.pdf,227,N24001927,ROAD TRANSPORT AND HIGHWAYS,RAJASTHAN
QPISR_4th_QTR_2024-25.pdf,227,N24001928,ROAD TRANSPORT AND HIGHWAYS,RAJASTHAN
QPISR_4th_QTR_2024-25.pdf,227,N24002058,ROAD TRANSPORT AND HIGHWAYS,RAJASTHAN
QPISR_4th_QTR_2024-25.pdf,227,N24002167,ROAD TRANSPORT AND HIGHWAYS,RAJASTHAN
QPISR_4th_QTR_2024-25.pdf,228,N24002168,ROAD TRANSPORT AND HIGHWAYS,RAJASTHAN
QPISR_4th_QTR_2024-25.pdf,228,N18000325,POWER,SIKKIM
QPISR_4th_QTR_2024-25.pdf,228,N18000326,POWER,SIKKIM
QPISR_4th_QTR_2024-25.pdf,228,N22000102,RAILWAYS,SIKKIM
QPISR_4th_QTR_2024-25.pdf,228,N24000767,ROAD TRANSPORT AND HIGHWAYS,SIKKIM
QPISR_4th_QTR_2024-25.pdf,228,N24000768,ROAD TRANSPORT AND HIGHWAYS,SIKKIM
QPISR_4th_QTR_2024-25.pdf,229,N24001251,ROAD TRANSPORT AND HIGHWAYS,SIKKIM
QPISR_4th_QTR_2024-25.pdf,229,N24001252,ROAD TRANSPORT AND HIGHWAYS,SIKKIM
QPISR_4th_QTR_2024-25.pdf,229,N24001254,ROAD TRANSPORT AND HIGHWAYS,SIKKIM
QPISR_4th_QTR_2024-25.pdf,229,N24001261,ROAD TRANSPORT AND HIGHWAYS,SIKKIM
QPISR_4th_QTR_2024-25.pdf,229,N24001262,ROAD TRANSPORT AND HIGHWAYS,SIKKIM
QPISR_4th_QTR_2024-25.pdf,229,N24001322,ROAD TRANSPORT AND HIGHWAYS,SIKKIM
QPISR_4th_QTR_2024-25.pdf,229,N24001325,ROAD TRANSPORT AND HIGHWAYS,SIKKIM
QPISR_4th_QTR_2024-25.pdf,230,N24001327,ROAD TRANSPORT AND HIGHWAYS,SIKKIM
QPISR_4th_QTR_2024-25.pdf,230,N24001336,ROAD TRANSPORT AND HIGHWAYS,SIKKIM
QPISR_4th_QTR_2024-25.pdf,230,N24001337,ROAD TRANSPORT AND HIGHWAYS,SIKKIM
QPISR_4th_QTR_2024-25.pdf,230,N24001338,ROAD TRANSPORT AND HIGHWAYS,SIKKIM
QPISR_4th_QTR_2024-25.pdf,230,N24001361,ROAD TRANSPORT AND HIGHWAYS,SIKKIM
QPISR_4th_QTR_2024-25.pdf,230,N24001362,ROAD TRANSPORT AND HIGHWAYS,SIKKIM
QPISR_4th_QTR_2024-25.pdf,230,N24001442,ROAD TRANSPORT AND HIGHWAYS,SIKKIM
QPISR_4th_QTR_2024-25.pdf,231,N24001913,ROAD TRANSPORT AND HIGHWAYS,SIKKIM
QPISR_4th_QTR_2024-25.pdf,231,N04000074,CIVIL AVIATION,TAMIL NADU
QPISR_4th_QTR_2024-25.pdf,231,N04000075,CIVIL AVIATION,TAMIL NADU
QPISR_4th_QTR_2024-25.pdf,231,N04000090,CIVIL AVIATION,TAMIL NADU
QPISR_4th_QTR_2024-25.pdf,231,N06000259,COAL,TAMIL NADU
QPISR_4th_QTR_2024-25.pdf,232,N16000405,PETROLEUM,TAMIL NADU
QPISR_4th_QTR_2024-25.pdf,232,N16000490,PETROLEUM,TAMIL NADU
QPISR_4th_QTR_2024-25.pdf,232,N16000492,PETROLEUM,TAMIL NADU
QPISR_4th_QTR_2024-25.pdf,233,N22000028,RAILWAYS,TAMIL NADU
QPISR_4th_QTR_2024-25.pdf,233,N22000085,RAILWAYS,TAMIL NADU
QPISR_4th_QTR_2024-25.pdf,233,N22000568,RAILWAYS,TAMIL NADU
QPISR_4th_QTR_2024-25.pdf,233,N22000618,RAILWAYS,TAMIL NADU
QPISR_4th_QTR_2024-25.pdf,233,N22000625,RAILWAYS,TAMIL NADU
QPISR_4th_QTR_2024-25.pdf,233,N22000626,RAILWAYS,TAMIL NADU
QPISR_4th_QTR_2024-25.pdf,233,N24000176,ROAD TRANSPORT AND HIGHWAYS,TAMIL NADU
QPISR_4th_QTR_2024-25.pdf,234,N24000697,ROAD TRANSPORT AND HIGHWAYS,TAMIL NADU
QPISR_4th_QTR_2024-25.pdf,234,N24000708,ROAD TRANSPORT AND HIGHWAYS,TAMIL NADU
QPISR_4th_QTR_2024-25.pdf,234,N24000826,ROAD TRANSPORT AND HIGHWAYS,TAMIL NADU
QPISR_4th_QTR_2024-25.pdf,234,N24001428,ROAD TRANSPORT AND HIGHWAYS,TAMIL NADU
QPISR_4th_QTR_2024-25.pdf,234,N24001429,ROAD TRANSPORT AND HIGHWAYS,TAMIL NADU
QPISR_4th_QTR_2024-25.pdf,234,N24001430,ROAD TRANSPORT AND HIGHWAYS,TAMIL NADU
QPISR_4th_QTR_2024-25.pdf,234,N24001431,ROAD TRANSPORT AND HIGHWAYS,TAMIL NADU
QPISR_4th_QTR_2024-25.pdf,235,N24001455,ROAD TRANSPORT AND HIGHWAYS,TAMIL NADU
QPISR_4th_QTR_2024-25.pdf,235,N24001600,ROAD TRANSPORT AND HIGHWAYS,TAMIL NADU
QPISR_4th_QTR_2024-25.pdf,235,N24001601,ROAD TRANSPORT AND HIGHWAYS,TAMIL NADU
QPISR_4th_QTR_2024-25.pdf,235,N24001602,ROAD TRANSPORT AND HIGHWAYS,TAMIL NADU
QPISR_4th_QTR_2024-25.pdf,235,N24001603,ROAD TRANSPORT AND HIGHWAYS,TAMIL NADU
QPISR_4th_QTR_2024-25.pdf,235,N24001604,ROAD TRANSPORT AND HIGHWAYS,TAMIL NADU
QPISR_4th_QTR_2024-25.pdf,236,N24001606,ROAD TRANSPORT AND HIGHWAYS,TAMIL NADU
QPISR_4th_QTR_2024-25.pdf,236,N24001692,ROAD TRANSPORT AND HIGHWAYS,TAMIL NADU
QPISR_4th_QTR_2024-25.pdf,236,N24001693,ROAD TRANSPORT AND HIGHWAYS,TAMIL NADU
QPISR_4th_QTR_2024-25.pdf,236,N24001694,ROAD TRANSPORT AND HIGHWAYS,TAMIL NADU
QPISR_4th_QTR_2024-25.pdf,236,N24001696,ROAD TRANSPORT AND HIGHWAYS,TAMIL NADU
QPISR_4th_QTR_2024-25.pdf,236,N24001716,ROAD TRANSPORT AND HIGHWAYS,TAMIL NADU
QPISR_4th_QTR_2024-25.pdf,236,N24001717,ROAD TRANSPORT AND HIGHWAYS,TAMIL NADU
QPISR_4th_QTR_2024-25.pdf,237,N24001718,ROAD TRANSPORT AND HIGHWAYS,TAMIL NADU
QPISR_4th_QTR_2024-25.pdf,237,N24001719,ROAD TRANSPORT AND HIGHWAYS,TAMIL NADU
QPISR_4th_QTR_2024-25.pdf,237,N24001720,ROAD TRANSPORT AND HIGHWAYS,TAMIL NADU
QPISR_4th_QTR_2024-25.pdf,237,N24001721,ROAD TRANSPORT AND HIGHWAYS,TAMIL NADU
QPISR_4th_QTR_2024-25.pdf,237,N24001722,ROAD TRANSPORT AND HIGHWAYS,TAMIL NADU
QPISR_4th_QTR_2024-25.pdf,237,N24001723,ROAD TRANSPORT AND HIGHWAYS,TAMIL NADU
QPISR_4th_QTR_2024-25.pdf,237,N24001725,ROAD TRANSPORT AND HIGHWAYS,TAMIL NADU
QPISR_4th_QTR_2024-25.pdf,238,N24001828,ROAD TRANSPORT AND HIGHWAYS,TAMIL NADU
QPISR_4th_QTR_2024-25.pdf,238,N24001829,ROAD TRANSPORT AND HIGHWAYS,TAMIL NADU
QPISR_4th_QTR_2024-25.pdf,238,N24001968,ROAD TRANSPORT AND HIGHWAYS,TAMIL NADU
QPISR_4th_QTR_2024-25.pdf,239,N24002113,ROAD TRANSPORT AND HIGHWAYS,TAMIL NADU
QPISR_4th_QTR_2024-25.pdf,239,N24002114,ROAD TRANSPORT AND HIGHWAYS,TAMIL NADU
QPISR_4th_QTR_2024-25.pdf,239,N24002151,ROAD TRANSPORT AND HIGHWAYS,TAMIL NADU
QPISR_4th_QTR_2024-25.pdf,239,N24002152,ROAD TRANSPORT AND HIGHWAYS,TAMIL NADU
QPISR_4th_QTR_2024-25.pdf,240,N24002153,ROAD TRANSPORT AND HIGHWAYS,TAMIL NADU
QPISR_4th_QTR_2024-25.pdf,240,N24002165,ROAD TRANSPORT AND HIGHWAYS,TAMIL NADU
QPISR_4th_QTR_2024-25.pdf,240,N24002216,ROAD TRANSPORT AND HIGHWAYS,TAMIL NADU
QPISR_4th_QTR_2024-25.pdf,240,N04000086,CIVIL AVIATION,TELANGANA
QPISR_4th_QTR_2024-25.pdf,240,N06000161,COAL,TELANGANA
QPISR_4th_QTR_2024-25.pdf,240,N06000202,COAL,TELANGANA
QPISR_4th_QTR_2024-25.pdf,240,N06000204,COAL,TELANGANA
QPISR_4th_QTR_2024-25.pdf,240,N06000210,COAL,TELANGANA
QPISR_4th_QTR_2024-25.pdf,241,N06000211,COAL,TELANGANA
QPISR_4th_QTR_2024-25.pdf,241,N06000213,COAL,TELANGANA
QPISR_4th_QTR_2024-25.pdf,241,N06000214,COAL,TELANGANA
QPISR_4th_QTR_2024-25.pdf,241,N06000258,COAL,TELANGANA
QPISR_4th_QTR_2024-25.pdf,241,N21000031,HEALTH AND FAMILY WELFARE,TELANGANA
QPISR_4th_QTR_2024-25.pdf,241,N28000098,HEALTH AND FAMILY WELFARE,TELANGANA
QPISR_4th_QTR_2024-25.pdf,241,N18000212,POWER,TELANGANA
QPISR_4th_QTR_2024-25.pdf,241,N22000032,RAILWAYS,TELANGANA
QPISR_4th_QTR_2024-25.pdf,242,N24000982,ROAD TRANSPORT AND HIGHWAYS,TELANGANA
QPISR_4th_QTR_2024-25.pdf,242,N24000983,ROAD TRANSPORT AND HIGHWAYS,TELANGANA
QPISR_4th_QTR_2024-25.pdf,242,N24000984,ROAD TRANSPORT AND HIGHWAYS,TELANGANA
QPISR_4th_QTR_2024-25.pdf,243,N24000986,ROAD TRANSPORT AND HIGHWAYS,TELANGANA
QPISR_4th_QTR_2024-25.pdf,244,N24001482,ROAD TRANSPORT AND HIGHWAYS,TELANGANA
QPISR_4th_QTR_2024-25.pdf,244,N24001483,ROAD TRANSPORT AND HIGHWAYS,TELANGANA
QPISR_4th_QTR_2024-25.pdf,244,N24001484,ROAD TRANSPORT AND HIGHWAYS,TELANGANA
QPISR_4th_QTR_2024-25.pdf,244,N24001522,ROAD TRANSPORT AND HIGHWAYS,TELANGANA
QPISR_4th_QTR_2024-25.pdf,246,N24002004,ROAD TRANSPORT AND HIGHWAYS,TELANGANA
QPISR_4th_QTR_2024-25.pdf,246,N24002005,ROAD TRANSPORT AND HIGHWAYS,TELANGANA
QPISR_4th_QTR_2024-25.pdf,246,N24002006,ROAD TRANSPORT AND HIGHWAYS,TELANGANA
QPISR_4th_QTR_2024-25.pdf,246,N24002007,ROAD TRANSPORT AND HIGHWAYS,TELANGANA
QPISR_4th_QTR_2024-25.pdf,246,N24002008,ROAD TRANSPORT AND HIGHWAYS,TELANGANA
QPISR_4th_QTR_2024-25.pdf,246,N24002009,ROAD TRANSPORT AND HIGHWAYS,TELANGANA
QPISR_4th_QTR_2024-25.pdf,247,N24002010,ROAD TRANSPORT AND HIGHWAYS,TELANGANA
QPISR_4th_QTR_2024-25.pdf,247,N24002082,ROAD TRANSPORT AND HIGHWAYS,TELANGANA
QPISR_4th_QTR_2024-25.pdf,247,N24002083,ROAD TRANSPORT AND HIGHWAYS,TELANGANA
QPISR_4th_QTR_2024-25.pdf,247,N24002190,ROAD TRANSPORT AND HIGHWAYS,TELANGANA
QPISR_4th_QTR_2024-25.pdf,247,N24001263,ROAD TRANSPORT AND HIGHWAYS,TRIPURA
QPISR_4th_QTR_2024-25.pdf,249,N04000077,CIVIL AVIATION,UTTAR PRADESH
QPISR_4th_QTR_2024-25.pdf,251,N22000417,RAILWAYS,UTTAR PRADESH
QPISR_4th_QTR_2024-25.pdf,251,N22000419,RAILWAYS,UTTAR PRADESH
QPISR_4th_QTR_2024-25.pdf,251,N22000468,RAILWAYS,UTTAR PRADESH
QPISR_4th_QTR_2024-25.pdf,251,N22000470,RAILWAYS,UTTAR PRADESH
QPISR_4th_QTR_2024-25.pdf,251,N22000495,RAILWAYS,UTTAR PRADESH
QPISR_4th_QTR_2024-25.pdf,251,N22000496,RAILWAYS,UTTAR PRADESH
QPISR_4th_QTR_2024-25.pdf,251,N22000501,RAILWAYS,UTTAR PRADESH
QPISR_4th_QTR_2024-25.pdf,251,N22000525,RAILWAYS,UTTAR PRADESH
QPISR_4th_QTR_2024-25.pdf,252,N22000544,RAILWAYS,UTTAR PRADESH
QPISR_4th_QTR_2024-25.pdf,252,N22000545,RAILWAYS,UTTAR PRADESH
QPISR_4th_QTR_2024-25.pdf,252,N22000546,RAILWAYS,UTTAR PRADESH
QPISR_4th_QTR_2024-25.pdf,252,N22000562,RAILWAYS,UTTAR PRADESH
QPISR_4th_QTR_2024-25.pdf,252,N22000563,RAILWAYS,UTTAR PRADESH
QPISR_4th_QTR_2024-25.pdf,252,N22000564,RAILWAYS,UTTAR PRADESH
QPISR_4th_QTR_2024-25.pdf,252,N22000565,RAILWAYS,UTTAR PRADESH
QPISR_4th_QTR_2024-25.pdf,252,N22000566,RAILWAYS,UTTAR PRADESH
QPISR_4th_QTR_2024-25.pdf,252,N22000569,RAILWAYS,UTTAR PRADESH
QPISR_4th_QTR_2024-25.pdf,253,N22000583,RAILWAYS,UTTAR PRADESH
QPISR_4th_QTR_2024-25.pdf,253,N22000590,RAILWAYS,UTTAR PRADESH
QPISR_4th_QTR_2024-25.pdf,253,N22000591,RAILWAYS,UTTAR PRADESH
QPISR_4th_QTR_2024-25.pdf,253,N22000596,RAILWAYS,UTTAR PRADESH
QPISR_4th_QTR_2024-25.pdf,253,N22000598,RAILWAYS,UTTAR PRADESH
QPISR_4th_QTR_2024-25.pdf,253,N22000612,RAILWAYS,UTTAR PRADESH
QPISR_4th_QTR_2024-25.pdf,253,N22000613,RAILWAYS,UTTAR PRADESH
QPISR_4th_QTR_2024-25.pdf,253,N24000331,ROAD TRANSPORT AND HIGHWAYS,UTTAR PRADESH
QPISR_4th_QTR_2024-25.pdf,254,N24000556,ROAD TRANSPORT AND HIGHWAYS,UTTAR PRADESH
QPISR_4th_QTR_2024-25.pdf,254,N24000564,ROAD TRANSPORT AND HIGHWAYS,UTTAR PRADESH
QPISR_4th_QTR_2024-25.pdf,254,N24000796,ROAD TRANSPORT AND HIGHWAYS,UTTAR PRADESH
QPISR_4th_QTR_2024-25.pdf,254,N24000798,ROAD TRANSPORT AND HIGHWAYS,UTTAR PRADESH
QPISR_4th_QTR_2024-25.pdf,254,N24001185,ROAD TRANSPORT AND HIGHWAYS,UTTAR PRADESH
QPISR_4th_QTR_2024-25.pdf,254,N24001306,ROAD TRANSPORT AND HIGHWAYS,UTTAR PRADESH
QPISR_4th_QTR_2024-25.pdf,254,N24001421,ROAD TRANSPORT AND HIGHWAYS,UTTAR PRADESH
QPISR_4th_QTR_2024-25.pdf,255,N24001423,ROAD TRANSPORT AND HIGHWAYS,UTTAR PRADESH
QPISR_4th_QTR_2024-25.pdf,255,N24001424,ROAD TRANSPORT AND HIGHWAYS,UTTAR PRADESH
QPISR_4th_QTR_2024-25.pdf,255,N24001456,ROAD TRANSPORT AND HIGHWAYS,UTTAR PRADESH
QPISR_4th_QTR_2024-25.pdf,255,N24001457,ROAD TRANSPORT AND HIGHWAYS,UTTAR PRADESH
QPISR_4th_QTR_2024-25.pdf,255,N24001461,ROAD TRANSPORT AND HIGHWAYS,UTTAR PRADESH
QPISR_4th_QTR_2024-25.pdf,255,N24001462,ROAD TRANSPORT AND HIGHWAYS,UTTAR PRADESH
QPISR_4th_QTR_2024-25.pdf,255,N24001463,ROAD TRANSPORT AND HIGHWAYS,UTTAR PRADESH
QPISR_4th_QTR_2024-25.pdf,256,N24001464,ROAD TRANSPORT AND HIGHWAYS,UTTAR PRADESH
QPISR_4th_QTR_2024-25.pdf,256,N24001469,ROAD TRANSPORT AND HIGHWAYS,UTTAR PRADESH
QPISR_4th_QTR_2024-25.pdf,256,N24001471,ROAD TRANSPORT AND HIGHWAYS,UTTAR PRADESH
QPISR_4th_QTR_2024-25.pdf,256,N24001479,ROAD TRANSPORT AND HIGHWAYS,UTTAR PRADESH
QPISR_4th_QTR_2024-25.pdf,256,N24001480,ROAD TRANSPORT AND HIGHWAYS,UTTAR PRADESH
QPISR_4th_QTR_2024-25.pdf,256,N24001523,ROAD TRANSPORT AND HIGHWAYS,UTTAR PRADESH
QPISR_4th_QTR_2024-25.pdf,256,N24001524,ROAD TRANSPORT AND HIGHWAYS,UTTAR PRADESH
QPISR_4th_QTR_2024-25.pdf,257,N24001587,ROAD TRANSPORT AND HIGHWAYS,UTTAR PRADESH
QPISR_4th_QTR_2024-25.pdf,257,N24001726,ROAD TRANSPORT AND HIGHWAYS,UTTAR PRADESH
QPISR_4th_QTR_2024-25.pdf,257,N24001727,ROAD TRANSPORT AND HIGHWAYS,UTTAR PRADESH
QPISR_4th_QTR_2024-25.pdf,257,N24001728,ROAD TRANSPORT AND HIGHWAYS,UTTAR PRADESH
QPISR_4th_QTR_2024-25.pdf,257,N24001729,ROAD TRANSPORT AND HIGHWAYS,UTTAR PRADESH
QPISR_4th_QTR_2024-25.pdf,257,N24001730,ROAD TRANSPORT AND HIGHWAYS,UTTAR PRADESH
QPISR_4th_QTR_2024-25.pdf,257,N24001731,ROAD TRANSPORT AND HIGHWAYS,UTTAR PRADESH
QPISR_4th_QTR_2024-25.pdf,258,N24001732,ROAD TRANSPORT AND HIGHWAYS,UTTAR PRADESH
QPISR_4th_QTR_2024-25.pdf,258,N24001733,ROAD TRANSPORT AND HIGHWAYS,UTTAR PRADESH
QPISR_4th_QTR_2024-25.pdf,258,N24001734,ROAD TRANSPORT AND HIGHWAYS,UTTAR PRADESH
QPISR_4th_QTR_2024-25.pdf,258,N24001735,ROAD TRANSPORT AND HIGHWAYS,UTTAR PRADESH
QPISR_4th_QTR_2024-25.pdf,258,N24001736,ROAD TRANSPORT AND HIGHWAYS,UTTAR PRADESH
QPISR_4th_QTR_2024-25.pdf,258,N24001737,ROAD TRANSPORT AND HIGHWAYS,UTTAR PRADESH
QPISR_4th_QTR_2024-25.pdf,258,N24001738,ROAD TRANSPORT AND HIGHWAYS,UTTAR PRADESH
QPISR_4th_QTR_2024-25.pdf,259,N24001739,ROAD TRANSPORT AND HIGHWAYS,UTTAR PRADESH
QPISR_4th_QTR_2024-25.pdf,259,N24001744,ROAD TRANSPORT AND HIGHWAYS,UTTAR PRADESH
QPISR_4th_QTR_2024-25.pdf,259,N24001745,ROAD TRANSPORT AND HIGHWAYS,UTTAR PRADESH
QPISR_4th_QTR_2024-25.pdf,259,N24001746,ROAD TRANSPORT AND HIGHWAYS,UTTAR PRADESH
QPISR_4th_QTR_2024-25.pdf,260,N24001815,ROAD TRANSPORT AND HIGHWAYS,UTTAR PRADESH
QPISR_4th_QTR_2024-25.pdf,260,N24001826,ROAD TRANSPORT AND HIGHWAYS,UTTAR PRADESH
QPISR_4th_QTR_2024-25.pdf,260,N24001830,ROAD TRANSPORT AND HIGHWAYS,UTTAR PRADESH
QPISR_4th_QTR_2024-25.pdf,260,N24001851,ROAD TRANSPORT AND HIGHWAYS,UTTAR PRADESH
QPISR_4th_QTR_2024-25.pdf,260,N24001852,ROAD TRANSPORT AND HIGHWAYS,UTTAR PRADESH
QPISR_4th_QTR_2024-25.pdf,260,N24001853,ROAD TRANSPORT AND HIGHWAYS,UTTAR PRADESH
QPISR_4th_QTR_2024-25.pdf,261,N24001929,ROAD TRANSPORT AND HIGHWAYS,UTTAR PRADESH
QPISR_4th_QTR_2024-25.pdf,261,N24001992,ROAD TRANSPORT AND HIGHWAYS,UTTAR PRADESH
QPISR_4th_QTR_2024-25.pdf,261,N24001996,ROAD TRANSPORT AND HIGHWAYS,UTTAR PRADESH
QPISR_4th_QTR_2024-25.pdf,261,N24001997,ROAD TRANSPORT AND HIGHWAYS,UTTAR PRADESH
QPISR_4th_QTR_2024-25.pdf,261,N24002015,ROAD TRANSPORT AND HIGHWAYS,UTTAR PRADESH
QPISR_4th_QTR_2024-25.pdf,261,N24002016,ROAD TRANSPORT AND HIGHWAYS,UTTAR PRADESH
QPISR_4th_QTR_2024-25.pdf,261,N24002029,ROAD TRANSPORT AND HIGHWAYS,UTTAR PRADESH
QPISR_4th_QTR_2024-25.pdf,262,N24002031,ROAD TRANSPORT AND HIGHWAYS,UTTAR PRADESH
QPISR_4th_QTR_2024-25.pdf,262,N24002032,ROAD TRANSPORT AND HIGHWAYS,UTTAR PRADESH
QPISR_4th_QTR_2024-25.pdf,262,N24002036,ROAD TRANSPORT AND HIGHWAYS,UTTAR PRADESH
QPISR_4th_QTR_2024-25.pdf,262,N24002073,ROAD TRANSPORT AND HIGHWAYS,UTTAR PRADESH
QPISR_4th_QTR_2024-25.pdf,262,N24002085,ROAD TRANSPORT AND HIGHWAYS,UTTAR PRADESH
QPISR_4th_QTR_2024-25.pdf,262,N24002086,ROAD TRANSPORT AND HIGHWAYS,UTTAR PRADESH
QPISR_4th_QTR_2024-25.pdf,262,N24002087,ROAD TRANSPORT AND HIGHWAYS,UTTAR PRADESH
QPISR_4th_QTR_2024-25.pdf,263,N24002088,ROAD TRANSPORT AND HIGHWAYS,UTTAR PRADESH
QPISR_4th_QTR_2024-25.pdf,263,N24002089,ROAD TRANSPORT AND HIGHWAYS,UTTAR PRADESH
QPISR_4th_QTR_2024-25.pdf,263,N24002090,ROAD TRANSPORT AND HIGHWAYS,UTTAR PRADESH
QPISR_4th_QTR_2024-25.pdf,263,N24002093,ROAD TRANSPORT AND HIGHWAYS,UTTAR PRADESH
QPISR_4th_QTR_2024-25.pdf,263,N24002094,ROAD TRANSPORT AND HIGHWAYS,UTTAR PRADESH
QPISR_4th_QTR_2024-25.pdf,263,N24002095,ROAD TRANSPORT AND HIGHWAYS,UTTAR PRADESH
QPISR_4th_QTR_2024-25.pdf,263,N24002096,ROAD TRANSPORT AND HIGHWAYS,UTTAR PRADESH
QPISR_4th_QTR_2024-25.pdf,264,N24002097,ROAD TRANSPORT AND HIGHWAYS,UTTAR PRADESH
QPISR_4th_QTR_2024-25.pdf,264,N24002104,ROAD TRANSPORT AND HIGHWAYS,UTTAR PRADESH
QPISR_4th_QTR_2024-25.pdf,264,N24002105,ROAD TRANSPORT AND HIGHWAYS,UTTAR PRADESH
QPISR_4th_QTR_2024-25.pdf,264,N24002106,ROAD TRANSPORT AND HIGHWAYS,UTTAR PRADESH
QPISR_4th_QTR_2024-25.pdf,264,N24002115,ROAD TRANSPORT AND HIGHWAYS,UTTAR PRADESH
QPISR_4th_QTR_2024-25.pdf,264,N24002116,ROAD TRANSPORT AND HIGHWAYS,UTTAR PRADESH
QPISR_4th_QTR_2024-25.pdf,264,N24002120,ROAD TRANSPORT AND HIGHWAYS,UTTAR PRADESH
QPISR_4th_QTR_2024-25.pdf,265,N24002121,ROAD TRANSPORT AND HIGHWAYS,UTTAR PRADESH
QPISR_4th_QTR_2024-25.pdf,265,N24002134,ROAD TRANSPORT AND HIGHWAYS,UTTAR PRADESH
QPISR_4th_QTR_2024-25.pdf,265,N24002138,ROAD TRANSPORT AND HIGHWAYS,UTTAR PRADESH
QPISR_4th_QTR_2024-25.pdf,265,N24002150,ROAD TRANSPORT AND HIGHWAYS,UTTAR PRADESH
QPISR_4th_QTR_2024-25.pdf,265,N24002199,ROAD TRANSPORT AND HIGHWAYS,UTTAR PRADESH
QPISR_4th_QTR_2024-25.pdf,265,N24002201,ROAD TRANSPORT AND HIGHWAYS,UTTAR PRADESH
QPISR_4th_QTR_2024-25.pdf,265,N24002211,ROAD TRANSPORT AND HIGHWAYS,UTTAR PRADESH
QPISR_4th_QTR_2024-25.pdf,266,N24002212,ROAD TRANSPORT AND HIGHWAYS,UTTAR PRADESH
QPISR_4th_QTR_2024-25.pdf,266,N24002213,ROAD TRANSPORT AND HIGHWAYS,UTTAR PRADESH
QPISR_4th_QTR_2024-25.pdf,266,N24002214,ROAD TRANSPORT AND HIGHWAYS,UTTAR PRADESH
QPISR_4th_QTR_2024-25.pdf,266,N28000144,URBAN DEVELOPMENT,UTTAR PRADESH
QPISR_4th_QTR_2024-25.pdf,266,N28000145,URBAN DEVELOPMENT,UTTAR PRADESH
QPISR_4th_QTR_2024-25.pdf,266,N30000006,WATER RESOURCES,UTTAR PRADESH
QPISR_4th_QTR_2024-25.pdf,266,N30000008,WATER RESOURCES,UTTAR PRADESH
QPISR_4th_QTR_2024-25.pdf,266,N30000010,WATER RESOURCES,UTTAR PRADESH
QPISR_4th_QTR_2024-25.pdf,267,N30000013,WATER RESOURCES,UTTAR PRADESH
QPISR_4th_QTR_2024-25.pdf,267,N30000019,WATER RESOURCES,UTTAR PRADESH
QPISR_4th_QTR_2024-25.pdf,267,N30000021,WATER RESOURCES,UTTAR PRADESH
QPISR_4th_QTR_2024-25.pdf,267,N30000022,WATER RESOURCES,UTTAR PRADESH
QPISR_4th_QTR_2024-25.pdf,267,N30000024,WATER RESOURCES,UTTAR PRADESH
QPISR_4th_QTR_2024-25.pdf,267,N30000025,WATER RESOURCES,UTTAR PRADESH
QPISR_4th_QTR_2024-25.pdf,267,N04000085,CIVIL AVIATION,UTTARAKHAND
QPISR_4th_QTR_2024-25.pdf,267,N18000010,POWER,UTTARAKHAND
QPISR_4th_QTR_2024-25.pdf,268,N18000014,POWER,UTTARAKHAND
QPISR_4th_QTR_2024-25.pdf,268,N18000042,POWER,UTTARAKHAND
QPISR_4th_QTR_2024-25.pdf,268,N18000142,POWER,UTTARAKHAND
QPISR_4th_QTR_2024-25.pdf,268,N22000406,RAILWAYS,UTTARAKHAND
QPISR_4th_QTR_2024-25.pdf,268,N24000465,ROAD TRANSPORT AND HIGHWAYS,UTTARAKHAND
QPISR_4th_QTR_2024-25.pdf,268,N24000559,ROAD TRANSPORT AND HIGHWAYS,UTTARAKHAND
QPISR_4th_QTR_2024-25.pdf,269,N24000772,ROAD TRANSPORT AND HIGHWAYS,UTTARAKHAND
QPISR_4th_QTR_2024-25.pdf,269,N24000773,ROAD TRANSPORT AND HIGHWAYS,UTTARAKHAND
QPISR_4th_QTR_2024-25.pdf,269,N24000774,ROAD TRANSPORT AND HIGHWAYS,UTTARAKHAND
QPISR_4th_QTR_2024-25.pdf,269,N24000775,ROAD TRANSPORT AND HIGHWAYS,UTTARAKHAND
QPISR_4th_QTR_2024-25.pdf,269,N24000776,ROAD TRANSPORT AND HIGHWAYS,UTTARAKHAND
QPISR_4th_QTR_2024-25.pdf,269,N24000777,ROAD TRANSPORT AND HIGHWAYS,UTTARAKHAND
QPISR_4th_QTR_2024-25.pdf,270,N24000778,ROAD TRANSPORT AND HIGHWAYS,UTTARAKHAND
QPISR_4th_QTR_2024-25.pdf,270,N24000779,ROAD TRANSPORT AND HIGHWAYS,UTTARAKHAND
QPISR_4th_QTR_2024-25.pdf,270,N24000780,ROAD TRANSPORT AND HIGHWAYS,UTTARAKHAND
QPISR_4th_QTR_2024-25.pdf,270,N24000781,ROAD TRANSPORT AND HIGHWAYS,UTTARAKHAND
QPISR_4th_QTR_2024-25.pdf,270,N24000782,ROAD TRANSPORT AND HIGHWAYS,UTTARAKHAND
QPISR_4th_QTR_2024-25.pdf,270,N24000855,ROAD TRANSPORT AND HIGHWAYS,UTTARAKHAND
QPISR_4th_QTR_2024-25.pdf,270,N24001130,ROAD TRANSPORT AND HIGHWAYS,UTTARAKHAND
QPISR_4th_QTR_2024-25.pdf,271,N24001525,ROAD TRANSPORT AND HIGHWAYS,UTTARAKHAND
QPISR_4th_QTR_2024-25.pdf,271,N24001526,ROAD TRANSPORT AND HIGHWAYS,UTTARAKHAND
QPISR_4th_QTR_2024-25.pdf,271,N24001553,ROAD TRANSPORT AND HIGHWAYS,UTTARAKHAND
QPISR_4th_QTR_2024-25.pdf,271,N24001990,ROAD TRANSPORT AND HIGHWAYS,UTTARAKHAND
QPISR_4th_QTR_2024-25.pdf,271,N24001991,ROAD TRANSPORT AND HIGHWAYS,UTTARAKHAND
QPISR_4th_QTR_2024-25.pdf,271,N24002163,ROAD TRANSPORT AND HIGHWAYS,UTTARAKHAND
QPISR_4th_QTR_2024-25.pdf,271,N24002164,ROAD TRANSPORT AND HIGHWAYS,UTTARAKHAND
QPISR_4th_QTR_2024-25.pdf,271,N24002206,ROAD TRANSPORT AND HIGHWAYS,UTTARAKHAND
QPISR_4th_QTR_2024-25.pdf,272,N30000004,WATER RESOURCES,UTTARAKHAND
QPISR_4th_QTR_2024-25.pdf,272,N04000080,CIVIL AVIATION,WEST BENGAL
QPISR_4th_QTR_2024-25.pdf,272,N04000081,CIVIL AVIATION,WEST BENGAL
QPISR_4th_QTR_2024-25.pdf,272,N04000109,CIVIL AVIATION,WEST BENGAL
QPISR_4th_QTR_2024-25.pdf,272,N04000115,CIVIL AVIATION,WEST BENGAL
QPISR_4th_QTR_2024-25.pdf,272,N06000163,COAL,WEST BENGAL
QPISR_4th_QTR_2024-25.pdf,272,N06000165,COAL,WEST BENGAL
QPISR_4th_QTR_2024-25.pdf,272,N06000170,COAL,WEST BENGAL
QPISR_4th_QTR_2024-25.pdf,273,N06000191,COAL,WEST BENGAL
QPISR_4th_QTR_2024-25.pdf,273,N06000195,COAL,WEST BENGAL
QPISR_4th_QTR_2024-25.pdf,273,N06000220,COAL,WEST BENGAL
QPISR_4th_QTR_2024-25.pdf,273,N06000223,COAL,WEST BENGAL
QPISR_4th_QTR_2024-25.pdf,273,N06000236,COAL,WEST BENGAL
QPISR_4th_QTR_2024-25.pdf,273,N06000244,COAL,WEST BENGAL
QPISR_4th_QTR_2024-25.pdf,273,N06000272,COAL,WEST BENGAL
QPISR_4th_QTR_2024-25.pdf,273,N06000276,COAL,WEST BENGAL
QPISR_4th_QTR_2024-25.pdf,273,N06000277,COAL,WEST BENGAL
QPISR_4th_QTR_2024-25.pdf,274,N06000281,COAL,WEST BENGAL
QPISR_4th_QTR_2024-25.pdf,274,N28000146,DEPARTMENT OF HIGHER EDUCATION,WEST BENGAL
QPISR_4th_QTR_2024-25.pdf,274,N28000104,HOME AFFAIRS,WEST BENGAL
QPISR_4th_QTR_2024-25.pdf,274,N10000015,MINES,WEST BENGAL
QPISR_4th_QTR_2024-25.pdf,274,N16000275,PETROLEUM,WEST BENGAL
QPISR_4th_QTR_2024-25.pdf,274,N16000392,PETROLEUM,WEST BENGAL
QPISR_4th_QTR_2024-25.pdf,274,N16000478,PETROLEUM,WEST BENGAL
QPISR_4th_QTR_2024-25.pdf,274,N16000491,PETROLEUM,WEST BENGAL
QPISR_4th_QTR_2024-25.pdf,275,N16000498,PETROLEUM,WEST BENGAL
QPISR_4th_QTR_2024-25.pdf,275,N16000522,PETROLEUM,WEST BENGAL
QPISR_4th_QTR_2024-25.pdf,275,N18000178,POWER,WEST BENGAL
QPISR_4th_QTR_2024-25.pdf,275,N18000277,POWER,WEST BENGAL
QPISR_4th_QTR_2024-25.pdf,275,N22000108,POWER,WEST BENGAL
QPISR_4th_QTR_2024-25.pdf,275,N22000109,POWER,WEST BENGAL
QPISR_4th_QTR_2024-25.pdf,275,N22000110,POWER,WEST BENGAL
QPISR_4th_QTR_2024-25.pdf,276,N22000111,POWER,WEST BENGAL
QPISR_4th_QTR_2024-25.pdf,276,N22000510,POWER,WEST BENGAL
QPISR_4th_QTR_2024-25.pdf,276,N22000609,POWER,WEST BENGAL
QPISR_4th_QTR_2024-25.pdf,276,N22000624,POWER,WEST BENGAL
QPISR_4th_QTR_2024-25.pdf,276,N22000628,POWER,WEST BENGAL
QPISR_4th_QTR_2024-25.pdf,276,N22000630,POWER,WEST BENGAL
QPISR_4th_QTR_2024-25.pdf,276,N22000631,POWER,WEST BENGAL
QPISR_4th_QTR_2024-25.pdf,277,N24000874,ROAD TRANSPORT AND HIGHWAYS,WEST BENGAL
QPISR_4th_QTR_2024-25.pdf,277,N24000880,ROAD TRANSPORT AND HIGHWAYS,WEST BENGAL
QPISR_4th_QTR_2024-25.pdf,277,N24000885,ROAD TRANSPORT AND HIGHWAYS,WEST BENGAL
QPISR_4th_QTR_2024-25.pdf,277,N24000887,ROAD TRANSPORT AND HIGHWAYS,WEST BENGAL
QPISR_4th_QTR_2024-25.pdf,277,N24001747,ROAD TRANSPORT AND HIGHWAYS,WEST BENGAL
QPISR_4th_QTR_2024-25.pdf,278,N24001748,ROAD TRANSPORT AND HIGHWAYS,WEST BENGAL
QPISR_4th_QTR_2024-25.pdf,278,N24001749,ROAD TRANSPORT AND HIGHWAYS,WEST BENGAL
QPISR_4th_QTR_2024-25.pdf,278,N24001750,ROAD TRANSPORT AND HIGHWAYS,WEST BENGAL
QPISR_4th_QTR_2024-25.pdf,278,N24001850,ROAD TRANSPORT AND HIGHWAYS,WEST BENGAL
QPISR_4th_QTR_2024-25.pdf,278,N12000132,STEEL,WEST BENGAL
QPISR_4th_QTR_2024-25.pdf,278,N30000032,WATER RESOURCES,WEST BENGAL
QPISR_4th_QTR_2024-25.pdf,279,N30000034,WATER RESOURCES,WEST BENGAL
QPISR_4th_QTR_2024-25.pdf,279,N30000042,WATER RESOURCES,WEST BENGAL
QPISR_4th_QTR_2024-25.pdf,279,N30000045,WATER RESOURCES,WEST BENGAL
QPISR_4th_QTR_2024-25.pdf,279,N30000046,WATER RESOURCES,WEST BENGAL
QPISR_4th_QTR_2024-25.pdf,279,N30000047,WATER RESOURCES,WEST BENGAL
QPISR_4th_QTR_2024-25.pdf,279,N30000048,WATER RESOURCES,WEST BENGAL
QPISR_4th_QTR_2024-25.pdf,279,N30000049,WATER RESOURCES,WEST BENGAL
QPISR_QR_1st_2025-26.pdf,18,N24000741,,
QPISR_QR_1st_2025-26.pdf,38,N24001269,,
QPISR_QR_1st_2025-26.pdf,38,N24002237,,
QPISR_QR_1st_2025-26.pdf,41,N24002129,,
QPISR_QR_1st_2025-26.pdf,41,N24002130,,
QPISR_QR_1st_2025-26.pdf,41,N24001408,,
QPISR_QR_1st_2025-26.pdf,41,N24001434,,
QPISR_QR_1st_2025-26.pdf,42,N24001544,,
QPISR_QR_1st_2025-26.pdf,42,N24001545,,
QPISR_QR_1st_2025-26.pdf,42,N24001547,,
QPISR_QR_1st_2025-26.pdf,42,N24001548,,
QPISR_QR_1st_2025-26.pdf,42,N24001831,,
QPISR_QR_1st_2025-26.pdf,42,N24001832,,
QPISR_QR_1st_2025-26.pdf,43,N24001368,,
QPISR_QR_1st_2025-26.pdf,43,N24001331,,
QPISR_QR_1st_2025-26.pdf,43,N24001332,,
QPISR_QR_1st_2025-26.pdf,43,N24001326,,
QPISR_QR_1st_2025-26.pdf,43,N04000100,,
QPISR_QR_1st_2025-26.pdf,43,N24001274,,
QPISR_QR_1st_2025-26.pdf,54,N04000110,,
QPISR_QR_1st_2025-26.pdf,54,N44000002,,
QPISR_QR_1st_2025-26.pdf,59,N24000745,,
QPISR_QR_1st_2025-26.pdf,59,N24000749,,
QPISR_QR_1st_2025-26.pdf,59,N24000820,,
QPISR_QR_1st_2025-26.pdf,59,N24000821,,
QPISR_QR_1st_2025-26.pdf,66,N24001931,,
QPISR_QR_1st_2025-26.pdf,66,N24001932,,
QPISR_QR_1st_2025-26.pdf,66,N24001934,,
QPISR_QR_1st_2025-26.pdf,66,N24001935,,
QPISR_QR_1st_2025-26.pdf,66,N24001939,,
QPISR_QR_1st_2025-26.pdf,66,N24001942,,
QPISR_QR_1st_2025-26.pdf,66,N24001949,,
QPISR_QR_1st_2025-26.pdf,66,N24001950,,
QPISR_QR_1st_2025-26.pdf,66,N24001951,,
QPISR_QR_1st_2025-26.pdf,67,N24001952,,
QPISR_QR_1st_2025-26.pdf,67,N24001953,,
QPISR_QR_1st_2025-26.pdf,67,N24001954,,
QPISR_QR_1st_2025-26.pdf,67,N24001955,,
QPISR_QR_1st_2025-26.pdf,67,N24001956,,
QPISR_QR_1st_2025-26.pdf,67,N24001957,,
QPISR_QR_1st_2025-26.pdf,67,N24001958,,
QPISR_QR_1st_2025-26.pdf,67,N24001959,,
QPISR_QR_1st_2025-26.pdf,67,N24001979,,
QPISR_QR_1st_2025-26.pdf,68,N24001980,,
QPISR_QR_1st_2025-26.pdf,68,N24001981,,
QPISR_QR_1st_2025-26.pdf,68,N24001982,,
QPISR_QR_1st_2025-26.pdf,68,N24001983,,
QPISR_QR_1st_2025-26.pdf,68,N24001984,,
QPISR_QR_1st_2025-26.pdf,68,N24001985,,
QPISR_QR_1st_2025-26.pdf,68,N24001986,,
QPISR_QR_1st_2025-26.pdf,68,N24001987,,
QPISR_QR_1st_2025-26.pdf,69,N24002103,,
QPISR_QR_1st_2025-26.pdf,69,N24002122,,
QPISR_QR_1st_2025-26.pdf,69,N24002123,,
QPISR_QR_1st_2025-26.pdf,69,N24002124,,
QPISR_QR_1st_2025-26.pdf,69,N24002125,,
QPISR_QR_1st_2025-26.pdf,69,N24002126,,
QPISR_QR_1st_2025-26.pdf,70,N24002141,,
QPISR_QR_1st_2025-26.pdf,70,N24002142,,
QPISR_QR_1st_2025-26.pdf,70,N24002143,,
QPISR_QR_1st_2025-26.pdf,70,N24002144,,
QPISR_QR_1st_2025-26.pdf,70,N24002145,,
QPISR_QR_1st_2025-26.pdf,70,N24002146,,
QPISR_QR_1st_2025-26.pdf,71,N24000301,,
QPISR_QR_1st_2025-26.pdf,71,N24000811,,
QPISR_QR_1st_2025-26.pdf,71,N24000931,,
QPISR_QR_1st_2025-26.pdf,73,N24001375,,
QPISR_QR_1st_2025-26.pdf,73,N24001390,,
QPISR_QR_1st_2025-26.pdf,73,N24001391,,
QPISR_QR_1st_2025-26.pdf,73,N24001393,,
QPISR_QR_1st_2025-26.pdf,73,N24002222,,
QPISR_QR_1st_2025-26.pdf,73,N24002223,,
QPISR_QR_1st_2025-26.pdf,73,N24002224,,
QPISR_QR_1st_2025-26.pdf,73,N24000683,,
QPISR_QR_1st_2025-26.pdf,73,N24000946,,
QPISR_QR_1st_2025-26.pdf,79,N24002025,,
QPISR_QR_1st_2025-26.pdf,79,N24002026,,
QPISR_QR_1st_2025-26.pdf,79,N24002030,,
QPISR_QR_1st_2025-26.pdf,79,N24002127,,
QPISR_QR_1st_2025-26.pdf,79,N24002128,,
QPISR_QR_1st_2025-26.pdf,81,N24000319,,
QPISR_QR_1st_2025-26.pdf,81,N24000320,,
QPISR_QR_1st_2025-26.pdf,81,N24000431,,
QPISR_QR_1st_2025-26.pdf,81,N24000438,,
QPISR_QR_1st_2025-26.pdf,81,N24000582,,
QPISR_QR_1st_2025-26.pdf,81,N24000583,,
QPISR_QR_1st_2025-26.pdf,86,N24001700,,
QPISR_QR_1st_2025-26.pdf,86,N24001701,,
QPISR_QR_1st_2025-26.pdf,86,N24001702,,
QPISR_QR_1st_2025-26.pdf,86,N24001703,,
QPISR_QR_1st_2025-26.pdf,86,N24001704,,
QPISR_QR_1st_2025-26.pdf,88,N24001878,,
QPISR_QR_1st_2025-26.pdf,88,N24001879,,
QPISR_QR_1st_2025-26.pdf,88,N24002062,,
QPISR_QR_1st_2025-26.pdf,88,N24002063,,
QPISR_QR_1st_2025-26.pdf,88,N24002064,,
QPISR_QR_1st_2025-26.pdf,88,N24002065,,
QPISR_QR_1st_2025-26.pdf,90,N24000531,,
QPISR_QR_1st_2025-26.pdf,92,N24000813,,
QPISR_QR_1st_2025-26.pdf,92,N24000943,,
QPISR_QR_1st_2025-26.pdf,92,N24001201,,
QPISR_QR_1st_2025-26.pdf,92,N28000148,,
QPISR_QR_1st_2025-26.pdf,92,N30000026,,
QPISR_QR_1st_2025-26.pdf,92,N30000027,,
QPISR_QR_1st_2025-26.pdf,92,N30000035,,
QPISR_QR_1st_2025-26.pdf,92,N30000036,,
QPISR_QR_1st_2025-26.pdf,92,N30000039,,
QPISR_QR_1st_2025-26.pdf,96,N24001593,,
QPISR_QR_1st_2025-26.pdf,96,N24001611,,
QPISR_QR_1st_2025-26.pdf,97,N24001217,,
QPISR_QR_1st_2025-26.pdf,97,N24001221,,
QPISR_QR_1st_2025-26.pdf,97,N24001222,,
QPISR_QR_1st_2025-26.pdf,98,N24001226,,
QPISR_QR_1st_2025-26.pdf,98,N24001227,,
QPISR_QR_1st_2025-26.pdf,98,N24001228,,
QPISR_QR_1st_2025-26.pdf,98,N12000124,,
QPISR_QR_1st_2025-26.pdf,98,N12000127,,
QPISR_QR_1st_2025-26.pdf,98,N12000130,,
QPISR_QR_1st_2025-26.pdf,98,N12000131,,
QPISR_QR_1st_2025-26.pdf,98,N12000134,,
QPISR_QR_1st_2025-26.pdf,98,N12000137,,
QPISR_QR_1st_2025-26.pdf,99,N28000149,,
QPISR_QR_1st_2025-26.pdf,99,N04000076,,
QPISR_QR_1st_2025-26.pdf,99,N40000002,,
QPISR_QR_1st_2025-26.pdf,99,N07000001,,
QPISR_QR_1st_2025-26.pdf,99,N28000071,,
QPISR_QR_1st_2025-26.pdf,99,N45000002,,
QPISR_QR_1st_2025-26.pdf,99,N22000281,,
QPISR_QR_1st_2025-26.pdf,99,N24001771,,
QPISR_QR_1st_2025-26.pdf,100,N24001777,,
QPISR_QR_1st_2025-26.pdf,100,N24001779,,
QPISR_QR_1st_2025-26.pdf,100,N24001781,,
QPISR_QR_1st_2025-26.pdf,100,N24001825,,
QPISR_QR_1st_2025-26.pdf,100,N28000115,,
QPISR_QR_1st_2025-26.pdf,100,N28000056,,
QPISR_QR_1st_2025-26.pdf,100,N28000105,,
QPISR_QR_1st_2025-26.pdf,102,N06000292,COAL,
QPISR_QR_1st_2025-26.pdf,102,N16000279,COAL,
QPISR_QR_1st_2025-26.pdf,102,N16000382,COAL,
QPISR_QR_1st_2025-26.pdf,102,N16000409,COAL,
QPISR_QR_1st_2025-26.pdf,102,N16000411,COAL,
QPISR_QR_1st_2025-26.pdf,104,N18000296,COAL,
QPISR_QR_1st_2025-26.pdf,104,N18000297,COAL,
QPISR_QR_1st_2025-26.pdf,104,N18000319,COAL,
QPISR_QR_1st_2025-26.pdf,104,N18000345,COAL,
QPISR_QR_1st_2025-26.pdf,104,N18000346,COAL,
QPISR_QR_1st_2025-26.pdf,104,N18000349,COAL,
QPISR_QR_1st_2025-26.pdf,104,N18000357,COAL,
QPISR_QR_1st_2025-26.pdf,104,N18000358,COAL,
QPISR_QR_1st_2025-26.pdf,104,N18000359,COAL,
QPISR_QR_1st_2025-26.pdf,106,N18000406,COAL,
QPISR_QR_1st_2025-26.pdf,106,N18000411,COAL,
QPISR_QR_1st_2025-26.pdf,106,N18000412,COAL,
QPISR_QR_1st_2025-26.pdf,106,N22000142,COAL,
QPISR_QR_1st_2025-26.pdf,106,N22000504,COAL,
QPISR_QR_1st_2025-26.pdf,106,N22000505,COAL,
QPISR_QR_1st_2025-26.pdf,108,N24001443,COAL,
QPISR_QR_1st_2025-26.pdf,108,N24001444,COAL,
QPISR_QR_1st_2025-26.pdf,109,N24001785,COAL,
QPISR_QR_1st_2025-26.pdf,109,N24001786,COAL,
QPISR_QR_1st_2025-26.pdf,110,N24002014,COAL,
QPISR_QR_1st_2025-26.pdf,111,N24002118,COAL,
QPISR_QR_1st_2025-26.pdf,111,N24002182,COAL,
QPISR_QR_1st_2025-26.pdf,111,N24002183,COAL,
QPISR_QR_1st_2025-26.pdf,111,N24000567,COAL,
QPISR_QR_1st_2025-26.pdf,111,N24000569,COAL,
QPISR_QR_1st_2025-26.pdf,114,N24001635,COAL,
QPISR_QR_1st_2025-26.pdf,114,N24001673,COAL,
QPISR_QR_1st_2025-26.pdf,114,N24001774,COAL,
QPISR_QR_1st_2025-26.pdf,117,N24001808,COAL,
QPISR_QR_1st_2025-26.pdf,117,N24001809,COAL,
QPISR_QR_1st_2025-26.pdf,118,N24002049,COAL,
QPISR_QR_1st_2025-26.pdf,118,N24002050,COAL,
QPISR_QR_1st_2025-26.pdf,128,N28000067,DEPARTMENT OF HIGHER EDUCATION,
QPISR_QR_1st_2025-26.pdf,128,N16000445,DEPARTMENT OF HIGHER EDUCATION,
QPISR_QR_1st_2025-26.pdf,128,N16000480,DEPARTMENT OF HIGHER EDUCATION,
QPISR_QR_1st_2025-26.pdf,138,N24001938,DEPARTMENT OF HIGHER EDUCATION,
QPISR_QR_1st_2025-26.pdf,138,N24001940,DEPARTMENT OF HIGHER EDUCATION,
QPISR_QR_1st_2025-26.pdf,138,N24001941,DEPARTMENT OF HIGHER EDUCATION,
QPISR_QR_1st_2025-26.pdf,138,N24001943,DEPARTMENT OF HIGHER EDUCATION,
QPISR_QR_1st_2025-26.pdf,138,N24001944,DEPARTMENT OF HIGHER EDUCATION,
QPISR_QR_1st_2025-26.pdf,138,N24001945,DEPARTMENT OF HIGHER EDUCATION,
QPISR_QR_1st_2025-26.pdf,142,N24001165,DEPARTMENT OF HIGHER EDUCATION,
QPISR_QR_1st_2025-26.pdf,142,N24001166,DEPARTMENT OF HIGHER EDUCATION,
QPISR_QR_1st_2025-26.pdf,142,N24001168,DEPARTMENT OF HIGHER EDUCATION,
QPISR_QR_1st_2025-26.pdf,142,N24001172,DEPARTMENT OF HIGHER EDUCATION,
QPISR_QR_1st_2025-26.pdf,142,N24001173,DEPARTMENT OF HIGHER EDUCATION,
QPISR_QR_1st_2025-26.pdf,142,N12000136,DEPARTMENT OF HIGHER EDUCATION,
QPISR_QR_1st_2025-26.pdf,142,N28000058,DEPARTMENT OF HIGHER EDUCATION,
QPISR_QR_1st_2025-26.pdf,142,N28000151,DEPARTMENT OF HIGHER EDUCATION,
QPISR_QR_1st_2025-26.pdf,147,N04000098,DEPARTMENT OF HIGHER EDUCATION,
QPISR_QR_1st_2025-26.pdf,147,N06000125,DEPARTMENT OF HIGHER EDUCATION,
QPISR_QR_1st_2025-26.pdf,147,N06000148,DEPARTMENT OF HIGHER EDUCATION,
QPISR_QR_1st_2025-26.pdf,147,N06000183,DEPARTMENT OF HIGHER EDUCATION,
QPISR_QR_1st_2025-26.pdf,147,N06000184,DEPARTMENT OF HIGHER EDUCATION,
QPISR_QR_1st_2025-26.pdf,156,N21000033,HEALTH AND FAMILY WELFARE,
QPISR_QR_1st_2025-26.pdf,156,N16000213,HEALTH AND FAMILY WELFARE,
QPISR_QR_1st_2025-26.pdf,156,N16000358,HEALTH AND FAMILY WELFARE,
QPISR_QR_1st_2025-26.pdf,156,N16000430,HEALTH AND FAMILY WELFARE,
QPISR_QR_1st_2025-26.pdf,156,N16000442,HEALTH AND FAMILY WELFARE,
QPISR_QR_1st_2025-26.pdf,160,N22000434,HEALTH AND FAMILY WELFARE,
QPISR_QR_1st_2025-26.pdf,160,N22000480,HEALTH AND FAMILY WELFARE,
QPISR_QR_1st_2025-26.pdf,160,N22000511,HEALTH AND FAMILY WELFARE,
QPISR_QR_1st_2025-26.pdf,160,N22000513,HEALTH AND FAMILY WELFARE,
QPISR_QR_1st_2025-26.pdf,160,N22000514,HEALTH AND FAMILY WELFARE,
QPISR_QR_1st_2025-26.pdf,160,N22000515,HEALTH AND FAMILY WELFARE,
QPISR_QR_1st_2025-26.pdf,160,N22000615,HEALTH AND FAMILY WELFARE,
QPISR_QR_1st_2025-26.pdf,160,N22000627,HEALTH AND FAMILY WELFARE,
QPISR_QR_1st_2025-26.pdf,165,N24001889,HEALTH AND FAMILY WELFARE,
QPISR_QR_1st_2025-26.pdf,165,N24001890,HEALTH AND FAMILY WELFARE,
QPISR_QR_1st_2025-26.pdf,165,N24001891,HEALTH AND FAMILY WELFARE,
QPISR_QR_1st_2025-26.pdf,165,N24001892,HEALTH AND FAMILY WELFARE,
QPISR_QR_1st_2025-26.pdf,165,N24001894,HEALTH AND FAMILY WELFARE,
QPISR_QR_1st_2025-26.pdf,165,N24001895,HEALTH AND FAMILY WELFARE,
QPISR_QR_1st_2025-26.pdf,165,N24001896,HEALTH AND FAMILY WELFARE,
QPISR_QR_1st_2025-26.pdf,187,N24001282,ROAD TRANSPORT AND HIGHWAYS,
QPISR_QR_1st_2025-26.pdf,187,N24001286,ROAD TRANSPORT AND HIGHWAYS,
QPISR_QR_1st_2025-26.pdf,187,N24001287,ROAD TRANSPORT AND HIGHWAYS,
QPISR_QR_1st_2025-26.pdf,187,N24001288,ROAD TRANSPORT AND HIGHWAYS,
QPISR_QR_1st_2025-26.pdf,187,N24001389,ROAD TRANSPORT AND HIGHWAYS,
QPISR_QR_1st_2025-26.pdf,187,N24001406,ROAD TRANSPORT AND HIGHWAYS,
QPISR_QR_1st_2025-26.pdf,187,N24001407,ROAD TRANSPORT AND HIGHWAYS,
QPISR_QR_1st_2025-26.pdf,187,N24001438,ROAD TRANSPORT AND HIGHWAYS,
QPISR_QR_1st_2025-26.pdf,187,N24001465,ROAD TRANSPORT AND HIGHWAYS,
QPISR_QR_1st_2025-26.pdf,197,N24002078,ROAD TRANSPORT AND HIGHWAYS,
QPISR_QR_1st_2025-26.pdf,197,N24002079,ROAD TRANSPORT AND HIGHWAYS,
QPISR_QR_1st_2025-26.pdf,197,N24002080,ROAD TRANSPORT AND HIGHWAYS,
QPISR_QR_1st_2025-26.pdf,197,N24002081,ROAD TRANSPORT AND HIGHWAYS,
QPISR_QR_1st_2025-26.pdf,197,N24002135,ROAD TRANSPORT AND HIGHWAYS,
QPISR_QR_1st_2025-26.pdf,197,N24002136,ROAD TRANSPORT AND HIGHWAYS,
QPISR_QR_1st_2025-26.pdf,197,N24002219,ROAD TRANSPORT AND HIGHWAYS,
QPISR_QR_1st_2025-26.pdf,198,N24000912,ROAD TRANSPORT AND HIGHWAYS,
QPISR_QR_1st_2025-26.pdf,198,N24000914,ROAD TRANSPORT AND HIGHWAYS,
QPISR_QR_1st_2025-26.pdf,201,N24001637,ROAD TRANSPORT AND HIGHWAYS,
QPISR_QR_1st_2025-26.pdf,201,N24001638,ROAD TRANSPORT AND HIGHWAYS,
QPISR_QR_1st_2025-26.pdf,201,N24001639,ROAD TRANSPORT AND HIGHWAYS,
QPISR_QR_1st_2025-26.pdf,201,N24001640,ROAD TRANSPORT AND HIGHWAYS,
QPISR_QR_1st_2025-26.pdf,201,N24001641,ROAD TRANSPORT AND HIGHWAYS,
QPISR_QR_1st_2025-26.pdf,201,N24001642,ROAD TRANSPORT AND HIGHWAYS,
QPISR_QR_1st_2025-26.pdf,204,N06000269,ROAD TRANSPORT AND HIGHWAYS,
QPISR_QR_1st_2025-26.pdf,204,N16000435,ROAD TRANSPORT AND HIGHWAYS,
QPISR_QR_1st_2025-26.pdf,204,N16000496,ROAD TRANSPORT AND HIGHWAYS,
QPISR_QR_1st_2025-26.pdf,204,N16000512,ROAD TRANSPORT AND HIGHWAYS,
QPISR_QR_1st_2025-26.pdf,204,N16000513,ROAD TRANSPORT AND HIGHWAYS,
QPISR_QR_1st_2025-26.pdf,204,N16000520,ROAD TRANSPORT AND HIGHWAYS,
QPISR_QR_1st_2025-26.pdf,204,N18000286,ROAD TRANSPORT AND HIGHWAYS,
QPISR_QR_1st_2025-26.pdf,205,N18000368,ROAD TRANSPORT AND HIGHWAYS,
QPISR_QR_1st_2025-26.pdf,205,N18000373,ROAD TRANSPORT AND HIGHWAYS,
QPISR_QR_1st_2025-26.pdf,205,N18000374,ROAD TRANSPORT AND HIGHWAYS,
QPISR_QR_1st_2025-26.pdf,209,N24001529,ROAD TRANSPORT AND HIGHWAYS,
QPISR_QR_1st_2025-26.pdf,209,N24001530,ROAD TRANSPORT AND HIGHWAYS,
QPISR_QR_1st_2025-26.pdf,209,N24001557,ROAD TRANSPORT AND HIGHWAYS,
QPISR_QR_1st_2025-26.pdf,209,N24001558,ROAD TRANSPORT AND HIGHWAYS,
QPISR_QR_1st_2025-26.pdf,209,N24001559,ROAD TRANSPORT AND HIGHWAYS,
QPISR_QR_1st_2025-26.pdf,209,N24001563,ROAD TRANSPORT AND HIGHWAYS,
QPISR_QR_1st_2025-26.pdf,215,N06000279,ROAD TRANSPORT AND HIGHWAYS,
QPISR_QR_1st_2025-26.pdf,215,N28000109,ROAD TRANSPORT AND HIGHWAYS,
QPISR_QR_1st_2025-26.pdf,215,N10000014,ROAD TRANSPORT AND HIGHWAYS,
QPISR_QR_1st_2025-26.pdf,215,N16000234,ROAD TRANSPORT AND HIGHWAYS,
QPISR_QR_1st_2025-26.pdf,215,N16000434,ROAD TRANSPORT AND HIGHWAYS,
QPISR_QR_1st_2025-26.pdf,215,N16000438,ROAD TRANSPORT AND HIGHWAYS,
QPISR_QR_1st_2025-26.pdf,215,N16000455,ROAD TRANSPORT AND HIGHWAYS,
QPISR_QR_1st_2025-26.pdf,215,N16000486,ROAD TRANSPORT AND HIGHWAYS,
QPISR_QR_1st_2025-26.pdf,215,N16000521,ROAD TRANSPORT AND HIGHWAYS,
QPISR_QR_1st_2025-26.pdf,217,N24001605,ROAD TRANSPORT AND HIGHWAYS,
QPISR_QR_1st_2025-26.pdf,220,N24002084,ROAD TRANSPORT AND HIGHWAYS,
QPISR_QR_1st_2025-26.pdf,220,N24002107,ROAD TRANSPORT AND HIGHWAYS,
QPISR_QR_1st_2025-26.pdf,220,N24002108,ROAD TRANSPORT AND HIGHWAYS,
QPISR_QR_1st_2025-26.pdf,220,N24002109,ROAD TRANSPORT AND HIGHWAYS,
QPISR_QR_1st_2025-26.pdf,220,N24002110,ROAD TRANSPORT AND HIGHWAYS,
QPISR_QR_1st_2025-26.pdf,220,N24002111,ROAD TRANSPORT AND HIGHWAYS,
QPISR_QR_1st_2025-26.pdf,220,N24002112,ROAD TRANSPORT AND HIGHWAYS,
QPISR_QR_1st_2025-26.pdf,224,N24001555,ROAD TRANSPORT AND HIGHWAYS,
QPISR_QR_1st_2025-26.pdf,224,N24001556,ROAD TRANSPORT AND HIGHWAYS,
QPISR_QR_1st_2025-26.pdf,224,N24001625,ROAD TRANSPORT AND HIGHWAYS,
QPISR_QR_1st_2025-26.pdf,224,N24001626,ROAD TRANSPORT AND HIGHWAYS,
QPISR_QR_1st_2025-26.pdf,224,N24002000,ROAD TRANSPORT AND HIGHWAYS,
QPISR_QR_1st_2025-26.pdf,224,N24002001,ROAD TRANSPORT AND HIGHWAYS,
QPISR_QR_1st_2025-26.pdf,224,N24002002,ROAD TRANSPORT AND HIGHWAYS,
QPISR_QR_1st_2025-26.pdf,224,N24002003,ROAD TRANSPORT AND HIGHWAYS,
QPISR_QR_1st_2025-26.pdf,226,N24000245,ROAD TRANSPORT AND HIGHWAYS,
QPISR_QR_1st_2025-26.pdf,226,N24000247,ROAD TRANSPORT AND HIGHWAYS,
QPISR_QR_1st_2025-26.pdf,226,N24000248,ROAD TRANSPORT AND HIGHWAYS,
QPISR_QR_1st_2025-26.pdf,226,N24000980,ROAD TRANSPORT AND HIGHWAYS,
QPISR_QR_1st_2025-26.pdf,226,N24000981,ROAD TRANSPORT AND HIGHWAYS,
QPISR_QR_1st_2025-26.pdf,227,N24000987,ROAD TRANSPORT AND HIGHWAYS,
QPISR_QR_1st_2025-26.pdf,227,N24000988,ROAD TRANSPORT AND HIGHWAYS,
QPISR_QR_1st_2025-26.pdf,227,N24000989,ROAD TRANSPORT AND HIGHWAYS,
QPISR_QR_1st_2025-26.pdf,227,N24000990,ROAD TRANSPORT AND HIGHWAYS,
QPISR_QR_1st_2025-26.pdf,228,N24000993,ROAD TRANSPORT AND HIGHWAYS,
QPISR_QR_1st_2025-26.pdf,228,N24000994,ROAD TRANSPORT AND HIGHWAYS,
QPISR_QR_1st_2025-26.pdf,228,N24000996,ROAD TRANSPORT AND HIGHWAYS,
QPISR_QR_1st_2025-26.pdf,228,N24000997,ROAD TRANSPORT AND HIGHWAYS,
QPISR_QR_1st_2025-26.pdf,228,N24000998,ROAD TRANSPORT AND HIGHWAYS,
QPISR_QR_1st_2025-26.pdf,228,N16000495,ROAD TRANSPORT AND HIGHWAYS,
QPISR_QR_1st_2025-26.pdf,228,N24001309,ROAD TRANSPORT AND HIGHWAYS,
QPISR_QR_1st_2025-26.pdf,228,N24001317,ROAD TRANSPORT AND HIGHWAYS,
QPISR_QR_1st_2025-26.pdf,228,N24001363,ROAD TRANSPORT AND HIGHWAYS,
QPISR_QR_1st_2025-26.pdf,229,N24001542,ROAD TRANSPORT AND HIGHWAYS,
QPISR_QR_1st_2025-26.pdf,229,N24001914,ROAD TRANSPORT AND HIGHWAYS,
QPISR_QR_1st_2025-26.pdf,229,N24002132,ROAD TRANSPORT AND HIGHWAYS,
QPISR_QR_1st_2025-26.pdf,229,N24002159,ROAD TRANSPORT AND HIGHWAYS,
QPISR_QR_1st_2025-26.pdf,229,N24002160,ROAD TRANSPORT AND HIGHWAYS,
QPISR_QR_1st_2025-26.pdf,229,N24002161,ROAD TRANSPORT AND HIGHWAYS,
QPISR_QR_1st_2025-26.pdf,229,N24002162,ROAD TRANSPORT AND HIGHWAYS,
QPISR_QR_1st_2025-26.pdf,229,N24002205,ROAD TRANSPORT AND HIGHWAYS,
QPISR_QR_1st_2025-26.pdf,229,N24002228,ROAD TRANSPORT AND HIGHWAYS,
QPISR_QR_1st_2025-26.pdf,230,N04000094,ROAD TRANSPORT AND HIGHWAYS,
QPISR_QR_1st_2025-26.pdf,230,N04000102,ROAD TRANSPORT AND HIGHWAYS,
QPISR_QR_1st_2025-26.pdf,230,N04000113,ROAD TRANSPORT AND HIGHWAYS,
QPISR_QR_1st_2025-26.pdf,230,N04000114,ROAD TRANSPORT AND HIGHWAYS,
QPISR_QR_1st_2025-26.pdf,230,N06000152,ROAD TRANSPORT AND HIGHWAYS,
QPISR_QR_1st_2025-26.pdf,230,N06000208,ROAD TRANSPORT AND HIGHWAYS,
QPISR_QR_1st_2025-26.pdf,230,N45000003,ROAD TRANSPORT AND HIGHWAYS,
QPISR_QR_1st_2025-26.pdf,231,N16000429,PETROLEUM,
QPISR_QR_1st_2025-26.pdf,231,N16000505,PETROLEUM,
QPISR_QR_1st_2025-26.pdf,231,N16000506,PETROLEUM,
QPISR_QR_1st_2025-26.pdf,231,N16000525,PETROLEUM,
QPISR_QR_1st_2025-26.pdf,231,N18000272,PETROLEUM,
QPISR_QR_1st_2025-26.pdf,231,N18000382,PETROLEUM,
QPISR_QR_1st_2025-26.pdf,231,N18000407,PETROLEUM,
QPISR_QR_1st_2025-26.pdf,231,N18000423,PETROLEUM,
QPISR_QR_1st_2025-26.pdf,231,N22000401,PETROLEUM,
QPISR_QR_1st_2025-26.pdf,238,N24001753,PETROLEUM,
QPISR_QR_1st_2025-26.pdf,238,N24001754,PETROLEUM,
QPISR_QR_1st_2025-26.pdf,238,N24001755,PETROLEUM,
QPISR_QR_1st_2025-26.pdf,238,N24001772,PETROLEUM,
QPISR_QR_1st_2025-26.pdf,247,N24000742,PETROLEUM,
QPISR_QR_1st_2025-26.pdf,247,N24000743,PETROLEUM,
QPISR_QR_1st_2025-26.pdf,254,N24002184,PETROLEUM,
QPISR_QR_1st_2025-26.pdf,254,N24002191,PETROLEUM,
QPISR_QR_1st_2025-26.pdf,254,N24000463,PETROLEUM,
QPISR_QR_1st_2025-26.pdf,254,N24000515,PETROLEUM,
QPISR_QR_1st_2025-26.pdf,254,N24000788,PETROLEUM,
