source_file,report_type,report_period,pages,parser_variant,stated_total_projects,rows_ongoing,rows_completed,rows_other,rows_summary,rows_perf,rows_perf_detail,status,notes,family,report_family,fiscal_year,data_quality_flags
Project Monitoring/monthly/2005-06/MonthlyFR_may_2005.pdf,monthly_flash,2005-05,24,A,312.0,312,7,2,211,,,ok,A: stacked Original/(Revised)/[Anticipated] cells,proj_monthly_2005_10,monthly_flash,2005-06,
Project Monitoring/monthly/2005-06/MonthlyFR_june_2005.pdf,monthly_flash,2005-06,25,A,313.0,313,8,9,211,,,ok,A: stacked Original/(Revised)/[Anticipated] cells | projects with additional delay 12 vs stated 13,proj_monthly_2005_10,monthly_flash,2005-06,
Project Monitoring/monthly/2005-06/MonthlyFR_july_2005.pdf,monthly_flash,2005-07,28,A,346.0,346,6,39,211,,,ok,A: stacked Original/(Revised)/[Anticipated] cells,proj_monthly_2005_10,monthly_flash,2005-06,
Project Monitoring/monthly/2005-06/MonthlyFR_aug_2005.pdf,monthly_flash,2005-08,27,A,341.0,341,7,2,211,,,ok,A: stacked Original/(Revised)/[Anticipated] cells,proj_monthly_2005_10,monthly_flash,2005-06,
Project Monitoring/monthly/2005-06/MonthlyFR_sep_2005.pdf,monthly_flash,2005-09,29,A,349.0,349,6,14,211,,,ok,A: stacked Original/(Revised)/[Anticipated] cells,proj_monthly_2005_10,monthly_flash,2005-06,
Project Monitoring/monthly/2005-06/MonthlyFR_oct_2005.pdf,monthly_flash,2005-10,30,A,356.0,356,4,11,211,,,ok,A: stacked Original/(Revised)/[Anticipated] cells,proj_monthly_2005_10,monthly_flash,2005-06,
Project Monitoring/monthly/2005-06/MonthlyFR_nov_2005.pdf,monthly_flash,2005-11,34,A,392.0,392,6,42,211,,,ok,A: stacked Original/(Revised)/[Anticipated] cells | projects with additional delay 39 vs stated 40,proj_monthly_2005_10,monthly_flash,2005-06,
Project Monitoring/monthly/2005-06/MonthlyFR_dec_2005.pdf,monthly_flash,2005-12,33,A,389.0,389,7,4,211,,,ok,A: stacked Original/(Revised)/[Anticipated] cells,proj_monthly_2005_10,monthly_flash,2005-06,
Project Monitoring/monthly/2005-06/MonthlyFR_jan_2006.pdf,monthly_flash,2006-01,31,A,383.0,383,6,0,211,,,ok,A: stacked Original/(Revised)/[Anticipated] cells | projects with additional delay 15 vs stated 16,proj_monthly_2005_10,monthly_flash,2005-06,
Project Monitoring/monthly/2005-06/MonthlyFR_feb_2006.pdf,monthly_flash,2006-02,32,A,389.0,389,1,7,211,,,ok,A: stacked Original/(Revised)/[Anticipated] cells,proj_monthly_2005_10,monthly_flash,2005-06,
Project Monitoring/monthly/2005-06/MonthlyFR_mar_2006.pdf,monthly_flash,2006-03,32,A,396.0,396,6,13,211,,,ok,A: stacked Original/(Revised)/[Anticipated] cells,proj_monthly_2005_10,monthly_flash,2005-06,
Project Monitoring/monthly/2006-07/MonthlyFR_apr_2006.pdf,monthly_flash,2006-04,30,A,397.0,396,3,4,211,,,partial,"A: stacked Original/(Revised)/[Anticipated] cells | ongoing rows 396 vs stated 397 (-1) | projects with additional delay 15 vs stated 25 | master list rows are 100% identical to the previous report MonthlyFR_mar_2006.pdf (normal month-to-month overlap < 55%), i.e. 2006-03 figures reprinted -> master rows and its sector Total rows loaded with dq_note stale_repeat_of:2006-03; other tables are this month's own",proj_monthly_2005_10,monthly_flash,2006-07,report_partial;stale_repeat_of:2006-03
Project Monitoring/monthly/2006-07/MonthlyFR_may_2006.pdf,monthly_flash,2006-05,34,A,426.0,426,1,30,211,,,ok,A: stacked Original/(Revised)/[Anticipated] cells,proj_monthly_2005_10,monthly_flash,2006-07,
Project Monitoring/monthly/2006-07/MonthlyFR_june_2006.pdf,monthly_flash,2006-06,34,A,451.0,451,7,32,211,,,ok,A: stacked Original/(Revised)/[Anticipated] cells,proj_monthly_2005_10,monthly_flash,2006-07,
Project Monitoring/monthly/2006-07/MonthlyFR_july_2006.pdf,monthly_flash,2006-07,35,A,464.0,464,1,14,211,,,ok,A: stacked Original/(Revised)/[Anticipated] cells,proj_monthly_2005_10,monthly_flash,2006-07,
Project Monitoring/monthly/2006-07/MonthlyFR_aug_2006.pdf,monthly_flash,2006-08,36,A,471.0,471,7,14,211,,,ok,A: stacked Original/(Revised)/[Anticipated] cells,proj_monthly_2005_10,monthly_flash,2006-07,
Project Monitoring/monthly/2006-07/MonthlyFR_sep_2006.pdf,monthly_flash,2006-09,35,A,475.0,475,1,5,211,,,ok,A: stacked Original/(Revised)/[Anticipated] cells,proj_monthly_2005_10,monthly_flash,2006-07,
Project Monitoring/monthly/2006-07/MonthlyFR_oct_2006.pdf,monthly_flash,2006-10,34,A,475.0,475,3,3,200,,,ok,A: stacked Original/(Revised)/[Anticipated] cells,proj_monthly_2005_10,monthly_flash,2006-07,
Project Monitoring/monthly/2006-07/MonthlyFR_nov_2006.pdf,monthly_flash,2006-11,35,A,480.0,480,2,7,200,,,ok,A: stacked Original/(Revised)/[Anticipated] cells,proj_monthly_2005_10,monthly_flash,2006-07,
Project Monitoring/monthly/2006-07/MonthlyFR_dec_2006.pdf,monthly_flash,2006-12,37,A,483.0,483,2,5,200,,,ok,A: stacked Original/(Revised)/[Anticipated] cells,proj_monthly_2005_10,monthly_flash,2006-07,
Project Monitoring/monthly/2006-07/MonthlyFR_jan_2007.pdf,monthly_flash,2007-01,35,A,480.0,480,3,0,200,,,ok,A: stacked Original/(Revised)/[Anticipated] cells,proj_monthly_2005_10,monthly_flash,2006-07,
Project Monitoring/monthly/2006-07/MonthlyFR_feb_2007.pdf,monthly_flash,2007-02,36,A,488.0,488,2,10,200,,,ok,A: stacked Original/(Revised)/[Anticipated] cells,proj_monthly_2005_10,monthly_flash,2006-07,
Project Monitoring/monthly/2006-07/MonthlyFR_mar_2007.pdf,monthly_flash,2007-03,39,A,490.0,490,6,8,200,,,ok,A: stacked Original/(Revised)/[Anticipated] cells,proj_monthly_2005_10,monthly_flash,2006-07,
Project Monitoring/monthly/2007-08/MonthlyFR_april_2007.pdf,monthly_flash,2007-04,36,A,503.0,503,2,15,200,,,ok,A: stacked Original/(Revised)/[Anticipated] cells,proj_monthly_2005_10,monthly_flash,2007-08,
Project Monitoring/monthly/2007-08/FR_MAY_2007.pdf,monthly_flash,2007-05,36,A,497.0,497,12,6,200,,,ok,A: stacked Original/(Revised)/[Anticipated] cells,proj_monthly_2005_10,monthly_flash,2007-08,
Project Monitoring/monthly/2007-08/MonthlyFR_june_2007.pdf,monthly_flash,2007-06,36,A,492.0,492,5,0,200,,,ok,A: stacked Original/(Revised)/[Anticipated] cells,proj_monthly_2005_10,monthly_flash,2007-08,
Project Monitoring/monthly/2007-08/MonthlyFR_july_2007.pdf,monthly_flash,2007-07,39,A,496.0,496,5,9,200,,,ok,A: stacked Original/(Revised)/[Anticipated] cells,proj_monthly_2005_10,monthly_flash,2007-08,
Project Monitoring/monthly/2007-08/MonthlyFR_aug_2007.pdf,monthly_flash,2007-08,35,A,495.0,495,2,1,200,,,ok,A: stacked Original/(Revised)/[Anticipated] cells,proj_monthly_2005_10,monthly_flash,2007-08,
Project Monitoring/monthly/2007-08/MonthlyFR_sep_2007.pdf,monthly_flash,2007-09,17,A,503.0,0,2,10,118,,,partial,"A: stacked Original/(Revised)/[Anticipated] cells | ongoing rows 147 vs stated 503 (-356) | projects with additional delay 24 vs stated 13 | PDF is truncated after page 17: master list stops at project 147 (HEALTH & FW) of 503; later sectors absent from the source file; all rows of this report carry dq_note report_truncated | master list rows are 90% identical to the next report FR_OCT_2007.pdf (normal month-to-month overlap < 55%), i.e. another month's figures -> master rows and its sector Total rows NOT loaded; other tables kept",proj_monthly_2005_10,monthly_flash,2007-08,report_partial;report_truncated
Project Monitoring/monthly/2007-08/FR_OCT_2007.pdf,monthly_flash,2007-10,38,A,514.0,514,5,16,200,,,ok,A: stacked Original/(Revised)/[Anticipated] cells,proj_monthly_2005_10,monthly_flash,2007-08,
Project Monitoring/monthly/2007-08/MonthlyFR_nov_2007.pdf,monthly_flash,2007-11,41,A,519.0,519,7,12,200,,,ok,A: stacked Original/(Revised)/[Anticipated] cells,proj_monthly_2005_10,monthly_flash,2007-08,
Project Monitoring/monthly/2007-08/MonthlyFR_dec_2007.pdf,monthly_flash,2007-12,41,A,513.0,513,10,4,200,,,ok,A: stacked Original/(Revised)/[Anticipated] cells,proj_monthly_2005_10,monthly_flash,2007-08,
Project Monitoring/monthly/2007-08/MonthlyFR_jan_2008.pdf,monthly_flash,2008-01,41,A,513.0,513,3,3,200,,,ok,A: stacked Original/(Revised)/[Anticipated] cells,proj_monthly_2005_10,monthly_flash,2007-08,
Project Monitoring/monthly/2007-08/MonthlyFR_feb_2008.pdf,monthly_flash,2008-02,44,A,515.0,515,1,3,200,,,ok,A: stacked Original/(Revised)/[Anticipated] cells,proj_monthly_2005_10,monthly_flash,2007-08,
Project Monitoring/monthly/2007-08/MonthlyFR_mar_2008.pdf,monthly_flash,2008-03,42,A,515.0,515,11,11,200,,,ok,A: stacked Original/(Revised)/[Anticipated] cells,proj_monthly_2005_10,monthly_flash,2007-08,
Project Monitoring/monthly/2008-09/MonthlyFR_april_2008.pdf,monthly_flash,2008-04,39,A,519.0,519,6,10,200,,,ok,A: stacked Original/(Revised)/[Anticipated] cells,proj_monthly_2005_10,monthly_flash,2008-09,
Project Monitoring/monthly/2008-09/MonthlyFR_may_2008.pdf,monthly_flash,2008-05,39,A,512.0,512,10,3,200,,,ok,A: stacked Original/(Revised)/[Anticipated] cells,proj_monthly_2005_10,monthly_flash,2008-09,
Project Monitoring/monthly/2008-09/MonthlyFR_june_2008.pdf,monthly_flash,2008-06,39,A,524.0,524,0,12,200,,,ok,A: stacked Original/(Revised)/[Anticipated] cells,proj_monthly_2005_10,monthly_flash,2008-09,
Project Monitoring/monthly/2008-09/MonthlyFR_july_2008.pdf,monthly_flash,2008-07,39,A,522.0,524,5,3,200,,,partial,"A: stacked Original/(Revised)/[Anticipated] cells | ongoing rows 524 vs stated 522 (+2) | projects with additional delay 18 vs stated 8 | master list rows are 100% identical to the previous report MonthlyFR_june_2008.pdf (normal month-to-month overlap < 55%), i.e. 2008-06 figures reprinted -> master rows and its sector Total rows loaded with dq_note stale_repeat_of:2008-06; other tables are this month's own",proj_monthly_2005_10,monthly_flash,2008-09,report_partial;stale_repeat_of:2008-06
Project Monitoring/monthly/2008-09/MonthlyFR_aug_2008.pdf,monthly_flash,2008-08,40,A,528.0,528,3,9,200,,,ok,A: stacked Original/(Revised)/[Anticipated] cells,proj_monthly_2005_10,monthly_flash,2008-09,
Project Monitoring/monthly/2008-09/MonthlyFR_sep_2008.pdf,monthly_flash,2008-09,39,A,521.0,521,7,0,200,,,ok,A: stacked Original/(Revised)/[Anticipated] cells,proj_monthly_2005_10,monthly_flash,2008-09,
Project Monitoring/monthly/2008-09/MonthlyFR_oct_2008.pdf,monthly_flash,2008-10,40,A,529.0,529,6,14,200,,,ok,A: stacked Original/(Revised)/[Anticipated] cells,proj_monthly_2005_10,monthly_flash,2008-09,
Project Monitoring/monthly/2008-09/MonthlyFR_nov_2008.pdf,monthly_flash,2008-11,40,A,531.0,531,2,4,200,,,ok,A: stacked Original/(Revised)/[Anticipated] cells,proj_monthly_2005_10,monthly_flash,2008-09,
Project Monitoring/monthly/2008-09/MonthlyFR_dec_2008.pdf,monthly_flash,2008-12,42,A,535.0,535,10,14,200,,,ok,A: stacked Original/(Revised)/[Anticipated] cells,proj_monthly_2005_10,monthly_flash,2008-09,
Project Monitoring/monthly/2008-09/FLR_FEB_2009.pdf,monthly_flash,2009-02,50,A,553.0,553,5,4,200,,,ok,A: stacked Original/(Revised)/[Anticipated] cells,proj_monthly_2005_10,monthly_flash,2008-09,
Project Monitoring/monthly/2008-09/FR_MAR_2009.pdf,monthly_flash,2009-03,41,B1,552.0,552,10,9,208,,,ok,"B1: numbered columns, col 9 = additional delay in month | projects with additional delay 74 vs stated 73",proj_monthly_2005_10,monthly_flash,2008-09,
Project Monitoring/monthly/2009-10/FLR_APR_2009.pdf,monthly_flash,2009-04,50,A,583.0,583,1,32,200,,,ok,A: stacked Original/(Revised)/[Anticipated] cells,proj_monthly_2005_10,monthly_flash,2009-10,
Project Monitoring/monthly/2009-10/FLR_MAY_2009.pdf,monthly_flash,2009-05,52,A,591.0,591,11,19,215,,,ok,A: stacked Original/(Revised)/[Anticipated] cells,proj_monthly_2005_10,monthly_flash,2009-10,
Project Monitoring/monthly/2009-10/FR_JUNE_2009.pdf,monthly_flash,2009-06,52,A,591.0,591,8,8,200,,,ok,A: stacked Original/(Revised)/[Anticipated] cells,proj_monthly_2005_10,monthly_flash,2009-10,
Project Monitoring/monthly/2009-10/FR_JULY_2009.pdf,monthly_flash,2009-07,60,A,602.0,602,5,16,215,,,ok,A: stacked Original/(Revised)/[Anticipated] cells,proj_monthly_2005_10,monthly_flash,2009-10,
Project Monitoring/monthly/2009-10/FR_AUG_2009.pdf,monthly_flash,2009-08,51,A,598.0,598,6,2,215,,,ok,A: stacked Original/(Revised)/[Anticipated] cells,proj_monthly_2005_10,monthly_flash,2009-10,
Project Monitoring/monthly/2009-10/FR_SEP_2009.pdf,monthly_flash,2009-09,50,B2,591.0,591,9,52,267,,,ok,"B2: numbered columns with project codes, col 9 = delay with (O)/(Rn) suffix",proj_monthly_2005_10,monthly_flash,2009-10,
Project Monitoring/monthly/2009-10/FR_OCT_2009.pdf,monthly_flash,2009-10,53,B2/col9=addl,591.0,591,4,4,267,,,ok,"B2: numbered columns with project codes, col 9 = delay with (O)/(Rn) suffix | column 9 is headed 'Delay w.r.t Original' but printed without (O)/(Rn) suffix; its 40 positive values match the report's 40 projects reporting additional delay -> loaded as additional_delay_months (delay_months left blank)",proj_monthly_2005_10,monthly_flash,2009-10,
Project Monitoring/monthly/2009-10/FR_NOV_2009.pdf,monthly_flash,2009-11,56,B2,589.0,589,4,63,267,,,ok,"B2: numbered columns with project codes, col 9 = delay with (O)/(Rn) suffix",proj_monthly_2005_10,monthly_flash,2009-10,
Project Monitoring/monthly/2009-10/FR_DEC_2009.pdf,monthly_flash,2009-12,60,B2,597.0,597,2,91,295,,,ok,"B2: numbered columns with project codes, col 9 = delay with (O)/(Rn) suffix",proj_monthly_2005_10,monthly_flash,2009-10,
Project Monitoring/monthly/2009-10/FR_JAN_2010.pdf,monthly_flash,2010-01,61,B2,620.0,620,2,89,297,,,ok,"B2: numbered columns with project codes, col 9 = delay with (O)/(Rn) suffix",proj_monthly_2005_10,monthly_flash,2009-10,
Project Monitoring/monthly/2009-10/FR_FEB_2010.pdf,monthly_flash,2010-02,61,B2,618.0,618,2,83,297,,,ok,"B2: numbered columns with project codes, col 9 = delay with (O)/(Rn) suffix | parse flags: zero_cost_blanked=1",proj_monthly_2005_10,monthly_flash,2009-10,
Project Monitoring/monthly/2009-10/FR_MARCH_2010.pdf,monthly_flash,2010-03,66,B2,631.0,631,12,139,298,,,ok,"B2: numbered columns with project codes, col 9 = delay with (O)/(Rn) suffix | parse flags: zero_cost_blanked=1",proj_monthly_2005_10,monthly_flash,2009-10,
Project Monitoring/monthly/2010-11/fr_Apr_2010.pdf,monthly_flash,2010-04,52,fy2010-11,578,578,0,113,309,,,ok,project status 'Latest Approved': printed parts sum 581 != printed total 578,proj_monthly_2010_13,monthly_flash,2010-11,
Project Monitoring/monthly/2010-11/FR_May_2010.pdf,monthly_flash,2010-05,54,fy2010-11,578,578,1,113,316,,,ok,project status 'Latest Approved': printed parts sum 583 != printed total 578,proj_monthly_2010_13,monthly_flash,2010-11,
Project Monitoring/monthly/2010-11/FR_june_2010.pdf,monthly_flash,2010-06,55,fy2010-11,594,594,6,108,333,,,ok,project status 'Latest Approved': printed parts sum 599 != printed total 594,proj_monthly_2010_13,monthly_flash,2010-11,
Project Monitoring/monthly/2010-11/FR_JULY_2010.pdf,monthly_flash,2010-07,71,fy2010-11,597,597,7,81,439,,,ok,project status 'Latest Approved': printed parts sum 600 != printed total 597,proj_monthly_2010_13,monthly_flash,2010-11,
Project Monitoring/monthly/2010-11/fr_Aug_2010.pdf,monthly_flash,2010-08,72,fy2010-11,606,606,7,75,453,,,ok,project status 'Latest Approved Date of': printed parts sum 608 != printed total 606,proj_monthly_2010_13,monthly_flash,2010-11,
Project Monitoring/monthly/2010-11/fr_sept_2010.pdf,monthly_flash,2010-09,77,fy2010-11,553,553,49,181,473,,,ok,narrative says 606 projects; sector table/total says 553; project status 'Latest Approved ( Date )': printed parts sum 556 != printed total 553,proj_monthly_2010_13,monthly_flash,2010-11,
Project Monitoring/monthly/2010-11/FR_OCT_2010.pdf,monthly_flash,2010-10,76,fy2010-11,559,559,58,137,441,,,ok,project status 'Latest Approved ( Date )': printed parts sum 561 != printed total 559,proj_monthly_2010_13,monthly_flash,2010-11,
Project Monitoring/monthly/2010-11/FR_NOV_2010.pdf,monthly_flash,2010-11,76,fy2010-11,572,572,70,122,449,,,ok,project status 'Latest Approved ( Date )': printed parts sum 574 != printed total 572,proj_monthly_2010_13,monthly_flash,2010-11,
Project Monitoring/monthly/2010-11/FR_Dec_2010.pdf,monthly_flash,2010-12,77,fy2010-11,567,567,78,92,454,,,ok,project status 'Latest Approved ( Date )': printed parts sum 569 != printed total 567,proj_monthly_2010_13,monthly_flash,2010-11,
Project Monitoring/monthly/2010-11/FR_JAN_2011.pdf,monthly_flash,2011-01,82,fy2010-11,563,563,96,80,327,,,ok,"image-only pages, no text layer, not extracted (trend charts / scanned tables): p26-37, p80; state-wise annexure not extracted: not found in the text layer (the annexure appears to be one of the image-only pages); project status 'Latest Approved ( Date )': printed parts sum 564 != printed total 563",proj_monthly_2010_13,monthly_flash,2010-11,image_pages_not_extracted
Project Monitoring/monthly/2010-11/FR_FEB_2011.pdf,monthly_flash,2011-02,85,fy2010-11,565,565,102,54,446,,,ok,"image-only pages, no text layer, not extracted (trend charts / scanned tables): p29-40; project status 'Latest Approved ( Date )': printed parts sum 566 != printed total 565; state annexure p83: S.No 28 printed without a state name",proj_monthly_2010_13,monthly_flash,2010-11,image_pages_not_extracted
Project Monitoring/monthly/2010-11/FR_MARCH_2011.pdf,monthly_flash,2011-03,94,fy2010-11,562,562,119,120,430,,,ok,"image-only pages, no text layer, not extracted (trend charts / scanned tables): p29-31, p33-40; project status 'Latest Approved ( Date )': printed parts sum 563 != printed total 562",proj_monthly_2010_13,monthly_flash,2010-11,image_pages_not_extracted
Project Monitoring/monthly/2011-12/FR_APR_2011.pdf,monthly_flash,2011-04,81,fy2011-12,560,560,7,55,805,,,ok,project status 'Latest Approved ( Date )': printed parts sum 561 != printed total 560,proj_monthly_2010_13,monthly_flash,2011-12,
Project Monitoring/monthly/2011-12/FR_MAY_2011.pdf,monthly_flash,2011-05,123,fy2011-12,567,567,15,79,814,,,ok,state annexure p77: S.No 29 printed without a state name,proj_monthly_2010_13,monthly_flash,2011-12,
Project Monitoring/monthly/2011-12/FR_JUNE_2011.pdf,monthly_flash,2011-06,126,fy2011-12,563,563,23,78,814,,,ok,project status 'Latest Approved ( Date )': printed parts sum 562 != printed total 563; state annexure p77: S.No 28 printed without a state name,proj_monthly_2010_13,monthly_flash,2011-12,
Project Monitoring/monthly/2011-12/FR_JULY_2011.pdf,monthly_flash,2011-07,145,fy2011-12,558,558,30,51,816,,,ok,"section I: previous month +/- printed movements = 560, printed current month 558; project status 'Latest Approved ( Date )': printed parts sum 557 != printed total 558",proj_monthly_2010_13,monthly_flash,2011-12,
Project Monitoring/monthly/2011-12/FR_AUG_2011.pdf,monthly_flash,2011-08,135,fy2011-12,553,553,36,41,853,,,ok,project status 'Latest Approved ( Date )': printed parts sum 555 != printed total 553,proj_monthly_2010_13,monthly_flash,2011-12,
Project Monitoring/monthly/2011-12/FR_SEP_2011.pdf,monthly_flash,2011-09,138,fy2011-12,566,566,40,57,1247,,,ok,project status 'Latest Approved ( Date )': printed parts sum 569 != printed total 566,proj_monthly_2010_13,monthly_flash,2011-12,
Project Monitoring/monthly/2011-12/FR_OCT_2011.pdf,monthly_flash,2011-10,137,fy2011-12,583,583,40,45,1249,,,ok,project status 'Latest Approved ( Date )': printed parts sum 586 != printed total 583,proj_monthly_2010_13,monthly_flash,2011-12,
Project Monitoring/monthly/2011-12/FR_NOV_2011.pdf,monthly_flash,2011-11,136,fy2011-12,582,582,43,49,1245,,,ok,project status 'Latest Approved ( Date )': printed parts sum 583 != printed total 582,proj_monthly_2010_13,monthly_flash,2011-12,
Project Monitoring/monthly/2011-12/FR_DEC_2011.pdf,monthly_flash,2011-12,137,fy2011-12,561,561,69,135,1183,,,ok,,proj_monthly_2010_13,monthly_flash,2011-12,
Project Monitoring/monthly/2011-12/FR_JAN_2012.pdf,monthly_flash,2012-01,144,fy2011-12,555,555,78,51,1423,,,ok,project status 'Latest Approved ( Date )': printed parts sum 556 != printed total 555,proj_monthly_2010_13,monthly_flash,2011-12,
Project Monitoring/monthly/2011-12/FR_FEB_2012.pdf,monthly_flash,2012-02,156,fy2011-12,566,566,82,81,1724,,,ok,project status 'Latest Approved ( Date )': printed parts sum 568 != printed total 566,proj_monthly_2010_13,monthly_flash,2011-12,
Project Monitoring/monthly/2011-12/FR_MARCH_2012.pdf,monthly_flash,2012-03,157,fy2011-12,554,554,95,98,1723,,,ok,,proj_monthly_2010_13,monthly_flash,2011-12,
Project Monitoring/monthly/2012-13/FR_APR_2012.pdf,monthly_flash,2012-04,149,fy2012-13,571,571,8,87,1729,,,ok,,proj_monthly_2010_13,monthly_flash,2012-13,
Project Monitoring/monthly/2012-13/FR_MAY_2012.pdf,monthly_flash,2012-05,147,fy2012-13,564,564,18,89,1728,,,ok,,proj_monthly_2010_13,monthly_flash,2012-13,
Project Monitoring/monthly/2012-13/FR_JUNE_2012.pdf,monthly_flash,2012-06,147,fy2012-13,555,555,26,61,1743,,,ok,,proj_monthly_2010_13,monthly_flash,2012-13,
Project Monitoring/monthly/2012-13/FR_JULY_2012.pdf,monthly_flash,2012-07,153,fy2012-13,558,558,28,36,1735,,,ok,project status 'Latest Approved ( Date )': printed parts sum 557 != printed total 558,proj_monthly_2010_13,monthly_flash,2012-13,
Project Monitoring/monthly/2012-13/FR_AUGUST_2012.pdf,monthly_flash,2012-08,167,fy2012-13,560,560,33,84,1754,,,ok,,proj_monthly_2010_13,monthly_flash,2012-13,
Project Monitoring/monthly/2012-13/FR_SEPTEMBER_2012.pdf,monthly_flash,2012-09,155,fy2012-13,566,566,36,53,1969,,,ok,,proj_monthly_2010_13,monthly_flash,2012-13,
Project Monitoring/monthly/2012-13/FR_OCTOBER_2012.pdf,monthly_flash,2012-10,181,fy2012-13,563,563,38,51,1970,,,ok,,proj_monthly_2010_13,monthly_flash,2012-13,
Project Monitoring/monthly/2012-13/FR_NOV_2012.pdf,monthly_flash,2012-11,177,fy2012-13,566,566,39,41,1966,,,ok,"narrative sector table p10: values as printed differ from the executive-summary table / the list of additionally delayed projects: POWER n_additional_delay 9 (conflicts_with_exec_table:14/conflicts_with_list_count:14), POWER n_additional_delay_mega 5 (conflicts_with_list_count:10), STEEL n_additional_delay_mega 1 (conflicts_with_list_count:0), FERTILISERS n_additional_delay_mega 0 (conflicts_with_list_count:1), Total n_additional_delay 30 (conflicts_with_exec_table:35/conflicts_with_list_count:35), Total n_additional_delay_mega 12 (conflicts_with_list_count:17)",proj_monthly_2010_13,monthly_flash,2012-13,
Project Monitoring/monthly/2012-13/FR_DEC_2012.pdf,monthly_flash,2012-12,181,fy2012-13,566,566,48,102,1958,,,ok,"additionally_delayed rows 82 vs stated 85; narrative sector table p10: values as printed differ from the executive-summary table / the list of additionally delayed projects: PETROLEUM n_additional_delay 9 (conflicts_with_exec_table:10), COAL n_additional_delay 3 (conflicts_with_exec_table:5), Total n_additional_delay 82 (conflicts_with_exec_table:85)",proj_monthly_2010_13,monthly_flash,2012-13,
Project Monitoring/monthly/2012-13/FR_JAn_2013_new.pdf,monthly_flash,2013-01,176,fy2012-13,571,571,52,92,1944,,,ok,S.No gaps [184] duplicates [552] as printed,proj_monthly_2010_13,monthly_flash,2012-13,
Project Monitoring/monthly/2012-13/FR_FEB_2013.pdf,monthly_flash,2013-02,175,fy2012-13,564,564,61,66,1739,,,ok,project status 'Latest Approved ( Date )': printed parts sum 565 != printed total 564,proj_monthly_2010_13,monthly_flash,2012-13,
Project Monitoring/monthly/2012-13/FR_MAR_2013.pdf,monthly_flash,2013-03,174,fy2012-13,558,558,73,84,1749,,,ok,,proj_monthly_2010_13,monthly_flash,2012-13,
Project Monitoring/monthly/2013-14/FR_APR_2013.pdf,monthly_flash,2013-04,148,fitz-words: sections by title; master list anchored on column-number row,566,566,3,64,1672,,,ok,"month-wise lists printed 3 completed / 0 deleted rows (FY to date); kept 3 / 0 first appearances; current-month completed/dropped/frozen list: 3 rows, 0 in neither month-wise list",proj_monthly_2013_16,monthly_flash,2013-14,
Project Monitoring/monthly/2013-14/FR_MAY_2013.pdf,monthly_flash,2013-05,156,fitz-words: sections by title; master list anchored on column-number row,569,569,4,48,1611,,,ok,"month-wise lists printed 7 completed / 0 deleted rows (FY to date); kept 4 / 0 first appearances; current-month completed/dropped/frozen list: 4 rows, 0 in neither month-wise list",proj_monthly_2013_16,monthly_flash,2013-14,
Project Monitoring/monthly/2013-14/FR_JUN_2013.pdf,monthly_flash,2013-06,174,fitz-words: sections by title; master list anchored on column-number row,573,573,2,55,1616,,,ok,"month-wise lists printed 9 completed / 0 deleted rows (FY to date); kept 2 / 0 first appearances; current-month completed/dropped/frozen list: 2 rows, 0 in neither month-wise list",proj_monthly_2013_16,monthly_flash,2013-14,
Project Monitoring/monthly/2013-14/FR_July_2013.pdf,monthly_flash,2013-07,197,fitz-words: sections by title; master list anchored on column-number row,694,694,3,173,1637,,,ok,"month-wise lists printed 12 completed / 0 deleted rows (FY to date); kept 3 / 0 first appearances; current-month completed/dropped/frozen list: 3 rows, 0 in neither month-wise list",proj_monthly_2013_16,monthly_flash,2013-14,
Project Monitoring/monthly/2013-14/FR_Aug_2013.pdf,monthly_flash,2013-08,171,fitz-words: sections by title; master list anchored on column-number row,741,741,4,95,1636,,,ok,"month-wise lists printed 16 completed / 0 deleted rows (FY to date); kept 4 / 0 first appearances; current-month completed/dropped/frozen list: 4 rows, 0 in neither month-wise list",proj_monthly_2013_16,monthly_flash,2013-14,
Project Monitoring/monthly/2013-14/FR_Sep_2013.pdf,monthly_flash,2013-09,193,fitz-words: sections by title; master list anchored on column-number row,738,738,3,46,1635,,,ok,"month-wise lists printed 19 completed / 0 deleted rows (FY to date); kept 3 / 0 first appearances; current-month completed/dropped/frozen list: 3 rows, 0 in neither month-wise list",proj_monthly_2013_16,monthly_flash,2013-14,
Project Monitoring/monthly/2013-14/FR_Oct_2013.pdf,monthly_flash,2013-10,209,fitz-words: sections by title; master list anchored on column-number row,739,739,5,45,1635,,,ok,"month-wise lists printed 24 completed / 0 deleted rows (FY to date); kept 5 / 0 first appearances; current-month completed/dropped/frozen list: 8 rows, 3 in neither month-wise list",proj_monthly_2013_16,monthly_flash,2013-14,
Project Monitoring/monthly/2013-14/FR_Nov_2013.pdf,monthly_flash,2013-11,206,fitz-words: sections by title; master list anchored on column-number row,739,739,1,49,1636,,,ok,"month-wise lists printed 25 completed / 0 deleted rows (FY to date); kept 1 / 0 first appearances; current-month completed/dropped/frozen list: 1 rows, 0 in neither month-wise list",proj_monthly_2013_16,monthly_flash,2013-14,
Project Monitoring/monthly/2013-14/FR_Dec_2013.pdf,monthly_flash,2013-12,218,fitz-words: sections by title; master list anchored on column-number row,741,741,5,46,1632,,,ok,"month-wise lists printed 30 completed / 0 deleted rows (FY to date); kept 5 / 0 first appearances; current-month completed/dropped/frozen list: 5 rows, 0 in neither month-wise list",proj_monthly_2013_16,monthly_flash,2013-14,
Project Monitoring/monthly/2013-14/FR_jan_2014.pdf,monthly_flash,2014-01,218,fitz-words: sections by title; master list anchored on column-number row,722,722,23,43,1630,,,ok,"month-wise lists printed 53 completed / 0 deleted rows (FY to date); kept 23 / 0 first appearances; current-month completed/dropped/frozen list: 23 rows, 0 in neither month-wise list",proj_monthly_2013_16,monthly_flash,2013-14,
Project Monitoring/monthly/2013-14/FR_feb_2014.pdf,monthly_flash,2014-02,212,fitz-words: sections by title; master list anchored on column-number row,721,721,2,26,1350,,,ok,"month-wise lists printed 55 completed / 0 deleted rows (FY to date); kept 2 / 0 first appearances; current-month completed/dropped/frozen list: 2 rows, 0 in neither month-wise list",proj_monthly_2013_16,monthly_flash,2013-14,
Project Monitoring/monthly/2013-14/FR_mar_2014.pdf,monthly_flash,2014-03,217,fitz-words: sections by title; master list anchored on column-number row,710,710,14,32,1629,,,ok,"month-wise lists printed 69 completed / 0 deleted rows (FY to date); kept 14 / 0 first appearances; current-month completed/dropped/frozen list: 14 rows, 0 in neither month-wise list",proj_monthly_2013_16,monthly_flash,2013-14,
Project Monitoring/monthly/2014-15/FR_APR_2014.pdf,monthly_flash,2014-04,217,fitz-words: sections by title; master list anchored on column-number row,727,727,0,65,1654,,,ok,"month-wise lists printed 0 completed / 0 deleted rows (FY to date); kept 0 / 0 first appearances; current-month completed/dropped/frozen list: 0 rows, 0 in neither month-wise list",proj_monthly_2013_16,monthly_flash,2014-15,
Project Monitoring/monthly/2014-15/FR_may_2014.pdf,monthly_flash,2014-05,190,fitz-words: sections by title; master list anchored on column-number row,735,735,2,378,1607,,,ok,"current-month completed/dropped/frozen list prints 2 rows; status page says 5; month-wise lists printed 2 completed / 0 deleted rows (FY to date); kept 2 / 0 first appearances; current-month completed/dropped/frozen list: 2 rows, 0 in neither month-wise list",proj_monthly_2013_16,monthly_flash,2014-15,
Project Monitoring/monthly/2014-15/FR_june_2014.pdf,monthly_flash,2014-06,235,fitz-words: sections by title; master list anchored on column-number row,729,729,9,346,1654,,,ok,"month-wise lists printed 11 completed / 0 deleted rows (FY to date); kept 9 / 0 first appearances; current-month completed/dropped/frozen list: 9 rows, 0 in neither month-wise list",proj_monthly_2013_16,monthly_flash,2014-15,
Project Monitoring/monthly/2014-15/FR_jul_2014.pdf,monthly_flash,2014-07,211,fitz-words: sections by title; master list anchored on column-number row,720,720,12,57,1655,,,ok,"1 project row(s) printed twice with identical values in the same list; all kept as printed (dq_note duplicate_in_source); month-wise lists printed 23 completed / 0 deleted rows (FY to date); kept 12 / 0 first appearances; current-month completed/dropped/frozen list: 12 rows, 0 in neither month-wise list",proj_monthly_2013_16,monthly_flash,2014-15,
Project Monitoring/monthly/2014-15/FR_aug_2014.pdf,monthly_flash,2014-08,168,fitz-words: sections by title; master list anchored on column-number row,720,720,3,44,1655,,,ok,"month-wise lists printed 26 completed / 0 deleted rows (FY to date); kept 3 / 0 first appearances; current-month completed/dropped/frozen list: 3 rows, 0 in neither month-wise list",proj_monthly_2013_16,monthly_flash,2014-15,
Project Monitoring/monthly/2014-15/FR_sep_2014.pdf,monthly_flash,2014-09,221,fitz-words: sections by title; master list anchored on column-number row,750,750,2,81,1654,,,ok,"month-wise lists printed 28 completed / 0 deleted rows (FY to date); kept 2 / 0 first appearances; current-month completed/dropped/frozen list: 2 rows, 0 in neither month-wise list",proj_monthly_2013_16,monthly_flash,2014-15,
Project Monitoring/monthly/2014-15/FR_oct_2014.pdf,monthly_flash,2014-10,238,fitz-words: sections by title; master list anchored on column-number row,748,747,5,372,1616,,,ok,"executive summary states 748 projects; master list has 747 rows; completed project 'JHAJJAR HISSAR PIPE LINE PROJECT' (N16000051) is not in the FY-to-date completed list of the 2015-03 report (completion withdrawn by the source); not emitted; month-wise lists printed 34 completed / 0 deleted rows (FY to date); kept 5 / 0 first appearances; current-month completed/dropped/frozen list: 7 rows, 0 in neither month-wise list",proj_monthly_2013_16,monthly_flash,2014-15,
Project Monitoring/monthly/2014-15/FR_nov_2014.pdf,monthly_flash,2014-11,231,fitz-words: sections by title; master list anchored on column-number row,731,731,14,381,1672,,,ok,"current-month completed/dropped/frozen list prints 15 rows; status page says 16; completed project 'RAIL CONNECTIVITY TO ICTT AT VALLARPADAM AT COCHIN PORT TRUST' (N25000059) is not in the FY-to-date completed list of the 2015-03 report (completion withdrawn by the source); not emitted; month-wise lists printed 49 completed / 1 deleted rows (FY to date); kept 14 / 1 first appearances (1 with a misprinted code); current-month completed/dropped/frozen list: 15 rows, 0 in neither month-wise list",proj_monthly_2013_16,monthly_flash,2014-15,
Project Monitoring/monthly/2014-15/FR_dec_2014.pdf,monthly_flash,2014-12,226,fitz-words: sections by title; master list anchored on column-number row,738,738,12,404,1688,,,ok,"month-wise lists printed 59 completed / 2 deleted rows (FY to date); kept 12 / 1 first appearances (1 with a misprinted code); current-month completed/dropped/frozen list: 12 rows, 0 in neither month-wise list",proj_monthly_2013_16,monthly_flash,2014-15,
Project Monitoring/monthly/2014-15/FR_jan_2015.pdf,monthly_flash,2015-01,301,fitz-words: sections by title; master list anchored on column-number row,745,745,3,392,1733,,,ok,"month-wise lists printed 62 completed / 2 deleted rows (FY to date); kept 3 / 0 first appearances; current-month completed/dropped/frozen list: 3 rows, 0 in neither month-wise list",proj_monthly_2013_16,monthly_flash,2014-15,
Project Monitoring/monthly/2014-15/FR_feb_2015.pdf,monthly_flash,2015-02,272,fitz-words: sections by title; master list anchored on column-number row,750,750,3,385,1735,,,ok,"month-wise lists printed 65 completed / 2 deleted rows (FY to date); kept 3 / 0 first appearances; current-month completed/dropped/frozen list: 4 rows, 1 in neither month-wise list",proj_monthly_2013_16,monthly_flash,2014-15,
Project Monitoring/monthly/2014-15/FR_march_2015.pdf,monthly_flash,2015-03,268,fitz-words: sections by title; master list anchored on column-number row,751,751,7,369,1738,,,ok,"month-wise lists printed 72 completed / 2 deleted rows (FY to date); kept 7 / 0 first appearances; current-month completed/dropped/frozen list: 7 rows, 0 in neither month-wise list",proj_monthly_2013_16,monthly_flash,2014-15,
Project Monitoring/monthly/2015-16/FR_APRil_2015.pdf,monthly_flash,2015-04,265,fitz-words: sections by title; master list anchored on column-number row,758,758,2,386,1802,,,ok,"month-wise lists printed 2 completed / 0 deleted rows (FY to date); kept 2 / 0 first appearances; current-month completed/dropped/frozen list: 2 rows, 0 in neither month-wise list",proj_monthly_2013_16,monthly_flash,2015-16,
Project Monitoring/monthly/2015-16/FR_may_2015.pdf,monthly_flash,2015-05,290,fitz-words: sections by title; master list anchored on column-number row,766,766,6,294,1681,,,ok,"footnote: information/data (as on January 2015) has been used in respect of all projects of Railways; month-wise lists printed 8 completed / 6 deleted rows (FY to date); kept 6 / 6 first appearances (6 with a misprinted code); current-month completed/dropped/frozen list: 12 rows, 0 in neither month-wise list",proj_monthly_2013_16,monthly_flash,2015-16,source_railways_data_as_of:2015-01
Project Monitoring/monthly/2015-16/FR_jun_2015.pdf,monthly_flash,2015-06,301,fitz-words: sections by title; master list anchored on column-number row,770,770,6,360,1823,,,ok,"footnote: information/data (as on January 2015) has been used in respect of all projects of Railways; month-wise lists printed 14 completed / 9 deleted rows (FY to date); kept 6 / 2 first appearances (2 with a misprinted code); current-month completed/dropped/frozen list: 9 rows, 0 in neither month-wise list",proj_monthly_2013_16,monthly_flash,2015-16,source_railways_data_as_of:2015-01
Project Monitoring/monthly/2015-16/FR_july_2015.pdf,monthly_flash,2015-07,260,fitz-words: sections by title; master list anchored on column-number row,767,767,3,255,1820,,,ok,"footnote: Information in respect of Ministry of Railways is as on 01.01.2015.; footnote: information/data (as on January 2015) has been used in respect of all projects of Railways; 3 summary row(s) repeated with identical key and value (page printed twice); kept the first; completed project 'ENNORE MANALI EXPRESS WAY,F/O SPECIAL PURPOSE VEHICLE (SPV)' (N25000035) is not in the FY-to-date completed list of the 2016-03 report (completion withdrawn by the source); not emitted; completed project 'SETTING UP OF SINGLE POINT MOORING (SPM) AND ALLIED FACILITIES OFF VEERA IN GULF OF KUTCH ON BOT BAS' (N25000060) is not in the FY-to-date completed list of the 2016-03 report (completion withdrawn by the source); not emitted; month-wise lists printed 19 completed / 9 deleted rows (FY to date); kept 3 / 0 first appearances; current-month completed/dropped/frozen list: 5 rows, 0 in neither month-wise list",proj_monthly_2013_16,monthly_flash,2015-16,source_railways_data_as_of:2015-01
Project Monitoring/monthly/2015-16/FR_aug_2015.pdf,monthly_flash,2015-08,281,fitz-words: sections by title; master list anchored on column-number row,789,789,11,303,1819,,,ok,"footnote: Information in respect of Ministry of Railways is as on 01.01.2015.; footnote: information/data (as on January 2015) has been used in respect of all projects of Railways; footnote: The information/data of 158 Road Sector Projects have not been updated online by the NHAI; month-wise lists printed 28 completed / 11 deleted rows (FY to date); kept 11 / 2 first appearances (2 with a misprinted code); current-month completed/dropped/frozen list: 13 rows, 0 in neither month-wise list",proj_monthly_2013_16,monthly_flash,2015-16,source_railways_data_as_of:2015-01;source_nhai_data_incomplete
Project Monitoring/monthly/2015-16/FR_sep_2015.pdf,monthly_flash,2015-09,278,fitz-words: sections by title; master list anchored on column-number row,783,783,6,250,1820,,,ok,"footnote: Information in respect of Ministry of Railways is as on 01.01.2015.; footnote: Out of 137 projects, the data / information of only 38 projects were submitted online by the NHAI for the month of September 2015; month-wise lists printed 34 completed / 11 deleted rows (FY to date); kept 6 / 0 first appearances; current-month completed/dropped/frozen list: 7 rows, 0 in neither month-wise list",proj_monthly_2013_16,monthly_flash,2015-16,source_railways_data_as_of:2015-01;source_nhai_data_incomplete
Project Monitoring/monthly/2015-16/FR_oct_2015.pdf,monthly_flash,2015-10,253,fitz-words: sections by title; master list anchored on column-number row,782,782,7,241,1866,,,ok,"footnote: Information in respect of Ministry of Railways is as on 01.01.2015.; footnote: information/data (as on January 2015) has been used in respect of all projects of Railways; footnote: Out of 160 projects, the data / information of only 8 projects were submitted online by the NHAI for the month of October 2015; month-wise lists printed 41 completed / 15 deleted rows (FY to date); kept 7 / 0 first appearances; current-month completed/dropped/frozen list: 11 rows, 0 in neither month-wise list",proj_monthly_2013_16,monthly_flash,2015-16,source_railways_data_as_of:2015-01;source_nhai_data_incomplete
Project Monitoring/monthly/2015-16/FR_nov_2015.pdf,monthly_flash,2015-11,279,fitz-words: sections by title; master list anchored on column-number row,787,787,1,247,1865,,,ok,"footnote: Information in respect of Ministry of Railways is as on 01.01.2015.; footnote: information/data (as on January 2015) has been used in respect of all projects of Railways; footnote: Out of 137 projects, the data / information of only 37 projects were submitted online by the NHAI for the month of November 2015; month-wise lists printed 42 completed / 15 deleted rows (FY to date); kept 1 / 0 first appearances; current-month completed/dropped/frozen list: 1 rows, 0 in neither month-wise list",proj_monthly_2013_16,monthly_flash,2015-16,source_railways_data_as_of:2015-01;source_nhai_data_incomplete
Project Monitoring/monthly/2015-16/FR_dec_2015.pdf,monthly_flash,2015-12,367,fitz-words: sections by title; master list anchored on column-number row,1058,1058,9,661,1882,,,ok,"footnote: Information in respect of Ministry of Railways is as on 01.01.2015.; month-wise lists printed 51 completed / 21 deleted rows (FY to date); kept 9 / 6 first appearances; current-month completed/dropped/frozen list: 17 rows, 0 in neither month-wise list",proj_monthly_2013_16,monthly_flash,2015-16,source_railways_data_as_of:2015-01
Project Monitoring/monthly/2015-16/FR_jan_2016.pdf,monthly_flash,2016-01,349,fitz-words: sections by title; master list anchored on column-number row,1063,1063,6,409,1871,,,ok,"delayed-with-reasons annexure: serial number misprinted: p191 #95 printed 5; month-wise lists printed 57 completed / 20 deleted rows (FY to date); kept 6 / 0 first appearances; current-month completed/dropped/frozen list: 6 rows, 0 in neither month-wise list",proj_monthly_2013_16,monthly_flash,2015-16,
Project Monitoring/monthly/2015-16/FR_feb_2016.pdf,monthly_flash,2016-02,352,fitz-words: sections by title; master list anchored on column-number row,1071,1071,2,389,1872,,,ok,"month-wise lists printed 59 completed / 20 deleted rows (FY to date); kept 2 / 0 first appearances; current-month completed/dropped/frozen list: 2 rows, 0 in neither month-wise list",proj_monthly_2013_16,monthly_flash,2015-16,
Project Monitoring/monthly/2015-16/FR_mar_2016.pdf,monthly_flash,2016-03,365,fitz-words: sections by title; master list anchored on column-number row,1076,1076,2,409,1872,,,ok,"footnote: Information in respect of Ministry of Railways is as on 01.01.2015.; delayed-with-reasons annexure p186 sno 3: doc_a printed as ['1p1/2018'] (left blank); month-wise lists printed 61 completed / 20 deleted rows (FY to date); kept 2 / 0 first appearances; current-month completed/dropped/frozen list: 2 rows, 0 in neither month-wise list",proj_monthly_2013_16,monthly_flash,2015-16,source_railways_data_as_of:2015-01
Project Monitoring/Flash Reports monthly/2025-26/FRApril2025.pdf,paimana_flash,2025-04,273,ocms_word_2025,1670.0,1670.0,34.0,26.0,273.0,,,ok,"NE-region list not written: 210 rows, same columns as the master ongoing list; 210 found there, field differences {'project_name': 38, 'physical_progress_pct': 9} (as printed: name wrap spacing, Multi-States order or NE part only, 6-digit revised cost, progress 0 vs N.A.; master list kept)",proj_flash_2025_27,paimana_flash,2025-26,
Project Monitoring/Flash Reports monthly/2025-26/FR_May2025.pdf,paimana_flash,2025-05,212,ocms_word_2025,1637.0,1637.0,40.0,23.0,276.0,,,ok,"NE-region list not written: 206 rows, same columns as the master ongoing list; 206 found there, field differences {'physical_progress_pct': 11, 'project_name': 1} (as printed: name wrap spacing, Multi-States order or NE part only, 6-digit revised cost, progress 0 vs N.A.; master list kept)",proj_flash_2025_27,paimana_flash,2025-26,
Project Monitoring/Flash Reports monthly/2025-26/FR_JUNE_2025.pdf,paimana_flash,2025-06,234,ocms_word_2025,1595.0,1595.0,42.0,10.0,270.0,,,ok,"completed: sector_raw labels not in Table 1/2 vocabulary: ['SOCIAL JUSTICE']; NE-region list not written: 198 rows, same columns as the master ongoing list; 198 found there, field differences {'project_name': 29, 'physical_progress_pct': 9} (as printed: name wrap spacing, Multi-States order or NE part only, 6-digit revised cost, progress 0 vs N.A.; master list kept); (agency, sector) pairs not seen in the ongoing list: [('completed', 'N38000001', 'CPWD', 'SOCIAL JUSTICE')]",proj_flash_2025_27,paimana_flash,2025-26,
Project Monitoring/Flash Reports monthly/2025-26/FlashReport_July_2025.pdf,paimana_flash,2025-07,67,paimana_web,791.0,791.0,0.0,0.0,1577.0,,,ok,"NE-region list not written: 51 rows, same columns as the master ongoing list; 51 found there, field differences {'project_name': 1, 'state': 9} (as printed: name wrap spacing, Multi-States order or NE part only, 6-digit revised cost, progress 0 vs N.A.; master list kept); report scope note: excluding Ministry of Road Transport & Highways, may reflect from next month onwards; sanity: doc_before_doa=2",proj_flash_2025_27,paimana_flash,2025-26,scope_excludes:MoRTH
Project Monitoring/Flash Reports monthly/2025-26/FlashReport_August_2025.pdf,paimana_flash,2025-08,67,paimana_web,800.0,800.0,0.0,0.0,1530.0,,,ok,"NE-region list not written: 54 rows, same columns as the master ongoing list; 54 found there, field differences {'project_name': 1, 'state': 5} (as printed: name wrap spacing, Multi-States order or NE part only, 6-digit revised cost, progress 0 vs N.A.; master list kept); report scope note: excluding Ministry of Road Transport & Highways, may reflect from next month onwards; sanity: doc_before_doa=5",proj_flash_2025_27,paimana_flash,2025-26,scope_excludes:MoRTH
Project Monitoring/Flash Reports monthly/2025-26/FlashReport_November_2025.pdf,paimana_flash,2025-11,73,paimana_web,823.0,823.0,13.0,21.0,1701.0,,,ok,"NE-region list not written: 58 rows, same columns as the master ongoing list; 58 found there, field differences {'state': 5} (as printed: name wrap spacing, Multi-States order or NE part only, 6-digit revised cost, progress 0 vs N.A.; master list kept); report scope note: excluding Ministry of Road Transport & Highways, may reflect from next month onwards; sanity: doc_before_doa=1",proj_flash_2025_27,paimana_flash,2025-26,scope_excludes:MoRTH
Project Monitoring/Flash Reports monthly/2025-26/FlashReport_December_2025.pdf,paimana_flash,2025-12,108,paimana_web,1392.0,1392.0,17.0,20.0,1844.0,,,ok,"skipped sections: Major On-going Projects Monitored under PAIMANA ORIGINAL COS (1p); NE-region list not written: 170 rows, same columns as the master ongoing list; 170 found there, field differences {'state': 10, 'project_name': 31} (as printed: name wrap spacing, Multi-States order or NE part only, 6-digit revised cost, progress 0 vs N.A.; master list kept); sanity: doc_before_doa=1",proj_flash_2025_27,paimana_flash,2025-26,
Project Monitoring/Flash Reports monthly/2025-26/FlashReport_January_2026.pdf,paimana_flash,2026-01,134,paimana_web,1702.0,1702.0,3.0,203.0,1873.0,,,ok,"skipped sections: Major On-going Projects Monitored under PAIMANA ORIGINAL COS (1p); NE-region list not written: 217 rows, same columns as the master ongoing list; 217 found there, field differences {'state': 5, 'project_name': 44} (as printed: name wrap spacing, Multi-States order or NE part only, 6-digit revised cost, progress 0 vs N.A.; master list kept); sanity: doc_before_doa=1",proj_flash_2025_27,paimana_flash,2025-26,
Project Monitoring/Flash Reports monthly/2025-26/FlashReport_February_2026.pdf,paimana_flash,2026-02,168,paimana_web,1948.0,1948.0,9.0,268.0,1871.0,,,ok,"skipped sections: Major On-going Projects Monitored under PAIMANA ORIGINAL COS (1p); NE-region list not written: 221 rows, same columns as the master ongoing list; 221 found there, field differences {'state': 8, 'project_name': 46} (as printed: name wrap spacing, Multi-States order or NE part only, 6-digit revised cost, progress 0 vs N.A.; master list kept); sanity: doc_before_doa=1",proj_flash_2025_27,paimana_flash,2025-26,
Project Monitoring/Flash Reports monthly/2025-26/FlashReport_March_2026.pdf,paimana_flash,2026-03,157,paimana_web,1941.0,1941.0,25.0,12.0,1871.0,,,ok,"skipped sections: Major On-going Projects Monitored under PAIMANA ORIGINAL COS (1p); NE-region list not written: 223 rows, same columns as the master ongoing list; 223 found there, field differences {'state': 9, 'project_name': 46} (as printed: name wrap spacing, Multi-States order or NE part only, 6-digit revised cost, progress 0 vs N.A.; master list kept); report note: projects with ids 618051, 618307, 618930, 619065, 619113 and 705410 not published (expenditure inconsistency); sanity: doc_before_doa=1",proj_flash_2025_27,paimana_flash,2025-26,
Performance Monitoring/2026-27/FlashReport_April2026.pdf,paimana_flash,2026-04,163,paimana_web,,,,,,,,skipped_duplicate,duplicate of Project Monitoring/Flash Reports monthly/2025-26/FlashReport_April2026.pdf (byte-identical),proj_flash_2025_27,paimana_flash,2026-27,skipped_duplicate;duplicate_of:Project Monitoring/Flash Reports monthly/2025-26/FlashReport_April2026.pdf
Project Monitoring/Flash Reports monthly/2025-26/FlashReport_April2026.pdf,paimana_flash,2026-04,163,paimana_web,1981.0,1981.0,9.0,55.0,1860.0,,,ok,"skipped sections: Major On-going Projects Monitored under PAIMANA ORIGINAL COS (1p); NE-region list not written: 229 rows, same columns as the master ongoing list; 229 found there, field differences {'state': 9, 'project_name': 46} (as printed: name wrap spacing, Multi-States order or NE part only, 6-digit revised cost, progress 0 vs N.A.; master list kept); report note: projects with ids 618051, 618307, 619065, 619113 and 618816 not published (expenditure inconsistency); sanity: doc_before_doa=1",proj_flash_2025_27,paimana_flash,2026-27,
Performance Monitoring/2026-27/FlashReport_May2026.pdf,paimana_flash,2026-05,163,paimana_web,,,,,,,,skipped_duplicate,duplicate of Project Monitoring/Flash Reports monthly/2025-26/FlashReport_May2026.pdf (byte-identical),proj_flash_2025_27,paimana_flash,2026-27,skipped_duplicate;duplicate_of:Project Monitoring/Flash Reports monthly/2025-26/FlashReport_May2026.pdf
Project Monitoring/Flash Reports monthly/2025-26/FlashReport_May2026.pdf,paimana_flash,2026-05,163,paimana_web,1987.0,1987.0,16.0,35.0,1876.0,,,ok,"skipped sections: Major On-going Projects Monitored under PAIMANA ORIGINAL COS (1p); NE-region list not written: 230 rows, same columns as the master ongoing list; 230 found there, field differences {'state': 10, 'project_name': 46} (as printed: name wrap spacing, Multi-States order or NE part only, 6-digit revised cost, progress 0 vs N.A.; master list kept); report note: projects with ids 618051, 618307, 619065, 619113 and 618816 not published (expenditure inconsistency); sanity: doc_before_doa=1",proj_flash_2025_27,paimana_flash,2026-27,
Performance Monitoring/2026-27/FlashReport_June_2026.pdf,paimana_flash,2026-06,161,paimana_web,,,,,,,,skipped_duplicate,"duplicate of Project Monitoring/Flash Reports monthly/2025-26/FlashReport_June_2026.pdf (bytes differ, text of every page identical)",proj_flash_2025_27,paimana_flash,2026-27,skipped_duplicate;duplicate_of:Project Monitoring/Flash Reports monthly/2025-26/FlashReport_June_2026.pdf
Project Monitoring/Flash Reports monthly/2025-26/FlashReport_June_2026.pdf,paimana_flash,2026-06,161,paimana_web,1847.0,1847.0,130.0,17.0,1997.0,,,ok,"skipped sections: Major On-going Projects Monitored under PAIMANA ORIGINAL COS (1p); NE-region list not written: 218 rows, same columns as the master ongoing list; 218 found there, field differences {'state': 10, 'project_name': 42} (as printed: name wrap spacing, Multi-States order or NE part only, 6-digit revised cost, progress 0 vs N.A.; master list kept); report note: projects with ids 617933, 617917, 617944, 617957, 617981, 617993, 617977, 617982, 618006, 618007, 618046, 618062, 618090, 618136, 618144, 618181, 618167, 618192, 618208, 618220, 618229, 618342, 618343, and 618432 not published (expenditure inconsistency); sanity: doc_before_doa=2",proj_flash_2025_27,paimana_flash,2026-27,
Performance Monitoring/2026-27/FlashReport_July_2026.pdf,paimana_flash,2026-07,153,paimana_web,,,,,,,,skipped_duplicate,"duplicate of Project Monitoring/Flash Reports monthly/2025-26/FlashReport_July_2026.pdf (bytes differ, text of every page identical)",proj_flash_2025_27,paimana_flash,2026-27,skipped_duplicate;duplicate_of:Project Monitoring/Flash Reports monthly/2025-26/FlashReport_July_2026.pdf
Project Monitoring/Flash Reports monthly/2025-26/FlashReport_July_2026.pdf,paimana_flash,2026-07,153,paimana_web,1775.0,1775.0,25.0,36.0,1946.0,,,ok,"skipped sections: Major On-going Projects Monitored under PAIMANA ORIGINAL COS (1p); NE-region list not written: 211 rows, same columns as the master ongoing list; 211 found there, field differences {'cost_revised_cr': 7, 'state': 13, 'project_name': 40} (as printed: name wrap spacing, Multi-States order or NE part only, 6-digit revised cost, progress 0 vs N.A.; master list kept); sanity: doc_before_doa=1",proj_flash_2025_27,paimana_flash,2026-27,
Performance Monitoring/2015-16/CompleteReviewReportApril2015.pdf,performance_review,2015-04,26,annexA-6col+ruled-tables,,,,,,42,1448,partial,"skipped 1/33 detail tables: p6 'HIGHLIGHTS': fewer than 2 body columns | Areas of concern / Noteworthy performance tables not extracted (derived from Annexure-A, free-form cells)",perf_2015_18,performance_review,2015-16,report_partial
Performance Monitoring/2015-16/CompleteReviewReportMay2015.pdf,performance_review,2015-05,38,annexA-11col+ruled-tables,,,,,,84,2975,ok,"Annexure-A title period 'April 2014 & April 2015' does not match 2015-05 (column headers used) | p8 'HIGHLIGHTS (April - May 2015)': label lines without values ['ii) Coastal shipment of Coal (MT)'] | p14 'Table - 11: Nuclear Power Generation - April-May 2': 1/14 printed % variations differ from computed (kept as printed, dq_note printed_pct_mismatch) | p15 'Table - 13: Region-wise Hydro Power Generation - M': 1/12 printed % variations differ from computed (kept as printed, dq_note printed_pct_mismatch) | p16 continuation of 'Table - 16: Region-wise Power Generation through R': 1 rows parsed | p30 'Table - 43: Production of Natural Gas - May 2015': 2/28 printed % variations differ from computed (kept as printed, dq_note printed_pct_mismatch) | Areas of concern / Noteworthy performance tables not extracted (derived from Annexure-A, free-form cells)",perf_2015_18,performance_review,2015-16,
Performance Monitoring/2015-16/CompleteReviewReportJune2015.pdf,performance_review,2015-06,35,annexA-11col+ruled-tables,,,,,,84,3000,ok,"Areas of concern / Noteworthy performance tables not extracted (derived from Annexure-A, free-form cells)",perf_2015_18,performance_review,2015-16,
Performance Monitoring/2015-16/CompleteReviewReportJuly2015.pdf,performance_review,2015-07,40,annexA-11col+ruled-tables,,,,,,84,3164,ok,"Areas of concern / Noteworthy performance tables not extracted (derived from Annexure-A, free-form cells)",perf_2015_18,performance_review,2015-16,
Performance Monitoring/2015-16/CompleteReviewReportAugust2015.pdf,performance_review,2015-08,39,annexA-11col+ruled-tables,,,,,,84,3193,ok,"p8 'HIGHLIGHTS Monthly Trend of Growth Achieved during': dropped stray unlabelled cells [{5: '19.64'}] | Areas of concern / Noteworthy performance tables not extracted (derived from Annexure-A, free-form cells)",perf_2015_18,performance_review,2015-16,
Performance Monitoring/2015-16/CompleteReviewReportSeptember2015.pdf,performance_review,2015-09,41,annexA-11col+ruled-tables,,,,,,84,3151,ok,"p8 'HIGHLIGHTS Monthly Trend of Growth Achieved during': dropped stray unlabelled cells [{6: '19.64'}] | p34 'Table - 48: Performance of State PWD and BRO durin': 1/14 printed % variations differ from computed (kept as printed, dq_note printed_pct_mismatch) | p35 continuation of 'Table - 48: Performance of State PWD and BRO durin': 1/1 printed % variations differ from computed (kept as printed, dq_note printed_pct_mismatch) | p35 continuation of 'Table - 48: Performance of State PWD and BRO durin': 1 rows parsed | Areas of concern / Noteworthy performance tables not extracted (derived from Annexure-A, free-form cells)",perf_2015_18,performance_review,2015-16,
Performance Monitoring/2015-16/CompleteReviewReportOctober2015.pdf,performance_review,2015-10,40,annexA-11col+ruled-tables,,,,,,84,3165,ok,"p8 'HIGHLIGHTS Monthly Trend of Growth Achieved during': dropped stray unlabelled cells [{6: '19.64'}] | p19 'Table - 22: Company-wise Coking Coal Production - ': 2/16 printed % variations differ from computed (kept as printed, dq_note printed_pct_mismatch) | Areas of concern / Noteworthy performance tables not extracted (derived from Annexure-A, free-form cells)",perf_2015_18,performance_review,2015-16,
Performance Monitoring/2015-16/CompleteReviewReportDecember2015.pdf,performance_review,2015-12,38,annexA-11col+ruled-tables,,,,,,84,3153,ok,"p21 'Table - 28: Company-wise Coal despatches - April-D': 2/24 printed % variations differ from computed (kept as printed, dq_note printed_pct_mismatch) | Areas of concern / Noteworthy performance tables not extracted (derived from Annexure-A, free-form cells)",perf_2015_18,performance_review,2015-16,
Performance Monitoring/2015-16/CompleteReviewReportJanuary2016.pdf,performance_review,2016-01,38,annexA-11col+ruled-tables,,,,,,84,3150,ok,"p19 'Table - 22: Company-wise Coking Coal Production - ': 1/16 printed % variations differ from computed (kept as printed, dq_note printed_pct_mismatch) | Areas of concern / Noteworthy performance tables not extracted (derived from Annexure-A, free-form cells)",perf_2015_18,performance_review,2015-16,
Performance Monitoring/2015-16/CompleteReviewReportFebruary2016.pdf,performance_review,2016-02,38,annexA-11col+ruled-tables,,,,,,84,3152,ok,"p32 'Table - 48: Performance of State PWD and BRO durin': 1/15 printed % variations differ from computed (kept as printed, dq_note printed_pct_mismatch) | Areas of concern / Noteworthy performance tables not extracted (derived from Annexure-A, free-form cells)",perf_2015_18,performance_review,2015-16,
Performance Monitoring/2015-16/CompleteReviewReportMarch2016.pdf,performance_review,2016-03,38,annexA-11col+ruled-tables,,,,,,84,3149,ok,"p19 'Table - 22: Company-wise Coking Coal Production - ': 4/16 printed % variations differ from computed (kept as printed, dq_note printed_pct_mismatch) | p20 'Table - 24: Washed Coal Production - April 2015 - ': 1/8 printed % variations differ from computed (kept as printed, dq_note printed_pct_mismatch) | Areas of concern / Noteworthy performance tables not extracted (derived from Annexure-A, free-form cells)",perf_2015_18,performance_review,2015-16,
Performance Monitoring/2016-17/CompleteReviewReportApril2016.pdf,performance_review,2016-04,25,annexA-6col+ruled-tables,,,,,,42,1584,ok,"p21 'Table - 26: Performance of State PWD and BRO durin': 1/13 printed % variations differ from computed (kept as printed, dq_note printed_pct_mismatch) | Roads: source footnote says 2016-03 data reprinted as 2016-04; 52 rows flagged (source_says_previous_month_data:2016-03) | Areas of concern / Noteworthy performance tables not extracted (derived from Annexure-A, free-form cells)",perf_2015_18,performance_review,2016-17,
Performance Monitoring/2016-17/CompleteReviewReportMay2016.pdf,performance_review,2016-05,38,annexA-11col+ruled-tables,,,,,,84,2924,partial,"p19 'Table - 22: Company-wise Coking Coal Production - ': 1/9 printed % variations differ from computed (kept as printed, dq_note printed_pct_mismatch) | p25 'Table - 35: Fertilizer Production - April - May 20': 1/18 printed % variations differ from computed (kept as printed, dq_note printed_pct_mismatch) | p38 'Table - 60: Performance of Telecommunication Secto': dropped rows repeating an earlier (group, label) - group heading missing in source: ['a) Public Sector', 'b) Private Sector', 'Total'] | Areas of concern / Noteworthy performance tables not extracted (derived from Annexure-A, free-form cells)",perf_2015_18,performance_review,2016-17,report_partial
Performance Monitoring/2016-17/CompleteReviewReportJune2016.pdf,performance_review,2016-06,41,annexA-11col+ruled-tables,,,,,,84,2917,ok,"p16 'Table - 6: Sector-wise cumulative thermal Generati': 2/8 printed % variations differ from computed (kept as printed, dq_note printed_pct_mismatch) | p33 'Table - 44: Production of Natural Gas - April-June': 2/28 printed % variations differ from computed (kept as printed, dq_note printed_pct_mismatch) | Areas of concern / Noteworthy performance tables not extracted (derived from Annexure-A, free-form cells)",perf_2015_18,performance_review,2016-17,
Performance Monitoring/2016-17/CompleteReviewReportJuly2016.pdf,performance_review,2016-07,41,annexA-11col+ruled-tables,,,,,,84,3056,ok,"Areas of concern / Noteworthy performance tables not extracted (derived from Annexure-A, free-form cells)",perf_2015_18,performance_review,2016-17,
Performance Monitoring/2016-17/CompleteReviewReportAugust2016.pdf,performance_review,2016-08,42,annexA-11col+ruled-tables,,,,,,84,3067,ok,"Areas of concern / Noteworthy performance tables not extracted (derived from Annexure-A, free-form cells)",perf_2015_18,performance_review,2016-17,
Performance Monitoring/2016-17/CompleteReviewReportSeptember2016.pdf,performance_review,2016-09,41,annexA-11col+ruled-tables,,,,,,84,3049,ok,"Areas of concern / Noteworthy performance tables not extracted (derived from Annexure-A, free-form cells)",perf_2015_18,performance_review,2016-17,
Performance Monitoring/2016-17/CompleteReviewReportOctober2016.pdf,performance_review,2016-10,41,annexA-11col+ruled-tables,,,,,,84,3060,ok,"Areas of concern / Noteworthy performance tables not extracted (derived from Annexure-A, free-form cells)",perf_2015_18,performance_review,2016-17,
Performance Monitoring/2016-17/CompleteReviewReportNovember2016.pdf,performance_review,2016-11,41,annexA-11col+ruled-tables,,,,,,84,3069,ok,"p36 'Table - 50: Revenue earning freight traffic - Apri': 3/22 printed % variations differ from computed (kept as printed, dq_note printed_pct_mismatch) | Areas of concern / Noteworthy performance tables not extracted (derived from Annexure-A, free-form cells)",perf_2015_18,performance_review,2016-17,
Performance Monitoring/2016-17/CompleteReviewReportDecember2016.pdf,performance_review,2016-12,42,annexA-11col+ruled-tables,,,,,,84,3080,partial,"p25 'Table - 28: Company-wise Coal despatches - April-D': 1/24 printed % variations differ from computed (kept as printed, dq_note printed_pct_mismatch) | p34 'Table - 44: Production of Natural Gas - April-Dece': dropped ambiguous cells (decimal point missing in text layer) [{1: '34118 90', 2: '25152 31', 3: '23885 34', 4: '24697 14', 5: '5 04', 6: '3 29'}] | p38 'Table - 52: Cargo handled at major ports - April-D': dropped ambiguous cells (decimal point missing in text layer) [{6: '7 55'}] | Areas of concern / Noteworthy performance tables not extracted (derived from Annexure-A, free-form cells)",perf_2015_18,performance_review,2016-17,report_partial
Performance Monitoring/2016-17/CompleteReviewReportJanuary2017.pdf,performance_review,2017-01,42,annexA-11col+ruled-tables,,,,,,84,3094,ok,"Areas of concern / Noteworthy performance tables not extracted (derived from Annexure-A, free-form cells)",perf_2015_18,performance_review,2016-17,
Performance Monitoring/2016-17/CompleteReviewReportFebruary2017.pdf,performance_review,2017-02,42,annexA-11col+ruled-tables,,,,,,84,3075,ok,"p25 'Table - 28: Company-wise Coal despatches - April 2': 1/24 printed % variations differ from computed (kept as printed, dq_note printed_pct_mismatch) | Areas of concern / Noteworthy performance tables not extracted (derived from Annexure-A, free-form cells)",perf_2015_18,performance_review,2016-17,
Performance Monitoring/2016-17/CompleteReviewReportMarch2017.pdf,performance_review,2017-03,42,annexA-11col+ruled-tables,,,,,,84,3075,ok,"p23 'Table - 22: Company-wise Coking Coal Production - ': 2/15 printed % variations differ from computed (kept as printed, dq_note printed_pct_mismatch) | Areas of concern / Noteworthy performance tables not extracted (derived from Annexure-A, free-form cells)",perf_2015_18,performance_review,2016-17,
Performance Monitoring/2017-18/CompleteReviewReportApril2017.pdf,performance_review,2017-04,29,annexA-6col+ruled-tables,,,,,,42,1613,ok,"Areas of concern / Noteworthy performance tables not extracted (derived from Annexure-A, free-form cells)",perf_2015_18,performance_review,2017-18,
Performance Monitoring/2017-18/CompleteReviewReportMay2017.pdf,performance_review,2017-05,42,annexA-11col+ruled-tables,,,,,,84,2950,ok,"p22 'Table - 20: Company-wise Coal Production - April-M': 3/23 printed % variations differ from computed (kept as printed, dq_note printed_pct_mismatch) | Areas of concern / Noteworthy performance tables not extracted (derived from Annexure-A, free-form cells)",perf_2015_18,performance_review,2017-18,
Performance Monitoring/2017-18/CompleteReviewReportJune2017.pdf,performance_review,2017-06,42,annexA-11col+ruled-tables,,,,,,84,2956,ok,"p24 'Table - 26: Coking Coal despatch to steel plants -': 3/6 printed % variations differ from computed (kept as printed, dq_note printed_pct_mismatch) | p34 'Table - 44: Production of Natural Gas - April-June': 2/28 printed % variations differ from computed (kept as printed, dq_note printed_pct_mismatch) | Areas of concern / Noteworthy performance tables not extracted (derived from Annexure-A, free-form cells)",perf_2015_18,performance_review,2017-18,
Performance Monitoring/2017-18/CompleteReviewReportJuly2017.pdf,performance_review,2017-07,42,annexA-11col+ruled-tables,,,,,,84,2967,ok,"p25 'Table - 28: Company-wise Coal despatches - April-J': 8/23 printed % variations differ from computed (kept as printed, dq_note printed_pct_mismatch) | p31 'Table - 38: Production of Crude Oil - April-July 2': 1/22 printed % variations differ from computed (kept as printed, dq_note printed_pct_mismatch) | Areas of concern / Noteworthy performance tables not extracted (derived from Annexure-A, free-form cells)",perf_2015_18,performance_review,2017-18,
Performance Monitoring/2017-18/CompleteReviewReportAugust2017.pdf,performance_review,2017-08,42,annexA-11col+ruled-tables,,,,,,84,2956,ok,"p23 'Table - 22: Company-wise Coking Coal Production - ': 1/9 printed % variations differ from computed (kept as printed, dq_note printed_pct_mismatch) | p31 'Table - 38: Production of Crude Oil - April-August': 1/22 printed % variations differ from computed (kept as printed, dq_note printed_pct_mismatch) | p34 'Table - 44: Production of Natural Gas - April-Augu': 2/28 printed % variations differ from computed (kept as printed, dq_note printed_pct_mismatch) | Areas of concern / Noteworthy performance tables not extracted (derived from Annexure-A, free-form cells)",perf_2015_18,performance_review,2017-18,
Performance Monitoring/2017-18/CompleteReviewReportOct2017.pdf,performance_review,2017-10,42,annexA-11col+ruled-tables,,,,,,84,3037,ok,"p12 'HIGHLIGHTS Growth Achieved during the period April': dropped stray unlabelled cells [{6: '19.64'}] | p23 'Table - 22: Company-wise Coking Coal Production - ': 7/15 printed % variations differ from computed (kept as printed, dq_note printed_pct_mismatch) | Areas of concern / Noteworthy performance tables not extracted (derived from Annexure-A, free-form cells)",perf_2015_18,performance_review,2017-18,
Performance Monitoring/2017-18/CompleteReviewReportNov2017.pdf,performance_review,2017-11,47,annexA-11col+ruled-tables,,,,,,84,3051,ok,"Areas of concern / Noteworthy performance tables not extracted (derived from Annexure-A, free-form cells)",perf_2015_18,performance_review,2017-18,
Performance Monitoring/2017-18/CompleteReviewReportDec2017.pdf,performance_review,2017-12,47,annexA-11col+ruled-tables,,,,,,84,3038,ok,"p36 'Table - 37: Production of Crude Oil - December 201': 1/22 printed % variations differ from computed (kept as printed, dq_note printed_pct_mismatch) | Areas of concern / Noteworthy performance tables not extracted (derived from Annexure-A, free-form cells)",perf_2015_18,performance_review,2017-18,
Performance Monitoring/2017-18/CompleteReviewReportJan2018.pdf,performance_review,2018-01,47,annexA-11col+ruled-tables,,,,,,84,3031,ok,"p28 'Table - 22: Company-wise Coking Coal Production - ': 2/15 printed % variations differ from computed (kept as printed, dq_note printed_pct_mismatch) | p36 continuation of 'Table - 39: Refinery Production - January 2018': 6 rows parsed | p38 continuation of 'Table - 42: Refinery Capacity Utilisation - April,': 19 rows parsed | p39 'Table - 44: Production of Natural Gas - April,2017': 4/28 printed % variations differ from computed (kept as printed, dq_note printed_pct_mismatch) | p40 'Table - 47: Performance of State PWD and BRO durin': 2/12 printed % variations differ from computed (kept as printed, dq_note printed_pct_mismatch) | Areas of concern / Noteworthy performance tables not extracted (derived from Annexure-A, free-form cells)",perf_2015_18,performance_review,2017-18,
Performance Monitoring/2017-18/CompleteReviewReportFev2018.pdf,performance_review,2018-02,47,annexA-11col+ruled-tables,,,,,,84,3055,partial,"p47 'Table - 60: Performance of Telecommunication Secto': dropped rows repeating an earlier (group, label) - group heading missing in source: ['a) Public Sector', 'b) Private Sector', 'Total'] | Areas of concern / Noteworthy performance tables not extracted (derived from Annexure-A, free-form cells)",perf_2015_18,performance_review,2017-18,report_partial
Performance Monitoring/2017-18/CompleteReviewReportMar2018.pdf,performance_review,2018-03,47,annexA-11col+ruled-tables,,,,,,84,3080,ok,"Areas of concern / Noteworthy performance tables not extracted (derived from Annexure-A, free-form cells)",perf_2015_18,performance_review,2017-18,
Performance Monitoring/2018-19/CompleteReviewReportApr2018.pdf,performance_review,2018-04,33,annexA_month_only+detail_generic,,,,,,42,2165,ok,"April report: Annexure-A has the month table only (April-to-April = month); no separate cumulative rows; p14 Noteworthy Performance: row 'Railways (MT)' kept, printed 'More achievement than corresponding period last year' 0.51 contradicts the row (implied 7.51); value blanked",perf_2018_21,performance_review,2018-19,
Performance Monitoring/2018-19/CompleteReviewReportMay2018.pdf,performance_review,2018-05,47,annexA_month+cum+detail_generic,,,,,,84,3621,ok,,perf_2018_21,performance_review,2018-19,
Performance Monitoring/2018-19/CompleteReviewReportJun2018.pdf,performance_review,2018-06,47,annexA_month+cum+detail_generic,,,,,,84,3734,ok,,perf_2018_21,performance_review,2018-19,
Performance Monitoring/2018-19/CompleteReviewReportJuly2018.pdf,performance_review,2018-07,47,annexA_month+cum+detail_generic,,,,,,84,3733,ok,"printed values inconsistent in source (kept as printed, dq_note printed_pct_mismatch / components_sum_mismatch): cumulative Tata Steet (TSL): % var over target printed 30.57, target/actual imply 6.24 | cumulative RINL (VSP): % var over target printed -3.77, target/actual imply -23.79",perf_2018_21,performance_review,2018-19,
Performance Monitoring/2018-19/CompleteReviewReportAug2018.pdf,performance_review,2018-08,47,annexA_month+cum+detail_generic,,,,,,84,3722,ok,,perf_2018_21,performance_review,2018-19,
Performance Monitoring/2018-19/CompleteReviewReportSep2018.pdf,performance_review,2018-09,47,annexA_month+cum+detail_generic,,,,,,84,3708,ok,"p19 Noteworthy Performance: row(s) dropped (incomplete or % inconsistent in more than one cell): 'Coal Production (MT)', 'Export cargo handled at Airports (Tonne)'; printed values inconsistent in source (kept as printed, dq_note printed_pct_mismatch / components_sum_mismatch): cumulative Others: % var over target printed 43.2, target/actual imply -4.97",perf_2018_21,performance_review,2018-19,
Performance Monitoring/2018-19/CompleteReviewReportOct2018.pdf,performance_review,2018-10,46,annexA_month+cum+detail_generic,,,,,,84,3722,ok,2 clipped annexure labels restored from template,perf_2018_21,performance_review,2018-19,
Performance Monitoring/2018-19/CompleteReviewReportNov2018.pdf,performance_review,2018-11,46,annexA_month+cum+detail_generic,,,,,,84,3721,ok,"printed values inconsistent in source (kept as printed, dq_note printed_pct_mismatch / components_sum_mismatch): cumulative SAIL: % var over target printed 33.36, target/actual imply 16.08",perf_2018_21,performance_review,2018-19,
Performance Monitoring/2018-19/CompleteReviewReportDec2018.pdf,performance_review,2018-12,46,annexA_month+cum+detail_generic,,,,,,84,3728,ok,2 clipped annexure labels restored from template,perf_2018_21,performance_review,2018-19,
Performance Monitoring/2018-19/CompleteReviewReportJan2019.pdf,performance_review,2019-01,46,annexA_month+cum+detail_generic,,,,,,84,3734,ok,"p17 Areas of concern: row 'Fertilizer Production (MT)' kept, printed 'Less achievement than corresponding period last year' .029 contradicts the row (implied 0.29); value blanked",perf_2018_21,performance_review,2018-19,
Performance Monitoring/2018-19/CompleteReviewReportFeb2019.pdf,performance_review,2019-02,46,annexA_month+cum+detail_generic,,,,,,84,3734,ok,2 clipped annexure labels restored from template,perf_2018_21,performance_review,2018-19,
Performance Monitoring/2018-19/CompleteReviewReportMar2019.pdf,performance_review,2019-03,46,annexA_month+cum+detail_generic,,,,,,84,3734,ok,1 clipped annexure labels restored from template,perf_2018_21,performance_review,2018-19,
Performance Monitoring/2020-21/CompleteReviewReportMay2019.pdf,performance_review,2019-05,46,annexA_month+cum+detail_generic,,,,,,84,3720,ok,,perf_2018_21,performance_review,2019-20,
Performance Monitoring/2020-21/CompleteReviewReportJun2019.pdf,performance_review,2019-06,46,annexA_month+cum+detail_generic,,,,,,84,3714,ok,,perf_2018_21,performance_review,2019-20,
Performance Monitoring/2020-21/CompleteReviewReportJuly2019.pdf,performance_review,2019-07,46,annexA_month+cum+detail_generic,,,,,,84,3704,ok,"printed values inconsistent in source (kept as printed, dq_note printed_pct_mismatch / components_sum_mismatch): cumulative Widening to four/six/eight lanes (Kms.): % var over target printed -13.46, target/actual imply -4.35 | cumulative Widening to two lanes (Kms.): % var over target printed -0.79, target/actual imply -1.56; values repeated from the previous report although this report's own cumulative contradicts them (kept as printed, dq_note stale_repeat_of): cumulative actual of 'Net Addition in Switching Capacity (Fixed+WLL+GSM) ('000 Lines)' = 2157.828, same as the 2019-06 report, although the month value is 246.17",perf_2018_21,performance_review,2019-20,
Performance Monitoring/2020-21/CompleteReviewReportAug2019.pdf,performance_review,2019-08,46,annexA_month+cum+detail_generic,,,,,,84,3732,ok,p17 Areas of concern: 2 number(s) wrapped onto the next line inside their cell re-joined (e.g. '13.9'+'9' -> 13.99; checked against the row's ratio),perf_2018_21,performance_review,2019-20,
Performance Monitoring/2020-21/CompleteReviewReportSep2019.pdf,performance_review,2019-09,46,annexA_month+cum+detail_generic,,,,,,84,3726,ok,"values repeated from the previous report although this report's own cumulative contradicts them (kept as printed, dq_note stale_repeat_of): month actual of 'Strengthening of existing weak pavement (Kms.)' = 58.55, same as the 2019-08 report, but the cumulative moved by 22.290 | month previous-year actual of 'Strengthening of existing weak pavement (Kms.)' = 100.06, same as the 2019-08 report, but the cumulative moved by 0.000",perf_2018_21,performance_review,2019-20,
Performance Monitoring/2020-21/CompleteReviewReportOct2019.pdf,performance_review,2019-10,46,annexA_month+cum+detail_generic,,,,,,84,3704,ok,p17 Areas of concern: row(s) dropped (incomplete or % inconsistent in more than one cell): 'Import cargo handled at Airports (Tonne)',perf_2018_21,performance_review,2019-20,
Performance Monitoring/2020-21/CompleteReviewReportNov2019.pdf,performance_review,2019-11,46,annexA_month+cum+detail_generic,,,,,,84,3722,ok,,perf_2018_21,performance_review,2019-20,
Performance Monitoring/2020-21/CompleteReviewReportDec2019.pdf,performance_review,2019-12,47,annexA_month+cum+detail_generic,,,,,,84,3716,ok,"printed values inconsistent in source (kept as printed, dq_note printed_pct_mismatch / components_sum_mismatch): cumulative Strengthening of existing weak pavement (Kms.): % var over target printed -43.3, target/actual imply -17.34; values repeated from the previous report although this report's own cumulative contradicts them (kept as printed, dq_note stale_repeat_of): month previous-year actual of 'Widening to four/six/eight lanes (Kms.)' = 3.84, same as the 2019-11 report, but the cumulative moved by 0.000",perf_2018_21,performance_review,2019-20,
Performance Monitoring/2020-21/CompleteReviewReportJan2020.pdf,performance_review,2020-01,46,annexA_month+cum+detail_generic,,,,,,84,3716,ok,"values repeated from the previous report although this report's own cumulative contradicts them (kept as printed, dq_note stale_repeat_of): month actual of 'Net Addition in Switching Capacity (Fixed+WLL+GSM) ('000 Lines)' = -493.635, same as the 2019-12 report, but the cumulative moved by 0.000",perf_2018_21,performance_review,2019-20,
Performance Monitoring/2020-21/CompleteReviewReportFeb2020.pdf,performance_review,2020-02,47,annexA_month+cum+detail_generic,,,,,,84,3719,ok,,perf_2018_21,performance_review,2019-20,
Performance Monitoring/2020-21/CompleteReviewReportMarch2020.pdf,performance_review,2020-03,46,annexA_month+cum+detail_generic,,,,,,84,3704,ok,,perf_2018_21,performance_review,2019-20,
Performance Monitoring/2020-21/CompleteReviewReportApril2020.pdf,performance_review,2020-04,37,annexA_month_only+detail_generic,,,,,,42,1829,ok,April report: Annexure-A has the month table only (April-to-April = month); no separate cumulative rows; 1 detail tables skipped/trimmed: p23 'Table 17: Capacity Utilisation - April 2020': sparse/misaligned value column,perf_2018_21,performance_review,2020-21,
Performance Monitoring/2020-21/CompleteReviewReportMay2020.pdf,performance_review,2020-05,43,annexA_month+cum+detail_generic,,,,,,84,3692,ok,"p15 Noteworthy Performance: header period 2020-04..2020-04 != report period; anchored to 2020-04..2020-05; printed values inconsistent in source (kept as printed, dq_note printed_pct_mismatch / components_sum_mismatch): cumulative Phosphate: % var over target printed -17.95, target/actual imply -32.27",perf_2018_21,performance_review,2020-21,
Performance Monitoring/2020-21/CompleteReviewReportJun2020.pdf,performance_review,2020-06,44,annexA_month+cum+detail_generic,,,,,,84,3716,ok,,perf_2018_21,performance_review,2020-21,
Performance Monitoring/2020-21/CompleteReviewReportJuly2020.pdf,performance_review,2020-07,44,annexA_month+cum+detail_generic,,,,,,84,3710,ok,"values repeated from the previous report although this report's own cumulative contradicts them (kept as printed, dq_note stale_repeat_of): cumulative previous-year actual of 'Net Addition in Switching Capacity (Fixed+WLL+GSM) ('000 Lines)' = 2157.828, same as the 2020-06 report, although the month value is 246.17",perf_2018_21,performance_review,2020-21,
Performance Monitoring/2020-21/CompleteReviewReportAug2020.pdf,performance_review,2020-08,44,annexA_transcribed+highlights_transcribed+detail_generic,,,,,,84,279,partial,"pages 14-43 (30) have no text layer (glyphs drawn as vector paths): pp14 and 17 transcribed from images (below), the rest not extracted (no OCR); p17 Annexure-A has no text layer: transcribed from a 300 dpi render (84 rows, dq_note transcribed_from_image); all printed % variations recompute and all totals equal their components; p14 Highlights has no text layer: transcribed (180 cells, dq_note transcribed_from_image); growth % recompute and the 2019/2020 columns equal the Annexure; telecom data month 2020-07 (per Table 59 title; Annexure telecom actuals equal its totals): 8 Annexure rows and 27 Highlights/Areas/Noteworthy telecom cells dated 2020-07; transcription vs neighbouring reports: 123/130 values within 0.5% of another report; the rest differ by revisions or source quirks and are kept as printed: SAIL month prev_year_actual 1033.0 (3.8%); Tata Steet (TSL) month prev_year_actual 1516.0 (58.1%); RINL (VSP) month prev_year_actual 248.0 (3.9%); Total month prev_year_actual 4912.0 (13.5%); Major (Secondary) Producer cumulative actual 11950.0 (3.2%); Major (Secondary) Producer month prev_year_actual 3446.0 (15.1%); Total (I + II) cumulative actual 30080.0 (1.3%)",perf_2018_21,performance_review,2020-21,report_partial;transcribed_from_image
Performance Monitoring/2020-21/CompleteReviewReportSep2020.pdf,performance_review,2020-09,44,annexA_month+cum+detail_generic,,,,,,84,3726,ok,"p15 Areas of concern: row 'Crude Oil (MT)' kept, printed 'Less achievement than corresponding period last year' 0.10 contradicts the row (implied 1.00); value blanked; telecom data month 2020-07 (per Table 59 title; Annexure telecom actuals equal its totals): 8 Annexure rows and 27 Highlights/Areas/Noteworthy telecom cells dated 2020-07; values repeated from the previous report although this report's own cumulative contradicts them (kept as printed, dq_note stale_repeat_of): month previous-year actual of 'Strengthening of existing weak pavement (Kms.)' = 58.55, same as the 2020-08 report, but the cumulative moved by 22.290",perf_2018_21,performance_review,2020-21,
Performance Monitoring/2020-21/CompleteReviewReportOct2020.pdf,performance_review,2020-10,43,annexA_month+cum+detail_generic,,,,,,84,3738,ok,"telecom data month 2020-07 (per Table 59 title; Annexure telecom actuals equal its totals): 8 Annexure rows and 27 Highlights/Areas/Noteworthy telecom cells dated 2020-07; printed values inconsistent in source (kept as printed, dq_note printed_pct_mismatch / components_sum_mismatch): cumulative International Terminals: % var over target printed -39.63, target/actual imply -43.65 | cumulative Domestic Terminals: % var over target printed -42.15, target/actual imply -43.25",perf_2018_21,performance_review,2020-21,
Performance Monitoring/2020-21/CompleteReviewReportNov2020.pdf,performance_review,2020-11,44,annexA_month+cum+detail_generic,,,,,,84,3844,ok,telecom data month 2020-07 (per Table 59 title; Annexure telecom actuals equal its totals): 8 Annexure rows and 27 Highlights/Areas/Noteworthy telecom cells dated 2020-07,perf_2018_21,performance_review,2020-21,
Performance Monitoring/2020-21/CompleteReviewReportDec2020.pdf,performance_review,2020-12,44,annexA_month+cum+detail_generic,,,,,,84,3776,ok,"printed values inconsistent in source (kept as printed, dq_note printed_pct_mismatch / components_sum_mismatch): cumulative Crude Oil Prod. (MT): % var over target printed 5.27, target/actual imply -5.26",perf_2018_21,performance_review,2020-21,
Performance Monitoring/2020-21/CompleteReviewReportJan2021.pdf,performance_review,2021-01,44,annexA_month+cum+detail_generic,,,,,,84,3844,ok,,perf_2018_21,performance_review,2020-21,
Performance Monitoring/2020-21/CompleteReviewReportFeb2021.pdf,performance_review,2021-02,44,annexA_month+cum+detail_generic,,,,,,84,3810,ok,telecom cells of 'Highlights Growth Achieved during the pe' not re-dated (values do not match the lagged Annexure); telecom data month 2021-01 (per Table 59 title; Annexure telecom actuals equal its totals): 8 Annexure rows and 0 Highlights/Areas/Noteworthy telecom cells dated 2021-01,perf_2018_21,performance_review,2020-21,
Performance Monitoring/2020-21/CompleteReviewReportMar2021.pdf,performance_review,2021-03,44,annexA_month+cum+detail_generic,,,,,,84,3834,ok,Telecommunications data month 2021-02 (per section heading); telecom data month 2021-02 (per Table 59 title; Annexure telecom actuals equal its totals): 0 Annexure rows and 27 Highlights/Areas/Noteworthy telecom cells dated 2021-02,perf_2018_21,performance_review,2020-21,
Performance Monitoring/2025-26/CompleteReviewReportJune2025.pdf,performance_review,2025-06,50,perf_2025_26_v1,,,,,,98,2829,ok,"p44 Table 45: header 'June 2025 Actual' is the previous-year column (typo) - dated 2024-06..2024-06, labelled 'June 2024 Actual' | no Telecommunications rows in Annexure-A (not published in this report) | labels clipped in the source completed from other months (dq_note label_restored): 'V.O.Chidambaranar (T'->'V.O.Chidambaranar (Tuticorin)' | placeholder zeros blanked (value empty, value_text kept, dq_note placeholder_zero): 280 cells - column 207, marker 17, row 40, target 16",perf_2025_26,performance_review,2025-26,
Performance Monitoring/2025-26/CompleteReviewReportJuly2025.pdf,performance_review,2025-07,56,perf_2025_26_v1,,,,,,101,2849,ok,"p23 'Widening to two lanes (Kms.)' col(2) value 104.000 is one merged cell spanning several rows - kept in perf_detail as a combined target | p23 'Widening to two lanes (Kms.)' col(7) value 1024.000 is one merged cell spanning several rows - kept in perf_detail as a combined target | p43 Table 40: 1/46 printed % variations disagree with the table's own columns (source arithmetic): ['All India Total:target 90420.82/89695.7->-9.3'] | p48 Table 47: '104.00' printed in one merged cell across 6 rows - emitted as a combined row | p49 Table 48: '1024.00' printed in one merged cell across 6 rows - emitted as a combined row | 2 detail tables skipped: p55 Table 59 telecom detail (inconsistent period labels in source; values duplicated in Annexure-A) || p55 Table 60 telecom detail (inconsistent period labels in source; values duplicated in Annexure-A) | placeholder zeros blanked (value empty, value_text kept, dq_note placeholder_zero): 288 cells - column 215, marker 17, row 40, target 16 | source repeats a value printed in an earlier report for a different period (kept as printed, dq_note stale_repeat_of): Export Cargo/month prev_year_actual 113450 (also in the 2025-06 report); Export Cargo/cumulative prev_year_actual 333311 (also in the 2025-06 report); Import Cargo/month prev_year_actual 80813 (also in the 2025-06 report); Import Cargo/cumulative prev_year_actual 234932 (also in the 2025-06 report)",perf_2025_26,performance_review,2025-26,
Performance Monitoring/2025-26/ReviewReportSep25.pdf,performance_review,2025-09,64,perf_2025_26_v1,,,,,,101,2688,ok,"p24 'Widening to two lanes (Kms.)' col(2) value 173.000 is one merged cell spanning several rows - kept in perf_detail as a combined target | p24 'Widening to two lanes (Kms.)' col(7) value 1292.000 is one merged cell spanning several rows - kept in perf_detail as a combined target | p24 'NSL' cumulative target printed -54.573 (impossible negative level) - blanked | annexure source inconsistency: parent row 'State PWD and Border' cumulative target 1024.0 != combined sub-row target 1292.000 in the merged cell (both kept) | p26 Table 2: 2/11 printed % variations disagree with the table's own columns (source arithmetic): ['Nuclear Generation:target 27.274/27.984->-0.82', 'Total:target 962.532/791.417->8.42'] | p31 Table 14: 1/12 printed % variations disagree with the table's own columns (source arithmetic): ['Southern Region:target 24676.0/17394.0->42.97'] | p37 Table 27: 2/23 printed % variations disagree with the table's own columns (source arithmetic): ['NEC:target 0.018/0.01->77.4', 'NEC:actual 0.018/0.031->-43.27'] | p55 Table 47: '173.00' printed in one merged cell across 6 rows - emitted as a combined row | p55 Table 48: '4410.00' printed in one merged cell across 3 rows - emitted as a combined row | p55 Table 48: '1292.00' printed in one merged cell across 6 rows - emitted as a combined row | 2 detail tables skipped: p63 Table 59 telecom detail (inconsistent period labels in source; values duplicated in Annexure-A) || p63 Table 60 telecom detail (inconsistent period labels in source; values duplicated in Annexure-A) | labels clipped in the source completed from other months (dq_note label_restored): 'Coal handled at major p'->'Coal handled at major ports (MT)'; 'Container handled at m'->'Container handled at major ports (Tonnes)'; 'Crude Oil Processed (M'->'Crude Oil Processed (MMT)'; 'Fertilisers Production ('Th'->'Fertilisers Production ('Th Tonnes)'; 'Natural Gas Prod. (MC'->'Natural Gas Prod. (MCM)'; 'POL Crude handled at'->'POL Crude handled at major ports (Tonnes)'; 'Power Generation: Non-'->'Power Generation: Non-Renewable Energy (BU)'; 'Singareni Collieries Compan'->'Singareni Collieries Company Limited'; 'State PWD and Border'->'State PWD and Border Road Organisation (BRO)'; 'Total Cargo handled at m'->'Total Cargo handled at major ports (MT)' | placeholder zeros blanked (value empty, value_text kept, dq_note placeholder_zero): 119 cells - column 52, marker 25, row 40, target 2 | source repeats a value printed in an earlier report for a different period (kept as printed, dq_note stale_repeat_of): Mini Plants/month actual 1.537 (also in the 2025-07 report); Export Cargo/month prev_year_actual 113450 (also in the 2025-06 report); Export Cargo/cumulative prev_year_actual 333311 (also in the 2025-06 report); Import Cargo/month prev_year_actual 80813 (also in the 2025-06 report); Import Cargo/cumulative prev_year_actual 234932 (also in the 2025-06 report) | highlights values inconsistent with the report's own detail table (kept as printed, dq_note inconsistent_with_table_<n>): 'Power (BU)' 2024-04..2024-09 722.366 vs Table 2 Total 952.296; 'Power (BU)' 2025-04..2025-09 688.503 vs Table 2 Total 962.532",perf_2025_26,performance_review,2025-26,
Performance Monitoring/2025-26/ReviewReportOct25.pdf,performance_review,2025-10,58,perf_2025_26_v1,,,,,,101,2865,ok,"monthly_section title says 2025-08 but file name says 2025-10 | p21 'Widening to two lanes (Kms.)' col(2) value 317.000 is one merged cell spanning several rows - kept in perf_detail as a combined target | p21 'Widening to two lanes (Kms.)' col(7) value 1424.000 is one merged cell spanning several rows - kept in perf_detail as a combined target | annexure source inconsistency: parent row 'State PWD and Border Road Organisation (BR' month target 173.0 != combined sub-row target 317.000 in the merged cell (both kept) | p50 Table 47: '317.00' printed in one merged cell across 6 rows - emitted as a combined row | p50 Table 48: '4410.00' printed in one merged cell across 3 rows - emitted as a combined row | p50 Table 48: '1424.00' printed in one merged cell across 6 rows - emitted as a combined row | 2 detail tables skipped: p57 Table 59 telecom detail (inconsistent period labels in source; values duplicated in Annexure-A) || p57 Table 60 telecom detail (inconsistent period labels in source; values duplicated in Annexure-A) | labels clipped in the source completed from other months (dq_note label_restored): 'Container handled at major ports (Tonnes'->'Container handled at major ports (Tonnes)'; 'POL Crude handled at major ports (Tonne'->'POL Crude handled at major ports (Tonnes)'; 'Power Generation: Non-Renewable Energy (BU'->'Power Generation: Non-Renewable Energy (BU)'; 'State PWD and Border Road Organisation (BR'->'State PWD and Border Road Organisation (BRO)' | 70 detail rows whose table prints no unit line here take the unit the same table prints in the other reports (dq_note unit_from_other_months) | placeholder zeros blanked (value empty, value_text kept, dq_note placeholder_zero): 287 cells - column 103, marker 43, row 40, table 88, target 13 | source repeats a value printed in an earlier report for a different period (kept as printed, dq_note stale_repeat_of): Production of Finished Steel ('Th Tonnes/month actual 7388 (also in the 2025-09 report); Mini Plants/month prev_year_actual 1.824 (also in the 2025-09 report) | highlights values inconsistent with the report's own detail table (kept as printed, dq_note inconsistent_with_table_<n>): 'Power (BU)' 2024-04..2024-10 841.994 vs Table 2 Total 1104.08; 'Power (BU)' 2025-04..2025-10 792.033 vs Table 2 Total 1103.99",perf_2025_26,performance_review,2025-26,
Performance Monitoring/2025-26/ReviewReportNov25.pdf,performance_review,2025-11,60,perf_2025_26_v1,,,,,,101,2789,ok,"p21 'Widening to two lanes (Kms.)' col(2) value 406.000 is one merged cell spanning several rows - kept in perf_detail as a combined target | p21 'Widening to two lanes (Kms.)' col(7) value 2015.000 is one merged cell spanning several rows - kept in perf_detail as a combined target | annexure source inconsistency: parent row 'State PWD and Border Road Organisation (B' month target 173.0 != combined sub-row target 406.000 in the merged cell (both kept) | p51 Table 46: 1/2 printed % variations disagree with the table's own columns (source arithmetic): ['Widening/ Strengthening/ :target 2353.0/2756.0->40.65'] | p52 Table 47: '406.00' printed in one merged cell across 6 rows - emitted as a combined row | p52 Table 48: '4410.00' printed in one merged cell across 4 rows - emitted as a combined row | p52 Table 48: '2015.00' printed in one merged cell across 6 rows - emitted as a combined row | 2 detail tables skipped: p59 Table 59 telecom detail (inconsistent period labels in source; values duplicated in Annexure-A) || p59 Table 60 telecom detail (inconsistent period labels in source; values duplicated in Annexure-A) | labels clipped in the source completed from other months (dq_note label_restored): 'Power Generation: Non-Renewable Energy (BU'->'Power Generation: Non-Renewable Energy (BU)'; 'State PWD and Border Road Organisation (B'->'State PWD and Border Road Organisation (BRO)' | placeholder zeros blanked (value empty, value_text kept, dq_note placeholder_zero): 215 cells - column 111, marker 55, row 43, target 6 | source repeats a value printed in an earlier report for a different period (kept as printed, dq_note stale_repeat_of): Production of Finished Steel ('Th Tonnes/month prev_year_actual 6398 (also in the 2025-06 report); Mini Plants/month prev_year_actual 1.824 (also in the 2025-09 report)",perf_2025_26,performance_review,2025-26,
Performance Monitoring/2025-26/Review Report Dec 25.pdf,performance_review,2025-12,59,perf_2025_26_v1,,,,,,101,2825,ok,"p21 'Widening to two lanes (Kms.)' col(2) value 393.000 is one merged cell spanning several rows - kept in perf_detail as a combined target | p21 'Widening to two lanes (Kms.)' col(7) value 2408.000 is one merged cell spanning several rows - kept in perf_detail as a combined target | annexure source inconsistency: parent row 'State PWD and Border Road Organisation (B' month target 173.0 != combined sub-row target 393.000 in the merged cell (both kept) | p30 Table 20: 2/23 printed % variations disagree with the table's own columns (source arithmetic): ['NEC:target 0.17/0.19->-12.82', 'All India - Total:target 721.65/656.982->4.45'] | p32 Table 26: 4/8 printed % variations disagree with the table's own columns (source arithmetic): ['BCCL:target 0.599/1.876->-56.21', 'CCL:target 0.47/0.719->-70.4', 'CIL - Total:target 1.07/2.78->-63.84'] | p33 Table 28: 2/23 printed % variations disagree with the table's own columns (source arithmetic): ['NEC:target 0.13/0.15->-15.58', 'All India - Total:target 742.01/707.82->0.04'] | p35 Table 30: 4/14 printed % variations disagree with the table's own columns (source arithmetic): ['SAIL Conversion Agent:target 12545.0/13316.0->109.08', 'SAIL - Total:target 12545.0/13316.0->109.08', 'Tata Steet (TSL):target 17017.0/11839.0->41.99'] | p48 Table 44: 1/27 printed % variations disagree with the table's own columns (source arithmetic): ['Arunachal Pradesh:actual 29.62/27.23->7.24'] | 2 detail tables skipped: p58 Table 59 telecom detail (inconsistent period labels in source; values duplicated in Annexure-A) || p58 Table 60 telecom detail (inconsistent period labels in source; values duplicated in Annexure-A) | labels clipped in the source completed from other months (dq_note label_restored): 'Power Generation: Non-Renewable Energy (BU'->'Power Generation: Non-Renewable Energy (BU)'; 'State PWD and Border Road Organisation (B'->'State PWD and Border Road Organisation (BRO)' | placeholder zeros blanked (value empty, value_text kept, dq_note placeholder_zero): 253 cells - column 103, marker 39, row 50, table 50, target 11",perf_2025_26,performance_review,2025-26,
Performance Monitoring/2025-26/Review Report Jan26.pdf,performance_review,2026-01,56,perf_2025_26_v1,,,,,,101,2900,ok,"annexure table sub-title says 'January 2025' (typo; report month 2026-01 from file name/page title) | p21 'Widening to two lanes (Kms.)' col(2) value 386.000 is one merged cell spanning several rows - kept in perf_detail as a combined target | p21 'Widening to two lanes (Kms.)' col(7) value 2794.000 is one merged cell spanning several rows - kept in perf_detail as a combined target | annexure: Telecommunications data is 2025-12 data carried forward (report note); 3 rows dated 2025-12 with dq_note carried_forward:2025-12 | p30 Table 20: 5/23 printed % variations disagree with the table's own columns (source arithmetic): ['NCL:actual 117.62/117.2->905.3', 'NEC:target 0.18/0.2->-20.0', 'CIL - Total:actual 609.01/621.15->18.1'] | p31 Table 22: 2/7 printed % variations disagree with the table's own columns (source arithmetic): ['Others:actual 6.36/5.7->-99.59', 'All India - Total:actual 48.81/51.35->-96.96'] | p33 Table 28: 6/23 printed % variations disagree with the table's own columns (source arithmetic): ['BCCL:target 28.23/38.43->-24.4', 'CCL:target 61.15/91.35->-32.15', 'NCL:target 114.61/114.68->-2.66'] | p35 Table 30: 4/14 printed % variations disagree with the table's own columns (source arithmetic): ['SAIL Conversion Agent:target 14014.0/14915.0->84.44', 'SAIL - Total:target 14014.0/14915.0->84.44', 'Tata Steet (TSL):target 19157.0/13265.0->42.85'] | p44 Table 40: 1/46 printed % variations disagree with the table's own columns (source arithmetic): ['IOC, Panipat:target 13333.32/12644.93->-41.12'] | p49 Table 46: '4640.00' printed in one merged cell across 3 rows - emitted as a combined row | p50 Table 47: '386.00' printed in one merged cell across 6 rows - emitted as a combined row | p50 Table 48: '4410.00' printed in one merged cell across 3 rows - emitted as a combined row | p50 Table 48: '2794.00' printed in one merged cell across 6 rows - emitted as a combined row | labels clipped in the source completed from other months (dq_note label_restored): 'Power Generation: Non-Renewable Energy (BU'->'Power Generation: Non-Renewable Energy (BU)'; 'State PWD and Border Road Organisation (B'->'State PWD and Border Road Organisation (BRO)' | 87 detail rows whose table prints no unit line here take the unit the same table prints in the other reports (dq_note unit_from_other_months) | placeholder zeros blanked (value empty, value_text kept, dq_note placeholder_zero): 330 cells - column 220, marker 55, row 40, target 15 | source repeats a value printed in an earlier report for a different period (kept as printed, dq_note stale_repeat_of): Mini Plants/month actual 1.484 (also in the 2025-12 report); Crude Oil Prod. (MMT)/month prev_year_actual 2.471 (also in the 2025-12 report)",perf_2025_26,performance_review,2025-26,
Project Monitoring/Quaterly Reports/2014-15/april-june-2014.pdf,quarterly_qpisr,2014-06,471,fitz spans: Part-II detail blocks + appendix lists + grid tables,738.0,738,11,52,1448,,,ok,"5 placeholder original DOC '01/1999' (before approval date, or no DOA printed) blanked, with the time overrun printed from it; OCMS '0.00' = not reported, blanked: 4 expenditure_cum_cr, 101 physical_progress_pct; Part-II sector status tables parsed: 13/13; rce@p29: printed Total != sum of rows in cols [5, 6]",proj_quarterly_2014_18,quarterly_qpisr,2014-15,
Project Monitoring/Quaterly Reports/2014-15/JULY-SEP-2014.pdf,quarterly_qpisr,2014-09,486,fitz spans: Part-II detail blocks + appendix lists + grid tables,767.0,767,28,49,1460,,,ok,"5 placeholder original DOC '01/1999' (before approval date, or no DOA printed) blanked, with the time overrun printed from it; OCMS '0.00' = not reported, blanked: 31 expenditure_cum_cr, 113 physical_progress_pct; Part-II sector status tables parsed: 13/13",proj_quarterly_2014_18,quarterly_qpisr,2014-15,
Project Monitoring/Quaterly Reports/2014-15/OCT-DEC-2014.pdf,quarterly_qpisr,2014-12,511,fitz spans: Part-II detail blocks + appendix lists + grid tables,773.0,773,59,71,1633,,,ok,"5 placeholder original DOC '01/1999' (before approval date, or no DOA printed) blanked, with the time overrun printed from it; OCMS '0.00' = not reported, blanked: 12 expenditure_cum_cr, 117 physical_progress_pct; Part-II sector status tables parsed: 15/15; '0.00' after a positive value in an earlier report, blanked: 1 expenditure_cum_cr, 5 physical_progress_pct",proj_quarterly_2014_18,quarterly_qpisr,2014-15,
Project Monitoring/Quaterly Reports/2014-15/Jan-Mar-2015.pdf,quarterly_qpisr,2015-03,503,fitz spans: Part-II detail blocks + appendix lists + grid tables,763.0,763,72,37,1550,,,ok,"cover-page period text not found (image cover); 5 placeholder original DOC '01/1999' (before approval date, or no DOA printed) blanked, with the time overrun printed from it; OCMS '0.00' = not reported, blanked: 8 expenditure_cum_cr, 96 physical_progress_pct; Part-II sector status tables parsed: 14/14; '0.00' after a positive value in an earlier report, blanked: 6 expenditure_cum_cr, 3 physical_progress_pct",proj_quarterly_2014_18,quarterly_qpisr,2014-15,
Project Monitoring/Quaterly Reports/2015-16/Apr-June-2015.pdf,quarterly_qpisr,2015-06,538,fitz spans: Part-II detail blocks + appendix lists + grid tables,789.0,789,14,38,1707,,,ok,"5 placeholder original DOC '01/1999' (before approval date, or no DOA printed) blanked, with the time overrun printed from it; OCMS '0.00' = not reported, blanked: 2 expenditure_cum_cr, 115 physical_progress_pct; Part-II sector status tables parsed: 15/15; '0.00' after a positive value in an earlier report, blanked: 18 expenditure_cum_cr, 21 physical_progress_pct",proj_quarterly_2014_18,quarterly_qpisr,2015-16,
Project Monitoring/Quaterly Reports/2015-16/July-Sep-2015.pdf,quarterly_qpisr,2015-09,528,fitz spans: Part-II detail blocks + appendix lists + grid tables,809.0,809,19,24,1707,,,ok,"5 placeholder original DOC '01/1999' (before approval date, or no DOA printed) blanked, with the time overrun printed from it; OCMS '0.00' = not reported, blanked: 26 expenditure_cum_cr, 87 physical_progress_pct; Part-II sector status tables parsed: 15/15; '0.00' after a positive value in an earlier report, blanked: 28 expenditure_cum_cr, 22 physical_progress_pct",proj_quarterly_2014_18,quarterly_qpisr,2015-16,
Project Monitoring/Quaterly Reports/2015-16/oct-dec_2015.pdf,quarterly_qpisr,2015-12,679,fitz spans: Part-II detail blocks + appendix lists + grid tables,1085.0,1084,51,51,1810,,,ok,"6 placeholder original DOC '01/1999' (before approval date, or no DOA printed) blanked, with the time overrun printed from it; OCMS '0.00' = not reported, blanked: 2 expenditure_cum_cr, 71 physical_progress_pct; Part-II sector status tables parsed: 16/16; ongoing rows 1084 vs stated 1085 (-0.09%); sector ROAD TRANSPORT AND HIGHWAYS: 414 detail blocks vs 415 in its status table (p383); '0.00' after a positive value in an earlier report, blanked: 30 expenditure_cum_cr, 19 physical_progress_pct",proj_quarterly_2014_18,quarterly_qpisr,2015-16,
Project Monitoring/Quaterly Reports/2015-16/jan-mar_2016.pdf,quarterly_qpisr,2016-03,674,fitz spans: Part-II detail blocks + appendix lists + grid tables,1088.0,1088,61,161,1797,,,ok,"cover-page period text not found (image cover); 6 placeholder original DOC '01/1999' (before approval date, or no DOA printed) blanked, with the time overrun printed from it; OCMS '0.00' = not reported, blanked: 37 expenditure_cum_cr, 297 physical_progress_pct; Annexure-XII PPP list: 104 rows (PPP mode in remarks); Grand Total cost_original_cr 107504.79 vs printed 109661.69 (the printed sector totals also add up to the rows' sum: source misprint); Grand Total cost_anticipated_cr 109001.18 vs printed 111158.44 (the printed sector totals also add up to the rows' sum: source misprint); Part-II sector status tables parsed: 16/16; '0.00' after a positive value in an earlier report, blanked: 35 expenditure_cum_cr, 47 physical_progress_pct",proj_quarterly_2014_18,quarterly_qpisr,2015-16,
Project Monitoring/Quaterly Reports/2016-17/April-Jun_2016.pdf,quarterly_qpisr,2016-06,693,fitz spans: Part-II detail blocks + appendix lists + grid tables,1173.0,1173,38,169,1799,,,ok,"6 placeholder original DOC '01/1999' (before approval date, or no DOA printed) blanked, with the time overrun printed from it; OCMS '0.00' = not reported, blanked: 6 expenditure_cum_cr, 197 physical_progress_pct; completed list printed twice; 38 duplicate rows dropped; Annexure-XII PPP list: 97 rows (PPP mode in remarks); sector and grand totals match the rows; Part-II sector status tables parsed: 16/16; '0.00' after a positive value in an earlier report, blanked: 60 expenditure_cum_cr, 37 physical_progress_pct",proj_quarterly_2014_18,quarterly_qpisr,2016-17,
Project Monitoring/Quaterly Reports/2016-17/july-sep_2016.pdf,quarterly_qpisr,2016-09,744,fitz spans: Part-II detail blocks + appendix lists + grid tables,1222.0,1222,67,127,1806,,,ok,"6 placeholder original DOC '01/1999' (before approval date, or no DOA printed) blanked, with the time overrun printed from it; OCMS '0.00' = not reported, blanked: 14 expenditure_cum_cr, 224 physical_progress_pct; completed list printed twice; 67 duplicate rows dropped; Annexure-XII PPP list: 89 rows (PPP mode in remarks); sector and grand totals match the rows; text p12 words the 67 completed projects as the quarter's count but the completed list shows it is the fiscal-year-to-date count; stored as n_completed_fy; Part-II sector status tables parsed: 16/16; '0.00' after a positive value in an earlier report, blanked: 53 expenditure_cum_cr, 42 physical_progress_pct",proj_quarterly_2014_18,quarterly_qpisr,2016-17,
Project Monitoring/Quaterly Reports/2016-17/Oct-Dec_2016.pdf,quarterly_qpisr,2016-12,763,fitz spans: Part-II detail blocks + appendix lists + grid tables,1210.0,1210,85,78,1963,,,ok,"6 placeholder original DOC '01/1999' (before approval date, or no DOA printed) blanked, with the time overrun printed from it; OCMS '0.00' = not reported, blanked: 3 expenditure_cum_cr, 181 physical_progress_pct; completed list printed twice; 85 duplicate rows dropped; Part-II sector status tables parsed: 24/24; '0.00' after a positive value in an earlier report, blanked: 47 expenditure_cum_cr, 28 physical_progress_pct",proj_quarterly_2014_18,quarterly_qpisr,2016-17,
Project Monitoring/Quaterly Reports/2016-17/Jan-March_2017.pdf,quarterly_qpisr,2017-03,777,fitz spans: Part-II detail blocks + appendix lists + grid tables,1250.0,1250,96,74,1898,,,ok,"5 placeholder original DOC '01/1999' (before approval date, or no DOA printed) blanked, with the time overrun printed from it; OCMS '0.00' = not reported, blanked: 12 expenditure_cum_cr, 235 physical_progress_pct; additionally-delayed list header says 'as on January-March 2016' (report period 2017-03); completed list printed twice; 96 duplicate rows dropped; Part-II sector status tables parsed: 17/17; '0.00' after a positive value in an earlier report, blanked: 48 expenditure_cum_cr, 39 physical_progress_pct",proj_quarterly_2014_18,quarterly_qpisr,2016-17,
Project Monitoring/Quaterly Reports/2017-18/Apr-June_2017.pdf,quarterly_qpisr,2017-06,729,fitz spans: Part-II detail blocks + appendix lists + grid tables,1265.0,1265,13,15,1890,,,ok,"detail tables print no '(upto dd.mm.yyyy)' header; expenditure_upto set to quarter end; 5 placeholder original DOC '01/1999' (before approval date, or no DOA printed) blanked, with the time overrun printed from it; OCMS '0.00' = not reported, blanked: 6 expenditure_cum_cr, 205 physical_progress_pct; completed list printed twice; 13 duplicate rows dropped; Part-II sector status tables parsed: 17/17; '0.00' after a positive value in an earlier report, blanked: 158 expenditure_cum_cr, 63 physical_progress_pct",proj_quarterly_2014_18,quarterly_qpisr,2017-18,
Project Monitoring/Quaterly Reports/2017-18/july-sep_2017.pdf,quarterly_qpisr,2017-09,771,fitz spans: Part-II detail blocks + appendix lists + grid tables,1290.0,1290,27,48,1813,,,ok,"5 placeholder original DOC '01/1999' (before approval date, or no DOA printed) blanked, with the time overrun printed from it; OCMS '0.00' = not reported, blanked: 64 expenditure_cum_cr, 280 physical_progress_pct; completed list printed twice; 27 duplicate rows dropped; text p11 words the 14 completed projects as the year's count but the completed list shows it is the quarter count; stored as n_completed_qtr; Part-II sector status tables parsed: 16/16; '0.00' after a positive value in an earlier report, blanked: 105 expenditure_cum_cr, 59 physical_progress_pct",proj_quarterly_2014_18,quarterly_qpisr,2017-18,
Project Monitoring/Quaterly Reports/2017-18/Oct-Dec_2017.pdf,quarterly_qpisr,2017-12,734,fitz spans: Part-II detail blocks + appendix lists + grid tables,1324.0,1324,47,0,1678,,,ok,"989 blank detail-table DOAs taken from the report's derived lists (Annexure III-VII); p597: project narrative 'BANGALORE METRO RAIL PROJECT PHASE-2' printed without its header and value table (the page before it holds only a sector chart image); code and values taken from the report's derived list on p654; 5 placeholder original DOC '01/1999' (before approval date, or no DOA printed) blanked, with the time overrun printed from it; OCMS '0.00' = not reported, blanked: 98 expenditure_cum_cr, 256 physical_progress_pct; n_additional_delay stated 15 (p5) vs 0 list rows; summary tables not found/parsed: state; Part-II sector status tables parsed: 16/16; no 'List Of Additionally Delayed Projects' table in this report; '0.00' after a positive value in an earlier report, blanked: 104 expenditure_cum_cr, 64 physical_progress_pct",proj_quarterly_2014_18,quarterly_qpisr,2017-18,
Project Monitoring/Quaterly Reports/2017-18/Jan-March_2018.pdf,quarterly_qpisr,2018-03,846,fitz spans: Part-II detail blocks + appendix lists + grid tables,1361.0,1361,90,64,1776,,,ok,"894 blank detail-table DOAs taken from the report's derived lists (Annexure III-VII); 5 placeholder original DOC '01/1999' (before approval date, or no DOA printed) blanked, with the time overrun printed from it; OCMS '0.00' = not reported, blanked: 90 expenditure_cum_cr, 252 physical_progress_pct; additionally-delayed list header says 'as on January-March 2017' (report period 2018-03); completed list printed twice; 90 duplicate rows dropped; Part-II sector status tables parsed: 16/16; ovr_time_latest@p24: 'Range (in months)' column prints non-range values (4, 2, 92, 6...), left blank; ovr_time_latest@p50: 'Range (in months)' column prints non-range values (4, 2, 92, 6...), left blank; '0.00' after a positive value in an earlier report, blanked: 104 expenditure_cum_cr, 60 physical_progress_pct",proj_quarterly_2014_18,quarterly_qpisr,2017-18,
Project Monitoring/Quaterly Reports/2021-22/QPSIR1stqtr2021-22.pdf,quarterly_qpisr,2021-06,887,qpsir_cards_v1,1779.0,1779,9,92,2583,,,ok,"5 duplicate cards dropped (same code printed twice): N10000010@p90(FINANCE), N10000012@p90(FINANCE), N10000011@p90(FINANCE), N10000014@p91(FINANCE), N10000013@p91(FINANCE); card layout warnings: grid split across pages x59; sector card count vs Table 3: FINANCE: 0 cards vs 2 in Table 3, DEPARTMENT OF HIGHER EDUCATION: 0 cards vs 27 in Table 3; annexure lists hold 1779 projects, 1750 cards cross-checked, field disagreements: doc_original 1, delay_months 1 (e.g. N28000086 doc_original card=2020-03 list=2015-01, N28000086 delay_months card=36.0 list=98.0), 0 card codes not in the lists; 29 ongoing rows added from the annexure lists for projects without a card (sectors: DEPARTMENT OF HIGHER EDUCATION 27, FINANCE 2); completed list p855-856 is cumulative for the FY (remarks = quarter of completion), project codes are not printed in it; additionally delayed list p867-887 -> other:additionally_delayed (no project codes printed); ongoing rows 1779 vs stated 1779 (+0.0%); summary tables: impl_status@p5, mega_major@p10, sector_mega_major@p13, added_dropped@p14, expenditure@p15, cost_overrun_orig@p17, time_overrun_orig@p18, cost_overrun_latest@p20, time_overrun_latest@p21, time_cost_overrun@p22, rce@p23, state@p814, highlights@p9, sector_status_pages=26; 2 parse warnings: rce p23: 2 Total cells printed as 0 over non-zero rows dropped | rce p23: n_approved_cost_below_anticipated/Total: rows sum 446 != Total 0, n_approved_cost_below_expenditure/Total: rows sum 232 != Total 0",proj_qpsir_2021_24,quarterly_qpisr,2021-22,
Project Monitoring/Quaterly Reports/2021-22/QPSIR_2nd_qtr_2021-22.pdf,quarterly_qpisr,2021-09,949,qpsir_cards_v1,1873.0,1873,160,74,2533,,,ok,"card layout warnings: grid split across pages x78; annexure lists hold 1873 projects, 1873 cards cross-checked, field disagreements: none, 0 card codes not in the lists; completed list p851-868 is cumulative for the FY (remarks = quarter of completion), project codes are not printed in it; additionally delayed list p880-897 -> other:additionally_delayed (no project codes printed); ongoing rows 1873 vs stated 1873 (+0.0%); summary tables: impl_status@p5, mega_major@p10, sector_mega_major@p12, added_dropped@p13, expenditure@p14, cost_overrun_orig@p16, time_overrun_orig@p17, cost_overrun_latest@p19, time_overrun_latest@p20, time_cost_overrun@p21, rce@p23, highlights@p9, sector_status_pages=25",proj_qpsir_2021_24,quarterly_qpisr,2021-22,
Project Monitoring/Quaterly Reports/2021-22/QPSIR_3qtr_21-22.pdf,quarterly_qpisr,2021-12,674,qpsir_cards_v1,1703.0,1703,0,0,2643,,,ok,"card layout warnings: grid split across pages x70, code line split across pages x2; ongoing rows 1703 vs stated 1703 (+0.0%); summary tables: impl_status@p5, mega_major@p10, sector_mega_major@p12, added_dropped@p13, expenditure@p14, cost_overrun_orig@p16, time_overrun_orig@p17, cost_overrun_latest@p19, time_overrun_latest@p20, time_cost_overrun@p21, rce@p23, highlights@p9, sector_status_pages=26; 2 parse warnings: rce p23: 2 Total cells printed as 0 over non-zero rows dropped | rce p23: n_approved_cost_below_anticipated/Total: rows sum 373 != Total 0, n_approved_cost_below_expenditure/Total: rows sum 184 != Total 0",proj_qpsir_2021_24,quarterly_qpisr,2021-22,
Project Monitoring/Quaterly Reports/2021-22/QPSIR_4th_QTR_2021-22.pdf,quarterly_qpisr,2022-03,966,qpsir_cards_v1,1759.0,1759,272,110,2680,,,ok,"card layout warnings: code line split across pages x1, grid split across pages x73; sector card count vs Table 3: ATOMIC ENERGY: 4 cards vs 5 in Table 3, SOCIAL JUSTICE: 0 cards vs 1 in Table 3; annexure lists hold 1759 projects, 1757 cards cross-checked, field disagreements: expenditure_cum_cr 4, cost_anticipated_cr 1, doc_anticipated 2, delay_months 2, cost_original_cr 2 (e.g. 020100044 expenditure_cum_cr card=6054.37 list=6365.22, N02000010 cost_anticipated_cr card=16580.0 list=19220.0, N02000010 doc_anticipated card=2022-02 list=2022-12, N02000010 expenditure_cum_cr card=17212.0 list=17981.0), 0 card codes not in the lists; 2 ongoing rows added from the annexure lists for projects without a card (sectors: ATOMIC ENERGY 1, SOCIAL JUSTICE 1); completed list p905-933 is cumulative for the FY (remarks = quarter of completion), project codes are not printed in it; additionally delayed list p946-966 -> other:additionally_delayed (no project codes printed); ongoing rows 1759 vs stated 1759 (+0.0%); summary tables: impl_status@p5, mega_major@p10, sector_mega_major@p12, added_dropped@p13, expenditure@p14, cost_overrun_orig@p16, time_overrun_orig@p17, cost_overrun_latest@p19, time_overrun_latest@p20, time_cost_overrun@p21, rce@p23, state@p692, highlights@p9, sector_status_pages=24",proj_qpsir_2021_24,quarterly_qpisr,2021-22,
Project Monitoring/Quaterly Reports/2022-23/QPSIR_1st_QTR_2022-23.pdf,quarterly_qpisr,2022-06,895,qpsir_cards_v1,1684.0,1684,87,123,2643,,,ok,"card layout warnings: code line split across pages x3, grid split across pages x59; sector card count vs Table 3: SOCIAL JUSTICE: 0 cards vs 1 in Table 3; annexure lists hold 1684 projects, 1683 cards cross-checked, field disagreements: doc_original 1 (e.g. N24001207 doc_original card=2021-01 list=2020-02), 0 card codes not in the lists; 1 ongoing rows added from the annexure lists for projects without a card (sectors: SOCIAL JUSTICE 1); completed list p850-858 is cumulative for the FY (remarks = quarter of completion), project codes are not printed in it; additionally delayed list p871-895 -> other:additionally_delayed (no project codes printed); ongoing rows 1684 vs stated 1684 (+0.0%); summary tables: impl_status@p5, mega_major@p10, sector_mega_major@p12, added_dropped@p13, expenditure@p14, cost_overrun_orig@p16, time_overrun_orig@p17, cost_overrun_latest@p19, time_overrun_latest@p20, time_cost_overrun@p21, rce@p23, state@p670, highlights@p9, sector_status_pages=24; 1 parse warnings: added_dropped p13: row 'ATOMIC ENERGY' printed twice (dropped repeat)",proj_qpsir_2021_24,quarterly_qpisr,2022-23,
Project Monitoring/Quaterly Reports/2022-23/QPSIR_2nd_QTR_2022-23.pdf,quarterly_qpisr,2022-09,847,qpsir_cards_v1,1566.0,1566,116,96,2642,,,ok,"card layout warnings: grid split across pages x48, code line split across pages x3; sector card count vs Table 3: SHIPPING AND PORTS: 0 cards vs 1 in Table 3, SOCIAL JUSTICE: 0 cards vs 1 in Table 3; annexure lists hold 1566 projects, 1564 cards cross-checked, field disagreements: none, 0 card codes not in the lists; 2 ongoing rows added from the annexure lists for projects without a card (sectors: SHIPPING AND PORTS 1, SOCIAL JUSTICE 1); completed list p797-809 is cumulative for the FY (remarks = quarter of completion), project codes are not printed in it; additionally delayed list p821-847 -> other:additionally_delayed (no project codes printed); ongoing rows 1566 vs stated 1566 (+0.0%); summary tables: impl_status@p5, mega_major@p10, sector_mega_major@p12, added_dropped@p13, expenditure@p13, cost_overrun_orig@p16, time_overrun_orig@p17, cost_overrun_latest@p19, time_overrun_latest@p20, time_cost_overrun@p21, rce@p23, state@p630, highlights@p9, sector_status_pages=24",proj_qpsir_2021_24,quarterly_qpisr,2022-23,
Project Monitoring/Quaterly Reports/2022-23/QPSIR_3rd_QTR_2022-23.pdf,quarterly_qpisr,2022-12,947,qpsir_cards_v1,1575.0,1575,229,184,2533,,,ok,"161 duplicate cards dropped (same code printed twice): N16000234@p193(PETROLEUM), N16000314@p193(PETROLEUM), N16000475@p194(PETROLEUM), N16000476@p194(PETROLEUM), N16000364@p195(PETROLEUM), N16000473@p195(PETROLEUM) ...; card layout warnings: grid split across pages x64; sector card count vs Table 3: ATOMIC ENERGY: 0 cards vs 5 in Table 3, POWER: 0 cards vs 81 in Table 3, SOCIAL JUSTICE: 0 cards vs 1 in Table 3; annexure lists hold 1575 projects, 1488 cards cross-checked, field disagreements: none, 0 card codes not in the lists; 87 ongoing rows added from the annexure lists for projects without a card (sectors: POWER 81, ATOMIC ENERGY 5, SOCIAL JUSTICE 1); completed list p853-876 is cumulative for the FY (remarks = quarter of completion), project codes are not printed in it; additionally delayed list p888-947 -> other:additionally_delayed (no project codes printed); ongoing rows 1575 vs stated 1575 (+0.0%); summary tables: impl_status@p5, mega_major@p10, sector_mega_major@p12, added_dropped@p13, expenditure@p14, cost_overrun_orig@p16, time_overrun_orig@p17, cost_overrun_latest@p19, time_overrun_latest@p20, time_cost_overrun@p21, rce@p23, state@p675, highlights@p9, sector_status_pages=23; 7 parse warnings: expenditure p14: row 'ATOMIC ENERGY' printed twice (dropped repeat) | cost_overrun_orig p16: row 'ATOMIC ENERGY' printed twice (dropped repeat) | time_overrun_orig p17: row 'ATOMIC ENERGY' printed twice (dropped repeat) | time_overrun_latest p20: row 'ATOMIC ENERGY' printed twice (dropped repeat) | time_cost_overrun p21: row 'ATOMIC ENERGY' printed twice (dropped repeat) | rce p23: row 'ATOMIC ENERGY' printed twice (dropped repeat), n_approved_cost_below_anticipated/Mega: rows sum 140 != Total 141, n_approved_cost_below_expenditure/Mega: rows sum 93 != Total 94",proj_qpsir_2021_24,quarterly_qpisr,2022-23,
Project Monitoring/Quaterly Reports/2022-23/QPSIR_4th_QTR_2022-23.pdf,quarterly_qpisr,2023-03,894,qpsir_cards_v1,1566.0,1566,329,176,2570,,,ok,"period check vs file name (Q4 FY 2022-23): cover months says Q3 FY 2022-23; card layout warnings: grid split across pages x55, code line split across pages x2; sector card count vs Table 3: SOCIAL JUSTICE: 0 cards vs 1 in Table 3; annexure lists hold 1566 projects, 1565 cards cross-checked, field disagreements: none, 0 card codes not in the lists; 1 ongoing rows added from the annexure lists for projects without a card (sectors: SOCIAL JUSTICE 1); completed list p792-825 is cumulative for the FY (remarks = quarter of completion), project codes are not printed in it; additionally delayed list p837-894 -> other:additionally_delayed (no project codes printed); ongoing rows 1566 vs stated 1566 (+0.0%); summary tables: impl_status@p5, mega_major@p10, sector_mega_major@p12, added_dropped@p13, expenditure@p14, cost_overrun_orig@p16, time_overrun_orig@p17, cost_overrun_latest@p19, time_overrun_latest@p20, time_cost_overrun@p21, rce@p23, state@p615, highlights@p9, sector_status_pages=24",proj_qpsir_2021_24,quarterly_qpisr,2022-23,period_mismatch_cover
Project Monitoring/Quaterly Reports/2023-24/QPSR_1st_QTR_2023-24.pdf,quarterly_qpisr,2023-06,953,qpsir_cards_v1,1753.0,1753,83,157,2503,,,ok,"card layout warnings: grid split across pages x48, code line split across pages x1; sector card count vs Table 3: SHIPPING AND PORTS: 0 cards vs 1 in Table 3, SOCIAL JUSTICE: 0 cards vs 1 in Table 3; annexure lists hold 1753 projects, 1751 cards cross-checked, field disagreements: none, 0 card codes not in the lists; 2 ongoing rows added from the annexure lists for projects without a card (sectors: SOCIAL JUSTICE 1, SHIPPING AND PORTS 1); completed list p898-906 is cumulative for the FY (remarks = quarter of completion), project codes are not printed in it; additionally delayed list p907-953 -> other:additionally_delayed (no project codes printed); ongoing rows 1753 vs stated 1753 (+0.0%); summary tables: impl_status@p5, mega_major@p10, sector_mega_major@p12, added_dropped@p13, expenditure@p14, cost_overrun_orig@p16, time_overrun_orig@p17, cost_overrun_latest@p19, time_overrun_latest@p20, time_cost_overrun@p21, rce@p23, state@p662, highlights@p9, sector_status_pages=22; 1 parse warnings: expenditure p14: 25 '(%) of original cost' values dropped (match neither expenditure nor balance as % of original cost)",proj_qpsir_2021_24,quarterly_qpisr,2023-24,
Project Monitoring/Quaterly Reports/2023-24/QPSR_2nd_QTR_2023-24.pdf,quarterly_qpisr,2023-09,225,qpsir_annexure_lists_v1,1844.0,1812,0,0,2409,,,partial,"cost_overrun_pct for 276 ongoing rows from 'Details of Ongoing Projects having Both Time and Cost Overruns' (276 codes, p87-117); ongoing = union of the schedule-status annexure lists: delayed 911 (p126-176), ahead 52 (p177-180), on_schedule 580 (p181-210), without_doc 269 (p211-225); no 'List of projects without Original Date of Commissioning' in this report, those projects are missing from the ongoing rows; ahead / on-schedule lists truncate the project cell to 'NAME - [CODE' in some reports: agency/state blank for those rows; ongoing rows 1812 vs stated 1844 (-1.7%); summary tables: impl_status@p5, mega_major@p11, sector_mega_major@p13, added_dropped@p14, expenditure@p15, cost_overrun_orig@p17, time_overrun_orig@p18, cost_overrun_latest@p20, time_overrun_latest@p21, time_cost_overrun@p22, rce@p24, highlights@p10, sector_status_pages=23",proj_qpsir_2021_24,quarterly_qpisr,2023-24,report_partial
Project Monitoring/Quaterly Reports/2023-24/QPSR_3rd_QTR_2023-24.pdf,quarterly_qpisr,2023-12,229,qpsir_annexure_lists_v1,1897.0,1897,0,0,2325,,,ok,"cost_overrun_pct for 276 ongoing rows from 'Details of Ongoing Projects having Both Time and Cost Overruns' (276 codes, p83-114); ongoing = union of the schedule-status annexure lists: delayed 902 (p125-174), ahead 56 (p175-178), on_schedule 632 (p179-210), without_doc 274 (p211-225), without_odc 33 (p227-229); ahead / on-schedule lists truncate the project cell to 'NAME - [CODE' in some reports: agency/state blank for those rows; ongoing rows 1897 vs stated 1897 (+0.0%); summary tables: impl_status@p5, mega_major@p10, sector_mega_major@p12, added_dropped@p13, expenditure@p14, cost_overrun_orig@p16, time_overrun_orig@p17, cost_overrun_latest@p19, time_overrun_latest@p20, time_cost_overrun@p21, rce@p23, highlights@p9, sector_status_pages=22; 1 parse warnings: expenditure p14: 1 '(%) of original cost' values dropped (match neither expenditure nor balance as % of original cost)",proj_qpsir_2021_24,quarterly_qpisr,2023-24,
Project Monitoring/Quaterly Reports/2023-24/QPSR-4th_QTR_2023-2024 Part_I.pdf,quarterly_qpisr,2024-03,23,qpsir_part1_overview_v1,1952.0,0,0,0,1995,,,ok,"Part I = overview text + annex tables only (summary), project lists are in Part_II; summary tables: impl_status@p16, added_dropped@p12, expenditure_p1@p13, mega_major_p1@p14, ongoing_p1@p15, cost_overrun_orig@p19, time_overrun_orig@p17, cost_overrun_latest@p20, time_overrun_latest@p18, time_cost_overrun@p21, rce@p22, highlights@p3, sector_status_pages=0",proj_qpsir_2021_24,quarterly_qpisr,2023-24,
Project Monitoring/Quaterly Reports/2023-24/QPSR-4th_QTR_2023-2024 Part_II.pdf,quarterly_qpisr,2024-03,159,qpsir_annexure_lists_v1,1952.0,1952,65,128,0,,,ok,"cost_overrun_pct for 283 ongoing rows from 'Details of Ongoing Projects having Both Time and Cost Overruns' (283 codes, p57-89); completed: 65/65 codes looked up by exact name in this report's annexure lists (codes are not printed in the added/completed lists); newly_added: 120/128 codes looked up by exact name in this report's annexure lists (codes are not printed in the added/completed lists); the schedule-status lists (= projects on the monitor) include 65 projects completed this quarter, flagged in remarks; ongoing = union of the schedule-status annexure lists: ahead 56 (p9-12), on_schedule 665 (p13-46), delayed 853 (p90-137), without_doc 350 (p138-156), without_odc 28 (p157-158); ahead / on-schedule lists truncate the project cell to 'NAME - [CODE' in some reports: agency/state blank for those rows; summary tables: sector_status_pages=0; ongoing rows 1952 vs 1952 on the monitor per Part_I (+0.0%)",proj_qpsir_2021_24,quarterly_qpisr,2023-24,
Project Monitoring/Quaterly Reports/2024-25/QPISR_1st_QTR_2024-25 PART1.pdf,quarterly_qpisr,2024-06,3.0,synopsis_image,,0.0,0.0,0.0,0.0,,,ok,"period confirmed by PDF text 'Q1 2024-25'; PART1 = image-only synopsis/infographic pages (no text-layer tables, no OCR); all tables are in the PART2 file",proj_qpisr_2024_26,quarterly_qpisr,2024-25,
Project Monitoring/Quaterly Reports/2024-25/QPISR_1st_QTR_2024-25 PART2.pdf,quarterly_qpisr,2024-06,329.0,qpisr_ruled_tables_v1,1933.0,1933.0,105.0,76.0,297.0,,,ok,"period confirmed by PDF text '(April-June 2024'; tables pages: T1:3-4, T2:5-7, T3:8-20, T4:21-28, T5:29-30, T6:31-54, T7:55-325; Table 6 (North-East ongoing, 234 rows) not written: subset of Table 7 with the same fields; cross-check vs T7: 0 missing, 0 field mismatches; ministry/location/capacity/delay not printed in these reports; sector_raw = 'Sector' group column; Table 1 '(Revised)*' = revised or original cost -> cost_latest_cr; ongoing rows 1933 vs Table 1 Total projects 1933 (+0.00%)",proj_qpisr_2024_26,quarterly_qpisr,2024-25,
Project Monitoring/Quaterly Reports/2024-25/QPISR_2nd_QTR_2024-25 PART1.pdf,quarterly_qpisr,2024-09,4.0,synopsis_image,,0.0,0.0,0.0,0.0,,,ok,"period confirmed by PDF text 'Q2 2024-25'; PART1 = image-only synopsis/infographic pages (no text-layer tables, no OCR); all tables are in the PART2 file",proj_qpisr_2024_26,quarterly_qpisr,2024-25,
Project Monitoring/Quaterly Reports/2024-25/QPISR_2nd_QTR_2024-25 PART2.pdf,quarterly_qpisr,2024-09,265.0,qpisr_ruled_tables_v1,1862.0,1862.0,50.0,65.0,290.0,,,ok,"period confirmed by PDF text '(July-September 2024'; tables pages: T1:3-4, T2:5-7, T3:8-13, T4:14-19, T5:20-22, T6:23-51, T7:52-260; Table 6 (North-East ongoing, 237 rows) not written: subset of Table 7 with the same fields; cross-check vs T7: 0 missing, 0 field mismatches; ministry/location/capacity/delay not printed in these reports; sector_raw = 'Sector' group column; Table 1 '(Revised)*' = revised or original cost -> cost_latest_cr; ongoing rows 1862 vs Table 1 Total projects 1862 (+0.00%)",proj_qpisr_2024_26,quarterly_qpisr,2024-25,
Project Monitoring/Quaterly Reports/2024-25/QPISR_3rd_QTR_2024-25.pdf,quarterly_qpisr,2024-12,303.0,qpisr_ruled_tables_v1,1856.0,1856.0,96.0,93.0,290.0,,,ok,"period confirmed by PDF text '(October-December 2024'; tables pages: T1:7-8, T2:9-11, T3:12-22, T4:23-29, T5:30-33, T6:34-59, T7:60-298; Table 6 (North-East ongoing, 233 rows) not written: subset of Table 7 with the same fields; cross-check vs T7: 0 missing, 0 field mismatches; ministry/location/capacity/delay not printed in these reports; sector_raw = 'Sector' group column; Table 1 '(Revised)*' = revised or original cost -> cost_latest_cr; ongoing rows 1856 vs Table 1 Total projects 1856 (+0.00%)",proj_qpisr_2024_26,quarterly_qpisr,2024-25,
Project Monitoring/Quaterly Reports/2024-25/QPISR_4th_QTR_2024-25.pdf,quarterly_qpisr,2025-03,284.0,qpisr_ruled_tables_v1,1773.0,1773.0,77.0,47.0,283.0,,,ok,"period confirmed by PDF text '(January-March 2025'; tables pages: T1:7-8, T2:9-11, T3:12-20, T4:21-25, T5:26-26, T6:27-51, T7:52-279; Table 6 (North-East ongoing, 225 rows) not written: subset of Table 7 with the same fields; cross-check vs T7: 0 missing, 0 field mismatches; ministry/location/capacity/delay not printed in these reports; sector_raw = 'Sector' group column; Table 1 '(Revised)*' = revised or original cost -> cost_latest_cr; ongoing rows 1773 vs Table 1 Total projects 1773 (+0.00%)",proj_qpisr_2024_26,quarterly_qpisr,2024-25,
Project Monitoring/Flash Reports monthly/2025-26/QPISR_QR_1st_2025-26.pdf,quarterly_qpisr,2025-06,,,,,,,,,,skipped_duplicate,byte-identical copy of Project Monitoring/Quaterly Reports/2025-26/QPISR_QR_1st_2025-26.pdf (processed there),proj_qpisr_2024_26,quarterly_qpisr,2025-26,skipped_duplicate;duplicate_of:Project Monitoring/Quaterly Reports/2025-26/QPISR_QR_1st_2025-26.pdf
Project Monitoring/Quaterly Reports/2024-25/QPISR_QR_1st_2025-26.pdf,quarterly_qpisr,2025-06,,,,,,,,,,skipped_duplicate,byte-identical copy of Project Monitoring/Quaterly Reports/2025-26/QPISR_QR_1st_2025-26.pdf (processed there),proj_qpisr_2024_26,quarterly_qpisr,2025-26,skipped_duplicate;duplicate_of:Project Monitoring/Quaterly Reports/2025-26/QPISR_QR_1st_2025-26.pdf
Project Monitoring/Quaterly Reports/2025-26/QPISR_QR_1st_2025-26.pdf,quarterly_qpisr,2025-06,261.0,qpisr_ruled_tables_v1,1734.0,1734.0,116.0,59.0,278.0,,,ok,"period confirmed by PDF text '(April-June 2025'; tables pages: T1:7-8, T2:9-11, T3:12-25, T4:26-31, T5:32-33, T6:34-58, T7:59-256; Table 6 (North-East ongoing, 224 rows) not written: subset of Table 7 with the same fields; cross-check vs T7: 0 missing, 0 field mismatches; ministry/location/capacity/delay not printed in these reports; sector_raw = 'Sector' group column; Table 1 '(Revised)*' = revised or original cost -> cost_latest_cr; ongoing rows 1734 vs Table 1 Total projects 1734 (+0.00%)",proj_qpisr_2024_26,quarterly_qpisr,2025-26,
