source_report_type,source_period,source_row_id,project_name,project_code,n_rows,project_key,linked_name,match_score,match_method
clean_key,2014-01-01,OCMS:N18000160,SYSTEM STRENGTHENING IN SOUTHERN REGION - XXII,OCMS:N18000160,35,PRJ-000367,SYSTEM STRENGTHENING -III OF SOUTHERN REGION,0.7503,name_attrs
clean_key,2014-12-01,NAME:ef256762c7,COMMON SYSTEM ASSOCIATED WITH ISGS PROJECTS IN KRISHNAPATTNAM OF ANDHRA PRADESH(PGCIL),,2,PRJ-001347,COMMON SYSTEM ASSOCIATED WITH ISGS PROJECTS IN KRISHNAPATTNA,0.7505,name_attrs
clean_key,2009-03-01,OCMS:220100247,KATIHAR - JOGBANI (GC)(NEFR),OCMS:220100247,115,PRJ-000173,KATIHAR-JOGBANI,0.751,name_attrs
clean_key,2023-03-01,OCMS:N24001510,4L FROM KM 42.000 TO KM 80.00 OF DODABALLAPUR BYPASS TO HOSKOTE SECTION OF NH-648 (OLD NH- 207) ON H,OCMS:N24001510,3,PRJ-004013,"4L FROM KM 42.000 TO KM 80.00 OF DODABALLAPUR BYPASS TO HOSKOTE SECTION OF NH-648 (OLD NH- 207) ON HYBRID ANNUITY MODE UNDER BHARATMALPARIYOJNA , IN THE STATE OF KARNATAKA ( PACKAGE-2)",0.7517,name_attrs
clean_key,2009-09-01,OCMS:N16000071,KOCHI-KOOTANAD BANGALORE-MANGALORE PIPELINE PROJEC,OCMS:N16000071,49,PRJ-001062,KOCHI-KANJIRKOD BANGALORE- MANGALORE PIPELINE PROJECT,0.7521,name_attrs
clean_key,2009-03-01,OCMS:220100212,"KOTTUR-HARIHAR(NL),(SWR)",OCMS:220100212,58,PRJ-000236,KOTTUR-HARIHAR,0.7522,name_attrs
clean_key,2009-03-01,OCMS:220100254,"GULBARGA-BIDAR,SCR(NL)",OCMS:220100254,98,PRJ-000032,BIDAR-GULBARGA,0.7522,name_attrs
clean_key,2009-03-01,OCMS:220100270,"GADWAL - RAICHUR (NL), SCR",OCMS:220100270,98,PRJ-000237,GADWAL-RAICHUR,0.7522,name_attrs
clean_key,2009-03-01,OCMS:220100280,"JIND-SONEPAT (NL),NR",OCMS:220100280,99,PRJ-000151,JIND-SONEPAT,0.7522,name_attrs
clean_key,2009-03-01,OCMS:220100286,"RAJATGARH-BARANG(LD),ECOR",OCMS:220100286,113,PRJ-000094,RAJATGARH-BARANG,0.7522,name_attrs
clean_key,2009-03-01,OCMS:220100312,"RAJGIR-TILAIYA (NL), ECR",OCMS:220100312,21,PRJ-000137,RAJGIR-TILAIYA,0.7522,name_attrs
clean_key,2009-03-01,OCMS:220100317,KICHHA-KHATIMA (NL) - NER,OCMS:220100317,30,PRJ-000187,KICHHA-KHATIMA,0.7522,name_attrs
clean_key,2009-03-01,OCMS:N06000017,SHANTIKHANI LONGWALL PROJ-SCCL,OCMS:N06000017,108,PRJ-000547,SHANTIKHANI LONGWALL PROJECTS,0.7522,name_attrs
clean_key,2015-12-01,NAME:9bc5f7ab3f,DEVELOPMENT OF G1 AND GS-15,,2,PRJ-000771,DEV OF G1 AND GS-15 (ONGCL),0.7524,name_attrs
clean_key,2022-03-01,NAME:23a7c6fdf8,REHABILITATION AND UPGRADING TO 2 LANES/2 LANE WITH PAVED SHOULDERS CONFIGURATION OF BANKUARA- PURUL,,1,PRJ-002167,REHABILITATION AND UPGRADING TO 2 LANES-2 LANE WITH PAVED SHOULDERS CONFIGURATION OF,0.7527,name_attrs
clean_key,2021-09-01,NAME:d061a8ac12,REHABILITATION AND UPGRADING TO 2 LANES/2 LANE WITH PAVED SHOULDERS CONFIGURATION OF BANKUARA- PURUL,,1,PRJ-002167,REHABILITATION AND UPGRADING TO 2 LANES-2 LANE WITH PAVED SHOULDERS CONFIGURATION OF,0.7527,name_attrs
clean_key,2009-03-01,OCMS:N22000033,AJMER-PHULERA-RINGUS-REWARI (G.C.)(NWR)(RVNL),OCMS:N22000033,21,PRJ-000527,AJMER-PHULERA- RINGUS-REWARI,0.753,name_attrs
clean_key,2015-12-01,OCMS:N24000376,"REHABILITATION AND UPGRADING TO 2 LANES/2 LANE WITH PAVED SHOULDERS CONFIGURATION OF ""MADHUGIRI-MULB",OCMS:N24000376,17,PRJ-001904,REHABILITATION AND UPGRADING TO 2 LANES/2 LANE WITH PAVED SHOULDERS CONFIGURATION OF ANISABAD-AURANG,0.753,name_attrs
clean_key,2009-03-01,OCMS:220100324,CHHINDWARA - NAGPUR (GC)(SECR),OCMS:220100324,100,PRJ-000327,CHHINDWARA-NAGPUR,0.7534,name_attrs
clean_key,2023-03-01,NAME:1fd3e3fe0e,CONSTRUCTION OF TWO LANE WITH HARD SHOULDERS OF CHAKABAMA-ZUNHEBOTO ROAD FROM EXISTING KM 25.760 TO KM 52.370 [DESIGN KM. 25.000 TO KM. 50.000] (DESIGN LENGTH - 25.00 KM) IN THE STATE OF NAGALAND UND,,1,PRJ-002980,CONSTRUCTION OF TWO LANE WITH HARD SHOULDERS OF CHAKABAMA-ZUNHEBOTO ROAD FROM EXISTING KM 25.760 TO,0.7535,name_attrs
clean_key,2009-03-01,OCMS:220100277,BANKURA - DAMODAR (GC) (SER),OCMS:220100277,115,PRJ-000182,BANKURA-DAMODAR,0.7535,name_attrs
clean_key,2009-03-01,OCMS:220100305,"KODERMA-TILAIYA (NL), ECR",OCMS:220100305,127,PRJ-000220,KODERMA-TILAIYA,0.7535,name_attrs
clean_key,2014-12-01,NAME:8fb63817b9,ACQUISITION OF 4 NOS OF 82000 DWT KAMSAVMAX BULK CARRIERS FROM M/S JIANGSU EASTERN HEAVY INDUSTRIES,,2,PRJ-001250,Acquisition of 4 nos of 82000 DWT kamsavmax Bulk carriers,0.7536,name_attrs
clean_key,2009-03-01,OCMS:220100279,"REWARI-ROHTAK (NL),NR",OCMS:220100279,45,PRJ-000180,REWARI-ROHTAK,0.7537,name_attrs
clean_key,2009-03-01,OCMS:220100281,"SURAT-KOSAMBA (LD),WR",OCMS:220100281,8,PRJ-000286,SURAT-KOSAMBA,0.7537,name_attrs
clean_key,2009-03-01,OCMS:240100207,"SILCHAR-UDARBAND (PH.II) HN-54, KM.309 TO KM.275",OCMS:240100207,110,PRJ-000022,"SILCHAR-UDARBAND, KM.309-KM.275, NH-54 (ASSAM)",0.7537,name_attrs
clean_key,2011-12-01,OCMS:N18000115,SYTEM STRENGTHENING OF SOUTHERN REGION - XIV,OCMS:N18000115,100,PRJ-000367,SYSTEM STRENGTHENING -III OF SOUTHERN REGION,0.7537,name_attrs
clean_key,2009-03-01,OCMS:220100328,TALCHER-BIMALAGARH(NL)(ECOR),OCMS:220100328,132,PRJ-000366,TALCHER-BIMALAGARH,0.7544,name_attrs
clean_key,2009-03-01,OCMS:220100323,RUPSA-BANGRIPOSI (GC)(SER),OCMS:220100323,39,PRJ-000349,RUPSA-BANGRIPOSI,0.7547,name_attrs
clean_key,2009-03-01,OCMS:220100329,RAICHUR-GUNTAKAL(DL)(SCR),OCMS:220100329,100,PRJ-000384,RAICHUR-GUNTAKAL,0.7547,name_attrs
clean_key,2021-09-01,NAME:0c49fa57da,"RE-DEVELOPMENT OF GOVT. OF INDIA PRESS, MINTO ROAD, NEW DELHI (SH: CONSTRUCTION OF NEW BUILDING (2 BASEMENTS +G+6 FLOORS) INCLUDING CIVIL, ELECTRICAL AND HORTICULTURE WORKS",,1,PRJ-002723,"RE-DEVELOPMENT OF GOVT. OF INDIA PRESS, MINTO ROAD, NEW DELHI (SH: CONSTRUCTION OF NEW BUILDING (2 B",0.7555,name_attrs
clean_key,2009-03-01,OCMS:N22000054,SETTING UP EAST COAST RLY.ZN. (SER),OCMS:N22000054,8,PRJ-000655,SETTING UP EAST COAST RAILWAY ZONE AT BHUBANESWAR,0.7555,name_attrs
clean_key,2022-09-01,NAME:354f39b7ed,SIX LANING OF ANANDAPURAM PENDURTHI ANAKAPALLI SECTION OF NH-5 NEW NH-16 FROM KM.681.000 EXISTING KM.681.000 TO KM.731.780 EXISTING KM.742.400 DESIGN LENGTH 50.78 KM IN THE STATE OF ANDHRA PRADESH UND,,2,PRJ-003021,SIX LANING OF ANANDAPURAM PENDURTHI ANAKAPALLI SECTION OF NH-5 NEW NH-16 FROM KM.681.000 EXISTING KM,0.7556,name_attrs
clean_key,2009-03-01,OCMS:220100220,MACHERLA-NALGONDA(NL)(SCR),OCMS:220100220,100,PRJ-000226,MACHERLA-NALGONDA,0.7557,name_attrs
clean_key,2008-04-01,OCMS:N18000039,NORTHERN REGION SYSTEM STRENGHTENING SCHEME-XII,OCMS:N18000039,38,PRJ-000042,SYSTEM STRENGTHENING IN NORTHERN REGION,0.7557,name_attrs
clean_key,2009-03-01,OCMS:120100069,COAL DUST INJECTION IN BF-2 and 3,OCMS:120100069,12,PRJ-000462,COAL DUST INJECTION SYSTEM IN BLAST FURNACE-2 & 3,0.7559,name_attrs
clean_key,2009-03-01,OCMS:220100062,"VIRAMGAM-BHILDI(WR),GC",OCMS:220100062,91,PRJ-000183,VIRAMGAM-BHILDI,0.7562,name_attrs
clean_key,2009-03-01,OCMS:220100271,"BARAMATI - LONAND (NL), CR",OCMS:220100271,9,PRJ-000298,BARAMATI - LONAND,0.7562,name_attrs
clean_key,2009-03-01,OCMS:220100278,"HAPUR-KANKATHER (LD),NR",OCMS:220100278,21,PRJ-000270,HAPUR-KANKATHER,0.7562,name_attrs
clean_key,2016-06-01,OCMS:N22000352,BARAMATI - LONAND (54 KM),OCMS:N22000352,1,PRJ-000298,BARAMATI - LONAND,0.7562,name_attrs
clean_key,2022-09-01,NAME:5030b38263,CONSTRUCTION OF TWO NOS GIRLS HOSTELS AND ONE NO BOYS HOSTEL OF 500 CAPACITY EACH G PLUS 8 STOREYED BUILDING DINING KITCHEN G PLUS 2 SUBSTATION BUILDING G AT IIT KHARAGPUR WEST BENGAL,,1,PRJ-003546,CONSTRUCTION OF TWO NOS GIRLS HOSTELS AND ONE NO BOYS HOSTEL OF 500 CAPACITY EACH G PLUS 8 STOREYED,0.7567,name_attrs
clean_key,2009-03-01,OCMS:220100282,"DHARMAVARAM-PAKALA (GC), SCR",OCMS:220100282,21,PRJ-000002,DHARMAVARAM-PAKALA,0.7567,name_attrs
clean_key,2009-03-01,OCMS:N22000046,"PODAPAHAR-BANSPANI,(LD)(SER)",OCMS:N22000046,12,PRJ-000635,Podapahar-Banspani,0.7567,name_attrs
clean_key,2023-03-01,NAME:38b0229359,REHABILITATION AND UP-GRADATION OF ROAD FROM DESIGN KM 11.800 TO KM 25.250 OF KAILASHAHAR-KURTI BRIDGE SECTION TO 2- LANE WITH PAVED SHOULDER (PACKAGE-II),,1,PRJ-003439,REHABILITATION AND UP-GRADATION OF ROAD FROM DESIGN KM 11.800 TO KM 25.250 OF KAILASHAHAR- KURTI BRID,0.7568,name_attrs
clean_key,2022-03-01,NAME:a915df8b3b,REHABILITATION AND UP-GRADATION OF ROAD FROM DESIGN KM 11.800 TO KM 25.250 OF KAILASHAHAR-KURTI BRIDGE SECTION TO 2- LANE WITH PAVED SHOULDER (PACKAGE-II),,2,PRJ-003439,REHABILITATION AND UP-GRADATION OF ROAD FROM DESIGN KM 11.800 TO KM 25.250 OF KAILASHAHAR- KURTI BRID,0.7568,name_attrs
clean_key,2009-03-01,OCMS:N22000048,"VALLAPARPADM-IDAPALLY,(NL)(RVNL)",OCMS:N22000048,21,PRJ-000642,Vallaparpadm-Idapally,0.757,name_attrs
clean_key,2009-03-01,OCMS:N26000028,COMMISSIONING OF GSM EQUIPMENT OF 650K LINES (PH-,OCMS:N26000028,21,PRJ-000678,Commissioning of GSM equipment of 600K lines (Ph-IV),0.7572,name_attrs
clean_key,2009-03-01,OCMS:N22000047,"MADURAI-DINDIGUL,(LD)(SR)",OCMS:N22000047,1,PRJ-000637,Madurai-Dindigul,0.7573,name_attrs
clean_key,2009-03-01,OCMS:220100192,"NANDYAL-YERRAGUNTLA(NL),SCR",OCMS:220100192,105,PRJ-000079,NANDYAL- YERRAGUNTLA,0.7575,name_attrs
clean_key,2009-03-01,OCMS:220100314,"RAMGANJMUNDI-BHOPAL (NL),WCR",OCMS:220100314,127,PRJ-000216,RAMGANJMUNDI-BHOPAL,0.7575,name_attrs
clean_key,2009-03-01,OCMS:220100316,MAHARAJGANJ-MASRAKH (NL) - NER,OCMS:220100316,95,PRJ-000228,MAHARAJGANJ-MASRAKH,0.7575,name_attrs
clean_key,2015-12-01,OCMS:N24000379,REHABILITATION AND UPGRADING TO 2 LANES/2 LANE WITH PAVED SHOULDERS CONFIGURATION OF BHOJPUR-CHHATAB,OCMS:N24000379,17,PRJ-001904,REHABILITATION AND UPGRADING TO 2 LANES/2 LANE WITH PAVED SHOULDERS CONFIGURATION OF ANISABAD-AURANG,0.758,name_attrs
clean_key,2013-07-01,OCMS:N22000194,CONSTRUCTION OF NL FROM KUMARGHAT- AGARTALA,OCMS:N22000194,71,PRJ-000129,KUMARGHAT-AGARTALA,0.7583,name_attrs
clean_key,2022-03-01,NAME:dc5a287cc4,"MAVLI JUNCTION-BARI SADRI, MM OF",,1,PRJ-001512,"MAVLI JUNCTION-BARI SADRI, MM OF AJMER- CHITTSURGARH-UDAIPUR",0.7584,name_attrs
clean_key,2009-03-01,OCMS:N12000034,INSTALLATION OF NEW TURBO BLOWER IN TURBO BLOWER S,OCMS:N12000034,9,PRJ-000640,Installation of Turbo Blower - 8 in Turbo Blower Station,0.7584,name_attrs
clean_key,2009-03-01,OCMS:220100194,"MUZAFFARPUR-SITAMARHI(NL),ECR",OCMS:220100194,50,PRJ-000068,MUZAFFARPUR- SITAMARHI,0.7591,name_attrs
clean_key,2009-03-01,OCMS:220100251,VILLUPURAM-KATPADI (GC)(SR),OCMS:220100251,33,PRJ-000251,VILLUPURAM-KATPADI,0.7591,name_attrs
clean_key,2009-03-01,OCMS:220100310,"BIHARSHARIFF-BARBIGHA (NL), ECR",OCMS:220100310,8,PRJ-000013,BIHARSHARIFF- BARBIGHA,0.7591,name_attrs
clean_key,2015-12-01,NAME:1180bdde17,EXPANSION OF MALANJKHAND MINE- DEVELOPMENT OF UNDERGROUND MINE UNDER EXISTING OPEN CAST MINE OF CAPACITY 5.0 MILLION TONE-ANNUAL,,1,PRJ-001771,EXPANSION OF MALANJKHAND MINE- DEVELOPMENT OF UNDERGROUND MINE UNDER EXISTING OPEN CAST MINE OF CAPAC,0.7593,name_attrs
clean_key,2021-09-01,NAME:4c27a8ec69,UPGRADATION TO 2 LANE WITH PAVED SHOULDER/4 LANE OF KHAJUWALA-POOGAL SECTION AND POOGLE -DANTOUR- JAGGASAR-GOKUL-GODDU -RANJEETAPURA - CHARANWALA-NAUKH-BAP SECTION OF NH- 911,,1,PRJ-003054,UPGRADATION TO 2 LANE WITH PAVED SHOULDER/4 LANE OF KHAJUWALA-POOGAL SECTION AND POOGLE - DANTOUR-JA,0.7597,name_attrs
clean_key,2009-03-01,OCMS:220100313,"SRIGANGANAGAR-SARUPSAR (GC), NWR",OCMS:220100313,46,PRJ-000113,SRIGANGANAGAR- SARUPSAR,0.7597,name_attrs
clean_key,2022-12-01,NAME:644a8a20bc,FOUR LANING OF GUNDUGOLANU- DEVARAPALLI-KOVVURU SECTION OF NH-16 FROM KM 15.320 (EXISTING KM 15.700),,2,PRJ-002739,FOUR LANING OF GUNDUGOLANU- DEVARAPALLI-KOVVURU SECTION OF NH-16 FROM KM 15.320 (EXISTING KM 15.700) TO KM 85.204 (EXISTING KM 81.400) (DESIGN LENGTH=69.884 KM),0.7601,name_attrs
clean_key,2022-06-01,NAME:6eb9dc7405,REHABILITATION AND UP GRADATION OF EXISTING 2-LANE TO 4-LANE STANDARDS TO END OF KAMAKHYANAGAR BYPASS – DUBURI SECTION (KM 335.946 – KM 388.382) ON EPC MODE (PKG-II).,,1,PRJ-002708,REHABILITATION AND UP GRADATION OF EXISTING 2-LANE TO 4-LANE STANDARDS TO END OF KAMAKHYANAGAR BYPAS,0.7602,name_attrs
clean_key,2009-03-01,OCMS:240106246,"GORAKHPUR-AYODHYA (LMNHP-5),NH-28, KM.208.00 TO KM.164.00",OCMS:240106246,39,PRJ-000414,"GORAKHPUR-AYODHYA, KM.208-KM.164, NH-28 (UTTAR PRADESH)",0.7604,name_attrs
clean_key,2013-07-01,OCMS:N16000159,"PIPELINE REPLACEMENT PROJECT, AHMEDABAD",OCMS:N16000159,54,PRJ-000689,Two Pipeline replacement project at Ahmedabad and Mehsana,0.7608,name_attrs
clean_key,2009-03-01,OCMS:220100205,"MUNEERABAD-MAHABOOBNAGAR(NL),SCR",OCMS:220100205,114,PRJ-000295,MUNEERABAD- MAHABOOBNAGAR,0.7609,name_attrs
clean_key,2022-06-01,NAME:60374e015d,REHABILITATION AND UP-GRADATION TO 4-LANING OF RAJAMUNDA-BARKOTE SECTION OF NH-23 (NEW NH NO. 143) (KM. 287.200 TO KM. 337.185) IN THE STATE OF ODISHA UNDER NHDP-IV,,1,PRJ-002712,REHABILITATION AND UP-GRADATION TO 4-LANING OF RAJAMUNDA-BARKOTE SECTION OF NH-23 (NEW NH NO. 143) (,0.7615,name_attrs
clean_key,2023-06-01,NAME:da1946ade4,CONSTRUCTION OF TIMMAPURAM TO GURJANAPALLE SECTION FROM KM 26.150 TO 41.161 OF NH-214(NH216)(KAKINADA BYPASS) TO TWO LANE WITH PAVED SHOULDERS ON EPC MODE,,1,PRJ-003156,CONSTRUCTION OF TIMMAPURAM TO GURJANAPALLE SECTION FROM KM 26.150 TO 41.161 OF NH- 214(NH216)(KAKINAD,0.762,name_attrs
clean_key,2005-10-01,NAME:1dc554a3f5,"GSM NETWORK EXPANSION, PH-IV (WEST BENGAL)",,40,PRJ-000326,"GSM NETWORK EXPANSION, PH-IV (PUNJAB)",0.7628,name_attrs
clean_key,2022-12-01,NAME:89c74464f7,DELHI-AMRITSAR-KATRA EXPRESSWAY FROM CH.KM 303+900 TO KM 319+400 OF MAIN EXPRESSWAY) AND AMRITSAR CONNECTIVITY CH.KM 0+000 TO KM 24+000. – PKG X,,1,PRJ-003739,DELHI-AMRITSAR-KATRA EXPRESSWAY FROM CH.KM 303+900 TO KM 319+400 OF MAIN EXPRESSWAY) AND AMRITSAR CO,0.7629,name_attrs
clean_key,2023-03-01,NAME:957d16d3f2,SIX LANING OF HAPUR BYPASS TO MORADABAD SECTION INCLUDING HAPUR BYPASS FROM KM 50.000 (DESIGN CHAINAGE 50.000) TO KM 148.277 (DESIGN CHAINAGE 149.867) OF NH-24 (NEW NH-9),,1,PRJ-003020,SIX LANING OF HAPUR BYPASS TO MORADABAD SECTION INCLUDING HAPUR BYPASS FROM KM 50.000 (DESIGN CHAINA,0.7636,name_attrs
clean_key,2014-12-01,NAME:19be61be7b,ACQUISITION OF TWO(2) NOS. OF 317000 DWT VERY LARGE CRUDE CARRIERS FROM M/S JIANGSU RONGSHENG HEAVY,,2,PRJ-001254,Acquisition of two(2) Nos. of 317000 DWT very large crude,0.7645,name_attrs
clean_key,2009-03-01,OCMS:240106210,"BORKHEDI-JAM (NS-22/MH) PH.II KM.36.6 TO KM.64.0, NH-7",OCMS:240106210,9,PRJ-000341,"BORKHEDI-JAM, KM.36.6- KM.64.0, NH-7 (MAHARASHTRA)",0.7647,name_attrs
clean_key,2009-03-01,OCMS:220100325,SUKINDA ROAD - ANGUL (NL)(ECOR),OCMS:220100325,107,PRJ-000348,SUKINDA ROAD-ANGUL,0.7649,name_attrs
clean_key,2022-12-01,NAME:9f29471b38,REHABILITATION AND UPGRADATION TO 2 LANE WITH PAVED SHOULDER OF MOGA (DESIGN CH 0.000) TO MAKHU (DESIGN CH 33.611) AND HARIKE (DESIGN CH 44.680) TO KHALRA (DESIGN CH 86.236) INCLUDING CONSTRUCTION,,1,PRJ-003131,REHABILITATION AND UPGRADATION TO 2 LANE WITH PAVED SHOULDER OF MOGA (DESIGN CH 0.000) TO MAKHU (DES,0.7653,name_attrs
clean_key,2022-09-01,NAME:5866006340,"4 LANING FROM KALIABOR TINALI TO DOLABARI SECTION FROM KM 0.0 TO KM 17.3 OF NH 37A INCL. ADDITIONAL BRIDGE, REHABILITATION OF EXISTING BRIDGE AND APPROACHES OF BOTH BRIDGES ON EPC BASIS",,1,PRJ-001988,4 LANING FROM KALIABOR TINALI TO DOLABARI SECTION FROM KM 0.0 TO KM 17.3 OF NH 37A INCL. ADDITIONAL,0.7655,name_attrs
clean_key,2009-03-01,OCMS:N16000052,DAHEJ-VIJAYPUR PIPE LINE PROJECT(PHASE-II),OCMS:N16000052,38,PRJ-000709,"Dahej-Vijaypur Pipeline Project, Phase-II",0.7655,name_attrs
clean_key,2009-02-01,NAME:00751d1320,Barge Bumper-Boat Landing-Riser Protector Project Phase-II,,1,PRJ-000566,"BARGE BUMPER, BOAT LANDING AND RISER PROTECTORS PROJECT",0.7661,name_attrs
clean_key,2009-04-01,NAME:9fb0e95efb,Barge Bumper-Boat Landing-Riser Protector Project Phase-II,,5,PRJ-000566,"BARGE BUMPER, BOAT LANDING AND RISER PROTECTORS PROJECT",0.7661,name_attrs
clean_key,2009-03-01,OCMS:240106243,"KOTWA TO DEWAPUR(10 LMNHP),NH-28 PHASE-II, KM.440 TO KM.402",OCMS:240106243,61,PRJ-000418,"KOTWA-DEWAPUR, KM.440-KM.402, NH-28 (BIHAR)",0.7663,name_attrs
clean_key,2009-03-01,OCMS:240106276,"MADURAI-ARUPKOTTAI-TUTICORIN, KM.138.8 TO KM.264.5, NH-45 B",OCMS:240106276,48,PRJ-000447,"MADURAI-TUTICORIN, KM.138.8 TO KM.264.5, NH- 45B (T.N.)",0.7682,name_attrs
clean_key,2022-03-01,NAME:c951fd6ec9,4 LANING OF NH 415 FROM DESIGN CHAINAGE 29/500 TO 40/400 (ITANAGAR TO BANDARDEWA SECTION) IN THE STATE OF ARUNACHAL PRADESH UNDER ANNUAL PLAN 2016-17 ON EPC MODE PACKAGE-A,,1,PRJ-003375,4 LANING OF NH 415 FROM DESIGN CHAINAGE 29/500 TO 40/400 (ITANAGAR TO BANDARDEWA SECTION) IN THE ST,0.7686,name_attrs
clean_key,2021-09-01,NAME:036c00f2d8,"STRENGTHENING WITH PAVED SHOULDER FROM KM 30/0 TO KM 46/0, KM 54/0 TO KM 61/0, KM 69/0 TO KM 80/0 AND KM 80/0 TO KM 96/0 OF NH-39 FOR THE YEAR 2015-16 INCLUDING TOLL PLAZA 30/0 TO KM 46/0, KM 54/0 TO",,1,PRJ-003335,"STRENGTHENING WITH PAVED SHOULDER FROM KM 30/0 TO KM 46/0, KM 54/0 TO KM 61/0, KM 69/0 TO KM 80/0 AN",0.7687,name_attrs
clean_key,2022-12-01,NAME:3509f55e7b,"STRENGTHENING WITH PAVED SHOULDER FROM KM 30/0 TO KM 46/0, KM 54/0 TO KM 61/0, KM 69/0 TO KM 80/0 AND KM 80/0 TO KM 96/0 OF NH-39 FOR THE YEAR 2015-16 INCLUDING TOLL PLAZA 30/0 TO KM 46/0, KM 54/0 TO",,1,PRJ-003335,"STRENGTHENING WITH PAVED SHOULDER FROM KM 30/0 TO KM 46/0, KM 54/0 TO KM 61/0, KM 69/0 TO KM 80/0 AN",0.7687,name_attrs
clean_key,2009-03-01,OCMS:N24000068,"CHAMBAL BRIDGE, NH-76 (RJ-5)",OCMS:N24000068,120,PRJ-000556,"CHAMBAL BRIDGE, NH- 76 (RAJASTHAN)",0.7687,name_attrs
clean_key,2023-03-01,NAME:5d2a5b1f91,6-LANING OF EXISTING 2-LANE (I) NANDIGAMA BYPASS FROM KM 220.700 TO KM 226.600 (DESIGN CHAINAGE FROM KM 220.700 TO KM 227.480) AND (II) KANCHIKACHERLA BYPASS FROM KM 238.200 KM 245.400 (DESIGN CHAINAG,,1,PRJ-002647,6-LANING OF EXISTING 2-LANE (I) NANDIGAMA BYPASS FROM KM 220.700 TO KM 226.600 (DESIGN CHAINAGE FROM,0.7694,name_attrs
clean_key,2009-03-01,OCMS:220100185,"AJMER-UDAIPUR-CHITTAURGARH (GC),NWR",OCMS:220100185,33,PRJ-000021,AJMER - UDAIPUR - CHITTORGARH,0.7694,name_attrs
clean_key,2022-09-01,NAME:9b28f45b80,REHABILITATION AND UPGRADATION OF EXISTING PAVEMENT TO FOUR LANE WITH PAVED SHOULDER FROM KM 135.230 TO KM 153.00 OF NH-96 IN THE STATE OF UTTAR PRADESH,,3,PRJ-003389,REHABILITATION AND UPGRADATION OF EXISTING PAVEMENT TO FOUR LANE WITH PAVED SHOULDER FROM KM 135.230,0.7695,name_attrs
clean_key,2023-03-01,NAME:4df7e35e45,SIX LANING OF SHAMLA JI TO MOTACHILODHA FROM KM 401.200 TO KM 494.410 (LENGTH 93.210 KM) SECTION OF NH-8 IN THE STATE OF GUJARAT UNDER NHDP PHASE V (PACKAGE-VI) ON HYBRID ANNUITY MODE,,1,PRJ-003023,SIX LANING OF SHAMLA JI TO MOTACHILODHA FROM KM 401.200 TO KM 494.410 (LENGTH 93.210 KM) SECTION OF,0.7703,name_attrs
clean_key,2005-07-01,NAME:4ef939c8bf,GSM BASED NETWORK EXPANSION Ph-IV (BSNL)(GUJARAT),,28,PRJ-000336,GSM BASED NETWORK EXPANSION Ph-IV (BSNL)(A.P),0.7703,name_attrs
clean_key,2022-12-01,NAME:f6659e616d,(I) CONSTRUCTION OF FOUR/SIX LANING FROM KM 132.375 TO KM 158.058 (TOTAL NEW ALIGNMENT LENGTH OF 20.683 KM) OF DABOKA- DIMAPUR SECTION (DIMAPUR BYPASS) OF NH-36 AND 39,,2,PRJ-002561,CONSTRUCTION OF FOUR/ SIX LANING FROM KM 132.375 TO KM 158.058 (TOTAL NEW ALIGNMENT LENGTH OF 20.683,0.7708,name_attrs
clean_key,2009-04-01,OCMS:N18000058,NORTHERN REGION SYSTEM STRENGHTENING SCHEME-XVII,OCMS:N18000058,39,PRJ-000042,SYSTEM STRENGTHENING IN NORTHERN REGION,0.7711,name_attrs
clean_key,2009-03-01,OCMS:N16000026,LUBE OIL BASE STOCK QUALITY UPGRADATION AT MUMBAI REFINERY,OCMS:N16000026,24,PRJ-000582,LUBE OIL BASE STOCK QUALITY UP GRADATION,0.772,name_attrs
clean_key,2015-12-01,OCMS:N24000369,REHABILITATION AND UPGRADING TO 2 LANES/2 LANE WITH PAVED SHOULDERS CONFIGURATION OF PRATAPGARH-PADI,OCMS:N24000369,15,PRJ-001904,REHABILITATION AND UPGRADING TO 2 LANES/2 LANE WITH PAVED SHOULDERS CONFIGURATION OF ANISABAD-AURANG,0.7721,name_attrs
clean_key,2005-07-01,NAME:a14c98c594,GSM BASED NETWORK EXPANSION Ph-IV (BSNL)(ASSAM),,24,PRJ-000335,GSM BASED NETWORK EXPANSIONPh-IV (BSNL)(UTTRANCHAL),0.7722,name_attrs
clean_key,2009-03-01,OCMS:220100263,QUILON-TIRUNELVELI-TENKASI-VIRUDHUNAGAR(SR)(GC),OCMS:220100263,96,PRJ-000049,QUILON-TIRUNELVELI- TIRUCHENDUR AND TENKASI- VIRUDHUNAGAR,0.7729,name_attrs
clean_key,2009-03-01,OCMS:N18000010,TEHRI PUMPED STORAGE PLANT(1000MW),OCMS:N18000010,154,PRJ-000540,"TEHRI PUMPED STORAGE PLANT, 4x250 MW",0.773,name_attrs
clean_key,2009-03-01,OCMS:240106226,"BIJNI TO ASSAM/WB BORDER PH.II, KM.30.00 TO 0.00, NH-31 C",OCMS:240106226,110,PRJ-000353,"BIJNI-ASSAM/WB BORDER, KM.30.0-KM.0.0, NH-31C (ASSAM)",0.7737,name_attrs
clean_key,2022-09-01,NAME:b4c01da36d,UP-GRADATION TO 4-LANE WITH PAVED SHOULDER OF JAMMU-AKHNOOR SECTION OF NH-144A FROM CANAL HEAD (KM 0.800) TO GANESH VIHAR (KM 6.000) OF 5.2 KM LENGTH IN THE STATE OF JAMMU KASHMIR TO BE EXECUTED ON,,1,PRJ-003079,UP-GRADATION TO 4-LANE WITH PAVED SHOULDER OF JAMMU-AKHNOOR SECTION OF NH-144A FROM CANAL HEAD (KM 0,0.7741,name_attrs
clean_key,2009-04-01,NAME:7f5c5700f7,"NAGAON BYPASS, KM.5.5-KM.262.7, NH-36 (ASSAM)",,5,PRJ-000467,"DAKOBA-NAGAON, KM.36- KM.5.5, NH-36 (ASSAM)",0.7743,name_attrs
clean_key,2006-05-01,NAME:b3e622a82b,"NAGAON BYPASS, KM.5.5- KM.262.7, NH-36 (ASSAM)",,33,PRJ-000467,"DAKOBA-NAGAON, KM.36- KM.5.5, NH-36 (ASSAM)",0.7743,name_attrs
clean_key,2022-09-01,NAME:c08369a331,FOUR LANING OF NUMALIGARH TO JORHAT SECTION FROM KM. 402.500 TO KM. 453.000 (DESIGN KM 403.200 TO KM 454.240) EXCEPT DERGAON BYPASS (WITH TOLL PLAZA),,1,PRJ-001970,FOUR LANING OF NUMALIGARH TO JORHAT SECTION FROM KM. 402.500 TO KM. 453.000 (DESIGN KM 403.200 TO KM,0.7743,name_attrs
clean_key,2023-03-01,NAME:50a31834eb,WIDENING AND STRENGTHENING FROM 2 LANE TO 2 LANE WITH PAVED SHOULDER IN AN,,1,PRJ-003411,WIDENING AND STRENGTHENING FROM 2 LANE TO 2 LANE WITH PAVED SHOULDER IN AN AGGREGATE LENGTH OF 38 KM,0.7744,name_attrs
clean_key,2016-03-01,NAME:004e408564,REHABILITATION AND UPGRADING TO 2 LANE WITH PAVED SHOULDERS CONFIGURATION AND STRENGTHENING OF ANISH,,1,PRJ-002167,REHABILITATION AND UPGRADING TO 2 LANES-2 LANE WITH PAVED SHOULDERS CONFIGURATION OF,0.7753,name_attrs
clean_key,2013-10-01,OCMS:N22000303,"QUILON-TIRUNELVELI - TRICHENDUR, TENKASI",OCMS:N22000303,42,PRJ-000049,QUILON-TIRUNELVELI- TIRUCHENDUR AND TENKASI- VIRUDHUNAGAR,0.7754,name_attrs
clean_key,2009-03-01,OCMS:180100229,SIPAT STPP STAGE - I (NTPC),OCMS:180100229,52,PRJ-000199,"SIPAT STPP STAGE -I, 3x660 MW",0.7759,name_attrs
clean_key,2009-03-01,OCMS:240106283,KELARPUR-PIMPALKATTI-KM 153 TO KM 175,OCMS:240106283,9,PRJ-000458,"KELAPUR-PIMPALKATTI, KM.153-KM.175, NH-7 (MAHARASHTRA)",0.7761,name_attrs
clean_key,2009-03-01,OCMS:N22000027,PALWAL-BHUTESWAR 3RD LINE DOUBLING(NCR)(RVNL),OCMS:N22000027,50,PRJ-000525,PALWAL-BHUTESWAR 3rd LINE,0.7765,name_attrs
clean_key,2015-12-01,OCMS:N24000296,REHABILITATION AND UPGRADING TO 2 LANES-2 LANE WITH PAVED SHOULDERS,OCMS:N24000296,17,PRJ-001904,REHABILITATION AND UPGRADING TO 2 LANES/2 LANE WITH PAVED SHOULDERS CONFIGURATION OF ANISABAD-AURANG,0.7772,name_attrs
clean_key,2021-09-01,NAME:118839cbe5,REHABILITATION AND UPGRADING TO 2 LANES/2 LANE WITH PAVED SHOULDERS CONFIGURATION OF BHOJPUR-CHHATAB,,1,PRJ-002066,REHABILITATION AND UPGRADING TO 2 LANES/2 LANE WITH PAVED SHOULDERS CONFIGURATION OF NABARANGPUR-KOK,0.7773,name_attrs
clean_key,2022-03-01,NAME:9e157fe335,REHABILITATION AND UPGRADING TO 2 LANES/2 LANE WITH PAVED SHOULDERS CONFIGURATION OF BHOJPUR-CHHATAB,,1,PRJ-002066,REHABILITATION AND UPGRADING TO 2 LANES/2 LANE WITH PAVED SHOULDERS CONFIGURATION OF NABARANGPUR-KOK,0.7773,name_attrs
clean_key,2009-03-01,OCMS:240106227,"PURNEA-FORBESGANJ (BR-1) PHASE-II, KM.309 TO 268, NH-57",OCMS:240106227,24,PRJ-000358,"PURNEA-FORBESGANJ, KM.309-KM.268, NH-57 (BIHAR)",0.7777,name_attrs
clean_key,2008-04-01,NAME:8026667d82,Northern Region System strengthening Scheme-XI,,11,PRJ-000042,SYSTEM STRENGTHENING IN NORTHERN REGION,0.7778,name_attrs
clean_key,2009-05-01,NAME:11e5d44a44,500K Broadband Access N/W Ph-I II,,1,PRJ-000676,"500K Broadband access H/W equipment, Delhi & Mumbai(Ph-1&II)",0.7786,name_attrs
clean_key,2008-12-01,OCMS:N26000048,500K Broadband Access N/W Ph-I II,OCMS:N26000048,3,PRJ-000676,"500K Broadband access H/W equipment, Delhi & Mumbai(Ph-1&II)",0.7786,name_attrs
clean_key,2009-03-01,OCMS:N26000026,EXP. OF 750K GSM LINES OF 2.5 GSM AND VALIDATION EQU,OCMS:N26000026,21,PRJ-000589,EXPANSION OF 750K GSM LINES OF 2.5 GSM AND VALIDATION EQUIP,0.7787,name_attrs
clean_key,2009-03-01,OCMS:220100168,"MANDARHILL-DUMKA-RAMPURHAT (NL),ER",OCMS:220100168,98,PRJ-000292,MANDERHILL-DUMKA- RAMPURHAT,0.7797,name_attrs
clean_key,2014-09-01,NAME:85da9365a9,C/O INTEGRATED PASSENGER TER. BULD. NSCBI AIRPORT,,3,PRJ-001016,"C/o Intigerated passenger terminal building, NSCBI Airport",0.7799,name_attrs
clean_key,2008-12-01,NAME:0ab52d85c7,500K Broadband Access N/W Ph-I +PH-II,,1,PRJ-000676,"500K Broadband access H/W equipment, Delhi & Mumbai(Ph-1&II)",0.7804,name_attrs
clean_key,2009-04-01,NAME:2ec19e3448,500K Broadband Access N/W Ph-I +PH-II,,1,PRJ-000676,"500K Broadband access H/W equipment, Delhi & Mumbai(Ph-1&II)",0.7804,name_attrs
clean_key,2025-07-01,PAIMANA:705400,New B.G. Railway Line- Araria to Galgalia [Thakurgunj],PAIMANA:705400,1,PRJ-000726,New B.G. Line from Araria to Galgalia (Thakurgunj),0.7815,name_attrs
clean_key,2023-03-01,NAME:892737f025,6-LANING OF KOZHIKODE BYPASS (CALICUT BYPASS) (I.E. VENGALAM JN. TO RAMANATTUKARA JN.) SECTION OF NH- 17 (NEW NH-66) IN THE STATE OF KERALA UNDER NHDP PHASE III,,1,PRJ-003008,6-LANING OF KOZHIKODE BYPASS (CALICUT BYPASS) (I.E. VENGALAM JN. TO RAMANATTUKARA JN.) SECTION OF NH,0.7816,name_attrs
clean_key,2022-06-01,NAME:cb0c95c928,6-LANING OF KOZHIKODE BYPASS (CALICUT BYPASS) (I.E. VENGALAM JN. TO RAMANATTUKARA JN.) SECTION OF NH- 17 (NEW NH-66) IN THE STATE OF KERALA UNDER NHDP PHASE III,,1,PRJ-003008,6-LANING OF KOZHIKODE BYPASS (CALICUT BYPASS) (I.E. VENGALAM JN. TO RAMANATTUKARA JN.) SECTION OF NH,0.7816,name_attrs
clean_key,2009-03-01,OCMS:N22000086,"NEW B.G. LINE FROM TETELIA TO BYRNIHAT (NATIONAL PROJECT), NEFR",OCMS:N22000086,112,PRJ-000735,New B.G. Line from Azara to Byrnihat (National Project),0.7816,name_attrs
clean_key,2009-03-01,OCMS:240101181,VARANASI-MOHANIA (GQ) KM.317-329 & KM.0-KM.65 (NH-2),OCMS:240101181,24,PRJ-000048,"VARANASI-MOHANIA, KM.317-KM.329, NH-2 (U.P.)",0.7818,name_attrs
clean_key,2009-03-01,OCMS:260100093,GSM BASED NETWORK(PH-IV)(BSNL) ORISSA,OCMS:260100093,1,PRJ-000372,"GSM NETWORK EXPANSION, PH-IV (ORISSA)",0.7819,name_attrs
clean_key,2009-03-01,OCMS:240100202,"PARADIP PORT,NH-5A (PORT CONNECTIVITY) KM 0 - KM 77",OCMS:240100202,1,PRJ-000014,"PARADIP PORT, KM.77, NH- 5A (ORISSA)",0.782,name_attrs
clean_key,2009-03-01,OCMS:220100190,"KADUR-CHIKMAGALUR-SAKLESHPUR (NL),(SWR)",OCMS:220100190,54,PRJ-000153,KADUR-CHIKMAGLUR- SAKLESHPUR,0.7824,name_attrs
clean_key,2023-03-01,NAME:684409cd6d,TWO-LANNING WITH PAVED SHOULDER OF MAHSHKUNT-SAHARSA-PURNEA SECTION FROM EXISTING KM.89.020 (DESIGN CHAINAGE 90.000) TO EXISTING KM 179.470 ) PKG-II,,1,PRJ-002519,TWO-LANNING WITH PAVED SHOULDER OF MAHSHKUNT-SAHARSA-PURNEA SECTION FROM EXISTING KM.89.020 (DESIGN,0.7828,name_attrs
clean_key,2009-03-01,OCMS:020100044,"PROTOTYPE FAST BREEDER REACTOR (BHAVINI, 500 MWE)",OCMS:020100044,136,PRJ-000069,PROTOTYPE FAST BREEDER REACTOR,0.783,name_attrs
clean_key,2009-03-01,OCMS:N18000022,WESTERN REGION STRENGTHENING SCHEME-II,OCMS:N18000022,54,PRJ-000588,WESTERN REGION SYSTEM STRENGTHENING SCHEME-II (7075 CKM),0.783,name_attrs
clean_key,2015-12-01,NAME:038a476f28,KAIGA 3 AND 4 TRANSMISSION SYSTEM (PGCIL),,2,PRJ-000369,KAIGA 3&4 TRANSMISSION SYSTEM (759 CKM),0.7836,name_attrs
clean_key,2021-09-01,NAME:0fe12712b5,REHABILITATION AND UPGRADING TO 2 LNES-2 LANE WITH PAVED SHOULDERS CONFIGURATION AND STRENGTHENING O,,1,PRJ-002308,REHABILITATION AND UPGRADING TO 2 LANES/2 LANE WITH PAVED SHOULDERS CONFIGURATION AND STRENGTHENING,0.7848,name_attrs
clean_key,2022-03-01,NAME:cb11426345,REHABILITATION AND UPGRADING TO 2 LNES-2 LANE WITH PAVED SHOULDERS CONFIGURATION AND STRENGTHENING O,,1,PRJ-002308,REHABILITATION AND UPGRADING TO 2 LANES/2 LANE WITH PAVED SHOULDERS CONFIGURATION AND STRENGTHENING,0.7848,name_attrs
clean_key,2022-12-01,NAME:c1c6546370,FOUR LANING OF NH-363 FROM REPALLEWADA (DESIGN KM 40.000/EXISTING KM 288.510) TO TELANGANA/MAHARASHTRA BORDER (DESIGN KM 94.602/EXISTING KM 342.000) (DESIGN LENGTH=52.602 KM),,2,PRJ-003041,FOUR LANING OF NH-363 FROM REPALLEWADA (DESIGN KM 40.000/EXISTING KM 288.510) TO TELANGANA/MAHARASHT,0.7849,name_attrs
clean_key,2022-03-01,NAME:c9edaa08db,TRANSMISSION SYSTEM ASSOICATED WITH TEHRI PUMP,,1,PRJ-001793,TRANSMISSION SYSTEM ASSOICATED WITH TEHRI PUMP STORAGE PLANT (PSP),0.7851,name_attrs
clean_key,2022-12-01,NAME:fed1363d00,"EXTENSION OF RUNWAY WITH BLAST PAD, RESA, TAXIWAY, APRON, GSE AREA, ISOLATION BAY, NEW DOMESTIC TERMINAL BUILDING AND MISCELLANEOUS WORKS AT KOLHAPUR AIRPRT.",,1,PRJ-003752,"EXTENSION OF RUNWAY WITH BLAST PAD, RESA, TAXIWAY, APRON, GSE AREA, ISOLATION BAY, NEW DOMESTIC TERM",0.7852,name_attrs
clean_key,2009-03-01,OCMS:240106247,"GORAKHPUR-AYODHYA (LMNHP-4),NH-28, KM.164.00 TO KM.135.00",OCMS:240106247,26,PRJ-000416,"GORAKHPUR-AYODHYA, KM.164-KM.135, NH-28 (U.P.)",0.7853,name_attrs
clean_key,2021-06-01,OCMS:N24001206,REHABILITATION AND UPGRADATION OF EXISTING PAVEMENT TO 2 LANE WITH PS FROM KM 537.000 TO KM 564.750,OCMS:N24001206,8,PRJ-002734,REHABILITATION AND UPGRADATION OF EXISTING PAVEMENT TO 2 LANE WITH PS FROM KM 537.000 TO KM 564.750 (KAPTANGANJ TO PADRAUNA) OF NH-730 ON EPC MODE IN THE STATE OF UTTAR PRADESH,0.7856,name_attrs
clean_key,2023-06-01,OCMS:N24001715,BALANCE WORK OF TWO LANING WITH PAVED SHOULDER OF PIPRAKOTHI?MOTIHARI- RAXAUL SECTION OF NH-28A FRO,OCMS:N24001715,12,PRJ-004153,BALANCE WORK OF TWO LANING WITH PAVED SHOULDER OF PIPRAKOTHI–MOTIHARI- RAXAUL SECTION OF NH-28A FROM,0.7861,name_attrs
clean_key,2022-12-01,NAME:4d37479d5b,SIX LANING OF CHENNAI-TADA SECTION OF NH-5 FROM KM 11/0 TO KM 54/4 IN THE STATE OF TAMIL NADU TO BE EXECUTED UNDER DBFOT BASIS UNDER NHDP PAHSE V – BALANCE WORK IN KM 21.400 TO KM 54.400 (LENGTH 33.00,,1,PRJ-002639,SIX LANING OF CHENNAI-TADA SECTION OF NH-5 FROM KM 11/0 TO KM 54/4 IN THE STATE OF TAMIL NADU TO BE,0.7863,name_attrs
clean_key,2009-09-01,OCMS:N04000037,C/O INTEGRATED PASSENGER TER. BULD. NSCBI AIRPORT,OCMS:N04000037,70,PRJ-001016,"C/o Intigerated passenger terminal building, NSCBI Airport",0.7865,name_attrs
clean_key,2022-06-01,NAME:005496e99d,STRENGTHENING AND WIDENING TO TWO LANE WITH PAVED SHOULDERS FROM KM.106.00 TO 153.00 OF NH-218 BIJAPUR HUBLI SECTION IN THE STATE OF KARNATAKA,,4,PRJ-001999,STRENGTHENING AND WIDENING TO TWO LANE WITH PAVED SHOULDERS FROM KM.106.00 TO 153.00 OF NH-218 BIJAP,0.7874,name_attrs
clean_key,2009-03-01,OCMS:240106223,"MEHSI TO KOTWA (LMNHP-II), PH.II, KM.480 TO KM.440, NH-28",OCMS:240106223,36,PRJ-000346,"MEHSI-KOTWA, KM.480- KM.440, NH-28 (BIHAR)",0.7886,name_attrs
clean_key,2022-03-01,OCMS:N18000310,WESTERN REGION SYSTEM STRENGTHENING - XX,OCMS:N18000310,2,PRJ-000028,SYSTEM STRENGTHENING IN EASTERN REGION,0.7893,name_attrs
clean_key,2024-03-01,OCMS:N24002107,CONSTRUCTION OF NEW DOUBLE TIER 4 LANE ELEVATED CORRIDOR FROM CHENNAI PORT TO MADURAVOYAL IN CHENNAI,OCMS:N24002107,10,PRJ-004776,CONSTRUCTION OF NEW DOUBLE TIER 4L ELEVATED CORRIDOR FROM CHENNAI PORT TO MADURAVOYAL IN CHENNAI DIS,0.7893,name_attrs
clean_key,2009-03-01,OCMS:N26000038,500K BROADBAND ACCESS H/W EQUIPMENT DELHI AND MUMB,OCMS:N26000038,9,PRJ-000676,"500K Broadband access H/W equipment, Delhi & Mumbai(Ph-1&II)",0.7894,name_attrs
clean_key,2014-12-01,NAME:2585c9a16a,TRANSMISSION SYS ASSOCIATED WITH KRISHNAPATNAM UMPP-PART C1,,2,PRJ-001365,TRANSMISSION SYSTEM ASSOCIATED WITH KRISHNAPATNAM UMPP-PART,0.7896,name_attrs
clean_key,2011-02-01,OCMS:N18000091,NORTHERN REGION SYSTEM STRENGTHENING SCHEME-XXII,OCMS:N18000091,27,PRJ-000042,SYSTEM STRENGTHENING IN NORTHERN REGION,0.7902,name_attrs
clean_key,2009-03-01,OCMS:220100221,2ND BRIDGE ON BIRUPA AND MAHANADI(B and S) (ECOR),OCMS:220100221,3,PRJ-000037,2ND BRIDGE ON BIRUPA & MAHANADI,0.7905,name_attrs
clean_key,2023-06-01,NAME:7a72f70f68,REHABILITATION AND UP GRADATION FROM KM. 121/0 TO 154/0 OF NAKAREKAL – MALLAMPALLY SECTION OF NH-365 TO TWO LANE WITH PAVED SHOULDERS IN THE STATE OF TELANGANA,,1,PRJ-003184,REHABILITATION AND UP GRADATION FROM KM. 121/0 TO 154/0 OF NAKAREKAL – MALLAMPALLY SECTION OF NH-365,0.7907,name_attrs
clean_key,2023-06-01,NAME:3c7902fb3c,REHABILITATION AND UP-GRADATION TO TWO LANE WITH PAVED SHOULDERS FROM KM 0/0 TO 72/6 OF NH-365 (NAKREKAL TO THANAMCHERLA SECTION) IN THE STATE OF TELANGANA,,1,PRJ-003183,REHABILITATION AND UP-GRADATION TO TWO LANE WITH PAVED SHOULDERS FROM KM 0/0 TO 72/6 OF NH-365 (NAKR,0.7915,name_attrs
clean_key,2009-03-01,OCMS:180100246,KAIGA 3 AND 4 TRANSMISSION SYSTEM (PGCIL),OCMS:180100246,97,PRJ-000369,KAIGA 3&4 TRANSMISSION SYSTEM (759 CKM),0.7921,name_attrs
clean_key,2025-07-01,PAIMANA:608301,Transmission system strengthening scheme for evacuation of power from solar energy zones in Rajasthan 8.1 GW under Phase II- Part- G1,PAIMANA:608301,3,PRJ-003950,TRANSMISSION SYSTEM STRENGTHENING SCHEME FOR EVACUATION OF POWER FROM SOLAR ENERGY ZONES IN RAJASTHAN (8.1 GW) UNDER PHASE II – PART B1,0.7926,name_attrs
clean_key,2006-08-01,NAME:3877e01965,"PROJECT 2.2 OF NIB-II, IMPLEMENTATION AND EXECUTION OF",,25,PRJ-000429,"PROJECT-3 OF NIB-II, IMPLEMENTATION AND EXECUTION OF MESS.",0.793,name_attrs
clean_key,2010-10-01,OCMS:N18000088,NORTHERN REGION SYSTEM STRENGHTENING SCHEME-XX,OCMS:N18000088,50,PRJ-000042,SYSTEM STRENGTHENING IN NORTHERN REGION,0.793,name_attrs
clean_key,2013-08-01,OCMS:N22000284,Dharmavaram-Pakala GC,OCMS:N22000284,2,PRJ-000002,DHARMAVARAM-PAKALA,0.7935,name_attrs
clean_key,2015-12-01,OCMS:N24000297,REHABILITATION AND UPGRADING TO 2 LNES-2 LANE WITH PAVED SHOULDERS CONFIGURATION AND STRENGTHENING O,OCMS:N24000297,17,PRJ-001904,REHABILITATION AND UPGRADING TO 2 LANES/2 LANE WITH PAVED SHOULDERS CONFIGURATION OF ANISABAD-AURANG,0.7939,name_attrs
clean_key,2009-03-01,OCMS:240106216,"GAGODHAR-GARAMORE(PK-IV,NH15) KM 245 TO 281.3 AND 308 TO 254",OCMS:240106216,42,PRJ-000329,"GAGODHAR- GARAMORE, KM.245- KM.281.3 & KM.308- KM.254, NH-8A",0.7946,name_attrs
clean_key,2009-09-01,OCMS:N16000077,Construction of Tanks and Blending Facility at Vad,OCMS:N16000077,7,PRJ-001078,Construction of Tank and Blending Facility at Vadinar,0.7947,name_attrs
clean_key,2011-03-01,OCMS:N16000115,CONSTRUCTION OF TANKS AND BLENDING FACILITY AT VAD,OCMS:N16000115,30,PRJ-001078,Construction of Tank and Blending Facility at Vadinar,0.7947,name_attrs
clean_key,2009-03-01,OCMS:N26000050,GSM EQUIPMENT-480K LINES(2G) & 220K LINES(3G) IN,OCMS:N26000050,36,PRJ-000736,GSM Equipment-480K Lines(2G)& 220K Lines(3G) in UP(W)-Ph- V.I,0.795,name_attrs
clean_key,2016-09-01,NAME:5ceac0c2d5,"PATNA GANGA BRIDGE (NL), ECR",,3,PRJ-000144,PATNA GANGA BRIDGE,0.7953,name_attrs
clean_key,2009-04-01,NAME:1cbeaa4638,Resitment of Marketing installation at Visakh,,5,PRJ-000906,RESITEMENT OF MARKETING INSTALATION AT VISAKHAPATT,0.7957,name_attrs
clean_key,2022-12-01,OCMS:N18000343,SYSTEM STRENGTHENING SCHEME FOR EASTERN AND NORTH EASTERN REGION,OCMS:N18000343,14,PRJ-000028,SYSTEM STRENGTHENING IN EASTERN REGION,0.796,name_attrs
clean_key,2023-06-01,NAME:b70fbbc1e7,REHABILITATION AND UP-GRADATION OF EXISTING 2-LANE TO 4 LANE OF DUBURI (KM 388.376) TO CHANDIKHOLE (KM 428.074) PKG-III ON EPC MODE,,1,PRJ-002706,REHABILITATION AND UP-GRADATION OF EXISTING 2-LANE TO 4 LANE OF DUBURI (KM 388.376) TO CHANDIKHOLE (,0.7962,name_attrs
clean_key,2022-12-01,NAME:15d024ae1c,DEVELOPMENT OF SURFACE FACILITIES FOR PRODUCTION AND EVACUATION OF CRUDE OIL AND NATURAL GAS FROM NADUA AND EAST KHAGORIJA,,1,PRJ-002823,DEVELOPMENT OF SURFACE FACILITIES FOR PRODUCTION AND EVACUATION OF CRUDE OIL AND NATURAL GAS FROM NA,0.7963,name_attrs
clean_key,2022-06-01,NAME:32626ce70f,DEVELOPMENT OF SURFACE FACILITIES FOR PRODUCTION AND EVACUATION OF CRUDE OIL AND NATURAL GAS FROM NADUA AND EAST KHAGORIJA,,1,PRJ-002823,DEVELOPMENT OF SURFACE FACILITIES FOR PRODUCTION AND EVACUATION OF CRUDE OIL AND NATURAL GAS FROM NA,0.7963,name_attrs
clean_key,2009-09-01,OCMS:N06000069,LAKHANPUR OC EXP. PROJECT PH-II,OCMS:N06000069,7,PRJ-001043,LAKHANPUR OC EXPANSION PROJECT PHASE-II,0.7969,name_attrs
clean_key,2022-12-01,NAME:5f9af84bcc,SECUNDERABAD-MAHABUBNAGAR,,1,PRJ-002364,SECUNDERABAD-MAHABUBNAGAR DOUBLING,0.7971,name_attrs
clean_key,2009-04-01,NAME:4368c48ff1,SY. STR. IN SOUTH- WESTERN PART OF NORTHERN GRID (PART-B),,5,PRJ-000581,SY.STR. IN SOUTH- WESTERN PART OF NORTHERN GRID (PART-A) SCH,0.798,name_attrs
clean_key,2017-12-01,NAME:914dc3fe6e,IMPLEMENTATION OF 50 MW WIND POWER PROJECT AT RAJASTHAN,,2,PRJ-001914,IMPLEMENTATION OF 50 MW WIND POWER PROJECT AT DEVIKOT,0.798,name_attrs
clean_key,2007-04-01,NAME:f4608ed0b3,SY. STR. IN SOUTH- WESTERN PART OF NORTHERN GRID (PART-B),,22,PRJ-000581,SY.STR. IN SOUTH- WESTERN PART OF NORTHERN GRID (PART-A) SCH,0.798,name_attrs
clean_key,2009-03-01,OCMS:160100236,GREEN FUELS & EMISSION CONTROL (HPCL) MUMBAI REF.,OCMS:160100236,1,PRJ-000303,GREEN FUELS & EMISSION CONTROL PROJECT AT MUMBAI REFINERY,0.7982,name_attrs
clean_key,2006-10-01,NAME:25658fb113,CONVERGENT BILLING AND CRM MTNL (MUMBAI),,28,PRJ-000530,CONVERGENT BILLING AND CRM FOR MTNL (DELHI),0.7985,name_attrs
clean_key,2014-06-01,NAME:c0b1a672b1,COMMON SYSTEM ASSOCIATED WITH COASTAL ENERGEN PRIVATE LIMITED AND IND- BARATH POWER(MADRAS) LIMITED LTOA GENERATION PROJECTS IN TUTICORAN AREA (PART-B),,1,PRJ-001340,COMMON SYSTEM ASSOCIATED WITH COASTAL ENERGEN PRIVATE LIMITED AND IND-BARATH POWER(MADRAS) LIMITED L,0.7988,name_attrs
clean_key,2016-03-01,NAME:ebdddc3936,COMMON SYSTEM ASSOCIATED WITH COASTAL ENERGEN PRIVATE LIMITED AND IND- BARATH POWER(MADRAS) LIMITED LTOA GENERATION PROJECTS IN TUTICORAN AREA (PART-B),,1,PRJ-001340,COMMON SYSTEM ASSOCIATED WITH COASTAL ENERGEN PRIVATE LIMITED AND IND-BARATH POWER(MADRAS) LIMITED L,0.7988,name_attrs
clean_key,2009-03-01,OCMS:240106204,"GARHMUKTESHWAR-MURADABAD (NHAI) OTHERS KM.93-149.25, NH-24",OCMS:240106204,53,PRJ-000317,"GARHMUKTESHWAR- MURADABAD, KM.93- 149.25, NH-24 (U.P.)",0.7989,name_attrs
clean_key,2021-06-01,OCMS:N24000882,UPGRADATION OF NH-512 WITH A MINIMUM 2-LANE WITH PAVED SHOULDER CONFIGURATION STARTING FROM CH 82.4,OCMS:N24000882,5,PRJ-002729,UPGRADATION OF NH-512 WITH A MINIMUM 2-LANE WITH PAVED SHOULDER CONFIGURATION STARTING FROM CH 82.4 KM TO 99.5 KM AND MINIMUM OF 4-LANE CONFIGURATION FROM CH 104.2 KM TO CH 106.607 KM ALONG WITH COST,0.7993,name_attrs
clean_key,2023-03-01,NAME:ba2dfa0ba1,FOUR LANNING OF NERCHOWK-PANDOH BYPASS SECTION OF NH-21(PACKAGE-I KM 190.000 TO KM 221.305) UNDER NHDP- IVB ON EPC MODE IN THE STATE OF HIMACHAL PRADESH,,2,PRJ-002401,FOUR LANNING OF NERCHOWK-PANDOH BYPASS SECTION OF NH-21(PACKAGE-I KM 190.000 TO KM 221.305) UNDER NH,0.7997,name_attrs
clean_key,2023-06-01,NAME:4bf3d3f9f7,HEALTH AIIMS BILASPUR,,1,PRJ-002933,AIIMS BILASPUR,0.8,name_attrs
clean_key,2022-09-01,NAME:ade95f003d,4-LANING OF GAGALHERI- SAHARANPUR- YAMUNANAGAR (UP/HARYANA BORDER) SECTION OF,,1,PRJ-002296,4-LANING OF GAGALHERI- SAHARANPUR- YAMUNANAGAR (UP/HARYANA BORDER) SECTION OF NH-73 FROM KM 33.000 (,0.8004,name_attrs
clean_key,2011-09-01,OCMS:N16000129,KOCHI-KOOTANAD BANGALORE MANGALORE PIPELINE PROJECT,OCMS:N16000129,82,PRJ-001062,KOCHI-KANJIRKOD BANGALORE- MANGALORE PIPELINE PROJECT,0.8004,name_attrs
clean_key,2009-03-01,OCMS:220100284,KHURDA ROAD-BOLANGIR(NL)ECOR,OCMS:220100284,134,PRJ-000164,KHURDA ROAD- BOLANGIR,0.801,name_attrs
clean_key,2022-03-01,NAME:7d2e0d0965,REHABILITATION AND UP- GRADATION TO 2-LANE WITH PAVED SHOULDER OF ABOHAR-,,1,PRJ-003114,REHABILITATION AND UP-GRADATION TO 2-LANE WITH PAVED SHOULDER OF ABOHAR-SITOGUNNO-DABWALI ROAD OF NH,0.8013,name_attrs
clean_key,2009-03-01,OCMS:240106220,"JHANSI BYPASS (UP-3), KM.104-KM.91, NH-25",OCMS:240106220,23,PRJ-000328,"JHANSI BYPASS, KM.104- KM.91, NH-25 (UTTAR PRADESH)",0.8014,name_attrs
clean_key,2009-03-01,OCMS:240106228,"PURNEA-FORBESGANJ (BR-2) PHASE-II, KM.268 TO 230, NH-57",OCMS:240106228,23,PRJ-000357,"PURNEA-FORBESGANJ, KM.268-KM.230, NH-57 (BIHAR)",0.8014,name_attrs
clean_key,2009-03-01,OCMS:220100308,"PATNA GANGA BRIDGE (NL), ECR",OCMS:220100308,108,PRJ-000144,PATNA GANGA BRIDGE,0.8015,name_attrs
clean_key,2009-03-01,OCMS:220100162,"MIRAJ-LATUR ROAD(GC),CR",OCMS:220100162,21,PRJ-000169,MIRAJ-LATUR ROAD,0.802,name_attrs
clean_key,2009-03-01,OCMS:220100184,"DAUSA-GANGAPUR CITY(NL),NWR",OCMS:220100184,113,PRJ-000156,DAUSA-GANGAPUR CITY,0.8023,name_attrs
clean_key,2009-09-01,OCMS:N18000065,SUPPLEMENTRY TRANSMISSION ASSOCIATED WITH DVC AND,OCMS:N18000065,79,PRJ-001013,SUPPLIMENTARY TRANSMISSION ASSOCIATED WITH DVC & MAITHON RBC,0.8026,name_attrs
clean_key,2014-12-01,NAME:f2b762bc78,TR. SYSTEM ASSOCIATED WITH RAMPUR HEP,,2,PRJ-001005,TRANSMISSION SYSTEM ASSOCIATED WITH RAMPUR HEP,0.8038,name_attrs
clean_key,2008-06-01,NAME:2f41ed3f62,"GSM based Network, Phase-IV",,9,PRJ-000675,"GSM based network Expansion Plan, Ph-IV",0.8041,name_attrs
clean_key,2009-04-01,NAME:5c06cdcbcd,"GSM based Network, Phase-IV",,5,PRJ-000675,"GSM based network Expansion Plan, Ph-IV",0.8041,name_attrs
clean_key,2009-03-01,OCMS:N26000033,GSM BASED NETWORK PH-4,OCMS:N26000033,4,PRJ-000675,"GSM based network Expansion Plan, Ph-IV",0.8041,name_attrs
clean_key,2023-03-01,NAME:fa883fd1a0,CONSTRUCTION OF 2-LANE WITH HARD SHOULDER OF PEREN-DIMAPUR SECTION ON NH129A FROM DESIGN KM109.494 TO KM126.775 PKG-1,,1,PRJ-003432,CONSTRUCTION OF 2-LANE WITH HARD SHOULDER OF PEREN-DIMAPUR SECTION ON NH129A FROM DESIGN KM109.494 T,0.8043,name_attrs
clean_key,2009-03-01,OCMS:220100197,"KANPUR-KASGANJ-MATHURA(GC),NER",OCMS:220100197,101,PRJ-000275,KANPUR-KASGANJ- MATHURA,0.8045,name_attrs
clean_key,2009-03-01,OCMS:220100290,"REWARI-SADULPUR-HISSAR (GC),NWR",OCMS:220100290,8,PRJ-000250,REWARI-SADULPUR- HISSAR,0.8045,name_attrs
clean_key,2009-03-01,OCMS:240106225,"AYODHYA - LUCKNOW (LMNHP-II) KM.93.075 TO KM.45, NH-28",OCMS:240106225,40,PRJ-000343,"AYODHYA-LUCKNOW, KM.93.075-KM.45, NH-28 (UTTAR PRADESH)",0.8045,name_attrs
clean_key,2021-06-01,NAME:0ebf172f0c,CHENGALPATTU-VILLUPURAM DOUBLING WITH NEW MM FOR TAMBARAM- CHENGALPATTU 3RD LINE GC ALONWITH ELECTRIFICATION,,2,PRJ-001559,CHENGALPATTU-VILLUPURAM DOUBLING WITH NEW MM FOR TAMBARAM-CHENGALPATTU 3RD LINE GC ALONWITH ELECTRIF,0.8049,name_attrs
clean_key,2009-03-01,OCMS:220100208,HOWRAH-AMTA-CHAMPADANGA NL (SER),OCMS:220100208,111,PRJ-000052,HOWRAH-AMTA- CHAMPADANGA,0.8051,name_attrs
clean_key,2009-09-01,OCMS:N16000075,Construction of Tank and Blending Facility at Vadi,OCMS:N16000075,20,PRJ-001078,Construction of Tank and Blending Facility at Vadinar,0.8052,name_attrs
clean_key,2022-12-01,NAME:dd19ab6c2e,CONSTUCTION/UPGRADATION OF EXISTING HIGHWAY TO 2 LANE WITH PAVED SHOULDER FROM KM 26.10 TO KM 40.00 NH-717A BAGRAKOT-KAFER IV D.,,1,PRJ-003426,CONSTUCTION/UPGRADATION OF EXISTING HIGHWAY TO 2 LANE WITH PAVED SHOULDER FROM KM 26.10 TO KM 40.00,0.8053,name_attrs
clean_key,2022-06-01,NAME:fceb3f7b5d,CONSTUCTION/UPGRADATION OF EXISTING HIGHWAY TO 2 LANE WITH PAVED SHOULDER FROM KM 26.10 TO KM 40.00 NH-717A BAGRAKOT-KAFER IV D.,,1,PRJ-003426,CONSTUCTION/UPGRADATION OF EXISTING HIGHWAY TO 2 LANE WITH PAVED SHOULDER FROM KM 26.10 TO KM 40.00,0.8053,name_attrs
clean_key,2009-03-01,OCMS:220100260,REINGUNTA-GUNTAKAL(RE),OCMS:220100260,45,PRJ-000134,REINGUNTA-GUNTAKAL,0.8055,name_attrs
clean_key,2009-03-01,OCMS:N24000105,ELEVATED HIGHWAY FROM SILK BOARD JUNCTION TO ELECT,OCMS:N24000105,22,PRJ-000617,ELEVATED HIGHWAY FROM SILK BOARD JUNCTION TO ELECTRONIC CITY,0.8056,name_attrs
clean_key,2009-03-01,OCMS:220100303,"HAJIPUR-SUGAULI VIA VAISHALI (NL), ECR",OCMS:220100303,131,PRJ-000205,HAJIPUR-SUGAULI via VAISHALI,0.8057,name_attrs
clean_key,2015-12-01,OCMS:N24000397,REHABILITATION AND UPGRADING TO 2 LANES/2 LANE WITH PAVED SHOULDERS CONFIGURATION OF BANKUARA- PURUL,OCMS:N24000397,17,PRJ-001904,REHABILITATION AND UPGRADING TO 2 LANES/2 LANE WITH PAVED SHOULDERS CONFIGURATION OF ANISABAD-AURANG,0.8059,name_attrs
clean_key,2009-03-01,OCMS:220100257,KHAGARIA-KUSHESHWAR ASTHAN (NL) (ECR),OCMS:220100257,125,PRJ-000081,KHAGARIA-KUSHESHWAR ASTHAN,0.8067,name_attrs
clean_key,2022-12-01,NAME:d9dabbd170,REHABILITATION AND UP GRADATION OF SECTION FROM KM 206.00 TO KM 242.00 (NIMBUTALA TO AUSTIN CREEK) OF NH 223 (NEW NH 4) (PACKAGE IV),,1,PRJ-002721,REHABILITATION AND UP GRADATION OF SECTION FROM KM 206.00 TO KM 242.00 (NIMBUTALA TO AUSTIN CREEK) O,0.8069,name_attrs
clean_key,2009-03-01,OCMS:240100203,"ALLAHABAD BYPASS (KM.158-KM.198) GQ, NH-2",OCMS:240100203,23,PRJ-000047,"ALLAHABAD BYPASS CONTRACT-II, KM.158- KM.198, NH-2 (U.P.)",0.8074,name_attrs
clean_key,2018-03-01,NAME:4cfe988645,ESTABLISHMENT OF FIBER OPTIC COMMUNICATION SYSTEM IN NR UNDER FIBER OPTIC EXPANSION PROJECT (ADDITIONAL REQUIREMENT),,1,PRJ-001810,ESTABLISHMENT OF FIBER OPTIC COMMUNICATION SYSTEM IN NR UNDER FIBER OPTIC EXPANSION PROJECT (ADDITIO,0.8078,name_attrs
clean_key,2022-12-01,NAME:83643513bc,ESTABLISHMENT OF FIBER OPTIC COMMUNICATION SYSTEM IN NR UNDER FIBER OPTIC EXPANSION PROJECT (ADDITIONAL REQUIREMENT),,1,PRJ-001810,ESTABLISHMENT OF FIBER OPTIC COMMUNICATION SYSTEM IN NR UNDER FIBER OPTIC EXPANSION PROJECT (ADDITIO,0.8078,name_attrs
clean_key,2022-03-01,NAME:9203c9afb9,ESTABLISHMENT OF FIBER OPTIC COMMUNICATION SYSTEM IN NR UNDER FIBER OPTIC EXPANSION PROJECT (ADDITIONAL REQUIREMENT),,1,PRJ-001810,ESTABLISHMENT OF FIBER OPTIC COMMUNICATION SYSTEM IN NR UNDER FIBER OPTIC EXPANSION PROJECT (ADDITIO,0.8078,name_attrs
clean_key,2009-03-01,OCMS:220100322,PRATAPNAGAR-CHOTA UDAIPUR (GC) (WR),OCMS:220100322,34,PRJ-000323,PRATAPNAGAR-CHOTA UDAIPUR,0.8081,name_attrs
clean_key,2009-03-01,OCMS:240106205,"HAPUR-GARHMUKTESWAR (OTHERS) KM.58-93, NH-24",OCMS:240106205,67,PRJ-000325,"HAPUR- GARHMUKTESWAR, KM.58-KM.93, NH-24 (U.P.)",0.8084,name_attrs
clean_key,2009-03-01,OCMS:220100283,TANUR (KUTTIPURAM) GURUVAYUR (NL) (SR),OCMS:220100283,8,PRJ-000265,TANUR (KUTTIPURAM)- GURUVAYUR,0.8085,name_attrs
clean_key,2009-03-01,OCMS:220100133,"UDHAMPUR-SRINAGAR-BARAMULLA (NL),NR",OCMS:220100133,142,PRJ-000080,UDHAMPUR-SRINAGAR- BARAMULLA,0.809,name_attrs
clean_key,2009-03-01,OCMS:240106259,"BHARATPUR MAHAVA, NH-11, KM.63 TO KM.120",OCMS:240106259,1,PRJ-000387,"BHARATPUR MAHUA, KM.63-KM.120, NH-11 (RAJASTHAN)",0.8091,name_attrs
clean_key,2009-03-01,OCMS:N06000025,JALLARAM SHAFT PROJECT,OCMS:N06000025,91,PRJ-000615,JALLARAM SHAFT PROJECT UG,0.8093,name_attrs
clean_key,2009-03-01,OCMS:N16000018,DADRI- PANIPAT R-LNG SPUR PIPELINE,OCMS:N16000018,22,PRJ-000543,DADRI PANIPAT LNG PIPLINE,0.8096,name_attrs
clean_key,2022-03-01,NAME:3f7dcf73b8,CONSTRUCTION OF 2-LANE WITH PAVED SHOULDER OF KOHIMA- BYPASS ROAD FROM DESIGN KM21.0 TO KM32.0 [DESIG,,1,PRJ-003430,CONSTRUCTION OF 2-LANE WITH PAVED SHOULDER OF KOHIMA-BYPASS ROAD FROM DSIGN KM32.0 TO KM43.454 [DES,0.8097,name_attrs
clean_key,2021-09-01,NAME:f0d8708d41,CONSTRUCTION OF 2-LANE WITH PAVED SHOULDER OF KOHIMA- BYPASS ROAD FROM DESIGN KM21.0 TO KM32.0 [DESIG,,1,PRJ-003430,CONSTRUCTION OF 2-LANE WITH PAVED SHOULDER OF KOHIMA-BYPASS ROAD FROM DSIGN KM32.0 TO KM43.454 [DES,0.8097,name_attrs
clean_key,2009-03-01,OCMS:N24000096,"JHANSI TO LALITPUR, NH-25,26",OCMS:N24000096,65,PRJ-000612,"JHANSI TO LALITPUR, NH-25,26 (NS, PH-II)",0.8098,name_attrs
clean_key,2021-06-01,OCMS:N24000807,FOUR LANING OF GUNDUGOLANU-DEVARAPALLI-KOVVURU SECTION OF NH-16 FROM KM 15.320 (EXISTING KM 15.700),OCMS:N24000807,7,PRJ-002739,FOUR LANING OF GUNDUGOLANU- DEVARAPALLI-KOVVURU SECTION OF NH-16 FROM KM 15.320 (EXISTING KM 15.700) TO KM 85.204 (EXISTING KM 81.400) (DESIGN LENGTH=69.884 KM),0.8098,name_attrs
clean_key,2009-03-01,OCMS:240106300,"LALITPUR TO SAGAR KM 132 TO KM 187, NH-26 (NHAI)",OCMS:240106300,59,PRJ-000473,"LALITPUR-SAGAR (2), KM.132-KM.187, NH-26 (M.P.)",0.8102,name_attrs
clean_key,2014-06-01,NAME:044258940d,MOUDA STPP,,4,PRJ-000750,MOUDA STPP (NTPC),0.8112,name_attrs
clean_key,2022-03-01,NAME:1f1d3c1916,CONSTRUCTION AND DEVELOPMENT OF NATINAL INSTITUTE OF TECHNOLOGY MEGHALAYA PERMANENT CAMPUS AT SOHRA (CHERRAPUNJEE) - PHASE I,,1,PRJ-003600,CONSTRUCTION AND DEVELOPMENT OF NATINAL INSTITUTE OF TECHNOLOGY MEGHALAYA PERMANENT CAMPUS AT SOHRA,0.8118,name_attrs
clean_key,2022-06-01,NAME:9150ce9d74,WESTERN REGION SYSTEM STRENGTHENING - XX,,4,PRJ-000028,SYSTEM STRENGTHENING IN EASTERN REGION,0.8125,name_attrs
clean_key,2022-03-01,NAME:7abd901dfc,UP-GRADATION TO 2-LANE WITH PAVED SHOULDER FROM KM 20.300 TO KM 29.030 OF 8.730 KM LENGTH ON GOHA- KHELLANI SECTION ON NH-244 (PACKAGE II),,1,PRJ-003438,UP-GRADATION TO 2-LANE WITH PAVED SHOULDER FROM KM 20.300 TO KM 29.030 OF 8.730 KM LENGTH ON GOHA-K,0.8126,name_attrs
clean_key,2015-03-01,NAME:8b9dff4b99,"C/O OFFICE BUILDING FOR IDBI AT BANDRA KURLA COMPLEX,MUMBAI",,1,PRJ-001152,C/o office building for IDBI at bandra Kurla Compl,0.8129,name_attrs
clean_key,2005-07-01,NAME:3a7f5694ed,"GSM NETWORK EXPANSION, PH-IV (KERALA)",,42,PRJ-000326,"GSM NETWORK EXPANSION, PH-IV (PUNJAB)",0.8135,name_attrs
clean_key,2009-09-01,OCMS:N18000070,SYSTEM STRANGHTENING SCHEME- VIII OF SOUTHERN REGIO,OCMS:N18000070,7,PRJ-001014,SYSTEM STRENGHTENING SCHEME-VIII OF SONITHAR REGION,0.8149,name_attrs
clean_key,2009-09-01,OCMS:N06000067,ANANTA OC EXPANSION PH-III (15.0 MTY),OCMS:N06000067,121,PRJ-001035,Ananta OC Expansion Phase-III,0.815,name_attrs
clean_key,2022-09-01,NAME:09e89061cb,"2 LANE WITH HARD SHOLDER , REHABILITATION AND UP GRADATION OF SECTION FROM KM 242.0 TO KM 298.0 OF NH 223 (NEW NH 4) (PACKAGE II)",,2,PRJ-002718,"2 LANE WITH HARD SHOLDER , REHABILITATION AND UP GRADATION OF SECTION FROM KM 242.0 TO KM 298.0 OF N",0.8152,name_attrs
clean_key,2021-09-01,NAME:784a06b684,REHABILITATION AND UPGRADATION OF KALUPUR-LALTA FROM KM 285.00 TO KM 326.00 OF NH-76 TO 2-LANE WITH PAVED SHOULDERS ON EPC MODE IN THE STATE OF UTTAR PRADESH,,1,PRJ-003325,REHABILITATION AND UPGRADATION OF KALUPUR-LALTA FROM KM 285.00 TO KM 326.00 OF NH-76 TO 2- LANE WITH,0.8152,name_attrs
clean_key,2023-06-01,NAME:abc4cd9cf9,"2 LANE WITH HARD SHOLDER , REHABILITATION AND UP GRADATION OF SECTION FROM KM 242.0 TO KM 298.0 OF NH 223 (NEW NH 4) (PACKAGE II)",,1,PRJ-002718,"2 LANE WITH HARD SHOLDER , REHABILITATION AND UP GRADATION OF SECTION FROM KM 242.0 TO KM 298.0 OF N",0.8152,name_attrs
clean_key,2009-03-01,OCMS:N18000004,EASTERN REGION STRENGTHENING SCHEME-I,OCMS:N18000004,71,PRJ-000536,EASTERN REGION STRENGTHENING SCHEME-I (1142 CKM),0.8153,name_attrs
clean_key,2023-06-01,NAME:12ad6ee1f2,REHABILITATION AND UPGRADATION OF ROAD FROM DESIGN KM 0.00 TO KM 11.800 OF KAILASHAHAR-KURTI BRIDGE SECTION TO 2-LANE (PKG- I ),,1,PRJ-003437,REHABILITATION AND UPGRADATION OF ROAD FROM DESIGN KM 0.00 TO KM 11.800 OF KAILASHAHAR-KURTI BRIDGE,0.8158,name_attrs
clean_key,2015-12-01,NAME:f11d87b258,BAILADILA IRON ORE PROJECT DEPOSIT- 11B (NMDC),,2,PRJ-000576,Development of Bailadila Iron Ore project Deposite- 11B,0.8162,name_attrs
clean_key,2023-03-01,NAME:e13160e469,CONSTRUCTION OF EIGHT LANE VADODARA KIM EXPRESSWAY FROM KM 254.430 TO KM 279.000 (KIM TO ANKLESHWAR SECTION OF VADODARMUMBAI EXPRESSWAY) PACKAGE V,,1,PRJ-003050,CONSTRUCTION OF EIGHT LANE VADODARA KIM EXPRESSWAY FROM KM 254.430 TO KM 279.000 (KIM TO ANKLESHWAR,0.8163,name_attrs
clean_key,2005-05-01,NAME:a400ead6ee,MS QUALITY UPGRADATION FACILITIES AT GUJARAT,,20,PRJ-000196,MS QUALITY UPGRADATION FACILITIES AT HALDIA,0.8167,name_attrs
clean_key,2009-03-01,OCMS:240106261,"AMBALA-ZIRAKPUR, NH-21AND22, KM.5/735 TO KM.39/961",OCMS:240106261,1,PRJ-000396,"AMBALA-ZIRAKPUR, KM.5/735-KM.39/961, NH-21 & 22, (HARYANA)",0.817,name_attrs
clean_key,2009-04-01,NAME:4ef2c1e76d,"GSM NETWORK EXPANSION, PH- IV (RAJASTHAN)",,2,PRJ-000326,"GSM NETWORK EXPANSION, PH-IV (PUNJAB)",0.8177,name_attrs
clean_key,2005-07-01,NAME:86f9872773,"GSM NETWORK EXPANSION, PH-IV (RAJASTHAN)",,43,PRJ-000326,"GSM NETWORK EXPANSION, PH-IV (PUNJAB)",0.8177,name_attrs
clean_key,2006-08-01,NAME:c131c240f1,GSM BASED NETWORK EXPANSION PH.-IV TN,,17,PRJ-000336,GSM BASED NETWORK EXPANSION Ph-IV (BSNL)(A.P),0.8179,name_attrs
clean_key,2022-09-01,NAME:d3ffc29fe6,"CONSTRUCTION OF BASEMENTG FLOOR10 STORIES BUILDING FOR THE STATE OF THE ART, DG, GSI AT SECTOR-V, SALT LAKE, KOLKATA",,1,PRJ-003719,"CONSTRUCTION OF BASEMENTG FLOOR10 STORIES BUILDING FOR THE STATE OF THE ART, DG, GSI AT SECTOR-V, SA",0.8184,name_attrs
clean_key,2009-03-01,OCMS:220100309,"BARBIGHA - SHEKHPURA + NEORA- DANIAWAN (NL), ECR",OCMS:220100309,8,PRJ-000114,BARBIGHA-SHEIKHPURA- NEORA-DANIAWAN,0.8185,name_attrs
clean_key,2023-03-01,NAME:1f0ae789a9,IMPROVEMENT AND UP-GRADATION OF EXISITING CARRIAGEWAY TO TWO LANE WITH PAVED SHOULDER FROM KM 0.00 T,,1,PRJ-002743,IMPROVEMENT AND UP-GRADATION OF EXISTING CARRIAGEWAY TO TWO LANE WITH PAVED SHOULDER FROM KM 0.00 KM 55.00 OF NH-227A,0.8195,name_attrs
clean_key,2014-09-01,NAME:350ba033e0,"CONSTRUCTION OF NEW LINE FROM HARMATI-ITANAGAR/NARHARIAGUN, NEFR",,3,PRJ-000741,Construction of new line fron Harmati- Itanagar/Narhariagun,0.8202,name_attrs
clean_key,2014-06-01,NAME:999feabe6d,"CONSTRUCTION OF NEW LINE FROM HARMATI-ITANAGAR/NARHARIAGUN, NEFR",,1,PRJ-000741,Construction of new line fron Harmati- Itanagar/Narhariagun,0.8202,name_attrs
clean_key,2023-06-01,NAME:1437037364,WIDEINING TO TWO/FOUR LANE WITH PAVED SHOULDERS FROM EXISTING KM 182.120 TO KM 227.600 OF NH-167 ON HAGGIRI-JADCHERLA ROAD IN THE STATE OF TELANGANA,,1,PRJ-003168,WIDEINING TO TWO/FOUR LANE WITH PAVED SHOULDERS FROM EXISTING KM 182.120 TO KM 227.600 OF NH-167 ON,0.8213,name_attrs
clean_key,2009-03-01,OCMS:N22000049,OBULAVARIPALLE-KRISHNAPATNAM(RVNL),OCMS:N22000049,96,PRJ-000638,Obulavaripalle- Krishnapattnam,0.8219,name_attrs
clean_key,2009-03-01,OCMS:N26000051,GSM EQUIPMENT OF 1625K LINES(2G) & 325K LINES IN M,OCMS:N26000051,24,PRJ-000737,GSM equipment of 1625K Lines(2G) & 325K lines in M.P. Ph-V.I,0.8219,name_attrs
clean_key,2022-03-01,NAME:5500f3c1af,WIDENING TO 4 LANE / 4 LANE WITH PAVED SHOULDERS WITH STRENGTHENING OF EXISTING,,1,PRJ-003409,WIDENING TO 4 LANE / 4 LANE WITH PAVED SHOULDERS WITH STRENGTHENING OF EXISTING CARRIAGEWAY IN KM 0/,0.8222,name_attrs
clean_key,2009-09-01,OCMS:N12000068,67.5 MW TG-5 AUX. S'TEM EMERGENCY POWER REQUIREM,OCMS:N12000068,81,PRJ-001009,67.5 MW TG-5 AUX. S'TEM-EMERGENCY POWER REQUIREMENT EXP.UNIT,0.8223,name_attrs
clean_key,2009-03-01,OCMS:N22000034,ALIGARH-GAZIABAD 3RD LINE DOUBLING (RVNL),OCMS:N22000034,45,PRJ-000516,ALIGARH-GAZIABAD 3rd LINE,0.8246,name_attrs
clean_key,2009-04-01,NAME:ee9bafa576,EAST-WEST TRANS. CORRIDOR STRENGTHNING SCHEME,,1,PRJ-000483,EAST-WEST TRANSNISSION CORRIDOR STRENGTHNING SCHEME,0.8249,name_attrs
clean_key,2009-04-01,OCMS:N18000051,WESTERN REGION SYSTEM STRENGHTENING SCHEME-XI,OCMS:N18000051,52,PRJ-001007,WESTERN REGION SYSTEM STREGHT. SCHEME-XI,0.8252,name_attrs
clean_key,2023-06-01,OCMS:N24001751,BALANCE 4 LANING WORK OF RAIGANJ DALKHOLA SECTION OF NH34 FROM KM 398.000 TO KM 452.750 (PACKAGE V),OCMS:N24001751,5,PRJ-004164,BALANCE 4 LANING WORK OF RAIGANJ DALKHOLA SECTION OF NH34 FROM KM 398.000 TO KM 452.750 (PACKAGE V) IN THE STATE OF WEST BENGAL ON EPC MODE,0.8275,name_attrs
clean_key,2009-04-01,NAME:1ace23c389,"GSM NETWORK EXPANSION, PH- IV (WEST BENGAL)",,2,PRJ-000884,GSM-NETWORK EXPANSION(PH-IV) (BSNL) W. BENGAL,0.8277,name_attrs
clean_key,2022-12-01,NAME:8f4989ff6f,4-LANNING OF RAIPUR-KODEBAD SECTION OF NH-43 (FROM KM. 10.200 TO KM. 43.400) IN THE STATE OF CHHATTISGARH ON EPC MODE.,,2,PRJ-002444,4-LANNING OF RAIPUR-KODEBAD SECTION OF NH-43 (FROM KM. 10.200 TO KM. 43.400) IN THE STATE OF CHHATTI,0.8288,name_attrs
clean_key,2021-09-01,NAME:c4923a4cc2,"GONDIA-JABALPUR(GC),(SECR)",,1,PRJ-000181,GONDIA-JABALPUR (SECR),0.8292,name_attrs
clean_key,2022-03-01,NAME:fb6419fa63,"GONDIA-JABALPUR(GC),(SECR)",,1,PRJ-000181,GONDIA-JABALPUR (SECR),0.8292,name_attrs
clean_key,2016-12-01,NAME:20e9eab70c,GSM/UMTS IN KARNATAKA LOT 1,,2,PRJ-002415,GSM/UMTS IN KARNATAKA LOT 1 (2G+3G),0.8293,name_attrs
clean_key,2009-04-01,NAME:5b421fe758,NEW JALPAIGURI-NEW BONGAIGAON,,1,PRJ-000191,NEW JALPAIGURI - SILIGURI - NEW BONGAIGAON,0.8297,name_attrs
clean_key,2009-02-01,NAME:d5a0f5499f,NEW JALPAIGURI-NEW BONGAIGAON,,1,PRJ-000191,NEW JALPAIGURI - SILIGURI - NEW BONGAIGAON,0.8297,name_attrs
clean_key,2022-12-01,NAME:3e7ccabfaf,CONSTRUCTION OF TWO LANE WITH HARD SHOULDERS OF PFUTSERO- PHEK ROAD FROM EXISTING KM,,1,PRJ-002986,CONSTRUCTION OF TWO LANE WITH HARD SHOULDERS OF PFUTSERO-PHEK ROAD FROM EXISTING KM 40.090 TO KM65.,0.8302,name_attrs
clean_key,2009-09-01,OCMS:N18000069,765 KV POOLING STATION AND NETWORK WITH DVC AND MA,OCMS:N18000069,80,PRJ-001011,765 KV POOLING STATION & NETWORK WITH DVC & MAITHOB RBC,0.8302,name_attrs
clean_key,2023-03-01,NAME:a3c1a77b00,4-LANNING OF VARANASI GORAKHPUR SECTION OF NH-29 FROM 88.00 148.00 KM 4-LANNING OF VARANASI GORAKHPUR SECTION OF NH-29 FROM 88.00 148.00 KM [PACKAGE-III],,1,PRJ-002282,4-LANNING OF VARANASI GORAKHPUR SECTION OF NH-29 FROM 88.00 148.00 KM 4-LANNING OF VARANASI GORAKHPU,0.8303,name_attrs
clean_key,2022-12-01,NAME:3ad38da161,4-LANNING OF KODEBAD-DHAMTARI SECTION OF NH-43 (FROM KM. 43.400 TO KM. 82.209) IN THE STATE OF CHHATTISGARH EPC MODE,,2,PRJ-002445,4-LANNING OF KODEBAD-DHAMTARI SECTION OF NH-43 (FROM KM. 43.400 TO KM. 82.209) IN THE STATE OF CHHAT,0.8304,name_attrs
clean_key,2022-03-01,OCMS:N06000225,ANANTA OCP EXPANSION PH III,OCMS:N06000225,8,PRJ-001035,Ananta OC Expansion Phase-III,0.8317,name_attrs
clean_key,2008-10-01,NAME:885f1be7b8,"GSM Equipment of 1162K Lines, Phase-IV.5",,5,PRJ-000697,"GSM equipment of 1006280 Lines, Phase-IV.5",0.8325,name_attrs
clean_key,2009-03-01,OCMS:240106224,"MUZZAFFARPUR TO MEHSI (LMNHP-12), KM.520 TO 480, NH-28",OCMS:240106224,22,PRJ-000347,"MUZZAFFARPUR-MEHSI, KM.520-KM.480, NH-28 (BIHAR)",0.8325,name_attrs
clean_key,2009-03-01,OCMS:N18000017,NORTHERN REGION SYSTEM STRENGHTENING SCHEME-V,OCMS:N18000017,9,PRJ-000584,NORTHERN REGION SYSTEM STRENGTHENING SCHEME-V (1222 CKM),0.8334,name_attrs
clean_key,2021-06-01,NAME:8cf6b5acd1,"CONSTRUCTION OF FLYOVER AT KM.544.650 INCLUDING ROB ,SERVICE ROADS ,FOOTPATH FOR RCC DRAINS ON URBAN LINK TO NAGPUR -RAIPUR ROAD",,1,PRJ-002092,"CONSTRUCTION OF FLYOVER AT KM.544.650 INCLUDING ROB ,SERVICE ROADS ,FOOTPATH FOR RCC DRAINS ON URBAN",0.8337,name_attrs
clean_key,2022-12-01,NAME:db45e49d9a,"CONSTRUCTION OF FLYOVER AT KM.544.650 INCLUDING ROB ,SERVICE ROADS ,FOOTPATH FOR RCC DRAINS ON URBAN LINK TO NAGPUR -RAIPUR ROAD",,1,PRJ-002092,"CONSTRUCTION OF FLYOVER AT KM.544.650 INCLUDING ROB ,SERVICE ROADS ,FOOTPATH FOR RCC DRAINS ON URBAN",0.8337,name_attrs
clean_key,2023-06-01,NAME:dec05ec4b0,"CONSTRUCTION OF FLYOVER AT KM.544.650 INCLUDING ROB ,SERVICE ROADS ,FOOTPATH FOR RCC DRAINS ON URBAN LINK TO NAGPUR -RAIPUR ROAD",,1,PRJ-002092,"CONSTRUCTION OF FLYOVER AT KM.544.650 INCLUDING ROB ,SERVICE ROADS ,FOOTPATH FOR RCC DRAINS ON URBAN",0.8337,name_attrs
clean_key,2023-06-01,NAME:393bdbaa8d,CONSTRUCTION OF NEW 4-LANE BRIDGE ACROSS VARSOVA CREEK AND ITS APPROACHES WITH INTERCHANGE IN THE STATE OF MAHARASHTRA,,1,PRJ-002509,CONSTRUCTION OF NEW 4-LANE BRIDGE ACROSS VARSOVA CREEK AND ITS APPROACHES WITH INTERCHANGE IN THE ST,0.8339,name_attrs
clean_key,2016-09-01,NAME:b7bc5545b1,CUTTACK - BARANG (LD),,3,PRJ-000352,CUTTACK-BARANG,0.8342,name_attrs
clean_key,2009-03-01,OCMS:260100090,GSM BASED NETWORK EXPANSION PH-IV (BSNL)(RAJASTHAN),OCMS:260100090,1,PRJ-000336,GSM BASED NETWORK EXPANSION Ph-IV (BSNL)(A.P),0.8347,name_attrs
clean_key,2009-03-01,OCMS:260100081,GSM BASED NETWORK EXPANSION PH-IV (BSNL) (U.P. WEST),OCMS:260100081,1,PRJ-000336,GSM BASED NETWORK EXPANSION Ph-IV (BSNL)(A.P),0.8348,name_attrs
clean_key,2023-06-01,NAME:9de2ff1069,REHABILITATION AND UPGRADATION OF EXISTING NH-565 FROM KM.86.057 TO 133.922 OF NAGARJUNASAGAR DAM TO DAVULAPALLY SECTION IN A. P.,,1,PRJ-001949,REHABILITATION AND UPGRADATION OF EXISTING NH-565 FROM KM.86.057 TO 133.922 OF NAGARJUNASAGAR DAM T,0.8353,name_attrs
clean_key,2009-03-01,OCMS:240106249,"ORAI TO JHANSI (UP-4),NH-25, KM.170.0 TO KM.104.0",OCMS:240106249,26,PRJ-000417,"ORAI-JHANSI, KM.170.0- KM.104.0, NH-25 (U.P.)",0.8354,name_attrs
clean_key,2023-03-01,OCMS:N24001569,DELHI-VADODARA GREENFIELD ALIGNMENT (NH-148N) (PKG-12) (CH. 331.030 TO CH. 359.170) [MAJOR BRIDGE ON,OCMS:N24001569,10,PRJ-004025,DELHI-VADODARA GREENFIELD ALIGNMENT (NH-148N) (PKG-12) (CH. 331.030 TO CH. 359.170) [MAJOR BRIDGE ON MEJ RIVER TO JUNCTION WITH SH-37A],0.8354,name_attrs
clean_key,2023-06-01,NAME:ef6d723b6d,TRANSMISSION SYSTEM STRENGTHENING SCHEME FOR EVACUATION OF POWER FROM SOLAR ENERGY ZONES IN RAJASTHAN (8.1 GW) UNDER PHASE-II PART G1,,1,PRJ-003950,TRANSMISSION SYSTEM STRENGTHENING SCHEME FOR EVACUATION OF POWER FROM SOLAR ENERGY ZONES IN RAJASTHAN (8.1 GW) UNDER PHASE II – PART B1,0.8355,name_attrs
clean_key,2014-12-01,NAME:1bf734d37e,ACQUISITION OF TWO NOS. OF 3060 DWT,,2,PRJ-001123,Acquisition of Two nos. of 3060 DWT,0.8356,name_attrs
clean_key,2009-03-01,OCMS:N18000011,KORBA STPP STAGE-III,OCMS:N18000011,29,PRJ-000554,"KORBA STPP STAGE-III, 1x500 MW",0.8356,name_attrs
clean_key,2008-10-01,NAME:f1dd815d8b,"GSM equipment of 1015K Lines, Phase-IV.5",,5,PRJ-000697,"GSM equipment of 1006280 Lines, Phase-IV.5",0.8367,name_attrs
clean_key,2009-03-01,OCMS:N18000032,SIMHADRI STPP STAGE -II,OCMS:N18000032,35,PRJ-000646,"Simhadri STPP Stage-II, 2*500 MW",0.8368,name_attrs
clean_key,2009-03-01,OCMS:220100232,"LALITPUR-SATNA-REWA-SINGRULI NL, (NCR)",OCMS:220100232,128,PRJ-000223,LALITPUR-SATNA-REWA- SINGRULI,0.8375,name_attrs
clean_key,2021-09-01,NAME:cccb7b33ab,SIX LANING OF PIMPALGAON-NASHIK- GONDE SECTION OF NH-3 FROM KM 380.000 TO 440.000 IN THE STATE OF MAHARASHTRA -BALANCE/ADDITIONAL WORKS ON EPC MODE,,1,PRJ-002642,SIX LANING OF PIMPALGAON-NASHIK-GONDE SECTION OF NH-3 FROM KM 380.000 TO 440.000 IN THE STATE OF MAH,0.8379,name_attrs
clean_key,2009-03-01,OCMS:220100256,KAPTANGANJ-THAWE-SIWAN-CHHAPRA GC (NER),OCMS:220100256,97,PRJ-000208,KAPTANGANJ-THAWE- SIWAN-CHHAPRA,0.8383,name_attrs
clean_key,2022-12-01,NAME:92f2e58c2b,SETTING UP PHYSICAL INFRASTRUCTURE FOR THE NATIONAL INSTITUTE OF COMMUNICATION FINANCE(NICF) AT GHITORNI NEW DELHI,,1,PRJ-003517,SETTING UP PHYSICAL INFRASTRUCTURE FOR THE NATIONAL INSTITUTE OF COMMUNICATION FINANCE(NICF) AT GHIT,0.8385,name_attrs
clean_key,2023-06-01,NAME:b4ef9593dc,SETTING UP PHYSICAL INFRASTRUCTURE FOR THE NATIONAL INSTITUTE OF COMMUNICATION FINANCE(NICF) AT GHITORNI NEW DELHI,,1,PRJ-003517,SETTING UP PHYSICAL INFRASTRUCTURE FOR THE NATIONAL INSTITUTE OF COMMUNICATION FINANCE(NICF) AT GHIT,0.8385,name_attrs
clean_key,2009-03-01,OCMS:240106248,"AYODHYA-LUCKNOW (LMNHP-3),NH-28, KM.135.000 TO KM.93.075",OCMS:240106248,26,PRJ-000403,"AYODHYA-LUCKNOW, KM.135.000-KM.93.075, NH-28 (U.P.)",0.8386,name_attrs
clean_key,2007-02-01,NAME:26f588c9cf,"FARAKKA STPP STAGE- III, 1x500 MW",,24,PRJ-000554,"KORBA STPP STAGE-III, 1x500 MW",0.8388,name_attrs
clean_key,2009-04-01,NAME:bd0b715a5f,"FARAKKA STPP STAGE- III, 1x500 MW",,5,PRJ-000554,"KORBA STPP STAGE-III, 1x500 MW",0.8388,name_attrs
clean_key,2009-09-01,OCMS:N18000064,TR. SYSTEM ASSOCIATED WITH CHAMERA III HEP,OCMS:N18000064,57,PRJ-001012,TRANSMISSION SYSTEM ASSOCIATED WITH CVHAMERA-III HEP,0.8389,name_attrs
clean_key,2009-03-01,OCMS:220100291,BHILDI-SAMDARI (GC),OCMS:220100291,21,PRJ-000172,BHILDI-SAMDARI,0.8392,name_attrs
clean_key,2009-03-01,OCMS:220100326,CUTTACK - BARANG (LD),OCMS:220100326,35,PRJ-000352,CUTTACK-BARANG,0.8392,name_attrs
clean_key,2009-03-01,OCMS:240106231,GOGUNDA TO UDAIPUR (RJ-3) NH.76 KM.104 TO KM.73,OCMS:240106231,6,PRJ-000391,"GOGUNDA-UDAIPUR, KM.104-KM.73, NH-76 (RAJASTHAN)",0.8394,name_attrs
clean_key,2009-03-01,OCMS:N16000042,TWO PIPELINE REPLACEMENT PROJECT AT AHMEDABAD MEHS,OCMS:N16000042,8,PRJ-000689,Two Pipeline replacement project at Ahmedabad and Mehsana,0.8397,name_attrs
clean_key,2009-03-01,OCMS:N18000025,NORTHERN REGION SYSTEM STRENGHTENING SCHEME-VIII,OCMS:N18000025,1,PRJ-000583,NORTHERN REGION SYSTEM STRENGTHENING SCHEME-VIII (68 CKM),0.8397,name_attrs
clean_key,2023-03-01,OCMS:N24001509,4L OF KM 0.00 TO KM 42.00 OF OFDOBBASPET TO DODDABALLAPURA BYPASS SECTION NH 648 OLD NH 207 BANGALO,OCMS:N24001509,6,PRJ-004029,4L OF KM 0.00 TO KM 42.00 OF OFDOBBASPET TO DODDABALLAPURA BYPASS SECTION NH 648 OLD NH 207 BANGALORE RING ROAD PKG 1,0.8398,name_attrs
clean_key,2009-03-01,OCMS:220100258,"JALANDHAR-PATHANKOT-JAMMU-TAWI (LD),NR",OCMS:220100258,96,PRJ-000281,JALANDHAR- PATHANKOT-JAMMU TAWI,0.8399,name_attrs
clean_key,2009-03-01,OCMS:220100321,BILASPUR-URKURA (DL),OCMS:220100321,47,PRJ-000320,BILASPUR-URKURA,0.8399,name_attrs
clean_key,2009-03-01,OCMS:220100131,AMBALA-MORADABAD(RE),OCMS:220100131,21,PRJ-000056,AMBALA-MORADABAD,0.8405,name_attrs
clean_key,2009-03-01,OCMS:N22000058,"AMROHA-KANKATHER,NR",OCMS:N22000058,8,PRJ-000654,AMROHA-KANKATHER,0.8405,name_attrs
clean_key,2013-07-01,OCMS:N22000200,Madurai-Rameswaram-GC,OCMS:N22000200,3,PRJ-000090,MADURAI- RAMESWARAM(GC).SR,0.841,name_attrs
clean_key,2009-03-01,OCMS:240106301,"SAGAR BY PASS,KM 187 TO KM 211 , NH-26 (NHAI)",OCMS:240106301,53,PRJ-000466,"SAGAR BY PASS, KM.187- KM.211, NH-26 (M.P.)",0.8412,name_attrs
clean_key,2021-09-01,NAME:fa8ac5bd9a,"PROVISION OF 2ND SPUR FOR TWL GANTRY, TWD FACILITY FOR MS AND HSD, ADDITIONAL TANKS FOR MS,HSD AND BIODIESEL AND OTHER ALLIED WORKS AT RATLAM TERMINAL",,1,PRJ-002676,"PROVISION OF 2ND SPUR FOR TWL GANTRY, TWD FACILITY FOR MS AND HSD, ADDITIONAL TANKS FOR MS,HSD AND",0.842,name_attrs
clean_key,2009-03-01,OCMS:220100285,HARIDASPUR-PARADEEP(NL),OCMS:220100285,98,PRJ-000243,HARIDASPUR-PARADEEP,0.842,name_attrs
clean_key,2009-03-01,OCMS:240106245,"GORAKHPUR-AYODHYA (LMNHP-6),NH-28, KM.251.70 TO KM.208.00",OCMS:240106245,24,PRJ-000406,"GORAKHPUR- AYODHYA, KM.251.70- KM.208.00, NH-28 (U.P.)",0.844,name_attrs
clean_key,2009-03-01,OCMS:240106256,"MEERUT-MUZAFFARNAGAR, NH-58 PHASE-III, KM.52.25 TO KM.131.00",OCMS:240106256,40,PRJ-000407,"MEERUT- MUZAFFARNAGAR, KM.52.25-KM.131.00, NH-58 (U.P.)",0.8447,name_attrs
clean_key,2022-03-01,NAME:a26e741522,CUDDALORE-SALEM VIA VRIDDHACHALAM GC,,1,PRJ-000277,CUDDLORE - SALEM VIA VRIDHACHALAM (GC) (SR),0.845,name_attrs
clean_key,2021-09-01,NAME:b27db08438,CUDDALORE-SALEM VIA VRIDDHACHALAM GC,,1,PRJ-000277,CUDDLORE - SALEM VIA VRIDHACHALAM (GC) (SR),0.845,name_attrs
clean_key,2009-03-01,OCMS:240101178,FATEHPUR-KHAGA (GQ) KM.38-KM.115 (NH-2),OCMS:240101178,23,PRJ-000170,"FATEHPUR-KHAGA, KM.38-KM.115, NH-2 (U.P.)",0.8451,name_attrs
clean_key,2009-04-01,OCMS:N18000057,NORTHERN REGION SYSTEM STRENGHTENING SCHEME-XIV,OCMS:N18000057,13,PRJ-000042,SYSTEM STRENGTHENING IN NORTHERN REGION,0.8455,name_attrs
clean_key,2009-03-01,OCMS:N22000077,BHOPAL BINA 3D LINE DOUBLING,OCMS:N22000077,118,PRJ-000731,Bhopal-bina 3rd Line doubling,0.8455,name_attrs
clean_key,2021-09-01,NAME:3c9c0bde8a,"SETTING UP LUBE COMPLEX AT VILLAGES AMULLAVOYAL AND VAIKKADU, CHENNAI AS RESITEMENT OF EXISTING FACILITIES AT TONDIARPET, CHENNAI",,1,PRJ-002890,"SETTING UP LUBE COMPLEX AT VILLAGES AMULLAVOYAL AND VAIKKADU, CHENNAI AS RESITEMENT OF EXISTING FACI",0.8463,name_attrs
clean_key,2022-12-01,NAME:1770a00cae,CONSTRUCTION OF SIX LANING OF DEDICATED PORT ROAD TO KRISHNAPATNAM PORT (PACKAGE-I) KM 0+000 TO KM 18+000 ON ENGINEERING PROCUREMENT AND CONSTRUCTION,,1,PRJ-003031,CONSTRUCTION OF SIX LANING OF DEDICATED PORT ROAD TO KRISHNAPATNAM PORT (PACKAGE-I) KM 0+000 TO KM 1,0.8464,name_attrs
clean_key,2021-09-01,NAME:278f008277,CONSTRUCTION OF SIX LANING OF DEDICATED PORT ROAD TO KRISHNAPATNAM PORT (PACKAGE-I) KM 0+000 TO KM 18+000 ON ENGINEERING PROCUREMENT AND CONSTRUCTION,,1,PRJ-003031,CONSTRUCTION OF SIX LANING OF DEDICATED PORT ROAD TO KRISHNAPATNAM PORT (PACKAGE-I) KM 0+000 TO KM 1,0.8464,name_attrs
clean_key,2010-01-01,NAME:ea3f8c2be7,DEV. OF KAMRAJ DOMESTIC CHENNAI AIRPORT,,2,PRJ-001103,Passenger Terminal DEV. OF KAMRAJ DOMESTIC CHENNAI AIRPORT,0.8466,name_attrs
clean_key,2009-04-01,NAME:36eb5bb4e2,Delhi Expansion of 1250K Lines of 2G/3G GSM Lines.,,5,PRJ-001003,DELHI EXP. OF 1250K LINES OF 2G/3G GSM LINES,0.8467,name_attrs
clean_key,2016-09-01,NAME:8ff2a27348,"GANGA BRIDGE TO RAMDEVI CROSSING PH.II NH-25, KM.75-80.06",,3,PRJ-000342,"GANGA BRIDGE-RAMDEVI CROSSING, KM.75-KM.80.06, NH-25 (U.P.)",0.8482,name_attrs
clean_key,2009-09-01,NAME:aaad607e62,"MADURAI-KANNIAKUMARI, KM.42 TO KM.80, NH-7",,1,PRJ-000409,"MADURAI-KANYAKUMARI, KM.42-KM.80, NH-7 (TAMIL NADU)",0.8485,name_attrs
clean_key,2009-03-01,OCMS:240106238,"MADURAI-KANNIAKUMARI, KM.42 TO KM.80, NH-7",OCMS:240106238,1,PRJ-000409,"MADURAI-KANYAKUMARI, KM.42-KM.80, NH-7 (TAMIL NADU)",0.8485,name_attrs
clean_key,2023-06-01,NAME:4911bdcfc6,CONST OF 152 QTRS 240 BOYS 240 GIRLS 150 NURSES HOSTEL AND OTHER BUILDINGS INCLUDING DEVELOPMENT WORKS FOR RESIDENTIAL AND ACADEMIC CAMPUS FOR JIPMER KARAIKAL,,1,PRJ-003540,CONST OF 152 QTRS 240 BOYS 240 GIRLS 150 NURSES HOSTEL AND OTHER BUILDINGS INCLUDING DEVELOPMENT,0.8486,name_attrs
clean_key,2022-12-01,NAME:537f4f33b7,CONST OF 152 QTRS 240 BOYS 240 GIRLS 150 NURSES HOSTEL AND OTHER BUILDINGS INCLUDING DEVELOPMENT WORKS FOR RESIDENTIAL AND ACADEMIC CAMPUS FOR JIPMER KARAIKAL,,1,PRJ-003540,CONST OF 152 QTRS 240 BOYS 240 GIRLS 150 NURSES HOSTEL AND OTHER BUILDINGS INCLUDING DEVELOPMENT,0.8486,name_attrs
clean_key,2022-12-01,NAME:4cd2b82d72,WIDENING TO 2-LANE WIH PAVED SHOULDER FROM KM. 544.20 TO 594.00 (HOSAMANE CROSS TO PANDAVAPURA) SECTION OF NH 150A,,2,PRJ-003693,WIDENING TO 2-LANE WIH PAVED SHOULDER FROM KM. 544.20 TO 594.00 (HOSAMANE CROSS TO PANDAVAPURA) SECT,0.8495,name_attrs
clean_key,2013-07-01,OCMS:N22000187,CUDDALORE-SALEM VIA VRIDDHACHALAM GC,OCMS:N22000187,46,PRJ-000277,CUDDLORE - SALEM VIA VRIDHACHALAM (GC) (SR),0.8495,name_attrs
clean_key,2009-03-01,OCMS:020100042,RAJASTHAN ATOMIC POWER PROJECT 5 and 6,OCMS:020100042,11,PRJ-000020,"RAJASTHAN ATOMIC POWER PROJECT 5 & 6, RAWAT BHATA",0.8497,name_attrs
clean_key,2009-03-01,OCMS:220100201,BPUTRA BRIDGE AT BOGIBIL AND LINK LINES NEFR,OCMS:220100201,123,PRJ-000075,"BRAHAMAPUTRA BRIDGE AT BOGIBIL WITH LINK LINES,NEFR",0.8497,name_attrs
clean_key,2016-06-01,NAME:5edf146ba1,DHOLPUR - MORENA SECTION (INCLUDING CHAMBOL BRIDGE) NH-3,,4,PRJ-000992,DHOLPUR - MORENA SECTION (INCLUDING CHAMBOL BRIDGE,0.8506,name_attrs
clean_key,2022-09-01,NAME:71183cfc73,4 LANNING OF MUKKOLA JUNCTION TO KERALA/ TAMIL NADU BORDER FROM KM 26.500 TO KM 43.000 OF NH-47 IN THE STATE OF KERALA ON EPC MODE,,2,PRJ-002299,4 LANNING OF MUKKOLA JUNCTION TO KERALA/ TAMIL NADU BORDER FROM KM 26.500 TO KM 43.000 OF NH-47 IN T,0.8518,name_attrs
clean_key,2014-06-01,NAME:5c8e9acf59,MUMBAI HIGH SOUTH REDEVELOPMENT PH-2,,4,PRJ-000677,Mumbai High South Redevelopment Phase-II,0.852,name_attrs
clean_key,2022-03-01,NAME:4e9f91ea6f,BARDHAMAN-KATWA (GC),,1,PRJ-001072,BARDHAMAN-KATWA (GC),0.8523,name_attrs
clean_key,2021-09-01,NAME:df24f2e04e,BARDHAMAN-KATWA (GC),,1,PRJ-001072,BARDHAMAN-KATWA (GC),0.8523,name_attrs
clean_key,2009-03-01,OCMS:240106221,"GANGA BRIDGE TO RAMDEVI CROSSING PH.II NH-25, KM.75-80.06",OCMS:240106221,117,PRJ-000342,"GANGA BRIDGE-RAMDEVI CROSSING, KM.75-KM.80.06, NH-25 (U.P.)",0.8527,name_attrs
clean_key,2009-03-01,OCMS:N26000041,GSM EQUIPMENT OF 390K LINES(2G) AND 130K LINES(3G),OCMS:N26000041,70,PRJ-000700,"GSM Equipment of 390K Lines(2G) & 130K Lines(3G), Phase-V.1",0.8527,name_attrs
clean_key,2007-11-01,NAME:316525e73a,Rebuilding of Blast Furnance No.2,,16,PRJ-000438,REBUILDING OF BLAST FURNACE No. 2,0.8531,name_attrs
clean_key,2009-04-01,NAME:b7b1854afb,Rebuilding of Blast Furnance No.2,,5,PRJ-000438,REBUILDING OF BLAST FURNACE No. 2,0.8531,name_attrs
clean_key,2022-03-01,NAME:7690475f3f,MANSI-PURNIA (EXTENSION OF MANSI-SAHARSA) GAN ECR,,1,PRJ-000921,MANSI-PURNIA (EXTENSION OF MANSI-SAHARSA) GAN ECR,0.8546,name_attrs
clean_key,2009-02-01,NAME:3a45240081,PATTABIRAM- TIRUVALLUR- ARAKKONAM-4th LINE,,1,PRJ-000653,PATTABIRAM- TIRUVALLUR 3rd LINE & TIR.-ARAKKONAM- 4th LINE,0.8554,name_attrs
clean_key,2022-03-01,NAME:696cd530d6,ESTABLISHMENT OF 220/66KV GIS AT UT CHANDIGARH ALONG WITH 220KV D/C LINE FROM CHANDIGARH GIS TO 400/200KV PANCHKULA(PG) SUB STATION,,2,PRJ-002495,ESTABLISHMENT OF 220/66KV GIS AT UT CHANDIGARH ALONG WITH 220KV D/C LINE FROM CHANDIGARH GIS TO 400/,0.8554,name_attrs
clean_key,2009-04-01,NAME:ad62bcd7f2,PATTABIRAM- TIRUVALLUR- ARAKKONAM-4th LINE,,1,PRJ-000653,PATTABIRAM- TIRUVALLUR 3rd LINE & TIR.-ARAKKONAM- 4th LINE,0.8554,name_attrs
clean_key,2009-03-01,OCMS:240106302,"SAGAR - RAJMARG CHORAHA,KM 255-297, NH-26 (NHAI)",OCMS:240106302,24,PRJ-000464,"SAGAR-RAJMARG CHORAHA, KM.255- KM.297, NH-26 (M.P.)",0.8554,name_attrs
clean_key,2023-09-01,OCMS:N22000615,BARAMATI - LONAND,OCMS:N22000615,23,PRJ-000298,BARAMATI - LONAND,0.856,name_attrs
clean_key,2009-03-01,OCMS:220100327,KHURDA ROAD - BARANG 3RD LINE (DL) (ECOR),OCMS:220100327,118,PRJ-000340,KHURDA ROAD-BARANG 3rd LINE,0.8567,name_attrs
clean_key,2009-03-01,NAME:f7b4049d44,RAPP 5 and 6 TRANSMISSION SYSTEM,,1,PRJ-000381,RAPP 5&6 TRANSMISSION SYSTEM (448 CKM),0.8571,name_attrs
clean_key,2022-06-01,NAME:344dd1389b,CONSTRUCTION OF 2-LANE ROAD FROM EXISTING KM 21.500 OF HUNLI-ANINI ROAD( NEAR ITHUN BRIDGE) TO KM 37.500 IN THE STATE OF ARUNACHAL PREDESH ON EPC MODE.,,2,PRJ-002404,CONSTRUCTION OF 2-LANE ROAD FROM EXISTING KM 21.500 OF HUNLI-ANINI ROAD( NEAR ITHUN BRIDGE) TO KM 37,0.8573,name_attrs
clean_key,2016-06-01,NAME:b77e920289,"RAJMARG CHORAHA TO LAKHNANDON,KM 297 TO KM 351, NH-26 (NHAI)",,4,PRJ-000482,"RAJMARG CHORAHA- LAKHNANDON, KM.297- KM.351, NH-26 (M.P.)",0.8574,name_attrs
clean_key,2009-03-01,OCMS:N16000028,"CRUDE OIL RECEIPT FACILITIES,KOCHI REFINERY",OCMS:N16000028,13,PRJ-000593,"CRUDE OIL RECEIPT FACILITY, KOCHI REFINERY",0.8579,name_attrs
clean_key,2022-03-01,NAME:5df7d6af59,CHENGALPATTU-VILLUPURAM DOUBLING WITH NEW MM FOR TAMBARAM-CHENGALPATTU 3RD LINE GC ALONWITH ELECTRIF,,1,PRJ-001559,CHENGALPATTU-VILLUPURAM DOUBLING WITH NEW MM FOR TAMBARAM-CHENGALPATTU 3RD LINE GC ALONWITH ELECTRIF,0.8582,name_attrs
clean_key,2009-03-01,OCMS:240106257,"DHULE-PIMPALGAON, NH-3, KM.380 TOKM. 265",OCMS:240106257,21,PRJ-000424,"DHULE-PIMPALGAON, KM.380-KM.265, NH-3 (MAHARASHTRA)",0.8591,name_attrs
clean_key,2009-03-01,OCMS:180100247,NEYVELI TS-II TRANSIMISSION SYSTEM,OCMS:180100247,11,PRJ-000370,"NEYVELI TS-II TRANSIMISSION SYSTEM, 838 CKM",0.8592,name_attrs
clean_key,2025-07-01,PAIMANA:611659,Transmission system strengthening scheme for evacuation of power from solar energy zones in Rajasthan[8.1 GW] under phase-II- Part E,PAIMANA:611659,4,PRJ-003950,TRANSMISSION SYSTEM STRENGTHENING SCHEME FOR EVACUATION OF POWER FROM SOLAR ENERGY ZONES IN RAJASTHAN (8.1 GW) UNDER PHASE II – PART B1,0.8595,name_attrs
clean_key,2009-03-01,OCMS:240106303,"SAGAR - RAJMARG CHORAHA,KM 211 TO KM 255, NH-26 (NHAI)",OCMS:240106303,51,PRJ-000481,"SAGAR-RAJMARG CHORAHA, KM.211- KM.255, NH-26 (M.P.)",0.8597,name_attrs
clean_key,2023-06-01,NAME:772b4b201b,6 LANING FROM KM 9.90 TO KM 19.948 (ARAMGARH-SAMSHABAD SECTION) OF HYDERABAD-SAMSHABAD SECTION OF NH-44 IN THE STATE OF TELANGANA,,1,PRJ-003175,6 LANING FROM KM 9.90 TO KM 19.948 (ARAMGARH-SAMSHABAD SECTION) OF HYDERABAD-SAMSHABAD SECTION OF NH,0.8598,name_attrs
clean_key,2009-03-01,OCMS:180100253,SYSTEM STRENGTHENING - VII OF SOUTHERN REGION,OCMS:180100253,10,PRJ-000382,SYSTEM STRENGTHENING-VII OF SOUTHERN REGION (248 CKM),0.8607,name_attrs
clean_key,2005-11-01,NAME:de3f809d48,"SHIKOHABAD-ETAWAH, KM.250.5-KM.307.5, NH-2 (U.P.)",,34,PRJ-000217,SHIKOHABAD-ETAWAH (GQ) KM.250.5-KM.307.5 (NH-2),0.8609,name_attrs
clean_key,2009-03-01,OCMS:220100007,"GUNA-ETAWAH VIA SHIVPURI-GWALIOR -BHIND NL, (NCR)",OCMS:220100007,107,PRJ-000128,GUNA-ETAWAH via SHIVPURI-GWALIOR- BHIND,0.8609,name_attrs
clean_key,2008-03-01,NAME:3a00c337ab,SIMULTANEOUS BLOWING OF BOF CONVERTORS OF SMS-II,,4,PRJ-000651,SIMULTANEOUS BLOWING OF BOF CONVERTER OF SMS-II,0.861,name_attrs
clean_key,2009-03-01,OCMS:240106304,"RAJMARG CHORAHA TO LAKHNANDON,KM 297 TO KM 351, NH-26 (NHAI)",OCMS:240106304,104,PRJ-000482,"RAJMARG CHORAHA- LAKHNANDON, KM.297- KM.351, NH-26 (M.P.)",0.8616,name_attrs
clean_key,2022-03-01,NAME:464edc6563,CONSTRUCTION OF PAVED SHOULDERS IN KM.81/0 TO 203/0 INCLUDING RECONSTRUCTION AND,,1,PRJ-001981,CONSTRUCTION OF PAVED SHOULDERS IN KM.81/0 TO 203/0 INCLUDING RECONSTRUCTION AND WIDENING OF CULVERT,0.8618,name_attrs
clean_key,2009-03-01,OCMS:N18000021,NORTHERN REGION SYSTEM STRENGTHENING SCHEME-VI,OCMS:N18000021,11,PRJ-000587,NORTHERN REGION SYSTEM STRENGTHENING SCHEME-VI (54 CKM),0.862,name_attrs
clean_key,2015-12-01,NAME:33ecd0d21b,DEVELOPMENT PLAN FOR LOWER PAYS IN NBP-14 BLOCK OF NBP FIELD,,2,PRJ-001690,DEVELOPMENT PLAN FOR LOWER PAYS IN NBP-14 BLOCK OF NBP FIELD (D-1),0.8621,name_attrs
clean_key,2009-04-01,NAME:655cfc4bbe,RAJMAHAL OC EXPANSION,,5,PRJ-000463,RAJMAHAL EXPANSION OC PROJECT,0.8622,name_attrs
clean_key,2016-06-01,OCMS:N22000348,GULBARGA-BIDAR,OCMS:N22000348,1,PRJ-000032,BIDAR-GULBARGA,0.8638,name_attrs
clean_key,2023-03-01,NAME:b00170fe2b,SUSTAINED EVACUATION OF GAS FROM GANDHAR FIELDS BY INSTALLING A GAS COMPRESSOR AND PIPELINE CONNECTIVITY,,2,PRJ-002838,SUSTAINED EVACUATION OF GAS FROM GANDHAR FIELDS BY INSTALLING A GAS COMPRESSOR AND PIPELINE CONNECTI,0.8645,name_attrs
clean_key,2017-09-01,NAME:5477eb2d12,DE-BOTTLENECKING OF SMPL,,3,PRJ-001101,at Paradip De-bottlenecking of SMPL,0.8649,name_attrs
clean_key,2015-06-01,OCMS:N18000194,BUXAR THERMAL POWER PLANT (1320 MW),OCMS:N18000194,50,PRJ-001823,PRE-CONSTRUCTION ACTIVITIES OF 1320 MW BUXAR THERMAL POWER PLANT,0.8659,name_attrs
clean_key,2022-03-01,NAME:18829ef5ea,REFIN SEA WATER DESALINATION PLANT,,1,PRJ-002815,SEA WATER DESALINATION PLANT,0.8661,name_attrs
clean_key,2022-09-01,NAME:2b078e0c26,FOUR LANING WIDENING AND STRENGTHENING OF NH-29E FROM KM 81.420 TO 99.00 SONAULI - GORAKHPUR ROAD (JANGAL KAUDIYA TO MOHADDIPUR SECTION).),,1,PRJ-003387,FOUR LANING WIDENING AND STRENGTHENING OF NH-29E FROM KM 81.420 TO 99.00 SONAULI - GORAKHPUR ROAD (J,0.8664,name_attrs
clean_key,2014-06-01,NAME:5028c73751,VINDHYACHAL STTP STAGE-IV,,4,PRJ-001090,VINDHYACHAL STTP STAGE-IV (NTPC),0.8664,name_attrs
clean_key,2022-06-01,NAME:92961b5ad7,TIRUCHIRAPPALI-NAGORE- KARAIKKAL(SR)(GC),,4,PRJ-000819,TIRUCHIRAPPALI-NAGORE-KARAIKKAL(SR)(GC),0.867,name_attrs
clean_key,2023-06-01,NAME:63ec1f8b57,CONSTRUCTION OF 8 LANING OF EXISTING 4 LANE VADAPE TO THANE FROM KM 539.202 TO KM 563.000 SECTION OF NH- 3 (NEW NH-848),,1,PRJ-003066,CONSTRUCTION OF 8 LANING OF EXISTING 4 LANE VADAPE TO THANE FROM KM 539.202 TO KM 563.000 SECTION OF,0.8674,name_attrs
clean_key,2021-06-01,OCMS:N24001211,IMPROVEMENT AND UP-GRADATION OF EXISITING CARRIAGEWAY TO TWO LANE WITH PAVED SHOULDER FROM KM 0.00 T,OCMS:N24001211,8,PRJ-002743,IMPROVEMENT AND UP-GRADATION OF EXISTING CARRIAGEWAY TO TWO LANE WITH PAVED SHOULDER FROM KM 0.00 KM 55.00 OF NH-227A,0.8675,name_attrs
clean_key,2018-03-01,NAME:47db12a1a4,TUIRIAL HYDRO ELECTRIC PROJECT,,1,PRJ-000305,TUIRIAL HYDRO ELECTRIC PROJECT (2x30MW),0.8677,name_attrs
clean_key,2022-06-01,NAME:4ab8af4dff,REHABILITATION AND UP-GRADATION OF EXISTING 2-LANE TO 4 LANE OF RIMULI (KM 163.0) TO KOIDA (KM 206.20) PKG- I ON EPC MODE,,1,PRJ-002705,REHABILITATION AND UP-GRADATION OF EXISTING 2-LANE TO 4 LANE OF RIMULI (KM 163.0) TO KOIDA (KM 206.2,0.8684,name_attrs
clean_key,2010-01-01,OCMS:N16000089,DE-BOTTLENECKING OF SMPL,OCMS:N16000089,108,PRJ-001101,at Paradip De-bottlenecking of SMPL,0.869,name_attrs
clean_key,2009-03-01,OCMS:N26000015,IMPLEMENTATION AND EXECUTION OF NEW TECHNOLOGY,OCMS:N26000015,13,PRJ-000537,IMPLEMENTATION AND EXECUTION OF NEW TECHNOLOGY INTELLINGENT,0.8694,name_attrs
clean_key,2023-06-01,NAME:4ab7de6415,BELAPUR-SEAWOOD-URAN ELECTRIFIED DOUBLE LINE(MTP),,1,PRJ-000248,BELAPUR-SEAWOOD- URAN ELECTRIFIED DOUBLE LINE,0.8695,name_attrs
clean_key,2009-03-01,OCMS:240106268,"JALANDAR-AMRITSAR, KM.407/100 TO KM.456/100, NH-1",OCMS:240106268,26,PRJ-000435,"JALANDAR-AMRITSAR, KM.407-KM.456, NH-1, (PANJAB)",0.8697,name_attrs
clean_key,2009-04-01,NAME:0c683f3303,"Comm. of GSM Equipment of 650 K Lines, PH-IV++ (Maharashtra)",,5,PRJ-000644,"Comm. of GSM Equipment of 650 K Lines, Ph. IV++ (Rajasthan)",0.8699,name_attrs
clean_key,2007-12-01,NAME:42f7dcdb80,"Comm. of GSM Equipment of 650 K Lines, PH-IV++ (Maharashtra)",,15,PRJ-000644,"Comm. of GSM Equipment of 650 K Lines, Ph. IV++ (Rajasthan)",0.8699,name_attrs
clean_key,2022-12-01,NAME:d072104b1e,FOUR LANING OF KAGAVADAR - UNA SECTION OF NH-8E FROM KM 139.915 TO KM 180.478 (PACKAGE-IV) IN THE STATE OF GUJARAT,,1,PRJ-002302,FOUR LANING OF KAGAVADAR - UNA SECTION OF NH-8E FROM KM 139.915 TO KM 180.478 (PACKAGE-IV) IN THE ST,0.8699,name_attrs
clean_key,2005-05-01,NAME:d049448642,DELHI CDMA IN WLL,,9,PRJ-000007,CDMA 2000 WLL (DELHI),0.87,name_attrs
clean_key,2022-12-01,NAME:004ea0aae1,4 LANING OF NH-37 SECTION BETWEEN DEMOW TO END OF MORAN BYPASS (FROM KM. 534.800 TO KM. 561.700) ON EPC MODE.,,1,PRJ-002314,4 LANING OF NH-37 SECTION BETWEEN DEMOW TO END OF MORAN BYPASS (FROM KM. 534.800 TO KM. 561.700) O,0.8702,name_attrs
clean_key,2022-03-01,NAME:ff1ea6971b,4 LANING OF NH-37 SECTION BETWEEN DEMOW TO END OF MORAN BYPASS (FROM KM. 534.800 TO KM. 561.700) ON EPC MODE.,,1,PRJ-002314,4 LANING OF NH-37 SECTION BETWEEN DEMOW TO END OF MORAN BYPASS (FROM KM. 534.800 TO KM. 561.700) O,0.8702,name_attrs
clean_key,2012-11-01,NAME:8494cbfd23-2,KOCHI-KOOTANAD BANGALORE MANGALORE PIPELINE PROJEC,,1,PRJ-001418,KOCHI-KOOTANAD BANGALORE-MANGALORE PIPELINE PROJEC,0.8705,name_attrs
clean_key,2023-06-01,NAME:521f2f1085,TRANSMISSION SYSTEM FOR EVACUTION OF POWER FROM NEYVELI LIGNITE CORP LTD TS - I (REPLACEMENT) IN NEYVELI TAMILNADU,,1,PRJ-002617,TRANSMISSION SYSTEM FOR EVACUTION OF POWER FROM NEYVELI LIGNITE CORP LTD TS - I (REPLACEMENT) IN NEY,0.8716,name_attrs
clean_key,2023-03-01,NAME:753627a811,"TRANSMISSION SYSTEM FOR PROVIDING CONNECTIVITY TO RE PROJECTS AT BIKANER (PG), FATEHGARH-II AND BHADLA–II",,1,PRJ-003814,"TRANSMISSION SYSTEM FOR PROVIDING CONNECTIVITY TO RE PROJECTS AT BIKANER (PG), FATEHGARH-II AND BHAD",0.8716,name_attrs
clean_key,2016-12-01,NAME:bad83cbdff,COMMON SYSTEM ASSOCIATED WITH EAST COAST ENERGY PVT. LTD. AND NCC POWER PROJECTS LTD. LTOA GENERATION PROJECTS IN SRIKAKULAM AREA-PART A,,1,PRJ-001481,COMMON SYSTEM ASSOCIATED WITH EAST COAST ENERGY PVT. LTD. AND NCC POWER PROJECTS LTD. LTOA GENERATI,0.8716,name_attrs
clean_key,2017-06-01,NAME:d8988cd49a,COMMON SYSTEM ASSOCIATED WITH EAST COAST ENERGY PVT. LTD. AND NCC POWER PROJECTS LTD. LTOA GENERATION PROJECTS IN SRIKAKULAM AREA-PART A,,1,PRJ-001481,COMMON SYSTEM ASSOCIATED WITH EAST COAST ENERGY PVT. LTD. AND NCC POWER PROJECTS LTD. LTOA GENERATI,0.8716,name_attrs
clean_key,2021-09-01,NAME:eb27ccbb89,TRANSMISSION SYSTEM FOR EVACUTION OF POWER FROM NEYVELI LIGNITE CORP LTD TS - I (REPLACEMENT) IN NEYVELI TAMILNADU,,1,PRJ-002617,TRANSMISSION SYSTEM FOR EVACUTION OF POWER FROM NEYVELI LIGNITE CORP LTD TS - I (REPLACEMENT) IN NEY,0.8716,name_attrs
clean_key,2014-12-01,NAME:f9b4eeb416,COMMON SYSTEM ASSOCIATED WITH EAST COAST ENERGY PVT. LTD. AND NCC POWER PROJECTS LTD. LTOA GENERATION PROJECTS IN SRIKAKULAM AREA-PART A,,1,PRJ-001481,COMMON SYSTEM ASSOCIATED WITH EAST COAST ENERGY PVT. LTD. AND NCC POWER PROJECTS LTD. LTOA GENERATI,0.8716,name_attrs
clean_key,2009-09-01,OCMS:N25000038,"OPERATION, MANAG. & MAINT. OF MULTI USER-JETTY FOR",OCMS:N25000038,32,PRJ-001040,"Operation,Manag.& Maint. of Multi user-Jetty for Coal Handlg",0.8718,name_attrs
clean_key,2023-03-01,NAME:1da189a31c,"REDEVELOPMENT OF GENERAL POOL RESIDENTIAL COLONY AT THYAGRAJ NAGAR, NEW DELHI-",,1,PRJ-003516,"REDEVELOPMENT OF GENERAL POOL RESIDENTIAL COLONY AT THYAGRAJ NAGAR, NEW DELHI- CONSTRUCTION OF 380 N",0.8719,name_attrs
clean_key,2009-03-01,OCMS:N25000016,CONST. & DEV. OF 2 OFFSHORE CONTAINER BERTHS & TER,OCMS:N25000016,104,PRJ-000713,Const. & Dev. of 2 Offshore container berths & terminal,0.872,name_attrs
clean_key,2009-03-01,OCMS:240106251,"JHANSI-SHIVPURI ,NH-25,NH-25 KM- 91-50",OCMS:240106251,1,PRJ-000333,"JHANSI-SHIVPURI, KM.91- KM.50, NH-25 (MADHYA PRADESH)",0.8721,name_attrs
clean_key,2009-03-01,OCMS:260100089,GSM BASED NETWORK EXPANSION PH-IV (BSNL)(PUNJAB),OCMS:260100089,1,PRJ-000326,"GSM NETWORK EXPANSION, PH-IV (PUNJAB)",0.8722,name_attrs
clean_key,2009-03-01,OCMS:240101132,HAVERI-HARIHAR (GQ) KM.340-KM.284 (NH-4),OCMS:240101132,71,PRJ-000072,"HAVERI-HARIHAR, KM.340-KM.284, NH-4 (KARNATAKA)",0.8723,name_attrs
clean_key,2009-03-01,OCMS:N16000034,INST. OF FCC GASOLINE DESULPHUN UNIT AT MATHURA RE,OCMS:N16000034,24,PRJ-000650,INST. OF FCC GASOLINE DESULPHUN UNIT AT MATHURA REFINERY,0.8738,name_attrs
clean_key,2009-03-01,OCMS:220100193,"HUBLI-ANKOLA(NL),SWR",OCMS:220100193,107,PRJ-000059,HUBLI-ANKOLA(NL),0.874,name_attrs
clean_key,2021-06-01,NAME:274cd60d09,"HVDC BIPOLE LINK BETWEEN WR (RAIGARH, CHATTISGARH) AND SR (PUGALUR-NORTH TRICHUR-SCHEME-I: RAIGARH-PUGALOR 600 MW",,2,PRJ-002341,"HVDC BIPOLE LINK BETWEEN WR (RAIGARH, CHATTISGARH) AND SR (PUGALUR-NORTH TRICHUR-SCHEME-I: RAIGARH-P",0.8742,name_attrs
clean_key,2009-03-01,OCMS:240106296,"DARBHANGA-MUZAFFARPUR(KM 30 TO KM 0), NH-57 (NHAI)",OCMS:240106296,24,PRJ-000474,"DARBHANGA- MUZAFFARPUR, KM 30-KM 0, NH-57 (BIHAR)",0.8743,name_attrs
clean_key,2023-03-01,NAME:d73f4fca05,CONSTRUCTION AND UPGRADATION OF EXISTING ROAD TO 2 LANE WITH PAVED SHOULDER FROM KM 368.00 TO KM 399.00 OF LAMERI TO KARANPARYAG,,1,PRJ-002714,CONSTRUCTION AND UPGRADATION OF EXISTING ROAD TO 2 LANE WITH PAVED SHOULDER FROM KM 368.00 TO KM 399,0.8744,name_attrs
clean_key,2009-03-01,OCMS:N18000013,National Capital Thermal Power Project Stage-II,OCMS:N18000013,21,PRJ-000561,"NATIONAL CAPITAL THERMAL POWER PROJECT STAGE-II, 2x490 MW",0.8754,name_attrs
clean_key,2012-02-01,NAME:028f015fab-2,TRANSMISSION SYSTEM ASSOCIATED WITH KRISHNAPATNAM UMPP-PART,,1,PRJ-001365,TRANSMISSION SYSTEM ASSOCIATED WITH KRISHNAPATNAM UMPP-PART,0.8759,name_attrs
clean_key,2015-03-01,NAME:7aed1defe0,HARNOUT -SET.UP OF W/S TO UND. POH OF UP TO50 COAC. WS AND PU,,1,PRJ-000927,HARNOUT -SET.UP OF W/S TO UND. POH OF UP TO50 COAC,0.8764,name_attrs
clean_key,2009-03-01,OCMS:240101153,SUNAKHALA-GANJAM (GQ) KM.338-KM.284 (NH-5),OCMS:240101153,69,PRJ-000189,"SUNAKHALA-GANJAM, KM.338-KM.284, NH-5 (ORISSA)",0.8776,name_attrs
clean_key,2009-04-01,OCMS:N24000116,BALASORE BHADRAK (REVIVED) KM 136.5 - 199.14 NH-5,OCMS:N24000116,76,PRJ-000015,"BALASORE-BHADRAK, KM.136.5-KM.199.14, NH-5 (ORISSA)",0.8776,name_attrs
clean_key,2009-03-01,OCMS:220100267,GOOTY- RENIGUNTA PATCH DOUBLING PH-II (DL) (SCR),OCMS:220100267,21,PRJ-000178,GOOTY-RENIGUNTA PATCH DOUBLING PHASE-II,0.878,name_attrs
clean_key,2014-09-01,NAME:d1af3fd750,"IMPLEMENTATION OF FTTH, THE STATE OF THE ART ACCESS NETWORK.PROCUREMENT OF GPON EQUIPMANT",,3,PRJ-001727,"IMPLEMENTATION OF FTTH, THE STATE OF THE ART ACCESS NETWORK,PROCUREMENT OF GEPON EQUIPMENT",0.8792,name_attrs
clean_key,2009-03-01,OCMS:220100186,"GONDIA-JABALPUR(GC),(SECR)",OCMS:220100186,116,PRJ-000181,GONDIA-JABALPUR (SECR),0.8797,name_attrs
clean_key,2009-03-01,OCMS:N18000018,TRANSMISSION SYSTEM ASSOCIATED WITH PARBATI-III HEP,OCMS:N18000018,66,PRJ-000585,"TRANSMISSION SYSTEM ASSOCIATED WITH PARBATI-III HEP, 543 CKM",0.8798,name_attrs
clean_key,2021-09-01,NAME:6d8cba82f6,WIDENING TO 2 LANE AND IMPROVEMENT FROM KM 100/700 TO 186/700 OF VIJAYWADA RANCI,,1,PRJ-002171,WIDENING TO 2 LANE AND IMPROVEMENT FROM KM 100/700 TO 186/700 OF VIJAYWADA RANCI ROUTE IN ODISHA,0.88,name_attrs
clean_key,2022-03-01,NAME:01f5b943d5,STRENGTHENING AND WIDENING WORK OF EXISTING 2-LANE TO TWO LANE WITH PAVED SHOULDER AND GEMETRIC IMPR,,1,PRJ-002312,STRENGTHENING & WIDENING WORK OF EXISTING 2-LANE TO TWO LANE WITH PAVED SHOULDER AND GEMETRIC IMPROV,0.8805,name_attrs
clean_key,2021-09-01,NAME:f2c12f8595,STRENGTHENING AND WIDENING WORK OF EXISTING 2-LANE TO TWO LANE WITH PAVED SHOULDER AND GEMETRIC IMPR,,1,PRJ-002312,STRENGTHENING & WIDENING WORK OF EXISTING 2-LANE TO TWO LANE WITH PAVED SHOULDER AND GEMETRIC IMPROV,0.8805,name_attrs
clean_key,2023-06-01,NAME:fe80dc7ae5,VIRAMGAM-SAMAKHIALI (DL),,1,PRJ-001505,VIRAMGAM-SAMAKHIALI (DL),0.8808,name_attrs
clean_key,2014-06-01,NAME:1e380f5271,RIHAND STTP STAGE-III (2X500MW),,4,PRJ-001091,RIHAND STTP STAGE-III (2X500MW) (NTPC),0.8811,name_attrs
clean_key,2009-03-01,OCMS:N24000082,"TINDIVANAM-UIUNDURPET,KM 121- 192.25 NH-45",OCMS:N24000082,1,PRJ-000592,"TINDIVANAM- UIUNDURPET, KM.121- KM.192.25, NH-45 (T.N.)",0.8812,name_attrs
clean_key,2015-12-01,NAME:34c7ee2284,"RANGIA-MURKONGSELEK, (GC) ALONG WITH LINKED FINGERS NEFR",,2,PRJ-000831,"RANGIA-MURKONGSELEK, (GC) ALONG WITH LINKED FINGER",0.8815,name_attrs
clean_key,2022-12-01,NAME:7d771b19e6,2 LANE WITH PAVED SHOULDER FROM KM 399.00 TO KM 430.00 OF KARANPARYAG TO CHAMOLI UNDER CHARDHAM PARIYOJNA,,2,PRJ-002715,2 LANE WITH PAVED SHOULDER FROM KM 399.00 TO KM 430.00 OF KARANPARYAG TO CHAMOLI UNDER CHARDHAM PARI,0.8815,name_attrs
clean_key,2015-06-01,NAME:d27a0d5438,"RANGIA-MURKONGSELEK, (GC) ALONG WITH LINKED FINGERS NEFR",,1,PRJ-000831,"RANGIA-MURKONGSELEK, (GC) ALONG WITH LINKED FINGER",0.8815,name_attrs
clean_key,2014-09-01,NAME:da8da0552b,D/O KAMARAJ DOMESTIC TER-PH-II AND EXP. ANNA INT. TER BLDG(K1),,3,PRJ-001045,D/o kamaraj domestic Ter.Ph-II & Exp. Anna Int. Ter Bldg.,0.8815,name_attrs
clean_key,2023-06-01,OCMS:N24001624,CONSTRUCTION OF EMERGENCY LANDING FACILITY FROM KM. 246.60 TO KM. 249.70 ON SRINAGAR - BANIHAL SECTI,OCMS:N24001624,12,PRJ-004154,CONSTRUCTION OF EMERGENCY LANDING FACILITY FROM KM. 246.60 TO KM. 249.70 ON SRINAGAR - BANIHAL SECTION,0.8815,name_attrs
clean_key,2022-03-01,NAME:105691f4a8,4-LANING OF LAMBRA-SHAHKOT SECTION OF NH-71 FROM KM 12.00,,1,PRJ-002044,4-LANING OF LAMBRA-SHAHKOT SECTION OF NH-71 FROM KM 12.00 TO 44.600,0.8827,name_attrs
clean_key,2015-06-01,NAME:33ac2c4532,GONDA-GORAKHPUR LOOP WITH ANAND NAGAR-NAUTANWA GC (NER),,1,PRJ-000818,GONDA-GORAKHPUR LOOP WITH ANAND NAGAR-NAUTANWA GC (NER),0.8827,name_attrs
clean_key,2015-12-01,NAME:69eb530b70,GONDA-GORAKHPUR LOOP WITH ANAND NAGAR-NAUTANWA GC (NER),,2,PRJ-000818,GONDA-GORAKHPUR LOOP WITH ANAND NAGAR-NAUTANWA GC (NER),0.8827,name_attrs
clean_key,2023-06-01,NAME:10b8a39549,CONSTRUCTION OF ROB AND ITS APPROACHES IN LIEU OF UNMANNED LEVEL CROSSING AT KM 303.9 ON NH-60 (PANDABESHWAR).,,1,PRJ-003097,CONSTRUCTION OF ROB AND ITS APPROACHES IN LIEU OF UNMANNED LEVEL CROSSING AT KM 303.9 ON NH- 60 (PAND,0.8828,name_attrs
clean_key,2022-12-01,NAME:4f20cb4f42,CONSTRUCTION OF ROB AND ITS APPROACHES IN LIEU OF UNMANNED LEVEL CROSSING AT KM 303.9 ON NH-60 (PANDABESHWAR).,,1,PRJ-003097,CONSTRUCTION OF ROB AND ITS APPROACHES IN LIEU OF UNMANNED LEVEL CROSSING AT KM 303.9 ON NH- 60 (PAND,0.8828,name_attrs
clean_key,2009-09-01,OCMS:N26000061,EXPANSION OF EXISTING 2G&3G GSM N/W BY 750 KPE NO,OCMS:N26000061,22,PRJ-001064,EXPANSION OF EXISTING 2G&3G GSM N/W BY 750 KPE NO 9920/05-06,0.8831,name_attrs
clean_key,2023-06-01,NAME:ad79d6fd89,REHABILITATION AND UPGRADATION OF NH-221 FROM KM 121/0 TO 165/00 (OF VIJAYAWADA-JAGDALPUR RUDRAMPUR TO SARAPAKA) (WARANGAL),,1,PRJ-001871,REHABILITATION AND UPGRADATION OF NH-221 FROM KM 121/0 TO 165/00 (OF VIJAYAWADA- JAGDALPUR RUDRAMPUR,0.8844,name_attrs
clean_key,2023-03-01,NAME:f35220f554,FOUR LANNING OF CHICHRA- KHARAGPUR SECTION OF NH-6 FROM KM 185.150 TO KM 134.400,,1,PRJ-002408,FOUR LANNING OF CHICHRA-KHARAGPUR SECTION OF NH-6 FROM KM 185.150 TO KM 134.400 INCLUDING REHABILITA,0.885,name_attrs
clean_key,2009-03-01,OCMS:N18000040,EST. OF 400/220 KV GIS POOLING STATION NEAR CHAMER,OCMS:N18000040,37,PRJ-000665,Est. of 400/220 KV GIS Pooling Station near Chamera-III HEP,0.8852,name_attrs
clean_key,2022-12-01,NAME:f4d914242b,FOR REHABILITATION AND UPGRADATION FROM 2-LANE TO 4-LANE OF VARANASI - DEGAMAPUR (PKG-1) UNDER NHDP - IV IN THE STATE OF UTTAR PRADESH,,1,PRJ-003010,FOR REHABILITATION AND UPGRADATION FROM 2-LANE TO 4-LANE OF VARANASI - DEGAMAPUR (PKG-1) UNDER NHDP,0.8863,name_attrs
clean_key,2021-06-01,OCMS:N24001219,REHABILITATION AND UPGRADATION OF NH 200 FROM KM 178.944 TO 241.553 BANARI VILLAGE TO MASANIA KALA V,OCMS:N24001219,15,PRJ-002730,REHABILITATION AND UPGRADATION OF NH 200 FROM KM 178.944 TO 241.553 BANARI VILLAGE TO MASANIA KALA VILLAGE SECTION,0.8863,name_attrs
clean_key,2023-06-01,NAME:4304721081,DAUND-GULBARGA - DOUBLING (224.9 KM) AND PUNE-GUNTAKAL - ELECTRIFICATION (641.37 KM),,1,PRJ-002368,DAUND-GULBARGA - DOUBLING (224.9 KM) AND PUNE-GUNTAKAL -ELECTRIFICATION (641.37 KM),0.8865,name_attrs
clean_key,2009-03-01,OCMS:N12000033,Rebuilding of coke oven battery No.1 & 2 (Bokaro S,OCMS:N12000033,57,PRJ-000634,Rebuilding of Coke Oven Battery No.1 & 2,0.8869,name_attrs
clean_key,2023-06-01,NAME:4c17f0cbea,AHMEDABAD-HIMMATNAGAR- UDAIPUR (WR),,1,PRJ-001245,AHMEDABAD-HIMMATNAGAR-UDAIPUR (WR),0.887,name_attrs
clean_key,2023-06-01,NAME:2fd71d03fb,"KODERMA-RANCHI VIA BARKAKANA (NL),ECR",,1,PRJ-000808,"KODERMA-RANCHI VIA BARKAKANA (NL),ECR",0.8871,name_attrs
clean_key,2009-03-01,OCMS:N25000032,ACQUISITION OF 4 NOS. OF 115000 DWT CRUDE OIL CARR,OCMS:N25000032,33,PRJ-000744,Acquisition of 4 Nos. of 115000 DWT Crude Oil carriers,0.8872,name_attrs
clean_key,2009-03-01,OCMS:N25000033,ACQUISITION OF 6 NOS. OF 57000 DWT HANDYMAX BULK C,OCMS:N25000033,47,PRJ-000728,Acquisition of 6 Nos. of 57000 DWT Handymax bulk Carriers,0.8872,name_attrs
clean_key,2022-06-01,NAME:abce92869f,BHADRACHALAM ROAD-SATTUPALLI,,4,PRJ-001644,BHADRACHALAM ROAD-SATTUPALLI,0.8876,name_attrs
clean_key,2023-03-01,NAME:421388bcd1,TWO- LANE WITH PAVED SHOULDER CONFIGURATION OF IMPHAL - MOREH SECTION OF NH-39 FROM KM,,1,PRJ-003082,TWO- LANE WITH PAVED SHOULDER CONFIGURATION OF IMPHAL - MOREH SECTION OF NH-39 FROM KM 350.00 TO KM,0.8881,name_attrs
clean_key,2022-12-01,NAME:cb66d2c14b,CONSTRUCTION OF NH-4B FROM KM.21.200 TO KM.27.270( D TO E SECTION) AND FROM KM.0.000 TO,,1,PRJ-002082,CONSTRUCTION OF NH-4B FROM KM.21.200 TO KM.27.270( D TO E SECTION) AND FROM KM.0.000 TO KM.4.492 ( D,0.8883,name_attrs
clean_key,2022-12-01,NAME:eda8c40ddc,"C/O PERMANENT CAMPUS OF IIT PALAKKAD PHASE IA AT PUDESSERY VILLAGE,KANJIKODE WEST, DISTRICT PALAKKAD,KERALA",,1,PRJ-003541,"C/O PERMANENT CAMPUS OF IIT PALAKKAD PHASE IA AT PUDESSERY VILLAGE,KANJIKODE WEST, DISTRICT PALAKKA",0.8887,name_attrs
clean_key,2016-09-01,NAME:5c2f2bd37a,2-LANE WITH PAVED SHOULDER WITH PROVISION OF CAPACITY AUGMENTATION OF RAJASTHAN BORDER-FATEHPUR-SALASAR SECTION,,1,PRJ-002076,2-LANE WITH PAVED SHOULDER WITH PROVISION OF CAPACITY AUGMENTATION OF RAJASTHAN BORDER-FATEHPUR-SALA,0.8888,name_attrs
clean_key,2017-03-01,NAME:b1f37acb13,2-LANE WITH PAVED SHOULDER WITH PROVISION OF CAPACITY AUGMENTATION OF RAJASTHAN BORDER-FATEHPUR-SALASAR SECTION,,1,PRJ-002076,2-LANE WITH PAVED SHOULDER WITH PROVISION OF CAPACITY AUGMENTATION OF RAJASTHAN BORDER-FATEHPUR-SALA,0.8888,name_attrs
clean_key,2022-09-01,NAME:3695105c5f,WIDENING TO 2 LANE WITH PAVED SHOULDERS FROM KM 0 TO 54 OF NH-50 UNDER EPC MODE IN THE STATE OF KARNATAKA,,1,PRJ-003347,WIDENING TO 2 LANE WITH PAVED SHOULDERS FROM KM 0 TO 54 OF NH-50 UNDER EPC MODE IN THE STATE OF KARN,0.8894,name_attrs
clean_key,2021-09-01,NAME:46b6fffd68,HANSDIHA-GODDA NL,,1,PRJ-001592,HANSDIHA-GODDA NL,0.8894,name_attrs
clean_key,2022-03-01,NAME:666c9f2561,HANSDIHA-GODDA NL,,1,PRJ-001592,HANSDIHA-GODDA NL,0.8894,name_attrs
clean_key,2015-12-01,NAME:7bb3beea3b,"UP-GRADATION OF KONABAN GGS AND PIPELINE GRID PROJECT, TRIPURA",,2,PRJ-001162,Up-gradation of Konaban GGS and Pipeline Grid Project,0.8898,name_attrs
clean_key,2022-12-01,NAME:cb6e7453b4,UPGRADATION OF EXISTING ROAD TO 2- LANE WITH PAVED SHOULDER FROM KOHIMA TO MAO FROM KM 185.540 TO KM 211.709,,1,PRJ-003431,UPGRADATION OF EXISTING ROAD TO 2-LANE WITH PAVED SHOULDER FROM KOHIMA TO MAO FROM KM 185.540 TO KM,0.8899,name_attrs
clean_key,2009-12-01,OCMS:N22000098,BHAKURA DAMODAR,OCMS:N22000098,10,PRJ-000182,BANKURA-DAMODAR,0.8899,name_attrs
clean_key,2009-03-01,OCMS:N26000039,GSM EQUIPMENT OF 900K LINES(2G) AND 300K LINES(3G),OCMS:N26000039,35,PRJ-000705,GSM equipment of 900K lines(2G) & 300K Lines (3G)-Phase-V,0.8899,name_attrs
clean_key,2009-03-01,OCMS:N26000046,GSM EQUIPMENT OF 700K LINES(2G) AND 150K LINES(3G),OCMS:N26000046,47,PRJ-000701,"GSM Equipment of 700K Lines (2G) & 150K Lines (3G), Phase-V.",0.8899,name_attrs
clean_key,2023-03-01,NAME:80b45568cb,DEVELOPMENT OF SIX LANE EASTERN PERIPHERAL EXPRESSWAY ( PKG-I),,1,PRJ-002399,DEVELOPMENT OF SIX LANE EASTERN PERIPHERAL EXPRESSWAY ( PKG-I)_NEW,0.8904,name_attrs
clean_key,2009-09-01,OCMS:N18000068,765 KV SYSTEM FOR CENTRAL PART OF NORTHERN GRID PA,OCMS:N18000068,52,PRJ-001006,765 KV SYSTEM FOR CENTRAL PART OF NORTHERN GRID - PART-I,0.8908,name_attrs
clean_key,2022-09-01,NAME:e43df0bd5b,REHABILITATION AND UPGRADATION OF NH 200 FROM KM 241.553 TO 312.600 MASANIAKALA TO RENGAPALI ODISHA,,3,PRJ-002740,REHABILITATION AND UPGRADATION OF NH 200 FROM KM 241.553 TO 312.600 MASANIAKALA TO RENGAPALI ODISHA BORDER SECTION,0.8909,name_attrs
clean_key,2023-06-01,NAME:e61d95991f,TRANSMISSION SYSTEM STRENGTHENING SCHEME FOR EVACUATION OF POWER FROM SOLAR ENERGY ZONES IN RAJASTHAN (8.1 GW) UNDER PHASE-II- PART B,,1,PRJ-003950,TRANSMISSION SYSTEM STRENGTHENING SCHEME FOR EVACUATION OF POWER FROM SOLAR ENERGY ZONES IN RAJASTHAN (8.1 GW) UNDER PHASE II – PART B1,0.8914,name_attrs
clean_key,2014-12-01,NAME:d5854a5b83,EXPANSION OF ROURKELA STEEL PLANT,,2,PRJ-000699,Expansion of Rourkela Steel Plant,0.893,name_attrs
clean_key,2016-09-01,NAME:a561b90b1b,"TEESTA LOW DAM HEP, STAGE-IV",,3,PRJ-000787,"TEESTA LOW DAM HEP, STAGE-IV (NHPC)",0.8931,name_attrs
clean_key,2009-03-01,OCMS:N24000087,"KURALI-KIRATPUR, NH-21",OCMS:N24000087,33,PRJ-000603,"KURALI-KIRATPUR, NH-21 (PUNJAB)",0.8934,name_attrs
clean_key,2009-09-01,OCMS:N04000036,C/O EXPANDABLE MODULAR TER. BULD. AT DABH INDORE,OCMS:N04000036,11,PRJ-001019,"C/o Expandable Modular Ter. Bldg. at DABH, Indore",0.8936,name_attrs
clean_key,2015-12-01,NAME:d8d5e6169d,EXPANSION OF BOKARO STEEL PLANT,,2,PRJ-000706,EXPANSION OF BOKARO STEEL PLANT,0.8937,name_attrs
clean_key,2021-06-01,NAME:31705fa134,HVDC BIPOLE LINK BETWEEN WR AND SR - NORTH TRICHUR - SCHEME -II AC SYSTEM STRENGTHENING AT PUGALUR END,,2,PRJ-002619,HVDC BIPOLE LINK BETWEEN WR AND SR -NORTH TRICHUR - SCHEME -II AC SYSTEM STRENGTHENING AT PUGALUR EN,0.894,name_attrs
clean_key,2023-06-01,NAME:18a567be7c,TRANSMISSION SYSTEM STRENGTHENING SCHEME FOR EVACUATION OF POWER FROM SOLAR ENERGY ZONES IN RAJASTHAN (8.1 GW) UNDER PHASE-II- PART G,,1,PRJ-003950,TRANSMISSION SYSTEM STRENGTHENING SCHEME FOR EVACUATION OF POWER FROM SOLAR ENERGY ZONES IN RAJASTHAN (8.1 GW) UNDER PHASE II – PART B1,0.8943,name_attrs
clean_key,2023-06-01,NAME:59ff945864,RAIPUR - TITLAGARH - DOUBLING,,1,PRJ-002372,RAIPUR - TITLAGARH - DOUBLING,0.896,name_attrs
clean_key,2021-06-01,NAME:0a9ca764a8,REHABILITATION & UPGRADATION OF NH-67 FROM KM 641.000 TO KM 695.000 (DORNALA T JUNCTION TO ATMAKUR S,,2,PRJ-001900,REHABILITATION UPGRADATION OF NH-67 FROM KM 641.000 TO KM 695.000 (DORNALA T JUNCTION TO ATMAKUR SEC,0.8968,name_attrs
clean_key,2023-03-01,NAME:6564db01be,SIX LANING AND STREGTHENING OF NH-248A FROM EXISTING KM 2.740 (RAJIV CHOWK) TO KM 11.682,,1,PRJ-003057,SIX LANING AND STREGTHENING OF NH-248A FROM EXISTING KM 2.740 (RAJIV CHOWK) TO KM 11.682 (PACKAGE-I),0.8969,name_attrs
clean_key,2009-03-01,OCMS:240101187,GORHAR-BARWA ADDA (GQ) KM.320-KM.398.75 (NH-2),OCMS:240101187,25,PRJ-000246,"GORHAR-BARWA ADDA, KM.320-KM.398.75, NH-2 (JHARKHAND)",0.897,name_attrs
clean_key,2022-09-01,NAME:3adb64b3f8,2-LANING OF EXISTING AKAJAN LIKABALI BAME ROAD ON EPC BASIS FROM DESIGN KM. 12.000 TO KM.,,1,PRJ-003165,2-LANING OF EXISTING AKAJAN LIKABALI BAME ROAD ON EPC BASIS FROM DESIGN KM. 12.000 TO KM. 33.000 (EX,0.8971,name_attrs
clean_key,2016-12-01,NAME:f85782b2fb,CHINCHINNADA KAKINADA JUNCTION POINT PIPE LINE,,2,PRJ-001736,CHINCHINNADA KAKINADA JUNCTION POINT PIPE LINE,0.8972,name_attrs
clean_key,2022-06-01,NAME:522addfb1a,REHABILITATION AND UPGRADATION OF CUTTACK-ANGUL SECTION TO 4 LANE (KM 60.20) TO (KM 112.0) PKG II ON EPC MODE,,1,PRJ-002709,REHABILITATION AND UPGRADATION OF CUTTACK-ANGUL SECTION TO 4 LANE (KM 60.20) TO (KM 112.0) PKG II ON,0.8977,name_attrs
clean_key,2022-12-01,NAME:882c1927dc,REHABILITATION AND UPGRADATION OF CUTTACK-ANGUL SECTION TO 4 LANE (KM 60.20) TO (KM 112.0) PKG II ON EPC MODE,,1,PRJ-002709,REHABILITATION AND UPGRADATION OF CUTTACK-ANGUL SECTION TO 4 LANE (KM 60.20) TO (KM 112.0) PKG II ON,0.8977,name_attrs
clean_key,2021-09-01,NAME:42dc6cf601,4-LANNING OF MAHULIA BAHARAGORA-JH/WB BORDER,,1,PRJ-002281,4-LANNING OF MAHULIA BAHARAGORA-JH/WB BORDER SECTION,0.8978,name_attrs
clean_key,2009-09-01,OCMS:N04000035,C/O EXPANDABLE MODULAR INTEGRATED TER. BULD. RAJA,OCMS:N04000035,10,PRJ-001008,C/o Expandable Modular Integrated Ter. Buld.Raja Bhoj Airpt.,0.8979,name_attrs
clean_key,2014-09-01,NAME:b76e9d1bcb,KARANPUR MORADABAD-KASHIPUR- RUDRAPUR PIPELINE PROJECT PHASE-I,,3,PRJ-001065,KARANPUR MORADABAD-KASHIPUR-RUDRAPUR PIPELINE PROJECT PHASE,0.8981,name_attrs
clean_key,2009-03-01,OCMS:N12000018,BAILADILA IRON ORE PROJECT DEPOSIT- 11B (NMDC),OCMS:N12000018,101,PRJ-000576,Development of Bailadila Iron Ore project Deposite- 11B,0.8982,name_attrs
clean_key,2022-03-01,NAME:a3647d670e,4-LANNING OF CHUTMALPUR-GANESHPUR SECTION OF NH-72A FROM KM 0.000 (KM 22.825 OF MH-73) TO KM 17.900 (KM 16.00 OF NH-72A) PKG-I,,1,PRJ-002295,4-LANNING OF CHUTMALPUR-GANESHPUR SECTION OF NH-72A FROM KM 0.000 (KM 22.825 OF MH-73) TO KM 17.900,0.8983,name_attrs
clean_key,2016-06-01,OCMS:N22000357,MANOHARABAD-KOTAPALLI,OCMS:N22000357,2,PRJ-000522,MANOHARABAD- KOTAPALLI,0.8994,name_attrs
clean_key,2011-03-01,NAME:828a215449,"DARBHANGA-MUZAFFARPUR, NH-57",,1,PRJ-000879,"DARBHANGA-MUZAFFARPUR, NH-57 (NHAI)",0.9003,name_attrs
clean_key,2009-03-01,NAME:96f7bd61a7,NEW URANIUM ORE PROCESSING MILL (UCIL),,1,PRJ-000116,NEW URANIUM ORE PROCESSING MILL,0.9003,name_attrs
clean_key,2011-05-01,NAME:0de5821f87,D/O OF TERMINAL BLDG. AND PAVEMENT WORKS AT CHENNA,,1,PRJ-001036,D/o of terminal Bldg. and Pavement works at Chennai airport,0.9005,name_attrs
clean_key,2009-09-01,OCMS:N04000040,D/O OF TERMINAL BLDG. AND PAVEMENT WORKS AT CHENNA,OCMS:N04000040,22,PRJ-001036,D/o of terminal Bldg. and Pavement works at Chennai airport,0.9005,name_attrs
clean_key,2009-09-01,OCMS:N24000120,WAINGANGA BRIDGE - CHHATISGARH-MAHARASHTRA,OCMS:N24000120,20,PRJ-001046,Wainganga Bridge- Chhatisgarh-Maharashtra Border,0.9008,name_attrs
clean_key,2009-04-01,NAME:fbe6ed05f0,CONVERGENT BILLING AND CRM MTNL (MUMBAI),,5,PRJ-000997,CONVERGENT BILLING AND CRM(MUMBAI),0.901,name_attrs
clean_key,2009-03-01,OCMS:220100159,THANE-TURBHE-NERUL-VASHI(MTP),OCMS:220100159,1,PRJ-000158,THANE-TURBHE-NERUL- VASHI,0.9013,name_attrs
clean_key,2022-03-01,NAME:9f869b73b3,AHMEDABAD-BOTAD (GC),,1,PRJ-001500,AHMEDABAD-BOTAD (GC),0.9016,name_attrs
clean_key,2022-06-01,NAME:42f6cf72f3,DHASA-JETALSAR (GC),,4,PRJ-001501,DHASA-JETALSAR (GC),0.902,name_attrs
clean_key,2009-03-01,OCMS:N18000044,SYSTEM STRENGHTENING IN NR GRID FOR KARCHAM WANGTO,OCMS:N18000044,23,PRJ-000714,System Strenghtening in NR Grid for Karcham Wangtoo HEP,0.9024,name_attrs
clean_key,2009-03-01,NAME:47c261dc36,KOYALI-RATLAM PRODUCT OIL PIPLINE,,1,PRJ-000432,KOYALI-RATLAM PRODUCT PIPLINE,0.9027,name_attrs
clean_key,2009-03-01,OCMS:220100009,FREIGHT OPERATIONS INFORMATION SYSTEM (FOIS),OCMS:220100009,71,PRJ-000271,FREIGHT OPERATIONS INFORMATION SYSTEM,0.9029,name_attrs
clean_key,2016-12-01,NAME:824c8d6275,"ENHANCED RECOVERY FROM BASSEIN FIELD THROUGH INTEGRATED DEVELOPMENT OF MUKTA, BASSEIN AND PANNA FORMATIONS",,1,PRJ-002201,"ENHANCED RECOVERY FROM BASSEIN FIELD THROUGH INTEGRATED DEVELOPMENT OF MUKTA, BASSEIN AND PANNA FORM",0.9032,name_attrs
clean_key,2009-03-01,OCMS:220100106,PEDAPALLI-KARIMNAGAR-NIZAMABAD NL(SCR),OCMS:220100106,97,PRJ-000055,PEDAPALLI- KARIMNAGAR- NIZAMABAD (NL),0.9036,name_attrs
clean_key,2009-03-01,OCMS:N16000055,BARGE BUMPER-BOAT LANDING-RISER PROTECTOR PROJECT,OCMS:N16000055,21,PRJ-000566,"BARGE BUMPER, BOAT LANDING AND RISER PROTECTORS PROJECT",0.904,name_attrs
clean_key,2009-09-01,OCMS:N18000060,SYSTEM STRENGHTENING SCHEME- IX OF SOUTHERN REGIONA,OCMS:N18000060,7,PRJ-001004,SYSTEM STRENGHTENING SCHEME-IX OF SOUTHERN REGIONAL GRID,0.9041,name_attrs
clean_key,2022-06-01,NAME:28a4daaf0c,ARSIKERE-TUMKUR,,4,PRJ-001841,ARSIKERE-TUMKUR,0.9044,name_attrs
clean_key,2021-09-01,NAME:468a3f733f,"CONSTRUCTION OF COMBINED OPERATIONAL OFFICES FOR DGCA, BCAS, AAIB, AERA AND AAI AT SAFDARJUNG AIRPORT, NEW DELHI",,1,PRJ-002751,"CONSTRUCTION OF COMBINED OPERATIONAL OFFICES FOR DGCA, BCAS, AAIB, AERA AND AAI AT SAFDARJUNG AIRPOR",0.9046,name_attrs
clean_key,2023-03-01,NAME:e8c718657f,"CONSTRUCTION OF COMBINED OPERATIONAL OFFICES FOR DGCA, BCAS, AAIB, AERA AND AAI AT SAFDARJUNG AIRPORT, NEW DELHI",,1,PRJ-002751,"CONSTRUCTION OF COMBINED OPERATIONAL OFFICES FOR DGCA, BCAS, AAIB, AERA AND AAI AT SAFDARJUNG AIRPOR",0.9046,name_attrs
clean_key,2009-09-01,NAME:224982465b,"ACQUISION OF 2-300,000 DWT VERY LARGE CRUDE CARRIERS",,1,PRJ-000160,"ACQUISITION OF 2-300,000 DWT VERY LARGE CRUDE CARRIERS",0.9051,name_attrs
clean_key,2009-03-01,OCMS:250100174,"ACQUISION OF 2-300,000 DWT VERY LARGE CRUDE CARRIERS",OCMS:250100174,1,PRJ-000160,"ACQUISITION OF 2-300,000 DWT VERY LARGE CRUDE CARRIERS",0.9051,name_attrs
clean_key,2021-06-01,OCMS:N24001230,IMPROVEMENT AND UP-GRADATION OF EXISTING CARRIAGEWAY TO TWO LANE WITH PAVED SHOULDER FROM KM 0.00 KM,OCMS:N24001230,2,PRJ-002743,IMPROVEMENT AND UP-GRADATION OF EXISTING CARRIAGEWAY TO TWO LANE WITH PAVED SHOULDER FROM KM 0.00 KM 55.00 OF NH-227A,0.9051,name_attrs
clean_key,2022-06-01,NAME:7f02a3b359,4 LANING OF AMBALA - KAITHAL - PACKAGE -1,,4,PRJ-002093,4 LANING OF AMBALA - KAITHAL - PACKAGE -1,0.9052,name_attrs
clean_key,2023-06-01,NAME:dc8a37909f,HUBLI- CHIKJAJUR,,1,PRJ-001834,HUBLI- CHIKJAJUR,0.9053,name_attrs
clean_key,2017-09-01,NAME:da2a383eb0,CONSTRUCTION OF NEW INTERNATIONAL TERMINAL BUILDING(GOA),,3,PRJ-001198,CONSTRUCTION OF NEW INTERNATIONAL TERMINAL BUILDING(GOA),0.9055,name_attrs
clean_key,2017-09-01,NAME:b31e93dbcd,MARKETING TOP AT KORBA,,3,PRJ-001719,MARKETING TOP AT KORBA,0.9057,name_attrs
clean_key,2009-03-01,OCMS:N22000080,DINDIGUL-POLLACHI-PALGHAT-POLLACHI AND COIMBATORE,OCMS:N22000080,95,PRJ-000739,Dindigul-Pollachi-Palghat- Pollachi and Coimbatore (GC),0.9066,name_attrs
clean_key,2022-03-01,NAME:9aa92f01ec,"NEW MAYNAGURI TO JOGIGHOPA VIA CHANGRABANDHA (NL),NEFR",,1,PRJ-000313,"NEW MAYNAGURI TO JOGIGHOPA VIA CHANGRABANDHA (NL),NEFR",0.907,name_attrs
clean_key,2009-03-01,OCMS:N12000016,REBUILIDING OF COKE OVEN BATTERY-10,OCMS:N12000016,25,PRJ-000571,REBUILDING OF COKE OVEN BATTERY NO.10,0.9073,name_attrs
clean_key,2015-12-01,NAME:9a136cfa4b,GAGAN PROJECT,,2,PRJ-001112,GAGAN PROJECT,0.908,name_attrs
clean_key,2021-09-01,NAME:4916bb86b5,TRANSMISSION SYSTEM STRENGTHENING IN WR-NR TRANSMISSION CORRIDOR FOR IPPS IN CHHATTISGARH,,1,PRJ-001703,TRANS.SYSTEM STRENGTHENING IN WR-NR TRANSMISSION CORRIDOR FOR IPPS IN CHHATTISGARH,0.9082,name_attrs
clean_key,2022-03-01,NAME:cbdca378f4,TRANSMISSION SYSTEM STRENGTHENING IN WR-NR TRANSMISSION CORRIDOR FOR IPPS IN CHHATTISGARH,,1,PRJ-001703,TRANS.SYSTEM STRENGTHENING IN WR-NR TRANSMISSION CORRIDOR FOR IPPS IN CHHATTISGARH,0.9082,name_attrs
clean_key,2009-03-01,OCMS:N22000087,"NEW B.G. LINE FROM ARARIA TO GALGALIA (THAKURGUNG), NEFR",OCMS:N22000087,117,PRJ-000726,New B.G. Line from Araria to Galgalia (Thakurgunj),0.9082,name_attrs
clean_key,2009-03-01,OCMS:240106255,"RJ/MP BORDER TO KOTA(RJ-9) NH- 76, KM.449.15 TO KM.406",OCMS:240106255,1,PRJ-000398,"RJ/MP BORDER-KOTA, KM.449.15-KM.406 NH-76 (RAJASTHAN)",0.9093,name_attrs
clean_key,2021-09-01,NAME:1a6dc7a096,CONSTRUCTION OF ADDITIONAL COMPLEX FOR THE SUPREME COURT OF INDIA AT LAND ADJOINING PRAGATI MAIDAN,,1,PRJ-001762,CONSTRUCTION OD ADDITIONAL COMPLEX FOR THE SUPREM COURT OF INDIA AT LAND ADJOINING PRAGATI MAIDAN,0.9099,name_attrs
clean_key,2022-03-01,NAME:4ae4d07c05,CONSTRUCTION OF ADDITIONAL COMPLEX FOR THE SUPREME COURT OF INDIA AT LAND ADJOINING PRAGATI MAIDAN,,1,PRJ-001762,CONSTRUCTION OD ADDITIONAL COMPLEX FOR THE SUPREM COURT OF INDIA AT LAND ADJOINING PRAGATI MAIDAN,0.9099,name_attrs
clean_key,2022-03-01,NAME:2b4564fcc5,"KOSI BRIDGE (NL), ECR",,1,PRJ-000828,"KOSI BRIDGE (NL), ECR",0.9106,name_attrs
clean_key,2005-05-01,NAME:d906fb71f8,REBUILDING OF COKE OVEN BATTERY No. 5 BOKARO,,29,PRJ-000064,REBUILDING OF COKE OVEN BATTERY No.5,0.9108,name_attrs
clean_key,2010-01-01,OCMS:240106244,"DEEWAPUR TO UP/BIHAR BORDER (LMNHP-9)-NH-28, KM.402-360.915",OCMS:240106244,92,PRJ-000399,"DEEWAPUR-UP/BIHAR BORDER, KM.402- KM.360.915, NH-28 (BIHAR)",0.9109,name_attrs
clean_key,2009-03-01,OCMS:N12000024,"INSTALLATION OF NEW COKE OVEN GAS HOLDER, ROURKELA",OCMS:N12000024,5,PRJ-000601,INSTALLATION OF NEW COKE OVEN GAS HOLDER,0.911,name_attrs
clean_key,2016-03-01,NAME:6ccf36a7cf,DIPKA EXPANSION OCP (SECL) (20- 25) MTY,,1,PRJ-000765,DIPKA EXPANSION OCP (SECL) (20-25) MTY,0.9113,name_attrs
clean_key,2022-06-01,NAME:8f600e0916,JALANDHAR-PATHANKOT-JAMMU TAWI,,4,PRJ-000281,JALANDHAR- PATHANKOT-JAMMU TAWI,0.9116,name_attrs
clean_key,2023-03-01,NAME:e98e83a57b,TRANSMISSION SYSTEM STRENGTHENING SCHEME FOR EVACUATION OF POWER FROM SOLAR ENERGY ZONES IN RAJASTHAN (8.1 GW) UNDER PHASE-II- PART C,,2,PRJ-003950,TRANSMISSION SYSTEM STRENGTHENING SCHEME FOR EVACUATION OF POWER FROM SOLAR ENERGY ZONES IN RAJASTHAN (8.1 GW) UNDER PHASE II – PART B1,0.9117,name_attrs
clean_key,2010-01-01,OCMS:N16000090,INTEGRATED OFFSHORE CRUDE OIL HANDLING FACILITIES,OCMS:N16000090,44,PRJ-001105,Integrated crude Oil handling facilities,0.9133,name_attrs
clean_key,2014-09-01,NAME:f83534f8be,DEVELOPMENT OF B-22 CLUSTER FIELDS,,3,PRJ-000631,DEVELOPMENT OF B-22 CLUSTER FIELDS,0.9135,name_attrs
clean_key,2009-03-01,OCMS:N18000026,ENHANCEMENT OF TRANSMISSION CAPACITY IN EAST-WEST,OCMS:N18000026,10,PRJ-000578,ENHANCEMENT OF TRANSMISSION CAPACITY IN EAST- WEST CORRIDOR,0.9141,name_attrs
clean_key,2009-03-01,OCMS:240106254,"RAJASTHAN/MP BORDER TO KOTA(RJ-10), KM.509- 449.15, NH-76",OCMS:240106254,1,PRJ-000422,"RAJASTHAN/MP BORDER- KOTA, KM.509-KM.449.15, NH-76",0.9143,name_attrs
clean_key,2009-03-01,OCMS:N12000010,COKING COAL FACILITIES IN COAL HANDLING PLANT,OCMS:N12000010,8,PRJ-000542,Coking Coal Storage Facilities in Coal Handling Plant,0.915,name_attrs
clean_key,2023-06-01,NAME:4eaf5b28dc,WIDENING TO 2 LANE WITH PAVED SHOULDERS FROM KM 34.00 TO 70.900 OF NH-150 UNDER EPC MODE IN THE STATE OF KARNATAKA,,1,PRJ-003348,WIDENING TO 2 LANE WITH PAVED SHOULDERS FROM KM 34.00 TO 70.900 OF NH-150 UNDER EPC MODE IN THE STAT,0.9153,name_attrs
clean_key,2022-12-01,NAME:fc23edb965,REBUILDING OF COKE OVEN BATTERY-2 ALONGWITH AUGMENTATION OF COKE HANDLING AND GAS HANDLING FACILITY AT RSP,,1,PRJ-002808,REBUILDING OF COKE OVEN BATTERY-2 ALONGWITH AUGMENTATION OF COKE HANDLING AND GAS HANDLING FACILITY,0.9157,name_attrs
clean_key,2018-03-01,NAME:d0a75bd65a,"ALUABARI ROAD SILIGURI JUNCTION VIA GALGALIA, NEFR",,1,PRJ-000729,Aluabari road- Siliguri Junction via Galgalia,0.9158,name_attrs
clean_key,2022-09-01,NAME:7d2c83d58f,2 LANING FROM KANUBARI TO START OF BOGIBEEL BRIDGE APPROACHES OF NH-52B(EXTN) IN,,1,PRJ-002047,2 LANING FROM KANUBARI TO START OF BOGIBEEL BRIDGE APPROACHES OF NH-52B(EXTN) IN ASSAM,0.9165,name_attrs
clean_key,2017-09-01,NAME:422dc5599c,INSTALLATION OF DIESEL HYDROTREATMENT UNIT (DHT) AND ASSOCIATED FACILITIES,,3,PRJ-001929,INSTALLATION OF DIESEL HYDROTREATMENT UNIT (DHT) AND ASSOCIATED FACILITIES,0.918,name_attrs
clean_key,2009-03-01,OCMS:N22000082,"ALUABARI ROAD SILIGURI JUNCTION VIA GALGALIA, NEFR",OCMS:N22000082,97,PRJ-000729,Aluabari road- Siliguri Junction via Galgalia,0.9183,name_attrs
clean_key,2017-03-01,NAME:f84ea6c6aa,TRANSMISSION SYSTEM FOR DEVELOPMENT OF POOLING STN. IN NR PART OF WEST BENGAL AND TRANSFER OF POWER FROM BHUTAN TO NR/WR,,1,PRJ-001165,TRANSMISSION SYSTEM FOR DEVELOPMENT OF POOLING STN. IN NR PART OF WEST BENGAL AND TRANSFER OF POWER,0.9189,name_attrs
clean_key,2015-12-01,NAME:3905fc6d6b,DEVELOPMENT OF CLUSTER-7 FIELDS,,2,PRJ-001201,Development of Cluster-7 Fields,0.9195,name_attrs
clean_key,2015-06-01,NAME:4502ef7943,DEVELOPMENT OF CLUSTER-7 FIELDS,,1,PRJ-001201,Development of Cluster-7 Fields,0.9195,name_attrs
