tree
version=v4
num_class=1
num_tree_per_iteration=1
label_index=0
max_feature_idx=61
objective=binary sigmoid:1
feature_names=physical_progress_pct elapsed_ratio cost_variation_pct expenditure_ratio burn_gap spi months_to_scheduled_completion months_to_anticipated_completion slip_to_date_months revisions_so_far months_since_last_revision log_cost cost_band progress_velocity_2q progress_velocity_4q spend_velocity_2q acceleration stagnation_quarters velocity_vs_sector_median expected_progress_scurve scurve_deviation sector_actual_target_ratio sector_yoy_growth sector_trend_4q agency_slip_rate agency_cost_optimism agency_n agency_slip_4q sector_slip_4q sector state obs_count_in_quarter months_since_last_obs dq_score period_type ext_open_land ext_open_forest_env ext_open_litigation ext_open_contractor ext_open_funding ext_open_utility_shifting ext_open_inter_agency ext_open_law_order ext_open_weather ext_open_total ext_ever_land ext_ever_forest_env ext_ever_litigation ext_ever_contractor ext_ever_funding ext_ever_utility_shifting ext_ever_inter_agency ext_ever_law_order ext_ever_weather ext_months_since_first_land ext_months_since_first_forest_env ext_remark_quarters fc_expected_complexity la_linked la_complexity_max_by_t la_parcels_by_t la_notif_span_by_t
feature_infos=[0:100] [0:3] [-91.487091197541318:3531.983695652174] [0:2.8240934449093444] [-100:198.48050983305313] [0:5] [-211:140] [-120:140] [-62:219] [0:19] [0:144] [4.6200587984818418:11.589895765322749] [0:3] [-50:50] [-25:25] [-109.34739655973968:124.49167346821885] [-100:100] [0:9] [-55.25:49.099999999999994] [0:100] [-100:69.280000000000001] [0.46842105263157896:5.5947862356621476] [-22.299999999999997:90.283333333333346] [-4.9608333333333325:85.75500000000001] [0:1] [-10.394059251432994:29.988410789531677] [0:4779] [0.0069938276777178274:0.94179464715178995] [0.041275556127041271:0.86681862585477054] -1:15:14:13:2:12:18:21:22:1:19:16:0:4:7:10:8:5:9:6:17:3:11 -1:23:19:3:35:25:33:14:4:6:30:18:10:1:15:28:13:31:2:8:11:20:24:34:22:29:27:16:12:32:21:17:9:0:7:5:26 [1:4] [1:57] [0.40000000000000002:1] -1:1:0 [0:1] [0:1] [0:1] [0:1] [0:1] [0:1] [0:1] [0:1] [0:1] [0:6] [0:1] [0:1] [0:1] [0:1] [0:1] [0:1] [0:1] [0:1] [0:1] [0:114] [0:114] [0:25] [3:6.5] [0:1] [0:4] [14:2201] [59:3013]
tree_sizes=1711 1758 1755 1745 1760 1761 1765 1741 1740 1771 1758 1758 1740 1760 1748 1757 1747 1771 1746 1749 1748 1760 1740 1744 1761 1756 1757 1773 1744 1750 1752 1762 1760 1765 1782 1775 1751 1749 1765 1786 1771 1764 1768 1784 1752 1751 1753 1781 1757 1758 1762 1770 1758 1769 1778 1769 1784 1750 1775 1738 1743 1766 1776 1753 1785 1760 1770 1762 1782 1751 1768 1790 1768 1784 1741 1764 1764 1773 1765 1792 1761 1793 1784 1753 1782 1775 1761 1779 1764 1781 1779 1776 1778 1757 1785 1786 1765 1801 1781 1763 1781 1775 1777 1768 1769 1784 1763 1770 1782 1786 1790 1778 1764 1787 1766 1775 1767 1760 1763 1764 1753 1787 1788 1761 1748 1759 1783 1777 1772 1775 1759 1783 1773 1746 1786 1777 1793 1769 1780 1778 1782 1749 1771 1731 1774 1780 1770 1803 1791 1784 1787 1772 1777 1775 1788 1776 1770 1761 1787 1773 1774 1763 1786 1758 1769 1758 1795 1757 1778 1768 1766 1777 1756 1778 1762 1789 1761 1746 1778 1756 1767 1757 1793 1775 1763 1772 1779 1776 1768 1763 1772 1750 1802 1790 1783 1791 1782 1797 1761 1750 1784 1772 1749 1761 1773 1773 1782 1742 1763 1780 1780 1760 1793 1778 1777 1767 1766 1777 1773 1761 1756 1742 1737 1781 1760 1759 1772 1758 1784 1779 1767 1758 1742 1756 1734 1781 1776 1802 1773 1777 1777 1769 1778 1757 1778 1775 1764 1767 1780 1789 1765 1740 1742 1756 1759 1751 1761 1744 1781 1784 1785 1785 1759 1742 1781 1763 1780 1751 1782 1769 1766 1792 1778 1757 1776 1780 1747 1770 1743 1751 1805 1768 1775 1745 1786 1782 1777 1765 1770 1771 1779 1785 1764 1766 1762 1768 1720 1778 1784 1768

Tree=0
num_leaves=15
num_cat=2
split_feature=6 29 8 23 56 1 8 6 3 29 0 26 6 19
split_gain=3587.01 489.978 223.106 192.606 285.029 166.772 149.04 133.113 128.392 113.646 103.696 92.9324 84.3397 76.92
threshold=21.500000000000004 0 -2.4999999999999996 13.847500000000002 1.5000000000000002 0.31444622792937404 20.500000000000004 17.500000000000004 0.044290765588752591 1 99.77500000000002 385.50000000000006 -1.4999999999999998 37.000000000000007
decision_type=10 9 10 10 2 8 8 10 10 9 10 2 10 8
left_child=1 6 -2 7 11 -4 -1 10 -8 -7 -3 -5 -10 -11
right_child=2 3 5 4 -6 9 8 -9 12 13 -12 -13 -14 -15
leaf_value=0.94203979349020162 0.94288801819694701 0.96377863500874072 0.80001635874047261 0.75487985406429181 0.97455062038812523 0.89341021163185363 0.83861491627681506 0.91676957612765886 0.91342821272227392 0.78357056003531134 0.83501451985760122 0.87902669016132151 0.85009151990564313 0.84212204959788683
leaf_weight=259.06960561871529 39.982395827770233 1902.6316626816988 415.32733625173569 28.558854162693024 55.485773801803589 123.41504834592342 81.18874254822731 171.55711679160595 449.39396943151951 79.352816209197044 14.891402527689932 32.434698656201363 58.545651033520699 214.39539803564548
leaf_count=1270 196 9327 2036 140 272 605 398 841 2203 389 73 159 287 1051
internal_value=0.917433 0.942982 0.828082 0.955301 0.893068 0.822544 0.910574 0.958963 0.896605 0.845199 0.962736 0.819215 0.90601 0.828905
internal_weight=3926.23 3053.76 872.473 2205.56 116.479 832.491 848.198 2089.08 589.128 417.163 1917.52 60.9936 507.94 293.748
internal_count=19247 14970 4277 10812 571 4081 4158 10241 2888 2045 9400 299 2490 1440
cat_boundaries=0 1 2
cat_threshold=6373540 2371586
is_linear=0
shrinkage=1


Tree=1
num_leaves=15
num_cat=2
split_feature=7 29 7 7 6 7 24 61 23 30 0 24 3 23
split_gain=4115.61 447.495 262.13 200.846 172.209 144.108 90.2982 67.7368 66.6725 62.9358 61.592 54.8041 50.6644 74.3383
threshold=20.500000000000004 0 -1.4999999999999998 17.500000000000004 24.500000000000004 30.500000000000004 0.39729315860493564 2430.5000000000005 18.59354166666667 1 99.020000000000024 0.32480770881160298 0.0001708931943087471 13.847500000000002
decision_type=2 9 2 2 10 2 10 8 10 9 8 8 10 10
left_child=2 5 10 7 9 6 11 -4 -5 -3 -1 -2 13 -9
right_child=1 4 3 8 -6 -7 -8 12 -10 -11 -12 -13 -14 -15
leaf_value=0.0057277023208900518 -0.07504902411123876 0.021757012253370123 -0.051542379285743435 0.0093355160479086947 -0.066946836398338816 -0.12425847974656233 -0.10997135262495512 0.032864743492436115 -0.10276168643426804 -0.0281185532833894 -0.070726466740830149 -0.020052170647865242 0.050841668034653426 -0.083138418024589406
leaf_weight=46.452591359615326 120.09175145626068 69.360071212053299 16.103536933660507 281.67337463796139 360.83272148668766 316.88542544841766 120.15632916986942 83.190279170870781 12.919250220060347 379.57036684453487 59.430297493934631 73.878459095954895 1938.869215503335 15.541185215115545
leaf_count=231 574 341 80 1389 1711 1496 574 414 62 1852 290 355 9662 73
internal_value=-0.000135471 -0.0671883 0.0392406 0.0427127 -0.0407638 -0.0987723 -0.0758839 0.0482485 0.00408852 -0.0205229 -0.037445 -0.0543124 0.049062 0.0139543
internal_weight=3894.95 1440.78 2454.18 2348.3 809.763 631.012 314.127 2053.7 294.593 448.93 105.883 193.97 2037.6 98.7315
internal_count=19104 6903 12201 11680 3904 2999 1503 10229 1451 2193 521 929 10149 487
cat_boundaries=0 1 3
cat_threshold=4292612 273772612 5
is_linear=0
shrinkage=0.05


Tree=2
num_leaves=15
num_cat=4
split_feature=1 29 57 3 1 30 23 30 8 1 26 0 29 27
split_gain=2016.8 557.424 222.673 150.134 148.62 110.432 108.855 90.7951 83.1004 76.558 71.412 72.3132 63.6714 63.8283
threshold=0.49796747967479676 0 4.7500000000000009 0.020618488919698749 0.31444622792937404 1 6.557291666666667 2 -2.4999999999999996 0.71162508662508672 2.5000000000000004 99.020000000000024 3 0.11566072774068081
decision_type=8 9 2 10 10 9 10 9 10 10 2 10 9 10
left_child=2 3 4 6 8 -3 -2 10 -1 -9 -5 -12 -6 -14
right_child=1 5 -4 7 12 -7 -8 9 -10 -11 11 -13 13 -15
leaf_value=0.041260079515645316 0.0072710231710543562 -0.030438464905971369 -0.11036396226933742 -0.045904536005207421 0.00045134335254910595 0.0037831168425598426 -0.10302975311243663 0.024438731127970494 -0.075764580943634544 0.050896004239761962 0.028693771442874674 -0.084792843861014766 0.016425973609038091 -0.059950700120727798
leaf_weight=15.187167853116987 113.52229605615139 410.55065356194973 201.20081004500389 41.550203800201416 144.90837681293488 535.6343187391758 26.82376092672348 361.37210334837437 387.68703797459602 1161.7379966378212 290.21643370389938 13.793970316648482 32.813645660877228 152.89243040978909
leaf_count=74 565 1987 907 211 704 2616 123 1799 1792 5911 1471 65 161 724
internal_value=0.000177087 0.0204268 -0.0637997 0.035222 -0.0508939 -0.0112448 -0.0143901 0.0391422 -0.0712619 0.0443479 0.0144391 0.0232834 -0.0259342 -0.0440786
internal_weight=3889.89 2955.2 934.689 2009.02 733.489 946.185 140.346 1868.67 402.874 1523.11 345.561 304.01 330.614 185.706
internal_count=19110 14748 4362 10145 3455 4603 688 9457 1866 7710 1747 1536 1589 885
cat_boundaries=0 1 3 5 6
cat_threshold=832531 998548800 12 2282390019 4 274562
is_linear=0
shrinkage=0.05


Tree=3
num_leaves=15
num_cat=4
split_feature=7 29 7 7 7 1 29 30 26 29 1 23 23 1
split_gain=3499.35 386.626 210.3 177.289 122.857 114.568 79.7853 73.1449 79.1246 121.774 66.5007 55.964 55.0565 43.0618
threshold=20.500000000000004 0 -4.4999999999999991 17.500000000000004 29.500000000000004 0.42438536306460845 1 2 97.500000000000014 3 0.47106647537063612 30.505416666666672 7.9493750000000007 0.11922530206112296
decision_type=2 9 2 2 2 8 9 9 2 9 10 10 10 10
left_child=2 4 -1 7 10 13 -7 8 9 11 -2 -4 -5 -3
right_child=1 5 3 12 -6 6 -8 -9 -10 -11 -12 -13 -14 -15
leaf_value=-0.041766333059166091 -0.09316923402349922 -0.088647528063137304 -0.018306593082624664 0.0086659586007631455 -0.10975370566771547 0.01377385068429374 -0.031888703294639491 0.053013716199164708 0.044519294193559038 0.03792548763512061 -0.045259928119080972 -0.12958697687120335 -0.093479571881983581 -0.047569709577803328
leaf_weight=79.485867097973824 128.84095603227615 88.073280975222588 101.30909003317356 273.5124729424715 358.78443847596645 124.77261047065258 365.28287467360497 1317.46438357234 421.04813235998154 146.86060318350792 172.80830930173397 11.797809466719626 12.859436124563215 251.11686500906944
leaf_count=384 576 394 510 1355 1586 620 1747 6810 2172 749 814 53 59 1145
internal_value=-1.97882e-05 -0.0600194 0.0377931 0.0405779 -0.088544 -0.0357256 -0.0206271 0.0458478 0.0307 0.00940952 -0.0659633 -0.0284542 0.00376982 -0.0584651
internal_weight=3854.02 1489.68 2364.34 2284.85 660.434 829.246 490.055 1998.48 681.016 259.968 301.649 113.107 286.372 339.19
internal_count=18974 6882 12092 11708 2976 3906 2367 10294 3484 1312 1390 563 1414 1539
cat_boundaries=0 1 2 4 5
cat_threshold=4292612 271362 2552989459 12 114816
is_linear=0
shrinkage=0.05


Tree=4
num_leaves=15
num_cat=3
split_feature=7 29 7 7 7 8 30 24 61 24 23 24 29 23
split_gain=3178.81 282.392 228.637 169.101 133.491 132.458 119.347 74.5845 62.488 51.7024 50.6688 215.012 54.7536 46.1815
threshold=20.500000000000004 0 -1.4999999999999998 17.500000000000004 29.500000000000004 1.5000000000000002 1 0.39768474650893465 2248.0000000000005 0.30256308198833176 30.505416666666672 0.5225764420550798 2 8.5181250000000031
decision_type=2 9 2 2 2 8 9 10 8 8 10 10 9 10
left_child=2 4 -1 8 7 -3 -7 9 -4 -2 12 -12 -10 -5
right_child=1 5 3 13 -6 6 -8 -9 10 -11 11 -13 -14 -15
leaf_value=-0.034628569172962136 -0.062300614319975224 -0.055022631501619103 -0.052585686323663207 0.0090073158351998018 -0.094709164608002827 -0.036287792523786298 0.019453383722827108 -0.084841265888178863 0.051577796711298932 -0.017868934017877501 -0.13083698639828903 0.06177058999958579 0.025156483992976361 -0.087551385186977873
leaf_weight=106.72899097204208 124.53906445205212 301.75237442553043 15.367464512586592 284.85263000428677 452.18823446333408 191.85982190072536 173.79345414042473 135.72351412475109 1566.0556066632271 139.23861101269722 19.827636271715164 46.617555513978004 305.70106099545956 11.946444079279898
leaf_count=512 564 1358 75 1416 1959 909 848 603 8323 651 88 245 1562 53
internal_value=0.000284203 -0.0560969 0.0366289 0.0400224 -0.0751695 -0.0301069 -0.0102726 -0.0547486 0.0453623 -0.0390028 0.0461656 0.00320763 0.0476881 0.00483979
internal_weight=3876.19 1519.1 2357.1 2250.37 851.689 667.406 365.653 399.501 1953.57 263.778 1938.2 66.4452 1871.76 296.799
internal_count=19166 6892 12274 11762 3777 3115 1757 1818 10293 1215 10218 333 9885 1469
cat_boundaries=0 1 3 4
cat_threshold=4296708 193758482 10 831495
is_linear=0
shrinkage=0.05


Tree=5
num_leaves=15
num_cat=4
split_feature=7 29 7 7 6 7 30 28 15 30 0 29 26 0
split_gain=2883.66 270.701 190.505 135.043 79.9506 74.2623 65.5785 56.8213 55.7588 47.6231 70.5689 69.8833 86.2519 47.0273
threshold=20.500000000000004 0 -1.4999999999999998 17.500000000000004 26.500000000000004 32.500000000000007 1 0.41218285638239799 1.0000000180025095e-35 2 0.50500000000000012 3 118.50000000000001 99.020000000000024
decision_type=2 9 2 2 10 2 9 10 8 9 10 9 2 8
left_child=2 5 13 9 6 7 -3 -2 -8 10 11 12 -4 -1
right_child=1 4 3 -5 -6 -7 8 -9 -10 -11 -12 -13 -14 -15
leaf_value=0.0095640387861462041 -0.048065346835821497 0.030115372782654328 -0.053124749658968899 0.0071418283107515445 -0.051861912564158168 -0.095831713264432003 -0.064226165253558176 -0.089598573619176669 -0.018848340801951993 0.048727708609116932 0.046636419216940742 0.041602226440060425 0.023773857755753476 -0.055933600816400822
leaf_weight=47.358513951301575 251.27595064043999 50.296346142888069 70.82638593018055 288.78001460433006 339.65160670876503 304.16651962697506 81.271745517849922 126.24563449621201 392.43880712985992 1415.6722185611725 250.86895488202572 83.020999774336815 73.20532663166523 63.227546662092209
leaf_count=233 1117 251 349 1433 1495 1271 377 544 1844 7675 1346 447 394 291
internal_value=0.000201143 -0.0525703 0.035774 0.0390195 -0.0326076 -0.0761835 -0.0206735 -0.0621543 -0.0262005 0.0438746 0.0278289 0.00815544 -0.0132335 -0.0280499
internal_weight=3838.31 1545.35 2292.96 2182.37 863.659 681.688 524.007 377.522 473.711 1893.59 477.922 227.053 144.032 110.586
internal_count=19067 6899 12168 11644 3967 2932 2472 1661 2221 10211 2536 1190 743 524
cat_boundaries=0 1 3 5 6
cat_threshold=98308 5312580 5 2552922643 4 2211840
is_linear=0
shrinkage=0.05


Tree=6
num_leaves=15
num_cat=3
split_feature=6 29 23 56 30 8 3 0 8 6 24 1 1 30
split_gain=1808.77 324.047 171.615 201.983 154.847 97.5706 89.1657 78.5116 76.5219 76.068 64.2498 62.4148 47.5558 50.5587
threshold=19.500000000000004 0 13.847500000000002 1.5000000000000002 1 20.500000000000004 0.034373870243523043 99.305000000000021 -2.4999999999999996 25.500000000000004 0.5225764420550798 0.49796747967479676 0.97010456698543224 2
decision_type=10 9 10 2 9 8 10 10 10 10 10 8 8 9
left_child=1 2 7 10 9 -3 -7 -1 -6 -2 -4 -10 -8 -14
right_child=4 5 3 -5 8 6 12 -9 11 -11 -12 -13 13 -15
leaf_value=0.038910717378905606 -0.042962057191561827 0.024423227910228565 -0.11660020619351341 0.052582984893289414 0.038009524957921363 -0.0623696877846798 -0.059465201666805939 -0.063367568071009753 -0.049079012518934401 -0.086351402961670695 -0.0012423816831046875 -0.012683079356952003 -0.01924676929959613 0.012628410745579348
leaf_weight=1760.0917838066816 142.63943113386631 223.12936593592167 44.613614708185196 44.678492337465286 33.907115370035172 81.946982562541962 38.188974067568779 18.104987472295761 404.53259572386742 375.27780169248581 16.443193167448044 167.24021100997925 220.16445165872574 258.80019429326057
leaf_count=9613 643 1151 193 247 161 370 168 85 1730 1577 81 765 1056 1288
internal_value=0.000504149 0.0226453 0.0339729 -0.027529 -0.0527952 -0.00368664 -0.0142406 0.0378343 -0.0335833 -0.0730987 -0.0860539 -0.0384741 -0.0065085 -0.00217104
internal_weight=3829.76 2706.16 1883.93 105.735 1123.6 822.23 599.101 1778.2 605.68 517.917 61.0568 571.773 517.154 478.965
internal_count=19128 14252 10219 521 4876 4033 2882 9698 2656 2220 274 2495 2512 2344
cat_boundaries=0 1 3 5
cat_threshold=832531 311187534 10 713393474 8
is_linear=0
shrinkage=0.05


Tree=7
num_leaves=15
num_cat=6
split_feature=7 29 7 7 1 34 30 0 29 29 1 20 30 7
split_gain=2379.09 233.886 168.452 147.226 88.2627 85.6937 61.5871 64.9711 73.7191 56.0029 51.3337 44.2804 42.9815 42.6627
threshold=20.500000000000004 0 -2.4999999999999996 17.500000000000004 0.22767145135566189 1 2 0.50500000000000012 3 4 2.5543735224586293 -0.094999999999997073 5 29.500000000000004
decision_type=2 9 2 2 8 1 9 10 9 9 10 8 9 2
left_child=2 5 12 6 -3 11 7 8 10 -6 -4 -2 -1 -7
right_child=1 4 3 -5 9 13 -8 -9 -10 -11 -12 -13 -14 -15
leaf_value=0.027960633869072018 -0.056784920153823838 -0.058216885812883618 -0.00081233779071646919 0.0030656085355029814 0.0022522739329005246 -0.032907535225071442 0.048205905473140444 0.042677116768879961 0.040284202437586979 -0.029094199004443974 -0.079598636038536036 -0.097129269057983525 -0.043466416627621546 -0.068470279660014885
leaf_weight=21.760480403900146 99.445245489478111 197.4843322634697 149.83946980535984 285.28320926427841 203.79097254574299 170.97000148892403 1244.209597080946 309.67379300296307 103.5394561290741 498.75416369736195 22.988090693950653 260.38357497751713 79.039575397968292 172.54540285468102
leaf_count=104 424 831 786 1427 970 750 7050 1726 578 2265 114 1072 370 710
internal_value=-8.02335e-05 -0.0464579 0.0334768 0.0364875 -0.0284319 -0.0680814 0.0416925 0.0265323 0.00930961 -0.0203926 -0.0110536 -0.0861676 -0.0294469 -0.0509173
internal_weight=3819.71 1603.37 2216.33 2115.53 900.029 703.344 1830.25 586.041 276.367 702.545 172.828 359.829 100.8 343.515
internal_count=19177 7022 12155 11681 4066 2956 10254 3204 1478 3235 900 1496 474 1460
cat_boundaries=0 1 2 4 5 6 8
cat_threshold=98308 2 2552988435 13 2211840 271362 268959744 2
is_linear=0
shrinkage=0.05


Tree=8
num_leaves=15
num_cat=5
split_feature=7 29 7 7 34 1 30 26 29 23 0 19 30 7
split_gain=2116.92 186.292 174.621 130.969 80.4774 75.9767 61.5852 97.0754 125.353 60.9213 54.7115 46.6757 45.6731 43.7076
threshold=20.500000000000004 0 -1.4999999999999998 17.500000000000004 1 0.15430402930402934 2 97.500000000000014 3 30.505416666666672 99.020000000000024 41.750000000000007 4 29.500000000000004
decision_type=2 9 2 2 1 8 9 2 9 10 8 8 9 2
left_child=2 4 10 6 -2 -3 7 8 9 -4 -1 -8 -7 -6
right_child=1 5 3 -5 13 12 11 -9 -10 -11 -12 -13 -14 -15
leaf_value=0.012872492799981972 -0.080117664598349292 -0.063050299326710593 -0.017443273652954696 0.0040600516621445244 -0.027511372076217861 0.013828169137381441 0.020167194061578644 0.042487513454357535 0.038026178979330583 -0.11196031754375457 -0.057423081345088084 0.051772279506025677 -0.025313608848398089 -0.063277540682166136
leaf_weight=46.890095993876457 359.51690164208412 126.93884918093681 114.17415516078472 285.26157011091709 168.05935442447662 80.20228299498558 133.89239607751369 392.75734463334084 119.87199026346207 19.165253266692162 65.495026335120201 1018.9589574187994 682.31339405477047 178.54639063775539
leaf_count=233 1476 527 595 1428 731 388 775 2252 680 80 293 5934 3069 728
internal_value=0.000441386 -0.0433751 0.0322762 0.0355515 -0.0626059 -0.0270482 0.0405405 0.0265456 0.00279232 -0.0295603 -0.028239 0.0477088 -0.0213343 -0.0460646
internal_weight=3792.04 1595.58 2196.47 2084.08 706.123 889.455 1798.82 645.969 253.211 133.339 112.385 1152.85 762.516 346.606
internal_count=19189 6919 12270 11744 2935 3984 10316 3607 1355 675 526 6709 3457 1459
cat_boundaries=0 1 2 4 5 7
cat_threshold=98308 2 2552989459 7 2211968 2689671236 5
is_linear=0
shrinkage=0.05


Tree=9
num_leaves=15
num_cat=3
split_feature=3 19 21 28 19 30 0 15 15 56 28 30 30 24
split_gain=568.372 223.656 172.547 152.456 132.891 106.895 82.2935 74.1261 70.6288 59.0035 54.482 47.5192 43.2801 43.2332
threshold=0.22815621088849844 39.500000000000007 1.3570291040850917 0.319267179861354 9.5000000000000018 0 98.355000000000004 0.33412764750142215 0.066567969867256785 1.5000000000000002 0.31504908639074841 1 2 0.26235742529132383
decision_type=10 8 8 8 8 9 10 10 8 2 8 9 9 10
left_child=2 10 9 8 -4 -6 12 -7 -3 -1 -2 -10 -5 -9
right_child=1 3 4 6 5 7 -8 13 11 -11 -12 -13 -14 -15
leaf_value=-0.087747314576748281 -0.088265026278195852 -0.03156094283354282 -0.054270788281749444 0.016203845706535724 0.031839971506702584 -0.022669279679675275 -0.035888471834317308 -0.019412519969960955 -0.008294346199174827 -0.035747839725682122 -0.02117333273222842 0.022433555991128881 0.040816714485479813 0.015904092669447478
leaf_weight=110.04031629860401 42.55188013613224 118.60062958300114 184.48561249673367 280.16959677636623 133.46435292065144 796.15174798667431 40.940613076090813 129.70230819284916 197.70006076991558 111.81433503329754 102.3072624951601 322.87985251843929 917.79046061635017 256.25556401908398
leaf_count=460 180 580 797 1559 707 3707 211 593 968 506 511 1688 5310 1320
internal_value=0.000351374 0.0183187 -0.0207554 0.0229407 -0.0146453 -0.00905149 0.0331664 -0.0138434 0.00309971 -0.0618177 -0.0413513 0.0110416 0.0355543 0.00401634
internal_weight=3744.85 2022.94 1721.91 1878.08 1500.06 1315.57 1238.9 1182.11 639.181 221.855 144.859 520.58 1197.96 385.958
internal_count=19097 11007 8090 10316 7124 6327 7080 5620 3236 966 691 2656 6869 1913
cat_boundaries=0 2 4 5
cat_threshold=561160708 1 445125714 5 2150279683
is_linear=0
shrinkage=0.05


Tree=10
num_leaves=15
num_cat=6
split_feature=7 29 7 7 1 7 30 30 26 29 30 30 22 19
split_gain=1936.57 159.962 148.07 127.801 82.7228 76.2023 71.2243 61.6671 81.2989 106.161 45.0267 41.7362 41.1329 44.9748
threshold=20.500000000000004 0 -1.4999999999999998 17.500000000000004 0.22767145135566189 34.500000000000007 1 2 97.500000000000014 3 4 5 0.8633333333333334 87.715000000000018
decision_type=2 9 2 2 8 2 9 9 2 9 9 9 10 10
left_child=2 4 11 7 -2 10 -6 8 9 12 -3 -1 13 -4
right_child=1 5 3 -5 6 -7 -8 -9 -10 -11 -12 -13 -14 -15
leaf_value=0.028223404123888227 -0.05607638554629342 -0.066341622549194401 0.0025054439527652668 0.0031783758460107638 -0.035586816503362775 -0.073015254861418827 0.0015318347899579544 0.045464727867681742 0.039453772969852627 0.033264400166992371 -0.031162937687298848 -0.038424042334997847 -0.097207766750627519 -0.075252400538545303
leaf_weight=24.120140105485916 144.24053357541561 167.26113763451576 62.614502772688866 293.35168178379536 205.27381126582623 387.36488877236843 327.05019815266132 1181.3732857257128 330.24070639908314 109.82506483793259 378.96377916634083 88.774356499314308 21.112910464406013 25.415630295872688
leaf_count=116 593 702 325 1472 913 1573 1524 7137 1947 636 1619 408 89 127
internal_value=-0.000598857 -0.0419937 0.0305983 0.0337079 -0.0222862 -0.0554051 -0.0134602 0.0388782 0.0234017 0.000187162 -0.0438185 -0.0249575 -0.0331106 -0.0205375
internal_weight=3746.98 1610.15 2136.83 2023.93 676.565 933.59 532.324 1730.58 549.209 218.968 546.225 112.894 109.143 88.0301
internal_count=19181 6924 12257 11733 3030 3894 2437 10261 3124 1177 2321 524 541 452
cat_boundaries=0 1 3 5 6 8 10
cat_threshold=2385026 444630274 10 2552922899 6 2211840 1345079324 2 34078720 2
is_linear=0
shrinkage=0.05


Tree=11
num_leaves=15
num_cat=4
split_feature=7 29 7 7 30 61 0 30 5 25 23 23 24 30
split_gain=1764.79 161.882 144 121.449 71.4695 66.7312 60.515 53.7766 43.8257 39.5131 37.7737 34.8843 128.242 33.2062
threshold=20.500000000000004 0 1.5000000000000002 17.500000000000004 1 1286.5000000000002 98.915000000000006 2 1.0000000180025095e-35 11.732221978744528 8.5181250000000031 30.505416666666672 0.5225764420550798 3
decision_type=2 9 2 2 9 8 8 9 8 10 10 10 10 9
left_child=2 7 6 5 -3 -4 8 -2 -1 11 -5 13 -13 -7
right_child=1 4 3 10 -6 9 -8 -9 -10 -11 -12 12 -14 -15
leaf_value=-0.061551527378030657 -0.072665222136985466 -0.044910134891351657 -0.084443378830475146 0.0085132500171161678 -0.013305461049162325 0.022230251937647407 -0.040644414524331623 -0.040310086368822655 0.035757303097121503 -0.058174624801105745 -0.076214585612914623 -0.10081903430087638 0.055221914879971669 0.045956226270595174
leaf_weight=13.083137914538382 341.11440771818161 262.91705715656281 9.8316336423158628 271.58710972964764 611.63026449084282 245.06203463673592 91.899004578590393 406.69736902415752 65.049154713749886 9.2210570871829969 12.824618518352507 18.838911727070808 38.156297966837883 1310.5972981750965
leaf_count=64 1384 1132 48 1376 2736 1423 433 1689 360 52 55 78 235 8069
internal_value=0.000284928 -0.0388145 0.0306959 0.0346081 -0.0232467 0.0398607 -0.0133363 -0.0559083 0.0188912 0.0406658 0.00443908 0.0412666 0.00279585 0.0426734
internal_weight=3708.51 1622.36 2086.15 1916.12 874.547 1631.71 170.031 747.812 78.1323 1621.88 284.412 1612.65 56.9952 1555.66
internal_count=19134 6941 12193 11336 3868 9905 857 3073 424 9857 1431 9805 313 9492
cat_boundaries=0 1 3 5 7
cat_threshold=4292613 444599298 2 1110198348 2 403341825 4
is_linear=0
shrinkage=0.05


Tree=12
num_leaves=15
num_cat=4
split_feature=7 1 7 29 8 7 19 0 20 23 26 29 29 29
split_gain=1565.09 153.292 134.374 111.578 82.8642 75.005 62.8092 53.0566 47.9859 47.5274 130.46 50.8493 46.576 37.4871
threshold=19.500000000000004 0.38501602564102572 1.5000000000000002 0 -2.4999999999999996 43.500000000000007 38.500000000000007 98.915000000000006 -84.399999999999991 13.847500000000002 385.50000000000006 1 2 3
decision_type=2 8 2 9 10 2 8 8 8 10 2 9 9 9
left_child=2 4 7 -3 -2 13 -4 8 -1 11 -11 -8 -6 -5
right_child=1 3 6 5 12 -7 9 -9 -10 10 -12 -13 -14 -15
leaf_value=-0.067468416408141482 0.047022716900617913 0.016476600957742171 0.007082967500300204 -0.0097007743087978715 -0.024412028674247639 -0.06012519517378611 0.045584054793514496 -0.034590834119318951 0.038025384445204535 -0.096445368292125827 0.047758030180962106 0.017866520095496923 -0.062728986957614474 -0.032213448145690882
leaf_weight=11.949062451720236 19.683384343981743 159.37392136454582 165.57135844230652 374.29468733072281 148.90657903254032 155.87560801208019 1226.7406525611877 95.571008279919624 64.748647376894951 22.780496776103973 45.069540619850159 244.40427798032761 498.12189050018787 426.56072041392326
leaf_count=56 86 789 963 1704 615 657 7746 448 366 94 284 1388 2030 1830
internal_value=0.000281688 -0.0332578 0.0321418 -0.0218941 -0.0522198 -0.0281743 0.0363931 -0.00989219 0.0209332 0.0395398 -0.00135553 0.0414256 -0.0553067 -0.0222397
internal_weight=3659.65 1782.82 1876.84 1116.1 666.712 956.731 1704.57 172.269 76.6977 1538.99 67.85 1471.14 647.028 800.855
internal_count=19056 7711 11345 4980 2731 4191 10475 870 422 9512 378 9134 2645 3534
cat_boundaries=0 1 2 3 4
cat_threshold=271362 831511 2363427 2117761
is_linear=0
shrinkage=0.05


Tree=13
num_leaves=15
num_cat=3
split_feature=7 7 7 1 30 0 7 19 8 11 30 30 0 11
split_gain=1434.16 119.643 100.122 91.9478 57.2817 71.882 52.1455 46.9086 45.2264 42.7718 45.3677 42.7082 40.691 38.326
threshold=20.500000000000004 -4.4999999999999991 17.500000000000004 0.31444622792937404 0 96.015000000000015 43.500000000000007 41.750000000000007 -2.4999999999999996 7.9141626744359685 1 2 70.41500000000002 7.2580493429414075
decision_type=2 2 2 8 9 8 2 8 10 2 9 9 8 2
left_child=1 -1 4 8 5 -3 9 12 -2 10 -5 -11 -6 -7
right_child=3 2 -4 6 7 13 -8 -9 -10 11 -12 -13 -14 -15
leaf_value=-0.02877553892067582 0.037976881372095338 0.038615349898027097 0.0036508907093558587 -0.047660122591566267 0.043584682609811326 -0.0059034460363855609 -0.048953597103679337 0.046853011948160869 -0.054374627922817435 -0.027428198942444477 -0.017691364807661609 0.018776492388427251 -0.01205572456562938 0.04243468193092529
leaf_weight=87.20714744925499 12.938726305961607 298.70703022181988 288.05926717817783 187.60388033092022 62.113344326615334 220.90399903059006 209.60707996785641 941.14720705151558 517.9226607978344 72.896702095866203 496.32481415569782 112.83109748363495 67.848861753940582 49.308073684573174
leaf_count=392 56 1860 1456 796 382 1273 889 6138 2095 324 2147 529 419 301
internal_value=0.000155739 0.028259 0.0308522 -0.0350151 0.0356248 0.021379 -0.0265924 0.042568 -0.0520566 -0.0211527 -0.0269236 0.000128413 0.0146665 0.0030412
internal_weight=3625.42 2015.29 1928.09 1610.12 1640.03 568.919 1079.26 1071.11 530.861 869.656 683.929 185.728 129.962 270.212
internal_count=19057 12221 11829 6836 10373 3434 4685 6939 2151 3796 2943 853 801 1574
cat_boundaries=0 2 4 6
cat_threshold=422217491 12 1342991440 2 1082691842 10
is_linear=0
shrinkage=0.05


Tree=14
num_leaves=15
num_cat=5
split_feature=7 29 7 7 30 1 26 23 30 19 29 19 30 7
split_gain=1267.39 149.346 131.274 81.6684 68.7579 62.841 55.7158 86.4273 51.9083 49.6144 42.3613 46.85 40.5566 36.72
threshold=19.500000000000004 0 -4.4999999999999991 27.500000000000004 1 0.11922530206112296 97.500000000000014 7.9493750000000007 2 41.750000000000007 3 87.715000000000018 4 15.500000000000002
decision_type=2 9 2 2 9 8 2 10 9 8 9 10 9 2
left_child=2 3 -1 8 6 -3 7 10 -2 -6 11 -4 -7 -8
right_child=1 5 4 -5 9 12 13 -9 -10 -11 -12 -13 -14 -15
leaf_value=-0.028897012932164786 -0.054183944687155844 -0.054446247720653422 0.0084845218995129573 -0.059697262649139105 0.014585757460664085 0.019204050111439649 0.038592154188493752 -0.088725658065129234 -0.012271172872870542 0.045317661712173767 0.031584919232050798 -0.058737217862506567 -0.015098924999295164 -0.0061259543388986664
leaf_weight=88.991045936942101 111.39836274087429 93.995772570371628 93.62765933573246 454.26181134581566 153.82425804436207 88.330098360776901 301.1763104647398 23.162480100989342 241.2470279186964 948.26573836803436 109.49851189553738 34.7396519780159 802.98433443903923 53.833220288157463
leaf_count=395 468 379 518 1842 932 421 1930 95 1046 6316 675 178 3557 311
internal_value=0.000529819 -0.0292548 0.0300687 -0.0451216 0.0331378 -0.0156125 0.0186455 0.00139575 -0.0275061 0.0406766 0.0105061 -0.00930187 -0.0116358 0.031813
internal_weight=3599.34 1792.22 1807.12 806.907 1718.13 985.31 616.038 261.028 352.645 1102.09 237.866 128.367 891.314 355.01
internal_count=19063 7713 11350 3356 10955 4357 3707 1466 1514 7248 1371 696 3978 2241
cat_boundaries=0 1 3 5 6 8
cat_threshold=4292612 2552988435 14 1342982170 2 2744448 542203972 1
is_linear=0
shrinkage=0.05


Tree=15
num_leaves=15
num_cat=4
split_feature=7 29 7 7 30 34 61 23 0 30 19 5 7 15
split_gain=1213.65 136.845 120.672 101.024 58.0295 53.4393 50.8471 47.4502 45.5491 38.6567 35.4722 35.3147 34.1664 31.7804
threshold=20.500000000000004 0 1.5000000000000002 16.500000000000004 1 2 2430.5000000000005 18.59354166666667 98.915000000000006 3 38.500000000000007 1.0000000180025095e-35 24.500000000000004 4.4153578771733804
decision_type=2 9 2 2 9 1 8 10 8 9 8 8 2 8
left_child=2 5 8 6 12 9 -4 10 11 -2 -5 -1 -3 -6
right_child=1 4 3 7 13 -7 -8 -9 -10 -11 -12 -13 -14 -15
leaf_value=-0.056036394012311287 -0.00014948377409210295 -0.0030209394213021319 -0.051327362175561414 -0.019514051650823316 0.0074955181362024604 -0.033982786102695096 0.038781436690140766 -0.066874567047638389 -0.034997720479811603 -0.065424981236871529 0.019937969123157467 0.031973930169266862 -0.039199830377798436 -0.017895444097641381
leaf_weight=12.931559041142462 34.349584102630615 81.418124571442604 15.021749719977377 67.601076647639275 235.07178016006947 357.47325159609318 1328.1625495702028 18.319906622171402 97.832032352685928 340.27946528792381 339.22769400477409 62.725617706775665 331.38023900985718 257.0613744109869
leaf_count=60 141 354 79 353 1068 1465 8883 81 453 1387 1930 366 1394 1118
internal_value=0.000384708 -0.0313168 0.0271127 0.0310158 -0.0176071 -0.0473302 0.0377363 0.00974485 -0.0126198 -0.061202 0.0133506 0.0163962 -0.0313315 -0.00566181
internal_weight=3578.86 1637.03 1941.82 1768.33 904.932 732.102 1343.18 425.149 173.489 374.629 406.829 75.6572 412.798 492.133
internal_count=19132 6927 12205 11326 3934 2993 8962 2364 879 1528 2283 426 1748 2186
cat_boundaries=0 1 3 4 5
cat_threshold=4292612 1535642882 10 2 2822832128
is_linear=0
shrinkage=0.05


Tree=16
num_leaves=15
num_cat=5
split_feature=7 29 7 1 29 25 1 30 0 30 25 30 7 25
split_gain=1067 126.525 123.968 75.4222 55.4028 74.3818 52.7268 53.1254 55.2319 51.7347 49.9237 50.9757 47.2992 46.3097
threshold=19.500000000000004 0 1.5000000000000002 0.47106647537063612 1 -0.22928450986398463 0.61407355021216425 2 93.280000000000015 3 1.9101589609963625 4 32.500000000000007 7.8454301265326398
decision_type=2 9 2 10 9 8 8 9 8 9 10 9 2 10
left_child=2 3 10 -2 -4 -6 -7 8 -8 -3 11 -1 -5 -9
right_child=1 9 4 12 5 6 7 13 -10 -11 -12 -13 -14 -15
leaf_value=-0.038072087368022083 -0.056110228638990595 -0.03149430749664045 0.047391405689386545 -0.015473586843828054 -0.061716278546906103 -0.0014640622918943318 0.03260121663666278 0.040398407648309646 -0.020881348909078126 -0.0063306066974784976 -0.057471202629785584 0.02393714715664215 -0.055202773139021138 -0.04849963007948889
leaf_weight=38.533575832843781 414.27411089837551 284.57629054784775 492.45295199751854 298.37529587745667 22.732195392251015 133.1405858695507 101.26032224297523 720.71512496471405 90.505163922905922 720.24794787168503 43.244409248232841 89.87999415397644 99.654306352138519 14.149640649557112
leaf_count=188 1703 1222 3385 1279 117 786 659 4985 522 3198 198 488 402 83
internal_value=0.000729575 -0.0260863 0.028627 -0.0406775 0.033023 0.0257735 0.0279495 0.0321728 0.00701825 -0.0137211 -0.0116638 0.00408715 -0.025534 0.0381053
internal_weight=3563.74 1817.13 1746.61 812.304 1574.96 1082.5 1059.77 926.63 191.765 1004.82 171.658 128.414 398.03 734.865
internal_count=19215 7804 11411 3384 10537 7152 7035 6249 1181 4420 874 676 1681 5068
cat_boundaries=0 1 2 4 6 8
cat_threshold=4292612 798724 2282275075 4 411048962 2 2164359434 4
is_linear=0
shrinkage=0.05


Tree=17
num_leaves=15
num_cat=4
split_feature=7 6 7 30 11 5 23 24 30 30 30 26 19 28
split_gain=993.504 135.154 106.809 62.0137 59.4755 58.6651 53.3329 129.258 51.7406 51.4954 45.5438 52.2015 49.4504 45.1551
threshold=18.500000000000004 27.500000000000004 1.5000000000000002 0 6.6595951558452642 0.066978787878787902 13.847500000000002 0.51675026288791692 1 2 3 97.500000000000014 44.500000000000007 0.47948845190271655
decision_type=2 10 2 9 2 8 10 10 9 9 9 2 8 10
left_child=2 3 9 4 -2 -5 10 -8 -3 -1 11 -4 13 -12
right_child=1 8 6 5 -6 -7 7 -9 -10 -11 12 -13 -14 -15
leaf_value=0.022515801505601368 -0.051412650718116217 -0.059137660285104865 -0.0015033274401097113 -0.053568669291508622 -0.01313323204989492 -0.001755370429109648 -0.097309006934512055 0.04222592941616668 -0.028326440126115255 -0.030782897787234604 0.047759912102360816 0.034324970478804395 0.0456884398265089 -0.010741351083895593
leaf_weight=68.025220036506653 186.79158516228199 288.23003865778446 171.27179788053036 58.266339674592018 222.81131505966187 699.51756110787392 25.53184475004673 43.361695945262909 409.44635471701622 98.572143718600273 54.451385200023651 248.86105167865753 846.29044659435749 80.71263276040554
leaf_count=364 805 1191 1024 248 986 3140 106 304 1686 482 348 1691 6137 521
internal_value=-3.05195e-05 -0.0249746 0.0283853 -0.0145489 -0.0299433 -0.00572916 0.032682 -0.0101379 -0.0423737 -0.00950869 0.0347925 0.0192922 0.0407898 0.0130038
internal_weight=3502.14 1865.06 1637.08 1167.39 409.603 757.784 1470.48 68.8935 697.676 166.597 1401.59 420.133 981.454 135.164
internal_count=19033 8056 10977 5179 1791 3388 10131 410 2877 846 9721 2715 7006 869
cat_boundaries=0 2 4 6 8
cat_threshold=1496239378 2 311185484 2 303827996 2 405505809 12
is_linear=0
shrinkage=0.05


Tree=18
num_leaves=15
num_cat=5
split_feature=7 29 29 23 24 24 30 27 7 7 7 7 30 30
split_gain=933.236 114.491 95.569 88.7599 101.511 70.0168 84.5038 79.854 55.7091 51.151 48.0623 48.0271 45.6501 44.8138
threshold=20.500000000000004 0 1 13.847500000000002 0.51675026288791692 0.40272506282326442 2 0.53965618003084626 16.500000000000004 14.500000000000002 32.500000000000007 1.5000000000000002 3 4
decision_type=2 9 9 10 10 10 9 8 2 2 2 2 9 9
left_child=2 10 3 5 -5 8 -7 -8 -1 -6 13 -4 -3 -2
right_child=1 12 11 4 9 6 7 -9 -10 -11 -12 -13 -14 -15
leaf_value=0.052878727828352984 -0.054495683372453974 -0.036094295281461471 -0.034174944759454297 -0.088254988475516258 0.055644860071492976 0.040121423899178742 -0.0087389133147720462 0.051815043637703284 0.022521269544283729 -0.052910039151004687 -0.057044360214276418 0.010698494363076223 -0.0084701384193936313 -0.01757654901504516
leaf_weight=528.1723338663578 131.56185238063335 186.96155506372452 73.778731763362885 31.713173195719719 36.292044900357723 300.1563221514225 267.9532318264246 67.267929315567017 214.69798740744591 14.4039284363389 315.53364527225494 293.32474882900715 711.85672737658024 285.99462009966373
leaf_count=3913 536 782 334 132 270 2166 1694 479 1263 70 1314 1780 3091 1174
internal_value=0.00033618 -0.0271378 0.0248677 0.0304988 -0.0195064 0.0337218 0.0214825 0.00342829 0.0441471 0.024375 -0.0417229 0.00156907 -0.0145831 -0.0310332
internal_weight=3459.67 1631.91 1827.76 1460.66 82.4091 1378.25 635.377 335.221 742.87 50.696 733.09 367.103 898.818 417.556
internal_count=18998 6897 12101 9987 472 9515 4339 2173 5176 340 3024 2114 3873 1710
cat_boundaries=0 1 2 4 5 7
cat_threshold=4292612 831495 1385440586 10 411047938 1345113112 2
is_linear=0
shrinkage=0.05


Tree=19
num_leaves=15
num_cat=5
split_feature=7 29 7 30 61 29 6 30 28 1 1 25 24 29
split_gain=854.848 111.66 108.28 59.0757 54.1831 45.2486 60.8865 53.5327 50.378 43.1519 39.9091 37.5782 34.1871 33.4263
threshold=19.500000000000004 0 1.5000000000000002 1 1286.5000000000002 2 12.500000000000002 3 0.41218285638239799 2.5543735224586293 0.22767145135566189 7.8454301265326398 0.49878324676810998 4
decision_type=2 9 2 9 8 9 10 9 10 10 8 10 10 9
left_child=2 3 -1 -2 -4 -6 7 9 -8 -7 -3 -9 -10 -12
right_child=1 10 4 -5 5 6 8 11 12 -11 13 -13 -14 -15
leaf_value=-0.010951050818665797 -0.053436902954416679 -0.031354811184195128 -0.077946883518373464 -0.023882726227195204 0.045182035143587089 0.015585446225650071 0.023346633386085301 0.038431795497117269 -0.045860257227787776 -0.050112020153397524 0.0088274430959267638 -0.041989739227963813 0.040080610219080035 -0.013336429791468499
leaf_weight=173.59824921190739 346.85728253424168 209.40848052501678 10.462604492902754 454.71534346044064 454.13029816001654 127.85115461051464 88.062245838344097 674.34222916513681 66.140131093561649 30.012483805418015 234.88868801295757 14.062427207827566 13.172912299633024 562.18597170710564
leaf_count=878 1463 847 51 1912 3391 812 573 4994 386 171 1103 81 78 2446
internal_value=0.000357779 -0.0233914 0.0263514 -0.0372217 0.0307365 0.0315638 0.024735 0.0304228 -0.00256392 0.00268918 -0.0118636 0.0362053 -0.0312652 -0.00685861
internal_weight=3459.89 1808.06 1651.83 801.573 1478.24 1467.77 1013.64 846.268 167.375 157.864 1006.48 688.405 79.313 797.075
internal_count=19186 7771 11415 3375 10537 10486 7095 6058 1037 983 4396 5075 464 3549
cat_boundaries=0 1 3 4 5 6
cat_threshold=4292612 304893004 2 798724 2148040963 271362
is_linear=0
shrinkage=0.05


Tree=20
num_leaves=15
num_cat=4
split_feature=7 29 29 23 24 24 24 0 7 1 7 30 31 30
split_gain=821.663 105.724 81.47 80.4045 103.791 76.6604 70.7798 49.7386 48.1684 47.2146 44.3527 43.2981 63.3323 43.1433
threshold=21.500000000000004 0 1 18.59354166666667 0.44639040095213939 0.40272506282326442 0.40535978278548251 98.355000000000004 16.500000000000004 0.47655677655677658 1.5000000000000002 2 1.5000000000000002 3
decision_type=2 9 9 10 10 10 10 10 2 10 2 9 2 9
left_child=1 3 9 5 -5 8 13 -8 -1 -2 -3 12 -12 -7
right_child=2 10 -4 4 -6 6 7 -9 -10 -11 11 -13 -14 -15
leaf_value=0.051538779486117882 -0.05175679606638578 -0.034609323505305226 -0.015566815591823633 -0.085856699067133641 0.02619181198158459 -0.067888265032435058 0.031420631252077974 -0.042650877045058225 0.024117176070135297 -0.025674370597751912 0.01648775412200806 0.016293781925686288 -0.091445003878156475 0.0012618399984052368
leaf_weight=501.01074711233377 377.39980439841747 78.204711467027664 859.64256100356579 33.208878427743912 51.380000881850719 16.784668818116188 475.76149465888739 22.951358519494534 239.4291615858674 327.41926431655884 27.778077006340027 243.36588784307241 25.139263123273849 126.01685164868832
leaf_count=3946 1591 350 3686 138 353 83 3422 120 1383 1344 171 1512 142 822
internal_value=7.90521e-05 0.0227136 -0.0265544 0.0286635 -0.0182867 0.0317557 0.0190583 0.0279332 0.0427162 -0.0391394 -0.00132938 0.0074971 -0.0299734 -0.0119148
internal_weight=3405.49 1841.03 1564.46 1466.54 84.5889 1381.95 641.514 498.713 740.44 704.819 374.488 296.283 52.9173 142.802
internal_count=19063 12442 6621 10267 491 9776 4447 3542 5329 2935 2175 1825 313 905
cat_boundaries=0 1 2 3 4
cat_threshold=831495 4292613 276857866 524288
is_linear=0
shrinkage=0.05


Tree=21
num_leaves=15
num_cat=3
split_feature=7 1 29 28 6 29 7 19 26 25 29 7 20 22
split_gain=666.096 102.453 98.2431 72.8015 79.8718 65.4752 67.8356 63.4496 59.2359 45.7821 38.0873 36.0136 35.7972 35.552
threshold=19.500000000000004 0.30571895424836609 0 0.47948845190271655 11.500000000000002 1 30.500000000000004 73.000000000000014 13.500000000000002 1.1316949558562479 2 1.5000000000000002 8.4100000000000055 2.8766666666666674
decision_type=2 8 9 10 10 9 2 10 2 10 9 2 10 10
left_child=2 10 3 -1 7 -3 13 -5 -9 -6 -2 -4 -10 -7
right_child=1 5 11 4 9 6 -8 8 12 -11 -12 -13 -14 -15
leaf_value=0.039504122577795175 -0.010199670638783111 3.9302658683460129e-05 -0.030722680399187626 0.039337674448119024 -0.045702964829965907 -0.007579210690540278 -0.04406633362806868 -0.059435885799268617 0.026801241853628956 0.051603887412876387 -0.046303636278210034 0.008382820023798072 -0.069994963975841054 -0.060008650571627159
leaf_weight=810.72854023426771 116.25562739372253 572.16335168480873 77.380216136574745 244.94004230201244 70.045147888362408 423.20032480359077 248.30240991711617 34.105559661984444 86.35342463850975 13.697090722620485 394.52661967277527 235.60323192924261 9.7597644180059415 34.058823451399803
leaf_count=6261 470 2572 344 1878 402 1821 1036 171 654 88 1660 1522 46 140
internal_value=0.000584937 -0.0203169 0.0242039 0.0302619 0.0145416 -0.0127329 -0.0227542 0.0243946 -0.00379884 -0.0293661 -0.0392263 -0.00131071 0.0163526 -0.0116068
internal_weight=3371.12 1788.51 1582.61 1269.63 458.901 1277.72 705.562 375.159 130.219 83.7422 510.782 312.983 96.1132 457.259
internal_count=19065 7699 11366 9500 3239 5569 2997 2749 871 490 2130 1866 700 1961
cat_boundaries=0 1 2 3
cat_threshold=831751 2384898 2363424
is_linear=0
shrinkage=0.05


Tree=22
num_leaves=15
num_cat=6
split_feature=7 29 29 34 28 30 26 6 7 7 30 30 7 25
split_gain=626.843 114.29 90.9937 75.9704 60.6445 62.3566 83.6696 60.3604 54.9889 50.008 56.895 47.4673 46.2266 102.865
threshold=17.500000000000004 0 1 2 0.47948845190271655 3 13.500000000000002 11.500000000000002 2.5000000000000004 23.500000000000004 4 5 27.500000000000004 0.40902444739800609
decision_type=2 9 9 1 10 9 2 10 2 2 9 9 2 10
left_child=2 3 4 11 -1 6 -6 -7 -4 -3 -11 -2 13 -5
right_child=1 9 8 12 5 7 -8 -9 -10 10 -12 -13 -14 -15
leaf_value=0.040486571463173068 0.0013727517607818331 0.010300932555960318 -0.03069625657995095 0.042137000711852196 -0.082064601160832307 0.03800154359211818 0.011902413322352543 -0.022520037694223713 0.01476556089864766 -0.029920237878981473 -0.00229452753571906 -0.052004960553435758 -0.032834154530000347 -0.030232518938267661
leaf_weight=722.95544856786728 55.270378082990646 292.16218782961369 96.565802842378616 84.614563345909119 33.011450491845608 258.70578341186047 77.398752994835377 48.276267133653164 208.00222004204988 313.17543567717075 457.48543785512447 391.51350231468678 213.44971957802773 114.13329668343067
leaf_count=5865 242 1416 462 380 159 2076 518 301 1363 1307 1974 1717 887 508
internal_value=0.000235285 -0.0184682 0.0251074 -0.0319044 0.0314518 0.0164953 -0.0153035 0.0275472 0.000288781 -0.00722141 -0.0139626 -0.0465442 -0.0167341 0.000634657
internal_weight=3366.72 1921.8 1444.92 858.981 1140.35 417.392 110.41 306.982 304.568 1062.82 770.661 446.784 412.198 198.748
internal_count=19175 8431 10744 3734 8919 3054 677 2377 1825 4697 3281 1959 1775 888
cat_boundaries=0 1 2 3 5 7 8
cat_threshold=4292612 831495 2 2282520578 4 1535645714 8 2832203776
is_linear=0
shrinkage=0.05


Tree=23
num_leaves=15
num_cat=6
split_feature=7 1 30 29 7 19 29 26 7 56 29 30 30 19
split_gain=590.382 103.982 81.1558 72.9877 52.0619 53.0212 46.9583 65.6209 44.4272 37.6537 34.9404 44.5146 32.9985 31.4069
threshold=19.500000000000004 0.38501602564102572 0 1 -23.499999999999996 38.500000000000007 2 111.50000000000001 43.500000000000007 1.0000000180025095e-35 3 4 5 90.287500000000009
decision_type=2 8 9 9 2 8 9 2 2 2 9 9 9 10
left_child=2 10 6 -3 -4 -6 -1 9 12 13 -2 -12 -5 -8
right_child=1 3 4 8 5 -7 7 -9 -10 -11 11 -13 -14 -15
leaf_value=0.036977326201866369 -0.014002496771548188 0.019821563803027371 -0.050489232739934942 -0.029728427902724439 0.0012842377551409456 0.03843631810179169 -0.022197437624781682 0.016773026716609591 -0.040438441312727363 0.0072310579593516519 0.015331501461806086 -0.046804473552684848 -0.0053546255255101077 -0.079866055116443874
leaf_weight=104.8955342695117 187.29258693754673 166.44111649692059 17.726038470864296 170.6213081330061 108.93364810943604 814.40688712894917 98.918416142463684 293.93299748003483 148.72125136852264 79.578535236418247 31.24370376765728 431.9889087677002 659.22794157266617 30.592691913247108
leaf_count=815 763 815 74 729 704 6650 544 2113 628 470 130 1854 2847 142
internal_value=0.000365465 -0.0191414 0.022975 -0.010057 0.0320744 0.0340593 0.00819814 0.00153392 -0.0152012 -0.0197937 -0.0350912 -0.0423552 -0.010818 -0.0363273
internal_weight=3344.52 1795.54 1548.98 1145.01 941.067 923.341 607.918 503.023 978.571 209.09 650.525 463.233 829.849 129.511
internal_count=19278 7766 11512 5019 7428 7354 4084 3269 4204 1156 2747 1984 3576 686
cat_boundaries=0 2 3 4 5 6 7
cat_threshold=2569766163 12 271362 790804 2379810 2818613248 1476688146
is_linear=0
shrinkage=0.05


Tree=24
num_leaves=15
num_cat=4
split_feature=7 6 29 8 19 0 30 11 30 15 8 6 23 30
split_gain=562.212 92.6554 81.8497 60.7222 56.338 74.9741 50.3461 47.6701 56.1574 45.2592 45.4466 45.0196 40.4093 40.2279
threshold=18.500000000000004 27.500000000000004 0 -2.4999999999999996 90.855000000000018 96.440000000000012 1 7.9141626744359685 2 1.5851448333383937 60.500000000000007 11.500000000000002 18.59354166666667 3
decision_type=2 10 9 10 8 8 9 2 9 8 10 10 10 9
left_child=2 7 4 -3 5 12 -7 8 -2 10 -4 -8 -1 -9
right_child=1 3 9 -5 -6 6 11 13 -10 -11 -12 -13 -14 -15
leaf_value=0.036115758220247131 -0.033900275012547602 0.036869870610982486 -0.038502635087331698 -0.03643323254035085 0.039608054645760032 -0.038166406691468854 0.030206756775308624 -0.018163742895711054 -0.0068689906986546968 0.014238939356987716 0.048397212929901054 -0.03033952790612713 -0.052589623128771884 0.025259911782656186
leaf_weight=309.37157440185547 264.44697622954845 28.773480892181396 96.433327607810497 642.54271171987057 617.34059020131826 66.854316644370556 100.89122968912125 72.816459015011787 696.56114159524441 198.17243474721909 16.909894093871117 43.023209169507027 12.538466438651083 145.50396332144737
leaf_count=2520 1148 123 539 2736 5250 368 798 320 3064 1253 104 260 65 690
internal_value=-0.000122244 -0.0184245 0.0230495 -0.0332412 0.0290773 0.0173664 -0.00580472 -0.00996935 -0.0147587 -0.000150835 -0.025228 0.011246 0.0325085 0.0110836
internal_weight=3312.18 1850.64 1461.54 671.316 1150.02 532.679 210.769 1179.33 961.008 311.516 113.343 143.914 321.91 218.32
internal_count=19238 8081 11157 2859 9261 4011 1426 5222 4212 1896 643 1058 2585 1010
cat_boundaries=0 1 3 5 7
cat_threshold=831495 2282520579 12 271342866 6 562593792 8
is_linear=0
shrinkage=0.05


Tree=25
num_leaves=15
num_cat=5
split_feature=7 30 29 6 0 20 7 30 28 29 24 30 6 7
split_gain=511.902 84.4475 70.9666 55.2588 53.6232 72.698 58.6349 51.4987 48.7504 47.6662 44.8796 39.7494 42.073 36.0085
threshold=20.500000000000004 0 1 11.500000000000002 96.015000000000015 -79.47499999999998 14.500000000000002 2 0.43732593053963659 3 0.51675026288791692 4 24.500000000000004 -23.499999999999996
decision_type=2 9 9 8 8 8 2 9 10 9 10 9 10 2
left_child=1 4 7 13 5 -1 -7 -2 -5 -6 -11 12 -4 -3
right_child=2 3 11 8 9 6 -8 -9 -10 10 -12 -13 -14 -15
leaf_value=-0.064175678909035236 -0.046325840493650766 -0.035833621818153909 -0.0083639601586063643 0.023495538320443245 0.026605537705843469 0.039925237718705195 -0.0098744269715045595 -0.017552974879299518 -0.0211709331792919 -0.027650987402411432 0.030538328202833503 -0.0011066925291981918 -0.041506782405162743 0.038891679141878521
leaf_weight=22.86451018601656 326.38399018347263 15.775191232562063 224.4462816119194 230.94375690817833 66.184100411832333 219.32317075133324 80.310322031378746 377.20404005050659 82.056515783071518 219.72873146086931 38.135846547782421 539.15803271532059 166.85814434289932 673.69425804913044
leaf_count=130 1438 66 952 1602 478 1721 470 1581 477 1299 252 2344 678 5720
internal_value=0.000314249 0.0199619 -0.0195134 0.0289403 0.00548606 0.0199755 0.0265891 -0.0314079 0.0117556 -0.00878238 -0.0182554 -0.01005 -0.0220054 0.0371325
internal_weight=3283.07 1649.02 1634.05 1002.47 646.547 322.498 299.633 703.588 313 324.049 257.865 930.462 391.304 689.469
internal_count=19208 12215 6993 7865 4350 2321 2191 3019 2079 2029 1551 3974 1630 5786
cat_boundaries=0 2 3 5 6 8
cat_threshold=2553185555 12 4292612 1378666572 2 2887684 3666091010 10
is_linear=0
shrinkage=0.05


Tree=26
num_leaves=15
num_cat=3
split_feature=7 29 23 9 29 19 0 34 15 26 11 26 3 20
split_gain=463.861 95.931 67.9584 77.4611 52.7628 50.3816 74.5454 44.1005 43.6895 36.5829 36.5338 35.4955 46.2398 32.7645
threshold=20.500000000000004 0 18.59354166666667 1.0000000180025095e-35 1 91.245000000000019 98.355000000000004 2 1.9946008809741989 1.0000000180025095e-35 6.0613286973604472 755.00000000000011 1.4105047430678241 -3.3499999999999965
decision_type=2 9 10 2 9 8 8 1 8 2 2 2 10 8
left_child=1 2 5 -4 7 6 -1 13 9 -3 -8 -7 -13 -2
right_child=4 8 3 -5 -6 11 10 -9 -10 -11 -12 12 -14 -15
leaf_value=0.030957509697804891 -0.018955612426269947 0.019767567071458051 -0.061438226409225721 0.038927763660309651 -0.011204144112869055 0.041740920946535212 -0.029199036140652026 -0.017797481357606126 0.0088141681632562825 -0.042420198104678036 0.011984429987621836 0.020219123613498063 -0.09276266316770522 -0.052899671405459696
leaf_weight=344.98542831093073 102.48823833465576 30.072680726647377 45.946124687790871 31.674239248037338 926.54237601161003 555.69072178006172 96.428488336503506 357.02078592777252 199.3176786005497 101.65211467444897 119.51665531098843 76.361711911857128 9.2616741359233838 243.20026925206184
leaf_count=2812 428 187 217 274 3956 4715 609 1499 1214 537 840 639 76 1106
internal_value=-0.000673714 0.0183462 0.0244387 -0.0205081 -0.0194792 0.0275583 0.0165685 -0.0297764 -0.00577314 -0.0281808 -0.00645552 0.0371299 0.00706837 -0.0429198
internal_weight=3240.16 1610.91 1279.87 77.6204 1629.25 1202.24 560.931 702.709 331.042 131.725 215.945 641.314 85.6234 345.689
internal_count=19109 12120 10182 491 6989 9691 4261 3033 1938 724 1449 5430 715 1534
cat_boundaries=0 1 2 3
cat_threshold=831767 4292612 2
is_linear=0
shrinkage=0.05


Tree=27
num_leaves=15
num_cat=4
split_feature=7 1 7 30 26 6 28 7 11 30 30 30 28 8
split_gain=387.779 77.5216 73.3193 45.2371 48.6107 45.2563 43.5575 42.7518 37.2237 41.8906 34.5917 32.4036 28.9928 27.5646
threshold=19.500000000000004 0.22767145135566189 1.5000000000000002 0 97.500000000000014 11.500000000000002 0.47948845190271655 43.500000000000007 7.9141626744359685 1 2 3 0.16523359956869296 -1.0000000180025095e-35
decision_type=2 8 2 9 2 10 10 2 2 9 9 9 10 10
left_child=2 13 10 4 -4 -5 -7 8 9 -3 -1 -10 -12 -2
right_child=1 7 3 5 -6 6 -8 -9 11 -11 12 -13 -14 -15
leaf_value=0.016237063258970726 0.030817895043080547 -0.027886738249004752 -0.0087226884254149872 0.037926698409779032 0.024253875875990923 0.026215354072015102 -0.024022941087878322 -0.028782708530972603 0.035117257763280001 -0.0039378138582661119 0.03083470130518497 -0.0026239501097172682 -0.042411827816002237 -0.03920689173072512
leaf_weight=64.431716054677963 13.961983531713484 241.63898734748363 189.41173156350851 614.76088329404593 270.14087730646133 135.39002837240696 62.199567474424839 248.96865004301071 80.335403084754944 701.29886415600777 15.281464822590349 153.74096176028252 84.929364003241062 333.71797026693821
leaf_count=365 59 1042 1228 5665 2182 1093 359 1086 384 3044 75 676 416 1446
internal_value=0.000459901 -0.0151758 0.019762 0.0238246 0.0104458 0.030863 0.0103594 -0.00999996 -0.00600587 -0.0104352 -0.0115767 0.0118054 -0.0282561 -0.0363145
internal_weight=3210.21 1773.66 1436.55 1271.9 459.553 812.35 197.59 1425.98 1177.01 942.938 164.643 234.076 100.211 347.68
internal_count=19120 7737 11383 10527 3410 7117 1452 6232 5146 4086 856 1060 491 1505
cat_boundaries=0 2 4 6 8
cat_threshold=2552988691 13 1345092880 2 320602140 2 303326300 4
is_linear=0
shrinkage=0.05


Tree=28
num_leaves=15
num_cat=6
split_feature=7 29 7 30 0 34 29 26 19 1 30 11 30 25
split_gain=403.242 76.7896 76.0096 48.0849 60.0227 47.0513 47.0477 57.7875 41.7513 39.565 38.9283 34.2189 33.2536 32.587
threshold=17.500000000000004 0 1.5000000000000002 1 12.020000000000001 2 3 100.50000000000001 44.500000000000007 0.11922530206112296 4 6.1708547216789471 5 1.740693077510159
decision_type=2 9 2 9 10 1 9 2 8 8 9 2 9 10
left_child=2 5 12 4 6 10 7 -4 -5 -3 -2 -7 -1 -14
right_child=1 9 3 8 -6 11 -8 -9 -10 -11 -12 -13 13 -15
leaf_value=0.021974609631536024 0.011215167489729937 -0.036609003224382465 -0.041385989443731154 0.0052725374206643028 0.032278150040156238 -0.0036104959143878519 0.032565243520010584 0.011900313685127999 0.039840287876821028 -0.0027675323063383207 -0.042495146160369084 -0.033700259357564676 -0.0061518194495897155 -0.060385758272546809
leaf_weight=49.165790736675262 38.387438833713531 94.337134778499603 104.23080812394619 103.57786510139704 211.26472741365433 259.29288557171822 58.261335849761963 97.831257522106171 568.24090480804443 920.53181487321854 389.18235501646996 147.90924324095249 78.701054885983467 41.960973650217056
leaf_count=286 168 391 560 756 1801 1142 486 785 5500 4103 1788 650 416 183
internal_value=-0.000333386 -0.0153734 0.0208454 0.0254789 0.0122839 -0.0264965 -0.00353373 -0.0149203 0.0340209 -0.00588824 -0.038388 -0.0145959 -0.0103169 -0.0234277
internal_weight=3162.88 1849.64 1313.23 1143.41 471.588 834.772 260.323 202.062 671.819 1014.87 427.57 407.202 169.828 120.662
internal_count=19015 8242 10773 9888 3632 3748 1831 1345 6256 4494 1956 1792 885 599
cat_boundaries=0 1 3 4 5 6 8
cat_threshold=4293157 3089925907 6 2 2220032 2818573312 303562764 2
is_linear=0
shrinkage=0.05


Tree=29
num_leaves=15
num_cat=3
split_feature=7 7 1 8 29 29 20 20 61 0 19 29 1 7
split_gain=381.839 72.6587 65.0447 63.2252 55.7914 51.0837 34.0221 32.7103 31.0024 26.7923 45.8119 34.0784 27.98 23.0615
threshold=17.500000000000004 1.5000000000000002 0.4859764089121888 -2.4999999999999996 0 1 -80.47499999999998 -84.399999999999991 2430.5000000000005 94.02500000000002 94.675000000000011 2 0.067041198501872665 39.500000000000007
decision_type=2 2 8 10 9 9 8 8 8 8 8 9 10 2
left_child=1 -1 3 -2 -4 13 -6 -3 -9 -10 -11 -12 -13 -5
right_child=2 7 4 5 6 -7 -8 8 9 10 11 12 -14 -15
leaf_value=-0.010055000796449208 0.050734412512669462 -0.040743137971739729 0.022734830367061473 0.007683588952263929 -0.050863630395778348 -0.033835137624593302 -0.008232663460293322 -0.048585217842927686 0.037386753532225807 0.0020924166497211191 0.00091811679101438709 -0.058241664246905078 0.03941515834874175 -0.030050947397395451
leaf_weight=164.42185664176941 26.007742330431938 17.500440455973148 136.72876784205437 135.24804499745369 48.701870992779732 627.22874628007412 819.52770563960075 12.688425332307814 420.92700125277042 213.7700218334794 93.245807275176048 6.6401377543807021 359.74299532175064 56.628749430179596
leaf_count=863 114 133 694 576 205 2801 3625 69 3881 1593 634 51 3586 229
internal_value=5.64939e-05 0.0209399 -0.0144964 -0.0247121 -0.00588947 -0.0271666 -0.0105583 0.0254768 0.0265595 0.0274743 0.021232 0.0301099 0.0364981 -0.00337606
internal_weight=3139.01 1288.94 1850.07 845.113 1004.96 819.106 868.23 1124.51 1107.01 1094.33 673.399 459.629 366.383 191.877
internal_count=19054 10810 8244 3720 4524 3606 3830 9947 9814 9745 5864 4271 3637 805
cat_boundaries=0 1 2 3
cat_threshold=271361 2363394 4276258
is_linear=0
shrinkage=0.05


Tree=30
num_leaves=15
num_cat=6
split_feature=7 29 29 30 26 34 22 26 30 56 19 12 30 7
split_gain=336.503 72.9644 64.9712 70.6734 61.382 45.0434 42.2214 50.1878 40.8816 40.2628 38.7712 37.9458 33.6968 31.5841
threshold=18.500000000000004 0 1 2 122.50000000000001 3 64.07583333333335 95.500000000000014 4 1.0000000180025095e-35 41.750000000000007 1.0000000180025095e-35 5 -23.499999999999996
decision_type=2 9 9 9 2 1 8 2 9 2 8 2 9 2
left_child=2 12 -1 4 9 8 7 -5 -3 -4 -8 -7 -2 -12
right_child=1 5 3 6 -6 11 10 -9 -10 -11 13 -13 -14 -15
leaf_value=0.037724566883903146 -0.018548546481112309 -0.005396701711795379 -0.038815132007538264 -0.086134433706762881 0.01493944842664097 -0.0028243451899529356 0.0011168751524455089 0.042791737525540052 -0.045282233817332013 0.0042616742168248142 -0.042107052844965007 -0.034913516513575528 0.0012224754768087875 0.03908579626114355
leaf_weight=338.33177316188812 300.21444915235043 97.894468396902084 130.03104376792908 16.824167355895046 252.97591707855463 274.65835170447826 97.979291163384914 12.275342978537081 312.53949895501137 92.25592940300703 11.601767957210539 137.77637089788914 703.23414516448975 361.82436212897301
leaf_count=3370 1290 427 695 74 2009 1191 695 116 1464 572 48 598 3111 3494
internal_value=-0.000217525 -0.014098 0.0190693 0.0120593 -0.00183913 -0.0250183 0.0250125 -0.0321334 -0.037037 -0.0209979 0.0291301 -0.0136025 -0.00482966 0.0364575
internal_weight=3140.42 1826.32 1314.1 975.768 475.263 822.869 500.505 29.0995 410.434 222.287 471.405 412.435 1003.45 373.426
internal_count=19154 8081 11073 7703 3276 3680 4427 190 1891 1267 4237 1789 4401 3542
cat_boundaries=0 1 2 4 5 7 9
cat_threshold=2389122 798725 2561262867 13 2 3092317200 8 2558532610 8
is_linear=0
shrinkage=0.05


Tree=31
num_leaves=15
num_cat=4
split_feature=7 29 1 30 1 20 29 2 24 11 30 25 22 7
split_gain=310.625 67.1375 62.7984 60.2628 51.358 49.5018 45.603 43.3274 43.2668 51.7521 40.3716 38.2958 41.7514 36.8152
threshold=22.500000000000004 0 0.38501602564102572 1 0.61407355021216425 -84.399999999999991 2 2.4217163845609684 0.56582929287947681 6.1505281360108848 3 9.1451879585464173 64.07583333333335 16.500000000000004
decision_type=2 9 8 9 8 8 9 2 10 2 9 10 8 2
left_child=1 13 10 8 -5 -6 -4 -8 9 -3 -2 12 -7 -1
right_child=2 3 6 4 5 11 7 -9 -10 -11 -12 -13 -14 -15
leaf_value=0.043123248432025696 -0.044038950024581351 -0.031551843475504604 0.0023258671119275385 -0.010801665292178655 -0.053995543501096643 -0.025669235785431191 -0.014244459993220751 -0.060797853519542637 0.055608080818080274 0.0047118221539244921 -0.015144730252281934 -0.049977495746656254 0.030969984682358776 0.01464454588847613
leaf_weight=276.16265675425529 260.95891128480434 171.30224300175905 473.17546445131302 136.14128754287958 19.281306251883507 33.837784789502621 383.12102574110031 56.709095478057861 25.091965965926647 228.81816833466291 289.11137446761131 15.438155002892016 552.54583950340748 194.66611580550671
leaf_count=2903 1207 1045 2073 786 109 232 1627 238 200 1545 1229 78 4736 1174
internal_value=0.000125117 0.0149708 -0.0166494 0.00833578 0.0167278 0.0230386 -0.00859301 -0.0199192 -0.00665425 -0.0108536 -0.0299815 0.0255922 0.0276634 0.0307528
internal_weight=3116.36 1653.29 1463.08 1182.46 757.244 621.103 913.006 439.83 425.212 400.12 550.07 601.822 586.384 470.829
internal_count=19182 12808 6374 8731 5941 5155 3938 1865 2790 2590 2436 5046 4968 4077
cat_boundaries=0 1 3 4 6
cat_threshold=798725 2561332482 4 2384899 311182412 10
is_linear=0
shrinkage=0.05


Tree=32
num_leaves=15
num_cat=5
split_feature=7 23 56 0 7 29 24 1 29 30 24 30 27 30
split_gain=266.974 63.765 68.8314 57.5144 54.924 64.4946 56.9651 49.8811 45.1295 43.471 42.7186 42.4316 38.867 35.3063
threshold=23.500000000000004 8.5181250000000031 1.5000000000000002 98.355000000000004 16.500000000000004 0 0.40272506282326442 0.22767145135566189 1 2 0.39729315860493564 3 0.54014185193388309 4
decision_type=2 10 2 10 2 9 10 8 9 9 8 9 10 9
left_child=1 3 -3 4 5 6 -1 -2 11 -8 -6 -9 -11 -7
right_child=7 2 -4 -5 10 13 9 8 -10 12 -12 -13 -14 -15
leaf_value=0.044803488249017705 -0.035234579886667998 -0.056493293733484308 0.039034053115382834 -0.039836985819390124 0.012744644768656554 -0.02334169087867291 0.0342672026273163 -0.016915131974912005 -0.021944827230650277 -0.0093278721246638444 -0.015908269581740214 0.012619025526449579 0.044483279792386386 0.014107801507253973
leaf_weight=367.22213257849216 303.84504309296608 63.38521034270525 25.84597809612751 46.479256495833397 444.71365366876125 87.83582753688097 184.03899467736483 208.68749625980854 525.72517535090446 171.81587166339159 182.74126953631639 261.45468404889107 40.64309436827898 162.30230878293514
leaf_count=3933 1375 313 247 249 2442 548 1862 860 2282 1260 975 1173 417 1104
internal_value=-0.000312355 0.0122811 -0.0286977 0.0144633 0.0160243 0.0232145 0.0302322 -0.0175268 -0.0120942 0.0174186 0.00438768 -0.000577647 0.00107589 0.000528147
internal_weight=3076.74 1777.02 89.2312 1687.79 1641.31 1013.86 763.72 1299.71 995.867 396.498 627.455 470.142 212.459 250.138
internal_count=19040 13350 560 12790 12541 9124 7472 5690 4315 3539 3417 2033 1677 1652
cat_boundaries=0 1 2 4 6 8
cat_threshold=831653 2385026 1251288154 10 461931778 10 3498066954 8
is_linear=0
shrinkage=0.05


Tree=33
num_leaves=15
num_cat=4
split_feature=7 30 7 23 29 26 56 7 1 8 29 30 19 11
split_gain=250.493 59.8047 58.3508 46.5257 36.7142 49.2137 39.9262 36.5225 35.4372 32.9855 28.5842 29.5766 34.0065 37.4172
threshold=17.500000000000004 0 46.500000000000007 18.59354166666667 1 111.50000000000001 1.0000000180025095e-35 -23.499999999999996 0.30571895424836609 -2.4999999999999996 2 3 51.250000000000007 7.9556508695727581
decision_type=2 9 2 10 9 2 2 2 8 10 9 9 10 2
left_child=1 4 3 8 -1 6 -6 -3 9 -2 -10 12 13 -12
right_child=2 7 -4 -5 5 -7 -8 -9 10 -11 11 -13 -14 -15
leaf_value=0.033877553284383341 0.053846364917317063 -0.042356094263209881 -0.030591655656546986 -0.050857827471292021 -0.036610935695228081 0.01411209895169196 0.0092376779620362125 0.030142457841024275 -0.042175566778348578 -0.023266783252345439 -0.03925910917501807 0.0049463630930223559 0.009793578167305788 0.014484915537800448
leaf_weight=81.424049906432629 13.587679117918013 16.997898042201996 314.92475518584251 57.181367412209511 123.72287758439779 246.92907947301865 76.130562305450439 663.87162803858519 30.012374624609947 309.9256986528635 138.55639512836933 851.95871981233358 96.771624132990837 41.593471005558968
leaf_count=812 62 70 1451 275 636 2046 486 6719 128 1347 624 3862 434 188
internal_value=0.000527565 0.0182259 -0.0110147 -0.00699298 0.00514865 -0.00077529 -0.0191867 0.0278644 -0.00526783 -0.0198721 -0.00117733 0.000319458 -0.0135605 -0.0268391
internal_weight=3063.59 1209.08 1854.51 1539.59 528.207 446.783 199.853 680.87 1482.41 323.513 1158.89 1128.88 276.921 180.15
internal_count=19140 10769 8371 6920 3980 3168 1122 6789 6645 1409 5236 5108 1246 812
cat_boundaries=0 2 3 4 5
cat_threshold=2553120019 12 790804 4259840 3626957056
is_linear=0
shrinkage=0.05


Tree=34
num_leaves=15
num_cat=2
split_feature=1 20 8 30 20 30 15 11 28 28 24 8 28 2
split_gain=153.907 78.6884 57.7861 49.4148 55.7523 35.9584 35.1082 27.8621 26.6095 25.8904 25.2935 26.8646 29.994 23.7852
threshold=0.55370879120879135 -84.399999999999991 -2.4999999999999996 0 2.2775000000000039 1 1.0000000180025095e-35 7.2580493429414075 0.34198723347593102 0.22706643298669463 0.6016304347826088 80.500000000000014 0.19132350259105949 324.17898653627816
decision_type=8 8 10 9 8 9 10 2 8 10 10 10 10 2
left_child=2 9 -1 4 -3 -4 -5 10 -9 -2 11 12 -6 -8
right_child=1 3 5 6 7 -7 13 8 -10 -11 -12 -13 -14 -15
leaf_value=0.046043494668606327 0.019901138019253282 0.018662454507844782 -0.030930289043637607 0.0048175128333954459 0.0099552465010232342 -0.010539178553653633 0.025327270666418211 -0.0086856517274276242 0.035883301634862252 -0.056880465366695644 0.042946322980936848 0.039569117009939259 -0.025018233797773209 -0.040162668422484477
leaf_weight=35.61945354193449 12.9025357440114 298.21710749715567 343.76574302464724 367.40050181746483 73.957532271742821 660.6726660951972 669.78798049688339 70.751321621239185 62.067310005426407 59.046756707131863 17.968415953218937 19.748043455183506 344.49646615236998 13.296686619520186
leaf_count=175 72 2111 1743 2459 428 3136 5416 391 477 289 144 115 2174 68
internal_value=-0.000115614 0.00796418 -0.0157204 0.00987878 0.00107113 -0.0179542 0.0171362 -0.00783409 0.0122543 -0.0430273 -0.013697 -0.0161122 -0.018828 0.0239956
internal_weight=3049.7 2009.64 1040.06 1937.69 887.206 1004.44 1050.49 588.989 132.819 71.9493 456.17 438.202 418.454 683.085
internal_count=19198 14144 5054 13783 5840 4879 7943 3729 868 361 2861 2717 2602 5484
cat_boundaries=0 2 4
cat_threshold=2553072978 12 305027150 6
is_linear=0
shrinkage=0.05


Tree=35
num_leaves=15
num_cat=2
split_feature=7 30 30 1 6 28 7 0 0 28 7 5 25 16
split_gain=241.576 46.1093 45.2778 43.9136 43.05 37.7307 32.4436 32.0614 42.0221 29.8581 28.7719 26.1311 26.0408 32.357
threshold=21.500000000000004 0 1 0.31444622792937404 13.500000000000002 0.43431350299801524 43.500000000000007 98.355000000000004 11.995000000000003 0.59444308113893174 16.500000000000004 1.1732352941176474 0.8187398524557733 -0.21499999999999805
decision_type=2 9 9 8 8 10 2 10 10 8 2 8 10 10
left_child=1 7 3 -2 -3 -6 -5 8 9 12 -10 -7 -1 -14
right_child=2 4 -4 6 5 11 -8 -9 10 -11 -12 -13 13 -15
leaf_value=-0.023751263383508431 -0.040850331495359049 0.029247381593258681 -0.0053866014453636119 -0.0080027457105923839 0.015749334396769309 0.032875675669584145 -0.038623699427838325 -0.04282196727458773 0.030412826966951075 0.040714514793552502 -0.012308321192714324 -0.042165302761352087 0.010801523571473584 -0.07830646460283236
leaf_weight=159.38823253661394 238.68774676322937 595.3289437815547 765.44230175018311 392.26426103711128 219.9008824005723 13.888816036283968 110.27885244786739 34.254681453108788 198.38691335916519 31.590586580336094 48.531852461397648 54.17693267762661 149.04152546823025 9.933091461658476
leaf_count=991 1143 5990 3315 1688 1545 82 500 174 1829 241 277 296 984 64
internal_value=-3.61508e-05 0.0140619 -0.0142066 -0.0229139 0.0213386 0.00568221 -0.0147856 0.00346757 0.00624933 -0.00489514 0.0220002 -0.0265989 -0.00953423 0.00477917
internal_weight=3021.1 1514.42 1506.67 741.231 883.296 287.967 502.543 631.127 596.872 349.953 246.919 68.0657 318.363 158.975
internal_count=19119 12473 6646 3331 7913 1923 2188 4560 4386 2280 2106 378 2039 1048
cat_boundaries=0 2 4
cat_threshold=2553184531 15 1385061454 2
is_linear=0
shrinkage=0.05


Tree=36
num_leaves=15
num_cat=7
split_feature=7 29 29 30 26 30 30 9 8 8 29 20 29 7
split_gain=210.332 56.1651 52.1127 50.887 57.7045 46.6961 46.6028 37.403 32.9369 31.1693 48.5637 32.6462 30.2297 28.9854
threshold=17.500000000000004 0 1 2 122.50000000000001 3 4 1.0000000180025095e-35 80.500000000000014 4.5000000000000009 5 -57.362499999999997 6 27.500000000000004
decision_type=2 9 9 9 2 9 9 2 10 8 9 10 9 2
left_child=1 -1 5 4 8 12 -4 -7 -3 11 -11 -5 -2 -8
right_child=2 3 6 9 -6 7 13 -9 -10 10 -12 -13 -14 -15
leaf_value=0.035612099528019074 0.021023912019962714 -0.043660655284619196 -0.031483169585129832 -0.0099596979087444061 0.011873884805369293 -0.0041073063978679996 0.00030197824518977978 0.025119944879486329 0.048302662957625031 0.03881423020348472 0.0012730494067922044 0.029987194644296479 -0.019267462960502777 -0.020954747529835453
leaf_weight=281.77972930669785 46.376179069280624 104.15197765082121 393.05945365875959 154.12907250225544 147.34519705921412 222.33940977603197 350.40208091586828 214.16029494255781 9.9076775163412076 251.73485814034939 140.34707120805979 75.316175758838654 324.75816474109888 294.66898825764656
leaf_count=3272 201 565 1888 1195 1169 971 1604 1016 53 2833 955 691 1423 1297
internal_value=-0.000109009 0.0165202 -0.0106056 0.00987915 -0.00845323 -0.000947242 -0.0179297 0.0100279 -0.035322 0.0176024 0.0264335 0.00322623 -0.0137725 -0.00928185
internal_weight=3010.48 1164.71 1845.76 882.932 261.405 807.634 1038.13 436.5 114.06 621.527 392.082 229.445 371.134 645.071
internal_count=19133 10733 8400 7461 1787 3611 4789 1987 618 5674 3788 1886 1624 2901
cat_boundaries=0 1 2 4 6 8 9 10
cat_threshold=798725 2384915 2156511235 4 2609124626 10 271480908 10 32786 2098177
is_linear=0
shrinkage=0.05


Tree=37
num_leaves=15
num_cat=6
split_feature=1 29 30 30 1 8 27 25 29 30 34 15 11 56
split_gain=116.803 57.845 53.0902 46.9187 42.2078 41.8921 38.9363 37.6369 36.885 25.6103 27.6763 26.227 24.4591 27.4539
threshold=0.38501602564102572 0 1 2 0.50233644859813087 -2.4999999999999996 0.57295927583511796 0.8187398524557733 3 4 5 7.0739436538364631 7.1308708295123182 4.5000000000000009
decision_type=8 9 9 9 10 10 8 10 9 9 1 8 2 2
left_child=5 2 6 12 -4 -1 7 -2 -7 -10 -11 -12 13 -3
right_child=1 3 4 -5 -6 8 -8 -9 9 10 11 -13 -14 -15
leaf_value=0.048979726760474747 -0.029407679345641487 -0.063539098240672873 -0.0033366566263993425 0.0017102914562727889 0.022662654890780079 0.0011087385803167302 0.033321121939488635 0.0084243164833298478 0.0086093962723114703 -0.04484211648167049 0.0035066011610786771 -0.032426709575439028 -0.0058696300980714917 -0.0094460022665964691
leaf_weight=21.549646183848381 153.87131217122078 63.172273837029934 190.51575078070164 778.37681309133768 857.2962973639369 159.06496339291334 52.584701016545296 113.60599794983864 45.827948659658432 209.39463979750872 79.976628802716732 137.24748546630144 74.605195239186287 37.596848554909229
leaf_count=107 981 309 1104 4208 7432 702 475 910 212 1115 357 623 350 207
internal_value=0.00054504 0.0058008 0.0123353 -0.00366493 0.0177673 -0.0181194 -0.0054474 -0.0133677 -0.0204829 -0.0271886 -0.0311538 -0.0192415 -0.026215 -0.0436482
internal_weight=2974.69 2321.63 1367.87 953.751 1047.81 653.061 320.062 267.477 631.512 472.447 426.619 217.224 175.374 100.769
internal_count=19092 15976 10902 5074 8536 3116 2366 1891 3009 2307 2095 980 866 516
cat_boundaries=0 1 3 5 6 8 9
cat_threshold=832515 2284619778 5 948175872 4 2363426 3892355072 4 2
is_linear=0
shrinkage=0.05


Tree=38
num_leaves=15
num_cat=5
split_feature=7 30 8 21 28 29 29 29 30 27 31 19 24 11
split_gain=188.673 59.7279 53.7391 48.1415 45.1655 40.4961 39.379 39.0104 51.6926 38.6856 31.4288 33.6153 42.2773 31.201
threshold=23.500000000000004 0 1.5000000000000002 0.81933619727568774 0.47948845190271655 1 2 3 4 0.57295927583511796 3.5000000000000004 89.500000000000014 0.51728198292706462 6.2944628813264458
decision_type=2 9 10 8 10 9 9 9 9 8 2 8 10 2
left_child=1 5 3 -3 -5 -1 -4 8 -2 10 11 -7 -13 -10
right_child=7 2 6 4 -6 9 -8 -9 13 -11 -12 12 -14 -15
leaf_value=0.017299632217873728 -0.021227773908748325 -0.074602975779667458 0.0021685134281562608 0.018156679121838659 -0.016822954558459596 -0.00049573000051251202 0.036697815262974769 -0.022915361758364464 -0.019001471924526336 0.022709696285321726 0.021947899999704954 -0.043380145813975972 0.013532742160054663 0.017314472948249341
leaf_weight=196.42233055084944 258.20372559130192 16.552630744874477 116.84326556324959 378.29734791070223 121.08557780086994 125.76039491593838 398.84397111088037 679.38331682980061 77.049430832266808 77.50203525274992 47.623095043003559 176.82011380046606 39.466845519840717 244.12762488424778
leaf_count=1436 1090 78 752 2794 804 938 4228 3122 330 658 333 1134 273 1092
internal_value=-0.000244847 0.0106415 0.0180708 0.00681606 0.00965848 -0.00117228 0.0296458 -0.0149026 -0.00500252 -0.00915808 -0.0157726 -0.0210731 -0.0329805 0.00831244
internal_weight=2953.98 1695.22 1031.62 515.936 499.383 663.595 515.687 1258.76 579.381 467.172 389.67 342.047 216.287 321.177
internal_count=19062 13428 8656 3676 3598 4772 4980 5634 2512 3336 2678 2345 1407 1422
cat_boundaries=0 2 3 4 5 7
cat_threshold=3626796307 4 807173 4276609 2384930 2609468418 10
is_linear=0
shrinkage=0.05


Tree=39
num_leaves=15
num_cat=2
split_feature=1 20 8 30 30 3 0 3 1 28 8 11 1 28
split_gain=111.394 70.658 41.8288 39.0608 35.4116 35.8333 35.0551 31.9823 26.5067 25.9302 26.3898 25.2294 24.4616 22.5032
threshold=0.57427107959022872 -80.47499999999998 -2.4999999999999996 0 1 0.11771601041072006 93.280000000000015 0.12535536609456446 0.15430402930402934 0.54323022825694822 38.500000000000007 7.6016446546658196 2.5543735224586293 0.31136373961603053
decision_type=8 8 10 9 9 8 8 10 10 10 10 2 8 10
left_child=2 11 -1 6 -4 8 -3 9 -6 10 -5 13 -8 -2
right_child=1 3 4 7 5 -7 12 -9 -10 -11 -12 -13 -14 -15
leaf_value=0.042047013181202242 0.012298765155133359 0.012828646042489506 -0.032684825046449345 0.010590606088651346 -0.022189616054659203 -0.021167087163439551 -0.0035973208884624349 0.019860012704960486 0.0062041372662800581 -0.054593506104062564 -0.039245871776166709 -0.082571389375697871 -0.034945373173637974 -0.047805421568024704
leaf_weight=33.064213529229164 28.325417682528496 287.7179711535573 201.55974904447794 216.48452889919281 105.32607781141996 363.33226262778044 282.11450276523829 892.76560847461224 361.18351911753416 19.059299297630787 29.269682303071022 21.567290559411049 78.947800382971764 32.715863935649395
leaf_count=167 153 2059 1066 1362 495 1815 1798 7526 1739 127 143 95 408 182
internal_value=0.000408926 0.00769721 -0.0125197 0.00977228 -0.014308 -0.00930514 -0.000164295 0.0152069 -0.000240206 7.60888e-05 0.00452002 -0.0372515 -0.0105293 -0.0201662
internal_weight=2953.43 1888.97 1064.47 1806.36 1031.4 829.842 648.78 1157.58 466.51 264.814 245.754 82.6086 361.062 61.0413
internal_count=19135 13853 5282 13423 5115 4049 4265 9158 2234 1632 1505 430 2206 335
cat_boundaries=0 2 4
cat_threshold=2550710547 12 2512972 6
is_linear=0
shrinkage=0.05


Tree=40
num_leaves=15
num_cat=2
split_feature=6 20 15 0 27 26 23 34 29 19 26 11 5 6
split_gain=108.555 60.0387 49.9991 59.4128 33.9813 32.2132 31.069 28.7371 26.6679 25.9877 36.9054 29.3335 23.2974 22.2312
threshold=22.500000000000004 -80.47499999999998 0.78459989472193936 98.655000000000015 0.60357049919004169 122.50000000000001 30.505416666666672 0 1 91.245000000000019 2.5000000000000004 5.6062058668920267 0.35628978444236181 14.500000000000002
decision_type=10 8 10 10 8 2 10 1 9 8 2 2 8 8
left_child=1 -1 4 13 5 6 9 8 12 -3 -11 -12 -2 -4
right_child=7 2 3 -5 -6 -7 -8 -9 -10 10 11 -13 -14 -15
leaf_value=-0.034350672200776595 0.030621412687651475 -0.029447120144010342 0.022348753467512063 -0.063684115380503323 0.018986391530494976 0.008932388343422205 -0.065384499352622888 -0.0059301592899690999 -0.031171779359406154 0.014589138490025706 0.019124215342899677 -0.029175537881551361 -0.018393120921472234 0.0044479629133807553
leaf_weight=84.298689745366573 37.144320994615555 116.42696480453014 748.73118236660957 21.707662187516689 195.12811607122421 287.1257560774684 24.992788374423981 471.6580518335104 298.91123069822788 167.16298235207796 40.050887875258923 135.78984878957272 65.526961356401443 226.39601672440767
leaf_count=433 154 698 6694 121 1520 2061 117 2058 1504 1073 239 724 271 1368
internal_value=0.000430965 0.00672504 0.00850511 0.0163563 0.00040045 -0.00431851 -0.0121748 -0.0143199 -0.0241344 -0.00914445 -0.00218747 -0.0181285 -0.000489178 0.0182015
internal_weight=2921.05 2047.81 1963.51 996.835 966.677 771.549 484.423 873.241 401.583 459.431 343.004 175.841 102.671 975.127
internal_count=19035 15048 14615 8183 6432 4912 2851 3987 1929 2734 2036 963 425 8062
cat_boundaries=0 1 2
cat_threshold=2 2101249
is_linear=0
shrinkage=0.05


Tree=41
num_leaves=15
num_cat=5
split_feature=7 29 21 7 7 30 24 30 25 27 30 25 30 15
split_gain=152.56 63.1175 41.7731 39.3383 37.2376 35.954 33.3243 33.1221 34.5076 41.1357 31.2611 30.0252 29.3528 27.9629
threshold=14.500000000000002 0 0.81933619727568774 27.500000000000004 -7.4999999999999991 1 0.39729315860493564 2 0.8187398524557733 0.57295927583511796 3 0.45098826074133991 4 1.8372677989072652
decision_type=2 9 8 2 2 9 8 9 10 8 9 10 9 8
left_child=1 4 -2 6 -1 -5 12 8 9 -6 -8 -12 -4 -3
right_child=2 13 3 5 7 -7 10 -9 -10 -11 11 -13 -14 -15
leaf_value=-0.018093928488756406 -0.056808668986847013 -0.048029828880926662 -0.021041600340367627 -0.026423322855315234 -0.018326304748366277 -0.0059627093853522233 0.0087026600198543309 0.032693273309929341 0.031192876832679822 0.044447140459493106 0.0037310047379353686 -0.039627923126018524 0.010406183095203476 0.00073830376139592336
leaf_weight=52.504914700984955 40.834205307066441 43.77628431469202 74.510330274701118 335.0607623308897 123.84800458699465 621.20333284139633 103.62770133465528 494.17708420008421 110.25534122437239 32.006250143051147 57.603276625275612 127.93966528773308 609.49661730974913 85.471490330994129
leaf_count=238 220 252 409 1594 920 2758 573 5616 1129 339 314 684 3369 624
internal_value=0.00054388 0.0170835 -0.0073688 -0.00629358 0.0220895 -0.0134902 0.000784591 0.0251749 0.00956086 -0.00523396 -0.0134176 -0.024885 0.00679953 -0.0148791
internal_weight=2912.32 942.039 1970.28 1929.44 812.792 956.264 973.178 760.287 266.11 155.854 289.171 185.543 684.007 129.248
internal_count=19039 9118 9921 9701 8242 4352 5349 8004 2388 1259 1571 998 3778 876
cat_boundaries=0 1 3 5 7 9
cat_threshold=847877 42747968 2 959220481 7 814063684 10 287744002 5
is_linear=0
shrinkage=0.05


Tree=42
num_leaves=15
num_cat=2
split_feature=7 29 26 23 7 23 0 7 24 29 15 4 15 28
split_gain=154.992 47.5384 48.6248 52.0992 41.5928 39.1392 28.5795 27.8777 25.4973 24.9771 28.3556 33.6468 23.5115 21.7987
threshold=16.500000000000004 0 122.50000000000001 7.5766666666666671 30.500000000000004 18.59354166666667 98.655000000000015 2.5000000000000004 0.39881050322226802 1 0.31079915507833317 -6.7806214537816762 2.6999000620738145 0.078551704130693775
decision_type=2 9 2 10 2 10 10 2 10 9 10 10 10 8
left_child=1 -1 3 7 5 8 -4 -3 -2 13 -11 -12 -9 -6
right_child=4 2 6 -5 9 -7 -8 12 -10 10 11 -13 -14 -15
leaf_value=0.036377383566189206 0.0046493463738605115 -0.018272444027548348 0.027351539423246224 -0.069376616729100268 0.029903151195403918 -0.045718644182124998 -0.031763826348852352 -0.00026939087693279298 -0.013198428319728214 -0.019921254215867372 0.020580251200268792 -0.025289348958776436 0.028462749200042686 -0.029224693703393447
leaf_weight=220.03865322470665 801.9152807444334 108.82032573223114 335.22320201247931 25.288158714771271 15.516972497105597 47.511685431003571 20.95234701782465 178.05911356955767 265.53798025101423 217.69054339826107 129.83236019313335 56.614327847957611 117.62208043783903 358.38568113744259
leaf_count=2865 4080 562 3499 119 75 248 117 1510 1329 929 577 244 1172 1780
internal_value=0.000437342 0.016287 0.0100337 -0.00116622 -0.00798985 -0.00179463 0.0237948 0.00325865 0.000201365 -0.0168542 -0.00751813 0.00659139 0.0112177 -0.026004
internal_weight=2899.01 1006 785.965 429.79 1893 1114.96 356.176 404.502 1067.45 778.04 404.137 186.447 295.681 373.903
internal_count=19106 9844 6979 3363 9262 5657 3616 3244 5409 3605 1750 821 2682 1855
cat_boundaries=0 1 2
cat_threshold=798724 4296708
is_linear=0
shrinkage=0.05


Tree=43
num_leaves=15
num_cat=3
split_feature=7 23 29 0 30 5 7 30 19 15 54 8 7 8
split_gain=153.176 48.1794 47.7339 40.4282 60.5504 44.8415 33.3499 35.3724 32.7073 32.6483 29.6074 26.9604 25.3527 24.4929
threshold=16.500000000000004 -0.64388888888888884 0 94.02500000000002 1 1.0000000180025095e-35 46.500000000000007 2 41.750000000000007 1.0000000180025095e-35 67.500000000000014 -2.4999999999999996 -1.0000000180025095e-35 80.500000000000014
decision_type=2 10 9 8 9 8 2 9 8 10 8 8 2 10
left_child=2 6 -1 5 13 -4 7 -2 -6 11 -11 -9 -10 -5
right_child=1 -3 3 4 8 -7 -8 9 12 10 -12 -13 -14 -15
leaf_value=0.035956471019732927 -0.024687896132165082 -0.032067783697333617 -0.023993720263224383 -0.023416328593275314 -0.019480253812565559 0.031589093253300247 -0.022779673209472343 0.047330959948583731 -0.019217977657849175 -0.022616322315236134 0.011393385428763602 -0.010169118341286892 0.032660711226903845 0.043881470505729603
leaf_weight=214.45926783978939 155.7727814540267 196.58466382324696 41.465884752571583 207.64682483673096 48.166964925825596 257.24841198325157 250.20083816349506 20.107462406158447 26.403451949357986 70.974941298365593 580.19958747923374 613.49416743218899 179.9352901764214 13.548691689968107
leaf_count=2885 746 997 259 1307 338 2753 1214 100 116 349 3005 2850 2099 84
internal_value=-0.000350369 -0.00870156 0.0155811 0.00931564 0.000372826 0.0238191 -0.0059674 -0.00303359 0.0166665 -0.000197415 0.00765749 -0.00827263 0.0259616 -0.018292
internal_weight=2876.21 1887.33 988.875 774.416 475.701 298.714 1690.75 1440.55 254.506 1284.78 651.175 633.602 206.339 221.196
internal_count=19102 9261 9841 6956 3944 3012 8264 7050 2553 6304 3354 2950 2215 1391
cat_boundaries=0 1 3 4
cat_threshold=798724 2309539091 12 2552633346
is_linear=0
shrinkage=0.05


Tree=44
num_leaves=15
num_cat=7
split_feature=7 34 30 7 11 7 30 30 30 28 25 29 28 30
split_gain=131.569 42.4766 52.4096 43.2289 58.6121 38.5196 36.2033 32.7471 32.3521 31.204 31.056 34.5597 26.0564 33.9603
threshold=16.500000000000004 0 1 38.500000000000007 6.0272295577074333 2.5000000000000004 2 3 4 0.18315895323120793 3.3505398876846346 5 0.47948845190271655 6
decision_type=2 1 9 2 2 2 9 9 9 10 10 9 10 9
left_child=5 3 -3 4 7 8 -6 -2 9 -1 11 -8 -7 -14
right_child=1 2 -4 -5 6 12 10 -9 -10 -11 -12 -13 13 -15
leaf_value=0.040045717771363405 0.0073933547436019573 -0.041674969088711808 0.0033136000699286318 -0.032597780200831025 0.016445836102496291 0.026835523899578224 -0.036114114501787503 -0.041740229124961309 0.012949518200555727 -0.038928732493789801 0.019069007293086828 -0.00030506315608549962 0.030889304972174392 -0.0057803981682635671
leaf_weight=13.956575106829403 45.723703108727932 58.975077152252197 853.66254544258118 257.3760565072298 195.12191117554903 493.82257347926497 122.23572309315205 150.76217446476221 121.04422055184841 79.877948187291622 70.650740012526512 147.0456009209156 86.122198533266783 175.88648778572679
leaf_count=86 217 281 4189 1285 986 5729 593 741 874 463 327 720 1044 1582
internal_value=-0.00019175 -0.00783679 -5.58901e-05 -0.0150102 -0.00878636 0.014777 -0.000193541 -0.0320661 -0.00388931 -0.0243196 -0.00995519 -0.0179809 0.0200819 0.00729922
internal_weight=2872.26 1901.55 912.638 988.916 731.54 970.71 535.054 196.486 214.879 93.8345 339.932 269.281 755.831 262.009
internal_count=19117 9339 4470 4869 3584 9778 2626 958 1423 549 1640 1313 8355 2626
cat_boundaries=0 1 2 4 6 8 9 10
cat_threshold=2 402933760 1783971932 1 2690678784 10 3382821954 12 49152 1135705432
is_linear=0
shrinkage=0.05


Tree=45
num_leaves=15
num_cat=5
split_feature=7 29 25 25 30 34 11 7 30 24 11 3 30 11
split_gain=116.268 56.6669 47.0939 57.5722 52.3746 37.544 44.6765 44.7382 41.9893 33.9427 33.7652 31.8917 30.2262 25.838
threshold=15.500000000000002 0 0.8187398524557733 0.61103595426340929 1 2 6.1001731908655019 36.500000000000007 3 0.40272506282326442 5.9938242513838249 1.1565180824222037 4 8.4501266134289228
decision_type=2 9 8 10 9 1 2 2 9 10 2 10 9 2
left_child=1 2 3 4 10 6 12 9 13 -8 -1 -5 -2 -7
right_child=5 -3 -4 11 -6 8 7 -9 -10 -11 -12 -13 -14 -15
leaf_value=-0.035443165185218915 0.0027831123040833838 -0.0075528452355465335 0.037768296532280275 -0.01188086378041046 0.034099630885635925 -0.043882508046522807 0.0091897410246316452 -0.026038662335283333 0.00334514634730366 -0.018785487994591416 0.025933020653095003 -0.11547037169198562 -0.039670665701136511 0.036618465238662398
leaf_weight=55.75952472537756 58.546655509620905 231.18280374258757 263.90932416170835 108.88994368165731 224.27707855403423 79.59265048801899 346.46942761540413 232.03234724700451 828.95746226981282 156.60988700762391 36.117477681487799 7.0074464194476596 208.93643015623093 10.606494687497614
leaf_count=433 287 1527 3491 867 2738 392 1720 1130 4116 821 363 67 1067 55
internal_value=-0.000613802 0.0139197 0.0208621 0.0109536 0.0219883 -0.00762905 -0.0143155 -0.00792743 -0.000328004 0.00046099 -0.0101983 -0.0190784 -0.0317766 -0.0307473
internal_weight=2848.89 927.144 695.961 432.051 316.154 1921.75 1002.59 735.112 919.157 503.079 91.877 115.897 267.483 90.1991
internal_count=19074 9486 7959 4468 3534 9588 5025 3671 4563 2541 796 934 1354 447
cat_boundaries=0 1 3 4 5 7
cat_threshold=832263 2306118147 7 2 1476675600 2959114496 10
is_linear=0
shrinkage=0.05


Tree=46
num_leaves=15
num_cat=6
split_feature=6 15 30 29 30 25 6 30 26 29 29 19 20 3
split_gain=83.6011 49.5119 46.7517 30.7166 25.9183 27.6071 25.1917 24.7418 27.4766 35.6644 21.6647 37.354 26.6994 20.3149
threshold=27.500000000000004 0.81277895724445315 0 1 2 0.673407974049827 -18.499999999999996 3 103.50000000000001 4 5 38.500000000000007 2.2775000000000039 0.041508709078607875
decision_type=10 10 9 9 9 8 8 9 2 9 9 8 8 8
left_child=1 3 6 -1 -2 -6 -3 8 9 -5 11 12 -9 -7
right_child=4 2 -4 7 5 13 -8 10 -10 -11 -12 -13 -14 -15
leaf_value=0.016621345381466434 -0.030053072947707749 0.016929188253461028 0.018846084504481012 -0.042722964479246284 -0.029861497560238488 0.019733438035379469 -0.015134426404282317 0.013177816835607911 -0.0018394401701954423 -0.0029682931565439795 -0.014977275542541933 0.015518192494900688 -0.039849679106239135 -0.0091379793213754064
leaf_weight=171.3405762091279 213.30971145629883 88.312651518732309 761.29049568995833 127.08234480768442 103.92059797048569 89.422008618712425 194.28516149520874 37.954631879925728 225.24875519797206 111.0625508390367 138.5119548253715 322.25407610833645 60.653911508619785 185.79398563504219
leaf_count=1267 1145 705 6576 619 490 395 1327 238 1491 638 823 2217 331 824
internal_value=0.000176837 0.00459919 0.0125479 -0.00235422 -0.0165084 -0.0078323 -0.00491672 -0.00565339 -0.0140764 -0.0261833 0.0014613 0.00711515 -0.0195119 0.000280279
internal_weight=2830.44 2238 1043.89 1194.11 592.446 379.137 282.598 1022.77 463.394 238.145 559.375 420.863 98.6085 275.216
internal_count=19086 16232 8608 7624 2854 1709 2032 6357 2748 1257 3609 2786 569 1219
cat_boundaries=0 1 2 4 6 7 8
cat_threshold=2553186576 791811 311185480 2 2192200962 14 114688 49152
is_linear=0
shrinkage=0.05


Tree=47
num_leaves=15
num_cat=3
split_feature=9 23 29 30 20 1 30 25 25 3 1 20 32 25
split_gain=55.0081 51.294 41.9602 40.5269 38.8158 35.3531 46.5255 44.458 42.8975 38.6137 30.1967 29.8494 22.9715 22.0426
threshold=2.5000000000000004 13.847500000000002 0 1 -78.052499999999981 0.18070330969267143 2 0.45098826074133991 0.85907925660090456 0.93481427726891231 0.4859764089121888 1.2450000000000048 4.5000000000000009 4.7618692547233072
decision_type=2 10 9 9 8 8 9 10 8 10 10 10 8 10
left_child=1 2 5 -4 -2 -1 -7 10 9 12 -8 -5 -9 -10
right_child=4 -3 3 11 -6 6 7 8 13 -11 -12 -13 -14 -15
leaf_value=-0.018021689199041561 -0.044576049922125355 -0.0409916732946074 -0.02845443453568949 -0.00071234893829237285 0.019651501954041958 0.019403327482683433 -0.01136934418526505 -0.012381251465722616 0.0068125752366139563 -0.10227909563109781 0.028309248039103303 -0.042594460767926084 -0.057969086437684794 -0.042699451066208149
leaf_weight=167.56287077814341 23.98583136126399 84.89515870437026 219.59415038302541 581.34389638900757 420.09907668456435 434.77556559070945 65.089028403162956 213.51269444450736 336.14379459619522 13.604525253176687 176.33510447666049 44.904288172721863 30.932351861149073 23.090909909456968
leaf_count=776 123 504 1196 3172 3410 3546 339 1445 2411 97 1515 277 158 154
internal_value=-5.04397e-05 -0.00305274 -0.0016394 -0.0104238 0.0160901 0.00349715 0.00632356 -0.000533258 -0.00765443 -0.0231645 0.017609 -0.00371927 -0.0183627 0.00352034
internal_weight=2835.87 2391.78 2306.89 845.842 444.085 1461.05 1293.48 858.708 617.284 258.05 241.424 626.248 244.445 359.235
internal_count=19123 15590 15086 4645 3533 10441 9665 6119 4265 1700 1854 3449 1603 2565
cat_boundaries=0 1 2 4
cat_threshold=2929922 1485067264 584410196 10
is_linear=0
shrinkage=0.05


Tree=48
num_leaves=15
num_cat=3
split_feature=6 20 8 29 0 27 61 21 3 8 29 34 8 6
split_gain=72.863 49.6441 35.9601 29.1103 31.9726 30.0879 34.6539 32.9949 32.6951 29.8513 25.7967 32.3561 21.0095 22.7594
threshold=22.500000000000004 -84.399999999999991 -2.4999999999999996 0 99.77500000000002 0.57829187327520393 2430.5000000000005 0.94267767469471642 0.60773198035773235 9.5000000000000018 1 2 1.5000000000000002 33.500000000000007
decision_type=10 8 10 9 10 10 8 8 10 10 9 1 10 10
left_child=1 -1 -2 9 5 6 -5 8 -8 -3 12 -12 -4 -14
right_child=2 3 10 4 -6 -7 7 -9 -10 -11 11 -13 13 -15
leaf_value=-0.035982793972287652 0.036565659299405959 0.016013053555800166 0.010959053613012117 -0.06192949927984534 -0.055071987343779043 0.034026356248482589 -0.037005359243007852 0.0099179758956646127 0.030729099656847444 -0.042477783859313799 -0.032448435094722887 -0.0096540467947090047 0.013731958243282622 -0.074833033047948486
leaf_weight=68.752623315900564 35.537250965833664 33.752934664487839 146.66639585793018 16.832233168184757 18.622819505631924 112.68285746127367 71.276148673146963 1551.282861571759 22.802720915526152 58.529859244823456 261.27143904566765 386.24778272211552 12.612846910953524 15.266089722514151
leaf_count=350 179 200 614 92 89 1171 381 12235 193 321 1426 1715 52 64
internal_value=0.000116819 0.00544784 -0.0120252 0.00697661 0.00838767 0.00913138 0.00742427 0.00817095 -0.0204374 -0.0190951 -0.0141676 -0.0186005 0.0031689 -0.0356769
internal_weight=2812.14 1954.54 857.602 1885.78 1793.5 1774.88 1662.19 1645.36 94.0789 92.2828 822.065 647.519 174.545 27.8789
internal_count=19082 15032 4050 14682 14161 14072 12901 12809 574 521 3871 3141 730 116
cat_boundaries=0 1 2 3
cat_threshold=4259968 2363394 2
is_linear=0
shrinkage=0.05


Tree=49
num_leaves=15
num_cat=5
split_feature=7 30 0 7 26 20 19 29 7 24 26 30 29 30
split_gain=103.899 41.6324 49.0821 31.9945 31.5406 30.4969 29.4965 28.1756 31.6504 34.103 29.5807 28.9203 25.9992 24.012
threshold=16.500000000000004 0 93.655000000000015 -7.4999999999999991 490.00000000000006 -84.824999999999989 45.750000000000007 1 34.500000000000007 0.30143464947295801 47.500000000000007 2 3 4
decision_type=2 9 8 2 2 8 8 9 2 10 2 9 9 9
left_child=1 2 5 -3 7 -1 -5 -2 13 11 -11 -10 -4 -9
right_child=4 3 12 6 -6 -7 -8 8 9 10 -12 -13 -14 -15
leaf_value=-0.039874756330033088 -0.040458827189775649 -0.027065343323059772 0.02870428113692236 0.0008860168332336946 -0.026126663622845839 0.027442915736633357 0.034787988118057833 0.014449480928482314 -0.035513699743829563 -0.012771064642426527 0.029982526858700904 -0.0076071787416270159 -0.015020058052067055 -0.0027957069245748995
leaf_weight=17.56054250150919 42.793112501502037 27.060663260519505 29.203093722462654 79.371586181223392 192.40166245400906 191.32159594073892 334.93495049327612 257.16233871132135 175.64745188504457 90.63964930921793 71.504969224333763 224.52147482335567 261.79951824247837 807.81126999855042
leaf_count=108 197 118 380 673 1002 2119 4702 1292 946 415 327 1026 1794 4088
internal_value=-0.00016679 0.0133643 0.00312067 0.0243126 -0.00700857 0.0216206 0.0283109 -0.00479175 -0.0035592 -0.0131661 0.00615127 -0.0209892 -0.0100803 0.00148751
internal_weight=2803.73 941.252 499.885 441.367 1862.48 208.882 414.307 1670.08 1627.29 562.314 162.145 400.169 291.003 1064.97
internal_count=19187 9894 4401 5493 9293 2227 5375 8291 8094 2714 742 1972 2174 5380
cat_boundaries=0 2 3 4 5 7
cat_threshold=4180182291 14 4259872 42783824 266245 574686296 10
is_linear=0
shrinkage=0.05


Tree=50
num_leaves=15
num_cat=4
split_feature=7 29 26 30 19 0 8 28 15 26 7 7 30 29
split_gain=87.4796 40.4921 37.4026 55.8308 31.0085 29.6988 29.1697 31.0019 33.0458 27.1342 26.9799 26.4514 31.0375 23.6625
threshold=16.500000000000004 0 115.00000000000001 1 45.750000000000007 96.015000000000015 60.500000000000007 0.18315895323120793 2.7802821132003812 465.50000000000006 -4.4999999999999991 40.500000000000007 2 3
decision_type=2 9 2 9 8 10 10 10 10 2 2 2 9 9
left_child=1 -1 3 6 -5 -4 7 -3 -9 11 -6 13 -13 -2
right_child=9 2 5 4 10 -7 -8 8 -10 -11 -12 12 -14 -15
leaf_value=0.034083790649915922 -0.035364305692103741 0.024145806952940784 0.025532821581331706 -0.014946575449968648 -0.025039679083730639 -0.022639190938657072 0.034881580573641456 -0.048956124622707278 -0.0029067554062037083 -0.023894868497520868 0.037512393094807375 -0.030272709127581305 -0.0017278579948509212 0.00078039172333086327
leaf_weight=170.64965505897999 35.985447406768799 26.136443126946688 287.72452706098557 54.037587940692902 19.22231063991785 35.205595850944519 20.996337775141001 115.4651956781745 58.740981176495552 190.37090390920639 126.50118821114302 173.8584685921669 212.00297752022743 1240.3146130442619
leaf_count=2601 166 205 3365 387 83 237 163 641 431 988 1594 948 965 6175
internal_value=0.000182533 0.0128262 0.00735512 -0.00236661 0.0163877 0.0202275 -0.0191653 -0.0259265 -0.0335338 -0.00606375 0.0291468 -0.00400838 -0.0154616 -0.00053636
internal_weight=2767.21 914.68 744.03 421.1 199.761 322.93 221.339 200.343 174.206 1852.53 145.723 1662.16 385.861 1276.3
internal_count=18949 9707 7106 3504 2064 3602 1440 1277 1072 9242 1677 8254 1913 6341
cat_boundaries=0 1 3 5 6
cat_threshold=274436 3264005146 14 2190230592 10 4259840
is_linear=0
shrinkage=0.05


Tree=51
num_leaves=15
num_cat=4
split_feature=7 29 28 30 11 29 20 7 24 28 9 30 24 6
split_gain=86.0587 36.1212 52.4074 41.6073 39.1035 30.4598 32.2634 26.8641 29.3875 23.7061 23.2475 22.0665 33.2663 28.9587
threshold=14.500000000000002 0 0.39305403787386839 1 6.4244454543234353 2 4.620000000000001 32.500000000000007 0.39881050322226802 0.14093788536241422 1.0000000180025095e-35 3 0.32221649823258913 28.500000000000004
decision_type=2 9 10 9 2 9 10 2 10 8 2 9 8 10
left_child=1 2 -1 4 -4 6 7 8 11 -9 -5 -2 -13 -14
right_child=5 -3 3 10 -6 -7 -8 9 -10 -11 -12 12 13 -15
leaf_value=0.039196301410375202 0.025318169457414885 -0.0029834458415001139 -0.026912452346991318 0.0038480261822232149 0.024580018669133091 -0.00028310225432451726 -0.050059932211033192 0.011589530924017486 -0.018824985825332829 -0.034537083163618948 0.038178357356905342 -0.018878125062405215 0.027891473723763695 -0.041793060890321775
leaf_weight=224.21381760761142 80.757226601243019 246.04824985563755 113.91403305530548 83.57091211527586 53.375948186963797 1086.1692965887487 54.445441268384457 33.178118504583836 228.86476373299956 159.73806776106358 120.16467522084713 146.81850445643067 95.038219667971134 16.733166664838791
leaf_count=3289 392 1702 891 862 568 5384 353 173 1211 896 1801 806 561 73
internal_value=5.73216e-05 0.0133635 0.0198318 0.00858877 -0.00984944 -0.00583295 -0.0130515 -0.0105132 -0.00501938 -0.0265853 0.0230577 0.00431945 -0.00316411 0.017181
internal_weight=2743.03 841.288 595.239 371.026 167.29 1901.74 815.574 761.128 568.212 192.916 203.736 339.347 258.59 111.771
internal_count=18962 9113 7411 4122 1459 9849 4465 4112 3043 1069 2663 1832 1440 634
cat_boundaries=0 1 3 4 6
cat_threshold=831749 2974584838 6 4293124 2852126786 8
is_linear=0
shrinkage=0.05


Tree=52
num_leaves=15
num_cat=5
split_feature=7 30 29 15 30 26 8 1 29 2 30 20 0 7
split_gain=90.5815 38.0856 32.0194 37.6781 27.6598 36.157 23.5545 27.8837 25.185 51.8567 30.8526 21.5215 24.4797 32.9056
threshold=21.500000000000004 0 1 16.936773595706047 2 122.50000000000001 -2.4999999999999996 0.22767145135566189 3 5.5552323299502779 4 -84.399999999999991 86.990000000000023 14.500000000000002
decision_type=2 9 9 8 9 2 8 8 9 2 9 8 8 2
left_child=1 11 3 -3 5 -4 -2 -8 10 -10 -9 -1 13 -13
right_child=6 2 4 -5 -6 -7 7 8 9 -11 -12 12 -14 -15
leaf_value=-0.050361048441697642 0.037563035452610534 0.03095787446930225 -0.058365463086179514 0.0038391822696023309 0.011515418962389898 0.028776941354359445 -0.023940294501770838 0.028375311419151616 -0.010086515989073593 -0.067267905781591975 -0.0041102303498961497 0.030877587197975117 -0.0070566951805515451 -0.0089438987557812523
leaf_weight=19.895858936011791 25.99643562734127 405.03471704944968 40.323856081813574 187.56143759563565 109.48261145502329 16.008147366344929 273.01652503013611 70.753657400608063 345.84632915258408 43.874951988458633 679.43860126286745 125.47674207389355 336.24772203713655 87.336007390171289
leaf_count=110 113 4956 249 1638 931 125 1413 340 1526 188 3093 1475 2452 532
internal_value=-5.03254e-05 0.00936631 0.0165826 0.0220245 -0.00302597 -0.0285517 -0.00873736 -0.00961521 -0.00616628 -0.0162635 -0.000680612 -0.00054653 0.0013369 0.0145699
internal_weight=2766.29 1327.37 758.411 592.596 165.815 56.332 1438.93 1412.93 1139.91 389.721 750.192 568.956 549.06 212.813
internal_count=19141 12468 7899 6594 1305 374 6673 6560 5147 1714 3433 4569 4459 2007
cat_boundaries=0 2 3 4 5 7
cat_threshold=3643443475 13 2404359 8406088 2384902 7352334 1
is_linear=0
shrinkage=0.05


Tree=53
num_leaves=15
num_cat=3
split_feature=7 21 3 20 0 7 25 30 0 30 30 25 25 3
split_gain=78.5355 28.0076 25.1312 25.0691 23.9824 23.2707 32.4232 27.0961 25.291 36.4399 24.6024 21.9585 31.0308 21.2197
threshold=23.500000000000004 0.81933619727568774 0.50238471201224322 -84.824999999999989 99.020000000000024 14.500000000000002 4.7618692547233072 0 82.555000000000021 1 2 0.58048528815615785 0.72171525053033159 0.99773095110043242
decision_type=2 8 10 8 10 2 10 9 8 9 9 8 10 8
left_child=1 2 -1 -3 5 6 8 -8 -5 13 -7 -12 -13 -10
right_child=-2 3 -4 4 -6 10 7 -9 9 -11 11 12 -14 -15
leaf_value=-0.055253575533290113 -0.009124635499036745 -0.03268897147891605 0.02419212701479662 0.034782317587424012 -0.032334409488866761 -0.015012261687552134 -0.043282387587730176 0.0213189791737005 0.0037096338098820841 0.024556395303058736 0.024643600404668592 -0.02663247466330327 0.00935672812038091 -0.040990609578413717
leaf_weight=30.848501138389111 1222.7692925557494 34.144364386796951 13.791796054691075 203.34987422451377 31.64345558732748 124.29047703370452 29.827732734382153 20.678038466721773 166.14617484807968 289.34367133677006 158.03447073698044 72.77932933345437 317.41065880656242 30.571461599320173
leaf_count=175 5732 196 160 2733 158 722 165 203 1397 3809 1055 393 1928 239
internal_value=0.000308412 0.00788363 -0.0307162 0.00906927 0.0100786 0.011051 0.0171642 -0.0211972 0.0200012 0.0137586 0.00430951 0.00882211 0.002593 -0.00324519
internal_weight=2745.63 1522.86 44.6403 1478.22 1444.08 1412.43 739.917 50.5058 689.411 486.061 672.515 548.224 390.19 196.718
internal_count=19065 13333 335 12998 12802 12644 8546 368 8178 5445 4098 3376 2321 1636
cat_boundaries=0 2 4 6
cat_threshold=1082212368 8 963153159 12 1228069122 4
is_linear=0
shrinkage=0.05


Tree=54
num_leaves=15
num_cat=2
split_feature=7 5 27 26 23 26 30 19 25 1 26 8 3 30
split_gain=67.6225 24.8828 28.3818 22.9746 60.2068 32.4805 32.2359 32.2275 24.8427 22.5514 22.1869 20.4964 27.5646 25.3225
threshold=19.500000000000004 0.32418248847926268 0.06333156671415148 122.50000000000001 30.505416666666672 755.00000000000011 0 44.500000000000007 7.8454301265326398 2.2967967967967975 76.500000000000014 20.500000000000004 0.67982445584944895 1
decision_type=2 10 8 2 10 2 9 8 10 10 2 8 10 9
left_child=3 2 -2 4 6 -5 8 -8 -1 -9 -11 12 13 -7
right_child=1 -3 -4 5 -6 11 7 9 -10 10 -12 -13 -14 -15
leaf_value=-0.003063113936423203 0.039342740980492563 -0.02098236328108298 -0.0046592400068479331 0.032292176081936644 -0.068306098147063163 -0.02458914972410612 -0.011558618152145747 0.028133107750004296 -0.060295893810117844 0.0064837140319104888 -0.088273654469690779 0.020768587505120645 -0.044975491665968814 0.025705710907114678
leaf_weight=196.12374435737729 36.653206303715706 236.62271271646023 1378.9549276083708 221.21018394827843 26.629150457680225 31.31368076056242 83.59976664185524 273.41992408037186 20.005879424512386 27.758781526237726 6.9035668186843386 111.98578905314207 35.778928223997355 52.1947241127491
leaf_count=1609 176 1218 6383 2806 138 308 589 3357 97 277 38 1327 330 555
internal_value=0.000361882 -0.00600887 -0.00349296 0.0100427 0.00389272 0.0186381 0.00716286 0.0154743 -0.00823486 0.0233241 -0.0143348 0.00549531 -0.00889655 0.00691065
internal_weight=2739.15 1652.23 1415.61 1086.92 634.441 452.483 607.812 391.682 216.13 308.082 34.6623 231.273 119.287 83.5084
internal_count=19208 7777 6559 11431 6105 5326 5967 4261 1706 3672 315 2520 1193 863
cat_boundaries=0 2 4
cat_threshold=3230286864 12 3376814106 4
is_linear=0
shrinkage=0.05


Tree=55
num_leaves=15
num_cat=5
split_feature=7 29 27 8 29 20 30 27 30 1 11 28 23 30
split_gain=57.9966 36.4609 28.5639 27.0288 29.7933 29.5278 26.0371 24.6263 22.8659 21.6737 20.3683 20.2587 19.0002 18.8441
threshold=16.500000000000004 0 0.57829187327520393 -2.4999999999999996 1 -1.0000000180025095e-35 2 0.048802248052571988 3 0.77831196581196593 6.284162145362294 0.4234832752810887 4.4372916666666677 4
decision_type=2 9 8 8 9 10 9 8 9 10 2 10 10 9
left_child=1 -1 8 -2 6 7 -5 -6 -3 -10 13 -12 -9 -8
right_child=3 2 -4 4 5 -7 10 12 9 -11 11 -13 -14 -15
leaf_value=0.030389158852718801 0.037888837775846937 -0.0082994137634484575 0.03049709478009538 0.032370268037902848 0.052123532821388208 -0.044813534658063536 0.014213065486939722 -0.0092241581532170793 -0.0065229270537584044 0.021604906939166432 -0.000950579924513726 0.026348072371817896 -0.037477742494365078 -0.01989191219196915
leaf_weight=170.54915742948651 34.588281221687794 310.75275461748242 94.173860643059015 45.966434732079506 14.355533652007578 68.367965720593929 43.464037425816059 619.5175573118031 108.11407251656055 184.07632775604725 655.35140423104167 74.818365272134542 65.034944407641888 216.93087313324213
leaf_count=2892 171 2490 1171 245 74 444 203 3206 962 2285 3058 395 401 1054
internal_value=-0.000245445 0.0104023 0.00496949 -0.00527377 -0.00612195 -0.0135001 -0.00051751 -0.0105703 0.00102072 0.0108408 -0.0023824 0.00187884 -0.0119591 -0.0143839
internal_weight=2706.06 867.666 697.117 1838.4 1803.81 767.276 1036.53 698.908 602.943 292.19 990.565 730.17 684.553 260.395
internal_count=19051 9800 6908 9251 9080 4125 4955 3681 5737 3247 4710 3453 3607 1257
cat_boundaries=0 1 2 3 5 7
cat_threshold=798725 2388995 544284676 3903622467 12 33849352 10
is_linear=0
shrinkage=0.05


Tree=56
num_leaves=15
num_cat=3
split_feature=7 30 0 20 1 8 8 1 11 30 30 27 19 3
split_gain=60.7648 27.9902 29.2342 29.8074 24.3143 23.4603 21.5593 24.9217 20.4117 41.9498 39.4111 25.3638 25.3061 22.2312
threshold=16.500000000000004 0 94.02500000000002 -84.824999999999989 0.22767145135566189 -4.4999999999999991 82.500000000000014 2.4314757481940146 7.483997645483222 1 2 0.58126405892277655 90.855000000000018 0.19052124115084915
decision_type=2 9 8 8 8 10 10 8 2 9 9 8 10 8
left_child=1 2 3 -1 5 -2 7 -4 10 -10 11 -6 -11 -12
right_child=4 -3 6 -5 8 -7 -8 -9 9 12 13 -13 -14 -15
leaf_value=-0.041877002165943464 0.049972297170424208 0.020544233117970791 -0.0025288457553473303 0.023664108834824102 -0.030053512219460544 -0.020756341303142013 0.05757545617895915 -0.038572110955334971 0.032723136214214174 0.0023199773158792225 0.0072227397340524583 0.014491827207766718 -0.038816095494777721 -0.0094246390732082488
leaf_weight=18.31738306581974 11.265401802957056 380.68604315444827 214.57309330999851 176.02812551707029 226.7250734642148 302.67913949489594 11.118127789348362 60.824002847075462 100.20320478081703 326.08555218577385 407.30383867025375 36.558644901961088 41.216181620955467 393.13763912394643
leaf_count=109 55 5237 1823 2174 1125 1583 78 347 524 1570 1998 183 188 2079
internal_value=-0.000295973 0.0106603 0.00233426 0.017304 -0.00541467 -0.0180677 -0.00776351 -0.0106001 -0.00281035 0.00588912 -0.00663568 -0.0229676 -0.00232575 -0.000943423
internal_weight=2706.72 861.547 480.861 194.346 1845.17 313.945 286.515 275.397 1531.23 467.505 1063.73 263.284 367.302 800.441
internal_count=19073 9768 4531 2283 9305 1638 2248 2170 7667 2282 5385 1308 1758 4077
cat_boundaries=0 2 4 6
cat_threshold=4163666963 15 1347439644 4 1478909208 4
is_linear=0
shrinkage=0.05


Tree=57
num_leaves=15
num_cat=6
split_feature=7 29 26 30 28 29 30 56 7 34 30 0 7 15
split_gain=64.5349 30.5258 27.9943 51.8681 29.9593 27.6725 33.4761 26.6026 26.5238 31.7321 26.3793 25.425 22.4953 28.0683
threshold=16.500000000000004 0 111.50000000000001 1 0.18315895323120793 2 3 1.0000000180025095e-35 -23.499999999999996 4 5 98.355000000000004 30.500000000000004 5.8634459836956898
decision_type=2 9 2 9 10 9 9 2 2 1 9 10 2 10
left_child=1 -1 3 4 -3 10 -7 -6 -5 -10 -2 -4 13 -8
right_child=5 2 11 8 7 6 12 -9 9 -11 -12 -13 -14 -15
leaf_value=0.036046720633805554 0.026333944194422938 0.030805189645512605 0.021999694605706416 -0.057761742798406873 -0.036794789394594608 -0.02816455915919798 0.0062713042093652058 0.00049124585288701358 0.0053775361351225542 0.048085988518808138 -0.0025376236003178368 -0.028126994286027454 -0.02021745271572789 -0.036913342249568278
leaf_weight=96.924566514790058 75.019939843565226 27.805135108530521 312.55712706595659 9.7714857310056669 135.00124230608344 234.1392765417695 329.26933486759663 73.754513319581747 104.49421161040664 73.856207370758057 974.90626337006688 26.66856612637639 178.20906688272953 41.465967562049627
leaf_count=1699 402 239 4125 40 810 1365 1663 619 918 1263 4647 162 952 237
internal_value=-0.000291485 0.0109938 0.00720668 -0.00125777 -0.0164811 -0.00559449 -0.012623 -0.0236819 0.0178014 0.0232329 -0.000223027 0.0179878 -0.00557108 0.00135489
internal_weight=2693.84 860.833 763.908 424.683 236.561 1833.01 783.084 208.756 188.122 178.35 1049.93 339.226 548.944 370.735
internal_count=19141 9875 8176 3889 1668 9266 4217 1429 2221 2181 5049 4287 2852 1900
cat_boundaries=0 1 3 4 6 7 8
cat_threshold=266244 3536634906 14 2388995 1076788252 2 2 5267524
is_linear=0
shrinkage=0.05


Tree=58
num_leaves=15
num_cat=3
split_feature=7 20 20 30 11 26 23 2 27 31 0 29 30 15
split_gain=52.8057 31.7111 29.212 26.2522 30.9155 23.7567 32.3183 24.9758 21.5002 21.0434 22.105 20.7338 19.984 19.7749
threshold=23.500000000000004 31.505000000000003 -84.399999999999991 0 6.3491215085566708 106.50000000000001 7.5766666666666671 73.484187192320405 0.23810746168858268 1.5000000000000002 95.995000000000019 1 2 -0.007786228657931253
decision_type=2 10 8 9 2 2 10 2 10 2 8 9 9 10
left_child=1 2 -1 4 11 6 7 9 -9 10 -5 -4 -11 -2
right_child=13 -3 3 5 -6 -7 -8 8 -10 12 -12 -13 -14 -15
leaf_value=-0.034655752400590385 -0.015391823159642224 -0.081678233280953375 0.012799766379096484 0.028146065710805253 0.011354413763634028 0.027364014494262925 -0.066436535626185816 -0.063858812222465353 0.0042840103133278476 -0.010364411278611083 -0.0089903756269574323 -0.016778302659639657 0.026532496851058712 -0.0024118892740264838
leaf_weight=40.700813431292772 523.68032777309418 9.2452275864779931 69.301582764834166 53.887995343655348 313.73872830346227 232.99161759763956 13.096623018383978 19.026671353727579 27.155312113463879 41.151092313230038 147.45031725615263 256.86782732978463 256.65686244890094 666.79907166212797
leaf_count=238 2499 86 639 506 2720 2766 68 109 253 385 1146 1943 2563 3143
internal_value=-0.000292499 0.00600745 0.00661325 0.00781014 0.000164613 0.0138077 0.00835957 0.0102742 -0.0245488 0.0135387 0.00103914 -0.0105955 0.0219575 -0.00812976
internal_weight=2671.75 1481.27 1472.03 1431.32 639.908 791.416 558.425 545.328 46.182 499.146 201.338 326.169 297.808 1190.48
internal_count=19064 13422 13336 13098 5302 7796 5030 4962 362 4600 1652 2582 2948 5642
cat_boundaries=0 2 3 4
cat_threshold=3626693651 6 2101286 8652800
is_linear=0
shrinkage=0.05


Tree=59
num_leaves=15
num_cat=6
split_feature=7 29 0 30 5 34 30 56 15 29 2 30 19 2
split_gain=51.893 31.3337 29.6592 35.1695 29.4555 25.9161 32.0266 26.236 22.7477 28.3557 31.6431 22.2523 21.4084 22.5273
threshold=16.500000000000004 0 96.440000000000012 1 0.033602551757342329 2 3 1.0000000180025095e-35 4.4998960414389533 4 7.3688844442115213 5 41.750000000000007 57.601515497387517
decision_type=2 9 8 9 8 1 9 2 8 9 2 9 8 2
left_child=1 -1 4 -4 -3 7 -7 -2 9 11 -11 -8 -5 -14
right_child=5 2 3 12 -6 6 8 -9 -10 10 -12 -13 13 -15
leaf_value=0.030101731425496655 -0.024561207127745618 -0.020460039942326737 -0.019353708079526539 -0.018930561160510392 0.026542692602398877 -0.028359565345030674 -0.0067619166572437652 -0.0050815345612771822 -0.0027222698774951827 0.0072353472494807898 -0.069928757387070509 0.026302661842136667 0.024489405604520353 -0.016938412048337261
leaf_weight=160.62130649760365 227.12182810902596 38.5755983479321 166.07373677194118 51.8840586617589 217.2861806191504 67.737252775579691 63.792278349399567 716.75280365720391 430.289256259799 37.750508099794388 19.365932252258062 252.97087796777487 171.61688450351357 39.762218985706568
leaf_count=2908 1209 279 1084 356 2867 335 320 3649 2144 186 92 1299 2070 303
internal_value=0.000711821 0.0109338 0.00587887 -0.00207122 0.0194042 -0.00405314 0.00216125 -0.00978991 0.00505358 0.0141208 -0.0167917 0.0196404 0.00924555 0.0166534
internal_weight=2661.6 845.82 685.199 429.337 255.862 1815.78 871.906 943.875 804.169 373.88 57.1164 316.763 263.263 211.379
internal_count=19101 9867 6959 3813 3146 9234 4376 4858 4041 1897 278 1619 2729 2373
cat_boundaries=0 1 3 4 5 6 8
cat_threshold=798725 2716337427 4 2 402917440 319492 41959424 8
is_linear=0
shrinkage=0.05


Tree=60
num_leaves=15
num_cat=5
split_feature=7 29 26 23 30 11 19 26 26 30 34 30 20 7
split_gain=44.4543 33.3107 28.2237 43.8066 33.3163 31.6995 26.5545 25.4178 20.4228 33.7736 25.9025 24.4344 18.6118 17.7691
threshold=22.500000000000004 0 115.00000000000001 7.5766666666666671 1 5.5347520090252802 inf 497.50000000000006 1.0000000180025095e-35 2 3 4 8.0049999999999972 -7.4999999999999991
decision_type=2 9 2 10 9 2 8 2 2 9 1 9 10 2
left_child=1 -1 3 5 12 6 -3 -2 9 -7 -11 -10 -4 -12
right_child=7 2 4 -5 -6 8 -8 -9 11 10 13 -13 -14 -15
leaf_value=0.019531819064760071 -0.0043643524914025351 -0.0065795504168848218 -0.00078633578516194554 -0.064302648736091969 0.020736175610341696 0.03475443104551737 0.036344057831981642 -0.031695342293013629 -0.041586137735190265 -0.024661450850147159 -0.061287229429288916 5.2488344358018971e-05 -0.048644131619415117 0.021481398615494501
leaf_weight=354.5289216786623 1255.6034606844187 63.739306602627039 104.33218914270401 29.103198684751987 284.04966540634632 42.288892939686775 81.104956839233637 90.304776877164841 75.210310392081738 119.35046508535743 6.2334299087524405 69.49484883621335 24.237831976264715 64.121419087052345
leaf_count=4177 5892 446 966 161 3111 364 936 474 437 815 25 424 169 771
internal_value=0.000168863 0.00669411 0.00173333 -0.00565395 0.0116235 -0.00226444 0.0175397 -0.00622032 -0.0099056 -0.000688471 -0.0100268 -0.0245765 -0.00938954 0.013392
internal_weight=2663.7 1317.8 963.267 550.647 412.62 521.544 144.844 1345.91 376.699 231.994 189.705 144.705 128.57 70.3548
internal_count=19168 12802 8625 4379 4246 4218 1382 6366 2836 1975 1611 861 1135 796
cat_boundaries=0 1 3 5 6 8
cat_threshold=274695 2300827971 5 146080794 11 2 8389914 10
is_linear=0
shrinkage=0.05


Tree=61
num_leaves=15
num_cat=4
split_feature=1 29 20 30 11 30 30 26 14 25 25 21 25 1
split_gain=34.3727 26.6713 28.6208 23.6543 23.1304 22.6263 19.1015 18.9551 18.1582 16.2827 15.2157 15.7271 16.7296 30.613
threshold=0.15430402930402934 0 8.4100000000000055 1 6.7447362136187108 2 3 6.5000000000000009 -9.0137499999999982 0.52772709321508526 11.732221978744528 0.81933619727568774 0.40902444739800609 0.41699475065616803
decision_type=8 9 10 9 2 9 9 2 8 10 10 8 8 10
left_child=6 4 5 -4 7 -3 -1 -2 -7 -8 11 -10 13 -13
right_child=1 2 3 -5 -6 8 9 -9 10 -11 -12 12 -14 -15
leaf_value=-0.035826089575799601 0.021230900836886377 0.01797098620000126 0.016417863946068385 -0.030599378175301589 -0.060849953321441767 -0.071147987633462792 -0.03833724775081207 -0.026912886523734626 -0.027910461415599188 0.0067615564230512088 -0.0343586838564688 -0.014804573832586985 0.001379894204237696 0.019272764208123988
leaf_weight=85.900329068303108 31.397039838135242 255.81663045659661 30.950108200311661 94.928099445998669 28.363736040890217 7.3543503768742085 25.268090024590492 54.689786847680807 38.667090192437172 83.202305149286985 26.276623412966728 80.949066262692213 1464.5553487315774 339.25000328943133
leaf_count=525 227 2288 264 721 154 40 150 313 292 399 118 474 10222 2917
internal_value=0.00017492 0.00178166 0.0029664 -0.0201185 -0.0207073 0.00430147 -0.0200095 -0.00931202 0.00240234 -0.00366373 0.00272842 0.00325268 0.00390647 0.0126884
internal_weight=2647.57 2453.2 2338.75 125.878 114.451 2212.87 194.371 86.0868 1957.05 108.47 1949.7 1923.42 1884.75 420.199
internal_count=19104 18030 17336 985 694 16351 1074 540 14063 549 14023 13905 13613 3391
cat_boundaries=0 1 2 3 5
cat_threshold=4260464 1645233168 542188556 43795522 2
is_linear=0
shrinkage=0.05


Tree=62
num_leaves=15
num_cat=4
split_feature=1 29 9 30 30 23 19 30 11 5 11 3 3 27
split_gain=32.7247 23.1803 28.6437 40.2555 33.1702 23.5758 26.5358 23.4761 23.3671 22.762 20.7285 23.3255 19.0364 17.8404
threshold=0.16784037558685447 0 2.5000000000000004 1 2 18.59354166666667 29.000000000000004 3 7.7958378757966296 0.637105138339921 7.2470339994942483 1.0433171875901832 0.071898237503412024 0.18173943182791788
decision_type=8 9 2 9 9 10 8 9 2 8 2 10 8 8
left_child=-1 7 4 8 9 6 12 -2 -4 -3 11 13 -6 -11
right_child=1 2 3 -5 5 -7 -8 -9 -10 10 -12 -13 -14 -15
leaf_value=-0.01862077053028079 0.024280230715590451 -0.00095846792456115827 0.0031119818274843486 0.025630384840233968 0.0050679050179649335 -0.041287462089747942 0.0075298478568829796 0.0035783186606020397 -0.048655499077884509 -0.042504369507137311 0.0057059991684379422 -0.082402514537872618 -0.034618909715617402 -0.015057946554586943
leaf_weight=216.41169284284115 180.98166079819202 227.45648474991322 64.49000134319067 187.6174625121057 52.398842871189117 29.181326735764742 688.91702360659838 521.27725483849645 31.845141913741827 81.992309268563986 60.446387015283108 16.573856070637703 69.650501452386379 214.18883215263486
leaf_count=1188 1407 1713 512 1602 302 197 5090 4156 160 496 387 129 392 1420
internal_value=-3.65651e-05 0.00162753 -0.00150616 0.0129718 -0.00437693 0.00208382 0.00371905 0.00920566 -0.0129901 -0.0132171 -0.021019 -0.0261859 -0.0176776 -0.0227734
internal_weight=2643.43 2427.02 1724.76 283.953 1440.81 840.148 810.966 702.259 96.3351 600.658 373.201 312.755 122.049 296.181
internal_count=19151 17963 12400 2274 10126 5981 5784 5563 672 4145 2432 2045 694 1916
cat_boundaries=0 1 3 5 7
cat_threshold=2897155 2735022146 12 445537625 4 570717268 8
is_linear=0
shrinkage=0.05


Tree=63
num_leaves=15
num_cat=5
split_feature=7 7 30 34 30 30 11 7 29 27 27 28 3 15
split_gain=39.277 28.9449 32.4648 22.963 29.2789 28.9989 34.4479 29.4025 24.6606 21.7551 20.3069 18.5829 17.9823 17.8277
threshold=14.500000000000002 4.5000000000000009 0 1 2 3 6.0507588670874677 35.500000000000007 4 0.06333156671415148 0.53095497132856206 0.18315895323120793 0.69832873042941002 2.7465573888265964
decision_type=2 2 9 1 9 9 2 2 9 8 8 10 8 10
left_child=1 2 11 5 -5 -2 -7 8 -8 -6 -10 -1 -13 -3
right_child=3 13 -4 4 9 6 7 -9 10 -11 -12 12 -14 -15
leaf_value=0.02756095966395174 0.0031637967648937624 0.0088086245732658906 0.010537477411556168 -0.029449002675696681 0.056057393608215315 -0.035082832441225016 0.012507991103428623 -0.026846627920345985 -0.023119281584213457 0.0034867585086715159 0.021525579262661531 -0.0076422700895360492 -0.052679965829030007 0.027985720585196085
leaf_weight=13.352993357926605 335.32927460223436 286.86005461215973 162.12552938237786 56.885109432041645 19.173775985836983 161.38939607515931 173.54116090759635 149.07633909583092 131.62820941209793 816.16227459162474 30.687796793878078 38.32231143116951 52.858563426882029 210.65499487891793
leaf_count=108 1782 3679 1488 300 92 902 879 796 699 4307 191 322 347 3209
internal_value=0.000309099 0.00985537 -0.00342932 -0.0035871 0.0022178 -0.00886004 -0.0149121 -0.00844761 -0.000225412 0.00470279 -0.0137562 -0.023735 -0.0340394 0.0169683
internal_weight=2638.05 764.174 266.659 1873.87 892.221 981.652 646.323 484.934 335.857 835.336 162.316 104.534 91.1809 497.515
internal_count=19101 9153 2265 9948 4699 5249 3467 2565 1769 4399 890 777 669 6888
cat_boundaries=0 2 3 4 6 7
cat_threshold=3382763523 12 2 402933760 2960239697 9 282630
is_linear=0
shrinkage=0.05


Tree=64
num_leaves=15
num_cat=2
split_feature=7 0 20 30 9 23 3 7 30 4 24 15 28 25
split_gain=35.7423 26.6519 27.5774 26.614 19.1259 17.2683 18.8287 21.0338 22.5831 16.069 22.7225 17.3805 15.6832 15.4602
threshold=14.500000000000002 92.805000000000021 -84.824999999999989 0 2.5000000000000004 18.59354166666667 0.10866380729656176 34.500000000000007 1 -17.359397684347972 0.45609505154137475 2.7465573888265964 0.45185178944631438 0.40902444739800609
decision_type=2 8 8 9 2 10 8 2 9 10 10 10 10 10
left_child=1 2 -1 9 5 6 -2 8 -8 10 11 -3 -6 -10
right_child=4 3 -4 -5 12 -7 7 -9 13 -11 -12 -13 -14 -15
leaf_value=-0.027286290817694837 0.0010783920486147644 -0.026029093126690012 0.026873502646188104 0.011949295355741865 0.0042347677234270287 -0.036751841393697755 -0.028785377795843805 -0.022070612057381908 0.012031893986652152 -0.044721558307980809 0.030974285259763576 0.0086407621950208256 0.043841379600174625 -0.0063934841044495944
leaf_weight=25.295497056096792 668.77288297563791 101.93419133126736 235.19815565273166 274.05779634788632 211.10059474408627 43.953567110002041 77.547823026776314 256.63951455801725 152.48708300292492 30.083073247224092 33.389375690370798 55.095671247690916 27.398329570889473 439.94331816211343
leaf_count=164 3349 716 3578 3669 1115 290 417 1326 907 215 331 488 175 2403
internal_value=-0.000560942 0.0086194 0.02153 0.00178943 -0.00425485 -0.00618005 -0.0053153 -0.00992604 -0.00524802 -0.0108831 -0.00590008 -0.0138871 0.00894876 -0.00161149
internal_weight=2632.9 755.054 260.494 494.56 1877.84 1639.34 1595.39 926.618 669.978 220.502 190.419 157.03 238.499 592.43
internal_count=19143 9161 3742 5419 9982 8692 8402 5053 3727 1750 1535 1204 1290 3310
cat_boundaries=0 2 3
cat_threshold=3379045655 12 3626117122
is_linear=0
shrinkage=0.05


Tree=65
num_leaves=15
num_cat=3
split_feature=7 29 27 22 56 25 20 11 29 28 7 29 25 25
split_gain=42.1301 32.0802 25.4896 24.132 23.0098 22.671 21.4959 21.4731 18.1653 21.7194 19.7899 18.0744 30.2997 36.2648
threshold=22.500000000000004 0 0.57829187327520393 64.07583333333335 7.5000000000000009 11.732221978744528 31.505000000000003 9.5834398404494578 1 0.078551704130693775 32.500000000000007 2 0.47673407361972736 0.8187398524557733
decision_type=2 9 8 8 2 10 10 2 9 8 2 9 10 10
left_child=1 -1 3 4 -3 6 7 11 9 -2 -11 12 -5 -14
right_child=8 2 -4 5 -6 -7 -8 -9 -10 10 -12 -13 13 -15
leaf_value=0.020115485998099002 0.041918001746470167 -0.046476861902914189 0.02208846979744894 0.028976507325748899 0.03070011227841854 -0.073544619373657361 -0.086501958283652813 -0.081737244668968145 -0.0013565179273209247 -0.0075188395771323127 -0.028209622998934154 -0.016451211607244411 -0.012485239051915467 0.013417209662077031
leaf_weight=318.75136736035347 16.060871094465256 48.391308166086674 134.81182945147157 122.55252115800977 11.261845618486403 9.038559287786482 5.7879225164651862 6.4269257448613635 826.83669456839561 298.54254949092865 188.66224642843008 87.630895391106606 248.6854413934052 293.53467215970159
leaf_count=3885 77 293 1622 1387 109 48 55 36 3659 1399 1214 610 2001 2724
internal_value=0.000209873 0.00665697 0.0019816 -0.00127009 -0.0316408 0.00110948 0.00208687 0.00287553 -0.00602801 -0.0133926 -0.0155724 0.00370581 0.00653263 0.00153612
internal_weight=2616.98 1286.87 968.122 833.31 59.6532 773.657 764.618 758.83 1330.1 503.266 487.205 752.404 664.773 542.22
internal_count=19119 12770 8885 7263 402 6861 6813 6758 6349 2690 2613 6722 6112 4725
cat_boundaries=0 1 2 3
cat_threshold=274437 4292612 2670720
is_linear=0
shrinkage=0.05


Tree=66
num_leaves=15
num_cat=4
split_feature=7 7 15 26 3 30 34 30 27 56 30 61 20 7
split_gain=35.777 25.9459 23.6609 23.4812 20.3841 19.6545 19.2558 23.623 25.7503 21.7057 21.8274 18.7987 18.2873 17.9704
threshold=14.500000000000002 4.5000000000000009 1.0000000180025095e-35 490.00000000000006 0.88675759457956504 0 1 2 0.40967235697832144 1.0000000180025095e-35 3 1256.5000000000002 5.5150000000000015 40.500000000000007
decision_type=2 2 8 2 10 9 1 9 10 2 9 8 8 2
left_child=1 5 -3 4 6 -1 9 -8 -9 10 -2 -4 -5 -11
right_child=3 2 11 12 -6 -7 7 8 -10 13 -12 -13 -14 -15
leaf_value=-0.019326146204699014 0.010402384017553452 -0.012272843545081544 -0.07044435500833493 -0.0018223633813299147 0.037594684624310225 0.0076068366318892315 -0.027172498973797494 0.0010368723810561576 0.026358891260634999 0.0011799341789740063 -0.030926144836092403 0.021396763003639008 -0.03280393534090998 -0.01794987424297657
leaf_weight=104.74816634878516 39.052519403398037 64.1391671448946 4.6975502818822861 80.109864611178637 30.781843140721321 154.52595137432218 51.214582752436399 651.15563751384616 117.71989241987467 467.26600176095963 145.76262357458472 411.95447151735425 116.92677580937743 165.46105728298426
leaf_count=834 212 766 28 446 193 1397 272 3382 618 2397 791 6068 701 922
internal_value=-0.000311537 0.00898335 0.0158473 -0.00400186 -0.00206839 -0.00375695 -0.00283641 0.00257585 0.00487966 -0.00826204 -0.0232887 0.0201951 -0.0202805 -0.00384303
internal_weight=2605.52 740.065 480.791 1865.45 1668.41 259.274 1637.63 820.09 768.876 817.542 184.815 416.652 197.037 632.727
internal_count=19027 9093 6862 9934 8787 2231 8594 4272 4000 4322 1003 6096 1147 3319
cat_boundaries=0 2 3 4 6
cat_threshold=3248570435 15 2 402933760 3766494466 8
is_linear=0
shrinkage=0.05


Tree=67
num_leaves=15
num_cat=5
split_feature=7 29 25 29 27 28 30 30 24 11 31 27 5 30
split_gain=28.7655 23.9276 22.359 22.58 25.6874 30.3949 33.7172 25.203 28.3938 23.2638 24.1372 22.0562 24.8361 21.5748
threshold=23.500000000000004 0 11.732221978744528 1 0.57829187327520393 0.47948845190271655 2 3 0.44639040095213939 6.6274853716237851 3.5000000000000004 0.061911632576011781 0.232883631713555 4
decision_type=2 9 10 9 8 10 9 9 10 2 2 8 10 9
left_child=2 -2 3 4 5 7 -7 8 -1 10 -5 12 -3 -13
right_child=1 11 -4 9 -6 6 -8 -9 -10 -11 -12 13 -14 -15
leaf_value=0.0066071585367681526 0.00087094585475267047 0.054204899837242193 -0.058093784767925621 -0.0074756301187137303 0.027350322213872631 0.021184740568622604 -0.01618892724274007 0.017255031267112111 -0.03341925674688246 -0.039485302200101158 0.063626488200860018 0.013473180808256402 -0.043354954708956478 -0.02036931302813676
leaf_weight=209.3934362269938 718.90137931704521 21.866702996194366 12.650264773517845 95.178320091217756 157.30906904488802 70.016781415790319 238.17942902073264 517.26586155593395 55.129815816879272 50.472009040415287 12.627781532704828 48.768796555697918 8.2722181603312475 388.53360379487276
leaf_count=1879 3178 107 75 625 1966 844 1819 5299 497 309 74 232 68 2143
internal_value=0.000807757 -0.00493518 0.00561182 0.00622607 0.00845725 0.00578551 -0.00749566 0.0110241 -0.00176288 -0.0111313 0.00136108 -0.0135763 0.0268953 -0.0167303
internal_weight=2604.57 1186.34 1418.22 1405.57 1247.29 1089.99 308.196 781.789 264.523 158.278 107.806 467.441 30.1389 437.302
internal_count=19115 5728 13387 13312 12304 10338 2663 7675 2376 1008 699 2550 175 2375
cat_boundaries=0 1 2 3 5 6
cat_threshold=2388994 847879 1085500760 1478978833 14 3095396354
is_linear=0
shrinkage=0.05


Tree=68
num_leaves=15
num_cat=4
split_feature=7 29 28 30 1 11 3 5 30 30 11 23 25 15
split_gain=32.1299 31.8315 24.0761 28.1363 22.3189 28.5992 26.2387 24.6268 23.553 21.7944 20.7289 17.9818 33.9844 19.8742
threshold=30.500000000000004 0 0.19132350259105949 1 0.91709621993127155 7.496377666359205 0.37441126417564702 0.017176759410801965 2 3 6.8499354605121487 -0.39291666666666664 0.40902444739800609 4.739065057051091
decision_type=2 9 10 9 10 2 8 8 9 9 2 10 10 8
left_child=1 10 -3 -4 5 6 11 -6 -9 -2 -1 12 -5 -14
right_child=9 2 3 4 7 -7 -8 8 -10 -11 -12 -13 13 -15
leaf_value=-0.010310345933977125 0.019641468012359137 0.019974692950301555 -0.013931953161096156 0.033559020839484914 -0.035097014383024996 0.021447852561476407 -0.018735755315099505 0.0034825002069717908 0.026765139365850274 -0.011341559159889573 -0.058767248265814503 -0.027952375465318105 0.013204848708885065 -0.011342001576081524
leaf_weight=118.03538976982236 52.982679143548012 243.98188521713018 200.27189703658223 87.637114610522985 23.065619189292192 136.82888150215149 198.83536641299725 208.23221131041646 250.11991508677602 664.74426511675119 26.336122263222933 41.927362941205502 139.37512454390526 198.87612526118755
leaf_count=889 264 1913 1565 514 133 912 1513 1939 3198 3347 158 276 1108 1330
internal_value=7.33247e-05 0.00351949 0.00541971 0.00305327 0.00577292 0.000712705 -0.00356889 0.014319 0.0168768 -0.00891476 -0.0182386 0.00290368 0.00599972 -0.00121846
internal_weight=2591.25 1873.52 1729.15 1485.17 1284.9 803.48 666.651 481.418 458.352 717.727 144.372 467.816 425.888 338.251
internal_count=19059 15448 14401 12488 10923 5653 4741 5270 5137 3611 1047 3228 2952 2438
cat_boundaries=0 1 3 5 7
cat_threshold=4915440 2418280706 4 1627947541 9 544219392 5
is_linear=0
shrinkage=0.05


Tree=69
num_leaves=15
num_cat=4
split_feature=7 30 27 2 8 10 29 20 34 24 30 11 23 7
split_gain=31.0526 22.0909 24.1451 20.6699 22.9209 22.8642 20.3417 18.4964 18.2118 35.4189 24.8149 23.8881 16.8093 16.7402
threshold=23.500000000000004 0 0.55078790452239446 60.482017252749536 1.0000000180025095e-35 25.500000000000004 1 -84.399999999999991 2 0.51728198292706462 3 5.6940182182217152 18.59354166666667 -13.499999999999998
decision_type=2 9 8 2 8 2 9 8 1 10 9 2 10 2
left_child=1 2 6 4 12 13 8 -6 10 -10 11 -1 -3 -5
right_child=-2 3 -4 5 7 -7 -8 -9 9 -11 -12 -13 -14 -15
leaf_value=-0.032749800293092025 -0.0059449558506098734 0.0067922294410978114 0.020282459316805408 -0.057124781225136589 -0.026709804813672612 -0.096940120831797275 0.0063540949401858851 0.025061649845259066 -0.048579771674516381 0.035756914829757555 -0.018170354965324091 0.032086220763538002 -0.046797125704091065 0.0053336806703147372
leaf_weight=17.715849027037621 1174.7272606939077 367.97120997682214 97.934129685163498 11.815219476819037 17.405105710029602 6.405890278518199 185.67662173882127 331.246686398983 71.092630717903376 14.286108564585446 154.17086590081453 59.139357347041368 14.245537981390951 65.095630001276731
leaf_count=160 5677 3051 1017 50 107 37 1440 4507 489 110 1102 660 88 636
internal_value=6.05407e-05 0.00504977 -0.00226482 0.0103374 0.013155 -0.0130159 -0.0067394 0.0224082 -0.0141726 -0.0342174 -0.00726 0.0149872 0.004678 -0.00487138
internal_weight=2588.93 1414.2 600.016 814.185 730.869 83.3167 502.081 348.652 316.405 85.3787 231.026 76.8552 382.217 76.9108
internal_count=19131 13454 4978 8476 7753 723 3961 4614 2521 599 1922 820 3139 686
cat_boundaries=0 2 3 4 5
cat_threshold=3643704595 4 4300866 2 1092748561
is_linear=0
shrinkage=0.05


Tree=70
num_leaves=15
num_cat=4
split_feature=6 15 8 30 0 54 29 30 9 19 26 15 30 25
split_gain=24.9362 28.4349 20.7058 19.7273 18.7596 17.5853 17.2594 16.8871 16.7432 16.7019 21.2066 16.2221 17.705 15.8699
threshold=27.500000000000004 1.0000000180025095e-35 -2.4999999999999996 0 98.355000000000004 13.500000000000002 1 2 1.0000000180025095e-35 44.500000000000007 45.500000000000007 2.0653066777839704 3 2.8063951133767246
decision_type=10 8 10 9 10 10 9 9 2 8 2 8 9 10
left_child=1 5 -2 8 7 6 -1 -3 -4 10 -9 12 -5 -8
right_child=2 4 3 11 -6 -7 13 9 -10 -11 -12 -13 -14 -15
leaf_value=-0.001306717039830034 0.029366798092474652 0.016119574553688187 0.034778386834788996 -0.024535300732778209 -0.030228356367384041 0.024660350576614951 -0.043635620468115102 -0.023887368827728784 -0.025414030182520825 0.005833487565692453 0.0080644925207026021 -0.021629634336729514 0.0092741519379341986 -0.010605042835355431
leaf_weight=142.1240563057363 31.716411765664816 320.91448836773634 39.6250951141119 46.316179178655148 35.546924710273743 30.300031065940857 75.422346893697977 114.4769537076354 15.313245341181753 1139.5995719619095 93.660301674157381 315.48651885986328 108.9097885414958 70.984045080840588
leaf_count=1233 159 2883 179 282 210 188 402 670 67 9629 655 1661 573 364
internal_value=7.63955e-05 0.002657 -0.00927818 -0.0116612 0.00522179 -0.0110257 -0.0148455 0.00599463 0.0151397 0.00342864 -0.00953944 -0.0148215 -0.00188322 -0.0260353
internal_weight=2580.4 2023.03 557.367 525.651 1704.2 318.83 288.53 1668.65 54.9383 1347.74 208.137 470.712 155.226 146.406
internal_count=19155 16234 2921 2762 14047 2187 1999 13837 246 10954 1325 2516 855 766
cat_boundaries=0 1 2 4 6
cat_threshold=2701141264 832640 575672396 12 33554504 14
is_linear=0
shrinkage=0.05


Tree=71
num_leaves=15
num_cat=3
split_feature=8 1 30 20 25 20 30 20 25 24 11 30 3 6
split_gain=27.0283 24.487 36.8157 25.3592 23.9103 20.6499 19.7988 21.9739 19.5376 31.85 23.7309 34.1665 29.2085 23.7877
threshold=-2.4999999999999996 0.50233644859813087 0 -80.47499999999998 0.673407974049827 30.022500000000004 1 7.9000000000000004 0.47673407361972736 0.24240605073938409 7.483997645483222 2 1.332254291487746 14.500000000000002
decision_type=8 10 9 8 8 10 9 10 8 10 2 9 10 10
left_child=-1 2 -2 -3 -4 6 7 -5 9 -8 11 -10 13 -13
right_child=1 3 4 5 -6 -7 8 -9 10 -11 -12 12 -14 -15
leaf_value=0.041164913914153577 0.015789615844074432 -0.023482268773005723 -0.023443038909612766 -0.0034734593022005067 -0.0049130929811290538 -0.059399932456656063 -0.009026533602816111 -0.056202575073664822 0.019530419814633507 0.025989937441610968 0.017031174896156201 0.0013719409089370531 -0.082732957678000568 -0.022637788291833723
leaf_weight=39.223911065608263 148.18016669154167 80.481087781488895 253.22510609030724 155.38196894899011 554.69733802601695 11.290080625563858 84.358341807499528 21.664279658347368 150.00396248325706 275.0033241007477 256.55849957838655 389.01875782571733 11.372049786150454 139.34083684533834
leaf_count=251 800 440 1563 1205 3062 103 546 139 1597 2984 1874 3645 106 755
internal_value=0.000500683 -0.000145624 -0.00645344 0.00368648 -0.0106115 0.00516478 0.00569612 -0.0096624 0.00779879 0.0177678 0.00408057 -0.000754304 -0.00665569 -0.00499079
internal_weight=2569.8 2530.58 956.103 1574.47 807.922 1493.99 1482.7 177.046 1305.66 359.362 946.294 689.736 539.732 528.36
internal_count=19070 18819 5425 13394 4625 12954 12851 1344 11507 3530 7977 6103 4506 4400
cat_boundaries=0 2 4 6
cat_threshold=3896550144 8 2818613505 4 22413836 11
is_linear=0
shrinkage=0.05


Tree=72
num_leaves=15
num_cat=4
split_feature=8 7 29 0 30 8 0 25 16 31 15 29 1 30
split_gain=26.7752 26.2606 24.6105 22.0597 25.1478 27.0321 24.4349 18.4525 17.9379 17.7054 17.2137 24.9302 26.2181 21.3743
threshold=-2.4999999999999996 14.500000000000002 0 91.490000000000023 1 80.500000000000014 1.4200000000000002 4.8998336807786194 6.4925000000000006 3.5000000000000004 1.0000000180025095e-35 2 0.73453443877551028 3
decision_type=8 2 9 8 9 10 10 10 10 2 10 9 8 9
left_child=-1 2 -2 6 5 9 -4 -8 10 -5 11 12 -3 -13
right_child=1 8 3 4 -6 -7 7 -9 -10 -11 -12 13 -14 -15
leaf_value=0.039839683737077254 0.033851921929764987 0.018209756088186375 -0.015244028094405488 -0.021340617644325544 0.010535381749765087 0.05558112336563284 0.029451484638990617 -0.054528439261258256 -0.044492754793624759 0.0333077124519097 0.0018980446126384181 0.0088999418171854215 -0.033214812785143259 -0.015612332300450194
leaf_weight=41.181619014590979 69.587400838732719 142.85197822004557 44.298212695866823 207.52100390568376 204.54282284714282 12.447309639304875 162.6148122176528 5.9184410795569411 25.377750795334578 15.074074629694222 901.10101985558867 100.03010115027428 28.993541687726974 601.32991986721754
leaf_count=266 1506 690 378 1494 2839 89 2613 62 140 117 5053 524 170 3165
internal_value=0.000332809 -0.000327913 0.00772143 0.00430286 -0.00203442 -0.0128724 0.0175415 0.0261981 -0.00355967 -0.0175074 -0.00294948 -0.00794831 0.00887787 -0.0120329
internal_weight=2562.87 2521.69 722.004 652.417 439.585 235.042 212.831 168.533 1799.68 222.595 1774.31 873.206 171.846 701.36
internal_count=19106 18840 9098 7592 4539 1700 3053 2675 9742 1611 9602 4549 860 3689
cat_boundaries=0 1 3 4 6
cat_threshold=266244 3641492499 12 2363394 671130688 1
is_linear=0
shrinkage=0.05


Tree=73
num_leaves=15
num_cat=3
split_feature=7 9 23 11 24 30 7 30 28 5 20 4 11 30
split_gain=21.6468 22.5392 29.9633 25.9926 23.8505 30.0623 29.9434 28.8206 27.7876 24.1908 21.844 19.7308 19.1418 29.976
threshold=52.500000000000007 2.5000000000000004 18.59354166666667 9.981594983479555 0.39881050322226802 0 19.500000000000004 1 0.29128601725839326 0.28759811594202905 -88.794999999999987 -8.7710742553262886 7.5138453010995514 2
decision_type=2 2 10 2 8 9 2 9 10 8 8 8 2 9
left_child=1 2 4 10 6 11 7 8 -1 -8 -3 -6 13 -11
right_child=-2 3 -4 -5 5 -7 9 -9 -10 12 -12 -13 -14 -15
leaf_value=-0.017768463193863545 -0.017276759433097057 -0.050939557350628988 -0.032976183500887518 -0.082524362986776248 0.0036013974789680658 0.00032015132754291094 0.018835847893424955 0.025835774365746647 0.023115082750855897 -0.026045839524267062 0.016490280440249808 -0.032527065784482938 0.0085142461849146821 -0.0014776863043440766
leaf_weight=102.08347111195326 172.84609249979258 11.484775125980375 70.053567636758089 6.0975310821086159 49.199343744665384 387.24557137489319 129.05903626233339 235.69908181019127 68.642207505181432 169.06205794215202 349.15712313912809 159.35500004142523 209.95799326896667 418.85072033107281
leaf_count=876 1021 63 512 47 461 3027 585 3288 1038 819 3301 1120 958 1956
internal_value=-0.000247651 0.0010032 -0.00108888 0.0123797 8.55319e-05 -0.00822318 0.0038016 0.0150993 -0.00122079 -0.00116295 0.014208 -0.0229332 -0.00441736 -0.00904217
internal_weight=2538.79 2365.95 1999.21 366.739 1929.15 595.8 1333.35 406.425 170.726 926.93 360.642 208.554 797.871 587.913
internal_count=19072 18051 14640 3411 14128 4608 9520 5202 1914 4318 3364 1581 3733 2775
cat_boundaries=0 2 4 6
cat_threshold=3358087448 12 1367565579 13 411829330 4
is_linear=0
shrinkage=0.05


Tree=74
num_leaves=15
num_cat=6
split_feature=7 29 28 30 11 26 27 3 30 19 8 34 29 34
split_gain=24.1974 25.4224 25.435 26.4287 19.9207 18.3263 20.9533 19.7764 17.7365 24.8173 40.3173 17.713 16.5686 19.2613
threshold=14.500000000000002 0 0.39305403787386839 1 6.3491215085566708 490.00000000000006 0.44152267343451329 0.16221406250866943 2 47.500000000000007 60.500000000000007 3 4 5
decision_type=2 9 10 9 2 2 8 8 9 10 8 1 9 1
left_child=1 2 -1 -4 11 12 7 -7 9 10 -3 -5 -2 -14
right_child=5 8 3 4 -6 6 -8 -9 -10 -11 -12 -13 13 -15
leaf_value=0.030060428372490844 -0.029121752519527096 -0.092272920722233157 0.024149410375072414 -0.024477887265963727 0.016610301749541836 0.029917934716780132 -0.031385996002151216 -0.019197434795045865 0.0068312261645932714 8.7838672844618707e-05 -0.00055307821396832898 0.020913069508529929 -0.0057907517848159043 0.0051751449784371538
leaf_weight=168.73789764009416 40.520305469632149 24.137768886983395 114.52370440214872 112.69492625258863 69.82971865311265 34.805082987993956 112.02261840924621 46.939414691179991 123.13905148953199 57.757973860949278 22.915640763938427 25.689774885773659 799.95492343977094 799.80642920732498
leaf_count=3305 199 133 1913 950 821 189 677 287 962 454 146 516 4348 4237
internal_value=0.000110972 0.00787604 0.0141009 0.00612526 -0.00478227 -0.0029376 -0.0174384 0.00182369 -0.00590611 -0.0200982 -0.0485452 -0.0159619 -0.00121503 -0.000306589
internal_weight=2553.48 719.426 491.476 322.738 208.214 1834.05 193.767 81.7445 227.95 104.811 47.0534 138.385 1640.28 1599.76
internal_count=19137 9200 7505 4200 2287 9937 1153 476 1695 733 279 1466 8784 8585
cat_boundaries=0 1 3 4 5 6 7
cat_threshold=832293 1521683800 8 3531621722 2 4259840 2
is_linear=0
shrinkage=0.05


Tree=75
num_leaves=15
num_cat=5
split_feature=29 20 9 11 27 30 5 29 30 15 9 30 15 6
split_gain=21.9673 18.7792 27.4615 20.8623 18.2474 18.4514 18.0895 16.7278 21.3414 34.704 19.2077 19.7755 21.8617 18.8532
threshold=0 -80.47499999999998 2.5000000000000004 7.5748407206869972 0.38015599876692635 1 0.8110664335664336 2 3 8.1995234383980407 1.0000000180025095e-35 4 3.3409549366810976 57.500000000000007
decision_type=9 8 2 2 8 9 10 9 9 8 2 9 8 10
left_child=-1 3 6 -2 5 -4 7 10 -9 -10 13 12 -12 -3
right_child=1 2 4 -5 -6 -7 -8 8 9 -11 11 -13 -14 -15
leaf_value=-0.021279967772054348 -0.0059139026041707251 0.015404222164473409 0.022904009627128647 -0.064523781094070434 0.025916609031853111 -0.0083548284949060241 -0.02514317297549535 -0.007970321731477029 0.013537746605127035 -0.006820745858532414 -0.068458789349764557 0.01086259788068583 0.002972125996289144 0.072685925663791923
leaf_weight=110.88682151585817 46.629827428609133 182.60397179238498 62.850988268852234 21.682155072689056 168.45045291632414 121.35515666753054 73.912665268406272 791.96915271691978 421.73510188795626 413.7710640989244 22.198060523718596 68.487930638715625 19.751895574852824 14.727026298642157
leaf_count=642 275 1195 509 97 2033 831 641 5822 3350 2783 148 587 194 65
internal_value=-0.000567627 0.000471435 0.00122568 -0.0251791 0.0140737 0.00316231 -0.00103535 -0.000102089 -0.00213985 0.00341856 0.0103787 -0.0059494 -0.0288279 0.0200242
internal_weight=2541.01 2430.13 2361.81 68.312 352.657 184.206 2009.16 1935.24 1627.48 835.506 307.769 110.438 41.95 197.331
internal_count=19172 18530 18158 372 3373 1340 14785 14144 11955 6133 2189 929 342 1260
cat_boundaries=0 1 3 4 6 7
cat_threshold=4260032 1087636490 3 2363392 1387060242 14 1074301210
is_linear=0
shrinkage=0.05


Tree=76
num_leaves=15
num_cat=4
split_feature=7 29 30 29 8 28 26 15 5 19 11 15 29 11
split_gain=28.8183 22.3607 18.5045 20.4872 18.9493 16.2474 21.7719 26.1521 23.1303 19.9431 16.9315 15.9451 15.4573 21.544
threshold=19.500000000000004 0 1 2 57.500000000000007 0.47948845190271655 31.500000000000004 1.0000000180025095e-35 0.57839285714285726 83.200000000000017 5.587866415462547 -0.15354942393963597 3 6.3928714177532173
decision_type=2 9 9 9 8 10 2 10 10 10 2 8 9 2
left_child=1 -1 3 -3 -5 10 7 -7 -8 -9 -4 -2 13 -13
right_child=11 2 5 4 -6 6 8 9 -10 -11 -12 12 -14 -15
leaf_value=0.021166063514363134 -0.028128487232410855 0.0023070707803993606 0.033557869361111853 -0.04062878659106034 0.0088547803424264045 -0.03665871347261937 0.029568870453682384 0.023559310911226313 -0.039124485978721035 -0.053705772712633749 0.0075259933497021292 -0.011979141336553688 -0.0097939927239510186 0.0052912580388129902
leaf_weight=182.37120082974434 70.246482901275158 177.46656048670411 88.069214696064591 73.002159908413887 25.769768204540014 68.160700995475054 65.78336263448 44.809983622282743 14.100360466167329 9.23629507049918 211.99486328102648 251.00350154936314 634.28251784294844 636.10817877203226
leaf_count=3277 341 1878 1201 510 182 494 818 558 168 62 2233 1144 3389 2920
internal_value=-0.00087861 0.00595591 0.00207156 -0.00812834 -0.0252303 0.00773655 -0.0030623 -0.0162802 0.0171099 0.00961924 0.0152525 -0.00500529 -0.00391986 0.000392288
internal_weight=2552.41 960.764 778.393 276.238 98.7719 502.155 202.091 122.207 79.8837 54.0463 300.064 1591.64 1521.39 887.112
internal_count=19175 11381 8104 2570 692 5534 2100 1114 986 620 3434 7794 7453 4064
cat_boundaries=0 1 3 4 5
cat_threshold=274437 3399601475 5 4752768 2388994
is_linear=0
shrinkage=0.05


Tree=77
num_leaves=15
num_cat=3
split_feature=7 7 30 28 3 20 30 25 2 25 56 30 19 3
split_gain=26 19.2592 18.6003 17.7411 17.3112 16.0773 15.424 21.5341 16.2127 15.1745 20.3686 25.1931 21.0931 15.2236
threshold=14.500000000000002 4.5000000000000009 0 0.059856735518329131 0.48807543497656641 5.5150000000000015 1 1.2456039265458594 50.783563448673981 0.8187398524557733 1.0000000180025095e-35 2 41.750000000000007 0.044290765588752591
decision_type=2 2 9 8 10 10 9 10 2 8 2 9 8 10
left_child=1 2 -1 -2 -4 6 7 -5 -9 10 11 -3 -13 -14
right_child=3 9 4 5 -6 -7 -8 8 -10 -11 -12 12 13 -15
leaf_value=-0.016836169555319802 0.060827051690720474 -0.026265454613784153 0.036660420069460208 -0.0051020287035289337 -0.0013408387213767912 -0.023148176778127281 -0.003590870254632192 0.043757831957754699 0.0010872948657774171 0.024536580637098418 0.026989555253432329 -0.020482267316545674 -0.036410522119544146 0.037684621997633047
leaf_weight=110.16704982332885 9.9492078050971013 62.58218190073967 41.891305619850755 95.457393016666174 99.25117919780314 93.049660861492157 1539.5484214797616 60.656241476535797 34.920683279633522 212.83505280688405 77.131114140152931 30.851372588425875 7.058069519698619 57.671185227110982
leaf_count=892 47 595 449 542 886 601 8267 342 192 3527 1187 245 81 1281
internal_value=0.000494091 0.00868892 -0.00238594 -0.00263494 0.00945162 -0.00301432 -0.00191902 0.0111113 0.0283401 0.0148912 0.00609948 -0.00419354 0.011871 0.0291743
internal_weight=2533.02 699.439 251.31 1833.58 141.142 1823.63 1730.58 191.034 95.5769 448.129 235.294 158.163 95.5806 64.7293
internal_count=19134 9143 2227 9991 1335 9944 9343 1076 534 6916 3389 2202 1607 1362
cat_boundaries=0 2 3 5
cat_threshold=3248833795 13 544317453 2148306192 14
is_linear=0
shrinkage=0.05


Tree=78
num_leaves=15
num_cat=5
split_feature=7 29 8 29 2 30 54 3 30 1 30 15 28 27
split_gain=27.9157 20.0408 19.01 18.9643 37.6231 27.1628 33.2747 23.3226 29.4829 25.7568 21.8764 19.909 18.8234 17.1327
threshold=16.500000000000004 0 -2.4999999999999996 1 2.4217163845609684 2 73.500000000000014 0.183345722943934 3 0.38501602564102572 4 0.31079915507833317 0.078551704130693775 0.33296825959080084
decision_type=2 9 8 9 2 9 10 10 9 10 9 10 8 8
left_child=1 -1 -2 5 7 6 -4 9 -9 10 -5 13 -12 -7
right_child=2 -3 3 4 -6 11 -8 8 -10 -11 12 -13 -14 -15
leaf_value=0.032000153925411792 0.034063582043641336 0.0056813611997575449 -0.015374840871315597 0.01192950069435608 -0.039062879532852868 -0.011264950704974458 0.046830159519374838 0.011390998964688752 -0.023986522838954843 0.010928743460334314 0.038512484558373451 0.019925313930258547 -0.024305324890964777 0.015776204060511299
leaf_weight=72.632343797013164 33.393073115497828 679.3567302711308 254.13767113164067 73.750747039914131 88.461954914033413 144.64461313188076 22.508164308965206 73.378610543906689 236.34606666117907 303.62646546587348 11.918122008442877 239.64032350853086 173.35746955126524 96.981964729726315
leaf_count=1698 174 8122 1254 385 461 654 100 406 1411 1542 58 1245 1067 468
internal_value=0.000711159 0.00876296 -0.00274756 -0.00348214 -0.00809449 0.00244258 -0.00981002 -0.00500574 -0.0160007 0.00106433 -0.0104961 0.00954754 -0.0190564 -0.000391119
internal_weight=2504.13 751.989 1752.15 1718.75 960.839 757.913 276.646 872.377 309.725 562.653 259.026 481.267 185.276 241.627
internal_count=19045 9820 9225 9051 5330 3721 1354 4869 1817 3052 1510 2367 1125 1122
cat_boundaries=0 1 2 4 6 7
cat_threshold=266244 2384898 2592113938 4 310445056 6 3892879378
is_linear=0
shrinkage=0.05


Tree=79
num_leaves=15
num_cat=1
split_feature=9 5 23 8 1 29 24 5 7 24 3 27 25 3
split_gain=21.7027 21.7727 20.0059 17.4509 19.627 21.3123 16.5904 16.3615 16.0238 19.6972 19.5794 19.1867 18.2546 20.3863
threshold=2.5000000000000004 0.14084025157232707 18.59354166666667 -2.4999999999999996 0.067041198501872665 0 0.5225764420550798 0.67400633333333348 13.500000000000002 0.40272506282326442 0.049322287919235701 0.56456647784575809 0.85907925660090456 1.4105047430678241
decision_type=2 8 10 8 8 9 10 10 2 10 8 8 10 10
left_child=2 -2 3 -1 -5 7 -4 8 9 -6 -10 12 13 -11
right_child=1 -3 6 4 5 -7 -8 -9 10 11 -12 -13 -14 -15
leaf_value=0.032118111338075871 -0.025436916167540152 0.014788176624209004 -0.047611351841020194 -0.027348442945864394 0.023312221366125836 -0.018595617614451342 0.0050553225095070738 -0.018592110933781898 0.0089437672312826146 -0.0074094066730829898 -0.0045835498753492698 0.048352356917095447 0.033246777628105045 -0.091702076350948208
leaf_weight=37.091762091964483 36.461707090958953 335.79681431129575 42.152298022061586 72.831999480724335 169.87913290038705 148.6909015532583 22.609818551689386 105.10557088814676 367.28876051306725 144.93554653227329 976.45624536834657 17.614783665165305 25.619458504021168 6.5647089779376975
leaf_count=248 205 3310 296 421 2772 983 199 975 1858 1294 5695 338 396 55
internal_value=-0.000333927 0.0107906 -0.00227608 -0.0014137 -0.00204036 -0.00108751 -0.029427 0.000457449 0.00164233 0.0109232 -0.000882197 5.15216e-05 -0.00499655 -0.0116393
internal_weight=2509.1 372.259 2136.84 2072.08 2034.99 1962.16 64.7621 1813.46 1708.36 364.614 1343.75 194.734 177.12 151.5
internal_count=19045 3515 15530 15035 14787 14366 495 13383 12408 4855 7553 2083 1745 1349
cat_boundaries=0 1
cat_threshold=2421766
is_linear=0
shrinkage=0.05


Tree=80
num_leaves=15
num_cat=0
split_feature=7 8 11 1 14 23 25 8 5 3 10 19 7 27
split_gain=20.6582 19.5411 18.1751 25.1176 19.2629 18.5899 29.4885 18.0053 24.6018 18.7289 17.816 17.6119 24.2681 16.6021
threshold=46.500000000000007 -2.4999999999999996 6.5014022619081091 0.47106647537063612 -9.0137499999999982 30.505416666666672 0.45098826074133991 1.0000000180025095e-35 0.73634733542319764 0.34708634291971846 31.500000000000004 95.800000000000011 29.500000000000004 0.30416664607032901
decision_type=2 8 2 10 8 10 8 10 8 10 2 8 2 8
left_child=1 -1 3 -3 -4 6 11 8 -8 -10 -6 -5 -13 -9
right_child=-2 2 4 5 10 -7 7 13 9 -11 -12 12 -14 -15
leaf_value=0.038550451784314439 -0.01427788606347247 -0.01542812651541664 -0.073198259749184355 -0.0037944226143643775 0.0068894182848942475 -0.039843916614376196 0.017197156105701227 0.016280014115014351 -0.014607441088539256 -0.05381184343928988 -0.030972394003285764 0.033136695854248929 -0.017147971408802289 -0.0054535726079865589
leaf_weight=32.859208388254046 249.64688931405544 338.64838106185198 6.7962093874812126 75.824296984821558 996.36435565724969 26.438858356326818 40.288092253729701 131.2474758438766 101.38082291558385 43.302494317293167 31.093743957579136 146.27718160301447 28.015465930104256 260.91942146793008
leaf_count=235 1436 2009 35 728 7234 231 471 995 716 381 224 1633 127 2616
internal_value=-0.000658909 0.0008515 0.000278099 -0.00392769 0.00512586 0.000647084 0.00198771 -0.0042289 -0.0170429 -0.0266298 0.00571461 0.0162921 0.0250023 0.00184297
internal_weight=2509.1 2259.46 2226.6 1192.34 1034.25 853.694 827.255 577.138 184.971 144.683 1027.46 250.117 174.293 392.167
internal_count=19071 17635 17400 9907 7493 7898 7667 5179 1568 1097 7458 2488 1760 3611
is_linear=0
shrinkage=0.05


Tree=81
num_leaves=15
num_cat=3
split_feature=7 30 25 24 2 28 29 15 30 27 20 24 25 25
split_gain=18.8679 23.6857 25.2361 22.3803 19.6465 21.6785 18.9971 26.1582 21.811 18.67 18.6094 16.7914 16.4928 24.2347
threshold=30.500000000000004 0 0.58212623571717093 0.085962590534282027 379.99977158212965 0.18315895323120793 1 0.16659230503455527 2 0.40967235697832144 33.050000000000004 0.25550449422175509 0.47673407361972736 0.7480820965371453
decision_type=2 9 10 10 2 10 9 8 9 10 10 10 10 10
left_child=4 11 -3 -4 5 -1 7 -7 -8 -5 12 -2 -10 -14
right_child=1 2 3 9 -6 6 8 -9 10 -11 -12 -13 13 -15
leaf_value=0.017507304004628257 -0.025956360184266565 -0.02099292056753272 0.064779058803786621 0.00056307594720508131 -0.053954403045860522 -0.049430436891890667 -0.010697315045253876 -0.0010331438790281465 0.016509226822759737 0.037361528463712233 -0.071052192508776313 -0.0034949368068931865 -0.0098122504842375301 0.008325427454468624
leaf_weight=244.82433512806892 189.63301307708025 85.927504993975163 16.391996197402477 225.64339725673199 13.893602062016724 41.925038695335388 227.22962697036564 79.992190200835466 302.10961732640862 39.690287545323372 6.803751651197671 148.27912270277739 260.02119898982346 624.81569188833237
leaf_count=1981 1131 433 78 1047 93 210 1861 528 3112 201 57 720 2078 5631
internal_value=0.000528129 -0.00639745 0.00250795 0.00981342 0.00324243 0.00371686 0.0015187 -0.0165929 0.00317755 0.00618723 0.00589218 -0.0156769 0.00644228 0.00299037
internal_weight=2507.18 705.565 367.653 281.726 1801.62 1787.72 1542.9 121.917 1420.98 265.334 1193.75 337.912 1186.95 884.837
internal_count=19161 3610 1759 1326 15551 15458 13477 738 12739 1248 10878 1851 10821 7709
cat_boundaries=0 2 3 5
cat_threshold=1250711640 10 6488080 2418280450 12
is_linear=0
shrinkage=0.05


Tree=82
num_leaves=15
num_cat=2
split_feature=7 29 25 20 22 28 9 3 19 36 2 20 25 29
split_gain=19.0754 17.9013 24.5551 21.1169 17.1951 16.2392 16.0264 19.4337 20.0862 20.8514 19.6611 16.9121 15.8089 15.9923
threshold=14.500000000000002 0 0.8187398524557733 30.022500000000004 16.360000000000003 0.38262860227022505 3.5000000000000004 0.17571222912719395 45.750000000000007 1.0000000180025095e-35 324.17898653627816 -5.4899999999999993 0.070990475569749925 1
decision_type=2 9 8 10 8 10 2 8 8 2 2 8 10 9
left_child=1 2 5 -4 -2 -1 7 12 -9 10 -10 -11 -6 -14
right_child=4 -3 3 -5 6 -7 -8 8 9 11 -12 -13 13 -15
leaf_value=0.02151488535848995 -0.017309301585793906 -0.0056169554069826462 0.032900281108594435 -0.053143238227119062 -0.020453768436158478 -0.0025115764885124169 0.016417165163936886 -0.025883982193875384 -0.0010520875413107325 -0.0028192226271577434 -0.063923977120106668 -0.078669101103119032 0.0010729252529564904 0.019182783827458139
leaf_weight=98.956364562734962 183.68239201977849 200.00924634933472 145.03289837017655 6.6200966611504546 64.524483881890774 236.67699860222638 118.51514692232013 132.71513710170984 575.34887824580073 13.264264345169066 11.710414998233317 15.696308091282846 546.85597858205438 147.79805208742619
leaf_count=1707 1067 1537 3135 73 348 2701 681 742 3275 65 53 85 2786 828
internal_value=-0.000158431 0.00692717 0.0119473 0.0288207 -0.00285116 0.00461513 -0.00120868 -0.00260396 -0.00831447 -0.00449348 -0.0024128 -0.0451826 0.00303153 0.00523928
internal_weight=2497.41 687.296 487.286 151.653 1810.11 335.633 1626.43 1507.91 748.735 616.02 587.059 28.9606 759.179 694.654
internal_count=19083 9153 7616 3208 9930 4408 8863 8182 4220 3478 3328 150 3962 3614
cat_boundaries=0 1 2
cat_threshold=5026309 4255761
is_linear=0
shrinkage=0.05


Tree=83
num_leaves=15
num_cat=5
split_feature=7 60 11 11 4 29 30 30 6 29 29 8 15 3
split_gain=15.9356 19.2021 15.0125 17.1619 26.5032 22.8637 22.4177 20.0915 26.8636 25.2375 17.0537 52.9603 18.1813 16.7015
threshold=19.500000000000004 228.00000000000003 5.0955272191770922 6.0272295577074333 -1.6358723948357632 0 1 2 37.500000000000007 3 4 1.5000000000000002 4.4998960414389533 0.049322287919235701
decision_type=2 8 2 2 8 9 9 9 10 9 9 10 8 8
left_child=1 -1 -2 4 -4 7 -7 8 9 -5 11 -9 -12 -11
right_child=2 -3 3 5 -6 6 -8 10 -10 13 12 -13 -14 -15
leaf_value=-0.079353573018561135 0.026045748142671972 0.0054740544475982466 -0.049689229150956582 -0.010669099002224588 -0.0085044222862363707 0.015258320800792905 -0.024028989237658269 0.017981558496803215 -0.032434257273959759 0.050360272198347523 0.023624019332083905 -0.048031746743180517 0.0014410935594995292 0.0078669179544893896
leaf_weight=5.7234059125185013 41.101468108594418 918.94394649751484 42.602275475859642 189.85142650455236 383.19355243444443 40.624618582427502 160.00316274911165 79.1383316218853 76.49006924033165 30.47713465988636 226.25786557793617 47.965633384883404 155.85245301574469 89.025172770023346
leaf_count=35 194 11298 246 858 1868 200 859 343 483 138 1146 214 773 420
internal_value=-0.000335699 0.00486384 -0.0034137 -0.0042261 -0.0127319 -0.000912072 -0.0156942 0.00256172 -0.00595403 0.000484976 0.00900377 -0.0065957 0.0142321 0.0175738
internal_weight=2487.25 924.667 1562.58 1521.48 425.796 1095.69 200.628 895.058 385.844 309.354 509.214 127.104 382.11 119.502
internal_count=19075 11333 7742 7548 2114 5434 1059 4375 1899 1416 2476 557 1919 558
cat_boundaries=0 1 2 4 5 6
cat_threshold=2387974 977338384 2995002432 11 24576 2101248
is_linear=0
shrinkage=0.05


Tree=84
num_leaves=15
num_cat=1
split_feature=9 23 2 2 5 24 54 20 29 3 1 24 3 24
split_gain=13.1161 18.9213 17.2352 22.6713 14.9793 14.7581 22.9403 23.1657 18.8239 16.3623 14.2976 13.7219 17.9072 13.6056
threshold=2.5000000000000004 13.847500000000002 60.482017252749536 135.01238252017393 0.14084025157232707 0.40272506282326442 73.500000000000014 1.2450000000000048 0 0.041508709078607875 0.45852446483180437 0.32221649823258913 0.76163482966080853 0.5225764420550798
decision_type=2 10 2 2 8 10 8 8 9 10 8 8 10 10
left_child=1 2 5 -4 -2 6 9 -8 -9 10 -1 12 -10 -3
right_child=4 13 3 -5 -6 -7 7 8 11 -11 -12 -13 -14 -15
leaf_value=-0.023362058753297534 -0.02286525447568229 -0.0448518678124388 -0.035142239961689352 0.0038079730665261284 0.011253331413522277 -0.0068897971164866116 0.019311085374519081 -0.025286882478833081 -0.0027071262294702729 -0.026586531623508339 0.049520018378486942 0.011836169332202676 0.037687091007933139 0.0025546289851751816
leaf_weight=11.225413471460344 34.628021126613021 42.51565508544445 81.849497206509113 67.715988509356976 336.37559587322176 554.88497120514512 225.45086219534278 50.396620322018862 611.21713658422232 99.879939336329699 14.253331910818813 315.15418838523328 27.724257707595825 23.047997359186411
leaf_count=107 198 306 522 377 3318 4343 2052 266 3920 732 83 2452 237 200
internal_value=-0.00064579 -0.00216087 -0.00131232 -0.0175993 0.00801593 -2.85299e-05 0.00278361 0.00486434 0.00160589 -0.0175082 0.0177401 0.00328179 -0.000898231 -0.0283988
internal_weight=2496.32 2125.32 2059.75 149.565 371.004 1910.19 1355.3 1229.94 1004.49 125.359 25.4787 954.096 638.941 65.5637
internal_count=19113 15597 15091 899 3516 14192 9849 8927 6875 922 190 6609 4157 506
cat_boundaries=0 1
cat_threshold=66688
is_linear=0
shrinkage=0.05


Tree=85
num_leaves=15
num_cat=3
split_feature=14 8 1 29 11 26 11 5 30 11 3 6 8 30
split_gain=17.0114 15.8188 16.4335 14.2912 16.6919 24.5052 15.8453 25.0001 19.5565 19.3549 15.5334 29.6586 26.6459 17.2087
threshold=-10.687499999999998 -2.4999999999999996 0.067041198501872665 0 6.8499354605121487 1.0000000180025095e-35 6.5014022619081091 0.59778684344722077 1 6.4158822180452013 0.034373870243523043 46.500000000000007 30.500000000000004 2
decision_type=8 8 8 9 2 2 2 10 9 2 10 10 8 9
left_child=-1 -2 -3 4 5 -4 7 8 9 -5 12 13 -8 -12
right_child=1 2 3 6 -6 -7 10 -9 -10 -11 11 -13 -14 -15
leaf_value=-0.06051460157619664 0.03186923165945723 -0.021899019450696208 0.031833734332015418 0.022428729616128948 -0.055713867943018469 -0.026006047250347764 0.02539046558402628 -0.030944058978443656 -0.002506844009953069 -0.065341801732785212 0.012611754436112588 -0.034321686324152931 -0.022210021560800798 -0.001706923146432135
leaf_weight=10.198796283453701 40.475947353988886 76.689693182706833 26.523876041173935 130.20419972203672 21.358119748532772 53.837651180103421 193.31339021585882 68.01994745247066 951.19602845795453 5.6446524523198596 427.98670282959938 47.766367368400097 33.844264324754477 403.50784764625132
leaf_count=55 274 468 301 1177 135 338 1049 690 7756 39 3560 307 167 2852
internal_value=0.00097243 0.00124954 0.000728733 0.00147199 -0.0159296 -0.006759 0.00232154 -0.00176397 8.86862e-05 0.0170827 0.00660539 0.0035843 0.0182322 0.00580047
internal_weight=2490.57 2480.37 2439.89 2363.2 101.72 80.3615 2261.48 1155.06 1087.04 135.849 1106.42 879.261 227.158 831.495
internal_count=19168 19113 18839 18371 774 639 17597 9662 8972 1216 7935 6719 1216 6412
cat_boundaries=0 1 3 5
cat_threshold=4784192 537920069 10 3537392668 2
is_linear=0
shrinkage=0.05


Tree=86
num_leaves=15
num_cat=4
split_feature=20 29 7 0 30 7 30 10 5 19 6 15 1 29
split_gain=14.4944 16.9901 18.52 23.639 19.5401 18.1497 18.1337 19.816 18.3092 16.1998 16.0412 17.6532 15.4626 12.4792
threshold=-88.794999999999987 0 11.500000000000002 98.355000000000004 1 -23.499999999999996 2 25.500000000000004 0.8110664335664336 90.287500000000009 -78.499999999999986 2.7465573888265964 0.97010456698543224 3
decision_type=8 9 2 8 9 2 9 2 10 8 8 8 8 9
left_child=-1 9 3 -3 10 -6 7 8 13 -2 -5 12 -12 -4
right_child=1 2 6 4 5 -7 -8 -9 -10 -11 11 -13 -14 -15
leaf_value=-0.028588593538264692 0.0036258672970479432 0.024643358760746525 -0.012829987704333244 0.055561599276785993 -0.049247543143484972 0.020636387073746598 0.0017243887146083658 -0.067298190346230441 -0.059542378599913154 -0.034554087275935758 -0.098139186801929193 0.0033571782091952208 -0.022805135704514569 0.0079211705210302987
leaf_weight=41.933969154953957 47.021584376692772 180.51182265020907 196.08489750139415 7.7741084694862366 9.0472686290740949 132.0569871738553 1517.6734390910715 14.13155462220311 15.753306698054073 66.294931579381227 6.6987270619720212 75.209892516955733 72.768856983631849 104.10055598244071
leaf_count=228 332 3171 1152 57 38 2136 9299 76 112 385 73 813 579 631
internal_value=0.000211393 0.000716798 0.00166662 0.0103688 0.00182728 0.0147991 -0.000608519 -0.0110271 -0.00865371 -0.0173042 -0.00976931 -0.0140162 -0.0302961 -0.00579432
internal_weight=2487.06 2445.13 2331.81 484.068 303.556 141.104 1847.74 330.07 315.939 113.317 162.452 154.677 79.4676 300.185
internal_count=19082 18854 18137 6867 3696 2174 11270 1971 1895 717 1522 1465 652 1783
cat_boundaries=0 1 3 5 6
cat_threshold=4259984 3773604885 12 2567346178 2 57376
is_linear=0
shrinkage=0.05


Tree=87
num_leaves=15
num_cat=3
split_feature=1 30 2 14 30 27 28 29 2 5 15 21 27 26
split_gain=15.9654 21.0066 16.1478 13.2168 13.0611 16.1295 16.2834 13.9603 25.2153 17.6443 12.5422 12.4735 11.9413 11.8644
threshold=0.15430402930402934 0 514.78586343313816 17.508750000000003 1 0.55078790452239446 0.54323022825694822 2 60.482017252749536 0.31396341085271323 16.264094388806143 0.81933619727568774 0.19132218242889157 59.500000000000007
decision_type=8 9 2 10 9 8 10 9 2 10 10 8 8 2
left_child=1 -1 3 4 7 6 10 8 9 12 -6 -9 -2 -7
right_child=2 -3 -4 -5 5 13 -8 11 -10 -11 -12 -13 -14 -15
leaf_value=-0.037499202174378639 0.050246603264249345 -0.0014812308633537386 -0.052673350423089307 -0.05126232863934075 -0.00052083717830097209 0.00065372969925537585 -0.049922363826075865 -0.037205631162647128 -0.079758703604754733 -0.029059214592172339 -0.028210582262293216 0.022618108327401337 0.00027066569182699642 0.021240353420115793
leaf_weight=53.15109957754612 20.024712525308132 124.69790344685316 12.966434095054863 10.920259578153489 1689.4747074320912 136.13060618564487 16.315215937793255 8.2699270844459516 9.2084809057414514 25.196625979617238 40.911313084885478 181.85332428850234 27.726819043979049 143.18268703296781
leaf_count=353 121 710 68 117 12220 1254 131 92 59 210 359 2006 183 1372
internal_value=-0.000179441 -0.0145744 0.000928824 0.00125248 0.00152418 0.000110415 -0.0016749 0.0115773 -0.00548831 0.00409669 -0.00119142 0.0188487 0.021829 0.0112451
internal_weight=2500.03 177.849 2322.18 2309.21 2298.29 2026.01 1746.7 272.28 82.1566 72.9482 1730.39 190.123 47.7515 279.313
internal_count=19255 1063 18192 18124 18007 15336 12710 2671 573 514 12579 2098 304 2626
cat_boundaries=0 2 3 4
cat_threshold=43271170 2 542188108 6295732
is_linear=0
shrinkage=0.05


Tree=88
num_leaves=15
num_cat=5
split_feature=7 30 29 25 15 21 29 8 6 25 30 30 24 11
split_gain=20.8 20.7118 21.3337 19.8055 17.4514 17.1631 17.8443 16.8587 19.1694 16.3753 25.657 16.1366 19.982 15.7481
threshold=27.500000000000004 0 1 11.732221978744528 0.29202008240516347 0.65843297070490392 2 8.5000000000000018 19.500000000000004 0.45098826074133991 3 4 0.39881050322226802 8.0057006230328387
decision_type=2 9 9 10 10 8 9 8 10 8 9 9 10 2
left_child=3 -2 4 5 -3 -1 7 8 -7 10 -8 13 -13 -11
right_child=1 2 -4 -5 -6 6 9 -9 -10 11 -12 12 -14 -15
leaf_value=-0.033152658414893559 -0.015081286505883496 -0.002108623654270577 -0.01486250965989392 -0.053358790910089764 0.019998529042508789 0.028470373556441525 -0.0077413628482229718 -0.031946991120719671 -0.045330892889273583 0.0076989742282168056 0.02347737047311959 0.0058215601349962563 -0.011247027939405314 0.038552999000012522
leaf_weight=29.563151426613331 362.86741941422224 213.93555101752281 149.30165746808052 14.218156062066553 151.98702525347471 31.343841515481472 86.661119094118476 62.742589041590691 11.111641846597193 366.56876590102911 247.94812756404281 402.08566374704242 297.42866281978786 45.766937147825956
leaf_count=266 1960 1059 719 82 746 198 847 363 51 3828 2804 3429 2280 437
internal_value=1.69791e-05 -0.0061593 0.000425317 0.00341799 0.00691468 0.00396192 0.00468994 -0.0143253 0.00855611 0.00613839 0.0158619 0.00325566 -0.00142129 0.0109438
internal_weight=2473.53 878.092 515.224 1595.44 365.923 1581.22 1551.66 105.198 42.4555 1446.46 334.609 1111.85 699.514 412.336
internal_count=19069 4484 2524 14585 1805 14503 14237 612 249 13625 3651 9974 5709 4265
cat_boundaries=0 2 3 4 6 8
cat_threshold=1250761816 2 286726 4391136 3245711619 7 47670351 3
is_linear=0
shrinkage=0.05


Tree=89
num_leaves=15
num_cat=4
split_feature=28 1 30 20 20 11 29 19 24 27 30 28 21 30
split_gain=14.5131 14.9999 14.4489 13.3672 13.3886 16.7975 14.1892 17.8913 15.4298 13.2219 17.1708 14.5916 14.4858 15.716
threshold=0.059856735518329131 0.15430402930402934 0 -88.794999999999987 17.385000000000002 6.7447362136187108 1 91.245000000000019 1.0000000180025095e-35 0.57295927583511796 2 0.55099062693557432 0.81933619727568774 3
decision_type=8 8 9 8 10 2 9 8 8 8 9 10 8 9
left_child=-1 2 -2 -3 6 -6 7 -5 -8 12 11 -11 -10 -14
right_child=1 3 -4 4 5 -7 8 -9 9 10 -12 -13 13 -15
leaf_value=0.057531614873864136 -0.034380231847834342 -0.026139200783622342 -0.0031233031976226002 0.0079110098073077034 -0.044678972622600274 0.012492585420219755 -0.063339193914899325 -0.033394800921312591 -0.028690514529618412 -0.027130938567513842 0.020607182476559793 0.043440536075662901 0.013000736370972963 0.00037238301855344589
leaf_weight=9.9270613584667426 48.938389725983143 44.003775950521231 119.18517564982176 44.183968871831894 32.964711628854275 20.085807396098971 7.7483394686132661 62.335507027804852 37.175473088398576 38.653540167957544 185.37156634777784 8.0448459200561029 283.58865394443274 1523.4787549320608
leaf_count=52 334 244 701 279 302 191 45 341 331 326 1913 120 2667 11228
internal_value=3.60417e-05 -0.000219699 -0.0145888 0.000842229 0.00138282 -0.0232022 0.00198852 -0.014956 0.00291907 0.00321076 0.0144323 -0.0118361 0.00179164 0.00243425
internal_weight=2465.69 2455.76 168.124 2287.63 2243.63 53.0505 2190.58 106.519 2084.06 2076.31 232.07 46.6984 1844.24 1807.07
internal_count=19074 19022 1035 17987 17743 493 17250 620 16630 16585 2359 446 14226 13895
cat_boundaries=0 1 2 4 6
cat_threshold=43254850 4260064 2429755456 1 5449231 2
is_linear=0
shrinkage=0.05


Tree=90
num_leaves=15
num_cat=1
split_feature=9 11 8 20 29 25 8 7 6 20 9 6 25 28
split_gain=16.0512 21.3497 17.6106 17.4226 14.9411 36.16 19.9017 24.9981 18.3405 15.3735 15.228 14.2903 14.268 18.4767
threshold=2.5000000000000004 9.981594983479555 -2.4999999999999996 -80.47499999999998 0 4.7618692547233072 2.5000000000000004 49.500000000000007 57.500000000000007 1.2450000000000048 1.0000000180025095e-35 33.500000000000007 0.0033996288240929944 0.073479146454421482
decision_type=2 2 8 8 9 10 8 2 10 10 2 10 10 8
left_child=2 3 -1 -2 5 6 8 -8 11 12 -7 -4 -6 -14
right_child=1 -3 4 -5 9 10 7 -9 -10 -11 -12 -13 13 -15
leaf_value=0.033353376115783678 -0.031510274606250242 -0.078928559742195037 0.023302454130038518 0.013957772213335527 -0.01886739034683927 -0.0010457333611997731 0.0031988206433904765 -0.069217774852397371 0.075285818988755637 -0.020517429968649734 -0.077860743133017773 -0.010428340364507415 0.059723439185516772 -0.0020887213359135248
leaf_weight=33.990839121863246 21.535898920148611 5.7119734585285178 157.3804506547749 337.402194513008 128.96562367491424 10.482231216505172 117.29762591049075 12.256069734692572 13.446997210383413 135.23612110503018 15.895958641543983 38.542392015457153 11.193672226741908 1425.9385967813432
leaf_count=240 116 45 1104 3356 948 59 1076 58 59 1189 117 174 58 10510
internal_value=-0.00014182 0.00952676 -0.00182393 0.0111498 -0.00241836 0.00664165 0.0112578 -0.00412966 0.0207537 -0.00437973 -0.0484889 0.0166476 -0.00300194 -0.00156608
internal_weight=2465.28 364.65 2100.63 358.938 2066.64 365.302 338.924 129.554 209.37 1701.33 26.3782 195.923 1566.1 1437.13
internal_count=19109 3517 15592 3472 15352 2647 2471 1134 1337 12705 176 1278 11516 10568
cat_boundaries=0 1
cat_threshold=2363426
is_linear=0
shrinkage=0.05


Tree=91
num_leaves=15
num_cat=2
split_feature=8 15 29 8 26 56 0 24 23 29 15 1 7 11
split_gain=15.822 16.9532 17.5791 18.1413 17.9794 17.5286 15.5771 14.9791 26.9058 14.5768 20.6756 16.9794 15.0857 14.8042
threshold=-2.4999999999999996 1.0000000180025095e-35 0 24.500000000000004 2627.5000000000005 12.500000000000002 98.355000000000004 0.51728198292706462 4.9937500000000012 1 5.8634459836956898 0.57427107959022872 17.500000000000004 6.216695913377416
decision_type=8 10 9 8 2 2 10 10 10 9 10 8 2 2
left_child=-1 2 3 -2 5 7 9 8 -4 10 11 -3 -12 -14
right_child=1 6 4 -5 -6 -7 -8 -9 -10 -11 12 -13 13 -15
leaf_value=0.032234508430495412 0.01450668002066278 0.0022352392585603055 -0.011186523282959257 -0.031716892171800758 0.021041516682417317 0.019576054213611152 -0.03405129156030922 0.0089307433041299535 -0.055473177294087329 -0.0005941200169837825 0.0078615473770855034 0.02323371735096344 -0.045645257906701826 -0.00026281285291091612
leaf_weight=37.44287090934813 175.79764987900853 145.59827375970781 691.04556584917009 23.171507898718119 50.655686715617776 48.490864761173725 25.676707420498133 83.005582451820374 35.185250012204051 668.71767583116889 104.98361951485276 284.47551861964166 33.195877350866795 37.89638540148735
leaf_count=265 1086 787 4442 170 482 293 158 694 287 4659 1708 3572 188 213
internal_value=0.000410654 -9.7384e-05 -0.00464186 0.00856365 -0.00755171 -0.00935085 0.00377261 -0.0111062 -0.0134055 0.0045605 0.0100825 0.0161465 -0.00416718 -0.0217929
internal_weight=2445.34 2407.9 1107.35 198.969 908.383 857.727 1300.54 809.236 726.231 1274.87 606.15 430.074 176.076 71.0923
internal_count=19004 18739 7454 1256 6198 5716 11285 5423 4729 11127 6468 4359 2109 401
cat_boundaries=0 1 2
cat_threshold=2363426 304259
is_linear=0
shrinkage=0.05


Tree=92
num_leaves=15
num_cat=4
split_feature=8 20 30 9 29 11 20 30 30 25 11 24 15 15
split_gain=14.2769 11.745 18.2814 16.3273 20.738 20.4616 14.7895 20.7385 19.2882 15.1684 14.4043 18.2281 15.2089 14.0667
threshold=-2.4999999999999996 -80.47499999999998 0 2.5000000000000004 1 9.981594983479555 1.2450000000000048 2 3 7.8454301265326398 7.5138453010995514 0.51728198292706462 4.4600268181275071 -0.057356028389554219
decision_type=8 8 9 2 9 2 8 9 9 10 2 10 8 10
left_child=-1 2 -2 4 -3 -5 7 -6 10 13 11 -8 -12 -10
right_child=1 3 -4 5 6 -7 8 -9 9 -11 12 -13 -14 -15
leaf_value=0.030255232914796721 0.018246156289044694 0.019134098508903019 -0.03176708628478158 0.011109111473068773 -0.011122222766744388 -0.081548411757033076 -0.02221630943940819 0.014627663098467525 -0.0072266289155508328 -0.031827304405626831 0.025804110275698761 0.0090264588432316922 -0.015778453074849996 0.0045430124724849166
leaf_weight=35.662476349622011 19.664148990064859 96.321368148550391 55.909183591604233 338.00528664141893 110.03682843782008 5.0757031235843888 343.62988219968975 219.02397083118558 446.21761863306165 39.266460526734591 41.866191333159804 53.444120550528169 44.20025191269815 586.20166792720556
leaf_count=258 120 622 303 3388 993 39 2458 2121 2772 191 256 445 314 4724
internal_value=-0.000711139 -0.00118391 -0.0204511 -0.00054865 -0.00229446 0.00950527 -0.00348269 0.00611558 -0.00553906 -0.00170482 -0.0137047 -0.0179991 0.00451303 -0.000545965
internal_weight=2434.53 2398.86 75.5733 2323.29 1980.21 343.081 1883.89 329.061 1554.83 1071.69 483.14 397.074 86.0664 1032.42
internal_count=19004 18746 423 18323 14896 3427 14274 3114 11160 7687 3473 2903 570 7496
cat_boundaries=0 2 3 5 7
cat_threshold=638978 2 2359296 3238072402 3 405704010 6
is_linear=0
shrinkage=0.05


Tree=93
num_leaves=15
num_cat=0
split_feature=8 6 25 28 2 2 26 20 3 25 56 26 54 4
split_gain=14.7773 12.2012 21.2528 19.046 16.1134 15.7703 14.4553 13.9932 11.9793 15.8708 16.1046 12.7064 11.501 16.4462
threshold=-2.4999999999999996 30.500000000000004 0.50183241891363872 0.1340980646049639 60.482017252749536 135.01238252017393 74.500000000000014 28.400000000000002 0.049322287919235701 2.9419744330726791 3.5000000000000004 293.50000000000006 73.500000000000014 -16.963698012589195
decision_type=8 10 10 8 2 2 2 10 8 10 2 2 10 8
left_child=-1 4 -3 -4 7 6 -6 12 -5 10 11 -10 -2 -14
right_child=1 2 3 8 5 -7 -8 -9 9 -11 -12 -13 13 -15
leaf_value=0.032350736641251064 0.0026505631348854334 -0.029451490569839929 0.047373683540319775 0.0079792389941740465 -0.03691433982456812 0.0018230912760472116 -0.00062545070527291391 -0.044978739956359495 -0.0013550026943389066 -0.038779131617709614 -0.034225866821451102 0.049856924150872277 -0.024232325755525436 0.047790504015821231
leaf_weight=34.117388723418117 1732.1653323750943 90.953645087778568 17.401563201099634 105.95808550715446 75.218876481056213 119.97659565135837 42.935953507199883 14.159767027944325 80.030820991843939 44.203828908503056 31.97798153758049 13.261946141719816 9.9809163715690357 29.734738787636161
leaf_count=249 14655 577 99 563 515 720 313 116 430 248 191 86 76 192
internal_value=0.000150189 -0.000319287 -0.00848099 -0.00188954 0.00123162 -0.0109584 -0.0238433 0.00286212 -0.00516206 -0.0133768 -0.00417706 0.00637652 0.00326959 0.0295399
internal_weight=2442.08 2407.96 383.788 292.834 2024.17 238.131 118.155 1786.04 275.433 169.475 125.271 93.2928 1771.88 39.7157
internal_count=19030 18781 2194 1617 16587 1548 828 15039 1518 955 707 516 14923 268
is_linear=0
shrinkage=0.05


Tree=94
num_leaves=15
num_cat=2
split_feature=61 7 25 30 16 27 20 26 23 25 3 6 30 1
split_gain=13.4276 13.5591 19.0688 16.735 15.4048 14.2507 13.6419 13.612 20.3568 15.0583 12.8397 13.1671 14.2896 20.163
threshold=2430.5000000000005 22.500000000000004 11.732221978744528 0 -10.214999999999996 0.55078790452239446 22.020000000000003 120.50000000000001 1.3800000000000001 0.48028817892362918 0.028724309820700438 8.5000000000000018 1 1.2358288770053478
decision_type=8 2 10 9 8 8 10 2 10 10 8 10 9 8
left_child=-1 2 3 5 -5 -2 7 8 9 -6 -11 12 13 -12
right_child=1 -3 -4 4 6 -7 -8 -9 -10 10 11 -13 -14 -15
leaf_value=-0.04285452900197223 -0.0060712757646358348 -0.0033669071472643124 -0.058581800600240208 -0.043965549699008399 0.023897807858094613 0.016987350510911936 -0.051107890461968009 0.022711260917896905 -0.045652035931572993 0.033611657629473539 -0.072552410428798675 -0.012059184556921385 0.019141310000626549 0.0059848094587378331
leaf_weight=17.269959658384323 409.66246054694057 1280.8475484922528 11.009375087916849 11.967230131849645 121.40652579069138 79.083904664963484 7.7147918976843348 200.93221811577678 16.669420903548598 29.664893258363008 10.800945013761519 127.43699286878109 98.211725423112512 26.144240478053689
leaf_count=105 3535 6383 64 134 1790 975 91 2995 124 234 149 1033 1185 269
internal_value=-0.000149957 0.000170842 0.00410821 0.00476462 0.00992192 -0.00226681 0.0111533 0.0119938 0.00694861 0.00917323 0.0029959 -0.000577114 0.0102582 -0.0144693
internal_weight=2448.82 2431.55 1150.7 1139.7 650.949 488.746 638.982 631.267 430.335 413.665 292.259 262.594 135.157 36.9452
internal_count=19066 18961 12578 12514 8004 4510 7870 7779 4784 4660 2870 2636 1603 418
cat_boundaries=0 2 3
cat_threshold=2567884035 12 1119879168
is_linear=0
shrinkage=0.05


Tree=95
num_leaves=15
num_cat=1
split_feature=11 16 7 0 30 15 4 8 11 54 2 19 25 15
split_gain=16.2452 14.0426 12.3517 16.5977 18.7481 18.3601 16.0494 18.3673 17.1181 15.7877 18.9183 15.0877 14.9571 14.0855
threshold=5.0955272191770922 6.6500000000000012 11.500000000000002 94.365000000000023 0 3.1200252348659174 -18.618831517121905 9.5000000000000018 6.711022375710745 67.500000000000014 110.68203703703705 23.750000000000004 4.8998336807786194 -0.007786228657931253
decision_type=2 10 2 8 9 10 8 8 2 10 2 10 10 8
left_child=-1 2 3 12 5 11 7 8 -4 13 -11 -5 -2 -8
right_child=1 -3 6 4 -6 -7 9 -9 -10 10 -12 -13 -14 -15
leaf_value=0.024274526848014056 0.022659666100230329 -0.030250963618568067 -0.033528266467843189 -0.04508898663697599 0.009576608665865384 0.012018485453303692 -0.021659809608070929 -0.04988386553925922 0.04122352355603455 0.048571434842617278 -0.016021471633629106 -0.0060034171695622293 -0.045211231169957872 -0.0010019952132260905
leaf_weight=65.98467980325222 161.97391547821462 38.515605753287673 14.549004908651115 49.645110314711928 215.68942288868129 46.086862916126847 85.999156216159463 35.745635725557804 14.100320622324942 31.950561963021755 16.66868644580245 48.869517216458917 7.6325938664376727 1604.3631791882217
leaf_count=564 2846 364 125 453 2691 551 487 255 121 166 93 410 68 9856
internal_value=-8.30161e-06 -0.000693811 -0.000193157 0.00651077 0.000425985 -0.0129627 -0.00216553 -0.026483 0.00341179 -0.00125034 0.0265497 -0.0259552 0.0193583 -0.00206517
internal_weight=2437.77 2371.79 2333.27 529.897 360.291 144.601 1803.38 64.395 28.6493 1738.98 48.6192 98.5146 169.607 1690.36
internal_count=19050 18486 18122 7019 4105 1414 11103 501 246 10602 259 863 2914 10343
cat_boundaries=0 2
cat_threshold=3919586583 12
is_linear=0
shrinkage=0.05


Tree=96
num_leaves=15
num_cat=4
split_feature=8 9 21 30 6 29 27 2 27 54 9 30 30 7
split_gain=12.7457 13.3964 15.3444 15.2242 14.5775 15.0893 15.549 13.517 13.0491 11.545 15.8581 55.6093 19.082 22.22
threshold=-2.4999999999999996 2.5000000000000004 0.81933619727568774 0 -88.499999999999986 1 0.24298259652871265 51.959620629299479 0.39446229820186934 79.500000000000014 1.5000000000000002 2 3 46.500000000000007
decision_type=8 2 8 9 10 9 8 2 8 10 2 9 9 2
left_child=-1 2 -2 4 -3 -6 -7 -8 -5 10 12 -12 13 -4
right_child=1 3 9 8 5 6 7 -9 -10 -11 11 -13 -14 -15
leaf_value=0.029861423037526841 -0.032826187343070211 0.04273141646724804 0.011837485052091805 0.0061415164290194481 0.0064949486139296679 0.0092019777032109132 -0.027349611338536063 -0.092363150275630579 0.029353961161854208 0.037397501854274158 -0.029239945043240734 0.014035761513797824 -0.0033403036326913327 -0.01980466103330172
leaf_weight=34.602634320035577 38.200841065496206 11.937236201018093 471.23410825803876 149.09376227110624 51.555868666619062 13.233986191451548 21.673488890752196 13.003663761541246 101.75678297132254 18.152237895876169 174.3247520942241 117.35021405667067 1166.5558597650379 61.953088063746691
leaf_count=256 314 69 3580 1201 520 69 217 73 1383 112 1231 1096 8476 483
internal_value=0.000163468 -0.000275137 -0.00184406 0.0085744 -0.00672713 -0.0136986 -0.0302583 -0.0536347 0.0150396 -0.00123907 -0.00160985 -0.0123598 0.000241016 0.00798126
internal_weight=2444.63 2410.03 2047.77 362.255 111.404 99.467 47.9111 34.6772 250.851 2009.57 1991.42 291.675 1699.74 533.187
internal_count=19080 18824 15292 3532 948 879 359 290 2584 14978 14866 2327 12539 4063
cat_boundaries=0 2 3 5 7
cat_threshold=3003490371 4 37893 3666404672 8 575268677 9
is_linear=0
shrinkage=0.05


Tree=97
num_leaves=15
num_cat=4
split_feature=2 5 14 15 30 8 23 26 6 30 25 25 30 30
split_gain=12.3195 12.3065 11.107 11.0885 14.7442 16.8375 12.1025 15.3496 12.4873 17.6039 17.1057 16.2309 29.7358 23.0663
threshold=-7.7452303123844652 1.2866071428571431 17.508750000000003 1.0000000180025095e-35 0 45.500000000000007 30.505416666666672 385.50000000000006 27.500000000000004 1 0.55477786283781794 0.40902444739800609 2 3
decision_type=2 10 10 8 9 8 10 2 10 9 8 8 9 9
left_child=-1 2 3 4 -2 -6 8 -8 11 -10 -11 12 -5 -13
right_child=1 -3 -4 6 5 -7 7 -9 9 10 -12 13 -14 -15
leaf_value=0.023147849717239728 -0.024813956500530976 -0.040965600547353702 -0.050876665412484062 -0.011154725116818254 0.0090934615645646526 -0.017331704405150274 -0.051134682038506511 0.0086779593619166467 -0.021923841442339827 -0.018886626095016429 0.0067261274200826199 0.0091163077740182459 0.022341642246662172 -0.0047465956701230709
leaf_weight=54.039210747927427 88.363258982077241 17.89965745061636 9.8731499556452018 85.597040452063084 145.77808533981442 101.30473992414773 23.446871124207973 18.6625184584409 109.38562912121415 85.821662172675133 260.62019011378288 515.2459762096405 238.23704054020345 688.00881491415203
leaf_count=512 554 165 107 750 1133 650 186 210 653 471 1290 4647 2416 5386
internal_value=-0.000239785 -0.000778448 -0.000457827 -0.000225485 -0.00863137 -0.00169866 0.00117053 -0.0250398 0.00173947 -0.00551498 0.000335502 0.00390708 0.0138251 0.00122857
internal_weight=2442.28 2388.24 2370.34 2360.47 335.446 247.083 2025.03 42.1094 1982.92 455.827 346.442 1527.09 323.834 1203.25
internal_count=19130 18618 18453 18346 2337 1783 16009 396 15613 2414 1761 13199 3166 10033
cat_boundaries=0 2 4 6 8
cat_threshold=2181055746 12 310645824 6 2303469586 13 585048652 14
is_linear=0
shrinkage=0.05


Tree=98
num_leaves=15
num_cat=4
split_feature=14 4 3 26 23 56 50 24 29 15 30 29 4 30
split_gain=10.3512 11.8965 12.3388 34.4676 12.4323 14.949 12.2244 10.3055 10.1361 12.0373 16.2291 16.0965 15.8961 15.2441
threshold=-3.6249999999999996 47.984959381581625 1.4105047430678241 891.00000000000011 8.5181250000000031 1.5000000000000002 1.0000000180025095e-35 0.5225764420550798 0 -0.057356028389554219 1 2 0.0071766061350504199 3
decision_type=8 10 10 2 10 2 2 10 9 10 9 9 10 9
left_child=-1 2 4 -4 6 7 8 -6 -2 12 11 -11 -10 -14
right_child=1 -3 3 -5 5 -7 -8 -9 9 10 -12 -13 13 -15
leaf_value=-0.036488602229954141 -0.014448077683557999 0.028361749327246191 0.037873569228257742 -0.10298257483791845 -0.049903721142379613 0.024919138735482932 -0.056917735721300933 -0.0020630572523438312 -0.0051499005677594079 -0.015845298683856698 0.0077441793625767337 0.0068125091134616832 -0.010332151935582502 0.028445934965384629
leaf_weight=17.965605201199651 87.306636389344931 36.969044078141451 7.0071432758122674 8.9093987271189672 32.466508433222771 13.027489444240926 8.0573116932064277 17.096463277935982 752.83259748481214 157.80410837382078 1062.0175354611129 139.46663451194763 35.422545060515404 61.96644577011466
leaf_count=106 521 409 103 74 264 169 57 148 4965 1262 9267 1151 246 459
internal_value=0.000306476 0.000594552 0.000152136 -0.0423985 0.000455986 -0.0213536 0.00105724 -0.0337685 0.0012853 0.0019697 0.00489598 -0.00535145 -0.0026858 0.0162209
internal_weight=2438.32 2420.35 2383.38 15.9165 2367.46 62.5905 2304.87 49.563 2296.82 2209.51 1359.29 297.271 850.222 97.389
internal_count=19201 19095 18686 177 18509 581 17928 412 17871 17350 11680 2413 5670 705
cat_boundaries=0 1 3 4 6
cat_threshold=4390912 1493179728 4 2146352 2191610112 2
is_linear=0
shrinkage=0.05


Tree=99
num_leaves=15
num_cat=4
split_feature=11 11 30 5 7 30 29 25 10 8 29 19 9 13
split_gain=12.8319 12.7092 31.9536 25.039 22.0072 21.1778 20.9553 18.6917 16.7617 15.1682 14.5106 16.8213 15.2084 13.9451
threshold=5.0955272191770922 6.0272295577074333 0 0.65438179669030749 19.500000000000004 1 2 2.6869798255676725 31.500000000000004 84.500000000000014 3 96.65000000000002 1.0000000180025095e-35 7.4450000000000012
decision_type=2 2 9 10 2 9 9 10 2 10 9 8 2 8
left_child=-1 2 9 4 -4 6 7 -3 -7 10 11 12 -2 -5
right_child=1 5 3 13 -6 8 -8 -9 -10 -11 -12 -13 -14 -15
leaf_value=0.021117893018796352 0.021064165419767657 -0.028746541907749775 0.019162549219917849 -0.1025219898079382 -0.0038626311489259602 -0.00093513854043474119 0.018154244759635486 0.011396870170272584 -0.038475950521990432 0.038226063478434699 -0.023993726330677416 0.040086511405338372 -0.054795716035400156 -0.016979854973629346
leaf_weight=66.261163404211402 11.684846665710213 53.130395919084549 169.47347732819617 7.0847889203578234 264.57190208509564 1130.7429812029004 294.17319864034653 61.605072256177664 29.5387978926301 10.615441806614397 276.09924442879856 20.905241845175624 13.070693731307982 12.826910838484766
leaf_count=574 94 289 2600 66 1276 8233 2571 334 201 85 2270 197 117 128
internal_value=-0.000416187 -0.00103065 -0.00621469 0.00253196 0.00515096 0.00156942 0.0111873 -0.00670105 -0.00190675 -0.0176783 -0.0201831 0.00660575 -0.0195615 -0.0508638
internal_weight=2421.78 2355.52 786.333 453.957 434.045 1569.19 408.909 114.735 1160.28 332.375 321.76 45.6608 24.7555 19.9117
internal_count=19035 18461 6833 4070 3876 11628 3194 623 8434 2763 2678 408 211 194
cat_boundaries=0 2 3 4 5
cat_threshold=3534611478 4 2859557910 2180256 2101282
is_linear=0
shrinkage=0.05


Tree=100
num_leaves=15
num_cat=4
split_feature=7 28 0 20 30 24 54 30 30 2 29 6 25 1
split_gain=16.9445 18.8893 18.2012 22.6157 22.0684 19.8763 15.8393 15.1064 13.9771 14.308 13.9242 17.9162 16.3191 28.0658
threshold=40.500000000000007 0.18315895323120793 4.0050000000000008 -58.244999999999997 0 0.10148008932702186 91.500000000000014 1 2 51.661941861012536 3 13.500000000000002 0.48028817892362918 0.4859764089121888
decision_type=2 10 10 8 9 10 8 9 9 2 9 10 10 10
left_child=1 8 3 -3 -4 -5 -2 -7 9 -1 -9 -12 13 -13
right_child=6 2 4 5 -6 7 -8 10 -10 -11 11 12 -14 -15
leaf_value=-0.025292020619547384 -0.033160682241617376 -0.033618189924900517 -0.0051595704759998121 -0.042242591575612165 0.017057845282995948 -0.011258094220307225 -0.0051772527974926121 0.021224269433200438 0.017571088704884504 0.034051469047354795 0.0083412309402541903 -0.014698923339542877 -0.012031718489130448 0.027905172527084039
leaf_weight=41.456899110227823 60.11369676887989 57.397619601339102 181.9480313770473 28.628135832026601 271.51918310858309 258.27568465657532 296.34885610640049 76.032648025080562 257.90952840819955 12.412278888747094 384.58916361443698 73.261538282036781 344.72291970998049 79.758454641327262
leaf_count=317 438 327 1669 185 3122 1880 1574 591 1949 73 4171 424 1845 485
internal_value=7.63102e-05 0.00181308 -0.000203068 -0.00320669 0.00841346 -0.0017791 -0.00997593 -0.000793063 0.0131336 -0.00951319 0.00213115 0.000244771 -0.00601036 0.00754457
internal_weight=2424.37 2067.91 1756.13 1302.67 453.467 1245.27 356.463 1216.64 311.779 53.8692 958.365 882.332 497.743 153.02
internal_count=19050 17038 14699 9908 4791 9581 2012 9396 2339 390 7516 6925 2754 909
cat_boundaries=0 2 3 4 5
cat_threshold=2550305563 13 1345084416 32055296 4456452
is_linear=0
shrinkage=0.05


Tree=101
num_leaves=15
num_cat=1
split_feature=7 26 28 25 30 3 11 11 10 61 28 11 5 24
split_gain=13.8108 16.756 16.4249 21.0388 14.6838 14.4402 16.3496 13.5127 21.9588 13.4982 12.9976 12.9911 15.8873 14.9463
threshold=16.500000000000004 490.00000000000006 0.4234832752810887 0.72171525053033159 0 0.0070557504106214071 9.981594983479555 5.8240513000586569 13.500000000000002 1150.5000000000002 0.47948845190271655 8.1465931639191069 0.087696153846153854 0.40535978278548251
decision_type=2 2 10 10 9 8 2 2 2 8 10 2 8 10
left_child=9 2 4 10 -2 7 -7 -6 -9 -1 -4 12 13 -3
right_child=1 11 3 -5 5 6 -8 8 -10 -11 -12 -13 -14 -15
leaf_value=-0.061222625368770545 0.0058329502980512989 0.047471760969907774 0.032357004741530797 0.027753043823565849 -0.019435915644787083 -0.007440019782078585 -0.068578363002986684 0.0085051533611888337 0.07402637300483815 0.0065332921624930082 -0.012725763349946123 0.034546926623308064 -0.027479946037422067 -0.027601279738498092
leaf_weight=6.4358636364340782 351.62514550238848 14.291390791535379 18.818036179989576 105.71050606667995 27.840107820928097 856.47232174500823 10.094820082187651 73.981556985527277 14.550500467419623 701.23586681857705 81.931609708815813 10.464943110942839 136.34295040741563 10.829796738922594
leaf_count=43 1899 68 94 593 157 4556 44 377 73 9785 481 60 787 78
internal_value=-3.94654e-05 -0.00246695 -0.00081032 0.0122791 -0.00284296 -0.00594818 -0.00823046 0.0104654 0.0199803 0.00583157 -0.00406995 -0.017225 -0.0207725 0.01529
internal_weight=2420.63 1712.95 1541.02 206.46 1334.56 982.939 866.567 116.372 88.5321 707.672 100.75 171.929 161.464 25.1212
internal_count=19095 9267 8274 1168 7106 5207 4600 607 450 9828 575 993 933 146
cat_boundaries=0 2
cat_threshold=3799007508 11
is_linear=0
shrinkage=0.05


Tree=102
num_leaves=15
num_cat=4
split_feature=7 15 29 30 24 30 1 28 28 11 30 4 54 2
split_gain=14.1535 18.0321 15.1885 24.7359 23.8924 24.1793 22.4864 21.5085 16.9713 16.8706 14.9401 13.2998 15.7041 21.0236
threshold=21.500000000000004 4.4998960414389533 0 1 0.51864413685593724 2 1.3575187969924813 0.18315895323120793 0.43096022103822318 6.3491215085566708 3 -16.963698012589195 64.500000000000014 110.68203703703705
decision_type=2 10 9 9 8 9 8 10 10 2 9 8 10 2
left_child=2 11 4 6 5 9 7 -4 -7 -1 -3 -2 -13 -14
right_child=1 10 3 -5 -6 8 -8 -9 -10 -11 -12 12 13 -15
leaf_value=-0.022356143952722403 -0.028880802627373477 0.015024612178328071 0.012299123692984401 0.0084633798262998116 0.032390366530974268 0.017718081358661656 -0.00094192741778511505 -0.050862705152225421 -0.0012412339204176928 0.0068463970029304074 -0.025828108428904359 -0.0019690863047751241 0.055371792199703652 -0.022714608005398224
leaf_weight=119.42117753066123 42.995322335511446 22.49743839353323 16.504624869674444 156.87138362787664 84.546898072585464 305.44669158756733 80.540523180738091 65.056899350136518 191.7788187880069 83.288419537246227 126.60690739750862 1086.7333091385663 25.641486652195454 12.069040693342684
leaf_count=1152 259 136 136 1380 1193 4560 587 412 2114 989 600 5467 120 57
internal_value=-0.00051193 -0.00401123 0.00366297 -0.00545676 0.00734923 0.0043874 -0.0186095 -0.0380872 0.0102127 -0.00989699 -0.0203248 -0.00191207 -0.000856117 0.0304395
internal_weight=2420 1316.54 1103.46 318.973 784.482 699.935 162.102 81.5615 497.226 202.71 149.104 1167.44 1124.44 37.7105
internal_count=19162 6639 12523 2515 10008 8815 1135 548 6674 2141 736 5903 5644 177
cat_boundaries=0 1 3 5 7
cat_threshold=308101 3533718864 8 2285834256 6 1107312644 8
is_linear=0
shrinkage=0.05


Tree=103
num_leaves=15
num_cat=6
split_feature=2 9 0 30 29 28 29 7 30 3 30 30 0 7
split_gain=14.5288 13.8705 16.5934 14.4354 14.714 18.7011 13.4012 11.3794 23.9798 20.3228 19.8499 18.046 17.1519 16.9813
threshold=538.53272974156255 2.5000000000000004 96.840000000000018 0 1 0.26775360088841299 2 11.500000000000002 3 0.18714065489893708 4 5 86.455000000000013 -23.499999999999996
decision_type=2 2 10 9 9 10 9 2 9 8 9 9 8 2
left_child=1 2 7 4 5 -3 -5 8 12 11 -11 -9 -1 -10
right_child=-2 3 -4 6 -6 -7 -8 9 13 10 -12 -13 -14 -15
leaf_value=0.013254636913996275 -0.056310498211480292 -0.0023668732760948538 -0.032827689044750578 -0.0034864512861626849 0.0095456460100228346 -0.059401200829091741 0.025984838069386576 -0.018734469617048981 -0.036642699982622255 -0.026571899322408662 -0.0050110316838026013 0.0045603690981677594 -0.019072729281484749 0.022375813219994219
leaf_weight=63.76400788500905 10.596127040684221 39.754932902753353 41.145524941384792 56.15582887455821 92.947665190324187 21.589044757187366 135.8603428825736 81.919519810006022 12.12797152251005 122.6615888401866 620.9250689316541 795.71497439593077 111.34504790604115 191.00998275913298
leaf_count=1102 53 214 257 683 1003 108 1492 537 55 779 4114 4567 1073 2978
internal_value=-0.00047931 -0.000207985 -0.00177929 0.00902939 -0.00269845 -0.0198811 0.0176439 -0.00112428 0.00667383 -0.00294665 -0.00902278 0.00220583 -0.00690081 0.0178172
internal_weight=2397.52 2386.92 2040.61 346.308 154.292 61.344 192.016 1999.47 378.247 1621.22 743.587 877.634 175.109 203.138
internal_count=19015 18962 15462 3500 1325 322 2175 15205 5208 9997 4893 5104 2175 3033
cat_boundaries=0 2 3 4 6 8 10
cat_threshold=3003490370 15 2113536 2175120 1625886297 5 2283829506 2 268767252 5
is_linear=0
shrinkage=0.05


Tree=104
num_leaves=15
num_cat=0
split_feature=14 7 24 3 5 25 1 27 7 28 0 24 11 5
split_gain=12.4929 13.104 16.4873 16.1101 16.002 11.9469 12.2701 14.2017 11.8832 11.6777 14.7691 19.8073 16.7689 24.0623
threshold=18.218750000000004 37.500000000000007 0.30143464947295801 0.62306888523958837 0.24412237762237762 0.28154773232057589 0.88388945062352564 0.090694781762968468 -39.499999999999993 0.22158525870938275 6.5500000000000007 0.12131371553311086 5.9938242513838249 0.57839285714285726
decision_type=10 2 10 10 10 8 8 8 2 10 10 10 2 10
left_child=1 8 3 4 5 -3 7 -7 -1 -10 11 -11 13 -12
right_child=-2 2 -4 -5 -6 6 -8 -9 9 10 12 -13 -14 -15
leaf_value=-0.040712647521489079 -0.057432813500288407 -0.039133720360387078 0.0071753000898073585 0.038446938608143549 -0.043987122867693032 0.047243558601810939 -0.025796995683559577 -0.0043231456066873753 0.010027409242848591 -0.037958302915772568 0.0058203199345106408 -0.0012249547736849992 0.015875243012881592 -0.045815389174899149
leaf_weight=15.133803136646746 8.4149378444999439 32.605270251631737 131.62150535732508 13.07693976908922 43.791276033967733 13.758648149669169 60.836138062179089 139.08726022392511 395.94797384925187 36.949899194762111 95.084478346630931 1115.6497161481529 265.73505451716483 28.511274375021458
leaf_count=71 98 188 676 65 383 78 281 745 2924 250 1230 8951 2804 329
internal_value=5.00594e-05 0.000276596 -0.00756368 -0.0139655 -0.0164522 -0.0113983 -0.00700363 0.000595618 0.00202497 0.00237955 0.00041045 -0.00243443 0.00881728 -0.0063632
internal_weight=2396.2 2387.79 434.777 303.156 290.079 246.287 213.682 152.846 1953.01 1937.88 1541.93 1152.6 389.331 123.596
internal_count=19073 18975 2416 1740 1675 1292 1104 823 16559 16488 13564 9201 4363 1559
is_linear=0
shrinkage=0.05


Tree=105
num_leaves=15
num_cat=1
split_feature=1 14 4 21 28 0 29 25 6 19 3 25 3 8
split_gain=9.86909 9.8042 12.787 10.2884 9.97218 11.0102 9.7514 10.1303 18.5001 28.4763 17.9816 16.1614 15.5855 15.8139
threshold=0.083920187793427234 8.1700000000000017 2.2221959926100117 0.81933619727568774 0.44450729957807344 72.030000000000015 0 0.40902444739800609 27.500000000000004 99.565000000000012 1.4105047430678241 0.8187398524557733 0.01482054297782631 24.500000000000004
decision_type=8 10 10 8 10 10 9 8 10 8 10 8 8 10
left_child=-1 3 4 -2 -3 -6 -5 8 9 -8 12 -12 13 -9
right_child=1 2 -4 6 5 -7 7 10 -10 -11 11 -13 -14 -15
leaf_value=-0.016742207741681548 -0.025207557730444294 -0.015469830438594699 0.024180893807550157 -0.017017408934267016 -0.0093929126120296576 -0.10334212944892329 -0.0041738887108549805 0.017753404040063609 -0.012416494805638292 0.025000059984973212 -0.085248027992710779 0.017937812117997391 -0.0012179324706514791 -0.029400020595585219
leaf_weight=87.770975179970264 36.618457967415452 24.22354019805789 10.894803043454884 60.600591477006674 5.1551412902772409 7.834622735157609 136.75647982954979 188.46684968098998 83.808266270905733 213.34945528954268 10.399509819224475 5.2371505219489327 1514.2938089482486 18.719800617545843
leaf_count=569 367 318 130 517 60 80 1210 1110 489 2193 84 67 11874 100
internal_value=-0.000381307 0.000245594 -0.0218575 0.000723812 -0.0356161 -0.0693938 0.00116042 0.00174573 0.00857812 0.0136249 4.51572e-05 -0.0516874 0.000544792 0.0133722
internal_weight=2404.13 2316.36 48.1081 2268.25 37.2133 12.9898 2231.63 2171.03 433.914 350.106 1737.12 15.6367 1721.48 207.187
internal_count=19168 18599 588 18011 458 140 17644 17127 3892 3403 13235 151 13084 1210
cat_boundaries=0 1
cat_threshold=720928
is_linear=0
shrinkage=0.05


Tree=106
num_leaves=15
num_cat=0
split_feature=8 11 1 21 3 28 54 26 20 22 15 11 26 11
split_gain=9.27993 12.4618 10.3258 9.52994 12.3163 8.67488 8.2672 11.2571 9.2352 9.09663 8.45006 8.07566 9.79535 8.50807
threshold=-2.4999999999999996 8.0057006230328387 0.067041198501872665 0.81933619727568774 0.64222973669990058 0.073479146454421482 73.500000000000014 354.00000000000006 -88.794999999999987 16.360000000000003 -15.76649556994648 5.0955272191770922 28.500000000000004 7.8117707955069458
decision_type=8 2 8 8 10 8 10 2 8 10 8 2 2 2
left_child=1 -1 -2 4 -4 -5 8 -8 -7 10 -10 12 -12 -13
right_child=2 -3 3 5 -6 6 7 -9 9 -11 11 13 -14 -15
leaf_value=0.039787885885154611 -0.018913411332695425 -0.031683541545775275 -0.037333452396393893 0.032709997787734237 0.030106991873950318 -0.026465959378123734 0.031003182753992976 -0.016298375689537074 -0.043186085036452521 0.047486872112648661 0.0065203851136961411 -0.0018697731940433453 0.05461961951873804 0.0063645229111119906
leaf_weight=28.020477544516325 72.370311874896288 6.9159516356885424 32.021745963022113 19.805208658799529 7.7093689981847993 32.0600281432271 44.962691085413098 16.5943848118186 10.298674818128346 9.1068974882364255 42.046377321705222 1686.6731943991035 13.302696997299789 384.3293616399169
leaf_count=209 470 53 277 99 126 186 286 118 84 103 386 14093 115 2497
internal_value=-6.64116e-05 0.0251516 -0.000448398 0.000140857 -0.0238295 0.000572769 0.000274071 0.0181951 -0.000240593 0.00016339 -6.04342e-05 0.000168641 0.0188448 -0.000339347
internal_weight=2406.22 34.9364 2371.28 2298.91 39.7311 2259.18 2239.37 61.5571 2177.82 2145.76 2136.65 2126.35 55.3491 2071
internal_count=19102 262 18840 18370 403 17967 17868 404 17464 17278 17175 17091 501 16590
is_linear=0
shrinkage=0.05


Tree=107
num_leaves=15
num_cat=4
split_feature=7 22 30 56 29 15 25 8 28 30 30 3 1 9
split_gain=14.8129 14.5918 16.9794 19.1902 14.0831 12.4686 10.9839 18.1992 14.6606 16.6693 16.0264 15.2966 19.8518 15.2934
threshold=16.500000000000004 16.360000000000003 0 2.5000000000000004 1 -0.46400773895504072 4.8998336807786194 36.500000000000007 0.35872759073529487 2 3 0.12268080696692106 1.0186932215234104 1.0000000180025095e-35
decision_type=2 8 9 2 9 8 10 10 10 9 9 8 10 2
left_child=4 2 3 -2 -1 -3 8 -8 9 -6 -10 12 -12 -14
right_child=1 5 -4 -5 6 -7 7 -9 10 -11 11 -13 13 -15
leaf_value=0.028391982227178699 -0.033639348322350666 -0.022024356660619721 -0.02919934779186445 0.017178109017704068 -0.0063732380297044635 0.0011657082661968381 -0.032865040751404576 0.042411751968782017 0.018717644282555485 0.024251416225018543 -0.012525351303853946 -0.00056200962772070422 -0.014913547989955662 -0.14183297691008528
leaf_weight=61.10958618298173 25.436684273183346 59.353178407996893 84.486708726733923 61.51348640397191 59.714555323123932 1462.8350853472948 38.846464158967137 9.1428882796317321 82.142674861475825 162.38393395021558 30.256431626155972 250.77957947738469 4.204390821978448 5.3529972936958075
leaf_count=1667 179 307 551 307 690 7910 252 91 1308 2215 279 3235 40 80
internal_value=0.00122047 -0.00131382 -0.0150989 0.00188413 0.00731106 0.000247615 0.00475125 -0.0179504 0.00668953 0.0168272 0.000620038 -0.00501231 -0.0335714 -0.092701
internal_weight=2397.56 1693.63 171.437 86.9502 703.934 1522.19 642.824 47.9894 594.835 222.098 372.736 290.593 39.8138 9.55739
internal_count=19111 9254 1037 486 9857 8217 8190 343 7847 2905 4942 3634 399 120
cat_boundaries=0 2 3 5 6
cat_threshold=2460037144 9 266244 1076895051 5 1486041346
is_linear=0
shrinkage=0.05


Tree=108
num_leaves=15
num_cat=2
split_feature=2 30 1 28 0 24 29 6 2 25 6 25 6 2
split_gain=11.0189 10.9935 9.94628 10.9927 10.0272 9.84878 9.16863 16.5265 8.87258 8.72906 30.1023 12.6388 9.44423 11.6185
threshold=-19.183884617080356 0 0.083920187793427234 0.073479146454421482 98.355000000000004 1.0000000180025095e-35 1 39.500000000000007 538.53272974156255 7.8454301265326398 -15.499999999999998 6.2602031562088714 -22.499999999999996 41.341867580711764
decision_type=2 9 8 8 10 8 9 8 2 10 10 10 8 2
left_child=-1 -2 -3 -4 5 -5 7 -7 9 11 12 -8 -11 -14
right_child=1 2 3 4 -6 6 8 -9 -10 10 -12 -13 13 -15
leaf_value=0.028829572292476166 0.012849189615241298 -0.018824531860634246 0.039724252017619262 -0.04982018501387471 -0.025803553611124675 0.024106336533605291 -0.0011055636557514483 -0.04492258560290982 -0.050134302614504106 0.035409642852108181 -0.066966492759348836 0.033052854033094124 0.026778542509286869 -0.038183071381912119
leaf_weight=30.4359729308635 125.02373846434057 81.647661879658699 15.326584354043005 9.2720363754779083 40.485505271703005 74.063908167183399 1916.8713691607118 8.8734483867883664 8.3154923245310766 15.249305270612238 20.885103151202202 26.468271683901548 10.54408870637417 16.27128978073597
leaf_count=303 1248 539 75 55 250 680 15393 44 42 94 111 168 48 74
internal_value=-0.000578735 -0.000968517 -0.00179289 -0.00114977 -0.00145986 -0.000980045 -0.000740513 0.0145413 -0.00144153 -0.00122202 -0.0193984 -0.000623566 0.00522575 -0.0125951
internal_weight=2399.73 2369.3 2244.27 2162.63 2147.3 2106.81 2097.54 82.9374 2014.6 2006.29 62.9498 1943.34 42.0647 26.8154
internal_count=19124 18821 17573 17034 16959 16709 16654 724 15930 15888 327 15561 216 122
cat_boundaries=0 2 3
cat_threshold=542188032 1 263553
is_linear=0
shrinkage=0.05


Tree=109
num_leaves=15
num_cat=3
split_feature=0 7 0 24 27 23 3 19 30 30 11 30 13 15
split_gain=10.2897 14.3002 13.9528 19.8818 13.9026 13.7938 13.6908 17.3207 24.7496 23.0014 11.5977 11.9394 14.7599 11.538
threshold=98.355000000000004 16.500000000000004 1.4200000000000002 0.49231090934630756 0.72785306495598501 13.847500000000002 0.99773095110043242 93.000000000000014 0 1 6.7713454499809655 2 10.365000000000004 5.3391105840891866
decision_type=10 2 10 8 10 10 10 8 9 9 2 9 8 10
left_child=1 2 3 5 10 6 7 8 -1 -9 11 12 -4 -3
right_child=-2 13 4 -5 -6 -7 -8 9 -10 -11 -12 -13 -14 -15
leaf_value=0.023494823906833287 -0.023961932519311453 -0.00033571763546091053 0.01411789141691322 0.031897573864575084 -0.066673813404798846 -0.049854625545336151 -0.028053756382931939 -0.0088625401348841528 -0.01979177062869085 0.025632328768270277 0.038145092325642775 0.025559016221884053 -0.027798015449310189 -0.013698754661814319
leaf_weight=35.141648981720209 42.186120059341192 1526.8391572833061 54.117705713957548 47.875132450833917 3.8702644761651745 13.451852504163979 38.27388758957386 74.166658358648419 116.80496546812356 116.51151656359434 57.487012533470988 67.929737048223615 32.937052257359028 179.65110838413239
leaf_count=413 260 8235 877 931 46 103 427 898 1012 1838 1190 1399 495 1055
internal_value=0.00022461 0.000665977 0.00691871 0.00181613 0.0172926 -0.00190728 -8.78572e-05 0.0031087 -0.00945033 0.0131138 0.0191272 0.0118738 -0.00168515 -0.00174971
internal_weight=2407.24 2365.06 658.567 442.226 216.342 394.351 380.899 342.625 151.947 190.678 212.472 154.984 87.0548 1706.49
internal_count=19179 18919 9629 5622 4007 4691 4588 4161 1425 2736 3961 2771 1372 9290
cat_boundaries=0 2 4 6
cat_threshold=3257115668 3 1350632792 3 3498957377 7
is_linear=0
shrinkage=0.05


Tree=110
num_leaves=15
num_cat=3
split_feature=7 61 7 30 27 24 28 11 6 30 9 30 7 7
split_gain=12.0445 9.59533 10.4874 16.9665 13.1476 14.1761 27.0025 15.309 15.2005 16.0091 15.8775 15.1809 26.2752 14.5379
threshold=-39.499999999999993 2430.5000000000005 22.500000000000004 0 0.061911632576011781 0.30064718216475916 0.23091215069949975 6.4158822180452013 59.500000000000007 1 1.0000000180025095e-35 2 40.500000000000007 62.500000000000007
decision_type=2 8 2 9 8 8 8 2 8 9 2 9 2 2
left_child=-1 -2 3 -3 -4 7 -7 11 9 -8 -10 12 -6 -9
right_child=1 2 4 -5 5 6 8 13 10 -11 -12 -13 -14 -15
leaf_value=-0.041527116873519385 -0.035623960546011961 -0.0018866421960745388 0.026325610126668748 0.010557181282362252 0.03097088808100755 0.052795952888221337 -0.017962908313427377 0.00072186791689508509 0.048771298200843138 0.0029677921177509656 -0.010147137414670887 -0.022985828683225018 -0.046117664830793464 -0.034293976218547399
leaf_weight=15.906816169619558 16.921014185994864 519.00574359856546 38.739364586770535 568.67203175276518 36.763194710016251 24.972324728965759 109.14740834012628 391.72604237496853 30.035029228776693 373.78884751722217 17.635103479027748 201.2564334385097 14.652302399277685 31.065895643085241
leaf_count=76 105 4832 222 7678 174 117 575 1856 146 1840 82 1048 118 240
internal_value=0.000525914 0.000825006 0.00110162 0.00470274 -0.00198433 -0.00289585 0.00301761 -0.00775703 0.000579944 -0.00209991 0.0272143 -0.0174681 0.00717309 -0.00192588
internal_weight=2390.29 2374.38 2357.46 1087.68 1269.78 1231.04 555.579 675.464 530.606 482.936 47.6701 252.672 51.4155 422.792
internal_count=19109 19033 18928 12510 6418 6196 2760 3436 2643 2415 228 1340 292 2096
cat_boundaries=0 2 4 6
cat_threshold=3643444499 12 2181580826 3 3255336960 10
is_linear=0
shrinkage=0.05


Tree=111
num_leaves=15
num_cat=3
split_feature=2 30 8 26 23 10 9 11 30 30 27 26 3 25
split_gain=12.0656 36.5674 18.7789 16.9537 15.3526 12.9624 12.7313 14.6443 14.4134 12.7979 18.3993 16.4198 18.3384 15.71
threshold=60.482017252749536 0 -2.4999999999999996 6.5000000000000009 8.5181250000000031 13.500000000000002 2.5000000000000004 9.7681472230301711 1 2 0.048802248052571988 34.500000000000007 1.4105047430678241 0.0033996288240929944
decision_type=2 9 8 2 8 2 2 2 9 9 8 2 10 8
left_child=2 4 -1 -3 -2 -5 9 8 -8 11 -11 -4 -13 -12
right_child=1 3 6 5 -6 -7 7 -9 -10 10 13 12 -14 -15
leaf_value=0.039885910230364689 -0.096969472280281077 -0.01241194550842596 -0.017323265821042103 0.0089659224555396749 -0.030308977268752865 0.055221532145250357 -0.011547126799912702 -0.066236740334516028 0.018578650297938547 0.054757241216243882 -0.023953492800869541 -8.3771217591024037e-05 -0.072844434793231827 0.0031436723803181508
leaf_weight=29.625901620835066 9.0975089613348228 79.989046048372984 222.76339402422309 69.847591770812869 78.743680538609624 18.540172731503844 44.278639720752835 4.9724540412425986 190.82887123152614 15.616608731448649 55.42217662371695 540.69456124864519 7.8008049838244906 1029.5737401042134
leaf_count=236 57 516 1563 468 500 106 467 39 2278 85 446 4563 65 7790
internal_value=-0.000214423 -0.0104467 0.00101407 0.00395269 -0.0343592 0.0191777 0.000450166 0.0112652 0.0131779 -0.000942202 0.00251721 -0.00583283 -0.00124927 0.00173875
internal_weight=2397.8 256.218 2141.58 168.377 87.8412 88.3878 2111.95 240.08 235.108 1871.87 1100.61 771.259 548.495 1085
internal_count=19179 1647 17532 1090 557 574 17296 2784 2745 14512 8321 6191 4628 8236
cat_boundaries=0 2 4 6
cat_threshold=2684408920 10 2449743878 1 1386895627 7
is_linear=0
shrinkage=0.05


Tree=112
num_leaves=15
num_cat=5
split_feature=29 8 30 9 11 11 51 30 29 6 30 7 14 3
split_gain=11.6357 11.5074 11.1531 10.0362 9.17101 11.4596 21.5907 18.2493 16.0214 19.7651 17.9479 20.2769 15.5714 15.5405
threshold=0 -2.4999999999999996 1 9.5000000000000018 5.0955272191770922 6.5332290869840426 1.0000000180025095e-35 2 3 2.5000000000000004 4 13.500000000000002 1.2512500000000009 0.11399678018126348
decision_type=9 8 9 2 2 2 2 9 9 8 9 2 8 10
left_child=2 -2 -1 4 -3 6 7 -6 10 -10 -7 -12 -13 -11
right_child=1 3 -4 -5 5 8 -8 -9 9 13 11 12 -14 -15
leaf_value=-0.018188046415219813 0.027852950973174424 0.018088556937707383 0.022428995076971006 0.042105700127493879 -0.020511702704679859 0.015195262837061055 -0.057004045481204607 -0.001997085454233933 -0.0467868506983617 0.026858194862344576 0.020151943975469027 -0.030093045945469878 -0.0013625894694429548 -0.02536309728681049
leaf_weight=14.072971250861881 33.337796248495579 56.824807226657867 87.642926812171936 12.233306085690854 145.844472957775 234.90002532862127 19.136385267600417 930.11305063776672 37.134039411321282 26.750381883233786 103.13045001775026 50.122115338221192 610.25761780701578 28.276490096002817
leaf_count=107 256 509 789 165 1237 1831 162 8050 251 137 1771 264 3477 154
internal_value=-0.000102993 -0.000871081 0.0155828 -0.00131181 -0.00156732 -0.00208639 -0.00569704 -0.00473243 0.00154112 -0.0172681 0.00343134 -0.000352329 -0.0035854 4.96672e-05
internal_weight=2389.78 2288.06 101.716 2254.72 2242.49 2185.67 1095.09 1075.96 1090.57 92.1609 998.41 763.51 660.38 55.0269
internal_count=19160 18264 896 18008 17843 17334 9449 9287 7885 542 7343 5512 3741 291
cat_boundaries=0 1 2 4 5 7
cat_threshold=263458 142622720 279120896 4 61445 3497123868 1
is_linear=0
shrinkage=0.05


Tree=113
num_leaves=15
num_cat=2
split_feature=7 28 30 11 28 30 27 19 20 11 26 23 19 11
split_gain=9.53917 19.8482 14.8327 16.2132 19.6493 14.0767 16.7134 15.1498 13.3059 13.0854 13.0333 18.6024 13.195 13.0053
threshold=30.500000000000004 0.18315895323120793 0 6.6984529810137667 0.34049939626645837 1 0.39950577215528726 90.112500000000011 17.385000000000002 6.7919624779895065 100.50000000000001 7.5766666666666671 2.2500000000000004 5.4205792451021457
decision_type=2 8 9 2 8 9 10 10 10 2 2 10 10 2
left_child=1 -1 3 -3 -5 7 -7 13 10 -10 11 -4 -12 -2
right_child=5 2 8 4 -6 6 -8 -9 9 -11 12 -13 -14 -15
leaf_value=0.021691175279164723 0.026859951563599833 -0.014828967446856354 0.0015207644654684071 -0.020352870385915059 0.01744575854690952 -0.0035429181622056126 0.024131813433214522 -0.04658091777936442 -0.061133195060441049 0.025173508410596471 0.0011955951685608567 -0.04753576388976205 0.020031576295903891 -0.013337040977275406
leaf_weight=115.44808530248702 21.126901734620333 278.797577932477 741.35668713226914 49.785907730460167 105.63488788716495 333.1916668638587 64.200464110821486 30.782320320606232 14.00280722230673 5.5575170237570992 168.18263299949467 18.841290583834052 207.29481179080904 228.59299750998616
leaf_count=834 126 2454 6236 339 1104 1649 366 143 136 68 1665 157 2465 1343
internal_value=-0.00022943 0.00176558 0.00030558 -0.00746245 0.00528502 -0.00524208 0.000953475 -0.0135444 0.00326558 -0.0365799 0.00401216 0.000244061 0.0116202 -0.00984271
internal_weight=2382.8 1704.9 1589.45 434.218 155.421 677.894 397.392 280.502 1155.24 19.5603 1135.68 760.198 375.477 249.72
internal_count=19085 15458 14624 3897 1443 3627 2015 1612 10727 204 10523 6393 4130 1469
cat_boundaries=0 2 4
cat_threshold=3508559123 5 176949336 10
is_linear=0
shrinkage=0.05


Tree=114
num_leaves=15
num_cat=6
split_feature=7 29 16 14 0 30 0 28 16 29 3 30 30 30
split_gain=10.6485 11.3464 10.7377 10.6844 12.3912 20.8403 18.287 10.5458 10.8228 10.3203 20.748 23.2426 19.7577 18.4132
threshold=16.500000000000004 0 6.4925000000000006 8.2562500000000014 92.015000000000015 1 1.0000000180025095e-35 0.42070641869282804 10.007500000000002 2 0.10866380729656176 3 4 5
decision_type=2 9 10 10 8 9 10 10 8 9 10 9 9 9
left_child=1 -1 9 4 6 -6 -3 -5 -9 12 11 -11 -2 -12
right_child=2 3 -4 7 5 -7 -8 8 -10 10 13 -13 -14 -15
leaf_value=0.024345210672132096 0.020543196165856609 -0.014585412956775751 -0.03444659068445681 0.0079193905921774305 -0.014258813322132866 0.0079460815218729604 0.023943904972989479 -0.081686076473331329 0.010148172874461479 -0.017407875506433013 0.0027484868595758728 0.0078108132064287619 -0.001061057672423874 -0.019641155502601149
leaf_weight=57.969205804169178 115.69304892607033 38.944955408573151 24.619939368218184 11.181211829185488 157.84524961002171 271.45021817646921 136.52874702773988 9.9779548011720163 4.2462381031364194 109.59881887957454 132.6976566798985 367.64579713344574 641.93517033755779 305.79909383878112
leaf_count=1669 654 368 133 187 1630 3186 2545 146 57 699 764 2001 3216 1854
internal_value=-0.000193787 0.00504863 -0.0023201 0.0028076 0.0042049 -0.000379182 0.0153584 -0.0282911 -0.0554057 -0.00182714 -0.005362 0.0017944 0.00248479 -0.0132591
internal_weight=2386.13 688.144 1697.99 630.175 604.769 429.295 175.474 25.4054 14.2242 1673.37 915.741 477.245 757.628 438.497
internal_count=19109 9788 9321 8119 7729 4816 2913 390 203 9188 5318 2700 3870 2618
cat_boundaries=0 1 3 4 6 8 10
cat_threshold=266244 602164503 6 2385026 1343564812 2 1079271500 1 448857108 10
is_linear=0
shrinkage=0.05


Tree=115
num_leaves=15
num_cat=1
split_feature=0 3 11 1 1 28 29 2 24 21 3 25 19 15
split_gain=10.4738 12.1148 10.652 13.9521 15.6159 14.3248 10.2236 10.9662 14.8965 10.021 10.0917 14.2934 15.8675 12.6266
threshold=96.015000000000015 0.61250208359853142 7.1308708295123182 0.8971275426058275 0.55370879120879135 0.40393379708937599 0 62.722790426977674 0.25956981714105726 0.94267767469471642 0.34708634291971846 7.8454301265326398 47.500000000000007 0.26800671638964163
decision_type=10 10 2 8 10 10 9 2 8 8 8 10 8 8
left_child=1 9 3 4 -3 -6 -5 8 -8 -1 -11 12 -12 -14
right_child=-2 2 -4 6 5 -7 7 -9 -10 10 11 -13 13 -15
leaf_value=-0.016900645543890893 -0.019839383077634946 0.01997947564039388 0.021123813022195126 -0.012506611160144718 -0.063279014532093697 0.012688600485978467 0.049863875721926784 -0.011763740539917501 0.01136303999165604 0.0026239046528319194 -0.025235506060401487 -0.056364931947686416 -0.022313011624573248 0.00255389336562197
leaf_weight=89.081095095723867 60.629025891423225 14.202408470213411 122.88748640567064 41.7065799087286 21.28281983174384 8.1921471618115884 30.523627737537026 34.634119721129537 128.85481803491712 1268.6302326638252 75.796219494193792 12.488489808514712 57.604876210913062 394.96513203717768
leaf_count=680 460 93 1393 524 194 102 231 246 1867 8634 507 69 459 3543
internal_value=0.000502856 0.00104727 0.00891773 0.00349292 -0.0221513 -0.0424414 0.00831815 0.0128199 0.0190015 -0.000624199 0.000185984 -0.0055267 -0.00422088 -0.000653479
internal_weight=2361.48 2300.85 402.284 279.397 43.6774 29.475 235.719 194.013 159.378 1898.57 1809.48 540.855 528.366 452.57
internal_count=19002 18542 4650 3257 389 296 2868 2344 2098 13892 13212 4578 4509 4002
cat_boundaries=0 1
cat_threshold=79956
is_linear=0
shrinkage=0.05


Tree=116
num_leaves=15
num_cat=3
split_feature=60 15 30 28 56 1 6 2 2 30 1 29 24 11
split_gain=12.0873 9.62 15.4874 9.12227 14.8419 9.5992 8.4311 12.0867 31.8236 14.6977 14.6785 21.0441 26.3426 12.878
threshold=228.00000000000003 10.260042072796141 0 0.4602070853013201 4.5000000000000009 0.78446455505279045 -123.49999999999999 73.484187192320405 135.01238252017393 1 0.50233644859813087 2 0.4888976020403169 8.0325546410116626
decision_type=8 10 9 10 2 8 8 2 2 9 8 9 8 2
left_child=-1 6 -3 5 -5 -4 -2 9 -9 -8 11 12 -11 -12
right_child=1 2 3 4 -6 -7 7 8 -10 10 13 -13 -14 -15
leaf_value=-0.063794069968765119 0.038477820064491346 0.011487403705560797 -0.059537038411091481 0.022247907593875366 -0.065571089628567489 -0.01845196001008417 -0.0043045595913092432 -0.034305296349053098 0.0054874553933951598 -0.03179286754049148 0.0063930774690626833 0.0043444108796698811 0.017333004907176951 0.026961691585148634
leaf_weight=6.6034794822335243 13.208641102537511 38.055255640298128 27.216088091954589 17.22767644003034 5.5367013048380604 31.338053867220879 790.70841164328158 87.609953159466386 115.50610857270658 104.67340324819088 678.32269439287484 346.0482848547399 36.063693985342979 84.926631830632687
leaf_count=38 112 423 225 239 68 366 6753 582 656 635 6362 1877 192 604
internal_value=-0.000852487 -0.00065083 -0.0144232 -0.0249104 -0.000971663 -0.0382274 8.36407e-05 -0.000159409 -0.0117603 0.00100043 0.00435644 -0.00239054 -0.0179075 0.00871403
internal_weight=2383.05 2376.44 119.374 81.3185 22.7644 58.5541 2257.07 2243.86 203.116 2040.74 1250.03 486.785 140.737 763.249
internal_count=19132 19094 1321 898 307 591 17773 17661 1238 16423 9670 2704 827 6966
cat_boundaries=0 2 4 5
cat_threshold=9176068 10 1502234694 7 98305
is_linear=0
shrinkage=0.05


Tree=117
num_leaves=15
num_cat=4
split_feature=7 29 24 15 30 26 24 27 25 34 30 25 26 3
split_gain=8.3483 14.4344 14.8883 10.2127 23.7297 12.7212 16.1805 12.2225 16.0089 10.758 17.9124 14.9476 21.8913 19.6274
threshold=16.500000000000004 0 0.56582929287947681 4.4998960414389533 1 294.50000000000006 0.20701761496804078 0.32015465147862521 2.2310603772855306 2 3 3.3505398876846346 62.500000000000007 0.10663819956124242
decision_type=2 9 10 10 9 2 8 10 10 1 9 10 2 8
left_child=1 2 -1 9 -5 6 -6 -8 -9 10 -2 13 -13 -12
right_child=3 -3 -4 4 5 -7 7 8 -10 -11 11 12 -14 -15
leaf_value=0.029482750904631313 0.0055540902906416733 0.0015863586171039044 -0.064205631785942741 0.013673027515791976 0.013537801825283288 -0.051560248992914282 -0.043854578079767295 0.010512635645226594 -0.049404025722085562 0.0039729438378738845 -0.0038340624207298794 -0.015106971798970505 0.03001539656737472 -0.026990968288352186
leaf_weight=83.177540699020028 271.6585403829813 597.68931070156395 3.5433260556310406 61.567578595131636 34.540018144994974 29.723096214234829 47.447052486240864 34.692525485530496 15.252645697444676 712.73359520360827 184.17321493476629 56.961767718195915 49.184647627174854 181.62052419781685
leaf_count=1890 1547 7936 48 391 200 160 262 214 84 3725 1066 294 241 1069
internal_value=-4.66221e-05 0.00460407 0.0224116 -0.00194337 -0.011877 -0.0211711 -0.015581 -0.0259406 -0.00839576 -0.000413667 -0.00461789 -0.0103706 0.0058862 -0.015374
internal_weight=2363.97 684.41 86.7209 1679.56 223.223 161.655 131.932 97.3922 49.9452 1456.33 743.599 471.94 106.146 365.794
internal_count=19127 9874 1938 9253 1311 920 760 560 298 7942 4217 2670 535 2135
cat_boundaries=0 1 3 4 6
cat_threshold=4460581 1656750092 8 2 947227728 13
is_linear=0
shrinkage=0.05


Tree=118
num_leaves=15
num_cat=4
split_feature=14 30 56 27 2 11 26 11 29 8 31 29 30 16
split_gain=10.022 8.31853 9.80482 9.42028 9.23261 8.68777 12.2256 9.48703 15.6771 13.5836 13.7034 13.1573 13.6315 16.4681
threshold=-3.6249999999999996 0 8.5000000000000018 0.098400984526317403 500.16142748453336 5.0955272191770922 7.5000000000000009 6.5014022619081091 1 1.0000000180025095e-35 1.5000000000000002 2 3 -1.4349999999999985
decision_type=8 9 2 10 2 2 2 2 9 10 2 9 9 8
left_child=-1 2 3 -2 5 6 -3 11 9 -9 -11 -7 -13 -14
right_child=1 4 -4 -5 -6 7 -8 8 -10 10 -12 12 13 -15
leaf_value=-0.037868961125282312 -0.01022692990109225 0.0022311364228986127 -0.030953052129560774 0.031693928630261881 -0.044203348472291577 0.025445665552925847 0.050172445615023521 0.006965938984485465 0.0038340342278665412 -0.011773511422433075 -0.061087252602487409 -0.01402711452198282 -0.038928402800767647 -0.0003387183850930872
leaf_weight=17.02397108450532 16.94988533295691 41.03530491143465 9.0224716532975417 56.382944166660309 11.32326960749924 24.98376271687448 18.744718318805099 32.69882496073842 999.07928914017975 33.539089910686016 24.080267390236259 318.33378599956632 27.72841826826334 734.60622227564454
leaf_count=104 144 377 92 614 60 302 173 182 7548 202 143 2668 286 6164
internal_value=-0.000727121 -0.000441882 0.0141919 0.0219973 -0.00103774 -0.000806075 0.0178418 -0.00132183 0.0019889 -0.0168182 -0.0330732 -0.00458273 -0.00548437 -0.00176834
internal_weight=2365.53 2348.51 82.3553 73.3328 2266.15 2254.83 59.78 2195.05 1089.4 90.3182 57.6194 1105.65 1080.67 762.335
internal_count=19059 18955 850 758 18105 18045 550 17495 8075 527 345 9420 9118 6450
cat_boundaries=0 1 2 3 5
cat_threshold=542179841 6882352 2622496 277376272 4
is_linear=0
shrinkage=0.05


Tree=119
num_leaves=15
num_cat=2
split_feature=7 29 27 11 30 3 2 2 7 1 5 25 1 22
split_gain=12.0995 14.7063 14.8583 15.5162 15.2031 12.8307 12.7815 18.4364 18.3241 12.0043 11.8966 12.0534 11.2074 11.1012
threshold=23.500000000000004 0 0.28031974769053164 5.8556448174048787 1 0.049322287919235701 127.85272026051048 72.112196926080912 49.500000000000007 0.8971275426058275 0.92806617391304369 10.925067556703068 0.4859764089121888 6.3175000000000008
decision_type=2 9 10 2 9 10 2 2 2 8 10 10 10 8
left_child=10 2 -2 12 5 -5 7 13 9 -8 11 -1 -4 -3
right_child=1 6 3 4 -6 -7 8 -9 -10 -11 -12 -13 -14 -15
leaf_value=0.0050136344156476997 -0.041504360532250803 -0.018827249388235191 -0.022463407672048911 0.072752563649006632 -0.030099941520700932 -0.0091237243045701171 0.078100563241732535 -0.035602421294446879 -0.020777248603536594 0.021091143594123639 -0.03292004973523642 -0.038152822059883296 0.023830113391597772 0.0012333790164268982
leaf_weight=1235.8603654243052 43.822639867663383 75.215108271688223 17.502286806702614 7.0801278539001968 69.886494349688292 11.263233385980127 11.396408349275587 38.661263577640057 19.900111764669418 41.46928695589304 20.673274151980877 15.396914914250372 44.159653447568417 723.9408472366631
leaf_count=13132 236 448 97 39 417 71 52 172 91 195 186 92 198 3662
internal_value=0.000496541 -0.00333096 -0.0154289 -0.00860338 -0.0219513 0.0162205 -0.000567703 -0.00232808 0.0193809 0.0346026 0.0038196 0.00445242 0.0105413 -0.000675861
internal_weight=2376.23 1104.3 193.714 149.892 88.2299 18.3434 910.583 837.817 72.7658 52.8657 1271.93 1251.26 61.6619 799.156
internal_count=19088 5678 1058 822 527 110 4620 4282 338 247 13410 13224 295 4110
cat_boundaries=0 1 2
cat_threshold=4292609 411074564
is_linear=0
shrinkage=0.05


Tree=120
num_leaves=15
num_cat=0
split_feature=8 28 7 25 8 11 0 0 28 26 3 5 28 11
split_gain=9.82126 9.43508 9.50365 11.1779 17.4233 14.8625 14.2583 16.3397 13.0923 10.1849 15.3737 11.8691 13.3161 11.4479
threshold=-2.4999999999999996 0.059856735518329131 11.500000000000002 4.8998336807786194 30.500000000000004 5.9227305674492792 88.385000000000019 1.4200000000000002 0.49215381006919906 490.00000000000006 0.8810411780566535 0.54181713277903765 0.35590582437017509 7.4127066816106266
decision_type=8 8 2 10 10 2 10 10 10 2 10 8 8 2
left_child=-1 -2 3 6 5 -5 7 -3 -8 10 -4 12 -11 -13
right_child=1 2 9 4 -6 -7 8 -9 -10 11 -12 13 -14 -15
leaf_value=0.026153132563774752 0.046206305320659023 0.005142140408214195 -0.0017480106610928995 0.0054696608103798157 0.03865845679790797 -0.061440137467275939 -0.0045801142134605545 0.027930490176740898 -0.073391085944901041 0.046226810732421582 0.031837488506604471 -0.031276554983905129 -0.0072588810820011333 0.0079255397171752746
leaf_weight=34.264849073253572 9.7938432358205301 271.79036704450846 1567.6167108006775 13.364826194941996 9.391521727666257 20.259213233366609 80.813134977594018 110.05955351050943 6.5781707093119612 12.747886428609489 33.83095639757812 91.549627579748631 74.80589116923511 22.87229535356164
leaf_count=271 54 3661 9640 96 85 140 827 2431 102 88 307 682 555 172
internal_value=-3.56939e-05 -0.000432651 -0.000649763 0.00535387 -0.0187633 -0.0354551 0.00759991 0.0117662 -0.0105314 -0.0023571 -0.00101908 -0.0129088 0.000962748 -0.0234395
internal_weight=2359.74 2325.47 2315.68 512.257 43.0156 33.624 469.241 381.85 87.3913 1803.42 1601.45 201.976 87.5538 114.422
internal_count=19111 18840 18786 7342 321 236 7021 6092 929 11444 9947 1497 643 854
is_linear=0
shrinkage=0.05


Tree=121
num_leaves=15
num_cat=1
split_feature=14 28 7 5 1 15 1 8 19 3 29 51 24 23
split_gain=10.5031 8.92717 11.8395 10.6581 10.3627 11.0647 8.47704 10.8445 10.6286 9.26955 8.76171 14.4457 11.3965 21.0801
threshold=-2.7458333333333322 0.16523359956869296 38.500000000000007 0.1512206666666667 0.86817279046673301 0.69336477987421452 2.5543735224586293 78.500000000000014 87.715000000000018 0.51062609330944453 0 1.0000000180025095e-35 0.51728198292706462 30.505416666666672
decision_type=8 10 2 10 8 8 10 10 8 10 9 2 10 10
left_child=-1 2 3 -2 5 -4 10 8 -8 -9 12 -12 13 -3
right_child=1 6 4 -5 -6 -7 7 9 -10 -11 11 -13 -14 -15
leaf_value=-0.036147969764898112 0.021159063480539329 0.00062018563460182236 0.03469528453630525 0.00050445746557180142 -0.031436652244454751 -0.0090787738775333585 0.013812130328928413 -0.029105995902114531 -0.035047014326820169 0.029240068886815469 -0.010150111683432127 0.045914002858503951 0.014985003083328187 -0.050185328769680071
leaf_weight=19.03189542144537 157.51638746075332 1407.3868856318295 19.209926094859838 103.14980375021696 29.678996384143829 49.604440435767174 13.198620157316325 9.2212632205337304 56.979549951851368 19.65119968354702 303.81699009053409 10.961956430226563 135.91760959196836 19.717337600886822
leaf_count=118 1131 11586 148 947 137 328 201 58 497 220 2097 88 1415 191
internal_value=-9.7193e-05 0.000211861 0.00745202 0.0130189 -0.00726362 0.00346294 -0.00110665 -0.0152878 -0.025793 0.010255 -0.000350883 -0.00781114 0.00119787 -0.00011641
internal_weight=2355.04 2336.01 359.16 260.666 98.4934 68.8144 1976.85 99.0506 70.1782 28.8725 1877.8 314.779 1563.02 1427.1
internal_count=19162 19044 2691 2078 613 476 16353 976 698 278 15377 2185 13192 11777
cat_boundaries=0 1
cat_threshold=323731
is_linear=0
shrinkage=0.05


Tree=122
num_leaves=15
num_cat=1
split_feature=7 29 20 26 23 24 24 20 15 14 8 6 25 27
split_gain=10.7998 11.9352 12.7201 12.7915 15.4135 14.0177 15.9631 12.2165 11.5181 11.2869 10.9498 15.9083 11.2172 12.6848
threshold=16.500000000000004 0 35.210000000000008 115.00000000000001 4.8231250000000001 0.40958428201303299 0.5075004440511709 -67.944999999999993 0.52258894832858271 8.9837500000000023 94.500000000000014 -75.499999999999986 7.8454301265326398 0.28799986734052502
decision_type=2 9 10 2 10 10 10 8 8 10 10 8 10 10
left_child=1 -1 3 4 10 8 7 -7 -5 -9 11 -3 13 -13
right_child=-2 2 -4 5 -6 6 -8 9 -10 -11 -12 12 -14 -15
leaf_value=0.025823536222433791 -0.0019991818021361158 -0.055041586775681044 -0.071111759209469216 -0.0032968565223088922 -0.048163038907374472 -0.083722252603716518 0.027522503485585367 0.00052087910520063154 0.038381374920111067 -0.07666640474319926 0.055374556167488015 0.015766549026877102 -0.032668107831291683 -0.0049892710103372354
leaf_weight=54.546602409332991 1684.3764655496925 12.217849301174281 4.7031465582549563 21.67394039221108 16.330832293257117 3.8597442768514156 49.202195525169373 111.29769149981439 67.475011961534619 3.9460330214351407 7.7523089442402116 123.09646445326507 22.11661235243082 180.11058154515922
leaf_count=1669 9282 87 36 320 151 44 816 1454 1516 55 78 1319 118 2189
internal_value=0.000146147 0.00546837 0.00318562 0.00391521 -0.00215042 0.0124104 0.00386355 -0.00605786 0.0283244 -0.00275887 0.000158568 -0.0012694 0.000912552 0.00346134
internal_weight=2362.71 678.329 623.782 619.079 361.625 257.455 168.306 119.103 89.149 115.244 345.294 337.542 325.324 303.207
internal_count=19134 9852 8183 8147 3942 4205 2369 1553 1836 1509 3791 3713 3626 3508
cat_boundaries=0 1
cat_threshold=266244
is_linear=0
shrinkage=0.05


Tree=123
num_leaves=15
num_cat=4
split_feature=2 24 14 11 29 29 30 29 14 54 8 56 25 44
split_gain=9.48642 9.46995 9.37692 8.73266 11.1581 8.6635 8.66574 14.4827 10.7286 18.9265 11.7855 13.6417 10.8514 10.2141
threshold=-19.183884617080356 1.0000000180025095e-35 18.218750000000004 5.3225707618928508 0 1 2 3 1.1762499999999998 22.500000000000004 42.500000000000007 3.5000000000000004 2.4089444917759479 1.5000000000000002
decision_type=2 8 10 2 9 9 9 9 8 10 8 2 10 2
left_child=-1 -2 3 4 -3 -5 7 -7 9 10 11 -8 -13 -9
right_child=1 2 -4 5 -6 6 8 13 -10 -11 -12 12 -14 -15
leaf_value=0.027722099638189043 -0.038860102652381837 -0.014844239630525682 -0.04818436935635418 0.014970726715683056 0.013997532627750001 0.034024775452257981 0.028302199921055728 0.0044568826824251829 -0.0017961173568924905 0.023295887680978643 -0.045565552104066286 -0.033443238768218114 0.021696637784391029 -0.046196574022735901
leaf_weight=28.668013012036681 15.171484839171169 32.815825287252665 9.248528800904749 68.6305181235075 178.08200914878398 32.432399978861213 15.402087824419139 131.08717229403555 1708.8696707710624 24.177901113405824 41.757014233618975 47.157821159809828 10.220209890976546 9.7633934989571554
leaf_count=293 88 268 101 603 1692 317 118 1311 13351 164 330 306 57 84
internal_value=-0.000372853 -0.00073107 -0.000463901 -0.000251191 0.0094209 -0.00123146 -0.00185371 0.0085154 -0.00287086 -0.0162087 -0.0246773 -0.0122377 -0.0234183 0.000602336
internal_weight=2353.48 2324.82 2309.64 2300.4 210.898 2089.5 2020.87 173.283 1847.58 138.715 114.537 72.7801 57.378 140.851
internal_count=19083 18790 18702 18601 1960 16641 16038 1712 14326 975 811 481 363 1395
cat_boundaries=0 1 2 3 4
cat_threshold=4464640 263425 542204420 12290
is_linear=0
shrinkage=0.05


Tree=124
num_leaves=15
num_cat=3
split_feature=11 8 29 34 29 2 28 15 2 8 0 7 28 7
split_gain=10.2491 19.2256 15.056 17.91 21.6825 15.0981 15.9313 12.0806 10.9617 10.7061 12.8029 12.7603 12.6638 12.5571
threshold=6.0187269011352855 -2.4999999999999996 0 1 2 51.959620629299479 0.40707136218332646 12.434666817496536 67.210929009084069 32.500000000000007 74.795000000000016 7.5000000000000009 0.54182896446771378 -2.4999999999999996
decision_type=2 8 9 1 9 2 10 10 2 8 10 2 8 2
left_child=1 -1 -3 5 -5 6 -4 8 -6 10 11 12 -8 -12
right_child=-2 2 3 4 7 -7 9 -9 -10 -11 13 -13 -14 -15
leaf_value=0.061571282590839431 0.0029276458646162861 0.024936128680400252 -0.0021399042835376723 -0.014069042125066662 0.016326168584406664 -0.066261835910679287 0.021820659952979854 -0.037586431175961402 -0.020388582753163149 -0.0037628037657934932 -0.012710308868033619 -0.0326346627876032 -0.063058530741496727 -0.10093740607249649
leaf_weight=10.043641516007481 1528.0001018410549 30.187253713607788 203.81063451897353 135.22246153652668 215.10085411369801 12.246672105044125 22.719958962872628 11.514815708622335 21.591239849105477 55.594992108643055 6.6978606954216984 88.787872839719057 4.4016566332429639 10.533082779496906
leaf_count=85 11702 325 2011 938 1966 96 328 130 145 484 36 708 46 127
internal_value=0.000500166 -0.00397521 -0.00485377 -0.00626143 0.00140442 -0.0136626 -0.0118574 0.0100194 0.0129053 -0.0222845 -0.0299328 -0.0235501 0.00629283 -0.0692209
internal_weight=2356.45 828.453 818.409 788.222 383.429 404.793 392.546 248.207 236.692 188.735 133.14 115.909 27.1216 17.2309
internal_count=19127 7425 7340 7015 3179 3836 3740 2241 2111 1729 1245 1082 374 163
cat_boundaries=0 1 2 3
cat_threshold=2621600 2 77828
is_linear=0
shrinkage=0.05


Tree=125
num_leaves=15
num_cat=3
split_feature=7 29 0 30 0 19 11 13 31 19 8 30 8 22
split_gain=8.6066 11.6351 12.6695 16.0096 15.392 12.6509 13.19 11.9368 12.9799 11.2841 12.3871 10.7176 10.3648 10.0379
threshold=16.500000000000004 0 82.555000000000021 1 1.0000000180025095e-35 95.800000000000011 5.587866415462547 2.2000000000000002 1.5000000000000002 81.960000000000022 4.5000000000000009 2 34.500000000000007 0.8633333333333334
decision_type=2 9 8 9 10 8 2 10 2 8 10 9 8 10
left_child=1 9 4 7 -3 -5 13 8 11 10 -1 -4 -9 -7
right_child=-2 2 3 5 -6 6 -8 12 -10 -11 -12 -13 -14 -15
leaf_value=0.01657028461408503 -0.0019847715906270952 -0.011922954946239269 0.021094057887088753 -0.0047192362789405511 0.02349352933436754 0.047378657534139557 0.0067618874762021683 -0.080172440809518797 -0.022265244374884658 0.040623533784548027 -0.097533807467045194 -0.016769283537923393 0.00043572421217821246 -0.050197741709969358
leaf_weight=7.4537539165467006 1685.6538166441023 40.389133041724563 37.640022698789835 150.9449625890702 120.08903397805989 35.67546960990876 106.20663065835834 10.9458996579051 85.018324291333556 42.957436639815569 2.3505275836214423 21.271373135969043 5.9701294992119101 2.0399779826402655
leaf_count=212 9315 375 385 1371 2402 867 1407 93 887 1368 68 232 88 29
internal_value=-8.04351e-05 0.00471399 0.00248593 -0.00173452 0.0145613 0.00520778 0.0159393 -0.0138791 -0.00986941 0.0250777 -0.017281 0.00809274 -0.0532872 0.0409406
internal_weight=2354.61 668.953 616.191 455.713 160.478 294.867 143.922 160.846 143.93 52.7617 9.80428 58.9114 16.916 37.7154
internal_count=19099 9784 8136 5359 2777 3674 2303 1685 1504 1648 280 617 181 896
cat_boundaries=0 1 3 5
cat_threshold=266244 2749391891 13 2199921680 8
is_linear=0
shrinkage=0.05


Tree=126
num_leaves=15
num_cat=2
split_feature=2 30 11 19 2 56 30 24 24 24 7 24 61 11
split_gain=11.2888 22.7766 17.6399 13.3976 13.3888 12.1203 11.5457 18.2776 13.7606 15.5202 12.9221 12.5505 11.8817 11.8797
threshold=51.959620629299479 0 8.5022088434147012 94.675000000000011 157.09196967883068 12.500000000000002 1 0.43654890073219066 0.4888976020403169 0.43853289089551656 41.500000000000007 0.69230259882080503 1352.5000000000002 5.9620737848633345
decision_type=2 9 2 8 2 2 9 10 10 10 2 10 8 2
left_child=6 4 5 -4 -2 -3 7 10 9 12 -1 -10 -8 -13
right_child=1 2 3 -5 -6 -7 8 -9 11 -11 -12 13 -14 -15
leaf_value=0.023292817919797801 -0.0089216289904776903 -0.018762856267749456 -0.09739441772117613 -0.025236004286350151 0.025016488515455411 0.031846305923092476 -0.061317098832987742 -0.0081056498342423674 0.016785600981383247 -0.020077492596330862 -0.0078084911675713065 0.0011192137204207454 4.1213038171025294e-05 -0.10824679291500468
leaf_weight=189.81859275698662 55.576128831133246 126.19540106505156 11.276167536154391 15.587691098451613 59.024842986837029 12.137480797246097 6.9328189454972744 95.128186685964465 158.94154537469149 105.2921128552407 39.967236168682575 6.6318545360118133 1458.6900850599632 2.9499051552265882
leaf_count=1727 416 842 68 96 357 87 43 910 1598 889 213 152 11630 52
internal_value=0.000198468 -0.00920786 -0.0203319 -0.057933 0.00793672 -0.0141257 0.00147722 0.00995978 -0.000168327 -0.0016288 0.0178729 0.0133651 -0.00029064 -0.0395986
internal_weight=2344.15 279.798 165.197 26.8639 114.601 138.333 2064.35 324.914 1739.44 1570.92 229.786 168.523 1465.62 9.58176
internal_count=19080 1866 1093 164 773 929 17214 2850 14364 12562 1940 1802 11673 204
cat_boundaries=0 2 4
cat_threshold=1104953414 3 541098525 8
is_linear=0
shrinkage=0.05


Tree=127
num_leaves=15
num_cat=2
split_feature=14 60 1 30 15 30 3 19 28 6 0 5 7 2
split_gain=8.32573 7.86153 8.00071 11.5053 7.93326 8.55121 10.9025 11.9055 12.338 9.26788 9.18932 9.05587 8.78609 8.14136
threshold=-2.7458333333333322 228.00000000000003 0.15430402930402934 0 -15.76649556994648 1 0.086297453004827815 23.750000000000004 0.21269211784008882 29.500000000000004 98.010000000000005 0.081322674418604662 43.500000000000007 500.16142748453336
decision_type=8 8 8 9 8 9 10 10 8 10 10 8 2 2
left_child=-1 -2 3 -3 -4 6 7 12 -9 10 -8 -10 -6 -7
right_child=1 2 4 -5 5 13 9 8 11 -11 -12 -13 -14 -15
leaf_value=-0.031722624593204803 -0.0508870340089339 -0.02881700695054808 -0.039147505569239897 -0.00071869292390492983 0.050185786015555324 0.00026194714300844499 0.0091603039504439803 0.044107387186112561 -0.068839259118839966 -0.029174710929394498 -0.052735800502702525 0.0031799679854744491 -0.001217298941841306 -0.042428116470060978
leaf_weight=19.830833671614528 6.5569156333804131 45.155388925224543 11.238304859027265 116.90952679142356 39.538885312154889 1876.5971070611849 169.8565980270505 8.4265708457678574 6.4199336860328939 18.668020509183407 5.2283487841486922 10.398749694228171 10.398737352341412 10.235030952841042
leaf_count=125 39 334 96 712 236 15316 1795 53 53 162 29 112 72 56
internal_value=-0.000252407 2.82557e-05 0.000193373 -0.0104876 0.000996644 0.00122397 0.009376 0.0257518 -0.00223864 0.00340345 0.00702298 -0.0266313 0.0396681 7.98279e-06
internal_weight=2355.46 2335.63 2329.07 162.065 2167.01 2155.77 268.936 75.1829 25.2453 193.753 175.085 16.8187 49.9376 1886.83
internal_count=19190 19065 19026 1046 17980 17884 2512 526 218 1986 1824 165 308 15372
cat_boundaries=0 2 3
cat_threshold=9700418 2 2857369669
is_linear=0
shrinkage=0.05


Tree=128
num_leaves=15
num_cat=5
split_feature=7 30 30 2 2 28 5 15 11 29 29 30 8 20
split_gain=8.94203 16.2587 11.1952 17.3075 15.6007 10.8021 11.0794 13.9841 10.3433 18.3077 15.0942 15.0273 14.7764 14.4226
threshold=46.500000000000007 0 1 82.162702440882143 135.01238252017393 0.22158525870938275 0.62451583710407244 1.9593262572739969 6.0507588670874677 2 3 4 -1.0000000180025095e-35 -31.474999999999998
decision_type=2 9 9 2 2 8 10 10 2 9 9 9 8 10
left_child=2 -2 3 5 -5 -1 7 -7 9 11 -10 -4 -11 -12
right_child=1 -3 8 4 -6 6 -8 -9 10 12 13 -13 -14 -15
leaf_value=0.02675689616476791 -0.024159515250213572 0.0024688353603443979 -0.012334553163097419 -0.05568208782976225 0.006006222261376014 0.0031451668628829387 -0.022535638447228553 0.02793074468264083 0.020750486353900602 0.050183085603093827 -0.0022029068920332096 0.008538814906241329 -0.018733049261193027 0.013512122278021569
leaf_weight=93.119567099958658 87.831138901412487 138.30019035190344 118.26310600712895 17.835040988400578 22.101899888366461 196.46725181117654 27.289352964609861 79.292170849628747 92.822363575920463 7.1051665646955371 796.36709426157176 249.17327282764018 234.12057220656425 177.72835090663284
leaf_count=669 630 770 1040 116 157 1694 307 1188 688 61 5908 2468 1673 1735
internal_value=0.000537711 -0.00888964 0.00155097 0.00857627 -0.0222298 0.0119459 0.00732175 0.0103472 -0.000330714 -0.00552866 0.00263395 0.00165726 -0.01585 0.000668437
internal_weight=2337.82 226.131 2111.69 436.105 39.9369 396.168 303.049 275.759 1675.58 608.662 1066.92 367.436 241.226 974.095
internal_count=19104 1400 17704 4131 273 3858 3189 2882 13573 5242 8331 3508 1734 7643
cat_boundaries=0 2 4 5 6 8
cat_threshold=1133264904 10 2702271052 8 2658738 262149 1107858434 6
is_linear=0
shrinkage=0.05


Tree=129
num_leaves=15
num_cat=5
split_feature=11 19 16 16 1 20 30 4 30 19 30 2 29 29
split_gain=8.4941 12.7915 8.53941 7.93589 10.5821 7.78871 21.3712 12.9107 12.4793 11.8939 27.9508 15.9564 9.87895 9.81239
threshold=9.981594983479555 26.250000000000004 -7.5025000000000004 6.3149999999999995 0.79658564814814825 -1.4874999999999969 0 -48.721902238745209 1 1.0000000180025095e-35 2 89.970003617887826 3 4
decision_type=2 10 8 10 10 8 9 8 9 10 9 2 9 9
left_child=2 -2 -1 5 -5 6 -4 -7 -9 13 -11 12 -12 -10
right_child=1 -3 3 4 -6 7 -8 8 9 10 11 -13 -14 -15
leaf_value=-0.021478382831022824 0.012670609992032379 -0.052027308566617893 -0.0046827122167176598 -0.062431313237378376 -0.0049813661059013338 0.060076567451874091 0.018301225026866066 -0.014484337815660903 -0.012486299957646795 0.014058457026560979 0.011947863158570445 -0.067203863506025169 -0.014126618458948687 0.0044872557744392956
leaf_weight=42.878369426354766 12.342382151633503 17.751336285844445 188.92802683077753 10.249033108353613 28.583705183118582 7.8474497236311436 202.76119035854936 135.21394276898354 81.753940423950553 119.12938694097102 35.16017053835094 12.37962184846401 293.49836064875126 1155.8603206491098
leaf_count=392 65 105 1849 77 302 82 1965 1151 634 1148 241 82 2182 8815
internal_value=2.09198e-05 -0.0259385 0.000369546 0.000791257 -0.0213307 0.00118542 0.00757822 -0.000178192 -0.000468772 0.000736248 -0.0061144 -0.0132065 -0.0113755 0.00329227
internal_weight=2344.34 30.0937 2314.24 2271.37 38.8327 2232.53 391.689 1840.84 1833 1697.78 460.168 341.038 328.659 1237.61
internal_count=19090 170 18920 18528 379 18149 3814 14335 14253 13102 3653 2505 2423 9449
cat_boundaries=0 2 3 4 5 6
cat_threshold=3247517978 13 134629377 1355887696 2367618 6882306
is_linear=0
shrinkage=0.05


Tree=130
num_leaves=15
num_cat=3
split_feature=7 29 30 14 8 6 49 30 19 5 3 20 19 5
split_gain=9.29323 19.1443 17.9415 12.2895 10.8997 11.7315 11.6348 9.70728 16.6702 10.9874 9.25549 12.1567 10.4155 12.5568
threshold=11.500000000000002 0 1 6.46 95.500000000000014 -75.499999999999986 1.0000000180025095e-35 2 93.000000000000014 0.64922645074224039 0.66950701372360366 5.7875000000000041 88.715000000000018 0.26757352941176477
decision_type=2 9 9 10 10 8 2 9 10 8 10 8 10 10
left_child=1 2 10 4 5 -3 7 8 -7 -9 12 -12 -1 -14
right_child=-2 3 -4 -5 -6 6 -8 9 -10 -11 11 -13 13 -15
leaf_value=0.021537067395630174 -0.0022037033979102724 -0.059887896879817354 0.021280712206262018 -0.068238858403157146 0.048689854519165451 -0.034035098489787585 0.051602860007939899 -0.027299687434940545 0.022182626584440725 0.021007005209501748 0.029320753200784828 -0.025140887777049661 -0.042598517279245192 0.02635630582386694
leaf_weight=55.955752845853567 1849.3974301069975 9.5117292553186399 201.24382425379008 7.3205066658556452 7.6942732259631148 57.932811811566353 7.533579032868146 15.179296856746076 16.230361446738243 42.575372837483883 11.642503028735517 55.328433865681291 16.041760573163632 9.9209610521793348
leaf_count=1064 11755 53 4277 80 79 365 46 140 118 387 186 500 116 93
internal_value=-0.000550407 0.00538968 0.0117956 -0.0084782 -0.00580827 -0.00892912 -0.00505167 -0.00865099 -0.0190642 0.00688969 -0.00160684 -0.015381 0.00950985 -0.016249
internal_weight=2363.51 514.111 350.133 163.978 156.657 148.963 139.451 131.918 74.1632 57.7547 148.889 66.9709 81.9185 25.9627
internal_count=19259 7504 6236 1268 1188 1109 1056 1010 483 527 1959 686 1273 209
cat_boundaries=0 1 3 5
cat_threshold=5026309 2977473029 5 1116226818 8
is_linear=0
shrinkage=0.05


Tree=131
num_leaves=15
num_cat=3
split_feature=8 5 30 55 2 0 27 20 29 30 27 2 7 6
split_gain=8.28822 8.28056 20.2004 14.9285 13.2416 11.9164 11.0778 10.5478 10.9212 18.5103 15.2599 14.3883 13.7479 14.3045
threshold=-2.4999999999999996 0.32663063063063069 0 82.500000000000014 82.162702440882143 15.005000000000001 0.061911632576011781 -34.474999999999994 1 2 0.10599233618284615 -0.0017448529702202007 44.500000000000007 -13.499999999999998
decision_type=8 8 9 8 2 8 10 8 9 9 8 2 2 10
left_child=-1 2 -2 -4 6 -3 -5 -7 11 12 -11 -9 13 -10
right_child=1 5 3 4 -6 7 -8 8 9 10 -12 -13 -14 -15
leaf_value=0.024956693274190488 -0.005832313820815279 -0.022657989949410033 0.049217948207407755 0.040225410948238748 -0.04726097204064774 -0.034897172986543122 0.0081774094071735744 0.027727167285793716 -0.0053124062026300746 0.0037396556644609495 -0.024212987618094643 3.4071425379137777e-05 -0.037331396404754962 0.037121844502426574
leaf_weight=30.832402092404664 200.97879398521036 67.206754568964243 29.072436798363924 32.202543692663312 8.2795948740094882 22.164299025200307 148.13744601421058 47.502629688940942 35.280307145789266 66.799330127425492 178.0379478726536 1422.9558780835941 11.911682207137344 43.792985277250409
leaf_count=259 1658 476 214 271 51 214 1218 504 260 473 1419 11674 101 300
internal_value=-0.000383221 -0.000731444 0.00562431 0.0157272 0.0111623 -0.00213739 0.0140903 -0.00137116 -0.000940689 -0.0089194 -0.0159535 0.00094053 0.00968821 0.018359
internal_weight=2345.16 2314.32 418.671 217.692 188.62 1895.65 180.34 1828.45 1806.28 335.822 244.837 1470.46 90.985 79.0733
internal_count=19092 18833 3412 1754 1540 15421 1489 14945 14731 2553 1892 12178 661 560
cat_boundaries=0 2 3 5
cat_threshold=3553760526 1 2421251 3254847746 8
is_linear=0
shrinkage=0.05


Tree=132
num_leaves=15
num_cat=4
split_feature=24 50 24 30 2 2 5 30 7 26 7 30 11 29
split_gain=7.6952 14.0953 13.6758 20.1738 15.6781 13.3583 11.2173 22.3193 12.8222 14.4383 12.4947 17.1075 21.3283 13.3828
threshold=0.40272506282326442 1.0000000180025095e-35 0.40275436427661654 0 11.28648849493187 50.783563448673981 0.32663063063063069 1 37.500000000000007 14.500000000000002 16.500000000000004 2 5.6182426820460014 3
decision_type=8 2 8 9 2 2 8 9 2 2 2 9 2 9
left_child=1 6 -2 4 -4 -6 7 -1 9 -9 11 12 -8 -12
right_child=2 -3 3 -5 5 -7 10 8 -10 -11 13 -13 -14 -15
leaf_value=0.026133332545757827 -0.026374150700163308 -0.05980554230326051 -0.018885973418556919 0.0046809633315081558 0.047459165495360243 -0.01716361118272635 0.031279681137931593 -0.025622836944564509 -0.028547477024098329 0.015816013393645117 0.0066783017956366141 0.02143340397583908 -0.016526195701094086 -0.0052885398365829887
leaf_weight=126.64231062214822 60.698102120310068 8.0733683221042138 201.93665460590273 429.82167353015393 17.002228407189254 13.662991693243383 30.515091625973582 26.665432561188936 34.239159524440765 86.869235179387033 328.49744478613138 141.76417020149529 88.954786569811404 742.00548548065126
leaf_count=934 420 63 1681 4256 195 127 368 233 172 794 1590 2790 1137 4340
internal_value=0.000425075 0.00234499 -0.00385808 -0.00175828 -0.0132592 0.0190335 0.00269441 0.01188 -0.00204766 0.0059447 0.000794151 0.0105762 -0.00383865 -0.00160059
internal_weight=2337.35 1614.23 723.122 662.424 232.602 30.6652 1606.15 274.416 147.774 113.535 1331.74 261.234 119.47 1070.5
internal_count=19100 12421 6679 6259 2003 322 12358 2133 1199 1027 10225 4295 1505 5930
cat_boundaries=0 2 4 6 7
cat_threshold=2871056659 6 671934800 12 1883325723 11 2375683
is_linear=0
shrinkage=0.05


Tree=133
num_leaves=15
num_cat=5
split_feature=8 2 29 8 3 7 11 30 34 25 30 54 29 1
split_gain=8.7739 8.09345 12.7205 14.0706 10.4626 9.25934 13.8213 24.068 21.1506 22.7164 15.961 16.496 14.1951 13.8331
threshold=-2.4999999999999996 -0.0017448529702202007 0 10.500000000000002 0.29792022955798597 30.500000000000004 6.0187269011352855 1 2 0.48028817892362918 3 85.500000000000014 4 0.4859764089121888
decision_type=8 2 9 10 8 2 2 9 1 8 9 8 9 10
left_child=-1 2 -2 -4 -5 6 7 -3 12 13 -8 -12 -9 -10
right_child=1 5 3 4 -6 -7 10 8 9 -11 11 -13 -14 -15
leaf_value=0.025804116394100476 0.024997619709929017 0.02023129801207255 -0.050134756178801643 -0.026178716234718409 0.042742009208115189 -0.0066126933341331424 0.011235191356174118 0.022812575996756929 -0.028500766344796792 -0.0099282042667658485 -0.035280529870747417 0.00067512782694448259 -0.02039138479983648 0.026235262693978825
leaf_weight=30.279875096864998 59.23239528760314 72.674537501297891 14.136901400983332 8.9011498112231511 11.579396685585378 625.74516222253442 438.8687747316435 13.419370226562021 12.354540597647427 173.92804985307157 33.245209669694304 465.23088164068758 274.24468791671097 91.436878820881248
leaf_count=257 592 747 98 57 114 3418 4111 104 68 1502 331 3958 2700 1071
internal_value=-0.000498655 -0.000856778 0.0134447 -0.0105314 0.0129638 -0.00147237 0.000572244 -0.00509946 -0.00859097 0.00110423 0.00443434 -0.00175361 -0.01822 0.0195101
internal_weight=2325.28 2295 93.8498 34.6174 20.4805 2201.15 1575.4 638.058 565.384 277.719 937.345 498.476 287.664 103.791
internal_count=19128 18871 861 269 171 18010 14592 6192 5445 2641 8400 4289 2804 1139
cat_boundaries=0 1 3 4 5 6
cat_threshold=4255746 541068097 9 2 3399047190 2097200
is_linear=0
shrinkage=0.05


Tree=134
num_leaves=15
num_cat=2
split_feature=11 11 11 30 27 28 6 27 15 19 11 20 30 11
split_gain=6.78256 7.25847 18.5346 15.2816 14.349 15.2754 12.5356 11.9075 20.6663 19.0757 27.3121 14.655 14.3767 13.8899
threshold=10.461220044647936 6.5014022619081091 6.4646038797713326 0 0.15075135237660581 0.16523359956869296 6.5000000000000009 0.31495919956920265 1.7664427790385167 61.735000000000007 7.2580493429414075 -0.99500000000000444 1 8.0057006230328387
decision_type=2 2 2 9 10 10 10 8 10 10 2 8 9 2
left_child=1 2 3 4 -1 -6 -4 8 9 11 -11 -3 13 -13
right_child=-2 7 6 -5 5 -7 -8 -9 -10 10 -12 12 -14 -15
leaf_value=-0.02957966037867359 -0.039716461934677282 0.041336163694067951 -0.0061971916385968294 0.0021669027726957668 0.049440505736505186 -0.0075644116029464151 -0.083617743655328772 0.0074042632714522889 0.0098377688462615853 0.014889000201629275 -0.05817949492221397 -0.038321167039571502 0.0026404300633576443 0.00735247294178701
leaf_weight=75.302360858768225 9.742795901373027 15.049860155209897 9.7698909025639313 796.83298739325255 11.262973748147486 285.9381791446358 10.691618889570234 646.27647777833045 188.67803216539323 17.781762672588229 41.582253934815526 59.49957924336195 132.24908461049199 22.569985741749406
leaf_count=712 50 98 95 7031 91 2560 64 5426 1351 107 240 367 736 125
internal_value=-7.93232e-05 0.000104689 -0.00261598 -0.00176935 -0.009964 -0.00524556 -0.0486625 0.00298519 -0.00299994 -0.011394 -0.0364087 -0.00478988 -0.00820587 -0.0230485
internal_weight=2323.23 2313.49 1189.8 1169.34 372.504 297.201 20.4615 1123.69 477.411 288.733 59.364 229.369 214.319 82.0696
internal_count=19053 19003 10553 10394 3363 2651 159 8450 3024 1673 347 1326 1228 492
cat_boundaries=0 2 4
cat_threshold=2432660480 4 1342964810 14
is_linear=0
shrinkage=0.05


Tree=135
num_leaves=15
num_cat=4
split_feature=7 26 5 27 28 29 30 30 30 19 22 18 26 27
split_gain=8.60886 15.1893 12.206 10.8322 16.1452 14.5114 15.6622 14.7539 10.5457 17.5649 14.9892 12.1347 11.5469 12.0953
threshold=14.500000000000002 490.00000000000006 0.10126800000000001 0.32015465147862521 0.23091215069949975 0 1 2 3 76.552500000000009 8.4933333333333341 -0.86874999999999758 95.500000000000014 0.41951610542629036
decision_type=2 2 8 10 10 9 9 9 9 8 8 8 2 10
left_child=8 3 -3 5 -5 7 -7 -2 9 -1 -11 -12 13 -10
right_child=1 2 -4 4 -6 6 -8 -9 12 10 11 -13 -14 -15
leaf_value=0.02972321095329912 0.021474217523745995 0.015049298549072729 -0.020584502044716201 0.048422169910676306 0.0038924613174958671 -0.01513932098206152 0.0035505402489739942 -0.019115898975305922 0.012273486171751767 0.057913519119825098 -0.045907217986059345 -0.0081673396145861398 0.020185926866283982 -0.010133040279193225
leaf_weight=30.21562874596566 17.811482895165682 27.739180706441402 152.59806630760431 20.100050859153271 588.14130138419569 125.4165057875216 617.7679886277765 183.88102902844548 147.83537084795535 6.4749354962259531 24.912435826845467 123.60235079098493 167.74976910557598 100.22780248895288
leaf_count=514 108 165 977 121 3378 622 3479 1133 2240 97 220 1473 3241 1315
internal_value=0.000431227 -0.00135704 -0.0150506 0.000241623 0.00544106 -0.0031076 0.000221713 -0.0146062 0.00558263 -0.0043144 -0.0113747 -0.0147627 0.00985761 0.00321599
internal_weight=2334.47 1733.46 180.337 1553.12 608.241 944.877 743.184 201.693 601.018 185.205 154.99 148.515 415.813 248.063
internal_count=19083 9983 1142 8841 3499 5342 4101 1241 9100 2304 1790 1693 6796 3555
cat_boundaries=0 1 3 5 7
cat_threshold=4297761 3112218624 4 838893584 8 4026631489 13
is_linear=0
shrinkage=0.05


Tree=136
num_leaves=15
num_cat=1
split_feature=8 54 10 25 20 7 4 26 5 30 61 7 3 8
split_gain=7.94819 9.22472 10.033 9.22749 7.91946 8.71954 8.57707 9.34377 8.8545 13.5556 8.08872 8.53033 10.4216 18.0901
threshold=-2.4999999999999996 79.500000000000014 7.5000000000000009 0.87985356896076439 -84.399999999999991 -39.499999999999993 -46.034796690877016 88.500000000000014 0.69983671843886908 0 1150.5000000000002 16.500000000000004 0.036740339653081017 38.500000000000007
decision_type=8 10 2 10 8 2 8 2 10 9 8 2 8 10
left_child=-1 4 -3 -4 -2 -6 7 -7 10 -10 -8 -12 13 -13
right_child=1 2 3 -5 5 6 8 -9 9 -11 11 12 -14 -15
leaf_value=0.024859391765012794 -0.019821348156183975 0.037909312262899078 0.040814815617422111 -0.025280221413599775 -0.041601394428391551 -0.012629543748080674 -0.045545694830265993 0.06347447971209158 -0.029257986408566146 0.0065421046403977712 0.0057251168373228219 0.0084511923064417623 -0.0038794470647306616 -0.042252344864945147
leaf_weight=30.643750458955765 52.798884680494666 31.090814566239715 6.6238980069756535 16.244428800418973 11.767406322062014 5.9948648437857619 8.5920668058097345 9.7547951899468881 51.98082597926259 44.623758718371391 560.80825900286436 343.33640366047621 1124.5513886529952 17.553589314222336
leaf_count=259 309 207 42 127 59 54 57 111 519 484 8683 1858 6181 88
internal_value=-2.78061e-05 -0.000372184 0.019865 -0.00522764 -0.000870154 -0.000402062 -0.000159275 0.0354821 -0.000436551 -0.0151509 0.00026225 0.000476748 -0.00150722 0.00587505
internal_weight=2316.37 2285.72 53.9591 22.8683 2231.76 2178.96 2167.2 15.7497 2151.45 96.6046 2054.84 2046.25 1485.44 360.89
internal_count=19038 18779 376 169 18403 18094 18035 165 17870 1003 16867 16810 8127 1946
cat_boundaries=0 2
cat_threshold=453681240 2
is_linear=0
shrinkage=0.05


Tree=137
num_leaves=15
num_cat=1
split_feature=2 28 11 11 11 11 24 1 8 24 11 11 29 7
split_gain=8.48012 7.38572 9.98312 9.2532 7.50651 7.12307 8.69631 14.899 15.6133 8.07575 7.96325 15.8929 12.8571 12.549
threshold=-28.47405517570655 0.12575265367250066 5.541734003496507 7.057019754872278 7.483997645483222 5.1289513086852736 0.66174996462716196 0.92530338959408576 17.500000000000004 0.6016304347826088 6.5014022619081091 6.4646038797713326 0 66.500000000000014
decision_type=2 8 2 2 2 2 10 8 8 10 2 2 9 2
left_child=-1 2 -2 -4 -5 -3 9 -8 -9 10 11 12 -7 -12
right_child=1 5 3 4 -6 6 7 8 -10 -11 13 -13 -14 -15
leaf_value=0.035895298836137027 -0.031301280522352995 0.012855417297673805 0.040092895051869269 -0.034029990675103032 0.024053040840318222 0.019406478106859047 0.038982338230546101 -0.12361198062276679 -0.016780301405368892 0.025803927561372748 0.0022693143492602346 -0.049356145963071779 -0.0052887079306288484 -0.027441302079332354
leaf_weight=14.947497112676499 8.6263700369745475 86.040659472346306 33.251907775178552 9.1508431024849433 11.313866229727862 45.303589906543493 4.405296882614496 4.8275281451642487 9.2033237311989069 25.880163236521184 1033.2979463692755 18.728360344655812 972.41248575691134 35.807291444391012
leaf_count=161 54 798 201 55 65 348 40 82 117 366 7818 148 8561 269
internal_value=-0.000439937 -0.000691765 0.0161453 0.0241976 -0.00229433 -0.00116824 -0.0017352 -0.0350304 -0.0593158 -0.00143091 -0.00177776 -0.00489862 -0.00403285 0.00124951
internal_weight=2313.2 2298.25 62.343 53.7166 20.4647 2235.91 2149.87 18.4361 14.0309 2131.43 2105.55 1036.44 1017.72 1069.11
internal_count=19083 18922 375 321 120 18547 17749 239 199 17510 17144 9057 8909 8087
cat_boundaries=0 1
cat_threshold=6292528
is_linear=0
shrinkage=0.05


Tree=138
num_leaves=15
num_cat=2
split_feature=61 7 29 25 25 3 30 3 20 8 8 15 6 24
split_gain=8.53237 8.43205 10.2829 16.6232 17.1405 20.3118 16.9964 15.1588 13.8292 12.6111 13.5071 16.4474 14.7863 12.8357
threshold=2430.5000000000005 16.500000000000004 0 0.8187398524557733 0.61103595426340929 0.93481427726891231 1 0.14253403845748722 17.385000000000002 96.500000000000014 8.5000000000000018 2.6999000620738145 -61.499999999999993 0.23125456312575859
decision_type=8 2 9 8 10 10 9 10 10 10 10 8 10 10
left_child=-1 2 3 4 6 -6 -2 -8 -5 10 -4 -12 -13 -14
right_child=1 -3 9 8 5 -7 7 -9 -10 -11 11 12 13 -15
leaf_value=-0.034532134938947814 -0.0087736363149209587 -0.0015050960544559988 0.0076288751325139202 0.034553019656184195 -0.0036359816172300595 -0.070952384280012548 -0.01692306134858839 0.032391296328403568 -0.018879147890608267 0.053685885193219846 -0.034714739278184158 -0.067095401621606598 0.044284532653793132 -0.0052828930183480482
leaf_weight=16.639977127313614 57.749097430147231 1661.4401687774807 114.66877614054829 90.010384132154286 93.196033668704331 11.758058270439504 17.699004726484418 102.56769019924104 13.319777458906172 8.5471821147948486 60.433370130136609 6.2728900928050271 16.829098569229245 48.197242692112923
leaf_count=106 782 9248 1196 2599 813 108 312 2225 192 101 540 44 184 652
internal_value=0.000109648 0.000374862 0.00524049 0.0102232 0.00418128 -0.0117759 0.0136025 0.0231456 0.0275504 -0.00261705 -0.00488497 -0.0157533 0.000576383 0.00802179
internal_weight=2319.33 2302.69 641.249 386.3 282.97 104.954 178.016 120.267 103.33 254.949 246.401 131.733 71.2992 65.0263
internal_count=19102 18996 9748 7031 4240 921 3319 2537 2791 2717 2616 1420 880 836
cat_boundaries=0 1 3
cat_threshold=823301 1232437571 5
is_linear=0
shrinkage=0.05


Tree=139
num_leaves=15
num_cat=1
split_feature=2 6 26 2 12 25 54 25 29 25 15 8 6 4
split_gain=7.53673 6.70271 6.60545 6.38737 18.5658 16.7076 12.8415 12.9125 9.91035 15.7731 14.883 14.5068 17.9591 13.6673
threshold=-28.47405517570655 -91.499999999999986 1.5000000000000002 51.959620629299479 2.5000000000000004 5.5747081125173414 100.50000000000001 9.1451879585464173 0 7.4981897752896467 7.0739436538364631 2.5000000000000004 38.500000000000007 4.9947474304114943
decision_type=2 8 2 2 2 8 8 10 9 10 8 8 8 10
left_child=-1 2 -2 8 6 -6 -5 -8 9 11 -10 13 -13 -3
right_child=1 3 -4 4 5 -7 7 -9 10 -11 -12 12 -14 -15
leaf_value=0.034101919685145948 -0.022083873219525277 0.014152144693808412 0.032274545085322133 0.024128426027753665 -0.056925871347582258 0.021789923600917672 -0.0037783198114084184 -0.049724849884398792 0.0026121124440564446 -0.054478633143582866 -0.0069239960159157236 0.0027743699796495035 -0.057949959368709607 0.064040090355879473
leaf_weight=14.777797589078544 6.2564229592680922 193.6326591251418 26.495459023863077 36.232277687638998 29.939857074990869 8.0377169437706453 161.35269366391003 15.919467018917201 923.35296961665154 8.9434676021337491 733.18219132907689 127.21797811612487 12.456415943801401 13.917215062305329
leaf_count=157 53 1307 240 211 180 55 1119 81 8183 56 5876 1379 74 76
internal_value=-0.00033748 -0.000573797 0.0215441 -0.000903106 -0.00839953 -0.0401345 -0.0025938 -0.00816021 3.72585e-05 0.00747339 -0.00160054 0.00943557 -0.00301458 0.0177884
internal_weight=2311.71 2296.94 32.7519 2264.18 251.482 37.9776 213.504 177.272 2012.7 356.168 1656.54 347.224 139.674 207.55
internal_count=19047 18890 293 18597 1646 235 1411 1200 16951 2892 14059 2836 1453 1383
cat_boundaries=0 1
cat_threshold=2363938
is_linear=0
shrinkage=0.05


Tree=140
num_leaves=15
num_cat=2
split_feature=7 30 2 19 56 18 24 28 24 30 25 25 27 11
split_gain=8.64411 13.2817 13.7716 13.1338 13.008 12.5826 12.3853 11.8401 11.4371 13.2897 11.4328 16.8119 10.8426 10.4836
threshold=11.500000000000002 0 63.455884359805268 95.800000000000011 6.5000000000000009 2.0958333333333328 0.30256308198833176 0.22035823111388067 0.39729315860493564 1 4.7618692547233072 1.886439995538401 0.60357049919004169 5.8730883644059348
decision_type=2 9 2 10 2 8 10 10 8 9 10 10 8 2
left_child=1 3 7 4 5 -1 -7 -3 -2 12 11 -11 13 -10
right_child=8 2 -4 -5 -6 6 -8 -9 9 10 -12 -13 -14 -15
leaf_value=0.024587172865218682 0.000898294997253305 0.042423699093898898 -0.011555686318861745 0.044402582860057119 -0.03644718748287442 0.019665026571618664 -0.021190736316092321 0.012361221213648372 -0.064046418118901646 -0.0042419208707853281 -0.043151237407493437 0.038426611501289357 0.014258583417144666 -0.022159669679761615
leaf_weight=32.602966343984008 1371.4772615917027 37.468594510108232 50.708902610465884 11.345291525125502 33.351933572441339 23.972997066564858 72.198444499634206 234.05378663353622 18.594725096598268 314.2528186365962 15.995848780497907 23.910594970919192 14.633660243824123 72.933635899797082
leaf_count=446 8622 640 467 187 364 280 773 4298 122 2129 101 171 105 490
internal_value=0.000193835 0.00604446 0.0118236 -0.00508317 -0.00910867 -0.00180184 -0.0109089 0.0166501 -0.00139184 -0.00820219 -0.00304919 -0.00112054 -0.0227924 -0.0312695
internal_weight=2327.5 495.703 322.231 173.472 162.126 128.774 96.1714 271.522 1831.8 460.321 354.159 338.163 106.162 91.5284
internal_count=19195 7455 5405 2050 1863 1499 1053 4938 11740 3118 2401 2300 717 612
cat_boundaries=0 2 3
cat_threshold=3777577217 5 3389020434
is_linear=0
shrinkage=0.05


Tree=141
num_leaves=15
num_cat=6
split_feature=19 30 30 3 29 11 11 30 1 11 29 29 2 2
split_gain=6.90794 19.3224 17.7151 17.8975 15.6649 17.122 21.2441 19.5646 15.1851 21.0078 15.1367 14.6339 13.2615 11.2408
threshold=49.250000000000007 0 1 0.24582549135216133 2 5.8240513000586569 5.4407059326457938 3 1.1788379530916846 5.8369429443142264 4 5 40.990013259740884 46.162353817789743
decision_type=8 9 9 10 9 2 2 9 8 2 9 9 2 2
left_child=1 -1 3 8 5 6 -4 -7 10 -10 -2 -3 -8 -6
right_child=2 11 4 -5 13 7 12 -9 9 -11 -12 -13 -14 -15
leaf_value=0.0083364510333211999 -0.014193273761518362 0.0063551598784604719 0.01958913083980432 0.0025657860015268472 0.0025943559047832843 8.5582503783520104e-05 -0.0086642869166730467 0.02772261097584356 0.0096735229922753976 -0.046325978656948423 0.010772636650391822 -0.019742470030949748 -0.060198547993941025 -0.019755173486457743
leaf_weight=153.971924059093 191.31950526684523 69.7296176943928 54.35796570032835 402.18084996752441 656.08603368140757 101.98587495740503 46.625660278834403 200.74392831232399 22.507880035787821 61.155580624938011 78.917882055975497 209.64574473537505 16.271881826221943 60.529221289791167
leaf_count=1072 1262 412 443 3937 6481 754 361 1241 175 367 493 1515 99 542
internal_value=5.48546e-06 -0.00568154 0.0013099 -0.00458942 0.00522916 0.0127888 -0.00311165 0.0193585 -0.0128344 -0.0313242 -0.00701571 -0.0132347 -0.0227299 0.000672326
internal_weight=2326.03 433.347 1892.68 756.082 1136.6 419.985 117.256 302.73 353.901 83.6635 270.237 279.375 62.8975 716.615
internal_count=19154 2999 16155 6234 9921 2898 903 1995 2297 542 1755 1927 460 7023
cat_boundaries=0 2 4 5 7 8 9
cat_threshold=696642576 14 967134482 12 278566 2181038144 2 122916 274434
is_linear=0
shrinkage=0.05


Tree=142
num_leaves=15
num_cat=4
split_feature=7 25 30 13 8 29 24 30 32 25 54 8 29 25
split_gain=7.28496 12.0523 12.2138 12.2324 10.3129 8.63891 13.5043 19.8682 14.198 15.8009 14.3723 16.2371 13.9778 13.3988
threshold=34.500000000000007 0.72171525053033159 0 9.177500000000002 108.50000000000001 1 0.51864413685593724 2 2.5000000000000004 0.40756102213316231 70.500000000000014 8.5000000000000018 3 0.070990475569749925
decision_type=2 10 9 8 8 9 8 9 10 10 8 10 9 10
left_child=5 4 -3 -4 -2 -1 7 -7 9 -9 11 -10 -8 -12
right_child=1 2 3 -5 -6 6 12 8 10 -11 13 -13 -14 -15
leaf_value=0.0057069984309333424 -0.022744161500022453 0.021072370864407591 -0.022169825660928167 0.00063211862968279645 0.027190060158829878 -0.015295593034487263 0.021809524081629769 0.014373527949973659 0.038393176538104888 -0.025040670914149795 -0.033059669932456438 -0.063321505178620771 -0.011804547104864794 0.0074647893325533107
leaf_weight=725.6941598188132 117.08833047002554 44.442224852740765 73.920920420438051 273.41360545530915 10.495435334742067 246.99896042887121 99.298865451477468 34.430706197395921 4.5521843396127251 90.70193282328546 20.245685633271933 14.028809135779737 37.668030688539147 523.32644591107965
leaf_count=5717 758 230 448 1419 46 2339 1196 298 58 654 161 232 418 5119
internal_value=3.57149e-05 -0.00517426 -0.000812733 -0.00415121 -0.0184569 0.00154356 -0.00132046 -0.00348571 0.000982573 -0.0141677 0.00439158 -0.0377142 0.0132717 0.00589749
internal_weight=2316.31 519.361 391.777 347.335 127.584 1796.95 1071.25 934.285 687.286 125.133 562.153 18.581 136.967 543.572
internal_count=19093 2901 2097 1867 804 16192 10475 8861 6522 952 5570 290 1614 5280
cat_boundaries=0 2 3 5 6
cat_threshold=273719554 4 283911 3224307722 5 32768
is_linear=0
shrinkage=0.05


Tree=143
num_leaves=15
num_cat=6
split_feature=7 5 30 30 13 1 19 29 30 29 30 1 7 5
split_gain=7.37371 12.1509 14.5179 11.7645 11.6812 10.6894 9.38256 9.70993 9.12508 10.7683 12.7881 20.3514 16.5366 11.3612
threshold=16.500000000000004 0.32418248847926268 0 1 1.6125 0.21913109756097562 93.000000000000014 2 3 4 5 1.0372101073035653 -23.499999999999996 0.41483597883597889
decision_type=2 10 9 9 8 10 8 9 9 9 9 8 2 8
left_child=8 2 -2 4 -3 -6 7 -5 -1 10 11 -10 -12 -13
right_child=1 3 -4 6 5 -7 -8 -9 9 -11 12 13 -14 -15
leaf_value=-0.0019352970006821198 0.010904427537417771 -0.023287736125725322 -0.0021633023673067724 -0.029591205952036095 -0.030467887223244502 0.024764708223141321 -0.04379809145873631 7.2124591882131878e-06 -0.079986077659125299 0.014880302853987767 -0.04483621912905851 -0.050247275406322546 0.036270123299334503 0.0079718142710892611
leaf_weight=292.58659140206873 247.07118338160217 27.268913362175226 1193.7856847420335 41.892014365643263 9.6616396456956846 50.67347502335906 34.829661980271339 68.175405006855726 10.926997374743221 267.3135713422671 7.0206547528505316 10.0489329919219 29.319204341620207 33.876919809728861
leaf_count=3667 1391 169 6459 330 65 303 268 347 75 5316 29 71 413 255
internal_value=0.000186317 -0.00157046 0.000144122 -0.0121512 0.0030072 0.0155676 -0.020102 -0.0140866 0.00469685 0.0098789 -0.00480538 -0.0186953 0.015633 -0.00616897
internal_weight=2324.45 1673.36 1440.86 232.501 87.604 60.3351 144.897 110.067 651.093 358.506 91.1927 54.8529 36.3399 43.9259
internal_count=19158 9332 7850 1482 537 368 945 677 9826 6159 843 401 442 326
cat_boundaries=0 2 4 5 7 8 9
cat_threshold=2691735622 3 1376799760 8 32772 1618592769 15 2179282 310378834
is_linear=0
shrinkage=0.05


Tree=144
num_leaves=15
num_cat=2
split_feature=28 5 19 2 0 7 25 8 15 25 19 30 30 28
split_gain=8.50854 11.9141 10.7251 10.1354 9.68533 8.49502 14.2188 12.6154 12.6301 10.6989 9.37667 16.3341 12.2823 14.033
threshold=0.16523359956869296 0.12167575757575759 91.245000000000019 -28.47405517570655 62.025000000000006 21.500000000000004 4.7618692547233072 25.500000000000004 0.075985251612694774 6.5541054229540912 96.65000000000002 0 1 0.39552454900575001
decision_type=8 8 8 2 8 2 8 10 10 10 8 9 9 10
left_child=1 2 -1 -2 -3 6 10 8 -8 -9 11 -5 13 -12
right_child=3 4 -4 5 -6 -7 7 9 -10 -11 12 -13 -14 -15
leaf_value=0.081720779383770398 0.041936953656583849 -0.010797382193994358 0.0058878717529005226 0.014158906217622867 0.014877372860431249 -0.0038695356831359102 -0.0056340465553025472 -0.018298829369396568 -0.053124075202207681 0.048340684388234051 -0.014289109335493516 -0.005909879614642153 0.015085956846630331 0.021002513470783947
leaf_weight=9.5719092693179864 12.904886687174438 54.638182422146201 8.639896195381878 128.28906711470336 107.60131808836013 1121.9175841771066 27.152848551049829 11.95647329464555 28.497469756752253 10.391926303505896 91.209828779101372 361.77744890004396 291.84677713830024 39.576950142160058
leaf_count=61 147 425 55 1688 683 5757 242 128 215 103 809 3684 4556 540
internal_value=0.00027484 0.0106676 0.0479238 -0.000612084 0.00621759 -0.000891713 0.00248103 -0.0178742 -0.0304613 0.0134316 0.00423822 -0.000470179 0.0096861 -0.00328224
internal_weight=2305.97 180.451 18.2118 2125.52 162.24 2112.62 990.699 77.9987 55.6503 22.3484 912.7 490.067 422.634 130.787
internal_count=19093 1224 116 17869 1108 17722 11965 688 457 231 11277 5372 5905 1349
cat_boundaries=0 1 2
cat_threshold=585411600 2552819264
is_linear=0
shrinkage=0.05


Tree=145
num_leaves=15
num_cat=4
split_feature=20 30 8 26 16 30 29 30 5 20 3 23 25 24
split_gain=6.88297 18.5526 9.82957 9.67862 8.48961 7.37148 10.7898 14.0932 9.93341 9.69986 10.0243 11.0958 9.06027 22.807
threshold=2.2775000000000039 0 2.5000000000000004 333.50000000000006 4.9300000000000024 1 2 3 0.45144401544401552 -84.399999999999991 0.0031456561246285173 2.7537500000000006 0.47673407361972736 0.29485977115998979
decision_type=10 9 10 2 8 9 9 9 10 8 8 10 8 10
left_child=5 2 -2 -3 -4 8 7 -7 -1 -8 11 -11 13 -12
right_child=1 3 4 -5 -6 6 9 -9 -10 10 12 -13 -14 -15
leaf_value=0.014821658232758146 0.037741675587764721 -0.031294049438801784 -0.036538929398493604 -0.0049089982322072633 0.029687253557801125 -0.010666994881739375 -0.022474981558668554 0.023873990528353522 -0.028953037282599792 0.018324843965044007 -0.009364067790718418 -0.018475875589231677 -0.0029382425867870957 0.015614705543569959
leaf_weight=172.1754002077505 29.334700766950846 68.435658719390631 10.343293441459535 70.476700851693749 7.4886320177465704 37.065738063305616 46.757818792015314 94.328242345713079 13.089396265335379 128.91870346851647 148.9296894390136 23.479950495064259 1206.4349715709686 233.38378283195198
leaf_count=1452 216 583 112 689 81 301 270 747 184 775 1099 255 9320 2948
internal_value=0.000952399 -0.00823923 0.0168897 -0.0168352 -0.00862724 0.00176862 0.000810822 0.0140588 0.0109995 -0.000242792 0.000365409 0.0125715 -0.000812616 0.00588521
internal_weight=2290.64 186.079 47.1666 138.912 17.8319 2104.56 1919.3 131.394 185.265 1787.9 1741.15 152.399 1588.75 382.313
internal_count=19032 1681 409 1272 193 17351 15715 1048 1636 14667 14397 1030 13367 4047
cat_boundaries=0 1 2 3 5
cat_threshold=1614830608 2169741825 2359714 1249923096 8
is_linear=0
shrinkage=0.05


Tree=146
num_leaves=15
num_cat=4
split_feature=24 23 30 30 10 1 8 24 29 7 27 26 30 20
split_gain=7.19918 14.2856 11.2128 10.8015 11.7317 10.5049 12.7966 17.63 12.6524 10.7061 14.0061 11.6846 13.8832 10.3781
threshold=0.40272506282326442 30.505416666666672 0 1 22.500000000000004 0.15430402930402934 11.500000000000002 0.11237307281839196 2 34.500000000000007 0.33585503478841056 23.500000000000004 3 -34.474999999999994
decision_type=8 10 9 9 2 8 8 10 9 2 8 2 9 8
left_child=1 2 5 4 -2 -1 7 -7 -8 11 -11 -10 13 -13
right_child=3 -3 -4 -5 -6 6 8 -9 9 10 -12 12 -14 -15
leaf_value=-0.021854973249908788 -0.011805573436775159 -0.051702717438716864 -0.00032934139391614236 -5.3603819217159978e-05 -0.073140477818697744 -0.034617955912786706 -0.019699864494264838 0.023773716147954854 -0.0090645718834658825 -0.029662897283355933 0.019968514460225337 -0.063583143671651063 0.030225330438066963 0.0048254270715889953
leaf_weight=25.352504391223192 182.98062966112047 11.253369577229021 1101.8780281906947 509.41075067128986 7.2018857579678288 12.98834162391722 39.834731693379581 191.91681175120175 37.549892952665687 34.660616714507341 22.74752164632082 6.3619583835825324 91.383778805844486 21.965316350571815
leaf_count=173 1630 109 8292 4932 47 144 339 1625 290 178 117 62 850 207
internal_value=0.000230226 0.00208204 0.00249583 -0.0039963 -0.013778 0.00873203 0.0106534 0.0199223 0.00314216 0.00799521 -0.00999166 0.0150882 0.0226765 -0.00908476
internal_weight=2297.49 1597.89 1586.64 699.593 190.183 484.761 459.409 204.905 254.504 214.669 57.4081 157.261 119.711 28.3273
internal_count=18995 12386 12277 6609 1677 3985 3812 1769 2043 1704 295 1409 1119 269
cat_boundaries=0 1 3 4 5
cat_threshold=2725309727 3391150087 4 2166912 536871188
is_linear=0
shrinkage=0.05


Tree=147
num_leaves=15
num_cat=2
split_feature=60 24 23 30 28 30 28 24 50 20 28 27 28 25
split_gain=8.98758 7.73551 16.9876 11.3487 9.09398 9.00379 9.2178 9.11881 12.1083 10.717 9.74167 19.0232 13.0709 9.23482
threshold=267.00000000000006 0.51864413685593724 30.505416666666672 0 0.31106270252263718 1 0.55130834071513701 0.40272506282326442 1.0000000180025095e-35 -69.837499999999991 0.26195633649695321 0.32585119432836368 0.36356709156605954 -1.4458636938705876
decision_type=8 10 10 9 8 9 10 8 2 8 8 8 8 10
left_child=-1 2 5 -3 -5 -2 7 8 13 -9 -11 -12 -13 -7
right_child=1 3 -4 4 -6 6 -8 9 -10 10 11 12 -14 -15
leaf_value=-0.056219881610852264 0.0059193506575503643 -0.013486320989042823 -0.045982125185525441 -0.035487678107153968 0.021442774423836602 0.047220937977949753 0.030114279284092382 -0.056239833286873535 -0.059152124955121933 0.046011389271077383 -0.066762478679194867 0.040067523047907977 -0.0082725297270225609 -0.00017205278834693665
leaf_weight=6.0839729085564613 461.9774687923491 32.64600009098649 19.430670643225312 6.5633648950606576 119.37765095196664 9.3669639723375422 21.173542366363108 10.600221581757067 7.6450399644672862 7.377743622288107 12.554748401045797 13.562416912056504 362.61670379526913 1207.3098726635799
leaf_count=38 4208 302 216 61 1421 72 302 66 58 48 96 134 3083 8960
internal_value=1.2093e-05 0.000185795 -0.000608135 0.0108041 0.0168892 -0.000169578 -0.00189899 -0.00234441 -0.000187484 -0.00882099 -0.0074136 -0.00854301 -0.00642811 0.000231297
internal_weight=2298.29 2292.2 2133.62 158.587 125.941 2114.18 1652.21 1631.03 1224.32 406.712 396.112 388.734 376.179 1216.68
internal_count=19065 19027 17243 1784 1482 17027 12819 12517 9090 3427 3361 3313 3217 9032
cat_boundaries=0 2 4
cat_threshold=570476544 2 1127546951 2
is_linear=0
shrinkage=0.05


Tree=148
num_leaves=15
num_cat=2
split_feature=22 8 11 3 6 8 1 11 28 15 30 19 4 30
split_gain=7.47173 6.56662 9.88293 7.00425 6.22776 6.54472 5.96349 6.97264 6.58241 6.6778 16.2581 12.1532 10.2715 15.1336
threshold=-3.2883333333333327 -2.4999999999999996 6.4380315713656593 0.080918835879020601 -123.49999999999999 139.50000000000003 0.067041198501872665 5.4479865160092542 0.059856735518329131 1.0000000180025095e-35 0 61.735000000000007 -18.618831517121905 1
decision_type=8 8 2 10 8 10 8 2 8 8 9 8 8 9
left_child=-1 2 -2 -4 -3 6 7 -6 -8 10 11 -10 13 -11
right_child=1 4 3 -5 5 -7 8 -9 9 12 -12 -13 -14 -15
leaf_value=-0.033417507575211398 0.051222518651919659 0.035429844009988727 0.028171878837050413 -0.034652316521857053 -0.051054994519583854 -0.039000602528429608 0.041498126902541677 -0.00703978299393447 0.024102720397993674 -0.029352540103547486 0.0013251050306331065 -0.033410381449014835 0.0027650757290997889 0.0067470173711915802
leaf_weight=15.0891474224627 14.894972858950497 11.658330854028462 7.6361960219219318 8.1428988790139538 9.8054852187633497 9.5651543587446195 8.9395353924483043 56.661833349615335 9.7699007987976056 51.249781181104481 225.76619731914252 72.480198461562395 1741.948038790375 52.471606625244021
leaf_count=128 140 110 49 72 65 51 48 395 66 578 1782 480 14379 739
internal_value=0.000536796 0.000775956 0.0233837 -0.00438193 0.00045754 0.000259676 0.000445556 -0.0141936 0.000901835 0.000714146 -0.00608925 -0.0235433 0.00185222 -0.0133587
internal_weight=2296.08 2280.99 30.6741 15.7791 2250.32 2238.66 2229.09 66.4673 2162.63 2153.69 308.016 82.2501 1845.67 103.721
internal_count=19082 18954 261 121 18693 18583 18532 460 18072 18024 2328 546 15696 1317
cat_boundaries=0 2 4
cat_threshold=2281719040 14 2198175820 14
is_linear=0
shrinkage=0.05


Tree=149
num_leaves=15
num_cat=1
split_feature=2 3 9 19 30 28 12 15 4 4 55 54 8 25
split_gain=7.60828 8.38052 7.38012 7.35769 14.3162 13.4458 9.9833 13.1742 13.7738 10.379 9.58276 9.08407 10.1521 11.2144
threshold=-19.183884617080356 0.30600721671588188 9.5000000000000018 86.492500000000021 0 0.2692678123426227 2.5000000000000004 0.71848803434944719 -8.6067078247953628 6.2701371561949193 85.500000000000014 22.500000000000004 42.500000000000007 0.47673407361972736
decision_type=2 10 2 10 9 10 2 10 10 10 10 10 10 10
left_child=1 -1 3 10 5 -5 9 -8 -9 11 -2 12 13 -6
right_child=2 -3 -4 4 6 -7 7 8 -10 -11 -12 -13 -14 -15
leaf_value=3.9600141441580291e-06 0.00049881463095902752 0.053264392810442186 0.039196595220602988 0.043949516285735846 -0.029851941106113875 -0.0077396906432152072 -0.074374793242659151 0.036720312547316225 -0.054983140469829106 0.011700601675420308 0.054306832889569348 0.015356832205024427 -0.031458346690526599 0.0071210865293900921
leaf_weight=15.548131950199606 1949.9555981177837 13.069452678784726 10.825029097497461 24.445061625912786 31.413004220463336 24.382560621015728 13.302090002223851 7.8268779125064611 6.653006859123705 47.357543976977468 7.3098256504163137 21.933604724705219 77.125967464409769 55.071060679852962
leaf_count=115 15612 182 174 257 329 314 85 83 50 437 48 144 633 627
internal_value=0.000126067 0.0253048 -0.000201265 -0.000406611 -0.00755706 0.0154084 -0.0120302 -0.0403161 -0.00624427 -0.00901243 0.000727402 -0.0143335 -0.0183829 -0.00649609
internal_weight=2306.22 28.6176 2277.6 2266.78 309.511 48.8276 260.683 27.782 14.4799 232.901 1957.27 185.544 163.61 86.4841
internal_count=19090 297 18793 18619 2959 571 2388 218 133 2170 15660 1733 1589 956
cat_boundaries=0 1
cat_threshold=274029572
is_linear=0
shrinkage=0.05


Tree=150
num_leaves=15
num_cat=5
split_feature=1 30 2 30 2 6 9 30 9 30 30 6 43 25
split_gain=6.21937 8.65786 7.33715 17.2102 13.1335 12.4892 11.3499 13.1657 11.2104 29.1512 15.5179 14.9247 12.8497 14.296
threshold=0.11922530206112296 0 50.338849841779911 1 141.92489684559624 -63.499999999999993 2.5000000000000004 2 1.5000000000000002 3 4 -48.499999999999993 1.0000000180025095e-35 1.2156784180852132
decision_type=8 9 2 9 2 10 2 9 2 9 9 8 2 8
left_child=1 -1 6 5 -5 -4 8 -8 10 -10 11 -2 13 -12
right_child=2 -3 3 4 -6 -7 7 -9 9 -11 12 -13 -14 -15
leaf_value=-0.028909731740378752 -0.038955561261555902 -0.00025590679495032407 -0.0026170707127582283 -0.0090466863162462011 0.01729162736005619 -0.039269082526660393 -0.0081592702443436006 0.018937282914536502 -0.024773643375949325 0.0097277087372722483 -0.0074094600424512297 0.0090634036629304634 -0.061396217246079722 0.0058819681165265111
leaf_weight=33.738223358988762 15.664528834633527 75.107910178601742 37.819458959624171 110.90472904406488 81.04270962625742 59.931823819875717 57.575527478940785 156.78055120352656 129.8276776028797 102.70098339486867 509.63024596683681 590.14452281035483 8.2529763095080835 334.12422751635313
leaf_count=280 121 463 254 818 515 368 669 1998 1028 1037 4221 4821 57 2505
internal_value=-0.000364644 -0.011975 0.000216441 -0.00718285 0.00200192 -0.0229361 0.00134503 0.0121556 -3.22592e-05 -0.0102033 0.00159595 0.00763381 -0.00275826 -0.00214536
internal_weight=2303.25 108.846 2194.4 289.699 191.947 97.7513 1904.7 214.356 1690.35 232.529 1457.82 605.809 852.007 843.754
internal_count=19155 743 18412 1955 1333 622 16457 2667 13790 2065 11725 4942 6783 6726
cat_boundaries=0 2 4 6 8 10
cat_threshold=9716802 2 2852433944 12 2449809734 1 1250444612 9 2862147396 8
is_linear=0
shrinkage=0.05


Tree=151
num_leaves=15
num_cat=2
split_feature=2 4 30 7 16 25 5 25 8 28 15 30 11 11
split_gain=7.87885 6.82437 19.3924 11.1588 16.6346 10.3956 8.91089 8.51396 8.36819 8.27079 7.63268 13.1217 14.5719 13.9789
threshold=538.53272974156255 -18.618831517121905 0 15.500000000000002 2.2474999999999992 0.55477786283781794 0.31688690476190479 0.90067071309924518 25.500000000000004 0.38004630310263482 1.0000000180025095e-35 1 5.2864471478964505 6.0046522051940938
decision_type=2 8 9 2 10 10 8 10 10 10 8 9 2 2
left_child=1 2 5 4 6 8 -4 -7 9 -1 11 12 -3 -13
right_child=-2 10 3 -5 -6 7 -8 -9 -10 -11 -12 13 -14 -15
leaf_value=0.013221735027279883 -0.039671099688216784 0.032694908028041571 -0.019331597591724536 -0.013550351199631794 -0.053481395952811331 0.042155125652022916 0.04689534360634115 -0.026676944520656495 -0.095097679282621556 -0.064061794810623893 0.0022922607018160553 -0.017205293139816138 -0.023322757407567455 0.013868075054782318
leaf_weight=5.6898171883076447 11.313067458570002 11.92061209399253 5.4644799856469026 33.319491101428866 5.0166403967887154 4.3539921138435593 31.023039133287966 29.324200184084475 9.4190389234572631 6.8294775560498238 1866.223385091871 52.749887384474277 124.48242767620832 109.94768439792097
leaf_count=69 59 87 89 238 109 60 551 373 93 49 15337 441 868 765
internal_value=0.000218415 0.00043217 -0.0106304 0.0068739 0.0248207 -0.0298305 0.0367259 -0.0168192 -0.0612052 -0.0305578 0.00110318 -0.00629892 -0.0169885 0.00353401
internal_weight=2307.08 2295.76 130.44 74.8237 41.5042 55.6165 36.4875 33.6782 21.9383 12.5193 2165.32 299.101 136.403 162.698
internal_count=19188 19129 1631 987 749 644 640 433 211 118 17498 2161 955 1206
cat_boundaries=0 2 4
cat_threshold=1090879518 14 2181580104 14
is_linear=0
shrinkage=0.05


Tree=152
num_leaves=15
num_cat=1
split_feature=2 9 33 15 30 7 11 11 11 10 25 3 25 7
split_gain=9.44162 7.96841 6.96812 7.86725 16.9751 13.2532 10.619 10.7708 9.9719 11.7953 9.53422 8.69813 10.7389 7.51656
threshold=-7.7452303123844652 9.5000000000000018 0.70000000000000007 5.7352304645160297 0 17.500000000000004 6.1915645950952145 5.5237581094819612 5.5624300792534891 4.5000000000000009 0.82797410925806425 0.56447217397034166 0.61103595426340929 1.5000000000000002
decision_type=2 2 2 10 9 2 2 2 2 2 10 10 10 2
left_child=-1 2 -2 -4 8 10 7 -7 9 -5 11 -6 -13 -12
right_child=1 -3 3 4 5 6 -8 -9 -10 -11 13 12 -14 -15
leaf_value=0.021441077043286044 0.018191200486826552 0.039998648674462865 -3.1080978800561707e-05 -0.066641202829474985 0.0033418685421483154 -0.010299339965277068 -0.017107521320463719 -0.071595679921795483 0.018130506968687017 0.015589356993611412 -0.050023062638935037 -0.011997841801135056 -0.069103925953107354 0.020874162163154054
leaf_weight=48.996845629066229 46.54049558006227 11.064255449920891 1914.187191914767 7.4515839088708153 27.55011657718569 10.585873577743767 48.630321469157934 23.941395975649357 69.815938162617385 8.3834446184337121 3.2197653632611027 22.340464615263045 12.555845083668826 34.833095254376531
leaf_count=522 380 176 14939 130 336 60 248 122 957 154 22 357 88 576
internal_value=-4.87719e-05 -0.000527955 -0.000746865 -0.00115867 -0.00914355 -0.017151 -0.0327252 -0.0536214 0.00897029 -0.0247663 -0.00575853 -0.0176745 -0.0338976 0.013748
internal_weight=2290.1 2241.1 2230.04 2183.5 269.308 183.657 83.1576 34.5273 85.651 15.835 100.499 62.4464 34.8963 38.0529
internal_count=19067 18545 18369 17989 3050 1809 430 182 1241 284 1379 781 445 598
cat_boundaries=0 2
cat_threshold=1674600972 11
is_linear=0
shrinkage=0.05


Tree=153
num_leaves=15
num_cat=2
split_feature=16 25 6 14 10 30 1 30 21 20 5 2 8 28
split_gain=7.40334 7.4311 6.40602 6.35379 6.06503 11.7352 10.6045 6.9922 9.61026 8.77172 12.9447 9.78305 12.6865 11.8831
threshold=6.6500000000000012 0.93862026364701678 -15.499999999999998 -10.687499999999998 37.500000000000007 0 0.90644195331695343 1 0.81933619727568774 -29.484999999999996 0.78428626373626387 13.99568568250438 68.500000000000014 0.16334575918335179
decision_type=10 10 8 8 2 9 8 9 8 10 8 2 8 8
left_child=3 -2 -3 -1 7 -6 -7 9 -9 11 -11 12 13 -5
right_child=1 2 -4 4 5 6 -8 8 -10 10 -12 -13 -14 -15
leaf_value=-0.044655349107078426 0.0038466444580498695 0.0015247109521212381 -0.0562562482090916 0.03858351712153299 0.015913491135636029 -0.079455532989785985 -0.0098168328041102412 -0.02929293670606524 0.0031764860902404415 0.012340836637004342 -0.030053654826743492 0.0068154936617178287 -0.041338674432834621 -0.0098371463179458413
leaf_weight=6.7723742537200451 16.857083776965737 6.684175830334425 15.535454949364068 12.220720237120984 13.522478332743047 11.491021218709649 10.289999338798223 22.129246543161571 1581.126655548811 133.99899102561176 19.810349753126502 99.376222205348313 30.22245991230011 320.01516539696604
leaf_count=41 184 64 130 93 101 92 116 283 12988 1392 195 611 209 2636
internal_value=9.74906e-05 -0.0212047 -0.0395573 0.000474871 0.000630199 -0.019642 -0.0336571 0.00096144 0.00269355 -0.00353276 0.00672164 -0.00703135 -0.0108361 -0.00794564
internal_weight=2300.05 39.0767 22.2196 2260.98 2254.2 35.3035 21.781 2218.9 1603.26 615.644 153.809 461.835 362.458 332.236
internal_count=19135 378 194 18757 18716 309 208 18407 13271 5136 1587 3549 2938 2729
cat_boundaries=0 1 3
cat_threshold=42501120 2611480576 4
is_linear=0
shrinkage=0.05


Tree=154
num_leaves=15
num_cat=2
split_feature=27 29 28 27 24 7 19 32 29 11 25 15 24 11
split_gain=7.60447 13.3792 11.9045 11.8011 10.5269 10.7608 22.5139 12.9838 11.4247 14.228 11.6761 13.4364 15.8834 11.646
threshold=0.35692996707527141 0 0.22706643298669463 0.3549891241227941 0.40557289142795427 30.500000000000004 90.855000000000018 1.0000000180025095e-35 1 9.4919980400561865 0.7480820965371453 5.8021705968902788 0.20701761496804078 5.3034292707011801
decision_type=8 9 8 10 10 2 10 10 9 2 10 10 10 2
left_child=3 -2 -3 4 5 8 7 -7 9 -1 11 12 -10 -12
right_child=1 2 -4 -5 -6 6 -8 -9 10 -11 13 -13 -14 -15
leaf_value=0.012838389155447794 -0.01979045722511881 0.049629994431441046 0.003032726954240084 -0.061304223035408847 -0.030233901592285662 -0.029142281728991967 -0.052256393968128305 -0.0017908442552196783 -0.044556301474075931 -0.048927261463159288 0.037629054291284644 -0.050210189222493554 0.0031985258205635123 -0.00078014444492806269
leaf_weight=238.84866442903876 53.980596866458654 12.887059186585246 1090.6206142650917 7.7414676640182725 33.327796559780836 48.873641036450863 26.428009524941444 334.975780852139 21.786012144759297 8.7318245181813818 20.179204319603741 22.814314046874642 73.341483225114644 288.98085043020546
leaf_count=1937 387 105 10307 57 244 292 131 1881 164 67 214 221 685 2357
internal_value=-0.000502382 0.00234254 0.00358885 -0.00342627 -0.00297119 -0.00210667 -0.00848187 -0.00534004 0.00177694 0.010067 -0.00320125 -0.0165896 -0.00808798 0.0018401
internal_weight=2283.52 1157.49 1103.51 1126.03 1118.29 1084.96 410.277 383.849 674.682 247.58 427.102 117.942 95.1275 309.16
internal_count=19049 10799 10412 8250 8193 7949 2304 2173 5645 2004 3641 1070 849 2571
cat_boundaries=0 1 2
cat_threshold=4259984 2105477
is_linear=0
shrinkage=0.05


Tree=155
num_leaves=15
num_cat=4
split_feature=11 19 11 3 30 30 3 24 3 30 54 30 3 15
split_gain=10.2343 9.83043 7.73847 14.642 12.4908 12.4323 14.1132 12.5783 11.7117 11.6414 10.9292 14.0183 10.6651 13.2298
threshold=9.981594983479555 26.250000000000004 6.5014022619081091 0.3972568486313714 0 1 0.48807543497656641 0.54400658008473401 0.60773198035773235 2 19.500000000000004 3 1.0000000180025095e-35 5.7352304645160297
decision_type=2 10 2 8 9 9 8 8 10 9 8 9 10 8
left_child=2 -2 3 4 -1 6 -5 -7 10 -10 11 -4 -6 -14
right_child=1 -3 8 5 12 7 -8 -9 9 -11 -12 -13 13 -15
leaf_value=-0.015178934893319599 0.0056840595664325302 -0.05345974888602778 0.018345869277986031 -0.03269856973059504 -0.017060793873777052 -0.01591576085299844 0.017222506124264167 0.01856583768545108 -0.00079073220933592559 0.024007876709239439 0.002240017827581283 -0.028246163901536805 0.013489396409383065 -0.0020038333165393698
leaf_weight=82.807541435584426 11.442271929234268 16.503239921294153 15.758323987945912 16.505814594216645 51.495548317208886 364.23943340685219 73.699373509734869 27.688363935798407 86.65763130504638 107.42787259537727 820.60872313100845 51.182549075223505 305.37055256124586 249.99032516870648
leaf_count=715 61 105 105 201 410 3391 997 460 1043 1223 5577 342 2555 1818
internal_value=-0.000341819 -0.0298836 3.76313e-05 -0.00277631 0.00189716 -0.00945153 0.00705592 -0.0131052 0.00308588 0.0141783 0.000647014 -0.0186267 0.00442529 0.0065242
internal_weight=2281.38 27.9455 2253.43 1171.8 689.664 482.133 90.2052 391.928 1081.64 194.086 887.55 66.9409 606.856 555.361
internal_count=19003 166 18837 10547 5498 5049 1198 3851 8290 2266 6024 447 4783 4373
cat_boundaries=0 2 4 6 8
cat_threshold=268700692 1 574625868 9 1208765506 10 540674 1
is_linear=0
shrinkage=0.05


Tree=156
num_leaves=15
num_cat=1
split_feature=44 7 24 10 44 30 5 55 55 25 39 51 11 8
split_gain=5.70382 6.54999 6.78008 6.04108 5.85507 20.6606 14.0745 15.9534 13.5848 11.9991 13.0536 12.8087 11.44 10.7991
threshold=2.5000000000000004 41.500000000000007 0.1063272970632789 16.500000000000004 1.0000000180025095e-35 0 0.16361808312655091 22.500000000000004 4.5000000000000009 5.7421675611326402 1.0000000180025095e-35 1.0000000180025095e-35 6.8215762612949797 50.500000000000007
decision_type=2 2 10 2 2 9 8 8 8 10 2 2 2 10
left_child=4 2 -2 -4 -1 6 -6 -8 -7 10 11 12 13 -10
right_child=1 -3 3 -5 5 8 7 -9 9 -11 -12 -13 -14 -15
leaf_value=0.00030612824766173511 -0.025954898587414284 -0.032107945498783361 0.024021724847194684 0.084695862728594307 0.037031771409828551 0.020842399384957935 -0.025645470694088252 0.013662432000365172 -0.03963851723967781 0.012971974446973917 0.025668539520379209 0.0090180035751494941 -0.065554894066683647 0.031446486302913183
leaf_weight=2015.7153721433133 4.0184467732906404 4.2682746052741996 18.833026639185849 4.8316172380000344 28.27086713258177 14.23636793810874 42.13486894313246 63.296152601018548 22.164458069019023 13.525475193746386 7.0628829132765523 10.328353435732422 43.801131715066731 6.1272469172254196
leaf_count=16697 33 38 259 35 162 104 325 570 234 77 40 105 327 60
internal_value=-0.00029197 0.0203612 0.0292885 0.0393412 -0.000591953 -0.00777829 0.00591685 -0.00214009 -0.0219571 -0.0301267 -0.0367124 -0.0423016 -0.0496767 -0.0236954
internal_weight=2298.61 31.9514 27.6831 23.6646 2266.66 250.948 133.702 105.431 117.246 103.01 89.4841 82.4212 72.0928 28.2917
internal_count=19066 365 327 294 18701 2004 1057 895 947 843 766 726 621 294
cat_boundaries=0 1
cat_threshold=3407725578
is_linear=0
shrinkage=0.05


Tree=157
num_leaves=15
num_cat=2
split_feature=15 15 9 30 23 11 20 4 56 19 56 8 29 11
split_gain=5.60745 7.51183 6.61764 15.4745 13.5519 11.5618 10.4406 10.0218 12.0423 11.8002 9.91515 8.57335 8.59527 26.883
threshold=-7.1532542139116506 -8.653142152188332 2.5000000000000004 0 6.557291666666667 8.908871292643969 -88.794999999999987 -18.618831517121905 13.500000000000002 90.287500000000009 23.500000000000004 15.500000000000002 1 6.6035372355933131
decision_type=8 8 2 9 8 2 8 8 2 8 2 10 9 2
left_child=1 -1 10 4 -4 11 -5 8 -8 -9 -2 -6 -13 -14
right_child=2 -3 3 6 5 -7 7 9 -10 -11 -12 12 13 -15
leaf_value=-0.0078469825965002439 -0.00097977849819935801 -0.065020700995344127 -0.057033110351077713 -0.038443601325499122 0.039568951819379417 -0.042826202930915214 0.026533379174826396 0.052857498729467968 -0.065646141312593886 0.01632818095679885 -0.058319511414827857 0.006919572483149939 -0.085677679095146023 0.020496265310735548
leaf_weight=26.835077743977308 1933.302402857691 6.4383289963006964 11.064510066993533 7.3187757767736912 13.625740560702978 14.032607994042335 5.9604045329615456 26.031921990215778 6.4548249989748001 132.79671155102551 6.5691888369619837 78.506641271524131 10.83714479673654 11.387344036251305
leaf_count=244 15413 48 88 45 127 125 106 293 46 1655 35 683 119 125
internal_value=-0.000411737 -0.0204843 -0.000107 0.0065668 -0.00594253 -0.0015921 0.0157679 0.01921 -0.0227128 0.0226086 -0.0012039 0.00379508 -0.00138539 -0.0228833
internal_weight=2291.16 33.2734 2257.89 318.017 139.454 128.389 178.563 171.244 12.4152 158.829 1939.87 114.357 100.731 22.2245
internal_count=19152 292 18860 3412 1267 1179 2145 2100 152 1948 15448 1054 927 244
cat_boundaries=0 2 3
cat_threshold=2987188739 6 574468
is_linear=0
shrinkage=0.05


Tree=158
num_leaves=15
num_cat=1
split_feature=9 2 10 26 55 1 8 27 24 20 30 28 54 27
split_gain=9.23955 5.75036 5.62708 18.7206 6.04273 5.97933 6.90715 5.31084 6.59703 5.22143 5.09924 6.96093 6.72775 9.2962
threshold=8.5000000000000018 538.53272974156255 37.500000000000007 62.500000000000007 4.5000000000000009 0.31444622792937404 47.500000000000007 0.20827155717888504 0.080997260737543611 -94.749999999999986 0 0.55130834071513701 73.500000000000014 0.13888887402070429
decision_type=2 2 2 2 8 10 10 10 10 8 9 10 10 8
left_child=1 2 4 -4 5 -1 -7 8 -5 -6 11 -11 -12 -14
right_child=-2 -3 3 7 9 6 -8 -9 -10 10 12 -13 13 -15
leaf_value=-0.021411831802485709 0.037207040371608824 -0.034755414719566273 -0.063158924407062639 -0.014062443227419577 -0.037167281996273248 0.041000437659072825 -0.0074854668078081265 -0.020690441618468239 0.048388078063171504 -0.0081152746378966995 0.00073646954888844447 0.025313469167345844 -0.024264646834831285 0.034455907376462945
leaf_weight=6.8272027224302283 15.721560796722768 10.904859248548744 13.826262731105087 6.3928930470719996 8.3790154587477428 24.886879307217896 9.8712800340726954 9.7917670570313913 9.6910191737115365 263.72956341505051 1850.7448715697974 15.584423734806476 7.8612611880525938 29.671063170768321
leaf_count=61 253 57 102 58 63 217 65 92 84 2242 15273 176 64 198
internal_value=0.000176317 -9.6642e-05 8.61115e-05 -0.0183368 0.000424061 0.019077 0.0274062 0.00707217 0.0241956 5.89817e-05 0.000219956 -0.00595405 0.00116125 0.0218462
internal_weight=2283.88 2268.16 2257.26 39.7019 2217.56 41.5854 34.7582 25.8757 16.0839 2175.97 2167.59 279.314 1888.28 37.5323
internal_count=19005 18752 18695 336 18359 343 282 234 142 18016 17953 2418 15535 262
cat_boundaries=0 2
cat_threshold=3640670208 5
is_linear=0
shrinkage=0.05


Tree=159
num_leaves=15
num_cat=4
split_feature=7 29 24 1 3 30 3 3 15 30 30 24 54 44
split_gain=6.50048 12.0576 11.1467 12.1694 9.9807 13.0475 10.5089 9.42334 10.1976 16.5819 13.2944 9.57296 9.08713 9.03545
threshold=23.500000000000004 0 0.35519885781997573 0.56691542288557228 0.0024139615426538503 1 0.029988669116191066 0.61250208359853142 3.5584109237127177 2 3 0.25550449422175509 37.500000000000007 2.5000000000000004
decision_type=2 9 8 10 8 9 10 10 8 9 9 10 8 2
left_child=13 2 3 -2 -3 6 -6 8 10 -10 11 -7 -9 -1
right_child=1 4 -4 -5 5 7 -8 12 9 -11 -12 -13 -14 -15
leaf_value=0.0017727401579220117 -0.054762439599495831 0.015658087149658557 -0.0070393163067541138 -0.0074039648388734038 -0.053938133297014371 -0.018448083167579829 -0.011918679239140268 -0.01579187314088373 0.01102141904672492 -0.014491161053595013 0.012020310349210871 0.0079155722492930108 0.027946815963920402 0.038207588967524943
leaf_weight=1192.0293494090438 29.691467691212893 85.304519597440958 136.72329654917121 24.949844181537628 19.250947136431932 84.982969656586647 59.449638999998569 14.712379168719051 78.40051294118166 237.55604584142566 202.65083234012127 56.682291910052299 50.546990409493446 16.266228925436735
leaf_count=13023 179 479 785 116 117 505 317 69 405 1185 992 276 270 296
internal_value=-0.000224746 -0.00304034 -0.0140457 -0.0336597 -0.000496367 -0.00223334 -0.0202092 1.95753e-05 -0.00178146 -0.00825522 0.0041658 -0.00739941 0.0179966 0.00229442
internal_weight=2289.2 1080.9 191.365 54.6413 889.537 804.233 78.7006 725.532 660.273 315.957 344.316 141.665 65.2594 1208.3
internal_count=19014 5695 1080 295 4615 4136 434 3702 3363 1590 1773 781 339 13319
cat_boundaries=0 1 2 4 6
cat_threshold=4292609 402917386 33554768 14 41959504 12
is_linear=0
shrinkage=0.05


Tree=160
num_leaves=15
num_cat=3
split_feature=14 30 5 44 36 1 29 25 7 22 0 19 29 26
split_gain=6.84811 6.43796 12.6921 17.4912 16.5249 11.0648 10.8791 10.236 9.66001 8.25363 8.19129 8.14981 10.5814 14.838
threshold=-3.6249999999999996 0 0.33255035971223029 1.0000000180025095e-35 1.0000000180025095e-35 1.0448599698138523 1 3.9008165513484934 25.500000000000004 5.685833333333334 2.4250000000000003 91.245000000000019 2 650.50000000000011
decision_type=8 9 8 2 2 8 9 10 2 8 10 8 9 2
left_child=-1 2 3 6 7 -6 8 9 10 -4 -2 -3 13 -13
right_child=1 11 4 -5 5 -7 -8 -9 -10 -11 -12 12 -14 -15
leaf_value=-0.032766615635825773 -0.013676532540017265 -0.0078205821425190985 -0.029644879533569785 0.047465194593849756 -0.056903103597887264 -0.0060257454983330743 0.025681058960484837 0.018360384243144449 -0.024073404816932438 0.00054228588369531776 0.022002442581715728 0.0095931030638715005 -0.0041902827339990664 -0.019029750844877871
leaf_weight=15.890600100159643 25.43408565223217 507.68415545299649 22.99213224183768 32.351602897047997 19.521300295367837 22.855730085633695 39.77814167086035 78.773451233282685 34.416510839015245 402.23715089075267 40.439947016537189 368.63338784128428 626.86086517013609 50.657764603383839
leaf_count=101 201 3893 199 237 203 213 263 534 225 4101 692 3167 4593 481
internal_value=-0.0010466 -0.000810495 0.00307667 0.0149045 -0.000620003 -0.0302343 0.00710075 0.00192493 -0.0027167 -0.00115566 0.00822821 -0.0026125 -0.000104971 0.00595619
internal_weight=2288.53 2272.64 718.8 172.42 546.38 42.377 140.069 504.003 100.291 425.229 65.874 1553.84 1046.15 419.291
internal_count=19103 19002 6868 1618 5250 416 1381 4834 1118 4300 893 12134 8241 3648
cat_boundaries=0 2 3 4
cat_threshold=578087516 3 311316 2392117
is_linear=0
shrinkage=0.05


Tree=161
num_leaves=15
num_cat=1
split_feature=61 7 10 2 30 1 26 0 28 20 0 8 26 8
split_gain=8.63947 7.39813 10.4301 12.1783 11.0121 9.22939 9.18145 14.6619 10.9513 9.0469 8.74457 8.43477 9.25305 7.88716
threshold=1128.5000000000002 27.500000000000004 13.500000000000002 62.432293954033092 0 0.21089696071163827 497.50000000000006 3.0250000000000004 0.42859343103944886 35.210000000000008 2.9050000000000007 24.500000000000004 24.500000000000004 96.500000000000014
decision_type=8 2 2 2 9 8 2 8 10 10 8 8 2 10
left_child=-1 9 4 -4 5 -3 8 -8 -6 13 -10 12 -7 -2
right_child=1 2 3 -5 6 11 7 -9 10 -11 -12 -13 -14 -15
leaf_value=-0.047618423966519191 0.002349352536637362 -0.024389824231822545 0.0036562873795607897 0.049510276802509245 -0.0093788416563786413 0.0025064678227227533 0.029674423083985602 -0.053742379843824996 -0.028205830622037905 -0.052398487850122313 0.021948396973811526 0.0028441881348826195 0.056284507722328569 0.032347181274982442
leaf_weight=8.415609482675789 1415.7300382880494 14.712387442588804 120.22439689561725 15.496202223002909 509.41685446724296 12.893867678940294 6.0813081040978458 22.546821322292089 9.6339208893477899 6.4595456458628169 48.722226642072201 42.685166582465172 20.49300054833293 21.265256213955581
leaf_count=60 14279 111 685 75 2672 63 44 157 60 48 257 226 111 271
internal_value=0.000177463 0.000375865 -0.00340515 0.0092156 -0.00590755 0.00968295 -0.00831586 -0.0356191 -0.00702518 0.00253227 0.0133328 0.01776 0.0361925 0.00281546
internal_weight=2274.78 2266.36 822.906 135.721 687.186 90.7844 596.401 28.6281 567.773 1443.45 58.3561 76.072 33.3869 1437
internal_count=19119 19059 4461 760 3701 511 3190 201 2989 14598 317 400 174 14550
cat_boundaries=0 2
cat_threshold=558940162 5
is_linear=0
shrinkage=0.05


Tree=162
num_leaves=15
num_cat=3
split_feature=14 44 30 20 44 4 24 8 6 30 8 30 8 0
split_gain=6.26499 6.52939 20.1905 12.3244 12.3482 12.1748 11.3774 15.0443 10.9257 9.89927 11.1539 16.1651 18.6697 21.4612
threshold=18.218750000000004 1.0000000180025095e-35 0 -7.7974999999999985 1.5000000000000002 -7.1707783215796548 0.25956981714105726 4.5000000000000009 -39.499999999999993 1 42.500000000000007 2 78.500000000000014 70.00500000000001
decision_type=10 2 9 10 2 8 10 10 10 9 10 9 10 8
left_child=1 9 5 4 -4 -3 -7 -8 -9 -1 -11 -12 -13 -14
right_child=-2 2 3 -5 -6 6 7 8 -10 10 11 12 13 -15
leaf_value=0.0084798975883066934 -0.039483108937236333 -0.016488560750226873 -0.028432214273372974 -0.059061747539646749 0.0024376543829058256 0.030217898567727355 0.051119874499365739 0.018917046395337953 -0.049234417013860859 0.00067278665704780547 0.0050549139868915861 -0.037455656580341966 -0.063870988722491015 0.035018760657972228
leaf_weight=335.59097023122013 9.1952788103371841 36.056814287789166 73.085188084281981 17.280976582318544 57.30555116571486 59.43094782717526 7.508489171043041 8.3751100469380653 15.813138826750215 1470.0309175252914 83.580657934769988 81.79226881172508 6.3784288829192546 20.551735891029239
leaf_count=3103 103 398 521 161 500 424 50 116 183 11802 846 688 45 181
internal_value=-0.000375682 -0.000200165 -0.00741105 -0.0191842 -0.0149499 0.00723381 0.0174824 -0.00659035 -0.025823 0.000795053 -0.000806656 -0.0121027 -0.0235344 0.0101484
internal_weight=2281.98 2272.78 274.856 147.672 130.391 127.185 91.1277 31.6967 24.1882 1997.92 1662.33 192.303 108.722 26.9302
internal_count=19121 19018 2353 1182 1021 1171 773 349 299 16665 13562 1760 914 226
cat_boundaries=0 2 4 6
cat_threshold=1242401864 1 558895636 11 3531867400 4
is_linear=0
shrinkage=0.05


Tree=163
num_leaves=15
num_cat=5
split_feature=7 29 30 28 30 18 34 3 8 12 15 30 10 6
split_gain=7.11037 11.7788 14.1002 11.332 16.4367 14.6258 13.1717 13.1397 14.2971 9.93194 9.92075 15.2717 9.39885 9.20218
threshold=16.500000000000004 0 1 0.47948845190271655 2 14.423750000000004 3 1.332254291487746 17.500000000000004 1.0000000180025095e-35 5.3391105840891866 4 4.5000000000000009 -21.499999999999996
decision_type=2 9 9 10 9 10 1 10 8 2 10 9 2 10
left_child=1 3 13 5 -5 7 9 -1 -9 12 -2 -12 -6 -3
right_child=10 2 -4 4 6 -7 -8 8 -10 -11 11 -13 -14 -15
leaf_value=0.022384514402616254 -0.0004041330834751312 -0.0074613001681106883 0.0073640734776368403 0.022297048496465507 -0.035563726419689655 -0.052690495745354241 0.04711623744179308 -0.051623196544927447 0.03843964114402329 0.003392680198410076 0.010107979155049733 -0.021517167722638193 -0.0015927906175150558 -0.03891632531159335
leaf_weight=208.28849743958563 1464.0121977198869 58.438436763361096 99.160326451063156 52.349706715904176 52.901493137702346 6.4322241107001892 9.1637045154347998 11.900768008083103 5.8189375652000335 62.413722671568394 49.088702365756035 121.94225815311074 32.877811460755765 38.303869538009167
leaf_count=4960 8202 452 1039 941 487 95 363 93 148 643 321 703 286 303
internal_value=7.88747e-06 0.00448035 -0.00561531 0.00888229 0.000643698 0.016661 -0.00758437 0.0188582 -0.0215741 -0.0117683 -0.00173909 -0.0130974 -0.0227116 -0.0183127
internal_weight=2273.09 638.049 195.903 442.147 209.706 232.44 157.357 226.008 17.7197 148.193 1635.04 171.031 85.7793 96.7423
internal_count=19036 9810 1794 8016 2720 5296 1779 5201 241 1416 9226 1024 773 755
cat_boundaries=0 1 3 5 6 8
cat_threshold=4502309 2459976018 10 1253272850 1 2 578834444 8
is_linear=0
shrinkage=0.05


Tree=164
num_leaves=15
num_cat=3
split_feature=28 8 6 8 2 29 8 8 28 25 30 10 10 34
split_gain=6.63721 5.66564 8.10278 5.63884 7.2523 9.0605 8.76305 6.55563 6.48481 7.38425 5.23817 11.2951 9.49312 9.67184
threshold=0.059856735518329131 -2.4999999999999996 49.500000000000007 -1.0000000180025095e-35 -0.0017448529702202007 0 69.500000000000014 36.500000000000007 0.29924023477116868 3.1351480048585958 1 31.500000000000004 10.500000000000002 2
decision_type=8 8 8 8 2 9 8 8 10 10 9 2 2 1
left_child=-1 2 -2 -3 5 7 8 -5 -7 -10 11 -6 13 -12
right_child=1 3 -4 4 10 6 -8 -9 9 -11 12 -13 -14 -15
leaf_value=0.037838694958605097 0.042962690537259679 -0.03215380314385443 -0.010586588277633311 -0.017749138474854816 -0.0031489585881065043 0.06554659066378507 -0.018993432987637129 0.025424765702226605 0.041219878040491126 -0.021328307988217828 -0.0058723290304382439 -0.036747589647912325 0.0084961250537711093 0.0035990683531101466
leaf_weight=10.503980960696934 16.645256710238755 13.000845978036521 11.231603967025878 30.064510172232985 705.54461405426264 15.915028743445871 6.2952301427721968 11.295977572910486 13.767561670392753 6.1861630240455261 560.20161105133593 24.950312495231628 317.82340657617897 517.70326153002679
leaf_count=57 186 86 65 247 6207 125 46 124 213 64 4780 209 2569 4014
internal_value=-4.3262e-05 -0.000236789 0.0217682 -0.000522432 -0.000321871 0.0140417 0.0268153 -0.00455966 0.0424254 0.0217359 -0.00089245 -0.0042866 0.000909949 -0.00132422
internal_weight=2261.13 2250.63 27.8769 2222.75 2209.75 83.5245 42.164 41.3605 35.8688 19.9537 2126.22 730.495 1395.73 1077.9
internal_count=18992 18935 251 18684 18598 819 448 371 402 277 17779 6416 11363 8794
cat_boundaries=0 1 3 4
cat_threshold=2458628 1499875546 12 2
is_linear=0
shrinkage=0.05


Tree=165
num_leaves=15
num_cat=0
split_feature=7 26 25 3 15 25 53 3 3 24 6 56 6 11
split_gain=5.45745 13.0236 8.97966 10.8587 8.42803 8.39223 8.35116 8.31239 7.89618 7.65264 17.1065 12.3446 10.779 10.2151
threshold=23.500000000000004 497.50000000000006 10.925067556703068 0.83026627246251883 -4.6371415870540345 5.4779066662326388 1.0000000180025095e-35 0.60773198035773235 0.76163482966080853 0.30064718216475916 62.500000000000007 7.5000000000000009 9.5000000000000018 5.9427337540228606
decision_type=2 2 8 8 8 10 2 8 10 10 8 2 10 2
left_child=2 4 -1 -4 -2 6 8 -7 9 -6 11 12 13 -11
right_child=1 -3 3 -5 5 7 -8 -9 -10 10 -12 -13 -14 -15
leaf_value=0.0027820946008023108 -0.035124820108161384 -0.025146373125810906 -0.041811133679035564 0.030036134351465061 -0.0059175606604354985 0.0080229047627574015 -0.031211357217474853 0.054395523614300112 0.027397243269457028 0.0039530940446821355 0.046951272615972782 0.045115537896082157 0.0033904563045441503 -0.036605393078279536
leaf_weight=1175.2512026503682 17.230865944176912 60.431995585560799 21.583031265065078 6.0645431876182547 529.88751597702503 70.382502406835556 23.130735523998737 10.306897357106207 22.193302318453789 26.341825403273106 20.407731130719185 13.970411315560339 243.47150418162346 36.191262036561966
leaf_count=13165 92 391 195 56 2892 352 114 55 119 124 98 75 1208 182
internal_value=-0.000202035 -0.00279141 0.00211015 -0.025553 -0.001435 -0.000817689 -0.00218549 0.0145397 -0.00139911 -0.00216407 0.00367937 0.000781843 -0.00138254 -0.019727
internal_weight=2276.85 1073.95 1202.9 27.6476 1013.51 996.284 915.594 80.6894 892.464 870.27 340.383 319.975 306.005 62.5331
internal_count=19118 5702 13416 251 5311 5219 4812 407 4698 4579 1687 1589 1514 306
is_linear=0
shrinkage=0.05


Tree=166
num_leaves=15
num_cat=1
split_feature=4 20 3 29 8 3 11 8 56 45 25 1 45 11
split_gain=6.75267 7.93517 13.2443 9.8703 18.973 9.15606 20.2323 19.8311 15.6716 12.5364 12.2765 11.3834 16.7832 14.7735
threshold=-34.855450481698924 2.2775000000000039 0.044290765588752591 0 1.0000000180025095e-35 0.036740339653081017 5.7076581372324293 31.500000000000004 2.5000000000000004 1.0000000180025095e-35 0.093369049898434253 0.8099343185550083 1.0000000180025095e-35 5.3830490634439192
decision_type=8 10 10 9 10 8 2 8 2 2 10 8 2 2
left_child=-1 5 -3 4 -4 6 10 8 -8 -9 -2 12 -7 -13
right_child=1 2 3 -5 -6 11 7 9 -10 -11 -12 13 -14 -15
leaf_value=0.021266730501230575 -0.060308264818973417 -0.055610285178269603 0.037457997120335207 -0.014002043651376694 -0.028414804680485673 -0.0039774447699840168 0.013380792443802607 -0.028774801433761835 0.047051852169844019 0.026165762715299246 -0.0062872204439172914 0.021679902047474515 -0.042302007894033954 0.0005996436082088538
leaf_weight=35.950992658734322 11.157293506897984 14.013652261346577 29.826886323280632 105.42108840495348 16.047928606159985 767.59487108513713 230.69489331264049 39.427135642617941 40.031703776679933 13.101485148072241 80.440002826973796 92.199797870591283 28.690887616947293 768.58360102307051
leaf_count=410 81 101 210 1031 153 5092 1405 214 254 67 602 1247 255 7982
internal_value=6.65937e-05 -0.000283429 -0.0107916 -0.00630242 0.0117855 0.000559773 0.00719331 0.0130655 0.0185145 -0.0148389 -0.0134477 -0.00110429 -0.00540964 0.00288012
internal_weight=2273.18 2237.23 165.31 151.296 45.8748 2071.92 414.853 323.255 270.727 52.5286 91.5973 1657.07 796.286 860.783
internal_count=19104 18694 1495 1394 363 17199 2623 1940 1659 281 683 14576 5347 9229
cat_boundaries=0 1
cat_threshold=290816
is_linear=0
shrinkage=0.05


Tree=167
num_leaves=15
num_cat=6
split_feature=29 11 8 6 7 30 25 15 34 30 29 30 27 11
split_gain=7.7961 9.20479 9.07002 9.98388 8.16078 12.1291 12.1405 11.5952 11.2823 16.8966 23.2799 13.6805 12.9871 10.6258
threshold=0 6.8499354605121487 8.5000000000000018 -45.499999999999993 11.500000000000002 1 2.0271604670906513 -2.8440850751626665 2 3 4 5 0.37690418797419095 6.0688537356428993
decision_type=9 2 8 8 2 9 10 10 1 9 9 9 10 2
left_child=1 2 -1 -4 5 -2 -7 -8 9 10 -6 -10 -13 -11
right_child=4 -3 3 -5 8 6 7 -9 11 13 -12 12 -14 -15
leaf_value=0.017994971835642023 -0.0025180509304420233 -0.04257277234467579 0.01826174031430353 -0.039461341417729418 -0.0038333984758035082 0.021006873324232012 0.038489304106604096 -0.016538709275893546 -0.019338167999888991 -0.021899057973445039 0.024643005558758452 0.0012690262255136235 0.016117673961567918 -0.0061789926207624938
leaf_weight=23.615609871223569 202.01708064600825 22.50643115863204 10.162030365318058 23.110210545361042 257.31085048057139 178.11350096855313 11.038574343547223 45.969871495850384 52.062914319336414 142.78589928708971 87.731433139182627 587.23198696691543 195.63314248993993 431.49261096306145
leaf_count=187 2641 154 68 244 1838 3576 148 586 312 1004 627 3657 1357 2676
internal_value=-4.97477e-05 -0.0144407 -0.00526235 -0.0218131 0.000541387 0.00664803 0.014014 -0.00540378 -0.000980156 -0.00479903 0.00394475 0.00322543 0.00493251 -0.00994594
internal_weight=2270.78 79.3943 56.8879 33.2722 2191.39 437.139 235.122 57.0084 1754.25 919.321 345.042 834.928 782.865 574.279
internal_count=19075 653 499 312 18422 6951 4310 734 11471 6145 2465 5326 5014 3680
cat_boundaries=0 1 3 4 6 7 8
cat_threshold=721056 1634525953 13 2 2994038805 8 4505604 405014544
is_linear=0
shrinkage=0.05


Tree=168
num_leaves=15
num_cat=3
split_feature=24 23 8 30 30 6 28 4 6 30 6 7 4 5
split_gain=7.32603 12.3371 9.68941 18.7478 16.7365 15.5449 13.6776 12.5771 12.1501 11.4892 11.1824 17.385 11.1234 10.9798
threshold=0.40272506282326442 30.505416666666672 17.500000000000004 0 1 41.500000000000007 0.28904095684803482 -18.618831517121905 -36.499999999999993 2 27.500000000000004 51.500000000000007 -15.90080897547463 1.0853239130434786
decision_type=10 10 10 9 9 10 10 8 10 9 10 2 10 8
left_child=1 2 3 5 8 -1 9 -8 -4 12 -9 -12 13 -5
right_child=-2 -3 4 6 -6 -7 7 10 -10 -11 11 -13 -14 -15
leaf_value=0.022872829045914787 -0.0039235718498661391 -0.050129761679777396 0.033769980932010717 0.049664266839460319 -0.0088738093103282473 -0.012287407781163662 -0.039243330456042579 0.016584067694683829 0.0019821881310974872 0.00037572263043604575 -0.0089295161395626359 0.040545800827124015 -0.038192761766248931 -0.01319972159966488
leaf_weight=212.04169287253171 671.01021538581699 10.14734838157892 42.35334859509021 6.9360942263156167 352.2950045671314 36.225604712963104 12.354067522101102 242.44604144990444 98.490544688887894 357.56526728067547 114.84891893714666 19.970610983669758 44.298119779676199 55.159379463642836
leaf_count=1727 6458 109 385 79 2945 262 204 2401 771 2405 549 96 419 381
internal_value=0.000460111 0.00229397 0.00265869 0.00526437 -0.00316219 0.0170305 0.00160811 0.00852252 0.0109405 -0.00416968 0.0101863 -0.00135625 -0.0176944 -0.00550195
internal_weight=2276.14 1605.13 1594.98 1101.85 493.139 248.267 853.578 389.62 140.844 463.959 377.266 134.82 106.394 62.0955
internal_count=19191 12733 12624 8523 4101 1989 6534 3250 1156 3284 3046 645 879 460
cat_boundaries=0 2 4 6
cat_threshold=3928033550 10 22911249 4 270168128 4
is_linear=0
shrinkage=0.05


Tree=169
num_leaves=15
num_cat=2
split_feature=2 27 30 16 7 3 26 4 29 3 14 3 1 7
split_gain=7.20164 10.4064 7.03067 16.253 11.5879 12.3323 25.3779 11.3182 11.3124 11.07 10.8771 9.59641 9.50168 12.0019
threshold=-8.8435916735269942 0.12680853412441725 0 4.4050000000000038 46.500000000000007 0.86756187983734123 891.00000000000011 -18.618831517121905 1 0.93481427726891231 2.8800000000000003 0.0031456561246285173 0.16784037558685447 20.500000000000004
decision_type=2 8 9 8 2 10 2 8 9 10 8 8 10 2
left_child=1 -1 3 9 5 12 -7 10 -9 11 -4 -2 13 -5
right_child=2 -3 7 4 -6 6 -8 8 -10 -11 -12 -13 -14 -15
leaf_value=-0.04384980713276207 -0.034778015489426224 0.027502181479325701 -0.056453310065139796 -0.056421551913998946 -0.02669753377066186 0.0026088018422338031 -0.092467676505579716 0.009377397106141154 -0.0027545865136038438 -0.046223637363471376 -0.010661938172023416 0.029636432434123117 0.008692040578419857 0.0011434057342276335
leaf_weight=4.8992218002676955 5.336931884288787 41.562997713685036 15.747384504415093 12.084659823216496 35.535910226404667 22.868837271817032 9.093150466680525 211.19920311309397 1419.6520089711994 4.7262096675112835 60.661169151775539 94.297498609870672 301.07490358315408 29.274640258401632
leaf_count=36 34 464 150 112 322 238 71 1619 11448 56 754 1033 2611 176
internal_value=-5.87961e-05 0.0192131 -0.000470317 0.004597 0.000183891 0.00279967 -0.026425 -0.00201371 -0.0011381 0.0222019 -0.0207067 0.0258748 0.00559643 -0.0166112
internal_weight=2268.01 46.4622 2221.55 514.293 409.932 374.396 31.962 1707.26 1630.85 104.361 76.4086 99.6344 342.434 41.3593
internal_count=19124 500 18624 4653 3530 3208 309 13971 13067 1123 904 1067 2899 288
cat_boundaries=0 1 2
cat_threshold=2723759621 4456708
is_linear=0
shrinkage=0.05


Tree=170
num_leaves=15
num_cat=1
split_feature=14 11 3 8 8 29 28 6 1 11 3 4 2 25
split_gain=7.04127 7.31076 14.8221 16.1091 14.1418 14.1734 19.5212 13.7915 11.0687 10.4089 12.6145 10.2812 9.6132 10.944
threshold=-2.7458333333333322 6.0187269011352855 0.024557396357622465 37.500000000000007 -2.4999999999999996 0 0.44150801209663343 47.500000000000007 0.39314988290398128 6.4380315713656593 0.11771601041072006 -0.48459069046100106 40.378562470799416 4.4403144975525324
decision_type=8 2 8 10 8 9 8 10 10 2 8 8 2 10
left_child=-1 4 3 8 -2 6 -6 -4 11 10 -9 -3 13 -7
right_child=1 2 7 -5 5 12 -8 9 -10 -11 -12 -13 -14 -15
leaf_value=-0.030319330363879994 0.057814755140192686 -0.022130980187040603 0.0016416011159430706 -0.0337000030265091 0.051049040572919674 -0.0059330599687040858 -0.020471404342904356 0.06277048987331868 0.032257685320423668 -0.030980139913146305 -0.021022212245725532 0.014847973594186098 -0.025983691927965492 0.019957346856248351
leaf_weight=17.795787845738232 8.3053351407870633 21.577135404571891 1170.1240646960214 15.501023121178148 26.574935629963875 642.0246162135154 13.906042341142891 6.5246855355799225 80.41065807454288 55.653585188090801 10.288348834961651 113.28830342926085 54.289940105751157 42.6144636599347
leaf_count=116 78 162 9695 83 197 6357 114 44 510 385 90 663 396 285
internal_value=0.000157491 0.000410655 0.00248902 0.0140969 -0.00347502 -0.00420136 0.0214162 0.000323583 0.0176784 -0.0206912 0.0131938 0.00881236 -0.0058423 -0.00429479
internal_weight=2278.88 2261.08 1473.37 230.777 787.715 779.41 40.481 1242.59 215.276 72.4666 16.813 134.865 738.929 684.639
internal_count=19175 19059 11632 1418 7427 7349 311 10214 1335 519 134 825 7038 6642
cat_boundaries=0 1
cat_threshold=2098338
is_linear=0
shrinkage=0.05


Tree=171
num_leaves=15
num_cat=3
split_feature=16 13 30 25 2 23 20 9 30 8 55 3 30 23
split_gain=5.01663 6.60525 10.8272 13.8033 6.83435 5.98122 5.60833 5.41909 11.6347 9.82524 8.01321 7.86573 15.7376 11.9691
threshold=6.6500000000000012 4.6450000000000005 0 0.59428650111271453 56.421036130140372 0.50541666666666685 7.2875000000000023 2.5000000000000004 1 15.500000000000002 13.500000000000002 0.03202828945486505 2 2.7537500000000006
decision_type=10 10 9 10 2 10 8 2 9 10 10 8 9 10
left_child=1 7 3 -3 -4 -2 -5 11 9 -9 -11 12 -1 -14
right_child=5 2 4 6 -6 -7 -8 8 -10 10 -12 -13 13 -15
leaf_value=0.024322043733752595 -0.024543250869741975 -0.046401012792507842 0.030355951632449987 0.037404115030834871 -0.035477126187716888 0.029952045036631882 -0.012902459459223548 0.031700006966083959 0.013155482134160549 -0.0069597391627978017 -0.047375351010376765 -0.0021200647770514762 0.0034160581733220239 -0.031515664685897428
leaf_weight=78.347280598245561 33.253300487063825 14.972831078805028 64.243903929367661 11.258475774899125 3.3785423431545487 5.0306607624515882 9.3946933913975954 12.66983505990356 205.96994516160339 72.256438630633056 13.900867270305751 1431.8236873857677 277.20915632229298 25.892781069502234
leaf_count=479 296 130 963 179 37 73 94 108 2385 654 92 11559 1687 289
internal_value=0.000910622 0.00122332 0.0135105 -0.00893826 0.0232148 -0.0168022 0.0149817 0.000618273 0.0067754 -0.00712434 -0.0139493 -0.000419857 0.00595097 0.000327393
internal_weight=2259.6 2221.32 103.248 35.626 67.6224 38.284 20.6532 2118.07 304.797 98.8271 86.1573 1813.27 381.449 303.102
internal_count=19025 18656 1403 403 1000 369 273 17253 3239 854 746 14014 2455 1976
cat_boundaries=0 2 3 5
cat_threshold=3490226184 4 3003949058 2820710738 1
is_linear=0
shrinkage=0.05


Tree=172
num_leaves=15
num_cat=0
split_feature=7 27 0 25 11 13 19 25 4 0 15 11 7 2
split_gain=7.71111 11.6088 12.9129 8.57346 8.52599 8.46807 8.24163 11.4944 8.60375 8.28187 7.73711 12.2063 14.9516 11.2008
threshold=11.500000000000002 0.68381307191799812 93.280000000000015 2.6554248431356848 5.6062058668920267 2.2000000000000002 34.500000000000007 3.0723288641717148 4.1981364808141342 16.010000000000002 4.4600268181275071 8.0057006230328387 19.500000000000004 268.27591469001646
decision_type=2 10 8 10 2 10 10 10 10 8 8 2 2 2
left_child=1 2 3 -1 -3 -4 10 -8 9 -9 11 12 -2 -14
right_child=6 4 5 -5 -6 -7 7 8 -10 -11 -12 -13 13 -15
leaf_value=0.024248792986082932 0.022693960887645869 0.012742398827212984 0.0038443638952855054 -0.01361186464673567 -0.078639442427647865 -0.031367706029197619 -0.012019434295842291 -0.044601921012683669 0.030346667799395578 0.0045803995487287592 -0.0024167154041059092 0.018954022366249365 -0.00059123285520488317 -0.047488431229420369
leaf_weight=126.93770331051201 70.381499883718789 3.6662166127935034 311.53310907166451 16.283516325056553 5.8810158362612128 17.064283924177289 302.76925591751933 8.7983470484614354 28.041284762322903 66.771195041947067 747.44310382101685 126.11679768003523 404.18213737942278 12.147125422954558
leaf_count=2883 983 98 4004 203 105 162 2187 43 146 415 4833 714 2190 59
internal_value=0.000658275 0.00626137 0.0074065 0.0198797 -0.045667 0.00192616 -0.000871099 -0.00710991 0.00721436 -0.00165348 0.000996596 0.00515684 0.00155017 -0.00207005
internal_weight=2248.02 481.366 471.819 143.221 9.54723 328.597 1766.65 406.38 103.611 75.5695 1360.27 612.828 486.711 416.329
internal_count=19025 7455 7252 3086 203 4166 11570 2791 604 458 8779 3946 3232 2249
is_linear=0
shrinkage=0.05


Tree=173
num_leaves=15
num_cat=4
split_feature=15 30 29 18 6 0 28 27 30 1 7 30 9 28
split_gain=6.54074 6.58568 14.8529 10.6741 10.611 20.7465 10.1315 12.3187 10.7675 12.3863 12.0247 9.83681 12.9543 11.53
threshold=-15.76649556994648 0 1 -0.74874999999999969 -26.499999999999996 85.00500000000001 0.16523359956869296 0.23963105565303155 2 0.19538706256627789 29.500000000000004 3 1.0000000180025095e-35 0.28955772009209396
decision_type=8 9 9 8 10 8 10 10 9 8 2 9 2 10
left_child=-1 2 4 -4 5 -2 -3 8 10 -10 -8 12 13 -5
right_child=1 6 3 11 -6 -7 7 -9 9 -11 -12 -13 -14 -15
leaf_value=-0.037001801850066768 -0.045914426572604042 0.0074222028341768571 0.027806160332741511 -0.033386543619472811 0.03534424705509278 0.033954298919084296 0.021611650151381973 -0.0007705111143370331 0.019228346524236994 -0.01955748327951335 -0.020959016308577116 0.005913315140419261 -0.031658818747094662 0.013286839265765954
leaf_weight=11.208585377782581 13.171115748584272 269.93491815868765 28.852975476533175 17.056059777736664 64.184175194241107 18.075434495694935 46.097761718556285 1269.9719742471352 21.675458744168282 244.92380362562835 24.664641696959734 126.26629620417953 56.564769410528243 48.533062364906073
leaf_count=100 78 2078 350 212 431 133 352 11060 157 1612 152 1445 520 382
internal_value=-0.000503141 -0.00030496 0.00566997 -0.000434757 0.0216189 -9.19679e-05 -0.0015157 -0.00302983 -0.0115075 -0.0157552 0.00587011 -0.00383059 -0.0132713 0.000830592
internal_weight=2261.18 2249.97 372.704 277.273 95.4307 31.2466 1877.27 1607.33 337.362 266.599 70.7624 248.42 122.154 65.5891
internal_count=19062 18962 3551 2909 642 211 15411 13333 2273 1769 504 2559 1114 594
cat_boundaries=0 2 3 5 7
cat_threshold=561578565 1 2375714 1107333138 2 2621440 1
is_linear=0
shrinkage=0.05


Tree=174
num_leaves=15
num_cat=2
split_feature=11 19 4 2 9 30 4 10 30 9 13 1 5 24
split_gain=6.66513 7.0981 5.88194 6.79215 5.81882 9.30353 9.14408 9.00343 9.40093 12.2487 10.9435 7.81 8.17301 7.46012
threshold=9.981594983479555 37.000000000000007 54.835457475144715 80.878510210394737 2.5000000000000004 0 0.87311906358145852 16.500000000000004 1 5.5000000000000009 0.15750000000000061 2.2149859943977597 0.56240982905982917 0.66174996462716196
decision_type=2 10 10 2 2 9 10 2 9 2 8 8 8 10
left_child=2 -2 4 -4 13 11 7 8 9 -7 -10 12 -6 -1
right_child=1 -3 3 -5 5 6 -8 -9 10 -11 -12 -13 -14 -15
leaf_value=-0.00072126997973081391 0.0049175459511491999 -0.0449692809176893 0.030639957125145167 -0.032861901979730691 -0.05578116853317025 0.0014325595167409702 0.034129229631012878 0.041456007435954026 -0.037941797215854223 -0.041890270962329473 0.01885593682890209 0.01508555961969274 -0.008213490155717337 -0.03446303326403468
leaf_weight=1895.3528248956427 12.10562768392265 15.744034047238527 27.121476258151237 4.1073842402547589 12.86115200538188 68.874424287118018 35.020387065596879 16.277648542076349 8.3342687338590604 20.354924602434039 99.698435184545815 17.118355145677924 27.160136702470481 15.525038985535501
leaf_count=15172 63 102 344 30 114 643 397 129 78 185 1305 157 290 195
internal_value=1.43145e-05 -0.0238658 0.000320663 0.0215274 1.23136e-05 0.00640559 0.0103858 0.00683511 0.00378358 -0.00792646 0.0129763 -0.0107303 -0.0244869 -0.00101329
internal_weight=2275.66 27.8497 2247.81 31.2289 2216.58 305.7 248.56 213.54 197.262 89.2293 108.033 57.1396 40.0213 1910.88
internal_count=19204 165 19039 374 18665 3298 2737 2340 2211 828 1383 561 404 15367
cat_boundaries=0 1 3
cat_threshold=2952847363 1124663824 10
is_linear=0
shrinkage=0.05


Tree=175
num_leaves=15
num_cat=1
split_feature=27 20 30 26 19 15 15 4 11 14 15 2 2 2
split_gain=5.11073 9.822 8.80333 11.5939 6.72972 6.91609 4.75518 9.74482 7.64404 5.90292 5.11607 4.97613 8.69672 5.72845
threshold=0.57295927583511796 -84.399999999999991 0 40.500000000000007 38.500000000000007 -0.007786228657931253 14.542334449458524 6.5530996537494639 6.3491215085566708 18.218750000000004 -15.76649556994648 324.17898653627816 223.70687035608373 73.484187192320405
decision_type=10 8 9 2 10 8 10 10 2 10 8 2 2 2
left_child=6 -2 3 -3 5 -4 9 8 -8 10 -1 12 13 -12
right_child=1 2 4 -5 -6 -7 7 -9 -10 -11 11 -13 -14 -15
leaf_value=-0.033594254869126254 -0.038040745673693505 -0.067296493829000353 -0.046827552068167022 0.0069465421297537997 0.042240583825087753 0.018012342746187234 -0.04148290564281322 0.028704537284075494 0.00022437061644927942 -0.040099807853369113 0.00059120394838090625 -0.017925643743663417 0.025612860889607347 -0.010495085681338232
leaf_weight=10.399208781309424 8.5897432938218099 6.3626110581681159 3.6327943559736013 17.854022366926074 31.129802239127457 38.177000097930431 26.677346677519381 9.503848083317278 18.19906416721642 8.3059489969164115 1886.6763263391331 37.032996887341142 32.449731620028615 123.18697097804397
leaf_count=82 55 62 35 216 476 620 257 132 193 82 15633 212 203 823
internal_value=-0.000218756 0.0104603 0.0150923 -0.0103504 0.0219909 0.0114162 -0.00074802 -0.0152098 -0.0249328 -0.000366112 -0.000189082 -5.94797e-06 0.000327601 -9.31695e-05
internal_weight=2258.18 105.746 97.1562 24.2166 72.9396 41.8098 2152.43 54.3803 44.8764 2098.05 2089.75 2079.35 2042.31 2009.86
internal_count=19081 1464 1409 278 1131 655 17617 582 450 17035 16953 16871 16659 16456
cat_boundaries=0 2
cat_threshold=545300484 2
is_linear=0
shrinkage=0.05


Tree=176
num_leaves=15
num_cat=2
split_feature=7 0 61 34 30 15 8 3 11 1 3 25 15 56
split_gain=7.91744 8.09173 11.018 10.7078 14.6573 12.2858 12.0644 9.92624 10.9623 12.5106 11.1534 8.72668 8.56539 9.57581
threshold=11.500000000000002 96.015000000000015 964.00000000000011 0 1 2.8184505457697155 58.500000000000007 1.332254291487746 8.6423600852212292 2.2410600255427844 0.86756187983734123 -0.52867663198721038 0.94413948357087574 2.5000000000000004
decision_type=2 10 8 1 9 10 8 10 2 8 10 10 10 2
left_child=1 2 -1 11 5 6 -5 8 9 -6 -11 -4 -3 -14
right_child=-2 12 3 4 7 -7 -8 -9 -10 10 -12 -13 13 -15
leaf_value=-0.07359100267462225 -0.00054719054636020038 0.0076702694392263033 -0.040998261228834508 -0.053700095521974273 0.037397031181723425 0.0086382058426429341 0.0073714559677871818 -0.033114196800866073 -0.06829937028714575 0.020504733466964839 -0.053365654830384961 0.016946301974733274 0.00086747162342687423 -0.057922106632699033
leaf_weight=3.0052428916096687 1783.9699211753905 29.221340626478195 5.7335422756150356 28.611962147988379 49.115812244825065 22.43369603343308 10.820526363328097 9.0486309286206943 2.4099438171833745 11.802331698127093 7.5479715373367062 269.38361165951937 12.783847093582155 14.042665639892219
leaf_count=22 11682 226 86 302 1253 359 71 102 46 162 60 4513 89 113
internal_value=0.000982426 0.00670477 0.00908847 0.00985912 -0.00130073 -0.0178492 -0.0371738 0.0122615 0.0201406 0.024192 -0.00951631 0.0155946 -0.0110002 -0.0308823
internal_weight=2259.93 475.961 419.913 416.908 141.791 61.8662 39.4325 79.9247 70.8761 68.4661 19.3503 275.117 56.0479 26.8265
internal_count=19086 7404 6976 6954 2355 732 373 1623 1521 1475 222 4599 428 202
cat_boundaries=0 1 3
cat_threshold=2 1084253202 8
is_linear=0
shrinkage=0.05


Tree=177
num_leaves=15
num_cat=0
split_feature=4 5 4 61 28 11 1 19 8 55 7 35 11 27
split_gain=5.62735 6.85023 5.91095 5.77839 5.80884 12.1603 7.87196 8.54006 7.66206 12.5468 14.9055 7.92716 7.44369 6.6835
threshold=54.835457475144715 0.040120192307692315 73.245045993743602 1128.5000000000002 0.16523359956869296 8.070686833221842 1.5841194968553463 84.725000000000009 35.500000000000007 73.500000000000014 35.500000000000007 1.0000000180025095e-35 6.363889776062293 0.12680853412441725
decision_type=10 10 10 8 10 2 8 8 8 8 2 2 2 8
left_child=3 2 -2 -1 5 8 7 -7 -5 12 11 -11 -10 -6
right_child=1 -3 -4 4 13 6 -8 -9 9 10 -12 -13 -14 -15
leaf_value=-0.041235554476484339 0.028296049159006933 0.049154876499712688 -0.025817963360819526 0.015681992500039692 -0.015550922998710233 -0.0091965295886732232 0.02239133175139571 -0.062098478939697721 0.0033617815256271064 -0.0052975202944026377 -0.043089720849679151 0.039156074331027656 0.063677076132118884 -0.00032571199798562357
leaf_weight=7.4663267023861408 9.1676571760326677 11.970288888551293 9.0217636264860612 189.843291583471 74.109371123835444 19.490018517710272 8.1297176089137775 12.001943500712512 10.285855103284122 51.242758678272367 22.875108927488327 11.41942943073809 9.4135908875614387 1788.7275982666761
leaf_count=53 68 234 73 1593 688 128 61 67 72 480 110 68 53 15157
internal_value=0.000290521 0.0213903 0.00150932 -7.64414e-06 0.000151123 0.00620553 -0.0194825 -0.0306487 0.00970892 -0.00111247 -0.00946682 0.00329142 0.0338679 -0.000939436
internal_weight=2235.16 30.1597 18.1894 2205.01 2197.54 334.702 39.6217 31.492 295.08 105.237 85.5373 62.6622 19.6994 1862.84
internal_count=18905 375 141 18530 18477 2632 256 195 2376 783 658 548 125 15845
is_linear=0
shrinkage=0.05


Tree=178
num_leaves=15
num_cat=3
split_feature=14 30 11 29 3 8 25 25 27 20 11 15 8 30
split_gain=5.82422 5.58993 12.2604 10.8554 10.6293 10.5984 12.4244 9.7697 9.95623 9.23001 10.6503 9.27592 9.17223 9.15297
threshold=-10.687499999999998 0 5.1040946476067672 1 0.61250208359853142 114.50000000000001 7.8454301265326398 5.0215761653170068 0.18404447890161632 0.52000000000000024 5.2782166896359328 2.7465573888265964 17.500000000000004 2
decision_type=8 9 2 9 8 10 10 10 8 10 2 10 10 9
left_child=-1 2 -2 4 13 6 -3 8 -6 10 12 -12 -5 -4
right_child=1 5 3 9 7 -7 -8 -9 -10 -11 11 -13 -14 -15
leaf_value=-0.037176419025760493 0.050554164310272764 -0.0019115497648363189 -0.019161372117226613 0.0084854747539745857 0.027579113975986919 0.032476541905366196 -0.035962542106938909 0.039908391115479946 -0.011906357805117186 -0.010996206643666934 0.0075647714965916858 0.026305085731478703 -0.083547068473241851 -0.00050219684691939757
leaf_weight=9.7221774794161302 12.46405998803675 1438.4436953021213 110.42611195053905 5.0479481322690827 23.188368069007993 20.926643416285515 26.302775993943214 20.859493149444461 45.970000127330422 53.241110881790519 239.57361517287791 90.893419267609715 4.4508922882378101 155.81108293030411
leaf_count=56 124 11652 687 81 155 185 145 145 319 564 2359 1621 84 986
internal_value=-0.000413099 -0.000237613 0.0032177 0.00240703 -0.00389439 -0.00201871 -0.00254713 0.0107696 0.00153727 0.00800732 0.0112418 0.012783 -0.0384887 -0.00901994
internal_weight=2257.32 2247.6 761.926 749.462 356.255 1485.67 1464.75 90.0179 69.1584 393.207 339.966 330.467 9.49884 266.237
internal_count=19163 19107 7125 7001 2292 11982 11797 619 474 4709 4145 3980 165 1673
cat_boundaries=0 2 3 4
cat_threshold=869278536 11 6897716 813695296
is_linear=0
shrinkage=0.05


Tree=179
num_leaves=15
num_cat=2
split_feature=2 30 8 25 4 2 2 3 11 54 4 20 18 30
split_gain=5.8519 17.9527 12.5848 12.0689 10.4713 9.86032 10.8171 9.63493 9.44181 8.9065 8.54755 8.44031 8.0713 7.77217
threshold=60.482017252749536 0 22.500000000000004 10.208970889858296 2.0403721242034938 141.92489684559624 104.66605159728027 0.15659097391496254 7.2222374631640287 79.500000000000014 -12.086915668948899 -35.994999999999997 2.242500000000001 1
decision_type=2 9 10 8 8 2 2 8 2 10 8 8 8 9
left_child=9 4 3 -3 11 6 8 -4 -6 13 -11 -2 -13 -1
right_child=1 2 7 -5 5 -7 -8 -9 -10 10 -12 12 -14 -15
leaf_value=0.0072483826338604705 -0.058267800127869918 0.0051552494466223231 -0.063773405732890115 -0.050699219900817473 -0.017163868482184468 0.034635674562046768 -0.034313795241545174 -0.02194726941568206 0.05883682672534727 -0.015592796473213141 0.042648522366395686 -0.030244523775613472 0.037747378774504681 -0.0008412630120682743
leaf_weight=351.95912105590105 7.5241639316082001 60.981566481292248 18.275852264836431 10.465339064598082 6.7413234002888229 43.207205425016582 13.421534866094587 55.662394630722702 8.1456689294427616 8.0008201552554947 22.579736609011892 7.8555579399690032 7.6169987376779336 1624.444799198769
leaf_count=3478 42 379 100 52 57 266 75 459 64 74 180 56 62 13733
internal_value=0.000172593 -0.00719124 -0.0174865 -0.00361304 0.00949909 0.0198787 -0.00305804 -0.0329988 0.0255071 0.00105594 0.0273995 -0.0183045 0.00348683 0.000634684
internal_weight=2246.88 239.898 145.385 71.4469 94.5125 71.5157 28.3085 73.9382 14.887 2006.98 30.5806 22.9967 15.4726 1976.4
internal_count=19077 1612 990 431 622 462 196 559 121 17465 254 160 118 17211
cat_boundaries=0 2 4
cat_threshold=1104674822 3 675570188 8
is_linear=0
shrinkage=0.05


Tree=180
num_leaves=15
num_cat=4
split_feature=11 11 30 29 6 30 3 11 6 10 15 29 6 19
split_gain=8.09687 13.0814 12.7184 16.1948 12.4192 12.7072 11.9862 14.4592 12.1259 10.869 10.4035 11.3669 26.9009 14.4263
threshold=6.5014022619081091 6.4785557230343711 0 1 85.000000000000014 2 0.7733771193590413 6.6274853716237851 17.500000000000004 28.500000000000004 5.7352304645160297 3 31.500000000000004 29.000000000000004
decision_type=2 2 9 9 10 9 10 2 10 2 10 9 10 8
left_child=1 2 3 -1 5 -2 7 8 -7 -9 11 12 -4 -13
right_child=4 -3 10 -5 -6 6 -8 9 -10 -11 -12 13 -14 -15
leaf_value=0.013045483382261597 0.010806322193438621 -0.052737324223126152 -0.024476237191526352 -0.016417756970460686 -0.046942072627823371 -0.0019773306828554304 0.021373176070328619 -0.003266787276804026 0.048165970915344261 -0.039928825293518155 -0.013757930493791332 -0.016487324996921519 0.048268040843258336 0.0077231744471162505
leaf_weight=50.07237524073571 351.34282059967518 12.279904525727032 84.075716662220657 256.988012352027 11.516359861940144 23.206787260249257 56.057088667526841 615.17488466203213 23.92416063696146 19.917800909839571 111.31614391691983 68.046723078936338 13.989528417587278 567.96572216507047
leaf_count=482 2821 79 671 2574 110 250 788 4272 126 153 1337 459 73 5003
internal_value=-0.000485066 -0.00338981 -0.00281873 -0.0113282 0.00258773 0.00315377 -0.000635293 -0.00248162 0.0239478 -0.00447755 0.000410757 0.00258069 -0.0124588 0.00503209
internal_weight=2265.87 1164.73 1152.45 307.06 1101.14 1089.62 738.281 682.224 47.1309 635.093 845.394 734.078 98.0652 636.012
internal_count=19198 10678 10599 3056 8520 8410 5589 4801 376 4425 7543 6206 744 5462
cat_boundaries=0 2 3 5 6
cat_threshold=301233424 5 2625666 1343841556 5 12432
is_linear=0
shrinkage=0.05


Tree=181
num_leaves=15
num_cat=2
split_feature=20 30 4 61 25 11 25 7 16 29 11 24 25 26
split_gain=8.13945 22.9498 7.31396 7.21757 6.97038 18.4943 9.97203 10.7039 7.83586 5.76648 19.6867 9.15514 7.53402 10.2948
threshold=1.2450000000000048 0 -48.721902238745209 1128.5000000000002 1.7071422286642595 6.0688537356428993 1.2156784180852132 32.500000000000007 0.9750000000000002 1 6.8499354605121487 0.30064718216475916 0.18241356030093914 45.500000000000007
decision_type=10 9 8 8 10 2 10 2 10 9 2 8 10 2
left_child=3 2 -2 -1 6 -6 7 8 -4 10 12 -12 -5 -14
right_child=1 -3 4 9 5 -7 -8 -9 -10 -11 11 -13 13 -15
leaf_value=-0.049282334995175835 0.061221954547267046 -0.025897292980414845 0.022878524527664618 -0.014060108379113149 -0.088979411572800815 0.015920925070489859 0.047973521330348635 -0.034982961179813865 -0.028802116199457602 0.0018187972289366037 -0.02442449605654361 -0.085726648671638775 0.037226179728873675 -0.014441265409666873
leaf_weight=6.1050200536847115 5.1486548501998186 92.382218818180263 39.232668380253017 33.302398518659174 5.7199173048138645 10.569569887593387 13.88207654841244 13.781636850908397 8.0720719443634135 1954.6985901696607 20.179364971816543 8.6141143813729268 24.433861782774329 14.830542404204605
leaf_count=45 43 795 411 356 57 98 99 165 88 16422 134 62 199 91
internal_value=0.000115836 -0.00979306 0.00762249 0.00102729 0.00479388 -0.0239299 0.011268 0.00228816 0.0136461 0.00120056 -0.00983963 -0.045026 0.00320657 0.0178369
internal_weight=2250.95 188.789 96.4066 2062.16 91.2579 16.2895 74.9685 61.0864 47.3047 2056.06 101.36 28.7935 72.5668 39.2644
internal_count=19065 1756 961 17309 918 155 763 664 499 17264 842 196 646 290
cat_boundaries=0 1 2
cat_threshold=1788696596 4916256
is_linear=0
shrinkage=0.05


Tree=182
num_leaves=15
num_cat=3
split_feature=8 54 5 2 10 30 3 30 3 25 30 11 27 11
split_gain=5.96728 7.29366 9.90962 7.85711 5.93876 9.11931 6.00131 20.9604 10.1618 10.2456 9.29127 12.5332 15.6826 11.6314
threshold=-2.4999999999999996 79.500000000000014 0.56240982905982917 65.935863907942192 37.500000000000007 0 1.0000000180025095e-35 1 0.0031456561246285173 0.41041104709104143 2 7.3466549635590237 0.39950577215528726 6.5332290869840426
decision_type=8 10 10 2 2 9 10 9 10 10 9 2 8 2
left_child=-1 4 3 -3 6 -6 7 -2 9 -8 11 12 13 -10
right_child=1 2 -4 -5 5 -7 8 -9 10 -11 -12 -13 -14 -15
leaf_value=0.021937115223143608 0.012194176997242611 0.044047426152082916 -0.027840364204398893 -0.0013283379567513524 -0.040256016721871568 0.0060944241203567048 -0.018199527628418252 -0.017126552763121864 -0.017653535546973957 0.025129436147491704 0.00091420080562525953 0.0069614273377055893 -0.0042439730487436123 -0.05771109163509959
leaf_weight=28.547494634054601 82.678034856915474 26.48976259957999 8.8103162888437492 14.523075205273924 12.355864854529498 20.901811074465513 16.128625860437751 175.61808253172785 47.953127562999725 69.83894535060972 1538.4410721920431 82.153478446416557 111.39422882907093 29.550795775838196
leaf_count=244 564 208 66 101 92 189 91 1172 421 370 13694 610 1142 209
internal_value=-0.000386002 -0.000680574 0.0180451 0.0283302 -0.00111522 -0.02177 -0.000786323 -0.00792067 0.000189544 0.0168846 -0.000612511 -0.00895385 -0.0163473 -0.0334673
internal_weight=2265.38 2236.84 49.8232 41.0128 2187.01 33.2577 2153.76 258.296 1895.46 85.9676 1809.49 271.052 188.898 77.5039
internal_count=19173 18929 375 309 18554 281 18273 1736 16537 461 16076 2382 1772 630
cat_boundaries=0 2 4 6
cat_threshold=268713992 10 940351824 9 404794628 4
is_linear=0
shrinkage=0.05


Tree=183
num_leaves=15
num_cat=2
split_feature=11 3 30 24 25 6 30 24 27 8 9 11 24 3
split_gain=5.88144 13.1089 12.4562 13.4578 10.7455 12.1586 10.9586 14.4403 12.8717 10.365 10.3042 12.105 10.2599 9.66086
threshold=6.5014022619081091 0.3703856646337465 0 0.6016304347826088 2.0978089536020579 71.500000000000014 1 0.34988408465589421 0.15436282282647515 48.500000000000007 1.0000000180025095e-35 6.1337016384433714 0.24384738027828387 0.83703431235664671
decision_type=2 8 9 8 8 10 9 10 8 8 2 2 10 10
left_child=1 4 -3 -4 5 6 7 8 -1 -6 -8 -12 -11 -2
right_child=13 2 3 -5 9 -7 10 -9 -10 12 11 -13 -14 -15
leaf_value=-0.021769678771243306 0.0015377610053889169 0.017028938814883255 -0.012713715461558625 0.02727553963042182 -0.017086798266941875 0.05633408836921168 0.0038410739103575142 -0.023904074288831789 0.026049375977411943 -0.007514965309138609 0.015002191566261064 0.062679176068391462 0.040577194747397273 0.020350241423512803
leaf_weight=20.674643911421299 1006.9092250838876 35.929859294556081 440.34839249681681 21.172874212265015 113.27777925133705 10.651464404538272 264.63861947041005 67.871996523812413 39.441638928838074 28.29970003478229 89.208205002360046 14.919245492666958 16.977403482422233 72.225869138725102
leaf_count=207 7397 445 4379 411 891 66 1976 579 368 158 908 150 91 1043
internal_value=0.000157181 -0.00230798 -0.00844062 -0.0105951 0.00227868 0.00582831 0.00463436 -0.0076603 0.00951677 -0.00904613 0.00887774 0.0223645 0.0110051 0.00281454
internal_weight=2242.55 1163.41 497.451 461.521 665.961 507.406 496.754 127.988 60.1163 158.555 368.766 104.127 45.2771 1079.14
internal_count=19069 10629 5235 4790 5394 4254 4188 1154 575 1140 3034 1058 249 8440
cat_boundaries=0 2 4
cat_threshold=4460548 8 307123476 6
is_linear=0
shrinkage=0.05


Tree=184
num_leaves=15
num_cat=5
split_feature=25 30 24 10 24 29 30 11 1 56 24 30 2 30
split_gain=9.17617 10.822 12.633 10.6271 7.96786 7.56917 12.1727 12.2612 9.56015 15.1141 6.82136 23.434 12.3422 8.53059
threshold=0.070990475569749925 0 0.25550449422175509 1.0000000180025095e-35 0.034697238666290812 1 2 6.1505281360108848 0.43683510638297879 4.5000000000000009 0.4368538551188425 3 0.54958156726128149 4
decision_type=10 9 10 2 10 9 9 2 10 2 10 9 2 9
left_child=1 2 -1 -3 -2 6 8 -8 -6 -10 13 12 -12 -7
right_child=4 3 -4 -5 5 10 7 -9 9 -11 11 -13 -14 -15
leaf_value=-0.01818285976243926 0.033856398975623106 0.0014701724596537093 0.032142974819738025 -0.026896207223858205 0.032126174245454941 0.009840658158254462 0.0052669012912701539 0.053228102611772979 -0.056200018273143852 0.02156107403072683 -0.033468412837117503 0.00396264555735078 0.024031977934605996 5.6426318122239731e-05
leaf_weight=20.405263716354966 17.705588107928634 49.91558007709682 29.167314143851399 95.960454727523029 8.5339097604155523 254.00916667189449 23.425349907949567 30.663956039585173 15.194905934855344 9.4779257783666235 88.295357565395534 189.50460209045559 9.7065109303221089 1409.3902865285054
leaf_count=174 103 538 322 850 44 2453 264 269 170 90 733 1853 96 11163
internal_value=0.000385428 -0.00993927 0.00958286 -0.0161466 0.00137132 0.00107266 0.01461 0.0278703 -0.00854962 -0.0266522 0.000382926 -0.00671301 -0.0250571 0.001615
internal_weight=2251.36 195.449 49.5726 145.876 2055.91 2038.2 87.296 54.0893 33.2067 24.6728 1950.91 287.506 98.0019 1663.4
internal_count=19122 1884 496 1388 17238 17135 837 533 304 260 16298 2682 829 13616
cat_boundaries=0 2 3 5 7 8
cat_threshold=1476948040 4 263427 1115734025 8 1931529296 4 1114671125
is_linear=0
shrinkage=0.05


Tree=185
num_leaves=15
num_cat=4
split_feature=7 19 26 29 24 30 19 30 7 4 25 25 7 30
split_gain=5.46247 9.95742 18.1162 8.80405 15.3344 16.2045 8.68055 13.6972 10.9643 15.13 10.657 10.5043 11.1651 13.3524
threshold=19.500000000000004 98.250000000000014 19.500000000000004 0 0.32480770881160298 1 86.492500000000021 2 1.5000000000000002 -16.679313680265118 4.7618692547233072 1.2156784180852132 -23.499999999999996 3
decision_type=2 10 2 9 8 9 10 9 2 8 10 8 2 9
left_child=1 6 -3 -2 -5 -6 10 8 -8 -10 11 -1 -13 -14
right_child=3 2 -4 4 5 -7 7 -9 9 -11 -12 12 13 -15
leaf_value=0.0018335286918274929 0.00029897796245357194 -0.033961167644330457 0.0439553193549692 -0.028962364469067803 -0.023838358737456045 0.003008725936175371 0.0027523238863848857 0.0070299917181295551 -0.091726270891775277 -0.023729125838206327 -0.018668665593431985 -0.038132230949952807 -0.0054003196645468054 0.027054275839268012
leaf_weight=395.92861878871918 1080.1442256812006 8.811109930276869 32.254215653985739 74.153098702430725 63.162617851048708 227.28541320562363 23.512587239965796 69.754016011022031 9.6798905599862319 40.486592512577772 45.234067719429731 7.9246126413345328 43.877908203750849 117.65566729661077
leaf_count=5687 5658 104 727 418 374 1246 154 948 115 400 368 35 802 1998
internal_value=-0.000175422 0.00315062 0.0268274 -0.00200683 -0.00859313 -0.00360606 0.00182737 -0.0092008 -0.0223975 -0.0383858 0.00442866 0.00630628 0.0166845 0.0195918
internal_weight=2239.86 795.119 41.0653 1444.75 364.601 290.448 754.054 143.433 73.6791 50.1665 610.621 565.387 169.458 161.534
internal_count=19034 11338 831 7696 2038 1620 10507 1617 669 515 8890 8522 2835 2800
cat_boundaries=0 1 3 5 7
cat_threshold=2126854 1113346050 10 1359577096 14 47228228 4
is_linear=0
shrinkage=0.05


Tree=186
num_leaves=15
num_cat=3
split_feature=1 22 15 44 7 8 8 30 30 29 13 15 8 11
split_gain=4.96681 5.36861 8.78102 5.183 7.44894 7.17057 5.30554 16.2935 15.1674 14.0011 13.3193 11.6902 9.88562 9.70667
threshold=0.067041198501872665 -3.0391666666666661 3.4310602520153712 2.5000000000000004 41.500000000000007 44.500000000000007 16.500000000000004 0 1 2 0.050000000000002494 5.2204590352300846 11.500000000000002 5.7076581372324293
decision_type=8 8 8 2 2 8 10 9 9 9 8 10 10 2
left_child=-1 2 -2 6 5 -5 8 10 -3 -9 -8 -10 -13 -11
right_child=1 3 -4 4 -6 -7 7 9 11 13 -12 12 -14 -15
leaf_value=-0.013213313980373204 0.0077982717670148352 0.0099587536032391469 -0.056705028881887547 0.052399018587441198 -0.034063750956916064 -0.0011482054132405104 -0.021995650982288149 -0.031521791853541495 0.0011005484867225035 0.0080132941422598244 0.016641793401393285 -0.017962515967280688 0.02914599784382145 -0.0083465718216498373
leaf_weight=66.415897207334638 10.113200569525359 432.13334109447896 9.5686795301735419 15.091058746911585 4.3087512850761405 10.155862796120349 25.453425371088088 43.299878000281751 829.34635561145842 117.67194842826575 144.4282813500613 135.24149135127664 11.234481606632469 384.57266290858388
leaf_count=477 96 3628 87 204 36 124 220 319 6120 1447 1400 1337 180 3408
internal_value=0.000152573 0.000567052 -0.0247866 0.000810232 0.0212566 0.031636 0.000515764 -0.00298783 0.00229691 -0.00714927 0.0101631 -0.00119253 -0.0141762 -0.0044175
internal_weight=2239.04 2172.62 19.6819 2152.94 29.5557 25.2469 2123.38 715.426 1407.96 545.544 169.882 975.822 146.476 502.245
internal_count=19083 18606 183 18423 364 328 18059 6794 11265 5174 1620 7637 1517 4855
cat_boundaries=0 2 4 5
cat_threshold=288643088 6 3800081167 9 2424960
is_linear=0
shrinkage=0.05


Tree=187
num_leaves=15
num_cat=2
split_feature=7 29 25 29 2 25 15 31 7 24 28 6 20 3
split_gain=6.71168 11.6227 13.0963 10.1831 18.0707 18.3952 13.4409 14.2441 11.2555 10.5911 12.2376 10.0618 9.33674 9.06254
threshold=11.500000000000002 0 0.8187398524557733 1 2.4217163845609684 3.7256656996770938 5.3391105840891866 1.5000000000000002 26.500000000000004 0.30143464947295801 0.23091215069949975 22.500000000000004 30.022500000000004 0.51062609330944453
decision_type=2 9 8 9 2 8 10 2 2 10 10 10 10 8
left_child=1 2 -1 9 6 8 7 -5 13 -2 -11 -12 -4 -6
right_child=3 -3 12 4 5 -7 -8 -9 -10 10 11 -13 -14 -15
leaf_value=0.0058929182075474588 -0.00084240981191622568 -0.0044589555017146825 0.036537159257512143 -0.0080047134541552708 -0.013957780646187693 -0.072406331187578388 -0.020492238810382726 0.0073568262861591878 -0.051116661894378662 0.037221434179909717 0.014721622407895594 -0.0079929667307414177 -0.02786233722877712 0.036861428496060042
leaf_weight=221.04473698325455 750.33553910069168 181.88629008829594 61.841014553792775 295.00865729246289 40.987125961109996 16.978188813664019 93.123945946805179 306.84448689501733 15.370226435363291 37.014692021533847 130.35272130463272 76.724341949447989 5.4581874758005133 10.096810120157896
leaf_count=3303 4525 2113 1997 1929 316 109 801 2116 75 227 1081 399 54 111
internal_value=0.00013813 0.00544216 0.0114403 -0.001271 -0.00550924 -0.0274247 -0.00292182 -0.000173684 -0.0150294 0.0020832 0.0111282 0.00630765 0.0309827 -0.00339841
internal_weight=2243.07 470.23 288.344 1772.84 778.409 83.4324 694.977 601.853 66.4542 994.427 244.092 207.077 67.2992 51.0839
internal_count=19156 7467 5354 11689 5457 611 4846 4045 502 6232 1707 1480 2051 427
cat_boundaries=0 1 2
cat_threshold=4493829 288134
is_linear=0
shrinkage=0.05


Tree=188
num_leaves=15
num_cat=3
split_feature=7 10 3 30 29 20 15 15 0 30 26 26 11 11
split_gain=8.29312 9.63777 16.6369 11.8961 11.8385 10.5261 10.4033 11.6616 10.2369 9.81607 8.72501 8.04607 7.94862 7.65305
threshold=27.500000000000004 10.500000000000002 0.0031456561246285173 0 1 21.595000000000006 -0.007786228657931253 3.517957684219875 82.015000000000015 2 213.50000000000003 75.500000000000014 8.8220271305994675 6.0507588670874677
decision_type=2 2 10 9 9 8 8 8 8 9 2 2 2 2
left_child=13 4 -3 11 -2 10 -6 -8 -7 12 -5 -4 -9 -1
right_child=1 2 3 5 6 8 7 9 -10 -11 -12 -13 -14 -15
leaf_value=-0.0011922734036255004 -0.016680454913421534 0.043350304227136094 -0.050295091047770739 0.0075921808676748291 -0.028125190087493215 0.055891597779938421 0.010940673400475803 0.0258591747303775 0.0095147033135092405 -0.011209735697418382 -0.050784404916280446 -0.0050154669353378346 -0.021995399345118499 0.0062011103491031493
leaf_weight=611.13790208846331 180.44675694406033 25.405351839959621 16.925274804234505 13.066230759024622 33.146658331155777 12.882392477244137 161.84705731272697 36.808054212480783 88.339599393308163 190.33318784087896 11.139920026063917 22.225706923753023 10.426025256514547 817.32079232856631
leaf_count=6478 1245 138 106 73 155 96 776 185 442 943 77 143 51 8105
internal_value=0.00075471 -0.00330825 0.00650766 0.000592964 -0.00635606 0.00818177 -0.00159899 0.000627175 0.0159061 -0.00641549 -0.0202223 -0.0202995 0.0124732 0.00303938
internal_weight=2231.45 802.992 189.984 164.579 613.008 125.428 432.561 399.414 101.222 237.567 24.2062 39.151 47.2341 1428.46
internal_count=19013 4430 1075 937 3355 688 2110 1955 538 1179 150 249 236 14583
cat_boundaries=0 1 2 4
cat_threshold=1107607578 98308 1074036764 12
is_linear=0
shrinkage=0.05


Tree=189
num_leaves=15
num_cat=2
split_feature=7 29 27 3 25 25 11 29 3 2 6 3 28 25
split_gain=7.48246 10.0874 10.7693 7.84631 19.0073 20.5429 21.5904 14.3783 11.9142 13.4967 12.8773 11.4548 10.8682 9.59465
threshold=11.500000000000002 0 0.68381307191799812 0.35707334323099227 2.2581184312235725 0.33152088650617317 8.1465931639191069 1 0.7259341545663528 40.990013259740884 15.500000000000002 0.42217753585793821 0.48587753307360615 0.070990475569749925
decision_type=2 9 10 10 10 8 2 9 10 2 8 10 8 8
left_child=1 2 -1 13 5 -5 12 -6 9 -9 -11 -8 -7 -2
right_child=3 -3 -4 4 7 6 11 8 -10 10 -12 -13 -14 -15
leaf_value=0.013546096422534633 -0.013712316976545262 -0.0036643522595435369 -0.043859441561954197 0.010492529052974254 -0.026295660977157492 -0.033038150494131197 -0.038556621684636423 0.02231478681092134 0.043816381621303718 0.0069457796799584862 -0.047265240756562049 0.028357466980704116 -0.0033253192252523061 0.0026127406127412281
leaf_weight=299.66807026043534 96.206379895098507 160.3843961507082 7.4442866388708344 68.188826802186668 16.685292339883745 156.02840894181281 7.1895854817703357 60.424569377675653 26.966662708669901 28.63333610072732 16.531833358108997 29.170006037689745 38.575780059210956 1215.004493788816
leaf_count=5479 650 1754 173 631 131 1218 46 381 227 170 80 270 309 7517
internal_value=0.000947063 0.00656249 0.011639 -0.000547739 -0.00624959 -0.0135057 -0.0206056 0.00828832 0.0137455 0.00701621 -0.0134911 0.0144483 -0.0271954 0.0014054
internal_weight=2227.1 467.497 307.112 1759.61 448.394 299.153 230.964 149.242 132.556 105.59 45.1652 36.3596 194.604 1311.21
internal_count=19036 7406 5652 11630 3463 2474 1843 989 858 631 250 316 1527 8167
cat_boundaries=0 1 2
cat_threshold=7115269 4098
is_linear=0
shrinkage=0.05


Tree=190
num_leaves=15
num_cat=3
split_feature=10 26 7 14 15 30 30 8 5 8 11 11 11 29
split_gain=6.42507 13.8944 6.84595 5.42458 4.79819 16.7727 14.1334 12.3091 12.1077 10.7979 8.35371 8.97745 9.59273 8.17623
threshold=37.500000000000007 62.500000000000007 15.500000000000002 18.218750000000004 1.0000000180025095e-35 0 1 28.500000000000004 0.52761663286004068 22.500000000000004 5.6747311725795777 6.1337016384433714 7.8904535227881345 2
decision_type=2 2 2 10 10 9 9 8 8 10 2 2 2 9
left_child=3 -2 -3 4 5 7 -6 8 9 -1 -9 -12 -13 -8
right_child=1 2 -4 -5 6 -7 13 10 -10 -11 11 12 -14 -15
leaf_value=0.022170231596245302 -0.059842570622004335 0.043189439886815832 -0.01363059383131596 -0.037193487104471859 -0.0054419287769288081 -0.0058453726788373697 -0.0053740528492860883 0.020009457367489446 0.0051912475907651377 0.07454631045920343 -0.044254843543675058 0.0084900197498660266 -0.044075316281392232 0.0084762610734148685
leaf_weight=69.435545892454684 12.996995390392838 6.4341084752231863 17.504089877009392 8.509894931688903 353.70602395571768 732.57901055924594 120.60905967094004 20.192706326022744 123.37402270827442 10.881513318978248 18.845174107700586 35.921471984125674 10.356040350161491 698.87773979920894
leaf_count=522 99 125 99 91 3085 5312 1321 157 958 81 132 288 68 6777
internal_value=0.000137367 -0.0202652 0.00276096 0.000488426 0.000651404 -0.00185294 0.00283184 0.00817217 0.0151103 0.0300957 -0.00742912 -0.016111 -0.00395658 0.00639364
internal_weight=2240.22 36.9352 23.9382 2203.29 2194.78 1021.59 1173.19 289.006 203.691 80.3171 85.3154 65.1227 46.2775 819.487
internal_count=19115 323 224 18792 18701 7518 11183 2206 1561 603 645 488 356 8098
cat_boundaries=0 2 4 5
cat_threshold=940353616 9 1476700242 8 857120
is_linear=0
shrinkage=0.05


Tree=191
num_leaves=15
num_cat=5
split_feature=11 2 25 11 29 30 11 30 27 21 29 30 7 19
split_gain=5.37166 7.17912 7.54912 5.6113 13.3755 20.1629 14.0879 13.3164 10.7736 10.0967 11.8302 9.34052 13.2111 11.4936
threshold=5.0955272191770922 10.748021653441677 2.2105135039635835 6.5332290869840426 0 1 7.0395946137268286 2 0.26051096269867491 0.98304329700281889 3 4 11.500000000000002 23.750000000000004
decision_type=2 2 8 2 9 9 2 9 10 8 9 9 2 10
left_child=1 2 -1 7 5 6 -5 9 -7 -2 -11 -6 -13 -14
right_child=3 -3 -4 4 11 8 -8 -9 -10 10 -12 12 13 -15
leaf_value=0.010915837143608083 0.015617085895913575 -0.035691956736691101 0.057860944867658137 -0.03424802300522431 0.017302833025797923 -0.01003735843267603 0.035127706444034505 0.0010709830848779219 -0.052026874875209198 0.0045722087850119967 -0.018324039733160328 0.019963282190888526 0.0041670491001901564 -0.0092681786504573253
leaf_weight=40.321883915457875 31.852891845628619 5.2851561950519672 10.124941077083347 9.0033301748335344 109.25788924749941 26.936109837144613 27.123534221202135 754.5777407027781 36.13217181712389 72.840854242444038 247.72386292181909 93.473458701744676 528.8463522894308 226.55131470225751
leaf_count=419 264 32 105 62 1029 160 147 6872 250 662 2329 1911 3254 1457
internal_value=0.000155174 0.0153429 0.0212795 -0.00024282 0.00236105 -0.0142198 0.0136933 -0.00272974 -0.0298681 -0.0105786 -0.013551 0.00419522 0.00230838 0.000130764
internal_weight=2220.05 55.732 50.4468 2164.32 1057.32 99.1951 36.1269 1107 63.0683 352.418 320.565 958.129 848.871 755.398
internal_count=18953 556 524 18397 8270 619 209 10127 410 3255 2991 7651 6622 4711
cat_boundaries=0 1 3 5 6 8
cat_threshold=6882354 263426 2 3517021520 1 6820240 1081131268 1
is_linear=0
shrinkage=0.05


Tree=192
num_leaves=15
num_cat=1
split_feature=7 4 11 20 14 23 61 7 25 30 17 15 28 19
split_gain=6.22736 5.99209 7.40207 7.24429 5.24082 4.73597 4.47434 4.76531 12.045 10.8378 13.2933 12.1657 10.5969 9.4832
threshold=-39.499999999999993 -43.923616378731104 5.3830490634439192 33.050000000000004 -10.687499999999998 -1.7459027777777776 1128.5000000000002 19.500000000000004 4.7618692547233072 0 6.5000000000000009 0.57676741254629538 0.3917317531102083 87.715000000000018
decision_type=2 8 2 10 8 8 8 2 10 9 2 10 10 8
left_child=-1 2 -2 4 -3 -6 -7 8 9 10 13 12 -11 -8
right_child=1 3 -4 -5 5 6 7 -9 -10 11 -12 -13 -14 -15
leaf_value=-0.032298053637640968 -0.024679179537669845 -0.038519964219281395 0.043924240022780253 -0.038132387150610653 -0.035764067789447199 -0.03705220922049933 0.011999535367821607 -0.001524522779417949 -0.01856799200811168 0.014023061867663604 -0.078767326887671255 0.019211101262884406 -0.0093673165320591178 -0.0069942643613514948
leaf_weight=14.251224987208841 4.5501953428611186 7.9175370112061501 14.400266755372284 11.704669831320642 8.2749845795333368 7.0997903011739254 97.443210961297154 1420.5575987584889 56.68951622582972 90.808875850401819 4.5538602247834197 204.01014538435265 101.48741262592375 196.68519546929747
leaf_count=78 47 47 173 102 67 50 1414 7580 484 1438 29 4359 1175 2090
internal_value=-0.000456962 -0.000238717 0.0270405 -0.000485065 -0.000267093 -0.000111109 4.06071e-05 0.000178836 0.00339567 0.00521133 -0.00206293 0.0104734 0.00169382 -0.00068238
internal_weight=2240.43 2226.18 18.9505 2207.23 2195.53 2187.61 2179.34 2172.24 751.678 694.989 298.682 396.306 192.296 294.128
internal_count=19133 19055 220 18835 18733 18686 18619 18569 10989 10505 3533 6972 2613 3504
cat_boundaries=0 2
cat_threshold=3090016001 8
is_linear=0
shrinkage=0.05


Tree=193
num_leaves=15
num_cat=3
split_feature=17 7 30 27 20 8 25 30 30 24 24 24 1 19
split_gain=4.7336 4.80687 11.3962 8.91876 8.60058 8.13582 8.61155 26.2098 12.8047 15.903 14.0493 13.9432 12.6583 15.9033
threshold=7.5000000000000009 29.500000000000004 0 0.44346612271210389 -63.927499999999988 -2.4999999999999996 0.40902444739800609 1 2 0.2603247241309829 0.51119799682320366 0.44639040095213939 0.46523140686161646 90.535000000000011
decision_type=2 2 9 8 10 8 8 9 9 10 10 10 10 8
left_child=1 5 -3 -4 -5 -1 7 -7 9 -8 -11 -10 -9 -14
right_child=-2 2 3 4 -6 6 8 12 11 10 -12 -13 13 -15
leaf_value=0.033651559151872887 -0.040660573910444961 -0.013849713381122827 -0.0030386199314568342 0.003882265809256573 0.037492407218587327 -0.012090651285034603 0.01803015810325774 -0.0045131456499091054 -0.0032818707988471075 -0.005766949351267126 0.023700578046509567 -0.025736808055241325 -0.0044199838771127953 0.030921729387458831
leaf_weight=17.798220996744931 6.3835104946047059 196.16726658865809 379.4053289629519 60.155705645680428 27.030372198671103 111.14463421329856 155.27688501309603 52.399271200411022 642.64581552613527 273.35649728681892 46.446841640863568 76.531324510462582 40.424308349378407 144.83607002813369
leaf_count=206 35 1235 2001 334 170 1191 1315 350 5813 2707 604 685 440 2017
internal_value=-0.000691863 -0.000558896 -0.00412313 0.000277312 0.0146094 0.00095619 0.00055752 0.00745732 -0.00146224 0.0048552 -0.00142668 -0.00562572 0.0164297 0.0232277
internal_weight=2230 2223.62 662.759 466.591 87.1861 1560.86 1543.06 348.804 1194.26 475.08 319.803 719.177 237.66 185.26
internal_count=19103 19068 3740 2505 504 15328 15122 3998 11124 4626 3311 6498 2807 2457
cat_boundaries=0 2 4 6
cat_threshold=42539080 2 2155654166 3 2203025998 10
is_linear=0
shrinkage=0.05


Tree=194
num_leaves=15
num_cat=1
split_feature=3 8 54 11 24 23 25 29 20 7 25 7 6 25
split_gain=4.53141 13.2095 12.0355 10.1872 14.1186 11.1674 11.3822 8.64025 8.74745 9.07686 9.70339 12.1678 8.45269 13.0836
threshold=0.049322287919235701 37.500000000000007 1.0000000180025095e-35 7.5748407206869972 0.1762394337777422 -0.64388888888888884 0.070990475569749925 0 0.52000000000000024 24.500000000000004 0.28256600176033742 41.500000000000007 30.500000000000004 2.5867427089923658
decision_type=8 10 10 2 10 10 10 9 10 2 10 2 10 10
left_child=1 2 3 5 -5 6 -1 8 9 -8 -11 -12 -2 -14
right_child=12 -3 -4 4 -6 -7 7 -9 -10 10 11 -13 13 -15
leaf_value=-0.026960766809727546 0.0013349676514971193 -0.025396062343773913 0.042695084874920929 -0.028011731920720397 0.027635670225044841 -0.021492242955055155 0.01497400211868688 0.018470044470992215 -0.046456630598848213 0.032888778080989022 -0.026362482971222789 0.028167040684656253 -0.0027361490653573569 -0.031601236458458914
leaf_weight=24.247395916841924 1505.2623414350674 31.519593350589275 22.214225182309747 12.384601242840288 82.095299194566905 44.312310803681612 79.012625819072127 104.95825271401554 8.4091520607471448 10.819265827536581 53.888902328908443 11.707947656512259 186.1715967617929 48.826258216053247
leaf_count=168 14458 178 186 60 415 405 588 680 70 49 271 52 1177 321
internal_value=0.00114903 0.00541461 0.00760456 0.00570498 0.0201243 0.00161916 0.00517514 0.00816322 0.000346895 0.00318207 -0.00904645 -0.0163531 -4.3583e-05 -0.00884203
internal_weight=2225.83 485.57 454.05 431.836 94.4799 337.356 293.044 268.796 163.838 155.429 76.4161 65.5968 1740.26 234.998
internal_count=19078 3122 2944 2758 475 2283 1878 1710 1030 960 372 323 15956 1498
cat_boundaries=0 1
cat_threshold=57344
is_linear=0
shrinkage=0.05


Tree=195
num_leaves=15
num_cat=2
split_feature=24 24 30 30 5 1 4 24 15 25 24 23 19 27
split_gain=5.44218 9.69594 13.3499 12.6087 13.828 11.3439 13.9066 12.6679 11.6832 9.54909 13.8267 9.38658 9.31489 8.69956
threshold=0.40272506282326442 0.51119799682320366 0 1 0.49508181818181823 0.8971275426058275 7.5672267904509321 0.43760999404126771 0.39112046992824695 0.45098826074133991 0.47633529669562774 30.505416666666672 41.750000000000007 0.35277496381851997
decision_type=10 10 9 9 10 8 8 10 8 10 10 10 8 8
left_child=11 2 5 -3 -5 6 7 -2 -7 -4 12 -1 -11 -14
right_child=1 3 9 4 -6 8 -8 -9 -10 10 -12 -13 13 -15
leaf_value=0.0019363410010279193 -0.029549228872747326 0.018768899991222672 0.019132945987466857 -0.0012602592710841917 -0.06746998098841156 -0.033169218263684158 -0.056984252426242755 0.043747793943113553 0.0024900233159278451 -0.011072255902254115 -0.033853127477320936 -0.047136545110096788 -0.037516639131131395 0.012959868968076653
leaf_weight=1571.7135135410354 19.780078755691651 84.393150756135583 48.291860633529723 83.899055708199739 7.7088937303051344 33.243881297297776 34.555821949616075 7.2578076478093854 69.390162795782089 105.57864453457296 34.53126729093492 8.806480295956133 8.2738601267337781 111.74760305602103
leaf_count=12684 153 1015 523 990 71 249 229 50 680 680 313 107 73 1381
internal_value=5.06234e-05 -0.00380229 -0.00752877 0.00619115 -0.0067693 -0.0184872 -0.0364078 -0.00901546 -0.00926886 -0.00102229 -0.00486208 0.00163328 -0.000294774 0.00919895
internal_weight=2229.17 648.652 472.651 176.001 91.6079 164.228 61.5937 27.0379 102.634 308.423 260.131 1580.52 225.6 120.021
internal_count=19198 6407 4331 2076 1061 1361 432 203 929 2970 2447 12791 2134 1454
cat_boundaries=0 2 3
cat_threshold=2288540946 4 3632804622
is_linear=0
shrinkage=0.05


Tree=196
num_leaves=15
num_cat=4
split_feature=29 3 1 30 11 11 19 4 54 11 7 30 11 30
split_gain=5.10656 11.7888 12.6321 11.4355 16.7241 16.6122 16.4737 11.874 11.3749 11.2201 11.0408 17.9949 10.7669 10.3581
threshold=0 0.03202828945486505 0.11922530206112296 1 7.9141626744359685 8.5022088434147012 94.675000000000011 -4.7136673141715209 76.500000000000014 5.2782166896359328 22.500000000000004 2 9.0473753537451866 3
decision_type=9 10 10 9 2 2 8 8 10 2 2 9 2 9
left_child=1 2 -1 4 9 8 7 -7 -5 -3 13 -12 -13 -2
right_child=10 3 -4 5 -6 6 -8 -9 -10 -11 11 12 -14 -15
leaf_value=-0.0089997361405327516 -0.0062408528757354025 0.039130672600721124 0.015866471896923067 -0.0044186817837011602 0.024730593971433262 -0.0030227535729513704 -0.0012064726419570727 -0.070805917851497813 0.030216679316301561 -0.003590126124608638 -0.026534613301592527 -0.0051032553005584125 0.034371571435867034 0.0061330404491548888
leaf_weight=64.445411173626781 273.42417001258582 15.511966479010878 235.31664883857593 415.03293326497078 88.526128698140383 8.8007055390626174 27.248893334530294 24.295238783583045 24.143481734208763 221.17331391107291 99.193390730768442 303.68008622340858 17.318033523857594 407.28934826049954
leaf_count=386 2994 150 1381 3157 691 63 207 133 167 1871 608 1641 98 5532
internal_value=-0.000345454 0.0020165 0.0105084 -0.00105457 0.00613462 -0.00574574 -0.030235 -0.0533987 -0.0024503 -0.000637422 -0.00275099 -0.00913879 -0.00278689 0.00115934
internal_weight=2225.4 1124.49 299.762 824.733 325.211 499.521 60.3448 33.0959 439.176 236.685 1100.91 420.192 320.998 680.714
internal_count=19079 8206 1767 6439 2712 3727 403 196 3324 2021 10873 2347 1739 8526
cat_boundaries=0 1 3 5 7
cat_threshold=2380071 308088394 3 1388874754 2 2840585282 5
is_linear=0
shrinkage=0.05


Tree=197
num_leaves=15
num_cat=2
split_feature=23 24 30 5 23 28 6 24 4 30 50 28 7 20
split_gain=7.45166 6.54776 13.5153 10.6833 10.6619 9.84903 7.03793 6.85018 9.59613 11.0176 8.74029 8.22188 12.1009 10.0017
threshold=-1.7459027777777776 0.51728198292706462 0 0.49508181818181823 30.505416666666672 0.55130834071513701 22.500000000000004 0.40272506282326442 -32.955606528763717 1 1.0000000180025095e-35 0.3831455234051549 74.500000000000014 30.022500000000004
decision_type=8 10 9 10 10 10 8 10 8 9 2 10 2 10
left_child=-1 4 6 -4 5 7 -3 10 -9 -10 11 -2 13 -13
right_child=1 2 3 -5 -6 -7 -8 8 9 -11 -12 12 -14 -15
leaf_value=-0.042312589037455932 -0.00030140384472510448 0.035561856980750178 0.0018676819560863138 -0.052271454799814168 -0.038464769463424267 0.030097968955096907 -0.0040169275797265064 0.037659198168348937 -0.014651366915238587 0.00095916203262069982 -0.052852587906655979 0.014542296055485458 -0.047025115595111265 -0.048132749892908
leaf_weight=9.3885109862312657 1329.9272251194343 55.978683607652783 80.562966302037239 9.2659232867881638 17.450313596054912 25.330823166295886 13.75319388695061 11.252814253792165 225.30875290371478 222.01626988686621 6.5245492607355109 201.3565770862624 7.8983852639794341 5.6151365600526324
leaf_count=73 10068 800 897 88 217 371 95 118 2049 2000 58 2217 43 42
internal_value=-6.49229e-05 0.000133408 0.00985748 -0.00381122 -0.000626903 -0.000283746 0.0243647 -0.000681424 -0.00604319 -0.0072241 0.000906409 0.00116751 0.0102185 0.0126187
internal_weight=2221.63 2212.24 159.561 89.8289 2052.68 2035.23 69.7319 2009.9 458.578 447.325 1551.32 1544.8 214.87 206.972
internal_count=19136 19063 1880 985 17183 16966 895 16595 4167 4049 12428 12370 2302 2259
cat_boundaries=0 1 3
cat_threshold=2559391242 2561243418 4
is_linear=0
shrinkage=0.05


Tree=198
num_leaves=15
num_cat=3
split_feature=7 20 7 15 30 11 30 17 29 11 9 14 24 13
split_gain=5.64803 4.75663 5.29085 8.04595 17.4951 8.13182 7.98621 15.6335 11.7405 13.0494 9.67473 9.24773 9.1819 10.4621
threshold=-39.499999999999993 -94.749999999999986 19.500000000000004 4.4998960414389533 0 5.5237581094819612 1 4.5000000000000009 2 8.5880131926220002 5.5000000000000009 6.46 0.66174996462716196 9.0050000000000008
decision_type=2 8 2 10 9 2 9 2 9 2 2 10 10 8
left_child=-1 -2 6 -4 -5 -6 7 8 9 10 -3 -10 13 -8
right_child=1 2 3 4 5 -7 12 -9 11 -11 -12 -13 -14 -15
leaf_value=-0.030393658493795203 -0.036608657043065242 -0.0034696615374431024 -0.00018059442738512914 0.0090776147256809332 0.010821215103552939 -0.029114394788703847 0.022045647420128309 -0.067203559884808015 0.025604838114016655 -0.073857244547921599 -0.06982928901451782 -0.035305022959103226 -0.035763743577360341 0.0043818420347252664
leaf_weight=14.345361743122337 7.815645769238472 147.9447400001809 1256.3366202749312 65.38069249689579 14.077082641422747 99.381528463214636 103.76964522991329 8.5134623721241933 51.599244409240782 6.4378640465438357 4.7114433897659174 6.1872520055621854 11.350735108368097 423.42985046422109
leaf_count=78 59 1876 6764 370 77 512 1916 66 930 57 68 77 210 6078
internal_value=-0.000164557 4.56126e-05 0.000192462 -0.00159668 -0.0114883 -0.0221712 0.0035513 -0.00427779 -0.00170692 -0.00861261 -0.00595885 0.0158905 0.00678335 0.0078938
internal_weight=2221.28 2206.94 2199.12 1435.18 178.839 113.459 763.944 225.394 216.881 159.094 152.656 57.7865 538.55 527.199
internal_count=19138 19060 19001 7723 959 589 11278 3074 3008 2001 1944 1007 8204 7994
cat_boundaries=0 2 4 5
cat_threshold=42222604 10 2735071491 9 2745346
is_linear=0
shrinkage=0.05


Tree=199
num_leaves=15
num_cat=0
split_feature=28 8 5 27 24 6 2 4 11 28 24 26 4 24
split_gain=8.69 7.69311 9.00068 6.81113 9.12056 7.04636 6.73048 6.49791 5.72283 5.43658 5.17499 11.8773 10.5723 10.3494
threshold=0.16523359956869296 39.500000000000007 0.41207940251572334 0.12680853412441725 0.078186220227554351 12.500000000000002 -23.726586298946923 -21.478025750759706 5.541734003496507 0.1340980646049639 0.51864413685593724 150.50000000000003 23.77744635472428 0.4368538551188425
decision_type=8 8 10 8 10 8 2 10 2 10 10 2 8 10
left_child=1 2 8 4 -2 -6 -5 -4 9 -1 13 -12 -13 -8
right_child=3 -3 7 6 5 -7 10 -9 -10 -11 11 12 -14 -15
leaf_value=-0.030230698298973152 0.0089054854985773767 -0.0049673489796534442 0.02649476934954817 0.028166500358811727 -0.0072002466445014075 -0.045735588484714151 -6.7532880598583409e-05 -0.022314113847677682 0.030734570012029217 0.025061841571108742 -0.0052932554497931265 0.0027796559062235656 0.040329201729698429 -0.011492325151669119
leaf_weight=7.7234715716913334 23.972487258724868 54.640591773204505 9.1597726335749048 19.326610692311078 22.105691376142204 25.747355090454221 1563.9248824957758 19.899397400207818 76.226106875576079 8.071617214009164 80.72519072657451 36.376107152551413 38.028598772361875 225.99736214149743
leaf_count=45 259 333 88 218 228 192 13118 227 477 61 853 486 475 2088
internal_value=-9.0505e-05 0.0105454 0.0175292 -0.00101309 -0.0160285 -0.028446 -0.000456192 -0.00655942 0.0251249 -0.00216523 -0.000754923 0.007976 0.0222517 -0.00151565
internal_weight=2211.93 175.721 121.08 2036.2 71.8255 47.853 1964.38 29.0592 92.0212 15.7951 1945.05 155.13 74.4047 1789.92
internal_count=19148 1231 898 17917 679 420 17238 315 583 106 17020 1814 961 15206
is_linear=0
shrinkage=0.05


Tree=200
num_leaves=15
num_cat=3
split_feature=7 0 27 30 8 30 24 13 15 24 30 24 19 7
split_gain=5.21745 9.55493 10.5371 12.5337 9.93993 9.29672 11.5123 9.18584 11.5055 9.0827 12.1847 13.4414 11.5301 10.0275
threshold=11.500000000000002 82.555000000000021 0.32562037492519141 0 80.500000000000014 1 0.29530232814741258 2.2000000000000002 2.7465573888265964 0.39729315860493564 2 0.51675026288791692 45.750000000000007 19.500000000000004
decision_type=2 8 8 9 10 9 10 10 10 10 9 10 8 2
left_child=1 2 3 -1 5 7 -7 8 -3 -2 11 -11 -12 -13
right_child=9 4 -4 -5 -6 6 -8 -9 -10 10 12 13 -14 -15
leaf_value=-0.025268566076573268 0.0010135827543299191 -0.018492260379425786 0.029672309825157419 0.02241127365044733 0.042089091056355991 0.026840675738630616 -0.00041643982956671502 -0.049110724516705645 0.015746433021881629 -0.031138027512309225 -0.015587456473745424 0.036659708704210266 0.0060212294559364478 -0.014189802797497243
leaf_weight=18.341806086711586 1335.2160656284541 71.162542889826 67.846669505350292 15.379557929933069 13.214721353724597 49.04656345397234 171.31572501035407 13.727242634631692 36.269393236842006 92.170509964227676 91.102068232372403 13.638011938892303 186.24401507852599 27.742772841826081
leaf_count=318 8710 848 1724 381 228 730 2343 192 646 641 510 142 1437 184
internal_value=0.000256584 0.00501104 0.0184523 -0.00432661 0.00112149 -0.000581948 0.00549582 -0.0111294 -0.00689454 -0.000988034 -0.00747898 -0.0191792 -0.00106885 0.00303843
internal_weight=2202.42 456.304 101.568 33.7214 354.736 341.521 220.362 121.159 107.432 1746.11 410.897 133.551 277.346 41.3808
internal_count=19034 7410 2423 699 4987 4759 3073 1686 1494 11624 2914 967 1947 326
cat_boundaries=0 2 4 5
cat_threshold=1117544706 9 1643389977 8 3389545750
is_linear=0
shrinkage=0.05


Tree=201
num_leaves=15
num_cat=2
split_feature=7 26 20 29 30 2 14 4 1 26 26 19 8 15
split_gain=4.64624 12.5588 10.685 9.13762 13.2583 10.5758 10.0442 9.10744 9.07607 12.3042 9.10442 9.06624 10.7683 9.00548
threshold=11.500000000000002 3280.5000000000005 28.400000000000002 0 1 4.6931804668994728 9.2412500000000026 -29.848334167994281 0.77831196581196593 4.5000000000000009 13.500000000000002 93.000000000000014 6.5000000000000009 1.2510336148158283
decision_type=2 2 10 9 9 2 10 8 8 2 2 10 8 8
left_child=1 2 3 4 5 7 -5 -1 -6 -10 -11 12 -9 -12
right_child=-2 -3 -4 6 8 -7 -8 11 9 10 13 -13 -14 -15
leaf_value=0.028996721638153783 -0.0017317016144739285 0.043697557156044939 -0.065360989324553947 -0.0044678009180121785 -0.0075889746680273349 0.031839269361466548 -0.066739005163096873 0.0078502369527691691 0.043603637902495697 -0.046608614836588534 -0.0083920165654674927 0.02967447880508127 -0.029932577067427336 0.02748738381533293
leaf_weight=12.626483939588068 1743.0213055182248 18.019364566542208 4.7788758762180796 139.52137186005712 27.516347215045244 16.807574572041631 5.8038133019581428 25.66673893947155 48.355939779430628 5.2187222866341463 24.849372462835163 9.5542536992579681 66.564182138070464 55.085335896350443
leaf_count=149 11639 438 43 1784 462 241 68 324 1105 60 502 196 775 1318
internal_value=-0.000551545 0.00391077 0.00219512 0.00308028 0.00802262 -0.00378102 -0.00692084 -0.00957195 0.0172681 0.0236932 0.0120119 -0.014592 -0.0194467 0.0163676
internal_weight=2203.39 460.368 442.349 437.57 292.245 131.219 145.325 114.412 161.026 133.509 85.1534 101.785 92.2309 79.9347
internal_count=19104 7465 7027 6984 5132 1685 1852 1444 3447 2985 1880 1295 1099 1820
cat_boundaries=0 1 3
cat_threshold=6657541 3758672133 5
is_linear=0
shrinkage=0.05


Tree=202
num_leaves=15
num_cat=0
split_feature=4 25 5 11 5 28 19 13 19 4 7 5 4 5
split_gain=6.3492 7.46707 7.39991 8.55027 8.47549 7.46935 7.02627 6.6856 6.67739 6.17398 5.70226 5.69237 9.45624 9.40865
threshold=-18.618831517121905 1.8184305718817904 0.34390656874745007 6.9291546488618314 0.45144401544401552 0.49731211885418697 86.492500000000021 0.71750000000000125 8.7500000000000018 -43.923616378731104 12.500000000000002 0.32924629629629637 6.5530996537494639 0.25297959183673474
decision_type=8 10 8 2 8 10 8 10 8 10 2 10 8 10
left_child=1 2 6 4 -4 -6 -1 11 -9 -3 -11 13 -13 -2
right_child=7 9 3 -5 5 -7 -8 8 -10 10 -12 12 -14 -15
leaf_value=0.010322140220079589 0.00080288778642164478 0.017159358709065865 0.023383980678689086 0.036433281414255926 -0.0093749799322448216 -0.07826707180154735 -0.050093523547448372 -0.022276889653973359 0.012037187792954995 0.0062698474414941384 -0.051611191360873269 -0.01661887931749189 0.013829327493210621 0.027436479768012518
leaf_weight=6.9480496169999268 1695.1774441171438 5.0111897615715888 17.909265792928636 15.358305616304277 36.819053024984896 3.4659605063498011 12.753048334270714 14.308470420539377 206.68665141658857 5.0325975855812457 20.871011412702501 103.70109576825052 32.869668520987034 32.823236783966422
leaf_count=115 13193 49 234 236 546 28 138 103 2421 114 161 963 375 371
internal_value=0.000866908 -0.0100716 -0.00289461 0.004481 -0.00442469 -0.0170544 -0.0293172 0.00152267 0.00972516 -0.0309517 -0.0405509 0.00054579 -0.00924339 0.00132437
internal_weight=2209.74 124.168 93.2537 73.5526 58.1943 40.285 19.7011 2085.57 220.995 30.9148 25.9036 1864.57 136.571 1728
internal_count=19047 1621 1297 1044 808 574 253 17426 2524 324 275 14902 1338 13564
is_linear=0
shrinkage=0.05


Tree=203
num_leaves=15
num_cat=3
split_feature=30 29 12 27 15 1 1 27 30 6 24 19 1 24
split_gain=5.9259 8.27156 14.503 10.5335 22.3306 16.3848 9.71464 12.0702 8.91645 13.7579 11.8263 16.0708 12.0381 10.7107
threshold=0 1 1.5000000000000002 0.45984877700820237 5.2204590352300846 1.0186932215234104 1.0186932215234104 0.19954790456815344 2 11.500000000000002 0.4368538551188425 64.500000000000014 1.6018867924528306 0.1094222555353324
decision_type=9 9 2 10 8 10 8 8 9 10 10 10 10 10
left_child=1 2 3 6 5 -5 7 -1 10 13 11 -4 -13 -10
right_child=-2 -3 8 4 -6 -7 -8 -9 9 -11 -12 12 -14 -15
leaf_value=-0.07073437255070987 0.0018288256255501276 0.00083528392419171906 0.035427456326700572 -0.025514542275312354 0.013881475765068377 -0.13832221193688421 -0.0018681856117569982 -0.01786423089897014 0.062101506087103055 -0.035887117052444954 -0.029013845847915332 -0.028191464627342899 0.042010526171688739 -0.0043861606871641199
leaf_weight=12.625158138573168 1400.1209082184359 468.40278766304255 51.083952629007399 6.3501760680228454 7.7604974126443294 6.9216591380536556 69.237463041208684 58.166943700052798 5.9978661257773629 34.7680011279881 14.558280546218155 22.604398914612833 7.2756968634203067 44.326044757850468
leaf_count=65 11756 4675 381 52 83 79 517 481 43 177 136 155 75 342
internal_value=-0.000137623 -0.00351368 -0.00931575 -0.0204467 -0.0527257 -0.0899168 -0.0152589 -0.0281471 0.000155167 -0.0109046 0.0101014 0.0186353 -0.0102906 0.00459378
internal_weight=2210.2 810.079 341.676 161.062 21.0323 13.2718 140.03 70.7921 180.614 85.0919 95.5223 80.964 29.8801 50.3239
internal_count=19017 7261 2586 1277 214 131 1063 546 1309 562 747 611 230 385
cat_boundaries=0 2 3 5
cat_threshold=3632692354 7 4546848 2424332288 1
is_linear=0
shrinkage=0.05


Tree=204
num_leaves=15
num_cat=1
split_feature=8 30 3 25 25 8 4 2 31 25 2 4 14 15
split_gain=7.07089 15.2351 15.9807 11.5928 17.3005 10.5153 8.42832 8.09571 9.27937 7.93513 14.0343 9.10112 7.90595 7.89981
threshold=42.500000000000007 0 0.14603696925043455 2.8644383577440622 0.28154773232057589 53.500000000000007 -0.053191191938545039 106.63892798139877 1.5000000000000002 5.4779066662326388 57.601515497387517 -16.554437400897466 18.218750000000004 1.9333417960812833
decision_type=10 9 8 10 8 10 8 2 2 10 2 8 10 10
left_child=12 9 -3 4 6 -5 -4 -7 -9 10 11 -2 -1 -6
right_child=1 2 3 5 13 7 -8 8 -10 -11 -12 -13 -14 -15
leaf_value=0.0014480566958880257 -0.027487267196637112 -0.046295726870144022 -0.036818564892648328 -0.030663765751058277 -0.037263905211858649 0.045485396280655059 0.036339525024738605 -0.037033236611416345 0.026016240174817309 0.036683406903219459 -0.02821071888998742 0.016995147758846748 -0.051133731192656989 -0.0044113695033560392
leaf_weight=1875.5245438003913 12.399226287379859 34.456649957224727 4.1411345340311527 11.377292715013025 63.568508106283844 18.471162065863609 17.387268814723942 8.5916916169226187 13.905911743640898 17.717877385206521 28.882407324388623 83.189800062216818 6.1765418555587521 25.945746760815382
leaf_count=16016 142 207 57 77 569 133 215 50 91 138 244 861 60 300
internal_value=4.84345e-05 -0.00657615 -0.0150774 -0.00916939 -0.0182613 0.0100983 0.0212574 0.0218791 0.00138671 0.00591517 0.00174945 0.0110003 0.00124839 -0.0278955
internal_weight=2221.74 340.035 197.845 163.389 111.043 52.3461 21.5284 40.9688 22.4976 142.189 124.471 95.589 1881.7 89.5143
internal_count=19160 3084 1699 1492 1141 351 272 274 141 1385 1247 1003 16076 869
cat_boundaries=0 2
cat_threshold=324309276 7
is_linear=0
shrinkage=0.05


Tree=205
num_leaves=15
num_cat=1
split_feature=10 7 26 10 30 11 5 7 11 5 54 33 3 7
split_gain=5.52861 11.4841 11.5137 5.39009 18.6011 14.1501 8.48769 9.32918 7.90608 7.71785 6.65707 8.13655 6.40785 5.54625
threshold=34.500000000000007 2.5000000000000004 63.500000000000007 16.500000000000004 0 7.9141626744359685 0.55016181229773475 4.5000000000000009 5.2864471478964505 1.1732352941176474 25.500000000000004 0.90000000000000013 0.98853722636391128 22.500000000000004
decision_type=2 2 2 2 9 2 8 2 2 10 10 2 10 2
left_child=3 -2 -3 9 5 6 -5 -8 -6 13 11 -10 -13 -1
right_child=1 2 -4 4 8 -7 7 -9 10 -11 -12 12 -14 -15
leaf_value=0.0024767152811811231 0.03732158256151618 -0.061564495600725369 -0.0049973569824020682 -0.081589989360449464 0.056269657538211386 0.028108853418606916 0.024317400812272641 -0.03865399796293667 0.035614914443070807 -0.033025669199620626 -0.028891676052982092 0.011394338850437388 -0.0348931242219487 -0.0029226699771449363
leaf_weight=877.64296553051099 6.9849311616271725 14.764522577635942 21.405259059742093 7.3745875228196374 10.001164048910139 10.072776721790431 7.1308956947177675 22.046230806969106 35.063850347883999 17.352939957752824 8.3912736391648632 121.92791838478297 7.0003346381708971 1035.8963156752288
leaf_count=11152 67 110 201 72 88 61 44 177 277 193 65 1029 52 5472
internal_value=-0.000252477 -0.0177669 -0.0291232 0.000105519 0.00734098 -0.0184843 -0.0366532 -0.0229679 0.0142392 -0.000755982 0.0123115 0.0145821 0.00863188 -0.000446247
internal_weight=2203.06 43.1547 36.1698 2159.9 229.009 46.6245 36.5517 29.1771 182.385 1930.89 172.383 163.992 128.928 1913.54
internal_count=19060 378 311 18682 1865 354 293 221 1511 16817 1423 1358 1081 16624
cat_boundaries=0 2
cat_threshold=320915714 4
is_linear=0
shrinkage=0.05


Tree=206
num_leaves=15
num_cat=1
split_feature=15 30 11 6 1 17 3 3 11 11 8 15 8 6
split_gain=4.94176 9.25959 7.47546 8.59602 8.41866 8.33841 6.04337 6.30113 6.18392 10.8453 6.32236 5.93696 9.43322 6.47821
threshold=1.0000000180025095e-35 0 5.4942746986067545 5.5000000000000009 0.51363749070171105 1.5000000000000002 0.0001708931943087471 0.3972568486313714 5.8873671214379657 7.0704562724286077 49.500000000000007 0.12026225674973236 59.500000000000007 30.500000000000004
decision_type=8 9 2 10 8 2 10 10 2 2 8 8 10 10
left_child=1 -1 3 -3 5 -4 -6 8 -8 -10 -11 12 -2 -13
right_child=11 2 4 -5 6 -7 7 -9 9 10 -12 13 -14 -15
leaf_value=-0.018077788604941743 0.019932856892938961 0.038802042530484526 0.00073383410934766899 -0.01965221697216394 -0.041328749093368179 0.052938999715084305 -0.022257641396278328 -0.015657223937577874 0.033535798468911665 0.010059244418200036 -0.037488298496729806 0.0022961601101280011 -0.026941192695669882 -0.0054621855955089794
leaf_weight=86.097098351456225 80.448319080285728 22.219264585524801 21.078244781121612 7.9181539220735422 11.568069546483455 11.031024618074296 14.986724320799111 69.799262416549027 29.283397810533643 16.185730382800102 10.901517603546383 1488.557229230646 11.477265776135026 327.4016999322921
leaf_count=628 550 219 139 81 89 70 105 674 222 98 60 14031 91 2005
internal_value=0.000586364 -0.00535633 0.000607697 0.0233062 -0.00316611 0.019726 -0.00807602 -0.00507933 0.00534098 0.0129384 -0.00973012 0.00152645 0.0138535 0.000895161
internal_weight=2208.95 301.068 214.971 30.1374 184.834 32.1093 152.725 141.157 71.3574 56.3706 27.0872 1907.88 91.9256 1815.96
internal_count=19062 2385 1757 300 1457 209 1248 1159 485 380 158 16677 641 16036
cat_boundaries=0 2
cat_threshold=2199913798 12
is_linear=0
shrinkage=0.05


Tree=207
num_leaves=15
num_cat=5
split_feature=11 30 29 3 8 29 23 30 1 8 34 11 6 25
split_gain=5.85592 14.944 12.5407 15.2015 12.122 10.5447 13.8176 12.4514 13.9163 13.8333 11.297 10.2791 10.6801 9.98678
threshold=6.0507588670874677 0 1 1.0000000180025095e-35 -2.4999999999999996 2 3.0956250000000005 3 2.9913793103448278 13.500000000000002 4 5.8240513000586569 25.500000000000004 1.0930348106329257
decision_type=2 9 9 8 8 9 10 9 8 10 1 2 8 8
left_child=1 -1 -3 -4 -5 7 10 8 9 -6 -7 -12 -13 -9
right_child=-2 2 3 4 5 6 -8 13 -10 -11 11 12 -14 -15
leaf_value=0.014593586790187595 0.0017252037410526153 0.019485688348011992 -0.041618587328382861 0.048434635844213841 -0.013444365436825334 -0.033325677908474592 0.029263206019757432 -0.0021377839080618695 0.024916982361004029 -0.07380764082066528 -0.017003626403059881 -0.013735290849477257 0.042463573971472726 0.019385845859041771
leaf_weight=88.965033754706383 1413.8751360573806 35.139115543104708 30.88152009434998 9.0077124047093076 22.03652435541153 81.740028301253915 15.339769138954578 257.15156028373167 9.5241894219070655 16.451496887952089 118.01065080054104 16.175006906501949 15.904036846011875 67.132110659498721
leaf_count=799 11440 413 278 87 346 660 183 2619 120 189 862 137 84 813
internal_value=-0.000195979 -0.00366084 -0.00613843 -0.00780136 -0.00620013 -0.00707136 -0.0148001 -0.00147825 -0.0226315 -0.040462 -0.0184645 -0.0102039 0.0145682 0.00229336
internal_weight=2197.33 783.459 694.494 659.355 628.473 619.465 247.169 372.296 48.0122 38.488 231.83 150.09 32.079 324.284
internal_count=19030 7590 6791 6378 6100 6013 1926 4087 655 535 1743 1083 221 3432
cat_boundaries=0 2 3 4 6 7
cat_threshold=4194880 10 2621858 4297728 838936582 5 2
is_linear=0
shrinkage=0.05


Tree=208
num_leaves=15
num_cat=0
split_feature=14 4 60 6 8 55 54 6 4 55 8 44 5 7
split_gain=5.01211 6.59804 5.8008 5.16917 4.64699 8.44628 12.7836 7.55158 6.38601 6.1955 5.59785 4.93405 9.9777 10.9018
threshold=-2.7458333333333322 47.984959381581625 228.00000000000003 -36.499999999999993 86.500000000000014 7.5000000000000009 97.500000000000014 -61.499999999999993 -48.721902238745209 22.500000000000004 72.500000000000014 1.0000000180025095e-35 0.35118938577586217 19.500000000000004
decision_type=8 10 8 10 10 10 8 8 8 10 8 2 8 2
left_child=-1 2 -2 -3 7 -6 -7 10 -9 11 -4 -10 13 -13
right_child=1 3 4 -5 5 6 -8 8 9 -11 -12 12 -14 -15
leaf_value=-0.025549264353440394 -0.046061059270902628 -0.0075094677082502325 -0.045352758635939981 0.038105350882704801 0.022330871325401409 -0.051467971835832495 0.03332893078115548 0.034187889089880692 0.00015647667826099539 0.023437896935879665 0.00056659802396086278 -0.03522005210784955 -0.01519114394609924 0.017334879393991556
leaf_weight=18.213650916237384 5.8777340613305569 8.6218609060160833 15.206744942348449 18.8325618468225 52.507940054405481 9.9791306639090163 6.5858682896941927 12.453892096877096 1805.3347333157435 25.959185710176826 11.198604042176159 11.019253328442572 145.27381099294871 54.867692623287439
leaf_count=122 35 136 123 261 439 77 68 140 15465 219 212 173 1397 266
internal_value=-0.000123537 0.000100128 -0.000215421 0.0240199 -6.87576e-05 0.0125959 -0.0177765 -0.00049491 -0.000147112 -0.000373098 -0.0265681 -0.000691093 -0.00790403 0.00815019
internal_weight=2201.93 2183.72 2156.26 27.4544 2150.39 69.0729 16.565 2081.31 2054.91 2042.45 26.4053 2016.5 211.161 65.8869
internal_count=19133 19011 18614 397 18579 584 145 17995 17660 17520 335 17301 1836 439
is_linear=0
shrinkage=0.05


Tree=209
num_leaves=15
num_cat=4
split_feature=9 28 7 3 28 29 15 30 30 1 30 4 27 8
split_gain=4.98784 4.80393 11.82 8.93002 7.5504 8.55957 21.8197 17.5487 11.3829 11.2773 11.0402 9.98075 9.51019 9.43094
threshold=9.5000000000000018 0.22035823111388067 38.500000000000007 0.078503781949654738 0.22212822191257417 0 1.7664427790385167 1 2 0.40936473165388837 3 0.0028353272993726368 0.39656540837245219 49.500000000000007
decision_type=2 8 2 10 8 9 10 9 9 8 9 10 10 10
left_child=1 2 -1 -4 -3 10 7 -7 -8 -9 12 -10 -6 -14
right_child=-2 4 3 -5 5 6 8 9 11 -11 -12 -13 13 -15
leaf_value=0.011528031631142705 0.036637699797864846 -0.030539725516811295 0.0047138930826357561 -0.024900120785693675 -0.019530059856089362 0.0042286849100198866 -0.0089121270170291877 -0.010029760149970783 0.021902687548254498 -0.031573266096328725 0.0035681218151527548 -0.019074018408629451 0.0086932792251954213 -0.044276961216302209
leaf_weight=239.60187401436269 8.352465885691343 20.326298504136503 55.385378489270806 45.699321445077658 106.21311031654477 104.1022804453969 66.562560689635575 120.7200172143057 112.39220585674047 124.10598052479327 1094.050334839616 16.317610857076943 75.531068249605596 8.4431184763088805
leaf_count=1680 171 150 361 390 818 701 497 699 1152 1100 10260 209 823 89
internal_value=0.000201109 4.54455e-05 0.00549229 -0.00878706 -0.000960715 -0.000615378 -0.00580343 -0.0133859 0.00744899 -0.0202123 0.00161844 0.0154125 -0.00917893 0.00290904
internal_weight=2197.8 2189.45 340.687 101.085 1848.76 1828.44 544.201 348.928 195.272 244.826 1284.24 128.71 190.187 83.9742
internal_count=19100 18929 2431 751 16498 16348 4358 2500 1858 1799 11990 1361 1730 912
cat_boundaries=0 1 3 4 6
cat_threshold=316738 2181832966 8 168616210 2147646720 9
is_linear=0
shrinkage=0.05


Tree=210
num_leaves=15
num_cat=2
split_feature=5 14 4 26 8 3 30 25 25 19 2 21 30 4
split_gain=4.55364 4.56054 5.74819 4.69469 7.44695 4.51195 13.6884 15.2133 16.3085 17.4176 12.5432 11.612 11.3319 18.1069
threshold=1.1732352941176474 -10.687499999999998 47.984959381581625 37.500000000000007 67.500000000000014 0.3703856646337465 0 0.10981022633846996 1.3629899525048559 26.250000000000004 -2.0669800220118044 0.99276888640533756 1 -16.144647437916639
decision_type=10 8 10 2 8 10 9 8 8 8 2 8 9 8
left_child=1 -1 5 -4 -5 6 11 -8 9 -9 -11 -3 13 -7
right_child=-2 2 3 4 -6 12 7 8 -10 10 -12 -13 -14 -15
leaf_value=-0.035082882068511005 -0.023187421613087095 -0.016819040828468683 -0.008546221618989382 0.049691610394179409 -0.016393519418507748 -0.039571975053721418 -0.023009977021398578 -0.012891938260556669 -0.0062758656332343107 -0.03514302351277114 0.013429586581744635 0.011806641749637949 -0.0061326323957344624 0.015601422923153398
leaf_weight=7.9563211761415005 19.437602967023849 37.920251416042447 8.6012037834152597 16.448209705762565 5.0945634767413166 15.755542635917662 73.868014260195196 88.200401877984405 457.03261988703161 12.855430309660731 364.18674535769969 407.2905410407111 559.17903109220788 133.56546030333266
leaf_count=49 213 297 102 236 71 257 633 510 2907 86 2794 3114 6276 1623
internal_value=0.000304618 0.000523817 0.000669796 0.0219967 0.0340295 0.000360675 0.0019663 -0.00132041 0.000425516 0.00700798 0.0116849 0.00913161 -0.00290393 0.00895929
internal_weight=2207.39 2187.95 2180 30.144 21.5428 2149.85 1441.35 996.143 922.275 465.243 377.042 445.211 708.5 149.321
internal_count=19168 18955 18906 409 307 18497 10341 6930 6297 3390 2880 3411 8156 1880
cat_boundaries=0 2 4
cat_threshold=1786307153 3 274011148 12
is_linear=0
shrinkage=0.05


Tree=211
num_leaves=15
num_cat=0
split_feature=15 9 0 1 24 1 56 27 2 11 24 25 11 27
split_gain=6.0392 4.98024 4.75733 10.2547 8.45455 8.55703 7.42744 5.49767 5.4095 11.3219 11.6779 13.9864 10.4453 9.47089
threshold=-15.76649556994648 9.5000000000000018 1.0000000180025095e-35 0.45199692780337947 0.14507037715371049 1.9953271028037387 1.0000000180025095e-35 0.39950577215528726 50.783563448673981 8.7311303020701896 0.33871503065998138 3.6791245862327413 5.7762891481427348 0.2390138838714638
decision_type=8 2 8 8 10 10 2 10 2 2 8 10 2 10
left_child=-1 2 3 6 -5 -6 7 -2 -4 10 -10 12 -12 -11
right_child=1 -3 8 4 5 -7 -8 -9 9 13 11 -13 -14 -15
leaf_value=-0.035292177671325087 0.0065443594668956745 0.036988867742006569 0.001140324928606182 0.012206756129903828 -0.031720237141913521 0.015974651256076191 0.026303773364844647 -0.036948267024468531 0.0036535330464083056 0.0094262486768405783 -0.052420659307231936 -0.056236457118280084 0.013171497874442637 -0.05291444116211419
leaf_weight=11.407794802449642 19.508532382547859 7.9130524839274576 1785.7318988651969 17.564454436302185 69.801076754927635 10.221977612003682 27.211696814745665 10.357796458527444 165.95006855390966 8.0944921839982289 6.9876751219853785 19.039801328442991 24.302900831215084 20.704810935072601
leaf_count=101 138 165 16044 128 512 70 167 99 1061 49 65 138 248 125
internal_value=-0.000507432 -0.000310516 -0.000462423 -0.00888642 -0.0186631 -0.0255058 0.0078625 -0.00924748 0.000183202 -0.00676701 -0.00277269 -0.0236197 -0.00264604 -0.0356643
internal_weight=2204.8 2193.39 2185.48 154.666 97.5875 80.0231 57.078 29.8663 2030.81 245.08 216.28 50.3304 31.2906 28.7993
internal_count=19110 19009 18844 1114 710 582 404 237 17730 1686 1512 451 313 174
is_linear=0
shrinkage=0.05


Tree=212
num_leaves=15
num_cat=1
split_feature=16 1 16 20 0 20 24 23 24 30 8 8 28 1
split_gain=5.29697 6.70013 5.27262 8.02741 6.32066 5.46262 4.98242 11.3081 9.53693 8.43968 10.886 7.42848 7.11691 6.6189
threshold=6.4925000000000006 0.88944444444444459 1.0600000000000007 3.1950000000000012 15.005000000000001 11.022500000000003 0.51119799682320366 30.505416666666672 0.49692066363660542 0 2.5000000000000004 54.500000000000007 0.55130834071513701 0.15430402930402934
decision_type=10 10 10 10 10 8 10 10 10 9 8 10 10 8
left_child=2 -2 6 4 -4 -5 7 8 12 -8 -11 -12 13 -1
right_child=1 -3 3 5 -6 -7 9 -9 -10 10 11 -13 -14 -15
leaf_value=-0.010834889789444184 -0.047960987174096997 -0.0034056921977668655 -0.0034934806340607169 -0.046034903477802085 0.040152755890751728 0.011150471925794839 0.019150618117713215 -0.039166867016108706 -0.026397399513004374 0.017200076967766105 -0.027229719457943072 0.021341722367959677 0.028214941283899859 0.00056250480526441235
leaf_weight=136.42864552140236 11.817960394546388 25.190758483484387 11.515968744643031 6.4819704471155983 27.328776989597827 8.7672733794897777 74.820433675311506 18.008531849831343 33.677905338816345 36.349275414831936 41.092647404409945 8.8950201245024783 21.185963239520788 1741.9392420705408
leaf_count=910 98 276 76 57 416 105 912 234 312 282 587 109 341 14420
internal_value=-1.69404e-05 -0.018521 0.000307551 0.0155776 0.0274504 -0.0144943 -9.0668e-05 -0.000790143 -0.000412589 0.00833098 -0.00300589 -0.0183377 6.17521e-05 -0.00027063
internal_weight=2203.5 37.0087 2166.49 54.094 38.8447 15.2492 2112.4 1951.24 1933.23 161.157 86.3369 49.9877 1899.55 1878.37
internal_count=19135 374 18761 654 492 162 18107 16217 15983 1890 978 696 15671 15330
cat_boundaries=0 2
cat_threshold=3634888970 8
is_linear=0
shrinkage=0.05


Tree=213
num_leaves=15
num_cat=3
split_feature=14 6 14 8 23 14 29 30 6 30 28 0 26 1
split_gain=5.98304 8.33235 6.87317 6.93033 5.88504 6.14357 6.661 12.3332 10.0357 9.81704 10.6527 10.9582 13.9956 24.3623
threshold=8.9837500000000023 7.5000000000000009 10.001250000000002 14.500000000000002 -1.7459027777777776 6.503750000000001 0 1 5.5000000000000009 2 0.381249266208808 67.020000000000024 248.00000000000003 0.40138888888888896
decision_type=10 10 10 10 8 10 9 9 10 9 10 10 2 8
left_child=4 2 -2 -4 -1 6 9 8 -8 -6 11 12 -11 -14
right_child=1 -3 3 -5 5 -7 7 -9 -10 10 -12 -13 13 -15
leaf_value=-0.036744232866048054 -0.075369951776763922 0.025609534551704685 -0.051749184566614349 0.00069786820263822926 0.014036296963986596 0.029124586469057218 -0.0043020976852680892 0.00014953883231120819 -0.026566686894710478 -0.00048570872558322637 0.014021230328606372 0.024416894820601012 0.038890885936834645 -0.037860919861048496
leaf_weight=9.6652261419221741 5.7672925842925897 7.6370017770677796 8.7034482546150702 17.876892456784844 160.94136555725709 17.569260841235518 119.73629701882601 884.07550401194021 87.278309331275523 640.7907320051454 131.27030534669757 38.050696874968708 11.76778758689761 56.173144903965294
leaf_count=69 83 67 129 225 1315 303 1511 8293 681 4313 1193 446 87 377
internal_value=-5.36872e-05 -0.0189786 -0.0299578 -0.017729 0.000305707 0.000489468 0.000239726 -0.00247787 -0.0131399 0.00308736 0.000931653 -0.00137246 -0.00278951 -0.0241957
internal_weight=2197.3 39.9846 32.3476 26.5803 2157.32 2147.65 2130.08 1091.09 207.015 1038.99 878.053 746.782 708.732 67.9409
internal_count=19092 504 437 354 18588 18519 18216 10485 2192 7731 6416 5223 4777 464
cat_boundaries=0 1 3 4
cat_threshold=283447 3256981514 1 1110540290
is_linear=0
shrinkage=0.05


Tree=214
num_leaves=15
num_cat=3
split_feature=8 11 3 54 30 2 10 30 30 3 28 24 27 11
split_gain=4.46834 5.8389 9.64913 5.79456 5.72804 5.4371 4.80592 20.9414 12.4597 12.0654 12.2003 11.6683 10.2101 14.7934
threshold=-2.4999999999999996 6.0383480601672499 0.183345722943934 88.500000000000014 0 65.935863907942192 10.500000000000002 1 2 0.74902225554183588 0.26398010930860311 0.096592475716169926 0.35921329820652648 7.0704562724286077
decision_type=8 2 8 10 9 2 2 9 9 10 10 10 10 2
left_child=1 -1 -3 6 -5 -6 8 9 12 11 -11 -8 -2 -14
right_child=3 2 -4 4 5 -7 7 -9 -10 10 -12 -13 13 -15
leaf_value=0.052200754386729609 -0.014713389008229411 0.034149161895015337 -0.032633362778543611 -0.0091692099969386438 0.058879581452298824 0.0074973444009502985 -0.010904292106700091 -0.0032801984996409573 0.0011088602895865766 0.045944557209179775 -0.036547584116874844 0.032200465761909054 -0.0094966326060082987 0.012312002595474353
leaf_weight=8.0734127592295426 298.53608869761229 10.750279022380711 9.0314591126516444 13.410635491833089 13.276289781555535 8.5645435284823161 17.956082123331726 380.25502483174205 959.10068833595142 5.1950644617900279 15.620115688070653 103.93550876248628 227.62584715569392 116.85874583851546
leaf_count=85 2463 82 92 102 100 66 147 3021 8187 45 167 928 2363 1199
internal_value=-0.000570758 0.0189755 0.0035561 -0.000831449 0.0189914 0.0277792 -0.00116905 0.00298892 -0.00252731 0.0185384 -0.0147968 0.0258136 -0.00783964 -0.00208431
internal_weight=2188.19 27.8552 19.7817 2160.33 35.2515 21.8408 2125.08 522.962 1602.12 142.707 20.8152 121.892 643.021 344.485
internal_count=19047 259 174 18788 268 166 18520 4308 14212 1287 212 1075 6025 3562
cat_boundaries=0 2 4 6
cat_threshold=540738 8 2152281164 3 3267998789 3
is_linear=0
shrinkage=0.05


Tree=215
num_leaves=15
num_cat=1
split_feature=30 3 8 11 11 11 3 8 24 8 7 15 6 6
split_gain=5.09616 9.82934 13.7812 10.5915 9.16047 11.3513 11.6883 11.8755 8.08003 8.70586 8.35045 7.54543 9.13312 7.51837
threshold=0 0.86084096239674157 8.5000000000000018 5.587866415462547 5.2531626891483265 6.0507588670874677 0.039364736693091741 32.500000000000007 0.43654890073219066 36.500000000000007 19.500000000000004 12.104135064064417 20.500000000000004 41.500000000000007
decision_type=9 10 8 2 2 2 10 8 10 8 2 8 10 10
left_child=1 4 -3 -4 -1 8 13 11 10 -10 -6 -8 -13 -7
right_child=-2 2 3 -5 5 6 7 -9 9 -11 -12 12 -14 -15
leaf_value=0.03080452937896096 0.00088180237980960076 -0.032662983184848622 -0.030049792708708795 0.049232522781512918 0.007536954651189063 0.0052098259601746251 -0.027949570306960238 0.0078687113786935561 -0.024539513015230469 -0.088317179252103473 -0.040072483540810055 0.018308897409567076 -0.033102305522133391 0.05195573823242039
leaf_weight=13.061542095616458 1854.9917967324145 9.0282127466052753 4.4052140209823873 22.955238673835993 19.432049951516092 50.153187429532409 90.184651761315763 52.184972928836942 13.68083345890045 9.1687804814428109 16.071647709235549 22.441613769158721 12.680242372676728 9.4566414467990381
leaf_count=113 16033 81 46 371 244 357 719 427 127 66 109 258 80 60
internal_value=-0.00016557 -0.00564712 0.0184387 0.0358581 -0.00872083 -0.0105662 -0.00564445 -0.0120663 -0.0301322 -0.0527614 -0.014522 -0.020365 -0.000654935 0.0133606
internal_weight=2199.9 344.905 36.3887 27.3605 308.516 295.455 237.101 177.491 58.3533 22.8496 35.5037 125.307 35.1219 59.6098
internal_count=19091 3058 498 417 2560 2447 1901 1484 546 193 353 1057 338 417
cat_boundaries=0 2
cat_threshold=1476704256 4
is_linear=0
shrinkage=0.05


Tree=216
num_leaves=15
num_cat=3
split_feature=7 26 29 30 24 30 3 28 14 12 27 26 10 19
split_gain=5.47464 12.9823 8.49588 13.9852 13.2331 10.2161 14.3414 12.5148 13.705 9.90395 9.68858 11.8103 11.5049 9.88564
threshold=11.500000000000002 3280.5000000000005 0 1 0.25956981714105726 2 0.93481427726891231 0.46716837651039239 3.4925000000000002 1.0000000180025095e-35 0.68381307191799812 891.00000000000011 16.500000000000004 26.250000000000004
decision_type=2 2 9 9 10 9 10 8 8 2 10 2 2 8
left_child=1 2 5 4 -4 6 7 -1 -9 -10 11 13 -13 -7
right_child=-2 -3 3 -5 -6 10 -8 8 9 -11 -12 12 -14 -15
leaf_value=0.027557600529030325 -0.001418033565180562 0.047177026865218255 0.003973094781247047 0.01086369347898785 -0.031508123313863108 -0.049132299422566396 -0.054237149904542807 0.026763516263822087 -0.044603068560179628 0.014195505493851053 -0.055137300651106627 0.011815606431577998 -0.043235149781202104 0.03174527931967823
leaf_weight=30.540867040865123 1755.4059642264619 16.341119467280805 43.34174912981689 73.345535256899893 64.966503981500864 3.061419751495122 11.734720848500727 14.731353111565111 25.987379569560289 9.2007594481110555 3.5898445136845103 44.506589128170162 10.991632379591463 100.1871280814521
leaf_count=728 11729 427 336 962 778 24 135 132 312 143 44 754 128 2508
internal_value=-0.000153519 0.004744 0.00305003 -0.005118 -0.0159445 0.00873504 -0.0044517 0.00283944 -0.0125274 -0.0292614 0.0160314 0.0189794 0.000340328 0.0288989
internal_weight=2207.93 452.527 436.185 181.654 108.308 254.532 92.1951 80.4604 49.9195 35.1881 162.337 158.747 55.4982 103.249
internal_count=19140 7411 6984 2076 1114 4908 1450 1315 587 455 3458 3414 882 2532
cat_boundaries=0 1 3 5
cat_threshold=4493573 3531653394 11 2690478080 4
is_linear=0
shrinkage=0.05


Tree=217
num_leaves=15
num_cat=2
split_feature=58 9 15 4 11 14 20 30 11 11 11 2 30 7
split_gain=4.91487 4.61247 4.08665 8.61766 8.43056 11.5451 8.28004 8.77695 13.6955 9.93101 7.97174 7.52241 7.06786 8.82481
threshold=1.0000000180025095e-35 9.5000000000000018 1.0000000180025095e-35 -19.101347844314162 6.7447362136187108 2.0599999999999992 6.327500000000005 0 6.0046522051940938 5.2531626891483265 6.216695913377416 214.43578376806386 1 11.500000000000002
decision_type=2 2 8 8 2 8 10 9 2 2 2 2 9 2
left_child=1 2 6 4 12 -6 7 9 -9 -1 -10 -12 -4 -14
right_child=-2 -3 3 -5 5 -7 -8 8 10 -11 11 -13 13 -15
leaf_value=0.02515306821654752 -0.026592465315757936 0.038277603547985276 0.0066538210333967956 0.0011546615622903549 -0.055771855485518919 0.022179666119136313 0.032020427360987078 -0.018874251218889686 0.054716312481146161 -0.019413315871159367 0.0015767333043683379 0.045511191211886889 -0.019583232626699112 -0.064106195518809847
leaf_weight=12.78276470210403 17.014500215649605 6.6938786059617987 18.245077610947192 1784.8201417466626 4.8404399771243334 24.736590766347948 12.777002366259692 45.792733400128782 10.006788454018531 149.24150614067912 59.910518284887075 10.653523798100649 32.044398790225387 17.296417148783803
leaf_count=101 114 165 253 15186 46 317 118 407 74 1152 451 67 514 150
internal_value=-0.00058258 -0.000368444 -0.00050441 0.000362019 -0.0140617 0.00801572 -0.00590202 -0.00768701 0.00251507 -0.0148534 0.0150624 0.00875307 -0.0236993 -0.0301625
internal_weight=2206.86 2189.84 2183.15 1881.98 97.1629 29.577 301.165 288.388 126.364 162.024 80.5708 70.564 67.5859 49.3408
internal_count=19115 19001 18836 16466 1280 363 2370 2252 999 1253 592 518 917 664
cat_boundaries=0 2 3
cat_threshold=3272131928 14 170934594
is_linear=0
shrinkage=0.05


Tree=218
num_leaves=15
num_cat=4
split_feature=15 30 29 30 2 6 8 11 11 30 28 8 0 11
split_gain=5.03343 8.81291 11.2673 8.49722 17.4251 11.3579 9.77634 11.9021 9.40059 9.25934 11.2228 8.26533 8.09785 7.81347
threshold=1.0000000180025095e-35 0 1 2 324.17898653627816 46.500000000000007 2.5000000000000004 8.0057006230328387 9.981594983479555 3 0.41244705585528219 9.5000000000000018 55.020000000000003 7.2470339994942483
decision_type=10 9 9 9 2 10 10 2 2 9 10 10 10 2
left_child=1 11 -3 5 8 6 7 9 -5 13 12 -1 -11 -2
right_child=3 2 -4 4 -6 -7 -8 -9 -10 10 -12 -13 -14 -15
leaf_value=0.015038324713614104 0.033144819085216153 0.0020395742189857624 -0.0095814297273854737 0.00743688538582888 -0.053252344164676738 -0.03623154537970695 -0.0064639425151502162 0.036012365496920572 -0.044998752162343607 -0.022226526159970842 0.034869800196417992 -0.0081559827352848217 0.028524242315285026 -0.020222972640813165
leaf_weight=119.43011730909348 33.626054120250046 353.23295796429738 497.05678316438571 666.22154602548108 11.320098144002257 23.452836660668254 304.63198749441653 31.162706550676376 7.6755774505436412 63.500285374000669 11.678741405718027 55.630339715629816 8.0810831347480399 7.8321112627163521
leaf_count=874 293 2187 4153 6857 67 217 3041 189 36 466 129 474 81 61
internal_value=-0.000148924 -0.00270457 -0.00478936 0.00209272 0.00562409 -0.00296326 -0.00125836 0.00889105 0.00677386 0.00188184 -0.00777085 0.00725136 -0.016183 0.0184731
internal_weight=2194.53 1025.35 850.29 1169.18 685.217 483.966 460.513 155.881 673.897 124.718 83.2601 175.06 71.5814 41.4582
internal_count=19125 7688 6340 11437 6960 4477 4260 1219 6893 1030 676 1348 547 354
cat_boundaries=0 2 3 5 7
cat_threshold=939565650 1 2446384 1510746962 9 1107304704 9
is_linear=0
shrinkage=0.05


Tree=219
num_leaves=15
num_cat=0
split_feature=2 10 15 23 26 1 11 6 3 11 6 19 20 1
split_gain=6.66376 5.01422 4.10489 4.31409 7.30241 4.40259 5.85189 7.38967 4.56047 10.269 11.1905 11.4425 14.598 9.92278
threshold=-28.47405517570655 4.5000000000000009 -15.76649556994648 -1.0000000180025095e-35 34.500000000000007 0.067041198501872665 5.4479865160092542 27.500000000000004 0.37441126417564702 7.9762244114588183 6.5000000000000009 37.000000000000007 21.595000000000006 0.6319659442724459
decision_type=2 2 8 8 2 8 2 10 10 2 10 10 8 8
left_child=1 -1 -2 4 -4 6 -5 -8 -7 10 -10 -12 -13 -11
right_child=2 -3 3 5 -6 8 7 -9 9 13 11 12 -14 -15
leaf_value=0.05897218110393182 -0.028770721530219596 -4.8697348073050493e-07 -0.047254295001933844 -0.049789313817180061 -0.0019902604817929512 0.0025286465580789601 0.024033558514670091 -0.017186876195390347 -0.0012155970622660002 -0.037072857291077399 -0.0091862737209821872 -0.0028264235685923223 -0.069727041156959504 0.016018067748229503
leaf_weight=7.406472211237995 11.389776509255169 6.3100372357293963 11.801981342956422 8.0942160822451097 29.623684574384242 1339.0872806655243 13.895822927355765 39.566777409985662 468.47075200034305 8.6807597791776043 108.21863225195557 13.840853552334009 19.156271103769541 101.85032297624275
leaf_count=90 97 60 104 60 197 9753 76 318 5975 54 923 144 152 1075
internal_value=0.00015407 0.0336863 -7.29202e-05 9.14741e-05 -0.0156956 0.000407087 -0.0126607 -0.00622843 0.000803665 -0.00240262 -0.00494752 -0.0172322 -0.0425737 0.0115535
internal_weight=2187.39 13.7165 2173.68 2162.29 41.4257 2120.86 61.5568 53.4626 2059.3 720.218 609.687 141.216 32.9971 110.531
internal_count=19078 150 18928 18831 301 18530 454 394 18076 8323 7194 1219 296 1129
is_linear=0
shrinkage=0.05


Tree=220
num_leaves=15
num_cat=4
split_feature=30 29 29 30 25 0 24 8 25 0 6 28 7 4
split_gain=7.04106 13.5577 9.29584 10.2491 9.00606 8.74519 9.55978 10.9597 8.17162 8.90327 8.15692 9.16613 7.46108 6.97065
threshold=0 1 2 3 1.2456822552926783 16.010000000000002 0.16848662505359768 1.5000000000000002 2.081822870052382 36.015000000000008 85.000000000000014 0.078551704130693775 31.500000000000004 45.903132832733242
decision_type=9 9 9 9 10 8 10 8 10 8 10 8 2 10
left_child=1 -1 3 4 -2 6 -3 -8 -6 12 11 -4 -10 -13
right_child=2 5 10 -5 8 -7 7 -9 9 -11 -12 13 -14 -15
leaf_value=0.013384774407233881 0.050495313688560729 0.02428590544770862 0.033317788799954326 0.00011149102511311816 -0.023108678898024808 0.0021456156944186337 -0.0032330205768732025 -0.047467179621585399 0.020646353614717949 0.033108708596064282 -0.043103531229590715 -0.0046632242273810754 -0.038871665673589469 0.034793915703391458
leaf_weight=226.46261115791276 18.45365556050092 10.050226256251333 15.407381231430916 356.64391533657908 12.804873557295648 193.65772525873035 26.361460985615849 29.252239383757114 10.150815401226284 39.280494560487568 12.369784995913504 1239.5507881063968 9.0374827012419683 10.307454221416263
leaf_count=2281 138 54 82 2400 84 1493 184 168 65 295 144 11581 42 211
internal_value=-0.00054425 0.00471021 -0.00204217 0.00410603 0.0182373 -0.00310158 -0.018842 -0.0269272 0.0118255 0.0197362 -0.0042069 -0.00382612 -0.00792291 -0.00431027
internal_weight=2209.79 485.784 1724.01 446.371 89.7273 259.322 65.6639 55.6137 71.2737 58.4688 1277.64 1265.27 19.1883 1249.86
internal_count=19222 4180 15042 3024 624 1899 406 352 486 402 12018 11874 107 11792
cat_boundaries=0 1 2 3 4
cat_threshold=2711684881 4231431 2376978 6029384
is_linear=0
shrinkage=0.05


Tree=221
num_leaves=15
num_cat=0
split_feature=2 10 3 24 3 3 26 9 1 24 55 27 24 15
split_gain=4.47794 7.8567 10.8034 6.83223 7.97851 8.18811 8.15342 7.67458 6.06054 6.01129 6.00192 6.62365 5.88269 5.78778
threshold=60.482017252749536 10.500000000000002 0.0031456561246285173 0.27334597685333389 0.53520864831938109 0.3922736574182123 47.500000000000007 6.5000000000000009 1.532191213042277 0.15769174853528931 37.500000000000007 0.25827902777897377 0.32644107884860535 0.29202008240516347
decision_type=2 2 10 10 8 10 2 2 8 10 8 8 10 10
left_child=-1 3 -3 7 5 6 12 10 -6 -4 -2 13 -5 -12
right_child=1 2 9 4 8 -7 -8 -9 -10 -11 11 -13 -14 -15
leaf_value=0.00053952373962820003 0.035449682893085858 0.05809621919735896 -0.029216577792549027 -0.0098820497159721882 0.025207956768846351 -0.078957096228560092 0.0070631306301610075 -0.038132263103596603 -0.01893261539996902 0.0082043786760410478 -0.034056826001497995 0.012978633112015839 -0.063586858040792657 0.0033454280139015649
leaf_weight=1954.0119465272874 10.690109899267553 8.1971009746193868 12.78369872458279 8.8009759280830639 10.414525000378488 8.6068530958145839 12.329110302031038 12.72950937785208 23.523573733866215 47.472326984629035 21.085572933778167 33.99029310233891 12.699360918253658 19.146409201435745
leaf_count=17453 62 38 74 53 103 64 75 87 265 321 121 225 82 111
internal_value=-0.000256929 -0.00665124 0.00762082 -0.0122769 -0.0233785 -0.03758 -0.0250882 -0.00344444 -0.00505347 -8.20683e-05 0.00213905 -0.00306611 -0.0430195 -0.0166076
internal_weight=2196.48 242.469 68.4531 174.016 76.3744 42.4363 33.8294 97.6419 33.9381 60.256 84.9124 74.2223 21.5003 40.232
internal_count=19134 1681 433 1248 642 274 210 606 368 395 519 457 135 232
is_linear=0
shrinkage=0.05


Tree=222
num_leaves=15
num_cat=0
split_feature=4 20 16 16 7 7 61 11 28 24 15 26 24 10
split_gain=5.05059 7.46176 5.49706 5.91376 4.25804 4.4787 4.24058 4.17118 8.89561 7.44814 5.59203 5.54431 6.05043 9.30758
threshold=-43.923616378731104 -7.7974999999999985 6.3149999999999995 7.7825000000000015 16.500000000000004 3.5000000000000004 2430.5000000000005 5.0955272191770922 0.35947412848720195 0.44639040095213939 -4.6371415870540345 40.500000000000007 0.32480770881160298 13.500000000000002
decision_type=8 10 10 10 2 2 8 2 8 8 10 2 8 2
left_child=1 -1 6 -4 5 -5 -2 8 11 10 -10 12 13 -8
right_child=2 -3 3 4 -6 -7 7 -9 9 -11 -12 -13 -14 -15
leaf_value=-0.024999026812804741 -0.025688887543675373 0.043787235392092339 -0.056110501282761099 -0.025730092356633861 -0.023384492591746263 0.03586523913690403 -0.022080824650032773 0.00047543070327926284 -0.054021707996438642 0.024128678820210438 0.0061790274247582912 0.073237350510745286 0.058507262167904889 0.046338620808084208
leaf_weight=4.6433464521542218 14.168155886232851 13.705532244406639 7.3216163450852028 3.6445670593529957 16.244561355561018 7.5401050597429276 11.747545271180579 2055.8877788335085 8.4856124166399223 9.8435663050040585 6.1866536326706436 5.5719690117985001 6.3919375194236627 7.1607089806348077
leaf_count=63 97 154 80 35 93 149 113 17798 65 110 87 47 74 61
internal_value=0.000555982 0.0259879 0.000328036 -0.0191156 -0.00761426 0.0153297 0.000654778 0.000843641 0.01426 -0.00808837 -0.0298631 0.031704 0.0201201 0.00485626
internal_weight=2178.54 18.3489 2160.19 34.7508 27.4292 11.1847 2125.44 2111.28 55.388 24.5158 14.6723 30.8722 25.3002 18.9083
internal_count=19026 217 18809 357 277 184 18452 18355 557 262 152 295 248 174
is_linear=0
shrinkage=0.05


Tree=223
num_leaves=15
num_cat=3
split_feature=15 15 6 30 29 25 24 19 3 30 24 25 25 15
split_gain=5.01048 8.37947 7.50451 12.9207 10.6701 12.3443 10.6093 13.8485 9.70532 9.19346 9.35288 11.2969 10.6414 8.46343
threshold=1.0000000180025095e-35 0.10461769783578169 30.500000000000004 0 1 2.867928307465768 0.32221649823258913 9.5000000000000018 0.5834259036315399 2 0.21253019323671499 7.8454301265326398 3.2924934923904541 0.6584226671514114
decision_type=8 8 10 9 9 10 10 8 8 9 8 10 10 8
left_child=-1 -2 9 -4 8 6 7 -6 -5 13 12 -12 -11 -3
right_child=1 2 3 4 5 -7 -8 -9 -10 10 11 -13 -14 -15
leaf_value=-0.00574496280949186 0.016089559906792315 -0.012676836974354719 -0.024046191172334273 -0.045647379128395942 -0.050895321578862798 -0.015646685936352885 0.033475519980581785 0.0086609829081891552 0.013277057263497967 0.0024057745439406749 -0.0012992074235210638 -0.044000029619665287 0.027356265516972917 0.014063043489974482
leaf_weight=307.26212118240073 88.195836530998349 33.215068500488997 68.280065943486989 24.545190264470875 9.6690943073481304 59.138246471062303 38.366855151951313 114.17449329793453 9.096793723292647 146.60967679135501 988.32056596456096 14.737705696374176 59.446882370859385 226.87890259316191
leaf_count=2451 614 229 530 166 99 347 178 613 58 1261 9727 103 348 2399
internal_value=0.000164008 0.00113195 0.000387424 -0.00649772 -0.000754298 0.00357815 0.0108593 0.00364069 -0.0231176 0.00190575 2.53455e-05 -0.0019698 0.00970129 0.0102213
internal_weight=2187.94 1880.68 1792.48 323.271 254.991 221.349 162.21 123.844 33.642 1469.21 1209.11 1003.06 206.057 260.094
internal_count=19123 16672 16058 1991 1461 1237 890 712 224 14067 11439 9830 1609 2628
cat_boundaries=0 2 3 5
cat_threshold=1384402952 2 32769 571736900 12
is_linear=0
shrinkage=0.05


Tree=224
num_leaves=15
num_cat=2
split_feature=30 29 11 6 24 26 3 9 26 25 56 19 55 6
split_gain=4.68766 10.3165 9.22014 11.8255 10.2945 9.40574 8.80363 8.41931 8.41496 8.13953 12.2416 14.7374 9.17833 9.13818
threshold=0 1 5.7867439836051124 36.500000000000007 0.31782361601167508 176.00000000000003 0.0070557504106214071 1.0000000180025095e-35 95.500000000000014 2.6869798255676725 3.5000000000000004 90.855000000000018 13.500000000000002 24.500000000000004
decision_type=9 9 2 8 10 2 8 2 2 10 2 10 8 8
left_child=1 2 4 6 -1 -5 -4 -6 -3 10 13 -12 -13 -10
right_child=-2 8 3 5 7 -7 -8 -9 9 -11 11 12 -14 -15
leaf_value=-0.035442440345125052 0.0016638705483330827 -0.016909759606602914 0.059002377034390645 -0.0450249716917588 0.057705222828996976 0.031697626599621803 0.013965261642416097 -0.010444623788379227 0.011903523425913292 0.019394109466293649 -0.038186385433060917 -0.04097012458069163 0.033314964721803557 -0.018779136042142281
leaf_weight=22.984842083416879 1621.7798590110615 163.24378729518503 11.31796001177281 13.082901561632754 5.9983819928020266 4.758780935779213 103.993968217168 12.18175307754427 86.070803541690111 36.228073699399829 46.805503505282104 4.7939629983156919 14.122835536487402 32.666445679962635
leaf_count=203 14150 1100 67 147 57 45 1053 134 986 197 408 46 206 274
internal_value=0.000304515 -0.00360576 0.00624653 0.0129815 -0.0138484 -0.0239651 0.018855 0.0138771 -0.00812844 -0.00195254 -0.00622702 -0.0233667 0.0133775 0.00337591
internal_weight=2180.03 558.25 174.319 133.154 41.165 17.8417 115.312 18.1801 383.931 220.688 184.46 65.7223 18.9168 118.737
internal_count=19073 4923 1706 1312 394 192 1120 191 3217 2117 1920 660 252 1260
cat_boundaries=0 2 3
cat_threshold=2324105603 4 791828
is_linear=0
shrinkage=0.05


Tree=225
num_leaves=15
num_cat=3
split_feature=7 29 30 4 30 18 3 0 11 8 11 3 8 18
split_gain=4.5337 7.72812 10.9555 12.6303 9.00736 9.69292 10.8147 11.571 11.6562 11.5878 11.0527 9.18686 9.09472 8.35038
threshold=19.500000000000004 0 1 -16.679313680265118 2 14.423750000000004 0.67429288121060538 1.9950000000000003 8.5022088434147012 3.5000000000000004 6.6902458012561459 0.63284960348405273 5.5000000000000009 -0.75249999999999939
decision_type=2 9 9 8 9 10 8 8 2 8 2 8 8 10
left_child=1 4 13 -4 -1 6 7 -6 -9 -10 12 -7 -8 -3
right_child=-2 2 3 -5 5 11 10 8 9 -11 -12 -13 -14 -15
leaf_value=0.017415450185455494 -0.0020286399437421838 -0.028075934535396446 -0.050136177872253107 0.0078786074647449328 -0.028006306641376173 -0.093530151672893011 -0.040648348667858214 0.013462744221503073 0.016565446477498375 -0.11042794174124737 0.014270758002521311 0.006590076105348959 -0.0068301878010956323 0.0088633111965323499
leaf_weight=121.86610185774043 1428.0173651762307 67.32812081836164 9.0734115689992887 136.58027208503336 18.740091986954212 4.0743787307292196 28.828292354941368 251.53776956954971 2.9391341181471935 2.8555720010772347 36.633863219060004 3.9529923060908922 61.200761475600302 19.190963808447123
leaf_count=2853 7778 493 70 1304 222 58 293 3973 52 49 762 59 981 197
internal_value=-0.000365244 0.0027392 -0.0047724 0.0036954 0.00599343 0.00223888 0.00343355 0.00897417 0.0117652 -0.0530574 -0.0086184 -0.0489585 -0.0179867 -0.0178367
internal_weight=2192.82 764.802 232.173 145.654 532.629 410.763 402.735 276.073 257.332 5.79471 126.663 8.02737 90.0291 86.5191
internal_count=19144 11366 2064 1374 9302 6449 6332 4296 4074 101 2036 117 1274 690
cat_boundaries=0 1 3 4
cat_threshold=308007 3500164354 2 41945438
is_linear=0
shrinkage=0.05


Tree=226
num_leaves=15
num_cat=3
split_feature=24 23 30 5 5 30 55 1 30 13 27 5 12 3
split_gain=4.77518 9.02895 7.80126 8.40168 5.75575 15.6791 12.2989 11.9679 8.95012 10.0669 8.93087 8.31737 7.45848 6.83869
threshold=0.51119799682320366 30.505416666666672 0 0.49508181818181823 0.32744966216216226 1 70.500000000000014 0.5187529301453353 2 0.42500000000000077 0.19954790456815344 0.33869812229176699 1.5000000000000002 0.48807543497656641
decision_type=10 10 9 10 8 9 8 10 9 8 8 8 2 10
left_child=1 4 -2 -4 5 -1 -7 -8 10 12 -9 -6 -10 -12
right_child=2 -3 3 -5 11 6 7 8 9 -11 13 -13 -14 -15
leaf_value=-0.0096015270823016901 0.018545576401262604 -0.038416946577213486 0.002796662822289857 -0.041307977479420777 -0.040782060652841894 0.042380369151108654 0.024824983671290803 0.022787919430377713 0.010204620889243468 0.025047112272860196 -0.041660735615340248 -0.0019335688169506077 -0.037134964276485695 0.0063492175545113621
leaf_weight=116.58915152726695 70.854893884621561 15.291116638109086 87.732954095117748 11.298349293880163 12.89806429389864 29.540579722262919 68.4408351900056 9.3282594913616759 17.912024034187201 45.965269110165536 28.868834729772061 1636.7903650449589 14.026852112263439 9.547485424205659
leaf_count=990 926 210 1029 111 122 196 431 112 154 509 262 13810 79 125
internal_value=-0.000661198 -0.00134434 0.00736269 -0.00236173 -0.0010403 0.004872 0.0123065 0.00816625 -0.00103212 0.0091257 -0.016036 -0.00226183 -0.0110821 -0.0298706
internal_weight=2175.09 2005.2 169.886 99.0313 1989.91 340.219 223.63 194.09 125.649 77.9041 47.7446 1649.69 31.9389 38.4163
internal_count=19066 17000 2066 1140 16790 2858 1868 1672 1241 742 499 13932 233 387
cat_boundaries=0 1 3 4
cat_threshold=3364688906 3230798872 4 961028417
is_linear=0
shrinkage=0.05


Tree=227
num_leaves=15
num_cat=4
split_feature=2 3 29 6 30 3 24 15 30 18 54 0 15 30
split_gain=4.24499 7.21836 3.94309 9.31327 7.20891 12.971 8.26997 5.78048 4.1222 11.6263 8.55231 8.91777 9.0807 8.12403
threshold=-28.47405517570655 0.22080143294219681 0 45.500000000000007 1 0.37441126417564702 0.065309068130400411 0.12026225674973236 2 10.017500000000002 7.5000000000000009 62.025000000000006 2.7802821132003812 3
decision_type=2 10 9 8 9 10 10 10 9 10 8 10 8 9
left_child=1 -1 3 4 5 7 -6 -2 9 10 -4 12 -12 -14
right_child=2 -3 8 -5 6 -7 -8 -9 -10 -11 11 -13 13 -15
leaf_value=-0.0051617486121001439 0.03604945031413289 0.067187181792537368 0.030805221557475355 -0.04811192648208 -0.030648078574126904 -0.055241722497467241 0.032563343837859381 -0.0139182556651214 0.00059805591652615944 -0.057898073560681933 -0.018889159702433739 0.014011601702122171 0.0076753334599910412 -0.011884107075845769
leaf_weight=7.3079560203477723 11.488972058519726 5.3124540322460234 16.137827765196562 5.3780249878764144 4.9465747606009236 9.0316671319305879 52.253477510530502 10.021184772253035 1687.8216570271179 9.1822761939838511 124.88180116936564 50.385242563206702 103.17771212430671 88.665690705180168
leaf_count=56 77 96 162 29 50 123 644 95 14476 107 928 663 846 748
internal_value=0.000163414 0.0279898 -1.09675e-05 0.00948579 0.0145875 -0.00619476 0.0227545 0.0131863 -0.000483685 -0.00502564 -0.00374228 -0.00534051 -0.00845349 -0.0015976
internal_weight=2185.99 12.6204 2173.37 93.1199 87.7419 30.5418 57.2001 21.5102 2080.25 392.431 383.248 367.11 316.725 191.843
internal_count=19100 152 18948 1018 989 295 694 172 17930 3454 3347 3185 2522 1594
cat_boundaries=0 1 3 4 5
cat_threshold=788257 167823370 2 3489930512 1073742864
is_linear=0
shrinkage=0.05


Tree=228
num_leaves=15
num_cat=3
split_feature=15 7 8 24 11 3 27 8 15 29 30 25 30 56
split_gain=4.84505 4.21866 7.17608 12.2934 11.3737 10.7228 7.91367 6.95215 6.71738 6.65163 16.463 9.68793 9.23216 11.7269
threshold=-15.76649556994648 49.500000000000007 1.0000000180025095e-35 0.30780940273166008 7.057019754872278 0.099934109201437929 0.061911632576011781 15.500000000000002 -1.0000000180025095e-35 0 1 -0.52867663198721038 2 22.500000000000004
decision_type=8 2 8 10 2 10 8 8 10 9 9 10 9 2
left_child=-1 9 3 5 -5 6 -3 -4 -9 10 -2 -12 -11 -14
right_child=1 2 7 4 -6 -7 -8 8 -10 12 11 -13 13 -15
leaf_value=-0.031409077271452125 -0.0060271636142017393 0.048499192098857682 -0.051237088073327601 0.065352923140121477 0.0008950215798569439 -0.039870249263696332 -0.005219673687332449 -0.037079954245523156 -0.00068786198313932755 0.0035410914518878215 -0.042436522892083023 0.016900613117129051 -0.003549011633075163 -0.066453511995982817
leaf_weight=11.243738382123409 153.77043481729925 6.9742056988179675 12.861657582223414 11.40452146343887 15.328999031335114 19.662868039682508 47.981542594730854 17.101370953023434 42.469633538275957 715.81401032814756 6.158237572759389 231.16835537785664 883.01531078480184 6.4759230315685263
leaf_count=105 1240 42 70 76 81 247 354 90 230 6714 56 1771 7981 45
internal_value=-4.44071e-05 0.000132485 -0.00731644 0.00129482 0.0297577 -0.00916122 0.00234247 -0.0192194 -0.0115748 0.000784244 0.00653305 0.0145776 -0.000656106 -0.00403578
internal_weight=2181.43 2170.19 173.785 101.352 26.7335 74.6186 54.9557 72.4327 59.571 1996.4 391.097 237.327 1605.31 889.491
internal_count=19102 18997 1190 800 157 643 396 390 320 17807 3067 1827 14740 8026
cat_boundaries=0 1 2 4
cat_threshold=2361255 1217261848 1775878681 8
is_linear=0
shrinkage=0.05


Tree=229
num_leaves=15
num_cat=3
split_feature=44 5 8 16 6 3 28 28 8 30 29 0 3 30
split_gain=4.66107 6.16705 7.41767 4.97889 6.98071 5.50748 19.9067 10.0078 4.54172 17.195 12.9359 10.5185 14.9826 9.81216
threshold=2.5000000000000004 0.51387304075235118 71.500000000000014 6.6500000000000012 4.5000000000000009 1.4105047430678241 0.39552454900575001 0.38262860227022505 16.500000000000004 0 1 46.445000000000007 0.74902225554183588 2
decision_type=2 10 8 10 8 10 8 10 10 9 9 10 8 9
left_child=3 2 -2 5 -5 8 7 -7 13 -10 -11 -12 -13 -1
right_child=1 -3 -4 4 -6 6 -8 -9 9 10 11 12 -14 -15
leaf_value=0.0070327217306239134 0.047638063744779101 -0.029509540105667743 -0.012516669750167426 -0.0036261159381651025 -0.05055443150251563 -0.0085932844273019747 0.04339497204283909 -0.088068394976424144 0.008062629035273999 -0.025943784229714037 0.00011405107699928382 -0.036144526075473575 0.0055545619887609103 -0.0015241505003351832
leaf_weight=512.07022778643295 16.236697691492736 4.4504275824874631 6.7902337736450198 24.643448252696544 10.802952707745133 7.2086022626608637 6.7160628070123485 8.4881335068494064 213.40647002402693 80.601715966593474 282.43455146439373 53.006007871590555 35.441072585526854 926.2602995368652
leaf_count=4189 201 81 75 280 91 90 162 50 2077 735 2645 578 431 7394
internal_value=-0.000334586 0.0197622 0.0301168 -0.000599132 -0.0189231 -0.000284814 -0.0244014 -0.0542707 -1.63428e-05 -0.0034307 -0.00885173 -0.00449689 -0.0195603 0.00156328
internal_weight=2188.56 27.4774 23.0269 2161.08 35.4464 2125.63 22.4128 15.6967 2103.22 664.89 451.483 370.882 88.4471 1438.33
internal_count=19079 357 276 18722 371 18351 302 140 18049 6466 4389 3654 1009 11583
cat_boundaries=0 2 3 5
cat_threshold=24991248 4 6623232 3936387863 11
is_linear=0
shrinkage=0.05


Tree=230
num_leaves=15
num_cat=2
split_feature=7 15 30 11 20 30 28 1 5 4 54 6 11 15
split_gain=5.22777 8.25336 14.4248 8.66567 6.64211 6.38563 7.94527 10.2932 8.81691 6.74347 6.45202 11.9281 6.40113 14.94
threshold=20.500000000000004 4.4600268181275071 0 5.4942746986067545 35.210000000000008 1 0.16523359956869296 0.15430402930402934 0.1512206666666667 -23.890544202715674 70.500000000000014 -21.499999999999996 7.9141626744359685 -0.15354942393963597
decision_type=2 10 9 2 10 9 10 10 8 8 10 8 2 10
left_child=4 5 -3 -4 -1 6 7 -2 -9 -7 -11 -12 -8 -14
right_child=1 2 3 -5 -6 9 12 8 -10 10 11 -13 13 -15
leaf_value=0.0022578034902924859 -0.036169087159603784 0.019017848043222395 0.014504309381033849 -0.026096996054624368 -0.044339164065377273 -0.033056753279557365 -0.018424029255044279 0.051800558802338692 0.0035962929436870262 0.00015127725975606145 -0.0058470571446579724 0.061218118005580684 -0.043114766188926366 0.02435070111912116
leaf_weight=892.86740086087957 9.8976195584982616 21.508921913802624 14.227322293445466 111.97880287654698 6.7153150122612706 13.867112286388872 150.9142198972404 12.55525867640972 32.16062680259347 858.36862348392606 14.028232790529726 11.309683941304685 10.649946827441452 26.808554774150252
leaf_count=12126 75 141 72 569 52 79 928 66 206 4481 83 57 68 154
internal_value=-0.00106251 -0.0031039 -0.0141835 -0.0198792 0.00186111 -0.0016578 -0.00864901 0.00768282 0.017968 0.000334865 0.000899403 0.0252755 -0.0138563 0.00454706
internal_weight=2187.86 1288.27 147.715 126.206 899.583 1140.56 242.986 54.6135 44.7159 897.574 883.707 25.3379 188.373 37.4585
internal_count=19157 6979 782 641 12178 6197 1497 347 272 4700 4621 140 1150 222
cat_boundaries=0 2 4
cat_threshold=33571844 8 33840142 1
is_linear=0
shrinkage=0.05


Tree=231
num_leaves=15
num_cat=0
split_feature=8 11 3 19 26 56 9 3 11 27 18 24 11 11
split_gain=4.87079 7.21963 8.85183 4.39683 9.68476 12.7892 9.80972 11.2214 10.3509 10.3178 10.017 8.91923 8.5116 11.5185
threshold=-2.4999999999999996 6.1337016384433714 0.15938168137529971 91.245000000000019 80.000000000000014 9.5000000000000018 1.0000000180025095e-35 0.35707334323099227 7.1565224197424717 0.32304879653322377 -1.3950000000000007 0.065309068130400411 5.6940182182217152 7.2998716855589283
decision_type=8 2 8 8 2 2 2 8 2 8 10 10 2 2
left_child=1 -1 -3 4 5 -2 11 8 9 -8 -9 -6 -13 -14
right_child=3 2 -4 -5 6 -7 7 10 -10 -11 -12 12 13 -15
leaf_value=0.053828054166782491 -0.0075882979684698468 0.034243858765967222 -0.029731838160821131 0.00077273651345295604 -0.042889391756318312 -0.047934659599775616 -0.0048131175294436239 0.016659860008639001 0.0021972456222554269 -0.051885501729406647 -0.010092002619801459 -0.010468151084214408 0.023575287225217133 -0.0063952531172152246
leaf_weight=9.0874459054321068 339.419548667036 9.6033342923037726 10.035307442769406 1373.2410261225887 7.0382264051586381 19.912419855594635 18.564159349538386 64.558054751716554 29.973673394881189 31.246393761597574 74.088020283728838 37.238571815192699 121.75853181025013 42.896421599201858
leaf_count=93 2528 72 87 11780 93 138 221 653 205 334 931 448 1176 369
internal_value=-0.000658665 0.0194438 0.0016958 -0.000934892 -0.0039129 -0.00995092 0.00117533 -0.00621987 -0.0210342 -0.0347818 0.00239462 0.00889955 0.0109075 0.0157758
internal_weight=2188.66 28.7261 19.6386 2159.94 786.694 359.332 427.362 218.43 79.7842 49.8106 138.646 208.932 201.894 164.655
internal_count=19128 252 159 18876 7096 2666 4430 2344 760 555 1584 2086 1993 1545
is_linear=0
shrinkage=0.05


Tree=232
num_leaves=15
num_cat=4
split_feature=2 34 30 30 3 11 10 29 2 11 26 1 25 25
split_gain=5.49774 4.23796 18.3935 11.0086 10.4102 10.16 14.2255 10.1553 15.1428 14.0687 9.98137 8.73765 11.1787 10.7889
threshold=538.53272974156255 0 1 2 1.332254291487746 7.3148090948669653 13.500000000000002 3 49.384465286933917 8.2928739464291858 149.50000000000003 0.4859764089121888 0.55477786283781794 0.30172012603733739
decision_type=2 1 9 9 10 2 2 9 2 2 2 8 8 10
left_child=1 3 5 -1 7 -3 10 9 -9 11 -7 12 13 -4
right_child=-2 2 4 -5 -6 6 -8 8 -10 -11 -12 -13 -14 -15
leaf_value=0.008458306396132792 -0.035770143773401895 -0.026243547107561806 0.00090589902280802754 -0.0037025696925092424 -0.04291993962033127 -0.048377078497899753 0.058631551710859646 0.0027389614806446996 -0.032175751902301097 0.049502710174235992 0.024442185502596425 0.0129519945274163 0.0097352831333300631 -0.042486192823568275
leaf_weight=218.27923386730254 9.4828425813466293 78.54721265938133 31.621878020465374 985.50572374695912 9.9876978984102589 9.648685474880045 8.5730334287509304 299.4047374939546 33.636129626072943 21.232367516029626 7.5940817128866902 356.64184229867533 84.956129590980709 25.12734255567193
leaf_count=2312 52 580 179 8918 135 65 46 2492 271 167 51 3223 488 138
internal_value=0.0003526 0.000526798 0.00299017 -0.00145281 0.00540953 -0.0158752 0.00955361 0.00608865 -0.000847709 0.0103454 -0.0167241 0.00878844 -0.00170766 -0.0187102
internal_weight=2180.24 2170.76 966.971 1203.78 862.608 104.363 25.8158 852.62 333.041 519.58 17.2428 498.347 141.705 56.7492
internal_count=19117 19065 7835 11230 7093 742 162 6958 2763 4195 116 4028 805 317
cat_boundaries=0 1 2 4 5
cat_threshold=2 405023760 137637392 1 311332
is_linear=0
shrinkage=0.05


Tree=233
num_leaves=15
num_cat=0
split_feature=4 11 20 5 44 11 25 25 11 4 13 25 11 20
split_gain=5.56129 9.57583 5.76132 4.61373 13.5162 10.3208 8.75672 8.71521 8.50255 9.18506 8.9739 7.8921 7.85943 8.95835
threshold=-34.855450481698924 5.3034292707011801 -8.6774999999999931 0.32663063063063069 1.0000000180025095e-35 5.1040946476067672 3.9951793811967309 0.35079712279751335 5.6182426820460014 -24.609247070469692 1.7300000000000009 9.1451879585464173 7.6609709838272844 -74.749999999999986
decision_type=8 2 8 8 2 2 10 10 2 8 10 10 2 8
left_child=1 -1 -3 5 11 -2 7 -6 10 -10 -7 -5 -11 -14
right_child=3 2 -4 4 6 8 -8 -9 9 12 -12 -13 13 -15
leaf_value=-0.035973990357623817 0.052127102584299971 -0.014422161283197767 0.040195242283728116 0.0013053059155308322 0.0090001142832831452 -0.026078851368475844 0.0038921180827066375 -0.026508534930236582 -0.050048840276342349 0.012998062066576114 0.029902570861034795 -0.023564762797988071 -0.038456059154672644 0.0029026380279017338
leaf_weight=5.6089376118034115 10.488458428997545 5.352538762614131 25.753337956033651 1560.3618582333438 20.119092599954456 37.809636560734361 49.811051464639604 105.35864989692345 5.9499162985011935 225.72315464122221 7.8979479912668458 31.565495604649186 15.061460457742212 70.22342430241406
leaf_count=55 96 84 309 13529 259 394 338 1104 64 2085 145 166 87 453
internal_value=0.00074657 0.0197798 0.0306405 0.000411 -0.000656548 0.00545503 -0.0137931 -0.0207889 0.00396563 0.00688205 -0.0159725 0.000797687 0.00812811 -0.00476242
internal_weight=2177.08 36.7148 31.1059 2140.37 1767.22 373.154 175.289 125.478 362.666 316.958 45.7076 1591.93 311.008 85.2849
internal_count=19168 448 393 18720 15396 3324 1701 1363 3228 2689 539 13695 2625 540
is_linear=0
shrinkage=0.05


Tree=234
num_leaves=15
num_cat=0
split_feature=2 2 11 26 24 28 9 1 26 1 26 11 24 8
split_gain=3.67095 11.2399 9.03601 8.8464 12.3721 7.94581 7.39438 6.93672 9.0085 8.81652 11.2468 11.6884 8.38174 6.60716
threshold=56.421036130140372 135.01238252017393 5.8556448174048787 65.500000000000014 0.2603247241309829 0.37492566278667133 1.0000000180025095e-35 0.86391694725028068 34.500000000000007 0.45199692780337947 63.500000000000007 6.8499354605121487 0.28856866460177433 37.500000000000007
decision_type=2 2 2 2 8 8 2 10 2 10 2 2 10 8
left_child=-1 3 -3 4 6 -6 -2 9 12 10 11 -4 -9 -8
right_child=1 2 7 -5 5 -7 13 8 -10 -11 -12 -13 -14 -15
leaf_value=0.00090809512573895466 -0.033217865544880376 -0.043119620686133321 0.021235576130680729 0.0015885492440281452 -0.061191929855238164 -0.014394219067384282 0.037983202851081331 0.042654817315363268 -0.017050368889994737 0.057962385822587587 0.052523451415365345 -0.048154326078155528 -0.011406812858668564 -0.010728029051258775
leaf_weight=1933.6243905499578 14.875075738877056 7.8318196833133689 12.827623728662731 47.335893417708576 25.679793866351247 14.903390564955769 10.855002626776697 15.957803507335486 36.93108316231519 12.724447861313818 9.5158089771866781 9.8755316659808141 11.825558061711488 16.08409452997148
leaf_count=17388 83 44 71 369 196 142 64 111 276 66 65 53 90 100
internal_value=0.00017371 -0.00555071 0.00563114 -0.0156429 -0.0254424 -0.0447658 -0.00608032 0.00947114 -0.00106074 0.0243291 0.00970109 -0.00970615 0.0200475 0.00955694
internal_weight=2180.85 247.223 117.49 129.733 82.3974 40.5832 41.8142 109.658 64.7144 44.9434 32.219 22.7032 27.7834 26.9391
internal_count=19118 1730 776 954 585 338 247 732 477 255 189 124 201 164
is_linear=0
shrinkage=0.05


Tree=235
num_leaves=15
num_cat=1
split_feature=14 54 11 4 8 11 30 28 19 3 6 19 15 6
split_gain=5.40524 4.48095 11.1048 7.64282 5.0843 5.17607 14.4224 12.2963 9.74449 9.13912 8.4567 9.63208 8.36824 9.62414
threshold=18.218750000000004 79.500000000000014 8.4501266134289228 -4.530856182100357 -2.4999999999999996 7.8117707955069458 0 0.48587753307360615 61.735000000000007 0.14253403845748722 41.500000000000007 98.250000000000014 3.4310602520153712 31.500000000000004
decision_type=10 10 2 8 8 2 9 10 10 8 10 10 10 8
left_child=1 4 3 -3 -1 -6 10 8 12 -10 11 -7 13 -8
right_child=-2 2 -4 -5 5 6 7 -9 9 -11 -12 -13 -14 -15
leaf_value=0.022080543076930352 -0.034972596718965604 -0.0052284529751374749 -0.027320069345616184 0.043574105070799785 -0.00087833138698075559 0.028092058509675968 0.018398605046246814 0.04307087490566671 -0.067083944207509696 -0.012893918618156043 -0.015840594186422523 -0.026494571023230207 -0.021109289876057473 -0.0070502973472862376
leaf_weight=26.079506100621074 9.5536080505698902 11.23641336802393 10.603615593165157 25.424193502869457 1719.9597556022927 107.46650272840634 72.673653041012585 13.241712165065108 9.3651686012744886 34.105510219931602 14.23364091850817 7.9586917003616682 35.629521301016212 74.133932169526815
leaf_count=255 102 100 80 193 15735 842 455 124 50 279 124 86 287 360
internal_value=0.000724476 0.000898304 0.0159626 0.0288745 0.000554251 0.000275045 0.00564171 -0.00192696 -0.00482765 -0.0258144 0.0182596 0.024133 0.000286489 0.00558683
internal_weight=2171.67 2162.11 47.2642 36.6606 2114.85 2088.77 368.808 239.149 225.908 43.4707 129.659 115.425 182.437 146.808
internal_count=19072 18970 373 293 18597 18342 2607 1555 1431 329 1052 928 1102 815
cat_boundaries=0 2
cat_threshold=305681498 2
is_linear=0
shrinkage=0.05


Tree=236
num_leaves=15
num_cat=2
split_feature=7 26 5 26 11 25 30 19 5 15 1 28 5 30
split_gain=4.59376 8.85374 7.74023 7.60329 9.1848 11.3698 8.57021 8.72505 11.7026 8.62732 7.77055 8.89452 7.67549 7.80712
threshold=13.500000000000002 3280.5000000000005 0.92806617391304369 435.50000000000006 8.1465931639191069 0.97964723094598882 0 84.175000000000026 0.42382216783216792 -3.7534401247474469 0.16784037558685447 0.35426524656675773 0.59384166666666671 1
decision_type=2 2 10 2 2 10 9 10 10 8 8 10 10 9
left_child=1 2 -1 6 5 12 7 9 -9 -2 11 -11 13 -5
right_child=3 -3 -4 4 -6 -7 -8 8 -10 10 -12 -13 -14 -15
leaf_value=0.0033074185177070338 -0.03530445300651959 0.03699657638764349 -0.055061252825572254 -0.01331943628012233 0.027879746347049622 -0.029312684976927291 -0.0027770582680477032 -0.00088652867110646395 -0.051594423310627295 -0.035414188074825069 0.012946625446703792 0.014767303603584357 -0.039982343535017957 0.012874369500926897
leaf_weight=469.84134338283911 9.6535589732229692 18.498941224534065 4.7512123547494403 40.400267215445638 13.226337493397294 70.884380217641592 1051.0554779721424 81.821733579970896 12.222902865149079 17.839136870577931 310.0910271089524 15.821561101824043 11.672908255830405 52.974732559174299
leaf_count=7631 54 470 86 311 101 461 6703 508 86 133 1976 94 94 425
internal_value=-0.00026975 0.00397091 0.00260854 -0.00151038 -0.0109287 -0.0139873 -0.000315 0.00540309 -0.00795049 0.00912147 0.0104679 -0.0120818 -0.00346712 0.00147297
internal_weight=2180.76 493.091 474.593 1687.66 189.159 175.932 1498.51 447.45 94.0446 353.405 343.752 33.6607 105.048 93.375
internal_count=19133 8187 7717 10946 1392 1291 9554 2851 594 2257 2203 227 830 736
cat_boundaries=0 2 3
cat_threshold=2742068254 10 277429250
is_linear=0
shrinkage=0.05


Tree=237
num_leaves=15
num_cat=1
split_feature=8 24 30 15 24 5 11 24 28 15 24 24 3 1
split_gain=8.66423 6.21886 6.45025 11.5797 9.70963 7.32281 11.4667 9.7117 9.53504 7.16489 7.25325 10.2551 6.74975 6.20345
threshold=-2.4999999999999996 1.0000000180025095e-35 0 2.7465573888265964 0.1094222555353324 0.53806498951781989 6.2944628813264458 0.25550449422175509 0.39552454900575001 5.8634459836956898 0.25081969032043183 0.33871503065998138 1.0061038498297641 1.2284929190445997
decision_type=8 8 9 10 10 10 2 10 10 10 10 10 10 10
left_child=-1 -2 3 4 -3 8 -7 -8 12 -4 -11 -12 -5 -6
right_child=1 2 9 5 13 6 7 -9 -10 10 11 -13 -14 -15
leaf_value=0.027960901794033363 -0.0328662403496503 0.01184771201839047 0.0030317038912910455 0.0082085098290669914 -0.0072130387860773644 -0.0496374575318849 -0.039150185218901387 0.03082556488624974 0.034200587871551523 0.011274402997851329 -0.032913203208978635 -0.0037154402280916866 -0.035799103416568945 -0.021153301583079036
leaf_weight=26.355481159407645 13.610849492251871 53.482023398391902 1287.2333733988926 94.849557608831674 336.94289244245738 12.563170058652757 6.2855285052210119 14.679868188221006 34.909874548204243 38.617901673074812 43.205041472800076 95.027609915472567 8.5954932598397118 104.45973802777007
leaf_count=252 83 425 10551 963 2457 156 46 216 629 380 453 1273 90 1131
internal_value=-6.78137e-07 -0.000357199 -0.000134227 -0.00417052 -0.00811263 0.00691958 -0.0137605 0.00901923 0.0119939 0.00172227 -0.00767524 -0.0130121 0.00424407 -0.0105524
internal_weight=2170.82 2144.46 2130.85 666.768 494.885 171.883 33.5286 20.9654 138.355 1464.08 176.851 138.233 103.445 441.403
internal_count=19105 18853 18770 6113 4013 2100 418 262 1682 12657 2106 1726 1053 3588
cat_boundaries=0 2
cat_threshold=2441227332 11
is_linear=0
shrinkage=0.05


Tree=238
num_leaves=15
num_cat=3
split_feature=11 29 30 30 54 11 10 15 7 1 15 10 11 2
split_gain=4.71368 9.18494 15.2766 11.8971 10.5179 9.11659 11.336 8.72966 9.49583 8.14178 7.99407 10.6315 9.54495 7.81781
threshold=6.5014022619081091 0 1 2 19.500000000000004 7.2470339994942483 13.500000000000002 3.3055696391055345 14.500000000000002 0.44499449944994501 0.78459989472193936 16.500000000000004 6.8499354605121487 136.68289240584565
decision_type=2 9 9 9 8 2 2 8 2 8 8 2 2 2
left_child=-1 2 5 4 -3 6 -2 -4 -9 -10 12 -12 -6 -14
right_child=1 3 7 -5 10 -7 -8 8 9 -11 11 -13 13 -15
leaf_value=-0.0028844947525228848 0.0083807377421417101 -0.021630337717427083 -0.027903623773077726 0.011621664991220941 0.022439598299829392 0.029985560077505836 -0.053519590460798308 0.014124500646439109 0.00081837137924624208 -0.028549897739985505 0.0024709277673022915 0.030616274743047747 -0.025480097941304625 0.0090979003617345424
leaf_weight=1107.4305040179752 43.706452266778797 52.647311084903777 69.719141882844269 332.01611181627959 18.00210505258292 38.519251886755228 7.863835332915186 39.771487577818334 44.406675603240728 49.234969716519117 234.93817697232589 38.186890566255897 63.599522936157882 21.304382456466556
leaf_count=10485 554 466 650 2480 110 307 87 584 271 268 1873 329 399 123
internal_value=-0.000607852 0.00178486 -0.00561826 0.00465479 -0.000896897 0.0107359 -0.00189681 -0.0130503 -0.00610928 -0.0147614 0.00203183 0.00650339 -0.00978461 -0.0167988
internal_weight=2161.35 1053.92 293.222 760.695 428.678 90.0895 51.5703 203.132 133.413 93.6416 376.031 273.125 102.906 84.9039
internal_count=18986 8501 2721 5780 3300 948 641 1773 1123 539 2834 2202 632 522
cat_boundaries=0 1 3 5
cat_threshold=6915120 2986607888 6 730629200 14
is_linear=0
shrinkage=0.05


Tree=239
num_leaves=15
num_cat=3
split_feature=4 20 4 60 20 30 7 15 30 19 29 1 1 25
split_gain=4.92951 7.0169 7.00526 6.35764 5.23347 11.2608 7.0312 11.5001 13.4516 15.8739 11.2294 7.88055 8.14029 7.17217
threshold=-34.855450481698924 -7.9950000000000037 -32.186623058526415 403.50000000000006 2.2775000000000039 0 16.500000000000004 2.7465573888265964 1 98.250000000000014 2 2.9913793103448278 0.6256868131868133 0.50183241891363872
decision_type=8 8 8 8 10 9 2 8 9 10 9 8 10 10
left_child=1 -1 -2 -4 6 -6 7 8 9 11 -10 12 -5 -14
right_child=2 -3 3 4 5 -7 -8 -9 10 -11 -12 -13 13 -15
leaf_value=-0.019966276603931611 -0.045349460494500893 0.031322798049461316 -0.047013130230829099 0.036747184361330468 0.0040092991181836946 -0.022320316181439804 -0.00066261256409773199 0.012595090081218003 0.020759779465183287 0.037718752085137773 -0.021085615177848453 0.0051240391477328853 -0.0033818536288276867 -0.037696558038528061
leaf_weight=8.0898586828261596 7.4661970315501094 26.010894320905209 6.0998841151595116 4.0450068274512878 86.167437466792762 64.732051522471011 1478.1973586594686 290.71921572787687 66.834136496763676 12.697646749205886 12.259949314408003 25.286920133978128 20.097587136551738 64.671813761815429
leaf_count=112 91 311 39 77 854 582 8559 5470 1280 232 167 256 303 748
internal_value=0.000347368 0.0189331 4.23973e-05 0.000222561 0.000380149 -0.00856349 0.00106754 0.00620843 -0.00282676 -0.0124109 0.012491 -0.019347 -0.0262938 -0.0296953
internal_weight=2173.38 34.1008 2139.28 2131.81 2125.71 150.899 1974.81 496.612 205.893 126.799 79.0941 114.101 88.8144 84.7694
internal_count=19081 423 18658 18567 18528 1436 17092 8533 3063 1616 1447 1384 1128 1051
cat_boundaries=0 1 3 4
cat_threshold=1641831700 1923624274 12 127108
is_linear=0
shrinkage=0.05


Tree=240
num_leaves=15
num_cat=2
split_feature=7 1 0 30 6 2 19 0 28 30 2 1 19 3
split_gain=4.16289 10.6915 7.99552 8.77795 9.55606 8.15205 7.82432 8.06836 8.16598 8.7513 9.6822 9.24635 10.4878 14.0298
threshold=22.500000000000004 0.19538706256627789 0.50500000000000012 0 -13.499999999999998 57.601515497387517 8.7500000000000018 43.57500000000001 0.18315895323120793 1 18.080470886692584 1.5841194968553463 90.112500000000011 0.8529249102147507
decision_type=2 8 8 9 8 2 8 8 8 9 2 10 10 10
left_child=1 -1 3 -3 -5 6 -4 -8 -9 10 11 -10 13 -13
right_child=-2 2 5 4 -6 -7 7 8 9 -11 -12 12 -14 -15
leaf_value=0.031479169661647224 -0.0023814494614891623 0.0093107524950040293 -0.025080172181486754 0.0031318328558816687 -0.051376635710568865 -0.011370118061631941 0.01741085573576092 0.028256537769115464 -0.0038540948714484071 0.0055504697334658876 0.022279553440461071 -0.082136598111050438 -0.010231773380238016 0.0082796684118378837
leaf_weight=28.878377420827746 1164.7111763134599 22.121414452791214 21.644557280465961 11.468182086944578 25.066417245194316 96.781696080230176 107.43397318385541 28.934418974909931 139.21903989557177 436.88080957718194 24.339067323599011 13.839306455571206 32.068483788054436 5.7949724467471233
leaf_count=177 6387 214 123 82 261 944 1567 385 1668 6156 358 241 392 96
internal_value=-0.000353729 0.00202112 0.00110845 -0.0166248 -0.0273518 0.00227239 0.00391415 0.0047408 0.00271961 0.00154505 -0.00652704 -0.0106364 -0.0284793 -0.0563427
internal_weight=2159.18 994.471 965.592 58.656 36.5346 906.936 810.155 788.51 681.076 652.142 215.261 190.922 51.7028 19.6343
internal_count=19051 12664 12487 557 343 11930 10986 10863 9296 8911 2755 2397 729 337
cat_boundaries=0 2 4
cat_threshold=2290123794 2 1231153494 3
is_linear=0
shrinkage=0.05


Tree=241
num_leaves=15
num_cat=3
split_feature=0 13 8 3 27 13 30 56 25 7 0 13 29 30
split_gain=4.43651 8.10969 7.60032 7.07346 8.38021 4.82811 11.5458 8.90957 8.77028 7.94234 6.26812 6.10419 5.89483 19.554
threshold=94.990000000000023 1.6708333333333323 28.500000000000004 0.68945213469732891 0.41433753855321592 1.4975000000000007 0 14.500000000000002 1.3121255221430732 20.500000000000004 22.520000000000003 7.9674999999999985 1 2
decision_type=10 10 10 10 8 10 9 2 10 2 10 10 9 9
left_child=5 3 -3 -2 -5 12 8 10 -7 -10 -8 -12 13 -1
right_child=1 2 -4 4 -6 6 7 -9 9 -11 11 -13 -14 -15
leaf_value=-0.008983081587730599 0.03481057931867141 -0.065787829703801176 -0.0024461897505443282 0.02789490953821458 -0.025779582973911259 0.035757962535125053 -0.017594589390902641 -0.040116091797849272 0.032067454803283019 -0.010179997720298843 0.019252339824797255 -0.0082739670182047139 -0.0027732560403214233 0.0080928981404596676
leaf_weight=231.9972691363655 9.5830364227294904 10.551469950005414 8.1618636045604926 9.0100259352475387 26.211146258749068 49.183152964804322 30.484661594964564 13.541952249594031 16.573023862205446 29.435853023082018 50.651515129487962 32.271740051917732 1119.8762200465426 535.93958176486194
leaf_count=1721 80 89 90 70 237 787 270 95 408 173 748 427 10239 3689
internal_value=-4.55452e-05 -0.0129611 -0.0396867 -0.00117591 -0.0116579 0.000349218 0.00730445 -0.00303156 0.0192871 0.00539654 0.00144364 0.00856882 -0.00047265 0.00288016
internal_weight=2173.47 63.5175 18.7133 44.8042 35.2212 2109.95 222.142 126.95 95.192 46.0089 113.408 82.9233 1887.81 767.937
internal_count=19123 566 179 387 307 18557 2908 1540 1368 581 1445 1175 15649 5410
cat_boundaries=0 2 3 4
cat_threshold=47270980 14 4481954 444928018
is_linear=0
shrinkage=0.05


Tree=242
num_leaves=15
num_cat=1
split_feature=28 2 6 27 24 29 25 1 28 56 11 25 6 0
split_gain=5.59229 3.74348 4.07126 11.0832 9.56859 9.45007 8.36538 9.79709 9.59899 11.996 8.81894 7.86783 6.93046 9.71907
threshold=0.078551704130693775 -38.16300247429448 30.500000000000004 0.55110561830195726 0.4888976020403169 0 1.886439995538401 0.13527590090090094 0.19248173524219681 3.5000000000000004 6.968455174368164 1.3121255221430732 39.500000000000007 2.0200000000000005
decision_type=8 2 10 10 10 9 10 8 8 2 2 10 10 10
left_child=-1 -2 -3 4 5 -4 7 11 -9 10 -10 -7 -8 -14
right_child=1 2 3 -5 -6 6 12 8 9 -11 -12 -13 13 -15
leaf_value=0.019863558665913047 0.028428926478158437 0.00068302404016430522 -0.024004189882260524 -0.04991866172543246 0.044908538766588298 -0.036572293241070128 -0.024247202052783186 -0.0073275989640973569 0.048590404036525883 -0.015552166001092266 0.01305348408119813 0.022622838435346272 0.0069841080366223208 -0.039946153226152865
leaf_weight=34.537141202483326 10.409104711376129 1776.6144139580429 43.066091014072299 12.341377556324003 8.9451589565724117 19.289617326110605 52.478301082737744 41.365796267986298 34.174535257741809 16.819064734503627 36.674967970699072 6.9850434921681872 65.285226628184319 12.235297635197638
leaf_count=181 107 16597 262 94 62 174 269 362 192 100 175 52 365 160
internal_value=0.000191851 -0.000135264 -0.000288397 -0.00521203 -0.00343365 -0.00488287 -0.00104783 0.00673011 0.0124073 0.0216966 0.0306326 -0.020583 -0.0104005 -0.000837438
internal_weight=2171.22 2136.68 2126.27 349.66 337.319 328.374 285.308 155.309 129.034 87.6686 70.8495 26.2747 129.999 77.5205
internal_count=19152 18971 18864 2267 2173 2111 1849 1055 829 467 367 226 794 525
cat_boundaries=0 1
cat_threshold=2129921
is_linear=0
shrinkage=0.05


Tree=243
num_leaves=15
num_cat=0
split_feature=15 11 15 2 27 5 24 25 61 27 28 42 27 25
split_gain=5.56873 7.49788 6.30789 5.04288 4.49135 6.7189 4.09344 5.65602 3.77683 3.87119 10.9399 8.71045 8.76911 10.9841
threshold=11.552444423230671 6.3546134597957957 12.434666817496536 0.19180196402566188 0.39613188877061095 0.50755000000000006 0.30064718216475916 1.0107278867471627 1150.5000000000002 0.35692996707527141 0.23091215069949975 1.0000000180025095e-35 0.44152267343451329 1.3629899525048559
decision_type=10 2 10 2 10 10 10 8 8 10 10 2 8 10
left_child=8 3 -3 4 6 -6 7 -2 -1 -10 -11 12 13 -12
right_child=1 2 -4 -5 5 -7 -8 -9 9 10 11 -13 -14 -15
leaf_value=-0.034593903365546776 -0.04844918107097447 -0.042122359412168103 0.012867493814229426 0.011292602672953969 0.0046931232640535954 -0.056288188963748112 -0.069082484257783919 0.019360500920686072 -0.0013254663497394459 0.044129372288428628 0.01675436972400594 -0.046021667346297201 -0.0011259284023744113 -0.0023311423607754295
leaf_weight=6.6819696985185146 7.0163511149585265 5.1924244421534231 32.288271601777524 7.5488176150247446 14.624009512830527 5.450318193063139 10.310789950191973 4.2819782244041562 1186.1935724802315 14.926336277276276 194.13271771324798 8.2295583230443281 527.82839202973992 122.48996997391805
leaf_count=51 69 69 414 77 220 59 99 62 9268 117 1861 102 5497 949
internal_value=-0.000124971 -0.0124636 0.00435276 -0.0250977 -0.0317981 -0.013749 -0.0472155 -0.0232653 0.000400079 0.000530711 0.00306708 0.00229743 0.0028222 0.00938678
internal_weight=2147.2 86.713 37.4807 49.2323 41.6834 20.0743 21.6091 11.2983 2060.48 2053.8 867.607 852.681 844.451 316.623
internal_count=18914 1069 483 586 509 279 230 131 17845 17794 8526 8409 8307 2810
is_linear=0
shrinkage=0.05


Tree=244
num_leaves=15
num_cat=1
split_feature=11 28 2 2 2 12 11 8 1 8 19 29 25 2
split_gain=4.51208 4.26657 4.07346 3.63874 10.5012 8.77215 11.013 6.94487 7.04128 9.80948 9.78728 8.82494 11.2044 9.0317
threshold=10.461220044647936 0.059856735518329131 538.53272974156255 135.01238252017393 73.484187192320405 2.5000000000000004 7.2736197295518439 -10.499999999999998 0.8099343185550083 9.5000000000000018 61.735000000000007 0 4.1743285286831471 36.92559574869923
decision_type=2 8 2 2 2 2 2 8 8 10 8 9 8 2
left_child=1 -1 3 4 7 6 -6 -3 9 11 -10 12 -9 -13
right_child=-2 2 -4 -5 5 -7 -8 8 10 -11 -12 13 -14 -15
leaf_value=0.029806162383001877 -0.035471524146833258 0.036811248259160316 -0.031245669310083157 0.0090296428669157571 -0.021368069036630636 -0.046843590300780204 0.022167618621935899 0.012398159111767388 0.022848226352904732 -0.018034833952396249 0.0018791123627074316 -0.0043251121764196938 -0.020692798265300186 0.038511588900834962
leaf_weight=10.817850388120858 8.081827010959385 11.8236140855588 9.59485926479101 101.44017889816314 49.272659055888653 18.801006608642638 19.510481618344784 185.7807780536823 59.073247600812465 94.169807218015194 759.16377830691636 801.84018247015774 28.715935429558158 11.503981439396737
leaf_count=59 44 109 54 700 361 117 138 1298 849 502 8849 5802 188 71
internal_value=-0.000302392 -0.000154554 -0.000319037 -0.000165924 -0.000627457 -0.0174649 -0.00887838 0.000136548 -0.00010579 -0.00267706 0.00341904 -0.00125383 0.0075426 -0.00362813
internal_weight=2169.59 2161.51 2150.69 2141.1 2039.66 87.5841 68.7831 1952.07 1940.25 1122.01 818.237 1027.84 214.497 813.344
internal_count=19141 19097 19038 18984 18284 616 499 17668 17559 7861 9698 7359 1486 5873
cat_boundaries=0 1
cat_threshold=331810
is_linear=0
shrinkage=0.05


Tree=245
num_leaves=15
num_cat=3
split_feature=7 29 2 30 24 30 19 15 28 12 7 28 28 26
split_gain=5.29706 9.25051 25.5821 15.1014 12.9175 10.3132 8.98896 8.35416 11.6284 9.36342 9.14095 8.70051 7.93732 7.74192
threshold=19.500000000000004 0 18.526559223348098 1 0.29530232814741258 2 65.90000000000002 1.9054016084005243 0.35947412848720195 1.0000000180025095e-35 38.500000000000007 0.23902179009124289 0.39385403348847753 243.50000000000003
decision_type=2 9 2 9 8 9 10 10 10 2 2 10 10 2
left_child=-1 3 4 13 -3 6 -6 8 -5 -10 -9 -12 -4 -2
right_child=1 2 12 7 5 -7 -8 10 9 -11 11 -13 -14 -15
leaf_value=0.0023776239762631629 -0.0031016867473974809 -0.024175939578631806 -0.058508068561362772 -0.00037120867256799 -0.011343157090319781 0.0026202912292469203 -0.059190020484401223 0.023525275697317619 -0.0076743520129365014 0.051070722963017227 -0.033795686420285638 0.017594669926677568 -0.014951673894438256 -0.019602724876630059
leaf_weight=762.28602641401812 260.5635073184967 70.99341931566596 29.365882288664579 362.52117893844843 64.367830345407128 341.12895609252155 10.764255978167055 104.36276846006513 9.7783541306853312 19.532128626480699 14.783687481656672 16.305437684059143 17.290516406297684 97.0111213196069
leaf_count=11414 1485 412 146 1942 355 1841 53 561 52 108 97 85 94 575
internal_value=-0.000982028 -0.00278753 -0.00790176 0.000388577 -0.00461979 -0.00123454 -0.016693 0.00572316 0.00211524 0.031866 0.0164875 -0.00713441 -0.0430188 -0.00741389
internal_weight=2181.06 1418.77 533.911 884.858 487.254 416.261 75.1321 527.284 391.832 29.3105 135.452 31.0891 46.6564 357.575
internal_count=19220 7806 2901 4905 2661 2249 408 2845 2102 160 743 182 240 2060
cat_boundaries=0 1 3 4
cat_threshold=2122790 411931984 6 3226494986
is_linear=0
shrinkage=0.05


Tree=246
num_leaves=15
num_cat=5
split_feature=3 29 30 8 20 5 54 44 30 1 7 29 30 3
split_gain=5.74214 10.7905 11.2719 10.8089 7.75449 7.05813 10.3409 10.2359 10.3336 6.97497 6.86798 10.9289 12.378 8.52373
threshold=0.036740339653081017 0 1 37.500000000000007 -1.0000000180025095e-35 0.32418248847926268 82.500000000000014 1.0000000180025095e-35 2 0.4859764089121888 19.500000000000004 3 4 0.22080143294219681
decision_type=10 9 9 10 10 10 8 2 9 8 2 9 9 10
left_child=1 2 9 5 -4 6 -3 8 -8 -1 -2 12 -12 -13
right_child=10 3 4 -5 -6 -7 7 -9 -10 -11 11 13 -14 -15
leaf_value=0.035173370832304089 0.0026549218412211888 0.049859917082507824 -0.0065503144912548595 -0.020786033159958014 -0.05490845929759372 -0.019018867481200033 -0.0089812698168895474 -0.033478285741226868 0.018276818548533098 -0.014841448061707641 0.021030531424405322 -0.0031225883105512882 -0.0017351816815312912 -0.01637445407641069
leaf_weight=28.521182803437114 665.03794766543433 19.063086703419685 194.55105547606945 24.243105918169022 7.6917208386585108 15.132266208529471 38.015786292031407 10.684817572124301 214.99937817361206 8.5011223871260864 59.149143356829882 263.6114585082978 395.18324472755194 224.77845218963921
leaf_count=165 10266 143 1419 134 68 140 257 56 1214 87 357 1516 1964 1318
internal_value=0.000286899 0.00463571 -0.00343964 0.01041 -0.00824492 0.0133581 0.0151517 0.0124637 0.014528 0.0186861 -0.00123357 -0.00397659 0.00165575 -0.00905759
internal_weight=2169.16 561.404 239.265 322.138 202.243 297.895 282.763 263.7 253.015 37.0223 1607.76 942.722 454.332 488.39
internal_count=19104 3683 1739 1944 1487 1810 1670 1527 1471 252 15421 5155 2321 2834
cat_boundaries=0 1 2 3 4 5
cat_threshold=4760592 939565312 268715016 2122754 1079525388
is_linear=0
shrinkage=0.05


Tree=247
num_leaves=15
num_cat=2
split_feature=7 7 25 10 26 3 4 1 28 29 30 55 28 54
split_gain=3.97633 4.52842 6.4123 4.6079 6.87425 6.63284 7.26496 5.50205 4.17785 3.76824 12.462 13.1483 10.4212 10.9282
threshold=-39.499999999999993 -2.4999999999999996 2.0271604670906513 34.500000000000007 63.500000000000007 0.16542488794718715 -8.6067078247953628 0.80215288970757548 0.24148522600378577 0 1 7.5000000000000009 0.58948923330918079 85.500000000000014
decision_type=2 2 8 2 2 8 10 10 8 9 9 8 8 10
left_child=-1 2 8 9 7 -6 -7 -5 -2 10 12 -12 13 -3
right_child=1 3 -4 4 5 6 -8 -9 -10 -11 11 -13 -14 -15
leaf_value=-0.026935749604659415 0.047218523957327029 -0.010098245341748831 -0.009416386386614883 -0.010230246580498426 0.05094413935574077 -0.044119638283661874 0.016541733049187799 -0.072092697811234951 0.012867560488650507 -0.0021744513777925945 0.059655105965354921 0.0061965113936343838 0.020691478246635628 0.036186010181257576
leaf_weight=13.190501917153595 12.330289633013306 293.10989293269813 21.312444658949971 7.1077995840460044 4.0019024489447501 8.7471242398023623 9.2023702217265946 7.1665306640788913 29.962040110491216 1253.3485666266643 10.818870238959787 457.66576094413176 34.025317938067019 12.364875381812451
leaf_count=75 69 2254 115 46 31 95 94 71 221 12403 84 3229 310 78
internal_value=-0.000554562 -0.000381163 0.0126576 -0.000782383 -0.0182172 -0.000281338 -0.013788 -0.0439752 0.0237419 -0.0004673 0.00218018 0.00739791 -0.0050261 -0.00811281
internal_weight=2174.35 2161.16 63.6048 2097.56 36.2257 21.9514 17.9495 14.2743 42.2923 2061.33 807.985 468.485 339.5 305.475
internal_count=19175 19100 405 18695 337 220 189 117 290 18358 5955 3313 2642 2332
cat_boundaries=0 1 3
cat_threshold=288547 3666085139 6
is_linear=0
shrinkage=0.05


Tree=248
num_leaves=15
num_cat=1
split_feature=14 30 1 13 27 0 11 15 24 28 23 11 11 6
split_gain=5.10178 4.3589 6.935 7.00698 6.48185 6.31255 10.493 5.36508 5.06806 5.05491 4.73951 4.65503 4.54633 4.43604
threshold=-3.6249999999999996 0 0.055250305250305255 -1.0000000180025095e-35 0.13230556660950141 86.455000000000013 5.5770469822384809 -0.007786228657931253 0.69230259882080503 0.76941676436107864 18.59354166666667 6.5827588665272474 5.8152045456818442 44.500000000000007
decision_type=8 9 8 8 8 10 2 8 10 8 10 2 2 10
left_child=-1 2 -2 -4 -5 7 -7 -6 -3 12 13 -8 -10 -9
right_child=1 8 3 4 5 6 11 10 9 -11 -12 -13 -14 -15
leaf_value=-0.028599072266388942 -0.038374996826497115 -0.001042826896226659 -0.037404773812102277 -0.011340344889454056 -0.015156330637237174 0.028369380783201649 -0.051879695703057872 0.014973741777092119 -0.014406078801756171 0.018151189803541534 -0.022423861893514901 -0.0032548893023206351 -0.086066316032649318 -0.010677624870231555
leaf_weight=14.887983856722711 8.2387496959418041 1705.1914513679221 8.3357272949069721 44.508610522374511 17.989665668457747 9.472665457986297 11.840582545846702 277.84503362048417 5.0925544956698978 3.11552443727851 8.6321044489741308 8.2111142342910153 3.7266532052308321 17.249160334467888
leaf_count=104 59 15154 58 372 124 77 93 2486 86 68 101 128 49 98
internal_value=-0.000370892 -0.000160205 0.00438867 0.00546149 0.00645639 0.00873736 -0.013073 0.0107732 -0.00127256 -0.032461 0.0123537 -0.0330684 -0.0503682 0.0134433
internal_weight=2144.34 2129.45 412.323 404.085 395.749 351.24 29.5244 321.716 1717.13 11.9347 303.726 20.0517 8.81921 295.094
internal_count=19057 18953 3596 3537 3479 3107 298 2809 15357 203 2685 221 135 2584
cat_boundaries=0 2
cat_threshold=544573184 9
is_linear=0
shrinkage=0.05


Tree=249
num_leaves=15
num_cat=1
split_feature=3 30 25 5 2 25 25 24 7 3 5 5 7 9
split_gain=4.83933 14.5671 8.3055 9.10866 8.34854 7.33202 13.7099 9.06107 12.6548 11.5557 9.77875 8.33963 7.84754 10.5405
threshold=0.3703856646337465 0 0.076770010142614364 0.31396341085271323 -1.0000000180025095e-35 2.2581184312235725 2.1282547126871907 0.3414197343581446 -4.4999999999999991 0.75547399570523621 0.59384166666666671 0.029219594594594601 11.500000000000002 4.5000000000000009
decision_type=8 9 10 8 2 8 10 10 2 10 10 8 2 2
left_child=-1 2 -2 -4 -5 6 11 8 -7 10 -10 -3 13 -13
right_child=1 5 3 4 -6 7 -8 -9 9 -11 -12 12 -14 -15
leaf_value=0.0017109681849154614 0.041310362454120508 -0.053524448205153223 0.031325969520809682 0.037154671409443944 -0.0010810569128119841 -0.041274391251160475 -0.06718091623906533 -0.022212943351490721 0.0078139200850364642 0.040099732033889599 -0.048253358666312446 0.0062324776564353498 -0.013636468416599391 -0.04105830370217544
leaf_weight=1272.2574737365358 14.643055427819489 9.7085366751998645 26.441527625545859 14.12696293927729 253.07626931043342 11.729061856865881 9.7741666520014387 33.439877977129072 95.538751781918108 26.028057923074812 7.462354931049048 115.57592265913263 261.70381719246507 12.10874379519373
leaf_count=9576 271 59 371 165 2479 58 86 323 692 301 75 2316 2053 302
internal_value=-0.000267877 -0.00309109 0.00561631 0.00389282 0.00107145 -0.00766169 -0.0114451 0.000795851 0.00638018 0.0109962 0.00332697 -0.00991556 -0.00869395 0.00146353
internal_weight=2163.61 891.357 308.288 293.645 267.203 583.069 408.871 174.198 140.758 129.029 103.001 399.097 389.388 127.685
internal_count=19127 9551 3286 3015 2644 6265 4816 1449 1126 1068 767 4730 4671 2618
cat_boundaries=0 2
cat_threshold=408491548 12
is_linear=0
shrinkage=0.05


Tree=250
num_leaves=15
num_cat=3
split_feature=29 11 3 28 3 44 5 30 25 24 30 24 11 7
split_gain=4.90189 9.67233 7.16136 6.39052 5.30317 4.18119 15.4974 11.52 11.1565 10.0711 9.05342 8.69412 7.90329 7.6376
threshold=0 6.8499354605121487 0.28788776871712413 0.30556958268004086 0.0070557504106214071 1.0000000180025095e-35 0.32199163636363642 1 13.464756026816501 0.21253019323671499 2 0.1094222555353324 7.496377666359205 35.500000000000007
decision_type=9 2 8 8 10 2 8 9 10 10 9 10 2 2
left_child=1 2 4 -4 -1 -2 7 12 9 10 11 -8 -7 -12
right_child=5 -3 3 -5 -6 6 8 -9 -10 -11 13 -13 -14 -15
leaf_value=-0.01808612030538639 0.0017571721387123211 -0.053770872140778581 -0.038156531440744573 0.013216829038377296 0.044248280614383628 0.057091398338504809 -0.017461379128320392 -0.0043050738256202687 0.03176851701072865 -0.02841782047535233 -0.0061524622288829985 0.040357512890801084 -0.00044685207521109492 -0.050096076416409729
leaf_weight=4.4167359061539164 1844.3877677246928 11.779479047283528 15.361874772235753 8.9604595927521569 9.3456486193463189 22.031201034784321 8.9808782469481248 47.968349253758788 11.888362448662518 85.875045268796384 38.388073636218905 18.819985746406019 8.0346573758870345 12.487371237948535
leaf_count=33 16211 95 87 154 121 168 107 360 67 989 284 132 60 155
internal_value=0.000524661 -0.013473 -0.00339921 -0.0194558 0.0243734 0.000923236 -0.00506809 0.0133737 -0.0132538 -0.0166788 -0.00366976 0.0161235 0.0319206 -0.0148362
internal_weight=2148.73 49.8642 38.0847 24.3223 13.7624 2098.86 254.474 78.0342 176.44 164.551 78.6763 27.8009 30.0659 50.8754
internal_count=19023 490 395 241 154 18533 2322 588 1734 1667 678 239 228 439
cat_boundaries=0 1 3 5
cat_threshold=720960 1074577472 2 1107853312 8
is_linear=0
shrinkage=0.05


Tree=251
num_leaves=15
num_cat=0
split_feature=27 3 6 25 3 2 2 2 26 27 15 8 6 25
split_gain=6.19328 5.05404 6.79776 5.17446 4.9795 4.81586 7.84454 9.89526 9.01175 4.76137 5.82466 6.33208 5.47037 4.81665
threshold=0.061911632576011781 0.54491893223246912 22.500000000000004 0.34044436344106793 0.051896747649622529 -7.7452303123844652 -2.1562103553344367 -0.0017448529702202007 13.500000000000002 0.49666454487514206 7.3613158315106535 70.500000000000014 20.500000000000004 1.6955193678265925
decision_type=8 8 10 10 8 2 2 2 2 8 8 10 10 10
left_child=1 2 -1 -4 -5 9 8 -8 -7 10 11 12 -2 -12
right_child=5 -3 3 4 -6 6 7 -9 -10 -11 13 -13 -14 -15
leaf_value=-0.023580101390837493 0.050963556624438182 0.044376074737068893 -0.0097742724104564853 0.070566559818527497 0.010387444088485475 -0.065498270552817373 0.034941970964213108 -0.0014937173846367923 0.0010024540433105386 0.04543243836918312 -0.046974615942995755 -0.025628445561669419 -0.0037947200306695816 0.013886825971014042
leaf_weight=11.036651557311417 12.616936296690264 11.744151883758603 7.3439697381109026 6.1340417973697159 7.425482578575612 9.215167813003065 17.809383534360677 2012.7470941999927 10.103539935313163 9.0103669296950084 6.6294031906872934 5.2028216868638983 6.6609508064575484 5.0317958774976432
leaf_count=87 159 85 45 35 73 66 156 17808 115 151 73 40 50 55
internal_value=-0.000715742 0.0177042 0.00684764 0.023256 0.0405881 -0.00110809 -0.00146702 -0.00115711 -0.0323812 0.0148659 0.00622752 0.0198553 0.0327892 -0.0216903
internal_weight=2138.71 43.6843 31.9401 20.9035 13.5595 2095.03 2049.88 2030.56 19.3187 45.1523 36.1419 24.4807 19.2779 11.6612
internal_count=18998 325 240 153 108 18673 18145 17964 181 528 377 249 209 128
is_linear=0
shrinkage=0.05


Tree=252
num_leaves=15
num_cat=3
split_feature=11 29 11 34 6 6 0 26 7 1 0 11 7 29
split_gain=5.0208 8.833 13.4768 9.34784 9.89104 9.43276 11.8449 8.04626 10.5259 9.03188 7.47247 7.27616 6.50391 6.25143
threshold=6.0507588670874677 0 5.8152045456818442 1 43.500000000000007 -35.499999999999993 96.440000000000012 1675.0000000000002 -13.499999999999998 0.95394283290024939 99.305000000000021 5.2531626891483265 3.5000000000000004 2
decision_type=2 9 2 1 10 8 8 2 2 10 10 2 2 9
left_child=1 2 -1 4 5 6 -3 8 -7 -9 12 -6 -10 -5
right_child=-2 3 -4 13 11 7 -8 9 10 -11 -12 -13 -14 -15
leaf_value=0.042222570990959968 0.0015964716409095879 0.024416699009391377 -0.02304595479800018 0.0061229137478137456 0.063000745568429592 0.055776427079067395 -0.01509897143554592 -0.0070737087109222878 0.010850595512454847 -0.071738338431960813 -0.067757712364018077 -0.00076377362970701671 -0.016199419021920503 -0.0068733540520173374
leaf_weight=25.09709745971486 1380.1616475065239 35.280265780165792 10.593165595084427 221.04466204438359 6.6229956950992372 4.3942995406687251 38.773270148783922 9.5598757266998309 23.913137982599437 12.17013551481068 5.6153004616498938 10.772715689614413 228.5216443547979 143.21600594418123
leaf_count=330 11443 480 126 2135 47 30 288 84 356 109 29 147 2330 1142
internal_value=-0.000212164 -0.00342861 0.0178776 -0.00465755 -0.0102439 -0.0120518 0.0038014 -0.0161819 -0.0136467 -0.0448526 -0.0150397 0.0256181 -0.0136043 0.00098781
internal_weight=2155.74 775.575 35.6903 739.884 375.624 358.228 74.0535 284.174 262.444 21.73 258.05 17.3957 252.435 364.261
internal_count=19076 7633 456 7177 3900 3706 768 2938 2745 193 2715 194 2686 3277
cat_boundaries=0 1 2 3
cat_threshold=2622754 2 49152
is_linear=0
shrinkage=0.05


Tree=253
num_leaves=15
num_cat=0
split_feature=2 27 2 3 2 8 28 14 4 5 16 4 54 8
split_gain=5.11091 7.78275 7.28434 6.51529 5.59624 5.42289 4.72576 4.569 7.043 6.88247 5.32568 5.13942 6.12734 7.34598
threshold=-6.1836924596141198 0.35921329820652648 -3.4997870312151451 0.30600721671588188 -0.0017448529702202007 1.0000000180025095e-35 0.26775360088841299 8.1700000000000017 2.2221959926100117 0.45144401544401552 10.560000000000004 -43.923616378731104 79.500000000000014 36.500000000000007
decision_type=2 8 2 10 2 8 10 10 10 10 10 8 10 8
left_child=1 3 -2 -1 5 -4 -5 11 10 -10 -9 -6 -13 -14
right_child=2 -3 4 6 7 -7 -8 8 9 -11 -12 12 13 -15
leaf_value=-0.022500557511094782 -0.04050330915051658 0.036354609768939304 -0.015918052105324237 -0.0054735734152496392 0.028882354819091318 0.037645895842564017 0.060171063276601579 -0.03675655793844456 -0.019436757022701548 0.059020552979536213 0.011078470060251129 -0.0010527700727614787 -0.015015015389820398 0.028972352367821537
leaf_weight=15.945584436412902 10.433381075970827 22.555662073660642 5.7989251734688878 5.2377267433330399 13.863037321716545 16.725985785946254 4.4232116732746363 27.148900209926069 4.933451743796466 4.5025393757969141 6.8373920936137429 1973.8217749479227 12.321750155184416 33.890462886076421
leaf_count=115 102 334 52 59 169 140 60 362 76 50 77 17167 108 266
internal_value=-0.000330674 0.0156065 -0.000701623 -0.00334908 -0.000484677 0.0237657 0.0274064 -0.000758938 -0.0166222 0.0200686 -0.0270915 -0.000412267 -0.000627501 0.0171742
internal_weight=2158.44 48.1622 2110.28 25.6065 2099.84 22.5249 9.66094 2077.32 43.4223 9.43599 33.9863 2033.9 2020.03 46.2122
internal_count=19137 568 18569 234 18467 192 119 18275 565 126 439 17710 17541 374
is_linear=0
shrinkage=0.05


Tree=254
num_leaves=15
num_cat=1
split_feature=9 10 30 10 3 2 26 7 3 19 26 23 27 1
split_gain=4.32514 3.65014 16.0844 14.9759 10.8777 14.5683 7.31237 6.47694 8.30176 8.0226 8.24556 6.06082 6.33941 5.03827
threshold=9.5000000000000018 16.500000000000004 0 37.500000000000007 0.40127304840127037 63.644470803118914 50.500000000000007 20.500000000000004 0.13674999006190533 37.000000000000007 42.500000000000007 5.4833333333333343 0.06333156671415148 1.0317540322580647
decision_type=2 2 9 2 8 2 2 2 8 10 2 8 10 8
left_child=1 -1 3 7 5 11 -5 9 -9 10 -3 -4 -13 -12
right_child=-2 2 4 6 -6 -7 -8 8 -10 -11 13 12 -14 -15
leaf_value=-0.00035227382762300166 0.035929775609446372 0.030884772124016548 -0.044133585258716274 -0.063226328855234867 -0.022285275491984956 0.057474528327599798 0.0027168700136277449 0.012965266233877974 0.059271342433587372 0.040922904159994791 -0.04149873897279234 0.04548384793129609 -0.0023774768539979439 0.0098272040362907195
leaf_weight=1878.1919858572073 7.6106896502897134 11.915143961086871 6.7656969781965017 5.4957292145118144 56.58667867956683 10.696571487933396 11.696229593828319 15.660831462591885 27.612718148157001 18.855925074778497 10.649868598673494 6.6338527277111998 73.065349417738616 7.5680821724236003
leaf_count=16685 165 91 66 39 547 58 131 83 156 202 101 41 594 79
internal_value=0.000564007 0.000421602 0.00592435 0.0194921 -0.00475077 0.00510032 -0.0206799 0.0292091 0.0431844 0.0162473 -1.199e-05 -0.00196193 0.00212057 -0.0207751
internal_weight=2149.01 2141.39 263.203 109.455 153.748 97.1615 17.192 92.2626 43.2735 48.989 30.1331 86.4649 79.6992 18.218
internal_count=19038 18873 2188 882 1306 759 170 712 239 473 271 701 635 180
cat_boundaries=0 2
cat_threshold=3221824604 10
is_linear=0
shrinkage=0.05


Tree=255
num_leaves=15
num_cat=5
split_feature=34 30 30 54 32 11 29 20 11 2 7 17 29 11
split_gain=3.53497 9.90046 9.35176 13.0219 11.5911 9.55883 13.5782 10.4623 10.5071 9.95516 9.85401 9.04919 8.64859 8.5337
threshold=0 1 2 79.500000000000014 5.5000000000000009 9.4919980400561865 3 -23.440000000000001 5.8090129454038157 42.116867071917959 27.500000000000004 1.0000000180025095e-35 4 5.8152045456818442
decision_type=1 9 9 10 8 2 9 8 2 2 2 2 9 2
left_child=2 -2 3 5 -4 6 -1 -8 -9 10 11 -10 -3 -14
right_child=1 12 4 -5 -6 -7 7 8 9 -11 -12 -13 13 -15
leaf_value=0.027899272091840694 -0.013918057199620533 0.0052029812433507482 -0.0030580595209326357 0.038831083571690989 -0.021048479779093254 -0.028276251802107751 -0.013971196344961559 -0.01049895853863808 0.0063320851725687235 0.033151114719284204 -0.0093131478848860107 0.03602830773008979 0.01902096160409758 -0.021871573260400241
leaf_weight=37.396573837846518 77.206713210791349 812.62860996089876 522.16439476097003 23.008718696422875 107.18911906937137 25.189573790878057 102.83076911233366 93.265024083666503 135.10996939754114 35.541399076581001 79.042135905474424 30.859910164959729 15.402963756583629 58.565817040856928
leaf_count=330 569 6593 4733 191 818 178 1019 1031 1734 303 563 341 206 446
internal_value=-0.000108011 0.00214226 -0.00192838 0.00275155 -0.0060546 0.00119397 0.00269018 7.24656e-05 0.00396453 0.00879287 0.00513908 0.0120364 0.00367038 -0.0116607
internal_weight=2155.4 963.804 1191.6 562.244 629.354 539.235 514.046 476.649 373.818 280.553 245.012 165.97 886.597 73.9688
internal_count=19055 7814 11241 5690 5551 5499 5321 4991 3972 2941 2638 2075 7245 652
cat_boundaries=0 1 2 3 4 5
cat_threshold=2 405022736 3669274140 2098451 323620
is_linear=0
shrinkage=0.05


Tree=256
num_leaves=15
num_cat=0
split_feature=4 20 6 25 11 25 11 8 28 3 27 57 11 20
split_gain=4.42139 6.50655 4.44605 9.04861 12.3847 13.4957 10.4602 9.94882 9.48914 8.01047 7.02905 6.87659 6.1084 16.5104
threshold=-46.034796690877016 33.050000000000004 30.500000000000004 0.54663226058988745 8.070686833221842 2.0978089536020579 8.908871292643969 1.0000000180025095e-35 0.23453878337799927 0.34708634291971846 0.084350149026786544 4.7500000000000009 7.8563574920424477 -74.749999999999986
decision_type=8 10 10 8 2 10 2 10 8 10 10 2 2 8
left_child=-1 2 12 10 5 7 8 9 -6 -5 -4 -7 -2 -14
right_child=1 -3 3 4 6 11 -8 -9 -10 -11 -12 -13 13 -15
leaf_value=0.025336006794425693 0.00045345009155268041 -0.033422554514080237 0.0049687934019783161 0.028215543646655766 0.0027206819040340711 -0.0027535094060776679 0.0032924876233052396 -0.017027578200420567 -0.044263099773968334 -0.017252819741397536 -0.029742603953358877 -0.042585325683463994 -0.047829109897828355 0.011684337974190946
leaf_weight=16.930828399024904 1514.2636048072018 13.122984341345726 19.790067002177238 89.248063487000763 15.076966121792791 63.911988817155361 41.006790243089199 17.155182041227818 35.481189226731658 10.182655386626719 51.830671440809965 12.088811716064809 11.268122948706148 240.8202541586943
leaf_count=196 14455 115 140 554 86 343 202 94 186 84 386 179 64 1962
internal_value=0.000610984 0.000403166 0.000627984 -0.00446375 -0.000436692 0.0067577 -0.015478 0.0173858 -0.030471 0.0234337 -0.0202149 -0.00955999 0.00165549 0.00884567
internal_weight=2152.18 2135.25 2122.12 355.772 284.152 192.587 91.5649 116.586 50.5582 99.4307 71.6207 76.0008 1766.35 252.088
internal_count=19046 18850 18735 2254 1728 1254 474 732 272 638 526 522 16481 2026
is_linear=0
shrinkage=0.05


Tree=257
num_leaves=15
num_cat=0
split_feature=14 23 2 56 14 1 1 7 8 24 8 57 11 25
split_gain=3.91368 5.27449 5.34128 4.41399 4.23861 5.15551 3.74181 3.7184 9.26161 14.8722 6.03408 5.36795 4.79782 4.71714
threshold=8.9837500000000023 2.7537500000000006 0.036855009052505501 8.5000000000000018 6.503750000000001 0.41699475065616803 0.69371296905859137 54.500000000000007 1.0000000180025095e-35 0.28534275391815117 15.500000000000002 4.7500000000000009 7.057019754872278 2.9419744330726791
decision_type=10 10 2 2 10 10 10 2 10 10 10 2 2 10
left_child=4 2 6 -4 7 -6 -2 -1 9 11 -10 -9 -11 -12
right_child=1 -3 3 -5 5 -7 -8 8 10 12 13 -13 -14 -15
leaf_value=0.00030657098184564199 0.0020609626114380833 0.027348536621994997 0.034504400222070304 -0.023522842136738387 -0.031219591717402267 0.034941113754046259 -0.048321771237922626 0.0062851376588438134 -0.060745400848411769 0.058230211063998297 -0.029038981963623235 -0.02676705307429731 0.012857836596913384 0.009757483347911905
leaf_weight=1972.379402873572 4.5625239480286863 5.1281461529433718 5.2238786835223419 5.9440513225272298 2.7833123411983278 15.142084858845918 16.569913611747324 19.937692068517208 9.3345988243818265 10.08471297286451 22.304364379495382 29.718737158924341 13.873503636568783 11.190481565892695
leaf_count=17384 63 76 75 48 29 275 220 102 60 58 134 384 71 61
internal_value=-0.000283037 -0.0160959 -0.0236075 0.00422483 5.39739e-06 0.0235614 -0.0378424 -0.000207928 -0.00885113 0.00195742 -0.0270495 -0.0136341 0.0335243 -0.0161701
internal_weight=2144.18 37.4285 32.3004 11.1679 2106.75 17.9254 21.1324 2088.82 116.444 73.6146 42.8294 49.6564 23.9582 33.4948
internal_count=19040 482 406 123 18558 304 283 18254 870 615 255 486 129 195
is_linear=0
shrinkage=0.05


Tree=258
num_leaves=15
num_cat=1
split_feature=30 19 10 15 27 11 28 4 3 1 26 26 10 4
split_gain=3.92159 11.8114 7.77236 8.06938 8.05087 8.60896 9.97183 7.58034 9.23759 7.58699 7.444 7.27037 7.85966 7.76191
threshold=0 99.065000000000012 16.500000000000004 0.0064957588531104346 0.39656540837245219 7.1754703074115929 0.4181530063412266 -2.1328285046922382 0.044290765588752591 0.61930641821946175 354.00000000000006 258.50000000000006 10.500000000000002 -3.329947555927729
decision_type=9 10 2 8 10 2 10 8 10 8 2 2 2 10
left_child=1 2 4 -4 11 6 -6 -7 -9 -10 -5 12 13 -1
right_child=-2 -3 3 10 5 7 -8 8 9 -11 -12 -13 -14 -15
leaf_value=-0.02026029424276779 0.0014312666032742871 0.037264593082811562 -0.020664990986358444 0.030913719742346937 0.018111983078461274 0.04927780926915501 -0.012547526611993943 0.042706513348048813 -0.036151414735727527 0.013551342611123909 -0.0080123312326044298 -0.027235661512781079 0.013400990544769023 0.0021747483172647919
leaf_weight=110.03899789089337 1577.7279683882371 16.271448217798024 15.427388274110852 39.387212696485221 33.21986707765609 12.947834244929252 117.55940096685663 11.330813786014913 12.805797131732108 16.449026344809681 17.145699016749859 64.746301013510674 34.594501679763198 58.782599060796201
leaf_count=902 13893 215 125 288 426 136 1168 64 71 260 182 621 256 457
internal_value=0.000154853 -0.00339789 -0.00474155 0.0104668 -0.00707506 0.000406433 -0.00571776 0.017444 0.0063475 -0.00868097 0.0191739 -0.0127555 -0.00803591 -0.0124817
internal_weight=2138.43 560.707 544.435 71.9603 472.475 204.313 150.779 53.5335 40.5856 29.2548 56.5329 268.162 203.416 168.822
internal_count=19064 5171 4956 595 4361 2125 1594 531 395 331 470 2236 1615 1359
cat_boundaries=0 2
cat_threshold=3643292864 1
is_linear=0
shrinkage=0.05


Tree=259
num_leaves=15
num_cat=1
split_feature=20 28 19 24 28 24 30 18 25 1 7 27 28 25
split_gain=3.29569 3.16219 6.32583 5.82625 10.0155 7.52512 9.38753 17.6404 8.53924 10.1244 9.01258 8.49411 9.41972 11.3803
threshold=-94.749999999999986 0.65508544672718982 73.000000000000014 0.51119799682320366 0.31106270252263718 0.4368538551188425 0 0.33749999999999974 0.97293232101898741 1.5684046345811054 16.500000000000004 0.58126405892277655 0.52708231543002382 2.1282547126871907
decision_type=8 10 8 10 8 8 9 8 8 8 2 10 10 8
left_child=-1 3 -3 5 -5 11 7 -7 9 -8 -10 12 -2 -14
right_child=1 2 -4 4 -6 6 8 -9 10 -11 -12 -13 13 -15
leaf_value=-0.029765592130779318 0.0010934630398537306 0.025023669145162488 -0.030193281304213001 -0.040276601689544361 0.013551082078277963 0.016767394154096917 0.021584857942166337 -0.039089378566805916 0.020971197166116881 -0.017187318910733926 -0.020703859145199604 0.035082200770284726 -0.05669524074798149 0.027364765976920093
leaf_weight=8.0779009386897069 1693.0732333716005 6.0877781510353115 19.621998590417206 8.257535267621277 137.55248828977346 18.356909512542188 57.456938492134213 54.200870315544307 15.343542808201162 22.791754605714232 64.044469553977251 17.152676919940859 13.435129200108348 4.8878675256855812
leaf_count=68 14217 41 305 82 1684 167 492 423 379 267 361 307 150 41
internal_value=0.00029742 0.000425211 -0.0166712 0.000641678 0.0102491 -7.76366e-05 -0.00850905 -0.0219393 -0.00088527 0.010497 -0.0124885 0.00105921 0.000697925 -0.0340156
internal_weight=2140.34 2132.26 25.7098 2106.55 145.81 1960.74 232.194 72.5578 159.637 80.2487 79.388 1728.55 1711.4 18.323
internal_count=18984 18916 346 18570 1766 16804 2089 590 1499 759 740 14715 14408 191
cat_boundaries=0 2
cat_threshold=1074359313 4
is_linear=0
shrinkage=0.05


Tree=260
num_leaves=15
num_cat=1
split_feature=2 8 2 57 2 11 30 54 25 1 11 6 11 28
split_gain=4.58188 10.4036 6.61688 5.90356 6.37371 4.76885 13.1472 16.2773 13.7386 13.6909 13.5531 12.294 10.6723 11.0382
threshold=-0.0017448529702202007 -1.0000000180025095e-35 -2.1562103553344367 4.7500000000000009 -8.8435916735269942 6.363889776062293 0 37.500000000000007 5.0022812123114351 1.4336477987421385 6.5332290869840426 38.500000000000007 6.8215762612949797 0.61698984859625516
decision_type=2 8 2 2 2 2 9 8 10 10 2 10 2 10
left_child=1 -1 3 4 -3 -2 7 8 -7 10 -9 -12 -8 -14
right_child=5 2 -4 -5 -6 6 12 9 -10 -11 11 -13 13 -15
leaf_value=-0.052379003359466325 -0.0021508998433795623 0.030370630059818216 0.042910783068856151 -0.022180497638605762 -0.0076903791515727906 -0.051368562822537558 0.015514911470019838 -0.050731315578969573 0.025818163624315566 0.027666661160134595 0.0024002633410629168 -0.033714886086613154 0.0031994929196038201 -0.059022105464991217
leaf_weight=4.8040076340548694 973.25711220689118 29.215034644119438 17.987656438723207 11.46172770205885 16.762322492897514 30.331132460851222 209.60186493722722 15.327545553445814 6.4146542791277161 32.080095376353711 153.32853465713561 26.821206526830792 613.93385839182884 6.2130150040611616
leaf_count=45 9362 386 150 88 196 262 1808 109 46 358 1226 160 4827 62
internal_value=0.000851944 0.0125003 0.0172638 0.00863537 0.0166261 0.000394054 0.00265791 -0.00689663 -0.0375672 -0.00210302 -0.00710452 -0.0031331 0.00572016 0.0024821
internal_weight=2147.54 80.2307 75.4267 57.4391 45.9774 2067.31 1094.05 264.303 36.7458 227.557 195.477 180.15 829.749 620.147
internal_count=19085 865 820 670 582 18220 8858 2161 308 1853 1495 1386 6697 4889
cat_boundaries=0 2
cat_threshold=2281737408 11
is_linear=0
shrinkage=0.05


Tree=261
num_leaves=15
num_cat=2
split_feature=28 19 24 23 30 24 6 28 6 28 8 30 19 9
split_gain=4.38276 7.25021 4.90673 10.1596 7.23636 7.17355 6.4777 7.07972 6.04049 5.81546 6.06978 10.8344 11.3459 10.7216
threshold=0.65508544672718982 73.000000000000014 0.51728198292706462 30.505416666666672 0 0.66099612520284079 21.500000000000004 0.41244705585528219 -28.499999999999996 0.55130834071513701 42.500000000000007 1 90.287500000000009 1.0000000180025095e-35
decision_type=10 8 10 10 9 10 8 8 10 10 10 9 10 2
left_child=2 -2 3 9 5 6 8 -8 -4 10 -1 12 -12 -13
right_child=1 -3 4 -5 -6 -7 7 -9 -10 -11 11 13 -14 -15
leaf_value=0.0013698289353902761 0.026115450819066702 -0.034166913982628659 0.011818773417005414 -0.040584831295191609 -0.0026169627010978816 -0.034850398729157982 -0.032160715634658207 0.028842690196199384 0.049583853580438708 0.027011545737327142 0.025515801766448361 -0.044259130246243034 -0.01032438068911197 -0.0086907134698490963
leaf_weight=1649.2854058723897 5.7909983433783081 19.350844845641404 17.310172252822667 14.189569556154309 68.170204040128738 4.2277834140695623 7.9114498160779503 9.1998432669788581 29.85758126154542 19.415555113460869 46.673332607373595 23.061861855909228 40.351250988896936 185.79674085183069
leaf_count=13878 38 304 307 207 747 46 62 66 416 303 428 201 316 1696
internal_value=0.000533913 -0.019814 0.000784993 0.000149887 0.00991202 0.0197699 0.0268698 0.000419203 0.0362575 0.000464599 0.000185879 -0.00639597 0.00805407 -0.0122276
internal_weight=2140.59 25.1418 2115.45 1978.77 136.677 68.5068 64.279 17.1113 47.1678 1964.58 1945.17 295.883 87.0246 208.859
internal_count=19015 342 18673 17029 1644 897 851 128 723 16822 16519 2641 744 1897
cat_boundaries=0 1 3
cat_threshold=2559391246 273977425 6
is_linear=0
shrinkage=0.05


Tree=262
num_leaves=15
num_cat=4
split_feature=3 30 4 30 3 29 4 5 11 24 2 11 30 6
split_gain=4.47729 8.85597 12.29 7.64759 7.23759 6.56558 5.82812 7.12748 6.88356 7.8606 8.08231 6.76551 8.77678 7.7366
threshold=0.3703856646337465 0 -15.058916374043054 1 1.5148382867132868 2 -28.762128340322416 0.85081944444444457 6.5014022619081091 0.56582929287947681 62.722790426977674 5.47604496672498 3 9.5000000000000018
decision_type=8 9 8 9 10 9 8 10 2 8 2 2 9 10
left_child=3 2 -2 -1 -4 -3 -7 8 9 11 -11 12 -8 -13
right_child=1 5 4 -5 -6 6 7 -9 -10 10 -12 13 -14 -15
leaf_value=-0.013929217168924909 -0.034468419831032319 -0.020919677725123841 0.022076355880707464 0.0028918374768814249 -0.034533327918344271 0.02146566917831479 -0.021776816377392101 -0.037082634528139667 0.0020577022682453194 0.030803762353481395 -0.049959068782956181 -0.0079797582656280213 0.0097248870939270204 -0.026707641516172376
leaf_weight=60.902146325446665 11.649577881209551 46.169092579744756 81.890385313425213 1194.9141475385986 5.1787200327962628 22.288879997096956 19.014156041201204 14.889428562019019 329.64347616862506 20.539002751931552 2.6968060955405226 176.80296136764809 73.806717794388533 80.097217371687293
leaf_count=528 155 424 811 8980 56 274 305 191 3440 447 14 2120 779 566
internal_value=5.91061e-05 -0.00266375 0.0107597 0.00197783 0.0183554 -0.00444161 -0.00312178 -0.00395786 -0.00320417 -0.00784803 0.0197556 -0.00973314 0.00182393 -0.0138997
internal_weight=2140.48 884.666 98.7187 1255.82 87.0691 785.948 739.779 717.49 702.6 372.957 23.2358 349.721 92.8209 256.9
internal_count=19090 9582 1022 9508 867 8560 8136 7862 7671 4231 461 3770 1084 2686
cat_boundaries=0 2 4 5 6
cat_threshold=269553668 12 268636164 4 459920 3231711240
is_linear=0
shrinkage=0.05


Tree=263
num_leaves=15
num_cat=0
split_feature=4 20 16 1 21 7 6 0 7 4 24 15 11 25
split_gain=3.44921 5.79585 3.80732 5.8119 3.81019 5.342 3.83037 7.61451 5.70189 5.39823 6.2244 5.78898 5.57755 5.14434
threshold=-48.721902238745209 2.2775000000000039 6.4925000000000006 0.88944444444444459 0.65843297070490392 10.500000000000002 -88.499999999999986 0.50500000000000012 -23.499999999999996 -10.921528650620367 0.20525438065662746 0.41346858986797747 6.0867519991230354 3.0723288641717148
decision_type=8 8 10 10 8 2 10 8 2 8 10 8 2 10
left_child=1 -1 4 -4 5 -2 7 -6 -9 -10 11 -11 -12 -13
right_child=2 -3 3 -5 6 -7 -8 8 9 10 12 13 -14 -15
leaf_value=-0.01063936578324925 0.02443582761137433 0.055149052061195684 -0.046017729881454736 -0.0024777532950405771 -0.027285586771100517 -0.035857149884794458 -0.00064517265028577429 -0.028774645860476247 -0.023197983006359734 -0.020695031011212159 0.041409943229749051 -0.0019294263281800063 0.013796744683125037 0.042331889960288617
leaf_weight=5.7103004902601224 4.0331352576613453 6.2533327676355839 10.496927749365566 23.364195715170354 13.289612978696821 14.554952313192187 1921.8792639505118 7.5298490822315207 8.4444697797298414 17.328298223204911 29.71000565867871 16.380761620588604 49.306314177345484 9.8642297685146314
leaf_count=68 110 79 91 265 97 162 17174 39 124 104 220 119 416 71
internal_value=-0.000363592 0.0253495 -0.000520123 -0.016908 -0.00024696 -0.0221955 -3.9619e-05 0.00757843 0.0110938 0.0135854 0.0162864 0.00105587 0.024567 0.0156494
internal_weight=2138.15 11.9636 2126.18 33.8611 2092.32 18.5881 2073.73 151.854 138.564 131.034 122.59 43.5733 79.0163 26.245
internal_count=19139 147 18992 356 18636 272 18364 1190 1093 1054 930 294 636 190
is_linear=0
shrinkage=0.05


Tree=264
num_leaves=15
num_cat=2
split_feature=24 16 16 14 14 25 30 10 29 24 6 2 24 24
split_gain=4.47245 4.43901 4.69506 4.14976 7.82631 6.40374 4.05466 8.43791 8.44562 9.75398 14.3606 9.22347 7.75606 9.3806
threshold=1.0000000180025095e-35 -7.5025000000000004 -4.0375000000000005 10.391250000000001 5.1850000000000005 2.2915527392944259 0 37.500000000000007 1 0.26235742529132383 -19.499999999999996 206.51310840140542 0.11623001917588331 0.2190127462393687
decision_type=8 8 8 10 10 8 9 2 9 10 10 2 8 10
left_child=-1 3 -3 4 5 -2 -4 8 12 10 11 -10 -8 -14
right_child=1 2 6 -5 -6 -7 7 -9 9 -11 -12 -13 13 -15
leaf_value=-0.025514035005507398 -0.028971831968879563 0.02681196393766537 0.0039431280105464246 0.00553935768215723 -0.062532252796359003 0.031978840890217304 -0.055112147929508186 -0.033849890634030669 -0.02399863013111107 0.014400308043690172 0.0058342290039146106 0.016674257253166562 0.014743236933213758 -0.0045432733626202277
leaf_weight=15.456190973520277 10.209667358547451 16.43192170932889 662.04922900721431 14.330958023667334 8.9543322930112463 6.0234352834522751 6.2022208804264656 18.025900419801474 77.07947286311537 172.116145696491 269.40495655639097 16.219482319429517 67.609613514505327 780.27263576025143
leaf_count=98 91 223 6198 165 94 43 95 156 545 1386 1934 112 600 7367
internal_value=0.000452335 0.00065312 0.000971138 -0.0157387 -0.0275945 -0.00581226 0.000753055 -0.00077233 -0.000324544 0.00455068 -2.49485e-05 -0.016826 -0.00339266 -0.00298982
internal_weight=2140.39 2124.93 2085.41 39.5184 25.1874 16.2331 2068.98 1406.93 1388.9 534.82 362.704 93.299 854.084 847.882
internal_count=19107 19009 18616 393 228 134 18393 12195 12039 3977 2591 657 8062 7967
cat_boundaries=0 2 3
cat_threshold=601989972 2 110722
is_linear=0
shrinkage=0.05


Tree=265
num_leaves=15
num_cat=2
split_feature=5 30 55 20 30 54 7 26 0 28 55 33 7 15
split_gain=5.0846 10.7814 7.90852 7.76894 9.16227 7.35281 7.22714 6.28197 5.9091 5.4703 5.42022 5.41604 5.94057 6.433
threshold=0.32744966216216226 0 82.500000000000014 -24.494999999999994 1 25.500000000000004 36.500000000000007 2308.5000000000005 4.5150000000000015 0.23992619991488082 85.500000000000014 0.90000000000000013 23.500000000000004 2.1647966977578306
decision_type=8 9 8 10 9 8 2 2 10 10 10 2 2 8
left_child=1 6 -3 4 5 -4 7 8 -1 -10 -2 -6 13 -13
right_child=10 2 3 -5 11 -7 -8 -9 9 -11 -12 12 -14 -15
leaf_value=-0.010428342671013842 -0.00077465228890846065 0.03544497186865999 -0.023148736274484501 0.021557262658630678 -0.03252416305328832 0.030132230261787719 -0.030511697886655628 -0.048895627221367005 -0.0091833385291272742 0.025515829845614325 0.038224834387445047 -0.012734475034961199 -0.017139074031165644 0.023928069595399584
leaf_weight=44.889624895527959 1775.029121005442 30.429066280834377 6.9570081597194076 74.800917997956276 16.701332069002092 39.058515232987702 24.221017148345709 5.3065983117558053 16.228866340592504 33.811386696528643 7.9543433953076592 19.113207968883216 36.109751539304852 28.927874539978802
leaf_count=332 15756 240 53 712 156 319 146 63 118 419 75 247 213 388
internal_value=0.000536533 0.0058077 0.0114754 0.00855601 0.00183336 0.01794 -0.00610104 -0.000562 0.0026214 0.0143029 -0.000579336 -0.00672104 -0.00206741 0.00937959
internal_weight=2159.54 376.555 252.098 221.669 146.868 46.0155 124.457 100.236 94.9299 50.0403 1782.98 100.852 84.1508 48.0411
internal_count=19237 3406 2328 2088 1376 372 1078 932 869 537 15831 1004 848 635
cat_boundaries=0 2 4
cat_threshold=3264352265 1 101632 8
is_linear=0
shrinkage=0.05


Tree=266
num_leaves=15
num_cat=2
split_feature=2 27 30 26 29 2 24 6 53 24 8 27 0 24
split_gain=4.23601 4.07622 4.45085 10.2437 13.5168 10.5445 8.93127 8.29604 7.7603 7.41843 6.5606 6.52629 6.40237 8.69566
threshold=538.53272974156255 0.061911632576011781 0 33.500000000000007 1 279.2210521957856 0.18592602170959358 -26.499999999999996 1.0000000180025095e-35 0.2630241928580565 58.500000000000007 0.075539795423894288 7.0150000000000015 0.15845199689411738
decision_type=2 8 9 2 9 2 10 8 2 10 10 8 8 10
left_child=1 -1 3 4 6 7 -3 -5 10 -6 12 -4 -9 -14
right_child=-2 2 11 5 9 -7 -8 8 -10 -11 -12 -13 13 -15
leaf_value=0.015607041289568458 -0.03192069127881355 0.045501789037017751 -0.030494531533538101 0.026359078066749767 -0.016597738792621559 -0.039367416165005234 -0.00076955467958559742 -0.0068493975694045618 -0.042899594739726904 -0.059850174993624695 -0.043848753246770844 -0.00080467413216122404 -0.01170448500038437 0.016371480228431986
leaf_weight=42.843283836729825 9.1114308442920429 10.489849099889396 17.735975556075573 64.554951165337116 29.111825623549521 10.06705328915268 112.58870505308732 51.353722092695534 6.7210364011116317 15.027403539977966 5.0153543129563323 1539.3826631079428 31.22228186763823 200.38170552812517
leaf_count=323 52 65 192 940 256 71 974 384 66 144 26 13057 292 2252
internal_value=0.00036592 0.00051848 0.000202413 0.00408164 -0.00608518 0.00879916 0.00324732 0.0102544 0.00664939 -0.0264609 0.00795027 -0.00115479 0.00901958 0.0125525
internal_weight=2145.61 2136.5 2093.65 536.534 167.218 369.316 123.079 359.249 294.694 44.1392 287.973 1557.12 282.958 231.604
internal_count=19094 19042 18719 5470 1439 4031 1039 3960 3020 400 2954 13249 2928 2544
cat_boundaries=0 2 3
cat_threshold=599802376 7 2159618
is_linear=0
shrinkage=0.05


Tree=267
num_leaves=15
num_cat=0
split_feature=8 11 27 3 8 55 7 14 6 4 18 54 5 4
split_gain=4.13818 5.39029 7.01667 4.7292 4.35707 3.47623 4.01528 3.49499 4.9008 5.92642 4.90392 4.45948 5.44896 3.84597
threshold=-2.4999999999999996 6.0383480601672499 0.23810746168858268 0.20498262308921614 -1.0000000180025095e-35 1.0000000180025095e-35 34.500000000000007 8.1700000000000017 -78.499999999999986 0.28355452635859707 0.33749999999999974 85.500000000000014 0.50981118881118892 -52.378608774597495
decision_type=8 2 10 8 8 8 2 10 10 10 10 10 10 8
left_child=1 -1 -3 -4 -2 6 -6 11 -9 10 -10 13 -13 -7
right_child=4 2 3 -5 5 7 -8 8 9 -11 -12 12 -14 -15
leaf_value=0.050152971452513774 -0.029920660697338033 0.040733632227020672 0.011164899984012926 -0.046889471925546419 0.036345073962757254 0.03265698941375144 -0.010964622506068231 -0.058150337296286971 0.0271278566072258 0.027734698278143784 -0.02584461037626213 0.026248072285680924 -0.022251116250069258 -0.00049179151522965191
leaf_weight=8.2871357798576373 11.350907439365981 6.9306503962725428 6.3448291392996881 6.0746569214388737 12.379891701042654 7.7888174410909414 6.173155238851904 4.5701028350740662 4.3478987608104971 8.2724428772926313 26.533877019304782 29.329219300299883 6.3473401656374326 1988.6797604104504
leaf_count=96 83 63 56 57 128 86 52 60 49 125 356 249 49 17577
internal_value=-5.38606e-05 0.0188251 0.003603 -0.018609 -0.000310456 -0.000135778 0.020848 -0.000333268 -0.0141592 -0.00770422 -0.0177696 -2.89671e-05 0.017248 -0.000346184
internal_weight=2133.41 27.6373 19.3501 12.4195 2105.77 2094.42 18.553 2075.87 43.7243 39.1542 30.8818 2032.15 35.6766 1996.47
internal_count=19086 272 176 113 18814 18731 180 18551 590 530 405 17961 298 17663
is_linear=0
shrinkage=0.05


Tree=268
num_leaves=15
num_cat=1
split_feature=11 27 24 27 11 13 8 7 19 30 11 3 0 2
split_gain=4.48078 8.39827 4.95772 5.07725 4.91739 4.5075 4.11213 4.98709 3.85769 6.95281 11.2658 8.85594 7.96964 3.88485
threshold=9.4919980400561865 0.15075135237660581 0.33484759389483226 0.35853592837033493 9.3608930677181235 -0.16249999999999784 -2.4999999999999996 26.500000000000004 99.565000000000012 0 5.3324047316650285 0.0085214174242691301 3.6450000000000005 538.53272974156255
decision_type=2 10 10 10 2 10 8 2 10 9 2 8 10 2
left_child=4 -2 -3 -4 6 -5 7 -1 13 10 -10 -11 -12 -8
right_child=1 2 3 5 -6 -7 8 -9 9 11 12 -13 -14 -15
leaf_value=0.043245787642821436 0.031027218234697077 -0.037750342931188757 0.029861078847049208 -0.049445420623057179 0.027254789764824806 0.0077817385824551074 -0.00033577161022606321 0.00011041303649206855 0.045690352810626722 -0.034228868521424628 -0.069313595368875311 0.048762620136849233 0.0045645278133537746 -0.032435601381281091
leaf_weight=11.14157717023045 7.6106806928291908 24.162831170950085 6.3920676941052106 6.0262297675944847 15.796586453914641 6.2839929796755314 1974.37089918321 14.964371643960474 4.7597086559981134 3.0476305596530464 7.3173725586384517 20.488046327140182 6.2983806999400258 8.4710107613354904
leaf_count=178 54 151 66 70 131 62 17592 82 39 19 64 319 95 49
internal_value=-5.16255e-05 -0.0146231 -0.0232509 -0.00355277 0.000311168 -0.0218428 9.04549e-05 0.0194361 -0.000168448 0.0146637 -0.00953279 0.0263284 -0.0371649 -0.000489188
internal_weight=2117.13 50.4758 42.8651 18.7023 2066.66 12.3102 2050.86 26.1059 2024.75 41.9111 18.3755 23.5357 13.6158 1982.84
internal_count=18971 403 349 198 18568 132 18437 260 18177 536 198 338 159 17641
cat_boundaries=0 2
cat_threshold=2185248850 10
is_linear=0
shrinkage=0.05


Tree=269
num_leaves=15
num_cat=2
split_feature=7 26 30 0 19 55 24 22 10 2 27 5 14 30
split_gain=4.0016 10.2215 7.3712 6.47376 6.34588 5.73322 7.155 5.38333 8.17626 8.91473 6.58576 5.94969 5.82513 5.457
threshold=11.500000000000002 3280.5000000000005 0 96.840000000000018 26.250000000000004 103.50000000000001 0.13017989832632923 16.360000000000003 10.500000000000002 63.644470803118914 0.11135294599173061 0.30084523809523817 0.86625000000000096 1
decision_type=2 2 9 10 8 8 10 8 2 2 10 8 8 9
left_child=1 2 5 4 -4 -1 -7 8 12 10 -10 -12 -2 -9
right_child=7 -3 3 -5 -6 6 -8 13 9 -11 11 -13 -14 -15
leaf_value=0.033906647395769519 0.012744934064213415 0.043281420050228822 -0.0426438788969489 -0.021939662410927301 0.015673331361313627 0.035801409547025369 -0.0063203649976510505 0.0037782112172425825 -0.036958067708687835 0.050349424449387795 -0.021987521279755118 0.023025078765039311 -0.022010206437089706 -0.0027572522361452019
leaf_weight=9.0383989955298585 13.049679437652228 14.609296030364929 3.8816074207425109 12.933143844828008 142.3561774357222 9.5221844026818854 246.90493576880544 437.4567862059921 9.9602125436067563 8.3957326635718328 10.159817148000004 20.71734437905252 98.980111673939973 1103.6310688657686
leaf_count=236 80 410 47 98 3267 177 3152 3086 82 42 65 142 794 7393
internal_value=-0.000708942 0.00354082 0.0020751 0.0101839 0.0138463 -0.0030737 -0.00462321 -0.00180691 -0.0104698 0.00642342 -0.00359491 0.00798901 -0.0178848 -0.000894213
internal_weight=2141.6 439.246 424.636 159.171 146.238 265.466 256.427 1702.35 161.263 49.2331 40.8374 30.8772 112.03 1541.09
internal_count=19071 7387 6977 3412 3314 3565 3329 11684 1205 331 289 207 874 10479
cat_boundaries=0 2 4
cat_threshold=1621919509 15 1665450004 14
is_linear=0
shrinkage=0.05


Tree=270
num_leaves=15
num_cat=3
split_feature=3 29 30 5 45 6 18 30 26 11 6 3 3 7
split_gain=3.82993 9.95377 8.40868 7.87415 7.02836 9.01936 14.6183 9.9121 9.73216 8.82777 8.15651 10.5076 6.74966 6.65213
threshold=0.034373870243523043 0 1 0.32744966216216226 1.0000000180025095e-35 3.5000000000000004 -2.9924999999999993 2 40.500000000000007 6.54265847738366 35.500000000000007 0.0008246401947615351 0.0047941993761400972 38.500000000000007
decision_type=10 9 9 10 2 10 10 9 2 2 10 10 10 2
left_child=1 2 -1 4 5 6 -3 8 12 -9 -11 -12 -7 -6
right_child=-2 3 -4 -5 13 7 -8 9 -10 10 11 -13 -14 -15
leaf_value=0.013883715304598188 -0.0014895629493258894 0.0037291463811000153 -0.0091078120499480681 -0.025739116424169473 0.056360976790298861 0.024935667475648956 -0.0626811809823178 -0.0074982374780736202 0.047107967578878668 0.030749139151074346 -0.032267103759209201 0.020049278497463657 -0.025860191909240434 0.0073821361507008442
leaf_weight=40.163165674544871 1594.7641457119025 35.529278279282153 185.46155667910352 14.342274752445517 14.846285403706135 18.405915142036978 9.7679130937904102 76.564708610065281 38.896708281710744 42.845088728703558 14.985066406428812 23.020931016653776 8.9189801057800633 12.935547459870575
leaf_count=288 15497 209 1390 138 113 108 52 467 210 242 90 115 54 91
internal_value=-0.000259968 0.00338977 -0.00455996 0.00900961 0.0110727 0.00852256 -0.0116362 0.0126393 0.0272831 0.00434882 0.0160537 -0.000876518 0.00802802 0.0346047
internal_weight=2131.45 536.683 225.625 311.059 296.716 268.935 45.2972 223.637 66.2216 157.416 80.8511 38.006 27.3249 27.7818
internal_count=19064 3567 1678 1889 1751 1547 261 1286 372 914 447 205 162 204
cat_boundaries=0 1 2 3
cat_threshold=4760576 1476436304 59277386
is_linear=0
shrinkage=0.05


Tree=271
num_leaves=15
num_cat=1
split_feature=13 54 30 4 0 13 27 27 25 20 3 11 24 27
split_gain=4.5865 7.9997 7.60578 6.22977 7.16246 6.10995 6.1057 5.91425 5.72613 7.15728 5.59697 16.0166 8.36161 11.1606
threshold=1.4649999999999983 4.5000000000000009 0 -20.680825367935348 22.520000000000003 7.9674999999999985 0.36615439524598675 0.58126405892277655 0.079880594056364745 3.1950000000000012 0.01482054297782631 5.7076581372324293 0.15366814445155461 0.39656540837245219
decision_type=10 10 9 10 10 10 10 10 10 10 8 2 10 10
left_child=10 2 8 7 6 -6 -5 -4 -2 -10 11 12 -1 -14
right_child=1 -3 3 4 5 -7 -8 -9 9 -11 -12 -13 13 -15
leaf_value=-0.057046303896179311 -0.015518073803738356 -0.013975641653199198 -0.031231079164069558 0.013198652936860292 0.026876066217179258 -0.0038585814383342238 -0.036298528931013131 0.033954461196611628 0.037248354734372845 0.00029761317301949035 -0.0028551946760349135 0.011211959517050674 0.0098727120610451469 -0.036581718541571766
leaf_weight=10.022084137424825 7.8054643198847762 41.583774471189827 20.741279008798305 9.9062463054433483 41.271858491934836 25.823432078585029 14.102498000487683 3.2891668714582911 51.746461083646864 17.459161050152034 1619.2843198212795 216.81825133925304 31.459721151739359 20.586964521557093
leaf_count=96 105 474 309 121 538 299 107 62 802 232 14032 1426 229 177
internal_value=-0.000913607 0.00568065 0.00998496 0.000753029 0.00682218 0.0151641 -0.0161644 -0.0213087 0.0208334 0.0280635 -0.00172815 0.00480257 -0.0174094 -0.00884547
internal_weight=2131.9 233.729 192.146 115.134 91.104 67.0953 24.0087 24.0304 77.0111 69.2056 1898.17 278.887 62.0688 52.0467
internal_count=19009 3049 2575 1436 1065 837 228 371 1139 1034 15960 1928 502 406
cat_boundaries=0 2
cat_threshold=584391744 10
is_linear=0
shrinkage=0.05


Tree=272
num_leaves=15
num_cat=3
split_feature=11 30 11 24 26 24 30 11 3 3 5 7 30 15
split_gain=4.49766 15.4066 10.5558 10.7843 10.8115 8.08596 11.0528 10.142 12.3828 11.4313 10.1625 9.33965 11.5354 10.4485
threshold=7.8117707955069458 0 7.7223987100755336 0.24067461024486295 32.500000000000007 0.21253019323671499 1 5.9427337540228606 0.5743823473536811 0.17203960757380335 0.19604907131391888 19.500000000000004 2 0.22168357431502453
decision_type=2 9 2 8 2 10 9 2 8 8 8 2 9 10
left_child=2 -2 5 -4 -5 6 -1 8 10 -9 -8 -7 13 -13
right_child=1 -3 3 4 -6 11 7 9 -10 -11 -12 12 -14 -15
leaf_value=-0.01372949926969793 0.017584557684640966 -0.0029051491683090335 -0.055321256950502135 -0.046812084701634157 0.027214480224414056 0.0016637280825009917 0.032778421719230469 0.02812089892437647 0.018233395320653021 0.0057457795261739069 -0.019392405039429912 -0.0092236310830636267 -0.0030001148224573781 -0.03528950795927218
leaf_weight=59.151630996260792 130.80711608286947 256.45266605634242 17.243662083055824 7.0148160625249174 11.826510062441228 588.54529185919091 9.636032027192412 92.073876684997231 45.655426014214754 149.38999264314771 79.913298608269542 102.95601353794336 524.86727433465421 61.365343254059553
leaf_count=584 953 1879 116 43 131 8790 126 624 378 1109 673 605 2791 309
internal_value=-0.000447531 0.00442133 -0.0015271 -0.0279193 -0.00131662 -0.00095536 0.00491849 0.00802656 -0.00271491 0.0143585 -0.0134785 -0.00296114 -0.00690733 -0.0180223
internal_weight=2136.9 387.26 1749.64 36.085 18.8413 1713.55 435.82 376.669 135.205 241.464 89.5493 1277.73 689.189 164.321
internal_count=19111 2832 16279 290 174 15989 3494 2910 1177 1733 799 12495 3705 914
cat_boundaries=0 2 4 6
cat_threshold=276325656 6 405815560 5 1342977098 4
is_linear=0
shrinkage=0.05


Tree=273
num_leaves=15
num_cat=0
split_feature=20 3 3 24 1 8 6 12 26 26 16 24 25 3
split_gain=3.32016 12.4218 5.61558 6.6831 9.90851 7.19264 7.66634 10.0521 5.97709 5.82764 5.52948 4.72653 9.20087 9.34087
threshold=1.2450000000000048 0.044290765588752591 0.10663819956124242 0.29269337949403812 0.86391694725028068 6.5000000000000009 -32.499999999999993 1.5000000000000002 111.50000000000001 1055.0000000000002 0.48999999999999849 0.15769174853528931 0.46677766561489181 0.60417340890656246
decision_type=10 10 10 10 10 10 10 2 2 2 10 8 10 10
left_child=11 -2 -3 4 -4 9 10 8 -8 -5 -7 12 13 -1
right_child=1 2 3 5 -6 6 7 -9 -10 -11 -12 -13 -14 -15
leaf_value=-0.01505578604631443 -0.042235991500029442 0.024725592226661847 -0.041303116891316716 0.030945603377460058 0.016220163546561851 0.017458352496359662 -0.071911671393755858 0.029307518997339743 -0.020716735250094195 -0.0044717483411840361 -0.033703631968371409 -0.00032578788420045934 0.012473604057818555 0.030920488152605258
leaf_weight=66.744476716965437 20.336925213225186 17.010094652883708 23.527381836436689 26.348785925190896 10.129555929452179 25.882382871583108 8.6565294805914217 5.731234995648264 17.042340574786067 19.797795433551073 5.6054549850523463 1675.396868636366 197.39764443412423 12.23886188585311
leaf_count=479 159 123 291 228 122 243 56 68 225 206 55 15237 1483 92
internal_value=7.43965e-05 -0.00640262 -0.00160595 -0.00489445 -0.0240221 0.00117292 -0.00976604 -0.0268553 -0.040009 0.0159783 0.00759344 0.000674931 0.0067205 -0.00763402
internal_weight=2131.85 180.068 159.732 142.721 33.6569 109.065 62.9179 31.4301 25.6989 46.1466 31.4878 1951.78 276.381 78.9833
internal_count=19067 1776 1617 1494 413 1081 647 349 281 434 298 17291 2054 571
is_linear=0
shrinkage=0.05


Tree=274
num_leaves=15
num_cat=4
split_feature=14 10 30 3 54 15 7 30 29 30 4 24 18 28
split_gain=3.96048 3.43737 11.1226 10.4143 6.8723 6.75265 6.69329 9.94879 8.20798 10.7883 10.9761 9.55008 7.45055 7.16718
threshold=-10.687499999999998 16.500000000000004 0 0.30600721671588188 25.500000000000004 5.3921454418714951 22.500000000000004 1 2 3 -18.151642945000869 0.16848662505359768 14.423750000000004 0.29481222757732378
decision_type=8 2 9 8 10 8 2 9 9 9 8 8 10 8
left_child=-1 6 3 -3 5 -4 8 -8 11 10 -10 -2 -11 -13
right_child=1 2 4 -5 -6 -7 7 -9 9 12 -12 13 -14 -15
leaf_value=-0.035142902768878402 0.017159540061615044 0.0063016105786701084 0.0076575212285586829 -0.036673838877124866 -0.022700711915725355 0.028961282974261867 -0.011257112649317169 -0.00039359795814092769 -0.014658331902326752 0.0011417367236344924 0.018147647376439934 -0.0039022420603780717 -0.04716071131502797 -0.026197705178085468
leaf_weight=7.1064818166196346 32.569462577812374 27.233690230175853 139.47529461840168 27.677811772562563 13.243276513647286 50.327027722727507 289.77797219529748 719.5127576533705 28.411416176240891 438.11150007974356 201.34987891511992 96.467308430932462 7.1313074966892591 56.964533231221139
leaf_count=47 340 208 1059 242 111 557 1762 3854 467 5893 3092 712 97 623
internal_value=-0.000260806 -0.00012788 0.00527133 -0.0132573 0.0104597 0.0134285 -0.000874976 -0.003636 0.00236203 0.00489636 0.0134617 -0.00671489 0.000258353 -0.0122959
internal_weight=2135.36 2128.25 257.957 54.9115 203.046 189.802 1870.3 1009.29 861.005 675.004 229.761 186.001 445.243 153.432
internal_count=19064 19017 2177 450 1727 1616 16840 5616 11224 9549 3559 1675 5990 1335
cat_boundaries=0 1 3 4 6
cat_threshold=270846218 294128718 1 6833344 293650783 8
is_linear=0
shrinkage=0.05


Tree=275
num_leaves=15
num_cat=1
split_feature=55 4 14 56 4 1 28 8 30 25 25 24 28 27
split_gain=4.86724 11.687 4.51669 8.42341 6.46929 4.455 4.09754 7.01879 3.99392 9.8088 10.7652 8.02683 10.5465 8.43289
threshold=4.5000000000000009 -10.921528650620367 8.9837500000000023 11.500000000000002 -0.63414461499537278 0.31444622792937404 0.42070641869282804 26.500000000000004 0 9.1451879585464173 5.4779066662326388 0.11237307281839196 0.22414921303400523 0.22062087540033312
decision_type=8 8 10 2 10 10 10 10 9 10 10 8 10 10
left_child=1 -1 8 4 6 -3 7 -4 9 10 11 12 -2 -13
right_child=2 5 3 -5 -6 -7 -8 -9 -10 -11 -12 13 -14 -15
leaf_value=-0.036405836385425702 0.0040930159445629281 -0.0078340500176343943 0.036540551519983006 -0.065001627463367573 0.033727177301551947 0.037820916930695676 -0.035675046966465805 -0.042224941172501515 -0.00077135414613462754 -0.031274331617243453 0.038533157076222263 0.017841098005758567 -0.039920012195965311 0.0020570939089910203
leaf_weight=7.3877017507329583 33.186434175819159 6.1725178118795148 6.1846567466855067 6.3558227922767392 7.0960406446829465 28.041777807287872 12.831738648004828 3.6789895119145513 1515.8796546668746 17.678838929161429 22.716416100971401 115.07507260981947 21.882132311351597 313.48260318348184
leaf_count=89 295 54 101 52 135 238 152 40 13096 97 162 1068 223 3243
internal_value=0.000566161 0.0172958 0.00022275 -0.0170557 -0.00504784 0.0295958 -0.0180831 0.00597969 0.000537132 0.00425029 0.0056336 0.00401195 -0.0137961 0.00632704
internal_weight=2117.65 41.602 2076.05 36.1472 29.7914 34.2143 22.6954 9.86365 2039.9 524.021 506.343 483.626 55.0686 428.558
internal_count=19045 381 18664 480 428 292 293 141 18184 5088 4991 4829 518 4311
cat_boundaries=0 1
cat_threshold=990921563
is_linear=0
shrinkage=0.05


Tree=276
num_leaves=15
num_cat=2
split_feature=30 8 15 15 26 11 26 19 18 2 30 19 56 2
split_gain=5.99021 5.99607 7.20986 6.76174 6.03553 6.64713 6.08639 6.16689 5.95627 5.26859 10.2532 7.61664 7.02459 6.83804
threshold=0 55.500000000000007 3.3409549366810976 13.685814884378757 921.00000000000011 6.216695913377416 78.500000000000014 21.000000000000004 -1.57375 60.482017252749536 1 91.245000000000019 8.5000000000000018 77.04490403926529
decision_type=9 8 10 8 2 2 2 10 10 2 9 8 2 2
left_child=1 2 4 -4 6 -6 7 -1 -3 -2 -11 13 -13 -12
right_child=9 8 3 -5 5 -7 -8 -9 -10 10 11 12 -14 -15
leaf_value=0.021419129152964414 0.00038941946832020229 0.051156015811977054 0.036486618064575885 -0.024625903121006196 -0.0091628897939429865 0.062066139309435941 -0.027241332190620689 -0.023788900912245295 -0.0088337136982922903 0.0074492270395318866 -0.0039930922163938717 -0.015051256779643704 0.027664840498657774 -0.066792155322699207
leaf_weight=19.973849694244567 1783.0635284641758 14.791768325492741 25.112809842918068 4.7400039141066399 5.8635935215279442 5.8290273956954479 25.537287298589945 10.813029164448379 5.248727115802466 69.707393825054169 6.757086347788575 110.9407663885504 9.6151152756065112 11.798063546419142
leaf_count=170 16059 172 387 73 92 81 252 135 78 458 49 766 93 95
internal_value=0.000184443 0.0106301 0.0062475 0.0262996 -0.00280696 0.0284387 -0.00967635 0.0052922 0.0357712 -0.0004898 -0.00798672 -0.0151686 -0.0114448 -0.0452968
internal_weight=2109.79 117.91 97.8696 29.8528 68.0168 11.6926 56.3242 30.7869 20.0405 1991.88 208.818 139.111 120.556 18.5551
internal_count=18960 1440 1190 460 730 173 557 305 250 17520 1461 1003 859 144
cat_boundaries=0 1 3
cat_threshold=1613758980 25952258 3
is_linear=0
shrinkage=0.05


Tree=277
num_leaves=15
num_cat=2
split_feature=2 2 26 2 27 1 25 15 30 10 29 11 8 20
split_gain=3.14394 6.31759 9.54912 6.45199 6.07675 4.58814 5.48764 4.10137 3.88448 9.28882 6.40133 7.41529 10.1806 14.0662
threshold=-7.4392210828487277 -2.1562103553344367 13.500000000000002 -0.0084560557177981704 0.12680853412441725 0.6319659442724459 1.7374918063611198 0.91016770630866628 0 25.500000000000004 1 5.541734003496507 27.500000000000004 -46.042499999999983
decision_type=2 2 2 2 8 8 10 10 9 2 9 2 8 10
left_child=4 2 -2 -3 -1 6 -6 -4 9 10 11 -5 13 -13
right_child=1 3 7 8 5 -7 -8 -9 -10 -11 -12 12 -14 -15
leaf_value=-0.038182143558651772 -0.062452740176838141 0.034674815656555551 -0.02495787041256816 -0.021196255736799341 -0.027376615498929002 0.033110814306716356 0.028578528935555084 0.03553209463016211 0.00089325369383279796 -0.037988035514389784 -0.0056356611520089646 0.069434551997630795 -0.010269270015566616 -0.0019522376361195432
leaf_weight=4.1967253107577553 9.0490776468068379 12.388972423970698 4.4028578754514438 11.017094740644096 8.4375888961367291 23.494760889559984 7.1815026695840052 4.8776104161515832 1686.682980756741 18.921888369135559 311.15823434758931 16.132255321368575 14.344073382206259 11.464895080775024
leaf_count=37 55 128 43 88 60 394 52 75 14559 129 3200 107 118 95
internal_value=9.128e-05 -0.000186678 -0.0286397 7.74322e-05 0.0132714 0.0196064 -0.00147745 0.00719811 -0.000146307 -0.00461737 -0.00291038 0.0117725 0.0234661 0.0407466
internal_weight=2143.75 2100.44 18.3295 2082.11 43.3106 39.1139 15.6191 9.28047 2069.72 383.038 364.117 52.9583 41.9412 27.5972
internal_count=19140 18597 173 18424 543 506 112 118 18296 3737 3608 408 320 202
cat_boundaries=0 2 3
cat_threshold=1342322698 9 4195605
is_linear=0
shrinkage=0.05


Tree=278
num_leaves=15
num_cat=0
split_feature=28 8 4 3 20 25 25 15 1 15 56 20 7 3
split_gain=4.6528 7.33235 5.08584 4.9487 5.85372 6.7007 6.20955 7.84994 5.30596 4.90425 4.90094 5.21438 5.66221 6.27408
threshold=0.16523359956869296 30.500000000000004 2.4949761010745806 0.86756187983734123 -0.49499999999999739 0.14808865934999069 0.38908336833082219 2.1647966977578306 0.15430402930402934 4.2847130239167841 12.500000000000002 -69.837499999999991 32.500000000000007 0.30230514492966271
decision_type=10 8 10 8 10 10 10 8 10 8 2 10 2 10
left_child=1 3 10 4 6 -6 8 -8 -1 -9 11 12 13 -3
right_child=-2 2 -4 -5 5 -7 7 9 -10 -11 -12 -13 -14 -15
leaf_value=-0.033781154202077994 -0.00083047269855461906 0.026420263402642554 0.014135806542417667 0.035721633673077235 0.032257329781778636 -0.018898573165852649 0.041374377651635368 -0.029171086157278425 0.007001921716376625 0.015418255813609963 0.011287664371425699 -0.036252942517288292 -0.027934183124053626 -0.017718779029087008
leaf_weight=8.4495163373649103 1790.2306380113587 16.619552500545982 27.977069121319801 18.131497454829514 7.0892744939774266 30.32274907361716 31.294961984734982 6.0501439003273845 50.128767990507185 51.789767565205693 20.354263046756387 21.227927678264678 18.507404148578644 13.893944112583993
leaf_count=52 16325 115 234 141 65 341 217 44 440 451 154 197 90 130
internal_value=0.000165433 0.00569061 -0.00416864 0.0114348 0.00887691 -0.00861753 0.013336 0.0215727 0.000650976 0.0103376 -0.00991343 -0.0161286 -0.00686338 0.0063976
internal_weight=2112.07 321.837 118.58 203.257 185.125 37.412 147.713 89.1349 58.5783 57.8399 90.6031 70.2488 49.0209 30.5135
internal_count=18996 2671 920 1751 1610 406 1204 712 492 495 686 532 335 245
is_linear=0
shrinkage=0.05


Tree=279
num_leaves=15
num_cat=2
split_feature=7 30 29 15 11 19 0 3 8 19 3 0 3 1
split_gain=6.81584 6.83059 7.08336 6.25164 12.3725 10.7755 9.92854 7.92891 7.79667 8 8.37882 14.2483 6.80152 7.00287
threshold=16.500000000000004 0 1 2.8184505457697155 5.7076581372324293 95.800000000000011 89.00500000000001 0.79330160892161772 65.500000000000014 85.492500000000021 0.17941120297398522 25.010000000000002 1.1565180824222037 1.1114996114996119
decision_type=2 9 9 8 2 10 10 10 8 8 8 8 8 10
left_child=1 3 -3 4 7 6 8 -1 9 10 11 -6 -5 -14
right_child=-2 2 -4 12 5 -7 -8 -9 -10 -11 -12 -13 13 -15
leaf_value=0.0311283775345946 -0.0016621586924528435 0.028377683468498408 0.006187068756380954 0.0098461889575091142 0.029320877975904325 0.044018972665253592 0.018273195030040851 -0.022538107861123452 0.0014421912618022598 -0.046756736552229547 0.026447806415773163 -0.11027839613957363 -0.04584298732682577 0.018920915784847996
leaf_weight=24.474528868682683 1537.5288144499063 35.857968498952687 263.09334710147232 129.15914121083915 2.8494801227934632 5.6163910515606394 12.234376388601957 8.6123123639263195 16.561063423752785 47.364907294977456 8.5576642844825983 2.8481866456568241 10.729640224017205 5.7818326926790169
leaf_count=322 9218 1479 4304 2122 73 151 153 92 181 491 167 45 89 103
internal_value=7.34193e-05 0.00471928 0.00976139 -0.00109589 -0.00910984 -0.0181559 -0.0224573 0.0169079 -0.0289814 -0.0370504 -0.00384931 -0.046509 0.00594644 -0.0233791
internal_weight=2111.27 573.741 298.951 274.79 129.119 96.0321 90.4157 33.0868 78.1813 61.6202 14.2553 5.69767 145.671 16.5115
internal_count=18990 9772 5783 3989 1675 1261 1110 414 957 776 285 118 2314 192
cat_boundaries=0 2 3
cat_threshold=1365861461 13 12292
is_linear=0
shrinkage=0.05


Tree=280
num_leaves=15
num_cat=1
split_feature=20 15 30 20 15 19 4 3 3 28 25 8 8 4
split_gain=4.93968 3.95096 4.10534 12.0853 7.94291 11.9761 9.18135 8.44831 7.57384 7.66393 7.52221 6.83818 10.2827 7.01124
threshold=-94.749999999999986 -15.76649556994648 0 -1.0000000180025095e-35 0.49453781860740881 57.985000000000007 3.3777634680464819 0.61785927602619994 0.083292049537297935 0.38751630445330004 7.8454301265326398 143.50000000000003 114.50000000000001 -34.855450481698924
decision_type=8 8 9 10 10 10 10 10 10 8 10 10 10 8
left_child=-1 -2 3 4 5 -3 7 8 9 -7 11 12 13 -4
right_child=1 2 10 -5 -6 6 -8 -9 -10 -11 -12 -13 -14 -15
leaf_value=-0.039550307138505381 -0.028355446321881944 0.0086663656165701045 0.026747789669306223 -0.015185917801637911 0.015204215045708423 0.020003765774040783 0.025190244689715896 0.017158404774565313 -0.046433565418974893 -0.039073052299847047 -0.022453397481611119 -0.044394723291506288 0.055222515613576911 -0.0015612562615436624
leaf_weight=7.1987294433638453 11.805218642577527 158.27743838075548 21.180166212376207 71.2889164397493 169.69931429065764 11.185914850793781 10.770279452204703 10.159838638268409 31.194579583592713 9.0349974669516069 41.456627410836518 8.0827826792374236 7.1246270830743006 1581.0646361527033
leaf_count=62 106 1130 284 699 2040 71 124 115 266 80 229 73 78 13752
internal_value=-0.000813424 -0.000664867 -0.000498202 0.00356948 0.00702788 0.000971815 -0.0157509 -0.0232002 -0.0313503 -0.00698998 -0.00166752 -0.00113152 -0.0008868 -0.00117059
internal_weight=2149.52 2142.33 2130.52 471.611 400.322 230.623 72.3456 61.5753 51.4155 20.2209 1658.91 1617.45 1609.37 1602.24
internal_count=19109 19047 18941 4525 3826 1786 656 532 417 151 14416 14187 14114 14036
cat_boundaries=0 2
cat_threshold=2708570637 14
is_linear=0
shrinkage=0.05


Tree=281
num_leaves=15
num_cat=2
split_feature=28 5 16 2 2 7 2 30 25 11 44 30 25 8
split_gain=4.09421 5.75692 6.31856 5.71254 6.8558 5.75428 5.0764 5.06734 5.02016 8.08752 4.86119 9.69309 13.2084 8.69252
threshold=0.16523359956869296 0.15603820754716985 5.4374999999999991 53.411973284901677 110.68203703703705 61.500000000000007 -28.47405517570655 0 0.34044436344106793 6.8806306944823694 1.0000000180025095e-35 1 0.29761748307302277 57.500000000000007
decision_type=8 8 8 2 2 2 2 9 10 2 2 9 10 8
left_child=1 -1 -3 5 -5 7 -2 -4 -9 -10 -8 12 -12 -13
right_child=6 2 3 4 -6 -7 10 8 9 -11 11 13 -14 -15
leaf_value=0.031013643608420773 0.030123049431701455 -0.016672118328061206 -0.0063347701334377018 -0.04606887831641078 0.0093524808497863886 -0.019338542452955413 -0.00052075923807895464 0.0028426913877868912 0.045420259358743637 -0.00036827279280711526 0.019223313090717287 -0.0081346319104523123 -0.037470838853668274 0.019086288080678675
leaf_weight=20.620751797687262 11.869510613847522 30.274783303495497 19.201798031106591 8.7139908373355883 12.479160664603112 10.887448269873856 1738.3185619963333 17.925963749177754 36.927668184041977 12.910301411524413 12.100143718533216 103.22435447108001 51.643930629361421 39.812556406017393
leaf_count=134 154 273 148 48 79 103 15682 99 262 86 130 1092 398 346
internal_value=-0.000531 0.00689022 0.0033747 0.00856924 -0.0144842 0.0136582 -0.00117864 0.017962 0.0224895 0.033785 -0.00138504 -0.00861316 -0.0230223 -0.000447078
internal_weight=2126.91 169.942 149.321 119.046 21.1932 97.8532 1956.97 86.9657 67.7639 49.838 1945.1 206.781 63.7441 143.037
internal_count=19034 1232 1098 825 127 698 17802 595 447 348 17648 1966 528 1438
cat_boundaries=0 2 4
cat_threshold=278784 8 50348308 14
is_linear=0
shrinkage=0.05


Tree=282
num_leaves=15
num_cat=1
split_feature=15 4 56 3 2 29 24 27 6 27 9 27 10 2
split_gain=4.36665 4.3235 4.40275 3.84775 3.50134 10.4978 5.8419 7.27258 5.44579 6.69922 5.27378 4.21103 4.74279 4.08186
threshold=16.264094388806143 6.2701371561949193 1.0000000180025095e-35 1.332254291487746 -0.0017448529702202007 0 0.22417897771335174 0.2836274084565707 22.500000000000004 0.28955772009209396 1.0000000180025095e-35 0.061911632576011781 7.5000000000000009 514.78586343313816
decision_type=10 8 2 8 2 9 10 8 10 10 2 8 2 2
left_child=4 -2 3 -3 5 6 -1 -8 9 -7 -9 12 -6 -13
right_child=1 2 -4 -5 11 8 7 10 -10 -11 -12 13 -14 -15
leaf_value=0.056499546154067694 -0.044875554086460628 -0.0072744938578910463 0.020969309679354592 -0.054618807717187225 -0.011933609995854397 0.019725030643909302 -0.025014505594519894 0.0021823009713651787 -0.049669991641202491 -0.035670768743061861 0.043887918234591039 -0.00097452582342547913 0.025280001013712562 -0.030096731574115777
leaf_weight=10.904242190066723 9.281335487496106 18.990661212708805 8.9594147824682278 4.7049983786419025 11.238411693833767 12.485748220235115 7.8606165372766545 13.091536913532765 7.9510635007172814 8.1750772288069111 17.370012709870934 1958.3287384882569 29.320371018256992 11.108274553902445
leaf_count=82 97 235 141 44 84 86 66 141 59 69 334 17287 216 68
internal_value=-0.000741941 -0.0165259 -0.00737423 -0.0185062 -0.000417145 0.00991954 0.0213845 0.0156484 -0.0127708 -0.00282885 0.0266031 -0.000822172 0.0149295 -0.00115398
internal_weight=2129.77 41.9364 32.6551 23.6957 2087.83 77.8383 49.2264 38.3222 28.6119 20.6608 30.4615 2010 40.5588 1969.44
internal_count=19009 517 420 279 18492 837 623 541 214 155 475 17655 300 17355
cat_boundaries=0 1
cat_threshold=4780034
is_linear=0
shrinkage=0.05


Tree=283
num_leaves=15
num_cat=0
split_feature=16 13 21 3 16 15 25 0 16 47 1 8 19 14
split_gain=3.226 5.89853 8.14438 4.97498 4.78014 5.91383 4.48016 6.79591 3.92503 3.87372 5.88106 3.8438 3.01507 3.01958
threshold=6.4925000000000006 4.5025000000000022 0.96175449594036422 0.051896747649622529 1.7774999999999992 0.75171113619808627 0.14808865934999069 44.625000000000007 7.7825000000000015 1.0000000180025095e-35 0.77442071785552036 64.500000000000014 94.675000000000011 3.7000000000000002
decision_type=10 10 8 8 10 10 10 10 10 2 8 10 8 8
left_child=1 4 -3 -4 9 -6 7 -5 -2 -1 -11 -12 13 -8
right_child=8 2 3 6 5 -7 12 -9 -10 10 11 -13 -14 -15
leaf_value=0.00011658289194189156 -0.046118695148362032 -0.034646076161250462 -0.035876845750967133 0.032681844755692815 0.015277851226780416 -0.041631367032358785 -0.016172027244367729 -0.041473509880248782 -0.0055199781345246944 -0.023749409751336353 0.044699341569414269 0.0028590858357638561 0.050357916254527818 0.022767558445000155
leaf_weight=1937.3528900025412 6.696324983611702 7.356193732470274 3.3299539731815448 4.5136886183172447 6.0707704699598279 13.322061550337819 4.7245254260487854 6.1124474462121725 27.875405046157539 5.8179238755255964 14.188196398317816 8.8220019266009313 8.9443145790137333 59.649390870705247
leaf_count=16722 72 78 43 34 53 136 53 82 302 34 183 93 198 941
internal_value=0.000471641 0.000726609 0.0128557 0.0172067 0.000142366 -0.0239408 0.01971 -0.00987264 -0.0144591 0.000391952 0.0182734 0.0294452 0.0240726 0.019706
internal_weight=2114.78 2080.2 94.6305 87.2743 1985.57 19.3928 83.9444 10.6261 34.5717 1966.18 28.8281 23.0102 73.3182 64.3739
internal_count=19024 18650 1429 1351 17221 189 1308 116 374 17032 310 276 1192 994
is_linear=0
shrinkage=0.05


Tree=284
num_leaves=15
num_cat=2
split_feature=3 45 8 30 1 11 24 25 19 27 57 1 54 30
split_gain=4.23911 9.67206 12.1607 8.71219 10.6674 8.44795 6.47651 6.82769 7.36228 8.68704 6.42542 6.07614 10.8654 10.2224
threshold=0.036740339653081017 1.0000000180025095e-35 27.500000000000004 0 0.20354676710608918 5.7076581372324293 0.4888976020403169 0.30172012603733739 9.5000000000000018 0.48593498791559531 4.7500000000000009 0.88944444444444459 4.5000000000000009 1
decision_type=8 2 10 9 10 2 10 10 8 8 2 8 10 9
left_child=1 2 3 4 -1 -6 7 -5 -9 10 -10 12 13 -2
right_child=11 -3 -4 6 5 -7 -8 8 9 -11 -12 -13 -14 -15
leaf_value=-0.031622627792896589 0.0074532934494693608 0.031815759594705478 -0.028105695160656741 -0.013685601836459142 -0.031158235682010774 0.01667505607609622 0.033199137494434434 -0.009506837083580813 0.0070838746825579646 0.047467796385279593 0.039075778313843124 0.0023599644216259542 -0.032045579365036804 -0.0053617809042023727
leaf_weight=31.717895274981856 190.89368144888431 29.903328712563962 28.535887850448489 32.588831212371588 11.18184544239193 37.302424899302423 25.976803492754698 36.234587302431464 130.08083449210972 17.591939903795719 16.982031334191561 813.31129192002118 31.358641593717039 683.42645915877074
leaf_count=230 1637 247 182 274 113 245 172 217 767 142 102 9368 310 4978
internal_value=0.000301912 0.00494435 0.00268168 0.00534316 -0.00850304 0.00523662 0.00959746 0.00725046 0.0106977 0.0151746 0.0110171 -0.000775467 -0.00359062 -0.0025346
internal_weight=2117.09 398.096 368.193 339.657 80.2022 48.4843 259.455 233.478 200.889 164.655 147.063 1718.99 905.679 874.32
internal_count=18984 2691 2444 2262 588 358 1674 1502 1228 1011 869 16293 6925 6615
cat_boundaries=0 2 4
cat_threshold=26806276 2 567886084 8
is_linear=0
shrinkage=0.05


Tree=285
num_leaves=15
num_cat=4
split_feature=6 30 3 11 0 30 5 27 1 3 30 8 8 30
split_gain=3.36782 8.24173 13.0782 8.31838 8.59791 12.127 7.57801 7.40628 7.18015 9.95312 7.30636 8.36043 6.82181 19.4942
threshold=24.500000000000004 0 0.32244852601904217 8.1118848823195737 28.695000000000004 1 0.69983671843886908 0.57829187327520393 0.8971275426058275 0.0085214174242691301 2 36.500000000000007 42.500000000000007 3
decision_type=10 9 10 2 10 9 8 10 8 10 9 10 10 9
left_child=7 2 -2 4 5 6 -3 12 -9 -10 11 -11 -1 -14
right_child=1 3 -4 -5 -6 -7 -8 8 9 10 -12 -13 13 -15
leaf_value=0.0019309623461282032 0.020312027301968835 -0.0053357265472826557 -0.039730889091388194 -0.018743313731515436 0.032188012472282243 0.00031453905044585568 -0.039074453269374476 0.040654171342262457 -0.045560757485211052 -0.037266667583708696 0.025750769824941667 0.023564850183221249 0.0073062677630674287 -0.017371920460501317
leaf_weight=1171.8237248230726 66.472546374425292 29.318671935237944 9.5332871247082931 99.995100451633334 15.956500899046658 313.6795997666195 38.623087145388126 20.417061849031597 6.9725935771130017 12.777525894343855 29.181571645196527 8.6927652922458929 139.53515271050856 166.0721584665589
leaf_count=11495 391 226 81 528 150 1794 307 235 61 165 705 132 1408 1446
internal_value=-0.000214786 -0.00348617 0.0109419 -0.00581054 -0.00266473 -0.00420232 -0.0216618 0.000992997 0.0159047 0.0065917 0.0145139 -0.0087783 0.000195102 -0.00644549
internal_weight=2129.05 573.579 76.0058 497.573 397.578 381.621 67.9418 1555.47 78.0415 57.6245 50.6519 21.4703 1477.43 305.607
internal_count=19124 3477 472 3005 2477 2327 533 15647 1298 1063 1002 297 14349 2854
cat_boundaries=0 1 3 5 7
cat_threshold=2835915024 268719112 10 268730378 14 1377080408 7
is_linear=0
shrinkage=0.05


Tree=286
num_leaves=15
num_cat=2
split_feature=2 2 25 3 7 2 7 25 30 1 6 30 8 8
split_gain=2.93227 3.50338 6.4866 7.76478 6.28398 5.43634 3.64342 8.39312 19.3467 12.1166 11.9044 10.0842 9.54602 18.499
threshold=483.27975615065026 223.70687035608373 3.6717355354409285 0.26643370495768443 38.500000000000007 306.01874524667534 27.500000000000004 0.45098826074133991 0 1.9290744466800807 -19.499999999999996 1 15.500000000000002 18.500000000000004
decision_type=2 2 10 10 2 2 2 8 9 10 8 9 10 10
left_child=1 6 3 -3 5 -4 7 8 10 -10 -1 12 -9 -14
right_child=-2 2 4 -5 -6 -7 -8 11 9 -11 -12 -13 13 -15
leaf_value=0.018521908909142414 -0.022652829496275034 0.059208344697775764 0.034599563653304785 0.0034559508461223208 -0.032725283743117145 -0.016932776348612275 -0.0032627543498949651 0.012779486908620172 0.021619119844056702 -0.017018506165043544 -0.018741069815655702 -0.0048606644694578899 -0.059109092125419628 0.0015939816137566275
leaf_weight=27.894456434994936 13.534895504824815 11.404537325724961 11.302070619538432 12.843267765827475 10.534884005784987 7.9578388910740605 738.97965849749744 203.08166749449447 186.07368850940838 22.015744681004435 82.934671877883375 643.69690567580983 12.647441460750995 155.62666551070288
leaf_count=551 91 64 95 105 52 51 4300 2128 2385 400 819 6254 138 1819
internal_value=-0.00027142 -0.00011842 0.0123318 0.0309846 -0.00336151 0.0135225 -0.000448792 0.00111133 0.00817342 0.0166721 -0.00851886 -0.00111336 0.0053642 -0.00329069
internal_weight=2140.53 2126.99 54.0426 24.2478 29.7948 19.2599 2072.95 1333.97 318.919 208.089 110.829 1015.05 371.356 168.274
internal_count=19252 19161 367 169 198 146 18794 14494 4155 2785 1370 10339 4085 1957
cat_boundaries=0 2 4
cat_threshold=545104922 13 39788570 11
is_linear=0
shrinkage=0.05


Tree=287
num_leaves=15
num_cat=0
split_feature=8 11 3 54 6 0 55 8 8 28 8 6 55 10
split_gain=3.82949 6.46869 9.1604 3.60469 6.39729 6.9778 3.63084 4.00382 6.24628 4.49884 4.07847 6.58763 4.33901 4.44573
threshold=-2.4999999999999996 6.1337016384433714 0.080918835879020601 85.500000000000014 -75.499999999999986 74.00500000000001 73.500000000000014 108.50000000000001 103.50000000000001 0.22276707305361546 86.500000000000014 -75.499999999999986 22.500000000000004 10.500000000000002
decision_type=8 2 8 10 8 8 10 10 10 10 10 8 10 2
left_child=1 -1 -3 6 -5 -6 7 8 10 -9 11 -2 13 -13
right_child=3 2 -4 4 5 -7 -8 9 -10 -11 -12 12 -14 -15
leaf_value=0.051208193279077052 -0.038330810675551025 0.042202372859598714 -0.026296626695123639 -0.013008511334238124 0.047695104741562661 -0.0075434514155861736 -0.031879206221603604 0.047958804287304903 -0.041912246117310425 0.0016959569076948221 0.021870507478356286 -0.0018344119089402323 0.025498241259117833 0.0036796543779825381
leaf_weight=8.8348124632611889 10.429860529024152 7.0903540952131179 11.3038162747398 12.672662851866333 16.307965647429231 8.1717219278216344 8.0903528463095409 8.0946685913950223 8.0379434004425985 12.628840518184004 19.620781124569476 1481.0077000488527 15.212942200712858 484.24041474005207
leaf_count=105 111 60 106 136 113 61 83 65 60 100 203 13615 143 4118
internal_value=0.000181674 0.0184741 0.000922095 -6.60151e-05 0.0151618 0.0296832 -0.000349612 -0.000208962 -0.000438525 0.0211422 -0.000251961 -0.000480855 -0.000262278 -0.000474556
internal_weight=2111.74 27.229 18.3942 2084.52 37.1524 24.4797 2047.36 2039.27 2018.55 20.7235 2010.51 1990.89 1980.46 1965.25
internal_count=19079 271 166 18808 310 174 18498 18415 18250 165 18190 17987 17876 17733
is_linear=0
shrinkage=0.05


Tree=288
num_leaves=15
num_cat=2
split_feature=7 26 28 24 8 3 11 29 7 6 1 29 28 11
split_gain=4.85747 7.18639 6.95334 6.59197 9.78045 5.80985 10.5087 8.59668 10.0461 6.15459 6.10925 7.90938 16.8237 13.6776
threshold=23.500000000000004 497.50000000000006 0.381249266208808 0.030483659461412214 1.0000000180025095e-35 0.0031456561246285173 5.6589244134426711 0 52.500000000000007 4.5000000000000009 0.38501602564102572 1 0.38759937790261517 8.5542672637856345
decision_type=2 2 8 10 10 8 2 9 2 10 8 9 10 2
left_child=3 5 -3 4 -1 6 -2 -8 9 -9 -7 -12 13 -13
right_child=1 2 -4 -5 -6 10 7 8 -10 -11 11 12 -14 -15
leaf_value=-0.061937481763429385 -0.028505613829154276 0.0084832552853033559 -0.031866665733724424 0.0020697106642986476 0.013029433223719794 -0.0096507499561365676 -0.010948871929667427 0.0097045913569841873 -0.0054106658811659885 0.047905515839918741 0.0018890659251854609 -0.051805543842145745 0.018652890237355012 -0.0041175176425284118
leaf_weight=8.811330627184363 15.274453140795229 14.165917094796894 38.304179368540645 1106.9592954912223 7.292673588730394 277.14983204193413 22.268685840070248 15.766942184418438 19.494064956903458 34.978316616266966 493.73644976876676 31.449338831007481 24.855627093464136 28.367399580776691
leaf_count=73 109 93 282 13242 119 1714 140 85 133 183 2584 154 125 132
internal_value=-0.000669978 -0.00317383 -0.021018 0.00159556 -0.0292119 -0.00218112 0.00870749 0.0150911 0.0218538 0.0364531 -0.00356142 -0.000632047 -0.0137939 -0.0296296
internal_weight=2138.87 1015.81 52.4701 1123.06 16.104 963.341 107.782 92.508 70.2393 50.7453 855.559 578.409 84.6724 59.8167
internal_count=19168 5734 375 13434 192 5359 650 541 401 268 4709 2995 411 286
cat_boundaries=0 1 2
cat_threshold=40960 319494
is_linear=0
shrinkage=0.05


Tree=289
num_leaves=15
num_cat=3
split_feature=7 29 11 30 24 1 1 24 26 30 7 11 20 28
split_gain=4.82652 6.55598 9.07317 14.5733 7.63947 8.06665 7.51166 8.92017 7.36938 6.41112 9.60003 8.02236 7.93164 7.49004
threshold=23.500000000000004 0 5.8556448174048787 1 0.40833078664681899 0.18070330969267143 0.4859764089121888 0.48764614131710088 23.500000000000004 2 36.500000000000007 5.8240513000586569 -33.47999999999999 0.42870427463501232
decision_type=2 9 2 9 10 10 8 8 2 9 2 2 8 10
left_child=-1 2 6 -4 5 -5 7 -2 -6 10 -3 -11 -13 -14
right_child=1 9 3 4 8 -7 -8 -9 -10 11 -12 12 13 -15
leaf_value=0.0026418904181313876 -0.040923029007968119 0.0019862241158936974 0.017977359252020039 0.0073178744863473437 0.016207891139174806 -0.047024621083578924 0.012809607460629839 0.018523518274421683 -0.025381851084529519 -0.011664067049005813 -0.013957311736217039 -0.02258745828541454 0.0073749922435266332 0.042462257140778739
leaf_weight=1112.1690845964476 16.214367130771283 222.71329195052385 18.218371517956257 7.6302554924041024 14.923397852107881 48.656582480296493 55.533157663419843 9.2229446992278081 31.934476539492607 65.794811405241489 162.62571274768561 20.083707191050053 321.12134851887822 15.036951407790182
leaf_count=13439 120 1149 105 57 96 298 266 53 239 349 1213 105 1589 92
internal_value=0.000370854 -0.00213077 -0.00991613 -0.0189968 -0.0249664 -0.0396588 0.00255053 -0.0194838 -0.0120744 -4.66158e-05 -0.00464105 0.00415965 0.00722306 0.00906579
internal_weight=2121.88 1009.71 202.334 121.363 103.145 56.2868 80.9705 25.4373 46.8579 807.376 385.339 422.037 356.242 336.158
internal_count=19170 5731 1234 795 690 355 439 173 335 4497 2362 2135 1786 1681
cat_boundaries=0 1 2 4
cat_threshold=4554881 411058240 2592954440 10
is_linear=0
shrinkage=0.05


Tree=290
num_leaves=15
num_cat=1
split_feature=7 30 56 35 3 1 26 19 7 25 1 8 27 8
split_gain=4.6913 5.78858 10.7328 6.34747 6.11283 11.7788 13.9873 7.47251 9.2817 10.4114 8.63286 7.15584 6.91512 6.75879
threshold=16.500000000000004 0 6.5000000000000009 1.0000000180025095e-35 0.84340569653229269 2.191391941391942 891.00000000000011 90.535000000000011 8.5000000000000018 0.10981022633846996 0.68801229508196726 22.500000000000004 0.47437905359661209 67.500000000000014
decision_type=2 9 2 2 10 8 2 8 2 10 10 10 8 8
left_child=1 2 -1 4 7 6 -6 8 9 -3 -10 12 -12 -7
right_child=-2 3 -4 -5 5 13 -8 -9 10 -11 11 -13 -14 -15
leaf_value=0.0024779825659381385 -0.0013232850353019322 -0.062141500115221043 -0.026945091217625724 0.039060010007910845 0.028528444256833166 -0.055051699928943668 -0.026065516368543009 0.018473121203493741 0.0046586480197327263 0.018137930751891029 0.0039310894127842074 0.0072138981006022035 -0.057196310783836329 -0.0028248605731607743
leaf_weight=166.49268541811034 1541.8384615099058 3.2926615737378588 37.046823881566525 14.518953910097478 30.005618436727673 14.268758896738289 17.928706785663962 129.48942372715101 44.217272138688713 77.199906781315804 5.9311602753587094 9.7266889177262765 18.223563857376575 10.61446246225387
leaf_count=2375 9307 60 537 390 698 157 221 3113 408 1179 137 180 230 183
internal_value=0.000117891 0.0039516 -0.00284391 0.00750973 0.00634354 -0.00653266 0.00799348 0.00960957 0.0023021 0.0141317 -0.00991467 -0.028522 -0.042627 -0.0337431
internal_weight=2120.8 578.957 203.54 375.417 360.898 72.8175 47.9343 288.081 158.591 80.4926 78.0987 33.8814 24.1547 24.8832
internal_count=19175 9868 2912 6956 6566 1259 919 5307 2194 1239 955 547 367 340
cat_boundaries=0 2
cat_threshold=2972738321 15
is_linear=0
shrinkage=0.05


Tree=291
num_leaves=15
num_cat=2
split_feature=6 11 11 28 24 1 30 2 24 30 11 20 8 6
split_gain=3.95284 3.08397 12.4139 9.38595 9.06121 18.1073 8.96553 8.21632 9.74885 8.16431 8.01011 9.65494 7.88609 11.5927
threshold=-123.49999999999999 7.8117707955069458 7.7223987100755336 0.48587753307360615 0.47179196689471953 0.59110671936758907 0 16.517853953520838 0.26998480578795975 1 7.5138453010995514 -29.994999999999994 3.5000000000000004 24.500000000000004
decision_type=8 2 2 10 8 10 9 2 10 9 2 8 8 10
left_child=-1 2 9 4 6 -6 12 8 -4 -2 -11 -12 13 -3
right_child=1 3 7 -5 5 -7 -8 -9 -10 10 11 -13 -14 -15
leaf_value=0.031890154884258858 -0.0071638058848776656 0.045659109277912752 -0.06820769619929988 0.037560379097840352 -0.060994294263851868 0.019071551682667054 0.0087302182079804364 0.008185202566726826 -0.0034634410370895947 9.3447795858313281e-05 -0.025257699113537951 0.032726037297532901 -0.021368692884075238 -0.0099871536190842373
leaf_weight=8.2502773138694447 412.93113208329305 12.385685773566363 15.824309449642898 17.884801534470171 14.961609221994879 11.994549602270125 238.31184430094436 9.3677226635627431 9.0550487390719336 1233.0498010583688 8.1401387043297273 35.638485322706401 56.833978661801666 30.281004387885332
leaf_count=112 4408 122 98 200 73 130 1699 87 93 11101 48 318 413 159
internal_value=-0.000724476 -0.000867274 -0.00176868 0.00318793 0.00140455 -0.02596 0.00365831 -0.0311376 -0.0456879 -0.00115538 0.000841333 0.0216213 -0.00848019 0.00684206
internal_weight=2114.91 2106.66 1724.01 382.653 364.769 26.9562 337.813 34.2471 24.8794 1689.76 1276.83 43.7786 99.5007 42.6667
internal_count=19061 18949 16153 2796 2596 203 2393 278 191 15875 11467 366 694 281
cat_boundaries=0 2 4
cat_threshold=562335748 8 1365259338 6
is_linear=0
shrinkage=0.05


Tree=292
num_leaves=15
num_cat=2
split_feature=2 3 10 10 30 3 10 29 1 56 6 55 27 8
split_gain=3.81201 11.5405 5.37298 4.134 13.9225 13.204 8.68498 8.40538 15.1154 14.1746 9.40139 7.94729 7.34019 7.19175
threshold=-19.183884617080356 0.30600721671588188 4.5000000000000009 10.500000000000002 0 0.74902225554183588 34.500000000000007 1 0.53208647906657525 3.5000000000000004 23.500000000000004 22.500000000000004 0.24760507080798813 102.50000000000001
decision_type=2 10 2 2 9 10 2 9 8 2 8 10 10 8
left_child=1 2 -1 11 5 6 -5 -6 -9 10 -10 -2 -7 -13
right_child=3 -3 -4 4 7 12 -8 8 9 -11 -12 13 -14 -15
leaf_value=0.020705079399362111 -0.0019977479555278194 0.058059448021034334 -0.037364148157066346 0.02763516260611918 0.0027779380859272746 0.024011898341360756 -0.014682811881464933 -0.054971383165996195 -0.0020018829191304362 -0.049473201433434422 0.057093248597644967 0.040123395799795625 -0.03475374756651381 -0.02310390183961146
leaf_weight=6.7646029298193771 1548.6052602306008 9.9007433396764082 7.2961218040436506 113.52241599466652 265.2101765810512 6.8210636069998172 12.934869793243704 18.198131532408297 55.636881750077009 13.662321446463464 6.6472952207550398 18.989345367997885 16.404304651543498 5.0848385989666012
leaf_count=57 14109 174 54 1064 1944 60 144 109 678 126 58 159 172 74
internal_value=-4.63401e-05 0.0193771 -0.00990728 -0.000279109 0.00363299 0.0158273 0.0232254 -0.00186366 -0.013862 -0.00522653 0.00510757 -0.00154686 -0.0172161 0.02638
internal_weight=2105.68 23.9615 14.0607 2081.72 509.037 149.683 126.457 359.355 94.1446 75.9465 62.2842 1572.68 23.2254 24.0742
internal_count=18982 285 111 18697 4355 1440 1208 2915 971 862 736 14342 232 233
cat_boundaries=0 2 3
cat_threshold=2152539469 3 4222981
is_linear=0
shrinkage=0.05


Tree=293
num_leaves=15
num_cat=1
split_feature=19 29 8 4 11 3 3 25 28 11 56 16 7 11
split_gain=4.15667 11.7351 12.8056 7.55588 10.3427 7.41799 7.12527 7.25068 6.96549 6.30654 6.01946 10.4692 12.8162 6.51507
threshold=49.250000000000007 0 5.5000000000000009 -1.2049337396296766 6.711022375710745 0.14018162515936236 0.15319862230061498 0.079880594056364745 0.36843091313098048 6.8632180568479493 1.0000000180025095e-35 -0.505000000000006 34.500000000000007 7.2998716855589283
decision_type=8 9 10 10 2 10 10 10 10 2 2 10 2 2
left_child=1 2 3 4 5 -1 7 -3 -6 -5 13 12 -12 -9
right_child=-2 6 -4 9 8 -7 -8 10 -10 -11 11 -13 -14 -15
leaf_value=0.00044232270785199982 0.001759949872107405 0.036327090292119328 -0.031838701356919172 0.050571933990017449 -0.0048891175170441888 -0.053801098211423586 -0.020035797718677015 -0.0078112911500036715 0.037112622877756428 0.00848508389204909 0.041983294446643782 -0.035897388935779317 -0.016925784849595372 -0.044529805844490379
leaf_weight=18.53974851034582 1722.1109654554166 9.7742729857563955 15.424618686549364 21.409318318590522 15.534894969779996 8.5365376193076354 104.94514417462051 93.397455199621618 25.102516083978117 15.552240049466489 23.930339864455163 9.5202319882810098 13.960470309481023 13.00896445289254
leaf_count=117 16140 78 99 140 98 67 930 727 166 90 166 66 129 82
internal_value=0.000705648 -0.00395866 0.0086518 0.0156819 0.00558052 -0.0179665 -0.00957544 -0.00336586 0.0213244 0.0335531 -0.00610649 0.00858877 0.0204017 -0.0126732
internal_weight=2110.75 388.637 120.1 104.675 67.7137 27.0763 268.537 163.592 40.6374 36.9616 153.817 47.411 37.8908 106.406
internal_count=19095 2955 777 678 448 184 2178 1248 264 230 1170 361 295 809
cat_boundaries=0 1
cat_threshold=274818
is_linear=0
shrinkage=0.05


Tree=294
num_leaves=15
num_cat=3
split_feature=30 8 29 30 19 11 0 28 9 8 27 27 20 25
split_gain=3.61254 5.78841 8.90019 8.70929 8.45209 6.89312 8.6216 5.87109 8.91933 6.00822 4.54836 3.92475 3.73914 3.70983
threshold=0 6.5000000000000009 1 2 89.500000000000014 6.6984529810137667 1.4200000000000002 0.24540429334335073 1.0000000180025095e-35 26.500000000000004 0.53814748492717424 0.23963105565303155 -5.4899999999999993 0.55477786283781794
decision_type=9 10 9 9 10 2 10 8 2 10 8 10 10 10
left_child=1 2 -1 4 7 6 13 -3 -9 -10 -5 -6 -8 -4
right_child=-2 3 5 10 11 -7 12 8 9 -11 -12 -13 -14 -15
leaf_value=0.034075151834476548 -0.00050112639760970868 0.0034486795415030755 -0.0057715985535099767 0.034273891645045615 -0.018391286479252061 0.025213035446978928 0.037452414908795299 0.011972799038621361 -0.036886134019706439 -0.10251508780650365 -0.013925442083667664 0.022319343015531179 -0.0046134889866041784 -0.051113113501207487
leaf_weight=27.989163817837834 1935.4322068348993 9.1491472348570806 7.6064992956817177 21.105599313043061 8.2972744917497057 19.609300397336483 7.5674679661169675 5.3950171461328891 13.728068495169284 4.9684597002342334 5.6839561886154106 15.583380033262072 13.289737625047563 11.198864657431839
leaf_count=190 17282 69 69 308 63 158 181 45 158 57 76 143 154 82
internal_value=0.000130331 0.00686217 0.0162012 -0.00211801 -0.0123957 0.00144261 -0.0102858 -0.0304769 -0.0429847 -0.0586458 0.017586 0.00800386 0.0116642 -0.0339905
internal_weight=2106.6 171.172 87.261 83.9109 57.1213 59.2719 39.6626 33.2407 24.0915 18.6965 26.7896 23.8807 20.8572 18.8054
internal_count=19035 1753 834 919 535 644 486 329 260 215 384 206 335 151
cat_boundaries=0 2 3 5
cat_threshold=2167417601 1 2105478 2147492608 1
is_linear=0
shrinkage=0.05


Tree=295
num_leaves=15
num_cat=2
split_feature=7 29 3 3 15 10 30 1 25 6 19 55 25 5
split_gain=5.48203 8.09982 8.64846 9.82955 8.59593 7.80301 9.93471 6.62527 6.49736 10.0772 6.21742 6.70945 5.769 5.7031
threshold=24.500000000000004 0 0.20845850739661112 0.11771601041072006 -10.23923888875917 10.500000000000002 1 0.12793235133660666 1.3465429898905927 30.500000000000004 23.750000000000004 10.500000000000002 0.33841614155296063 0.54564393939393951
decision_type=2 9 10 10 10 2 9 8 8 10 8 10 10 10
left_child=7 2 3 4 8 6 10 -1 9 12 -3 13 -2 -12
right_child=1 5 -4 -5 -6 -7 -8 -9 -10 -11 11 -13 -14 -15
leaf_value=0.027083203664493846 0.017385377782578527 0.0086459262699052266 -0.043206804327802259 0.025410514640638773 -0.045015485749204227 0.0071886033857724478 0.00087694128627143701 0.0015601648754453544 0.027157824342208238 -0.041423613952882327 -0.021958092619979427 0.015213253834636965 -0.017418113984996497 0.012550938913218405
leaf_weight=25.019256301224232 22.622631352394819 27.980619939044118 21.581188024953008 16.556055150926113 18.5130869820714 212.7798034325242 392.92659619450569 1127.8439957599621 10.518107533454893 20.902162294834852 152.76182239502668 14.639022620394824 23.007714252918959 12.350532034412025
leaf_count=148 145 182 155 100 120 1213 2160 13475 55 152 818 77 127 95
internal_value=-0.000177672 -0.00299445 -0.0138899 -0.00914273 -0.0153301 -0.00100586 -0.00393255 0.00213705 -0.00771218 -0.0135453 -0.0124365 -0.016436 -0.000160426 -0.0193168
internal_weight=2100 947.139 133.701 112.12 95.5637 813.438 600.659 1152.86 77.0506 66.5325 207.732 179.751 45.6303 165.112
internal_count=19022 5399 854 699 599 4545 3332 13623 479 424 1172 990 272 913
cat_boundaries=0 1 3
cat_threshold=98304 2290617688 2
is_linear=0
shrinkage=0.05


Tree=296
num_leaves=15
num_cat=0
split_feature=3 8 56 54 25 11 4 24 18 3 4 19 11 11
split_gain=4.6499 11.1865 9.8966 8.66651 7.62317 9.29208 6.7932 6.33239 6.26372 9.35091 5.06266 5.01708 4.51711 5.33159
threshold=0.036740339653081017 28.500000000000004 1.0000000180025095e-35 inf 1.38439585063952 7.7474456652516084 -10.76515975534396 0.15845199689411738 1.0000000180025095e-35 0.0059409913287776861 2.0403721242034938 26.250000000000004 5.7169619076039035 6.1708547216789471
decision_type=10 8 2 8 10 2 10 10 8 8 8 10 2 2
left_child=1 2 6 -3 12 7 11 -6 -5 -10 -9 -1 -4 -14
right_child=-2 3 4 8 5 -7 -8 10 9 -11 -12 -13 13 -15
leaf_value=0.0035275404689253729 -0.0018014855582255301 0.018207827801451307 0.0044886862326318829 -0.052304343272479431 0.03096294141388994 0.03879059217282068 -0.013964721467471892 -0.03229012607606422 0.012886816513932232 -0.034085581192882221 0.0081142413927329758 0.031196125938064135 0.070088417583363857 0.028206133951727792
leaf_weight=298.33668407564983 1558.686822548043 14.656587751582263 13.103785873390732 13.689260223880408 7.5633852351456872 13.813179206103085 54.125546170398593 19.842399120330814 18.074210358783603 23.261053506284952 11.80896385386586 16.369909162633121 9.684061515145002 38.32815967220813
leaf_count=1836 15415 86 118 100 88 78 469 154 110 136 73 152 76 246
internal_value=-0.000404306 0.00353237 0.0062402 -0.015059 0.0190381 0.0050102 0.00223881 -0.00755745 -0.0240869 -0.0137272 -0.0174286 0.00506102 0.030933 0.0379114
internal_weight=2111.34 552.657 482.976 69.6811 114.144 53.0279 368.832 39.2147 55.0245 41.3353 31.6514 314.707 61.116 48.0122
internal_count=19137 3722 3290 432 833 393 2457 315 346 246 227 1988 440 322
is_linear=0
shrinkage=0.05


Tree=297
num_leaves=15
num_cat=3
split_feature=11 30 30 29 11 2 28 13 15 1 56 24 24 24
split_gain=3.73638 10.2508 9.55867 9.69103 14.4183 8.96638 8.03965 7.46614 6.83566 6.82435 8.55637 7.88343 7.24667 9.19229
threshold=6.0507588670874677 0 1 2 7.0704562724286077 29.431291067266589 0.49215381006919906 1.3575000000000019 16.264094388806143 0.78446455505279045 4.5000000000000009 0.10148008932702186 0.35070369284869546 0.24384738027828387
decision_type=2 9 9 9 2 2 10 10 10 10 2 10 10 10
left_child=1 6 3 4 -2 -6 8 -5 9 10 11 -1 13 -13
right_child=2 -3 -4 7 5 -7 -8 -9 -10 -11 -12 12 -14 -15
leaf_value=-0.060956286500514684 0.025406512457117076 0.0012580365694938168 -0.00024880528648623095 0.013921816845649618 -0.050383121416915658 -0.0036456958742252725 -0.036125129808158178 0.043435049703820755 -0.0484897860777109 0.0018851614119771592 -0.063080023798878379 -0.015047695551853014 -0.022024519574522505 0.03305300418721005
leaf_weight=6.2511359294876447 23.362019043881446 515.37534089875408 1147.6471440226305 115.27298582857475 16.454293037299067 25.318903408944607 28.225981247611344 25.93261558515951 8.9967958312481624 116.32078282022849 7.9231043625622979 19.147392869926989 35.770776614546776 18.723006580490619
leaf_count=98 144 5083 9493 1133 113 178 321 442 88 1341 75 204 287 150
internal_value=9.80714e-06 -0.00280199 0.00158221 0.0111905 -0.00468113 -0.0228029 -0.0110373 0.0183209 -0.00807709 -0.00606831 -0.0165061 -0.0111646 -0.0061779 0.00897168
internal_weight=2110.72 756.734 1353.99 206.341 65.1352 41.7732 241.359 141.206 213.133 204.136 87.8154 79.8923 73.6412 37.8704
internal_count=19150 7647 11503 2010 435 291 2564 1575 2243 2155 814 739 641 354
cat_boundaries=0 2 4 5
cat_threshold=4064175124 4 577847316 4 2375680
is_linear=0
shrinkage=0.05


Tree=298
num_leaves=15
num_cat=1
split_feature=23 28 24 23 7 1 15 0 30 7 26 19 20 28
split_gain=4.33501 4.10532 4.48139 8.468 6.99857 9.21566 5.84919 5.38916 4.91511 9.76435 9.17624 8.35705 7.06579 6.82189
threshold=-1.7459027777777776 0.65508544672718982 0.51864413685593724 30.505416666666672 22.500000000000004 1.5426150121065378 1.9593262572739969 98.355000000000004 0 49.500000000000007 14.500000000000002 8.7500000000000018 3.9200000000000013 0.55130834071513701
decision_type=8 10 10 10 2 8 10 8 9 2 2 8 8 10
left_child=-1 2 3 8 5 -4 -6 -7 9 10 -2 12 -12 -10
right_child=1 -3 4 -5 6 7 -8 -9 13 -11 11 -13 -14 -15
leaf_value=-0.031512896266693236 -0.0065145301032698754 -0.018859734092194727 0.037211895093371493 -0.036797303740799356 0.0041801630408237478 0.017540977204559938 -0.039117830462254616 -0.022367293113613077 -0.00077691504023588666 -0.02162842373817592 -0.046525615672558855 0.01412934857422333 0.01214271688881598 0.034970788786251351
leaf_weight=9.3592486130073649 85.757126041222364 24.935294531285763 37.404639216139913 14.040446849539874 43.222105916589499 19.525344497524202 8.4801655001938325 13.392244172282515 1518.7910289475694 29.307038366794586 9.9658004082739335 282.3822957277298 9.0229334495961684 12.464314074488355
leaf_count=69 773 351 548 218 265 431 60 211 12589 262 56 3000 53 247
internal_value=0.000753718 0.0009118 0.00115733 0.000576497 0.0104145 0.0205718 -0.00352903 0.00112387 0.000864661 0.00560283 0.00785911 0.0119572 -0.0194352 -0.000460294
internal_weight=2118.05 2108.69 2083.76 1961.73 122.024 70.3222 51.7023 32.9176 1947.69 416.435 387.128 301.371 18.9887 1531.26
internal_count=19133 19064 18713 17198 1515 1190 325 642 16980 4144 3882 3109 109 12836
cat_boundaries=0 2
cat_threshold=2719078921 3
is_linear=0
shrinkage=0.05


Tree=299
num_leaves=15
num_cat=2
split_feature=13 3 28 1 28 23 29 30 19 10 3 28 11 1
split_gain=4.18019 3.59037 15.2371 6.99929 3.41869 3.03299 3.05268 16.7941 11.8268 11.0546 8.61576 8.0396 10.784 8.52608
threshold=-24.269999999999992 1.4105047430678241 0.39552454900575001 1.134534583063995 0.38262860227022505 -1.7459027777777776 0 1 70.477500000000006 22.500000000000004 0.86756187983734123 0.22276707305361546 7.483997645483222 2.1682389937106925
decision_type=8 10 8 8 10 8 9 9 8 2 8 8 2 10
left_child=-1 5 3 -3 -5 -2 7 8 -7 10 11 12 -9 -13
right_child=1 2 -4 4 -6 6 -8 9 -10 -11 -12 13 -14 -15
leaf_value=-0.034092206076830098 -0.030006160203438832 -0.085808944748556118 0.039120393338486222 0.0087055968007552949 -0.04512325843978636 0.014136184780266896 0.0015866702430484859 0.058131006081136985 -0.045044985161227638 0.048651822721701363 -0.023596873933495827 -0.0022582193681480382 -0.01226103544123679 0.042661744295580784
leaf_weight=7.8241764511913061 7.0564165376126766 5.586664443835617 6.959374278318136 5.631195617839694 4.6342011503875256 10.150307903066276 1731.3746570756193 13.061216309666635 39.544822006486356 10.899324067868291 34.474559695459902 217.12520618969575 8.3894065646454674 10.101196634583173
leaf_count=57 61 31 195 83 32 107 15647 92 330 89 338 1881 46 187
internal_value=0.000249823 0.000393598 -0.0189122 -0.0451992 -0.0174432 0.000614081 0.000732608 -0.00350558 -0.0274934 0.00139362 -0.000541254 0.0027367 0.0312806 -8.31549e-05
internal_weight=2112.81 2104.99 22.8114 15.8521 10.2654 2082.18 2075.12 343.746 49.6951 294.051 283.152 248.677 21.4506 227.226
internal_count=19176 19119 341 146 115 18778 18717 3070 437 2633 2544 2206 138 2068
cat_boundaries=0 1 3
cat_threshold=729104 1342440450 2
is_linear=0
shrinkage=0.05


end of trees

feature_importances:
state=526
months_to_anticipated_completion=317
sector=274
log_cost=271
slip_to_date_months=204
agency_cost_optimism=197
expenditure_ratio=188
agency_slip_rate=185
elapsed_ratio=165
sector_slip_4q=159
spend_velocity_2q=143
cost_variation_pct=140
months_to_scheduled_completion=129
agency_n=123
expected_progress_scurve=120
agency_slip_4q=114
scurve_deviation=113
physical_progress_pct=104
spi=87
burn_gap=84
sector_trend_4q=72
revisions_so_far=48
months_since_last_revision=48
progress_velocity_4q=48
ext_remark_quarters=44
ext_months_since_first_land=42
period_type=31
acceleration=30
progress_velocity_2q=24
ext_months_since_first_forest_env=22
la_notif_span_by_t=21
sector_actual_target_ratio=18
velocity_vs_sector_median=15
sector_yoy_growth=15
ext_open_total=14
cost_band=10
obs_count_in_quarter=9
la_parcels_by_t=6
stagnation_quarters=5
fc_expected_complexity=5
months_since_last_obs=4
ext_ever_land=4
ext_ever_utility_shifting=4
dq_score=3
ext_ever_inter_agency=3
ext_open_land=2
ext_open_forest_env=2
ext_ever_weather=2
ext_open_funding=1
ext_open_law_order=1
ext_open_weather=1
ext_ever_litigation=1
ext_ever_funding=1
la_linked=1

parameters:
[boosting: gbdt]
[objective: binary]
[metric: binary_logloss]
[tree_learner: serial]
[device_type: cpu]
[data_sample_strategy: bagging]
[data: ]
[valid: ]
[num_iterations: 300]
[learning_rate: 0.05]
[num_leaves: 15]
[num_threads: 8]
[seed: 0]
[deterministic: 0]
[force_col_wise: 0]
[force_row_wise: 0]
[histogram_pool_size: -1]
[max_depth: -1]
[min_data_in_leaf: 50]
[min_sum_hessian_in_leaf: 0.001]
[bagging_fraction: 0.8]
[pos_bagging_fraction: 1]
[neg_bagging_fraction: 1]
[bagging_freq: 1]
[bagging_seed: 7719]
[bagging_by_query: 0]
[feature_fraction: 0.8]
[feature_fraction_bynode: 1]
[feature_fraction_seed: 2437]
[extra_trees: 0]
[extra_seed: 11797]
[early_stopping_round: 0]
[early_stopping_min_delta: 0]
[first_metric_only: 0]
[max_delta_step: 0]
[lambda_l1: 0]
[lambda_l2: 1]
[linear_lambda: 0]
[min_gain_to_split: 0]
[drop_rate: 0.1]
[max_drop: 50]
[skip_drop: 0.5]
[xgboost_dart_mode: 0]
[uniform_drop: 0]
[drop_seed: 21238]
[top_rate: 0.2]
[other_rate: 0.1]
[min_data_per_group: 100]
[max_cat_threshold: 32]
[cat_l2: 10]
[cat_smooth: 10]
[max_cat_to_onehot: 4]
[top_k: 20]
[monotone_constraints: ]
[monotone_constraints_method: basic]
[monotone_penalty: 0]
[feature_contri: ]
[forcedsplits_filename: ]
[refit_decay_rate: 0.9]
[cegb_tradeoff: 1]
[cegb_penalty_split: 0]
[cegb_penalty_feature_lazy: ]
[cegb_penalty_feature_coupled: ]
[path_smooth: 0]
[interaction_constraints: ]
[verbosity: -1]
[saved_feature_importance_type: 0]
[use_quantized_grad: 0]
[num_grad_quant_bins: 4]
[quant_train_renew_leaf: 0]
[stochastic_rounding: 1]
[linear_tree: 0]
[max_bin: 255]
[max_bin_by_feature: ]
[min_data_in_bin: 3]
[bin_construct_sample_cnt: 200000]
[data_random_seed: 38]
[is_enable_sparse: 1]
[enable_bundle: 1]
[use_missing: 1]
[zero_as_missing: 0]
[feature_pre_filter: 1]
[pre_partition: 0]
[two_round: 0]
[header: 0]
[label_column: ]
[weight_column: ]
[group_column: ]
[ignore_column: ]
[categorical_feature: 29,30,34]
[forcedbins_filename: ]
[precise_float_parser: 0]
[parser_config_file: ]
[objective_seed: 8855]
[num_class: 1]
[is_unbalance: 0]
[scale_pos_weight: 1]
[sigmoid: 1]
[boost_from_average: 1]
[reg_sqrt: 0]
[alpha: 0.9]
[fair_c: 1]
[poisson_max_delta_step: 0.7]
[tweedie_variance_power: 1.5]
[lambdarank_truncation_level: 30]
[lambdarank_norm: 1]
[label_gain: ]
[lambdarank_position_bias_regularization: 0]
[eval_at: ]
[multi_error_top_k: 1]
[auc_mu_weights: ]
[num_machines: 1]
[local_listen_port: 12400]
[time_out: 120]
[machine_list_filename: ]
[machines: ]
[gpu_platform_id: -1]
[gpu_device_id: -1]
[gpu_use_dp: 0]
[num_gpu: 1]

end of parameters

pandas_categorical:[["Atomic Energy", "Civil Aviation", "Coal", "Defence", "Education", "Fertilizers & Chemicals", "Finance", "Health", "Home Affairs", "Industry & Commerce", "Mines & Metals", "North Eastern Region", "Petroleum & Natural Gas", "Power", "Railways", "Roads & Highways", "Shipping & Ports", "Social Justice", "Steel", "Telecommunications", "Tourism & Culture", "Urban Development & Housing", "Water Resources"], ["Andaman & Nicobar Islands", "Andhra Pradesh", "Arunachal Pradesh", "Assam", "Bihar", "Chandigarh", "Chhattisgarh", "Dadra & Nagar Haveli and Daman & Diu", "Delhi", "Goa", "Gujarat", "Haryana", "Himachal Pradesh", "Jammu & Kashmir", "Jharkhand", "Karnataka", "Kerala", "Ladakh", "Madhya Pradesh", "Maharashtra", "Manipur", "Meghalaya", "Mizoram", "Multi-State", "Nagaland", "Odisha", "Puducherry", "Punjab", "Rajasthan", "Sikkim", "Tamil Nadu", "Telangana", "Tripura", "Uttar Pradesh", "Uttarakhand", "West Bengal"], ["monthly", "quarterly"]]
