tree
version=v4
num_class=1
num_tree_per_iteration=1
label_index=0
max_feature_idx=61
objective=binary sigmoid:1
feature_names=physical_progress_pct elapsed_ratio cost_variation_pct expenditure_ratio burn_gap spi months_to_scheduled_completion months_to_anticipated_completion slip_to_date_months revisions_so_far months_since_last_revision log_cost cost_band progress_velocity_2q progress_velocity_4q spend_velocity_2q acceleration stagnation_quarters velocity_vs_sector_median expected_progress_scurve scurve_deviation sector_actual_target_ratio sector_yoy_growth sector_trend_4q agency_slip_rate agency_cost_optimism agency_n agency_slip_4q sector_slip_4q sector state obs_count_in_quarter months_since_last_obs dq_score period_type ext_open_land ext_open_forest_env ext_open_litigation ext_open_contractor ext_open_funding ext_open_utility_shifting ext_open_inter_agency ext_open_law_order ext_open_weather ext_open_total ext_ever_land ext_ever_forest_env ext_ever_litigation ext_ever_contractor ext_ever_funding ext_ever_utility_shifting ext_ever_inter_agency ext_ever_law_order ext_ever_weather ext_months_since_first_land ext_months_since_first_forest_env ext_remark_quarters fc_expected_complexity la_linked la_complexity_max_by_t la_parcels_by_t la_notif_span_by_t
feature_infos=[0:100] [0:3] [-91.487091197541318:3531.983695652174] [0:2.9628571428571431] [-100:198.48050983305313] [0:5] [-229:377] [-126:140] [-356:324] [0:21] [0:156] [4.6151205168412597:11.728085230513331] [0:3] [-50:50] [-25:25] [-109.34739655973968:124.49167346821885] [-100:99.800000000000011] [0:11] [-56.75:49.130000000000003] [0:100] [-100:91.310000000000002] [0.46842105263157896:5.5947862356621476] [-77.164999999999992:90.283333333333346] [-27.272916666666664:177.63875000000002] [0:1] [-10.394059251432994:29.988410789531677] [0:4779] [0.0069938276777178274:0.94179464715178995] [0.041275556127041271:0.86681862585477054] -1:15:14:13:12:2:18:20:1:19:21:16:4:7:0:10:5:8:9:3:6:17 -1:23:19:3:35:25:37:4:14:32:18:10:6:1:15:30:13:33:2:11:8:20:29:24:36:16:22:31:12:34:21:9:17:0:7:5:28:26:27 [1:4] [1:57] [0.40000000000000002:1] -1:2:1:0 [0:1] [0:1] [0:1] [0:1] [0:1] [0:1] [0:1] [0:1] [0:1] [0:6] [0:1] [0:1] [0:1] [0:1] [0:1] [0:1] [0:1] [0:1] [0:1] [0:135] [0:135] [0:25] [3:6.5] [0:1] [0:5] [14:6295] [59:4978]
tree_sizes=1714 1750 1759 1767 1770 1774 1764 1764 1769 1784 1769 1780 1758 1769 1764 1759 1757 1774 1759 1772 1749 1740 1750 1768 1779 1770 1765 1780 1752 1781 1763 1773 1772 1760 1799 1794 1772 1766 1769 1782 1785 1767 1770 1778 1769 1763 1780 1775 1778 1772 1770 1779 1773 1775 1782 1780 1769 1781 1760 1746 1773 1775 1776 1773 1794 1775 1799 1790 1765 1784 1762 1790 1782 1770 1775 1774 1783 1772 1777 1780 1779 1784 1785 1781 1774 1765 1769 1779 1757 1799 1790 1788 1760 1793 1780 1794 1782 1797 1790 1794 1770 1773 1758 1784 1803 1794 1779 1793 1782 1793 1790 1810 1801 1783 1781 1785 1786 1791 1794 1778 1768 1785 1782 1759 1777 1774 1767 1796 1774 1798 1784 1781 1795 1774 1777 1775 1791 1777 1778 1793 1795 1778 1803 1761 1781 1786 1769 1776 1798 1786 1803 1758 1776 1770 1758 1777 1783 1778 1786 1789 1797 1784 1786 1770 1800 1778 1742 1750 1769 1776 1778 1791 1774 1796 1786 1801 1788 1766 1752 1767 1794 1773 1762 1761 1775 1788 1777 1779 1773 1779 1782 1788 1791 1764 1784 1774 1772 1765 1764 1770 1762 1781 1781 1780 1800 1785 1768 1762 1753 1765 1781 1780 1778 1779 1784 1794 1786 1784 1796 1782 1790 1768 1786 1775 1768 1772 1777 1783 1768 1781 1795 1780 1771 1787 1752 1768 1769 1788 1760 1778 1766 1778 1796 1759 1764 1779 1769 1760 1766 1777 1776 1779 1766 1779 1761 1745 1792 1745 1773 1772 1775 1777 1778 1784 1774 1784 1787 1769 1777 1777 1777 1795 1772 1766 1775 1758 1787 1766 1740 1772 1790 1767 1757 1761 1764 1762 1781 1782 1764 1782 1765 1770 1769 1755 1789 1776 1788 1791 1792 1769

Tree=0
num_leaves=15
num_cat=4
split_feature=6 29 21 3 8 1 0 8 3 3 6 29 30 30
split_gain=4255.68 749.608 353.695 270.5 266.623 259.136 243.43 150.887 128.103 123.871 84.0938 83.2606 75.3123 73.0142
threshold=14.500000000000002 0 0.84023052232273143 0.56503049319112253 -2.4999999999999996 0.50233644859813087 99.995000000000019 20.500000000000004 0.57025926928270698 0.12565915213441889 10.500000000000002 1 2 3
decision_type=10 9 8 10 10 10 10 8 10 10 10 9 9 9
left_child=1 7 3 -3 -2 -6 9 -1 12 -4 13 -7 -9 -11
right_child=4 2 6 -5 5 11 -8 8 -10 10 -12 -13 -14 -15
leaf_value=0.36919114521174012 0.37015747910641061 0.25845948868319313 0.36459152056233185 0.38728339160292491 0.26419069002127421 0.34233943412278461 0.26089370701381986 0.29598297889647651 0.35104511665214166 0.38158585959144586 0.3645668175104616 0.29534563145602932 0.3349535439315125 0.40351815460803775
leaf_weight=303.35558578372002 81.056612521409988 93.433520421385765 395.33299939334393 70.863864839076996 1178.7184641212225 132.26303540170193 35.674616888165474 286.85304191708565 371.3072369992733 695.29100261628628 213.56233239173889 449.2089514285326 246.81010459363461 1656.8068673163652
leaf_count=1250 334 385 1629 292 4857 545 147 1182 1530 2865 880 1851 1017 6827
internal_value=0.345494 0.372362 0.385093 0.31394 0.281755 0.277673 0.389135 0.338781 0.328498 0.390709 0.394724 0.305095 0.312829 0.397453
internal_weight=6210.54 4369.29 3160.97 164.297 1841.25 1760.19 2996.67 1208.33 904.97 2960.99 2565.66 581.472 533.663 2352.1
internal_count=25591 18004 13025 677 7587 7253 12348 4979 3729 12201 10572 2396 2199 9692
cat_boundaries=0 1 2 4 6
cat_threshold=3228356 274434 2206467410 40 1634439171 18
is_linear=0
shrinkage=1


Tree=1
num_leaves=15
num_cat=3
split_feature=7 6 7 29 7 0 8 30 25 26 27 34 25 21
split_gain=5698.08 442.626 415.06 240.305 229.017 148.021 128.14 92.637 112.642 133.453 98.5097 89.5723 114.301 70.8017
threshold=14.500000000000002 21.500000000000004 -1.4999999999999998 0 11.500000000000002 99.805000000000021 -2.4999999999999996 1 0.060195653721354984 4.5000000000000009 0.30451722144179244 2 0.59992014679500394 0.84023052232273143
decision_type=2 10 2 9 2 8 10 9 10 2 8 1 10 8
left_child=2 3 5 11 7 -1 -3 8 10 -10 -4 12 -2 -6
right_child=1 6 4 -5 13 -7 -8 -9 9 -11 -12 -13 -14 -15
leaf_value=0.020831379390973376 -0.010556092300885337 0.0024593597219102386 -0.084542174899337227 -0.016826224228537866 -0.070783603592536132 -0.065207749533897186 -0.0765229996662109 0.062417348868744706 -0.014491198295301039 0.0567100730156265 0.05543523678597119 -0.069923343162333396 -0.074913092745869936 0.025485978578357361
leaf_weight=95.572229847311974 187.95227007567883 53.641480207443237 33.005492031574249 980.59899306297302 18.831748321652412 102.96218664944172 1171.2258845120668 1954.6068209260702 79.690157875418663 367.37024208903313 19.078046262264252 446.0346764177084 108.37364523112774 557.74997647106647
leaf_count=396 774 222 136 4037 77 424 4773 8115 330 1522 79 1829 445 2310
internal_value=0.000164661 -0.0500874 0.0460441 -0.0337196 0.0506324 -0.0238927 -0.0730649 0.0572959 0.0352041 0.0440142 -0.0331905 -0.0550152 -0.0342658 0.0222246
internal_weight=6176.69 2947.83 3228.87 1722.96 3030.33 198.534 1224.87 2453.75 499.144 447.06 52.0835 742.361 296.326 576.582
internal_count=25469 12080 13389 7085 12569 820 4995 10182 2067 1852 215 3048 1219 2387
cat_boundaries=0 1 3 4
cat_threshold=2195460 688899 18 2
is_linear=0
shrinkage=0.05


Tree=2
num_leaves=15
num_cat=5
split_feature=1 29 21 5 0 29 1 1 30 30 26 3 30 19
split_gain=3059.81 845.293 310.026 216.866 190.05 166.901 156.767 144.467 106.524 101.229 89.7809 74.2707 74.1952 108.056
threshold=0.59110671936758907 0 0.84023052232273143 0.035363505747126447 99.995000000000019 1 0.42465353147436974 0.72354423292273251 2 3 465.50000000000006 0.12565915213441889 4 92.600000000000009
decision_type=8 9 8 10 10 9 10 8 9 9 2 10 9 8
left_child=5 8 3 -3 7 -1 -7 -4 -2 10 12 -11 13 -9
right_child=1 2 4 -5 -6 6 -8 9 -10 11 -12 -13 -14 -15
leaf_value=-0.074598908551224447 -0.029220293172835241 -0.089762338054362095 0.011826249247014082 0.028610768463564695 -0.079316432641216419 -0.05518664636339158 -0.006971975687322992 -0.075994896394371819 -0.00061453184690088295 0.021570612027065086 0.046078456675426809 0.053926747972019656 0.02503757305306184 0.018996812476698127
leaf_weight=838.35710895061493 528.36777128279209 80.698680534958839 390.14931456744671 72.796706974506378 32.737647622823715 567.15421929955482 240.1819050014019 53.658330962061882 832.90315566956997 199.61266373097897 302.01644070446491 1732.0241063535213 224.09323737025261 65.505067497491837
leaf_count=3398 2169 328 1612 303 133 2298 982 222 3432 829 1263 7274 933 273
internal_value=-0.000195809 0.0210806 0.0352274 -0.0338009 0.038887 -0.0585398 -0.0403698 0.0402175 -0.0118629 0.0445097 0.0258403 0.0503356 0.00870221 -0.0222057
internal_weight=6160.26 4514.56 3153.29 153.495 2999.8 1645.69 807.336 2967.06 1361.27 2576.91 645.273 1931.64 343.257 119.163
internal_count=25449 18771 13170 631 12539 6678 3280 12406 5601 10794 2691 8103 1428 495
cat_boundaries=0 1 2 4 6 8
cat_threshold=3228292 98309 3816817986 48 1617526787 18 524288 2
is_linear=0
shrinkage=0.05


Tree=3
num_leaves=15
num_cat=2
split_feature=7 7 1 7 29 0 7 8 25 29 3 25 0 25
split_gain=4915.1 380.315 345.667 221.863 167.41 135.568 118.867 118.808 104.875 94.7534 84.0155 80.957 78.1828 73.2468
threshold=14.500000000000002 -1.0000000180025095e-35 0.56691542288557228 11.500000000000002 0 99.205000000000013 21.500000000000004 -2.4999999999999996 2.9433926825237569 1 0.00092286491623666739 0.079880594056364745 99.910000000000011 0.060825153151228314
decision_type=2 2 8 2 9 8 2 10 8 9 10 8 10 10
left_child=1 5 7 10 -4 13 11 -2 -8 -9 -3 -6 -12 -1
right_child=2 3 4 -5 6 -7 8 9 -10 -11 12 -13 -14 -15
leaf_value=-0.081441084783759485 0.012022996088729108 0.0047462083622381822 0.009289816912399813 0.020177257307675566 -0.07154456152075124 -0.049670143223365937 -0.06507381939971886 -0.081522814273508673 -0.025842483242690839 -0.050783312938939743 0.057668855065941264 -0.012793860133311068 -0.057936216165973678 0.037190398981939231
leaf_weight=13.838512748479841 49.239715218544006 80.01875601708889 234.84588976204395 562.88848957419395 65.54020856320858 133.99032445251942 453.25265777111053 669.79782263934612 275.79294164478779 702.43311229348183 2261.9485673904419 500.72870400547981 13.965816378593443 107.20494179427624
leaf_count=57 202 333 977 2347 268 548 1848 2689 1127 2831 9575 2058 57 450
internal_value=0.000125979 0.0433114 -0.0463098 0.0484265 -0.029787 -0.0151905 -0.0366624 -0.0640625 -0.0502886 -0.0667994 0.0551645 -0.0197078 0.0569343 0.0230715
internal_weight=6125.49 3173.86 2951.63 2918.82 1530.16 255.034 1295.31 1421.47 729.046 1372.23 2355.93 566.269 2275.91 121.043
internal_count=25367 13367 12000 12312 6278 1055 5301 5722 2975 5520 9965 2326 9632 507
cat_boundaries=0 1 2
cat_threshold=271363 32772
is_linear=0
shrinkage=0.05


Tree=4
num_leaves=15
num_cat=2
split_feature=7 7 1 7 29 7 19 8 29 25 23 23 3 27
split_gain=4376.87 357.871 343.772 206.847 143.041 121.799 101.969 100.869 88.6773 87.5454 72.5235 68.1524 65.2328 58.0625
threshold=14.500000000000002 1.5000000000000002 0.5398412698412699 11.500000000000002 0 21.500000000000004 87.715000000000018 -2.4999999999999996 1 3.0536074412363674 18.59354166666667 8.5181250000000031 0.00092286491623666739 0.25144968311820198
decision_type=2 2 8 2 9 2 8 10 9 8 10 10 10 8
left_child=1 6 7 12 -4 11 -1 -2 -9 -7 -5 -6 13 -3
right_child=2 3 4 10 5 9 -8 8 -10 -11 -12 -13 -14 -15
leaf_value=0.036045213849804851 0.0084949870000442552 -0.058750847501082872 0.0042681602323309002 0.02435197110568698 -0.01301163490134323 -0.061013420491672757 -0.025050928522019109 -0.035602322458249611 -0.071610985338352404 -0.025360175075575465 -0.05761418776645208 -0.083900982902851487 0.055659290271668695 0.036186477348633631
leaf_weight=94.650575488805771 49.150848284363747 21.876945525407791 295.58148175477982 544.14471876621246 545.22737367451191 473.86167246103287 237.97435988485813 297.10723431408405 1013.7583374381065 273.60167065262794 27.460126087069511 35.217137649655342 2163.8058620989323 53.490803703665733
leaf_count=401 202 90 1226 2281 2234 1917 984 1193 4061 1114 112 142 9287 224
internal_value=0.000247171 0.0414121 -0.0431232 0.0472139 -0.0275621 -0.0344182 -0.0076097 -0.0616651 -0.0643003 -0.0480142 0.0203205 -0.0174496 0.0540669 0.00822062
internal_weight=6126.91 3143.4 2983.51 2810.78 1623.49 1327.91 332.625 1360.02 1310.87 747.463 571.605 580.445 2239.17 75.3677
internal_count=25468 13379 12089 11994 6633 5407 1385 5456 5254 3031 2393 2376 9601 314
cat_boundaries=0 1 2
cat_threshold=1319955 1314978
is_linear=0
shrinkage=0.05


Tree=5
num_leaves=15
num_cat=3
split_feature=7 7 6 7 29 19 30 7 28 30 25 27 26 28
split_gain=3947.3 331.647 289.939 200.476 155.679 121.302 97.4031 67.6764 87.8767 65.8281 79.0498 109.858 83.9204 66.4257
threshold=14.500000000000002 1.5000000000000002 21.500000000000004 11.500000000000002 0 87.715000000000018 1 23.500000000000004 0.28955772009209396 2 0.072092923468646361 0.30606188092952707 7.5000000000000009 0.47948845190271655
decision_type=2 2 10 2 9 8 9 2 8 9 10 8 2 10
left_child=1 5 4 9 7 -1 -4 8 -2 10 11 -3 13 -12
right_child=2 3 6 -5 -6 -7 -8 -9 -10 -11 12 -13 -14 -15
leaf_value=0.039124352194839611 -0.0053562316743043436 -0.058351282702969479 -0.074696580673965576 0.01814847369049084 -0.014495733001880173 -0.026843649087211343 -0.043113993359213246 -0.074726826851024622 -0.049800905852738664 0.058002269619574193 0.040965223879785288 0.048152041490219788 0.052756468795499091 -0.036651979440134728
leaf_weight=97.514589056372643 152.96431654691696 47.473401740193367 609.57620592415333 554.31183449923992 997.18257969617844 237.2828032374382 639.05339093506336 159.99107357859612 409.07962429523468 1530.6981198936701 56.978798195719719 47.387414917349815 485.86036378145218 51.558531552553177
leaf_count=417 621 198 2442 2332 4073 977 2565 644 1657 6685 243 205 2110 219
internal_value=5.26846e-05 0.0394182 -0.0411854 0.0450894 -0.0278405 -0.00757022 -0.0595227 -0.0453967 -0.037736 0.0518053 0.0366083 -0.00520059 0.043893 0.00409669
internal_weight=6076.91 3109.07 2967.85 2774.27 1719.22 334.797 1248.63 722.035 562.044 2219.96 689.259 94.8608 594.398 108.537
internal_count=25388 13386 12002 11992 6995 1394 5007 2922 2278 9660 2975 403 2572 462
cat_boundaries=0 1 3 5
cat_threshold=2129924 1116493902 41 3758854915 30
is_linear=0
shrinkage=0.05


Tree=6
num_leaves=15
num_cat=3
split_feature=6 29 21 3 0 8 1 8 30 25 26 3 29 3
split_gain=2341.3 493.431 252.81 179.573 177.947 154.978 149.923 105.714 98.6327 145.914 102.79 96.6157 76.2226 69.978
threshold=14.500000000000002 0 0.84023052232273143 0.57025926928270698 99.995000000000019 -2.4999999999999996 0.48994746413416856 20.500000000000004 1 0.072092923468646361 5.5000000000000009 0.52733717053566564 2 0.10742244033351524
decision_type=10 9 8 10 10 10 8 8 9 10 2 10 9 10
left_child=1 7 3 -3 8 -2 -7 -1 9 -4 -11 -9 -8 -10
right_child=5 2 4 -5 -6 6 12 11 13 10 -12 -13 -14 -15
leaf_value=0.019623820443704594 0.023007595060402716 -0.07405892950478847 -0.061575764674146299 0.03397068858277684 -0.074519412873833832 -0.060096636813922202 0.0026533860838430707 -0.029641749252504252 0.018187236265808884 -0.028143691992654814 0.034831684046783155 0.0032612071963778752 -0.038907776107042123 0.044631834054266899
leaf_weight=288.80645745992661 76.530207499861717 93.063517078757286 52.951776295900345 64.303196117281914 35.722482457756996 1165.6742855608463 147.4756823182106 503.08277547359467 289.05929000675678 75.94509468972683 415.81285309791565 399.94735258817673 499.19120121002197 1954.7140515744686
leaf_count=1222 317 377 220 279 144 4670 599 2050 1222 319 1800 1668 2007 8561
internal_value=-0.000263519 0.0206404 0.0314474 -0.0299801 0.0349909 -0.0464367 -0.0493802 -0.00660706 0.0364201 0.0162507 0.0250686 -0.0150817 -0.0299998 0.0410518
internal_weight=6062.28 4173.41 2981.57 157.367 2824.21 1888.87 1812.34 1191.84 2788.48 544.71 491.758 903.03 646.667 2243.77
internal_count=25455 17862 12922 656 12266 7593 7276 4940 12122 2339 2119 3718 2606 9783
cat_boundaries=0 1 3 4
cat_threshold=3228292 539721730 2 274432
is_linear=0
shrinkage=0.05


Tree=7
num_leaves=15
num_cat=5
split_feature=7 7 1 7 29 0 7 29 30 29 30 25 27 25
split_gain=3419.27 286.598 246.625 171.846 114.343 109.055 96.6759 94.0398 85.2663 83.1454 80.9026 70.5852 112.109 67.9424
threshold=14.500000000000002 -1.0000000180025095e-35 0.56691542288557228 11.500000000000002 0 99.205000000000013 21.500000000000004 1 2 3 4 0.072092923468646361 0.44609093105304304 0.049129578965662758
decision_type=2 2 8 2 9 8 2 9 9 9 9 10 8 10
left_child=1 5 7 8 -4 13 10 -2 11 -8 -6 12 -3 -1
right_child=2 3 4 -5 6 -7 9 -9 -10 -11 -12 -13 -14 -15
leaf_value=-0.079056969832170851 -0.067213617569947232 -0.049577530822912802 0.0075504151502350765 0.016690262187607663 -0.043233300772264956 -0.04544990448834952 -0.023897182152434686 -0.038813893316924739 0.054776200853541401 -0.059487202228111928 -0.0025039854333197202 0.038577192407039836 0.056086884734096377 0.034555009437069927
leaf_weight=14.084592446684836 691.97938144207001 60.209020540118217 238.01728068292141 558.38133542239666 165.47295731306076 131.70221248269081 388.88559639453888 745.12780609726906 1506.562784999609 361.43848463892937 413.66477483510971 618.20980115234852 41.565417528152466 104.11214172840118
leaf_count=57 2784 250 996 2375 673 534 1568 2991 6766 1455 1690 2728 184 446
internal_value=-0.000498508 0.0369293 -0.0383027 0.0415311 -0.0245615 -0.0143153 -0.0301421 -0.0532631 0.0477505 -0.0422074 -0.0149841 0.0317929 -0.00629758 0.0204671
internal_weight=6039.41 3034.83 3004.59 2784.93 1567.48 249.899 1329.46 1437.11 2226.55 750.324 579.138 719.984 101.774 118.197
internal_count=25497 13340 12157 12303 6382 1037 5386 5775 9928 3023 2363 3162 434 503
cat_boundaries=0 1 2 4 5 7
cat_threshold=271363 32772 2685113107 26 1064960 1611434322 8
is_linear=0
shrinkage=0.05


Tree=8
num_leaves=15
num_cat=2
split_feature=7 7 29 7 7 1 0 1 15 0 27 7 30 28
split_gain=3130.12 262.169 231.616 159.589 148.433 135.848 101.005 89.7955 77.7813 69.4952 68.8429 66.5665 60.2087 58.3311
threshold=14.500000000000002 -3.4999999999999996 0 11.500000000000002 21.500000000000004 0.39314988290398128 99.910000000000011 0.6256868131868133 0.55259948659753111 99.805000000000021 0.087443547175292818 43.500000000000007 1 0.30525248444956837
decision_type=2 2 9 2 2 8 10 10 10 8 8 2 9 10
left_child=1 9 4 6 7 -4 8 -2 10 -1 13 -7 -9 -3
right_child=2 3 5 -5 -6 11 -8 12 -10 -11 -12 -13 -14 -15
leaf_value=0.013667146395266758 -0.053510043860399939 0.036048440266869507 -0.045031137146058248 0.015556019402873093 -0.064989439545606278 -0.0089403470887221646 -0.063195621030041393 -0.043867232737658017 0.053523239135644586 -0.049836178511343351 0.036998119166499747 -0.044134431225786225 0.0038491513145866314 -0.098581425370857456
leaf_weight=73.506572142243385 241.21492314338684 13.938494220376016 496.1966714411974 556.83461044728756 834.8046258687973 992.2620601952076 20.371007472276688 87.850564762949944 1431.8438630998135 101.90478131175041 793.04651330411434 154.57571612298489 200.66313324868679 16.810148358345032
leaf_count=313 973 61 1994 2378 3369 4044 83 356 6520 410 3559 625 820 68
internal_value=-0.000144294 0.035912 -0.0362088 0.0395853 -0.0514717 -0.0230562 0.0454547 -0.0310564 0.0464635 -0.0232983 0.034143 -0.0137183 -0.0121638 -0.0383399
internal_weight=6015.82 3008.26 3007.57 2832.84 1364.53 1643.03 2276.01 529.729 2255.64 175.411 823.795 1146.84 288.514 30.7486
internal_count=25573 13392 12181 12669 5518 6663 10291 2149 10208 723 3688 4669 1176 129
cat_boundaries=0 1 3
cat_threshold=2195460 546096200 8
is_linear=0
shrinkage=0.05


Tree=9
num_leaves=15
num_cat=3
split_feature=3 19 28 22 19 0 19 30 8 30 30 8 15 19
split_gain=970.276 336.986 253.052 183.951 152.877 117.977 104.295 89.8226 88.9139 84.0002 60.4122 63.0037 57.6592 52.7626
threshold=0.22203220080503683 30.500000000000004 0.31822932684371602 -0.47999999999999982 21.000000000000004 99.910000000000011 87.715000000000018 0 1.0000000180025095e-35 1 2 45.500000000000007 8.1358889785434645 64.065000000000012
decision_type=10 8 8 10 8 10 8 9 8 9 9 10 8 8
left_child=3 -2 7 4 -1 8 -6 -3 -4 -8 11 -10 -11 -9
right_child=1 2 5 -5 6 -7 9 13 10 12 -12 -13 -14 -15
leaf_value=-0.047532506203115964 -0.049457812282585542 -0.016092742987916398 0.010029773591129772 -0.05811558222345678 0.0080057260350964426 -0.058814409993546535 -0.036804941746964748 -0.043241602019728834 0.02965985963679757 0.0028822107579278429 0.04097973934001195 -0.013329040521188971 -0.02484604185678203 0.016663854843805899
leaf_weight=377.98555482923985 182.26718597114086 465.7211749702692 410.98746106028557 348.94792091846466 456.84325659275055 36.21445831656456 452.85309515893459 38.292856112122536 332.14438638091087 420.89803540706635 1387.097625747323 113.87188710272312 336.80958251655102 579.70794859528542
leaf_count=1541 749 1952 1809 1427 1947 146 1858 160 1479 1735 6277 495 1378 2483
internal_value=-1.79336e-05 0.0165841 0.020176 -0.0246043 -0.0188616 0.0296263 -0.0123375 0.000282096 0.0310791 -0.0200149 0.0357903 0.0182704 -0.00933675 0.0126832
internal_weight=5940.64 3546.3 3364.04 2394.34 2045.39 2280.32 1667.4 1083.72 2244.1 1210.56 1833.11 446.016 757.708 618.001
internal_count=25436 15550 14801 9886 8459 10206 6918 4595 10060 4971 8251 1974 3113 2643
cat_boundaries=0 2 4 6
cat_threshold=1653131600 16 1652837714 40 554213379 2
is_linear=0
shrinkage=0.05


Tree=10
num_leaves=15
num_cat=3
split_feature=7 7 29 7 7 7 26 34 1 3 30 26 25 24
split_gain=2707.29 293.006 199.949 166.822 135.581 112.566 107.364 83.222 72.8945 70.2974 62.0967 62.6964 78.8539 68.9448
threshold=14.500000000000002 1.5000000000000002 0 11.500000000000002 23.500000000000004 20.500000000000004 506.50000000000006 1 0.45199692780337947 0.41104970101216887 2 7.5000000000000009 0.072092923468646361 0.42670314795312808
decision_type=2 2 9 2 2 2 2 1 10 8 9 2 10 10
left_child=1 6 4 10 7 -4 -1 9 -7 -2 11 -3 13 -13
right_child=2 3 5 -5 -6 8 -8 -9 -10 -11 -12 12 -14 -15
leaf_value=-0.031091586173980064 0.0084386609604702924 -0.0053310784671593819 -0.00075439123299845688 0.015712931390472848 -0.063762106902997079 -0.042030848925373288 0.029018486566396252 -0.046223696311155811 -0.017099739678157293 -0.047318635608405754 0.052222118531934307 -0.051249401776146654 0.047390317445684123 0.041393144686124553
leaf_weight=213.15763430297375 174.92643497884274 98.425144016742706 476.02542273700237 559.11526121199131 675.31866300106049 587.18968152999878 112.80666840076447 387.93175192177296 589.2020016014576 82.357265457510948 1484.3715480417013 41.261116743087769 400.47963491082191 37.289768323302269
leaf_count=883 713 429 1946 2403 2753 2372 496 1576 2395 337 6967 172 1848 170
internal_value=0.000458783 0.0344149 -0.0332001 0.0399733 -0.0477353 -0.0211458 -0.0102641 -0.0316267 -0.0295691 -0.00952351 0.0465413 0.0304446 0.0384253 -0.00730253
internal_weight=5919.86 2946.91 2972.95 2620.94 1320.53 1652.42 325.964 645.215 1176.39 257.284 2061.83 577.456 479.031 78.5509
internal_count=25460 13368 12092 11989 5379 6713 1379 2626 4767 1050 9586 2619 2190 342
cat_boundaries=0 1 2 4
cat_threshold=2195460 2 1611371267 50
is_linear=0
shrinkage=0.05


Tree=11
num_leaves=15
num_cat=3
split_feature=7 7 29 7 7 7 28 30 30 0 26 27 25 28
split_gain=2499.87 254.889 204.093 144.493 121.236 96.5515 81.9667 80.4427 75.8794 69.2887 65.0758 77.9275 71.3545 58.3243
threshold=14.500000000000002 -1.4999999999999998 0 11.500000000000002 23.500000000000004 20.500000000000004 0.30525248444956837 1 2 99.805000000000021 8.5000000000000018 0.32002294759336275 0.049129578965662758 0.47948845190271655
decision_type=2 2 9 2 2 2 8 9 9 8 2 8 10 10
left_child=1 9 4 8 6 -4 -2 -7 10 -1 13 12 -12 -3
right_child=2 3 5 -5 -6 7 -8 -9 -10 -11 11 -13 -14 -15
leaf_value=0.011735385313439092 -0.0034737463613800194 0.027128137990243047 -0.00016124843341165006 0.014179450445275757 -0.061634341708080256 -0.040234778990863952 -0.042689630695239997 -0.012981132119878187 0.049163116682144861 -0.047090822232465565 -0.054745514995320856 0.044717880635737679 0.025653996363486864 -0.045084608056732846
leaf_weight=88.843869999051094 186.39481270313263 57.238694354891777 444.9153570830822 555.18080516159534 693.28503754734993 594.78493256866932 467.95505352318287 552.36547754704952 1506.3455405533314 112.69559219479561 39.794846504926682 420.34344157576561 84.298880308866501 52.825551331043243
leaf_count=381 755 253 1819 2394 2851 2411 1912 2241 7186 453 164 1976 382 226
internal_value=0.000155829 0.0329387 -0.0323804 0.0369645 -0.0467103 -0.0198112 -0.0315411 -0.0275981 0.0428093 -0.0212288 0.0269717 0.0344614 -0.000360352 -0.00762438
internal_weight=5857.27 2917.57 2939.7 2716.03 1347.63 1592.07 654.35 1147.15 2160.85 201.539 654.501 544.437 124.094 110.064
internal_count=25404 13415 11989 12581 5518 6471 2667 4652 10187 834 3001 2522 546 479
cat_boundaries=0 1 3 5
cat_threshold=2195461 1653349402 42 1611371283 18
is_linear=0
shrinkage=0.05


Tree=12
num_leaves=15
num_cat=2
split_feature=7 7 6 7 29 19 8 34 26 61 20 3 3 3
split_gain=2189.28 218.897 178.966 139.492 96.6082 93.5308 76.8665 59.861 70.5502 58.6716 51.5171 50.1279 49.9667 49.7235
threshold=14.500000000000002 1.5000000000000002 24.500000000000004 11.500000000000002 0 87.715000000000018 -2.4999999999999996 1 17.500000000000004 1365.0000000000002 13.559999999999997 0.87737359394258052 0.00092286491623666739 0.40287395088032657
decision_type=2 2 10 2 9 8 10 1 2 8 10 10 10 8
left_child=1 5 4 9 7 10 -4 8 13 -3 -1 -6 -11 -2
right_child=2 3 6 -5 11 -7 -8 -9 -10 12 -12 -13 -14 -15
leaf_value=0.053421090794131598 0.013118724543516378 -0.057647155537353383 0.011215964347468722 0.013835574749894261 -0.013472214502571536 -0.024304713665404688 -0.050515313367131311 -0.045381187685481265 -0.046438330785641045 0.001202049032830904 -0.039978547634071805 0.038938097995996589 0.04470024738718846 -0.043643078441550458
leaf_weight=73.768702253699303 162.74493932723999 13.712147623300551 52.90453939139843 543.47209030389786 1056.0801872014999 231.31080991029739 949.8772736787796 498.27532625198364 134.5162852704525 68.454544857144356 17.614908769726753 46.731141909956932 1899.4070593416691 49.475858137011528
leaf_count=338 663 61 213 2355 4293 960 3918 2036 547 302 76 193 9184 202
internal_value=8.67904e-05 0.0313545 -0.0300913 0.0363086 -0.0212376 -0.00740272 -0.0472506 -0.0338846 -0.018255 0.042462 0.0351797 -0.0111174 0.0431885 -0.000256997
internal_weight=5798.35 2847.74 2950.61 2525.05 1947.82 322.694 1002.78 845.012 346.737 1981.57 91.3836 1102.81 1967.86 212.221
internal_count=25341 13276 12065 11902 7934 1374 4131 3448 1412 9547 414 4486 9486 865
cat_boundaries=0 1 2
cat_threshold=2195460 2
is_linear=0
shrinkage=0.05


Tree=13
num_leaves=15
num_cat=4
split_feature=7 7 7 1 30 30 7 11 30 23 0 27 1 30
split_gain=2041.27 190.03 168.414 158.985 81.1563 66.223 64.3466 60.4673 76.0964 60.3306 52.3002 73.5368 73.3951 48.5321
threshold=15.500000000000002 -3.4999999999999996 12.500000000000002 0.50233644859813087 0 1 20.500000000000004 7.8066145571806018 2 18.59354166666667 98.010000000000005 0.31065863595959564 2.5042372881355939 3
decision_type=2 2 2 8 9 9 2 2 9 10 8 8 8 9
left_child=1 -1 4 5 10 -2 13 -8 -9 -4 11 -3 -12 -5
right_child=3 2 9 6 -6 -7 7 8 -10 -11 12 -13 -14 -15
leaf_value=-0.020965633687584324 -0.056330360552416442 -0.014019656534189212 0.010879633973286111 -0.028487027966656156 0.043205889846583433 -0.030139601296542841 -0.035482402020827426 -0.034509073481452324 0.016794758771818363 -0.065373718280241494 0.017153265857357568 0.048379193352887095 -0.051141112131325689 0.0017494211765298568
leaf_weight=178.18403269350529 616.72383405268192 61.479064971208572 508.27571755647659 181.09257210791111 1757.8903961628675 567.45974276959896 747.36699767410755 126.05450551211834 143.98039099574089 26.340856477618217 153.782819211483 197.20077012479305 51.746546387672424 432.19714164733887
leaf_count=738 2574 272 2187 736 8616 2342 3034 509 590 108 710 942 224 1769
internal_value=-0.000187519 0.0289838 0.0322188 -0.0306022 0.0382785 -0.0445454 -0.0204557 -0.0281624 -0.00784683 0.00700755 0.0182454 0.0335523 -0.000205715 -0.00764592
internal_weight=5749.78 2934.9 2756.72 2814.88 2222.1 1184.18 1630.69 1017.4 270.035 534.617 464.209 258.68 205.529 613.29
internal_count=25351 13797 13059 11554 10764 4916 6638 4133 1099 2295 2148 1214 934 2505
cat_boundaries=0 2 4 6 8
cat_threshold=688387 18 1118592078 40 2211021122 40 1628212490 10
is_linear=0
shrinkage=0.05


Tree=14
num_leaves=15
num_cat=4
split_feature=7 7 29 7 7 7 26 30 30 23 30 15 0 26
split_gain=1868.66 211.077 174.26 124.31 104.643 85.08 73.8723 68.6073 66.4432 60.983 58.2562 56.0389 50.085 44.0687
threshold=14.500000000000002 1.0000000180025095e-35 0 11.500000000000002 23.500000000000004 20.500000000000004 506.50000000000006 1 2 18.59354166666667 3 6.0584150180176346 99.50500000000001 7.5000000000000009
decision_type=2 2 9 2 2 2 2 9 9 10 9 8 10 2
left_child=1 6 4 7 8 -4 -1 13 -2 -5 -7 -10 -8 -3
right_child=2 3 5 9 -6 10 12 -9 11 -11 -12 -13 -14 -15
leaf_value=-0.028863400521143907 -0.047707543241152103 -0.0057820921337355564 0.001860900204706379 0.016878792959943083 -0.055075521257192173 -0.036394559623469838 0.043137732291116393 0.046084872388202684 0.0045891799366336158 -0.057253593295086835 -0.012960999993309286 -0.032320663791836506 -0.052363235703871872 0.030610357857410155
leaf_weight=192.45737381279469 231.88637247681618 100.30915603041649 460.68453787267208 514.70974509418011 677.71559257805347 495.66469241678715 73.895101219415665 1396.1945016384125 206.32224920392036 28.352630108594894 646.27143405377865 203.59602144360542 15.91873763501644 478.25747828185558
leaf_count=794 953 447 1881 2256 2865 2022 338 7069 843 116 2634 837 65 2324
internal_value=0.000347872 0.0295313 -0.0276172 0.0341266 -0.0410587 -0.0161745 -0.0114341 0.0399516 -0.0268336 0.0129103 -0.0235873 -0.0134497 0.0258208 0.0238895
internal_weight=5722.24 2800.09 2922.14 2517.82 1319.52 1602.62 282.271 1974.76 641.805 543.062 1141.94 409.918 89.8138 578.567
internal_count=25444 13409 12035 12212 5498 6537 1197 9840 2633 2372 4656 1680 403 2771
cat_boundaries=0 1 3 5 7
cat_threshold=2195461 1074369298 22 1076677722 8 1653345282 42
is_linear=0
shrinkage=0.05


Tree=15
num_leaves=15
num_cat=4
split_feature=7 7 1 7 29 7 30 8 29 26 3 19 26 30
split_gain=1732.82 188.492 156.846 113.139 86.2835 70.3733 69.8442 66.744 70.6036 62.9596 58.6585 54.4906 53.2295 78.8403
threshold=14.500000000000002 1.5000000000000002 0.50233644859813087 11.500000000000002 0 24.500000000000004 1 -2.4999999999999996 2 506.50000000000006 0.00092286491623666739 95.717500000000015 100.50000000000001 3
decision_type=2 2 8 2 9 2 9 10 9 2 10 8 2 9
left_child=1 9 7 10 -4 6 -6 -2 -9 -1 -3 12 13 -12
right_child=2 3 4 -5 5 -7 -8 8 -10 -11 11 -13 -14 -15
leaf_value=-0.022960508363349133 0.019047321664965377 -0.0052280242118360959 -0.0049524673299179128 0.013196245371746424 -0.042182488553566017 -0.048107593857521454 -0.0061028957392978743 -0.018433855502801803 -0.049760728519175651 0.024256130365817585 -0.047983751403340928 0.050213005573598271 0.041485675173344866 0.024601315939066611
leaf_weight=213.49846078455448 44.81872071325779 71.111754089593887 827.11430069804192 536.30132542550564 193.42575258016586 288.56236863136292 426.26292495429516 278.96047656238079 872.88281340897083 104.29564273357391 32.738206639885902 854.31929136812687 620.84817238152027 308.78091704845428
leaf_count=887 180 321 3361 2353 787 1196 1736 1145 3720 479 141 4404 3175 1553
internal_value=0.000181328 0.0287494 -0.0265349 0.0334945 -0.0169162 -0.0274375 -0.0181923 -0.040458 -0.0427879 -0.00743718 0.039251 0.040994 0.0327664 0.0168408
internal_weight=5673.92 2741.89 2932.03 2424.1 1735.37 908.251 619.689 1196.66 1151.84 317.794 1887.8 1816.69 962.367 341.519
internal_count=25438 13313 12125 11947 7080 3719 2523 5045 4865 1366 9594 9273 4869 1694
cat_boundaries=0 1 3 4 5
cat_threshold=1336339 556567630 8 1314978 524288
is_linear=0
shrinkage=0.05


Tree=16
num_leaves=15
num_cat=7
split_feature=7 7 7 1 29 30 26 29 7 29 30 30 30 0
split_gain=1562.64 162.553 147.171 130.558 124.142 92.9302 87.8809 91.0051 61.0475 58.6917 56.688 56.5043 52.1595 51.2701
threshold=15.500000000000002 -1.4999999999999998 11.500000000000002 0.39314988290398128 0 1 95.500000000000014 2 21.500000000000004 3 4 5 6 99.805000000000021
decision_type=2 2 2 8 9 9 2 9 2 9 9 9 9 8
left_child=1 13 5 -2 11 6 7 -3 12 10 -4 -5 -6 -1
right_child=3 2 9 4 8 -7 -8 -9 -10 -11 -12 -13 -14 -15
leaf_value=0.010899254717302171 -0.043105402654318066 -0.028606869873362598 -0.029250718574118279 -0.02005565091903394 -0.041530996616641072 0.044496255149544868 0.034586735269644134 0.026431012030979681 -0.042268929998634241 0.028842354028094826 0.0092849764893953111 0.0055239725353165292 -0.0070155281798447815 -0.039512126409619819
leaf_weight=89.98367004096508 852.65524934232235 138.09077082574368 126.03413516283035 362.06904119253159 156.51812256872654 1231.1601965129375 462.76945649087429 140.37899595499039 574.23870101571083 219.39611224830151 304.29246887564659 506.44283030927181 358.46503122150898 112.7602913081646
leaf_count=389 3643 629 539 1469 642 6483 2340 681 2404 963 1323 2059 1467 455
internal_value=-0.000386071 0.0258713 0.0292065 -0.0267785 -0.0196493 0.0360028 0.0209725 -0.000944361 -0.0307792 0.00855096 -0.00244912 -0.00525724 -0.0185068 -0.0171944
internal_weight=5635.26 2824.87 2622.12 2810.39 1957.73 1972.4 741.239 278.47 1089.22 649.723 430.327 868.512 514.983 202.744
internal_count=25486 13802 12958 11684 8041 10133 3650 1310 4513 2825 1862 3528 2109 844
cat_boundaries=0 1 3 4 5 7 9 10
cat_threshold=1336322 3221787411 58 1163264 3260452 1628313874 10 1669334290 42 1628212510
is_linear=0
shrinkage=0.05


Tree=17
num_leaves=15
num_cat=2
split_feature=7 7 6 7 30 30 26 21 25 3 26 28 0 11
split_gain=1393.17 154.349 135.795 131.172 85.4643 65.6906 65.5176 50.6663 48.176 76.9776 59.6911 69.1016 47.2797 46.4978
threshold=14.500000000000002 1.5000000000000002 21.500000000000004 11.500000000000002 0 1 506.50000000000006 0.84023052232273143 0.072092923468646361 0.39880379145910821 9.5000000000000018 0.47948845190271655 99.805000000000021 7.4923785970800472
decision_type=2 2 8 2 9 9 2 8 10 10 2 10 10 2
left_child=1 6 13 5 -4 8 -1 -5 9 -3 11 -10 -8 -2
right_child=2 3 4 7 -6 -7 12 -9 10 -11 -12 -13 -14 -15
leaf_value=-0.022896339638391959 -0.019026723611919372 -0.065590106647809204 -0.048698764669428553 -0.065661811432861344 -0.022084389858545616 0.043798038338004171 0.040809213043548759 0.01182162252165718 0.0298102544764152 0.027489776234378257 0.037135875458139116 -0.048263013592493492 -0.049236639653946236 0.00056558684349394112
leaf_weight=208.92503029108047 1139.5751961916685 36.92206996679306 648.87455412745476 21.022892504930496 684.54082170128822 1212.0851077586412 85.430996149778366 508.48368586599827 65.092963337898254 52.701301649212837 415.73712067306042 48.625562891364098 16.652820989489555 412.22404950857162
leaf_count=869 4679 159 2803 85 2880 6555 408 2253 308 258 2158 210 68 1683
internal_value=0.000193187 0.0262048 -0.0238941 0.0305655 -0.0355929 0.036901 -0.00688602 0.00862734 0.0222829 -0.0111569 0.0283738 -0.00370325 0.025785 -0.0138252
internal_weight=5556.89 2671.68 2885.21 2360.67 1333.42 1831.16 311.009 529.507 619.079 89.6234 529.456 113.719 102.084 1551.8
internal_count=25376 13331 12045 11986 5683 9648 1345 2338 3093 417 2676 518 476 6362
cat_boundaries=0 2 4
cat_threshold=1116494926 40 537629459 30
is_linear=0
shrinkage=0.05


Tree=18
num_leaves=15
num_cat=4
split_feature=7 29 0 21 24 29 19 7 34 7 30 26 25 15
split_gain=1348.5 140.349 129.317 128.453 178.853 140.194 97.4473 85.9333 72.1759 70.5278 56.4823 78.0039 59.976 55.5991
threshold=14.500000000000002 0 99.910000000000011 0.84023052232273143 0.49826877660989621 1 41.750000000000007 23.500000000000004 2 20.500000000000004 3 1.0000000180025095e-35 0.060825153151228314 9.5020255250002812
decision_type=2 9 10 8 10 9 8 2 1 2 9 2 10 10
left_child=2 9 3 4 -1 -5 -7 8 13 -2 11 -8 -13 -3
right_child=1 7 -4 5 -6 6 10 -9 -10 -11 -12 12 -14 -15
leaf_value=-0.085538594026973197 0.0034787494328107163 0.0056752205084273279 -0.049824300453945057 0.0017567736528077496 0.043720286949023267 0.0067041138263281399 -0.047360368251919506 -0.048821748427142028 -0.036931560520238278 -0.020054581365029266 0.042955964220415782 -0.052184386295008128 0.035451021024362463 -0.061987273520135389
leaf_weight=57.172827392816544 445.22011628746986 233.0453340113163 54.329587757587433 389.11985056102276 48.70260988175869 264.65542569756508 39.563079297542572 654.52415926754475 385.55446229875088 1114.0994940251112 1535.5862769782543 20.561334788799286 217.2709728628397 33.888972356915474
leaf_count=248 1817 957 224 1816 247 1306 169 2895 1614 4596 8103 88 1093 139
internal_value=2.29418e-05 -0.0236892 0.0258949 0.0275127 -0.0262269 0.029829 0.0349069 -0.0357465 -0.0231228 -0.0132524 0.0392103 0.0162682 0.0276879 -0.00311425
internal_weight=5493.29 2866.33 2626.96 2572.63 105.875 2466.76 2077.64 1307.01 652.489 1559.32 1812.98 277.395 237.832 266.934
internal_count=25312 12018 13294 13070 495 12575 10759 5605 2710 6413 9453 1350 1181 1096
cat_boundaries=0 1 2 3 5
cat_threshold=1340690 3228672 2 2686976 18
is_linear=0
shrinkage=0.05


Tree=19
num_leaves=15
num_cat=4
split_feature=7 7 1 21 24 29 6 30 8 29 25 26 30 7
split_gain=1194.06 139.837 120.463 92.9193 158.023 96.7825 100.177 75.5538 65.1866 63.6975 60.8895 69.3855 56.8074 46.3803
threshold=14.500000000000002 -3.4999999999999996 0.56691542288557228 0.84023052232273143 0.49826877660989621 0 8.5000000000000018 1 -2.4999999999999996 2 0.060825153151228314 8.5000000000000018 3 40.500000000000007
decision_type=2 2 8 8 10 9 10 9 10 9 10 2 9 2
left_child=1 -1 8 4 -3 -5 7 10 -2 -10 -7 -12 13 -4
right_child=2 3 12 5 -6 6 -8 -9 9 -11 11 -13 -14 -15
leaf_value=-0.019370647764269725 0.022866657442525345 -0.081575138548473314 -0.017103911235416814 0.0050102781981888672 0.043624513027071279 -0.049926441244397754 0.0098900565859661171 0.045141758444155751 -0.013810204875270932 -0.04182385323394322 -0.020044808617580345 0.034973539307397709 -0.0022565918618542152 -0.051288520248617679
leaf_weight=170.6345387250185 48.789212092757225 50.099473387002945 713.84089654684067 366.25710739195347 48.829705685377121 28.956145405769348 360.05173894762993 1236.8825284689665 300.40979926288128 970.14755919575691 70.431543409824371 293.81776612997055 708.14466075599194 114.76807525753975
leaf_count=716 196 217 2926 1752 253 124 1731 6826 1252 4289 311 1533 2893 475
internal_value=-2.33075e-05 0.0243082 -0.0223949 0.0273503 -0.0199606 0.0293442 0.0336237 0.0390629 -0.0334742 -0.0356539 0.0182664 0.0243094 -0.0128674 -0.0216341
internal_weight=5482.06 2625.96 2856.1 2455.33 98.9292 2356.4 1990.14 1630.09 1319.35 1270.56 393.205 364.249 1536.75 828.609
internal_count=25494 13463 12031 12747 470 12277 10525 8794 5737 5541 1968 1844 6294 3401
cat_boundaries=0 1 3 4 6
cat_threshold=3228832 17400323 18 1316002 1653394768 42
is_linear=0
shrinkage=0.05


Tree=20
num_leaves=15
num_cat=5
split_feature=7 7 7 29 21 1 30 0 25 34 25 27 29 29
split_gain=1079.83 139.458 162.718 118.115 79.8792 68.9198 61.8198 61.7237 56.4351 52.1401 48.4753 54.1066 46.7312 45.6928
threshold=17.500000000000004 11.500000000000002 1.5000000000000002 0 0.84023052232273143 0.39314988290398128 1 98.975000000000009 0.060825153151228314 2 0.072092923468646361 0.44609093105304304 3 4
decision_type=2 2 2 9 8 10 9 8 10 1 10 8 9 9
left_child=1 2 7 9 -3 -5 10 8 -1 -2 11 -4 -8 -6
right_child=3 4 6 5 13 -7 12 -9 -10 -11 -12 -13 -14 -15
leaf_value=-0.057576435155205587 -0.025706421250091316 -0.062923003933327823 -0.055815354059898119 -0.028986494015129545 0.022218180966319483 -0.0062043063385905373 0.011939056460192873 -0.025098975820928817 0.032977072229178242 -0.048972932104935099 0.023070750771086126 0.039842414536282358 0.042923823530145067 -0.00041997127221695036
leaf_weight=19.279530242085457 427.30547279119492 41.146370783448219 42.464908927679062 565.96510463953018 328.67288929224014 802.65565310418606 169.09564346075058 179.74489258229733 114.58122050762177 563.87331260740757 402.67846500873566 21.538182765245438 1089.3121718764305 656.15718397498131
leaf_count=79 1858 173 181 2392 1435 3267 877 760 539 2531 2107 115 6294 2817
internal_value=-3.81726e-05 0.0195347 0.0270983 -0.025455 0.00449353 -0.0155263 0.0331182 -0.0060158 0.0196047 -0.0385896 0.0162977 -0.0235071 0.0388999 0.00737118
internal_weight=5424.47 3064.67 2038.7 2359.8 1025.98 1368.62 1725.09 313.606 133.861 991.179 466.682 64.0031 1258.41 984.83
internal_count=25425 15377 10952 10048 4425 5659 9574 1378 618 4389 2403 296 7171 4252
cat_boundaries=0 1 3 4 5 6
cat_threshold=2195460 537432850 6 2 2180528 274707
is_linear=0
shrinkage=0.05


Tree=21
num_leaves=15
num_cat=5
split_feature=7 7 1 29 34 19 21 29 29 26 26 7 7 29
split_gain=970.408 155.525 136.411 92.2776 75.8605 65.4334 79.7961 74.6299 59.9718 55.4395 50.625 43.0989 41.5735 46.5224
threshold=13.500000000000002 1.5000000000000002 0.50233644859813087 0 1 92.600000000000009 0.88941549251246321 2 3 53.500000000000007 506.50000000000006 22.500000000000004 35.500000000000007 4
decision_type=2 2 8 9 1 8 8 9 9 2 2 2 2 9
left_child=1 10 8 -4 11 6 -3 -7 -2 -8 -1 -5 13 -6
right_child=2 5 3 4 12 7 9 -9 -10 -11 -12 -13 -14 -15
leaf_value=-0.021114912856016479 -0.0094651061208265823 -0.049286047100088909 0.0153733623796917 0.009549775848847265 -0.0058864417705978096 0.007519282740141825 0.0069076054758082294 0.046020969415085482 -0.037617083079974807 0.033037446273537011 0.022055828066301353 -0.015439424788135132 -0.045833202027446965 -0.030036005247938077
leaf_weight=213.04317359626293 271.32697775959969 37.56797756254673 299.97778488695621 379.7256987541914 404.82409642636776 170.03974813222885 307.05833457410336 794.88309556245804 889.32321590185165 601.65096117556095 98.529561579227448 314.57042951881886 169.43692134320736 419.9531407058239
leaf_count=894 1144 171 1266 1595 1654 864 1597 4555 4029 3366 482 1310 706 1782
internal_value=1.16782e-05 0.0253001 -0.0178401 -0.00988149 -0.0143805 0.030638 0.0212579 0.0398053 -0.0314551 0.0242253 -0.00743602 -0.00177821 -0.0233151 -0.0186392
internal_weight=5371.91 2222.77 3149.14 1988.49 1688.51 1911.2 946.277 964.923 1160.65 908.709 311.573 694.296 994.214 824.777
internal_count=25415 11929 13486 8313 7047 10553 5134 5419 5173 4963 1376 2905 4142 3436
cat_boundaries=0 1 2 3 4 5
cat_threshold=271362 2 3228834 1314946 1069329
is_linear=0
shrinkage=0.05


Tree=22
num_leaves=15
num_cat=5
split_feature=7 29 29 30 25 27 19 34 6 30 26 19 7 10
split_gain=908.159 116.17 108.794 106.643 102.673 119.324 80.1641 74.0467 51.094 48.2475 45.1767 56.781 52.3048 43.8159
threshold=15.500000000000002 0 1 2 0.072092923468646361 0.44609093105304304 29.000000000000004 3 19.500000000000004 4 8.5000000000000018 87.715000000000018 11.500000000000002 10.500000000000002
decision_type=2 9 9 9 10 8 8 1 8 9 2 10 2 2
left_child=1 3 7 4 5 -1 -5 -2 -4 -3 11 -6 -12 -10
right_child=2 9 8 6 10 -7 -8 -9 13 -11 12 -13 -14 -15
leaf_value=-0.059636981212348054 -0.01750718137829186 -0.02314827314842427 -0.0013712009237197729 -0.016166245811665689 0.017046904835745249 0.03656157993383085 0.038499386201713455 -0.042938698073272677 -0.025719817493144632 0.0099239995190782172 0.032789495762512083 -0.05219584406440976 -0.0032349800531229975 0.0018915999840484771
leaf_weight=92.727074757218361 510.77195176482201 160.54730767011642 713.76181893050671 70.457132071256638 83.792703121900558 48.311051711440086 1213.1558299064636 656.54670470952988 647.3956837952137 298.31612321734428 487.98477147519588 44.516334548592567 126.69701923429966 184.41253574192524
leaf_count=402 2225 739 2907 321 409 260 6827 2982 2741 1409 2736 192 566 768
internal_value=0.000204344 0.0211574 -0.0200818 0.0259301 0.0121822 -0.0266598 0.0352144 -0.0315652 -0.011118 -0.00191837 0.0197451 -0.00719447 0.025371 -0.0196034
internal_weight=5339.39 2626.51 2712.89 2167.64 884.029 141.038 1283.61 1167.32 1545.57 458.863 742.991 128.309 614.682 831.808
internal_count=25484 13861 11623 11713 4565 662 7148 5207 6416 2148 3903 601 3302 3509
cat_boundaries=0 1 2 4 5 7
cat_threshold=831767 2195460 1634701331 26 2 1082148106 32
is_linear=0
shrinkage=0.05


Tree=23
num_leaves=15
num_cat=6
split_feature=7 15 1 29 30 7 30 30 25 30 26 30 28 6
split_gain=840.7 120.074 106.445 97.9578 72.6571 67.5415 64.9757 60.3585 59.3441 56.7291 53.5149 45.1438 44.2201 42.2774
threshold=14.500000000000002 0.66579989934657813 0.33421985815602845 0 1 24.500000000000004 2 3 0.076154851228588047 4 144.50000000000003 5 0.16887264087259538 8.5000000000000018
decision_type=2 10 8 9 9 2 9 9 10 9 2 9 10 10
left_child=1 4 11 9 8 6 -5 -3 -1 -4 12 -2 -10 -6
right_child=2 7 3 5 13 -7 -8 -9 10 -11 -12 -13 -14 -15
leaf_value=-0.058630677404384116 -0.049545619839219408 0.01525006631021994 0.026702459929077455 -0.034915655514514338 0.023633527033420417 -0.03811625410086876 -0.0035592486377085245 0.037464890581820072 0.026855795989411832 -0.0064895109018103057 0.020264128375765602 -0.021201730849853648 -0.0384273516427074 -0.0061954040801856583
leaf_weight=55.002513065934181 332.94018200039864 522.65047535300255 142.6392417550087 235.80639262497425 536.69832071661949 457.02038262784481 526.74408915638924 952.60755176842213 32.983759179711342 783.9233912229538 135.3577534109354 340.76676638424397 110.88930746912956 152.01001423597336
leaf_count=245 1567 2748 587 1001 2925 2056 2191 5466 159 3202 715 1524 499 729
internal_value=-0.000273008 0.0208435 -0.0189817 -0.0135276 0.0076689 -0.022745 -0.0137926 0.0299674 -0.0113177 -0.00112645 -0.00222594 -0.0363103 -0.0233787 0.0168066
internal_weight=5318.04 2498.2 2819.84 2146.13 1022.94 1219.57 762.55 1475.26 334.233 926.563 279.231 673.707 143.873 688.708
internal_count=25614 13486 12128 9037 5272 5248 3192 8214 1618 3789 1373 3091 658 3654
cat_boundaries=0 1 3 5 7 9 11
cat_threshold=1336578 2659334 50 1076665630 8 1630225171 26 2150637644 21 42746958 40
is_linear=0
shrinkage=0.05


Tree=24
num_leaves=15
num_cat=4
split_feature=7 15 29 15 30 27 25 0 30 25 7 30 0 27
split_gain=752.537 110.89 105.482 87.398 86.2194 76.3305 93.1366 63.6859 63.4581 51.9365 50.1103 48.3191 36.8198 37.7366
threshold=15.500000000000002 0.69468391611535385 0 0.30718198679272707 1 0.30451722144179244 0.060825153151228314 99.910000000000011 2 9.1110022820024827 11.500000000000002 3 99.805000000000021 0.36829165121381385
decision_type=2 10 9 10 9 8 10 10 9 10 2 9 10 10
left_child=1 5 3 -2 -4 6 -1 9 -8 10 -3 -5 13 -7
right_child=2 7 4 11 -6 12 8 -9 -10 -11 -12 -13 -14 -15
leaf_value=-0.066049971283529241 -0.020828903221671552 0.03622444491263891 -0.03960547417951462 -0.0099657248041996049 -0.015147415055793907 0.034185126605404993 -0.030377955911521537 -0.055770431603918792 0.020885460220186537 -0.051595084478278611 0.014899252199293542 0.018211354316832695 -0.043323357421148317 0.009992223385239099
leaf_weight=65.900944948196411 560.86565515398979 1087.1115777939558 708.88457569479942 254.16679415106773 818.22108672559261 236.33250620961189 88.122113704681396 21.214644819498062 143.44986073672771 18.510185569524765 371.60530583560467 352.04432243108749 24.618850722908974 506.62479971349239
leaf_count=291 2358 6493 3246 1050 3555 1246 398 89 721 90 1707 1453 104 2716
internal_value=0.000339948 0.0197286 -0.0181086 -0.00656502 -0.0267029 0.00738378 -0.0140856 0.0284921 0.000922851 0.0297391 0.0308058 0.00653636 0.0157117 0.0177235
internal_weight=5257.67 2563.49 2694.18 1167.08 1527.11 1065.05 297.473 1498.44 231.572 1477.23 1458.72 606.211 767.576 742.957
internal_count=25517 13855 11662 4861 6801 5476 1410 8379 1119 8290 8200 2503 4066 3962
cat_boundaries=0 1 3 5 7
cat_threshold=1336322 1110202446 41 10028304 33 1115985170 12
is_linear=0
shrinkage=0.05


Tree=25
num_leaves=15
num_cat=5
split_feature=7 7 7 29 30 30 27 0 30 8 26 28 28 29
split_gain=734.428 133.783 113.274 90.6168 67.6019 66.9856 50.4384 50.2636 50.1766 45.1888 41.0316 53.737 61.3856 49.7435
threshold=13.500000000000002 1.5000000000000002 20.500000000000004 0 1 2 0.1657522854008841 99.805000000000021 3 1.0000000180025095e-35 13.500000000000002 0.41603875999769124 0.41519449449938023 4
decision_type=2 2 2 9 9 9 8 8 9 10 2 8 10 9
left_child=1 7 5 -4 6 -2 -3 -1 -5 -7 13 12 -12 -8
right_child=2 4 3 8 -6 9 10 -9 -10 -11 11 -13 -14 -15
leaf_value=0.013779246136203419 -0.023081523079475509 -0.037113013140594703 -0.037066692391862249 -0.026176743764713808 0.035291796860560103 -0.0079289435194880575 -0.031261125567841018 -0.026647393754734745 -0.0045893266915062623 0.014325786861972119 0.019700866675698665 0.041495004244003784 -0.042545010339455014 0.026102799679907491
leaf_weight=140.71415899693966 330.20094323158264 42.697823077440262 752.17786195874214 482.99594008922577 1091.4179889261723 467.54291617870331 74.463139772415161 167.27752646803856 625.86356584727764 443.55709525942802 253.6973277926445 248.83965426683426 45.938408046960831 57.536126866936684
leaf_count=670 1410 203 3574 2060 6631 1979 340 712 2614 1911 1428 1472 247 290
internal_value=-0.000402998 0.022254 -0.0159068 -0.0237065 0.0274234 -0.00420338 0.0148241 -0.00819259 -0.0141571 0.00287776 0.0183502 0.0243648 0.0100479 -0.0066368
internal_weight=5224.92 2122.58 3102.34 1861.04 1814.59 1241.3 723.172 307.992 1108.86 911.1 680.475 548.475 299.636 131.999
internal_count=25541 11993 13548 8248 10611 5300 3980 1382 4674 3890 3777 3147 1675 630
cat_boundaries=0 1 3 5 7 8
cat_threshold=2195461 1611374354 10 1630447890 18 1653349394 10 1097856
is_linear=0
shrinkage=0.05


Tree=26
num_leaves=15
num_cat=3
split_feature=7 1 7 29 15 27 25 29 19 20 28 29 15 19
split_gain=671.195 121.989 118.048 84.0092 61.7872 52.8351 57.8023 52.6507 52.6757 34.846 34.734 34.6639 37.1794 33.363
threshold=13.500000000000002 0.56691542288557228 1.5000000000000002 0 0.61091973851689862 0.48440953662924136 0.30429566506667521 1 1.1250000000000002 27.280000000000005 0.059856735518329131 2 5.5449377120144829 87.715000000000018
decision_type=2 10 2 9 10 8 10 9 10 10 8 9 8 8
left_child=2 3 13 10 5 6 -4 -3 11 -6 -2 12 -9 -1
right_child=1 7 4 -5 9 -7 -8 8 -10 -11 -12 -13 -14 -15
leaf_value=0.021454730787152935 0.040991434384176968 0.013922585860778462 -0.039808313046251306 -0.014361141695811198 0.035263587968764568 0.028755191328634751 0.01116161013856146 0.021646451636062616 -0.018906452111215621 -0.022571074173354737 -0.041324146887910217 -0.014910442269977495 -0.0097368863162096923 -0.016248080419782592
leaf_weight=77.377354696393013 12.325307816267012 279.1409760415554 68.584696531295776 832.82766208052635 1079.3434444963932 337.18398566544056 276.24174323678017 250.14708307385445 714.92611137032509 26.048049092292786 624.1865525841713 210.45029105246067 150.43382869660854 232.93960897624493
leaf_count=397 59 1193 337 3573 6626 1970 1542 1053 3006 147 3069 899 639 1001
internal_value=-0.000160009 -0.0150364 0.0216397 -0.0254413 0.0265797 0.0147127 0.000938086 -0.00550158 -0.00963052 0.0338816 -0.0390558 0.00107842 0.00962617 -0.00680819
internal_weight=5172.16 3074.44 2097.72 1469.34 1787.4 682.01 344.826 1605.1 1325.96 1105.39 636.512 611.031 400.581 310.317
internal_count=25511 13491 12020 6701 10622 3849 1879 6790 5597 6773 3128 2591 1692 1398
cat_boundaries=0 1 2 3
cat_threshold=98309 271619 49152
is_linear=0
shrinkage=0.05


Tree=27
num_leaves=15
num_cat=2
split_feature=7 7 7 0 21 22 7 19 23 30 25 11 30 25
split_gain=578.764 99.5235 133.596 85.0198 61.9127 60.6569 55.7085 54.3136 66.9444 51.2548 49.1335 47.8249 45.8066 42.851
threshold=17.500000000000004 11.500000000000002 2.5000000000000004 98.010000000000005 0.84023052232273143 2.2566666666666668 43.500000000000007 91.905000000000015 18.59354166666667 0 3.6791245862327413 7.4923785970800472 1 0.060825153151228314
decision_type=2 2 2 8 8 10 2 8 10 9 10 2 9 10
left_child=1 2 3 13 -3 6 10 8 -4 -5 11 -2 -6 -1
right_child=5 4 7 9 12 -7 -8 -9 -10 -11 -12 -13 -14 -15
leaf_value=-0.037993392484178691 -0.021617218619480391 -0.058548661550515302 0.022761976281797765 -0.036729543702025011 -0.014693402221331087 -0.044459800371933471 -0.032916791368507406 0.038681694637491874 -0.045890861319413584 0.0064321930885340942 0.007344641496932861 -4.798681618180584e-05 0.010552312840545648 0.034033948910201096
leaf_weight=22.912040770053864 1007.4628577232361 39.320788100361824 641.40189409255981 157.18646423518658 225.31739790737629 212.92224477231503 408.51155261695385 730.96432080864906 36.672070935368538 117.17622488737106 266.50738041102886 344.89131912589073 751.08225007355213 156.8487898260355
leaf_count=102 4453 173 3937 710 981 1030 1901 4690 177 590 1095 1466 3332 849
internal_value=-6.17463e-05 0.0147668 0.0216279 -0.00195384 0.00217237 -0.0191152 -0.0164328 0.0292241 0.0189869 -0.0194397 -0.0122554 -0.0161205 0.00467508 0.0246941
internal_weight=5119.18 2878.88 1863.16 454.124 1015.72 2240.3 2027.37 1409.04 678.074 274.363 1618.86 1352.35 976.4 179.761
internal_count=25486 15541 11055 2251 4486 9945 8915 8804 4114 1300 7014 5919 4313 951
cat_boundaries=0 2 4
cat_threshold=25724178 51 1631490306 18
is_linear=0
shrinkage=0.05


Tree=28
num_leaves=15
num_cat=6
split_feature=7 29 25 30 1 1 26 29 25 30 7 28 34 30
split_gain=548.867 103.825 106.422 85.5786 89.7254 85.0263 68.3396 65.7793 53.8119 49.5515 46.8406 43.1952 42.9354 48.7909
threshold=16.500000000000004 0 -0.14793781654941249 1 0.77831196581196593 0.38501602564102572 430.50000000000006 2 8.3533613917672955 3 11.500000000000002 0.52307241608944577 4 5
decision_type=2 9 8 9 8 8 2 9 10 9 2 8 1 9
left_child=1 -1 -3 6 -5 9 11 -7 -6 -2 -8 -4 13 -9
right_child=5 2 3 4 8 7 10 12 -10 -11 -12 -13 -14 -15
leaf_value=0.031638701048801211 -0.044377576976453295 -0.06406895639616822 -0.025280216338731128 -0.007111983144182845 0.030088945721262569 0.0087742726078105741 0.024304870311309158 -0.03976963069302928 -0.062099564669014451 -0.016661109207838271 -0.024582395681997306 0.018266928071950527 -0.02288178405432786 0.00031693623986803226
leaf_weight=760.56309287250042 355.01755057275295 46.846884340047836 297.90809227526188 228.34192442893982 803.81683994829655 343.53946901857853 250.44359181821346 77.653847143054008 15.244950175285338 371.11280009150505 59.996798947453499 69.57908433675766 836.14820559322834 535.68173429369926
leaf_count=4401 1777 210 1406 1131 4822 1422 1499 337 73 1722 267 364 3625 2278
internal_value=-0.000146423 0.0162868 0.00945243 0.0115394 0.0203856 -0.0166682 -0.00240278 -0.0108121 0.0282994 -0.031094 0.0148082 -0.0170079 -0.0154113 -0.00545706
internal_weight=5051.89 2532.74 1772.18 1725.33 1047.4 2519.15 677.928 1793.02 819.062 726.13 310.44 367.487 1449.48 613.336
internal_count=25334 14173 9772 9562 6026 11161 3536 7662 4895 3499 1766 1770 6240 2615
cat_boundaries=0 1 3 4 6 7 8
cat_threshold=798997 1638650114 54 1319954 1116490826 40 2 1611450384
is_linear=0
shrinkage=0.05


Tree=29
num_leaves=15
num_cat=2
split_feature=7 9 0 29 23 24 29 7 19 1 19 19 19 11
split_gain=470.095 98.9239 93.4969 80.0277 87.8982 171.863 70.6541 60.1739 54.1177 45.9299 48.4189 41.1679 76.6931 40.3013
threshold=13.500000000000002 1.0000000180025095e-35 99.910000000000011 0 7.2666666666666666 0.49231090934630756 1 40.500000000000007 41.750000000000007 0.33421985815602845 98.750000000000014 88.715000000000018 92.600000000000009 7.0800685856934171
decision_type=2 2 10 9 10 10 9 2 8 10 8 10 10 2
left_child=2 6 3 -1 8 -6 -2 -3 -5 -8 -11 -10 -13 -9
right_child=1 7 -4 4 5 -7 9 13 11 10 -12 12 -14 -15
leaf_value=-0.00235089054470752 -0.0052164446427851435 0.001652980053383326 -0.048544930570928985 0.0038730841887045842 -0.067640484604705967 0.048019587995153303 -0.041036529025160785 -0.053373325610965576 0.036943138195963218 -0.034378943277209965 -0.0076857386625970303 -0.0060449384861440587 0.043831976792666955 -0.0099066142656469014
leaf_weight=334.33846336603165 509.51207426190376 1162.3844197690487 49.827513948082924 198.10727781057358 69.334505021572113 58.168101340532303 433.88535468280315 85.407465144991875 988.10677732527256 318.79709023237228 364.00851933658123 173.93380925059319 137.09945021569729 140.83992566168308
leaf_count=1675 2186 4948 213 1113 324 363 2188 400 6384 1492 1611 992 905 604
internal_value=-0.000267265 -0.012751 0.0184645 0.0201927 0.0246929 -0.014912 -0.0211166 -0.00294607 0.028238 -0.0280625 -0.0201807 0.0319476 0.0160102 -0.0264778
internal_weight=5023.75 3014.83 2008.92 1959.09 1624.75 127.503 1626.2 1388.63 1497.25 1116.69 682.806 1299.14 311.033 226.247
internal_count=25398 13429 11969 11756 10081 687 7477 5952 9394 5291 3103 8281 1897 1004
cat_boundaries=0 1 2
cat_threshold=3228800 1332274
is_linear=0
shrinkage=0.05


Tree=30
num_leaves=15
num_cat=6
split_feature=7 15 29 27 29 25 30 30 7 30 7 30 19 15
split_gain=468.342 96.354 75.7032 64.6585 91.9167 65.732 59.8797 53.5998 48.0635 46.8879 43.1087 41.0242 38.836 35.3385
threshold=17.500000000000004 0.72358038655172685 0 0.48440953662924136 1 0.060825153151228314 2 3 13.500000000000002 4 -27.499999999999996 5 26.250000000000004 8.0118354242813883
decision_type=2 10 9 8 9 10 9 9 2 9 2 9 8 8
left_child=1 3 7 4 -1 -6 -3 -2 10 -7 -8 -4 -11 -10
right_child=2 6 11 -5 5 9 8 -9 13 12 -12 -13 -14 -15
leaf_value=0.021805458572931299 -0.041696467095972155 0.0066842589988283145 -0.019659094202563839 0.016519377147805565 -0.058118559591156305 -0.028833310677819843 -0.061205519696115152 -0.015775157819040972 0.021561168692088597 -0.04751741111496316 0.036843936328577201 -0.0018228067745023595 0.012782166560248866 -0.016121032837768706
leaf_weight=190.35327407717705 414.25025828182697 493.49524565041065 547.27576930820942 505.43729990720749 85.827536731958389 174.32127712666988 10.514316260814665 464.71619014441967 273.58661156892776 29.691694065928459 750.17533197999001 784.38101245462894 204.82335437834263 79.645784914493561
leaf_count=978 2132 2702 2361 2821 390 824 44 2186 1211 134 5006 3297 1079 350
internal_value=0.00016817 0.0137568 -0.0170286 0.00297065 -0.00703574 -0.018228 0.0217381 -0.028356 0.0280836 -0.0101771 0.0354101 -0.00925406 0.00477559 0.0130432
internal_weight=5008.49 2797.87 2210.62 1190.45 685.017 494.664 1607.42 878.966 1113.92 408.836 760.69 1331.66 234.515 353.232
internal_count=25515 15539 9976 6226 3405 2427 9313 4318 6611 2037 5050 5658 1213 1561
cat_boundaries=0 1 2 4 6 8 10
cat_threshold=2195460 274438 1628145939 22 1118592076 40 11357266 50 579345410 42
is_linear=0
shrinkage=0.05


Tree=31
num_leaves=15
num_cat=6
split_feature=7 15 29 7 27 25 30 7 30 1 15 30 30 30
split_gain=415.012 90.6105 66.099 59.5611 53.9814 63.4195 52.2595 49.2861 46.3413 46.3361 43.4611 38.659 35.4287 34.1362
threshold=17.500000000000004 0.72358038655172685 0 11.500000000000002 0.30451722144179244 0.060825153151228314 1 1.5000000000000002 2 0.13123033614836896 5.2599471174897925 3 4 5
decision_type=2 10 9 2 8 10 9 2 9 8 10 9 9 9
left_child=1 4 8 7 5 -1 -7 -3 -2 -4 -5 -11 -9 -6
right_child=2 3 9 10 13 6 -8 12 -10 11 -12 -13 -14 -15
leaf_value=-0.055294704365673145 -0.040440653799320714 -0.0030854512196046894 -0.039388125293276566 0.020275949974051979 -0.0069241500317467819 -0.03629723478492982 0.010142887469620178 0.017002636120007797 -0.015940170445893225 -0.016785696507594223 -0.0072294152761294087 0.0013841836444747121 0.039726770954121214 0.015568304377828494
leaf_weight=71.864110991358757 366.94885405898094 111.3485369682312 112.14895245432854 324.22615014016628 227.5680954605341 72.913468793034554 207.85278022289276 324.04325212538242 503.12046429514885 477.64566804468632 256.47020456194878 732.98426102101803 570.88950302451849 610.45630471408367
leaf_count=327 1929 532 526 1459 1182 330 1026 2008 2391 2040 1164 3069 4132 3386
internal_value=0.000253194 0.0130883 -0.0160033 0.0209068 0.00265858 -0.0137291 -0.00293161 0.0282608 -0.0266491 -0.00871897 0.00813639 -0.00591967 0.03216 0.00956246
internal_weight=4970.48 2777.63 2192.85 1586.98 1190.65 352.63 280.766 1006.28 870.069 1322.78 580.696 1210.63 894.933 838.024
internal_count=25501 15546 9955 9295 6251 1683 1356 6672 4320 5635 2623 5109 6140 4568
cat_boundaries=0 1 3 5 7 9 11
cat_threshold=2195460 9503760 33 1118587980 8 1669863426 42 1628158739 6 23920646 18
is_linear=0
shrinkage=0.05


Tree=32
num_leaves=15
num_cat=5
split_feature=7 0 29 7 19 25 21 1 29 0 30 19 30 30
split_gain=399.835 100.09 80.6228 77.7249 70.0225 81.5736 56.7757 54.9383 59.0076 54.7047 47.399 45.349 44.0601 42.8073
threshold=13.500000000000002 99.910000000000011 0 20.500000000000004 92.600000000000009 0.072092923468646361 0.84023052232273143 0.22767145135566189 1 94.965000000000018 2 44.500000000000007 3 4
decision_type=2 10 9 2 8 10 8 8 9 8 9 8 9 9
left_child=1 2 -1 6 5 -4 -2 -5 10 -7 -9 12 -8 -13
right_child=3 -3 4 7 -6 9 11 8 -10 -11 -12 13 -14 -15
leaf_value=-0.003373414992824935 -0.055088451842721743 -0.049603912640962457 -0.028386553016634865 -0.036342238425159788 0.035666903121072478 0.032659223645547825 0.018952871423687023 -0.01765583664856819 -0.023673133791683634 0.0051033239699950902 0.0081297276846682958 -0.010067540457952051 -0.029334069256315893 0.013020695875471619
leaf_weight=321.27050396800041 46.692922219634056 52.719574734568596 97.309831693768501 335.36502473056316 733.09408112615347 396.46792597323656 56.120058476924896 307.79720897972584 730.54846087098122 330.14456515014172 394.89366491138935 286.57074724137783 186.55074858665466 618.21436135470867
leaf_count=1631 227 227 480 1724 4980 2577 244 1295 3546 2035 1639 1218 822 2665
internal_value=4.42297e-05 0.0177419 0.0196576 -0.0114925 0.0242747 0.0144017 -0.00163425 -0.0181441 -0.0138635 0.0201631 -0.00326307 0.000587009 -0.0185613 0.00573757
internal_weight=4893.76 1931.01 1878.29 2962.75 1557.02 823.922 1194.15 1768.6 1433.24 726.612 702.691 1147.46 242.671 904.785
internal_count=25310 11930 11703 13380 10072 5092 5176 8204 6480 4612 2934 4949 1066 3883
cat_boundaries=0 1 2 4 6 8
cat_threshold=3228800 1336450 3821032720 42 2189954048 9 1628204306 26
is_linear=0
shrinkage=0.05


Tree=33
num_leaves=15
num_cat=5
split_feature=7 29 22 26 30 1 29 29 26 28 56 7 7 30
split_gain=382.756 89.7537 85.6178 77.2739 68.1417 72.5657 62.2965 53.6651 51.255 51.1599 45.7749 43.9412 38.1485 37.4382
threshold=17.500000000000004 0 68.960000000000022 179.50000000000003 1 0.71852992957746487 2 3 430.50000000000006 0.52708231543002382 1.0000000180025095e-35 8.5000000000000018 13.500000000000002 4
decision_type=2 9 8 2 9 8 9 9 2 8 2 2 2 9
left_child=1 12 3 -3 8 -6 13 -7 9 10 -4 -5 -1 -2
right_child=6 2 4 11 5 7 -8 -9 -10 -11 -12 -13 -14 -15
leaf_value=0.034498090737721483 -0.037783795700184343 -0.064930930235403292 -0.045844641558205473 0.03288094038327722 -0.0088505068851958881 0.030212304018289272 -0.0085643145005686368 0.0024498258549736137 0.012775013423447959 0.026180455136690962 -0.0050351785385790108 -0.033245700795157221 0.012061938145850597 -0.015823187386530258
leaf_weight=523.29820130765438 393.60342624783516 75.118511483073235 141.58003726601601 52.86454776674509 221.34108141064644 666.29890063405037 1299.4758429229259 249.5685131251812 245.99189489334822 55.374934114515781 133.16910597681999 46.083831429481506 299.05998849868774 487.92576803267002
leaf_count=3568 2101 340 635 326 1072 4370 5561 1245 1457 302 630 224 1309 2358
internal_value=-0.000180512 0.0123665 0.00622409 -0.0270563 0.00965536 0.0166636 -0.0157678 0.0230144 -0.00439581 -0.0173233 -0.0261546 0.00205888 0.0260471 -0.0259734
internal_weight=4890.75 2709.75 1887.39 174.067 1713.32 1137.21 2181.01 915.867 576.116 330.124 274.749 98.9484 822.358 881.529
internal_count=25498 15478 10601 890 9711 6687 10020 5615 3024 1567 1265 550 4877 4459
cat_boundaries=0 1 3 4 5 7
cat_threshold=798997 1621676290 50 2195461 32770 44846172 9
is_linear=0
shrinkage=0.05


Tree=34
num_leaves=15
num_cat=3
split_feature=1 15 27 1 19 30 21 30 25 30 27 20 11 25
split_gain=240.01 94.4573 59.6091 50.8962 58.1767 44.8771 44.6999 38.7236 38.5585 37.7992 27.3499 25.7928 24.4391 24.2686
threshold=0.66501650165016513 0.69468391611535385 0.48440953662924136 0.31051221961834624 21.000000000000004 0 0.84023052232273143 1 0.060825153151228314 2 0.42156861341949808 -78.164999999999978 6.4102077756209939 0.94349428596035423
decision_type=10 10 8 8 8 9 8 9 10 9 10 8 2 8
left_child=3 2 8 7 -5 -3 -6 -1 -2 -10 11 -7 -8 -9
right_child=1 5 -4 4 6 10 12 13 9 -11 -12 -13 -14 -15
leaf_value=-0.04007194582872714 -0.040170992282825169 0.0053781966282987334 0.012339148266877396 -0.031500388999448507 -0.050183511186572133 -0.053058137352656014 -0.0088136593179440319 -0.032726000929989243 -0.020392312098582315 0.0037286685748808067 0.032423717298511401 0.017822601603973771 0.0062340768060715627 -0.002505932304695951
leaf_weight=258.03013694286346 91.674339130520821 591.67590908706188 494.67812179774046 222.84132795035839 48.221560195088387 12.145139791071413 550.8959920629859 99.344843432307243 255.14331278204918 413.41913326084614 451.55870977789164 659.01377020776272 526.97473437339067 197.13879233598709
leaf_count=1414 426 3218 2745 1108 252 54 2641 516 1217 2069 2902 3650 2427 908
internal_value=0.000384582 0.00926817 -0.0011556 -0.0134711 -0.00821817 0.0168945 -0.00358702 -0.0262117 -0.00994116 -0.0057422 0.0227035 0.0164629 -0.00145781 -0.0122947
internal_weight=4872.76 2969.31 1254.91 1903.45 1348.93 1714.39 1126.09 554.514 760.237 668.562 1122.72 671.159 1077.87 296.484
internal_count=25547 16281 6457 9266 6428 9824 5320 2838 3712 3286 6606 3704 5068 1424
cat_boundaries=0 2 4 6
cat_threshold=1661800723 22 42746958 40 2685224194 49
is_linear=0
shrinkage=0.05


Tree=35
num_leaves=15
num_cat=3
split_feature=7 0 1 25 3 30 7 0 25 30 11 19 30 1
split_gain=336.519 82.9059 67.6665 62.9799 59.514 57.4793 55.227 45.613 43.1405 35.4103 38.1764 35.5086 35.1567 33.9977
threshold=13.500000000000002 99.910000000000011 0.56691542288557228 0.87270503877194094 0.00092286491623666739 0 -27.499999999999996 96.310000000000016 0.060825153151228314 1 6.6703478663268649 1.1250000000000002 2 2.2784237726098193
decision_type=2 10 10 8 10 9 2 8 10 9 2 10 9 8
left_child=1 4 3 -2 -1 7 -7 8 -6 10 -4 -11 -5 -9
right_child=2 -3 9 12 5 6 -8 13 -10 11 -12 -13 -14 -15
leaf_value=-0.020338142077817242 -0.032922047489038077 -0.046823415193772068 -0.026077347692831779 -0.022362298378495366 -0.021435170827441594 -0.057349025576405081 0.028647808538890398 0.0046074814168253686 0.02805633618366641 0.011046350029598632 -0.0023504863666328115 -0.0095880390063353624 -0.0018953893906606017 -0.031706831486362011
leaf_weight=95.884244188666344 511.78151831030846 49.989352345466614 291.53009504079819 361.31327773630619 51.216747552156448 18.103106692433357 1072.0080652162433 220.37387099117041 287.01911124587059 529.01526400446892 403.73673787713051 342.74455225467682 500.63459742069244 89.977272786200047
leaf_count=483 2660 217 1291 1798 257 75 7462 1282 1775 2278 1717 1475 2244 439
internal_value=-0.000376162 0.0161133 -0.0109452 -0.0190418 0.0178528 0.0199694 0.0269217 0.00772735 0.0205211 -0.00383976 -0.012148 0.00289875 -0.0107718 -0.00598882
internal_weight=4825.33 1884.57 2940.76 1373.73 1834.58 1738.7 1090.11 648.587 338.236 1567.03 695.267 871.76 861.948 310.351
internal_count=25453 11990 13463 6702 11773 11290 7537 3753 2032 6761 3008 3753 4042 1721
cat_boundaries=0 2 4 6
cat_threshold=1613336595 54 1621945680 10 1099846730 40
is_linear=0
shrinkage=0.05


Tree=36
num_leaves=15
num_cat=5
split_feature=7 7 29 30 30 9 26 29 19 11 30 7 7 3
split_gain=296.832 89.8609 85.2176 88.434 48.3794 42.5751 40.9617 58.5344 40.9006 40.8473 46.3622 54.2799 36.7539 34.6911
threshold=11.500000000000002 2.5000000000000004 0 1 2 1.0000000180025095e-35 506.50000000000006 3 21.000000000000004 6.2860260266895382 4 21.500000000000004 23.500000000000004 0.1693909485626709
decision_type=2 2 9 9 9 2 2 9 8 2 9 2 2 8
left_child=1 6 9 5 -3 -4 7 -1 -5 -2 11 -11 13 -10
right_child=2 4 3 8 -6 -7 -8 -9 12 10 -12 -13 -14 -15
leaf_value=0.031707347981555195 -0.013417007230031034 0.0090352840243742277 -0.04762641668636456 -0.033763185726659102 0.030469776569197578 -0.018984006528211993 0.01909975157353333 -0.024002137991932296 0.021845911296294578 0.012608056946941705 0.014025234699935066 -0.017208320880122772 -0.01918442919759885 -0.0059105480183967302
leaf_weight=49.149954684078693 534.03830473124981 431.91701686382294 300.76766401529312 136.71811300516129 810.4340965077281 231.27929954230785 136.64325122535229 236.80341241508722 173.91571265459061 245.79969675838947 530.68727269768715 399.34786267578602 262.06939892470837 315.0003374516964
leaf_count=267 2341 2725 1669 720 6042 1096 824 1124 769 1074 2286 1764 1345 1409
internal_value=-0.000472254 0.0165786 -0.00954566 -0.0185391 0.0233488 -0.0345858 -0.00333257 -0.0140811 -0.00861595 -0.0019519 0.00324569 -0.00575732 -0.00411361 0.00398733
internal_weight=4794.57 1664.95 3129.62 1419.75 1242.35 532.047 422.597 285.953 887.704 1709.87 1175.83 645.148 750.985 488.916
internal_count=25455 10982 14473 7008 8767 2765 2215 1391 4243 7465 5124 2838 3523 2178
cat_boundaries=0 1 3 5 6 8
cat_threshold=1340690 1085200476 8 1074321426 10 2625540 1670153234 42
is_linear=0
shrinkage=0.05


Tree=37
num_leaves=15
num_cat=6
split_feature=1 15 8 29 30 0 27 30 29 30 30 8 28 1
split_gain=160.601 77.3974 69.0525 53.0978 64.098 51.2259 42.8834 55.9304 41.248 55.6321 40.7096 35.5929 34.2102 29.0499
threshold=0.55190373563218398 0.33030211170115514 -2.4999999999999996 0 1 99.910000000000011 0.63152845516113343 2 3 4 5 1.0000000180025095e-35 0.059856735518329131 1.3342198581560285
decision_type=10 10 8 9 9 10 8 9 9 9 9 8 8 10
left_child=2 6 -1 -4 -5 8 7 -2 10 -10 13 12 -6 -3
right_child=1 5 3 4 11 -7 -8 -9 9 -11 -12 -13 -14 -15
leaf_value=0.040857301680615896 -0.019556460463319009 -0.032751943360071895 -0.0031294937441073384 0.020174115674617368 0.054269442094843238 -0.06314018648818652 0.01505546859601373 0.0036716040993940505 -0.00292319132038865 0.022960524515025633 0.010687787796372902 -0.0037275925951323176 -0.033271536649539767 0.010381869854510228
leaf_weight=55.712734267115593 497.95770890265703 116.80353136360645 567.71985039114952 73.970189586281776 10.483416706323622 21.117934569716454 256.17658798396587 526.68988837301731 259.18262710422277 1113.5109144002199 403.47567953169346 134.64610725641251 678.21701154112816 57.788251176476479
leaf_count=238 2475 548 2554 379 55 92 1394 2703 1504 6899 1935 762 3660 285
internal_value=9.35785e-05 0.00636431 -0.0133142 -0.0154007 -0.022863 0.012578 -0.00320427 -0.0077797 0.0134296 0.018089 0.00200633 -0.0269445 -0.0318622 -0.0175006
internal_weight=4773.45 3252.7 1520.75 1465.04 897.317 1971.88 1280.82 1024.65 1950.76 1372.69 578.067 823.347 688.7 174.592
internal_count=25483 17835 7648 7410 4856 11263 6572 5178 11171 8403 2768 4477 3715 833
cat_boundaries=0 1 3 5 6 8 10
cat_threshold=1331234 2684395520 6 2183971862 58 3229222 1611137027 3 1652560208 16
is_linear=0
shrinkage=0.05


Tree=38
num_leaves=15
num_cat=7
split_feature=7 7 7 22 15 29 7 30 30 29 30 11 30 30
split_gain=266.308 72.2313 64.372 58.7171 48.266 46.883 45.5692 43.2515 42.4712 40.1467 39.9594 35.8231 35.5638 34.8972
threshold=13.500000000000002 2.5000000000000004 43.500000000000007 -0.47999999999999982 4.761059314663501 0 8.5000000000000018 1 2 3 4 7.0800685856934171 5 6
decision_type=2 2 2 10 8 9 2 9 9 9 9 2 9 9
left_child=1 7 3 4 8 -6 13 -1 11 -8 -7 -2 -4 -3
right_child=2 6 12 -5 5 10 9 -9 -10 -11 -12 -13 -14 -15
leaf_value=-0.025414405130156161 -0.019952569881114018 0.012414269258945676 -0.041923775694910896 -0.027837227511204817 0.0010457995704350701 0.013358827247360866 -0.00071337740227160032 0.0077599044664328383 0.011941736982567203 0.027680138771567126 -0.024190823732614958 0.008908469520161685 -0.010690064103501266 0.034893278246191858
leaf_weight=135.09619928896427 262.57607699930668 306.50321205705404 206.69467204809189 284.26671253144741 480.61288806796074 77.146740585565567 371.60718347132206 290.76918207108974 639.41564579308033 178.05113599449396 570.8092298656702 180.8219788223505 199.82675050199032 553.73309890925884
leaf_count=684 1189 1964 1140 1415 2088 362 2277 1568 2809 1223 2702 777 961 4261
internal_value=-7.18705e-05 0.0148281 -0.00949869 -0.00648709 -0.00373125 -0.0109624 0.0202758 -0.00321237 0.00380861 0.00900743 -0.0195717 -0.00800898 -0.0279257 0.027457
internal_weight=4737.93 1835.76 2902.17 2495.65 2211.38 1128.57 1409.89 425.865 1082.81 549.658 647.956 443.398 406.521 860.236
internal_count=25420 11977 13443 11342 9927 5152 9725 2252 4775 3500 3064 1966 2101 6225
cat_boundaries=0 1 3 5 6 8 10 12
cat_threshold=1331252 2458883 51 1626097946 32 3785860 2718990340 52 59555912 42 3226114578 38
is_linear=0
shrinkage=0.05


Tree=39
num_leaves=15
num_cat=5
split_feature=1 20 8 28 28 30 2 23 26 30 25 30 30 30
split_gain=143.847 64.0552 63.2183 55.9394 65.8736 54.2809 49.3634 51.1157 42.2409 71.0973 38.7176 34.7883 33.8955 33.6884
threshold=0.54592314901593253 -84.399999999999991 -2.4999999999999996 0.41603875999769124 0.40964005372793427 0 60.680878222611867 7.2666666666666666 52.500000000000007 1 0.9214945379473819 2 3 4
decision_type=8 8 10 8 10 9 2 10 2 9 10 9 9 9
left_child=2 -2 -1 4 6 -4 7 13 9 -5 -7 -8 -6 -3
right_child=1 3 5 8 12 10 11 -9 -10 -11 -12 -13 -14 -15
leaf_value=0.036859291757887609 -0.037086693168277896 0.00025357696789532101 0.020656924826240916 -0.0311512941910283 0.012988818458305462 -0.031776766980124681 -0.036597781598204877 -0.030073924254772944 0.024074672915820213 0.013793735410687008 -0.012272260899365393 -0.002215153522440538 -0.03919093682276073 0.014872657063913983
leaf_weight=55.355523645877838 85.964530043303967 634.88358939439058 80.508128702640533 99.775801338255405 39.017606340348721 444.2593059912324 96.905811682343483 84.823296278715134 628.81614558398724 422.32343759387732 598.79622142016888 250.63706006854773 126.36268509924412 1059.3448817059398
leaf_count=237 411 3379 393 507 249 2446 449 466 3879 2464 2982 1162 685 5713
internal_value=0.000246498 0.00529851 -0.0148673 0.00636727 0.00184879 -0.0174463 0.00421741 0.00758495 0.0153561 0.00482956 -0.0204067 -0.0129932 -0.0284511 0.00948701
internal_weight=4707.77 3528.85 1178.92 3442.89 2291.97 1123.56 2126.59 1779.05 1150.92 522.099 1043.06 347.543 165.38 1694.23
internal_count=25422 19364 6058 18953 12103 5821 11169 9558 6850 2971 5428 1611 934 9092
cat_boundaries=0 2 4 6 8 10
cat_threshold=2685477120 2 38322689 9 2684407896 32 3264218184 33 1613720850 3
is_linear=0
shrinkage=0.05


Tree=40
num_leaves=15
num_cat=1
split_feature=6 20 0 21 27 23 1 19 20 25 15 29 11 19
split_gain=160.735 66.5284 58.1983 47.2627 46.3115 77.0481 39.2552 40.7079 35.7664 30.2265 30.1053 30.3001 27.8784 26.9023
threshold=13.500000000000002 -84.399999999999991 99.910000000000011 0.94306139934805888 0.40487074999278588 7.2666666666666666 0.31051221961834624 1.1250000000000002 -5.9974999999999943 0.94349428596035423 0.61091973851689862 0 7.9526115928417491 92.405000000000015
decision_type=8 8 10 8 8 10 8 10 8 8 10 9 2 10
left_child=1 -1 4 -2 5 10 9 -8 -9 -5 11 -3 -10 -13
right_child=3 2 -4 6 -6 -7 7 8 12 -11 -12 13 -14 -15
leaf_value=-0.034392995919248277 -0.041326013245382653 0.0052866989244883264 -0.046387899564489472 -0.038811867270493544 0.016772600015865721 -0.066699491326988367 0.0020667833220537361 0.0043754802830431629 -0.031763099405485655 -0.012146719872281702 0.011456138232298326 -0.027175140246373925 0.00539282042867877 0.052454872541829178
leaf_weight=89.386511251330376 119.7485848814249 291.60065610706806 45.249670773744583 162.08028414845467 1326.546896442771 36.969149343669415 841.8589673563838 148.28276395797729 277.15344342589378 309.46535293757915 798.76182092726231 157.8390501588583 61.354845076799393 10.452302962541578
leaf_count=429 691 1436 201 940 8251 177 3887 687 1360 1572 4578 830 281 49
internal_value=7.09312e-05 0.00780548 0.00923193 -0.0110332 0.0102091 0.0034811 -0.00899633 -0.00459035 -0.0160839 -0.0213748 0.00559376 -0.00459107 -0.0250325 -0.0207246
internal_weight=4676.75 2756.81 2667.42 1919.94 2622.17 1295.62 1800.2 1328.65 486.791 471.546 1258.65 459.892 338.508 168.291
internal_count=25369 15951 15522 9418 15321 7070 8727 6215 2328 2512 6893 2315 1641 879
cat_boundaries=0 1
cat_threshold=815110
is_linear=0
shrinkage=0.05


Tree=41
num_leaves=15
num_cat=5
split_feature=7 29 30 29 30 26 28 28 30 19 0 22 26 15
split_gain=228.728 60.8361 61.4803 55.655 48.1679 46.6201 51.876 47.2633 43.0253 41.7655 40.5185 39.7707 52.5278 38.3305
threshold=17.500000000000004 0 1 2 3 116.50000000000001 0.41603875999769124 0.41519449449938023 4 29.000000000000004 98.735000000000014 68.960000000000022 218.50000000000003 0.30718198679272707
decision_type=2 9 9 9 9 2 8 10 9 8 8 8 2 10
left_child=1 -1 5 4 -2 -3 7 10 -5 -4 -7 12 -11 -6
right_child=3 2 9 8 13 6 -8 -9 -10 11 -12 -13 -14 -15
leaf_value=0.022227836078186111 0.019750974709702843 -0.023378644620729513 -0.018085951676857556 -0.031181472957739417 -0.019278943552072283 0.018145724240183635 0.02454267357996957 -0.049274164611359098 -0.010843280382226705 -0.057593704213663791 -0.025522463351199787 0.018323399339673599 0.019123187840715317 0.0026871033461125962
leaf_weight=723.79063232243061 174.59983931481838 258.0515539124608 101.69553066790104 477.62918211519718 408.92935436964035 131.4759533405304 174.14552500844002 59.519842498004436 643.57382769882679 40.739536806941032 87.680206313729286 954.17634227871895 47.15510381758213 384.82161405682564
leaf_count=4485 739 1226 483 2652 1828 767 1075 307 3112 187 480 6137 289 1626
internal_value=7.72817e-05 0.0100391 0.00512554 -0.0122142 -0.00326797 -0.00637129 0.00321053 -0.0101601 -0.0197261 0.0122637 0.000638341 0.0153576 -0.0166833 -0.00853216
internal_weight=4667.98 2578.43 1854.64 2089.55 968.351 710.873 452.822 278.676 1121.2 1143.77 219.156 1042.07 87.8946 793.751
internal_count=25393 15436 10951 9957 4193 3855 2629 1554 5764 7096 1247 6613 476 3454
cat_boundaries=0 1 3 4 6 8
cat_threshold=274709 1621741842 18 1336322 2154864716 21 1114396750 9
is_linear=0
shrinkage=0.05


Tree=42
num_leaves=15
num_cat=3
split_feature=7 0 61 7 3 21 29 15 20 28 29 34 21 24
split_gain=219.556 64.6082 62.9317 52.9219 46.8646 46.1811 41.1177 38.1652 36.5563 33.2971 31.5119 30.3483 26.2678 66.4904
threshold=13.500000000000002 98.010000000000005 1365.0000000000002 40.500000000000007 0.00092286491623666739 0.84023052232273143 0 4.925345363439642 23.515000000000004 0.24737209452960682 1 2 0.84023052232273143 0.49826877660989621
decision_type=2 10 8 2 10 8 9 8 10 10 9 1 8 10
left_child=1 2 -1 5 -4 -2 -6 10 12 -9 -7 -5 13 -8
right_child=3 -3 4 11 6 7 8 9 -10 -11 -12 -13 -14 -15
leaf_value=-0.080777960794308337 -0.044613539682014688 -0.025629792219152438 -0.017907892317796742 -0.0066673392944263665 0.001214774583675547 -0.014804491179312776 -0.062311184890390107 0.002756445555674886 -0.025603325606012868 -0.015974771425501667 0.0061195280240306125 -0.033260658162975285 0.025952253475795602 0.046221921684315825
leaf_weight=15.59142830967903 71.900877699255943 96.739019840955734 89.366969838738441 167.30328671634197 277.91057420521975 210.88234074413776 27.862234845757484 332.29359671473503 36.830577194690704 826.24070824682713 947.45071257650852 301.05933453142643 1208.6086725890636 26.639751471579075
leaf_count=77 441 518 467 828 1462 1029 129 1486 241 3896 4127 1621 8892 187
internal_value=0.000140797 0.0139227 0.0162103 -0.00844505 0.0171652 -0.00542656 0.0191618 -0.00419173 0.02281 -0.0106045 0.00222577 -0.0237957 0.0244213 -0.00938485
internal_weight=4636.68 1779.55 1682.81 2857.13 1667.22 2388.77 1577.85 2316.87 1299.94 1158.53 1158.33 468.363 1263.11 54.502
internal_count=25401 11973 11455 13428 11378 10979 10911 10538 9449 5382 5156 2449 9208 316
cat_boundaries=0 1 2 3
cat_threshold=3228672 2162724 2
is_linear=0
shrinkage=0.05


Tree=43
num_leaves=15
num_cat=5
split_feature=7 29 27 30 29 0 7 30 11 30 23 56 27 28
split_gain=210.76 61.4934 75.2789 81.6118 46.6457 45.2614 41.4963 41.4408 38.7078 40.0257 36.1715 31.8493 28.6971 28.5088
threshold=15.500000000000002 0 0.40487074999278588 1 2 96.985000000000014 11.500000000000002 3 6.3511474283145395 4 0.50541666666666685 1.0000000180025095e-35 0.39428244215891084 0.38751630445330004
decision_type=2 9 8 9 9 10 2 9 2 9 10 2 10 8
left_child=1 -1 3 11 8 6 -4 -6 -2 -10 12 -3 -5 -9
right_child=4 2 5 10 7 -7 -8 13 9 -11 -12 -13 -14 -15
leaf_value=0.025520075206031674 -0.016491074784138349 -0.036389315039978436 0.026410876309631376 0.021011076819139104 -0.029252797510946296 -0.019434121428987046 0.00034535056567397269 0.0019110915690695341 -0.0081450251332148144 0.011568567963810663 -0.058988885440920513 -0.0061133987511978209 -0.026333215023766288 -0.020038426178417435
leaf_weight=584.08259689807892 415.2402142137289 194.83263462036848 597.83788894116879 285.08865944296122 441.28505557775497 80.276831530034542 204.98603156208992 304.41854131221771 510.3223267942667 498.30860239267349 16.078749530017376 156.96894824504852 35.178575716912746 286.49391187727451
leaf_count=4052 1815 1003 4399 1770 2545 452 977 1480 2252 2130 77 800 231 1407
internal_value=0.000396021 0.0118038 0.00648846 -0.00586386 -0.00961565 0.016183 0.0197642 -0.0176456 -0.00363688 0.00163009 0.0116624 -0.022304 0.0157449 -0.00860132
internal_weight=4611.4 2155.33 1571.25 688.148 2456.07 883.101 802.824 1032.2 1423.87 1008.63 336.346 351.802 320.267 590.912
internal_count=25390 13761 9709 3881 11629 5828 5376 5432 6197 4382 2078 1803 2001 2887
cat_boundaries=0 1 3 4 6 8
cat_threshold=798725 1118735634 35 1340418 1118586972 40 3280507202 42
is_linear=0
shrinkage=0.05


Tree=44
num_leaves=15
num_cat=5
split_feature=7 7 7 22 30 15 29 30 30 19 0 29 24 13
split_gain=160.123 61.9427 55.1364 56.3211 44.822 40.323 52.1377 37.2037 35.7481 35.7353 35.3791 36.6732 37.4316 34.4671
threshold=11.500000000000002 1.5000000000000002 40.500000000000007 2.7150000000000003 0 6.8541882647891645 1 2 3 96.517500000000013 96.635000000000005 4 0.40535978278548251 0.12749999999999775
decision_type=2 2 2 10 9 8 9 9 9 8 8 9 10 10
left_child=1 -1 3 5 10 -2 -7 -4 -8 -6 -3 -12 -13 -14
right_child=2 4 7 -5 9 6 8 -9 -10 -11 11 12 13 -15
leaf_value=-0.0081655407132451459 0.0042206385876885164 0.019204339837582077 -0.03643514391062188 -0.028015545331538712 0.015033922420148435 0.0040135464149954605 0.01435325633118944 -0.007117220314498806 -0.023088580820131058 0.038352548616822454 0.023703431783972578 -0.033340890621276972 0.018393400711958909 -0.068116450934875908
leaf_weight=282.6665101274848 1320.5842150896788 321.48838232457638 227.17144258320332 219.12159661948681 321.97035423666239 446.04058326780796 68.194747120141983 231.56573987007141 519.09967117011547 339.02792176604271 75.101903937757015 124.82153180241585 89.225409507751465 12.207424499094484
leaf_count=1372 5936 2228 1318 1190 2524 1990 327 1124 2567 3011 519 663 663 78
internal_value=2.56252e-05 0.013001 -0.00668077 -0.00382942 0.017664 -0.00156704 -0.00896053 -0.0226308 -0.018557 0.0266317 0.00757125 -0.00461106 -0.0144785 0.00741861
internal_weight=4598.29 1566.51 3031.78 2573.04 1283.84 2353.92 1033.34 458.737 587.294 660.998 622.845 301.356 226.254 101.433
internal_count=25510 11058 14452 12010 9686 10820 4884 2442 2894 5535 4151 1923 1404 741
cat_boundaries=0 2 3 5 7 8
cat_threshold=1611192082 62 1331254 59524168 42 2717949956 32 1314838
is_linear=0
shrinkage=0.05


Tree=45
num_leaves=15
num_cat=5
split_feature=7 0 15 34 30 29 30 27 25 27 7 7 30 0
split_gain=143.56 64.2563 51.4536 48.0514 47.1113 45.0372 47.8056 42.2651 40.4804 33.8029 31.691 31.1846 31.3264 30.4823
threshold=13.500000000000002 99.805000000000021 0.0024706058469389229 0 1 2 3 0.77358177919568583 8.3533613917672955 0.5987277989309655 30.500000000000004 -27.499999999999996 4 10.695000000000002
decision_type=2 10 10 1 9 9 9 8 10 8 2 2 9 10
left_child=1 2 7 4 -2 6 10 13 11 -7 -5 -4 -13 -1
right_child=3 -3 8 5 -6 9 -8 -9 -10 -11 -12 12 -14 -15
leaf_value=-0.013216071138903716 -0.042706694037217989 -0.041739487561106375 -0.050578557601813401 0.0057176566668768174 0.0029239518244055848 -0.0091361592321409779 -0.032340373565751417 0.029309784137818224 -0.050782675609682137 0.01787054036023852 -0.043057726171956592 0.010364787240068007 0.028987672790050423 0.013625204570692079
leaf_weight=335.68112617731094 48.408054336905479 53.828477762639523 14.047781959176062 181.96440045535564 1173.6723129600286 826.25888524949551 423.74904977530241 110.55720924586058 19.024899899959564 133.78871975839138 39.71903233975172 408.20114222168922 639.13971591740847 153.29552722722292
leaf_count=1937 233 246 60 862 5403 3650 2448 776 102 582 258 2677 5220 991
internal_value=0.000231758 0.0115559 0.0132874 -0.00671349 0.000757761 -0.0123975 -0.022496 0.00153601 0.0198009 -0.00530275 -0.00303907 0.0211127 0.0221216 -0.00479062
internal_weight=4561.34 1733.78 1679.95 2827.56 1222.08 1605.48 645.432 599.534 1080.41 960.048 221.683 1061.39 1047.34 488.977
internal_count=25445 12009 11763 13436 5636 7800 3568 3704 8059 4232 1120 7957 7897 2928
cat_boundaries=0 1 2 3 5 7
cat_threshold=2 1610942464 2129924 2748416000 55 3775639811 30
is_linear=0
shrinkage=0.05


Tree=46
num_leaves=15
num_cat=5
split_feature=6 30 15 20 30 24 6 24 11 30 29 25 26 30
split_gain=98.4679 54.9548 53.4514 40.1037 38.4242 35.77 33.603 31.5098 28.9703 26.6018 34.6305 26.4266 25.9504 25.8886
threshold=8.5000000000000018 0 0.19611587170627057 -83.822499999999991 1 0.39102137651036545 24.500000000000004 0.40387766346646509 7.4923785970800472 2 3 0.48094270177579751 102.50000000000001 4
decision_type=8 9 8 8 9 8 10 8 2 9 9 10 2 9
left_child=2 8 3 -1 -5 6 -3 -7 -2 12 -11 -8 -4 -9
right_child=1 5 9 4 -6 7 11 13 -10 10 -12 -13 -14 -15
leaf_value=-0.048655896181756204 -0.027999668795847671 0.0081071816756893688 -0.0056343700819199809 -0.015042038620454523 0.012236484750264906 -0.038526301727989792 -0.0327810273454942 -0.023824905276192989 -0.00021157987276518484 0.004615028942228299 0.024924845146456924 -0.0028712929444682611 0.012194517836554244 0.003423452329122396
leaf_weight=49.340700075030327 401.0640564262867 774.12499369680882 335.72233629971743 253.83934675902128 241.19725678861141 104.7031949236989 92.181405201554298 132.26901865750551 122.35165659338236 349.97481688857079 589.60758565366268 357.1379996240139 517.72212034463882 221.36470365524292
leaf_count=235 2315 3658 1810 1328 1371 562 524 716 616 1960 4175 1760 3298 1136
internal_value=0.000427944 -0.00714932 0.00757663 -0.0061372 -0.00180978 -0.00265188 0.0017977 -0.014565 -0.0211142 0.0117414 0.0175008 -0.00906668 0.00512277 -0.00738193
internal_weight=4542.6 2205.2 2337.4 544.377 495.037 1681.78 1223.44 458.337 523.416 1793.03 939.582 449.319 853.444 353.634
internal_count=25464 11287 14177 2934 2699 8356 5942 2414 2931 11243 6135 2284 5108 1852
cat_boundaries=0 2 4 6 7 9
cat_threshold=1076779074 8 2685193222 51 1640859411 6 2117766 2692743444 33
is_linear=0
shrinkage=0.05


Tree=47
num_leaves=15
num_cat=6
split_feature=1 29 30 25 24 29 30 30 26 1 30 20 20 23
split_gain=85.1357 57.5582 57.3891 49.3707 55.3581 47.5864 53.2685 46 34.0266 31.3881 26.0239 23.9797 22.6396 22.3965
threshold=0.66501650165016513 0 1 0.82917006976921581 0.36001325820351349 2 3 4 22.500000000000004 0.47100840336134459 5 -0.5099999999999979 -78.164999999999978 18.59354166666667
decision_type=10 9 9 10 10 9 9 9 2 8 9 10 10 10
left_child=5 2 3 4 -2 -1 11 12 -6 -8 -10 -7 -3 -11
right_child=1 7 -4 -5 8 6 9 -9 10 13 -12 -13 -14 -15
leaf_value=0.0016552772413167189 -0.050479440460737116 -0.033224053826631274 0.017207122263196144 0.015123507160332126 -0.029419271829773087 0.041282751623669095 -0.026354608912338869 0.0031128242667333578 0.017554106110086093 -0.005743670076722808 -0.018553324582919355 -0.033084396136199755 -0.0067278724339651062 -0.046058628220178442
leaf_weight=676.11322143673897 77.22981983423233 165.39341945201159 1132.306856572628 263.60105179995298 87.885035589337349 58.408057734370232 557.35259688645601 641.85450349748135 156.44159694761038 443.54989007860422 61.671676337718964 12.467774912714956 157.62531144171953 36.400772474706173
leaf_count=3105 387 763 7549 1691 455 305 3303 3145 1013 2311 386 64 769 215
internal_value=-0.000377167 0.00515063 0.0104471 -0.00147644 -0.0129427 -0.00887632 -0.0151756 -0.00467607 -0.00333535 -0.0181161 0.00726102 0.0245122 -0.0197458 -0.00889068
internal_weight=4528.3 2744.01 1779.14 646.829 383.228 1784.29 1108.18 964.873 305.998 1037.3 218.113 70.8758 323.019 479.951
internal_count=25461 16158 11481 3932 2241 9303 6198 4677 1854 5829 1399 369 1532 2526
cat_boundaries=0 1 3 4 6 8 10
cat_threshold=832771 1634502659 30 1331250 2684362752 6 3229615440 48 1611431936 12
is_linear=0
shrinkage=0.05


Tree=48
num_leaves=15
num_cat=2
split_feature=6 20 8 29 1 0 2 23 3 3 29 60 6 8
split_gain=91.5163 59.3972 57.9356 44.6731 45.3751 43.299 35.9268 33.6984 33.4543 29.709 29.61 27.0675 23.3989 24.9329
threshold=8.5000000000000018 -84.399999999999991 -2.4999999999999996 0 0.47744233378561746 99.995000000000019 70.841452578701151 18.59354166666667 0.37707928387346412 0.21401562877041311 1 508.00000000000006 30.500000000000004 1.0000000180025095e-35
decision_type=8 8 8 9 8 10 2 10 8 8 9 8 8 8
left_child=1 -1 -2 12 -5 6 10 8 -6 -8 -3 -12 -4 -14
right_child=2 5 3 4 7 -7 9 -9 -10 -11 11 -13 13 -15
leaf_value=-0.033325001803129688 0.035055504187452922 -0.028664112879337306 0.013708382387570725 -0.022854754775924718 0.0026462044124703024 -0.042069131940516667 -0.043011978988151289 -0.047802353237574861 -0.015603254885544524 0.00013697644787989612 -0.066850579632618298 0.013001308564359985 -0.00095848432846144761 -0.063073459745170632
leaf_weight=87.762758657336235 76.403333000838757 35.468066543340683 287.14362209290266 649.07589342445135 653.16646659374237 40.743752539157867 49.146183863282204 45.634489081799984 406.74757182598114 195.05638370662928 9.697462469339369 1887.6907221376896 69.239740654826164 20.084862567484379
leaf_count=429 357 170 1332 3814 3103 187 220 263 2036 1000 55 12057 344 100
internal_value=-0.000174419 0.00679113 -0.0074492 -0.00898879 -0.0123003 0.0083929 0.00935619 -0.00619979 -0.00436523 -0.00868682 0.0116391 0.0124924 0.00658832 -0.0154689
internal_weight=4513.06 2305.57 2207.5 2131.09 1754.62 2217.8 2177.06 1105.55 1059.91 244.203 1932.86 1897.39 376.468 89.3246
internal_count=25467 14118 11349 10992 9216 13689 13502 5402 5139 1220 12282 12112 1776 444
cat_boundaries=0 1 2
cat_threshold=2363650 65536
is_linear=0
shrinkage=0.05


Tree=49
num_leaves=15
num_cat=4
split_feature=7 7 0 23 7 30 20 3 19 29 29 30 26 27
split_gain=152.109 48.9405 47.7886 42.5774 44.6153 48.136 41.9609 40.0129 41.0255 37.4529 36.9579 36.8893 33.1271 42.7831
threshold=12.500000000000002 2.5000000000000004 98.010000000000005 7.2666666666666666 23.500000000000004 0 -81.949999999999989 0.00017722287671311272 92.600000000000009 1 2 3 100.50000000000001 0.60802031245624832
decision_type=2 2 8 10 2 9 8 10 8 9 9 9 2 10
left_child=1 2 6 4 11 -6 -1 -3 12 -10 -4 -2 -9 -14
right_child=3 7 10 -5 5 -7 -8 8 9 -11 -12 -13 13 -15
leaf_value=-0.053095553899880701 -0.012160307260736629 -0.022411459495131316 -0.024760537804602804 -0.037340055631570675 -0.024652201187678774 -0.0046586848212078324 0.028416019519684383 -0.0050707756258445078 -0.0010595669107358054 0.034643663867818933 0.022386599034729757 0.0051072023651081624 0.027973848243278393 -0.015469962348118139
leaf_weight=16.912615142762661 419.58171885460615 59.05192644149065 202.45582209527493 108.8535837829113 485.70485711097717 806.74304074048996 136.1496104747057 220.44365829229355 95.41980703920126 464.67222991585732 44.253546379506588 1087.1542018353939 289.40692895650864 69.721405208110809
leaf_count=82 1894 317 1013 686 2634 3869 859 1470 564 4136 257 4929 2249 542
internal_value=9.13336e-06 0.0123947 -0.00275014 -0.00680085 -0.00560034 -0.0124122 0.0191232 0.0174435 0.0195265 0.0291686 -0.0163431 0.000247052 0.0101742 0.0195201
internal_weight=4506.52 1598.49 399.772 2908.04 2799.18 1292.45 153.062 1198.72 1139.66 560.092 246.709 1506.74 579.572 359.128
internal_count=25501 11489 2211 14012 13326 6503 941 9278 8961 4700 1270 6823 4261 2791
cat_boundaries=0 2 3 4 6
cat_threshold=1116493904 8 2180224 123026 1634643218 16
is_linear=0
shrinkage=0.05


Tree=50
num_leaves=15
num_cat=5
split_feature=7 30 0 5 29 30 20 29 8 29 23 3 25 25
split_gain=131.576 48.8325 55.5263 44.8391 40.4203 41.5796 36.3234 34.5082 31.0916 41.1408 27.5404 26.5066 27.3939 26.1372
threshold=11.500000000000002 0 97.995000000000019 0.89645768025078387 1 2 -88.794999999999987 3 1.0000000180025095e-35 4 7.2666666666666666 0.87737359394258052 16.786585894359561 0.072092923468646361
decision_type=2 9 8 10 9 9 8 9 8 9 10 10 10 10
left_child=1 2 6 4 11 -6 -1 -4 10 -10 -3 12 -2 -8
right_child=3 8 7 -5 5 -7 13 -9 9 -11 -12 -13 -14 -15
leaf_value=-0.052057398694066816 -0.00035673189762202271 0.009821858917978302 0.023425033358960418 -0.040508995558145175 -0.024705246841126852 -0.0052837875456948763 -0.014980767471308484 -0.018937959112352718 0.0039314722094293507 0.034153546778452143 -0.05148132292476857 0.032802511491060948 -0.059260495055900898 0.02655432336658527
leaf_weight=17.314345389604568 1528.3985734432936 208.44817934930325 48.846615649759769 91.58871578425169 412.44234347343445 845.4189390167594 43.643730983138084 286.13071919232607 169.61585225909948 426.92058962583542 19.083318926393986 58.819130629301071 18.996663644909859 259.88712372630835
leaf_count=96 6859 1613 337 549 2309 4294 246 1631 1083 3947 93 262 81 1865
internal_value=-0.000165717 0.0119997 0.00162014 -0.00625889 -0.00514987 -0.0118109 0.0164846 -0.0125757 0.0199863 0.0262187 0.00447752 0.000143222 -0.00111767 0.0205525
internal_weight=4435.55 1479.89 655.823 2955.66 2864.08 1257.86 320.845 334.977 824.068 596.536 227.531 1606.21 1547.4 303.531
internal_count=25265 10911 4175 14354 13805 6603 2207 1968 6736 5030 1706 7202 6940 2111
cat_boundaries=0 2 3 4 5 6
cat_threshold=3221849363 54 1340802 1101977948 2363396 2704514
is_linear=0
shrinkage=0.05


Tree=51
num_leaves=15
num_cat=3
split_feature=7 21 24 29 19 30 7 20 19 24 30 20 15 24
split_gain=114.343 59.1692 53.6278 37.5818 53.8281 63.3293 47.495 41.9688 48.7263 39.8161 34.2554 37.9719 32.7211 30.2913
threshold=20.500000000000004 0.84023052232273143 0.51605847760471657 0 92.600000000000009 1 11.500000000000002 13.559999999999997 90.997500000000016 0.34512024166922123 2 -2.9974999999999947 10.590110826905883 0.44808388347541267
decision_type=2 8 10 9 8 9 2 8 10 8 9 8 10 10
left_child=1 2 -1 9 5 13 -6 8 -7 10 11 -3 -8 -5
right_child=-2 3 -4 4 6 7 12 -9 -10 -11 -12 -13 -14 -15
leaf_value=-0.052431620202143252 -0.010836671429938095 0.020514050806151915 0.023620072951488734 0.023643493543776685 0.029408250593434437 0.011609971771921843 0.012308268057676854 -0.020228859319551123 -0.064367821938014588 -0.036990830172648544 0.0095567777018797113 -0.041920024611660604 -0.027124979001425981 -0.0078341534890503089
leaf_weight=77.198927000164986 1614.3047342523932 34.215809598565102 32.258351512253284 347.74277735501528 496.31567257642746 269.53758177161217 557.41586193442345 334.03881511092186 21.89416728913784 80.515563189983368 316.54126162081957 79.397777415812016 57.136215806007385 97.342863127589226
leaf_count=434 8175 165 228 2361 4383 1658 2593 1889 118 397 1528 373 267 686
internal_value=-0.000241288 0.00586565 -0.0300074 0.00733481 0.0101651 0.00220697 0.017917 -0.00802891 0.00570145 -0.00485546 0.00111881 -0.0212485 0.00860396 0.0163896
internal_weight=4415.86 2801.55 109.457 2692.09 2181.42 1070.56 1110.87 625.471 291.432 510.67 430.155 113.614 614.552 445.086
internal_count=25255 17080 662 16418 13955 6712 7243 3665 1776 2463 2066 538 2860 3047
cat_boundaries=0 1 3 4
cat_threshold=2180224 3270782548 9 1115702338
is_linear=0
shrinkage=0.05


Tree=52
num_leaves=15
num_cat=5
split_feature=7 23 24 30 29 7 20 30 9 25 24 29 26 30
split_gain=110.976 47.413 92.0928 37.5653 39.4384 35.501 33.2152 46.5163 39.2448 34.3081 32.7871 30.4894 29.6595 32.9488
threshold=20.500000000000004 8.5181250000000031 0.49826877660989621 0 1 10.500000000000002 -5.7524999999999968 2 1.0000000180025095e-35 7.8454301265326398 0.39606895081779009 3 430.50000000000006 4
decision_type=2 10 10 9 9 2 8 9 2 10 10 9 2 9
left_child=1 6 -3 4 -2 -4 -1 11 10 -10 -9 -8 -13 -14
right_child=3 2 5 -5 -6 -7 7 8 9 -11 -12 12 13 -15
leaf_value=0.018728836852688054 -0.030478443115953654 -0.059890518879316894 0.052774159989453728 -0.0029668758444129045 -0.0070846754835755046 -0.017108300609408378 0.0095981942748014845 0.0099468622240030773 0.020468423458699939 -0.035073602174057417 -0.01315607662471116 -0.022713320178832621 0.016240399206402727 -0.023462076029598072
leaf_weight=547.09815695881844 350.71746957302094 74.599774733185768 36.668753415346146 877.06035821884871 402.49957571923733 34.394201964139938 225.28689218312502 415.89028754085302 700.14373253285885 28.06850527971983 242.14475896954536 291.01675640791655 133.86355251818895 70.875261455774307
leaf_count=3427 2267 402 307 4196 1818 192 1291 2275 4831 143 1472 1470 908 469
internal_value=0.000198066 0.00623572 -0.0214459 -0.0101692 -0.0182593 0.0191833 0.00776228 0.00490759 0.0102199 0.0182824 0.00143834 -0.00537273 -0.0122367 0.00209819
internal_weight=4430.33 2800.05 145.663 1630.28 753.217 71.063 2654.39 2107.29 1386.25 728.212 658.035 721.042 495.756 204.739
internal_count=25468 17187 901 8281 4085 499 16286 12859 8721 4974 3747 4138 2847 1377
cat_boundaries=0 2 3 5 6 7
cat_threshold=1118592074 9 106500 1634389251 50 1323268 1095271680
is_linear=0
shrinkage=0.05


Tree=53
num_leaves=15
num_cat=4
split_feature=7 0 5 26 23 30 23 7 30 56 34 7 30 24
split_gain=112.685 52.3306 45.0748 39.2957 64.5196 57.3523 35.1186 35.7924 39.9668 34.3338 38.0322 32.875 28.8495 37.8937
threshold=10.500000000000002 98.975000000000009 0.71153393665158382 494.50000000000006 7.031458333333334 0 8.5181250000000031 23.500000000000004 1 1.0000000180025095e-35 2 -5.4999999999999991 3 0.39102137651036545
decision_type=2 10 10 2 10 9 10 2 9 2 1 2 9 10
left_child=1 3 6 4 5 9 7 12 -9 10 -1 -7 -2 -14
right_child=2 -3 -4 -5 -6 11 -8 8 -10 -11 -12 -13 13 -15
leaf_value=-0.058741132088030626 0.017746375089835627 -0.026509750624700332 -0.029700817777079454 0.028835017973399619 -0.050258021799930858 -0.018349488708422328 -0.033662165203196023 0.018605321741725241 -0.012394871804547866 0.012209650252304789 -0.0010211916446111 0.023947122626227512 0.0045975243993233257 -0.01265632242421948
leaf_weight=54.920414976775646 229.35270164906979 80.663863264024258 179.84804077446461 353.22093951702118 42.686719752848148 49.563393026590347 95.501614421606064 106.17267628014088 1094.7051696032286 87.733295977115631 58.358426630496979 530.42981597036123 987.83243367820978 468.24029868096113
leaf_count=262 1147 427 1048 3020 255 210 631 480 5562 558 338 4348 4717 2473
internal_value=-0.000425833 0.012228 -0.00546127 0.0149032 0.0089012 0.0121948 -0.00398979 -0.00299668 -0.00958919 -0.0106694 -0.0292744 0.0199637 0.00170343 -0.000949289
internal_weight=4419.23 1257.58 3161.65 1176.91 823.692 781.005 2981.8 2886.3 1200.88 201.012 113.279 579.993 1685.43 1456.07
internal_count=25476 9418 16058 8991 5971 5716 15010 14379 6042 1158 600 4558 8337 7190
cat_boundaries=0 2 4 5 7
cat_threshold=2148041728 50 2685444100 16 4 2182154820 32
is_linear=0
shrinkage=0.05


Tree=54
num_leaves=15
num_cat=2
split_feature=7 7 19 0 23 5 23 7 15 30 18 30 26 27
split_gain=100.33 43.5951 39.0385 38.5504 37.575 35.6647 31.0264 30.4708 39.4325 29.4281 28.0415 27.656 27.4536 50.9031
threshold=11.500000000000002 2.5000000000000004 92.405000000000015 98.010000000000005 18.59354166666667 0.89645768025078387 7.2666666666666666 40.500000000000007 5.3705192918609841 0 -2.8462500000000008 1 203.50000000000003 0.60802031245624832
decision_type=2 2 8 8 10 10 10 2 8 9 8 9 2 10
left_child=1 3 4 10 12 6 7 8 -2 -5 -1 -9 -3 -14
right_child=5 2 -4 9 -6 -7 -8 11 -10 -11 -12 -13 13 -15
leaf_value=-0.041512141210589104 0.0054468164902404725 -0.0016643799108301601 0.026343746690523112 -0.030205702189641605 -0.043509437674807881 -0.036283524972932045 -0.030396206803593485 -0.029612476335743251 -0.0074979163032491197 0.0044219643537023708 0.024533270886475816 -0.0031347022324991454 0.033673107242820556 -0.018822569667090543
leaf_weight=17.334623754024506 1236.5215255245566 241.17827099561691 514.4449856877327 130.0849626660347 33.435637392103672 86.706612691283226 105.49034111201763 177.006253041327 1120.4528726562858 110.20819886773825 133.5010619238019 229.29805525392294 201.18675106018782 59.133673667907715
leaf_count=91 5670 1724 4672 634 173 540 693 1080 5390 628 879 1138 1754 482
internal_value=0.000400053 0.0112152 0.0165214 -0.00302694 0.00704384 -0.00487331 -0.00391164 -0.00288994 -0.00070739 -0.0154401 0.0167197 -0.0155181 0.0104942 0.0217219
internal_weight=4395.98 1440.51 1049.38 391.129 534.934 2955.48 2868.77 2763.28 2356.97 240.293 150.836 406.304 501.499 260.32
internal_count=25548 11037 8805 2232 4133 14511 13971 13278 11060 1262 970 2218 3960 2236
cat_boundaries=0 2 4
cat_threshold=26019090 50 59524160 42
is_linear=0
shrinkage=0.05


Tree=55
num_leaves=15
num_cat=4
split_feature=7 29 30 30 7 25 9 22 7 28 9 30 7 27
split_gain=97.2603 45.1072 45.7108 41.1525 37.1 28.5737 32.6952 29.0283 28.3428 30.1987 26.2148 26.0423 24.6323 22.8551
threshold=11.500000000000002 0 1 2 3.5000000000000004 8.3533613917672955 1.0000000180025095e-35 11.295000000000003 31.500000000000004 0.059856735518329131 1.0000000180025095e-35 3 6.5000000000000009 0.40487074999278588
decision_type=2 9 9 9 2 10 2 10 2 8 2 9 2 8
left_child=3 11 -3 4 10 6 7 12 -4 -10 -1 -2 -5 -6
right_child=1 2 8 5 13 -7 -8 -9 9 -11 -12 -13 -14 -15
leaf_value=0.0085252384872557142 0.016923479866997378 -0.0294166082072644 -0.0028839997334297119 0.026784529437703722 -0.0025250552607456881 -0.045626869720484381 0.02930670039301695 -0.062892257917530198 0.060961801176759423 -0.02860192255141418 -0.023623967229611978 -0.0022951852135178817 -0.0044546750473836013 0.020783622224722083
leaf_weight=96.770031034946442 188.87886600196362 298.0284267142415 782.59653345495462 121.96182559430599 181.03221253305674 15.704123690724371 424.44317094236612 13.135153971612452 8.9921023994684202 185.53387438505888 180.62582685798407 1481.1764155477285 129.12332338094711 249.31653379648924
leaf_count=581 832 1807 3818 958 1225 79 3918 63 50 1244 1027 6727 1069 1996
internal_value=-0.000298759 -0.00547101 -0.0124997 0.0104851 0.00178872 0.0189148 0.0207248 0.00688042 -0.00706996 -0.0241712 -0.0124183 -2.50886e-05 0.0107655 0.0109954
internal_weight=4357.32 2945.21 1275.15 1412.11 707.745 704.368 688.663 264.22 977.123 194.526 277.396 1670.06 251.085 430.349
internal_count=25394 14478 6919 10916 4829 6087 6008 2090 5112 1294 1608 7559 2027 3221
cat_boundaries=0 1 3 5 7
cat_threshold=1340675 1093541148 8 3223946503 63 2154913804 16
is_linear=0
shrinkage=0.05


Tree=56
num_leaves=15
num_cat=4
split_feature=7 15 27 30 8 1 20 7 7 11 30 34 30 22
split_gain=85.6236 38.7314 40.8336 37.5849 34.4364 34.9502 31.2817 31.6128 30.6528 24.5222 28.9649 25.1472 24.18 23.3975
threshold=20.500000000000004 0.58006098029749842 0.62451173347421907 0 -2.4999999999999996 0.22767145135566189 14.007500000000002 10.500000000000002 2.5000000000000004 6.6381553968589087 1 2 3 47.615833333333342
decision_type=2 10 8 9 8 8 10 2 2 2 9 1 9 10
left_child=1 2 3 -1 -2 12 7 8 -3 -7 -11 -12 -6 -9
right_child=4 6 -4 -5 5 9 -8 13 -10 10 11 -13 -14 -15
leaf_value=-0.018779366128341208 0.037909031294243417 0.001453084340715032 0.017900330921014947 0.0015661367220432291 -0.043034585700780309 -0.014701065965941196 -0.020806150512549332 0.0068667604581052963 0.026994498444965875 0.026454284640753153 0.0082507434333062082 -0.01210601046309919 -0.010142680523403606 -0.058483071035234403
leaf_weight=345.99949084222317 36.819458141922951 156.53404834866524 220.91674693673849 625.4124480932951 116.41732964664698 580.97597865760326 74.774616852402687 823.4246522039175 471.11267579346895 74.764770217239857 241.19522687792778 405.41857239603996 140.36109764128923 12.936361357569693
leaf_count=1870 153 978 1438 3534 861 3024 479 4300 4446 360 1093 1948 799 80
internal_value=-6.60268e-05 0.00531008 -0.00145403 -0.00586944 -0.00926358 -0.0104012 0.0105488 0.0121634 0.020637 -0.00706534 -0.000903918 -0.00444306 -0.0272271 0.00578733
internal_weight=4327.06 2731.11 1192.33 971.412 1595.95 1559.13 1538.78 1464.01 627.647 1302.35 721.379 646.614 256.778 836.361
internal_count=25363 17125 6842 5404 8238 8085 10283 9804 5424 6425 3401 3041 1660 4380
cat_boundaries=0 2 4 5 7
cat_threshold=7148566 50 1613774852 20 2 42747210 8
is_linear=0
shrinkage=0.05


Tree=57
num_leaves=15
num_cat=4
split_feature=7 7 31 30 0 11 30 30 20 30 3 28 5 1
split_gain=67.3271 45.8983 43.3188 60.1604 38.9161 38.3236 38.0132 31.8938 34.6271 30.2131 29.6062 29.1426 28.3589 25.4144
threshold=10.500000000000002 2.5000000000000004 2.5000000000000004 0 97.995000000000019 6.0578371229795582 1 2 26.040000000000003 3 0.0012768868680827247 0.24148522600378577 0.094305977710233038 0.26953601953601958
decision_type=2 2 2 9 8 2 9 9 10 9 10 8 8 8
left_child=1 4 5 -4 12 6 -2 8 -3 -7 -9 -6 -1 -5
right_child=2 7 3 13 11 9 -8 10 -10 -11 -12 -13 -14 -15
leaf_value=-0.036115319233591681 -0.041838634229258556 0.0053028503827658507 -0.025916484167667876 -0.013313002631604091 0.012400386638268018 0.0072320302064590091 -0.011221261908971578 -0.027167812179499096 -0.082990522471381098 -0.010087951677742882 0.02583699538488432 -0.027113962333758158 0.025478948773221367 0.0082800019647602495
leaf_weight=21.190426036715508 147.94656777381897 253.93068653345108 159.92720773071051 153.94958522170782 62.339853845536709 356.25313244760036 358.27531766146421 26.929958172142506 10.610538594424723 806.15261221677065 530.85737660527229 178.86238402873278 120.13694734871387 1134.0335213020444
leaf_count=111 874 1850 854 906 288 1776 1837 159 68 4219 5109 983 821 5567
internal_value=-0.000442132 0.0095905 -0.00432259 0.00200523 -0.00470972 -0.00981132 -0.0212803 0.0162403 0.00140921 -0.00480263 0.0228254 -0.0168923 0.0160547 0.00564691
internal_weight=4321.4 1204.86 3116.54 1447.91 382.53 1668.63 506.222 822.329 264.541 1162.41 557.787 241.202 141.327 1287.98
internal_count=25422 9389 16033 7327 2203 8706 2711 7186 1918 5995 5268 1271 932 6473
cat_boundaries=0 2 4 6 8
cat_threshold=1610893328 8 1083114574 1 17338386 12 2686050320 17
is_linear=0
shrinkage=0.05


Tree=58
num_leaves=15
num_cat=5
split_feature=7 7 21 0 61 7 15 29 29 30 11 31 30 30
split_gain=67.3119 39.0789 36.478 34.3504 33.1381 28.0806 27.4071 34.3162 28.9059 30.9381 29.8778 26.4468 25.4222 23.74
threshold=10.500000000000002 2.5000000000000004 0.96366140350522478 98.010000000000005 1150.5000000000002 41.500000000000007 6.8541882647891645 0 1 2 8.4938777540358021 2.5000000000000004 3 4
decision_type=2 2 8 8 8 2 8 9 9 9 2 2 9 9
left_child=1 3 11 -1 -3 6 8 -8 -4 10 -10 -2 -7 -6
right_child=2 4 5 -5 13 12 7 -9 9 -11 -12 -13 -14 -15
leaf_value=0.016250215327020433 -0.034652068467311524 -0.082343791893547971 -0.032063661088084158 -0.014677739885972299 0.00672195374889891 -0.031267326390620069 0.0041240161358923012 -0.013900871341160507 -0.01719481086905526 0.0085500108194832298 0.028175807080388349 0.0052209215497010832 -0.0031223100152041792 0.024740211059932456
leaf_weight=142.08587698638439 154.65185158699751 7.464336097240448 43.899032518267632 240.05140335857868 348.4832670763135 141.34716968983412 435.49268606305122 652.990737862885 233.45824354887009 1159.487268589437 42.000681012868881 56.423590034246445 190.6080167144537 448.04974536597729
leaf_count=946 947 42 216 1259 2702 933 2068 3518 1158 5713 193 307 984 4372
internal_value=-0.000136006 0.00999341 -0.00400083 -0.00316574 0.0162441 -0.00253567 -0.000763601 -0.00678184 0.00366763 0.004971 -0.00984395 -0.0240191 -0.0161973 0.01727
internal_weight=4296.49 1186.13 3110.36 382.137 803.997 2899.28 2567.33 1088.48 1478.85 1434.95 275.459 211.075 331.955 796.533
internal_count=25358 9321 16037 2205 7116 14783 12866 5586 7280 7064 1351 1254 1917 7074
cat_boundaries=0 1 2 4 6 8
cat_threshold=1331252 2162720 1647184128 6 59555912 40 3243022854 46
is_linear=0
shrinkage=0.05


Tree=59
num_leaves=15
num_cat=7
split_feature=7 7 34 56 30 30 30 0 29 6 54 29 7 30
split_gain=66.3567 57.609 36.8775 52.8299 34.929 34.4658 32.2213 28.3061 28.184 27.7563 27.0517 33.9777 31.5379 30.4894
threshold=8.5000000000000018 2.5000000000000004 0 1.0000000180025095e-35 1 2 3 98.735000000000014 4 -12.499999999999998 79.500000000000014 5 37.500000000000007 6
decision_type=2 2 1 2 9 9 9 8 9 10 10 9 2 9
left_child=1 5 4 6 -2 -1 -4 -7 -6 -9 11 12 -5 -13
right_child=2 -3 3 10 8 7 -8 9 -10 -11 -12 13 -14 -15
leaf_value=-0.02455296593814435 -0.029565354688494045 0.019051952182726518 0.0025170870893200543 -0.0069134663058073552 0.0061483543828548641 0.026859792011429809 -0.026638709149284675 -0.020344426302150633 -0.025132640704057321 0.028613224920793073 0.024112731472099202 -0.0077150831520460261 -0.033830512076182782 0.0154167855133582
leaf_weight=133.44862425327301 69.981392599642277 683.28077681362629 124.02733119577169 526.25890102237463 1201.899227462709 98.926495477557182 465.20605474710464 109.49422042071819 66.0049212500453 38.272718206048012 85.689805895090103 264.83131412416697 136.4655691832304 286.8222117498517
leaf_count=719 370 6181 716 2703 6165 679 2613 545 328 250 402 1386 911 1465
internal_value=-0.00044502 0.0103812 -0.0040146 -0.00851062 0.00233609 -0.00521291 -0.0209165 0.00605286 0.00431776 -0.00755694 -0.00287609 -0.00479877 -0.0123132 0.00437818
internal_weight=4290.61 1063.42 3227.19 1889.3 1337.89 380.142 589.233 246.693 1267.9 147.767 1300.07 1214.38 662.724 551.654
internal_count=25433 8374 17059 10196 6863 2193 3329 1474 6493 795 6867 6465 3614 2851
cat_boundaries=0 1 2 4 6 7 8 10
cat_threshold=2 1610876944 2158298371 51 2689607701 21 323590 2211844 8422670 31
is_linear=0
shrinkage=0.05


Tree=60
num_leaves=15
num_cat=4
split_feature=7 20 30 20 29 26 30 29 8 24 8 22 26 19
split_gain=54.9991 37.312 38.7784 34.592 33.3177 41.5779 32.058 31.8117 47.6186 31.3655 32.7478 30.9013 29.2098 26.7227
threshold=17.500000000000004 19.275000000000002 0 -84.824999999999989 1 1758.0000000000002 2 3 1.0000000180025095e-35 0.49231090934630756 70.500000000000014 2.7150000000000003 183.50000000000003 41.750000000000007
decision_type=2 10 9 10 9 2 9 9 8 10 10 10 2 8
left_child=1 2 3 4 -1 9 -5 8 12 10 -6 -2 13 -4
right_child=11 -3 7 6 5 -7 -8 -9 -10 -11 -12 -13 -14 -15
leaf_value=0.01088855588537456 -0.0042310415724748415 -0.028154905488930584 -0.02041047850211972 -0.0098447001306694697 -0.035126036486444939 0.022261327336802195 0.017821382704711571 -0.0025539275262748753 0.026585529247493779 0.011951126767439708 0.031633184591313639 -0.02797642251373458 0.026424311077934283 0.0090235138727039164
leaf_weight=141.27228029817343 1814.3658750653267 79.268889077007771 133.62710309028625 148.3993172198534 262.99768147617579 55.925962023437023 313.40712037682533 279.80702546238899 544.62990343570709 50.763160049915314 18.984439238905907 147.27216968685389 108.58217751979828 179.57848436385393
leaf_count=846 8966 501 755 910 1454 455 2135 1598 4571 345 95 1014 710 1133
internal_value=0.000132361 0.00534694 0.00654562 -0.000882548 -0.00960012 -0.0169018 0.00910131 0.0123609 0.0166593 -0.0240375 -0.0305356 -0.0060271 0.00420372 -0.0035593
internal_weight=4278.88 2317.24 2237.97 991.75 529.944 388.671 461.806 1246.22 966.418 332.745 281.982 1961.64 421.788 313.206
internal_count=25488 15508 15007 6240 3195 2349 3045 8767 7169 1894 1549 9980 2598 1888
cat_boundaries=0 2 3 5 6
cat_threshold=1630389522 19 3412133 16810242 18 1355799
is_linear=0
shrinkage=0.05


Tree=61
num_leaves=15
num_cat=4
split_feature=21 24 9 29 30 30 61 5 28 1 20 30 6 22
split_gain=40.4794 35.4438 32.6101 29.529 44.2949 31.1086 31.6112 30.3093 31.1545 26.5249 25.7795 25.1747 29.0758 24.0665
threshold=0.84023052232273143 0.49826877660989621 2.5000000000000004 0 1 2 2139.5000000000005 0.68526987681970886 0.25681681229787623 0.63693181818181832 -88.794999999999987 3 19.500000000000004 4.1433333333333344
decision_type=8 10 2 9 9 9 8 8 10 10 8 9 10 10
left_child=1 -1 3 5 -5 -2 -7 13 9 -9 -4 12 -10 -8
right_child=2 -3 10 4 -6 6 7 8 11 -11 -12 -13 -14 -15
leaf_value=-0.051719841718366868 -0.010529978158685305 0.00090677188021693754 -0.050597604941613777 -0.025003236530328321 -0.0024469908152012316 -0.054759510241969456 0.01911447673856935 0.0031330683670979624 0.032387606262706377 0.040722387620148091 0.011084889190341661 -0.0049119954785987307 -0.015036500443193046 -0.021799892007898294
leaf_weight=70.247802019119263 420.66702744364738 58.009373635053635 16.360520869493484 285.62419421225786 848.22506856173277 21.294118650257587 445.41365380585194 105.39545014500618 102.3266850784421 83.870009228587151 741.17950922995806 974.29806485027075 46.321872778236866 38.266065426170826
leaf_count=460 2553 466 81 1569 4548 129 2868 538 667 501 4732 5780 265 249
internal_value=-0.000541644 -0.0280945 0.000320762 -0.00178603 -0.0083147 0.00155427 0.00439823 0.00515423 0.00120668 0.0199167 0.00968779 -0.00196169 0.0165047 0.0158393
internal_weight=4257.5 128.257 4129.24 3371.7 1133.85 2237.85 1817.19 1795.89 1312.21 189.265 757.54 1122.95 148.649 483.68
internal_count=25406 926 24480 19667 6117 13550 10997 10868 7751 1039 4813 6712 932 3117
cat_boundaries=0 1 2 4 5
cat_threshold=1356034 1619018816 2267403 19 2189427200
is_linear=0
shrinkage=0.05


Tree=62
num_leaves=15
num_cat=4
split_feature=19 21 24 0 28 28 30 29 29 1 30 54 3 56
split_gain=40.4744 37.8323 41.1159 31.4737 32.9429 34.2668 31.2115 39.4931 34.4364 38.2279 27.7645 26.9232 25.4356 24.2104
threshold=21.000000000000004 0.84023052232273143 0.49826877660989621 99.910000000000011 0.41603875999769124 0.40964005372793427 0 1 2 0.33421985815602845 3 13.500000000000002 1.4064089673921896 1.0000000180025095e-35
decision_type=8 8 10 10 8 10 9 9 9 8 9 10 8 2
left_child=10 2 -2 4 5 6 8 12 11 -10 -1 -3 -8 -7
right_child=1 3 -4 -5 -6 13 7 -9 9 -11 -12 -13 -14 -15
leaf_value=0.014127529374458284 -0.052889597373536559 -0.02414324422656108 0.0066237892554194882 -0.03732832616545198 0.010248374278190867 -0.040276662659557351 0.012382273166938088 -0.010222783596429428 -0.031285667323749988 0.0059817391732510036 -0.021182007549535975 0.011979120890390847 -0.019003827349338205 0.0056495151833564168
leaf_weight=62.125440210103989 63.432126626372337 297.36586794257164 52.442906156182289 47.35214588791132 1163.7725641541183 85.173366159200668 1064.5656336396933 283.47656540572643 76.922896102070808 587.6417636051774 307.12425381690264 61.725361876189709 67.840824536979198 42.688057765364647
leaf_count=339 408 1425 415 230 7670 511 5938 1548 528 3688 1870 279 369 278
internal_value=0.000388205 0.00188966 -0.0261287 0.00275558 0.00327415 0.000110054 0.00143682 0.00622021 -0.00518906 0.00160345 -0.0154097 -0.0174339 0.0103952 -0.0250188
internal_weight=4263.65 3894.4 115.875 3778.53 3731.17 2567.4 2439.54 1415.88 1023.66 664.565 369.25 359.091 1132.41 127.861
internal_count=25496 23287 823 22464 22234 14564 13775 7855 5920 4216 2209 1704 6307 789
cat_boundaries=0 2 3 4 6
cat_threshold=1116097872 49 319622 344066 3783270416 2
is_linear=0
shrinkage=0.05


Tree=63
num_leaves=15
num_cat=4
split_feature=7 30 0 7 25 27 8 5 15 30 29 2 29 3
split_gain=57.725 37.1349 33.0273 28.4868 28.3213 28.0261 27.5596 29.6157 24.0285 35.2232 43.7362 33.4285 23.2824 23.2591
threshold=13.500000000000002 0 94.965000000000018 -27.499999999999996 0.072092923468646361 0.31354091922923061 -2.4999999999999996 0.70604501915708828 5.3705192918609841 1 2 20.893114205597467 3 0.032470975444754059
decision_type=2 9 8 2 10 10 8 10 8 9 9 2 9 10
left_child=1 2 4 -3 5 -1 -2 8 9 -8 -11 13 -10 -12
right_child=6 3 -4 -5 -6 -7 7 -9 12 10 11 -13 -14 -15
leaf_value=-0.048906924280512847 0.028813370548150641 -0.038925962477537601 -0.010390865631738543 0.016919503333170004 0.017369776361848839 0.02335899455016735 -0.0078076431487976647 -0.027168527166174607 -0.016011339064525301 0.015500855916073595 0.034978056436794518 -0.052071533009357365 -0.0015727164906416528 -0.011348768634300869
leaf_weight=34.189435876905918 60.340130031108856 22.601999968290329 389.4406416118145 780.78366351872683 281.81307377666235 20.912671819329262 652.18925099074841 142.71080980449915 587.0718534514308 531.96856573224068 33.240822225809097 40.342874594032764 543.14774954319 128.83136924356222
leaf_count=176 251 99 2441 6862 2185 156 3201 874 3155 2428 186 184 2597 664
internal_value=4.24526e-05 0.00780987 -0.000479776 0.015114 0.0109591 -0.0215527 -0.0043275 -0.00508996 -0.00382774 0.000583751 0.00803337 -0.0113794 -0.00923556 -0.00169096
internal_weight=4249.58 1529.74 726.356 803.386 336.915 55.1021 2719.84 2659.5 2516.79 1386.57 734.384 202.415 1130.22 162.072
internal_count=25459 11919 4958 6961 2517 332 13540 13289 12415 6663 3462 1034 5752 850
cat_boundaries=0 2 4 5 6
cat_threshold=2166981655 62 1659653394 34 319490 631809
is_linear=0
shrinkage=0.05


Tree=64
num_leaves=15
num_cat=2
split_feature=7 20 20 20 30 9 25 30 28 3 7 23 2 25
split_gain=49.9312 31.7015 30.0419 35.382 43.4032 30.7076 33.6252 26.2651 21.8146 21.7731 31.6714 20.338 19.5538 19.1552
threshold=21.500000000000004 23.515000000000004 -84.399999999999991 -18.287499999999998 0 1.0000000180025095e-35 7.8454301265326398 1 0.059856735518329131 0.29498642347977783 7.5000000000000009 2.1550000000000002 -8.92879973205679 3.0072346778348824
decision_type=2 10 8 8 9 2 10 9 8 8 2 10 2 10
left_child=1 2 -1 -4 -5 9 -7 11 -9 -6 -11 13 -10 -2
right_child=7 -3 3 4 5 6 -8 8 12 10 -12 -13 -14 -15
leaf_value=-0.033225647836095953 -0.018057880722782034 -0.030712523223918348 0.020433740972351105 -0.0058204076263671262 0.0092747832341898984 0.017840252958697383 -0.038173391290149614 0.065659068986901381 0.042720371845666523 0.017375923640595477 -0.017299215486352854 -0.040523734127466675 -0.0039497788061509569 0.0041772877898933391
leaf_weight=49.509194649755955 364.53615191578865 62.708458729088306 352.28388701379299 811.68411605805159 391.43128584325314 712.34812116995454 26.923613853752613 10.796460092067717 22.028165824711323 88.899934217333794 245.93998698890209 71.891656376421452 888.63479954004288 131.33383145183325
leaf_count=272 2110 386 2304 4992 2125 5245 142 58 103 718 1407 600 4423 616
internal_value=0.000148542 0.00415135 0.00497857 0.00571025 0.00342457 0.00852689 0.0157515 -0.00721866 -0.0018827 0.00127867 -0.00806865 -0.0155536 -0.00277525 -0.0121722
internal_weight=4230.95 2741.73 2679.02 2629.51 2277.23 1465.54 739.272 1489.22 921.459 726.271 334.84 567.762 910.663 495.87
internal_count=25501 17591 17205 16933 14629 9637 5387 7910 4584 4250 2125 3326 4526 2726
cat_boundaries=0 2 4
cat_threshold=544001287 50 1120753728 9
is_linear=0
shrinkage=0.05


Tree=65
num_leaves=15
num_cat=3
split_feature=7 29 7 20 11 29 26 28 22 29 19 27 26 23
split_gain=49.9227 38.9607 37.5697 33.4097 32.0594 28.2317 36.3798 32.0443 27.3539 29.9337 21.03 19.9648 23.1979 26.2641
threshold=8.5000000000000018 0 3.5000000000000004 -1.0924999999999938 6.4172223323443918 1 506.50000000000006 0.25681681229787623 68.960000000000022 2 21.000000000000004 0.62344053697347934 100.50000000000001 15.212083333333334
decision_type=2 9 2 10 2 9 2 10 8 9 8 10 2 10
left_child=2 4 5 8 -2 -1 7 -7 -3 10 -10 12 13 -4
right_child=1 3 11 -5 -6 6 -8 -9 9 -11 -12 -13 -14 -15
leaf_value=0.029286188614707543 -0.0076748102235519077 -0.027499672198979176 0.012759716731515935 -0.03100164668379082 0.0066536414433280055 0.0044567569408204962 0.013337124262739664 -0.031490106373171546 -0.022939918269362463 -0.032532922499128529 0.00023219640991063684 -0.011599186723196826 0.031007987287765916 -0.077226929982701073
leaf_weight=53.767215937376022 599.72886990755796 142.10831992328167 252.92183159291744 159.96737177670002 1114.0537692308426 100.74758579581976 148.56444156914949 159.26204713061452 107.65238320082426 76.261343702673912 990.60525619238615 52.517160601913929 263.1299123428762 7.3890153020620337
leaf_count=370 2983 1047 2218 1077 5420 503 1147 945 671 392 5465 525 2672 36
internal_value=-0.000415696 -0.00351513 0.00910213 -0.00942917 0.00162843 -0.00151435 -0.00619305 -0.0175978 -0.00685818 -0.00433944 -0.00203941 0.0176122 0.0205595 0.00991965
internal_weight=4228.68 3190.38 1038.3 1476.59 1713.78 462.341 408.574 260.01 1316.63 1174.52 1098.26 575.958 523.441 260.311
internal_count=25471 17055 8416 8652 8403 2965 2595 1448 7575 6528 6136 5451 4926 2254
cat_boundaries=0 1 2 3
cat_threshold=292115 2625540 1081476
is_linear=0
shrinkage=0.05


Tree=66
num_leaves=15
num_cat=3
split_feature=8 7 30 21 5 0 27 1 25 11 30 19 30 54
split_gain=47.4904 48.2078 37.7309 33.377 32.2792 30.6285 32.0249 24.1353 25.6709 25.7779 32.6797 33.1242 29.6551 23.9949
threshold=-2.4999999999999996 8.5000000000000018 0 0.84023052232273143 0.76466620879120895 94.27500000000002 0.31772691997031638 0.19163509180996796 16.786585894359561 7.4923785970800472 1 84.725000000000009 2 34.500000000000007
decision_type=8 2 9 8 10 8 8 8 10 2 9 10 9 10
left_child=-1 2 5 -3 7 6 -2 -5 9 12 -11 -12 13 -9
right_child=1 3 -4 4 -6 -7 -8 8 -10 10 11 -13 -14 -15
leaf_value=0.037706181330880661 -0.01659829698567571 -0.037122770147352949 0.016810249445808872 -0.019270877115331687 -0.026452419580548739 -0.013147964964189587 0.028472590628104994 0.0050501171997188619 -0.05981155128949063 0.026703602251222154 0.0081615070407598123 -0.022258044657510297 -0.0068257564001000795 0.059179543228291012
leaf_weight=79.607575587928295 58.154309771955013 73.871865503489971 566.41948902234435 191.56806981563568 142.71423264592886 270.85488742589951 117.91089611500502 460.48762486129999 17.394557304680347 161.03716022521257 404.79327993839979 113.81440604478121 1512.2143041044474 20.444782502949238
leaf_count=390 361 564 5232 1209 918 1696 1008 2510 78 763 1994 552 7973 91
internal_value=-0.000301461 -0.00104633 0.00841539 -0.00414259 -0.00332505 -0.00255612 0.013576 -0.00217092 -0.000946529 -0.000541208 0.00786071 0.00142811 -0.00340869 0.00731739
internal_weight=4191.29 4111.68 1013.34 3098.34 3024.47 446.92 176.065 2881.75 2690.19 2672.79 679.645 518.608 1993.15 480.932
internal_count=25339 24949 8297 16652 16088 3065 1369 15170 13961 13883 3309 2546 10574 2601
cat_boundaries=0 2 4 6
cat_threshold=3226046723 55 1074873628 17 2190520833 44
is_linear=0
shrinkage=0.05


Tree=67
num_leaves=15
num_cat=4
split_feature=8 15 29 27 19 30 19 54 30 1 30 7 5 7
split_gain=43.1763 38.9932 32.8971 34.215 29.3971 28.6534 32.5143 32.4261 27.7798 26.2092 25.6163 25.2427 21.6623 20.6366
threshold=-2.4999999999999996 0.12500000000000358 0 0.48023363635565958 24.250000000000004 1 92.600000000000009 1.0000000180025095e-35 2 0.18245838668373884 3 -5.4999999999999991 0.71521023366237679 10.500000000000002
decision_type=8 10 9 8 8 9 8 10 9 8 9 2 8 2
left_child=-1 2 -2 5 -3 -4 7 -7 12 -8 -5 -10 -6 -13
right_child=1 4 3 10 8 6 9 -9 11 -11 -12 13 -14 -15
leaf_value=0.036252642906122394 0.0093654367695530979 -0.018944607066373735 0.016004485760807093 0.014540177455560233 0.0069326544734182724 -0.037210358955557798 -0.036759128178876575 0.0079343859459054724 -0.036338771359858524 -0.0062182938890226287 -0.0071779784482682912 0.020799703664053464 -0.010524945641547072 0.00663453398448954
leaf_weight=79.563885197043419 281.12537181377411 134.76549439877272 64.84120512008667 201.70867481827736 311.41232725605369 260.41636220365763 80.326330915093422 46.542707197368145 28.990568831562996 520.92784023284912 364.53463690727949 338.2138607352972 411.23943360522389 1070.0627731010318
leaf_count=392 1480 837 334 1283 2039 1509 577 282 135 2791 2311 3541 2506 5428
internal_value=2.18605e-06 -0.000707339 -0.00617003 -0.00901383 0.00362713 -0.0147542 -0.0169549 -0.0303617 0.00504359 -0.0103527 0.000700303 0.00902577 -0.00296183 0.0100488
internal_weight=4194.67 4115.11 1820.42 1539.3 2294.68 973.054 908.213 306.959 2159.92 601.254 566.243 1437.27 722.652 1408.28
internal_count=25445 25053 10567 9087 14486 5493 5159 1791 13649 3368 3594 9104 4545 8969
cat_boundaries=0 1 3 5 7
cat_threshold=266530 2702254081 4 1663871250 4 1645276432 37
is_linear=0
shrinkage=0.05


Tree=68
num_leaves=15
num_cat=5
split_feature=7 29 30 29 19 19 30 20 3 7 28 30 28 28
split_gain=49.3114 36.111 38.6754 26.6164 45.4918 37.7135 34.5968 28.3264 26.1662 23.7404 31.2524 22.2526 31.3062 21.1554
threshold=11.500000000000002 0 1 2 92.405000000000015 87.715000000000018 3 23.515000000000004 0.16232684881844098 27.500000000000004 0.38751630445330004 4 0.18367757160365883 0.077346568403709529
decision_type=2 9 9 9 8 10 9 10 8 2 8 9 10 8
left_child=3 2 -2 4 5 7 -7 -1 9 10 -4 12 -5 -11
right_child=1 -3 8 11 -6 6 -8 -9 -10 13 -12 -13 -14 -15
leaf_value=0.014529631515740785 -0.023612318688295161 0.0014254160494124645 0.032715729470803444 0.028180451675414071 0.02488034130724881 -0.037544004175663594 0.011509627270003929 -0.031645931951198837 -0.011416941988784421 0.056903413438582719 -0.0026591420506489952 0.0094674620507104387 -0.02559256023108333 -0.019947463486438652
leaf_weight=383.38096720725298 355.35524963587523 1633.8716917559505 121.90695703774691 32.048095732927322 420.7724254950881 81.558939605951309 55.911161996424198 35.416597880423069 504.26299721002579 8.8663963377475721 126.61829015612602 161.63695764541626 151.32023441046476 99.472474068403244
leaf_count=3347 2298 7524 589 182 4404 505 454 261 2583 50 680 978 860 685
internal_value=0.000252397 -0.00344943 -0.00992288 0.00823017 0.0123693 0.00310006 -0.0195343 0.0105586 -0.00404719 0.00625627 0.0147546 -0.00374298 -0.0152646 -0.0131951
internal_weight=4172.4 2850.35 1216.48 1322.05 977.04 556.268 137.47 418.798 861.127 356.864 248.525 345.005 183.368 108.339
internal_count=25400 14409 6885 10991 8971 4567 959 3608 4587 2004 1269 2020 1042 735
cat_boundaries=0 1 3 4 6 8
cat_threshold=2720293 1076796764 8 832293 1074561036 27 1115702610 49
is_linear=0
shrinkage=0.05


Tree=69
num_leaves=15
num_cat=2
split_feature=7 0 21 24 4 54 8 2 20 20 19 30 30 25
split_gain=41.1632 26.6411 27.5427 38.1242 25.1438 25.8098 27.9061 26.7601 24.0582 29.6194 32.4248 43.677 42.3048 31.5713
threshold=20.500000000000004 99.805000000000021 0.84023052232273143 0.51605847760471657 -15.64003863409692 49.500000000000007 -2.4999999999999996 110.68203703703705 -88.794999999999987 0.99750000000000238 97.500000000000014 0 1 9.5181803046762496
decision_type=2 10 8 10 8 10 8 2 8 8 8 9 9 10
left_child=1 2 3 -1 -2 6 -6 -7 -4 -10 12 13 -11 -12
right_child=4 -3 8 -5 5 7 -8 -9 9 10 11 -13 -14 -15
leaf_value=-0.042781215087294926 -0.036094183087899141 -0.032748978229358627 -0.035610099677496093 0.02495034485560781 0.03758073631647716 0.051711263139724385 -0.0076254127415849278 -0.016415777979568995 0.015665312279760403 0.011713261746983551 -0.0029000211115082723 0.015162398296056754 -0.013724908654764188 -0.082455959710067944
leaf_weight=65.643398061394691 67.623155921697617 47.939893662929535 34.102346621453762 29.402990024536848 34.034363955259323 37.96149293333292 1366.4107326567173 22.260394439101219 606.81966346129775 235.81690131872892 376.72902464866638 745.17326083406806 480.9040024317801 11.901523306965826
leaf_count=435 429 240 182 238 140 179 7344 94 4214 1688 2402 4857 2953 55
internal_value=1.62976e-05 0.0038029 0.00449278 -0.0217866 -0.00650919 -0.00511576 -0.00650076 0.026672 0.00550365 0.00608847 0.00294129 0.00820069 -0.00537856 -0.00540306
internal_weight=4162.72 2634.43 2586.49 95.0464 1528.29 1460.67 1400.45 60.2219 2491.45 2457.34 1850.52 1133.8 716.721 388.631
internal_count=25450 17264 17024 673 8186 7757 7484 273 16351 16169 11955 7314 4641 2457
cat_boundaries=0 2 4
cat_threshold=1621445652 25 53859860 9
is_linear=0
shrinkage=0.05


Tree=70
num_leaves=15
num_cat=7
split_feature=15 30 29 30 29 19 30 26 54 19 30 29 1 6
split_gain=33.3249 28.1276 34.6812 26.074 25.1597 30.7858 27.3175 21.3232 22.5493 19.9944 25.8916 23.3636 19.0372 17.1889
threshold=0.66579989934657813 0 1 2 3 41.750000000000007 4 2627.5000000000005 79.500000000000014 99.065000000000012 5 6 0.65030120481927722 6.5000000000000009
decision_type=10 9 9 9 9 8 9 2 10 8 9 9 10 8
left_child=1 2 -1 13 5 6 -5 8 9 10 -3 -11 -7 -2
right_child=3 7 -4 4 -6 12 -8 -9 -10 11 -12 -13 -14 -15
leaf_value=0.010011170056401045 0.0031095352068707047 0.011087741471248046 -0.015710478929035241 0.023910816249818327 0.00054076183084853717 0.0048552448276123475 -0.02163246412894667 0.032464459504178714 0.047318235778081079 0.0083786106613687027 -0.015409662904414215 -0.015104214798016278 0.024362284473375018 -0.012516318496736546
leaf_weight=154.94291547685862 468.83536036685109 114.35030233114958 710.48704653978348 39.146270334720612 537.88138467073441 169.88806420937181 89.130877137184143 49.667491629719734 22.990798830986023 543.73098303377628 375.89888826757669 120.81780944019556 479.35565284267068 280.48584254086018
leaf_count=841 3153 683 4260 218 3100 854 599 335 119 3181 2159 621 3825 1518
internal_value=0.000238314 -0.00420691 -0.0110375 0.00474402 0.00894302 0.014667 -0.00748036 0.000698318 -0.000661745 -0.00165709 -0.00930715 0.003992 0.0192732 -0.00271227
internal_weight=4157.61 2092.89 865.43 2064.72 1315.4 777.521 128.277 1227.46 1177.79 1154.8 490.249 664.549 649.244 749.321
internal_count=25466 12199 5101 13267 8596 5496 817 7098 6763 6644 2842 3802 4679 4671
cat_boundaries=0 2 3 5 6 8 10 11
cat_threshold=32398342 50 1052851 1630382354 14 3973121 2189444160 1 3758096664 4 905348
is_linear=0
shrinkage=0.05


Tree=71
num_leaves=15
num_cat=6
split_feature=15 28 30 19 30 8 30 24 30 6 28 30 28 30
split_gain=31.7978 28.6387 36.5808 28.3344 35.1614 28.1861 29.1663 22.491 23.6599 23.0598 22.2048 28.8198 22.6706 22.2246
threshold=0.66579989934657813 0.077346568403709529 0 44.500000000000007 1 -2.4999999999999996 2 0.080102424785502183 3 23.500000000000004 0.41603875999769124 4 0.40882429058203296 5
decision_type=10 10 9 8 9 8 9 10 9 8 10 9 10 9
left_child=1 2 -1 4 -2 -3 -7 -8 -9 -10 12 -12 13 -5
right_child=3 5 -4 10 -6 6 7 8 9 -11 11 -13 -14 -15
leaf_value=0.031344605329037011 0.017070936503306031 0.032310010741207908 -0.0041701668157604031 -0.0091141046469118674 -0.019395124706241183 0.021076797083132176 -0.036352953158395672 -0.020445392966160762 -0.0004869866829020728 -0.014906221020152769 -0.0043895054518989316 0.02449487157047214 -0.022842657883199773 0.0084405521806948953
leaf_weight=111.1060789078474 84.012983694672585 44.752262078225613 178.17307496070862 209.90446689352393 221.0508690699935 76.107865869998932 70.388255268335342 286.58106246590614 940.30428081005812 392.27260956913233 120.19657534733415 311.17084511369467 74.026286043226719 1032.0777224227786
leaf_count=673 473 200 1057 1276 1347 423 488 1642 5377 2392 822 2543 524 6239
internal_value=0.000208687 -0.0041164 0.0104675 0.00463318 -0.00940554 -0.0064512 -0.00745137 -0.00882066 -0.00765652 -0.00470432 0.00708809 0.01692 0.00385495 0.00546332
internal_weight=4152.13 2099.69 289.279 2052.44 305.064 1810.41 1765.65 1689.55 1619.16 1332.58 1747.38 431.367 1316.01 1241.98
internal_count=25476 12252 1730 13224 1820 10522 10322 9899 9411 7769 11404 3365 8039 7515
cat_boundaries=0 2 4 5 7 9 11
cat_threshold=3255094290 58 2172675152 1 2702188544 1094 50 1627963409 6 1610615826 17
is_linear=0
shrinkage=0.05


Tree=72
num_leaves=15
num_cat=4
split_feature=7 30 0 7 29 30 3 25 30 7 18 28 25 3
split_gain=44.2791 37.3851 47.2606 28.1167 24.9154 31.7517 27.8834 24.3085 27.3522 22.6401 21.7668 19.1345 18.9166 29.8181
threshold=8.5000000000000018 0 96.985000000000014 -27.499999999999996 1 2 0.87737359394258052 16.786585894359561 3 50.500000000000007 -2.8462500000000008 0.25450268617800548 0.19080679155312119 0.16593128802154031
decision_type=2 9 8 2 9 9 10 10 9 2 8 10 8 8
left_child=1 2 10 -3 5 -2 7 8 11 12 -1 -6 -7 -14
right_child=4 3 -4 -5 6 9 -8 -9 -10 -11 -12 -13 13 -15
leaf_value=-0.036154946070814702 -0.019853839984885345 -0.033891226771433823 -0.014505964641467861 0.021622933507131986 0.043352004459178556 -0.017551122178104502 0.030750591059694854 -0.056553320337497076 -0.0021346181205352697 -0.038955739790783074 0.020802346303129875 0.0082550619649660647 0.014379242649125094 -0.0060086527244618011
leaf_weight=17.339193526655436 398.58898232132196 23.095556765794754 278.18087268993258 470.87403455004096 54.017562560737133 151.02814550697803 73.626548036932945 18.106867499649525 1501.7660667933524 41.11447237432003 207.29311084002256 134.27627466619015 288.98150592297316 469.07845738902688
leaf_count=113 2690 103 1792 4606 234 914 395 81 7411 326 1772 658 1591 2684
internal_value=-0.00014579 0.00902683 -0.000739286 0.0185886 -0.00306832 -0.00815978 0.000829383 -0.000472686 0.000161235 -0.00308331 0.0162651 0.0175712 -0.0014538 0.00177216
internal_weight=4127.37 996.783 502.813 493.97 3130.58 1348.79 1781.79 1708.17 1690.06 950.203 224.632 188.294 909.088 758.06
internal_count=25370 8386 3677 4709 16984 8205 8779 8384 8303 5515 1885 892 5189 4275
cat_boundaries=0 2 3 4 6
cat_threshold=2171149586 55 2719780 1077828950 2154848781 20
is_linear=0
shrinkage=0.05


Tree=73
num_leaves=15
num_cat=5
split_feature=7 29 19 26 24 30 30 1 21 30 7 30 18 24
split_gain=36.4788 31.5813 41.2332 33.2438 29.4246 37.9562 27.7283 33.1788 27.6137 25.1451 27.4384 22.9767 27.8722 22.4035
threshold=17.500000000000004 0 94.330000000000013 53.500000000000007 0.44808388347541267 1 2 0.85201288244766515 0.89791915022457824 3 11.500000000000002 4 -2.2412499999999982 0.30677662802808614
decision_type=2 9 8 2 10 9 9 10 8 9 2 9 10 10
left_child=1 2 3 6 8 -6 -1 -8 -5 -4 -11 12 13 -10
right_child=-2 -3 9 4 5 -7 7 -9 11 10 -12 -13 -14 -15
leaf_value=-0.035152829559196692 -0.0050521089579364147 -0.007149739109153847 0.0027606908213111819 -0.054082496498720878 -0.032702833064204427 0.0093415496292166746 -0.017070787110326866 0.0247132062039883 -0.037518902705573974 0.03533978760255925 0.01264375211393659 0.02686029329841659 0.02342613566864549 0.0081484036688611924
leaf_weight=88.463960275053978 1899.7345944568515 463.65824230760336 281.24763553589582 13.428890891373156 82.521765131503344 119.93701558560133 136.19464666396379 71.686171159148216 51.641277574002743 224.9479815363884 328.87668487429619 221.49909107014537 89.642144627869129 54.232950732111931
leaf_count=481 9956 2568 1996 95 555 897 780 561 268 2798 1661 1780 707 350
internal_value=3.67837e-05 0.00437626 0.00740614 0.000199551 0.00666945 -0.00902036 -0.0135942 -0.00249319 0.0140529 0.0155042 0.0215214 0.0163712 0.00289765 -0.0142689
internal_weight=4127.71 2227.98 1764.32 929.248 632.903 202.459 296.345 207.881 430.444 835.072 553.825 417.015 195.516 105.874
internal_count=25453 15497 12929 6474 4652 1452 1822 1341 3200 6455 4459 3105 1325 618
cat_boundaries=0 1 3 5 7 9
cat_threshold=1356055 1086348310 26 909584 25 1076725782 19 557502730 22
is_linear=0
shrinkage=0.05


Tree=74
num_leaves=15
num_cat=4
split_feature=7 8 15 28 30 30 26 34 7 20 30 23 18 19
split_gain=31.4972 27.5893 29.4471 34.6872 30.9696 26.0891 25.8085 26.0227 25.8102 24.3028 23.1979 25.0904 22.7178 25.4608
threshold=43.500000000000007 -2.4999999999999996 0.33030211170115514 0.19425397562805216 0 1 38.500000000000007 2 26.500000000000004 14.007500000000002 3 1.732777777777778 -0.02499999999999902 65.90000000000002
decision_type=2 8 10 10 9 9 2 1 2 10 9 8 10 10
left_child=1 -1 3 10 12 -2 7 8 -6 -4 11 -3 13 -5
right_child=5 2 9 4 6 -7 -8 -9 -10 -11 -12 -13 -14 -15
leaf_value=0.032534447465032354 -0.029819954407937194 -0.035241745849413413 0.0058842127592477287 -0.015467041762206367 0.0090982498556927138 -0.0016521762039767259 0.0063944196942210254 -0.023328093963409052 -0.022351568481991116 -0.020699919867895673 -0.0027607910019424821 0.029153209036062572 0.010173730340561012 -0.04494837853547503
leaf_weight=67.847301561385393 144.52065286412835 15.876568272709845 1917.279659871012 235.4719223678112 207.41146521270275 189.95081198960543 413.46993822604418 220.39996935427189 93.963799171149731 89.038678362965584 200.49616269022226 157.72304107621312 53.294062294065952 106.57277517020702
leaf_count=348 1107 72 12461 1416 1160 1013 2529 1212 494 579 1173 930 317 635
internal_value=-0.000130918 0.00117227 0.000590269 -0.00424036 -0.00802152 -0.0148139 -0.00289666 -0.0103127 -0.000748772 0.00469471 0.009194 0.0218447 -0.0195413 -0.024757
internal_weight=4113.32 3778.85 3711 1704.68 1330.58 334.471 935.245 521.775 301.375 2006.32 374.096 173.6 395.339 342.045
internal_count=25446 23326 22978 9938 7763 2120 5395 2866 1654 13040 2175 1002 2368 2051
cat_boundaries=0 2 4 5 7
cat_threshold=2382918 59 59523144 42 2 2717961298 62
is_linear=0
shrinkage=0.05


Tree=75
num_leaves=15
num_cat=5
split_feature=15 28 30 30 24 26 30 23 29 6 11 24 23 30
split_gain=25.2491 28.1874 37.5511 23.9305 22.9726 21.2119 26.4089 19.1078 18.226 18.191 19.1351 17.5115 17.2377 17.8175
threshold=0.19611587170627057 0.20471312854381077 0 1 0.07609172212045788 59.500000000000007 2 65.545625000000015 3 -16.499999999999996 7.3402744369287261 0.080102424785502183 0.59625000000000017 4
decision_type=10 10 9 9 10 2 9 8 9 8 2 10 8 9
left_child=1 12 7 9 -4 8 -7 -3 -6 -2 -11 -5 -1 -14
right_child=3 2 4 11 5 6 -8 -9 -10 10 -12 -13 13 -15
leaf_value=-0.027743072235872347 0.028199765696644476 -0.047712034934828486 -0.052814970629996676 -0.01897880107783689 0.008054958389176782 0.01937698362454791 -0.0052978451807482981 -0.016582125769396158 -0.012077944880910609 -0.044321669143553337 0.021890932826039298 0.0059624207772929309 0.020474656239090238 0.00017252773756261145
leaf_weight=32.664947032928467 13.950204230844973 59.281374536454678 21.262020274996758 71.880498096346855 141.02057541161776 205.58532623201609 213.05288936942816 285.24228733778 464.50365754216909 59.901050955057144 12.650857850909231 2083.8445563614368 187.42507268860936 248.11807523295283
leaf_count=173 110 404 128 472 718 1257 1316 1691 2593 393 75 13462 1162 1505
internal_value=0.00047177 -0.00383712 -0.00741022 0.00404271 -0.0025412 -0.00147178 0.0071723 -0.0214406 -0.00744997 -0.0202951 -0.0326355 0.00509873 0.00676336 0.0094089
internal_weight=4100.38 1858.16 1389.95 2242.23 1045.42 1024.16 418.638 344.524 605.524 86.5021 72.5519 2155.73 468.208 435.543
internal_count=25459 10947 8107 14512 6012 5884 2573 2095 3311 578 468 13934 2840 2667
cat_boundaries=0 2 3 4 5 7
cat_threshold=2378822 58 1610614784 2719588361 267955 3221277778 47
is_linear=0
shrinkage=0.05


Tree=76
num_leaves=15
num_cat=3
split_feature=7 29 28 26 30 30 28 21 11 21 2 1 28 24
split_gain=30.8145 33.9139 40.3607 40.007 49.6093 37.2013 35.9975 31.5266 24.6292 21.1751 21.5499 20.1176 18.4079 20.4129
threshold=16.500000000000004 0 0.41603875999769124 55.500000000000007 1 2 0.38944212060312972 0.69345350103991299 9.0832114315668235 0.94079699639442749 73.453424112585438 1.3575187969924813 0.059856735518329131 1.0000000180025095e-35
decision_type=2 9 8 2 9 9 10 10 2 8 2 8 8 8
left_child=1 -1 5 4 -4 11 8 -6 9 -7 -11 -3 -2 -14
right_child=12 2 3 -5 7 6 -8 -9 -10 10 -12 -13 13 -15
leaf_value=0.015396750788203057 0.05476028345293095 -0.03674331840181564 -0.047610276826453732 0.023053169462854992 0.011420459966066944 -0.027254779509776492 -0.020148406447082476 -0.064304197376537905 -0.06457683709394868 0.017393478341349296 -0.012846188362131625 -0.0076599636103516361 -0.068496383852257467 -0.0042879795598757958
leaf_weight=502.47477325797081 12.117731124162672 130.68389570340514 40.598848022520542 304.86082470044494 218.12636207789183 35.903272196650505 160.21561466157436 13.673634491860865 10.644020639359949 346.88142469525337 70.166649766266346 109.6061068251729 11.455802768468855 2135.2696679607034
leaf_count=4078 62 815 210 2582 1681 239 1134 70 51 2387 363 736 65 11016
internal_value=-0.000192746 0.00437269 0.000411962 0.0106412 -0.00328344 -0.00642128 0.000205865 0.00642071 0.00727283 0.00909978 0.0122872 -0.0226262 -0.00430361 -0.00466235
internal_weight=4102.68 1943.84 1441.36 577.26 272.399 864.101 623.811 231.8 463.595 452.951 417.048 240.29 2158.84 2146.73
internal_count=25489 14346 10268 4543 1961 5725 4174 1751 3040 2989 2750 1551 11143 11081
cat_boundaries=0 1 3 5
cat_threshold=274709 34078724 16 1622301698 23
is_linear=0
shrinkage=0.05


Tree=77
num_leaves=15
num_cat=3
split_feature=7 0 30 19 5 24 7 4 3 24 7 30 11 30
split_gain=34.1753 27.3011 38.1447 30.8197 25.3914 23.8711 21.137 19.7435 20.021 32.4798 18.3775 27.3525 25.3483 36.1687
threshold=12.500000000000002 90.985000000000014 0 41.750000000000007 0.066766666666666682 0.087510173865129395 -27.499999999999996 -6.8067230485510484 1.4988565335941997 0.40387766346646509 42.500000000000007 1 6.3690099953084607 2
decision_type=2 8 9 8 8 8 2 8 8 10 2 9 2 9
left_child=1 4 -3 -4 -1 -5 -7 -8 -9 -10 12 -12 13 -2
right_child=10 2 3 5 -6 6 7 8 9 -11 11 -13 -14 -15
leaf_value=-0.01305106235830405 -0.02285965479165555 -0.0082793110124050467 -0.018361772005536094 -0.056794716741817755 0.02031912970932288 -0.036103369630883959 -0.014357143519249195 0.031838104416373747 0.045853461804337498 -0.067758273733737426 -0.029299379497459522 -0.0009098771212250747 0.0032233970790943355 -0.001975071742611531
leaf_weight=65.085656069219112 264.37070163339376 479.75477588176727 66.233497090637684 9.2201404348015767 426.11449581757188 14.591411784291266 30.061873622238636 260.40414863079786 10.727533567696812 12.657711576670406 147.27966447547078 195.87785437703133 1257.2975125424564 868.02989608794451
leaf_count=433 1381 3427 455 62 3903 64 247 2764 73 108 1135 1033 6101 4335
internal_value=1.5414e-05 0.00644263 0.00118463 0.012319 0.0158799 0.0187373 0.0210236 0.0237858 0.0278625 -0.0158979 -0.00321918 -0.0140219 -0.00166271 -0.00708578
internal_weight=4107.71 1374.85 883.651 403.896 491.2 337.663 328.443 313.851 283.789 23.3852 2732.86 343.158 2389.7 1132.4
internal_count=25521 11536 7200 3773 4336 3318 3256 3192 2945 181 13985 2168 11817 5716
cat_boundaries=0 2 4 6
cat_threshold=552338711 59 42746952 42 1097157906 9
is_linear=0
shrinkage=0.05


Tree=78
num_leaves=15
num_cat=4
split_feature=8 7 61 29 1 3 30 26 26 29 30 28 3 12
split_gain=28.8067 29.9634 30.0114 25.234 36.6873 27.9225 40.2012 24.8304 24.4924 31.9913 30.9549 30.0547 21.4124 19.9418
threshold=-2.4999999999999996 20.500000000000004 2430.5000000000005 0 0.16760299625468167 0.052847876873711334 1 506.50000000000006 2948.0000000000005 2 3 0.41603875999769124 0.78774576386600126 1.0000000180025095e-35
decision_type=8 2 8 9 8 10 9 2 2 9 9 8 10 2
left_child=-1 2 -2 4 -3 6 -5 12 9 -4 11 -11 -6 -13
right_child=1 3 8 5 7 -7 -8 -9 -10 10 -12 13 -14 -15
leaf_value=0.03146313518698398 -0.050284105235513347 -0.03318636730787191 0.011012670113147074 0.031014351460829523 0.0038567032924079619 -0.020488561778938097 -0.010694157070231565 -0.055116082572229289 0.028327341901440834 -0.023670562868897085 0.002933626902561633 -0.011519241384481 0.04499753233486236 0.023791574492954583
leaf_weight=73.373890530318022 24.814118131995201 70.732419356703758 797.67357822880149 65.890005122870207 636.34769694507122 428.39520676061511 221.39894054830074 16.100193917751312 97.660900864750147 255.35899296030402 1193.0343454889953 90.800163846462965 32.301217392086983 69.876128561794758
leaf_count=366 151 457 5360 411 2851 2618 1504 79 760 1549 8031 652 138 500
internal_value=0.000630824 5.75853e-05 0.00335751 -0.00561405 0.000826503 -0.0122451 -0.000349015 0.00439525 0.00390886 0.00290665 -0.00117723 -0.0127375 0.00590837 0.00388917
internal_weight=4073.76 4000.38 2529.22 1471.17 755.482 715.684 287.289 684.749 2504.4 2406.74 1609.07 416.035 668.649 160.676
internal_count=25427 25061 17003 8058 3525 4533 1915 3068 16852 16092 10732 2701 2989 1152
cat_boundaries=0 1 3 4 6
cat_threshold=1336322 2693300242 2 1323285 1613094210 22
is_linear=0
shrinkage=0.05


Tree=79
num_leaves=15
num_cat=2
split_feature=7 29 26 23 23 25 31 26 54 51 27 29 15 2
split_gain=33.747 30.2542 31.0739 33.6714 23.2459 21.9972 22.3256 25.1768 23.8462 23.2627 21.8983 21.1073 25.8625 25.2897
threshold=10.500000000000002 0 506.50000000000006 7.031458333333334 7.2666666666666666 24.329587707546512 2.5000000000000004 662.50000000000011 43.500000000000007 1.0000000180025095e-35 0.62344053697347934 1 10.223115605658707 50.554286499597261
decision_type=2 9 2 10 10 10 2 2 10 2 10 9 10 2
left_child=1 -1 3 -3 5 6 8 9 -2 11 -4 12 -8 -13
right_child=4 2 10 -5 -6 -7 7 -9 -10 -11 -12 13 -14 -15
leaf_value=0.030316543028850614 -0.0072826084480407637 0.00097038917398708363 0.02301560237646879 -0.049148281338874368 -0.025812550522317436 -0.073105207998323055 0.013787448205652459 -0.02800992786390501 0.018069136534999232 0.056589509051698586 -0.012583789492518994 0.00072733268661599217 -0.023696029163880701 -0.032847554427364159
leaf_weight=119.66747141256928 1426.920164283365 609.6455515474081 267.0006787404418 34.459476076066494 103.24026764556766 9.7683067172765714 550.94381560757756 60.623444154858589 98.256730057299137 20.25675230845809 50.834231674671173 594.62341885268688 49.300529517233372 60.922629058361053
leaf_count=1315 7688 4724 2692 236 800 45 2746 325 474 131 404 3221 265 293
internal_value=0.000132522 0.00769171 0.00448714 -0.00178298 -0.00261753 -0.00177493 -0.00150601 0.00321008 -0.0056386 0.00471407 0.0173003 0.00383293 0.0104999 -0.00240162
internal_weight=4056.46 1081.61 961.94 644.105 2974.86 2871.62 2861.85 1336.67 1525.18 1276.05 317.835 1255.79 600.244 655.546
internal_count=25359 9371 8056 4960 15988 15188 15143 6981 8162 6656 3096 6525 3011 3514
cat_boundaries=0 1 2
cat_threshold=266244 1359873
is_linear=0
shrinkage=0.05


Tree=80
num_leaves=15
num_cat=0
split_feature=7 5 7 28 3 19 3 4 23 24 28 1 25 8
split_gain=34.8531 26.4634 24.5193 25.0287 21.4795 20.4094 20.3602 20.0976 19.4595 19.8803 18.4366 18.548 19.0044 14.663
threshold=10.500000000000002 0.76466620879120895 3.5000000000000004 0.19425397562805216 0.00092286491623666739 91.252500000000012 0.71139960331183527 0.30415316421578364 7.2666666666666666 1.0000000180025095e-35 0.077346568403709529 0.16247642991829042 16.786585894359561 -1.4999999999999998
decision_type=2 10 2 8 10 8 10 10 10 8 8 8 10 10
left_child=2 8 3 -1 -4 -6 -5 -8 9 -2 -11 13 -13 -12
right_child=1 -3 4 6 5 -7 7 -9 -10 10 11 12 -14 -15
leaf_value=0.041394174853742728 -0.056568238563493092 -0.024841562730837194 -0.026499152314971748 0.0059315981345347494 0.0069430801413824907 0.025305982256239153 -0.025084524221628393 0.012456638984087498 -0.023963140581967534 0.042452709877628232 0.037864858757376808 -2.7508462269075149e-05 -0.050952794390134296 -0.022820027985226789
leaf_weight=30.175827786326408 15.190766036510466 133.00079826265574 30.874110706150532 205.51680244505405 319.53178768232465 288.25322311371565 153.43237065896392 45.674488116055727 97.322868976742029 23.197820082306862 9.8304194211959821 2555.3088273108006 17.452357850968838 137.88420892506838
leaf_count=159 86 882 196 1484 2934 3328 960 330 760 119 40 13151 81 927
internal_value=-0.000349343 -0.00312465 0.00737459 -0.00178289 0.0136021 0.0156793 -0.00509704 -0.0164535 -0.00210505 -0.00132557 -0.00099921 -0.00138519 -0.000392624 -0.018554
internal_weight=4062.65 2989.19 1073.46 434.799 638.659 607.785 404.624 199.107 2856.19 2758.86 2743.67 2720.48 2572.76 147.715
internal_count=25437 16046 9391 2933 6458 6262 2774 1290 15164 14404 14318 14199 13232 967
is_linear=0
shrinkage=0.05


Tree=81
num_leaves=15
num_cat=3
split_feature=61 7 29 26 30 30 23 28 27 4 4 54 8 3
split_gain=21.7857 25.1053 24.9653 27.8183 39.5544 38.2042 33.076 24.8322 23.5901 23.7138 22.0839 20.4384 19.6294 19.3245
threshold=2265.0000000000005 10.500000000000002 0 506.50000000000006 1 2 1.732777777777778 0.19132350259105949 0.61465095015068782 -12.691537311192722 -18.07453202091601 49.500000000000007 -2.4999999999999996 0.57025926928270698
decision_type=8 2 9 2 9 9 10 10 10 10 8 10 8 10
left_child=-1 2 -2 5 8 7 -7 -4 9 13 -3 12 -12 -5
right_child=1 10 3 4 -6 6 -8 -9 -10 -11 11 -13 -14 -15
leaf_value=-0.045243378009381274 0.027506988893003476 -0.019749853353153157 0.023256082492727558 0.017748855106010077 0.029607316019687142 0.014648122283734327 -0.048821749610684223 -0.019675272308735822 -0.050099130188489396 0.034535786591564192 0.026053441461072524 0.022606312670273299 -0.002530580644623838 -0.038785450240835496
leaf_weight=25.566308297216892 117.32242852821946 167.62006984651089 37.417775996029377 25.12982489541173 187.84357515349984 297.36876689642668 21.073462504893541 280.01435000821948 24.259990654885769 37.920663591474295 60.454872604459524 86.939107142388821 2657.4569706358016 35.271040607243776
leaf_count=163 1347 957 234 260 1958 2710 144 1858 185 375 262 410 14301 317
internal_value=-0.000113375 0.000183633 0.00677228 0.00384431 0.0161286 -0.00210828 0.00999531 -0.0141143 -0.00647067 0.00403882 -0.00217543 -0.0011185 -0.00188543 -0.0153583
internal_weight=4061.66 4036.09 1063.62 946.299 310.425 635.874 318.442 317.432 122.582 98.3215 2972.47 2804.85 2717.91 60.4009
internal_count=25481 25318 9388 8041 3095 4946 2854 2092 1137 952 15930 14973 14563 577
cat_boundaries=0 1 3 5
cat_threshold=266244 1629566995 51 2210972930 55
is_linear=0
shrinkage=0.05


Tree=82
num_leaves=15
num_cat=1
split_feature=9 23 26 2 29 7 28 28 3 28 1 28 11 7
split_gain=26.0287 29.6969 25.4141 22.71 20.7439 18.8602 37.2277 33.0229 35.0254 29.237 26.156 24.9385 23.3699 22.1164
threshold=2.5000000000000004 11.022916666666669 385.50000000000006 56.679770808755826 0 23.500000000000004 0.37358367220591432 0.41603875999769124 1.2655947503532572 0.40964005372793427 2.5042372881355939 0.059856735518329131 7.8066145571806018 17.500000000000004
decision_type=2 10 2 2 9 2 10 10 10 10 8 8 2 2
left_child=1 3 -3 4 -1 6 -6 8 9 -8 13 -7 -13 -9
right_child=-2 2 -4 -5 5 11 7 10 -10 -11 -12 12 -14 -15
leaf_value=-0.018489015775374425 0.0087759406411631168 -0.05342137744028639 -0.0046937386957839776 -0.015699839360699047 0.010888458853596274 0.068702955514443262 -0.0025053435631128191 0.01374377309045971 -0.11484708148382579 -0.032727953720486057 -0.030120043236737684 -0.010428624889762093 0.0086010982857976336 -0.01052265764966152
leaf_weight=125.64662646502256 753.30395193770528 49.030499078333378 57.983987033367157 231.21121614426374 1004.2385287433863 10.433006897568701 254.28967704996467 395.3410346955061 7.4924909099936476 115.89316577091813 48.282774969935417 640.56259873136878 214.69511663168669 122.23121839016676
leaf_count=755 5074 384 492 1185 6040 54 1765 2960 60 690 301 3889 1114 634
internal_value=0.000401602 -0.00152535 -0.027307 -0.000646753 0.000542368 0.00145907 0.0041929 -0.00293744 -0.0143675 -0.0120298 0.00470332 -0.00467285 -0.00564713 0.00800371
internal_weight=4030.64 3277.33 107.014 3170.32 2939.11 2813.46 1947.77 943.53 377.675 370.183 565.855 865.691 855.258 517.572
internal_count=25397 20323 876 19447 18262 17507 12450 6410 2515 2455 3895 5057 5003 3594
cat_boundaries=0 1
cat_threshold=721089
is_linear=0
shrinkage=0.05


Tree=83
num_leaves=15
num_cat=6
split_feature=7 29 26 30 30 27 23 11 30 3 19 29 3 30
split_gain=22.3095 24.3913 25.2793 42.0127 35.1237 31.7756 25.0519 19.743 32.709 22.5787 23.3072 22.3413 29.1696 23.9582
threshold=13.500000000000002 0 203.50000000000003 1 2 0.60802031245624832 4.8231250000000001 6.5352194998575355 3 0.41983115409490246 55.780000000000008 4 0.0035205448078461997 5
decision_type=2 9 2 9 9 10 10 2 9 10 8 9 8 9
left_child=1 -1 3 6 5 -4 -3 8 -2 10 -10 -9 -13 -14
right_child=7 2 4 -5 -6 -7 -8 11 9 -11 -12 12 13 -15
leaf_value=0.021356760121377872 -0.023031718188606262 -0.012484810597197783 0.0009387222546880698 0.0079993212654433307 0.017902655285026797 -0.05492955244527517 -0.058785689679853641 0.0073714871009143189 -0.015246972178328733 -0.017345430071063983 0.0053908233395147682 0.025897867274320155 0.0059211885069649431 -0.015570102372887935
leaf_weight=179.20114052295685 259.81830992177129 310.90264960750937 127.95130248740315 343.24882619082928 388.33986609429121 30.760435834527016 31.395601347088814 683.04875884950161 176.21727416291833 222.70091098546982 598.95263297110796 65.487552888691425 184.53474289178848 407.45245650783181
leaf_count=1864 1452 1949 1023 2984 3732 202 193 3141 1046 1071 3082 420 1036 2143
internal_value=-0.000369429 0.00468792 0.00205936 -0.00431827 0.0100825 -0.00956644 -0.0164123 -0.00311821 -0.00761537 -0.00331854 0.00068569 0.0011036 -0.00543874 -0.00903485
internal_weight=4010.01 1411.8 1232.6 685.547 547.052 158.712 342.298 2598.21 1257.69 997.871 775.17 1340.52 657.475 591.987
internal_count=25338 11947 10083 5126 4957 1225 2142 13391 6651 5199 4128 6740 3599 3179
cat_boundaries=0 1 3 5 7 8 10
cat_threshold=266244 1117537298 59 555997191 22 1617186064 13 286720 37834002 40
is_linear=0
shrinkage=0.05


Tree=84
num_leaves=15
num_cat=1
split_feature=25 5 20 20 24 28 3 2 2 29 2 1 60 3
split_gain=22.5342 22.5964 23.4255 20.84 19.8745 40.721 19.5818 18.7624 18.5992 16.5082 16.1667 15.6204 15.3953 14.6288
threshold=16.786585894359561 0.89645768025078387 -84.399999999999991 -13.9975 0.10258699345898421 0.22414921303400523 0.86063496606361978 51.959620629299479 35.584663686998702 0 -8.92879973205679 0.12043956043956046 55.500000000000007 0.27495786734077382
decision_type=10 10 8 8 8 10 10 2 2 9 2 8 10 8
left_child=1 2 -1 7 5 -5 -3 8 -4 13 -11 -12 -13 -6
right_child=-2 6 3 4 9 -7 -8 -9 -10 10 11 12 -14 -15
leaf_value=-0.025540415359714415 -0.053194561790354512 -0.028721327038055973 0.011619567830124529 -3.360801972889838e-05 0.0075847151120455791 -0.052471782872827048 0.050567257040938209 -0.014617422796504865 0.062933669597108027 0.025246857843186261 -0.018705357928756296 0.0019978476597911567 -0.048991974809691731 -0.030880533246921867
leaf_weight=80.705964326858521 18.758165970444679 96.570447109639645 495.85726124048233 116.98506094515324 35.888152167201042 53.164349347352982 7.557011365890502 66.364406250417233 17.383515939116478 69.681967321783304 95.786939106881618 2777.394662860781 13.883852474391459 76.089525766670704
leaf_count=436 89 727 3244 729 190 373 52 320 100 505 681 17510 86 398
internal_value=7.13072e-05 0.000334115 0.000950608 0.00151705 -4.66566e-05 -0.0166291 -0.0225407 0.0102402 0.0134766 0.000877897 0.00161593 0.00104263 0.00172677 -0.0170826
internal_weight=4022.07 4003.31 3899.19 3818.48 3238.87 170.149 104.127 579.605 513.241 3068.73 2956.75 2887.07 2791.28 111.978
internal_count=25440 25351 24572 24136 20472 1102 779 3664 3344 19370 18782 18277 17596 588
cat_boundaries=0 1
cat_threshold=2163840
is_linear=0
shrinkage=0.05


Tree=85
num_leaves=15
num_cat=5
split_feature=7 29 30 26 31 30 11 30 30 5 7 3 54 1
split_gain=21.6354 24.9206 26.079 29.0469 24.3116 30.6564 26.963 33.7446 29.6121 24.1063 21.6496 23.7672 20.761 20.6017
threshold=8.5000000000000018 0 1 506.50000000000006 2.5000000000000004 2 6.0578371229795582 3 4 0.17866028708133977 30.500000000000004 1.0000000180025095e-35 85.500000000000014 1.0017301038062285
decision_type=2 9 9 2 2 9 2 9 9 8 2 8 10 8
left_child=1 -1 3 -3 6 -6 7 13 10 -9 11 -8 -12 -2
right_child=4 2 -4 -5 5 -7 8 9 -10 -11 12 -13 -14 -15
leaf_value=0.031641152247876968 -0.023153593052319375 -0.015873756416765018 0.012197776228574576 0.011400887071350762 -0.016686483880074338 0.0057130729719135631 0.06003733506389683 0.020336952671325119 -0.0082285933045575972 -0.013097730921177487 -0.016882087138152809 0.010557126274473829 0.060546574219454398 -0.065665622729626838
leaf_weight=81.645750612020493 72.650032635778189 246.66252499818802 459.99425383657217 160.2192511446774 163.00802693888545 1265.924662604928 25.292370434850454 63.806277390569448 673.11654581129551 321.45441198348999 105.96167765185237 328.95821500942111 8.4421719312667829 47.923614867031574
leaf_count=966 486 1538 4520 1423 917 6791 151 360 3677 1860 715 1745 45 277
internal_value=0.000335326 0.00693318 0.0041598 -0.00500929 -0.00170044 0.00307118 -0.00583812 -0.0154357 -0.00157637 -0.00733219 0.00798051 0.0142489 -0.0106933 -0.0373773
internal_weight=4025.06 948.522 866.876 406.882 3076.54 1428.93 1647.61 505.834 1141.77 385.261 468.654 354.251 114.404 120.574
internal_count=25471 8447 7481 2961 17024 7708 9316 2983 6333 2220 2656 1896 760 763
cat_boundaries=0 1 3 4 6 8
cat_threshold=4100 2150226947 55 1613023248 1628111942 1 3797631068 17
is_linear=0
shrinkage=0.05


Tree=86
num_leaves=15
num_cat=5
split_feature=7 0 61 15 29 30 3 26 30 19 24 29 30 4
split_gain=22.3464 29.4065 22.841 24.3969 22.0247 24.8254 23.0906 24.8365 22.0992 20.3565 19.7167 18.7588 19.3633 23.9647
threshold=8.5000000000000018 99.305000000000021 1851.0000000000002 0.0024706058469389229 0 1 0.16232684881844098 2207.5000000000005 2 45.750000000000007 0.10258699345898421 3 4 -0.24227867995087063
decision_type=2 10 8 8 9 9 8 2 9 8 10 9 9 10
left_child=1 2 -1 -4 5 10 7 -7 -6 -8 -2 12 13 -5
right_child=4 -3 3 11 8 6 9 -9 -10 -11 -12 -13 -14 -15
leaf_value=-0.055387253866970104 -0.047363774736926378 -0.027072772835760664 -0.0057659078545922006 -0.03069936939708794 0.012561646699817054 0.0038514289467352497 -0.025968939515425577 0.054125978635866538 -0.001275796588027083 -0.0031330223395726574 -0.013225250365092615 0.019434233805059035 0.014655040604892575 0.033378114853746026
leaf_weight=12.580934979021547 46.759503219276667 59.37771312519908 190.6262486204505 69.527612816542387 352.54372758790851 343.24024949595332 129.59684669226408 25.479294963181019 1393.9864974282682 387.51538496091962 388.39903399348259 487.65668287500739 100.93903694674373 17.516303323209286
leaf_count=82 386 322 1337 447 1738 2068 795 133 7045 2316 2564 5073 986 148
internal_value=-4.86e-05 0.00669985 0.00900982 0.0100079 -0.00211418 -0.00695322 -0.00206243 0.00746251 0.00157848 -0.00889516 -0.0166129 0.0144602 0.000469172 -0.0157798
internal_weight=4005.75 938.225 878.847 866.266 3067.52 1320.99 885.832 368.72 1746.53 517.112 435.159 675.64 187.983 87.0439
internal_count=25440 8395 8073 7991 17045 8262 5312 2201 8783 3111 2950 6654 1581 595
cat_boundaries=0 1 2 4 5 7
cat_threshold=2720388 1085263134 2151506436 32 616336 1108100114 41
is_linear=0
shrinkage=0.05


Tree=87
num_leaves=15
num_cat=3
split_feature=8 20 1 11 29 20 29 2 10 3 30 1 11 4
split_gain=25.0603 24.6116 23.9502 23.9212 38.4901 24.4106 20.3952 18.5692 18.149 17.878 17.6939 35.8054 23.0283 19.7514
threshold=-2.4999999999999996 26.040000000000003 0.19163509180996796 6.5352194998575355 0 -84.824999999999989 1 308.65663795438849 31.500000000000004 0.021570139103078159 2 0.5337121212121213 6.0578371229795582 -14.549199736151287
decision_type=8 10 8 2 9 8 9 2 2 8 9 8 2 10
left_child=-1 2 -2 6 9 -6 -4 10 -7 -5 12 -12 -8 -14
right_child=1 -3 3 4 5 8 7 -9 -10 -11 11 -13 13 -15
leaf_value=0.027974788535223338 -0.016987784748129606 -0.03150435435177474 0.013301564361237819 0.020889230147306308 -0.035524049508117654 0.0085611874660191187 -0.017322210397515948 -0.062411471715055039 -0.021568692006340557 -0.049867401568894007 -0.019623536469119685 0.0038843282029566092 -0.01131813174506861 0.016702959510294862
leaf_weight=76.844146601855755 199.67405772581697 62.684027504175901 166.77588181197643 10.354751653969286 32.562243714928627 1532.444209780544 439.13881956785917 12.736359909176825 50.731698080897331 47.393641550093889 194.63724232465029 940.54365146905184 134.96049943938851 116.02278054878116
leaf_count=390 1465 442 1123 56 163 9170 3000 58 305 273 1187 6297 856 804
internal_value=-0.000118574 -0.000673361 -0.000167013 0.00075046 0.00516217 0.00665138 -0.00293288 -0.00446043 0.00758269 -0.0316527 -0.00404654 -0.00015864 -0.0102812 0.00165014
internal_weight=4017.5 3940.66 3877.98 3678.3 1673.49 1615.74 2004.82 1838.04 1583.18 57.7484 1825.3 1135.18 690.122 250.983
internal_count=25589 25199 24757 23292 9967 9638 13325 12202 9475 329 12144 7484 4660 1660
cat_boundaries=0 1 2 4
cat_threshold=2688032 1836322 1089277206 23
is_linear=0
shrinkage=0.05


Tree=88
num_leaves=15
num_cat=7
split_feature=60 7 30 0 29 34 11 30 7 30 51 3 29 30
split_gain=23.1402 25.2955 25.9777 34.1801 21.1695 20.0066 29.9395 46.18 30.1985 27.4538 28.1663 21.4207 21.8363 20.8128
threshold=222.00000000000003 8.5000000000000018 0 94.010000000000005 1 2 6.0187025850258582 3 37.500000000000007 4 1.0000000180025095e-35 0.38132686072100624 5 6
decision_type=8 2 9 8 9 1 2 9 2 9 2 8 9 9
left_child=-1 2 3 -2 -3 13 7 -7 9 -8 11 12 -11 -6
right_child=1 4 -4 -5 5 6 8 -9 -10 10 -12 -13 -14 -15
leaf_value=-0.07414489344691079 0.015750072039199738 -0.023006261986956517 0.015334104245587725 -0.011809690199595241 -0.018977658483126186 0.0081408413706363768 0.012828471671420462 -0.025881906097116131 -0.017173462985790759 -0.0076813934787419817 0.036627821767946392 -0.018480122338815613 0.018244473038761252 0.0050935396109844941
leaf_weight=9.63143742084503 180.20930670201778 109.85303799062967 451.78009176254272 295.73585372418165 86.889512717723846 140.36427244544029 392.07728870213032 322.98645279929042 234.91167715936899 228.6760812215507 38.909365829080343 232.5542724467814 111.94007927179337 1133.4598152339458
leaf_count=59 1635 584 4775 1980 495 815 2105 1975 1517 1382 209 1250 526 6005
internal_value=-0.00047744 -0.000279611 0.00694072 -0.00133547 -0.00248998 -0.00162701 -0.00513374 -0.015962 -0.00107489 0.00270453 -0.00393591 -0.00681711 0.00117656 0.00325184
internal_weight=3969.98 3960.35 927.725 475.945 3032.62 2922.77 1702.42 463.351 1239.07 1004.16 612.08 573.17 340.616 1220.35
internal_count=25312 25253 8390 3615 16863 16279 9779 2790 6989 5472 3367 3158 1908 6500
cat_boundaries=0 2 3 4 6 8 9 10
cat_threshold=2171180051 55 2687521 2 2690693969 38 2736472156 5 45184 1610893328
is_linear=0
shrinkage=0.05


Tree=89
num_leaves=15
num_cat=1
split_feature=25 24 21 24 0 61 14 9 30 11 24 28 1 25
split_gain=20.6704 19.5472 18.8087 27.3866 17.9818 17.3337 15.0316 15.4869 24.8733 20.429 19.0735 16.3333 14.7945 16.9095
threshold=24.329587707546512 1.0000000180025095e-35 0.84023052232273143 0.49826877660989621 99.995000000000019 1851.0000000000002 -10.687499999999998 2.5000000000000004 0 8.9510274246296699 0.32218015418531593 0.077346568403709529 0.19163509180996796 0.93862026364701678
decision_type=10 8 8 10 10 8 8 2 9 2 10 8 8 8
left_child=1 -1 3 -3 5 -4 -7 11 9 -9 -11 -8 13 -13
right_child=-2 2 4 -5 -6 6 7 8 -10 10 -12 12 -14 -15
leaf_value=-0.054156638324777268 -0.071917188069674676 -0.045426497260771484 -0.045633547058941237 0.0066251028907331269 -0.032141594466204376 -0.052011971970478812 0.042462458067980123 0.0015506774105358313 0.016210990824814305 -0.077775514255953429 0.0033058563441655297 -0.03557803588263371 0.0012238745797540588 -0.0033959079831155387
leaf_weight=15.232048630714415 8.8510091900825483 51.654449295252562 18.221708871424198 48.16062380746007 38.592072449624538 11.854119110852478 22.163781814277172 241.80553682893515 424.5677651129663 15.671233385801317 12.700106989592312 57.199334271252155 2873.2337523922324 137.49682792648673
leaf_count=92 42 440 114 448 201 64 115 1497 3097 72 80 462 17753 911
internal_value=0.0004209 0.000600311 0.00082493 -0.0204951 0.00138234 0.00172981 0.00196908 0.00215184 0.00889144 -0.00311124 -0.0426035 0.000634194 0.000318274 -0.0129841
internal_weight=3977.4 3968.55 3953.32 99.8151 3853.51 3814.91 3796.69 3784.84 694.745 270.177 28.3713 3090.09 3067.93 194.696
internal_count=25388 25346 25254 888 24366 24165 24051 23987 4746 1649 152 19241 19126 1373
cat_boundaries=0 2
cat_threshold=3224152066 58
is_linear=0
shrinkage=0.05


Tree=90
num_leaves=15
num_cat=1
split_feature=7 28 24 20 0 28 29 26 19 26 14 20 56 26
split_gain=19.9686 22.1502 33.5036 23.4114 21.7778 19.1874 21.3693 17.1596 17.04 24.2075 15.5787 15.3535 15.3311 15.1228
threshold=23.500000000000004 0.23209594432138808 0.10258699345898421 -81.949999999999989 99.995000000000019 0.059856735518329131 0 494.50000000000006 55.780000000000008 8.5000000000000018 4.1750000000000007 8.9625000000000039 20.500000000000004 1198.0000000000002
decision_type=2 10 10 8 10 8 9 2 8 2 10 10 2 2
left_child=1 11 -3 -4 8 -2 12 10 9 -5 -8 -1 -7 -11
right_child=5 2 3 4 -6 6 7 -9 -10 13 -12 -13 -14 -15
leaf_value=0.013919598900050274 0.062782745172205154 -0.039765602196724821 -0.033291011566910708 -0.021473162905871011 -0.039664923027936339 -0.017878610265951403 0.0015656464362275892 -0.034784704228463581 0.0050477589161954236 0.012809513240478871 -0.039616131271480233 -0.022245728862983902 0.048474951385308454 -0.011461762116936669
leaf_weight=504.55958536267281 9.3499567508697492 49.446426343172789 46.464502356946468 159.40173790603876 29.613487593829632 341.31292330101132 779.46948583424091 35.315178036689758 1701.3689725771546 159.57772652059793 22.661019951105118 30.275897052139044 7.9952672421932212 105.95083550736308
leaf_count=2933 47 368 249 928 158 2681 3714 211 12298 904 102 178 48 667
internal_value=0.000378537 0.00269792 0.000523537 0.00144572 0.00220946 -0.00502285 -0.00560947 -0.00115344 0.00281103 -0.00613541 0.00035434 0.0118347 -0.0157755 0.00311816
internal_weight=3982.76 2786.66 2251.82 2202.38 2155.91 1196.1 1186.75 837.446 2126.3 424.93 802.131 534.835 349.308 265.529
internal_count=25486 18683 15572 15204 14955 6803 6756 4027 14797 2499 3816 3111 2729 1571
cat_boundaries=0 1
cat_threshold=2195460
is_linear=0
shrinkage=0.05


Tree=91
num_leaves=15
num_cat=1
split_feature=8 20 7 29 19 19 3 26 3 8 21 26 28 27
split_gain=27.6919 19.362 21.1136 22.5863 30.4956 29.2639 27.7796 27.368 33.9392 26.6995 21.5987 23.5778 20.1588 20.112
threshold=-2.4999999999999996 26.040000000000003 16.500000000000004 0 94.330000000000013 87.715000000000018 0.15180723510772445 891.00000000000011 1.4064089673921896 18.500000000000004 1.0160290728622496 57.500000000000007 0.18367757160365883 0.49666454487514206
decision_type=8 10 2 9 8 10 8 2 10 10 8 2 10 10
left_child=-1 2 3 4 5 10 -7 -6 -9 -10 -2 -12 -5 -13
right_child=1 -3 -4 12 7 6 -8 8 9 -11 11 13 -14 -15
leaf_value=0.029663379199329255 -0.031564004032521006 -0.028265364878842271 -0.0037679178946248382 0.017589683603612329 0.019257366216956059 -0.092020021758499992 -0.012743557406553811 0.0023212378648568874 -0.15131518406710059 -0.0096832644796806186 -0.0065331663268148252 0.024921979546284848 -0.011549967587264271 0.00076241427115096398
leaf_weight=75.390911772847176 36.33017610758543 61.833824247121811 2033.1988682411611 70.657885409891605 533.60355131700635 10.960249233990906 154.23566710203886 77.979648880660534 6.0014250613749009 6.6205071099102497 188.60608011484146 214.70651638507843 346.3438975661993 143.52375289052725
leaf_count=383 234 435 10710 423 4878 62 1112 679 44 65 1259 1802 2078 1171
internal_value=-0.000149138 -0.000735214 -0.000282634 0.00367702 0.0067473 -1.31239e-05 -0.0185253 0.0149474 -0.0103697 -0.0831904 0.00525364 0.00775285 -0.00642841 0.0152716
internal_weight=3959.99 3884.6 3822.77 1789.57 1372.57 748.362 165.196 624.205 90.6016 12.6219 583.167 546.836 417.002 358.23
internal_count=25335 24952 24517 13807 11306 5640 1174 5666 788 109 4466 4232 2501 2973
cat_boundaries=0 1
cat_threshold=1356085
is_linear=0
shrinkage=0.05


Tree=92
num_leaves=15
num_cat=6
split_feature=28 28 29 30 26 30 54 29 29 19 8 11 26 30
split_gain=18.3564 26.9062 29.4621 26.0101 21.3483 21.3691 22.6954 21.9949 21.684 30.903 27.045 23.2098 19.3331 33.622
threshold=0.42080098428280088 0.40964005372793427 0 1 2948.0000000000005 2 79.500000000000014 3 4 55.780000000000008 5.5000000000000009 5.8556448174048787 52.500000000000007 5
decision_type=8 10 9 9 2 9 10 9 9 8 8 2 2 9
left_child=1 4 3 -3 5 6 7 -1 9 -7 -10 -12 13 -2
right_child=12 2 -4 -5 -6 8 -8 -9 10 -11 11 -13 -14 -15
leaf_value=0.0069424573991916988 -0.021017228334405915 0.0091332952875971818 0.016113194659499636 -0.037389399186358543 0.034643457675071161 -0.012906439916711129 0.027520183455192606 -0.011516649210545703 0.0039018866913004373 0.0090742441212288399 0.022176686472881416 -0.040986900891518914 0.011397382146902765 0.0059612710956785369
leaf_weight=194.04262118786573 147.42162561789155 38.72288828715682 44.759238194674253 136.69252714514732 41.092729113996029 189.47386733442545 45.759464148432016 842.972251906991 128.07567228749394 997.78928426653147 16.824414227157831 85.338186778128147 620.25373905524611 415.84244892373681
leaf_count=1140 921 262 283 899 341 1270 229 5208 709 5954 118 514 4652 2818
internal_value=0.000107662 -0.00212513 -0.0188518 -0.0271866 -0.000669149 -0.00126314 -0.00651375 -0.00810335 0.00277571 0.00551208 -0.0109427 -0.0304708 0.00531491 -0.0013913
internal_weight=3945.06 2761.54 220.175 175.415 2541.37 2500.28 1082.77 1037.01 1417.5 1187.26 230.238 102.163 1183.52 563.264
internal_count=25318 16927 1444 1161 15483 15142 6577 6348 8565 7224 1341 632 8391 3739
cat_boundaries=0 1 3 5 6 7 9
cat_threshold=40960 3797155920 4 1653001490 56 1577987 385158 23643677 25
is_linear=0
shrinkage=0.05


Tree=93
num_leaves=15
num_cat=1
split_feature=25 20 5 8 5 9 29 19 25 1 25 3 10 26
split_gain=16.5887 15.9435 18.9706 18.6849 20.8597 17.1541 20.5658 19.0941 18.2457 16.6523 28.8493 20.4971 18.179 17.8898
threshold=24.329587707546512 -84.399999999999991 0.32670000000000005 -2.4999999999999996 0.89645768025078387 2.5000000000000004 0 86.492500000000021 4.1517656748113643 0.46628787878787886 0.71839111235503872 1.3301005039359766 37.500000000000007 891.00000000000011
decision_type=10 8 8 8 10 2 9 10 10 10 10 8 2 2
left_child=1 -1 -3 -4 5 6 8 9 -5 10 -8 12 -11 -13
right_child=-2 2 3 4 -6 -7 7 -9 -10 11 -12 13 -14 -15
leaf_value=-0.021453040936930002 -0.067288077916382555 0.0094898202298710922 0.026495541874737107 0.021941827112975421 -0.024650380673381149 0.0077173205945755196 -0.023263311039074079 -0.017501893967891768 -0.034820490244549578 0.0037457728384851854 -0.0010986193451908164 -0.012881162413700098 -0.038625068694580551 -0.079223978998204631
leaf_weight=76.505938060581684 7.9133720248937598 615.74497252702713 63.839244443923235 139.69693490117788 86.797775853425264 591.22622315213084 211.68580554053187 204.39976227283478 14.842579469084738 1350.0237171463668 474.3207608833909 73.706784415990114 24.803317494690418 10.910598151385782
leaf_count=414 40 3955 332 785 690 4146 1564 1369 79 8598 2691 450 146 73
internal_value=0.000846908 0.00100085 0.0014511 -7.61247e-05 -0.000617308 6.42964e-05 -0.00174476 -0.00292556 0.0153166 -0.00154297 -0.00796204 0.00147767 0.00295384 -0.0222608
internal_weight=3946.42 3938.5 3862 3246.25 3182.41 3095.62 2504.39 2349.85 154.54 2145.45 686.007 1459.44 1374.83 84.6174
internal_count=25332 25292 24878 20923 20591 19901 15755 14891 864 13522 4255 9267 8744 523
cat_boundaries=0 1
cat_threshold=1310722
is_linear=0
shrinkage=0.05


Tree=94
num_leaves=15
num_cat=4
split_feature=15 30 15 7 30 26 34 24 29 25 28 28 27 51
split_gain=19.1711 19.9585 19.1091 33.2588 18.6978 26.4487 32.2145 19.2703 18.64 18.7491 18.0521 17.0408 16.3229 16.0161
threshold=0.75742500937803137 0 6.9353726350809195 11.500000000000002 1 52.500000000000007 2 0.11145142079292157 3 -0.49513302020251099 0.18315895323120793 0.23039240452635731 0.31354091922923061 1.0000000180025095e-35
decision_type=10 9 10 2 9 2 1 10 9 8 10 8 10 2
left_child=4 -2 -3 -4 10 6 8 -7 -6 -10 -1 -11 -5 -12
right_child=1 2 3 12 5 7 -8 -9 9 11 13 -13 -14 -15
leaf_value=0.0028571927007478752 0.010832798694079843 0.0033736866063443396 0.0077754139177603531 -0.006241799668520843 0.0078088928529668521 -0.031356930143413078 -0.017473783105077158 0.010373670697813371 0.044292196606923837 0.019747197523983004 -0.017510738904225123 -0.033969004032609357 -0.034215253829749652 0.031399158039309726
leaf_weight=176.27439193800092 569.79011595621705 986.93971542268991 153.77625411376357 89.807903964072466 363.34586084634066 28.290294114500284 354.19007149711251 509.88423212245107 10.384731367230414 17.55143316090107 470.58541959524155 76.248805169016123 125.14486240968108 16.465881552547216
leaf_count=1111 4110 6313 1528 432 2006 231 2045 3349 110 87 2890 426 630 94
internal_value=-0.000484396 0.00308605 -0.000253488 -0.0099517 -0.00388216 -0.000478131 -0.00612207 0.00812592 0.00249665 -0.0152231 -0.0106816 -0.0238156 -0.0226109 -0.0157963
internal_weight=3948.68 1925.46 1355.67 368.729 2023.22 1359.9 821.721 538.175 467.531 104.185 663.326 93.8002 214.953 487.051
internal_count=25362 13013 8903 2590 12349 8254 4674 3580 2629 623 4095 513 1062 2984
cat_boundaries=0 2 4 5 6
cat_threshold=2163409997 34 31790150 50 2 380932
is_linear=0
shrinkage=0.05


Tree=95
num_leaves=15
num_cat=2
split_feature=8 7 18 0 30 20 28 25 21 30 3 19 31 54
split_gain=29.6023 19.6481 23.3528 24.1143 31.9912 22.4094 20.3604 16.6689 16.3042 19.1221 22.0096 27.7428 17.5407 17.0666
threshold=-2.4999999999999996 8.5000000000000018 -2.8462500000000008 94.965000000000018 0 12.990000000000004 0.19132350259105949 0.55703620147469068 0.96771158441119398 1 0.36794093679138323 51.250000000000007 3.5000000000000004 58.500000000000007
decision_type=8 2 8 8 9 10 8 10 8 9 8 8 2 10
left_child=-1 2 -2 -4 6 -6 -5 -8 12 13 -11 -12 -3 -10
right_child=1 8 3 4 5 -7 7 -9 9 10 11 -13 -14 -15
leaf_value=0.029868142192967396 -0.033052463462818031 -0.025338935862987105 0.018684430376655306 0.048551985049652711 0.016593783847701018 -0.058762069274281993 0.0018856755506320968 -0.022722099484425717 0.0033571381962647592 -0.00024032226659807584 -0.035228771214570756 -0.007269068924951709 0.0079913330304115012 0.038074983034940162
leaf_weight=78.952000290155411 36.5817283205688 148.23559707030654 299.38075197115541 13.086718231439589 262.47921159490943 9.2858239710330945 113.01421415433288 174.40430951490998 689.77579813823104 1244.9301784746349 101.40681517496705 671.57610309123993 53.124267723411322 36.33453444391489
leaf_count=406 282 1077 3159 76 2724 58 870 1187 3873 6746 589 3831 322 174
internal_value=-0.000245357 -0.000869904 0.00555562 0.00721196 0.00118806 0.0133245 -0.00990873 -0.0130732 -0.00285248 -0.00184172 -0.00433537 -0.0109778 -0.0165495 0.0050746
internal_weight=3932.57 3853.62 908.233 871.651 572.27 271.765 300.505 287.419 2945.38 2744.02 2017.91 772.983 201.36 726.11
internal_count=25374 24968 8356 8074 4915 2782 2133 2057 16612 15213 11166 4420 1399 4047
cat_boundaries=0 2 4
cat_threshold=3236693271 50 2182214165 49
is_linear=0
shrinkage=0.05


Tree=96
num_leaves=15
num_cat=6
split_feature=15 27 23 30 29 30 27 7 26 30 29 6 30 25
split_gain=19.8603 22.7997 22.6241 21.424 18.8421 16.6112 17.106 15.8783 28.4684 29.2158 28.6556 29.0504 28.0828 20.4509
threshold=0.0024706058469389229 0.40487074999278588 4.8987500000000006 0 1 2 0.38640686045946004 13.500000000000002 246.50000000000003 3 4 8.5000000000000018 5 4.7784579770397171
decision_type=10 8 10 9 9 9 10 2 2 9 9 10 9 10
left_child=1 2 4 -3 -1 -6 -7 13 10 -10 11 -9 -12 -2
right_child=7 3 -4 -5 5 6 -8 8 9 -11 12 -13 -14 -15
leaf_value=0.0036107292730204808 0.010556910695191589 0.015300012407258111 -0.054990126402617481 -0.0030074338866242236 -0.024142842580689747 -0.0022636328948057627 -0.036869876556651436 -0.043516564332095053 0.00035176604731776125 -0.029929006974286677 0.023680025156184517 0.00040551648217440443 0.0026116547894961305 -0.021896839207008092
leaf_weight=235.3521776124835 797.98090187832713 208.6673648096621 25.916789669543505 578.72739066556096 211.36713139340281 313.02298148348927 39.331759955734015 60.061156958341599 187.86495542153716 132.56388133391738 188.45942927151918 98.128574900329113 807.13536956161261 50.762008342891932
leaf_count=1478 7796 1373 245 3775 1116 1655 243 271 953 722 928 456 4003 357
internal_value=0.000189963 -0.00407202 -0.00987551 0.00201339 -0.00834538 -0.0131654 -0.0060488 0.00314872 1.09459e-05 -0.0131499 0.00367421 -0.0154677 0.00681495 0.00859242
internal_weight=3935.34 1612.39 824.991 787.395 799.074 563.722 352.355 2322.96 1474.21 320.429 1153.78 158.19 995.595 848.743
internal_count=25371 9885 4737 5148 4492 3014 1898 15486 7333 1675 5658 727 4931 8153
cat_boundaries=0 2 3 5 7 8 10
cat_threshold=571534848 33 790532 1120439618 50 2193738764 49 2166816 2165911566 10
is_linear=0
shrinkage=0.05


Tree=97
num_leaves=15
num_cat=3
split_feature=8 5 30 14 60 25 9 30 2 23 26 30 8 25
split_gain=22.4237 18.905 25.0163 16.8927 16.7006 15.457 15.0223 23.7996 19.4971 18.3064 26.6108 19.3411 21.4777 18.355
threshold=-2.4999999999999996 0.80020000000000013 0 -1.0000000180025095e-35 222.00000000000003 24.329587707546512 2.5000000000000004 1 -6.1135868739555388 7.2666666666666666 385.50000000000006 2 43.500000000000007 0.48094270177579751
decision_type=8 10 9 8 8 10 2 9 2 10 2 9 10 10
left_child=-1 3 -3 -2 -5 6 9 8 -8 11 13 -6 -13 -11
right_child=1 2 -4 4 5 -7 7 -9 -10 10 -12 12 -14 -15
leaf_value=0.026691329090206297 -0.029959182873413044 -0.034077880454257449 0.0062848282973004656 -0.063362565071326857 0.0083165647321970584 -0.065944279900579286 0.052392399838708026 0.01412830218246167 -0.0082479081270150339 -0.058526454810991828 0.0036124395840018207 -0.0007770350491600619 -0.018219412751092807 0.021501212935767448
leaf_weight=74.207047253847122 46.002630572766066 83.412462439388037 65.223034724593163 9.3028954789042455 525.80317622050643 7.76226882636547 13.011954855173824 433.87185328453779 246.8059327416122 44.588179755955935 53.332399658858776 2142.5389985516667 191.34265495091677 7.9659832194447509
leaf_count=385 268 641 480 57 3444 40 99 3202 1488 408 476 13269 1134 50
internal_value=-0.000349429 -0.000874565 -0.0183 -0.000174026 0.000206728 0.000385227 0.000543908 0.00716222 -0.00483632 -0.0010061 -0.0213223 -0.00024666 -0.00220479 -0.0462212
internal_weight=3945.17 3870.96 148.635 3722.33 3676.33 3667.02 3659.26 693.69 259.818 2965.57 105.887 2859.68 2333.88 52.5542
internal_count=25441 25056 1121 23935 23667 23610 23570 4789 1587 18781 934 17847 14403 458
cat_boundaries=0 2 4 6
cat_threshold=1100652622 8 3228409856 58 2186388036 12
is_linear=0
shrinkage=0.05


Tree=98
num_leaves=15
num_cat=4
split_feature=20 26 15 29 27 30 5 54 30 19 30 2 26 3
split_gain=18.0269 15.681 14.3174 19.4065 15.8277 15.5347 15.3439 24.2616 19.0205 22.1943 14.3771 14.9067 14.5239 18.3647
threshold=26.040000000000003 2948.0000000000005 1.0000000180025095e-35 0 0.48023363635565958 1 0.45481879606879622 1.0000000180025095e-35 2 1.1250000000000002 3 483.27975615065026 432.50000000000006 1.014901485490584
decision_type=10 2 10 9 8 9 10 10 9 10 9 2 2 10
left_child=1 2 3 -1 6 -6 7 8 -5 -10 12 -12 13 -4
right_child=-2 -3 10 4 5 -7 -8 -9 9 -11 11 -13 -14 -15
leaf_value=0.0090775742508513203 -0.025522284859843949 0.020128131903410035 -0.0030462339817354123 -0.021345136194580991 -0.016186851184887757 0.0056327822519867139 -0.03691866832104481 0.020233650437060133 0.0038822512424530743 -0.020437216274045225 0.0049300668045364811 -0.045940261977290731 -0.020042781642286272 0.045405869097381174
leaf_weight=238.98977912217379 66.641616635024548 98.2906344383955 310.22708256542683 275.03321580216289 92.451432999223471 375.81576943397522 50.459782816469669 65.413700379431248 276.96930542588234 140.68046204000711 1796.5833918824792 13.52537504211068 123.49782550707459 19.868085991591215
leaf_count=1325 473 785 1857 1750 633 2496 352 363 1546 807 11902 63 969 155
internal_value=6.76703e-05 0.00051391 -1.36932e-06 -0.00376069 -0.0061915 0.00107465 -0.0104722 -0.00866561 -0.01142 -0.00423751 0.00251648 0.00449995 -0.00537206 -1.62169e-06
internal_weight=3944.45 3877.81 3779.52 1515.81 1276.82 468.267 808.556 758.097 692.683 417.65 2263.7 1810.11 453.593 330.095
internal_count=25476 25003 24218 9272 7947 3129 4818 4466 4103 2353 14946 11965 2981 2012
cat_boundaries=0 1 3 5 7
cat_threshold=266242 31522884 8 1116505438 17 1613015312 5
is_linear=0
shrinkage=0.05


Tree=99
num_leaves=15
num_cat=3
split_feature=8 25 9 30 26 21 30 2 30 6 3 7 24 5
split_gain=15.6364 15.3668 15.5608 21.3533 18.8588 18.2331 23.7199 21.6915 15.2597 21.4896 16.6315 15.4401 19.0019 19.3896
threshold=-2.4999999999999996 24.329587707546512 2.5000000000000004 0 284.50000000000006 0.96485913059757167 1 70.841452578701151 2 -45.499999999999993 1.3301005039359766 13.500000000000002 0.42604654984946894 0.094305977710233038
decision_type=8 10 2 9 2 8 9 2 9 8 10 2 10 8
left_child=-1 2 5 -4 -5 6 -2 8 9 -7 11 -11 13 -13
right_child=1 -3 3 4 -6 7 -8 -9 -10 10 -12 12 -14 -15
leaf_value=0.023178525843001799 0.0097311655777250431 -0.065955360965512161 -0.0038918567007038434 0.020324453680509214 -0.0028468524326580643 -0.03451963755768403 -0.027968212675991429 -0.018139793754131713 0.0032419497823686382 0.0057841118182888175 -0.061999196718881738 0.024459195237378616 -0.02357427241657805 -0.0061313010060144437
leaf_weight=71.585124388337135 57.824104830622673 7.8768157213926306 295.9575458355248 307.43637452274561 122.44804538041353 55.084144439548254 123.58194035664201 166.67635073512793 1737.991317525506 386.14200637489557 10.686908729374407 58.419686898589134 133.56573121994734 403.3112025000155
leaf_count=375 406 41 1857 2115 1031 337 989 854 10950 3141 83 315 783 2177
internal_value=0.000186498 -0.000245008 -9.38358e-05 0.0064976 0.0134216 -0.00162236 -0.0169637 -0.000674145 0.000377197 -0.0043651 -0.00270176 -0.00199362 -0.00703993 -0.0022164
internal_weight=3938.59 3867 3859.13 725.842 429.884 3133.28 181.406 2951.88 2785.2 1047.21 992.126 981.439 595.297 461.731
internal_count=25454 25079 25038 5003 3146 20035 1395 18640 17786 6836 6499 6416 3275 2492
cat_boundaries=0 2 4 6
cat_threshold=3272450576 26 1084751872 6 1625839886 23
is_linear=0
shrinkage=0.05


Tree=100
num_leaves=15
num_cat=8
split_feature=7 15 30 30 26 30 29 5 29 27 30 30 26 30
split_gain=19.8202 18.0098 51.4146 17.7839 20.6079 21.7642 19.7981 20.018 17.6302 26.3032 32.4308 29.9488 25.8811 26.9323
threshold=13.500000000000002 5.3705192918609841 0 1 490.00000000000006 2 3 0.053873076923076933 4 0.40487074999278588 5 6 57.500000000000007 7
decision_type=2 10 9 9 2 9 9 8 9 8 9 9 2 9
left_child=8 3 -3 6 -5 -6 7 -2 -1 10 -10 -11 13 -13
right_child=1 2 -4 4 5 -7 -8 -9 9 11 -12 12 -14 -15
leaf_value=0.015701039943767169 0.054904458051458174 0.017201749759762044 -0.023357372670955646 -0.0012106415044989141 0.011872264571771481 -0.027766741942469392 -0.024272586244800141 0.010783341438594392 -0.019205665337988259 -0.013039333666728518 0.0063851342611244023 -0.028232370303566602 0.023328900858117785 0.011063910941726186
leaf_weight=269.91409804672003 28.544411212205887 99.340296514332294 282.08288951590657 1743.6821919493377 42.374283403158188 133.72521520406008 26.471429318189621 205.41416125744581 248.40649412572384 122.56566923484206 231.624795505777 50.106943309307098 298.39131676405668 141.21987402439117
leaf_count=3034 138 502 1360 9208 299 831 126 979 1485 922 1885 308 2984 1355
internal_value=-0.000338013 -0.00292911 -0.0129375 -0.00117303 -0.00284706 -0.0191128 0.0108257 0.0157086 0.00453304 0.00160329 -0.00713651 0.00848191 0.0138669 -0.000213422
internal_weight=3923.86 2561.63 381.423 2180.21 1919.78 176.099 260.43 233.959 1362.23 1092.32 480.031 612.284 489.718 191.327
internal_count=25416 13443 1862 11581 10338 1130 1243 1117 11973 8939 3370 5569 4647 1663
cat_boundaries=0 2 4 6 7 8 10 12 14
cat_threshold=2193621004 34 2685510145 17 50858048 8 61446 274469 1118424080 39 2705408006 22 1085800960 9
is_linear=0
shrinkage=0.05


Tree=101
num_leaves=15
num_cat=2
split_feature=2 18 30 56 11 7 0 30 28 7 8 28 1 25
split_gain=15.3084 14.2084 25.5357 16.6758 18.687 17.1315 20.5932 24.1958 17.1919 16.9356 21.2773 15.2748 19.423 15.818
threshold=-8.92879973205679 -1.9999999999999996 0 21.500000000000004 8.236348235794841 8.5000000000000018 90.985000000000014 1 0.35872759073529487 -1.0000000180025095e-35 15.500000000000002 0.41603875999769124 1.3342198581560285 1.1870788164844663
decision_type=2 8 9 2 2 2 8 9 10 2 10 8 8 10
left_child=-1 2 -2 5 -5 6 11 8 -8 10 -9 12 13 -3
right_child=1 3 -4 4 -6 -7 7 9 -10 -11 -12 -13 -14 -15
leaf_value=0.019053360215689208 -0.03374228313619624 -0.030179532188999339 0.001983410013192354 0.039023939319077626 -0.015438917725432967 -0.0027509135972973811 0.0039787688387473196 0.014878930585850153 -0.021106409123139103 0.01690595132008654 -0.051768284739614846 0.03406299852277514 0.025625296366432716 0.016990626539670286
leaf_weight=95.34719455242157 79.541004844009876 41.834802396595478 116.8952412866056 51.981296807527542 21.7692841142416 2769.089519854635 119.97134460508823 25.216867029666901 156.75371665880084 221.7670085914433 21.238559260964394 89.821230471134186 74.090872205793858 29.525227840989828
leaf_count=686 481 318 764 261 113 15689 758 124 1311 2539 100 1133 787 348
internal_value=-0.000630651 -0.00112689 -0.0141888 -0.00041497 0.0229564 -0.00090693 0.00563273 0.000286873 -0.00989937 0.0107617 -0.0160397 0.0179614 0.00785338 -0.0106978
internal_weight=3914.84 3819.5 196.436 3623.06 73.7506 3549.31 780.22 544.947 276.725 268.222 46.4554 235.272 145.451 71.36
internal_count=25412 24726 1245 23481 374 23107 7418 4832 2069 2763 224 2586 1453 666
cat_boundaries=0 2 4
cat_threshold=1079034946 43 3236473109 49
is_linear=0
shrinkage=0.05


Tree=102
num_leaves=15
num_cat=3
split_feature=25 11 29 7 2 30 20 4 20 2 7 56 11 34
split_gain=17.2898 14.9534 20.7476 20.6996 19.627 19.7478 20.9399 19.0533 17.7151 17.2106 16.5156 17.9053 29.7411 22.834
threshold=16.786585894359561 6.5352194998575355 0 42.500000000000007 308.65663795438849 1 12.0375 -27.245486414363977 -84.824999999999989 142.55605552318244 11.500000000000002 1.0000000180025095e-35 5.0988292135514097 2
decision_type=10 2 9 2 2 9 8 8 8 2 2 2 2 1
left_child=1 4 -3 8 5 6 -1 -7 -4 -8 -9 13 -13 -12
right_child=-2 2 3 -5 -6 7 9 10 -10 -11 11 12 -14 -15
leaf_value=0.0018994637705057557 -0.048588905661817623 -0.026461046238615039 -0.030825257665139872 -0.0094116118115646595 -0.065766782223013742 -0.029514739296945394 -0.016255694275492172 0.011884831967676547 0.0074062776557029869 0.047202512995335545 0.00020619751658033285 0.10169189151189058 0.0082538153690683343 -0.021466327403956216
leaf_weight=298.91560449823737 17.216600619256496 45.134962677955627 29.958195216953754 230.60715204104781 11.23656205832958 46.554700411856174 481.20463570579886 352.90456428006291 1493.410798009485 9.9840867146849614 556.58959508687258 7.943633370101451 185.48800152540207 154.4803210683167
leaf_count=2278 88 270 150 1397 52 340 3180 3705 9187 57 2783 44 1047 875
internal_value=9.40365e-06 0.000236086 0.0035823 0.00449521 -0.00262381 -0.00225376 -0.00842639 0.00154274 0.0066347 -0.0148725 0.00272743 -0.000854648 0.0125943 -0.0045257
internal_weight=3921.63 3904.41 1799.11 1753.98 2105.3 2094.07 790.104 1303.96 1523.37 491.189 1257.41 904.502 193.432 711.07
internal_count=25453 25365 11004 10734 14361 14309 5515 8794 9337 3237 8454 4749 1091 3658
cat_boundaries=0 1 3 4
cat_threshold=2686976 1084849414 29 2
is_linear=0
shrinkage=0.05


Tree=103
num_leaves=15
num_cat=3
split_feature=8 2 7 28 1 28 24 25 3 19 30 21 30 29
split_gain=16.0192 13.9942 14.1459 22.1317 31.1855 27.3631 21.0694 20.7855 20.5129 20.3568 23.3951 20.3356 19.9218 18.8371
threshold=-2.4999999999999996 -8.92879973205679 16.500000000000004 0.41603875999769124 1.9777667984189724 0.41519449449938023 0.6863127897476321 -0.60843292136908789 0.31574002417529229 95.717500000000015 0 1.3570291040850917 1 2
decision_type=8 2 2 8 8 10 10 10 10 8 9 8 9 9
left_child=-1 -2 3 5 6 13 9 -8 -9 10 11 -5 -6 -3
right_child=1 2 -4 4 12 -7 7 8 -10 -11 -12 -13 -14 -15
leaf_value=0.023220547976886767 0.019101204496523017 0.0050053047425520575 -0.0038062433403455789 -0.035022715980009583 -0.022825465376539292 -0.028893008716616882 0.040417387642672581 -0.12459408049572279 -0.0036381324186409991 0.032358501804483908 -0.00079376636996655804 0.034357044270358877 0.010563400626393594 -0.0095404475641874369
leaf_weight=71.755896177142859 88.279703665524721 673.80608564242721 1994.4778313152492 10.806611668318508 94.728131275624037 86.438281986862421 5.6571241319179562 6.5079657249152643 6.690970741212368 158.47350046038628 199.76444116234779 116.17092517018318 70.811377979815006 318.77248686179519
leaf_count=376 643 5699 10678 74 678 568 71 50 59 1534 1470 1034 726 1713
internal_value=-2.14238e-05 -0.000462655 -0.00092904 0.00235299 0.00948645 -0.00207855 0.0156627 -0.0349699 -0.0678522 0.0176983 0.0105109 0.0261792 -0.00930162 0.000283305
internal_weight=3903.14 3831.39 3743.11 1748.63 669.611 1079.02 504.072 18.8561 13.1989 485.215 326.742 126.978 165.54 992.579
internal_count=25373 24997 24354 13676 5696 7980 4292 180 109 4112 2578 1108 1404 7412
cat_boundaries=0 2 4 5
cat_threshold=2190731282 41 1074627330 25 831653
is_linear=0
shrinkage=0.05


Tree=104
num_leaves=15
num_cat=1
split_feature=8 1 25 28 24 5 20 7 0 5 19 29 24 10
split_gain=16.6086 19.7532 18.5062 12.7568 35.6072 21.6721 18.6751 16.9347 16.2429 15.7879 20.0901 23.2694 16.8362 18.2591
threshold=-2.4999999999999996 0.19163509180996796 16.786585894359561 0.22276707305361546 0.10258699345898421 0.048348484848484856 -81.949999999999989 43.500000000000007 99.910000000000011 0.49119756097560979 55.780000000000008 0 0.40387766346646509 7.5000000000000009
decision_type=8 8 10 10 10 8 8 2 10 8 8 9 10 2
left_child=-1 -2 3 5 -5 -3 -6 -7 9 -8 11 -11 -13 -14
right_child=1 2 -4 4 6 7 8 -9 -10 10 -12 12 13 -15
leaf_value=0.023413210070412055 -0.016280137921855301 0.034826278648813769 -0.050257370097021539 -0.037793671503532189 -0.026071336118916533 0.0068503659980800507 0.0081095230633846487 -0.016048942052189399 -0.035534241710113129 0.0088535904709820066 0.0011447335262317793 -0.030592356165098974 0.0080185759067522774 -0.037900150174702441
leaf_weight=73.328559000045061 186.42140389978886 60.423615790903568 16.965144537389278 63.014206647872925 66.430728822946548 615.00793620944023 601.56354323402047 91.952085137367249 29.808994069695473 97.09813005104661 1737.5922169089317 152.49871602281928 77.643460098654032 28.891952306032181
leaf_count=383 1453 347 86 486 358 3579 4244 680 162 524 11458 934 496 194
internal_value=4.32777e-06 -0.000450406 0.000364806 0.000615727 -0.000923299 0.0063344 -7.77745e-05 0.00385346 0.000565212 0.000977491 -0.00107456 -0.0118755 -0.0192501 -0.00467103
internal_weight=3898.64 3825.31 3638.89 3621.93 2854.54 767.384 2791.53 706.96 2725.1 2695.29 2093.72 356.132 259.034 106.535
internal_count=25384 25001 23548 23462 18856 4606 18370 4259 18012 17850 13606 2148 1624 690
cat_boundaries=0 1
cat_threshold=12290
is_linear=0
shrinkage=0.05


Tree=105
num_leaves=15
num_cat=1
split_feature=21 24 6 25 25 25 0 25 4 28 29 15 19 9
split_gain=12.5824 22.9782 13.5316 17.3859 22.5787 22.9392 21.0702 16.226 15.988 14.2988 15.8755 17.6786 17.0282 22.0586
threshold=0.84023052232273143 0.49826877660989621 27.500000000000004 0.67177670103691567 1.5152644304795369 1.0930348106329257 9.5950000000000006 16.786585894359561 -0.002731912355485699 0.23152325369689156 0 2.5546787145853069 88.715000000000018 8.5000000000000018
decision_type=8 10 10 8 8 10 10 10 8 10 9 10 10 2
left_child=1 -1 7 -4 5 -5 -6 9 -7 -2 12 -12 -11 -14
right_child=2 -3 3 4 6 8 -8 -9 -10 10 11 -13 13 -15
leaf_value=-0.042341798695450336 0.0080182051147614977 0.0069967023263437407 -0.023403553038093002 -0.0032045608030947894 -0.0052496823576709973 -0.013557073919372584 -0.048196710037839263 -0.046677170547099661 0.050989970335693635 0.0033135903930336208 -0.019700090099100974 0.0059142185766997944 -0.012150896437368731 0.035231992875490059
leaf_weight=47.098471445962787 712.87685364112258 45.849676791578531 124.54963444173336 79.578313942998648 215.03837263584137 11.596887797117232 31.995891191065311 16.384975798428059 45.994669631123543 1926.1085652895272 196.36975958198309 101.68928622081876 327.05356097966433 25.58918959274888
leaf_count=446 4028 457 1000 571 1190 74 287 85 273 12721 1195 670 2291 197
internal_value=-0.000111622 -0.0181886 0.000333473 -0.00724952 -0.00196562 0.014238 -0.0109841 0.00150222 0.0379829 0.0017563 2.14983e-05 -0.0106157 0.00145706 -0.0086227
internal_weight=3907.77 92.9481 3814.83 508.754 384.204 137.17 247.034 3306.07 57.5916 3289.69 2576.81 298.059 2278.75 352.643
internal_count=25485 903 24582 3395 2395 918 1477 21187 347 21102 17074 1865 15209 2488
cat_boundaries=0 1
cat_threshold=325409
is_linear=0
shrinkage=0.05


Tree=106
num_leaves=15
num_cat=4
split_feature=7 7 30 0 27 24 29 3 2 30 30 2 11 1
split_gain=16.9492 17.4526 21.743 19.5959 19.2626 16.7131 16.0312 27.0888 19.9678 23.7792 17.9331 20.0725 17.6307 15.8125
threshold=-43.499999999999993 8.5000000000000018 0 96.310000000000016 0.39171761472814309 0.28953423120089794 1 0.48496722032305467 51.959620629299479 2 3 483.27975615065026 6.5624792984535505 2.0919661733615227
decision_type=2 2 9 8 8 10 9 10 2 9 9 2 2 8
left_child=-1 2 3 4 5 -2 10 8 9 13 -3 12 -12 -8
right_child=1 6 -4 -5 -6 -7 7 -9 -10 -11 11 -13 -14 -15
leaf_value=-0.048432768922448258 0.015907977118601299 0.024803701099325635 0.014247447854479454 -0.010435869827838506 0.02332087455580913 -0.032757848204497619 -0.0094116041749451422 -0.017128472385862403 -0.033682749536354931 0.003446581939891555 -0.0061892799536296247 -0.063024473501636452 0.0061254763918684955 -0.052774610636052315
leaf_weight=17.086732029914856 32.478070605546236 72.772841744124889 422.80528196319938 258.15719204768538 115.02244325727224 36.480258449912071 291.46765308827162 359.23655227571726 45.939959973096848 960.09617264568806 463.64686835557222 11.165604069828985 775.21017364785075 21.749062407761812
leaf_count=87 268 367 4876 1706 1195 254 1924 2273 247 5783 2372 51 3826 148
internal_value=-0.000143386 8.24964e-05 0.00633601 -0.00153152 0.0108689 -0.0099374 -0.00172122 -0.0049468 -0.0016567 -0.000475707 0.00239165 0.000881901 0.00151536 -0.012193
internal_weight=3883.31 3866.23 864.943 442.138 183.981 68.9583 3001.28 1678.49 1319.25 1273.31 1322.8 1250.02 1238.86 313.217
internal_count=25377 25290 8299 3423 1717 522 16991 10375 8102 7855 6616 6249 6198 2072
cat_boundaries=0 2 3 5 7
cat_threshold=2154405139 54 1336595 1630936326 13 3146252 1
is_linear=0
shrinkage=0.05


Tree=107
num_leaves=15
num_cat=6
split_feature=7 30 14 44 61 28 28 30 30 24 24 29 30 30
split_gain=20.1742 17.7644 18.0491 17.1513 16.0055 15.6373 28.0496 30.0824 16.3497 17.6449 15.7509 22.6964 26.3508 17.3726
threshold=41.500000000000007 0 0.11500000000000023 2.5000000000000004 1011.5000000000001 0.41603875999769124 0.40964005372793427 1 2 0.45236740692302729 0.32809812031977337 3 4 5
decision_type=2 9 10 2 8 8 10 9 9 10 8 9 9 9
left_child=3 -2 -3 4 -1 6 8 -8 9 -6 -7 12 -12 -13
right_child=1 2 -4 -5 5 10 7 -9 -10 -11 11 13 -14 -15
leaf_value=-0.056132594986157018 -0.023755537458064271 0.0048541343086673898 -0.049202453537320938 0.029480140234366264 -0.0034561041236713694 0.021476909093259139 0.011870732876199188 -0.032485489173201813 0.0033121661595530679 -0.031397420971988631 -0.0062503401105655533 -0.032210070609321947 0.013659347978451024 -0.00080446739250708782
leaf_weight=11.126538768410681 142.12905002757907 163.11510349810123 16.045671861618757 53.496009841561317 560.20416133478284 146.78558329120278 51.326103784143925 119.35334024764597 1587.5127002522349 61.890158001333475 231.51874988526106 55.435516770929098 550.61266109347343 143.9197802580893
leaf_count=78 1109 932 114 395 3365 895 360 797 9608 482 1689 376 4171 1057
internal_value=0.000563904 -0.0114174 -0.00022114 0.00164412 0.00121279 0.00141058 -0.000887909 -0.0203562 0.000624431 -0.0061826 0.00625615 0.00396027 0.00776093 -0.0107652
internal_weight=3894.47 321.29 179.161 3573.18 3519.69 3508.56 2380.29 170.679 2209.61 622.094 1128.27 981.487 782.131 199.355
internal_count=25428 2155 1046 23273 22878 22800 14612 1157 13455 3847 8188 7293 5860 1433
cat_boundaries=0 2 4 6 7 9 11
cat_threshold=1133036616 42 3801106512 49 1085480018 16 1347847 560738309 23 1108084048 8
is_linear=0
shrinkage=0.05


Tree=108
num_leaves=15
num_cat=3
split_feature=2 2 51 30 29 2 30 3 26 27 56 2 24 3
split_gain=16.2324 25.4379 20.2359 21.2391 22.2392 19.9207 24.8135 17.5925 17.4733 20.9342 21.6562 21.6835 18.3812 22.3413
threshold=70.841452578701151 136.21144824850393 1.0000000180025095e-35 0 1 308.65663795438849 2 0.25770350374644996 52.500000000000007 0.38765958270277118 9.5000000000000018 0.90728883366607571 0.49231090934630756 1.4064089673921896
decision_type=2 2 2 9 9 2 9 8 2 10 2 2 10 10
left_child=2 7 3 4 -1 -3 -7 -2 9 10 11 -6 13 -10
right_child=1 5 -4 -5 8 6 -8 -9 12 -11 -12 -13 -14 -15
leaf_value=0.0078550865392716853 -0.04930572088806999 0.013919653491910412 0.023948194401494621 0.0039390737955817927 -0.013696508986336396 0.022388252085266951 -0.035101991654472073 -0.013534594524233463 -0.0055348566520318151 -0.039650492495564758 -0.076105107790658849 0.02839024251843705 0.013919855265158879 -0.066362382809998177
leaf_weight=297.14963004365563 47.757607012987137 129.96025856584311 95.41518734768033 2046.2527766488492 155.37007090449333 20.831855148077011 47.210313349962234 120.75767390429974 655.04046434722841 79.905488029122353 10.520868666470049 37.077291592955589 124.30630873143673 14.464727535843847
leaf_count=1829 237 663 683 13432 1023 92 239 681 4608 494 55 198 1090 102
internal_value=0.000312884 -0.00968576 0.00135778 0.000720722 -0.00407126 0.00247375 -0.0192728 -0.0239033 -0.00740891 -0.0181258 -0.00949902 -0.00548315 -0.00366517 -0.00694606
internal_weight=3882.02 366.518 3515.5 3420.09 1373.83 198.002 68.0422 168.515 1076.69 282.874 202.968 192.447 793.812 669.505
internal_count=25426 1912 23514 22831 9399 994 331 918 7570 1770 1276 1221 5800 4710
cat_boundaries=0 2 3 5
cat_threshold=1622104386 12 1315633 1572866 1
is_linear=0
shrinkage=0.05


Tree=109
num_leaves=15
num_cat=3
split_feature=7 30 0 19 27 21 19 15 3 7 11 30 30 56
split_gain=16.4102 18.3722 16.9297 15.8889 15.3745 14.2598 14.1156 15.2774 13.7154 18.1996 20.5871 18.595 17.9604 18.7075
threshold=8.5000000000000018 0 90.985000000000014 87.715000000000018 0.30606188092952707 0.84023052232273143 94.925000000000011 0.66579989934657813 0.042235013570951864 40.500000000000007 5.4308137795487701 1 2 16.500000000000004
decision_type=2 9 8 10 8 8 10 10 8 2 2 9 9 2
left_child=1 2 4 -3 -1 -2 7 -4 -7 12 -11 -12 -10 -14
right_child=5 3 6 -5 -6 8 -8 -9 9 10 11 -13 13 -15
leaf_value=-0.010186438050720462 -0.025678806575754443 0.019829702881491829 -0.022253985603947403 -0.0027512375241473212 0.023106184950272585 0.0063812040184257198 0.027453048922144171 0.0010228806976842178 0.0064791827770545934 0.030367419435523582 0.013861065978539564 -0.023808518075408673 -0.0050979651118020601 0.018206960461814217
leaf_weight=50.060494415462017 58.387966612353921 309.28544113785028 141.45992778241634 103.71893820539117 108.47112429887056 525.9434514567256 25.510179977864027 139.37169508635998 578.69324225187302 22.257248759269714 34.289156176149845 212.33570156991482 1494.67856920138 90.401352718472481
leaf_count=381 573 3486 876 981 1239 3025 245 1168 3190 164 184 1400 8167 410
internal_value=0.000330958 0.0063435 -0.000608559 0.0138318 0.0125952 -0.00142009 -0.00748005 -0.0107395 -0.000932824 -0.0025161 -0.0147593 -0.0189381 -0.000988578 -0.00373464
internal_weight=3894.86 877.878 464.873 413.004 158.532 3016.99 306.342 280.832 2958.6 2432.66 268.882 246.625 2163.77 1585.08
internal_count=25489 8376 3909 4467 1620 17113 2289 2044 16540 13515 1748 1584 11767 8577
cat_boundaries=0 2 4 6
cat_threshold=2179470354 55 1052948 16 2186502729 56
is_linear=0
shrinkage=0.05


Tree=110
num_leaves=15
num_cat=1
split_feature=7 30 44 1 3 11 0 19 7 11 28 25 24 27
split_gain=13.5175 26.1932 21.4077 18.6721 17.6913 17.2006 16.3041 28.4246 24.9412 20.8218 17.9511 16.2405 15.7006 31.0131
threshold=21.500000000000004 0 2.5000000000000004 0.23570261437908499 0.013833047518044561 5.5258512273062355 72.030000000000015 94.925000000000011 7.5000000000000009 6.6381553968589087 0.37998314964055174 11.732221978744528 0.42604654984946894 0.42293166937002741
decision_type=2 9 2 8 8 2 8 8 2 2 8 10 10 8
left_child=2 3 6 -2 5 -3 12 8 9 10 -8 -9 13 -1
right_child=1 4 -4 -5 -6 -7 7 11 -10 -11 -12 -13 -14 -15
leaf_value=0.0028764515523976185 -0.034530148355410351 -0.024574674601410683 0.039096913851580636 -0.008250541207781242 -0.0010583842874814561 0.025633088570548926 0.018105260817085921 0.0055452249805259812 -0.01709280329507679 0.022334141281538392 -0.013385215776236973 -0.051253053451540992 -0.0037075011983462532 0.028102804104465313
leaf_weight=293.53320151939988 79.319056320935488 19.11163842305541 39.065102860331535 434.52677970007062 732.98916512355208 117.47249324992299 58.797304585576057 1046.4265435524285 366.679124109447 89.117131143808365 185.66454866528511 11.746044829487799 183.5990556627512 207.60578370094299
leaf_count=1894 825 125 330 2487 3772 663 453 7494 2189 820 1531 58 1278 1478
internal_value=0.000635609 -0.00332343 0.00284254 -0.0121307 0.00200521 0.0184802 0.0022471 -0.000302902 -0.00811096 0.0017837 -0.00576831 0.00486695 0.00878647 0.0133621
internal_weight=3865.65 1383.42 2482.23 513.846 869.573 136.584 2443.17 1758.43 700.258 333.579 244.462 1058.17 684.738 501.139
internal_count=25397 7872 17525 3312 4560 788 17195 12545 4993 2804 1984 7552 4650 3372
cat_boundaries=0 2
cat_threshold=1120688208 8
is_linear=0
shrinkage=0.05


Tree=111
num_leaves=15
num_cat=3
split_feature=5 25 24 28 0 27 23 30 24 24 9 30 27 30
split_gain=12.8903 13.0549 12.6752 14.34 12.2752 13.6945 17.2871 19.1671 18.4146 21.8255 21.5145 18.8323 19.8518 16.8234
threshold=0.89645768025078387 24.329587707546512 1.0000000180025095e-35 0.077346568403709529 98.010000000000005 0.48023363635565958 7.2666666666666666 0 0.3870641129450807 0.3582826996083886 1.0000000180025095e-35 1 0.39656540837245219 2
decision_type=10 10 8 8 10 8 10 9 10 10 2 9 10 9
left_child=1 2 -1 -4 5 6 7 -5 9 -9 -11 -10 -13 -7
right_child=-2 -3 3 4 -6 13 -8 8 11 10 -12 12 -14 -15
leaf_value=-0.04024024827447871 -0.01788293622440313 -0.060472617781435728 0.03692688870997976 0.011909803733066387 -0.01824430378616115 -0.0046999466751826424 -0.024434379128095662 -0.0011775837733857526 0.0036645700481157742 0.032499862727698559 -0.00073585982359920029 -0.032425839903763028 -0.0065113385813281082 0.010034827191892094
leaf_weight=17.70678448677063 94.940271373838186 7.7088644057512274 26.601629890501499 288.49900721758604 82.13403133675456 258.50924857705832 73.420839335769415 1654.1740982085466 158.53771406039596 100.18436075374484 93.776305627077818 133.25974901765585 165.81920040398836 726.53562272712588
leaf_count=110 767 46 137 1972 505 1918 646 9551 1233 570 685 840 1141 5403
internal_value=0.000216733 0.00067511 0.000815806 0.00101972 0.000754152 0.00118622 -0.000674583 7.00718e-06 -0.0015318 0.000686607 0.0165097 -0.0105064 -0.017543 0.00622118
internal_weight=3881.81 3786.87 3779.16 3761.45 3734.85 3652.72 2667.67 2594.25 2305.75 1848.13 193.961 457.617 299.079 985.045
internal_count=25524 24757 24711 24601 24464 23959 16638 15992 14020 10806 1255 3214 1981 7321
cat_boundaries=0 2 4 6
cat_threshold=2689605646 4 1132467776 42 2713714702 3
is_linear=0
shrinkage=0.05


Tree=112
num_leaves=15
num_cat=3
split_feature=14 7 26 23 30 30 7 26 24 15 4 11 15 30
split_gain=15.2075 12.809 21.7671 26.8267 27.1774 25.7837 19.0835 16.3488 17.5369 15.8795 14.469 19.6271 15.4338 28.8749
threshold=-1.0000000180025095e-35 13.500000000000002 203.50000000000003 15.212083333333334 0 1 -27.499999999999996 184.50000000000003 0.30038672615224554 1.0000000180025095e-35 -16.972298289093299 6.1337016384433714 4.925345363439642 2
decision_type=8 2 2 10 9 9 2 2 10 10 8 2 10 9
left_child=-1 2 3 4 -2 -4 -6 8 -8 -10 11 -3 -12 -14
right_child=1 10 5 -5 6 -7 7 -9 9 -11 12 -13 13 -15
leaf_value=-0.028764661674735049 -0.011300732616292518 -0.043333723254485451 -0.0091812993745291251 -0.053998498960654187 -0.04354987765840744 0.017406706216914515 0.025652399914024494 -0.063524370381911208 -0.0091139034763714905 0.013802920904840407 0.00090934056302237874 -0.0038056561300303425 0.014598309665586296 -0.016317512207409651
leaf_weight=44.780325073748827 289.54998845607042 47.225099634379148 111.2273362763226 22.239141561090946 16.339767381548882 421.60881992802024 141.27822371944785 6.4764898642897597 127.01388263329864 183.81083018705249 1954.8429212868214 90.662621572613716 89.576974928379059 326.54767936840653
leaf_count=267 2041 286 920 169 71 4372 1258 55 991 2061 10469 495 449 1575
internal_value=-0.000117684 0.00022482 0.00421091 -0.00107577 0.00053233 0.0120038 0.00782829 0.00992007 0.0111101 0.00443911 -0.00187252 -0.0175581 -0.000953283 -0.0096846
internal_weight=3873.18 3828.4 1319.54 786.708 764.469 532.836 474.919 458.579 452.103 310.825 2508.86 137.888 2370.97 416.125
internal_count=25479 25212 11938 6646 6477 5292 4436 4365 4310 3052 13274 781 12493 2024
cat_boundaries=0 2 4 6
cat_threshold=3264775184 48 555962375 22 2193620996 34
is_linear=0
shrinkage=0.05


Tree=113
num_leaves=15
num_cat=4
split_feature=24 28 6 7 29 30 30 8 26 11 28 30 11 9
split_gain=14.0603 16.9778 14.8609 14.6253 15.0396 25.9988 23.594 18.291 18.1498 16.7728 17.0255 19.6512 20.0137 16.0518
threshold=1.0000000180025095e-35 0.077346568403709529 23.500000000000004 8.5000000000000018 0 1 2 38.500000000000007 359.00000000000006 6.4172223323443918 0.31822932684371602 3 7.9089382918499966 1.5000000000000002
decision_type=8 8 8 2 9 9 9 8 2 2 8 9 2 2
left_child=-1 2 -2 -3 6 -6 -5 -7 9 -8 11 13 -13 -11
right_child=1 3 -4 4 5 7 8 -9 -10 10 -12 12 -14 -15
leaf_value=-0.044645608598692099 -0.0046855408173295966 0.0055275614727065834 0.070934722968285666 0.017518313797345753 -0.01467681288289939 0.0015733919657007279 -0.0071168727793853113 -0.016585847381913973 -0.019900348158482083 0.0003655042549376251 0.016263952131426753 0.016104417198167405 -0.011568565581459134 -0.042050655196864968
leaf_weight=16.631545938551426 10.857399363070725 868.49534991383553 14.753797084093096 199.25727371871471 480.23807610571384 1004.4197256136686 365.56656521186233 159.8593365252018 110.42417862638831 42.489839315414429 255.06743220612407 182.14177691563964 100.69550848379731 45.912877976894379
leaf_count=104 55 8405 73 971 3377 5928 1832 930 661 212 1335 855 463 204
internal_value=-9.77225e-05 0.000106784 0.0399055 -0.000170815 -0.00185199 -0.00501105 0.00216214 -0.000924095 -0.000759383 0.00138181 0.0063458 -0.000494039 0.00603368 -0.0196858
internal_weight=3856.81 3840.18 25.6112 3814.57 2946.07 1644.52 1301.56 1164.28 1102.3 991.874 626.307 371.24 282.837 88.4027
internal_count=25405 25301 128 25173 16768 10235 6533 6858 5562 4901 3069 1734 1318 416
cat_boundaries=0 1 3 5 7
cat_threshold=1336611 1094589772 12 3940876 5 1644204368 16
is_linear=0
shrinkage=0.05


Tree=114
num_leaves=15
num_cat=4
split_feature=11 29 5 30 29 6 30 19 8 15 7 27 11 6
split_gain=15.0431 24.2945 17.043 16.7217 18.7588 28.108 22.0759 21.7787 25.6858 22.2123 21.3281 19.8313 17.5407 17.262
threshold=6.5352194998575355 0 0.66233250490516682 1 2 60.500000000000007 3 73.000000000000014 43.500000000000007 9.6842852579735119 23.500000000000004 0.060086247645375478 5.72337263851741 -22.499999999999996
decision_type=2 9 10 9 9 10 9 8 8 10 2 8 2 8
left_child=2 -2 3 -1 5 -5 13 12 9 10 -9 -12 -8 -6
right_child=1 -3 -4 4 6 -7 7 8 -10 -11 11 -13 -14 -15
leaf_value=0.0074288422448502041 -0.024852431059911043 0.0047827458197331196 -0.020518740029149076 0.0059658454300442398 0.0047352544696969163 0.088872340602338173 -0.034425838667786486 0.014704505281663258 -0.014672021672568312 -0.022538658197726713 0.060589883877590595 -0.010042990582059701 -0.0045288608821105886 -0.025294161776266918
leaf_weight=406.28768481314182 61.381233524531126 1715.2140778116882 124.1322157420218 198.27368782833219 60.598307676613331 9.7931696325540525 85.802838250994682 419.63142209500074 203.92776297405362 62.526223096996546 9.5654169097542745 168.22074335440993 113.65310962870717 221.63365174084902
leaf_count=3035 357 10631 981 1348 497 57 590 2844 1253 432 54 1032 756 1562
internal_value=0.000253221 0.00363254 -0.00262793 -0.00148491 -0.00384229 0.00980546 -0.00601507 -0.00262504 0.000794744 0.00558906 0.00856568 -0.00592509 -0.0174977 -0.0182096
internal_weight=3860.64 1776.6 2084.05 1959.91 1553.63 208.067 1345.56 1063.33 863.872 659.944 597.418 177.786 199.456 282.232
internal_count=25429 10988 14441 13460 10425 1405 9020 6961 5615 4362 3930 1086 1346 2059
cat_boundaries=0 1 3 4 6
cat_threshold=2688032 2734858761 40 1577378 1088685328 16
is_linear=0
shrinkage=0.05


Tree=115
num_leaves=15
num_cat=1
split_feature=31 26 24 11 2 51 25 26 3 24 25 26 6 29
split_gain=13.2483 16.7084 20.3716 16.5893 17.5048 15.825 14.88 14.3725 20.4364 19.5539 14.2668 43.5753 20.5301 17.6705
threshold=2.5000000000000004 57.500000000000007 0.14842074852502385 6.0187025850258582 -0.0017448529702202007 1.0000000180025095e-35 0.26648531421269067 891.00000000000011 1.4988565335941997 0.45408658340178337 7.8454301265326398 95.500000000000014 -24.499999999999996 0
decision_type=2 2 8 2 2 2 10 2 10 10 10 2 8 9
left_child=1 2 6 -3 -5 7 -1 10 9 -9 13 12 -12 -2
right_child=5 3 -4 4 -6 -7 -8 8 -10 -11 11 -13 -14 -15
leaf_value=-0.019954885644629931 0.00884627764593072 -0.0074779735877249986 -0.0099420235934066792 0.038164050323921186 0.0031880622510739366 0.039379457837054273 0.041233447119809488 0.011738286628648648 -0.090297987913772484 -0.047341023985356834 0.013437921428672547 0.052977039184726418 -0.056853320852699618 -0.0023745612492062592
leaf_weight=13.277902800589798 935.85685405321419 409.02296370081604 800.48373007401824 36.279587972909212 894.91424505412579 28.938834503293037 33.32317503541708 39.255556274205446 7.9311971776187411 20.532070375978947 13.396996129304169 15.640625827014444 40.638504032045603 555.68578141182661
leaf_count=81 5848 3271 4904 258 6173 252 205 294 49 132 65 69 221 3530
internal_value=-1.59188e-05 -0.00257057 -0.0080629 0.000904276 0.00459022 0.00335406 0.0237463 0.00269028 -0.0196931 -0.00899556 0.00367316 -0.0182841 -0.0394985 0.00471044
internal_weight=3845.18 2187.3 847.085 1340.22 931.194 1657.88 46.6011 1628.94 67.7188 59.7876 1561.22 69.6761 54.0355 1491.54
internal_count=25352 14892 5190 9702 6431 10460 286 10208 475 426 9733 355 286 9378
cat_boundaries=0 1
cat_threshold=1364003
is_linear=0
shrinkage=0.05


Tree=116
num_leaves=15
num_cat=3
split_feature=8 5 30 28 24 30 0 10 6 1 18 4 30 4
split_gain=15.03 12.3811 20.0666 12.0871 28.826 18.055 19.3909 17.2061 22.6804 16.7168 16.0664 14.8855 19.5221 20.241
threshold=-2.4999999999999996 0.80020000000000013 0 0.22276707305361546 0.10258699345898421 1 90.605000000000004 13.500000000000002 21.500000000000004 0.68801229508196726 -0.02499999999999902 -1.4928362296687394 2 0.38432091005304697
decision_type=8 10 9 10 10 9 10 2 8 8 8 8 9 10
left_child=-1 3 -3 11 -5 7 -7 8 9 -6 -10 -2 13 -13
right_child=1 2 -4 4 5 6 -8 -9 10 -11 -12 12 -14 -15
leaf_value=0.022294955390347315 -0.0077533832286477899 -0.029169158788517047 0.0075951952284964404 -0.035745919505249829 0.020695573694772044 -0.0029940128060089223 -0.02975614204788217 0.018359471898115352 0.022391200624248181 0.0014913984971240911 -0.021985626262186284 0.039237566849722183 0.0037318046169418024 -0.0023119147412040439
leaf_weight=71.308924488723278 166.1303571946919 81.71429704874754 60.064253345131874 59.621744709089398 137.92766403034329 1661.3138382919133 69.583932772278786 177.31443779170513 23.054117821156979 615.76849061436951 138.58210234716535 95.83087494596839 457.67194493114948 41.883516132831573
leaf_count=378 1152 689 448 486 752 10546 530 1136 143 4757 987 576 2647 266
internal_value=-0.000286302 -0.00071734 -0.0151609 -0.00015148 -0.00163156 -0.0008988 -0.00406298 0.00411236 0.00138032 0.00502856 -0.0155574 0.005447 0.00913713 0.0248817
internal_weight=3857.77 3786.46 141.779 3644.68 2883.17 2823.54 1730.9 1092.65 915.332 753.696 161.636 761.517 595.386 137.714
internal_count=25493 25115 1137 23978 19337 18851 11076 7775 6639 5509 1130 4641 3489 842
cat_boundaries=0 2 3 5
cat_threshold=1092282446 8 1138439757 543181134 21
is_linear=0
shrinkage=0.05


Tree=117
num_leaves=15
num_cat=4
split_feature=9 20 30 55 7 30 24 23 30 0 27 30 25 8
split_gain=13.911 14.3804 15.4527 15.2092 13.6729 21.8544 18.2256 27.9848 22.3735 23.0669 19.2585 18.8368 22.4089 21.3211
threshold=2.5000000000000004 -88.794999999999987 0 7.5000000000000009 27.500000000000004 1 0.39116397497453809 18.59354166666667 2 29.020000000000007 0.39656540837245219 3 0.61087613364557003 50.500000000000007
decision_type=2 8 9 8 2 9 8 10 9 8 8 9 8 8
left_child=4 -2 3 -3 6 -6 7 8 9 -1 -8 -12 -13 -14
right_child=1 2 -4 -5 5 -7 10 -9 -10 -11 11 12 13 -15
leaf_value=0.037494934477379172 -0.039274527266815885 0.05236681376950543 0.012648906012619568 -0.0048240189028691529 -0.019215098277231654 -0.0013599511990807589 -0.023129725744553346 -0.051475485436732617 0.00054783781449646183 0.0076175150643115717 -0.014049107653883831 0.01607410733587189 -0.0017863836130901927 -0.051263850281414496
leaf_weight=87.357867147773504 16.454914800822735 11.136255931109188 417.3063940461725 275.97846768051386 264.53742197901011 472.69615083932877 137.17845732718706 22.158675607293844 1150.5444885343313 243.08003387600183 237.33244930952787 194.17844158411026 287.81168075278401 22.56376800313592
leaf_count=497 86 65 3217 1735 1878 2707 877 247 6970 1629 1659 1730 1996 126
internal_value=-0.000670549 0.0055847 0.00668678 -0.00235014 -0.00211741 -0.00806287 -0.000274827 0.00306919 0.00391948 0.0151485 -0.00598985 -0.00279374 0.00274156 -0.0055364
internal_weight=3840.32 720.876 704.421 287.115 3119.44 737.234 2382.21 1503.14 1480.98 330.438 879.065 741.886 504.554 310.375
internal_count=25419 5103 5017 1800 20316 4585 15731 9343 9096 2126 6388 5511 3852 2122
cat_boundaries=0 2 4 6 8
cat_threshold=2171445778 26 59005016 11 2718171221 11 2684409886 46
is_linear=0
shrinkage=0.05


Tree=118
num_leaves=15
num_cat=3
split_feature=8 60 28 30 11 6 8 3 28 30 54 29 1 8
split_gain=13.2168 13.0043 14.0345 15.9981 19.7933 16.5619 16.252 14.7835 14.5775 12.9579 23.8146 13.9699 18.0598 18.6747
threshold=-2.4999999999999996 222.00000000000003 0.45145531057158766 0 6.1420589105012331 30.500000000000004 45.500000000000007 0.57949135795641393 0.47948845190271655 1 49.500000000000007 2 0.21964620745108551 70.500000000000014
decision_type=8 8 8 9 2 10 8 10 8 9 10 9 10 10
left_child=-1 -2 9 4 -4 6 7 8 -5 10 11 -3 -13 -14
right_child=1 2 3 5 -6 -7 -8 -9 -10 -11 -12 12 13 -15
leaf_value=0.021353576967345321 -0.057370900696537823 -0.013885999724179296 0.0002588580166773458 0.02956399370275541 0.023006332441997776 -0.040027579818749028 -0.018007242122734562 0.020858935709447655 -0.0035503939886949044 0.00027959692939248524 0.031653209141416144 -0.032504727330459546 0.0050318499931333799 -0.043402258660018025
leaf_weight=69.20806485041976 9.0397438406944257 514.00600091740489 172.91678712144494 36.198280572891235 213.01797719672322 24.428643450140953 90.42257758975029 111.15719646401703 310.88963357359171 1854.541380783543 37.409639552235603 40.75295926630497 341.35395982861519 20.132421810179949
leaf_count=370 59 3144 1352 215 1509 197 618 1075 2127 11832 190 336 2249 113
internal_value=-0.000141631 -0.000541125 -0.000389569 0.00482958 0.0125179 -0.000568805 0.00124732 0.00507763 -2.18374e-05 -0.00217305 -0.00686892 -0.00854943 -0.00133504 0.00222209
internal_weight=3845.48 3776.27 3767.23 959.031 385.935 573.096 548.668 458.245 347.088 2808.2 953.655 916.245 402.239 361.486
internal_count=25386 25016 24957 7093 2861 4232 4035 3417 2342 17864 6032 5842 2698 2362
cat_boundaries=0 2 4 5
cat_threshold=2148789530 58 1101499664 26 1163266
is_linear=0
shrinkage=0.05


Tree=119
num_leaves=15
num_cat=2
split_feature=7 3 29 3 25 26 3 19 28 8 11 56 30 11
split_gain=12.8808 20.092 22.1576 28.9304 25.6248 24.4683 18.9811 20.618 19.5634 18.9041 19.5469 20.1473 17.5418 16.9921
threshold=13.500000000000002 0.050085427500924637 0 0.87737359394258052 5.0393473557601682 246.50000000000003 0.45046138435033828 1.1250000000000002 0.41603875999769124 24.500000000000004 5.8302975921921094 4.5000000000000009 1 6.1852616717181528
decision_type=2 8 9 10 10 2 10 10 8 8 2 2 9 2
left_child=-1 9 3 5 6 13 7 8 -4 10 -2 -12 -7 -3
right_child=1 2 4 -5 -6 12 -8 -9 -10 -11 11 -13 -14 -15
leaf_value=0.0041288493204030387 -0.006242651925393668 -0.009785282225904442 -0.0026055794549278734 0.039004934265780986 -0.060782331749949847 -0.002605052947856369 -0.019035695923255245 -0.013129050304005772 0.022225330195068317 -0.013377092876632097 0.013512972514717617 0.058584136857306027 -0.038419378461424673 0.0078435309560135717
leaf_weight=1302.840994944796 119.9015183635056 184.1274456307292 341.17858562618494 47.792170830070972 22.505092907696962 88.019451454281807 283.88407249003649 344.3672277610749 102.28829163312912 96.517128888517618 295.6877431627363 26.231946691870689 54.870276607573032 521.9444587379694
leaf_count=11900 728 838 1937 226 129 428 1468 2007 562 530 1798 171 256 2370
internal_value=9.16605e-05 -0.00198869 -0.00430591 0.00154744 -0.00903162 -0.000586426 -0.00797345 -0.00396826 0.00315894 0.00657334 0.0109519 0.0173557 -0.0193804 0.003239
internal_weight=3832.16 2529.32 1990.98 896.754 1094.22 848.962 1071.72 787.834 443.467 538.338 441.821 321.92 142.89 706.072
internal_count=25348 13448 10221 4118 6103 3892 5974 4506 2499 3227 2697 1969 684 3208
cat_boundaries=0 1 3
cat_threshold=288003 41992192 49
is_linear=0
shrinkage=0.05


Tree=120
num_leaves=15
num_cat=0
split_feature=7 0 27 28 28 14 3 26 26 24 31 51 0 27
split_gain=14.2606 20.1054 17.1693 14.2087 23.3752 19.206 16.8881 17.9121 15.9099 14.1851 12.3085 22.1055 21.7741 19.9923
threshold=10.500000000000002 96.985000000000014 0.60802031245624832 0.41603875999769124 0.41398414154664731 -0.21874999999999997 1.4064089673921896 1003.0000000000001 50.500000000000007 0.40272506282326442 2.5000000000000004 1.0000000180025095e-35 83.010000000000005 0.50044998476661273
decision_type=2 10 8 8 10 10 10 2 2 10 2 2 10 8
left_child=1 3 -3 4 5 6 -1 -8 9 -5 12 -12 13 -2
right_child=10 2 -4 8 -6 -7 7 -9 -10 -11 11 -13 -14 -15
leaf_value=0.0032473410980697506 -0.00754690707204431 -0.00049754091002810125 -0.042242234058611404 0.028252079264682692 -0.028386465882893282 0.02572221425101219 0.011953481830106968 -0.09366002461036621 0.027143653444584772 -0.0038429741601422231 0.00081100351253115058 0.051618447813766954 -0.038162891749450353 0.0052900395726059105
leaf_weight=368.41878595203161 1052.5062454137951 69.984587959945202 37.029282949864864 46.763699816539884 53.529065575450659 98.524875059723854 6.6534242443740359 8.3990173265337926 159.34676351584494 122.62067467160523 1321.2943942025304 20.761900372803211 46.756501823663712 425.10817614197731
leaf_count=3371 6001 490 231 511 388 1072 56 65 2183 1116 7137 141 271 2425
internal_value=-8.21907e-05 0.00515073 -0.0151995 0.0076852 0.00265209 0.00615078 0.00106848 -0.0491406 0.0158516 0.00513165 -0.00185651 0.00163485 -0.00492937 -0.00385265
internal_weight=3837.7 971.27 107.014 864.256 535.525 481.996 383.471 15.0524 328.731 169.384 2866.43 1342.06 1524.37 1477.61
internal_count=25458 9483 721 8762 4952 4564 3492 121 3810 1627 15975 7278 8697 8426
is_linear=0
shrinkage=0.05


Tree=121
num_leaves=15
num_cat=2
split_feature=7 29 20 26 23 27 1 29 0 27 15 27 31 21
split_gain=12.7649 19.9192 18.1518 18.5932 22.4971 17.0765 14.9527 14.4556 14.7716 14.303 13.8866 15.0803 14.6964 16.7476
threshold=10.500000000000002 0 12.990000000000004 223.00000000000003 4.8231250000000001 0.49701866720514659 2.9936708860759498 1 8.0150000000000023 0.16744753716708366 6.8541882647891645 0.70006158741110591 2.5000000000000004 0.96366140350522478
decision_type=2 9 10 2 10 8 10 9 8 10 10 10 2 8
left_child=1 -1 3 4 9 -4 -5 8 -2 -3 11 12 13 -9
right_child=7 2 5 6 -6 -7 -8 10 -10 -11 -12 -13 -14 -15
leaf_value=0.026425908718483944 0.0059668038514970705 0.019275740277714799 0.0081129621649640923 0.018425022847025907 -0.049132023214687286 -0.042293974859906054 -0.012351124419959114 -0.024059914009758022 -0.060601019511001192 -0.0033565836380881984 -0.011354652286222629 0.04473333876505501 0.0032982034258784865 -0.0027961971544475809
leaf_weight=82.140954554080963 12.423310488462446 83.554374184459448 27.351459980010986 261.73251616023481 22.871639994904399 41.440267138183117 45.72185118868947 99.169474814087152 23.324090503156185 399.31883870065212 331.59917184337974 17.306890167295933 1160.2930524274707 1232.0649640485644
leaf_count=1148 75 604 238 3050 183 279 458 796 121 3453 1841 91 6297 6834
internal_value=-0.00054823 0.00442784 0.00202926 0.00414772 -0.00174983 -0.0224232 0.0138231 -0.00221723 -0.0298192 0.000591363 -0.00174838 -0.000481646 -0.000813544 -0.0043971
internal_weight=3840.31 964.132 881.991 813.199 505.745 68.7917 307.454 2876.18 35.7474 482.873 2840.43 2508.83 2491.53 1331.23
internal_count=25468 9413 8265 7748 4240 517 3508 16055 196 4057 15859 14018 13927 7630
cat_boundaries=0 1 2
cat_threshold=4100 2621440
is_linear=0
shrinkage=0.05


Tree=122
num_leaves=15
num_cat=2
split_feature=20 5 24 29 7 26 27 26 29 27 54 15 7 23
split_gain=12.984 13.0357 21.2414 20.3596 13.2564 18.6385 19.9204 17.8575 20.075 18.4298 15.3262 17.726 15.0464 17.278
threshold=-88.794999999999987 0.32670000000000005 0.43450793127009191 0 10.500000000000002 490.00000000000006 0.28685034707976559 3280.5000000000005 1 0.69081911450168987 31.500000000000004 4.6160162541980094 34.500000000000007 4.8987500000000006
decision_type=8 8 10 9 2 2 10 2 9 10 8 8 2 8
left_child=-1 2 3 -2 7 10 -7 8 9 -3 12 -12 13 -6
right_child=1 4 -4 -5 5 6 -8 -9 -10 -11 11 -13 -14 -15
leaf_value=-0.025672300405536943 0.0023273286222425917 0.025433575717479603 -0.0099589863265329859 0.023619531186597306 0.024927134937459308 -0.071643315233087798 -0.012277555822497238 0.045767483418458918 -0.0009502272762448756 -0.056526040662375571 0.004666075824983928 -0.0050655292838397703 -0.039764769270465641 -0.017265685623654641
leaf_weight=49.559935873374343 271.57528210803866 125.99464324302971 147.72446704097092 192.77718486636877 31.303475733846426 14.000681601464747 264.60665342211723 23.773129772394896 677.66476504690945 6.324311524629592 894.88497821241617 978.57895757444203 46.916113667190075 96.91444344446063
leaf_count=291 1763 1461 1103 1188 186 84 1692 346 6212 47 4676 5409 441 505
internal_value=-0.000502473 -0.000165146 0.00650754 0.0117562 -0.00145887 -0.0033967 -0.0155064 0.00394765 0.00266531 0.0196479 -0.00174303 -0.000417089 -0.0158442 -0.00685143
internal_weight=3822.6 3773.04 612.077 464.352 3160.96 2327.21 278.607 833.757 809.984 132.319 2048.6 1873.46 175.134 128.218
internal_count=25404 25113 4054 2951 21059 12993 1776 8066 7720 1508 11217 10085 1132 691
cat_boundaries=0 1 2
cat_threshold=49296 3412484
is_linear=0
shrinkage=0.05


Tree=123
num_leaves=15
num_cat=4
split_feature=7 7 25 3 0 30 29 2 29 0 30 14 31 7
split_gain=13.1299 13.3484 14.2802 26.133 14.802 12.6572 16.6098 18.4527 21.5664 19.1748 18.7149 16.5118 15.3658 16.6792
threshold=-43.499999999999993 17.500000000000004 7.8454301265326398 0.86063496606361978 99.910000000000011 0 1 5.611066163617263 2 37.960000000000008 3 3.4075000000000002 2.5000000000000004 35.500000000000007
decision_type=2 2 10 10 10 9 9 2 9 8 9 10 2 2
left_child=-1 2 4 -4 -2 11 12 10 -9 -10 -8 -3 13 -7
right_child=1 5 3 -5 -6 6 7 8 9 -11 -12 -13 -14 -15
leaf_value=-0.041950689658315096 0.0043099252378924167 0.013019796627103933 -0.045452512133060008 0.041731466022241204 -0.026328190814073546 0.003922573908427005 -0.018984217224116147 0.0037460091441356065 0.0055328376160681814 -0.059959440683654192 -0.0020043774573290478 -0.044264800877550026 0.013609930717115297 -0.020338664096366525
leaf_weight=17.55210255458951 1911.710302663967 185.43556401133537 34.313892509788275 10.496343422681091 39.266528811305761 220.64615356177092 197.52255582436919 45.053574360907078 13.729322396218775 55.553371958434582 770.35693772137165 12.518989235162733 205.09996212273836 103.17478140443563
leaf_count=92 14909 941 187 58 212 955 1389 221 68 259 4652 85 907 523
internal_value=1.05292e-05 0.00021507 0.00303395 -0.0245654 0.00368011 -0.00289467 -0.00435756 -0.00788884 -0.026873 -0.041222 -0.00570223 0.0087528 0.00288126 -0.00384628
internal_weight=3822.43 3804.88 1995.79 44.8102 1950.98 1809.09 1611.14 1082.22 114.336 69.2827 967.879 197.955 528.921 323.821
internal_count=25458 25366 15366 245 15121 10000 8974 6589 548 327 6041 1026 2385 1478
cat_boundaries=0 2 3 4 6
cat_threshold=2685411349 18 1328160 8198 10885378 8
is_linear=0
shrinkage=0.05


Tree=124
num_leaves=15
num_cat=1
split_feature=60 25 2 11 14 11 20 29 11 26 7 8 27 2
split_gain=14.8341 12.3889 12.0639 11.1834 10.9359 10.2444 11.091 10.0239 19.4063 21.8274 20.9475 16.6426 16.1326 12.078
threshold=222.00000000000003 24.329587707546512 543.74592200189898 10.461220044647936 -1.0000000180025095e-35 6.6703478663268649 -39.994999999999997 0 6.8272497161675885 17.500000000000004 6.5000000000000009 7.5000000000000009 0.37785987889287009 -8.92879973205679
decision_type=8 10 2 2 8 2 8 9 2 2 2 10 10 2
left_child=-1 2 3 4 5 -2 -7 8 9 10 -6 -11 -12 -9
right_child=1 -3 -4 -5 7 6 -8 13 -10 11 12 -13 -14 -15
leaf_value=-0.062687013664351851 0.0064526078110210888 -0.059893888292874314 -0.045892879328847558 -0.042430718055531981 0.051206858610601251 -0.070939384081941809 -0.007617325087864237 0.020610360346713406 -0.04461408205614565 0.024852024886043905 0.018837449481534017 -0.039354799135255386 -0.047793390776080164 0.00090472452118029161
leaf_weight=8.4567706957459432 17.020474573597312 7.6105784252285948 13.174187358468769 14.235197767615317 26.004677470773458 14.440164878964422 13.010039750486614 78.535283485427499 34.269290458410978 12.328153237700461 22.894255075603724 43.203253593295813 13.682269740849732 3491.3395807333291
leaf_count=54 119 48 64 69 264 66 93 600 211 63 134 257 88 23247
internal_value=-0.000142486 1.30893e-05 0.000149005 0.000321524 0.000494311 -0.0238782 -0.0422505 0.00079183 -0.0113273 -0.00232689 0.0177917 -0.0249132 -0.0066959 0.00134014
internal_weight=3810.2 3801.75 3794.14 3780.96 3766.73 44.4707 27.4502 3722.26 152.382 118.113 62.5812 55.5314 36.5765 3569.87
internal_count=25377 25323 25275 25211 25142 278 159 24864 1017 806 486 320 222 23847
cat_boundaries=0 1
cat_threshold=2686976
is_linear=0
shrinkage=0.05


Tree=125
num_leaves=15
num_cat=4
split_feature=7 30 19 24 6 14 32 44 10 29 30 3 25 30
split_gain=12.7961 19.8413 18.1421 18.2101 17.1555 12.0429 11.1464 10.9152 10.594 12.0656 25.9468 23.6611 20.6482 16.6292
threshold=43.500000000000007 0 6.6500000000000012 0.2374968056303077 62.500000000000007 -10.687499999999998 4.5000000000000009 2.5000000000000004 37.500000000000007 1 2 0.17689814196748396 5.3125309328223258 3
decision_type=2 9 10 10 10 8 10 2 2 9 9 10 8 9
left_child=5 -2 3 -3 -5 -1 7 8 9 10 -7 -12 -13 -11
right_child=1 2 -4 4 -6 6 -8 -9 -10 13 11 12 -14 -15
leaf_value=-0.051041989564769942 -0.023328464781764129 -0.006647146384119393 -0.026061855103054078 0.016163598333588321 0.078755445371701427 0.03054344909606109 0.023269854512494796 0.023871835399212355 -0.022123919716457982 -0.01094309160951671 0.018098045218203258 -0.0052008452448904334 -0.075971703893176132 0.00092895516234474829
leaf_weight=10.10791604220867 131.68616934865713 63.956234857439995 41.040349945425987 46.456036739051342 13.652136683464049 92.125733852386475 54.809180673211813 49.273234602063894 50.407804321497679 321.54746922291815 131.97630561888218 193.29063066653907 9.9018597565591318 2600.4725469760597
leaf_count=51 1077 422 274 232 70 585 374 379 330 2285 764 1327 62 17156
internal_value=9.54846e-05 -0.00985617 0.00223488 0.0119076 0.031436 0.000938583 0.00110306 0.000744156 0.000402038 0.00074756 0.00848224 0.00164054 -0.00900478 -0.00041362
internal_weight=3810.7 296.791 165.105 124.064 60.1082 3513.91 3503.8 3449 3399.72 3349.31 427.295 335.169 203.192 2922.02
internal_count=25388 2075 998 724 302 23313 23262 22888 22509 22179 2738 2153 1389 19441
cat_boundaries=0 2 3 5 7
cat_threshold=2206778440 42 262535 3221233426 9 1075976258 18
is_linear=0
shrinkage=0.05


Tree=126
num_leaves=15
num_cat=5
split_feature=2 2 55 11 7 20 20 30 29 28 19 30 30 29
split_gain=15.7814 25.0773 15.0109 13.3359 13.2989 16.0439 19.7877 14.273 19.3468 17.4468 13.6441 21.1962 17.7008 16.2765
threshold=70.841452578701151 133.44420869871769 28.500000000000004 8.7492780587294519 13.500000000000002 -83.822499999999991 -14.002499999999996 0 1 0.38944212060312972 94.925000000000011 2 3 4
decision_type=2 2 8 2 2 8 8 9 9 8 8 9 9 9
left_child=4 2 -2 -4 5 -1 -7 8 9 -6 12 13 -8 -12
right_child=1 -3 3 -5 7 6 10 -9 -10 -11 11 -13 -14 -15
leaf_value=-0.032114587335968274 0.018879174056070046 0.0016135076629968774 -0.024142600198133482 -0.070607420635286619 -0.0073906489381251883 0.02255809290638432 0.01206693496298171 0.00047910128980086685 -0.014723039970768943 0.042712637011860705 0.020705285415774773 0.018303966311550561 -0.0072363074320569683 -0.012464147880980308
leaf_weight=27.232829850167036 16.799252945929766 200.59909951686859 124.7899277061224 17.15101470425725 38.403929315507412 155.88803162239492 155.99154367670417 1861.0249450206757 336.08133941143751 30.363863952457905 39.527740988880396 270.82100919447839 402.1774954777211 131.33442198298872
leaf_count=188 87 1015 699 91 171 1728 1446 9884 2139 142 415 3277 3115 1046
internal_value=-0.00019264 -0.0101493 -0.0249308 -0.0302117 0.000847392 0.00514215 0.00604703 -0.0013961 -0.0097672 0.0131433 0.00345281 0.0100084 -0.00174331 -0.0040024
internal_weight=3808.19 359.339 158.74 141.941 3448.85 1182.97 1155.74 2265.87 404.849 68.7678 999.852 441.683 558.169 170.862
internal_count=25443 1892 877 790 23551 11215 11027 12336 2452 313 9299 4738 4561 1461
cat_boundaries=0 2 3 5 7 8
cat_threshold=1092028738 12 1310995 1076390918 11 1081478224 33 1052677
is_linear=0
shrinkage=0.05


Tree=127
num_leaves=15
num_cat=4
split_feature=7 13 30 7 28 24 30 3 30 30 15 3 15 24
split_gain=11.2621 17.4441 17.5399 17.8641 15.4988 31.7963 21.4707 19.9108 20.0789 18.0242 15.4765 15.1229 13.7211 14.3235
threshold=40.500000000000007 0.03249999999999887 0 71.500000000000014 0.22276707305361546 0.10258699345898421 1 0.075438297141615582 2 3 0.61091973851689862 0.00017722287671311272 1.0000000180025095e-35 0.48872605843640055
decision_type=2 10 9 2 10 10 9 10 9 9 8 10 10 10
left_child=4 2 -2 10 7 -6 -7 9 -9 11 -4 -1 13 -8
right_child=1 -3 3 -5 5 6 12 8 -10 -11 -12 -13 -14 -15
leaf_value=-0.045967514746138874 -0.017493806014711226 -0.034364061985848939 0.02504599348637776 0.046446769886717282 -0.036358826761711302 -0.0073299987419605389 -0.0054271484263135432 -0.016062035838211908 0.0079862351772743822 0.032363115480048908 -0.0089684659973058682 0.016282694089544678 0.0059493850750346961 0.01331592022899615
leaf_weight=15.43839220702648 122.88128807395697 53.490386821329594 45.180832207202911 23.16019032150507 60.01559898070991 703.48533563688397 652.00163305550814 98.941862292587757 409.11892737261951 111.16861210018396 120.23017404600978 23.130856040865183 1266.6889563333243 119.81071219220757
leaf_count=89 1006 450 238 132 500 4788 3896 596 2478 613 643 127 9087 891
internal_value=8.06065e-05 -0.00826098 -0.00368227 0.0059706 0.000962617 -0.000659612 0.00013473 0.00786328 0.00312198 0.0238231 0.000417016 -0.00731737 0.00273566 -0.00250414
internal_weight=3824.74 364.943 311.452 188.571 3459.8 2802 2741.99 657.799 508.061 149.738 165.411 38.5692 2038.5 771.812
internal_count=25534 2469 2019 1013 23065 19162 18662 3903 3074 829 881 216 13874 4787
cat_boundaries=0 2 4 6 8
cat_threshold=3268166720 42 1646287122 23 21599492 1 2182112520 1
is_linear=0
shrinkage=0.05


Tree=128
num_leaves=15
num_cat=5
split_feature=20 25 20 7 0 30 11 29 30 28 15 30 6 30
split_gain=11.395 10.9744 10.9256 11.5297 19.0676 17.288 18.1862 16.2607 17.1539 17.9157 14.9396 21.478 18.8171 16.1367
threshold=-88.794999999999987 1.4563465961146618 18.762500000000006 23.500000000000004 51.705000000000005 0 6.0272295577074333 1 2 0.077346568403709529 3.5072493375462712 3 66.500000000000014 4
decision_type=8 10 10 2 8 9 2 9 9 8 8 9 10 9
left_child=1 -1 3 4 5 -2 -7 8 -5 -10 13 -12 -13 -9
right_child=2 -3 -4 7 -6 6 -8 10 9 -11 11 12 -14 -15
leaf_value=-0.0035032849704967547 -0.0021145298627712776 -0.050644298257241455 -0.015962838417704791 0.028094754354760245 -4.8772017702894353e-05 0.0022658901559342226 0.026388557483551185 -0.0086248575527489851 0.033639865241561505 -0.018650859332799204 -0.023330062271768776 -0.0020147976063847198 0.0509073250649031 0.013308485411217132
leaf_weight=28.531737750396132 180.0406368970871 20.982301078736782 105.55531201139092 15.243021771311758 2015.7291974909604 123.11589823290706 213.80415144003928 111.68627815693617 16.383230850100517 313.69546677917242 119.22932443022728 255.67235960066319 16.97340177744627 276.0299105271697
leaf_count=182 1177 109 814 99 14451 835 1347 516 87 2529 677 1262 88 1277
internal_value=-0.000497237 -0.0240871 -0.000180535 0.000279167 0.00214994 0.0107067 0.0171005 -0.00393096 -0.0127617 -0.0154937 0.000153503 -0.00672077 0.00140258 0.00710488
internal_weight=3812.67 49.514 3763.16 3657.6 2532.69 516.961 336.92 1124.91 345.322 330.079 779.591 391.875 272.646 387.716
internal_count=25450 291 25159 24345 17810 3359 2182 6535 2715 2616 3820 2027 1350 1793
cat_boundaries=0 2 3 4 6 8
cat_threshold=1634104072 48 2195461 536903682 42537024 10 3271592216 37
is_linear=0
shrinkage=0.05


Tree=129
num_leaves=15
num_cat=3
split_feature=24 28 24 30 2 30 10 26 26 19 56 25 30 3
split_gain=14.1903 12.1169 18.8641 18.2269 18.8289 15.2212 19.2898 28.0603 17.1079 28.2267 21.69 19.1203 16.2588 20.4842
threshold=1.0000000180025095e-35 0.22276707305361546 0.10258699345898421 0 147.64476654675141 1 10.500000000000002 27.500000000000004 52.500000000000007 1.1250000000000002 1.0000000180025095e-35 7.8454301265326398 2 0.29173215767312805
decision_type=8 10 10 9 2 9 2 2 2 10 2 10 9 8
left_child=-1 3 -3 4 -2 6 -4 -8 9 11 -11 -7 -12 -14
right_child=1 2 5 -5 -6 8 7 -9 -10 10 12 -13 13 -15
leaf_value=-0.046514173887649071 -0.013374526721877498 -0.029034533462079057 -0.0043854184026490646 0.010062779284163059 0.039374234616215364 0.0034797509993660901 0.031771754777628919 -0.049405975155027718 0.0050519532934583059 -0.023618332736750763 -0.018132603493353928 -0.040049694655428125 0.034320351724605291 -0.0051413274539193945
leaf_weight=15.107002437114714 165.2870056219399 57.584120448678732 250.7816678956151 610.34393466077745 17.862413413822651 857.56143016926944 12.393818669021128 55.342807460576296 1271.6763622630388 235.72361578047276 83.170206520706415 24.993576012551785 49.952103815972805 92.146986620500684
leaf_count=97 1138 495 1692 3797 88 5350 69 354 9464 1454 488 146 265 544
internal_value=0.000317276 0.000516439 -0.000941068 0.00600525 -0.00762978 -0.000379938 -0.0105071 -0.0343067 0.000893783 -0.00303613 -0.0130495 0.00220308 -0.00193467 0.00829394
internal_weight=3799.93 3784.82 2991.33 793.493 183.149 2933.74 318.518 67.7366 2615.22 1343.55 460.993 882.555 225.269 142.099
internal_count=25441 25344 20321 5023 1226 19826 2115 423 17711 8247 2751 5496 1297 809
cat_boundaries=0 1 3 5
cat_threshold=27079684 555751682 6 2160181264 41
is_linear=0
shrinkage=0.05


Tree=130
num_leaves=15
num_cat=2
split_feature=8 11 0 7 30 18 7 29 27 5 25 54 11 20
split_gain=17.1051 12.3261 10.5321 12.3178 19.6333 22.5616 19.2052 14.6038 20.573 11.7478 11.6897 10.7452 15.0654 12.325
threshold=-2.4999999999999996 6.1261155248275712 99.805000000000021 7.5000000000000009 0 -1.9499999999999982 -27.499999999999996 1 0.79587892831909401 0.84660324324324343 9.1110022820024827 76.500000000000014 8.4398519556472014 -88.794999999999987
decision_type=8 2 10 2 9 10 2 9 8 10 10 10 2 8
left_child=1 -1 3 4 5 -2 -6 8 -5 11 -8 13 -13 -9
right_child=2 -3 -4 7 6 -7 10 9 -10 -11 -12 12 -14 -15
leaf_value=0.049570049072071229 -0.01069422060070499 0.0076069599635290482 -0.02438546465498051 -0.053917868198190382 -0.037498404276009846 0.017425818576950945 0.019848758310223771 -0.034223432215512842 0.018515397781446969 -0.018145954756672026 -0.043912536142725937 0.028716128280689996 -0.021854815458412238 -0.00010013640582047121
leaf_weight=28.408843740820885 231.82900078594685 44.316328225657344 42.306576337665319 31.127920139580965 15.276217937469481 101.84801662527025 300.68269454687834 25.714812060818076 13.508397985249756 89.944974232465029 6.4506525546312323 65.608646549284458 18.106443289667368 2798.7887494433671
leaf_count=153 1881 237 237 183 70 1161 3268 144 85 755 34 345 89 16869
internal_value=0.000599197 0.0244491 0.000129168 0.000416073 0.0066244 -0.00202425 0.0151481 -0.000924299 -0.0263073 -0.000448544 0.0183714 0.000103307 0.0176494 -0.000422804
internal_weight=3813.92 72.7252 3741.19 3698.89 656.087 333.677 322.41 3042.8 44.6363 2998.16 307.133 2908.22 83.7151 2824.5
internal_count=25511 390 25121 24884 6414 3042 3372 18470 268 18202 3302 17447 434 17013
cat_boundaries=0 2 3
cat_threshold=2162768900 47 2621440
is_linear=0
shrinkage=0.05


Tree=131
num_leaves=15
num_cat=3
split_feature=7 30 13 8 1 30 8 61 25 27 18 30 54 0
split_gain=14.7302 16.3252 25.0894 12.3472 12.4743 16.4828 15.4491 11.9783 11.5322 11.1527 11.1475 20.3671 14.7342 14.1124
threshold=41.500000000000007 0 1.0000000180025095e-35 -2.4999999999999996 0.30060240963855428 1 1.5000000000000002 1150.5000000000002 3.6791245862327413 0.3008308923826622 -1.9999999999999996 2 79.500000000000014 74.770000000000024
decision_type=2 9 10 8 8 9 10 8 8 8 8 9 10 10
left_child=3 2 9 -1 5 -5 8 -6 -7 -2 11 -9 -12 -14
right_child=1 -3 -4 4 7 6 -8 10 -10 -11 12 -13 13 -15
leaf_value=0.023155320183011696 -0.0030751915815059724 -0.015442468304097557 -0.036785483481440055 0.014204949659356248 -0.046851540210899802 -0.024282351187682551 0.046548938893608068 -0.031220557657194854 0.015802616329376806 0.049170774167599629 0.002105972048293399 0.0032013510843350388 0.037158413738271806 -0.018751194082820832
leaf_weight=62.463662303984165 14.782443188130854 248.67670577950776 17.028666920959949 49.730811379849911 11.636129371821879 165.99778427556157 8.2135230302810651 59.207522563636303 19.414677143096924 31.259490542113781 2918.3333641141653 112.00103130564094 53.236333537846804 13.586003579199312
leaf_count=351 76 1831 119 359 80 1190 43 377 99 156 19579 755 285 95
internal_value=0.000367808 -0.0100258 0.0118063 0.00130317 0.000896377 -0.00998923 -0.0161446 0.00173547 -0.0200228 0.0326876 0.00192937 -0.0104417 0.00264215 0.0256823
internal_weight=3785.57 311.747 63.0706 3473.82 3411.36 243.357 193.626 3168 185.412 46.0419 3156.36 171.209 2985.16 66.8223
internal_count=25395 2182 351 23213 22862 1691 1332 21171 1289 232 21091 1132 19959 380
cat_boundaries=0 2 4 6
cat_threshold=1076900118 17 1611432208 36 1090552896 59
is_linear=0
shrinkage=0.05


Tree=132
num_leaves=15
num_cat=4
split_feature=24 21 30 26 27 30 30 24 24 30 10 7 56 31
split_gain=12.3689 19.6635 16.8656 16.6778 16.2347 16.6597 16.2319 15.3851 21.3991 18.7189 14.1799 14.0463 17.711 16.004
threshold=0.39102137651036545 0.84023052232273143 0 17.500000000000004 0.40487074999278588 1 2 0.35519885781997573 0.35252721078433435 3 16.500000000000004 23.500000000000004 22.500000000000004 1.5000000000000002
decision_type=8 8 9 2 8 9 9 10 10 9 2 2 2 2
left_child=1 -1 3 -3 6 -6 -2 8 11 -9 -8 -4 13 -13
right_child=4 2 7 -5 5 -7 10 9 -10 -11 -12 12 -14 -15
leaf_value=-0.052045768470537802 0.0015532877668576603 -0.0074630023503165169 0.0022611274862025742 0.015349350593896397 -0.010209417206439902 0.0026000852956301261 -0.021256461820404176 -0.018550504852241651 -0.039125767230100972 0.015548686879572022 -0.065790981385385236 -0.017801142347941671 0.035145696859238899 -0.0018804911858812407
leaf_weight=16.26253573410213 86.717401709407568 102.59251883067191 1032.9737494792789 356.54870384559035 397.23121214658022 664.65427078492939 124.32121744379401 39.746063936501741 37.432156018912792 235.63074609823525 20.380885321646929 271.68607473745942 23.042813934385777 375.47133041732013
leaf_count=232 592 602 6290 2271 3141 5171 805 283 218 1626 128 1804 102 2133
internal_value=-0.000925227 0.00113433 0.00150462 0.010029 -0.00489051 -0.00226839 -0.0168608 -0.000488112 -0.00222944 0.0104691 -0.0261432 -0.00139606 -0.00702782 -0.00858136
internal_weight=3784.69 2491.39 2475.12 459.141 1293.3 1061.89 231.42 2015.98 1740.61 275.377 144.702 1703.17 670.2 647.157
internal_count=25398 15561 15329 2873 9837 8312 1525 12456 10547 1909 933 10329 4039 3937
cat_boundaries=0 2 4 6 8
cat_threshold=2690719775 17 3770697755 23 3263463498 40 17827072 4
is_linear=0
shrinkage=0.05


Tree=133
num_leaves=15
num_cat=5
split_feature=60 26 30 29 30 41 15 29 32 29 2 22 7 26
split_gain=12.5417 12.4924 28.3844 14.8141 15.7732 15.2693 13.6947 23.2798 17.6319 14.7579 14.3149 14.3131 15.8797 12.6487
threshold=222.00000000000003 52.500000000000007 0 1 2 1.0000000180025095e-35 5.3705192918609841 3 3.5000000000000004 4 45.225771897117475 6.4800000000000013 5.5000000000000009 258.50000000000006
decision_type=8 2 9 9 9 2 8 9 10 9 2 10 2 2
left_child=-1 2 -2 -3 5 -5 9 -8 11 10 -4 12 -9 -6
right_child=1 3 6 4 13 -7 7 8 -10 -11 -12 -13 -14 -15
leaf_value=-0.058357770722804153 -0.013495727534192767 -0.02307688322841793 0.015440254721693103 0.0090247026238101536 0.0050128994839554646 -0.047591219294725685 0.0088080150381779701 0.023642006219822966 -0.05975402191801208 -0.0024067657795459204 -0.019224899474896487 -0.061204726197548298 -0.0099121276043082299 -0.0064857874315929201
leaf_weight=8.2734512276947481 470.66146751865745 43.405445456504822 342.1085049752146 884.76479696296155 453.72766741737723 11.09335460141301 226.72269921563566 37.469512822106481 16.510133910924196 318.94527080096304 31.766101259738207 11.611731316894291 428.3559935875237 503.53495343215764
leaf_count=55 2878 227 2205 6482 2971 87 1294 445 111 1751 184 103 2643 3997
internal_value=-0.000281968 -0.00013948 -0.00302224 0.00272456 0.00344689 0.00818014 0.000563702 -0.00425495 -0.0102279 0.00558309 0.012128 -0.00860768 -0.00716828 -0.00102534
internal_weight=3788.95 3780.68 1884.15 1896.53 1853.12 895.858 1413.49 720.67 493.947 692.82 373.875 477.437 465.826 957.263
internal_count=25433 25378 11614 13764 13537 6569 8736 4596 3302 4140 2389 3191 3088 6968
cat_boundaries=0 2 3 4 5 6
cat_threshold=1623844872 25 2162816 3277448728 2441380 832770
is_linear=0
shrinkage=0.05


Tree=134
num_leaves=15
num_cat=2
split_feature=11 11 6 24 30 23 8 11 9 7 23 10 30 8
split_gain=9.45277 10.535 14.6183 20.6425 13.8933 11.6492 11.1063 13.5428 10.5564 16.4192 11.9252 10.3347 14.3058 12.5147
threshold=10.461220044647936 6.5352194998575355 71.500000000000014 0.31614681484124491 0 -2.2227083333333328 -2.4999999999999996 6.1261155248275712 5.5000000000000009 3.5000000000000004 0.70541666666666702 28.500000000000004 1 60.500000000000007
decision_type=2 2 10 8 9 8 8 2 2 2 10 2 9 8
left_child=1 2 4 -4 -1 -6 7 -7 -8 -10 -11 -3 -13 -14
right_child=-2 11 3 -5 5 6 8 -9 9 10 -12 12 13 -15
leaf_value=0.0076274105617475585 -0.039188193114625319 0.0037905129114169378 -0.0059421828925959848 0.088865907773430508 -0.054120560819508112 0.044037454403898689 -0.0040924487403151497 -0.020386315192032958 -0.077948984630542895 0.017103209447668265 -0.059940706256957625 0.019190923469873489 -0.042266794390830455 0.015672023882440243
leaf_weight=269.02503912709653 14.35007546469569 1665.1818290092051 12.363431481644513 9.5337782055139524 10.717068698257206 23.955428015440702 1661.4116322025657 11.401358962059019 11.457246512174605 16.019605396315459 6.1366596594452849 17.406072452664375 43.054389763623476 11.253446590155361
leaf_count=2085 72 10519 117 52 64 134 11607 62 83 165 45 105 259 71
internal_value=-3.09699e-05 0.000128476 -0.00231502 0.0374144 -0.0027662 -0.00439417 -0.00408049 0.0232737 -0.00466447 -0.0320024 -0.00590279 0.00298684 -0.0154697 -0.0255712
internal_weight=3783.27 3768.92 2032.02 21.8972 2010.12 1741.1 1730.38 35.3568 1695.03 33.6135 22.1563 1736.9 71.7139 54.3078
internal_count=25440 25368 14414 169 14245 12160 12096 196 11900 293 210 10954 435 330
cat_boundaries=0 2 3
cat_threshold=2717909513 32 8913920
is_linear=0
shrinkage=0.05


Tree=135
num_leaves=15
num_cat=3
split_feature=7 29 30 20 18 28 30 26 24 26 7 4 24 24
split_gain=11.0663 17.9979 20.7054 18.4375 19.2514 17.5555 16.8231 16.8165 14.4341 15.5243 13.9531 13.6495 13.3973 15.861
threshold=8.5000000000000018 0 1 22.530000000000005 -3.2612500000000004 0.19425397562805216 2 430.50000000000006 0.2681652560573225 92.500000000000014 2.5000000000000004 -21.990164608062937 0.051921992422789699 0.38942844130277138
decision_type=2 9 9 10 8 10 9 2 10 2 2 8 8 10
left_child=1 2 3 4 -1 -3 -7 -6 9 -8 -10 -2 -4 -14
right_child=11 5 12 -5 7 6 8 -9 10 -11 -12 -13 13 -15
leaf_value=-0.054016087834075882 -0.017548227644472444 0.021974310060523947 -0.05790035233995483 -0.056786525564631929 -0.0062260452417566871 -0.02387110664616484 0.042629395765861271 0.019958893560345286 -0.042019020980954391 -0.031611008892502575 0.0081418932077876646 -0.00052774460400196446 0.035536411575010349 0.011889770665050516
leaf_weight=13.148550245910881 121.95965465344489 45.257184494286776 4.5963469855487338 12.710114642977713 131.04000608809292 113.51599427312613 31.813136342912912 113.65533726289868 21.966332513839006 8.1767348200082761 34.328483790159225 2804.5736448969692 111.88477134518325 195.29703969880939
leaf_count=97 775 316 43 94 1026 919 247 1231 114 52 343 16171 1553 2381
internal_value=0.000207719 0.00527248 0.0100196 -0.00027168 0.00271228 -0.00573006 -0.012054 0.00596799 0.00402048 0.0270486 -0.0118227 -0.0012428 0.018655 0.0205899
internal_weight=3763.92 837.39 582.332 270.554 257.844 255.058 209.801 244.695 96.2847 39.9899 56.2948 2926.53 311.778 307.182
internal_count=25362 8416 6425 2448 2354 1991 1675 2257 756 299 457 16946 3977 3934
cat_boundaries=0 1 3 5
cat_threshold=3969540 2169090305 31 1082410066 37
is_linear=0
shrinkage=0.05


Tree=136
num_leaves=15
num_cat=2
split_feature=60 7 3 8 56 5 30 24 13 30 6 3 10 51
split_gain=9.76544 8.90764 12.7561 19.2501 15.5184 24.172 18.0852 17.5043 16.5048 14.7617 18.1894 14.4259 13.938 12.0557
threshold=222.00000000000003 10.500000000000002 0.042235013570951864 29.500000000000004 1.0000000180025095e-35 0.28751811594202908 0 0.40275436427661654 4.5025000000000022 1 49.500000000000007 1.4988565335941997 13.500000000000002 1.0000000180025095e-35
decision_type=8 2 8 10 2 8 9 10 8 9 10 8 2 2
left_child=-1 -2 3 4 6 7 -3 -6 -7 10 11 -4 -10 -11
right_child=1 2 9 -5 5 8 -8 -9 12 13 -12 -13 -14 -15
leaf_value=-0.049609908097455829 0.0051072388941425136 -0.016609373158256398 0.0080601140984402474 -0.022669674605746436 0.053829856277017696 -0.042055229139292688 0.0097242108705548891 0.0057204945740663383 0.0012019014784190128 -0.0051338176682161037 -0.041196791931460752 -0.035560993462971313 0.062443364424150542 0.021226756266104044
leaf_weight=8.6098102144896966 928.32430370338261 77.372383419424295 537.16272139549255 50.420784160494804 62.074829284101725 16.374099560081959 241.63891352154315 27.369730416685343 46.396465811878443 1688.8572869095951 19.71331000700593 18.669400300830603 10.629850717261432 43.546177975833416
leaf_count=54 9337 577 2909 287 345 145 1338 170 313 9296 194 112 61 266
internal_value=0.00072995 0.000858089 -0.000532048 0.00643814 0.00952458 0.0220336 0.00309022 0.0393346 0.000705657 -0.00214166 0.00474791 0.00653373 0.0134969 -0.00443377
internal_weight=3777.16 3768.55 2840.23 532.277 481.856 162.845 319.011 89.4446 73.4004 2307.95 575.545 555.832 57.0263 1732.4
internal_count=25404 25350 16013 3236 2949 1034 1915 515 519 12777 3215 3021 374 9562
cat_boundaries=0 2 4
cat_threshold=1074717020 8 2186482445 61
is_linear=0
shrinkage=0.05


Tree=137
num_leaves=15
num_cat=3
split_feature=24 11 2 10 30 29 28 5 7 11 26 0 29 24
split_gain=10.1563 9.74005 17.8447 17.0598 16.6283 14.2363 16.874 22.5558 15.244 16.6913 15.9634 14.5796 14.2267 13.8533
threshold=1.0000000180025095e-35 6.4172223323443918 70.841452578701151 28.500000000000004 0 1 0.16887264087259538 0.29952766666666669 13.500000000000002 6.1749000664942963 430.50000000000006 16.510000000000002 2 0.44326520632617245
decision_type=8 2 2 2 9 9 10 10 2 2 2 8 9 8
left_child=-1 2 4 13 5 -2 7 -7 10 -10 -8 -11 -6 -3
right_child=1 3 -4 -5 12 6 8 -9 9 11 -12 -13 -14 -15
leaf_value=-0.039105244642119369 0.010106310336865834 0.0062084118690462825 -0.022618189084802995 -0.02030801251487243 -0.011999446571837378 0.037751051720447001 -0.017089056248910179 -0.019614472920918981 -0.034785879709791787 0.049504725950162851 0.0072700877577930728 -0.016462628680440055 0.004525594484735245 -0.0050795555468150224
leaf_weight=15.227707281708716 89.690486188977957 1448.6751633957028 98.204996049404144 73.643867691978812 137.71661610342562 37.317541632801294 164.70061340555549 30.143672997131944 130.47846316546202 10.701252732425926 112.45709808915854 28.487225644290447 1070.8982026893646 333.72837969101965
leaf_count=100 454 8911 543 453 1051 281 1242 283 825 87 1062 186 7598 2380
internal_value=0.000365844 0.000535744 -0.00196958 0.00311464 -0.000839 -0.00753414 -0.0107578 0.0122063 -0.0144847 -0.0262486 -0.0072147 0.00233475 0.00255139 0.00409325
internal_weight=3782.07 3766.84 1910.8 1856.05 1812.59 603.976 514.286 67.4612 446.825 169.667 277.158 39.1885 1208.61 1782.4
internal_count=25456 25356 13612 11744 13069 4420 3966 564 3402 1098 2304 273 8649 11291
cat_boundaries=0 2 3 4
cat_threshold=1074789648 23 1065376 532608
is_linear=0
shrinkage=0.05


Tree=138
num_leaves=15
num_cat=3
split_feature=61 2 29 27 28 14 14 11 2 30 20 30 7 14
split_gain=12.0017 9.54326 14.1324 11.8747 15.6614 11.6637 11.2309 10.9009 8.30119 22.2207 9.26639 15.7237 17.4333 19.6385
threshold=1102.0000000000002 -0.0017448529702202007 0 0.43884991052250161 0.19132350259105949 0.29625000000000062 -1.0000000180025095e-35 6.1915645950952145 308.65663795438849 1 -17.995000000000001 2 31.500000000000004 0.50249999999999961
decision_type=8 2 9 8 10 10 8 2 2 9 8 9 2 8
left_child=-1 2 3 4 -2 -4 -3 -6 10 -10 11 -8 13 -13
right_child=1 6 5 -5 7 -7 8 -9 9 -11 -12 12 -14 -15
leaf_value=-0.051842013491793848 0.026397332852265233 -0.025498806581990309 0.033943459550885839 0.015821242752712253 -0.0071217615237921849 -0.016338492774820329 -0.0027753658780792609 -0.064431721250943957 0.020576416429170432 -0.0350603911288421 -0.00094834393380670463 -0.01164117830747026 -0.012014526039599391 0.028907483628063307
leaf_weight=10.191910002380608 11.672412682324646 43.508606091141701 75.600021082907915 37.584673201665282 15.262525225058196 12.959502412006257 242.58080239780247 17.9355249106884 20.890757590532303 40.210944049060345 2995.3113979082555 35.702466828748584 46.263887859880924 167.79309791140258
leaf_count=76 75 265 555 305 100 90 1638 108 95 211 20318 201 232 1177
internal_value=-0.000141569 1.21841e-05 0.0115171 -0.00418266 -0.0218299 0.0238249 -0.000538574 -0.0390626 -0.000225458 -0.0183454 9.716e-05 0.00644685 0.014896 0.0217712
internal_weight=3773.47 3763.28 171.015 82.4551 44.8705 88.5595 3592.26 33.1981 3548.75 61.1017 3487.65 492.34 249.759 203.496
internal_count=25446 25370 1233 588 283 645 24137 208 23872 306 23566 3248 1610 1378
cat_boundaries=0 1 3 5
cat_threshold=1410068 5767170 1 13709402 31
is_linear=0
shrinkage=0.05


Tree=139
num_leaves=15
num_cat=1
split_feature=2 15 8 20 15 29 6 24 22 1 3 28 1 3
split_gain=11.5594 10.7793 9.86095 11.6679 10.6897 12.1334 22.4906 12.4009 20.0017 12.6757 24.1478 12.4529 13.0114 14.1571
threshold=-8.92879973205679 7.0958250260177254 -2.4999999999999996 18.762500000000006 1.0000000180025095e-35 0 51.500000000000007 0.4888976020403169 5.685833333333334 0.85805860805860812 0.07252806475636385 0.55130834071513701 0.50233644859813087 0.16593128802154031
decision_type=2 8 8 10 10 9 10 10 10 8 10 10 8 8
left_child=1 -1 -2 4 5 6 -4 8 11 -9 -11 12 -7 -14
right_child=2 -3 3 -5 -6 7 -8 9 -10 10 -12 -13 13 -15
leaf_value=0.033390745378902222 0.018399970190204815 -0.0011409988301393501 0.0028568830973135402 -0.017947962571004106 0.0017035459066048497 -0.01675858969261175 0.069992139169476095 0.025801479520282052 -0.042950395939970111 -0.043953863313921454 0.012563507060556657 0.041488164121977637 0.0064481110787633703 -0.0084750029435850562
leaf_weight=47.670141246169806 65.377381172031164 42.069171873852611 216.10757283493876 98.324658110737801 2088.7274881638587 259.30823247879744 12.246813200414179 57.079099478200078 38.191378824412823 25.848971836268902 62.896760504692793 12.35148800909519 232.15885361097753 498.78591634146869
leaf_count=370 352 325 1225 773 14388 1885 65 443 393 201 505 91 1267 3047
internal_value=-0.000260981 0.0173683 -0.000696977 -0.0010486 -0.000569366 -0.00392338 0.00646499 -0.00593078 -0.00789407 0.00763616 -0.00420464 -0.00651723 -0.00715726 -0.00373287
internal_weight=3757.14 89.7393 3667.4 3602.03 3503.7 1414.98 228.354 1186.62 1040.8 145.825 88.7457 1002.6 990.253 730.945
internal_count=25330 695 24635 24283 23510 9122 1290 7832 6683 1149 706 6290 6199 4314
cat_boundaries=0 1
cat_threshold=267554
is_linear=0
shrinkage=0.05


Tree=140
num_leaves=15
num_cat=4
split_feature=28 28 30 11 30 11 7 10 14 19 7 30 2 30
split_gain=12.4078 24.0189 22.7739 18.7249 20.3013 20.6981 18.9557 18.5731 18.5558 21.9859 18.9041 17.6342 28.8529 16.837
threshold=0.25630541520796407 0.32085385914941339 0 7.4923785970800472 1 6.0578371229795582 16.500000000000004 13.500000000000002 1.0000000180025095e-35 92.600000000000009 13.500000000000002 2 147.64476654675141 3
decision_type=10 10 9 2 9 2 2 2 10 8 2 9 2 9
left_child=11 2 -2 4 5 6 -3 -5 9 13 -11 12 -1 -6
right_child=1 3 -4 7 8 -7 -8 -9 -10 10 -12 -13 -14 -15
leaf_value=-0.013037641096543843 -0.023154892814080206 -0.013252874424061249 -0.0033405727875225389 0.005016887780360392 0.0056152398494432876 -0.0019795192513540837 -0.047479309698294545 0.033203537406525714 0.01772198636148534 0.019331186167546154 -0.00082715072426201789 0.0072101839836838091 0.03499043943079682 -0.017832020319952794
leaf_weight=251.275151129812 224.63400621712208 143.42277227342129 409.82947647199035 351.6480897795409 108.49800988472998 278.16949297487736 56.06919208727777 69.223933443427086 153.99970285594463 164.42599464766681 391.39331487566233 900.82667850516737 34.723890155553818 238.61278001777828
leaf_count=1610 1388 1134 2440 2240 845 2046 356 404 1561 2104 2103 5513 166 1615
internal_value=-0.000413413 -0.00235326 -0.0107982 0.000390889 -0.00217253 -0.0105927 -0.0230614 0.00972067 0.00172308 -0.00100315 0.00516022 0.0038182 -0.00686561 -0.0108589
internal_weight=3776.75 2589.93 634.463 1955.46 1534.59 477.661 199.492 420.872 1056.93 902.93 555.819 1186.83 285.999 347.111
internal_count=25525 18236 3828 14408 11764 3536 1490 2644 8228 6667 4207 7289 1776 2460
cat_boundaries=0 2 4 5 7
cat_threshold=1132469592 44 539024662 23 1103963136 1116872768 40
is_linear=0
shrinkage=0.05


Tree=141
num_leaves=15
num_cat=4
split_feature=8 11 59 26 30 15 29 19 30 29 15 18 1 14
split_gain=10.535 10.6008 10.3361 8.76167 24.4902 16.129 21.4199 16.3062 16.9036 14.3116 13.8069 10.5956 13.4467 10.5876
threshold=-2.4999999999999996 6.1261155248275712 2.5000000000000004 52.500000000000007 0 4.6160162541980094 1 87.715000000000018 2 3 0.0024706058469389229 2.7125000000000012 1.2129403557725849 2.1887499999999993
decision_type=8 2 8 2 9 8 9 10 9 9 10 8 10 8
left_child=1 -1 -2 4 9 10 -7 8 -8 13 -6 -11 -13 -4
right_child=2 -3 3 -5 5 6 7 -9 -10 11 -12 12 -14 -15
leaf_value=0.042321520981061053 -0.048445031083765244 0.0027685959276490561 0.047196884151976384 0.0018201075779365106 -0.0070053423458079538 0.014127069406064015 0.016680467586332702 -0.045104404065259465 -0.0096241859268090899 -0.05035222877849134 0.0093883286417966519 -0.027223754323684443 -0.001235914329670359 -0.0042490260231196064
leaf_weight=27.501608302816749 10.313247617334126 42.137965327128768 10.03755823895335 1874.0184411983937 168.97610785998404 113.60645414702594 59.156575988978148 28.433627668768167 562.14603856950998 28.53052344918251 526.35189727880061 141.80001288838685 76.560310281813145 105.49096400849521
leaf_count=152 69 227 69 13739 965 775 357 183 3615 170 3129 882 494 670
internal_value=-0.000361335 0.0187666 -0.000725791 -0.000579533 -0.00304856 -0.000104016 -0.00511954 -0.00858649 -0.00698345 -0.014466 0.00540006 -0.0212118 -0.0181592 0.000541028
internal_weight=3775.06 69.6396 3705.42 3695.11 1821.09 1458.67 763.343 649.736 621.303 362.419 695.328 246.891 218.36 115.529
internal_count=25496 379 25117 25048 11309 9024 4930 4155 3972 2285 4094 1546 1376 739
cat_boundaries=0 2 3 5 6
cat_threshold=1623321096 25 2424868 35652884 36 13073
is_linear=0
shrinkage=0.05


Tree=142
num_leaves=15
num_cat=2
split_feature=28 24 20 11 7 24 30 20 7 0 30 3 0 2
split_gain=11.172 20.6665 16.5337 16.3375 15.7364 19.2136 16.5683 15.0172 14.6895 18.6848 14.9024 13.5104 16.4387 12.4636
threshold=0.22276707305361546 0.10258699345898421 -81.949999999999989 10.461220044647936 37.500000000000007 0.28953423120089794 0 -45.484999999999992 17.500000000000004 71.995000000000019 1 0.080017542308921427 0.50500000000000012 0.32451646628332004
decision_type=10 8 8 2 2 10 9 10 2 8 9 10 8 2
left_child=4 7 -3 8 6 11 -1 -2 9 10 -4 12 -6 -10
right_child=1 2 3 -5 5 -7 -8 -9 13 -11 -12 -13 -14 -15
leaf_value=0.017893539000589948 -0.048759902444822034 -0.025522675058031682 -0.0014358153900418829 -0.058939034008221092 -0.045512319456450498 0.041943396086617679 0.0013317982276442512 0.0022726295359265609 -0.0014098781360206774 4.2819445460964371e-05 0.019752958729531575 -0.027621197045406137 0.012365877731152951 -0.013110998877725478
leaf_weight=267.60378401726484 38.441694835200906 66.017587456852198 129.63877015933394 10.868228018283842 14.133073225617407 16.370831083506346 347.78817951306701 22.584072958678007 961.18662921339273 1210.8372617792338 241.28241255134344 81.057501534000039 63.818571554496884 297.29906098544598
leaf_count=1673 348 371 988 57 97 100 2033 185 5423 9762 1912 656 507 1352
internal_value=-0.000179293 -0.00158227 -0.000974683 -0.000397524 0.00509983 -0.00807993 0.00886293 -0.0301419 -0.000152849 0.00305371 0.0128559 -0.01346 0.00142869 -0.00418231
internal_weight=3768.93 2978.16 2917.13 2851.11 790.772 175.38 615.392 61.0258 2840.24 1581.76 370.921 159.009 77.9516 1258.49
internal_count=25464 20398 19865 19494 5066 1360 3706 533 19437 12662 2900 1260 604 6775
cat_boundaries=0 2 4
cat_threshold=2182367306 46 3761467910 22
is_linear=0
shrinkage=0.05


Tree=143
num_leaves=15
num_cat=4
split_feature=2 56 11 1 19 30 11 30 11 30 7 29 28 7
split_gain=9.39343 9.45439 12.0213 12.451 11.0825 17.6819 13.6155 15.4501 17.1268 14.8703 16.7667 16.9633 22.125 15.943
threshold=543.74592200189898 21.500000000000004 8.236348235794841 1.9050836550836554 87.715000000000018 0 7.8066145571806018 1 8.5880131926220002 2 8.5000000000000018 3 0.25450268617800548 23.500000000000004
decision_type=2 2 2 8 10 9 2 9 2 9 2 9 8 2
left_child=1 4 -3 -4 6 -6 9 8 -8 13 -11 -12 -13 -1
right_child=-2 2 3 -5 5 -7 7 -9 -10 10 11 12 -14 -15
leaf_value=-0.001408965666245811 -0.037869751749700094 0.028512967193980655 -0.048717775207550849 0.024983524961209324 0.017025993295851666 -0.0095439206319253601 0.0340506476052852 0.0013389330070758612 0.0036114933368011325 0.012802675992216501 0.0024197685648505302 0.013647253032430397 -0.025090267780433901 -0.016104845004252626
leaf_weight=717.87065741047263 15.107470866292713 59.862489838153124 11.271939300000669 9.8854987397789937 61.94765349291265 498.3254495896399 104.33821313455701 294.67356847040355 82.797362711280584 325.39080270193517 1166.7041989006102 50.367995083332062 131.23536163941026 247.52174331247807
leaf_count=5211 73 306 55 59 477 3608 565 1670 436 3464 6906 266 721 1698
internal_value=0.00023176 0.000394783 0.0171844 -0.0147085 2.06887e-05 -0.00644776 0.00118362 0.00890361 0.0196303 -0.000228632 0.00261866 0.000172669 -0.0135864 -0.00513653
internal_weight=3777.3 3762.19 81.0199 21.1574 3681.17 560.273 3120.9 481.809 187.136 2639.09 1673.7 1348.31 181.603 965.392
internal_count=25515 25442 420 114 25022 4085 20937 2671 1001 18266 11357 7893 987 6909
cat_boundaries=0 1 3 5 6
cat_threshold=1076910592 3683358 49 1118985496 39 316454
is_linear=0
shrinkage=0.05


Tree=144
num_leaves=15
num_cat=2
split_feature=2 30 23 2 2 3 25 54 28 28 7 3 30 25
split_gain=14.0198 20.3486 12.7509 11.5594 18.3509 13.5705 13.1072 11.1878 11.0206 10.8408 10.4244 17.0553 18.7789 20.6614
threshold=70.841452578701151 0 1.1108333333333336 136.21144824850393 308.65663795438849 0.25350187529714224 7.8454301265326398 79.500000000000014 0.28955772009209396 0.36712853738012186 16.500000000000004 0.050085427500924637 1 2.4023039878003147
decision_type=2 9 10 2 2 8 10 10 10 10 2 8 9 10
left_child=7 2 8 5 6 -3 -5 10 -2 -10 -1 -12 13 -13
right_child=1 3 -4 4 -6 -7 -8 -9 9 -11 11 12 -14 -15
leaf_value=0.003443566432708853 0.014066631850773071 -0.05389658127023831 0.059880753082889093 0.015447011292482719 -0.039348532890887633 -0.017588320699528114 -0.02966616062524734 0.022233243419291632 -0.047614066434396599 0.012094911622386352 0.0064475315762362422 -0.021239944402735481 -0.0013993253112438353 0.010580382468990913
leaf_weight=1578.5308710280806 69.633150864392519 36.122866436839104 10.075456298887728 68.452975841239095 30.526055127382278 89.684553358703852 19.980280824005604 59.216099781915545 16.520300615578893 12.842449843883513 435.42596122436225 274.95495615340769 1003.0207420792431 61.934244193136692
leaf_count=13277 344 185 53 357 153 508 104 348 92 86 2761 1524 5406 292
internal_value=-0.000111021 -0.00957018 0.00824499 -0.0171479 -0.00658613 -0.0283563 0.00503657 0.000872136 0.00326794 -0.0219608 0.000488468 -0.0021395 -0.00493273 -0.0149341
internal_weight=3766.92 353.838 109.071 244.767 118.959 125.807 88.4333 3413.08 98.9959 29.3628 3353.87 1775.34 1339.91 336.889
internal_count=25490 1882 575 1307 614 693 461 23608 522 178 23260 9983 7222 1816
cat_boundaries=0 2 4
cat_threshold=9963586 5 1658890498 2
is_linear=0
shrinkage=0.05


Tree=145
num_leaves=15
num_cat=4
split_feature=60 20 20 30 30 55 29 30 27 55 24 4 28 28
split_gain=9.03234 8.39774 10.4584 19.7387 16.2057 9.04415 9.40358 13.6385 13.4173 13.0279 11.2599 12.7043 13.1299 12.5808
threshold=222.00000000000003 -94.749999999999986 -13.9975 0 1 4.5000000000000009 2 3 0.052658891424290151 88.500000000000014 0.48957563587758718 -38.432525969400878 0.31680469759849378 0.25630541520796407
decision_type=8 8 8 9 9 8 9 9 8 8 10 8 8 10
left_child=-1 -2 3 -3 -4 -6 10 -8 -9 -10 13 -12 -13 -7
right_child=1 2 4 -5 5 6 7 8 9 -11 11 12 -14 -15
leaf_value=-0.046020106293713135 -0.038637068747146425 -0.0032730753948260515 -0.0070139631905005847 0.014839768945954174 0.030593929557811945 0.0083223456474251223 0.019396129377423726 0.030569264365212442 -0.048187443178866203 -0.0098087239244168574 -0.046695508774558095 -0.036877000684751533 0.020049868022812584 -0.00091377572705475551
leaf_weight=9.3072248287498933 12.416544718667863 265.03237345814705 667.12503404542804 334.6647577881813 25.823459535837173 496.20727854594588 35.205966304987669 17.695676920935512 23.417380662634969 247.36505348049104 7.2776724882423878 9.8490166254341585 174.02639386430383 1425.8762488495559
leaf_count=61 99 1829 4624 2161 216 2734 208 122 200 1808 61 69 1517 9699
internal_value=0.000722064 0.000850587 0.000992372 0.00703534 -0.000167366 0.00171091 0.00139943 -0.00640911 -0.0101551 -0.0132928 0.00261587 0.0141692 0.0168177 0.00147372
internal_weight=3751.29 3741.98 3729.57 599.697 3129.87 2462.74 2436.92 323.684 288.478 270.782 2113.24 191.153 183.875 1922.08
internal_count=25408 25347 25248 3990 21258 16634 16418 2338 2130 2008 14080 1647 1586 12433
cat_boundaries=0 2 4 5 7
cat_threshold=1106325848 19 554092802 33 2421282 1073811968 18
is_linear=0
shrinkage=0.05


Tree=146
num_leaves=15
num_cat=4
split_feature=2 30 4 0 7 15 59 34 11 30 56 5 26 30
split_gain=9.82135 18.5881 12.2192 9.68168 12.4577 13.1292 12.0737 11.6655 25.197 31.7989 17.9396 20.418 17.5077 17.0066
threshold=70.841452578701151 0 -4.7199581525717624 99.205000000000013 8.5000000000000018 0.0024706058469389229 2.5000000000000004 1 6.0578371229795582 2 1.0000000180025095e-35 0.19102478632478634 662.50000000000011 3
decision_type=2 9 8 10 2 8 8 1 2 9 2 8 2 9
left_child=3 2 -2 4 5 -1 -7 12 9 10 -9 -12 13 -6
right_child=1 -3 -4 -5 7 6 -8 8 -10 -11 11 -13 -14 -15
leaf_value=-0.0061601518812351222 -0.033105349278610696 -0.017431027827047033 0.011102823049580303 -0.019830247932016216 0.022792903224429797 -0.050536121432429443 0.011729724838688817 -0.020940254855171776 0.0012064634202649692 -0.022569064315191078 0.044014971243240449 0.0011730833171429561 -0.022377498843256648 0.0027894478140099489
leaf_weight=142.65357634052634 16.736592393368483 196.26549248769879 131.92901699990034 54.047883547842503 110.15919899567962 6.9308440499007702 537.08496280387044 50.800557676702738 1060.0064848680049 288.44433675147593 38.306333340704441 95.290843384340405 60.213392842561007 951.02235183119774
leaf_count=1148 97 1051 702 327 620 45 6295 319 6363 1872 220 622 370 5320
internal_value=0.00015119 -0.0078748 0.00556608 0.000968717 0.00131103 0.00730855 0.0108452 -0.000242737 -0.0030771 -0.0126622 0.00388084 0.0136929 0.00363088 0.00512632
internal_weight=3739.89 344.931 148.666 3394.96 3340.91 686.669 544.016 2654.24 1532.85 472.842 184.398 133.597 1121.39 1061.18
internal_count=25371 1850 799 23521 23194 7488 6340 15706 9396 3033 1161 842 6310 5940
cat_boundaries=0 2 3 5 7
cat_threshold=27002950 29 2 2149907025 38 40988 41
is_linear=0
shrinkage=0.05


Tree=147
num_leaves=15
num_cat=1
split_feature=7 27 56 25 8 7 25 8 24 11 3 30 15 8
split_gain=12.2582 10.5486 10.6444 17.151 9.91856 8.85507 13.4855 11.849 30.9541 27.0116 14.264 11.3899 11.2002 10.0784
threshold=-43.499999999999993 0.037506642430265656 21.500000000000004 1.1321602867347385 47.500000000000007 43.500000000000007 0.7810934351756621 1.0000000180025095e-35 0.2853648911727048 6.9246906465825671 0.040183049418092164 0 0.047535672465273134 -2.4999999999999996
decision_type=2 8 2 10 10 2 8 8 10 2 10 9 10 8
left_child=-1 -2 5 -4 -5 13 -7 8 10 -10 12 -9 -8 -3
right_child=1 2 3 4 -6 6 7 11 9 -11 -12 -13 -14 -15
leaf_value=-0.039174008383135034 0.034152104547884171 0.020663487695241345 0.058073928705051618 -0.02132090271655843 0.019506610029904264 -0.030531171673484254 -0.0040311869176679043 0.016041695853022328 0.097378621998418013 0.012123745404798318 -0.032438709715918383 -0.021069143447094027 0.058337458190797456 0.00034679957715339833
leaf_weight=18.448588810861111 22.314097033813596 61.195875464007258 19.291788408532739 22.050931204110384 41.069079056382179 54.760218450799584 31.069073529914021 19.602717965841293 13.740698721259831 26.053477995097637 37.122843991965055 89.885206125676632 8.3257473744451982 3291.680696438998
leaf_count=100 164 346 116 107 207 503 278 92 86 156 352 501 65 22387
internal_value=0.000418742 0.000624564 0.000414093 0.018074 0.00513347 8.67818e-06 -0.00850811 -0.00305608 0.00802584 0.0432272 -0.0106026 -0.0147948 0.0102678 0.000723665
internal_weight=3756.61 3738.16 3715.85 82.4118 63.12 3633.44 280.56 225.8 116.312 39.7942 76.5177 109.488 39.3948 3352.88
internal_count=25460 25360 25196 430 314 24766 2033 1530 937 242 695 593 343 22733
cat_boundaries=0 2
cat_threshold=1576964 17
is_linear=0
shrinkage=0.05


Tree=148
num_leaves=15
num_cat=3
split_feature=11 23 30 3 30 25 10 7 30 25 28 25 0 7
split_gain=10.8908 15.5301 14.8545 14.4945 23.8895 19.9884 18.6439 16.8752 16.3869 20.4021 17.0089 16.1199 15.6107 20.694
threshold=6.1749000664942963 7.402916666666667 0 0.41512531989080248 1 -1.0000000180025095e-35 10.500000000000002 8.5000000000000018 2 1.7740572381889697 0.3874621037173977 2.4497325029742307 90.985000000000014 -27.499999999999996
decision_type=2 10 9 10 9 8 2 2 9 10 10 8 10 2
left_child=1 3 -2 8 6 -6 -5 12 -1 10 -10 -9 13 -7
right_child=2 -3 -4 4 5 7 -8 11 9 -11 -12 -13 -14 -15
leaf_value=0.012842665740042886 0.0075469153265916196 -0.030406241890157244 -0.001006977659960388 -0.0028792911914675662 0.03905650952761297 -0.068544329409854138 0.032233275691578377 -0.038712414281603484 0.0099596305651438507 -0.016344959675849237 -0.0084672401073443686 -0.007351585678020126 -0.033511394439125389 0.0071004808175422623
leaf_weight=227.53640270791948 802.64505570940673 49.957409810274839 1347.9884429611266 162.72269234061241 14.76995589584112 8.7680455744266492 48.193588897585869 129.49853182956576 319.9761025365442 189.01804490201175 204.4118920546025 60.532369155436754 41.245152048766613 120.57339352555573
leaf_count=1429 5265 543 8675 1374 151 39 362 840 2027 1108 1442 310 305 1444
internal_value=-9.61007e-05 -0.00325077 0.00221787 -0.00234318 -0.00850684 -0.0158141 0.00502111 -0.0186005 0.00150236 -0.00227539 0.0027742 -0.0288135 -0.00712182 0.00148598
internal_weight=3727.84 1577.2 2150.63 1527.25 586.304 375.387 210.916 360.617 940.942 713.406 524.388 190.031 170.587 129.341
internal_count=25314 11374 13940 10831 4825 3089 1736 2938 6006 4577 3469 1150 1788 1483
cat_boundaries=0 2 4 6
cat_threshold=2189120534 17 2187075392 44 562070041 42
is_linear=0
shrinkage=0.05


Tree=149
num_leaves=15
num_cat=4
split_feature=24 30 58 29 26 0 25 29 22 28 3 10 30 55
split_gain=8.98947 27.4749 19.4863 17.1702 16.4935 15.9044 13.2539 12.3559 16.569 14.5702 24.862 12.1525 11.8122 15.9588
threshold=0.42604654984946894 0 1.0000000180025095e-35 1 738.00000000000011 23.010000000000002 0.26648531421269067 2 11.295000000000003 0.52708231543002382 0.29860049320322096 16.500000000000004 3 10.500000000000002
decision_type=8 9 2 9 2 8 10 9 10 10 8 2 9 8
left_child=2 6 4 5 7 -3 -2 -1 9 12 -11 -8 -9 -14
right_child=1 3 -4 -5 -6 -7 11 8 -10 10 -12 -13 13 -15
leaf_value=0.016110358119319559 0.0011505122479779 -0.017267299657705768 -0.054028238012816712 -0.012157392127258602 0.015134494825114029 0.012744567154324144 -0.018038113061292906 0.005155751531098228 -0.052661768243243395 0.080367526097892328 0.00066402023359352167 -0.058436933205100267 0.022888385330822977 -0.0036957903971275292
leaf_weight=101.67485549114645 88.456285040825605 50.597490783780813 15.229655038565395 132.52716087177396 189.3569971639663 308.43905379250646 260.27929713390768 588.04189527779818 14.313635373488067 13.975669194012879 28.272149540483952 19.356673564761877 57.222768304869533 1870.1743727736175
leaf_count=637 764 367 109 962 1791 2620 1902 3821 197 84 244 135 389 11384
internal_value=-0.000735586 -0.00521909 0.00060486 0.00260226 0.000914239 0.00824977 -0.0152988 -9.81607e-05 -0.000804406 -0.000496871 0.0282788 -0.0210328 -0.000991215 -0.00288013
internal_weight=3737.92 859.656 2878.26 491.564 2863.03 359.037 368.092 2673.68 2572 2557.69 42.2478 279.636 2515.44 1927.4
internal_count=25406 6750 18656 3949 18547 2987 2801 16756 16119 15922 328 2037 15594 11773
cat_boundaries=0 2 3 4 6
cat_threshold=3779422230 27 1352960 786483 2181122079 7
is_linear=0
shrinkage=0.05


Tree=150
num_leaves=15
num_cat=2
split_feature=24 30 30 21 28 3 10 3 7 24 3 24 3 50
split_gain=8.02448 26.9812 16.7781 19.5345 16.2141 14.8988 14.2574 14.1767 13.1731 12.8702 12.7821 15.3991 12.3267 12.064
threshold=0.42604654984946894 0 1 0.99276888640533756 0.42080098428280088 0.013833047518044561 37.500000000000007 0.13098709469523676 1.5000000000000002 0.48175269211427346 0.44557258234300839 0.054677844076365591 0.85387902095144252 1.0000000180025095e-35
decision_type=8 9 9 8 8 8 2 8 2 10 8 10 10 2
left_child=2 4 3 -1 -2 -4 10 -6 -9 -3 -5 -12 -13 -7
right_child=1 9 5 6 7 13 -8 8 -10 -11 11 12 -14 -15
leaf_value=-0.019726479532290519 -0.028376122672552524 -0.0051618002930078344 0.011726474474403585 0.016858581547486613 -0.032817052917036002 -0.0020343733553434057 -0.029909080994532641 -0.040686432301220044 0.011188660481356819 0.0096882141424901817 0.062984713806128773 -0.0047789438983147506 0.017840634657774919 -0.052983937524842387
leaf_weight=59.421853218227625 146.77440907247365 290.38988577201962 207.90581460110843 408.77045245282352 32.591707319021225 1851.0055850092322 20.952404379844666 13.089071553200482 92.568442991003394 291.32670384272933 9.4878810346126539 221.35763633996248 81.613275846466422 10.694034013897179
leaf_count=457 1096 2174 1228 2655 241 11821 143 77 799 2425 68 1607 597 65
internal_value=0.000187216 -0.00402649 0.00146018 0.00754547 -0.0162892 -0.000931238 0.0098541 -0.00451499 0.00444105 0.00224058 0.0110491 0.00341932 0.00135289 -0.00235533
internal_weight=3737.95 866.74 2871.21 801.604 285.024 2069.61 742.182 138.249 105.658 581.717 721.229 312.459 302.971 1861.7
internal_count=25453 6812 18641 5527 2213 13114 5070 1117 876 4599 4927 2272 2204 11886
cat_boundaries=0 2 4
cat_threshold=1631864915 30 3243337814 25
is_linear=0
shrinkage=0.05


Tree=151
num_leaves=15
num_cat=5
split_feature=2 29 7 10 30 30 54 29 29 28 24 25 25 24
split_gain=9.46043 14.9575 11.2441 15.4287 23.7162 16.4016 20.3416 16.244 15.83 14.3888 11.8239 25.5224 11.7373 11.6756
threshold=-0.0017448529702202007 0 20.500000000000004 10.500000000000002 1 2 73.500000000000014 3 4 0.14039172156360821 0.7902348055424343 -0.49513302020251099 1.9156651853704008 0.49754791850455493
decision_type=2 9 2 2 9 9 10 9 9 8 10 10 10 10
left_child=1 -1 9 5 -5 6 8 12 -4 -2 13 -12 -6 -11
right_child=2 -3 3 4 7 -7 -8 -9 -10 10 11 -13 -14 -15
leaf_value=0.017576058650774978 -0.027466418584545495 -0.018863346092910502 -0.0064414498612758459 0.023750141029101418 0.055920941734022102 -0.001700027788905817 0.02521133754691153 -0.011328461425928804 -0.027520089602164767 0.0012946777886033737 0.037005699488068061 -0.079668331997128347 0.0021027264916115523 0.013062009699252251
leaf_weight=140.47282624430954 40.560435608029366 26.510310774669051 196.87745529413223 104.23990060761571 17.113962352275848 624.68050167523324 28.661778472363949 168.31231141835451 194.43288235738873 1935.3976028077304 6.7500089816749123 11.485061291605232 23.173018977046013 235.60823305137455
leaf_count=1017 230 201 988 657 79 3432 131 1024 1523 13825 108 85 105 2117
internal_value=3.91223e-05 0.0116364 -0.000503808 -0.00408984 0.00563795 -0.0070056 -0.0144899 -0.004406 -0.0178241 0.00168021 0.0022325 -0.036801 0.0207417 0.00257715
internal_weight=3754.28 166.983 3587.29 1357.49 312.839 1044.65 419.972 208.599 391.31 2229.8 2189.24 18.2351 40.287 2171.01
internal_count=25522 1218 24304 7939 1865 6074 2642 1208 2511 16365 16135 193 184 15942
cat_boundaries=0 1 3 5 6 7
cat_threshold=2158598 12903744 6 63564872 12 8192 21505
is_linear=0
shrinkage=0.05


Tree=152
num_leaves=15
num_cat=4
split_feature=11 7 29 24 30 19 27 27 11 0 30 5 24 30
split_gain=8.79104 8.02204 13.6356 23.5674 24.5863 19.0284 17.533 16.5474 15.8978 16.5674 17.5122 15.1971 14.1483 19.8677
threshold=10.461220044647936 16.500000000000004 0 0.26995309163600023 1 92.600000000000009 0.30606188092952707 0.48440953662924136 7.4923785970800472 70.895000000000024 2 0.80020000000000013 0.44808388347541267 3
decision_type=2 2 9 8 9 8 8 10 2 8 9 10 10 9
left_child=1 2 5 4 6 8 -4 -7 9 12 -11 -12 13 -1
right_child=-2 -3 3 -5 -6 7 -8 -9 -10 10 11 -13 -14 -15
leaf_value=-0.0040939619989567924 -0.038933522873683506 -0.0021384843371984588 -0.023177802958180328 -0.019130219624286626 0.018393806061708096 0.007257898717742974 0.035817870950633421 0.027693370998432273 0.022485773223800687 0.010997594474802535 -0.01143649212535933 -0.057077017186695327 -0.012845757147491184 0.027770649903364981
leaf_weight=88.079375833272934 13.57056340575218 2029.7857603151351 84.496468566358089 177.57742443308234 131.39229521527886 421.37123866006732 13.852723628282545 129.00853940658271 68.85648138448596 83.603325296193361 308.94515030272305 18.488044545054436 63.432608431205153 101.65023801848292
leaf_count=742 69 11189 443 1168 765 4171 106 1466 563 858 2352 131 459 894
internal_value=-0.000171792 -1.9986e-05 0.00252308 -0.00537082 0.00506848 0.00503319 -0.0132569 0.0120895 -0.000205381 -0.00258801 -0.00877737 -0.0137605 0.00745609 0.0142754
internal_weight=3734.11 3720.54 1690.75 407.319 229.741 1283.44 98.3492 550.38 733.055 664.199 411.037 327.433 253.162 189.73
internal_count=25376 25307 14118 2482 1314 11636 549 5637 5999 5436 3341 2483 2095 1636
cat_boundaries=0 1 3 4 6
cat_threshold=307991 1115690050 35 37121602 538898440 22
is_linear=0
shrinkage=0.05


Tree=153
num_leaves=15
num_cat=2
split_feature=2 15 7 24 25 25 28 56 29 3 11 7 16 30
split_gain=9.02332 12.9122 9.33468 16.5207 13.0322 20.1121 16.4754 13.8805 12.3959 19.0537 17.1943 23.3946 16.3388 14.6666
threshold=-8.92879973205679 6.9353726350809195 40.500000000000007 0.24940624468521469 1.2181698172843591 1.4563465961146618 0.23286573091306265 2.5000000000000004 0 0.08246984660158628 5.9305989745031118 13.500000000000002 -0.55499999999999783 1
decision_type=2 8 2 10 10 10 10 2 9 10 2 2 8 9
left_child=1 -1 8 -4 7 -6 -7 -5 9 -2 11 -11 -12 -10
right_child=2 -3 3 4 5 6 -8 -9 13 10 12 -13 -14 -15
leaf_value=0.032457521721884472 0.028637451656485603 -0.004620719900996449 -0.018473695893267302 0.0073814326368586832 0.06113359243267278 0.048374466598052487 -0.00702827220377031 -0.044700802535851368 -0.0091409140750351101 0.023853584472573557 0.068744209311391455 -0.02788072183691917 0.0078574993901919573 0.00047918048798096689
leaf_weight=48.547280693426728 90.156805813312531 44.21318400092423 189.20429623685777 26.711729973554611 17.397977501153946 15.54540544003248 70.118772327899933 23.133967276662588 460.50344230420887 29.529376408085227 10.902579870074986 76.716390993446112 154.94706057943404 2479.6122115869075
leaf_count=381 528 341 1502 214 91 83 376 140 3271 363 68 431 991 16718
internal_value=-0.000391758 0.0149238 -0.000785562 -0.00863497 0.00358014 0.0136963 0.00346779 -0.0171943 2.99731e-05 0.0086149 0.00221547 -0.0134136 0.0122481 -0.00105605
internal_weight=3737.24 92.7605 3644.48 342.112 152.908 103.062 85.6642 49.8457 3302.37 362.252 272.095 106.246 165.85 2940.12
internal_count=25498 722 24776 2406 904 550 459 354 22370 2381 1853 794 1059 19989
cat_boundaries=0 1 3
cat_threshold=262917 2111810 23
is_linear=0
shrinkage=0.05


Tree=154
num_leaves=15
num_cat=0
split_feature=7 44 10 56 4 15 25 24 28 7 11 28 24 6
split_gain=8.84609 12.5332 11.4657 13.3213 13.167 10.1573 9.86639 12.8818 17.2115 11.2454 16.2264 9.4572 19.1217 16.1363
threshold=20.500000000000004 2.5000000000000004 13.500000000000002 21.500000000000004 -16.104924194760653 0.72358038655172685 0.67177670103691567 0.32644107884860535 0.36619646517551785 25.500000000000004 6.5902461007830313 0.28336095696742447 0.30677662802808614 71.500000000000014
decision_type=2 2 2 2 8 10 10 8 8 2 2 10 10 10
left_child=1 -1 3 4 -2 -5 7 -6 9 -9 -11 12 -8 -13
right_child=2 -3 -4 5 6 -7 11 8 -10 10 -12 13 -14 -15
leaf_value=0.0012052734468478439 -0.033438382341348681 0.030323383304734743 0.0067108599368800653 0.056809694695399052 -0.023695287195082182 0.0020004359116806395 -0.00058184334541838277 0.05710515395906865 -0.011785171866857243 -0.03257515337388367 0.043626500927823178 -0.0092399872140606059 0.033987443759957672 0.036987798183432029
leaf_weight=2284.3198282197118 42.052710020914674 36.565913710743189 234.88168043456972 13.641990274190901 142.77105289883912 20.178429991006851 294.82394583523273 15.198417920619248 147.88149550743401 13.666232179850342 12.349911663681267 402.22368540987372 45.276210639625788 18.830232687294483
leaf_count=16836 303 335 1422 60 957 90 1674 78 992 103 88 2120 224 100
internal_value=-0.000217988 0.0016769 -0.00334979 -0.00537543 -0.00630492 0.0251052 -0.00523138 -0.0124122 -0.00381347 0.0243913 0.0038738 -0.00208832 0.00410638 -0.00708986
internal_weight=3724.66 2320.89 1403.78 1168.89 1135.07 33.8204 1093.02 331.867 189.096 41.2146 26.0161 761.154 340.1 421.054
internal_count=25382 17171 8211 6789 6639 150 6336 2218 1261 269 191 4118 1898 2220
is_linear=0
shrinkage=0.05


Tree=155
num_leaves=15
num_cat=5
split_feature=28 30 3 26 28 30 26 11 30 29 2 3 1 30
split_gain=9.36721 16.8444 15.5616 16.7185 12.752 22.383 14.5659 14.22 13.2918 18.4638 20.2696 19.0211 21.9854 20.1705
threshold=0.45145531057158766 0 1.4064089673921896 1003.0000000000001 0.40964005372793427 1 1381.5000000000002 5.9305989745031118 2 3 45.225771897117475 0.20994398753652735 0.25207120849024311 4
decision_type=8 9 10 2 10 9 2 2 9 9 2 8 10 9
left_child=2 -2 4 -4 6 -6 8 -7 -1 10 -10 12 -11 -13
right_child=1 -3 3 -5 5 7 -8 -9 9 11 -12 13 -14 -15
leaf_value=-0.0051830683942426245 -0.011197864171930095 0.0070113641749932204 0.0081573206135618116 -0.063722361945950878 0.0044437756182696929 -0.037964908140268719 0.018267183829886461 -0.010973537755174137 -0.0036936603636635343 -0.0075664424345191607 -0.042844459219516656 0.023508660849399073 0.019304734860456602 -0.0033172530804670753
leaf_weight=950.65503003634512 141.6431724820286 784.99566549621522 13.039930235594509 19.460657153278589 162.11430758610368 76.540647240355611 104.84579374454916 135.0556606464088 200.7449348308146 97.182688454166055 38.635606370866299 68.58323579467833 342.6975173689425 575.37588785775006
leaf_count=6090 990 6095 105 138 1276 519 964 908 1181 604 228 475 1935 3778
internal_value=-0.000178156 0.00417376 -0.00162716 -0.0355001 -0.00121444 -0.0097877 0.000136012 -0.0199322 -0.000707658 0.00252919 -0.00975852 0.00531387 0.0133644 -0.000115142
internal_weight=3711.57 926.639 2784.93 32.5006 2752.43 373.711 2378.72 211.596 2273.87 1323.22 239.381 1083.84 439.88 643.959
internal_count=25286 7085 18201 243 17958 2703 15255 1427 14291 8201 1409 6792 2539 4253
cat_boundaries=0 2 4 6 7 8
cat_threshold=558370821 4 3268936776 52 1654033488 57 3281921 70156
is_linear=0
shrinkage=0.05


Tree=156
num_leaves=15
num_cat=3
split_feature=61 20 2 30 25 6 7 3 26 30 30 6 19 45
split_gain=10.272 9.4321 8.52327 14.9922 11.9359 10.8713 9.61808 15.013 16.2318 19.1963 14.8115 14.095 19.2049 17.8683
threshold=2487.5000000000005 -88.794999999999987 70.841452578701151 0 2.081822870052382 -24.499999999999996 15.500000000000002 0.050085427500924637 494.50000000000006 1 2 -42.499999999999993 91.905000000000015 1.0000000180025095e-35
decision_type=8 8 2 9 10 10 2 8 2 9 9 10 10 2
left_child=-1 -2 6 4 5 -4 -3 10 9 11 -8 -9 13 -13
right_child=1 2 3 -5 -6 -7 7 8 -10 -11 -12 12 -14 -15
leaf_value=-0.033196468212433737 -0.021458137074759385 0.0047793340861336103 0.010734345871336898 -0.011534715247790957 0.0016333794686426665 0.084785159008399835 -0.0066930981016824435 0.032497321773036103 -0.018908922109408602 -0.0053247076503392813 0.012889511826497016 0.012959800412085297 -0.035921528934187243 -0.0203585228387216
leaf_weight=21.608305901288986 46.798114078119397 1422.3901851326227 10.503332860767843 276.682687362656 47.307350121438503 8.9883520975708944 131.34730178490281 50.241097670048475 145.96660826168954 903.92308633029461 317.88526418805122 260.77140677534044 26.278353355824947 46.6265276260674
leaf_count=157 288 12561 61 1486 242 54 945 232 897 4752 1872 1405 118 319
internal_value=0.000403828 0.000609211 0.000898031 -0.00658696 0.0134867 0.0473531 0.00167759 -0.000666671 -0.0031659 -0.00136827 0.0072994 0.00787055 0.00431169 0.00785641
internal_weight=3717.32 3695.71 3648.91 343.482 66.799 19.4917 3305.43 1883.04 1433.81 1287.84 449.233 383.917 333.676 307.398
internal_count=25389 25232 24944 1843 357 115 23101 10540 7723 6826 2817 2074 1842 1724
cat_boundaries=0 2 4 6
cat_threshold=18352198 1 2148095004 57 1090604364 40
is_linear=0
shrinkage=0.05


Tree=157
num_leaves=15
num_cat=4
split_feature=2 30 9 30 3 6 2 3 55 29 25 30 28 3
split_gain=9.99514 13.0087 12.1994 13.9113 14.1239 13.1243 11.3843 11.2754 11.1603 10.6478 19.8491 14.3733 15.5756 22.3129
threshold=308.65663795438849 0 2.5000000000000004 1 0.13800967944449211 -69.499999999999986 137.86097161297735 0.19431244312087922 7.5000000000000009 2 3.9514802480208533 3 0.39299388449336853 0.0028128563501210453
decision_type=2 9 2 9 8 10 2 10 8 9 10 9 8 8
left_child=2 -2 9 5 -5 6 -4 -6 -7 10 -1 12 13 -11
right_child=1 -3 3 4 7 8 -8 -9 -10 11 -12 -13 -14 -15
leaf_value=0.0085839244978906278 0.010253308073507958 -0.032676860207000273 0.045695956165919219 -0.018501984801295855 0.05492243548493362 0.042433223816104253 -0.017408131117481736 0.012204746926018873 -0.012283472418061023 0.029376013318719446 -0.020675819764033206 0.00025796740634013055 -0.015457136456389981 -0.0054903431682160435
leaf_weight=475.21865829266608 24.80818622559309 39.74003579840064 20.774171356111768 35.731343992054462 15.188985735177992 8.8659444376826269 9.9885468706488592 395.07818688638508 177.39935262314975 49.507103718817234 65.031883616000414 1517.4894828964025 380.56353285349905 501.08548148721457
leaf_count=2927 118 206 115 205 90 53 56 3229 1161 376 370 10154 2877 3498
internal_value=-0.000341701 -0.0196935 5.64204e-06 0.00613613 0.0110363 -0.00424956 0.0253033 0.0139159 -0.00946635 -0.00135588 0.00493888 -0.00275507 -0.00761106 -0.00230773
internal_weight=3716.47 64.5482 3651.92 663.027 445.999 217.028 30.7627 410.267 186.265 2988.9 540.251 2448.65 931.156 550.593
internal_count=25435 324 25111 4909 3524 1385 171 3319 1214 20202 3297 16905 6751 3874
cat_boundaries=0 2 4 5 7
cat_threshold=1572866 33 3226312710 18 1315600 546199835 37
is_linear=0
shrinkage=0.05


Tree=158
num_leaves=15
num_cat=1
split_feature=9 0 28 16 13 26 30 10 19 25 1 56 8 3
split_gain=7.5552 7.68052 12.0633 10.2863 10.036 7.91218 25.5725 22.1102 14.1477 13.0179 16.3389 11.8151 21.8665 11.4723
threshold=12.500000000000002 97.995000000000019 0.54827170198783226 -0.087499999999998565 0.10250000000000005 62.500000000000007 0 37.500000000000007 41.750000000000007 7.0779958431557963 1.2415229885057475 8.5000000000000018 32.500000000000007 0.35038333333333338
decision_type=2 10 8 10 10 2 9 2 8 10 10 2 10 10
left_child=1 5 3 4 -3 6 7 -1 13 11 -11 -10 -13 -8
right_child=-2 2 -4 -5 -6 -7 8 -9 9 10 -12 12 -14 -15
leaf_value=-0.0095818618132753625 0.037990292805214473 0.031162952383376755 -0.050845639583110183 -0.026551402205075365 -0.013819484069953702 0.0034002812661443407 -0.0035469294373633082 -0.081536528914735687 0.0064207583642545826 -0.051464467117133754 0.02150239861881684 -0.068445870635712322 0.0074177392384068832 -0.031432042536563946
leaf_weight=480.59023165516555 12.529714995995162 24.782964520156384 16.553384557366371 31.869826812297106 23.056461296975613 1704.888546410948 201.6701768822968 9.9435045719146711 1077.0445784945041 21.019619926810265 11.076349478214977 14.22690489515662 24.796662779524922 44.235085397958755
leaf_count=3002 96 148 106 225 144 12844 1219 52 6819 117 71 88 139 295
internal_value=0.000694782 0.000557726 -0.0133065 -0.00497731 0.00964437 0.000933139 -0.00129936 -0.01098 0.00217552 0.0045228 -0.0263947 0.00543476 -0.0212591 -0.00867008
internal_weight=3698.28 3685.75 96.2626 79.7093 47.8394 3589.49 1884.6 490.534 1394.07 1148.16 32.096 1116.07 39.0236 245.905
internal_count=25365 25269 623 517 292 24646 11802 3054 8748 7234 188 7046 227 1514
cat_boundaries=0 2
cat_threshold=1623780360 25
is_linear=0
shrinkage=0.05


Tree=159
num_leaves=15
num_cat=3
split_feature=2 18 2 2 26 7 7 30 1 26 44 30 15 29
split_gain=10.1054 8.91766 8.1422 18.0722 14.0249 6.97983 7.09535 12.5174 21.1564 13.2246 12.1367 12.2425 16.4057 12.6541
threshold=-8.92879973205679 1.5762500000000028 -2.3395669833119244 -0.0017448529702202007 21.500000000000004 -43.499999999999993 23.500000000000004 0 0.23570261437908499 494.50000000000006 2.5000000000000004 1 3.4631623124131612 2
decision_type=2 8 2 2 2 2 2 9 10 2 2 9 8 9
left_child=1 -1 4 -4 -2 -5 10 8 -8 -9 11 12 13 -7
right_child=2 -3 3 5 -6 6 7 9 -10 -11 -12 -13 -14 -15
leaf_value=0.049482198419349845 -0.050526804726830257 0.0086795171704812431 0.033749873249501433 -0.033689626763985479 0.0046040167361244295 0.0082988912898961549 -0.022685019419087044 -0.005012510652684799 0.018639488481887342 -0.033171770081497881 0.028048425818806535 0.0038005626585744393 0.0022111853539214846 -0.01274316147191417
leaf_weight=15.534640623256562 20.922479048371315 73.988439245149493 37.291112745180726 15.044156439602373 24.027366563677788 79.336202766746283 39.870218092575669 865.50359777919948 127.64153824560344 42.858875352889299 39.341563446447253 1254.2592599838972 620.93370724096894 458.26905899494886
leaf_count=116 129 588 249 85 183 488 280 5191 665 361 342 9093 4421 3178
internal_value=-0.000272896 0.0162283 -0.000684739 -0.000416218 -0.0215985 -0.000785242 -0.000635424 -0.00401863 0.00823851 -0.0063068 0.00084999 0.000395073 -0.00329623 -0.00971079
internal_weight=3714.82 89.5231 3625.3 3580.35 44.9498 3543.06 3528.01 1075.87 167.512 908.362 2452.14 2412.8 1158.54 537.605
internal_count=25369 704 24665 24353 312 24104 24019 6497 945 5552 17522 17180 8087 3666
cat_boundaries=0 2 4 5
cat_threshold=1617986823 16 1626121478 51 1573269
is_linear=0
shrinkage=0.05


Tree=160
num_leaves=15
num_cat=3
split_feature=23 11 19 30 11 11 30 30 24 26 25 7 25 32
split_gain=8.19936 8.50159 7.81601 23.6368 13.4465 17.2744 15.9883 15.7017 17.5563 19.8809 15.6254 16.8963 14.718 13.6496
threshold=-2.2227083333333328 6.4851917700296182 86.492500000000021 0 7.8066145571806018 7.7443744258388696 1 2 0.42604654984946894 725.50000000000011 7.8454301265326398 12.500000000000002 2.5867427089923658 2.5000000000000004
decision_type=8 2 10 9 2 2 9 9 10 2 10 2 8 10
left_child=1 -1 4 -4 5 7 13 8 10 -10 11 -2 -8 -6
right_child=2 -3 3 -5 6 -7 12 -9 9 -11 -12 -13 -14 -15
leaf_value=-0.060033878489111438 0.019166463100426974 -0.0044719681031446966 0.010739306487529052 -0.010805432072529261 -0.023287506181669873 -0.034255304264057797 0.0087490796288420842 0.0020104291902372268 -0.0038045248308693626 -0.039380126618803191 -0.058020016102918952 -0.0068454592047303836 -0.014739803491527665 0.024104680746137905
leaf_weight=10.496282434090974 88.30715206079185 17.606617853045464 166.20592223666608 455.41134065762162 15.793914340436457 36.023781152442098 201.14052171073854 2074.4249185174704 77.935565315186977 78.645039804279804 10.662533059716223 206.44742210023105 98.530020616948605 180.80803582258523
leaf_count=69 827 102 1186 3381 96 223 1140 14345 575 646 55 1264 508 1007
internal_value=-0.000138379 -0.0265738 7.00783e-05 -0.00503794 0.00110609 -0.00034873 0.00863275 0.000146142 -0.0080799 -0.0218094 -0.00125656 0.000986052 0.000970451 0.0192259
internal_weight=3718.44 28.1029 3690.34 621.617 3068.72 2572.45 496.272 2536.42 461.998 156.581 305.417 294.755 299.671 196.602
internal_count=25424 171 25253 4567 20686 17935 2751 17712 3367 1221 2146 2091 1648 1103
cat_boundaries=0 2 4 5
cat_threshold=1077173008 2 1110991960 17 1076132114
is_linear=0
shrinkage=0.05


Tree=161
num_leaves=15
num_cat=1
split_feature=20 2 20 30 55 55 11 18 7 18 8 11 28 24
split_gain=7.43138 7.35144 7.94653 17.0963 10.5984 10.0339 8.63598 8.76744 16.5656 8.5548 8.31466 8.1944 13.4292 13.1332
threshold=-94.749999999999986 543.74592200189898 -13.9975 0 88.500000000000014 94.500000000000014 8.5880131926220002 -2.1037500000000011 8.5000000000000018 -1.5000000000000016 43.500000000000007 6.5352194998575355 0.059856735518329131 0.11713104420899483
decision_type=8 2 8 9 10 10 2 8 2 10 10 2 8 8
left_child=-1 2 3 4 -2 11 7 10 -9 -8 -5 12 -4 -14
right_child=1 -3 5 6 -6 -7 9 8 -10 -11 -12 -13 13 -15
leaf_value=-0.038352798226221271 0.014613019606929449 -0.034678592356239366 0.051345904011743215 -0.038734817926965225 -0.042468044168455232 0.042875600283927874 0.0051075669843084065 0.033333519637930971 -0.0037592978157097094 -0.052361362168172387 0.013517488001150942 0.0011586853499489195 -0.021430529000550806 -0.003225774145722532
leaf_weight=12.108700605109332 300.68982354924083 14.794272564351557 9.8915552422404271 25.622245468199253 7.4127500019967547 11.687347780913113 10.087324876338245 35.093233009800315 180.42781598307192 16.297190304845572 10.070621449500321 1393.925452798605 104.73503458499908 1585.2749510854483
leaf_count=95 2022 72 48 159 45 73 52 508 1033 81 60 9106 856 11243
internal_value=-0.000772265 -0.000639164 -0.00049338 0.00484363 0.012696 -0.00150118 -0.00419116 -0.00142929 0.00240657 -0.0310057 -0.0240254 -0.00168262 -0.00401181 -0.00436598
internal_weight=3718.12 3706.01 3691.22 585.701 308.103 3105.51 277.598 251.214 215.521 26.3845 35.6929 3093.83 1699.9 1690.01
internal_count=25453 25358 25286 3960 2067 21326 1893 1760 1541 133 219 21253 12147 12099
cat_boundaries=0 2
cat_threshold=2188168463 32
is_linear=0
shrinkage=0.05


Tree=162
num_leaves=15
num_cat=3
split_feature=28 20 7 50 27 30 3 29 24 24 24 30 8 24
split_gain=8.96319 8.82539 9.33748 13.0864 12.3297 24.1403 17.5652 12.8969 14.5945 14.499 20.4108 13.7113 13.8036 11.0542
threshold=0.059856735518329131 -88.794999999999987 10.500000000000002 1.0000000180025095e-35 0.62344053697347934 0 0.17689814196748396 1 0.051921992422789699 0.49754791850455493 0.58038817090700745 2 108.50000000000001 0.61048047089251767
decision_type=8 8 2 2 10 9 10 9 8 8 10 9 10 10
left_child=-1 -2 4 -4 7 -6 -7 8 -3 11 -11 12 -9 -12
right_child=1 2 3 -5 5 6 -8 9 -10 10 13 -13 -14 -15
leaf_value=0.03773795349265107 -0.02102903369543661 -0.066553673220199547 -0.0011125363727478156 -0.048586895300123216 -0.036871906026568736 -0.055267290247720126 0.027287277573769045 -0.0087087607071234998 0.028327441686226723 0.041082194694636018 -0.0478731038308466 0.0079906482714600675 0.057595267544329948 0.010185942259859866
leaf_weight=14.627786904573439 49.204899249598384 3.3010454438626757 2741.327898863703 13.593889169394968 38.969566568732262 6.7034442089498034 39.531390532851219 286.64202327467501 96.476642096415162 55.836053458973765 10.192252144217489 321.81561608240008 7.0814034789800635 29.767960254102945
leaf_count=72 300 24 15741 73 295 73 497 2408 1376 758 97 3411 51 308
internal_value=-4.8661e-05 -0.000208186 7.80814e-05 -0.00136434 0.00450809 -0.0134823 0.0118851 0.00641218 0.0223422 0.00378273 0.0218246 0.00100538 -0.00669313 -0.00542983
internal_weight=3715.07 3700.44 3651.24 2754.92 896.317 85.2044 46.2348 811.113 99.7777 711.335 95.7963 615.539 293.723 39.9602
internal_count=25484 25412 25112 15814 9298 865 570 8433 1400 7033 1163 5870 2459 405
cat_boundaries=0 2 3 5
cat_threshold=1619054610 10 2363396 2183993104 55
is_linear=0
shrinkage=0.05


Tree=163
num_leaves=15
num_cat=4
split_feature=0 7 0 30 26 29 8 28 27 30 28 30 27 35
split_gain=8.5377 11.9513 13.9364 13.6253 17.187 15.354 18.0454 14.6759 12.6082 18.6747 18.8768 15.3451 22.3199 12.0791
threshold=97.020000000000024 8.5000000000000018 70.895000000000024 0 114.50000000000001 1 79.500000000000014 0.20471312854381077 0.39656540837245219 2 0.37646425636102954 3 0.53965618003084626 1.0000000180025095e-35
decision_type=10 2 10 9 2 9 10 10 8 9 10 9 10 2
left_child=1 3 -3 4 5 6 7 -1 9 -6 -11 -10 -13 -4
right_child=-2 2 13 -5 8 -7 -8 -9 11 10 -12 12 -14 -15
leaf_value=0.019273720802285798 -0.01380936606397592 -7.8245119017687938e-05 -0.022660487278391057 0.013953396960413348 0.015846689466234444 0.011396598392952123 0.043403447478188945 -0.031063307186715294 0.030317495110390408 0.0083617081273439069 -0.06301832363002087 0.01952610040025091 -0.054418839463611292 0.013136435767979841
leaf_weight=15.874955613166092 105.73967812210321 2735.267812224105 120.15763111412525 311.02195925451815 43.807384056970477 53.430584121495485 9.5615689978003484 114.35574305430055 83.084869109094143 15.247995112091301 21.791846310719848 26.806265879422426 15.149205587804316 28.553299680352211
leaf_count=101 727 15985 748 3806 448 545 59 761 1154 159 180 357 155 187
internal_value=0.000126229 0.000539945 -0.000891294 0.00634555 4.68835e-05 -0.0106341 -0.0185665 -0.0248272 0.0100761 -0.00527724 -0.0270701 0.0199662 -0.00634256 -0.0157454
internal_weight=3699.85 3594.11 2883.98 710.132 399.11 193.223 139.792 130.231 205.888 80.8472 37.0398 125.04 41.9555 148.711
internal_count=25372 24645 16920 7725 3919 1466 921 862 2453 787 339 1666 512 935
cat_boundaries=0 2 3 5 7
cat_threshold=2162719826 35 647186 12599378 33 11013136 32
is_linear=0
shrinkage=0.05


Tree=164
num_leaves=15
num_cat=3
split_feature=14 60 28 0 4 30 29 25 7 56 28 10 30 9
split_gain=8.73637 6.50277 6.4109 15.4221 13.0121 12.0015 18.0439 17.1215 22.5091 19.5057 15.5429 18.1868 13.8965 12.1202
threshold=-10.687499999999998 222.00000000000003 0.44150801209663343 94.965000000000018 0.0032228867866630488 0 1 0.65134495661188241 27.500000000000004 1.0000000180025095e-35 0.25211534110214778 16.500000000000004 2 1.0000000180025095e-35
decision_type=8 8 8 10 10 9 9 10 2 2 10 2 9 2
left_child=-1 -2 5 -4 -5 13 7 8 10 12 -7 -12 -9 -3
right_child=1 2 3 4 -6 6 -8 9 -10 -11 11 -13 -14 -15
leaf_value=-0.045183536486037873 -0.040234866209488594 0.014490781492902866 0.0052677767443926578 -0.035192535549631386 0.031364401833919989 0.02214707091519498 0.00037984690065279392 0.0043547351329480104 -0.041428464993214592 0.0020967515611259382 -0.00010412896105656651 -0.037570071422160428 -0.033471565990655601 -0.00035391008853779605
leaf_weight=9.6886569000780565 8.9725189711898548 223.54345360584557 887.76006954908371 39.951597765088081 8.1305120661854726 65.747375080361962 1474.9575624670833 33.263067265972495 34.4669527746737 73.736261934041977 284.44346562027931 35.554189162328839 152.05995311588049 354.59325314871967
leaf_count=59 60 1788 6878 277 77 404 8975 255 265 485 2159 231 1042 2380
internal_value=-4.53886e-05 8.57935e-05 0.000195357 0.00376475 -0.0235283 -0.0010281 -0.00274249 -0.0094203 -0.00330985 -0.0196433 0.000194424 -0.00437096 -0.028258 0.0053094
internal_weight=3686.87 3677.18 3668.21 935.842 48.0821 2732.37 2154.23 679.271 420.212 259.059 385.745 319.998 185.323 578.137
internal_count=25335 25276 25216 7232 354 17984 13816 4841 3059 1782 2794 2390 1297 4168
cat_boundaries=0 2 3 5
cat_threshold=592183813 17 3245074 3221225736 4
is_linear=0
shrinkage=0.05


Tree=165
num_leaves=15
num_cat=2
split_feature=7 29 24 19 29 26 25 56 5 26 3 23 11 25
split_gain=9.58606 12.592 13.3664 11.4205 10.9622 14.1859 12.7727 11.8841 11.2403 14.1829 11.6277 12.5109 9.98127 15.562
threshold=8.5000000000000018 0 0.58038817090700745 95.717500000000015 1 278.50000000000006 16.786585894359561 21.500000000000004 0.71521023366237679 65.500000000000014 0.87200722088502147 0.59625000000000017 7.4923785970800472 3.7711767084517729
decision_type=2 9 8 10 9 2 10 2 10 2 10 8 2 8
left_child=1 3 -3 -1 5 6 8 -7 10 -10 11 -2 -6 -14
right_child=4 2 -4 -5 12 7 -8 -9 9 -11 -12 -13 13 -15
leaf_value=0.0068851887276152289 -0.017067029880171596 -0.0024094642445579221 -0.064958035975392875 0.033633393382836399 -0.0053280415909716314 -0.027411790850720964 -0.046247772024330856 0.019689244047394611 -0.069568285154858106 0.0057321681294882085 0.038674794699083873 0.0080127819875997989 0.0063495726362344726 -0.021016836293374207
leaf_weight=515.44366705417633 52.931927032768726 252.34621926955879 7.8448507934808722 42.379726747050881 1582.4883649051189 59.44021912664175 10.778872050344942 16.419138386845589 9.9080001041293162 14.330140084028242 27.552513863891363 646.37335143610835 415.29239268042147 58.369706876575947
leaf_count=5717 290 2059 71 628 10180 283 69 75 57 71 140 3094 2405 316
internal_value=-9.96501e-05 0.00467616 -0.00436951 0.00881613 -0.00145078 0.00334797 0.00544695 -0.0170936 0.00624932 -0.0265858 0.00737928 0.00609278 -0.00340632 0.00294002
internal_weight=3711.9 818.014 260.191 557.823 2893.88 837.734 761.875 75.8594 751.096 24.2381 726.858 699.305 2056.15 473.662
internal_count=25455 8475 2130 6345 16980 4079 3721 358 3652 128 3524 3384 12901 2721
cat_boundaries=0 1 2
cat_threshold=3707429 1328562
is_linear=0
shrinkage=0.05


Tree=166
num_leaves=15
num_cat=0
split_feature=20 0 7 8 2 11 2 2 3 11 7 8 7 15
split_gain=8.18408 8.01564 11.0822 10.2423 8.10318 11.2802 8.96327 21.2122 17.8516 15.8095 12.7744 11.1746 11.0893 10.3678
threshold=-94.749999999999986 97.995000000000019 -18.499999999999996 37.500000000000007 308.65663795438849 6.5540188668069783 136.21144824850393 87.556834308792517 0.22663351373992793 8.6855552567200114 46.500000000000007 27.500000000000004 14.500000000000002 -0.76517895148053394
decision_type=8 10 2 8 2 2 2 2 8 2 2 8 2 8
left_child=-1 4 -3 -4 6 -6 7 -2 -9 11 12 -10 13 -8
right_child=1 2 3 -5 5 -7 10 8 9 -11 -12 -13 -14 -15
leaf_value=-0.040278142044460376 0.0011584555826324036 0.026503318875573972 -0.038938730438877286 -0.0033645148544415083 -0.058503050540023818 -0.0062985797251733054 0.047174290796656519 -0.057110306963310965 0.03914812872981565 -0.059364216206922463 -0.026272270644427144 -0.010346795043320166 0.032656265064721406 -0.012633282168703351
leaf_weight=11.495847662910817 3301.9414554834366 13.476275518536566 39.565633710473776 40.781766520813107 12.026036597788332 51.855701524764299 8.1716083437204343 25.833939578384161 13.888780796900393 12.019567698240278 16.183553881943226 47.732953624799848 67.147304505109787 33.518636154010892
leaf_count=93 23151 82 257 279 55 266 48 136 92 63 83 265 302 223
internal_value=0.000117771 0.000254716 -0.0140944 -0.0211457 0.000633512 -0.0168765 0.000955403 0.000470124 -0.0221622 -0.00930126 0.0140498 0.00125576 0.02023 -8.01015e-05
internal_weight=3695.64 3684.14 93.8237 80.3474 3590.32 63.8817 3526.44 3401.42 99.4752 73.6413 125.021 61.6217 108.838 41.6902
internal_count=25395 25302 618 536 24684 321 24363 23707 556 420 656 357 573 271
is_linear=0
shrinkage=0.05


Tree=167
num_leaves=15
num_cat=6
split_feature=7 29 7 30 28 29 3 15 30 27 11 15 34 30
split_gain=7.50578 18.1801 18.0422 17.0921 15.9744 12.5819 13.8897 16.4847 11.9417 11.2797 10.7934 9.70786 9.03016 18.1775
threshold=7.5000000000000009 0 4.5000000000000009 1 0.18315895323120793 2 0.29860049320322096 4.3792850909761771 3 0.51597235099644301 6.6955511785271495 2.7600386866514195 4 5
decision_type=2 9 2 9 8 9 8 8 9 10 2 10 1 9
left_child=1 -1 3 4 -3 6 7 -2 11 -6 -5 -4 13 -7
right_child=5 2 8 10 9 12 -8 -9 -10 -11 -12 -13 -14 -15
leaf_value=0.02207471605406279 -0.025897748211980154 0.052203646629723544 -0.027964530229524748 -0.0024430030481563765 -0.016069877717500663 -0.014040202795446747 -0.050491056594711925 0.03605064574667291 0.020165829403528859 -0.052043421167479044 0.024111089750747272 0.014934457616983234 -0.0031680723231899037 0.0046039298476278452
leaf_weight=109.2883644066751 32.550271302461624 6.4650903269648543 28.331754913553596 178.31821832060814 113.59873615391552 137.70472654700279 27.533392306417227 14.815519779920576 135.06039511971176 26.539591638371348 47.674214297905564 23.096548389643431 1720.9127046186477 1095.4565774984658
leaf_count=1243 201 31 253 1535 858 841 168 89 1853 209 410 287 11065 6363
internal_value=-0.000323815 0.004468 0.000588378 -0.00575388 -0.0183063 -0.0013823 -0.0202493 -0.0061762 0.0132544 -0.0232031 0.00310353 -0.00737454 -0.000825929 0.00243583
internal_weight=3697.35 668.373 559.085 372.596 146.603 3028.97 74.8992 47.3658 186.489 140.138 225.992 51.4283 2954.07 1233.16
internal_count=25406 6679 5436 3043 1098 18727 458 290 2393 1067 1945 540 18269 7204
cat_boundaries=0 1 3 4 5 6 7
cat_threshold=3674117 15048962 55 2686976 2690192400 2 1611401296
is_linear=0
shrinkage=0.05


Tree=168
num_leaves=15
num_cat=4
split_feature=24 13 30 4 32 32 6 3 30 1 19 30 4 29
split_gain=8.60473 8.01244 16.5722 10.6113 6.69965 9.35145 9.04076 9.39571 8.63612 8.41883 7.65643 13.8127 14.5951 11.5596
threshold=1.0000000180025095e-35 9.5012500000000006 0 15.471651978128438 4.5000000000000009 3.5000000000000004 27.500000000000004 0.18063330749996348 1 0.76705426356589157 87.715000000000018 2 3.3957848352147022 3
decision_type=8 10 9 10 10 10 8 8 9 8 10 9 10 9
left_child=-1 4 3 -3 5 10 7 -7 -6 -9 -2 -12 13 -13
right_child=1 2 -4 -5 8 6 -8 9 -10 -11 11 12 -14 -15
leaf_value=-0.03573633599035423 0.0014005744989936775 -0.040620072792314818 0.0048685364020161527 0.022424717002449676 -0.012466740057607617 0.0035165134936192225 0.02225883042781257 -0.083305387258208102 0.024767458234963628 -0.020934126632955016 0.0099893571104596613 0.0093646006704613174 0.0097501647200094604 -0.016589094914982425
leaf_weight=15.989396065473555 2923.413661185652 54.10728575848043 75.524161783978343 6.9493956826627246 16.965111635625362 10.874864108860491 8.0469110719859582 10.491606323048474 45.22223168425262 11.944861980155109 114.20651603676379 45.681946821510792 82.5837283115834 313.20428048633039
leaf_count=107 19708 435 601 64 114 60 43 52 307 97 841 287 592 2299
internal_value=-0.000233745 -7.15496e-05 -0.0119127 -0.0285914 0.000383067 9.34061e-05 -0.0232581 -0.0345817 0.0165199 -0.0524099 0.000377604 -0.00499709 -0.00891219 -0.0134694
internal_weight=3735.21 3719.22 136.581 61.0567 3582.64 3520.45 41.3582 33.3113 62.1873 22.4365 3479.09 555.676 441.47 358.886
internal_count=25607 25500 1100 499 24400 23979 252 209 421 149 23727 4019 3178 2586
cat_boundaries=0 2 4 6 7
cat_threshold=2743166042 4 8912960 1 19946000 1 1639426
is_linear=0
shrinkage=0.05


Tree=169
num_leaves=15
num_cat=4
split_feature=32 26 30 29 15 32 30 22 30 7 8 0 8 7
split_gain=7.21769 7.12901 17.8714 19.428 11.9486 23.7787 15.6893 15.0975 15.0681 13.4237 13.9641 11.3296 14.6031 10.5799
threshold=4.5000000000000009 52.500000000000007 0 1 4.1381340514458111 3.5000000000000004 2 8.4933333333333341 3 6.5000000000000009 -2.4999999999999996 51.705000000000005 34.500000000000007 -3.4999999999999996
decision_type=10 2 9 9 8 10 9 10 9 2 10 8 8 2
left_child=1 2 3 -1 6 7 -4 8 -6 13 -11 12 -8 -10
right_child=-2 -3 4 -5 5 -7 11 -9 9 10 -12 -13 -14 -15
leaf_value=0.0075505359328313058 0.016667266768120841 0.0016865575113617715 -0.0091248586600778687 -0.020897061204050344 0.012859009212265625 -0.059778942154921258 0.051373595328999933 -0.056079478987532828 -0.043509844234427025 0.017378606673846504 -0.0095658783536259218 0.0065837109119844181 -0.014063357665102786 0.025370691774723578
leaf_weight=78.193305753171444 61.082020346075296 1818.8050803486258 153.88191650807858 225.757567781955 127.70728033222258 17.957998223602772 30.041250642389059 12.252595739439128 5.3418923169374457 51.494667686522007 582.19830984435976 471.42744215019047 11.250628806650637 50.167406424880028
leaf_count=408 422 13616 931 1510 849 109 167 115 23 260 3489 2862 56 648
internal_value=-0.000237679 -0.000526136 -0.00273992 -0.0135706 -0.00046496 -0.00440639 0.00453597 -0.00313657 -0.0022749 -0.00520464 -0.00735241 0.00865491 0.0336333 0.0180894
internal_weight=3697.56 3636.48 1817.67 303.951 1513.72 847.12 666.601 829.162 816.91 689.202 633.693 512.719 41.2919 55.5093
internal_count=25465 25043 11427 1918 9509 5493 4016 5384 5269 4420 3749 3085 223 671
cat_boundaries=0 2 3 5 7
cat_threshold=1615383048 17 82065 44040212 44 2191523862 36
is_linear=0
shrinkage=0.05


Tree=170
num_leaves=15
num_cat=1
split_feature=7 2 56 11 20 26 29 8 4 10 11 25 26 11
split_gain=8.25507 11.417 10.7672 17.9839 16.5756 15.2443 12.0377 11.4659 11.0107 10.808 15.3408 13.5987 10.6147 10.5977
threshold=43.500000000000007 -6.1135868739555388 14.500000000000002 7.2424115620066027 -74.47499999999998 81.500000000000014 0 -7.4999999999999991 -8.5152895149301919 37.500000000000007 7.0194619425228657 0.59992014679500394 359.00000000000006 6.3690099953084607
decision_type=2 2 2 2 8 2 9 8 8 2 2 10 2 2
left_child=2 -2 6 8 -5 -6 -1 -8 -4 13 11 -11 -7 -9
right_child=1 -3 3 4 5 12 7 9 -10 10 -12 -13 -14 -15
leaf_value=0.011617657499468838 0.045898399710767757 -0.0094532875348751384 -0.010128952083433489 -0.051034194444046735 -0.024659229132522501 0.030318689515357811 0.026330849246127198 -0.0031307273021938574 0.038050903172825147 0.032858988364327026 -0.063866862223256313 -0.034224937580867192 -0.01405911495528254 0.0029072002140880121
leaf_weight=214.76819613017142 8.656926464289425 278.9637954570353 13.823776111006735 13.276933342218397 26.91346262767911 51.591626893728971 38.722264748066664 1570.5430083032697 69.281884759664536 13.241044353693725 15.255136981606482 15.097051125019787 17.446600629016757 1350.9073146246374
leaf_count=1252 53 2042 108 63 147 262 196 11541 395 103 98 106 115 8965
internal_value=0.000485716 -0.00763404 0.00117245 0.0126329 -0.000741821 0.0066718 0.000483881 -0.00035327 0.0300115 -0.000711704 -0.0251415 -0.00282821 0.0190634 -0.000338691
internal_weight=3698.49 287.621 3410.87 192.334 109.229 95.9517 3218.53 3003.77 83.1057 2965.04 43.5932 28.3381 69.0382 2921.45
internal_count=25446 2095 23351 1090 587 524 22261 21009 503 20813 307 209 377 20506
cat_boundaries=0 1
cat_threshold=1312001
is_linear=0
shrinkage=0.05


Tree=171
num_leaves=15
num_cat=3
split_feature=26 30 19 28 30 30 7 25 10 26 6 21 23 8
split_gain=7.15492 26.886 17.5037 17.1442 13.6793 12.231 11.489 15.2625 11.4108 27.3152 16.6941 15.0009 11.0825 10.9153
threshold=52.500000000000007 0 1.0000000180025095e-35 0.27447851702447779 1 2 46.500000000000007 6.2053788719538225 10.500000000000002 1003.0000000000001 -12.499999999999998 0.69345350103991299 7.1539583333333336 2.5000000000000004
decision_type=2 9 10 8 9 9 2 10 2 2 10 10 10 10
left_child=1 -1 3 -3 12 6 7 -2 -7 11 -11 13 -4 -10
right_child=5 2 4 -5 -6 8 -8 -9 9 10 -12 -13 -14 -15
leaf_value=-0.01554321525125959 0.0056448901958811677 0.012818110237227948 0.014056678380739053 -0.00058468837874486727 -0.011076925408368949 0.0012598574690238357 -0.016898724866338109 0.033278024158344063 0.0023654409931309246 -0.010287265736240295 -0.071483055603007828 0.029118166459451263 -0.043638449574412666 -0.025397936482437995
leaf_weight=298.74098388291895 931.02265353314579 378.11980153247714 98.773954790085554 643.49816637486219 399.14936411567032 599.30743644759059 51.437008688226342 51.874711949378252 82.012712839990854 19.596928462386131 26.074868919327855 29.31726816855371 8.1116989683359844 61.087468171492219
leaf_count=1912 7107 2242 607 4186 2502 4546 430 244 565 172 189 201 70 391
internal_value=0.000102187 -0.00211773 0.000613813 0.00438362 -0.00697846 0.00229169 0.00586857 0.00713563 -0.00227998 -0.0120728 -0.0460081 -0.00287023 0.00852411 -0.00958036
internal_weight=3678.13 1826.39 1527.65 1021.62 506.035 1851.73 1034.33 982.897 817.397 218.089 45.6718 172.417 106.886 143.1
internal_count=25364 11519 9607 6428 3179 13845 7781 7351 6064 1518 361 1157 677 956
cat_boundaries=0 2 4 6
cat_threshold=1623255816 16 2429975 4 3269059208 24
is_linear=0
shrinkage=0.05


Tree=172
num_leaves=15
num_cat=0
split_feature=18 14 28 24 54 8 24 7 0 59 28 0 28 24
split_gain=7.39515 8.92599 11.0159 15.097 14.0256 12.6959 12.2874 11.6372 11.5379 10.5857 10.9418 17.969 12.3257 16.4177
threshold=-1.9999999999999996 8.2562500000000014 0.31504908639074841 0.46278410424393829 109.50000000000001 2.5000000000000004 0.49754791850455493 13.500000000000002 10.695000000000002 1.0000000180025095e-35 0.45145531057158766 94.010000000000005 0.3723656794076049 0.35087115097200483
decision_type=8 8 10 10 8 8 10 2 10 10 8 10 10 10
left_child=-1 2 4 7 8 -6 -5 -4 -2 10 12 -12 -3 -14
right_child=1 9 3 6 5 -7 -8 -9 -10 -11 11 -13 13 -15
leaf_value=-0.010388989082064346 0.045959547172612025 -0.00065038410658888838 0.039107192822702995 -0.022337498693336663 0.015894537284535326 -0.022767399298164952 0.013950764951009414 0.011414218822507049 0.0032845568811064908 -0.049108714010294749 0.0053202156820307354 -0.036219215719954116 0.0035385974485738375 -0.014613006872925608
leaf_weight=189.43153797648847 18.583084214478731 1623.1059955749661 62.861523304134607 42.451297953724861 26.898130971938372 90.160268990322948 49.397529629990458 96.533157911151648 83.808268399909139 10.519875831902025 772.70318334549665 25.950220024213195 178.50843921862543 408.74285590462387
leaf_count=1273 117 9956 924 313 190 512 503 482 562 76 5968 198 1276 3000
internal_value=-0.000794123 -0.000270536 0.0061263 0.0132539 -0.00205701 -0.0138241 -0.00288113 0.0225114 0.0113993 -0.00126939 -0.00108588 0.00392689 -0.00289807 -0.00909878
internal_weight=3679.66 3490.22 470.693 251.244 219.45 117.058 91.8488 159.395 102.391 3019.53 3009.01 798.653 2210.36 587.251
internal_count=25350 24077 3603 2222 1381 702 816 1406 679 20474 20398 6166 14232 4276
is_linear=0
shrinkage=0.05


Tree=173
num_leaves=15
num_cat=3
split_feature=29 27 7 24 24 30 21 7 24 28 30 11 28 15
split_gain=8.60162 14.8335 10.2533 9.33383 9.31827 21.6369 19.6178 15.8205 15.5802 13.8641 12.6875 15.2851 12.6086 11.4685
threshold=0 0.11566072774068081 6.5000000000000009 0.30430169983204342 0.48957563587758718 1 0.78171437060513038 14.500000000000002 0.42604654984946894 0.61698984859625516 2 7.9995913235641476 0.54827170198783226 0.068825661152574699
decision_type=9 10 2 10 10 9 8 2 10 8 9 2 10 10
left_child=1 -1 -3 -4 6 -6 -2 -7 12 13 11 -10 -8 -9
right_child=4 2 3 -5 5 7 8 9 10 -11 -12 -13 -14 -15
leaf_value=0.035720427655671787 -0.051811034128897232 -0.0011509778515527349 -0.0089161915002297885 -0.041642947237352901 -0.0077229212290004338 0.032046267701744277 0.00039971240248560451 0.025772565390909476 -0.029844331462029441 -0.042650837878656728 -0.0033967830291319399 0.036144911260260898 0.027790660487715252 -0.011243939556743091
leaf_weight=13.983401976525782 17.754763223230839 63.847639126703143 39.53143872693181 49.467021942138672 132.64758987724781 103.93607563711703 2722.2781958989799 52.792371958494186 108.29065393097699 12.715256124734877 289.11590948887169 8.7054546400904638 41.673285320401192 33.499132797122002
leaf_count=112 277 496 231 292 1096 1145 17669 371 794 65 2215 49 351 200
internal_value=-0.000531819 -0.0112603 -0.0164945 -0.0273669 1.11293e-05 0.00792335 -0.000824001 0.017651 -0.000522186 0.00413466 -0.00965418 -0.0227421 0.000822599 0.0114382
internal_weight=3690.24 166.83 152.846 88.9985 3523.41 335.59 3187.82 202.943 3170.06 99.0068 406.112 116.996 2763.95 86.2915
internal_count=25363 1131 1019 523 24232 2877 21355 1781 21078 636 3058 843 18020 571
cat_boundaries=0 1 3 5
cat_threshold=2819136 2202126430 22 1617171474 18
is_linear=0
shrinkage=0.05


Tree=174
num_leaves=15
num_cat=1
split_feature=44 7 1 55 20 58 24 7 15 30 11 24 10 4
split_gain=7.86356 10.4473 9.66471 10.236 6.72251 6.68919 10.8917 7.35731 11.8379 25.5362 18.7916 12.9695 13.7827 12.1434
threshold=2.5000000000000004 35.500000000000007 1.667748917748918 13.500000000000002 -94.749999999999986 1.0000000180025095e-35 0.45508293499103925 13.500000000000002 3.0280993767306121 0 5.3848160606448436 0.55360631156396878 16.500000000000004 -28.533549401555153
decision_type=2 2 8 8 8 2 10 2 10 9 2 10 2 8
left_child=4 2 -2 -4 -1 7 -7 8 9 10 13 12 -12 -6
right_child=1 -3 3 -5 5 6 -8 -9 -10 -11 11 -13 -14 -15
leaf_value=-0.038895365817112781 0.047817481369348283 -0.035931563531104382 -0.037199023182503892 0.028957834676539364 -0.034838866496197961 -0.046876631515105363 0.025167019049693456 -0.0020427111393065442 0.0092217203561146613 0.0076165503924533542 -0.0075028862327182425 -0.052279996302258769 -0.036887409119435936 0.031600834242369973
leaf_weight=10.51167752034962 24.560059508308768 6.8155462723225346 8.7242415454238635 13.673603730276229 7.5613024458289146 17.115715349093083 6.645617462694644 2409.2871254328638 443.76432116702199 398.0664977170527 251.49758708104491 20.813514139503241 46.639671390876174 36.289187220856547
leaf_count=87 192 67 75 119 59 134 44 13153 4981 3679 2179 167 307 291
internal_value=-0.000464056 0.0183406 0.0268027 0.0027004 -0.000746182 -0.000625285 -0.0265247 -0.000447707 0.00274138 -0.00104532 -0.0104656 -0.0149779 -0.0122077 0.019623
internal_weight=3701.97 53.7735 46.9579 22.3978 3648.19 3637.68 23.7613 3613.92 1204.63 760.868 362.801 318.951 298.137 43.8505
internal_count=25534 453 386 194 25081 24994 178 24816 11663 6682 3003 2653 2486 350
cat_boundaries=0 2
cat_threshold=11588630 59
is_linear=0
shrinkage=0.05


Tree=175
num_leaves=15
num_cat=2
split_feature=24 24 3 2 60 1 24 28 3 30 11 1 15 30
split_gain=7.11462 6.96491 7.80052 6.33838 5.85262 5.81654 7.89019 8.34816 7.85761 13.8082 11.2013 9.31885 9.2676 12.1768
threshold=1.0000000180025095e-35 0.034937659878743942 0.12831175080088278 543.74592200189898 222.00000000000003 0.080322580645161304 0.33501327171468165 0.34610732796172611 0.021570139103078159 0 7.4923785970800472 0.92970101309612063 0.0024706058469389229 1
decision_type=8 8 10 2 8 8 8 8 8 9 2 10 10 9
left_child=-1 2 -2 4 -3 6 -6 -8 9 10 -7 -11 13 -10
right_child=1 3 -4 -5 5 8 7 -9 12 11 -12 -13 -14 -15
leaf_value=-0.03265138693684138 0.052622142291514976 -0.039165202703638685 0.0007458609684866124 -0.032634274926360479 -0.034961191461844364 -0.012825494716971845 0.046001949948068548 -0.011097933207257174 -0.017245949261509217 0.017947061883746819 0.024232650555497691 -0.011542823340203482 0.0017561322650742049 -0.0018138392048457558
leaf_weight=15.480245897546409 12.418743874877693 8.4116668570786697 15.817581601440905 13.747121348977087 26.323824375867844 109.99768342263997 6.9777420554310075 31.391667982563376 137.73950161412358 221.94562769308686 24.01998421177268 29.755946947261691 2048.5890669152141 969.91974671650678
leaf_count=104 69 56 106 70 270 820 52 253 905 1291 135 186 14727 6352
internal_value=0.000127072 0.000274711 0.0245813 7.88579e-05 0.000212247 0.000314916 -0.0144271 0.000190786 0.000588172 0.00731515 -0.00563586 0.0138797 -0.000235976 -0.00391859
internal_weight=3672.54 3657.06 28.2363 3628.82 3615.07 3606.66 64.6932 38.3694 3541.97 385.719 134.018 251.702 3156.25 1107.66
internal_count=25396 25292 175 25117 25047 24991 575 305 24416 2432 955 1477 21984 7257
cat_boundaries=0 2 4
cat_threshold=35474512 9 3227549764 18
is_linear=0
shrinkage=0.05


Tree=176
num_leaves=15
num_cat=2
split_feature=20 30 30 27 3 15 44 47 8 11 8 11 56 27
split_gain=9.12978 26.8558 13.2982 12.5443 12.4306 11.4929 11.513 11.1896 10.4511 9.0214 8.94986 13.9168 11.4386 9.46774
threshold=1.2400000000000022 0 1 0.21711838128099101 0.023911141731667074 0.89191326178286279 1.0000000180025095e-35 1.0000000180025095e-35 7.5000000000000009 6.1852616717181528 24.500000000000004 7.8066145571806018 1.0000000180025095e-35 0.18809384109267369
decision_type=10 9 9 8 10 10 2 2 10 2 10 2 2 10
left_child=2 3 5 -2 -5 6 10 -4 -6 -9 11 -1 -13 -12
right_child=1 -3 7 4 8 -7 -8 9 -10 -11 13 12 -14 -15
leaf_value=0.0050300800923790178 -0.026484139881468804 -0.019022670952423288 -0.00068774852820020543 -0.038709443898487989 0.030264326397264486 0.017351625765938208 -0.028985024259191073 0.062715135213744888 0.0033148570661195448 0.011499581410819084 0.023287928294959123 0.011885098212123656 0.081412889996278007 -0.023073019316426482
leaf_weight=125.04316888563335 22.612193342298269 202.21008962392807 2790.269721057266 10.024505104869602 69.649755775928497 216.82497666589916 26.604038577526808 10.171576993539928 73.864644749090075 40.305141432210803 13.864767327904699 12.518962547183039 10.946035601198671 42.397625986486673
leaf_count=870 261 1533 18985 65 489 1607 147 66 617 278 91 63 55 254
internal_value=0.000170636 -0.00717415 0.00101751 0.00712917 0.0126802 0.00891031 0.00134264 -0.000260918 0.0165128 0.0228379 0.00540455 0.0118204 0.0463207 -0.0114411
internal_weight=3667.31 378.361 3288.95 176.151 153.539 448.2 231.375 2840.75 143.514 50.4767 204.771 148.508 23.465 56.2624
internal_count=25381 2965 22416 1432 1171 3087 1480 19329 1106 344 1333 988 118 345
cat_boundaries=0 2 4
cat_threshold=2185055248 1 2150769159 52
is_linear=0
shrinkage=0.05


Tree=177
num_leaves=15
num_cat=0
split_feature=2 9 11 27 2 2 15 15 15 7 11 11 1 3
split_gain=7.16553 8.55864 12.063 11.1564 10.5878 11.3648 10.3628 12.2456 9.52961 9.95432 9.88344 13.9727 12.3255 13.0084
threshold=308.65663795438849 2.5000000000000004 8.7492780587294519 0.45612281264571081 46.032421369662252 123.06002801302166 3.3348880262998386 -2.5785316200488935 -1.136548310071994 24.500000000000004 7.8066145571806018 7.7104356788492128 0.27801932367149768 0.075438297141615582
decision_type=2 2 2 10 2 2 8 10 8 2 2 2 8 10
left_child=1 8 6 4 -4 -6 7 -3 9 -1 11 -10 -12 -14
right_child=-2 2 3 -5 5 -7 -8 -9 10 -11 12 -13 13 -15
leaf_value=-0.0079438473537908182 -0.016390944160988626 0.026030007988107229 -0.00071333274136264728 0.018872685414762058 -0.065976772562821237 -0.0036091810490784509 0.017620912839366655 -0.00034623986978012892 -0.00099342779981355877 -0.052798604291925781 -0.013652492759745434 -0.029330398614281761 0.029584337038223975 0.0056072231361859511
leaf_weight=48.470622481778264 63.692140650004148 50.047754008322954 27.104595705866814 19.986242331564426 19.171066656708721 11.641045164316891 191.37172388285398 318.74324956350029 2432.1405774941668 15.829549225047229 61.245158582925797 43.297393627464771 70.265112798660994 277.86548908799887
leaf_count=329 325 315 184 155 98 57 1643 2379 17060 94 395 288 339 1571
internal_value=0.000101662 0.000398983 0.00564481 -0.0126792 -0.0237028 -0.043268 0.00821122 0.00329393 -0.000737525 -0.0196257 -0.000309867 -0.00150071 0.00687709 0.0105175
internal_weight=3650.87 3587.18 638.066 77.9029 57.9167 30.8121 560.163 368.791 2949.11 64.3002 2884.81 2475.44 409.376 348.131
internal_count=25232 24907 4831 494 339 155 4337 2694 20076 423 19653 17348 2305 1910
is_linear=0
shrinkage=0.05


Tree=178
num_leaves=15
num_cat=0
split_feature=55 25 26 0 0 27 2 2 26 2 8 8 15 25
split_gain=6.40378 5.8976 5.67664 7.16194 5.23358 9.90139 5.79187 14.566 13.5913 10.5594 9.25667 10.278 10.9332 8.04113
threshold=4.5000000000000009 16.786585894359561 9.5000000000000018 46.010000000000012 99.995000000000019 0.26199561191652193 -6.1135868739555388 -3.4997870312151451 62.500000000000007 -0.0017448529702202007 -1.0000000180025095e-35 69.500000000000014 6.9353726350809195 -2.6631428791943095
decision_type=8 10 2 8 10 10 2 2 2 2 8 10 8 8
left_child=2 4 3 -1 6 -6 10 8 -8 -9 -2 12 -12 -11
right_child=1 -3 -4 -5 5 -7 7 9 -10 13 11 -13 -14 -15
leaf_value=0.071084066858469491 -0.041869263364387732 -0.031715752501422376 0.0038680273642673832 0.012200211484391793 0.023296008512536916 -0.033510752444250641 -0.07747462305234884 0.025420280586837346 0.0026520517499771037 -0.044751214833617881 0.039037362936142198 -0.032137440160045529 0.0023407235623557512 -0.00025893724511590006
leaf_weight=7.9061592184007194 6.4429787397384644 13.912289768457411 35.582691386342049 13.544721180573104 9.6671580746769887 27.676463922485709 10.779935339465739 39.086916916072369 9.4931109547615034 9.1855838503688574 42.774895463138819 8.9352323543280345 38.09690029732883 3410.8774303141981
leaf_count=48 49 85 268 99 50 172 62 267 76 61 353 67 310 23528
internal_value=-7.30033e-05 -0.00033657 0.0164049 0.0361026 -0.000206999 -0.0185811 -9.96176e-06 -0.000346244 -0.0415934 -9.25563e-05 0.0120252 0.0163102 0.0219901 -0.00039148
internal_weight=3683.96 3626.93 57.0336 21.4509 3613.02 37.3436 3575.67 3479.42 20.273 3459.15 96.25 89.807 80.8718 3420.06
internal_count=25495 25080 415 147 24995 222 24773 23994 138 23856 779 730 663 23589
is_linear=0
shrinkage=0.05


Tree=179
num_leaves=15
num_cat=3
split_feature=28 30 21 25 11 29 30 4 3 24 6 23 56 25
split_gain=8.46546 11.7705 12.2068 11.9275 10.1847 12.3724 18.1696 10.3855 9.96659 13.0105 12.6148 12.2281 11.1162 10.6013
threshold=0.22276707305361546 0 0.9183389106614962 7.8454301265326398 10.461220044647936 1 2 -0.61840684102122612 0.075438297141615582 0.24940624468521469 43.500000000000007 -0.50208333333333321 1.5000000000000002 0.22791592120595935
decision_type=8 9 10 8 2 9 9 8 10 10 10 10 2 10
left_child=1 2 -1 -4 5 6 -2 -8 9 11 13 12 -3 -10
right_child=4 8 3 -5 -6 -7 7 -9 10 -11 -12 -13 -14 -15
leaf_value=0.039666535755522106 -0.012016006999199733 0.0032197818279304253 -0.041572636541831937 0.026482684610086057 -0.045710297668456717 -0.0017802753136178515 0.048143360600201253 0.014618509377851037 0.020862374631891854 0.048932909301604044 -0.033892169756536333 -0.027004992861670182 0.041445024297299189 -0.0033978997443088557
leaf_weight=49.776392560452223 53.270836256444454 62.282500989735126 10.433397822082041 13.748619712889196 11.780664116144179 2947.1970408204943 29.694236600771546 100.2130353692919 53.356298437342048 21.259149696677923 27.638779433444142 20.55493994243443 26.502691380679607 261.49714354798198
leaf_count=286 309 370 64 62 63 20759 168 639 331 118 374 187 197 1533
internal_value=-0.000166398 0.005568 0.0227098 -0.00336484 -0.00116621 -0.000984033 0.0112527 0.0209876 0.00231806 0.0140633 -0.00212106 0.00690152 0.0149647 0.000766376
internal_weight=3689.21 547.05 73.9584 24.182 3142.16 3130.38 183.178 129.907 473.092 130.599 342.492 109.34 88.7852 314.853
internal_count=25460 3522 412 126 21938 21875 1116 807 3110 872 2238 754 567 1864
cat_boundaries=0 2 3 4
cat_threshold=7340298 13 1310977 8503568
is_linear=0
shrinkage=0.05


Tree=180
num_leaves=15
num_cat=1
split_feature=24 28 14 16 30 55 55 26 3 3 15 20 61 5
split_gain=7.18922 7.78042 6.7836 7.45636 17.0868 11.2724 10.5799 7.97354 9.35179 9.27291 7.36986 7.20866 7.12381 6.6963
threshold=1.0000000180025095e-35 0.077346568403709529 -1.0000000180025095e-35 -0.59750000000000003 0 4.5000000000000009 28.500000000000004 63.500000000000007 0.79387125122610802 0.45046138435033828 3.4193862536819801 -39.994999999999997 2613.0000000000005 0.7779600000000001
decision_type=8 8 8 8 9 10 8 2 10 10 8 8 8 10
left_child=-1 -2 10 4 6 -6 -4 -8 9 -9 11 -3 -5 -14
right_child=1 2 3 12 5 -7 7 8 -10 -11 -12 -13 13 -15
leaf_value=-0.032958470587157521 0.026887153094587665 -0.052650333909126705 0.030842790379236429 -0.029211372542241171 0.034093133185536306 -0.011200411441746293 0.021839035922703531 -0.0084454930023712092 0.010238250040630148 -0.053961923075109657 0.013026495792391526 -0.0051928744499569 0.00045552391184410082 -0.01077072428493347
leaf_weight=15.319352224469183 26.315530050545931 17.160775225609541 14.542601592838762 20.000518145039678 76.632622661069036 16.179719347506762 11.74971413053572 21.055122174322605 16.277048641815782 23.985632758587599 12.264513013884423 14.735541639849545 3269.4966533649713 137.45636878348887
leaf_count=104 128 92 111 150 737 127 78 183 147 213 74 117 22145 1112
internal_value=0.000154575 0.000301423 0.000102518 0.000343519 0.0102219 0.0236419 -0.00608288 -0.0145706 -0.0217859 -0.03333 -0.0191558 -0.0315501 -0.00017939 -4.36023e-07
internal_weight=3693.17 3677.85 3651.54 3607.38 180.422 92.8123 87.6101 73.0675 61.3178 45.0408 44.1608 31.8963 3426.95 3406.95
internal_count=25518 25414 25286 25003 1596 864 732 621 543 396 283 209 23407 23257
cat_boundaries=0 2
cat_threshold=1101094998 29
is_linear=0
shrinkage=0.05


Tree=181
num_leaves=15
num_cat=4
split_feature=2 24 29 23 7 30 4 24 2 30 1 8 4 29
split_gain=8.61588 8.3935 21.8042 20.1914 9.80978 15.7258 14.2471 9.62596 14.0059 13.746 14.6634 15.103 13.0113 12.6533
threshold=308.65663795438849 0.48957563587758718 0 8.5181250000000031 14.500000000000002 1 -9.9965436145562148 0.42604654984946894 -1.0000000180025095e-35 2 0.2009615384615385 9.5000000000000018 -31.337823806336772 3
decision_type=2 10 9 10 2 9 8 8 2 9 8 10 8 9
left_child=1 3 4 7 6 -6 -3 9 -9 10 -1 -12 -10 -13
right_child=-2 2 -4 -5 5 -7 -8 8 12 -11 11 13 -14 -15
leaf_value=-0.024778941155298516 -0.017781136218315386 0.0026689512529443965 -0.01218427819624969 -0.031841476506326426 -0.019393138611391053 0.01513424028922559 0.035917221928953857 0.033286479997673923 0.032843976242598709 -0.00072646570293350343 0.015809418336682569 -0.016657430517385535 -0.01031032917495414 0.0056980324220680173
leaf_weight=33.821939768269658 62.117012750357389 49.553854556754231 94.533548679202795 47.937098037451506 36.55173421651125 101.97733791358769 92.027507077902555 20.182950785383582 17.314233243465424 1923.2743816189468 368.10425314120948 65.343732440844178 395.05048942938447 365.01262354850769
leaf_count=313 317 481 788 534 276 619 1099 144 117 12440 2465 419 2937 2460
internal_value=0.000533189 0.000853098 0.00792776 3.18526e-05 0.0146469 0.00564505 0.0243806 0.000520942 -0.00640482 0.00161003 0.00692925 0.00838836 -0.00842331 0.00201885
internal_weight=3672.8 3610.69 374.644 3236.04 280.11 138.529 141.581 3188.1 432.548 2755.56 832.283 798.461 412.365 430.356
internal_count=25409 25092 3263 21829 2475 895 1580 21295 3198 18097 5657 5344 3054 2879
cat_boundaries=0 1 3 5 6
cat_threshold=45314 1091045392 33 2690965534 15 1118336
is_linear=0
shrinkage=0.05


Tree=182
num_leaves=15
num_cat=4
split_feature=13 30 18 7 28 28 30 31 30 29 1 8 3 10
split_gain=7.57393 11.6664 11.1383 9.24835 11.0841 21.946 14.824 16.2638 14.455 11.3842 19.245 14.7285 10.847 10.6106
threshold=9.7562500000000014 0 21.493750000000002 16.500000000000004 0.41603875999769124 0.41398414154664731 1 1.5000000000000002 2 3 1.1592555994729909 30.500000000000004 0.042235013570951864 7.5000000000000009
decision_type=10 9 10 2 10 10 9 2 9 9 8 10 10 2
left_child=3 2 -2 4 5 -1 9 -8 -7 -6 -11 -12 -9 -10
right_child=1 -3 -4 -5 6 8 7 12 13 10 11 -13 -14 -15
leaf_value=0.0026075930488174944 -0.039852037127829275 0.0038746568377843087 0.015752050134659461 -0.001719095719398512 0.029914569092247191 0.015959615884323503 -0.0048125798800893738 -0.022102335028591366 -0.02169376182186844 0.030904252534655577 -0.052812924792764906 0.0087356201964407694 0.026881423479399064 -0.064786713079441352
leaf_weight=1012.4980253595859 48.449966803193092 65.301153654232621 10.439985526725648 1968.3189815767109 115.53742793761194 16.238187309354544 220.88957035541534 12.375016886740921 43.705616736784577 31.700284050777555 17.881882408633828 19.533485759049654 79.459366142749786 21.572027131915092
leaf_count=8173 374 548 96 10988 1258 120 1792 99 288 286 191 201 955 142
internal_value=0.00014721 -0.0119404 -0.0256185 0.000572159 0.00340541 0.000589308 0.00958599 0.00246933 -0.0242073 0.0203322 0.00240581 -0.0212893 0.0201137 -0.0318862
internal_weight=3683.9 124.191 58.89 3559.71 1591.39 1094.01 497.377 312.724 81.5158 184.653 69.1157 37.4154 91.8344 65.2776
internal_count=25511 1018 470 24493 13505 8723 4782 2846 550 1936 678 392 1054 430
cat_boundaries=0 2 4 5 6
cat_threshold=3808502874 12 64066826 44 1124353032 32786
is_linear=0
shrinkage=0.05


Tree=183
num_leaves=15
num_cat=5
split_feature=9 7 0 4 11 55 29 30 7 30 30 28 29 7
split_gain=7.15067 5.94952 15.5829 12.9174 13.0514 12.0517 12.0415 11.6383 15.8297 11.2461 11.1443 14.7874 14.4205 12.3579
threshold=12.500000000000002 7.5000000000000009 74.00500000000001 -5.9507962597706117 7.0390728692115117 25.500000000000004 0 1 16.500000000000004 2 3 0.35762624006250482 4 4.5000000000000009
decision_type=2 2 10 10 2 8 9 9 2 9 9 8 9 2
left_child=1 10 6 4 5 -4 7 8 -3 -6 11 -1 -12 -13
right_child=-2 2 3 -5 9 -7 -8 -9 -10 -11 12 13 -14 -15
leaf_value=0.010975032814581858 0.036586593128332436 0.029089735291129144 0.0036702928589711146 -0.001631535505669213 -0.027789757982473247 -0.058709271552790855 -0.0011429889115389857 0.021913751870787389 -0.036387681146014664 0.016888654319087631 0.018137248578589404 -0.021329217066214767 -0.0022560495234457238 0.0064836111511378958
leaf_weight=110.39521115273237 12.174703303724526 13.964213898405431 9.4869594629853946 78.42043143324554 16.232624696567655 38.549567053094506 2712.5089997956529 101.09011579118669 23.305308535695076 19.454869102686644 206.26046120561659 120.35683090798557 147.24161218106747 58.956481039524078
leaf_count=903 95 127 73 573 117 323 16665 589 113 131 2609 1057 1336 671
internal_value=-0.000183359 -0.000315768 -0.0012479 -0.0162767 -0.0298131 -0.046566 -0.000387723 0.0134387 -0.00930419 -0.00660842 0.00404582 -0.00324948 0.00983124 -0.0121994
internal_weight=3668.4 3656.22 3013.01 162.144 83.724 48.0365 2850.87 138.36 37.2695 35.6875 643.211 289.709 353.502 179.313
internal_count=25382 25287 18711 1217 644 396 17494 829 240 248 6576 2631 3945 1728
cat_boundaries=0 1 3 5 7 8
cat_threshold=262930 33611792 33 42008578 40 2172461317 55 3182596
is_linear=0
shrinkage=0.05


Tree=184
num_leaves=15
num_cat=4
split_feature=30 27 31 24 8 29 4 15 23 54 29 25 30 27
split_gain=6.6022 10.5573 25.1816 17.4319 10.1478 19.3101 16.371 16.9968 14.7277 10.3166 10.9278 16.93 10.1398 10.1793
threshold=0 0.15542190241743151 3.5000000000000004 0.14142884190328156 10.500000000000002 1 -11.682077326213182 3.4193862536819801 -2.2227083333333328 91.500000000000014 2 4.4688387970696448 3 0.55900550372616131
decision_type=9 8 2 10 8 9 8 10 8 10 9 10 9 10
left_child=1 2 -1 -3 5 12 -6 9 -7 10 -8 -12 13 -5
right_child=-2 3 -4 4 6 8 7 -9 -10 -11 11 -13 -14 -15
leaf_value=-0.024947741548393462 0.0011351455531514729 0.023803371691816084 0.035309479530308906 -0.00063779304356275171 -0.023543516553897352 -0.042562431700740741 -0.0025366208683369092 0.0098498331413132429 0.018712671173197561 0.024910087145690814 -0.032854017043899363 0.0017477515016308997 -0.012322201599099993 0.03482577891729062
leaf_weight=118.8247798550874 2269.0453881695867 62.184848079457879 19.370988320559263 136.81283308006823 124.51570835709572 9.4549967534840089 192.48719777725637 164.87507302127779 175.01649079471827 19.815495681017637 108.70529517717659 52.01441191136837 194.58552403002977 22.739687683060765
leaf_count=872 15515 367 106 948 1029 60 1431 1231 1200 96 665 270 1462 177
internal_value=-0.000532223 -0.00321595 -0.0163085 -0.00179729 -0.0031415 0.00195389 -0.00728128 -0.0034801 0.0145737 -0.00938248 -0.0113712 -0.0204496 -0.00491433 0.00433214
internal_weight=3670.45 1401.4 138.196 1263.21 1201.02 538.61 662.413 537.897 184.471 373.022 353.207 160.72 354.138 159.553
internal_count=25429 9914 978 8936 8569 3847 4722 3693 1260 2462 2366 935 2587 1125
cat_boundaries=0 2 3 4 6
cat_threshold=1132895234 39 1696768 2135189 1124368384 37
is_linear=0
shrinkage=0.05


Tree=185
num_leaves=15
num_cat=4
split_feature=28 27 30 11 29 30 15 28 30 25 15 4 28 24
split_gain=7.18395 14.6428 11.4517 10.9372 20.8311 20.8697 17.288 17.4647 12.5407 12.3696 14.9575 11.5569 16.8857 10.3837
threshold=0.23453878337799927 0.34078855951788761 0 6.3511474283145395 1 2 11.349254346266033 0.24737209452960682 3 3.7256656996770938 1.7275628908985661 -28.533549401555153 0.44767357574022199 0.2853648911727048
decision_type=8 10 9 2 9 9 10 8 9 10 8 10 10 10
left_child=1 2 -1 4 9 11 7 -7 -9 -2 -11 12 -6 -3
right_child=3 13 -4 -5 5 6 -8 8 -10 10 -12 -13 -14 -15
leaf_value=-0.0096676773309568777 -0.02023744657997319 -0.0090137979020699973 0.0063925684506923796 0.0018643551270491926 -0.045411402662431086 0.047331422714474672 -0.023767230903832384 0.021195562674520677 0.0012077112522833775 -0.023324793998623916 0.020637931987899691 -0.0052241412853065786 1.0603671319793753e-05 0.051742739645354953
leaf_weight=131.8733919262886 265.21062308363616 9.2000867836177331 500.88765226863325 1585.622096054256 54.745260681957006 22.479555858299136 55.564440751448274 78.129193469882011 693.41573541145772 32.095617350190878 45.593023559078574 129.84857510589063 32.325412852689624 25.582208465784788
leaf_count=770 1797 59 3157 10469 395 137 520 609 5518 173 264 1106 292 149
internal_value=6.19295e-05 0.00474841 0.00298381 -0.000983847 -0.0041872 -0.000656954 0.00291291 0.00484412 0.00354656 -0.0146872 0.00240994 -0.0141045 -0.0287396 0.0358695
internal_weight=3662.57 667.543 632.761 2995.03 1409.41 1066.51 849.589 794.024 771.545 342.899 77.6886 216.919 87.0707 34.7823
internal_count=25415 4135 3927 21280 10811 8577 6784 6264 6127 2234 437 1793 687 208
cat_boundaries=0 2 3 5 7
cat_threshold=3229975568 1 2252932 1080382740 3 2692743680 32
is_linear=0
shrinkage=0.05


Tree=186
num_leaves=15
num_cat=1
split_feature=1 0 30 21 56 3 11 25 7 11 4 3 0 5
split_gain=8.10138 6.68796 8.02988 9.6025 10.4983 15.2214 12.3432 12.1796 13.5011 10.3638 10.9033 8.92185 7.5253 7.13726
threshold=0.064172958133150312 99.995000000000019 0 0.84023052232273143 11.500000000000002 0.75887291820889369 7.2424115620066027 0.8187398524557733 22.500000000000004 5.9981546148142808 -18.07453202091601 0.58374454827916933 24.020000000000003 0.69529642625081234
decision_type=8 10 9 8 2 10 2 10 2 2 8 10 10 10
left_child=-1 2 3 -2 7 6 -6 8 9 10 -5 -11 -12 -9
right_child=1 -3 -4 4 5 -7 -8 13 -10 11 12 -13 -14 -15
leaf_value=-0.018627027508054644 -0.041265162353289808 -0.021219667666755083 -0.00036930766874713377 -0.053713207371698296 0.0069414926501285643 0.036475451865828075 -0.062961335213013045 0.023276069171360637 -0.026410230178788699 0.038988469527235448 -0.0077319955702484754 -0.014094555018503136 0.035943270972702328 -0.012269414054426673
leaf_weight=56.977736581116915 8.7935852091759426 35.037543300539255 3225.4529444109648 8.4891652241349203 9.950852684676649 8.9467431697994453 15.459054678678511 165.54692455381155 33.889746595174074 34.662365479394794 32.935687115415931 9.6087873261421901 12.929700776934622 14.818882642313836
leaf_count=505 113 212 22019 72 56 68 75 1218 286 266 256 111 90 137
internal_value=-8.46326e-05 0.000212568 0.000428104 0.00743512 0.00899688 -0.016898 -0.0363602 0.0118851 0.000359836 0.00973132 -0.00490303 0.0274103 0.00508453 0.0203041
internal_weight=3673.5 3616.52 3581.48 356.031 347.238 34.3567 25.4099 312.881 132.515 98.6257 54.3546 44.2712 45.8654 180.366
internal_count=25484 24979 24767 2748 2635 199 131 2436 1081 795 418 377 346 1355
cat_boundaries=0 1
cat_threshold=2198938117
is_linear=0
shrinkage=0.05


Tree=187
num_leaves=15
num_cat=1
split_feature=7 20 16 50 28 29 1 0 8 8 24 3 24 24
split_gain=7.47517 12.4239 12.4932 8.69735 8.32354 16.8944 14.1278 13.3358 12.1726 12.1722 10.6341 13.9115 10.5268 9.67255
threshold=10.500000000000002 24.210000000000004 -0.017500000000001844 1.0000000180025095e-35 0.41603875999769124 0 1.5742710795902288 96.985000000000014 48.500000000000007 72.500000000000014 0.34724834418354561 0.99600213724369357 0.7902348055424343 0.2681652560573225
decision_type=2 10 8 2 8 9 8 8 10 10 8 8 10 8
left_child=1 2 -1 -2 5 -4 12 -8 -7 10 -9 -12 -6 -10
right_child=3 -3 4 -5 6 8 7 9 13 -11 11 -13 -14 -15
leaf_value=0.02266887839442509 -0.0012457417536474585 -0.026490710444722378 0.016730574252706559 -0.038501328239888194 0.023975988317124552 -0.009473436438353508 0.021318345474828058 -0.075080792805406471 0.04198539810984727 0.039057945129715631 -0.019410118883274236 0.045161898767784564 -0.031179835160083932 -0.000651502304422164
leaf_weight=88.180288467556238 2764.8243748750538 31.629569422453642 94.790694603696465 14.756270676851271 136.13805759511888 335.04200483113527 42.981489077210426 6.4368902817368499 20.547516204416752 9.6289059203118068 73.66937361843884 8.4356679972261173 8.3908921182155591 34.681543817743659
leaf_count=1118 15944 234 1309 82 1829 2770 599 58 155 107 668 123 99 348
internal_value=-0.000179947 0.00380407 0.00494918 -0.0014573 0.00289513 -0.00109471 0.00964972 -0.00160969 -0.00573687 -0.0117619 -0.017663 -0.0123122 0.0205816 0.0156758
internal_weight=3670.13 890.553 858.923 2779.58 770.743 485.062 285.681 141.152 390.271 98.1708 88.5419 82.105 144.529 55.2291
internal_count=25443 9417 9183 16026 8065 4582 3483 1555 3273 956 849 791 1928 503
cat_boundaries=0 1
cat_threshold=2895908
is_linear=0
shrinkage=0.05


Tree=188
num_leaves=15
num_cat=1
split_feature=4 17 30 28 11 7 15 11 11 20 1 3 19 26
split_gain=7.79676 16.9488 16.5744 10.1928 10.1474 10.1411 9.93591 13.1435 9.54356 8.1834 8.15307 9.30283 7.73883 7.52965
threshold=12.456385521434512 1.0000000180025095e-35 0 0.42870427463501232 7.5717359778846003 16.500000000000004 18.882890507873597 6.4102077756209939 6.2735937243712678 -25.404999999999994 1.0482899339292657 0.41512531989080248 84.725000000000009 1093.0000000000002
decision_type=10 2 9 8 2 2 10 2 2 8 10 10 8 2
left_child=6 2 3 12 13 8 -1 -8 9 -3 -7 -12 -2 -4
right_child=1 5 4 -5 -6 10 7 -9 -10 -11 11 -13 -14 -15
leaf_value=-0.00072263731508659867 -0.060079412272660442 0.016706806095035703 0.041446842321004658 0.024720792788128623 0.0015163458139800373 -0.048499091482858782 -0.042891131825942917 0.0092694422834947218 0.026108971934951614 -0.048151631030521322 0.029421104456217647 -0.028825914222627494 -0.0026003158087266848 0.0052336032688389631
leaf_weight=3344.6120819486678 12.209904080256822 8.0514598097652179 78.072818920016289 9.6111344341188651 30.077924448996782 19.86366156116128 30.532773204147816 19.082011483609676 27.333427546545863 9.9319329243153351 10.178895995020868 16.805570811033249 10.688419399783013 17.922700153663754
leaf_count=23099 80 71 558 90 176 129 248 152 237 90 48 81 77 169
internal_value=-0.000426191 0.00806405 0.0179327 -0.0129103 0.0249755 -0.00892662 -0.0010556 -0.0230432 0.00787159 -0.019763 -0.0250007 -0.00658817 -0.0344809 0.0348094
internal_weight=3644.97 250.748 158.583 32.5095 126.073 92.1649 3394.23 49.6148 45.3168 17.9834 46.8481 26.9845 22.8983 95.9955
internal_count=25305 1806 1150 247 903 656 23499 400 398 161 258 129 157 727
cat_boundaries=0 2
cat_threshold=539031552 17
is_linear=0
shrinkage=0.05


Tree=189
num_leaves=15
num_cat=2
split_feature=11 25 29 25 6 28 34 3 4 27 7 23 2 24
split_gain=8.15644 13.2774 16.3296 15.2435 14.8726 12.3009 11.5963 20.7579 20.6506 15.9029 14.3557 13.073 12.955 11.5763
threshold=6.4172223323443918 1.8049986451620494 0 2.2105135039635835 71.500000000000014 0.16887264087259538 1 0.41512531989080248 -28.533549401555153 0.47900330928727403 11.500000000000002 -1.4413194444444442 10.955804703683082 0.7902348055424343
decision_type=2 10 9 10 10 8 1 8 10 8 2 8 2 10
left_child=1 2 -1 -3 5 -4 7 -7 12 10 -9 -10 -8 -11
right_child=-2 3 4 -5 -6 6 8 9 11 13 -12 -13 -14 -15
leaf_value=0.02888711921121169 0.0016604274665185362 -0.030520357021442832 0.017165545809079343 -0.0062721058062181522 0.053066143476024022 0.010493661977656396 -0.020114752304026394 0.0024338011844075584 -0.053578460271459988 0.016474392522881257 -0.030255807538774555 0.00099617914584927323 0.023669654812316528 -0.050445443429840489
leaf_weight=34.37257469072938 1816.1019559148699 77.633424121886492 76.891242478042841 373.90401961281896 11.321189388632773 314.748524941504 280.15278745256364 51.312423177063465 10.265086665749548 63.892250552773476 95.448678061366081 422.58062761090696 17.155010705813766 6.2040328271687022
leaf_count=212 11809 542 538 2256 88 1914 2170 658 63 687 560 3659 145 79
internal_value=-0.000714931 -0.00306432 -0.000633373 -0.0104994 -0.00160776 -0.00212142 -0.00330942 0.00230601 -0.00739544 -0.00957124 -0.0188873 -0.000418591 -0.0175175 0.00992527
internal_weight=3651.98 1835.88 1384.34 451.537 1349.97 1338.65 1261.76 531.606 730.154 216.857 146.761 432.846 297.308 70.0963
internal_count=25380 13571 10773 2798 10561 10473 9935 3898 6037 1984 1218 3722 2315 766
cat_boundaries=0 1 2
cat_threshold=1048866 2
is_linear=0
shrinkage=0.05


Tree=190
num_leaves=15
num_cat=3
split_feature=2 30 24 7 3 1 26 7 3 13 29 51 8 30
split_gain=8.63472 17.0028 12.9579 11.8425 14.2804 10.7011 9.36651 9.14755 11.0975 10.4596 9.06469 21.0748 13.2047 13.1795
threshold=70.841452578701151 0 0.29231388218111026 35.500000000000007 0.39474843666651244 1.3575187969924813 64.500000000000014 -1.0000000180025095e-35 0.25350187529714224 3.7525000000000008 1 1.0000000180025095e-35 -11.499999999999998 2
decision_type=2 9 10 2 8 10 2 2 8 8 9 2 8 9
left_child=10 2 3 4 -2 -6 -4 -3 -9 -10 13 12 -12 -1
right_child=1 7 6 -5 5 -7 -8 8 9 -11 11 -13 -14 -15
leaf_value=-0.0048452820669958969 0.053884564870905649 -0.046252944842721938 -0.031743072518435923 -0.013670783021874786 -0.0098582998856528853 0.038060598740671456 0.010806488445857578 -0.032830237933590085 -0.039369148574765478 0.00084526187899116559 0.058971065386513581 0.033238062919184283 -0.0018103285641869968 0.0078706007974473132
leaf_weight=265.67802054435015 27.742364652454853 23.027580924332142 30.368636887520552 24.188024181872606 29.08058650046587 18.106980443000793 21.331784525886178 50.112710535526276 18.003730537369847 108.14535197988153 7.9729113653302193 43.380717609077692 2190.6578898392618 805.28072513453662
leaf_count=1663 129 118 180 121 147 99 138 260 102 602 40 405 16689 4718
internal_value=0.000151769 -0.00730429 0.00544253 0.0163318 0.0260694 0.00893757 -0.014315 -0.0163836 -0.0131667 -0.00515855 0.000941676 -0.000871433 -0.00156321 0.00469892
internal_weight=3663.08 350.108 150.818 99.118 74.9299 47.1876 51.7004 199.289 176.262 126.149 3312.97 2242.01 2198.63 1070.96
internal_count=25411 1896 814 496 375 246 318 1082 964 704 23515 17134 16729 6381
cat_boundaries=0 2 3 5
cat_threshold=30935110 13 2381585 1132470528 26
is_linear=0
shrinkage=0.05


Tree=191
num_leaves=15
num_cat=2
split_feature=8 11 5 30 10 6 30 25 14 25 25 24 2 24
split_gain=9.15236 8.82598 7.38602 12.4834 7.83486 7.19242 22.1314 14.7948 14.1744 10.4524 22.2904 9.50886 9.94108 10.3569
threshold=-2.4999999999999996 6.0272295577074333 0.89645768025078387 0 13.500000000000002 27.500000000000004 1 0.48028817892362918 0.40374999999999878 2.0271604670906513 0.91596015517126517 0.034937659878743942 112.8581290722213 0.33501327171468165
decision_type=8 2 10 9 2 10 9 10 10 10 8 10 2 10
left_child=1 -1 5 -4 -5 -2 8 -8 9 10 -7 -9 13 -13
right_child=2 -3 3 4 -6 6 7 11 -10 -11 -12 12 -14 -15
leaf_value=0.042743014269371361 0.00070375681155618514 0.0049767918373863533 -0.029967884954713593 -0.0020316896175878256 0.054432612348646076 -0.0011046110951906784 -0.031265730554330122 0.042282585659708168 -0.038312776861265281 -0.0033862514197649366 0.071263391612887944 -0.017016337428257044 0.035473062152103663 0.0055448731616568655
leaf_weight=22.570721924304962 3092.9357416899875 45.932843627408147 42.288836693391204 30.972168451175094 6.6436971276998511 17.902708701789383 75.371990518644452 8.7594099119305593 8.1562624722719175 17.831547766923904 25.122801125049588 168.83429649285972 11.522818528115748 72.04037681594491
leaf_count=122 21260 262 415 255 67 146 679 43 57 106 137 1214 56 467
internal_value=-0.000114359 0.017856 -0.000463271 -0.0153989 0.0072221 -0.000117841 -0.00637021 -0.0115556 0.0178239 0.0287267 0.0418103 -0.00621034 -0.00805349 -0.0102737
internal_weight=3646.89 68.5036 3578.38 79.9047 37.6159 3498.48 405.542 336.529 69.0133 60.8571 43.0255 261.157 252.397 240.875
internal_count=25286 384 24902 737 322 24165 2905 2459 446 389 283 1780 1737 1681
cat_boundaries=0 2 4
cat_threshold=1083867214 8 554213650 16
is_linear=0
shrinkage=0.05


Tree=192
num_leaves=15
num_cat=4
split_feature=27 17 24 15 27 28 30 15 30 8 30 30 11 1
split_gain=7.85315 13.8391 8.23933 7.30204 6.40903 8.03422 8.03356 6.37768 16.4254 16.0884 16.9282 15.3122 15.9042 15.215
threshold=0.052658891424290151 1.0000000180025095e-35 0.038963999976311885 -16.19243988775148 0.081653676414888812 0.1535512678818417 0 5.3705192918609841 1 39.500000000000007 2 3 8.7492780587294519 0.66784037558685461
decision_type=8 2 8 8 8 10 9 8 9 8 9 9 2 8
left_child=1 -1 -2 -4 5 -5 -7 8 13 -10 -11 -9 -13 -6
right_child=2 -3 3 4 7 6 -8 11 9 10 -12 12 -14 -15
leaf_value=0.036740807662347955 -0.024015414737082116 -0.026867133304613856 -0.029542484134014075 -0.043209911558039826 0.0098728562367811981 -0.025856095426544413 0.010685238866052972 0.007607745742827271 0.011001993517997445 0.01466734168232145 -0.010328693359197359 -0.0030839028215352521 -0.030117365683545613 -0.0058549201337976895
leaf_weight=32.963682133704424 34.738491954281926 10.619540294632314 19.640522666275501 17.542544983327389 195.71372957527637 12.881783621385692 30.794234064407647 334.37986346520483 711.17056791856885 87.137255424633622 210.29092714749277 1209.6124193146825 55.994000988081098 703.91417536139488
leaf_count=224 221 105 132 185 1199 88 309 2516 4851 675 1286 8538 307 4829
internal_value=0.000130059 0.020987 -0.000126507 0.000111338 0.000282735 -0.0156244 -0.0038255 0.000564689 0.00251619 0.00685472 -0.00283564 -0.00176289 -0.00426907 -0.00239954
internal_weight=3667.39 43.5832 3623.81 3589.07 3569.43 61.2186 43.676 3508.21 1908.23 1008.6 297.428 1599.99 1265.61 899.628
internal_count=25465 329 25136 24915 24783 582 397 24201 12840 6812 1961 11361 8845 6028
cat_boundaries=0 1 3 5 7
cat_threshold=13901824 1669386000 43 3149900 4 584057364 32
is_linear=0
shrinkage=0.05


Tree=193
num_leaves=15
num_cat=3
split_feature=13 30 11 13 7 0 2 30 9 19 27 30 5 20
split_gain=8.21589 9.86823 7.92745 6.95769 11.3635 12.4308 9.3726 8.47478 12.1088 9.86636 7.75526 7.17354 8.42782 8.31736
threshold=9.5012500000000006 0 5.7688989097274197 4.2325000000000026 32.500000000000007 93.215000000000018 -8.92879973205679 1 1.0000000180025095e-35 84.725000000000009 0.20598293654360508 2 0.75163939393939405 -67.944999999999993
decision_type=10 9 2 10 2 10 2 9 2 8 10 9 8 10
left_child=3 2 -2 6 5 11 7 10 9 -9 -1 12 13 -5
right_child=1 -3 -4 4 -6 -7 -8 8 -10 -11 -12 -13 -14 -15
leaf_value=-0.055367025580224521 -0.069613417313370937 0.00053074967753749221 -0.020950392431520207 -0.03990290652665663 -0.031977678832509661 -0.025815685138274008 -0.00036017029215139399 0.047180415586731 0.055623796848689067 -0.017863269454280985 0.0056404357811576473 0.025695393249866888 -0.023929945787883038 0.017742438709295021
leaf_weight=5.9642013851553228 10.140681033954023 80.666701478883624 40.629361430183053 5.9488123543560496 14.514323594048617 18.277468776330352 3232.3625575890765 8.1113855876028556 24.963127428665757 15.247644169256089 20.073865415528417 88.172772280871868 19.156329866498709 66.971334265545011
leaf_count=48 94 654 331 38 128 145 21960 53 226 111 183 692 143 602
internal_value=0.000151787 -0.012074 -0.0266746 0.000611628 0.00934807 0.0125145 4.61127e-05 0.0174772 0.0266985 0.0057327 -0.00720128 0.0165222 0.00433037 0.0125635
internal_weight=3651.2 131.437 50.77 3519.76 213.041 198.527 3306.72 74.3602 48.3222 23.359 26.0381 180.249 92.0765 72.9201
internal_count=25408 1079 425 24329 1748 1620 22581 621 390 164 231 1475 783 640
cat_boundaries=0 2 4 6
cat_threshold=2726387798 4 9191426 8 1637381128 30
is_linear=0
shrinkage=0.05


Tree=194
num_leaves=15
num_cat=1
split_feature=2 2 2 26 13 3 28 7 4 25 24 23 29 28
split_gain=6.56261 8.52678 14.7853 13.6834 7.96322 8.05201 8.19471 7.94633 6.62439 6.37175 6.23677 21.1148 19.2152 12.9797
threshold=-8.92879973205679 -2.3395669833119244 -0.0017448529702202007 27.500000000000004 4.2325000000000026 0.019887186998571053 0.23209594432138808 34.500000000000007 -1.6388990909847703 -2.6631428791943095 0.48957563587758718 8.5181250000000031 0 0.75948114021910296
decision_type=2 2 2 2 8 8 8 2 10 8 10 10 9 8
left_child=4 3 -3 -2 -1 -6 -7 8 -8 -4 11 -11 -12 -14
right_child=1 2 9 -5 5 6 7 -9 -10 10 12 -13 13 -15
leaf_value=0.045401813980901484 -0.050141358438690588 0.031063583280599827 -0.039465300393608398 0.0032671770658960287 0.056734566442423209 -0.037353816484508209 0.0086825528273409818 0.056393417994897478 -0.04278565091497033 -0.00077585103842530605 0.012062326541215316 -0.034328182495994237 -0.023627005327825166 0.031047851881692758
leaf_weight=14.822256298735736 21.381047358736396 36.042564043775201 9.56431545317173 25.591142592951655 6.0519297011196604 10.791618688032029 40.572883905842893 6.5051775053143492 6.3588987942785087 3073.6434314250946 268.38329705037177 46.617934074252844 72.866896448656917 11.837279072031377
leaf_count=114 132 247 62 186 36 72 387 36 47 20480 2372 532 574 113
internal_value=-0.000315175 -0.000644353 -0.000358818 -0.021582 0.0133251 0.00601809 0.000442814 0.00862183 0.000961856 -0.000692812 -0.000574719 -0.00128797 0.00571421 -0.0140713
internal_weight=3651.03 3565.93 3518.96 46.9722 85.1028 70.2805 64.2286 53.437 46.9318 3482.91 3473.35 3120.26 353.087 84.7042
internal_count=25390 24698 24380 318 692 578 542 470 434 24133 24071 21012 3059 687
cat_boundaries=0 1
cat_threshold=45314
is_linear=0
shrinkage=0.05


Tree=195
num_leaves=15
num_cat=4
split_feature=61 14 9 5 30 30 19 56 24 29 8 4 29 11
split_gain=5.94674 5.87532 6.50973 6.25438 13.7996 10.5328 11.5858 13.4107 13.7754 12.5704 14.9162 11.476 10.5135 11.271
threshold=1724.5000000000002 -1.0000000180025095e-35 12.500000000000002 0.17866028708133977 0 1 24.250000000000004 1.0000000180025095e-35 0.40834763372178345 2 2.5000000000000004 6.7455599762699201 3 7.4566537683120773
decision_type=10 8 2 8 9 9 8 2 10 9 10 8 9 2
left_child=1 -1 3 4 -3 12 7 8 -7 -9 11 -11 -5 -14
right_child=-2 2 -4 5 -6 6 -8 9 -10 10 -12 -13 13 -15
leaf_value=-0.018094576199632471 -0.038230716488292474 0.013814853834359833 0.038957018473112982 -0.029400724049959606 -0.0054978060159772378 -0.029258645589140514 0.001815714170802318 -0.015220391361356007 0.0076183617522028041 0.012694672767246451 -0.02961302242833775 0.069756602467956494 -0.0081676871061559641 0.011144705895782557
leaf_weight=42.410625778138638 9.0987615548074228 225.39978904090822 9.9196563716977817 37.005026265978813 146.97036398109049 99.266857568174601 2494.4706873446703 33.451241180300713 33.405080681666732 19.317489348351955 9.0261974409222585 16.101514615118504 403.12610611319542 92.004393251612782
leaf_count=265 54 1450 82 211 963 683 17287 387 241 109 59 75 3104 534
internal_value=8.50768e-05 0.000190692 0.000409886 0.000293192 0.00642081 -0.000413429 0.000860406 -0.010371 -0.019986 0.00605092 0.0208126 0.0398382 -0.00676747 -0.00447369
internal_weight=3670.97 3661.88 3619.46 3609.54 372.37 3237.17 2705.04 210.568 132.672 77.8964 44.4452 35.419 532.136 495.13
internal_count=25504 25450 25185 25103 2413 22690 18841 1554 924 630 243 184 3849 3638
cat_boundaries=0 2 4 5 6
cat_threshold=2693325900 11 1612745737 22 40964 3473440
is_linear=0
shrinkage=0.05


Tree=196
num_leaves=15
num_cat=3
split_feature=24 7 0 35 11 30 7 5 0 30 29 24 19 11
split_gain=7.54078 6.77151 12.0313 16.7303 14.0242 11.3153 11.2249 9.13133 12.7824 13.2586 10.2901 17.9712 16.24 12.2865
threshold=1.0000000180025095e-35 8.5000000000000018 74.40000000000002 1.0000000180025095e-35 6.8683177301510616 0 22.500000000000004 0.066766666666666682 90.985000000000014 1 2 0.2681652560573225 32.500000000000007 7.2318476275197394
decision_type=8 2 10 2 2 9 2 8 8 9 9 10 10 2
left_child=-1 7 -3 4 -4 -6 -5 -2 -9 -10 11 -11 13 -13
right_child=1 2 3 6 5 -7 -8 8 9 10 -12 12 -14 -15
leaf_value=-0.034691205082284217 -0.020735654679481713 0.00022469105100527063 -0.046637282066410067 0.037818364859141113 -0.03277740999462251 0.0069054235510608913 -0.028780731783105681 0.016447741116637059 -0.0053791517204932618 0.022609220028006024 0.016153442631019796 0.0037605453972035571 -0.077797095618092935 -0.077606602811210984
leaf_weight=14.160610388964413 32.733167011290789 2711.3230616310611 41.564166992902756 20.183743823319677 17.667580462992191 43.477996494621038 8.1703537255525571 206.31014562211931 291.95519517362118 31.352776562795043 182.87680280581117 30.004057006910443 10.41926823556423 4.4712392874062052
leaf_count=100 281 16037 279 149 100 259 47 2754 2405 280 2257 329 101 49
internal_value=0.000498861 0.000645552 -0.000493036 -0.01523 -0.0245737 -0.0090667 0.0183009 0.00473696 0.00586373 0.00187873 0.00987269 -0.00532884 -0.0260684 -0.00868244
internal_weight=3646.67 3632.51 2842.39 131.064 102.71 61.1456 28.3541 790.123 757.389 551.079 259.124 76.2473 44.8946 34.4753
internal_count=25427 25327 16871 834 638 359 196 8456 8175 5421 3016 759 479 378
cat_boundaries=0 1 3 4
cat_threshold=46170176 2697463071 50 549890
is_linear=0
shrinkage=0.05


Tree=197
num_leaves=15
num_cat=5
split_feature=0 30 24 5 20 28 30 29 28 30 5 12 29 6
split_gain=7.09717 16.9946 11.3305 13.0103 11.1451 9.11607 15.3368 11.5193 11.293 16.7457 9.89666 9.59787 16.7834 20.086
threshold=4.6250000000000009 0 0.14142884190328156 0.066766666666666682 -81.949999999999989 0.42080098428280088 1 2 0.40964005372793427 3 0.23667375886524825 1.5000000000000002 4 -11.499999999999998
decision_type=8 9 10 8 8 10 9 9 10 9 8 2 9 10
left_child=1 -1 -3 4 -4 7 -7 -2 -9 -10 -11 12 13 -8
right_child=5 2 3 -5 -6 6 11 8 9 10 -12 -13 -14 -15
leaf_value=-0.023946729667389446 0.018729460549146794 0.030436946904659326 -0.020068323775155564 -0.027681218462578705 0.012980356871311452 0.020090033245019682 -0.10039603760503293 -0.00030951675134577002 0.01142840370782496 0.0181390037569144 -0.027552081843061429 0.011447494395002167 0.0015319838704287937 -0.016491870676989998
leaf_weight=90.066733429208398 63.418236827477813 27.758981696330011 33.634751930832863 40.965879410505295 96.079076215624809 135.52201437018812 8.2518881037831289 2346.977853063494 47.802885921671987 12.459684342145918 119.330616354011 191.59569033607841 413.14247015863657 33.660932192578912
leaf_count=609 424 203 201 293 625 1244 86 15436 366 76 840 1415 3437 254
internal_value=0.000115813 -0.00739706 0.00133084 -0.00347512 0.00432288 0.000760579 0.00548751 -0.000668515 -0.00123186 -0.0132851 -0.0215086 0.00205891 -0.00186534 -0.0283575
internal_weight=3660.67 288.505 198.439 170.68 129.714 3372.16 782.173 2589.99 2526.57 179.593 131.79 646.651 455.055 41.9128
internal_count=25509 1931 1322 1119 826 23578 6436 17142 16718 1282 916 5192 3777 340
cat_boundaries=0 2 3 4 6 7
cat_threshold=34689344 25 2152805448 787984 3255831632 49 270336
is_linear=0
shrinkage=0.05


Tree=198
num_leaves=15
num_cat=4
split_feature=7 44 29 25 30 30 11 28 30 23 21 1 25 28
split_gain=8.90908 14.106 10.7245 16.0172 23.921 19.0314 11.9933 12.4872 10.9841 18.0956 14.571 12.4573 11.9406 12.6986
threshold=20.500000000000004 2.5000000000000004 0 2.5867427089923658 1 2 5.5654969270176009 0.059856735518329131 3 0.59625000000000017 4.1018548159657184 1.7168238993710694 3.7256656996770938 0.33262643585504698
decision_type=2 2 9 8 9 9 2 8 9 8 8 10 8 8
left_child=1 -1 8 4 -4 -5 -6 -8 -2 -10 -11 12 13 -12
right_child=2 -3 3 5 6 -7 7 -9 9 10 11 -13 -14 -15
leaf_value=0.0014912423134590437 -0.007746136453510126 0.033990719696904585 -0.01693879571892723 0.021967346203384811 -0.013734503994853944 -0.025260433585872752 0.060636586392209417 0.0043547940962927146 -0.030111738472966134 0.055336941754774931 -0.015243964756786927 0.043534154232244861 0.018668716882757105 0.018625264759749318
leaf_weight=2227.8530808482319 140.44302561879158 32.899561999365687 213.48896470852196 18.290915936231613 95.954027891159058 147.7783057577908 9.0749639421701414 472.1750784162432 25.840239256620407 17.926513761281967 84.717544130980968 23.616496801376343 101.58836697414517 39.905741095542908
leaf_count=16894 684 331 1563 97 633 878 42 2975 151 84 403 102 458 185
internal_value=4.21776e-05 0.00197901 -0.00310531 -0.00602427 -0.00311067 -0.0201555 0.00227791 0.00553964 0.00338867 0.00880246 0.0129836 0.00973597 0.00603137 -0.00433674
internal_weight=3651.55 2260.75 1390.8 956.762 790.693 166.069 577.204 481.25 434.038 293.595 267.755 249.828 226.212 124.623
internal_count=25480 17225 8255 6188 5213 975 3650 3017 2067 1383 1232 1148 1046 588
cat_boundaries=0 1 3 5 7
cat_threshold=279552 2195720266 5 41944064 17 3808968720 49
is_linear=0
shrinkage=0.05


Tree=199
num_leaves=15
num_cat=1
split_feature=7 29 28 28 28 26 15 0 7 28 26 7 56 19
split_gain=7.45512 13.7786 12.4923 12.194 10.9917 10.7246 11.0718 10.6876 10.3119 10.1302 13.6718 15.3091 10.0565 9.12821
threshold=8.5000000000000018 0 0.36087559099676353 0.32255532335981724 0.18367757160365883 2.5000000000000004 6.6717679283692695 99.910000000000011 -3.4999999999999996 0.4181530063412266 48.500000000000007 1.5000000000000002 5.5000000000000009 90.997500000000016
decision_type=2 9 10 10 10 2 8 10 2 10 2 2 2 8
left_child=1 2 3 7 -3 8 -7 12 -6 -4 -11 -12 -1 -10
right_child=-2 4 9 -5 5 6 -8 -9 13 10 11 -13 -14 -15
leaf_value=0.025872808470218441 -0.0019579007284037594 0.019049407840165768 -0.0057584018189365607 0.051703779849850466 -0.036318052608976213 -0.023891930003978656 0.0079038594521851236 -0.035035527073603828 -0.014424222220351038 -0.0026336573389061837 -0.0086862226991278359 0.034781133809826496 -0.0045085369611837988 0.036493195837139086
leaf_weight=95.754617070779204 2858.9799807695672 35.06152918189764 176.77138415724039 23.962114110589027 8.89773081243038 125.77796762064099 34.38710661418736 9.576988145709036 12.16542052477598 99.288778968155384 27.097674649208784 75.381254062056541 37.539813974872231 27.09169396571815
leaf_count=1199 17047 254 1812 404 40 937 333 47 95 1076 199 1379 414 274
internal_value=-0.0007706 0.00353001 0.00786232 0.0193622 -0.00623684 -0.0108613 -0.0170588 0.0136162 0.00967938 0.00296349 0.0105956 0.0233145 0.0173466 0.020748
internal_weight=3647.73 788.754 545.373 166.834 243.381 208.32 160.165 142.871 48.1548 378.539 201.768 102.479 133.294 39.2571
internal_count=25510 8463 6530 2064 1933 1679 1270 1660 409 4466 2654 1578 1613 369
cat_boundaries=0 1
cat_threshold=3969541
is_linear=0
shrinkage=0.05


Tree=200
num_leaves=15
num_cat=4
split_feature=15 24 23 30 31 7 30 7 30 19 10 30 57 27
split_gain=7.13848 12.0925 14.1279 10.7461 10.1368 14.6827 12.4997 11.8313 13.2213 10.2276 9.95788 9.85848 10.1217 11.8044
threshold=0.036536068915539018 0.14142884190328156 4.9937500000000012 0 2.5000000000000004 26.500000000000004 1 7.5000000000000009 2 86.492500000000021 13.500000000000002 3 4.7500000000000009 0.20793939375045203
decision_type=10 8 10 9 2 2 9 2 9 8 2 9 2 8
left_child=1 2 11 -3 7 6 -6 8 9 -5 -7 12 -1 -14
right_child=-2 3 -4 4 5 10 -8 -9 -10 -11 -12 -13 13 -15
leaf_value=0.049810912803973817 0.001993811376142152 0.0066864535971814911 -0.05515872624397148 0.010652554862505118 -0.011694547447307671 -0.01700769773311743 0.010733273989124117 -0.013082172740969298 0.015035064418940747 -0.030582586536280189 0.02928461070958523 0.0018658717900578482 0.028260325180285636 -0.04436080612144875
leaf_weight=33.484450336545706 2108.4314499767497 192.93058859184384 6.8851703153923145 23.241351570934057 72.383158531039953 137.41907318122685 253.56077375821769 548.03010410256684 82.913280354812741 39.573625054210424 11.777206651866434 97.511824294924736 18.761652713641528 6.8285640794783822
leaf_count=190 15164 1309 138 201 461 865 1551 3469 765 285 61 625 187 68
internal_value=0.000109262 -0.00249536 0.0103144 -0.00403946 -0.00582141 -0.000242658 0.00570274 -0.00972011 0.00292635 -0.0133119 -0.0131828 0.013525 0.0275262 0.00794237
internal_weight=3633.73 1525.3 163.472 1361.83 1168.9 475.14 325.944 693.758 145.728 62.815 149.196 156.586 59.0747 25.5902
internal_count=25339 10175 1208 8967 7658 2938 2012 4720 1251 486 926 1070 445 255
cat_boundaries=0 2 4 6 8
cat_threshold=2718982656 5 2133074 24 594253 16 296018 56
is_linear=0
shrinkage=0.05


Tree=201
num_leaves=15
num_cat=3
split_feature=28 24 4 4 30 29 23 30 26 15 6 24 24 28
split_gain=7.54245 17.87 13.0503 11.7468 13.329 11.7223 11.7605 12.1732 10.2326 10.1092 9.865 8.83987 15.2918 9.51366
threshold=0.22276707305361546 0.10258699345898421 -10.788944256720908 -2.2941708297696333 0 1 0.59625000000000017 2 83.500000000000014 1.6171082278364202 15.500000000000002 0.14142884190328156 0.14649049004605721 0.33262643585504698
decision_type=10 10 8 8 9 9 8 9 2 10 8 10 10 8
left_child=3 2 -2 4 -1 -5 9 -8 -6 -7 -4 -3 -13 -14
right_child=1 11 10 5 8 6 7 -9 -10 -11 -12 12 13 -15
leaf_value=-0.018579793335525049 0.029295335919075217 0.01637675531666211 -0.053545442695688811 -0.021882291413487645 0.024257322459903159 -0.03211914828923703 0.024371625668722745 0.0066900292539415415 -0.010645910096455742 0.011816548168978251 -0.0038046892725194545 -0.055065973751069065 -0.0046465457483795148 0.0016073864532804606
leaf_weight=91.204094793647528 7.5240845233201981 76.387646056711674 32.562714029103518 21.841358702629805 46.069415578618646 28.806086629629135 135.25018816813827 381.73136392049491 37.115031097084284 22.620460085570812 14.409106364473699 11.901735942810772 916.56250935420394 1802.1624854775146
leaf_count=743 69 479 276 126 330 178 854 2416 311 108 172 60 5412 13880
internal_value=0.000335716 -0.000843402 -0.0289398 0.00474368 -0.00663055 0.00810971 0.00951575 0.0119536 0.00781455 -0.0129368 -0.0386843 -0.000287821 -0.000759827 -0.000501932
internal_weight=3626.15 2861.51 54.4959 764.638 174.389 590.249 568.408 516.982 83.1844 51.4265 46.9718 2807.01 2730.63 2718.72
internal_count=25414 20348 517 5066 1384 3682 3556 3270 641 286 448 19831 19352 19292
cat_boundaries=0 2 3 5
cat_threshold=63480908 5 65537 35655006 13
is_linear=0
shrinkage=0.05


Tree=202
num_leaves=15
num_cat=2
split_feature=7 27 24 23 29 24 26 24 3 29 7 3 26 11
split_gain=7.96163 12.4503 15.8541 13.9894 13.001 11.3048 13.5983 9.14431 9.00994 16.1855 16.9461 15.6049 16.6565 13.0287
threshold=10.500000000000002 0.60802031245624832 0.49826877660989621 7.8362500000000006 0 0.26995309163600023 1427.5000000000002 0.57362542690136709 0.077602480175373481 1 17.500000000000004 0.88411182417085699 267.50000000000006 6.2081070112693633
decision_type=2 10 8 10 9 10 2 10 10 9 2 10 2 2
left_child=1 2 3 4 -1 -6 -7 -4 -2 11 -11 12 13 -10
right_child=8 -3 7 -5 5 6 -8 -9 9 10 -12 -13 -14 -15
leaf_value=0.018947389369385597 0.0032361254256869153 -0.010974759107925964 0.041844025050152812 -0.030934848275368583 0.013377110444464222 -0.0080220659743993235 0.014049602351585614 -0.0021037813963484114 -0.0079251769482769144 -0.0010791762454632999 -0.013591394462311843 0.029019751496787066 -0.016071126415229429 0.0080419424525386314
leaf_weight=138.86840749159455 838.99951639678329 113.4641942307353 46.0038254968822 25.745095934718847 156.93372037820518 281.53170472197235 91.697277991101146 15.69623840600252 173.43518679961562 570.50247823260725 514.11462042108178 50.36498262360692 125.11993536166847 477.21953606419265
leaf_count=2026 5141 1166 747 232 1177 2652 1220 178 864 3440 3238 286 677 2319
internal_value=0.000238594 0.0044048 0.00672303 0.00454288 0.00595224 0.00212241 -0.00257631 0.0308086 -0.00108059 -0.00297673 -0.00695305 0.002302 0.000561932 0.0037802
internal_weight=3619.7 869.94 756.476 694.776 669.031 530.163 373.229 61.7001 2749.76 1910.76 1084.62 826.14 775.775 650.655
internal_count=25363 9398 8232 7307 7075 5049 3872 925 15965 10824 6678 4146 3860 3183
cat_boundaries=0 1 2
cat_threshold=2372149 288002
is_linear=0
shrinkage=0.05


Tree=203
num_leaves=15
num_cat=2
split_feature=8 5 24 24 23 56 54 3 23 18 20 30 8 30
split_gain=6.07904 8.7565 9.3467 10.3806 7.7512 6.94792 8.93724 9.43519 7.03109 10.4635 6.54155 7.52489 6.6845 19.4671
threshold=-2.4999999999999996 0.61634417808219188 0.37909722949222763 0.29483464022387307 -2.2227083333333328 21.500000000000004 123.00000000000001 0.76999671121506763 -0.72472222222222205 11.731250000000001 26.040000000000003 0 47.500000000000007 1
decision_type=8 8 8 10 8 2 8 10 8 8 10 9 10 9
left_child=1 -1 3 -3 -2 8 -7 -8 9 -6 12 -12 -10 -14
right_child=4 2 -4 -5 5 6 7 -9 10 -11 11 -13 13 -15
leaf_value=-0.020946966663627112 -0.027201329230026852 0.025884032550984662 0.063166634373879635 -0.027231990002964297 0.048834037965676973 0.024316412364738263 -0.043056288145004479 0.023732250731246674 0.00058544763845127775 -0.014928987760237104 0.012153367534902516 -0.024968652233945447 0.0058575132268399131 -0.014215701559763559
leaf_weight=13.326414249837397 25.515468595549464 35.296127386391163 10.613437129184602 11.419862583279608 16.052558796480298 58.331935409456491 11.019918255507948 8.577791675925253 2896.6291613420472 9.7238404136151093 14.420674664899705 40.819306382909417 204.45721906144172 272.71962057240307
leaf_count=67 162 183 68 81 135 303 51 62 20543 60 108 331 1473 1729
internal_value=2.17444e-05 0.0144407 0.0228847 0.0126011 -0.000268546 -6.63806e-05 0.0146017 -0.0140904 -0.000401375 0.025121 -0.000600497 -0.0175127 -0.000318483 -0.00579541
internal_weight=3628.92 70.6558 57.3294 46.716 3558.27 3532.75 77.9296 19.5977 3454.82 25.7764 3429.05 55.24 3373.81 477.177
internal_count=25356 399 332 264 24957 24795 416 113 24379 195 24184 439 23745 3202
cat_boundaries=0 2 4
cat_threshold=2718172160 1 1091884127 16
is_linear=0
shrinkage=0.05


Tree=204
num_leaves=15
num_cat=2
split_feature=24 24 26 30 2 30 2 15 24 8 8 3 3 25
split_gain=7.4232 6.94586 6.89449 21.9243 17.8342 17.8708 18.2606 16.4654 17.2893 12.6009 14.7762 13.1864 10.6518 10.6281
threshold=1.0000000180025095e-35 0.034937659878743942 52.500000000000007 0 0.08277244146509545 1 70.841452578701151 4.1381340514458111 0.14842074852502385 1.0000000180025095e-35 6.5000000000000009 0.14800176474455592 2.0217653018199444 3.9514802480208533
decision_type=8 8 2 9 2 9 2 8 8 8 8 10 8 10
left_child=-1 -2 3 4 -3 13 -7 -5 -9 11 -11 -10 -12 -6
right_child=1 2 -4 7 5 6 -8 8 9 10 12 -13 -14 -15
leaf_value=-0.03457154071609396 0.023764887107129231 -0.01895306936638912 0.0015521349986330282 0.0068537668048838556 -0.0076148139016939988 0.038107498135078077 -0.0062575902475909776 0.029105405639552939 -0.0035739053777336031 0.030485363196968103 0.00021758812126546775 -0.020846402109638625 -0.045528408490122019 -0.059633597096291784
leaf_weight=14.987530246376989 28.432691229507327 316.0946157630533 1804.9350867113099 570.73407951928675 29.020195841789246 46.062866015359759 45.253083933144808 35.697412291541696 249.80473071336746 38.948598001152277 221.56014664284885 197.87424484826624 12.499732881784437 14.121618803590534
leaf_count=106 179 2136 13760 3462 196 260 244 249 1489 310 1585 1282 73 67
internal_value=-0.000576322 -0.000425694 -0.000624256 -0.00283366 -0.0122115 0.0027585 0.0146997 0.000445486 -0.0043867 -0.00608368 0.00237822 -0.0112378 -0.00240873 -0.0208777
internal_weight=3626.03 3611.04 3582.61 1777.67 450.552 134.458 91.3159 1327.12 756.385 720.687 273.008 447.679 234.06 43.1418
internal_count=25398 25292 25113 11353 2903 767 504 8450 4988 4739 1968 2771 1658 263
cat_boundaries=0 2 4
cat_threshold=1137297673 17 1073840392 1
is_linear=0
shrinkage=0.05


Tree=205
num_leaves=15
num_cat=1
split_feature=2 30 28 23 24 26 3 26 11 28 54 26 20 48
split_gain=7.74491 19.2831 11.5065 13.6268 8.12999 13.6683 13.296 12.9309 8.08424 8.38143 7.34706 11.8499 7.64495 7.29526
threshold=59.339492021851193 0 0.41603875999769124 0.50541666666666685 0.29231388218111026 232.00000000000003 0.43784586426224892 89.500000000000014 8.8079843634505455 0.16334575918335179 76.500000000000014 388.50000000000006 -26.479999999999997 1.0000000180025095e-35
decision_type=2 9 10 10 10 2 10 2 2 8 10 2 10 2
left_child=10 4 3 8 5 6 -2 -6 9 -3 13 12 -12 -1
right_child=1 2 -4 -5 7 -7 -8 -9 -10 -11 11 -13 -14 -15
leaf_value=0.00085985224819605662 0.050015432860223391 -0.045555679422488858 0.017508291100437504 -0.064130429590886662 -0.024631675676335511 -0.015281017586971441 0.0067811298188198595 0.02637599850966775 -0.045104285047264457 -0.0088348408063330004 0.041679377130521514 -0.033692154270085865 -0.0016566720717809938 -0.014584833418777823
leaf_weight=3081.172383424826 34.010309513658285 16.064252302050591 24.067655405029655 14.243525655940173 35.266756307333708 23.826874554157257 36.881128210574389 17.946321925148368 19.451207723468542 187.06334448046982 32.314830552786589 8.254294650629161 14.546094454824923 77.403845313936472
leaf_count=22099 170 77 181 79 210 129 189 129 99 1006 173 67 107 625
internal_value=-2.96224e-05 -0.00650291 -0.014344 -0.0182443 0.00777046 0.017014 0.0279301 -0.00725992 -0.0150342 -0.0119478 0.000795627 0.0187291 0.0284739 0.00047687
internal_weight=3622.51 408.821 260.89 236.822 147.931 94.7183 70.8914 53.2131 222.579 203.128 3213.69 55.1152 46.8609 3158.58
internal_count=25340 2269 1442 1261 827 488 359 339 1182 1083 23071 347 280 22724
cat_boundaries=0 2
cat_threshold=60622854 21
is_linear=0
shrinkage=0.05


Tree=206
num_leaves=15
num_cat=1
split_feature=11 20 30 1 25 3 27 1 7 7 15 15 25 25
split_gain=7.14092 15.2722 10.1506 13.9909 13.0182 12.4865 11.7843 12.8178 11.9594 12.4196 10.3278 9.69103 9.2051 9.11899
threshold=7.4923785970800472 -74.47499999999998 0 0.23570261437908499 1.4563465961146618 0.075438297141615582 0.38281502561189523 0.95200944265315524 17.500000000000004 33.500000000000007 3.0280993767306121 0.15714020396472983 2.4023039878003147 3.5570975454528591
decision_type=2 8 9 8 10 10 8 8 2 2 10 10 10 8
left_child=-1 -2 4 12 -3 13 7 8 -6 -10 -9 -11 -4 -5
right_child=1 2 3 5 6 -7 -8 10 9 11 -12 -13 -14 -15
leaf_value=-5.0729993396057507e-05 -0.032270912684784318 0.010429315897168135 -0.034109938557669681 0.042376815681733203 0.042494159838030225 0.0096062611655952819 0.0079154479052459727 -0.054708002132649904 -0.04448107412316802 0.046961800067380294 -0.0057403885636791493 -0.018829760767630578 0.013920165837046175 0.0041255713620456198
leaf_weight=2792.6806314047426 25.239345941692591 126.71411886252463 26.367343476042151 54.69824280962348 10.233192905783651 390.7483228482306 52.105553964152932 33.102660719305277 18.579019270837307 9.0412432961165923 16.109598364681005 11.77388161420822 14.994871798902748 21.954756826162338
leaf_count=20446 133 805 206 285 60 2457 284 165 83 56 89 63 98 104
internal_value=0.00114963 0.00527468 0.00651912 0.010596 -0.00129601 0.0132755 -0.0112282 -0.0212985 -0.00321022 -0.0158407 -0.039112 0.0105902 -0.0167802 0.0316152
internal_weight=3604.34 811.662 786.423 508.764 277.659 467.401 150.945 98.8396 49.6273 39.3941 49.2123 20.8151 41.3622 76.653
internal_count=25334 4888 4755 3150 1605 2846 800 516 262 202 254 119 304 389
cat_boundaries=0 2
cat_threshold=2164895750 42
is_linear=0
shrinkage=0.05


Tree=207
num_leaves=15
num_cat=1
split_feature=3 26 1 15 7 7 2 30 11 54 18 3 27 4
split_gain=5.44058 17.969 18.0414 5.86624 5.59595 5.3135 5.28424 18.4248 15.3084 9.40818 7.78736 7.58466 8.65549 6.64188
threshold=1.4064089673921896 1003.0000000000001 1.3227486559139787 3.1486776484566033 12.500000000000002 1.0000000180025095e-35 80.878510210394737 0 5.7781630017732537 4.5000000000000009 1.500000000000002 0.21401562877041311 0.36461706952221179 19.88843062416446
decision_type=10 2 10 8 2 2 2 9 2 10 8 10 8 10
left_child=6 4 -3 -4 5 -2 13 9 -9 11 -10 -8 -13 -1
right_child=1 2 3 -5 -6 -7 7 8 10 -11 -12 12 -14 -15
leaf_value=0.0012305366381718792 -0.014459358062545759 -0.10884036986331283 -0.040307899536312003 0.021259345543412925 -0.023971318512471217 0.043004011383238339 -0.046716370777647113 -0.036038383122621961 -0.01410021939603656 -0.071348097116023232 0.010487519215074365 -0.024743487650022135 0.025642428976036292 0.012507738190719327
leaf_weight=3140.7669520899653 5.0802434943616452 7.0412030741572407 7.6994727700948689 6.1145484261214742 6.6891625374555579 12.906675030477343 18.125738892704248 23.030622387304902 38.448871128261089 10.858245067298411 176.11003850772977 23.580633968114853 12.097366170957683 135.25147390086204
leaf_count=22296 25 46 56 60 33 209 95 129 223 60 941 119 81 975
internal_value=0.000895145 -0.0160925 -0.0491697 -0.0134607 0.0126891 0.0268673 0.00111574 -0.00519941 0.00175061 -0.0265908 0.00603643 -0.0212731 -0.00742577 0.00169979
internal_weight=3623.8 45.5313 20.8552 13.814 24.6761 17.9869 3578.27 302.252 237.59 64.662 214.559 53.8037 35.678 3276.02
internal_count=25348 429 162 116 267 234 24919 1648 1293 355 1164 295 200 23271
cat_boundaries=0 2
cat_threshold=2718203912 48
is_linear=0
shrinkage=0.05


Tree=208
num_leaves=15
num_cat=0
split_feature=7 4 28 28 10 14 1 11 27 0 5 1 0 27
split_gain=5.97941 9.54048 8.52473 14.4758 15.8814 11.2649 11.1527 10.0266 13.495 19.231 10.5163 12.92 9.89219 14.5179
threshold=16.500000000000004 -22.639838704138867 0.4181530063412266 0.41398414154664731 7.5000000000000009 6.2112500000000006 inf 6.1337016384433714 0.64927394289269225 77.975000000000009 0.54287973421926916 1.1945673549655853 1.0000000180025095e-35 0.13303423133665587
decision_type=2 8 8 10 2 10 8 2 10 8 10 10 10 10
left_child=2 -2 3 12 5 -5 7 10 -9 -10 -4 -12 13 -1
right_child=1 -3 6 4 -6 -7 -8 8 9 -11 11 -13 -14 -15
leaf_value=-0.029297666073203839 -0.023027239716282736 -0.0014870380038073565 0.0051763239765005922 -0.015713006655186709 -0.046214751897566471 0.032576188133471504 -0.030485158117008439 0.017821972247803668 0.039510870444890267 -0.058202053053480002 -0.0028436107904679661 -0.064989006851668571 0.0079056451188328197 -0.00043487002754866524
leaf_weight=46.285765138454735 51.815580541267991 1937.4930671043694 269.05393141135573 49.076010895892978 33.667608853429556 14.928190857172011 18.534193836152554 260.43208495248109 6.9810973592102554 13.071753138676284 26.372999073937535 11.314524248242376 345.11193375475705 554.54482227191329
leaf_count=362 344 10841 2691 334 215 111 171 2550 50 137 220 116 3099 4261
internal_value=-0.000214259 -0.00205938 0.00201104 -0.00072834 -0.0189529 -0.00412227 0.00672392 0.00794815 0.014763 -0.0239238 0.00168888 -0.0226985 0.00117144 -0.00270334
internal_weight=3638.68 1989.31 1649.37 1043.61 97.6718 64.0042 605.761 587.226 280.485 20.0529 306.741 37.6875 945.943 600.831
internal_count=25502 11185 14317 8382 660 445 5935 5764 2737 187 3027 336 7722 4623
is_linear=0
shrinkage=0.05


Tree=209
num_leaves=15
num_cat=5
split_feature=7 30 29 10 15 29 30 26 9 28 30 3 27 11
split_gain=5.9103 10.5247 15.0441 12.5611 11.3623 10.1171 17.2596 17.0004 21.8695 12.8777 12.4491 14.3157 11.7426 11.3439
threshold=12.500000000000002 0 1 10.500000000000002 5.5449377120144829 2 3 128.50000000000003 2.5000000000000004 0.25681681229787623 4 0.047509648114515891 0.58126405892277655 5.5175934389596604
decision_type=2 9 9 2 10 9 9 2 2 10 9 10 10 2
left_child=5 2 -2 -4 -5 10 7 9 -9 13 -1 12 -12 -7
right_child=1 -3 3 4 -6 6 -8 8 -10 -11 11 -13 -14 -15
leaf_value=-0.0016479546164043599 -0.016165725898259705 0.00043258226619392735 -0.0045925951842934786 0.038962044676415071 -0.016623646906298715 0.023891808757335202 0.010391430013475806 0.024957608173959013 -0.027278045241269103 -0.041508236232672767 -0.0030270771089707517 0.014600977088212678 -0.06901288003886448 -0.020739627373180164
leaf_weight=300.76752324588597 241.84191060066223 2051.1187720680609 152.08672723919153 34.700663194060326 11.739894121885298 17.851325690746307 124.8515137322247 51.2463398296386 31.526837907731533 57.219834022223949 47.217407139949501 426.87596846185625 6.8861543014645568 58.011239372193813
leaf_count=2903 1589 11346 741 157 55 102 1032 568 346 441 406 5397 53 330
internal_value=0.000266254 -0.00109096 -0.00800066 0.00227236 0.0248561 0.00327713 -0.00387173 -0.0122254 0.00497385 -0.0237919 0.00636196 0.0112956 -0.0125256 -0.0100631
internal_weight=3613.94 2491.49 440.369 198.527 46.4406 1122.45 340.707 215.856 82.7732 133.082 781.747 480.98 54.1036 75.8626
internal_count=25466 13888 2542 953 212 11578 2819 1787 914 873 8759 5856 459 432
cat_boundaries=0 2 3 4 6 8
cat_threshold=1080334616 2 2134070 3969316 3263448146 45 18461204 3
is_linear=0
shrinkage=0.05


Tree=210
num_leaves=15
num_cat=3
split_feature=5 30 16 54 30 7 5 7 25 4 6 55 0 30
split_gain=7.61944 15.5551 9.14642 9.13015 19.0545 20.3618 9.70562 9.03587 8.95704 8.70934 10.2572 8.77575 8.468 9.05505
threshold=0.32452222222222227 0 7.0075000000000012 31.500000000000004 1 34.500000000000007 0.33338181818181828 47.500000000000007 0.072092923468646361 0.14498930954944814 -7.4999999999999991 22.500000000000004 0.50500000000000012 2
decision_type=8 9 10 8 9 2 8 2 10 10 10 8 8 9
left_child=1 7 8 4 5 9 -5 -1 -3 10 -2 -12 -8 -14
right_child=3 2 -4 6 -6 -7 12 -9 -10 -11 11 -13 13 -15
leaf_value=-0.0029337031296294072 0.036984754994504598 -0.0090513408808575134 -0.033208113811741706 -0.029764782978310523 -0.023769506258333711 -0.044068970771830022 -0.028623220843382098 -0.04300796103585957 0.015087223228123909 -0.012545907958141112 0.030784253968024519 -0.034348311378775857 -0.01066626453054201 0.0011612415974111378
leaf_weight=205.46769654471427 46.196822425350547 42.543116592802107 10.358573110774158 26.366751747205853 112.22642452642322 16.091203399002552 24.321588259190321 14.117778554558752 346.58210688270628 20.206993388012052 8.1991959586739522 10.857258988544347 161.65178077016026 2576.3164711613208
leaf_count=1511 316 329 77 218 871 190 200 90 2328 153 59 76 1288 17757
internal_value=0.000141786 0.00518785 0.0108962 -0.000900039 -0.0108336 0.00535065 -0.000134927 -0.00544657 0.0124317 0.0156767 0.0244739 -0.00618686 0.000158566 0.000424594
internal_weight=3621.5 619.069 399.484 3002.43 213.778 101.551 2788.66 219.585 389.125 85.4603 65.2533 19.0565 2762.29 2737.97
internal_count=25463 4335 2734 21128 1665 794 19463 1601 2657 604 451 135 19245 19045
cat_boundaries=0 2 4 6
cat_threshold=1103302924 25 9240594 7 539232256 6
is_linear=0
shrinkage=0.05


Tree=211
num_leaves=15
num_cat=2
split_feature=7 50 3 29 28 7 7 20 24 29 25 3 26 31
split_gain=6.44977 11.5575 10.2869 10.2721 11.7744 11.4334 10.4552 10.3064 9.6629 8.75325 23.1051 17.0006 13.0431 11.4961
threshold=13.500000000000002 1.0000000180025095e-35 0.042235013570951864 0 0.48023363635565952 44.500000000000007 26.500000000000004 1.8750000000000051 0.2630241928580565 1 1.4849845307720051 0.88411182417085699 662.50000000000011 3.5000000000000004
decision_type=2 2 10 9 8 2 2 10 10 9 10 10 2 2
left_child=-1 2 3 4 5 6 8 -5 -2 11 -11 12 -4 -12
right_child=1 -3 9 7 -6 -7 -8 -9 -10 10 13 -13 -14 -15
leaf_value=0.0032456134396337921 0.020915396073895483 -0.049124226053270756 9.0570047205586196e-05 0.009063164108394639 0.022087552168331127 0.036106994939694735 -0.048871810058369165 -0.027475551366716939 -0.025575569280918281 -0.0026487530332202549 -0.028353942597792309 0.030875056332589162 -0.043589162845568352 0.01081046782556179
leaf_weight=1197.4583634696901 15.869202751666306 11.535977326333521 795.02210043370724 488.17922069411725 21.755693841725588 7.7665118947625151 27.053591627627611 19.139212436974049 32.539867427200079 779.85338475927711 142.36325947009027 43.548684485256672 16.466115087270737 21.020528579130769
leaf_count=11979 82 62 3715 3011 125 47 222 158 202 4565 811 219 81 141
internal_value=0.000245345 -0.00123867 -0.000989238 0.00460347 -0.00911201 -0.0185146 -0.0245349 0.00748608 -0.0102203 -0.00289503 -0.00617787 0.000792351 -0.000848305 -0.02328
internal_weight=3619.57 2422.11 2410.58 612.303 104.985 83.2292 75.4627 507.318 48.4091 1798.27 943.237 855.037 811.488 163.384
internal_count=25420 13441 13379 3847 678 553 506 3169 284 9532 5517 4015 3796 952
cat_boundaries=0 1 2
cat_threshold=2171922 1336578
is_linear=0
shrinkage=0.05


Tree=212
num_leaves=15
num_cat=4
split_feature=2 3 24 30 25 28 24 25 30 30 6 7 54 34
split_gain=8.479 7.14458 12.4497 18.6822 12.0244 12.6591 11.6657 11.4675 15.0099 13.999 16.3084 12.579 12.2402 11.0614
threshold=543.74592200189898 0.37246649640347856 0.22410211322801654 0 -0.052561753043412797 0.68040832454642619 0.072787139927970868 0.072092923468646361 1 2 -52.499999999999993 8.5000000000000018 19.500000000000004 3
decision_type=2 8 8 9 8 10 10 10 9 9 10 2 8 1
left_child=1 7 3 6 -4 -6 -3 8 11 10 -9 -1 -12 -11
right_child=-2 2 4 -5 5 -7 -8 9 -10 13 12 -13 -14 -15
leaf_value=-0.037462168686369125 -0.039092468384210231 -0.024741952624929439 0.017300091590776941 -0.0029013799506140553 -0.0052925220931210413 -0.049554954965119524 0.025215375073560638 0.044738529770097221 -0.016639759391832321 0.0056094584069503279 -0.022414926934764001 0.032786628130566702 0.011621249485469569 -0.0034919123469147016
leaf_weight=7.018719730898737 13.07145771756768 12.081285854801534 57.638292942196131 259.53642129804939 1255.2392615266144 15.382119856774805 125.55903295520693 33.722317960113287 146.02326286304742 631.83845945820212 28.050614589825273 31.909014029428363 298.12284705787897 705.60891104117036
leaf_count=57 68 110 558 1670 10149 121 740 182 1146 3428 195 272 1888 4849
internal_value=-0.000355301 -0.000204155 -0.0025274 0.00523046 -0.00484935 -0.00586691 0.0192921 0.0019257 -0.00986417 0.00321543 0.011805 0.0155941 0.00863461 0.000802749
internal_weight=3620.8 3607.73 1725.44 397.177 1328.26 1270.62 137.64 1882.29 184.951 1697.34 359.896 38.9277 326.173 1337.45
internal_count=25433 25365 13348 2520 10828 10270 850 12017 1475 10542 2265 329 2083 8277
cat_boundaries=0 2 4 6 7
cat_threshold=38535448 34 537411608 1 572647426 10 2
is_linear=0
shrinkage=0.05


Tree=213
num_leaves=15
num_cat=2
split_feature=7 15 18 1 28 2 29 30 3 15 1 15 6 24
split_gain=5.34458 10.5333 10.8949 10.4419 9.20218 8.69104 9.04992 13.7073 14.8919 15.2765 10.6101 10.1311 12.8946 16.2426
threshold=20.500000000000004 -7.2291776891826034 2.9387499999999998 0.21140303358613219 0.059856735518329131 -29.815748468811609 0 1 0.013833047518044561 0.058137819120807073 0.61930641821946175 4.810062517723118 66.500000000000014 0.29536845341260071
decision_type=2 8 10 8 8 2 9 9 8 10 8 8 8 8
left_child=3 -2 4 -1 -3 -6 7 8 -7 -10 -11 -8 -13 -14
right_child=1 2 -4 -5 5 6 11 -9 9 10 -12 12 13 -15
leaf_value=0.029822091858139495 -0.042934710963183437 0.039960429674685161 -0.022006953740872689 0.0009927301077371632 0.039820428754160114 0.048062549475549769 0.0058350698263091366 -0.011782226291637008 -0.036465476927475385 -0.027013484646019343 0.042570227264621091 -0.0086777105666375788 -0.0060311115481227959 0.051635769148394454
leaf_weight=30.864763870835304 14.966249341145156 12.520419985055922 64.309486443176866 2205.2466492392123 11.598907031118868 20.532585734501481 483.33095894753933 350.00046898424625 18.227878792211413 6.9716846123337772 17.589883126318455 326.94266568496823 28.125857584178448 20.333676472306252
leaf_count=173 84 56 426 16955 62 171 2315 2800 147 55 82 1812 153 94
internal_value=-0.000104546 -0.00255597 -0.00208056 0.00140381 -0.00107572 -0.00150677 -0.00191458 -0.00787985 0.0122412 -0.00285734 0.0225351 0.00104197 -0.00510059 0.0187207
internal_weight=3611.56 1375.45 1360.48 2236.11 1296.17 1283.65 1272.06 413.323 63.322 42.7894 24.5616 858.733 375.402 48.4595
internal_count=25385 8257 8173 17128 7747 7691 7629 3255 455 284 137 4374 2059 247
cat_boundaries=0 1 3
cat_threshold=98469 3758129178 2
is_linear=0
shrinkage=0.05


Tree=214
num_leaves=15
num_cat=3
split_feature=24 30 2 10 15 3 7 29 1 7 25 6 27 30
split_gain=6.54027 6.68394 13.4228 15.5066 12.5294 10.9872 16.5389 10.4688 14.4554 16.8849 15.8739 12.3794 11.6766 10.6916
threshold=1.0000000180025095e-35 0 14.224172127371817 31.500000000000004 12.163078734116377 0.82891030945820232 11.500000000000002 1 0.95200944265315524 42.500000000000007 0.54719823715239502 19.500000000000004 0.39656540837245219 2
decision_type=8 9 2 2 10 10 2 9 8 2 10 10 8 9
left_child=-1 7 -3 4 5 6 -4 8 9 10 11 -2 13 -9
right_child=1 2 3 -5 -6 -7 -8 12 -10 -11 -12 -13 -14 -15
leaf_value=-0.03353437288022703 0.02930538603038579 0.003643916032509434 0.020477449997455755 -0.063433661816437448 0.047069825340489063 -0.025337136132562329 -0.0075597027056360892 -0.003236914597549503 -0.0047289124414936021 -0.02186514217155533 0.047620110295464861 -0.038067369054274616 0.00028620950865031734 -0.016679108507367792
leaf_weight=13.725061967968939 14.527612641453745 1706.8379253456369 62.920564254745841 10.50404488481581 10.440599031746386 61.452846676111221 296.25284639373422 353.73994275927544 105.60010041855276 17.154739793390036 51.82984415628016 11.155961871147154 633.89409921038896 267.02829924877733
leaf_count=98 90 12349 687 59 74 425 1417 2109 718 263 315 90 5054 1640
internal_value=-0.000279593 -0.000143657 0.00162609 -0.00612744 -0.00458744 -0.00597825 -0.00260489 -0.00274855 0.00760645 0.0220669 0.0319444 -0.000288672 -0.00445315 -0.00935702
internal_weight=3617.06 3603.34 2148.41 441.571 431.067 420.626 359.173 1454.93 200.268 94.6682 77.5134 25.6836 1254.66 620.768
internal_count=25388 25290 15011 2662 2603 2529 2104 10279 1476 758 495 180 8803 3749
cat_boundaries=0 2 3 5
cat_threshold=1126931730 11 262567 53018640 8
is_linear=0
shrinkage=0.05


Tree=215
num_leaves=15
num_cat=3
split_feature=28 24 30 3 28 30 24 15 32 3 25 25 7 30
split_gain=7.07896 20.9404 19.2491 17.5465 14.1525 22.7038 13.6938 14.4358 14.3202 12.003 12.6997 12.1816 11.7722 12.4531
threshold=0.25450268617800548 0.24940624468521469 0 0.96987386175443835 0.33262643585504698 1 0.24222235110860707 5.3705192918609841 3.5000000000000004 0.14142760183024994 1.8466419525333821 2.2581184312235725 57.500000000000007 2
decision_type=8 10 9 10 8 9 10 10 8 10 8 10 2 9
left_child=1 3 9 12 5 -2 -7 -8 -9 10 -3 -11 13 -1
right_child=4 2 -4 -5 -6 6 7 8 -10 11 -12 -13 -14 -15
leaf_value=-0.010180632251190862 -0.023203943772953727 0.045400412735216639 0.024563046228755853 0.042465825023477372 0.00078721261338542928 0.0098550341064830953 -0.0025808198722793423 -0.018394778149932314 -0.083953133958931725 -0.035245710680929042 -0.024803029944505416 0.012272707124263642 -0.029065164654852118 0.0047018798280641519
leaf_weight=211.50454999320209 161.87506129033864 17.897311385720968 172.61113821342587 21.385110098868608 2025.3431031843647 161.95691114477813 293.26797045394778 63.98885065689683 8.7807287871837598 36.098856050521135 8.9911961667239684 20.545215878635645 38.338154090568423 371.10352671332657
leaf_count=1324 1075 103 1051 126 15508 941 1766 452 47 207 46 101 475 2179
internal_value=-4.72185e-05 0.00379735 0.015855 -0.00102809 -0.00132033 -0.00749992 -0.00217087 -0.00756334 -0.0273362 -0.00458068 0.0218776 -0.0180965 -0.00259187 -0.000802991
internal_weight=3613.69 898.475 256.144 642.331 2715.21 689.87 527.994 366.038 72.7696 83.5326 26.8885 56.6441 620.946 582.608
internal_count=25401 5612 1508 4104 19789 4281 3206 2265 499 457 149 308 3978 3503
cat_boundaries=0 2 4 6
cat_threshold=1086883136 2 50355288 52 1087136784 33
is_linear=0
shrinkage=0.05


Tree=216
num_leaves=15
num_cat=4
split_feature=7 30 30 18 19 3 24 27 28 7 3 29 30 25
split_gain=7.2525 9.96793 9.78647 12.6611 11.6953 9.25517 10.3557 10.5172 10.2579 9.61617 9.04238 16.7254 15.3891 14.4055
threshold=10.500000000000002 0 1 -2.3312499999999985 95.717500000000015 0.10416888673385141 0.4368538551188425 0.3317511314912624 0.28336095696742447 49.500000000000007 0.075438297141615582 2 3 5.1401627617786767
decision_type=2 9 9 8 10 10 10 10 10 2 10 9 9 8
left_child=2 5 3 -1 -4 6 7 8 -2 -7 11 12 -3 -13
right_child=1 10 4 -5 -6 9 -8 -9 -10 -11 -12 13 -14 -15
leaf_value=-0.037174899640016974 0.0035474990300072167 -0.018464340204334431 0.0057804832889734713 -0.00050463176167794745 0.035331569122040413 0.013411711858319152 -0.031917654359636734 0.028347637602262211 -0.033857355382601394 -0.02635173381901075 -0.0049490127079176091 0.013835090534169507 0.0019026916010663445 -0.031401971701828908
leaf_weight=24.594710431993008 69.790024304762483 126.71070746332407 514.18964621983469 293.39907982479781 34.886585328727961 253.54630836285651 26.924331001937389 27.687165150418878 23.782868597656488 15.257762320339678 1627.7383141536266 278.20831470564008 283.79663102701306 17.849852044135332
leaf_count=193 419 1017 5821 2844 521 1433 187 151 134 144 9220 1588 1617 116
internal_value=-0.000360875 -0.00161758 0.00362405 -0.00334366 0.00758107 0.00541945 -0.00446441 0.00184245 -0.00621695 0.0110654 -0.00288727 0.00182191 -0.00470177 0.0106525
internal_weight=3618.36 2751.29 867.07 317.994 549.076 416.988 148.184 121.26 93.5729 268.804 2334.3 706.566 410.507 296.058
internal_count=25405 16026 9379 3037 6342 2468 891 704 553 1577 13558 4338 2634 1704
cat_boundaries=0 2 4 5 7
cat_threshold=2165326341 53 2164313922 62 2678784 9373722 10
is_linear=0
shrinkage=0.05


Tree=217
num_leaves=15
num_cat=4
split_feature=11 11 30 21 29 3 30 11 36 29 28 28 9 7
split_gain=6.42024 5.84857 16.1691 15.401 15.4533 14.2771 15.7417 14.2201 13.1988 11.4407 19.9476 11.5314 18.0551 19.2807
threshold=10.461220044647936 6.0187025850258582 0 1.0079446919862824 1 0.0019070578245503462 2 7.2169994173177381 1.0000000180025095e-35 3 0.23849778416760473 0.37646425636102954 1.0000000180025095e-35 14.500000000000002
decision_type=2 2 9 8 9 8 9 2 2 9 8 10 2 2
left_child=1 2 3 -1 -5 7 8 -3 -7 10 -4 -11 -13 -14
right_child=-2 5 9 4 -6 6 -8 -9 -10 11 -12 12 13 -15
leaf_value=-0.039188883710360528 -0.032066360313051129 0.028865944385051981 0.042132825716134942 0.0081238828334713013 -0.013899074374309135 0.008363780341855585 -0.0026424792257111526 -0.0041677011959375728 -0.020433761825294702 0.0075315097912329754 -0.034557245782723837 -0.017507840201698811 0.017566027264062263 -0.01409636611171278
leaf_weight=42.963400194421411 14.950677506625651 87.526853123679757 9.3275570347905141 105.26007916778326 269.44609340280294 638.22992228902876 1485.2393620954826 51.189228221774101 41.489244075492024 483.32189822569489 48.962569219991565 148.94255338050425 123.88603243883699 77.257187806069851
leaf_count=394 79 640 49 690 2311 4618 9677 313 282 3214 310 1071 1478 366
internal_value=-0.0004144 -0.000274589 -0.00294166 -0.0109089 -0.00786108 0.00124195 0.000242102 0.0167332 0.00648333 0.000910243 -0.0186381 0.00250248 -0.0043709 0.00539523
internal_weight=3627.99 3613.04 1309.37 417.67 374.706 2303.67 2164.96 138.716 679.719 891.698 58.2901 833.408 350.086 201.143
internal_count=25492 25413 9883 3395 3001 15530 14577 953 4900 6488 359 6129 2915 1844
cat_boundaries=0 2 3 5 6
cat_threshold=1133995014 25 3691522 2201447446 1 139266
is_linear=0
shrinkage=0.05


Tree=218
num_leaves=15
num_cat=2
split_feature=23 28 30 6 24 23 27 24 29 8 25 5 27 56
split_gain=5.50191 5.32248 12.3898 21.3227 11.2332 11.0295 10.1148 11.7848 12.1725 10.8502 11.5253 10.3731 9.58951 10.0379
threshold=-2.2227083333333328 0.22276707305361546 0 31.500000000000004 0.070095917047810111 0.59625000000000017 0.36882268749073077 0.35408910887230866 1 -4.4999999999999991 4.7784579770397171 0.31001666666666672 0.16744753716708366 1.5000000000000002
decision_type=8 10 9 10 10 8 10 10 9 10 8 10 10 2
left_child=-1 2 3 -2 -3 -4 7 8 -7 -10 11 12 13 -11
right_child=1 4 5 -5 -6 6 -8 -9 9 10 -12 -13 -14 -15
leaf_value=-0.022561852926585468 0.020215946981962423 -0.041338557701638051 -0.030372488580713588 -0.026715778521519275 -0.0010503951287970346 0.011569142784741806 0.047533648873269219 -0.021669260641663853 0.052268752680279786 0.004007144571351806 -0.042283564906831231 -0.023703833477878758 -0.010028327073289257 0.041745032909351422
leaf_weight=26.956509400159121 182.08799513615668 16.410629134625196 28.51377660036087 27.006959028542042 2792.2546811345965 199.44814669713378 10.442831501364706 54.935544395819306 7.126344157382845 78.09694979339838 19.624867374077439 48.187274839729071 86.485582161694765 21.854384480044246
leaf_count=169 1118 171 159 281 19964 1103 66 426 37 486 166 512 580 180
internal_value=-0.000466857 -0.00029387 0.00340426 0.0134173 -0.00130042 -0.000617721 0.00103746 5.86862e-06 0.00263112 -0.00447761 -0.00644212 -0.00327747 0.00210031 0.0125903
internal_weight=3599.43 3572.48 763.811 209.095 2808.67 554.716 526.202 515.759 460.824 261.375 254.249 234.624 186.437 99.9513
internal_count=25418 25249 5114 1399 20135 3715 3556 3490 3064 1961 1924 1758 1246 666
cat_boundaries=0 2 3
cat_threshold=1646266378 62 2412546
is_linear=0
shrinkage=0.05


Tree=219
num_leaves=15
num_cat=1
split_feature=14 16 15 0 6 6 9 29 3 25 25 3 15 3
split_gain=5.72449 7.08674 7.05747 5.82358 6.58581 6.13628 5.73524 5.94944 10.0614 12.7928 18.7565 12.3204 10.701 10.8818
threshold=-1.0000000180025095e-35 19.567500000000006 3.4193862536819801 99.995000000000019 -34.499999999999993 -40.499999999999993 12.500000000000002 0 0.29173215767312805 0.22791592120595935 0.094826298273251383 0.43344984943160952 2.6052193835724062 0.88950424765704539
decision_type=8 10 8 10 10 8 2 9 8 8 10 10 10 8
left_child=2 3 -1 6 5 -5 7 -2 -9 10 11 -10 13 -11
right_child=1 -3 -4 4 -6 -7 -8 8 9 12 -12 -13 -14 -15
leaf_value=-0.030998302016255582 0.0012191808996347632 0.031157473178586106 0.0148767317873726 -0.02551913254120456 -0.043568096147197408 0.026688965099043373 0.036762200634688491 0.0027831679307473178 -0.035188396930386216 -0.034230832523165181 0.038340164086041371 0.010377099464954638 -0.0011375783139727003 -0.0036727331435301176
leaf_weight=29.057973528280854 2939.7962001338601 17.619429687038064 10.930844230577348 10.879404766485093 15.082088943570851 9.6963198557496089 9.8325948929414135 255.07085515744984 26.645600514486432 98.79453831538558 27.945343257859349 31.274934582412243 68.128820797428489 41.513392305001616
leaf_count=197 20527 133 70 88 83 52 92 1994 198 717 191 275 497 279
internal_value=0.000177294 0.000391559 -0.0184015 0.000229429 -0.0195959 -0.000819365 0.000437008 0.000324138 -0.00440109 -0.010765 0.00543234 -0.0108262 -0.0174317 -0.0252795
internal_weight=3592.27 3552.28 39.9888 3534.66 35.6578 20.5757 3499 3489.17 549.373 294.303 85.8659 57.9205 208.437 140.308
internal_count=25393 25126 267 24993 223 140 24770 24678 4151 2157 664 473 1493 996
cat_boundaries=0 1
cat_threshold=1372962
is_linear=0
shrinkage=0.05


Tree=220
num_leaves=15
num_cat=2
split_feature=61 27 30 31 28 10 7 30 0 15 26 22 25 15
split_gain=6.66529 6.3955 13.5447 16.8403 9.5857 7.55946 7.27598 12.5328 13.3758 19.9758 10.284 9.83664 8.63887 8.16829
threshold=1011.5000000000001 0.15542190241743151 0 3.5000000000000004 0.19703052062865148 16.500000000000004 17.500000000000004 1 54.795000000000009 0.98564544998309944 429.00000000000006 47.615833333333342 4.7784579770397171 5.0949688977109195
decision_type=8 8 9 2 10 2 2 9 8 8 2 8 10 10
left_child=-1 2 3 4 -2 -4 7 10 9 -9 12 -12 -3 -10
right_child=1 6 5 -5 -6 -7 -8 8 13 -11 11 -13 -14 -15
leaf_value=-0.04385536637311576 -0.015508869201256777 0.0053658184923745175 -0.0045725888416813147 0.024601122127152535 -0.047533336428392532 0.015767631801624764 -0.0018569995775992857 -0.011409659488836273 0.0060315582632531383 0.026828319362421478 0.027741837637123651 -0.014551018385571286 -0.026795984808438335 -0.0039182926634542346
leaf_weight=7.6998687386512756 56.532314421609044 246.912174500525 169.35846649669111 16.234503570944071 40.751380437985063 61.418528571724892 1536.560799610801 44.091093732044101 768.41591966245323 143.57908176444471 13.797920709475873 209.56996406801045 21.807673886418343 281.03827284183353
leaf_count=67 445 1900 1297 91 269 408 8577 307 6293 1148 132 1773 144 2664
internal_value=-0.000143366 -3.80143e-05 -0.00650934 -0.0196988 -0.0292708 0.00084877 0.000646011 0.00286995 0.0055283 0.0178319 -0.00384503 -0.0118265 0.00266609 0.00336585
internal_weight=3617.77 3610.07 344.295 113.518 97.2837 230.777 3265.77 1729.21 1237.12 187.67 492.088 223.368 268.72 1049.45
internal_count=25515 25448 2510 805 714 1705 22938 14361 10412 1455 3949 1905 2044 8957
cat_boundaries=0 2 4
cat_threshold=1120281600 32 3776262163 19
is_linear=0
shrinkage=0.05


Tree=221
num_leaves=15
num_cat=0
split_feature=15 7 15 32 24 7 1 3 24 25 3 9 9 2
split_gain=7.36598 8.32797 14.0017 11.1804 10.276 11.3972 12.29 9.37681 9.73106 9.34408 8.12704 13.236 10.3786 11.1128
threshold=1.0000000180025095e-35 13.500000000000002 5.0949688977109195 3.5000000000000004 0.18403692835787847 77.500000000000014 1.389181286549708 0.87200722088502147 0.16100300432732648 4.7784579770397171 0.91066950517225032 2.5000000000000004 1.5000000000000002 142.55605552318244
decision_type=10 2 10 10 10 2 10 10 10 10 10 2 2 2
left_child=10 9 4 7 -3 6 -6 8 -4 -2 11 12 -1 -14
right_child=1 2 3 -5 5 -7 -8 -9 -10 -11 -12 -13 13 -15
leaf_value=-0.0024759512000211712 0.0073129078145258014 -0.0070009678610962484 0.013937558936918082 -0.053085230439823342 0.0088738532907895566 -0.042628072437933061 -0.007140757759948691 0.016205540052519358 -0.012435613548629851 -0.015638223167556954 -0.019242613986754586 0.011544423075737881 -0.023054636722535649 0.029191935374705037
leaf_weight=1112.5002707364038 685.17747888993472 224.67511019855738 38.472449725493789 12.652095273137091 631.55139588564634 11.329626778140662 146.99356997013092 38.340171962976456 316.44216924719512 46.485420672222972 73.012937715277076 153.8870239816606 105.35375365801156 10.401171453297136
leaf_count=7598 7811 1413 220 58 3176 80 728 199 1600 350 559 958 669 52
internal_value=-0.000352146 0.00150553 -0.000727271 -0.00856371 0.00241332 0.00509663 0.00584493 -0.00700032 -0.00954566 0.00583538 -0.00309872 -0.00223261 -0.00396671 -0.0181502
internal_weight=3607.27 2152.12 1420.46 405.907 1014.55 789.875 778.545 393.255 354.915 731.663 1455.16 1382.14 1228.26 115.755
internal_count=25471 15635 7474 2077 5397 3984 3904 2019 1820 8161 9836 9277 8319 721
is_linear=0
shrinkage=0.05


Tree=222
num_leaves=15
num_cat=2
split_feature=23 15 20 23 4 15 61 2 30 24 7 19 24 30
split_gain=7.07272 7.03695 6.89751 6.73269 14.3203 6.01185 5.66369 5.65563 14.0502 13.2363 12.0656 9.30988 8.34259 8.3096
threshold=-1.4413194444444442 3.4193862536819801 -94.749999999999986 -0.72472222222222205 -16.311904563570039 32.67286136663251 1126.5000000000002 70.841452578701151 0 0.34451985378192029 37.500000000000007 67.632500000000007 1.0000000180025095e-35 1
decision_type=8 8 8 8 10 10 8 2 9 10 2 8 8 9
left_child=1 -1 -2 4 -4 6 -5 12 9 10 -9 -10 -8 -13
right_child=2 -3 3 5 -6 -7 7 8 11 -11 -12 13 -14 -15
leaf_value=0.0053465637311129908 -0.038655368350693893 -0.038587064710790681 -0.024297160783345314 -0.037786682482952368 0.063673044318609109 0.031270822787401301 -0.039275292491827575 0.025377210246981304 -0.059362736352390755 -0.023195090837208415 -0.016531308204576291 -0.029840772001827789 0.00090159676014533281 -0.0051861736219019549
leaf_weight=14.586603634059427 10.419120827689765 22.361819112673402 6.8768827263265875 8.903892580419777 10.887193582952021 14.408578583970664 11.974388519302009 76.644303072243929 9.8285535871982557 26.259515864774585 21.296567570418119 37.987324435263872 3145.3390143942088 166.46512596122921
leaf_count=90 90 146 65 75 81 135 88 390 56 173 109 199 22736 939
internal_value=-8.77909e-05 -0.021559 0.000141865 0.00026705 0.0301378 0.000107747 -2.92549e-05 7.7693e-05 -0.00605476 0.00717097 0.0161895 -0.0134277 0.000736835 -0.0115948
internal_weight=3584.24 36.9484 3547.29 3536.87 17.7641 3519.11 3504.7 3495.79 338.481 124.2 97.9409 214.281 3157.31 204.452
internal_count=25372 236 25136 25046 146 24900 24765 24690 1866 672 499 1194 22824 1138
cat_boundaries=0 2 4
cat_threshold=14420034 5 2684387328 34
is_linear=0
shrinkage=0.05


Tree=223
num_leaves=15
num_cat=1
split_feature=7 30 19 5 6 3 28 55 5 27 7 10 6 24
split_gain=6.25551 10.1071 12.5401 11.4348 7.89218 7.75073 7.61248 7.04978 7.37546 6.62398 7.66061 6.45683 16.6059 13.1614
threshold=42.500000000000007 0 4.4000000000000012 0.71521023366237679 -10.499999999999998 0.37707928387346412 0.35590582437017509 4.5000000000000009 0.31254101006594942 0.36882268749073077 20.500000000000004 37.500000000000007 -58.499999999999993 0.20008243085756519
decision_type=2 9 10 8 10 8 8 8 8 10 2 2 10 10
left_child=7 3 -3 4 -2 -4 -7 8 -1 10 -10 -9 -13 -14
right_child=1 2 5 -5 -6 6 -8 11 9 -11 -12 12 13 -15
leaf_value=0.048519501685571322 -0.032909695732297371 0.0087393600465506018 -0.041513957873600627 -0.034224539866722192 0.0088460080900298263 -0.031266629680234539 0.035186375467082587 0.00074416756551865632 0.019442556085868527 0.040953177532398473 -0.038084346088737037 0.029215211731086307 -0.011302915317157859 -0.072781968626700791
leaf_weight=14.374044099822639 14.584231935441492 129.6616167165339 22.669903688132763 59.169777380302548 40.373186759650707 7.1993937809020254 8.0988342985510826 3229.2326076477766 10.759224696084862 8.2699224036186916 10.494371697306631 13.387865120545028 24.352822238579392 12.961578056216238
leaf_count=94 88 799 172 584 372 49 68 22698 84 83 65 109 162 91
internal_value=0.000126103 -0.00701349 0.0012487 -0.0176314 -0.00262494 -0.0235794 0.00391377 0.000733244 0.020412 0.00558607 -0.00939741 0.00046373 -0.0170663 -0.0340006
internal_weight=3605.59 281.757 167.63 114.127 54.9574 37.9681 15.2982 3323.83 43.8976 29.5235 21.2536 3279.93 50.7023 37.3144
internal_count=25518 2132 1088 1044 460 289 117 23386 326 232 149 23060 362 253
cat_boundaries=0 2
cat_threshold=2206785600 42
is_linear=0
shrinkage=0.05


Tree=224
num_leaves=15
num_cat=3
split_feature=9 30 11 56 9 30 55 1 19 24 6 6 15 30
split_gain=6.10681 13.9998 13.0633 15.2393 17.4466 12.7176 12.4893 9.7319 9.64097 9.63603 9.6094 8.94706 8.16985 10.1612
threshold=2.5000000000000004 0 7.7443744258388696 12.500000000000002 5.5000000000000009 1 28.500000000000004 1.4336477987421385 84.725000000000009 0.24222235110860707 -62.499999999999993 -10.499999999999998 3.6667611215531442 2
decision_type=2 9 2 2 2 9 8 10 10 10 8 8 8 9
left_child=-1 2 3 4 5 7 -7 -2 -6 -4 -8 -11 13 -3
right_child=1 12 9 -5 8 6 10 -9 -10 11 -12 -13 -14 -15
leaf_value=-0.00091528312749957733 0.055761632885305362 -0.010991638163080193 -0.038486738742603083 0.030807219300136371 -0.0024287261961879521 0.033362246589882093 0.028822947771365594 0.0085092265555911286 -0.066432521009842191 -0.019945822757279658 -0.029320210711719197 0.021642976899795847 0.020675307977161154 0.010632447956737899
leaf_weight=2924.8496402623132 16.153034687042236 64.029100336134434 38.205364719033241 38.693472716957331 9.6052452921867388 11.928202503360806 7.4762627258896828 31.117375800386071 14.512051552534102 37.419296059757471 48.483814485371113 18.540650734677911 130.30529536679387 202.89759711455554
leaf_count=20337 144 423 200 238 82 88 43 266 104 241 336 101 1187 1617
internal_value=7.09814e-05 0.00437548 -0.00434834 0.00347047 -0.00428967 0.00391296 -0.0098272 0.0211046 -0.0420532 -0.0194637 -0.0211826 -0.00602856 0.0102009 0.00541029
internal_weight=3594.22 669.367 272.135 177.969 139.276 115.159 67.8883 47.2704 24.1173 94.1653 55.9601 55.9599 397.232 266.927
internal_count=25407 5070 1843 1301 1063 877 467 410 186 542 379 342 3227 2040
cat_boundaries=0 2 4 6
cat_threshold=2152587330 26 2151686210 24 1040 32
is_linear=0
shrinkage=0.05


Tree=225
num_leaves=15
num_cat=1
split_feature=18 30 7 24 20 10 0 10 2 8 15 1 24 7
split_gain=6.12879 9.65429 11.7165 11.3013 9.25142 8.88145 7.15826 6.48319 5.82291 5.8072 5.66083 10.3871 5.56136 14.6043
threshold=5.8662500000000009 0 17.500000000000004 0.40789806006643176 -9.6124999999999989 4.5000000000000009 41.545000000000009 13.500000000000002 -27.468589871092309 10.500000000000002 7.6817586596743217 0.86755846917080104 0.7902348055424343 4.5000000000000009
decision_type=10 9 2 10 8 2 10 2 2 10 8 10 10 2
left_child=8 4 3 -3 6 9 -2 -6 10 -5 11 -1 -10 -14
right_child=1 2 -4 5 7 -7 -8 -9 12 -11 -12 -13 13 -15
leaf_value=0.084024147613507058 -0.039148408870192455 0.028462980029589319 -0.025532213664269322 0.053512856329993169 -0.058405910318507628 -0.029782499689279859 0.016902291969766895 -0.0045128027446923857 0.00019282759730991845 -0.010679085797508241 -0.00029701076394537344 0.0062987406070586149 0.020826505612578598 -0.061042882102036879
leaf_weight=6.7091932818293598 8.1042669601738471 40.641592189669609 29.902378587052226 6.0295276213437301 24.016773685812954 20.887943694368005 14.255583409219978 7.4101416394114485 3378.1161704352126 6.5113342702388763 16.59552862867713 10.117973797023295 9.0599705465137976 11.325692830607293
leaf_count=40 61 404 214 47 218 158 139 57 23590 65 129 106 118 105
internal_value=-0.000204992 -0.00980935 0.000350656 0.0110473 -0.02466 -0.0103379 -0.00421934 -0.0462295 0.000239232 0.0218565 0.0207003 0.0402637 3.19768e-05 -0.0253853
internal_weight=3589.68 157.76 103.973 74.0704 53.7868 33.4288 22.3599 31.4269 3431.92 12.5409 33.4227 16.8272 3398.5 20.3857
internal_count=25451 1363 888 674 475 270 200 275 24088 112 275 146 23813 223
cat_boundaries=0 2
cat_threshold=595664984 4
is_linear=0
shrinkage=0.05


Tree=226
num_leaves=15
num_cat=5
split_feature=17 7 1 54 1 31 30 30 23 29 0 29 30 24
split_gain=9.94866 8.28438 6.44016 7.26713 7.92871 5.52142 19.0722 13.3352 17.3574 10.4492 14.5309 10.2244 9.56737 10.2263
threshold=3.5000000000000004 -43.499999999999993 0.52128623188405809 49.500000000000007 1.7850140056022412 2.5000000000000004 0 1 77.019166666666692 2 1.5050000000000001 3 4 0.3758314661850744
decision_type=2 2 8 10 10 2 9 9 8 9 10 9 9 10
left_child=1 -1 -2 4 -4 7 11 8 -3 -8 12 -7 13 -11
right_child=2 5 3 -5 -6 6 9 -9 -10 10 -12 -13 -14 -15
leaf_value=-0.037861421682245711 0.055501341214197975 -0.012318068360038648 -0.0063809125782930123 0.049271275550715865 0.028200436596234543 0.0080357208950061782 0.010123370017072791 -0.0052656397215466774 0.0063793806791192639 -0.00036640250615703864 0.037585904298989815 -0.0082384541421126108 -0.0073766616726233985 0.052848507597963695
leaf_weight=13.411974020302294 8.6652893256396037 149.84050060249865 45.939024697989225 10.284430438652633 24.692836312577128 113.81477256305516 659.35938631556928 1094.4942478230223 700.69430492632091 21.596403062343597 21.653954114764929 453.98709703423083 257.43752538785338 14.496143471449612
leaf_count=78 69 1284 280 57 199 740 4452 7819 5284 127 187 3203 1552 93
internal_value=0.000392456 -3.08464e-05 0.0167525 0.0119761 0.00593361 0.000125457 0.00235881 -0.00164582 0.00303912 0.00656314 -0.000975016 -0.00488561 -0.00397075 0.0172144
internal_weight=3590.37 3500.79 89.5816 80.9163 70.6319 3487.37 1542.35 1945.03 850.535 974.543 315.184 567.802 293.53 36.0925
internal_count=25424 24819 605 536 479 24741 10354 14387 6568 6411 1959 3943 1772 220
cat_boundaries=0 2 4 5 6 8
cat_threshold=1621945360 10 1660341329 8 1884196 1052673 2151682628 32
is_linear=0
shrinkage=0.05


Tree=227
num_leaves=15
num_cat=2
split_feature=3 27 8 1 9 24 3 27 19 29 2 30 19 3
split_gain=4.92362 14.8577 9.81231 5.54802 4.78466 4.62842 19.1601 7.4367 4.94581 10.6734 13.6072 12.7955 10.9708 13.0858
threshold=1.4064089673921896 0.45358403940058262 17.500000000000004 2.2606431159420293 13.500000000000002 0.7902348055424343 0.11980176581744507 0.65104525370327515 87.715000000000018 0 -1.0000000180025095e-35 1 99.065000000000012 0.17313852083953621
decision_type=10 10 8 10 2 10 10 10 10 9 2 9 10 10
left_child=4 2 -2 -4 5 8 -7 -8 -1 -10 -11 12 13 -12
right_child=1 -3 3 -5 -6 6 7 -9 9 10 11 -13 -14 -15
leaf_value=0.0010605701590312917 -0.065313594379585005 0.021287537290502121 0.013323165296865705 -0.041628341092641075 0.037998283291161471 -0.073183795796423909 -0.035088876587496688 0.039185876821229988 0.010493115894806603 0.031357593549959463 -0.054989053362615253 4.1495544219475252e-05 0.0068559706632583513 -0.017154582157601874
leaf_weight=2953.5474066017196 14.047194527462123 16.835732875391841 10.43508830107749 6.7541880058124653 7.3453624723479143 9.359530836343767 4.0505787320435038 9.5392302684485895 95.363687448203564 20.763656132854521 25.947060841135681 214.04834529664367 37.556451342999935 166.19232230260968
leaf_count=20441 90 224 85 51 65 71 32 145 628 169 200 1576 355 1273
internal_value=-3.42354e-05 -0.0157635 -0.035774 -0.00937049 0.000183527 9.42621e-05 -0.0218119 0.0161599 0.000243517 -0.00406097 -0.00713715 -0.00916533 -0.016974 -0.0225221
internal_weight=3591.79 48.0722 31.2365 17.1893 3543.71 3536.37 22.9493 13.5898 3513.42 559.872 464.508 443.744 229.696 192.139
internal_count=25405 450 226 136 24955 24890 248 177 24642 4201 3573 3404 1828 1473
cat_boundaries=0 1 3
cat_threshold=1639827 2181641294 57
is_linear=0
shrinkage=0.05


Tree=228
num_leaves=15
num_cat=4
split_feature=3 30 23 24 29 3 54 8 8 26 30 24 27 29
split_gain=5.44637 16.663 15.368 15.3635 12.3298 10.9005 9.36243 8.5787 8.34408 8.20023 16.5763 15.087 12.479 11.3988
threshold=0.028634867865473059 0 1.1108333333333336 0.76005676104113051 1 0.03006535320638867 7.5000000000000009 29.500000000000004 29.500000000000004 62.500000000000007 2 0.29485977115998979 0.21040695348469809 3
decision_type=10 9 10 10 9 10 10 8 10 2 9 8 8 9
left_child=1 2 4 6 -1 -2 8 -6 -3 10 13 -12 -13 -7
right_child=5 3 -4 -5 7 9 -8 -9 -10 -11 11 12 -14 -15
leaf_value=-0.016234534638160564 -0.044997251914236133 0.011501497769202666 -0.043841809505357328 -0.054274098258085823 0.023020106374556436 -0.03035935962325664 0.049700501648537419 -0.016834068192080495 -0.016256738824393518 0.0025980780285163869 0.0056726062485855039 -0.059266805490873202 -0.004435762294884355 -0.0013297857717275308
leaf_weight=67.389584239572287 12.554421234875916 413.94675392005593 25.683637293055654 8.2031526640057546 53.294149152934551 78.964104440063238 14.212701898068188 17.164481271058321 28.102150287479162 1465.2931454097852 533.25940312538296 9.5224436949938518 798.42792245186865 67.396147593855858
leaf_count=420 92 2603 304 60 381 493 84 103 161 11529 3148 52 5505 477
internal_value=0.000635056 0.00486105 -0.00858527 0.00958218 -0.00236621 -0.000261235 0.011056 0.0115896 0.00970413 -5.58656e-05 -0.00267005 -0.00084237 -0.00515446 -0.0180192
internal_weight=3593.41 627.997 163.532 464.465 137.848 2965.42 456.262 70.4586 442.049 2952.86 1487.57 1341.21 807.95 146.36
internal_count=25412 4116 1208 2908 904 21296 2848 484 2764 21204 9675 8705 5557 970
cat_boundaries=0 2 3 4 5
cat_threshold=55008338 1 372736 1086373888 1327108
is_linear=0
shrinkage=0.05


Tree=229
num_leaves=15
num_cat=3
split_feature=30 19 56 19 29 0 20 28 5 19 8 19 28 30
split_gain=5.78639 9.27941 12.576 15.0119 9.30502 12.8099 8.9502 11.4877 9.16934 11.3399 12.9514 14.7769 14.6369 9.38481
threshold=0 24.250000000000004 1.0000000180025095e-35 3.0000000000000004 1 90.985000000000014 -81.949999999999989 0.19248173524219681 0.32670000000000005 3.0000000000000004 32.500000000000007 83.950000000000017 0.27482200782951133 2
decision_type=9 8 2 10 9 8 8 10 8 8 10 10 10 9
left_child=6 2 -2 -4 5 -3 7 -1 9 -8 12 -12 -11 -13
right_child=1 4 3 -5 -6 -7 8 -9 -10 10 11 13 -14 -15
leaf_value=0.025366653400875423 -0.016640429441170584 0.012748775141832272 0.047643388291793813 -0.0043527083476821481 0.0040385775885485031 -0.013203957996521305 -0.035039496448668765 -0.036536569150535068 -0.0038918296837772317 0.03677300150180917 -0.041628975111663566 -0.019928018623877261 0.0063470981613462756 0.013615588109436045
leaf_weight=8.6421181038022024 143.50864206068218 63.431906670331955 17.596682291477919 54.197319816797972 1753.3119759205729 181.32862568087876 14.866995617747305 35.898597213439643 1036.8332660216838 58.437117837369442 21.551977682858706 19.382219319231808 119.64524576254189 58.325229836627841
leaf_count=51 1011 443 135 423 12036 1318 106 225 7781 354 124 145 843 441
internal_value=0.000120626 0.00169951 -0.00813182 0.00887094 0.00277092 -0.00620124 -0.00241773 -0.0242324 -0.00168715 0.00612222 0.00844666 -0.00598816 0.0164808 0.00430005
internal_weight=3586.96 2213.38 215.303 71.794 1998.07 244.761 1373.58 44.5407 1329.04 292.209 277.342 99.2594 178.082 77.7074
internal_count=25436 15366 1569 558 13797 1761 10070 276 9794 2013 1907 710 1197 586
cat_boundaries=0 2 3 4
cat_threshold=1673837890 6 528528 25165824
is_linear=0
shrinkage=0.05


Tree=230
num_leaves=15
num_cat=2
split_feature=9 28 3 3 30 7 11 6 15 20 55 11 28 30
split_gain=5.33116 5.26218 9.61144 11.761 10.8074 8.16325 8.14655 7.92174 12.087 9.20441 7.77485 7.51763 7.40474 18.5773
threshold=9.5000000000000018 0.22276707305361546 0.012123559907834104 0.00017722287671311272 0 -3.4999999999999996 10.461220044647936 -28.499999999999996 2.8344537597280657 -52.489999999999988 25.500000000000004 8.9510274246296699 0.32085385914941339 1
decision_type=2 8 10 8 9 2 2 10 10 8 10 2 8 9
left_child=1 2 3 -1 10 -6 12 8 -7 -9 -4 -11 13 -3
right_child=-2 6 4 -5 5 7 -8 9 -10 11 -12 -13 -14 -15
leaf_value=-0.014893621011791961 0.020104098519391482 -0.01378998651124777 0.019327665297640642 0.029024120590798893 0.027228220577288898 -0.034560938003603464 -0.042975538363037205 0.040655104144436939 0.0081639653632592547 -0.0015254860970857912 -0.019058573124915018 -0.045455578397791602 0.00063118871011181871 0.00059819584574546101
leaf_weight=18.922058409079909 30.964669084176421 342.29269775375724 103.49430227279663 67.554101856425405 18.921601712703705 47.725990040227771 10.62431041523814 11.419469686225055 24.576602675020695 206.14906575158238 14.283818526193498 9.2264230661094171 2094.7020953316242 620.13027308881283
leaf_count=158 279 2114 719 438 93 254 59 60 146 1430 102 49 15970 3730
internal_value=-0.000225258 -0.000406152 0.00422846 0.019354 0.00118963 -0.00367369 -0.0011963 -0.00583525 -0.0201249 -0.00121134 0.0134211 -0.00360878 -0.0010371 -0.00466499
internal_weight=3620.99 3590.02 522.273 86.4762 435.797 318.019 3067.75 299.098 72.3026 226.795 117.778 215.375 3057.13 962.423
internal_count=25601 25322 3449 596 2853 2032 21873 1939 400 1539 821 1479 21814 5844
cat_boundaries=0 2 4
cat_threshold=1112555786 12 1119909202 28
is_linear=0
shrinkage=0.05


Tree=231
num_leaves=15
num_cat=1
split_feature=11 4 25 15 8 3 29 19 3 11 26 6 25 1
split_gain=6.16727 11.9065 14.2019 11.5979 11.8323 11.0061 15.0625 12.7496 11.949 14.1345 14.6406 11.7709 18.3963 11.2611
threshold=6.5352194998575355 -0.24227867995087063 1.6087759190310602 0.924624354954939 20.500000000000004 0.41512531989080248 0 24.250000000000004 0.19431244312087922 6.1162782897875507 40.500000000000007 27.500000000000004 0.58212623571717093 1.8014084507042256
decision_type=2 10 10 10 8 10 9 8 8 2 2 8 10 8
left_child=1 5 -3 -4 -5 6 -1 -8 11 -10 -11 13 -13 -9
right_child=-2 2 3 4 -6 -7 7 8 9 10 -12 12 -14 -15
leaf_value=-0.0090871064308745558 0.0018138392912419963 0.013992063905435601 -0.027377019071736553 -0.016890690176242239 0.044840726945842443 -0.0092014647216684658 -0.017236649855145433 0.019147314247048731 0.0043942378476462219 -0.048403043393876681 -0.0004913734011534049 -0.032199034946874129 0.028328182615900057 -0.019220986237824977
leaf_weight=345.35561263374984 1668.5056062676013 204.08399243466556 44.366619881242514 15.527156174182892 13.782518770545721 621.45088792406023 65.043664461001754 259.14716458134353 215.43811498489231 28.274515707045794 35.06298197992146 32.287848703563213 19.216780858114362 19.852413089945912
leaf_count=2004 10989 1741 282 127 79 5315 519 1641 1669 198 249 266 173 147
internal_value=-0.000408829 -0.00234141 0.00721498 -0.0114936 0.0126594 -0.00396223 -0.000763261 0.00358837 0.00589495 -0.00172858 -0.0222995 0.0123111 -0.00950644 0.0163583
internal_weight=3587.4 1918.89 277.76 73.6763 29.3097 1641.13 1019.68 674.323 609.28 278.776 63.3375 330.504 51.5046 279
internal_count=25399 14410 2229 488 206 12181 6866 4862 4343 2116 447 2227 439 1788
cat_boundaries=0 1
cat_threshold=290816
is_linear=0
shrinkage=0.05


Tree=232
num_leaves=15
num_cat=3
split_feature=7 29 30 24 18 7 7 30 26 11 50 19 11 3
split_gain=5.87829 14.2855 17.0627 17.0108 11.4131 11.2687 11.9824 11.4392 13.7428 10.4566 10.3705 9.22632 8.27334 9.6709
threshold=7.5000000000000009 0 1 0.30900184879874265 -2.1037500000000011 3.5000000000000004 -3.4999999999999996 2 69.500000000000014 5.130785502031082 1.0000000180025095e-35 92.405000000000015 7.1003981616899621 0.83409206114195467
decision_type=2 9 9 8 10 2 2 9 2 2 2 10 2 10
left_child=1 2 4 -3 9 6 -5 8 -7 -1 -2 -8 13 -11
right_child=10 3 -4 5 -6 7 11 -9 -10 12 -12 -13 -14 -15
leaf_value=0.0394699336160175 -0.0011665918572750158 0.0051670080555099029 0.018570559617457343 -0.005061368252345321 0.014824335764760516 -0.072924942676782234 -0.036683268371407569 0.019946899627717226 0.0078074063883310264 -0.0096468403906743126 -0.040337698136358832 -0.096678868745365909 0.027392724371864498 -0.043746389150115451
leaf_weight=8.472410833463071 2955.0315281879157 131.81716107949615 219.63847626745701 18.662053611129522 63.947243389673531 9.9517167527228612 24.830197518691421 19.837435569614172 9.8260224629193527 72.903997698798776 15.995298962108789 9.0307450182735902 9.4464388210326415 28.568960722535849
leaf_count=79 18726 859 2953 100 840 88 175 254 184 641 114 53 122 265
internal_value=-0.0004624 0.00393334 0.00941945 -0.00608441 -0.00197409 -0.0227171 -0.0376813 -0.00243798 -0.0232028 -0.0111838 -0.00139098 -0.0549984 -0.0153711 -0.0195805
internal_weight=3597.96 626.933 402.978 223.955 183.339 92.1382 52.523 39.6152 19.7777 119.392 2971.03 33.8609 110.919 101.473
internal_count=25453 6613 4900 1713 1947 854 328 526 272 1107 18840 228 1028 906
cat_boundaries=0 1 3 5
cat_threshold=2658821 2691297805 22 41976144 9
is_linear=0
shrinkage=0.05


Tree=233
num_leaves=15
num_cat=1
split_feature=14 6 11 1 25 24 29 8 23 24 27 1 25 11
split_gain=5.53029 7.37354 5.42727 4.81227 4.3995 4.43798 16.0316 14.589 13.92 9.81703 10.6568 12.5979 7.19798 7.12051
threshold=-1.0000000180025095e-35 7.5000000000000009 10.461220044647936 2.1076254826254828 -2.6631428791943095 0.48957563587758718 0 24.500000000000004 11.022916666666669 0.45408658340178337 0.39480934543756313 0.74090608465608476 -1.3995514021647193 7.9725021817533728
decision_type=8 8 2 8 8 10 9 8 10 10 8 10 8 2
left_child=1 3 4 -1 -2 8 7 -7 9 12 11 -11 -6 -12
right_child=2 -3 -4 -5 5 6 -8 -9 -10 10 13 -13 -14 -15
leaf_value=-0.040876810545710435 -0.027649936198178945 0.023539074625786732 -0.03002944861730086 -0.0003930194036979912 0.032153541784517257 0.0010533640311595866 0.010401946745336952 -0.053359875611267274 -0.026972414362273441 -0.065206892482732065 -0.0079740395383972717 -0.0069268319167472897 0.0011101888447751799 0.028629283954164132
leaf_weight=22.154660826548934 12.654070658609271 7.8941175676882258 13.448202915489672 10.776480212807654 17.794633327051997 29.667351143434644 300.32297790888697 20.019190276041627 45.451211572624743 16.569001553580165 137.13028367515653 20.205479420721531 2926.8867317093536 13.71870433911681
leaf_count=133 99 65 71 78 114 220 2818 144 557 101 1024 131 19861 76
internal_value=0.00034076 -0.0177347 0.000553333 -0.0280308 0.000677947 0.000787366 0.00612259 -0.0179492 0.000197984 0.000600722 -0.0104578 -0.0342164 0.00130863 -0.0044786
internal_weight=3594.69 40.8253 3553.87 32.9311 3540.42 3527.77 350.01 49.6865 3177.76 3132.3 187.623 36.7745 2944.68 150.849
internal_count=25492 276 25216 211 25145 25046 3182 364 21864 21307 1332 232 19975 1100
cat_boundaries=0 1
cat_threshold=2375813
is_linear=0
shrinkage=0.05


Tree=234
num_leaves=15
num_cat=0
split_feature=2 2 2 55 36 11 11 44 1 24 28 28 7 10
split_gain=5.54216 5.68015 13.729 15.3858 8.82431 7.06304 9.54388 6.69483 6.53352 8.28834 12.1289 9.25151 6.45218 10.5175
threshold=543.74592200189898 142.55605552318244 70.841452578701151 28.500000000000004 1.0000000180025095e-35 8.7492780587294519 6.4730724574722531 2.5000000000000004 1.8531372549019609 0.15669209120996966 0.26911330240846409 0.36480405587265413 16.500000000000004 16.500000000000004
decision_type=2 2 2 8 2 2 2 2 8 10 8 10 2 2
left_child=1 2 7 -4 -3 6 -5 12 9 -8 -11 -12 13 -1
right_child=-2 4 3 5 -6 -7 8 -9 -10 10 11 -13 -14 -15
leaf_value=0.0042351765126358082 -0.030280439759445794 0.013303417479382474 0.028403410572411428 -0.030493082582994671 -0.027112935681193759 -0.046218892195663587 -0.04795469232220316 0.020195435301904152 0.015603824970054306 0.038065057069646857 -0.050169048689378104 0.010225526432116123 -0.0018638418847003392 -0.0084744045418364538
leaf_weight=1286.7582024000585 14.021025769412516 140.67073051072657 18.090825412422419 55.140534883365035 13.99553772062063 20.282637972384691 12.352459553629158 41.386216534301639 27.988150425255299 11.716517373919485 12.440731234848501 11.467846285551785 1743.7711166581139 185.38419944047928
leaf_count=11711 73 760 97 319 70 108 74 394 163 56 66 81 10080 1428
internal_value=2.71498e-05 0.000154221 -0.000270042 -0.0141018 0.00949552 -0.0193341 -0.0148566 0.000453739 -0.00325795 -0.0143551 -0.00171367 -0.021953 0.000193481 0.00263002
internal_weight=3595.47 3581.45 3426.78 169.48 154.666 151.389 131.106 3257.3 75.9657 47.9776 35.6251 23.9086 3215.91 1472.14
internal_count=25480 25407 24577 964 830 867 759 23613 440 277 203 147 23219 13139
is_linear=0
shrinkage=0.05


Tree=235
num_leaves=15
num_cat=5
split_feature=7 11 30 19 29 29 27 24 11 4 30 29 21 7
split_gain=4.89866 4.73362 15.2747 18.3883 13.661 12.4185 12.9393 12.2264 10.9301 15.0609 10.7267 12.1141 18.9272 10.8571
threshold=-43.499999999999993 6.0578371229795582 0 73.000000000000014 1 2 0.26841033423218003 0.27155027988016406 5.2293422602110429 -21.990164608062937 3 4 1.079141113422575 32.500000000000007
decision_type=2 2 9 8 9 9 10 10 2 8 9 9 8 2
left_child=-1 2 8 4 -4 6 -5 -8 9 -2 -3 12 -12 -14
right_child=1 10 3 5 -6 -7 7 -9 -10 -11 11 -13 13 -15
leaf_value=-0.026235451745198798 -0.055092203551371545 -0.0062901173424060146 0.01204783839188189 0.0050718963576789518 -0.018789076461904947 0.0075909313161415075 -0.050609478807457912 -0.009191258199224733 -0.015236601404361783 0.019562221787846217 -0.030099303410663966 0.001550029153912472 0.031374035290891625 0.0041173755060186145
leaf_weight=16.966087237000465 6.8888863306492567 370.55989479180425 40.142701676115394 98.474561685696244 156.74558547604829 610.14638212695718 24.360832031816244 61.975086148828268 297.52418124210089 46.760957614518702 19.110278536565602 1662.3440612675622 100.37259233370423 57.650110932067037
leaf_count=101 59 2478 251 692 1234 4606 163 490 2394 342 185 11171 637 541
internal_value=-0.000192708 -6.10057e-05 -0.00240111 0.000819329 -0.0128134 0.00421792 -0.00693423 -0.0213236 -0.0111792 0.00914356 0.0013615 0.00292378 0.0149716 0.0215186
internal_weight=3570.02 3553.06 1343.02 991.845 196.888 794.957 184.81 86.3359 351.174 53.6498 2210.04 1839.48 177.133 158.023
internal_count=25344 25243 10231 7436 1485 5951 1345 653 2795 401 15012 12534 1363 1178
cat_boundaries=0 2 3 4 6 7
cat_threshold=3275168786 19 2101394 2367492 541104448 36 262148
is_linear=0
shrinkage=0.05


Tree=236
num_leaves=15
num_cat=3
split_feature=25 6 18 30 8 5 29 30 15 28 9 54 28 2
split_gain=5.23859 5.39294 4.88107 16.9173 11.8524 7.13534 12.3638 16.7466 8.48639 8.74334 8.47303 12.71 7.90662 7.61553
threshold=-2.6631428791943095 8.5000000000000018 -1.9999999999999996 0 44.500000000000007 0.32670000000000005 1 2 9.6842852579735119 0.23209594432138808 6.5000000000000009 13.500000000000002 0.47522180385447149 30.841009277245259
decision_type=8 8 8 9 8 8 9 9 10 10 2 10 10 2
left_child=1 -1 3 4 -2 6 7 8 9 -4 11 13 -8 -9
right_child=2 -3 5 -5 -6 -7 12 10 -10 -11 -12 -13 -14 -15
leaf_value=0.0016616769261317489 -0.040433147353628747 -0.060619297623518011 0.0058703861966160403 0.0058780020596682662 0.0013644656286257455 0.00037339812641938548 0.013520993270493104 0.0043440362886655757 0.038098604890287484 -0.025222185733907471 -0.037145438897209566 0.050691200090821814 0.042893037819098687 0.037673203994087696
leaf_weight=6.7659773584455252 49.750137867406011 6.0367797296494246 30.032566897571087 110.42722072452307 25.378388840705156 2889.2122447611764 138.65913100726902 164.72679820749909 6.4355585770681492 86.598854358308017 8.2300344184041005 18.200589193031192 26.976811531931162 18.184761490672827
leaf_count=67 323 34 201 788 170 20389 985 1271 64 690 51 98 188 100
internal_value=0.000775321 -0.0299694 0.000893846 -0.00698047 -0.0234068 0.00132714 0.00684805 0.000958463 -0.0130083 -0.017234 0.00940865 0.0119536 0.0174842 0.00784439
internal_weight=3585.62 12.8028 3572.81 185.556 75.1285 3387.26 498.045 332.409 123.067 116.631 209.342 201.112 165.636 182.912
internal_count=25419 101 25318 1281 493 24037 3648 2475 955 891 1520 1469 1173 1371
cat_boundaries=0 2 3 4
cat_threshold=1094747216 59 1359890 3263648028
is_linear=0
shrinkage=0.05


Tree=237
num_leaves=15
num_cat=4
split_feature=27 30 28 24 24 7 15 30 30 54 29 1 6 11
split_gain=6.40317 10.0225 10.4228 9.74573 12.4215 10.1259 8.95988 13.4356 12.1061 11.515 11.4254 11.8487 12.547 11.1179
threshold=0.15208472025824463 0 0.21197411522027934 0.14142884190328156 0.14649049004605721 51.500000000000007 5.3705192918609841 1 2 49.500000000000007 3 0.6319659442724459 -41.499999999999993 8.8633824292072223
decision_type=8 9 10 8 8 2 8 9 9 10 9 10 10 2
left_child=1 -1 -3 5 -5 -2 8 -8 9 10 11 -6 -13 -12
right_child=3 2 -4 4 6 -7 7 -9 -10 -11 13 12 -14 -15
leaf_value=0.0087683462665850732 0.018646317604193312 -0.0048701137054618093 -0.027192791475425152 -0.048430321836372664 0.0031395911236689134 -0.026808815416896632 0.0050176873009408164 -0.0055662101890028501 0.0065972762299986581 0.028894206798974899 -0.0020211007605145112 0.0054942378896291775 -0.035580912849796496 0.021802897945721107
leaf_weight=75.84286629781127 118.80538790300488 173.3885992821306 74.240680477581918 12.062398217618464 54.396414414048195 12.765757655724881 415.6180806029588 1011.1699774377048 946.85388903878629 28.114286623895168 503.85621309373528 24.167692959308624 76.20643088966608 53.230763136409223
leaf_count=636 735 1229 550 64 285 122 3304 7083 6553 158 3885 118 374 322
internal_value=0.000122029 -0.00657631 -0.0111948 0.000789044 0.000225804 0.0140671 0.00042979 -0.00248565 0.0028958 -0.00190636 -0.00318837 -0.0146882 -0.0257344 0.000285207
internal_weight=3580.72 323.472 247.629 3257.25 3125.68 131.571 3113.61 1426.79 1686.83 739.972 711.858 154.771 100.374 557.087
internal_count=25418 2415 1779 23003 22146 857 22082 10387 11695 5142 4984 777 492 4207
cat_boundaries=0 2 4 6 7
cat_threshold=2166358348 26 1123044116 35 1654958870 35 1064960
is_linear=0
shrinkage=0.05


Tree=238
num_leaves=15
num_cat=3
split_feature=30 2 15 29 0 30 11 2 11 19 20 3 24 6
split_gain=5.18722 11.1637 17.86 10.2473 14.6495 15.5923 19.1787 13.4277 12.3713 10.1079 9.22729 9.05882 11.37 9.68454
threshold=0 -8.92879973205679 5.3705192918609841 1 0.50500000000000012 2 9.3683310094433878 382.00322223737265 6.4172223323443918 94.675000000000011 -35.302499999999988 0.30345208692078718 0.20225270637932252 -47.499999999999993
decision_type=9 2 10 9 8 9 2 2 2 8 10 10 10 8
left_child=1 2 -1 4 -2 11 7 8 -7 10 -10 -6 -13 -14
right_child=3 -3 -4 -5 5 6 -8 -9 9 -11 -12 12 13 -15
leaf_value=0.053988080538086729 -0.018227927412057501 -0.0036328401685008123 -0.03974206999971186 -0.00065238955367247393 0.038963107082252313 -0.0014817365910515369 -0.062054909110985934 -0.043617116681839062 -0.013114262265448066 0.026558605522413088 0.021603634846428466 0.034192406173236711 0.036384774545972234 -0.0097776284358718005
leaf_weight=18.27168743964285 52.265205355361104 1100.6972885122523 6.0848901886492959 1834.2605806440115 57.372916948050261 199.05246409401298 9.8364857584238035 12.519905529916285 41.522396437823772 104.60134672746062 33.819858822971582 41.22936837375164 13.674155963584779 49.335583424195647
leaf_count=151 287 7618 56 14194 289 1124 52 59 206 508 189 204 78 296
internal_value=-6.08199e-05 -0.00285499 0.0299281 0.00122982 0.00675436 0.00922167 0.00349368 0.00538344 0.00711267 0.0165754 0.00254886 0.0217833 0.0141172 0.000652295
internal_weight=3574.54 1125.05 24.3566 2449.49 615.23 562.964 401.352 391.516 378.996 179.944 75.3423 161.612 104.239 63.0097
internal_count=25311 7825 207 17486 3292 3005 2138 2086 2027 903 395 867 578 374
cat_boundaries=0 2 3 4
cat_threshold=1661123858 38 1392672 1851464
is_linear=0
shrinkage=0.05


Tree=239
num_leaves=15
num_cat=3
split_feature=11 28 30 27 10 7 25 10 29 1 30 1 27 1
split_gain=6.73104 13.6533 15.8816 16.072 13.5259 10.2966 14.2043 14.0439 13.0227 22.6778 15.518 13.5191 11.805 11.7619
threshold=7.4923785970800472 0.32085385914941339 0 0.35338607797070215 16.500000000000004 16.500000000000004 3.6791245862327413 19.500000000000004 1 0.61930641821946175 2 2.4299719887955185 0.31065863595959564 0.96791352093342498
decision_type=2 10 9 10 2 2 8 2 9 8 9 10 8 8
left_child=5 2 3 -2 -3 7 8 -1 9 12 11 -10 -7 -9
right_child=1 4 -4 -5 -6 6 -8 13 10 -11 -12 -13 -14 -15
leaf_value=0.0034300117043040905 0.039968384799106582 0.0071114047608772648 -0.0060704145736690928 -0.0290512114931273 0.034772063426220357 -0.008599870966286248 0.0067419516003702122 -0.032156771973736287 -0.023916544709887848 -0.017391892246633317 -0.0051370598820812234 0.037866409340002731 0.030777023781295095 -0.00097484158595565688
leaf_weight=1287.1953523205593 39.550303157418966 352.67909027263522 362.53748968429863 9.8705553114414197 49.698723254725337 24.761989627033472 241.72562709636986 51.512811502441764 206.75549529120326 60.13957729190588 733.33931206632406 8.3780803903937322 76.246513683348894 71.461699187755585
leaf_count=11499 216 2336 2064 50 297 132 1230 424 1494 266 4472 41 402 506
internal_value=7.44461e-05 0.00406636 -0.00233099 0.0215973 0.0106056 -0.00110377 -0.00422112 0.00188443 -0.00661329 0.00634648 -0.00879378 -0.0204025 0.0211342 -0.0141907
internal_weight=3575.85 814.336 411.958 49.4209 402.378 2761.52 1351.35 1410.17 1109.62 161.148 948.473 215.134 101.009 122.975
internal_count=25429 4963 2330 266 2633 20466 8037 12429 6807 800 6007 1535 534 930
cat_boundaries=0 1 2 4
cat_threshold=1081425928 1053698 1084509456 21
is_linear=0
shrinkage=0.05


Tree=240
num_leaves=15
num_cat=1
split_feature=3 28 7 8 8 3 30 0 28 20 56 11 1 24
split_gain=7.78785 11.1142 9.48862 7.18332 8.77623 7.04945 19.5651 7.49426 7.78111 10.0571 8.13124 7.39163 7.27048 5.87069
threshold=1.4064089673921896 0.44025789810667154 12.500000000000002 17.500000000000004 37.500000000000007 1.0327444135541726 0 96.635000000000005 0.54827170198783226 28.265000000000004 4.5000000000000009 5.7781630017732537 2.5042372881355939 0.53086783921877956
decision_type=10 10 2 8 10 10 9 10 8 10 2 2 10 10
left_child=5 3 -3 -2 -5 7 -7 -1 9 10 13 -10 -8 -9
right_child=1 2 -4 4 -6 6 12 8 11 -11 -12 -13 -14 -15
leaf_value=0.00095310032977556202 -0.062241568747881643 0.044587465463561016 -0.035900919152835456 0.030720363609375412 -0.037751978529697576 -0.021195461083787875 0.037467242236291533 0.029866740269199211 -0.0059768167689175332 -0.056299467822258698 -0.017346951131001143 -0.071657294778739902 -0.017548196074182006 -0.0089449585839183159
leaf_weight=3348.9410177851096 13.371722087264063 9.2831522682681662 4.7838804796338072 6.314370950683954 12.310054391622542 21.614608835428953 54.796075305901468 24.312601434066892 7.8899160027503994 8.0106578283011896 36.018368700519204 8.9151736013591272 6.1433171620592466 15.23289707303047
leaf_count=23481 83 167 23 54 103 160 611 168 54 42 270 59 66 94
internal_value=0.000626722 -0.0195789 0.0166491 -0.0355284 -0.0141548 0.000895714 0.0152463 0.000547936 -0.0128455 -0.00636892 -0.000409508 -0.0428882 0.0273171 0.0150646
internal_weight=3577.94 46.0632 14.067 31.9961 18.6244 3531.87 82.554 3449.32 100.38 83.5745 75.5639 16.8051 60.9394 39.5455
internal_count=25435 430 190 240 157 25005 837 24168 687 574 532 113 677 262
cat_boundaries=0 1
cat_threshold=547898368
is_linear=0
shrinkage=0.05


Tree=241
num_leaves=15
num_cat=1
split_feature=61 20 30 11 3 8 56 26 26 11 6 55 19 3
split_gain=9.32885 8.32613 8.07977 9.99806 8.04615 6.86838 5.58244 13.5541 11.8066 9.81451 9.88641 7.40498 10.2023 7.01358
threshold=1011.5000000000001 -66.49499999999999 0 5.8730883644059348 0.098209195308682204 73.500000000000014 14.500000000000002 81.500000000000014 441.50000000000006 7.2679404403355017 -43.499999999999993 28.500000000000004 92.600000000000009 0.60313380884522094
decision_type=8 8 9 2 10 10 2 2 2 2 10 10 10 10
left_child=-1 2 3 -2 -4 -6 11 9 -9 -8 -11 -3 -13 -10
right_child=1 6 4 -5 5 -7 7 8 13 10 -12 12 -14 -15
leaf_value=-0.053625203596016136 0.043390176040149081 -0.00012224505682698991 -0.039231552229125027 -0.0084028640015609921 -0.00053167837553027219 -0.041205990086914057 0.019541574514527066 0.0223157266953262 -0.058356861947036168 -0.0022772594668951122 -0.061475854616426795 -0.053170947422782479 0.016719839445506444 0.0026334627872345701
leaf_weight=7.2320668809115887 12.567971384152768 3229.8210769398138 36.614712819457054 28.979338502511382 47.295205934904516 12.306714024394749 12.231970738619564 116.35213722661138 6.303686726838353 13.758598959073423 13.644675321877004 13.834519460797312 7.458021553233265 13.063994554802774
leaf_count=66 85 23264 269 186 292 70 67 665 45 84 64 93 59 120
internal_value=-0.00045972 -0.000336833 -0.0123438 0.00640955 -0.0191172 -0.00947155 0.000149377 0.00881339 0.0163079 -0.0166193 -0.0328801 -0.000320499 -0.0290388 -0.0191079
internal_weight=3571.46 3564.23 137.764 41.5473 96.2166 59.6019 3426.47 175.355 135.72 39.6352 27.4033 3251.11 21.2925 19.3677
internal_count=25429 25363 902 271 631 362 24461 1045 830 215 148 23416 152 165
cat_boundaries=0 2
cat_threshold=17350736 1
is_linear=0
shrinkage=0.05


Tree=242
num_leaves=15
num_cat=1
split_feature=60 47 23 25 11 27 20 20 55 19 55 29 55 1
split_gain=5.48004 4.65128 6.13273 5.75151 5.54467 5.251 5.06849 5.84402 7.99958 6.71576 10.9241 10.6419 8.55023 8.17249
threshold=55.500000000000007 1.0000000180025095e-35 -1.4413194444444442 0.84336219313408056 6.6020516407816192 0.34078855951788761 -88.794999999999987 -18.287499999999998 85.500000000000014 86.492500000000021 49.500000000000007 0 10.500000000000002 1.4708710407239822
decision_type=10 2 8 10 2 10 8 8 10 10 10 9 10 10
left_child=1 2 5 4 -3 -1 -4 8 -8 10 -9 12 13 -11
right_child=-2 3 6 -5 -6 -7 7 9 -10 11 -12 -13 -14 -15
leaf_value=-0.053439155205263794 -0.032920674884484094 0.015843990600075408 -0.017697926365231296 0.021259790943686185 -0.034464284493668035 -0.0087478218749011301 0.0063696019427856498 -0.00025555086061928764 -0.035586615077627504 0.00037631777159689199 0.056675113080959738 -0.0038951293840957333 0.0096126503175715042 -0.067738592006849382
leaf_weight=8.553318142890932 11.915880497545002 9.9508537258952874 40.590562495402992 50.26918550953269 10.106996089220045 22.747886518016458 425.42970587126911 2636.2484692018479 10.688478595577179 5.5832756888121429 7.4532479234039775 310.25365756545216 6.4729867447167626 19.649514617398381
leaf_count=52 97 74 277 339 77 147 3031 18530 65 54 44 2443 63 173
internal_value=-0.000410761 -0.000292863 -0.000550764 0.0123471 -0.00993879 -0.0222364 -0.000348353 -0.000137435 0.00526227 -0.000927672 -7.36803e-05 -0.00751045 -0.0310135 -0.053227
internal_weight=3575.91 3564 3493.67 70.327 20.0578 31.3012 3462.37 3421.78 436.118 2985.66 2643.7 341.959 31.7058 25.2328
internal_count=25466 25369 24879 490 151 199 24680 24403 3096 21307 18574 2733 290 227
cat_boundaries=0 1
cat_threshold=8192
is_linear=0
shrinkage=0.05


Tree=243
num_leaves=15
num_cat=3
split_feature=28 24 3 11 34 29 29 14 15 2 25 11 4 5
split_gain=4.61568 7.65936 11.1912 4.94283 19.1754 16.195 15.0807 12.3641 12.247 12.6587 13.7812 13.2603 10.5345 10.3491
threshold=0.76941676436107864 0.7902348055424343 0.12831175080088278 6.0578371229795582 0 1 2 1.0000000180025095e-35 11.057104973004536 8.080742040512602 1.2050544218664856 5.9103083198621444 -16.311904563570039 0.41390331010452969
decision_type=10 10 10 2 1 9 9 10 10 2 8 2 8 10
left_child=1 3 -3 4 5 -1 12 -8 9 -7 -11 -12 -6 -14
right_child=-2 2 -4 -5 6 8 7 -9 -10 10 11 -13 13 -15
leaf_value=-0.0097787809019366807 0.034401351401173001 -0.083583439611015942 0.0029635141857163576 0.00072263182772979307 -0.018386249653174726 0.015614537486500456 -0.016112723159908776 0.0014744067753580325 -0.01921951784046582 -0.051706580328406485 -0.0082095242258778938 0.049328811724540615 0.004306359945870121 0.038720869085905253
leaf_weight=157.38585194200277 8.2978109512478095 5.857942320406436 8.0585466306656581 2203.9234224995598 32.316610785201192 317.615248946473 453.36265320051461 127.90751614701003 35.079285735264421 13.118363838642834 50.740395173430443 11.420251559466122 80.634091040119529 29.12095264159143
leaf_count=1049 107 37 100 15017 258 2283 3634 1329 270 93 280 57 497 218
internal_value=-0.000782257 -0.000874771 -0.0366283 -0.000722737 -0.00315551 0.0035693 -0.00859493 -0.01204 0.00851874 0.0112541 -0.00710681 0.00297515 0.00591414 0.0137046
internal_weight=3534.84 3526.54 13.9165 3512.62 1308.7 585.359 723.342 581.27 427.974 392.894 75.279 62.1606 142.072 109.755
internal_count=25229 25122 137 24985 9968 4032 5936 4963 2983 2713 430 337 973 715
cat_boundaries=0 1 2 3
cat_threshold=2 335876 3674528
is_linear=0
shrinkage=0.05


Tree=244
num_leaves=15
num_cat=3
split_feature=34 26 29 25 4 28 28 11 29 15 26 24 32 11
split_gain=7.31397 12.2093 18.4898 16.7034 14.4867 9.77184 13.338 11.2538 9.6911 11.2878 10.891 15.3768 11.3286 9.63141
threshold=0 57.500000000000007 1 3.6791245862327413 -19.33258008104751 0.40991722632029076 0.40964005372793427 7.5577858618890348 2 0.068825661152574699 490.00000000000006 0.40275436427661654 3.5000000000000004 6.1420589105012331
decision_type=1 2 9 10 8 10 10 2 9 10 2 10 10 2
left_child=5 2 3 4 -2 6 8 13 9 -1 11 12 -10 -7
right_child=1 -3 -4 -5 -6 7 -8 -9 10 -11 -12 -13 -14 -15
leaf_value=0.0031902893863436444 -0.017864643189005561 0.0015408942181629787 -0.0097971362203076867 -0.050438379537177752 0.020366624003342049 0.01707115108979659 -0.033523497774153657 0.042335202458829768 0.0063666450747415261 -0.019132163728178275 -0.011331331522498565 0.041105218525017327 -0.019584892197919833 -0.0059365091592431451
leaf_weight=120.99573747999966 29.876009318977594 1325.3095074733719 670.745819946751 10.110804554075001 127.49113314971328 120.35057364404202 25.748747944831848 27.272816929034889 772.58030151948333 105.06390040367842 97.130397325381637 29.556927101686597 43.510690240189433 72.1050382591784
leaf_count=706 221 10627 4495 60 769 1163 146 202 4576 760 697 201 257 551
internal_value=0.000381338 -0.00144628 -0.00616549 0.00843203 0.0130415 0.00317616 0.00138905 0.0128418 0.00218615 -0.00691822 0.00440089 0.00627111 0.00496074 0.00846502
internal_weight=3577.85 2163.53 838.224 167.478 157.367 1414.32 1194.59 219.728 1168.84 226.06 942.778 845.648 816.091 192.456
internal_count=25431 16172 5545 1050 990 9259 7343 1916 7197 1466 5731 5034 4833 1714
cat_boundaries=0 1 2 3
cat_threshold=2 2691491 2167843
is_linear=0
shrinkage=0.05


Tree=245
num_leaves=15
num_cat=2
split_feature=13 30 13 20 30 2 6 8 5 5 8 15 28 2
split_gain=5.94564 11.9748 10.6032 7.42753 6.1403 12.6783 13.7607 8.61924 15.8022 12.7075 11.1755 8.53674 7.35121 6.90028
threshold=9.9037500000000023 0 20.567500000000003 -3.4974999999999947 1 92.249200333808844 29.500000000000004 16.500000000000004 0.10008500000000002 0.44180327695560262 21.500000000000004 32.67286136663251 0.46716837651039239 543.74592200189898
decision_type=10 9 10 8 9 2 10 10 8 10 10 10 8 2
left_child=4 -2 3 -3 5 6 7 8 -1 10 -9 13 -11 -6
right_child=1 2 -4 -5 11 -7 -8 9 -10 12 -12 -13 -14 -15
leaf_value=-0.021302179269072696 0.011875273476686212 -0.051989745894487127 0.0097815609228021488 -0.016714960907384675 -0.00044021580042994513 -0.018679358410104922 -0.016368924942683681 -0.031177677585116133 0.023463835552041293 -0.032633926961865872 0.013340982623009921 0.042589829056532323 0.021917314391440644 -0.045294251984707004
leaf_weight=21.376643903553486 36.396217542700469 26.68884402513504 18.947359656915069 35.553053792566061 2932.1377540696412 47.929947376251221 50.4242740906775 14.443203698843716 177.54876095335931 30.15606870688498 167.06389775313437 10.501123600639401 6.9530559070408335 7.5996959023177615
leaf_count=164 285 236 160 309 20315 282 538 112 1339 239 1397 95 65 42
internal_value=0.000109294 -0.0108998 -0.020126 -0.0324234 0.000485804 0.00545695 0.00807996 0.0110646 0.0185708 0.00418102 0.00964705 -0.000402163 -0.0221059 -0.000571534
internal_weight=3583.72 117.585 81.1893 62.2419 3466.13 515.896 467.966 417.542 198.925 218.616 181.507 2950.24 37.1091 2939.74
internal_count=25578 990 705 545 24588 4136 3854 3316 1503 1813 1509 20452 304 20357
cat_boundaries=0 2 4
cat_threshold=2916356 33 2182218313 32
is_linear=0
shrinkage=0.05


Tree=246
num_leaves=15
num_cat=6
split_feature=7 3 29 30 29 30 6 46 30 27 4 4 1 30
split_gain=5.03854 9.01304 18.2799 16.4554 16.0356 18.2044 12.6887 11.7312 11.5096 14.4103 11.235 22.0011 11.1011 10.5207
threshold=10.500000000000002 0.37246649640347856 0 1 2 3 -6.4999999999999991 1.0000000180025095e-35 4 0.11071116896660722 12.456385521434512 39.24614956233745 0.74090608465608476 5
decision_type=2 10 9 9 9 9 10 2 9 10 10 8 8 9
left_child=-1 4 3 7 5 -2 -7 -3 10 -10 -4 -12 -11 -6
right_child=1 2 8 -5 13 6 -8 -9 9 12 11 -13 -14 -15
leaf_value=0.0030548985379291456 0.016807722739820306 -0.031291787612952801 -0.0055913380149373434 0.019236161919627917 0.009241411817568327 -0.050064520652980539 -0.011276119641327201 0.031910344672788436 0.007785754600524105 -0.033003964316092163 0.044098500450947938 -0.017321118594485041 -0.012828769867071113 0.0001244891316397822
leaf_weight=854.28824884817004 49.003832641988993 33.65794625505805 237.14885127171874 114.90461956895888 448.08059406466782 22.087267402559519 261.75986639410257 8.4458863157778961 65.650415046140552 87.981147328391671 34.093239946290851 24.213045570999384 304.80548456311226 1030.3158846665174
leaf_count=9381 278 203 1351 660 2753 123 1513 68 414 549 186 130 1700 6125
internal_value=-0.000292959 -0.00134435 -0.00539841 0.00975447 0.000696344 -0.00904531 -0.0139692 -0.0147463 -0.00857852 -0.0135075 -0.000720267 0.0187306 -0.0174202 0.00293554
internal_weight=3576.44 2722.15 910.901 157.008 1811.25 332.851 283.847 42.1038 753.892 458.437 295.455 58.3063 392.787 1478.4
internal_count=25434 16053 5261 931 10792 1914 1636 271 4330 2663 1667 316 2249 8878
cat_boundaries=0 1 3 4 6 8 10
cat_threshold=8209 9183232 8 2695201 1074323712 8 2178237454 37 578847042 41
is_linear=0
shrinkage=0.05


Tree=247
num_leaves=15
num_cat=2
split_feature=29 8 25 3 19 12 3 26 14 7 28 30 28 19
split_gain=5.23886 7.48392 9.9897 13.4296 9.40583 15.0225 8.99608 9.8782 8.86982 8.5735 7.43551 17.7767 7.7133 7.38211
threshold=0 6.5000000000000009 0.82917006976921581 0.22203220080503683 47.500000000000007 1.0000000180025095e-35 0.98806113766269088 3.5000000000000004 12.252500000000001 12.500000000000002 0.55130834071513701 1 0.55099062693557432 30.500000000000004
decision_type=9 10 10 8 10 2 8 2 8 2 10 9 10 8
left_child=1 2 9 -4 5 6 7 -3 -6 -1 12 -12 -2 -13
right_child=10 4 3 -5 8 -7 -8 -9 -10 -11 11 13 -14 -15
leaf_value=0.049759402545568529 0.00056324795223651762 0.038614714940190309 0.02498126584961128 -0.044152718007710347 -0.026548629506051188 -0.068629129339501313 -0.051724242755892838 -0.024034238932317598 0.011813178963377045 -0.013218362188919423 -0.019353203817186002 0.066518726811442205 -0.043061393719793582 0.019409306882557993
leaf_weight=16.251271465793256 3287.080845752731 10.865602280944591 11.847266584634783 14.678987346589564 23.239188384264708 16.929803187027574 8.6098140813410264 12.429585462436078 38.859512224793434 7.353144545108079 26.686528178863227 8.5237250477075559 9.1639207005500776 85.566920425742865
leaf_count=140 23139 160 76 85 171 126 48 85 259 41 232 50 65 817
internal_value=0.000449991 -0.00806752 0.00736679 -0.01349 -0.0157665 -0.0319486 -0.0109905 0.00557382 -0.00273618 0.030401 0.000874757 0.0130103 0.000428944 0.0220163
internal_weight=3578.09 161.064 50.1307 26.5263 110.934 48.8348 31.905 23.2952 62.0987 23.6044 3417.02 120.777 3296.24 94.0906
internal_count=25494 1191 342 161 849 419 293 245 430 181 24303 1099 23204 867
cat_boundaries=0 1 3
cat_threshold=2686992 33833030 34
is_linear=0
shrinkage=0.05


Tree=248
num_leaves=15
num_cat=2
split_feature=61 7 26 26 0 54 11 5 26 26 8 30 29 1
split_gain=5.50602 5.86656 13.0767 15.7504 11.2961 11.63 10.8914 10.926 10.1748 9.80814 9.51386 9.00179 12.2806 25.2336
threshold=1724.5000000000002 7.5000000000000009 1427.5000000000002 1145.5000000000002 74.00500000000001 25.500000000000004 6.8683177301510616 0.53952251984126998 359.00000000000006 17.500000000000004 20.500000000000004 0 1 1.8531372549019609
decision_type=10 2 2 2 10 8 2 8 2 2 8 9 9 10
left_child=1 2 3 11 -3 -6 7 -7 9 -8 -5 -1 -13 -14
right_child=-2 4 -4 10 5 6 8 -9 -10 -11 -12 12 13 -15
leaf_value=-0.0035505962390817596 -0.037083972760257926 0.00034796584072735394 0.021168749138737522 -0.051415580045559822 0.012427554268871148 -0.00732968794249948 -0.036681552412601272 -0.052257403739130695 -0.03100174991601053 0.019198145262737554 0.021687927393995821 0.018722761063609296 0.0096198895196262721 -0.046607764991951232
leaf_weight=230.30979613680393 8.7584848664700967 2769.4828550843522 102.45375983417034 19.844481080770493 34.472606541588902 21.793311508372426 8.9667798057198507 36.369550690054893 26.066102465614676 36.428026424720883 5.0488270763307836 151.0667662974447 86.876840051263571 24.820436581969261
leaf_count=1997 55 17422 1262 185 269 204 58 281 206 242 78 2141 805 192
internal_value=0.000422548 0.000525384 0.00493855 0.00169362 -0.000409318 -0.0131148 -0.0199508 -0.0358317 -0.00670906 0.00760757 -0.0363238 0.0036826 0.00977583 -0.0029183
internal_weight=3562.76 3554 620.421 517.967 2933.58 164.096 129.624 58.1629 71.4609 45.3948 24.8933 493.074 262.764 111.697
internal_count=25397 25342 6660 5398 18682 1260 991 485 506 300 263 5135 3138 997
cat_boundaries=0 2 3
cat_threshold=2151275781 39 2658308
is_linear=0
shrinkage=0.05


Tree=249
num_leaves=15
num_cat=4
split_feature=24 30 4 23 28 3 30 29 16 29 32 31 32 51
split_gain=7.05224 19.6757 12.7078 12.352 12.7379 18.7607 12.6313 14.8146 10.6507 9.83928 9.74658 9.09299 15.8467 13.1915
threshold=0.42604654984946894 0 0.024110605330562859 21.487708333333334 0.52708231543002382 0.29860049320322096 1 2 3.5000000000000009 3 2.5000000000000004 2.5000000000000004 3.5000000000000004 1.0000000180025095e-35
decision_type=8 9 8 10 10 8 9 9 10 9 10 2 10 2
left_child=3 2 -2 4 6 -6 7 -1 10 -3 -9 -8 13 -13
right_child=1 9 -4 -5 5 -7 11 8 -10 -11 -12 12 -14 -15
leaf_value=-0.001385101896971281 -0.025346556601373582 -0.015126568546513182 -0.0058138207136450085 -0.048610287899631399 0.064717797486400747 0.0027816056608782505 -0.0036485447738154649 -0.002284794255849962 -0.02786916283476723 0.0057487192380027982 0.024077750666305284 0.0032454858626273699 -0.027565199821929415 0.049932608585022506
leaf_weight=212.7554601803422 128.97604339942336 54.8939642701298 234.07004794850945 11.342414804734288 18.553408686071634 32.883191064931452 1141.9893954209983 42.389012100175023 11.667471446096895 404.12354730721563 197.34882995206863 1033.5286252601072 40.520953422412276 14.361877867020665
leaf_count=1215 977 336 1960 201 125 305 8113 292 121 3543 1496 6466 243 147
internal_value=8.70968e-05 -0.00397469 -0.0124613 0.00129906 0.00152284 0.0259304 0.00104747 0.00844704 0.0164769 0.00295665 0.0194264 -0.000530996 0.00273549 0.00393235
internal_weight=3579.4 822.064 363.046 2757.34 2746 51.4366 2694.56 464.161 251.405 459.018 239.738 2230.4 1088.41 1047.89
internal_count=25540 6816 2937 18724 18523 430 18093 3124 1909 3879 1788 14969 6856 6613
cat_boundaries=0 2 4 5 6
cat_threshold=3227905106 26 2708473875 10 94240 16391
is_linear=0
shrinkage=0.05


Tree=250
num_leaves=15
num_cat=2
split_feature=7 24 30 4 11 54 30 55 10 26 7 24 25 6
split_gain=7.54442 10.8714 19.9632 12.0286 9.98853 10.3072 9.98485 11.3609 12.103 14.2677 15.03 9.63583 9.44234 11.253
threshold=27.500000000000004 0.25580621797250741 0 10.904957247240501 5.8992944261237286 25.500000000000004 1 7.5000000000000009 37.500000000000007 62.500000000000007 11.500000000000002 0.4368538551188425 1.1870788164844663 26.500000000000004
decision_type=2 8 9 8 2 8 9 8 2 2 2 10 10 10
left_child=6 3 11 -2 -5 -6 -1 -8 -9 -10 -11 12 -3 -14
right_child=1 2 -4 4 5 -7 7 8 9 10 -12 -13 13 -15
leaf_value=0.010014567949955318 -0.023417791411266001 0.043774200869174801 -0.0056535138304705428 -0.023642006994038553 -0.03051953087510749 0.0036991836856317011 0.027550933021451042 0.00034534276098861273 -0.065957783541852485 0.043505196844365164 -0.046875662712687588 -0.0060555258536160129 0.031438416092704709 -0.012452501609894981
leaf_weight=290.54903954267502 115.84804195910692 41.650542505085468 296.98613969050348 53.49627897515893 23.569569548591971 209.96688367240131 36.829961000010371 2364.8471136838198 14.085097383707764 8.8275549188256281 7.6480506062507621 30.46376726590097 32.524272952228785 25.123529249802232
leaf_count=2312 976 232 1820 404 178 1197 307 17206 78 89 40 208 159 154
internal_value=0.000162121 -0.00400933 0.0015521 -0.00988948 -0.00436703 0.000130272 0.00143416 0.000362824 -6.50076e-05 -0.0308236 0.00126843 0.0170863 0.0258792 0.0124241
internal_weight=3552.42 829.629 426.748 402.881 287.033 233.536 2722.79 2432.24 2395.41 30.5607 16.4756 129.762 99.2983 57.6478
internal_count=25360 5328 2573 2755 1779 1375 20032 17720 17413 207 129 753 545 313
cat_boundaries=0 2 3
cat_threshold=1612506368 52 2200111681
is_linear=0
shrinkage=0.05


Tree=251
num_leaves=15
num_cat=1
split_feature=19 55 56 11 15 6 19 29 25 7 10 25 3 15
split_gain=5.57729 10.0441 9.26608 7.4183 7.69789 8.4347 9.09159 8.70801 9.12812 7.28224 14.1349 12.2667 11.982 9.26351
threshold=86.492500000000021 91.500000000000014 5.5000000000000009 5.1434455725900881 0.39039222117649613 -42.499999999999993 99.065000000000012 0 0.060195653721354984 23.500000000000004 16.500000000000004 11.732221978744528 0.0028128563501210453 7.0143697309494737
decision_type=10 10 2 2 8 10 10 9 10 2 2 10 10 8
left_child=1 9 -2 -4 -5 -6 7 -7 -9 11 -11 -1 -12 -14
right_child=2 -3 3 4 5 6 -8 8 -10 10 12 -13 13 -15
leaf_value=0.0027048331705114138 -0.012603464985895646 0.052590659039076108 0.03813383447330515 -0.011291228165403993 0.014971202201338164 0.021706088369601237 0.0419689283680783 0.017894524055987848 -0.018827411159010245 -0.0051635203422740923 0.055832071127558572 -0.048378083962257998 0.00056536181189728552 0.040554265366891953
leaf_weight=1960.5017975429073 219.84838105272502 8.3413158487528545 11.532372398301957 120.088065052405 102.38535580039024 13.352979574352506 9.0794260632246715 19.588112079538405 97.859688603319228 844.10119938571006 13.564367560669778 10.825227171182631 86.541200590319932 16.400000462308526
leaf_count=14414 1880 47 103 728 748 93 118 169 734 5360 90 55 604 93
internal_value=-6.70116e-05 0.00082594 -0.00448302 0.000312763 -0.000992578 0.00413777 -0.00384175 -0.00731596 -0.0116223 0.000660789 -0.00290701 0.00239993 0.0133466 0.00726504
internal_weight=3534.01 2940.28 593.734 373.886 362.354 242.266 139.88 130.801 117.448 2931.93 960.607 1971.33 116.506 102.941
internal_count=25236 20663 4573 2693 2590 1862 1114 996 903 20616 6147 14469 787 697
cat_boundaries=0 1
cat_threshold=1155
is_linear=0
shrinkage=0.05


Tree=252
num_leaves=15
num_cat=1
split_feature=8 5 26 8 25 11 11 20 29 25 28 6 7 7
split_gain=7.57234 11.8486 6.65802 5.40954 5.78184 5.19998 6.76873 4.98578 4.60475 14.8166 7.36063 8.39965 5.67155 8.26474
threshold=-2.4999999999999996 0.68024910130718974 1.5000000000000002 -1.0000000180025095e-35 1.8876259237107995 6.0272295577074333 6.4603737176686673 -94.749999999999986 0 5.3125309328223258 0.47948845190271655 31.500000000000004 17.500000000000004 4.5000000000000009
decision_type=8 8 2 8 8 2 2 8 9 8 10 8 2 2
left_child=1 -1 5 4 -2 -3 -7 -5 9 10 11 -9 13 -12
right_child=3 2 -4 7 -6 6 -8 8 -10 -11 12 -13 -14 -15
leaf_value=-0.02494969735495435 -0.043412570753867175 0.037263258137244008 0.058465187285309916 -0.035905657978890615 0.0071683929297944792 -0.028090088400121522 0.02207784414111939 0.022239858520339661 -0.00065255641260410766 -0.037754933385388809 -0.030302115947953373 -0.024444938607045164 -0.021240063380615484 0.021263805651539642
leaf_weight=13.183659859001635 13.80244607105851 17.016868093982339 11.74535592086613 8.7965995362028462 8.7327397279441374 10.151483358815314 15.944773364812134 113.06767169572413 3233.0259831463918 15.828956641256807 9.3022358920425159 9.7076152488589269 23.934008665382862 31.111152376979589
leaf_count=68 85 90 83 85 47 60 84 754 23276 101 63 54 114 301
internal_value=-0.000123644 0.0162728 0.0264487 -0.000450005 -0.0243399 0.0165988 0.00224599 -0.000286702 -0.000185092 0.00692096 0.0112487 0.0183809 -0.00243275 0.00894942
internal_weight=3535.35 68.0421 54.8585 3467.31 22.5352 43.1131 26.0963 3444.77 3435.98 202.952 187.123 122.775 64.3474 40.4134
internal_count=25265 385 317 24880 132 234 144 24748 24663 1387 1286 808 478 364
cat_boundaries=0 1
cat_threshold=262451
is_linear=0
shrinkage=0.05


Tree=253
num_leaves=15
num_cat=3
split_feature=32 7 30 4 5 25 27 28 25 33 3 29 30 5
split_gain=4.86214 10.3741 7.70509 10.5811 10.5458 8.82146 10.4125 6.65174 11.2466 5.86088 5.65313 10.7396 11.3118 9.19858
threshold=2.5000000000000004 7.5000000000000009 0 0.6492019233274392 0.11839795918367348 4.5953728451693374 0.57295927583511796 0.52307241608944577 0.47453699754046358 0.90000000000000013 0.37707928387346412 1 2 0.45481879606879622
decision_type=10 2 9 8 8 10 8 8 10 2 10 9 9 8
left_child=1 -1 4 -4 -3 6 -6 9 -9 -5 11 -2 -13 -12
right_child=10 2 3 7 5 -7 -8 8 -10 -11 13 12 -14 -15
leaf_value=0.017845569133972193 0.014901487033193521 0.041793039707854335 -0.028204683077349097 -0.026212286644949095 -0.022030522005009032 0.042871864097831107 0.029482215655611252 -0.0054808933184044284 0.042465781420457684 -0.005960894480576422 0.0059058838713199942 -0.0072411271861399134 0.003177544793953645 -0.004065095801624119
leaf_weight=43.03189879283309 142.51057243533432 16.039772156625986 70.732802644371986 46.135924583300948 41.395865919068456 8.1346223838627321 11.829049218446015 41.996265321969986 16.150663323700428 151.54940060526133 290.79755591135472 318.1820224346593 1242.7188659477979 1115.6843480309471
leaf_count=465 753 93 479 287 310 45 82 299 97 959 2555 2283 7925 8821
internal_value=-0.000356988 -0.00522694 -0.00772272 -0.010888 0.00619901 -0.00263241 -0.0102494 -0.00643304 0.0083294 -0.0107953 0.000344444 0.00228093 0.00101794 -0.00200081
internal_weight=3556.89 446.996 403.964 326.565 77.3993 61.3595 53.2249 255.832 58.1469 197.685 3109.89 1703.41 1560.9 1406.48
internal_count=25453 3116 2651 2121 530 437 392 1642 396 1246 22337 10961 10208 11376
cat_boundaries=0 2 3 5
cat_threshold=545279232 37 1311746 538317836 37
is_linear=0
shrinkage=0.05


Tree=254
num_leaves=15
num_cat=2
split_feature=30 0 3 6 1 2 7 55 30 19 54 3 9 7
split_gain=6.97014 6.2812 7.5093 6.63285 6.10845 4.92586 4.38001 7.52849 7.57856 7.85659 7.66144 8.146 9.0196 12.4857
threshold=0 83.375000000000014 0.14142760183024994 14.500000000000002 0.31051221961834624 543.74592200189898 8.5000000000000018 64.500000000000014 1 94.675000000000011 97.500000000000014 1.4064089673921896 5.5000000000000009 4.5000000000000009
decision_type=9 10 10 8 8 2 2 8 9 10 8 10 2 2
left_child=1 2 3 -1 -5 6 7 -2 9 10 -9 12 -12 -14
right_child=5 -3 -4 4 -6 -7 -8 8 -10 -11 11 -13 13 -15
leaf_value=-0.019907171146062146 0.027658268424876831 -0.024676386819733945 0.028822174907242339 -0.01095599561551646 0.042953008501969529 -0.03130732242826606 -0.0010264313359419029 -0.046529582206663811 0.0060163148087817369 0.025774820338344131 0.00016470268092442822 -0.046937441955846773 -0.072761162949446734 0.01341989579810686
leaf_weight=19.370034096762538 29.5379872713238 8.9712543152272683 56.090136807411909 8.6097030043602008 11.26783954259008 11.696638375520704 2710.8426443226635 11.015018927864729 450.87272034864873 18.097364209592342 182.99379753693938 10.187716750428079 9.2477426044642907 6.6685266308486453
leaf_count=149 405 92 538 70 58 64 16378 105 5117 241 1847 83 73 88
internal_value=0.000184287 0.0122762 0.0172478 0.000401192 0.0201967 -0.000220727 -0.000106251 0.00336154 0.00228147 -0.00483274 -0.007673 -0.00541436 -0.00306349 -0.0379946
internal_weight=3545.47 104.309 95.3377 39.2476 19.8775 3441.16 3429.46 718.621 689.083 238.21 220.113 209.098 198.91 15.9163
internal_count=25308 907 815 277 128 24401 24337 7959 7554 2437 2196 2091 2008 161
cat_boundaries=0 1 3
cat_threshold=2148532740 1080327424 55
is_linear=0
shrinkage=0.05


Tree=255
num_leaves=15
num_cat=6
split_feature=11 30 34 29 28 30 29 28 56 14 7 30 56 27
split_gain=5.36865 14.466 16.4751 15.8995 15.6168 14.2496 13.0529 12.7791 10.7093 10.4917 18.2834 9.82379 13.4314 9.76748
threshold=6.0187025850258582 0 1 2 0.42601236916392388 3 4 0.24737209452960682 3.5000000000000004 11.255000000000003 12.500000000000002 5 1.0000000180025095e-35 0.25891219211253808
decision_type=2 9 1 9 10 9 9 10 2 8 2 9 2 8
left_child=1 7 6 4 5 -4 13 -1 -9 10 -5 -11 -13 -3
right_child=-2 2 3 9 -6 -7 -8 8 -10 11 -12 12 -14 -15
leaf_value=0.030088269787180818 0.0016477441232406885 0.0075244078549119749 -0.017524057394807356 0.011915713563617952 -0.018274091526530572 0.024785436319436492 0.0065211798407667377 -0.012334084311206287 0.024417718253596721 0.0010188989481466698 -0.035042074517214847 -0.014943529238630538 -0.037794311670307008 -0.018668786424440465
leaf_weight=60.478160122409463 2260.9106988292187 51.354127060621977 19.688906494528055 73.891887192614377 47.923668663017452 73.70506505202502 400.79748820792884 56.952336999587715 29.126041365787387 58.065201295539737 27.66372955031693 168.95543600525707 105.28154328837991 111.71149776130915
leaf_count=394 15484 338 145 873 376 535 2831 447 223 433 196 1388 900 771
internal_value=0.00018102 -0.00239771 -0.00430896 -0.0102931 0.00438309 0.016544 0.00172635 0.0118725 0.000239097 -0.0148323 -0.00109254 -0.0194604 -0.0229864 -0.00982533
internal_weight=3546.51 1285.6 1139.04 575.175 141.318 93.394 563.863 146.557 86.0784 433.858 101.556 332.302 274.237 163.066
internal_count=25334 9850 8786 4846 1056 680 3940 1064 670 3790 1069 2721 2288 1109
cat_boundaries=0 2 3 4 5 6 8
cat_threshold=4232001 32 2 3223842 1034 274436 1612721168 6
is_linear=0
shrinkage=0.05


Tree=256
num_leaves=15
num_cat=1
split_feature=0 4 26 9 25 19 29 56 3 11 8 26 15 25
split_gain=7.09066 8.67772 7.51161 10.5927 12.2404 11.0065 13.2361 11.9611 14.7476 11.7335 10.3228 12.8323 10.9178 8.53737
threshold=98.975000000000009 0.30415316421578364 8.5000000000000018 1.0000000180025095e-35 5.8021809828245017 4.4000000000000012 0 1.0000000180025095e-35 0.060203797638005679 6.6703478663268649 37.500000000000007 4.5000000000000009 4.4745359921094945 0.87985356896076439
decision_type=10 10 2 2 8 10 9 2 10 2 10 2 8 10
left_child=2 -2 3 5 10 6 -1 -7 -9 -10 -5 12 -12 -11
right_child=1 -3 -4 4 -6 7 -8 8 9 13 11 -13 -14 -15
leaf_value=-0.016371671883430527 -0.024881486780287679 0.021614998266860388 0.0015331698037485773 0.0083493558698670544 -0.034580653190926888 -0.023138166391224672 0.0013586304528069905 0.038775249004468687 -0.033263814621450352 0.035296596039862189 0.0058951541536685003 -0.054542087140330424 -0.030512665934894392 -0.013653815627930261
leaf_weight=127.28783326596022 54.923651153221726 11.41785025410354 2142.2118915375322 359.79625188838691 20.401536490768194 167.37161799520254 439.46437890082598 18.081182435154915 30.386313963681459 15.43477178364992 85.986628340557218 12.407369922846554 25.987160095945001 18.602376140654087
leaf_count=738 351 86 16227 2577 128 1091 2744 104 212 114 570 72 183 111
internal_value=-0.000607866 -0.016677 -0.000295339 -0.00325901 0.00243369 -0.00677509 -0.0029097 -0.0154958 9.93159e-05 -0.0111823 0.0040614 -0.00830999 -0.00274976 0.00891751
internal_weight=3529.76 66.3415 3463.42 1321.21 504.579 816.628 566.752 249.876 82.5046 64.4235 484.177 124.381 111.974 34.0371
internal_count=25308 437 24871 8644 3530 5114 3482 1632 541 437 3402 825 753 225
cat_boundaries=0 1
cat_threshold=1582081
is_linear=0
shrinkage=0.05


Tree=257
num_leaves=15
num_cat=0
split_feature=7 14 2 25 26 25 11 11 28 8 1 11 20 26
split_gain=6.17434 11.6228 8.1526 9.78128 15.2602 8.05518 14.687 9.43005 8.70804 7.77563 8.26795 6.37814 6.85395 6.31965
threshold=40.500000000000007 2.3799999999999994 193.51876266321077 1.0930348106329257 316.50000000000006 1.4849845307720051 7.2169994173177381 8.5527330333588534 0.23453878337799927 51.500000000000007 0.55907278165503504 8.1991398275110061 -8.2349999999999941 126.50000000000001
decision_type=2 10 2 10 2 10 2 2 10 10 10 2 10 2
left_child=-1 2 3 -2 5 6 -5 9 -9 10 11 12 13 -7
right_child=1 -3 -4 4 -6 7 -8 8 -10 -11 -12 -13 -14 -15
leaf_value=0.00060220691045825901 -0.013538661736535174 -0.050150567691033134 -0.030584792947117197 0.059527742425340195 0.055826370332256452 0.0091585281647920298 -0.015427775579525427 0.052225069377644977 0.00053002808175018907 0.021415943118592844 -0.042625212110144466 -0.049322198237522867 -0.048301002447106473 -0.039914751226127643
leaf_weight=3221.261641501449 113.40729944594204 13.612564869225023 26.456613291054964 13.739166408777239 12.719495348632334 51.916696103289716 11.140581801533697 11.56379885971546 23.228413451462984 15.123645175248383 21.678167838603258 7.2241890057921401 6.2759988456964555 6.4942740630358449
leaf_count=22937 969 169 148 84 80 390 58 69 130 77 116 40 90 55
internal_value=-6.99997e-05 -0.00652435 -0.0045241 -0.00208744 0.00511827 0.000980898 0.0266651 -0.00362574 0.0186909 -0.0108731 -0.0162622 -0.00783921 -0.00252609 0.00312244
internal_weight=3555.84 334.581 320.968 294.512 181.104 168.385 24.8797 143.505 34.7922 108.713 93.5893 71.9112 64.687 58.411
internal_count=25412 2475 2306 2158 1189 1109 142 967 199 768 691 575 535 445
is_linear=0
shrinkage=0.05


Tree=258
num_leaves=15
num_cat=3
split_feature=30 10 55 54 55 10 26 30 23 3 28 6 32 30
split_gain=5.58746 10.4095 10.1383 9.27457 9.06028 10.1468 12.9209 9.21315 9.74059 8.54796 12.6987 9.34808 8.58085 8.30499
threshold=0 37.500000000000007 10.500000000000002 94.500000000000014 1.0000000180025095e-35 10.500000000000002 225.50000000000003 1 -0.72472222222222205 0.00052166996583590528 0.42080098428280088 43.500000000000007 4.5000000000000009 2
decision_type=9 2 8 10 10 2 2 9 10 8 10 10 10 9
left_child=3 2 -2 4 5 -1 7 8 -7 10 11 -4 -11 -6
right_child=1 -3 9 -5 13 6 -8 -9 -10 12 -12 -13 -14 -15
leaf_value=0.00043638523342099062 0.022097200281002847 -0.029620843770993319 0.032852667040932218 0.029457654371973035 -0.020188828061155795 -0.016719700504844195 0.026084635002049411 0.013600366197585987 0.028104450048617242 -0.0027924366141181545 -0.015743517543859571 -0.02326356663589485 0.022265287325108594 0.0059339815207458974
leaf_weight=820.55015974584967 44.420846995897591 31.894931172952056 54.37467300798744 30.058893855661154 72.43998508900404 70.319325990974903 97.16679279319942 89.526257202960551 13.661546301096676 2120.4526929641142 25.650532424449921 7.8426655307412139 33.734072113409638 45.7363724373281
leaf_count=6503 320 217 382 175 537 427 840 612 88 14455 213 75 238 364
internal_value=-0.000240088 -0.00168605 -0.00129097 0.0024575 0.00178295 0.00320993 0.0115854 0.00336268 -0.00821621 -0.001764 0.0134348 0.025523 -0.00238989 -0.01131
internal_weight=3557.83 2318.37 2286.48 1239.46 1209.4 1091.22 270.674 173.507 83.9809 2242.05 87.8679 62.2173 2154.19 118.176
internal_count=25446 15900 15683 9546 9371 8470 1967 1127 515 15363 670 457 14693 901
cat_boundaries=0 1 2 3
cat_threshold=2213865229 8651776 2181350400
is_linear=0
shrinkage=0.05


Tree=259
num_leaves=15
num_cat=4
split_feature=8 24 24 6 11 30 30 54 19 30 29 24 0 0
split_gain=8.83831 7.0247 7.40071 5.75342 5.54695 15.1305 12.4658 13.713 12.0997 12.2644 11.6978 11.0824 9.89761 8.79969
threshold=-2.4999999999999996 0.41397153272526149 0.30251505886279345 45.500000000000007 6.0578371229795582 0 1 25.500000000000004 84.225000000000009 2 3 0.42604654984946894 75.010000000000005 46.010000000000012
decision_type=8 8 10 10 2 9 9 8 8 9 9 10 10 8
left_child=1 2 3 -1 5 11 -6 13 9 -7 -10 -2 -11 -8
right_child=4 -3 -4 -5 6 8 7 -9 10 12 -12 -13 -14 -15
leaf_value=0.038750232294528397 -0.00754031392788639 0.054843392306681185 -0.019093735068857476 0.002025692614336356 0.0053187216865722723 0.0068824173749649073 -0.0019109819923406532 -0.0008489899070855451 -0.016812386072883156 -0.014714505111128168 0.004461020384222125 -0.030006303614464616 -0.064346708545680628 -0.033986085511197826
leaf_weight=21.232803197577596 200.29810299072415 9.7733152201399189 14.760128303430973 20.720535352826118 933.34913238231093 73.375855315476656 35.744591498747468 1131.6658128751442 60.120275491848588 156.07706728857011 737.05494063813239 75.1839620154351 9.8810511231422407 52.688746004365385
leaf_count=128 1574 56 108 89 6569 582 272 7562 432 1205 5610 624 86 372
internal_value=-0.000207067 0.0177139 0.010476 0.0210816 -0.000555903 -0.00311748 0.00100546 -0.00232029 -0.00027625 -0.0101141 0.00268285 -0.0132778 -0.017018 -0.0211877
internal_weight=3531.93 66.4868 56.7135 41.9533 3465.44 1311.99 2153.45 1220.1 1036.51 239.334 797.175 275.482 165.958 88.4333
internal_count=25269 381 325 217 24888 10113 14775 8206 7915 1873 6042 2198 1291 644
cat_boundaries=0 2 4 6 7
cat_threshold=1077103638 17 3233628182 17 2696945921 40 8192
is_linear=0
shrinkage=0.05


Tree=260
num_leaves=15
num_cat=2
split_feature=8 11 54 30 11 27 24 14 54 10 10 11 10 30
split_gain=6.00816 13.3454 5.34419 7.22733 8.52861 5.2976 5.56799 5.2226 5.01969 5.99659 6.97588 9.30772 6.29106 25.057
threshold=-2.4999999999999996 6.0272295577074333 79.500000000000014 0 7.4031037469297329 0.23888068828865691 0.32514478764478771 1.2249999999999992 67.500000000000014 61.500000000000007 37.500000000000007 7.0194619425228657 13.500000000000002 1
decision_type=8 2 10 9 2 8 8 10 10 2 2 2 2 9
left_child=1 -1 8 4 -4 -3 -7 -5 9 10 12 -12 -2 -14
right_child=2 5 3 7 -6 6 -8 -9 -10 -11 11 -13 13 -15
leaf_value=0.046313466554063432 -0.0015527084839044537 0.023469298306929419 0.054776433577152006 0.0044213079355713064 0.0061562735875800171 -0.030000655613688178 0.013893841885883017 -0.037311270892518476 -0.035598259397663062 0.033138799107991286 -0.00036015118614867293 -0.051271728410987531 0.016121375039609823 -0.0051402479353286094
leaf_weight=21.174018457531929 2809.8770329225808 13.333402592688797 18.375020802021027 36.79239422082901 17.407893465831876 17.971238543279473 10.909146052785216 8.3655802588909847 9.3395672235637885 12.037977673113344 20.605062827467918 14.928123863413928 236.6831032326445 307.88398696482182
leaf_count=126 20545 74 92 240 95 86 86 59 71 89 166 88 1631 1991
internal_value=-0.00023031 0.0149044 -0.000509206 0.0121096 0.0251079 -0.00155716 -0.0135101 -0.00324709 -0.000812071 -0.00070614 -0.000836062 -0.022567 -0.000599212 0.0043145
internal_weight=3555.68 63.3878 3492.3 80.9409 35.7829 42.2138 28.8804 45.158 3411.35 3402.02 3389.98 35.5332 3354.44 544.567
internal_count=25439 372 25067 486 187 246 172 299 24581 24510 24421 254 24167 3622
cat_boundaries=0 2 4
cat_threshold=41976832 1 13468744 15
is_linear=0
shrinkage=0.05


Tree=261
num_leaves=15
num_cat=2
split_feature=14 15 28 24 30 25 27 25 0 28 30 25 6 3
split_gain=4.25978 4.34478 4.07966 7.4633 21.1665 13.7444 6.97489 7.26279 6.72511 5.95761 8.42998 8.96317 12.3014 10.586
threshold=-10.687499999999998 32.67286136663251 0.20471312854381077 0.10258699345898421 0 0.3900744266968344 0.3297042345328744 3.206606083757062 7.995000000000001 0.14497885086224716 1 0.1328619401556361 34.500000000000007 0.077602480175373481
decision_type=8 10 8 8 9 10 10 10 8 10 9 10 8 10
left_child=-1 2 6 4 -4 -6 9 -8 -7 10 -2 12 -12 -13
right_child=1 -3 3 -5 5 8 7 -9 -10 -11 11 13 -14 -15
leaf_value=-0.031890840895463457 0.014518278210622917 0.026697604170306612 -0.035861037318192492 -0.00076359351577953314 -0.027971163252651511 -0.0044575401365866832 0.0086020274774859812 0.069611305019245104 0.044324656694279436 0.0075853504151644066 0.046254790564272008 0.0032522526584520973 -0.01784695073617867 -0.031302908619771086
leaf_weight=9.807579327374695 34.16641802713275 13.67540336307138 42.702073799446225 3009.0674861175939 14.319560240022836 9.9514209292829054 13.311994260177018 7.020391169935464 22.000594258308411 236.08651048783213 13.25069230981171 34.350083889439702 14.936132449656727 60.593230805359781
leaf_count=62 186 125 368 21500 178 76 98 42 164 1616 81 241 131 412
internal_value=-0.000547971 -0.000451758 -0.000565053 -0.00118814 -0.0153783 0.00946667 0.00409248 0.0319431 0.0294573 0.00257565 -0.00494382 -0.0107234 0.0128397 -0.0188974
internal_weight=3535.24 3525.43 3511.76 3098.04 88.9736 46.2716 413.715 20.3324 31.952 393.383 157.297 123.13 28.1868 94.9433
internal_count=25280 25218 25093 22286 786 418 2807 140 240 2667 1051 865 212 653
cat_boundaries=0 2 4
cat_threshold=1086865736 12 1082130442 3
is_linear=0
shrinkage=0.05


Tree=262
num_leaves=15
num_cat=2
split_feature=2 30 3 55 56 28 2 8 11 11 1 2 30 3
split_gain=5.68343 15.4971 9.04802 9.00089 9.8105 8.64799 9.61564 7.99452 7.45244 13.5389 10.7878 11.9048 14.7285 13.012
threshold=70.841452578701151 0 0.38132686072100624 16.500000000000004 3.5000000000000004 0.41603875999769124 92.878285300490134 -2.4999999999999996 7.8066145571806018 7.7443744258388696 0.16760299625468167 0.75175821950798094 1 0.16593128802154031
decision_type=2 9 8 8 2 8 2 8 2 2 8 2 9 10
left_child=7 2 -2 -3 -5 6 -6 -1 9 -9 -10 -12 -13 -14
right_child=1 3 -4 4 5 -7 -8 8 10 -11 11 12 13 -15
leaf_value=0.018442001055719606 0.027456336363770706 0.032884650265570303 -0.0015507648051272507 -0.010211818932666174 -0.0024742994602145198 0.0054115507300182353 -0.058975370257258956 -0.000329594807852664 -0.023446285805321057 -0.03092927224026757 0.012832015811337189 0.016727998643227781 -0.057644399791406134 -0.0083164647638856188
leaf_weight=60.873066206462681 41.288772955536842 8.6991764605045301 73.525293495506048 153.95108010992408 9.9853325523436052 10.158676024526356 30.793328300118446 2630.0109753878787 28.429557366296649 35.652738874778152 331.67031440790743 43.700539341196418 15.521272920072077 72.648802114650607
leaf_count=364 225 48 431 838 61 78 169 19997 206 251 1926 282 73 451
internal_value=2.69755e-06 -0.00625277 0.00831007 -0.0138262 -0.0166311 -0.0354623 -0.0455305 0.000642721 0.000293855 -0.000750305 0.00594151 0.0077905 -0.00489067 -0.0157795
internal_weight=3546.91 328.402 114.814 213.588 204.888 50.9373 40.7787 3218.51 3157.63 2665.66 491.97 463.541 131.871 88.1701
internal_count=25400 1850 656 1194 1146 308 230 23550 23186 20248 2938 2732 806 524
cat_boundaries=0 2 4
cat_threshold=26478678 5 1109496834 17
is_linear=0
shrinkage=0.05


Tree=263
num_leaves=15
num_cat=3
split_feature=2 24 30 23 29 24 11 25 6 30 28 25 1 3
split_gain=4.65836 4.56017 16.394 11.6529 11.0569 10.8813 10.3316 11.5437 10.2278 9.65917 10.8405 14.0703 11.8967 9.14192
threshold=543.74592200189898 0.42604654984946894 0 8.5181250000000031 1 0.48957563587758718 5.9764777967494469 0.50272655615572071 -13.499999999999998 2 0.34411215978811399 2.712259394520649 0.21964620745108551 0.0028128563501210453
decision_type=2 8 9 10 9 8 2 10 8 9 8 10 8 8
left_child=1 3 6 9 5 -4 -3 -8 -9 10 12 -12 -1 -14
right_child=-2 2 4 -5 -6 -7 7 8 -10 -11 11 -13 13 -15
leaf_value=-0.039333032529922769 -0.030192041514429693 -0.02320445985211237 -0.00040655751925529853 -0.038885359295952639 -0.0087499336060205962 0.017025576367101367 0.010831433262278574 0.0092326391893220294 -0.020851234754197964 0.0004578379165722158 0.017178322239430444 -0.015103227897352488 0.033082660207786642 0.001481423010423396
leaf_weight=15.960632521659134 10.934644833207129 111.0900265686214 177.49523387663066 16.253906339406967 122.13250094279647 179.51788200996816 78.10729412920773 37.747912760823965 105.85151435248554 1953.6523240776733 309.07851956598461 37.104018751531839 23.397079989314079 371.58930386975408
leaf_count=246 61 900 1517 292 915 1630 775 293 722 13001 2424 226 136 2316
internal_value=0.00099493 0.00109979 -0.00218765 0.00207903 0.00374573 0.0081542 -0.0105131 -0.00455036 -0.0129339 0.0023389 0.00708618 0.0136848 0.00167975 0.00343214
internal_weight=3549.91 3538.98 811.942 2727.04 479.146 357.013 332.797 221.707 143.599 2710.78 757.13 346.183 410.947 394.986
internal_count=25454 25393 6752 18641 4062 3147 2690 1790 1015 18349 5348 2650 2698 2452
cat_boundaries=0 2 3 5
cat_threshold=3244582935 27 1351952 3227895894 24
is_linear=0
shrinkage=0.05


Tree=264
num_leaves=15
num_cat=2
split_feature=30 10 9 6 11 30 5 24 24 56 11 10 23 23
split_gain=5.42543 14.7662 16.418 15.4247 13.1944 15.4581 14.7316 9.55455 7.88343 7.64654 9.46157 7.59176 8.66752 8.96946
threshold=0 13.500000000000002 1.5000000000000002 -132.49999999999997 7.5038021740752923 1 0.31254101006594942 0.30038672615224554 0.13806075982337307 21.500000000000004 7.9995913235641476 13.500000000000002 -1.4413194444444442 0.50541666666666685
decision_type=9 2 2 10 2 9 10 10 10 2 2 2 8 10
left_child=1 9 4 -4 5 8 -7 -6 -3 -1 -11 12 -2 -14
right_child=11 2 3 -5 7 6 -8 -9 -10 10 -12 -13 13 -15
leaf_value=-0.0050008025681413043 -0.045644214353628976 0.00064059432023696366 0.04652790841506637 -0.020316371249305593 0.054768265198776783 -0.016267205155781981 0.030736981327122739 0.012836775734827721 0.04785492799874555 0.035708894539398156 -0.018400898478174353 -0.0044120256571314074 0.0046843641950512147 -0.01003467884223362
leaf_weight=1118.3735109884292 7.9262727349996567 12.180651750415562 9.016731655225156 62.888763760216534 31.102784402668476 70.370941328816116 20.770574815571308 24.907226448878646 31.514043914154172 23.882857538759708 11.211142305284737 362.98901107162237 1652.2528248596936 109.48843874782324
leaf_count=8337 52 102 45 388 165 471 213 158 236 118 66 2418 11586 1040
internal_value=0.00056899 -0.00182349 0.00883939 -0.0114111 0.0164889 0.00789596 -0.00481532 0.0366739 0.0286024 -0.00427376 0.0183921 0.0021563 0.00351748 0.00376443
internal_weight=3548.88 1416.22 262.752 71.9055 190.846 134.836 91.1415 56.01 43.6947 1153.47 35.094 2132.66 1769.67 1761.74
internal_count=25395 10299 1778 433 1345 1022 684 323 338 8521 184 15096 12678 12626
cat_boundaries=0 2 4
cat_threshold=13213000 23 4228160 2
is_linear=0
shrinkage=0.05


Tree=265
num_leaves=15
num_cat=2
split_feature=7 0 5 26 30 54 26 30 21 25 24 28 26 24
split_gain=6.24419 10.0773 12.6796 12.2932 12.374 13.2339 11.0813 8.25665 10.3936 10.1538 8.18594 9.63589 7.5693 11.1023
threshold=7.5000000000000009 74.40000000000002 0.42859571428571436 355.50000000000006 0 52.500000000000007 203.50000000000003 1 4.1844771790928208 9.1110022820024827 0.55360631156396878 0.70433300403388943 494.50000000000006 0.27882078635592628
decision_type=2 10 8 2 9 8 2 9 8 10 10 10 2 10
left_child=7 -2 -3 4 5 -4 -6 8 -1 10 -9 -12 13 -10
right_child=1 2 3 -5 6 -7 -8 9 12 -11 11 -13 -14 -15
leaf_value=0.028585709016140905 0.00021162719723064689 0.010897034072695074 0.0050340494224461844 -0.045699950187670008 -0.0036037846604808858 -0.050874158076537147 0.054043318007037634 0.015012006966904938 0.0069761806967072659 -0.047964309986685487 -0.025294170196597156 0.037159549287201152 0.0080823540790926802 -0.017668496790325849
leaf_weight=26.434724948368967 2776.8820678014308 41.939088926650584 16.285112014040351 34.268700970336795 30.722723981365561 28.376480607315898 10.384623760357497 275.51284062489867 69.527294353581965 6.2095076814293853 25.768625845201313 7.0806799959391347 93.566003074869514 129.90924422349781
leaf_count=294 17616 339 129 287 220 194 77 3430 488 35 287 117 1049 1072
internal_value=0.000473844 -0.000497487 -0.012581 -0.0208061 -0.0104478 -0.0252865 0.00961363 0.00497 -0.000824367 0.0105304 0.0121999 -0.0111322 -0.00359399 -0.00908496
internal_weight=3572.87 2938.86 161.977 120.038 85.7689 44.6616 41.1073 634.009 319.437 314.572 308.362 32.8493 293.003 199.437
internal_count=25634 18862 1246 907 620 323 297 6772 2903 3869 3834 404 2609 1560
cat_boundaries=0 2 4
cat_threshold=1116241988 32 2173293317 39
is_linear=0
shrinkage=0.05


Tree=266
num_leaves=15
num_cat=1
split_feature=2 8 0 2 2 26 9 0 18 31 28 30 27 24
split_gain=4.08104 9.95327 8.79597 8.46997 9.75192 8.44438 6.17017 5.95575 5.795 6.75947 11.3354 4.93322 10.0442 12.4712
threshold=-8.92879973205679 -1.0000000180025095e-35 82.015000000000015 -2.3395669833119244 -0.0017448529702202007 23.500000000000004 1.0000000180025095e-35 20.015000000000004 1.4887500000000005 1.5000000000000002 0.22101041662328022 0 0.40487074999278588 0.42604654984946894
decision_type=2 8 10 2 2 2 2 10 10 2 8 9 10 10
left_child=1 -1 8 5 -5 6 -2 -7 9 -3 -11 12 -6 -14
right_child=3 2 -4 4 11 7 -8 -9 -10 10 -12 -13 13 -15
leaf_value=-0.045342865615461338 -0.063603140635410491 0.047062255496561851 -0.029587302252581046 0.026751965767242581 -0.008430733049910032 -0.021712524861525005 -0.0094167203326978345 0.028766882238564207 -0.016988969392515187 -0.045462712547274575 0.02567389537528968 0.00076210873588343682 0.014958786909579181 -0.0045313896282074472
leaf_weight=6.2587165292352438 13.143474867567422 24.532590689137578 8.4617468398064357 32.582257978618145 475.1249439669773 12.329053252935411 8.9932240229099971 9.4042941052466613 7.6873764172196379 5.9275132641196242 29.089146267622709 2558.4457120522857 129.71273342333734 219.72360541112721
leaf_count=47 70 174 87 234 3312 81 70 86 55 42 279 17894 1020 1974
internal_value=-8.00698e-05 0.0108793 0.0160583 -0.000342774 -5.92329e-05 -0.0219251 -0.0429479 0.000435119 0.0221522 0.0274022 0.0127042 -0.000325285 -0.00366097 0.00272551
internal_weight=3541.42 81.9571 75.6984 3459.46 3415.59 43.87 22.1367 21.7333 67.2366 59.5493 35.0167 3383.01 824.561 349.436
internal_count=25425 684 637 24741 24434 307 140 167 550 495 321 24200 6306 2994
cat_boundaries=0 2
cat_threshold=539147336 13
is_linear=0
shrinkage=0.05


Tree=267
num_leaves=15
num_cat=1
split_feature=11 25 8 25 30 28 27 19 7 8 10 3 19 11
split_gain=5.35565 4.47605 4.10875 12.3743 3.95091 11.9566 11.1044 11.1028 11.6061 15.6057 9.8604 9.12273 8.1906 9.45069
threshold=10.461220044647936 16.786585894359561 143.50000000000003 2.877413351607979 0 0.45572749052738132 0.27918718207335885 8.7500000000000018 15.500000000000002 53.500000000000007 7.5000000000000009 0.1225484457902873 38.460000000000008 6.4102077756209939
decision_type=2 10 10 10 9 8 10 8 2 10 2 10 8 2
left_child=1 2 4 -4 5 6 -1 -8 10 12 -9 -12 13 -10
right_child=-2 -3 3 -5 -6 -7 7 8 9 -11 11 -13 -14 -15
leaf_value=0.0039737322198595756 -0.03294221045201412 -0.029320223362923295 -0.051554578258276154 0.018938567504163395 0.00057696286444981401 0.0083243967384152 0.026161180335582582 0.0028840101786310845 -0.046073415619798372 0.012349314102728777 0.022693278935838775 -0.035775032028426398 -0.050613329248830864 0.025146268373600733
leaf_weight=103.76179574150592 11.636158213019369 12.267114192247389 13.013611048460008 10.470977548509834 3040.5729994466528 130.31763978861272 13.932886434718965 74.482900345697999 8.1445555500686186 15.758279375731943 7.2939300350844851 38.991509543731809 57.163963343948126 8.5749996639788133
leaf_count=622 62 82 81 63 21977 1018 92 597 55 72 42 277 334 53
internal_value=-0.000448779 -0.000332526 -0.000223283 -0.0206343 -8.04315e-05 -0.00435035 -0.00952673 -0.0157608 -0.0186474 -0.0321867 -0.00841588 -0.0262762 -0.0417237 -0.010189
internal_weight=3546.38 3534.75 3522.48 23.4846 3499 458.422 328.105 224.343 210.41 89.6418 120.768 46.2854 73.8835 16.7196
internal_count=25427 25365 25283 144 25139 3162 2144 1522 1430 514 916 319 442 108
cat_boundaries=0 1
cat_threshold=2136338
is_linear=0
shrinkage=0.05


Tree=268
num_leaves=15
num_cat=2
split_feature=30 17 8 1 25 11 0 25 11 1 3 20 29 3
split_gain=5.61088 8.82849 10.6234 9.23302 8.58579 7.08543 8.1298 8.02665 8.30414 7.24871 13.0433 11.565 10.0153 10.92
threshold=0 1.0000000180025095e-35 71.500000000000014 0.3551971326164875 0.94349428596035423 5.2909400078189917 98.010000000000005 -0.22816191850774922 5.5175934389596604 0.90644195331695343 0.23050524000485326 -22.699999999999992 1 0.93442646486654835
decision_type=9 2 8 8 10 2 10 10 2 10 8 8 9 10
left_child=1 3 -3 4 -1 -5 7 -7 -9 -10 -11 -12 13 -13
right_child=-2 2 -4 5 -6 6 -8 8 9 10 11 12 -14 -15
leaf_value=-0.033813792146168573 -0.0011032911259742653 -0.0014160765625742372 -0.037908739389094871 0.025186891558592037 0.00085603987347456899 -0.022714529218590962 -0.029904634517480058 -0.0091269639814001418 0.01637862380520607 -0.016869436639188596 0.030333182190440334 -0.019390544008871823 0.012001801474411126 0.040404112977807265
leaf_weight=25.548018105328083 2636.4466947522014 95.213785904459655 24.255456782877445 50.658141628839076 54.404992613941431 21.299491785466671 14.500417578965424 63.451181686483324 238.30937724281102 56.037116304039955 52.131780067458749 60.649440672248602 121.22680989000946 7.7676865831017485
leaf_count=266 18517 777 180 405 406 185 100 587 1547 334 358 432 1143 53
internal_value=5.4733e-05 0.00347338 -0.00907824 0.0054856 -0.0105031 0.00736157 0.00590302 0.00678605 0.00787011 0.009895 0.00466937 0.0097104 0.00391198 -0.0105917
internal_weight=3521.9 885.454 119.469 765.984 79.953 686.031 635.373 620.873 599.573 536.122 297.813 241.776 189.644 68.4171
internal_count=25290 6773 957 5816 672 5144 4739 4639 4454 3867 2320 1986 1628 485
cat_boundaries=0 2 3
cat_threshold=2188772619 48 2446465
is_linear=0
shrinkage=0.05


Tree=269
num_leaves=15
num_cat=2
split_feature=24 23 30 26 7 2 26 30 1 12 25 25 24 5
split_gain=4.3751 8.71935 8.46334 8.74786 12.6708 11.9488 9.74724 9.71446 9.28602 8.4795 8.40239 8.47795 8.82095 8.33377
threshold=0.39102137651036545 21.487708333333334 0 50.500000000000007 11.500000000000002 29.256524805688112 70.500000000000014 1 0.85201288244766515 1.0000000180025095e-35 0.69602500437255854 0.96299690639229574 0.42029071298370241 0.1534057971014493
decision_type=8 10 9 2 2 2 2 9 8 2 10 10 10 8
left_child=1 -1 3 7 -5 6 -6 8 -2 13 -11 -12 -13 -8
right_child=2 -3 -4 4 5 -7 9 -9 -10 10 11 12 -14 -15
leaf_value=0.0014830454945786707 0.016161815631248373 -0.041227311755338808 -0.0054353354330376408 0.018563275567676986 0.041151844871948506 0.045014665796177883 0.0093938029979099939 0.012943245628526757 -0.026879699596201873 0.017679871898429272 -0.051315455158874868 0.028408470265683185 -0.017018016415614692 -0.039622917917983447
leaf_weight=2322.7947717756033 14.767193730920551 11.01237437315285 791.03473503142595 142.86538529489189 9.3373591974377614 11.550477024167774 11.238222897052763 31.821937309578061 64.804355593398213 36.834426544606686 10.358899112790821 14.374839853495358 34.099293582141399 32.604973895475268
leaf_count=15343 97 216 6490 1594 55 65 65 246 456 245 59 82 195 199
internal_value=5.33763e-07 0.00126394 -0.00244401 0.0033129 0.0077889 -0.00186328 -0.00577709 -0.00853893 -0.0167158 -0.00918854 -0.000770931 -0.0124251 -0.00324502 -0.0271293
internal_weight=3539.5 2333.81 1205.69 414.657 303.264 160.398 148.848 111.393 79.5715 139.511 95.6675 58.833 48.4741 43.8432
internal_count=25407 15559 9848 3358 2559 965 900 799 553 845 581 336 277 264
cat_boundaries=0 2 4
cat_threshold=3273364032 39 34177088 33
is_linear=0
shrinkage=0.05


Tree=270
num_leaves=15
num_cat=3
split_feature=30 3 11 27 26 6 24 24 2 15 29 30 6 27
split_gain=6.04907 8.52403 14.1511 10.9883 10.2218 8.7796 8.77647 8.6175 8.50357 8.36682 10.4589 12.5579 18.2594 13.6816
threshold=0 0.0028128563501210453 5.7781630017732537 0.074052717324666784 61.500000000000007 35.500000000000007 0.39116397497453809 0.51864413685593724 279.31411965083652 1.0000000180025095e-35 1 2 5.5000000000000009 0.61041500330893184
decision_type=9 10 2 10 2 8 10 10 2 8 9 9 8 10
left_child=1 2 -1 -4 -5 6 -6 -8 -2 -3 -11 -12 13 -13
right_child=8 9 3 4 5 -7 7 -9 -10 10 11 12 -14 -15
leaf_value=-0.024526829583680725 0.00165911038812283 -0.015208242518406074 -0.033607581820096287 -0.0055859491697588881 0.044669756062945938 0.078053569731628636 -0.023985378500332333 0.038497300827142859 -0.020542684520874648 0.0091054386188286277 -0.00074906206475373915 0.006886591516048618 -0.030794123860970642 -0.038541291553202503
leaf_weight=22.251522534526885 2364.209159694612 156.50492259673774 7.9157970501109949 19.541107390075922 26.507089717779309 9.4769676849246007 12.525388341397049 8.3230060525238496 42.93293771147728 146.52605587523431 505.04360648989677 89.384584197774529 102.79382893629372 19.297399559989572
leaf_count=204 17027 1089 60 130 136 85 89 78 246 1053 3693 687 686 121
internal_value=-0.000165719 -0.00317242 0.0101946 0.0195408 0.0254125 0.0359832 0.0261239 0.00157902 0.00124957 -0.00460895 -0.00267149 -0.00514438 -0.0150852 -0.00145736
internal_weight=3533.23 1126.09 106.541 84.2894 76.3736 56.8325 47.3555 20.8484 2407.14 1019.55 863.045 716.519 211.476 108.682
internal_count=25384 8111 782 578 518 388 303 167 17273 7329 6240 5187 1494 808
cat_boundaries=0 2 3 5
cat_threshold=1615510019 31 1376279 4761601 25
is_linear=0
shrinkage=0.05


Tree=271
num_leaves=15
num_cat=2
split_feature=26 10 20 24 30 2 30 2 25 33 3 8 25 3
split_gain=4.58418 11.2028 9.88816 9.38684 16.8782 15.6698 13.2671 11.6682 10.3063 10.2544 11.9696 18.5229 19.0561 13.7165
threshold=52.500000000000007 37.500000000000007 -84.824999999999989 0.30251505886279345 0 9.3821539722729579 1 70.841452578701151 2.8063951133767246 0.90000000000000013 0.16232684881844098 1.0000000180025095e-35 0.30429566506667521 0.27907204397351848
decision_type=2 2 8 10 9 2 9 2 10 2 8 10 10 10
left_child=1 2 -1 4 5 -4 8 -7 -5 -8 -11 12 -12 -14
right_child=-2 -3 3 6 -6 7 9 -9 -10 10 11 -13 13 -15
leaf_value=-0.039786506688021465 0.0024040918606319903 -0.039892942759840934 -0.029077033152772026 -0.013637415446181822 0.006328267510211036 0.059272197789302795 0.0088110319567522005 -0.010855297250649702 -0.053886828736422199 0.0040535777725118636 0.032377560576516411 -0.00044248176444972763 -0.011856029236939776 -0.041657631889648036
leaf_weight=15.10363815538585 1766.0271818134934 17.507891897112131 68.304204151034355 98.279582697898149 688.92919214908034 9.0135106723755616 188.90911902021617 13.937611825764177 18.299461372196674 254.7087496817112 13.80336001049727 226.3715640977025 76.101898238062859 79.753506515175104
leaf_count=105 13824 108 480 647 4126 53 1403 74 104 1488 109 1886 448 548
internal_value=0.000602677 -0.00119603 -0.000786678 -0.000424745 0.00364261 -0.0154886 -0.00374363 0.0180105 -0.0187641 -0.00139847 -0.00439271 -0.0098215 -0.0222598 -0.0272743
internal_weight=3535.05 1769.02 1751.52 1736.41 780.185 91.2553 956.227 22.9511 116.579 839.648 650.739 396.03 169.659 155.855
internal_count=25403 11579 11471 11366 4733 607 6633 127 751 5882 4479 2991 1105 996
cat_boundaries=0 2 4
cat_threshold=1652576256 16 5800192 8
is_linear=0
shrinkage=0.05


Tree=272
num_leaves=15
num_cat=2
split_feature=7 24 23 30 4 26 30 23 13 1 11 0 3 3
split_gain=5.14838 8.81632 15.12 15.2555 11.1055 11 9.75423 12.0744 11.8517 12.4452 9.30378 7.83028 8.41222 7.67804
threshold=10.500000000000002 0.29536845341260071 4.8231250000000001 0 1.6633685952981205 149.50000000000003 1 4.7981250000000006 6.4525000000000015 1.2415229885057475 5.1434455725900881 90.310000000000016 0.48496722032305467 0.24597989347599705
decision_type=2 10 10 9 10 2 9 10 8 8 2 8 8 10
left_child=1 2 3 4 5 13 7 8 9 -3 -10 -8 -13 -1
right_child=-2 6 -4 -5 -6 -7 11 -9 10 -11 -12 12 -14 -15
leaf_value=-0.034701517581748685 -0.00097844011378308486 -0.078922437243844595 -0.047679512438536104 0.022938407439634823 -0.046643483049297246 0.044343804142688258 0.015407090360695506 0.036016694932330937 0.048757557981919809 -0.019443866126795023 -0.007284587555403739 0.013503046176242451 -0.0047100572767677911 0.007961026851654741
leaf_weight=15.943890998139976 2701.118869443424 10.186007663607596 9.1891333367675525 146.0917959427461 12.654937319457529 11.848106492310761 120.53993495088071 12.726848798803983 6.9347057165577999 46.834959576837718 111.02606866694987 87.365625852718949 223.39879683032632 27.1883449787274
leaf_count=113 16060 98 140 1483 97 138 1706 178 66 486 1204 1005 2454 199
internal_value=8.5819e-05 0.00349734 0.0119995 0.0147754 -0.00547783 0.00368278 0.000421178 -0.00879537 -0.0127406 -0.031246 -0.0036078 0.00454178 0.000437105 -0.00823821
internal_weight=3543.05 841.929 222.916 213.727 67.6353 54.9803 619.013 187.709 174.982 57.021 117.961 431.304 310.764 43.1322
internal_count=25427 9367 2170 2030 547 450 7197 2032 1854 584 1270 5165 3459 312
cat_boundaries=0 2 4
cat_threshold=3229631490 36 2164365581 27
is_linear=0
shrinkage=0.05


Tree=273
num_leaves=15
num_cat=1
split_feature=5 8 10 19 12 29 7 0 7 0 27 25 7 15
split_gain=4.9163 9.30487 9.45505 11.57 6.33219 10.0621 6.61558 11.778 6.34206 9.14575 6.06652 5.82213 5.37125 9.62343
threshold=0.80020000000000013 -1.4999999999999998 13.500000000000002 34.085000000000008 1.5000000000000002 0 17.500000000000004 74.00500000000001 6.5000000000000009 68.805000000000021 0.31772691997031638 1.3404948392878386 13.500000000000002 5.3705192918609841
decision_type=10 10 2 10 2 9 2 10 2 10 8 8 2 10
left_child=12 -2 4 11 8 -6 7 -7 -3 10 -10 -4 -1 -14
right_child=1 2 3 -5 5 6 -8 -9 9 -11 -12 -13 13 -15
leaf_value=0.0030562419618289133 0.047722048976801872 0.0026832193164546634 0.075469145091445589 -0.014861622143967808 0.022274924103814816 0.041521497614945585 -0.060823541957481644 -0.039188253275172967 -0.048755719644390405 -0.066125790034288978 -0.0023978526942670256 0.00048645802833592724 0.00019727943261541817 -0.008742209443507459
leaf_weight=1102.5433364044875 5.7224040143191806 11.639854079112409 6.9262230563908833 14.648837393149732 13.419845126569269 6.4782896265387597 8.2870783284306508 10.483846535906194 10.421364929527046 17.400521228089929 18.759144444018602 3.863828981295228 1943.7514336965978 355.21874338760972
leaf_count=11447 43 115 85 106 131 40 57 96 141 128 166 47 10987 1794
internal_value=-0.00017462 -0.00975367 -0.0128075 0.0139183 -0.0198949 -0.00404459 -0.019432 -0.00776757 -0.0301763 -0.0382712 -0.0200207 0.0509371 0.000188748 -0.00118718
internal_weight=3529.56 128.051 122.329 25.4389 96.8899 38.6691 25.2492 16.9621 58.2209 46.581 29.1805 10.7901 3401.51 2298.97
internal_count=25383 1155 1112 238 874 324 193 136 550 435 307 132 24228 12781
cat_boundaries=0 1
cat_threshold=16390
is_linear=0
shrinkage=0.05


Tree=274
num_leaves=15
num_cat=1
split_feature=3 30 26 8 3 5 27 8 11 8 8 5 15 27
split_gain=5.77278 20.8908 12.9033 21.3897 11.5377 10.4083 9.10245 9.10016 12.2654 9.00283 14.6752 7.57155 7.55077 8.50218
threshold=0.86596534901175892 0 1152.5000000000002 31.500000000000004 0.82891030945820232 0.64005000000000012 0.272988748388382 30.500000000000004 6.1420589105012331 15.500000000000002 21.500000000000004 0.33338181818181828 -6.0575958868912361 0.34493624356483726
decision_type=10 9 2 8 10 10 10 10 2 10 10 8 10 10
left_child=4 2 9 -4 -1 -6 7 -3 -9 -2 -11 -12 -8 -14
right_child=1 6 3 -5 5 -7 12 8 -10 10 11 -13 13 -15
leaf_value=-0.00012649055639533087 0.022277439447014057 0.044865532102848958 -0.093462790233979895 0.0013059771552220098 -0.013415688176397059 -0.073660743898361317 -0.027688213102008918 -0.027018000519069132 0.035756769003056195 -0.074899678237482337 -0.043739532140547085 0.004455488813367027 -0.01331077894089956 0.016864622990492278
leaf_weight=3134.7508546062745 23.697602598927915 40.649040614254773 10.639326972886918 12.13405253365636 59.374286866746843 7.289813667535781 12.460627082735298 12.973633233457806 16.645239539444447 7.395858258008956 8.8439979245886189 46.552315711043775 27.747930524870753 127.29962664376944
leaf_count=21786 168 278 74 134 488 58 97 100 123 51 86 408 214 1358
internal_value=9.72231e-05 0.00621289 -0.0113754 -0.0450374 -0.000567459 -0.0209948 0.014191 0.029775 0.00827585 -0.00339869 -0.0132861 -0.00387797 0.00835785 0.0114136
internal_weight=3548.45 347.039 109.263 22.7734 3201.41 66.6641 237.776 70.2679 29.6189 86.4898 62.7922 55.3963 167.508 155.048
internal_count=25423 3091 921 208 22332 546 2170 501 223 713 545 494 1669 1572
cat_boundaries=0 2
cat_threshold=2688115976 22
is_linear=0
shrinkage=0.05


Tree=275
num_leaves=15
num_cat=0
split_feature=27 24 3 8 8 7 3 24 0 7 8 11 14 24
split_gain=5.14305 10.1258 15.6639 8.36206 4.82968 6.91168 7.43493 6.85609 4.9666 11.6708 4.86755 5.65211 4.64101 4.43815
threshold=0.77358177919568583 0.6863127897476321 0.13098709469523676 24.500000000000004 -2.4999999999999996 13.500000000000002 0.18826275496627587 0.22410211322801654 99.995000000000019 -12.499999999999998 -1.0000000180025095e-35 7.2424115620066027 -10.687499999999998 1.0000000180025095e-35
decision_type=10 10 10 8 8 2 10 10 10 2 8 2 8 10
left_child=1 4 -3 -2 5 -1 7 -7 10 -10 11 -6 -12 -14
right_child=3 2 -4 -5 8 6 -8 -9 9 -11 12 -13 13 -15
leaf_value=0.049721227613577376 0.048046738120296147 -0.08209028744574208 0.0038712918523053363 -0.021630797726256836 -0.043494782214412622 0.048558878792957005 -0.022799620905099054 0.0038552822284464217 0.016266003704723794 -0.043473028812849056 -0.032911187157939274 0.0067939854504093875 -0.013448800331104344 0.00061396642839838206
leaf_weight=10.04000414162874 12.295783506706355 8.5210964567959326 11.759531376883386 5.6640942674130228 12.547320147976281 11.349166467785833 15.032795950770376 28.725811272859573 13.114012338221071 19.016153894364834 9.5039334110915643 9.1037641838192922 56.071657268330455 3313.3094188431278
leaf_count=134 122 57 131 59 81 54 71 126 87 116 62 48 372 23873
internal_value=0.000118905 -2.1055e-05 -0.0344066 0.0260903 0.000188092 0.0135703 0.00621521 0.0173893 -6.97635e-05 -0.0193354 0.0001179 -0.0229831 0.000272682 0.00037602
internal_weight=3536.05 3518.09 20.2806 17.9599 3497.81 65.1478 55.1078 40.075 3432.67 32.1302 3400.54 21.6511 3378.89 3369.38
internal_count=25393 25212 188 181 25024 385 251 180 24639 203 24436 129 24307 24245
is_linear=0
shrinkage=0.05


Tree=276
num_leaves=15
num_cat=1
split_feature=1 56 51 4 15 55 6 21 30 11 4 9 4 24
split_gain=5.35422 4.53737 7.82154 8.26604 7.23039 4.80261 5.33593 4.30684 7.60617 6.84443 9.66751 5.06983 4.89143 10.8544
threshold=0.031754032258064523 22.500000000000004 1.0000000180025095e-35 0.52584887339712172 0.30718198679272707 85.500000000000014 -51.499999999999993 0.84023052232273143 0 6.2381488214693048 1.0767719680464831 1.0000000180025095e-35 -0.46020726100719939 0.14142884190328156
decision_type=8 2 2 8 10 10 10 8 9 2 10 2 10 10
left_child=-1 5 3 -3 -5 7 -7 8 9 11 -11 -2 -9 -14
right_child=1 2 -4 4 -6 6 -8 12 -10 10 -12 -13 13 -15
leaf_value=-0.019247649155242918 -0.043012565515920725 0.033199171042353891 0.046429431153654659 -0.038015486265272999 0.0069661556178716904 -0.054133830084168458 0.0031579946980702977 -0.00049351686453385298 -0.023073702363241987 0.074870187702119326 -0.0018005556782680447 0.020282246937365096 0.022356279970677781 0.0019449956053402542
leaf_weight=34.490250089205801 6.57231303304434 16.195041703060269 12.961739752441643 12.531026430428026 25.591713218018413 7.5960522284731269 7.511019825935362 2738.6714764973149 38.91843193769455 6.3738536089658728 9.1897385083138925 4.6410363111644983 73.551351886242628 517.69121455028653
leaf_count=328 118 88 71 65 147 54 49 19398 519 69 80 51 523 3714
internal_value=7.47109e-05 0.000271802 0.0130339 0.00436956 -0.00841318 1.63112e-05 -0.0272216 0.000145471 -0.012435 0.00853544 0.0322234 -0.0173001 0.000397329 0.00451765
internal_weight=3512.49 3478 67.2795 54.3178 38.1227 3410.72 15.1071 3395.61 65.6954 26.7769 15.5636 11.2133 3329.91 591.243
internal_count=25274 24946 371 300 212 24575 103 24472 837 318 149 169 23635 4237
cat_boundaries=0 2
cat_threshold=1611137032 35
is_linear=0
shrinkage=0.05


Tree=277
num_leaves=15
num_cat=4
split_feature=2 30 29 30 27 24 25 35 24 28 0 8 26 30
split_gain=4.62128 14.0109 4.65041 10.49 13.8291 13.4205 10.0143 12.9425 9.15404 9.45481 15.833 8.99562 8.85879 9.33403
threshold=308.65663795438849 0 1 2 0.23888068828865691 0.24940624468521469 6.5232931513704298 1.0000000180025095e-35 0.54778955119197037 0.25630541520796407 90.985000000000014 25.500000000000004 8.5000000000000018 3
decision_type=2 9 9 9 10 10 10 2 8 10 10 10 2 9
left_child=2 -2 3 4 6 -6 7 -1 9 12 -11 -10 -5 -14
right_child=1 -3 -4 8 5 -7 -8 -9 11 10 -12 -13 13 -15
leaf_value=0.0190399600540327 0.01654071408269164 -0.027387513559290422 -0.00088308457551685381 -0.0084079137725138042 -0.035481713972859701 -0.0044953886512554119 -0.022249774486970648 -0.025399087955229223 0.00032055616973330391 0.018218308280562225 -0.038377007893326209 -0.055014287995406787 0.00066838364124236058 0.026861686164797716
leaf_weight=108.28317113220692 21.334298394620419 39.169383775442839 2596.0078982505947 111.19189979322255 49.823961913585663 112.98189968150109 23.905438899993896 18.38166207075119 22.041909938678145 258.99987035803497 12.057625606656073 10.006485577672718 105.65722087398171 42.749310027807951
leaf_count=608 102 225 20177 595 259 731 122 92 140 1481 81 62 525 225
internal_value=-5.85207e-05 -0.0136444 0.000182084 0.00330816 -0.0039503 -0.0141369 0.0068241 0.0124425 0.00734871 0.00905494 0.0155689 -0.0180985 0.00221977 0.0101854
internal_weight=3532.59 60.5037 3472.09 876.08 313.376 162.806 150.57 126.665 562.704 530.656 271.057 32.0484 259.598 148.407
internal_count=25425 327 25098 4921 1812 990 822 700 3109 2907 1562 202 1345 750
cat_boundaries=0 2 3 5 6
cat_threshold=5767170 1 279475 2734711888 58 1082691842
is_linear=0
shrinkage=0.05


Tree=278
num_leaves=15
num_cat=0
split_feature=28 28 28 25 28 7 15 54 47 1 22 4 28 15
split_gain=3.97713 5.81667 9.25511 9.672 11.4447 7.06269 7.22711 6.5546 5.60085 7.58356 6.9258 5.59219 5.17867 9.85655
threshold=0.059856735518329131 0.14039172156360821 0.16523359956869296 3.3687600951803054 0.16334575918335179 -1.0000000180025095e-35 6.3723085909241055 16.500000000000004 1.0000000180025095e-35 1.1945673549655853 16.360000000000003 7.3725274162130967 0.1535512678818417 1.1362182587471519
decision_type=8 8 8 10 10 2 10 8 2 8 8 8 10 10
left_child=-1 5 3 12 -5 -2 7 -7 -4 11 -11 -10 -3 -14
right_child=1 2 8 4 -6 6 -8 -9 9 10 -12 -13 13 -15
leaf_value=0.025715204384679603 0.030446218135811488 0.011765107023181967 -0.00021789261483077111 -0.031926734728754347 0.036272155525429929 0.017466140565946673 0.02117512891875295 -0.023416189291163538 0.01652710803410011 0.00062813640549706686 0.043533701629170175 -0.030434402842180786 0.063772726370350086 0.01046455539224813
leaf_weight=14.285756833851336 8.6512673273682577 40.241699032485485 3217.238292185124 18.253429830074314 8.0887087956070882 10.322261692956088 11.893190959468482 85.785266947001219 11.531332954764364 14.8802272696048 24.703213665634394 11.933276101946833 17.486278397962451 17.21526443772018
leaf_count=73 41 319 23265 141 40 93 66 571 73 106 192 62 128 129
internal_value=0.000266519 0.000155275 0.000535364 0.0153464 -0.0104246 -0.0107738 -0.0143248 -0.0188906 7.35049e-05 0.0147143 0.0278175 -0.00762366 0.0244228 0.0383607
internal_weight=3512.51 3498.22 3381.57 101.285 26.3421 116.652 108.001 96.1075 3280.29 63.048 39.5834 23.4646 74.9432 34.7015
internal_count=25299 25226 24455 757 181 771 730 664 23698 433 298 135 576 257
is_linear=0
shrinkage=0.05


Tree=279
num_leaves=15
num_cat=4
split_feature=20 11 7 30 27 29 11 15 19 4 11 30 15 29
split_gain=6.50718 5.74888 5.87801 10.858 14.2533 16.5137 10.1582 10.059 10.3727 11.2172 11.067 9.73546 17.5128 14.3497
threshold=-88.794999999999987 10.461220044647936 11.500000000000002 0 0.60802031245624832 1 7.1299543740601354 5.5449377120144829 90.007500000000007 9.6125910735329558 5.4808680375073395 2 4.5608739086194392 3
decision_type=8 2 2 9 10 9 2 10 8 8 2 9 10 9
left_child=-1 2 3 4 5 -2 -5 8 9 -7 -10 -4 -13 -14
right_child=1 -3 11 6 -6 7 -8 -9 10 -11 -12 12 13 -15
leaf_value=-0.019210880491539004 0.01000126795411741 -0.032075227852302921 0.0032601217656666823 0.0045215444649465489 -0.027908146632664822 -0.016132200156958588 0.02099098594779588 0.019420497154744008 0.021764220279661135 -0.091003431952267191 -0.020518886325004832 -0.00069503899972537023 0.00029458523449625736 -0.021182258981859766
leaf_weight=43.203815448097885 184.09746443573385 12.832068264484404 850.30146565288305 486.0466140685603 49.893849307671189 11.601484516635535 115.24309339281172 19.069028950296342 18.742124082520604 8.5764857865870017 72.240673985332251 1304.5898894947022 130.51324683986604 205.42891809996217
leaf_count=296 2165 68 5103 5610 406 109 1382 238 160 66 609 7349 652 1101
internal_value=-0.000148052 9.48168e-05 0.000223495 0.00353328 -0.00327089 0.000612204 0.0075818 -0.0124491 -0.0191504 -0.05075 -0.0116668 -0.00106037 -0.00330009 -0.0134823
internal_weight=3512.38 3469.18 3456.34 965.511 364.221 314.327 601.29 130.23 111.161 20.178 90.9828 2490.83 1640.53 335.942
internal_count=25314 25018 24950 10745 3753 3347 6992 1182 944 175 769 14205 9102 1753
cat_boundaries=0 2 3 5 6
cat_threshold=2738901526 61 2392083 2211725829 61 286852
is_linear=0
shrinkage=0.05


Tree=280
num_leaves=15
num_cat=4
split_feature=8 30 3 30 3 8 30 3 3 7 28 7 30 28
split_gain=4.65765 12.9904 9.85969 8.97145 11.8793 14.4952 10.7915 10.2206 9.71038 11.2144 11.4415 9.74865 10.2653 9.98851
threshold=9.5000000000000018 0 0.98098033971080356 1 0.85387902095144252 59.500000000000007 2 0.24597989347599705 0.81772588683736858 3.5000000000000004 0.32255532335981724 12.500000000000002 3 0.47948845190271655
decision_type=10 9 8 9 10 10 9 10 10 2 10 2 9 10
left_child=1 2 -1 4 5 -2 -6 -5 11 -10 -11 13 -13 -9
right_child=3 -3 -4 7 6 -7 -8 8 9 10 -12 12 -14 -15
leaf_value=0.0058405235413898802 -0.016232509064825529 -0.0010204976350240769 0.028398880424421815 -0.0078640174552214344 -0.015633192705994829 0.0068730996427551752 0.01890070707449748 0.022716399966821052 -0.023796652592787314 -0.015190714606821155 0.012404345737727383 0.016153554021965191 -0.0026534196699869758 -0.001214324321902909
leaf_weight=564.98927957192063 313.48075314704329 1366.2002991256304 52.113996551372111 262.56617984548211 24.702409697696567 85.946864815428853 60.612190372310579 144.40588654577732 59.653734406456351 60.97502382658422 94.382468868046999 85.152037959545851 288.52641370147467 62.141456018202007
leaf_count=4181 2221 9305 359 1566 192 532 586 1828 451 484 1096 425 1403 753
internal_value=0.000115486 0.00171779 0.00766443 -0.00194443 -0.00748744 -0.011256 0.00921488 0.00066478 0.00349545 -0.00556288 0.00154589 0.00685594 0.00202421 0.0155455
internal_weight=3525.85 1983.3 617.103 1542.55 484.742 399.428 85.3146 1057.8 795.237 215.011 155.357 580.226 373.678 206.547
internal_count=25382 13845 4540 11537 3531 2753 778 8006 6440 2031 1580 4409 1828 2581
cat_boundaries=0 2 4 6 8
cat_threshold=2181669716 45 1665179972 15 1614807296 6 2147566592 48
is_linear=0
shrinkage=0.05


Tree=281
num_leaves=15
num_cat=2
split_feature=27 0 24 25 7 43 26 30 26 30 11 18 11 22
split_gain=7.93725 7.22047 6.42397 6.23385 4.53015 11.7622 8.25143 15.9478 13.2665 9.04257 8.7733 8.25609 11.289 8.17334
threshold=0.052658891424290151 38.005000000000003 0.038963999976311885 1.7593578066303921 20.500000000000004 1.0000000180025095e-35 494.50000000000006 0 421.00000000000006 1 5.2909400078189917 1.0000000180025095e-35 7.4566537683120773 1.9050000000000002
decision_type=8 8 8 10 2 2 2 9 2 9 2 8 2 8
left_child=1 3 -2 -1 -4 6 8 -8 9 10 -6 -10 -13 -12
right_child=2 -3 4 -5 5 -7 7 -9 11 -11 13 12 -14 -15
leaf_value=-0.04943078778514641 -0.021964625496395718 0.032583599186234845 0.0017062176707040887 0.022651110697817084 0.026891047404132423 -0.03803220753412323 0.016443720919259868 -0.026145167482339887 0.068682323608278348 0.00043377515160073578 0.02577271984980771 -0.029994341462054975 0.047255428000498208 -0.023673197481152791
leaf_weight=5.0393760511651617 31.702212996780872 32.92184245120734 2151.54170326842 5.1049093715846539 10.438633205369113 21.306415759027004 24.35580930672586 67.058212864212692 9.6108280792832357 1039.3495808104053 8.3397087026387435 7.9447053559124532 9.1327577978372556 94.939263015985489
leaf_count=91 212 224 16913 31 85 106 221 558 50 5984 69 62 45 703
internal_value=0.000359022 0.0214461 9.16476e-05 -0.0143794 0.000300993 -0.00203775 -0.00140502 -0.0157927 -0.000277749 -0.00109809 -0.0138143 0.0339246 0.0116464 -0.0194716
internal_weight=3518.79 43.0661 3475.72 10.1443 3444.02 1292.48 1271.17 91.414 1179.76 1153.07 113.718 26.6883 17.0775 103.279
internal_count=25354 346 25008 122 24796 7883 7777 779 6998 6841 857 157 107 772
cat_boundaries=0 1 2
cat_threshold=537397324 574621760
is_linear=0
shrinkage=0.05


Tree=282
num_leaves=15
num_cat=0
split_feature=11 6 15 4 4 15 2 11 13 14 2 11 54 6
split_gain=4.86333 4.09629 5.55353 9.01869 8.3616 7.89887 11.3166 8.57238 9.19357 7.53344 7.03516 7.34698 7.39298 11.1669
threshold=10.461220044647936 27.500000000000004 0.69468391611535385 14.110667255500244 36.677685680810463 9.9959124327101208 0.14582055005072372 6.9246906465825671 5.8625000000000007 -0.48124999999999923 -9.7168254459581309 5.082707630094049 31.500000000000004 -81.499999999999986
decision_type=2 10 8 10 10 10 2 2 8 8 2 2 10 8
left_child=1 2 4 5 10 9 7 8 -7 -4 -1 -12 -13 -14
right_child=-2 -3 3 -5 -6 6 -8 -9 -10 -11 11 12 13 -15
leaf_value=0.035112427319884489 -0.029472509798967761 -0.0038401869780763502 -0.042387206173125143 0.014235607949242154 -0.030376644179825482 0.034142829528621049 0.017315750031592865 0.011323356143484628 -0.021990392119655228 0.0027713694238144203 0.028002256398027295 -0.0043844389341090792 -0.029103812968471421 0.030903789951822542
leaf_weight=11.865695727989076 12.543050602078436 460.71673961449414 8.2826322410255653 150.10129060782492 25.046985783614218 6.8652910403907299 35.381106425076723 27.8524737842381 125.91224320512265 1944.0636365571991 18.58729930780828 644.00146489217877 9.2480401899665576 32.233446506783366
leaf_count=97 72 3432 54 1142 183 59 261 222 1098 14012 118 4328 61 186
internal_value=0.000432595 0.00054815 0.00121438 0.00242771 -0.00254746 0.00159647 -0.00794693 -0.0135841 -0.0188545 0.00255819 -0.00153285 -0.00219935 -0.00305789 0.0171553
internal_weight=3512.7 3500.16 3039.44 2298.46 740.983 2148.36 196.011 160.63 132.778 1952.35 715.936 704.07 685.483 41.4815
internal_count=25325 25253 21821 16848 4973 15706 1640 1379 1157 14066 4790 4693 4575 247
is_linear=0
shrinkage=0.05


Tree=283
num_leaves=15
num_cat=2
split_feature=8 29 29 25 24 25 6 15 25 11 8 25 24 15
split_gain=4.20692 17.9354 11.8459 10.0816 10.4466 17.0674 9.09854 8.25815 8.20289 9.21877 13.112 10.6848 13.7347 10.1843
threshold=9.5000000000000018 0 1 3.44820609718764 0.3691787836479285 4.5481350758971706 22.500000000000004 2.2365681457968374 3.44820609718764 5.7583178368129779 52.500000000000007 4.2899903783145215 0.21354952131087235 1.7275628908985661
decision_type=8 9 9 8 10 10 8 10 10 2 8 10 10 8
left_child=2 -2 3 -1 5 6 7 -5 -3 10 -10 12 -11 -14
right_child=1 8 -4 4 -6 -7 -8 -9 9 11 -12 -13 13 -15
leaf_value=0.013391905918319125 -0.013916540156397787 -0.0019135095124020608 -0.00069662325300846515 0.022325970086020358 -0.046590361868273214 0.044441150170202046 -0.044995667957061301 -0.036584370122654357 -0.0044021382904731671 0.059752529450442321 0.046941339499612586 -0.001827482365178395 -0.016509221734845311 0.026163673133045698
leaf_weight=303.00267466623336 257.10005025845021 1148.3938184119761 1396.4674642249011 17.202382409945137 12.860466288402675 15.715170031413434 14.973545931279654 7.8433070369064799 20.529639679938555 15.874598175287245 29.928784418851137 229.04979952611029 23.526795569807291 31.709187664091587
leaf_count=1938 1889 9139 10108 106 68 101 79 61 117 75 155 1203 125 179
internal_value=-0.00027876 -0.00201158 0.00144251 0.0092326 -0.00774201 0.00188528 -0.015502 0.0031813 0.000130097 0.0068137 0.026372 0.0034492 0.0202352 0.00801754
internal_weight=3524.18 1756.11 1768.07 371.598 68.5949 55.7344 40.0192 25.0457 1499.01 350.619 50.4584 300.16 71.1106 55.236
internal_count=25343 12882 12461 2353 415 347 246 167 10993 1854 272 1582 379 304
cat_boundaries=0 1 2
cat_threshold=2429056 2429312
is_linear=0
shrinkage=0.05


Tree=284
num_leaves=15
num_cat=3
split_feature=27 30 31 30 11 11 4 56 11 29 27 7 3 13
split_gain=4.4075 11.8272 10.9661 10.813 17.0939 17.8459 11.4676 11.0787 8.95471 12.492 9.202 8.60173 8.57703 10.7679
threshold=0.45051987791997911 0 3.5000000000000004 1 6.737583568514343 5.9764777967494469 -6.6576446711986028 5.5000000000000009 7.1565224197424717 2 0.49142870903758046 16.500000000000004 0.63574587177100272 0.58500000000000052
decision_type=10 9 2 9 2 2 8 2 2 9 10 2 8 8
left_child=1 2 -1 4 5 -2 -6 -8 9 10 11 -5 13 -10
right_child=3 -3 -4 8 6 -7 7 -9 12 -11 -12 -13 -14 -15
leaf_value=-0.021444588722034832 -0.011673260464330195 -5.7223339788747577e-06 0.020488921089174161 0.034117407549257336 0.0089956792302239783 0.026173628918418235 -0.022990185574071193 -0.073565739646354211 -0.035122273440193627 0.0058604404393932759 -0.025181871779009365 -0.018849413716292618 0.030481630526473694 0.012115932595790937
leaf_weight=115.29923794139177 76.529425611719489 2415.0871993764304 17.194837922230363 14.748313633725049 16.681170675903559 51.087976319715381 39.638581149280071 14.800995496101676 12.198192335665224 459.20589369814843 64.10092606022954 14.029254380613564 59.539284124039114 143.53334525227547
leaf_count=800 749 16269 96 148 125 454 317 100 70 4143 491 96 564 913
internal_value=0.000252876 -0.000837752 -0.0147825 0.00312675 -0.00705325 0.00356336 -0.0268667 -0.0378196 0.00578552 0.00247747 -0.0133364 0.00852988 0.0144862 0.00821536
internal_weight=3513.67 2547.58 132.494 966.093 198.738 127.617 71.1207 54.4396 767.355 552.084 92.8785 28.7776 215.271 155.732
internal_count=25335 17165 896 8170 1745 1203 542 417 6425 4878 735 244 1547 983
cat_boundaries=0 1 3 4
cat_threshold=1074934016 2722368010 2 270355
is_linear=0
shrinkage=0.05


Tree=285
num_leaves=15
num_cat=1
split_feature=60 18 11 34 3 26 14 3 2 2 26 6 8 11
split_gain=3.83237 4.40885 6.63312 4.09708 8.58068 4.48739 4.25311 3.53951 3.51596 11.8432 8.45806 8.77073 8.38851 10.2341
threshold=222.00000000000003 21.493750000000002 6.3221341744504809 0 0.67912742375113599 34.500000000000007 3.2537500000000006 0.71598955997733793 70.841452578701151 133.44420869871769 70.500000000000014 -9.4999999999999982 131.50000000000003 6.4436780467454007
decision_type=8 10 2 1 10 2 8 10 2 2 2 8 10 2
left_child=-1 3 -3 4 6 -6 -2 -4 -5 10 -10 -12 13 -11
right_child=1 2 7 8 5 -7 -8 -9 9 12 11 -13 -14 -15
leaf_value=-0.032977833606924203 -0.058118683165984314 -0.016036197953925978 0.062862587419326169 0.0003144324096891768 -0.012923836044638738 0.034244714860115752 -0.01471901298004996 0.014958343470179998 -0.025101537023130421 -0.014711941564562101 0.014083771379136785 -0.027121610098625723 -0.023443348614679178 0.014930455605647736
leaf_weight=7.9633803367614746 10.206458769738672 7.6872993214055922 7.0064265262335566 3128.349112468306 9.881585771217944 8.533325042575596 13.269020363688471 9.0677137952297908 89.854659281671047 37.671679316088557 36.146967675536871 18.796595375984907 24.085744991898537 117.97502212412655
leaf_count=55 62 67 55 23100 63 55 90 81 508 217 235 107 143 626
internal_value=-0.000325315 -0.000242064 0.0207819 -0.000390913 -0.0157494 0.00957172 -0.0351916 0.0382977 -0.000200078 -0.00514549 -0.0157364 -0.000245714 0.00342673 0.00770789
internal_weight=3526.49 3518.53 23.7614 3494.77 41.8904 18.4149 23.4755 16.0741 3452.88 324.531 144.798 54.9436 179.732 155.647
internal_count=25464 25409 203 25206 270 118 152 136 24936 1836 850 342 986 843
cat_boundaries=0 1
cat_threshold=1
is_linear=0
shrinkage=0.05


Tree=286
num_leaves=15
num_cat=2
split_feature=7 0 30 35 7 25 7 5 25 30 7 27 11 26
split_gain=5.03626 9.83746 11.1711 11.0921 10.4622 9.54727 14.317 14.3766 7.92574 7.76698 15.8995 13.0614 11.9659 17.7417
threshold=8.5000000000000018 74.770000000000024 0 1.0000000180025095e-35 21.500000000000004 0.079880594056364745 41.500000000000007 0.094305977710233038 -0.069923550111622337 1 3.5000000000000004 0.53965618003084626 5.7781630017732537 141.50000000000003
decision_type=2 10 9 2 2 10 2 8 8 9 2 10 2 2
left_child=9 2 5 8 -5 -2 -7 -8 -3 10 11 12 13 -1
right_child=1 3 -4 4 -6 6 7 -9 -10 -11 -12 -13 -14 -15
leaf_value=0.045124829027353673 -0.015242006361792501 0.022140340781420072 -0.0016835345072047224 0.033537421177276476 -0.031230159193404078 0.012208245463977339 0.039132846512327249 -0.023379791986797575 -0.026719484467617401 0.0065540240607033133 0.0095507840299298655 -0.069543328320172043 -0.028095364397837514 -0.033606480183278713
leaf_weight=16.335492208600048 44.766652382910252 8.3984465152025205 2170.874091822654 18.831407448276881 8.1841571033000928 402.12970903795213 10.104944329708813 54.036621280014515 88.60976499132812 579.50842531677336 85.034729143604636 10.927095843479036 46.546804811805487 11.261036677286027
leaf_count=98 306 53 13304 146 51 2302 55 357 561 6799 1048 73 346 105
internal_value=0.000221379 -0.000751523 -0.00011238 -0.014461 0.0135022 0.00645883 0.00870871 -0.0130819 -0.0223067 0.00385927 -0.00537469 -0.020856 -0.0128506 0.012946
internal_weight=3555.55 2805.94 2681.91 124.024 27.0156 511.038 466.271 64.1416 97.0082 749.614 170.105 85.0704 74.1433 27.5965
internal_count=25604 17135 16324 811 197 3020 2714 412 614 8469 1670 622 549 203
cat_boundaries=0 2 4
cat_threshold=2169611780 33 2151753985 55
is_linear=0
shrinkage=0.05


Tree=287
num_leaves=15
num_cat=6
split_feature=10 30 0 8 29 30 6 6 30 3 56 8 30 30
split_gain=5.10471 12.4413 11.6525 5.72926 18.0662 15.0138 16.0067 13.4111 13.1531 11.6753 12.0951 13.0921 12.9556 11.5158
threshold=31.500000000000004 0 64.00500000000001 6.5000000000000009 1 2 5.5000000000000009 23.500000000000004 3 0.38132686072100624 1.0000000180025095e-35 1.0000000180025095e-35 4 5
decision_type=2 9 8 8 9 9 10 8 9 10 2 10 9 9
left_child=3 2 -2 5 7 -1 13 -5 -6 10 11 -8 -12 -7
right_child=1 -3 -4 4 8 6 9 -9 -10 -11 12 -13 -14 -15
leaf_value=0.0097810033502110771 -0.074386053158020021 0.0057675382382802523 -0.014943924997025407 -0.01149876033677499 -0.0042506993616841324 -0.0071670527577613885 -0.0047006578295030119 -0.06850506491683378 0.0048543132173451678 -0.013859980727144922 -0.013815530160152738 0.021051895376130263 0.019001553212158837 0.031823837124634061
leaf_weight=500.43111602216959 12.812597688287495 50.546422619372606 22.11896700784564 245.07968909200281 725.72405201755464 27.93410977255553 631.53413876658306 9.8337052688002569 848.79820021102205 178.35756757482886 32.152402474544942 52.542021168395877 125.94526433758438 50.126091700978577
leaf_count=3621 93 359 149 1928 5140 317 4024 58 6467 1242 240 293 880 618
internal_value=0.000226137 -0.0117716 -0.0298913 0.000528607 -0.00138199 0.00271401 -0.000594664 -0.0134321 0.000657283 -0.00227703 0.000189562 -0.00269483 0.0126086 0.0210754
internal_weight=3513.94 85.478 34.9316 3428.46 1829.44 1599.02 1098.59 254.913 1574.52 1020.53 842.174 684.076 158.098 78.0602
internal_count=25429 601 242 24828 13593 11235 7614 1986 11607 6679 5437 4317 1120 935
cat_boundaries=0 2 3 5 7 9 11
cat_threshold=1074020426 33 2691072 2714345796 35 566863125 38 33558536 20 36963344 16
is_linear=0
shrinkage=0.05


Tree=288
num_leaves=15
num_cat=0
split_feature=26 28 11 25 23 24 7 28 26 28 2 1 57 19
split_gain=5.47054 11.2463 11.6246 10.5313 9.40016 10.5543 10.0182 9.35501 14.4134 13.2856 20.8033 11.7709 8.5702 8.39123
threshold=52.500000000000007 0.27447851702447779 6.8137137634935181 5.1401627617786767 8.5181250000000031 0.20932881354571642 38.500000000000007 0.33262643585504698 16.500000000000004 0.3723656794076049 10.262616058384957 0.67694497153700206 4.7500000000000009 90.007500000000007
decision_type=2 8 2 10 10 8 2 8 2 8 2 8 2 8
left_child=1 2 3 13 5 6 -3 8 -7 10 -9 -12 -11 -1
right_child=-2 4 -4 -5 -6 7 -8 9 -10 12 11 -13 -14 -15
leaf_value=-0.010059879375443085 0.0021793072568768979 0.024151558614017868 -0.0058657032070973713 0.039025404125967472 -0.040664199602245682 -0.0088486507794354515 -0.028954021397227608 0.021245091989668084 -0.043762092140585136 -0.0048581725366486951 -0.073038654668836342 -0.0065069577355353295 -0.041526638438248081 0.010012417382141979
leaf_weight=61.901204776018858 1754.8534258184955 53.551452817395329 202.95074677467346 25.969421252608299 16.802859275601804 224.29959998652339 9.7300294376909715 118.14671146869659 33.223041847348213 655.21150189917535 6.9766140505671492 41.451535534113646 15.357206068933008 305.00790812820196
leaf_count=410 13854 328 1142 144 220 1271 63 749 213 4723 32 259 99 1948
internal_value=0.000201519 -0.00175883 0.00383238 0.00884433 -0.00459552 -0.00403749 0.0156628 -0.0051896 -0.0135047 -0.00261864 0.00998032 -0.0173754 -0.00575853 0.00660788
internal_weight=3525.43 1770.58 595.829 392.879 1174.75 1157.95 63.2815 1094.67 257.523 837.144 166.575 48.4281 670.569 366.909
internal_count=25455 11601 3644 2502 7957 7737 391 7346 1484 5862 1040 291 4822 2358
is_linear=0
shrinkage=0.05


Tree=289
num_leaves=15
num_cat=1
split_feature=8 7 3 6 8 11 2 30 3 9 46 27 8 27
split_gain=4.18302 8.31817 9.35223 6.29844 4.38616 8.52744 4.35472 10.2019 10.1989 11.9058 9.06392 8.21413 8.15047 7.95145
threshold=-2.4999999999999996 13.500000000000002 0.16593128802154031 45.500000000000007 -1.0000000180025095e-35 7.2424115620066027 -0.0017448529702202007 0 0.080017542308921427 1.0000000180025095e-35 1.0000000180025095e-35 0.16899629801576752 45.500000000000007 0.13888887402070429
decision_type=8 2 10 10 8 2 2 9 8 2 2 10 10 10
left_child=1 -1 3 -3 5 -2 7 10 -9 13 11 -6 -11 -10
right_child=4 2 -4 -5 6 -7 -8 8 9 12 -12 -13 -14 -15
leaf_value=0.050005434513426067 -0.046967899320040266 0.031247563466305635 -0.027903094060386331 -0.0082544257015842101 -0.047956426009533343 0.015920216941781751 -0.00097571325573869944 0.055159706729251627 0.032378231655509786 0.037097393947928568 -0.064984246664736831 0.0099744244598031287 -0.0049207319768941223 -0.02311666883765778
leaf_weight=10.76219204161316 12.888769159093501 25.346852578222752 15.781268224120138 15.793687164783476 7.0366828404366997 8.1558139584958536 3301.7859403695911 13.815018080174921 7.2574478089809409 38.461228867992759 6.5631816145032635 24.722797765396535 16.008557887747884 29.479425622150302
leaf_count=142 83 117 76 68 59 45 23858 79 51 358 45 203 128 202
internal_value=-0.000504886 0.0117142 0.00373613 0.0162469 -0.000746798 -0.0229791 -0.000604363 0.00789679 0.0151712 0.010227 -0.0125769 -0.00393292 0.0248823 -0.011586
internal_weight=3533.86 67.684 56.9218 41.1405 3466.17 21.0446 3445.13 143.344 105.022 91.2067 38.3227 31.7595 54.4698 36.7369
internal_count=25514 403 261 185 25111 128 24983 1125 818 739 307 262 486 253
cat_boundaries=0 2
cat_threshold=42221826 8
is_linear=0
shrinkage=0.05


Tree=290
num_leaves=15
num_cat=5
split_feature=7 55 29 30 0 0 30 27 30 14 1 30 10 8
split_gain=3.94609 8.61416 7.39252 11.5446 9.87678 9.52753 10.4832 8.99716 21.1133 10.5711 9.53586 9.13786 7.94235 7.83055
threshold=8.5000000000000018 64.500000000000014 0 1 90.985000000000014 81.975000000000009 2 0.60802031245624832 3 4.3237500000000013 1.4123339658444025 4 13.500000000000002 1.5000000000000002
decision_type=2 8 9 9 10 8 9 10 9 10 8 9 2 8
left_child=1 -1 3 4 -3 -4 -7 11 9 10 -9 12 -5 -13
right_child=-2 2 5 7 -6 6 -8 8 -10 -11 -12 13 -14 -15
leaf_value=0.028381562321380695 -0.00081063286542531413 -0.0013824678095712122 0.017509345008417266 -0.0044539038594297543 -0.042697957729256567 -0.018541109364735756 0.0034126750939702738 0.024304973869440083 0.015020784327281225 -0.081849603120216288 -0.052944420412028986 0.0049696735103406248 0.029945648492719818 0.026190850221924536
leaf_weight=31.706525062210858 2781.1685984395444 48.478653172031045 38.940170144662261 103.38910247478634 19.660255527123809 112.78005705960095 97.032521465793252 6.7313778065145025 41.214094969443977 11.435700537636874 7.4662479124963292 63.309967142529786 18.994849144481122 141.65762267820537
leaf_count=456 17019 554 429 1146 160 853 918 50 497 75 62 779 215 2257
internal_value=5.42506e-05 0.00328927 0.00213215 0.00579987 -0.0120112 -0.00472377 -0.00913769 0.00912108 -0.00727942 -0.0348914 -0.0171296 0.0127599 0.00100327 0.0187802
internal_weight=3523.97 742.797 711.091 462.338 68.1389 248.753 209.813 394.199 66.8474 25.6333 14.1976 327.352 122.384 204.968
internal_count=25470 8451 7995 5795 714 2200 1771 5081 684 187 112 4397 1361 3036
cat_boundaries=0 1 3 5 7 9
cat_threshold=3445297 2168533760 18 1082393938 41 536870942 40 803841 5
is_linear=0
shrinkage=0.05


Tree=291
num_leaves=15
num_cat=2
split_feature=7 26 3 0 6 30 1 25 1 31 29 24 10 6
split_gain=8.93707 10.813 11.1936 8.77597 12.9095 8.76023 14.6712 12.8904 12.0699 8.71124 10.9422 13.5497 14.0655 12.1738
threshold=21.500000000000004 490.00000000000006 0.78774576386600126 1.5050000000000001 37.500000000000007 0 0.43792808219178087 0.65134495661188241 0.2009615384615385 2.5000000000000004 1 0.35519885781997573 16.500000000000004 -15.499999999999998
decision_type=2 2 10 10 8 9 8 8 10 2 9 10 2 10
left_child=-1 2 5 4 -3 6 7 -2 -9 -7 -11 12 13 -12
right_child=1 3 -4 -5 -6 9 -8 8 -10 10 11 -13 -14 -15
leaf_value=0.0010764944812786737 -0.022901540615038449 -0.018225879505176873 0.021763368563671774 -0.039101621861808988 0.052536165278333213 -0.01071008239080405 -0.0025806241731579859 0.0039163032909108626 0.066817103152974899 0.0099324913276255464 -0.05669669958792517 0.0091278845944009115 0.013576656244283525 -0.012786597298799758
leaf_weight=2228.7124559991062 7.8365315645933151 36.220300029963255 43.10930447280407 37.599071996286511 6.8058739053085437 452.27210726030171 97.554917991161346 11.603807698935269 22.006543766707182 146.44593271240592 16.035796083509922 112.69268781319261 47.838584531098604 240.39654796663672
leaf_count=17478 68 328 220 314 77 3053 463 82 109 692 93 630 302 1479
internal_value=-0.000835165 -0.00416607 -0.00296346 -0.0217772 -0.00609369 -0.00390465 0.00753249 0.0326107 0.0458415 -0.00549579 -0.00139587 -0.00549504 -0.0111031 -0.0157421
internal_weight=3507.13 1278.42 1197.79 80.6252 43.0262 1154.68 139.002 41.4469 33.6104 1015.68 563.41 416.964 304.271 256.432
internal_count=25388 7910 7191 719 405 6971 722 259 191 6249 3196 2504 1874 1572
cat_boundaries=0 2 3
cat_threshold=3186962 2 278560
is_linear=0
shrinkage=0.05


Tree=292
num_leaves=15
num_cat=2
split_feature=7 6 15 7 30 29 8 24 1 3 15 9 12 7
split_gain=5.87786 9.55564 5.61445 4.27301 10.5978 9.69016 9.10892 12.0006 11.6381 8.78705 7.95937 7.95113 15.2794 8.49277
threshold=-27.499999999999996 -46.499999999999993 1.1724352278635026 7.5000000000000009 0 1 27.500000000000004 0.42029071298370241 2.5915071770334932 0.66375874125874146 1.0000000180025095e-35 5.5000000000000009 1.5000000000000002 3.5000000000000004
decision_type=2 10 8 2 9 9 10 10 8 8 8 2 2 2
left_child=1 2 -1 4 11 6 7 -6 -8 10 -7 -2 13 -13
right_child=3 -3 -4 -5 5 9 8 -9 -10 -11 -12 12 -14 -15
leaf_value=-0.013826873817818731 0.00016009375958589571 0.022435478806891614 -0.063805770311172891 -0.00042517251680188175 0.019584194970869113 -0.038886246747297015 0.046551906567408451 -0.0095810259028080904 0.0073375720783032247 -0.032782978803195938 0.038005601500908467 -0.095785620637517277 0.017491689105186791 -0.014635831371824596
leaf_weight=12.961955513805153 284.22741534095258 8.4963289946317655 10.009281786158683 2894.3233455591835 93.068159941583872 3.8427784368395788 43.742232677526772 55.653827568516135 33.540017737075686 22.174582516774535 10.49456573743373 7.2868960555642861 9.5178841482847911 5.9658289756625891
leaf_count=74 2858 51 57 18705 1253 29 640 584 406 232 163 49 107 73
internal_value=0.000155876 -0.0210195 -0.0373575 0.000354257 0.00430919 0.0114236 0.0153403 0.00867907 0.0298443 -0.0107592 0.0162049 -0.0020946 -0.029942 -0.0628453
internal_weight=3495.31 31.4676 22.9712 3463.84 569.514 262.516 226.004 148.722 77.2823 36.5119 14.3373 306.998 22.7706 13.2527
internal_count=25281 182 131 25099 6394 3307 2883 1837 1046 424 192 3087 229 122
cat_boundaries=0 2 3
cat_threshold=2163859972 61 3723396
is_linear=0
shrinkage=0.05


Tree=293
num_leaves=15
num_cat=0
split_feature=6 15 11 8 26 55 25 19 8 7 56 3 15 11
split_gain=4.48024 11.8546 6.23392 5.3721 5.68992 5.30122 8.15417 7.28376 5.43694 5.05171 8.19232 7.46942 8.26844 7.37097
threshold=-98.499999999999986 0.26050658270942884 6.1915645950952145 103.50000000000001 121.50000000000001 52.500000000000007 2.4497325029742307 84.225000000000009 95.500000000000014 42.500000000000007 15.500000000000002 0.61170499199764727 3.4631623124131612 5.3225707618928508
decision_type=8 8 2 10 2 10 8 10 10 2 2 10 10 2
left_child=1 -1 -3 5 -5 8 7 -7 9 -2 11 12 13 -11
right_child=3 2 -4 4 -6 6 -8 -9 -10 10 -12 -13 -14 -15
leaf_value=-0.018906136235879462 0.00038092240045945223 -0.00098851192391649612 0.045325573006927106 0.0059255501604595388 -0.032626013980783984 0.074027954482833697 -0.021856160841132143 0.011981778416939671 0.025562301110952059 0.031375072232759614 -0.058044050579340062 0.039988390253735705 -0.036707825032677659 -0.006461205284746592
leaf_weight=16.677058568224311 3129.1854830719531 10.281386174261568 23.43002930469811 14.937369853258131 24.370330896228552 7.4433778785169151 7.0163276717066791 11.847185501828788 19.661930563859642 12.763149840757249 6.6355798281729212 7.7672516126185647 20.381559960544109 200.58271098136902
leaf_count=102 22608 70 164 81 132 51 43 95 136 109 36 56 179 1593
internal_value=0.000172118 0.0148272 0.031579 -4.53658e-05 -0.0181924 0.000168259 0.0221106 0.0383912 -8.12409e-06 -0.000164512 -0.00701693 -0.00538127 -0.00705294 -0.00406188
internal_weight=3512.98 50.3885 33.7114 3462.59 39.3077 3423.28 26.3069 19.2906 3396.98 3377.32 248.13 241.495 233.727 213.346
internal_count=25455 336 234 25119 213 24906 189 146 24717 24581 1973 1937 1881 1702
is_linear=0
shrinkage=0.05


Tree=294
num_leaves=15
num_cat=2
split_feature=0 30 21 20 23 27 28 30 2 14 11 27 20 22
split_gain=5.21699 13.3206 7.56928 7.57693 6.66409 9.09017 6.48949 6.36117 6.22495 6.34096 6.49702 9.76641 7.58049 8.14683
threshold=81.975000000000009 0 0.89791915022457824 12.990000000000004 0.40458333333333346 0.27918718207335885 0.31971911231982536 1 -7.7452303123844652 0.50249999999999961 8.3869786093011189 0.39171761472814309 -5.7524999999999968 8.4933333333333341
decision_type=10 9 8 10 10 8 8 9 2 8 2 8 10 10
left_child=7 -2 -3 4 5 -4 -7 8 -1 -10 12 -12 13 -11
right_child=1 2 3 -5 -6 6 -8 -9 9 10 11 -13 -14 -15
leaf_value=0.048229222446130857 0.0043061657103398007 0.031414815656479404 0.020989452030053445 -0.048287707669291677 -0.047147282390833316 -0.048342998083278382 -0.010970039495121884 -0.0004577485907639908 -0.018160798871198744 0.012945496264670517 -0.033085338793219086 0.016233623176018688 -0.0088317518504724916 -0.026090225622499016
leaf_weight=7.5558361336588851 141.68697543907911 6.4311978993937373 17.699677871540189 20.419687172397971 13.514249591156839 13.39381744712591 65.732713202014565 2762.1255608750507 26.526330767199397 322.64346433756873 22.869383253157139 16.511046107858419 53.190238365903497 13.033716208301483
leaf_count=59 1353 87 138 170 124 99 639 19546 171 2241 123 105 431 158
internal_value=-0.000108494 -0.00665673 -0.0170089 -0.0209018 -0.0154455 -0.0105841 -0.0178206 0.000459741 0.0058147 0.00513331 0.00661513 -0.0125174 0.00857981 0.0113568
internal_weight=3503.33 278.878 137.191 130.76 110.34 96.8262 79.1265 3224.46 462.33 454.774 428.248 39.3804 388.867 335.677
internal_count=25444 2610 1257 1170 1000 876 738 22834 3288 3229 3058 228 2830 2399
cat_boundaries=0 2 4
cat_threshold=1077685328 11 2168594951 52
is_linear=0
shrinkage=0.05


Tree=295
num_leaves=15
num_cat=1
split_feature=27 27 30 28 1 18 18 21 27 3 11 1 1 3
split_gain=5.96884 5.95219 9.23235 13.5233 6.19898 8.97887 6.17628 5.76147 6.61839 9.87082 5.24591 4.90523 7.18538 4.85285
threshold=0.037506642430265656 0.13303423133665587 0 0.18315895323120793 1.0186932215234104 -0.22125000000000125 2.0999999999999992 0.93846460806794274 0.11566072774068081 0.45534555246979069 5.8339331574083149 0.38501602564102572 0.13819628647214857 1.4064089673921896
decision_type=8 8 9 10 8 10 10 8 10 10 2 8 10 10
left_child=-1 2 3 4 5 -2 -5 -4 11 -10 -6 12 -9 -3
right_child=1 13 7 6 10 -7 -8 8 9 -11 -12 -13 -14 -15
leaf_value=0.026806773568172699 -0.044437466190699396 0.0010366707468789623 -0.040285031913759886 -0.045100887863672633 0.04049333250097642 0.016874300296706911 0.0048443065262826933 0.02455242342719486 0.017132524435696805 -0.05102166147118762 -0.0034731783299214178 0.015855407791348721 -0.025110735914653723 -0.015339273427770167
leaf_weight=20.288361579179764 13.639245485886933 3197.2433606609702 6.6869396478869021 42.376867981627584 10.631587486714126 9.3740371223539096 7.0068716444075099 10.318013383075597 8.7818117830902356 11.093961184844373 15.938358541578053 77.065351447090507 19.616679064929485 44.891787510365248
leaf_count=164 141 22919 146 293 66 96 56 85 55 67 101 560 185 438
internal_value=0.000411964 0.000250178 -0.00745963 -0.0180132 -0.00125149 -0.0198006 -0.0380589 0.00165193 0.00428913 -0.0215305 0.01495 0.00924021 -0.00775231 0.000805264
internal_weight=3494.95 3474.66 232.53 98.967 49.5832 23.0133 49.3837 133.563 126.876 19.8758 26.5699 107 29.9347 3242.14
internal_count=25372 25208 1851 753 404 237 349 1098 952 122 167 830 270 23357
cat_boundaries=0 2
cat_threshold=1658217472 32
is_linear=0
shrinkage=0.05


Tree=296
num_leaves=15
num_cat=1
split_feature=28 28 1 3 29 8 11 3 28 28 24 28 4 56
split_gain=5.07681 10.9848 12.7074 6.42384 11.7581 12.7538 9.35807 12.2294 9.17953 9.35563 13.8214 9.13393 9.12663 11.1664
threshold=0.75948114021910296 0.68040832454642619 1.4451137884872827 0.042235013570951864 0 28.500000000000004 7.5717359778846003 0.0012768868680827247 0.54827170198783226 0.39342620722792448 0.33721302902968897 0.3874621037173977 -13.382277447183222 1.0000000180025095e-35
decision_type=10 10 8 10 9 10 2 10 8 8 10 10 8 2
left_child=1 3 -3 4 12 6 8 11 9 10 -6 -8 -1 -14
right_child=-2 2 -4 -5 5 -7 7 -9 -10 -11 -12 -13 13 -15
leaf_value=-0.020564065905174629 0.030012533138058867 -0.052086162767170645 0.029889864349277658 -0.0010718717633509914 -0.0060518440680220721 -0.028845114283201429 -0.030108517115751 0.038701150600719346 0.018562837204690531 -0.016312273926637009 0.022417553213552512 0.035170485087524066 0.0071144682938507888 0.029827803070539279
leaf_weight=17.55790875479579 12.934521805495022 18.762655917555097 5.4873927040025583 2773.9502167105675 152.77526592975482 35.751294480636716 14.887888740748169 34.645858261734247 50.21920143533498 105.71090612281114 57.99284334667027 7.1216725558042517 139.11188451386988 88.484470980241895
leaf_count=161 133 133 82 20469 967 236 103 189 368 788 409 50 833 549
internal_value=-0.000107685 -0.000227453 -0.0330872 1.10888e-05 0.00427215 -0.000577211 0.0018587 0.0205847 -0.00108261 -0.00424862 0.00185038 -0.00837554 0.0128217 0.0160368
internal_weight=3515.39 3502.46 24.25 3478.21 704.259 459.105 423.354 56.6554 366.698 316.479 210.768 22.0096 245.154 227.596
internal_count=25470 25337 215 25122 4653 3110 2874 342 2532 2164 1376 153 1543 1382
cat_boundaries=0 1
cat_threshold=1052836
is_linear=0
shrinkage=0.05


Tree=297
num_leaves=15
num_cat=3
split_feature=24 30 30 55 7 5 19 13 18 15 1 26 28 29
split_gain=6.41599 14.8635 9.67987 7.62089 10.7095 13.1294 7.49332 7.89776 7.54333 10.3352 9.63795 7.46349 9.87146 8.86763
threshold=0.42604654984946894 0 1 7.5000000000000009 20.500000000000004 0.29001666666666676 98.250000000000014 0.97499999999999976 4.8437500000000009 1.1724352278635026 1.0557107386716329 738.00000000000011 0.35590582437017509 2
decision_type=10 9 9 8 2 10 10 8 10 10 8 2 8 9
left_child=2 6 -1 4 -4 -6 7 -2 9 -9 -10 13 -13 -5
right_child=1 -3 3 11 5 -7 -8 8 10 -11 -12 12 -14 -15
leaf_value=0.0073324909651881808 -0.034422520992607362 0.0024006171221809241 0.043623832824703897 0.0016611307382319062 0.023574120071030435 -0.039860299974399077 0.013523674435565743 -0.018720823605901115 -0.0081503834183711092 0.00056618245309819051 -0.061905636630737372 0.031810748431945347 0.0015680249966323477 -0.0047926517593877413
leaf_weight=443.72839034581557 39.581079939380288 391.71323757059872 22.14407604932785 986.53027925360948 20.192823337391019 12.261811034753917 26.638072788715363 125.40391080453992 18.520247031003237 154.05608063843101 14.71470372378826 37.417976453900337 91.026001104153693 1137.6777503490448
leaf_count=3182 278 3300 214 5709 111 100 374 993 147 1323 108 420 928 8345
internal_value=-0.000463796 -0.00449297 0.000666112 -0.000647542 0.0176374 -0.000867372 -0.0113709 -0.0136081 -0.0108721 -0.00812449 -0.0330635 -0.00110123 0.0105559 -0.00181073
internal_weight=3521.61 770.627 2750.98 2307.25 54.5987 32.4546 378.914 352.276 312.695 279.46 33.235 2252.65 128.444 2124.21
internal_count=25532 6523 19009 15827 425 211 3223 2849 2571 2316 255 15402 1348 14054
cat_boundaries=0 2 4 5
cat_threshold=3762645086 9 2153859090 5 1855539
is_linear=0
shrinkage=0.05


Tree=298
num_leaves=15
num_cat=4
split_feature=10 30 30 26 28 7 28 11 20 30 30 11 20 28
split_gain=7.90569 13.6046 9.93516 9.92618 12.767 9.54385 8.59959 11.4696 7.69907 21.0273 12.5913 13.6222 11.7227 10.6487
threshold=1.0000000180025095e-35 0 1 97.500000000000014 0.14908103972387346 1.0000000180025095e-35 0.19248173524219681 6.1051837482200986 -29.994999999999994 2 3 7.8066145571806018 10.042499999999999 0.1535512678818417
decision_type=2 9 9 2 10 2 8 2 10 9 9 2 10 10
left_child=1 -1 3 6 -5 -6 7 -2 10 13 11 -4 -11 -10
right_child=2 -3 8 4 5 -7 -8 -9 9 12 -12 -13 -14 -15
leaf_value=-0.013815723135462744 0.088523481598915585 -0.00067849512708872245 -0.011388858586904797 -0.035647433639239667 -0.035154501000267818 0.013775469431694613 0.015371119696129238 0.014290460520162149 -0.011510719253332777 -0.00086258487069880245 0.0015267601774031853 0.0087630265499157711 -0.031715739431745167 0.018693018259285463
leaf_weight=252.08931450173259 9.7800361365079898 804.87498672772199 448.19339815527201 17.726034127175808 10.102141227573155 99.664569452404976 70.436184199526906 10.954160617664455 32.54483166988939 147.58864926174283 1233.2143329544924 102.32672191411257 37.921821464784443 238.8661142885685
leaf_count=2008 56 5856 3383 139 78 904 530 60 334 1155 8131 564 280 1993
internal_value=-0.000344563 -0.00395886 0.00120977 0.0111121 0.00255949 0.00899559 0.0241202 0.0517671 0.000188467 0.00597284 -0.00129472 -0.00749812 -0.00693401 0.0145097
internal_weight=3516.28 1056.96 2459.32 218.663 127.493 109.767 91.1704 20.7342 2240.66 456.921 1783.73 550.52 185.51 271.411
internal_count=25471 7864 17607 1767 1121 982 646 116 15840 3762 12078 3947 1435 2327
cat_boundaries=0 2 4 6 8
cat_threshold=54539348 10 2169503812 2 1653361680 1 1613516056 17
is_linear=0
shrinkage=0.05


Tree=299
num_leaves=15
num_cat=2
split_feature=32 30 7 32 3 25 24 28 30 10 24 8 27 0
split_gain=4.26603 9.89705 7.16274 3.9825 10.4885 7.74023 4.06536 4.44894 8.81343 13.0784 7.62726 9.13163 7.37395 10.6216
threshold=4.5000000000000009 0 35.500000000000007 3.5000000000000004 0.21845724208489628 1.3990002144321327 1.0000000180025095e-35 0.22276707305361546 1 16.500000000000004 0.3145934070127217 26.500000000000004 0.15208472025824463 47.015000000000008
decision_type=10 9 2 10 8 8 8 8 9 2 10 8 8 10
left_child=3 -2 -3 6 -5 -6 -1 8 9 -8 -10 -12 13 -9
right_child=1 2 -4 4 5 -7 7 12 10 -11 11 -13 -14 -15
leaf_value=-0.025818805309783557 -0.017205485223766699 0.035976917593014184 -0.014557221770618549 0.013173644348194666 -0.059453957194658569 -0.001742048124429731 -0.032016488369648786 -0.022156344372999556 0.0047438259412651068 0.026726563955635066 0.057678779116944023 0.007353476369634411 -0.00020725487103506496 0.022120150152951757
leaf_weight=14.209215115755795 14.854397199116645 37.285892041400075 8.0045264065265638 17.722914572805166 13.825310634449124 9.6556894853711128 35.789882807061076 76.513988186139613 420.35238159075379 11.912874182686208 14.531853679567574 22.303475987166166 2793.1903156964108 15.569582161493598
leaf_count=104 108 287 41 98 92 59 264 655 2791 87 96 138 20470 139
internal_value=1.67481e-05 0.0131081 0.022141 -0.000215506 -0.0154805 -0.0367626 -2.62591e-05 8.9427e-05 0.00441454 -0.0141861 0.00654875 0.028207 -0.000668687 -0.0145128
internal_weight=3505.72 60.1448 45.2904 3445.58 41.2039 23.481 3404.37 3390.16 504.89 47.7028 457.188 36.8353 2885.27 92.0836
internal_count=25429 436 328 24993 249 151 24744 24640 3376 351 3025 234 21264 794
cat_boundaries=0 2 3
cat_threshold=8912896 1 622608
is_linear=0
shrinkage=0.05


end of trees

feature_importances:
state=590
months_to_anticipated_completion=384
sector=281
sector_slip_4q=211
agency_slip_rate=208
expenditure_ratio=197
log_cost=193
agency_cost_optimism=188
agency_n=169
slip_to_date_months=144
elapsed_ratio=130
spend_velocity_2q=130
agency_slip_4q=130
physical_progress_pct=129
expected_progress_scurve=116
cost_variation_pct=115
scurve_deviation=94
months_to_scheduled_completion=88
sector_trend_4q=73
spi=63
burn_gap=58
months_since_last_revision=52
sector_actual_target_ratio=45
ext_remark_quarters=45
revisions_so_far=41
ext_months_since_first_land=39
progress_velocity_4q=33
ext_months_since_first_forest_env=32
velocity_vs_sector_median=29
period_type=25
obs_count_in_quarter=20
sector_yoy_growth=19
la_notif_span_by_t=18
progress_velocity_2q=17
months_since_last_obs=16
la_parcels_by_t=13
ext_ever_inter_agency=10
ext_open_total=9
acceleration=7
cost_band=6
ext_ever_utility_shifting=5
stagnation_quarters=4
ext_open_land=4
ext_ever_litigation=3
la_complexity_max_by_t=3
dq_score=2
ext_open_forest_env=2
ext_ever_forest_env=2
fc_expected_complexity=2
la_linked=2
ext_open_inter_agency=1
ext_open_weather=1
ext_ever_land=1
ext_ever_contractor=1

parameters:
[boosting: gbdt]
[objective: binary]
[metric: binary_logloss]
[tree_learner: serial]
[device_type: cpu]
[data_sample_strategy: bagging]
[data: ]
[valid: ]
[num_iterations: 300]
[learning_rate: 0.05]
[num_leaves: 15]
[num_threads: 8]
[seed: 0]
[deterministic: 0]
[force_col_wise: 0]
[force_row_wise: 0]
[histogram_pool_size: -1]
[max_depth: -1]
[min_data_in_leaf: 50]
[min_sum_hessian_in_leaf: 0.001]
[bagging_fraction: 0.8]
[pos_bagging_fraction: 1]
[neg_bagging_fraction: 1]
[bagging_freq: 1]
[bagging_seed: 7719]
[bagging_by_query: 0]
[feature_fraction: 0.8]
[feature_fraction_bynode: 1]
[feature_fraction_seed: 2437]
[extra_trees: 0]
[extra_seed: 11797]
[early_stopping_round: 0]
[early_stopping_min_delta: 0]
[first_metric_only: 0]
[max_delta_step: 0]
[lambda_l1: 0]
[lambda_l2: 1]
[linear_lambda: 0]
[min_gain_to_split: 0]
[drop_rate: 0.1]
[max_drop: 50]
[skip_drop: 0.5]
[xgboost_dart_mode: 0]
[uniform_drop: 0]
[drop_seed: 21238]
[top_rate: 0.2]
[other_rate: 0.1]
[min_data_per_group: 100]
[max_cat_threshold: 32]
[cat_l2: 10]
[cat_smooth: 10]
[max_cat_to_onehot: 4]
[top_k: 20]
[monotone_constraints: ]
[monotone_constraints_method: basic]
[monotone_penalty: 0]
[feature_contri: ]
[forcedsplits_filename: ]
[refit_decay_rate: 0.9]
[cegb_tradeoff: 1]
[cegb_penalty_split: 0]
[cegb_penalty_feature_lazy: ]
[cegb_penalty_feature_coupled: ]
[path_smooth: 0]
[interaction_constraints: ]
[verbosity: -1]
[saved_feature_importance_type: 0]
[use_quantized_grad: 0]
[num_grad_quant_bins: 4]
[quant_train_renew_leaf: 0]
[stochastic_rounding: 1]
[linear_tree: 0]
[max_bin: 255]
[max_bin_by_feature: ]
[min_data_in_bin: 3]
[bin_construct_sample_cnt: 200000]
[data_random_seed: 38]
[is_enable_sparse: 1]
[enable_bundle: 1]
[use_missing: 1]
[zero_as_missing: 0]
[feature_pre_filter: 1]
[pre_partition: 0]
[two_round: 0]
[header: 0]
[label_column: ]
[weight_column: ]
[group_column: ]
[ignore_column: ]
[categorical_feature: 29,30,34]
[forcedbins_filename: ]
[precise_float_parser: 0]
[parser_config_file: ]
[objective_seed: 8855]
[num_class: 1]
[is_unbalance: 0]
[scale_pos_weight: 1]
[sigmoid: 1]
[boost_from_average: 1]
[reg_sqrt: 0]
[alpha: 0.9]
[fair_c: 1]
[poisson_max_delta_step: 0.7]
[tweedie_variance_power: 1.5]
[lambdarank_truncation_level: 30]
[lambdarank_norm: 1]
[label_gain: ]
[lambdarank_position_bias_regularization: 0]
[eval_at: ]
[multi_error_top_k: 1]
[auc_mu_weights: ]
[num_machines: 1]
[local_listen_port: 12400]
[time_out: 120]
[machine_list_filename: ]
[machines: ]
[gpu_platform_id: -1]
[gpu_device_id: -1]
[gpu_use_dp: 0]
[num_gpu: 1]

end of parameters

pandas_categorical:[["Atomic Energy", "Civil Aviation", "Coal", "Defence", "Education", "Fertilizers & Chemicals", "Finance", "Health", "Home Affairs", "Industry & Commerce", "Mines & Metals", "North Eastern Region", "Petroleum & Natural Gas", "Power", "Railways", "Roads & Highways", "Shipping & Ports", "Social Justice", "Steel", "Telecommunications", "Urban Development & Housing", "Water Resources"], ["Andaman & Nicobar Islands", "Andhra Pradesh", "Arunachal Pradesh", "Assam", "Bihar", "Chandigarh", "Chhattisgarh", "Dadra & Nagar Haveli and Daman & Diu", "Delhi", "Goa", "Gujarat", "Haryana", "Himachal Pradesh", "Jammu & Kashmir", "Jharkhand", "Karnataka", "Kerala", "Ladakh", "Madhya Pradesh", "Maharashtra", "Manipur", "Meghalaya", "Mizoram", "Multi-State", "Nagaland", "Odisha", "Offshore", "PAN India", "Puducherry", "Punjab", "Rajasthan", "Sikkim", "Tamil Nadu", "Telangana", "Tripura", "Uttar Pradesh", "Uttarakhand", "West Bengal"], ["flash", "monthly", "quarterly"]]
