tree
version=v4
num_class=1
num_tree_per_iteration=1
label_index=0
max_feature_idx=61
objective=binary sigmoid:1
feature_names=physical_progress_pct elapsed_ratio cost_variation_pct expenditure_ratio burn_gap spi months_to_scheduled_completion months_to_anticipated_completion slip_to_date_months revisions_so_far months_since_last_revision log_cost cost_band progress_velocity_2q progress_velocity_4q spend_velocity_2q acceleration stagnation_quarters velocity_vs_sector_median expected_progress_scurve scurve_deviation sector_actual_target_ratio sector_yoy_growth sector_trend_4q agency_slip_rate agency_cost_optimism agency_n agency_slip_4q sector_slip_4q sector state obs_count_in_quarter months_since_last_obs dq_score period_type ext_open_land ext_open_forest_env ext_open_litigation ext_open_contractor ext_open_funding ext_open_utility_shifting ext_open_inter_agency ext_open_law_order ext_open_weather ext_open_total ext_ever_land ext_ever_forest_env ext_ever_litigation ext_ever_contractor ext_ever_funding ext_ever_utility_shifting ext_ever_inter_agency ext_ever_law_order ext_ever_weather ext_months_since_first_land ext_months_since_first_forest_env ext_remark_quarters fc_expected_complexity la_linked la_complexity_max_by_t la_parcels_by_t la_notif_span_by_t
feature_infos=[0:100] [0:3] [-98.16163146970645:3531.983695652174] [0:2.9628571428571431] [-100:202.78355243044939] [0:5] [-238:377] [-139:149] [-356:324] [0:21] [0:165] [1.8840347453372259:12.144202560946876] [0:3] [-50:50] [-25:25] [-109.34739655973968:124.49167346821885] [-100:100] [0:12] [-52.410000000000004:50] [0:100] [-100:98.25] [0.46842105263157896:5.5947862356621476] [-78.730000000000004:738.90666666666675] [-37.053749999999994:471.87666666666672] [0:1] [-10.394059251432994:29.988410789531677] [0:4779] [0.0069938276777178274:0.94179464715178995] [0.041275556127041271:0.89371864820033176] -1:15:14:13:12:2:19:22:20:23:1:17:7:4:0:10:5:8:9:6:3:18:11:16 -1:19:23:35:25:3:4:1:10:18:37:32:14:15:6:30:33:13:11:2:29:8:16:20:24:36:12:22:31:34:21:9:0:17:26:27:7:28:5 [1:4] [1:82] [0.40000000000000002:1] -1:2:1:0 [0:1] [0:1] [0:1] [0:1] [0:1] [0:1] [0:1] [0:1] [0:1] [0:6] [0:1] [0:1] [0:1] [0:1] [0:1] [0:1] [0:1] [0:1] [0:1] [0:144] [0:144] [0:25] [3:6.5] [0:1] [0:5] [2:13041] [0:4978]
tree_sizes=1733 1756 1774 1766 1764 1759 1776 1762 1767 1792 1758 1760 1769 1782 1781 1769 1774 1784 1763 1786 1751 1775 1770 1776 1765 1787 1780 1798 1775 1796 1786 1793 1776 1801 1808 1787 1788 1794 1792 1798 1784 1772 1794 1801 1777 1779 1781 1775 1768 1784 1777 1798 1793 1791 1796 1776 1786 1767 1784 1796 1792 1788 1807 1781 1791 1805 1807 1791 1815 1789 1806 1795 1799 1795 1790 1791 1772 1798 1777 1782 1794 1774 1775 1787 1801 1780 1789 1790 1792 1781 1784 1775 1765 1780 1780 1806 1798 1795 1795 1793 1781 1791 1783 1797 1769 1808 1787 1792 1780 1796 1800 1780 1782 1781 1799 1784 1776 1775 1802 1788 1772 1802 1779 1781 1792 1796 1793 1781 1790 1811 1791 1768 1773 1796 1786 1790 1786 1777 1787 1794 1789 1781 1794 1789 1813 1792 1755 1785 1787 1783 1779 1762 1797 1786 1779 1795 1784 1790 1789 1774 1799 1781 1783 1788 1766 1795 1785 1778 1764 1779 1777 1793 1751 1796 1770 1768 1777 1773 1793 1776 1791 1780 1772 1772 1787 1794 1785 1784 1778 1795 1752 1772 1784 1773 1779 1795 1788 1785 1779 1747 1791 1808 1767 1796 1785 1789 1798 1789 1765 1789 1791 1763 1804 1775 1775 1802 1791 1781 1788 1773 1806 1743 1761 1782 1764 1790 1766 1772 1775 1785 1786 1787 1785 1747 1741 1793 1779 1775 1776 1782 1778 1769 1784 1777 1791 1789 1781 1777 1784 1794 1786 1794 1763 1786 1738 1782 1785 1779 1783 1786 1784 1792 1782 1788 1774 1812 1776 1755 1785 1790 1783 1805 1792 1772 1782 1793 1805 1765 1749 1756 1767 1776 1751 1771 1780 1791 1772 1780 1777 1782 1796 1778 1776 1769 1795 1745 1772 1779 1794 1779

Tree=0
num_leaves=15
num_cat=2
split_feature=6 22 29 30 25 1 0 25 26 27 10 3 4 10
split_gain=2071.42 650.688 261.189 253.305 147.764 147.536 132.007 116.601 114.961 109.74 94.6901 93.3291 82.1209 73.2348
threshold=7.5000000000000009 -7.8366666666666651 0 1 0.60928368815613487 0.60880327163151116 99.955000000000013 0.61029043832632091 2366.0000000000005 0.061271428616443392 1.0000000180025095e-35 0.060643497625922339 133.63018942383584 4.5000000000000009
decision_type=8 8 9 9 10 8 10 10 2 8 2 10 8 2
left_child=1 -1 3 4 8 -2 9 -6 12 -5 -11 -12 -3 -10
right_child=5 2 -4 6 7 -7 -8 -9 13 10 11 -13 -14 -15
leaf_value=-1.2161471163878923 -1.3871317751083856 -1.3783816971892662 -1.3462454378586171 -1.4007785374449313 -1.2150902985659553 -1.3633630081182038 -1.3739683758395729 -1.324724829087041 -1.3498514860962991 -1.3154616944253834 -1.3427991554043701 -1.2885035811201517 -1.326007122168898 -1.1842593458337227
leaf_weight=146.21793732047081 1445.7503914833069 306.89337855577469 940.39491373300552 27.600689291954041 24.643472582101822 1195.8655795007944 67.687404692173004 460.99722710251808 11.993156656622888 765.91912785172462 85.594994768500328 1042.7474698573351 98.245310693979263 13.800344645977018
leaf_count=890 8800 1868 5724 168 150 7279 412 2806 73 4662 521 6347 598 84
internal_value=-1.34204 -1.31932 -1.32327 -1.31591 -1.33784 -1.37638 -1.30589 -1.31891 -1.35909 -1.30329 -1.30184 -1.29262 -1.36567 -1.25869
internal_weight=6634.35 3992.74 3846.52 2906.12 916.573 2641.62 1989.55 485.641 430.932 1921.86 1894.26 1128.34 405.139 25.7935
internal_count=40382 24303 23413 17689 5579 16079 12110 2956 2623 11698 11530 6868 2466 157
cat_boundaries=0 1 3
cat_threshold=1618323 963235843 18
is_linear=0
shrinkage=1


Tree=1
num_leaves=15
num_cat=4
split_feature=7 7 7 23 0 30 26 29 27 56 27 29 23 30
split_gain=3379.17 1009 379.558 344.321 194.101 159.219 156.696 134.073 125.649 119.93 99.2945 97.4557 96.3494 93.0568
threshold=5.5000000000000009 -1.0000000180025095e-35 14.500000000000002 1.435416666666667 97.890000000000015 0 1329.0000000000002 1 0.4618166242689718 3.5000000000000004 0.49644783015827598 2 1.1027777777777781 3
decision_type=2 2 2 8 10 9 2 9 8 2 10 9 10 9
left_child=1 3 7 12 5 10 -5 -2 9 -8 -3 -4 -1 -9
right_child=2 4 11 6 -6 -7 8 13 -10 -11 -12 -13 -14 -15
leaf_value=0.026015561974384805 0.020819301413304667 0.064549801170494039 -0.045926417648694956 -0.031307260125011685 0.027664263355668867 0.087524956372384652 0.15829711257679702 -0.027020056050075972 -0.013656643190894741 0.0025145106655279242 0.0028994755113314463 -0.024972601237521735 0.16301893139802867 -0.0027533978584650975
leaf_weight=20.813330814242363 329.78436334431171 169.17006486654282 1442.8579061329365 417.7815453261137 214.98799392580986 1106.7928663045168 28.671554028987885 719.36074973642826 58.956200510263443 21.225102320313454 106.15146259963512 1072.5927909463644 34.412994936108589 882.24090953171253
leaf_count=122 1994 1019 8922 2555 1293 6620 164 4365 359 128 648 6612 196 5343
internal_value=0.000503873 0.0515002 -0.0244905 -0.00486638 0.0720261 0.0789016 -0.0173925 -0.00781363 0.0358116 0.0933815 0.0394491 -0.0372869 0.112767 -0.0137628
internal_weight=6625.8 2178.96 4446.84 581.861 1597.1 1382.11 526.634 1931.39 108.853 49.8967 275.322 2515.45 55.2263 1601.6
internal_count=40340 13104 27236 3524 9580 8287 3206 11702 651 292 1667 15534 318 9708
cat_boundaries=0 2 3 4 6
cat_threshold=7016963 6 532499 8556548 1628342622 10
is_linear=0
shrinkage=0.05


Tree=2
num_leaves=15
num_cat=4
split_feature=1 22 15 29 1 10 0 10 8 30 29 27 24 30
split_gain=1573.2 541.414 255.007 189.878 152.586 128.617 107.488 114.786 96.3631 84.9775 67.9911 57.262 81.4835 56.6352
threshold=0.76500600240096051 -7.8366666666666651 0.081714391717933502 0 0.60880327163151116 7.5000000000000009 99.905000000000015 1.0000000180025095e-35 -2.4999999999999996 1 2 0.49457333668015196 0.40535978278548251 3
decision_type=10 8 10 9 8 2 10 2 10 9 9 10 10 9
left_child=4 -2 5 -4 8 13 7 10 -1 11 -5 12 -9 -3
right_child=1 2 3 6 -6 -7 -8 9 -10 -11 -12 -13 -14 -15
leaf_value=0.017709503102069639 0.1078828143848275 -0.010698152829945221 -0.0018195840188772916 0.04238941953494349 -0.017425795067320182 -0.025382556443406819 -0.034395485583407701 0.0067812308474538069 -0.046298664678464059 0.047516814732307074 0.0069339728986270374 -0.011272155749048912 0.080892454672276681 0.015324443501242858
leaf_weight=61.041145876049995 160.91913260519505 294.01797883212566 585.05957110226154 175.90483219921589 952.07437539100647 430.83719855546951 60.924736320972443 99.064989969134331 1321.4931631535292 1066.4539808481932 540.09649297595024 118.23513542115688 58.480977237224579 671.09076415002346
leaf_count=386 886 1789 3584 1038 5898 2634 375 598 8437 6243 3224 724 335 4011
internal_value=0.000125896 0.0181999 0.0146547 0.023611 -0.0328561 -0.00269989 0.0304941 0.0325787 -0.0434618 0.0412015 0.0163794 0.0144573 0.034628 0.00744174
internal_weight=6595.69 4261.09 4100.17 2704.22 2334.61 1395.95 2119.16 2058.24 1382.53 1342.24 716.001 275.781 157.546 965.109
internal_count=40162 25441 24555 16121 14721 8434 12537 12162 8823 7900 4262 1657 933 5800
cat_boundaries=0 1 3 4 6
cat_threshold=4342820 543752707 2 9445507 560567047 18
is_linear=0
shrinkage=0.05


Tree=3
num_leaves=15
num_cat=3
split_feature=7 7 1 22 29 28 26 0 30 0 29 22 27 25
split_gain=2852.69 816.866 319.086 292.901 183.07 165.991 137.118 135.585 122.957 120.308 107.954 81.549 80.4757 75.2342
threshold=5.5000000000000009 -1.0000000180025095e-35 0.71466973886328733 -7.8366666666666651 0 0.88026863702755132 1329.0000000000002 99.805000000000021 1 98.645000000000024 2 -7.8366666666666651 0.4618166242689718 0.78342021216311164
decision_type=2 2 10 8 9 10 2 10 9 8 9 8 8 10
left_child=1 3 -2 -1 -4 7 -5 8 13 12 -10 -6 -8 -3
right_child=2 5 4 6 11 -7 9 -9 10 -11 -12 -13 -14 -15
leaf_value=0.11163536558315645 -0.038857700841569136 0.024860023402077717 0.018949031202077506 -0.029841791816599086 0.045869495066751531 -0.030411551236852314 0.13199412398210775 -0.0061766888034471886 0.033958457658627754 -0.023396445922977252 0.085596110560889949 -0.019451805048253192 0.016055164398718198 0.065393910913152595
leaf_weight=47.593426927924156 1950.5598344653845 242.48123627901077 400.69482399523258 416.09947656095028 48.060248538851738 45.530851766467094 32.490749776363373 62.700855255126953 166.32259923219681 51.748113811016083 936.15786191821098 1946.92886300385 27.626476421952248 219.33107209205627
leaf_count=240 12642 1420 2359 2607 267 267 173 374 966 312 5238 11884 169 1264
internal_value=-0.000197277 0.0455169 -0.0238478 -0.00585576 -0.0116157 0.0631884 -0.016638 0.0658248 0.068713 0.0323046 0.0782184 -0.017767 0.0798496 0.0432756
internal_weight=6594.33 2248.08 4346.24 575.558 2395.68 1672.52 527.965 1626.99 1564.29 111.865 1102.48 1994.99 60.1172 461.812
internal_count=40182 13030 27152 3501 14510 9529 3261 9262 8888 654 6204 12151 342 2684
cat_boundaries=0 1 3 4
cat_threshold=532755 1634439687 6 12731696
is_linear=0
shrinkage=0.05


Tree=4
num_leaves=15
num_cat=4
split_feature=7 7 7 23 28 29 30 29 27 18 8 29 23 23
split_gain=2522.5 706.763 336.53 229.048 136.391 102.89 101.354 98.21 86.0619 83.2623 77.8828 74.2815 69.163 63.3142
threshold=5.5000000000000009 -1.0000000180025095e-35 14.500000000000002 1.5125000000000002 0.88026863702755132 0 1 2 0.49644783015827598 -1.4999999999999989 1.5000000000000002 3 22.257291666666671 -7.4991666666666656
decision_type=2 2 2 8 10 9 9 9 10 10 10 9 10 8
left_child=1 3 5 -1 6 -2 8 -4 -3 -5 -9 -8 -13 -7
right_child=2 4 7 9 -6 13 11 10 -10 -11 -12 12 -14 -15
leaf_value=0.083645827858454147 0.01188348468813194 0.051835678865128125 -0.044111033832188742 -0.031293438267699016 -0.028065633065464054 0.043036268008477679 0.033243122670269951 -0.035724786796224081 -0.00086432554035102249 0.012413086456455724 -0.0081968747370257476 0.075378402595296878 0.019235516135645964 -0.01610497845297244
leaf_weight=61.866369783878326 523.35619883239269 213.68799813091755 1346.5105581283569 345.53631788492203 44.409899950027466 45.911393463611603 209.6067607998848 550.82771447300911 121.15523046255112 158.29117053747177 482.24756094813347 1101.8288853019476 58.578733995556831 1327.2584010213614
leaf_count=314 3163 1203 8874 2187 265 252 1194 3630 722 961 3002 5941 322 8190
internal_value=0.000177517 0.0422067 -0.0225804 -0.00636765 0.0579098 -0.00686297 0.0601645 -0.035099 0.0318726 -0.0175645 -0.0226756 0.0663347 0.0719438 -0.0139959
internal_weight=6591.07 2314.96 4276.11 565.694 1749.27 1896.53 1704.86 2379.59 334.843 503.827 1033.08 1370.01 1160.41 1373.17
internal_count=40220 13109 27111 3462 9647 11605 9382 15506 1925 3148 6632 7457 6263 8442
cat_boundaries=0 1 3 4 5
cat_threshold=549139 23790083 6 8556548 12731824
is_linear=0
shrinkage=0.05


Tree=5
num_leaves=15
num_cat=4
split_feature=7 7 7 22 29 0 7 26 30 27 29 0 25 29
split_gain=2196.45 538.776 246.051 233.133 120.19 119.833 118.904 112.027 97.6865 98.9868 95.35 94.7237 85.1683 70.6394
threshold=6.5000000000000009 -1.0000000180025095e-35 14.500000000000002 -4.0216666666666656 0 99.955000000000013 5.5000000000000009 1329.0000000000002 1 0.49644783015827598 2 98.645000000000024 0.17098304220508923 3
decision_type=2 2 2 8 9 10 2 2 9 10 9 8 10 9
left_child=1 3 4 -1 -2 6 8 -5 9 12 -4 -9 -3 -10
right_child=2 5 10 7 -6 -7 -8 11 13 -11 -12 -13 -14 -15
leaf_value=0.093806802594994187 0.012254039787922678 -0.0062382440098510709 -0.045708376143466505 -0.028817089248646812 -0.017009326240942767 -0.019420980582454388 0.010401907902519377 0.069020901664489084 0.065646694311704251 -0.0090483443622765922 -0.024349069674992039 -0.021815791679011428 0.069870005206601568 0.029355246631912042
leaf_weight=51.67186538875103 478.43228256702423 50.093265935778618 999.02684286236763 407.10658310353756 1253.0393068045378 62.046137318015099 165.70485518872738 61.073373824357986 1203.5503481328487 117.93710306286812 1322.8795339018106 52.686364084482193 135.49901449680328 217.26045732200146
leaf_count=241 2879 281 6767 2624 7781 365 997 336 6285 709 8697 324 737 1202
internal_value=-0.000421173 0.0361801 -0.0232214 -0.00646219 -0.00894845 0.0486837 0.0509285 -0.0165699 0.0548148 0.0258872 -0.0338565 0.0271275 0.0494043 0.0603654
internal_weight=6578.01 2524.63 4053.38 572.538 1731.47 1952.09 1890.05 520.866 1724.34 303.529 2321.91 113.76 185.592 1420.81
internal_count=40225 14101 26124 3525 10660 10576 10211 3284 9214 1727 15464 660 1018 7487
cat_boundaries=0 1 3 4 5
cat_threshold=549123 7012867 2 163844 5287943
is_linear=0
shrinkage=0.05


Tree=6
num_leaves=15
num_cat=2
split_feature=6 22 3 0 29 28 1 30 8 10 27 27 26 56
split_gain=1290.99 315.567 174.927 166.482 125.878 121.146 114.176 104.726 54.9526 53.7629 53.5276 91.6996 79.987 52.685
threshold=7.5000000000000009 -7.8366666666666651 0.054741930193302715 99.955000000000013 0 0.88026863702755132 0.59169301523426288 1 -2.4999999999999996 1.0000000180025095e-35 0.31179255722964755 0.49644783015827598 1427.5000000000002 1.5000000000000002
decision_type=8 8 10 10 9 10 8 9 10 2 8 8 2 2
left_child=1 -1 -3 4 -4 7 8 10 -2 -9 -6 12 -12 -14
right_child=6 2 3 -5 5 -7 -8 9 -10 -11 11 -13 13 -15
leaf_value=0.080896638714872293 0.0090391602895785132 -0.020543147987080665 -9.7829039151452589e-05 -0.035553052347058814 -0.014491910423573793 -0.039783381870639151 -0.01839163573421998 0.021451468465253164 -0.042617849302957672 0.038649889197496894 0.019344543746148184 0.00012186634181823744 0.10867011964281614 0.03238633608527694
leaf_weight=182.07886372506618 53.57954640686512 339.34730945527554 697.35331101715565 144.20613339543343 172.04331202805042 72.057632222771645 1189.2558324038982 745.35541979968548 1141.837598323822 1183.5906263738871 193.75740298628807 364.2235067486763 52.151841014623642 41.464544653892517
leaf_count=879 351 2095 4287 922 1041 438 7726 4221 8047 6514 1114 2167 264 233
internal_value=-2.61726e-05 0.0166953 0.0137575 0.0169371 0.0190958 0.023749 -0.0293849 0.0255123 -0.0402969 0.0318538 0.0101308 0.0167995 0.0378633 0.0755819
internal_weight=6572.3 4187.63 4005.55 3666.2 3522 2824.64 2384.67 2752.59 1195.42 1928.95 823.641 651.597 287.374 93.6164
internal_count=40299 24175 23296 21201 20279 15992 16124 15554 8398 10735 4819 3778 1611 497
cat_boundaries=0 1 3
cat_threshold=8536132 961265667 10
is_linear=0
shrinkage=0.05


Tree=7
num_leaves=15
num_cat=4
split_feature=7 7 7 22 0 29 29 0 25 30 27 22 21 30
split_gain=1886.57 506.69 289.137 209.621 120.603 104.165 92.5851 86.375 106.566 74.8762 67.363 65.9291 95.083 76.1144
threshold=5.5000000000000009 -1.0000000180025095e-35 14.500000000000002 -7.8366666666666651 94.990000000000023 0 1 98.905000000000015 0.47673407361972736 2 0.53084841271084116 -1.1749999999999998 1.0129744445047646 3
decision_type=2 2 2 8 10 9 9 8 10 9 10 8 8 9
left_child=1 3 5 -1 11 -2 -4 8 -5 -7 -10 -3 -13 -14
right_child=2 4 6 7 -6 9 -8 -9 10 -11 -12 12 13 -15
leaf_value=0.083237648701118758 0.012095733443229714 0.10243763585675897 -0.042026558339821288 -0.036573326528592874 0.022517523752468252 -0.025860537501530563 -0.020760456184291162 -0.033721723044104715 0.051906521074591427 -0.0023022047401420921 -0.047082140516914582 0.0053168831702184952 0.017611211918615852 0.059734987740576895
leaf_weight=57.437576726078987 535.52804970741272 67.260361641645432 1263.5529623031616 80.877277374267578 384.78428915143013 654.06625464558601 993.54212328791618 302.90908019244671 107.81776607036591 703.51283855736256 19.600028365850449 102.72842445969582 152.34189240634441 1132.536582544446
leaf_count=252 3189 318 8936 529 2065 4129 6637 1995 622 4334 125 544 856 5761
internal_value=-0.000447695 0.0347473 -0.0208742 -0.00649566 0.0474922 -0.00645859 -0.0329569 -0.0167207 0.00804574 -0.013769 0.0364315 0.0540775 0.0516613 0.0553597
internal_weight=6558.5 2408.29 4150.2 568.642 1839.65 1893.11 2257.1 511.204 208.295 1357.58 127.418 1454.87 1387.61 1284.88
internal_count=40292 13067 27225 3523 9544 11652 15573 3271 1276 8463 747 7479 7161 6617
cat_boundaries=0 1 2 4 6
cat_threshold=549139 8556548 1628359006 10 659969 2
is_linear=0
shrinkage=0.05


Tree=8
num_leaves=15
num_cat=3
split_feature=7 7 6 26 27 29 28 7 0 7 30 25 7 29
split_gain=1757.67 385.182 216.584 189.797 139.346 120.496 105.534 83.1167 78.5108 67.0383 65.4581 74.6788 63.8424 66.0878
threshold=6.5000000000000009 -1.0000000180025095e-35 14.500000000000002 1329.0000000000002 0.47157114451119764 0 0.88026863702755132 5.5000000000000009 99.955000000000013 17.500000000000004 1 0.78342021216311164 3.5000000000000004 2
decision_type=2 2 10 2 8 9 10 2 10 2 9 10 2 9
left_child=1 3 5 -1 -5 -2 7 8 10 -7 11 -3 13 -12
right_child=2 6 -4 4 -6 9 -8 -9 -10 -11 12 -13 -14 -15
leaf_value=-0.023151310342074117 0.001276848062882872 0.0042375210798964091 -0.037601223280044394 0.076651809134988064 -0.021376787562229257 -0.016214937954401421 -0.029275355997057384 0.0095903070452248215 -0.012464727154954992 -0.04216305574474985 0.077432187848852585 0.052056305360947464 0.044458466212892372 0.03447334286598297
leaf_weight=403.1612903624773 973.73124529421329 179.27430166304111 1318.8188558369875 100.16652488708496 55.932791471481323 1338.0666135847569 50.370387390255928 166.04852010309696 54.249366953969002 305.74407184123993 416.35356006026268 149.2287537753582 853.93801362812519 191.08558650314808
leaf_count=2666 6034 1001 9674 478 348 8499 302 987 318 2083 2047 784 4210 972
internal_value=3.44012e-05 0.0317616 -0.0210841 -0.00503213 0.0416142 -0.0127509 0.0417456 0.0435388 0.0465888 -0.0209366 0.0483846 0.0252848 0.0530209 0.0658365
internal_weight=6556.17 2619.81 3936.36 559.261 156.099 2617.54 2060.55 2010.18 1844.13 1643.81 1789.88 328.503 1461.38 607.439
internal_count=40403 14113 26290 3492 826 16616 10621 10319 9332 10582 9014 1785 7229 3019
cat_boundaries=0 1 3 4
cat_threshold=550163 157942275 6 9469958
is_linear=0
shrinkage=0.05


Tree=9
num_leaves=15
num_cat=3
split_feature=8 22 3 0 3 28 30 24 30 8 19 23 30 32
split_gain=622.809 262.736 139.329 128.641 113.909 81.4992 72.1348 70.6432 56.6289 53.8132 49.0506 55.014 35.0694 33.9517
threshold=1.5000000000000002 -7.8366666666666651 0.33213454851892993 99.955000000000013 0.34122875856846957 0.88026863702755132 0 0.25580983652058836 1 -2.4999999999999996 29.000000000000004 1.6819444444444447 2 2.5000000000000004
decision_type=10 8 10 10 10 10 9 8 9 8 8 10 9 8
left_child=4 -2 6 5 9 7 -3 -4 -9 -1 -11 -12 -6 -10
right_child=1 2 3 -5 12 -7 -8 8 13 10 11 -13 -14 -15
leaf_value=0.020824986475144525 0.070657900758558614 -0.020768421692972536 0.00079909918090203711 -0.03547930422461433 -0.021735316800821369 -0.042663125984872402 0.0063926316165727852 0.031195687345729053 0.058858294775958143 -0.043122024558936295 -0.017867803883461302 -0.045926335888016229 0.0014546518679021045 0.013332380162695175
leaf_weight=54.96511772274971 183.03737933933735 468.17953337728977 473.20465235412121 120.24071723222733 210.27695532143116 54.900495201349258 493.72267998754978 974.13070739805698 41.460469543933868 450.65037143230438 879.30117130279541 218.03820659220219 620.54781544208527 1243.0735615491867
leaf_count=369 838 3027 2876 797 1359 345 3088 5290 225 3397 6067 1534 3857 7008
internal_value=0.000277217 0.0122845 0.00950529 0.0149621 -0.0197103 0.0171504 -0.0069844 0.0183676 0.0220464 -0.0274941 -0.0292221 -0.0234797 -0.00467748 0.0147318
internal_weight=6485.73 4051.95 3868.91 2907.01 2433.78 2786.77 961.902 2731.87 2258.66 1602.95 1547.99 1097.34 830.825 1284.53
internal_count=40077 23494 22656 16541 16583 15744 6115 15399 12523 11367 10998 7601 5216 7233
cat_boundaries=0 2 4 6
cat_threshold=571215190 59 3264487246 16 2709762 50
is_linear=0
shrinkage=0.05


Tree=10
num_leaves=15
num_cat=5
split_feature=7 7 7 26 29 29 20 0 30 30 34 1 24 22
split_gain=1504.31 357.51 236.914 187.513 96.6838 92.06 91.0922 83.855 70.5146 59.6976 55.0287 53.1994 50.2902 52.105
threshold=5.5000000000000009 -1.0000000180025095e-35 14.500000000000002 1329.0000000000002 0 1 -0.48999999999999838 99.135000000000005 2 3 4 0.53149801587301593 0.26995309163600023 3.7783333333333338
decision_type=2 2 2 2 9 9 10 8 9 9 1 8 10 10
left_child=1 3 5 10 -4 -2 12 -5 -7 -8 -1 -6 13 -3
right_child=2 6 4 7 11 8 9 -9 -10 -11 -12 -13 -14 -15
leaf_value=0.035218777825302222 0.0071620103239006042 0.035423147995403623 -0.042783885542791972 0.065270569487587068 -0.034280449952492756 -0.028745787888027664 -0.005087986906718571 -0.014205119054839092 -0.0033206096275535807 0.032649121746634105 -0.029290720621429123 -0.012646998587234349 0.053062025804988346 -0.040551740200297087
leaf_weight=35.562540590763092 771.41897304356098 228.30996245145798 917.76925504207611 108.47064627707005 453.83527602255344 510.97560904920101 135.56287299096584 47.183032736182213 594.14727593958378 496.40273116528988 358.77852512896061 762.97078518569469 1044.889067903161 24.197339937090874
leaf_count=193 4640 1153 6936 521 3450 3309 739 294 3703 2479 2460 5085 5077 129
internal_value=-0.000118881 0.0304911 -0.0190425 -0.00506306 -0.0304322 -0.00607729 0.0406238 0.0412423 -0.0152439 0.0249943 -0.0233987 -0.0205683 0.0482118 0.0280114
internal_weight=6490.47 2479.36 4011.12 549.995 2134.58 1876.54 1929.36 155.654 1105.12 631.966 394.341 1216.81 1297.4 252.507
internal_count=40168 13045 27123 3468 15471 11652 9577 815 7012 3218 2653 8535 6359 1282
cat_boundaries=0 1 2 4 6 7
cat_threshold=8552452 553267 1630423390 10 2621962 6 1
is_linear=0
shrinkage=0.05


Tree=11
num_leaves=15
num_cat=3
split_feature=7 7 6 32 29 0 25 25 23 30 24 27 29 32
split_gain=1389.14 284.119 184.2 142.435 113.265 91.5882 74.3772 71.12 73.0877 69.9175 79.754 69.655 71.5434 63.6064
threshold=6.5000000000000009 -1.4999999999999998 14.500000000000002 5.5000000000000009 0 99.955000000000013 0.37473311261909187 0.41041104709104143 -3.018958333333333 1 0.49879420595654606 0.93218105407386576 2 3.5000000000000004
decision_type=2 2 10 8 9 10 8 8 8 9 10 10 9 10
left_child=1 3 4 -1 -2 9 -6 13 -9 10 -3 12 -11 -8
right_child=2 5 -4 -5 6 -7 7 8 -10 11 -12 -13 -14 -15
leaf_value=-0.019020587479689377 0.0099714704153033591 0.025544002493005369 -0.035763680504714283 0.064935586305590751 -0.032921474314250423 -0.021439037528938089 0.0066918174824266213 0.054607184086275608 -0.015024961657544553 0.045331450147597423 -0.039298255845841679 -0.036265365175085683 0.015602538311318602 0.14005502993209298
leaf_weight=404.16735371947289 468.89921627938747 230.65973129868507 1221.8284193947911 56.728254646062851 551.43952393531799 70.190447807312012 24.703021571040154 37.719721972942352 1461.1261128410697 1573.7204280644655 58.684312522411346 28.719275742769241 275.0972338616848 13.108075603842734
leaf_count=2683 2748 1227 9566 261 3671 427 161 214 9599 7595 349 172 1457 81
internal_value=-0.000236063 0.0271628 -0.0198001 -0.00856883 -0.0121611 0.034525 -0.0170994 -0.011515 -0.0132374 0.0363469 0.0118931 0.0398318 0.0412481 0.0553426
internal_weight=6476.79 2697.97 3778.82 460.896 2557 2237.07 2088.1 1536.66 1498.85 2166.88 289.344 1877.54 1848.82 37.8111
internal_count=40211 14171 26040 2944 16474 11227 13726 10055 9813 10800 1576 9224 9052 242
cat_boundaries=0 1 3 4
cat_threshold=532755 4854272 2 1617927
is_linear=0
shrinkage=0.05


Tree=12
num_leaves=15
num_cat=2
split_feature=7 7 7 1 32 0 29 22 27 27 27 29 8 18
split_gain=1194.43 193.383 219.245 141.599 109.06 104.635 95.3651 63.3358 88.5826 73.5138 70.4138 61.1744 54.8028 52.5871
threshold=8.5000000000000018 -3.4999999999999996 5.5000000000000009 0.5750816993464053 5.5000000000000009 97.890000000000015 0 -1.1749999999999998 0.49644783015827598 0.44236249090085772 0.34456522662312533 1 -2.4999999999999996 -1.4999999999999989
decision_type=2 2 2 8 8 10 9 10 8 10 10 9 10 10
left_child=1 4 5 12 13 7 -5 8 9 -3 -9 -4 -2 -1
right_child=3 2 11 6 -6 -7 -8 10 -10 -11 -12 -13 -14 -15
leaf_value=-0.034759399295483565 0.017419836180669002 0.042622543347732765 0.0240775071145331 0.0089473499358631078 0.057637013231947642 0.0057049659022720732 -0.019244984167830517 -0.018828580415882156 0.02653846291297662 0.073657307177072848 0.0392460173259086 -0.0064848277468587236 -0.040037942150800011 0.0089156971380356734
leaf_weight=238.96337305009365 42.878013640642166 772.71773116290569 221.84048317372799 356.70740927755833 47.994127377867699 287.4199508279562 1796.7773442864418 97.471836596727371 628.83890822529793 256.94751679897308 110.25694458186626 542.38960655033588 941.27950114756823 96.201801016926765
leaf_count=1672 304 3725 1278 2136 219 1545 12272 517 3099 1176 527 3405 7642 606
internal_value=0.000272389 0.0212648 0.0256495 -0.021813 -0.0121056 0.0338107 -0.014621 0.0381339 0.0413934 0.0504311 0.0120362 0.00263657 -0.0375195 -0.0222342
internal_weight=6438.68 3301.04 2917.88 3137.64 383.159 2153.65 2153.48 1866.23 1658.5 1029.67 207.729 764.23 984.158 335.165
internal_count=40123 17769 15272 22354 2497 10589 14408 9044 8000 4901 1044 4683 7946 2278
cat_boundaries=0 1 2
cat_threshold=533762 536595
is_linear=0
shrinkage=0.05


Tree=13
num_leaves=15
num_cat=1
split_feature=7 7 1 0 21 27 7 30 23 22 27 0 23 19
split_gain=1154.79 243.18 176.36 127.427 80.8223 71.0337 64.9028 61.7911 54.675 53.4924 79.9843 52.34 53.8909 49.0531
threshold=6.5000000000000009 -1.0000000180025095e-35 0.59169301523426288 99.215000000000018 1.0042117419142205 0.93218105407386576 3.5000000000000004 0 1.6819444444444447 3.8200000000000007 0.44147299399599776 89.915000000000006 22.257291666666671 90.855000000000018
decision_type=2 2 8 8 8 10 2 9 8 8 10 10 10 10
left_child=1 3 -2 8 -4 6 7 -3 -1 10 -6 12 -8 -10
right_child=2 5 4 -5 9 -7 11 -9 13 -11 -12 -13 -14 -15
leaf_value=0.062005339869891353 -0.035885761237054406 0.024832270209054323 -0.036949257966125693 -0.029293095562859962 -0.011707114176295146 -0.031893183516738491 0.033657242829879995 0.054848221305062922 0.022828599115493037 -0.010030474343938551 0.074790466035550993 0.006564483272897677 -0.030303967588791954 -0.029174017142590547
leaf_weight=57.267393246293068 1010.3953750133514 346.14404825866222 275.91494730859995 271.48998130857944 60.989312238991261 41.586143314838409 963.56878712773323 532.1447124928236 151.07412737607956 2292.1542584002018 46.258400276303291 267.76160728931427 33.356021031737328 63.656386688351631
leaf_count=239 8350 1722 1918 1912 378 260 4640 2490 896 15156 259 1303 173 436
internal_value=0.000153693 0.024809 -0.0180972 -0.00511275 -0.011368 0.0322521 0.0335112 0.0439665 0.0190413 -0.0084122 0.0259475 0.0262213 0.0314889 0.00734876
internal_weight=6413.76 2728.05 3685.71 543.488 2675.32 2184.56 2142.98 878.289 271.998 2399.4 107.248 1264.69 996.925 214.731
internal_count=40132 14071 26061 3483 17711 10588 10328 4212 1571 15793 637 6116 4813 1332
cat_boundaries=0 2
cat_threshold=2729154051 6
is_linear=0
shrinkage=0.05


Tree=14
num_leaves=15
num_cat=4
split_feature=7 0 7 7 1 32 29 22 15 30 22 20 30 29
split_gain=1019.22 163.146 148.152 143.639 122.204 92.9677 80.6067 67.3997 86.7383 71.7104 53.6511 52.8203 50.8195 48.9798
threshold=8.5000000000000018 99.995000000000019 5.5000000000000009 -4.4999999999999991 0.5750816993464053 4.5000000000000009 0 -1.1749999999999998 1.0000000180025095e-35 1 -2.878333333333333 -0.48999999999999838 2 3
decision_type=2 10 2 2 8 8 9 8 10 9 10 10 9 9
left_child=1 2 3 5 -2 -1 -6 -5 9 -9 -8 -10 -13 -4
right_child=4 -3 13 7 6 -7 10 8 11 -11 -12 12 -14 -15
leaf_value=-0.02215349682101023 -0.035968222712093025 -0.029694319064433213 -0.0083914187503773795 0.065556101999173416 0.0089101079885983668 0.059139068171712633 -0.01478424540895309 -0.0078465128172317718 0.042576427851301141 0.026770790066938822 -0.038982848562287897 0.042556766296354277 0.0062656364819436219 0.016997280665685541
leaf_weight=206.66770368814468 936.70490392297506 162.59787732362747 444.25307792425156 137.51392613351345 316.97737145423889 41.35596114397049 1538.8307828903198 238.24538853764534 988.53922551870346 384.18539914488792 268.87840653210878 156.76436564326286 257.87243197858334 315.47876571118832
leaf_count=1428 7973 1098 2809 588 1900 181 10633 1282 4594 1865 1946 738 1291 1845
internal_value=-0.000102619 0.0190239 0.0215307 0.0275952 -0.0209285 -0.00841556 -0.0142841 0.0317262 0.0293984 0.0138327 -0.0183019 0.0362883 0.0212305 0.00227285
internal_weight=6394.87 3333.47 3170.88 2411.14 3061.39 248.024 2124.69 2163.12 2025.61 622.431 1807.71 1403.18 414.637 759.732
internal_count=40171 17719 16621 11967 22452 1609 14479 10358 9770 3147 12579 6623 2029 4654
cat_boundaries=0 1 3 5 6
cat_threshold=9475 3242823703 22 3221521748 17 9601028
is_linear=0
shrinkage=0.05


Tree=15
num_leaves=15
num_cat=3
split_feature=7 7 1 0 29 22 30 22 15 27 8 34 7 7
split_gain=915.246 185.103 160.217 101.571 89.1422 79.2869 77.6391 66.0999 88.5403 60.7499 53.6502 47.8747 48.437 47.7616
threshold=6.5000000000000009 -6.4999999999999991 0.70856227106227121 99.955000000000013 0 -0.41166666666666651 1 -1.1749999999999998 0.044732960187029942 0.2631009977810419 -2.4999999999999996 2 2.5000000000000004 15.500000000000002
decision_type=2 2 8 10 9 8 9 8 10 8 10 1 2 2
left_child=1 5 10 7 -4 -1 -6 -3 9 -9 -2 -10 -13 -8
right_child=2 3 4 -5 6 -7 13 8 11 -11 -12 12 -14 -15
leaf_value=0.04865212732868885 0.018124052369825401 0.059919189112280891 0.013199161462030852 -0.024153822504518464 -0.022960631600610026 -0.026955584718596381 0.0059664725706199294 -0.019196761158852785 -0.0023224281882787963 0.018473319919459164 -0.032412986679156687 0.051321754534875696 0.029878421964785046 -0.016690819645222919
leaf_weight=39.465219378471375 54.225434243679047 154.77602362632751 392.46310740709305 95.029602721333504 938.39477401226759 243.57435960322618 600.36422829329967 130.36913233995438 90.504022985696793 579.33295506238937 1241.2781841531396 351.09179553389549 1087.4356450587511 378.34464948624372
leaf_count=168 395 662 2241 615 6486 1752 3813 731 477 2916 10448 1706 5064 2727
internal_value=0.000389745 0.0219895 -0.0162176 0.0263468 -0.00831695 -0.0162792 -0.0127287 0.0283611 0.0261536 0.0115362 -0.0302853 0.0329262 0.035144 -0.00277208
internal_weight=6376.65 2771.58 3605.07 2488.54 2309.57 283.04 1917.1 2393.51 2238.73 709.702 1295.5 1529.03 1438.53 978.709
internal_count=40201 14091 26110 12171 15267 1920 13026 11556 10894 3647 10843 7247 6770 6540
cat_boundaries=0 1 3 4
cat_threshold=533507 1124883803 10 1
is_linear=0
shrinkage=0.05


Tree=16
num_leaves=15
num_cat=3
split_feature=7 0 1 7 7 26 29 30 7 28 26 26 8 29
split_gain=797.564 149.997 115.23 110.182 122.895 100.638 81.722 55.561 47.9544 66.9338 60.0245 52.776 47.3791 46.2444
threshold=8.5000000000000018 99.995000000000019 0.56691542288557228 5.5000000000000009 -3.4999999999999996 1329.0000000000002 0 1 17.500000000000004 0.39531472888517366 4135.0000000000009 1.0000000180025095e-35 -2.4999999999999996 2
decision_type=2 10 8 2 2 2 9 9 2 10 2 2 10 9
left_child=1 3 12 4 5 -1 8 -6 9 10 11 -4 -2 -9
right_child=2 -3 6 -5 7 -7 -8 13 -10 -11 -12 -13 -14 -15
leaf_value=-0.023046324801651148 0.018942220360549714 -0.031184226258720943 0.021733879167228881 0.0023305776509930281 0.014535552420255393 0.044840267721623986 -0.0028721361740133137 0.037372044070552585 -0.038721247854663354 -0.03071848336770383 0.088338826895577718 -0.019901890867876817 -0.036553223148276033 0.012863577793074954
leaf_weight=220.71921583265066 39.711961284279823 155.81906992942095 119.36734478920698 764.49094032496214 610.84324112534523 71.440875560045242 1094.2091622278094 1282.3085706979036 323.35640896111727 350.37331589311361 17.344705678522587 206.09040141105652 841.78593152016401 270.29699416458607
leaf_count=1581 289 1090 822 4677 3029 339 7289 5722 2567 2434 93 1468 7591 1331
internal_value=-6.66642e-05 0.01659 -0.0188584 0.0189107 0.0240695 -0.00634993 -0.0125074 0.0281785 -0.0226154 -0.0153831 0.00033481 -0.00461144 -0.0340345 0.0332258
internal_weight=6368.16 3375.92 2992.24 3220.1 2455.61 292.16 2110.74 2163.45 1016.53 693.176 342.802 325.458 881.498 1552.61
internal_count=40322 17769 22553 16679 12002 1920 14673 10082 7384 4817 2383 2290 7880 7053
cat_boundaries=0 1 3 4
cat_threshold=13795972 1229689350 6 1094023
is_linear=0
shrinkage=0.05


Tree=17
num_leaves=15
num_cat=3
split_feature=7 7 7 1 22 0 22 24 30 25 30 30 25 26
split_gain=748.117 123.169 143.22 111.16 96.7914 58.7737 53.2083 60.0721 48.8404 46.1541 40.7534 39.8243 38.1684 37.3546
threshold=8.5000000000000018 -1.4999999999999998 5.5000000000000009 0.65030120481927722 -7.8366666666666651 94.990000000000023 0.82500000000000007 0.48942070234144358 0 0.099742071847770161 1 2 1.0535159197428039 1329.0000000000002
decision_type=2 2 2 10 8 10 10 10 9 10 9 9 8 2
left_child=1 4 5 12 -1 6 -3 9 -5 -8 -4 -7 -2 -6
right_child=3 2 10 8 13 11 7 -9 -10 -11 -12 -13 -14 -15
leaf_value=0.051501174045184173 -0.039113676374942563 0.033137639675907243 0.02208435199269343 -0.020025426652389745 -0.026501998026152253 -0.010330215246075948 -0.051216232043307747 0.058409301502236048 -0.0028818442985390192 0.009701510319676504 -0.0052533765819017296 0.020212448328024171 -0.021479101283751009 0.010835186208056728
leaf_weight=56.554053097963333 603.79048872739077 1549.5098681002855 164.3362754881382 733.49636521190405 294.88089269399643 155.93432435393333 47.284807354211807 38.030062332749367 969.06207321584225 86.633339092135429 602.13474771380424 302.19397381693125 633.95919066667557 85.984292402863503
leaf_count=229 5418 7010 954 5152 2209 805 242 172 6469 415 3733 1477 5399 492
internal_value=-0.000263684 0.0157659 0.0194412 -0.0187084 -0.00897507 0.0259761 0.030211 0.00379841 -0.0104095 -0.012028 0.000848449 0.0100319 -0.0301061 -0.0180664
internal_weight=6323.78 3383.48 2946.06 2940.31 437.419 2179.59 1721.46 171.948 1702.56 133.918 766.471 458.128 1237.75 380.865
internal_count=40176 17738 14808 22438 2930 10121 7839 829 11621 657 4687 2282 10817 2701
cat_boundaries=0 2 4 6
cat_threshold=1126985034 10 75571200 37 7874314 52
is_linear=0
shrinkage=0.05


Tree=18
num_leaves=15
num_cat=6
split_feature=7 7 7 29 26 27 30 30 29 20 29 32 7 30
split_gain=666.356 149.583 139.012 97.2085 91.9615 86.5623 79.6297 65.0302 51.0429 48.2899 49.6209 43.5997 43.2665 43.0434
threshold=5.5000000000000009 1.5000000000000002 14.500000000000002 0 1329.0000000000002 0.47157114451119764 1 2 3 1.7575000000000041 4 2.5000000000000004 3.5000000000000004 5
decision_type=2 2 2 9 2 8 9 9 9 10 9 8 2 9
left_child=1 4 7 -4 6 -6 -1 8 -2 10 -3 -12 -11 -5
right_child=2 9 3 13 5 -7 -8 -9 -10 12 11 -13 -14 -15
leaf_value=-0.032190786781470221 -0.025900613370573783 0.0044676557462953511 -0.037804461716854608 -0.022539906531162422 0.052366752467132197 -0.012219695581214815 0.0089495265977328209 0.0037038604905006191 0.0003255351735556744 0.026860057427321199 0.087803677325604026 0.032667907817475937 -0.0013157749841376507 -0.002356234877012843
leaf_weight=253.54530367255211 459.10043251514435 177.32703280448914 753.50596261024475 632.62811900675297 123.76827983558178 88.259291224181652 208.60264971107244 1033.7827054932714 315.62809757143259 276.44337268173695 36.389921516180038 1181.8384729474783 267.55649130046368 467.17498488724232
leaf_count=1810 3194 844 6760 5023 560 505 1309 6481 1999 1334 154 5216 1248 3638
internal_value=-0.000633975 0.0186468 -0.0143975 -0.0240174 -0.00164045 0.0255506 -0.0141436 -0.00453152 -0.015361 0.0256957 0.0306219 0.0341058 0.0130253 -0.0140745
internal_weight=6275.55 2613.73 3661.82 1853.31 674.176 212.028 462.148 1808.51 774.729 1939.56 1395.56 1218.23 544 1099.8
internal_count=40075 12980 27095 15421 4184 1065 3119 11674 5193 8796 6214 5370 2582 8661
cat_boundaries=0 1 3 5 6 7 9
cat_threshold=8421380 554540802 58 1631505674 10 8421380 12731424 1670122834 41
is_linear=0
shrinkage=0.05


Tree=19
num_leaves=15
num_cat=3
split_feature=7 0 7 29 7 7 26 28 26 30 1 30 28 27
split_gain=677.807 116.876 99.0807 97.8342 90.0606 74.6139 67.4674 64.2171 72.9071 54.2758 53.5481 50.0703 44.0033 40.6451
threshold=8.5000000000000018 99.995000000000019 5.5000000000000009 0 -4.4999999999999991 17.500000000000004 1108.5000000000002 0.39531472888517366 4135.0000000000009 1 0.42572892040977156 2 0.35205023200391966 0.49644783015827598
decision_type=2 10 2 9 2 2 2 10 2 9 8 9 8 10
left_child=1 2 4 5 6 7 -1 8 9 -2 -5 13 -8 -6
right_child=3 -3 -4 10 11 -7 12 -9 -10 -11 -12 -13 -14 -15
leaf_value=-0.026191660382954104 -0.037277829569327077 -0.028144520751445148 0.00094980963708667619 -0.028438188389011788 0.023372010228908745 -0.04164815416963058 0.055452758680580895 -0.032167607527489706 0.090480838512362605 0.0052127043581840444 -0.0050910701350238251 0.03156685229049782 -0.023937889724131821 0.0024876632794505558
leaf_weight=160.21250405162573 97.391659788787365 151.28809851408005 764.52185136079788 304.00432616472244 664.9848658144474 590.76831950992346 53.362145945429802 374.97355512529612 18.890627585351467 241.73441571742296 1264.3390337526798 1219.3697254955769 25.017136268317699 358.72022570669651
leaf_count=1243 752 1085 4685 2807 3127 5553 222 2798 102 1764 8861 5411 165 1768
internal_value=-0.000456219 0.0146858 0.01669 -0.0182432 0.0215367 -0.0282176 -0.00764086 -0.0177354 -0.00257218 -0.00800637 -0.00957088 0.0246423 0.0301305 0.0159082
internal_weight=6289.58 3397.48 3246.19 2892.1 2481.67 1323.76 238.592 732.99 358.017 339.126 1568.34 2243.07 78.3793 1023.71
internal_count=40343 17706 16621 22637 11936 10969 1630 5416 2618 2516 11668 10306 387 4895
cat_boundaries=0 1 3 5
cat_threshold=9601028 1103899712 24 1097568786 47
is_linear=0
shrinkage=0.05


Tree=20
num_leaves=15
num_cat=3
split_feature=7 0 1 23 7 29 3 29 27 30 24 16 27 3
split_gain=576.501 99.1418 96.7682 86.1148 78.3204 73.519 60.6826 54.2879 78.9728 98.4111 80.2457 65.3886 51.7987 51.1236
threshold=8.5000000000000018 99.805000000000021 0.59169301523426288 21.895416666666669 5.5000000000000009 0 inf 1 0.49644783015827598 2 0.45113630714682929 -1.0000000180025095e-35 0.57328632570346405 0.90381932312047375
decision_type=2 10 8 10 2 9 8 9 8 9 10 8 10 10
left_child=1 3 -2 4 6 13 7 -1 10 -10 11 -9 -5 -4
right_child=2 -3 5 12 -6 -7 -8 8 9 -11 -12 -13 -14 -15
leaf_value=0.0029389752240057787 -0.0314276618161866 -0.023133489503969457 -0.0028141302059006782 -0.038399754183835719 0.0026925254945278261 -0.018925945613949838 -0.021693814334439919 0.054510014870806492 -0.027910135255671611 0.020752318530860583 0.059278950792421903 0.02105650592943599 0.039477028369642078 0.045349669559179656
leaf_weight=314.75000373274088 852.96977362036705 177.463827945292 711.03368008881807 110.72444507479668 742.13155356049538 1196.6874902024865 78.527912855148315 179.27666110545397 114.71633638441563 641.59779387712479 246.97206366062164 787.65786439180374 25.536822155117989 58.717241682112217
leaf_count=1712 8283 1243 4792 651 4520 8932 507 791 657 2895 1042 3626 128 370
internal_value=-0.000634901 0.013165 -0.01737 0.0151585 0.0168671 -0.0112594 0.0213149 0.0228018 0.025826 0.0132497 0.0338567 0.0273089 -0.0236235 0.000902211
internal_weight=6238.76 3419.36 2819.41 3241.89 3105.63 1966.44 2363.5 2284.97 1970.22 756.314 1213.91 966.935 136.261 769.751
internal_count=40149 17772 22377 16529 15750 14094 11230 10723 9011 3552 5459 4417 779 5162
cat_boundaries=0 1 2 4
cat_threshold=25859 4343312 4719104 2
is_linear=0
shrinkage=0.05


Tree=21
num_leaves=15
num_cat=2
split_feature=7 7 7 29 26 29 0 32 28 32 56 28 22 27
split_gain=515.463 125.159 116.435 80.4688 75.1057 59.4429 57.1153 43.4439 46.2704 41.5506 41.4327 41.1733 38.5704 50.5946
threshold=5.5000000000000009 -2.4999999999999996 14.500000000000002 0 1329.0000000000002 1 98.00500000000001 3.5000000000000004 0.31971911231982536 2.5000000000000004 1.0000000180025095e-35 0.32941054859935143 -2.878333333333333 0.31179255722964755
decision_type=2 2 2 9 2 9 10 10 10 8 2 10 10 10
left_child=1 4 5 -4 -1 -2 9 -7 -9 -3 -6 -10 -11 -14
right_child=2 6 3 -5 10 7 -8 8 11 12 -12 -13 13 -15
leaf_value=-0.02389405410101475 0.009507114323050854 0.066727598669885674 -0.034859720961258077 -0.012758670208382337 0.054145472907374093 -0.012257385708975419 -0.0017952520634840119 -0.020604142461963498 0.12511897386007717 0.024678091055678333 -0.0081929457374184302 0.018729069646956902 -0.025832923767340695 0.022978076980757045
leaf_weight=277.07280521839857 561.62705669552088 53.196869358420372 714.80358643084764 1058.2018810734153 56.774591915309429 1166.3984997719526 252.06524818390608 25.881032258272171 15.439886301755903 1758.8675273507833 49.056274376809597 21.303551308810711 91.328866079449654 123.92961557209492
leaf_count=2134 3365 226 6903 8559 267 7948 1313 168 90 7831 283 128 465 552
internal_value=-0.00043933 0.0162024 -0.0128729 -0.021952 -0.0102269 -0.00387599 0.0206446 -0.0099905 0.0301897 0.0234342 0.0254432 0.0655655 0.0222344 0.00224508
internal_weight=6225.95 2662.29 3563.66 1773.01 382.904 1790.65 2279.39 1229.02 62.6245 2027.32 105.831 36.7434 1974.13 215.258
internal_count=40232 13071 27161 15462 2684 11699 10387 8334 386 9074 550 218 8848 1017
cat_boundaries=0 1 2
cat_threshold=8552452 4743443
is_linear=0
shrinkage=0.05


Tree=22
num_leaves=15
num_cat=3
split_feature=7 29 22 7 7 7 20 28 34 7 23 27 30 6
split_gain=509.233 87.5779 83.5095 115.996 77.4688 61.9815 61.0472 45.8405 60.4444 44.2164 42.248 37.6755 34.48 33.6736
threshold=8.5000000000000018 0 -1.1749999999999998 -3.4999999999999996 5.5000000000000009 17.500000000000004 2.515000000000001 0.39531472888517366 1 37.500000000000007 37.039791666666673 0.47116247171405778 2 15.500000000000002
decision_type=2 9 8 2 2 2 10 10 1 2 8 8 9 10
left_child=2 5 -1 -4 6 7 10 8 -2 13 -5 -10 -12 -3
right_child=1 9 3 4 -6 -7 -8 -9 11 -11 12 -13 -14 -15
leaf_value=0.04086482121431486 -0.022851626686961515 0.0011418336753329702 -0.018901476646552468 -0.0013436046995550148 -0.00076754960719232568 -0.038814452224564977 0.0042476285450141578 -0.02909039299725279 0.0078465471144371184 -0.026177164402357629 0.012373950996269799 0.072191861475776276 0.030782099591586277 -0.017092596257613443
leaf_weight=242.13716435432434 188.32946986705065 895.92624040693045 303.56002683192492 156.99795505404472 711.18610147386789 545.99971095472574 573.489043854177 351.30432062596083 137.86769939959049 273.57158716768026 400.65740270912647 26.324085764586926 1036.9872797578573 351.86488370597363
leaf_count=1067 1518 6029 2308 755 4393 5547 2803 2755 980 2316 1880 150 4490 3219
internal_value=-0.000278463 -0.0162107 0.0126133 0.010452 0.0135521 -0.0259706 0.0182474 -0.0163345 -0.00357624 -0.00795813 0.0232764 0.0185373 0.0259641 -0.00400967
internal_weight=6196.2 2771.19 3425.01 3182.88 2879.32 1249.83 2168.13 703.826 352.521 1521.36 1594.64 164.192 1437.64 1247.79
internal_count=40210 22514 17696 16629 14321 10950 9928 5403 2648 11564 7125 1130 6370 9248
cat_boundaries=0 1 2 4
cat_threshold=9601156 4 1074500099 35
is_linear=0
shrinkage=0.05


Tree=23
num_leaves=15
num_cat=4
split_feature=7 15 10 1 7 21 23 29 21 5 20 30 30 30
split_gain=419.019 82.4332 82.0491 65.9708 59.3876 59.3759 49.3402 49.7489 48.3886 42.3358 39.1167 41.0339 38.8935 32.5718
threshold=11.500000000000002 0.0028286397774441277 7.5000000000000009 0.58374587458745886 5.5000000000000009 1.0042117419142205 1.60375 0 0.96281320404573056 0.7833387978142079 -0.34999999999999709 1 2 3
decision_type=2 10 2 8 2 10 10 9 10 10 10 9 9 9
left_child=1 2 8 -2 10 9 7 13 12 -6 -3 -12 -1 -5
right_child=3 4 -4 6 5 -7 -8 -9 -10 -11 11 -13 -14 -15
leaf_value=-0.011569985392028524 -0.029329405537470765 0.025777950234593939 -0.019915379120241661 -0.0075605349993829027 0.0041924659316340202 0.044852509605437629 -0.03706467825938288 -0.016688097490572359 0.030467135511507277 -0.037807116603240397 -0.0034443382931719155 0.023871843615490187 0.010786537415274798 0.015754265804075775
leaf_weight=309.27975050359964 756.00250313431025 1150.1629409268498 379.62606021761894 320.74408703297377 808.61362402141094 84.033127635717392 161.17522155493498 693.0961220189929 184.04151163250208 63.804227493703365 293.56916608661413 247.7685054987669 485.6700039729476 263.33589927852154
leaf_count=1789 7878 5120 2498 2229 5162 469 1295 5582 859 424 1497 1193 2614 1817
internal_value=0.000180668 0.00979899 -0.000213965 -0.0173774 0.0149346 0.00496962 -0.0110794 -0.00777375 0.00743823 0.00108106 0.020563 0.00945581 0.00207515 0.00304799
internal_weight=6200.92 4006.57 1358.62 2194.35 2647.95 956.451 1438.35 1277.18 978.991 872.418 1691.5 541.338 794.95 584.08
internal_count=40426 21625 7760 18801 13865 6055 10923 9628 5262 5586 7810 2690 4403 4046
cat_boundaries=0 1 3 5 7
cat_threshold=550147 46778890 46 2710155799 18 3800589330 41
is_linear=0
shrinkage=0.05


Tree=24
num_leaves=15
num_cat=3
split_feature=7 0 1 30 29 7 29 23 27 27 16 8 25 27
split_gain=413.096 93.7566 90.068 67.4239 56.4482 55.923 53.908 51.6282 42.3715 99.4916 55.1233 42.2392 39.7068 37.182
threshold=8.5000000000000018 99.955000000000013 0.65692963752665257 0 1 5.5000000000000009 2 1.60375 0.49644783015827598 0.32206064984685273 5.7900000000000036 -2.4999999999999996 3.0723288641717148 0.048093757119428773
decision_type=2 10 8 9 9 2 9 10 10 8 8 10 8 8
left_child=1 3 11 8 -4 6 13 12 9 -1 -11 -2 -6 -5
right_child=2 -3 4 5 7 -7 -8 -9 -10 10 -12 -13 -14 -15
leaf_value=-0.016570292608759217 0.019721072532030884 -0.026773659046698206 0.012657506009648656 -0.040694964571215853 -0.013892887239156507 0.0035975548070425927 0.0018903427016640163 -0.040125050208610513 -0.018357650687338616 0.056128113037153794 0.0084164798669151396 -0.02992712623319024 0.0060239489691233938 0.025437047057071893
leaf_weight=221.24484600126743 44.34345006197691 155.17394149303436 264.49213360995054 20.679440520703793 1035.4359285831451 624.96497777104378 330.73050390928984 147.73768530786037 233.19327976554632 108.01554841548204 137.08772084116936 889.98176883906126 329.25805572420359 1614.8102257549763
leaf_count=1299 353 1147 1554 154 7788 3767 1745 1254 1352 495 715 9200 2353 7073
internal_value=-0.00039396 0.0110926 -0.0149916 0.0128857 -0.00837533 0.0165696 0.0207731 -0.0120634 -0.000986362 0.00769959 0.0295853 -0.0275522 -0.00908668 0.0244272
internal_weight=6157.15 3445.9 2711.25 3290.73 1776.92 2591.19 1966.22 1512.43 699.541 466.348 245.103 934.325 1364.69 1635.49
internal_count=40249 17747 22502 16600 12949 12739 8972 11395 3861 2509 1210 9553 10141 7227
cat_boundaries=0 2 3 4
cat_threshold=157946114 2 9474 9482247
is_linear=0
shrinkage=0.05


Tree=25
num_leaves=15
num_cat=4
split_feature=7 22 3 0 7 29 29 3 30 30 7 1 22 10
split_gain=387.632 81.955 91.6528 82.9167 88.3024 66.9257 54.5804 50.0408 47.0564 40.5688 39.9904 36.4552 36.0854 36.1762
threshold=11.500000000000002 -1.1749999999999998 1.0000000180025095e-35 99.955000000000013 5.5000000000000009 0 1 0.90381932312047375 2 3 -6.4999999999999991 0.65030120481927722 5.2533333333333347 1.0000000180025095e-35
decision_type=2 8 10 10 2 9 9 10 9 9 2 10 8 2
left_child=1 -1 -3 4 10 11 8 9 -6 -7 -4 -2 -12 -14
right_child=5 2 3 -5 6 7 -8 -9 -10 -11 12 -13 13 -15
leaf_value=0.035200259395432872 -0.038720428545093805 -0.025961078047303028 -0.01018919482564087 -0.029571569516513768 -0.025633199927289053 -0.019315605993756757 0.011326495079809436 0.040135152233123972 0.0012573523817211386 -0.00060822884870450657 -0.0093892358505646492 -0.018304548175772387 0.0099168365175297188 0.024405313827003616
leaf_weight=277.33617670089006 425.06081461161375 197.89193677902222 132.5626727193594 133.58809492737055 271.55553801357746 703.68440733104944 528.11316631734371 47.434411458671093 389.133664958179 499.8395686969161 112.5324621796608 456.28437912464142 643.30179291963577 1316.3456469401717
leaf_count=1257 4831 1300 990 1049 1971 5802 3136 309 2556 3999 535 3822 2835 5913
internal_value=-0.000147589 0.00902577 0.0070681 0.00892806 0.0104519 -0.0173623 -0.000532383 -0.00964481 -0.0100339 -0.0117185 0.0163722 -0.0278677 0.0180755 0.0196566
internal_weight=6134.66 4002.36 3725.02 3527.13 3393.54 2132.3 1188.8 1250.96 660.689 1203.52 2204.74 881.345 2072.18 1959.65
internal_count=40305 21542 20285 18985 17936 18763 7663 10110 4527 9801 10273 8653 9283 8748
cat_boundaries=0 1 2 4 6
cat_threshold=8552452 9601156 1630423374 10 1653427474 41
is_linear=0
shrinkage=0.05


Tree=26
num_leaves=15
num_cat=2
split_feature=7 22 15 29 29 7 0 10 3 5 7 28 31 3
split_gain=356.17 80.412 86.3835 61.8625 55.762 54.2268 60.7886 51.9232 46.1325 40.7724 34.2486 51.4159 57.3889 33.3684
threshold=11.500000000000002 -7.8366666666666651 0.0028286397774441277 0 1 5.5000000000000009 99.215000000000018 7.5000000000000009 0.92235369491726471 0.77884521604938284 17.500000000000004 0.35846864320972821 2.5000000000000004 0.34650650438173541
decision_type=2 8 10 9 9 2 10 2 10 10 2 8 2 8
left_child=1 -1 4 10 -3 6 -4 -6 -5 -7 11 12 -2 -14
right_child=3 2 5 8 7 9 -8 -9 -10 -11 -12 -13 13 -15
leaf_value=0.039303200847624301 -0.022390486797576339 0.014774499243503237 0.020132892665558396 -0.011012949676061978 -0.001827309514080389 0.0055106946749456029 -0.017930372915136866 -0.027244159208069038 0.042363084344398422 -0.034291407866194119 -0.035784806174090897 -0.029992065627752529 0.068456943796263992 -0.0019023560634909842
leaf_weight=203.53375501185656 74.990434855222702 292.27743614464998 1568.4613312259316 1186.8514943867922 620.83224073797464 861.32254844158888 111.65165600180626 296.20506142824888 40.941341258585453 68.534749560058117 491.74900601059198 238.11322166770697 41.134189873933792 27.994661800563335
leaf_count=871 660 1578 6964 9734 3507 5440 732 2052 260 462 5498 2084 300 204
internal_value=4.08172e-05 0.00875578 0.00711802 -0.016636 -0.00392676 0.0122351 0.0175942 -0.00994937 -0.00912581 0.00254341 -0.0267539 -0.0157704 0.00777124 0.0403432
internal_weight=6124.59 4022.82 3819.29 2101.77 1209.31 2609.97 1680.11 917.037 1227.79 929.857 873.982 382.233 144.119 69.1289
internal_count=40346 21606 20735 18740 7137 13598 7696 5559 9994 5902 8746 3248 1164 504
cat_boundaries=0 1 2
cat_threshold=8552468 5255206
is_linear=0
shrinkage=0.05


Tree=27
num_leaves=15
num_cat=3
split_feature=7 1 15 22 7 20 22 7 8 30 26 30 30 7
split_gain=313.532 69.9951 66.665 69.8368 54.6407 54.355 51.4971 41.9339 37.3636 35.8423 32.6209 35.9767 31.9232 31.8108
threshold=12.500000000000002 0.58374587458745886 0.0028286397774441277 0.82500000000000007 -1.4999999999999998 3.807500000000005 0.73000000000000032 7.5000000000000009 -2.4999999999999996 0 201.50000000000003 1 2 4.5000000000000009
decision_type=2 8 10 8 2 10 10 2 10 9 2 9 9 2
left_child=2 8 3 -1 -5 7 10 -4 -2 -6 11 -3 -9 -7
right_child=1 6 5 4 9 13 -8 12 -10 -11 -12 -13 -14 -15
leaf_value=0.028743450119299914 0.020422206828038313 0.030456482394375303 0.021228590709566762 -0.027559038831595557 -0.012576783367848994 0.0086415582907054863 -0.034048373319003705 -0.011629470396222278 -0.031524774382491912 0.0071298486679848344 -0.018294172835681421 -0.0033062583378794296 0.012456987652990612 -0.015341802166907363
leaf_weight=173.5728523209691 35.87636798620224 77.615469172596931 1448.5438368096948 219.98901411890984 351.24007894843817 345.89368042349815 177.7994078323245 178.18222358822823 658.10817808657885 624.56522861868143 330.54786654561758 709.02682934701443 512.05332017689943 228.88655763864517
leaf_count=781 293 553 6621 1766 2033 1769 1510 1239 7564 3343 2632 5545 3228 1320
internal_value=0.000263694 -0.0160103 0.00819345 -0.000800333 -0.00510913 0.0127307 -0.00913194 0.0163976 -0.0288138 -2.49089e-05 -0.00513962 0.000404144 0.00624328 -0.000919052
internal_weight=6071.9 1988.97 4082.93 1369.37 1195.79 2713.56 1294.99 2138.78 693.985 975.805 1117.19 786.642 690.236 574.78
internal_count=40197 18097 22100 7923 7142 14177 10240 11088 7857 5376 8730 6098 4467 3089
cat_boundaries=0 2 4 6
cat_threshold=2169344535 22 17969220 20 19810580 14
is_linear=0
shrinkage=0.05


Tree=28
num_leaves=15
num_cat=4
split_feature=7 28 26 1 30 6 25 30 26 24 30 7 7 29
split_gain=307.611 66.9446 83.3963 62.7817 54.3451 55.0392 44.3489 40.9112 40.0545 53.1767 58.3519 45.9185 39.1502 37.8522
threshold=11.500000000000002 0.88026863702755132 3898.5000000000005 0.58374587458745886 0 6.5000000000000009 1.3289670474000419 1 1427.5000000000002 0.4888976020403169 2 1.5000000000000002 5.5000000000000009 3
decision_type=2 10 2 8 9 8 10 9 2 10 9 2 2 9
left_child=1 2 4 -2 6 13 8 -5 11 10 12 -1 -10 -6
right_child=3 -3 -4 7 5 -7 -8 -9 9 -11 -12 -13 -14 -15
leaf_value=-0.037606139500929281 -0.028525376717764485 -0.036592126044199466 0.037807780099628117 -0.018908070795130478 0.018050236239111506 -0.0071811714742515591 0.015249745232602738 -0.0015064847777843018 0.059689083158130735 -0.036424842839024578 -0.0051365395433532824 -0.0065089221145805971 -0.01536602326443875 0.0028403860514705785
leaf_weight=161.44181474298239 685.64947076141834 82.787341915071011 228.85067349672318 648.09228283911943 1553.6541964039207 356.11808513104916 283.08975767344236 710.91128719598055 90.642341315746307 56.311334490776062 144.59476283192635 443.0991874858737 20.998087279498577 575.83320110291243
leaf_count=1261 7918 537 1071 5228 7656 2299 1560 5531 410 332 760 2413 147 2972
internal_value=-0.000428531 0.00763977 0.0085843 -0.0161986 0.00676004 0.0109527 -0.0019996 -0.009963 -0.00735678 0.00716082 0.0168438 -0.0148618 0.0418461 0.0140387
internal_weight=6042.07 3997.42 3914.63 2044.65 3685.78 2485.61 1200.18 1359 917.088 312.547 256.235 604.541 111.64 2129.49
internal_count=40095 21418 20881 18677 19810 12927 6883 10759 5323 1649 1317 3674 557 10628
cat_boundaries=0 2 4 5 6
cat_threshold=688488454 58 1655442699 42 557056 13672709
is_linear=0
shrinkage=0.05


Tree=29
num_leaves=15
num_cat=1
split_feature=7 0 29 22 21 28 7 24 28 28 24 24 27 14
split_gain=277.182 71.9009 61.133 57.2555 57.9772 53.5027 51.7434 49.8847 49.2305 40.3809 75.5389 40.645 44.1359 45.961
threshold=8.5000000000000018 99.955000000000013 0 -1.1749999999999998 0.98929407201245356 0.88026863702755132 17.500000000000004 0.49826877660989621 0.39531472888517366 0.59444308113893174 0.56724321969875791 0.40535978278548251 0.52234838881520862 1.3512500000000023
decision_type=2 10 9 8 8 10 2 10 10 10 10 10 10 10
left_child=1 3 6 -1 7 9 8 -5 -2 10 11 12 13 -6
right_child=2 -3 -4 4 5 -7 -8 -9 -10 -11 -12 -13 -14 -15
leaf_value=0.0345376815561277 0.00058441545845883461 -0.025278665020657256 -0.0058282964358038272 -0.029118321071656513 0.0051988416763616698 -0.035005452751636607 -0.034438876042831565 0.023411392946452586 -0.026526019118790017 0.035712548333669984 -0.024048620784087534 0.020542840700087897 -0.023553848764341957 0.027687085027781479
leaf_weight=226.92297825217247 341.28590471297503 147.00565227121115 1434.2931942343712 171.82959870994091 1180.3317074030638 62.186663828790188 465.76431841403246 60.357198931276798 327.69344624131918 161.86697679013014 152.1738173738122 910.15484601259232 107.30322670191526 280.58522497117519
leaf_count=981 2683 1141 11450 1025 6111 387 5516 293 2762 748 796 4340 560 1342
internal_value=-0.00040747 0.00882798 -0.012847 0.0103482 0.00855934 0.0105146 -0.0214653 -0.0154213 -0.0127152 0.0115405 0.0100401 0.012142 0.00725639 0.00953394
internal_weight=6029.75 3460.72 2569.04 3313.71 3086.79 2854.6 1134.74 232.187 668.979 2792.42 2630.55 2478.38 1568.22 1460.92
internal_count=40135 17724 22411 16583 15602 14284 10961 1318 5445 13897 13149 12353 8013 7453
cat_boundaries=0 1
cat_threshold=9601156
is_linear=0
shrinkage=0.05


Tree=30
num_leaves=15
num_cat=3
split_feature=7 29 1 0 30 25 32 32 7 27 23 30 27 26
split_gain=239.806 76.8665 74.1544 63.573 63.0035 64.2301 62.0901 50.0183 45.4988 39.9154 73.1659 55.662 50.8375 71.9656
threshold=5.5000000000000009 0 0.75114678899082576 99.905000000000015 1 0.37473311261909187 3.5000000000000004 2.5000000000000004 37.500000000000007 0.31495919956920265 6.9587500000000011 2 0.51638388117311951 103.50000000000001
decision_type=2 9 10 10 9 8 10 10 2 8 10 9 8 2
left_child=3 2 -2 7 -4 -6 -7 -1 -3 10 11 -9 13 -11
right_child=1 8 4 -5 5 6 -8 9 -10 12 -12 -13 -14 -15
leaf_value=0.03846865197382944 -0.031683236776568084 0.00089612176041499935 -0.025776108671649235 -0.02103883532485443 -0.019701530402630174 0.0075522221930497653 0.084785877775405971 -0.011768773725207054 -0.02215313436195189 0.0023257864515702667 -0.050830760663510777 0.018597383702156172 0.0033172208156757553 0.02994804949440032
leaf_weight=170.2268171235919 589.14457619935274 1519.7051467373967 350.24851071089506 150.05671904236078 240.11720325797796 356.60228544473648 27.098731242120266 259.25211571156979 248.20254731923342 347.51133912056684 62.968634322285652 334.10528223961592 642.2599290907383 733.7159011438489
leaf_count=740 6689 11091 2743 1173 1779 2464 155 1447 2303 1586 415 1576 3030 3140
internal_value=-0.000578892 -0.00955382 -0.0175812 0.0104929 -0.00920849 0.000524071 0.013213 0.0123559 -0.00233732 0.0104727 -2.13821e-05 0.00544709 0.0144667 0.0210805
internal_weight=6031.22 3331.12 1563.21 2700.1 974.067 623.818 383.701 2550.04 1767.91 2379.81 656.326 593.357 1723.49 1081.23
internal_count=40331 27224 13830 13107 7141 4398 2619 11934 13394 11194 3438 3023 7756 4726
cat_boundaries=0 1 3 5
cat_threshold=9601156 1628324173 10 12166146 38
is_linear=0
shrinkage=0.05


Tree=31
num_leaves=15
num_cat=5
split_feature=7 29 30 22 3 1 20 30 30 15 30 25 25 21
split_gain=211.694 62.5893 59.9141 49.4491 66.3441 47.9622 39.0799 35.9909 35.4007 34.1405 31.6644 42.7144 34.4038 30.6692
threshold=8.5000000000000018 0 1 -1.1749999999999998 1.0000000180025095e-35 0.37557339449541288 1.0025000000000051 2 3 6.8225000730616321 4 0.60928368815613487 0.63054578246266157 1.0079446919862824
decision_type=2 9 9 8 10 8 10 9 9 8 9 10 10 8
left_child=3 5 -3 -1 -5 -2 8 -7 -6 -4 -8 -12 -13 -9
right_child=1 2 9 4 6 7 10 13 -10 -11 11 12 -14 -15
leaf_value=0.029449117132458347 -0.029162506321126644 -0.030892502218621016 -0.0010614113451239999 -0.024842218352648011 0.021848141647988151 0.030030766317269076 0.0087415926573214276 -0.032933418627133476 0.0073360105024067703 -0.021047117492188808 -0.029643772959227013 0.058269833451594415 -0.0037592204691751317 0.0012549457693933001
leaf_weight=242.82541136443615 143.19218963384628 559.52597904205322 492.92090744525194 163.55447629094124 572.21717367321253 89.820923589169979 390.44717717915773 70.387282647192478 1664.0705554410815 376.3549574688077 177.90843325853348 23.658471822738647 238.32042025029659 808.0633512288332
leaf_count=1056 1552 5758 4441 1089 2742 587 2026 597 8336 3706 1147 106 1271 5884
internal_value=-0.000289044 -0.011256 -0.0181216 0.00773346 0.00609239 -0.0022388 0.00774981 0.00174567 0.0111879 -0.00961799 -0.00151208 -0.010571 0.0020427 -0.00150171
internal_weight=6013.27 2540.27 1428.8 3473 3230.18 1111.46 3066.62 968.272 2236.29 869.276 830.335 439.887 261.979 878.451
internal_count=40298 22525 13905 17773 16717 8620 15628 7068 11078 8147 4550 2524 1377 6481
cat_boundaries=0 1 3 5 7 9
cat_threshold=4744483 1091329102 12 2152731148 16 2744131656 4 3276041552 33
is_linear=0
shrinkage=0.05


Tree=32
num_leaves=15
num_cat=5
split_feature=7 21 28 26 29 0 7 29 30 30 30 5 1 19
split_gain=204.271 68.8164 71.3608 62.5004 55.4296 51.4936 61.1595 49.148 55.1748 48.2566 44.5351 41.6731 32.9697 29.512
threshold=17.500000000000004 0.95754310300624756 0.88026863702755132 3898.5000000000005 0 99.995000000000019 4.5000000000000009 1 2 3 4 0.025162500000000008 0.73538899430740046 88.215000000000018
decision_type=2 8 10 2 9 10 2 9 9 9 9 10 8 10
left_child=1 11 3 5 -2 6 9 -8 -9 -3 -6 -1 -10 -13
right_child=4 2 -4 -5 10 -7 7 8 12 -11 -12 13 -14 -15
leaf_value=-0.045202892509669829 -0.032425202383999839 0.0044849551884970753 -0.037056678263360322 0.032243290827324023 -0.021537743631344836 -0.027018003025876858 0.011204297635633664 -0.016476878533192484 -0.020051598942845045 0.023165297713235871 0.0015361931700296771 -0.03102026303876795 0.0067471679269056617 0.011167809086465717
leaf_weight=96.863830223679543 407.81806210428476 618.2976421713829 89.957234367728233 243.81506259739399 398.14415402710438 112.26506571471691 986.02356398105621 501.53994806110859 129.71491895616055 828.94853457808495 432.4331074282527 64.819580800831318 940.95424046367407 111.0570629760623
leaf_count=746 5212 3253 649 1228 3732 943 5859 3254 1180 3786 3763 422 5446 588
internal_value=0.000549686 0.00528844 0.00678342 0.00769591 -0.0175175 0.00623496 0.00717348 0.00252434 -0.00297534 0.0153841 -0.00966143 -0.0190474 0.00345252 -0.00446814
internal_weight=5962.65 4724.26 4451.52 4361.56 1238.4 4117.74 4005.48 2558.23 1572.21 1447.25 830.577 272.74 1070.67 175.877
internal_count=40061 27354 25598 24949 12707 23721 22778 15739 9880 7039 7495 1756 6626 1010
cat_boundaries=0 1 2 4 6 8
cat_threshold=32772 4731143 1227758103 10 548139011 54 1653083474 9
is_linear=0
shrinkage=0.05


Tree=33
num_leaves=15
num_cat=2
split_feature=7 30 28 26 15 10 1 25 22 25 7 32 30 15
split_gain=196.869 57.1762 48.5408 59.5118 48.4567 54.6456 35.7486 32.8224 37.9801 39.103 32.6082 33.8109 32.5837 32.1387
threshold=11.500000000000002 0 0.88026863702755132 3898.5000000000005 1.0000000180025095e-35 7.5000000000000009 0.56691542288557228 0.37473311261909187 -29.364999999999995 0.47633314702109669 5.5000000000000009 2.5000000000000004 1 16.087640428534353
decision_type=2 9 10 2 10 2 8 8 8 8 2 10 9 8
left_child=2 6 3 4 5 -1 -2 -3 -9 13 11 -6 -12 -10
right_child=1 7 -4 -5 10 -7 -8 8 9 -11 12 -13 -14 -15
leaf_value=0.0041264602881442335 -0.035083690770459426 -0.023181917942590405 -0.032492877055510294 0.03186482745857263 0.054469526571827388 -0.019528507509288435 -0.014959688193850502 0.1132030769387348 0.068848505721416348 -0.0032920775558269739 0.017203289333437722 0.012354015562891061 -0.0039170223112975312 -0.032080260695210645
leaf_weight=823.31606079638004 322.80338613688946 177.46017526090145 78.13469185680151 226.94941566884518 48.241140022873878 345.91813360154629 703.13989789038897 6.4245029613375664 32.689685821533203 700.97101029753685 239.06683605164289 1586.9076087325811 668.10623642802238 9.6421647146344167
leaf_count=4443 4126 1815 545 1055 200 2416 5958 48 244 6452 1406 7174 4294 114
internal_value=-4.41018e-05 -0.0130612 0.00628728 0.00706468 0.00554006 -0.00288257 -0.0211139 -0.00386856 0.000676164 -0.000447213 0.00941331 0.0136291 0.00180791 0.0456496
internal_weight=5969.77 1953.13 4016.64 3938.51 3711.56 1169.23 1025.94 927.188 749.727 743.303 2542.32 1635.15 907.173 42.3319
internal_count=40290 18757 21533 20988 19933 6859 10084 8673 6858 6810 13074 7374 5700 358
cat_boundaries=0 2 4
cat_threshold=1139559770 8 2161226240 36
is_linear=0
shrinkage=0.05


Tree=34
num_leaves=15
num_cat=2
split_feature=1 22 15 2 25 10 30 8 1 28 21 10 33 30
split_gain=149.126 53.515 52.529 40.1192 36.5745 36.5375 33.2344 24.8602 25.1105 25.9481 31.4461 23.6143 32.9485 22.6215
threshold=0.74891304347826104 -7.8366666666666651 1.0000000180025095e-35 -6.1045549253789124 1.0535159197428039 7.5000000000000009 0 -14.499999999999998 0.55028089887640463 0.37358367220591432 1.0819365109498478 1.0000000180025095e-35 0.70000000000000007 1
decision_type=10 8 10 2 10 2 9 8 8 10 8 2 2 9
left_child=3 -2 5 -1 7 13 -4 -5 -9 10 -10 -8 -13 -3
right_child=1 2 6 4 -6 -7 11 8 9 -11 -12 12 -14 -15
leaf_value=0.03213062878371483 0.02881541780240689 -0.0099545596983221414 -0.0021507267017972305 0.072422717577674739 -0.0075054973065762894 -0.019528849309324841 0.0021864823650575493 -0.036139318076042225 -0.041155913544216174 -0.032359163413196966 0.0023046236915276099 -0.0279082380796381 0.014523302457965846 0.0056977704844337418
leaf_weight=44.206799581646919 210.32150712609291 366.57518507540226 799.96543150395155 5.7163603827357292 680.44607450067997 337.35454774647951 706.54723171144724 283.22436095029116 51.472695462405682 161.18400359898806 200.8182902187109 46.299201942980289 1493.1684700101614 583.04852075874805
leaf_count=418 916 2293 4661 43 6462 2497 3934 3802 525 1442 1588 266 8186 3365
internal_value=-0.000184048 0.00424509 0.00304608 -0.014278 -0.0157837 -0.00542052 0.00662397 -0.0237809 -0.0246729 -0.0167503 -0.00668972 0.00971516 0.0132299 -0.00039326
internal_weight=5970.35 4543.28 4332.96 1427.07 1382.86 1286.98 3045.98 702.416 696.699 413.475 252.291 2246.01 1539.47 949.624
internal_count=40398 26118 25202 14280 13862 8155 17047 7400 7357 3555 2113 12386 8452 5658
cat_boundaries=0 2 4
cat_threshold=1747468546 10 1634316307 19
is_linear=0
shrinkage=0.05


Tree=35
num_leaves=15
num_cat=2
split_feature=7 30 25 25 26 7 26 30 21 28 28 7 25 0
split_gain=182.349 55.7437 47.2231 45.1117 44.3525 43.04 41.5469 38.6598 36.5086 35.6812 34.9509 34.1281 33.3628 30.7769
threshold=14.500000000000002 0 0.59992014679500394 1.0535159197428039 1796.0000000000002 5.5000000000000009 329.50000000000006 1 0.98929407201245356 0.67418589845342769 0.48417096583354041 4.5000000000000009 0.63054578246266157 91.705000000000013
decision_type=2 9 10 8 2 2 2 9 8 10 8 2 10 8
left_child=1 2 4 -2 6 13 -1 -5 -7 -10 11 -6 -4 -3
right_child=3 5 12 7 10 8 -8 -9 9 -11 -12 -13 -14 -15
leaf_value=-0.006952694445451376 -0.024867349684557914 0.02310331288941047 0.044292509036142604 -0.019388076283278433 0.046610516654069338 -0.027212575989321863 -0.040643398778916227 0.0021982705541047183 0.0057271762632747567 -0.043033629146898719 -0.027051232397382659 -0.014872018571557856 0.0015150180976983029 0.0092745222952798721
leaf_weight=174.85390380769968 649.0570399351418 587.07957140356302 47.906744733452797 357.52819103747606 63.043064892292023 98.629304736852646 192.12138152867556 475.81420183181763 1219.2971418350935 37.715916320681572 46.951446697115898 34.247920028865337 671.33869697898626 1282.6738609969616
leaf_count=1067 7508 2590 234 3560 273 733 1374 4263 7840 285 301 208 3848 6034
internal_value=0.000191996 0.00524594 -0.00380457 -0.0149927 -0.0154388 0.00868363 -0.0246532 -0.00728107 0.00192505 0.00423109 0.00801231 0.0250366 0.00442184 0.0136266
internal_weight=5938.26 4455.86 1230.46 1482.4 511.218 3225.4 366.975 833.342 1355.64 1257.01 144.242 97.291 719.245 1869.75
internal_count=40118 24787 7305 15331 3223 17482 2441 7823 8858 8125 782 481 4082 8624
cat_boundaries=0 2 4
cat_threshold=690653447 22 1116473666 41
is_linear=0
shrinkage=0.05


Tree=36
num_leaves=15
num_cat=3
split_feature=7 23 29 28 26 30 20 30 32 1 7 27 28 24
split_gain=150.752 51.148 56.3791 45.2373 47.4067 44.2654 40.6526 38.0002 35.6918 34.1428 29.9985 28.4413 26.6081 30.9193
threshold=11.500000000000002 1.5125000000000002 0 0.88026863702755132 3898.5000000000005 1 2.515000000000001 2 2.5000000000000004 0.37557339449541288 37.500000000000007 0.090537162315749029 0.52307241608944577 0.53722480221255153
decision_type=2 10 9 10 2 9 8 9 8 8 2 8 10 10
left_child=3 2 9 4 5 11 -7 -4 -8 -2 -11 -1 -10 -14
right_child=1 -3 7 -5 -6 6 8 -9 12 10 -12 -13 13 -15
leaf_value=-0.0406864547958984 -0.024312697417141871 -0.034671260853504263 -0.028785048348744374 -0.032878629813955694 0.028072808021896236 0.018572995629983595 0.039966022368197816 -0.0077588167991001272 0.00087146018410104171 0.010734250856049406 -0.015346191889997363 -0.0014749052383743408 0.042336592123543008 0.0029540645911153673
leaf_weight=47.156594514846802 111.43391332775354 211.98059907928109 391.6135722771287 74.466342933475971 232.29316543787718 729.43625342100859 67.47464757412672 518.28173352777958 1514.2611270546913 540.87501059472561 137.4916780218482 1167.5270130783319 87.543926373124123 114.38354443758726
leaf_count=348 1284 2393 4473 530 1075 3716 318 5454 7950 4065 1145 6663 443 535
internal_value=-4.07129e-06 -0.0115662 -0.00866594 0.0054759 0.00620524 0.00483542 0.00860229 -0.0170441 0.00456481 0.00119597 0.00543345 -0.00300468 0.00315049 0.0201525
internal_weight=5946.22 1911.68 1699.7 4034.54 3960.08 3727.78 2513.1 909.895 1783.66 789.801 678.367 1214.68 1716.19 201.927
internal_count=40392 18814 16421 21578 21048 19973 12962 9927 9246 6494 5210 7011 8928 978
cat_boundaries=0 1 3 5
cat_threshold=4744451 420450310 26 1131301962 44
is_linear=0
shrinkage=0.05


Tree=37
num_leaves=15
num_cat=3
split_feature=1 28 29 24 22 30 28 21 22 3 8 29 1 22
split_gain=130.645 48.1076 43.582 43.1031 36.3388 40.2526 52.4027 35.1368 34.7849 33.5482 32.6959 30.1661 29.0825 24.7536
threshold=0.75114678899082576 0.88026863702755132 0 0.256753040901403 -7.8366666666666651 1 0.2712453547943186 0.88936492835132019 0.98333333333333339 0.00018653937003166419 -14.499999999999998 2 0.28215467328370564 -0.41166666666666651
decision_type=10 10 9 8 8 9 8 8 10 10 8 9 8 10
left_child=2 3 10 7 -5 9 8 -2 -7 -6 -1 -8 -4 -14
right_child=1 -3 12 4 5 6 11 -9 -10 -11 -12 -13 13 -15
leaf_value=0.089143112667260535 -0.054368877722409364 -0.033755904978753852 -0.026315055331543755 0.031363373454068533 -0.038798576632594173 0.044540587122317017 0.011593162903028991 -0.0031033552178027458 -0.013854812450275047 0.00075394369968983046 -0.024464346809073664 -0.0025892054711202078 0.0034960019630302739 -0.023682911765928238
leaf_weight=5.4399775415658951 33.77324452996254 81.988833457231522 133.93806993961334 147.73431552946568 55.107776775956154 160.02014061063528 1404.8207298964262 866.65650022774935 29.816777139902115 1204.5455220788717 634.40810280293226 510.87165416777134 535.47327604144812 98.279224641621113
leaf_count=36 290 629 1613 637 429 920 7416 5663 175 6826 7214 2835 4589 911
internal_value=-0.000199457 0.00396318 -0.0134873 0.0046714 0.00717274 0.00610175 0.0103035 -0.0050844 0.0353442 -0.000997903 -0.0230019 0.00785865 -0.005171 -0.000749441
internal_weight=5902.87 4495.34 1407.54 4413.35 3512.92 3365.18 2105.53 900.43 189.837 1259.65 639.848 1915.69 767.691 633.753
internal_count=40183 25820 14363 25191 19238 18601 11346 5953 1095 7255 7250 10251 7113 5500
cat_boundaries=0 1 3 4
cat_threshold=1212423 1764233235 43 1089794
is_linear=0
shrinkage=0.05


Tree=38
num_leaves=15
num_cat=3
split_feature=7 21 15 7 30 25 7 30 29 20 32 22 22 5
split_gain=141.045 64.7053 63.2576 45.8056 40.6347 40.3923 38.6655 41.7844 36.5157 36.3358 35.8714 34.0482 33.3162 30.1178
threshold=5.5000000000000009 0.95754310300624756 10.297484043249009 -1.4999999999999998 0 1.0535159197428039 3.5000000000000004 1 2 0.34250000000000119 5.5000000000000009 -29.364999999999995 -2.878333333333333 0.33655035714285725
decision_type=2 8 8 2 9 8 2 9 9 8 8 8 8 10
left_child=3 -2 4 10 8 -4 7 -5 -3 -8 13 -7 -6 -1
right_child=1 2 5 6 12 11 9 -9 -10 -11 -12 -13 -14 -15
leaf_value=-0.025161249653722524 -0.035253489536544606 -0.020273990073374007 -0.027225204220916822 0.0069841541211833405 0.050629449095092365 0.052619210181993996 0.01842180508849315 0.027107383661053565 0.0037771162337898213 -0.00077935661466575529 0.030725384987057111 -0.0093274732377028619 0.0025239365667422721 0.0054986002916956253
leaf_weight=213.75828808546066 197.49764286354184 408.03363094106317 458.03446984663606 527.6457826346159 35.947849825024605 22.399044670164585 339.97010260075331 545.10059161484241 253.93552830070257 887.96346589177847 51.33997306227684 429.08442048728466 1399.3384233191609 127.25212129205465
leaf_count=1735 2079 3700 4626 2496 215 143 1445 2394 1905 3806 248 3760 10782 914
internal_value=-0.000513794 -0.0076016 -0.00577419 0.00791924 -0.000995959 -0.0167791 0.0106118 0.0175427 -0.0111369 0.00454741 -0.00785614 -0.00614467 0.00373717 -0.0137375
internal_weight=5897.3 3204.27 3006.77 2693.03 2097.26 909.518 2300.68 1072.75 661.969 1227.93 392.35 451.483 1435.29 341.01
internal_count=40248 27210 25131 13038 16602 8529 10141 4890 5605 5251 2897 3903 10997 2649
cat_boundaries=0 2 4 5
cat_threshold=3245099337 10 596366851 35 8425478
is_linear=0
shrinkage=0.05


Tree=39
num_leaves=15
num_cat=3
split_feature=1 8 28 26 30 2 8 27 0 10 30 31 30 26
split_gain=104.53 45.0106 39.929 65.8698 44.5253 37.7283 33.658 29.9171 27.0365 27.8645 23.5558 22.8419 21.7472 21.0436
threshold=0.70856227106227121 -2.4999999999999996 0.88026863702755132 4135.0000000000009 0 -6.1045549253789124 1.5000000000000002 0.19193346537723546 98.77500000000002 1.0000000180025095e-35 1 2.5000000000000004 2 2.5000000000000004
decision_type=10 8 10 2 9 2 8 8 10 2 9 2 9 2
left_child=1 -1 3 4 -2 -3 -7 -6 9 11 13 -9 -5 -8
right_child=2 5 -4 12 7 6 10 8 -10 -11 -12 -13 -14 -15
leaf_value=0.029089614102047412 -0.0041409223273220627 0.034834477768294812 -0.031601250864917205 -0.0010955892289789691 -0.011697439912898032 -0.023181753207894402 0.036622531163476815 0.0086384126887274221 -0.013914624358023984 0.013158054663866853 0.0054361223974290574 -0.0080817980142075582 0.039607734399693589 -0.023208614831028086
leaf_weight=59.324729144573212 1610.7451518774033 35.641803096979856 80.35856693983078 49.658262968063354 210.76697078347206 742.60957904532552 15.080740336328743 500.49633859097958 133.78375636786222 1521.6623207852244 229.31108313426375 343.66715503484011 152.65673565119505 183.47560511901975
leaf_count=453 9826 363 640 240 1526 9210 113 2737 809 8349 1783 1889 709 1536
internal_value=-0.000380692 -0.0131021 0.00311813 0.00374176 0.00243255 -0.0151998 -0.0167518 0.00633109 0.00788064 0.00911849 -0.00556383 0.00182994 0.0315551 -0.0176206
internal_weight=5869.24 1265.44 4603.8 4523.44 4321.12 1206.12 1170.48 2710.38 2499.61 2365.83 427.867 844.163 202.315 198.556
internal_count=40183 13458 26725 26085 25136 13005 12642 15310 13784 12975 3432 4626 949 1649
cat_boundaries=0 2 4 6
cat_threshold=690606098 11 1619595088 34 1074283584 32
is_linear=0
shrinkage=0.05


Tree=40
num_leaves=15
num_cat=2
split_feature=6 23 29 22 15 34 25 10 0 1 27 10 0 33
split_gain=112.863 49.7894 39.8944 36.9525 42.9792 34.3756 33.5396 31.5508 26.8165 26.3474 32.6922 26.3402 34.3444 27.6685
threshold=5.5000000000000009 1.5125000000000002 0 -7.8366666666666651 0.044732960187029942 1 1.1791571081928207 7.5000000000000009 90.205000000000013 0.58374587458745886 0.47157114451119764 1.0000000180025095e-35 98.995000000000019 0.70000000000000007
decision_type=8 10 9 8 10 1 10 2 8 8 10 2 10 2
left_child=3 2 -2 8 7 6 -6 -5 -1 -4 -11 -7 13 -13
right_child=1 -3 9 4 5 11 -8 -9 -10 10 -12 12 -14 -15
leaf_value=0.04245436928141387 0.00042507795226094929 -0.034394050506686889 -0.029736385113671771 0.00079428435838338669 -0.033464365040580785 0.0014505749521163795 0.0094744078958529845 -0.017592530601044341 0.0056550105525730553 -6.306034017858392e-05 -0.027265014441776071 -0.027023777602057 -0.019518433042244959 0.014914030198745643
leaf_weight=108.96744911372662 808.22765021771193 189.8833089992404 233.10964143276215 899.6113041639328 97.392291970551014 819.51234781742096 83.912033684551716 313.97205740958452 90.680678233504295 324.58419097214937 166.43384172022343 39.430673509836197 79.828845374286175 1606.5673130303621
leaf_count=475 7175 2233 3544 5241 631 4481 436 2357 384 2625 1373 216 518 8497
internal_value=0.000444161 -0.0103086 -0.00730356 0.00491886 0.00385193 0.00733495 -0.0136483 -0.00397323 0.0258515 -0.0157077 -0.00932002 0.00883436 0.0123377 0.0138936
internal_weight=5862.11 1722.24 1532.36 4139.87 3940.23 2726.64 181.304 1213.58 199.648 724.128 491.018 2545.34 1725.83 1646
internal_count=40186 16950 14717 23236 22377 14779 1067 7598 859 7542 3998 13712 9231 8713
cat_boundaries=0 1 2
cat_threshold=13136128 1
is_linear=0
shrinkage=0.05


Tree=41
num_leaves=15
num_cat=6
split_feature=7 29 23 27 28 29 24 30 30 30 24 29 24 27
split_gain=122.573 48.3653 46.1101 55.2908 47.6197 72.6094 59.1102 48.1722 44.8228 40.4013 45.7466 39.4777 41.2302 45.4464
threshold=17.500000000000004 0 21.895416666666669 0.57328632570346405 0.36480405587265413 1 0.31294507977751268 2 3 4 0.28518979011451423 5 0.37941581071166547 0.47985601552271939
decision_type=2 9 10 10 8 9 10 9 9 9 10 9 8 10
left_child=2 -2 4 -4 5 6 9 -6 -3 -1 -11 12 -9 -14
right_child=1 8 3 -5 7 -7 -8 11 -10 10 -12 -13 13 -15
leaf_value=-0.023667591313981259 -0.029771730526597196 -0.019362002817616249 -0.036907935756126456 0.034221012803213824 0.0075715018736200986 0.0019315430877279262 0.033716843921804192 -0.028103221335183781 0.0042244450731694213 0.026314194930208375 -0.033555926399814688 0.0059781389207592475 0.01771653048318023 -0.011973649304204415
leaf_weight=78.614692501723766 360.01929971203208 391.66339701414108 132.48223861306906 33.508944373577833 1182.770082578063 1062.6358166784048 460.48314612358809 272.8483406715095 400.71229000389576 192.0183689519763 37.33331436663866 473.20448909699917 164.5733009763062 581.39767175540328
leaf_count=470 5282 3963 1024 192 6504 6264 2296 1901 3565 1200 242 2584 939 3636
internal_value=-0.000231068 -0.0148284 0.00337201 -0.0224301 0.00432729 0.0105374 0.0221074 7.37024e-05 -0.00753958 0.0054111 0.0157803 -0.00588242 -0.0113962 -0.00540856
internal_weight=5824.27 1152.39 4671.87 165.991 4505.88 1831.09 768.45 2674.79 792.376 307.966 229.352 1492.02 1018.82 745.971
internal_count=40062 12810 27252 1216 26036 10472 4208 15564 7528 1912 1442 9060 6476 4575
cat_boundaries=0 1 2 4 6 8 9
cat_threshold=32772 1081348 2398168412 33 1653345618 11 16261132 8 180224
is_linear=0
shrinkage=0.05


Tree=42
num_leaves=15
num_cat=2
split_feature=7 0 29 7 28 3 27 3 18 24 7 21 12 29
split_gain=103.519 57.5666 55.5014 48.4226 49.656 68.1516 53.734 47.3922 43.981 43.2695 32.0714 30.0794 28.8874 27.1244
threshold=5.5000000000000009 99.215000000000018 0 17.500000000000004 0.39484035224186947 0.54273472545231605 0.31852008328556464 0.0058636892373097865 8.2312500000000011 0.46925072925786249 37.500000000000007 0.96762655877891912 1.0000000180025095e-35 1
decision_type=2 10 9 2 8 8 10 10 8 10 2 10 2 9
left_child=1 7 3 4 5 6 -2 11 -6 -8 12 -1 -4 -9
right_child=2 -3 10 -5 8 -7 9 13 -10 -11 -12 -13 -14 -15
leaf_value=-0.028655490661653002 -0.00073227984842797193 -0.016795275145929926 -0.0063339606159726744 -0.028671700730012191 0.0036679160976824305 -0.020359945528795054 0.05451755916472574 0.014012854150653493 -0.026296443891675153 -0.016339686654646305 -0.016952848613303966 0.018445757849396612 0.0082085800273971696 -0.00061407784368384575
leaf_weight=122.74304788559675 167.18616100028157 222.53114237636328 532.09561579674482 370.64647679403424 173.28270627185702 178.58953002467752 113.18716528639197 1902.863440990448 414.70915958285332 26.068652186542749 232.4721898958087 45.895674422383308 949.37267628312111 387.80062317103148
leaf_count=825 1343 1548 4022 5499 1327 1289 759 8466 3406 218 2338 225 6996 1947
internal_value=0.000284291 0.00750648 -0.00585012 -0.0130235 -0.0077178 0.00412179 0.0184092 0.00971137 -0.0174746 0.0412312 0.000270493 -0.0158035 0.00298462 0.0115959
internal_weight=5839.44 2681.83 3157.61 1443.67 1073.02 485.032 306.442 2459.3 587.992 139.256 1713.94 168.639 1481.47 2290.66
internal_count=40208 13011 27197 13841 8342 3609 2320 11463 4733 977 13356 1050 11018 10413
cat_boundaries=0 1 2
cat_threshold=9601668 1094038
is_linear=0
shrinkage=0.05


Tree=43
num_leaves=15
num_cat=3
split_feature=7 15 0 21 3 30 24 20 11 30 30 7 20 25
split_gain=110.949 52.9915 43.9333 42.2049 34.1941 30.9073 30.0722 28.1079 25.6671 23.8159 23.3299 22.9499 23.3772 22.4845
threshold=6.5000000000000009 6.9987180334902419 99.50500000000001 0.96590081825570706 0.002420809811158533 0 0.10290780546528669 4.9875000000000052 7.105732709344168 1 2 4.5000000000000009 -6.370000000000001 1.0535159197428039
decision_type=2 8 10 8 10 9 10 10 2 9 9 2 8 8
left_child=2 3 4 -2 9 -6 -5 8 10 -1 -8 -7 -13 -3
right_child=1 13 -4 6 5 11 7 -9 -10 -11 -12 12 -14 -15
leaf_value=-0.033557159441854452 -0.028897391698379918 -0.022967220765298654 -0.016896049347452095 -0.029348853843903379 0.019504674345689508 0.011035712903314728 -0.014131419677102365 -0.020070854905975689 0.011888471575911917 0.0023694988768739158 0.0033585365085601576 0.017625448943548616 -0.004652916422617186 -0.0085977259968927494
leaf_weight=66.528523579239845 133.66517470031977 547.52103534713387 183.3419915959239 81.185050290077925 619.45965319871902 1142.3046926110983 253.16105429083109 135.65716861188412 576.66191302239895 117.65738383680582 676.35085127130151 145.69240849465132 595.84882114827633 544.26180454716086
leaf_count=477 1463 5781 1352 907 2729 5491 2218 1298 4408 683 5296 657 2672 4701
internal_value=-0.000271158 -0.00708241 0.00672431 -0.00193967 0.00834138 0.00987201 0.000167154 0.00164363 0.00361142 -0.0124026 -0.00153085 0.00655759 -0.00025799 -0.0158183
internal_weight=5819.3 2948.46 2870.83 1856.68 2687.49 2503.31 1723.02 1641.83 1506.17 184.186 929.512 1883.85 741.541 1091.78
internal_count=40133 26072 14061 15590 12709 11549 14127 13220 11922 1160 7514 8820 3329 10482
cat_boundaries=0 1 3 5
cat_threshold=2736021580 1635844422 23 19680596 10
is_linear=0
shrinkage=0.05


Tree=44
num_leaves=15
num_cat=5
split_feature=7 21 29 30 7 7 18 30 30 29 27 7 28 25
split_gain=83.9701 53.3893 44.5908 51.394 43.4768 47.7491 42.2203 40.6474 34.8107 34.1464 32.0518 30.2828 33.0746 48.6429
threshold=5.5000000000000009 0.97790083642899184 0 1 1.5000000000000002 3.5000000000000004 -1.4999999999999989 2 3 4 0.52994706056958696 15.500000000000002 0.35658695137304769 0.36509444346495662
decision_type=2 8 9 9 2 2 10 9 9 9 10 2 10 8
left_child=4 -2 3 -3 6 8 -1 -8 -6 -10 -9 12 13 -5
right_child=1 2 -4 11 5 -7 7 10 9 -11 -12 -13 -14 -15
leaf_value=-0.014263681894909159 -0.027506144861403098 -0.025873666610277207 0.0024223246295135697 -0.024084491523262471 0.0057660325253997722 0.0041323558655674856 -0.018725874205819056 0.03451856074432192 0.034962266256389665 0.0033875905729472836 -0.033711084262698164 -0.017296779551332027 -0.0057091322153842716 0.031413093460341615
leaf_weight=405.42743344604969 245.75789784640074 360.59344148635864 1569.5164549276233 51.115159265697002 314.56778489798307 1227.3299562782049 68.294766314327717 145.22392062842846 388.64745357632637 125.12164504826069 18.703034102916718 288.50445313379169 442.2857885286212 163.7215053550899
leaf_count=2833 2721 3730 12113 372 1427 5241 434 795 1663 542 124 3961 3292 1009
internal_value=0.000394735 -0.00518571 -0.00326933 -0.0100465 0.00686187 0.0103988 -0.00453893 0.0124275 0.0196674 0.0275049 0.0250575 -0.00378311 0.00210974 0.0181584
internal_weight=5814.81 3121.49 2875.74 1306.22 2693.32 2055.67 637.649 232.222 828.337 513.769 163.927 945.627 657.122 214.837
internal_count=40257 27198 24477 12364 13059 8873 4186 1353 3632 2205 919 8634 4673 1381
cat_boundaries=0 1 3 5 7 8
cat_threshold=9601684 1093552457 2 536955146 38 2733184513 35 9601030
is_linear=0
shrinkage=0.05


Tree=45
num_leaves=15
num_cat=4
split_feature=7 30 29 30 25 1 22 15 25 0 18 30 27 27
split_gain=91.532 45.6204 52.9642 35.1542 30.2161 25.1461 23.7923 27.2097 21.5516 21.1634 20.6481 18.6831 27.5016 56.0213
threshold=17.500000000000004 0 1 2 0.9390102459766474 0.53671373555840829 -6.2349999999999985 10.923824343909015 8.0272374581745094 85.00500000000001 -3.0762500000000013 3 0.49644783015827598 0.39461625575414777
decision_type=2 9 9 9 10 10 8 8 10 8 8 9 8 10
left_child=3 5 10 4 11 -2 9 8 -8 -5 -3 -1 13 -13
right_child=1 2 -4 6 -6 -7 7 -9 -10 -11 -12 12 -14 -15
leaf_value=5.6610757703637492e-05 -0.033859472594248735 0.08177486611553153 -0.0219847182515788 0.047082324534194225 0.0046083980639828968 -0.013220018985979349 0.0085231048668277243 -0.0034004378383493288 -0.026443583485527052 0.0057115369607037333 0.0085428419622650947 -0.023005353844453319 -0.029815403931297065 0.018721436790245065
leaf_weight=341.76252502202988 269.33964613452554 8.9519027471542341 190.2536417208612 64.43824377655983 702.78514905646443 329.80720963701606 2230.3207813762128 705.426324672997 44.006652221083641 59.183629363775253 314.01123317331076 201.28134009987116 201.28629858419299 132.60752851888537
leaf_count=2115 3943 74 2803 299 4107 3192 12489 4408 260 256 2743 1386 1351 711
internal_value=-8.909e-05 -0.0129755 -0.00175423 0.0029739 -0.00309305 -0.0221698 0.00605265 0.00517503 0.0078352 0.0274809 0.0104949 -0.0092985 -0.0149832 -0.0064267
internal_weight=5795.46 1112.36 513.217 4683.1 1579.72 599.147 3103.38 2979.75 2274.33 123.622 322.963 876.938 535.175 333.889
internal_count=40137 12755 5620 27382 9670 7135 17712 17157 12749 555 2817 5563 3448 2097
cat_boundaries=0 2 3 5 7
cat_threshold=1116491090 41 553120 1495928067 30 268567810 8
is_linear=0
shrinkage=0.05


Tree=46
num_leaves=15
num_cat=5
split_feature=6 30 27 26 15 28 26 29 30 27 30 29 28 28
split_gain=75.1658 44.1319 34.4709 49.3751 34.5725 33.1118 42.3103 32.1255 31.9111 27.9496 27.8534 27.666 24.7597 37.198
threshold=5.5000000000000009 0 0.93813395428503765 4135.0000000000009 1.0609400767829147 0.39484035224186947 3898.5000000000005 1 2 0.090537162315749029 3 4 0.319267179861354 0.32656046986970688
decision_type=8 9 10 2 10 8 2 9 9 8 9 9 10 10
left_child=2 11 3 4 9 6 8 -7 -3 -1 -11 -2 -10 -14
right_child=1 5 -4 -5 -6 7 -8 -9 12 10 -12 -13 13 -15
leaf_value=-0.034587105060337582 -0.031071113816928331 -0.011364473239595612 -0.042100411306772438 0.02933804836926068 0.0072995374340677991 0.011867024372364934 0.082475920921019769 -0.024094742489447707 0.00059354746661907415 -0.0080553194441808518 0.0050878464471430154 -0.0078116740628413027 0.074217004662268229 0.01348500859862533
leaf_weight=63.181970164179802 280.49753237888217 302.82537918537855 39.21012319624424 188.65142426639795 2214.8525106459856 77.053266365081072 15.304101333022116 253.19796317443252 300.18203323706985 732.19983092322946 870.40050796046853 271.14976997673512 29.778475452214479 143.44167944416404
leaf_count=532 3534 2932 321 866 11768 746 98 2693 2876 4723 4943 2629 237 1349
internal_value=0.000333863 -0.00859575 0.00397219 0.00442636 0.00320807 -0.00276467 0.00276214 -0.0160629 0.00108641 -0.00223314 -0.000936818 -0.0200147 0.00910576 0.0242916
internal_weight=5781.93 1673.43 4108.5 4069.29 3880.63 1121.78 791.532 330.251 776.228 1665.78 1602.6 551.647 473.402 173.22
internal_count=40247 17094 23153 22832 21966 10931 7492 3439 7394 10198 9666 6163 4462 1586
cat_boundaries=0 2 3 5 7 8
cat_threshold=1082017882 8 13112322 578913792 33 560829955 51 32772
is_linear=0
shrinkage=0.05


Tree=47
num_leaves=15
num_cat=3
split_feature=1 21 20 2 25 0 30 10 3 21 31 0 30 29
split_gain=69.4706 29.486 28.6989 28.2075 24.612 23.8709 21.0687 20.1075 30.8651 30.3393 29.2293 26.2656 22.725 28.1918
threshold=0.75114678899082576 0.95678549302372906 -64.147499999999965 -6.1045549253789124 1.0406138693760749 99.995000000000019 0 1.0000000180025095e-35 inf 1.0651122481805213 3.5000000000000004 89.915000000000006 1 2
decision_type=10 8 10 2 10 10 9 2 8 8 2 10 9 9
left_child=3 2 -2 -1 -5 7 -6 9 12 11 -10 -3 -9 -14
right_child=1 5 -4 4 6 -7 -8 8 10 -11 -12 -13 13 -15
leaf_value=0.028119923391273078 -0.03919238795659212 0.030223257292702282 -0.0019446089180618323 -0.018945707088463826 -0.015479787723573061 -0.018463832244936643 0.0025292557847699949 0.0025380315997172768 -0.035321349741498968 -0.0033764885328473079 0.065793712535325941 -0.0048322254502770673 0.015863218008409254 -0.00087022737784275567
leaf_weight=45.195215404033661 77.390493363142014 136.31077526509762 152.29197945818305 606.26711638644338 265.92065055295825 116.67482602596283 390.91018955036998 1150.237181711942 66.254660464823246 1243.1915939822793 7.0713295191526404 87.073542281985283 1108.3088000304997 332.00589825958014
leaf_count=437 640 692 880 7325 2939 985 3678 6755 550 7076 40 389 5857 2027
internal_value=-0.000161743 0.00280056 -0.0146106 -0.0102928 -0.0116884 0.00374536 -0.00497109 0.00437703 0.00696472 -0.000324761 -0.0248161 0.0165983 0.00787351 0.0120286
internal_weight=5785.1 4476.81 229.682 1308.29 1263.1 4247.13 656.831 4130.45 2663.88 1466.58 73.326 223.384 2590.55 1440.31
internal_count=40270 25891 1520 14379 13942 24371 6617 23386 15229 8157 590 1081 14639 7884
cat_boundaries=0 2 4 5
cat_threshold=32377170 57 1634500946 11 1093895
is_linear=0
shrinkage=0.05


Tree=48
num_leaves=15
num_cat=0
split_feature=21 1 8 27 26 20 20 32 31 8 1 24 26 14
split_gain=57.0133 51.4763 45.8764 36.3711 40.9794 42.9428 27.0209 24.064 40.6193 20.6358 20.0782 21.3256 21.3189 20.0083
threshold=0.95678549302372906 0.53671373555840829 -2.4999999999999996 0.93218105407386576 3898.5000000000005 1.0025000000000051 -64.147499999999965 2.5000000000000004 1.5000000000000002 80.500000000000014 0.87570224719101131 0.49879420595654606 1329.0000000000002 2.600000000000001
decision_type=8 8 10 10 2 10 10 8 2 10 10 10 2 8
left_child=6 2 -2 4 5 7 -1 8 -3 -6 -7 12 -12 -14
right_child=1 3 -4 -5 9 10 -8 -9 -10 -11 11 -13 13 -15
leaf_value=-0.037363339044257864 0.036586210879844448 0.061973739446082615 -0.019587367297487134 -0.033192444222566488 0.025666123262758623 -0.025659076385330722 -0.0080219416179519061 0.0034667810327091379 -0.00070620357393321245 -0.033283066191789695 -0.0085617717766559766 -0.021210546230303755 0.033379420471809911 0.0018320131440390402
leaf_weight=138.3928901180625 38.759739086031914 46.453982021659613 432.13905465602875 69.845222242176533 245.25819221511483 136.2270486690104 181.16315804421902 3674.2700432501733 56.718682676553726 14.957839228212832 346.3154367133975 156.64136184006929 68.480085991322994 182.1541675105691
leaf_count=1519 318 240 6447 636 1253 1168 1351 22810 373 70 2046 929 325 885
internal_value=-0.000311502 0.000889756 -0.014896 0.00237993 0.00289079 0.00181177 -0.020806 0.00413967 0.0278397 0.0221631 -0.00806412 -0.00485369 -0.000533305 0.01055
internal_weight=5787.78 5468.22 470.899 4997.32 4927.48 4667.26 319.556 3777.44 103.173 260.216 889.818 753.591 596.95 250.634
internal_count=40370 37500 6765 30735 30099 28776 2870 23423 613 1323 5353 4185 3256 1210
is_linear=0
shrinkage=0.05


Tree=49
num_leaves=15
num_cat=3
split_feature=7 0 21 15 25 30 23 7 30 29 26 27 7 20
split_gain=70.7367 44.0416 38.237 34.9243 28.5541 27.8363 27.4388 26.3653 41.5924 45.7099 40.1456 65.6328 39.4449 36.3023
threshold=8.5000000000000018 99.50500000000001 0.95754310300624756 6.8225000730616321 3.6791245862327413 0 -2.1581249999999996 3.5000000000000004 1 2 1427.5000000000002 0.49042638448567571 1.5000000000000002 2.515000000000001
decision_type=2 10 8 8 8 9 8 2 9 9 2 8 2 10
left_child=1 7 -2 5 6 -4 -5 8 10 -10 12 -12 -1 -9
right_child=2 -3 3 4 -6 -7 -8 13 9 -11 11 -13 -14 -15
leaf_value=-0.02762815810532513 -0.033663900233656639 -0.019185056071906417 -0.0078375650632703572 0.026947057738883253 0.007815840663129554 0.0062849810700562024 -0.019584129917139009 0.0056684095810320793 0.02675033666250597 -0.0015623952732059501 0.042981704984866642 -0.0122110282287985 0.0066712612336602547 -0.011644564019742738
leaf_weight=160.70501884073019 122.51153107360005 181.8853782042861 635.3022271245718 32.445332035422325 134.21117346361279 747.33362573757768 654.26825084909797 1601.1577367633581 539.96884856000543 199.30822125822306 116.75331000983715 98.626330517232418 173.39121636748314 372.36677554994822
leaf_count=1218 1704 1378 5827 250 1168 6385 7226 7887 2502 1026 503 503 769 1909
internal_value=0.000146211 0.00469523 -0.00658854 -0.00506865 -0.0132309 -0.000216331 -0.0173497 0.00603213 0.0115918 0.0192063 0.000964351 0.0177683 -0.00986046 0.00239754
internal_weight=5770.23 3444.16 2326.07 2203.56 820.925 1382.64 686.714 3262.28 1288.75 739.277 549.476 215.38 334.096 1973.52
internal_count=40255 17695 22560 20856 8644 12212 7476 16317 6521 3528 2993 1006 1987 9796
cat_boundaries=0 2 4 5
cat_threshold=569175360 40 545888771 23 13664390
is_linear=0
shrinkage=0.05


Tree=50
num_leaves=15
num_cat=4
split_feature=7 29 30 0 23 8 5 27 25 23 29 30 28 0
split_gain=65.543 50.8295 53.0564 42.4559 36.3382 32.4923 29.7668 29.3415 42.652 42.1786 42.1154 35.2697 33.6122 27.7659
threshold=5.5000000000000009 0 1 99.995000000000019 2.5920833333333335 -1.0000000180025095e-35 0.72465884057971031 0.52234838881520862 0.26423390504695621 22.257291666666671 2 3 0.29095316644961705 70.455000000000013
decision_type=2 9 9 10 8 8 10 10 10 10 9 9 8 10
left_child=3 2 5 7 13 -2 -3 9 -9 10 11 -1 -13 -4
right_child=1 6 4 -5 -6 -7 -8 8 -10 -11 -12 12 -14 -15
leaf_value=0.021894710944650883 0.096066994900544114 0.0027578055582114127 0.068053853009481913 -0.022370040516991267 -0.0063928073294279054 -0.02564825778353157 -0.021918153673591251 0.018501116549403337 -0.011093789408201485 -0.029873987809486642 -0.0030441514510030849 0.031754279786611841 0.0011420317575809283 -0.020292592525620115
leaf_weight=848.85313971340656 4.5796872042119503 1549.8733239211142 28.336982510983944 127.75257929414511 780.54236951097846 547.44061866775155 131.670814499259 169.29553707689047 426.11138737946749 63.224937915802002 404.97431234270334 106.45272074639797 542.32807224243879 12.213013052940367
leaf_count=3771 45 12139 175 1103 7423 6093 1080 742 2076 410 2084 474 2442 54
internal_value=-3.88621e-05 -0.00504942 -0.0121366 0.00565282 -0.00392731 -0.024032 0.000808905 0.00705876 -0.00266198 0.0100028 0.0113429 0.015152 0.006112 0.0415973
internal_weight=5743.65 3054.66 1373.11 2688.99 821.092 552.02 1681.54 2561.24 595.407 1965.83 1902.61 1497.63 648.781 40.55
internal_count=40111 27009 13790 13102 7652 6138 13219 11999 2818 9181 8771 6687 2916 229
cat_boundaries=0 1 3 4 6
cat_threshold=9601156 1135499597 8 4239509 2732354633 40
is_linear=0
shrinkage=0.05


Tree=51
num_leaves=15
num_cat=3
split_feature=7 23 21 30 28 23 26 20 30 7 26 11 30 26
split_gain=76.4197 29.5863 48.2175 28.1194 27.7695 24.429 23.4561 30.5706 34.5267 20.6827 24.2996 22.1268 20.3664 20.2915
threshold=14.500000000000002 21.895416666666669 1.1470993024348572 0 0.88026863702755132 1.5125000000000002 4135.0000000000009 6.9000000000000039 1 38.500000000000007 256.50000000000006 6.9623760276055124 2 1329.0000000000002
decision_type=2 10 10 9 10 10 2 10 9 2 2 2 9 2
left_child=1 4 -3 -2 6 9 7 -1 -9 10 11 -5 -8 -10
right_child=3 2 -4 5 -6 -7 12 8 13 -11 -12 -13 -14 -15
leaf_value=0.0051126151457457194 0.0071738756170586218 -0.032661441403039289 0.042161844379170289 -0.0103684599933037 -0.027531551146701312 -0.035152581745631503 -0.003026940147553895 0.0068130652649874869 -0.028200038569704773 -0.025783851958138183 -0.024360807830218503 0.0084545483822963362 0.030378039078416741 -0.0033926581059198994
leaf_weight=3347.1445661000907 185.78575868159533 119.08459467813373 25.333961516618729 425.77690702676773 69.435898423194885 118.47118607908487 70.632446113973856 251.49945479631424 196.59761292114854 197.47321584448218 175.12378835678101 245.27828025072813 138.19223124533892 141.95641154795885
leaf_count=18375 1873 925 154 4715 583 1786 349 1434 1312 2593 2214 2271 668 789
internal_value=-0.000377632 0.00283956 -0.0193362 -0.0107782 0.00360369 -0.0135966 0.00413164 0.00326264 -0.00722242 -0.0112485 -0.00782995 -0.00348609 0.0204221 -0.0173285
internal_weight=5707.79 4359.88 144.419 1347.91 4215.46 1162.12 4146.02 3937.2 590.053 1043.65 846.179 671.055 208.825 338.554
internal_count=40041 24589 1079 15452 23510 13579 22927 21910 3535 11793 9200 6986 1017 2101
cat_boundaries=0 2 4 6
cat_threshold=1159428 22 1111772756 49 1082671104 3
is_linear=0
shrinkage=0.05


Tree=52
num_leaves=15
num_cat=4
split_feature=7 29 26 23 27 27 30 24 29 16 28 25 30 27
split_gain=59.7375 35.8955 28.8162 25.1825 40.3709 27.1285 49.5093 43.3734 40.5445 33.4174 36.0981 64.5197 61.6573 30.8059
threshold=14.500000000000002 0 355.50000000000006 21.895416666666669 0.52838817491855194 0.52234838881520862 1 0.40387766346646509 2 -0.1450000000000061 0.39552454900575001 0.72504525841458023 3 0.39443639971118927
decision_type=2 9 2 10 8 10 9 10 9 8 10 10 9 8
left_child=3 -2 -3 5 -5 7 -7 9 13 -1 -11 12 -12 -9
right_child=1 2 -4 4 -6 6 -8 8 -10 10 11 -13 -14 -15
leaf_value=0.017290437392487406 -0.020849814314281796 -0.00064133003784984887 -0.030829244469329692 -0.036155174839934884 0.020820485400139421 -0.018215972151506631 0.0052034182091853917 -0.0038350356778603517 -0.0089376309189512435 0.0028416300421234106 0.0096773313257565354 0.0095151985531361297 -0.040968161905410826 0.022078353704037049
leaf_weight=285.57642390578985 458.26528883725405 797.484379876405 86.755504056811333 97.550206992775202 44.637358233332634 374.45025537163019 537.95682936161757 135.54043140262365 165.01314250379801 1513.8071976788342 83.176115337759256 193.98540022224188 208.76318833231926 735.02076894789934
leaf_count=1499 7061 7502 950 812 268 2336 2933 692 879 8607 479 1041 1416 3729
internal_value=-0.000455172 -0.00967739 -0.00359404 0.002376 -0.0182481 0.00307287 -0.00455974 0.00517065 0.013654 0.0013222 -0.000965684 -0.0128081 -0.0276232 0.0178394
internal_weight=5717.98 1342.51 884.24 4375.48 142.188 4233.29 912.407 3320.88 1035.57 2285.31 1999.73 485.925 291.939 870.561
internal_count=40204 15513 8452 24691 1080 23611 5269 18342 5300 13042 11543 2936 1895 4421
cat_boundaries=0 1 3 4 6
cat_threshold=8552453 2171093018 27 565252 1671432218 32
is_linear=0
shrinkage=0.05


Tree=53
num_leaves=15
num_cat=4
split_feature=7 30 0 7 5 30 3 26 24 26 11 30 30 25
split_gain=63.2376 33.4392 27.511 31.8965 40.8715 29.0014 27.161 30.1378 38.1374 28.1748 23.4505 29.1388 23.1114 34.9514
threshold=18.500000000000004 0 99.995000000000019 4.5000000000000009 0.76906926406926412 1 0.00341183768792877 1427.5000000000002 0.50078218747558134 2492.5000000000005 7.0439368898365506 2 3 0.61029043832632091
decision_type=2 9 10 2 10 9 10 2 10 2 2 9 9 10
left_child=2 -2 3 5 10 6 -1 12 9 -9 11 -5 13 -8
right_child=1 -3 -4 4 -6 -7 7 8 -10 -11 -12 -13 -14 -15
leaf_value=-0.027648941157341879 -0.019283165776392799 -0.0010792617708515627 -0.020558746940177921 -0.010121859336917833 -0.022074913381355862 0.014757803578411636 -0.036934324557311098 0.047788975725825501 -0.031786826521274271 0.010832898990473938 0.0092308536114429577 0.0028776182531571166 0.0061844567086718431 0.0057919752505808308
leaf_weight=71.36255294084549 557.75850741565228 468.07284019142389 124.74768616259098 621.43071702122688 195.09424712136388 887.32269842922688 99.631825644522905 88.393874570727348 31.608083225786686 123.77530439198017 727.52229021862149 1344.9734384045005 284.48173148930073 90.831744015216827
leaf_count=526 7120 5216 1094 4152 1355 4072 697 383 185 577 4460 8584 1352 467
internal_value=5.47815e-05 -0.0111844 0.00251435 0.00314903 -3.57374e-05 0.00863095 0.00153414 0.00448746 0.0187404 0.0263815 0.00156794 -0.00127041 -0.00285219 -0.0158087
internal_weight=5717.01 1025.83 4691.18 4566.43 2889.02 1677.41 790.085 718.723 243.777 212.169 2693.93 1966.4 474.945 190.464
internal_count=40240 12336 27904 26810 18551 8259 4187 3661 1145 960 17196 12736 2516 1164
cat_boundaries=0 2 4 6 8
cat_threshold=1133268050 43 1659490818 54 1091505492 7 561152 34
is_linear=0
shrinkage=0.05


Tree=54
num_leaves=15
num_cat=3
split_feature=7 30 15 23 0 26 30 28 32 30 28 24 27 7
split_gain=54.4349 43.9677 30.6554 29.7126 29.5746 35.8918 45.463 41.2605 35.0415 32.662 30.389 29.2839 28.5822 29.7297
threshold=11.500000000000002 0 3.8950291861540731 21.895416666666669 82.330000000000013 122.50000000000001 1 0.59444308113893174 2.5000000000000004 2 0.39484035224186947 0.52327085151576014 0.52994706056958696 3.5000000000000004
decision_type=2 9 8 10 10 2 9 8 8 9 10 10 10 2
left_child=3 -2 -3 4 5 7 -7 8 -1 -10 -11 -5 13 -6
right_child=1 2 -4 11 12 6 -8 -9 9 10 -12 -13 -14 -15
leaf_value=0.032663211466914178 -0.016273487340310526 0.0088379270390206207 -0.0092190937117476741 -0.038524598681864038 0.0096511051683988713 0.003894624054798089 0.023108531356429998 0.020669286237145548 0.019115627412040537 -0.0020122069932455638 -0.021030326162172763 0.0089257894845676099 -0.016862150312681869 -0.0082056537376627436
leaf_weight=64.619768507778645 802.95170846953988 460.97348351031542 477.50734649971128 82.689201429486275 500.69804644212127 698.47642235830426 561.61655705422163 222.19311556965113 115.48670276254416 662.31847808882594 306.77192062884569 52.655030690133572 278.63638573884964 434.38154309988022
leaf_count=309 9311 4277 5205 676 2745 3907 2914 1110 630 3578 1664 295 1661 2108
internal_value=-0.000419849 -0.00779046 -0.000345996 0.00280584 0.00361831 0.00659555 0.0126838 0.000996211 -0.00282217 -0.00496455 -0.00796588 -0.0201342 -0.00283681 0.00135603
internal_weight=5721.98 1741.43 938.481 3980.54 3845.2 2631.48 1260.09 1371.39 1149.2 1084.58 969.09 135.344 1213.72 935.08
internal_count=40390 18793 9482 21597 20626 14112 6821 7291 6181 5872 5242 971 6514 4853
cat_boundaries=0 2 4 5
cat_threshold=1118723146 8 1613683222 11 36737542
is_linear=0
shrinkage=0.05


Tree=55
num_leaves=15
num_cat=6
split_feature=7 7 30 18 29 20 7 30 29 30 24 29 27 27
split_gain=58.8841 31.1641 28.5817 27.1044 23.6981 23.5843 34.616 28.1743 23.732 27.4894 29.6286 22.7424 29.4655 34.2843
threshold=8.5000000000000018 -6.4999999999999991 0 -1.4999999999999989 1 -4.9949999999999966 3.5000000000000004 2 3 4 0.54336360888747204 5 0.32206064984685273 0.49142870903758046
decision_type=2 2 9 10 9 8 2 9 9 9 10 9 10 10
left_child=1 3 4 -1 -2 11 8 -8 9 10 -7 12 -3 -14
right_child=2 5 -4 -5 -6 6 7 -9 -10 -11 -12 -13 13 -15
leaf_value=-0.024944037130876149 -0.0025256992282838338 -0.010807350038286374 -0.0019349047832182388 0.01227343917094559 -0.019862639250452865 0.0096587655541073153 -0.013813260125607053 0.0020522430277695237 -0.0017949529536967026 0.023792978727364474 -0.035359858984060417 0.02505303381293322 0.036273800498946976 -0.00061049776889815434
leaf_weight=161.5713352188468 325.57005788758397 160.59156373143196 1384.4134387560189 69.256461158394814 546.23202875629067 285.66041748598218 359.43165960907936 1137.6935521289706 303.71708676218987 392.75933355465531 40.898939333856106 253.13469786942005 116.66111306846142 135.54896280169487
leaf_count=1428 2799 880 13004 507 6667 1457 1909 5518 1480 1800 245 1174 539 715
internal_value=-0.000209001 0.00392995 -0.00647619 -0.0137727 -0.0135004 0.0052164 0.00300239 -0.00184195 0.0100865 0.0149166 0.00381339 0.013578 0.00575334 0.0165264
internal_weight=5673.14 3416.93 2256.22 230.828 871.802 3186.1 2520.16 1497.13 1023.04 719.319 326.559 665.936 412.802 252.21
internal_count=40122 17652 22470 1935 9466 15717 12409 7427 4982 3502 1702 3308 2134 1254
cat_boundaries=0 2 3 5 6 8 9
cat_threshold=1126984731 12 4220161 1097615616 34 1212549 2712153858 30 12764416
is_linear=0
shrinkage=0.05


Tree=56
num_leaves=15
num_cat=4
split_feature=7 23 27 11 7 0 30 30 54 8 27 30 5 30
split_gain=43.4337 36.3621 47.0164 29.9166 30.64 38.5607 33.9974 33.3245 32.7907 28.3992 26.325 31.0293 31.0287 30.4778
threshold=42.500000000000007 7.402916666666667 0.45177984241870028 6.899163461065001 5.5000000000000009 99.010000000000005 0 1 40.500000000000007 -6.4999999999999991 0.49644783015827598 2 0.59512282897825075 3
decision_type=2 10 10 2 2 10 9 9 10 8 10 9 8 9
left_child=1 3 -3 4 5 7 9 -1 -8 -6 12 -12 13 -9
right_child=-2 2 -4 -5 6 -7 8 10 -10 -11 11 -13 -14 -15
leaf_value=0.018272015026673145 -0.022505412946706004 -0.037453098283686197 0.006215995762542191 0.0074983790731601293 0.072012421924714048 -0.020626874144295784 -0.0011401141965377626 -0.009662668441717856 0.083314374813981462 -0.01654619303705963 -0.027491581451080577 0.0012959775811313518 -6.1218044354389169e-06 0.027164137117003884
leaf_weight=401.58712133020163 202.87339825183153 135.1044754460454 112.20132601261139 1631.9664883092046 8.2238350957632047 148.16959172859788 1108.2805119715631 70.478744313120842 10.613661132752894 590.90920711681247 130.66766118258238 280.72275017946959 594.95534520596266 242.44386059045792
leaf_count=1742 2851 1354 888 10964 67 1164 9233 349 88 5521 710 1277 2781 1160
internal_value=0.000154256 0.000999194 -0.0176954 0.00188827 -0.000665489 0.00376408 -0.00548376 0.00587496 -0.000262964 -0.0149633 0.00193723 -0.00852736 0.00670457 0.0194229
internal_weight=5669.2 5466.32 247.306 5219.02 3587.05 1869.03 1718.03 1720.86 1118.89 599.133 1319.27 411.39 907.878 312.923
internal_count=40149 37298 2242 35056 24092 9183 14909 8019 9321 5588 6277 1987 4290 1509
cat_boundaries=0 2 4 6 8
cat_threshold=1097746780 11 2182348876 8 541607424 1 102657 7
is_linear=0
shrinkage=0.05


Tree=57
num_leaves=15
num_cat=4
split_feature=7 28 11 7 30 30 34 28 28 32 24 3 3 29
split_gain=52.9952 29.8849 29.8724 32.9989 34.0361 30.9265 25.0838 24.4126 24.734 23.8317 33.4997 26.0804 21.5558 21.256
threshold=38.500000000000007 0.88026863702755132 6.5323561258067731 6.5000000000000009 0 1 2 0.22212822191257417 0.21223880217449698 3.5000000000000004 0.32644107884860535 0.49172124329190775 0.61487747749997823 3
decision_type=2 10 2 2 9 9 1 8 10 10 10 10 8 9
left_child=1 2 3 5 -5 6 -1 8 -6 13 11 -11 -7 -9
right_child=-2 -3 -4 4 7 12 -8 9 -10 10 -12 -13 -14 -15
leaf_value=-0.011821906794147937 -0.02218797183051097 -0.029001922688953487 0.00617646978095564 -0.01831509775571815 0.0093915118607146627 0.015844834601253504 0.012777573593900552 0.0052539634114883368 0.073926303172466318 0.084580652917625176 -0.017738345349608345 0.0021817712617976529 0.0021894698996044576 -0.012620040677443441
leaf_weight=462.4448327049613 250.27474998682737 79.187250092625618 2228.3536537960172 450.70703746378422 69.100558903068304 483.08709234371781 132.58456270396709 242.68139434978366 18.047437038272619 24.036558717489243 27.864213049411774 15.666184492409228 718.07185230776668 498.40582098066807
leaf_count=2748 3427 783 14881 4560 658 2193 618 1821 162 150 206 98 3492 4564
internal_value=0.000262693 0.00129751 0.00174954 -0.00139038 -0.00730509 0.00304517 -0.00622398 -0.00153006 0.023443 -0.00426592 0.0239469 0.0529195 0.00762661 -0.00686697
internal_weight=5700.51 5450.24 5371.05 3142.7 1346.51 1796.19 595.029 895.802 87.148 808.654 67.567 39.7027 1201.16 741.087
internal_count=40361 36934 36151 21270 12219 9051 3366 7659 820 6839 454 248 5685 6385
cat_boundaries=0 2 4 5 6
cat_threshold=1091325014 27 1107922946 35 4 546066
is_linear=0
shrinkage=0.05


Tree=58
num_leaves=15
num_cat=4
split_feature=7 29 8 30 28 21 20 28 0 28 29 28 28 30
split_gain=41.2124 32.1127 35.2151 32.2683 29.4457 21.6052 27.9546 27.3264 26.5004 23.7372 33.2084 43.4255 31.1743 40.7941
threshold=17.500000000000004 0 -2.4999999999999996 1 0.88026863702755132 0.95678549302372906 -62.479999999999997 0.1855323782497191 99.995000000000019 0.52708231543002382 2 0.60554932322291211 0.49916598147575708 3
decision_type=2 9 8 9 10 8 10 8 10 10 9 10 10 9
left_child=4 2 -2 -3 5 6 -1 -7 9 12 11 -11 -9 -14
right_child=1 3 -4 -5 -6 7 -8 8 -10 10 -12 -13 13 -15
leaf_value=-0.035186273517696737 0.10026222085329178 -0.014159077644763405 -0.024213518096164122 0.0069257342545256048 -0.029504065131618674 0.024107527393829962 0.00064589684113810185 0.0032778268575885312 -0.021251022311778021 -0.061173465414514495 0.026132304369487006 0.010317738571335675 0.017217438909595293 -0.032301350418370255
leaf_weight=82.857501592487097 4.8156547620892525 320.00910501554608 323.86540363356471 392.2200043424964 71.082360062748194 154.37073262780905 155.01465731859207 3507.6489657014608 110.94833439216018 27.116941556334496 231.22186835855246 86.030630774796009 54.381083000451326 124.43295266106725
leaf_count=784 58 3618 5646 3536 656 1015 960 20016 988 134 1255 393 291 828
internal_value=0.00017218 -0.00880808 -0.0214408 -0.00261907 0.0022035 0.00270699 -0.0119305 0.00352003 0.00274707 0.00341273 0.0159475 -0.00662157 0.00223779 -0.0180685
internal_weight=5646.02 1040.91 328.681 712.229 4605.11 4534.02 237.872 4296.15 4141.78 4030.83 344.369 113.148 3686.46 178.814
internal_count=40178 12858 5704 7154 27320 26664 1744 24920 23905 22917 1782 527 21135 1119
cat_boundaries=0 1 3 4 6
cat_threshold=8552455 1653345362 9 13631488 34946316 25
is_linear=0
shrinkage=0.05


Tree=59
num_leaves=15
num_cat=5
split_feature=7 15 29 32 7 25 25 24 30 20 30 30 30 32
split_gain=43.6767 26.1567 26.9467 29.6269 27.3719 22.8308 49.0709 27.9681 24.26 21.5924 30.7829 25.9121 21.0445 20.6485
threshold=40.500000000000007 1.0000000180025095e-35 0 3.5000000000000004 3.5000000000000004 0.58138184288967831 0.59749204264182121 0.43676039390260851 1 -4.9949999999999966 2 3 4 2.5000000000000004
decision_type=2 10 9 8 2 8 8 10 9 10 9 9 9 10
left_child=1 2 -1 5 -5 7 -7 -4 -9 11 -11 -3 -8 -13
right_child=-2 9 3 4 -6 6 12 8 -10 10 -12 13 -14 -15
leaf_value=0.0085945851681597085 -0.02184533678370033 0.013041122538003644 -0.029736682501481163 0.025475920485363818 -0.0040000059738451521 0.10300338386585001 0.0043992922645701912 0.017501267929560513 -0.018738000545836232 0.010873101456606284 -0.0091903397748436481 0.026283729323333185 -0.014087146322179092 0.00087623606628209902
leaf_weight=308.36179168894887 232.80490481480956 714.64959548413754 285.78521952405572 109.63216076791286 272.6756243146956 9.234159052371977 241.09484685584903 68.659820731729269 100.22784648835659 252.6789206340909 694.21407774090767 82.522746879607439 406.39317028224468 1879.9533862657845
leaf_count=2410 3311 4479 2648 524 2552 63 1741 464 791 1453 4254 489 3107 11922
internal_value=-0.000685737 0.000225969 -0.00469547 -0.00745065 0.00449704 -0.0116279 -0.00565085 -0.0202296 -0.00406174 0.0026738 -0.00381282 0.00496867 -0.00735687 0.00194755
internal_weight=5658.89 5426.08 1802.06 1493.7 382.308 1111.4 656.722 454.673 168.888 3624.02 946.893 2677.13 647.488 1962.48
internal_count=40208 36897 14300 11890 3076 8814 4911 3903 1255 22597 5707 16890 4848 12411
cat_boundaries=0 1 3 5 7 9
cat_threshold=1053990 2189438296 28 1612984404 16 2198921743 48 3793300488 33
is_linear=0
shrinkage=0.05


Tree=60
num_leaves=15
num_cat=4
split_feature=7 7 7 20 11 29 18 30 27 30 27 4 22 30
split_gain=37.3542 28.5083 56.2575 44.6531 34.3593 31.6084 29.8421 33.3449 26.3407 25.4363 23.0831 25.3043 22.0203 26.0386
threshold=42.500000000000007 3.5000000000000004 1.5000000000000002 -0.48999999999999838 7.4923785970800472 0 -1.4999999999999989 1 0.52994706056958696 2 0.49142870903758046 -72.888783842196617 -0.41166666666666651 3
decision_type=2 2 2 10 2 9 10 9 10 9 10 10 10 9
left_child=1 2 6 4 12 9 -1 -8 -9 10 -4 -12 13 -3
right_child=-2 3 5 -5 -6 -7 7 8 -10 -11 11 -13 -14 -15
leaf_value=-0.013171739816051149 -0.021706687695313302 0.0065630582183725016 0.019922837834968361 -0.013483627566932022 0.01097787185789465 -0.00067931197478773419 -0.019635757036653129 0.029274819878131436 -0.030925633462455488 0.027693197573633577 0.033189984572682463 -0.035501050255611982 -0.014755519025829236 -0.0042107405602262969
leaf_weight=394.67897479981184 196.39434402063489 873.89186005666852 90.925332717597485 672.05801123380661 646.18498520553112 238.24592015892267 63.583254978060722 145.60280061140656 19.912728682160378 421.09166389703751 17.100095085799694 51.75508900731802 293.53533989936113 1520.4041701033711
leaf_count=2877 2910 6094 403 4892 4574 1033 419 818 143 1818 77 280 2769 11135
internal_value=-0.000339576 0.00043439 0.00645804 -0.00173626 0.000635062 0.0150661 -0.00485172 0.00947651 0.0206499 0.0211622 0.00327493 -0.0182108 -0.00185462 -0.000267503
internal_weight=5645.36 5448.97 1442.9 4006.07 3334.02 819.118 623.778 229.099 165.516 580.872 159.781 68.8552 2687.83 2394.3
internal_count=40242 37332 7868 29464 24572 3611 4257 1380 961 2578 760 357 19998 17229
cat_boundaries=0 1 3 5 7
cat_threshold=9470084 553732354 38 553194500 2 2727589450 24
is_linear=0
shrinkage=0.05


Tree=61
num_leaves=15
num_cat=4
split_feature=6 30 28 26 20 30 30 0 31 24 30 20 28 24
split_gain=33.4228 24.9242 23.3236 23.1371 23.1636 23.4046 21.8456 20.5934 23.2275 17.5913 17.4854 17.0429 16.2377 25.4603
threshold=17.500000000000004 0 0.88026863702755132 4135.0000000000009 6.9000000000000039 1 2 69.710000000000022 1.5000000000000002 0.10290780546528669 3 -84.194999999999979 0.59444308113893174 0.56724321969875791
decision_type=8 9 10 2 10 9 9 8 2 10 9 8 10 10
left_child=2 -2 3 4 6 -6 9 8 -5 -1 -9 -8 13 -13
right_child=1 -3 -4 7 5 -7 11 10 -10 -11 -12 12 -14 -15
leaf_value=-0.024025760541427479 -0.019469695025119468 -0.0016239241502608087 -0.02621583221608393 0.017162107621972709 0.0017014741413217871 -0.017782487341037025 -0.020180332364764617 -0.014214746438693044 0.077456754109659853 0.01395437183831862 0.019406372466418405 0.0019078974967866613 0.015892878499332127 -0.021355533853480949
leaf_weight=31.372384119778872 330.91543536260724 477.30714926496148 72.303076721727848 41.800002835690975 327.15006250143051 282.86307767778635 89.079305499792099 52.846530266106129 25.656924329698086 553.07816855609417 93.332076668739319 2941.2133211344481 193.06622088700533 121.51223453134298
leaf_count=316 4618 5653 700 305 2105 1789 647 245 122 3223 423 18272 1002 700
internal_value=0.000197378 -0.00920632 0.00177406 0.00220527 0.00144645 -0.00761074 0.00285412 0.0182469 0.0408914 0.0116786 0.0075904 0.00127048 0.0018673 0.000978262
internal_weight=5633.5 808.223 4825.27 4752.97 4539.33 610.013 3929.32 213.636 67.4569 584.451 146.179 3344.87 3255.79 3062.73
internal_count=40120 10271 29849 29149 28054 3894 24160 1095 427 3539 668 20621 19974 18972
cat_boundaries=0 1 3 4 6
cat_threshold=1116556362 3810316816 49 3289453132 1074299968 1
is_linear=0
shrinkage=0.05


Tree=62
num_leaves=15
num_cat=2
split_feature=1 21 5 28 5 28 28 30 28 56 10 27 29 28
split_gain=44.2243 25.2014 28.774 23.2839 19.8043 16.8356 51.1613 35.2689 46.6925 30.3341 29.6878 27.1931 26.0368 24.8578
threshold=0.53671373555840829 0.95754310300624756 0.1822550505050505 0.88026863702755132 1.025614814814815 0.39552454900575001 0.39342620722792448 0 0.58750732312149179 1.0000000180025095e-35 4.5000000000000009 0.4618166242689718 1 0.39299388449336853
decision_type=8 8 10 10 10 8 10 9 10 2 2 10 9 10
left_child=-1 2 -2 4 5 6 12 -7 9 -9 -10 -8 -3 -14
right_child=1 3 -4 -5 -6 7 11 8 10 -11 -12 -13 13 -15
leaf_value=-0.015459745922968622 -0.034070294989503584 -0.014663602049983028 -0.00038098793305868403 -0.026419330488841541 -0.033549590899737136 0.0061367359479053097 0.016272428733879633 -0.017569297771493391 0.0075710138771717594 -0.00017555559162445419 0.061527768541515364 0.058575118104976814 0.0051573846224959932 -0.051061477868804439
leaf_weight=451.49011940136552 106.92165263742208 178.20889295265079 153.62466238811612 71.821136310696602 37.724789381027222 964.79737414047122 104.13738444820046 615.74437757208943 119.22291963919997 422.32148500531912 31.556823268532753 59.886506080627441 2292.5465269498527 18.839520290493965
leaf_count=7359 1207 1132 979 719 290 5435 618 4129 602 2607 170 293 14549 109
internal_value=-0.000469703 0.000840233 -0.0142836 0.0016444 0.00206578 0.00235219 0.00501709 -0.000932179 -0.00666479 -0.0104999 0.0191946 0.0319789 0.00322862 0.00465714
internal_weight=5628.84 5177.35 260.546 4916.81 4844.99 4807.26 2653.62 2153.64 1188.85 1038.07 150.78 164.024 2489.59 2311.39
internal_count=40198 32839 2186 30653 29934 29644 16701 12943 7508 6736 772 911 15790 14658
cat_boundaries=0 2 3
cat_threshold=1123182936 37 9306736
is_linear=0
shrinkage=0.05


Tree=63
num_leaves=15
num_cat=5
split_feature=7 8 5 28 26 1 29 7 7 29 30 30 29 28
split_gain=36.4446 26.3576 36.1835 26.7967 30.4822 26.851 28.2006 20.5459 26.3596 33.804 29.5933 27.7082 30.5964 25.043
threshold=41.500000000000007 -2.4999999999999996 1.025614814814815 0.88026863702755132 3898.5000000000005 0.58374587458745886 0 -9.4999999999999982 3.5000000000000004 1 2 3 4 0.19153804399513916
decision_type=2 8 10 10 2 10 9 2 2 9 9 9 9 8
left_child=1 -1 3 4 5 6 -3 -7 11 -10 13 -9 -13 -11
right_child=-2 2 -4 -5 -6 7 -8 8 9 10 -12 12 -14 -15
leaf_value=0.028725209222365933 -0.021375387524184122 -0.019089199785490167 -0.041672343052868557 -0.029547513267015324 0.018098809024493203 -0.016944050962996164 0.0021216749197886424 0.00038019692987645027 0.0094807982506447258 0.020228952188478592 0.0015160860536722477 0.021888059843113122 -0.0088462651739045928 -0.012297844554859265
leaf_weight=82.896764203906059 188.73448240384459 325.93968329578638 49.428867556154728 70.382779262959957 255.67967354133725 140.25996150448918 295.84606654942036 490.05714372172952 734.57505842298269 62.82756394892931 1544.363924741745 471.60079589113593 95.328994780778885 829.02713634818792
leaf_count=576 2857 4672 532 753 1410 1256 2917 2556 3939 514 10051 2250 433 5520
internal_value=0.000166416 0.000916443 0.000481511 0.000881235 0.00129507 0.000430593 -0.0092823 0.00181502 0.00244123 0.000160897 -0.00267991 0.00927524 0.0166501 -0.00987576
internal_weight=5636.95 5448.21 5365.32 5315.89 5245.51 4989.83 621.786 4368.04 4227.78 3170.79 2436.22 1056.99 566.93 891.855
internal_count=40236 37379 36803 36271 35518 34108 7589 26519 25263 20024 16085 5239 2683 6034
cat_boundaries=0 1 2 4 6 7
cat_threshold=1090565 4728099 1227789078 11 579583490 33 9617414
is_linear=0
shrinkage=0.05


Tree=64
num_leaves=15
num_cat=3
split_feature=7 7 5 0 15 21 24 6 30 28 32 30 30 24
split_gain=37.7836 26.1379 35.2676 28.7847 27.2376 25.601 22.708 22.9002 28.3287 21.679 21.3263 21.568 21.17 18.8899
threshold=41.500000000000007 5.5000000000000009 0.71640515775552627 99.50500000000001 6.8225000730616321 0.95754310300624756 0.10290780546528669 -30.499999999999996 0 0.21223880217449698 2.5000000000000004 1 2 0.19796040286178571
decision_type=2 2 10 10 8 8 10 8 9 8 8 9 9 10
left_child=1 3 4 10 5 -3 -7 8 -8 -5 -1 -12 -11 -6
right_child=-2 2 -4 9 13 6 7 -9 -10 12 11 -13 -14 -15
leaf_value=0.036103282442797556 -0.022089760399799346 -0.025482233427127063 -0.02232797381001363 0.053761960979450144 0.0089476299288644718 -0.02632870528342697 0.0067798317987651834 0.0088260715041373426 -0.021731118879360842 0.0082538564749753598 0.011649925710391158 0.0016373970130696591 -0.030390758516594375 -0.010668334265300236
leaf_weight=55.736929133534431 184.82870035804808 74.441295262426138 207.15981600061059 9.6953272894024831 144.05182049795985 57.139851819723845 191.33712912350893 1169.4298397190869 144.70268780365586 49.310704544186592 811.21987545490265 1589.7873609699309 111.08865853026509 803.03448859974742
leaf_count=239 2873 966 1967 84 1307 618 1278 9386 969 330 3691 7682 937 7867
internal_value=7.91518e-05 0.000839336 -0.0025292 0.00441836 -0.000933986 0.00297021 0.00434109 0.00552186 -0.00596897 -0.0154158 0.00579731 0.00507905 -0.0199045 -0.00767846
internal_weight=5602.96 5418.14 2791.3 2626.84 2584.14 1637.05 1562.61 1505.47 336.04 170.095 2456.74 2401.01 160.399 947.086
internal_count=40194 37321 24358 12963 22391 13217 12251 11633 2247 1351 11612 11373 1267 9174
cat_boundaries=0 2 4 6
cat_threshold=59887644 25 2721374284 8 1078278720 1
is_linear=0
shrinkage=0.05


Tree=65
num_leaves=15
num_cat=1
split_feature=1 27 21 20 7 28 26 20 56 28 28 23 29 27
split_gain=33.5518 25.3767 23.3849 22.3676 20.6394 19.057 20.8981 25.5112 20.6559 18.9253 33.3667 21.7462 20.2628 24.3226
threshold=0.32330316742081455 0.93813395428503765 0.95754310300624756 -64.147499999999965 9.5000000000000018 0.1855323782497191 3898.5000000000005 2.0049999999999959 15.500000000000002 0.52307241608944577 0.49916598147575708 8.2862500000000026 0 0.62442688887667097
decision_type=8 10 8 10 2 8 2 10 2 10 10 10 9 10
left_child=-1 2 3 -2 -5 8 7 9 -4 10 11 -7 13 -11
right_child=1 -3 5 4 -6 6 -8 -9 -10 12 -12 -13 -14 -15
leaf_value=-0.020643596334522826 -0.031733311110378852 -0.039946071985950633 0.010979229148892086 0.0084342259757662196 -0.03163238824117006 0.0020903704550563722 0.014603036224881486 -0.0078948273883082346 0.068628685509393481 -0.038933045523471738 -0.020958620497334539 -0.041959230111211498 0.020194828154787747 0.0090312122699703866
leaf_weight=194.76129565574229 103.60882889293134 37.646516777575016 238.09286526218057 121.15353337302804 42.624470271170139 3196.5460925959051 257.57956938073039 837.23369491100311 15.692975699901579 35.66083662584424 170.01794588193297 27.267309974879026 249.16619566455483 93.82836939021945
leaf_count=3477 1221 424 2168 638 573 20996 1394 5601 109 192 1163 267 1552 455
internal_value=-0.000307451 0.000426149 0.000715569 -0.0136715 -0.0021221 0.00146928 0.000771342 -4.53736e-06 0.0147994 0.00174819 0.000563704 0.0017049 0.0123352 -0.00406368
internal_weight=5620.88 5426.12 5388.47 267.387 163.778 5121.09 4867.3 4609.72 253.786 3772.49 3393.83 3223.81 378.655 129.489
internal_count=40230 36753 36329 2432 1211 33897 31620 30226 2277 24625 22426 21263 2199 647
cat_boundaries=0 1
cat_threshold=13632642
is_linear=0
shrinkage=0.05


Tree=66
num_leaves=15
num_cat=3
split_feature=7 30 23 28 30 30 24 27 25 25 26 24 24 23
split_gain=34.2129 34.0304 21.0606 22.4445 36.1173 28.6251 34.2511 28.2801 24.7047 27.4712 40.0382 27.3399 28.2968 21.2466
threshold=18.500000000000004 0 21.895416666666669 0.36480405587265413 1 2 0.23662353885182605 0.31495919956920265 0.22791592120595935 0.78342021216311164 2366.0000000000005 0.38413545137157196 0.39611120675540151 37.039791666666673
decision_type=2 9 10 10 9 9 10 10 10 10 2 10 10 10
left_child=2 -2 3 5 -5 -1 -7 -6 -9 10 11 -10 -13 -4
right_child=1 -3 13 4 7 6 -8 8 9 -11 -12 12 -14 -15
leaf_value=-0.0026044397411370914 -0.017538853292377074 0.0014067393687880216 -0.04193979129982163 0.0059158641002750442 -0.028477740406025628 -0.00093783662188848282 0.015688477733781361 0.013004093060810813 -0.050848216113731359 0.00038411334032591599 0.0544786262274531 0.022422881793750869 -0.019128624501457154 -0.0017391365861561398
leaf_weight=617.52592501044273 484.72806300781667 458.63875374756753 52.537219244986773 1124.017382606864 127.97047345712781 456.27618933469057 962.91686349734664 183.65700137242675 57.708673615008593 580.87466268241405 18.386313486844301 45.7753263451159 336.96794966235757 85.365834534168243
leaf_count=3701 6751 5337 531 6284 1029 2828 5387 1026 398 3523 87 285 2238 665
internal_value=0.000169583 -0.00850712 0.00193132 0.00252114 -0.000677807 0.00640745 0.0102738 -0.0061608 -0.0038553 -0.00684301 -0.0159733 -0.019031 -0.0141137 -0.0172461
internal_weight=5593.35 943.367 4649.98 4512.08 2475.36 2036.72 1419.19 1351.34 1223.37 1039.71 458.838 440.452 382.743 137.903
internal_count=40070 12088 27982 26786 14870 11916 8215 8586 7557 6531 3008 2921 2523 1196
cat_boundaries=0 2 4 6
cat_threshold=1116556626 42 2264016716 41 24284446 54
is_linear=0
shrinkage=0.05


Tree=67
num_leaves=15
num_cat=4
split_feature=8 8 22 1 27 25 30 7 7 29 16 4 30 30
split_gain=38.0549 35.0434 30.2862 27.9376 20.0688 19.4375 20.1989 18.6727 39.8479 34.7128 33.8844 24.8568 26.9036 17.9995
threshold=1.5000000000000002 -2.4999999999999996 0.35500000000000004 0.58374587458745886 0.47916063196781083 0.71198456734322313 0 3.5000000000000004 1.5000000000000002 1 -0.78750000000000131 -17.204036955869402 2 3
decision_type=10 8 10 8 10 8 9 2 2 9 8 8 9 9
left_child=1 -1 3 5 -5 -3 -7 8 10 -9 -2 12 -11 -10
right_child=7 2 -4 4 -6 6 -8 9 13 11 -12 -13 -14 -15
leaf_value=0.024183723933337037 0.023223032201692879 -0.034259577588992757 -0.02574831506149048 0.0025540493201412092 -0.014337205162898409 0.0214405421404213 -0.015115059275530552 0.011213488140010471 0.005121902972290396 0.0053072045065743747 -0.010730836070449818 0.00025346768691580674 -0.021192632005440575 0.02251789395224554
leaf_weight=88.331331923604012 92.340498343110085 114.42783777974546 208.05041776038706 804.35576274618506 223.97785124182701 36.601279646158218 205.81295666471124 588.04907688498497 268.83054292947054 139.03081885352731 344.55090969055891 1790.4633119665086 294.82960379868746 395.44153059273958
leaf_count=623 539 2226 2723 5585 1683 605 3229 3128 1234 867 2361 11927 1767 1707
internal_value=-1.26035e-05 -0.00630113 -0.00800538 -0.00532378 -0.00113533 -0.017357 -0.00927038 0.00269035 0.00820665 0.00052834 -0.00351777 -0.00234016 -0.0130734 0.0159115
internal_weight=5595.09 1681.56 1593.23 1385.18 1028.33 356.842 242.414 3913.54 1101.16 2812.37 436.891 2224.32 433.86 664.272
internal_count=40204 16674 16051 13328 7268 6060 3834 23530 5841 17689 2900 14561 2634 2941
cat_boundaries=0 2 3 5 7
cat_threshold=3792740368 2 532755 2686939459 1 586765824 23
is_linear=0
shrinkage=0.05


Tree=68
num_leaves=15
num_cat=1
split_feature=1 21 24 22 8 5 28 11 30 28 28 25 24 25
split_gain=29.1221 24.6862 23.3776 25.6978 19.4271 29.4319 18.7987 19.2211 20.5934 31.4151 30.8079 38.9092 30.4953 29.2607
threshold=0.28215467328370564 0.96281320404573056 0.49826877660989621 -0.41166666666666651 -2.4999999999999996 0.88331764705882365 0.88026863702755132 6.5323561258067731 0 0.36087559099676353 0.58750732312149179 0.78342021216311164 0.38413545137157196 0.65184336490502004
decision_type=8 8 10 10 8 10 10 2 9 10 10 10 10 8
left_child=-1 2 3 -2 -3 6 7 8 -6 13 11 12 -11 -10
right_child=1 4 -4 -5 5 -7 -8 -9 9 10 -12 -13 -14 -15
leaf_value=-0.021886178528784689 0.0015372259663268563 0.025813827983582172 0.0083787158724010612 -0.03640787749685185 0.0048398523755125529 -0.022588313572146572 -0.025564241716830305 0.0051766750749215641 0.012082477186531201 -0.040983851828055681 0.010843018486842222 -0.00081634820214859316 -0.014390561024550672 -0.0060195717391191483
leaf_weight=153.06525230780244 67.457294510677457 76.341543942689896 80.140243578702211 130.34287259168923 937.71636499091983 132.65354361943901 63.798176318407059 2084.7865296620876 420.9850458316505 160.12797629088163 142.93432802706957 324.56752873957157 331.71590020135045 473.0751233138144
leaf_count=2890 558 498 586 1464 5977 1073 712 13884 2850 1345 725 1978 2320 3334
internal_value=-0.000449853 0.000158706 -0.0143286 -0.0235245 0.0009434 0.000564074 0.00119027 0.0015455 -0.00116763 -0.00421143 -0.0105136 -0.0142613 -0.023114 0.00250809
internal_weight=5579.71 5426.64 277.94 197.8 5148.7 5072.36 4939.71 4875.91 2791.12 1853.41 959.346 816.411 491.844 894.06
internal_count=40194 37304 2608 2022 34696 34198 33125 32413 18529 12552 6368 5643 3665 6184
cat_boundaries=0 2
cat_threshold=2746229320 44
is_linear=0
shrinkage=0.05


Tree=69
num_leaves=15
num_cat=3
split_feature=7 11 7 7 23 30 5 29 20 30 28 3 25 7
split_gain=29.624 21.6603 23.2823 29.8441 29.7876 28.984 24.547 23.8308 22.3125 22.0478 30.4086 26.3769 30.764 30.2507
threshold=41.500000000000007 6.8080454326358764 3.5000000000000004 1.5000000000000002 7.402916666666667 0 0.7833387978142079 1 -75.089999999999989 2 0.39484035224186947 0.45350432631393339 0.87985356896076439 18.500000000000004
decision_type=2 2 2 2 10 9 10 9 8 9 8 10 10 2
left_child=1 2 3 -1 6 -5 9 -7 -3 -4 11 12 13 -11
right_child=-2 8 4 5 -6 7 -8 -9 -10 10 -12 -13 -14 -15
leaf_value=-0.0044722483577664604 -0.01976556798691009 -0.025450412573844845 0.0056803009317591803 -0.0028821019273972195 -0.030197774137482997 -0.0089025617787367624 -0.024598320966922296 0.026104179558617387 0.0063144813680125261 0.03373300894822636 -0.012890819960627159 -0.0079433575685402148 -0.0024022628681103254 -0.0088541282323012279
leaf_weight=461.89751620590687 177.46137161925435 56.076054591685534 703.91721555031836 203.02060993015766 102.5152919664979 56.583651438355446 121.67534144036472 312.20791450887918 1788.0737965684384 162.79392080754042 681.9257344994694 429.50872333347797 264.41778007894754 55.459334338083863
leaf_count=3349 2902 356 4922 940 1239 242 1032 1354 12162 1096 4907 2549 2285 926
internal_value=0.000277397 0.000939602 -0.00134094 0.00497568 -0.0039307 0.012602 -0.00280583 0.0206308 0.00533532 -0.00164176 -0.00488155 0.00106012 0.00907179 0.0229204
internal_weight=5577.53 5400.07 3555.92 1033.71 2522.21 571.812 2419.7 368.792 1844.15 2298.02 1594.11 912.18 482.671 218.253
internal_count=40261 37359 24841 5885 18956 2536 17717 1596 12518 16685 11763 6856 4307 2022
cat_boundaries=0 2 3 5
cat_threshold=15234565 7 4731024 2727424515 60
is_linear=0
shrinkage=0.05


Tree=70
num_leaves=15
num_cat=2
split_feature=5 22 21 24 0 15 30 30 54 55 25 3 8 0
split_gain=25.9018 23.6725 28.3201 27.9075 27.1402 20.9921 21.0139 18.8824 21.8216 22.252 18.8449 16.5202 16.3622 15.2843
threshold=1.025614814814815 -1.1749999999999998 1.0079446919862824 0.48942070234144358 85.00500000000001 1.0000000180025095e-35 0 1 1.0000000180025095e-35 31.500000000000004 0.099742071847770161 0.41918750472597072 -2.4999999999999996 99.315000000000012
decision_type=10 8 8 10 8 10 9 9 10 8 10 10 10 10
left_child=1 4 3 10 -1 7 -7 8 -4 -10 -3 -8 -2 -12
right_child=12 2 5 -5 -6 6 11 -9 9 -11 13 -13 -14 -15
leaf_value=0.027831336549910015 0.017946054929589658 -0.041642817578090345 -0.014167091577070138 0.01208259354457848 -0.0017289658772778041 0.0068015170037513117 0.0054847740300945878 0.00026730673570859569 0.071770088582112687 0.0003392024226048394 -0.015702445817386834 -0.0045571087155611796 -0.042767038901090793 0.062741418246717959
leaf_weight=160.2890235427767 13.285507060587404 84.965644167736173 573.4780289363116 74.737184001132846 149.52303396724164 1553.9577837530524 622.66860944963992 879.14930104091763 13.423446552827953 44.705732487142086 167.26946616359055 1192.1458506025374 54.230091905221343 5.4764612093567839
leaf_count=1039 81 1065 4943 579 752 9483 5240 7419 105 335 1622 6799 765 40
internal_value=-0.000178928 0.000200152 -0.000599128 -0.0146969 0.0136051 0.000364184 0.00256025 -0.0045312 -0.0110301 0.0177692 -0.0224797 -0.0011045 -0.0307325 -0.0128688
internal_weight=5589.31 5521.79 5211.98 332.449 309.812 4879.53 3368.77 1510.76 631.607 58.1292 257.712 1814.81 67.5156 172.746
internal_count=40267 39421 37630 3306 1791 34324 21522 12802 5383 440 2727 12039 846 1662
cat_boundaries=0 2 4
cat_threshold=2160374877 29 2173284375 23
is_linear=0
shrinkage=0.05


Tree=71
num_leaves=15
num_cat=2
split_feature=21 3 1 27 26 0 28 30 8 5 15 56 19 30
split_gain=22.4272 22.4945 20.1087 17.9641 21.1599 22.2708 23.3285 22.1209 15.3676 20.1338 17.6844 17.3893 28.0301 27.1569
threshold=0.95678549302372906 0.72653841794661356 0.28215467328370564 0.93813395428503765 3898.5000000000005 99.995000000000019 0.21223880217449698 0 -2.4999999999999996 1.0756415094339624 0.71463625421837318 1.0000000180025095e-35 55.810000000000009 1
decision_type=8 10 8 10 2 10 8 9 8 10 8 2 8 9
left_child=1 -1 -2 4 5 8 -7 -6 10 11 -4 12 13 -10
right_child=2 -3 3 -5 7 6 -8 -9 9 -11 -12 -13 -14 -15
leaf_value=-0.024122312390815727 -0.017642677252822703 0.0054433465018298216 0.078226297901678621 -0.033335610855243898 0.029411179683246459 0.065850571087042495 -0.029528177070964147 0.00031263036876208396 -0.032096152282324097 -0.044270207994752987 0.012901164266173763 0.005289728246538397 0.00090194147473990718 -0.003443857207595229
leaf_weight=177.81427084282041 139.06606919318438 99.995385814458132 11.531417191028593 35.62548054382205 127.10352905467153 5.9722800105810157 88.396665342152119 134.78223661705852 120.70523641258478 23.245420476421714 63.45969632267952 1784.1030593086034 2510.8809719551355 248.24506960622966
leaf_count=2277 2576 598 76 421 705 57 901 730 1405 324 401 11076 16169 2466
internal_value=0.000322658 -0.013499 0.0010505 0.0015582 0.00180754 0.00105942 -0.0228648 0.0156241 0.00153822 0.00117634 0.0238435 0.00141229 -0.000990848 -0.0138398
internal_weight=5570.93 277.81 5293.12 5154.05 5118.43 4856.54 94.3689 261.886 4762.17 4687.18 74.9911 4663.93 2879.83 368.95
internal_count=40182 2875 37307 34731 34310 32875 958 1435 31917 31440 477 31116 20040 3871
cat_boundaries=0 2 4
cat_threshold=537243650 11 2154549322 34
is_linear=0
shrinkage=0.05


Tree=72
num_leaves=15
num_cat=3
split_feature=15 7 30 28 30 0 27 7 29 24 27 33 0 15
split_gain=25.8263 19.6624 18.8762 18.6311 28.4195 21.4973 20.831 20.0295 20.4442 19.8913 21.5016 19.6249 20.4701 18.644
threshold=1.0000000180025095e-35 40.500000000000007 0 0.24940367255737442 1 71.665000000000006 0.23870084570681779 11.500000000000002 2 0.34512024166922123 0.25125443714469609 0.70000000000000007 81.010000000000005 4.0927238918358855
decision_type=10 2 9 10 9 10 10 2 9 10 10 2 10 10
left_child=1 -1 -2 4 5 6 -4 8 -5 10 -9 -10 -13 -12
right_child=2 -3 3 7 -6 -7 -8 9 11 -11 13 12 -14 -15
leaf_value=-0.0037466569739550148 0.014177424329860314 -0.027601274751944144 0.0022869812436853696 -0.0098617306143149522 0.0015031278063301712 0.057420793928803421 0.04653901068590835 -0.024861362630177644 -0.028872071138802764 -0.015834850394974575 0.016915465951055003 0.0084135894178808106 -0.0028922441687036725 -0.0084176509864026892
leaf_weight=1743.814241534099 296.93412984535098 89.930525548756123 81.722043948248029 298.84216453507543 352.46844939701259 44.194752477109432 38.503114607185125 66.042093789204955 43.293201610445976 359.80100483633578 174.94680185988545 1255.6669077426195 586.94273572787642 122.86895325779915
leaf_count=14265 1793 1517 772 1539 3077 278 289 698 221 3646 1534 6451 3006 1046
internal_value=-7.5669e-05 -0.00493094 0.00231695 0.00123995 0.00998107 0.0263524 0.0167261 -0.000312182 0.00207627 -0.00751588 0.000731185 0.00400325 0.00481263 0.00647066
internal_weight=5555.97 1833.74 3722.23 3425.29 516.888 164.42 120.225 2908.4 2184.75 723.659 363.858 1885.9 1842.61 297.816
internal_count=40132 15782 24350 22557 4416 1339 1061 18141 11217 6924 3278 9678 9457 2580
cat_boundaries=0 2 4 5
cat_threshold=2151690757 16 43286554 5 9454758
is_linear=0
shrinkage=0.05


Tree=73
num_leaves=15
num_cat=3
split_feature=15 30 4 23 26 26 30 26 24 29 10 7 26 19
split_gain=25.1342 20.5446 17.8343 16.9142 18.7686 29.1951 28.3882 33.0437 18.4949 18.2221 21.9045 24.9463 22.542 18.542
threshold=10.923824343909015 0 39.997532492567345 21.895416666666669 1427.5000000000002 1758.0000000000002 1 363.00000000000006 0.50078218747558134 2 1.0000000180025095e-35 6.5000000000000009 650.50000000000011 40.850000000000009
decision_type=8 9 10 10 2 2 9 2 10 9 2 2 2 8
left_child=3 -2 -3 4 6 -6 7 -1 -7 -8 -11 -12 13 -13
right_child=1 2 -4 -5 5 8 9 -9 -10 10 11 12 -14 -15
leaf_value=-0.00085388357715991214 -0.014616641753249327 -0.0032541845591230155 0.031869662275797149 -0.020931769983565898 0.039178595031696885 0.008595884233691042 -0.0049323777196218395 -0.019970318981956562 -0.020564837086557722 -0.0026800834636318137 0.017958242911013153 -0.014389604532508069 -0.024104161491638829 0.0099098255381921269
leaf_weight=842.68268008902669 468.77630170434713 910.62270015105605 36.635304221883416 81.253653464838862 72.481476901099086 584.21488554030657 470.56411626189947 307.97597440518439 58.99377866089344 501.06991472095251 524.83195971697569 90.712821451947093 65.72792119346559 547.59018263593316
leaf_count=5990 4110 7864 220 869 400 3285 3263 2199 406 2910 2397 1307 595 4459
internal_value=-0.000446764 -0.00619596 -0.00184414 0.00151685 0.0019704 0.00931446 0.000399659 -0.00593182 0.00589355 0.00372168 0.00609198 0.0097176 0.00355772 0.00643939
internal_weight=5564.13 1416.03 947.258 4148.1 4066.85 715.69 3351.16 1150.66 643.209 2200.5 1729.93 1228.86 704.031 638.303
internal_count=40274 12194 8084 28080 27211 4091 23120 8189 3691 14931 11668 8758 6361 5766
cat_boundaries=0 2 4 5
cat_threshold=587495707 19 1198106384 10 8536610
is_linear=0
shrinkage=0.05


Tree=74
num_leaves=15
num_cat=1
split_feature=7 15 29 24 20 27 28 0 0 24 7 33 2 3
split_gain=25.8481 27.6447 25.8906 22.7185 22.8233 21.673 25.6324 25.1637 18.2402 16.9108 20.3323 17.452 17.0745 16.8524
threshold=4.5000000000000009 11.44323687236003 0 0.10847917514584184 1.0025000000000051 0.061271428616443392 0.30975488858736849 97.00500000000001 86.395000000000024 0.21109619540064054 40.500000000000007 0.90000000000000013 -5.4565410394030724 0.21786089693990515
decision_type=2 8 9 10 10 8 8 10 10 10 2 2 2 10
left_child=2 3 5 -2 -5 -1 13 -8 9 10 11 -3 -11 -7
right_child=1 8 -4 4 -6 6 7 -9 -10 12 -12 -13 -14 -15
leaf_value=-0.041968464382618212 -0.021594678897854699 -0.031271573447509769 -0.0066565850043331376 0.0025718407376045813 -0.011322397099069313 -0.0078452700869386278 0.010570119672937287 -0.0062331718156991836 -0.033890094947958395 0.017939672426271262 -0.031637188615590055 0.020567822028004855 -0.01322712641461493 0.037000502563059798
leaf_weight=20.365554396063089 116.64020117931068 17.733970321714878 380.79075106605887 2381.2881069965661 336.43052184022963 25.173828937113285 905.00512820482254 294.72509374842048 72.124726694077253 46.125075932592154 28.506298266351223 124.90146742202342 679.7246350646019 115.22591833770275
leaf_count=259 1412 196 2097 17130 2755 171 4330 1846 434 365 554 1084 7004 539
internal_value=-0.000266333 -0.0025761 0.00477745 -8.25501e-05 0.00084832 0.00797062 0.00881969 0.00644048 -0.00986134 -0.00789366 0.00621686 0.0139497 -0.0112246 0.028961
internal_weight=5544.76 3803.48 1741.29 2834.36 2717.72 1360.5 1340.13 1199.73 969.116 896.991 171.142 142.635 725.85 140.4
internal_count=40176 30934 9242 21297 19885 7145 6886 6176 9637 9203 1834 1280 7369 710
cat_boundaries=0 1
cat_threshold=13668391
is_linear=0
shrinkage=0.05


Tree=75
num_leaves=15
num_cat=3
split_feature=3 30 11 29 30 20 18 0 28 27 22 15 2 5
split_gain=18.7471 26.2015 16.0738 21.0609 19.4292 21.5266 15.5486 15.3191 22.5088 14.6316 14.5728 15.9987 13.8383 14.3132
threshold=1.0000000180025095e-35 0 6.9217715674756519 1 2 -75.089999999999989 2.0900000000000012 99.905000000000015 0.21223880217449698 0.51638388117311951 0.82500000000000007 6.8225000730616321 -0.0052296258099937534 0.59512282897825075
decision_type=10 9 2 9 9 8 8 10 8 10 8 8 2 8
left_child=1 -1 7 -4 6 -6 -5 -2 -9 12 -8 -12 -7 -14
right_child=2 -3 3 4 5 9 10 8 -10 -11 11 -13 13 -15
leaf_value=-0.025146739239025318 -0.00050853397498437549 0.0023996751688604391 -0.014906958995772905 0.0031832196451721038 -0.034219322513970828 0.028981466045006073 0.068894545181617362 0.062671056437524325 -0.027656198806184293 -0.0078647289802590108 0.032558283368791345 0.001747012422024327 0.01447830154171641 0.001448697885005519
leaf_weight=158.75223106518388 3413.1411616466939 178.88976051658392 116.06866114214063 116.48841474577785 35.690228968858719 65.980372283607721 17.359215937554836 6.5384711623191825 87.943931899964809 196.19800921343267 119.33064761012793 65.012664083391428 304.25871131569147 681.79641172103584
leaf_count=1874 23413 2030 838 730 245 421 95 58 865 1389 740 496 2133 4923
internal_value=0.000141006 -0.0112598 0.000879631 0.00484025 0.00633277 0.00350875 0.0172299 -0.00106127 -0.0208144 0.00464211 0.0261365 0.0217601 0.00697981 0.00547973
internal_weight=5563.45 337.642 5225.81 1718.18 1602.11 1283.92 318.191 3507.62 94.4824 1248.23 201.703 184.343 1052.04 986.055
internal_count=40250 3904 36346 12010 11172 9111 2061 24336 923 8866 1331 1236 7477 7056
cat_boundaries=0 2 3 5
cat_threshold=1130193158 26 13764128 1141956612 7
is_linear=0
shrinkage=0.05


Tree=76
num_leaves=15
num_cat=3
split_feature=7 5 7 30 18 56 24 3 29 3 29 28 2 7
split_gain=21.9788 26.5894 23.3912 33.834 30.3884 31.5012 21.5091 20.4827 20.3806 23.2238 20.0134 24.1022 20.2035 18.2136
threshold=4.5000000000000009 0.7630259146341466 1.5000000000000002 0 -1.4999999999999989 4.5000000000000009 0.50078218747558134 0.72653841794661356 1 0.72153587162038957 2 0.1392721873547659 -6.512671413282372 2.5000000000000004
decision_type=2 10 2 9 10 2 10 8 9 10 9 10 2 2
left_child=2 10 3 -1 7 6 -6 -5 9 -4 11 -2 -12 -10
right_child=1 -3 8 4 5 -7 -8 -9 13 -11 12 -13 -14 -15
leaf_value=-0.016344280134400643 0.047348141495105835 -0.018409722494659653 0.012614288276275663 0.01056192707550596 0.052772748570984143 -0.0099692762631048357 -0.025145834583846446 -0.019519930731992798 0.020849149800490265 -0.030644900904491137 0.018248410188555851 -0.027969508546037181 -0.00097212577497854727 0.0066541407427173488
leaf_weight=261.38517536222935 10.784775793552397 230.53894307464361 57.060167089104652 118.29220242798328 75.527660716325045 39.10870499163866 9.4199542030692083 106.70907034724951 336.56078064441681 65.907360374927521 141.61753121949732 115.3122222982347 3306.0841913949698 688.48145585134625
leaf_count=1913 71 2249 238 832 401 237 77 800 1510 278 1018 807 26793 3052
internal_value=0.000147362 -0.00198935 0.00476854 -0.00313644 0.00703827 0.0270014 0.0439402 -0.00372793 0.00897101 -0.00983807 -0.000925246 -0.0196591 -0.000177049 0.0112213
internal_weight=5562.79 3804.34 1758.45 610.443 349.058 124.056 84.9476 225.001 1148.01 122.968 3573.8 126.097 3447.7 1025.04
internal_count=40276 30938 9338 4260 2347 715 478 1632 5078 516 28689 878 27811 4562
cat_boundaries=0 2 3 4
cat_threshold=553777482 62 8528896 9568256
is_linear=0
shrinkage=0.05


Tree=77
num_leaves=15
num_cat=2
split_feature=7 0 30 4 23 22 25 30 21 27 3 7 10 28
split_gain=26.637 31.4778 29.9405 26.1227 23.1458 20.9217 22.0522 28.0986 19.5702 20.8553 18.2707 17.9005 16.8833 16.0831
threshold=8.5000000000000018 80.865000000000023 0 -22.464483715419572 8.0464583333333355 0.35500000000000004 2.8388341941502122 1 0.95754310300624756 0.47116247171405778 1.0000000180025095e-35 35.500000000000007 19.500000000000004 0.23902179009124289
decision_type=2 8 9 8 10 10 8 9 10 10 10 2 2 8
left_child=1 2 -1 -2 12 6 8 11 -5 -10 -3 13 -4 -8
right_child=3 10 4 5 -6 -7 7 -9 9 -11 -12 -13 -14 -15
leaf_value=0.00038555681491796748 -0.024636007786960547 -0.019052584559782006 0.026050322914818225 -0.0052011529413807499 -0.021151801670618045 -0.016530437724229786 0.068829746750917187 0.00018751471175010713 -0.0023484915144472559 0.058895986160214568 0.0013678289375782648 -0.0027165972348051942 -0.0041007906405439217 0.025523862499241275
leaf_weight=364.55971040949225 140.28638667240739 113.74139491841197 407.44564051926136 1262.4778730906546 31.5374297760427 230.98317403160036 29.577088452875614 335.37200977653265 31.026444304734468 24.074852619320154 2414.8636457212269 36.165905522182584 52.100380674004555 79.927001390606165
leaf_count=2019 1418 854 2029 13574 235 3089 219 2803 316 162 12372 352 275 595
internal_value=0.000476322 0.0032486 0.0115322 -0.00384694 0.0193875 -0.00239858 -0.000575554 0.00857636 -0.00392085 0.0249833 0.000442112 0.0259732 0.0226305 0.0377378
internal_weight=5554.14 3384.25 855.643 2169.89 491.083 2029.6 1798.62 481.042 1317.58 55.1013 2528.61 145.67 459.546 109.504
internal_count=40312 17784 4558 22528 2539 21110 18021 3969 14052 478 13226 1166 2304 814
cat_boundaries=0 2 4
cat_threshold=3838220 27 3252342788 7
is_linear=0
shrinkage=0.05


Tree=78
num_leaves=15
num_cat=5
split_feature=7 7 30 18 29 30 8 1 0 27 29 30 7 26
split_gain=21.9275 25.8226 30.3629 34.4582 24.2964 25.2158 22.6222 24.9093 22.6322 19.9303 19.7253 19.9135 20.2868 21.9351
threshold=3.5000000000000004 1.5000000000000002 0 -1.4999999999999989 1 2 -6.4999999999999991 0.76500600240096051 74.980000000000004 0.52994706056958696 3 4 2.5000000000000004 15.500000000000002
decision_type=2 2 9 10 9 9 8 10 10 10 9 9 2 2
left_child=1 2 -1 -4 5 -2 -6 -8 -9 -5 11 -3 13 -13
right_child=4 10 3 9 6 -7 7 8 -10 -11 -12 12 -14 -15
leaf_value=-0.01502208165139244 0.012971199934262155 0.025516135426142256 -0.0044107603921604227 0.036818605415999121 0.070219891264006712 -0.0010983013454081358 -0.017183064275215383 -0.00022497459912596378 -0.013866446562493438 -0.026015523346451453 -0.0013127280858233844 0.046962891785202632 -0.006922790691976724 0.0055893960365064619
leaf_weight=268.9119181483984 381.16561872884631 272.00066533684731 215.92812236025929 102.36410288140178 8.6598219573497754 1690.6428670659661 430.00976794585586 1210.7942213695496 405.01801124215126 13.654951997101305 243.65828239917755 47.460452079772949 144.60512062162161 95.47854445874691
leaf_count=1977 2708 1214 1572 572 66 12362 6925 7966 2342 104 1048 201 656 452
internal_value=-0.000443975 0.00495115 -0.00288641 0.00719542 -0.00228054 0.001545 -0.00611499 -0.00650214 -0.00365079 0.0292642 0.0108106 0.0158238 0.00605306 0.0195576
internal_weight=5530.35 1404.06 600.859 331.947 4126.29 2071.81 2054.48 2045.82 1615.81 116.019 803.203 559.545 287.544 142.939
internal_count=40165 7796 4225 2248 32369 15070 17299 17233 10308 676 3571 2523 1309 653
cat_boundaries=0 2 3 5 6 8
cat_threshold=595704130 62 4747698 74977869 20 1081478 1124384858 57
is_linear=0
shrinkage=0.05


Tree=79
num_leaves=15
num_cat=2
split_feature=7 8 5 22 34 28 7 7 12 19 29 5 32 7
split_gain=22.4899 20.8655 22.6499 22.7182 23.0963 32.1252 21.9705 25.1678 23.4902 21.387 21.0326 21.1898 18.7364 18.2259
threshold=39.500000000000007 -2.4999999999999996 1.025614814814815 -0.41166666666666651 0 0.23987103055374862 -7.4999999999999991 3.5000000000000004 1.5000000000000002 37.000000000000007 1 1.0000000180025095e-35 2.5000000000000004 1.5000000000000002
decision_type=2 8 10 8 1 10 2 2 2 8 9 8 10 2
left_child=1 -1 3 9 5 -5 -6 10 -9 -3 11 -8 -7 -13
right_child=-2 2 -4 4 6 12 7 8 -10 -11 -12 13 -14 -15
leaf_value=0.025242789487409985 -0.016058269227448792 0.043988892273229163 -0.036410359547645224 0.045453731782035343 -0.017926864164403367 0.0083317831050470983 -0.037100918423260368 -0.0036789913504394079 0.0051594340396395773 0.0080509569224709969 -0.006559316054680602 0.0028349661203987096 -0.026717573014581893 0.018436745185491526
leaf_weight=84.917969763278961 204.41208462230861 47.430301185697317 40.456047678366303 19.533574689179659 153.01122406870127 47.043651076033711 20.811965756118298 2297.0647550523281 1116.2459153607488 290.63803517818451 195.06746135652065 290.77321679890156 191.49736546166241 526.57881665229797
leaf_count=574 3354 347 516 107 1512 301 130 17281 7918 1581 929 1809 1489 2296
internal_value=0.000175824 0.000802366 0.000401256 0.00069484 -0.000178546 -0.014704 0.000639479 0.00128226 -0.00078792 0.0132078 0.0081153 0.0114757 -0.0197994 0.0128967
internal_weight=5525.48 5321.07 5236.15 5195.7 4857.63 258.075 4599.55 4446.54 3413.31 338.068 1033.23 838.164 238.541 817.352
internal_count=40144 36790 36216 35700 33772 1897 31875 30363 25199 1928 5164 4235 1790 4105
cat_boundaries=0 1 2
cat_threshold=1 9617572
is_linear=0
shrinkage=0.05


Tree=80
num_leaves=15
num_cat=1
split_feature=8 8 21 1 27 32 10 7 28 27 34 24 26 24
split_gain=22.6915 22.4204 20.613 21.3011 18.091 17.1792 20.5112 24.5152 17.5435 27.3589 17.8601 18.5921 30.1568 27.8707
threshold=1.5000000000000002 -2.4999999999999996 0.97790083642899184 0.22816552250190694 0.52838817491855194 2.5000000000000004 1.0000000180025095e-35 -6.4999999999999991 0.1855323782497191 0.19126657448317633 0 0.53722480221255153 730.50000000000011 0.53086783921877956
decision_type=10 8 8 8 10 10 2 2 8 8 1 10 2 10
left_child=1 4 -3 -4 -1 -2 -7 -8 -9 -10 -11 13 -13 -12
right_child=5 2 3 -5 -6 6 7 8 9 10 11 12 -14 -15
leaf_value=0.011423193187550794 0.014468445481505521 -0.025432035754756423 -0.029083210325600645 -0.0033402352417862147 0.08905266629682268 -0.0040190455624788046 -0.019312105534900686 0.022951812552444689 -0.021860610940236658 -0.012584602284541764 0.0073619395290441762 0.0029456335106293348 -0.042008328037549982 0.062114709721090823
leaf_weight=87.165856570005417 248.48924401775002 133.2768923714757 84.621785175055265 1315.5972651429474 7.268811769783496 1336.2400411479175 108.59657290950418 126.14139855466783 97.85903530754149 132.22824101522565 1606.6770342011005 154.89951550588012 48.095551248639822 22.605909153819084
leaf_count=591 1433 2096 1757 12168 49 7911 1003 981 750 820 9257 863 326 118
internal_value=-0.000301503 -0.00525458 -0.00671415 -0.00491565 0.018269 0.00177649 0.000904733 0.00376943 0.00492306 0.00380977 0.00509898 0.0063813 -0.00785901 0.00815926
internal_weight=5509.76 1627.93 1533.5 1400.22 94.4347 3881.83 3633.34 2297.1 2188.51 2062.37 1964.51 1832.28 202.995 1629.28
internal_count=40123 16661 16021 13925 640 23462 22029 14118 13115 12134 11384 10564 1189 9375
cat_boundaries=0 1
cat_threshold=1
is_linear=0
shrinkage=0.05


Tree=81
num_leaves=15
num_cat=3
split_feature=7 29 30 28 8 26 28 1 28 24 28 3 0 29
split_gain=21.2522 22.293 33.6481 25.0822 30.4887 36.4604 23.2308 21.1392 35.3364 34.3573 24.4663 21.8795 18.0824 19.138
threshold=8.5000000000000018 0 1 0.39531472888517366 23.500000000000004 3898.5000000000005 0.39299388449336853 0.68528922180607588 0.24540429334335073 0.32049950858582671 0.22035823111388067 0.40993177606530257 99.50500000000001 2
decision_type=2 9 9 10 8 2 10 10 10 10 10 8 10 9
left_child=12 2 -2 4 5 7 -6 -4 10 -10 -9 -11 13 -1
right_child=1 -3 3 -5 6 -7 -8 8 9 11 -12 -13 -14 -15
leaf_value=-0.0067600958999538899 -0.024985162290103474 0.00034956573808863771 -0.0048616993683602838 -0.016040976915915665 -0.020642692440634342 0.093751353375855523 0.075378739274428966 0.035544451969989781 -0.032633493252822214 0.059902254391232125 0.12476283657812243 -0.010410260785898282 -0.013396088386872852 0.0048839327581152031
leaf_weight=395.37630235031247 252.96819282881916 1309.3903427198529 114.83135712519288 236.51056228764355 115.34060946106911 12.905238518491386 5.6885702013969413 24.606106124818325 32.23467337526381 28.654245063662529 11.096856690943239 17.23285298421979 167.25348233059049 2777.5759864430875
leaf_count=2182 3745 11539 2255 2862 1195 71 42 235 249 177 82 120 1396 14011
internal_value=7.97754e-05 -0.00378234 -0.0100116 -0.00335262 0.0048529 0.0150967 -0.0155488 0.0102686 0.0254421 0.00634445 0.0659182 0.0338376 0.00257935 0.00342541
internal_weight=5501.67 2161.46 852.069 599.101 362.591 241.561 121.029 228.656 113.825 78.1218 35.703 45.8871 3340.21 3172.95
internal_count=40161 22572 11033 7288 4426 3189 1237 3118 863 546 317 297 17589 16193
cat_boundaries=0 1 3 4
cat_threshold=9601684 1099914512 12 8537664
is_linear=0
shrinkage=0.05


Tree=82
num_leaves=15
num_cat=0
split_feature=55 22 0 7 20 15 28 26 7 28 14 28 25 28
split_gain=18.8691 20.7198 19.8224 25.5912 22.218 19.936 17.8474 17.0095 18.8921 16.5908 20.0558 21.5683 32.1093 23.2211
threshold=31.500000000000004 0.82500000000000007 99.135000000000005 4.5000000000000009 -9.9950000000000028 8.030188069847247 0.31504908639074841 506.50000000000006 8.5000000000000018 0.68040832454642619 1.3512500000000023 0.39552454900575001 0.42793459987210231 0.31035412060007367
decision_type=8 10 10 2 10 10 10 2 2 10 10 10 8 8
left_child=-1 2 3 9 5 -5 -3 -8 -9 10 11 12 13 -2
right_child=1 6 -4 4 -6 -7 7 8 -10 -11 -12 -13 -14 -15
leaf_value=0.01262259143870155 0.055408694946687632 -0.022342191183068922 -0.015668901848730779 0.0024290826149383563 -0.0094371780979453646 -0.010387078716730072 -0.013392867004389184 0.024784156922441531 -0.017504731226516863 0.030697483874514472 0.015884750007106482 -0.007113148346609326 0.00068276990327572468 0.013915624946471333
leaf_weight=273.5784052349627 48.891782224178314 195.11416677944362 188.66632007993758 2121.9998565576971 708.77087773755193 353.03515108115971 157.86957904696465 82.542818166315556 37.774353409186006 66.469345152378082 331.23191523551941 407.8703665882349 419.9427776709199 107.18739279359579
leaf_count=2098 240 2236 1498 16867 6048 2350 1293 399 581 354 1490 2113 2123 484
internal_value=-0.000153518 -0.000824452 0.000169714 0.000827536 -0.00163862 0.000597549 -0.0107896 -0.00263593 0.0114724 0.00650773 0.00526273 0.00167428 0.00789804 0.0271833
internal_weight=5500.95 5227.37 4754.07 4565.4 3183.81 2475.04 473.301 278.187 120.317 1381.59 1315.12 983.892 576.022 156.079
internal_count=40174 38076 33567 32069 25265 19217 4509 2273 980 6804 6450 4960 2847 724
is_linear=0
shrinkage=0.05


Tree=83
num_leaves=15
num_cat=3
split_feature=7 3 27 11 5 7 30 30 27 24 24 30 27 24
split_gain=19.8189 21.0498 17.2507 17.656 20.3951 18.0976 27.0338 25.4679 18.6858 34.236 44.6639 29.3723 24.9102 19.2885
threshold=40.500000000000007 0.86953439812736266 0.93813395428503765 6.5323561258067731 0.77884521604938284 6.5000000000000009 0 1 0.49644783015827598 0.3586653709102689 0.34640011740589272 2 0.63894570894561098 0.31170956025840579
decision_type=2 10 10 2 10 2 9 9 8 10 10 9 10 10
left_child=2 -2 3 4 5 6 -1 -7 9 10 13 -11 -10 -8
right_child=1 -3 -4 -5 -6 7 8 -9 12 11 -12 -13 -14 -15
leaf_value=0.0107389835026949 -0.018424226299572122 0.082117868244050263 -0.035317788194440723 0.0038996771598806173 -0.019289947536423688 -0.014882047024253196 -0.0068513746273235797 -9.7793398290315758e-05 -0.019299099317279803 0.047025778442906112 -0.06261320761468693 0.0064443752772621685 0.01069065237661216 0.02099728891035019
leaf_weight=605.65729360282421 193.5158314704895 4.3749610260128966 32.823390975594521 2218.656846832484 159.8066770080477 449.101257994771 324.21836907789111 804.73051177337766 269.61251237988472 51.504775136709213 31.351578414440155 196.81668750569224 92.323172334581614 75.878786891698837
leaf_count=3094 3243 45 422 14976 1213 4568 1891 7150 1502 241 143 930 427 346
internal_value=-0.00030367 -0.0157997 0.000276426 0.00050436 -0.00195708 -0.000996018 0.00244872 -0.00552028 -0.00245642 0.00240757 -0.00610381 0.0171609 -0.0116409 -0.00153067
internal_weight=5510.37 197.891 5312.48 5279.66 3061 2901.19 1647.36 1253.83 1041.71 679.77 431.449 248.321 361.936 400.097
internal_count=40191 3288 36903 36481 21505 20292 8574 11718 5480 3551 2380 1171 1929 2237
cat_boundaries=0 2 4 5
cat_threshold=2723425114 8 2186045788 27 524288
is_linear=0
shrinkage=0.05


Tree=84
num_leaves=15
num_cat=1
split_feature=27 5 32 3 32 31 25 24 18 28 28 28 26 29
split_gain=19.2595 18.8308 15.6998 16.5037 15.9961 20.329 22.1424 15.3397 15.9451 15.5914 23.1721 43.0556 21.0035 32.0101
threshold=0.93813395428503765 1.025614814814815 5.5000000000000009 1.0000000180025095e-35 2.5000000000000004 1.5000000000000002 1.1639526716692974 0.15217592916675735 2.4250000000000016 0.24940367255737442 0.31971911231982536 0.32252579377669849 38.500000000000007 0
decision_type=10 10 10 10 8 2 10 10 10 8 8 8 2 9
left_child=1 2 3 -1 5 -5 -7 8 -6 -9 -11 -12 13 -13
right_child=-2 -3 -4 4 7 6 -8 9 -10 10 11 12 -14 -15
leaf_value=-0.011070865733930034 -0.0379186386653598 -0.027316850759342162 0.017336050806273238 0.043795645037881109 -0.013500520267306998 -0.027565582242866499 0.024159593061652426 0.0093623470299206528 0.016339704664082227 -0.0086755144375983313 0.039936087341449038 0.0040270896504052108 0.0035639975750396662 -0.013934168738194672
leaf_weight=309.74892125092447 32.29247422516346 60.357482325285673 134.62669920176268 47.342150550335646 322.22448951564729 34.035258006304502 49.551105313003063 511.1136994548142 51.097742585465312 632.08990072831511 71.265035875141621 480.70477657020092 2256.9829323776066 496.69542534835637
leaf_count=3828 423 843 825 254 3077 245 319 4144 405 4533 418 2917 14386 3640
internal_value=-4.69879e-06 0.000226532 0.00053954 0.000106664 0.00080776 0.0179848 0.0030209 0.000337749 -0.00938346 0.00115542 8.80671e-05 0.00176591 0.000912804 -0.00520664
internal_weight=5490.13 5457.84 5397.48 5262.85 4953.1 130.929 83.5864 4822.17 373.322 4448.85 3937.74 3305.65 3234.38 977.4
internal_count=40257 39834 38991 38166 34338 818 564 33520 3482 30038 25894 21361 20943 6557
cat_boundaries=0 1
cat_threshold=1602337
is_linear=0
shrinkage=0.05


Tree=85
num_leaves=15
num_cat=1
split_feature=14 8 5 24 15 16 30 24 9 7 28 24 54 7
split_gain=19.6293 16.4827 21.9038 15.7187 18.6664 15.6689 15.6672 17.1366 17.1689 17.0463 13.6352 15.8394 14.4888 15.9746
threshold=17.543750000000006 -2.4999999999999996 1.025614814814815 0.46925072925786249 2.6950350872604685 -0.12416666666666386 0 0.49231090934630756 1.5000000000000002 2.5000000000000004 0.12575265367250066 0.041193574772207961 31.500000000000004 7.5000000000000009
decision_type=10 8 10 10 8 8 9 10 2 2 8 8 8 2
left_child=1 3 5 4 -1 6 -3 9 -9 -8 12 -12 -7 -14
right_child=-2 2 -4 -5 -6 10 7 8 -10 -11 11 -13 13 -15
leaf_value=0.053985384439371731 -0.026136552826011562 -0.0011614336218987865 -0.034287477794995462 0.088652130890385192 0.00094664691194088217 0.07489835174176239 0.038172490604705345 -0.043485762025648994 0.013855478686394945 0.011866710975628129 -0.035563149332080254 -0.00076565026509139967 0.055182447073165601 -0.0063739999811331651
leaf_weight=21.452153369784355 69.59464119374752 302.63836279883981 45.079722931608558 6.9572458416223517 63.663328103721142 9.9643022175878269 83.143107037991285 22.853171858936548 28.053034204989672 235.96132951043546 31.941125007346272 4534.1571473740041 13.703263275325297 36.621475392952561
leaf_count=148 415 1780 762 47 426 108 442 175 154 1473 453 33290 87 528
internal_value=5.9474e-05 0.000399584 3.62729e-05 0.02126 0.014786 0.000334685 0.00745923 0.0141444 -0.0122284 0.0188186 -0.00070257 -0.0010168 0.0227246 0.0111362
internal_weight=5505.78 5436.19 5344.12 92.0727 85.1155 5299.04 672.649 370.011 50.9062 319.104 4626.39 4566.1 60.289 50.3247
internal_count=40288 39873 39252 621 574 38490 4024 2244 329 1915 34466 33743 723 615
cat_boundaries=0 2
cat_threshold=573737243 15
is_linear=0
shrinkage=0.05


Tree=86
num_leaves=15
num_cat=3
split_feature=0 27 7 0 11 29 23 7 3 20 24 30 26 30
split_gain=17.0423 26.8393 16.5555 24.1886 22.8709 18.6088 17.4764 18.4818 22.36 25.9745 25.7706 25.1224 24.0033 21.0791
threshold=99.955000000000013 0.16333667783805914 3.5000000000000004 89.915000000000006 6.899163461065001 0 7.5112500000000013 20.500000000000004 0.28887333602403437 -41.289999999999999 0.29231388218111026 1 11.500000000000002 2
decision_type=10 8 2 10 2 9 10 2 8 10 10 9 2 9
left_child=2 -2 5 4 6 -1 7 8 9 10 12 -12 -4 -10
right_child=1 -3 3 -5 -6 -7 -8 -9 13 -11 11 -13 -14 -15
leaf_value=0.0082532933217398883 0.078975238166688638 -0.024610196165549741 0.057794677449243707 -0.012977611812219254 0.0053321199430977455 -0.0062697492495480678 -0.026410659066945542 -0.0127400222587159 0.0041437940962954214 -0.007108501435517986 0.030860802656848124 -0.0032202882001359035 0.013058713672434422 -0.0083065034084806328
leaf_weight=1003.2650207635015 5.6577781178057185 111.80085778050125 57.396272772923112 403.80712660029531 1268.7087336648256 275.10529478266835 75.899481123313308 351.2622129060328 539.81455495208502 185.846126453951 64.471448427066207 189.12175152823329 63.196351999416947 889.22834114171565
leaf_count=5198 57 1101 431 2151 10266 1485 1179 5391 3211 1770 472 1479 500 5431
internal_value=-0.000237081 -0.0189961 0.000176919 -0.001376 -0.000101484 0.00514098 -0.00295557 -0.00218394 -0.000314314 0.00814531 0.0157201 0.00661707 0.0346511 -0.00363296
internal_weight=5484.58 117.459 5367.12 4088.75 3684.95 1278.37 2416.24 2340.34 1989.07 560.032 374.186 253.593 120.593 1429.04
internal_count=40122 1158 38964 32281 30130 6683 19864 18685 13294 4652 2882 1951 931 8642
cat_boundaries=0 1 2 4
cat_threshold=9605286 43639304 2733904458 56
is_linear=0
shrinkage=0.05


Tree=87
num_leaves=15
num_cat=2
split_feature=32 31 25 27 8 30 24 28 6 11 2 30 10 10
split_gain=19.6921 24.6828 19.1429 16.7573 15.1051 15.8287 16.8959 16.9383 20.8254 13.6134 13.2316 13.1202 13.108 12.7958
threshold=2.5000000000000004 1.5000000000000002 1.1639526716692974 0.93813395428503765 -2.4999999999999996 0 0.052864894062088642 0.12575265367250066 18.500000000000004 5.477383622757789 -3.8933014622033739 1 34.500000000000007 13.500000000000002
decision_type=8 2 10 10 8 9 8 8 8 2 2 9 2 2
left_child=1 13 -3 4 9 -6 -7 -8 12 -2 -10 -12 -9 -1
right_child=3 2 -4 -5 5 6 7 8 10 -11 11 -13 -14 -15
leaf_value=0.061542729254415118 0.063865620302524739 -0.026780911390321752 0.021050206394920681 -0.036848031750822283 0.0052090389694309314 -0.027705803754493597 0.029216535652877674 -0.00023702293249247769 0.030858950614770259 0.011195178915633153 -0.024231113681845221 -0.0064091381181341908 -0.025335728288351983 0.00063168907119791362
leaf_weight=36.155912086367607 13.792013160884379 32.889978939667344 53.673972118645906 30.583494631573558 930.78585947304964 61.74526079185307 43.222423130646348 3662.008592993021 16.953472485765815 76.030136466026306 160.51607743278146 327.79482170008123 51.770519901067019 11.254736971110104
leaf_count=191 93 247 352 404 6451 851 461 23191 200 507 2503 4521 361 66
internal_value=-6.13725e-05 0.0188014 0.00277847 -0.000534929 -0.00032028 -0.000669577 -0.00194347 -0.00156841 -0.00189064 0.0198968 -0.0114039 -0.0129313 -0.000593628 0.0473949
internal_weight=5509.18 133.975 86.564 5375.2 5344.62 5254.8 4324.01 4262.27 4219.04 89.8221 505.264 488.311 3713.78 47.4106
internal_count=40399 856 599 39543 39139 38539 32088 31237 30776 600 7224 7024 23552 257
cat_boundaries=0 2 3
cat_threshold=2484122196 4 1115966472
is_linear=0
shrinkage=0.05


Tree=88
num_leaves=15
num_cat=5
split_feature=7 30 29 28 30 23 30 29 56 28 25 26 7 27
split_gain=16.4492 22.9509 14.031 13.8644 32.1253 30.2687 27.2587 45.4374 25.2224 28.0879 21.9439 51.9177 22.2763 23.3369
threshold=21.500000000000004 0 1 0.36480405587265413 2 21.895416666666669 3 4 1.0000000180025095e-35 0.59444308113893174 0.61029043832632091 2366.0000000000005 6.5000000000000009 0.49695634155396701
decision_type=2 9 9 10 9 10 9 9 2 10 10 2 2 10
left_child=3 -2 -3 5 -5 6 -1 -8 9 10 11 -6 13 -12
right_child=1 2 -4 4 8 -7 7 -9 -10 -11 12 -13 -14 -15
leaf_value=-0.0041004261239283865 -0.016574200497375329 -0.016571427447949132 0.0057556731912540059 0.0066691284753219995 -0.027831238011391021 -0.029503679363644564 0.018029384363451674 0.00054849280433102966 0.0016266689712182492 0.0070314109505964133 0.015038421053233686 0.065648224133000643 -0.019442717457160308 -0.014685305207218537
leaf_weight=607.22906236350536 334.52101386711001 78.284021956846118 322.163668487221 790.17999668605626 341.03346510604024 65.241717314347625 668.65318492986262 833.493642821908 735.16597734391689 185.97272954881191 151.79154599830508 14.598386809229849 213.03839909471571 115.31570856273174
leaf_count=3777 5179 1437 3440 4763 2570 770 4094 5141 4348 1210 674 76 2027 553
internal_value=-0.000233231 -0.00718606 0.00106458 0.00085032 -0.00165289 0.00378171 0.0048247 0.00840429 -0.00540461 -0.0105132 -0.0144209 -0.0238207 -0.00742369 0.00219916
internal_weight=5456.68 734.969 400.448 4721.71 2547.1 2174.62 2109.38 1502.15 1756.92 1021.75 835.778 355.632 480.146 267.107
internal_count=40059 10056 4877 30003 16221 13782 13012 9235 11458 7110 5900 2646 3254 1227
cat_boundaries=0 2 3 5 7 8
cat_threshold=1653427538 8 4228099 3346213196 20 1400016221 16 4751366
is_linear=0
shrinkage=0.05


Tree=89
num_leaves=15
num_cat=1
split_feature=32 31 25 22 24 29 56 28 27 28 3 23 21 21
split_gain=19.4776 20.9006 19.2497 13.9065 25.6497 17.9009 22.8063 18.3051 17.1207 15.7315 15.1769 13.8682 18.3058 13.9237
threshold=2.5000000000000004 1.5000000000000002 0.66865632190985025 0.82500000000000007 0.44565863267431644 0 13.500000000000002 0.12575265367250066 0.034072124013036255 0.38759937790261517 0.80919675803862834 7.031458333333334 1.021332126679048 0.78171437060513038
decision_type=8 2 10 10 10 9 2 10 8 10 10 10 10 10
left_child=1 -1 -3 8 5 6 9 10 -2 -5 -7 -6 13 -13
right_child=3 2 -4 4 11 7 -8 -9 -10 -11 -12 12 -14 -15
leaf_value=0.044450636155693675 0.067045733063762145 -0.031311339824289394 0.019150152366419825 0.0019708114085693661 -0.028414405926356114 -0.010749721221335464 0.064039035055579854 -0.033441051562423496 6.36015311293976e-05 -0.031946276329444183 0.070421113050366732 0.008390429661170944 0.037577647867128909 -0.044671848066593058
leaf_weight=48.418980922549963 8.5589334890246374 26.307283012196422 60.435273800045252 116.59758307226002 21.932942248880863 23.141942411661152 10.789288744330404 163.42142679542303 4795.8309801593423 47.3097765147686 6.582872509956359 82.904732136055827 50.200697893276811 13.499522563070057
leaf_count=266 98 213 385 1111 148 273 49 1859 34138 325 46 734 337 180
internal_value=-0.000180344 0.018494 0.00366376 -0.000656319 -0.0082844 -0.0156721 -0.00299725 -0.0255893 0.000196856 -0.00795328 0.00893334 0.0078369 0.0134161 0.00057776
internal_weight=5475.93 135.162 86.7426 5340.77 536.381 367.843 174.697 193.146 4804.39 163.907 29.7248 168.538 146.605 96.4043
internal_count=40162 864 598 39298 5062 3663 1485 2178 34236 1436 319 1399 1251 914
cat_boundaries=0 1
cat_threshold=8230
is_linear=0
shrinkage=0.05


Tree=90
num_leaves=15
num_cat=3
split_feature=7 29 28 8 28 26 18 7 7 29 29 0 28 28
split_gain=18.8231 24.192 16.4377 15.1847 14.5862 16.4509 17.9689 14.0483 15.4422 28.7947 24.7493 29.6722 23.0416 35.7836
threshold=18.500000000000004 0 0.25630541520796407 -3.4999999999999996 0.34049939626645837 432.50000000000006 -2.0149999999999983 -9.4999999999999982 3.5000000000000004 1 2 74.980000000000004 0.39552454900575001 0.39342620722792448
decision_type=2 9 8 8 8 2 8 2 2 9 9 10 10 10
left_child=7 3 -3 -2 -4 6 -6 -1 9 -9 11 12 13 -10
right_child=1 2 4 -5 5 -7 -8 8 10 -11 -12 -13 -14 -15
leaf_value=-0.012796293089861228 0.058676670234712881 0.011887475257830911 -0.015657234343967198 -0.021601664434959547 0.055262385164474327 -0.032458061051409207 0.0024925975881136264 0.01122283096386411 0.0018787565500344155 -0.0060614100340822819 0.0057290982359263446 -0.014507081266774314 -0.0066934057335360899 0.034143112571757429
leaf_weight=165.09600504487753 5.0948078036308289 176.21180977672338 212.5570791810751 251.12852193787694 16.438906792551279 29.769165050238371 216.93704681284726 911.72841180860996 715.39706450514495 320.94827299192548 1218.7574903033674 454.60592678003013 683.28895209543407 96.691323427483439
leaf_count=1549 52 1840 2250 5225 166 460 2289 4738 4765 1574 7100 2590 5036 597
internal_value=0.000171227 -0.00639909 -0.0010995 -0.0190431 -0.00594811 0.00192408 0.00642961 0.00147897 0.00201722 0.00676316 0.000169442 -0.0033189 6.76286e-05 0.00575758
internal_weight=5474.65 908.137 651.914 256.223 475.702 263.145 233.376 4566.51 4401.42 1232.68 3168.74 1949.98 1495.38 812.088
internal_count=40231 12282 7005 5277 5165 2915 2455 27949 26400 6312 20088 12988 10398 5362
cat_boundaries=0 1 2 3
cat_threshold=8421383 9601159 9619072
is_linear=0
shrinkage=0.05


Tree=91
num_leaves=15
num_cat=0
split_feature=14 21 5 20 22 23 9 27 10 2 32 24 15 28
split_gain=15.88 15.6678 17.0173 13.0073 14.8373 17.1272 17.9845 16.845 14.2828 19.2771 14.7156 25.6813 23.3477 16.5505
threshold=13.298750000000004 0.95678549302372906 0.20250714285714289 -3.222499999999997 0.82500000000000007 0.40458333333333346 4.5000000000000009 0.47116247171405778 1.0000000180025095e-35 85.585592353639882 3.5000000000000004 0.32644107884860535 5.0776284867277548 0.52307241608944577
decision_type=10 8 10 10 8 8 2 10 2 2 10 10 8 10
left_child=1 2 -1 4 7 -6 8 -3 -7 10 13 12 -12 -10
right_child=-2 3 -4 -5 5 6 -8 -9 9 -11 11 -13 -14 -15
leaf_value=-0.027208409335702018 -0.0175279596728182 0.0081207632343360987 -0.00072461820698840613 -0.0034785979121461732 -0.042267936086167968 -0.0044209184056852435 0.011720561506006873 0.049425425277301371 0.0020019478910181317 -0.013614514006305103 0.070463594171780372 -0.017872938619284847 0.0038877032420266047 0.01761707915330572
leaf_weight=103.34116731211543 125.05556152388453 92.149033484980464 145.0081256814301 1216.9734380170703 20.845248781144619 916.98023799061775 431.54854798689485 32.985863946378231 1944.3918570056558 163.0479166097939 32.262796774506569 23.389292530715466 22.002363886684179 184.96369518898427
leaf_count=1590 771 634 1186 8833 175 6710 2375 192 14862 1105 192 145 160 1197
internal_value=1.24208e-05 0.000427183 -0.0118098 0.00102744 0.00244695 0.0018775 0.00213626 0.0193143 0.000874776 0.00292469 0.00415218 0.0253938 0.0440285 0.00336597
internal_weight=5454.95 5329.89 248.349 5081.54 3864.57 3739.43 3718.59 125.135 3287.04 2370.06 2207.01 77.6545 54.2652 2129.36
internal_count=40127 39356 2776 36580 27747 26921 26746 826 24371 17661 16556 497 352 16059
is_linear=0
shrinkage=0.05


Tree=92
num_leaves=15
num_cat=5
split_feature=5 22 0 15 30 32 30 54 27 29 34 28 29 26
split_gain=14.7895 14.0841 20.252 18.6354 16.4732 15.8788 15.8001 16.5189 15.5039 31.3673 13.8454 20.0424 16.0312 22.6168
threshold=1.025614814814815 -1.1749999999999998 85.00500000000001 1.0000000180025095e-35 0 3.5000000000000004 1 7.5000000000000009 0.31852008328556464 2 3 0.23987103055374862 4 9.5000000000000018
decision_type=10 8 8 10 9 8 9 10 8 9 1 10 9 2
left_child=1 2 4 6 -1 -4 -3 8 9 -8 11 -5 13 -13
right_child=-2 3 5 10 -6 -7 7 -9 -10 -11 -12 12 -14 -15
leaf_value=0.00047299357966818054 -0.02531346229553795 -0.0124576775028621 -0.015602565133886829 0.032438932523393769 0.034226053787360822 0.017927589398090433 0.0042844005120573217 0.02157671313752222 0.00082208722176585415 -0.027008074523016415 0.002347405465813739 0.061554613946497062 -0.032745506464192185 -0.011806934217593082
leaf_weight=65.499677957966924 56.264832891523838 471.15540249831975 91.447092562913895 21.116817995905876 95.968398787081242 56.147007461637259 151.7776372730732 71.047813694924116 726.16979995183647 159.28534939140081 3332.6698622889817 11.531503856182097 75.261123739182949 63.99672008305788
leaf_count=452 833 4412 485 118 618 271 1558 585 6099 1777 21795 59 500 508
internal_value=-3.73972e-05 0.000230947 0.0105765 -0.000399929 0.022757 -0.00281238 -0.00490742 -0.0015629 -0.00318221 -0.0125028 0.00163232 -0.0121642 -0.018583 4.57641e-05
internal_weight=5449.34 5393.07 309.062 5084.01 161.468 147.594 1579.44 1108.28 1037.23 311.063 3504.58 171.906 150.789 75.5282
internal_count=40070 39237 1826 37411 1070 756 14431 10019 9434 3335 22980 1185 1067 567
cat_boundaries=0 2 4 5 6 7
cat_threshold=1189108800 28 2173014550 18 4210820 1 1619072
is_linear=0
shrinkage=0.05


Tree=93
num_leaves=15
num_cat=0
split_feature=8 5 20 20 26 56 28 28 28 1 25 28 25 26
split_gain=15.3204 21.0575 12.8351 14.0167 18.0058 12.742 12.1602 11.4796 39.4714 24.8389 19.3722 26.7671 24.359 29.5012
threshold=-2.4999999999999996 1.025614814814815 -84.194999999999979 -9.5074999999999967 3898.5000000000005 1.0000000180025095e-35 0.24940367255737442 0.39484035224186947 0.39434553305096781 0.84240094618568906 0.87270503877194094 0.42601236916392388 0.22791592120595935 2366.0000000000005
decision_type=8 10 8 8 2 2 8 8 10 10 8 8 10 2
left_child=-1 2 6 4 5 -4 -2 8 -5 -10 11 -9 -13 -14
right_child=1 -3 3 7 -6 -7 -8 10 9 -11 -12 12 13 -15
leaf_value=0.019500968794425366 0.029571936824860208 -0.034904285784162929 -0.0030379486410230137 -0.00028527434840075705 0.032992132036975423 0.0088013023139013862 -0.024397035102700318 -0.022835541309762317 -0.0098401824447792042 0.043443355864201477 0.0010821084893847875 0.0069159782216606366 -0.015456568301431767 0.04843589037623372
leaf_weight=96.461018808186054 10.991703633219002 43.115939594805241 391.55614313110709 2269.8073844369501 55.131852805614471 539.32232921011746 86.654598267748952 257.89444056153297 28.985746400430799 84.244316220283508 910.4758433047682 292.62967813760042 359.30813907645643 18.061367779970169
leaf_count=637 94 772 3086 17307 406 3609 642 2059 294 392 6215 1848 2635 91
internal_value=-0.000144822 -0.000502737 -0.000216619 0.000121822 0.00548615 0.00382343 -0.0180837 -0.00113215 0.00115788 0.0298366 -0.00409967 -0.00917988 -0.00389738 -0.0122787
internal_weight=5444.64 5348.18 5305.06 5207.42 986.01 930.878 97.6463 4221.41 2383.04 113.23 1838.37 927.894 669.999 377.37
internal_count=40087 39450 38678 37942 7101 6695 736 30841 17993 686 12848 6633 4574 2726
is_linear=0
shrinkage=0.05


Tree=94
num_leaves=15
num_cat=4
split_feature=7 5 32 11 3 32 7 29 3 1 30 30 30 26
split_gain=21.4705 21.7352 20.8065 20.4585 25.4462 24.426 19.4433 19.246 25.7109 19.048 20.2256 17.005 16.559 22.1441
threshold=5.5000000000000009 0.72005698005698016 2.5000000000000004 6.4172223323443918 0.43651420491522025 3.5000000000000004 18.500000000000004 0 0.91546761501412088 2.6014705882352946 1 2 3 891.00000000000011
decision_type=2 10 10 2 10 10 2 9 10 8 9 9 9 2
left_child=2 3 -1 4 5 -2 -7 -5 11 -4 -11 -9 -6 -14
right_child=1 -3 9 7 12 6 -8 8 -10 10 -12 -13 13 -15
leaf_value=0.020420811019389279 -0.0018959165361430723 -0.018426664034533108 0.0051687507495114214 -0.0037071227825739312 -0.025755584258723582 0.056859799464249211 -0.017083700238682588 0.017406623508681492 0.039142341017953067 0.0048869758948055786 -0.014916247852929491 0.00075691070906820917 -0.010917988119583374 0.032930531753591091
leaf_weight=180.89118910208344 730.04219590872526 190.8381109200418 1898.3592430613935 578.07827027142048 182.3378554712981 30.974679552018642 11.777310676872728 207.31873079389334 61.324709363281727 237.06338746473193 265.02104154601693 532.31742719188333 313.71451319940388 30.722715526819229
leaf_count=818 8234 2274 9262 5748 1578 181 135 1798 340 1301 1675 4500 2096 213
internal_value=0.000807419 -0.00216861 0.00411518 -0.00100386 -0.00550308 0.000276295 0.036565 0.003237 0.00819124 0.00287843 -0.00577422 0.00568624 -0.013966 -0.00672806
internal_weight=5450.78 2869.45 2581.33 2678.61 1299.57 772.794 42.752 1379.04 800.961 2400.44 502.084 739.636 526.775 344.437
internal_count=40153 27097 13056 24823 12437 8550 316 12386 6638 12238 2976 6298 3887 2309
cat_boundaries=0 1 3 5 7
cat_threshold=9605793 2202320989 56 1590350 7 1127138386 11
is_linear=0
shrinkage=0.05


Tree=95
num_leaves=15
num_cat=3
split_feature=7 20 13 30 7 28 30 28 28 30 24 24 32 22
split_gain=16.5775 19.6701 17.4975 22.1401 16.5218 23.9653 25.8878 20.5628 53.3727 16.4439 15.5401 14.9477 14.8034 14.7627
threshold=4.5000000000000009 -10.199999999999994 16.012500000000003 0 1.5000000000000002 0.36712853738012186 1 0.48023363635565952 0.48417096583354041 2 0.80730335895862682 0.041193574772207961 2.5000000000000004 0.73000000000000032
decision_type=2 10 8 9 2 8 9 10 10 9 10 10 10 10
left_child=4 10 3 -3 5 6 -1 9 -9 -7 13 -6 -13 -2
right_child=1 2 -4 -5 11 7 -8 8 -10 -11 -12 12 -14 -15
leaf_value=-0.011099764440743815 0.0014316717452739916 0.0092846561244963217 -0.018676717503809649 -0.010886338036534068 -0.047160432322777959 -0.031959652102139684 0.018259130920389288 0.086500431559445493 -0.01308925012141968 -0.0031077622125044403 -0.037458289721263742 0.028759526026118823 0.0063275146262713319 -0.010492035480056899
leaf_weight=115.62337211333215 2558.4758663829416 204.78410616517067 292.2113170158118 361.93648418225348 11.476571239531038 121.51870213449001 180.42732364311814 16.339618869125843 59.197300769388676 96.637156654149294 26.627957280725241 78.231082908809185 1048.8103360906243 287.88651218637824
leaf_count=853 19938 1492 3059 2921 62 1029 1192 72 446 630 146 346 4672 3304
internal_value=-0.000250733 -0.00212547 -0.0087596 -0.00362226 0.00379638 -0.00299285 0.00703519 -0.013091 0.00930201 -0.0208517 -0.000139727 0.00731269 0.0079087 0.000222424
internal_weight=5460.18 3731.92 858.932 566.721 1728.26 589.743 296.051 293.693 75.5369 218.156 2872.99 1138.52 1127.04 2846.36
internal_count=40162 30860 7472 4413 9302 4222 2045 2177 518 1659 23388 5080 5018 23242
cat_boundaries=0 2 4 6
cat_threshold=1153513556 16 1078008074 47 2684942354 26
is_linear=0
shrinkage=0.05


Tree=96
num_leaves=15
num_cat=6
split_feature=7 30 28 27 24 30 28 30 16 30 28 30 27 30
split_gain=16.7455 16.1942 14.58 14.1398 13.9145 31.8226 19.1801 19.0716 18.636 23.0478 15.7866 32.4663 15.8029 32.78
threshold=38.500000000000007 0 0.12575265367250066 0.93813395428503765 0.53722480221255153 1 0.52307241608944577 2 -0.12416666666666386 3 0.48734899226015527 4 0.44994984235128149 5
decision_type=2 9 8 10 10 9 10 9 8 9 10 9 8 9
left_child=2 -2 -1 4 6 -6 8 -8 9 -4 12 -12 -10 -14
right_child=1 -3 3 -5 5 -7 7 -9 10 -11 11 -13 13 -15
leaf_value=0.025929193906421927 -0.025815647690842294 0.0024135318760379627 -0.00443155846529602 -0.033318001634099446 -0.025737995544928022 0.0021739154638043857 -0.014076083122040376 0.019944687354737981 -0.0024244229037786091 0.015439161251121542 0.016584414363102883 -0.025717700164673493 0.015801696189063377 -0.0016745626228831742
leaf_weight=54.359578220173717 110.53635259717703 91.612412417307496 225.93307231739163 30.400202337652445 151.49866413883865 276.96006709896028 44.595428908243775 215.21689199842513 2492.6784234680235 394.46484511345625 56.838525284081697 148.20923734083772 408.74727805517614 744.10084806382656
leaf_count=496 2153 1310 1287 419 1058 1651 399 1434 18415 2285 338 1112 2704 5120
internal_value=-0.000140372 -0.0142254 0.000405196 0.000132898 0.000336421 -0.0082811 0.00111848 0.0142986 0.000349543 0.00838441 -0.000946862 -0.0144114 -0.000185787 0.00465248
internal_weight=5446.15 202.149 5244 5189.64 5159.24 428.459 4730.78 259.812 4470.97 620.398 3850.57 205.048 3645.53 1152.85
internal_count=40181 3463 36718 36222 35803 2709 33094 1833 31261 3572 27689 1450 26239 7824
cat_boundaries=0 2 4 5 7 9 11
cat_threshold=3264005192 43 2290632217 17 34439426 573741851 6 39073028 19 2730131716 48
is_linear=0
shrinkage=0.05


Tree=97
num_leaves=15
num_cat=2
split_feature=27 27 23 30 30 28 56 13 19 3 2 15 25 18
split_gain=13.3619 39.1762 27.0932 24.1451 19.2127 15.5918 14.6213 14.0203 13.3348 14.0254 13.2109 12.6269 15.7663 12.5468
threshold=0.31852008328556464 0.32303265721064284 6.4987500000000011 0 1 0.35126263524518481 2.5000000000000004 15.005000000000004 73.000000000000014 0.73500013468757441 379.92945232622219 -0.33062961953357822 3.6791245862327413 23.037500000000005
decision_type=8 8 10 9 9 10 2 10 8 8 2 8 10 10
left_child=2 8 3 5 -3 11 -7 -6 -2 -10 13 12 -1 -5
right_child=1 4 -4 10 7 6 -8 -9 9 -11 -12 -13 -14 -15
leaf_value=-0.0034383472143298013 -0.011444604949450939 0.010741085221293982 -0.033623285893287037 0.00071243409850143332 -0.00050617000074621148 -0.039275312588995512 0.0040190243171919701 -0.019898177470447344 0.053398718829463288 0.0055906412731783284 -0.044933305583387075 -0.010954012362265349 0.065092064831318436 0.044460837774472323
leaf_weight=24.444603376090527 13.957204539328812 373.55890469066799 74.322865936905146 1200.2856678608805 3117.2052669599652 83.743618525564671 25.103817477822304 95.082880288362503 57.690298210829496 21.112140186131001 14.643009774386881 311.30812995694578 11.707419428974388 15.616449389606712
leaf_count=188 123 2368 1031 9778 21652 722 178 625 327 108 99 2866 93 88
internal_value=-0.000701897 0.00101282 -0.00428201 -0.00297008 0.000178531 -0.0126358 -0.0293445 -0.00108281 0.0329185 0.0408209 0.000718239 -0.00769489 0.0199091 0.00131039
internal_weight=5439.78 3678.61 1761.18 1686.85 3585.85 456.308 108.847 3212.29 92.7596 78.8024 1230.55 347.46 36.152 1215.9
internal_count=40246 25203 15043 14012 24645 4047 900 22277 558 435 9965 3147 281 9866
cat_boundaries=0 2 4
cat_threshold=1614458944 33 1192000 32
is_linear=0
shrinkage=0.05


Tree=98
num_leaves=15
num_cat=1
split_feature=20 5 32 3 27 4 30 32 28 28 3 27 26 0
split_gain=15.1103 12.5638 12.3363 17.6904 15.3838 13.1333 11.5583 11.3506 20.8199 16.4363 10.9047 10.6972 16.0515 19.0452
threshold=-84.194999999999979 0.86665578231292528 3.5000000000000004 0.82832612700283936 0.35846864320972821 -5.9935018798026425 0 2.5000000000000004 0.27447851702447779 0.28904095684803482 1.1394001979778554 0.93813395428503765 3898.5000000000005 85.805000000000021
decision_type=8 10 10 10 10 10 9 8 10 10 10 10 2 8
left_child=-1 2 7 4 -4 -6 10 8 -2 -10 -3 12 -9 -14
right_child=1 6 3 -5 5 -7 -8 11 9 -11 -12 -13 13 -15
leaf_value=-0.019806693108490328 0.037417695007482564 -0.026021888237719667 0.026890254064762132 -0.011890140836979653 -0.011098358707400276 0.04948614614679183 0.0052631621023064325 -0.00099759199657339557 -0.045372183355714593 0.01016472003831031 0.038679950196146562 -0.030396919396434782 0.027005297649300736 -0.0029147504294434277
leaf_weight=97.446377549320459 54.890140121802688 115.38974856212735 143.69122686050832 65.579195756465197 58.141608383506536 9.5407192111015302 62.023895194754004 4530.5981823019683 16.625565372407436 53.62978233769536 6.0329864062368861 28.841606920585036 112.8318830318749 99.499412087723613
leaf_count=749 339 1102 951 354 342 62 644 33670 135 322 35 412 739 472
internal_value=-0.00039547 -3.87614e-05 0.000418293 0.0106651 0.017686 -0.00196201 -0.0128618 -0.00016329 0.0146408 -0.00343011 -0.020817 -0.00055453 -0.00036669 0.0130367
internal_weight=5454.76 5357.32 5173.87 276.953 211.374 67.6823 183.447 4896.92 125.145 70.2553 121.423 4771.77 4742.93 212.331
internal_count=40328 39579 37798 1709 1355 404 1781 36089 796 457 1137 35293 34881 1211
cat_boundaries=0 2
cat_threshold=1100752202 10
is_linear=0
shrinkage=0.05


Tree=99
num_leaves=15
num_cat=2
split_feature=14 11 30 24 7 27 10 30 31 3 8 0 24 24
split_gain=17.2063 12.171 16.0704 19.3699 16.0302 15.7097 32.1348 29.7602 17.8933 15.193 18.7535 14.874 13.7652 13.7355
threshold=10.178750000000003 6.5323561258067731 0 0.57362542690136709 20.500000000000004 0.39461625575414777 4.5000000000000009 1 3.5000000000000004 0.64651393057155782 22.500000000000004 99.995000000000019 0.50118489798116284 0.28881037407403309
decision_type=10 2 9 10 2 10 2 9 2 8 8 8 10 10
left_child=1 2 3 5 9 8 -7 11 13 -4 -11 -8 -9 -1
right_child=-2 -3 4 -5 -6 6 7 12 -10 10 -12 -13 -14 -15
leaf_value=-0.0077172469613427195 -0.013465215221126245 0.0033188364935855651 0.0061308355978880649 -0.037825104726026675 -0.011973746525157302 -0.011241487480933433 0.057711403454335453 -0.017116112755546319 0.027235853340002638 -0.010853803818985932 0.0035429278956166949 0.0069641819089027463 0.038665987511158351 -0.028486004175083214
leaf_weight=197.79846278019249 226.52784173563123 2284.9641663879156 1061.2343174628913 49.600651642307639 225.92656452953815 193.91314200125635 53.75492293946445 56.035415902733803 24.706210255622864 395.44140921905637 525.94198725000024 20.018732963129878 12.739593669772146 133.46659871377051
leaf_count=1747 1400 16946 7246 401 3617 1350 296 435 211 2359 2934 144 110 1125
internal_value=-4.73835e-06 0.00058012 -0.00154118 -0.00784581 0.000612397 -0.00576001 0.00198623 0.0199333 -0.0130668 0.00205504 -0.00264096 0.0390022 -0.00557781 -0.0161455
internal_weight=5462.07 5235.54 2950.58 742.034 2208.54 692.433 336.462 142.549 355.971 1982.62 921.383 73.7737 68.775 331.265
internal_count=40321 38921 21975 5819 16156 5418 2335 985 3083 12539 5293 440 545 2872
cat_boundaries=0 2 4
cat_threshold=1093180420 3 525312 1
is_linear=0
shrinkage=0.05


Tree=100
num_leaves=15
num_cat=4
split_feature=24 13 30 26 19 7 29 15 30 25 30 28 28 32
split_gain=13.7118 19.0812 14.0543 22.6996 12.7664 12.2221 26.6908 25.6673 27.5354 26.7914 26.0882 22.9034 24.3412 21.4692
threshold=0.091038126988424853 26.381666666666671 0 152.50000000000003 47.500000000000007 4.5000000000000009 1 12.277370423660749 2 0.90067071309924518 3 0.23171548710365794 0.22035823111388067 2.5000000000000004
decision_type=8 10 9 2 10 2 9 8 9 8 9 10 10 10
left_child=1 2 3 4 -1 13 7 8 -7 -9 -11 12 -10 -2
right_child=5 -3 -4 -5 -6 6 -8 9 11 10 -12 -13 -14 -15
leaf_value=-0.019539534416136678 0.025047756535441907 0.063451293020066302 -0.023494058185539016 -0.03293441979592706 0.06479813576589126 -0.014051437788016109 0.002584733735786408 -0.026928852721825387 -0.018363167413408203 -0.022432530342416129 0.018433196602898261 0.0013791692082331841 0.081073948974334897 0.0025933855365771188
leaf_weight=5.4869608059525516 113.20094508305192 6.7518766149878493 132.70674438588321 15.407303599640725 16.713903268799186 330.93952596187592 2091.8379539381713 250.57890500314534 8.7878702487796563 58.610100606456399 77.988227073103189 733.777897214517 17.330443996936083 1575.2208491452038
leaf_count=70 523 38 1707 181 129 2599 16697 2926 105 616 777 5212 115 8455
internal_value=0.00014696 -0.0134987 -0.0169019 0.0098895 0.0440102 0.000608944 -0.00104894 -0.00616576 -0.00227596 -0.0172497 0.000572731 0.00300918 0.0481735 0.00411278
internal_weight=5435.34 177.067 170.315 37.6082 22.2009 5258.27 3569.85 1478.01 1090.84 387.177 136.598 759.896 26.1183 1688.42
internal_count=40150 2125 2087 380 199 38025 29047 12350 8031 4319 1393 5432 220 8978
cat_boundaries=0 2 3 5 7
cat_threshold=2181087248 60 9602560 1079925078 6 1115768152 25
is_linear=0
shrinkage=0.05


Tree=101
num_leaves=15
num_cat=3
split_feature=28 4 7 30 18 0 27 24 30 30 7 26 3 28
split_gain=15.4126 17.3313 15.8814 18.7486 21.2367 14.7174 15.3531 15.2865 22.6983 14.9874 19.0017 20.7598 16.3914 14.8563
threshold=0.12575265367250066 -3.0020499942795542 20.500000000000004 0 -3.0762500000000013 91.995000000000019 0.096097664999109447 0.1592756894165491 1 2 6.5000000000000009 57.500000000000007 0.087446120605429459 0.36087559099676353
decision_type=8 8 2 9 8 10 8 10 9 9 2 2 10 8
left_child=1 -1 5 4 -4 7 -7 8 -2 10 11 12 -9 -11
right_child=2 -3 3 -5 -6 6 -8 9 -10 13 -12 -13 -14 -15
leaf_value=0.078584051437744371 0.015025459372384873 0.011752396627277343 0.093831116890778818 -0.010664374153671684 0.0063349513801030655 0.058697484190820916 -0.0063398365205008331 -0.045474670070183576 -0.016380386584264217 0.0052499669893339256 0.0011328349628694115 0.02086287809925183 0.0049437485344048524 -0.0025814635875091355
leaf_weight=10.749386735260485 68.053289994597435 58.733481349423528 6.4773180969059467 611.78239966742694 98.654587361961603 8.1877209581434709 785.52333607710898 17.340909834951162 224.31883747503161 1031.8587503321469 527.67313661426306 373.6170130521059 132.18954579532146 1462.8934072460979
leaf_count=105 508 701 55 8878 1025 52 4629 144 1710 6430 3938 1687 592 9687
internal_value=-0.00016883 0.0230599 -0.000474846 -0.00739458 0.0114776 0.000597594 -0.00559591 0.00187957 -0.00909017 0.00278646 0.00775922 0.014576 -0.00116648 0.000655886
internal_weight=5418.05 69.4829 5348.57 716.914 105.132 4631.66 793.711 3837.94 292.372 3545.57 1050.82 523.147 149.53 2494.75
internal_count=40141 806 39335 9958 1080 29377 4681 24696 2218 22478 6361 2423 736 16117
cat_boundaries=0 2 4 5
cat_threshold=22130820 16 2147534101 37 2194678607
is_linear=0
shrinkage=0.05


Tree=102
num_leaves=15
num_cat=2
split_feature=30 24 20 54 0 14 13 24 30 28 19 32 54 3
split_gain=12.4299 15.7527 15.375 14.7359 13.3602 11.4215 11.3503 11.2036 15.4379 11.973 12.0514 12.0047 17.4993 18.6871
threshold=0 0.61008673180796469 -5.614999999999994 1.0000000180025095e-35 6.8750000000000009 12.502500000000003 8.7450000000000028 0.14347895250840689 1 0.24940367255737442 45.750000000000007 9.5000000000000018 121.50000000000001 0.17544913173361995
decision_type=9 10 8 8 8 10 8 8 9 10 8 8 8 8
left_child=1 2 -1 -4 -5 -6 -3 8 9 10 -2 12 -12 -14
right_child=7 6 3 4 5 -7 -8 -9 -10 -11 11 -13 13 -15
leaf_value=0.0053803131023740011 -0.045351644053250699 -0.048678047685894191 0.06101506028999687 -0.039524657394443441 -0.0044529704287473654 -0.036111946376313257 -0.0010594614030421767 0.0026448489691034117 -0.015904303498353155 -0.026967729040637246 0.0015017277094500044 -0.026165323789475971 0.13012708182128355 0.036064292237044653
leaf_weight=431.89910075254738 5.6662887260317794 31.406992185860872 7.1574880667030811 28.714157227426767 909.87868345156312 28.439844051375985 20.459726179018617 3707.6287556029856 177.15525706112385 16.548069175332785 23.408836618065834 8.8298057224601489 6.2398427147418287 24.819375529885292
leaf_count=3241 147 270 74 559 7021 183 150 25968 1840 157 270 71 55 236
internal_value=0.000483744 -0.00344944 -0.00246383 -0.00594341 -0.00650152 -0.00544996 -0.0302694 0.0019324 -0.0080227 0.00908853 0.0193011 0.025704 0.0344327 0.0584312
internal_weight=5428.25 1457.96 1406.09 974.19 967.033 938.319 51.8667 3970.3 262.667 85.5122 68.9641 63.2979 54.4681 31.0592
internal_count=40242 11498 11078 7837 7763 7204 420 28744 2776 936 779 632 561 291
cat_boundaries=0 2 4
cat_threshold=185224195 6 2147516752 48
is_linear=0
shrinkage=0.05


Tree=103
num_leaves=15
num_cat=5
split_feature=9 15 27 30 16 25 27 7 5 3 30 30 29 30
split_gain=13.2069 19.5164 18.6921 16.5696 13.4115 14.8628 15.4943 13.4076 26.774 25.2989 18.4385 15.6855 21.4008 13.1624
threshold=2.5000000000000004 1.0000000180025095e-35 0.063043910284583796 0 -4.9949999999999983 1.2456822552926783 0.4627877730826333 4.5000000000000009 0.76906926406926412 0.70658317009188221 1 2 3 4
decision_type=2 8 8 9 10 10 10 2 10 8 9 9 9 9
left_child=1 -1 -2 4 -4 13 -7 9 11 -3 -11 12 -9 -6
right_child=2 7 3 -5 5 6 -8 8 -10 10 -12 -13 -14 -15
leaf_value=-0.010774266898588986 0.06455236116708761 0.013217580468200063 0.012341514727231856 -0.0025221732924483741 0.0057326901182548629 0.022057984658591066 -0.0123097373249915 -0.014549616438263375 -0.021956762798713267 -0.015731132341749218 0.0046233933293032365 0.0021541691635931213 0.0030777434747534861 -0.018724085423184513
leaf_weight=500.992381663993 11.548972349613903 458.79078304022551 582.33385715819895 704.97509878128767 92.912346407771111 108.77252577990294 46.006851140409708 387.88404872454703 158.49483448266983 172.35993879847229 275.76106402464211 1491.4216379541904 302.07244217209518 116.94281860254705
leaf_count=4414 102 2196 3263 4146 554 624 244 4009 1785 1056 1457 13067 2586 649
internal_value=4.63351e-05 -0.00159932 0.00375266 0.00328881 0.00755978 0.000117067 0.011829 -0.000180708 -0.00218106 0.00497699 -0.00347045 -0.000734787 -0.00690493 -0.00853626
internal_weight=5411.27 3747.78 1663.49 1651.94 946.968 364.635 154.779 3246.78 2339.87 906.912 448.121 2181.38 689.956 209.855
internal_count=40152 30570 9582 9480 5334 2071 868 26156 21447 4709 2513 19662 6595 1203
cat_boundaries=0 2 4 6 7 9
cat_threshold=2727908940 25 1621173514 51 691804252 27 9469956 2685960256 24
is_linear=0
shrinkage=0.05


Tree=104
num_leaves=15
num_cat=0
split_feature=7 3 0 27 21 28 3 19 27 21 10 25 24 8
split_gain=12.7671 14.9658 13.7832 19.8501 13.7636 15.5438 14.4919 16.3109 14.4502 16.3297 13.339 15.4754 19.5248 20.308
threshold=34.500000000000007 0.86953439812736266 98.145000000000024 0.16333667783805914 0.95754310300624756 0.1855323782497191 0.067859303330285711 94.330000000000013 0.19126657448317633 1.0651122481805213 1.0000000180025095e-35 -1.4928824488097321 0.61668347489802866 3.5000000000000004
decision_type=2 10 10 8 8 8 10 10 8 10 2 8 10 8
left_child=2 -2 4 -4 -1 6 -6 -8 9 -7 -10 -12 -13 -14
right_child=1 -3 3 -5 5 8 7 -9 10 -11 11 12 13 -15
leaf_value=-0.011253212113185036 -0.012408919083345134 0.054003502333454856 0.062616446200723083 -0.011559383736891091 0.049082488178592884 -0.016159626999297069 0.0035917872725543449 0.045634511470375207 -0.0023629235586347663 0.054083681634318863 0.041263622388560094 0.004111224023153945 0.046221347547352687 -0.022891944983002066
leaf_weight=218.47655486501753 283.0664204498753 7.7702226322144261 8.2938336320221406 324.51107820309699 25.970653871074319 173.0627817325294 158.47789088077843 26.043955758213997 1446.0148116275668 7.7236450836062422 25.969435129314661 2596.39138526842 10.822471268475054 109.99517384544015
leaf_count=2270 4466 72 66 2241 272 1401 1234 159 9382 50 152 17582 88 680
internal_value=-0.000282926 -0.0104556 0.000295526 -0.0095288 0.000978681 0.00156444 0.0148031 0.00973981 0.000923523 -0.0128777 0.00152205 0.00357006 0.00319476 -0.0163724
internal_weight=5422.59 290.837 5131.75 332.805 4798.95 4580.47 210.493 184.522 4369.98 180.786 4189.19 2743.18 2717.21 120.818
internal_count=40115 4538 35577 2307 33270 31000 1665 1393 29335 1451 27884 18502 18350 768
is_linear=0
shrinkage=0.05


Tree=105
num_leaves=15
num_cat=1
split_feature=8 5 0 15 4 29 28 22 28 28 28 28 18 32
split_gain=15.273 14.3177 13.1398 12.5721 19.8144 13.871 16.3634 16.1684 13.1663 32.7918 28.7218 18.0178 17.5634 17.9867
threshold=-2.4999999999999996 1.052342647058824 99.995000000000019 10.923824343909015 24.807686042733305 0 0.1855323782497191 3.8200000000000007 0.27447851702447779 0.31971911231982536 0.32003501639562232 0.36480405587265413 -0.22500000000000067 2.5000000000000004
decision_type=8 10 10 8 10 9 10 10 10 10 10 10 8 10
left_child=-1 2 3 5 -5 6 7 -2 12 -10 -11 -12 -7 -14
right_child=1 -3 -4 4 -6 8 -8 -9 9 10 11 -13 13 -15
leaf_value=0.019523758261051384 0.012668078191247739 -0.032760768108879595 -0.017618118990663689 -0.0058386586180530931 0.01931684708373968 0.046752946701495546 -0.0075109217462071519 -0.023806373494029962 -0.013548403955910462 0.059176143632052126 0.011874081086278267 0.0013668016837523795 0.039080926977067672 0.0016824377446012563
leaf_weight=97.111370164901018 210.36460247635841 32.93022686149925 104.83308847993612 1176.1187745667994 82.888761742040515 34.820897094905376 712.47912725806236 34.540286913514137 291.80720135010779 22.498422600328922 518.63873681426048 1900.6915562730283 38.690476439893246 169.76180751435459
leaf_count=647 2049 681 1073 10760 557 222 5201 404 2088 104 3049 11891 216 1333
internal_value=-2.47296e-05 -0.000384422 -0.000177045 0.000178349 -0.00416849 0.00157008 -0.00364255 0.00744799 0.00324846 0.00226463 0.00415912 0.00362325 0.0143821 0.00877735
internal_weight=5428.18 5331.06 5298.13 5193.3 1259.01 3934.29 957.384 244.905 2976.91 2733.64 2441.83 2419.33 243.273 208.452
internal_count=40275 39628 38947 37874 11317 26557 7654 2453 18903 17132 15044 14940 1771 1549
cat_boundaries=0 1
cat_threshold=9586180
is_linear=0
shrinkage=0.05


Tree=106
num_leaves=15
num_cat=5
split_feature=7 7 30 29 30 10 25 30 21 30 22 22 0 6
split_gain=14.9521 25.8063 20.7658 19.0226 17.4042 17.1196 18.9076 19.0278 18.5574 16.8913 18.2074 14.7039 23.346 21.6453
threshold=3.5000000000000004 1.5000000000000002 0 1 2 1.0000000180025095e-35 1.0535159197428039 3 1.0042117419142205 4 -0.41166666666666651 3.8200000000000007 48.720000000000006 17.500000000000004
decision_type=2 2 9 9 9 2 8 9 8 9 10 8 10 8
left_child=1 2 -1 4 -3 6 7 -2 9 -7 -11 12 13 -8
right_child=5 3 -4 -5 -6 8 11 -9 -10 10 -12 -13 -14 -15
leaf_value=-0.015054833101025136 -0.00076986625504823743 0.028614135937838694 0.0041003146320070759 -0.0014195081761071973 0.0089387283673570996 0.014493356355180424 0.065797812186504379 -0.017214335087133836 0.0023874276250616961 0.0034478242126962503 -0.031790897748917128 -0.003237945993347847 0.00084067157332574623 -0.015347331606824222
leaf_weight=217.0710326153785 292.74715423304588 173.68550860136747 365.73360866867006 238.94846128672361 380.43499794974923 39.694000352174044 31.525858607143164 463.61639722343534 2387.2225308138877 53.458489200100303 114.37977768946439 546.53468086570501 90.601486119441688 10.555505421012638
leaf_count=1671 2136 780 2605 1036 1760 447 185 3738 19119 517 1657 3868 469 175
internal_value=0.000251317 0.00474982 -0.00323541 0.0106146 0.0155428 -0.00128518 -0.00566424 -0.0110965 0.00113885 -0.013166 -0.0194604 0.000392379 0.0152584 0.0455599
internal_weight=5406.21 1375.87 582.805 793.069 554.121 4030.34 1435.58 756.364 2594.75 207.532 167.838 679.218 132.683 42.0814
internal_count=40163 7852 4276 3576 2540 32311 10571 5874 21740 2621 2174 4697 829 360
cat_boundaries=0 2 3 5 7 9
cat_threshold=553761030 27 1212550 1074118744 48 2692001552 25 536873984 38
is_linear=0
shrinkage=0.05


Tree=107
num_leaves=15
num_cat=3
split_feature=7 28 24 2 15 3 24 24 27 0 30 30 23 30
split_gain=14.7021 23.1036 18.6855 19.3514 17.0918 20.549 16.1244 29.8577 19.589 21.4102 23.4007 19.6968 18.7179 17.8776
threshold=11.500000000000002 0.24540429334335073 0.24852241249394016 -30.964130585816566 0.0231315647810971 0.41467345318691645 0.40535978278548251 0.41978489436355487 0.39443639971118927 89.420000000000016 0 1 8.2862500000000026 2
decision_type=2 8 10 2 10 10 8 8 8 10 9 9 10 9
left_child=6 2 3 -2 -4 -6 12 -8 13 10 -10 -11 -1 -9
right_child=1 -3 4 -5 5 -7 7 8 9 11 -12 -13 -14 -15
leaf_value=-0.0015040895900056128 0.10429378623029283 -0.0082100183298844439 -0.0083423855894302727 -0.0015863996966064076 0.064842465829800314 0.0029587770233208948 0.02413157297652235 0.0072581588897250651 0.016424235036247528 0.00757356647025423 0.00081915399478691819 -0.014124324777829862 -0.037910173427279453 -0.02627906994625083
leaf_weight=2085.5581682808697 3.3835068792104712 1223.4101995639503 23.489728203043342 276.86372482404113 35.321497479453683 21.427931934595108 171.45049087703228 61.316512955352664 444.04262047633529 169.54529366642237 523.84404165484011 244.75109407678246 34.917264945805073 96.200167817994952
leaf_count=11764 41 13973 401 3792 381 180 838 331 2268 941 2881 1459 485 539
internal_value=-0.000882975 -0.00493334 0.00617894 5.82036e-05 0.0272927 0.0419318 0.000792191 0.00440158 0.00219035 0.004097 0.00816592 -0.00540563 -0.00212117 -0.0144605
internal_weight=5415.52 1583.9 360.486 280.247 80.2392 56.7494 3831.63 1711.15 1539.7 1382.18 967.887 414.296 2120.48 157.517
internal_count=40274 18768 4795 3833 962 561 21506 9257 8419 7549 5149 2400 12249 870
cat_boundaries=0 2 4 6
cat_threshold=2194777931 48 1090816338 7 2687506442 37
is_linear=0
shrinkage=0.05


Tree=108
num_leaves=15
num_cat=5
split_feature=11 20 29 30 29 1 28 3 3 29 20 10 33 30
split_gain=12.7668 16.7765 14.4133 14.3089 15.6269 14.1904 15.1365 13.6447 13.0237 12.565 17.9722 12.84 19.6703 17.6296
threshold=6.5323561258067731 -75.089999999999989 0 1 2 0.30060240963855428 0.88026863702755132 0.11998780575751815 0.88811315335416829 3 -13.022499999999999 1.0000000180025095e-35 0.70000000000000007 4
decision_type=2 8 9 9 9 10 10 8 8 9 8 2 2 9
left_child=3 -2 7 4 8 -4 -7 -3 -1 11 -11 -5 -13 -14
right_child=1 2 5 9 -6 6 -8 -9 -10 10 -12 12 13 -15
leaf_value=0.0033318775734699361 -0.021686925075699574 0.021963789996492282 -0.0086801236868690717 -0.003452461363231114 -0.0086309263177607749 0.0061282148689587373 -0.030707445713339134 -0.022987800817979805 0.047666792826687093 0.014507068300039352 -0.0080866052777981857 -0.033075928736460571 -0.0020671350102712412 0.013963789481236688
leaf_weight=83.142932280898094 67.31497361138463 19.908881232142448 189.33500935789198 429.37731505185366 995.80026437342167 1973.7014990979806 27.31205160357058 89.577386353164911 19.741707887500525 101.77825320512056 614.08492455072701 28.171580543741584 257.44395428523421 514.00363331288099
leaf_count=531 463 212 2558 2939 7940 13160 401 664 123 670 4347 245 2015 3911
internal_value=-1.89821e-05 0.00273437 0.00345828 -0.00216063 -0.0066871 0.00435182 0.00561035 -0.0134699 0.0111432 0.000430734 -0.00479174 0.00348823 0.00725845 0.00877228
internal_weight=5410.69 2367.15 2299.83 3043.54 1098.68 2190.35 2001.01 109.486 102.885 1944.86 715.863 1229 799.619 771.448
internal_count=40179 17458 16995 22721 8594 16119 13561 876 654 14127 5017 9110 6171 5926
cat_boundaries=0 1 3 4 5 7
cat_threshold=12714528 1095619604 7 12591136 9471254 45096962 24
is_linear=0
shrinkage=0.05


Tree=109
num_leaves=15
num_cat=3
split_feature=22 24 28 4 30 30 28 28 28 30 24 15 15 3
split_gain=12.2859 18.3423 15.5572 20.3894 26.6039 18.1658 16.8323 15.2583 23.0851 18.0028 19.6835 18.2154 16.1477 15.3756
threshold=0.8633333333333334 0.49826877660989621 0.27447851702447779 -4.7398118759620003 0 1 0.24940367255737442 0.31971911231982536 0.32252579377669849 2 0.61008673180796469 -22.478757526728739 5.6091518713029549 0.26591526088692302
decision_type=10 10 8 10 9 9 10 8 8 9 10 10 8 8
left_child=2 -2 3 4 -1 -5 -7 9 12 10 -4 13 -9 -11
right_child=1 -3 7 5 -6 6 -8 8 -10 11 -12 -13 -14 -15
leaf_value=-0.0083814737842090505 -0.011772093300659986 0.011281575087168143 0.0043849385521086094 0.00085518273048009591 0.010633492925267531 0.047420844482128681 0.010732203324682464 0.052654757408554013 -5.5667874381431674e-05 -0.015822381943522264 0.079616826496423251 -0.015984187586532153 -0.0032881477770361407 0.056571422408085853
leaf_weight=317.81030539050698 436.48701449669898 106.62985567934811 62.429295301437378 93.646945806220174 408.12090980820358 77.899081896990538 52.986322056502104 34.565475396811962 3369.6187471859157 12.460664099082353 9.1277423817664367 386.43024648539722 20.064116064459085 15.68667318113148
leaf_count=2735 4340 845 439 872 3332 696 394 167 23216 178 59 2669 133 156
internal_value=-0.000108463 -0.00723356 0.00068897 0.00642289 0.0023397 0.0195553 0.0304531 -0.000706012 0.000471731 -0.00898576 0.013136 -0.0128337 0.0324185 0.0250798
internal_weight=5403.96 543.117 4860.85 950.464 725.931 224.532 130.885 3910.38 3424.25 486.135 71.557 414.578 54.6296 28.1473
internal_count=40231 5185 35046 8029 6067 1962 1090 27017 23516 3501 498 3003 300 334
cat_boundaries=0 2 4 6
cat_threshold=1653343568 42 3221836866 3 2147778572 12
is_linear=0
shrinkage=0.05


Tree=110
num_leaves=15
num_cat=4
split_feature=7 30 7 30 0 11 19 52 1 33 56 30 27 30
split_gain=12.6342 20.0604 15.1438 21.9734 19.5892 21.0833 18.9967 16.4885 19.3067 15.6091 17.0345 20.3717 19.0002 16.2229
threshold=-9.4999999999999982 0 3.5000000000000004 1 89.915000000000006 6.7583325529719041 97.500000000000014 1.0000000180025095e-35 1.6010471204188483 0.90000000000000013 5.5000000000000009 2 0.24537621449985889 3
decision_type=2 9 2 9 10 2 8 2 10 2 2 9 10 9
left_child=1 -1 3 -2 5 9 -6 -7 -9 13 11 -11 -13 -4
right_child=2 -3 4 -5 6 7 -8 8 -10 10 -12 12 -14 -15
leaf_value=0.0068858557608329485 -0.00076400657836918806 -0.028235306667395321 0.0035622110836677581 0.012829312465073964 -0.018758497157111868 0.0037808774443587635 0.0049992769144606127 0.061289982199651566 -0.00094670410572340229 -0.010203750069426339 0.012892011309904895 0.01266989073099635 -0.00254671259814487 -0.018031076278068697
leaf_weight=68.281261639669538 677.13767254911363 86.144633416086435 124.64186243340373 522.08678841218352 279.40029899962246 1348.9528181701899 119.70274682343006 26.371824709698558 22.819813091307878 569.80520409252495 195.52399708144367 277.61128557100892 777.13432865589857 284.423783717677
leaf_count=650 3624 871 949 2583 1599 11163 606 188 133 5275 1306 2614 6025 2516
internal_value=-8.71796e-05 -0.0141353 0.000330591 0.00526018 -0.00113858 1.95517e-05 -0.0116382 0.00483086 0.032975 -0.00299897 -0.00101287 -0.0026933 0.00145278 -0.0118118
internal_weight=5380.04 154.426 5225.61 1199.22 4026.39 3627.28 399.103 1398.14 49.1916 2229.14 1820.07 1624.55 1054.75 409.066
internal_count=40102 1521 38581 6207 32374 30169 2205 11484 321 18685 15220 13914 8639 3465
cat_boundaries=0 1 3 5 7
cat_threshold=1117307920 579403538 33 1106156572 17 594623498 17
is_linear=0
shrinkage=0.05


Tree=111
num_leaves=15
num_cat=2
split_feature=5 8 8 3 8 30 4 31 24 25 19 6 30 26
split_gain=11.6215 13.9683 9.2462 11.0174 9.94468 19.6791 11.7883 11.4636 15.0078 18.3363 16.9551 15.2069 11.3919 11.2832
threshold=1.025614814814815 -14.499999999999998 -2.4999999999999996 0.20449329607904737 1.5000000000000002 0 -10.465108003331277 3.5000000000000004 0.3870641129450807 4.9954564675824562 35.95000000000001 6.5000000000000009 1 388.50000000000006
decision_type=10 10 8 8 10 9 10 2 10 10 10 8 9 2
left_child=2 -2 3 -1 5 6 -4 -7 9 11 -10 -9 13 -6
right_child=1 -3 4 -5 12 7 -8 8 10 -11 -12 -13 -14 -15
leaf_value=0.038183296266278713 0.051909624122893842 -0.032390369807627502 -0.0081569654200882198 0.001407029253459803 0.013619091861961502 -0.0024172553936949938 -0.033191758819330466 0.0029642849069320431 -0.030163088473332711 -0.028433612058630965 0.04859213387306302 0.070769663536509195 0.00011047782432496573 0.00010126735996205318
leaf_weight=33.91533999145031 4.59529174119234 45.281897096894681 111.17064885422587 49.060294799506664 343.57792848907411 1170.5072633335367 81.652774414047599 12.080923877656462 23.976768793538213 8.5779761001467687 8.4315573833882791 25.841850791126486 3223.0853727404028 279.67831845209002
leaf_count=252 29 798 1268 300 2071 12173 1067 73 272 94 50 321 19890 1670
internal_value=2.84546e-05 -0.023756 0.000253684 0.0167146 -7.69204e-06 -0.00354705 -0.0179487 -0.00115905 0.0171564 0.0350737 -0.00883244 0.0498003 0.00132002 0.00744378
internal_weight=5421.43 49.8772 5371.56 82.9756 5288.58 1442.24 192.823 1249.42 78.9091 46.5008 32.4083 37.9228 3846.34 623.256
internal_count=40328 827 39501 552 38949 15318 2335 12983 810 488 322 394 23631 3741
cat_boundaries=0 2 4
cat_threshold=19286022 16 87364108 16
is_linear=0
shrinkage=0.05


Tree=112
num_leaves=15
num_cat=4
split_feature=21 7 24 21 7 7 20 30 30 26 29 24 29 26
split_gain=13.2893 16.5559 23.5999 15.6453 18.987 18.3962 12.8446 20.6466 17.0457 14.7512 16.9845 16.1062 14.4714 14.4939
threshold=0.95754310300624756 6.5000000000000009 0.35031314848742856 0.97363959984355175 20.500000000000004 -9.4999999999999982 -10.199999999999994 0 1 63.500000000000007 2 0.24351758855115893 3 1329.0000000000002
decision_type=8 2 10 8 2 2 10 9 9 2 9 10 9 2
left_child=1 2 -1 4 -2 -5 8 12 9 10 -7 -12 -8 -14
right_child=3 -3 -4 5 -6 6 7 -9 -10 -11 11 -13 13 -15
leaf_value=-0.031312062779746692 0.029667830236987304 -0.024961718357469253 0.014165677148401806 -0.017862450148929936 -0.03318833278137788 0.0084692498461231436 0.0044120618895368289 0.0026561212573624673 0.00025309190485244454 0.01197409349203191 0.02847802521043534 -0.018639777407478599 -0.020509407768781317 -0.0033713996457682078
leaf_weight=39.299214221537113 82.981868829578161 112.68792295921594 96.657137468457222 131.1260455083102 13.167937481775878 233.81212330050766 146.41990575939417 760.85564118623734 2386.9580247215927 730.4973282199353 19.860953195020556 142.26212410256267 304.19010264053941 207.84601779282093
leaf_count=383 501 1983 492 1326 235 1755 985 5281 17310 4990 163 913 2549 1438
internal_value=0.000386211 -0.0108808 0.000887348 0.000931136 0.0208065 0.000549717 0.00104269 -0.00297025 0.00266419 0.00769812 -7.35716e-06 -0.0119932 -0.00936406 -0.0133134
internal_weight=5408.62 248.644 135.956 5159.98 96.1498 5063.83 4932.7 1419.31 3513.39 1126.43 395.935 162.123 658.456 512.036
internal_count=40304 2858 875 37446 736 36710 35384 10253 25131 7821 2831 1076 4972 3987
cat_boundaries=0 2 4 5 6
cat_threshold=2310697482 50 2186666573 37 29975 12288
is_linear=0
shrinkage=0.05


Tree=113
num_leaves=15
num_cat=3
split_feature=7 29 19 30 30 13 28 28 26 8 24 27 27 24
split_gain=13.2616 19.3327 29.0733 29.4022 26.7932 20.2849 28.1974 25.897 22.7784 17.6069 19.594 16.1473 15.7942 21.8121
threshold=7.5000000000000009 0 84.225000000000009 1 2 9.9375000000000018 0.35126263524518481 0.35028549187584396 674.50000000000011 2.5000000000000004 0.42299545615981432 0.51538384954565275 0.31495919956920265 0.2681652560573225
decision_type=2 9 10 9 9 8 10 10 2 10 10 10 10 10
left_child=-1 4 3 -3 -2 7 12 -5 9 -9 -11 -10 13 -7
right_child=1 2 -4 5 -6 6 -8 8 11 10 -12 -13 -14 -15
leaf_value=0.002451073319880254 0.012815713759082817 -0.016411250892426524 -0.021495177368672357 -0.012776606382244407 -0.0030876921593724622 0.016631121813347065 -0.011848586145709954 0.10759250207104465 0.034807642442452845 -0.0058935334572963547 0.084555695608618212 -0.014348650663050883 0.028651499073556293 -0.013508459848149018
leaf_weight=2858.6221121326089 384.1672670263797 286.36617259867489 263.33846518024802 45.190766120329499 795.60302594862878 127.76102932170033 336.30572286061943 13.40431543253362 39.508677516132593 13.179080028086902 9.7920935787260515 27.686422349885106 75.889047649689019 111.48330018296838
leaf_count=14911 2906 4156 2366 820 6545 1711 3946 179 340 122 84 288 655 1143
internal_value=0.000118041 -0.00251829 -0.00657415 -0.00300192 0.00216147 0.00199132 -0.00179579 0.0186096 0.0322955 0.063645 0.0345819 0.0146403 0.00893595 0.00258888
internal_weight=5388.3 2529.68 1349.91 1086.57 1179.77 800.2 651.439 148.761 103.571 36.3755 22.9712 67.1951 315.133 239.244
internal_count=40172 25261 15810 13444 9451 9288 7455 1833 1013 385 206 628 3509 2854
cat_boundaries=0 1 3 5
cat_threshold=4744467 1093418249 8 1096455693 53
is_linear=0
shrinkage=0.05


Tree=114
num_leaves=15
num_cat=3
split_feature=8 5 11 30 11 15 7 30 30 54 25 24 32 28
split_gain=15.3073 14.3975 12.0894 16.5996 19.2239 14.1581 11.9777 20.4568 20.0086 18.4019 14.0215 29.4731 15.7556 19.102
threshold=-6.4999999999999991 1.0976450000000002 6.6912706652785552 0 9.5740651590465884 2.816235964120168 6.5000000000000009 1 2 79.500000000000014 0.37473311261909187 0.39714213527237724 3.5000000000000004 0.23888068828865691
decision_type=8 10 2 9 2 10 2 9 9 10 8 10 10 10
left_child=-1 2 6 4 -4 -6 8 -8 -2 10 11 -9 13 -12
right_child=1 -3 3 -5 5 -7 7 9 -10 -11 12 -13 -14 -15
leaf_value=0.024337825808933695 0.0093242249893452627 -0.03829480120805779 -0.0071224953801905834 0.0054965843999167218 0.0071712619912595648 0.091566624392603255 -0.014136771064968771 -0.02622743067066164 -0.0023699927320439134 0.06050474563185132 0.014972471378428054 0.011922565340407783 0.026605191442604887 -0.0052326093426822845
leaf_weight=63.909816779196262 492.52320696786046 23.546861786395311 470.08522455953062 1598.7202176302671 12.387875499203803 7.5147203691303721 436.35118747875094 143.92728047445416 1327.4627075120807 10.951552789658306 149.62541693262756 77.075835846364498 56.240815654397011 522.65124222077429
leaf_count=428 2448 564 3578 11475 93 48 5213 1702 7204 86 1456 815 366 4669
internal_value=0.000203522 -9.04255e-05 8.63171e-05 0.00304747 -0.00494948 0.041893 -0.00183674 -0.00531763 0.00083626 -0.00114157 -0.0019275 -0.0129287 0.00142296 -0.000720102
internal_weight=5392.97 5329.06 5305.52 2088.71 489.988 19.9026 3216.81 1396.82 1819.99 960.472 949.521 221.003 728.517 672.277
internal_count=40145 39717 39153 15194 3719 141 23959 14307 9652 9094 9008 2517 6491 6125
cat_boundaries=0 2 4 6
cat_threshold=2734688778 40 1092897886 26 2719230536 8
is_linear=0
shrinkage=0.05


Tree=115
num_leaves=15
num_cat=0
split_feature=32 25 24 24 27 23 27 25 28 27 14 26 25 24
split_gain=11.0835 10.8612 10.323 26.2846 28.3049 25.1397 23.6057 27.1109 20.2644 17.2338 16.8836 16.7541 16.6889 16.0114
threshold=5.5000000000000009 18.628299229042973 0.40535978278548251 0.41397153272526149 0.44609093105304304 8.0464583333333355 0.52234838881520862 1.8143639861420431 0.39924985273138042 0.49644783015827598 7.1012500000000012 1272.5000000000002 0.60928368815613487 0.34512024166922123
decision_type=10 10 8 8 8 10 8 10 10 10 8 2 10 10
left_child=1 2 5 10 11 13 7 8 -6 -10 -4 -5 -12 -1
right_child=-2 -3 3 4 6 -7 -8 -9 9 -11 12 -13 -14 -15
leaf_value=0.00075633133484386396 0.013962398276462709 -0.053957547435874789 0.039166624882602266 -0.0069148499493063165 0.025997509261653541 -0.040057804979854034 -0.0016518952796610185 -0.024469678521734133 0.017272573990978077 -0.005610752222442443 0.043346279120425747 -0.035175693282542123 -0.0014957949504288705 -0.0068819753337406812
leaf_weight=2162.6701355054975 134.5470210686326 8.4912404902279359 70.917610669508576 315.23502136394382 223.8546395516023 42.226742466911674 850.27194460388273 47.841846972703934 173.43019611015916 155.02695566695184 25.620117429643869 62.113028151914477 93.796073508448899 1003.7448716685176
leaf_count=17473 847 81 361 2080 1319 769 5890 317 1155 1036 142 644 639 7298
internal_value=-0.000153698 -0.000519083 -0.000421963 0.00237918 0.000533129 -0.00218397 0.0037079 0.0112915 0.0144278 0.00648773 0.0200114 -0.0116474 0.00840491 -0.0016664
internal_weight=5369.79 5235.24 5226.75 2018.11 1827.77 3208.64 1450.43 600.154 552.312 328.457 190.334 377.348 119.416 3166.42
internal_count=40051 39204 39123 13583 12441 25540 9717 3827 3510 2191 1142 2724 781 24771
is_linear=0
shrinkage=0.05


Tree=116
num_leaves=15
num_cat=2
split_feature=0 29 18 28 28 32 27 5 27 15 18 15 30 25
split_gain=9.83734 24.7576 14.6631 13.3036 12.3844 25.5148 10.6333 9.86896 14.1468 11.4984 9.68604 8.3773 19.8244 14.6215
threshold=1.0000000180025095e-35 0 -3.5662499999999984 0.073479146454421482 0.49916598147575708 3.5000000000000004 0.22990294723450924 0.042934821428571433 0.38757955405805516 0.0028286397774441277 -1.0574999999999981 10.923824343909015 1 0.71198456734322313
decision_type=8 9 10 10 8 8 10 8 10 10 10 8 9 10
left_child=1 2 4 -3 6 -6 -1 8 9 -2 -4 -9 13 -13
right_child=7 3 10 -5 5 -7 -8 11 -10 -11 -12 12 -14 -15
leaf_value=0.068313247310166636 0.015788249914362892 0.013315708497938379 -0.036808909037450863 -0.027272487164424153 0.11197495838074495 -0.0012071438545881281 -0.010263380790703679 0.001349810713948389 -0.007936142191386995 0.089574849098790724 0.018193794045214293 -0.0065792758584110496 -0.0067179974335117802 0.0172806526412554
leaf_weight=4.6186800152063396 11.56534598208964 22.9868482965976 15.810302767902613 138.44256426207721 10.446566581726074 8.775868833065033 17.618585895746946 3892.0376009242609 17.504862206056714 9.6057797651737911 14.417083717882633 100.45865571498871 963.89843336492777 174.84483161754906
leaf_count=32 124 215 129 1693 67 64 242 26488 155 97 99 932 8548 1479
internal_value=-5.19838e-05 -0.0100768 0.0135982 -0.0202027 0.0344484 0.062798 0.00829446 0.000401907 0.0252429 0.0517969 -0.0108326 0.000209789 -0.00336895 0.00828208
internal_weight=5403.03 233.117 71.6871 161.429 41.4597 19.2224 22.2373 5169.92 38.676 21.1711 30.2274 5131.24 1239.2 275.303
internal_count=40364 2541 633 1908 405 131 274 37823 376 221 228 37447 10959 2411
cat_boundaries=0 1 2
cat_threshold=8402066 113868800
is_linear=0
shrinkage=0.05


Tree=117
num_leaves=15
num_cat=4
split_feature=7 30 3 29 3 7 3 30 1 30 28 21 21 1
split_gain=11.2988 14.1806 20.7572 10.8582 34.9712 23.0601 37.105 21.256 16.5176 19.4598 18.4861 17.567 16.4437 18.0238
threshold=38.500000000000007 0 0.77865863474987751 1 0.067859303330285711 7.5000000000000009 0.70232795456286079 2 0.84802018633540388 3 0.24336278881584106 1.1470993024348572 1.0129744445047646 0.39404998894049997
decision_type=2 9 10 9 10 2 10 9 8 9 8 10 10 8
left_child=3 2 -2 4 7 6 -6 -1 9 -5 -11 -10 13 -9
right_child=1 -3 -4 8 5 -7 -8 12 11 10 -12 -13 -14 -15
leaf_value=-0.010861550677385413 -0.031333826868886215 0.0022024410597403254 0.088192682637902767 0.010105324105764193 0.025560679967501304 -0.0059643021565592867 -0.0034838422880277132 0.016082777429727906 0.00067069331552196336 0.010801959397749033 -0.014456908203456742 0.043596538098017189 -0.039152495805272275 0.065021506274372753
leaf_weight=26.437121855095029 90.427895836532116 102.60779309645295 2.8365564197301856 127.27361595630646 205.03775623440742 455.33773369342089 235.37096882984042 28.892065616324544 3403.9697855776176 83.108006026595831 531.0509291626513 23.002627687528729 4.9004158135503522 57.714738570153713
leaf_count=320 1946 1455 37 1494 924 4025 1062 475 20484 789 6331 144 67 576
internal_value=0.000195205 -0.0115619 -0.024231 0.000641744 0.00525239 0.00191944 0.0100655 0.0307776 -0.000491902 -0.0072545 -0.0108505 0.000971455 0.0396797 0.0490655
internal_weight=5377.97 195.872 93.2645 5182.1 1013.69 895.746 440.409 117.944 4168.4 741.433 614.159 3426.97 91.5072 86.6068
internal_count=40129 3438 1983 36691 7449 6011 1986 1438 29242 8614 7120 20628 1118 1051
cat_boundaries=0 2 3 5 7
cat_threshold=1655491648 42 528693 371712 41 2684358164 39
is_linear=0
shrinkage=0.05


Tree=118
num_leaves=15
num_cat=2
split_feature=14 11 10 30 30 32 13 27 28 24 27 28 24 27
split_gain=12.769 11.0716 13.2694 30.8895 18.9739 13.5875 14.5789 16.3851 14.3657 13.1224 12.7474 12.1449 13.3209 14.6149
threshold=12.252500000000001 5.7223752066316074 1.0000000180025095e-35 0 1 3.5000000000000004 0.073749999999997776 0.638100313171716 0.32941054859935143 0.57362542690136709 0.71670088411480548 0.23171548710365794 0.65410268437597729 0.49732406823876224
decision_type=10 2 2 9 9 10 10 10 8 10 10 10 10 10
left_child=1 2 3 -1 -4 6 7 11 -7 -8 -9 -6 13 -13
right_child=-2 -3 4 -5 5 8 9 10 -10 -11 -12 12 -14 -15
leaf_value=0.013529524155313808 -0.01515922020159035 0.0012933858849989784 -0.012179045230938419 -0.017061880277071857 0.0097422963768140011 0.049506407219245624 0.021439656615643534 0.051227277379396322 -0.011512696650949878 -0.030250605681203059 -0.0070924280771331024 -0.005809305442814116 0.045484531432035902 -0.032838441902720471
leaf_weight=98.201257286593318 144.28503715060651 3766.2482365863398 245.8797659529373 372.46280102152377 117.76315834652632 29.678607512265444 123.88119775988162 23.686708711087704 13.595467943698166 12.740541875362394 14.748673681169747 313.21342657040805 10.103812031447886 58.677789911627769
leaf_count=616 921 28538 1916 2633 1036 156 850 123 80 95 92 2492 59 484
internal_value=-0.000538924 -0.000130485 -0.00386678 -0.0107389 -0.000503766 0.00362429 0.00191129 -0.00179912 0.0305089 0.0164345 0.0292361 -0.00423959 -0.00856417 -0.0101506
internal_weight=5345.17 5200.88 1434.63 470.664 963.969 718.089 674.815 538.194 43.2741 136.622 38.4354 499.758 381.995 371.891
internal_count=40091 39170 10632 3249 7383 5467 5231 4286 236 945 215 4071 3035 2976
cat_boundaries=0 2 4
cat_threshold=2156178240 16 9549830 27
is_linear=0
shrinkage=0.05


Tree=119
num_leaves=15
num_cat=4
split_feature=16 7 27 30 30 22 4 27 4 3 21 30 28 30
split_gain=9.43574 16.8501 14.3997 27.7198 17.5541 14.9493 15.5672 16.5432 13.5581 11.562 17.8455 17.2958 21.6157 16.1773
threshold=-0.19749999999999887 24.500000000000004 0.49042638448567571 0 1 52.500000000000007 4.3982215840074348 0.32206064984685273 4.6787897258896747 0.56136794243371979 0.95678549302372906 2 0.21223880217449698 3
decision_type=8 2 10 9 9 8 10 10 8 8 8 9 8 9
left_child=1 2 3 -1 -4 8 7 -7 -5 10 -2 12 -11 -12
right_child=9 -3 4 5 -6 6 -8 -9 -10 11 13 -13 -14 -15
leaf_value=-0.0018441694251983274 -0.020446683980319482 -0.027516026650737026 -0.018044349344878498 0.016519020014128787 0.010211304661852912 -0.0037597343432817509 0.058569193481211639 0.036337879858173716 -0.030840598288572264 0.039879686054154713 0.011734983769358678 -0.0053860633280251912 0.0020307744998682067 0.0006006848749804377
leaf_weight=213.57383110467345 86.185670942999423 35.908381696790457 97.893374390900135 86.508719610050321 101.61350836604834 38.339811787009239 42.495607679709792 76.102364480495453 17.312132595106959 40.296584950760007 387.71241951454431 1881.11669552885 437.51637381315231 1818.7698451895267
leaf_count=1167 1583 494 640 488 586 248 230 408 129 325 3209 11809 2518 16201
internal_value=3.34057e-05 0.00539914 0.00719134 0.0119242 -0.00406459 0.0223806 0.0329328 0.0229884 0.00840292 -0.000786291 0.0017419 -0.00324316 0.00519099 0.00261746
internal_weight=5361.35 709.748 673.839 474.332 199.507 260.759 156.938 114.442 103.821 4651.6 2292.67 2358.93 477.813 2206.48
internal_count=40035 4390 3896 2670 1226 1503 886 656 617 35645 20993 14652 2843 19410
cat_boundaries=0 2 4 6 8
cat_threshold=1135646986 22 560467478 9 2152731212 33 2150670866 18
is_linear=0
shrinkage=0.05


Tree=120
num_leaves=15
num_cat=0
split_feature=28 27 10 28 26 25 25 3 25 56 27 24 9 27
split_gain=10.4618 13.5645 10.7972 10.6379 10.1137 10.0277 9.3871 23.5325 16.5947 15.5803 15.333 35.8092 21.7178 20.6861
threshold=0.12575265367250066 0.048093757119428773 16.500000000000004 0.13778199775741876 100.50000000000001 18.628299229042973 1.3289670474000419 1.0361628201036666 1.4626257384740415 1.0000000180025095e-35 0.22353155726726603 0.15217592916675735 1.5000000000000002 0.2631009977810419
decision_type=8 8 2 8 2 10 10 10 10 2 8 10 2 8
left_child=2 4 -1 -3 -2 6 10 8 9 -8 11 12 -5 -12
right_child=1 3 -4 5 -6 -7 7 -9 -10 -11 13 -13 -14 -15
leaf_value=0.0055564613590817716 0.04993146964746363 -0.027445474989856292 0.047415565149204253 -0.03576803793697262 -0.043999344510174593 -0.053489542837400608 -0.00045945107485897014 0.028884266223415018 0.00029764140430843728 0.02589639763965584 -0.01731994688729082 0.020346009568522543 0.016141663122856302 -0.00091863934357519191
leaf_weight=46.395642941817641 2.3849195353686836 33.277273241430521 22.303328044712543 55.868344667367637 24.989861342124641 7.5864922963082781 97.219293681904674 85.924401123076677 1495.9934889487922 131.38278265297413 204.83595057204366 220.75620788987726 30.475455570966005 2914.6006400920451
leaf_count=533 46 320 253 794 552 72 771 465 10833 875 1805 1742 292 20846
internal_value=0.000386149 0.000133286 0.0196315 0.000318584 -0.0343447 0.000499945 0.000588352 0.00349951 0.00221876 0.0147347 -0.000950421 0.00969117 -0.0174712 -0.00200083
internal_weight=5373.99 5305.3 68.699 5277.92 27.3748 5244.64 5237.06 1810.52 1724.6 228.602 3426.54 307.1 86.3438 3119.44
internal_count=40199 39413 786 38815 598 38495 38423 12944 12479 1646 25479 2828 1086 22651
is_linear=0
shrinkage=0.05


Tree=121
num_leaves=15
num_cat=1
split_feature=7 15 3 29 21 3 1 8 6 20 26 27 27 25
split_gain=12.2165 11.9511 11.8494 15.1255 17.8 16.8374 14.7725 14.5137 13.9101 13.1926 12.6909 13.8662 12.9968 15.6406
threshold=39.500000000000007 6.0068852917977003 0.57075255825820681 0 1.1920682533584048 0.97645195516793581 0.33421985815602845 -2.4999999999999996 2.5000000000000004 -86.749999999999986 61.500000000000007 0.63152845516113343 0.39656540837245219 0.28560869343398798
decision_type=2 10 8 9 10 8 8 8 8 8 2 10 10 10
left_child=2 -2 6 5 10 8 -1 -8 -4 -9 12 -12 -5 -14
right_child=1 -3 3 4 -6 -7 7 9 -10 -11 11 -13 13 -15
leaf_value=-0.015817780633125372 -0.015276739702986328 0.041799232548521283 0.0051066723561537172 -0.0045463951831595656 0.045333368687231562 0.02528839155401541 0.032760736151812721 -0.023167044480374925 -0.018479510120057663 0.0037053103269824045 -0.00040855043986983206 -0.025359261672675756 -0.00094653843166132238 -0.026773731284058518
leaf_weight=100.14701047446579 182.0435505406931 8.7079198602586967 428.77130607888103 467.97612509503961 17.245517199859023 87.95989054068923 41.200458653271198 45.622334532439709 72.157846711575985 2276.2494011167437 1328.8205647598952 57.121644649654627 86.939929934218526 179.43128087744117
leaf_count=2000 3238 156 2174 2813 92 663 263 391 469 17768 8085 516 468 1154
internal_value=-7.32114e-05 -0.0124668 0.000384643 -0.00188598 -0.00383345 0.00515501 0.00289764 0.00369715 0.00167908 0.00316755 -0.0042726 -0.00145444 -0.00958215 -0.0183792
internal_weight=5380.39 190.751 5189.64 2726.42 2137.54 588.889 2463.22 2363.07 500.929 2321.87 2120.29 1385.94 734.347 266.371
internal_count=40250 3394 36856 16434 13128 3306 20422 18422 2643 18159 13036 8601 4435 1622
cat_boundaries=0 1
cat_threshold=4727077
is_linear=0
shrinkage=0.05


Tree=122
num_leaves=15
num_cat=0
split_feature=2 15 7 4 23 21 28 7 18 28 28 28 26 1
split_gain=9.2392 9.70851 11.8469 11.7697 9.74712 14.402 10.4512 21.8518 21.4799 33.4196 14.54 38.9978 31.2248 20.6203
threshold=56.535349601938385 -6.9424010252152808 11.500000000000002 -68.855123495675159 21.895416666666669 1.1470993024348572 0.36887658184348299 -1.0000000180025095e-35 -2.4112500000000012 0.45185178944631438 0.39342620722792448 0.39484035224186947 1272.5000000000002 0.82160537482319673
decision_type=2 8 2 8 10 10 8 2 10 10 8 8 2 10
left_child=1 2 -1 -3 6 -6 -5 8 -8 -10 12 13 -9 -12
right_child=-2 3 -4 4 5 -7 7 10 9 -11 11 -13 -14 -15
leaf_value=0.020906476365347416 -0.0062912922216141727 -0.025449576778991668 -0.025135913897311776 0.0034171113639088232 -0.023810067212264956 0.018836142785896268 -0.034495891045549752 -0.003631097080452431 -0.022355723561325327 0.050539063740547056 -0.0056944687582987583 -0.00048412094432175859 -0.049105087501486788 0.040256873966810304
leaf_weight=100.90880370140076 565.32737748976797 43.627186918631196 15.326135303825138 1995.7446847045794 86.320852649398148 24.785895771346986 93.956523280590773 240.34155093412846 45.693983351811767 22.708247136324644 32.796502599492669 1965.2833176003769 43.828034888952971 92.00179498270154
leaf_count=537 3666 296 160 15790 1277 231 953 1786 400 154 353 13846 296 435
internal_value=-0.000251064 0.000461002 0.0146729 0.000105506 0.000351034 -0.0142133 0.000711123 -0.00141839 -0.019107 0.00222349 -0.000201254 0.00124318 -0.0107922 0.0282318
internal_weight=5368.65 4803.32 116.235 4687.09 4643.46 111.107 4532.35 2536.61 162.359 68.4022 2374.25 2090.08 284.17 124.798
internal_count=40180 36514 697 35817 35521 1508 34013 18223 1507 554 16716 14634 2082 788
is_linear=0
shrinkage=0.05


Tree=123
num_leaves=15
num_cat=2
split_feature=8 6 2 27 26 30 5 7 26 30 32 27 7 26
split_gain=11.2611 12.2944 16.7102 10.3026 10.8722 21.5211 14.5675 15.431 13.3553 12.7451 13.216 13.3571 12.2891 24.4288
threshold=-6.4999999999999991 23.500000000000004 -14.247751225912618 0.93813395428503765 3898.5000000000005 0 0.20250714285714289 12.500000000000002 3637.5000000000005 1 3.5000000000000004 0.62442688887667097 2.5000000000000004 388.50000000000006
decision_type=8 10 2 10 2 9 10 2 2 9 8 8 2 2
left_child=-1 3 -3 4 8 6 7 -6 9 10 11 12 -2 -14
right_child=1 2 -4 -5 5 -7 -8 -9 -10 -11 -12 -13 13 -15
leaf_value=0.020774729576430093 0.020899147607178092 0.067958648243920616 -0.013100635981890429 -0.02991745339118659 0.025231549060478919 -0.0022520311363689186 0.020570941666993955 0.12283156713996415 -0.034326473840183717 -0.00091946393946393137 0.02932479909528421 -0.017012289897495453 0.012967061908956676 -0.0092967348837451197
leaf_weight=63.931476205587387 119.92462142556906 5.5478502679616204 242.44714351184666 26.944714773446321 9.5834840834140795 149.47476259432733 86.853715693578124 6.9838852863758794 27.183209137991071 4021.9197679106146 56.3369907643646 65.353379549458623 277.4027742203325 220.08965229056776
leaf_count=420 715 90 5194 415 48 828 473 68 202 27618 435 471 1872 1452
internal_value=7.82412e-05 -0.000174518 -0.0110216 0.000358333 0.000526059 0.0106089 0.0266991 0.0710243 -8.58305e-06 0.000194523 0.00617838 0.00431878 0.00660052 0.00311871
internal_weight=5379.98 5316.05 247.995 5068.05 5041.11 252.896 103.421 16.5674 4788.21 4761.03 739.107 682.77 617.417 497.492
internal_count=40301 39881 5284 34597 34182 1417 589 116 32765 32563 4945 4510 4039 3324
cat_boundaries=0 2 4
cat_threshold=536981506 11 3560178188 4
is_linear=0
shrinkage=0.05


Tree=124
num_leaves=15
num_cat=1
split_feature=7 25 25 8 11 11 20 8 20 29 7 28 18 25
split_gain=9.86619 11.0513 16.6552 28.1794 23.957 10.9722 13.1008 11.5684 12.8634 11.2764 18.3953 22.4597 16.1125 15.3583
threshold=41.500000000000007 1.0850649909730461 1.4541542275434705 1.0000000180025095e-35 6.7718438545548514 6.6912706652785552 -75.089999999999989 -2.4999999999999996 12.762500000000005 0 3.5000000000000004 0.30975488858736849 -2.4100000000000024 4.4708385119002267
decision_type=2 8 10 10 2 2 8 8 10 9 2 8 8 8
left_child=5 -2 3 4 -3 7 -7 -1 9 10 11 -9 -13 -12
right_child=1 2 -4 -5 -6 6 -8 8 -10 -11 13 12 -14 -15
leaf_value=0.018991822411446643 -0.032210081291978436 0.19569423384709828 -0.011416756109759551 -0.025058232220246592 0.017798476908766743 -0.020738681349472547 0.0036648473022454541 0.033981016822928756 -0.013711873737508755 -0.0054228901476517117 -0.0030381590053699982 -0.020635122208437485 0.0077515271207561909 0.037816804285979999
leaf_weight=64.884204056113958 48.54082331713289 3.0387830268591625 91.739444427192211 6.9445871710777283 3.9799040853977203 55.61198677867651 1944.441636774689 73.88336425460875 223.50514811091125 1042.4427424110472 1260.9005649257451 55.198725089430809 453.6020033378154 22.433934818953276
leaf_count=409 1218 79 1471 93 83 376 13452 482 1766 7190 10346 442 2591 175
internal_value=-0.000298491 -0.0127192 -0.00355061 0.0454395 0.109619 7.25304e-05 0.00297628 -0.00174451 -0.00218002 -0.00128943 0.00104482 0.00841004 0.00463748 -0.00229509
internal_weight=5351.15 154.244 105.703 13.9633 7.01869 5196.9 2000.05 3196.85 3131.97 2908.46 1866.02 582.684 508.801 1283.33
internal_count=40173 2944 1726 255 162 37229 13828 23401 22992 21226 14036 3515 3033 10521
cat_boundaries=0 1
cat_threshold=13665589
is_linear=0
shrinkage=0.05


Tree=125
num_leaves=15
num_cat=3
split_feature=7 29 30 3 32 24 3 0 13 25 30 25 16 7
split_gain=10.792 19.0181 27.5927 25.8612 18.6121 20.2668 18.4204 15.3817 18.1105 14.8386 13.6658 17.0433 17.2832 16.7408
threshold=5.5000000000000009 0 1 0.94938729955308632 2.5000000000000004 0.23352042204505907 0.94434703697640798 82.00500000000001 29.03166666666667 8.0272374581745094 2 0.78342021216311164 1.2558333333333327 2.5000000000000004
decision_type=2 9 9 10 10 10 10 10 10 10 9 8 10 2
left_child=4 2 -2 7 5 -1 -4 8 -3 10 -6 13 -13 -12
right_child=1 3 6 -5 9 -7 -8 -9 -10 -11 11 12 -14 -15
leaf_value=-0.021971825482967156 -0.022670148894713887 0.00050240661269439712 -0.001650455923564985 0.028742729316286172 0.0048440300568141437 0.024992477746359914 -0.027441823341889979 -0.017555869588024828 0.078156692128456801 -0.032629188470393318 0.00076654846847035944 0.0067631609311356415 -0.025815277325944033 -0.015555396101592209
leaf_weight=26.453789807856083 228.80970201734453 1416.015649754554 899.70829897560179 78.220883533358574 1197.3575069457293 145.14652567356825 74.016654878854752 121.4115320276469 6.5484001059085122 32.007015772163868 283.90639146976173 472.24057381227612 43.559753373265266 350.47675790078938
leaf_count=122 3079 12012 10194 454 5861 668 600 755 46 190 2108 2305 215 1637
internal_value=-0.000543966 -0.00267252 -0.00740127 0.000875498 0.00181298 0.0176671 -0.00360017 -0.000548335 0.000914519 0.000662722 0.00113033 -0.00275468 0.00396726 -0.0082611
internal_weight=5375.88 2824.73 1202.53 1622.2 2551.15 171.6 973.725 1543.98 1422.56 2379.55 2347.54 1150.18 515.8 634.383
internal_count=40246 27140 13873 13267 13106 790 10794 12813 12058 12316 12126 6265 2520 3745
cat_boundaries=0 1 2 4
cat_threshold=9601668 1083050249 2729862488 40
is_linear=0
shrinkage=0.05


Tree=126
num_leaves=15
num_cat=3
split_feature=7 26 20 13 56 22 1 0 30 24 30 18 2 30
split_gain=13.1448 22.294 14.7973 18.9818 14.3876 14.1584 14.6302 13.4393 15.0093 14.7637 12.7471 11.7545 11.6969 11.6172
threshold=8.5000000000000018 294.50000000000006 -9.5074999999999967 1.0016666666666667 1.0000000180025095e-35 -0.74166666666666647 1.3876275510204084 56.010000000000012 0 0.46852735423227748 1 -2.3333333333333321 72.104516434529458 2
decision_type=2 2 8 8 2 8 10 10 9 10 9 10 2 9
left_child=2 13 3 5 -5 -1 -7 8 -3 -10 12 -8 -4 -2
right_child=1 7 10 4 -6 6 11 -9 9 -11 -12 -13 -14 -15
leaf_value=0.037429730810756436 0.012001912413904232 -0.01857872768547637 -0.0027233663510781696 0.0051666745898081108 0.024608679898912505 -0.028866438331479474 0.025295947491338112 -0.025779922316168213 -0.0070478373344709192 0.021109520070632024 0.0028288684273759458 -0.01000418631354905 -0.023111736917821292 -0.0018976684568049456
leaf_weight=17.181113466620445 157.15274019725621 159.1005817912519 969.636479254812 182.80936588346958 198.98773415759206 58.324313325807452 35.25587759539485 136.90694288816303 155.68621032591909 65.236104434356093 1689.7636467088014 66.502076441422105 74.893081851303577 1408.9134208606556
leaf_count=87 1394 2432 5246 1006 956 334 210 1244 1757 796 9125 390 430 14885
internal_value=-0.00029813 -0.00340593 0.00166794 0.00907219 0.0153374 -0.00443245 -0.00912986 -0.0123985 -0.00752275 0.00126729 0.000151288 0.00235333 -0.00416608 -0.000431616
internal_weight=5376.35 2083 3293.35 559.06 381.797 177.263 160.082 516.93 380.023 220.922 2734.29 101.758 1044.53 1566.07
internal_count=40292 22508 17784 2983 1962 1021 934 6229 4985 2553 14801 600 5676 16279
cat_boundaries=0 2 4 6
cat_threshold=1093426250 24 3902803474 51 3215876 48
is_linear=0
shrinkage=0.05


Tree=127
num_leaves=15
num_cat=4
split_feature=7 2 8 24 30 6 29 7 30 27 16 29 0 3
split_gain=12.0339 16.9166 15.2395 12.9026 23.5286 16.0079 12.2849 27.4047 12.0056 14.4164 11.4575 12.8049 15.5909 12.907
threshold=21.500000000000004 -14.247751225912618 21.500000000000004 0.56724321969875791 0 -12.499999999999998 1 5.5000000000000009 2 0.048093757119428773 -0.12416666666666386 3 22.010000000000002 1.0000000180025095e-35
decision_type=2 2 8 10 9 10 9 2 9 8 8 9 8 10
left_child=3 2 -2 10 6 -6 7 -5 -3 -10 -1 12 -12 -13
right_child=1 8 -4 4 5 -7 -8 -9 9 -11 11 13 -14 -15
leaf_value=0.00778344478559111 0.082606132569498392 -0.013966910355565779 -0.0096120568757069435 0.054154997824910983 -0.030381425220648375 -0.0018436614202919279 -0.0074971331517734822 -0.014452555741118193 0.075355423367535784 -0.0020402875075206848 0.062285861385555974 -0.012978030820985129 0.0091709624275642266 0.0005435011224841868
leaf_weight=639.57713501434773 9.0707464870065433 332.86551178712398 7.7309042923152473 35.974467873573303 124.82505583576858 80.851893045008183 54.731507059186697 23.431826883926988 5.1231858180835834 345.507976279594 14.019205784425138 185.42686272412539 181.65100127831101 3309.4753843527287
leaf_count=3645 121 5472 96 178 790 466 303 199 84 4333 114 1964 1236 21206
internal_value=-2.63967e-05 -0.00613194 0.0420176 0.000894236 -0.00878139 -0.0183391 0.00924143 0.0234248 -0.0073752 -0.000679036 0.00161072 0.000539164 0.0126316 -0.000176904
internal_weight=5350.26 700.298 16.8017 4649.96 319.815 205.677 114.138 59.4063 683.497 350.631 4330.15 3690.57 195.67 3494.9
internal_count=40207 10106 217 30101 1936 1256 680 377 9889 4417 28165 24520 1350 23170
cat_boundaries=0 2 3 5 6
cat_threshold=557154642 45 32768 1653427280 41 1048581
is_linear=0
shrinkage=0.05


Tree=128
num_leaves=15
num_cat=5
split_feature=7 30 32 28 28 7 7 30 29 29 3 30 28 7
split_gain=11.6558 13.7337 11.0092 10.0546 20.2484 11.2672 14.3458 19.8714 17.024 14.7869 16.375 15.4957 18.6506 17.3998
threshold=38.500000000000007 0 4.5000000000000009 0.16523359956869296 0.1638474556160299 -1.0000000180025095e-35 3.5000000000000004 1 2 3 1.0361628201036666 4 0.39924985273138042 14.500000000000002
decision_type=2 9 10 8 8 2 2 9 9 9 10 9 10 2
left_child=2 -2 3 4 -1 -5 7 -7 -9 11 -11 -8 13 -13
right_child=1 -3 -4 5 -6 6 9 8 -10 10 -12 12 -14 -15
leaf_value=0.0055914010992784667 -0.023991752463229897 0.0028380679702461825 0.014971834678623119 -0.0087607122772800829 0.058307085889317947 -0.0037325641741391552 -0.0095694341177844852 0.016500726570308735 -0.0036312845521685923 0.0014753858518799549 0.032623405642712801 0.010425345614004199 -0.007393875334014509 -0.01033632091177154
leaf_weight=152.50180038157851 95.945725988596678 88.895349381491542 126.54135162383318 365.05209855921566 19.734271757304668 331.95982169173658 764.21620652638376 427.23132158815861 139.34521923214197 1709.9719326421618 42.267285540699959 451.48125250637531 495.40361612662673 129.01306317280978
leaf_count=1376 2019 1396 772 3121 114 1624 6717 1937 593 11637 215 2631 4058 1919
internal_value=2.12e-05 -0.012281 0.000464635 9.66355e-05 0.0119331 -0.000325565 0.000361903 0.00600873 0.0115746 -0.00105179 0.00223218 -0.00416793 -0.00027319 0.00580129
internal_weight=5339.56 184.841 5154.72 5028.18 172.236 4855.94 4490.89 898.536 566.577 3592.35 1752.24 1840.11 1075.9 580.494
internal_count=40129 3415 36714 35942 1490 34452 31331 4154 2530 27177 11852 15325 8608 4550
cat_boundaries=0 2 4 5 6 8
cat_threshold=3263743052 43 585847299 3 8568838 13795460 1126910300 14
is_linear=0
shrinkage=0.05


Tree=129
num_leaves=15
num_cat=1
split_feature=2 32 27 25 24 26 27 28 24 24 24 29 20 56
split_gain=9.98506 9.44932 13.0611 20.8279 10.7852 10.4025 9.30123 13.0452 15.4837 13.8885 22.0244 18.7163 22.3128 16.8598
threshold=379.92945232622219 2.5000000000000004 0.27429162644083599 1.8823715809746087 0.041193574772207961 101.50000000000001 0.93813395428503765 0.59444308113893174 0.61945742383966007 0.44544088245656627 0.44326520632617245 0 -10.199999999999994 1.0000000180025095e-35
decision_type=2 8 10 10 8 2 10 10 10 8 10 9 10 2
left_child=1 2 5 -4 -3 -1 7 8 9 10 -6 12 -11 -14
right_child=-2 4 3 -5 6 -7 -8 -9 -10 11 -12 -13 13 -15
leaf_value=0.038205011785955874 -0.025106656165499449 -0.026056514453952885 -0.03145480688636295 0.022438987933147147 -0.0015294466130717924 -0.020211549309427007 -0.029369527051212947 0.01128107058460821 -0.020337117171214045 0.013506692030351911 -0.043543457952279312 -0.013385798794439198 -0.0084809168550374538 0.0093696027535462283
leaf_weight=51.795611701905727 39.526336435228586 40.0524539379403 31.330913379788399 39.243197882547975 3512.8724057842046 8.2622125484049302 26.418516745790839 236.15865526348352 97.631350342184305 551.2119049532339 30.474376238882542 124.49135245755315 306.43419406469911 231.18346198741347
leaf_count=319 271 684 238 235 27281 60 420 1529 673 3951 211 857 2076 1335
internal_value=-0.000382641 -0.000193108 0.0130356 -0.001592 -0.000530672 0.0299692 -0.000325816 -0.000169346 -0.00072861 -0.000321953 -0.00190297 0.00429297 0.0063889 -0.000801788
internal_weight=5327.09 5287.56 130.632 70.5741 5156.93 60.0578 5116.88 5090.46 4854.3 4756.67 3543.35 1213.32 1088.83 537.618
internal_count=40140 39869 852 473 39017 379 38333 37913 36384 35711 27492 8219 7362 3411
cat_boundaries=0 1
cat_threshold=1613842
is_linear=0
shrinkage=0.05


Tree=130
num_leaves=15
num_cat=4
split_feature=14 56 30 30 27 25 29 25 7 25 25 25 25 29
split_gain=9.8908 10.7481 16.5275 16.2496 27.7829 28.2833 22.7891 28.1609 23.0721 24.8483 21.5853 22.533 20.6336 20.1006
threshold=17.543750000000006 1.0000000180025095e-35 0 1 0.49644783015827598 0.22791592120595935 2 0.37473311261909187 2.5000000000000004 2.2301052977928459 0.41041104709104143 0.56376783533716945 0.61029043832632091 3
decision_type=10 2 9 9 10 10 9 8 2 8 8 8 8 9
left_child=1 3 -3 -1 6 -6 7 13 9 -9 -10 -12 -13 -5
right_child=-2 2 -4 4 5 -7 -8 8 10 -11 11 12 -14 -15
leaf_value=0.0046303349838455491 -0.019533751468802856 -0.0012748167928810664 0.0075588940261859285 0.013355613312149279 0.0047326249454696743 -0.020074959639848022 -0.0094934972655716446 0.037180225112994368 0.030603790228822328 -0.0081617890367649618 -0.021627193239218197 0.037949109025066277 0.0022719978008771636 -0.017176690354856226
leaf_weight=796.55696511920542 62.535034820437431 1075.2414595615119 1031.7518774839118 62.557502495124936 158.58454111963511 412.90758812241256 503.46084791235626 109.57305024564266 67.700921520590782 41.143919371068478 92.871155017055571 42.144592869095504 670.99334629345685 229.5555812632665
leaf_count=6202 404 7367 7230 735 1027 3429 3693 549 436 265 768 302 5627 2260
internal_value=7.68002e-05 0.000312048 0.00308222 -0.00151916 -0.00357293 -0.0131948 -0.000565628 0.00290313 0.0068299 0.0248302 0.00369998 0.00140506 0.00443061 -0.0107451
internal_weight=5357.58 5295.04 2106.99 3188.05 2391.49 571.492 1820 1316.54 1024.43 150.717 873.71 806.009 713.138 292.113
internal_count=40294 39890 14597 25293 19091 4456 14635 10942 7947 814 7133 6697 5929 2995
cat_boundaries=0 2 4 5 6
cat_threshold=3332440343 15 3333431381 20 5817348 1049604
is_linear=0
shrinkage=0.05


Tree=131
num_leaves=15
num_cat=4
split_feature=15 30 25 29 7 25 32 2 1 4 7 30 30 20
split_gain=10.9251 15.0885 16.6443 12.4255 10.6065 13.4837 11.6779 13.3607 13.1491 10.755 10.4236 10.2 9.70412 13.3819
threshold=10.923824343909015 0 3.7103370434251914 1 4.5000000000000009 2.8649624185790206 4.5000000000000009 24.146995429895295 1.3465463108320253 -37.245667591116153 23.500000000000004 2 3 12.215000000000002
decision_type=8 9 10 9 2 8 8 2 10 8 2 9 9 10
left_child=12 -2 4 -4 5 6 7 11 -8 -6 -5 -3 13 -1
right_child=1 2 3 10 9 -7 8 -9 -10 -11 -12 -13 -14 -15
leaf_value=0.006249633683096111 -0.012859954893271564 -0.007900376272454282 -0.010228100011807932 0.048288946683599399 -0.04081363425556734 -0.035271526855574602 0.0036895047916480463 -0.039739411519165609 0.049052368092288516 -0.0049400538197427318 0.001965353476691595 0.016693187824980856 -0.00052242617215913102 -0.0094414969681079729
leaf_weight=1296.1748205628246 337.20560779329389 65.845005251467228 24.536236910149455 41.63193853572011 20.663049428723752 17.457825750112534 30.95261699706316 16.054885478690267 32.404338389635086 611.17420865781605 17.102969765663147 89.795883497223258 2591.5072004953399 150.88467625342309
leaf_count=8598 3079 413 200 279 175 90 145 99 161 6663 236 501 18439 1127
internal_value=3.01115e-05 -0.00394563 -0.000689129 0.020538 -0.00271662 0.0059294 0.00912593 0.00230318 0.0272923 -0.00617587 0.0300313 0.00686602 0.0013153 0.00457653
internal_weight=5343.39 1304.82 967.619 83.2711 884.348 252.511 235.053 171.696 63.357 631.837 58.7349 155.641 4038.57 1447.06
internal_count=40205 12041 8962 715 8247 1409 1319 1013 306 6838 515 914 28164 9725
cat_boundaries=0 2 3 5 7
cat_threshold=2701145371 17 4198400 1082427456 34 2737909855 21
is_linear=0
shrinkage=0.05


Tree=132
num_leaves=15
num_cat=3
split_feature=11 10 30 30 15 19 26 8 3 24 2 7 8 29
split_gain=10.0039 13.4127 26.8087 17.999 11.0344 10.8746 10.4506 10.9677 18.1386 10.4359 10.3032 16.1715 19.6464 11.7796
threshold=5.7959361554340338 1.0000000180025095e-35 0 1 0.11259822840466806 94.925000000000011 61.500000000000007 16.500000000000004 0.59699676674575419 0.44395905811908615 -2.2245267493924743 27.500000000000004 44.500000000000007 2
decision_type=2 2 9 9 10 10 2 8 8 10 2 2 8 9
left_child=1 2 6 9 5 -4 -1 -8 -9 -3 11 13 -13 -2
right_child=10 3 4 -5 -6 -7 7 8 -10 -11 -12 12 -14 -15
leaf_value=-0.013432499221223554 0.014309542596206499 -0.01888072586366004 -0.010571058365988394 0.0034260057647078077 -0.024347411036540121 0.039856978808764161 -0.0035541390804647794 0.064321893620425036 0.010013483287915764 0.004815036886969438 0.00089758614335842661 0.091964273743702432 -0.026465710642483261 -0.014065885794648614
leaf_weight=37.531121116131544 145.12497782707214 170.15298935305327 164.24384177941829 847.23218754585832 212.46593450568616 10.454439289867876 40.709738062694669 22.893254872411489 44.435754254460335 63.30072518158704 3524.2684977166355 11.401052286848424 4.3567098453640929 39.493874382227659
leaf_count=260 934 1433 1369 6459 1325 65 297 141 232 402 26811 135 56 240
internal_value=0.000101814 -0.00318576 -0.00967071 1.70346e-05 -0.0162938 -0.00734363 0.00846918 0.0169076 0.0291506 -0.0119527 0.00152638 0.0125264 0.0595953 0.00820949
internal_weight=5338.07 1613.42 532.734 1080.69 387.164 174.698 145.57 108.039 67.329 233.454 3724.65 200.377 15.7578 184.619
internal_count=40159 11983 3689 8294 2759 1434 930 670 373 1835 28176 1365 191 1174
cat_boundaries=0 2 4 5
cat_threshold=2157227266 16 9545734 19 577536
is_linear=0
shrinkage=0.05


Tree=133
num_leaves=15
num_cat=4
split_feature=28 4 24 7 30 11 3 7 30 28 30 30 4 26
split_gain=10.1644 14.1447 11.4724 10.7316 11.892 11.8758 12.4615 21.0113 26.6799 29.4797 18.7676 18.6993 17.2009 15.685
threshold=0.12575265367250066 -0.28942514796427904 0.041193574772207961 41.500000000000007 0 6.8080454326358764 0.70658317009188221 14.500000000000002 1 0.23902179009124289 2 3 5.2558698340078145 1427.5000000000002
decision_type=8 8 8 2 9 2 8 2 9 8 9 9 8 2
left_child=1 -1 -2 5 -5 6 7 11 9 -9 -8 12 13 -4
right_child=2 -3 3 4 -6 -7 10 8 -10 -11 -12 -13 -14 -15
leaf_value=0.059403724023903849 -0.032722756228919625 0.0066062818259686479 -0.017208634494031955 -0.027350027663321782 0.0014958010931825849 0.0036808161963567832 -0.014096154913494899 0.069203542874891319 -0.015119442589077034 0.00069843402556335216 -0.00095720335505360642 0.0071182492561437452 0.0097202510935531367 0.0046974855243050694
leaf_weight=15.52293124143034 25.846019283868372 55.997592668049037 251.26911305822432 63.169077251106501 74.973850329406559 1804.5296949222684 398.49279125407338 19.289660707116127 336.20024116151035 69.580811524763703 828.31416274979711 1132.1407363880426 153.61988738365471 120.32899208925664
leaf_count=138 459 669 1789 1390 1250 12308 2644 291 4722 1110 5051 6744 951 738
internal_value=0.000135058 0.0187266 -0.000120383 4.62612e-05 -0.0136545 0.00041897 -0.00136029 0.000994887 -0.00890946 0.014553 -0.00535562 0.00353894 -0.00423022 -0.0101215
internal_weight=5349.28 71.5205 5277.76 5251.91 138.143 5113.77 3309.24 2082.43 425.071 88.8705 1226.81 1657.36 525.218 371.598
internal_count=40254 807 39447 38988 2640 36348 24040 16345 6123 1401 7695 10222 3478 2527
cat_boundaries=0 2 4 6 8
cat_threshold=1116521482 50 20677132 34 11661587 19 21595148 7
is_linear=0
shrinkage=0.05


Tree=134
num_leaves=15
num_cat=4
split_feature=27 16 7 24 30 25 30 14 7 7 30 30 24 28
split_gain=9.66017 8.51247 14.22 13.4396 16.2778 15.4132 14.9389 12.5871 11.7193 22.0498 29.1717 14.262 13.8377 14.496
threshold=0.93813395428503765 -0.12416666666666386 28.500000000000004 0.4888976020403169 0 4.2899903783145215 1 12.252500000000001 1.5000000000000002 2.5000000000000004 2 3 0.84825440194292667 0.58750732312149179
decision_type=10 8 2 10 9 10 9 10 2 2 9 9 10 10
left_child=1 2 3 4 5 -1 -5 8 11 10 -10 -3 13 -11
right_child=-2 7 -4 6 -6 -7 -8 -9 9 12 -12 -13 -14 -15
leaf_value=0.01809753699961562 -0.029493855847182133 -0.01612761388280325 -0.028582056079564079 -0.030728747463392353 0.0029788537937031887 0.078614041921430525 0.0054947864161825864 -0.021027383567705428 -0.011240647153733126 0.00011397008527165942 0.023300968943798784 0.0020666714757080918 -0.028305040616652 0.015066299467386463
leaf_weight=235.47324846498668 24.845403207466006 207.76195463724434 27.221664504148066 34.187625166028738 332.38553528487682 10.141880152747033 73.432391586713493 66.771067691966891 78.806959345936775 3611.9273493606597 219.33925519511104 213.85843945480883 40.327336236834526 168.71190228872001
leaf_count=1382 416 1789 421 270 1856 59 434 438 352 28967 1005 1505 180 1188
internal_value=0.00100127 0.00114919 0.00622985 0.00765163 0.0106708 0.0200904 -0.00851244 0.000361965 0.000681054 0.00149427 0.0145669 -0.00724858 0.00047068 0.000785029
internal_weight=5345.19 5320.35 712.842 685.621 578.001 245.615 107.62 4607.5 4540.73 4119.11 298.146 421.62 3820.97 3780.64
internal_count=40262 39846 4422 4001 3297 1441 704 35424 34986 31692 1357 3294 30335 30155
cat_boundaries=0 2 4 6 8
cat_threshold=1611489872 49 34079234 24 579888128 33 2702023170 27
is_linear=0
shrinkage=0.05


Tree=135
num_leaves=15
num_cat=4
split_feature=0 30 2 30 11 8 7 30 2 29 4 25 54 10
split_gain=11.8868 26.9578 14.2117 14.5996 13.1166 12.2054 12.8421 18.615 22.1917 19.0218 17.9883 12.8205 11.9848 11.2395
threshold=97.00500000000001 0 93.138845332520575 1 5.7959361554340338 -2.4999999999999996 11.500000000000002 2 -11.967685807878729 3 47.041565357050679 0.31025779258586883 67.500000000000014 16.500000000000004
decision_type=10 9 2 9 2 8 2 9 2 9 8 10 10 2
left_child=2 -2 5 -4 -5 -1 13 9 -9 10 -8 12 -10 -7
right_child=1 -3 3 4 -6 6 7 8 11 -11 -12 -13 -14 -15
leaf_value=0.01932681586367567 0.0073076175258149348 -0.017935027712377698 -0.023429448688884608 -0.034695610702173828 0.0031195109405967279 0.0035854500600956754 -0.034308853649593005 0.049984459035432513 -0.016101007735138142 -0.0013692075533893997 -0.006752033682951776 0.0027987458433492898 0.062313848811510281 -0.0056812932865627124
leaf_weight=89.034026920795441 168.09483969397843 260.60555970296264 110.64525822177529 25.081917852163315 188.93820740561932 2767.3344061803073 128.90972645673901 21.740664709359407 141.56213465519249 268.43398215062916 109.93861422687769 681.71674907300621 4.0767565332353106 370.1696446724236
leaf_count=569 1045 1821 745 159 1271 15138 2459 220 2233 2984 1631 7578 41 2350
internal_value=-0.000316312 -0.00829065 0.000381831 -0.00971087 -0.00138838 0.00109879 0.000733428 -0.00333019 0.00124217 -0.0107832 -0.0208371 -8.24418e-05 -0.013496 0.00249068
internal_weight=5336.28 428.7 4907.58 324.665 214.02 4582.92 4493.88 1356.38 849.096 507.282 238.848 827.356 145.639 3137.5
internal_count=40244 2866 37378 2175 1430 35203 34634 17146 10072 7074 4090 9852 2274 17488
cat_boundaries=0 2 4 6 7
cat_threshold=1627686928 13 2717959256 42 15535435 12 8560644
is_linear=0
shrinkage=0.05


Tree=136
num_leaves=15
num_cat=4
split_feature=21 5 0 28 30 22 30 0 19 25 3 29 30 21
split_gain=11.5418 15.3351 14.2454 16.3351 18.6335 15.7156 18.7886 14.1653 13.7974 20.0718 20.0174 12.6536 16.6082 12.4069
threshold=0.95678549302372906 0.016622807017543862 87.695000000000007 0.24940367255737442 0 0.35500000000000004 1 99.010000000000005 55.810000000000009 6.7784456771134973 0.92754665202581132 2 3 0.94199272119313504
decision_type=8 10 10 8 9 8 9 10 8 10 10 9 9 10
left_child=1 -1 5 -4 -5 6 -2 -6 9 10 11 -7 -13 -3
right_child=2 13 3 4 7 8 -8 -9 -10 -11 -12 12 -14 -15
leaf_value=-0.02970175151144723 -0.0033704844389880993 0.0027228190033156624 0.0195629618792275 0.0022518779676784268 -0.0088030374903684174 0.012190896176620367 0.029738744558947636 -0.029891183067854012 0.0025047956324511034 0.058350158134004619 0.06338667829523964 0.0056801622457076954 -0.016216897867096777 -0.040267827052876522
leaf_weight=71.634795995429158 75.15724790468812 147.8853365778923 62.517597310245037 349.6487571503967 408.9684962965548 58.216195860877633 95.598196998238564 98.408492838963866 3435.7622081981972 10.88792411983013 8.8388009686022979 110.33635579608381 370.50733881816268 17.917604230344296
leaf_count=1408 507 1283 392 2143 2123 879 630 844 23700 102 64 1181 4753 178
internal_value=0.000208915 -0.0105426 0.000712935 -0.00491631 -0.00672272 0.00195654 0.0167663 -0.0126942 0.00131943 -0.00596037 -0.00734234 -0.00861728 -0.0111776 -0.00213655
internal_weight=5322.29 237.438 5084.85 919.543 857.026 4165.3 170.755 507.377 3994.55 558.787 547.899 539.06 480.844 165.803
internal_count=40187 2869 37318 5502 5110 31816 1137 2967 30679 6979 6877 6813 5934 1461
cat_boundaries=0 2 4 5 7
cat_threshold=1628182592 13 66083848 24 8392706 1644176644 16
is_linear=0
shrinkage=0.05


Tree=137
num_leaves=15
num_cat=4
split_feature=0 30 22 23 24 29 30 23 28 30 55 6 18 56
split_gain=9.54169 16.3777 16.8747 9.6335 17.7164 17.4886 15.8614 14.9319 14.5075 13.3706 11.6823 11.6382 11.3351 11.5664
threshold=98.145000000000024 0 3.9300000000000002 1.5125000000000002 0.44565863267431644 1 2 0.45250000000000018 0.38759937790261517 3 13.500000000000002 -82.499999999999986 -0.080000000000001389 6.5000000000000009
decision_type=10 9 10 10 10 9 9 10 10 9 8 8 10 2
left_child=3 -2 -3 7 5 11 -6 -1 12 -9 -10 -5 13 -7
right_child=1 2 -4 4 6 8 -8 9 10 -11 -12 -13 -14 -15
leaf_value=0.00088965030558040481 0.0059824300467949537 -0.022250083807699033 0.028236065900925346 0.041117778770048824 0.025375616774489896 -0.0007750248011200089 -0.0069620566721684254 0.034626252514964179 0.02696511877917921 -0.0017202255241757398 -0.038329263856954558 -0.032160177490868296 -0.013071627978204967 0.03765085210436557
leaf_weight=4463.2968640001491 124.40893808566034 177.53608326986432 17.389859043061733 4.846907913684845 58.312207303009927 39.216834645718336 78.689294369891286 51.571030890569091 7.6644206829369068 49.299173045903444 35.737588349729776 118.18682950362563 44.289248513989151 38.038923714309931
leaf_count=32612 809 1394 107 36 567 566 685 362 40 369 265 1631 454 204
internal_value=0.000114017 -0.00825109 -0.0167691 0.000650979 -0.0065403 -0.0135665 0.00822033 0.00132187 -0.00186313 0.02025 -0.0264512 -0.0268041 0.0069091 0.0183843
internal_weight=5308.48 319.335 194.926 4989.15 424.982 287.981 137.002 4564.17 164.947 100.87 43.402 123.034 121.545 77.2558
internal_count=40101 2310 1501 37791 4448 3196 1252 33343 1529 731 305 1667 1224 770
cat_boundaries=0 2 3 5 7
cat_threshold=1633949776 13 573440 545786896 8 1083180106 50
is_linear=0
shrinkage=0.05


Tree=138
num_leaves=15
num_cat=4
split_feature=54 30 28 24 24 27 30 56 27 30 10 30 14 6
split_gain=10.0577 16.5466 13.3042 9.86446 19.2377 25.6731 21.1331 20.8348 20.1327 24.0875 19.6725 20.6758 23.3242 19.3508
threshold=82.500000000000014 0 0.23902179009124289 0.40535978278548251 0.41978489436355487 0.44994984235128149 1 1.0000000180025095e-35 0.4627877730826333 2 10.500000000000002 3 4.4987500000000002 -36.499999999999993
decision_type=10 9 10 8 8 8 9 2 8 9 2 9 8 8
left_child=3 2 -2 -1 7 6 -6 -5 9 -7 11 -10 -13 -14
right_child=1 -3 -4 4 5 8 -8 -9 10 -11 -12 12 13 -15
leaf_value=-0.0028209308973196658 0.070215527740892833 -0.0053471819876123299 0.017335916518760663 0.030788986569882257 0.0003935518249699512 0.039067503692506944 -0.02276293512638855 0.00013754695968210405 0.014723870311325125 -0.0062667656347024248 -0.01574903839362481 -0.016116573482818825 0.022638344143280142 0.00012283412018030638
leaf_weight=3165.9076434075832 18.547638438642025 60.01085209287703 32.806323360651731 110.39322488196194 202.50150563195348 67.116074638441205 189.33384480047971 110.3920254278928 291.14075144007802 48.730626398697495 149.69727667607367 186.25942411273718 112.55142985284328 597.95895002409816
leaf_count=25394 137 456 215 695 1458 426 1383 631 1904 343 1132 1173 597 4267
internal_value=-0.000749735 0.0140516 0.0314112 -0.00106741 0.00161962 -5.26068e-05 -0.0113945 0.0155331 0.00301077 0.0229145 0.00127114 0.00342742 -0.000411769 0.0037163
internal_weight=5343.35 111.365 51.354 5231.98 2066.08 1845.29 391.835 220.785 1453.45 115.847 1337.61 1187.91 896.77 710.51
internal_count=40211 808 352 39403 14009 12683 2841 1326 9842 769 9073 7941 6037 4864
cat_boundaries=0 2 4 6 7
cat_threshold=43025412 25 3768144456 36 2163744852 9 571652866
is_linear=0
shrinkage=0.05


Tree=139
num_leaves=15
num_cat=2
split_feature=7 29 18 26 0 5 28 20 3 28 28 23 31 29
split_gain=10.7487 23.7123 18.2911 17.6309 18.7057 23.1179 17.2804 14.2214 20.2726 12.9745 12.7409 12.6981 12.9971 19.6964
threshold=6.5000000000000009 0 21.708750000000006 100.50000000000001 87.695000000000007 0.0098270140664961647 0.60554932322291211 -9.5074999999999967 0.65988566708307861 0.30525248444956837 0.54777579259034459 7.402916666666667 2.5000000000000004 1
decision_type=2 9 10 2 10 8 10 10 10 8 8 10 2 9
left_child=3 2 -2 11 5 -5 10 8 -3 -6 -7 12 -1 -14
right_child=1 7 -4 4 9 6 -8 -9 -10 -11 -12 -13 13 -15
leaf_value=0.0038098345437615126 0.001212975435862503 -0.00079866621006110009 0.057349920853256242 -0.019629165118540029 0.018773971218916635 0.01186452286707435 0.053186284996992822 -0.018784932402468552 -0.019092861628868956 -0.0033495701639055771 -0.018461806318136108 -0.047781830746284469 0.00022506210650166024 -0.01921083031362877
leaf_weight=469.58334206417203 1509.5498403925449 668.15956753771752 13.652260141447185 61.59927621204406 73.294658124446869 857.51617291104048 23.611640308052301 235.99821821134537 194.84961057826877 612.7734233122319 35.22336608171463 14.568054182454942 335.09161488711834 206.07107726112008
leaf_count=2479 12572 8430 100 384 417 4213 146 3384 1595 3567 159 111 1472 1073
internal_value=-3.01454e-05 -0.00230755 0.00174199 0.00219045 0.00536708 0.00980373 0.0118015 -0.00786099 -0.00494643 -0.000962163 0.0106487 -0.00296522 -0.00227268 -0.00754796
internal_weight=5311.54 2622.21 1523.2 2689.33 1664.02 977.95 916.351 1099.01 863.009 686.068 892.74 1025.31 1010.75 541.163
internal_count=40102 26081 12672 14021 8886 4902 4518 13409 10025 3984 4372 5135 5024 2545
cat_boundaries=0 1 2
cat_threshold=4748562 700423
is_linear=0
shrinkage=0.05


Tree=140
num_leaves=15
num_cat=5
split_feature=14 30 10 30 30 28 28 30 27 27 30 24 24 5
split_gain=9.34488 12.6064 9.98983 17.8915 13.2617 16.7966 36.9536 16.1852 14.0492 18.9719 17.4377 23.7401 15.8059 14.793
threshold=12.252500000000001 0 1.0000000180025095e-35 1 2 0.52307241608944577 0.48734899226015527 3 0.31852008328556464 0.32585119432836368 4 0.61668347489802866 0.37035489647429948 0.50919821428571443
decision_type=10 9 2 9 9 10 10 9 10 10 9 10 10 10
left_child=2 -2 3 -1 -4 6 8 -8 12 -10 11 -11 -6 -13
right_child=1 -3 4 -5 5 -7 7 -9 9 10 -12 13 -14 -15
leaf_value=0.0034210110390165875 0.0058290136127823675 -0.023618733240881064 -0.0025038638507899622 -0.0070477285348109322 0.0014961213293069866 0.018952652882141267 0.019191603503974003 -0.031827436962472241 0.032076750152302234 0.019300069052616123 0.0010705079112818844 -0.045822683318591011 -0.025430315722713759 0.03876456171945223
leaf_weight=662.24241398181766 57.916140900924802 83.32454293128103 1218.2579569080845 1036.3907994581386 881.33567961491644 171.77018533274531 14.071399521082638 90.787093636579812 76.531289018690586 322.875483145006 608.98631156887859 22.523454401642088 57.088546836748719 5.7965928558260194
leaf_count=4480 358 567 9536 7503 7830 1139 95 749 472 2142 4413 235 543 52
internal_value=-0.000195197 -0.0128382 0.000152707 -0.00298803 0.00169057 0.00395352 0.00272535 -0.026058 0.00426585 0.00827496 0.00634644 0.0150095 -0.000167261 -0.0277776
internal_weight=5309.9 141.241 5168.66 1698.63 3470.02 2251.77 2080 104.858 1975.14 1036.71 960.182 351.196 938.424 28.32
internal_count=40114 925 39189 11983 27206 17670 16531 844 15687 7314 6842 2429 8373 287
cat_boundaries=0 2 4 6 8 10
cat_threshold=9469972 40 2161481234 8 619160834 10 50331652 16 18354756 21
is_linear=0
shrinkage=0.05


Tree=141
num_leaves=15
num_cat=6
split_feature=0 30 18 20 23 32 10 30 21 30 30 26 29 30
split_gain=8.36392 12.001 10.6223 13.5535 10.3226 9.41959 11.5845 16.156 12.5966 20.1714 12.5433 15.7373 16.7208 24.9897
threshold=99.135000000000005 0 -1.3499999999999981 14.007500000000002 3.9220833333333336 4.5000000000000009 1.0000000180025095e-35 1 1.0042117419142205 2 3 1329.0000000000002 4 5
decision_type=10 9 10 8 10 10 2 9 8 9 9 2 9 9
left_child=5 2 3 -2 -3 6 7 -1 9 -8 11 12 13 -10
right_child=1 4 -4 -5 -6 -7 8 -9 10 -11 -12 -13 -14 -15
leaf_value=0.0021388600719553642 -0.0055811444281471468 -0.025037892997322925 -0.014707641078199319 0.04862968064860769 0.025356235953981489 0.013971901240802515 -0.020245283486869412 -0.0079524779635831953 -0.02648476101562644 0.0074248276634780513 0.00098975563534197037 0.023449515958127568 0.013052949702372196 0.0050172824452094939
leaf_weight=738.65749150793999 22.319462265819311 108.68888896331191 33.468542207032442 22.448805034160614 10.398257540538905 127.61580163799226 143.89008388947695 841.1031490964815 74.723454118706286 109.66709381714463 2420.7251297887415 141.38992848806083 300.76428777910769 229.45882146526128
leaf_count=5013 180 984 246 160 74 817 1886 6168 830 1247 17625 890 2068 2029
internal_value=0.000221802 -0.00985334 0.00563901 0.0220712 -0.0188901 0.000611337 0.000267633 -0.00327242 0.00190303 -0.00879905 0.00276236 0.00837739 0.00496005 -0.00337556
internal_weight=5325.32 197.324 78.2368 44.7683 119.087 5128 5000.38 1579.76 3420.62 253.557 3167.06 746.336 604.947 304.182
internal_count=40217 1644 586 340 1058 38573 37756 11181 26575 3133 23442 5817 4927 2859
cat_boundaries=0 2 4 6 8 9 10
cat_threshold=1631926336 35 2764354142 40 1183617046 8 2182824005 20 9602068 524288
is_linear=0
shrinkage=0.05


Tree=142
num_leaves=15
num_cat=3
split_feature=32 31 25 7 16 10 25 10 30 10 30 30 28 21
split_gain=7.70095 17.4426 9.80252 13.8537 9.19552 7.86353 7.54199 7.44893 11.364 10.5243 14.6401 13.0585 14.9939 15.6695
threshold=2.5000000000000004 1.5000000000000002 1.1639526716692974 4.5000000000000009 33.63750000000001 13.500000000000002 18.628299229042973 22.500000000000004 0 1.0000000180025095e-35 1 2 0.1855323782497191 0.48049431009957333
decision_type=8 2 10 2 10 2 10 2 9 2 9 9 10 10
left_child=1 5 3 -3 6 -1 7 9 -9 10 -2 12 13 -11
right_child=4 2 -4 -5 -6 -7 -8 8 -10 11 -12 -13 -14 -15
leaf_value=0.048026322821848218 0.0054598502052307244 0.036699163795090382 0.011623819950317357 -0.040181984874301239 -0.025439458583413996 0.00084043251411979785 -0.046569744987689295 -0.02172162690888561 -0.00083319665102856658 0.031028715935448543 -0.0051414432670100286 0.0045284399039207208 -0.0044847936888282236 -0.01639360155898947
leaf_weight=34.908146949484944 428.54251398332417 6.7348369359970119 53.326366299763322 24.732063641771674 34.291833044961095 11.756230950355528 7.6164202895015469 83.554811315611005 224.86124968063086 59.957434438169003 1262.6348528722301 2206.9260871363804 858.26405302900821 23.655614444054663
leaf_count=192 2997 30 340 224 239 64 78 672 1950 470 8927 17183 6593 325
internal_value=0.000299851 0.0122049 -0.00138267 -0.0231036 -3.96783e-06 0.0364057 0.0001701 0.000248276 -0.00727307 0.000728959 -0.00245157 0.00243741 -0.00248341 0.0175769
internal_weight=5321.76 131.458 84.7933 31.4669 5190.3 46.6644 5156.01 5148.4 308.416 4839.98 1691.18 3148.8 941.877 83.613
internal_count=40284 850 594 254 39434 256 39195 39117 2622 36495 11924 24571 7388 795
cat_boundaries=0 2 4 6
cat_threshold=1637877762 48 2222294082 32 1212519954 10
is_linear=0
shrinkage=0.05


Tree=143
num_leaves=15
num_cat=4
split_feature=5 3 30 4 30 22 21 8 6 18 30 22 7 29
split_gain=10.0617 9.50889 16.8693 17.1479 15.9994 11.613 11.8305 11.5997 11.2568 14.0715 13.3439 10.9003 11.7597 10.6806
threshold=1.0976450000000002 0.56136794243371979 0 -6.5369653787440845 1 -0.5083333333333333 1.0265841818058743 -2.4999999999999996 -31.499999999999996 -2.7587500000000014 2 9.4866666666666664 3.5000000000000004 3
decision_type=10 8 9 10 9 8 8 8 8 10 9 10 2 9
left_child=1 4 3 -3 5 -1 -7 -6 10 -10 -5 -4 -13 -9
right_child=-2 2 11 8 7 6 -8 13 9 -11 -12 12 -14 -15
leaf_value=0.024509413961675719 -0.02738076065951553 -0.0020915606676019049 -0.0064650566534445522 0.015602519785229677 0.023809962751905778 -0.017181751054331267 0.0079106400247748506 0.0063630998658491386 6.4064111545133483e-05 0.022212338158304409 -0.0087769430320989873 0.060662847239531817 0.00021191207599236474 -0.003061037620043255
leaf_weight=97.462566941976547 31.668008970096707 894.28033330757171 1273.0980462711304 78.556804142892361 48.064419440925121 49.47671905439347 688.90062600187957 382.09705317765474 106.18666745349765 219.93206215277314 139.39142447710037 11.522043331526218 22.521719865500927 1270.4191755056381
leaf_count=625 652 5568 7955 454 335 791 5720 2917 636 1305 816 75 179 12197
internal_value=0.000282752 0.000453761 -0.00158509 0.00215206 0.00266042 0.0082702 0.0062083 -0.000147778 0.00915781 0.0150229 0.000353211 -0.00566897 0.0218186 -0.000859475
internal_weight=5313.58 5281.91 2745.49 1438.35 2536.42 835.84 738.377 1700.58 544.067 326.119 217.948 1307.14 34.0438 1652.52
internal_count=40225 39573 16988 8779 22585 7136 6511 15449 3211 1941 1270 8209 254 15114
cat_boundaries=0 2 4 6 7
cat_threshold=2513180492 41 3862028307 21 21234692 33 9966866
is_linear=0
shrinkage=0.05


Tree=144
num_leaves=15
num_cat=2
split_feature=14 14 8 27 15 27 27 13 26 30 27 25 25 30
split_gain=9.74719 8.09944 7.77094 15.5284 12.3294 9.23868 25.7001 18.081 14.9603 14.4655 17.894 14.2916 31.8434 14.5965
threshold=-20.937499999999996 17.543750000000006 -2.4999999999999996 0.52838817491855194 0.71463625421837318 0.31852008328556464 0.32303265721064284 22.010000000000002 3085.5000000000005 0 0.25026849347173458 0.30632247855230305 0.32527290414789961 1
decision_type=8 10 8 10 8 8 8 10 2 9 10 10 10 9
left_child=-1 2 3 4 -2 7 -7 8 9 10 -4 -8 -13 -14
right_child=1 -3 5 -5 -6 6 11 -9 -10 -11 -12 12 13 -15
leaf_value=-0.052564128407245274 0.048638023552065007 -0.017738686722714427 -0.0036891512564574285 0.077411136714552367 -0.00055918478341496854 0.027352725497716543 0.0072329879502837091 0.039149889358590068 0.06661792192075279 -0.00047109817533313178 -0.021848648582343495 -0.06153483447764705 0.0038862089863053654 -0.0035177054457634447
leaf_weight=7.8175476379692554 14.356602925807238 62.233367783948779 364.5512664411217 7.8584452942013732 74.470451451838017 92.246033856645226 678.6073753349483 23.975275039672852 6.5277393441647282 1044.9562981408089 215.54233277309686 20.461941322311759 1142.5704547781497 1563.2680758507922
leaf_count=46 92 409 3600 47 474 545 5059 147 39 8871 1988 204 7530 11166
internal_value=-3.79601e-05 4.92265e-05 0.000263447 0.014234 0.00784522 -1.40794e-06 0.00145525 -0.00307743 -0.00372154 -0.00404489 -0.0102856 0.000745804 -0.00087099 -0.000389678
internal_weight=5319.44 5311.63 5249.39 96.6855 88.8271 5152.71 3497.15 1655.55 1631.58 1625.05 580.094 3404.91 2726.3 2705.84
internal_count=40217 40171 39762 613 566 39149 24504 14645 14498 14459 5588 23959 18900 18696
cat_boundaries=0 2 4
cat_threshold=1645919040 56 574274625 49
is_linear=0
shrinkage=0.05


Tree=145
num_leaves=15
num_cat=1
split_feature=19 23 23 23 21 56 22 30 33 54 3 28 27 26
split_gain=7.24276 15.1496 14.7538 12.7575 12.5508 18.4624 12.139 10.1895 10.1614 10.6511 10.4104 9.80311 17.2685 17.6531
threshold=98.250000000000014 1.5125000000000002 0.40458333333333346 1.9038888888888892 1.0361849426163536 6.5000000000000009 3.8200000000000007 0 0.70000000000000007 28.500000000000004 0.62462959621728587 0.27447851702447779 0.36834261045384109 184.50000000000003
decision_type=10 10 10 8 10 2 10 9 2 10 8 8 10 2
left_child=1 2 6 -2 -3 -6 11 -4 -5 10 -10 12 -1 -14
right_child=3 4 7 8 5 -7 -8 -9 9 -11 -12 -13 13 -15
leaf_value=0.0023454827462463337 -0.013307549181526216 -0.018844996029372209 -0.0063203795704553437 0.059206445296469762 -0.018433328949057522 0.027636935683919107 -0.041608700815112067 0.026194391007519847 -0.011370062260352948 0.051393666998956915 0.012652530990998485 -0.0012632941955522451 0.012956177292636093 0.066892321710105604
leaf_weight=820.5478509683162 62.248025491833687 193.09413878712803 33.586820665746927 9.804111070930956 43.480657387524843 41.578583832830191 16.692368444055319 76.975366784259677 57.435584153980017 13.475212540477512 198.35722247883677 3661.3637008918449 63.057298765517771 19.281698901206255
leaf_count=7068 382 2756 245 65 530 233 166 540 447 71 1038 26069 456 116
internal_value=-2.40193e-05 -0.00050848 0.000164818 0.00701065 -0.0118246 0.00414616 -0.000272645 0.0181303 0.011574 0.00962708 0.00723524 -0.00011239 0.00455096 0.0262377
internal_weight=5310.98 4969.66 4691.51 341.32 278.153 85.0592 4580.94 110.562 279.072 269.268 255.793 4564.25 902.887 82.339
internal_count=40182 38179 34660 2003 3519 763 33875 785 1621 1556 1485 33709 7640 572
cat_boundaries=0 2
cat_threshold=2185793552 9
is_linear=0
shrinkage=0.05


Tree=146
num_leaves=15
num_cat=3
split_feature=2 30 2 29 11 32 26 26 24 0 1 28 30 20
split_gain=9.09687 13.0985 9.86954 8.84145 10.3877 9.28726 8.70329 11.9742 12.48 10.8588 10.6116 8.60168 8.47392 8.31929
threshold=56.535349601938385 0 54.476776616434606 1 5.7762891481427348 2.5000000000000004 190.50000000000003 71.500000000000014 0.15217592916675735 65.580000000000013 1.0402020202020206 0.24540429334335073 2 -34.479999999999997
decision_type=2 9 2 9 2 10 2 2 10 8 10 10 9 8
left_child=2 -2 -1 4 -3 -6 7 9 -9 13 -10 -12 -8 -7
right_child=1 3 -4 -5 5 6 12 8 10 -11 11 -13 -14 -15
leaf_value=0.00034194570375692222 -0.019740022005700436 -0.018680786724050765 0.038188630290258138 -0.01461950003208428 0.041290833618895142 0.00047937967671629465 0.0052809460924020035 -0.022387794764910839 0.013390870773752029 -0.0032471961399602001 0.10027025559088554 0.03298202387227072 -0.023214078964409714 0.072712233555397771
leaf_weight=4744.5887780599296 125.69747446663678 49.763489392586052 16.288787510246038 91.978811793029308 16.387784946709871 7.2124055922031403 51.923792583867908 8.2264821100980026 17.581864908337593 114.94260304234922 9.4235132858157176 11.496415749192236 38.756690494716167 7.9483792558312398
leaf_count=36487 850 329 97 555 104 58 326 70 153 753 65 69 243 56
internal_value=-0.000225165 -0.00629923 0.000479426 -0.00178843 0.00210232 0.00587187 0.00355641 0.00999652 0.0314194 0.00212127 0.0431918 0.066484 -0.0089742 0.0405051
internal_weight=5312.22 551.34 4760.88 425.642 333.663 283.9 267.512 176.832 46.7283 130.103 38.5018 20.9199 90.6805 15.1608
internal_count=40215 3631 36584 2781 2226 1897 1793 1224 357 867 287 134 569 114
cat_boundaries=0 2 3 5
cat_threshold=2684626000 50 189701 8931336 8
is_linear=0
shrinkage=0.05


Tree=147
num_leaves=15
num_cat=2
split_feature=32 24 7 0 8 30 25 18 15 25 25 30 21 26
split_gain=11.2251 16.1035 12.3793 20.6669 14.1 13.9535 11.656 11.3025 10.735 22.7462 26.6384 27.2088 15.2966 13.3412
threshold=5.5000000000000009 0.076383709871162594 3.5000000000000004 94.010000000000005 96.500000000000014 0 1.0930348106329257 -1.1999999999999982 10.923824343909015 0.58138184288967831 0.59749204264182121 1 1.0731964110095558 117.50000000000001
decision_type=8 8 2 10 8 9 8 8 8 10 10 9 10 2
left_child=8 -2 6 4 5 -4 7 -3 -1 12 -11 -12 -10 -13
right_child=1 2 3 -5 -6 -7 -8 -9 9 10 11 13 -14 -15
leaf_value=-1.1464686240544049e-05 -0.040675763068645593 -0.0092915651703117021 -0.013236758589705966 -0.053431327932395328 0.048112920928921867 0.010448436949990172 -0.014978493035509284 0.037426259432906943 -0.018066711262195816 0.080070779539711465 -0.014530700688265683 0.00038451397929444665 0.027477662756709577 0.021135671563673349
leaf_weight=3950.0138610117137 15.969650154002009 15.003966130316256 76.798598702996969 13.961586847901343 18.322367353364825 208.68348594941199 16.324516512453556 79.670407146215439 346.63914703764021 9.289087529294191 215.75410880055279 210.26085674855858 18.600219761952758 121.66343938745558
leaf_count=27743 178 84 926 75 142 2296 79 416 3189 64 1983 1811 177 1066
internal_value=-0.000451395 0.00714362 0.00901519 0.00396347 0.00676773 0.0039555 0.0233127 0.0300027 -0.00114599 -0.00600013 0.000363401 -0.00113197 -0.0156786 0.00779708
internal_weight=5316.96 444.735 428.765 317.766 303.804 285.482 110.999 94.6744 4872.22 922.207 556.967 547.678 365.239 331.924
internal_count=40229 4196 4018 3439 3364 3222 579 500 36033 8290 4924 4860 3366 2877
cat_boundaries=0 2 4
cat_threshold=1128863828 19 17059162 59
is_linear=0
shrinkage=0.05


Tree=148
num_leaves=15
num_cat=4
split_feature=14 7 4 30 0 30 26 27 26 4 3 24 30 30
split_gain=8.05624 7.99768 19.8945 21.0631 13.1818 18.7416 17.7799 19.3948 15.9463 19.3276 14.7229 13.5718 23.5437 20.547
threshold=-20.937499999999996 5.5000000000000009 -19.544101942075724 0 93.00500000000001 1 1329.0000000000002 0.49042638448567571 2199.5000000000005 0.62862086768969061 0.0058636892373097865 0.44544088245656627 2 3
decision_type=8 2 8 9 8 9 2 8 2 8 8 10 9 9
left_child=-1 4 3 -3 5 6 -2 -8 -7 -10 -6 12 -12 -13
right_child=1 2 -4 -5 10 8 7 -9 9 -11 11 13 -14 -15
leaf_value=-0.047109977932506944 -0.013280160290087391 0.0056063571555717319 -0.00026566806128554662 -0.023326412575665447 -0.036723917325967928 0.016292304889722883 0.031583179963185451 -0.0081927755336334319 0.009960002569968672 -0.029532069039404946 -0.018088755117742789 0.020824917151952199 0.00060558337299677066 -6.8141831005257889e-05
leaf_weight=8.0260482504963875 181.43606088683009 92.378214809112251 2510.0127540137619 185.2255543936044 26.653469912707806 482.52431130688637 59.229296047240496 61.733584798872471 94.383437559008598 44.896484017372131 203.1407077582553 159.17953677102923 792.95249772816896 390.97181733511388
leaf_count=47 1034 760 24454 1865 157 2237 292 329 438 214 1228 795 4171 2053
internal_value=8.73111e-05 0.00016789 -0.00167279 -0.0143489 0.00222256 0.00695827 -0.00330094 0.0113827 0.0118083 -0.00288993 -0.000562704 8.3959e-05 -0.00339655 0.00638043
internal_weight=5292.74 5284.72 2787.62 277.604 2497.1 924.203 302.399 120.963 621.804 139.28 1572.9 1546.24 996.093 550.151
internal_count=40074 40027 27079 2625 12948 4544 1655 621 2889 652 8404 8247 5399 2848
cat_boundaries=0 2 4 6 8
cat_threshold=36773906 5 3930112 22 3225426195 3 1610651718 44
is_linear=0
shrinkage=0.05


Tree=149
num_leaves=15
num_cat=4
split_feature=61 3 16 30 25 3 29 15 24 27 30 30 22 16
split_gain=7.48087 7.7926 12.3238 16.4443 10.8483 10.5602 14.5548 11.825 13.0706 12.491 11.7388 11.66 13.0046 12.48
threshold=1150.5000000000002 0.56136794243371979 -0.41000000000000064 0 1.6087759190310602 0.98358953158673723 1 21.005236354493949 0.44544088245656627 0.28955772009209396 2 3 10.768333333333336 5.7900000000000036
decision_type=8 8 8 9 10 10 9 10 10 8 9 9 10 8
left_child=-1 -2 3 -3 -5 11 -7 8 9 -8 -10 12 -4 -13
right_child=1 2 5 4 -6 6 7 -9 10 -11 -12 13 -14 -15
leaf_value=-0.032902680953491352 0.0020118387072368521 -0.0083109371840578011 -0.010400006298380428 0.0069362217654610897 0.028751505590676914 0.026637703325958984 0.0089345002814510358 0.025453667265244031 0.019742096338170818 -0.017791829332196179 -0.0074437689663248863 0.011051695322362692 0.03404712158938758 -0.0037462674535469541
leaf_weight=16.320545579306781 2532.265857742168 130.82377295382321 793.72310175001621 205.65919191762805 78.365870080888271 48.572702039033175 59.514262724667788 40.383029596880078 82.739766538143158 158.51632238179445 63.850368632003665 168.12563671823591 15.852369741536675 903.67830617912114
leaf_count=178 22848 735 4954 1239 423 248 364 229 474 874 362 1119 133 5953
internal_value=-9.65905e-05 1.09826e-05 -0.00183165 0.00609989 0.0125932 -0.00324284 0.00359952 0.000118696 -0.00274594 -0.010489 0.0087638 -0.00489348 -0.00937312 -0.0014038
internal_weight=5298.39 5282.07 2749.8 414.849 284.025 2334.96 453.576 405.004 364.621 218.031 146.59 1881.38 809.575 1071.8
internal_count=40133 39955 17107 2397 1662 14710 2551 2303 2074 1238 836 12159 5087 7072
cat_boundaries=0 2 3 5 7
cat_threshold=2150733850 5 8396805 1074366472 41 1118235665 7
is_linear=0
shrinkage=0.05


Tree=150
num_leaves=15
num_cat=3
split_feature=20 7 4 18 56 30 10 3 30 7 0 30 25 26
split_gain=9.1869 9.63286 13.6593 12.7729 18.0861 14.5445 15.5466 15.7657 12.6781 13.3035 16.903 12.3061 11.7412 10.8324
threshold=-84.194999999999979 3.5000000000000004 -20.075644435437013 -2.4100000000000024 1.5000000000000002 0 13.500000000000002 0.69415392777976426 1 6.5000000000000009 89.915000000000006 2 5.2754518899367042 755.00000000000011
decision_type=8 2 8 8 2 9 2 8 9 2 10 9 10 2
left_child=-1 3 8 4 -2 6 7 -5 -3 10 -10 12 -4 -7
right_child=1 2 11 5 -6 13 -8 -9 9 -11 -12 -13 -14 -15
leaf_value=-0.015368952712341403 -0.032411848116386616 -0.018827333661394 -0.0048543014250945413 0.019896246732558021 0.010319605849469981 0.0040422915981630468 -0.028048770432757327 -0.010948873711336373 0.021146856850894388 -0.012344615891274252 -0.01090118033099056 0.0017790000487508989 -0.039926724686489168 0.01480706013956499
leaf_weight=90.938072034157813 53.179776521399617 172.77892886381596 517.57682966906577 69.869359649717808 44.914741259068251 572.35386802908033 57.401356123387814 98.737205293029547 96.581415615975857 163.59141711425036 70.307029571384192 2878.8707716781646 24.05118280928582 395.25107364729047
leaf_count=737 430 1359 4582 369 315 3292 424 610 448 1506 347 23494 238 2098
internal_value=0.000299119 0.000575205 -0.000657909 0.00431859 -0.0129396 0.00574656 -0.0055697 0.00187507 -0.00834031 -0.00218346 0.0076611 0.000474511 -0.00636511 0.00836392
internal_weight=5306.4 5215.46 3923.76 1291.71 98.0945 1193.61 226.008 168.607 503.259 330.48 166.888 3420.5 541.628 967.605
internal_count=40249 39512 31974 7538 745 6793 1403 979 3660 2301 795 28314 4820 5390
cat_boundaries=0 2 4 5
cat_threshold=2692747267 34 1091044876 42 17197136
is_linear=0
shrinkage=0.05


Tree=151
num_leaves=15
num_cat=4
split_feature=61 3 2 8 28 5 22 27 30 30 29 15 30 22
split_gain=9.08869 8.17727 16.3926 15.1063 15.209 12.6557 12.5988 21.4516 12.6989 12.1866 14.7386 13.1177 11.812 11.2969
threshold=1150.5000000000002 0.43200846471822679 -6.512671413282372 21.500000000000004 0.24540429334335073 0.7833387978142079 -0.41166666666666651 0.4772879831113454 0 1 2 7.2855561255470187 3 10.768333333333336
decision_type=8 8 2 8 10 10 8 8 9 9 9 8 9 8
left_child=-1 2 3 4 -2 6 7 8 -4 -8 13 -12 -7 -11
right_child=1 -3 5 -5 -6 12 9 -9 -10 10 11 -13 -14 -15
leaf_value=-0.035051815964120124 0.1017939702864934 -0.0014344000562229143 -0.0064708469815880076 -0.0070912170187087181 0.02729102511245296 0.0086139906497724791 -0.003784462209521141 0.099357870385364894 0.023971937546907986 -0.019311849558357144 0.0049880640459967155 -0.010832881895549457 -0.030378464190972156 0.016775294658492489
leaf_weight=17.497047560289502 7.2437158031389108 3354.5280260471627 55.602322731167078 26.405103098601103 50.61501404736191 28.086149939335883 683.00303422659636 6.5127683244645587 73.105587355792522 22.619311183691025 463.30445396248251 181.52564867027104 45.574013938196003 288.72727816551924
leaf_count=190 68 21218 451 204 389 328 7031 54 536 285 4155 2348 738 2350
internal_value=-6.44562e-05 5.79427e-05 0.00264806 0.0240835 0.0381895 0.0016582 0.00250538 0.0171167 0.0122213 0.00129035 0.00490379 0.000516447 -0.0185098 0.0136627
internal_weight=5304.35 5286.85 1932.32 84.2638 57.8587 1848.06 1774.4 135.221 128.708 1639.18 956.177 644.83 73.6602 311.347
internal_count=40345 40155 18937 661 457 18276 17210 1041 987 16169 9138 6503 1066 2635
cat_boundaries=0 1 3 4 6
cat_threshold=40430670 13046874 59 677266 34610196 55
is_linear=0
shrinkage=0.05


Tree=152
num_leaves=15
num_cat=2
split_feature=55 30 5 28 22 24 21 0 7 27 25 30 0 56
split_gain=8.25408 9.80458 13.6217 13.1158 9.64677 17.3764 11.7268 14.82 11.3943 11.2552 11.7872 10.7525 12.6806 10.4805
threshold=31.500000000000004 0 0.45003047619047626 0.16523359956869296 0.82500000000000007 0.49826877660989621 1.0129744445047646 99.745000000000019 4.5000000000000009 0.055944017563709557 0.87985356896076439 1 99.955000000000013 10.500000000000002
decision_type=8 9 8 8 10 10 8 10 2 8 10 9 10 2
left_child=1 3 -3 -1 9 6 7 -6 -7 10 -2 -11 -13 -8
right_child=4 2 -4 -5 5 8 13 -9 -10 11 -12 12 -14 -15
leaf_value=0.042226872168725303 -0.016676565355317568 0.036478622850853147 0.0055268422764313064 -0.009591706908311199 -0.024989764144662377 0.038771599161040345 -0.011939046806210288 0.063926126443535014 -0.0007214930427617384 0.0032753284539585414 0.057298296823044471 -0.0015920640087309229 -0.024675963221229634 0.014257602911959946
leaf_weight=12.838587656617163 7.4049292188137796 54.746173236519098 99.33274453971535 103.18565184809268 162.07327082753181 26.674476016312838 126.44317881576717 3.8926570434123269 53.602655794471502 1351.6456992132589 15.653609137982128 3161.783345118165 59.640787390992045 53.559524331241846
leaf_count=139 127 426 764 756 2246 121 1177 32 596 9394 146 23214 671 341
internal_value=-0.000482464 0.0080158 0.0156778 -0.00326676 -0.000941005 -0.00812757 -0.0129869 -0.0225339 0.0127168 -0.000272899 0.0338366 -0.000452247 -0.00202069 -0.00410857
internal_weight=5292.48 270.103 154.079 116.024 5022.37 426.246 345.969 165.966 80.2771 4596.13 23.0585 4573.07 3221.42 180.003
internal_count=40150 2085 1190 895 38065 4513 3796 2278 717 33552 273 33279 23885 1518
cat_boundaries=0 2 4
cat_threshold=1107674142 17 2257912341 24
is_linear=0
shrinkage=0.05


Tree=153
num_leaves=15
num_cat=3
split_feature=7 4 30 5 0 7 28 18 15 7 30 18 30 18
split_gain=10.924 15.4736 16.9761 13.4233 13.1872 14.198 12.5931 29.7054 16.0684 15.5038 28.2628 14.4946 13.7545 12.1886
threshold=3.5000000000000004 -22.464483715419572 0 0.025162500000000008 98.00500000000001 7.5000000000000009 0.26179023668439072 2.0000000000000009 0.59999999999999798 1.5000000000000002 1 -1.4999999999999989 2 -1.387083333333331
decision_type=2 8 9 8 10 2 8 8 10 2 9 10 9 10
left_child=3 2 -2 -1 5 -4 7 8 -5 10 -8 -12 -11 -14
right_child=1 -3 4 6 -6 -7 9 -9 -10 12 11 -13 13 -15
leaf_value=-0.020580932498400758 -0.020989769421687815 -0.00037053633562302929 0.012789904977925102 0.019003079633695345 -0.049551943987257069 -0.012427342864618838 -0.017587966134182689 0.0030299777794071722 0.072129388645469666 0.01426418905796176 -0.0020046792748347237 0.024541984391479768 0.0065106479696623787 -0.014122300250359973
leaf_weight=53.252424325793982 190.60779042262584 3550.4129047933966 127.39453018084168 29.110278975218534 12.215356294065712 97.762551902793348 203.3814753619954 123.66818456351757 28.797280546277761 343.4322709441185 134.06854004878551 82.272446108981967 223.80147950723767 104.01263273507357
leaf_count=373 1477 29379 610 209 81 940 1568 853 145 1609 1081 505 1000 481
internal_value=-0.000144465 -0.00145441 -0.0104241 0.0037845 -0.000966487 0.00183411 0.00481949 0.0169748 0.0461986 0.00278272 -0.0047481 0.00779843 0.00749171 -5.73076e-05
internal_weight=5304.19 3978.39 427.98 1325.8 237.372 225.157 1272.54 181.576 57.9076 1090.97 419.722 216.341 671.246 327.814
internal_count=40311 32487 3108 7824 1631 1550 7451 1207 354 6244 3154 1586 3090 1481
cat_boundaries=0 2 4 6
cat_threshold=1097630732 46 553773402 59 1091340634 56
is_linear=0
shrinkage=0.05


Tree=154
num_leaves=15
num_cat=1
split_feature=28 28 29 27 7 6 7 19 31 15 26 26 28 4
split_gain=8.96734 9.26068 19.7854 16.3125 15.3479 13.6983 12.4437 11.6775 11.3525 10.7666 14.5894 13.5148 10.7295 13.8485
threshold=0.88026863702755132 0.52307241608944577 0 0.61600760760186857 11.500000000000002 -28.499999999999996 2.5000000000000004 55.027500000000011 1.5000000000000002 4.2870189180271483 375.50000000000006 182.50000000000003 0.48417096583354041 -12.575629796983069
decision_type=10 10 9 10 2 10 2 8 2 10 2 2 10 10
left_child=1 12 3 8 7 -5 -7 -4 -3 10 11 -6 -1 -14
right_child=-2 2 4 5 9 6 -8 -9 -10 -11 -12 -13 13 -15
leaf_value=0.00016108956826330564 -0.02032434405029097 0.0025120358947765312 0.070580104034968574 -0.039014048747351857 0.0018410982725542962 0.041666097154883154 -0.0029551035684588509 0.018081125549582414 -0.060231704896734128 -0.039594051035074698 -0.042524641142333008 0.067114320891595122 -0.015874903321808697 0.0090880531260607213
leaf_weight=4525.080510430038 52.896792815998197 10.509036947041752 10.308881875127552 16.377766363322735 28.436240177601576 21.1908018887043 52.406146012246609 215.77777282893658 21.431838013231754 16.989276796579361 11.165554704144595 10.028781363740562 221.74588910117745 73.286940793506801
leaf_count=34635 762 61 60 80 389 93 260 1128 114 159 164 116 1635 505
internal_value=-3.36761e-05 0.000175203 0.00733637 -0.0092795 0.0141009 0.000976166 0.010279 0.0207752 -0.0401385 -0.00643628 0.00547196 0.0201288 -0.000442189 -0.00966429
internal_weight=5287.63 5234.74 414.622 121.916 292.707 89.9747 73.5969 226.087 31.9409 66.6199 49.6306 38.465 4820.11 295.033
internal_count=40161 39399 2624 608 2016 433 353 1188 175 828 669 505 36775 2140
cat_boundaries=0 1
cat_threshold=5243906
is_linear=0
shrinkage=0.05


Tree=155
num_leaves=15
num_cat=3
split_feature=22 22 30 30 28 28 28 30 26 28 54 56 28 1
split_gain=8.87409 10.9844 14.2642 12.1221 10.7569 11.1155 10.5979 18.9008 14.0613 13.8282 12.1426 15.9725 12.7425 11.7301
threshold=0.82500000000000007 4.7975000000000003 0 1 0.30525248444956837 0.36480405587265413 0.22212822191257417 2 22.500000000000004 0.23209594432138808 85.500000000000014 10.500000000000002 0.12870011953118718 0.78614982578397219
decision_type=10 10 9 9 10 10 8 9 2 8 8 2 10 8
left_child=6 2 -2 -3 -4 -6 7 8 -1 -8 12 13 -9 -12
right_child=1 3 4 -5 5 -7 9 10 -10 -11 11 -13 -14 -15
leaf_value=-0.0031706751339934899 0.0042259137286732402 0.015757164028691147 -0.037990630613186693 -0.0062718899667728034 0.0076671531514533823 -0.027489636324766992 -0.019110066639535638 0.031291579359828042 0.047185387468662555 0.00032132231297760068 0.021902826410613307 0.065936797944435244 -0.027206086207930049 -0.0019819613243169392
leaf_weight=18.595777062699199 76.304808429442346 79.001896982081234 69.456869754940271 193.10280546266586 40.38688288629055 48.746013671159744 92.557150863111019 10.443536481820045 52.119353078305721 4284.9895295007154 71.017806704156101 10.197395376861094 51.397716086357832 179.09794972464442
leaf_count=123 749 950 962 1796 298 415 686 95 382 30486 1170 69 666 1265
internal_value=-5.58751e-05 -0.00633834 -0.0142349 0.000505536 -0.0219759 -0.0116515 0.000613013 0.0084689 0.0299128 -9.37981e-05 0.00267538 0.00749586 -0.0169865 0.00486009
internal_weight=5277.42 506.999 234.895 272.105 158.59 89.1329 4770.42 392.87 70.7151 4377.55 322.154 260.313 61.8413 250.116
internal_count=40112 5170 2424 2746 1675 713 34942 3770 505 31172 3265 2504 761 2435
cat_boundaries=0 2 4 6
cat_threshold=1610626122 23 1611171844 41 22122526 13
is_linear=0
shrinkage=0.05


Tree=156
num_leaves=15
num_cat=3
split_feature=14 7 5 30 24 27 3 7 30 0 30 23 19 24
split_gain=7.9367 8.06119 20.2568 16.2914 14.1214 18.051 16.0678 14.2858 14.353 14.0795 17.385 21.1942 15.8494 12.613
threshold=-20.937499999999996 11.500000000000002 0.15523143601190481 0 0.30082515008784172 0.41566667913740318 0.1884473328175387 26.500000000000004 1 70.455000000000013 2 1.1336111111111113 31.500000000000004 0.46852735423227748
decision_type=8 2 10 9 8 10 10 2 9 8 9 8 8 10
left_child=-1 9 3 13 5 7 -6 8 -5 10 12 -12 -2 -3
right_child=1 2 -4 4 6 -7 -8 -9 -10 -11 11 -13 -14 -15
leaf_value=-0.048805720050146537 0.07247431669589792 0.012896228019693718 -0.011543389955352524 -0.014371520497678448 0.0021267197863772576 0.057730115705185429 -0.016075198084992946 -0.0073253019186946301 0.014565396017905352 -5.2846426714475388e-05 0.030757023751850243 -0.001917534023620069 0.015389382958616813 0.060170836968199852
leaf_weight=7.2610380798578262 11.877209736034272 77.154526923783123 462.56119051203132 43.939200109802186 238.1154551031068 14.635455392301081 245.58944424241781 194.53911508526653 246.01445889659226 2991.3207995304838 54.966230157762766 437.5474753472954 255.0229077488184 16.531467517837882
leaf_count=42 89 789 5833 417 3769 132 2415 2795 2294 16815 296 2872 1427 178
internal_value=0.000164756 0.000241187 -0.00280474 0.000957338 -0.00103763 0.00484718 -0.00712896 0.00313408 0.0101527 0.00149147 0.00756657 0.00174856 0.0175362 0.0197045
internal_weight=5297.08 5289.81 1539.08 1076.52 982.833 499.128 483.705 484.493 289.954 3750.73 759.414 492.514 266.9 93.686
internal_count=40163 40121 18622 12789 11822 5638 6184 5506 2711 21499 4684 3168 1516 967
cat_boundaries=0 2 4 6
cat_threshold=2148638724 2 1644695552 48 1119882320 32
is_linear=0
shrinkage=0.05


Tree=157
num_leaves=15
num_cat=3
split_feature=7 28 25 28 30 19 0 35 11 30 23 0 30 28
split_gain=11.2937 17.1254 15.3239 13.6409 14.4822 17.6024 13.4595 13.6483 13.3011 13.116 19.5776 12.4534 16.1213 12.2235
threshold=5.5000000000000009 0.67418589845342769 8.0272374581745094 0.52307241608944577 0 30.500000000000004 82.330000000000013 1.0000000180025095e-35 6.094630149362775 1 -0.39291666666666664 97.890000000000015 2 0.381249266208808
decision_type=2 10 10 10 9 8 10 2 2 9 8 10 9 10
left_child=2 3 11 6 -5 -6 8 -8 -2 10 -10 -1 13 -13
right_child=1 -3 -4 4 5 -7 7 -9 9 -11 -12 12 -14 -15
leaf_value=0.0046550723360746591 -0.0060907203456472062 -0.031370380140131764 -0.031620101483148942 -0.010642539002493474 0.093104793685758247 0.017236953015517791 -0.019946254873539491 0.015654902037052984 0.083496956860854996 0.0002824849599830374 0.012022166572539064 0.021056543125834739 -0.01483785254552052 -0.0062526647745815081
leaf_weight=2118.815447085537 867.9491566894576 47.329810290597379 31.003969226032495 45.659006495028734 7.3197372537106267 108.97609313670546 173.72524167783558 31.055273232981563 9.6443809457123262 1391.4890464069322 102.26387220993638 75.499445738270879 191.02894575893879 87.494164187461138
leaf_count=10469 8844 685 189 416 87 864 1310 206 77 13694 951 473 1242 714
internal_value=0.000324648 -0.00186558 0.00276095 -0.0013443 0.0126861 0.0209768 -0.00223094 -0.0144974 -0.00116598 0.00167935 0.0173319 0.00320462 -0.00546497 0.00607775
internal_weight=5289.25 2785.41 2503.84 2738.08 161.955 116.296 2576.13 204.781 2371.35 1503.4 111.908 2472.84 354.023 162.994
internal_count=40221 27134 13087 26449 1367 951 25082 1516 23566 14722 1028 12898 2429 1187
cat_boundaries=0 2 4 6
cat_threshold=33845266 40 18022406 4 556587536 14
is_linear=0
shrinkage=0.05


Tree=158
num_leaves=15
num_cat=3
split_feature=3 26 28 8 3 30 20 28 30 27 55 30 26 27
split_gain=8.98445 20.7689 14.4068 13.7535 13.342 13.4096 13.5068 15.1227 12.8627 13.525 13.124 11.8869 11.1998 14.5865
threshold=0.46402079127569534 23.500000000000004 0.1855323782497191 138.50000000000003 0.93237353874181017 0 12.762500000000005 0.1535512678818417 1 0.44147299399599776 34.500000000000007 2 25.500000000000004 0.14204520831250164
decision_type=8 2 8 10 10 9 8 10 9 8 8 9 2 8
left_child=3 -2 4 8 5 6 -3 -8 9 11 -10 -1 -4 -14
right_child=1 2 12 -5 -6 -7 7 -9 10 -11 -12 -13 13 -15
leaf_value=-0.0073560515562298952 -0.0080292892651554378 0.0030296099440663489 0.042001580828766462 -0.048704967978289541 0.045690003641810577 -0.012625384714198077 0.0073530410902107176 0.093563124761651711 0.023980706517183592 0.018994278086889704 -0.00057180818592746563 0.012110884658285666 -0.026285464052155552 0.00014481422707963193
leaf_weight=146.43233458697796 971.23091115709394 24.820379866287112 14.592773294076322 12.141669008880852 30.426503945142031 40.612086961977184 8.9985522059723753 11.279095626436172 55.474235075525939 217.69913251325488 1500.3674172647297 146.58491834811866 52.57243390288204 2040.2613949775696
leaf_count=1517 6100 198 92 107 188 367 102 110 599 1813 14527 1421 504 12509
internal_value=-0.000269017 -0.00193351 0.000731478 0.00228888 0.0177986 0.00748463 0.0231847 0.0574495 0.00261189 0.0094006 0.000316431 0.00255227 -0.000217058 -0.000531357
internal_weight=5273.49 3194.79 2223.56 2078.7 116.137 85.7101 45.098 20.2776 2066.56 510.716 1555.84 293.017 2107.43 2092.83
internal_count=40154 20170 14070 19984 965 777 410 212 19877 4751 15126 2938 13105 13013
cat_boundaries=0 2 4 6
cat_threshold=33603672 33 36725265 39 34603008 33
is_linear=0
shrinkage=0.05


Tree=159
num_leaves=15
num_cat=6
split_feature=9 30 31 34 7 29 25 25 25 26 30 30 24 30
split_gain=8.4452 10.6081 13.0187 20.8139 15.7925 11.3924 10.7167 13.6232 11.6107 14.4845 11.2484 9.52148 9.14946 9.10673
threshold=1.5000000000000002 0 1.5000000000000002 1 -1.4999999999999998 2 0.65184336490502004 0.78342021216311164 0.099742071847770161 2092.0000000000005 3 4 0.66286872277911157 5
decision_type=2 9 2 1 2 9 10 10 10 2 9 9 10 9
left_child=13 12 3 4 -3 -4 8 -8 -6 -10 -9 -7 -2 -1
right_child=1 2 5 -5 6 11 7 10 9 -11 -12 -13 -14 -15
leaf_value=-0.0050272551058640619 0.0059225132755508798 -0.02820125134126375 0.0025758946396055851 0.038048794093150845 -0.0018467282292082496 0.0045704397655755491 -0.024424065001210346 0.012397833439438725 0.029015708722611264 -0.028569083504259542 -0.0047508787742295755 -0.015465382497394606 -0.033972769382826243 0.00065551820352966297
leaf_weight=1361.5300607923418 1135.6530074281618 41.533260310068727 219.99996043741703 39.861716635525227 77.881459359079599 72.702795848250389 53.694456651806831 149.68047492578626 103.36387225147337 11.395664721727369 227.32590510230511 309.28499475494027 13.574128791689871 1450.7480041850358
leaf_count=12788 6688 464 1574 216 498 401 316 867 617 61 1341 1785 80 12360
internal_value=-0.000241643 0.00190015 -0.00119003 0.00341148 0.00128082 -0.0065934 0.00328723 -0.00110268 0.0130571 0.0231001 0.00227465 -0.0116308 0.00537543 -0.00211208
internal_weight=5268.23 2455.95 1306.72 704.737 664.875 601.988 623.342 430.701 192.641 114.76 377.006 381.988 1149.23 2812.28
internal_count=40056 14908 8140 4380 4164 3760 3700 2524 1176 678 2208 2186 6768 25148
cat_boundaries=0 2 3 4 6 8 10
cat_threshold=1689358942 24 4 20613 21635072 1 2151680000 35 1250915870 18
is_linear=0
shrinkage=0.05


Tree=160
num_leaves=15
num_cat=4
split_feature=20 20 30 13 28 18 28 7 21 21 25 30 30 29
split_gain=7.66949 9.84765 14.9733 18.1979 9.65242 11.8171 10.9693 9.35892 9.02916 9.03507 8.24497 20.4764 13.0021 12.4515
threshold=-84.194999999999979 -41.289999999999999 0 0.64499999999999791 0.24940367255737442 -2.4100000000000024 0.30983461757643088 22.500000000000004 4.1018548159657184 1.3570291040850917 1.3289670474000419 1 2 3
decision_type=8 8 9 8 8 10 8 2 10 10 10 9 9 9
left_child=4 2 3 -2 -1 6 -6 -4 9 10 12 -12 13 -3
right_child=1 8 7 -5 5 -7 -8 -9 -10 -11 11 -13 -14 -15
leaf_value=0.028898068742976474 -0.0048318117996986945 -0.0082896860579821253 0.0043991827043075781 0.036861274261578973 -0.051658676205932869 -0.044262559830152266 0.0064507559749242358 -0.026415391165653709 -0.027282995759338936 0.046431854638779059 0.008978076318313849 -0.0020304115363921917 0.0011527615132470854 0.0022803926381571881
leaf_weight=10.507442090660332 38.062448625452816 984.81345636304468 141.49117777403444 81.310092430561781 9.0977592803537828 30.407871449366212 40.679653398692608 28.794069974683225 29.659969680011272 9.4258637297898513 718.8540244679898 998.44542361982167 1767.898423133418 386.16833318211138
leaf_count=91 359 7551 980 587 73 274 301 294 203 71 5078 7492 13659 3209
internal_value=4.29764e-05 0.000296416 0.00923813 0.0218245 -0.0142914 -0.0202372 -0.00497803 -0.000883565 -0.000234453 -6.39969e-05 -0.000163786 0.00262067 -0.00168753 -0.00531793
internal_weight=5275.62 5184.92 289.658 119.373 90.6927 80.1853 49.7774 170.285 4895.27 4865.61 4856.18 1717.3 3138.88 1370.98
internal_count=40222 39483 2220 946 739 648 374 1274 37263 37060 36989 12570 24419 10760
cat_boundaries=0 2 4 6 7
cat_threshold=2156186178 34 3770193935 21 3233439238 23 8445968
is_linear=0
shrinkage=0.05


Tree=161
num_leaves=15
num_cat=3
split_feature=7 26 30 3 3 26 3 30 28 1 44 4 30 24
split_gain=6.89746 17.2521 17.8627 21.9343 14.1592 13.2801 12.4961 13.3459 12.5286 12.3948 12.1267 21.3008 11.1209 11.0058
threshold=11.500000000000002 275.00000000000006 0 0.20449329607904737 0.48734415896843725 4699.5000000000009 0.88350172636982272 1 0.23902179009124289 1.2601369863013701 1.5000000000000002 0.75928829640399231 2 0.49515993620791227
decision_type=2 2 9 10 8 2 10 9 8 10 2 8 9 10
left_child=4 6 3 13 10 -6 7 -2 9 -8 12 -12 -1 -3
right_child=1 2 -4 -5 5 -7 8 -9 -10 -11 11 -13 -14 -15
leaf_value=-0.0038290841216059909 -0.0096434526134298003 0.020043878539019455 -0.020026713854058277 -0.0140952928704151 -0.0010550960961434447 0.038254091825415761 0.10316962648203021 0.0023258626885801314 0.0084876736741537877 0.013093139275067577 0.075742728011547564 -0.01131949754016633 0.0077761514808302725 0.087537130775958941
leaf_weight=265.19519314263016 311.66242874134332 37.588584565557539 228.12520526442677 61.553616617806256 2561.2560957744718 20.667892888188362 7.2299810536205751 827.97459056414664 44.803819246590137 7.7494749985635281 15.208569545298813 11.995135683566334 872.56868422031403 6.465721918269991
leaf_count=1632 3876 561 3518 702 14432 104 56 9460 309 63 83 74 5216 146
internal_value=0.000183257 -0.00264083 -0.0126776 0.00467619 0.00133921 -0.000725744 0.000160086 -0.00101719 0.0222497 0.0603051 0.00591249 0.0383135 0.00510482 0.0316727
internal_weight=5280.04 1533.15 333.733 105.608 3746.89 2581.92 1199.42 1139.64 59.7833 14.9795 1164.97 27.2037 1137.76 44.0543
internal_count=40232 18691 4927 1409 21541 14536 13764 13336 428 119 7005 157 6848 707
cat_boundaries=0 2 4 6
cat_threshold=2723194900 2 570992658 41 560205900 7
is_linear=0
shrinkage=0.05


Tree=162
num_leaves=15
num_cat=3
split_feature=7 14 30 10 35 3 30 6 25 25 11 7 25 29
split_gain=8.27137 11.6575 13.1751 9.53668 15.3873 8.4992 10.7811 13.6429 15.5683 15.1952 15.87 15.8243 12.9755 12.2653
threshold=34.500000000000007 0.22500000000000006 0 1.0000000180025095e-35 1.0000000180025095e-35 0.46402079127569534 1 16.500000000000004 0.59749204264182121 0.57735929205841863 5.6581398260617339 9.5000000000000018 0.19080679155312119 2
decision_type=2 10 9 2 2 8 9 10 8 10 2 2 10 9
left_child=5 2 3 -2 -5 6 -1 8 9 10 12 -11 -8 -9
right_child=1 -3 -4 4 -6 -7 7 13 -10 11 -12 -13 -14 -15
leaf_value=-0.0023100731197746062 -0.010034296471284872 -0.034259600272197863 -0.01009085397733645 0.047690891632253644 -0.040112214875137699 -0.00086486250886801228 -0.015590673737239994 0.012003629093908171 0.0034285676909287868 0.010830930256503044 0.021174757830742331 0.094663186601449442 0.013525026905376374 -0.013134542747675698
leaf_weight=575.88636948540807 18.145595167763531 35.965192307718098 190.37305966205895 29.805354812182486 5.162842256948351 3122.1122895162553 67.422801913693547 61.120250754058361 675.45998924598098 11.059758592396976 246.59206770826131 11.114843778312204 85.823830798268318 147.18895675893873
leaf_count=5245 191 683 3302 362 61 19199 536 901 4607 55 1930 59 659 2428
internal_value=0.000266738 -0.00808916 -0.00409924 0.0160623 0.0339725 0.000734923 0.00338838 0.00587412 0.00814492 0.0156678 0.0133476 0.0551228 0.000697176 -0.00579064
internal_weight=5283.23 279.452 243.487 53.1138 34.9682 5003.78 1881.67 1305.78 1097.47 422.013 399.839 22.1746 153.247 208.309
internal_count=40218 4599 3916 614 423 35619 16420 11175 7846 3239 3125 114 1195 3329
cat_boundaries=0 2 4 5
cat_threshold=19935494 52 692981068 21 659590
is_linear=0
shrinkage=0.05


Tree=163
num_leaves=15
num_cat=1
split_feature=28 28 26 28 56 26 3 7 28 26 28 30 0 27
split_gain=9.65061 8.70382 19.2032 20.8759 14.9656 12.685 16.2481 14.1153 14.8858 14.0367 10.4551 22.0448 13.1589 10.3134
threshold=0.88026863702755132 0.52708231543002382 64.500000000000014 0.59444308113893174 1.0000000180025095e-35 363.00000000000006 0.30211157208638634 6.5000000000000009 0.64117481716716163 638.50000000000011 0.49916598147575708 0 35.710000000000008 0.50278195552774141
decision_type=10 10 2 10 2 2 8 2 10 2 10 9 8 10
left_child=1 10 3 4 -3 6 -4 -8 -9 -7 -1 -12 -13 -14
right_child=-2 2 5 -5 -6 9 7 8 -10 -11 11 12 13 -15
leaf_value=0.00011053068022020014 -0.020971070372497878 -0.044729064000118099 0.073073422013373843 0.0068615627100860254 0.0077214185537079517 -0.036377521149422547 0.038290922330992794 0.019338680536021478 -0.040812245994800621 0.013731795456814451 0.023351163554022294 0.042191494909583044 -0.055779406783363274 -0.018187335554057479
leaf_weight=4644.6530710738152 53.144094065763056 40.886020739562809 16.919879913330078 146.34509277716279 19.750693603418767 16.605451848357916 52.239883534610271 31.639225453138351 14.018258621916173 66.892792602069676 28.463390341028571 7.0007825456559649 21.043745974078774 120.3335749655962
leaf_count=35506 770 370 151 787 131 104 229 220 116 442 182 61 190 919
internal_value=2.9672e-05 0.00024717 0.00727524 -0.00337664 -0.0277967 0.0183538 0.029066 0.0207981 0.000391592 0.00345389 -0.000344998 -0.0122426 -0.0194428 -0.0241353
internal_weight=5279.94 5226.79 405.297 206.982 60.6367 198.315 114.817 97.8974 45.6575 83.4982 4821.49 176.841 148.378 141.377
internal_count=40178 39408 2550 1288 501 1262 716 565 336 546 36858 1352 1170 1109
cat_boundaries=0 2
cat_threshold=34608388 18
is_linear=0
shrinkage=0.05


Tree=164
num_leaves=15
num_cat=5
split_feature=16 30 28 8 30 10 25 30 29 7 3 9 30 28
split_gain=9.11348 24.2162 14.727 13.533 12.3013 13.3154 11.3246 11.263 14.373 14.9433 12.218 11.7274 12.1784 11.653
threshold=-0.12416666666666386 0 0.1535512678818417 35.500000000000007 1 16.500000000000004 2.0645124586126919 2 3 5.5000000000000009 0.00341183768792877 3.5000000000000004 4 0.27018030933128789
decision_type=10 9 10 8 9 2 10 9 9 2 10 2 9 10
left_child=7 2 -2 4 5 -3 -6 8 -1 10 -10 -9 13 -13
right_child=1 3 -4 -5 6 -7 -8 11 9 -11 -12 12 -14 -15
leaf_value=0.017861633462920943 0.02450564169717875 0.0085320666785240109 -0.016232614528335586 -0.0070416861556292613 0.03276666496369942 -0.026351454631756227 -0.020126540039620153 -0.0011837592081465923 -0.024048304476742503 -0.0074785917811674976 0.012148240102131811 0.031250690703332529 -0.0011879187173701922 0.0081849209773124012
leaf_weight=204.50239408947527 22.763029937632382 146.42652105819434 360.73598852753639 180.22377088665962 83.34495815448463 32.593866508454084 10.82207817584276 2995.490884992294 24.36255803797394 221.94453118368983 298.08030325733125 66.697652222588658 317.51538770832121 293.6998020876199
leaf_count=1415 253 1044 2667 1291 569 304 74 24245 215 2767 1470 433 1780 1569
internal_value=0.000404597 -0.00437677 -0.0134084 0.00349313 0.0105708 0.00196087 0.0240167 0.00131025 0.00685005 0.00244165 0.00934747 0.000160221 0.00609422 0.012191
internal_weight=5259.2 836.91 383.499 453.411 273.187 179.02 94.167 4422.29 748.89 544.387 322.443 3673.4 677.913 360.397
internal_count=40096 6202 2920 3282 1991 1348 643 33894 5867 4452 1685 28027 3782 2002
cat_boundaries=0 2 4 6 7 9
cat_threshold=1110852941 39 562561538 24 2167686661 6 4219010 579377160 17
is_linear=0
shrinkage=0.05


Tree=165
num_leaves=15
num_cat=1
split_feature=25 3 4 7 14 3 24 15 29 56 5 32 22 15
split_gain=9.06986 6.93751 11.7506 9.4901 17.6847 15.4249 14.6246 10.7101 10.4475 15.9928 15.8619 12.1999 11.1019 12.5032
threshold=18.628299229042973 0.55721575904163789 -26.445697316167109 4.5000000000000009 9.5945833333333344 0.16702060546278238 0.47723731140940245 3.6000808785969736 0 7.5000000000000009 0.17244385964912282 2.5000000000000004 1.7483333333333335 5.1260719008597109
decision_type=10 8 8 2 10 10 8 8 9 2 8 8 10 8
left_child=1 3 -3 5 8 6 -1 -7 12 10 -10 -12 13 -5
right_child=-2 2 -4 4 -6 7 -8 -9 9 -11 11 -13 -14 -15
leaf_value=-0.013299661108498792 -0.052019897905776137 -0.015685788605944544 -0.00072658295097804396 0.0088601318423899966 -0.024797163001359809 0.0062065727456797094 0.028893210483491302 0.023570620814485611 0.015429449701681232 0.030803107534259862 0.034248955171688161 -0.011778036098659048 -0.014956061910539635 -0.00090491274347490698
leaf_weight=114.75525409821421 7.3105226550251237 137.20155156869441 2622.3326771603897 782.47680512629449 65.191270623356104 206.93432528339326 23.995276719331741 155.90658076107502 69.136824620887637 29.22505122795701 13.961658984422684 418.2309430828318 74.315271719358861 563.32592960353941
leaf_count=714 77 912 16440 6448 508 1156 120 733 796 182 111 4653 1458 6013
internal_value=0.000173428 0.000255577 -0.00147575 0.00215323 0.000620354 0.00830025 -0.00584836 0.0137119 0.00148207 -0.00445403 -0.00665524 -0.0102155 0.00370663 0.00477504
internal_weight=5284.3 5276.99 2759.53 2517.46 2015.86 501.591 138.751 362.841 1950.67 530.554 501.329 432.193 1420.12 1345.8
internal_count=40321 40244 17352 22892 20169 2723 834 1889 19661 5742 5560 4764 13919 12461
cat_boundaries=0 1
cat_threshold=4773122
is_linear=0
shrinkage=0.05


Tree=166
num_leaves=15
num_cat=3
split_feature=7 11 29 28 25 20 34 29 8 27 0 7 54 3
split_gain=11.2635 9.63478 11.1341 10.6911 11.7807 10.6157 10.5966 9.84861 16.6219 9.87008 9.54679 8.87213 14.8632 11.1376
threshold=42.500000000000007 6.8080454326358764 0 0.12575265367250066 3.6791245862327413 -75.089999999999989 1 2 -6.4999999999999991 0.090537162315749029 99.010000000000005 14.500000000000002 10.500000000000002 0.61030115278828523
decision_type=2 2 9 10 10 8 1 9 8 10 10 2 8 8
left_child=1 3 6 4 -1 -4 -3 8 -5 -10 -9 12 -11 -14
right_child=-2 2 5 7 -6 -7 -8 10 9 11 -12 -13 13 -15
leaf_value=0.0062565805417416067 -0.014336276516435466 0.016961268584377485 -0.018698736262726553 0.062132676652404364 0.05435020463492183 0.0042379199035565453 -0.038650378211086502 -0.0053708448268384905 -0.022492964430570701 0.041857999770460841 -0.034791028666713797 -0.0096016393576242483 0.0048805075800241807 -0.003223496132372074
leaf_weight=185.10369125753641 140.48207920556888 10.977844174951315 51.0001877900213 9.6308936364948732 12.714138045907019 1714.6244157981128 31.486998775973916 1099.2666126061231 48.980428904294968 21.194949921220541 27.328675594180822 212.46573301870376 815.73834371101111 880.64505231846124
leaf_count=1481 2825 76 347 65 90 11830 239 7331 847 122 269 3778 5331 5390
internal_value=-0.000419526 -3.50417e-05 0.00289973 -0.00163707 0.00960547 0.00354512 -0.0196854 -0.00235382 -0.000220112 -0.000555889 -0.00606098 1.21869e-05 0.00120632 0.000674048
internal_weight=5261.64 5121.16 1808.09 3313.07 197.818 1765.62 42.4648 3115.25 1988.66 1979.02 1126.6 1930.04 1717.58 1696.38
internal_count=40021 37196 12492 24704 1571 12177 315 23133 15533 15468 7600 14621 10843 10721
cat_boundaries=0 1 2 3
cat_threshold=8520704 4 4883876
is_linear=0
shrinkage=0.05


Tree=167
num_leaves=15
num_cat=5
split_feature=10 61 30 7 11 5 30 15 29 8 24 1 30 30
split_gain=7.11439 12.4908 11.9352 14.1546 15.3491 13.0859 11.9247 10.2718 19.0331 25.7075 18.1804 23.5762 17.1305 16.6498
threshold=1.0000000180025095e-35 1150.5000000000002 0 2.5000000000000004 6.8748446009862398 0.71239238830667417 1 0.032277724899757422 2 18.500000000000004 0.073206499191646443 0.58374587458745886 3 4
decision_type=2 8 9 2 2 10 9 10 9 10 8 10 9 9
left_child=2 -2 -1 6 5 -5 -4 8 9 10 11 -3 -9 -10
right_child=1 7 3 4 -6 -7 -8 12 13 -11 -12 -13 -14 -15
leaf_value=0.0028666983186552094 -0.04716282718541942 -0.010084882085821817 -0.018164033949716406 -0.0099130094406438447 0.001703218031611939 -0.03810010315375921 0.018893829132345899 0.017660340960925263 -0.015374202913062494 -0.011472658153793475 0.018794177480894004 0.12067096461992793 0.0021645635664828476 -0.00047704169075041307
leaf_weight=663.06304713431746 12.137963008135555 4.9459874276071778 20.108219794929028 624.21235108934343 307.14625786244869 43.279424106702209 84.50204636529088 183.11103455163538 287.40852459426969 70.014663694426417 97.633681357838213 9.3747478509321791 2345.8042976488359 518.7090144045651
leaf_count=4595 143 157 109 4671 2215 320 446 1346 2909 653 1253 63 16347 4986
internal_value=0.000210931 0.00150147 -0.00240248 -0.00561395 -0.00754373 -0.0117949 0.0117351 0.00168278 -0.0026383 0.0115613 0.026964 0.0778009 0.00337146 -0.00592386
internal_weight=5271.45 3529.14 1742.31 1079.25 974.638 667.492 104.61 3517 988.087 181.969 111.954 14.3207 2528.92 806.118
internal_count=40213 27857 12356 7761 7206 4991 555 27714 10021 2126 1473 220 17693 7895
cat_boundaries=0 2 4 5 7 9
cat_threshold=2766509570 40 17852480 1 8392742 16793861 16 29737044 26
is_linear=0
shrinkage=0.05


Tree=168
num_leaves=15
num_cat=4
split_feature=4 7 30 29 30 7 27 26 27 18 6 29 54 6
split_gain=7.29649 8.0784 22.2304 15.6087 15.1123 20.3455 16.6208 19.039 13.7299 13.2874 12.6076 12.4798 13.2026 12.2933
threshold=-97.004999999999981 2.5000000000000004 0 1 2 -1.0000000180025095e-35 0.51538384954565275 1427.5000000000002 0.75532245537441589 2.4975000000000014 -2.4999999999999996 3 61.500000000000007 -48.499999999999993
decision_type=8 2 9 9 9 2 10 2 8 8 10 9 8 8
left_child=-1 2 -2 8 6 -6 7 11 -3 -8 -10 -4 -13 -9
right_child=1 3 4 -5 5 -7 9 13 10 -11 -12 12 -14 -15
leaf_value=-0.037712944639365031 -0.0056274868545793978 -0.02562116692036559 0.015978940647866757 -0.00041593853034484435 -0.0022572354117605053 0.03228620119504827 -0.036282378422891441 -0.007500112233183415 -0.012444471869705874 0.0069311232562116439 0.043649321409784995 0.047646673730542217 -0.014960584904659863 0.035661892005755549
leaf_weight=11.943537934683263 352.08325782325119 116.89675135910511 64.19301887601614 4206.0554403271526 60.601188765838742 141.72344779968262 40.114469923079014 20.409770935773849 27.407080743461847 30.869350843131542 14.515746556222437 8.1306782718747836 111.9779603490606 78.748948331922293
leaf_count=81 2343 823 350 33305 497 647 345 101 140 195 107 52 989 418
internal_value=-0.000218373 -0.000126324 0.0041596 -0.00101949 0.0102645 0.0209491 0.00371854 0.00924472 -0.015881 -0.0176545 0.00754239 -0.00028961 -0.00957351 0.0267917
internal_weight=5285.67 5273.73 908.852 4364.88 556.769 202.325 354.444 283.46 158.82 70.9838 41.9228 184.302 120.109 99.1587
internal_count=40393 40312 5937 34375 3594 1144 2450 1910 1070 540 247 1391 1041 519
cat_boundaries=0 2 3 5 6
cat_threshold=579992065 62 9568256 787794 1 9973781
is_linear=0
shrinkage=0.05


Tree=169
num_leaves=15
num_cat=1
split_feature=7 2 30 4 26 1 8 2 19 18 13 15 3 27
split_gain=7.43854 13.7863 13.2054 11.1363 11.1036 13.5706 16.3725 9.25355 10.022 9.14463 9.04594 8.56708 8.50168 14.7163
threshold=11.500000000000002 -6.512671413282372 0 -22.464483715419572 11.500000000000002 0.6288018433179724 2.5000000000000004 -40.063895991123537 23.205000000000002 18.852500000000003 9.9375000000000018 1.4855828983076902 0.80371279809416285 0.35846864320972821
decision_type=2 2 9 8 2 10 10 2 8 10 10 8 8 10
left_child=7 -2 4 -4 5 6 11 -1 -9 10 -6 -3 -5 -14
right_child=1 2 3 12 9 -7 -8 8 -10 -11 -12 -13 13 -15
leaf_value=-0.028229923899888126 0.021281147396032124 0.06504966811741246 -0.030915316973609875 -0.00071612806399008852 -0.011661858209247892 -0.006963043962895217 0.10811549446308151 0.031126239702278447 0.0014263680232998377 0.036741708792580367 -0.043940798406025425 -0.0028657456546258152 -0.0023430121234653675 0.032648620311192394
leaf_weight=25.085992446169257 56.792256745509803 5.2841670960187921 26.71983958594501 744.60211563762277 476.37495081452653 55.797443307936192 5.1013091374188653 27.627738058567047 3689.370831925422 8.4125675335526449 21.920940984040499 17.487973944284029 65.839720971882343 54.08179685100913
leaf_count=139 594 84 382 8454 6599 543 69 245 21116 86 298 344 734 544
internal_value=0.000244393 -0.00268137 -0.00361361 0.000278001 -0.00932597 0.00732205 0.0351689 0.0014476 0.00165543 -0.0122677 -0.013167 0.0149671 0.00127991 0.0135769
internal_weight=5280.5 1538.42 1481.62 891.243 590.379 83.6709 27.8735 3742.08 3717 506.708 498.296 22.7721 864.524 119.922
internal_count=40231 18731 18137 10114 8023 1040 497 21500 21361 6983 6897 428 9732 1278
cat_boundaries=0 2
cat_threshold=1655450899 12
is_linear=0
shrinkage=0.05


Tree=170
num_leaves=15
num_cat=1
split_feature=28 34 26 27 56 2 8 28 28 3 4 8 25 27
split_gain=8.5212 18.2251 14.0227 17.8498 13.0552 12.8702 12.5498 11.8231 13.6209 9.99045 11.5987 9.89806 9.84346 9.85087
threshold=0.52708231543002382 0 64.500000000000014 0.62181578514448577 1.0000000180025095e-35 -6.512671413282372 69.500000000000014 0.49916598147575708 0.50003276056034207 0.10879449370178011 6.2738602727941872 -6.4999999999999991 2.538030712687767 0.35237159746710472
decision_type=10 1 2 10 2 2 10 10 10 8 8 8 8 10
left_child=5 -2 3 4 -3 6 9 11 -9 10 -1 -7 13 -11
right_child=1 2 -4 -5 -6 7 -8 8 -10 12 -12 -13 -14 -15
leaf_value=0.015426767366061748 -0.018750846589547468 -0.039549111227031274 0.019842525477241232 0.010800175017738833 0.007216941559373637 0.020214754435818057 -0.027967469924956152 -0.060388363689686669 -0.0098031254034931323 0.03616149178200271 0.088389190122433181 -0.0010345696768712135 -0.015031391053585839 0.0076478057545519527
leaf_weight=14.085066464729605 61.382936604321003 37.012324864044785 195.6254603061825 142.63485679775476 24.125509245321155 54.500884123146534 17.876852352172136 13.650690618902443 154.12793219648302 41.932063369080424 8.4723060531541723 4361.8318854523823 30.174617828801274 105.54316372051835
leaf_count=128 837 358 1241 762 148 355 121 146 1156 306 68 33815 170 580
internal_value=-7.51105e-05 0.00641228 0.0103167 0.00111957 -0.0212757 -0.000698795 0.0111406 -0.00126435 -0.0142522 0.0147543 0.0454195 -0.00076782 0.0106281 0.0159441
internal_weight=5262.98 460.781 399.398 203.773 61.1378 4802.2 218.084 4584.11 167.779 200.207 22.5574 4416.33 177.65 147.475
internal_count=40191 3346 2509 1268 506 36845 1373 35472 1302 1252 196 34170 1056 886
cat_boundaries=0 1
cat_threshold=1
is_linear=0
shrinkage=0.05


Tree=171
num_leaves=15
num_cat=1
split_feature=14 25 7 19 15 6 3 28 22 7 30 25 25 32
split_gain=8.57278 8.50113 7.08757 10.3436 9.57301 14.4483 11.3159 8.98895 16.6332 12.4482 12.0674 15.8047 23.1198 30.9915
threshold=17.543750000000006 18.628299229042973 42.500000000000007 4.4000000000000012 0.11259822840466806 72.500000000000014 0.03678849365705484 0.22212822191257417 3.8200000000000007 -1.0000000180025095e-35 0 0.65184336490502004 0.35395153295817106 3.5000000000000004
decision_type=10 10 2 10 10 10 10 10 10 2 9 8 10 8
left_child=1 2 7 4 -4 6 -6 8 10 -10 -1 12 -12 -14
right_child=-2 -3 3 -5 5 -7 -8 -9 9 -11 11 -13 13 -15
leaf_value=-0.008455049656717074 -0.01923632220594166 -0.051142298077513831 -0.016719630978610445 -0.02749561909285891 0.072527473869024583 0.10149469896203467 -0.004741472253714899 -0.00062200262071274897 0.033918714078805798 -0.024810962604694401 0.0090465227159108198 0.0046767418237561656 0.057490819297711715 -0.039734394070944354
leaf_weight=88.808573522605002 58.584000959992409 7.1646153777837744 39.82131046243012 56.345461077988148 4.560568042099475 3.5591806750744572 31.385178106836975 4359.4543027831241 9.582912886515258 64.126591969281435 119.05377373751253 345.09279071912169 61.863975597545505 8.707156125456093
leaf_count=756 391 81 1020 1153 81 102 475 31031 115 812 1045 2626 426 63
internal_value=-0.000378481 -0.000162348 -8.217e-05 -0.0113176 0.000372929 0.0175898 0.00675966 0.000221456 0.0054885 -0.0168238 0.00814884 0.010872 0.0226333 0.0451075
internal_weight=5258.11 5199.53 5192.36 135.672 79.3262 39.5049 35.9457 5056.69 697.236 73.7095 623.526 534.718 189.625 70.5711
internal_count=40177 39786 39705 2831 1678 658 556 36874 5843 927 4916 4160 1534 489
cat_boundaries=0 2
cat_threshold=2148023309 16
is_linear=0
shrinkage=0.05


Tree=172
num_leaves=15
num_cat=0
split_feature=15 11 54 7 8 27 15 27 5 0 28 25 8 32
split_gain=8.41813 8.81648 11.5332 8.09022 7.12936 12.6393 10.9986 8.32849 8.11397 7.24004 15.5341 11.9482 8.87884 15.4686
threshold=-7.9836932176979936 6.700755188387773 133.50000000000003 9.5000000000000018 -2.4999999999999996 0.5225542341329652 2.6950350872604685 0.28757228967147402 1.025614814814815 1.0000000180025095e-35 0.48587753307360615 0.08901377287852974 9.5000000000000018 2.5000000000000004
decision_type=8 2 8 2 8 10 8 10 10 8 8 10 10 10
left_child=1 3 -3 -1 5 6 7 -2 9 10 -6 -12 13 -13
right_child=4 2 -4 -5 8 -7 -8 -9 -10 -11 11 12 -14 -15
leaf_value=0.0076828464681739043 0.058386736309408785 0.069498738185969439 0.015095365991704785 -0.035429701269381081 -0.019005694252839891 0.069124088050917187 -0.0034831858178997217 -0.0019211457219487143 -0.025020174675407004 -6.1067620980257087e-05 -0.037684679962409665 -0.016955144006696687 -0.0015099742393686949 0.061534412028780031
leaf_weight=62.037501925602555 14.275032352656131 11.173684056848286 53.659468848258257 12.15194529108703 139.27380693610758 8.1157009825110418 65.26608170568943 9.0571991726756078 32.843648196198046 4783.1653081011027 9.840176838450132 8.4183398066088575 25.855735464021564 20.089880062267184
leaf_count=338 86 76 316 131 1844 47 426 56 750 35453 113 119 167 178
internal_value=-2.94118e-05 0.0120659 0.0253848 0.00024389 -0.000360371 0.0130159 0.0071622 0.0358593 -0.000620643 -0.000454955 -0.00966851 0.0105669 0.0198236 0.0385677
internal_weight=5255.22 139.023 64.8332 74.1894 5116.2 96.714 88.5983 23.3322 5019.49 4986.64 203.478 64.2041 54.364 28.5082
internal_count=40100 861 392 469 39239 615 568 142 38624 37874 2421 577 464 297
is_linear=0
shrinkage=0.05


Tree=173
num_leaves=15
num_cat=5
split_feature=56 30 28 30 30 28 29 24 27 14 29 24 15 7
split_gain=8.91892 14.7176 14.2841 36.2523 14.7995 13.7604 15.6503 17.6081 22.6857 23.0804 13.089 17.2074 15.5761 15.4094
threshold=1.0000000180025095e-35 0 0.35658695137304769 1 2 0.59444308113893174 3 0.38413545137157196 0.47985601552271939 7.5025000000000004 4 0.22571565817665032 0.11259822840466806 1.0000000180025095e-35
decision_type=2 9 10 9 9 10 9 10 10 8 9 8 8 2
left_child=2 -2 4 -4 -1 6 -5 -8 9 -9 12 -12 -6 -14
right_child=1 -3 3 5 10 -7 7 8 -10 -11 11 -13 13 -15
leaf_value=-0.014640852941329874 -0.0027184538552271521 0.0059141074201887051 0.0051289611665196614 -0.00064406689192607358 -0.035546702591442374 0.0025601015187390838 -0.031223646391895662 0.062721926893718846 -0.01941840830939259 -0.002288642300902454 -0.0031737743485950169 0.009959713341325175 0.045449999493789708 -0.0044440114398342908
leaf_weight=113.23505543917418 761.75895110890269 1373.9734146045521 579.1468311669305 197.73244421370327 37.342878701165318 162.52230341546237 168.01815472729504 14.501160513609646 313.8461052980274 113.97937119752169 361.97930708434433 798.07202838361263 15.415008451789616 269.54000873491168
leaf_count=924 5391 9501 4263 1289 276 1169 1702 73 2750 950 4221 5620 114 1966
internal_value=0.000357355 0.00285023 -0.00133571 -0.00475321 0.0019845 -0.0105928 -0.0133689 -0.0171918 -0.0121912 0.00547662 0.00333969 0.00581231 -0.00545813 -0.00159543
internal_weight=5281.06 2135.73 3145.33 1549.75 1595.58 970.6 808.077 610.345 442.327 128.481 1482.35 1160.05 322.298 284.955
internal_count=40209 14892 25317 12196 13121 7933 6764 5475 3773 1023 12197 9841 2356 2080
cat_boundaries=0 2 4 5 6 7
cat_threshold=3345033235 54 1123036252 52 1097991168 545953 8528032
is_linear=0
shrinkage=0.05


Tree=174
num_leaves=15
num_cat=2
split_feature=2 30 29 52 1 15 56 13 19 1 25 7 15 4
split_gain=8.04179 16.7793 13.2083 9.35774 16.2492 15.7941 9.05247 8.67992 8.23716 7.95373 10.6506 7.67943 7.62205 18.1493
threshold=51.959620629299479 0 1 1.0000000180025095e-35 1.4475648075412415 4.0927238918358855 24.500000000000004 4.4474999999999989 90.455000000000013 0.28215467328370564 0.08901377287852974 2.5000000000000004 10.923824343909015 12.494497797417127
decision_type=2 9 9 2 8 8 2 10 8 8 10 2 10 10
left_child=3 2 8 9 5 -5 -3 -6 11 10 -1 -2 -11 -14
right_child=1 6 -4 4 7 -7 -8 -9 -10 12 -12 -13 13 -15
leaf_value=0.031423176876394586 0.0303544086863217 -0.013229578563660386 -0.014037819507965227 0.083251924651405976 0.0099842115567480572 0.0074433841787439996 0.016983417751193729 -0.041392649669875818 0.024471882786513414 0.0013238091321818692 -0.017488906114325728 -0.011156371905396447 -0.01057313729642409 0.018055480237303759
leaf_weight=11.505511802621184 14.175834702327846 384.26579798199236 48.408564943820238 13.979818737134336 54.298333859071136 13.089306188747289 25.657122291624546 8.6594242267310602 88.057921370491385 4065.5769638493657 105.7413406483829 40.912121028639376 336.44572830479592 65.285319168120623
leaf_count=385 78 2564 314 105 347 83 158 51 569 30194 2532 262 2236 414
internal_value=-4.98213e-05 -0.00548678 0.00660817 0.000650775 0.0165254 0.0481658 -0.0110333 0.00238096 0.0140937 0.00033551 -0.012464 -0.000123622 0.000674153 -0.00588742
internal_weight=5276.06 601.477 191.554 4674.58 90.0269 27.0691 409.923 62.9578 143.146 4584.55 117.247 55.088 4467.31 401.731
internal_count=40292 3945 1223 36347 586 188 2722 398 909 35761 2917 340 32844 2650
cat_boundaries=0 2 3
cat_threshold=5835022 9 57605
is_linear=0
shrinkage=0.05


Tree=175
num_leaves=15
num_cat=6
split_feature=14 32 28 29 28 34 30 28 30 32 14 15 29 30
split_gain=9.7508 8.65731 8.43247 15.6223 18.5134 15.4843 14.3491 10.9042 23.2472 16.5994 9.76967 8.39705 18.1324 20.5732
threshold=-20.937499999999996 5.5000000000000009 0.52708231543002382 0 0.60554932322291211 1 2 0.49916598147575708 3 3.5000000000000004 -1.0000000180025095e-35 2.1378291813102792 4 5
decision_type=8 10 10 9 10 1 9 10 9 8 10 10 9 9
left_child=-1 2 7 4 -4 6 -5 11 10 -10 -9 12 13 -2
right_child=1 -3 3 5 -6 -7 -8 8 9 -11 -12 -13 -14 -15
leaf_value=-0.056410911499747307 -0.011652307436921834 0.012994287512053573 -0.049924197653634941 0.013761046731461619 0.00068055345444678855 0.015723132796381521 -0.030538783568898747 0.033544720940152609 -0.030397955990925391 0.032633755214564832 -0.023479591715469376 0.0019524581441528865 -0.0044132976052261167 0.013060430535388679
leaf_weight=6.6291600912809372 104.63543300889432 127.11903964821249 23.359887391328812 26.5765181761235 69.934649646282196 302.30498093832284 29.692916033789515 32.900975337252021 114.91402759030461 10.665803438052533 8.872143689543007 2125.8349875030108 1945.7438076459803 322.0234923036769
leaf_count=40 921 833 131 348 332 2043 459 199 933 113 54 13830 17288 2626
internal_value=7.44997e-05 0.000156638 -0.000164729 0.00634932 -0.0111978 0.0109404 -0.0126703 -0.00079685 -0.0132902 -0.0230111 0.0171566 -0.000329195 -0.00237367 0.00685925
internal_weight=5251.21 5244.58 5117.46 451.869 93.2945 358.574 56.2694 4665.59 167.353 125.58 41.7731 4498.24 2372.4 426.659
internal_count=40150 40110 39277 3313 463 2850 807 35964 1299 1046 253 34665 20835 3547
cat_boundaries=0 1 2 4 6 7 9
cat_threshold=5243904 1 34664520 42 34940164 18 5772579 2147588369 41
is_linear=0
shrinkage=0.05


Tree=176
num_leaves=15
num_cat=2
split_feature=2 15 54 30 0 7 0 23 30 5 32 8 28 56
split_gain=6.91735 7.33845 7.24898 8.10134 7.84127 6.9616 13.9623 13.4049 9.89778 9.35968 9.19879 9.19606 10.0286 9.14368
threshold=306.01874524667534 6.8225000730616321 82.500000000000014 0 82.810000000000016 3.5000000000000004 74.485000000000014 -3.018958333333333 1 1.0756415094339624 2.5000000000000004 76.500000000000014 0.24940367255737442 11.500000000000002
decision_type=2 10 10 9 10 2 10 8 9 8 8 10 8 2
left_child=2 -2 5 4 -4 10 7 8 -7 -8 -1 -12 -13 -14
right_child=1 -3 3 -5 -6 6 9 -9 -10 -11 11 12 13 -15
leaf_value=0.034313144711939726 -0.021344656344884964 0.030079670929588381 0.032149040531754339 -0.0080044720740812345 -0.010461006063224601 -0.012623840419937521 -0.0059251215009120091 -0.00028007336639491244 0.029633838270718749 -0.029299663071753863 0.0014204713072436617 0.064964069767249125 0.025809343402261181 -0.019883481204369825
leaf_weight=21.964050769805908 61.888303326442838 6.9158390425145617 55.675472410395741 31.150164280086756 12.823973223567007 15.138597136363385 726.42439661361277 2961.6831591678783 50.496298586949706 44.616244812030345 1200.8907910203561 9.9139972031116468 33.791512724012136 15.110808178782461
leaf_count=112 443 44 448 208 75 106 4136 26340 331 414 7164 56 179 86
internal_value=-0.000184076 -0.0158189 2.66219e-05 0.0133141 0.0211001 -0.000236594 -0.0013118 0.000218812 0.0223967 -0.00731389 0.00294841 0.00237476 0.0215096 0.0115748
internal_weight=5248.48 68.8041 5179.68 99.6496 68.4994 5080.03 3798.36 3027.32 65.6349 771.041 1281.67 1259.71 58.8163 48.9023
internal_count=40142 487 39655 731 523 38924 31327 26777 437 4550 7597 7485 321 265
cat_boundaries=0 2 4
cat_threshold=42254404 49 41959432 16
is_linear=0
shrinkage=0.05


Tree=177
num_leaves=15
num_cat=0
split_feature=2 10 11 24 19 24 7 15 25 25 19 4 6 15
split_gain=8.50473 7.97046 12.7318 10.8785 17.9967 13.9622 16.5119 12.4644 16.6871 17.7932 11.9651 15.7344 11.2263 12.1591
threshold=70.524861274546154 1.0000000180025095e-35 4.9698827391983622 0.53722480221255153 35.335000000000008 0.51636556707090542 5.5000000000000009 11.44323687236003 0.58138184288967831 0.60928368815613487 89.500000000000014 -7.1471607286292231 5.5000000000000009 21.005236354493949
decision_type=2 2 2 10 8 10 2 8 8 8 10 8 10 8
left_child=1 2 -1 5 -5 7 -7 -3 -9 -10 12 -12 -11 -14
right_child=-2 3 -4 4 -6 6 -8 8 9 10 11 -13 13 -15
leaf_value=-0.035591603502660017 -0.0067900022274096474 0.0037594159040314347 -0.0018616342855930332 0.051271697746731806 -0.011357157450159647 0.039249298598823479 -0.0037661121758372192 -0.016124523265755503 0.067831973343046054 0.013025681824299194 0.01754065768644316 -0.038898184337176893 -0.031563829848381554 0.0014272903783623594
leaf_weight=27.496287805959582 443.82396798022091 2285.2994842007756 1549.9988073324785 11.085530674085019 231.36600510030985 54.030843768268824 37.247546619735658 199.21757659781724 8.8891405379399639 159.49482764303684 17.309096517041326 38.29235615581274 34.255950624123216 134.00694878632203
leaf_count=178 2995 17282 11158 160 1573 250 465 2282 63 906 110 336 332 1930
internal_value=-0.00017672 0.000437589 -0.00247173 0.00186743 -0.00829476 0.00270006 0.0218456 0.0020852 -0.00437903 0.00161218 -9.57747e-05 -0.0213289 0.00356018 -0.00543603
internal_weight=5231.81 4787.99 1577.5 3210.5 242.452 2968.04 91.2784 2876.77 591.466 392.248 383.359 55.6015 327.758 168.263
internal_count=40020 37025 11336 25689 1733 23956 715 23241 5959 3677 3614 446 3168 2262
is_linear=0
shrinkage=0.05


Tree=178
num_leaves=15
num_cat=2
split_feature=32 6 30 6 27 29 0 22 22 27 27 25 22 27
split_gain=7.43723 25.5059 14.6224 9.90723 9.48386 9.07612 8.41893 9.47953 25.9267 21.7058 15.517 13.5513 10.0841 9.44448
threshold=5.5000000000000009 -29.499999999999996 0 23.500000000000004 0.47985601552271939 1 99.135000000000005 3.8200000000000007 5.0450000000000008 0.034072124013036255 0.45477391974359554 0.08901377287852974 3.3250000000000006 0.16333667783805914
decision_type=8 10 9 10 8 9 10 10 10 8 10 10 10 8
left_child=6 -2 5 4 -4 -3 7 9 -9 -1 11 -10 -11 -8
right_child=1 2 3 -5 -6 -7 13 8 10 12 -12 -13 -14 -15
leaf_value=0.062224189087769645 0.027918806894613592 0.011000910027855478 0.024661011908692243 -0.015624248303761593 0.0017636615860665398 -0.02109430776928926 0.040596716075713447 -0.038270674350211281 -0.044808219673210789 -3.6229227407644143e-05 0.014385999660825436 -0.004767903924765747 0.02951109488253606 -0.014058352225421972
leaf_weight=13.134321234188972 102.04649797268212 23.900089615955949 82.091841543093324 37.927154599688947 99.592766523361206 92.189513107296079 7.3504109866917124 58.783743993379176 24.2553351521492 4305.761447345838 93.683546385727823 131.40529129141942 28.071257555857301 163.98943149205297
leaf_count=157 622 252 608 826 886 1037 61 810 500 30959 738 1208 191 1480
internal_value=-7.31958e-05 0.00615955 -0.000518102 0.00701756 0.0121879 -0.0141064 -0.000639652 -0.000237838 -0.00869798 0.000363708 -0.0016011 -0.0112533 0.00016192 -0.0114917
internal_weight=5264.18 437.748 335.701 219.612 181.685 116.09 4826.43 4655.09 308.128 4346.97 249.344 155.661 4333.83 171.34
internal_count=40335 4231 3609 2320 1494 1289 36104 34563 3256 31307 2446 1708 31150 1541
cat_boundaries=0 2 3
cat_threshold=1112085590 49 155650
is_linear=0
shrinkage=0.05


Tree=179
num_leaves=15
num_cat=2
split_feature=28 27 21 30 23 23 30 3 24 0 25 20 32 3
split_gain=8.43425 17.2198 18.829 16.5476 17.4062 13.8836 13.9257 8.74469 8.72598 10.5967 10.4266 8.4582 8.10574 16.3472
threshold=0.1855323782497191 0.19193346537723546 1.0731964110095558 0 -1.1499999999999997 0.40458333333333346 1 0.94938729955308632 0.24351758855115893 98.50500000000001 3.9117294061591923 -17.134999999999994 3.5000000000000004 0.80919675803862834
decision_type=8 8 10 9 10 8 9 10 10 8 8 10 8 10
left_child=5 2 3 4 8 -1 7 -7 9 11 -11 -2 -3 -14
right_child=1 12 -4 -5 -6 6 -8 -9 -10 10 -12 -13 13 -15
leaf_value=-0.028643869130738037 0.02329895043389163 -0.0011080732458208986 0.068288331048865392 -0.02552483017121189 -0.048586564200933109 0.019375354728970159 0.00079304477397176365 0.060166229498559966 -0.028875756386499963 0.08327158285582216 0.010086184771117222 -0.020450016087582311 0.0091054667457172982 -0.013017609570421893
leaf_weight=23.588902167975903 25.547212878242131 4138.7807974577881 5.7880011443048707 148.29118241695687 13.017445177771149 99.706768993288279 173.11115617537871 14.60745635256171 10.16746988147497 9.6390270795673114 9.5476261153817195 17.963355744257573 474.2010876936838 100.38357375375926
leaf_count=323 176 29367 40 1694 334 975 2030 92 85 69 75 185 4292 567
internal_value=-0.000499663 -0.00100172 -0.0140389 -0.0163555 0.00226571 0.00747388 0.0105271 0.0230642 0.0121921 0.0192008 0.0491569 0.00518352 -0.000335151 0.00522452
internal_weight=5264.34 4953.33 239.961 234.173 85.8821 311.014 287.425 114.314 72.8647 62.6972 19.1867 43.5106 4713.37 574.585
internal_count=40304 36884 2658 2618 924 3420 3097 1067 590 505 144 361 34226 4859
cat_boundaries=0 2 4
cat_threshold=2150170653 14 47284490 11
is_linear=0
shrinkage=0.05


Tree=180
num_leaves=15
num_cat=5
split_feature=20 0 30 8 8 22 30 11 56 20 30 29 30 22
split_gain=7.3504 7.4471 14.0124 10.3563 14.604 9.38796 15.3569 10.7528 9.52084 16.3445 21.9628 17.5377 13.5643 13.0114
threshold=-89.84999999999998 85.805000000000021 0 87.500000000000014 66.500000000000014 -2.878333333333333 1 7.8235778320532994 1.0000000180025095e-35 -38.524999999999984 2 3 4 5.6875000000000009
decision_type=8 10 9 8 10 8 9 2 2 10 9 9 9 8
left_child=-1 5 3 4 -3 6 7 -2 9 11 -11 -7 -10 -14
right_child=1 2 -4 -5 -6 8 -8 -9 12 10 -12 -13 13 -15
leaf_value=-0.017136485752028075 -0.013164556249955651 0.0046758468281165848 -0.007465739145212015 -0.017364989212132916 0.043408496829584448 0.004668566518101506 0.026307123193882072 0.048230165707328826 -0.0014181332929848215 0.0055057673652412452 -0.014825483098328618 -0.0050006667256682225 -0.0085486704405446905 0.011117830927085922
leaf_weight=59.207698269747198 59.138168702833354 289.53152218461037 685.17301603686064 45.361939338967204 25.611390918493271 1322.0657697594725 81.941533084027469 7.103298967704176 595.18309047352523 195.20471910852939 389.57282603578642 713.31561468169093 95.183701913803816 681.16714302264154
leaf_count=463 465 1608 4382 258 134 11135 536 66 4504 1723 4174 4938 971 4892
internal_value=0.000233318 0.000434909 -0.00333329 0.00459904 0.00795097 0.00138728 0.0137023 -0.00518981 0.000926794 -0.000840058 -0.00819999 0.00127748 0.00430031 0.00858826
internal_weight=5244.76 5185.55 1045.68 360.505 315.143 4139.88 148.183 66.2415 3991.69 2620.16 584.778 2035.38 1371.53 776.351
internal_count=40249 39786 6382 2000 1742 33404 1067 531 32337 21970 5897 16073 10367 5863
cat_boundaries=0 2 4 6 7 9
cat_threshold=1812208976 1 1130912840 24 3229623317 24 574469 1134635026 5
is_linear=0
shrinkage=0.05


Tree=181
num_leaves=15
num_cat=4
split_feature=7 30 29 15 8 11 27 24 10 30 25 0 25 30
split_gain=8.05114 13.2707 15.7655 14.9054 14.2666 14.1338 12.6256 24.2202 29.747 19.7236 18.2327 17.74 17.5951 20.0263
threshold=5.5000000000000009 0 1 5.6795845910692897 -1.4999999999999998 5.9453551572408392 0.49644783015827598 0.45113630714682929 4.5000000000000009 2 1.1299496583367972 90.50500000000001 0.50272655615572071 3
decision_type=2 9 9 8 10 2 10 10 2 9 10 10 10 9
left_child=6 2 -2 5 -5 -3 7 -1 11 10 -8 -9 13 -11
right_child=1 3 -4 4 -6 -7 9 8 -10 12 -12 -13 -14 -15
leaf_value=0.0013068571288796674 0.0059496529689158908 -0.0046975627622257042 -0.0093833500156594099 0.018357941766199617 -0.0074175441440844361 0.0084616453336792807 -0.02986187724655778 0.019703435287049625 0.039626330346282525 0.03122191816354174 0.0045731289703550672 -0.013023015929945279 -0.0059703057624624816 0.00041923860926562423
leaf_weight=1432.6580444416031 199.1030504964292 293.55762617941946 924.6556651876308 57.744368148036301 627.80852861236781 664.29228593036532 120.35155591368675 89.934327855706215 97.06597787514329 71.75111597776413 55.912368826568127 75.10527466610074 380.29873883165419 157.23988994956017
leaf_count=7618 1586 2471 10394 471 6757 5481 867 425 481 363 264 367 1939 727
internal_value=-0.000627838 -0.00248164 -0.00663537 0.00039892 -0.00522289 0.00442798 0.00144051 0.00386857 0.0178126 -0.00379606 -0.0179614 0.00482173 0.000608927 0.0115404
internal_weight=5247.48 2767.16 1123.76 1643.4 685.553 957.85 2480.32 1694.76 262.106 785.554 176.264 165.04 609.29 228.991
internal_count=40211 27160 11980 15180 7228 7952 13051 8891 1273 4160 1131 792 3029 1090
cat_boundaries=0 2 3 4 6
cat_threshold=3257847129 32 4334849 1619591684 33859842 10
is_linear=0
shrinkage=0.05


Tree=182
num_leaves=15
num_cat=1
split_feature=1 25 8 6 3 6 27 25 27 21 30 18 27 8
split_gain=6.78066 12.7392 12.4165 18.5139 9.28428 7.96933 10.9199 6.62742 13.841 10.4352 11.5293 9.02477 8.67354 8.17471
threshold=0.28215467328370564 0.08901377287852974 1.0000000180025095e-35 34.500000000000007 0.0092341235747810547 38.500000000000007 0.44609093105304304 -0.42766211864949233 0.017907534696330902 1.0527474684438116 0 -1.4787499999999996 0.75532245537441589 17.500000000000004
decision_type=8 10 10 10 10 10 8 8 10 8 9 10 10 8
left_child=1 4 -3 -4 5 6 -1 8 -2 -10 11 -11 -12 -14
right_child=7 2 3 -5 -6 -7 -8 -9 9 10 12 -13 13 -15
leaf_value=0.16814015384344061 0.048850458662859725 -0.022197912346815656 0.11634284655822442 -0.039299378284971848 -0.0093758892527040401 -0.018216618826558888 0.018300503605868917 0.00018940368476255164 -0.046342722856214179 0.0023012670266347574 -0.021757025992182804 0.071942512355659058 0.040052975290297117 -0.013824334813318327
leaf_weight=1.9527751235291342 8.5145003087818605 99.406278139445931 3.1257305890321723 2.8476483076810837 5.9964872011914849 1.4729433339089153 2.5381736187264323 4959.9411739804782 19.850025021471083 10.46360910870135 94.841087503358722 7.4760283268988124 11.59800201654434 15.136585734784605
leaf_count=76 72 2437 49 61 181 46 84 36164 290 66 547 49 51 69
internal_value=-0.000415316 -0.0122481 -0.0178608 0.0471492 0.0347662 0.0741226 0.10221 -0.000142212 -0.00988276 -0.0133058 -0.00830898 0.0219826 -0.0136051 0.0101501
internal_weight=5245.16 117.34 105.38 5.97338 11.9604 5.96389 4.49095 5127.82 167.88 159.365 139.515 17.9396 121.576 26.7346
internal_count=40242 2934 2547 110 387 206 160 37308 1144 1072 782 115 667 120
cat_boundaries=0 2
cat_threshold=33834240 1
is_linear=0
shrinkage=0.05


Tree=183
num_leaves=15
num_cat=2
split_feature=7 30 26 8 29 18 56 3 18 18 27 5 16 26
split_gain=7.49147 19.3222 16.7517 13.5975 13.8244 15.6113 16.3026 14.2351 11.6033 11.2552 11.2478 17.8405 16.3321 12.1044
threshold=2.5000000000000004 0 3898.5000000000005 72.500000000000014 1 -2.4100000000000024 1.5000000000000002 0.00341183768792877 -0.75249999999999939 -2.2999999999999994 0.52838817491855194 0.73668776371308031 10.007500000000002 3.5000000000000004
decision_type=2 9 2 10 9 8 2 10 8 10 10 8 8 2
left_child=1 2 8 4 5 6 -3 -7 -1 -5 12 -12 -9 -14
right_child=-2 3 -4 9 -6 7 -8 10 -10 -11 11 -13 13 -15
leaf_value=-0.024764465535379761 -0.00046820621267320791 -0.040976237708300008 0.029398668301761667 0.065689449174804654 -0.0059285083850519026 -0.014631639425145594 0.034813027588601039 0.041586210878086748 -0.0025261765312526549 0.0053100690242775736 -0.023613693265510036 0.026320613215639943 0.036112990897954743 0.0037063044125619626
leaf_weight=73.100685285404325 4331.3928023595363 22.974744921550155 33.384173940867186 18.983486656099561 117.77238092198968 31.118494944646955 9.2004743963479978 95.520961816422641 282.82917816564441 12.882930591702459 32.669713230803609 37.176887013018131 41.857438262552023 88.76275597140193
leaf_count=543 34193 254 192 111 795 312 66 549 1782 72 274 185 212 585
internal_value=0.000393873 0.00454682 -0.00385002 0.0108283 0.00887652 0.0135218 -0.0189083 0.0171718 -0.00715005 0.0421836 0.0205534 0.00296094 0.0259501 0.0142865
internal_weight=5229.63 898.234 389.314 508.92 477.054 359.281 32.1752 327.106 355.93 31.8664 295.988 69.8466 226.141 130.62
internal_count=40125 5932 2517 3415 3232 2437 320 2117 2325 183 1805 459 1346 797
cat_boundaries=0 2 3
cat_threshold=2743205376 27 9605124
is_linear=0
shrinkage=0.05


Tree=184
num_leaves=15
num_cat=2
split_feature=4 8 15 24 1 11 27 15 30 2 30 56 25 52
split_gain=7.39599 7.26663 10.132 9.74532 9.46481 7.39608 8.09478 6.53155 12.0589 6.01709 10.8532 7.74573 13.391 7.65629
threshold=-68.855123495675159 -2.4999999999999996 1.3190328924799564 0.45493647851626112 0.20773398094526438 5.4942746986067545 0.35846864320972821 -7.9836932176979936 0 69.717070069027798 1 20.500000000000004 1.9309819269686621 1.0000000180025095e-35
decision_type=8 8 8 10 10 2 8 8 9 2 9 2 10 2
left_child=-1 2 -2 4 -4 -6 -7 8 -3 13 -11 -12 -13 -9
right_child=1 7 3 -5 5 6 -8 9 -10 10 11 12 -14 -15
leaf_value=-0.016960401885797966 0.045914828941085006 0.025355584014138472 0.049412346235585658 0.054274231952316759 0.033882348094359291 0.00029689624952391796 -0.038800439102902068 -0.00024213334495692027 -0.0047100718097820718 -0.025669929017273864 -0.0051758961195806259 -0.034694598207983103 0.036100847196817103 0.014564506292404101
leaf_weight=63.546587011776865 18.349669817835093 57.23709406517446 7.4271292313933364 8.1259490922093374 8.6377703100442869 37.54824199154973 19.43609656020999 4457.4178519453853 64.487191106192768 50.647124513983727 324.30675695091486 7.9274613298475733 26.714909613132477 88.050097706727684
leaf_count=409 114 356 64 48 51 228 120 35116 425 381 2179 49 169 575
internal_value=-0.00013984 6.98927e-05 0.0133819 0.00555854 -0.000520332 -0.00682858 -0.0134775 -0.000193658 0.0112011 -0.00047578 -0.00627243 -0.00268404 0.0193813 4.78259e-05
internal_weight=5239.86 5176.31 99.5249 81.1752 73.0492 65.6221 56.9843 5076.79 121.724 4955.06 409.596 358.949 34.6424 4545.47
internal_count=40284 39875 625 511 463 399 348 39250 781 38469 2778 2397 218 35691
cat_boundaries=0 2 4
cat_threshold=17408094 24 570459136 34
is_linear=0
shrinkage=0.05


Tree=185
num_leaves=15
num_cat=2
split_feature=25 10 24 21 21 30 23 0 5 7 27 24 24 29
split_gain=6.37714 6.4626 12.3923 11.4064 14.5576 10.7674 15.5078 14.7057 13.6609 11.372 9.85759 19.8143 37.2726 33.3645
threshold=18.628299229042973 1.0000000180025095e-35 0.062762960514154906 1.0651122481805213 1.0361849426163536 0 1.1027777777777781 70.455000000000013 0.32317424242424247 6.5000000000000009 0.31852008328556464 0.34512024166922123 0.35519885781997573 1
decision_type=10 2 8 10 10 9 8 8 10 2 8 8 8 9
left_child=1 2 -1 4 5 6 7 -4 -7 -9 -3 13 -13 -12
right_child=-2 10 3 -5 -6 8 -8 9 -10 -11 11 12 -14 -15
leaf_value=-0.043861624583475284 -0.04439600694089519 -0.001574524097304721 0.044816302864782769 -0.0316748194778066 0.038613175648600784 -0.0005302921916069648 0.00017421203777282564 0.017016853655396617 -0.013115066305464268 -0.032719093803732439 0.0013268858500650026 -0.030920815280232352 0.0030815367557510214 0.028082754028494535
leaf_weight=16.385242206510156 6.8703428469598284 1300.5599635755643 39.070560667663813 29.618508913554251 22.016449697315693 616.01958145946264 605.24452703725547 51.593068234622478 330.8529653782025 13.732275394722818 282.70237302780151 83.745412707328796 1645.6311441655271 195.35575052909553
leaf_count=190 79 11960 286 200 120 4748 4285 240 2141 85 2017 613 11886 1359
internal_value=0.000578393 0.000645916 -0.00185957 -0.00143124 -0.000879035 -0.0014269 0.00321155 0.0209568 -0.00488528 0.006226 0.00187779 0.0039116 0.00141805 0.0129102
internal_weight=5239.4 5232.53 1724.53 1708.15 1678.53 1656.51 709.64 104.396 946.873 65.3253 3507.99 2207.43 1729.38 478.058
internal_count=40209 40130 12295 12105 11905 11785 4896 611 6889 325 27835 15875 12499 3376
cat_boundaries=0 2 3
cat_threshold=3320164882 40 4743172
is_linear=0
shrinkage=0.05


Tree=186
num_leaves=15
num_cat=2
split_feature=11 3 24 8 15 0 30 7 5 30 19 13 25 24
split_gain=6.59711 8.99933 12.4353 10.3673 9.57535 7.66143 7.84472 7.44269 14.5474 16.5452 14.2598 15.8599 23.4441 17.7977
threshold=5.2397874187367011 0.20449329607904737 0.16324503604625265 22.500000000000004 3.3815508569783259 90.00500000000001 0 8.5000000000000018 0.17244385964912282 1 84.225000000000009 8.9575000000000014 2.2301052977928459 0.49529212000907136
decision_type=2 10 10 10 10 8 9 2 10 9 10 8 10 10
left_child=1 2 -1 5 -4 6 -3 -2 -9 -10 11 13 -13 -11
right_child=7 3 4 -5 -6 -7 -8 8 9 10 -12 12 -14 -15
leaf_value=0.041863343022726526 0.0021092865241192451 0.020775794697718883 -0.008632389728495532 0.00017338015384949759 0.041912186517111032 -0.026179504445691407 -0.014132557604104583 0.0012555930117430227 -0.013343939471587258 0.018855139233962752 -0.012302404704028498 -0.017602251364051146 0.063811280881848481 0.087359093344734448
leaf_weight=19.034137395210564 2959.2712067477405 14.138856697827576 71.295287649147213 122.67043034359813 9.7676906529813987 112.7608035588637 34.260794673115015 1243.6700536767021 436.5911099659279 54.991363848559558 82.239296771585941 51.70613272767514 9.6286611836403591 10.711068812757729
leaf_count=267 16340 111 766 785 79 722 257 13741 5041 590 576 717 97 100
internal_value=4.41833e-05 -0.00625628 0.00658686 -0.0107928 -0.0021055 -0.0190896 -0.00237595 0.00054424 -0.00190665 -0.00798834 0.00365555 0.0142871 -0.00400287 0.0311652
internal_weight=5232.74 383.928 100.097 283.831 81.063 161.16 48.3997 4848.81 1889.54 645.868 209.277 127.037 61.3348 65.7024
internal_count=40189 2987 1112 1875 845 1090 368 37202 20862 7121 2080 1504 814 690
cat_boundaries=0 2 4
cat_threshold=1082654722 36 2743918666 46
is_linear=0
shrinkage=0.05


Tree=187
num_leaves=15
num_cat=2
split_feature=3 29 29 15 15 6 2 28 1 7 6 23 28 7
split_gain=8.28202 23.8951 15.0439 12.8624 11.6706 11.6442 11.5603 10.7333 16.3416 17.2121 13.6854 14.2799 11.8756 15.321
threshold=0.41918750472597072 0 1 6.6474882150711201 0.044732960187029942 5.5000000000000009 -0.044993499084339243 0.24540429334335073 0.84240094618568906 14.500000000000002 31.500000000000004 1.435416666666667 0.1392721873547659 9.5000000000000018
decision_type=8 9 9 10 10 10 2 10 8 2 10 8 10 2
left_child=1 3 5 -1 6 -2 -3 12 10 -10 11 -9 -6 -14
right_child=2 4 -4 -5 7 -7 -8 8 9 -11 -12 -13 13 -15
leaf_value=0.015278929993535221 0.0015804576718372572 0.019873641203060205 -0.0077240685579487104 -0.0099455715635909034 -0.022645679868322586 -0.0092898487416537626 -0.007661003491445645 0.062686386408107225 0.012980686773781223 -0.013175860911566263 0.024120320550733692 -0.014296285796217523 -0.015490235728306646 0.033520571322278946
leaf_weight=439.93595020473003 2401.4161090357229 39.959024738520384 698.80194776505232 56.387661205604672 15.062161391600965 273.50885179033503 558.25607369560748 5.2099851295351982 305.66935101430863 78.255955537781119 27.87073349300772 233.18546075373888 19.247135749086738 79.583181543275714
leaf_count=4951 14401 366 4168 434 187 3047 6453 37 1713 772 369 2529 112 685
internal_value=0.00022128 0.00290049 -0.00125515 0.0121545 -0.000562478 0.000464187 -0.00579167 0.00352642 0.00103531 0.00762879 -0.00846471 -0.0123591 0.0176149 0.0239162
internal_weight=5232.35 1858.62 3373.73 496.324 1362.3 2674.92 598.215 764.084 650.191 383.925 266.266 238.395 113.892 98.8303
internal_count=40224 18608 21616 5385 13223 17448 6819 6404 5420 2485 2935 2566 984 797
cat_boundaries=0 1 2
cat_threshold=1578294 4251965
is_linear=0
shrinkage=0.05


Tree=188
num_leaves=15
num_cat=3
split_feature=25 24 30 28 10 26 13 10 30 28 22 30 26 27
split_gain=7.7351 6.67991 15.0239 10.1918 14.267 13.7891 7.15921 6.73789 13.3354 9.00173 15.07 17.3854 15.714 15.0263
threshold=18.628299229042973 0.091038126988424853 0 0.24940367255737442 1.0000000180025095e-35 23.500000000000004 11.002500000000001 22.500000000000004 1 0.22212822191257417 13.840000000000002 2 339.50000000000006 0.14204520831250164
decision_type=10 8 9 10 2 2 10 2 9 8 8 9 2 10
left_child=1 2 3 4 -1 -6 -4 9 -9 10 11 12 13 -3
right_child=-2 7 6 -5 5 -7 -8 8 -10 -11 -12 -13 -14 -15
leaf_value=-0.020346358295407409 -0.050196375284879163 0.04378096580824048 -0.023414618337795991 -0.033502070225483543 0.095420548934934735 0.019571611176030863 0.025318652990574314 -0.022160987468177587 0.00068636943627539465 0.00039847290739996222 0.015061410989422203 -0.023690136521444097 0.07932645590356914 -0.023550384900263094
leaf_weight=10.812520841136573 6.6111980974674216 12.7599910935387 107.17819670308381 7.6476791491731992 8.4083945993334073 18.486221314407885 7.2960521541535845 84.330712463706732 199.86799507122487 4414.0383871025406 254.59371884353459 55.789103036280721 7.6242257533594957 19.844909559935331
leaf_count=85 81 133 1594 138 63 202 47 749 1601 32093 2136 827 89 222
internal_value=0.00017225 0.000245804 -0.00978575 0.0132921 0.0268371 0.0458558 -0.018513 0.000565243 -0.00690006 0.00101188 0.00871133 -0.00810769 0.0155312 0.00331857
internal_weight=5215.29 5208.68 159.829 45.3548 37.7071 26.8946 114.474 5048.85 284.199 4764.65 350.612 96.0182 40.2291 32.6049
internal_count=40060 39979 2129 488 350 265 1641 37850 2350 35500 3407 1271 444 355
cat_boundaries=0 2 4 6
cat_threshold=35669265 62 1663059970 49 1112571912 7
is_linear=0
shrinkage=0.05


Tree=189
num_leaves=15
num_cat=1
split_feature=25 28 28 28 25 27 24 26 25 7 14 29 24 19
split_gain=7.41622 5.76878 23.5267 14.1117 12.4578 21.5726 19.532 17.8448 15.5013 15.3579 14.788 13.788 14.0268 12.9799
threshold=18.628299229042973 0.39531472888517366 0.39342620722792448 0.39299388449336853 0.87270503877194094 0.57328632570346405 0.29917191815458827 2366.0000000000005 1.6755524804656619 2.5000000000000004 3.8637500000000009 0 0.35494648639296744 94.330000000000013
decision_type=10 10 10 10 10 10 10 2 10 2 10 9 10 8
left_child=1 2 3 -1 5 7 8 10 -6 -9 11 12 13 -3
right_child=-2 4 -4 -5 6 -7 -8 9 -10 -11 -12 -13 -14 -15
leaf_value=0.0001165754145696064 -0.049870466526050761 -0.024350239283300146 0.020084370671877502 -0.044201469647303322 0.039843698782879723 0.0051721879965851512 -0.00072362690678143651 0.07079750822052959 -0.011090740843191079 -0.010094456656152594 0.01223834013181881 0.0092307075505967725 -0.013202206722707208 -0.066548657529599584
leaf_weight=3049.0984523356892 6.6208723019808522 103.61547938082367 149.80256178043783 17.068571189418435 53.089202942326665 272.51043349318206 978.32948775403202 11.095718681812288 20.126473743468523 10.971038873307405 53.049905002117157 51.103074033744633 436.59052094444633 21.918801326304674
leaf_count=24219 86 1119 984 116 320 1832 6738 57 149 82 357 378 3459 215
internal_value=-0.00058196 -0.000510019 0.000803764 -0.000144463 -0.0026089 -0.00672128 0.00115162 -0.0114305 0.0258814 0.031886 -0.0129107 -0.0151028 -0.0171861 -0.032186
internal_weight=5234.99 5228.37 3215.97 3066.17 2012.4 960.855 1051.55 688.345 73.2157 22.0668 666.278 613.228 562.125 125.534
internal_count=40111 40025 25319 24335 14706 7499 7207 5667 469 139 5528 5171 4793 1334
cat_boundaries=0 1
cat_threshold=5284114
is_linear=0
shrinkage=0.05


Tree=190
num_leaves=15
num_cat=2
split_feature=14 11 30 6 3 10 1 29 18 28 27 28 28 14
split_gain=8.01321 6.49654 9.07541 9.91344 9.64696 6.8653 8.72028 11.8847 11.402 6.33235 7.65904 6.32849 6.27642 6.12024
threshold=17.543750000000006 5.183803973472398 0 -16.499999999999996 inf 1.0000000180025095e-35 2.6337398373983745 1 6.2674999999999992 0.23171548710365794 0.61033660156467995 0.39780505146415784 0.37358367220591432 4.8762500000000015
decision_type=10 2 9 8 8 2 8 9 8 10 10 10 10 10
left_child=1 2 3 12 5 -4 7 8 -7 -10 11 -11 -1 -5
right_child=-2 -3 4 13 -6 6 -8 -9 9 10 -12 -13 -14 -15
leaf_value=0.057885079155003731 -0.017507636150991067 0.0010859810284025164 -0.025729597528916254 -0.015540111860309017 0.025469262189366616 -0.032413737984125938 -0.031202774081973295 -0.018160290061718664 0.056089876699240308 0.018005804625064924 0.053947949562191115 -0.017650602710402568 0.011499560961731436 0.035306993306577265
leaf_weight=12.215294162742795 60.62643482722342 4859.7884356877767 74.999236924573779 31.364909330382943 16.297468134202063 11.833535589277743 30.389097297564149 53.233500547707081 8.9535163668915612 32.637626180425286 8.4678729102015478 18.797412187792361 17.709999391809106 6.2652795780450097
leaf_count=83 417 37432 530 320 188 93 199 425 53 214 52 144 111 39
internal_value=0.000416047 0.000629042 -0.00622461 0.00933972 -0.0103203 -0.0132829 -0.00748043 -0.00190613 0.0099173 0.0189718 0.012594 0.00488674 0.0316933 -0.00637944
internal_weight=5243.58 5182.95 323.165 67.5555 255.609 239.312 164.313 133.923 80.69 68.8564 59.9029 51.435 29.9253 37.6302
internal_count=40300 39883 2451 553 1898 1710 1180 981 556 463 410 358 194 359
cat_boundaries=0 2 3
cat_threshold=587999250 24 14319616
is_linear=0
shrinkage=0.05


Tree=191
num_leaves=15
num_cat=1
split_feature=7 30 26 2 59 24 18 10 8 1 0 32 31 25
split_gain=7.27833 13.5961 9.19228 9.90648 7.53356 9.18131 7.50121 7.16902 9.56888 14.2358 7.24995 6.49477 11.1739 13.5149
threshold=-9.4999999999999982 0 21.500000000000004 80.726351006682449 1.0000000180025095e-35 0.40535978278548251 -1.7499999999999993 28.500000000000004 9.5000000000000018 1.6160256410256413 99.315000000000012 2.5000000000000004 1.5000000000000002 1.2796867252346116
decision_type=2 9 2 2 10 10 10 2 10 8 10 8 2 10
left_child=1 2 -1 7 11 -6 -3 8 9 -4 -10 12 -2 -14
right_child=4 6 3 -5 5 -7 -8 -9 10 -11 -12 -13 13 -15
leaf_value=-0.024162807077777466 0.030388428255004568 -0.034980261578851465 0.003733278661032942 -0.038430620775484522 -0.051684558287026776 0.0044713407585838293 -0.0046334608637356566 -0.019023565872928867 0.045887483058248517 0.10334526607125015 -0.024299492238889091 7.9227348499201955e-05 -0.025543922297536954 0.015790073629077164
leaf_weight=12.858065189793704 47.553403444588184 56.17713319696486 5.587692342698575 4.7570731611922374 14.37002389971167 13.547330516390501 32.158263837918639 4.9680914860218754 6.0860658660531026 9.4180737882852554 6.7340180184692144 4909.0213857046328 30.849753150716424 51.168097550049424
leaf_count=147 260 702 48 53 148 102 275 64 42 89 99 37394 258 324
internal_value=-8.44304e-05 -0.0113411 0.00926328 0.0234416 0.000226007 -0.0252218 -0.0216812 0.0332884 0.0429643 0.0688035 0.00992968 0.000371982 0.0113779 0.00012251
internal_weight=5205.25 138.744 50.4091 37.551 5066.51 27.9174 88.3354 32.7939 27.8259 15.0058 12.8201 5038.59 129.571 82.0179
internal_count=40005 1519 542 395 38486 250 977 342 278 137 141 38236 842 582
cat_boundaries=0 2
cat_threshold=1083236630 32
is_linear=0
shrinkage=0.05


Tree=192
num_leaves=15
num_cat=3
split_feature=14 59 7 29 28 30 28 0 22 11 28 30 25 19
split_gain=7.04303 6.74842 6.79953 16.071 15.5148 17.4646 15.308 13.677 13.7408 12.7239 12.5535 11.845 11.7693 11.7017
threshold=-20.937499999999996 1.0000000180025095e-35 3.5000000000000004 0 0.2712453547943186 1 0.24737209452960682 89.915000000000006 -3.3199999999999998 5.7559953335914456 0.48023363635565952 2 0.40821184802353827 94.925000000000011
decision_type=8 10 2 9 8 9 10 10 8 2 8 9 8 10
left_child=-1 2 3 4 6 10 9 -4 -9 12 -6 -10 -2 -5
right_child=1 -3 7 13 5 -7 -8 8 11 -11 -12 -13 -14 -15
leaf_value=-0.04650896465520786 0.075122712157811189 -0.022233554759239011 0.00026757492134973183 -0.0030844246830233706 -0.010248886339585261 0.0095654078928267793 0.053437580495645502 -0.042655309173167649 0.0075446223401198559 -0.0046904203104734393 0.014354504317766748 -0.012410257491580052 0.007975196925540582 -0.033543153324126218
leaf_weight=7.0846176370978355 11.215185815468429 32.324033697135746 3530.029609920457 267.96223674714565 248.28657606430352 571.83211795706302 31.502341859042645 28.293014425784349 97.607841549441218 44.247895698994398 64.5296262614429 250.91979515738785 14.589640200138094 34.782570421695709
leaf_count=43 85 285 30057 1604 1453 3325 207 133 573 293 402 1447 85 211
internal_value=0.000123142 0.000195215 0.000339 0.00348657 0.00654565 0.00447216 0.0250264 -0.000700071 -0.00974163 0.0116778 -0.00498513 -0.00695535 0.0388724 -0.00646976
internal_weight=5235.21 5228.12 5195.8 1288.95 986.203 884.648 101.555 3906.85 376.821 70.0527 312.816 348.528 25.8048 302.745
internal_count=40203 40160 39875 7665 5850 5180 670 32210 2153 463 1855 2020 170 1815
cat_boundaries=0 1 3 5
cat_threshold=13799429 2724428290 27 554273856 20
is_linear=0
shrinkage=0.05


Tree=193
num_leaves=15
num_cat=4
split_feature=2 30 11 30 11 25 7 4 30 14 25 3 26 30
split_gain=5.86436 6.47515 5.50878 11.5927 9.47187 11.9492 17.3538 12.0641 15.3631 9.46772 8.73152 8.54143 8.4685 8.09505
threshold=306.01874524667534 0 5.7223752066316074 1 5.4298936837437735 1.2476758521026643 5.5000000000000009 -42.327129264774875 2 7.8712500000000007 0.60928368815613487 0.66432269414964529 175.50000000000003 3
decision_type=2 9 2 9 2 10 2 10 9 8 10 10 2 9
left_child=2 -2 3 4 5 7 -7 8 11 10 -5 -1 -12 -4
right_child=1 -3 13 9 -6 6 -8 -9 -10 -11 12 -13 -14 -15
leaf_value=0.056546491466723192 0.012230983492081619 -0.019791997311593437 -0.0029482909066723575 0.0015961679639468721 -0.017017776416761068 0.044079119083354712 -0.0087363536730413107 -0.02130009311858222 -0.016450666705458247 -0.0012269887652738651 -0.0051928616461527832 0.0065383886975420432 0.034032001286805183 0.0028312600564794686
leaf_weight=17.524482821114361 15.301173754036425 54.873369799926877 751.90662665246055 93.803186651319265 197.64945531636477 28.958857733756304 31.775420741178095 87.77705773897469 31.679905436001718 844.82127027073875 17.863902638666332 16.386455308645964 55.571148331277072 2973.4298277995549
leaf_count=122 115 392 5660 747 1460 140 339 684 272 6482 157 100 323 23147
internal_value=0.00045608 -0.0137981 0.000652983 -0.00199147 -0.00893728 -0.00184878 0.0167528 -0.00927588 0.00689376 0.000919575 0.0117607 0.025855 0.0245485 0.00166395
internal_weight=5219.32 70.1745 5149.15 1423.81 411.752 214.102 60.7343 153.368 65.5908 1012.06 167.238 33.9109 73.4351 3725.34
internal_count=40140 507 39633 10826 3117 1657 479 1178 494 7709 1227 222 480 28807
cat_boundaries=0 1 3 5 7
cat_threshold=1573890 26284109 11 1114120 8 138841344 48
is_linear=0
shrinkage=0.05


Tree=194
num_leaves=15
num_cat=2
split_feature=3 29 7 2 26 26 7 29 3 33 27 11 28 56
split_gain=5.95526 17.0278 11.7827 12.8175 10.3354 10.3406 15.4882 15.4822 16.4108 15.2392 14.2673 13.5948 11 10.7706
threshold=0.1884473328175387 0 30.500000000000004 51.959620629299479 64.500000000000014 209.50000000000003 11.500000000000002 1 0.95631943737007397 0.90000000000000013 0.51638388117311951 6.094630149362775 0.52708231543002382 10.500000000000002
decision_type=8 9 2 2 2 2 2 9 8 2 8 2 10 2
left_child=1 2 3 -1 -2 7 10 9 11 -6 12 -9 -7 -8
right_child=4 -3 -4 -5 5 6 13 8 -10 -11 -12 -13 -14 -15
leaf_value=0.027049988015484496 -0.0032508948301791882 0.00019980158172198221 -0.003129561971752931 -0.017999971516591468 -0.0058759238308227551 0.0038010904834309329 -0.017283655102635357 -0.014682727267281037 0.023875474378922096 0.027662048212488466 -0.0058127325244609349 0.0043720955296156138 0.034274641522846025 0.006346254072381128
leaf_weight=158.65603891573846 1673.9503048313782 704.44448915449902 58.880974342115223 16.831908330321312 43.843224317766726 1139.4635954955593 195.03519180463627 133.44382010772824 74.030421616509557 143.42231879383326 457.08744549751282 307.22494467627257 29.426671139895916 63.370769226923585
leaf_count=1599 11288 7904 1501 124 308 6478 2617 1005 538 830 2978 2214 149 526
internal_value=0.000603855 0.00420644 0.0155289 0.0226515 -0.000190823 0.00179022 -0.000140323 0.00696549 0.00221605 0.0188208 0.00166882 -0.00141829 0.0045969 -0.0114866
internal_weight=5199.11 938.813 234.369 175.488 4260.3 2586.35 1884.38 701.965 514.699 187.266 1625.98 440.669 1168.89 258.406
internal_count=40059 11128 3224 1723 28931 17643 12748 4895 3757 1138 9605 3219 6627 3143
cat_boundaries=0 1 2
cat_threshold=660628 5799954
is_linear=0
shrinkage=0.05


Tree=195
num_leaves=15
num_cat=3
split_feature=0 30 24 7 17 3 3 22 22 30 8 30 26 31
split_gain=7.63873 10.8794 11.6157 11.5159 12.1299 13.3908 9.91949 9.66221 12.4067 13.0786 12.4105 9.6866 13.0528 10.5055
threshold=89.915000000000006 0 0.57362542690136709 3.5000000000000004 1.0000000180025095e-35 0.89898908630946772 0.27999741232124259 -2.878333333333333 -3.2016666666666662 1 22.500000000000004 2 1272.5000000000002 1.5000000000000002
decision_type=10 9 10 2 2 10 8 8 10 9 10 9 2 2
left_child=7 2 6 -3 5 -5 -2 8 9 10 -1 12 -9 -14
right_child=1 3 -4 4 -6 -7 -8 11 -10 -11 -12 -13 13 -15
leaf_value=0.040405110977765654 -0.039904249232613098 0.0089728964438625138 -0.036486581011731627 -0.028176650426257683 0.013903908652212527 0.0056537950771753664 -0.0053514805274379367 -0.00055635315767083634 0.05705504935255467 -0.0044733541519943352 -0.009362367918275329 0.0018670809649198141 -0.010593101874370056 -0.047955464349257432
leaf_weight=46.672542524524033 20.915298474021256 239.51942305825651 35.578406943008304 79.926540589891374 45.570240823552012 45.352372296154499 412.98123715724796 773.70608655549586 13.47041057422757 89.867333733476698 16.546922240406275 3170.807120334357 225.66024703346193 19.678462665528059
leaf_count=293 135 1384 300 450 260 249 2674 6562 107 673 100 25081 1732 237
internal_value=0.000117671 -0.00412906 -0.00920869 0.00186889 -0.00797597 -0.0159819 -0.00710497 0.000976114 0.0127498 0.00850636 0.0237395 0.000505148 -0.00371216 -0.0137724
internal_weight=5236.25 879.844 469.475 410.369 170.849 125.279 433.897 4356.41 166.557 153.087 63.2195 4189.85 1019.04 245.339
internal_count=40237 5452 3109 2343 959 699 2809 34785 1173 1066 393 33612 8531 1969
cat_boundaries=0 2 4 6
cat_threshold=48881935 18 2685775874 7 1610958866 7
is_linear=0
shrinkage=0.05


Tree=196
num_leaves=15
num_cat=3
split_feature=27 37 25 30 29 11 54 25 19 0 21 30 16 3
split_gain=9.05492 5.55783 6.58876 5.67017 10.2999 11.9819 10.526 10.3011 9.6912 12.2817 9.55444 9.44686 9.32508 8.8145
threshold=0.93813395428503765 1.0000000180025095e-35 2.538030712687767 0 1 6.1847775311874562 4.5000000000000009 1.3651471588870314 84.725000000000009 99.745000000000019 4.2297291979101406 2 -1.1491666666666658 0.25705324312537309
decision_type=10 2 10 9 9 2 8 10 8 10 10 9 8 8
left_child=1 3 -3 4 7 6 -6 -1 9 13 -5 12 -10 -7
right_child=-2 2 -4 10 5 8 -8 -9 11 -11 -12 -13 -14 -15
leaf_value=0.026154746150907883 -0.03208995582887008 0.025272636975305469 -0.018140602651393469 0.00083393312536322547 0.046458008769983669 0.015492337194316676 -0.009668643566567256 -0.016736228017336579 0.030545046788014524 0.05374650517430473 -0.039206435341568098 -0.0091801441431402838 -2.9448319896637585e-05 -0.00071304719935416975
leaf_weight=57.331484820693731 21.601035348139703 39.510596413165331 10.36343052703887 3385.3270660536364 7.4880812559276819 117.37493806192651 650.3199969837442 17.656687915325165 27.476682912558317 11.814665101468561 13.964837137609718 368.47548634745181 200.71242061350495 287.93454208737239
leaf_count=393 412 245 86 25606 101 1420 5426 132 181 77 101 2452 1517 2036
internal_value=-0.000510337 -0.000372897 0.0160724 -0.000535377 -0.0028407 -0.00368845 -0.00896018 0.0141113 -0.000298717 0.00554052 0.00065603 -0.00438333 0.00361171 0.0040065
internal_weight=5217.35 5195.75 49.874 5145.88 1746.58 1671.6 657.808 74.9882 1013.79 417.124 3399.29 596.665 228.189 405.309
internal_count=40185 39773 331 39442 13735 13210 5527 525 7683 3533 25707 4150 1698 3456
cat_boundaries=0 2 3 5
cat_threshold=1109144578 3 4194465 1576962 2
is_linear=0
shrinkage=0.05


Tree=197
num_leaves=15
num_cat=2
split_feature=8 28 27 23 0 13 7 31 13 24 30 29 28 24
split_gain=6.48488 6.82535 6.64194 13.5761 11.7024 10.2267 9.64315 11.4551 9.07626 6.73854 15.7583 16.1394 15.2966 14.9504
threshold=-2.4999999999999996 0.23038854425939401 0.090537162315749029 4.5566666666666675 84.405000000000015 8.5012500000000024 22.500000000000004 2.5000000000000004 -1.0000000180025095e-35 0.3431973822608344 0 1 0.31971911231982536 0.3586653709102689
decision_type=8 8 8 10 10 8 2 2 10 10 9 9 8 10
left_child=1 -1 3 4 5 -2 -7 8 -8 10 11 -4 -12 -11
right_child=2 -3 9 -5 -6 6 7 -9 -10 13 12 -13 -14 -15
leaf_value=0.046896278271977621 -0.028721714216546991 0.0077394469697071727 -0.019240747962060042 -0.048983214016386549 0.032103568609616627 -0.014404953470352555 0.075437745366683878 -0.012727341329369236 -0.02477664381804448 -0.013348067689554511 0.0013284846924157614 9.7463168077820405e-05 0.012464506774078636 -0.00017469338821443728
leaf_weight=11.813670359551905 43.909228161908686 90.053472608327866 118.6439024284482 18.982537476345897 17.627241015434265 30.85852631367743 10.558447072748093 9.6824963781982643 2.2913178624585298 232.79897015076131 741.3496574498713 651.85932837147266 527.33110717777163 2733.7438924787566
leaf_count=73 632 563 1084 567 106 256 239 187 41 1736 6201 5213 3864 19540
internal_value=0.00026203 0.0126923 1.32428e-05 -0.0109344 -0.0042816 -0.0111328 0.00359463 0.0278101 0.0570692 0.000308233 0.00252024 -0.00310919 0.00591678 -0.00121262
internal_weight=5241.5 101.867 5139.64 133.91 114.927 97.3 53.3908 22.5323 12.8498 5005.73 2039.18 770.503 1268.68 2966.54
internal_count=40302 636 39666 2028 1461 1355 723 467 280 37638 16362 6297 10065 21276
cat_boundaries=0 2 3
cat_threshold=1623112512 17 32768
is_linear=0
shrinkage=0.05


Tree=198
num_leaves=15
num_cat=2
split_feature=13 29 24 10 27 24 30 20 55 7 28 26 4 28
split_gain=7.10274 7.08534 12.7754 10.0779 14.9782 7.77364 13.2826 12.1113 7.91283 7.72454 7.3669 9.60006 6.73251 6.45124
threshold=-24.442499999999999 0 0.19796040286178571 1.0000000180025095e-35 0.063043910284583796 0.10290780546528669 1 15.004999999999997 7.5000000000000009 7.5000000000000009 0.16523359956869296 193.50000000000003 -79.598131102422641 0.36480405587265413
decision_type=8 9 8 2 10 8 9 8 10 2 8 2 8 10
left_child=-1 2 3 -2 -5 6 7 10 -8 -10 -3 -12 -7 -14
right_child=1 5 -4 4 -6 12 8 -9 9 -11 11 -13 13 -15
leaf_value=-0.026969070095687137 -0.030091570293985282 0.071364957097169182 -0.020202476115033285 0.086874455604430703 0.0022296767703808571 -0.019962680900751248 -0.025220210659662907 -0.015520896511015327 0.050981449571868266 -0.014378048038451871 0.040096683694078497 -0.032620817503970861 0.0024459907499572949 -0.001188849556334675
leaf_weight=24.039457581937313 7.5392010267823961 8.3965640021488088 103.93634239956737 7.4003619104623821 13.976648844778536 39.284121684730053 102.62626012042165 19.792548394296318 6.28156350553036 11.101632722653447 12.198866488412024 6.0199204618111244 2354.0174927255139 2533.5061053270474
leaf_count=147 56 92 847 35 128 252 1516 291 29 173 133 84 18079 18498
internal_value=-0.000402614 -0.000275275 -0.0112182 0.016921 0.0341051 3.42614e-05 -0.0105613 0.0112894 -0.0184433 0.0107286 0.0351551 0.015622 0.000394298 0.00056197
internal_weight=5250.12 5226.08 132.853 28.9162 21.377 5093.23 166.417 46.4079 120.009 17.3832 26.6154 18.2188 4926.81 4887.52
internal_count=40360 40213 1066 219 163 39147 2318 600 1718 202 309 217 36829 36577
cat_boundaries=0 1 3
cat_threshold=8519744 2183406849 55
is_linear=0
shrinkage=0.05


Tree=199
num_leaves=15
num_cat=0
split_feature=24 23 27 26 32 31 13 15 26 22 32 24 28 28
split_gain=6.66128 8.148 9.06664 9.1305 18.1665 13.5018 11.4408 7.75753 13.5767 7.59355 6.18171 9.20254 14.9134 15.275
threshold=0.091038126988424853 18.18729166666667 0.063043910284583796 149.50000000000003 3.5000000000000004 2.5000000000000004 11.002500000000001 -1.0513462182616988 25.500000000000004 4.2716666666666674 3.5000000000000004 0.32857769480605042 0.27018030933128789 0.30525248444956837
decision_type=8 10 10 2 8 2 10 10 2 8 8 8 8 8
left_child=1 2 3 4 5 9 -5 8 -4 -1 -2 12 -12 -14
right_child=10 -3 7 6 -6 -7 -8 -9 -10 -11 11 -13 13 -15
leaf_value=0.013247550574262891 0.00010006575576329411 -0.048234797618564945 -0.026438568824499398 -0.016725175815762768 -0.038792833435654879 -0.01004868795057288 0.052042568287299376 -0.028435261112328039 0.076419302625914065 0.090228685807863349 -0.011670924710877925 0.00087592902310333609 0.054730182193542753 0.013931976836553945
leaf_weight=4.7852517659775913 4501.5506876404397 11.613101324066518 7.0834974525496346 46.911074735689908 7.5035469979047802 7.1713131656870237 5.9402356706559649 52.306136490777135 4.3799553820863366 11.831342759076511 43.62997180223465 369.16735619865358 27.001100074499846 134.54456387832761
leaf_count=74 33141 443 119 563 79 120 36 580 57 100 481 3214 191 1065
internal_value=0.000406834 -0.00962136 -0.00628613 0.00448981 0.0254683 0.0464858 -0.00817312 -0.0203546 0.0158396 0.07007 0.000723834 0.00560409 0.0140659 0.0210458
internal_weight=5235.42 159.525 147.912 84.1428 31.2915 23.7879 52.8513 63.7696 11.4635 16.6166 5075.89 574.343 205.176 161.546
internal_count=40263 2171 1728 972 373 294 599 756 176 174 38092 4951 1737 1256
is_linear=0
shrinkage=0.05


Tree=200
num_leaves=15
num_cat=2
split_feature=14 3 30 30 22 4 7 6 56 10 7 0 7 3
split_gain=5.17157 5.1545 13.0911 9.30618 13.3207 12.4877 8.63228 8.51677 9.47313 8.3908 9.84773 11.0333 9.66761 7.88878
threshold=-20.937499999999996 0.57075255825820681 0 1 7.3066666666666675 -8.0664092242645591 5.5000000000000009 -49.499999999999993 14.500000000000002 22.500000000000004 6.5000000000000009 72.00500000000001 11.500000000000002 0.048506246207053731
decision_type=8 8 9 9 10 10 2 10 2 2 2 10 2 10
left_child=-1 2 7 4 -3 -5 -6 -2 9 10 13 -12 -13 -9
right_child=1 3 -4 5 6 -7 -8 8 -10 -11 11 12 -14 -15
leaf_value=-0.039627759498169157 0.020748291646566098 -0.0078052739936528507 -0.00096385734500376247 -0.002540441548728449 0.036910347929137943 0.0062988251613509605 -0.014299145312899542 -0.0082052967464339276 -0.042348612016563453 -0.017485162296931547 0.0039532413846188339 -0.054973246310446977 0.020200083974809876 0.018315438313380398
leaf_weight=7.3395698927342892 96.172461764886975 753.85146632790565 1788.9483364271 1298.0955652268603 27.109728793613613 576.05478895176202 11.003484166227279 31.725073100998998 9.4627275951206666 36.125335334800184 356.88878778461367 13.873619331046941 5.3937083669006816 211.14096951857209
leaf_count=45 775 4858 16437 8226 153 3490 127 222 71 348 4192 123 62 1045
internal_value=-0.000285137 -0.000222189 0.00138482 -0.00175899 -0.00625921 0.000177435 0.0221383 0.00682472 0.00488429 0.00563001 0.00700501 0.00192579 -0.0339708 0.0148317
internal_weight=5223.19 5215.85 2549.73 2666.12 791.965 1874.15 38.1132 760.783 664.61 655.147 619.022 376.156 19.2673 242.866
internal_count=40174 40129 23275 16854 5138 11716 280 6838 6063 5992 5644 4377 185 1267
cat_boundaries=0 2 4
cat_threshold=1109581843 23 1075308818 22
is_linear=0
shrinkage=0.05


Tree=201
num_leaves=15
num_cat=3
split_feature=11 22 33 50 30 24 56 28 7 28 30 30 8 18
split_gain=7.70847 7.65188 11.7755 10.9591 10.0726 12.1983 9.15076 20.5695 22.5636 16.8041 18.1413 15.4653 14.8707 14.2659
threshold=10.457109473321079 0.8633333333333334 0.70000000000000007 1.0000000180025095e-35 0 0.17447321946859198 1.0000000180025095e-35 0.25137563335549101 -1.0000000180025095e-35 0.31971911231982536 1 2 57.500000000000007 -0.54500000000000071
decision_type=2 10 2 2 9 8 2 8 2 8 9 9 8 8
left_child=1 3 -3 6 -4 -6 -1 11 -9 10 -10 -8 13 -13
right_child=-2 2 4 -5 5 -7 7 8 9 -11 -12 12 -14 -15
leaf_value=-0.00040057747590403986 -0.033552648612321649 0.028081648939327672 -0.020327977241032608 -0.029827688972447031 -0.028357457722882423 0.00012133027208446285 0.0031879074447818748 -0.017918230188320516 -0.025630877665720909 0.0067864657436749222 0.0019267215586894508 0.080796986417395689 0.062063154282713466 0.0099667560435399878
leaf_weight=2973.5189107800834 15.721176050603388 24.014165822416544 100.73483200836927 27.507036656141281 41.296820553019643 338.57724933326244 95.035144256427884 125.9486700091511 78.105272242799401 1114.9547371324152 183.182288473472 7.3677761852741241 34.414064820855856 50.056778457015753
leaf_count=23417 128 213 1180 167 803 3001 647 1157 544 6951 1293 44 218 326
internal_value=0.000341535 0.000450549 -0.00539361 0.00108036 -0.00712107 -0.00296318 0.00126906 0.00420687 0.00225453 0.00411233 -0.00728098 0.0198053 0.0328949 0.0202819
internal_weight=5210.43 5194.71 504.623 4690.09 480.609 379.874 4662.58 1689.06 1502.19 1376.24 261.288 186.874 91.8386 57.4246
internal_count=40089 39961 5197 34764 4984 3804 34597 11180 9945 8788 1837 1235 588 370
cat_boundaries=0 2 4 6
cat_threshold=2181382164 4 1128288272 53 1657340226 10
is_linear=0
shrinkage=0.05


Tree=202
num_leaves=15
num_cat=2
split_feature=29 25 7 27 0 29 26 18 5 14 1 24 7 24
split_gain=5.5359 17.4569 10.6864 8.55348 6.42949 13.4184 11.5501 9.13252 7.00815 12.3193 8.34256 7.63303 6.36875 5.81336
threshold=0 0.59749204264182121 1.0000000180025095e-35 0.82614887300053763 1.0000000180025095e-35 1 121.50000000000001 -3.6462499999999993 0.042934821428571433 1.0000000180025095e-35 0.5750816993464053 0.32214399907544738 4.5000000000000009 0.37283861198855839
decision_type=9 8 2 8 8 9 2 10 8 8 10 10 2 10
left_child=1 2 -1 12 5 6 13 -8 9 -6 -11 -12 -4 -2
right_child=4 -3 3 -5 8 -7 7 -9 -10 10 11 -13 -14 -15
leaf_value=0.054704221825938162 0.061485388381874451 -0.02594309482993877 0.013569831644345923 0.028296754936271547 -0.029937372605709181 -0.016700698269145664 0.017141949188322066 -0.029398330556740133 1.5136797661545206e-05 -0.01918703052040337 0.077962419959163254 0.019292824909179371 -0.036589844395483462 0.0053850727283348233
leaf_weight=10.237902346998451 12.544607946649196 77.145131627097726 9.474698945879938 15.098270554095505 8.0498537328094226 140.46562290843576 22.749035643413663 17.971811141818762 4869.1858302764595 4.8254305114969638 11.07010702416301 11.882949048653243 15.801264787092803 7.3204681091010562
leaf_count=80 120 652 41 101 68 1838 231 107 36469 99 94 99 163 66
internal_value=-0.000449239 -0.0103033 0.0115801 -0.000412985 -0.000180188 -0.00892156 0.0101552 -0.00361054 0.00017949 0.0219087 0.0374513 0.0496623 -0.0179866 0.0420608
internal_weight=5233.82 127.757 50.6121 40.3742 5106.07 201.052 60.5859 40.7208 4905.01 35.8283 27.7785 22.9531 25.276 19.8651
internal_count=40228 1037 385 305 39191 2362 524 338 36829 360 292 193 204 186
cat_boundaries=0 1 2
cat_threshold=8519744 13458
is_linear=0
shrinkage=0.05


Tree=203
num_leaves=15
num_cat=3
split_feature=56 18 15 29 23 5 30 30 3 32 24 27 26 16
split_gain=7.58591 10.4709 10.7455 9.98186 13.9217 10.5813 13.5145 12.4316 12.6825 15.9085 14.0495 10.9316 29.594 19.816
threshold=1.0000000180025095e-35 -2.4100000000000024 -6.9424010252152808 0 1.1027777777777781 0.59512282897825075 1 2 0.19538565939325872 3.5000000000000004 0.34512024166922123 0.49644783015827598 1427.5000000000002 -2.710000000000004
decision_type=2 8 8 9 8 10 9 9 10 10 10 10 2 10
left_child=1 2 -1 5 -5 7 -7 -3 9 -9 -11 12 -10 -14
right_child=-2 3 -4 4 -6 6 -8 8 11 10 -12 -13 13 -15
leaf_value=0.019696940508264513 0.0022533581958283336 0.008770835685174512 -0.025654983417463445 0.041301097927509967 -0.0080234004342835744 0.0084723672223141668 -0.013983473781474371 0.004416058520334035 -0.0034025801321793357 0.070377302492340657 -0.0057317603684959341 -0.012318229026009413 0.0046092805635005391 0.054050506288003577
leaf_weight=14.918764408677815 2131.721230675932 464.62478965707123 76.961777383461595 13.67583668977022 598.06252238340676 86.251270062755793 233.24461350636557 403.72760316450149 834.28895746078342 16.593761865049604 9.0361087284982187 253.08706506807357 42.901310130953789 37.763316735625267
leaf_count=88 14947 4062 698 69 4227 722 2181 4982 5685 109 74 1886 232 192
internal_value=-3.97687e-05 -0.00162446 -0.0181583 -0.00111104 -0.00674503 0.000365161 -0.00808572 0.00167962 -0.000439277 0.00689654 0.0443366 -0.00314318 -0.00059458 0.0281337
internal_weight=5216.86 3085.14 91.8805 2993.26 611.738 2381.52 319.496 2062.02 1597.4 429.357 25.6299 1168.04 914.954 80.6646
internal_count=40154 25207 786 24421 4296 20125 2903 17222 13160 5165 183 7995 6109 424
cat_boundaries=0 1 3 5
cat_threshold=578565 83100676 48 2182161730 26
is_linear=0
shrinkage=0.05


Tree=204
num_leaves=15
num_cat=1
split_feature=32 31 10 25 25 30 25 2 21 28 15 28 3 20
split_gain=7.57878 10.5196 10.9227 8.86869 7.01011 6.79729 12.2739 11.9844 11.4134 14.3079 11.431 9.89024 10.9813 10.2304
threshold=2.5000000000000004 1.5000000000000002 13.500000000000002 1.1639526716692974 0.34044436344106793 0 9.2807879914473101 -10.010466317991844 1.0574384341921397 0.21223880217449698 -0.014934903591142449 0.37998314964055174 0.064140074780150547 20.147500000000004
decision_type=8 2 2 10 10 9 10 2 8 8 10 8 10 8
left_child=1 2 -1 4 -3 6 7 -2 -9 10 -10 13 -13 -11
right_child=5 3 -4 -5 -6 -7 -8 8 9 11 -12 12 -14 -15
leaf_value=0.042221258418334351 0.031675475422433437 0.022418131538760475 -0.012112419049028725 0.012470785718966784 -0.034324072942793236 -0.0013293525859288157 0.039394655984950108 -0.014399589634469766 -0.023120661471137893 -0.018005378181541735 0.047408288207988647 -0.019456737562584349 0.0087203069181632526 0.0047869167769010613
leaf_weight=37.98617042414844 32.963606420904398 6.3332713358104256 11.628768965601919 53.677135776728392 22.368557898327708 4269.5916062216274 22.373958291485906 99.302853926084936 6.4684319319203487 104.06770854815841 28.855273283086717 37.026400753296912 386.30229578353465 92.010448732413352
leaf_count=207 209 55 64 352 192 33000 137 1001 82 756 278 504 2651 663
internal_value=-0.000223944 0.0115587 0.0294988 0.000529642 -0.0214703 -0.000532371 0.0036398 0.0026208 0.00131036 0.00371141 0.0342122 0.00191967 0.00621576 -0.00733998
internal_weight=5210.96 131.994 49.6149 82.379 28.7018 5078.96 809.371 786.997 754.033 654.731 35.3237 619.407 423.329 196.078
internal_count=40151 870 271 599 247 39281 6281 6144 5935 4934 360 4574 3155 1419
cat_boundaries=0 2
cat_threshold=108036615 4
is_linear=0
shrinkage=0.05


Tree=205
num_leaves=15
num_cat=1
split_feature=5 8 30 3 24 7 14 7 10 8 4 15 28 18
split_gain=6.92464 7.10078 5.81292 7.53667 8.41664 12.1457 7.91198 9.08256 7.71432 7.95944 11.3837 8.56168 7.37846 8.76921
threshold=1.0756415094339624 -24.499999999999996 0 0.060643497625922339 0.072203107079553755 8.5000000000000018 12.502500000000003 31.500000000000004 19.500000000000004 1.0000000180025095e-35 -88.837652225545867 0.11259822840466806 0.33962556484521117 -2.6912499999999997
decision_type=10 10 9 10 10 2 10 2 2 10 10 8 10 10
left_child=2 -2 3 4 5 -1 7 -5 9 -6 -11 -12 -9 -14
right_child=1 -3 -4 6 8 -7 -8 12 -10 10 11 -13 13 -15
leaf_value=-0.025136483607012917 0.035523961968867909 -0.030532495330172327 -0.00051350258537199479 0.0060529287021637221 -0.015664023737904813 0.079123509697706471 -0.017427351803181664 -0.021078172382767033 -0.036499543378177866 -0.01550889660993765 0.052234387822715944 0.00015017834340988982 0.043012645107566631 -0.03190816784661004
leaf_weight=4.2157003534957749 3.8454955220222464 29.24910560855642 3661.1215289290994 1244.7916262848303 75.481917618773878 5.5419594487175345 39.316625043749809 53.876325272955 22.144699301570654 25.357193074189126 16.652576892636716 14.277655228972437 10.140994815155862 5.1354955323040477
leaf_count=99 22 666 27873 7956 1311 92 257 842 269 288 158 148 108 60
internal_value=0.000419606 -0.0220401 0.000567381 0.0031573 -0.00692695 0.0359296 0.00440448 0.0050705 -0.00985831 -0.00513989 0.00900014 0.0289496 -0.012448 0.0174135
internal_weight=5211.15 33.0946 5178.05 1516.93 163.672 9.75766 1353.26 1313.94 153.914 131.769 56.2874 30.9302 69.1528 15.2765
internal_count=40149 688 39461 11588 2365 191 9223 8966 2174 1905 594 306 1010 168
cat_boundaries=0 2
cat_threshold=2266059843 33
is_linear=0
shrinkage=0.05


Tree=206
num_leaves=15
num_cat=4
split_feature=7 4 30 0 30 10 0 30 6 7 18 15 30 3
split_gain=8.88047 13.3012 12.791 12.552 18.8377 15.9578 11.6847 11.4339 12.1037 11.5961 14.3257 9.99401 12.1933 17.7443
threshold=8.5000000000000018 -9.6852900544155887 0 77.940000000000012 1 19.500000000000004 2.7200000000000002 2 -3.4999999999999996 -1.0000000180025095e-35 -1.0000000000000004 3.8950291861540731 3 0.91546761501412088
decision_type=2 8 9 8 9 2 10 9 8 2 10 8 9 10
left_child=3 2 -2 4 -1 6 -6 8 9 10 -5 -3 13 -13
right_child=1 11 -4 7 5 -7 -8 -9 -10 -11 -12 12 -14 -15
leaf_value=-0.010487966121669912 0.00068534071073669985 0.0022483112689999315 -0.021040612719117065 -0.025393437733815461 -0.0049565434646309655 -0.011981075461392009 0.016405777930991999 -0.0030828189984465878 -0.0082951138264059469 0.0096089537766990852 0.018949437803187349 0.0005053974455024897 -0.0086455919778847239 0.049431111180597093
leaf_weight=124.03018105588853 114.7880341890268 861.72815320175141 174.20355219347402 53.362433196976781 73.879439159296453 68.994649514555931 459.53734346106648 1649.8824220839888 156.43123605195433 578.07986302487552 26.520177520811558 196.10931933857501 657.03135625645518 19.468629853799939
leaf_count=702 1348 8643 2080 593 479 418 2487 9143 917 2820 197 2265 7923 141
internal_value=-0.000637811 -0.00322824 -0.0131403 0.00100536 0.00677653 0.010345 0.0134433 -0.000697981 0.00411862 0.00714061 -0.0106198 -0.00156998 -0.00533891 0.00490518
internal_weight=5214.05 2023.33 288.992 3190.72 726.442 602.411 533.417 2464.28 814.394 657.962 79.8826 1734.34 872.609 215.578
internal_count=40156 22400 3428 17756 4086 3384 2966 13670 4527 3610 790 18972 10329 2406
cat_boundaries=0 2 4 6 8
cat_threshold=2721711635 32 5441548 18 640952654 24 1087398404 33
is_linear=0
shrinkage=0.05


Tree=207
num_leaves=15
num_cat=1
split_feature=21 8 25 25 30 25 1 25 11 21 27 11 27 26
split_gain=7.35541 6.7887 7.86269 15.8519 18.0355 14.1624 14.0888 13.7671 13.1795 12.7966 12.265 12.596 12.2207 11.9428
threshold=4.4226093587437791 -2.4999999999999996 0.41041104709104143 0.37473311261909187 0 0.30632247855230305 0.45852446483180437 0.19080679155312119 5.9957924497067143 4.2297291979101406 0.28955772009209396 5.5215209142625357 0.34883913908433828 36.500000000000007
decision_type=10 8 10 10 9 10 8 10 2 8 8 2 8 2
left_child=1 -1 3 4 6 12 -3 -8 -5 -9 11 -7 -6 -11
right_child=-2 2 -4 8 5 10 7 9 -10 13 -12 -13 -14 -15
leaf_value=0.01250163238504589 -0.034772887932591756 -0.034132366001001176 -0.0015975336569142827 0.035335578127804725 -0.012472850390991318 -0.03555055473283017 0.0047085195329204721 -0.027769954683747457 -0.0051393353941067803 0.0042243050553739687 -0.029246989447612205 0.045932615796639042 0.0039544792889946783 0.037487032192003257
leaf_weight=102.33775874227285 14.417463101446627 18.5600092029199 3792.326507949736 63.448408589698374 164.45983183057979 6.7718908004462746 439.38745788484812 10.71156766079366 28.90150522813201 39.264178149402142 85.603764235042036 11.391629509627817 357.60526779294014 87.289105506613851
leaf_count=636 105 662 28330 410 1875 79 3496 121 222 283 736 108 2684 500
internal_value=-0.000288259 -0.000186138 -0.000442846 0.0028899 0.00137051 -0.00453129 0.00752294 0.00905065 0.0227493 0.0228153 -0.0213809 0.0152835 -0.00123438 0.027281
internal_weight=5222.48 5208.06 5105.72 1313.39 1221.04 625.832 595.212 576.652 92.3499 137.265 103.767 18.1635 522.065 126.553
internal_count=40247 40142 39506 11176 10544 5482 5062 4400 632 904 923 187 4559 783
cat_boundaries=0 2
cat_threshold=2698273118 42
is_linear=0
shrinkage=0.05


Tree=208
num_leaves=15
num_cat=1
split_feature=32 6 8 34 22 1 28 5 7 15 6 28 28 27
split_gain=7.08213 12.0114 12.7774 8.72638 10.1332 13.6844 10.0295 9.56405 7.98723 9.05812 7.50976 11.1533 10.4984 8.96601
threshold=2.5000000000000004 -24.499999999999996 28.500000000000004 0 1.9083333333333334 1.4076510721247566 0.1855323782497191 0.74485695443645095 4.5000000000000009 -1.0000000180025095e-35 31.500000000000004 0.2712453547943186 0.28405242003710235 inf
decision_type=10 10 10 1 8 10 10 10 2 10 10 8 8 8
left_child=1 -1 10 4 5 7 -6 -2 9 -8 11 -3 -13 -12
right_child=3 2 -4 -5 6 -7 8 -9 -10 -11 13 12 -14 -15
leaf_value=0.021877307431386252 0.024451016149781891 0.024857236108813633 -0.047655305806021821 -0.00041645230884498923 0.017977340269552375 -0.014203511604968059 0.022073712394488923 -0.011510548853686946 -0.030407007544986615 -0.018130456211581589 -0.030408886673756321 -0.045904020019899856 0.0031811023518143241 0.041156925217905177
leaf_weight=89.215155458077788 61.818602284416556 59.71759132668376 11.79092840105295 4415.0859953975305 17.943789791315794 83.560367062687874 17.797753412276506 25.498930048197508 91.451110211201012 54.625296015292406 27.089220260269943 10.420004872605203 235.42215514183044 4.2873090067878357
leaf_count=514 372 417 108 33431 96 422 130 146 1036 354 611 127 2350 95
internal_value=-0.000462608 0.00561506 0.00140402 -0.00102193 -0.00857876 0.000174003 -0.0167608 0.0139379 -0.0206505 -0.00808432 0.00325676 0.00566653 0.000923096 -0.0196609
internal_weight=5205.72 437.942 348.727 4767.78 352.696 170.878 181.818 87.3175 163.874 72.423 336.936 305.56 245.842 31.3765
internal_count=40209 4222 3708 35987 2556 940 1616 518 1520 484 3600 2894 2477 706
cat_boundaries=0 1
cat_threshold=1
is_linear=0
shrinkage=0.05


Tree=209
num_leaves=15
num_cat=2
split_feature=5 22 30 19 21 30 1 19 21 1 27 7 23 7
split_gain=8.54037 6.98886 10.5493 11.5548 10.2575 13.9187 11.0014 10.8221 9.71595 8.80004 8.49364 8.40267 7.63234 7.48219
threshold=1.0976450000000002 -1.1749999999999998 0 82.642500000000013 1.0361849426163536 1 0.19462481962481967 94.330000000000013 1.0435825155344309 0.16760299625468167 0.47116247171405778 9.5000000000000018 -1.9159027777777775 -14.499999999999998
decision_type=10 8 9 10 8 9 8 8 8 8 10 2 10 2
left_child=1 2 3 10 5 7 -7 -3 -6 -10 -1 12 -4 -8
right_child=-2 4 11 -5 8 6 13 -9 9 -11 -12 -13 -14 -15
leaf_value=0.017096530931986157 -0.02748166290745695 -0.0089497820818896495 -0.0023826436647130093 0.0025741627853024035 0.040888629783684009 0.049548754837117924 0.032009722423503299 0.028649657248329602 -0.021318409793521665 0.00043026505488209365 0.057290725349784515 -0.017275033879279745 0.021363832374248652 -0.016742979365032065
leaf_weight=27.778955528512597 27.130255590658635 34.982059472240508 90.457980580627918 42.716541949659586 13.722657291218638 5.7379804360680273 7.2136461725458494 40.288933699950576 45.999688489362597 4476.5272971587256 26.221238888800144 49.238096895627677 52.894516296684742 266.14964721444994
leaf_count=205 613 396 435 229 89 254 103 463 1106 32443 136 509 299 2863
internal_value=-6.15212e-06 0.000143029 0.00768046 0.0200905 -0.00030433 -0.00848469 -0.0133612 0.00997881 0.000336449 0.00020439 0.0373007 0.000322298 0.00646668 -0.0153445
internal_weight=5207.06 5179.93 289.307 96.7167 4890.62 354.372 279.101 75.271 4536.25 4522.53 54.0002 192.591 143.352 273.363
internal_count=40143 39530 1813 570 37717 4079 3220 859 33638 33549 341 1243 734 2966
cat_boundaries=0 2 4
cat_threshold=604086290 35 544229440 50
is_linear=0
shrinkage=0.05


Tree=210
num_leaves=15
num_cat=1
split_feature=11 25 7 14 30 13 5 27 27 25 9 25 25 8
split_gain=6.15844 6.0857 6.05849 9.49501 9.92592 8.85896 8.48416 7.86129 14.1837 13.6236 11.2691 10.2847 8.55124 8.88017
threshold=10.457109473321079 11.732221978744528 21.500000000000004 0.91125000000000089 0 0.99874999999999992 0.61182708333333335 0.33887711767427181 0.38757955405805516 0.34044436344106793 3.5000000000000004 2.0471460917003785 1.2796867252346116 -1.0000000180025095e-35
decision_type=2 10 2 10 9 10 10 10 10 10 2 10 10 10
left_child=1 2 -1 4 5 -4 -5 -6 12 -10 -11 -12 -9 -14
right_child=-2 -3 3 6 7 -7 -8 8 9 10 11 -13 13 -15
leaf_value=0.00066015253677260402 -0.03014828975980087 -0.023102554056931766 0.018999916324774553 -0.031178319677489977 -0.0095118333752511226 -0.035461621788995187 0.0097998511679561213 -0.0040309370820064321 0.027482541799534566 -0.024527957864276209 0.061437789405436108 -0.015809654057923929 -0.012480883473055775 0.045828392891324475
leaf_weight=4508.8031668616459 16.136126609519124 27.656961610540748 77.720058081671596 53.621437600813806 340.38006831333041 7.328672667965292 15.906025914940981 20.294593611732125 21.538140403106809 71.206323822960258 7.1956733707338563 8.4123147055506688 7.564112000167369 34.1376111805439
leaf_count=30033 130 243 794 636 5322 71 379 401 487 1271 58 56 61 382
internal_value=-0.000223235 -0.000124629 2.63407e-06 -0.0044477 -0.00238983 0.0124971 -0.0217976 -0.00503427 0.003622 -0.0072879 -0.016129 0.0213583 0.0225025 0.0352073
internal_weight=5217.9 5201.77 5174.11 665.305 595.778 85.0487 69.5275 510.729 170.349 108.352 86.8143 15.608 61.9963 41.7017
internal_count=40324 40194 39951 9918 8903 865 1015 8038 2716 1872 1385 114 844 443
cat_boundaries=0 2
cat_threshold=2169548800 22
is_linear=0
shrinkage=0.05


Tree=211
num_leaves=15
num_cat=2
split_feature=3 26 29 15 2 28 14 28 11 29 1 14 27 0
split_gain=7.93103 14.2516 10.5786 12.9314 11.7976 11.5498 11.4382 11.0877 13.2714 8.85715 10.7033 9.7787 9.65779 8.16926
threshold=0.43200846471822679 4699.5000000000009 0 4.2338234557696994 19.475503029643797 0.25137563335549101 4.8762500000000015 0.23171548710365794 6.9217715674756519 1 1.697795542635659 12.502500000000003 0.86186590456725676 8.0050000000000008
decision_type=8 2 9 10 2 10 10 8 2 9 10 8 8 8
left_child=2 9 3 4 5 7 -5 -1 -9 10 12 -12 -2 -7
right_child=1 -3 -4 6 -6 13 -8 8 -10 -11 11 -13 -14 -15
leaf_value=0.004913725008979495 -0.024026663163062234 0.033848633253795828 0.00071464714148023422 -0.01253988439551358 -0.011183279043269441 -0.0087570639084943933 0.025890820173552216 0.031235606976039151 0.11010305351670867 -0.00082364276607363039 0.023652313781012811 -0.0088140461267303457 0.018825344492344978 0.018179731571241069
leaf_weight=11.75213581509888 129.01737216301262 27.606704533100128 1477.6042306483723 91.384986121207476 37.092544350773096 31.892521528527141 23.517237011343241 14.317529350519182 8.8044357113540155 3014.5258085732348 32.350297901779413 75.161715876311064 13.889578420668839 209.05267258919775
leaf_count=103 786 154 15289 648 261 453 183 120 98 19576 208 445 73 1819
internal_value=0.000195357 -0.00129031 0.00276192 0.00957477 0.0150529 0.0186088 -0.00451869 0.045175 0.0645864 -0.0015977 -0.0104279 0.001083 -0.0197599 0.0145928
internal_weight=5197.97 3292.55 1905.42 427.814 312.912 275.819 114.902 34.8741 23.122 3264.94 250.419 107.512 142.907 240.945
internal_count=40216 21242 18974 3685 2854 2593 831 321 218 21088 1512 653 859 2272
cat_boundaries=0 1 2
cat_threshold=5772594 9569874
is_linear=0
shrinkage=0.05


Tree=212
num_leaves=15
num_cat=4
split_feature=2 30 20 24 28 27 8 30 7 30 3 3 30 27
split_gain=8.08683 11.2944 9.54049 9.22589 8.24707 13.8381 14.4787 12.3738 9.43837 13.5579 11.9831 9.32012 16.4045 15.0906
threshold=-6.512671413282372 0 7.9875000000000007 0.57362542690136709 0.1855323782497191 0.19193346537723546 -2.4999999999999996 1 8.5000000000000018 2 0.30993056196290536 0.66432269414964529 3 0.49457333668015196
decision_type=2 9 8 10 8 8 8 9 2 9 8 8 9 10
left_child=1 2 -1 -3 -2 6 -6 -8 11 10 -10 12 13 -7
right_child=4 3 -4 -5 5 8 7 -9 9 -11 -12 -13 -14 -15
leaf_value=0.0071075451384782027 0.0078548257824383218 0.017132249769101195 -0.041965732156200988 -0.020356247581297296 0.060776833110243636 0.0044986114056263177 -0.00020267253941829303 -0.024510293143710088 -0.0017016075797773823 4.9512446865106601e-05 -0.016706593139618746 -0.00099939035188946826 0.0095552132188678821 -0.013053483745592467
leaf_weight=19.363834990188479 295.81605819566175 190.90862143225968 18.757922152988613 17.111675970256329 5.5295673385262489 328.92094031535089 96.79218676360324 122.31532146921381 248.71968112513423 1130.4537881761789 285.74817587761208 1495.8539648707956 738.23850079625845 193.77575356699526
leaf_count=142 3289 1265 139 87 32 1822 1010 1569 3523 11267 2795 8170 3813 1233
internal_value=0.000215722 0.00904226 -0.0139331 0.0133282 -0.00022562 -0.000741652 -0.0128197 -0.0149447 -0.000125289 -0.00309678 -0.00956154 0.00166977 0.00483449 -0.00198299
internal_weight=5188.31 246.142 38.1218 208.02 4942.16 4646.35 224.637 219.108 4421.71 1664.92 534.468 2756.79 1260.94 522.697
internal_count=40156 1633 281 1352 38523 35234 2611 2579 32623 17585 6318 15038 6868 3055
cat_boundaries=0 2 4 6 8
cat_threshold=266520 1 2688139285 30 2737614147 12 2705852175 13
is_linear=0
shrinkage=0.05


Tree=213
num_leaves=15
num_cat=1
split_feature=2 30 11 54 18 14 6 28 24 3 22 7 4 54
split_gain=6.1549 13.877 9.72171 9.52241 10.5979 10.4428 8.55246 9.10782 8.02726 10.7202 8.1713 7.62616 7.25056 9.29932
threshold=85.585592353639882 0 5.7959361554340338 82.500000000000014 -0.080000000000001389 2.3341666666666669 -102.49999999999999 0.23626962524040468 0.30430169983204342 0.34122875856846957 3.6083333333333338 5.5000000000000009 -14.755286566763798 79.500000000000014
decision_type=2 9 2 10 8 10 8 10 10 8 10 2 8 8
left_child=3 -2 11 6 -5 -6 7 -1 10 -10 12 -3 -4 -14
right_child=1 2 8 4 5 -7 -8 -9 9 -11 -12 -13 13 -15
leaf_value=0.014362017151785901 -0.01970050035718228 0.0008384916071107186 -0.030772178815517495 -0.010664415447039124 0.038140307291344488 -0.020950034700722708 0.00041441335218619777 -0.044684637246019621 -0.049918846004026719 0.00020755086947326826 -0.038429812439733285 -0.048381648656977701 0.050110712586867737 0.011618632147933822
leaf_weight=8.9334850348532218 114.02866873703897 14.93859377037734 7.4555047727189958 22.86782712675631 47.639617208391428 8.173784511163829 4738.4188473606482 19.82316492125392 12.037412701174615 58.600810253992677 6.7835190370678893 15.552633203566073 17.572020847350359 109.10709201730788
leaf_count=62 770 81 53 168 365 63 36942 134 96 340 71 115 141 761
internal_value=6.65507e-05 -0.00626872 0.000888038 0.000533267 0.0176755 0.0292702 0.000246691 -0.0264751 0.00476201 -0.00891204 0.0116309 -0.0250063 0.0144283 0.0173086
internal_weight=5201.93 356.076 242.048 4845.86 78.6812 55.8134 4767.18 28.7566 211.556 70.6382 140.918 30.4912 134.135 126.679
internal_count=40162 2428 1658 37734 596 428 37138 196 1462 436 1026 196 955 902
cat_boundaries=0 2
cat_threshold=2684408904 58
is_linear=0
shrinkage=0.05


Tree=214
num_leaves=15
num_cat=2
split_feature=2 30 15 11 56 2 2 30 15 15 15 0 1 25
split_gain=5.84268 13.0429 9.24968 9.18046 15.3971 12.9884 11.5896 10.3011 11.5855 11.941 9.86791 10.2397 9.50073 9.36175
threshold=59.14409377232289 0 -0.73241678484552952 7.9713860874289706 19.500000000000004 50.448121952716001 53.733477153663983 1 3.2169795551560099 -0.33062961953357822 3.4740061780090752 95.805000000000021 1.5862971655533491 2.1831107217331165
decision_type=2 9 10 2 2 2 2 9 10 8 8 10 8 10
left_child=3 -2 -3 6 5 7 -1 8 9 -5 11 13 -11 -9
right_child=1 2 -4 4 -6 -7 -8 10 -10 12 -12 -13 -14 -15
leaf_value=-0.00010578198735600327 -0.019945708431628628 0.011926653026853182 -0.0049548753590211714 0.066406174566985651 -0.031175580421027527 -0.034627597766059608 0.030917987322505808 0.025861288757415786 0.046889298781038161 -0.00521997514881661 -0.0035824558421722625 -0.025727354441955754 0.034519165034752039 -0.0065241801124807201
leaf_weight=4198.0782924806699 100.04150897078216 108.13751773536205 315.33739071898162 8.5361296497285348 23.194388754665852 14.849684130400417 29.321149697527289 105.18771422281861 40.119800370186567 49.876232409849763 141.35749539267272 13.217342622578142 20.40849183127284 27.807284977287054
leaf_count=32895 729 757 2058 56 145 93 176 824 267 482 1201 73 105 248
internal_value=0.000274574 -0.00472925 -0.000611697 0.00083617 0.00766258 0.00986924 0.000116659 0.0115757 0.023355 0.0138647 0.00563501 0.014893 0.0066414 0.0190918
internal_weight=5195.47 523.516 423.475 4671.95 444.555 421.36 4227.4 406.51 118.941 78.8209 287.57 146.212 70.2847 132.995
internal_count=40109 3544 2815 36565 3494 3349 33071 3256 910 643 2346 1145 587 1072
cat_boundaries=0 2 4
cat_threshold=2684355664 50 1140931658 48
is_linear=0
shrinkage=0.05


Tree=215
num_leaves=15
num_cat=2
split_feature=11 56 19 24 0 30 18 19 22 28 28 28 30 7
split_gain=6.90813 6.27101 15.3531 11.1622 15.3182 11.1421 15.1829 10.953 10.5133 12.5793 12.152 18.1993 14.3042 13.7375
threshold=10.457109473321079 1.0000000180025095e-35 5.1500000000000012 0.36275110815291284 6.1250000000000009 0 -2.4100000000000024 4.4000000000000012 5.2533333333333347 0.41429530518797048 0.25137563335549101 0.31971911231982536 1 -1.0000000180025095e-35
decision_type=2 2 8 10 8 9 8 8 8 10 8 8 9 2
left_child=1 5 3 4 -3 6 -1 -7 9 -4 -10 12 -12 -13
right_child=-2 2 8 -5 -6 7 -8 -9 10 -11 11 13 -14 -15
leaf_value=-0.035112804575788102 -0.032272796230847001 -0.0094075571800675446 -0.0015509254519073825 0.0099813896621001718 0.13522753412904245 -0.02770020196561997 -0.004535564467202732 0.0011178892005758812 0.015665356305087749 -0.026912602074989151 0.0052181097440707593 -0.012745096017439523 -0.017513412143146525 0.0060927244856761268
leaf_weight=41.802360177971423 15.3601873870939 2.4854063633829382 254.14387768507004 9.2709778398275358 4.8473140886053443 32.47047130484134 802.30749783525243 2215.1015849625692 182.44790047593415 59.580923616886139 107.18265666952357 104.35600300785154 176.79223415534943 1196.9277922799811
leaf_count=410 134 52 2203 227 95 753 6865 17256 1193 426 828 1009 1388 7320
internal_value=0.000166664 0.000268876 0.00237814 0.0488788 0.0909581 -0.00116279 -0.00601837 0.00068637 0.00198391 -0.00643769 0.00348133 0.00207008 -0.00937694 0.00457341
internal_weight=5205.08 5189.72 2098.04 16.6037 7.33272 3091.68 844.11 2247.57 2081.43 313.725 1767.71 1585.26 283.975 1301.28
internal_count=40159 40025 14741 374 147 25284 7275 18009 14367 2629 11738 10545 2216 8329
cat_boundaries=0 2 4
cat_threshold=542044936 1 538717192 10
is_linear=0
shrinkage=0.05


Tree=216
num_leaves=15
num_cat=1
split_feature=30 31 4 26 56 19 24 32 21 26 7 3 27 15
split_gain=4.97412 10.4101 10.1465 13.5245 16.1054 10.0343 10.2262 10.3886 10.7821 9.70101 9.3313 15.1529 12.4046 10.7919
threshold=0 3.5000000000000004 -0.58267548178069106 138.50000000000003 1.5000000000000002 84.725000000000009 0.63769321492969322 5.5000000000000009 0.97363959984355175 3.5000000000000004 2.5000000000000004 0.81391074737614733 0.32812078233426167 6.0068852917977003
decision_type=9 2 10 2 2 10 10 8 10 2 2 8 10 10
left_child=-1 5 3 4 -3 10 7 9 -9 -7 11 -2 -13 -12
right_child=1 2 -4 -5 -6 6 -8 8 -10 -11 13 12 -14 -15
leaf_value=0.0022029787524806719 0.018132142871352921 0.037506179162957988 -0.003581125683679283 0.056962079544780414 -0.005540830555859225 -0.028170844850647261 0.038596069322900925 0.026205413810501944 -0.028398918547982252 -0.0071944247621620041 0.00089877138974488917 0.012780630043866554 -0.022174565621071823 -0.0079251571166112367
leaf_weight=2081.7105012214743 164.20577729865909 35.175086492206901 74.760989738162607 19.497981877066195 53.86756999604404 59.70620677806437 11.283425860106943 39.692278239876032 10.733299452811478 620.58720321767032 1467.3960999948904 45.388697277754545 55.206679448485374 452.56167939025909
leaf_count=15557 927 338 549 121 360 452 58 254 51 4204 13366 299 331 3246
internal_value=0.000318069 -0.000947926 0.0105755 0.02027 0.011692 -0.00167623 -0.00669563 -0.0074468 0.0142564 -0.00907407 3.07709e-05 0.0088113 -0.0064322 -0.0011842
internal_weight=5191.77 3110.06 183.302 108.541 89.0427 2926.76 742.002 730.719 50.4256 680.293 2184.76 264.801 100.595 1919.96
internal_count=40113 24556 1368 819 698 23188 5019 4961 305 4656 18169 1557 630 16612
cat_boundaries=0 2
cat_threshold=3083917840 44
is_linear=0
shrinkage=0.05


Tree=217
num_leaves=15
num_cat=3
split_feature=24 28 0 30 28 11 56 26 14 30 9 26 30 24
split_gain=6.81709 7.24438 6.04117 13.1828 13.4652 9.35102 8.99483 8.03475 6.58148 16.0234 9.0786 6.97122 14.0248 11.1768
threshold=0.041193574772207961 0.073479146454421482 98.145000000000024 0 0.29256058095333681 5.6159343834207425 7.5000000000000009 25.500000000000004 8.8400000000000034 1 1.0000000180025095e-35 64.500000000000014 2 0.3431973822608344
decision_type=8 10 10 9 8 2 2 2 10 9 2 2 9 10
left_child=1 -1 8 4 -4 -5 7 -7 11 10 -10 13 -13 -2
right_child=2 -3 3 5 -6 6 -8 -9 9 -11 -12 12 -14 -15
leaf_value=0.011476714323677943 0.0024538347718471949 -0.035216250376760155 0.016617532420157632 -0.02095945635438369 -0.026016569948197107 0.052863252046396962 -0.011444591969020076 0.010813525519849468 -0.018278865414093039 -0.017801902836507545 0.015913661944840243 -0.0017010228364839346 0.005785999053931022 -0.0050162457000903077
leaf_weight=11.475948294624684 1073.172649949789 25.68805025704205 21.513351378962398 32.246691211126745 109.97432675212622 12.150332555174826 40.088566996157169 91.119362214580178 24.439733125269413 136.14176812302321 81.913609237410128 1020.3881343849935 1598.4927519168705 937.04148560855538
leaf_count=140 8445 587 179 324 847 70 289 603 195 875 511 8540 11708 7008
internal_value=0.000179813 -0.0208749 0.00033491 -0.00645528 -0.017637 0.0028093 0.00845856 0.0162205 0.000764183 -0.00724842 0.007281 0.0011854 0.00288491 -0.00102903
internal_weight=5215.85 37.164 5178.68 307.093 131.488 175.605 143.358 103.27 4871.59 242.495 106.353 4629.1 2618.88 2010.21
internal_count=40321 727 39594 2312 1026 1286 962 673 37282 1581 706 35701 20248 15453
cat_boundaries=0 2 4 6
cat_threshold=43046158 48 551096342 32 3103250 10
is_linear=0
shrinkage=0.05


Tree=218
num_leaves=15
num_cat=2
split_feature=0 6 30 28 16 30 27 54 23 0 21 15 54 54
split_gain=5.79873 8.18793 8.77567 8.09643 6.40003 11.944 13.3894 12.1295 12.7352 8.63099 8.51472 8.0556 7.62473 11.6775
threshold=99.905000000000015 -22.499999999999996 0 0.24540429334335073 -0.1450000000000061 1 0.5225542341329652 49.500000000000007 22.257291666666671 98.145000000000024 0.95098310680605003 -6.9424010252152808 82.500000000000014 127.50000000000001
decision_type=10 8 9 8 8 9 10 10 10 10 10 10 10 10
left_child=4 2 3 -2 5 9 7 8 10 11 -7 -1 -6 -14
right_child=1 -3 -4 -5 12 6 -8 -9 -10 -11 -12 -13 13 -15
leaf_value=0.027058488184682906 0.037651049747879688 -0.02900030819166971 0.015236260352804305 -0.030081821370286501 -0.00052418579343382139 0.027365176218282879 -0.0082479420088425043 -0.029101284795407634 -0.028482162664677176 -0.025679981965468442 0.0058239188160519005 -0.0016907367449510557 0.02074746810847404 -0.036559780818017834
leaf_weight=25.756110307760537 4.2804623022675505 39.568758467212319 33.716245848685503 29.566507919691503 4342.0058873882517 178.76867912290618 65.692901393398643 12.790403755381702 12.426216405816374 33.085946876555681 62.450097619090229 271.8929306352511 77.500352835282683 9.1037498190999013
leaf_count=144 47 402 326 400 34203 1120 446 101 138 177 407 1644 572 67
internal_value=0.000213335 -0.0112444 -0.000574257 -0.0160698 0.000456583 0.00503475 0.0115267 0.016846 0.0192681 -0.00179302 0.0218353 0.000879259 -0.000229648 0.0143748
internal_weight=5198.61 107.132 67.5632 33.847 5091.47 662.863 332.128 266.435 253.645 330.735 241.219 297.649 4428.61 86.6041
internal_count=40194 1175 773 447 39019 4177 2212 1766 1665 1965 1527 1788 34842 639
cat_boundaries=0 2 4
cat_threshold=8947018 52 2192737038 15
is_linear=0
shrinkage=0.05


Tree=219
num_leaves=15
num_cat=2
split_feature=0 29 18 32 6 19 25 20 13 20 9 15 29 11
split_gain=6.71339 9.72347 9.66985 7.19016 8.18371 7.02898 9.70883 6.31469 7.13129 7.72851 6.13568 5.9741 5.54818 5.68225
threshold=1.0000000180025095e-35 0 -3.5662499999999984 4.5000000000000009 -25.499999999999996 90.007500000000007 1.0930348106329257 -49.752499999999991 9.1525000000000016 -56.492499999999993 6.5000000000000009 -2.5787298414238085 1 7.6678084691318746
decision_type=8 9 10 8 10 8 10 8 8 10 2 8 9 2
left_child=1 2 5 11 -5 6 -1 8 10 -10 -2 -3 -9 -14
right_child=7 3 -4 4 -6 -7 -8 12 9 -11 -12 -13 13 -15
leaf_value=-0.0016982370717075113 0.0064787387946138465 0.021261065132765836 -0.016269197192226546 0.034315891712283907 -0.015310768070346308 -0.0044688626681554785 0.058892862201202913 -0.0098841509376213239 0.010642144016985915 0.053404908895095152 -0.037662547257383279 -0.02553810574604572 -0.00050502500037491861 0.0042112857816440242
leaf_weight=10.35564559325576 107.21030545141548 6.555669735185802 25.892649916931987 12.463813418522475 20.729136771522462 15.998110206797717 17.021343415603042 127.8311978597194 29.529954107478261 16.055633313953876 7.4966035038232794 104.47174372151494 3947.9210354005918 760.8536583846435
leaf_count=95 832 53 207 81 309 171 145 1008 240 118 53 1457 29912 5531
internal_value=-7.98908e-05 -0.00874181 0.00658496 -0.0154849 0.00378245 0.0217708 0.0367214 0.000291857 0.0100242 0.0265266 0.00329334 -0.0226097 -3.26916e-05 0.000257233
internal_weight=5210.39 213.488 69.2677 144.22 33.193 43.3751 27.377 4996.9 160.292 45.5856 114.707 111.027 4836.61 4708.77
internal_count=40212 2518 618 1900 390 411 240 37694 1243 358 885 1510 36451 35443
cat_boundaries=0 1 2
cat_threshold=8402066 8520768
is_linear=0
shrinkage=0.05


Tree=220
num_leaves=15
num_cat=2
split_feature=7 4 30 25 30 24 28 28 25 15 25 27 25 28
split_gain=9.47081 15.293 13.3739 10.3682 9.29371 14.5455 13.1968 14.8821 17.0744 14.3113 12.8828 12.5313 10.689 16.0941
threshold=5.5000000000000009 -19.777938035576277 0 8.0272374581745094 1 0.47665140854685067 0.55130834071513701 0.47771109967335018 0.85903246300160996 1.5162518853695277 0.19080679155312119 0.43884991052250161 -1.4928824488097321 0.2712453547943186
decision_type=2 8 9 8 9 10 10 10 10 8 10 8 8 10
left_child=3 2 -2 -1 10 6 7 12 -9 -8 -3 -12 13 -6
right_child=1 4 -4 -5 5 -7 9 8 -10 -11 11 -13 -14 -15
leaf_value=0.0024872879606428135 -0.00035556327012634017 -0.018954111977953686 -0.02339922084574067 -0.020466387743423239 -0.018328668533375832 -0.013539919702489637 0.072110005293133689 -0.031162939227091464 0.0029423314358270145 0.009394251858116336 0.0007502624694369854 0.020583529628661747 -0.00050842801747629711 0.092530664928387157
leaf_weight=2397.4712910368107 118.89797540241852 43.144393945112824 140.44032550230622 49.235199484974146 5.2971099875867349 253.61235092720017 10.973321150988339 84.91662116907537 63.781778753735125 39.512296620756388 173.25867989659309 146.52340814936906 1665.6142547312193 6.527939710766077
leaf_count=12770 1105 567 1472 273 55 2864 66 1062 555 332 1548 1144 16377 52
internal_value=-0.00024578 -0.00225737 -0.0137889 0.00201722 -0.00105281 -0.00231477 -0.000803692 -0.00150673 -0.0166121 0.0241617 0.00623271 0.00987366 -0.000158603 0.0453135
internal_weight=5199.21 2752.5 259.338 2446.71 2493.16 2130.24 1876.62 1826.14 148.698 50.4856 362.926 319.782 1677.44 11.825
internal_count=40242 27199 2577 13043 24622 21363 18499 18101 1617 398 3259 2692 16484 107
cat_boundaries=0 2 4
cat_threshold=1131503635 37 74520068 48
is_linear=0
shrinkage=0.05


Tree=221
num_leaves=15
num_cat=0
split_feature=10 0 27 10 21 18 33 23 18 10 2 2 15 19
split_gain=7.47507 10.1723 9.58006 9.25118 10.5871 16.7356 9.22749 12.6544 9.46387 9.26802 11.9946 10.2004 11.5461 9.14562
threshold=1.0000000180025095e-35 99.445000000000007 0.16333667783805914 7.5000000000000009 1.0731964110095558 4.0000000000000027 0.90000000000000013 21.487708333333334 -2.0149999999999983 4.5000000000000009 38.448520024823473 8.6239130113889093 0.75144900240717427 inf
decision_type=2 10 8 2 10 8 2 10 8 2 2 2 10 8
left_child=-1 3 -3 6 -5 -6 7 13 9 10 -8 12 -11 -2
right_child=1 2 -4 4 5 -7 8 -9 -10 11 -12 -13 -14 -15
leaf_value=-0.0031239514400988066 -0.013259565878574684 0.04037257554305651 -0.019652654945338043 -0.0019307258222178107 -0.022464168151638392 0.051249327046367643 -0.0061775352300843288 0.033976797801351002 0.0044251357438487727 0.019153547822218741 0.047452813542394473 -0.01185148952796603 0.078822653361328668 0.0062525482363464044
leaf_weight=1704.745515236631 186.07251710537821 6.2626747973263255 87.371555286459625 1596.982863761019 10.978942406363783 21.565295171923935 42.104460204951465 19.231879274360836 1371.7094994476065 16.755922744050622 12.780506715178488 7.8212551511824122 16.419307036325336 87.727187855169177
leaf_count=12272 1355 51 987 13550 123 159 260 170 10274 130 68 50 98 652
internal_value=-0.000411937 0.000915668 -0.0152537 0.00136662 -0.00134797 0.0264534 0.00387843 -0.0042115 0.00549551 0.0206048 0.00693647 0.0383027 0.0501277 -0.00700776
internal_weight=5188.53 3483.78 93.6342 3390.15 1629.53 32.5442 1760.62 293.032 1467.59 95.8815 54.885 40.9965 33.1752 273.8
internal_count=40199 27927 1038 26889 13832 282 13057 2177 10880 606 328 278 228 2007
is_linear=0
shrinkage=0.05


Tree=222
num_leaves=15
num_cat=4
split_feature=7 4 30 26 15 56 34 30 18 15 26 30 8 55
split_gain=6.30948 12.5926 14.7559 12.0545 13.6261 15.5355 10.4673 15.6381 12.9445 15.139 15.1957 16.2676 13.4441 13.8701
threshold=5.5000000000000009 -22.138187801884797 0 3488.5000000000005 3.8524270898681405 5.5000000000000009 1 2 -0.79249999999999854 3.0463167230854826 7.5000000000000009 3 32.500000000000007 7.5000000000000009
decision_type=2 8 9 2 8 2 1 9 8 10 2 9 8 10
left_child=-1 2 -2 6 5 -5 7 -3 9 10 -8 12 -12 -14
right_child=1 3 -4 4 -6 -7 8 -9 -10 -11 11 -13 13 -15
leaf_value=0.0013667762906465551 0.0057089167146659753 0.0085477376148835466 -0.021783861258810343 0.079760178622896194 0.0036497331464220963 0.0044435045047531178 0.081533097062435653 -0.028797224781287257 -0.0021443809856030514 0.036562466357256483 0.041846535723790539 -0.017641884531539521 -0.028723219431387649 0.033885164730149936
leaf_weight=2434.4540651957504 69.998829492367804 41.079993548803031 146.9041671808809 14.30261540785432 61.0602095592767 12.615955352783201 4.9100167676806441 69.318356001749635 2143.8103262456134 45.15215996094048 30.208091406151652 59.999564963392913 20.721345543861389 13.931733857840298
leaf_count=13042 658 327 1498 121 699 91 36 667 21405 319 323 627 156 86
internal_value=-0.000484269 -0.0021324 -0.0136636 -0.0011337 0.0169427 0.0458849 -0.0017951 -0.0167667 -0.00107536 0.011964 0.00319111 -0.000512935 0.0156603 -0.00330807
internal_weight=5168.47 2734.01 216.903 2517.11 87.9788 26.9186 2429.13 110.398 2318.73 174.923 129.771 124.861 64.8612 34.6531
internal_count=40055 27013 2156 24857 911 212 23946 994 22952 1547 1228 1192 565 242
cat_boundaries=0 2 3 5 7
cat_threshold=53567507 4 1 1149311232 49 2157467672 24
is_linear=0
shrinkage=0.05


Tree=223
num_leaves=15
num_cat=5
split_feature=27 7 30 19 28 20 30 10 30 20 30 28 24 29
split_gain=6.6156 6.69641 14.8323 9.80188 10.5246 6.3979 9.98061 6.33471 9.46097 11.4787 10.3063 10.2859 15.3248 11.0809
threshold=0.93813395428503765 -9.4999999999999982 0 94.580000000000013 0.35658695137304769 -78.09999999999998 1 1.0000000180025095e-35 2 -28.034999999999997 3 0.23626962524040468 0.22571565817665032 4
decision_type=10 2 9 10 8 8 9 2 9 8 9 8 10 9
left_child=1 2 3 4 -1 6 -3 -7 9 10 -9 12 -11 -13
right_child=-2 5 -4 -5 -6 7 -8 8 -10 11 -12 13 -14 -15
leaf_value=0.011929636740893357 -0.027138594093055159 -0.021385012170249244 -0.026553041539419203 0.055313892901305763 -0.030102462090215932 -0.0018212043747934726 0.0089273762797175363 0.010159272280648304 0.00059219666532053209 0.0081638820463553734 -0.021866739490224441 -0.011933809022883371 0.062027498660030857 0.010038387133202464
leaf_weight=48.314673172309995 21.300944349728525 66.915656707249582 61.029130948707461 7.7822862528264514 20.337294736877084 1643.8552198791876 37.222353232093155 36.572101976722479 2604.6190990391187 32.636935140937567 49.66163235437125 57.124950013123453 21.598046255297959 480.46872187079862
leaf_count=431 430 555 730 65 311 11643 299 286 20698 390 355 444 181 3407
internal_value=3.56978e-05 0.000152928 -0.0106946 0.00493838 -0.000775268 0.000451403 -0.0117534 0.000711723 0.0019803 0.00718904 -0.00966569 0.00977833 0.0303487 0.0076506
internal_weight=5189.44 5168.14 137.463 76.4343 68.652 5030.67 104.138 4926.54 3282.68 678.062 86.2337 591.829 54.235 537.594
internal_count=40225 39795 1537 807 742 38258 854 37404 25761 5063 641 4422 571 3851
cat_boundaries=0 2 4 6 7 8
cat_threshold=1083763988 8 1117552898 40 2719156749 21 2718042625 8930468
is_linear=0
shrinkage=0.05


Tree=224
num_leaves=15
num_cat=3
split_feature=32 15 15 1 10 27 30 29 16 29 3 23 9 28
split_gain=5.75869 8.74054 8.48626 6.61909 5.96326 9.5819 9.00111 15.8351 13.0166 7.87551 12.7667 9.77791 11.5309 10.2716
threshold=2.5000000000000004 -0.73241678484552952 4.0011913230234564 1.7256483238456675 1.0000000180025095e-35 0.93813395428503765 0 1 2.7575000000000007 2 inf -1.9159027777777775 3.5000000000000004 0.35846864320972821
decision_type=8 8 10 8 2 10 9 9 10 9 8 10 2 8
left_child=1 -1 3 -3 5 6 7 8 -2 10 11 13 -13 -8
right_child=4 2 -4 -5 -6 -7 9 -9 -10 -11 -12 12 -14 -15
leaf_value=0.049263209225569912 0.0051997478981709198 -0.013176118635340595 0.021924358014180027 0.021026852940185314 0.00058688662683801054 -0.043325505384602336 -0.022984422289041111 -0.01009721188259808 0.0403487493595521 -8.751963043816146e-05 0.027019493045511503 0.030027051662687022 -0.015639551990250831 -0.0080440003375371136
leaf_weight=11.756667176261542 395.8978637913242 56.788631290197372 47.739693956449628 17.76474840939045 3400.5394821050577 13.654938534833489 163.3524028044194 174.41715339478105 27.264827404171228 418.44169915374368 22.608553473837674 29.83200917718932 24.202011670917273 390.27536251302809
leaf_count=76 2581 414 295 102 27317 279 1122 1348 174 2758 267 325 158 2981
internal_value=-0.000340571 0.00984937 0.00569148 -0.00485572 -0.00061239 -0.00306808 -0.00270807 0.00218874 0.00738023 -0.00546659 -0.00897504 -0.0105039 0.00966032 -0.0124858
internal_weight=5194.54 134.05 122.293 74.5534 5060.49 1659.95 1646.29 597.58 423.163 1048.71 630.27 607.662 54.034 553.628
internal_count=40197 887 811 516 39310 11993 11714 4103 2755 7611 4853 4586 483 4103
cat_boundaries=0 2 3 4
cat_threshold=2758120018 41 1089683 8425991
is_linear=0
shrinkage=0.05


Tree=225
num_leaves=15
num_cat=3
split_feature=30 19 24 18 28 30 15 4 22 24 3 7 19 29
split_gain=5.5874 11.2909 8.89667 12.3309 10.585 11.9499 14.2677 11.266 12.5047 10.56 13.0452 10.0457 14.0459 19.9424
threshold=0 3.0000000000000004 0.096592475716169926 12.500000000000004 0.24540429334335073 1 1.1244129072295277 -0.48312107600056459 -0.5083333333333333 0.22808052120699415 0.41918750472597072 11.500000000000002 38.250000000000007 2
decision_type=9 10 8 10 8 9 10 10 10 10 10 2 10 9
left_child=1 -1 3 -2 5 -4 7 -7 -9 -8 -11 -6 13 -13
right_child=2 -3 4 -5 11 6 9 8 -10 10 -12 12 -14 -15
leaf_value=-0.010985635119549465 -0.016204598962779058 -4.5745724537442321e-05 -0.0095510745177777318 0.045685272893615091 0.0023321164488966004 -0.0024299861329595538 0.011042989147422397 0.057779646595897932 -0.019608378032296019 0.061628048033876816 0.020507324434441365 0.011335173185349809 -0.013159177595918432 -0.0067370835500122324
leaf_weight=306.39129822514951 115.27407775167376 1013.4896313901991 67.738101401831955 7.6896853670477858 2440.1150631364435 151.79644752666354 96.967936446890235 15.965455533936622 6.9439514679834238 29.657966888509691 56.622270694002509 239.82898593507707 278.33507661242038 379.03301937831566
leaf_count=2865 1741 7358 809 43 13972 1431 724 154 117 215 322 2551 2496 5417
internal_value=0.000225906 -0.0025722 0.00118029 -0.0119969 0.00161709 0.00903249 0.0124843 0.00257929 0.0344839 0.0225399 0.0351863 0.000668796 -0.00385251 0.000347666
internal_weight=5205.85 1319.88 3885.97 122.964 3763 425.692 357.954 174.706 22.9094 183.248 86.2802 3337.31 897.197 618.862
internal_count=40215 10223 29992 1784 28208 3772 2963 1702 271 1261 537 24436 10464 7968
cat_boundaries=0 2 4 5
cat_threshold=805727505 34 1074266176 16 544805
is_linear=0
shrinkage=0.05


Tree=226
num_leaves=15
num_cat=3
split_feature=28 24 30 8 24 7 14 0 5 7 24 30 29 28
split_gain=7.35693 14.1474 14.0035 15.0603 10.0046 11.6368 9.79708 7.77464 7.46854 9.00955 7.42331 14.7322 15.852 10.3861
threshold=0.58750732312149179 0.48649043810890374 0 17.500000000000004 0.39714213527237724 4.5000000000000009 10.178750000000003 32.005000000000003 0.62182844574780072 5.5000000000000009 0.56724321969875791 1 2 0.35658695137304769
decision_type=10 10 9 8 10 2 8 10 10 2 8 9 9 8
left_child=10 4 8 -4 6 -6 -2 -8 9 -3 -1 -12 13 -13
right_child=1 2 3 -5 5 -7 7 -9 -10 -11 11 12 -14 -15
leaf_value=0.00025523487726918868 0.049163211065530822 0.054830336951404914 0.0095908152395213202 -0.022934213916336627 -0.0070414302825731138 0.053175471702270743 0.0091046849260416514 -0.046219664248621228 -0.022691972407943316 0.0085968546516668534 -0.02713526664472219 0.041489743889351671 -0.021653524010246568 0.0032376780475124531
leaf_weight=4668.8299067700282 8.3083445355296117 21.676450874656439 65.59166650287807 75.720648730173707 9.9201282039284688 36.659695936366916 17.58002659864724 8.7243432458490116 6.2525643305853 20.50471353624016 63.993188994936645 20.226510893553495 50.373343119397759 109.50572667457163
leaf_count=36356 86 115 487 526 45 203 134 118 75 246 503 120 331 849
internal_value=0.000253096 0.00825853 0.000748618 -0.00735895 0.0255865 0.0404726 0.00497961 -0.0102654 0.0212616 0.0330753 -0.000189979 -0.00867179 -0.00047348 0.00880015
internal_weight=5183.87 270.939 189.746 141.312 81.1925 46.5798 34.6127 26.3044 48.4337 42.1812 4912.93 244.099 180.106 129.732
internal_count=40194 2035 1449 1013 586 248 338 252 436 361 38159 1803 1300 969
cat_boundaries=0 2 4 5
cat_threshold=537755968 40 2693276688 17 45328
is_linear=0
shrinkage=0.05


Tree=227
num_leaves=15
num_cat=2
split_feature=4 6 4 6 27 6 24 30 28 8 2 1 1 29
split_gain=6.65258 6.01546 8.1885 6.35708 20.6901 5.94789 6.91494 16.7798 15.2576 13.8231 10.1108 8.17937 7.7848 7.00654
threshold=-97.004999999999981 75.500000000000014 10.303248241550067 69.500000000000014 0.29428022154147149 40.500000000000007 0.56724321969875791 0 0.75948114021910296 17.500000000000004 5.970234239517537 1.6858803986710966 1.2895781119465333 1
decision_type=8 10 10 10 10 10 10 9 10 8 2 10 8 9
left_child=-1 3 -3 5 -5 6 -2 13 10 -10 12 -12 -9 -8
right_child=1 2 -4 4 -6 -7 7 8 9 -11 11 -13 -14 -15
leaf_value=-0.035639638309736779 0.00051591911370000079 -0.042036828984581359 0.050632330184601684 -0.025903482991544231 0.12985131600805927 -0.013920114557494791 0.01954341082783586 -0.0092930866254189413 0.053610690236239524 -0.011702661607457185 0.041047427319873889 -0.011338261149559888 -0.031216260647137409 -0.0095137309522979607
leaf_weight=12.282489255070686 4756.3697165902704 14.931997560895981 1.9339361460879434 4.2576652895659199 2.7949455203488469 76.554792336653918 62.298103254288435 64.123846188187599 13.865819543600081 17.171521443873647 10.558203607797624 20.12536065839231 114.39356813952327 24.413029953837395
leaf_count=85 35576 387 63 125 53 1747 393 506 64 90 80 102 827 163
internal_value=-0.000299338 -0.000208744 -0.0291716 -0.000108577 0.0442821 -0.00017782 3.18365e-05 -0.00699056 -0.0134857 0.0182385 -0.0188983 0.00741424 -0.023437 0.0112125
internal_weight=5196.07 5183.79 16.8659 5166.93 7.05261 5159.87 5083.32 326.949 240.238 31.0373 209.201 30.6836 178.517 86.7111
internal_count=40261 40176 450 39726 178 39548 37801 2225 1669 154 1515 182 1333 556
cat_boundaries=0 2 3
cat_threshold=1617277248 36 41216
is_linear=0
shrinkage=0.05


Tree=228
num_leaves=15
num_cat=4
split_feature=7 29 28 25 30 23 7 27 24 30 30 25 24 25
split_gain=7.9586 19.9371 13.6108 18.6773 14.6741 14.3805 12.4522 14.8073 12.4286 16.7402 15.977 14.2621 13.9244 21.2862
threshold=3.5000000000000004 0 0.30975488858736849 0.42793459987210231 1 4.7981250000000006 -1.0000000180025095e-35 0.27114781832480778 0.38947402928483338 2 3 0.54737172422944824 0.49826877660989621 0.26423390504695621
decision_type=2 9 8 10 9 10 2 8 8 9 9 10 8 10
left_child=1 2 3 5 6 -1 7 -4 9 -6 11 -10 -12 -14
right_child=-2 -3 4 -5 8 -7 -8 -9 10 -11 12 -13 13 -15
leaf_value=0.056763755740500493 -0.0013289871753303121 -0.0067200747144680944 0.047658191527201167 0.0022801090527021861 0.0080365173035849245 0.0056776024972451924 0.01958695299633342 -0.013949884405630365 0.018176766404858553 -0.023905645803695284 0.020495625543810105 -0.021357016855883891 0.016846196215259748 -0.036375758614429897
leaf_weight=43.89951578527689 3886.5684665492736 358.02018031477928 10.580572309903799 60.00146609172225 63.390320844016969 20.219355856999755 223.34748282283545 60.996574431657791 30.122972879558802 94.914545292966068 162.58505555987358 85.529133107513189 44.06272679567337 31.249561148695648
leaf_count=233 32359 2020 103 402 424 227 1060 494 169 729 872 527 199 346
internal_value=-0.000199824 0.00320341 0.00701984 0.0224442 0.0047089 0.0409887 0.013341 -0.00431177 -0.000530921 -0.012141 0.00467219 -0.0101245 0.0118073 -0.00542464
internal_weight=5175.49 1288.92 930.899 124.12 806.779 64.1189 294.925 71.5771 511.854 158.305 353.549 115.652 237.897 75.3123
internal_count=40164 7805 5785 862 4923 460 1657 597 3266 1153 2113 696 1417 545
cat_boundaries=0 1 3 5 7
cat_threshold=9601670 1133838421 40 2690662666 6 2688565258 7
is_linear=0
shrinkage=0.05


Tree=229
num_leaves=15
num_cat=4
split_feature=10 30 24 8 19 29 29 24 24 27 27 27 30 10
split_gain=7.50067 9.41909 12.693 16.5979 11.8437 13.5251 13.4726 15.227 12.8855 23.4595 25.2721 22.5727 18.2509 16.8204
threshold=1.0000000180025095e-35 0 0.57362542690136709 14.500000000000002 67.632500000000007 1 2 0.3431973822608344 0.40535978278548251 0.40487074999278588 0.40967235697832144 0.31852008328556464 3 16.500000000000004
decision_type=2 9 10 8 8 9 9 8 8 8 10 10 9 2
left_child=-1 -2 4 -4 5 -3 8 -8 9 11 -11 12 -6 -10
right_child=1 2 3 -5 6 -7 7 -9 13 10 -12 -13 -14 -15
leaf_value=-0.0028926989919280232 -0.0022459567075894028 0.01280628317903898 0.016494642662806161 -0.026153279777957707 -0.020652956380745015 -0.0085161093475020887 0.0054714278443757898 -0.0097571604255447478 0.021045048121353608 -0.046318396557098851 0.00060160335402947331 0.033265584989346057 0.010396364961759198 -0.013092741083877344
leaf_weight=1706.0173864653334 1278.1561605483294 86.770598627626896 31.678322126157582 75.682146203704178 48.240905842278153 310.71943351486698 564.45084039866924 230.30029499344528 327.21972461976111 38.092935148626566 107.84535028692335 90.689991207793355 235.9376071235165 39.864174013957381
leaf_count=12312 10186 942 278 570 533 3546 4005 1415 2146 337 743 657 2235 290
internal_value=-0.000179689 0.00115628 0.00314025 -0.0135333 0.00402198 -0.00373339 0.00585516 0.00103877 0.0100357 0.00507589 -0.0118774 0.0116899 0.00471197 0.0173123
internal_weight=5171.67 3465.65 2187.49 107.36 2080.13 397.49 1682.64 794.751 887.891 520.807 145.938 374.869 284.179 367.084
internal_count=40195 27883 17697 848 16849 4488 12361 5420 6941 4505 1080 3425 2768 2436
cat_boundaries=0 2 3 4 6
cat_threshold=216513794 10 8925186 5799957 1075314693 4
is_linear=0
shrinkage=0.05


Tree=230
num_leaves=15
num_cat=2
split_feature=11 3 15 16 30 56 15 9 4 5 9 7 30 7
split_gain=8.47048 9.32414 16.8653 12.1762 8.43845 12.7629 16.297 11.7176 9.46195 9.34809 8.54696 8.38701 20.5479 14.0738
threshold=6.5323561258067731 1.0523952371298628 4.4201387845094571 -0.33333333333333309 0 1.0000000180025095e-35 4.7826059346957388 4.5000000000000009 -45.165728053004067 0.36383797054009825 9.5000000000000018 2.5000000000000004 1 -9.4999999999999982
decision_type=2 10 8 10 9 2 8 2 8 8 2 2 9 2
left_child=11 4 3 -3 5 -2 7 -7 9 -6 -10 12 -1 -14
right_child=1 2 -4 -5 8 6 -8 -9 10 -11 -12 -13 13 -15
leaf_value=-0.0049301266200910462 -0.013265309701461614 0.0097352803301905752 0.032358028970887819 -0.037960243245051234 -0.025511134097264437 0.021059942768975479 -0.014725771435860988 -0.0096538987858630944 0.0017908579034137898 0.028544299099388843 0.021785362578981088 -0.0029770223545907935 -0.015617521122052294 0.018967899813610675
leaf_weight=307.41574630793184 215.97353355400264 50.580578757449985 68.46387336961925 17.074428718537092 8.4427593685686571 114.9067673641257 80.056478844955564 41.7442835457623 1596.0004151719622 58.722964552696794 54.314807314425707 2333.8986501512118 33.083409206010401 223.38034155173227
leaf_count=2468 2013 275 384 103 45 809 593 235 12398 361 276 18826 370 1285
internal_value=0.000144478 0.00240507 0.0150509 -0.00267946 0.00160532 -0.00440712 0.00351155 0.012866 0.00319871 0.0214749 0.00246171 -0.00165489 0.00381302 0.0139224
internal_weight=5204.06 2306.28 136.119 67.655 2170.16 452.681 236.708 156.651 1717.48 67.1657 1650.32 2897.78 563.879 256.464
internal_count=40441 17492 762 378 16730 3650 1637 1044 13080 406 12674 22949 4123 1655
cat_boundaries=0 2 4
cat_threshold=2835685960 8 1654256704 58
is_linear=0
shrinkage=0.05


Tree=231
num_leaves=15
num_cat=0
split_feature=24 15 11 15 10 26 27 27 26 10 21 15 25 24
split_gain=6.52194 7.13638 6.07769 5.98735 10.3974 10.4241 20.5569 7.17816 11.6827 5.49877 10.2483 9.04903 12.8534 17.6567
threshold=0.091038126988424853 -0.73241678484552952 10.457109473321079 3.8524270898681405 1.0000000180025095e-35 85.500000000000014 0.034072124013036255 0.048093757119428773 184.50000000000003 1.0000000180025095e-35 1.0651122481805213 0.14348903363651264 0.59992014679500394 0.44544088245656627
decision_type=8 8 2 8 2 2 10 10 2 2 10 10 8 10
left_child=1 -1 9 -3 -5 6 -6 -7 -9 10 -2 12 13 -11
right_child=2 3 -4 4 5 7 -8 8 -10 11 -12 -13 -14 -15
leaf_value=0.029180805162917479 -0.0014806405694747762 -0.024240031144539719 -0.030779733411671409 -0.032919192043330929 0.093570179634049025 -0.034604228547089812 -0.0024972254212635246 -0.018273732221539277 0.057843878608803578 -0.018665857896490341 -0.031770381447653477 0.0031954220965890231 0.0017756508411990485 0.0046522583698360579
leaf_weight=9.8073329692706448 1641.712716082111 64.541936753317714 14.735003402456639 21.130328540224582 7.7957893889397409 15.181644479744135 15.040748281870036 12.887664278503509 6.9531732546165577 222.33474929258227 27.412839152850211 2352.4229016350582 621.24909185571596 127.01751922629774
leaf_count=125 11788 1027 127 237 43 315 214 151 53 2624 197 16224 5880 1162
internal_value=-6.58699e-05 -0.0101893 0.00024614 -0.0130627 -0.00374096 0.00729329 0.0328473 -0.0098186 0.00989706 0.000343863 -0.00199683 0.00151982 -0.00254041 -0.0101988
internal_weight=5160.22 153.339 5006.88 143.531 78.9893 57.859 22.8365 35.0225 19.8408 4992.15 1669.13 3323.02 970.601 349.352
internal_count=40167 2165 38002 2040 1013 776 257 519 204 37875 11985 25890 9666 3786
is_linear=0
shrinkage=0.05


Tree=232
num_leaves=15
num_cat=3
split_feature=2 30 20 1 11 2 30 19 7 16 11 26 20 30
split_gain=6.20293 15.2654 10.4891 6.98301 6.492 10.6318 17.9792 10.0473 10.9458 9.25337 8.9648 8.08625 8.06588 19.6133
threshold=70.524861274546154 0 9.8975000000000062 0.8277715980719319 7.8049791278331044 3.737940941324303 1 84.725000000000009 35.500000000000007 0.50000000000000056 7.7430702012742874 145.50000000000003 -38.524999999999984 2
decision_type=2 9 10 8 2 2 9 10 2 8 2 2 8 9
left_child=4 2 -2 -3 10 7 -7 8 -6 -8 12 -9 13 -1
right_child=1 3 -4 -5 5 6 9 11 -10 -11 -12 -13 -14 -15
leaf_value=0.019542992547668638 0.0021999717918488064 0.018840617928554959 0.054957469561709153 -0.01654282170408455 0.020586403968039371 0.017234185152283827 0.0065262906516139578 -0.016226776130072239 -0.0049337505561883209 -0.021242065445069069 -0.022136345698991554 0.013645321698638822 -0.00060438331969779211 -0.0041987354422347396
leaf_weight=157.92131972685456 189.30417959531769 14.042842527851461 8.9212481295689923 226.25104417651892 214.6461220216006 63.390085784718394 41.125563679262996 52.413674149662256 51.761486247181892 106.12641311436892 45.019994467496872 38.383024152368307 3782.1181849376298 176.89384177420288
leaf_count=1275 1282 124 55 1539 1666 359 247 338 883 682 394 213 29782 1362
internal_value=-3.36185e-05 -0.00571544 0.00460704 -0.0138322 0.000494264 0.00550433 -0.0033954 0.0107473 0.0156281 -0.0126423 -0.000190455 -0.00358769 5.48474e-05 0.00748123
internal_weight=5168.32 438.519 198.225 240.294 4729.8 567.846 210.642 357.204 266.408 147.252 4161.95 90.7967 4116.93 334.815
internal_count=40201 3000 1337 1663 37201 4388 1288 3100 2549 929 32813 551 32419 2637
cat_boundaries=0 2 4 6
cat_threshold=14243846 13 1140858118 17 2197997138 38
is_linear=0
shrinkage=0.05


Tree=233
num_leaves=15
num_cat=0
split_feature=50 23 15 55 5 25 18 25 15 13 19 25 21 27
split_gain=5.77 11.1594 12.0985 6.12771 14.1681 10.4317 7.75374 11.5508 8.64858 6.80254 5.6753 8.68224 5.78832 12.2272
threshold=1.0000000180025095e-35 21.895416666666669 -3.8080092210995748 13.500000000000002 0.44695484848484862 4.0891573222181199 5.4800000000000004 0.55703620147469068 3.0463167230854826 2.9650000000000003 99.565000000000012 1.0232006870880881 1.0574384341921397 0.18441394265894515
decision_type=2 8 10 8 8 10 10 10 8 10 10 10 10 10
left_child=3 -2 -3 4 5 9 7 8 -6 -1 12 -12 -5 -14
right_child=1 2 -4 10 6 -7 -8 -9 -10 -11 11 -13 13 -15
leaf_value=0.030641746231530227 0.035444739331295196 0.024266989743339698 -0.037756144370270396 -0.00012297404559035273 0.057293277093580931 0.08513703909293717 0.035795871272307288 -0.018966540196366073 -0.017619321030428774 -0.022907628666877452 0.0027091501686670409 -0.025654344498255821 0.060690347746653939 0.0057216833427129396
leaf_weight=32.528885960578918 8.041534345597027 9.1295254640281183 37.669729048386216 4807.7939588348381 9.1921498831361514 7.0318595785647622 10.715490194503216 53.615722272545099 5.5844615092501035 6.437314558774232 53.66615442186594 52.910878470167518 10.396534142550079 92.827572559006512
leaf_count=273 40 65 236 37456 80 49 78 429 46 49 343 311 103 761
internal_value=-1.90982e-05 -0.016005 -0.0254022 0.000154451 0.0110403 0.0327848 -0.00185472 -0.00818453 0.0296596 0.0214434 -0.000119116 -0.0114797 0.000129713 0.0117872
internal_weight=5197.54 54.8408 46.7993 5142.7 125.106 45.9981 79.1078 68.3923 14.7766 38.9662 5017.6 106.577 4911.02 103.224
internal_count=40319 341 301 39978 1004 371 633 555 126 322 38974 654 38320 864
is_linear=0
shrinkage=0.05


Tree=234
num_leaves=15
num_cat=0
split_feature=28 10 28 24 28 24 7 26 24 1 13 31 2 7
split_gain=6.5137 8.19362 7.63146 13.6209 8.2316 12.2517 13.5518 6.97526 6.86229 6.61294 8.85011 6.27775 6.10179 9.88696
threshold=0.12575265367250066 16.500000000000004 0.14574953382278419 0.29231388218111026 0.16523359956869296 0.15733423049774473 38.500000000000007 15.500000000000002 0.052864894062088642 1.5505102040816328 35.002500000000005 2.5000000000000004 -1.5603139270285724 27.500000000000004
decision_type=8 2 8 8 8 10 2 2 8 8 8 2 2 2
left_child=1 -1 3 -2 5 6 7 -4 11 10 -9 -6 13 -10
right_child=2 -3 4 -5 8 -7 -8 9 12 -11 -12 -13 -14 -15
leaf_value=0.0025828517174376819 -0.023179682798782714 0.037913562072731367 0.012257273249494778 0.054651286445149098 -0.034397070255879028 -0.013047489812912991 -0.032255714951863364 0.0020299342836514185 0.0044386645222377116 0.099113841349223686 0.079170053895230047 0.017867215670330415 -0.00054888169852261842 0.042372295752166327
leaf_weight=47.75463080406189 63.981112968642265 24.131232378073037 10.439544146880506 5.2076419796794644 24.900932922028009 19.540041322819889 5.6341414316557339 8.01521068159491 293.8286358602345 7.6231933347880831 6.0240340810269108 6.6996439220383754 4629.8471316779032 17.274748269934207
leaf_count=567 856 253 79 43 528 167 140 75 1857 47 42 105 35245 190
internal_value=-4.12006e-05 0.0148004 -0.000253298 -0.0166264 -2.4815e-05 0.0186578 0.034988 0.0474077 -0.000243718 0.063059 0.038193 -0.0231083 -9.28376e-05 0.00667403
internal_weight=5170.9 71.8859 5099.02 69.1888 5029.83 57.2762 37.7361 32.102 4972.55 21.6624 14.0392 31.6006 4940.95 311.103
internal_count=40194 820 39374 899 38475 550 383 243 37925 164 117 633 37292 2047
is_linear=0
shrinkage=0.05


Tree=235
num_leaves=15
num_cat=2
split_feature=22 24 29 15 55 55 22 7 50 30 25 16 24 24
split_gain=5.49704 9.47281 10.8381 11.3832 10.479 11.1445 11.9728 9.38787 9.375 8.19043 8.61423 10.4048 10.1586 20.8509
threshold=0.82500000000000007 0.49826877660989621 0 -1.7454947373966598 22.500000000000004 31.500000000000004 5.2533333333333347 2.5000000000000004 1.0000000180025095e-35 1 0.9390102459766474 -13.994999999999997 0.48942070234144358 0.44544088245656627
decision_type=10 10 9 8 10 10 10 2 2 9 10 8 10 10
left_child=8 2 4 7 -2 -6 -7 -4 9 10 12 -12 13 -1
right_child=1 -3 3 -5 5 6 -8 -9 -10 -11 11 -13 -14 -15
leaf_value=-0.0083717640289746268 -0.0054610955779943017 0.0081875418424016463 0.058593037064017389 -0.021860919121868192 0.048454078280524976 0.035549806500620229 -0.045147168788673323 -0.006314440307021745 -0.029440056677037987 0.0018204168294359642 0.044414966618240931 0.00014046597224255994 -0.02243352960937248 0.021125403601063145
leaf_weight=448.27989622531459 160.01164104882628 104.17399865016341 7.1073274323716786 173.24005738599226 19.679268136620522 7.9336343053728369 8.4925860995426756 17.282136800698936 25.246827844530344 3354.5307248090394 12.546465838328002 650.14421410905197 91.743971995078027 68.159138223156333
leaf_count=3639 1432 847 59 2447 132 51 80 180 166 24973 75 4763 822 388
internal_value=-0.000176783 -0.00516439 -0.00870871 -0.0165339 5.65888e-05 0.0240132 -0.00636824 0.014163 0.000358209 0.000527185 -0.0028768 0.00104436 -0.00719131 -0.00444545
internal_weight=5148.57 497.921 393.747 197.63 196.117 36.1055 16.4262 24.3895 4650.65 4625.4 1270.87 662.691 608.183 516.439
internal_count=40054 5228 4381 2686 1695 263 131 239 34826 34660 9687 4838 4849 4027
cat_boundaries=0 1 3
cat_threshold=139300 2030701889 3
is_linear=0
shrinkage=0.05


Tree=236
num_leaves=15
num_cat=2
split_feature=2 30 11 24 26 28 24 6 1 15 15 30 0 15
split_gain=6.11461 14.2174 7.50858 13.8489 9.4902 11.9468 9.45831 15.9903 9.9365 9.22898 8.62927 8.56713 10.1255 9.93557
threshold=56.535349601938385 0 7.8235778320532994 0.21109619540064054 1.0000000180025095e-35 0.29681420050855806 0.2980398742565567 8.5000000000000018 0.38501602564102572 4.2338234557696994 1.8279007493647266 1 87.695000000000007 11.173742841906588
decision_type=2 9 2 10 2 10 8 10 10 10 10 9 8 8
left_child=2 -2 -1 -4 5 -5 7 10 -9 -10 -6 -8 13 -13
right_child=1 -3 3 4 6 -7 11 8 9 -11 -12 12 -14 -15
leaf_value=-0.00053620136056805321 0.004899944979686606 -0.011613608324854049 -0.012080264731742167 0.00035399384237130919 -0.019286245439851149 0.03769501420482993 0.010859417862924686 -0.0081696778248884633 0.097146729816635788 0.017124438266243332 0.022488304370365187 0.016009511457188753 -0.01773941512334469 -0.032873638872828688
leaf_weight=4087.9970688996837 204.9232218679972 332.17784717306495 89.407044025603682 34.213694524951279 19.811023050919175 56.368442311882973 122.63431411702186 4.5301282843574908 11.524555198848249 5.7580228820443144 29.559495985507965 58.731068447232246 87.620537390932441 11.619691980071364
leaf_count=32421 1389 2237 876 272 143 434 798 96 118 58 164 450 577 148
internal_value=-0.000396202 -0.00544047 0.000191301 0.00577442 0.00940212 0.0237488 0.00565113 0.0217936 0.0564277 0.0728807 0.00567524 0.00149331 -0.00609965 0.00758801
internal_weight=5156.88 537.101 4619.78 531.778 442.371 90.5821 351.789 71.1832 21.8127 17.2826 49.3705 280.606 157.971 70.3508
internal_count=40181 3626 36555 4134 3258 706 2552 579 272 176 307 1973 1175 598
cat_boundaries=0 2 4
cat_threshold=14223373 12 67140690 41
is_linear=0
shrinkage=0.05


Tree=237
num_leaves=15
num_cat=1
split_feature=11 30 11 8 14 56 23 28 7 8 7 28 56 14
split_gain=8.031 10.3386 10.8469 10.055 9.62915 15.7081 10.4545 9.27275 7.71923 9.7959 9.42941 8.58664 7.90555 8.34572
threshold=5.7223752066316074 0 5.5215209142625357 -10.499999999999998 0.20125000000000146 5.5000000000000009 7.402916666666667 0.41519449449938023 6.5000000000000009 23.500000000000004 24.500000000000004 0.30975488858736849 8.5000000000000018 3.9187500000000006
decision_type=2 9 2 8 10 2 10 10 2 8 2 8 2 10
left_child=1 2 8 -3 6 -6 -5 -7 9 -1 -10 -11 13 -13
right_child=-2 3 -4 4 5 7 -8 -9 10 11 -12 12 -14 -15
leaf_value=-0.0089426168086498264 0.0011458949927586047 0.056141161615747427 -0.019541388066535697 -0.0019259032516626123 -0.0023204743571427931 0.052328435037893577 -0.047075540953896093 0.010763048232710532 -0.020272712300909764 0.042912362478791793 0.024711821777294501 0.016711831206065158 -0.029040437151405231 -0.033004694633329688
leaf_weight=116.45459100138396 3757.8923088195734 6.8994496241211891 165.68680816749111 747.60841582529247 80.134839652106166 27.323975557461381 12.048560904338954 26.732434373348951 95.423032892867923 17.396444439888 12.391306356526909 75.181187062524259 13.201040141284464 8.5576609149575216
leaf_count=761 29275 41 1332 5689 530 168 200 156 992 97 297 455 71 56
internal_value=-5.99616e-05 -0.00328364 -0.0089207 -2.21198e-05 -0.000518135 0.0117786 -0.00270295 0.032342 -0.00394421 0.00122679 -0.014923 0.0115723 0.00556745 0.0113015
internal_weight=5162.93 1405.04 504.292 900.748 893.848 134.191 759.657 54.0564 338.605 230.791 107.814 114.336 96.9399 83.7388
internal_count=40120 10845 4061 6784 6743 854 5889 324 2729 1440 1289 679 582 511
cat_boundaries=0 2
cat_threshold=56178764 11
is_linear=0
shrinkage=0.05


Tree=238
num_leaves=15
num_cat=2
split_feature=8 5 7 11 15 15 30 54 7 6 6 22 30 24
split_gain=6.57917 8.24622 7.28123 7.16036 6.86755 6.62915 10.62 10.362 6.90844 15.1497 6.44305 5.86874 16.3303 8.90359
threshold=-2.4999999999999996 1.0976450000000002 74.500000000000014 5.477383622757789 2.205675392912982 -7.9836932176979936 0 52.500000000000007 66.500000000000014 71.500000000000014 -54.499999999999993 3.8200000000000007 1 0.51636556707090542
decision_type=8 10 2 2 8 8 9 8 2 8 8 10 9 10
left_child=3 2 5 -1 -5 6 10 -8 11 -10 -2 -7 13 -13
right_child=1 -3 -4 4 -6 8 7 -9 9 -11 -12 12 -14 -15
leaf_value=0.043924800753409099 0.0287076001890577 -0.034465674658588241 -0.031301014754417954 0.030597627621765974 -0.0014317008088990761 0.00010870728631009364 0.065955669673034054 0.015470476173535086 5.9675355028973092e-05 0.12113462319523341 -0.01556633526771433 0.00078936283885717149 -0.015359992559092246 0.033629091635549543
leaf_weight=14.582146309316157 9.0058544892817718 16.471037704031914 17.575695840641856 21.644156515598301 63.827983856201172 4541.2525550862774 11.005408235825596 74.727758014574647 8.3610845906659943 2.7397214230149975 45.978882186114788 86.824149010237306 193.54457344580442 26.09712719079107
leaf_count=91 49 583 465 125 414 33856 77 452 214 65 288 1139 1946 225
internal_value=7.91368e-05 -0.000174423 -5.49999e-05 0.0127108 0.00693915 6.10819e-05 0.0107208 0.0202968 -0.000249779 0.0374825 -0.00672951 -0.000343895 -0.00702916 0.0079129
internal_weight=5133.64 5033.58 5017.11 100.054 85.4721 4999.54 140.718 85.7332 4858.82 11.1008 54.9847 4847.72 306.466 112.921
internal_count=39989 39359 38776 630 539 38311 866 529 37445 279 337 37166 3310 1364
cat_boundaries=0 2 4
cat_threshold=1658895360 5 539527436 43
is_linear=0
shrinkage=0.05


Tree=239
num_leaves=15
num_cat=3
split_feature=7 30 19 15 18 28 30 23 25 28 52 15 22 30
split_gain=6.60388 8.22454 6.91189 6.82596 6.6602 5.97284 14.135 7.80539 6.63419 6.60908 6.31007 6.53303 6.22559 8.61131
threshold=38.500000000000007 0 26.250000000000004 6.4790181688025603 -3.0441666666666696 0.12575265367250066 1 1.1336111111111113 2.5867427089923658 0.12870011953118718 1.0000000180025095e-35 -0.081004603389521521 -1.1749999999999998 2
decision_type=2 9 8 10 8 8 9 10 10 8 2 8 8 9
left_child=5 3 4 -2 -3 6 7 -1 -9 -7 12 -12 13 -11
right_child=1 2 -4 -5 -6 9 -8 8 -10 10 11 -13 -14 -15
leaf_value=0.078208111970006641 -0.028558842946463686 0.051830641618321842 0.0073550646135592153 0.037913648148035939 -0.030073496624672666 -0.038664663537557202 -0.00929140355719516 -0.011305323691696796 0.05089358962557318 -0.0081708808513851466 0.046866645230895669 0.0077296769086384227 -0.00042816873338909672 0.011798539173257563
leaf_weight=11.259019164368512 63.501779139507562 1.855045113712549 81.042211683467031 3.2635603062808505 23.135228976607326 9.9123067110776883 30.604392854496837 7.3711703568696967 8.3357142210006696 64.667793922126293 11.013349581509827 101.69253271399066 4551.1996758235618 213.18011753726751
leaf_count=81 1369 31 1321 60 632 122 303 66 64 407 68 610 33861 1268
internal_value=5.98696e-05 -0.00952184 0.000218519 -0.0216092 -0.0222334 0.000392233 0.0162656 0.0352749 0.0227744 0.000204435 0.000290207 0.0119326 1.60694e-05 0.00726821
internal_weight=5182.03 172.798 106.032 66.7653 24.9903 5009.24 57.5703 26.9659 15.7069 4951.67 4941.75 112.706 4829.05 277.848
internal_count=40263 3413 1984 1429 663 36850 514 211 130 36336 36214 678 35536 1675
cat_boundaries=0 2 4 5
cat_threshold=3263741976 19 42467400 34 54545480
is_linear=0
shrinkage=0.05


Tree=240
num_leaves=15
num_cat=4
split_feature=30 2 8 1 5 7 18 30 30 28 28 3 30 7
split_gain=6.08482 9.92344 11.2571 8.39954 7.72163 7.72153 12.2088 15.8657 12.2359 8.42262 17.9134 8.37434 11.2665 10.3699
threshold=0 -9.1487720200591411 -6.4999999999999991 1.4682767874257239 0.5920428571428572 2.5000000000000004 -1.4999999999999989 1 2 0.42001821237223663 0.49064135228062794 0.081002419202147694 3 17.500000000000004
decision_type=9 2 8 8 10 2 8 9 9 10 10 10 9 2
left_child=1 3 -3 -1 -4 6 7 9 -8 -2 -11 12 -7 -14
right_child=5 2 4 -5 -6 11 8 -9 -10 10 -12 -13 13 -15
leaf_value=0.045673590923211937 -0.040415583416142195 0.051746870916574386 0.0037306354610315076 0.0042846166454638089 -0.0067522018879954092 -0.011383596244005688 -0.0029138194167293028 0.013133550388380783 0.012204977579708934 0.055101930021604642 -0.048679251910428621 -0.0028105846276777961 0.017200732791483299 0.00023375865776362211
leaf_weight=23.867839366197586 44.8692491883412 10.408809591084717 970.91019289102405 24.625944217666984 213.46909645898268 81.057834764476866 207.73243087157607 35.8391954600811 362.93988976441324 7.2484952434897405 7.3875919468700886 2812.4422212648205 175.39851328544319 184.0358407497406
leaf_count=177 467 63 7674 140 1738 1340 1338 269 2263 39 76 19847 1442 3288
internal_value=0.000168473 0.00319998 0.00231485 0.0251668 0.00183714 -0.000799961 0.00409903 -0.0123771 0.00686859 -0.0256381 0.00295511 -0.00180641 0.00459688 0.00830765
internal_weight=5162.23 1243.28 1194.79 48.4938 1184.38 3918.95 666.017 95.3445 570.672 59.5053 14.6361 3252.93 440.492 359.434
internal_count=40161 9792 9475 317 9412 30369 4452 851 3601 582 115 25917 6070 4730
cat_boundaries=0 2 4 6 7
cat_threshold=3037782598 36 791560 25 1119950865 2 1111955465
is_linear=0
shrinkage=0.05


Tree=241
num_leaves=15
num_cat=4
split_feature=50 19 11 2 20 2 30 15 55 24 24 30 30 34
split_gain=6.86382 14.3175 7.00507 12.1937 8.85541 7.27299 7.79999 7.2316 8.03657 8.51033 14.6949 10.0663 8.7402 9.17043
threshold=1.0000000180025095e-35 98.250000000000014 7.8049791278331044 47.52978628561906 -69.992499999999978 54.476776616434606 0 -4.4147724875449947 100.50000000000001 0.23662353885182605 0.2980398742565567 1 2 3
decision_type=2 10 2 2 8 2 9 10 8 10 10 9 9 1
left_child=2 -2 -1 4 -4 -5 -7 -6 -9 11 -11 -10 13 -12
right_child=1 -3 3 5 7 6 -8 8 9 10 12 -13 -14 -15
leaf_value=-0.00057250733110481618 -0.039805871340539464 0.012108724476604337 -0.03281160193521597 -0.033281274924959067 -0.0044910708462305134 -0.015692675738163794 0.0055130545705423008 -0.0057647183644637667 0.020553075357198844 0.040685030714925928 0.0082902531676439222 -0.013368997053431248 0.018165143809740426 -0.031463284789086325
leaf_weight=4391.7571083097719 30.151891265064478 22.503820879384875 11.56792928278446 20.820961125195026 75.379246660508215 57.926381101831794 107.91331738419831 53.714779095724225 24.106198254041374 58.930710517801344 48.109362058341503 47.061505627818406 179.71644067019224 19.604551526717842
leaf_count=34573 207 125 94 125 854 388 687 333 224 442 342 445 1193 146
internal_value=-1.68121e-05 -0.0178066 0.000170441 0.00479382 0.00873671 -0.0061403 -0.00255373 0.00974817 0.0122418 0.0148122 0.0184198 -0.000757732 0.0129744 -0.00306373
internal_weight=5149.26 52.6557 5096.61 704.851 518.191 186.661 165.84 506.623 431.244 377.529 306.361 71.1677 247.43 67.7139
internal_count=40178 332 39846 5273 4073 1200 1075 3979 3125 2792 2123 669 1681 488
cat_boundaries=0 2 4 6 7
cat_threshold=17097746 42 622920 32 2148352268 10 4
is_linear=0
shrinkage=0.05


Tree=242
num_leaves=15
num_cat=1
split_feature=14 25 25 27 11 29 32 27 28 24 1 10 31 25
split_gain=8.42452 6.84116 13.4955 17.0247 16.2598 15.0962 13.1543 11.3221 15.4688 10.338 10.2236 9.96215 9.35252 9.81192
threshold=-5.232499999999999 0.41041104709104143 0.37473311261909187 0.44994984235128149 5.9957924497067143 0 4.5000000000000009 0.38814453889573181 0.407661435143232 0.4368538551188425 1.7542421627840092 4.5000000000000009 2.5000000000000004 0.22791592120595935
decision_type=8 8 10 10 2 9 8 8 8 10 8 2 2 10
left_child=-1 2 3 5 -4 9 7 -7 -9 -2 -8 12 -5 -14
right_child=1 -3 4 11 -6 6 10 8 -10 -11 -12 -13 13 -15
leaf_value=-0.024915173145354921 0.010842646099865761 -0.00081043506165500714 0.034632824338954454 0.014947745538902915 -0.009486406864401541 -0.0072661893003104442 -0.0055000769775628575 -0.06121284767173301 -0.014177091012071997 -0.019043130603989364 0.034615214369212055 0.020518681433588662 0.0022656577865117857 -0.029315881451669426
leaf_weight=32.514877014793456 222.14964062022045 3866.753312414512 67.478971335105598 127.63086544722319 29.523623865097761 309.17796115390956 34.526846596971154 23.787357007618994 62.43526428937912 32.31998404674232 28.050679765641689 139.70604145154357 163.07867828663439 27.938780250027776
leaf_count=253 2092 29005 438 924 233 3269 468 287 541 209 170 1024 1041 301
internal_value=7.16824e-05 0.000234734 0.00342058 0.00192694 0.021245 -0.00290874 -0.00823119 -0.0117821 -0.0277065 0.00672399 0.0127434 0.00943329 0.0045241 -0.00248217
internal_weight=5167.07 5134.56 1267.8 1170.8 97.0026 712.448 457.978 395.401 86.2226 254.47 62.5775 458.354 318.648 191.017
internal_count=40255 40002 10997 10326 671 7036 4735 4097 828 2301 638 3290 2266 1342
cat_boundaries=0 1
cat_threshold=9973927
is_linear=0
shrinkage=0.05


Tree=243
num_leaves=15
num_cat=0
split_feature=24 24 4 3 24 28 32 28 3 19 24 28 19 28
split_gain=5.02846 19.3598 27.6892 17.1385 11.2467 13.0331 19.3962 17.1242 13.2004 12.6538 11.8698 11.3691 20.1534 13.9615
threshold=0.3431973822608344 0.3586653709102689 -24.799037547050965 0.00341183768792877 0.36864945255895459 0.32003501639562232 3.5000000000000004 0.26073154095722534 0.25705324312537309 96.850000000000009 0.61008673180796469 0.35916186066011319 35.70000000000001 0.39342620722792448
decision_type=10 10 10 10 10 10 8 8 8 10 10 10 10 10
left_child=-1 2 3 -2 9 6 7 -6 -8 -3 -9 12 -7 -13
right_child=1 4 -4 -5 5 11 8 10 -10 -11 -12 13 -14 -15
leaf_value=0.0020385280970809834 0.033757992524591565 0.022193507249494315 0.0068015823811219955 -0.033537970599797011 0.0014284300718001271 0.029992508059360913 -0.026006502518280544 -0.031371161862556465 0.033964728960790065 -0.030671952493520633 0.0059360163106429026 -0.0109505134383894 0.0018392410893414623 0.00097346772149312316
leaf_weight=2193.8199423840269 9.404619310051201 93.670426597818732 88.440896506421268 130.73864883929491 91.442827608436346 85.666251394897699 11.47642503865063 136.39072308456525 35.125276777893305 11.973222903907297 24.89585255086422 285.65863942541182 239.04692177474499 1708.4323647357523
leaf_count=18626 112 729 653 969 868 637 212 1083 203 70 208 2175 1298 12165
internal_value=0.000225896 -0.00112126 -0.0150649 -0.0288147 5.40197e-05 -0.000594075 -0.0103946 -0.0158608 0.0189598 0.0159705 -0.0256114 0.000674997 0.00933595 -0.000739306
internal_weight=5146.18 2952.36 228.584 140.143 2723.78 2618.14 299.331 252.729 46.6017 105.644 161.287 2318.8 324.713 1994.09
internal_count=40008 21382 1734 1081 19648 18849 2574 2159 415 799 1291 16275 1935 14340
is_linear=0
shrinkage=0.05


Tree=244
num_leaves=15
num_cat=1
split_feature=18 4 1 22 29 18 28 56 27 16 27 56 33 21
split_gain=7.33565 5.36627 5.27555 4.79485 8.91954 8.89565 8.23178 8.36654 7.12356 6.94204 7.65162 6.92506 11.1992 11.3268
threshold=-21.249999999999996 -97.004999999999981 1.4866642958748224 0.82500000000000007 0 8.004999999999999 0.12575265367250066 13.500000000000002 0.034072124013036255 12.550000000000002 0.41566667913740318 7.5000000000000009 0.90000000000000013 1.0527474684438116
decision_type=8 8 10 10 9 10 10 2 8 10 10 2 2 8
left_child=2 -2 -1 8 5 6 7 -5 -3 -10 -11 -6 13 -13
right_child=1 3 -4 4 11 -7 -8 -9 9 10 -12 12 -14 -15
leaf_value=-0.048055449607101036 -0.031345175053662591 0.039836917865910489 -0.0057380082202831383 0.02674349062751363 -0.0061261394033247105 0.023572420127338636 -0.02762266639527888 -0.03025631084496801 0.00044971822366384796 0.0046000404033953585 -0.031986217962640291 -0.0021171197236949154 -0.0016184678409402386 0.048937957451196945
leaf_weight=12.610107418149711 12.838444979861379 10.381043695844708 16.73366716504097 15.385780333541335 217.09295959770679 11.630728418007491 92.952882006764412 9.6203233152627927 4572.5341658182442 24.023986785672605 33.479318728670478 17.940445715561509 94.862772623077035 26.231366164982319
leaf_count=86 90 99 107 190 3001 105 964 97 34279 168 258 114 530 137
internal_value=-0.000395876 -0.000251094 -0.0249078 -0.00016712 -0.00488843 -0.0155105 -0.0208336 0.00449437 0.000328011 0.000230845 -0.0168837 -0.000541148 0.00812226 0.028614
internal_weight=5168.32 5138.97 29.3438 5126.14 485.717 129.59 117.959 25.0061 4640.42 4630.04 57.5033 356.128 139.035 44.1718
internal_count=40225 40032 193 39942 5138 1356 1251 287 34804 34705 426 3782 781 251
cat_boundaries=0 1
cat_threshold=671744
is_linear=0
shrinkage=0.05


Tree=245
num_leaves=15
num_cat=1
split_feature=8 1 5 7 44 21 20 28 48 29 20 7 26 1
split_gain=5.27095 7.55315 6.66713 6.07516 5.90674 7.64143 8.35544 7.36249 7.00172 9.9438 7.41076 6.56203 12.8589 8.09133
threshold=-2.4999999999999996 0.58374587458745886 1.0976450000000002 2.5000000000000004 1.0000000180025095e-35 1.0759918085368285 1.0000000180025095e-35 0.52708231543002382 1.0000000180025095e-35 0 -14.079999999999998 35.500000000000007 1.0000000180025095e-35 0.74090608465608476
decision_type=8 10 10 2 2 10 10 10 2 9 10 2 2 8
left_child=1 -1 4 -3 8 6 11 -8 -2 10 -10 13 -13 -6
right_child=2 3 -4 -5 5 -7 7 -9 9 -11 -12 12 -14 -15
leaf_value=0.025021583066457326 -0.00010851199410237124 0.027850603549124719 -0.03227097124922032 -0.012343052757736565 0.040497534916880483 -0.018589190024140043 -0.020232844618489634 0.030045094924303607 0.037728796496311168 -0.023313479785025102 -0.015442928048517952 0.059175445296898013 -0.023814114802789221 0.0090292989884777786
leaf_weight=50.52063811942935 4467.5557662276551 11.502893846482037 14.858156231231986 36.954351391643286 20.688030646182597 30.763668079860508 43.619749297387898 7.7837585657834998 14.443997703492643 59.772644950076938 10.630738258361815 4.5145726557821027 30.227822258137167 388.17541681136936
leaf_count=350 34854 64 565 206 238 202 380 40 83 361 55 63 543 2409
internal_value=0.00032177 0.0116913 9.85633e-05 -0.00243158 0.000199608 0.00521215 0.00672584 -0.0121915 -0.000380326 -0.0145244 0.0111732 0.00894041 -0.0116762 0.0107165
internal_weight=5192.01 98.9779 5093.03 48.4572 5078.18 525.773 495.009 51.4035 4552.4 84.8474 25.0747 443.606 34.7424 408.863
internal_count=40413 620 39793 270 39228 3875 3673 420 35353 499 138 3253 606 2647
cat_boundaries=0 1
cat_threshold=1582080
is_linear=0
shrinkage=0.05


Tree=246
num_leaves=15
num_cat=2
split_feature=23 23 30 26 7 4 21 16 30 27 27 27 14 26
split_gain=6.01883 12.1661 8.0938 11.5422 9.94832 9.86005 6.04529 5.26849 13.3386 16.0161 12.4953 9.56197 11.8591 11.1723
threshold=26.634166666666669 37.039791666666673 0 638.50000000000011 7.5000000000000009 106.73268260278978 0.8815623702491836 -0.12416666666666386 1 0.3066836379169196 0.33495040173051904 0.4627877730826333 4.3775000000000013 1139.0000000000002
decision_type=10 10 9 2 2 8 8 8 9 10 10 10 10 2
left_child=7 -2 5 -4 -5 -3 -7 8 9 -1 -11 13 -13 -10
right_child=1 2 3 4 -6 6 -8 -9 11 10 -12 12 -14 -15
leaf_value=-0.029254735062715084 -0.044520586411607818 -0.035300494751451708 -0.036830641221085696 0.055407572793725206 -0.0075449906188274594 -0.022599061454666516 0.046345986667648283 -0.00070044603247256649 0.0093062163729649358 0.053874909506445773 -0.0017992192363120519 -0.013733623756580472 0.014391638982420735 0.033084480746727769
leaf_weight=54.395246501080692 21.913448881357908 27.889040117617697 6.7191539960913351 16.385673273354772 9.4816065123304707 4.6286053364165127 6.6709734164178354 4405.3861662689596 223.22421513032168 9.7225556708872301 166.89832361973822 81.496254259720445 67.68863006029278 62.98051652032882
leaf_count=408 507 252 208 78 202 100 37 34591 1489 60 963 531 428 365
internal_value=-0.00030661 -0.0127966 -0.00263231 0.0137638 0.0329105 -0.0157701 0.018563 -7.34127e-05 0.00406653 -0.00555741 0.00155157 0.00909298 -0.000961685 0.0146357
internal_weight=5165.48 93.6885 71.7751 32.5864 25.8673 39.1886 11.2996 5071.79 666.406 231.016 176.621 435.39 149.185 286.205
internal_count=40219 1384 877 488 280 389 137 38835 4244 1431 1023 2813 959 1854
cat_boundaries=0 2 4
cat_threshold=1115964424 1 577931266 15
is_linear=0
shrinkage=0.05


Tree=247
num_leaves=15
num_cat=4
split_feature=14 7 29 30 3 26 30 14 0 30 23 3 18 15
split_gain=6.86604 6.672 14.6493 11.7999 10.8434 10.7239 15.345 18.5612 18.6143 13.2651 9.87754 10.5431 9.69353 8.82143
threshold=-20.937499999999996 3.5000000000000004 0 1 0.72653841794661356 638.50000000000011 2 8.6016666666666683 70.455000000000013 3 1.1027777777777781 0.011325255116391581 2.0900000000000012 3.7214298639650161
decision_type=8 2 9 9 8 2 9 8 10 9 10 10 10 10
left_child=-1 2 3 10 -4 -3 -7 8 9 12 11 -2 -8 -11
right_child=1 5 4 -5 -6 6 7 -9 -10 13 -12 -13 -14 -15
leaf_value=-0.045922729207762143 -0.040728680505534076 0.00054766558392524661 0.0075447075160547279 0.0085610108362641092 -0.019785562248490533 -0.011967833655898964 -0.013555827421529696 -0.0072392686706683586 -0.0024227887759817913 0.033742661404441175 0.022541501639227433 -0.0032902632016984634 0.034400327143750402 0.079182637335954723
leaf_weight=7.1227847915142775 19.279100645333529 2940.1991205653176 53.099055416882038 786.3479163730517 110.74473557621241 460.20546533307061 29.970511133782566 291.78829985996708 100.20584988594055 32.769293030723929 33.002826961688697 262.59866911172867 14.979363797232507 17.383392371237278
leaf_count=45 195 24629 271 4865 680 3690 256 2731 610 242 242 1486 120 128
internal_value=1.0701e-05 8.30967e-05 0.00323564 0.00530406 -0.0103108 -0.000943374 -0.0055669 0.000723157 0.012632 0.0283549 -0.00284391 -0.0059858 0.00232109 0.0424366
internal_weight=5159.7 5152.57 1265.07 1101.23 163.844 3887.5 947.302 487.097 195.308 95.1026 314.881 281.878 44.9499 50.1527
internal_count=40190 40145 7739 6788 951 32406 7777 4087 1356 746 1923 1681 376 370
cat_boundaries=0 1 3 5 7
cat_threshold=13815844 2715956740 19 28724830 6 1611214848 16
is_linear=0
shrinkage=0.05


Tree=248
num_leaves=15
num_cat=2
split_feature=14 15 20 7 0 24 30 6 27 27 7 24 27 30
split_gain=5.00941 5.48501 10.296 9.7021 8.56584 4.75652 19.8301 12.5354 11.5845 10.0457 10.1967 9.66433 9.3269 20.7312
threshold=-20.937499999999996 -7.9836932176979936 9.0099999999999962 10.500000000000002 90.00500000000001 0.57362542690136709 0 -21.499999999999996 0.60661183064279156 0.5225542341329652 6.5000000000000009 0.607864357864358 0.57923415205605722 1
decision_type=8 8 8 2 10 10 9 10 8 10 2 10 10 9
left_child=-1 2 3 -2 -4 12 9 8 -8 -7 -11 -9 -3 -14
right_child=1 5 4 -5 -6 6 7 11 -10 10 -12 -13 13 -15
leaf_value=-0.038275117773668224 0.033641122590921842 -0.00054872446446470444 0.0072708455756630933 -0.012760295307134998 -0.030018190551191176 -0.03694924527332534 0.0029109812642750298 -0.035503935676652172 -0.041884579963043969 0.032842820733655693 -0.0021713957087133489 0.00086852143735873313 -0.0062545405517833528 0.0179854648324103
leaf_weight=7.5780784655362368 52.160157855600119 4381.8749385522678 55.291959526948631 13.719148387201129 20.21337710134685 8.1022723540663701 18.830311983823776 21.209639383479953 59.100499724037945 49.641266100108624 35.077895203605294 102.51660253945738 148.09141568653286 198.07031681668013
leaf_count=47 289 34627 369 124 109 52 116 181 478 262 319 635 1186 1465
internal_value=-9.75792e-05 -3.41534e-05 0.00964324 0.0239319 -0.00297361 -0.000308439 -0.00646288 -0.0148511 -0.0311609 0.0120258 0.018489 -0.00560125 7.61661e-05 0.00796511
internal_weight=5171.48 5163.9 141.385 65.8793 75.5053 5022.52 294.478 201.657 77.9308 92.8214 84.7192 123.726 4728.04 346.162
internal_count=40259 40212 891 413 478 39321 2043 1410 594 633 581 816 37278 2651
cat_boundaries=0 2 4
cat_threshold=24484162 44 38087762 56
is_linear=0
shrinkage=0.05


Tree=249
num_leaves=15
num_cat=2
split_feature=0 7 30 16 22 24 9 24 24 13 22 30 1 19
split_gain=5.61698 10.2532 16.6849 13.0973 12.7729 9.87594 12.7275 9.68283 9.3371 10.8414 8.63705 12.68 12.8323 8.58618
threshold=89.915000000000006 3.5000000000000004 0 0.31749999999999906 -3.2883333333333327 0.4866149429193169 2.5000000000000004 0.50078218747558134 0.47665140854685067 5.1700000000000008 0.73000000000000032 1 1.4291294642857146 92.600000000000009
decision_type=10 2 9 10 8 10 2 10 10 8 8 9 8 10
left_child=10 2 7 -4 -3 6 -6 8 -2 -10 11 -1 -13 -9
right_child=1 4 3 -5 5 -7 -8 13 9 -11 -12 12 -14 -15
leaf_value=-0.0064513357986513116 -0.0099838505984614374 -0.038625574192543269 0.013383232106635815 -0.018907520995798701 -0.016191668724104328 -0.021493483718094272 0.0067190228701729179 -0.043252435042404135 0.044846697416713627 -0.017138909856108813 -0.00035351806575503254 0.027889060698064641 -0.0039405639444474961 0.022309407181594139
leaf_weight=81.270102980080992 153.57351694162935 35.303037755191326 232.94606083445251 35.376270219683647 98.787083575967699 90.158296600915492 153.49887717142701 30.635954000987113 17.075004605576396 10.870103696361186 4069.3964997944422 106.59506302513182 44.550494652241468 5.2866368889808646
leaf_count=715 1044 171 1434 221 652 538 845 356 104 73 33086 821 275 25
internal_value=-0.000556131 -0.00423379 0.000573201 0.00874677 -0.0104005 -0.00738678 -0.00228058 -0.00947358 -0.00512866 0.0209764 0.000182905 0.00953649 0.0173994 -0.033261
internal_weight=5165.32 863.511 485.764 268.322 377.747 342.444 252.286 217.441 181.519 27.9451 4301.81 232.416 151.146 35.9226
internal_count=40360 5463 3257 1655 2206 2035 1497 1602 1221 177 34897 1811 1096 381
cat_boundaries=0 2 4
cat_threshold=2721633807 16 34102276 56
is_linear=0
shrinkage=0.05


Tree=250
num_leaves=15
num_cat=1
split_feature=1 30 5 15 6 10 24 24 28 6 7 25 19 25
split_gain=5.74376 6.18459 8.5462 6.06933 8.1592 8.08144 7.50159 6.82837 8.46656 6.56797 5.8635 4.95383 7.62548 4.91582
threshold=0.32330316742081455 0 0.0098270140664961647 -1.0000000180025095e-35 70.500000000000014 7.5000000000000009 0.40821486792265332 0.2227072305202856 0.21223880217449698 28.500000000000004 29.500000000000004 0.060825153151228314 1.0000000180025095e-35 1.3289670474000419
decision_type=8 9 8 10 8 2 8 10 8 10 2 10 8 10
left_child=1 11 10 7 6 -6 -5 8 -4 -10 -3 12 -1 -2
right_child=13 2 3 4 5 -7 -8 -9 9 -11 -12 -13 -14 -15
leaf_value=0.095994269327498674 -0.00099129452969043603 0.074719524113433258 -0.029171567881761735 -0.011753073182056907 -0.0021305185695098829 0.10941096313793804 0.058671423989721076 -0.024355034912135868 -0.012534662089302548 0.07871042258647952 -0.0063719728851040578 -0.034603337427695759 -0.02752978860139171 0.0022800208458154899
leaf_weight=1.0424728346988552 3247.396887909621 4.8040364859625679 5.2753821816295359 24.203803065698597 2.8228465793654314 2.7074698396027088 3.4492004001513115 47.412027369253337 2.6487565143033871 4.6763239125721157 3.3816875335760415 37.776955631095916 2.4113585199229419 1775.4053648044355
leaf_count=60 24670 113 155 438 50 85 64 985 45 109 108 1192 107 12095
internal_value=-0.00011663 -0.00997604 -0.00171757 -0.00635673 0.0105991 0.0608689 -0.00122784 -0.0157523 0.0160279 0.0481737 0.0441723 -0.0237343 0.0229357 0.000165238
internal_weight=5165.41 142.612 101.382 93.1958 33.1833 5.53032 27.653 60.0125 12.6005 7.32508 8.18572 41.2308 3.45383 5022.8
internal_count=40276 3511 2152 1931 637 135 502 1294 309 154 221 1359 167 36765
cat_boundaries=0 2
cat_threshold=2156681222 26
is_linear=0
shrinkage=0.05


Tree=251
num_leaves=15
num_cat=1
split_feature=16 29 27 26 18 6 27 27 27 27 26 10 15 23
split_gain=6.60587 6.54479 12.4086 12.0682 9.50701 9.12047 8.76115 12.4201 11.8464 13.5429 11.462 10.4093 10.3637 8.62676
threshold=-0.12416666666666386 0 0.16604797216069403 375.50000000000006 20.015000000000004 38.500000000000007 0.23870084570681779 0.2631009977810419 0.27228751806240764 0.28494668565751874 223.00000000000003 10.500000000000002 6.2387556682881913 5.1922916666666676
decision_type=10 9 8 2 10 10 8 8 8 8 2 2 8 8
left_child=1 3 -3 4 5 13 11 -8 10 -10 -9 -4 -13 -1
right_child=-2 2 6 -5 -6 -7 7 8 9 -11 -12 12 -14 -15
leaf_value=-0.0063338546415679436 -0.0034953386916588649 -0.020362316134056691 0.0025378647180479127 -0.035464831588228822 0.050527773263705889 -0.014707119699126713 -0.013107136848737797 0.028557298333375863 -0.027368446503395302 0.00079526348960536346 -0.032767996050492208 0.042654255526274304 -0.0029182390813489861 0.0073875907574477975
leaf_weight=129.0094668189995 810.94058980699629 70.602214989252388 106.12327394541353 17.521051485091448 10.479687195271252 56.195355249103159 167.76253477530554 60.977441208437085 42.392185864970088 2617.5570985847153 7.8409458212554446 39.921677032485604 17.770698148757219 974.87522078864276
leaf_count=1276 6209 932 728 169 60 1391 1505 403 364 19350 77 267 137 7094
internal_value=0.000642682 0.00142027 0.0002125 0.0045601 0.00522788 0.00477549 0.000694352 5.62827e-05 0.000870065 0.000336296 0.0212008 0.0119077 0.0288062 0.0057797
internal_weight=5129.97 4319.03 3130.95 1188.08 1170.56 1160.08 3060.35 2896.53 2728.77 2659.95 68.8184 163.816 57.6924 1103.88
internal_count=39962 33753 23763 9990 9821 9761 22831 21699 20194 19714 480 1132 404 8370
cat_boundaries=0 1
cat_threshold=4735367
is_linear=0
shrinkage=0.05


Tree=252
num_leaves=15
num_cat=0
split_feature=2 13 28 13 7 5 26 25 0 25 13 28 28 7
split_gain=5.20443 9.33184 6.58229 7.26511 6.12126 12.0199 13.4954 8.43051 14.9926 11.7362 9.64906 7.96442 13.5239 15.3118
threshold=87.493213412288 21.007500000000004 0.54777579259034459 0.14249999999999832 12.500000000000002 0.17244385964912282 3898.5000000000005 3.3345711272791081 50.685000000000009 4.5987216940382387 2.0649999999999991 0.18367757160365883 0.14574953382278419 38.500000000000007
decision_type=2 10 10 10 2 10 2 10 10 8 10 8 10 2
left_child=4 2 3 -2 -1 6 11 -7 -9 10 -10 12 -6 -14
right_child=1 -3 -4 -5 5 7 -8 8 9 -11 -12 -13 13 -15
leaf_value=0.0013063867455377484 -0.0050317640343479101 0.046228959512359738 0.034325655479067928 -0.024317551081187314 -0.0045454439263073586 -0.01350108374336321 0.052455939844463229 -0.017526766233486764 0.015103407403658439 -0.00073236866320287039 0.095910145766137697 -0.0018769215703154886 0.049638863749452505 -0.025273795143805795
leaf_weight=3508.6827220194973 268.22695609461516 7.3197326883673659 8.2252332996577007 58.946018584538251 46.042662996798754 315.43329526949674 11.27973034000024 30.405324931722134 7.0410394407808763 14.554779095575215 7.9490790218114853 804.08996452856809 32.522588743362576 7.8973110243678084
leaf_count=20948 1916 40 47 378 779 4557 153 393 65 123 70 9947 395 195
internal_value=-0.000199242 -0.00614211 -0.00741908 -0.00856995 0.000227521 -0.00273497 0.000396949 -0.0102403 0.00685689 0.0317029 0.0612725 -0.000320526 0.0140097 0.0347455
internal_weight=5128.62 342.718 335.398 327.173 4785.9 1277.22 901.832 375.384 59.9502 29.5449 14.9901 890.553 86.4626 40.4199
internal_count=40006 2381 2341 2294 37625 16677 11469 5208 651 258 135 11316 1369 590
is_linear=0
shrinkage=0.05


Tree=253
num_leaves=15
num_cat=4
split_feature=15 30 14 4 8 12 15 7 15 30 30 30 24 27
split_gain=6.9156 17.9597 6.93212 6.66045 12.3493 7.65374 6.63216 13.8889 11.957 17.2593 11.8055 10.8402 8.89106 12.5157
threshold=11.173742841906588 0 -12.489999999999998 11.987396645086521 14.500000000000002 1.5000000000000002 2.3131802565170054 8.5000000000000018 3.5182906862664542 1 2 3 0.13902813921942822 0.18081591495610508
decision_type=10 9 8 8 8 2 10 2 10 9 9 9 10 10
left_child=2 -2 -1 -3 5 -5 10 11 9 -9 -4 -8 -11 -14
right_child=1 3 6 4 -6 -7 7 8 -10 12 -12 -13 13 -15
leaf_value=-0.030520829522583073 0.0074094887579375587 -0.027036438721803002 -0.0082082157582894031 -0.023665094281680191 0.0092808285853630372 0.010430661696491872 0.013212407921847325 -0.012718316690997773 -0.0057065048629102921 -0.027884966921278814 0.00079879224240988382 0.0029810233356074457 0.08266065744004511 0.017628645546104365
leaf_weight=16.532814783044159 154.19660303601995 72.454963554162532 418.01790729723871 101.8763548033312 60.328893844038248 18.998995564877987 403.43698336742818 62.405879458878189 565.29365740064532 8.8974545700475556 2385.8832638817839 745.77237256150693 6.9706916506402186 128.22568004112691
leaf_count=126 1043 525 3337 709 370 126 2060 583 5022 108 21376 3736 61 1058
internal_value=0.000323622 -0.00591585 0.000861473 -0.0137639 -0.00909305 -0.0182644 0.000977717 0.00324009 -0.00194646 0.00832458 -0.000572876 0.00672196 0.017157 0.021564
internal_weight=5149.29 407.856 4741.44 253.659 181.204 120.875 4724.9 1921 771.793 206.5 2803.9 1149.21 144.094 135.196
internal_count=40240 2773 37467 1730 1205 835 37341 12628 6832 1810 24713 5796 1227 1119
cat_boundaries=0 2 4 6 8
cat_threshold=3804764164 14 574671950 5 2690724116 4 2724999184 53
is_linear=0
shrinkage=0.05


Tree=254
num_leaves=15
num_cat=0
split_feature=56 26 24 10 6 0 16 5 8 27 54 2 12 5
split_gain=4.79049 7.21994 7.14632 7.47141 5.60602 7.21129 6.87266 6.36194 5.03001 6.89611 4.66712 6.13508 6.22368 5.34168
threshold=19.500000000000004 267.50000000000006 0.34640011740589272 22.500000000000004 -40.499999999999993 77.940000000000012 -39.062499999999993 0.72005698005698016 139.50000000000003 0.30451722144179244 82.500000000000014 60.55609261706519 1.5000000000000002 0.10709897698209721
decision_type=2 2 10 2 8 10 10 8 10 8 10 2 2 10
left_child=8 2 3 4 5 -2 -6 -8 10 -10 -1 12 13 -12
right_child=1 -3 -4 -5 6 -7 7 -9 9 -11 11 -13 -14 -15
leaf_value=0.00018663309728952712 0.050663874210973119 -0.02622645090924083 -0.021477058318204123 -0.030678155950631586 -0.027790303188241557 -0.0052643764338665376 0.039933954839219757 -0.015407016181645312 0.011599061396496316 -0.035256383230695201 0.044876268966468687 -0.025203829383107192 0.053570113353543836 -0.0072541078298776832
leaf_weight=4927.9017273946665 16.174044415354732 42.050542114302516 29.915434762835503 9.8514389880001527 12.085761666297911 8.4120838157832605 12.094901345670225 7.8993244729936114 11.486559698358176 21.363830136135221 6.0842602457851198 6.2903492003679267 11.724341310560702 15.341183301992713
leaf_count=38584 97 292 183 72 86 52 93 55 89 143 43 58 110 134
internal_value=-6.0254e-05 -0.0091998 -0.00158219 0.00755085 0.0146137 0.0320703 0.000669948 0.0183774 0.000194661 -0.0190141 0.000325495 0.0172421 0.0257987 0.00889055
internal_weight=5138.68 138.484 96.433 66.5176 56.6661 24.5861 32.08 19.9942 5000.19 32.8504 4967.34 39.4401 33.1498 21.4254
internal_count=40091 930 638 455 383 149 234 148 39161 232 38929 345 287 177
is_linear=0
shrinkage=0.05


Tree=255
num_leaves=15
num_cat=5
split_feature=56 28 26 10 30 29 27 30 30 0 29 28 8 24
split_gain=6.02008 8.74866 8.66887 14.9444 11.4042 8.93893 14.9001 8.81485 8.55424 10.8299 11.0585 11.2448 10.1744 9.23703
threshold=1.0000000180025095e-35 0.529022408852725 3898.5000000000005 1.0000000180025095e-35 0 1 0.079454380143563874 2 3 98.995000000000019 4 0.41244705585528219 40.500000000000007 0.46196000000346421
decision_type=2 10 2 2 9 9 10 9 9 8 9 10 8 10
left_child=2 8 4 7 -1 6 -6 -4 9 10 11 -2 13 -11
right_child=1 -3 3 -5 5 -7 -8 -9 -10 12 -12 -13 -14 -15
leaf_value=-0.011862402815764721 0.023543639013318868 0.014186359954723456 -0.0096891815708448487 0.045318275284793319 0.042056513253604044 2.6757506537875546e-05 -0.021293205215055344 0.016172572994001638 0.0046256931783254752 -0.026316095393414809 -0.0023499547390399417 -0.0051143123341033988 0.0012491202601115237 0.0062703257515630342
leaf_weight=234.13091183267534 97.02598524838686 148.26034295279533 58.018089218996465 25.165615119971335 9.3244504779577237 2575.8787635890767 97.010189710184932 53.0978475920856 1058.5063054612838 110.11810274142772 500.63233169959858 52.122099846601486 95.537321924231946 26.6177320452407
leaf_count=2014 692 893 446 244 51 21378 708 406 7508 938 3525 354 744 178
internal_value=0.000453177 0.00252085 -0.000962032 0.0113175 -0.00153954 -0.000587968 -0.0140857 0.00328141 0.00162275 -0.00201169 0.00128137 0.0127145 -0.0112762 -0.0199732
internal_weight=5141.45 2088.82 3052.63 136.282 2916.34 2682.21 106.335 111.116 1940.56 882.054 649.78 149.148 232.273 136.736
internal_count=40079 14832 25247 1096 24151 22137 759 852 13939 6431 4571 1046 1860 1116
cat_boundaries=0 1 2 4 6 7
cat_threshold=537303552 12582930 579355728 8 1172384019 54 8917507
is_linear=0
shrinkage=0.05


Tree=256
num_leaves=15
num_cat=1
split_feature=3 15 29 24 27 18 20 18 3 28 15 11 25 4
split_gain=6.05829 7.5534 9.21869 12.834 11.9607 12.627 17.9643 11.1272 10.8954 10.4158 10.0471 9.19418 9.70264 10.8962
threshold=0.55721575904163789 7.4826521609154346 0 0.34636777614127856 0.3012985804613737 1.8999999999999997 -11.122499999999999 2.4250000000000016 0.028735655288111533 0.35416163887329738 0.032277724899757422 8.3304307625426901 0.66865632190985025 0.75928829640399231
decision_type=8 10 9 8 8 8 8 8 10 10 10 2 10 8
left_child=1 2 3 4 8 6 -6 -4 -1 -7 -9 12 -12 -14
right_child=-2 -3 7 -5 5 9 -8 10 -10 -11 11 -13 13 -15
leaf_value=0.058167744640345055 -0.0015654846361930791 -0.0059963770004841915 -0.005451835131860489 0.0021802285327917619 0.012435551964297546 0.044585467738247668 0.12670264148663921 -0.0010715433634902476 -0.0098396506599048271 0.0065857927728808149 0.012123016933394929 0.025587648242729168 0.010457324273724068 -0.0058717433933786426
leaf_weight=6.0196325816214076 2662.8486312553287 270.23632605466992 437.64682085858658 168.43326759524643 6.4276207275688648 33.844368429854512 7.0464826431125385 637.73830435005948 35.588824776932597 38.228442107327282 332.88441574713215 62.472633595578372 170.24027725681663 252.27091275108978
leaf_count=85 17142 2138 4198 1514 44 280 69 7203 356 352 2704 576 1278 2071
internal_value=8.67352e-05 0.00187577 0.00284997 0.0108989 0.0231912 0.0337826 0.0768184 0.00152265 0.00113346 0.0247959 0.00363237 0.00729711 0.00575262 0.000716801
internal_weight=5121.93 2459.08 2188.84 295.589 127.155 85.5469 13.4741 1893.25 41.6085 72.0728 1455.61 817.868 755.396 422.511
internal_count=40010 22868 20730 2700 1186 745 113 18030 441 632 13832 6629 6053 3349
cat_boundaries=0 1
cat_threshold=5266
is_linear=0
shrinkage=0.05


Tree=257
num_leaves=15
num_cat=0
split_feature=26 7 28 25 14 24 24 27 25 0 19 19 24 28
split_gain=6.60708 13.7638 14.0338 11.9037 11.1052 10.8732 10.6157 10.3666 15.9023 23.8263 17.845 17.9287 13.0838 12.8716
threshold=382.50000000000006 6.5000000000000009 0.30983461757643088 0.037474377518817194 7.8712500000000007 0.28390899043118328 0.24351758855115893 0.49644783015827598 0.58138184288967831 84.855000000000018 90.355000000000004 89.500000000000014 0.38947402928483338 0.37440163231414209
decision_type=2 2 10 10 10 10 10 8 10 10 8 10 10 10
left_child=-1 3 -3 -2 -4 6 -5 8 10 -10 11 -7 -9 -12
right_child=1 2 4 5 -6 7 -8 12 9 -11 13 -13 -14 -15
leaf_value=0.0010868988492851212 0.015230383740215129 -0.036556308151756749 -0.0043512694114143753 -0.0052597910724543609 -0.027949286790590319 -0.0051358411354862805 -0.049046787974717343 -0.031324500564659304 0.025612982462753578 -0.0012075370420499985 -0.0060849752885497928 0.040290161867957787 -0.0027439330010181383 -0.0495295507932762
leaf_weight=3393.7239555432461 121.16270668478683 41.62450664723292 494.45511492155492 36.448447158560157 54.534878339618444 101.95949696004391 21.595964662730694 43.346820008009672 155.58240853622556 175.56575429067016 35.850778847932816 26.544225253164768 415.63135383464396 32.074588388204575
leaf_count=26840 760 773 5436 268 530 568 96 247 729 872 187 135 2412 292
internal_value=-0.000201429 -0.00268998 -0.00890143 0.000461884 -0.00674198 -0.00126404 -0.0221059 -1.66529e-05 0.00475977 0.0114326 -0.00649057 0.00448619 -0.00550537 -0.0270206
internal_weight=5150.1 1756.38 590.614 1165.76 548.99 1044.6 58.0444 986.555 527.577 331.148 196.429 128.504 458.978 67.9254
internal_count=40145 13305 6739 6566 5966 5806 364 5442 2783 1601 1182 703 2659 479
is_linear=0
shrinkage=0.05


Tree=258
num_leaves=15
num_cat=1
split_feature=30 25 27 16 25 25 54 27 9 11 25 9 5 4
split_gain=6.18129 9.53874 11.7122 10.0086 8.76945 7.87196 7.69811 7.52723 13.0565 12.5315 12.3636 11.0603 8.3929 7.7495
threshold=0 0.13666908009085585 0.16333667783805914 -1.7974999999999974 0.060825153151228314 0.040912518713270847 4.5000000000000009 0.59004918033894838 1.5000000000000002 5.4205792451021457 0.9390102459766474 5.5000000000000009 0.042934821428571433 -14.48082773523765
decision_type=9 10 10 8 10 10 10 8 2 2 10 2 8 10
left_child=1 2 -1 -4 5 -5 7 8 10 -9 12 -10 -3 -12
right_child=-2 6 3 4 -6 -7 -8 9 11 -11 13 -13 -14 -15
leaf_value=-0.041264668811148444 -0.0010278612579747864 0.035690335076078779 -0.017071853083556656 0.027813423151108324 0.060878949463279354 -0.02330482451313895 -0.022437052385329691 -0.048233465455602975 0.017534128710019501 -0.0017510926390024648 0.016310628581309862 -0.0058327403391627911 -0.023343527078961368 -0.0062120027653742574
leaf_weight=6.6442364463582626 4382.3438228815794 5.6480725165456525 12.324596265330909 50.020476273261011 17.299748132936656 8.0529646426439268 30.359398951753974 16.062859324738383 230.13635882362723 97.097972339019179 75.619055815972388 64.313079673796892 76.361587762832642 75.354428594000638
leaf_count=178 34477 69 85 362 157 78 193 133 1368 830 559 343 629 673
internal_value=-0.000302277 0.00381225 0.0186616 0.0236158 0.0304052 0.0204504 0.00175637 0.00293615 0.00544741 -0.00871384 -0.00339011 0.0124279 -0.0188968 0.00510215
internal_weight=5147.64 765.295 94.342 87.6978 75.3732 58.0734 670.953 640.593 527.433 113.161 232.983 294.449 82.0097 150.973
internal_count=40134 5657 860 682 597 440 4797 4604 3641 963 1930 1711 698 1232
cat_boundaries=0 1
cat_threshold=2770346012
is_linear=0
shrinkage=0.05


Tree=259
num_leaves=15
num_cat=3
split_feature=25 28 30 24 25 29 7 25 27 32 25 11 30 15
split_gain=5.41427 20.9101 22.1836 35.8402 18.1393 16.4623 16.6408 14.6763 14.5339 14.3353 17.5134 13.4816 12.5769 10.9569
threshold=0.41041104709104143 0.39484035224186947 0 0.37941581071166547 0.34044436344106793 1 4.5000000000000009 -0.082417022291020894 0.75532245537441589 12.500000000000002 0.0331135912697373 6.9799548574323804 2 2.7771397981615737
decision_type=10 8 9 8 10 9 2 8 10 8 10 2 9 10
left_child=1 4 -3 9 5 -1 12 8 -5 10 -4 -6 -7 -8
right_child=-2 2 3 7 11 6 13 -9 -10 -11 -12 -13 -14 -15
leaf_value=-0.018524069099526579 -0.00082764297326442257 0.0090904240012046333 0.0022815592136824058 -0.028614051240732165 0.030488892891007053 0.039391859023784774 -0.0072648499622322352 0.0084350492636605778 0.013721409098685342 0.0055847477085133289 -0.043789527964666584 -0.022271391956553709 0.0069101677623757893 0.011472627399717756
leaf_weight=56.039926001802087 3785.2611151766032 233.32662200555205 25.258788674604148 64.356487573124468 123.82203409541398 52.548138649202883 159.44376318110153 196.78784234449267 28.670537978410721 25.344777789898217 109.2253774004057 12.692483153194187 87.508149962872267 150.90797079959884
leaf_count=487 28609 1835 266 352 813 342 2308 1393 136 282 1307 107 587 1204
internal_value=0.000135577 0.00288392 -0.0032067 -0.00958293 0.00934845 0.00496468 0.00815151 0.000706146 -0.0155593 -0.0287242 -0.0351835 0.0254572 0.0225725 0.0018538
internal_weight=5111.19 1325.93 682.97 449.644 642.962 506.448 450.408 289.815 93.027 159.829 134.484 136.515 140.056 310.352
internal_count=40028 11419 5571 3736 5848 4928 4441 1881 488 1855 1573 920 929 3512
cat_boundaries=0 2 3 5
cat_threshold=1644185946 40 4472865 312330 19
is_linear=0
shrinkage=0.05


Tree=260
num_leaves=15
num_cat=1
split_feature=30 27 31 28 15 28 25 3 24 14 4 6 33 27
split_gain=5.90412 10.5457 9.22278 8.60811 16.5746 13.8937 11.0639 12.9082 16.4383 9.96087 13.4125 9.41874 9.16754 8.40731
threshold=0 0.41408068451327118 3.5000000000000004 0.39484035224186947 1.2866627022662571 0.39434553305096781 1.7903854499658354 0.54273472545231605 0.42887910593178608 6.8908333333333358 -16.245034868226018 -30.499999999999996 0.90000000000000013 0.47157114451119764
decision_type=9 8 2 8 10 8 10 10 10 8 10 10 2 10
left_child=1 2 -1 4 -3 13 9 8 -8 10 11 -5 -12 -6
right_child=-2 3 -4 6 5 -7 7 -9 -10 -11 12 -13 -14 -15
leaf_value=-0.011476942568980764 0.00040667143074990785 -0.0079219268691954631 0.010992541448681798 -0.01219089936484531 0.00070336546308523028 0.070827673020332049 0.058119226851657248 -0.0044585723370097899 -0.0070560942709887832 -0.011301079807130441 0.028416312517255467 0.040115799429211438 -0.018121462833843093 0.032398899638428388
leaf_weight=443.87424643710256 4004.7935533504933 71.289332331158221 50.099747247062624 10.949528634548185 43.753631683066487 12.583290643990038 24.683797189965844 47.88719766587019 15.204224310815333 286.99913551937789 12.44462028518319 33.440668534487486 49.432702815160155 39.173619318753481
leaf_count=3745 31720 505 367 71 272 57 178 247 110 2157 72 206 312 213
internal_value=-0.000500955 -0.00365352 -0.00918044 0.000512064 0.010265 0.0237812 -0.00288401 0.0130714 0.0337112 -0.0064693 0.0065637 0.0272292 -0.00845882 0.0158835
internal_weight=5146.61 1141.82 493.974 647.842 166.8 95.5105 481.042 87.7752 39.888 393.267 106.268 44.3902 61.8773 82.9273
internal_count=40232 8512 4112 4400 1047 542 3353 535 288 2818 661 277 384 485
cat_boundaries=0 2
cat_threshold=1478636546 49
is_linear=0
shrinkage=0.05


Tree=261
num_leaves=15
num_cat=3
split_feature=10 30 0 27 4 7 30 18 24 10 30 6 3 3
split_gain=8.39963 8.76083 8.37638 13.3303 8.33501 7.38456 11.3106 8.53586 11.0192 7.37245 15.9434 15.7082 28.0227 13.3408
threshold=1.0000000180025095e-35 0 99.445000000000007 0.16333667783805914 -68.855123495675159 2.5000000000000004 1 -0.62250000000000127 0.23352042204505907 7.5000000000000009 2 30.500000000000004 0.12713994042310015 0.0043288734564901699
decision_type=2 9 10 10 8 2 9 8 10 2 9 10 10 8
left_child=1 -1 4 -4 -2 6 -3 -8 -9 -6 -11 -12 13 -13
right_child=2 5 3 -5 9 -7 7 8 -10 10 11 12 -14 -15
leaf_value=0.0017993843886618265 -0.029026531330524599 -0.02134985925811772 0.041795502128903067 -0.019581651460907387 0.0046464977821424362 -0.0069844944196938213 -0.020257212763328276 -0.021861028088043157 0.03193125754493404 -0.0054014892660005868 0.0029181058110815481 -0.012734966752387999 -0.0019360216761168643 0.089735626010141012
leaf_weight=694.48354646237567 20.246631693094969 18.50607105717063 8.9626598190516216 81.711869405582547 1736.3557195402682 895.13131001871079 12.494296213611959 10.608413800597189 58.288413116708398 738.41694560321048 805.8582106679678 3.5375872529111829 27.628872768953443 18.022126259747893
leaf_count=4806 146 123 82 947 12929 6910 72 54 314 6349 6312 90 563 340
internal_value=0.000370169 -0.00251611 0.00178774 -0.0131251 0.00219518 -0.00548985 0.00729529 0.0147852 0.0234543 0.00239368 -6.25412e-05 0.00455893 0.0317552 0.0731027
internal_weight=5130.25 1689.51 3440.74 90.6745 3350.07 995.029 99.8972 81.3911 68.8968 3329.82 1593.46 855.047 49.1886 21.5597
internal_count=40037 12279 27758 1029 26729 7473 563 440 368 26583 13654 7305 993 430
cat_boundaries=0 2 4 6
cat_threshold=2245375042 8 536889600 33 1688653362 41
is_linear=0
shrinkage=0.05


Tree=262
num_leaves=15
num_cat=4
split_feature=7 24 4 30 0 30 24 8 1 29 28 28 24 30
split_gain=7.14187 13.9959 11.9114 18.5358 10.1746 16.2846 15.7762 13.8034 13.954 11.6576 13.5058 12.7881 10.3032 10.5187
threshold=4.5000000000000009 0.84825440194292667 -17.204036955869402 0 96.605000000000004 1 0.49231090934630756 75.500000000000014 2.8903903903903907 2 0.26179023668439072 0.24336278881584106 0.091038126988424853 3
decision_type=2 10 8 9 8 9 10 10 10 9 8 10 10 9
left_child=4 2 3 -2 5 6 -1 12 -9 -7 11 -11 -6 -14
right_child=1 -3 -4 -5 7 9 -8 8 -10 10 -12 -13 13 -15
leaf_value=0.012314532551690315 -0.016933611136652628 -0.040465257455853908 2.0101791554734312e-05 0.0027467433616093139 -0.033355452901764886 0.019398451687867916 0.04684786392424653 0.054539044757581839 0.0043133510009935169 -0.0080114094219212936 -0.0053827970548755806 0.054960661132724999 -0.010223434549223965 0.0020857487291668789
leaf_weight=206.64725127071142 264.25364873325452 21.759378060698509 3053.4130606823601 212.57291857386008 25.079945711418986 62.486069355159998 38.718243479728699 20.593096286058426 38.99540127441287 13.65161329880357 337.6096242684871 17.926451749633998 231.58363724220544 602.40591925103217
leaf_count=1029 2242 114 26921 1645 284 288 176 103 225 92 1990 96 1534 3491
internal_value=-0.00013273 -0.00138095 -0.00112865 -0.00846948 0.00264491 0.00729084 0.0172324 -0.000783285 0.0222844 0.00118751 -0.00236682 0.0283267 -0.00240741 -0.0014379
internal_weight=5147.7 3552 3530.24 476.827 1595.7 677.039 245.365 918.658 59.5885 431.674 369.188 31.5781 859.07 833.99
internal_count=40230 30922 30808 3887 9308 3671 1205 5637 328 2466 2178 188 5309 5025
cat_boundaries=0 2 4 5 7
cat_threshold=3284733516 10 3270508873 33 12587142 2193621275 34
is_linear=0
shrinkage=0.05


Tree=263
num_leaves=15
num_cat=4
split_feature=7 28 20 3 29 30 29 3 28 18 28 30 32 25
split_gain=5.96629 12.0835 15.6718 9.50909 13.8812 15.4176 13.2536 16.9737 16.849 13.2404 13.4074 11.9331 11.7346 11.2556
threshold=5.5000000000000009 0.67418589845342769 -41.289999999999999 0.41918750472597072 0 1 2 0.90381932312047375 0.39299388449336853 9.3912500000000012 0.39484035224186947 3 3.5000000000000004 3.7103370434251914
decision_type=2 10 8 10 9 9 9 10 10 8 10 9 10 10
left_child=-1 3 -3 4 -2 -6 7 11 -8 -10 -11 -5 13 -7
right_child=1 2 -4 6 5 12 8 -9 9 10 -12 -13 -14 -15
leaf_value=0.0014403018913932339 0.009992718677049376 0.051415903507876316 -0.039103295421620471 0.009643564097652893 -0.0096019275014410013 -0.0015336849651945252 -0.016880320149186407 0.0196159494393882 0.010938676754455895 0.023603475283672622 -0.013462635866599459 -0.0075718322273802723 0.026015845976366265 0.017693607290512947
leaf_weight=2416.7160524637438 335.80878072604537 4.5856453645974398 37.433881057891995 129.57441694289446 370.53769685700536 555.98904543509707 358.54036895837635 100.63334199041128 132.56473446637392 26.893974557518959 197.32210500445217 350.56579459644854 49.994082578457892 87.167721765115857
leaf_count=13078 3376 63 610 807 5029 7236 3123 567 1020 204 1761 2273 369 777
internal_value=-0.000369928 -0.00196791 -0.0282593 -0.00154775 0.00130988 -0.00151773 -0.00463198 0.00103343 -0.00911398 -0.00153871 -0.00893162 -0.0028725 0.00288633 0.00109563
internal_weight=5154.33 2737.61 42.0195 2695.59 1399.5 1063.69 1296.09 580.774 715.321 356.781 224.216 480.14 693.151 643.157
internal_count=40293 27215 673 26542 16787 13411 9755 3647 6108 2985 1965 3080 8382 8013
cat_boundaries=0 1 3 4 6
cat_threshold=5772546 3267822405 58 24851 3222818816 55
is_linear=0
shrinkage=0.05


Tree=264
num_leaves=15
num_cat=1
split_feature=16 30 6 1 22 4 1 11 25 56 10 4 2 24
split_gain=5.72507 22.3456 13.2664 9.12961 10.067 9.44236 10.8236 9.99302 12.2414 10.2924 8.19741 6.7838 6.13421 12.0844
threshold=0.28999999999999965 0 -49.499999999999993 0.75114678899082576 2.8766666666666674 -23.222087332258358 1.1004587155963306 6.5159193578802137 0.49925525152056299 5.5000000000000009 13.500000000000002 -42.327129264774875 -18.278566908860807 0.45376879943637954
decision_type=10 9 10 10 8 10 10 2 10 2 2 8 2 8
left_child=12 10 -3 -4 -5 6 -6 8 -7 -10 -2 -8 13 -1
right_child=1 2 3 4 5 7 11 -9 9 -11 -12 -13 -14 -15
leaf_value=0.024959059673906658 -0.021058595238638803 -0.021334939876686415 -0.021031494462181288 0.036359295990601025 0.025230694397324855 -0.01309435056726703 0.0070541379610951698 0.0010998614893423762 0.019681693027415112 0.070487172207166701 0.0045131935408298613 -0.047285149677572025 0.00073820157917173484 -0.0073464271189696275
leaf_weight=71.942539509385824 181.22109938925132 37.107367688789964 19.550282282754779 39.270502619445324 11.652365218847988 11.828863339498637 7.9024770855903625 58.989235347136855 22.769971452653408 18.412662003189325 37.468516567256302 17.961464067921046 4545.2154052283149 47.383085283450782
leaf_count=482 1260 261 293 220 74 87 61 376 148 96 376 106 35988 316
internal_value=0.000506083 -0.00478381 0.00560973 0.0107559 0.0141411 0.00810276 -0.0133598 0.0153465 0.0308859 0.0435292 -0.0159507 -0.0310378 0.00103335 0.0121764
internal_weight=5128.68 464.135 245.445 208.338 188.788 149.517 37.5163 112.001 53.0115 41.1826 218.69 25.8639 4664.54 119.326
internal_count=40144 3358 1722 1461 1168 948 241 707 331 244 1636 167 36786 798
cat_boundaries=0 2
cat_threshold=1109345549 7
is_linear=0
shrinkage=0.05


Tree=265
num_leaves=15
num_cat=2
split_feature=30 24 25 24 30 28 24 24 56 25 26 25 56 15
split_gain=5.32916 12.1951 13.3903 11.9344 11.6008 15.382 9.54351 21.1225 14.7602 10.1575 13.3811 11.8819 11.6757 11.9023
threshold=0 0.40535978278548251 0.78342021216311164 0.4256559292171222 1 0.3917317531102083 0.34640011740589272 0.34746109439629586 20.500000000000004 0.42793459987210231 939.00000000000011 0.48094270177579751 6.5000000000000009 6.9062045831737544
decision_type=9 10 10 10 9 10 8 8 2 10 2 10 2 8
left_child=1 2 4 -3 5 -1 9 -8 -9 12 11 -11 13 -2
right_child=6 3 -4 -5 -6 -7 7 8 -10 10 -12 -13 -14 -15
leaf_value=-0.0069271497587862167 0.017779425379324369 0.024510651975519958 0.0029712498184350342 0.0048508963158943076 -0.0006499446436896263 -0.038847980091625357 -0.055436295004561556 -0.0024024187596130594 -0.041166528828594916 -0.029239693148917861 0.043441111918074704 -0.00036512941716807987 -0.016195775861810771 -0.00098210940879588462
leaf_weight=94.909071261296049 244.97321333084255 86.555432172492146 673.28774969652295 660.86605613864958 208.74269956396893 62.266312366817147 18.350199578329921 1841.9063284522854 23.894250225275755 35.897931159008294 15.931381321512161 1036.1709558209404 42.045769810676575 128.64681005012244
leaf_count=902 1889 602 5301 4842 1963 794 169 13422 146 364 98 8161 386 1336
internal_value=7.67002e-05 0.00227811 -0.00121273 0.00715731 -0.00889835 -0.0185648 -0.0010881 -0.00346123 -0.00292063 0.00187863 -0.000663056 -0.00135833 0.00851708 0.011334
internal_weight=5174.44 1786.63 1039.21 747.421 365.918 157.175 3387.82 1884.15 1865.8 1503.67 1088 1072.07 415.666 373.62
internal_count=40375 14404 8960 5444 3659 1696 25971 13737 13568 12234 8623 8525 3611 3225
cat_boundaries=0 2 4
cat_threshold=3071842892 52 2684915712 16
is_linear=0
shrinkage=0.05


Tree=266
num_leaves=15
num_cat=4
split_feature=27 30 27 30 25 27 1 30 25 27 1 4 29 28
split_gain=9.46228 18.1057 16.2418 20.1586 19.479 14.916 14.6187 14.4656 13.4306 14.2872 12.9611 11.7426 11.1098 13.1018
threshold=0.44994984235128149 0 0.47985601552271939 1 0.22791592120595935 0.43214539000655966 0.62279616455304676 2 1.6087759190310602 0.55075787395046005 0.85201288244766515 -4.5769043141005499 3 0.38751630445330004
decision_type=8 9 8 9 10 10 8 9 10 8 8 8 9 8
left_child=1 5 7 6 10 -1 8 -2 11 -10 -5 -4 -6 -14
right_child=2 -3 3 4 12 -7 -8 -9 9 -11 -12 -13 13 -15
leaf_value=-0.0049804943169169339 0.028136976082490762 0.0013873435143393648 0.057002954878934892 -0.019715576729603293 0.0047642754637777706 -0.026241272025549392 0.0053275304058669351 0.0056335005295163193 0.12708196623512596 0.028677390604681226 0.011449832623711055 -0.0092311554477148196 -0.032513479040095182 -0.0084938318475094084
leaf_weight=916.56235958682373 95.91024793125689 1954.8328169148881 9.0854434520006162 37.570586988702416 136.39484276156873 89.773463719990104 740.29725256003439 271.1755431368947 5.7732642274349901 9.8645150503143668 249.02434164099395 19.231814173981551 62.845954477787018 529.32402484072372
leaf_count=7603 604 16171 179 499 856 685 4518 1744 74 129 1490 425 612 4514
internal_value=0.00041084 -0.0014262 0.0029212 0.000963076 -0.00367956 -0.00683346 0.0069283 0.012491 0.0347116 0.0704617 0.00730992 0.0132392 -0.00805701 -0.0109096
internal_weight=5127.67 2961.17 2166.5 1799.41 1015.16 1006.34 784.252 367.086 43.955 15.6378 286.595 28.3173 728.565 592.17
internal_count=40103 24459 15644 13296 7971 8288 5325 2348 807 203 1989 604 5982 5126
cat_boundaries=0 2 4 6 7
cat_threshold=1656140032 26 1186380100 33 544739334 8 4206611
is_linear=0
shrinkage=0.05


Tree=267
num_leaves=15
num_cat=3
split_feature=21 15 29 24 11 3 3 3 25 7 30 44 30 22
split_gain=5.75981 5.86843 5.79349 13.385 13.0393 7.0709 11.0475 4.61387 6.7927 6.03571 6.0715 4.57276 10.0868 9.08458
threshold=4.1018548159657184 4.0468935254349185 0 0.24346847023578674 6.9217715674756519 0.32322343436098716 0.57966143464600639 0.067859303330285711 1.4748610108697033 8.5000000000000018 1 1.5000000000000002 2 -2.6416666666666662
decision_type=10 8 9 8 2 10 10 10 10 2 9 2 9 8
left_child=2 -2 3 -1 7 -6 -7 8 -5 10 -9 -4 13 -13
right_child=1 -3 11 4 5 6 -8 9 -10 -11 -12 12 -14 -15
leaf_value=0.059121117179177667 -0.044583875435335533 0.00082746231035679598 -0.0001570370392628657 -0.018245472763996066 0.062163743507529005 -0.022295529493571886 0.034866327161570947 0.02009013543254112 0.057647187997680573 -0.025296621659285735 -0.0078994614430886057 0.040377342028987434 0.019646673970184745 -0.004793967307925316
leaf_weight=11.784182008355854 13.338129954412578 14.04982070438564 4710.2861180915497 4.4580996539443714 10.424982037395237 11.77954428642988 24.6678327023983 17.350020363926888 5.9639750858768821 30.344550922513008 50.505508415400982 11.066280120052395 83.444939640816301 142.67922010365874
leaf_count=87 108 105 37058 65 92 67 120 102 64 240 288 83 644 1048
internal_value=0.000380312 -0.0220797 0.000504871 0.00936008 0.00583336 0.0275783 0.01629 -0.00371593 0.0264285 -0.00714935 0.00121552 0.00018435 0.00694377 -0.00122364
internal_weight=5142.14 27.388 5114.76 167.279 155.495 46.8724 36.4474 108.622 10.4221 98.2001 67.8555 4947.48 237.19 153.746
internal_count=40171 213 39958 1125 1038 279 187 759 129 630 390 38833 1775 1131
cat_boundaries=0 1 3 5
cat_threshold=524704 34129920 8 42853380 40
is_linear=0
shrinkage=0.05


Tree=268
num_leaves=15
num_cat=2
split_feature=24 30 5 10 2 26 24 26 3 32 2 30 1 13
split_gain=8.16183 12.6011 11.2325 13.9154 7.49475 7.46348 6.31189 8.46535 13.1369 7.48438 6.85905 5.79939 9.47417 9.2836
threshold=0.10847917514584184 0 1.0000000180025095e-35 1.0000000180025095e-35 379.92945232622219 81.500000000000014 0.11702143936379045 78.500000000000014 0.27999741232124259 37.500000000000007 43.841470717620652 1 1.7670542635658917 3.5000000000000009
decision_type=8 9 10 2 2 2 8 2 10 10 2 9 10 10
left_child=1 2 -1 -4 6 -5 7 8 -2 11 -9 12 13 -8
right_child=4 -3 3 5 -6 -7 9 10 -10 -11 -12 -13 -14 -15
leaf_value=-0.014924790028837726 0.10674197830719837 -0.017948094948254337 -0.019287982582619739 0.088275116541860155 -0.022596902879151025 0.025597152720748195 -0.0084911550559035806 -0.029818133599092966 0.010306105599933613 0.022539742487250762 0.035042403386740348 0.0010742381467337455 0.0038286814817923794 0.0036295245217974025
leaf_weight=21.983745161443949 5.0501293400302556 131.2903656444978 8.8971955887973326 8.1312161674723047 34.820341256447136 12.459890777245162 681.52294156188145 8.9246865576133114 9.069637490436433 36.259474325925112 5.9241171367466441 3563.0417046826333 369.96052342373878 204.93272113846615
leaf_count=328 70 2003 64 56 258 118 5462 127 66 224 41 27567 2239 1374
internal_value=-0.000195719 -0.0105417 0.00987113 0.0314776 0.000190705 0.0532902 0.000357738 0.0232338 0.0495763 0.000216506 -0.0033629 4.39152e-05 -0.00286226 -0.00568814
internal_weight=5102.27 182.762 51.472 29.4883 4919.51 20.5911 4884.69 28.9686 14.1198 4855.72 14.8488 4819.46 1256.42 886.456
internal_count=39997 2569 566 238 37428 174 37170 304 136 36866 168 36642 9075 6836
cat_boundaries=0 2 4
cat_threshold=35693841 62 140545104 53
is_linear=0
shrinkage=0.05


Tree=269
num_leaves=15
num_cat=2
split_feature=50 27 10 30 29 26 26 27 24 14 2 2 21 13
split_gain=7.89328 6.79754 6.34364 5.45433 12.2951 17.2355 11.1674 9.66043 11.0913 9.20501 10.7591 9.16523 9.09166 8.72836
threshold=1.0000000180025095e-35 0.45477391974359554 1.0000000180025095e-35 0 1 147.50000000000003 54.500000000000007 0.6241211151492293 0.50118489798116284 4.0025000000000013 53.733477153663983 -0.044993499084339243 4.1018548159657184 0.49999999999999994
decision_type=2 10 2 9 9 2 2 10 10 8 2 2 10 10
left_child=3 -2 -3 4 5 -1 9 8 11 -6 -11 -8 -5 -10
right_child=1 2 -4 12 6 -7 7 -9 13 10 -12 -13 -14 -15
leaf_value=0.01972508087359541 -0.039142508651729913 -0.030273474597437001 0.01709893836463822 0.00097809855205448974 0.013942550964762457 -0.017434426459096004 0.024016759555242836 -0.027334659936226902 0.040880308983793606 -0.030001750680327399 0.012109181265844473 -0.0060523788873054502 -0.037329706053263335 0.00036726133580781219
leaf_weight=109.58771991543472 22.820399722084403 11.006061423569919 16.193438163027167 4252.4588603479788 17.617914877831936 42.591697069816291 26.16598819103092 37.52498621493578 25.057599578984082 105.49617493804544 17.129233356565237 380.52565343445167 14.545560348778961 27.181262403726578
leaf_count=926 179 65 91 33218 123 472 154 408 211 919 126 2962 130 182
internal_value=-6.86627e-05 -0.0196368 -0.00246372 0.000128777 -0.00366153 0.00871038 -0.00671629 -0.00328506 -0.00126347 -0.0192289 -0.024069 -0.00406361 0.000836837 0.0202031
internal_weight=5105.9 50.0199 27.1995 5055.88 788.878 152.179 636.699 496.455 458.931 140.243 122.625 406.692 4267 52.2389
internal_count=40166 335 156 39831 6483 1398 5085 3917 3509 1168 1045 3116 33348 393
cat_boundaries=0 2 3
cat_threshold=3107982146 6 524678
is_linear=0
shrinkage=0.05


Tree=270
num_leaves=15
num_cat=1
split_feature=16 30 22 11 5 4 56 0 20 5 3 5 19 27
split_gain=5.44045 11.5143 7.43732 8.92734 5.87905 6.16997 5.39846 5.13879 4.91294 6.96312 4.80039 4.72871 7.39024 4.60975
threshold=3.4424999999999959 0 2.9083333333333337 5.3841280187496574 0.68454206349206348 -0.97744305412874433 2.5000000000000004 26.275000000000002 -14.079999999999998 0.43073214285714295 0.1884473328175387 0.74485695443645095 89.500000000000014 0.44994984235128149
decision_type=10 9 8 2 10 10 2 10 8 10 8 8 8 10
left_child=13 8 11 -4 5 10 -6 -7 9 -2 -5 12 -3 -1
right_child=1 2 3 4 6 7 -8 -9 -10 -11 -12 -13 -14 -15
leaf_value=-0.00040038895387433992 -0.027205175637536157 0.054725933957929455 0.035139831732536583 0.0027484583383192819 0.037288107912456056 -0.033977869299728784 -0.010847164007050811 0.007456713009995012 -0.038569122848104209 0.029507574763634643 -0.032748503049997976 -0.0096691940803126149 -0.00064883012622734854 0.0027824435003485316
leaf_weight=3067.4615709248465 15.329507545568051 13.985737347975375 11.72008151328191 11.972364171408115 11.067035343265163 8.2436342602595669 10.581313559319822 38.289699703454971 37.611491248942912 7.1459350958466521 42.939598524011672 8.5348682701587659 10.037972778081892 1806.9868161263876
leaf_count=25475 118 90 76 120 81 73 90 241 314 51 304 69 59 12920
internal_value=0.000426543 -0.00711477 0.000379303 -0.00480876 -0.00886489 -0.0139041 0.0143204 -0.000444046 -0.0238172 -0.00868483 -0.0250984 0.0214774 0.0324871 0.000779835
internal_weight=5101.91 227.459 167.372 134.814 123.094 101.445 21.6483 46.5333 60.0869 22.4754 54.912 32.5586 24.0237 4874.45
internal_count=40081 1686 1203 985 909 738 171 314 483 169 424 218 149 38395
cat_boundaries=0 2
cat_threshold=1124221004 21
is_linear=0
shrinkage=0.05


Tree=271
num_leaves=15
num_cat=2
split_feature=24 27 7 30 24 24 25 25 30 28 10 4 60 27
split_gain=5.77682 11.3854 6.20762 4.80529 10.913 20.5992 10.6506 25.616 13.508 12.3513 17.0769 12.0292 10.6378 9.10445
threshold=0.84825440194292667 0.75532245537441589 2.5000000000000004 0 0.34640011740589272 0.34885468225292909 0.60928368815613487 0.61029043832632091 1 0.46757481784520055 4.5000000000000009 -44.105958003681458 171.50000000000003 0.45358403940058262
decision_type=10 10 2 9 10 10 10 10 9 10 2 10 10 10
left_child=3 2 -2 6 -5 -6 8 -8 9 11 -11 -1 -9 -7
right_child=1 -3 -4 4 5 13 7 12 -10 10 -12 -13 -14 -15
leaf_value=-0.0038934084750940493 -0.0058641679642004174 0.0081359582226897299 -0.053264402374163758 0.0020598669848336678 -0.039766623848525529 -0.0077759238565333249 0.04997658917724504 0.0031795866904647026 0.0014421833788926103 -0.019534807957049094 0.041658634671922719 -0.034293168255890565 0.05649352624001161 -4.2019840593637034e-05
leaf_weight=53.526498762890697 11.029924698174002 26.096566490828991 18.785315413028002 1456.1435570814647 38.046913333237171 616.14070738479495 29.446934159845114 1284.8899854354095 464.83668255526572 24.796440713573247 19.480075487866998 83.139242715667933 8.429568147286771 992.58972732257098
leaf_count=452 54 128 86 11945 296 4853 167 9638 3821 254 137 1134 66 7154
internal_value=-4.19313e-05 -0.0158832 -0.0364884 0.000135812 -0.00108925 -0.00387999 0.00206145 0.0046405 -0.00318843 -0.0143192 0.00771357 -0.0225016 0.00357045 -0.00300708
internal_weight=5127.38 55.9118 29.8152 5071.47 3102.92 1646.78 1968.55 1322.77 645.779 180.942 44.2765 136.666 1293.32 1608.73
internal_count=40185 268 140 39917 24248 12303 15669 9871 5798 1977 391 1586 9704 12007
cat_boundaries=0 2 4
cat_threshold=3047002700 16 594432 16
is_linear=0
shrinkage=0.05


Tree=272
num_leaves=15
num_cat=2
split_feature=11 3 1 10 1 24 30 24 16 30 3 23 7 3
split_gain=6.72982 8.26241 7.89622 5.42164 12.382 5.24213 21.3668 15.2925 17.0215 12.7917 12.4384 12.2904 13.0022 12.477
threshold=5.0466457295514866 0.00060914227959505795 0.71466973886328733 28.500000000000004 0.66784037558685461 0.34512024166922123 0 0.34885468225292909 4.9925000000000006 1 0.042365809414154139 7.402916666666667 21.500000000000004 0.89898908630946772
decision_type=2 10 8 2 10 8 9 8 8 9 10 10 2 10
left_child=1 2 -1 5 -5 6 -2 8 -7 -9 -10 12 -8 -14
right_child=3 -3 -4 4 -6 7 11 9 10 -11 -12 -13 13 -15
leaf_value=0.057372728248636401 -0.0039449309630454725 -0.016930107742791686 -0.018486730400913889 0.012832222789068582 -0.01735118629563814 0.019045470874647238 0.010041970395100602 -0.007014946184073511 0.017064618606022007 0.001383362604205309 -0.048597009547899112 -0.038913637588351764 -0.0038535654101052065 0.065717437228018288
leaf_weight=6.8876383621245596 791.69085105462 100.12822928186506 5.3982409564778218 46.785724125336856 117.59206026606262 16.59697681479156 919.21523451665416 558.52419733209535 8.0871252464130503 2213.565985376481 43.418670753017068 13.667434096802024 275.40826773969457 5.5994862588122478
leaf_count=94 6861 680 38 556 910 107 5941 4215 82 16040 317 406 3809 46
internal_value=-0.000104729 -0.0121489 0.0251585 0.000167881 -0.00873464 0.000471611 0.00242801 -0.000910253 -0.0241438 -0.000330967 -0.0381586 0.00656267 0.00716713 -0.00223914
internal_weight=5122.57 112.414 12.2859 5010.15 164.378 4845.77 2005.58 2840.19 68.1028 2772.09 51.5058 1213.89 1200.22 281.008
internal_count=40102 812 132 39290 1466 37824 17063 20761 506 20255 399 10202 9796 3855
cat_boundaries=0 2 4
cat_threshold=1622850376 3 2168537108 30
is_linear=0
shrinkage=0.05


Tree=273
num_leaves=15
num_cat=1
split_feature=28 8 28 10 1 7 12 29 3 19 24 28 7 26
split_gain=6.31706 6.07051 7.89228 6.72604 7.18451 9.584 6.12726 10.3315 9.75868 11.363 10.5531 8.98706 8.8924 12.2166
threshold=0.12575265367250066 139.50000000000003 0.46716599734186176 28.500000000000004 0.6906926406926408 21.500000000000004 1.5000000000000002 0 0.30993056196290536 35.70000000000001 0.43999643831082796 0.55369893606779075 -7.4999999999999991 127.50000000000001
decision_type=8 8 10 2 10 2 2 9 10 8 8 10 2 2
left_child=-1 3 -3 6 5 -5 -2 8 9 -8 -11 12 13 -9
right_child=1 2 -4 4 -6 -7 7 11 -10 10 -12 -13 -14 -15
leaf_value=0.014188996284761611 -0.0013034626388805492 -0.0097227961555459621 0.0290078257312355 0.059427220718297029 -0.016449727428303394 -0.011338755825963304 -0.025047844923046039 -0.015270882298364326 0.0094998082852415875 0.080097102939319431 0.0029582921892446538 -0.02232224739448907 0.0015939477391413639 0.069419235757898337
leaf_weight=70.762981106992811 3094.0550486405846 269.48767599463463 12.870928844437001 6.8474219823256162 109.56043414305896 11.60875027021393 4.2909292853437391 6.4205161072313812 76.732715733349323 15.380891539156439 6.1873347386717787 37.904010774567723 1399.1303607756272 10.074645413085817
leaf_count=823 24485 2269 87 58 857 250 152 75 490 220 65 468 9906 74
internal_value=-0.000541832 -0.000750579 -0.00786117 -0.000328835 -0.01159 0.0166211 -1.63958e-05 0.00254189 0.017072 0.0447072 0.0590797 0.00137845 0.00203809 0.0374661
internal_weight=5131.31 5060.55 282.359 4778.19 128.017 18.4562 4650.18 1556.12 102.592 25.8592 21.5682 1453.53 1415.63 16.4952
internal_count=40279 39456 2356 37100 1165 308 35935 11450 927 437 285 10523 10055 149
cat_boundaries=0 1
cat_threshold=524550
is_linear=0
shrinkage=0.05


Tree=274
num_leaves=15
num_cat=4
split_feature=8 3 7 4 3 30 4 30 29 24 27 14 30 32
split_gain=5.95946 6.8934 4.96612 14.594 12.7555 12.3248 12.0938 11.999 11.4943 11.0966 19.2667 13.1402 13.1035 11.0615
threshold=139.50000000000003 0.61487747749997823 8.5000000000000018 -22.138187801884797 0.70658317009188221 0 33.002643555943791 1 2 0.29917191815458827 0.42982343757761976 11.752500000000003 3 2.5000000000000004
decision_type=10 10 2 8 8 9 10 9 9 10 10 8 9 8
left_child=2 -2 4 -4 5 8 -7 -6 -1 10 13 -12 -11 -5
right_child=1 -3 3 9 7 6 -8 -9 -10 12 11 -13 -14 -15
leaf_value=-0.0073843416764591665 -0.042163161229307348 -0.0039743422718331485 -0.018790400932813089 0.034062335610381876 0.0033261991445157806 0.0010304236274494107 0.046480783065880306 -0.0055863269698259886 0.013700629627664836 -0.011895339592139632 -0.0094126866631194257 0.076531018943939488 0.00010754675062613332 0.0016932392952084983
leaf_weight=70.936872662976384 16.227728188037872 38.399667505174875 112.44694838160649 26.346298098564148 693.32425560709089 1029.4697588672861 13.848429026082156 805.87305269530043 481.02056151488796 322.64005782781169 6.0431306967511773 13.955968299880626 722.78861062275246 762.57430573413149
leaf_count=398 145 224 1428 206 3969 5959 85 4558 2575 3821 53 122 7813 8795
internal_value=0.000403663 -0.0158728 0.00058244 -0.00138168 0.00183085 0.00494146 0.00166173 -0.0014802 0.0108995 -0.000316464 0.0040778 0.0513499 -0.00371726 0.00281597
internal_weight=5115.9 54.6274 5061.27 1966.8 3094.47 1595.28 1043.32 1499.2 551.957 1854.35 808.92 19.9991 1045.43 788.921
internal_count=40151 369 39782 22238 17544 9017 6044 8527 2973 20810 9176 175 11634 9001
cat_boundaries=0 2 4 5 7
cat_threshold=1117892947 16 659326028 13 12600322 11355154 4
is_linear=0
shrinkage=0.05


Tree=275
num_leaves=15
num_cat=2
split_feature=3 21 30 27 7 30 25 15 1 7 25 28 28 27
split_gain=5.90181 8.10102 9.34247 8.93837 10.456 8.05662 10.7892 8.75919 8.24052 10.6944 10.5513 9.85767 9.48307 14.419
threshold=0.46402079127569534 0.95678549302372906 0 0.43884991052250161 8.5000000000000018 1 1.7903854499658354 8.6562515239590745 0.39404998894049997 37.500000000000007 1.0930348106329257 0.2632270074121561 0.47948845190271655 0.51538384954565275
decision_type=8 8 9 10 2 9 10 8 8 2 8 8 10 10
left_child=1 2 -1 4 -4 6 7 -3 10 12 -7 -11 -10 -14
right_child=-2 5 3 -5 -6 8 -8 -9 9 11 -12 -13 13 -15
leaf_value=-0.026143972588696326 -0.0014896507941036562 -0.0048355849457821613 0.034740156048021935 0.052639571597973903 -0.02883902735877715 -0.026463189501907677 0.015001660075732802 -0.028838545539362784 0.0077771875950801471 0.0040843248650417061 0.0021235539751024218 -0.02920364338964206 -0.016782850542309269 0.0067622932165062669
leaf_weight=41.842420038534328 3078.311135251075 143.12545348191634 9.2582014771178383 7.7813361543230704 16.550126803573221 48.04156454722397 47.996852991171181 51.025809512007982 1209.3399203270674 45.678949708119035 94.048395421821624 41.951230523176491 106.74856012966484 163.06003026897088
leaf_count=961 20126 1184 91 202 419 1422 387 648 9524 697 1660 575 880 1343
internal_value=-0.000110437 0.00198438 -0.0139866 0.0070081 -0.00558621 0.00260871 -0.00577624 -0.0112594 0.00381105 0.0048798 -0.00765921 -0.0120013 0.00588734 -0.00258081
internal_weight=5104.76 2026.45 75.4321 33.5897 25.8083 1951.02 242.148 194.151 1708.87 1566.78 142.09 87.6302 1479.15 269.809
internal_count=40119 19993 1673 712 510 18320 2219 1832 16101 13019 3082 1272 11747 2223
cat_boundaries=0 2 4
cat_threshold=43293782 40 1751259661 16
is_linear=0
shrinkage=0.05


Tree=276
num_leaves=15
num_cat=2
split_feature=56 30 30 18 18 28 20 28 28 13 10 14 5 18
split_gain=4.86889 12.444 9.03683 9.89746 12.0049 8.09626 7.85076 7.35714 9.41224 8.95902 9.13534 8.89987 8.19596 8.00771
threshold=1.0000000180025095e-35 0 1 -1.4787499999999996 -0.1799999999999998 0.48417096583354041 -34.479999999999997 0.25266107009775013 0.32003501639562232 0.049999999999998053 7.5000000000000009 13.520000000000001 0.050811226415094342 -0.66000000000000181
decision_type=2 9 9 8 8 10 10 10 10 10 2 8 8 10
left_child=2 7 3 -1 -5 -6 -3 9 11 10 -2 12 -9 -14
right_child=1 6 -4 4 5 -7 -8 8 -10 -11 -12 -13 13 -15
leaf_value=0.049935831947397064 0.010607077052306837 0.0013059511704422064 -0.0020098518510929886 -0.038421591854133928 0.014216479474414706 -0.018132906473120172 0.010081242329362475 -0.047996838996394869 -0.0015451152024642018 0.030085451441117867 -0.014541111924896918 -0.029424621623982423 0.022288586616225934 -0.010950067061294651
leaf_weight=12.995796717703341 102.26267389860004 497.16392985265702 2830.503464582609 12.945402226410804 143.13458748580888 21.463976259343326 522.72997058066539 8.7544679502025229 709.71928558778018 33.185799998231232 54.544424887280911 63.16346011729911 26.776548186317086 51.125146999489516
leaf_count=111 784 3685 23591 107 1216 183 3595 103 4663 239 586 555 181 397
internal_value=-1.28826e-05 0.00185497 -0.00129256 0.00895524 0.00619424 0.00991403 0.0057527 -0.00197057 -0.00395797 0.006891 0.00182272 -0.015302 -0.00478982 0.000612486
internal_weight=5090.47 2069.43 3021.04 190.54 177.544 164.599 1019.89 1049.53 859.539 189.993 156.807 149.82 86.6562 77.9017
internal_count=39996 14788 25208 1617 1506 1399 7280 7508 5899 1609 1370 1236 681 578
cat_boundaries=0 2 4
cat_threshold=3269551111 54 2250244096 20
is_linear=0
shrinkage=0.05


Tree=277
num_leaves=15
num_cat=5
split_feature=28 30 10 11 28 30 10 20 8 6 29 30 8 30
split_gain=5.97764 11.8965 6.82895 6.17605 9.41818 15.1718 10.9816 9.62041 8.91467 11.637 8.54567 11.6593 13.3749 8.48558
threshold=0.12575265367250066 0 16.500000000000004 6.4610774475526078 0.59444308113893174 1 4.5000000000000009 7.2025000000000086 33.500000000000007 -4.4999999999999991 2 3 6.5000000000000009 4
decision_type=8 9 2 2 8 9 2 8 8 10 9 9 8 9
left_child=1 2 -1 4 -2 7 -7 -6 9 -8 11 12 -5 -12
right_child=3 -3 -4 10 5 6 8 -9 -10 -11 13 -13 -14 -15
leaf_value=0.022231164427244647 -0.0030623932009224901 -0.0066776538480259207 0.070845899742964333 0.054532661667472587 0.0073891006707237708 -0.0054972365272587644 0.063027285398966237 0.040366731047404861 -0.013200165453817223 -0.00073461435334707087 -0.001253814830793536 -0.020965505163984609 -0.0048233260859452615 0.0049767736615550142
leaf_weight=22.081917395815253 2357.7053028973751 38.783166898414493 10.965413059107957 11.571177838370202 42.865792970173061 211.43967040395364 16.71885122358799 45.918493250384927 11.781947288662193 11.965072125196459 951.50915224710479 83.204395880922675 38.180146655067801 1268.8437539823353
leaf_count=190 19097 519 94 112 330 1563 83 318 81 79 7213 691 278 9497
internal_value=-0.000101845 0.0141205 0.0308949 -0.000306828 -0.00193914 0.00582039 -0.000872207 0.0222287 0.0226336 0.0373012 0.00156488 -0.0102704 0.00817367 0.0023137
internal_weight=5123.53 71.8305 33.0473 5051.7 2698.4 340.69 251.906 88.7843 40.4659 28.6839 2353.31 132.956 49.7513 2220.35
internal_count=40145 803 284 39342 21551 2454 1806 648 243 162 17791 1081 390 16710
cat_boundaries=0 2 4 5 7 9
cat_threshold=41943112 35 545376322 40 12715536 263424 8 3758370394 56
is_linear=0
shrinkage=0.05


Tree=278
num_leaves=15
num_cat=0
split_feature=28 18 22 25 3 15 7 25 2 9 5 15 3 4
split_gain=4.44741 8.99194 8.7865 10.6527 13.1089 13.6201 10.2146 9.59288 9.12892 8.50835 7.78172 7.69471 8.07251 6.73423
threshold=0.22212822191257417 10.340000000000002 3.8200000000000007 0.65184336490502004 0.94938729955308632 1.7594782802050306 28.500000000000004 0.71198456734322313 5.3957648748007356 2.5000000000000004 0.4705798319327732 0.11259822840466806 0.20849531139943864 -12.575629796983069
decision_type=8 10 10 10 10 8 2 10 2 2 10 8 10 10
left_child=1 2 3 6 7 -6 8 -5 11 10 -9 13 -13 -1
right_child=-2 -3 -4 4 5 -7 -8 9 -10 -11 -12 12 -14 -15
leaf_value=-0.026010984163045599 -0.00094864395854016856 0.040086101886476197 -0.01359275253296845 -0.057706435674047589 -0.0088019039651723585 0.06921050432262596 -0.013280247227401194 -0.0030550450710388568 -0.0064617153584789928 0.014357050926719168 -0.034505625272399913 0.065662054774514145 0.026758035926737919 0.03153181652202771
leaf_weight=9.7062222920358199 4609.9349050188903 15.716360644903032 69.17500510532409 6.8225399551447472 9.3391899876296502 12.237472074106337 22.143051204271615 166.92055908124894 20.384086105972528 62.596319909673184 21.336538938805461 18.495118904858828 52.119639586657286 8.6850238014012557
leaf_count=90 34710 122 1104 88 73 69 591 1687 133 465 304 142 356 72
internal_value=-0.000464494 0.00403108 0.00276956 0.00555124 1.09585e-05 0.0365496 0.0172248 -0.00317809 0.023464 -0.00147183 -0.00678305 0.0303132 0.0377222 0.00138759
internal_weight=5105.61 495.677 479.961 410.786 279.253 21.5767 131.533 257.676 109.39 250.853 188.257 89.006 70.6148 18.3912
internal_count=40006 5296 5174 4070 2686 142 1384 2544 793 2456 1991 660 498 162
is_linear=0
shrinkage=0.05


Tree=279
num_leaves=15
num_cat=1
split_feature=56 30 7 0 13 9 28 0 27 25 25 20 15 4
split_gain=5.51162 12.3843 9.69896 11.2013 16.8467 9.08887 8.17544 8.63101 7.96538 7.19137 7.83564 6.41056 6.19922 6.31748
threshold=12.500000000000002 0 32.500000000000007 87.995000000000019 0.10999999999999978 1.5000000000000002 0.16523359956869296 39.280000000000008 0.50510676126154153 9.2807879914473101 7.172125932482305 -58.074999999999996 5.8096226965095843 -12.114444468556277
decision_type=2 9 2 10 8 2 8 8 8 10 10 8 8 8
left_child=-1 2 3 5 -5 -2 -3 -8 -6 10 11 -7 13 -13
right_child=1 6 -4 4 8 9 7 -9 -10 -11 -12 12 -14 -15
leaf_value=-0.00067226643683694664 0.064299040876523161 0.030208933773399095 -0.01487668640655751 0.040660322142238879 -0.031867537257168781 -0.008028573910847138 -0.043462236742661829 -0.0052215903271427711 0.017735309421681725 0.062824514428164432 -0.026058187373750642 0.054192005307169479 0.048637867691757805 0.011262921943457113
leaf_weight=4769.5668064742349 12.540535587817429 12.536029592156408 25.86016970872879 15.756052661687134 29.443273220211267 15.93105813488364 16.345766302198172 101.49757688026875 10.288942266255615 8.4384181126952154 8.9155080839991552 9.2730440497398359 21.91269413754344 57.646300408989191
leaf_count=37823 89 98 265 96 174 109 141 640 64 47 56 55 136 332
internal_value=-0.000229536 0.00585104 0.0128311 0.0173288 -0.00156905 0.0250702 -0.00622564 -0.0108469 -0.0189025 0.0205522 0.0168938 0.0207609 0.0259559 0.0179219
internal_weight=5115.95 346.385 216.006 190.146 55.4883 134.658 130.379 117.843 39.7322 122.117 113.679 104.763 88.832 66.9193
internal_count=40125 2302 1423 1158 334 824 879 781 238 735 688 632 523 387
cat_boundaries=0 2
cat_threshold=25740553 25
is_linear=0
shrinkage=0.05


Tree=280
num_leaves=15
num_cat=1
split_feature=28 28 15 10 4 27 20 1 30 21 13 27 7 7
split_gain=5.1221 8.33716 7.79555 6.31809 5.44004 6.61649 4.92579 6.32546 4.72713 7.89556 7.71427 7.5436 5.60256 4.54848
threshold=0.12575265367250066 0.13778199775741876 3.2169795551560099 16.500000000000004 3.6300121608268188 0.042924060479096353 41.600000000000009 0.54298029556650251 0 0.98263664043423105 8.0050000000000026 0.063043910284583796 22.500000000000004 4.5000000000000009
decision_type=8 8 10 2 8 10 10 10 9 8 8 10 2 2
left_child=3 2 -2 8 -5 -6 13 -8 9 -1 -11 12 -10 -3
right_child=1 6 -4 4 5 -7 7 -9 11 10 -12 -13 -14 -15
leaf_value=-0.01381812299007334 -0.04294217621920976 0.0027604902328947174 0.0096034174747658928 0.064619580510069149 0.054890046889793966 -0.0078514154776340005 0.028817258342677721 -0.026927147674796148 -0.026534909546125109 0.0013402481018449444 0.081330441298494344 -0.039559642489846489 0.036154985480712797 -0.00049637737757627189
leaf_weight=7.6922867437824607 20.048096203245226 1556.4603692325763 10.14687969535589 8.20023749116808 5.6130215413868489 10.959706658497451 5.2418361487798384 29.823842365760356 4.9203514792025116 5.100878169760108 6.4898700923658925 13.10107071418315 8.1889941049739701 3438.7476253688801
leaf_count=74 263 9130 90 72 58 116 102 290 40 50 55 184 142 29512
internal_value=0.000413727 0.000226221 -0.0255427 0.0137249 0.0335081 0.0153128 0.000385949 -0.0180262 0.00246311 0.0164191 0.0490305 -0.0102848 0.0124125 0.000518782
internal_weight=5130.74 5060.47 30.195 70.2664 24.773 16.5727 5030.27 35.0657 45.4935 19.283 11.5907 26.2104 13.1093 4995.21
internal_count=40178 39387 353 791 246 174 39034 392 545 179 105 366 182 38642
cat_boundaries=0 2
cat_threshold=1082654728 35
is_linear=0
shrinkage=0.05


Tree=281
num_leaves=15
num_cat=4
split_feature=11 11 1 25 29 19 55 30 15 8 26 29 30 11
split_gain=6.30643 5.66754 8.22151 7.11516 8.25269 5.97068 12.7864 10.3089 10.9196 10.1008 12.1056 10.024 8.16238 8.86061
threshold=10.457109473321079 5.0466457295514866 2.5771939328277362 0.37473311261909187 0 84.725000000000009 88.500000000000014 1 -9.4063377685590446 5.5000000000000009 23.500000000000004 2 3 9.7137156923943362
decision_type=2 2 8 8 9 10 10 9 8 10 2 9 9 2
left_child=1 2 3 -1 -5 6 12 9 -9 10 -7 -11 -3 -14
right_child=-2 5 -4 4 -6 7 -8 8 -10 11 -12 -13 13 -15
leaf_value=-0.026074831762803747 -0.031503655367565948 0.0043788950504323344 -0.043331594366862021 0.015831133989495972 -0.014986924254383964 -0.036021342737544405 0.058279470792768254 0.028248736227025579 -5.7710138499071097e-06 0.012562797990570139 0.042423317334106501 -0.010704460439337373 -0.0009001517870012738 0.035164181163830098
leaf_weight=27.773021324537694 14.776889370754359 1369.6197428130545 15.71014144644141 40.594848128966987 27.16603889875114 5.7050213143229511 8.9134375602006894 34.481156930327415 943.92416445119306 43.290517240762711 18.72141417581588 515.95967274252325 2031.4600347303785 16.175499827601016
leaf_count=217 132 11723 115 310 183 65 78 196 6420 249 155 3183 16955 138
internal_value=5.95128e-05 0.000157133 -0.0109539 -0.00523586 0.00356036 0.000407069 0.001575 -0.00215396 0.00100752 -0.00733786 0.0234057 -0.00885101 0.00141008 -0.000595326
internal_weight=5114.27 5099.49 111.244 95.5339 67.7609 4988.25 3426.17 1562.08 978.405 583.677 24.4264 559.25 3417.26 2047.64
internal_count=40119 39987 825 710 493 39162 28894 10268 6616 3652 220 3432 28816 17093
cat_boundaries=0 1 3 4 6
cat_threshold=557060 3498455296 39 5243137 2240624134 53
is_linear=0
shrinkage=0.05


Tree=282
num_leaves=15
num_cat=0
split_feature=2 11 28 10 3 24 6 0 24 28 4 20 15 6
split_gain=4.20206 6.86193 7.6595 6.64473 7.56957 6.21836 5.73017 4.6973 4.37846 6.51305 10.0349 7.1806 9.28969 7.17675
threshold=87.493213412288 8.7422867326045033 0.1638474556160299 10.500000000000002 0.96265592318744442 0.11237307281839196 -135.49999999999997 1.0000000180025095e-35 0.19021014200895273 0.28894565673636202 20.943077796389684 -20.427499999999998 0.044732960187029942 10.500000000000002
decision_type=2 2 8 2 8 8 10 10 8 10 8 10 10 8
left_child=-1 2 -2 5 7 -4 -3 -5 -7 10 -10 -11 -13 -12
right_child=1 6 3 4 -6 8 -8 -9 9 11 13 12 -14 -15
leaf_value=-0.00031005610442389641 -0.030100734456794384 0.0097652229308617614 0.040376564112205401 -0.028388323357286097 0.031779432291290141 -0.017844545152278773 -0.031766938100239631 0.0093102891774933024 0.043415347424305022 0.0049455027171599131 0.01810599964752729 0.011243167921678978 -0.043620038399544231 -0.020349594733908707
leaf_weight=4766.9241904050577 23.144073840696365 9.9951216503977758 9.8458882663398963 43.858721702359617 6.6796455588191739 24.589088004082441 38.720906365662813 9.6157150287181121 21.683244179934263 73.813689353875816 30.011823080480099 11.806407956406476 19.552414402365685 18.946520326659083
leaf_count=37720 228 46 82 340 55 192 259 69 144 481 190 70 104 151
internal_value=-0.000694872 -0.00603793 -0.00311718 -0.000705237 -0.0152169 0.00349905 -0.0232207 -0.0215629 0.00149576 0.00428629 0.0159181 -0.00360283 -0.0232553 0.00311452
internal_weight=5109.19 342.263 293.547 270.403 60.1541 210.249 48.716 53.4744 200.403 175.814 70.6416 105.173 31.3588 48.9583
internal_count=40131 2411 2106 1878 464 1414 305 409 1332 1140 485 655 174 341
is_linear=0
shrinkage=0.05


Tree=283
num_leaves=15
num_cat=2
split_feature=24 24 6 6 29 4 19 1 18 17 25 29 22 26
split_gain=5.10012 11.0526 13.7802 12.5687 10.8004 10.9776 11.6926 10.7643 9.46048 8.87426 9.81156 14.3213 11.9574 10.4585
threshold=0.26075393154486592 0.28423806559794212 17.500000000000004 11.500000000000002 0 -7.1471607286292231 70.477500000000006 0.68528922180607588 20.015000000000004 1.0000000180025095e-35 0.39059999966407682 1 3.8200000000000007 738.00000000000011
decision_type=10 8 10 8 9 10 8 10 10 2 8 9 10 2
left_child=8 2 3 4 5 6 -2 -5 9 10 11 -1 -13 -12
right_child=1 -3 -4 7 -6 -7 -8 -9 -10 -11 13 12 -14 -15
leaf_value=0.032226035804185205 -0.036480597937995012 0.00062513102194309677 -0.022792604642081406 0.021500874380779522 -0.0073755462755107984 0.059754261143066992 0.019436992460596152 0.075545438114181532 0.026052823515161017 -0.012574233442115688 -0.0026510452267631112 0.005030752616887393 -0.044465664733417835 -0.037375884555616211
leaf_weight=37.969489187933505 9.5936338994652015 3635.2961372681893 24.745157616212964 28.831417863257229 59.25313881225884 13.968158856034277 82.802695665508509 13.485470699146388 27.599058671388775 202.43303041113541 786.01311703026295 155.27177532017231 12.236106518656014 21.309194591827691
leaf_count=329 88 26678 411 258 381 84 500 87 176 2375 6806 1432 362 129
internal_value=0.000407544 0.00130286 0.0118435 0.0160547 0.00971486 0.0182067 0.0133026 0.0400701 -0.0023777 -0.00304427 -0.00112895 0.0086 0.00110702 -0.00361271
internal_weight=5110.81 3867.98 232.68 207.935 165.618 106.364 92.3963 42.3169 1242.83 1215.23 1012.8 205.477 167.508 807.322
internal_count=40096 28487 1809 1398 1053 672 588 345 11609 11433 9058 2123 1794 6935
cat_boundaries=0 1 2
cat_threshold=45060 9056288
is_linear=0
shrinkage=0.05


Tree=284
num_leaves=15
num_cat=1
split_feature=30 0 27 3 20 26 20 8 27 24 13 13 7 11
split_gain=4.30086 8.78243 8.38494 9.01983 10.508 8.45255 9.47613 17.8281 9.24728 8.62274 8.02485 7.81178 7.76178 8.46606
threshold=0 99.135000000000005 0.26699070892504351 0.00341183768792877 -1.7449999999999972 1250.5000000000002 -58.074999999999996 1.5000000000000002 0.47157114451119764 0.37749732088680149 0.2858333333333351 -1.0000000180025095e-35 20.500000000000004 6.094630149362775
decision_type=9 10 8 8 10 2 8 10 8 10 10 8 2 2
left_child=-1 2 -2 4 5 6 -4 12 -7 -9 -3 -5 13 -8
right_child=1 10 3 11 -6 8 7 9 -10 -11 -12 -13 -14 -15
leaf_value=-0.0018911213760750658 -0.0031269311600566532 -0.00082666732171582282 -0.030854611255900756 0.02557548981345913 -0.026028711331428908 0.10719679513529926 0.0015192070046856051 0.10317877027192544 0.0027568251574181181 0.024084972069355767 -0.029598968837552281 0.0020967559442731515 -0.016350894912643937 0.069756974096768246
leaf_weight=1704.7510050155688 725.71510267211124 54.934571794234216 7.2924355454742908 34.953868774697185 10.010064980946479 5.1943688578903648 11.196288322098555 8.1723402030765993 3.3038389058783659 6.7692626649513832 42.447988757863641 2470.2332852138206 17.259860851801932 6.7049092715606085
leaf_count=13341 6974 540 77 250 202 91 123 68 57 59 354 17528 367 67
internal_value=0.000151893 0.00117735 0.00161833 0.00295323 0.0198222 0.0270725 0.0194381 0.0272187 0.0711588 0.0711041 -0.0135416 0.00243442 0.00711912 0.0294161
internal_weight=5108.94 3404.19 3306.81 2581.09 75.9034 65.8933 57.3951 50.1027 8.49821 14.9416 97.3826 2505.19 35.1611 17.9012
internal_count=40098 26757 25863 18889 1111 909 761 684 148 127 894 17778 557 190
cat_boundaries=0 2
cat_threshold=3376902456 30
is_linear=0
shrinkage=0.05


Tree=285
num_leaves=15
num_cat=1
split_feature=30 15 4 4 3 2 6 26 1 18 14 11 26 31
split_gain=4.69069 8.32673 7.90541 7.51451 6.62753 9.62218 23.9072 8.02976 7.59563 11.2854 14.3663 7.34253 7.22361 7.14244
threshold=0 -2.124065277195633 -46.339965426163339 -17.975027201444234 0.18019104880772627 -0.0019289336834982238 -12.499999999999998 4421.0000000000009 0.77095883534136556 -0.38749999999999923 0.18675000000000072 5.4376879242121676 3898.5000000000005 1.5000000000000002
decision_type=9 8 8 10 10 2 8 2 8 8 10 2 2 2
left_child=1 3 -3 -1 5 6 -2 12 9 10 -6 -11 -7 -10
right_child=4 2 -4 -5 8 7 -8 -9 13 11 -12 -13 -14 -15
leaf_value=0.0052451928945725533 -0.045411618798784546 -0.016347747478719154 0.0020020814005543182 0.034007177686385413 0.10788008386116033 0.0017302245583524355 0.044743079134678537 -0.037078854286850843 0.0012107639409575206 -0.034193457098855871 -0.016875826347117154 -0.0088179874104098513 0.039846480368939258 -0.0041595806880734918
leaf_weight=59.196206567343324 8.4608909487724286 60.115291040856391 1484.1290387096815 36.30517851607874 3.5329794380813837 672.4175779861398 33.71921694278717 12.103206423111258 1299.0827012490481 31.876153536140919 4.2296830210834742 226.96551558212377 11.668065980076788 1181.2826862242073
leaf_count=391 66 494 12398 256 58 8100 309 123 7819 375 75 2726 83 6982
internal_value=-4.1114e-05 0.00215578 0.00127763 0.0164183 -0.0010781 0.00312145 0.0260261 0.00169838 -0.00221156 -0.010215 0.0457353 -0.0120625 0.00243757 -0.00134753
internal_weight=5125.08 1639.75 1544.24 95.5014 3485.34 738.369 42.1801 696.189 2746.97 266.604 7.76266 258.842 684.086 2480.37
internal_count=40255 13539 12892 647 26716 8681 375 8306 18035 3234 133 3101 8183 14801
cat_boundaries=0 2
cat_threshold=2618853959 60
is_linear=0
shrinkage=0.05


Tree=286
num_leaves=15
num_cat=1
split_feature=3 30 26 28 0 26 7 28 9 26 3 6 27 26
split_gain=7.26196 15.4827 7.8298 7.54189 10.4313 10.6073 8.36943 14.5296 9.18258 8.16911 17.0231 8.35159 7.88274 12.69
threshold=0.028735655288111533 0 3898.5000000000005 0.52307241608944577 94.990000000000023 64.500000000000014 5.5000000000000009 0.63915759830291596 3.5000000000000004 363.00000000000006 0.38768874651306229 -4.4999999999999991 0.62181578514448577 1.5000000000000002
decision_type=8 9 2 10 10 2 2 10 2 2 8 8 10 2
left_child=1 -1 -3 -2 5 12 8 9 -7 10 -8 -12 13 -5
right_child=3 2 -4 4 -6 6 7 -9 -10 -11 11 -13 -14 -15
leaf_value=-0.016917840039748354 -0.0014053801667102224 0.0097523034552882484 0.053114321777235574 0.010503909945498831 -0.017695251163227954 0.038617526271397008 0.076393886974286396 -0.019088335056804101 0.0047101761681884145 -0.00017818303738582913 0.026107957917542841 -0.030391334051802235 0.0062565023307007851 -0.036328531808200164
leaf_weight=49.932178719900548 4374.4319805724081 283.12797570670955 9.8805634169839305 25.172193868085742 42.723187388852239 59.207972925156355 13.957552177831529 35.959125285968184 30.334378160536289 32.728074409998953 23.175350554287434 8.03671474568546 130.98531374521554 31.903799779713154
leaf_count=830 32778 3717 107 198 328 290 96 533 148 252 138 63 681 211
internal_value=-0.00027931 0.00673946 0.0110155 -0.000781172 0.00549655 0.0080663 0.015951 0.00685809 0.0273096 0.0189256 0.0324715 0.0110683 -0.000500737 -0.0158488
internal_weight=5151.56 342.941 293.009 4808.62 434.184 391.46 203.399 113.857 89.5424 77.8977 45.1696 31.2121 188.061 57.076
internal_count=40370 4654 3824 35716 2938 2610 1520 1082 438 549 297 201 1090 409
cat_boundaries=0 1
cat_threshold=1112610882
is_linear=0
shrinkage=0.05


Tree=287
num_leaves=15
num_cat=2
split_feature=15 30 20 19 31 6 11 19 14 0 30 27 24 10
split_gain=4.66467 9.51883 5.4705 9.87242 5.92523 4.73023 4.00338 6.74796 3.9773 3.95174 14.5079 10.9037 9.78254 15.8233
threshold=-7.9836932176979936 0 9.0099999999999962 91.252500000000012 3.5000000000000004 -15.499999999999998 6.6912706652785552 85.250000000000014 5.7500000000000018 1.0000000180025095e-35 1 0.37289353023957633 0.40535978278548251 1.0000000180025095e-35
decision_type=8 9 10 8 2 8 2 8 8 8 9 8 10 2
left_child=1 6 3 -3 -5 -4 8 -8 -1 10 11 -2 13 -13
right_child=9 2 5 4 -6 -7 7 -9 -10 -11 -12 12 -14 -15
leaf_value=-0.051685637256244456 -0.013007833344066256 0.042736894315296321 -0.031338099552944705 -0.0015241149702569646 0.038602582199424605 0.016939424734306777 -0.031970337394010215 0.025770821845849574 -0.005417002485089556 -6.4583662740706906e-05 -0.019274591430767336 -0.00073393960216400363 -0.0051076030150272152 0.065460941633836867
leaf_weight=9.3309669028967601 38.228822648990899 34.829165634699166 8.9714595042169076 38.342529459856451 11.075080066919325 9.4137231335043925 7.6744339643046287 11.148437795229254 8.9127211906015891 4773.7158760665916 101.5232295403257 15.865111502818761 21.964125565253198 19.881390605587512
leaf_count=56 504 213 48 235 71 58 59 69 69 36889 1356 130 289 164
internal_value=-9.79764e-05 0.00887998 0.0158521 0.0227269 0.00805605 -0.00702001 -0.0114822 0.0018035 -0.0305378 -0.000352007 -0.00726522 0.0067979 0.0210736 0.0368617
internal_weight=5110.88 139.699 102.632 84.2468 49.4176 18.3852 37.0666 18.8229 18.2437 4971.18 197.463 95.9395 57.7106 35.7465
internal_count=40210 878 625 519 306 106 253 128 125 39332 2443 1087 583 294
cat_boundaries=0 2 4
cat_threshold=1114926144 5 1904487504 38
is_linear=0
shrinkage=0.05


Tree=288
num_leaves=15
num_cat=2
split_feature=7 3 29 15 1 8 23 24 15 29 2 2 26 25
split_gain=5.51085 10.4232 10.5095 11.6365 10.0845 10.0481 9.44409 9.8822 9.24183 9.58395 8.47041 8.20104 7.97878 10.9703
threshold=11.500000000000002 0.89898908630946772 0 4.894773848832588 2.4100462379150907 -1.4999999999999998 1.5125000000000002 0.51636556707090542 9.235652586077201 1 -40.063895991123537 -6.512671413282372 1.0000000180025095e-35 0.9214945379473819
decision_type=2 8 9 10 10 10 10 8 10 9 2 2 2 10
left_child=10 2 4 5 6 -4 7 -2 9 12 -1 -7 13 -3
right_child=1 8 3 -5 -6 11 -8 -9 -10 -11 -12 -13 -14 -15
leaf_value=-0.02906445546168708 0.004078844289119179 0.10783043355259166 0.02736644867859013 -0.018332358747886145 0.035550819971418672 0.020917678138947182 -0.02778612405789916 -0.030172251853855494 0.044166534086314595 -0.0090246677504049432 0.00088004913426936574 -0.0066347143514683092 0.008077192728030853 0.020931765371067099
leaf_weight=22.772447686642408 394.35888970084488 4.5338101293891695 23.042895057238638 189.95077714975923 20.358928340487182 27.191610199399292 26.906123737804592 21.249052308499813 16.77530859503895 56.034570149611682 3604.3972810949199 665.79040463222191 38.142999289557338 12.551322676241396
leaf_count=128 3504 78 320 2249 153 304 450 200 167 813 21387 9860 462 170
internal_value=-0.000369363 -0.00292078 -0.00419874 -0.0072814 0.00195248 -0.00442982 0.000374059 0.00225945 0.0106685 0.00526949 0.00068409 -0.00552501 0.0180668 0.048679
internal_weight=5124.06 1496.89 1368.85 905.976 462.873 716.025 442.514 415.608 128.038 111.263 3627.17 692.982 55.2281 17.0851
internal_count=40245 18730 17040 12733 4307 10484 4154 3704 1690 1523 21515 10164 710 248
cat_boundaries=0 1 2
cat_threshold=4736258 536581
is_linear=0
shrinkage=0.05


Tree=289
num_leaves=15
num_cat=4
split_feature=14 32 30 3 3 7 30 6 25 29 30 24 4 7
split_gain=5.08837 5.31427 6.3591 5.98093 5.33426 7.35834 11.5561 7.74524 13.0025 7.46363 13.0509 7.71003 10.2945 12.6968
threshold=-20.937499999999996 5.5000000000000009 0 0.86953439812736266 0.56136794243371979 32.500000000000007 1 71.500000000000014 1.4541542275434705 2 3 0.29917191815458827 0.34418941423502569 10.500000000000002
decision_type=8 10 9 10 8 2 9 10 10 9 9 8 8 2
left_child=-1 4 -3 -4 5 9 -7 -8 -9 10 -2 -12 13 -13
right_child=1 2 3 -5 -6 6 7 8 -10 -11 11 12 -14 -15
leaf_value=-0.041637473778799082 0.0072280070102016831 -0.0073545099162200854 0.024361699832005368 -0.0089366223276397226 -0.0023990624910535377 -0.019969779441169025 -0.00068093031765374202 0.099319419327214276 -0.015470137873779977 0.003126010890147482 -0.00053283165183611785 0.016503354350606982 -0.028352437608571104 -0.027530510064176186
leaf_weight=6.5539303869009018 149.84710417594761 36.91078791860491 68.681470086798072 16.167249020189047 2587.7983923242427 93.131532073486596 114.8212016383186 4.2316574831493181 4.2269194372929633 1787.8499383551534 103.1561351493001 36.906388685107231 95.865929425694048 27.824792010709643
leaf_count=40 1136 240 476 98 16777 1980 1730 89 130 15520 803 185 728 362
internal_value=-0.000630397 -0.000569873 0.00970826 0.0161102 -0.000821771 0.000866673 -0.00790946 0.00268006 0.0463858 0.0017326 -0.00425637 -0.0108092 -0.0180348 -0.00255554
internal_weight=5133.97 5127.42 121.76 84.8487 5005.66 2417.86 216.411 123.28 8.45858 2201.45 413.6 263.753 160.597 64.7312
internal_count=40294 40254 814 574 39440 22663 3929 1949 219 18734 3214 2078 1275 547
cat_boundaries=0 2 4 5 7
cat_threshold=38305798 9 583582726 41 13377569 1107835970 40
is_linear=0
shrinkage=0.05


Tree=290
num_leaves=15
num_cat=3
split_feature=15 4 30 18 3 19 8 8 30 27 27 3 3 30
split_gain=4.98746 10.0928 9.58778 8.91854 10.297 9.03049 8.84278 8.52275 8.4979 9.23653 9.32804 12.7331 10.3361 12.9056
threshold=2.3131802565170054 -32.839955890799153 0 -1.4787499999999996 0.79370020112076112 19.215000000000003 96.500000000000014 -2.4999999999999996 1 0.44469661012647649 0.4627877730826333 1.0000000180025095e-35 0.35628228092473563 2
decision_type=8 8 9 8 10 10 10 8 9 10 10 10 10 9
left_child=2 -2 3 4 5 -1 8 -4 9 -3 -11 -12 -13 -14
right_child=1 6 7 -5 -6 -7 -8 -9 -10 10 11 12 13 -15
leaf_value=0.066630277895948914 -0.01015066675590268 0.0015496153569472708 0.031240579011676983 -0.010940260647136187 -0.013288223504592821 0.010022004563893697 0.020320802137579377 -0.00029741410765311382 -0.00051845242385014018 0.030514611919871301 -0.031545840982286515 0.028352440390686674 -0.0071006164798779071 0.015487741615650015
leaf_weight=7.005483607761561 183.75277133611962 642.91896949196234 20.753017604351044 437.30042964825407 47.899384438991547 64.067355482839048 62.722724501043558 1405.1299061113968 1873.4364102885593 53.804229069501162 18.084088576026261 63.632518143393099 106.41992002632469 132.08652504906058
leaf_count=98 1279 5197 120 3398 266 420 401 11311 15016 392 294 641 636 850
internal_value=-5.32268e-05 0.00118727 -0.00201599 -0.00750855 0.00446543 0.0164488 0.00189596 0.000181903 0.00148924 0.00513933 0.0114262 0.00813391 0.0106051 0.00577159
internal_weight=5119.01 3136.86 1982.16 556.273 118.972 71.0728 2953.11 1425.88 2890.38 1016.95 374.027 320.223 302.139 238.506
internal_count=40319 24706 15613 4182 784 518 23427 11431 23026 8010 2813 2421 2127 1486
cat_boundaries=0 2 4 6
cat_threshold=48707600 4 2264478469 28 2161115140 12
is_linear=0
shrinkage=0.05


Tree=291
num_leaves=15
num_cat=2
split_feature=8 25 24 6 1 24 28 19 28 30 7 30 3 25
split_gain=4.95297 8.51756 4.83654 7.09333 7.69274 6.65318 5.97468 10.7141 12.8784 10.3571 8.15176 8.09964 6.54384 11.402
threshold=139.50000000000003 1.4626257384740415 0.88828605876007372 4.5000000000000009 1.2129403557725849 0.84825440194292667 0.58750732312149179 84.225000000000009 0.62272145454571282 0 8.5000000000000018 1 0.35628228092473563 0.22791592120595935
decision_type=10 10 8 10 8 10 10 10 10 9 2 9 10 10
left_child=2 -2 5 4 -4 6 -1 8 10 -10 -8 -9 13 -11
right_child=1 -3 3 -5 -6 -7 7 11 9 12 -12 -13 -14 -15
leaf_value=-0.00028179556865536037 -0.040724612615663826 -0.00014616890924005563 0.046877762377364927 -0.015159447653219608 0.0084688870480305982 -0.023465435681218342 0.062465943138353401 0.014505481152929196 -0.017623108851470198 0.050580771960593796 0.0098722366149540958 -0.022732143932695657 0.0065394795323550099 -0.013639222184289181
leaf_weight=4746.6464129113592 19.247201915830374 35.813245810568333 17.974512793123722 17.470427844673395 43.585765443742275 29.168833591043949 18.926353245973591 15.056186912581323 24.928565369918942 23.919468767940998 12.378809420391915 32.246018294245005 76.074975462630391 9.0641795443370921
leaf_count=37474 137 234 95 171 224 146 86 126 301 219 91 278 511 155
internal_value=-2.39958e-05 -0.0148044 0.00013949 0.0123337 0.0202537 -5.61339e-05 8.62559e-05 0.00826667 0.014257 0.00736393 0.0426185 -0.0125277 0.0135535 0.0330506
internal_weight=5122.5 55.0604 5067.44 79.0307 61.5603 4988.41 4959.24 212.595 165.292 133.987 31.3052 47.3022 109.059 32.9836
internal_count=40248 371 39877 490 319 39387 39241 1767 1363 1186 177 404 885 374
cat_boundaries=0 1 3
cat_threshold=1611153738 557376 40
is_linear=0
shrinkage=0.05


Tree=292
num_leaves=15
num_cat=4
split_feature=10 30 0 13 9 3 29 30 6 30 4 6 6 18
split_gain=5.6412 12.3435 7.4437 11.573 10.7366 8.74796 8.40638 11.0692 8.17 7.70461 7.30837 7.08884 7.50468 8.21409
threshold=1.0000000180025095e-35 0 71.665000000000006 2.7516666666666683 1.5000000000000002 0.46402079127569534 1 2 28.500000000000004 3 -68.855123495675159 -99.499999999999986 -51.499999999999993 0.86999999999999933
decision_type=2 9 8 8 2 10 9 9 10 9 8 10 10 10
left_child=1 -1 3 9 -5 6 -4 -8 -9 -3 -2 -7 13 -13
right_child=10 2 5 4 -6 11 7 8 -10 -11 -12 12 -14 -15
leaf_value=0.0039834555382809375 -0.024514771601940849 0.013015333516335846 -0.013988838284804512 -6.4253566326188686e-05 0.025605946182004548 -0.029862152328662534 -0.012129564356275529 0.015780759064377457 -0.022775752800344742 -0.02336129904463732 0.0015816480022298189 0.0077709841443621974 -0.011686960166431344 -0.040308263225606003
leaf_weight=547.20623086299747 26.04530681995675 14.662176935467867 69.028595082927495 111.93024324323051 63.032953599467874 43.291165051981807 60.208036174066365 146.39104296080768 14.273580144159494 44.970849281176925 3391.7422943194397 92.931300071999431 472.34681399026886 8.8169434592127782
leaf_count=3848 208 138 624 1245 451 266 479 1280 259 363 27611 516 2765 54
internal_value=0.00020752 -0.00215558 -0.00508873 0.00279639 0.00927676 -0.00718444 -1.77183e-05 0.00480588 0.0115229 -0.0160564 0.00137567 -0.0105442 -0.00903807 0.00325295
internal_weight=5106.88 1689.09 1141.88 234.596 174.963 907.287 289.901 220.873 160.665 59.633 3417.79 617.386 574.095 101.748
internal_count=40107 12288 8440 2197 1696 6243 2642 2018 1539 501 27819 3601 3335 570
cat_boundaries=0 2 3 5 7
cat_threshold=2766476802 8 9445382 1091076100 37 2116 50
is_linear=0
shrinkage=0.05


Tree=293
num_leaves=15
num_cat=1
split_feature=29 20 11 3 26 19 25 27 1 28 28 25 11 22
split_gain=5.96143 12.6216 9.3455 10.3172 9.74479 7.88253 7.75083 7.84354 8.891 7.66948 8.11532 6.96919 6.10576 5.7286
threshold=0 -67.379999999999981 9.4364171827494374 0.067859303330285711 1.0000000180025095e-35 61.735000000000007 2.0978089536020579 0.36466963228703297 0.15831244778613202 0.51506983543561635 0.60554932322291211 0.85903246300160996 5.0466457295514866 7.3066666666666675
decision_type=9 8 2 10 2 10 10 10 10 10 10 8 2 10
left_child=1 -1 3 4 6 -6 7 8 -3 13 -11 -10 -2 -5
right_child=12 2 -4 9 5 -7 -8 -9 11 10 -12 -13 -14 -15
leaf_value=0.055164764528855909 -0.012760277259049014 -0.020433737009607329 0.031566984605289394 -0.0040318240691920521 -0.010260359569729474 0.040074867596169884 0.103112866205952 -0.032129889127064486 0.10736010184629617 0.043555702718171892 -0.0035363104575829515 0.029243112798187799 0.0001618925281907201 0.028499087355566249
leaf_weight=11.625602649524806 92.286131244152784 3.6555120693519809 28.81925993040204 331.28127640415914 25.164808135246858 10.086329272016881 3.9685989320278159 3.414777159690856 4.5260255634784619 18.375305417925119 17.068603336811066 8.2306940630078369 4552.0359517014585 13.115176945924757
leaf_count=122 645 98 166 3177 664 104 37 41 73 91 85 114 34668 137
internal_value=0.000456909 0.00569972 0.00447672 0.00263013 0.0218893 0.00485013 0.0459178 0.0300683 0.0441115 -0.000413352 0.021403 0.0627482 -9.73626e-05 -0.00271407
internal_weight=5123.65 479.332 467.706 438.887 59.0467 35.2511 23.7956 19.827 16.4122 379.84 35.4439 12.7567 4644.32 344.396
internal_count=40222 4909 4787 4621 1131 768 363 326 285 3490 176 187 35313 3314
cat_boundaries=0 1
cat_threshold=524597
is_linear=0
shrinkage=0.05


Tree=294
num_leaves=15
num_cat=3
split_feature=25 30 25 29 3 24 22 23 8 30 24 5 18 22
split_gain=4.91898 15.6148 14.0285 12.8051 15.7298 12.909 15.7466 11.9365 11.7996 10.9577 10.8531 14.7784 13.2255 12.7289
threshold=0.44942503190910377 0 0.030598798208437486 1 1.0361628201036666 0.46196000000346421 4.3450000000000006 1.1027777777777781 74.500000000000014 2 0.49529212000907136 0.53894718397997499 4.7908333333333344 3.4133333333333336
decision_type=10 9 10 9 10 8 10 10 8 9 10 8 8 8
left_child=1 2 -1 4 5 6 -3 -4 -7 10 11 -2 -12 -13
right_child=9 3 7 -5 -6 8 -8 -9 -10 -11 12 13 -14 -15
leaf_value=0.011354567123333485 0.0098759233791249797 0.011128747712427599 -0.019481994548821116 -0.0020265545844268822 -0.0063959531850085035 0.030164902120757939 -0.02505679625743662 0.016882197906068565 -0.016384925932037178 -0.0031142090885847066 -0.022606605878187531 -0.014969707895221451 0.0034961243628735096 0.0021085999227859397
leaf_weight=68.039702525828034 594.71105065615848 422.27009309129789 173.45635604159907 378.06654492020607 129.05270308256149 134.18397608934902 31.428303042426705 25.137839560862631 14.508737003430722 2033.449576407671 90.758825488388538 125.39623509300873 102.50845757639036 796.48163101868704
leaf_count=666 4256 3883 1663 2548 749 1135 802 395 150 15786 746 996 815 5647
internal_value=0.000297063 0.00285211 -0.00782893 0.00544515 0.0092799 0.012797 0.00857253 -0.0148175 0.0255437 -0.000642754 0.00230128 0.00373794 -0.00881506 -0.00022814
internal_weight=5119.45 1376.14 266.634 1109.51 731.444 602.391 453.698 198.594 148.693 3743.31 1709.86 1516.59 193.267 921.878
internal_count=40237 11991 2724 9267 6719 5970 4685 2058 1285 28246 12460 10899 1561 6643
cat_boundaries=0 2 3 5
cat_threshold=168407041 21 8422836 2259265069 17
is_linear=0
shrinkage=0.05


Tree=295
num_leaves=15
num_cat=0
split_feature=61 25 6 25 1 28 31 26 11 52 2 1 21 4
split_gain=4.98469 3.58676 7.98099 7.4506 6.32446 5.80815 4.59703 4.16963 6.10695 3.71557 8.16395 9.37252 10.9061 6.65147
threshold=2487.5000000000005 -1.128190150948311 -11.499999999999998 -0.97515546972257339 1.4291294642857146 0.25395778796272489 2.5000000000000004 92.500000000000014 5.883029831565878 1.0000000180025095e-35 23.324835421605421 1.4380482456140353 1.0527474684438116 -25.476869925062633
decision_type=10 8 10 8 10 10 2 2 2 2 2 8 8 10
left_child=1 2 4 6 -1 -4 -3 8 -7 -5 11 12 -11 -13
right_child=-2 3 5 9 -6 7 -8 -9 -10 10 -12 13 -14 -15
leaf_value=-0.041439940342016354 -0.039163393455038498 -0.0075188675984979069 -0.014820051762040556 -3.4689717078653685e-05 0.0061697459006371316 0.018044685932118817 -0.055057546543475722 -0.0032975599559808195 0.062330861492960667 -0.0051062961435394188 -0.0059924081296276353 0.033305765812689681 0.066145726443097394 -0.0073152845991063106
leaf_weight=9.1751644741743821 7.0466694487258783 11.536379991099238 7.6927319718524805 4887.8912270555738 21.529641749337316 18.607503164559603 8.6536488048732281 7.1194188483059397 14.0480216499418 7.5437967665493488 52.220426511019468 13.98084603063762 16.546366320922974 29.993247991427779
leaf_count=58 54 116 66 38722 123 117 51 50 101 59 304 102 102 195
internal_value=0.000159018 0.000220937 0.0107804 5.46661e-05 -0.00891524 0.0234417 -0.0295311 0.0310238 0.038382 0.00017981 0.00882466 0.0201148 0.044519 0.00605291
internal_weight=5113.59 5106.54 78.1725 5028.37 30.7048 47.4677 20.19 39.7749 32.6555 5008.18 120.285 68.0643 24.0902 43.9741
internal_count=40220 40166 515 39651 181 334 167 268 218 39484 762 458 161 297
is_linear=0
shrinkage=0.05


Tree=296
num_leaves=15
num_cat=1
split_feature=7 4 3 3 29 3 0 25 10 8 0 11 28 0
split_gain=6.03937 10.1682 13.0116 8.47932 16.9974 12.2645 12.1278 10.6397 10.3955 10.3752 9.20398 8.24189 8.44494 8.1197
threshold=5.5000000000000009 -22.138187801884797 0.28887333602403437 0.78376791688694558 0 0.25245162915964453 94.280000000000015 2.0978089536020579 7.5000000000000009 10.500000000000002 0.99500000000000011 5.7559953335914456 0.33869480736838525 84.010000000000005
decision_type=2 8 10 8 9 10 10 10 2 10 8 2 8 8
left_child=3 2 11 4 6 8 7 13 -6 -9 -5 -2 -13 -1
right_child=1 -3 -4 10 5 -7 -8 9 -10 -11 -12 12 -14 -15
leaf_value=0.04793873138154707 -0.025465310080370014 -0.0008272040524025027 -0.022434996445872046 -0.036826032453873163 0.00022003326117765056 0.0045792269682843247 -0.016855929478801927 -0.021991422818864938 -0.020913401148265138 0.031878617939880706 -0.0010710933102415561 -0.024555573978108872 0.018918991036132645 0.020870405685357529
leaf_weight=42.376825354993343 19.476340546971187 2491.8015160001814 125.71694984473288 17.324384547770023 150.17132392711937 947.84683601558208 20.314675968140364 21.68716336786747 93.980347825214267 13.748960763216017 1019.2113111340441 12.953376762568949 56.503382438328117 85.891661554574966
leaf_count=190 247 24935 1160 105 779 5109 103 91 629 57 5681 235 574 365
internal_value=-0.000107796 -0.00172897 -0.0121449 0.00171084 0.00428226 0.00198827 0.0179719 0.0234611 -0.0079669 -0.000788957 -0.00170361 0.00248892 0.0105777 0.0301148
internal_weight=5119.01 2706.45 214.65 2412.55 1376.02 1192 184.019 163.705 244.152 35.4361 1036.54 88.9331 69.4568 128.268
internal_count=40260 27151 2216 13109 7323 6517 806 703 1408 148 5786 1056 809 555
cat_boundaries=0 1
cat_threshold=4228
is_linear=0
shrinkage=0.05


Tree=297
num_leaves=15
num_cat=4
split_feature=7 24 4 30 30 15 9 13 30 25 1 29 11 2
split_gain=5.62302 9.57857 9.112 10.4363 8.07893 10.9917 16.7283 12.6279 14.2435 12.1876 14.9073 11.6488 11.3422 9.96499
threshold=4.5000000000000009 0.74039139492666939 -19.544101942075724 0 1 8.030188069847247 6.5000000000000009 1.6624999999999999 2 1.3119350498914908 1.0185876174682147 3 7.105732709344168 -12.52175865684878
decision_type=2 10 8 9 9 10 2 10 9 10 8 9 2 2
left_child=-1 2 3 -2 13 7 -7 -6 9 10 -9 -10 -13 -4
right_child=1 -3 4 -5 5 6 -8 8 11 -11 -12 12 -14 -15
leaf_value=0.0027203526561450858 0.003662284935752796 -0.02719047647278014 0.049481572867296014 -0.013156099072988765 -0.0011799699415061069 -0.010856340795072073 0.059509028505773637 0.062735980813017969 -0.008397257382538088 0.0011756153760649542 0.018920462198364654 0.045946338536269248 -0.0051626530020009191 0.0045705364948994747
leaf_weight=1570.051203630399 136.88099347660318 33.244944501668215 11.628192315809427 265.94671420403756 1835.7472854384687 343.41802850365639 7.6765409149229518 28.081483135931194 123.76041342038661 44.85576356574893 62.775738449301571 23.635131780989468 19.078778810799122 595.24715644912794
leaf_count=9294 998 206 103 2351 16935 2637 49 329 900 385 449 185 157 5276
internal_value=0.000231687 -0.000875043 -0.000617296 -0.00768138 0.000304041 -0.000963367 -0.00915319 0.000380722 0.00983434 0.0210277 0.0329982 -0.000582527 0.0191428 0.00542186
internal_weight=5102.03 3531.98 3498.73 402.828 3095.9 2489.03 351.095 2137.93 302.187 135.713 90.8572 166.474 42.7139 606.875
internal_count=40254 30960 30754 3349 27405 22026 2686 19340 2405 1163 778 1242 342 5379
cat_boundaries=0 2 4 6 7
cat_threshold=9461778 1 2187331084 12 1074612240 33 8445954
is_linear=0
shrinkage=0.05


Tree=298
num_leaves=15
num_cat=2
split_feature=59 24 32 1 30 4 7 10 30 19 28 28 3 0
split_gain=5.68031 5.87754 5.52621 14.5119 9.2539 11.459 8.04058 7.37262 16.4556 17.5243 11.8573 10.811 9.61254 9.36594
threshold=1.0000000180025095e-35 0.40535978278548251 4.5000000000000009 2.3009433962264154 0 -58.11287324063742 40.500000000000007 1.0000000180025095e-35 1 79.052500000000009 0.48023363635565952 0.50726442268400695 0.16323246446786632 90.00500000000001
decision_type=10 10 8 8 9 10 2 2 9 8 8 10 10 10
left_child=2 -2 7 4 5 -4 -6 8 9 10 12 -12 -1 -11
right_child=1 -3 3 -5 6 -7 -8 -9 -10 13 11 -13 -14 -15
leaf_value=-0.028015338911951682 -0.039557334886700532 0.0037090076251737715 -0.045512703475944931 0.025812449085416744 0.0085237705618106119 -0.0028301921578989357 -0.032926680112207625 0.0013607098025127172 -0.0082765410448356457 0.0028852968004109995 0.061337431995250359 0.012247805989188593 0.014837384068043389 -0.012963189191351317
leaf_weight=14.538261426612733 16.857598684262488 13.723593007307498 19.59489806368947 75.477097087074071 251.51287588663399 67.140813203528523 11.295915855793281 3361.7101082371082 687.99380470765755 313.67032128293067 24.129036027938128 21.370440430007875 83.433921121992171 131.49047332257032
leaf_count=135 190 110 263 483 2484 619 316 27398 4597 1890 139 240 511 738
internal_value=0.000501132 -0.0206385 0.000632859 0.00608274 0.00176102 -0.0115636 0.00638218 0.000132271 -0.00310108 0.00304057 0.0182237 0.03904 0.00825958 -0.00181455
internal_weight=5093.94 30.5812 5063.36 425.022 349.545 86.7357 262.809 4638.34 1276.63 588.632 143.472 45.4995 97.9722 445.161
internal_count=40113 300 39813 4165 3682 882 2800 35648 8250 3653 1025 379 646 2628
cat_boundaries=0 2 4
cat_threshold=1128281104 49 3301225042 49
is_linear=0
shrinkage=0.05


Tree=299
num_leaves=15
num_cat=3
split_feature=27 30 24 27 1 29 4 27 30 23 4 32 27 6
split_gain=5.87291 11.6905 10.9121 10.6272 10.518 10.4577 10.3132 10.2941 12.0645 9.57417 9.48417 7.70363 7.54868 8.07678
threshold=0.2390138838714638 0 0.218174677543821 0.19924066184632575 1.6160256410256413 1 39.997532492567345 0.26699070892504351 2 2.5920833333333335 -8.24663679457956 2.5000000000000004 0.23211365492488595 23.500000000000004
decision_type=8 9 10 10 8 9 10 8 9 10 8 8 10 10
left_child=1 6 -3 -4 5 -5 9 8 -2 12 -10 -12 13 -1
right_child=7 2 3 4 -6 -7 -8 -9 10 -11 11 -13 -14 -15
leaf_value=0.017202603024537005 0.0052941398932190541 -0.0054860977303398577 -0.0065227990859870917 0.026145961969968962 0.044099202990924215 -0.0061451497734315279 -0.040958330235998958 -0.00010280340003947194 -0.037644688213500206 -0.010982158593482023 0.02167120365969977 -0.014897416619642698 0.04759215236218222 -0.023470968540456907
leaf_weight=206.14202901907265 91.580755441449583 365.00468618003651 65.546392884571105 35.565182181075215 29.037923019379377 50.843249115161598 7.8379144985228768 4004.8654546218459 43.024253074079752 32.752996845636517 15.158240891993046 139.83047521580011 18.476978464052081 12.119533246383069
leaf_count=1486 816 4117 552 238 172 404 55 29557 381 553 89 1307 119 350
internal_value=-2.03222e-05 0.00384536 -0.00050252 0.00949508 0.0185674 0.00958095 0.0119646 -0.000762168 -0.00984895 0.0140918 -0.0162914 -0.0112049 0.0175925 0.0148474
internal_weight=5117.79 823.327 545.997 180.993 115.446 86.4084 277.329 4294.46 289.594 269.492 198.013 154.989 236.739 218.262
internal_count=40196 8046 5483 1366 814 642 2563 32150 2593 2508 1777 1396 1955 1836
cat_boundaries=0 2 3 5
cat_threshold=2155204628 15 176128 3783314512 16
is_linear=0
shrinkage=0.05


end of trees

feature_importances:
state=552
months_to_anticipated_completion=355
sector_slip_4q=310
agency_slip_4q=240
agency_slip_rate=224
sector=222
agency_cost_optimism=205
expenditure_ratio=157
agency_n=157
physical_progress_pct=144
spend_velocity_2q=133
elapsed_ratio=107
slip_to_date_months=107
sector_yoy_growth=99
months_since_last_revision=84
log_cost=81
scurve_deviation=80
burn_gap=76
sector_actual_target_ratio=74
months_since_last_obs=74
spi=72
sector_trend_4q=72
velocity_vs_sector_median=70
months_to_scheduled_completion=68
cost_variation_pct=64
expected_progress_scurve=59
progress_velocity_4q=53
ext_remark_quarters=53
progress_velocity_2q=35
acceleration=32
obs_count_in_quarter=26
ext_months_since_first_land=24
revisions_so_far=20
period_type=15
dq_score=12
ext_months_since_first_forest_env=12
cost_band=5
ext_ever_utility_shifting=5
ext_ever_law_order=5
la_notif_span_by_t=4
ext_open_total=3
la_complexity_max_by_t=3
stagnation_quarters=2
ext_open_land=2
ext_open_litigation=1
ext_ever_contractor=1
la_parcels_by_t=1

parameters:
[boosting: gbdt]
[objective: binary]
[metric: binary_logloss]
[tree_learner: serial]
[device_type: cpu]
[data_sample_strategy: bagging]
[data: ]
[valid: ]
[num_iterations: 300]
[learning_rate: 0.05]
[num_leaves: 15]
[num_threads: 8]
[seed: 0]
[deterministic: 0]
[force_col_wise: 0]
[force_row_wise: 0]
[histogram_pool_size: -1]
[max_depth: -1]
[min_data_in_leaf: 50]
[min_sum_hessian_in_leaf: 0.001]
[bagging_fraction: 0.8]
[pos_bagging_fraction: 1]
[neg_bagging_fraction: 1]
[bagging_freq: 1]
[bagging_seed: 7719]
[bagging_by_query: 0]
[feature_fraction: 0.8]
[feature_fraction_bynode: 1]
[feature_fraction_seed: 2437]
[extra_trees: 0]
[extra_seed: 11797]
[early_stopping_round: 0]
[early_stopping_min_delta: 0]
[first_metric_only: 0]
[max_delta_step: 0]
[lambda_l1: 0]
[lambda_l2: 1]
[linear_lambda: 0]
[min_gain_to_split: 0]
[drop_rate: 0.1]
[max_drop: 50]
[skip_drop: 0.5]
[xgboost_dart_mode: 0]
[uniform_drop: 0]
[drop_seed: 21238]
[top_rate: 0.2]
[other_rate: 0.1]
[min_data_per_group: 100]
[max_cat_threshold: 32]
[cat_l2: 10]
[cat_smooth: 10]
[max_cat_to_onehot: 4]
[top_k: 20]
[monotone_constraints: ]
[monotone_constraints_method: basic]
[monotone_penalty: 0]
[feature_contri: ]
[forcedsplits_filename: ]
[refit_decay_rate: 0.9]
[cegb_tradeoff: 1]
[cegb_penalty_split: 0]
[cegb_penalty_feature_lazy: ]
[cegb_penalty_feature_coupled: ]
[path_smooth: 0]
[interaction_constraints: ]
[verbosity: -1]
[saved_feature_importance_type: 0]
[use_quantized_grad: 0]
[num_grad_quant_bins: 4]
[quant_train_renew_leaf: 0]
[stochastic_rounding: 1]
[linear_tree: 0]
[max_bin: 255]
[max_bin_by_feature: ]
[min_data_in_bin: 3]
[bin_construct_sample_cnt: 200000]
[data_random_seed: 38]
[is_enable_sparse: 1]
[enable_bundle: 1]
[use_missing: 1]
[zero_as_missing: 0]
[feature_pre_filter: 1]
[pre_partition: 0]
[two_round: 0]
[header: 0]
[label_column: ]
[weight_column: ]
[group_column: ]
[ignore_column: ]
[categorical_feature: 29,30,34]
[forcedbins_filename: ]
[precise_float_parser: 0]
[parser_config_file: ]
[objective_seed: 8855]
[num_class: 1]
[is_unbalance: 0]
[scale_pos_weight: 1]
[sigmoid: 1]
[boost_from_average: 1]
[reg_sqrt: 0]
[alpha: 0.9]
[fair_c: 1]
[poisson_max_delta_step: 0.7]
[tweedie_variance_power: 1.5]
[lambdarank_truncation_level: 30]
[lambdarank_norm: 1]
[label_gain: ]
[lambdarank_position_bias_regularization: 0]
[eval_at: ]
[multi_error_top_k: 1]
[auc_mu_weights: ]
[num_machines: 1]
[local_listen_port: 12400]
[time_out: 120]
[machine_list_filename: ]
[machines: ]
[gpu_platform_id: -1]
[gpu_device_id: -1]
[gpu_use_dp: 0]
[num_gpu: 1]

end of parameters

pandas_categorical:[["Atomic Energy", "Civil Aviation", "Coal", "Defence", "Education", "Fertilizers & Chemicals", "Finance", "Health", "Home Affairs", "Industry & Commerce", "Mines & Metals", "North Eastern Region", "Petroleum & Natural Gas", "Power", "Railways", "Roads & Highways", "Rural Development", "Shipping & Ports", "Social Justice", "Steel", "Telecommunications", "Tourism & Culture", "Urban Development & Housing", "Water Resources"], ["Andaman & Nicobar Islands", "Andhra Pradesh", "Arunachal Pradesh", "Assam", "Bihar", "Chandigarh", "Chhattisgarh", "Dadra & Nagar Haveli and Daman & Diu", "Delhi", "Goa", "Gujarat", "Haryana", "Himachal Pradesh", "Jammu & Kashmir", "Jharkhand", "Karnataka", "Kerala", "Ladakh", "Madhya Pradesh", "Maharashtra", "Manipur", "Meghalaya", "Mizoram", "Multi-State", "Nagaland", "Odisha", "Offshore", "PAN India", "Puducherry", "Punjab", "Rajasthan", "Sikkim", "Tamil Nadu", "Telangana", "Tripura", "Uttar Pradesh", "Uttarakhand", "West Bengal"], ["flash", "monthly", "quarterly"]]
