target,horizon,split,model,dimension,value,n,n_pos,base_rate,pr_auc,pr_auc_fold_mean,roc_auc,brier,ece,row_share,top50_share,lift
y_any,2,val,naive,sector,Atomic Energy,16,6,0.375,0.42499999999999993,0.6666666666666666,0.44999999999999996,0.2374192879129946,0.030615793828134938,0.0017114129853460264,0.01,5.843125
y_any,2,val,naive,sector,Civil Aviation,198,79,0.398989898989899,0.4865439916871043,0.5069911428911118,0.6215296245080311,0.23242371087590755,0.030414328733494554,0.021178735693657077,0.02,0.9443434343434343
y_any,2,val,naive,sector,Coal,660,146,0.22121212121212122,0.23909943929082275,0.2431940596911227,0.49694179414743356,0.1916415706724561,0.14182076579584982,0.07059578564552359,0.06333333333333334,0.8971262626262627
y_any,2,val,naive,sector,Defence,1,0,0.0,,,,0.12508343474167088,0.35367136545339783,0.00010696331158412665,0.0,0.0
y_any,2,val,naive,sector,Education,111,56,0.5045045045045045,0.5565624323625787,0.5859125827875828,0.6146103896103896,0.256216302764185,0.1156539711364191,0.011872927585838057,0.0033333333333333335,0.2807507507507508
y_any,2,val,naive,sector,Finance,9,0,0.0,,,,0.12470745457687575,0.3531362286193142,0.0009626698042571398,0.0,0.0
y_any,2,val,naive,sector,Health,42,21,0.5,0.6120778692207263,0.6138888888888888,0.6088435374149659,0.25033565519410506,0.10848170623736063,0.0044924590865333194,0.0033333333333333335,0.741984126984127
y_any,2,val,naive,sector,Home Affairs,28,13,0.4642857142857143,0.5395557434018972,0.5333333333333333,0.5717948717948718,0.2504021539024253,0.07213185573010114,0.002994972724355546,0.016666666666666666,5.564880952380952
y_any,2,val,naive,sector,Industry & Commerce,10,5,0.5,0.8142857142857143,0.6666666666666666,0.72,0.24171467565517793,0.12164301151492316,0.0010696331158412664,0.0,0.0
y_any,2,val,naive,sector,Mines & Metals,46,14,0.30434782608695654,0.3494122578536102,0.48095238095238096,0.4263392857142857,0.21514327514089865,0.07453758750886219,0.004920312332869826,0.006666666666666667,1.354927536231884
y_any,2,val,naive,sector,North Eastern Region,3,0,0.0,,,,0.12528387254968756,0.3539543349260979,0.0003208899347523799,0.0,0.0
y_any,2,val,naive,sector,Petroleum & Natural Gas,708,221,0.3121468926553672,0.3272763694722358,0.3364603687548476,0.5261272728962063,0.2178194206644541,0.06065909345082081,0.07573002460156167,0.013333333333333334,0.17606403013182675
y_any,2,val,naive,sector,Power,511,223,0.436399217221135,0.521811859329584,0.47873152026172644,0.5694522296960638,0.2456233317855232,0.057800960257712884,0.054658252219488716,0.07,1.2806849315068494
y_any,2,val,naive,sector,Railways,1245,401,0.3220883534136546,0.3687091653479341,0.34930152459462316,0.5477021309286026,0.2189633274478824,0.052126127474065885,0.13316932292223768,0.36,2.703325301204819
y_any,2,val,naive,sector,Roads & Highways,5355,2108,0.39365079365079364,0.4606115551352249,0.47169796917074786,0.5859283916433737,0.23146570383356366,0.03321445711411904,0.5727885335329982,0.4066666666666667,0.7099769685652039
y_any,2,val,naive,sector,Shipping & Ports,6,0,0.0,,,,0.1245840912538636,0.35296080945372194,0.0006417798695047598,0.0,0.0
y_any,2,val,naive,sector,Social Justice,5,0,0.0,,,,0.12494286738942777,0.35347010308808213,0.0005348165579206332,0.0,0.0
y_any,2,val,naive,sector,Steel,63,22,0.3492063492063492,0.42377674277872696,0.476984126984127,0.5432372505543237,0.22381263436169144,0.036041460962471975,0.006738688629799978,0.013333333333333334,1.978624338624339
y_any,2,val,naive,sector,Telecommunications,34,18,0.5294117647058824,0.5901625607507961,0.6,0.5538194444444444,0.2637831812515889,0.14333632681638311,0.003636752593860306,0.0,0.0
y_any,2,val,naive,sector,Urban Development & Housing,145,41,0.2827586206896552,0.38685161380066846,0.4170882358382358,0.5676594746716699,0.20203933700713822,0.11739255789167241,0.015509680179698363,0.013333333333333334,0.8596781609195403
y_any,2,val,naive,sector,Water Resources,153,54,0.35294117647058826,0.35328520024367305,0.47910571652709005,0.46006359895248783,0.2304512927800405,0.03927421243095568,0.016365386672371376,0.0,0.0
y_any,2,val,naive,cost_band,1000-5000 cr,2709,1075,0.3968253968253968,0.4708298028991246,0.4526411798965615,0.5865913295949445,0.23319189893912612,0.02124083273283324,0.2897636110813991,0.43,1.483968253968254
y_any,2,val,naive,cost_band,500-1000 cr,2171,834,0.38415476738830034,0.43036773896085434,0.43984088168578345,0.5613071248311747,0.23141860553987295,0.021079554365906975,0.23221734944913894,0.26666666666666666,1.1483494549362814
y_any,2,val,naive,cost_band,over 5000 cr,544,184,0.3382352941176471,0.39091745668438,0.36847793649356425,0.5465277777777777,0.22294497846239034,0.038814094524307854,0.058188041501764896,0.14,2.4059926470588238
y_any,2,val,naive,cost_band,under 500 cr,3925,1335,0.3401273885350318,0.40351717913208085,0.40697250809052843,0.5773495003832082,0.2195234103453241,0.05605977946488108,0.4198309979676971,0.16333333333333333,0.38904543524416135
y_any,2,val,naive,age,due to 1.5x,1974,1009,0.5111448834853091,0.5177646426853905,0.540838283313386,0.523272927076005,0.26369755596394834,0.11938745480407958,0.211145577067066,0.20333333333333334,0.963000675447484
y_any,2,val,naive,age,half to due,3100,1022,0.3296774193548387,0.3670028649679433,0.35175356479620373,0.5414709405589071,0.22024939781155783,0.037800620984409644,0.3315862659107926,0.02,0.06031612903225807
y_any,2,val,naive,age,over 1.5x schedule,2660,1206,0.45338345864661656,0.5032647917908097,0.5265060629049608,0.5719012115032358,0.24509578302279453,0.06052351117227832,0.2845224088137769,0.6933333333333334,2.4368320802005012
y_any,2,val,naive,age,under half of schedule,1483,146,0.09844908968307485,0.10570849760234756,0.10835602531527845,0.5178507392342292,0.15581146717346872,0.2590651107673466,0.1586265910792598,0.006666666666666667,0.04202742189256013
y_any,2,val,naive,age,unknown,132,45,0.3409090909090909,0.36732230009753897,0.3380432102735614,0.5215836526181353,0.23259699541320866,0.05308173857401889,0.014119157129104717,0.07666666666666666,5.4299747474747475
y_any,2,val,naive,freshness,4-6 months,27,12,0.4444444444444444,0.4586247086247086,0.4586247086247086,0.5277777777777778,0.2509852881496971,0.05515821745152466,0.0028880094127714195,0.02666666666666667,9.233580246913581
y_any,2,val,naive,freshness,current (3 months),8722,3336,0.38248108232056865,0.43748680399356216,0.4393771654302334,0.568403121913906,0.23067521948734518,0.023657074109074947,0.9329340036367526,0.9733333333333334,1.0433035236566537
y_any,2,val,naive,freshness,over 6 months,4,1,0.25,0.3333333333333333,,0.33333333333333337,0.2173717355617728,0.20236395070008498,0.0004278532463365066,0.0,0.0
y_any,2,val,naive,freshness,unknown,596,79,0.1325503355704698,0.1627997302019744,0.09682237748491619,0.5874323629508116,0.16349454136104186,0.22048602093445865,0.06375013370413948,0.0,0.0
y_any,2,val,naive,progress_reported,no,4412,1793,0.40639165911151404,0.4969373106462505,0.4718275944493318,0.5973519905908748,0.23452272794752896,0.03100668286228536,0.4719221307091668,0.5,1.059496826835902
y_any,2,val,naive,progress_reported,yes,4937,1635,0.33117277699007497,0.38526676097736473,0.3783132934198698,0.5646058268827899,0.21922702552918713,0.05015571526683861,0.5280778692908332,0.5,0.9468300587401256
y_any,2,val,naive,pre_event,no revision yet,3947,899,0.22776792500633392,0.2320203986010446,0.2245950069355214,0.5097020165304699,0.19156706957159633,0.12520852667722582,0.4221841908225479,0.0,0.0
y_any,2,val,naive,pre_event,revised before,5402,2529,0.46815994076268047,0.4875846337272484,0.5094747871051445,0.5367474848320568,0.2519294478235845,0.07097015425972432,0.5778158091774521,1.0,1.7306553128470936
y_any,2,val,naive,on_schedule,behind or over,5919,2705,0.4570028721067748,0.4846139167453036,0.49926270933620315,0.5444047357505921,0.24942896264496475,0.06454710391809959,0.6331158412664456,0.99,1.5636948808920426
y_any,2,val,naive,on_schedule,on schedule and cost,3430,723,0.2107871720116618,0.2180831296261503,0.21450901434372058,0.5117851827212989,0.18678369412435808,0.14369434098402645,0.3668841587335544,0.01,0.02725655976676385
y_any,2,val,naive,report,quarterly,9349,3428,0.36667023211038613,0.42809521843443593,0.4250540770814992,0.5745772271508742,0.22644540600514437,0.035956267948525446,1.0,1.0,1.0
y_any,2,val,rule,sector,Atomic Energy,16,6,0.375,0.4174242424242424,0.5833333333333333,0.55,0.23325404645289982,0.1200035173404323,0.0017114129853460264,0.03,17.529374999999998
y_any,2,val,rule,sector,Civil Aviation,198,79,0.398989898989899,0.5373190111172738,0.5394171312601447,0.7104031486012126,0.23357881109286516,0.026964494281537327,0.021178735693657077,0.023333333333333334,1.1017340067340067
y_any,2,val,rule,sector,Coal,660,146,0.22121212121212122,0.30547764653383186,0.34226849391260233,0.6205426149992004,0.19175059876944947,0.14995883621689654,0.07059578564552359,0.03,0.4249545454545454
y_any,2,val,rule,sector,Defence,1,0,0.0,,,,0.14933726779040365,0.38644180388566096,0.00010696331158412665,0.0,0.0
y_any,2,val,rule,sector,Education,111,56,0.5045045045045045,0.6033778773048573,0.5985445773812567,0.6383116883116882,0.26102365672328676,0.1293916118435022,0.011872927585838057,0.0,0.0
y_any,2,val,rule,sector,Finance,9,0,0.0,,,,0.11712521020508948,0.341561713724717,0.0009626698042571398,0.0,0.0
y_any,2,val,rule,sector,Health,42,21,0.5,0.592235734552184,0.6525132275132275,0.5351473922902494,0.2637678787147968,0.12194736080197742,0.0044924590865333194,0.0,0.0
y_any,2,val,rule,sector,Home Affairs,28,13,0.4642857142857143,0.5543803340734288,0.5935185185185184,0.49743589743589745,0.25696182711496707,0.09138952410804661,0.002994972724355546,0.006666666666666667,2.225952380952381
y_any,2,val,rule,sector,Industry & Commerce,10,5,0.5,0.7388888888888889,0.8333333333333334,0.56,0.2632465779643242,0.1300839552212484,0.0010696331158412664,0.0,0.0
y_any,2,val,rule,sector,Mines & Metals,46,14,0.30434782608695654,0.5400881656081236,0.6940277777777778,0.6629464285714286,0.2128827535239984,0.10192582458030311,0.004920312332869826,0.023333333333333334,4.742246376811594
y_any,2,val,rule,sector,North Eastern Region,3,0,0.0,,,,0.11367110369800815,0.33681720053266534,0.0003208899347523799,0.0,0.0
y_any,2,val,rule,sector,Petroleum & Natural Gas,708,221,0.3121468926553672,0.3807202216205318,0.37976901441294836,0.5632787311734045,0.21607548284199246,0.07008223865945785,0.07573002460156167,0.04,0.5281920903954802
y_any,2,val,rule,sector,Power,511,223,0.436399217221135,0.5325049272739015,0.5940192156242374,0.5888297209765819,0.24506349307442757,0.06134233420167814,0.054658252219488716,0.12666666666666668,2.317429876060013
y_any,2,val,rule,sector,Railways,1245,401,0.3220883534136546,0.3673496862581217,0.3951741201257022,0.5661054709198567,0.22168650553543978,0.0753926541339342,0.13316932292223768,0.5566666666666666,4.180141900937081
y_any,2,val,rule,sector,Roads & Highways,5355,2108,0.39365079365079364,0.5174176833112663,0.49184619125331747,0.6178472874391717,0.2350972193730706,0.027560012757517297,0.5727885335329982,0.13666666666666666,0.23859881730469965
y_any,2,val,rule,sector,Shipping & Ports,6,0,0.0,,,,0.14552952716657558,0.3811523839544649,0.0006417798695047598,0.0,0.0
y_any,2,val,rule,sector,Social Justice,5,0,0.0,,,,0.12351096576949341,0.3509210324420534,0.0005348165579206332,0.0,0.0
y_any,2,val,rule,sector,Steel,63,22,0.3492063492063492,0.6416318607634441,0.71506734006734,0.7073170731707318,0.21942288175539024,0.09429654608405094,0.006738688629799978,0.0033333333333333335,0.49465608465608474
y_any,2,val,rule,sector,Telecommunications,34,18,0.5294117647058824,0.6727406171332659,0.7759259259259258,0.6006944444444444,0.27043816548554117,0.16537379721241083,0.003636752593860306,0.0,0.0
y_any,2,val,rule,sector,Urban Development & Housing,145,41,0.2827586206896552,0.4117302969915559,0.4913703039489372,0.6000234521575984,0.20775009220009832,0.13788285448155127,0.015509680179698363,0.0,0.0
y_any,2,val,rule,sector,Water Resources,153,54,0.35294117647058826,0.3447313807497667,0.49611443424180734,0.5039281705948372,0.23141974656623066,0.022417989368959515,0.016365386672371376,0.023333333333333334,1.4257734204793029
y_any,2,val,rule,cost_band,1000-5000 cr,2709,1075,0.3968253968253968,0.4504686880053753,0.46225826452462465,0.5770826335714896,0.2373945282564102,0.022532571096037735,0.2897636110813991,0.5433333333333333,1.8750916697428326
y_any,2,val,rule,cost_band,500-1000 cr,2171,834,0.38415476738830034,0.5212718352729515,0.5026131066534174,0.6437436438283928,0.23162932781896645,0.028635384256567573,0.23221734944913894,0.08666666666666667,0.37321357285429146
y_any,2,val,rule,cost_band,over 5000 cr,544,184,0.3382352941176471,0.4036732301839544,0.4502289781132018,0.5873490338164251,0.22317309645501104,0.05805966153202694,0.058188041501764896,0.32,5.499411764705882
y_any,2,val,rule,cost_band,under 500 cr,3925,1335,0.3401273885350318,0.4172833089868217,0.4012110544177118,0.5814867033968157,0.22256602850917886,0.03212632670740334,0.4198309979676971,0.05,0.11909554140127389
y_any,2,val,rule,age,due to 1.5x,1974,1009,0.5111448834853091,0.4738809541725812,0.46342835292889933,0.4671223239548725,0.27201181046613654,0.14021049363466084,0.211145577067066,0.25666666666666665,1.2155910165484634
y_any,2,val,rule,age,half to due,3100,1022,0.3296774193548387,0.3739701533547362,0.34640141161209376,0.5622818681970659,0.22090136149471104,0.02877321361912409,0.3315862659107926,0.01,0.030158064516129034
y_any,2,val,rule,age,over 1.5x schedule,2660,1206,0.45338345864661656,0.5084927123711207,0.5023015006611259,0.5946260216569604,0.247258479960742,0.06416282139815323,0.2845224088137769,0.73,2.5657030075187968
y_any,2,val,rule,age,under half of schedule,1483,146,0.09844908968307485,0.13057818435704088,0.1450024357288009,0.5565824120654502,0.15647670649869214,0.2609880860173074,0.1586265910792598,0.0,0.0
y_any,2,val,rule,age,unknown,132,45,0.3409090909090909,0.40268268864870327,0.48064255404747663,0.5713920817369094,0.2230214180663088,0.04304378053857301,0.014119157129104717,0.0033333333333333335,0.2360858585858586
y_any,2,val,rule,freshness,4-6 months,27,12,0.4444444444444444,0.6742847163019798,0.6742847163019798,0.6166666666666666,0.2430702615544741,0.053919150149993676,0.0028880094127714195,0.0,0.0
y_any,2,val,rule,freshness,current (3 months),8722,3336,0.38248108232056865,0.451735809238914,0.4462811592979248,0.5889696709027133,0.23321002009146988,0.013212064396422338,0.9329340036367526,0.9966666666666667,1.068314224566231
y_any,2,val,rule,freshness,over 6 months,4,1,0.25,0.3333333333333333,,0.33333333333333337,0.20779516418475535,0.126735653629343,0.0004278532463365066,0.0,0.0
y_any,2,val,rule,freshness,unknown,596,79,0.1325503355704698,0.21304351230969182,0.16531900559115742,0.6659035820091569,0.16693792140123173,0.23013503768595822,0.06375013370413948,0.0033333333333333335,0.05228747203579418
y_any,2,val,rule,progress_reported,no,4412,1793,0.40639165911151404,0.5112562832928469,0.5146649820709207,0.6592333215570202,0.23694179716324407,0.02159669071742043,0.4719221307091668,0.5,1.059496826835902
y_any,2,val,rule,progress_reported,yes,4937,1635,0.33117277699007497,0.35820425059691496,0.3617530213034939,0.5184815244953943,0.2219079734712197,0.030883618166279533,0.5280778692908332,0.5,0.9468300587401256
y_any,2,val,rule,pre_event,no revision yet,3947,899,0.22776792500633392,0.2928155800374028,0.2660006483062613,0.5892736972255553,0.1920563698332862,0.1302094080461223,0.4221841908225479,0.03666666666666667,0.08684992821552233
y_any,2,val,rule,pre_event,revised before,5402,2529,0.46815994076268047,0.4871016224191045,0.47823165978600946,0.5320758147363194,0.25599784938535064,0.08730379856487765,0.5778158091774521,0.9633333333333334,1.6671979513760338
y_any,2,val,rule,on_schedule,behind or over,5919,2705,0.4570028721067748,0.47195553090918535,0.4629376848402788,0.5254248108149766,0.2537408324410507,0.07616666811051284,0.6331158412664456,1.0,1.579489778678831
y_any,2,val,rule,on_schedule,on schedule and cost,3430,723,0.2107871720116618,0.3008913716544459,0.2758916270765654,0.5805145820911003,0.18631337810293447,0.14319176416448487,0.3668841587335544,0.0,0.0
y_any,2,val,rule,report,quarterly,9349,3428,0.36667023211038613,0.44391277182427064,0.4381856876349759,0.5947767986383139,0.22900276758066576,0.026432350386890135,1.0,1.0,1.0
y_any,2,val,logreg,sector,Atomic Energy,16,6,0.375,0.44566498316498315,0.7222222222222222,0.5666666666666667,0.25670910693485177,0.18106613407457098,0.0017114129853460264,0.0,0.0
y_any,2,val,logreg,sector,Civil Aviation,198,79,0.398989898989899,0.44527128203178823,0.5917335975723618,0.6071694500585044,0.2580244598120759,0.18049659674193363,0.021178735693657077,0.023333333333333334,1.1017340067340067
y_any,2,val,logreg,sector,Coal,660,146,0.22121212121212122,0.45822507958726244,0.5593439324257323,0.7523985928255423,0.14835790910207902,0.027615080034647455,0.07059578564552359,0.0,0.0
y_any,2,val,logreg,sector,Defence,1,0,0.0,,,,0.03370804383955975,0.1835975049927415,0.00010696331158412665,0.0,0.0
y_any,2,val,logreg,sector,Education,111,56,0.5045045045045045,0.47473659713603256,0.5967680249766848,0.48831168831168836,0.30842101529768223,0.18726174539899315,0.011872927585838057,0.07333333333333333,6.176516516516517
y_any,2,val,logreg,sector,Finance,9,0,0.0,,,,0.13127848533268927,0.34237663421294334,0.0009626698042571398,0.0,0.0
y_any,2,val,logreg,sector,Health,42,21,0.5,0.6713287855064487,0.8182539682539683,0.6893424036281178,0.2727011690487077,0.22980908950104226,0.0044924590865333194,0.0,0.0
y_any,2,val,logreg,sector,Home Affairs,28,13,0.4642857142857143,0.5016860916860917,0.5953703703703703,0.5384615384615384,0.36233809984706333,0.33763653631182616,0.002994972724355546,0.04666666666666667,15.581666666666669
y_any,2,val,logreg,sector,Industry & Commerce,10,5,0.5,0.7544444444444445,0.8333333333333334,0.7200000000000001,0.235440129669814,0.20989772675353824,0.0010696331158412664,0.0,0.0
y_any,2,val,logreg,sector,Mines & Metals,46,14,0.30434782608695654,0.23852524715795442,0.3603174603174603,0.3236607142857143,0.29956718852787334,0.27327189314125294,0.004920312332869826,0.0,0.0
y_any,2,val,logreg,sector,North Eastern Region,3,0,0.0,,,,0.7392867961915682,0.8513553569948318,0.0003208899347523799,0.006666666666666667,20.775555555555556
y_any,2,val,logreg,sector,Petroleum & Natural Gas,708,221,0.3121468926553672,0.5602147912895818,0.6184951796041892,0.7593819394761537,0.18790789764817478,0.10404483817465446,0.07573002460156167,0.04666666666666667,0.6162241054613936
y_any,2,val,logreg,sector,Power,511,223,0.436399217221135,0.6141015922300104,0.6150763550849127,0.7244332336821125,0.2149935570838984,0.06523724050505877,0.054658252219488716,0.17,3.1102348336594914
y_any,2,val,logreg,sector,Railways,1245,401,0.3220883534136546,0.4622183987743201,0.47608118670198213,0.6756361466003238,0.20686130337176736,0.049631849895477004,0.13316932292223768,0.03,0.2252771084337349
y_any,2,val,logreg,sector,Roads & Highways,5355,2108,0.39365079365079364,0.4925693242617275,0.568006096753713,0.689116767543124,0.22606287345740608,0.1139397198705366,0.5727885335329982,0.56,0.9776732026143792
y_any,2,val,logreg,sector,Shipping & Ports,6,0,0.0,,,,0.06909954348559354,0.2366927105978611,0.0006417798695047598,0.0,0.0
y_any,2,val,logreg,sector,Social Justice,5,0,0.0,,,,0.05063276014414997,0.22250459473009795,0.0005348165579206332,0.0,0.0
y_any,2,val,logreg,sector,Steel,63,22,0.3492063492063492,0.6027683123546095,0.7117526455026454,0.762749445676275,0.18964728237765843,0.2075453375569671,0.006738688629799978,0.0,0.0
y_any,2,val,logreg,sector,Telecommunications,34,18,0.5294117647058824,0.7628862580695488,0.8240740740740741,0.8125,0.1750433583120692,0.16897208161957802,0.003636752593860306,0.016666666666666666,4.582843137254902
y_any,2,val,logreg,sector,Urban Development & Housing,145,41,0.2827586206896552,0.3292974116481511,0.4629388697387478,0.6296904315196998,0.2368844708852606,0.18763956580581165,0.015509680179698363,0.02,1.2895172413793103
y_any,2,val,logreg,sector,Water Resources,153,54,0.35294117647058826,0.40014195334020464,0.5842873190932322,0.5346053123830902,0.28531412759454594,0.21765950580453455,0.016365386672371376,0.006666666666666667,0.407363834422658
y_any,2,val,logreg,cost_band,1000-5000 cr,2709,1075,0.3968253968253968,0.5892021967906418,0.6276892391588204,0.7429387150949305,0.20205970086407746,0.0629346227893744,0.2897636110813991,0.17,0.5866851236618679
y_any,2,val,logreg,cost_band,500-1000 cr,2171,834,0.38415476738830034,0.5617571148646061,0.6188532742303766,0.7322444213664222,0.20447465002497914,0.07166139543046138,0.23221734944913894,0.21666666666666667,0.9330339321357286
y_any,2,val,logreg,cost_band,over 5000 cr,544,184,0.3382352941176471,0.527729491389044,0.5684001526938397,0.7502868357487922,0.1956428698500681,0.07206059531020338,0.058188041501764896,0.056666666666666664,0.9738541666666666
y_any,2,val,logreg,cost_band,under 500 cr,3925,1335,0.3401273885350318,0.40863211654388665,0.4646666883879956,0.6530822957789251,0.23907453278529128,0.11615619484548619,0.4198309979676971,0.5566666666666666,1.3259303609341826
y_any,2,val,logreg,age,due to 1.5x,1974,1009,0.5111448834853091,0.5963349856720525,0.6616782059737226,0.6377462937192213,0.236673273918563,0.059791866520851375,0.211145577067066,0.09,0.42624620060790275
y_any,2,val,logreg,age,half to due,3100,1022,0.3296774193548387,0.510427348530212,0.5367993349308698,0.7188560052285712,0.19541067922335784,0.049590670204640086,0.3315862659107926,0.013333333333333334,0.04021075268817204
y_any,2,val,logreg,age,over 1.5x schedule,2660,1206,0.45338345864661656,0.4441270606526625,0.5124380449354549,0.5289770770174802,0.2978739885166596,0.17974028628291902,0.2845224088137769,0.8966666666666666,3.1514799498746866
y_any,2,val,logreg,age,under half of schedule,1483,146,0.09844908968307485,0.18114952670574708,0.22888205193531475,0.6229136996547167,0.09185110051311805,0.05907284018299439,0.1586265910792598,0.0,0.0
y_any,2,val,logreg,age,unknown,132,45,0.3409090909090909,0.32750742035424896,0.37880048104343267,0.4899106002554278,0.26185846517272643,0.15023463300895284,0.014119157129104717,0.0,0.0
y_any,2,val,logreg,freshness,4-6 months,27,12,0.4444444444444444,0.5197590037621502,0.5197590037621502,0.5777777777777777,0.26929425364719506,0.2787014730102953,0.0028880094127714195,0.0,0.0
y_any,2,val,logreg,freshness,current (3 months),8722,3336,0.38248108232056865,0.49061611803496924,0.5399465379226144,0.6850779309712274,0.22551355654208305,0.08283460140996297,0.9329340036367526,1.0,1.0718871818390276
y_any,2,val,logreg,freshness,over 6 months,4,1,0.25,1.0,,1.0,0.09249504768283495,0.2983638778069263,0.0004278532463365066,0.0,0.0
y_any,2,val,logreg,freshness,unknown,596,79,0.1325503355704698,0.4043427583817402,0.3136672830272324,0.7681854907817741,0.10322364433971003,0.07423655240649284,0.06375013370413948,0.0,0.0
y_any,2,val,logreg,progress_reported,no,4412,1793,0.40639165911151404,0.6242461708940477,0.629956907744356,0.7605404923095138,0.19860282052447834,0.06896179453663877,0.4719221307091668,0.5,1.059496826835902
y_any,2,val,logreg,progress_reported,yes,4937,1635,0.33117277699007497,0.43634978822764164,0.44324650973925905,0.6826988369573068,0.23493129695598997,0.14452311165752824,0.5280778692908332,0.5,0.9468300587401256
y_any,2,val,logreg,pre_event,no revision yet,3947,899,0.22776792500633392,0.40456676755198706,0.4228090144864991,0.7386024570899716,0.16091208684159886,0.06660237284018487,0.4221841908225479,0.06666666666666667,0.15790896039185878
y_any,2,val,logreg,pre_event,revised before,5402,2529,0.46815994076268047,0.5038607092521334,0.563056865011821,0.5943449993304263,0.25934310449128656,0.1029440828978696,0.5778158091774521,0.9333333333333333,1.6152782919906208
y_any,2,val,logreg,on_schedule,behind or over,5919,2705,0.4570028721067748,0.5284482511412627,0.5891618642954701,0.6256707312163629,0.24643283851997896,0.08282556291044976,0.6331158412664456,0.65,1.0266683561412402
y_any,2,val,logreg,on_schedule,on schedule and cost,3430,723,0.2107871720116618,0.35172599951244177,0.38539330414239514,0.7270500485141489,0.16835436910378004,0.08555939552493458,0.3668841587335544,0.35,0.9539795918367346
y_any,2,val,logreg,report,quarterly,9349,3428,0.36667023211038613,0.48940712115656004,0.5365994108640559,0.7009822247298493,0.21778708495301327,0.08035711386730174,1.0,1.0,1.0
y_any,2,val,lightgbm,sector,Atomic Energy,16,6,0.375,0.7271825396825397,0.7222222222222222,0.7999999999999999,0.2316597801106724,0.3832571299817375,0.0017114129853460264,0.0,0.0
y_any,2,val,lightgbm,sector,Civil Aviation,198,79,0.398989898989899,0.8437879851764386,0.8284790323058103,0.877885331347729,0.1475864771507299,0.08978113536179891,0.021178735693657077,0.01,0.47217171717171713
y_any,2,val,lightgbm,sector,Coal,660,146,0.22121212121212122,0.7208537240198469,0.6933936356401936,0.8427988913170941,0.10853275604227766,0.037621452044307634,0.07059578564552359,0.01,0.14165151515151514
y_any,2,val,lightgbm,sector,Defence,1,0,0.0,,,,0.19583274403599585,0.44252993575123917,0.00010696331158412665,0.0,0.0
y_any,2,val,lightgbm,sector,Education,111,56,0.5045045045045045,0.7555015420103389,0.763103953192337,0.7996753246753248,0.18849519645927515,0.10401355419212263,0.011872927585838057,0.006666666666666667,0.5615015015015016
y_any,2,val,lightgbm,sector,Finance,9,0,0.0,,,,0.059587430185910645,0.2294779255488468,0.0009626698042571398,0.0,0.0
y_any,2,val,lightgbm,sector,Health,42,21,0.5,0.8585167521663173,0.8708465608465609,0.8049886621315192,0.19234582840916634,0.20009958047513887,0.0044924590865333194,0.0,0.0
y_any,2,val,lightgbm,sector,Home Affairs,28,13,0.4642857142857143,0.8166647149383721,0.8888888888888888,0.841025641025641,0.17941109964389895,0.21289931844516655,0.002994972724355546,0.0,0.0
y_any,2,val,lightgbm,sector,Industry & Commerce,10,5,0.5,0.8111111111111111,0.8333333333333334,0.6799999999999999,0.2289845017042959,0.3781170919265013,0.0010696331158412664,0.0,0.0
y_any,2,val,lightgbm,sector,Mines & Metals,46,14,0.30434782608695654,0.3358046443232141,0.3846230158730159,0.48660714285714285,0.25405870605318087,0.20590473332534495,0.004920312332869826,0.0,0.0
y_any,2,val,lightgbm,sector,North Eastern Region,3,0,0.0,,,,0.013285066322704838,0.11510998028236574,0.0003208899347523799,0.0,0.0
y_any,2,val,lightgbm,sector,Petroleum & Natural Gas,708,221,0.3121468926553672,0.6724507180515757,0.675834674748477,0.813996487870144,0.15606211780627385,0.0559454602878327,0.07573002460156167,0.006666666666666667,0.08803201506591338
y_any,2,val,lightgbm,sector,Power,511,223,0.436399217221135,0.5983701338629885,0.6649908203536042,0.7303500249128051,0.21438672792380553,0.08357655455385817,0.054658252219488716,0.02666666666666667,0.4878799739073712
y_any,2,val,lightgbm,sector,Railways,1245,401,0.3220883534136546,0.5364622248658937,0.5538858040642268,0.7139541548971173,0.19410163489989982,0.05497885210916702,0.13316932292223768,0.0,0.0
y_any,2,val,lightgbm,sector,Roads & Highways,5355,2108,0.39365079365079364,0.74094573999376,0.7336037736840971,0.8284416238255835,0.17723776375954237,0.10678295352119613,0.5727885335329982,0.9366666666666666,1.635274821039527
y_any,2,val,lightgbm,sector,Shipping & Ports,6,0,0.0,,,,0.01588611181051113,0.11430071249142704,0.0006417798695047598,0.0,0.0
y_any,2,val,lightgbm,sector,Social Justice,5,0,0.0,,,,0.4301204419419671,0.6406232181528994,0.0005348165579206332,0.0,0.0
y_any,2,val,lightgbm,sector,Steel,63,22,0.3492063492063492,0.6235275323397806,0.775244708994709,0.8082039911308203,0.17745298276756022,0.14178491883265265,0.006738688629799978,0.0033333333333333335,0.49465608465608474
y_any,2,val,lightgbm,sector,Telecommunications,34,18,0.5294117647058824,0.9711678552258263,0.986111111111111,0.9618055555555556,0.08854110520646995,0.14748459373511627,0.003636752593860306,0.0,0.0
y_any,2,val,lightgbm,sector,Urban Development & Housing,145,41,0.2827586206896552,0.39148684396871714,0.470485632061091,0.6341463414634148,0.22118615711136913,0.1445025606237065,0.015509680179698363,0.0,0.0
y_any,2,val,lightgbm,sector,Water Resources,153,54,0.35294117647058826,0.6653077741514248,0.8021280759175496,0.7815188926300037,0.17806107943654148,0.08370285470313472,0.016365386672371376,0.0,0.0
y_any,2,val,lightgbm,cost_band,1000-5000 cr,2709,1075,0.3968253968253968,0.7110143775766574,0.7115543599263642,0.8019842873815148,0.17949656496369168,0.053037770616824714,0.2897636110813991,0.2866666666666667,0.9893121693121694
y_any,2,val,lightgbm,cost_band,500-1000 cr,2171,834,0.38415476738830034,0.7367978859187967,0.7269198914499394,0.8278475200393163,0.16666018369096772,0.05194635868191769,0.23221734944913894,0.24333333333333335,1.0478688776293568
y_any,2,val,lightgbm,cost_band,over 5000 cr,544,184,0.3382352941176471,0.6300285814483829,0.6501302091239592,0.7692632850241545,0.1798320112271196,0.051650895288103724,0.058188041501764896,0.006666666666666667,0.11457107843137256
y_any,2,val,lightgbm,cost_band,under 500 cr,3925,1335,0.3401273885350318,0.6917598305975967,0.6895286909000365,0.8213770913770914,0.17681256135646212,0.12388261606219762,0.4198309979676971,0.4633333333333333,1.1036186836518047
y_any,2,val,lightgbm,age,due to 1.5x,1974,1009,0.5111448834853091,0.7487845327242285,0.7545384162325205,0.7555256576818992,0.2071688857929206,0.07002880832623704,0.211145577067066,0.3433333333333333,1.626050320837555
y_any,2,val,lightgbm,age,half to due,3100,1022,0.3296774193548387,0.6661681288476475,0.6382404890102849,0.7873011268926731,0.17746559876683984,0.08585950928708837,0.3315862659107926,0.39666666666666667,1.1962698924731183
y_any,2,val,lightgbm,age,over 1.5x schedule,2660,1206,0.45338345864661656,0.71268525776663,0.7244892403377686,0.7815607314185606,0.1982164495466702,0.0982744479146537,0.2845224088137769,0.24666666666666667,0.8669498746867168
y_any,2,val,lightgbm,age,under half of schedule,1483,146,0.09844908968307485,0.3622048508465428,0.3925290500738596,0.7652047622462885,0.08103291425823426,0.0612915689207618,0.1586265910792598,0.01,0.06304113283884019
y_any,2,val,lightgbm,age,unknown,132,45,0.3409090909090909,0.43103116716915013,0.5972246955034707,0.5729246487867178,0.2528111086353463,0.17913043553819086,0.014119157129104717,0.0033333333333333335,0.2360858585858586
y_any,2,val,lightgbm,freshness,4-6 months,27,12,0.4444444444444444,0.6071320084907041,0.6085565099152056,0.5722222222222222,0.26430076875160285,0.22840160326905945,0.0028880094127714195,0.0,0.0
y_any,2,val,lightgbm,freshness,current (3 months),8722,3336,0.38248108232056865,0.7039051135949906,0.7010037928589424,0.8044919615737043,0.1808745164220123,0.08245567097230563,0.9329340036367526,0.9933333333333333,1.0647412672934342
y_any,2,val,lightgbm,freshness,over 6 months,4,1,0.25,1.0,,1.0,0.11539539307912453,0.27462325916053715,0.0004278532463365066,0.0,0.0
y_any,2,val,lightgbm,freshness,unknown,596,79,0.1325503355704698,0.5740114403201931,0.41824869233460765,0.8254045980951448,0.09179217474831794,0.07485692599222427,0.06375013370413948,0.006666666666666667,0.10457494407158836
y_any,2,val,lightgbm,progress_reported,no,4412,1793,0.40639165911151404,0.7468349289664561,0.7563100601195277,0.8163384951064416,0.1753668674244929,0.07208782620469151,0.4719221307091668,0.5,1.059496826835902
y_any,2,val,lightgbm,progress_reported,yes,4937,1635,0.33117277699007497,0.6386943110679073,0.6376743185325568,0.8042568955521351,0.1754455644388365,0.09000212113643548,0.5280778692908332,0.5,0.9468300587401256
y_any,2,val,lightgbm,pre_event,no revision yet,3947,899,0.22776792500633392,0.6239984293830059,0.5891172136930739,0.8228651184313864,0.1430794151261236,0.10749370275751641,0.4221841908225479,0.39,0.923767418292374
y_any,2,val,lightgbm,pre_event,revised before,5402,2529,0.46815994076268047,0.7276952621150699,0.7317102213349701,0.7709853551224866,0.19902978882054587,0.06463934109470984,0.5778158091774521,0.61,1.0556997408367272
y_any,2,val,lightgbm,on_schedule,behind or over,5919,2705,0.4570028721067748,0.7212503260581451,0.7231291488400946,0.7746206810085726,0.19861213945462136,0.07409948244262961,0.6331158412664456,0.6866666666666666,1.0845829813594638
y_any,2,val,lightgbm,on_schedule,on schedule and cost,3430,723,0.2107871720116618,0.6061062745586371,0.5771388579658425,0.8138546087930426,0.13536679804066903,0.09440149407806303,0.3668841587335544,0.31333333333333335,0.8540388726919339
y_any,2,val,lightgbm,report,quarterly,9349,3428,0.36667023211038613,0.7015198329424236,0.6969914487876275,0.8119050776885941,0.17540842557614703,0.08154796890209444,1.0,1.0,1.0
y_any,2,test,naive,sector,Civil Aviation,20,7,0.35,0.3214285714285714,0.3214285714285714,0.412087912087912,0.24525974055678734,0.13421257901750921,0.015174506828528073,0.04,2.636
y_any,2,test,naive,sector,Coal,29,7,0.2413793103448276,0.2413793103448276,0.2413793103448276,0.4318181818181818,0.20599593926875148,0.12037168274841265,0.022003034901365705,0.02,0.9089655172413793
y_any,2,test,naive,sector,Education,21,5,0.23809523809523808,0.2571428571428571,0.2571428571428571,0.5375,0.19659012367650014,0.12895437585384825,0.015933232169954476,0.02,1.2552380952380953
y_any,2,test,naive,sector,Health,12,6,0.5,0.5833333333333334,0.5833333333333334,0.5833333333333334,0.26004443529409077,0.14095351130193123,0.009104704097116844,0.0,0.0
y_any,2,test,naive,sector,Industry & Commerce,1,0,0.0,,,,0.12099413581745964,0.34784211334664417,0.0007587253414264037,0.0,0.0
y_any,2,test,naive,sector,Mines & Metals,5,2,0.4,0.4,0.4,0.33333333333333337,0.2650432376028431,0.2181852328354325,0.0037936267071320183,0.02,5.272
y_any,2,test,naive,sector,Petroleum & Natural Gas,53,31,0.5849056603773585,0.5547778454047474,0.5547778454047474,0.42741935483870974,0.289510004697249,0.1812530735821088,0.04021244309559939,0.16,3.978867924528302
y_any,2,test,naive,sector,Power,57,21,0.3684210526315789,0.33458646616541354,0.33458646616541354,0.3928571428571428,0.2518000355430677,0.1595838786156226,0.04324734446130501,0.02,0.4624561403508772
y_any,2,test,naive,sector,Railways,128,52,0.40625,0.4671875,0.4671875,0.5789473684210527,0.2347514354156972,0.03739968286943471,0.09711684370257967,0.16,1.6475
y_any,2,test,naive,sector,Roads & Highways,907,527,0.5810363836824697,0.6511581092065685,0.6511581092065685,0.6184110656147008,0.2618406059116146,0.17152696961442354,0.6881638846737481,0.56,0.8137596471885337
y_any,2,test,naive,sector,Shipping & Ports,5,1,0.2,0.2,0.2,0.5,0.181857290478802,0.14784211334664416,0.0037936267071320183,0.0,0.0
y_any,2,test,naive,sector,Steel,8,3,0.375,0.3333333333333333,0.3333333333333333,0.36666666666666664,0.2573064059099497,0.1922262521085476,0.006069802731411229,0.0,0.0
y_any,2,test,naive,sector,Telecommunications,11,7,0.6363636363636364,0.6363636363636364,0.6363636363636364,0.125,0.34508979946177454,0.514922449628915,0.00834597875569044,0.0,0.0
y_any,2,test,naive,sector,Urban Development & Housing,26,4,0.15384615384615385,0.14835164835164835,0.14835164835164835,0.4772727272727273,0.20722677230774356,0.2663934617712339,0.019726858877086494,0.0,0.0
y_any,2,test,naive,sector,Water Resources,35,5,0.14285714285714285,0.14285714285714285,0.14285714285714285,0.4,0.18360163982930316,0.2280339712124319,0.026555386949924126,0.0,0.0
y_any,2,test,naive,cost_band,1000-5000 cr,489,296,0.6053169734151329,0.6431971299199575,0.6431971299199575,0.5698956728749475,0.27519246743275755,0.20220910680133924,0.37101669195751136,0.54,1.4554601226993866
y_any,2,test,naive,cost_band,500-1000 cr,301,147,0.4883720930232558,0.5808571767577463,0.5808571767577463,0.6349721706864564,0.24414133456375084,0.09050114089815763,0.2283763277693475,0.16,0.7005980066445183
y_any,2,test,naive,cost_band,over 5000 cr,70,19,0.2714285714285714,0.29097744360902256,0.29097744360902256,0.5402476780185759,0.20924586387267782,0.11098704300246864,0.05311077389984825,0.14,2.6360000000000006
y_any,2,test,naive,cost_band,under 500 cr,458,216,0.47161572052401746,0.5264251330969019,0.5264251330969019,0.5898377716559535,0.24603333839046884,0.06682210975790501,0.34749620637329287,0.16,0.4604366812227074
y_any,2,test,naive,age,due to 1.5x,460,283,0.6152173913043478,0.6491540920206492,0.6491540920206492,0.565900061887365,0.2687019321650747,0.18962665595390513,0.3490136570561457,0.28,0.8022608695652175
y_any,2,test,naive,age,half to due,443,176,0.3972911963882618,0.4087365970654627,0.4087365970654627,0.5207162921348314,0.24000523313173625,0.035385526891612354,0.33611532625189683,0.0,0.0
y_any,2,test,naive,age,over 1.5x schedule,334,212,0.6347305389221557,0.6466213875990672,0.6466213875990672,0.5248221466130528,0.27869383052491303,0.21322133494159404,0.2534142640364188,0.72,2.8411976047904193
y_any,2,test,naive,age,under half of schedule,78,6,0.07692307692307693,0.07692307692307693,0.07692307692307693,0.4722222222222222,0.150126834395591,0.2778140366398285,0.05918057663125948,0.0,0.0
y_any,2,test,naive,age,unknown,3,1,0.3333333333333333,0.3333333333333333,0.3333333333333333,0.5,0.22243272691969687,0.014508780013310907,0.002276176024279211,0.0,0.0
y_any,2,test,naive,freshness,4-6 months,1,1,1.0,,,,0.4253099091241713,0.6521578866533558,0.0007587253414264037,0.0,0.0
y_any,2,test,naive,freshness,current (3 months),843,453,0.5373665480427047,0.5911924698683717,0.5911924698683717,0.5935218203430125,0.2539569678815655,0.11567922775357523,0.6396054628224582,0.8,1.2507710557532623
y_any,2,test,naive,freshness,over 6 months,92,53,0.5760869565217391,0.6713858530260128,0.6713858530260128,0.662070633768747,0.2458407258829178,0.1470977946896466,0.06980273141122914,0.2,2.865217391304348
y_any,2,test,naive,freshness,unknown,382,171,0.4476439790575916,0.4476439790575916,0.4476439790575916,0.5,0.2572192594704641,0.09980186571094751,0.2898330804248862,0.0,0.0
y_any,2,test,naive,progress_reported,no,1,1,1.0,,,,0.4253099091241713,0.6521578866533558,0.0007587253414264037,0.0,0.0
y_any,2,test,naive,progress_reported,yes,1317,677,0.5140470766894457,0.5709717984965543,0.5709717984965543,0.5928983567208272,0.25433623980493963,0.11260772362072485,0.9992412746585736,1.0,1.0007593014426728
y_any,2,test,naive,pre_event,no revision yet,537,234,0.43575418994413406,0.43575418994413406,0.43575418994413406,0.5,0.2536010091019485,0.0879120765974899,0.40743550834597875,0.0,0.0
y_any,2,test,naive,pre_event,revised before,781,444,0.5685019206145967,0.6147034596330372,0.6147034596330372,0.5849139198545726,0.25506068610049076,0.13027880251254284,0.5925644916540213,1.0,1.6875800256081945
y_any,2,test,naive,on_schedule,behind or over,1030,594,0.5766990291262136,0.6068524259468959,0.6068524259468959,0.55644750254842,0.2670126007212084,0.16058637237613174,0.7814871016691958,1.0,1.279611650485437
y_any,2,test,naive,on_schedule,on schedule and cost,288,84,0.2916666666666667,0.2941468253968254,0.2941468253968254,0.5035014005602241,0.20959430204647553,0.057355052715322055,0.21851289833080426,0.0,0.0
y_any,2,test,naive,report,flash,1318,678,0.5144157814871017,0.5710765416277925,0.5710765416277925,0.5925377949852508,0.2544659618605688,0.11301709400238848,1.0,1.0,1.0
y_any,2,test,rule,sector,Civil Aviation,20,7,0.35,0.27615021717188903,0.27615021717188903,0.19780219780219777,0.2355648586348949,0.046248256248363206,0.015174506828528073,0.0,0.0
y_any,2,test,rule,sector,Coal,29,7,0.2413793103448276,0.19947971818286664,0.19947971818286664,0.3181818181818182,0.20320105690913992,0.12254150488082097,0.022003034901365705,0.0,0.0
y_any,2,test,rule,sector,Education,21,5,0.23809523809523808,0.31318860877684407,0.31318860877684407,0.6000000000000001,0.19251092049278098,0.11063321404832466,0.015933232169954476,0.0,0.0
y_any,2,test,rule,sector,Health,12,6,0.5,0.4805194805194805,0.4805194805194805,0.36111111111111116,0.2758090406246935,0.1427719040280294,0.009104704097116844,0.02,2.1966666666666668
y_any,2,test,rule,sector,Industry & Commerce,1,0,0.0,,,,0.14554169991022362,0.3814992790428622,0.0007587253414264037,0.0,0.0
y_any,2,test,rule,sector,Mines & Metals,5,2,0.4,0.5833333333333333,0.5833333333333333,0.6666666666666667,0.22951271285251518,0.032159734804924234,0.0037936267071320183,0.0,0.0
y_any,2,test,rule,sector,Petroleum & Natural Gas,53,31,0.5849056603773585,0.5473931364895945,0.5473931364895945,0.43548387096774194,0.2993002005133802,0.23128480574271681,0.04021244309559939,0.08,1.989433962264151
y_any,2,test,rule,sector,Power,57,21,0.3684210526315789,0.4864254889338772,0.4864254889338772,0.4708994708994709,0.2273944625287635,0.0758784575106743,0.04324734446130501,0.16,3.6996491228070174
y_any,2,test,rule,sector,Railways,128,52,0.40625,0.44275654501183265,0.44275654501183265,0.5427631578947368,0.24204510635774862,0.04340258894625489,0.09711684370257967,0.12,1.235625
y_any,2,test,rule,sector,Roads & Highways,907,527,0.5810363836824697,0.59224540076738,0.59224540076738,0.49493907919704383,0.29817885914006725,0.2336361988449169,0.6881638846737481,0.16,0.23250275633958103
y_any,2,test,rule,sector,Shipping & Ports,5,1,0.2,0.3333333333333333,0.3333333333333333,0.5,0.19092698871900787,0.15977595172387088,0.0037936267071320183,0.0,0.0
y_any,2,test,rule,sector,Steel,8,3,0.375,0.38690476190476186,0.38690476190476186,0.26666666666666666,0.24305175218621664,0.022898813616692354,0.006069802731411229,0.02,3.295
y_any,2,test,rule,sector,Telecommunications,11,7,0.6363636363636364,0.7919294990723562,0.7919294990723562,0.6785714285714285,0.31353986385912036,0.2935305979272383,0.00834597875569044,0.0,0.0
y_any,2,test,rule,sector,Urban Development & Housing,26,4,0.15384615384615385,0.12361111111111112,0.12361111111111112,0.23863636363636365,0.17650761689811298,0.20698247373976195,0.019726858877086494,0.0,0.0
y_any,2,test,rule,sector,Water Resources,35,5,0.14285714285714285,0.12327867383512546,0.12327867383512546,0.32,0.210483856370551,0.278473981957645,0.026555386949924126,0.44,16.569142857142857
y_any,2,test,rule,cost_band,1000-5000 cr,489,296,0.6053169734151329,0.5591589061696439,0.5591589061696439,0.44314521775661675,0.30406909555139267,0.24536568302879846,0.37101669195751136,0.6,1.6171779141104294
y_any,2,test,rule,cost_band,500-1000 cr,301,147,0.4883720930232558,0.4360938742429637,0.4360938742429637,0.41459051152928705,0.27374852481911116,0.1420476055021905,0.2283763277693475,0.06,0.26272425249169434
y_any,2,test,rule,cost_band,over 5000 cr,70,19,0.2714285714285714,0.2932246943133512,0.2932246943133512,0.5325077399380805,0.21189945764949497,0.11560303723390751,0.05311077389984825,0.32,6.025142857142858
y_any,2,test,rule,cost_band,under 500 cr,458,216,0.47161572052401746,0.4638372387679146,0.4638372387679146,0.46255165289256206,0.2661291037018978,0.12624234480562016,0.34749620637329287,0.02,0.05755458515283843
y_any,2,test,rule,age,due to 1.5x,460,283,0.6152173913043478,0.5536194996064211,0.5536194996064211,0.4303767143798287,0.3123611888478782,0.2660590271226897,0.3490136570561457,0.32,0.9168695652173913
y_any,2,test,rule,age,half to due,443,176,0.3972911963882618,0.35864352768750657,0.35864352768750657,0.4100165985699693,0.24474256340812636,0.05469571929140763,0.33611532625189683,0.06,0.178510158013544
y_any,2,test,rule,age,over 1.5x schedule,334,212,0.6347305389221557,0.5372964552366811,0.5372964552366811,0.361313021961027,0.3101544407599831,0.27034350138745467,0.2534142640364188,0.6,2.367664670658683
y_any,2,test,rule,age,under half of schedule,78,6,0.07692307692307693,0.08786877245210578,0.08786877245210578,0.44444444444444453,0.14590659121335614,0.27312883119371967,0.05918057663125948,0.0,0.0
y_any,2,test,rule,age,unknown,3,1,0.3333333333333333,0.5,0.5,0.5,0.24292847927241337,0.25049534374092264,0.002276176024279211,0.02,8.786666666666667
y_any,2,test,rule,freshness,4-6 months,1,1,1.0,,,,0.45630975306811533,0.6755070340626479,0.0007587253414264037,0.0,0.0
y_any,2,test,rule,freshness,current (3 months),843,453,0.5373665480427047,0.4659594109441254,0.4659594109441254,0.4081111677138167,0.28797774644767665,0.188816879861701,0.6396054628224582,0.9,1.40711743772242
y_any,2,test,rule,freshness,over 6 months,92,53,0.5760869565217391,0.6726564760325312,0.6726564760325312,0.5611998064828254,0.29359148141514596,0.22790549242995628,0.06980273141122914,0.04,0.5730434782608695
y_any,2,test,rule,freshness,unknown,382,171,0.4476439790575916,0.5394256098604016,0.5394256098604016,0.5387738699038275,0.25543512808236735,0.09868889964492673,0.2898330804248862,0.06,0.2070157068062827
y_any,2,test,rule,progress_reported,no,1,1,1.0,,,,0.4098865669395715,0.6402238412770735,0.0007587253414264037,0.0,0.0
y_any,2,test,rule,progress_reported,yes,1317,677,0.5140470766894457,0.4787356390747929,0.4787356390747929,0.4527868814623338,0.27896605820742426,0.1607743546599291,0.9992412746585736,1.0,1.0007593014426728
y_any,2,test,rule,pre_event,no revision yet,537,234,0.43575418994413406,0.464749308958757,0.464749308958757,0.5210501819412711,0.2541494934742388,0.09180328948544975,0.40743550834597875,0.38,0.9326629422718808
y_any,2,test,rule,pre_event,revised before,781,444,0.5685019206145967,0.49775631317601415,0.49775631317601415,0.3949728660411153,0.2961970643155583,0.21282436267094074,0.5925644916540213,0.62,1.0462996158770805
y_any,2,test,rule,on_schedule,behind or over,1030,594,0.5766990291262136,0.5111054446821235,0.5111054446821235,0.4148364377722176,0.2980643802243227,0.21949940104888274,0.7814871016691958,1.0,1.279611650485437
y_any,2,test,rule,on_schedule,on schedule and cost,288,84,0.2916666666666667,0.24551094771903959,0.24551094771903959,0.3881010737628385,0.21111761664953102,0.04758449358314415,0.21851289833080426,0.0,0.0
y_any,2,test,rule,report,flash,1318,678,0.5144157814871017,0.479253335540485,0.479253335540485,0.4531768528761062,0.2790653909151118,0.16113812513535947,1.0,1.0,1.0
y_any,2,test,logreg,sector,Civil Aviation,20,7,0.35,0.3520208083233294,0.3520208083233294,0.4835164835164835,0.2562489925395154,0.15668226185306328,0.015174506828528073,0.0,0.0
y_any,2,test,logreg,sector,Coal,29,7,0.2413793103448276,0.49542124542124544,0.49542124542124544,0.7077922077922078,0.16760127270111813,0.09688467050885242,0.022003034901365705,0.0,0.0
y_any,2,test,logreg,sector,Education,21,5,0.23809523809523808,0.311146761734997,0.311146761734997,0.5125,0.37241649382582914,0.4321088105893317,0.015933232169954476,0.04,2.5104761904761905
y_any,2,test,logreg,sector,Health,12,6,0.5,0.7801587301587302,0.7801587301587302,0.8055555555555556,0.26932670683876203,0.35270287710722004,0.009104704097116844,0.0,0.0
y_any,2,test,logreg,sector,Industry & Commerce,1,0,0.0,,,,0.04602184100379987,0.21452701695544057,0.0007587253414264037,0.0,0.0
y_any,2,test,logreg,sector,Mines & Metals,5,2,0.4,0.45,0.45,0.33333333333333337,0.32109821219723883,0.4017532524607673,0.0037936267071320183,0.0,0.0
y_any,2,test,logreg,sector,Petroleum & Natural Gas,53,31,0.5849056603773585,0.7377013043255365,0.7377013043255365,0.626099706744868,0.25823439711193347,0.1321327094498259,0.04021244309559939,0.04,0.9947169811320755
y_any,2,test,logreg,sector,Power,57,21,0.3684210526315789,0.6112104574304509,0.6112104574304509,0.6613756613756614,0.23515305385794824,0.19286411344278742,0.04324734446130501,0.04,0.9249122807017544
y_any,2,test,logreg,sector,Railways,128,52,0.40625,0.5080752258061483,0.5080752258061483,0.6487854251012146,0.23033427924710503,0.09537118400679975,0.09711684370257967,0.02,0.2059375
y_any,2,test,logreg,sector,Roads & Highways,907,527,0.5810363836824697,0.7551507545993711,0.7551507545993711,0.7493258763607311,0.2273191226698414,0.17433010050939593,0.6881638846737481,0.74,1.0753252480705622
y_any,2,test,logreg,sector,Shipping & Ports,5,1,0.2,0.3333333333333333,0.3333333333333333,0.5,0.16438287280572025,0.36246288958590644,0.0037936267071320183,0.0,0.0
y_any,2,test,logreg,sector,Steel,8,3,0.375,1.0,1.0,1.0,0.1821422347141769,0.24836368758426844,0.006069802731411229,0.0,0.0
y_any,2,test,logreg,sector,Telecommunications,11,7,0.6363636363636364,0.47197485054627913,0.47197485054627913,0.03571428571428571,0.3029965937309486,0.29232823272151537,0.00834597875569044,0.12,14.378181818181819
y_any,2,test,logreg,sector,Urban Development & Housing,26,4,0.15384615384615385,0.6349206349206349,0.6349206349206349,0.8863636363636364,0.24803363762584635,0.3755999904684681,0.019726858877086494,0.0,0.0
y_any,2,test,logreg,sector,Water Resources,35,5,0.14285714285714285,0.7066666666666666,0.7066666666666666,0.8133333333333334,0.190615733150969,0.3564670095334516,0.026555386949924126,0.0,0.0
y_any,2,test,logreg,cost_band,1000-5000 cr,489,296,0.6053169734151329,0.7819483800737532,0.7819483800737532,0.7268589833356673,0.22098970608411744,0.13478686848758178,0.37101669195751136,0.32,0.8624948875255625
y_any,2,test,logreg,cost_band,500-1000 cr,301,147,0.4883720930232558,0.6583160488416959,0.6583160488416959,0.7346055305238979,0.21894807563061106,0.11045020803252924,0.2283763277693475,0.1,0.4378737541528239
y_any,2,test,logreg,cost_band,over 5000 cr,70,19,0.2714285714285714,0.47099898285162217,0.47099898285162217,0.7058823529411764,0.23191294164542456,0.23532285250232796,0.05311077389984825,0.1,1.882857142857143
y_any,2,test,logreg,cost_band,under 500 cr,458,216,0.47161572052401746,0.5819221078538567,0.5819221078538567,0.6426002448729722,0.24884753862825906,0.1177833380190122,0.34749620637329287,0.48,1.3813100436681223
y_any,2,test,logreg,age,due to 1.5x,460,283,0.6152173913043478,0.73865606357828,0.73865606357828,0.6591403645365436,0.22999055499481702,0.08790937638952954,0.3490136570561457,0.18,0.5157391304347826
y_any,2,test,logreg,age,half to due,443,176,0.3972911963882618,0.5162700839574285,0.5162700839574285,0.6728804902962207,0.2421074449719885,0.15794275155250256,0.33611532625189683,0.04,0.11900677200902934
y_any,2,test,logreg,age,over 1.5x schedule,334,212,0.6347305389221557,0.6706920653692829,0.6706920653692829,0.546203216826477,0.2497488630631917,0.15029337316924932,0.2534142640364188,0.78,3.0779640718562877
y_any,2,test,logreg,age,under half of schedule,78,6,0.07692307692307693,0.0827495774665586,0.0827495774665586,0.3912037037037037,0.08571140509592802,0.09373963218226744,0.05918057663125948,0.0,0.0
y_any,2,test,logreg,age,unknown,3,1,0.3333333333333333,0.5,0.5,0.5,0.340850788691537,0.564421461560158,0.002276176024279211,0.0,0.0
y_any,2,test,logreg,freshness,4-6 months,1,1,1.0,,,,0.2559385127780556,0.5059036595816002,0.0007587253414264037,0.0,0.0
y_any,2,test,logreg,freshness,current (3 months),843,453,0.5373665480427047,0.6520768044870416,0.6520768044870416,0.6536027622120337,0.23580854644671081,0.061045176645279337,0.6396054628224582,0.86,1.3445788849347569
y_any,2,test,logreg,freshness,over 6 months,92,53,0.5760869565217391,0.7690586960257967,0.7690586960257967,0.7687469762941461,0.1972249602300235,0.17512537077247095,0.06980273141122914,0.08,1.146086956521739
y_any,2,test,logreg,freshness,unknown,382,171,0.4476439790575916,0.7536195817567904,0.7536195817567904,0.8164685014273441,0.22771250297997986,0.21025525735391548,0.2898330804248862,0.06,0.2070157068062827
y_any,2,test,logreg,progress_reported,no,1,1,1.0,,,,0.14355123264923075,0.37888155490763964,0.0007587253414264037,0.0,0.0
y_any,2,test,logreg,progress_reported,yes,1317,677,0.5140470766894457,0.6634089604927302,0.6634089604927302,0.6938515509601182,0.23085031466531547,0.09277821778209491,0.9992412746585736,1.0,1.0007593014426728
y_any,2,test,logreg,pre_event,no revision yet,537,234,0.43575418994413406,0.6511273759467473,0.6511273759467473,0.7532509661222533,0.23384507841174024,0.1768898643647501,0.40743550834597875,0.12,0.2945251396648045
y_any,2,test,logreg,pre_event,revised before,781,444,0.5685019206145967,0.6834149035007899,0.6834149035007899,0.6619750314112333,0.2286793963377276,0.058071560380797665,0.5925644916540213,0.88,1.4850704225352112
y_any,2,test,logreg,on_schedule,behind or over,1030,594,0.5766990291262136,0.6824581771463427,0.6824581771463427,0.6434992123065517,0.2390046366960846,0.08909543438604797,0.7814871016691958,0.98,1.2540194174757282
y_any,2,test,logreg,on_schedule,on schedule and cost,288,84,0.2916666666666667,0.4505230175733618,0.4505230175733618,0.7141106442577031,0.20138416614549504,0.10936682963617796,0.21851289833080426,0.02,0.09152777777777778
y_any,2,test,logreg,report,flash,1318,678,0.5144157814871017,0.6638563127203038,0.6638563127203038,0.6941002949852507,0.23078407863950667,0.09299529163423872,1.0,1.0,1.0
y_any,2,test,lightgbm,sector,Civil Aviation,20,7,0.35,0.4926046176046176,0.4926046176046176,0.6923076923076923,0.2338726005749372,0.2098715775638425,0.015174506828528073,0.0,0.0
y_any,2,test,lightgbm,sector,Coal,29,7,0.2413793103448276,0.5153061224489797,0.5153061224489797,0.7337662337662337,0.1948229424900024,0.21627099584986625,0.022003034901365705,0.0,0.0
y_any,2,test,lightgbm,sector,Education,21,5,0.23809523809523808,0.27146853146853145,0.27146853146853145,0.5375,0.3132969488016311,0.3588735998570243,0.015933232169954476,0.0,0.0
y_any,2,test,lightgbm,sector,Health,12,6,0.5,0.9583333333333333,0.9583333333333333,0.9444444444444445,0.1629775403944819,0.24988840532866816,0.009104704097116844,0.0,0.0
y_any,2,test,lightgbm,sector,Industry & Commerce,1,0,0.0,,,,0.008048859386589235,0.08971543560942696,0.0007587253414264037,0.0,0.0
y_any,2,test,lightgbm,sector,Mines & Metals,5,2,0.4,0.8333333333333333,0.8333333333333333,0.8333333333333334,0.3205197711774326,0.3123153180959511,0.0037936267071320183,0.0,0.0
y_any,2,test,lightgbm,sector,Petroleum & Natural Gas,53,31,0.5849056603773585,0.7946339832516768,0.7946339832516768,0.7038123167155425,0.2224772831058378,0.15411092700949555,0.04021244309559939,0.0,0.0
y_any,2,test,lightgbm,sector,Power,57,21,0.3684210526315789,0.7401085888319958,0.7401085888319958,0.8293650793650793,0.1702405235626763,0.11952477802731652,0.04324734446130501,0.0,0.0
y_any,2,test,lightgbm,sector,Railways,128,52,0.40625,0.5978039370673873,0.5978039370673873,0.6720647773279352,0.22192383136627314,0.07940496116187046,0.09711684370257967,0.0,0.0
y_any,2,test,lightgbm,sector,Roads & Highways,907,527,0.5810363836824697,0.8473524920729412,0.8473524920729412,0.8306551483072006,0.18213221388722892,0.12188980946570795,0.6881638846737481,1.0,1.4531422271223815
y_any,2,test,lightgbm,sector,Shipping & Ports,5,1,0.2,0.5,0.5,0.75,0.16406030182246925,0.31351479715780683,0.0037936267071320183,0.0,0.0
y_any,2,test,lightgbm,sector,Steel,8,3,0.375,0.9166666666666666,0.9166666666666666,0.9333333333333333,0.12683853703065667,0.2383983935010179,0.006069802731411229,0.0,0.0
y_any,2,test,lightgbm,sector,Telecommunications,11,7,0.6363636363636364,0.6663265306122448,0.6663265306122448,0.5357142857142857,0.2562192539113827,0.3406952626828133,0.00834597875569044,0.0,0.0
y_any,2,test,lightgbm,sector,Urban Development & Housing,26,4,0.15384615384615385,0.5041208791208791,0.5041208791208791,0.75,0.27192371791088066,0.40830846992326053,0.019726858877086494,0.0,0.0
y_any,2,test,lightgbm,sector,Water Resources,35,5,0.14285714285714285,0.1523533655886597,0.1523533655886597,0.48,0.3091361901593472,0.36989740051511805,0.026555386949924126,0.0,0.0
y_any,2,test,lightgbm,cost_band,1000-5000 cr,489,296,0.6053169734151329,0.8342464666152916,0.8342464666152916,0.7960019605097326,0.1877711789414283,0.09060782118298782,0.37101669195751136,0.66,1.7788957055214727
y_any,2,test,lightgbm,cost_band,500-1000 cr,301,147,0.4883720930232558,0.7805154042100069,0.7805154042100069,0.7987454722148599,0.19080574918044327,0.08443148658656977,0.2283763277693475,0.24,1.0508970099667774
y_any,2,test,lightgbm,cost_band,over 5000 cr,70,19,0.2714285714285714,0.6451598724842047,0.6451598724842047,0.7595459236326109,0.20383676533752007,0.18545311026527808,0.05311077389984825,0.0,0.0
y_any,2,test,lightgbm,cost_band,under 500 cr,458,216,0.47161572052401746,0.702756802673231,0.702756802673231,0.7534817875726966,0.20652860276676135,0.07602593476327724,0.34749620637329287,0.1,0.28777292576419217
y_any,2,test,lightgbm,age,due to 1.5x,460,283,0.6152173913043478,0.8385857172512585,0.8385857172512585,0.7592781138328243,0.193797826269505,0.08762504774053959,0.3490136570561457,0.6,1.7191304347826086
y_any,2,test,lightgbm,age,half to due,443,176,0.3972911963882618,0.6842662307880383,0.6842662307880383,0.7670241743275451,0.20223357774372713,0.11630836424129885,0.33611532625189683,0.06,0.178510158013544
y_any,2,test,lightgbm,age,over 1.5x schedule,334,212,0.6347305389221557,0.7641301889726607,0.7641301889726607,0.6740256727497681,0.21878574770311957,0.08526551615634984,0.2534142640364188,0.34,1.341676646706587
y_any,2,test,lightgbm,age,under half of schedule,78,6,0.07692307692307693,0.28787878787878785,0.28787878787878785,0.8148148148148149,0.06515187885939569,0.03532502333248084,0.05918057663125948,0.0,0.0
y_any,2,test,lightgbm,age,unknown,3,1,0.3333333333333333,0.3333333333333333,0.3333333333333333,0.0,0.40618311271891533,0.6319804194732773,0.002276176024279211,0.0,0.0
y_any,2,test,lightgbm,freshness,4-6 months,1,1,1.0,,,,0.35518833377656267,0.5959767896290615,0.0007587253414264037,0.0,0.0
y_any,2,test,lightgbm,freshness,current (3 months),843,453,0.5373665480427047,0.7561122683756996,0.7561122683756996,0.7279107941359596,0.21294261558539668,0.06342024461351363,0.6396054628224582,0.78,1.2195017793594307
y_any,2,test,lightgbm,freshness,over 6 months,92,53,0.5760869565217391,0.8442195172564286,0.8442195172564286,0.8451862602806,0.16412567387845745,0.12105898850812559,0.06980273141122914,0.14,2.0056521739130435
y_any,2,test,lightgbm,freshness,unknown,382,171,0.4476439790575916,0.852508563526636,0.852508563526636,0.8825697735650342,0.16530349575233222,0.1316435998281098,0.2898330804248862,0.08,0.27602094240837693
y_any,2,test,lightgbm,progress_reported,no,1,1,1.0,,,,0.3069804299570268,0.554058146729228,0.0007587253414264037,0.0,0.0
y_any,2,test,lightgbm,progress_reported,yes,1317,677,0.5140470766894457,0.7776334407655512,0.7776334407655512,0.7812938515509601,0.19575119986068182,0.0640826415564065,0.9992412746585736,1.0,1.0007593014426728
y_any,2,test,lightgbm,pre_event,no revision yet,537,234,0.43575418994413406,0.7759135844749783,0.7759135844749783,0.8273250401963272,0.1830937086949049,0.10106470317325982,0.40743550834597875,0.1,0.24543761638733708
y_any,2,test,lightgbm,pre_event,revised before,781,444,0.5685019206145967,0.7847925076807155,0.7847925076807155,0.7441187478279465,0.20459665694918183,0.052577228263575096,0.5925644916540213,0.9,1.5188220230473752
y_any,2,test,lightgbm,on_schedule,behind or over,1030,594,0.5766990291262136,0.7941476640534211,0.7941476640534211,0.7526333673122664,0.2020811235710282,0.06285323800811796,0.7814871016691958,0.96,1.2284271844660193
y_any,2,test,lightgbm,on_schedule,on schedule and cost,288,84,0.2916666666666667,0.6111144093579038,0.6111144093579038,0.8082399626517274,0.1734991436399858,0.108961067333756,0.21851289833080426,0.04,0.18305555555555555
y_any,2,test,lightgbm,report,flash,1318,678,0.5144157814871017,0.7776658260179532,0.7776658260179532,0.781190081120944,0.19583559229626327,0.0644543983888593,1.0,1.0,1.0
y_any,2,flash,naive,sector,Civil Aviation,60,30,0.5,0.5530026497085321,0.5367965367965367,0.5305555555555556,0.261250569052626,0.09567947112762777,0.0234009360374415,0.04666666666666667,1.9942222222222223
y_any,2,flash,naive,sector,Coal,94,30,0.3191489361702128,0.27215395507010026,0.29757598723115963,0.3234375,0.23967415390094154,0.1290930556168506,0.036661466458658344,0.1,2.7276595744680856
y_any,2,flash,naive,sector,Education,60,18,0.3,0.3131493506493507,0.31763227513227515,0.4993386243386243,0.21601494463651652,0.0793804584582707,0.0234009360374415,0.013333333333333334,0.5697777777777778
y_any,2,flash,naive,sector,Health,29,16,0.5517241379310345,0.5609871534820825,0.5297619047619048,0.5024038461538461,0.274913231529806,0.17589323041507085,0.011310452418096724,0.0,0.0
y_any,2,flash,naive,sector,Industry & Commerce,1,0,0.0,,,,0.12099413581745964,0.34784211334664417,0.000390015600624025,0.0,0.0
y_any,2,flash,naive,sector,Mines & Metals,15,6,0.4,0.36190476190476195,0.4000000000000001,0.3333333333333333,0.2654503512790967,0.2188222274802591,0.005850234009360375,0.013333333333333334,2.2791111111111113
y_any,2,flash,naive,sector,Petroleum & Natural Gas,254,126,0.49606299212598426,0.5855647157939948,0.557897933166719,0.6233258928571428,0.2543589191280286,0.1078206163179943,0.09906396255850235,0.11333333333333333,1.144041994750656
y_any,2,flash,naive,sector,Power,149,70,0.4697986577181208,0.5209137030943103,0.5061335347675087,0.540144665461121,0.255967418229768,0.06434415216698924,0.05811232449297972,0.04,0.6883221476510067
y_any,2,flash,naive,sector,Railways,452,116,0.25663716814159293,0.276108096741137,0.2933272873846426,0.5666050903119869,0.20975374024477353,0.13352691511852174,0.17628705148205928,0.38666666666666666,2.193392330383481
y_any,2,flash,naive,sector,Roads & Highways,1191,788,0.6616288832913518,0.7200440703490077,0.7822496336330182,0.5557604136489023,0.2806198085845673,0.2521926726317013,0.46450858034321374,0.26666666666666666,0.5740834033025468
y_any,2,flash,naive,sector,Shipping & Ports,15,2,0.13333333333333333,0.15,0.18333333333333335,0.5384615384615385,0.1689981521887773,0.22327816341592016,0.005850234009360375,0.0,0.0
y_any,2,flash,naive,sector,Steel,16,6,0.375,0.31527777777777777,0.3611111111111111,0.31666666666666665,0.260520349480885,0.21398240848375383,0.0062402496099844,0.013333333333333334,2.1366666666666667
y_any,2,flash,naive,sector,Telecommunications,36,24,0.6666666666666666,0.7478983918128654,0.7147327980661314,0.5833333333333333,0.3054033435270172,0.2774852531313136,0.014040561622464899,0.0,0.0
y_any,2,flash,naive,sector,Urban Development & Housing,78,35,0.44871794871794873,0.4866701925525455,0.483974358974359,0.40365448504983387,0.261462346464899,0.13046975195858682,0.030421216848673948,0.006666666666666667,0.21914529914529915
y_any,2,flash,naive,sector,Water Resources,114,26,0.22807017543859648,0.22280808436414842,0.2323972323972324,0.4423076923076923,0.20000686421811084,0.13970175459561132,0.044461778471138844,0.0,0.0
y_any,2,flash,naive,cost_band,1000-5000 cr,932,515,0.5525751072961373,0.6131709232293457,0.5679500517368755,0.6061931037694117,0.26199565001983266,0.14799535512912604,0.36349453978159124,0.47333333333333333,1.3021745350500715
y_any,2,flash,naive,cost_band,500-1000 cr,536,254,0.47388059701492535,0.5118760817533097,0.4865651255975503,0.5560884011838946,0.24887806737480284,0.07973907818254777,0.20904836193447737,0.15333333333333332,0.7334825870646766
y_any,2,flash,naive,cost_band,over 5000 cr,240,80,0.3333333333333333,0.392275641025641,0.37727564234460953,0.5694531249999999,0.22060690706754738,0.05853763687017488,0.093603744149766,0.22666666666666666,2.4215555555555555
y_any,2,flash,naive,cost_band,under 500 cr,856,444,0.5186915887850467,0.5353373529148264,0.53025441719663,0.5048270357736376,0.2632968971449216,0.12250735800145326,0.3338533541341654,0.14666666666666667,0.43931464174454826
y_any,2,flash,naive,age,due to 1.5x,922,553,0.5997830802603037,0.6460942234783306,0.6050226788356996,0.5759150629480978,0.26984362092187475,0.18631405820228436,0.359594383775351,0.24,0.6674186550976139
y_any,2,flash,naive,age,half to due,792,277,0.34974747474747475,0.36233478999240254,0.3355113060856558,0.5376607900178753,0.23062088712492562,0.031057105356837922,0.3088923556942278,0.26,0.8417171717171716
y_any,2,flash,naive,age,over 1.5x schedule,665,429,0.6451127819548872,0.6757990667020037,0.6357104138063724,0.5442199043893959,0.28566725392926107,0.23865515689607153,0.2593603744149766,0.5,1.9278195488721803
y_any,2,flash,naive,age,under half of schedule,166,21,0.12650602409638553,0.1531179663709784,0.18597514852359812,0.5157635467980295,0.17004515443574558,0.2457915335083462,0.06474258970358815,0.0,0.0
y_any,2,flash,naive,age,unknown,19,13,0.6842105263157895,0.6572199730094468,0.5474747474747474,0.3717948717948718,0.3296111048126657,0.336866499642127,0.0074102964118564745,0.0,0.0
y_any,2,flash,naive,freshness,4-6 months,702,378,0.5384615384615384,0.6134766039865869,0.6129289156362225,0.6178310144359527,0.2563566383926486,0.13912577122621644,0.27379095163806555,0.32666666666666666,1.1931244064577398
y_any,2,flash,naive,freshness,current (3 months),1202,591,0.49168053244592347,0.5130041738174099,0.4841692168475969,0.539727112359146,0.25122816875810244,0.07301337919502517,0.46879875195007803,0.6,1.2798668885191347
y_any,2,flash,naive,freshness,over 6 months,93,53,0.5698924731182796,0.6612854920828141,0.6713858530260128,0.6455188679245283,0.245723514497841,0.14030420371767968,0.03627145085803432,0.07333333333333333,2.0217921146953404
y_any,2,flash,naive,freshness,unknown,567,271,0.47795414462081126,0.45882854199604906,0.5192517581151006,0.4590792360626309,0.26651761152815673,0.13030501789845395,0.22113884555382216,0.0,0.0
y_any,2,flash,naive,progress_reported,no,1,1,1.0,,,,0.4253099091241713,0.6521578866533558,0.000390015600624025,0.0,0.0
y_any,2,flash,naive,progress_reported,yes,2563,1292,0.5040967616074912,0.5458117511050642,0.5217276659711247,0.563385282060151,0.255747593318189,0.10567183948495504,0.999609984399376,1.0,1.000390167772142
y_any,2,flash,naive,pre_event,no revision yet,890,378,0.4247191011235955,0.4315503465839289,0.4128882823753826,0.5136253720238095,0.2502711901437492,0.0771115852008058,0.3471138845553822,0.0,0.0
y_any,2,flash,naive,pre_event,revised before,1674,915,0.546594982078853,0.572837278529882,0.5489989341377647,0.5463379338646623,0.2587604733307681,0.12118265929383268,0.6528861154446178,1.0,1.5316606929510155
y_any,2,flash,naive,on_schedule,behind or over,2055,1162,0.5654501216545013,0.5894822375459767,0.564858907770121,0.5411273955203313,0.26871283738590884,0.15659492577890635,0.8014820592823713,0.96,1.1977810218978102
y_any,2,flash,naive,on_schedule,on schedule and cost,509,131,0.25736738703339884,0.26507583538083196,0.24568634898455577,0.5190435801122824,0.20373577751591337,0.09884772100011663,0.1985179407176287,0.04,0.20149312377210216
y_any,2,flash,naive,report,flash,2564,1293,0.5042901716068643,0.5459244979132628,0.5217625803482041,0.563353602250939,0.25581372526663126,0.1058849775688741,1.0,1.0,1.0
y_any,2,flash,rule,sector,Civil Aviation,60,30,0.5,0.4564596409206452,0.48553284938411356,0.3844444444444445,0.27671405940869664,0.16034570173846388,0.0234009360374415,0.0,0.0
y_any,2,flash,rule,sector,Coal,94,30,0.3191489361702128,0.34613008390040784,0.33754942494026596,0.4109375,0.2228784936587752,0.045797923388257306,0.036661466458658344,0.0,0.0
y_any,2,flash,rule,sector,Education,60,18,0.3,0.2568986238946145,0.30579588547274306,0.3888888888888889,0.2152551566212567,0.04860772777812133,0.0234009360374415,0.0,0.0
y_any,2,flash,rule,sector,Health,29,16,0.5517241379310345,0.5051730257767075,0.45481304409875845,0.3653846153846154,0.2902922302156849,0.1941422692214444,0.011310452418096724,0.013333333333333334,1.1788505747126437
y_any,2,flash,rule,sector,Industry & Commerce,1,0,0.0,,,,0.14554169991022362,0.3814992790428622,0.000390015600624025,0.0,0.0
y_any,2,flash,rule,sector,Mines & Metals,15,6,0.4,0.6357142857142858,0.861111111111111,0.8055555555555556,0.2273217112472405,0.03274559271645783,0.005850234009360375,0.0,0.0
y_any,2,flash,rule,sector,Petroleum & Natural Gas,254,126,0.49606299212598426,0.5517036700533233,0.5629984838200203,0.540984623015873,0.2687957467940734,0.142169123912965,0.09906396255850235,0.06666666666666667,0.6729658792650918
y_any,2,flash,rule,sector,Power,149,70,0.4697986577181208,0.4229002105048222,0.47327133736775956,0.40705244122965645,0.264061735331662,0.09867669452526218,0.05811232449297972,0.15333333333333332,2.638568232662192
y_any,2,flash,rule,sector,Railways,452,116,0.25663716814159293,0.28116637751329876,0.3119262938983586,0.5236170977011494,0.20152179170682794,0.10633982343774752,0.17628705148205928,0.18666666666666668,1.0588790560471977
y_any,2,flash,rule,sector,Roads & Highways,1191,788,0.6616288832913518,0.6750624045685828,0.7573580801075357,0.4956260785227544,0.32262448481901557,0.3140645936751904,0.46450858034321374,0.09333333333333334,0.20092919115589142
y_any,2,flash,rule,sector,Shipping & Ports,15,2,0.13333333333333333,0.25757575757575757,0.6666666666666666,0.5769230769230769,0.16457134910695193,0.2298805375256342,0.005850234009360375,0.0,0.0
y_any,2,flash,rule,sector,Steel,16,6,0.375,0.29302503052503054,0.37896825396825395,0.19999999999999998,0.2536671121733485,0.07679863585787308,0.0062402496099844,0.02,3.205
y_any,2,flash,rule,sector,Telecommunications,36,24,0.6666666666666666,0.5718250751194323,0.6509120178763036,0.3506944444444444,0.33315933481377397,0.366328086663404,0.014040561622464899,0.013333333333333334,0.9496296296296297
y_any,2,flash,rule,sector,Urban Development & Housing,78,35,0.44871794871794873,0.3936731438997811,0.39445295027626276,0.32691029900332225,0.2616050233353301,0.09759871473172264,0.030421216848673948,0.0,0.0
y_any,2,flash,rule,sector,Water Resources,114,26,0.22807017543859648,0.15630801297268146,0.1777256825492686,0.25109265734265734,0.23226136052828522,0.23573835017615763,0.044461778471138844,0.4533333333333333,10.196023391812865
y_any,2,flash,rule,cost_band,1000-5000 cr,932,515,0.5525751072961373,0.47935707371094616,0.4597355055281966,0.4116365160298946,0.29119958266565643,0.21405250706335247,0.36349453978159124,0.56,1.5406008583690989
y_any,2,flash,rule,cost_band,500-1000 cr,536,254,0.47388059701492535,0.42269724389711893,0.4249504095840138,0.4180767297704808,0.26873682647927855,0.12135354542545122,0.20904836193447737,0.1,0.4783582089552239
y_any,2,flash,rule,cost_band,over 5000 cr,240,80,0.3333333333333333,0.3063871509526822,0.3233010019989943,0.4421875,0.2299420019984368,0.05009919939419056,0.093603744149766,0.3333333333333333,3.561111111111111
y_any,2,flash,rule,cost_band,under 500 cr,856,444,0.5186915887850467,0.5094240338112701,0.49768192505214265,0.4652704889355375,0.28057527969601154,0.17214739161007636,0.3338533541341654,0.006666666666666667,0.01996884735202492
y_any,2,flash,rule,age,due to 1.5x,922,553,0.5997830802603037,0.5003872748304886,0.48100354756376484,0.36783839809465,0.3099008991194094,0.26054582232341666,0.359594383775351,0.36,1.0011279826464208
y_any,2,flash,rule,age,half to due,792,277,0.34974747474747475,0.3053383218729924,0.3161203315889933,0.4137114016333111,0.23042616907040242,0.014195969233287356,0.3088923556942278,0.08666666666666667,0.2805723905723906
y_any,2,flash,rule,age,over 1.5x schedule,665,429,0.6451127819548872,0.5193551545123574,0.5203383008738962,0.2967484492908222,0.3156399496395082,0.2747897815021971,0.2593603744149766,0.5333333333333333,2.0563408521303255
y_any,2,flash,rule,age,under half of schedule,166,21,0.12650602409638553,0.1909636701804816,0.2515263576773955,0.6082101806239737,0.1598181409700706,0.22391217708725947,0.06474258970358815,0.013333333333333334,0.2059437751004016
y_any,2,flash,rule,age,unknown,19,13,0.6842105263157895,0.75919446051025,0.73993265993266,0.6282051282051282,0.32331248071247065,0.36994197718906535,0.0074102964118564745,0.006666666666666667,0.8996491228070176
y_any,2,flash,rule,freshness,4-6 months,702,378,0.5384615384615384,0.4397068675856405,0.4394157084928451,0.3620950094715527,0.2911834962246811,0.2113456697085423,0.27379095163806555,0.32,1.1687749287749287
y_any,2,flash,rule,freshness,current (3 months),1202,591,0.49168053244592347,0.43673550068657685,0.4370022146101509,0.4205056203112148,0.27298248391607716,0.13424931231357112,0.46879875195007803,0.46,0.9812312811980033
y_any,2,flash,rule,freshness,over 6 months,93,53,0.5698924731182796,0.6421526491975681,0.6726564760325312,0.5481132075471697,0.29210784663661366,0.22121318925477462,0.03627145085803432,0.013333333333333334,0.3675985663082438
y_any,2,flash,rule,freshness,unknown,567,271,0.47795414462081126,0.48538330299169996,0.535525352187289,0.5109890794853894,0.26648620843499105,0.13378421890944897,0.22113884555382216,0.20666666666666667,0.9345561434450324
y_any,2,flash,rule,progress_reported,no,1,1,1.0,,,,0.4098865669395715,0.6402238412770735,0.000390015600624025,0.0,0.0
y_any,2,flash,rule,progress_reported,yes,2563,1292,0.5040967616074912,0.44597221876183835,0.4375753104748023,0.4264979916352644,0.27717112109627634,0.15761459782358014,0.999609984399376,1.0,1.000390167772142
y_any,2,flash,rule,pre_event,no revision yet,890,378,0.4247191011235955,0.4092257777569784,0.39637624239678654,0.4894489914021164,0.2533414825102252,0.10530726486296042,0.3471138845553822,0.43333333333333335,1.2483895131086142
y_any,2,flash,rule,pre_event,revised before,1674,915,0.546594982078853,0.4706088086586484,0.46940328991965696,0.3871343513538809,0.2899196836933067,0.1881342038314481,0.6528861154446178,0.5666666666666667,0.8679410593389087
y_any,2,flash,rule,on_schedule,behind or over,2055,1162,0.5654501216545013,0.4737110637001149,0.46453347882655854,0.37429914828085337,0.2962580453986973,0.21724503759899455,0.8014820592823713,1.0,1.2476885644768856
y_any,2,flash,rule,on_schedule,on schedule and cost,509,131,0.25736738703339884,0.20671618777941586,0.199422542484572,0.37702451633749345,0.2003716829909093,0.08493565284495491,0.1985179407176287,0.0,0.0
y_any,2,flash,rule,report,flash,2564,1293,0.5042901716068643,0.4462151871379968,0.43774787596336634,0.42666527930154685,0.277222882190599,0.15780282295753237,1.0,1.0,1.0
y_any,2,flash,logreg,sector,Civil Aviation,60,30,0.5,0.5415629217249168,0.6122986458834434,0.5955555555555555,0.25184481067766845,0.15954797603547285,0.0234009360374415,0.02,0.8546666666666667
y_any,2,flash,logreg,sector,Coal,94,30,0.3191489361702128,0.5859602249420777,0.6339078030722592,0.7265625,0.19120204168193652,0.05666299762218193,0.036661466458658344,0.006666666666666667,0.1818439716312057
y_any,2,flash,logreg,sector,Education,60,18,0.3,0.3511445057769951,0.4530674390968508,0.5793650793650794,0.27937526730929146,0.26915255274294714,0.0234009360374415,0.06666666666666667,2.848888888888889
y_any,2,flash,logreg,sector,Health,29,16,0.5517241379310345,0.8124555234389794,0.7961451247165532,0.7932692307692307,0.3047068405329209,0.3175757263236771,0.011310452418096724,0.0,0.0
y_any,2,flash,logreg,sector,Industry & Commerce,1,0,0.0,,,,0.04602184100379987,0.21452701695544057,0.000390015600624025,0.0,0.0
y_any,2,flash,logreg,sector,Mines & Metals,15,6,0.4,0.526984126984127,0.7166666666666667,0.5555555555555556,0.26559002818933736,0.20298416631764055,0.005850234009360375,0.006666666666666667,1.1395555555555557
y_any,2,flash,logreg,sector,Petroleum & Natural Gas,254,126,0.49606299212598426,0.7229538676134981,0.7719212358641938,0.7679191468253967,0.20350647367999913,0.12868577992931385,0.09906396255850235,0.09333333333333334,0.9421522309711285
y_any,2,flash,logreg,sector,Power,149,70,0.4697986577181208,0.5426223994524096,0.5769780177067048,0.5396021699819169,0.2755273667771049,0.13956821852717216,0.05811232449297972,0.06,1.03248322147651
y_any,2,flash,logreg,sector,Railways,452,116,0.25663716814159293,0.4158277993210644,0.4280834490502372,0.6994304187192117,0.18001016349284865,0.06986644956645362,0.17628705148205928,0.06,0.3403539823008849
y_any,2,flash,logreg,sector,Roads & Highways,1191,788,0.6616288832913518,0.8154975169751291,0.8466448233293039,0.7577779597183559,0.22666110296966088,0.21866847916568946,0.46450858034321374,0.54,1.1625188916876574
y_any,2,flash,logreg,sector,Shipping & Ports,15,2,0.13333333333333333,0.29166666666666663,0.41666666666666663,0.6923076923076923,0.11374758859135861,0.1694401371833795,0.005850234009360375,0.0,0.0
y_any,2,flash,logreg,sector,Steel,16,6,0.375,0.8089285714285714,0.7777777777777777,0.8,0.18688109291981686,0.11938595050122776,0.0062402496099844,0.0,0.0
y_any,2,flash,logreg,sector,Telecommunications,36,24,0.6666666666666666,0.6271473441967537,0.6646979526939845,0.42361111111111105,0.2471399191216939,0.2540120258571031,0.014040561622464899,0.1,7.122222222222223
y_any,2,flash,logreg,sector,Urban Development & Housing,78,35,0.44871794871794873,0.5368286751098932,0.7011906051864698,0.5089700996677741,0.2535526747996757,0.13563213788205325,0.030421216848673948,0.03333333333333333,1.0957264957264956
y_any,2,flash,logreg,sector,Water Resources,114,26,0.22807017543859648,0.46941960763478674,0.7324506974506974,0.7578671328671329,0.16253283946297387,0.13885149926562687,0.044461778471138844,0.013333333333333334,0.29988304093567253
y_any,2,flash,logreg,cost_band,1000-5000 cr,932,515,0.5525751072961373,0.7927226442960369,0.7754008271385743,0.7800097785848991,0.20536569943993752,0.12347951869204565,0.36349453978159124,0.26,0.7152789699570816
y_any,2,flash,logreg,cost_band,500-1000 cr,536,254,0.47388059701492535,0.6526009235771821,0.6417447938583491,0.7275227564639526,0.21989349514647233,0.0984669899623835,0.20904836193447737,0.18666666666666668,0.8929353233830847
y_any,2,flash,logreg,cost_band,over 5000 cr,240,80,0.3333333333333333,0.515664515978673,0.5750511692306827,0.699453125,0.2041758165078779,0.10088187981404541,0.093603744149766,0.12666666666666668,1.3532222222222223
y_any,2,flash,logreg,cost_band,under 500 cr,856,444,0.5186915887850467,0.6778785523725781,0.7180870682009663,0.7038506953555498,0.23412151429376268,0.1292210591415983,0.3338533541341654,0.4266666666666667,1.278006230529595
y_any,2,flash,logreg,age,due to 1.5x,922,553,0.5997830802603037,0.7253285280923423,0.7052978785187248,0.6618934905443087,0.23445264492772921,0.11304034294665795,0.359594383775351,0.28,0.778655097613883
y_any,2,flash,logreg,age,half to due,792,277,0.34974747474747475,0.4932051517812519,0.5147591056156505,0.6759664925870107,0.21624302137140433,0.0921821107019971,0.3088923556942278,0.04,0.1294949494949495
y_any,2,flash,logreg,age,over 1.5x schedule,665,429,0.6451127819548872,0.7494382469860992,0.7617403150596406,0.6681383588163249,0.2213651662788172,0.12047414998851143,0.2593603744149766,0.66,2.544721804511278
y_any,2,flash,logreg,age,under half of schedule,166,21,0.12650602409638553,0.15724570369684993,0.2169860138760683,0.5464696223316913,0.11631554718106953,0.08606973392598306,0.06474258970358815,0.0,0.0
y_any,2,flash,logreg,age,unknown,19,13,0.6842105263157895,0.6850426005552227,0.7677104377104377,0.5256410256410257,0.24883839562594523,0.20900915934111958,0.0074102964118564745,0.02,2.6989473684210528
y_any,2,flash,logreg,freshness,4-6 months,702,378,0.5384615384615384,0.813684242632269,0.8134584236986486,0.8003135410542818,0.19843400359948926,0.11953002142763809,0.27379095163806555,0.32,1.1687749287749287
y_any,2,flash,logreg,freshness,current (3 months),1202,591,0.49168053244592347,0.6464841891565232,0.6433716819394029,0.6950963857757249,0.22345950348073676,0.05315177266463091,0.46879875195007803,0.58,1.2372046589018302
y_any,2,flash,logreg,freshness,over 6 months,93,53,0.5698924731182796,0.7690586960257967,0.7690586960257967,0.7745283018867924,0.19512649232303617,0.17373121801210847,0.03627145085803432,0.02666666666666667,0.7351971326164876
y_any,2,flash,logreg,freshness,unknown,567,271,0.47795414462081126,0.7608282354292069,0.7623503812579955,0.8075196968185898,0.23391216927187483,0.20540804585998845,0.22113884555382216,0.07333333333333333,0.3316166960611405
y_any,2,flash,logreg,progress_reported,no,1,1,1.0,,,,0.14355123264923075,0.37888155490763964,0.000390015600624025,0.0,0.0
y_any,2,flash,logreg,progress_reported,yes,2563,1292,0.5040967616074912,0.7000982337173591,0.7014099246359781,0.7351223896739119,0.21792056427671994,0.09718487835926246,0.999609984399376,1.0,1.000390167772142
y_any,2,flash,logreg,pre_event,no revision yet,890,378,0.4247191011235955,0.6634492403251204,0.6772223928111258,0.7698516038359788,0.2232426272047333,0.15875689870120935,0.3471138845553822,0.09333333333333334,0.2688838951310861
y_any,2,flash,logreg,pre_event,revised before,1674,915,0.546594982078853,0.7233019896571959,0.7193300529485936,0.7221149484870083,0.2150466064884527,0.06754496737723374,0.6528861154446178,0.9066666666666666,1.3887056949422538
y_any,2,flash,logreg,on_schedule,behind or over,2055,1162,0.5654501216545013,0.7163577291362264,0.7176218710427035,0.6979355592261864,0.22811359025319342,0.10780773158639784,0.8014820592823713,0.9733333333333334,1.2144168694241688
y_any,2,flash,logreg,on_schedule,on schedule and cost,509,131,0.25736738703339884,0.44086601198359476,0.46000487123157247,0.7120844945272427,0.17662186542941063,0.06405534687232259,0.1985179407176287,0.02666666666666667,0.13432874918140145
y_any,2,flash,logreg,report,flash,2564,1293,0.5042901716068643,0.7003445870298444,0.7015590420451693,0.7352548340242777,0.21789155907717722,0.09729474445776026,1.0,1.0,1.0
y_any,2,flash,lightgbm,sector,Civil Aviation,60,30,0.5,0.7421861375308756,0.8072250140431959,0.8255555555555556,0.1820950626953236,0.14175372467363082,0.0234009360374415,0.006666666666666667,0.2848888888888889
y_any,2,flash,lightgbm,sector,Coal,94,30,0.3191489361702128,0.7167784041859825,0.7243160825982415,0.8354166666666667,0.1575100775507488,0.13237991671998411,0.036661466458658344,0.06,1.636595744680851
y_any,2,flash,lightgbm,sector,Education,60,18,0.3,0.6821665714324284,0.5973843517593518,0.7513227513227513,0.2764459987627027,0.3465986038233472,0.0234009360374415,0.06,2.5639999999999996
y_any,2,flash,lightgbm,sector,Health,29,16,0.5517241379310345,0.9827786377708978,0.9791666666666665,0.9759615384615384,0.1504043198654183,0.2823362789108597,0.011310452418096724,0.006666666666666667,0.5894252873563218
y_any,2,flash,lightgbm,sector,Industry & Commerce,1,0,0.0,,,,0.008048859386589235,0.08971543560942696,0.000390015600624025,0.0,0.0
y_any,2,flash,lightgbm,sector,Mines & Metals,15,6,0.4,0.712073112073112,0.8240740740740741,0.7407407407407407,0.2529060059769728,0.25399203227995826,0.005850234009360375,0.006666666666666667,1.1395555555555557
y_any,2,flash,lightgbm,sector,Petroleum & Natural Gas,254,126,0.49606299212598426,0.8286487943016052,0.8824867412975159,0.8679315476190476,0.15013197866856368,0.10364781286589088,0.09906396255850235,0.07333333333333333,0.740262467191601
y_any,2,flash,lightgbm,sector,Power,149,70,0.4697986577181208,0.6647544352373176,0.6794449013188304,0.6743218806509946,0.23070301347925035,0.10248198074691636,0.05811232449297972,0.08,1.3766442953020135
y_any,2,flash,lightgbm,sector,Railways,452,116,0.25663716814159293,0.4496172394191194,0.4558845983651918,0.7124384236453202,0.17788323161043543,0.07558099420648505,0.17628705148205928,0.006666666666666667,0.037817109144542775
y_any,2,flash,lightgbm,sector,Roads & Highways,1191,788,0.6616288832913518,0.8731654639299058,0.9076162196026628,0.816433852703707,0.20132353429593441,0.1861254967682369,0.46450858034321374,0.58,1.2486314021830394
y_any,2,flash,lightgbm,sector,Shipping & Ports,15,2,0.13333333333333333,0.3333333333333333,0.5,0.7692307692307692,0.12770821828286638,0.17387650604958654,0.005850234009360375,0.0,0.0
y_any,2,flash,lightgbm,sector,Steel,16,6,0.375,0.9242424242424243,0.9722222222222222,0.9166666666666667,0.14861863925819835,0.25943885740842615,0.0062402496099844,0.02,3.205
y_any,2,flash,lightgbm,sector,Telecommunications,36,24,0.6666666666666666,0.7524957416487021,0.7868328027058187,0.6493055555555556,0.20859850805482885,0.1818747965293399,0.014040561622464899,0.04,2.848888888888889
y_any,2,flash,lightgbm,sector,Urban Development & Housing,78,35,0.44871794871794873,0.7118949982662477,0.7423448081173337,0.7820598006644517,0.20358406929563738,0.17536780487382983,0.030421216848673948,0.006666666666666667,0.21914529914529915
y_any,2,flash,lightgbm,sector,Water Resources,114,26,0.22807017543859648,0.3699180601564432,0.4852125338271971,0.729458041958042,0.22540279268318206,0.23699098424174816,0.044461778471138844,0.05333333333333334,1.1995321637426901
y_any,2,flash,lightgbm,cost_band,1000-5000 cr,932,515,0.5525751072961373,0.8328145779516124,0.8209885832864595,0.8202928919000723,0.17586543371259503,0.06824516112683222,0.36349453978159124,0.4666666666666667,1.2838340486409157
y_any,2,flash,lightgbm,cost_band,500-1000 cr,536,254,0.47388059701492535,0.766050718922824,0.7728521086601935,0.7829061260959401,0.19411835208754227,0.07054214984103539,0.20904836193447737,0.21333333333333335,1.020497512437811
y_any,2,flash,lightgbm,cost_band,over 5000 cr,240,80,0.3333333333333333,0.6829991288549828,0.7148126722107063,0.79359375,0.17956219453208153,0.11735402589964836,0.093603744149766,0.08,0.8546666666666667
y_any,2,flash,lightgbm,cost_band,under 500 cr,856,444,0.5186915887850467,0.7269821426542975,0.7566232108539603,0.7478570803813522,0.21670466444336234,0.10979697934066544,0.3338533541341654,0.24,0.7188785046728972
y_any,2,flash,lightgbm,age,due to 1.5x,922,553,0.5997830802603037,0.8253784650568249,0.8168518364938069,0.7589448046379198,0.19574675736379196,0.0478923092845703,0.359594383775351,0.6,1.6685466377440346
y_any,2,flash,lightgbm,age,half to due,792,277,0.34974747474747475,0.6598305919142275,0.6778174657469224,0.7713855104973537,0.1797125811962153,0.058033277388861576,0.3088923556942278,0.07333333333333333,0.2374074074074074
y_any,2,flash,lightgbm,age,over 1.5x schedule,665,429,0.6451127819548872,0.7778671395596981,0.8186095178869904,0.6759807988621547,0.22847969255875006,0.11183841808029936,0.2593603744149766,0.32,1.2338045112781955
y_any,2,flash,lightgbm,age,under half of schedule,166,21,0.12650602409638553,0.3214547401630688,0.35635014352119615,0.813136288998358,0.10231469934180291,0.06802381776367764,0.06474258970358815,0.0,0.0
y_any,2,flash,lightgbm,age,unknown,19,13,0.6842105263157895,0.7960252166134518,0.6944444444444445,0.6153846153846154,0.25337000795538006,0.27438268098167096,0.0074102964118564745,0.006666666666666667,0.8996491228070176
y_any,2,flash,lightgbm,freshness,4-6 months,702,378,0.5384615384615384,0.7985500852998808,0.7986395562302456,0.7706577830034621,0.20188339496210655,0.0967445846065012,0.27379095163806555,0.32,1.1687749287749287
y_any,2,flash,lightgbm,freshness,current (3 months),1202,591,0.49168053244592347,0.7491428265580031,0.7541282134372727,0.7623351915392093,0.19825429066041406,0.02409697325056912,0.46879875195007803,0.56,1.194542429284526
y_any,2,flash,lightgbm,freshness,over 6 months,93,53,0.5698924731182796,0.8438526681121177,0.8442195172564286,0.8481132075471698,0.1627905527441374,0.11760783276923534,0.03627145085803432,0.04666666666666667,1.2865949820788531
y_any,2,flash,lightgbm,freshness,unknown,567,271,0.47795414462081126,0.842377608009617,0.855475214043298,0.8546673980253316,0.17880920343537512,0.13193910752657972,0.22113884555382216,0.07333333333333333,0.3316166960611405
y_any,2,flash,lightgbm,progress_reported,no,1,1,1.0,,,,0.3069804299570268,0.554058146729228,0.000390015600624025,0.0,0.0
y_any,2,flash,lightgbm,progress_reported,yes,2563,1292,0.5040967616074912,0.7752943390703573,0.7794013393383109,0.7834717306525907,0.1936173078268911,0.05948588440658486,0.999609984399376,1.0,1.000390167772142
y_any,2,flash,lightgbm,pre_event,no revision yet,890,378,0.4247191011235955,0.7529761885275584,0.7530910773728413,0.8104177000661374,0.18301483944414915,0.07074143152753624,0.3471138845553822,0.12666666666666668,0.36491385767790263
y_any,2,flash,lightgbm,pre_event,revised before,1674,915,0.546594982078853,0.7855721979967787,0.789422329924134,0.7632519060886845,0.19932194341994397,0.053797195831122475,0.6528861154446178,0.8733333333333333,1.3376503385105534
y_any,2,flash,lightgbm,on_schedule,behind or over,2055,1162,0.5654501216545013,0.7937902987529393,0.801775292146573,0.757420981317688,0.20214358318285452,0.06615680279050815,0.8014820592823713,0.9666666666666667,1.2060989456609894
y_any,2,flash,lightgbm,on_schedule,on schedule and cost,509,131,0.25736738703339884,0.5442825809530714,0.5291674212958823,0.7923583343430672,0.15941665412477973,0.07234208177898012,0.1985179407176287,0.03333333333333333,0.1679109364767518
y_any,2,flash,lightgbm,report,flash,2564,1293,0.5042901716068643,0.7753095549958454,0.7794121344224451,0.783418309446922,0.1936615212130573,0.05967877530452661,1.0,1.0,1.0
y_date_push,2,val,naive,sector,Atomic Energy,16,2,0.125,0.25,0.5,0.6071428571428572,0.17352154930386768,0.23182725020572306,0.0015899831064294942,0.01,6.289375
y_date_push,2,val,naive,sector,Civil Aviation,211,72,0.3412322274881517,0.45883679381312986,0.46001312601922356,0.6397382094324541,0.216077564443076,0.06611655320831625,0.020967902216038954,0.02,0.9538388625592418
y_date_push,2,val,naive,sector,Coal,666,140,0.21021021021021022,0.20501248947022718,0.21815705080302128,0.4446224877783813,0.18142850249745182,0.12290832411545198,0.0661830468051277,0.06666666666666667,1.0073073073073073
y_date_push,2,val,naive,sector,Defence,2,0,0.0,,,,0.10544134007863476,0.3247169275626609,0.00019874788830368678,0.0,0.0
y_date_push,2,val,naive,sector,Education,122,56,0.45901639344262296,0.5233404858810741,0.534584743959744,0.6172889610389611,0.2533615186338129,0.10556452364463768,0.012123621186524894,0.0033333333333333335,0.27494535519125685
y_date_push,2,val,naive,sector,Finance,14,0,0.0,,,,0.1049960142027077,0.3240264489172843,0.0013912352181258073,0.0,0.0
y_date_push,2,val,naive,sector,Health,47,25,0.5319148936170213,0.6098064430903177,0.6049603174603174,0.5809090909090909,0.272218640741905,0.17328193500954836,0.004670575375136639,0.0033333333333333335,0.7136879432624114
y_date_push,2,val,naive,sector,Home Affairs,30,13,0.43333333333333335,0.5408749555906747,0.5166666666666667,0.6040723981900452,0.24619176458047856,0.07712636697575696,0.002981218324555302,0.016666666666666666,5.5905555555555555
y_date_push,2,val,naive,sector,Industry & Commerce,12,7,0.5833333333333334,0.8310451453308596,0.6,0.7714285714285715,0.286861018620734,0.24080314896363286,0.0011924873298221207,0.0,0.0
y_date_push,2,val,naive,sector,Mines & Metals,48,16,0.3333333333333333,0.3981347217016492,0.5,0.4521484375,0.22148353974013732,0.01262171433336564,0.004769949319288483,0.006666666666666667,1.3976388888888889
y_date_push,2,val,naive,sector,North Eastern Region,5,0,0.0,,,,0.10504126409658691,0.32409505510555714,0.0004968697207592169,0.0,0.0
y_date_push,2,val,naive,sector,Petroleum & Natural Gas,717,204,0.28451882845188287,0.2872801356345689,0.2959123295307927,0.49427149027252226,0.2079944540856014,0.057243906665458276,0.07125111795687171,0.013333333333333334,0.18713156671315667
y_date_push,2,val,naive,sector,Power,541,216,0.39926062846580407,0.4939158961074099,0.4469901063546768,0.6025213675213675,0.23862919725626283,0.05288607090701346,0.053761303786147276,0.07,1.3020517560073936
y_date_push,2,val,naive,sector,Railways,1286,365,0.2838258164852255,0.3186051038479404,0.302936574281415,0.5446343313551381,0.20562152069276488,0.058206087538656096,0.1277948921792706,0.3566666666666667,2.7909305339554176
y_date_push,2,val,naive,sector,Roads & Highways,5860,2218,0.37849829351535835,0.4298756526453132,0.44036024888574604,0.5375695287273167,0.23057540072895188,0.03056235014912734,0.5823313127298022,0.4066666666666667,0.6983424345847554
y_date_push,2,val,naive,sector,Shipping & Ports,6,0,0.0,,,,0.1049217932233865,0.3239113691430549,0.0005962436649110603,0.0,0.0
y_date_push,2,val,naive,sector,Social Justice,6,0,0.0,,,,0.1049217932233865,0.3239113691430549,0.0005962436649110603,0.0,0.0
y_date_push,2,val,naive,sector,Steel,63,16,0.25396825396825395,0.26328656186197236,0.33809523809523806,0.48404255319148937,0.19676775555764112,0.09057807110942448,0.006260558481566134,0.013333333333333334,2.12973544973545
y_date_push,2,val,naive,sector,Telecommunications,37,19,0.5135135135135135,0.5551368311214149,0.5582010582010581,0.5350877192982456,0.2706539329205442,0.16287837150926862,0.003676835933618205,0.0,0.0
y_date_push,2,val,naive,sector,Urban Development & Housing,160,41,0.25625,0.3835801732192179,0.37697039072039074,0.5823939331830292,0.18992022325362895,0.11618295779016288,0.01589983106429494,0.013333333333333334,0.8385833333333335
y_date_push,2,val,naive,sector,Water Resources,214,80,0.37383177570093457,0.3334446254381755,0.4845367185134128,0.33204291044776124,0.24138358875409074,0.0900379250435862,0.021266024048494484,0.0,0.0
y_date_push,2,val,naive,cost_band,1000-5000 cr,2801,1048,0.3741520885398072,0.43052538375795685,0.4193492985483184,0.548408018097656,0.23017713631401857,0.02694227491885257,0.27834641756931333,0.42333333333333334,1.5208865881232894
y_date_push,2,val,naive,cost_band,500-1000 cr,2294,845,0.36835222319093286,0.39983294633307165,0.41169298859623554,0.5217783331495706,0.2292725263118552,0.022379714543200202,0.22796382788432873,0.27,1.1843984306887534
y_date_push,2,val,naive,cost_band,over 5000 cr,563,173,0.30728241563055064,0.3569000076817063,0.33030406987274497,0.5519860678820216,0.21256611460920433,0.03707615049290338,0.05594753055748783,0.13666666666666666,2.442764949674363
y_date_push,2,val,naive,cost_band,under 500 cr,4405,1424,0.3232690124858116,0.3728710945747358,0.3735229976702701,0.5364143790825038,0.21470198388970912,0.039725241049918814,0.43774222398887014,0.17,0.3883564131668559
y_date_push,2,val,naive,age,due to 1.5x,2135,1048,0.49086651053864166,0.4899429469790375,0.5096969239219445,0.49292119918256705,0.2684688517373298,0.1346870915806463,0.21216337076418562,0.2,0.9426697892271664
y_date_push,2,val,naive,age,half to due,3141,973,0.3097739573384273,0.32448300320490475,0.327165682354033,0.4911733501970169,0.2131654929451152,0.02677904509788356,0.31213355858094005,0.02,0.064075135307227
y_date_push,2,val,naive,age,over 1.5x schedule,3152,1299,0.4121192893401015,0.46546786970739307,0.46706812423297156,0.5498374148905276,0.2403568394473425,0.055859175763034764,0.31322667196661036,0.6966666666666667,2.2241613790186125
y_date_push,2,val,naive,age,under half of schedule,1485,124,0.08350168350168351,0.08329576923192882,0.09324325450707345,0.4754035220781683,0.1362991757260457,0.24431264561782545,0.14757030706548743,0.006666666666666667,0.045176206509539844
y_date_push,2,val,naive,age,unknown,150,46,0.30666666666666664,0.2835599276255479,0.29767158163897295,0.45108695652173914,0.22247633362070274,0.07222397315579175,0.014906091622776507,0.07666666666666666,5.143311111111111
y_date_push,2,val,naive,freshness,4-6 months,29,13,0.4482758620689655,0.450687243790692,0.4605394605394606,0.4855769230769231,0.25656644750239027,0.08516443792537319,0.002881844380403458,0.02666666666666667,9.253333333333334
y_date_push,2,val,naive,freshness,current (3 months),9424,3403,0.3610993208828523,0.4034955228554876,0.4042878526339026,0.5328845612010427,0.22693250865030817,0.013941175961183536,0.9365000496869721,0.9733333333333334,1.0393307866440296
y_date_push,2,val,naive,freshness,over 6 months,4,1,0.25,0.3333333333333333,,0.33333333333333337,0.20287448355133134,0.16126996191116238,0.00039749577660737356,0.0,0.0
y_date_push,2,val,naive,freshness,unknown,606,73,0.12046204620462046,0.12735532139950753,0.10362173966384494,0.4952324654964147,0.14727790313833977,0.20335222694543492,0.06022061015601709,0.0,0.0
y_date_push,2,val,naive,progress_reported,no,5081,1913,0.37650068884077936,0.4199178970453989,0.42300617048052064,0.5295745286107283,0.23118382676166538,0.03398848599588209,0.5049190102355162,0.5,0.9902578232631373
y_date_push,2,val,naive,progress_reported,yes,4982,1577,0.3165395423524689,0.3796076929007477,0.36182790558221906,0.5690506985046608,0.213060873536349,0.037195517419923114,0.4950809897644837,0.5,1.0099357687675632
y_date_push,2,val,naive,pre_event,no revision yet,4113,928,0.22562606370046195,0.2023384533197626,0.2204392660050175,0.43529137119038597,0.18449466260988376,0.09819941656698516,0.40872503229653184,0.0,0.0
y_date_push,2,val,naive,pre_event,revised before,5950,2562,0.43058823529411766,0.45398197584941236,0.46133347625247817,0.5246455207201428,0.2482836551965816,0.06955782889436331,0.5912749677034681,1.0,1.6912605042016808
y_date_push,2,val,naive,on_schedule,behind or over,6472,2742,0.4236711990111248,0.4504448959300578,0.4551434398437535,0.52491371437846,0.24645260722217538,0.06635631537157678,0.6431481665507304,0.99,1.539303152039555
y_date_push,2,val,naive,on_schedule,on schedule and cost,3591,748,0.20829852408799776,0.19098565374520338,0.20919511319428907,0.44279763035582287,0.17852214474859188,0.11681514661748632,0.35685183344926963,0.01,0.028022834864940126
y_date_push,2,val,naive,report,quarterly,10063,3490,0.3468150650899334,0.3941889246249755,0.3924011808726556,0.5377158968899862,0.2222114971414203,0.022996021035525057,1.0,1.0,1.0
y_date_push,2,val,rule,sector,Atomic Energy,16,2,0.125,0.18333333333333335,0.5833333333333333,0.5,0.17610551345445916,0.25650081191439095,0.0015899831064294942,0.03,18.868125
y_date_push,2,val,rule,sector,Civil Aviation,211,72,0.3412322274881517,0.4441362162366026,0.4745977410573811,0.674060751398881,0.22141319837998927,0.0041345276682702515,0.020967902216038954,0.02,0.9538388625592418
y_date_push,2,val,rule,sector,Coal,666,140,0.21021021021021022,0.293613512682916,0.33242586664456925,0.6245994024986421,0.18117850031103552,0.13121963099978673,0.0661830468051277,0.03,0.45328828828828827
y_date_push,2,val,rule,sector,Defence,2,0,0.0,,,,0.12355698442322371,0.3515062980937158,0.00019874788830368678,0.0,0.0
y_date_push,2,val,rule,sector,Education,122,56,0.45901639344262296,0.5879246823178447,0.5830414195704064,0.6450216450216449,0.2578365838480303,0.11563400255440204,0.012123621186524894,0.0,0.0
y_date_push,2,val,rule,sector,Finance,14,0,0.0,,,,0.10780235769830858,0.32800337788514505,0.0013912352181258073,0.0,0.0
y_date_push,2,val,rule,sector,Health,47,25,0.5319148936170213,0.5731187965121317,0.6300925925925925,0.4872727272727273,0.2841359497715104,0.1864603432811786,0.004670575375136639,0.0,0.0
y_date_push,2,val,rule,sector,Home Affairs,30,13,0.43333333333333335,0.5438506457510983,0.5935185185185184,0.5248868778280543,0.2523869000386948,0.07750265402338692,0.002981218324555302,0.006666666666666667,2.236222222222222
y_date_push,2,val,rule,sector,Industry & Commerce,12,7,0.5833333333333334,0.7126984126984126,0.7,0.4857142857142857,0.3012835755457231,0.24378263958689575,0.0011924873298221207,0.0,0.0
y_date_push,2,val,rule,sector,Mines & Metals,48,16,0.3333333333333333,0.5116359527241211,0.6986574074074073,0.595703125,0.21853086074925698,0.08627546827160237,0.004769949319288483,0.023333333333333334,4.891736111111111
y_date_push,2,val,rule,sector,North Eastern Region,5,0,0.0,,,,0.10546265362090165,0.32457086613154185,0.0004968697207592169,0.0,0.0
y_date_push,2,val,rule,sector,Petroleum & Natural Gas,717,204,0.28451882845188287,0.3463845356042229,0.35244441456045467,0.5476053969346023,0.20549499782912053,0.05514907334924502,0.07125111795687171,0.04,0.56139470013947
y_date_push,2,val,rule,sector,Power,541,216,0.39926062846580407,0.4606660217449223,0.5218142063468344,0.5532051282051282,0.241078788523905,0.0540091947433292,0.053761303786147276,0.12666666666666668,2.356093653727665
y_date_push,2,val,rule,sector,Railways,1286,365,0.2838258164852255,0.31849671864757484,0.3432313264507161,0.5585560662174825,0.20748573180441798,0.07450907539610668,0.1277948921792706,0.57,4.460272161741835
y_date_push,2,val,rule,sector,Roads & Highways,5860,2218,0.37849829351535835,0.46657279298605064,0.4474562406556812,0.5896906346110328,0.2346724710521821,0.04052887089501916,0.5823313127298022,0.12666666666666668,0.21751649601820253
y_date_push,2,val,rule,sector,Shipping & Ports,6,0,0.0,,,,0.12094086757594036,0.3476316689375842,0.0005962436649110603,0.0,0.0
y_date_push,2,val,rule,sector,Social Justice,6,0,0.0,,,,0.1056743468708073,0.3247907362249148,0.0005962436649110603,0.0,0.0
y_date_push,2,val,rule,sector,Steel,63,16,0.25396825396825395,0.5633244891683905,0.5915704665704666,0.7167553191489362,0.19199292747975832,0.08471362447176199,0.006260558481566134,0.0033333333333333335,0.5324338624338625
y_date_push,2,val,rule,sector,Telecommunications,37,19,0.5135135135135135,0.6198476136498302,0.75625,0.5935672514619883,0.2761934339986281,0.1739199830428696,0.003676835933618205,0.0,0.0
y_date_push,2,val,rule,sector,Urban Development & Housing,160,41,0.25625,0.35710435418246156,0.45385584178408095,0.5792170526747284,0.1965712111396371,0.08666523214931843,0.01589983106429494,0.0,0.0
y_date_push,2,val,rule,sector,Water Resources,214,80,0.37383177570093457,0.32875840884963614,0.47344960066182235,0.43610074626865675,0.23727113452954943,0.035949301618642245,0.021266024048494484,0.023333333333333334,1.0972118380062306
y_date_push,2,val,rule,cost_band,1000-5000 cr,2801,1048,0.3741520885398072,0.4076163360307932,0.4218592441197054,0.5541147019504187,0.23410680582410062,0.03446196906699986,0.27834641756931333,0.5366666666666666,1.9280530762822798
y_date_push,2,val,rule,cost_band,500-1000 cr,2294,845,0.36835222319093286,0.47929862186573063,0.46956356049256104,0.6211514980745749,0.2305870590716853,0.028296958367667276,0.22796382788432873,0.09,0.39479947689625106
y_date_push,2,val,rule,cost_band,over 5000 cr,563,173,0.30728241563055064,0.34782933527858473,0.3971674999632977,0.5558248110271232,0.2140698502807645,0.050561943189264075,0.05594753055748783,0.33,5.898383658969805
y_date_push,2,val,rule,cost_band,under 500 cr,4405,1424,0.3232690124858116,0.37577428761426573,0.35954937536954396,0.5599900728961325,0.21780314304985218,0.016402856463749,0.43774222398887014,0.043333333333333335,0.09899281119939463
y_date_push,2,val,rule,age,due to 1.5x,2135,1048,0.49086651053864166,0.4356963831495707,0.429171168288341,0.4425273179912498,0.27457526723001807,0.1539855068439561,0.21216337076418562,0.25333333333333335,1.194048399687744
y_date_push,2,val,rule,age,half to due,3141,973,0.3097739573384273,0.3335400893240331,0.3148162289519919,0.5399134566885236,0.21407185610964008,0.0233106902791849,0.31213355858094005,0.01,0.0320375676536135
y_date_push,2,val,rule,age,over 1.5x schedule,3152,1299,0.4121192893401015,0.4534029120658146,0.4565997378098709,0.5706292814390413,0.24358037984160105,0.05725076744372179,0.31322667196661036,0.7333333333333333,2.3412225042301182
y_date_push,2,val,rule,age,under half of schedule,1485,124,0.08350168350168351,0.11356863017531157,0.13504242255958587,0.5399018748074234,0.13901725504783688,0.250397479717552,0.14757030706548743,0.0,0.0
y_date_push,2,val,rule,age,unknown,150,46,0.30666666666666664,0.39884923208816553,0.43615699833328,0.5807901337792643,0.21213447255459172,0.042181751488268235,0.014906091622776507,0.0033333333333333335,0.22362222222222225
y_date_push,2,val,rule,freshness,4-6 months,29,13,0.4482758620689655,0.658130946916113,0.6581309469161132,0.6009615384615384,0.2526767779779298,0.0965915127899385,0.002881844380403458,0.0,0.0
y_date_push,2,val,rule,freshness,current (3 months),9424,3403,0.3610993208828523,0.4068671695471958,0.4030477857493577,0.5651011693181026,0.22967531443174768,0.020019497625149946,0.9365000496869721,0.9966666666666667,1.0642462507074137
y_date_push,2,val,rule,freshness,over 6 months,4,1,0.25,0.3333333333333333,,0.33333333333333337,0.19934738339197886,0.09600952332651869,0.00039749577660737356,0.0,0.0
y_date_push,2,val,rule,freshness,unknown,606,73,0.12046204620462046,0.19531813487498323,0.18172509193874564,0.664563468606235,0.1519123237074309,0.21577625688734287,0.06022061015601709,0.0033333333333333335,0.05535203520352036
y_date_push,2,val,rule,progress_reported,no,5081,1913,0.37650068884077936,0.44482390506866526,0.4542500916413584,0.6066996744760728,0.23346054783330503,0.02690215238822361,0.5049190102355162,0.5,0.9902578232631373
y_date_push,2,val,rule,progress_reported,yes,4982,1577,0.3165395423524689,0.3352193564822362,0.3379413260336679,0.5102841228116733,0.2164654765004814,0.018652273261468743,0.4950809897644837,0.5,1.0099357687675632
y_date_push,2,val,rule,pre_event,no revision yet,4113,928,0.22562606370046195,0.2707241142604813,0.2484897700385655,0.56776985329941,0.18585084445673808,0.10736022693561853,0.40872503229653184,0.03666666666666667,0.08970986303590242
y_date_push,2,val,rule,pre_event,revised before,5950,2562,0.43058823529411766,0.4348838019405051,0.4324331055028024,0.5114597186930592,0.2521410965068668,0.08253978188326784,0.5912749677034681,0.9633333333333334,1.6292476190476193
y_date_push,2,val,rule,on_schedule,behind or over,6472,2742,0.4236711990111248,0.4230319455285962,0.4191872836976482,0.503574473535491,0.2502833357797862,0.07651709036040909,0.6431481665507304,1.0,1.5548516687268232
y_date_push,2,val,rule,on_schedule,on schedule and cost,3591,748,0.20829852408799776,0.26303448783686023,0.2496210708557858,0.5502891048658776,0.17956287894726955,0.12204414052565171,0.35685183344926963,0.0,0.0
y_date_push,2,val,rule,report,quarterly,10063,3490,0.3468150650899334,0.3999915421221568,0.3960734105115707,0.571493393351372,0.22504661109673268,0.006074594584665179,1.0,1.0,1.0
y_date_push,2,val,logreg,sector,Atomic Energy,16,2,0.125,0.41666666666666663,1.0,0.8571428571428572,0.12245065451162711,0.18865070322947186,0.0015899831064294942,0.0,0.0
y_date_push,2,val,logreg,sector,Civil Aviation,211,72,0.3412322274881517,0.4386588301616955,0.544089804724287,0.6610711430855316,0.2273702027142205,0.13061742313391517,0.020967902216038954,0.0,0.0
y_date_push,2,val,logreg,sector,Coal,666,140,0.21021021021021022,0.4230686690701765,0.5344987066884124,0.7620586637696903,0.14447917931090867,0.028244603716730852,0.0661830468051277,0.0033333333333333335,0.050365365365365365
y_date_push,2,val,logreg,sector,Defence,2,0,0.0,,,,0.01568452817274447,0.1236942049723132,0.00019874788830368678,0.0,0.0
y_date_push,2,val,logreg,sector,Education,122,56,0.45901639344262296,0.4301232318361348,0.499155249452774,0.49485930735930733,0.30750383313108426,0.18441511587154655,0.012123621186524894,0.05333333333333334,4.3991256830601095
y_date_push,2,val,logreg,sector,Finance,14,0,0.0,,,,0.07109142241512344,0.23054309014058924,0.0013912352181258073,0.0,0.0
y_date_push,2,val,logreg,sector,Health,47,25,0.5319148936170213,0.695104894433638,0.8340079365079364,0.7018181818181818,0.2814712995239673,0.24798098872092167,0.004670575375136639,0.0,0.0
y_date_push,2,val,logreg,sector,Home Affairs,30,13,0.43333333333333335,0.5197259279701939,0.6592592592592593,0.6334841628959276,0.33703825356727546,0.3231389768014164,0.002981218324555302,0.043333333333333335,14.535444444444444
y_date_push,2,val,logreg,sector,Industry & Commerce,12,7,0.5833333333333334,0.9093537414965986,0.9,0.8857142857142858,0.2382332541876375,0.2659834338254158,0.0011924873298221207,0.0,0.0
y_date_push,2,val,logreg,sector,Mines & Metals,48,16,0.3333333333333333,0.26089845462255845,0.3732936507936508,0.328125,0.2941418878576146,0.2705569566981247,0.004769949319288483,0.0,0.0
y_date_push,2,val,logreg,sector,North Eastern Region,5,0,0.0,,,,0.5388662223351451,0.7138519537236709,0.0004968697207592169,0.0033333333333333335,6.708666666666668
y_date_push,2,val,logreg,sector,Petroleum & Natural Gas,717,204,0.28451882845188287,0.5383884470625461,0.5965967788791587,0.761342353705615,0.17468321861220262,0.0871592569016179,0.07125111795687171,0.02,0.280697350069735
y_date_push,2,val,logreg,sector,Power,541,216,0.39926062846580407,0.5655561109783929,0.5615819759409009,0.7098148148148149,0.21693516701338883,0.05966856628225223,0.053761303786147276,0.13333333333333333,2.480098582871226
y_date_push,2,val,logreg,sector,Railways,1286,365,0.2838258164852255,0.4080624643902585,0.41397041736888424,0.6750970505555308,0.19829271909993418,0.08123070362716765,0.1277948921792706,0.03666666666666667,0.28691809227579057
y_date_push,2,val,logreg,sector,Roads & Highways,5860,2218,0.37849829351535835,0.4696677871315881,0.5140149185987372,0.670657032546352,0.22738507211572467,0.0866201980377679,0.5823313127298022,0.63,1.0818583617747441
y_date_push,2,val,logreg,sector,Shipping & Ports,6,0,0.0,,,,0.0510376259516678,0.20099709614876596,0.0005962436649110603,0.0,0.0
y_date_push,2,val,logreg,sector,Social Justice,6,0,0.0,,,,0.022587977851030564,0.14940479797169462,0.0005962436649110603,0.0,0.0
y_date_push,2,val,logreg,sector,Steel,63,16,0.25396825396825395,0.4489512438233408,0.7143650793650793,0.7087765957446808,0.19023483414957565,0.22260753735633051,0.006260558481566134,0.0,0.0
y_date_push,2,val,logreg,sector,Telecommunications,37,19,0.5135135135135135,0.6808085486370089,0.717361111111111,0.760233918128655,0.19247251597991996,0.14999148911899537,0.003676835933618205,0.04666666666666667,12.692072072072074
y_date_push,2,val,logreg,sector,Urban Development & Housing,160,41,0.25625,0.28264891994808905,0.3291269776817746,0.5982783357245338,0.2330116612647756,0.14912881445129472,0.01589983106429494,0.02,1.257875
y_date_push,2,val,logreg,sector,Water Resources,214,80,0.37383177570093457,0.39324007505483516,0.5457367219771834,0.47882462686567173,0.28503242742779905,0.20486651581273907,0.021266024048494484,0.01,0.4702336448598131
y_date_push,2,val,logreg,cost_band,1000-5000 cr,2801,1048,0.3741520885398072,0.5619469614400505,0.5973427998414645,0.7358753587089525,0.20037466901409817,0.04335851375294645,0.27834641756931333,0.15666666666666668,0.5628477924550755
y_date_push,2,val,logreg,cost_band,500-1000 cr,2294,845,0.36835222319093286,0.541939150867847,0.5838756179990349,0.7198672008036557,0.2054646017894027,0.06314105766025555,0.22796382788432873,0.16666666666666666,0.7311101424004649
y_date_push,2,val,logreg,cost_band,over 5000 cr,563,173,0.30728241563055064,0.47911168739414,0.5054501864178307,0.7477100933748332,0.18913281047918906,0.06237058809458061,0.05594753055748783,0.05,0.8936944937833038
y_date_push,2,val,logreg,cost_band,under 500 cr,4405,1424,0.3232690124858116,0.38557358897628513,0.4154941507696506,0.6360929614148031,0.23531495687308537,0.10308644988203566,0.43774222398887014,0.6266666666666667,1.4315883465758608
y_date_push,2,val,logreg,age,due to 1.5x,2135,1048,0.49086651053864166,0.5804824978809064,0.6414219112682408,0.6271928130508367,0.24143618531879008,0.07264615219487769,0.21216337076418562,0.09,0.4242014051522248
y_date_push,2,val,logreg,age,half to due,3141,973,0.3097739573384273,0.48276215160500213,0.5086010878531231,0.7164014176112984,0.19026582521083896,0.04365504679432093,0.31213355858094005,0.01,0.0320375676536135
y_date_push,2,val,logreg,age,over 1.5x schedule,3152,1299,0.4121192893401015,0.42064235551309215,0.4524042316875512,0.5444758660715807,0.28685667131493703,0.16820583379827406,0.31322667196661036,0.9,2.873318527918782
y_date_push,2,val,logreg,age,under half of schedule,1485,124,0.08350168350168351,0.12566872375382918,0.17835475089672811,0.586179516958593,0.08034936147820812,0.04776688108472699,0.14757030706548743,0.0,0.0
y_date_push,2,val,logreg,age,unknown,150,46,0.30666666666666664,0.2790971042838197,0.3440742829829439,0.46948160535117056,0.26031439544280305,0.17543840427604854,0.014906091622776507,0.0,0.0
y_date_push,2,val,logreg,freshness,4-6 months,29,13,0.4482758620689655,0.5655708963401271,0.5669953977646286,0.625,0.3023490574661368,0.30155256517809187,0.002881844380403458,0.0,0.0
y_date_push,2,val,logreg,freshness,current (3 months),9424,3403,0.3610993208828523,0.46386728649404163,0.49280202876416473,0.6721159554059567,0.2237750508654258,0.06705588693393304,0.9365000496869721,1.0,1.0678056027164686
y_date_push,2,val,logreg,freshness,over 6 months,4,1,0.25,1.0,,1.0,0.0919389535919407,0.2822518999057735,0.00039749577660737356,0.0,0.0
y_date_push,2,val,logreg,freshness,unknown,606,73,0.12046204620462046,0.37199798523119215,0.3668504063784799,0.7587190624277158,0.09511129356839096,0.058196405511170175,0.06022061015601709,0.0,0.0
y_date_push,2,val,logreg,progress_reported,no,5081,1913,0.37650068884077936,0.529244603507031,0.536523652356992,0.7145390457106349,0.20997721110409265,0.06315398182408564,0.5049190102355162,0.5,0.9902578232631373
y_date_push,2,val,logreg,progress_reported,yes,4982,1577,0.3165395423524689,0.4362148125079657,0.44471179692063006,0.6916772585356498,0.22254821198699484,0.12669214401367765,0.4950809897644837,0.5,1.0099357687675632
y_date_push,2,val,logreg,pre_event,no revision yet,4113,928,0.22562606370046195,0.3875978536918543,0.401596492445534,0.7348413901369566,0.15937746290571975,0.046336675033801414,0.40872503229653184,0.08,0.19573061026015076
y_date_push,2,val,logreg,pre_event,revised before,5950,2562,0.43058823529411766,0.4778296078842523,0.5115338142088227,0.5992394519113702,0.2554806549256937,0.094501997145859,0.5912749677034681,0.92,1.5559596638655464
y_date_push,2,val,logreg,on_schedule,behind or over,6472,2742,0.4236711990111248,0.5081419814389037,0.5489882696283066,0.6242989109923481,0.24298229736962326,0.07632994031499746,0.6431481665507304,0.5433333333333333,0.8448027400082406
y_date_push,2,val,logreg,on_schedule,on schedule and cost,3591,748,0.20829852408799776,0.3389802623167421,0.34816712696926483,0.7278638216390383,0.16793315877552253,0.07283683239600937,0.35685183344926963,0.45666666666666667,1.2797094588322657
y_date_push,2,val,logreg,report,quarterly,10063,3490,0.3468150650899334,0.46249640748099646,0.4906149704743383,0.6875139114298008,0.21620087466353005,0.06599631279940542,1.0,1.0,1.0
y_date_push,2,val,lightgbm,sector,Atomic Energy,16,2,0.125,1.0,1.0,1.0,0.1438788225807524,0.2764519990044534,0.0015899831064294942,0.0,0.0
y_date_push,2,val,lightgbm,sector,Civil Aviation,211,72,0.3412322274881517,0.7905336188394859,0.7981109160753087,0.887589928057554,0.13421456367160559,0.09443291969232023,0.020967902216038954,0.0033333333333333335,0.15897314375987362
y_date_push,2,val,lightgbm,sector,Coal,666,140,0.21021021021021022,0.7069466118158626,0.6835834376615839,0.8640548614883217,0.10289943934388912,0.04710433057604042,0.0661830468051277,0.02666666666666667,0.4029229229229229
y_date_push,2,val,lightgbm,sector,Defence,2,0,0.0,,,,0.10762995018867547,0.3184309252637857,0.00019874788830368678,0.0,0.0
y_date_push,2,val,lightgbm,sector,Education,122,56,0.45901639344262296,0.7104168190597562,0.7331177861068111,0.8189935064935064,0.1682838415732627,0.06536951338234621,0.012123621186524894,0.006666666666666667,0.5498907103825137
y_date_push,2,val,lightgbm,sector,Finance,14,0,0.0,,,,0.02898776028980155,0.16478019772719935,0.0013912352181258073,0.0,0.0
y_date_push,2,val,lightgbm,sector,Health,47,25,0.5319148936170213,0.7659077413480191,0.8712830687830687,0.72,0.24786267868838435,0.2154105330188418,0.004670575375136639,0.0,0.0
y_date_push,2,val,lightgbm,sector,Home Affairs,30,13,0.43333333333333335,0.8763764013764013,0.8805555555555555,0.8778280542986425,0.15787311936657183,0.1730274122201479,0.002981218324555302,0.0,0.0
y_date_push,2,val,lightgbm,sector,Industry & Commerce,12,7,0.5833333333333334,0.8139455782312925,0.9,0.6571428571428571,0.2958061147042092,0.3586709437591153,0.0011924873298221207,0.0,0.0
y_date_push,2,val,lightgbm,sector,Mines & Metals,48,16,0.3333333333333333,0.3702462669417629,0.4209457671957672,0.45703125,0.26901408243563907,0.16289824555646928,0.004769949319288483,0.0,0.0
y_date_push,2,val,lightgbm,sector,North Eastern Region,5,0,0.0,,,,0.006734243138578429,0.07787481192651988,0.0004968697207592169,0.0,0.0
y_date_push,2,val,lightgbm,sector,Petroleum & Natural Gas,717,204,0.28451882845188287,0.6638339372114775,0.6811602386638295,0.8256459503879524,0.14273686595644758,0.04346662296593218,0.07125111795687171,0.016666666666666666,0.23391445839144584
y_date_push,2,val,lightgbm,sector,Power,541,216,0.39926062846580407,0.5841793536872356,0.6239708606716192,0.7286894586894588,0.21073151874369703,0.066302948430925,0.053761303786147276,0.03666666666666667,0.6820271102895872
y_date_push,2,val,lightgbm,sector,Railways,1286,365,0.2838258164852255,0.47274548310922754,0.5063969699583084,0.7234959023098776,0.17991184247767106,0.029310929151806987,0.1277948921792706,0.0,0.0
y_date_push,2,val,lightgbm,sector,Roads & Highways,5860,2218,0.37849829351535835,0.6493004620062276,0.6607178219504877,0.7924105429640864,0.18437337141919893,0.07331488082274794,0.5823313127298022,0.9066666666666666,1.5569601820250285
y_date_push,2,val,lightgbm,sector,Shipping & Ports,6,0,0.0,,,,0.016365102939145098,0.11845018299735353,0.0005962436649110603,0.0,0.0
y_date_push,2,val,lightgbm,sector,Social Justice,6,0,0.0,,,,0.29700007017455754,0.5105154366301656,0.0005962436649110603,0.0,0.0
y_date_push,2,val,lightgbm,sector,Steel,63,16,0.25396825396825395,0.5437611224813509,0.7396296296296296,0.7712765957446809,0.17194283035313668,0.18580111881645814,0.006260558481566134,0.0033333333333333335,0.5324338624338625
y_date_push,2,val,lightgbm,sector,Telecommunications,37,19,0.5135135135135135,0.9313883392692255,0.9590277777777777,0.9093567251461988,0.13043523205134858,0.19162398876595188,0.003676835933618205,0.0,0.0
y_date_push,2,val,lightgbm,sector,Urban Development & Housing,160,41,0.25625,0.42453525782489343,0.466014767931304,0.6655052264808363,0.19356605957077697,0.12875634154548052,0.01589983106429494,0.0,0.0
y_date_push,2,val,lightgbm,sector,Water Resources,214,80,0.37383177570093457,0.4139082583390658,0.7002222483325184,0.5697761194029851,0.2617098533740523,0.15804640179102544,0.021266024048494484,0.0,0.0
y_date_push,2,val,lightgbm,cost_band,1000-5000 cr,2801,1048,0.3741520885398072,0.6436912179431975,0.6510015237302933,0.7963766041203084,0.17796927550368757,0.03355397163382121,0.27834641756931333,0.28,1.0059407354516245
y_date_push,2,val,lightgbm,cost_band,500-1000 cr,2294,845,0.36835222319093286,0.655718134730876,0.6694442214312873,0.8026943699184502,0.1744915419090171,0.03861873967099633,0.22796382788432873,0.23333333333333334,1.023554199360651
y_date_push,2,val,lightgbm,cost_band,over 5000 cr,563,173,0.30728241563055064,0.6277663255685132,0.6404960464286976,0.786571809693197,0.166256394556932,0.04207877497572196,0.05594753055748783,0.0033333333333333335,0.05957963291888692
y_date_push,2,val,lightgbm,cost_band,under 500 cr,4405,1424,0.3232690124858116,0.6174352090102369,0.6319299313209301,0.7885550433645298,0.18012844303002204,0.08986757348608278,0.43774222398887014,0.48333333333333334,1.1041505864547863
y_date_push,2,val,lightgbm,age,due to 1.5x,2135,1048,0.49086651053864166,0.6836755969792011,0.6949523118177189,0.7257965406574577,0.21360184659028972,0.04695289067564434,0.21216337076418562,0.3433333333333333,1.6182498048399687
y_date_push,2,val,lightgbm,age,half to due,3141,973,0.3097739573384273,0.61213126499675,0.6080232891040066,0.7966388618151341,0.16898172645521675,0.06872781972322663,0.31213355858094005,0.3466666666666667,1.1106356786586014
y_date_push,2,val,lightgbm,age,over 1.5x schedule,3152,1299,0.4121192893401015,0.6224358844590029,0.6419989283381543,0.7337521868081512,0.20970112865388738,0.0746780370650798,0.31322667196661036,0.3,0.9577728426395938
y_date_push,2,val,lightgbm,age,under half of schedule,1485,124,0.08350168350168351,0.33596578208829597,0.38013484135343445,0.7823765732028158,0.06816599213401353,0.03846077443360827,0.14757030706548743,0.006666666666666667,0.045176206509539844
y_date_push,2,val,lightgbm,age,unknown,150,46,0.30666666666666664,0.3842766420780984,0.43976322430141,0.5574832775919732,0.24551785603831008,0.16636074410085114,0.014906091622776507,0.0033333333333333335,0.22362222222222225
y_date_push,2,val,lightgbm,freshness,4-6 months,29,13,0.4482758620689655,0.6255731094472461,0.6283159791131927,0.5865384615384616,0.28349054874090335,0.2637072820382895,0.002881844380403458,0.0,0.0
y_date_push,2,val,lightgbm,freshness,current (3 months),9424,3403,0.3610993208828523,0.6308662898996701,0.6367985602002983,0.7828839877355498,0.18317350506071942,0.05197830312410728,0.9365000496869721,0.99,1.057127546689304
y_date_push,2,val,lightgbm,freshness,over 6 months,4,1,0.25,1.0,,1.0,0.12726274443912314,0.27865536617908093,0.00039749577660737356,0.0,0.0
y_date_push,2,val,lightgbm,freshness,unknown,606,73,0.12046204620462046,0.50905736491793,0.47052094572963254,0.8380194813539283,0.08397077710305542,0.04898228032615912,0.06022061015601709,0.01,0.16605610561056106
y_date_push,2,val,lightgbm,progress_reported,no,5081,1913,0.37650068884077936,0.6271417027410761,0.6368829662432427,0.772631734226742,0.18835962517698457,0.04637452731203734,0.5049190102355162,0.5,0.9902578232631373
y_date_push,2,val,lightgbm,progress_reported,yes,4982,1577,0.3165395423524689,0.6343871266812388,0.6330400051271924,0.8119325435290896,0.16635656844312632,0.0728384921670276,0.4950809897644837,0.5,1.0099357687675632
y_date_push,2,val,lightgbm,pre_event,no revision yet,4113,928,0.22562606370046195,0.5603094744287419,0.5508853540779328,0.8182599266497049,0.1394618992212392,0.07149231542696824,0.40872503229653184,0.33666666666666667,0.8236996515114677
y_date_push,2,val,lightgbm,pre_event,revised before,5950,2562,0.43058823529411766,0.6539814990952719,0.6606465912682307,0.7474910876151029,0.2037372921026819,0.048229241767784724,0.5912749677034681,0.6633333333333333,1.1218694677871148
y_date_push,2,val,lightgbm,on_schedule,behind or over,6472,2742,0.4236711990111248,0.6439560684289964,0.6511291566265255,0.7484290150435192,0.20353321715267025,0.05033033095604212,0.6431481665507304,0.7133333333333334,1.1091275236918008
y_date_push,2,val,lightgbm,on_schedule,on schedule and cost,3591,748,0.20829852408799776,0.5600429537223104,0.5473934985422774,0.8162060958428715,0.13048640994035987,0.05851343420443129,0.35685183344926963,0.2866666666666667,0.8033212661282837
y_date_push,2,val,lightgbm,report,quarterly,10063,3490,0.3468150650899334,0.6287328617861272,0.634960353335504,0.7915824788129959,0.17746633007134194,0.05117753907848657,1.0,1.0,1.0
y_date_push,2,test,naive,sector,Civil Aviation,20,7,0.35,0.3214285714285714,0.3214285714285714,0.412087912087912,0.240779231063513,0.13332850811534575,0.015037593984962405,0.04,2.66
y_date_push,2,test,naive,sector,Coal,29,7,0.2413793103448276,0.2413793103448276,0.2413793103448276,0.4318181818181818,0.198891249209498,0.09229961096304444,0.02180451127819549,0.02,0.9172413793103448
y_date_push,2,test,naive,sector,Education,21,4,0.19047619047619047,0.19047619047619047,0.19047619047619047,0.4117647058823529,0.18427786291445208,0.14789259428619403,0.015789473684210527,0.02,1.2666666666666666
y_date_push,2,test,naive,sector,Health,12,5,0.4166666666666667,0.4166666666666667,0.4166666666666667,0.4285714285714286,0.25969165625029983,0.1587770823133736,0.009022556390977444,0.0,0.0
y_date_push,2,test,naive,sector,Industry & Commerce,1,0,0.0,,,,0.10327741053882616,0.32136802973977696,0.0007518796992481203,0.0,0.0
y_date_push,2,test,naive,sector,Mines & Metals,5,2,0.4,0.4,0.4,0.33333333333333337,0.2643132359340952,0.23098023918778438,0.0037593984962406013,0.02,5.32
y_date_push,2,test,naive,sector,Petroleum & Natural Gas,53,29,0.5471698113207547,0.5043177382149406,0.5043177382149406,0.38433908045977017,0.2959733832336252,0.20237366048723712,0.03984962406015038,0.16,4.0150943396226415
y_date_push,2,test,naive,sector,Power,58,18,0.3103448275862069,0.2820083014048531,0.2820083014048531,0.40138888888888885,0.23114513433600503,0.13176631976552233,0.04360902255639098,0.02,0.4586206896551724
y_date_push,2,test,naive,sector,Railways,128,8,0.0625,0.13125,0.13125,0.6833333333333333,0.13233283367637777,0.27746260554575397,0.0962406015037594,0.16,1.6624999999999999
y_date_push,2,test,naive,sector,Roads & Highways,917,529,0.5768811341330425,0.6471677798043106,0.6471677798043106,0.6180889832985793,0.27438944724905817,0.2012664204279988,0.6894736842105263,0.56,0.8122137404580153
y_date_push,2,test,naive,sector,Shipping & Ports,5,1,0.2,0.2,0.2,0.5,0.17473019864291536,0.12136802973977696,0.0037593984962406013,0.0,0.0
y_date_push,2,test,naive,sector,Steel,8,2,0.25,0.25,0.25,0.16666666666666669,0.23791901863666423,0.3095026425791264,0.006015037593984963,0.0,0.0
y_date_push,2,test,naive,sector,Telecommunications,11,7,0.6363636363636364,0.6363636363636364,0.6363636363636364,0.125,0.3553502579433246,0.522743246070534,0.008270676691729323,0.0,0.0
y_date_push,2,test,naive,sector,Urban Development & Housing,27,5,0.18518518518518517,0.16825396825396824,0.16825396825396824,0.42727272727272725,0.1988113366523655,0.1978892887107228,0.02030075187969925,0.0,0.0
y_date_push,2,test,naive,sector,Water Resources,35,5,0.14285714285714285,0.14285714285714285,0.14285714285714285,0.4,0.16985532991639615,0.19891179290976313,0.02631578947368421,0.0,0.0
y_date_push,2,test,naive,cost_band,1000-5000 cr,489,267,0.5460122699386503,0.5950684755492316,0.5950684755492316,0.5835357829739851,0.27233466700271053,0.17572795734241362,0.3676691729323308,0.54,1.468711656441718
y_date_push,2,test,naive,cost_band,500-1000 cr,301,135,0.4485049833887043,0.5648271194782823,0.5648271194782823,0.659616242748773,0.238728537819921,0.08285591731097282,0.22631578947368422,0.16,0.7069767441860465
y_date_push,2,test,naive,cost_band,over 5000 cr,70,15,0.21428571428571427,0.20476190476190476,0.20476190476190476,0.4636363636363636,0.19294383659161657,0.1376836744947562,0.05263157894736842,0.14,2.6600000000000006
y_date_push,2,test,naive,cost_band,under 500 cr,470,212,0.451063829787234,0.5050798179568897,0.5050798179568897,0.5884708205353225,0.24703155400517574,0.08006806410912186,0.3533834586466165,0.16,0.45276595744680853
y_date_push,2,test,naive,age,due to 1.5x,463,256,0.5529157667386609,0.5975328574837608,0.5975328574837608,0.5802573973429952,0.2677562372460837,0.1629204991214466,0.3481203007518797,0.28,0.8043196544276459
y_date_push,2,test,naive,age,half to due,444,157,0.3536036036036036,0.36879793806545397,0.36879793806545397,0.5272975432211101,0.22768957425335543,0.01612155767896644,0.33383458646616543,0.0,0.0
y_date_push,2,test,naive,age,over 1.5x schedule,342,210,0.6140350877192983,0.6325673785914061,0.6325673785914061,0.5371212121212121,0.28860489268430245,0.22864082268970104,0.2571428571428571,0.72,2.8000000000000003
y_date_push,2,test,naive,age,under half of schedule,78,5,0.0641025641025641,0.0641025641025641,0.0641025641025641,0.4726027397260274,0.13082772703041642,0.2633683007735335,0.058646616541353384,0.0,0.0
y_date_push,2,test,naive,age,unknown,3,1,0.3333333333333333,0.3333333333333333,0.3333333333333333,0.5,0.2223653907123082,0.011965303593556353,0.002255639097744361,0.0,0.0
y_date_push,2,test,naive,freshness,4-6 months,1,0,0.0,,,,0.10327741053882616,0.32136802973977696,0.0007518796992481203,0.0,0.0
y_date_push,2,test,naive,freshness,current (3 months),853,405,0.47479484173505276,0.5504946628737424,0.5504946628737424,0.6227513227513227,0.24614709350994027,0.08855288749517314,0.6413533834586466,0.8,1.24736225087925
y_date_push,2,test,naive,freshness,over 6 months,92,53,0.5760869565217391,0.6713858530260128,0.6713858530260128,0.662070633768747,0.2589394928428696,0.17451971287096574,0.06917293233082707,0.2,2.8913043478260874
y_date_push,2,test,naive,freshness,unknown,384,171,0.4453125,0.4453125,0.4453125,0.5,0.2623715090518373,0.12394447026022304,0.2887218045112782,0.0,0.0
y_date_push,2,test,naive,progress_reported,no,1,1,1.0,,,,0.46054135105927224,0.678631970260223,0.0007518796992481203,0.0,0.0
y_date_push,2,test,naive,progress_reported,yes,1329,628,0.472535741158766,0.5364828457688906,0.5364828457688906,0.6010930699546599,0.25145169273206025,0.10397750428701069,0.9992481203007518,1.0,1.000752445447705
y_date_push,2,test,naive,pre_event,no revision yet,541,230,0.42513863216266173,0.42513863216266173,0.42513863216266173,0.5,0.2551641135327312,0.10377060242288477,0.4067669172932331,0.0,0.0
y_date_push,2,test,naive,pre_event,revised before,789,399,0.5057034220532319,0.5800838594780614,0.5800838594780614,0.6254771544245229,0.24917117309348524,0.10788553465216717,0.5932330827067669,1.0,1.6856780735107733
y_date_push,2,test,naive,on_schedule,behind or over,1041,556,0.5341018251681076,0.5714362227797013,0.5714362227797013,0.5667785359341393,0.2677897308037461,0.15271672078079682,0.7827067669172932,1.0,1.2776176753121997
y_date_push,2,test,naive,on_schedule,on schedule and cost,289,73,0.25259515570934254,0.2559842631653789,0.2559842631653789,0.5045345002536783,0.19332432949919626,0.07042172285647033,0.21729323308270676,0.0,0.0
y_date_push,2,test,naive,report,flash,1330,629,0.47293233082706765,0.5365785301275047,0.5365785301275047,0.6006930821061894,0.25160890300147926,0.10440957531405821,1.0,1.0,1.0
y_date_push,2,test,rule,sector,Civil Aviation,20,7,0.35,0.27615021717188903,0.27615021717188903,0.19780219780219777,0.23340820837689313,0.024833228545386665,0.015037593984962405,0.0,0.0
y_date_push,2,test,rule,sector,Coal,29,7,0.2413793103448276,0.19947971818286664,0.19947971818286664,0.3181818181818182,0.19576130887182341,0.09666502180801964,0.02180451127819549,0.0,0.0
y_date_push,2,test,rule,sector,Education,21,4,0.19047619047619047,0.24037114845938373,0.24037114845938373,0.5441176470588236,0.17277093060957296,0.1374134019085579,0.015789473684210527,0.0,0.0
y_date_push,2,test,rule,sector,Health,12,5,0.4166666666666667,0.3882034632034632,0.3882034632034632,0.2857142857142857,0.2530394222016124,0.08312737262843961,0.009022556390977444,0.02,2.216666666666667
y_date_push,2,test,rule,sector,Industry & Commerce,1,0,0.0,,,,0.12234967067322147,0.3497851778924051,0.0007518796992481203,0.0,0.0
y_date_push,2,test,rule,sector,Mines & Metals,5,2,0.4,0.5833333333333333,0.5833333333333333,0.6666666666666667,0.2357049185932437,0.05934990113456717,0.0037593984962406013,0.0,0.0
y_date_push,2,test,rule,sector,Petroleum & Natural Gas,53,29,0.5471698113207547,0.4841058008887585,0.4841058008887585,0.39511494252873564,0.2979352712584523,0.24193020393131562,0.03984962406015038,0.08,2.0075471698113208
y_date_push,2,test,rule,sector,Power,58,18,0.3103448275862069,0.4630170509342527,0.4630170509342527,0.5069444444444444,0.21058576930011547,0.07813430352425176,0.04360902255639098,0.16,3.668965517241379
y_date_push,2,test,rule,sector,Railways,128,8,0.0625,0.11640868947067284,0.11640868947067284,0.6770833333333333,0.13315342561335836,0.2747947351727481,0.0962406015037594,0.12,1.246875
y_date_push,2,test,rule,sector,Roads & Highways,917,529,0.5768811341330425,0.5870250260200244,0.5870250260200244,0.4949647262876854,0.30656186336407065,0.24991220200014938,0.6894736842105263,0.16,0.23206106870229007
y_date_push,2,test,rule,sector,Shipping & Ports,5,1,0.2,0.3333333333333333,0.3333333333333333,0.5,0.18171431772361785,0.1352589929737279,0.0037593984962406013,0.0,0.0
y_date_push,2,test,rule,sector,Steel,8,2,0.25,0.375,0.375,0.4166666666666667,0.19593098950491433,0.09098980899799074,0.006015037593984963,0.02,3.3249999999999997
y_date_push,2,test,rule,sector,Telecommunications,11,7,0.6363636363636364,0.7919294990723562,0.7919294990723562,0.6785714285714285,0.3262476228684225,0.31243990248045683,0.008270676691729323,0.0,0.0
y_date_push,2,test,rule,sector,Urban Development & Housing,27,5,0.18518518518518517,0.14895989974937343,0.14895989974937343,0.2727272727272727,0.1759574979218235,0.15068555184728288,0.02030075187969925,0.0,0.0
y_date_push,2,test,rule,sector,Water Resources,35,5,0.14285714285714285,0.12327867383512546,0.12327867383512546,0.32,0.18326990492459508,0.23339816875454997,0.02631578947368421,0.44,16.720000000000002
y_date_push,2,test,rule,cost_band,1000-5000 cr,489,267,0.5460122699386503,0.4967174595998736,0.4967174595998736,0.44555791746802986,0.29559100627194745,0.22089503647148867,0.3676691729323308,0.6,1.6319018404907975
y_date_push,2,test,rule,cost_band,500-1000 cr,301,135,0.4485049833887043,0.37925963467081303,0.37925963467081303,0.3902498884426595,0.26538016441335505,0.12478356827086835,0.22631578947368422,0.06,0.2651162790697674
y_date_push,2,test,rule,cost_band,over 5000 cr,70,15,0.21428571428571427,0.2319094435377009,0.2319094435377009,0.4945454545454546,0.18876758980457506,0.1391426628147457,0.05263157894736842,0.32,6.08
y_date_push,2,test,rule,cost_band,under 500 cr,470,212,0.451063829787234,0.44330604136682566,0.44330604136682566,0.45927490127248793,0.2639767442720969,0.12543940661880718,0.3533834586466165,0.02,0.056595744680851066
y_date_push,2,test,rule,age,due to 1.5x,463,256,0.5529157667386609,0.4685386601048023,0.4685386601048023,0.39875830314009664,0.3021823816852447,0.23190256571726053,0.3481203007518797,0.32,0.9192224622030237
y_date_push,2,test,rule,age,half to due,444,157,0.3536036036036036,0.2991727399676603,0.2991727399676603,0.38967797776248925,0.23154077076555107,0.029291296022640086,0.33383458646616543,0.06,0.17972972972972973
y_date_push,2,test,rule,age,over 1.5x schedule,342,210,0.6140350877192983,0.5189061175756511,0.5189061175756511,0.36594516594516596,0.3161542489208852,0.28311911566746417,0.2571428571428571,0.6,2.3333333333333335
y_date_push,2,test,rule,age,under half of schedule,78,5,0.0641025641025641,0.05566923741923742,0.05566923741923742,0.3452054794520548,0.13033897128277488,0.2646890906279562,0.058646616541353384,0.0,0.0
y_date_push,2,test,rule,age,unknown,3,1,0.3333333333333333,0.5,0.5,0.5,0.23349827281194768,0.24627551364881706,0.002255639097744361,0.02,8.866666666666667
y_date_push,2,test,rule,freshness,4-6 months,1,0,0.0,,,,0.09710095058861176,0.31161025430593864,0.0007518796992481203,0.0,0.0
y_date_push,2,test,rule,freshness,current (3 months),853,405,0.47479484173505276,0.39576760613721473,0.39576760613721473,0.392609126984127,0.2742167220503735,0.15112689032453563,0.6413533834586466,0.9,1.403282532239156
y_date_push,2,test,rule,freshness,over 6 months,92,53,0.5760869565217391,0.6726564760325312,0.6726564760325312,0.5611998064828254,0.30418229923168977,0.24858132488614348,0.06917293233082707,0.04,0.5782608695652174
y_date_push,2,test,rule,freshness,unknown,384,171,0.4453125,0.5341784856946361,0.5341784856946361,0.5358015539631551,0.2596809798456648,0.11934096174305815,0.2887218045112782,0.06,0.20781249999999998
y_date_push,2,test,rule,progress_reported,no,1,1,1.0,,,,0.44182191775466423,0.6646968615501838,0.0007518796992481203,0.0,0.0
y_date_push,2,test,rule,progress_reported,yes,1329,628,0.472535741158766,0.4267293351858827,0.4267293351858827,0.44045926201877206,0.27183176127302733,0.14795435781025756,0.9992481203007518,1.0,1.000752445447705
y_date_push,2,test,rule,pre_event,no revision yet,541,230,0.42513863216266173,0.4530477985796604,0.4530477985796604,0.5178037187194184,0.25412789990516743,0.10644679143801612,0.4067669172932331,0.38,0.9341959334565618
y_date_push,2,test,rule,pre_event,revised before,789,399,0.5057034220532319,0.4244914457915112,0.4244914457915112,0.38360002570528884,0.284186360964401,0.17707011942131276,0.5932330827067669,0.62,1.0451204055766794
y_date_push,2,test,rule,on_schedule,behind or over,1041,556,0.5341018251681076,0.45816153643102014,0.45816153643102014,0.40067492397834314,0.2933163020999885,0.2086436965387067,0.7827067669172932,1.0,1.2776176753121997
y_date_push,2,test,rule,on_schedule,on schedule and cost,289,73,0.25259515570934254,0.20126698124724776,0.20126698124724776,0.3730657026889903,0.19503101094643574,0.07649618050541036,0.21729323308270676,0.0,0.0
y_date_push,2,test,rule,report,flash,1330,629,0.47293233082706765,0.4272878003997791,0.4272878003997791,0.4408884423569327,0.2719595734207579,0.14834288600855827,1.0,1.0,1.0
y_date_push,2,test,logreg,sector,Civil Aviation,20,7,0.35,0.35381187440010964,0.35381187440010964,0.4835164835164835,0.25352263244859186,0.20796730794294366,0.015037593984962405,0.0,0.0
y_date_push,2,test,logreg,sector,Coal,29,7,0.2413793103448276,0.4722027972027972,0.4722027972027972,0.6688311688311688,0.17443319576082955,0.11543916714711312,0.02180451127819549,0.0,0.0
y_date_push,2,test,logreg,sector,Education,21,4,0.19047619047619047,0.27236519607843135,0.27236519607843135,0.4558823529411765,0.37461352388467034,0.46453502070017577,0.015789473684210527,0.04,2.533333333333333
y_date_push,2,test,logreg,sector,Health,12,5,0.4166666666666667,0.525952380952381,0.525952380952381,0.6571428571428571,0.2761098264212882,0.3170304768497751,0.009022556390977444,0.0,0.0
y_date_push,2,test,logreg,sector,Industry & Commerce,1,0,0.0,,,,0.03401988928400501,0.1844448136543964,0.0007518796992481203,0.0,0.0
y_date_push,2,test,logreg,sector,Mines & Metals,5,2,0.4,0.45,0.45,0.33333333333333337,0.333672004943566,0.43630034239402243,0.0037593984962406013,0.0,0.0
y_date_push,2,test,logreg,sector,Petroleum & Natural Gas,53,29,0.5471698113207547,0.7189071083269638,0.7189071083269638,0.6221264367816093,0.2707481825985938,0.16993466786903397,0.03984962406015038,0.0,0.0
y_date_push,2,test,logreg,sector,Power,58,18,0.3103448275862069,0.48066211674850956,0.48066211674850956,0.5833333333333333,0.25872234771714375,0.2215939290893699,0.04360902255639098,0.0,0.0
y_date_push,2,test,logreg,sector,Railways,128,8,0.0625,0.08886788793841796,0.08886788793841796,0.590625,0.1555639897660804,0.2743202782785611,0.0962406015037594,0.0,0.0
y_date_push,2,test,logreg,sector,Roads & Highways,917,529,0.5768811341330425,0.7565736003393926,0.7565736003393926,0.7500779529553915,0.22062851865719127,0.1559182357153139,0.6894736842105263,0.78,1.131297709923664
y_date_push,2,test,logreg,sector,Shipping & Ports,5,1,0.2,0.3333333333333333,0.3333333333333333,0.5,0.17125580423574588,0.3701720762098321,0.0037593984962406013,0.0,0.0
y_date_push,2,test,logreg,sector,Steel,8,2,0.25,1.0,1.0,1.0,0.20967955683545283,0.3601048848286296,0.006015037593984963,0.0,0.0
y_date_push,2,test,logreg,sector,Telecommunications,11,7,0.6363636363636364,0.49340342197485054,0.49340342197485054,0.10714285714285714,0.2942203991323661,0.28217989111740605,0.008270676691729323,0.18,21.763636363636365
y_date_push,2,test,logreg,sector,Urban Development & Housing,27,5,0.18518518518518517,0.569047619047619,0.569047619047619,0.8636363636363635,0.2562865968990965,0.36458539808976886,0.02030075187969925,0.0,0.0
y_date_push,2,test,logreg,sector,Water Resources,35,5,0.14285714285714285,0.6106837606837607,0.6106837606837607,0.8133333333333335,0.21604937000642171,0.33326847803899684,0.02631578947368421,0.0,0.0
y_date_push,2,test,logreg,cost_band,1000-5000 cr,489,267,0.5460122699386503,0.7577242939424269,0.7577242939424269,0.7312312312312311,0.21350036406648876,0.08200477585251818,0.3676691729323308,0.36,0.9791411042944785
y_date_push,2,test,logreg,cost_band,500-1000 cr,301,135,0.4485049833887043,0.6593367567033264,0.6593367567033264,0.7463632307005801,0.2051680162287286,0.06321769936086928,0.22631578947368422,0.1,0.4418604651162791
y_date_push,2,test,logreg,cost_band,over 5000 cr,70,15,0.21428571428571427,0.45175298360679317,0.45175298360679317,0.7381818181818182,0.23126371527733441,0.2746248998567446,0.05263157894736842,0.06,1.1400000000000001
y_date_push,2,test,logreg,cost_band,under 500 cr,470,212,0.451063829787234,0.5800584518222625,0.5800584518222625,0.6559894690653796,0.2393650728781676,0.09209118909679466,0.3533834586466165,0.48,1.3582978723404255
y_date_push,2,test,logreg,age,due to 1.5x,463,256,0.5529157667386609,0.7126413014755227,0.7126413014755227,0.6706861413043479,0.22979870019644455,0.09300314547630484,0.3481203007518797,0.16,0.45961123110151186
y_date_push,2,test,logreg,age,half to due,444,157,0.3536036036036036,0.47695355436517956,0.47695355436517956,0.6660600545950863,0.22216615294520406,0.11405807870811475,0.33383458646616543,0.02,0.05990990990990991
y_date_push,2,test,logreg,age,over 1.5x schedule,342,210,0.6140350877192983,0.6808883694885861,0.6808883694885861,0.5813131313131312,0.24249846357442884,0.11731675005664736,0.2571428571428571,0.82,3.188888888888889
y_date_push,2,test,logreg,age,under half of schedule,78,5,0.0641025641025641,0.07811217833707465,0.07811217833707465,0.4136986301369864,0.07590603768048683,0.08368286203151455,0.058646616541353384,0.0,0.0
y_date_push,2,test,logreg,age,unknown,3,1,0.3333333333333333,0.5,0.5,0.5,0.3178598851184794,0.5468454904380021,0.002255639097744361,0.0,0.0
y_date_push,2,test,logreg,freshness,4-6 months,1,0,0.0,,,,0.21262114897576406,0.4611086086550153,0.0007518796992481203,0.0,0.0
y_date_push,2,test,logreg,freshness,current (3 months),853,405,0.47479484173505276,0.6476115724728819,0.6476115724728819,0.7009204144620812,0.22301381355725913,0.0579034921251324,0.6413533834586466,0.86,1.3409144196951934
y_date_push,2,test,logreg,freshness,over 6 months,92,53,0.5760869565217391,0.7792695298214841,0.7792695298214841,0.7740686985970004,0.1926470444037366,0.11747239313786156,0.06917293233082707,0.06,0.8673913043478261
y_date_push,2,test,logreg,freshness,unknown,384,171,0.4453125,0.749526183619011,0.749526183619011,0.8195371056749856,0.22573011207565352,0.20635838678028803,0.2887218045112782,0.08,0.27708333333333335
y_date_push,2,test,logreg,progress_reported,no,1,1,1.0,,,,0.10257796867836967,0.3202779553424957,0.0007518796992481203,0.0,0.0
y_date_push,2,test,logreg,progress_reported,yes,1329,628,0.472535741158766,0.6494189345210379,0.6494189345210379,0.7019090107853203,0.2217793207425388,0.06649375207565072,0.9992481203007518,1.0,1.000752445447705
y_date_push,2,test,logreg,pre_event,no revision yet,541,230,0.42513863216266173,0.6339566891286745,0.6339566891286745,0.7507059974835733,0.2278192496408018,0.1621994168002421,0.4067669172932331,0.14,0.34417744916820703
y_date_push,2,test,logreg,pre_event,revised before,789,399,0.5057034220532319,0.6844265049726683,0.6844265049726683,0.7186234817813765,0.21748679490473855,0.058570311103456334,0.5932330827067669,0.86,1.449683143219265
y_date_push,2,test,logreg,on_schedule,behind or over,1041,556,0.5341018251681076,0.6718499923982231,0.6718499923982231,0.6604279463027517,0.23238102182318227,0.06240365538472125,0.7827067669172932,0.96,1.2265129682997118
y_date_push,2,test,logreg,on_schedule,on schedule and cost,289,73,0.25259515570934254,0.3822425959395489,0.3822425959395489,0.6966007102993405,0.18317872497432441,0.09410926563151774,0.21729323308270676,0.04,0.18408304498269898
y_date_push,2,test,logreg,report,flash,1330,629,0.47293233082706765,0.6500250001541295,0.6500250001541295,0.7022445790592137,0.2216896956657989,0.0662029462805995,1.0,1.0,1.0
y_date_push,2,test,lightgbm,sector,Civil Aviation,20,7,0.35,0.5222222222222221,0.5222222222222221,0.7252747252747253,0.22378878658793971,0.17068191119911988,0.015037593984962405,0.0,0.0
y_date_push,2,test,lightgbm,sector,Coal,29,7,0.2413793103448276,0.5791916416916417,0.5791916416916417,0.7727272727272727,0.19368687207725302,0.23786995199151667,0.02180451127819549,0.0,0.0
y_date_push,2,test,lightgbm,sector,Education,21,4,0.19047619047619047,0.3095238095238095,0.3095238095238095,0.6617647058823529,0.29937468402219963,0.3853327211652781,0.015789473684210527,0.0,0.0
y_date_push,2,test,lightgbm,sector,Health,12,5,0.4166666666666667,1.0,1.0,1.0,0.12062347543624811,0.33363446333765756,0.009022556390977444,0.0,0.0
y_date_push,2,test,lightgbm,sector,Industry & Commerce,1,0,0.0,,,,0.002579702750198791,0.0507907742626433,0.0007518796992481203,0.0,0.0
y_date_push,2,test,lightgbm,sector,Mines & Metals,5,2,0.4,0.8333333333333333,0.8333333333333333,0.8333333333333334,0.2983963203488562,0.3816288483926637,0.0037593984962406013,0.0,0.0
y_date_push,2,test,lightgbm,sector,Petroleum & Natural Gas,53,29,0.5471698113207547,0.7748891546994717,0.7748891546994717,0.7471264367816093,0.20165894874432708,0.15549286239525045,0.03984962406015038,0.02,0.5018867924528302
y_date_push,2,test,lightgbm,sector,Power,58,18,0.3103448275862069,0.6153152579833748,0.6153152579833748,0.7472222222222222,0.17926021289134847,0.22418099948040093,0.04360902255639098,0.02,0.4586206896551724
y_date_push,2,test,lightgbm,sector,Railways,128,8,0.0625,0.11300897186828679,0.11300897186828679,0.6770833333333334,0.12966414042927946,0.22282073404830383,0.0962406015037594,0.0,0.0
y_date_push,2,test,lightgbm,sector,Roads & Highways,917,529,0.5768811341330425,0.845486564625544,0.845486564625544,0.833784810866642,0.18863092703174844,0.1470949190467526,0.6894736842105263,0.96,1.3923664122137402
y_date_push,2,test,lightgbm,sector,Shipping & Ports,5,1,0.2,0.5,0.5,0.75,0.17616661080815726,0.3180244600032368,0.0037593984962406013,0.0,0.0
y_date_push,2,test,lightgbm,sector,Steel,8,2,0.25,1.0,1.0,1.0,0.06007809627178705,0.22894991317072694,0.006015037593984963,0.0,0.0
y_date_push,2,test,lightgbm,sector,Telecommunications,11,7,0.6363636363636364,0.6535714285714285,0.6535714285714285,0.5,0.2533698244142183,0.4089647549641738,0.008270676691729323,0.0,0.0
y_date_push,2,test,lightgbm,sector,Urban Development & Housing,27,5,0.18518518518518517,0.36583333333333334,0.36583333333333334,0.6909090909090909,0.26768995628766395,0.35828062991406917,0.02030075187969925,0.0,0.0
y_date_push,2,test,lightgbm,sector,Water Resources,35,5,0.14285714285714285,0.14508559861191442,0.14508559861191442,0.42666666666666675,0.29750621996453347,0.38152277115223754,0.02631578947368421,0.0,0.0
y_date_push,2,test,lightgbm,cost_band,1000-5000 cr,489,267,0.5460122699386503,0.8184719285816635,0.8184719285816635,0.8061544690758173,0.18574277672894868,0.09108131862786296,0.3676691729323308,0.54,1.468711656441718
y_date_push,2,test,lightgbm,cost_band,500-1000 cr,301,135,0.4485049833887043,0.7824942359425808,0.7824942359425808,0.8175814368585452,0.18060247965104956,0.08827103941904778,0.22631578947368422,0.22,0.9720930232558139
y_date_push,2,test,lightgbm,cost_band,over 5000 cr,70,15,0.21428571428571427,0.5630555597337096,0.5630555597337096,0.8109090909090909,0.16643364130292856,0.18151757218862816,0.05263157894736842,0.02,0.38
y_date_push,2,test,lightgbm,cost_band,under 500 cr,470,212,0.451063829787234,0.6983732479589841,0.6983732479589841,0.7629259909316953,0.20197265194696523,0.07383147127911521,0.3533834586466165,0.22,0.6225531914893617
y_date_push,2,test,lightgbm,age,due to 1.5x,463,256,0.5529157667386609,0.8258313922919704,0.8258313922919704,0.7828540157004831,0.19030424282126304,0.06429278286297802,0.3481203007518797,0.56,1.6086393088552917
y_date_push,2,test,lightgbm,age,half to due,444,157,0.3536036036036036,0.6518138036941503,0.6518138036941503,0.7684369382365344,0.19384742629013874,0.11999858172755236,0.33383458646616543,0.06,0.17972972972972973
y_date_push,2,test,lightgbm,age,over 1.5x schedule,342,210,0.6140350877192983,0.7564155338969752,0.7564155338969752,0.7024891774891775,0.21321775316777497,0.08215457185067097,0.2571428571428571,0.38,1.4777777777777779
y_date_push,2,test,lightgbm,age,under half of schedule,78,5,0.0641025641025641,0.4126984126984127,0.4126984126984127,0.9150684931506848,0.04878568317537602,0.024641212231085233,0.058646616541353384,0.0,0.0
y_date_push,2,test,lightgbm,age,unknown,3,1,0.3333333333333333,0.3333333333333333,0.3333333333333333,0.0,0.2873963105252476,0.2164435840863145,0.002255639097744361,0.0,0.0
y_date_push,2,test,lightgbm,freshness,4-6 months,1,0,0.0,,,,0.08455322481506163,0.29078037212828106,0.0007518796992481203,0.0,0.0
y_date_push,2,test,lightgbm,freshness,current (3 months),853,405,0.47479484173505276,0.7415131896916611,0.7415131896916611,0.7607253086419754,0.200034741435846,0.05077273843291215,0.6413533834586466,0.8,1.24736225087925
y_date_push,2,test,lightgbm,freshness,over 6 months,92,53,0.5760869565217391,0.8372451097583539,0.8372451097583539,0.8490566037735849,0.1730519134957598,0.19669585898790318,0.06917293233082707,0.1,1.4456521739130437
y_date_push,2,test,lightgbm,freshness,unknown,384,171,0.4453125,0.8590927251116619,0.8590927251116619,0.8891359855036652,0.16961484841275756,0.1472071702308682,0.2887218045112782,0.1,0.3463541666666667
y_date_push,2,test,lightgbm,progress_reported,no,1,1,1.0,,,,0.10200326490879809,0.31937949982551805,0.0007518796992481203,0.0,0.0
y_date_push,2,test,lightgbm,progress_reported,yes,1329,628,0.472535741158766,0.7639930970128654,0.7639930970128654,0.7933548070545262,0.18936423042647985,0.06019122250821886,0.9992481203007518,1.0,1.000752445447705
y_date_push,2,test,lightgbm,pre_event,no revision yet,541,230,0.42513863216266173,0.7815813940482875,0.7815813940482875,0.836739829442192,0.18016311578758673,0.10786505921295471,0.4067669172932331,0.1,0.24584103512014788
y_date_push,2,test,lightgbm,pre_event,revised before,789,399,0.5057034220532319,0.7658843626811012,0.7658843626811012,0.7713707345286293,0.19556250932904445,0.04346597163910582,0.5932330827067669,0.9,1.517110266159696
y_date_push,2,test,lightgbm,on_schedule,behind or over,1041,556,0.5341018251681076,0.7827172186748621,0.7827172186748621,0.7703144700734259,0.19744076593237836,0.05434793772441852,0.7827067669172932,0.98,1.2520653218059559
y_date_push,2,test,lightgbm,on_schedule,on schedule and cost,289,73,0.25259515570934254,0.5741198021256906,0.5741198021256906,0.817351598173516,0.1599696476335455,0.09816867931072493,0.21729323308270676,0.02,0.09204152249134949
y_date_push,2,test,lightgbm,report,flash,1330,629,0.47293233082706765,0.7643454315870168,0.7643454315870168,0.7935427245656331,0.18929854549000039,0.05990583098766716,1.0,1.0,1.0
y_date_push,2,flash,naive,sector,Civil Aviation,60,30,0.5,0.5530026497085321,0.5367965367965367,0.5305555555555556,0.26795121486875595,0.12866118724200232,0.022962112514351322,0.04666666666666667,2.0323333333333333
y_date_push,2,flash,naive,sector,Coal,95,28,0.29473684210526313,0.25152576256695247,0.27456751422268666,0.33981876332622596,0.22623726346696402,0.11945101536058747,0.03635667814772292,0.1,2.750526315789474
y_date_push,2,flash,naive,sector,Education,60,16,0.26666666666666666,0.2558238636363636,0.2820767195767196,0.43963068181818177,0.20793009723220965,0.08259683087452976,0.022962112514351322,0.013333333333333334,0.5806666666666667
y_date_push,2,flash,naive,sector,Health,30,15,0.5,0.4814814814814815,0.5083333333333334,0.4355555555555556,0.2793275732236966,0.15701687320092286,0.011481056257175661,0.0,0.0
y_date_push,2,flash,naive,sector,Industry & Commerce,1,0,0.0,,,,0.10327741053882616,0.32136802973977696,0.0003827018752391887,0.0,0.0
y_date_push,2,flash,naive,sector,Mines & Metals,15,6,0.4,0.36190476190476195,0.4000000000000001,0.3333333333333333,0.2646681920143629,0.23155886307401616,0.0057405281285878304,0.013333333333333334,2.3226666666666667
y_date_push,2,flash,naive,sector,Petroleum & Natural Gas,254,122,0.48031496062992124,0.5740434972648436,0.5383688973701101,0.6224540486835569,0.258715930714587,0.12321204005373645,0.09720627631075392,0.11333333333333333,1.1659055118110235
y_date_push,2,flash,naive,sector,Power,160,67,0.41875,0.47541100823459603,0.45577690439928437,0.5498314877226769,0.24617203796094883,0.04279915398201749,0.06123230003827019,0.04,0.65325
y_date_push,2,flash,naive,sector,Railways,452,65,0.14380530973451328,0.17107499515525348,0.16867725942631887,0.5261379447425959,0.16784554728891674,0.21500164375352754,0.1729812476081133,0.38666666666666666,2.235309734513274
y_date_push,2,flash,naive,sector,Roads & Highways,1219,803,0.6587366694011485,0.718154623682383,0.7774677871906024,0.5548843280007663,0.2986876286670863,0.28362336232680735,0.466513585916571,0.26666666666666666,0.5716160787530763
y_date_push,2,flash,naive,sector,Shipping & Ports,15,2,0.13333333333333333,0.15,0.18333333333333335,0.5384615384615385,0.156940103319586,0.19577522075670376,0.0057405281285878304,0.0,0.0
y_date_push,2,flash,naive,sector,Steel,17,6,0.35294117647058826,0.3019607843137255,0.3833333333333333,0.2121212121212121,0.26169934942953194,0.3009008365068883,0.006505931879066207,0.013333333333333334,2.0494117647058827
y_date_push,2,flash,naive,sector,Telecommunications,36,24,0.6666666666666666,0.7478983918128654,0.7147327980661314,0.5833333333333333,0.3226058399042149,0.30872926821879665,0.013777267508610792,0.0,0.0
y_date_push,2,flash,naive,sector,Urban Development & Housing,85,40,0.47058823529411764,0.5100880932082977,0.48699374699374703,0.41888888888888887,0.27073984407608875,0.1441183836489441,0.032529659395331034,0.006666666666666667,0.20494117647058827
y_date_push,2,flash,naive,sector,Water Resources,114,26,0.22807017543859648,0.22280808436414842,0.2323972323972324,0.4423076923076923,0.1920447341809001,0.1109160641825809,0.04362801377726751,0.0,0.0
y_date_push,2,flash,naive,cost_band,1000-5000 cr,938,476,0.5074626865671642,0.5777703780286033,0.5323606247365696,0.6130406708137801,0.2601062822319567,0.13582455778398736,0.358974358974359,0.47333333333333333,1.3185714285714285
y_date_push,2,flash,naive,cost_band,500-1000 cr,544,245,0.45036764705882354,0.49967412349421025,0.4781219105372687,0.5624462494027711,0.2470596142248206,0.08819584189581965,0.20818982013011864,0.15333333333333332,0.7365073529411764
y_date_push,2,flash,naive,cost_band,over 5000 cr,241,74,0.3070539419087137,0.3553979290493814,0.3342418616263998,0.545355235474996,0.21367215998049358,0.05309994391724002,0.09223115193264447,0.22666666666666666,2.4575933609958502
y_date_push,2,flash,naive,cost_band,under 500 cr,890,455,0.5112359550561798,0.5229335799312586,0.5201677625295668,0.49229000884173296,0.2708022462701923,0.1475171324348847,0.34060466896287794,0.14666666666666667,0.4306067415730337
y_date_push,2,flash,naive,age,due to 1.5x,945,531,0.5619047619047619,0.6139296810692451,0.5744348151225706,0.5738079641911624,0.27419716426242363,0.18273323371843408,0.3616532721010333,0.24,0.6636190476190476
y_date_push,2,flash,naive,age,half to due,794,253,0.31863979848866497,0.32798312266573765,0.30960176852266863,0.5310726001475821,0.21944696758107118,0.03181663699965382,0.3038652889399158,0.26,0.8556423173803527
y_date_push,2,flash,naive,age,over 1.5x schedule,689,435,0.6313497822931785,0.6635864630210586,0.6168596416921317,0.5430265182369445,0.2986925378966405,0.25905572542410704,0.263681592039801,0.5,1.8962264150943395
y_date_push,2,flash,naive,age,under half of schedule,166,18,0.10843373493975904,0.1283209762125425,0.17601281147792772,0.5052552552552553,0.1513156548403097,0.2345642829004977,0.06352851128970533,0.0,0.0
y_date_push,2,flash,naive,age,unknown,19,13,0.6842105263157895,0.6572199730094468,0.5474747474747474,0.3717948717948718,0.34812330557948684,0.36331129651454463,0.007271335629544585,0.0,0.0
y_date_push,2,flash,naive,freshness,4-6 months,727,389,0.5350756533700137,0.6075479951890653,0.6079250305167072,0.6132816659314583,0.26659487568828555,0.16773589296908573,0.27822426329889016,0.32666666666666666,1.1741127922971113
y_date_push,2,flash,naive,freshness,current (3 months),1214,534,0.43986820428336076,0.47241279515503243,0.4497033038607479,0.5533046926635823,0.24326482928624416,0.056244930585622445,0.46460007654037505,0.6,1.2914332784184512
y_date_push,2,flash,naive,freshness,over 6 months,93,53,0.5698924731182796,0.6612854920828141,0.6713858530260128,0.6455188679245283,0.2582605093948669,0.1678852407504528,0.03559127439724455,0.07333333333333333,2.0604301075268814
y_date_push,2,flash,naive,freshness,unknown,579,274,0.47322970639032813,0.4558069243000139,0.5082258597883598,0.4628634677515855,0.2724229842055981,0.1520491662632737,0.22158438576349024,0.0,0.0
y_date_push,2,flash,naive,progress_reported,no,1,1,1.0,,,,0.46054135105927224,0.678631970260223,0.0003827018752391887,0.0,0.0
y_date_push,2,flash,naive,progress_reported,yes,2612,1249,0.47817764165390503,0.5208745839607382,0.4991387531436798,0.5587087424892225,0.2566725004810829,0.11224980957329185,0.9996172981247609,1.0,1.0003828483920367
y_date_push,2,flash,naive,pre_event,no revision yet,906,377,0.41611479028697573,0.421620051908747,0.4043598641587445,0.5110889371367828,0.2519768447726049,0.09497103811161106,0.3467278989667049,0.0,0.0
y_date_push,2,flash,naive,pre_event,revised before,1707,873,0.5114235500878734,0.5471166957873524,0.5250542559414727,0.5527268906524265,0.25928417764713996,0.12175241596167484,0.653272101033295,1.0,1.530755711775044
y_date_push,2,flash,naive,on_schedule,behind or over,2101,1131,0.538315088053308,0.5639818593296444,0.5396744758614362,0.5381402280620198,0.2730933170747713,0.16334111291041284,0.8040566398775354,0.96,1.1939457401237505
y_date_push,2,flash,naive,on_schedule,on schedule and cost,512,119,0.232421875,0.23387069267362118,0.228689622709737,0.5061154232685441,0.189687604362409,0.09629793681460726,0.1959433601224646,0.04,0.204140625
y_date_push,2,flash,naive,report,flash,2613,1250,0.47837734404898585,0.5209830553202354,0.49917064792988447,0.5586761555392517,0.25675052147250205,0.11246656508828877,1.0,1.0,1.0
y_date_push,2,flash,rule,sector,Civil Aviation,60,30,0.5,0.45245030956587995,0.48553284938411356,0.3788888888888889,0.28226770128582884,0.17343781961896154,0.022962112514351322,0.0,0.0
y_date_push,2,flash,rule,sector,Coal,95,28,0.29473684210526313,0.3456051343204841,0.3381931383783481,0.45309168443496806,0.21101753955359256,0.04363133640773509,0.03635667814772292,0.0,0.0
y_date_push,2,flash,rule,sector,Education,60,16,0.26666666666666666,0.22858570854835725,0.2730271580987525,0.38352272727272724,0.20107008663026044,0.06094700527640018,0.022962112514351322,0.0,0.0
y_date_push,2,flash,rule,sector,Health,30,15,0.5,0.4192030908095398,0.47273906648906644,0.28444444444444444,0.28282339081562285,0.16690185682110517,0.011481056257175661,0.013333333333333334,1.1613333333333333
y_date_push,2,flash,rule,sector,Industry & Commerce,1,0,0.0,,,,0.12234967067322147,0.3497851778924051,0.0003827018752391887,0.0,0.0
y_date_push,2,flash,rule,sector,Mines & Metals,15,6,0.4,0.6357142857142858,0.861111111111111,0.8055555555555556,0.23419748277008026,0.05983824054087477,0.0057405281285878304,0.0,0.0
y_date_push,2,flash,rule,sector,Petroleum & Natural Gas,254,122,0.48031496062992124,0.5296330047846215,0.5398030551392109,0.5360779930452061,0.2709777855096004,0.1492039852784833,0.09720627631075392,0.06666666666666667,0.6858267716535433
y_date_push,2,flash,rule,sector,Power,160,67,0.41875,0.36875154734326177,0.42427751957523857,0.39865190178141546,0.25322343865206715,0.09126240805791434,0.06123230003827019,0.15333333333333332,2.5041249999999997
y_date_push,2,flash,rule,sector,Railways,452,65,0.14380530973451328,0.15317627903508044,0.16223775097598722,0.5029218843172332,0.16077204069331222,0.19344961383658366,0.1729812476081133,0.18666666666666668,1.0791150442477877
y_date_push,2,flash,rule,sector,Roads & Highways,1219,803,0.6587366694011485,0.6680111998345994,0.7459207394766924,0.4898128412683207,0.335032773176288,0.33182552682202976,0.466513585916571,0.09333333333333334,0.2000656275635767
y_date_push,2,flash,rule,sector,Shipping & Ports,15,2,0.13333333333333333,0.26666666666666666,0.6666666666666666,0.6153846153846154,0.15445461298239843,0.20411877516498464,0.0057405281285878304,0.0,0.0
y_date_push,2,flash,rule,sector,Steel,17,6,0.35294117647058826,0.2799544817927171,0.39999999999999997,0.2121212121212121,0.2394271388290694,0.15015123821140605,0.006505931879066207,0.02,3.0741176470588236
y_date_push,2,flash,rule,sector,Telecommunications,36,24,0.6666666666666666,0.5718250751194323,0.6509120178763036,0.3506944444444444,0.34370838476499527,0.3398991383737339,0.013777267508610792,0.013333333333333334,0.9677777777777778
y_date_push,2,flash,rule,sector,Urban Development & Housing,85,40,0.47058823529411764,0.4050272775288216,0.40344844588030776,0.32555555555555554,0.27159024643234825,0.13459957767854797,0.032529659395331034,0.0,0.0
y_date_push,2,flash,rule,sector,Water Resources,114,26,0.22807017543859648,0.15659189223459247,0.1777256825492686,0.25065559440559443,0.2101709559984088,0.14888373141257535,0.04362801377726751,0.4533333333333333,10.390877192982456
y_date_push,2,flash,rule,cost_band,1000-5000 cr,938,476,0.5074626865671642,0.4332951052766032,0.41414284846097554,0.40942968096329446,0.2842307336390802,0.1854723116396577,0.358974358974359,0.56,1.56
y_date_push,2,flash,rule,cost_band,500-1000 cr,544,245,0.45036764705882354,0.38923170365543514,0.3875873545505723,0.4082178690874343,0.2653995866972572,0.1262270548842529,0.20818982013011864,0.1,0.4803308823529412
y_date_push,2,flash,rule,cost_band,over 5000 cr,241,74,0.3070539419087137,0.27544065435955123,0.291446403186295,0.42037546528564496,0.21841021597932225,0.043837457539682205,0.09223115193264447,0.3333333333333333,3.614107883817427
y_date_push,2,flash,rule,cost_band,under 500 cr,890,455,0.5112359550561798,0.49734104382610633,0.4882509567795695,0.45800682076544147,0.2851320727387052,0.18511963254034144,0.34060466896287794,0.006666666666666667,0.01957303370786517
y_date_push,2,flash,rule,age,due to 1.5x,945,531,0.5619047619047619,0.45915626002479826,0.44441556757781714,0.360797237915882,0.3059328113015569,0.24210506224174444,0.3616532721010333,0.36,0.9954285714285713
y_date_push,2,flash,rule,age,half to due,794,253,0.31863979848866497,0.2633465964915621,0.2669111891648161,0.39594368502188165,0.21962952711431338,0.008905556169797272,0.3038652889399158,0.08666666666666667,0.28521410579345086
y_date_push,2,flash,rule,age,over 1.5x schedule,689,435,0.6313497822931785,0.5021899700410328,0.4879496904793952,0.29272332337768125,0.32414777884422574,0.3056740258357926,0.263681592039801,0.5333333333333333,2.0226415094339623
y_date_push,2,flash,rule,age,under half of schedule,166,18,0.10843373493975904,0.13180627234746467,0.182091308544032,0.5777027027027026,0.1452985447865036,0.22045178232121831,0.06352851128970533,0.013333333333333334,0.20987951807228916
y_date_push,2,flash,rule,age,unknown,19,13,0.6842105263157895,0.75919446051025,0.73993265993266,0.6282051282051282,0.3389726756980093,0.3894922511190449,0.007271335629544585,0.006666666666666667,0.9168421052631579
y_date_push,2,flash,rule,freshness,4-6 months,727,389,0.5350756533700137,0.437282043395414,0.43740247612190997,0.36248688033342974,0.29590776161065047,0.2194169251629249,0.27822426329889016,0.32,1.1501513067400275
y_date_push,2,flash,rule,freshness,current (3 months),1214,534,0.43986820428336076,0.3711144136146788,0.365259546131041,0.39930601454064774,0.26169755690221186,0.11230923320424345,0.46460007654037505,0.46,0.9900988467874794
y_date_push,2,flash,rule,freshness,over 6 months,93,53,0.5698924731182796,0.6421526491975681,0.6726564760325312,0.5481132075471697,0.302293481886975,0.2420535681620905,0.03559127439724455,0.013333333333333334,0.3746236559139785
y_date_push,2,flash,rule,freshness,unknown,579,274,0.47322970639032813,0.48286774120495635,0.5315107239424247,0.5144011008735192,0.2702092219680703,0.14777872685465407,0.22158438576349024,0.20666666666666667,0.9326770293609672
y_date_push,2,flash,rule,progress_reported,no,1,1,1.0,,,,0.44182191775466423,0.6646968615501838,0.0003827018752391887,0.0,0.0
y_date_push,2,flash,rule,progress_reported,yes,2612,1249,0.47817764165390503,0.4139120370848462,0.40475199603175954,0.4166852190483128,0.27448253759091684,0.1543911491308449,0.9996172981247609,1.0,1.0003828483920367
y_date_push,2,flash,rule,pre_event,no revision yet,906,377,0.41611479028697573,0.40364968496040304,0.3928205430374665,0.492902378242317,0.25241704656993674,0.10079339129442112,0.3467278989667049,0.43333333333333335,1.2497792494481237
y_date_push,2,flash,rule,pre_event,revised before,1707,873,0.5114235500878734,0.4257018335452992,0.4182137443302718,0.3739544446916694,0.28629195425475495,0.1831374141057829,0.653272101033295,0.5666666666666667,0.8674282366725249
y_date_push,2,flash,rule,on_schedule,behind or over,2101,1131,0.538315088053308,0.44155137277411005,0.43049711084507497,0.36546984239838837,0.29560961452092593,0.21394919688258165,0.8040566398775354,1.0,1.2436934792955736
y_date_push,2,flash,rule,on_schedule,on schedule and cost,512,119,0.232421875,0.179750718381575,0.18009044896921786,0.3618684114867321,0.18811408202492969,0.10982970419762893,0.1959433601224646,0.0,0.0
y_date_push,2,flash,rule,report,flash,2613,1250,0.47837734404898585,0.4141651445175805,0.4049381511030583,0.4168654438738078,0.27454657868550686,0.15458644408393304,1.0,1.0,1.0
y_date_push,2,flash,logreg,sector,Civil Aviation,60,30,0.5,0.5107737623191462,0.6140505736093971,0.5633333333333334,0.26398469272328856,0.18964078089545283,0.022962112514351322,0.013333333333333334,0.5806666666666667
y_date_push,2,flash,logreg,sector,Coal,95,28,0.29473684210526313,0.5103681402326785,0.5958957619257065,0.7142857142857143,0.18456883930807202,0.07268393997540938,0.03635667814772292,0.006666666666666667,0.1833684210526316
y_date_push,2,flash,logreg,sector,Education,60,16,0.26666666666666666,0.28233474419410604,0.4038340336134454,0.5014204545454546,0.2754641369426204,0.26959009439414156,0.022962112514351322,0.05333333333333334,2.3226666666666667
y_date_push,2,flash,logreg,sector,Health,30,15,0.5,0.622293790797627,0.7371891534391534,0.6577777777777778,0.3023407420987368,0.28015800638346294,0.011481056257175661,0.0,0.0
y_date_push,2,flash,logreg,sector,Industry & Commerce,1,0,0.0,,,,0.03401988928400501,0.1844448136543964,0.0003827018752391887,0.0,0.0
y_date_push,2,flash,logreg,sector,Mines & Metals,15,6,0.4,0.4694444444444444,0.7166666666666667,0.537037037037037,0.2679865584210358,0.18427733522223774,0.0057405281285878304,0.006666666666666667,1.1613333333333333
y_date_push,2,flash,logreg,sector,Petroleum & Natural Gas,254,122,0.48031496062992124,0.6771635711081918,0.7852376990193934,0.7455911574764034,0.2161603136069459,0.1395930379648257,0.09720627631075392,0.06,0.617244094488189
y_date_push,2,flash,logreg,sector,Power,160,67,0.41875,0.46615531462686477,0.5356373625803276,0.5278446477290963,0.2712561242963471,0.15242491001683753,0.06123230003827019,0.06,0.9798749999999999
y_date_push,2,flash,logreg,sector,Railways,452,65,0.14380530973451328,0.2072622893191854,0.2644939554078942,0.6543033194195985,0.1426092573721865,0.12012184299109059,0.1729812476081133,0.02,0.11561946902654867
y_date_push,2,flash,logreg,sector,Roads & Highways,1219,803,0.6587366694011485,0.8108056413900393,0.8470329433746637,0.7513351374652744,0.2242704119969474,0.20899861935195532,0.466513585916571,0.58,1.243264971287941
y_date_push,2,flash,logreg,sector,Shipping & Ports,15,2,0.13333333333333333,0.29166666666666663,0.41666666666666663,0.6923076923076923,0.11525367044188126,0.12904466107180107,0.0057405281285878304,0.0,0.0
y_date_push,2,flash,logreg,sector,Steel,17,6,0.35294117647058826,0.6711640211640211,0.9166666666666666,0.7121212121212122,0.20252095322897057,0.22012127864546321,0.006505931879066207,0.006666666666666667,1.0247058823529414
y_date_push,2,flash,logreg,sector,Telecommunications,36,24,0.6666666666666666,0.6427594720252434,0.7144577864815961,0.5173611111111112,0.23452119189788037,0.18612774407542904,0.013777267508610792,0.14666666666666667,10.645555555555555
y_date_push,2,flash,logreg,sector,Urban Development & Housing,85,40,0.47058823529411764,0.45202796482097324,0.6363026002897724,0.4083333333333334,0.2858313504879182,0.22264997987561513,0.032529659395331034,0.03333333333333333,1.0247058823529414
y_date_push,2,flash,logreg,sector,Water Resources,114,26,0.22807017543859648,0.40231763206866855,0.684384041884042,0.7137237762237763,0.1730338003105579,0.11865726683351391,0.04362801377726751,0.013333333333333334,0.30561403508771934
y_date_push,2,flash,logreg,cost_band,1000-5000 cr,938,476,0.5074626865671642,0.770034504721381,0.7777865414240043,0.7892202335479647,0.19777340888980938,0.10101664127466038,0.358974358974359,0.2866666666666667,0.7985714285714286
y_date_push,2,flash,logreg,cost_band,500-1000 cr,544,245,0.45036764705882354,0.6732034273315055,0.6609408238976067,0.7457374923213433,0.20984089092021185,0.07455944631318182,0.20818982013011864,0.16666666666666666,0.8005514705882353
y_date_push,2,flash,logreg,cost_band,over 5000 cr,241,74,0.3070539419087137,0.46488254397670137,0.5652913637996896,0.6933160705615796,0.19859798283320768,0.06762153829129444,0.09223115193264447,0.11333333333333333,1.2287966804979251
y_date_push,2,flash,logreg,cost_band,under 500 cr,890,455,0.5112359550561798,0.6678075512986591,0.7058936967066843,0.7047214854111407,0.23515129469387822,0.12662425650274717,0.34060466896287794,0.43333333333333335,1.2722471910112358
y_date_push,2,flash,logreg,age,due to 1.5x,945,531,0.5619047619047619,0.6971388228921889,0.7020599864829479,0.6530836904209539,0.2370614276234486,0.09176164363238294,0.3616532721010333,0.24666666666666667,0.68205291005291
y_date_push,2,flash,logreg,age,half to due,794,253,0.31863979848866497,0.4877671116260632,0.5331472099019802,0.7044194253066711,0.20003473896742677,0.07875597987335188,0.3038652889399158,0.02666666666666667,0.08775818639798488
y_date_push,2,flash,logreg,age,over 1.5x schedule,689,435,0.6313497822931785,0.7513764035360244,0.7642449228070293,0.6839080459770115,0.22054847027359337,0.12520870281620344,0.263681592039801,0.7133333333333334,2.7052830188679247
y_date_push,2,flash,logreg,age,under half of schedule,166,18,0.10843373493975904,0.1469113481101813,0.21506898528260376,0.5701951951951951,0.1015439201582476,0.051473217856202666,0.06352851128970533,0.0,0.0
y_date_push,2,flash,logreg,age,unknown,19,13,0.6842105263157895,0.7125210259825644,0.7747474747474747,0.576923076923077,0.2708868279221236,0.30663301177316393,0.007271335629544585,0.013333333333333334,1.8336842105263158
y_date_push,2,flash,logreg,freshness,4-6 months,727,389,0.5350756533700137,0.8315895067854326,0.8323903023247803,0.8246375929785066,0.19977977512830042,0.15306480709743084,0.27822426329889016,0.30666666666666664,1.1022283356258595
y_date_push,2,flash,logreg,freshness,current (3 months),1214,534,0.43986820428336076,0.6334411270069686,0.6424928924069262,0.7194068076668869,0.21201013552478587,0.029518860001104943,0.46460007654037505,0.56,1.205337726523888
y_date_push,2,flash,logreg,freshness,over 6 months,93,53,0.5698924731182796,0.7792695298214841,0.7792695298214841,0.7797169811320754,0.1905804287209733,0.11643780026519078,0.03559127439724455,0.02,0.5619354838709677
y_date_push,2,flash,logreg,freshness,unknown,579,274,0.47322970639032813,0.7659168475229677,0.7694876333176114,0.8161660883092019,0.2356951423543629,0.21045876928428942,0.22158438576349024,0.11333333333333333,0.5114680483592401
y_date_push,2,flash,logreg,progress_reported,no,1,1,1.0,,,,0.10257796867836967,0.3202779553424957,0.0003827018752391887,0.0,0.0
y_date_push,2,flash,logreg,progress_reported,yes,2612,1249,0.47817764165390503,0.6886593126055172,0.7040778419567948,0.743411456971887,0.21313518008074758,0.08730290057921797,0.9996172981247609,1.0,1.0003828483920367
y_date_push,2,flash,logreg,pre_event,no revision yet,906,377,0.41611479028697573,0.6641450533985968,0.6962754902286097,0.7834159843155345,0.2206945765165019,0.15734269542467544,0.3467278989667049,0.13333333333333333,0.3845474613686534
y_date_push,2,flash,logreg,pre_event,revised before,1707,873,0.5114235500878734,0.7115607556861916,0.7255159535674984,0.7373867229240663,0.2090582202786411,0.052725873657690714,0.653272101033295,0.8666666666666667,1.3266549502050382
y_date_push,2,flash,logreg,on_schedule,behind or over,2101,1131,0.538315088053308,0.7031778364111376,0.7197092988140904,0.7049759814779366,0.22598086054858446,0.0987489376756733,0.8040566398775354,0.96,1.1939457401237505
y_date_push,2,flash,logreg,on_schedule,on schedule and cost,512,119,0.232421875,0.4432858245844148,0.4787087157336766,0.7388970855517778,0.16020679751370154,0.059899457385389945,0.1959433601224646,0.04,0.204140625
y_date_push,2,flash,logreg,report,flash,2613,1250,0.47837734404898585,0.68901219866213,0.7042798638344919,0.7435779897285401,0.21309286962862267,0.08739206056955982,1.0,1.0,1.0
y_date_push,2,flash,lightgbm,sector,Civil Aviation,60,30,0.5,0.6913499599832762,0.8077974214337851,0.7866666666666666,0.19927522588376367,0.13996111871371672,0.022962112514351322,0.006666666666666667,0.29033333333333333
y_date_push,2,flash,lightgbm,sector,Coal,95,28,0.29473684210526313,0.7150050647418476,0.7399273180523182,0.8480810234541578,0.1503922165518732,0.1309314099116377,0.03635667814772292,0.06,1.6503157894736844
y_date_push,2,flash,lightgbm,sector,Education,60,16,0.26666666666666666,0.45791734780930726,0.4846150581444699,0.671875,0.28395237261327266,0.32002388261680276,0.022962112514351322,0.04,1.742
y_date_push,2,flash,lightgbm,sector,Health,30,15,0.5,1.0,1.0,1.0,0.11735546911726896,0.29729370725098375,0.011481056257175661,0.0,0.0
y_date_push,2,flash,lightgbm,sector,Industry & Commerce,1,0,0.0,,,,0.002579702750198791,0.0507907742626433,0.0003827018752391887,0.0,0.0
y_date_push,2,flash,lightgbm,sector,Mines & Metals,15,6,0.4,0.8107142857142856,0.8240740740740741,0.8518518518518519,0.23961106585687422,0.26688702893321165,0.0057405281285878304,0.006666666666666667,1.1613333333333333
y_date_push,2,flash,lightgbm,sector,Petroleum & Natural Gas,254,122,0.48031496062992124,0.8561255689480384,0.8768569307396262,0.8867983109786387,0.13943676975178573,0.08796106562779875,0.09720627631075392,0.15333333333333332,1.5774015748031496
y_date_push,2,flash,lightgbm,sector,Power,160,67,0.41875,0.6014021069378295,0.6107247584367023,0.6483710479858771,0.23308205626361217,0.11875328241974614,0.06123230003827019,0.07333333333333333,1.197625
y_date_push,2,flash,lightgbm,sector,Railways,452,65,0.14380530973451328,0.29188382242226174,0.30340673687266134,0.7297555158020275,0.13743299542129403,0.12943561827380995,0.1729812476081133,0.006666666666666667,0.03853982300884956
y_date_push,2,flash,lightgbm,sector,Roads & Highways,1219,803,0.6587366694011485,0.8753894829898599,0.9059692940696056,0.8237708353290545,0.20649283292548656,0.20917319354229302,0.466513585916571,0.5266666666666666,1.1289417555373256
y_date_push,2,flash,lightgbm,sector,Shipping & Ports,15,2,0.13333333333333333,0.26666666666666666,0.5,0.6923076923076923,0.13630776603710212,0.2172266439865598,0.0057405281285878304,0.0,0.0
y_date_push,2,flash,lightgbm,sector,Steel,17,6,0.35294117647058826,0.9484126984126984,0.9444444444444443,0.9696969696969697,0.11457579370839091,0.1917585218508245,0.006505931879066207,0.03333333333333333,5.123529411764705
y_date_push,2,flash,lightgbm,sector,Telecommunications,36,24,0.6666666666666666,0.7927599367480307,0.7900756907701352,0.7118055555555556,0.19562024338217376,0.1651597749195543,0.013777267508610792,0.05333333333333334,3.8711111111111114
y_date_push,2,flash,lightgbm,sector,Urban Development & Housing,85,40,0.47058823529411764,0.5902328504266359,0.6541034201613171,0.7027777777777778,0.21537753762372217,0.07972595878462836,0.032529659395331034,0.02,0.6148235294117648
y_date_push,2,flash,lightgbm,sector,Water Resources,114,26,0.22807017543859648,0.3473798385215417,0.441647930311544,0.6678321678321678,0.21951412431942877,0.1970940027668487,0.04362801377726751,0.02,0.45842105263157895
y_date_push,2,flash,lightgbm,cost_band,1000-5000 cr,938,476,0.5074626865671642,0.826048154587004,0.8228654783485982,0.8290861799265161,0.17255293984844755,0.07116362736913168,0.358974358974359,0.43333333333333335,1.207142857142857
y_date_push,2,flash,lightgbm,cost_band,500-1000 cr,544,245,0.45036764705882354,0.7743705886339005,0.7779219709825024,0.8047778308647875,0.18467123548184267,0.06701899682273434,0.20818982013011864,0.16666666666666666,0.8005514705882353
y_date_push,2,flash,lightgbm,cost_band,over 5000 cr,241,74,0.3070539419087137,0.691150292608001,0.698568056766648,0.8345201488914065,0.15542622842284498,0.08768537844092393,0.09223115193264447,0.12666666666666668,1.3733609958506225
y_date_push,2,flash,lightgbm,cost_band,under 500 cr,890,455,0.5112359550561798,0.7268499952176002,0.7437883709470702,0.7549829480863963,0.21520873698653137,0.11435758271893476,0.34060466896287794,0.2733333333333333,0.8024943820224718
y_date_push,2,flash,lightgbm,age,due to 1.5x,945,531,0.5619047619047619,0.8103669329586466,0.7994287327636714,0.7697626390822165,0.19445115843344596,0.05584225313428749,0.3616532721010333,0.5266666666666666,1.456275132275132
y_date_push,2,flash,lightgbm,age,half to due,794,253,0.31863979848866497,0.6477152070766974,0.681939807885903,0.7789922044523026,0.17128050966957858,0.06830399932848157,0.3038652889399158,0.08666666666666667,0.28521410579345086
y_date_push,2,flash,lightgbm,age,over 1.5x schedule,689,435,0.6313497822931785,0.7867314488705772,0.8344690544501466,0.7100461580233506,0.22104959087310186,0.12349060237972947,0.263681592039801,0.37333333333333335,1.4158490566037736
y_date_push,2,flash,lightgbm,age,under half of schedule,166,18,0.10843373493975904,0.3049619600098814,0.331915116683257,0.8126876876876876,0.08879615604114587,0.038548394881303155,0.06352851128970533,0.0,0.0
y_date_push,2,flash,lightgbm,age,unknown,19,13,0.6842105263157895,0.8617069707567444,0.6944444444444445,0.7051282051282052,0.23752143348608104,0.20938537091883017,0.007271335629544585,0.013333333333333334,1.8336842105263158
y_date_push,2,flash,lightgbm,freshness,4-6 months,727,389,0.5350756533700137,0.7982761517492594,0.7984450378334854,0.7818028323268584,0.19904027238093283,0.09725065129382543,0.27822426329889016,0.32666666666666666,1.1741127922971113
y_date_push,2,flash,lightgbm,freshness,current (3 months),1214,534,0.43986820428336076,0.7442072465708456,0.7590524597642843,0.7918621943159286,0.18422267855392332,0.019751384956114216,0.46460007654037505,0.56,1.205337726523888
y_date_push,2,flash,lightgbm,freshness,over 6 months,93,53,0.5698924731182796,0.8372451097583539,0.8372451097583539,0.8528301886792453,0.17128238456869896,0.19557136572614037,0.03559127439724455,0.03333333333333333,0.9365591397849462
y_date_push,2,flash,lightgbm,freshness,unknown,579,274,0.47322970639032813,0.8374907232047266,0.8285041754659573,0.8529137250209405,0.18485567374368683,0.1471433368220002,0.22158438576349024,0.08,0.36103626943005185
y_date_push,2,flash,lightgbm,progress_reported,no,1,1,1.0,,,,0.10200326490879809,0.31937949982551805,0.0003827018752391887,0.0,0.0
y_date_push,2,flash,lightgbm,progress_reported,yes,2612,1249,0.47817764165390503,0.7710132607284308,0.7778701348939928,0.7968011973775645,0.18805792625688206,0.06159362086931568,0.9996172981247609,1.0,1.0003828483920367
y_date_push,2,flash,lightgbm,pre_event,no revision yet,906,377,0.41611479028697573,0.7485578406171723,0.7320142569698485,0.8124182056129127,0.18298775775982587,0.0875259544668392,0.3467278989667049,0.13333333333333333,0.3845474613686534
y_date_push,2,flash,lightgbm,pre_event,revised before,1707,873,0.5114235500878734,0.781811303683847,0.7948626783183922,0.787289069088372,0.19069853433947423,0.05306199622050385,0.653272101033295,0.8666666666666667,1.3266549502050382
y_date_push,2,flash,lightgbm,on_schedule,behind or over,2101,1131,0.538315088053308,0.7901706994252432,0.8004758472015783,0.7759149370596224,0.1969809347559442,0.07043849516052074,0.8040566398775354,0.9733333333333334,1.2105283198476917
y_date_push,2,flash,lightgbm,on_schedule,on schedule and cost,512,119,0.232421875,0.5186939142775293,0.5235326037624984,0.7910492441251309,0.15127414594852723,0.06915922986948357,0.1959433601224646,0.02666666666666667,0.13609375
y_date_push,2,flash,lightgbm,report,flash,2613,1250,0.47837734404898585,0.7712214071370769,0.7779875797520432,0.7969121056493031,0.1880249929766111,0.06169227600860239,1.0,1.0,1.0
y_cost_rev,2,val,naive,sector,Atomic Energy,16,4,0.25,0.4318181818181818,0.75,0.6666666666666666,0.2265095448948936,0.19867268301946783,0.0017035775127768314,0.01,5.87
y_cost_rev,2,val,naive,sector,Civil Aviation,198,19,0.09595959595959595,0.14892358389769447,0.1520315355142941,0.6881799470743899,0.08870325618684734,0.046994351783655124,0.021081771720613287,0.02,0.9486868686868688
y_cost_rev,2,val,naive,sector,Coal,660,14,0.021212121212121213,0.0751769172698449,0.10281327616773746,0.6138323750552853,0.02106643980870319,0.024130602728578383,0.07027257240204429,0.06,0.8538181818181818
y_cost_rev,2,val,naive,sector,Defence,1,0,0.0,,,,0.0019828207365051444,0.044528875311477895,0.00010647359454855196,0.0,0.0
y_cost_rev,2,val,naive,sector,Education,111,7,0.06306306306306306,0.06901166722595294,0.125,0.49244505494505497,0.05967618336912479,0.014306064563380065,0.011818568994889268,0.0033333333333333335,0.28204204204204203
y_cost_rev,2,val,naive,sector,Finance,9,0,0.0,,,,0.0017557044090749513,0.04182522772965951,0.0009582623509369676,0.0,0.0
y_cost_rev,2,val,naive,sector,Health,42,2,0.047619047619047616,0.11309523809523808,0.6,0.66875,0.04524997056937635,0.0015484835529359503,0.004471890971039182,0.0033333333333333335,0.7453968253968254
y_cost_rev,2,val,naive,sector,Home Affairs,28,1,0.03571428571428571,0.1111111111111111,0.5,0.7222222222222222,0.03439532332970777,0.013122635964112525,0.002981260647359455,0.016666666666666666,5.59047619047619
y_cost_rev,2,val,naive,sector,Industry & Commerce,10,2,0.2,0.1625,0.5,0.09375,0.18664438915305273,0.15175469988166407,0.0010647359454855196,0.0,0.0
y_cost_rev,2,val,naive,sector,Mines & Metals,46,1,0.021739130434782608,0.04,0.125,0.5222222222222223,0.02213735679141461,0.025442251385825038,0.0048977853492333905,0.0033333333333333335,0.6805797101449276
y_cost_rev,2,val,naive,sector,North Eastern Region,3,0,0.0,,,,0.0018309259001075273,0.042770970250324995,0.00031942078364565585,0.0,0.0
y_cost_rev,2,val,naive,sector,Petroleum & Natural Gas,708,36,0.05084745762711865,0.06859063585043294,0.0762587814040408,0.5798817791005291,0.0481322974733672,0.0038940990422038357,0.07538330494037479,0.013333333333333334,0.1768738229755179
y_cost_rev,2,val,naive,sector,Power,512,31,0.060546875,0.05273906960412068,0.07146446520639417,0.3746227617195359,0.05739783346553788,0.012909084967786158,0.054514480408858604,0.07,1.2840625
y_cost_rev,2,val,naive,sector,Railways,1250,120,0.096,0.10891140059099105,0.10693115516973349,0.5232374631268436,0.0890279572348058,0.048823815751115954,0.13309199318568996,0.36666666666666664,2.7549866666666665
y_cost_rev,2,val,naive,sector,Roads & Highways,5392,148,0.02744807121661721,0.03923085802822232,0.03720540772299626,0.6258020749582535,0.027098661346157137,0.021043335078263222,0.5741056218057922,0.4066666666666667,0.7083481701285855
y_cost_rev,2,val,naive,sector,Shipping & Ports,6,0,0.0,,,,0.0018994906652058479,0.04344286949894375,0.0006388415672913117,0.0,0.0
y_cost_rev,2,val,naive,sector,Social Justice,5,0,0.0,,,,0.001996092443794592,0.04460420812338172,0.0005323679727427598,0.0,0.0
y_cost_rev,2,val,naive,sector,Steel,63,8,0.12698412698412698,0.2939494336899997,0.4107142857142857,0.49204545454545456,0.11602528624223621,0.07999723756468577,0.006707836456558773,0.013333333333333334,1.9877248677248678
y_cost_rev,2,val,naive,sector,Telecommunications,34,1,0.029411764705882353,0.045454545454545456,0.2,0.42424242424242425,0.02946393711554353,0.020635534998171806,0.003620102214650767,0.0,0.0
y_cost_rev,2,val,naive,sector,Urban Development & Housing,145,0,0.0,,,,0.0023952078906374318,0.047643598574263264,0.015438671209540034,0.013333333333333334,0.8636321839080461
y_cost_rev,2,val,naive,sector,Water Resources,153,7,0.0457516339869281,0.06446996083461756,0.07958514171607882,0.5215264187866928,0.043620822319382774,0.0074471648321916125,0.01629045996592845,0.0,0.0
y_cost_rev,2,val,naive,cost_band,1000-5000 cr,2726,167,0.061261922230374175,0.08246029943231882,0.07830776651348523,0.6055836743862802,0.05746941493869983,0.013014049411766947,0.29024701873935266,0.43,1.4814966984592808
y_cost_rev,2,val,naive,cost_band,500-1000 cr,2181,88,0.040348464007336084,0.04784987627822291,0.04659727293016976,0.5757204751769969,0.03887327733027966,0.007715969055036757,0.23221890971039183,0.2633333333333333,1.133987467522543
y_cost_rev,2,val,naive,cost_band,over 5000 cr,545,42,0.07706422018348624,0.0879258239120376,0.09935946871891317,0.4658241030010414,0.07185987793730467,0.029313274533286887,0.05802810902896082,0.13666666666666666,2.355180428134556
y_cost_rev,2,val,naive,cost_band,under 500 cr,3940,104,0.026395939086294416,0.03137342683475413,0.030324523550617627,0.5410659140129943,0.026167349188339465,0.021415035101267424,0.41950596252129474,0.17,0.4052385786802031
y_cost_rev,2,val,naive,age,due to 1.5x,1977,114,0.057663125948406675,0.062211723693856184,0.06382057153678485,0.5300355020670302,0.05455223536460063,0.007385853647149748,0.2104982964224872,0.2,0.9501264542235711
y_cost_rev,2,val,naive,age,half to due,3100,117,0.03774193548387097,0.04857108730263819,0.049722949311553404,0.570272856729444,0.036302807257561784,0.00848215407969597,0.3300681431005111,0.02,0.060593548387096775
y_cost_rev,2,val,naive,age,over 1.5x schedule,2676,126,0.04708520179372197,0.05380574947627258,0.055090772579194,0.5622906940553999,0.04491282082011466,0.0031454421148385606,0.28492333901192507,0.6866666666666666,2.410004982561036
y_cost_rev,2,val,naive,age,under half of schedule,1483,33,0.022252191503708697,0.031090523995131892,0.027709457656603913,0.5762068965517242,0.022227000466176206,0.022404716201856092,0.15790034071550255,0.006666666666666667,0.0422207237581479
y_cost_rev,2,val,naive,age,unknown,156,11,0.07051282051282051,0.20982807374232815,0.180503663003663,0.5921630094043888,0.06518852716603252,0.022977620015335085,0.016609880749574105,0.08666666666666667,5.217777777777778
y_cost_rev,2,val,naive,freshness,4-6 months,28,2,0.07142857142857142,0.07407407407407407,0.07407407407407407,0.28846153846153844,0.06729881693598178,0.01872934345538734,0.002981260647359455,0.03,10.062857142857142
y_cost_rev,2,val,naive,freshness,current (3 months),8764,388,0.04427202190780465,0.053609344103120245,0.05149124092558841,0.5686675971602713,0.04228677867388149,0.0039231645353654115,0.9331345826235093,0.97,1.0395070743952532
y_cost_rev,2,val,naive,freshness,over 6 months,4,0,0.0,,,,0.005035421603342283,0.06851653148004952,0.00042589437819420784,0.0,0.0
y_cost_rev,2,val,naive,freshness,unknown,596,11,0.018456375838926176,0.02011937642189743,0.021156823568588272,0.49968919968919956,0.018794287583231477,0.026207172808387524,0.06345826235093696,0.0,0.0
y_cost_rev,2,val,naive,progress_reported,no,4422,225,0.05088195386702849,0.06809453515825908,0.05943446093314455,0.5839398512164774,0.04817840397851068,0.0025711930313280854,0.47082623509369675,0.5,1.0619629127091814
y_cost_rev,2,val,naive,progress_reported,yes,4970,176,0.035412474849094565,0.04105985651813482,0.03995743498271171,0.5227551247771836,0.03433849695475854,0.012298098405521839,0.5291737649063032,0.5,0.9448692152917506
y_cost_rev,2,val,naive,pre_event,no revision yet,3960,91,0.02297979797979798,0.025091644661183715,0.02285492412777325,0.5282749042118389,0.022873205385786983,0.02069398465018676,0.42163543441226575,0.0,0.0
y_cost_rev,2,val,naive,pre_event,revised before,5432,310,0.05706921944035346,0.061029128579517464,0.06154380914585481,0.5366568628685872,0.05396342763814576,0.00592718072971811,0.5783645655877342,1.0,1.7290132547864507
y_cost_rev,2,val,naive,on_schedule,behind or over,5960,320,0.053691275167785234,0.05919232738810005,0.05890718958873894,0.5445550753546099,0.050882588078877515,0.0032819335972502153,0.6345826235093697,0.99,1.5600805369127517
y_cost_rev,2,val,naive,on_schedule,on schedule and cost,3432,81,0.0236013986013986,0.02730874610329293,0.026601658990013446,0.5392107017989839,0.023440270194642846,0.020195821017051876,0.36541737649063033,0.01,0.027365967365967366
y_cost_rev,2,val,naive,report,quarterly,9392,401,0.042695911413969334,0.05211528877877609,0.049691303663790154,0.5695063309360898,0.040854688272798576,0.005297245899798846,1.0,1.0,1.0
y_cost_rev,2,val,rule,sector,Atomic Energy,16,4,0.25,0.27146464646464646,0.5833333333333333,0.47916666666666663,0.2148066957636829,0.16681841245803275,0.0017035775127768314,0.03,17.61
y_cost_rev,2,val,rule,sector,Civil Aviation,198,19,0.09595959595959595,0.17737434435452093,0.19131799880521108,0.7522787415466039,0.08747165825789492,0.0506072155744192,0.021081771720613287,0.023333333333333334,1.106801346801347
y_cost_rev,2,val,rule,sector,Coal,660,14,0.021212121212121213,0.02010456944873308,0.12301268575457751,0.46528084918177803,0.02169814363784551,0.024389858437130388,0.07027257240204429,0.03,0.4269090909090909
y_cost_rev,2,val,rule,sector,Defence,1,0,0.0,,,,0.0030481870103133317,0.055210388608606345,0.00010647359454855196,0.0,0.0
y_cost_rev,2,val,rule,sector,Education,111,7,0.06306306306306306,0.12363617958269613,0.3817307692307692,0.723901098901099,0.05826992950676971,0.016831426009430363,0.011818568994889268,0.0,0.0
y_cost_rev,2,val,rule,sector,Finance,9,0,0.0,,,,0.0011629065423129743,0.03163010786256862,0.0009582623509369676,0.0,0.0
y_cost_rev,2,val,rule,sector,Health,42,2,0.047619047619047616,0.06777777777777777,0.2,0.5,0.04555350623939326,0.0002653133226441923,0.004471890971039182,0.0,0.0
y_cost_rev,2,val,rule,sector,Home Affairs,28,1,0.03571428571428571,0.25,0.5,0.8888888888888888,0.03304527440861691,0.022407422292215356,0.002981260647359455,0.006666666666666667,2.236190476190476
y_cost_rev,2,val,rule,sector,Industry & Commerce,10,2,0.2,0.15555555555555556,0.5,0.0,0.1922136182684846,0.15686784811239518,0.0010647359454855196,0.0,0.0
y_cost_rev,2,val,rule,sector,Mines & Metals,46,1,0.021739130434782608,0.0625,0.3333333333333333,0.6666666666666667,0.023343533916566694,0.042504706980771155,0.0048977853492333905,0.023333333333333334,4.764057971014493
y_cost_rev,2,val,rule,sector,North Eastern Region,3,0,0.0,,,,0.0010556228278168218,0.0311991691400058,0.00031942078364565585,0.0,0.0
y_cost_rev,2,val,rule,sector,Petroleum & Natural Gas,708,36,0.05084745762711865,0.05162776443722597,0.08452727862191665,0.5297205687830688,0.048581604786708324,0.009409408089649409,0.07538330494037479,0.04,0.5306214689265537
y_cost_rev,2,val,rule,sector,Power,512,31,0.060546875,0.20932890321885958,0.3257087479750092,0.6303400174367916,0.055351233200089944,0.011216974320864352,0.054514480408858604,0.12666666666666668,2.323541666666667
y_cost_rev,2,val,rule,sector,Railways,1250,120,0.096,0.12081464822629921,0.14711867151252792,0.5815339233038349,0.08771143050376927,0.036964878489605314,0.13309199318568996,0.5566666666666666,4.182570666666666
y_cost_rev,2,val,rule,sector,Roads & Highways,5392,148,0.02744807121661721,0.058479204791334005,0.05949206970134558,0.6580738347042695,0.026682506086285352,0.015431520237076743,0.5741056218057922,0.13666666666666666,0.23805143422354103
y_cost_rev,2,val,rule,sector,Shipping & Ports,6,0,0.0,,,,0.002506117270692551,0.04849819807865868,0.0006388415672913117,0.0,0.0
y_cost_rev,2,val,rule,sector,Social Justice,5,0,0.0,,,,0.001661190880557583,0.03911008242375069,0.0005323679727427598,0.0,0.0
y_cost_rev,2,val,rule,sector,Steel,63,8,0.12698412698412698,0.18850884024724204,0.5787698412698412,0.5522727272727272,0.11768874842575307,0.08739551571518185,0.006707836456558773,0.0033333333333333335,0.49693121693121695
y_cost_rev,2,val,rule,sector,Telecommunications,34,1,0.029411764705882353,0.05555555555555555,0.2,0.5151515151515151,0.028871678899912462,0.012733441033258422,0.003620102214650767,0.0,0.0
y_cost_rev,2,val,rule,sector,Urban Development & Housing,145,0,0.0,,,,0.002272931766507236,0.045523557123997416,0.015438671209540034,0.0,0.0
y_cost_rev,2,val,rule,sector,Water Resources,153,7,0.0457516339869281,0.04053838388563345,0.13607891019655724,0.3962818003913894,0.04484074826418589,0.003788678221075819,0.01629045996592845,0.023333333333333334,1.432331154684096
y_cost_rev,2,val,rule,cost_band,1000-5000 cr,2726,167,0.061261922230374175,0.10393276424567212,0.11404161091286565,0.6627939899801804,0.0568275749393338,0.016652354031760765,0.29024701873935266,0.5433333333333333,1.8719686965028124
y_cost_rev,2,val,rule,cost_band,500-1000 cr,2181,88,0.040348464007336084,0.07601346779002491,0.09438059731077823,0.6809331972375451,0.03828075063952943,0.005803493466026188,0.23221890971039183,0.08666666666666667,0.37321106526058384
y_cost_rev,2,val,rule,cost_band,over 5000 cr,545,42,0.07706422018348624,0.176299524104297,0.22737246328342445,0.6226450818896148,0.06990005027666339,0.017836425692429644,0.05802810902896082,0.32,5.514568807339449
y_cost_rev,2,val,rule,cost_band,under 500 cr,3940,104,0.026395939086294416,0.03161574407998711,0.041712206938026734,0.5493803641613861,0.026079924500613666,0.017073751689855074,0.41950596252129474,0.05,0.11918781725888325
y_cost_rev,2,val,rule,age,due to 1.5x,1977,114,0.057663125948406675,0.08926395662394379,0.11480936597440938,0.6117420497028939,0.05403211199537014,0.01143478825271041,0.2104982964224872,0.25666666666666665,1.2193289495869162
y_cost_rev,2,val,rule,age,half to due,3100,117,0.03774193548387097,0.07449581428256075,0.10285264782776037,0.6361762236720332,0.036042300217674864,0.002335352564173582,0.3300681431005111,0.01,0.030296774193548388
y_cost_rev,2,val,rule,age,over 1.5x schedule,2676,126,0.04708520179372197,0.10108574996337544,0.12472276237628423,0.6933769063180827,0.04401366430363952,0.010757412724355441,0.28492333901192507,0.73,2.5620926756352764
y_cost_rev,2,val,rule,age,under half of schedule,1483,33,0.022252191503708697,0.03347772440111256,0.03737388289259768,0.5558829676071055,0.02212274911724378,0.018579617540559187,0.15790034071550255,0.0,0.0
y_cost_rev,2,val,rule,age,unknown,156,11,0.07051282051282051,0.24858139316895134,0.4164393939393939,0.6658307210031347,0.06481729266401479,0.021771144142080565,0.016609880749574105,0.0033333333333333335,0.2006837606837607
y_cost_rev,2,val,rule,freshness,4-6 months,28,2,0.07142857142857142,1.0,1.0,1.0,0.0628739502395492,0.010358271448748171,0.002981260647359455,0.0,0.0
y_cost_rev,2,val,rule,freshness,current (3 months),8764,388,0.04427202190780465,0.08028079464404228,0.08762732185116327,0.6425246039248123,0.04180573299867608,0.002562929512324488,0.9331345826235093,0.9966666666666667,1.068084588467975
y_cost_rev,2,val,rule,freshness,over 6 months,4,0,0.0,,,,0.00205721221057854,0.04354006450417952,0.00042589437819420784,0.0,0.0
y_cost_rev,2,val,rule,freshness,unknown,596,11,0.018456375838926176,0.07152814404347814,0.07712329528920249,0.6297591297591297,0.0186217666219635,0.02550924643388214,0.06345826235093696,0.0033333333333333335,0.05252796420581656
y_cost_rev,2,val,rule,progress_reported,no,4422,225,0.05088195386702849,0.09740747499264121,0.10279644242704196,0.6656357715828767,0.0477366474440551,0.005644530032719213,0.47082623509369675,0.5,1.0619629127091814
y_cost_rev,2,val,rule,progress_reported,yes,4970,176,0.035412474849094565,0.06557109982502586,0.07057760312089713,0.623558804566314,0.033835263856141926,0.002536152102403345,0.5291737649063032,0.5,0.9448692152917506
y_cost_rev,2,val,rule,pre_event,no revision yet,3960,91,0.02297979797979798,0.03317654900556549,0.04248803150448933,0.5749902720696207,0.022773491602266462,0.01719996812286552,0.42163543441226575,0.03666666666666667,0.08696296296296296
y_cost_rev,2,val,rule,pre_event,revised before,5432,310,0.05706921944035346,0.09294495064484744,0.10054179940275838,0.6299671877164918,0.0532160695172426,0.0062108846197224486,0.5783645655877342,0.9633333333333334,1.6656161021109477
y_cost_rev,2,val,rule,on_schedule,behind or over,5960,320,0.053691275167785234,0.08843736275946108,0.09593806113907861,0.6287691156914894,0.05024959647723263,0.002631566787786804,0.6345826235093697,1.0,1.5758389261744967
y_cost_rev,2,val,rule,on_schedule,on schedule and cost,3432,81,0.0236013986013986,0.047894306638156844,0.07859163376452402,0.5857492327700226,0.023241585477369046,0.014585806109389428,0.36541737649063033,0.0,0.0
y_cost_rev,2,val,rule,report,quarterly,9392,401,0.042695911413969334,0.07977813711015122,0.08667083099422991,0.6450072960186565,0.04038039995343239,0.003974839456266303,1.0,1.0,1.0
y_cost_rev,2,val,logreg,sector,Atomic Energy,16,4,0.25,0.5458333333333333,0.75,0.5625,0.22392384216586042,0.1934591564277107,0.0017035775127768314,0.0,0.0
y_cost_rev,2,val,logreg,sector,Civil Aviation,198,19,0.09595959595959595,0.1097044381011887,0.34172158038862455,0.5801234930902676,0.08789478074002752,0.037492932030587726,0.021081771720613287,0.056666666666666664,2.687946127946128
y_cost_rev,2,val,logreg,sector,Coal,660,14,0.021212121212121213,0.15527950084405417,0.26313396876422085,0.6222910216718266,0.02068877908910382,0.018999794612516947,0.07027257240204429,0.0,0.0
y_cost_rev,2,val,logreg,sector,Defence,1,0,0.0,,,,0.001628190687367003,0.04035084493993905,0.00010647359454855196,0.0,0.0
y_cost_rev,2,val,logreg,sector,Education,111,7,0.06306306306306306,0.0717493680714471,0.4294642857142857,0.5151098901098902,0.059786189758627865,0.00798172650844983,0.011818568994889268,0.0033333333333333335,0.28204204204204203
y_cost_rev,2,val,logreg,sector,Finance,9,0,0.0,,,,0.0035409435275589474,0.05700430950022385,0.0009582623509369676,0.0,0.0
y_cost_rev,2,val,logreg,sector,Health,42,2,0.047619047619047616,0.05606758832565284,0.2,0.3875,0.04695615608924415,0.011617369688547234,0.004471890971039182,0.01,2.236190476190476
y_cost_rev,2,val,logreg,sector,Home Affairs,28,1,0.03571428571428571,0.08333333333333333,1.0,0.5925925925925926,0.03719005358602136,0.047446593282400674,0.002981260647359455,0.0,0.0
y_cost_rev,2,val,logreg,sector,Industry & Commerce,10,2,0.2,0.1625,0.5,0.0625,0.18873395168500723,0.15431486576488232,0.0010647359454855196,0.0,0.0
y_cost_rev,2,val,logreg,sector,Mines & Metals,46,1,0.021739130434782608,0.029411764705882353,0.5,0.2666666666666667,0.025752104249380025,0.05579775700175639,0.0048977853492333905,0.0,0.0
y_cost_rev,2,val,logreg,sector,North Eastern Region,3,0,0.0,,,,0.007849635656557205,0.0800102240946317,0.00031942078364565585,0.0,0.0
y_cost_rev,2,val,logreg,sector,Petroleum & Natural Gas,708,36,0.05084745762711865,0.08483737219288223,0.11889658367641302,0.5530753968253967,0.04971086980694804,0.03232983173112321,0.07538330494037479,0.25666666666666665,3.404821092278719
y_cost_rev,2,val,logreg,sector,Power,512,31,0.060546875,0.3929312429007487,0.43312166095552634,0.8454161357387163,0.05152813538003441,0.035194693067541596,0.054514480408858604,0.08333333333333333,1.5286458333333333
y_cost_rev,2,val,logreg,sector,Railways,1250,120,0.096,0.17486047360884113,0.23088478181955238,0.6410545722713864,0.08485436297619532,0.01115207259468812,0.13309199318568996,0.59,4.433024
y_cost_rev,2,val,logreg,sector,Roads & Highways,5392,148,0.02744807121661721,0.06377547710223122,0.12803989639500826,0.7434300719483786,0.02630978910041235,0.005173753836946464,0.5741056218057922,0.0,0.0
y_cost_rev,2,val,logreg,sector,Shipping & Ports,6,0,0.0,,,,0.004992831543695878,0.06797538349755049,0.0006388415672913117,0.0,0.0
y_cost_rev,2,val,logreg,sector,Social Justice,5,0,0.0,,,,0.0018331463810687821,0.04181045098311035,0.0005323679727427598,0.0,0.0
y_cost_rev,2,val,logreg,sector,Steel,63,8,0.12698412698412698,0.3630748118963453,0.45376984126984127,0.7136363636363636,0.11080408736775964,0.06391820332107487,0.006707836456558773,0.0,0.0
y_cost_rev,2,val,logreg,sector,Telecommunications,34,1,0.029411764705882353,0.047619047619047616,0.25,0.3939393939393939,0.0295954440230219,0.018707306728829982,0.003620102214650767,0.0,0.0
y_cost_rev,2,val,logreg,sector,Urban Development & Housing,145,0,0.0,,,,0.00452117534920155,0.0630060585704432,0.015438671209540034,0.0,0.0
y_cost_rev,2,val,logreg,sector,Water Resources,153,7,0.0457516339869281,0.051409180787336806,0.18732431149097817,0.5185909980430529,0.043740115419192836,0.0015119187275609222,0.01629045996592845,0.0,0.0
y_cost_rev,2,val,logreg,cost_band,1000-5000 cr,2726,167,0.061261922230374175,0.11810802397553724,0.16785108601779775,0.6802736847524177,0.056268404402087295,0.007955050641398788,0.29024701873935266,0.43333333333333335,1.492981168989973
y_cost_rev,2,val,logreg,cost_band,500-1000 cr,2181,88,0.040348464007336084,0.14176003518463395,0.2109644664114488,0.7348575337705772,0.03727364204351783,0.009714478047828504,0.23221890971039183,0.20333333333333334,0.8756105761882929
y_cost_rev,2,val,logreg,cost_band,over 5000 cr,545,42,0.07706422018348624,0.22849739790352028,0.230768891190499,0.6586197103095711,0.06803201315076506,0.014412016433377315,0.05802810902896082,0.25,4.3082568807339445
y_cost_rev,2,val,logreg,cost_band,under 500 cr,3940,104,0.026395939086294416,0.06321547667620249,0.0904949120728449,0.7532009505093447,0.025518327794762388,0.01550723599807126,0.41950596252129474,0.11333333333333333,0.27015905245346866
y_cost_rev,2,val,logreg,age,due to 1.5x,1977,114,0.057663125948406675,0.104350412051466,0.14692109443587528,0.661760412841013,0.05344814179450363,0.005264370200114654,0.2104982964224872,0.3,1.4251896813353566
y_cost_rev,2,val,logreg,age,half to due,3100,117,0.03774193548387097,0.08956070427298166,0.16119467614210745,0.7383635472807447,0.03552063446683674,0.004450478221411675,0.3300681431005111,0.19666666666666666,0.595836559139785
y_cost_rev,2,val,logreg,age,over 1.5x schedule,2676,126,0.04708520179372197,0.16964827804855412,0.21172738205344435,0.7529536258948023,0.04282756952391785,0.012563851560328326,0.28492333901192507,0.47,1.6495665171898353
y_cost_rev,2,val,logreg,age,under half of schedule,1483,33,0.022252191503708697,0.05315959847265078,0.0817478820642629,0.7067711598746081,0.021893032624919394,0.019129865480713677,0.15790034071550255,0.01,0.06333108563722185
y_cost_rev,2,val,logreg,age,unknown,156,11,0.07051282051282051,0.2913696729446563,0.5314814814814814,0.8463949843260188,0.060552921614397036,0.0328755970713614,0.016609880749574105,0.023333333333333334,1.404786324786325
y_cost_rev,2,val,logreg,freshness,4-6 months,28,2,0.07142857142857142,0.41666666666666663,0.41666666666666663,0.9038461538461539,0.06295232041624481,0.011377075015251028,0.002981260647359455,0.0,0.0
y_cost_rev,2,val,logreg,freshness,current (3 months),8764,388,0.04427202190780465,0.11475873318202842,0.13383133002447314,0.7243372694689786,0.041052202872071855,0.006368432876925155,0.9331345826235093,0.9866666666666667,1.0573680206907043
y_cost_rev,2,val,logreg,freshness,over 6 months,4,0,0.0,,,,0.0011210298603541171,0.03300172712983135,0.00042589437819420784,0.0,0.0
y_cost_rev,2,val,logreg,freshness,unknown,596,11,0.018456375838926176,0.2821300362369695,0.151975144848448,0.6679098679098678,0.0180410860966428,0.020720186441449594,0.06345826235093696,0.013333333333333334,0.21011185682326625
y_cost_rev,2,val,logreg,progress_reported,no,4422,225,0.05088195386702849,0.12585791362109944,0.13275789080726594,0.7157260477060333,0.046924488727388906,0.0032571277495773224,0.47082623509369675,0.5,1.0619629127091814
y_cost_rev,2,val,logreg,progress_reported,yes,4970,176,0.035412474849094565,0.12378103871356828,0.13654152505405368,0.7437860298858422,0.03315916563843448,0.015926434572571223,0.5291737649063032,0.5,0.9448692152917506
y_cost_rev,2,val,logreg,pre_event,no revision yet,3960,91,0.02297979797979798,0.07367683985315078,0.13422720702957786,0.7537001638836738,0.022170824562422874,0.01555895706039269,0.42163543441226575,0.08666666666666667,0.20554882154882156
y_cost_rev,2,val,logreg,pre_event,revised before,5432,310,0.05706921944035346,0.1272412104444083,0.1506026110913418,0.6849346903301382,0.05237567693452477,0.0016276834262495402,0.5783645655877342,0.9133333333333333,1.579165439371625
y_cost_rev,2,val,logreg,on_schedule,behind or over,5960,320,0.053691275167785234,0.128544968413417,0.1499860417508064,0.6919941267730497,0.04937575817161502,0.0028371729898678285,0.6345826235093697,0.9333333333333333,1.4707829977628635
y_cost_rev,2,val,logreg,on_schedule,on schedule and cost,3432,81,0.0236013986013986,0.07448329068346819,0.13869780239472104,0.7638589549461926,0.02273357333120852,0.014558032559088635,0.36541737649063033,0.06666666666666667,0.18243978243978243
y_cost_rev,2,val,logreg,report,quarterly,9392,401,0.042695911413969334,0.11389918388021669,0.13464014531641458,0.727288663004928,0.03964024088325523,0.007051139996729246,1.0,1.0,1.0
y_cost_rev,2,val,lightgbm,sector,Atomic Energy,16,4,0.25,0.7678571428571428,0.8333333333333333,0.875,0.1907363103900679,0.16255460617939888,0.0017035775127768314,0.006666666666666667,3.9133333333333336
y_cost_rev,2,val,lightgbm,sector,Civil Aviation,198,19,0.09595959595959595,0.3829199897437396,0.3865995127450236,0.840635107321376,0.0761699040365013,0.04790904874642515,0.021081771720613287,0.07,3.320404040404041
y_cost_rev,2,val,lightgbm,sector,Coal,660,14,0.021212121212121213,0.21706687327378668,0.2688023997917953,0.7377266696152145,0.020151506306286694,0.016221263946274475,0.07027257240204429,0.0,0.0
y_cost_rev,2,val,lightgbm,sector,Defence,1,0,0.0,,,,0.004432524124788451,0.06657720424280707,0.00010647359454855196,0.0,0.0
y_cost_rev,2,val,lightgbm,sector,Education,111,7,0.06306306306306306,0.13254060240003357,0.4298611111111111,0.7019230769230769,0.06023997472380618,0.01840481687833916,0.011818568994889268,0.02666666666666667,2.2563363363363362
y_cost_rev,2,val,lightgbm,sector,Finance,9,0,0.0,,,,0.0030922990989710906,0.053541514239154125,0.0009582623509369676,0.0,0.0
y_cost_rev,2,val,lightgbm,sector,Health,42,2,0.047619047619047616,0.05952380952380952,0.225,0.425,0.04851134983614193,0.022085776365665104,0.004471890971039182,0.0033333333333333335,0.7453968253968254
y_cost_rev,2,val,lightgbm,sector,Home Affairs,28,1,0.03571428571428571,0.14285714285714285,1.0,0.7777777777777778,0.035097847954233576,0.02786660588007597,0.002981260647359455,0.0033333333333333335,1.118095238095238
y_cost_rev,2,val,lightgbm,sector,Industry & Commerce,10,2,0.2,0.15555555555555556,0.5,0.0,0.18834112504901473,0.1436517503207576,0.0010647359454855196,0.0,0.0
y_cost_rev,2,val,lightgbm,sector,Mines & Metals,46,1,0.021739130434782608,0.16666666666666666,1.0,0.8888888888888888,0.02405187997045993,0.060157410000815856,0.0048977853492333905,0.0,0.0
y_cost_rev,2,val,lightgbm,sector,North Eastern Region,3,0,0.0,,,,0.0035116791696723887,0.05763754240520392,0.00031942078364565585,0.0,0.0
y_cost_rev,2,val,lightgbm,sector,Petroleum & Natural Gas,708,36,0.05084745762711865,0.07826778357695877,0.12562564259615674,0.5887896825396826,0.04884584376836035,0.013728273593934847,0.07538330494037479,0.09,1.1938983050847456
y_cost_rev,2,val,lightgbm,sector,Power,512,31,0.060546875,0.36035889201301424,0.4340585751776412,0.8035678358259003,0.050372189954561185,0.022582956981677435,0.054514480408858604,0.08333333333333333,1.5286458333333333
y_cost_rev,2,val,lightgbm,sector,Railways,1250,120,0.096,0.23580344919625443,0.36065220562237726,0.6632448377581122,0.0822200255448533,0.03159266590274082,0.13309199318568996,0.67,5.034112
y_cost_rev,2,val,lightgbm,sector,Roads & Highways,5392,148,0.02744807121661721,0.0468793818419467,0.06075645891867315,0.6907379347310698,0.02655638198134632,0.0036573806262700423,0.5741056218057922,0.023333333333333334,0.04064292779426311
y_cost_rev,2,val,lightgbm,sector,Shipping & Ports,6,0,0.0,,,,0.004851425715104509,0.06921506252725974,0.0006388415672913117,0.0,0.0
y_cost_rev,2,val,lightgbm,sector,Social Justice,5,0,0.0,,,,0.002240108321610955,0.04593971676226888,0.0005323679727427598,0.0,0.0
y_cost_rev,2,val,lightgbm,sector,Steel,63,8,0.12698412698412698,0.15417567770222765,0.3541666666666667,0.525,0.11725570398467697,0.09396192076304315,0.006707836456558773,0.0033333333333333335,0.49693121693121695
y_cost_rev,2,val,lightgbm,sector,Telecommunications,34,1,0.029411764705882353,0.05555555555555555,0.2,0.48484848484848486,0.028772310748645863,0.007191244972433571,0.003620102214650767,0.0,0.0
y_cost_rev,2,val,lightgbm,sector,Urban Development & Housing,145,0,0.0,,,,0.0032983371990740395,0.05487772735983121,0.015438671209540034,0.0,0.0
y_cost_rev,2,val,lightgbm,sector,Water Resources,153,7,0.0457516339869281,0.13207154640776902,0.29233643427191813,0.5870841487279843,0.042525240643440314,0.008413455383027636,0.01629045996592845,0.02,1.2277124183006538
y_cost_rev,2,val,lightgbm,cost_band,1000-5000 cr,2726,167,0.061261922230374175,0.16669500972541296,0.23348589777533468,0.6753971541091321,0.05500709283928822,0.012603521129598174,0.29024701873935266,0.4666666666666667,1.607825874296894
y_cost_rev,2,val,lightgbm,cost_band,500-1000 cr,2181,88,0.040348464007336084,0.16904681178520964,0.23851480234919045,0.7270012596099552,0.03659104433678688,0.010910051780750041,0.23221890971039183,0.2,0.8612563044475011
y_cost_rev,2,val,lightgbm,cost_band,over 5000 cr,545,42,0.07706422018348624,0.18650521484044033,0.2799453714204441,0.6572469942251254,0.06867991748516768,0.00607317621596546,0.05802810902896082,0.12666666666666668,2.182850152905199
y_cost_rev,2,val,lightgbm,cost_band,under 500 cr,3940,104,0.026395939086294416,0.09888348461602336,0.13184708180026894,0.7656914253629582,0.025055499461046696,0.014660842654320123,0.41950596252129474,0.20666666666666667,0.4926429780033841
y_cost_rev,2,val,lightgbm,age,due to 1.5x,1977,114,0.057663125948406675,0.15385752610566736,0.19027751449445507,0.6687054458475765,0.052321557007415705,0.005340335844769633,0.2104982964224872,0.2966666666666667,1.4093542404316306
y_cost_rev,2,val,lightgbm,age,half to due,3100,117,0.03774193548387097,0.13394920680210268,0.19971290912698023,0.735019813129099,0.034835798455138664,0.009230479938474272,0.3300681431005111,0.15666666666666668,0.4746494623655914
y_cost_rev,2,val,lightgbm,age,over 1.5x schedule,2676,126,0.04708520179372197,0.16888860263281674,0.21038979435278019,0.7401836290071584,0.04237960501788499,0.011585817836410333,0.28492333901192507,0.48333333333333334,1.6963627304434479
y_cost_rev,2,val,lightgbm,age,under half of schedule,1483,33,0.022252191503708697,0.0880419248710496,0.14777724412933455,0.7219853709508882,0.021557234940742374,0.01645924415546765,0.15790034071550255,0.016666666666666666,0.10555180939536975
y_cost_rev,2,val,lightgbm,age,unknown,156,11,0.07051282051282051,0.3516207018253239,0.6243408443408442,0.8200626959247649,0.05830596041538673,0.01365523462464211,0.016609880749574105,0.04666666666666667,2.80957264957265
y_cost_rev,2,val,lightgbm,freshness,4-6 months,28,2,0.07142857142857142,1.0,1.0,1.0,0.057581960314139057,0.04920462482887987,0.002981260647359455,0.006666666666666667,2.236190476190476
y_cost_rev,2,val,lightgbm,freshness,current (3 months),8764,388,0.04427202190780465,0.14584270751612144,0.18076158049449495,0.7235407804822812,0.04037976993386534,0.007940497326827728,0.9331345826235093,0.9733333333333334,1.0430792636543436
y_cost_rev,2,val,lightgbm,freshness,over 6 months,4,0,0.0,,,,0.0009192160048461739,0.029037070586181716,0.00042589437819420784,0.0,0.0
y_cost_rev,2,val,lightgbm,freshness,unknown,596,11,0.018456375838926176,0.32636440949277923,0.2564683234737276,0.7335664335664335,0.017448574213357566,0.026206848493138587,0.06345826235093696,0.02,0.31516778523489936
y_cost_rev,2,val,lightgbm,progress_reported,no,4422,225,0.05088195386702849,0.2202256079716507,0.23111639961620456,0.6893950705530405,0.04543684598207165,0.009829028699994387,0.47082623509369675,0.5,1.0619629127091814
y_cost_rev,2,val,lightgbm,progress_reported,yes,4970,176,0.035412474849094565,0.12397263950075385,0.13710824477655406,0.7639046914703985,0.03319555186149927,0.009544461389063499,0.5291737649063032,0.5,0.9448692152917506
y_cost_rev,2,val,lightgbm,pre_event,no revision yet,3960,91,0.02297979797979798,0.16389823603890427,0.23589510399722216,0.7474146427364313,0.021549451566995843,0.017915314934980133,0.42163543441226575,0.09333333333333334,0.22136026936026937
y_cost_rev,2,val,lightgbm,pre_event,revised before,5432,310,0.05706921944035346,0.15469260259862286,0.1912398801316909,0.6939476766887934,0.05165092000719231,0.007874631754271121,0.5783645655877342,0.9066666666666666,1.5676386843397154
y_cost_rev,2,val,lightgbm,on_schedule,behind or over,5960,320,0.053691275167785234,0.15429817582453637,0.1932862487854389,0.6950504210992907,0.04864881807041534,0.00606654380905263,0.6345826235093697,0.9,1.418255033557047
y_cost_rev,2,val,lightgbm,on_schedule,on schedule and cost,3432,81,0.0236013986013986,0.1378415638283489,0.20166068946806623,0.7657047279050662,0.02213189684868789,0.016190883789714054,0.36541737649063033,0.1,0.2736596736596737
y_cost_rev,2,val,lightgbm,report,quarterly,9392,401,0.042695911413969334,0.14702424838342862,0.18406967944930253,0.7268831591358607,0.038959074284962966,0.009134847451217315,1.0,1.0,1.0
y_cost_rev,2,test,naive,sector,Civil Aviation,25,1,0.04,0.125,0.125,0.8541666666666666,0.0378768696914121,0.0017488725378771233,0.015234613040828763,0.04,2.6256
y_cost_rev,2,test,naive,sector,Coal,119,0,0.0,,,,0.0012471720434577,0.035279960942637204,0.0725167580743449,0.02,0.27579831932773113
y_cost_rev,2,test,naive,sector,Education,30,2,0.06666666666666667,0.19999999999999998,0.19999999999999998,0.7142857142857143,0.06263219677176367,0.030632903499872608,0.018281535648994516,0.02,1.094
y_cost_rev,2,test,naive,sector,Health,32,2,0.0625,0.53125,0.53125,0.75,0.058743883242005565,0.027159163175496194,0.019500304692260818,0.0,0.0
y_cost_rev,2,test,naive,sector,Industry & Commerce,3,0,0.0,,,,0.0012268115906423614,0.03502587030528096,0.0018281535648994515,0.0,0.0
y_cost_rev,2,test,naive,sector,Mines & Metals,6,1,0.16666666666666666,0.16666666666666666,0.16666666666666666,0.4,0.15635279337138344,0.12996097492553052,0.003656307129798903,0.02,5.47
y_cost_rev,2,test,naive,sector,Petroleum & Natural Gas,100,7,0.07,0.07197802197802199,0.07197802197802199,0.5138248847926267,0.06613001673999998,0.032353608254784984,0.06093845216331505,0.16,2.6256
y_cost_rev,2,test,naive,sector,Power,89,6,0.06741573033707865,0.13358302122347065,0.13358302122347065,0.7128514056224899,0.06323176977598821,0.029671946697380346,0.05423522242535039,0.02,0.36876404494382026
y_cost_rev,2,test,naive,sector,Railways,168,49,0.2916666666666667,0.33418367346938777,0.33418367346938777,0.5600240096038416,0.27135799470778527,0.25544092390720347,0.10237659963436929,0.16,1.5628571428571427
y_cost_rev,2,test,naive,sector,Roads & Highways,951,0,0.0,,,,0.0015800972044420552,0.03943473918424467,0.5795246800731262,0.56,0.9663091482649843
y_cost_rev,2,test,naive,sector,Shipping & Ports,6,0,0.0,,,,0.0012268115906423612,0.03502587030528096,0.003656307129798903,0.0,0.0
y_cost_rev,2,test,naive,sector,Steel,18,1,0.05555555555555555,0.25,0.25,0.9117647058823529,0.05195019644282067,0.01828992333580104,0.010968921389396709,0.0,0.0
y_cost_rev,2,test,naive,sector,Telecommunications,11,0,0.0,,,,0.001447074671099207,0.037774669018498505,0.006703229737964655,0.0,0.0
y_cost_rev,2,test,naive,sector,Urban Development & Housing,44,3,0.06818181818181818,0.06818181818181818,0.06818181818181818,0.3170731707317073,0.06490770358140235,0.029719949485015287,0.02681291895185862,0.0,0.0
y_cost_rev,2,test,naive,sector,Water Resources,39,0,0.0,,,,0.0013510625591051976,0.0365764747076088,0.02376599634369287,0.0,0.0
y_cost_rev,2,test,naive,cost_band,1000-5000 cr,572,38,0.06643356643356643,0.06288856334228385,0.06288856334228385,0.46496156120638676,0.06290556435314669,0.027830733700188286,0.3485679463741621,0.54,1.5491958041958043
y_cost_rev,2,test,naive,cost_band,500-1000 cr,373,18,0.04825737265415549,0.04456230329875277,0.04456230329875277,0.4255868544600939,0.04619054536073638,0.010124057869678654,0.22730042656916513,0.16,0.7039142091152816
y_cost_rev,2,test,naive,cost_band,over 5000 cr,108,4,0.037037037037037035,0.13425925925925924,0.13425925925925924,0.8028846153846154,0.03524400445339344,0.00033134529590091166,0.06581352833638025,0.14,2.1272222222222226
y_cost_rev,2,test,naive,cost_band,under 500 cr,588,12,0.02040816326530612,0.01917210183042289,0.01917210183042289,0.4592013888888889,0.020368964672639142,0.017943067841565675,0.3583180987202925,0.16,0.44653061224489793
y_cost_rev,2,test,naive,age,due to 1.5x,479,34,0.0709812108559499,0.0645443431740348,0.0645443431740348,0.43856576338400527,0.06705291364755091,0.03035827372055444,0.2918951858622791,0.28,0.959248434237996
y_cost_rev,2,test,naive,age,half to due,599,24,0.04006677796327212,0.03895010202188833,0.03895010202188833,0.4781884057971014,0.03852065943373354,0.0037789382988345217,0.36502132845825713,0.0,0.0
y_cost_rev,2,test,naive,age,over 1.5x schedule,345,10,0.028985507246376812,0.025207887859349014,0.025207887859349014,0.3813432835820896,0.028434943617280443,0.01138657736779972,0.21023765996343693,0.72,3.424695652173913
y_cost_rev,2,test,naive,age,under half of schedule,207,2,0.00966183574879227,0.00966183574879227,0.00966183574879227,0.4853658536585366,0.010235228530492245,0.025656177414898285,0.12614259597806216,0.0,0.0
y_cost_rev,2,test,naive,age,unknown,11,2,0.18181818181818182,0.18181818181818182,0.18181818181818182,0.5,0.17030831329781293,0.14679231151290087,0.006703229737964655,0.0,0.0
y_cost_rev,2,test,naive,freshness,4-6 months,1,1,1.0,,,,0.9311750709800805,0.9649741296947191,0.0006093845216331506,0.0,0.0
y_cost_rev,2,test,naive,freshness,current (3 months),1090,70,0.06422018348623854,0.058081571843039734,0.058081571843039734,0.42324929971988795,0.0609251532958895,0.02486684658290133,0.664229128580134,0.8,1.2044036697247706
y_cost_rev,2,test,naive,freshness,over 6 months,96,0,0.0,,,,0.001748406802001976,0.04153517836921972,0.05850091407678245,0.2,3.41875
y_cost_rev,2,test,naive,freshness,unknown,454,1,0.0022026431718061676,0.0022026431718061676,0.0022026431718061676,0.5,0.003275155774319536,0.03282322713347479,0.27666057282145035,0.0,0.0
y_cost_rev,2,test,naive,progress_reported,no,3,0,0.0,,,,0.0012268115906423614,0.03502587030528096,0.0018281535648994515,0.0,0.0
y_cost_rev,2,test,naive,progress_reported,yes,1638,72,0.04395604395604396,0.0422282120395328,0.0422282120395328,0.47605363984674326,0.04211885195559276,0.005668981852216343,0.9981718464351006,1.0,1.0018315018315018
y_cost_rev,2,test,naive,pre_event,no revision yet,821,15,0.018270401948842874,0.018270401948842874,0.018270401948842874,0.5,0.018217340081314187,0.016755468356438086,0.5003046922608165,0.0,0.0
y_cost_rev,2,test,naive,pre_event,revised before,820,57,0.06951219512195123,0.058362600011303,0.058362600011303,0.3412315191648847,0.06589990698935845,0.02797189534591487,0.4996953077391834,1.0,2.001219512195122
y_cost_rev,2,test,naive,on_schedule,behind or over,1321,58,0.04390613171839516,0.04182773729094437,0.04182773729094437,0.47130532121112845,0.04207485945116213,0.004851741875802187,0.8049969530773918,1.0,1.2422407267221802
y_cost_rev,2,test,naive,on_schedule,on schedule and cost,320,14,0.04375,0.04375,0.04375,0.49673202614379086,0.041917095634524074,0.008661136390874465,0.19500304692260817,0.0,0.0
y_cost_rev,2,test,naive,report,flash,1641,72,0.043875685557586835,0.042170175418424875,0.042170175418424875,0.47636498831527513,0.04204409502622357,0.005594585413171552,1.0,1.0,1.0
y_cost_rev,2,test,rule,sector,Civil Aviation,25,1,0.04,0.3333333333333333,0.3333333333333333,0.9166666666666666,0.037940001084275615,0.011370841329125313,0.015234613040828763,0.0,0.0
y_cost_rev,2,test,rule,sector,Coal,119,0,0.0,,,,0.0009541780199357626,0.030116687337703486,0.0725167580743449,0.0,0.0
y_cost_rev,2,test,rule,sector,Education,30,2,0.06666666666666667,0.12681159420289856,0.12681159420289856,0.5357142857142857,0.06371501797498451,0.0378185299585113,0.018281535648994516,0.0,0.0
y_cost_rev,2,test,rule,sector,Health,32,2,0.0625,0.10238095238095238,0.10238095238095238,0.575,0.06047639615347176,0.022891557361416494,0.019500304692260818,0.02,1.025625
y_cost_rev,2,test,rule,sector,Industry & Commerce,3,0,0.0,,,,0.001185540713106761,0.03340413507679618,0.0018281535648994515,0.0,0.0
y_cost_rev,2,test,rule,sector,Mines & Metals,6,1,0.16666666666666666,0.5,0.5,0.8,0.1526024674918497,0.13026092596334554,0.003656307129798903,0.0,0.0
y_cost_rev,2,test,rule,sector,Petroleum & Natural Gas,100,7,0.07,0.12548948399621596,0.12548948399621596,0.5837173579109063,0.06638279565607476,0.04176387225623272,0.06093845216331505,0.08,1.3128
y_cost_rev,2,test,rule,sector,Power,89,6,0.06741573033707865,0.05849944989133321,0.05849944989133321,0.2389558232931727,0.06507381227712632,0.042338935059445165,0.05423522242535039,0.16,2.950112359550562
y_cost_rev,2,test,rule,sector,Railways,168,49,0.2916666666666667,0.3397356598008928,0.3397356598008928,0.5285542788543989,0.2709118527824578,0.2567503934494031,0.10237659963436929,0.12,1.1721428571428572
y_cost_rev,2,test,rule,sector,Roads & Highways,951,0,0.0,,,,0.0009971029368012914,0.02991273805010935,0.5795246800731262,0.16,0.27608832807570977
y_cost_rev,2,test,rule,sector,Shipping & Ports,6,0,0.0,,,,0.0014045794146996101,0.034137798841343374,0.003656307129798903,0.0,0.0
y_cost_rev,2,test,rule,sector,Steel,18,1,0.05555555555555555,0.09090909090909091,0.09090909090909091,0.4117647058823529,0.05447857954540222,0.03554361263471011,0.010968921389396709,0.02,1.8233333333333335
y_cost_rev,2,test,rule,sector,Telecommunications,11,0,0.0,,,,0.0008478624834428871,0.027976655150601774,0.006703229737964655,0.0,0.0
y_cost_rev,2,test,rule,sector,Urban Development & Housing,44,3,0.06818181818181818,0.04700307852082638,0.04700307852082638,0.03252032520325202,0.06630821046539231,0.03567045940204822,0.02681291895185862,0.0,0.0
y_cost_rev,2,test,rule,sector,Water Resources,39,0,0.0,,,,0.008407986832414232,0.08044622488969114,0.02376599634369287,0.44,18.513846153846153
y_cost_rev,2,test,rule,cost_band,1000-5000 cr,572,38,0.06643356643356643,0.08079931994881008,0.08079931994881008,0.5068007096392667,0.06313923592713369,0.03663322310472293,0.3485679463741621,0.6,1.7213286713286713
y_cost_rev,2,test,rule,cost_band,500-1000 cr,373,18,0.04825737265415549,0.08901125997050009,0.08901125997050009,0.5995305164319249,0.04597232658247547,0.01963346055987359,0.22730042656916513,0.06,0.2639678284182306
y_cost_rev,2,test,rule,cost_band,over 5000 cr,108,4,0.037037037037037035,0.09287655279503104,0.09287655279503104,0.7644230769230769,0.035656873668528,0.011137460441529272,0.06581352833638025,0.32,4.862222222222223
y_cost_rev,2,test,rule,cost_band,under 500 cr,588,12,0.02040816326530612,0.02276384585046303,0.02276384585046303,0.5280671296296297,0.020150981112470805,0.008231849328765209,0.3583180987202925,0.02,0.05581632653061224
y_cost_rev,2,test,rule,age,due to 1.5x,479,34,0.0709812108559499,0.123948625019877,0.123948625019877,0.6320555188367482,0.0668392503639792,0.04307817189565637,0.2918951858622791,0.32,1.096283924843424
y_cost_rev,2,test,rule,age,half to due,599,24,0.04006677796327212,0.0824795809524934,0.0824795809524934,0.6031159420289854,0.03832221494251701,0.012160945214951487,0.36502132845825713,0.06,0.16437395659432388
y_cost_rev,2,test,rule,age,over 1.5x schedule,345,10,0.028985507246376812,0.039199500154893215,0.039199500154893215,0.5435820895522389,0.0290214452771533,0.014423359209754755,0.21023765996343693,0.6,2.8539130434782605
y_cost_rev,2,test,rule,age,under half of schedule,207,2,0.00966183574879227,0.046591619762351474,0.046591619762351474,0.6756097560975609,0.009975098796171793,0.020360676323072063,0.12614259597806216,0.0,0.0
y_cost_rev,2,test,rule,age,unknown,11,2,0.18181818181818182,0.17424242424242425,0.17424242424242425,0.2777777777777778,0.17407166087077355,0.1651511195544243,0.006703229737964655,0.02,2.983636363636364
y_cost_rev,2,test,rule,freshness,4-6 months,1,1,1.0,,,,0.9583789806713213,0.9789683246516822,0.0006093845216331506,0.0,0.0
y_cost_rev,2,test,rule,freshness,current (3 months),1090,70,0.06422018348623854,0.08794782073896881,0.08794782073896881,0.5779341736694678,0.0609790793855834,0.036099624808227135,0.664229128580134,0.9,1.354954128440367
y_cost_rev,2,test,rule,freshness,over 6 months,96,0,0.0,,,,0.0010384961085475955,0.03023687575521584,0.05850091407678245,0.04,0.68375
y_cost_rev,2,test,rule,freshness,unknown,454,1,0.0022026431718061676,0.0026246719160104987,0.0026246719160104987,0.16114790286975722,0.003166891802951301,0.02871605302371897,0.27666057282145035,0.06,0.21687224669603522
y_cost_rev,2,test,rule,progress_reported,no,3,0,0.0,,,,0.001055806656980934,0.03247383703164975,0.0018281535648994515,0.0,0.0
y_cost_rev,2,test,rule,progress_reported,yes,1638,72,0.04395604395604396,0.06401056448923836,0.06401056448923836,0.5689965588193557,0.0421000443198698,0.015102212599634018,0.9981718464351006,1.0,1.0018315018315018
y_cost_rev,2,test,rule,pre_event,no revision yet,821,15,0.018270401948842874,0.01846101417516962,0.01846101417516962,0.47845326716294456,0.01843287974460075,0.012886183833060932,0.5003046922608165,0.38,0.759537149817296
y_cost_rev,2,test,rule,pre_event,revised before,820,57,0.06951219512195123,0.10287609309090026,0.10287609309090026,0.5782115840058862,0.06564590944585423,0.03880371672592069,0.4996953077391834,0.62,1.2407560975609757
y_cost_rev,2,test,rule,on_schedule,behind or over,1321,58,0.04390613171839516,0.0673927673581578,0.0673927673581578,0.5852308406366888,0.04199966192222108,0.01438288999716579,0.8049969530773918,1.0,1.2422407267221802
y_cost_rev,2,test,rule,on_schedule,on schedule and cost,320,14,0.04375,0.06473355575600248,0.06473355575600248,0.5343137254901961,0.04212964567707388,0.017625640752654884,0.19500304692260817,0.0,0.0
y_cost_rev,2,test,rule,report,flash,1641,72,0.043875685557586835,0.06390651673804193,0.06390651673804193,0.5686433326251682,0.04202500915046781,0.015015236274896763,1.0,1.0,1.0
y_cost_rev,2,test,logreg,sector,Civil Aviation,25,1,0.04,0.16666666666666666,0.16666666666666666,0.7916666666666666,0.0378961817893733,0.00010432759440400646,0.015234613040828763,0.06,3.9383999999999997
y_cost_rev,2,test,logreg,sector,Coal,119,0,0.0,,,,4.13743434965137e-05,0.006059515257988875,0.0725167580743449,0.0,0.0
y_cost_rev,2,test,logreg,sector,Education,30,2,0.06666666666666667,0.12222222222222222,0.12222222222222222,0.625,0.06245336898011559,0.027972933066601313,0.018281535648994516,0.14,7.658
y_cost_rev,2,test,logreg,sector,Health,32,2,0.0625,0.3055555555555556,0.3055555555555556,0.7166666666666667,0.05977911795086759,0.04636819180720533,0.019500304692260818,0.0,0.0
y_cost_rev,2,test,logreg,sector,Industry & Commerce,3,0,0.0,,,,0.0024166989190078504,0.04590625819885247,0.0018281535648994515,0.02,10.94
y_cost_rev,2,test,logreg,sector,Mines & Metals,6,1,0.16666666666666666,0.25,0.25,0.4,0.15993410559956062,0.13508106277093124,0.003656307129798903,0.0,0.0
y_cost_rev,2,test,logreg,sector,Petroleum & Natural Gas,100,7,0.07,0.18463943739405322,0.18463943739405322,0.5775729646697388,0.0660844757630574,0.03858840922617268,0.06093845216331505,0.18,2.9537999999999998
y_cost_rev,2,test,logreg,sector,Power,89,6,0.06741573033707865,0.17775333255209416,0.17775333255209416,0.8152610441767068,0.06277925403068979,0.040194854539931706,0.05423522242535039,0.22,4.056404494382023
y_cost_rev,2,test,logreg,sector,Railways,168,49,0.2916666666666667,0.4205829337701291,0.4205829337701291,0.6801577773966729,0.271287942036501,0.2605768681689769,0.10237659963436929,0.24,2.3442857142857143
y_cost_rev,2,test,logreg,sector,Roads & Highways,951,0,0.0,,,,0.0002674514092370858,0.013528759762106254,0.5795246800731262,0.02,0.03451104100946372
y_cost_rev,2,test,logreg,sector,Shipping & Ports,6,0,0.0,,,,0.0006337459084824892,0.02448632669310363,0.003656307129798903,0.0,0.0
y_cost_rev,2,test,logreg,sector,Steel,18,1,0.05555555555555555,0.2,0.2,0.7647058823529411,0.05158955111732153,0.007976285425093245,0.010968921389396709,0.12,10.94
y_cost_rev,2,test,logreg,sector,Telecommunications,11,0,0.0,,,,0.0003539745781187885,0.018193884420374753,0.006703229737964655,0.0,0.0
y_cost_rev,2,test,logreg,sector,Urban Development & Housing,44,3,0.06818181818181818,0.08777777777777779,0.08777777777777779,0.5040650406504065,0.0665259960289294,0.05374702841583783,0.02681291895185862,0.0,0.0
y_cost_rev,2,test,logreg,sector,Water Resources,39,0,0.0,,,,0.00034655293235203105,0.01761667813134375,0.02376599634369287,0.0,0.0
y_cost_rev,2,test,logreg,cost_band,1000-5000 cr,572,38,0.06643356643356643,0.32010714553039954,0.32010714553039954,0.861176818450621,0.06168993258925373,0.0450278951704909,0.3485679463741621,0.34,0.9754195804195804
y_cost_rev,2,test,logreg,cost_band,500-1000 cr,373,18,0.04825737265415549,0.14006265176520727,0.14006265176520727,0.8236306729264475,0.04580577530952135,0.030986495025913663,0.22730042656916513,0.16,0.7039142091152816
y_cost_rev,2,test,logreg,cost_band,over 5000 cr,108,4,0.037037037037037035,0.1156878835450264,0.1156878835450264,0.7956730769230769,0.034883228344136305,0.010451329409913036,0.06581352833638025,0.28,4.254444444444445
y_cost_rev,2,test,logreg,cost_band,under 500 cr,588,12,0.02040816326530612,0.08951567795691051,0.08951567795691051,0.8599537037037038,0.01950615751026377,0.006218008324659043,0.3583180987202925,0.22,0.6139795918367347
y_cost_rev,2,test,logreg,age,due to 1.5x,479,34,0.0709812108559499,0.2861095028951155,0.2861095028951155,0.8710508922670192,0.0656602291361671,0.048480023518696846,0.2918951858622791,0.42,1.4388726513569938
y_cost_rev,2,test,logreg,age,half to due,599,24,0.04006677796327212,0.141343446067994,0.141343446067994,0.8589855072463768,0.03802074509399731,0.024649928210302333,0.36502132845825713,0.22,0.6027045075125209
y_cost_rev,2,test,logreg,age,over 1.5x schedule,345,10,0.028985507246376812,0.10630893460922175,0.10630893460922175,0.7883582089552239,0.027524600581707054,0.007879423276210957,0.21023765996343693,0.34,1.617217391304348
y_cost_rev,2,test,logreg,age,under half of schedule,207,2,0.00966183574879227,0.11408450704225352,0.11408450704225352,0.8219512195121951,0.009422324708808301,0.0014697799257875636,0.12614259597806216,0.0,0.0
y_cost_rev,2,test,logreg,age,unknown,11,2,0.18181818181818182,0.17424242424242425,0.17424242424242425,0.2222222222222222,0.17610185688779473,0.1543142094795525,0.006703229737964655,0.02,2.983636363636364
y_cost_rev,2,test,logreg,freshness,4-6 months,1,1,1.0,,,,0.9418042802204605,0.9704660118831883,0.0006093845216331506,0.0,0.0
y_cost_rev,2,test,logreg,freshness,current (3 months),1090,70,0.06422018348623854,0.1746646220237614,0.1746646220237614,0.8002100840336134,0.06018447497520833,0.04281354505487823,0.664229128580134,0.98,1.475394495412844
y_cost_rev,2,test,logreg,freshness,over 6 months,96,0,0.0,,,,0.0003152449593345312,0.014973596825704932,0.05850091407678245,0.0,0.0
y_cost_rev,2,test,logreg,freshness,unknown,454,1,0.0022026431718061676,0.029411764705882353,0.029411764705882353,0.9271523178807947,0.0022820691396756754,0.009032849500167531,0.27666057282145035,0.02,0.07229074889867841
y_cost_rev,2,test,logreg,progress_reported,no,3,0,0.0,,,,0.00034997190577568354,0.017970575546041766,0.0018281535648994515,0.0,0.0
y_cost_rev,2,test,logreg,progress_reported,yes,1638,72,0.04395604395604396,0.1659364058516157,0.1659364058516157,0.8494749538810842,0.04127481989803974,0.025734287472524323,0.9981718464351006,1.0,1.0018315018315018
y_cost_rev,2,test,logreg,pre_event,no revision yet,821,15,0.018270401948842874,0.053436061111427804,0.053436061111427804,0.8010752688172043,0.017766164590966985,0.004720067560080405,0.5003046922608165,0.16,0.3198051157125457
y_cost_rev,2,test,logreg,pre_event,revised before,820,57,0.06951219512195123,0.21134908633442437,0.21134908633442437,0.8327240118645236,0.06466241924332014,0.04661423864211062,0.4996953077391834,0.84,1.6810243902439024
y_cost_rev,2,test,logreg,on_schedule,behind or over,1321,58,0.04390613171839516,0.1670183807696327,0.1670183807696327,0.8448139350752177,0.041117634656422083,0.024230571951099397,0.8049969530773918,1.0,1.2422407267221802
y_cost_rev,2,test,logreg,on_schedule,on schedule and cost,320,14,0.04375,0.22931830853465546,0.22931830853465546,0.9052287581699346,0.04154002977366515,0.03153208001860753,0.19500304692260817,0.0,0.0
y_cost_rev,2,test,logreg,report,flash,1641,72,0.043875685557586835,0.16588187919878195,0.16588187919878195,0.8495591671977906,0.04120000299128971,0.025654388271393488,1.0,1.0,1.0
y_cost_rev,2,test,lightgbm,sector,Civil Aviation,25,1,0.04,0.1111111111111111,0.1111111111111111,0.6666666666666667,0.03953242028140296,0.024146404815792114,0.015234613040828763,0.04,2.6256
y_cost_rev,2,test,lightgbm,sector,Coal,119,0,0.0,,,,0.0002581371564843144,0.014435112187731886,0.0725167580743449,0.0,0.0
y_cost_rev,2,test,lightgbm,sector,Education,30,2,0.06666666666666667,0.16847826086956522,0.16847826086956522,0.5714285714285714,0.06390961170339671,0.02044539026158109,0.018281535648994516,0.14,7.658
y_cost_rev,2,test,lightgbm,sector,Health,32,2,0.0625,0.14,0.14,0.55,0.060163211950681965,0.05582927724075089,0.019500304692260818,0.08,4.1025
y_cost_rev,2,test,lightgbm,sector,Industry & Commerce,3,0,0.0,,,,0.0009423371210950641,0.02991620055320184,0.0018281535648994515,0.0,0.0
y_cost_rev,2,test,lightgbm,sector,Mines & Metals,6,1,0.16666666666666666,0.16666666666666666,0.16666666666666666,0.0,0.16829175470688243,0.1571383453343784,0.003656307129798903,0.02,5.47
y_cost_rev,2,test,lightgbm,sector,Petroleum & Natural Gas,100,7,0.07,0.4063321880476328,0.4063321880476328,0.7158218125960061,0.06352038207162183,0.0336954263593878,0.06093845216331505,0.02,0.3282
y_cost_rev,2,test,lightgbm,sector,Power,89,6,0.06741573033707865,0.14282046657046657,0.14282046657046657,0.7128514056224899,0.06515506771730208,0.055495578707680675,0.05423522242535039,0.14,2.5813483146067417
y_cost_rev,2,test,lightgbm,sector,Railways,168,49,0.2916666666666667,0.5180729089780046,0.5180729089780046,0.6969645000857486,0.24657668081384965,0.23071483620072022,0.10237659963436929,0.52,5.079285714285715
y_cost_rev,2,test,lightgbm,sector,Roads & Highways,951,0,0.0,,,,0.0009038468770577808,0.0253737325996744,0.5795246800731262,0.04,0.06902208201892744
y_cost_rev,2,test,lightgbm,sector,Shipping & Ports,6,0,0.0,,,,0.00046742286602894116,0.020626193807011594,0.003656307129798903,0.0,0.0
y_cost_rev,2,test,lightgbm,sector,Steel,18,1,0.05555555555555555,0.25,0.25,0.8235294117647058,0.053337967880878294,0.03700367865932275,0.010968921389396709,0.0,0.0
y_cost_rev,2,test,lightgbm,sector,Telecommunications,11,0,0.0,,,,0.0006553224630421142,0.023716887172001364,0.006703229737964655,0.0,0.0
y_cost_rev,2,test,lightgbm,sector,Urban Development & Housing,44,3,0.06818181818181818,0.05606060606060606,0.05606060606060606,0.20325203252032517,0.06689944781105348,0.04154118238557719,0.02681291895185862,0.0,0.0
y_cost_rev,2,test,lightgbm,sector,Water Resources,39,0,0.0,,,,0.0009436154338028446,0.028048041965227994,0.02376599634369287,0.0,0.0
y_cost_rev,2,test,lightgbm,cost_band,1000-5000 cr,572,38,0.06643356643356643,0.3573937322054518,0.3573937322054518,0.7922826729745712,0.05726314634051976,0.03104247899306483,0.3485679463741621,0.44,1.2623076923076924
y_cost_rev,2,test,lightgbm,cost_band,500-1000 cr,373,18,0.04825737265415549,0.12795681207372323,0.12795681207372323,0.7361502347417841,0.045210856451569296,0.022642757176935497,0.22730042656916513,0.26,1.1438605898123326
y_cost_rev,2,test,lightgbm,cost_band,over 5000 cr,108,4,0.037037037037037035,0.2714285714285714,0.2714285714285714,0.9350961538461539,0.033062068849087224,0.031025882280049353,0.06581352833638025,0.16,2.4311111111111114
y_cost_rev,2,test,lightgbm,cost_band,under 500 cr,588,12,0.02040816326530612,0.2211994345979338,0.2211994345979338,0.8094618055555556,0.018828228070462267,0.006822971091451498,0.3583180987202925,0.14,0.39071428571428574
y_cost_rev,2,test,lightgbm,age,due to 1.5x,479,34,0.0709812108559499,0.33670337994383465,0.33670337994383465,0.8124256444150695,0.06076347469269337,0.03184099266814182,0.2918951858622791,0.54,1.8499791231732778
y_cost_rev,2,test,lightgbm,age,half to due,599,24,0.04006677796327212,0.2910975350779865,0.2910975350779865,0.8302173913043478,0.03600654257198516,0.012558699433210639,0.36502132845825713,0.26,0.7122871452420702
y_cost_rev,2,test,lightgbm,age,over 1.5x schedule,345,10,0.028985507246376812,0.07649493814126154,0.07649493814126154,0.6280597014925373,0.028001441618660857,0.0017968931050209847,0.21023765996343693,0.18,0.8561739130434782
y_cost_rev,2,test,lightgbm,age,under half of schedule,207,2,0.00966183574879227,0.03337041156840934,0.03337041156840934,0.7902439024390244,0.009639733495437184,0.010272361315521608,0.12614259597806216,0.0,0.0
y_cost_rev,2,test,lightgbm,age,unknown,11,2,0.18181818181818182,0.225,0.225,0.4444444444444445,0.17548410308483203,0.16748821460791924,0.006703229737964655,0.02,2.983636363636364
y_cost_rev,2,test,lightgbm,freshness,4-6 months,1,1,1.0,,,,0.951630254215592,0.9755153787693929,0.0006093845216331506,0.0,0.0
y_cost_rev,2,test,lightgbm,freshness,current (3 months),1090,70,0.06422018348623854,0.2555839077998296,0.2555839077998296,0.7842296918767508,0.05679634648276646,0.030375657201277717,0.664229128580134,0.94,1.4151743119266054
y_cost_rev,2,test,lightgbm,freshness,over 6 months,96,0,0.0,,,,0.0008833553389224648,0.024865334944075963,0.05850091407678245,0.0,0.0
y_cost_rev,2,test,lightgbm,freshness,unknown,454,1,0.0022026431718061676,0.007246376811594203,0.007246376811594203,0.6975717439293598,0.0028974023598640655,0.021855264110760282,0.27666057282145035,0.06,0.21687224669603522
y_cost_rev,2,test,lightgbm,progress_reported,no,3,0,0.0,,,,0.0027389779429151406,0.05103491367176569,0.0018281535648994515,0.0,0.0
y_cost_rev,2,test,lightgbm,progress_reported,yes,1638,72,0.04395604395604396,0.23080172801976717,0.23080172801976717,0.7997818220519369,0.03922567385257456,0.013387499638742936,0.9981718464351006,1.0,1.0018315018315018
y_cost_rev,2,test,lightgbm,pre_event,no revision yet,821,15,0.018270401948842874,0.029164978296682735,0.029164978296682735,0.6451612903225807,0.018096906825753354,0.00551718951179521,0.5003046922608165,0.16,0.3198051157125457
y_cost_rev,2,test,lightgbm,pre_event,revised before,820,57,0.06951219512195123,0.30334036753115473,0.30334036753115473,0.8168126738865513,0.06024671975658826,0.0320795515322311,0.4996953077391834,0.84,1.6810243902439024
y_cost_rev,2,test,lightgbm,on_schedule,behind or over,1321,58,0.04390613171839516,0.24374936964050353,0.24374936964050353,0.800092827695416,0.038891817637307514,0.012061223125347785,0.8049969530773918,0.88,1.0931718395155186
y_cost_rev,2,test,lightgbm,on_schedule,on schedule and cost,320,14,0.04375,0.20826711459545397,0.20826711459545397,0.7952847805788982,0.0402618112670708,0.019556139777914514,0.19500304692260817,0.12,0.615375
y_cost_rev,2,test,lightgbm,report,flash,1641,72,0.043875685557586835,0.23034955956019035,0.23034955956019035,0.7992440337086609,0.03915897056937592,0.013269725574189905,1.0,1.0,1.0
y_cost_rev,2,flash,naive,sector,Civil Aviation,74,2,0.02702702702702703,0.044726930320150654,0.08333333333333333,0.5659722222222222,0.026490634395857866,0.011419390336399687,0.02045894387614045,0.04666666666666667,2.280990990990991
y_cost_rev,2,flash,naive,sector,Coal,357,3,0.008403361344537815,0.008177464534200776,0.012641242937853108,0.35310734463276827,0.009056579120054252,0.025819462610359594,0.09870058059165054,0.1,1.0131652661064425
y_cost_rev,2,flash,naive,sector,Education,85,4,0.047058823529411764,0.1471861255497801,0.14615384615384616,0.7546296296296297,0.04438507698635281,0.01143149871124785,0.023500138236107273,0.013333333333333334,0.5673725490196079
y_cost_rev,2,flash,naive,sector,Health,54,4,0.07407407407407407,0.33952702702702703,0.765625,0.8650000000000001,0.06933346223322949,0.03831803647334991,0.014929499585291679,0.0,0.0
y_cost_rev,2,flash,naive,sector,Industry & Commerce,7,0,0.0,,,,0.0011146970268847852,0.0333557338825637,0.0019353055017970694,0.0,0.0
y_cost_rev,2,flash,naive,sector,Mines & Metals,19,2,0.10526315789473684,0.11513157894736842,0.16666666666666666,0.4264705882352941,0.09940668028709422,0.0707039855793998,0.005252972076306331,0.013333333333333334,2.538245614035088
y_cost_rev,2,flash,naive,sector,Petroleum & Natural Gas,302,17,0.056291390728476824,0.06237410833460831,0.05849356525827115,0.5449948400412796,0.053466596713306995,0.019020126000511076,0.08349460879181642,0.1,1.1976821192052982
y_cost_rev,2,flash,naive,sector,Power,248,15,0.06048387096774194,0.10228646701764982,0.1012522249101525,0.659656652360515,0.056858474905634594,0.022853514584354993,0.06856510920652474,0.04,0.5833870967741935
y_cost_rev,2,flash,naive,sector,Railways,612,61,0.09967320261437909,0.17374253515831062,0.13000776170336945,0.685489869387998,0.0936731136061187,0.06382710753671458,0.16920099529997235,0.38666666666666666,2.2852505446623095
y_cost_rev,2,flash,naive,sector,Roads & Highways,1492,0,0.0,,,,0.0016617984260192138,0.03992878896329795,0.41249654409731823,0.28,0.6787935656836461
y_cost_rev,2,flash,naive,sector,Shipping & Ports,21,0,0.0,,,,0.0011923610278370387,0.03412453551855564,0.005805916505391208,0.0,0.0
y_cost_rev,2,flash,naive,sector,Steel,54,1,0.018518518518518517,0.2,0.25,0.9528301886792453,0.018057902727794593,0.015942990887743223,0.014929499585291679,0.013333333333333334,0.8930864197530864
y_cost_rev,2,flash,naive,sector,Telecommunications,36,0,0.0,,,,0.001566732583442963,0.03851627507759918,0.009952999723527785,0.0,0.0
y_cost_rev,2,flash,naive,sector,Urban Development & Housing,125,10,0.08,0.06880194518125553,0.07862407862407862,0.3639130434782609,0.07603785441436393,0.04431114519202395,0.03455902681780481,0.006666666666666667,0.1929066666666667
y_cost_rev,2,flash,naive,sector,Water Resources,131,0,0.0,,,,0.0012660291075356715,0.03505647789884893,0.036217860105059445,0.0,0.0
y_cost_rev,2,flash,naive,cost_band,1000-5000 cr,1239,62,0.05004035512510089,0.04988548155244934,0.04994925319537417,0.510037821689917,0.04786042586566239,0.011085916551157711,0.3425490738180813,0.48,1.4012590799031475
y_cost_rev,2,flash,naive,cost_band,500-1000 cr,771,25,0.0324254215304799,0.036767026098196647,0.02998662939000728,0.530911528150134,0.03155553206731281,0.004679268204454891,0.21316007741222007,0.14666666666666667,0.6880587980977086
y_cost_rev,2,flash,naive,cost_band,over 5000 cr,337,10,0.02967359050445104,0.07150826321895569,0.07979550756679142,0.7363914373088685,0.028518648706223268,0.0070887128834012415,0.09317113630080177,0.22666666666666666,2.432799208704253
y_cost_rev,2,flash,naive,cost_band,under 500 cr,1270,22,0.01732283464566929,0.01867826558804441,0.02073231180659087,0.5451085372960373,0.01744088157018314,0.019502461757127734,0.3511197124688969,0.14666666666666667,0.4177112860892388
y_cost_rev,2,flash,naive,age,due to 1.5x,1088,53,0.04871323529411765,0.04869545204022717,0.04527919496072286,0.5042475617537143,0.04662867410372189,0.008713613312998872,0.30080176942217307,0.24666666666666667,0.820030637254902
y_cost_rev,2,flash,naive,age,half to due,1236,41,0.03317152103559871,0.04269959714016244,0.041923532343437465,0.6109194815797531,0.03202636053892846,0.002780001541254691,0.34171965717445396,0.26,0.7608576051779936
y_cost_rev,2,flash,naive,age,over 1.5x schedule,727,18,0.024759284731774415,0.02197264149815082,0.027944504007352527,0.42740166118163303,0.024624967211477847,0.014890536159262713,0.20099529997235277,0.49333333333333335,2.4544520861989914
y_cost_rev,2,flash,naive,age,under half of schedule,532,4,0.007518796992481203,0.015865713234134285,0.022809461340438018,0.6510416666666667,0.008152778838806884,0.026549797879426608,0.14708321813657727,0.0,0.0
y_cost_rev,2,flash,naive,age,unknown,34,3,0.08823529411764706,0.15967365967365968,0.12424242424242424,0.7311827956989246,0.08331995657732524,0.0551851478846529,0.009400055294442908,0.0,0.0
y_cost_rev,2,flash,naive,freshness,4-6 months,1124,21,0.018683274021352312,0.018714240134896788,0.017971194457833295,0.5142252730648017,0.018888769424849218,0.02066137911642522,0.3107547691457009,0.32666666666666666,1.0512040332147092
y_cost_rev,2,flash,naive,freshness,current (3 months),1587,89,0.056080655324511654,0.055743622286847636,0.051829765947341996,0.4948958161443723,0.0533392936218897,0.017972100314754588,0.43876140447884987,0.6,1.367485822306238
y_cost_rev,2,flash,naive,freshness,over 6 months,99,0,0.0,,,,0.0017337429536202365,0.04134546322414344,0.02737074923970141,0.07333333333333333,2.679259259259259
y_cost_rev,2,flash,naive,freshness,unknown,807,9,0.011152416356877323,0.011056545075836626,0.014762118545894745,0.3345864661654135,0.01157002567001958,0.02259531606626043,0.22311307713574785,0.0,0.0
y_cost_rev,2,flash,naive,progress_reported,no,3,0,0.0,,,,0.0012268115906423614,0.03502587030528096,0.0008294166436273154,0.0,0.0
y_cost_rev,2,flash,naive,progress_reported,yes,3614,119,0.032927504150525734,0.03613932096255203,0.03404587944942111,0.5570178285906637,0.03192733996812722,0.004682958008050062,0.9991705833563727,1.0,1.000830105146652
y_cost_rev,2,flash,naive,pre_event,no revision yet,1721,35,0.02033701336432307,0.019714605625413693,0.02159601329552031,0.49135739705134723,0.02010446056765803,0.013159642626504885,0.4758086812275366,0.0,0.0
y_cost_rev,2,flash,naive,pre_event,revised before,1896,84,0.04430379746835443,0.043324094101094605,0.04194448719395789,0.4782008830022075,0.0426103958030824,0.0029633212596024,0.5241913187724634,1.0,1.9077004219409281
y_cost_rev,2,flash,naive,on_schedule,behind or over,3073,99,0.032216075496257726,0.03557511548773049,0.03570886678619991,0.5620206775216863,0.03127379882382421,0.005947924386052773,0.8495991152889134,0.96,1.1299446794663195
y_cost_rev,2,flash,naive,on_schedule,on schedule and cost,544,20,0.03676470588235294,0.0393902819192193,0.03244189986446624,0.5117366412213741,0.03544982223156597,0.002295374607226834,0.15040088471108654,0.04,0.2659558823529412
y_cost_rev,2,flash,naive,report,flash,3617,119,0.03290019353055018,0.03610459107443502,0.034026533909051804,0.556979738722247,0.03190187643892278,0.004708124924525506,1.0,1.0,1.0
y_cost_rev,2,flash,rule,sector,Civil Aviation,74,2,0.02702702702702703,0.10119047619047619,0.19444444444444442,0.5902777777777778,0.026264378612539545,0.001701619457220256,0.02045894387614045,0.0,0.0
y_cost_rev,2,flash,rule,sector,Coal,357,3,0.008403361344537815,0.006518470110517736,0.01274187306501548,0.15725047080979285,0.008966692985969396,0.021471247009359318,0.09870058059165054,0.0,0.0
y_cost_rev,2,flash,rule,sector,Education,85,4,0.047058823529411764,0.0987716052023616,0.22481021394064873,0.595679012345679,0.045068805198579295,0.018721564841177537,0.023500138236107273,0.0,0.0
y_cost_rev,2,flash,rule,sector,Health,54,4,0.07407407407407407,0.10277222777222778,0.4678571428571428,0.5775,0.07084132753258574,0.03663451139723036,0.014929499585291679,0.013333333333333334,0.8930864197530864
y_cost_rev,2,flash,rule,sector,Industry & Commerce,7,0,0.0,,,,0.0009493379737875605,0.03019262676943709,0.0019353055017970694,0.0,0.0
y_cost_rev,2,flash,rule,sector,Mines & Metals,19,2,0.10526315789473684,0.29166666666666663,0.5,0.7941176470588235,0.09675476772626285,0.06851003001048797,0.005252972076306331,0.0,0.0
y_cost_rev,2,flash,rule,sector,Petroleum & Natural Gas,302,17,0.056291390728476824,0.0726907960756412,0.09046523033613792,0.5174406604747162,0.053924334089384844,0.028638317229722085,0.08349460879181642,0.06666666666666667,0.7984547461368654
y_cost_rev,2,flash,rule,sector,Power,248,15,0.06048387096774194,0.0755425052718689,0.159110627433036,0.42775393419170243,0.05751365939831178,0.03484722657468026,0.06856510920652474,0.15333333333333332,2.2363172043010753
y_cost_rev,2,flash,rule,sector,Railways,612,61,0.09967320261437909,0.13852964461932749,0.20265580320300677,0.5785010859540032,0.09308648763589755,0.06364050918730244,0.16920099529997235,0.18666666666666668,1.1032244008714598
y_cost_rev,2,flash,rule,sector,Roads & Highways,1492,0,0.0,,,,0.0009706985978981831,0.029188588618063054,0.41249654409731823,0.1,0.24242627345844506
y_cost_rev,2,flash,rule,sector,Shipping & Ports,21,0,0.0,,,,0.0013400539497165481,0.03369891351014461,0.005805916505391208,0.0,0.0
y_cost_rev,2,flash,rule,sector,Steel,54,1,0.018518518518518517,0.03125,0.09090909090909091,0.41509433962264153,0.01936538260013268,0.015312275436497599,0.014929499585291679,0.02,1.3396296296296297
y_cost_rev,2,flash,rule,sector,Telecommunications,36,0,0.0,,,,0.0010785105998437578,0.029960113679681384,0.009952999723527785,0.006666666666666667,0.6698148148148149
y_cost_rev,2,flash,rule,sector,Urban Development & Housing,125,10,0.08,0.0519092957423007,0.0671551147637439,0.1947826086956522,0.07722166171586133,0.04759531860158225,0.03455902681780481,0.0,0.0
y_cost_rev,2,flash,rule,sector,Water Resources,131,0,0.0,,,,0.007918033774179895,0.0775611300131309,0.036217860105059445,0.4533333333333333,12.51684478371501
y_cost_rev,2,flash,rule,cost_band,1000-5000 cr,1239,62,0.05004035512510089,0.06087467457348322,0.06848582540687745,0.5386164935456464,0.04800243795354238,0.022013462203351097,0.3425490738180813,0.56,1.6348022598870058
y_cost_rev,2,flash,rule,cost_band,500-1000 cr,771,25,0.0324254215304799,0.06533253968203365,0.11556461801457603,0.5747453083109919,0.031242369558518113,0.0014469125646205993,0.21316007741222007,0.1,0.4691309987029832
y_cost_rev,2,flash,rule,cost_band,over 5000 cr,337,10,0.02967359050445104,0.05249210303991603,0.06851275252066631,0.6987767584097859,0.029432982229712263,0.01590704140507224,0.09317113630080177,0.32666666666666666,3.506092977250247
y_cost_rev,2,flash,rule,cost_band,under 500 cr,1270,22,0.01732283464566929,0.0160742901854439,0.018972697918965237,0.47672639860139865,0.017269727881857187,0.011118431296216737,0.3511197124688969,0.013333333333333334,0.0379737532808399
y_cost_rev,2,flash,rule,age,due to 1.5x,1088,53,0.04871323529411765,0.0616511156685144,0.0685731126281761,0.5911949685534592,0.04678580423592866,0.022205465361532423,0.30080176942217307,0.36,1.1968014705882353
y_cost_rev,2,flash,rule,age,half to due,1236,41,0.03317152103559871,0.06917488096598805,0.14155975771274965,0.5879783651392999,0.0318062501175638,0.004988918687484457,0.34171965717445396,0.08666666666666667,0.25361920172599783
y_cost_rev,2,flash,rule,age,over 1.5x schedule,727,18,0.024759284731774415,0.03885569637667413,0.10913998692735292,0.6086036671368125,0.024991984089735946,0.01968539051516045,0.20099529997235277,0.5333333333333333,2.6534617148097204
y_cost_rev,2,flash,rule,age,under half of schedule,532,4,0.007518796992481203,0.14520194066024447,0.18461266552464858,0.6761363636363636,0.007808102342915428,0.02215524951496956,0.14708321813657727,0.013333333333333334,0.09065162907268172
y_cost_rev,2,flash,rule,age,unknown,34,3,0.08823529411764706,0.09050925925925926,0.14962121212121213,0.3763440860215054,0.08458217475764254,0.061880260494666946,0.009400055294442908,0.006666666666666667,0.7092156862745098
y_cost_rev,2,flash,rule,freshness,4-6 months,1124,21,0.018683274021352312,0.018767096096806074,0.018606810135798492,0.47722661140612177,0.019119592077409046,0.01539422461579691,0.3107547691457009,0.32,1.0297508896797152
y_cost_rev,2,flash,rule,freshness,current (3 months),1587,89,0.056080655324511654,0.08852830301977396,0.1259847962995605,0.6005197941825055,0.05308969691540935,0.026216065523967595,0.43876140447884987,0.46,1.0484057971014493
y_cost_rev,2,flash,rule,freshness,over 6 months,99,0,0.0,,,,0.0010452966380133097,0.03031090541145724,0.02737074923970141,0.013333333333333334,0.48713804713804715
y_cost_rev,2,flash,rule,freshness,unknown,807,9,0.011152416356877323,0.012475987978514963,0.023740128732403182,0.4757727652464495,0.0118551451158642,0.021601781135450724,0.22311307713574785,0.20666666666666667,0.9262866584056175
y_cost_rev,2,flash,rule,progress_reported,no,3,0,0.0,,,,0.001055806656980934,0.03247383703164975,0.0008294166436273154,0.0,0.0
y_cost_rev,2,flash,rule,progress_reported,yes,3614,119,0.032927504150525734,0.04442051453101698,0.05251671718271541,0.5650340823024489,0.031934474143734695,0.00419854247361196,0.9991705833563727,1.0,1.000830105146652
y_cost_rev,2,flash,rule,pre_event,no revision yet,1721,35,0.02033701336432307,0.01903948422032139,0.023428147316466832,0.45704965260125396,0.020523075976663092,0.011401978193680471,0.4758086812275366,0.4266666666666667,0.8967189618438893
y_cost_rev,2,flash,rule,pre_event,revised before,1896,84,0.04430379746835443,0.06755880499856762,0.104715727390347,0.6030234941658782,0.04224374642383489,0.012720358227795292,0.5241913187724634,0.5733333333333334,1.0937482419127988
y_cost_rev,2,flash,rule,on_schedule,behind or over,3073,99,0.032216075496257726,0.04596068314083821,0.05572366332906777,0.5852387357094821,0.03126308224630887,0.002974613797768627,0.8495991152889134,1.0,1.1770257077774162
y_cost_rev,2,flash,rule,on_schedule,on schedule and cost,544,20,0.03676470588235294,0.04183567797588149,0.040528019732745627,0.49179389312977106,0.03555681108919296,0.01091015218381559,0.15040088471108654,0.0,0.0
y_cost_rev,2,flash,rule,report,flash,3617,119,0.03290019353055018,0.044386825818179924,0.05248203459898326,0.5648834147724271,0.03190886286298815,0.004168125791688879,1.0,1.0,1.0
y_cost_rev,2,flash,logreg,sector,Civil Aviation,74,2,0.02702702702702703,0.5192307692307693,0.5833333333333334,0.6527777777777778,0.028844786982006657,0.08695312132049236,0.02045894387614045,0.07333333333333333,3.584414414414414
y_cost_rev,2,flash,logreg,sector,Coal,357,3,0.008403361344537815,0.04465582207517692,0.053585948934786146,0.8691148775894538,0.008310456449390465,0.006685116766761329,0.09870058059165054,0.0,0.0
y_cost_rev,2,flash,logreg,sector,Education,85,4,0.047058823529411764,0.07294721407624633,0.11613756613756614,0.537037037037037,0.04936418720622089,0.04424042971964927,0.023500138236107273,0.10666666666666667,4.538980392156863
y_cost_rev,2,flash,logreg,sector,Health,54,4,0.07407407407407407,0.48333333333333334,0.6527777777777778,0.74,0.06656595513484005,0.0429424227751165,0.014929499585291679,0.0,0.0
y_cost_rev,2,flash,logreg,sector,Industry & Commerce,7,0,0.0,,,,0.004511679388334679,0.060105947858273855,0.0019353055017970694,0.006666666666666667,3.444761904761905
y_cost_rev,2,flash,logreg,sector,Mines & Metals,19,2,0.10526315789473684,0.13025210084033612,0.25,0.38235294117647056,0.10219991672923064,0.11454514222239344,0.005252972076306331,0.0,0.0
y_cost_rev,2,flash,logreg,sector,Petroleum & Natural Gas,302,17,0.056291390728476824,0.07935510150809694,0.13247292813390646,0.5638802889576884,0.055842111103191344,0.02265763417237017,0.08349460879181642,0.16666666666666666,1.9961368653421634
y_cost_rev,2,flash,logreg,sector,Power,248,15,0.06048387096774194,0.12100427908790831,0.16261874776053445,0.7164520743919885,0.05784304553022784,0.02181656054483061,0.06856510920652474,0.19333333333333333,2.819704301075269
y_cost_rev,2,flash,logreg,sector,Railways,612,61,0.09967320261437909,0.0773121279600472,0.19586986580801424,0.3490523935616316,0.09784091109923161,0.08180721670095498,0.16920099529997235,0.32666666666666666,1.9306427015250545
y_cost_rev,2,flash,logreg,sector,Roads & Highways,1492,0,0.0,,,,0.001115506788434101,0.023116544523035045,0.41249654409731823,0.013333333333333334,0.032323503127792676
y_cost_rev,2,flash,logreg,sector,Shipping & Ports,21,0,0.0,,,,0.004584570086074321,0.05978889165138205,0.005805916505391208,0.0,0.0
y_cost_rev,2,flash,logreg,sector,Steel,54,1,0.018518518518518517,0.024390243902439025,0.2,0.24528301886792447,0.030926394722899642,0.08849694546260792,0.014929499585291679,0.08,5.358518518518519
y_cost_rev,2,flash,logreg,sector,Telecommunications,36,0,0.0,,,,0.003670036459008625,0.05202233793923482,0.009952999723527785,0.0,0.0
y_cost_rev,2,flash,logreg,sector,Urban Development & Housing,125,10,0.08,0.09959120952166561,0.11645817145817146,0.4921739130434783,0.07677166928244579,0.051720162946401,0.03455902681780481,0.03333333333333333,0.9645333333333334
y_cost_rev,2,flash,logreg,sector,Water Resources,131,0,0.0,,,,0.002326371680537695,0.04286080541106705,0.036217860105059445,0.0,0.0
y_cost_rev,2,flash,logreg,cost_band,1000-5000 cr,1239,62,0.05004035512510089,0.09623382557063068,0.20842989857248787,0.6475182941869707,0.04800855922554548,0.023378423614730977,0.3425490738180813,0.3466666666666667,1.0120204465967177
y_cost_rev,2,flash,logreg,cost_band,500-1000 cr,771,25,0.0324254215304799,0.041307548771764145,0.07424426859443743,0.6240750670241287,0.03323191143253311,0.017208933246911785,0.21316007741222007,0.17333333333333334,0.8131603977518375
y_cost_rev,2,flash,logreg,cost_band,over 5000 cr,337,10,0.02967359050445104,0.03897008028474335,0.07130352147674866,0.5865443425076453,0.034763640581481965,0.04290467107120585,0.09317113630080177,0.26,2.7905637982195843
y_cost_rev,2,flash,logreg,cost_band,under 500 cr,1270,22,0.01732283464566929,0.07004941888506917,0.11848706124587975,0.7486888111888111,0.01779330070641715,0.018912436091748537,0.3511197124688969,0.22,0.6265669291338583
y_cost_rev,2,flash,logreg,age,due to 1.5x,1088,53,0.04871323529411765,0.08548665246719513,0.17588691125592634,0.6457569957159784,0.04805971474766811,0.02911601176579924,0.30080176942217307,0.4533333333333333,1.5070833333333333
y_cost_rev,2,flash,logreg,age,half to due,1236,41,0.03317152103559871,0.07306080425252606,0.11392283117416284,0.6646596591488928,0.03322310961382421,0.015030302221252014,0.34171965717445396,0.22666666666666666,0.663311758360302
y_cost_rev,2,flash,logreg,age,over 1.5x schedule,727,18,0.024759284731774415,0.05768262499193186,0.10058929378844611,0.6987932925873688,0.025711097707337618,0.021835023913149277,0.20099529997235277,0.2733333333333333,1.3598991288399815
y_cost_rev,2,flash,logreg,age,under half of schedule,532,4,0.007518796992481203,0.06334565505456073,0.21544752385279417,0.6946022727272727,0.008123677654897965,0.02133116226399809,0.14708321813657727,0.0,0.0
y_cost_rev,2,flash,logreg,age,unknown,34,3,0.08823529411764706,0.13573360378634214,0.21212121212121213,0.3440860215053763,0.08972793218391993,0.07974095735046828,0.009400055294442908,0.04666666666666667,4.964509803921569
y_cost_rev,2,flash,logreg,freshness,4-6 months,1124,21,0.018683274021352312,0.031704890443621674,0.031966609381882304,0.6698182446142554,0.0227860011882059,0.04723723498106723,0.3107547691457009,0.32666666666666666,1.0512040332147092
y_cost_rev,2,flash,logreg,freshness,current (3 months),1587,89,0.056080655324511654,0.10596675545849131,0.16998441520605834,0.6921063290379683,0.05326420595141311,0.03216648404975146,0.43876140447884987,0.6133333333333333,1.3978743961352655
y_cost_rev,2,flash,logreg,freshness,over 6 months,99,0,0.0,,,,0.00044502072029659273,0.01598113034427116,0.02737074923970141,0.0,0.0
y_cost_rev,2,flash,logreg,freshness,unknown,807,9,0.011152416356877323,0.08688883796533904,0.05656756815335854,0.8279030910609858,0.011439194716601826,0.01966956751945172,0.22311307713574785,0.06,0.26892193308550183
y_cost_rev,2,flash,logreg,progress_reported,no,3,0,0.0,,,,0.00034997190577568354,0.017970575546041766,0.0008294166436273154,0.0,0.0
y_cost_rev,2,flash,logreg,progress_reported,yes,3614,119,0.032927504150525734,0.06332475411641982,0.1139331918095244,0.6743390918599199,0.03304266669959208,0.013185615080101219,0.9991705833563727,1.0,1.000830105146652
y_cost_rev,2,flash,logreg,pre_event,no revision yet,1721,35,0.02033701336432307,0.04846083605035383,0.06695568631177838,0.6753940010167768,0.0205284274984572,0.01384045403879136,0.4758086812275366,0.13333333333333333,0.2802246755762154
y_cost_rev,2,flash,logreg,pre_event,revised before,1896,84,0.04430379746835443,0.07472477213865081,0.1423532717497904,0.6399400819930622,0.04435011795527333,0.02670276869039601,0.5241913187724634,0.8666666666666667,1.653340365682138
y_cost_rev,2,flash,logreg,on_schedule,behind or over,3073,99,0.032216075496257726,0.06664399293589666,0.11742568423859857,0.6888420180282991,0.03245858889103024,0.01564157373099948,0.8495991152889134,0.98,1.153485193621868
y_cost_rev,2,flash,logreg,on_schedule,on schedule and cost,544,20,0.03676470588235294,0.06764392418814387,0.169090263105775,0.6287213740458015,0.03616177151821168,0.012895049339548229,0.15040088471108654,0.02,0.1329779411764706
y_cost_rev,2,flash,logreg,report,flash,3617,119,0.03290019353055018,0.06332037086117265,0.11391501625857982,0.6745583310511168,0.03301555083440506,0.013189583805950766,1.0,1.0,1.0
y_cost_rev,2,flash,lightgbm,sector,Civil Aviation,74,2,0.02702702702702703,0.282258064516129,0.5555555555555556,0.7916666666666666,0.02314922050144215,0.02966057691216037,0.02045894387614045,0.03333333333333333,1.6292792792792792
y_cost_rev,2,flash,lightgbm,sector,Coal,357,3,0.008403361344537815,0.019160346746553644,0.034603439484540865,0.71939736346516,0.00852301579488503,0.009245938711560266,0.09870058059165054,0.013333333333333334,0.1350887021475257
y_cost_rev,2,flash,lightgbm,sector,Education,85,4,0.047058823529411764,0.315267947421638,0.4117149758454106,0.6358024691358024,0.04442962432584598,0.02510165588931722,0.023500138236107273,0.13333333333333333,5.673725490196078
y_cost_rev,2,flash,lightgbm,sector,Health,54,4,0.07407407407407407,0.1978174603174603,0.5700000000000001,0.7,0.06840763451313345,0.05910188713812453,0.014929499585291679,0.04,2.6792592592592595
y_cost_rev,2,flash,lightgbm,sector,Industry & Commerce,7,0,0.0,,,,0.0008565501133859738,0.028726038142991135,0.0019353055017970694,0.0,0.0
y_cost_rev,2,flash,lightgbm,sector,Mines & Metals,19,2,0.10526315789473684,0.0804093567251462,0.16666666666666666,0.0,0.10528842321316759,0.06992288218836562,0.005252972076306331,0.006666666666666667,1.269122807017544
y_cost_rev,2,flash,lightgbm,sector,Petroleum & Natural Gas,302,17,0.056291390728476824,0.25815685411663464,0.2954890508087276,0.7566563467492259,0.05147648239269103,0.017721556128534134,0.08349460879181642,0.02666666666666667,0.3193818984547462
y_cost_rev,2,flash,lightgbm,sector,Power,248,15,0.06048387096774194,0.1720683740695716,0.2718876489959369,0.7464949928469242,0.055349809073237416,0.027261469687698218,0.06856510920652474,0.1,1.4584677419354841
y_cost_rev,2,flash,lightgbm,sector,Railways,612,61,0.09967320261437909,0.18487180184456709,0.23326387330468412,0.6740055339025914,0.08823856835062882,0.039543072152096584,0.16920099529997235,0.6,3.546078431372549
y_cost_rev,2,flash,lightgbm,sector,Roads & Highways,1492,0,0.0,,,,0.0010177934811847916,0.027386392432825882,0.41249654409731823,0.02,0.04848525469168901
y_cost_rev,2,flash,lightgbm,sector,Shipping & Ports,21,0,0.0,,,,0.0015733213179303898,0.032705063482809583,0.005805916505391208,0.006666666666666667,1.1482539682539683
y_cost_rev,2,flash,lightgbm,sector,Steel,54,1,0.018518518518518517,0.029411764705882353,0.25,0.37735849056603776,0.018415739713330506,0.007867726952157404,0.014929499585291679,0.0,0.0
y_cost_rev,2,flash,lightgbm,sector,Telecommunications,36,0,0.0,,,,0.0010717299625960393,0.029385696508337937,0.009952999723527785,0.0,0.0
y_cost_rev,2,flash,lightgbm,sector,Urban Development & Housing,125,10,0.08,0.0641343494488966,0.08267070392779224,0.3539130434782609,0.07766037018507087,0.05121167569142386,0.03455902681780481,0.02,0.57872
y_cost_rev,2,flash,lightgbm,sector,Water Resources,131,0,0.0,,,,0.001100470168499846,0.029546853514954546,0.036217860105059445,0.0,0.0
y_cost_rev,2,flash,lightgbm,cost_band,1000-5000 cr,1239,62,0.05004035512510089,0.16419864492999825,0.21596219730897093,0.7295475100720805,0.044965663416795906,0.008283743048915932,0.3425490738180813,0.5133333333333333,1.498568738229755
y_cost_rev,2,flash,lightgbm,cost_band,500-1000 cr,771,25,0.0324254215304799,0.11160652388293521,0.1416135634393075,0.6763002680965148,0.03079623414341702,0.005302230533716832,0.21316007741222007,0.18666666666666668,0.8757111975789019
y_cost_rev,2,flash,lightgbm,cost_band,over 5000 cr,337,10,0.02967359050445104,0.10086687854436092,0.14266453169961943,0.8091743119266055,0.028614115960373537,0.017869376001552337,0.09317113630080177,0.18,1.9319287833827892
y_cost_rev,2,flash,lightgbm,cost_band,under 500 cr,1270,22,0.01732283464566929,0.118336604358442,0.21391225255751312,0.7800116550116549,0.016412942106949165,0.01168278649980239,0.3511197124688969,0.12,0.34176377952755904
y_cost_rev,2,flash,lightgbm,age,due to 1.5x,1088,53,0.04871323529411765,0.16364048918342808,0.19112447900611695,0.7480266156230062,0.04393642854494549,0.004937415160331362,0.30080176942217307,0.52,1.7287132352941177
y_cost_rev,2,flash,lightgbm,age,half to due,1236,41,0.03317152103559871,0.11294672861934578,0.15311602153986906,0.7376262883967752,0.031037798445202647,0.0010572051694307456,0.34171965717445396,0.28,0.8193851132686085
y_cost_rev,2,flash,lightgbm,age,over 1.5x schedule,727,18,0.024759284731774415,0.18987955308969534,0.23870555016134065,0.6743457138379565,0.023086577979898153,0.011041460700062074,0.20099529997235277,0.18,0.8955433287482806
y_cost_rev,2,flash,lightgbm,age,under half of schedule,532,4,0.007518796992481203,0.05728752401225273,0.1777901371894698,0.8650568181818181,0.007553738888306251,0.014074019816677455,0.14708321813657727,0.0,0.0
y_cost_rev,2,flash,lightgbm,age,unknown,34,3,0.08823529411764706,0.09223057644110276,0.19583333333333333,0.3870967741935484,0.08751948933293867,0.07414101679997705,0.009400055294442908,0.02,2.1276470588235297
y_cost_rev,2,flash,lightgbm,freshness,4-6 months,1124,21,0.018683274021352312,0.028639753366750294,0.02873671441219479,0.5905970729180159,0.01970098588460351,0.02112017948395998,0.3107547691457009,0.3,0.965391459074733
y_cost_rev,2,flash,lightgbm,freshness,current (3 months),1587,89,0.056080655324511654,0.21897388880663093,0.25235315164976213,0.7818064535485515,0.04959092442960738,0.019113864440832472,0.43876140447884987,0.6,1.367485822306238
y_cost_rev,2,flash,lightgbm,freshness,over 6 months,99,0,0.0,,,,0.001041585748601232,0.02594818292841925,0.02737074923970141,0.006666666666666667,0.24356902356902357
y_cost_rev,2,flash,lightgbm,freshness,unknown,807,9,0.011152416356877323,0.1392239961849212,0.07978381172051999,0.6911723753829017,0.011147366616187338,0.01698164861484274,0.22311307713574785,0.09333333333333334,0.4183230070218918
y_cost_rev,2,flash,lightgbm,progress_reported,no,3,0,0.0,,,,0.0027389779429151406,0.05103491367176569,0.0008294166436273154,0.0,0.0
y_cost_rev,2,flash,lightgbm,progress_reported,yes,3614,119,0.032927504150525734,0.12643136769164937,0.16457569642577483,0.7474086630360299,0.03041934978379281,0.004935551183149451,0.9991705833563727,1.0,1.000830105146652
y_cost_rev,2,flash,lightgbm,pre_event,no revision yet,1721,35,0.02033701336432307,0.058973593812004704,0.07597197352104067,0.6230469411964074,0.01999846839276082,0.006926156328688971,0.4758086812275366,0.15333333333333332,0.3222583769126477
y_cost_rev,2,flash,lightgbm,pre_event,revised before,1896,84,0.04430379746835443,0.16461267315032077,0.2052078282034354,0.7841374960580259,0.03983459016271867,0.005920593390782227,0.5241913187724634,0.8466666666666667,1.6151863572433192
y_cost_rev,2,flash,lightgbm,on_schedule,behind or over,3073,99,0.032216075496257726,0.13689995437836722,0.17998331569022671,0.7574772608397357,0.029589346502370707,0.006974971200652554,0.8495991152889134,0.9,1.0593231369996747
y_cost_rev,2,flash,lightgbm,on_schedule,on schedule and cost,544,20,0.03676470588235294,0.08826950970846026,0.10276010409879903,0.7094465648854962,0.03495530376961543,0.008414315063794559,0.15040088471108654,0.1,0.664889705882353
y_cost_rev,2,flash,lightgbm,report,flash,3617,119,0.03290019353055018,0.12632967034661297,0.16442497360591588,0.7471976783852479,0.030396391222686194,0.004973786761658114,1.0,1.0,1.0
y_any,4,val,naive,sector,Atomic Energy,20,13,0.65,0.680982905982906,0.7666666666666666,0.41758241758241754,0.23164099658610104,0.07140033542308463,0.0027921262041044254,0.013333333333333334,4.775333333333334
y_any,4,val,naive,sector,Civil Aviation,149,122,0.8187919463087249,0.8711491822447182,0.8578636497602016,0.5780206435944142,0.1941306306996331,0.21875455107487193,0.02080134022057797,0.0,0.0
y_any,4,val,naive,sector,Coal,632,214,0.33860759493670883,0.36242129568641374,0.36480469996808185,0.5377688592764834,0.27365606706500456,0.2246344262919052,0.08823118804969984,0.07333333333333333,0.8311497890295358
y_any,4,val,naive,sector,Defence,1,0,0.0,,,,0.29970447808329304,0.5474527176691089,0.00013960631020522128,0.0,0.0
y_any,4,val,naive,sector,Education,95,77,0.8105263157894737,0.8708781024415616,0.8746732434232435,0.623015873015873,0.18355277209131923,0.19555999326839388,0.013262599469496022,0.0,0.0
y_any,4,val,naive,sector,Finance,3,0,0.0,,,,0.3655144933122078,0.5999943691640569,0.00041881893061566385,0.0,0.0
y_any,4,val,naive,sector,Health,33,25,0.7575757575757576,0.849729227761486,0.8313492063492064,0.595,0.19746307661853946,0.15453246353606548,0.004607008236772302,0.0,0.0
y_any,4,val,naive,sector,Home Affairs,25,22,0.88,0.9267248902889635,0.7416666666666667,0.5606060606060607,0.1808294924878514,0.26719643633743473,0.0034901577551305317,0.013333333333333334,3.820266666666667
y_any,4,val,naive,sector,Industry & Commerce,9,4,0.4444444444444444,0.8303571428571428,0.75,0.825,0.22943407471738209,0.26797544205561585,0.0012564567918469914,0.0,0.0
y_any,4,val,naive,sector,Mines & Metals,42,27,0.6428571428571429,0.5515716268358524,0.637830687830688,0.3197530864197531,0.244361325526221,0.11523649667599849,0.0058634650286192936,0.016666666666666666,2.8424603174603176
y_any,4,val,naive,sector,North Eastern Region,1,0,0.0,,,,0.29970447808329304,0.5474527176691089,0.00013960631020522128,0.0,0.0
y_any,4,val,naive,sector,Petroleum & Natural Gas,637,352,0.5525902668759811,0.5805953823700628,0.5706444078177371,0.5262360446570973,0.24690047479244395,0.021293806892425115,0.08892921960072596,0.016666666666666666,0.18741496598639454
y_any,4,val,naive,sector,Power,417,264,0.6330935251798561,0.7040869209839663,0.6866303005209228,0.5822192513368984,0.229486377858254,0.04441479012534978,0.05821583135557727,0.08333333333333333,1.431454836131095
y_any,4,val,naive,sector,Railways,927,471,0.5080906148867314,0.5479274190354507,0.5503049299800145,0.5377276790702872,0.2503158097445452,0.06935087449980563,0.12941504956024014,0.3466666666666667,2.678719884933477
y_any,4,val,naive,sector,Roads & Highways,3835,2591,0.675619295958279,0.726705446313851,0.7391049415529016,0.5443380251451662,0.2198087974547095,0.0877197866317146,0.5353901996370236,0.42333333333333334,0.7907005649717515
y_any,4,val,naive,sector,Shipping & Ports,6,1,0.16666666666666666,0.16666666666666666,,0.0,0.32164840739299866,0.40828523527059196,0.0008376378612313277,0.0,0.0
y_any,4,val,naive,sector,Social Justice,6,0,0.0,,,,0.30028700004746867,0.5479466029164614,0.0008376378612313277,0.0,0.0
y_any,4,val,naive,sector,Steel,44,27,0.6136363636363636,0.7907279140612474,0.749621212121212,0.6459694989106753,0.21610445447270152,0.0916207587014871,0.006142677649029736,0.01,1.6279545454545454
y_any,4,val,naive,sector,Telecommunications,25,21,0.84,0.8648041640898783,0.8166666666666665,0.4523809523809524,0.19060389336050176,0.25074039256683106,0.0034901577551305317,0.0,0.0
y_any,4,val,naive,sector,Urban Development & Housing,127,50,0.3937007874015748,0.5794523849262043,0.5154337134600292,0.6407792207792208,0.26037975684643094,0.18144211102370353,0.0177300013960631,0.0033333333333333335,0.18800524934383203
y_any,4,val,naive,sector,Water Resources,129,66,0.5116279069767442,0.6344242644423611,0.5295768952870819,0.677970177970178,0.2537330670430503,0.049723516149590086,0.018009214016473544,0.0,0.0
y_any,4,val,naive,cost_band,1000-5000 cr,2022,1238,0.6122650840751731,0.683655102235424,0.651727786880066,0.5767995202927697,0.23230741703859806,0.03294878323124027,0.2822839592349574,0.43,1.5232888229475767
y_any,4,val,naive,cost_band,500-1000 cr,1654,1038,0.6275695284159613,0.7016962875191566,0.6805529989659137,0.5859850048795135,0.22745773766336747,0.04581010024354296,0.230908837079436,0.29,1.255906892382104
y_any,4,val,naive,cost_band,over 5000 cr,483,248,0.5134575569358178,0.5577074226378863,0.5427328094747982,0.54579615648593,0.2508865780914879,0.06510272961143478,0.06742984782912187,0.14,2.076231884057971
y_any,4,val,naive,cost_band,under 500 cr,3004,1823,0.6068575233022636,0.6622331499410908,0.6699031192200807,0.547051667864241,0.23091697374192355,0.019278830220860247,0.4193773558564847,0.14,0.3338282290279627
y_any,4,val,naive,age,due to 1.5x,1506,1131,0.750996015936255,0.8014888058762293,0.7851022879998227,0.5907951665193044,0.2071592558371758,0.15374708976332785,0.21024710316906325,0.22666666666666666,1.0780965028773792
y_any,4,val,naive,age,half to due,2261,1414,0.6253869969040248,0.6258331838974589,0.6409524717195499,0.47701054892131145,0.2380114221672896,0.061000829704407164,0.3156498673740053,0.06333333333333334,0.20064425770308125
y_any,4,val,naive,age,over 1.5x schedule,1932,1426,0.7380952380952381,0.7639892896067509,0.7697286064286333,0.5292132557971938,0.20934219651087307,0.12964530604211744,0.2697193913164875,0.6166666666666667,2.286326777087647
y_any,4,val,naive,age,under half of schedule,1315,279,0.21216730038022813,0.22859173997365287,0.21437931634793325,0.5411529040561298,0.28270434285543156,0.3405756428796383,0.18358229791986597,0.0,0.0
y_any,4,val,naive,age,unknown,149,97,0.6510067114093959,0.6684457028949607,0.622813677513166,0.5293417922283901,0.2312919621560693,0.06241938296257737,0.02080134022057797,0.09333333333333334,4.486890380313199
y_any,4,val,naive,freshness,4-6 months,23,14,0.6086956521739131,0.6207792207792207,0.6207792207792207,0.5238095238095238,0.2457902541751758,0.08539726381302315,0.0032109451347200895,0.023333333333333334,7.266811594202899
y_any,4,val,naive,freshness,current (3 months),6340,4022,0.634384858044164,0.6922943630925951,0.6808372060646781,0.5663084592120387,0.22774641212395577,0.04703187771236648,0.8851040067011029,0.9766666666666667,1.1034484752891693
y_any,4,val,naive,freshness,unknown,800,311,0.38875,0.3599332832948509,0.3346829370109215,0.4242794863196102,0.2640350912178419,0.16120195060221604,0.11168504816417701,0.0,0.0
y_any,4,val,naive,progress_reported,no,4112,2419,0.5882782101167315,0.6469717524158436,0.49956742672005183,0.5636585194928806,0.23559421000352557,0.013827960474837834,0.5740611475638698,0.5133333333333333,0.8942136835278859
y_any,4,val,naive,progress_reported,yes,3051,1928,0.6319239593575877,0.704777944387006,0.6879670908564655,0.5912525910516806,0.22682075062329893,0.049760587229652195,0.4259388524361301,0.4866666666666667,1.1425740194471758
y_any,4,val,naive,pre_event,no revision yet,3129,1475,0.47139661233620966,0.4623814691636093,0.4669459938048497,0.48470866722685635,0.25546658358591307,0.07859118344538008,0.43682814463213737,0.0,0.0
y_any,4,val,naive,pre_event,revised before,4034,2872,0.7119484382746654,0.7490102137084454,0.741709838464688,0.5627169441794235,0.21354451205896383,0.10281932228014957,0.5631718553678626,1.0,1.7756569162121962
y_any,4,val,naive,on_schedule,behind or over,4578,3229,0.7053298383573613,0.7405465119191605,0.7353599146920203,0.5501556387271486,0.216509264791641,0.10396385318565908,0.639117688119503,0.9966666666666667,1.5594415319644679
y_any,4,val,naive,on_schedule,on schedule and cost,2585,1118,0.43249516441005803,0.4380203324072764,0.4298302721899567,0.5067693795401029,0.25903833170988383,0.11879504325199916,0.360882311880497,0.0033333333333333335,0.009236621534493875
y_any,4,val,naive,report,quarterly,7163,4347,0.6068686304620969,0.6699636953003258,0.6589922705106511,0.5642806330646005,0.2318572527832168,0.02357410764728871,1.0,1.0,1.0
y_any,4,val,rule,sector,Atomic Energy,20,13,0.65,0.7673878471955395,0.8333333333333333,0.7252747252747253,0.20732279190730446,0.2952494380236292,0.0027921262041044254,0.02666666666666667,9.550666666666668
y_any,4,val,rule,sector,Civil Aviation,149,122,0.8187919463087249,0.8037525815835105,0.8243229585073313,0.49362477231329693,0.20755524710442058,0.2385929553102102,0.02080134022057797,0.023333333333333334,1.1217225950782999
y_any,4,val,rule,sector,Coal,632,214,0.33860759493670883,0.426459374200867,0.4540866608701279,0.5954813754862943,0.2713609270274771,0.2269083093001635,0.08823118804969984,0.03666666666666667,0.4155748945147679
y_any,4,val,rule,sector,Defence,1,0,0.0,,,,0.29937191168863914,0.5471488935277482,0.00013960631020522128,0.0,0.0
y_any,4,val,rule,sector,Education,95,77,0.8105263157894737,0.7927175227314455,0.8248950514644379,0.48629148629148633,0.20955309883726372,0.23182334934658594,0.013262599469496022,0.0,0.0
y_any,4,val,rule,sector,Finance,3,0,0.0,,,,0.30682306820567784,0.5532230924714704,0.00041881893061566385,0.0,0.0
y_any,4,val,rule,sector,Health,33,25,0.7575757575757576,0.8515954820441196,0.8792261904761904,0.5549999999999999,0.2159822446882918,0.18991997358869733,0.004607008236772302,0.0,0.0
y_any,4,val,rule,sector,Home Affairs,25,22,0.88,0.8692851873037937,0.6388888888888888,0.4545454545454546,0.1817343549474397,0.2701962452725565,0.0034901577551305317,0.01,2.8652
y_any,4,val,rule,sector,Industry & Commerce,9,4,0.4444444444444444,0.8541666666666666,1.0,0.85,0.236564572774242,0.19434705493534116,0.0012564567918469914,0.0,0.0
y_any,4,val,rule,sector,Mines & Metals,42,27,0.6428571428571429,0.6592817345797588,0.7453174603174603,0.508641975308642,0.23350448685775138,0.05587904227305908,0.0058634650286192936,0.02666666666666667,4.547936507936508
y_any,4,val,rule,sector,North Eastern Region,1,0,0.0,,,,0.3337179926352574,0.5776832978676616,0.00013960631020522128,0.0,0.0
y_any,4,val,rule,sector,Petroleum & Natural Gas,637,352,0.5525902668759811,0.5738648993933615,0.5830289974373107,0.5031299840510366,0.2493509688036408,0.051398638597675655,0.08892921960072596,0.04,0.4497959183673469
y_any,4,val,rule,sector,Power,417,264,0.6330935251798561,0.7859332123206515,0.7881306454578813,0.6519236482471776,0.22435104664335578,0.04729979600920063,0.05821583135557727,0.13666666666666666,2.347585931254996
y_any,4,val,rule,sector,Railways,927,471,0.5080906148867314,0.5246588953584242,0.5329083599529104,0.5344405333929303,0.2616522206212064,0.10781778001788096,0.12941504956024014,0.5233333333333333,4.04383674937073
y_any,4,val,rule,sector,Roads & Highways,3835,2591,0.675619295958279,0.7133849338627316,0.7606726957998738,0.5267445063979816,0.23041950325137703,0.10424873024947816,0.5353901996370236,0.15333333333333332,0.28639548022598865
y_any,4,val,rule,sector,Shipping & Ports,6,1,0.16666666666666666,0.16666666666666666,,0.0,0.34553041814569024,0.419879307331066,0.0008376378612313277,0.0,0.0
y_any,4,val,rule,sector,Social Justice,6,0,0.0,,,,0.3171104019868482,0.563025753658826,0.0008376378612313277,0.0,0.0
y_any,4,val,rule,sector,Steel,44,27,0.6136363636363636,0.8466977816450405,0.9177579365079365,0.6775599128540305,0.2272240142444371,0.12843179570143262,0.006142677649029736,0.0,0.0
y_any,4,val,rule,sector,Telecommunications,25,21,0.84,0.9275822265665163,0.9611111111111111,0.6309523809523809,0.19624026214065218,0.25750953639630075,0.0034901577551305317,0.0,0.0
y_any,4,val,rule,sector,Urban Development & Housing,127,50,0.3937007874015748,0.4443555942597733,0.4688007223221428,0.5333766233766234,0.2730404735545933,0.19172976682809215,0.0177300013960631,0.0,0.0
y_any,4,val,rule,sector,Water Resources,129,66,0.5116279069767442,0.5570767386981075,0.5006829564742343,0.5654160654160655,0.2562411380863034,0.08834019978383884,0.018009214016473544,0.023333333333333334,1.2956330749354006
y_any,4,val,rule,cost_band,1000-5000 cr,2022,1238,0.6122650840751731,0.6443322014348718,0.6446400204235228,0.5590181044146253,0.23720686885043016,0.04066076808390463,0.2822839592349574,0.48333333333333334,1.7122238707550281
y_any,4,val,rule,cost_band,500-1000 cr,1654,1038,0.6275695284159613,0.7180082008882807,0.7276356625444974,0.5952521707579511,0.2326322524308544,0.05455700159169727,0.230908837079436,0.13,0.5629927448609432
y_any,4,val,rule,cost_band,over 5000 cr,483,248,0.5134575569358178,0.5959201983283089,0.611869479611102,0.5745367192862046,0.25401338535887796,0.10380576253858896,0.06742984782912187,0.31333333333333335,4.64680469289165
y_any,4,val,rule,cost_band,under 500 cr,3004,1823,0.6068575233022636,0.6061734346046235,0.6450192217361523,0.4841204888332963,0.2429288456198817,0.05108570758367873,0.4193773558564847,0.07333333333333333,0.1748624056813138
y_any,4,val,rule,age,due to 1.5x,1506,1131,0.750996015936255,0.6655586485970133,0.6571524200728379,0.35087533156498674,0.22755002783275363,0.17474350247245485,0.21024710316906325,0.2866666666666667,1.3634749889331563
y_any,4,val,rule,age,half to due,2261,1414,0.6253869969040248,0.6042290894781528,0.6131025393899024,0.46184052542545534,0.24171627896291337,0.06686522941807267,0.3156498673740053,0.006666666666666667,0.021120448179271712
y_any,4,val,rule,age,over 1.5x schedule,1932,1426,0.7380952380952381,0.7069198837398387,0.726516295145867,0.4296243119037192,0.2171683898025777,0.145941000431703,0.2697193913164875,0.6833333333333333,2.533497239475501
y_any,4,val,rule,age,under half of schedule,1315,279,0.21216730038022813,0.23702931351532525,0.22233063849440513,0.5278625399593142,0.2823962504082287,0.3406240793453568,0.18358229791986597,0.0,0.0
y_any,4,val,rule,age,unknown,149,97,0.6510067114093959,0.5921550597081828,0.7218862472457322,0.3891752577319587,0.24645305147644836,0.10140339242997495,0.02080134022057797,0.023333333333333334,1.1217225950782999
y_any,4,val,rule,freshness,4-6 months,23,14,0.6086956521739131,0.8446273964131106,0.8446273964131106,0.7222222222222223,0.22532230782228527,0.15380560133093735,0.0032109451347200895,0.0,0.0
y_any,4,val,rule,freshness,current (3 months),6340,4022,0.634384858044164,0.6523345157239872,0.6634614597245981,0.5260178165902892,0.2358690987167277,0.060104134537455195,0.8851040067011029,0.9966666666666667,1.1260446898002103
y_any,4,val,rule,freshness,unknown,800,311,0.38875,0.34649488445957066,0.3682971463257539,0.3965504770546887,0.27032531595337433,0.16851242067021574,0.11168504816417701,0.0033333333333333335,0.029845833333333335
y_any,4,val,rule,progress_reported,no,4112,2419,0.5882782101167315,0.6805851243494903,0.6870716715503401,0.6364187873760764,0.23721622562334757,0.03845556923656174,0.5740611475638698,0.5433333333333333,0.9464729247730221
y_any,4,val,rule,progress_reported,yes,3051,1928,0.6319239593575877,0.6104719592611401,0.6166439429613422,0.4804292462764601,0.24300872892279926,0.09236254991712234,0.4259388524361301,0.45666666666666667,1.0721413744127608
y_any,4,val,rule,pre_event,no revision yet,3129,1475,0.47139661233620966,0.4996411830973285,0.4960745368049981,0.5173028918082512,0.2579657924213747,0.09124313438854348,0.43682814463213737,0.03333333333333333,0.07630765952913604
y_any,4,val,rule,pre_event,revised before,4034,2872,0.7119484382746654,0.6827275284967147,0.6843139223476854,0.44988859137305287,0.22550267407540517,0.1284406155944659,0.5631718553678626,0.9666666666666667,1.7164683523384565
y_any,4,val,rule,on_schedule,behind or over,4578,3229,0.7053298383573613,0.669514737804074,0.6738774162050009,0.43529255925440336,0.22792677175829407,0.12215569712009407,0.639117688119503,1.0,1.5646570554827437
y_any,4,val,rule,on_schedule,on schedule and cost,2585,1118,0.43249516441005803,0.4780088786531872,0.44925640770819486,0.5185469719640072,0.260504445105298,0.11962953425429347,0.360882311880497,0.0,0.0
y_any,4,val,rule,report,quarterly,7163,4347,0.6068686304620969,0.6369837983662507,0.6520319049265583,0.5341118221553004,0.2396834778314485,0.03489968384314419,1.0,1.0,1.0
y_any,4,val,logreg,sector,Atomic Energy,20,13,0.65,0.9557605855682776,0.9,0.9120879120879121,0.14025912588627495,0.11603696185119232,0.0027921262041044254,0.0,0.0
y_any,4,val,logreg,sector,Civil Aviation,149,122,0.8187919463087249,0.8360326324752048,0.8719988420143979,0.5883424408014573,0.1518905805479013,0.11957306551543859,0.02080134022057797,0.016666666666666666,0.8012304250559283
y_any,4,val,logreg,sector,Coal,632,214,0.33860759493670883,0.7426322700817577,0.7566647205816325,0.8265103072038635,0.15751412371789159,0.08336008759397867,0.08823118804969984,0.0,0.0
y_any,4,val,logreg,sector,Defence,1,0,0.0,,,,0.40846213131381437,0.6391104218472848,0.00013960631020522128,0.0,0.0
y_any,4,val,logreg,sector,Education,95,77,0.8105263157894737,0.8229215851643727,0.8597407505008804,0.5865800865800865,0.15833963499511472,0.09289477034363171,0.013262599469496022,0.12666666666666668,9.550666666666666
y_any,4,val,logreg,sector,Finance,3,0,0.0,,,,0.5026051858654496,0.7081072616226245,0.00041881893061566385,0.0,0.0
y_any,4,val,logreg,sector,Health,33,25,0.7575757575757576,0.960134472459111,0.9569444444444445,0.855,0.21125585481652692,0.28778708340764014,0.004607008236772302,0.0,0.0
y_any,4,val,logreg,sector,Home Affairs,25,22,0.88,0.8727143278906332,0.7805555555555556,0.40909090909090906,0.11146180116695292,0.05548719375536592,0.0034901577551305317,0.013333333333333334,3.820266666666667
y_any,4,val,logreg,sector,Industry & Commerce,9,4,0.4444444444444444,0.95,1.0,0.9500000000000001,0.08931231979239586,0.16133604632182927,0.0012564567918469914,0.0,0.0
y_any,4,val,logreg,sector,Mines & Metals,42,27,0.6428571428571429,0.5818576690297094,0.7239417989417989,0.40740740740740744,0.2742277748694796,0.24857391204135504,0.0058634650286192936,0.0,0.0
y_any,4,val,logreg,sector,North Eastern Region,1,0,0.0,,,,0.9651121536538949,0.9824012182677172,0.00013960631020522128,0.0033333333333333335,23.87666666666667
y_any,4,val,logreg,sector,Petroleum & Natural Gas,637,352,0.5525902668759811,0.8193580987878408,0.8320397378480918,0.7898125996810207,0.2046320923084713,0.12201582226184601,0.08892921960072596,0.08666666666666667,0.9745578231292517
y_any,4,val,logreg,sector,Power,417,264,0.6330935251798561,0.75662380013887,0.7904650116494555,0.7111061596355714,0.2076311050570467,0.1072517758138531,0.05821583135557727,0.11666666666666667,2.004036770583533
y_any,4,val,logreg,sector,Railways,927,471,0.5080906148867314,0.6748606366442456,0.6964481499318822,0.6899513912168957,0.2272177451437125,0.06754192006908917,0.12941504956024014,0.03333333333333333,0.257569219705142
y_any,4,val,logreg,sector,Roads & Highways,3835,2591,0.675619295958279,0.838403213945166,0.8575943223612431,0.7819210326122702,0.17459354984937608,0.07912589122193273,0.5353901996370236,0.5833333333333334,1.08954802259887
y_any,4,val,logreg,sector,Shipping & Ports,6,1,0.16666666666666666,1.0,,1.0,0.07146049214450072,0.23037741537773473,0.0008376378612313277,0.0,0.0
y_any,4,val,logreg,sector,Social Justice,6,0,0.0,,,,0.4333904543183667,0.6542339963302886,0.0008376378612313277,0.0,0.0
y_any,4,val,logreg,sector,Steel,44,27,0.6136363636363636,0.7829731182730613,0.8294907407407407,0.7080610021786492,0.21827810130621295,0.13734210989177487,0.006142677649029736,0.006666666666666667,1.0853030303030304
y_any,4,val,logreg,sector,Telecommunications,25,21,0.84,0.9923809523809524,1.0,0.9523809523809523,0.09019202710035479,0.17412445864424492,0.0034901577551305317,0.0033333333333333335,0.9550666666666667
y_any,4,val,logreg,sector,Urban Development & Housing,127,50,0.3937007874015748,0.5527514648417284,0.660785248749645,0.6542857142857144,0.28544301745280093,0.2875129966134605,0.0177300013960631,0.01,0.5640157480314961
y_any,4,val,logreg,sector,Water Resources,129,66,0.5116279069767442,0.5215717909245052,0.7140707077262746,0.4846079846079846,0.2726318493506137,0.2487643264607301,0.018009214016473544,0.0,0.0
y_any,4,val,logreg,cost_band,1000-5000 cr,2022,1238,0.6122650840751731,0.8215983972238602,0.844452836907506,0.7698744683656984,0.19333051862917883,0.06271058439203232,0.2822839592349574,0.24666666666666667,0.8738245961094626
y_any,4,val,logreg,cost_band,500-1000 cr,1654,1038,0.6275695284159613,0.8374863644597059,0.8539653314275238,0.7866808047443885,0.18208442887865098,0.05585557443289973,0.230908837079436,0.26,1.1259854897218864
y_any,4,val,logreg,cost_band,over 5000 cr,483,248,0.5134575569358178,0.7844531090164812,0.803308825063851,0.8094543582704187,0.1917366381790383,0.11990820418259933,0.06742984782912187,0.06666666666666667,0.9886818495514148
y_any,4,val,logreg,cost_band,under 500 cr,3004,1823,0.6068575233022636,0.7864549602466478,0.8030892220011124,0.7765498060115292,0.18766208967687523,0.08169037053982323,0.4193773558564847,0.4266666666666667,1.0173812694185531
y_any,4,val,logreg,age,due to 1.5x,1506,1131,0.750996015936255,0.8689367075664476,0.8875892973337621,0.7401237842617152,0.15669433228997384,0.04551566066814127,0.21024710316906325,0.17,0.8085723771580345
y_any,4,val,logreg,age,half to due,2261,1414,0.6253869969040248,0.8169557974854131,0.8273285049920837,0.7537201772125265,0.19602661699388124,0.0538078305138822,0.3156498673740053,0.056666666666666664,0.17952380952380953
y_any,4,val,logreg,age,over 1.5x schedule,1932,1426,0.7380952380952381,0.8041325460604263,0.8260640343581152,0.6608759403289557,0.18801031977287894,0.08914244098640861,0.2697193913164875,0.7666666666666667,2.842460317460318
y_any,4,val,logreg,age,under half of schedule,1315,279,0.21216730038022813,0.33298560842019886,0.36687679491146086,0.6421894244474889,0.20654289102250267,0.19121030761170243,0.18358229791986597,0.0,0.0
y_any,4,val,logreg,age,unknown,149,97,0.6510067114093959,0.7566960737275046,0.6856663963206122,0.6145915939730372,0.23080525312508615,0.12925338851631188,0.02080134022057797,0.006666666666666667,0.3204921700223714
y_any,4,val,logreg,freshness,4-6 months,23,14,0.6086956521739131,0.7959447531926522,0.8478042532802594,0.6587301587301588,0.23433492283885599,0.18515825137055536,0.0032109451347200895,0.0,0.0
y_any,4,val,logreg,freshness,current (3 months),6340,4022,0.634384858044164,0.8122097230144438,0.8274872584455344,0.7690015098150852,0.18483952499952008,0.05633047702788732,0.8851040067011029,1.0,1.1298107255520504
y_any,4,val,logreg,freshness,unknown,800,311,0.38875,0.7051602764472713,0.6639671527644302,0.7726970850676294,0.21394421992630747,0.17613479145547895,0.11168504816417701,0.0,0.0
y_any,4,val,logreg,progress_reported,no,4112,2419,0.5882782101167315,0.8017615981245612,0.7769803089249835,0.7709055134741283,0.196356169910188,0.071578826281785,0.5740611475638698,0.5066666666666667,0.8826005188067446
y_any,4,val,logreg,progress_reported,yes,3051,1928,0.6319239593575877,0.813552650720934,0.8455794180209688,0.7861264654914408,0.1773225489979036,0.0752422677657185,0.4259388524361301,0.49333333333333335,1.1582257183437126
y_any,4,val,logreg,pre_event,no revision yet,3129,1475,0.47139661233620966,0.751414216924614,0.7710396954274296,0.7947045682782365,0.19999481372149683,0.10010249012017716,0.43682814463213737,0.10333333333333333,0.23655374454032171
y_any,4,val,logreg,pre_event,revised before,4034,2872,0.7119484382746654,0.8274852409166098,0.8398340669108206,0.7192008183949488,0.1791382983462403,0.049506881483198095,0.5631718553678626,0.8966666666666666,1.5921723682036026
y_any,4,val,logreg,on_schedule,behind or over,4578,3229,0.7053298383573613,0.8375061388872143,0.8428984390529582,0.7267223165893045,0.17910747565313626,0.04667785690083224,0.639117688119503,0.8766666666666667,1.3716826853065387
y_any,4,val,logreg,on_schedule,on schedule and cost,2585,1118,0.43249516441005803,0.7095157967842177,0.7454019639243183,0.7887258506462387,0.204438547049609,0.12162199230172871,0.360882311880497,0.12333333333333334,0.34175499677627336
y_any,4,val,logreg,report,quarterly,7163,4347,0.6068686304620969,0.8063829712313295,0.8229295233220292,0.7791994576980991,0.18824901126110527,0.06647549829278387,1.0,1.0,1.0
y_any,4,val,lightgbm,sector,Atomic Energy,20,13,0.65,0.9322705951665227,0.9166666666666666,0.8681318681318682,0.15009948649570776,0.16510570466657365,0.0027921262041044254,0.0,0.0
y_any,4,val,lightgbm,sector,Civil Aviation,149,122,0.8187919463087249,0.9485873961693145,0.9539542699446013,0.8038858530661809,0.1250735690987104,0.07431900475858884,0.02080134022057797,0.0,0.0
y_any,4,val,lightgbm,sector,Coal,632,214,0.33860759493670883,0.8302639081893581,0.834072006754599,0.8669118633457049,0.1272703432822109,0.06079340026049022,0.08823118804969984,0.006666666666666667,0.07555907172995781
y_any,4,val,lightgbm,sector,Defence,1,0,0.0,,,,0.04396194879431946,0.20967104901325662,0.00013960631020522128,0.0,0.0
y_any,4,val,lightgbm,sector,Education,95,77,0.8105263157894737,0.9653915064879312,0.9623061000308751,0.8665223665223665,0.12525152735134346,0.08390704588192097,0.013262599469496022,0.02666666666666667,2.010666666666667
y_any,4,val,lightgbm,sector,Finance,3,0,0.0,,,,0.07069640136375535,0.2316624015569132,0.00041881893061566385,0.0,0.0
y_any,4,val,lightgbm,sector,Health,33,25,0.7575757575757576,0.9569244885621706,0.9738095238095239,0.85,0.16816443588125923,0.24313318452880356,0.004607008236772302,0.0,0.0
y_any,4,val,lightgbm,sector,Home Affairs,25,22,0.88,0.9604326654597553,0.9583333333333333,0.7575757575757576,0.10171795794384264,0.1708411478525675,0.0034901577551305317,0.0,0.0
y_any,4,val,lightgbm,sector,Industry & Commerce,9,4,0.4444444444444444,0.95,1.0,0.9500000000000001,0.09311212753453452,0.11287783892201257,0.0012564567918469914,0.0,0.0
y_any,4,val,lightgbm,sector,Mines & Metals,42,27,0.6428571428571429,0.6846065944415285,0.7313492063492063,0.4864197530864197,0.252654439933229,0.18045108005776575,0.0058634650286192936,0.0,0.0
y_any,4,val,lightgbm,sector,North Eastern Region,1,0,0.0,,,,0.1076715099095743,0.32813337213635296,0.00013960631020522128,0.0,0.0
y_any,4,val,lightgbm,sector,Petroleum & Natural Gas,637,352,0.5525902668759811,0.8667927478472293,0.8600342345795395,0.8042065390749601,0.18142402083478126,0.09700017224427843,0.08892921960072596,0.06,0.6746938775510203
y_any,4,val,lightgbm,sector,Power,417,264,0.6330935251798561,0.8138879936311636,0.8424975941309177,0.7710437710437711,0.1882131076377221,0.12465581873085724,0.05821583135557727,0.04,0.6870983213429257
y_any,4,val,lightgbm,sector,Railways,927,471,0.5080906148867314,0.7256554637724355,0.7402772207209646,0.7115622788393489,0.22787505082268858,0.10542676916880307,0.12941504956024014,0.0,0.0
y_any,4,val,lightgbm,sector,Roads & Highways,3835,2591,0.675619295958279,0.8914140982501614,0.9127666676205831,0.8401748694776998,0.1562435443664372,0.11441457830176797,0.5353901996370236,0.8633333333333333,1.6125310734463276
y_any,4,val,lightgbm,sector,Shipping & Ports,6,1,0.16666666666666666,1.0,,1.0,0.03495252655748476,0.14919477880419538,0.0008376378612313277,0.0,0.0
y_any,4,val,lightgbm,sector,Social Justice,6,0,0.0,,,,0.6335100467172118,0.7629505503632665,0.0008376378612313277,0.0,0.0
y_any,4,val,lightgbm,sector,Steel,44,27,0.6136363636363636,0.8799766619531204,0.94125,0.8540305010893247,0.1640953152069571,0.14330511804177784,0.006142677649029736,0.0033333333333333335,0.5426515151515152
y_any,4,val,lightgbm,sector,Telecommunications,25,21,0.84,1.0,1.0,1.0,0.050070418543004626,0.19271729270141755,0.0034901577551305317,0.0,0.0
y_any,4,val,lightgbm,sector,Urban Development & Housing,127,50,0.3937007874015748,0.6163066193650417,0.6509883130924483,0.6831168831168831,0.26262908321061473,0.22830153997530628,0.0177300013960631,0.0,0.0
y_any,4,val,lightgbm,sector,Water Resources,129,66,0.5116279069767442,0.7527896684127405,0.7901903908069089,0.7513227513227513,0.2083723461526305,0.12348082659084196,0.018009214016473544,0.0,0.0
y_any,4,val,lightgbm,cost_band,1000-5000 cr,2022,1238,0.6122650840751731,0.8788529013611364,0.8807537951879122,0.8246956496653588,0.17576644486872225,0.08922831741358382,0.2822839592349574,0.2966666666666667,1.0509512034289483
y_any,4,val,lightgbm,cost_band,500-1000 cr,1654,1038,0.6275695284159613,0.894421251486314,0.9076816428587472,0.8576034394314741,0.14756881289102977,0.06551834824861133,0.230908837079436,0.19333333333333333,0.8372712615880693
y_any,4,val,lightgbm,cost_band,over 5000 cr,483,248,0.5134575569358178,0.8357501934963142,0.8428594857958288,0.8215168153740564,0.18210749703062942,0.09502043214047223,0.06742984782912187,0.0,0.0
y_any,4,val,lightgbm,cost_band,under 500 cr,3004,1823,0.6068575233022636,0.8542631039702651,0.8708128119474026,0.8288022135076172,0.17431544473871308,0.12038455343574866,0.4193773558564847,0.51,1.2160885486018642
y_any,4,val,lightgbm,age,due to 1.5x,1506,1131,0.750996015936255,0.9184241035157512,0.9203104280620783,0.8290503978779841,0.13405541159303794,0.0400179284032797,0.21024710316906325,0.27,1.284203187250996
y_any,4,val,lightgbm,age,half to due,2261,1414,0.6253869969040248,0.859808528630805,0.8891674237418205,0.8069156637370603,0.18980061762168846,0.13175955508796608,0.3156498673740053,0.49,1.5523529411764705
y_any,4,val,lightgbm,age,over 1.5x schedule,1932,1426,0.7380952380952381,0.887345573837726,0.8948112317900166,0.7632214270271469,0.16326812140849292,0.07923702745755733,0.2697193913164875,0.22,0.8156625258799173
y_any,4,val,lightgbm,age,under half of schedule,1315,279,0.21216730038022813,0.4933843726851225,0.48648954711747017,0.7349763357827874,0.173948858352097,0.14975186462776127,0.18358229791986597,0.013333333333333334,0.07262864385297846
y_any,4,val,lightgbm,age,unknown,149,97,0.6510067114093959,0.7382683915801521,0.6963282564478943,0.6068596352101507,0.24078308396804773,0.13861217263030895,0.02080134022057797,0.006666666666666667,0.3204921700223714
y_any,4,val,lightgbm,freshness,4-6 months,23,14,0.6086956521739131,0.7244106899292657,0.7312923421116697,0.5555555555555556,0.24646621492701845,0.20221152805522155,0.0032109451347200895,0.0,0.0
y_any,4,val,lightgbm,freshness,current (3 months),6340,4022,0.634384858044164,0.872961414583243,0.8878618124918892,0.8261316962916213,0.1675328045189067,0.08694989414017211,0.8851040067011029,0.9833333333333333,1.1109805467928495
y_any,4,val,lightgbm,freshness,unknown,800,311,0.38875,0.8112395541809168,0.7534143097401311,0.8502686103932826,0.17906672689252226,0.16521693397686033,0.11168504816417701,0.016666666666666666,0.14922916666666666
y_any,4,val,lightgbm,progress_reported,no,4112,2419,0.5882782101167315,0.8341248657022313,0.7879705476157288,0.8066553009779099,0.1954899595134215,0.14233381992930888,0.5740611475638698,0.5133333333333333,0.8942136835278859
y_any,4,val,lightgbm,progress_reported,yes,3051,1928,0.6319239593575877,0.9307572891780074,0.9379113736341158,0.8871585446510717,0.1334727537161647,0.042252762562429914,0.4259388524361301,0.4866666666666667,1.1425740194471758
y_any,4,val,lightgbm,pre_event,no revision yet,3129,1475,0.47139661233620966,0.8245313528550369,0.8541201626520435,0.8476595003381632,0.18062195398557468,0.14011177674394085,0.43682814463213737,0.45666666666666667,1.0454149355491638
y_any,4,val,lightgbm,pre_event,revised before,4034,2872,0.7119484382746654,0.8960451629507812,0.9015409847509296,0.7992819866813055,0.16011749902983258,0.06316076244437333,0.5631718553678626,0.5433333333333333,0.96477359114196
y_any,4,val,lightgbm,on_schedule,behind or over,4578,3229,0.7053298383573613,0.8922772894576129,0.8989676520503935,0.8010255466065614,0.1631086123306391,0.07465714473209509,0.639117688119503,0.58,0.9075010921799912
y_any,4,val,lightgbm,on_schedule,on schedule and cost,2585,1118,0.43249516441005803,0.8076593704794767,0.8378503193347839,0.8425275561457612,0.17963979027371066,0.1368944645855655,0.360882311880497,0.42,1.1638143133462282
y_any,4,val,lightgbm,report,quarterly,7163,4347,0.6068686304620969,0.8689811846524222,0.8842535392268847,0.8354196157355125,0.1690744220448426,0.09536379628612958,1.0,1.0,1.0
y_any,4,test,naive,sector,Civil Aviation,37,14,0.3783783783783784,0.414018414018414,0.414018414018414,0.562111801242236,0.28735059661336754,0.23571950507909625,0.025067750677506776,0.0,0.0
y_any,4,test,naive,sector,Coal,92,34,0.3695652173913043,0.37493606138107416,0.37493606138107416,0.5106490872210954,0.28058750041016695,0.2132830679394924,0.06233062330623306,0.14,2.246086956521739
y_any,4,test,naive,sector,Education,20,12,0.6,0.5833333333333334,0.5833333333333334,0.4583333333333333,0.2511656721287304,0.0997151201912662,0.013550135501355014,0.0,0.0
y_any,4,test,naive,sector,Finance,2,0,0.0,,,,0.3089039702598756,0.5557913009933455,0.0013550135501355014,0.0,0.0
y_any,4,test,naive,sector,Health,7,5,0.7142857142857143,0.8857142857142857,0.8857142857142857,0.8,0.17781931656994462,0.15113468416917758,0.0047425474254742545,0.0,0.0
y_any,4,test,naive,sector,Home Affairs,5,3,0.6,0.6,0.6,0.25,0.28435557291600383,0.2997151201912662,0.0033875338753387536,0.02,5.904
y_any,4,test,naive,sector,Industry & Commerce,2,1,0.5,0.5,0.5,0.5,0.2531126692665301,0.055791300993345505,0.0013550135501355014,0.0,0.0
y_any,4,test,naive,sector,Mines & Metals,8,4,0.5,0.5,0.5,0.25,0.3061141240767087,0.2635917254874191,0.005420054200542005,0.0,0.0
y_any,4,test,naive,sector,Petroleum & Natural Gas,96,42,0.4375,0.49295112781954886,0.49295112781954886,0.5780423280423279,0.2605586909646644,0.15113547364741822,0.06504065040650407,0.0,0.0
y_any,4,test,naive,sector,Power,75,59,0.7866666666666666,0.815593220338983,0.815593220338983,0.5677966101694916,0.2083370499095964,0.21317408525344192,0.0508130081300813,0.0,0.0
y_any,4,test,naive,sector,Railways,198,107,0.5404040404040404,0.566364580383272,0.566364580383272,0.5423641778781966,0.24706091697284255,0.043045511245366375,0.13414634146341464,0.34,2.5345454545454547
y_any,4,test,naive,sector,Roads & Highways,878,439,0.5,0.6044396420250635,0.6044396420250635,0.6514806378132119,0.24638656749920534,0.12213330085856758,0.5948509485094851,0.46,0.7733029612756265
y_any,4,test,naive,sector,Shipping & Ports,1,0,0.0,,,,0.3089039702598756,0.5557913009933455,0.0006775067750677507,0.0,0.0
y_any,4,test,naive,sector,Steel,12,6,0.5,0.5555555555555556,0.5555555555555556,0.5833333333333334,0.25079762276458617,0.09727867697743742,0.008130081300813009,0.02,2.46
y_any,4,test,naive,sector,Telecommunications,6,4,0.6666666666666666,0.8333333333333333,0.8333333333333333,0.75,0.1945511727247414,0.1299472656856593,0.0040650406504065045,0.0,0.0
y_any,4,test,naive,sector,Urban Development & Housing,22,11,0.5,0.5681818181818181,0.5681818181818181,0.5909090909090908,0.24640022623674165,0.09624000900733488,0.014905149051490514,0.02,1.3418181818181818
y_any,4,test,naive,sector,Water Resources,15,13,0.8666666666666667,0.8622710622710623,0.8622710622710623,0.48076923076923084,0.17837549436798275,0.23343226383634963,0.01016260162601626,0.0,0.0
y_any,4,test,naive,cost_band,1000-5000 cr,446,242,0.5426008968609866,0.6358590150397252,0.6358590150397252,0.635290066439799,0.23623276579579391,0.0862631417084255,0.3021680216802168,0.46,1.5223318385650226
y_any,4,test,naive,cost_band,500-1000 cr,340,181,0.5323529411764706,0.5781956336047351,0.5781956336047351,0.5758712950415233,0.24870273214193442,0.07859216553690296,0.23035230352303523,0.2,0.8682352941176471
y_any,4,test,naive,cost_band,over 5000 cr,87,44,0.5057471264367817,0.5656297725263243,0.5656297725263243,0.5787526427061311,0.24600110915628406,0.08903362999334825,0.05894308943089431,0.08,1.3572413793103448
y_any,4,test,naive,cost_band,under 500 cr,603,287,0.4759535655058043,0.5422689637587662,0.5422689637587662,0.6005215454505358,0.25680689338428897,0.13405341090290504,0.40853658536585363,0.26,0.6364179104477613
y_any,4,test,naive,age,due to 1.5x,303,203,0.66996699669967,0.684321855665581,0.684321855665581,0.5311576354679803,0.22448186479718168,0.05593240785990773,0.20528455284552846,0.18,0.8768316831683167
y_any,4,test,naive,age,half to due,502,257,0.5119521912350598,0.5549196524439521,0.5549196524439521,0.5650440721035496,0.24929164728532952,0.07656620316406339,0.34010840108401086,0.0,0.0
y_any,4,test,naive,age,over 1.5x schedule,408,232,0.5686274509803921,0.6324990401636309,0.6324990401636309,0.6091300940438872,0.2390403141450977,0.06810490707995613,0.2764227642276423,0.74,2.6770588235294115
y_any,4,test,naive,age,under half of schedule,241,49,0.2033195020746888,0.21004560686159468,0.21004560686159468,0.5147746598639455,0.29302404470191373,0.3621120190643379,0.1632791327913279,0.02,0.1224896265560166
y_any,4,test,naive,age,unknown,22,13,0.5909090909090909,0.7167832167832169,0.7167832167832169,0.6538461538461539,0.22117003478919084,0.09624000900733486,0.014905149051490514,0.06,4.025454545454545
y_any,4,test,naive,freshness,4-6 months,1,0,0.0,,,,0.3089039702598756,0.5557913009933455,0.0006775067750677507,0.0,0.0
y_any,4,test,naive,freshness,current (3 months),1420,751,0.5288732394366197,0.5900825755472081,0.5900825755472081,0.596199586400992,0.2459236064450083,0.08126068080349401,0.962059620596206,1.0,1.0394366197183098
y_any,4,test,naive,freshness,over 6 months,1,1,1.0,,,,0.19732136827318458,0.4442086990066545,0.0006775067750677507,0.0,0.0
y_any,4,test,naive,freshness,unknown,54,2,0.037037037037037035,0.037037037037037035,0.037037037037037035,0.5,0.3047712812974055,0.5187542639563085,0.036585365853658534,0.0,0.0
y_any,4,test,naive,progress_reported,no,1,0,0.0,,,,0.3089039702598756,0.5557913009933455,0.0006775067750677507,0.0,0.0
y_any,4,test,naive,progress_reported,yes,1475,754,0.5111864406779661,0.5795178282499411,0.5795178282499411,0.6035071389942499,0.24804507912558973,0.0969211446071834,0.9993224932249323,1.0,1.000677966101695
y_any,4,test,naive,pre_event,no revision yet,605,214,0.3537190082644628,0.3537190082644628,0.3537190082644628,0.5,0.2694350829455749,0.20207229272888272,0.40989159891598914,0.0,0.0
y_any,4,test,naive,pre_event,revised before,871,540,0.6199770378874856,0.6521281836383745,0.6521281836383745,0.5626440640035806,0.23325737141036956,0.025210339941467597,0.5901084010840109,1.0,1.6946039035591274
y_any,4,test,naive,on_schedule,behind or over,938,570,0.6076759061833689,0.6464066020389665,0.6464066020389665,0.5726830663615561,0.23460095447036178,0.0286132885104534,0.6355013550135501,0.98,1.542089552238806
y_any,4,test,naive,on_schedule,on schedule and cost,538,184,0.3420074349442379,0.34630071116857924,0.34630071116857924,0.5065248096290837,0.2715979561102331,0.2168684293193003,0.36449864498644985,0.02,0.05486988847583643
y_any,4,test,naive,report,quarterly,1476,754,0.510840108401084,0.5793157245339886,0.5793157245339886,0.6036521745519741,0.24808631143665633,0.09723203224701141,1.0,1.0,1.0
y_any,4,test,rule,sector,Civil Aviation,37,14,0.3783783783783784,0.5283355261296439,0.5283355261296439,0.6583850931677019,0.27164645928576847,0.19853728757663316,0.025067750677506776,0.04,1.5956756756756756
y_any,4,test,rule,sector,Coal,92,34,0.3695652173913043,0.5355394479866423,0.5355394479866423,0.663286004056795,0.26932907404840134,0.2032999163321114,0.06233062330623306,0.04,0.6417391304347826
y_any,4,test,rule,sector,Education,20,12,0.6,0.5910961168604357,0.5910961168604357,0.40625,0.2444794371688534,0.031130860304793485,0.013550135501355014,0.0,0.0
y_any,4,test,rule,sector,Finance,2,0,0.0,,,,0.29259530674802525,0.540920476786115,0.0013550135501355014,0.0,0.0
y_any,4,test,rule,sector,Health,7,5,0.7142857142857143,0.7861904761904761,0.7861904761904761,0.5,0.2257502271797566,0.19846864955485932,0.0047425474254742545,0.0,0.0
y_any,4,test,rule,sector,Home Affairs,5,3,0.6,0.6388888888888888,0.6388888888888888,0.5,0.24439878156215475,0.1181086616007512,0.0033875338753387536,0.0,0.0
y_any,4,test,rule,sector,Industry & Commerce,2,1,0.5,0.5,0.5,0.0,0.2760545878002955,0.07320531687648679,0.0013550135501355014,0.0,0.0
y_any,4,test,rule,sector,Mines & Metals,8,4,0.5,0.7708333333333333,0.7708333333333333,0.75,0.24815766799483202,0.10390302911977604,0.005420054200542005,0.04,7.38
y_any,4,test,rule,sector,Petroleum & Natural Gas,96,42,0.4375,0.4915263824306647,0.4915263824306647,0.49559082892416223,0.26282158863344235,0.13142979665545637,0.06504065040650407,0.04,0.615
y_any,4,test,rule,sector,Power,75,59,0.7866666666666666,0.853061967331723,0.853061967331723,0.5603813559322034,0.2080406185056048,0.20652067786246914,0.0508130081300813,0.16,3.1488
y_any,4,test,rule,sector,Railways,198,107,0.5404040404040404,0.5184814706308897,0.5184814706308897,0.4943514429495737,0.2549860492550699,0.06035527594891003,0.13414634146341464,0.52,3.8763636363636365
y_any,4,test,rule,sector,Roads & Highways,878,439,0.5,0.5281397061950143,0.5281397061950143,0.5074952911203242,0.25400579124930517,0.06745935758057857,0.5948509485094851,0.14,0.23535307517084286
y_any,4,test,rule,sector,Shipping & Ports,1,0,0.0,,,,0.33497677085324307,0.5787717778651988,0.0006775067750677507,0.0,0.0
y_any,4,test,rule,sector,Steel,12,6,0.5,0.6018518518518519,0.6018518518518519,0.4444444444444445,0.2538717814823546,0.13428542843910352,0.008130081300813009,0.0,0.0
y_any,4,test,rule,sector,Telecommunications,6,4,0.6666666666666666,0.8166666666666667,0.8166666666666667,0.5,0.23070994736676156,0.09837370130551426,0.0040650406504065045,0.0,0.0
y_any,4,test,rule,sector,Urban Development & Housing,22,11,0.5,0.6519132429630601,0.6519132429630601,0.5123966942148761,0.2546590916476093,0.18042002736519452,0.014905149051490514,0.0,0.0
y_any,4,test,rule,sector,Water Resources,15,13,0.8666666666666667,0.7459134882211805,0.7459134882211805,0.07692307692307693,0.21077211828328776,0.3537310042511606,0.01016260162601626,0.02,1.9680000000000002
y_any,4,test,rule,cost_band,1000-5000 cr,446,242,0.5426008968609866,0.5590868625377257,0.5590868625377257,0.5233248257980878,0.24992373436251358,0.03572711187353046,0.3021680216802168,0.56,1.8532735426008973
y_any,4,test,rule,cost_band,500-1000 cr,340,181,0.5323529411764706,0.6350204115392302,0.6350204115392302,0.5860697036033218,0.24728179077294168,0.062096945244754155,0.23035230352303523,0.06,0.2604705882352941
y_any,4,test,rule,cost_band,over 5000 cr,87,44,0.5057471264367817,0.5772512997018349,0.5772512997018349,0.5745243128964059,0.25403003951735514,0.08843257908652662,0.05894308943089431,0.26,4.4110344827586205
y_any,4,test,rule,cost_band,under 500 cr,603,287,0.4759535655058043,0.47570588757693555,0.47570588757693555,0.4882238786221497,0.25848955612520746,0.09322824206108817,0.40853658536585363,0.12,0.2937313432835821
y_any,4,test,rule,age,due to 1.5x,303,203,0.66996699669967,0.6215752506306693,0.6215752506306693,0.4460591133004926,0.2341490167264334,0.13408152954678973,0.20528455284552846,0.22,1.0716831683168317
y_any,4,test,rule,age,half to due,502,257,0.5119521912350598,0.5041113087688656,0.5041113087688656,0.47016596521877235,0.25289470166225975,0.048862996328453714,0.34010840108401086,0.0,0.0
y_any,4,test,rule,age,over 1.5x schedule,408,232,0.5686274509803921,0.5909767328791815,0.5909767328791815,0.5484423981191223,0.24446230211443415,0.028165597146457864,0.2764227642276423,0.78,2.821764705882353
y_any,4,test,rule,age,under half of schedule,241,49,0.2033195020746888,0.2818087515179334,0.2818087515179334,0.6180909863945578,0.2938725789449692,0.3646733111189229,0.1632791327913279,0.0,0.0
y_any,4,test,rule,age,unknown,22,13,0.5909090909090909,0.8106430459937246,0.8106430459937246,0.7179487179487181,0.22942759450003633,0.10647644925188197,0.014905149051490514,0.0,0.0
y_any,4,test,rule,freshness,4-6 months,1,0,0.0,,,,0.2822885415090103,0.5313083299827044,0.0006775067750677507,0.0,0.0
y_any,4,test,rule,freshness,current (3 months),1420,751,0.5288732394366197,0.5528236290368128,0.5528236290368128,0.5273377400138131,0.2506257348498436,0.04526076534250693,0.962059620596206,1.0,1.0394366197183098
y_any,4,test,rule,freshness,over 6 months,1,1,1.0,,,,0.2047963336712397,0.45254428918199785,0.0006775067750677507,0.0,0.0
y_any,4,test,rule,freshness,unknown,54,2,0.037037037037037035,0.14090909090909093,0.14090909090909093,0.8269230769230769,0.31733299644505675,0.5308257365196001,0.036585365853658534,0.0,0.0
y_any,4,test,rule,progress_reported,no,1,0,0.0,,,,0.3259500329598669,0.5709203385410848,0.0006775067750677507,0.0,0.0
y_any,4,test,rule,progress_reported,yes,1475,754,0.5111864406779661,0.5409549921105953,0.5409549921105953,0.5278689338783078,0.2530072272115467,0.06267303068520538,0.9993224932249323,1.0,1.000677966101695
y_any,4,test,rule,pre_event,no revision yet,605,214,0.3537190082644628,0.35677408553041445,0.35677408553041445,0.47054640629108213,0.27295156156345096,0.2089274001741094,0.40989159891598914,0.04,0.09758677685950413
y_any,4,test,rule,pre_event,revised before,871,540,0.6199770378874856,0.600012095597178,0.600012095597178,0.476686807653575,0.23923756076246083,0.0482288042264164,0.5901084010840109,0.96,1.6268197474167623
y_any,4,test,rule,on_schedule,behind or over,938,570,0.6076759061833689,0.5835303416837314,0.5835303416837314,0.4681326277650648,0.24159859973396602,0.041665310585163644,0.6355013550135501,1.0,1.5735607675906185
y_any,4,test,rule,on_schedule,on schedule and cost,538,184,0.3420074349442379,0.3421397257265166,0.3421397257265166,0.46405981331368207,0.27303368702515074,0.21762783639005523,0.36449864498644985,0.0,0.0
y_any,4,test,rule,report,quarterly,1476,754,0.510840108401084,0.5406670353377404,0.5406670353377404,0.5277568572415262,0.25305664645663367,0.06301737167968768,1.0,1.0,1.0
y_any,4,test,logreg,sector,Civil Aviation,37,14,0.3783783783783784,0.403511981462292,0.403511981462292,0.577639751552795,0.3431321236417277,0.37419213183276345,0.025067750677506776,0.0,0.0
y_any,4,test,logreg,sector,Coal,92,34,0.3695652173913043,0.7718936539824379,0.7718936539824379,0.8240365111561866,0.16021941865690953,0.049283157304493265,0.06233062330623306,0.0,0.0
y_any,4,test,logreg,sector,Education,20,12,0.6,0.5899251813145001,0.5899251813145001,0.46875,0.3500868015636541,0.3265088887817403,0.013550135501355014,0.12,8.856
y_any,4,test,logreg,sector,Finance,2,0,0.0,,,,0.4696791521078093,0.6783717425044107,0.0013550135501355014,0.0,0.0
y_any,4,test,logreg,sector,Health,7,5,0.7142857142857143,1.0,1.0,1.0,0.12292722663905722,0.32039744648378526,0.0047425474254742545,0.0,0.0
y_any,4,test,logreg,sector,Home Affairs,5,3,0.6,0.4777777777777778,0.4777777777777778,0.0,0.3711780473703548,0.33825734284738795,0.0033875338753387536,0.02,5.904
y_any,4,test,logreg,sector,Industry & Commerce,2,1,0.5,0.5,0.5,0.0,0.6639354206439252,0.8146645025785011,0.0013550135501355014,0.0,0.0
y_any,4,test,logreg,sector,Mines & Metals,8,4,0.5,0.6458333333333333,0.6458333333333333,0.6875,0.32037689595429497,0.3630560373883272,0.005420054200542005,0.0,0.0
y_any,4,test,logreg,sector,Petroleum & Natural Gas,96,42,0.4375,0.8199306719119792,0.8199306719119792,0.849647266313933,0.19325060755650147,0.17377699757488155,0.06504065040650407,0.02,0.3075
y_any,4,test,logreg,sector,Power,75,59,0.7866666666666666,0.9094528960679943,0.9094528960679943,0.8347457627118644,0.13671696170493558,0.17015434966660545,0.0508130081300813,0.06,1.1808
y_any,4,test,logreg,sector,Railways,198,107,0.5404040404040404,0.654134988714322,0.654134988714322,0.6697134641059874,0.2386932508244446,0.11121329875878559,0.13414634146341464,0.08,0.5963636363636363
y_any,4,test,logreg,sector,Roads & Highways,878,439,0.5,0.590327843025005,0.590327843025005,0.6764856969401363,0.2707919585570168,0.22483182784859498,0.5948509485094851,0.66,1.1095216400911163
y_any,4,test,logreg,sector,Shipping & Ports,1,0,0.0,,,,0.18914798664730242,0.43491146989623347,0.0006775067750677507,0.0,0.0
y_any,4,test,logreg,sector,Steel,12,6,0.5,0.9150793650793649,0.9150793650793649,0.9166666666666667,0.13686929888097085,0.26273836971997805,0.008130081300813009,0.02,2.46
y_any,4,test,logreg,sector,Telecommunications,6,4,0.6666666666666666,1.0,1.0,1.0,0.11632790268026805,0.15296455417977076,0.0040650406504065045,0.0,0.0
y_any,4,test,logreg,sector,Urban Development & Housing,22,11,0.5,0.5353488616646511,0.5353488616646511,0.5454545454545454,0.29292455843755905,0.23237185330524046,0.014905149051490514,0.02,1.3418181818181818
y_any,4,test,logreg,sector,Water Resources,15,13,0.8666666666666667,0.9945054945054943,0.9945054945054943,0.9615384615384616,0.1293305736110168,0.33278096097141,0.01016260162601626,0.0,0.0
y_any,4,test,logreg,cost_band,1000-5000 cr,446,242,0.5426008968609866,0.7292891910363544,0.7292891910363544,0.7671366067087992,0.20897965375857339,0.13392584302594004,0.3021680216802168,0.1,0.3309417040358745
y_any,4,test,logreg,cost_band,500-1000 cr,340,181,0.5323529411764706,0.7268937399837423,0.7268937399837423,0.7488793912227666,0.21943893221951807,0.1298347324304141,0.23035230352303523,0.18,0.7814117647058824
y_any,4,test,logreg,cost_band,over 5000 cr,87,44,0.5057471264367817,0.663752475612676,0.663752475612676,0.702431289640592,0.2470431712429118,0.2037884084606074,0.05894308943089431,0.06,1.0179310344827586
y_any,4,test,logreg,cost_band,under 500 cr,603,287,0.4759535655058043,0.512976379720117,0.512976379720117,0.6086314118114056,0.2942185695497673,0.2182860843704887,0.40853658536585363,0.66,1.6155223880597016
y_any,4,test,logreg,age,due to 1.5x,303,203,0.66996699669967,0.7442018905423923,0.7442018905423923,0.6518226600985222,0.21568889673208494,0.11756779260268028,0.20528455284552846,0.08,0.3897029702970297
y_any,4,test,logreg,age,half to due,502,257,0.5119521912350598,0.6716858346946121,0.6716858346946121,0.692797585960454,0.2321784795733437,0.10306813903074019,0.34010840108401086,0.0,0.0
y_any,4,test,logreg,age,over 1.5x schedule,408,232,0.5686274509803921,0.534615913935254,0.534615913935254,0.5058777429467085,0.3398881723214852,0.3007514288205706,0.2764227642276423,0.92,3.328235294117647
y_any,4,test,logreg,age,under half of schedule,241,49,0.2033195020746888,0.3906834750794194,0.3906834750794194,0.6803784013605442,0.1647290658343717,0.11767998812479842,0.1632791327913279,0.0,0.0
y_any,4,test,logreg,age,unknown,22,13,0.5909090909090909,0.5228853292588705,0.5228853292588705,0.3760683760683761,0.2926956472142303,0.25079397502186834,0.014905149051490514,0.0,0.0
y_any,4,test,logreg,freshness,4-6 months,1,0,0.0,,,,0.07247921042637229,0.2692196323197331,0.0006775067750677507,0.0,0.0
y_any,4,test,logreg,freshness,current (3 months),1420,751,0.5288732394366197,0.6101299722352118,0.6101299722352118,0.6634283337214555,0.2547906590260067,0.16177613242681058,0.962059620596206,1.0,1.0394366197183098
y_any,4,test,logreg,freshness,over 6 months,1,1,1.0,,,,0.07990571280103813,0.28267598554004925,0.0006775067750677507,0.0,0.0
y_any,4,test,logreg,freshness,unknown,54,2,0.037037037037037035,0.12083333333333333,0.12083333333333333,0.5192307692307693,0.0882517616193694,0.20720276589509196,0.036585365853658534,0.0,0.0
y_any,4,test,logreg,progress_reported,no,1,0,0.0,,,,0.2373009369042149,0.4871354400002271,0.0006775067750677507,0.0,0.0
y_any,4,test,logreg,progress_reported,yes,1475,754,0.5111864406779661,0.6096468540460106,0.6096468540460106,0.6844623404717144,0.2484633321564059,0.16106868212091582,0.9993224932249323,1.0,1.000677966101695
y_any,4,test,logreg,pre_event,no revision yet,605,214,0.3537190082644628,0.5105076290822356,0.5105076290822356,0.7193632430623611,0.22563332427866648,0.14632751402305055,0.40989159891598914,0.16,0.39034710743801654
y_any,4,test,logreg,pre_event,revised before,871,540,0.6199770378874856,0.6343675440274628,0.6343675440274628,0.5734978180597516,0.26430832913778374,0.17907701820761476,0.5901084010840109,0.84,1.423467278989667
y_any,4,test,logreg,on_schedule,behind or over,938,570,0.6076759061833689,0.6624662082661151,0.6624662082661151,0.6156655225019069,0.2553188601636154,0.16796014371303006,0.6355013550135501,0.52,0.8182515991471216
y_any,4,test,logreg,on_schedule,on schedule and cost,538,184,0.3420074349442379,0.466858378073865,0.466858378073865,0.7005496192581675,0.23649000935712206,0.152378270487075,0.36449864498644985,0.48,1.3168773234200744
y_any,4,test,logreg,report,quarterly,1476,754,0.510840108401084,0.6095962897761148,0.6095962897761148,0.6847487453801333,0.24845576955799656,0.16128959455850342,1.0,1.0,1.0
y_any,4,test,lightgbm,sector,Civil Aviation,37,14,0.3783783783783784,0.9317862809459447,0.9317862809459447,0.9596273291925466,0.13423206167632945,0.22195595583750907,0.025067750677506776,0.0,0.0
y_any,4,test,lightgbm,sector,Coal,92,34,0.3695652173913043,0.8105048078444151,0.8105048078444151,0.8569979716024341,0.1655057765473631,0.11652711318603398,0.06233062330623306,0.02,0.3208695652173913
y_any,4,test,lightgbm,sector,Education,20,12,0.6,0.7698082010582009,0.7698082010582009,0.7604166666666666,0.1910503251320764,0.1544823729458294,0.013550135501355014,0.02,1.476
y_any,4,test,lightgbm,sector,Finance,2,0,0.0,,,,0.18643646035711922,0.3796848106696896,0.0013550135501355014,0.0,0.0
y_any,4,test,lightgbm,sector,Health,7,5,0.7142857142857143,1.0,1.0,1.0,0.08866944297353009,0.2512703144057302,0.0047425474254742545,0.0,0.0
y_any,4,test,lightgbm,sector,Home Affairs,5,3,0.6,0.7555555555555555,0.7555555555555555,0.5,0.31476281236331655,0.2968075167138388,0.0033875338753387536,0.02,5.904
y_any,4,test,lightgbm,sector,Industry & Commerce,2,1,0.5,0.5,0.5,0.0,0.6903960383688001,0.8309000016766122,0.0013550135501355014,0.0,0.0
y_any,4,test,lightgbm,sector,Mines & Metals,8,4,0.5,0.6916666666666667,0.6916666666666667,0.625,0.299390038867406,0.4198604437599234,0.005420054200542005,0.0,0.0
y_any,4,test,lightgbm,sector,Petroleum & Natural Gas,96,42,0.4375,0.8583917936193943,0.8583917936193943,0.894620811287478,0.14917645379873512,0.15779138823152342,0.06504065040650407,0.08,1.23
y_any,4,test,lightgbm,sector,Power,75,59,0.7866666666666666,0.961324386935565,0.961324386935565,0.8665254237288136,0.12179109609886953,0.08711020585903849,0.0508130081300813,0.1,1.9680000000000002
y_any,4,test,lightgbm,sector,Railways,198,107,0.5404040404040404,0.776785322976346,0.776785322976346,0.7712847899763788,0.19359303533890496,0.08218256579140433,0.13414634146341464,0.0,0.0
y_any,4,test,lightgbm,sector,Roads & Highways,878,439,0.5,0.7407056033868715,0.7407056033868715,0.7790640355747428,0.24047708551858377,0.20843329574173342,0.5948509485094851,0.74,1.2440091116173122
y_any,4,test,lightgbm,sector,Shipping & Ports,1,0,0.0,,,,0.05734516132878478,0.23946849757073432,0.0006775067750677507,0.0,0.0
y_any,4,test,lightgbm,sector,Steel,12,6,0.5,0.9484126984126984,0.9484126984126984,0.9444444444444444,0.11439827562577026,0.198948569290059,0.008130081300813009,0.02,2.46
y_any,4,test,lightgbm,sector,Telecommunications,6,4,0.6666666666666666,0.95,0.95,0.875,0.1470168952380901,0.23069887821401472,0.0040650406504065045,0.0,0.0
y_any,4,test,lightgbm,sector,Urban Development & Housing,22,11,0.5,0.5432709455225638,0.5432709455225638,0.578512396694215,0.27595635956410036,0.24630700128390395,0.014905149051490514,0.0,0.0
y_any,4,test,lightgbm,sector,Water Resources,15,13,0.8666666666666667,0.9999999999999998,0.9999999999999998,1.0,0.13581839197688214,0.315668951110626,0.01016260162601626,0.0,0.0
y_any,4,test,lightgbm,cost_band,1000-5000 cr,446,242,0.5426008968609866,0.7585968695823471,0.7585968695823471,0.7762518230432669,0.20457262200274343,0.12256619944976829,0.3021680216802168,0.26,0.8604484304932737
y_any,4,test,lightgbm,cost_band,500-1000 cr,340,181,0.5323529411764706,0.8046173037733837,0.8046173037733837,0.8147260154974113,0.18178062441138867,0.11987122487642528,0.23035230352303523,0.16,0.6945882352941176
y_any,4,test,lightgbm,cost_band,over 5000 cr,87,44,0.5057471264367817,0.813351986735115,0.813351986735115,0.7901691331923891,0.19960773456863537,0.14702824704063577,0.05894308943089431,0.02,0.3393103448275862
y_any,4,test,lightgbm,cost_band,under 500 cr,603,287,0.4759535655058043,0.730600151757072,0.730600151757072,0.7718541878004676,0.23763325134713437,0.19793012841358995,0.40853658536585363,0.56,1.3707462686567167
y_any,4,test,lightgbm,age,due to 1.5x,303,203,0.66996699669967,0.7787190531045014,0.7787190531045014,0.6701477832512316,0.21966586968629875,0.15593892551554592,0.20528455284552846,0.24,1.169108910891089
y_any,4,test,lightgbm,age,half to due,502,257,0.5119521912350598,0.7109107095746696,0.7109107095746696,0.7444135630906059,0.23836139195441258,0.17429705432416498,0.34010840108401086,0.2,0.5880478087649402
y_any,4,test,lightgbm,age,over 1.5x schedule,408,232,0.5686274509803921,0.7977996524257185,0.7977996524257185,0.7813234717868339,0.2170511661309704,0.1761822272456748,0.2764227642276423,0.54,1.953529411764706
y_any,4,test,lightgbm,age,under half of schedule,241,49,0.2033195020746888,0.5383548018246123,0.5383548018246123,0.7361819727891157,0.13533460904001768,0.09371024455864652,0.1632791327913279,0.0,0.0
y_any,4,test,lightgbm,age,unknown,22,13,0.5909090909090909,0.604537186041711,0.604537186041711,0.49572649572649574,0.2870377884884178,0.39489274840359234,0.014905149051490514,0.02,1.3418181818181818
y_any,4,test,lightgbm,freshness,4-6 months,1,0,0.0,,,,0.062415884836584445,0.2498317130321618,0.0006775067750677507,0.0,0.0
y_any,4,test,lightgbm,freshness,current (3 months),1420,751,0.5288732394366197,0.7537825272793325,0.7537825272793325,0.766601183474351,0.2183950498109112,0.14530422043726676,0.962059620596206,1.0,1.0394366197183098
y_any,4,test,lightgbm,freshness,over 6 months,1,1,1.0,,,,0.002856739452504089,0.05344847474441239,0.0006775067750677507,0.0,0.0
y_any,4,test,lightgbm,freshness,unknown,54,2,0.037037037037037035,0.21929824561403508,0.21929824561403508,0.8173076923076923,0.0651348486501112,0.15545587574886838,0.036585365853658534,0.0,0.0
y_any,4,test,lightgbm,progress_reported,no,1,0,0.0,,,,0.040739038656369214,0.20183914054605273,0.0006775067750677507,0.0,0.0
y_any,4,test,lightgbm,progress_reported,yes,1475,754,0.5111864406779661,0.7531604518331149,0.7531604518331149,0.7805104169349232,0.21265273636897128,0.14399661157716395,0.9993224932249323,1.0,1.000677966101695
y_any,4,test,lightgbm,pre_event,no revision yet,605,214,0.3537190082644628,0.6075784046995893,0.6075784046995893,0.7814374835671772,0.21594812486563042,0.17726655081496984,0.40989159891598914,0.16,0.39034710743801654
y_any,4,test,lightgbm,pre_event,revised before,871,540,0.6199770378874856,0.8049702506475833,0.8049702506475833,0.7454291149155198,0.21016637157196624,0.12116762484551759,0.5901084010840109,0.84,1.423467278989667
y_any,4,test,lightgbm,on_schedule,behind or over,938,570,0.6076759061833689,0.7895157176589682,0.7895157176589682,0.7408562166285277,0.21472777832305415,0.1362082009747578,0.6355013550135501,0.88,1.3847334754797442
y_any,4,test,lightgbm,on_schedule,on schedule and cost,538,184,0.3420074349442379,0.6131144053549684,0.6131144053549684,0.7797531319086219,0.20871537010383678,0.15935331606813766,0.36449864498644985,0.12,0.3292193308550186
y_any,4,test,lightgbm,report,quarterly,1476,754,0.510840108401084,0.7531482149343538,0.7531482149343538,0.7807721698494456,0.21253626367404407,0.1440358002824274,1.0,1.0,1.0
y_any,4,flash,naive,sector,Civil Aviation,19,13,0.6842105263157895,0.6495083863504916,0.6495083863504916,0.40384615384615385,0.24242267452093968,0.1822573965943286,0.056716417910447764,0.02,0.3526315789473684
y_any,4,flash,naive,sector,Coal,23,11,0.4782608695652174,0.5449604743083003,0.5449604743083003,0.6022727272727272,0.25598144628070163,0.13162763725581578,0.06865671641791045,0.08,1.1652173913043478
y_any,4,flash,naive,sector,Education,18,11,0.6111111111111112,0.6313131313131313,0.6313131313131313,0.538961038961039,0.23791383426905702,0.04111896398058379,0.05373134328358209,0.06,1.1166666666666667
y_any,4,flash,naive,sector,Health,3,3,1.0,,,,0.11883653046833335,0.33493516228884573,0.008955223880597015,0.02,2.2333333333333334
y_any,4,flash,naive,sector,Mines & Metals,5,3,0.6,0.5666666666666667,0.5666666666666667,0.41666666666666663,0.2613894745026316,0.1592819859466989,0.014925373134328358,0.02,1.34
y_any,4,flash,naive,sector,Petroleum & Natural Gas,50,48,0.96,0.9522222222222222,0.9522222222222222,0.39583333333333337,0.17589971047471248,0.358387942812485,0.14925373134328357,0.14,0.9380000000000002
y_any,4,flash,naive,sector,Power,31,22,0.7096774193548387,0.6863503065849108,0.6863503065849108,0.4368686868686869,0.2316120747021098,0.15988122913094346,0.09253731343283582,0.06,0.6483870967741936
y_any,4,flash,naive,sector,Railways,120,64,0.5333333333333333,0.4895089285714286,0.4895089285714286,0.3939732142857143,0.2881962033172114,0.20923029635351564,0.3582089552238806,0.52,1.4516666666666669
y_any,4,flash,naive,sector,Shipping & Ports,3,2,0.6666666666666666,0.6666666666666666,0.6666666666666666,0.5,0.23590432496234634,0.11697052081667458,0.008955223880597015,0.0,0.0
y_any,4,flash,naive,sector,Steel,3,1,0.3333333333333333,0.3333333333333333,0.3333333333333333,0.25,0.3424352654264941,0.2740471584472398,0.008955223880597015,0.02,2.2333333333333334
y_any,4,flash,naive,sector,Telecommunications,10,9,0.9,0.9222222222222223,0.9222222222222223,0.6111111111111112,0.18753168105414453,0.31569324659165926,0.029850746268656716,0.0,0.0
y_any,4,flash,naive,sector,Urban Development & Housing,18,8,0.4444444444444444,0.4444444444444444,0.4444444444444444,0.4,0.28245822641706053,0.12447981671574132,0.05373134328358209,0.04,0.7444444444444445
y_any,4,flash,naive,sector,Water Resources,32,15,0.46875,0.6104166666666666,0.6104166666666666,0.6333333333333333,0.23983752279158974,0.1718904796635261,0.0955223880597015,0.02,0.209375
y_any,4,flash,naive,cost_band,1000-5000 cr,127,87,0.6850393700787402,0.6728489177579593,0.6728489177579593,0.4704022988505747,0.23158074722116023,0.12091139063480967,0.37910447761194027,0.5,1.3188976377952757
y_any,4,flash,naive,cost_band,500-1000 cr,58,35,0.603448275862069,0.5784189537884119,0.5784189537884119,0.4397515527950311,0.2562747162558503,0.13515474931080582,0.17313432835820897,0.1,0.5775862068965517
y_any,4,flash,naive,cost_band,over 5000 cr,57,31,0.543859649122807,0.5182041124316167,0.5182041124316167,0.4367245657568239,0.2690711139394737,0.1152865897789745,0.1701492537313433,0.3,1.763157894736842
y_any,4,flash,naive,cost_band,under 500 cr,93,57,0.6129032258064516,0.5854773409951678,0.5854773409951678,0.4342105263157895,0.25543716936291205,0.14520028264653878,0.27761194029850744,0.1,0.36021505376344093
y_any,4,flash,naive,age,due to 1.5x,131,82,0.6259541984732825,0.6440849813410182,0.6440849813410182,0.5359631657541065,0.23537018942925433,0.04978847366618703,0.39104477611940297,0.42,1.0740458015267176
y_any,4,flash,naive,age,half to due,105,66,0.6285714285714286,0.5948221712927595,0.5948221712927595,0.4172494172494173,0.25435028748403904,0.16358682371265648,0.31343283582089554,0.3,0.9571428571428571
y_any,4,flash,naive,age,over 1.5x schedule,69,52,0.7536231884057971,0.7683423913043479,0.7683423913043479,0.5367647058823529,0.21311411832892765,0.16379880190844426,0.20597014925373133,0.28,1.3594202898550727
y_any,4,flash,naive,age,under half of schedule,24,4,0.16666666666666666,0.14215686274509803,0.14215686274509803,0.375,0.4127336730458731,0.5056087142858102,0.07164179104477612,0.0,0.0
y_any,4,flash,naive,age,unknown,6,6,1.0,,,,0.20277356106235164,0.45030385415000795,0.01791044776119403,0.0,0.0
y_any,4,flash,naive,freshness,current (3 months),265,167,0.630188679245283,0.6031773897777739,0.6031773897777739,0.4358426005132592,0.25090436805646527,0.14622043088179876,0.7910447761194029,1.0,1.2641509433962266
y_any,4,flash,naive,freshness,unknown,70,43,0.6142857142857143,0.6142857142857143,0.6142857142857143,0.5,0.24111058786091683,0.06458956843572228,0.208955223880597,0.0,0.0
y_any,4,flash,naive,progress_reported,yes,335,210,0.6268656716417911,0.606556229839812,0.606556229839812,0.45219047619047625,0.24885790652306716,0.12916323574381267,1.0,1.0,1.0
y_any,4,flash,naive,pre_event,no revision yet,94,58,0.6170212765957447,0.6170212765957447,0.6170212765957447,0.5,0.24083869405383487,0.06732513074575264,0.28059701492537314,0.0,0.0
y_any,4,flash,naive,pre_event,revised before,241,152,0.6307053941908713,0.6007769583550322,0.6007769583550322,0.4288143110585453,0.2519857321334731,0.153282662589529,0.7194029850746269,1.0,1.3900414937759336
y_any,4,flash,naive,on_schedule,behind or over,273,178,0.652014652014652,0.6434630704293625,0.6434630704293625,0.48048492016558253,0.23826334779717578,0.10753497350937265,0.8149253731343283,0.98,1.2025641025641025
y_any,4,flash,naive,on_schedule,on schedule and cost,62,32,0.5161290322580645,0.470491202346041,0.470491202346041,0.32708333333333334,0.2955081409128791,0.22439735816320155,0.18507462686567164,0.02,0.10806451612903226
y_any,4,flash,naive,report,flash,335,210,0.6268656716417911,0.606556229839812,0.606556229839812,0.45219047619047625,0.24885790652306716,0.12916323574381267,1.0,1.0,1.0
y_any,4,flash,rule,sector,Civil Aviation,19,13,0.6842105263157895,0.6707133086806818,0.6707133086806818,0.35897435897435903,0.2338835071444957,0.13026527886726977,0.056716417910447764,0.0,0.0
y_any,4,flash,rule,sector,Coal,23,11,0.4782608695652174,0.40660116737482466,0.40660116737482466,0.32575757575757575,0.26527630727709545,0.08926981730443787,0.06865671641791045,0.0,0.0
y_any,4,flash,rule,sector,Education,18,11,0.6111111111111112,0.5661792678503907,0.5661792678503907,0.37662337662337664,0.24493559746348403,0.12206336221348159,0.05373134328358209,0.0,0.0
y_any,4,flash,rule,sector,Health,3,3,1.0,,,,0.17631963307138068,0.41937774299181835,0.008955223880597015,0.0,0.0
y_any,4,flash,rule,sector,Mines & Metals,5,3,0.6,1.0,1.0,1.0,0.2165648255105201,0.13524787291548845,0.014925373134328358,0.0,0.0
y_any,4,flash,rule,sector,Petroleum & Natural Gas,50,48,0.96,0.9813356918728294,0.9813356918728294,0.625,0.19397168668649736,0.3945873012814188,0.14925373134328357,0.06,0.402
y_any,4,flash,rule,sector,Power,31,22,0.7096774193548387,0.7480535603592654,0.7480535603592654,0.4444444444444444,0.22097937244657215,0.11793226539364887,0.09253731343283582,0.18,1.9451612903225806
y_any,4,flash,rule,sector,Railways,120,64,0.5333333333333333,0.5781299536209477,0.5781299536209477,0.5340401785714286,0.24859871165731415,0.041291221725964576,0.3582089552238806,0.28,0.7816666666666667
y_any,4,flash,rule,sector,Shipping & Ports,3,2,0.6666666666666666,1.0,1.0,1.0,0.21503052494485028,0.16281787090988664,0.008955223880597015,0.0,0.0
y_any,4,flash,rule,sector,Steel,3,1,0.3333333333333333,0.5,0.5,0.5,0.30585139844212833,0.29039483658590465,0.008955223880597015,0.04,4.466666666666667
y_any,4,flash,rule,sector,Telecommunications,10,9,0.9,0.9765432098765432,0.9765432098765432,0.7777777777777778,0.21281996832630745,0.3534479860173687,0.029850746268656716,0.0,0.0
y_any,4,flash,rule,sector,Urban Development & Housing,18,8,0.4444444444444444,0.3519888098013098,0.3519888098013098,0.2625,0.27526007077158154,0.14250364932271953,0.05373134328358209,0.0,0.0
y_any,4,flash,rule,sector,Water Resources,32,15,0.46875,0.3711838091533589,0.3711838091533589,0.25882352941176473,0.30434215244102214,0.2673108436888626,0.0955223880597015,0.44,4.60625
y_any,4,flash,rule,cost_band,1000-5000 cr,127,87,0.6850393700787402,0.6244232824042535,0.6244232824042535,0.4293103448275862,0.23322958811949038,0.0999910367228987,0.37910447761194027,0.56,1.4771653543307088
y_any,4,flash,rule,cost_band,500-1000 cr,58,35,0.603448275862069,0.5648452812476953,0.5648452812476953,0.40621118012422364,0.248361235937938,0.06627267974537485,0.17313432835820897,0.12,0.693103448275862
y_any,4,flash,rule,cost_band,over 5000 cr,57,31,0.543859649122807,0.5499611743464785,0.5499611743464785,0.42928039702233245,0.2579955659464972,0.08957313829232891,0.1701492537313433,0.32,1.8807017543859648
y_any,4,flash,rule,cost_band,under 500 cr,93,57,0.6129032258064516,0.5924208855154844,0.5924208855154844,0.43079922027290446,0.2430126315502531,0.07651545638795432,0.27761194029850744,0.0,0.0
y_any,4,flash,rule,age,due to 1.5x,131,82,0.6259541984732825,0.526479926878898,0.526479926878898,0.3427078148332504,0.2498645945849936,0.12146334345802469,0.39104477611940297,0.46,1.1763358778625954
y_any,4,flash,rule,age,half to due,105,66,0.6285714285714286,0.6387849902303941,0.6387849902303941,0.452020202020202,0.239373343689837,0.0683542609716468,0.31343283582089554,0.08,0.2552380952380952
y_any,4,flash,rule,age,over 1.5x schedule,69,52,0.7536231884057971,0.6793266865889852,0.6793266865889852,0.2884615384615385,0.2196380856859855,0.16503242898759402,0.20597014925373133,0.42,2.0391304347826087
y_any,4,flash,rule,age,under half of schedule,24,4,0.16666666666666666,0.24642857142857144,0.24642857142857144,0.625,0.2986711680576516,0.39771670583483626,0.07164179104477612,0.04,0.5583333333333333
y_any,4,flash,rule,age,unknown,6,6,1.0,,,,0.190238740819314,0.435891477942085,0.01791044776119403,0.0,0.0
y_any,4,flash,rule,freshness,current (3 months),265,167,0.630188679245283,0.6215347172938224,0.6215347172938224,0.44879628498105834,0.23928727788704948,0.05826488782102567,0.7910447761194029,0.58,0.7332075471698113
y_any,4,flash,rule,freshness,unknown,70,43,0.6142857142857143,0.5171490321849588,0.5171490321849588,0.35831180017226527,0.2559986104090206,0.17879396045520762,0.208955223880597,0.42,2.01
y_any,4,flash,rule,progress_reported,yes,335,210,0.6268656716417911,0.5783973475130915,0.5783973475130915,0.4307238095238095,0.2427791981155211,0.08211147152390622,1.0,1.0,1.0
y_any,4,flash,rule,pre_event,no revision yet,94,58,0.6170212765957447,0.5379624581972451,0.5379624581972451,0.3994252873563218,0.2521615727336025,0.1529211439547079,0.28059701492537314,0.42,1.4968085106382978
y_any,4,flash,rule,pre_event,revised before,241,152,0.6307053941908713,0.623297158468294,0.623297158468294,0.4488468361916026,0.2391196827043192,0.05635346461698667,0.7194029850746269,0.58,0.8062240663900414
y_any,4,flash,rule,on_schedule,behind or over,273,178,0.652014652014652,0.5859430711018023,0.5859430711018023,0.4027794204612655,0.24040463366506243,0.10791362129581789,0.8149253731343283,1.0,1.2271062271062272
y_any,4,flash,rule,on_schedule,on schedule and cost,62,32,0.5161290322580645,0.5094855656778494,0.5094855656778494,0.4109375,0.253234941582863,0.03150122021370527,0.18507462686567164,0.0,0.0
y_any,4,flash,rule,report,flash,335,210,0.6268656716417911,0.5783973475130915,0.5783973475130915,0.4307238095238095,0.2427791981155211,0.08211147152390622,1.0,1.0,1.0
y_any,4,flash,logreg,sector,Civil Aviation,19,13,0.6842105263157895,0.7884195932272856,0.7884195932272856,0.7435897435897436,0.17306977056031256,0.1882411292866921,0.056716417910447764,0.06,1.0578947368421052
y_any,4,flash,logreg,sector,Coal,23,11,0.4782608695652174,0.5942133843319614,0.5942133843319614,0.5606060606060606,0.24802363151618975,0.22185006748684136,0.06865671641791045,0.0,0.0
y_any,4,flash,logreg,sector,Education,18,11,0.6111111111111112,0.8045961910935173,0.8045961910935173,0.7532467532467533,0.2179799335663351,0.24729538807311732,0.05373134328358209,0.12,2.2333333333333334
y_any,4,flash,logreg,sector,Health,3,3,1.0,,,,0.2752749600903355,0.4975961039096686,0.008955223880597015,0.0,0.0
y_any,4,flash,logreg,sector,Mines & Metals,5,3,0.6,0.7,0.7,0.3333333333333333,0.306486436287791,0.4943018414818229,0.014925373134328358,0.02,1.34
y_any,4,flash,logreg,sector,Petroleum & Natural Gas,50,48,0.96,0.9880911221646302,0.9880911221646302,0.7708333333333333,0.08403643403782747,0.20438283170488092,0.14925373134328357,0.34,2.2780000000000005
y_any,4,flash,logreg,sector,Power,31,22,0.7096774193548387,0.7821215796130909,0.7821215796130909,0.6262626262626263,0.28381104319357175,0.33587719250780557,0.09253731343283582,0.04,0.432258064516129
y_any,4,flash,logreg,sector,Railways,120,64,0.5333333333333333,0.7069985593919953,0.7069985593919953,0.6944754464285714,0.2218844248865817,0.11450848972113334,0.3582089552238806,0.3,0.8375
y_any,4,flash,logreg,sector,Shipping & Ports,3,2,0.6666666666666666,1.0,1.0,1.0,0.44330300033655345,0.5482570003178849,0.008955223880597015,0.0,0.0
y_any,4,flash,logreg,sector,Steel,3,1,0.3333333333333333,1.0,1.0,1.0,0.14716310785994144,0.06492101668381102,0.008955223880597015,0.0,0.0
y_any,4,flash,logreg,sector,Telecommunications,10,9,0.9,0.9467813051146385,0.9467813051146385,0.5555555555555556,0.09153462636187934,0.06751627052866407,0.029850746268656716,0.06,2.01
y_any,4,flash,logreg,sector,Urban Development & Housing,18,8,0.4444444444444444,0.7828134284016637,0.7828134284016637,0.7374999999999999,0.2763424237742698,0.31028934414470205,0.05373134328358209,0.06,1.1166666666666667
y_any,4,flash,logreg,sector,Water Resources,32,15,0.46875,0.9431599990423519,0.9431599990423519,0.9294117647058823,0.16718637790691737,0.22621898017600323,0.0955223880597015,0.0,0.0
y_any,4,flash,logreg,cost_band,1000-5000 cr,127,87,0.6850393700787402,0.8821469576150606,0.8821469576150606,0.7577586206896553,0.19661459652629779,0.13787939063908536,0.37910447761194027,0.34,0.8968503937007876
y_any,4,flash,logreg,cost_band,500-1000 cr,58,35,0.603448275862069,0.6952268333623153,0.6952268333623153,0.6322981366459627,0.23909495851693044,0.15259770490606434,0.17313432835820897,0.14,0.8086206896551724
y_any,4,flash,logreg,cost_band,over 5000 cr,57,31,0.543859649122807,0.7583159245792825,0.7583159245792825,0.662531017369727,0.23833539195746029,0.20347750384649405,0.1701492537313433,0.16,0.9403508771929824
y_any,4,flash,logreg,cost_band,under 500 cr,93,57,0.6129032258064516,0.8538669276402324,0.8538669276402324,0.8201754385964912,0.16654896423089965,0.11593981085451266,0.27761194029850744,0.36,1.2967741935483872
y_any,4,flash,logreg,age,due to 1.5x,131,82,0.6259541984732825,0.7744255388835541,0.7744255388835541,0.7210054753608761,0.20202636630577142,0.09850781324353179,0.39104477611940297,0.62,1.585496183206107
y_any,4,flash,logreg,age,half to due,105,66,0.6285714285714286,0.7883140020709326,0.7883140020709326,0.6763791763791763,0.22597098318067388,0.11724116454487152,0.31343283582089554,0.1,0.319047619047619
y_any,4,flash,logreg,age,over 1.5x schedule,69,52,0.7536231884057971,0.899372995713973,0.899372995713973,0.6911764705882353,0.1922977908816828,0.1371911667966842,0.20597014925373133,0.24,1.1652173913043478
y_any,4,flash,logreg,age,under half of schedule,24,4,0.16666666666666666,0.17873931623931627,0.17873931623931627,0.4625,0.16657564393284144,0.21070020212511906,0.07164179104477612,0.0,0.0
y_any,4,flash,logreg,age,unknown,6,6,1.0,,,,0.07549368710326161,0.2599898942888161,0.01791044776119403,0.04,2.2333333333333334
y_any,4,flash,logreg,freshness,current (3 months),265,167,0.630188679245283,0.7962859295550568,0.7962859295550568,0.7181351582549187,0.20463618744197318,0.07795369401460271,0.7910447761194029,0.94,1.1883018867924529
y_any,4,flash,logreg,freshness,unknown,70,43,0.6142857142857143,0.8439599257564709,0.8439599257564709,0.7829457364341085,0.1954734670821113,0.17341547682153644,0.208955223880597,0.06,0.28714285714285714
y_any,4,flash,logreg,progress_reported,yes,335,210,0.6268656716417911,0.8013750318944229,0.8013750318944229,0.7279238095238094,0.20272158915782293,0.07858070270979814,1.0,1.0,1.0
y_any,4,flash,logreg,pre_event,no revision yet,94,58,0.6170212765957447,0.8369643937228955,0.8369643937228955,0.7629310344827586,0.20513263667983955,0.1688474433934292,0.28059701492537314,0.06,0.21382978723404253
y_any,4,flash,logreg,pre_event,revised before,241,152,0.6307053941908713,0.7975715714470291,0.7975715714470291,0.7208013010053224,0.20178118058077085,0.07761964552402412,0.7194029850746269,0.94,1.3066390041493776
y_any,4,flash,logreg,on_schedule,behind or over,273,178,0.652014652014652,0.8125999576350613,0.8125999576350613,0.728208160851567,0.19487434878634222,0.08482820607062568,0.8149253731343283,0.96,1.178021978021978
y_any,4,flash,logreg,on_schedule,on schedule and cost,62,32,0.5161290322580645,0.7312518138819648,0.7312518138819648,0.6895833333333333,0.23727476047095575,0.14574278259183016,0.18507462686567164,0.04,0.2161290322580645
y_any,4,flash,logreg,report,flash,335,210,0.6268656716417911,0.8013750318944229,0.8013750318944229,0.7279238095238094,0.20272158915782293,0.07858070270979814,1.0,1.0,1.0
y_any,4,flash,lightgbm,sector,Civil Aviation,19,13,0.6842105263157895,0.958945755099601,0.958945755099601,0.9230769230769231,0.1241365049750419,0.18704103871929623,0.056716417910447764,0.0,0.0
y_any,4,flash,lightgbm,sector,Coal,23,11,0.4782608695652174,0.7147254260890626,0.7147254260890626,0.7954545454545454,0.19102053308880085,0.31455881264851,0.06865671641791045,0.12,1.7478260869565216
y_any,4,flash,lightgbm,sector,Education,18,11,0.6111111111111112,0.8381854256854258,0.8381854256854258,0.7532467532467533,0.24292650205007604,0.21180450770278336,0.05373134328358209,0.04,0.7444444444444445
y_any,4,flash,lightgbm,sector,Health,3,3,1.0,,,,0.13009195806965357,0.2938054532587366,0.008955223880597015,0.0,0.0
y_any,4,flash,lightgbm,sector,Mines & Metals,5,3,0.6,0.5888888888888889,0.5888888888888889,0.3333333333333333,0.32103705718503595,0.2648392299963186,0.014925373134328358,0.0,0.0
y_any,4,flash,lightgbm,sector,Petroleum & Natural Gas,50,48,0.96,0.9945702666615207,0.9945702666615207,0.875,0.04953376759363977,0.06779374095337451,0.14925373134328357,0.64,4.288
y_any,4,flash,lightgbm,sector,Power,31,22,0.7096774193548387,0.9280248918149385,0.9280248918149385,0.8232323232323232,0.15649975773865593,0.09070417693150842,0.09253731343283582,0.12,1.2967741935483872
y_any,4,flash,lightgbm,sector,Railways,120,64,0.5333333333333333,0.7237820531853497,0.7237820531853497,0.73828125,0.20366755542867712,0.11920904582551632,0.3582089552238806,0.04,0.11166666666666668
y_any,4,flash,lightgbm,sector,Shipping & Ports,3,2,0.6666666666666666,1.0,1.0,1.0,0.07780286676989628,0.2385783215190357,0.008955223880597015,0.0,0.0
y_any,4,flash,lightgbm,sector,Steel,3,1,0.3333333333333333,1.0,1.0,1.0,0.27820655699474656,0.4456655928294979,0.008955223880597015,0.02,2.2333333333333334
y_any,4,flash,lightgbm,sector,Telecommunications,10,9,0.9,0.8782627865961199,0.8782627865961199,0.2222222222222222,0.10346213714265814,0.18826794196519764,0.029850746268656716,0.02,0.67
y_any,4,flash,lightgbm,sector,Urban Development & Housing,18,8,0.4444444444444444,0.8831168831168831,0.8831168831168831,0.8625,0.2205212686635882,0.29854542682905577,0.05373134328358209,0.0,0.0
y_any,4,flash,lightgbm,sector,Water Resources,32,15,0.46875,0.7673283568283569,0.7673283568283569,0.7490196078431373,0.22670923890101613,0.24157611573932844,0.0955223880597015,0.0,0.0
y_any,4,flash,lightgbm,cost_band,1000-5000 cr,127,87,0.6850393700787402,0.9049758381350516,0.9049758381350516,0.8017241379310345,0.16280319423267336,0.07153904821898728,0.37910447761194027,0.28,0.7385826771653544
y_any,4,flash,lightgbm,cost_band,500-1000 cr,58,35,0.603448275862069,0.8335286202644039,0.8335286202644039,0.7701863354037268,0.19078826627840006,0.17484559656276435,0.17313432835820897,0.18,1.039655172413793
y_any,4,flash,lightgbm,cost_band,over 5000 cr,57,31,0.543859649122807,0.9028391305790211,0.9028391305790211,0.8548387096774194,0.20275349209857285,0.20350275575476348,0.1701492537313433,0.24,1.4105263157894736
y_any,4,flash,lightgbm,cost_band,under 500 cr,93,57,0.6129032258064516,0.8500816443770294,0.8500816443770294,0.8109161793372319,0.1603929627506188,0.11486786930701319,0.27761194029850744,0.3,1.0806451612903225
y_any,4,flash,lightgbm,age,due to 1.5x,131,82,0.6259541984732825,0.8355164125238996,0.8355164125238996,0.7690393230462917,0.2001582281128037,0.14323404367255643,0.39104477611940297,0.46,1.1763358778625954
y_any,4,flash,lightgbm,age,half to due,105,66,0.6285714285714286,0.8808665730604902,0.8808665730604902,0.803030303030303,0.1728569561434656,0.09027612714112869,0.31343283582089554,0.26,0.8295238095238096
y_any,4,flash,lightgbm,age,over 1.5x schedule,69,52,0.7536231884057971,0.9553419698330229,0.9553419698330229,0.8574660633484162,0.13337446048296356,0.10029227489791716,0.20597014925373133,0.28,1.3594202898550727
y_any,4,flash,lightgbm,age,under half of schedule,24,4,0.16666666666666666,0.20500423489553926,0.20500423489553926,0.47500000000000003,0.17341717487671168,0.15606259709034417,0.07164179104477612,0.0,0.0
y_any,4,flash,lightgbm,age,unknown,6,6,1.0,,,,0.07994357481936283,0.25147701785132326,0.01791044776119403,0.0,0.0
y_any,4,flash,lightgbm,freshness,current (3 months),265,167,0.630188679245283,0.8804943468856042,0.8804943468856042,0.8173041671758524,0.16840909435401336,0.07431044852880511,0.7910447761194029,0.94,1.1883018867924529
y_any,4,flash,lightgbm,freshness,unknown,70,43,0.6142857142857143,0.8410106132484036,0.8410106132484036,0.768303186907838,0.19409728133299095,0.13031378322586368,0.208955223880597,0.06,0.28714285714285714
y_any,4,flash,lightgbm,progress_reported,yes,335,210,0.6268656716417911,0.871906670375684,0.871906670375684,0.808,0.1737767752152923,0.07824621578133889,1.0,1.0,1.0
y_any,4,flash,lightgbm,pre_event,no revision yet,94,58,0.6170212765957447,0.8767263752335854,0.8767263752335854,0.8007662835249042,0.18762867910679282,0.10752998856602533,0.28059701492537314,0.14,0.498936170212766
y_any,4,flash,lightgbm,pre_event,revised before,241,152,0.6307053941908713,0.8743759952356329,0.8743759952356329,0.8130544056771142,0.16837395792981075,0.08526280771462137,0.7194029850746269,0.86,1.1954356846473029
y_any,4,flash,lightgbm,on_schedule,behind or over,273,178,0.652014652014652,0.8821966687588975,0.8821966687588975,0.8135422826729746,0.1666271144765616,0.07621304682550999,0.8149253731343283,0.84,1.0307692307692307
y_any,4,flash,lightgbm,on_schedule,on schedule and cost,62,32,0.5161290322580645,0.8049123090861119,0.8049123090861119,0.7666666666666667,0.20525834588744518,0.1697000093743676,0.18507462686567164,0.16,0.864516129032258
y_any,4,flash,lightgbm,report,flash,335,210,0.6268656716417911,0.871906670375684,0.871906670375684,0.808,0.1737767752152923,0.07824621578133889,1.0,1.0,1.0
y_any,1,val,naive,sector,Atomic Energy,16,2,0.125,0.125,0.5,0.07142857142857145,0.11903003077091079,0.07834511798690012,0.001593149457333466,0.006666666666666667,4.184583333333333
y_any,1,val,naive,sector,Civil Aviation,216,44,0.2037037037037037,0.26861615679084405,0.27491996038043137,0.6193842494714588,0.15981347926488046,0.04619221198972743,0.021507517674001792,0.006666666666666667,0.30996913580246915
y_any,1,val,naive,sector,Coal,690,85,0.12318840579710146,0.1065692385838287,0.14183512837801987,0.4031599416626155,0.113524057559431,0.07350158794576343,0.06870457034750573,0.07666666666666666,1.1158888888888887
y_any,1,val,naive,sector,Defence,1,0,0.0,,,,0.03670462333862329,0.19158450704225352,9.957184108334163e-05,0.0,0.0
y_any,1,val,naive,sector,Education,115,31,0.26956521739130435,0.28116754137367767,0.3055555555555555,0.5489631336405529,0.20081802449340866,0.06484711744769373,0.011450761724584287,0.0033333333333333335,0.29110144927536236
y_any,1,val,naive,sector,Finance,11,0,0.0,,,,0.03685252715765233,0.1919657543035058,0.001095290251916758,0.0,0.0
y_any,1,val,naive,sector,Health,46,14,0.30434782608695654,0.35298874799897695,0.42361111111111116,0.6015625,0.21885586118618897,0.0987608458510637,0.004580304689833715,0.0033333333333333335,0.7277536231884059
y_any,1,val,naive,sector,Home Affairs,29,6,0.20689655172413793,0.24011568777015002,0.30999999999999994,0.5905797101449276,0.16358867722662238,0.004895156525195238,0.002887583391416907,0.013333333333333334,4.617471264367817
y_any,1,val,naive,sector,Industry & Commerce,11,3,0.2727272727272727,0.25555555555555554,0.5,0.22916666666666666,0.21180729217104022,0.23651372915187185,0.001095290251916758,0.0,0.0
y_any,1,val,naive,sector,Mines & Metals,47,6,0.1276595744680851,0.09754190844616376,0.1919642857142857,0.2276422764227642,0.11917741954068303,0.07252531337554824,0.004679876530917056,0.01,2.136808510638298
y_any,1,val,naive,sector,North Eastern Region,4,0,0.0,,,,0.037001057282660586,0.192352226504043,0.0003982873643333665,0.0,0.0
y_any,1,val,naive,sector,Petroleum & Natural Gas,747,114,0.15261044176706828,0.14954870088132863,0.15834103859514584,0.4930018569330119,0.1318077625279645,0.04690073232646767,0.0743801652892562,0.02,0.2688888888888889
y_any,1,val,naive,sector,Power,559,143,0.2558139534883721,0.3029264863030636,0.31352015287902607,0.5598860274341043,0.19171367684105117,0.053906225197637686,0.055660659165587975,0.07333333333333333,1.3175074537865235
y_any,1,val,naive,sector,Railways,1278,232,0.18153364632237873,0.1802874381989364,0.1937067268362115,0.5045205050438453,0.14889399202254036,0.018949005583607032,0.1272528129045106,0.39,3.064765258215963
y_any,1,val,naive,sector,Roads & Highways,5814,1243,0.21379428964568284,0.21599090734502752,0.24067443190689553,0.4932878109977678,0.16751566337458942,0.012061974212110112,0.5789106840585483,0.36333333333333334,0.6276155257424607
y_any,1,val,naive,sector,Shipping & Ports,6,0,0.0,,,,0.03679228920095635,0.19180869480362692,0.0005974310465000497,0.0,0.0
y_any,1,val,naive,sector,Social Justice,5,0,0.0,,,,0.03688427532772085,0.1920483359379557,0.0004978592054167082,0.0,0.0
y_any,1,val,naive,sector,Steel,71,11,0.15492957746478872,0.18683342479117127,0.2743945868945869,0.4757575757575757,0.1323964558863257,0.045697625001686955,0.007069600716917256,0.013333333333333334,1.8860093896713614
y_any,1,val,naive,sector,Telecommunications,37,10,0.2702702702702703,0.31471194879089615,0.42857142857142855,0.49629629629629635,0.20158672022974206,0.06512085093406089,0.0036841581200836404,0.0033333333333333335,0.9047747747747749
y_any,1,val,naive,sector,Urban Development & Housing,156,23,0.14743589743589744,0.1801687106808927,0.1798178673178673,0.5411899313501144,0.12794632019322508,0.051987839728518795,0.015533207209001294,0.016666666666666666,1.0729700854700854
y_any,1,val,naive,sector,Water Resources,184,40,0.21739130434782608,0.2710264063983949,0.25893073777059655,0.5658854166666667,0.169344114070551,0.01309737286211909,0.01832121875933486,0.0,0.0
y_any,1,val,naive,cost_band,1000-5000 cr,2884,657,0.22780859916782248,0.24104128167121383,0.25251989642285505,0.5222976080878167,0.17563372574065966,0.025751237454995274,0.2871651896843573,0.43,1.497395977808599
y_any,1,val,naive,cost_band,500-1000 cr,2339,480,0.20521590423257802,0.2047033774224328,0.2228287485764854,0.4902843150439304,0.16268097138650256,0.004295719894100812,0.2328985362939361,0.24,1.0304916631038905
y_any,1,val,naive,cost_band,over 5000 cr,574,102,0.17770034843205576,0.18436459917401227,0.18562017863878802,0.5231596876038551,0.14700894670330802,0.02381146874563263,0.0571542367818381,0.17,2.9744076655052267
y_any,1,val,naive,cost_band,under 500 cr,4246,768,0.1808761186999529,0.18399893668413764,0.2031095788959009,0.49463424112277166,0.1479027146871753,0.022373346217391225,0.42278203723986857,0.16,0.37844559585492227
y_any,1,val,naive,age,due to 1.5x,2223,610,0.2744039586144849,0.2558202520119808,0.2782202600078912,0.47194566686654543,0.20481483058760172,0.06867057156769656,0.22134820272826844,0.20666666666666667,0.9336722147248463
y_any,1,val,naive,age,half to due,3169,501,0.15809403597349322,0.1519073885008497,0.16119813429543517,0.47026524163068173,0.13468475180751835,0.03917288432838565,0.31554316439310964,0.013333333333333334,0.04225518039339434
y_any,1,val,naive,age,over 1.5x schedule,3086,792,0.2566429034348671,0.25086310671262607,0.288883158594593,0.4913504046568562,0.19284395491894504,0.05162781921740567,0.30727870158319226,0.6766666666666666,2.2021268092460575
y_any,1,val,naive,age,under half of schedule,1409,75,0.053229240596167494,0.06424562294082627,0.06822449068609014,0.5048725637181409,0.06988646158244907,0.1405614154555166,0.14029672408642835,0.006666666666666667,0.04751833451620535
y_any,1,val,naive,age,unknown,156,29,0.1858974358974359,0.1855365035278621,0.21870351870351867,0.4515340754819441,0.15199168560729323,0.017703089474374732,0.015533207209001294,0.09666666666666666,6.223226495726496
y_any,1,val,naive,freshness,4-6 months,27,11,0.4074074074074074,0.4047138047138047,0.41468531468531467,0.47443181818181823,0.2822888830387611,0.20037646397378403,0.002688439709250224,0.02666666666666667,9.919012345679013
y_any,1,val,naive,freshness,current (3 months),9561,1974,0.2064637590210229,0.20881378404743714,0.22587539955365377,0.49973058218685534,0.16332096251122732,0.004915916134032942,0.9520063725978294,0.9733333333333334,1.0224021197224837
y_any,1,val,naive,freshness,over 6 months,5,1,0.2,0.25,,0.25,0.1583635424473882,0.04878212054063436,0.0004978592054167082,0.0,0.0
y_any,1,val,naive,freshness,unknown,450,21,0.04666666666666667,0.04389433941599311,0.0416231982470835,0.43401043401043393,0.06553595323202017,0.14497700432381555,0.04480732848750373,0.0,0.0
y_any,1,val,naive,progress_reported,no,3183,792,0.24882186616399624,0.27583862936791287,0.2752496343520318,0.503897454258182,0.1880608136820525,0.04970759264621939,0.31693717016827644,0.3333333333333333,1.051733165776521
y_any,1,val,naive,progress_reported,yes,6860,1215,0.17711370262390672,0.18387990153238892,0.19281278708052108,0.5140384986896156,0.1458919750916274,0.02495520750211262,0.6830628298317236,0.6666666666666666,0.9759961127308066
y_any,1,val,naive,pre_event,no revision yet,3948,449,0.11372847011144883,0.1035718094629482,0.11142455836345477,0.44975783726944574,0.10693334868818646,0.07808367967028175,0.39310962859703275,0.0,0.0
y_any,1,val,naive,pre_event,revised before,6095,1558,0.25561936013125514,0.23773487306630706,0.2659305577816777,0.47028186161819396,0.19314908260173538,0.04844969832103299,0.6068903714029672,1.0,1.647744052502051
y_any,1,val,naive,on_schedule,behind or over,6534,1637,0.2505356596265687,0.23538393050296172,0.2608009633973494,0.47336344331593694,0.19011169708438727,0.044690473814960836,0.6506024096385542,0.9933333333333333,1.52679012345679
y_any,1,val,naive,on_schedule,on schedule and cost,3509,370,0.10544314619549729,0.10162171426618191,0.11273711955349978,0.46622956183325726,0.10180298954948724,0.08693689011876087,0.3493975903614458,0.006666666666666667,0.01908045977011494
y_any,1,val,naive,report,quarterly,10043,2007,0.19984068505426666,0.20500613804135442,0.22025637968393463,0.5044991236496057,0.15925684746375954,0.010384638349314912,1.0,1.0,1.0
y_any,1,val,rule,sector,Atomic Energy,16,2,0.125,0.25757575757575757,0.5833333333333333,0.6071428571428571,0.1210126634625815,0.11679328043255151,0.001593149457333466,0.03333333333333333,20.922916666666666
y_any,1,val,rule,sector,Civil Aviation,216,44,0.2037037037037037,0.31818322027652785,0.328769472493558,0.6877642706131077,0.1597325882020575,0.0941280106069269,0.021507517674001792,0.02,0.9299074074074074
y_any,1,val,rule,sector,Coal,690,85,0.12318840579710146,0.17176103471853896,0.19722809440161737,0.5968011667476908,0.1121361903122188,0.071227083365811,0.06870457034750573,0.02666666666666667,0.3881352657004831
y_any,1,val,rule,sector,Defence,1,0,0.0,,,,0.04227796826952438,0.20561607006633595,9.957184108334163e-05,0.0,0.0
y_any,1,val,rule,sector,Education,115,31,0.26956521739130435,0.3220644994059725,0.34491668567261957,0.5760368663594471,0.20103146992608856,0.07385954210132677,0.011450761724584287,0.0,0.0
y_any,1,val,rule,sector,Finance,11,0,0.0,,,,0.031075051113874527,0.1758196544522123,0.001095290251916758,0.0,0.0
y_any,1,val,rule,sector,Health,46,14,0.30434782608695654,0.38849983210270145,0.45205026455026465,0.5089285714285714,0.22187941597405264,0.10424415463853409,0.004580304689833715,0.0033333333333333335,0.7277536231884059
y_any,1,val,rule,sector,Home Affairs,29,6,0.20689655172413793,0.5088509316770186,0.5666666666666667,0.6159420289855072,0.1611477917396537,0.048897768263064266,0.002887583391416907,0.006666666666666667,2.3087356321839083
y_any,1,val,rule,sector,Industry & Commerce,11,3,0.2727272727272727,0.28535353535353536,1.0,0.375,0.20680477416796306,0.07282782895644346,0.001095290251916758,0.0,0.0
y_any,1,val,rule,sector,Mines & Metals,47,6,0.1276595744680851,0.22464030446486585,0.6527777777777779,0.6219512195121951,0.11764193885464698,0.09045886595634602,0.004679876530917056,0.02,4.273617021276596
y_any,1,val,rule,sector,North Eastern Region,4,0,0.0,,,,0.029752010155144414,0.17223844775160652,0.0003982873643333665,0.0,0.0
y_any,1,val,rule,sector,Petroleum & Natural Gas,747,114,0.15261044176706828,0.18583600208988416,0.21485412016926564,0.5407139491699232,0.13046631060195493,0.03975910539940786,0.0743801652892562,0.04,0.5377777777777778
y_any,1,val,rule,sector,Power,559,143,0.2558139534883721,0.31097666771949717,0.3690543550909056,0.5608021785906401,0.19236793537158425,0.05843234830014738,0.055660659165587975,0.13333333333333333,2.395468097793679
y_any,1,val,rule,sector,Railways,1278,232,0.18153364632237873,0.1988035162788353,0.2210537392360934,0.5373982165227138,0.14945800627865763,0.03277199605219454,0.1272528129045106,0.5733333333333334,4.5054668753260305
y_any,1,val,rule,sector,Roads & Highways,5814,1243,0.21379428964568284,0.3046339055805895,0.2872026741514576,0.5981213896485821,0.16670589393595475,0.031421154062247034,0.5789106840585483,0.10666666666666667,0.18425409930053893
y_any,1,val,rule,sector,Shipping & Ports,6,0,0.0,,,,0.03939816038933347,0.1982864528154694,0.0005974310465000497,0.0,0.0
y_any,1,val,rule,sector,Social Justice,5,0,0.0,,,,0.03169101818301488,0.17760681251600743,0.0004978592054167082,0.0,0.0
y_any,1,val,rule,sector,Steel,71,11,0.15492957746478872,0.31574599926915103,0.5351851851851852,0.6651515151515152,0.129531994554521,0.11738123339346251,0.007069600716917256,0.006666666666666667,0.9430046948356807
y_any,1,val,rule,sector,Telecommunications,37,10,0.2702702702702703,0.35211007893645463,0.6119047619047618,0.5740740740740741,0.2023050941435225,0.0795870508266835,0.0036841581200836404,0.0033333333333333335,0.9047747747747749
y_any,1,val,rule,sector,Urban Development & Housing,156,23,0.14743589743589744,0.27315766451244855,0.40040760858393704,0.5871199738476627,0.12669542926816219,0.056514572346443755,0.015533207209001294,0.0,0.0
y_any,1,val,rule,sector,Water Resources,184,40,0.21739130434782608,0.21972129700419324,0.3119401317941933,0.5111111111111111,0.17150551266689126,0.03563657110042363,0.01832121875933486,0.02666666666666667,1.4555072463768117
y_any,1,val,rule,cost_band,1000-5000 cr,2884,657,0.22780859916782248,0.2565816157569107,0.2658930916362144,0.5541913652769832,0.17605114756571916,0.02909813419557805,0.2871651896843573,0.54,1.8804507628294036
y_any,1,val,rule,cost_band,500-1000 cr,2339,480,0.20521590423257802,0.2988073956369575,0.28973854723647535,0.6068047337278107,0.16117271573683875,0.04243561783086896,0.2328985362939361,0.08666666666666667,0.3721219894541827
y_any,1,val,rule,cost_band,over 5000 cr,574,102,0.17770034843205576,0.2099743670890155,0.26167441866164404,0.5634346959122631,0.1464212875264234,0.034006845576778445,0.0571542367818381,0.33,5.773850174216028
y_any,1,val,rule,cost_band,under 500 cr,4246,768,0.1808761186999529,0.23004584516874138,0.22108489875966575,0.5736564356910101,0.1471934550896939,0.03284455534470001,0.42278203723986857,0.043333333333333335,0.10249568221070812
y_any,1,val,rule,age,due to 1.5x,2223,610,0.2744039586144849,0.25792744596425154,0.2573326900636365,0.4814900450235281,0.20685264604210635,0.07984306680091546,0.22134820272826844,0.26,1.1746198830409358
y_any,1,val,rule,age,half to due,3169,501,0.15809403597349322,0.18117853308891735,0.16715086174057867,0.5487862356247026,0.13360661281263736,0.027535752182755207,0.31554316439310964,0.006666666666666667,0.02112759019669717
y_any,1,val,rule,age,over 1.5x schedule,3086,792,0.2566429034348671,0.29626507849444983,0.2911273259702571,0.5853095580918162,0.19152393670384163,0.050220873037194774,0.30727870158319226,0.73,2.3756934543097863
y_any,1,val,rule,age,under half of schedule,1409,75,0.053229240596167494,0.09246263633770344,0.12311443157185482,0.5686856571714143,0.06821672048206096,0.13447530091262508,0.14029672408642835,0.0,0.0
y_any,1,val,rule,age,unknown,156,29,0.1858974358974359,0.2728751813011162,0.370194053820415,0.5986967146348086,0.14968400677485777,0.02340840090031364,0.015533207209001294,0.0033333333333333335,0.21459401709401713
y_any,1,val,rule,freshness,4-6 months,27,11,0.4074074074074074,0.6810087036371621,0.6810087036371621,0.6534090909090909,0.27527497351396796,0.19940769627613258,0.002688439709250224,0.0,0.0
y_any,1,val,rule,freshness,current (3 months),9561,1974,0.2064637590210229,0.24922136046042037,0.24775241590374245,0.5721203776149386,0.16279671696472522,0.020969180844979243,0.9520063725978294,0.9966666666666667,1.0469117595788446
y_any,1,val,rule,freshness,over 6 months,5,1,0.2,0.25,,0.25,0.16164917242742619,0.17238597008099327,0.0004978592054167082,0.0,0.0
y_any,1,val,rule,freshness,unknown,450,21,0.04666666666666667,0.10055182257697372,0.09481183814966224,0.6311466311466312,0.06445253331612201,0.14239753743474157,0.04480732848750373,0.0033333333333333335,0.0743925925925926
y_any,1,val,rule,progress_reported,no,3183,792,0.24882186616399624,0.32935730753692827,0.3437930862057693,0.6435053166546265,0.18639067076142918,0.06228418673191852,0.31693717016827644,0.3333333333333333,1.051733165776521
y_any,1,val,rule,progress_reported,yes,6860,1215,0.17711370262390672,0.1910501488745357,0.1953768810474274,0.5176882561136079,0.14583997317862651,0.012746371075436467,0.6830628298317236,0.6666666666666666,0.9759961127308066
y_any,1,val,rule,pre_event,no revision yet,3948,449,0.11372847011144883,0.14267110303904035,0.1296930556094685,0.5549205595489898,0.10579235384639454,0.07162177361014918,0.39310962859703275,0.03333333333333333,0.08479398851739277
y_any,1,val,rule,pre_event,revised before,6095,1558,0.25561936013125514,0.2740985825946738,0.2714028390800659,0.5360852700785979,0.19295742543944894,0.055095226807876804,0.6068903714029672,0.9666666666666667,1.5928192507519827
y_any,1,val,rule,on_schedule,behind or over,6534,1637,0.2505356596265687,0.2656683055308947,0.26235779093974504,0.5296170757182567,0.19008474599708736,0.04971567058911148,0.6506024096385542,1.0,1.537037037037037
y_any,1,val,rule,on_schedule,on schedule and cost,3509,370,0.10544314619549729,0.1432751958703561,0.13470800656169804,0.5422517930482251,0.1002365319732227,0.07765870698839837,0.3493975903614458,0.0,0.0
y_any,1,val,rule,report,quarterly,10043,2007,0.19984068505426666,0.2464919805849019,0.24473542055001715,0.5755798892527225,0.1586919965188696,0.026325127547200122,1.0,1.0,1.0
y_any,1,val,logreg,sector,Atomic Energy,16,2,0.125,0.14583333333333331,0.5833333333333333,0.39285714285714285,0.1386656353195281,0.0886960072655523,0.001593149457333466,0.0,0.0
y_any,1,val,logreg,sector,Civil Aviation,216,44,0.2037037037037037,0.3450448421901348,0.44477521931432845,0.6756078224101479,0.16847444295826056,0.11260301668149221,0.021507517674001792,0.04,1.8598148148148148
y_any,1,val,logreg,sector,Coal,690,85,0.12318840579710146,0.25638514553923913,0.3907821479830946,0.7235196888672825,0.10130547340515643,0.02360845522021154,0.06870457034750573,0.0033333333333333335,0.04851690821256039
y_any,1,val,logreg,sector,Defence,1,0,0.0,,,,0.0032038673699494214,0.05660271521711146,9.957184108334163e-05,0.0,0.0
y_any,1,val,logreg,sector,Education,115,31,0.26956521739130435,0.2769554298140735,0.3525083261419046,0.5168970814132104,0.23968594821360914,0.14795870050711266,0.011450761724584287,0.06333333333333334,5.530927536231885
y_any,1,val,logreg,sector,Finance,11,0,0.0,,,,0.015893770708757533,0.11918682236251218,0.001095290251916758,0.0,0.0
y_any,1,val,logreg,sector,Health,46,14,0.30434782608695654,0.4289347853387262,0.5816137566137566,0.6473214285714286,0.2140476899110744,0.1188952681949698,0.004580304689833715,0.0,0.0
y_any,1,val,logreg,sector,Home Affairs,29,6,0.20689655172413793,0.3298257899651088,0.6166666666666667,0.644927536231884,0.24741784529783878,0.293975021733211,0.002887583391416907,0.03333333333333333,11.54367816091954
y_any,1,val,logreg,sector,Industry & Commerce,11,3,0.2727272727272727,0.37777777777777777,1.0,0.5416666666666666,0.22205027747870726,0.25072330355915157,0.001095290251916758,0.0,0.0
y_any,1,val,logreg,sector,Mines & Metals,47,6,0.1276595744680851,0.10586965133000939,0.2558531746031746,0.3252032520325203,0.1524862897326958,0.18108883586694394,0.004679876530917056,0.0,0.0
y_any,1,val,logreg,sector,North Eastern Region,4,0,0.0,,,,0.12114008977283591,0.34128645948641745,0.0003982873643333665,0.0,0.0
y_any,1,val,logreg,sector,Petroleum & Natural Gas,747,114,0.15261044176706828,0.3113510704847373,0.3556454193139937,0.7234278429090103,0.12819613770330845,0.08056298036255008,0.0743801652892562,0.04,0.5377777777777778
y_any,1,val,logreg,sector,Power,559,143,0.2558139534883721,0.3605512224489871,0.406920310664216,0.6613602743410436,0.1861326635292643,0.05521904831543921,0.055660659165587975,0.16,2.8745617173524147
y_any,1,val,logreg,sector,Railways,1278,232,0.18153364632237873,0.2270260219051228,0.2569525079782878,0.609897309949232,0.15249687006058468,0.05717300444780279,0.1272528129045106,0.03333333333333333,0.2619457485654669
y_any,1,val,logreg,sector,Roads & Highways,5814,1243,0.21379428964568284,0.28109589599159324,0.3404719316652163,0.6622561734028213,0.16929444129396864,0.06631960249907884,0.5789106840585483,0.5766666666666667,0.9961237243435385
y_any,1,val,logreg,sector,Shipping & Ports,6,0,0.0,,,,0.04053800428302212,0.18989430389074805,0.0005974310465000497,0.0,0.0
y_any,1,val,logreg,sector,Social Justice,5,0,0.0,,,,0.006021259975827026,0.07598761796274406,0.0004978592054167082,0.0,0.0
y_any,1,val,logreg,sector,Steel,71,11,0.15492957746478872,0.3589908757757728,0.4576058201058201,0.7575757575757576,0.12063422378832045,0.06436980576213956,0.007069600716917256,0.0,0.0
y_any,1,val,logreg,sector,Telecommunications,37,10,0.2702702702702703,0.6207017543859649,0.7333333333333333,0.7851851851851852,0.16678342746725158,0.117983567907594,0.0036841581200836404,0.02,5.4286486486486485
y_any,1,val,logreg,sector,Urban Development & Housing,156,23,0.14743589743589744,0.18882975570377422,0.28753550585980925,0.6426936907486107,0.14807785247225036,0.0984633734518937,0.015533207209001294,0.016666666666666666,1.0729700854700854
y_any,1,val,logreg,sector,Water Resources,184,40,0.21739130434782608,0.3608846222786187,0.37456591150501334,0.6012152777777777,0.18176839846929962,0.12325193215558362,0.01832121875933486,0.013333333333333334,0.7277536231884059
y_any,1,val,logreg,cost_band,1000-5000 cr,2884,657,0.22780859916782248,0.3549771824562163,0.3894496074409468,0.6959974411180345,0.16388178836022946,0.03229390247606192,0.2871651896843573,0.17,0.591993758668516
y_any,1,val,logreg,cost_band,500-1000 cr,2339,480,0.20521590423257802,0.31437083349656114,0.36715225104969096,0.6832391967007352,0.15728444902257419,0.04771565478027477,0.2328985362939361,0.20666666666666667,0.8873678210061279
y_any,1,val,logreg,cost_band,over 5000 cr,574,102,0.17770034843205576,0.2557668898219229,0.3098726603913937,0.6839481555333998,0.14921752111185685,0.06704298057814928,0.0571542367818381,0.056666666666666664,0.9914692218350754
y_any,1,val,logreg,cost_band,under 500 cr,4246,768,0.1808761186999529,0.22849819951271821,0.27433691065949467,0.6350400433678358,0.16197062691508893,0.07949137778333329,0.42278203723986857,0.5666666666666667,1.340328151986183
y_any,1,val,logreg,age,due to 1.5x,2223,610,0.2744039586144849,0.3214950541247361,0.3735018946781909,0.5953594259754251,0.19896943378854312,0.04406844186505107,0.22134820272826844,0.08333333333333333,0.37648073174388963
y_any,1,val,logreg,age,half to due,3169,501,0.15809403597349322,0.25299875856981247,0.2824950927793152,0.675254438648939,0.12762909559639074,0.02008582516853796,0.31554316439310964,0.006666666666666667,0.02112759019669717
y_any,1,val,logreg,age,over 1.5x schedule,3086,792,0.2566429034348671,0.2704843497889785,0.3213271789060412,0.545293827551892,0.21726614848641906,0.1229681032538997,0.30727870158319226,0.91,2.9614808813998708
y_any,1,val,logreg,age,under half of schedule,1409,75,0.053229240596167494,0.09547667766793555,0.12133441265962897,0.6320539730134933,0.05026849758781799,0.016694367556293863,0.14029672408642835,0.0,0.0
y_any,1,val,logreg,age,unknown,156,29,0.1858974358974359,0.1716828376132959,0.31937194260607166,0.4344284550638067,0.16554000196896032,0.0840468006451282,0.015533207209001294,0.0,0.0
y_any,1,val,logreg,freshness,4-6 months,27,11,0.4074074074074074,0.5017651466180877,0.5017651466180878,0.6477272727272727,0.3001241071089652,0.2962451556400398,0.002688439709250224,0.0,0.0
y_any,1,val,logreg,freshness,current (3 months),9561,1974,0.2064637590210229,0.27842430822704134,0.31810696716967213,0.6549118372772497,0.16583989142476638,0.055214564830076036,0.9520063725978294,1.0,1.0504131367011817
y_any,1,val,logreg,freshness,over 6 months,5,1,0.2,0.5,,0.75,0.1747238714323188,0.33938513022514893,0.0004978592054167082,0.0,0.0
y_any,1,val,logreg,freshness,unknown,450,21,0.04666666666666667,0.27055594692319895,0.2091537028473037,0.7613497613497614,0.042954157184624364,0.03627398562515066,0.04480732848750373,0.0,0.0
y_any,1,val,logreg,progress_reported,no,3183,792,0.24882186616399624,0.43507995687443446,0.43621326040109604,0.7375448335297771,0.1681522506420369,0.05262343719342487,0.31693717016827644,0.3333333333333333,1.051733165776521
y_any,1,val,logreg,progress_reported,yes,6860,1215,0.17711370262390672,0.24822585447941725,0.25637542403042446,0.6579661523545,0.15724095176396102,0.09531803028245553,0.6830628298317236,0.6666666666666666,0.9759961127308066
y_any,1,val,logreg,pre_event,no revision yet,3948,449,0.11372847011144883,0.1949420353341136,0.21693612591621717,0.7016914154919222,0.09932079623625167,0.027064355151588577,0.39310962859703275,0.05333333333333334,0.13567038162782846
y_any,1,val,logreg,pre_event,revised before,6095,1558,0.25561936013125514,0.2901028135787505,0.3357789182779894,0.583976620133474,0.20045661023029604,0.07406619433510195,0.6068903714029672,0.9466666666666667,1.5598643697019416
y_any,1,val,logreg,on_schedule,behind or over,6534,1637,0.2505356596265687,0.3070433285227464,0.3574405616686725,0.605752540202328,0.19117584711612526,0.06258694384070913,0.6506024096385542,0.6266666666666667,0.96320987654321
y_any,1,val,logreg,on_schedule,on schedule and cost,3509,370,0.10544314619549729,0.1665455848082925,0.19218244962180872,0.687094357817518,0.10394943227062234,0.043834523861924025,0.3493975903614458,0.37333333333333335,1.0685057471264368
y_any,1,val,logreg,report,quarterly,10043,2007,0.19984068505426666,0.27783925988682956,0.3162931814529728,0.6663924894030673,0.1606991479532387,0.05386364896608601,1.0,1.0,1.0
y_any,1,val,lightgbm,sector,Atomic Energy,16,2,0.125,0.41666666666666663,0.5833333333333333,0.8571428571428572,0.1239695084990815,0.26895715546762294,0.001593149457333466,0.0033333333333333335,2.0922916666666667
y_any,1,val,lightgbm,sector,Civil Aviation,216,44,0.2037037037037037,0.5909364459749636,0.5987247668361073,0.8691860465116279,0.1169359369101974,0.06814511630098613,0.021507517674001792,0.013333333333333334,0.6199382716049383
y_any,1,val,lightgbm,sector,Coal,690,85,0.12318840579710146,0.5401396483169811,0.5425226874395935,0.8482061254253768,0.07860614069499622,0.01988698880230461,0.06870457034750573,0.03666666666666667,0.5336859903381642
y_any,1,val,lightgbm,sector,Defence,1,0,0.0,,,,0.005260675985382381,0.07253051761419038,9.957184108334163e-05,0.0,0.0
y_any,1,val,lightgbm,sector,Education,115,31,0.26956521739130435,0.44092586685203783,0.5137131695465029,0.7457757296466974,0.17373592484301986,0.06842834379333168,0.011450761724584287,0.006666666666666667,0.5822028985507247
y_any,1,val,lightgbm,sector,Finance,11,0,0.0,,,,0.008810222921945325,0.08384213857667971,0.001095290251916758,0.0,0.0
y_any,1,val,lightgbm,sector,Health,46,14,0.30434782608695654,0.6826005145648002,0.6321428571428571,0.7700892857142857,0.1835593099012696,0.10896269432314364,0.004580304689833715,0.0,0.0
y_any,1,val,lightgbm,sector,Home Affairs,29,6,0.20689655172413793,0.7679144385026738,0.85,0.8695652173913043,0.11824043687156474,0.14176844783610495,0.002887583391416907,0.0,0.0
y_any,1,val,lightgbm,sector,Industry & Commerce,11,3,0.2727272727272727,0.6111111111111112,1.0,0.6666666666666666,0.17488200085217287,0.1339122514349039,0.001095290251916758,0.0,0.0
y_any,1,val,lightgbm,sector,Mines & Metals,47,6,0.1276595744680851,0.19082055914981252,0.314484126984127,0.5365853658536586,0.13186683206650793,0.11629575089776147,0.004679876530917056,0.0,0.0
y_any,1,val,lightgbm,sector,North Eastern Region,4,0,0.0,,,,0.006784405954014138,0.07657832534312524,0.0003982873643333665,0.0,0.0
y_any,1,val,lightgbm,sector,Petroleum & Natural Gas,747,114,0.15261044176706828,0.40083051626404986,0.4553441608264406,0.7867229289653834,0.10830524531311275,0.03736402818377254,0.0743801652892562,0.023333333333333334,0.3137037037037037
y_any,1,val,lightgbm,sector,Power,559,143,0.2558139534883721,0.46252267140919423,0.4694522569230799,0.737283149542765,0.16652242057093908,0.034348091201479275,0.055660659165587975,0.056666666666666664,1.0180739415623135
y_any,1,val,lightgbm,sector,Railways,1278,232,0.18153364632237873,0.33420582552094835,0.3767393929396315,0.7067131766334805,0.1371920984052537,0.026268647398864895,0.1272528129045106,0.0033333333333333335,0.02619457485654669
y_any,1,val,lightgbm,sector,Roads & Highways,5814,1243,0.21379428964568284,0.4783112643919836,0.48598408900023055,0.8001336911337048,0.13642590388117676,0.026405089971867895,0.5789106840585483,0.8333333333333334,1.4394851507854602
y_any,1,val,lightgbm,sector,Shipping & Ports,6,0,0.0,,,,0.00973932952014417,0.09549686759829817,0.0005974310465000497,0.0,0.0
y_any,1,val,lightgbm,sector,Social Justice,5,0,0.0,,,,0.0890313628704141,0.2729514761885803,0.0004978592054167082,0.0,0.0
y_any,1,val,lightgbm,sector,Steel,71,11,0.15492957746478872,0.26470241386275545,0.43558201058201057,0.7227272727272727,0.12545910732011553,0.07573261393531353,0.007069600716917256,0.0033333333333333335,0.47150234741784036
y_any,1,val,lightgbm,sector,Telecommunications,37,10,0.2702702702702703,0.746547619047619,0.8333333333333333,0.888888888888889,0.12696492306039062,0.10454694358438024,0.0036841581200836404,0.0033333333333333335,0.9047747747747749
y_any,1,val,lightgbm,sector,Urban Development & Housing,156,23,0.14743589743589744,0.22021002236967124,0.3428752321992215,0.644655116050997,0.133437272469387,0.06303894123248867,0.015533207209001294,0.006666666666666667,0.42918803418803425
y_any,1,val,lightgbm,sector,Water Resources,184,40,0.21739130434782608,0.607524825043343,0.6137247551980338,0.748263888888889,0.13461184755593383,0.0708321148589179,0.01832121875933486,0.01,0.5458152173913043
y_any,1,val,lightgbm,cost_band,1000-5000 cr,2884,657,0.22780859916782248,0.43999696699236435,0.45897984684882404,0.7687793162508825,0.1496381128889069,0.02038067593278093,0.2871651896843573,0.24666666666666667,0.8589713361072584
y_any,1,val,lightgbm,cost_band,500-1000 cr,2339,480,0.20521590423257802,0.4573725164902905,0.4856615174308519,0.7896528151335843,0.1347113442325516,0.013592717664534387,0.2328985362939361,0.2633333333333333,1.1306783525723243
y_any,1,val,lightgbm,cost_band,over 5000 cr,574,102,0.17770034843205576,0.3895726066859167,0.436766112614142,0.7531571950814224,0.12835887261638457,0.04646936196119061,0.0571542367818381,0.02,0.3499303135888502
y_any,1,val,lightgbm,cost_band,under 500 cr,4246,768,0.1808761186999529,0.4881820361431279,0.48612980164012365,0.8134522279926203,0.11857143132830582,0.037500535028907336,0.42278203723986857,0.47,1.1116839378238341
y_any,1,val,lightgbm,age,due to 1.5x,2223,610,0.2744039586144849,0.44701807020584283,0.4608501575543605,0.7106623438659254,0.1798346196356118,0.028529329235823034,0.22134820272826844,0.33,1.4908636977058032
y_any,1,val,lightgbm,age,half to due,3169,501,0.15809403597349322,0.4106624791123562,0.43002345500030376,0.7784139367442027,0.11264476108453188,0.02571835113821089,0.31554316439310964,0.18,0.5704449353108235
y_any,1,val,lightgbm,age,over 1.5x schedule,3086,792,0.2566429034348671,0.5139575490357812,0.5193252340174946,0.7815920759469147,0.15555034236702472,0.020770803503883935,0.30727870158319226,0.49,1.594643551523007
y_any,1,val,lightgbm,age,under half of schedule,1409,75,0.053229240596167494,0.27641782518596286,0.3292824590719094,0.7965717141429285,0.04455617348636379,0.01910980004180495,0.14029672408642835,0.0,0.0
y_any,1,val,lightgbm,age,unknown,156,29,0.1858974358974359,0.2674084161372994,0.3444369679990693,0.6049416236763507,0.1553001905100355,0.07304674708796502,0.015533207209001294,0.0,0.0
y_any,1,val,lightgbm,freshness,4-6 months,27,11,0.4074074074074074,0.4778101790482633,0.4778101790482633,0.5170454545454546,0.2821566068643611,0.25501720928383526,0.002688439709250224,0.0,0.0
y_any,1,val,lightgbm,freshness,current (3 months),9561,1974,0.2064637590210229,0.45908629857314465,0.462210229161012,0.785395758408807,0.13597113556846863,0.022680952764041567,0.9520063725978294,1.0,1.0504131367011817
y_any,1,val,lightgbm,freshness,over 6 months,5,1,0.2,1.0,,1.0,0.07923355817998168,0.22679742001826203,0.0004978592054167082,0.0,0.0
y_any,1,val,lightgbm,freshness,unknown,450,21,0.04666666666666667,0.43317854386685767,0.4309054182989403,0.7893217893217892,0.034986708193268344,0.030241170497571437,0.04480732848750373,0.0,0.0
y_any,1,val,lightgbm,progress_reported,no,3183,792,0.24882186616399624,0.5489653392996239,0.5587873730421327,0.7996057395367308,0.14607150821730513,0.017980998867677907,0.31693717016827644,0.3333333333333333,1.051733165776521
y_any,1,val,lightgbm,progress_reported,yes,6860,1215,0.17711370262390672,0.4036100810117162,0.4119778417092875,0.7855353257006638,0.12519429028828785,0.03656368364429808,0.6830628298317236,0.6666666666666666,0.9759961127308066
y_any,1,val,lightgbm,pre_event,no revision yet,3948,449,0.11372847011144883,0.3776493943322572,0.393873507208911,0.810101327073405,0.08525305423096356,0.03507476914612978,0.39310962859703275,0.21,0.5342021276595744
y_any,1,val,lightgbm,pre_event,revised before,6095,1558,0.25561936013125514,0.48056155478605966,0.48038258783909854,0.7534578758081817,0.16196872582928512,0.015598609882383265,0.6068903714029672,0.79,1.3017178014766204
y_any,1,val,lightgbm,on_schedule,behind or over,6534,1637,0.2505356596265687,0.4749606330736189,0.4745289342659593,0.7568181883389142,0.1598530593756352,0.019223655353324418,0.6506024096385542,0.85,1.3064814814814816
y_any,1,val,lightgbm,on_schedule,on schedule and cost,3509,370,0.10544314619549729,0.3703816478482347,0.39724011738372716,0.8026333915948443,0.07959491367139827,0.026522169164212402,0.3493975903614458,0.15,0.4293103448275862
y_any,1,val,lightgbm,report,quarterly,10043,2007,0.19984068505426666,0.45838129898781593,0.4608285320192554,0.7918645802409338,0.131811056659697,0.021769135897045336,1.0,1.0,1.0
y_any,1,test,naive,sector,Civil Aviation,23,3,0.13043478260869565,0.17028985507246377,0.17028985507246377,0.5916666666666667,0.11726166383842285,0.07690533508618703,0.016288951841359773,0.04,2.4556521739130437
y_any,1,test,naive,sector,Coal,35,0,0.0,,,,0.04768317819259219,0.21633094363219843,0.024787535410764873,0.1,4.034285714285715
y_any,1,test,naive,sector,Education,21,4,0.19047619047619047,0.39285714285714285,0.39285714285714285,0.625,0.14951998600358213,0.07922714741597721,0.014872521246458924,0.0,0.0
y_any,1,test,naive,sector,Health,12,2,0.16666666666666666,0.16666666666666666,0.16666666666666666,0.3,0.14950636621456267,0.12261621596236483,0.0084985835694051,0.0,0.0
y_any,1,test,naive,sector,Industry & Commerce,2,0,0.0,,,,0.03849484861205736,0.19620104131236754,0.00141643059490085,0.0,0.0
y_any,1,test,naive,sector,Mines & Metals,5,0,0.0,,,,0.0501890862600108,0.22182091699215234,0.0035410764872521247,0.0,0.0
y_any,1,test,naive,sector,Petroleum & Natural Gas,53,16,0.3018867924528302,0.2797759433962264,0.2797759433962264,0.3733108108108108,0.22591253591629373,0.1680108143326731,0.037535410764872525,0.1,2.6641509433962263
y_any,1,test,naive,sector,Power,63,15,0.23809523809523808,0.2571428571428571,0.2571428571428571,0.5375,0.1812375624614407,0.032744241182947394,0.04461756373937677,0.02,0.4482539682539683
y_any,1,test,naive,sector,Railways,138,47,0.34057971014492755,0.33599290780141844,0.33599290780141844,0.47217675941080195,0.24619693188160513,0.15634688748903522,0.09773371104815864,0.08,0.8185507246376812
y_any,1,test,naive,sector,Roads & Highways,965,58,0.06010362694300518,0.05346301496496514,0.05346301496496514,0.4113123978253431,0.0869426925637364,0.1677572089270239,0.68342776203966,0.66,0.9657202072538861
y_any,1,test,naive,sector,Shipping & Ports,5,1,0.2,0.2,0.2,0.5,0.1600144320871103,0.00379895868763247,0.0035410764872521247,0.0,0.0
y_any,1,test,naive,sector,Steel,13,3,0.23076923076923078,0.22051282051282056,0.22051282051282056,0.4666666666666666,0.18010041356023349,0.05628040938924673,0.009206798866855524,0.0,0.0
y_any,1,test,naive,sector,Telecommunications,11,1,0.09090909090909091,0.09090909090909091,0.09090909090909091,0.2,0.10967771062065429,0.1436817433190127,0.007790368271954674,0.0,0.0
y_any,1,test,naive,sector,Urban Development & Housing,31,0,0.0,,,,0.04509643438106332,0.21066387435740733,0.021954674220963172,0.0,0.0
y_any,1,test,naive,sector,Water Resources,35,2,0.05714285714285714,0.05714285714285714,0.05714285714285714,0.45454545454545453,0.07572063767234824,0.1445481575294643,0.024787535410764873,0.0,0.0
y_any,1,test,naive,cost_band,1000-5000 cr,514,58,0.11284046692607004,0.10137641775908246,0.10137641775908246,0.33416515426497273,0.11795244986471914,0.112145551438974,0.3640226628895184,0.36,0.9889494163424124
y_any,1,test,naive,cost_band,500-1000 cr,329,38,0.11550151975683891,0.10510450559315468,0.10510450559315468,0.4111050822933623,0.11631075354085549,0.1042557902276712,0.2330028328611898,0.18,0.7725227963525836
y_any,1,test,naive,cost_band,over 5000 cr,75,11,0.14666666666666667,0.14666666666666667,0.14666666666666667,0.4375,0.13072767319988376,0.05636634149364349,0.05311614730878187,0.08,1.5061333333333333
y_any,1,test,naive,cost_band,under 500 cr,494,45,0.09109311740890688,0.0827579777129818,0.0827579777129818,0.4195496164315763,0.10241242509917535,0.13013138547329095,0.34985835694050993,0.38,1.086153846153846
y_any,1,test,naive,age,due to 1.5x,526,76,0.1444866920152091,0.12698442594968745,0.12698442594968745,0.3550877192982457,0.13607418209097338,0.10112823970506642,0.37252124645892354,0.22,0.5905703422053231
y_any,1,test,naive,age,half to due,416,32,0.07692307692307693,0.07484817813765182,0.07484817813765182,0.3932291666666667,0.09160161644618835,0.1339046962978216,0.29461756373937675,0.02,0.06788461538461539
y_any,1,test,naive,age,over 1.5x schedule,395,41,0.10379746835443038,0.0908907070083359,0.0908907070083359,0.3399820862615406,0.11344608666464537,0.12483379533741161,0.2797450424929179,0.76,2.7167594936708857
y_any,1,test,naive,age,under half of schedule,73,3,0.0410958904109589,0.0410958904109589,0.0410958904109589,0.4785714285714286,0.0646660888104881,0.1577373299096057,0.051699716713881017,0.0,0.0
y_any,1,test,naive,age,unknown,2,0,0.0,,,,0.03849484861205736,0.19620104131236754,0.00141643059490085,0.0,0.0
y_any,1,test,naive,freshness,4-6 months,5,0,0.0,,,,0.05603620508398751,0.23463085483204474,0.0035410764872521247,0.0,0.0
y_any,1,test,naive,freshness,current (3 months),1365,150,0.10989010989010989,0.09888031968031968,0.09888031968031968,0.3785185185185186,0.11441608068316053,0.11211849849896396,0.96671388101983,1.0,1.0344322344322345
y_any,1,test,naive,freshness,over 6 months,1,1,1.0,,,,0.6460927659873222,0.8037989586876324,0.000708215297450425,0.0,0.0
y_any,1,test,naive,freshness,unknown,41,1,0.024390243902439025,0.024390243902439025,0.024390243902439025,0.5,0.05331431001145407,0.17181079740992852,0.02903682719546742,0.0,0.0
y_any,1,test,naive,progress_reported,yes,1412,152,0.10764872521246459,0.09714581214034836,0.09714581214034836,0.3837719298245613,0.11281169308384631,0.11363693233736931,1.0,1.0,1.0
y_any,1,test,naive,pre_event,no revision yet,411,35,0.0851581508515815,0.0851581508515815,0.0851581508515815,0.5,0.09023676371700691,0.11104289046078604,0.29107648725212465,0.0,0.0
y_any,1,test,naive,pre_event,revised before,1001,117,0.11688311688311688,0.10102836685115164,0.10102836685115164,0.3227124183006536,0.1220807200266745,0.11690368378131977,0.7089235127478754,1.0,1.4105894105894106
y_any,1,test,naive,on_schedule,behind or over,1146,126,0.1099476439790576,0.09684857231562807,0.09684857231562807,0.3557189542483661,0.11617451367831355,0.11693688718540825,0.8116147308781869,1.0,1.2321116928446771
y_any,1,test,naive,on_schedule,on schedule and cost,266,26,0.09774436090225563,0.09774436090225563,0.09774436090225563,0.49166666666666664,0.09832375172572813,0.09941983363115645,0.18838526912181303,0.0,0.0
y_any,1,test,naive,report,flash,1412,152,0.10764872521246459,0.09714581214034836,0.09714581214034836,0.3837719298245613,0.11281169308384631,0.11363693233736931,1.0,1.0,1.0
y_any,1,test,rule,sector,Civil Aviation,23,3,0.13043478260869565,0.20634920634920634,0.20634920634920634,0.4666666666666667,0.1178932943650597,0.06622384884684691,0.016288951841359773,0.0,0.0
y_any,1,test,rule,sector,Coal,35,0,0.0,,,,0.042375060989370085,0.2056951892030681,0.024787535410764873,0.0,0.0
y_any,1,test,rule,sector,Education,21,4,0.19047619047619047,0.2589285714285714,0.2589285714285714,0.6029411764705881,0.1537485042351569,0.09907268079524116,0.014872521246458924,0.0,0.0
y_any,1,test,rule,sector,Health,12,2,0.16666666666666666,0.29166666666666663,0.29166666666666663,0.65,0.1410800399573717,0.05809591770939062,0.0084985835694051,0.02,2.353333333333333
y_any,1,test,rule,sector,Industry & Commerce,2,0,0.0,,,,0.0430920776239259,0.20751201208154418,0.00141643059490085,0.0,0.0
y_any,1,test,rule,sector,Mines & Metals,5,0,0.0,,,,0.047563076788920855,0.21683362654897181,0.0035410764872521247,0.02,5.648
y_any,1,test,rule,sector,Petroleum & Natural Gas,53,16,0.3018867924528302,0.3127427239287806,0.3127427239287806,0.5320945945945946,0.2212301691057711,0.09734314542301606,0.037535410764872525,0.04,1.0656603773584905
y_any,1,test,rule,sector,Power,63,15,0.23809523809523808,0.43749412116025577,0.43749412116025577,0.5013888888888889,0.17972234979523677,0.03130304747585794,0.04461756373937677,0.16,3.5860317460317463
y_any,1,test,rule,sector,Railways,138,47,0.34057971014492755,0.3391048777236553,0.3391048777236553,0.4900631283610007,0.24315104516286606,0.13424842641308368,0.09773371104815864,0.12,1.2278260869565216
y_any,1,test,rule,sector,Roads & Highways,965,58,0.06010362694300518,0.05262779957590015,0.05262779957590015,0.40421244724936317,0.07640952947531807,0.1398913771242911,0.68342776203966,0.22,0.32190673575129536
y_any,1,test,rule,sector,Shipping & Ports,5,1,0.2,0.3333333333333333,0.3333333333333333,0.5,0.16204758958087428,0.1677472274070128,0.0035410764872521247,0.0,0.0
y_any,1,test,rule,sector,Steel,13,3,0.23076923076923078,0.5444444444444444,0.5444444444444444,0.6333333333333333,0.1752692250177401,0.03069257590777026,0.009206798866855524,0.0,0.0
y_any,1,test,rule,sector,Telecommunications,11,1,0.09090909090909091,1.0,1.0,1.0,0.09162218160765406,0.10900032696298532,0.007790368271954674,0.0,0.0
y_any,1,test,rule,sector,Urban Development & Housing,31,0,0.0,,,,0.042139029636882375,0.20513236811828842,0.021954674220963172,0.0,0.0
y_any,1,test,rule,sector,Water Resources,35,2,0.05714285714285714,0.10317460317460317,0.10317460317460317,0.5909090909090908,0.08336693981338435,0.17353454952768044,0.024787535410764873,0.42,16.944
y_any,1,test,rule,cost_band,1000-5000 cr,514,58,0.11284046692607004,0.1304085209199411,0.1304085209199411,0.4820402298850575,0.10869874105777191,0.09285941622815864,0.3640226628895184,0.62,1.7031906614785992
y_any,1,test,rule,cost_band,500-1000 cr,329,38,0.11550151975683891,0.15201899245556666,0.15201899245556666,0.489148128052089,0.10905150853080227,0.08379947413591136,0.2330028328611898,0.06,0.2575075987841945
y_any,1,test,rule,cost_band,over 5000 cr,75,11,0.14666666666666667,0.21756490862590488,0.21756490862590488,0.609375,0.12882290564350987,0.06808892138354786,0.05311614730878187,0.3,5.648
y_any,1,test,rule,cost_band,under 500 cr,494,45,0.09109311740890688,0.08534933680752388,0.08534933680752388,0.48191041821331354,0.09451015432782553,0.10732560255347047,0.34985835694050993,0.02,0.05716599190283401
y_any,1,test,rule,age,due to 1.5x,526,76,0.1444866920152091,0.15807750606520307,0.15807750606520307,0.4956432748538011,0.12669430137300175,0.055762650593973576,0.37252124645892354,0.34,0.9126996197718631
y_any,1,test,rule,age,half to due,416,32,0.07692307692307693,0.0841791125034923,0.0841791125034923,0.453125,0.0856188748842671,0.12066182179953908,0.29461756373937675,0.06,0.20365384615384616
y_any,1,test,rule,age,over 1.5x schedule,395,41,0.10379746835443038,0.13818832952935306,0.13818832952935306,0.5575995590464379,0.1038287155721406,0.10593554028769445,0.2797450424929179,0.6,2.144810126582278
y_any,1,test,rule,age,under half of schedule,73,3,0.0410958904109589,0.03711324654876977,0.03711324654876977,0.28095238095238095,0.06501611025590845,0.15959630556621582,0.051699716713881017,0.0,0.0
y_any,1,test,rule,age,unknown,2,0,0.0,,,,0.04083009890343407,0.2018714480787352,0.00141643059490085,0.0,0.0
y_any,1,test,rule,freshness,4-6 months,5,0,0.0,,,,0.04024862359546943,0.20046045217192443,0.0035410764872521247,0.0,0.0
y_any,1,test,rule,freshness,current (3 months),1365,150,0.10989010989010989,0.12447457188451165,0.12447457188451165,0.5003456790123457,0.10621870438435456,0.09220356982753446,0.96671388101983,0.98,1.0137435897435898
y_any,1,test,rule,freshness,over 6 months,1,1,1.0,,,,0.6371390865420603,0.7982099263615182,0.000708215297450425,0.0,0.0
y_any,1,test,rule,freshness,unknown,41,1,0.024390243902439025,0.5,0.5,0.975,0.0554126751798632,0.17959313531917673,0.02903682719546742,0.02,0.6887804878048781
y_any,1,test,rule,progress_reported,yes,1412,152,0.10764872521246459,0.12271389362657675,0.12271389362657675,0.5002715121136174,0.10488585932828452,0.09449382698099779,1.0,1.0,1.0
y_any,1,test,rule,pre_event,no revision yet,411,35,0.0851581508515815,0.10564232405032173,0.10564232405032173,0.512917933130699,0.09090301127083678,0.114506730180348,0.29107648725212465,0.38,1.3054987834549878
y_any,1,test,rule,pre_event,revised before,1001,117,0.11688311688311688,0.13380333163646133,0.13380333163646133,0.4880206520478014,0.11062706867055327,0.08627674085219367,0.7089235127478754,0.62,0.8745654345654346
y_any,1,test,rule,on_schedule,behind or over,1146,126,0.1099476439790576,0.1291339805212301,0.1291339805212301,0.5151960784313725,0.10646454817574216,0.09367896482447208,0.8116147308781869,1.0,1.2321116928446771
y_any,1,test,rule,on_schedule,on schedule and cost,266,26,0.09774436090225563,0.0790546225339668,0.0790546225339668,0.4025641025641026,0.09808444045916254,0.09800447371550333,0.18838526912181303,0.0,0.0
y_any,1,test,rule,report,flash,1412,152,0.10764872521246459,0.12271389362657675,0.12271389362657675,0.5002715121136174,0.10488585932828452,0.09449382698099779,1.0,1.0,1.0
y_any,1,test,logreg,sector,Civil Aviation,23,3,0.13043478260869565,0.16715686274509806,0.16715686274509806,0.5166666666666667,0.2013760487325613,0.2897631243250581,0.016288951841359773,0.0,0.0
y_any,1,test,logreg,sector,Coal,35,0,0.0,,,,0.10316231259326104,0.3121279410043821,0.024787535410764873,0.0,0.0
y_any,1,test,logreg,sector,Education,21,4,0.19047619047619047,0.40773809523809523,0.40773809523809523,0.5147058823529411,0.22376468364886132,0.302028774301903,0.014872521246458924,0.0,0.0
y_any,1,test,logreg,sector,Health,12,2,0.16666666666666666,0.5833333333333334,0.5833333333333334,0.5,0.16087838199184457,0.36859317068641523,0.0084985835694051,0.0,0.0
y_any,1,test,logreg,sector,Industry & Commerce,2,0,0.0,,,,0.03378146351186806,0.182072755918629,0.00141643059490085,0.0,0.0
y_any,1,test,logreg,sector,Mines & Metals,5,0,0.0,,,,0.1738723413092072,0.4033561529233136,0.0035410764872521247,0.0,0.0
y_any,1,test,logreg,sector,Petroleum & Natural Gas,53,16,0.3018867924528302,0.36230298016837753,0.36230298016837753,0.5050675675675675,0.28220566933076674,0.28014425167841794,0.037535410764872525,0.0,0.0
y_any,1,test,logreg,sector,Power,63,15,0.23809523809523808,0.4320000302242255,0.4320000302242255,0.6763888888888889,0.1812191672912278,0.12491457045739632,0.04461756373937677,0.0,0.0
y_any,1,test,logreg,sector,Railways,138,47,0.34057971014492755,0.3976729017747272,0.3976729017747272,0.6060322656067337,0.21838420260551372,0.06375457357400097,0.09773371104815864,0.0,0.0
y_any,1,test,logreg,sector,Roads & Highways,965,58,0.06010362694300518,0.07441940555470145,0.07441940555470145,0.5871003307607497,0.22996909229328563,0.38210166835471887,0.68342776203966,0.98,1.4339481865284973
y_any,1,test,logreg,sector,Shipping & Ports,5,1,0.2,0.3333333333333333,0.3333333333333333,0.5,0.1674843704305486,0.2153468512787505,0.0035410764872521247,0.0,0.0
y_any,1,test,logreg,sector,Steel,13,3,0.23076923076923078,0.5333333333333333,0.5333333333333333,0.8333333333333334,0.15436582836853424,0.17844047422795833,0.009206798866855524,0.0,0.0
y_any,1,test,logreg,sector,Telecommunications,11,1,0.09090909090909091,0.09090909090909091,0.09090909090909091,0.0,0.44343019488967117,0.6640655504037656,0.007790368271954674,0.02,2.5672727272727274
y_any,1,test,logreg,sector,Urban Development & Housing,31,0,0.0,,,,0.228429048583952,0.47233998340299693,0.021954674220963172,0.0,0.0
y_any,1,test,logreg,sector,Water Resources,35,2,0.05714285714285714,0.14166666666666666,0.14166666666666666,0.6060606060606061,0.129378144479147,0.26672121017581824,0.024787535410764873,0.0,0.0
y_any,1,test,logreg,cost_band,1000-5000 cr,514,58,0.11284046692607004,0.1020761882247918,0.1020761882247918,0.4608666061705989,0.2561883137092738,0.3462279364365078,0.3640226628895184,0.54,1.4834241245136188
y_any,1,test,logreg,cost_band,500-1000 cr,329,38,0.11550151975683891,0.13214260480971085,0.13214260480971085,0.5842828721287755,0.20851430420863684,0.2925733269449907,0.2330028328611898,0.2,0.8583586626139817
y_any,1,test,logreg,cost_band,over 5000 cr,75,11,0.14666666666666667,0.2005436329957117,0.2005436329957117,0.5823863636363635,0.19332883255200597,0.25021380698525286,0.05311614730878187,0.0,0.0
y_any,1,test,logreg,cost_band,under 500 cr,494,45,0.09109311740890688,0.11099316264644117,0.11099316264644117,0.5924276169265034,0.1999788243464869,0.31699426607561937,0.34985835694050993,0.26,0.7431578947368421
y_any,1,test,logreg,age,due to 1.5x,526,76,0.1444866920152091,0.15955359165601934,0.15955359165601934,0.4913157894736842,0.2529496429801726,0.34005336844367573,0.37252124645892354,0.04,0.1073764258555133
y_any,1,test,logreg,age,half to due,416,32,0.07692307692307693,0.12885636900553296,0.12885636900553296,0.6752115885416666,0.10862954034113954,0.18876957717014345,0.29461756373937675,0.0,0.0
y_any,1,test,logreg,age,over 1.5x schedule,395,41,0.10379746835443038,0.07671772520472957,0.07671772520472957,0.35469202149648615,0.3290528267369592,0.4613903191091371,0.2797450424929179,0.96,3.4316962025316453
y_any,1,test,logreg,age,under half of schedule,73,3,0.0410958904109589,0.03558413973081919,0.03558413973081919,0.23809523809523805,0.06886660538119382,0.1420068324769334,0.051699716713881017,0.0,0.0
y_any,1,test,logreg,age,unknown,2,0,0.0,,,,0.16333562818118152,0.39885585448965866,0.00141643059490085,0.0,0.0
y_any,1,test,logreg,freshness,4-6 months,5,0,0.0,,,,0.28485665822107537,0.5187940915976569,0.0035410764872521247,0.0,0.0
y_any,1,test,logreg,freshness,current (3 months),1365,150,0.10989010989010989,0.10944590265532522,0.10944590265532522,0.5297668038408779,0.2262029038130552,0.3209219593164669,0.96671388101983,1.0,1.0344322344322345
y_any,1,test,logreg,freshness,over 6 months,1,1,1.0,,,,0.4178912162850928,0.6464450605311273,0.000708215297450425,0.0,0.0
y_any,1,test,logreg,freshness,unknown,41,1,0.024390243902439025,0.08333333333333333,0.08333333333333333,0.725,0.07224543384298533,0.19569135982419217,0.02903682719546742,0.0,0.0
y_any,1,test,logreg,progress_reported,yes,1412,152,0.10764872521246459,0.10889592160803313,0.10889592160803313,0.537562656641604,0.2220759213879414,0.3173012362728232,1.0,1.0,1.0
y_any,1,test,logreg,pre_event,no revision yet,411,35,0.0851581508515815,0.18712849574457918,0.18712849574457918,0.6979483282674772,0.11881275905276893,0.19286198446870695,0.29107648725212465,0.04,0.13742092457420924
y_any,1,test,logreg,pre_event,revised before,1001,117,0.11688311688311688,0.1018737368345704,0.1018737368345704,0.46514483505433735,0.2644746823467385,0.36839467532526254,0.7089235127478754,0.96,1.354165834165834
y_any,1,test,logreg,on_schedule,behind or over,1146,126,0.1099476439790576,0.10287946849548969,0.10287946849548969,0.5048552754435108,0.24929392738719747,0.3589820054679922,0.8116147308781869,0.98,1.2074694589877837
y_any,1,test,logreg,on_schedule,on schedule and cost,266,26,0.09774436090225563,0.22033710332318607,0.22033710332318607,0.6913461538461538,0.1048133842633268,0.13947997606059448,0.18838526912181303,0.02,0.10616541353383459
y_any,1,test,logreg,report,flash,1412,152,0.10764872521246459,0.10889592160803313,0.10889592160803313,0.537562656641604,0.2220759213879414,0.3173012362728232,1.0,1.0,1.0
y_any,1,test,lightgbm,sector,Civil Aviation,23,3,0.13043478260869565,0.21296296296296297,0.21296296296296297,0.5833333333333333,0.19659146974065198,0.27644410887051446,0.016288951841359773,0.0,0.0
y_any,1,test,lightgbm,sector,Coal,35,0,0.0,,,,0.041857615668894836,0.15915566691085412,0.024787535410764873,0.0,0.0
y_any,1,test,lightgbm,sector,Education,21,4,0.19047619047619047,0.38903186274509804,0.38903186274509804,0.42647058823529416,0.1738440977353266,0.2502670953872337,0.014872521246458924,0.0,0.0
y_any,1,test,lightgbm,sector,Health,12,2,0.16666666666666666,0.45,0.45,0.7999999999999999,0.1268243643216417,0.12718710761609583,0.0084985835694051,0.0,0.0
y_any,1,test,lightgbm,sector,Industry & Commerce,2,0,0.0,,,,0.015569493823245724,0.1121758164820916,0.00141643059490085,0.0,0.0
y_any,1,test,lightgbm,sector,Mines & Metals,5,0,0.0,,,,0.10112532438005825,0.30112834495816304,0.0035410764872521247,0.0,0.0
y_any,1,test,lightgbm,sector,Petroleum & Natural Gas,53,16,0.3018867924528302,0.5992894076611821,0.5992894076611821,0.6891891891891893,0.18525357163925152,0.12482160339813257,0.037535410764872525,0.0,0.0
y_any,1,test,lightgbm,sector,Power,63,15,0.23809523809523808,0.43542260719255627,0.43542260719255627,0.7291666666666666,0.1649112645115715,0.08094702443172737,0.04461756373937677,0.0,0.0
y_any,1,test,lightgbm,sector,Railways,138,47,0.34057971014492755,0.4783714466098669,0.4783714466098669,0.646948795884966,0.2265183949594865,0.13079149683747995,0.09773371104815864,0.0,0.0
y_any,1,test,lightgbm,sector,Roads & Highways,965,58,0.06010362694300518,0.25665205870077545,0.25665205870077545,0.8077975896285595,0.13564851899023764,0.2555679472421966,0.68342776203966,1.0,1.4632124352331606
y_any,1,test,lightgbm,sector,Shipping & Ports,5,1,0.2,0.3333333333333333,0.3333333333333333,0.5,0.1650576556231034,0.2921541993126641,0.0035410764872521247,0.0,0.0
y_any,1,test,lightgbm,sector,Steel,13,3,0.23076923076923078,0.6805555555555556,0.6805555555555556,0.8,0.14228699234060427,0.06612385119398503,0.009206798866855524,0.0,0.0
y_any,1,test,lightgbm,sector,Telecommunications,11,1,0.09090909090909091,0.5,0.5,0.9,0.1269971364731499,0.31830595851175186,0.007790368271954674,0.0,0.0
y_any,1,test,lightgbm,sector,Urban Development & Housing,31,0,0.0,,,,0.13654687224427048,0.3496590729428464,0.021954674220963172,0.0,0.0
y_any,1,test,lightgbm,sector,Water Resources,35,2,0.05714285714285714,0.11309523809523808,0.11309523809523808,0.5757575757575758,0.12984408463296268,0.23198485809180508,0.024787535410764873,0.0,0.0
y_any,1,test,lightgbm,cost_band,1000-5000 cr,514,58,0.11284046692607004,0.15510260181904234,0.15510260181904234,0.5590970961887478,0.17414296326433176,0.203932138789603,0.3640226628895184,0.46,1.2636575875486382
y_any,1,test,lightgbm,cost_band,500-1000 cr,329,38,0.11550151975683891,0.2694557486053802,0.2694557486053802,0.7015735214324471,0.14315126676455078,0.1741780875024074,0.2330028328611898,0.3,1.2875379939209726
y_any,1,test,lightgbm,cost_band,over 5000 cr,75,11,0.14666666666666667,0.44371684848224435,0.44371684848224435,0.7315340909090909,0.12174157931824792,0.1116322238219859,0.05311614730878187,0.0,0.0
y_any,1,test,lightgbm,cost_band,under 500 cr,494,45,0.09109311740890688,0.2744869015059353,0.2744869015059353,0.7612472160356347,0.12383973284735676,0.20126872017939837,0.34985835694050993,0.24,0.685991902834008
y_any,1,test,lightgbm,age,due to 1.5x,526,76,0.1444866920152091,0.25275885498325834,0.25275885498325834,0.6420760233918129,0.16556479140261274,0.18385421469052654,0.37252124645892354,0.34,0.9126996197718631
y_any,1,test,lightgbm,age,half to due,416,32,0.07692307692307693,0.23791291514588447,0.23791291514588447,0.7612304687499999,0.08387198854088392,0.12323664047309668,0.29461756373937675,0.14,0.47519230769230775
y_any,1,test,lightgbm,age,over 1.5x schedule,395,41,0.10379746835443038,0.18778043288161855,0.18778043288161855,0.5657985393413256,0.20646785990616132,0.29979651362341897,0.2797450424929179,0.52,1.8588354430379745
y_any,1,test,lightgbm,age,under half of schedule,73,3,0.0410958904109589,0.05675954592363261,0.05675954592363261,0.5142857142857142,0.04321586014605411,0.02222281778393677,0.051699716713881017,0.0,0.0
y_any,1,test,lightgbm,age,unknown,2,0,0.0,,,,0.11315319724444176,0.29564950526256484,0.00141643059490085,0.0,0.0
y_any,1,test,lightgbm,freshness,4-6 months,5,0,0.0,,,,0.16014136260886394,0.3648984565276999,0.0035410764872521247,0.0,0.0
y_any,1,test,lightgbm,freshness,current (3 months),1365,150,0.10989010989010989,0.20581855900765955,0.20581855900765955,0.6581289437585733,0.14961947016575128,0.19390266273076043,0.96671388101983,1.0,1.0344322344322345
y_any,1,test,lightgbm,freshness,over 6 months,1,1,1.0,,,,0.572860315983573,0.7568753635728759,0.000708215297450425,0.0,0.0
y_any,1,test,lightgbm,freshness,unknown,41,1,0.024390243902439025,0.3333333333333333,0.3333333333333333,0.95,0.03194030374605331,0.08249545697700868,0.02903682719546742,0.0,0.0
y_any,1,test,lightgbm,progress_reported,yes,1412,152,0.10764872521246459,0.20440610256505054,0.20440610256505054,0.6644789055973267,0.1465394450133616,0.19023154883429752,1.0,1.0,1.0
y_any,1,test,lightgbm,pre_event,no revision yet,411,35,0.0851581508515815,0.30582624512638323,0.30582624512638323,0.7749240121580547,0.09945380233498527,0.13475521931174095,0.29107648725212465,0.28,0.9619464720194648
y_any,1,test,lightgbm,pre_event,revised before,1001,117,0.11688311688311688,0.18228169951440892,0.18228169951440892,0.6145724562014154,0.16587231128789975,0.21348539577219058,0.7089235127478754,0.72,1.0156243756243757
y_any,1,test,lightgbm,on_schedule,behind or over,1146,126,0.1099476439790576,0.20041951237313965,0.20041951237313965,0.6369592281356987,0.1614602659419473,0.21925287613623157,0.8116147308781869,0.9,1.1089005235602096
y_any,1,test,lightgbm,on_schedule,on schedule and cost,266,26,0.09774436090225563,0.31959014792148993,0.31959014792148993,0.7809294871794872,0.08225650973456754,0.0681380034386734,0.18838526912181303,0.1,0.530827067669173
y_any,1,test,lightgbm,report,flash,1412,152,0.10764872521246459,0.20440610256505054,0.20440610256505054,0.6644789055973267,0.1465394450133616,0.19023154883429752,1.0,1.0,1.0
y_any,1,flash,naive,sector,Civil Aviation,85,23,0.27058823529411763,0.29111934737458656,0.32134230503795724,0.47720897615708274,0.19916463428875777,0.05935948842606076,0.01984126984126984,0.045,2.2680000000000002
y_any,1,flash,naive,sector,Coal,137,18,0.13138686131386862,0.10533076706706745,0.17679107679107678,0.24042950513538747,0.12486004002001415,0.07660665169287426,0.03197945845004668,0.11,3.4397080291970807
y_any,1,flash,naive,sector,Education,82,14,0.17073170731707318,0.22600504456769804,0.22624269005847952,0.44275210084033617,0.14233918954979,0.03125815529885845,0.019140989729225025,0.01,0.5224390243902439
y_any,1,flash,naive,sector,Health,44,11,0.25,0.30029964718959934,0.31746031746031744,0.5895316804407713,0.18820845096509392,0.04322805882915491,0.01027077497665733,0.0,0.0
y_any,1,flash,naive,sector,Industry & Commerce,3,0,0.0,,,,0.03814765667428764,0.19531018773762,0.0007002801120448179,0.0,0.0
y_any,1,flash,naive,sector,Mines & Metals,20,3,0.15,0.16993464052287582,0.30000000000000004,0.4117647058823529,0.13553729183251803,0.06795333687879768,0.004668534080298786,0.01,2.142
y_any,1,flash,naive,sector,Petroleum & Natural Gas,366,100,0.273224043715847,0.27783985821077967,0.30179064269671757,0.516296992481203,0.20288509943556346,0.06643665691416119,0.08543417366946779,0.115,1.3460655737704919
y_any,1,flash,naive,sector,Power,226,68,0.3008849557522124,0.32079562214047264,0.3499096856800358,0.5278294862248697,0.2160826950922864,0.08874670672796554,0.052754435107376284,0.035,0.6634513274336283
y_any,1,flash,naive,sector,Railways,649,109,0.1679506933744222,0.21245727784233434,0.1966252887021735,0.5837920489296636,0.14084211246372094,0.03610840009102676,0.1514939309056956,0.31,2.0462865947611713
y_any,1,flash,naive,sector,Roads & Highways,2289,793,0.34643949322848405,0.31044288719457724,0.451654657306846,0.35794527314536956,0.2448637305613845,0.1250396461033531,0.5343137254901961,0.35,0.655045871559633
y_any,1,flash,naive,sector,Shipping & Ports,25,2,0.08,0.12333333333333332,0.18333333333333335,0.48913043478260865,0.08689709111265725,0.11417485294545672,0.005835667600373483,0.0,0.0
y_any,1,flash,naive,sector,Steel,30,6,0.2,0.1791479503912761,0.19887820512820514,0.38194444444444453,0.16520773870911268,0.10311948089015707,0.0070028011204481795,0.01,1.428
y_any,1,flash,naive,sector,Telecommunications,50,16,0.32,0.2641697131142103,0.3143176268176268,0.3180147058823529,0.2386411147311061,0.19759555157569028,0.011671335200746966,0.0,0.0
y_any,1,flash,naive,sector,Urban Development & Housing,121,32,0.2644628099173554,0.22210795267397293,0.3349735449735449,0.31882022471910115,0.20193294351594554,0.089298904866589,0.028244631185807657,0.005,0.17702479338842975
y_any,1,flash,naive,sector,Water Resources,157,18,0.11464968152866242,0.0907594309096179,0.11309523809523808,0.3475219824140688,0.11027302518741879,0.08493040527908695,0.03664799253034547,0.0,0.0
y_any,1,flash,naive,cost_band,1000-5000 cr,1539,477,0.30994152046783624,0.3021242066907558,0.35402223164647006,0.4684133019065329,0.2233649114896889,0.09279345531155364,0.3592436974789916,0.44,1.224795321637427
y_any,1,flash,naive,cost_band,500-1000 cr,932,250,0.26824034334763946,0.267028826530885,0.3016549946007669,0.4729032258064516,0.19939848169169064,0.05481171005021586,0.21755368814192344,0.16,0.735450643776824
y_any,1,flash,naive,cost_band,over 5000 cr,343,68,0.19825072886297376,0.20440980700436956,0.21782055684982427,0.49254010695187167,0.15844493968315604,0.01632914818695256,0.08006535947712418,0.205,2.5604081632653064
y_any,1,flash,naive,cost_band,under 500 cr,1470,418,0.28435374149659864,0.2643704190149283,0.3076857453632134,0.4261147597649499,0.20997694393376418,0.0707435000162388,0.3431372549019608,0.195,0.5682857142857143
y_any,1,flash,naive,age,due to 1.5x,1557,523,0.33590237636480413,0.31875877485461884,0.3682687178191633,0.4547257490079181,0.23780408444309878,0.11584078943901709,0.3634453781512605,0.23,0.6328323699421966
y_any,1,flash,naive,age,half to due,1266,235,0.18562401263823064,0.17695155947897745,0.1928487589473964,0.4531357698578121,0.15260531531220037,0.020488332738516114,0.29551820728291317,0.195,0.6598578199052133
y_any,1,flash,naive,age,over 1.5x schedule,1181,427,0.3615580016934801,0.3165126949649258,0.3868826826972076,0.3838777107573038,0.25508492949069544,0.1426642855903675,0.27567693744164334,0.575,2.0857747671464857
y_any,1,flash,naive,age,under half of schedule,257,18,0.07003891050583658,0.14195177419231705,0.13998809032458054,0.5811250581125058,0.0811846538073805,0.13010754079196846,0.059990662931839404,0.0,0.0
y_any,1,flash,naive,age,unknown,23,10,0.43478260869565216,0.37555994729907766,0.41111111111111115,0.3076923076923077,0.30572431274279094,0.2434527413217337,0.005368814192343604,0.0,0.0
y_any,1,flash,naive,freshness,4-6 months,761,314,0.4126149802890933,0.46660061249705254,0.47094451145657595,0.5843200957551404,0.2801614359275121,0.2031939618847296,0.17763772175536882,0.25,1.407358738501971
y_any,1,flash,naive,freshness,current (3 months),2753,606,0.22012350163458047,0.22521500434738162,0.2684601407291729,0.4771171225180273,0.17185379474393753,0.00319886237656401,0.642623716153128,0.71,1.1048456229567742
y_any,1,flash,naive,freshness,over 6 months,99,45,0.45454545454545453,0.5440681323034264,0.5435836812359773,0.6458847736625515,0.2916371162686114,0.22438195828480376,0.023109243697478993,0.04,1.730909090909091
y_any,1,flash,naive,freshness,unknown,671,248,0.36959761549925485,0.3701982221329154,0.30448343839374525,0.4788187295050713,0.26441472642586206,0.1769681619629777,0.15662931839402428,0.0,0.0
y_any,1,flash,naive,progress_reported,no,1,1,1.0,,,,0.6503963116224987,0.8064715194118752,0.00023342670401493932,0.0,0.0
y_any,1,flash,naive,progress_reported,yes,4283,1212,0.2829792201727761,0.2744333240806014,0.3164960267210414,0.46386966114390665,0.2082559676165352,0.06870597822537107,0.9997665732959851,1.0,1.000233481204763
y_any,1,flash,naive,pre_event,no revision yet,1439,358,0.24878387769284224,0.22596812668260277,0.24334220369642953,0.3977630375350777,0.19025672577520392,0.05536534325840256,0.33590102707749764,0.0,0.0
y_any,1,flash,naive,pre_event,revised before,2845,855,0.30052724077328646,0.28370091236991707,0.33726012580544695,0.4400793440888654,0.21751538742450768,0.0757129867521388,0.6640989729225023,1.0,1.5057996485061511
y_any,1,flash,naive,on_schedule,behind or over,3455,1096,0.31722141823444283,0.2915882532675217,0.3432393724612524,0.42946952655306747,0.22845199381387557,0.09850163754478669,0.8064892623716153,0.97,1.2027438494934877
y_any,1,flash,naive,on_schedule,on schedule and cost,829,117,0.1411338962605549,0.13329573366816042,0.145941224252366,0.4548160952655335,0.12461889865657741,0.0545826073082772,0.1935107376283847,0.03,0.15503015681544027
y_any,1,flash,naive,report,flash,4284,1213,0.2831465919701214,0.2745229091464617,0.3165247791289407,0.46373368074020643,0.2083591749797485,0.06887819240398606,1.0,1.0,1.0
y_any,1,flash,rule,sector,Civil Aviation,85,23,0.27058823529411763,0.251576463822247,0.3751547429179008,0.4123422159887798,0.20533261128670666,0.08190885297059727,0.01984126984126984,0.0,0.0
y_any,1,flash,rule,sector,Coal,137,18,0.13138686131386862,0.14898149241840175,0.24905907391193186,0.39542483660130723,0.12009097265899883,0.06759826718466422,0.03197945845004668,0.0,0.0
y_any,1,flash,rule,sector,Education,82,14,0.17073170731707318,0.15913101652083544,0.20123078836797875,0.40126050420168063,0.1432138308957718,0.01897614323812063,0.019140989729225025,0.0,0.0
y_any,1,flash,rule,sector,Health,44,11,0.25,0.2850151418843164,0.26288156288156284,0.4986225895316804,0.1913405597887673,0.055541244475514964,0.01027077497665733,0.015,1.4604545454545454
y_any,1,flash,rule,sector,Industry & Commerce,3,0,0.0,,,,0.043183960025841524,0.20775773780947718,0.0007002801120448179,0.0,0.0
y_any,1,flash,rule,sector,Mines & Metals,20,3,0.15,0.30277777777777776,0.7916666666666666,0.7450980392156862,0.1284840700061965,0.09584508038439969,0.004668534080298786,0.005,1.071
y_any,1,flash,rule,sector,Petroleum & Natural Gas,366,100,0.273224043715847,0.33369706747170286,0.35170948978459204,0.5498872180451128,0.20427506569506065,0.08240735482483269,0.08543417366946779,0.06,0.702295081967213
y_any,1,flash,rule,sector,Power,226,68,0.3008849557522124,0.2527368555290115,0.3352645774425345,0.36839166046165306,0.22339249859758276,0.10506614584400521,0.052754435107376284,0.155,2.938141592920354
y_any,1,flash,rule,sector,Railways,649,109,0.1679506933744222,0.1925026527599774,0.19836333353183982,0.5532449881073734,0.14013812702944584,0.02957869138898142,0.1514939309056956,0.17,1.1221571648690294
y_any,1,flash,rule,sector,Roads & Highways,2289,793,0.34643949322848405,0.2794762035842171,0.45272856640467213,0.34115017094766376,0.2528372305723947,0.15278832113396265,0.5343137254901961,0.125,0.23394495412844038
y_any,1,flash,rule,sector,Shipping & Ports,25,2,0.08,0.26785714285714285,0.6666666666666666,0.8260869565217391,0.08501479006675011,0.11631232855591694,0.005835667600373483,0.0,0.0
y_any,1,flash,rule,sector,Steel,30,6,0.2,0.2391975308641975,0.35486111111111107,0.4930555555555556,0.1617441102141053,0.00432494449373573,0.0070028011204481795,0.015,2.142
y_any,1,flash,rule,sector,Telecommunications,50,16,0.32,0.26054691277266956,0.5269357956857956,0.3400735294117647,0.23861643439627606,0.1521655507924993,0.011671335200746966,0.005,0.4284
y_any,1,flash,rule,sector,Urban Development & Housing,121,32,0.2644628099173554,0.18631229816957107,0.3353034530560575,0.23806179775280903,0.20328876140389845,0.1812969438460704,0.028244631185807657,0.0,0.0
y_any,1,flash,rule,sector,Water Resources,157,18,0.11464968152866242,0.09432110113587122,0.12568277882116044,0.35411670663469225,0.11875489425454348,0.11595014259812227,0.03664799253034547,0.45,12.278980891719746
y_any,1,flash,rule,cost_band,1000-5000 cr,1539,477,0.30994152046783624,0.2477375256322771,0.29108681236658185,0.37571608491553055,0.22974087507665392,0.11061520835614082,0.3592436974789916,0.555,1.5449122807017546
y_any,1,flash,rule,cost_band,500-1000 cr,932,250,0.26824034334763946,0.22874403746276492,0.28177845216567654,0.39366862170087974,0.20386730753294954,0.08820101277693668,0.21755368814192344,0.1,0.45965665236051506
y_any,1,flash,rule,cost_band,over 5000 cr,343,68,0.19825072886297376,0.19228568980848487,0.22238905526451985,0.453422459893048,0.16070751948727005,0.03444072613780297,0.08006535947712418,0.33,4.121632653061225
y_any,1,flash,rule,cost_band,under 500 cr,1470,418,0.28435374149659864,0.23151467797595182,0.2832089670676843,0.38393376935252055,0.21439842718755708,0.09880397900538623,0.3431372549019608,0.015,0.04371428571428571
y_any,1,flash,rule,age,due to 1.5x,1557,523,0.33590237636480413,0.2558649462658853,0.2976595146741112,0.3429441068674623,0.24735569819855246,0.15131041667451198,0.3634453781512605,0.345,0.9492485549132947
y_any,1,flash,rule,age,half to due,1266,235,0.18562401263823064,0.15125127599515645,0.19808978959870624,0.39230039003652717,0.15249640440203918,0.037760022868732,0.29551820728291317,0.095,0.3214691943127962
y_any,1,flash,rule,age,over 1.5x schedule,1181,427,0.3615580016934801,0.2786824697343193,0.33905749475689456,0.33147957186962274,0.2608422609226348,0.15677855645531077,0.27567693744164334,0.545,1.9769517358171043
y_any,1,flash,rule,age,under half of schedule,257,18,0.07003891050583658,0.0888592478591679,0.24620555057211915,0.46443514644351463,0.08002172833228313,0.12196819443014417,0.059990662931839404,0.01,0.16669260700389105
y_any,1,flash,rule,age,unknown,23,10,0.43478260869565216,0.45990627729758166,0.6365182436611008,0.4615384615384615,0.30653652671154874,0.2409251589058849,0.005368814192343604,0.005,0.931304347826087
y_any,1,flash,rule,freshness,4-6 months,761,314,0.4126149802890933,0.33631434844898356,0.3399281817918768,0.38560680545462317,0.2963944731069517,0.22155886120488952,0.17763772175536882,0.24,1.351064388961892
y_any,1,flash,rule,freshness,current (3 months),2753,606,0.22012350163458047,0.18448874725833503,0.24364903660220785,0.3896633724853622,0.17406909726943715,0.06268526126996396,0.642623716153128,0.59,0.9181111514711223
y_any,1,flash,rule,freshness,over 6 months,99,45,0.45454545454545453,0.515992401256342,0.5242215255041671,0.5378600823045268,0.3164857497650184,0.26362613299276183,0.023109243697478993,0.01,0.43272727272727274
y_any,1,flash,rule,freshness,unknown,671,248,0.36959761549925485,0.3595947055565773,0.45541413294378347,0.4914016624723557,0.264923094589619,0.17598914986824388,0.15662931839402428,0.16,1.0215201192250374
y_any,1,flash,rule,progress_reported,no,1,1,1.0,,,,0.6453109369543589,0.8033124777783294,0.00023342670401493932,0.0,0.0
y_any,1,flash,rule,progress_reported,yes,4283,1212,0.2829792201727761,0.2311723366866561,0.27350153783903947,0.3876643851294931,0.21321937744024455,0.09534297245914797,0.9997665732959851,1.0,1.000233481204763
y_any,1,flash,rule,pre_event,no revision yet,1439,358,0.24878387769284224,0.2235434875454707,0.25005882153564946,0.4520242998671828,0.19151567540506,0.054832706674453495,0.33590102707749764,0.425,1.2652536483669214
y_any,1,flash,rule,pre_event,revised before,2845,855,0.30052724077328646,0.2391283078989691,0.2943194697752565,0.3568341708542714,0.2243489798262357,0.11608189758023575,0.6640989729225023,0.575,0.8658347978910369
y_any,1,flash,rule,on_schedule,behind or over,3455,1096,0.31722141823444283,0.24764516761448832,0.2910254952897777,0.3554112530671477,0.2346779220180402,0.12239501806514397,0.8064892623716153,1.0,1.2399421128798842
y_any,1,flash,rule,on_schedule,on schedule and cost,829,117,0.1411338962605549,0.11103957703005025,0.11772858022143398,0.39843224815134937,0.12430842453702413,0.04582475783587269,0.1935107376283847,0.0,0.0
y_any,1,flash,rule,report,flash,4284,1213,0.2831465919701214,0.23133365491350244,0.27363979141830935,0.38780437585550864,0.21332023914881465,0.09550823144731775,1.0,1.0,1.0
y_any,1,flash,logreg,sector,Civil Aviation,85,23,0.27058823529411763,0.23427075357339944,0.39037503958459846,0.4375876577840112,0.23025698332339134,0.1322158528230108,0.01984126984126984,0.015,0.756
y_any,1,flash,logreg,sector,Coal,137,18,0.13138686131386862,0.26013401566991734,0.4998298025781048,0.6596638655462185,0.12774252254034998,0.1363742617461054,0.03197945845004668,0.005,0.15635036496350366
y_any,1,flash,logreg,sector,Education,82,14,0.17073170731707318,0.19495843434315824,0.4249503968253968,0.4485294117647059,0.22623721692446644,0.26506879451574966,0.019140989729225025,0.035,1.8285365853658537
y_any,1,flash,logreg,sector,Health,44,11,0.25,0.37122855331786486,0.6051587301587301,0.5895316804407713,0.18620383647868796,0.05468064118888021,0.01027077497665733,0.0,0.0
y_any,1,flash,logreg,sector,Industry & Commerce,3,0,0.0,,,,0.03570504809888141,0.1876743014669626,0.0007002801120448179,0.0,0.0
y_any,1,flash,logreg,sector,Mines & Metals,20,3,0.15,0.4666666666666667,0.725,0.8627450980392156,0.17113282732728016,0.2576689649491512,0.004668534080298786,0.005,1.071
y_any,1,flash,logreg,sector,Petroleum & Natural Gas,366,100,0.273224043715847,0.34962680902839605,0.47915893348411664,0.6365413533834587,0.19993898956781403,0.10990920192618579,0.08543417366946779,0.085,0.9949180327868853
y_any,1,flash,logreg,sector,Power,226,68,0.3008849557522124,0.31957989601814746,0.4429587238486291,0.4940431868950112,0.23441053809466975,0.15828582205374025,0.052754435107376284,0.005,0.09477876106194691
y_any,1,flash,logreg,sector,Railways,649,109,0.1679506933744222,0.2240528594364178,0.26771747843355315,0.6281005776418621,0.15283348364440533,0.10064675220080557,0.1514939309056956,0.01,0.06600924499229585
y_any,1,flash,logreg,sector,Roads & Highways,2289,793,0.34643949322848405,0.4209554970007859,0.5002733430145095,0.6135116089310882,0.23626257203078288,0.11099727275077609,0.5343137254901961,0.695,1.3007339449541284
y_any,1,flash,logreg,sector,Shipping & Ports,25,2,0.08,0.09545454545454546,0.41666666666666663,0.3913043478260869,0.10779421975428655,0.13960801191429248,0.005835667600373483,0.0,0.0
y_any,1,flash,logreg,sector,Steel,30,6,0.2,0.4202020202020202,0.5083333333333333,0.7291666666666667,0.150142878515762,0.12337787610823261,0.0070028011204481795,0.0,0.0
y_any,1,flash,logreg,sector,Telecommunications,50,16,0.32,0.4241132508721259,0.45505929255929256,0.5165441176470589,0.3106603655079916,0.3575524308080712,0.011671335200746966,0.115,9.853200000000001
y_any,1,flash,logreg,sector,Urban Development & Housing,121,32,0.2644628099173554,0.23190223303790708,0.5199347617869098,0.3690308988764045,0.2427839737735649,0.22832077529438805,0.028244631185807657,0.02,0.708099173553719
y_any,1,flash,logreg,sector,Water Resources,157,18,0.11464968152866242,0.19935977074579492,0.3626589613117974,0.5459632294164668,0.14614700770405603,0.18209752298993795,0.03664799253034547,0.01,0.2728662420382166
y_any,1,flash,logreg,cost_band,1000-5000 cr,1539,477,0.30994152046783624,0.4011708382039065,0.5135539013327053,0.635881430945923,0.22194561429948187,0.09946840972380168,0.3592436974789916,0.35,0.9742690058479532
y_any,1,flash,logreg,cost_band,500-1000 cr,932,250,0.26824034334763946,0.3908183376800137,0.4648447060226901,0.6704105571847507,0.2003923720903839,0.10815646368050337,0.21755368814192344,0.205,0.9422961373390557
y_any,1,flash,logreg,cost_band,over 5000 cr,343,68,0.19825072886297376,0.24616736135108847,0.3270156721232328,0.5570053475935829,0.1941938748531293,0.14282044308758463,0.08006535947712418,0.09,1.1240816326530614
y_any,1,flash,logreg,cost_band,under 500 cr,1470,418,0.28435374149659864,0.3746787022687238,0.433912107652587,0.6158308621536558,0.21333386557838602,0.08892885267637413,0.3431372549019608,0.355,1.0345714285714285
y_any,1,flash,logreg,age,due to 1.5x,1557,523,0.33590237636480413,0.39334537190758545,0.45215558165588204,0.5636023388352422,0.24040981256895616,0.12448467163287386,0.3634453781512605,0.16,0.44023121387283237
y_any,1,flash,logreg,age,half to due,1266,235,0.18562401263823064,0.271599027639464,0.27987382184372006,0.629374496976701,0.15189715958069627,0.06401046509322375,0.29551820728291317,0.015,0.05075829383886256
y_any,1,flash,logreg,age,over 1.5x schedule,1181,427,0.3615580016934801,0.40861442284578486,0.5005987297091393,0.5394088669950738,0.26844566460372415,0.169812986459827,0.27567693744164334,0.82,2.974496189669771
y_any,1,flash,logreg,age,under half of schedule,257,18,0.07003891050583658,0.11644593593509882,0.22743090049087542,0.6113435611343562,0.07216834954972225,0.06690964713371352,0.059990662931839404,0.0,0.0
y_any,1,flash,logreg,age,unknown,23,10,0.43478260869565216,0.43475543247602066,0.6437950937950937,0.4538461538461539,0.2759910756386122,0.15624700028344793,0.005368814192343604,0.005,0.931304347826087
y_any,1,flash,logreg,freshness,4-6 months,761,314,0.4126149802890933,0.68733326556879,0.6974800949795328,0.7776827825987831,0.19490443512885183,0.07674640643295906,0.17763772175536882,0.25,1.407358738501971
y_any,1,flash,logreg,freshness,current (3 months),2753,606,0.22012350163458047,0.29995657666920694,0.35874511272188175,0.6135931478569374,0.21775181902725713,0.19341474834602912,0.642623716153128,0.655,1.0192589901925173
y_any,1,flash,logreg,freshness,over 6 months,99,45,0.45454545454545453,0.5718072344462062,0.5707817044841936,0.6736625514403292,0.2227142374326651,0.16663544259837146,0.023109243697478993,0.02,0.8654545454545455
y_any,1,flash,logreg,freshness,unknown,671,248,0.36959761549925485,0.5998341147463304,0.48168890040317536,0.7551952261114924,0.20671763077356503,0.10482075033409899,0.15662931839402428,0.075,0.4788375558867362
y_any,1,flash,logreg,progress_reported,no,1,1,1.0,,,,0.14783110122125784,0.3844881028344802,0.00023342670401493932,0.0,0.0
y_any,1,flash,logreg,progress_reported,yes,4283,1212,0.2829792201727761,0.3794356291743018,0.4427453408958962,0.6366488162981065,0.2120946629859374,0.09952704398967893,0.9997665732959851,1.0,1.000233481204763
y_any,1,flash,logreg,pre_event,no revision yet,1439,358,0.24878387769284224,0.40350495570632583,0.4327978730140871,0.7028150016279154,0.17148300946814984,0.025883508521562345,0.33590102707749764,0.095,0.282821403752606
y_any,1,flash,logreg,pre_event,revised before,2845,855,0.30052724077328646,0.3796809744687861,0.4541839528381443,0.6093379176584678,0.23261343481382196,0.14050264357013265,0.6640989729225023,0.905,1.362748681898067
y_any,1,flash,logreg,on_schedule,behind or over,3455,1096,0.31722141823444283,0.3840030527547539,0.448838991521361,0.592898605434073,0.23414050603220637,0.1141804599092888,0.8064892623716153,0.98,1.2151432706222864
y_any,1,flash,logreg,on_schedule,on schedule and cost,829,117,0.1411338962605549,0.26643620619754754,0.34589094993269537,0.6902429655238644,0.12013730317095071,0.06569872231491844,0.1935107376283847,0.02,0.10335343787696019
y_any,1,flash,logreg,report,flash,4284,1213,0.2831465919701214,0.37978266158569884,0.44291289975264087,0.6368600446213455,0.21207966215452642,0.09941406192926246,1.0,1.0,1.0
y_any,1,flash,lightgbm,sector,Civil Aviation,85,23,0.27058823529411763,0.3660627702742127,0.4797077112702113,0.6605890603085554,0.19059955418141097,0.10133865642478834,0.01984126984126984,0.02,1.008
y_any,1,flash,lightgbm,sector,Coal,137,18,0.13138686131386862,0.5751534464778878,0.6794047302599934,0.8790849673202614,0.09176047286545941,0.0948881450201161,0.03197945845004668,0.025,0.7817518248175184
y_any,1,flash,lightgbm,sector,Education,82,14,0.17073170731707318,0.29621693106405117,0.37769778050108926,0.5934873949579833,0.1709938651034713,0.16638652566331094,0.019140989729225025,0.03,1.5673170731707315
y_any,1,flash,lightgbm,sector,Health,44,11,0.25,0.649766453376079,0.5666666666666667,0.8016528925619835,0.14876147808246015,0.08592334796683768,0.01027077497665733,0.005,0.4868181818181818
y_any,1,flash,lightgbm,sector,Industry & Commerce,3,0,0.0,,,,0.012383564306763203,0.10062894009698621,0.0007002801120448179,0.0,0.0
y_any,1,flash,lightgbm,sector,Mines & Metals,20,3,0.15,0.45833333333333326,0.6666666666666666,0.8431372549019607,0.14322933870827254,0.2368546424739621,0.004668534080298786,0.005,1.071
y_any,1,flash,lightgbm,sector,Petroleum & Natural Gas,366,100,0.273224043715847,0.5815990007866123,0.6411319741174322,0.8126315789473684,0.1526389132060716,0.05910800134236564,0.08543417366946779,0.05,0.5852459016393443
y_any,1,flash,lightgbm,sector,Power,226,68,0.3008849557522124,0.3985722821264349,0.4237436671758552,0.606198808637379,0.2114538500063039,0.0729835761180549,0.052754435107376284,0.04,0.7582300884955753
y_any,1,flash,lightgbm,sector,Railways,649,109,0.1679506933744222,0.26658469208036933,0.30535989774457895,0.6632517838939858,0.13614787363833547,0.037147272235057816,0.1514939309056956,0.02,0.1320184899845917
y_any,1,flash,lightgbm,sector,Roads & Highways,2289,793,0.34643949322848405,0.6131498506847641,0.6019700642941719,0.7622411339865535,0.1862884340913903,0.042768522129086314,0.5343137254901961,0.75,1.4036697247706422
y_any,1,flash,lightgbm,sector,Shipping & Ports,25,2,0.08,0.1625,0.41666666666666663,0.6739130434782609,0.09608563720802929,0.12700913255890994,0.005835667600373483,0.005,0.8568
y_any,1,flash,lightgbm,sector,Steel,30,6,0.2,0.7139822595704949,0.9201388888888888,0.888888888888889,0.11858424386085757,0.13056941298157537,0.0070028011204481795,0.01,1.428
y_any,1,flash,lightgbm,sector,Telecommunications,50,16,0.32,0.5656934717722256,0.6246527777777777,0.7996323529411764,0.17900684223419863,0.1760528515686166,0.011671335200746966,0.03,2.5704
y_any,1,flash,lightgbm,sector,Urban Development & Housing,121,32,0.2644628099173554,0.3322058584763993,0.5622254932857836,0.601123595505618,0.19546846318457073,0.07575710419881379,0.028244631185807657,0.005,0.17702479338842975
y_any,1,flash,lightgbm,sector,Water Resources,157,18,0.11464968152866242,0.1717367612868349,0.25143064016184313,0.6662669864108712,0.14480395639819477,0.16738775652006713,0.03664799253034547,0.005,0.1364331210191083
y_any,1,flash,lightgbm,cost_band,1000-5000 cr,1539,477,0.30994152046783624,0.6140305766468097,0.574031769678666,0.7570285881233543,0.17724798282223148,0.049994756553172204,0.3592436974789916,0.495,1.3778947368421053
y_any,1,flash,lightgbm,cost_band,500-1000 cr,932,250,0.26824034334763946,0.5218281826238004,0.531975256044541,0.7592785923753667,0.1676990179039289,0.03706781342327876,0.21755368814192344,0.2,0.9193133047210301
y_any,1,flash,lightgbm,cost_band,over 5000 cr,343,68,0.19825072886297376,0.46077027904726997,0.5016205673898506,0.73572192513369,0.14091039968276609,0.058057845929992136,0.08006535947712418,0.07,0.8742857142857144
y_any,1,flash,lightgbm,cost_band,under 500 cr,1470,418,0.28435374149659864,0.5114539941628157,0.5407495168449874,0.7507368057197954,0.17316531463063042,0.03243943580520816,0.3431372549019608,0.235,0.6848571428571428
y_any,1,flash,lightgbm,age,due to 1.5x,1557,523,0.33590237636480413,0.6362783780637897,0.5937132532631226,0.7590581787115694,0.1811578141180373,0.03986975581824054,0.3634453781512605,0.49,1.348208092485549
y_any,1,flash,lightgbm,age,half to due,1266,235,0.18562401263823064,0.42927334647422705,0.4025307488374005,0.7641661679427121,0.12962918361555373,0.02088770670955424,0.29551820728291317,0.075,0.2537914691943128
y_any,1,flash,lightgbm,age,over 1.5x schedule,1181,427,0.3615580016934801,0.5295061154264356,0.5677904140737637,0.6667888358108822,0.22211267459719122,0.09405598722554545,0.27567693744164334,0.435,1.577933954276037
y_any,1,flash,lightgbm,age,under half of schedule,257,18,0.07003891050583658,0.10928477761245292,0.20528963406491504,0.6345885634588563,0.06584544431021858,0.020217060583121504,0.059990662931839404,0.0,0.0
y_any,1,flash,lightgbm,age,unknown,23,10,0.43478260869565216,0.4950225060980209,0.6459183673469387,0.48461538461538456,0.2849912574785801,0.20517390920652506,0.005368814192343604,0.0,0.0
y_any,1,flash,lightgbm,freshness,4-6 months,761,314,0.4126149802890933,0.7135660710041192,0.7176169331856124,0.7737428575499793,0.1954198536948277,0.08303259951379897,0.17763772175536882,0.24,1.351064388961892
y_any,1,flash,lightgbm,freshness,current (3 months),2753,606,0.22012350163458047,0.46241764947948494,0.48814398296595174,0.7515175830577935,0.1604732549665674,0.0996745588550179,0.642623716153128,0.64,0.9959171812568107
y_any,1,flash,lightgbm,freshness,over 6 months,99,45,0.45454545454545453,0.7053437730043983,0.7077379496635893,0.8024691358024691,0.18166003849300041,0.08750974975080182,0.023109243697478993,0.035,1.5145454545454546
y_any,1,flash,lightgbm,freshness,unknown,671,248,0.36959761549925485,0.6819156896736798,0.5644823476902805,0.8115324487150156,0.18402933897549997,0.1023547607886399,0.15662931839402428,0.085,0.5426825633383011
y_any,1,flash,lightgbm,progress_reported,no,1,1,1.0,,,,0.047846275928195944,0.2187379160735421,0.00023342670401493932,0.0,0.0
y_any,1,flash,lightgbm,progress_reported,yes,4283,1212,0.2829792201727761,0.5486878661124439,0.5393838652465353,0.7555598363483369,0.17088899453004047,0.033944892182196144,0.9997665732959851,1.0,1.000233481204763
y_any,1,flash,lightgbm,pre_event,no revision yet,1439,358,0.24878387769284224,0.5383826581658533,0.4985391511823386,0.7881565279407128,0.15145112566441354,0.039670759430826937,0.33590102707749764,0.17,0.5061014593467686
y_any,1,flash,lightgbm,pre_event,revised before,2845,855,0.30052724077328646,0.5593158963957633,0.5550009988251071,0.7414170266537365,0.18067741301124793,0.05183748788405087,0.6640989729225023,0.83,1.2498137082601055
y_any,1,flash,lightgbm,on_schedule,behind or over,3455,1096,0.31722141823444283,0.5703120036424224,0.5533815018445514,0.7338179916641655,0.18641334375209453,0.039055147582126026,0.8064892623716153,0.955,1.1841447178002893
y_any,1,flash,lightgbm,on_schedule,on schedule and cost,829,117,0.1411338962605549,0.3675365604382156,0.3965212799696245,0.7912225103236339,0.10604017754475857,0.04126556214724214,0.1935107376283847,0.045,0.23254523522316042
y_any,1,flash,lightgbm,report,flash,4284,1213,0.2831465919701214,0.5493775756109891,0.5396575815528659,0.755755715985754,0.17086027307378418,0.03388590926710376,1.0,1.0,1.0
y_any,6,val,naive,sector,Atomic Energy,20,15,0.75,0.8282539682539681,0.8,0.6133333333333333,0.18186322296586527,0.05324958716792848,0.0034158838599487617,0.01,2.9275
y_any,6,val,naive,sector,Civil Aviation,142,128,0.9014084507042254,0.9265653626823902,0.8964330160580161,0.552734375,0.12646390389157477,0.18663218208754453,0.02425277540563621,0.0033333333333333335,0.1374413145539906
y_any,6,val,naive,sector,Coal,604,263,0.43543046357615894,0.46756402954939785,0.45778649279162403,0.5325647001103888,0.3062818905235713,0.25005656102135543,0.1031596925704526,0.07333333333333333,0.7108719646799118
y_any,6,val,naive,sector,Defence,1,0,0.0,,,,0.6759445658114184,0.822158479741843,0.0001707941929974381,0.0,0.0
y_any,6,val,naive,sector,Education,98,80,0.8163265306122449,0.8652941534394233,0.84905211747317,0.5326388888888889,0.157316750872314,0.0904408058207051,0.016737830913748933,0.006666666666666667,0.3982993197278912
y_any,6,val,naive,sector,Finance,5,0,0.0,,,,0.5009281472676699,0.705316103220117,0.0008539709649871904,0.0,0.0
y_any,6,val,naive,sector,Health,26,22,0.8461538461538461,0.8226347182229535,0.8136904761904762,0.3068181818181818,0.15984297353999713,0.16949149466543487,0.0044406490179333905,0.0,0.0
y_any,6,val,naive,sector,Home Affairs,27,24,0.8888888888888888,0.9546130952380952,0.8666666666666667,0.7083333333333333,0.11392697316260797,0.15206949950402923,0.004611443210930828,0.016666666666666666,3.614197530864198
y_any,6,val,naive,sector,Industry & Commerce,10,5,0.5,0.5533333333333332,0.625,0.54,0.2954889694603824,0.20617213941307813,0.0017079419299743809,0.0,0.0
y_any,6,val,naive,sector,Mines & Metals,41,37,0.9024390243902439,0.9007282543867909,0.8829365079365081,0.3547297297297297,0.12965234626139563,0.19113240123076108,0.007002561912894962,0.01,1.4280487804878048
y_any,6,val,naive,sector,North Eastern Region,3,0,0.0,,,,0.4584772682490028,0.6770991103263656,0.0005123825789923143,0.0,0.0
y_any,6,val,naive,sector,Petroleum & Natural Gas,523,375,0.7170172084130019,0.7179368209896145,0.7272113888516012,0.5008378378378379,0.20494954368876891,0.042697351208489116,0.08932536293766012,0.04,0.44780114722753345
y_any,6,val,naive,sector,Power,349,278,0.7965616045845272,0.8415436034274829,0.8264018532948745,0.5532982065052183,0.16746604272429727,0.07770719358805415,0.059607173356105894,0.1,1.677650429799427
y_any,6,val,naive,sector,Railways,725,460,0.6344827586206897,0.6471403309208622,0.6542438245858714,0.5186382280557834,0.2347234378378772,0.06425440369506953,0.12382578992314261,0.29333333333333333,2.3689195402298853
y_any,6,val,naive,sector,Roads & Highways,2914,2368,0.8126286890871655,0.8291267451202631,0.8456892889373502,0.4879332027769528,0.16223124191543128,0.09924648123659859,0.49769427839453456,0.43,0.8639842141386411
y_any,6,val,naive,sector,Shipping & Ports,6,3,0.5,0.4166666666666667,,0.0,0.3237127571889277,0.20055841845433656,0.0010247651579846286,0.0,0.0
y_any,6,val,naive,sector,Social Justice,6,0,0.0,,,,0.456569893213145,0.6756733719173051,0.0010247651579846286,0.0,0.0
y_any,6,val,naive,sector,Steel,35,25,0.7142857142857143,0.8439506671817885,0.8051587301587301,0.6560000000000001,0.19038335490064634,0.06067270981397938,0.005977796754910333,0.01,1.672857142857143
y_any,6,val,naive,sector,Telecommunications,18,17,0.9444444444444444,0.958301910507793,0.8,0.5294117647058824,0.09497333137698323,0.2079853296491228,0.0030742954739538856,0.0,0.0
y_any,6,val,naive,sector,Urban Development & Housing,127,62,0.4881889763779528,0.5686075800461502,0.6016911966187329,0.5071960297766749,0.2861491284717434,0.21124601210911115,0.021690862510674636,0.006666666666666667,0.3073490813648294
y_any,6,val,naive,sector,Water Resources,175,104,0.5942857142857143,0.6977215445924174,0.5507210607820364,0.6763949079089924,0.2511725961008485,0.10219756695062224,0.029888983774551667,0.0,0.0
y_any,6,val,naive,cost_band,1000-5000 cr,1555,1142,0.7344051446945338,0.7561487740395734,0.752130020872086,0.5307444566475705,0.194921758295192,0.033253493559692135,0.2655849701110162,0.4066666666666667,1.5312111468381564
y_any,6,val,naive,cost_band,500-1000 cr,1278,944,0.7386541471048513,0.7873779333182497,0.7651666993257961,0.574972406881153,0.19034865936661965,0.032452216676726306,0.21827497865072587,0.26,1.1911580594679188
y_any,6,val,naive,cost_band,over 5000 cr,456,288,0.631578947368421,0.6904953961948276,0.6713977343537643,0.566292576058201,0.23193160639953128,0.06956801167383675,0.07788215200683177,0.14,1.797587719298246
y_any,6,val,naive,cost_band,under 500 cr,2566,1892,0.7373343725643025,0.7743162727111321,0.7728935083270722,0.5238647342237502,0.19167446456658513,0.025976059502461176,0.4382578992314261,0.19333333333333333,0.4411405559885685
y_any,6,val,naive,age,due to 1.5x,1264,1005,0.7950949367088608,0.8535676267658305,0.8203362778735364,0.6288672467776946,0.16506426897212562,0.07709463868086197,0.21588385994876175,0.24333333333333335,1.1271492616033756
y_any,6,val,naive,age,half to due,1539,1236,0.8031189083820662,0.7958340851391101,0.811673306767909,0.46117172396851336,0.17178556342178167,0.10908823826005817,0.2628522630230572,0.06,0.22826510721247564
y_any,6,val,naive,age,over 1.5x schedule,1750,1415,0.8085714285714286,0.8256571752965907,0.8318945864659257,0.4870924529296978,0.16447580257022412,0.0852632736583912,0.29888983774551664,0.62,2.0743428571428573
y_any,6,val,naive,age,under half of schedule,1036,386,0.37258687258687256,0.3841656409812803,0.3833329849905234,0.5245277002789956,0.32902408801278227,0.30877406208712294,0.17694278394534585,0.0,0.0
y_any,6,val,naive,age,unknown,266,224,0.8421052631578947,0.8267112613351678,0.7501285296985332,0.41602891156462585,0.15881797612625467,0.14883643197289229,0.04543125533731853,0.07666666666666666,1.6875313283208018
y_any,6,val,naive,freshness,4-6 months,1,1,1.0,,,,0.029903556270679213,0.17292644757433495,0.0001707941929974381,0.0,0.0
y_any,6,val,naive,freshness,current (3 months),5276,3914,0.7418498862774829,0.782259741931,0.7689958953515091,0.5526697528432518,0.1900224794395265,0.031885917248184945,0.9011101622544834,0.9966666666666667,1.1060430881981298
y_any,6,val,naive,freshness,over 6 months,1,0,0.0,,,,0.6840506611220093,0.827073552425665,0.0001707941929974381,0.0033333333333333335,19.51666666666667
y_any,6,val,naive,freshness,unknown,577,351,0.608318890814558,0.5651691988660918,0.5727462266361157,0.41023119784181733,0.2438368347925003,0.072167510938147,0.09854824935952178,0.0,0.0
y_any,6,val,naive,progress_reported,no,1270,891,0.7015748031496063,0.7167239199945031,0.6344424286720209,0.5328541942438161,0.2085389671735999,0.009660800950328287,0.21690862510674638,0.18,0.8298425196850393
y_any,6,val,naive,progress_reported,yes,4585,3375,0.7360959651035986,0.7735785094799953,0.767294590428981,0.546632139577594,0.19173869598803386,0.029623936268049933,0.7830913748932536,0.82,1.047131952017448
y_any,6,val,naive,pre_event,no revision yet,2423,1588,0.6553858852661989,0.6369814236238449,0.6578276878117758,0.46346324982277254,0.22671733801804742,0.021663540351751998,0.4138343296327925,0.0,0.0
y_any,6,val,naive,pre_event,revised before,3432,2678,0.7803030303030303,0.8150100409435265,0.8041155237071859,0.5622837027513703,0.17326057674763357,0.05198894427667738,0.5861656703672076,1.0,1.706002331002331
y_any,6,val,naive,on_schedule,behind or over,3990,3179,0.7967418546365915,0.820350769251792,0.8152230684687626,0.5325787409591846,0.16855309806915672,0.07624033751054446,0.681468830059778,0.9933333333333333,1.4576357560568085
y_any,6,val,naive,on_schedule,on schedule and cost,1865,1087,0.5828418230563003,0.5799787116595796,0.582885623966317,0.49722414702383627,0.2527825995279741,0.09558372556665455,0.318531169940222,0.006666666666666667,0.020929401251117072
y_any,6,val,naive,report,quarterly,5855,4266,0.7286080273270709,0.7658144802579381,0.7579487087191935,0.5418022020235816,0.19538281971231547,0.021509017674681892,1.0,1.0,1.0
y_any,6,val,rule,sector,Atomic Energy,20,15,0.75,1.0,1.0,1.0,0.15014529016852574,0.21357017149779414,0.0034158838599487617,0.02,5.855
y_any,6,val,rule,sector,Civil Aviation,142,128,0.9014084507042254,0.8844173013175401,0.8691858605710692,0.4893973214285714,0.14169464335022713,0.22015966744540955,0.02425277540563621,0.02,0.8246478873239437
y_any,6,val,rule,sector,Coal,604,263,0.43543046357615894,0.5150436853980991,0.5346016401959884,0.5673873532330542,0.296156953967421,0.2317101131056702,0.1031596925704526,0.03666666666666667,0.3554359823399559
y_any,6,val,rule,sector,Defence,1,0,0.0,,,,0.4220395104283318,0.6496456806816557,0.0001707941929974381,0.0,0.0
y_any,6,val,rule,sector,Education,98,80,0.8163265306122449,0.8501408920070042,0.8480193378025345,0.5725694444444445,0.167520513007994,0.1500839746671877,0.016737830913748933,0.0033333333333333335,0.1991496598639456
y_any,6,val,rule,sector,Finance,5,0,0.0,,,,0.4663077777332809,0.6823865316154907,0.0008539709649871904,0.0,0.0
y_any,6,val,rule,sector,Health,26,22,0.8461538461538461,0.8583670312611256,0.8812003968253967,0.46590909090909083,0.16624006042641395,0.18551091227970762,0.0044406490179333905,0.0033333333333333335,0.7506410256410256
y_any,6,val,rule,sector,Home Affairs,27,24,0.8888888888888888,0.9735073157241768,0.9625,0.8333333333333334,0.12011051552340321,0.17805649583822122,0.004611443210930828,0.01,2.1685185185185185
y_any,6,val,rule,sector,Industry & Commerce,10,5,0.5,1.0,1.0,1.0,0.25336478233302934,0.16345613193571795,0.0017079419299743809,0.0,0.0
y_any,6,val,rule,sector,Mines & Metals,41,37,0.9024390243902439,0.9811987033424774,0.982142857142857,0.8243243243243243,0.11078487189599409,0.17757885021777295,0.007002561912894962,0.03666666666666667,5.236178861788618
y_any,6,val,rule,sector,North Eastern Region,3,0,0.0,,,,0.4931350678180137,0.7022248049763667,0.0005123825789923143,0.0,0.0
y_any,6,val,rule,sector,Petroleum & Natural Gas,523,375,0.7170172084130019,0.6856815784647488,0.6870367994351995,0.4058198198198198,0.21333158096461613,0.07402709979943765,0.08932536293766012,0.04,0.44780114722753345
y_any,6,val,rule,sector,Power,349,278,0.7965616045845272,0.879365200924568,0.8911463591563621,0.6070270544128079,0.16588001696114826,0.09733334986671245,0.059607173356105894,0.14666666666666667,2.4605539637058262
y_any,6,val,rule,sector,Railways,725,460,0.6344827586206897,0.6021606234418773,0.6099653508564985,0.4621452009844135,0.2503496502516816,0.10911892478990645,0.12382578992314261,0.5366666666666666,4.334045977011494
y_any,6,val,rule,sector,Roads & Highways,2914,2368,0.8126286890871655,0.8139107645876058,0.8569498945353068,0.4876408431095931,0.17320811967862731,0.1366548472053068,0.49769427839453456,0.12666666666666668,0.2545069778082819
y_any,6,val,rule,sector,Shipping & Ports,6,3,0.5,0.38333333333333336,,0.0,0.3336295952259924,0.5467127008136289,0.0010247651579846286,0.0,0.0
y_any,6,val,rule,sector,Social Justice,6,0,0.0,,,,0.46228188749003224,0.6798500788540695,0.0010247651579846286,0.0,0.0
y_any,6,val,rule,sector,Steel,35,25,0.7142857142857143,0.8463125557520712,0.8451984126984127,0.5840000000000001,0.1964111192398623,0.09554497557849252,0.005977796754910333,0.0,0.0
y_any,6,val,rule,sector,Telecommunications,18,17,0.9444444444444444,0.9549329515159964,0.9,0.47058823529411764,0.11986413683430097,0.25791928636053324,0.0030742954739538856,0.0,0.0
y_any,6,val,rule,sector,Urban Development & Housing,127,62,0.4881889763779528,0.46829363664243473,0.523081598274291,0.42431761786600497,0.29764398579287965,0.20258515043776365,0.021690862510674636,0.0033333333333333335,0.1536745406824147
y_any,6,val,rule,sector,Water Resources,175,104,0.5942857142857143,0.547163319104931,0.5063740802475348,0.4223997833152763,0.25874177036403,0.11023357927913456,0.029888983774551667,0.016666666666666666,0.5576190476190476
y_any,6,val,rule,cost_band,1000-5000 cr,1555,1142,0.7344051446945338,0.7218151931822265,0.7245866112994527,0.49884977292291255,0.20087951952141456,0.05475512792369127,0.2655849701110162,0.4633333333333333,1.7445766345123257
y_any,6,val,rule,cost_band,500-1000 cr,1278,944,0.7386541471048513,0.7853492834137681,0.7862687021728129,0.5629154825941338,0.19512365797957495,0.05908072923905352,0.21827497865072587,0.13,0.5955790297339594
y_any,6,val,rule,cost_band,over 5000 cr,456,288,0.631578947368421,0.6609937144685969,0.6688276520834838,0.5220114087301586,0.2418747127365316,0.08886856765958048,0.07788215200683177,0.30333333333333334,3.8947733918128655
y_any,6,val,rule,cost_band,under 500 cr,2566,1892,0.7373343725643025,0.7160228642740567,0.7396622300936335,0.4599967221033745,0.20181112393395206,0.07537604816528616,0.4382578992314261,0.10333333333333333,0.23578202130423487
y_any,6,val,rule,age,due to 1.5x,1264,1005,0.7950949367088608,0.708968409457787,0.6917176126960539,0.33415931923394615,0.18764627430139083,0.14562833620911805,0.21588385994876175,0.3,1.3896360759493671
y_any,6,val,rule,age,half to due,1539,1236,0.8031189083820662,0.7474582297638922,0.7617828415726925,0.40071907676204516,0.18308751400265508,0.14357288665513962,0.2628522630230572,0.013333333333333334,0.05072557938055015
y_any,6,val,rule,age,over 1.5x schedule,1750,1415,0.8085714285714286,0.7836206377888728,0.8028240076078937,0.4545741258372449,0.1693634076520334,0.10010714977631234,0.29888983774551664,0.6566666666666666,2.1970190476190474
y_any,6,val,rule,age,under half of schedule,1036,386,0.37258687258687256,0.38158040564514406,0.3772501202546243,0.5218612993224392,0.31562149063168005,0.28703363540994525,0.17694278394534585,0.0,0.0
y_any,6,val,rule,age,unknown,266,224,0.8421052631578947,0.7829428855644698,0.8590160228445227,0.32382015306122447,0.17876503129155147,0.17915253061815412,0.04543125533731853,0.03,0.6603383458646617
y_any,6,val,rule,freshness,4-6 months,1,1,1.0,,,,0.12346108233969443,0.35137029234085004,0.0001707941929974381,0.0,0.0
y_any,6,val,rule,freshness,current (3 months),5276,3914,0.7418498862774829,0.7348185111325848,0.7379154107287883,0.4984429364973959,0.198359718174294,0.06421848296063982,0.9011101622544834,1.0,1.1097422289613343
y_any,6,val,rule,freshness,over 6 months,1,0,0.0,,,,0.5814332902511679,0.7625177311060825,0.0001707941929974381,0.0,0.0
y_any,6,val,rule,freshness,unknown,577,351,0.608318890814558,0.5567555153432069,0.6521871967361665,0.37985654136096614,0.24718740609343132,0.0646601760080609,0.09854824935952178,0.0,0.0
y_any,6,val,rule,progress_reported,no,1270,891,0.7015748031496063,0.7710769403033421,0.6879336419885055,0.6116189748555623,0.20590070499393454,0.05613946581585879,0.21690862510674638,0.21,0.9681496062992125
y_any,6,val,rule,progress_reported,yes,4585,3375,0.7360959651035986,0.7191751724232156,0.7231949170581327,0.4869486378940924,0.20248288013822877,0.07833197703885367,0.7830913748932536,0.79,1.0088222464558343
y_any,6,val,rule,pre_event,no revision yet,2423,1588,0.6553858852661989,0.6509249737580604,0.666795272608454,0.4795328737990015,0.22871963488449487,0.016722460860920864,0.4138343296327925,0.06,0.1449855550969872
y_any,6,val,rule,pre_event,revised before,3432,2678,0.7803030303030303,0.7482595186183073,0.7483313124943308,0.44226534905695886,0.1852244246651937,0.08951051468718756,0.5861656703672076,0.94,1.603642191142191
y_any,6,val,rule,on_schedule,behind or over,3990,3179,0.7967418546365915,0.7482706373283288,0.7514437308929951,0.40184235401170365,0.18115050606420488,0.1096256570296684,0.681468830059778,1.0,1.4674185463659148
y_any,6,val,rule,on_schedule,on schedule and cost,1865,1087,0.5828418230563003,0.5775968703943659,0.5610925181004079,0.4721291354001367,0.25044899816616534,0.07552628844156659,0.318531169940222,0.0,0.0
y_any,6,val,rule,report,quarterly,5855,4266,0.7286080273270709,0.7238319059470253,0.732387832628589,0.49440015849707486,0.20322423582853555,0.05170132816044529,1.0,1.0,1.0
y_any,6,val,logreg,sector,Atomic Energy,20,15,0.75,1.0,1.0,1.0,0.02533229249691273,0.10515270409208814,0.0034158838599487617,0.01,2.9275
y_any,6,val,logreg,sector,Civil Aviation,142,128,0.9014084507042254,0.8241548001058936,0.8441871625708351,0.3292410714285714,0.10885040075697859,0.10355597106242675,0.02425277540563621,0.0,0.0
y_any,6,val,logreg,sector,Coal,604,263,0.43543046357615894,0.8150942868663167,0.8323508346231264,0.847395827525841,0.16611945111039447,0.09994346450686963,0.1031596925704526,0.04666666666666667,0.4523730684326711
y_any,6,val,logreg,sector,Defence,1,0,0.0,,,,0.9036461526701515,0.9506030468445551,0.0001707941929974381,0.0,0.0
y_any,6,val,logreg,sector,Education,98,80,0.8163265306122449,0.7342870855720816,0.8032962628479758,0.34236111111111117,0.1779707039174075,0.1796865039059021,0.016737830913748933,0.05333333333333334,3.1863945578231294
y_any,6,val,logreg,sector,Finance,5,0,0.0,,,,0.8073577133778207,0.8876155413057351,0.0008539709649871904,0.0,0.0
y_any,6,val,logreg,sector,Health,26,22,0.8461538461538461,0.9962121212121211,0.9940476190476191,0.9772727272727273,0.07466003070137948,0.1561673439745412,0.0044406490179333905,0.0,0.0
y_any,6,val,logreg,sector,Home Affairs,27,24,0.8888888888888888,0.9107393040259172,0.9083333333333332,0.4444444444444444,0.13276783154675909,0.13443318029314522,0.004611443210930828,0.0,0.0
y_any,6,val,logreg,sector,Industry & Commerce,10,5,0.5,1.0,1.0,1.0,0.05190110128166325,0.16795541995299443,0.0017079419299743809,0.0,0.0
y_any,6,val,logreg,sector,Mines & Metals,41,37,0.9024390243902439,0.9551712686811038,0.9742063492063493,0.6756756756756757,0.16775879600401908,0.224014157411804,0.007002561912894962,0.0,0.0
y_any,6,val,logreg,sector,North Eastern Region,3,0,0.0,,,,0.9972789777609831,0.99863856072083,0.0005123825789923143,0.01,19.516666666666666
y_any,6,val,logreg,sector,Petroleum & Natural Gas,523,375,0.7170172084130019,0.9223312122670354,0.9310982157323169,0.8355495495495495,0.1458900476862805,0.07523519987912156,0.08932536293766012,0.016666666666666666,0.1865838113448056
y_any,6,val,logreg,sector,Power,349,278,0.7965616045845272,0.8793556566143526,0.9008795331836091,0.702350795420002,0.14457441650558617,0.07476132724261277,0.059607173356105894,0.06666666666666667,1.1184336198662845
y_any,6,val,logreg,sector,Railways,725,460,0.6344827586206897,0.7366542370415309,0.7499252453725372,0.671402789171452,0.23617690499233981,0.1689074946076376,0.12382578992314261,0.13333333333333333,1.0767816091954023
y_any,6,val,logreg,sector,Roads & Highways,2914,2368,0.8126286890871655,0.8526868242029816,0.8869256038676842,0.6563621485496487,0.14994998149618086,0.10584875029428863,0.49769427839453456,0.63,1.265837336993823
y_any,6,val,logreg,sector,Shipping & Ports,6,3,0.5,1.0,,1.0,0.092635321733804,0.2808079455255988,0.0010247651579846286,0.0,0.0
y_any,6,val,logreg,sector,Social Justice,6,0,0.0,,,,0.5921069855909388,0.755001562095614,0.0010247651579846286,0.0,0.0
y_any,6,val,logreg,sector,Steel,35,25,0.7142857142857143,0.9408810769374507,0.9812500000000001,0.8839999999999999,0.16569035854678402,0.15952350852993807,0.005977796754910333,0.0,0.0
y_any,6,val,logreg,sector,Telecommunications,18,17,0.9444444444444444,0.9967320261437909,1.0,0.9411764705882353,0.03935617244168441,0.06557474938654652,0.0030742954739538856,0.0033333333333333335,1.0842592592592593
y_any,6,val,logreg,sector,Urban Development & Housing,127,62,0.4881889763779528,0.46402671509340004,0.5480408308754932,0.4933002481389578,0.3757305244035709,0.3340658556955663,0.021690862510674636,0.03,1.3830708661417324
y_any,6,val,logreg,sector,Water Resources,175,104,0.5942857142857143,0.6602316827184168,0.6671692243853061,0.6291982665222102,0.23854852590788067,0.13270355369822315,0.029888983774551667,0.0,0.0
y_any,6,val,logreg,cost_band,1000-5000 cr,1555,1142,0.7344051446945338,0.87174253792296,0.8772956761150444,0.7555560738350373,0.16970220513088385,0.09670740216203566,0.2655849701110162,0.27,1.0166237942122187
y_any,6,val,logreg,cost_band,500-1000 cr,1278,944,0.7386541471048513,0.8637854238410834,0.88232164395946,0.7510054044453467,0.16572418740883688,0.10050334421330827,0.21827497865072587,0.14666666666666667,0.6719353155972875
y_any,6,val,logreg,cost_band,over 5000 cr,456,288,0.631578947368421,0.7683724760929922,0.7959599390099644,0.7555390211640212,0.18500103795945944,0.14234167443268728,0.07788215200683177,0.12666666666666668,1.626388888888889
y_any,6,val,logreg,cost_band,under 500 cr,2566,1892,0.7373343725643025,0.8081732163586319,0.8465426589133419,0.7058777862121317,0.16740932057566818,0.10943252230361167,0.4382578992314261,0.45666666666666667,1.0420044167316187
y_any,6,val,logreg,age,due to 1.5x,1264,1005,0.7950949367088608,0.8644989464034339,0.8677453375044896,0.6899325764997407,0.15164912443555711,0.08197576966861925,0.21588385994876175,0.15,0.6948180379746836
y_any,6,val,logreg,age,half to due,1539,1236,0.8031189083820662,0.8936846811614865,0.9072679958486525,0.7151302508891666,0.1455880367561991,0.058347859480216105,0.2628522630230572,0.05,0.19022092267706306
y_any,6,val,logreg,age,over 1.5x schedule,1750,1415,0.8085714285714286,0.7942450795384183,0.8323284233167317,0.5460239438848162,0.16480190462300287,0.13720131569260205,0.29888983774551664,0.75,2.5092857142857143
y_any,6,val,logreg,age,under half of schedule,1036,386,0.37258687258687256,0.6103458754444577,0.6603229600910031,0.7435831008369869,0.23279815195276585,0.1694302093775989,0.17694278394534585,0.01,0.05651544401544402
y_any,6,val,logreg,age,unknown,266,224,0.8421052631578947,0.8661485281111818,0.8083411210152897,0.4956420068027211,0.16649823318060458,0.14041042455796132,0.04543125533731853,0.04,0.8804511278195489
y_any,6,val,logreg,freshness,4-6 months,1,1,1.0,,,,0.0005483242670720895,0.023416324798569255,0.0001707941929974381,0.0,0.0
y_any,6,val,logreg,freshness,current (3 months),5276,3914,0.7418498862774829,0.830892206761618,0.8505908435283273,0.7233896993885424,0.16249423562197618,0.09091986621121066,0.9011101622544834,0.9866666666666667,1.0949456659085166
y_any,6,val,logreg,freshness,over 6 months,1,0,0.0,,,,0.21491004323971935,0.4635839117567815,0.0001707941929974381,0.0,0.0
y_any,6,val,logreg,freshness,unknown,577,351,0.608318890814558,0.831609338091998,0.7801561949088205,0.75293094319643,0.22890846600458042,0.1680939236549482,0.09854824935952178,0.013333333333333334,0.13529751588677066
y_any,6,val,logreg,progress_reported,no,1270,891,0.7015748031496063,0.858828340882533,0.7566377494185157,0.7519522400788892,0.1958584043088196,0.1450681267444014,0.21690862510674638,0.17,0.783740157480315
y_any,6,val,logreg,progress_reported,yes,4585,3375,0.7360959651035986,0.8272673907576891,0.8491271903061482,0.7291305785123967,0.16158670816172194,0.08694833227321629,0.7830913748932536,0.83,1.0599018538713194
y_any,6,val,logreg,pre_event,no revision yet,2423,1588,0.6553858852661989,0.82744199061566,0.8463552288119486,0.7838368602844688,0.17998694593014763,0.09461228936953892,0.4138343296327925,0.22,0.5316137020222864
y_any,6,val,logreg,pre_event,revised before,3432,2678,0.7803030303030303,0.8350830128637458,0.8552454732995156,0.669674110494589,0.16127822272871453,0.10099663230712091,0.5861656703672076,0.78,1.330681818181818
y_any,6,val,logreg,on_schedule,behind or over,3990,3179,0.7967418546365915,0.8478043097118453,0.8628675441295752,0.6570042537940686,0.15440043359535605,0.09405018489744318,0.681468830059778,0.8066666666666666,1.183717627401838
y_any,6,val,logreg,on_schedule,on schedule and cost,1865,1087,0.5828418230563003,0.7815252086972527,0.8252162129924258,0.784758172655099,0.20029892780065703,0.12628741275084018,0.318531169940222,0.19333333333333333,0.606952636282395
y_any,6,val,logreg,report,quarterly,5855,4266,0.7286080273270709,0.8308733533861623,0.8511560619098478,0.7338916136105674,0.16902053465306505,0.09787944136730288,1.0,1.0,1.0
y_any,6,val,lightgbm,sector,Atomic Energy,20,15,0.75,1.0,1.0,1.0,0.06517994808044006,0.14920463194097364,0.0034158838599487617,0.0033333333333333335,0.9758333333333334
y_any,6,val,lightgbm,sector,Civil Aviation,142,128,0.9014084507042254,0.9128935458095737,0.9217291841852839,0.5608258928571429,0.09806941866024706,0.08082360376873267,0.02425277540563621,0.0,0.0
y_any,6,val,lightgbm,sector,Coal,604,263,0.43543046357615894,0.9090916495089532,0.9067233741293754,0.9085891417548475,0.11236479837682374,0.04835980883440132,0.1031596925704526,0.08333333333333333,0.8078090507726269
y_any,6,val,lightgbm,sector,Defence,1,0,0.0,,,,0.8171367521387528,0.9039561671556607,0.0001707941929974381,0.0,0.0
y_any,6,val,lightgbm,sector,Education,98,80,0.8163265306122449,0.9726128537132929,0.9675668000031283,0.8847222222222223,0.1394999438059591,0.11859462696673528,0.016737830913748933,0.0033333333333333335,0.1991496598639456
y_any,6,val,lightgbm,sector,Finance,5,0,0.0,,,,0.6274295519371034,0.7894015921702479,0.0008539709649871904,0.0,0.0
y_any,6,val,lightgbm,sector,Health,26,22,0.8461538461538461,0.9962121212121211,0.9940476190476191,0.9772727272727273,0.06766272256303499,0.19011770307745868,0.0044406490179333905,0.0,0.0
y_any,6,val,lightgbm,sector,Home Affairs,27,24,0.8888888888888888,0.9472434809277334,0.8597222222222222,0.6388888888888888,0.1216135102594535,0.11199253741112176,0.004611443210930828,0.0,0.0
y_any,6,val,lightgbm,sector,Industry & Commerce,10,5,0.5,1.0,1.0,1.0,0.04241634949076588,0.16901463016685622,0.0017079419299743809,0.0,0.0
y_any,6,val,lightgbm,sector,Mines & Metals,41,37,0.9024390243902439,0.9592262176021817,0.9599206349206348,0.7027027027027027,0.12949053273821473,0.16184922396070328,0.007002561912894962,0.0,0.0
y_any,6,val,lightgbm,sector,North Eastern Region,3,0,0.0,,,,0.7577563769304648,0.869689890110868,0.0005123825789923143,0.0,0.0
y_any,6,val,lightgbm,sector,Petroleum & Natural Gas,523,375,0.7170172084130019,0.9508533921028663,0.9510611675639863,0.8763603603603604,0.13069349482718384,0.04755870639211812,0.08932536293766012,0.19666666666666666,2.201688973868706
y_any,6,val,lightgbm,sector,Power,349,278,0.7965616045845272,0.8915683715603108,0.909744502481622,0.734420913973047,0.12878653518557415,0.09139755557293443,0.059607173356105894,0.08,1.3421203438395415
y_any,6,val,lightgbm,sector,Railways,725,460,0.6344827586206897,0.8152606636510906,0.813155851284606,0.7204716981132075,0.2099870530461007,0.10068585741828014,0.12382578992314261,0.006666666666666667,0.05383908045977012
y_any,6,val,lightgbm,sector,Roads & Highways,2914,2368,0.8126286890871655,0.9139097730015409,0.9468256145562783,0.7761139831452332,0.113640147015715,0.048831535684480086,0.49769427839453456,0.6,1.2055593685655457
y_any,6,val,lightgbm,sector,Shipping & Ports,6,3,0.5,1.0,,1.0,0.047231216951350165,0.20444450834132524,0.0010247651579846286,0.0,0.0
y_any,6,val,lightgbm,sector,Social Justice,6,0,0.0,,,,0.7969713843242344,0.8788356994513641,0.0010247651579846286,0.0033333333333333335,3.2527777777777778
y_any,6,val,lightgbm,sector,Steel,35,25,0.7142857142857143,0.9519907432450607,0.9645833333333335,0.896,0.13953868032590674,0.1249147380905125,0.005977796754910333,0.02,3.345714285714286
y_any,6,val,lightgbm,sector,Telecommunications,18,17,0.9444444444444444,1.0,1.0,1.0,0.006767227992265149,0.056193998163801294,0.0030742954739538856,0.0,0.0
y_any,6,val,lightgbm,sector,Urban Development & Housing,127,62,0.4881889763779528,0.6242920115340206,0.6753803045670247,0.6426799007444168,0.29065814303679727,0.26125507223673133,0.021690862510674636,0.0033333333333333335,0.1536745406824147
y_any,6,val,lightgbm,sector,Water Resources,175,104,0.5942857142857143,0.7964874468843347,0.7937126473473101,0.7667930660888408,0.19353674726579811,0.08550526243412303,0.029888983774551667,0.0,0.0
y_any,6,val,lightgbm,cost_band,1000-5000 cr,1555,1142,0.7344051446945338,0.9132119997562752,0.9328286762411269,0.8199009426561445,0.14370977160415452,0.05968895407394908,0.2655849701110162,0.2633333333333333,0.9915219721329045
y_any,6,val,lightgbm,cost_band,500-1000 cr,1278,944,0.7386541471048513,0.9159622483175025,0.9309394850769767,0.8435787323657769,0.12334473993554364,0.03685887031465344,0.21827497865072587,0.14,0.6413928012519563
y_any,6,val,lightgbm,cost_band,over 5000 cr,456,288,0.631578947368421,0.9079627330798139,0.9086371700889379,0.8585689484126984,0.14690405013145297,0.09771812716454488,0.07788215200683177,0.07333333333333333,0.941593567251462
y_any,6,val,lightgbm,cost_band,under 500 cr,2566,1892,0.7373343725643025,0.9025858459758063,0.9163172840533521,0.8200223022440261,0.13375740032036793,0.06979805599538708,0.4382578992314261,0.5233333333333333,1.194121849831125
y_any,6,val,lightgbm,age,due to 1.5x,1264,1005,0.7950949367088608,0.9255122773739692,0.9297296706909437,0.7905415009892622,0.1297162713621347,0.04848361803273644,0.21588385994876175,0.21,0.972745253164557
y_any,6,val,lightgbm,age,half to due,1539,1236,0.8031189083820662,0.9162406269218704,0.9438273760157322,0.7857055122988026,0.12101793071128496,0.05160434429674264,0.2628522630230572,0.35333333333333333,1.3442278535845789
y_any,6,val,lightgbm,age,over 1.5x schedule,1750,1415,0.8085714285714286,0.9242330331530977,0.9342977635224026,0.7802594799852329,0.12912002483796625,0.06332624921321547,0.29888983774551664,0.4033333333333333,1.3494380952380953
y_any,6,val,lightgbm,age,under half of schedule,1036,386,0.37258687258687256,0.706204627449926,0.7637458179859333,0.8127520924671183,0.1761893642021362,0.08272352727835405,0.17694278394534585,0.023333333333333334,0.13186936936936938
y_any,6,val,lightgbm,age,unknown,266,224,0.8421052631578947,0.9063514215936894,0.9394558221283206,0.7114158163265306,0.1226045917963603,0.06681584494749523,0.04543125533731853,0.01,0.22011278195488723
y_any,6,val,lightgbm,freshness,4-6 months,1,1,1.0,,,,0.0011976006585066945,0.034606367311619035,0.0001707941929974381,0.0,0.0
y_any,6,val,lightgbm,freshness,current (3 months),5276,3914,0.7418498862774829,0.9165824833918359,0.9289327880598982,0.8322557414664928,0.13006067836974394,0.05121101819894458,0.9011101622544834,1.0,1.1097422289613343
y_any,6,val,lightgbm,freshness,over 6 months,1,0,0.0,,,,0.024938319836699814,0.1579187127502622,0.0001707941929974381,0.0,0.0
y_any,6,val,lightgbm,freshness,unknown,577,351,0.608318890814558,0.799708694175483,0.8567405985470424,0.7943864558908806,0.1821260547050736,0.10581403706173544,0.09854824935952178,0.0,0.0
y_any,6,val,lightgbm,progress_reported,no,1270,891,0.7015748031496063,0.8540233692262479,0.8120776815640048,0.7593007175241123,0.18258546109924334,0.13906801758557266,0.21690862510674638,0.20666666666666667,0.9527821522309711
y_any,6,val,lightgbm,progress_reported,yes,4585,3375,0.7360959651035986,0.9373597064210435,0.9431051140340847,0.8625303948576675,0.1220129712035011,0.033182293703185005,0.7830913748932536,0.7933333333333333,1.0130788804071247
y_any,6,val,lightgbm,pre_event,no revision yet,2423,1588,0.6553858852661989,0.8885258441465335,0.9204933861974643,0.8551460052187816,0.13772248345983693,0.054855225639741274,0.4138343296327925,0.31666666666666665,0.7652015407896546
y_any,6,val,lightgbm,pre_event,revised before,3432,2678,0.7803030303030303,0.9228123494199952,0.9311280946615681,0.7971320000079238,0.13333666408534584,0.055062233967379144,0.5861656703672076,0.6833333333333333,1.1657682595182595
y_any,6,val,lightgbm,on_schedule,behind or over,3990,3179,0.7967418546365915,0.9214999598666688,0.9313272653978234,0.7851302610496054,0.12907257296118843,0.04952240511858923,0.681468830059778,0.74,1.0858897243107768
y_any,6,val,lightgbm,on_schedule,on schedule and cost,1865,1087,0.5828418230563003,0.8728355384642253,0.9074145786903945,0.8604085913684275,0.14815734179568354,0.06783724582920296,0.318531169940222,0.26,0.8162466487935658
y_any,6,val,lightgbm,report,quarterly,5855,4266,0.7286080273270709,0.908738588769374,0.9252154753309779,0.8298789704299101,0.13515166670607884,0.05457519101794494,1.0,1.0,1.0
y_any,6,test,naive,sector,Civil Aviation,26,23,0.8846153846153846,0.9247491638795986,0.9247491638795986,0.6739130434782609,0.12077509124570399,0.15619407259809145,0.021848739495798318,0.08,3.661538461538462
y_any,6,test,naive,sector,Coal,90,46,0.5111111111111111,0.5266908212560386,0.5266908212560386,0.5212450592885376,0.2809101910426665,0.18198458462384692,0.07563025210084033,0.06,0.7933333333333333
y_any,6,test,naive,sector,Education,16,13,0.8125,0.8701923076923077,0.8701923076923077,0.6538461538461539,0.1515706829850913,0.09182050323938742,0.013445378151260505,0.02,1.4875
y_any,6,test,naive,sector,Health,4,3,0.75,0.8333333333333333,0.8333333333333333,0.6666666666666666,0.1749621368161326,0.060017949211882526,0.0033613445378151263,0.0,0.0
y_any,6,test,naive,sector,Home Affairs,4,4,1.0,,,,0.06490602644316212,0.2457726371271049,0.0033613445378151263,0.02,5.95
y_any,6,test,naive,sector,Industry & Commerce,1,1,1.0,,,,0.09788661654077296,0.31286836935166995,0.0008403361344537816,0.0,0.0
y_any,6,test,naive,sector,Mines & Metals,7,5,0.7142857142857143,0.7828571428571429,0.7828571428571429,0.65,0.1960442666144118,0.06869696239770866,0.0058823529411764705,0.06,10.2
y_any,6,test,naive,sector,Petroleum & Natural Gas,81,50,0.6172839506172839,0.6445679012345679,0.6445679012345679,0.5493548387096775,0.24303198075279486,0.09966800546418611,0.0680672268907563,0.0,0.0
y_any,6,test,naive,sector,Power,57,53,0.9298245614035088,0.9404170804369414,0.9404170804369414,0.5754716981132075,0.11489299555173554,0.2238590410079324,0.04789915966386555,0.06,1.2526315789473683
y_any,6,test,naive,sector,Railways,189,122,0.6455026455026455,0.6844045450602828,0.6844045450602828,0.5644115488133106,0.22681898880108137,0.06952169628252931,0.1588235294117647,0.32,2.014814814814815
y_any,6,test,naive,sector,Roads & Highways,672,473,0.7038690476190477,0.7569872120479944,0.7569872120479944,0.594861198168432,0.20031661170438986,0.04586672018398935,0.5647058823529412,0.34,0.6020833333333334
y_any,6,test,naive,sector,Shipping & Ports,1,0,0.0,,,,0.47214987783743306,0.68713163064833,0.0008403361344537816,0.0,0.0
y_any,6,test,naive,sector,Steel,7,7,1.0,,,,0.06961753931424938,0.2553577417306142,0.0058823529411764705,0.02,3.4
y_any,6,test,naive,sector,Telecommunications,5,4,0.8,0.95,0.95,0.875,0.13316256068297197,0.18205879520085594,0.004201680672268907,0.0,0.0
y_any,6,test,naive,sector,Urban Development & Housing,20,12,0.6,0.6666666666666666,0.6666666666666666,0.5833333333333334,0.2409958030399148,0.13628615807375102,0.01680672268907563,0.02,1.1900000000000002
y_any,6,test,naive,sector,Water Resources,10,9,0.9,0.9,0.9,0.5,0.13531294267043897,0.21286836935166997,0.008403361344537815,0.0,0.0
y_any,6,test,naive,cost_band,1000-5000 cr,341,242,0.7096774193548387,0.7337582705218003,0.7337582705218003,0.5495867768595042,0.2029882127804108,0.003949783387278837,0.2865546218487395,0.46,1.6052785923753667
y_any,6,test,naive,cost_band,500-1000 cr,286,208,0.7272727272727273,0.7757677105503192,0.7757677105503192,0.592948717948718,0.19122607790425486,0.024932618815091075,0.24033613445378152,0.24,0.9986013986013985
y_any,6,test,naive,cost_band,over 5000 cr,76,50,0.6578947368421053,0.7350175438596491,0.7350175438596491,0.6207692307692309,0.21643674837870847,0.09993661898797672,0.06386554621848739,0.14,2.1921052631578952
y_any,6,test,naive,cost_band,under 500 cr,487,325,0.6673511293634496,0.7286818128197797,0.7286818128197797,0.5984140550807218,0.21444027103590171,0.07898394413104566,0.4092436974789916,0.16,0.3909650924024641
y_any,6,test,naive,age,due to 1.5x,207,183,0.8840579710144928,0.9045972915181754,0.9045972915181754,0.5932377049180328,0.12604988343015133,0.1580302637142409,0.17394957983193277,0.2,1.1497584541062804
y_any,6,test,naive,age,half to due,467,340,0.728051391862955,0.7433352388888351,0.7433352388888351,0.5332098193608152,0.19691984190631984,0.0259776709547647,0.39243697478991596,0.1,0.2548179871520343
y_any,6,test,naive,age,over 1.5x schedule,260,205,0.7884615384615384,0.8470974506125151,0.8470974506125151,0.6427937915742794,0.16187078952476433,0.0662336786495898,0.2184873949579832,0.56,2.5630769230769235
y_any,6,test,naive,age,under half of schedule,234,82,0.3504273504273504,0.3798728371899103,0.3798728371899103,0.5271983311938383,0.3404534180998296,0.34076099665484827,0.19663865546218487,0.0,0.0
y_any,6,test,naive,age,unknown,22,15,0.6818181818181818,0.6757575757575758,0.6757575757575758,0.48571428571428565,0.2265839344505187,0.06632712079312958,0.018487394957983194,0.14,7.572727272727273
y_any,6,test,naive,freshness,4-6 months,20,14,0.7,0.6857142857142857,0.6857142857142857,0.4642857142857143,0.22074050317666027,0.09167299593727558,0.01680672268907563,0.14,8.330000000000002
y_any,6,test,naive,freshness,current (3 months),1050,767,0.7304761904761905,0.7740379358203305,0.7740379358203305,0.587390180640465,0.19065336362193416,0.0195735004111574,0.8823529411764706,0.86,0.9746666666666667
y_any,6,test,naive,freshness,unknown,120,44,0.36666666666666664,0.36666666666666664,0.36666666666666664,0.5,0.334920015361991,0.3204649639816634,0.10084033613445378,0.0,0.0
y_any,6,test,naive,progress_reported,no,1190,825,0.6932773109243697,0.7406454199395376,0.7406454199395376,0.5845911166459111,0.20570692748739744,0.04583022600931401,1.0,1.0,1.0
y_any,6,test,naive,pre_event,no revision yet,615,358,0.5821138211382114,0.5821138211382114,0.5821138211382114,0.5,0.2542860606923854,0.10501780951011862,0.5168067226890757,0.0,0.0
y_any,6,test,naive,pre_event,revised before,575,467,0.8121739130434783,0.8505360003246606,0.8505360003246606,0.6118744547545404,0.15374837632032337,0.07953387271239973,0.4831932773109244,1.0,2.0695652173913044
y_any,6,test,naive,on_schedule,behind or over,683,541,0.7920937042459737,0.8292271804317255,0.8292271804317255,0.5981815105048033,0.16422218172187764,0.06802503799524763,0.5739495798319327,1.0,1.7423133235724746
y_any,6,test,naive,on_schedule,on schedule and cost,507,284,0.5601577909270217,0.5709989721365669,0.5709989721365669,0.5123239436619719,0.261592689534439,0.13376046086485754,0.4260504201680672,0.0,0.0
y_any,6,test,naive,report,quarterly,1190,825,0.6932773109243697,0.7406454199395376,0.7406454199395376,0.5845911166459111,0.20570692748739744,0.04583022600931401,1.0,1.0,1.0
y_any,6,test,rule,sector,Civil Aviation,26,23,0.8846153846153846,0.9318981394287773,0.9318981394287773,0.7028985507246377,0.12070254730982113,0.1619153393256378,0.021848739495798318,0.02,0.9153846153846155
y_any,6,test,rule,sector,Coal,90,46,0.5111111111111111,0.7129391517193482,0.7129391517193482,0.6971343873517787,0.28054532239265434,0.23613940575560832,0.07563025210084033,0.02,0.2644444444444445
y_any,6,test,rule,sector,Education,16,13,0.8125,0.7459134882211805,0.7459134882211805,0.38461538461538464,0.15830911808912718,0.15747540811330918,0.013445378151260505,0.0,0.0
y_any,6,test,rule,sector,Health,4,3,0.75,0.8055555555555556,0.8055555555555556,0.3333333333333333,0.1844831732894836,0.08904517301813772,0.0033613445378151263,0.0,0.0
y_any,6,test,rule,sector,Home Affairs,4,4,1.0,,,,0.05803992430863498,0.23633204618919468,0.0033613445378151263,0.04,11.9
y_any,6,test,rule,sector,Industry & Commerce,1,1,1.0,,,,0.09041058168739523,0.3006835241369158,0.0008403361344537816,0.0,0.0
y_any,6,test,rule,sector,Mines & Metals,7,5,0.7142857142857143,0.71,0.71,0.5,0.20508750508531884,0.12453299605265955,0.0058823529411764705,0.04,6.8
y_any,6,test,rule,sector,Petroleum & Natural Gas,81,50,0.6172839506172839,0.688698145110286,0.688698145110286,0.5748387096774193,0.24291442615049866,0.09582100443771316,0.0680672268907563,0.04,0.5876543209876544
y_any,6,test,rule,sector,Power,57,53,0.9298245614035088,0.9798920018987651,0.9798920018987651,0.7594339622641509,0.10777331243571661,0.2105848510685919,0.04789915966386555,0.12,2.5052631578947366
y_any,6,test,rule,sector,Railways,189,122,0.6455026455026455,0.7226298900422967,0.7226298900422967,0.6220332762417421,0.23183622421640976,0.09337999979968008,0.1588235294117647,0.5,3.1481481481481484
y_any,6,test,rule,sector,Roads & Highways,672,473,0.7038690476190477,0.7960620697239242,0.7960620697239242,0.6706099206391365,0.20457030022049288,0.09676265264118189,0.5647058823529412,0.16,0.2833333333333333
y_any,6,test,rule,sector,Shipping & Ports,1,0,0.0,,,,0.5397839018244648,0.7346998719371501,0.0008403361344537816,0.0,0.0
y_any,6,test,rule,sector,Steel,7,7,1.0,,,,0.07970160146227949,0.2805268309486345,0.0058823529411764705,0.0,0.0
y_any,6,test,rule,sector,Telecommunications,5,4,0.8,0.95,0.95,0.75,0.15427378970335734,0.228649483356019,0.004201680672268907,0.0,0.0
y_any,6,test,rule,sector,Urban Development & Housing,20,12,0.6,0.7767834289893114,0.7767834289893114,0.6666666666666666,0.24696525621712112,0.14324096752268953,0.01680672268907563,0.02,1.1900000000000002
y_any,6,test,rule,sector,Water Resources,10,9,0.9,0.8412257495590829,0.8412257495590829,0.1111111111111111,0.12580685720769766,0.2749045367537334,0.008403361344537815,0.04,4.760000000000001
y_any,6,test,rule,cost_band,1000-5000 cr,341,242,0.7096774193548387,0.7547957568421249,0.7547957568421249,0.6058310376492195,0.20353304333874744,0.04860937007175636,0.2865546218487395,0.48,1.6750733137829912
y_any,6,test,rule,cost_band,500-1000 cr,286,208,0.7272727272727273,0.884490466848086,0.884490466848086,0.7573348126232742,0.1897233987771573,0.17182968182999106,0.24033613445378152,0.12,0.49930069930069926
y_any,6,test,rule,cost_band,over 5000 cr,76,50,0.6578947368421053,0.8028875761389709,0.8028875761389709,0.6746153846153847,0.22270198592806326,0.09063477750551872,0.06386554621848739,0.32,5.010526315789474
y_any,6,test,rule,cost_band,under 500 cr,487,325,0.6673511293634496,0.7305371121357933,0.7305371121357933,0.625925925925926,0.2217644129204932,0.07448068755927396,0.4092436974789916,0.08,0.19548254620123204
y_any,6,test,rule,age,due to 1.5x,207,183,0.8840579710144928,0.8219110160181942,0.8219110160181942,0.2916666666666667,0.1297641773223701,0.16548033142857804,0.17394957983193277,0.24,1.3797101449275362
y_any,6,test,rule,age,half to due,467,340,0.728051391862955,0.7281017000587512,0.7281017000587512,0.5041454377026401,0.19920398947044543,0.030072325976514488,0.39243697478991596,0.02,0.050963597430406855
y_any,6,test,rule,age,over 1.5x schedule,260,205,0.7884615384615384,0.8085463050376891,0.8085463050376891,0.5053658536585366,0.1677461544538721,0.030019481555087546,0.2184873949579832,0.74,3.3869230769230767
y_any,6,test,rule,age,under half of schedule,234,82,0.3504273504273504,0.4073329674617409,0.4073329674617409,0.5450898587933248,0.3433705824525285,0.34150710118575744,0.19663865546218487,0.0,0.0
y_any,6,test,rule,age,unknown,22,15,0.6818181818181818,0.8072904483430798,0.8072904483430798,0.5904761904761904,0.21536889142117416,0.13509622989809766,0.018487394957983194,0.0,0.0
y_any,6,test,rule,freshness,4-6 months,20,14,0.7,0.8489738878007342,0.8489738878007342,0.6309523809523812,0.2036758277163559,0.12019335779833722,0.01680672268907563,0.0,0.0
y_any,6,test,rule,freshness,current (3 months),1050,767,0.7304761904761905,0.7869340375043623,0.7869340375043623,0.617522263326899,0.1941862918588017,0.07046862364785354,0.8823529411764706,0.98,1.1106666666666667
y_any,6,test,rule,freshness,unknown,120,44,0.36666666666666664,0.45564261992540966,0.45564261992540966,0.6076555023923444,0.3385096403793663,0.32736127236109236,0.10084033613445378,0.02,0.19833333333333333
y_any,6,test,rule,progress_reported,no,1190,825,0.6932773109243697,0.7763791171029455,0.7763791171029455,0.6504308841843087,0.20889939483327133,0.089049753741126,1.0,1.0,1.0
y_any,6,test,rule,pre_event,no revision yet,615,358,0.5821138211382114,0.6612495570238874,0.6612495570238874,0.6148675086407409,0.2552244535189577,0.11958012362415608,0.5168067226890757,0.04,0.07739837398373983
y_any,6,test,rule,pre_event,revised before,575,467,0.8121739130434783,0.8078329198274192,0.8078329198274192,0.46823697359029265,0.15935172336945028,0.07054146447046086,0.4831932773109244,0.96,1.9867826086956522
y_any,6,test,rule,on_schedule,behind or over,683,541,0.7920937042459737,0.790305789908548,0.790305789908548,0.4905625992554216,0.16895415848084328,0.0584444889055129,0.5739495798319327,1.0,1.7423133235724746
y_any,6,test,rule,on_schedule,on schedule and cost,507,284,0.5601577909270217,0.6514539101916599,0.6514539101916599,0.5964283458599128,0.2627112221088302,0.13918620391272452,0.4260504201680672,0.0,0.0
y_any,6,test,rule,report,quarterly,1190,825,0.6932773109243697,0.7763791171029455,0.7763791171029455,0.6504308841843087,0.20889939483327133,0.089049753741126,1.0,1.0,1.0
y_any,6,test,logreg,sector,Civil Aviation,26,23,0.8846153846153846,0.9423496444454997,0.9423496444454997,0.7391304347826088,0.07734480566323079,0.11814824337489432,0.021848739495798318,0.0,0.0
y_any,6,test,logreg,sector,Coal,90,46,0.5111111111111111,0.8750039869608829,0.8750039869608829,0.8769762845849802,0.15389701181079152,0.11878005750914367,0.07563025210084033,0.0,0.0
y_any,6,test,logreg,sector,Education,16,13,0.8125,0.8275738150738151,0.8275738150738151,0.4102564102564103,0.17393607187945698,0.15242842079798458,0.013445378151260505,0.06,4.4624999999999995
y_any,6,test,logreg,sector,Health,4,3,0.75,1.0,1.0,1.0,0.12334629998822337,0.3272875060585956,0.0033613445378151263,0.0,0.0
y_any,6,test,logreg,sector,Home Affairs,4,4,1.0,,,,0.0063858132166369425,0.06292124600708596,0.0033613445378151263,0.0,0.0
y_any,6,test,logreg,sector,Industry & Commerce,1,1,1.0,,,,0.507464486740413,0.7123654165808535,0.0008403361344537816,0.0,0.0
y_any,6,test,logreg,sector,Mines & Metals,7,5,0.7142857142857143,0.6595238095238095,0.6595238095238095,0.3,0.2455625857973205,0.2778214993319622,0.0058823529411764705,0.0,0.0
y_any,6,test,logreg,sector,Petroleum & Natural Gas,81,50,0.6172839506172839,0.8786942129014839,0.8786942129014839,0.7845161290322581,0.24654527079901745,0.24027920726371985,0.0680672268907563,0.02,0.2938271604938272
y_any,6,test,logreg,sector,Power,57,53,0.9298245614035088,0.9782897702693407,0.9782897702693407,0.7547169811320755,0.0603256944081003,0.056975734093620216,0.04789915966386555,0.02,0.4175438596491228
y_any,6,test,logreg,sector,Railways,189,122,0.6455026455026455,0.8486412026708274,0.8486412026708274,0.7714705162711035,0.1825725116611864,0.040650123190977015,0.1588235294117647,0.04,0.2518518518518519
y_any,6,test,logreg,sector,Roads & Highways,672,473,0.7038690476190477,0.8390362484588133,0.8390362484588133,0.760600040370988,0.2092545082495057,0.18124619640434111,0.5647058823529412,0.86,1.5229166666666667
y_any,6,test,logreg,sector,Shipping & Ports,1,0,0.0,,,,0.11873795528564993,0.3445837420506805,0.0008403361344537816,0.0,0.0
y_any,6,test,logreg,sector,Steel,7,7,1.0,,,,0.0072005880210949825,0.08111856894184499,0.0058823529411764705,0.0,0.0
y_any,6,test,logreg,sector,Telecommunications,5,4,0.8,1.0,1.0,1.0,0.13238964413969917,0.23446751084756734,0.004201680672268907,0.0,0.0
y_any,6,test,logreg,sector,Urban Development & Housing,20,12,0.6,0.7024387094530284,0.7024387094530284,0.5,0.30785184884680944,0.24822485745490797,0.01680672268907563,0.0,0.0
y_any,6,test,logreg,sector,Water Resources,10,9,0.9,1.0,1.0,1.0,0.12174341864227349,0.3336183771917973,0.008403361344537815,0.0,0.0
y_any,6,test,logreg,cost_band,1000-5000 cr,341,242,0.7096774193548387,0.878405036135689,0.878405036135689,0.7784873528675182,0.18564687180188602,0.137077287327454,0.2865546218487395,0.14,0.4885630498533725
y_any,6,test,logreg,cost_band,500-1000 cr,286,208,0.7272727272727273,0.8997641571311276,0.8997641571311276,0.7802638067061143,0.18077922835406868,0.12237060351615493,0.24033613445378152,0.2,0.8321678321678322
y_any,6,test,logreg,cost_band,over 5000 cr,76,50,0.6578947368421053,0.9023858416948323,0.9023858416948323,0.8192307692307692,0.17528396765185109,0.13117480043124377,0.06386554621848739,0.04,0.6263157894736843
y_any,6,test,logreg,cost_band,under 500 cr,487,325,0.6673511293634496,0.7941675817149273,0.7941675817149273,0.7232098765432098,0.20492711968025695,0.1513036292476873,0.4092436974789916,0.62,1.5149897330595483
y_any,6,test,logreg,age,due to 1.5x,207,183,0.8840579710144928,0.9206135461419936,0.9206135461419936,0.6821493624772313,0.10333697267212631,0.050951565104101676,0.17394957983193277,0.32,1.8396135265700484
y_any,6,test,logreg,age,half to due,467,340,0.728051391862955,0.9046877054187906,0.9046877054187906,0.7660259379342288,0.18856244623092852,0.12826048996930944,0.39243697478991596,0.1,0.2548179871520343
y_any,6,test,logreg,age,over 1.5x schedule,260,205,0.7884615384615384,0.8298908345913145,0.8298908345913145,0.5905986696230598,0.1816108962684295,0.14237732273150616,0.2184873949579832,0.52,2.38
y_any,6,test,logreg,age,under half of schedule,234,82,0.3504273504273504,0.5731267372484433,0.5731267372484433,0.7226412066752246,0.28092661038092626,0.2701878594314755,0.19663865546218487,0.04,0.20341880341880342
y_any,6,test,logreg,age,unknown,22,15,0.6818181818181818,0.610728201966592,0.610728201966592,0.380952380952381,0.2602025376195643,0.2911861282943653,0.018487394957983194,0.02,1.0818181818181818
y_any,6,test,logreg,freshness,4-6 months,20,14,0.7,0.7415157088476417,0.7415157088476417,0.5833333333333334,0.19988213635146113,0.24072183284191845,0.01680672268907563,0.02,1.1900000000000002
y_any,6,test,logreg,freshness,current (3 months),1050,767,0.7304761904761905,0.8529623858490982,0.8529623858490982,0.7365072491143043,0.17592549316832656,0.10556443835438642,0.8823529411764706,0.98,1.1106666666666667
y_any,6,test,logreg,freshness,unknown,120,44,0.36666666666666664,0.7498309846708686,0.7498309846708686,0.8011363636363636,0.3284176738813373,0.36178686961567696,0.10084033613445378,0.0,0.0
y_any,6,test,logreg,progress_reported,no,1190,825,0.6932773109243697,0.8410432214991175,0.8410432214991175,0.754035699460357,0.1917054885878425,0.12876848991189913,1.0,1.0,1.0
y_any,6,test,logreg,pre_event,no revision yet,615,358,0.5821138211382114,0.8178798940965164,0.8178798940965164,0.7849488076864551,0.22951451139938361,0.1853524836778955,0.5168067226890757,0.12,0.23219512195121947
y_any,6,test,logreg,pre_event,revised before,575,467,0.8121739130434783,0.8631991944908791,0.8631991944908791,0.6387302720279167,0.15126627288506375,0.08794322916938395,0.4831932773109244,0.88,1.821217391304348
y_any,6,test,logreg,on_schedule,behind or over,683,541,0.7920937042459737,0.8514121011297562,0.8514121011297562,0.6528077894353179,0.1597575572287478,0.09093176450240006,0.5739495798319327,0.92,1.6029282576866766
y_any,6,test,logreg,on_schedule,on schedule and cost,507,284,0.5601577909270217,0.8342664712520296,0.8342664712520296,0.8061169708835976,0.23474382609920685,0.20043522392133292,0.4260504201680672,0.08,0.18777120315581855
y_any,6,test,logreg,report,quarterly,1190,825,0.6932773109243697,0.8410432214991175,0.8410432214991175,0.754035699460357,0.1917054885878425,0.12876848991189913,1.0,1.0,1.0
y_any,6,test,lightgbm,sector,Civil Aviation,26,23,0.8846153846153846,0.9861224594395424,0.9861224594395424,0.8985507246376812,0.06823145315224464,0.059282000561707675,0.021848739495798318,0.0,0.0
y_any,6,test,lightgbm,sector,Coal,90,46,0.5111111111111111,0.9374311762346664,0.9374311762346664,0.9234189723320159,0.12102329299767427,0.12523631285862183,0.07563025210084033,0.02,0.2644444444444445
y_any,6,test,lightgbm,sector,Education,16,13,0.8125,0.8057175730252654,0.8057175730252654,0.5641025641025641,0.17039111990600908,0.14272062747542458,0.013445378151260505,0.0,0.0
y_any,6,test,lightgbm,sector,Health,4,3,0.75,1.0,1.0,1.0,0.08951297744956078,0.2664933222486512,0.0033613445378151263,0.0,0.0
y_any,6,test,lightgbm,sector,Home Affairs,4,4,1.0,,,,0.002386930976074599,0.04667690410730263,0.0033613445378151263,0.0,0.0
y_any,6,test,lightgbm,sector,Industry & Commerce,1,1,1.0,,,,0.09947781712676569,0.3154010417337991,0.0008403361344537816,0.0,0.0
y_any,6,test,lightgbm,sector,Mines & Metals,7,5,0.7142857142857143,0.6961904761904762,0.6961904761904762,0.2,0.2761762300944757,0.3451557099479427,0.0058823529411764705,0.0,0.0
y_any,6,test,lightgbm,sector,Petroleum & Natural Gas,81,50,0.6172839506172839,0.913962667752515,0.913962667752515,0.836774193548387,0.18723394697676396,0.18413786651097122,0.0680672268907563,0.02,0.2938271604938272
y_any,6,test,lightgbm,sector,Power,57,53,0.9298245614035088,0.9891445877987598,0.9891445877987598,0.8679245283018868,0.05240042648982098,0.059220953269423296,0.04789915966386555,0.14,2.92280701754386
y_any,6,test,lightgbm,sector,Railways,189,122,0.6455026455026455,0.8529644093243149,0.8529644093243149,0.7631514558355762,0.19588073762960195,0.12213401432647501,0.1588235294117647,0.0,0.0
y_any,6,test,lightgbm,sector,Roads & Highways,672,473,0.7038690476190477,0.8218036727256425,0.8218036727256425,0.7007553624358579,0.22002841158621922,0.218957433906835,0.5647058823529412,0.82,1.4520833333333332
y_any,6,test,lightgbm,sector,Shipping & Ports,1,0,0.0,,,,0.12035042590648903,0.3469155890220113,0.0008403361344537816,0.0,0.0
y_any,6,test,lightgbm,sector,Steel,7,7,1.0,,,,0.020976287286305687,0.0976866235794942,0.0058823529411764705,0.0,0.0
y_any,6,test,lightgbm,sector,Telecommunications,5,4,0.8,1.0,1.0,1.0,0.06156210952612394,0.14568044903497543,0.004201680672268907,0.0,0.0
y_any,6,test,lightgbm,sector,Urban Development & Housing,20,12,0.6,0.6625104062604064,0.6625104062604064,0.4791666666666667,0.2970967741703024,0.24309192065978596,0.01680672268907563,0.0,0.0
y_any,6,test,lightgbm,sector,Water Resources,10,9,0.9,1.0,1.0,1.0,0.06805613640174032,0.23627475984659285,0.008403361344537815,0.0,0.0
y_any,6,test,lightgbm,cost_band,1000-5000 cr,341,242,0.7096774193548387,0.8495927699867103,0.8495927699867103,0.7386467985641539,0.18841427371475497,0.1744172636059182,0.2865546218487395,0.4,1.3958944281524928
y_any,6,test,lightgbm,cost_band,500-1000 cr,286,208,0.7272727272727273,0.8455373301838486,0.8455373301838486,0.7429117357001972,0.16377010041496143,0.13225777003795014,0.24033613445378152,0.18,0.7489510489510489
y_any,6,test,lightgbm,cost_band,over 5000 cr,76,50,0.6578947368421053,0.9192497667906322,0.9192497667906322,0.8553846153846153,0.15935599387646304,0.15758940224380022,0.06386554621848739,0.08,1.2526315789473685
y_any,6,test,lightgbm,cost_band,under 500 cr,487,325,0.6673511293634496,0.8185922678003292,0.8185922678003292,0.7360968660968661,0.2152462615742314,0.19288135578778012,0.4092436974789916,0.34,0.8308008213552363
y_any,6,test,lightgbm,age,due to 1.5x,207,183,0.8840579710144928,0.9389977485133465,0.9389977485133465,0.7249544626593808,0.09766067482397862,0.056917078906956145,0.17394957983193277,0.16,0.9198067632850242
y_any,6,test,lightgbm,age,half to due,467,340,0.728051391862955,0.8334021025009171,0.8334021025009171,0.6724872626215841,0.2042697278304851,0.18257635938196054,0.39243697478991596,0.6,1.5289079229122056
y_any,6,test,lightgbm,age,over 1.5x schedule,260,205,0.7884615384615384,0.906221660249785,0.906221660249785,0.7159201773835921,0.1780023834104876,0.1437236570081285,0.2184873949579832,0.16,0.7323076923076923
y_any,6,test,lightgbm,age,under half of schedule,234,82,0.3504273504273504,0.6360285987803058,0.6360285987803058,0.782573812580231,0.2540476232498556,0.2711780211386116,0.19663865546218487,0.06,0.3051282051282051
y_any,6,test,lightgbm,age,unknown,22,15,0.6818181818181818,0.6339598900125215,0.6339598900125215,0.2857142857142857,0.30390976654905477,0.3012388289373841,0.018487394957983194,0.02,1.0818181818181818
y_any,6,test,lightgbm,freshness,4-6 months,20,14,0.7,0.7315311049582388,0.7315311049582388,0.42857142857142855,0.2475164175900733,0.25134330398340077,0.01680672268907563,0.0,0.0
y_any,6,test,lightgbm,freshness,current (3 months),1050,767,0.7304761904761905,0.8550791007774758,0.8550791007774758,0.7383984225632425,0.1748152962231893,0.1373470907532933,0.8823529411764706,0.98,1.1106666666666667
y_any,6,test,lightgbm,freshness,unknown,120,44,0.36666666666666664,0.7036688643054857,0.7036688643054857,0.8098086124401914,0.32930926325435084,0.39244487169091674,0.10084033613445378,0.02,0.19833333333333333
y_any,6,test,lightgbm,progress_reported,no,1190,825,0.6932773109243697,0.8368154079266894,0.8368154079266894,0.7452021585720217,0.1916163873753549,0.1604458735066058,1.0,1.0,1.0
y_any,6,test,lightgbm,pre_event,no revision yet,615,358,0.5821138211382114,0.7930734063841641,0.7930734063841641,0.7759711323174575,0.2319100262725478,0.22928402395160652,0.5168067226890757,0.58,1.1222764227642275
y_any,6,test,lightgbm,pre_event,revised before,575,467,0.8121739130434783,0.9151923975739675,0.9151923975739675,0.7117733365056705,0.14851971272879208,0.10494097871464848,0.4831932773109244,0.42,0.8692173913043478
y_any,6,test,lightgbm,on_schedule,behind or over,683,541,0.7920937042459737,0.8839521682248224,0.8839521682248224,0.6995782458150008,0.1604147636798448,0.12016957980396704,0.5739495798319327,0.46,0.8014641288433383
y_any,6,test,lightgbm,on_schedule,on schedule and cost,507,284,0.5601577909270217,0.8080179803280589,0.8080179803280589,0.795774647887324,0.23364934395135764,0.23382071146739827,0.4260504201680672,0.54,1.2674556213017754
y_any,6,test,lightgbm,report,quarterly,1190,825,0.6932773109243697,0.8368154079266894,0.8368154079266894,0.7452021585720217,0.1916163873753549,0.1604458735066058,1.0,1.0,1.0
