report_date,report_type,fiscal_year,source_file,page,item,metric,period,basis,value,unit,value_text,column_label
2025-12,Performance Review,2025-26,Review Report Dec 25.pdf,22,Cement (MT),achievement,2021-12,cumulative,255.99,MT,255.99,Achievement (as per units applicable) April - December 2021
2025-12,Performance Review,2025-26,Review Report Dec 25.pdf,22,Coal (MT) excluding Lignite,achievement,2021-12,cumulative,522.973,,522.973,Achievement (as per units applicable) April - December 2021
2025-12,Performance Review,2025-26,Review Report Dec 25.pdf,22,Fertilizers (MT) includes Nitrogen and Phosphate Production only,achievement,2021-12,cumulative,14.055,,14.055,Achievement (as per units applicable) April - December 2021
2025-12,Performance Review,2025-26,Review Report Dec 25.pdf,22,Freight Traffic (MT),achievement,2021-12,cumulative,1029.97,MT,1029.97,Achievement (as per units applicable) April - December 2021
2025-12,Performance Review,2025-26,Review Report Dec 25.pdf,22,Power (BU),achievement,2021-12,cumulative,1113.712,BU,1113.712,Achievement (as per units applicable) April - December 2021
2025-12,Performance Review,2025-26,Review Report Dec 25.pdf,22,Steel (Finished Steel) (MT),achievement,2021-12,cumulative,83.1,MT,83.100,Achievement (as per units applicable) April - December 2021
2025-12,Performance Review,2025-26,Review Report Dec 25.pdf,22,i) Cargo Handled at Major Ports (MT),achievement,2021-12,cumulative,529.16,MT,529.160,Achievement (as per units applicable) April - December 2021
2025-12,Performance Review,2025-26,Review Report Dec 25.pdf,22,i) Crude Oil Prod. (MT),achievement,2021-12,cumulative,22.38,MT,22.380,Achievement (as per units applicable) April - December 2021
2025-12,Performance Review,2025-26,Review Report Dec 25.pdf,22,i) NHAI (KM),achievement,2021-12,cumulative,2025.0,KM,2025,Achievement (as per units applicable) April - December 2021
2025-12,Performance Review,2025-26,Review Report Dec 25.pdf,22,i) Wired Subscribers ('000 No.),achievement,2021-12,cumulative,3293.549,,3293.549,Achievement (as per units applicable) April - December 2021
2025-12,Performance Review,2025-26,Review Report Dec 25.pdf,22,ii) Coal handled at Major Ports(MT),achievement,2021-12,cumulative,108.921,MT,108.921,Achievement (as per units applicable) April - December 2021
2025-12,Performance Review,2025-26,Review Report Dec 25.pdf,22,ii) Crude Oil Processed (MT),achievement,2021-12,cumulative,177.215,MT,177.215,Achievement (as per units applicable) April - December 2021
2025-12,Performance Review,2025-26,Review Report Dec 25.pdf,22,ii) New net Cell phone (WLL+ GSM) connections ('000 No.),achievement,2021-12,cumulative,-13144.716,,-13144.716,Achievement (as per units applicable) April - December 2021
2025-12,Performance Review,2025-26,Review Report Dec 25.pdf,22,ii) State PWD & BRO (KM),achievement,2021-12,cumulative,2804.99,KM,2804.99,Achievement (as per units applicable) April - December 2021
2025-12,Performance Review,2025-26,Review Report Dec 25.pdf,22,iii) Natural Gas (MCM),achievement,2021-12,cumulative,25674.0,MCM,25674,Achievement (as per units applicable) April - December 2021
2025-12,Performance Review,2025-26,Review Report Dec 25.pdf,22,iii) Passengers handled at International Terminals (Lakh),achievement,2021-12,cumulative,138.834,Lakh,138.834,Achievement (as per units applicable) April - December 2021
2025-12,Performance Review,2025-26,Review Report Dec 25.pdf,22,iv) Passengers handled at Domestic Terminal (Lakh),achievement,2021-12,cumulative,1177.342,Lakh,1177.342,Achievement (as per units applicable) April - December 2021
2025-12,Performance Review,2025-26,Review Report Dec 25.pdf,22,Cement (MT),achievement,2022-12,cumulative,283.61,MT,283.61,Achievement (as per units applicable) April - December 2022
2025-12,Performance Review,2025-26,Review Report Dec 25.pdf,22,Cement (MT),achievement,2022-12,cumulative,10.79,MT,10.79,Percent change in achievement over corresponding period of the previous year April - December 2022
2025-12,Performance Review,2025-26,Review Report Dec 25.pdf,22,Coal (MT) excluding Lignite,achievement,2022-12,cumulative,608.829,,608.829,Achievement (as per units applicable) April - December 2022
2025-12,Performance Review,2025-26,Review Report Dec 25.pdf,22,Coal (MT) excluding Lignite,achievement,2022-12,cumulative,16.42,,16.42,Percent change in achievement over corresponding period of the previous year April - December 2022
2025-12,Performance Review,2025-26,Review Report Dec 25.pdf,22,Fertilizers (MT) includes Nitrogen and Phosphate Production only,achievement,2022-12,cumulative,15.407,,15.407,Achievement (as per units applicable) April - December 2022
2025-12,Performance Review,2025-26,Review Report Dec 25.pdf,22,Fertilizers (MT) includes Nitrogen and Phosphate Production only,achievement,2022-12,cumulative,9.62,,9.62,Percent change in achievement over corresponding period of the previous year April - December 2022
2025-12,Performance Review,2025-26,Review Report Dec 25.pdf,22,Freight Traffic (MT),achievement,2022-12,cumulative,1109.41,MT,1109.41,Achievement (as per units applicable) April - December 2022
2025-12,Performance Review,2025-26,Review Report Dec 25.pdf,22,Freight Traffic (MT),achievement,2022-12,cumulative,7.71,MT,7.71,Percent change in achievement over corresponding period of the previous year April - December 2022
2025-12,Performance Review,2025-26,Review Report Dec 25.pdf,22,Power (BU),achievement,2022-12,cumulative,1223.619,BU,1223.619,Achievement (as per units applicable) April - December 2022
2025-12,Performance Review,2025-26,Review Report Dec 25.pdf,22,Power (BU),achievement,2022-12,cumulative,9.87,BU,9.87,Percent change in achievement over corresponding period of the previous year April - December 2022
2025-12,Performance Review,2025-26,Review Report Dec 25.pdf,22,Steel (Finished Steel) (MT),achievement,2022-12,cumulative,89.555,MT,89.555,Achievement (as per units applicable) April - December 2022
2025-12,Performance Review,2025-26,Review Report Dec 25.pdf,22,Steel (Finished Steel) (MT),achievement,2022-12,cumulative,7.77,MT,7.77,Percent change in achievement over corresponding period of the previous year April - December 2022
2025-12,Performance Review,2025-26,Review Report Dec 25.pdf,22,i) Cargo Handled at Major Ports (MT),achievement,2022-12,cumulative,576.701,MT,576.701,Achievement (as per units applicable) April - December 2022
2025-12,Performance Review,2025-26,Review Report Dec 25.pdf,22,i) Cargo Handled at Major Ports (MT),achievement,2022-12,cumulative,8.98,MT,8.98,Percent change in achievement over corresponding period of the previous year April - December 2022
2025-12,Performance Review,2025-26,Review Report Dec 25.pdf,22,i) Crude Oil Prod. (MT),achievement,2022-12,cumulative,22.078,MT,22.078,Achievement (as per units applicable) April - December 2022
2025-12,Performance Review,2025-26,Review Report Dec 25.pdf,22,i) Crude Oil Prod. (MT),achievement,2022-12,cumulative,-1.35,MT,-1.35,Percent change in achievement over corresponding period of the previous year April - December 2022
2025-12,Performance Review,2025-26,Review Report Dec 25.pdf,22,i) NHAI (KM),achievement,2022-12,cumulative,2530.0,KM,2530.00,Achievement (as per units applicable) April - December 2022
2025-12,Performance Review,2025-26,Review Report Dec 25.pdf,22,i) NHAI (KM),achievement,2022-12,cumulative,24.94,KM,24.94,Percent change in achievement over corresponding period of the previous year April - December 2022
2025-12,Performance Review,2025-26,Review Report Dec 25.pdf,22,i) Wired Subscribers ('000 No.),achievement,2022-12,cumulative,2261.075,,2261.075,Achievement (as per units applicable) April - December 2022
2025-12,Performance Review,2025-26,Review Report Dec 25.pdf,22,i) Wired Subscribers ('000 No.),achievement,2022-12,cumulative,-31.35,,-31.35,Percent change in achievement over corresponding period of the previous year April - December 2022
2025-12,Performance Review,2025-26,Review Report Dec 25.pdf,22,ii) Coal handled at Major Ports(MT),achievement,2022-12,cumulative,140.684,MT,140.684,Achievement (as per units applicable) April - December 2022
2025-12,Performance Review,2025-26,Review Report Dec 25.pdf,22,ii) Coal handled at Major Ports(MT),achievement,2022-12,cumulative,29.16,MT,29.16,Percent change in achievement over corresponding period of the previous year April - December 2022
2025-12,Performance Review,2025-26,Review Report Dec 25.pdf,22,ii) Crude Oil Processed (MT),achievement,2022-12,cumulative,188.572,MT,188.572,Achievement (as per units applicable) April - December 2022
2025-12,Performance Review,2025-26,Review Report Dec 25.pdf,22,ii) Crude Oil Processed (MT),achievement,2022-12,cumulative,6.41,MT,6.41,Percent change in achievement over corresponding period of the previous year April - December 2022
2025-12,Performance Review,2025-26,Review Report Dec 25.pdf,22,ii) New net Cell phone (WLL+ GSM) connections ('000 No.),achievement,2022-12,cumulative,993.735,,993.735,Achievement (as per units applicable) April - December 2022
2025-12,Performance Review,2025-26,Review Report Dec 25.pdf,22,ii) New net Cell phone (WLL+ GSM) connections ('000 No.),achievement,2022-12,cumulative,-107.56,,-107.56,Percent change in achievement over corresponding period of the previous year April - December 2022
2025-12,Performance Review,2025-26,Review Report Dec 25.pdf,22,ii) State PWD & BRO (KM),achievement,2022-12,cumulative,2432.0,KM,2432.00,Achievement (as per units applicable) April - December 2022
2025-12,Performance Review,2025-26,Review Report Dec 25.pdf,22,ii) State PWD & BRO (KM),achievement,2022-12,cumulative,-13.3,KM,-13.30,Percent change in achievement over corresponding period of the previous year April - December 2022
2025-12,Performance Review,2025-26,Review Report Dec 25.pdf,22,iii) Natural Gas (MCM),achievement,2022-12,cumulative,25868.0,MCM,25868,Achievement (as per units applicable) April - December 2022
2025-12,Performance Review,2025-26,Review Report Dec 25.pdf,22,iii) Natural Gas (MCM),achievement,2022-12,cumulative,0.76,MCM,0.76,Percent change in achievement over corresponding period of the previous year April - December 2022
2025-12,Performance Review,2025-26,Review Report Dec 25.pdf,22,iii) Passengers handled at International Terminals (Lakh),achievement,2022-12,cumulative,410.545,Lakh,410.545,Achievement (as per units applicable) April - December 2022
2025-12,Performance Review,2025-26,Review Report Dec 25.pdf,22,iii) Passengers handled at International Terminals (Lakh),achievement,2022-12,cumulative,195.71,Lakh,195.71,Percent change in achievement over corresponding period of the previous year April - December 2022
2025-12,Performance Review,2025-26,Review Report Dec 25.pdf,22,iv) Passengers handled at Domestic Terminal (Lakh),achievement,2022-12,cumulative,1956.573,Lakh,1956.573,Achievement (as per units applicable) April - December 2022
2025-12,Performance Review,2025-26,Review Report Dec 25.pdf,22,iv) Passengers handled at Domestic Terminal (Lakh),achievement,2022-12,cumulative,66.19,Lakh,66.19,Percent change in achievement over corresponding period of the previous year April - December 2022
2025-12,Performance Review,2025-26,Review Report Dec 25.pdf,22,Cement (MT),achievement,2023-12,cumulative,309.84,MT,309.84,Achievement (as per units applicable) April - December 2023
2025-12,Performance Review,2025-26,Review Report Dec 25.pdf,22,Cement (MT),achievement,2023-12,cumulative,9.25,MT,9.25,Percent change in achievement over corresponding period of the previous year April - December 2023
2025-12,Performance Review,2025-26,Review Report Dec 25.pdf,22,Coal (MT) excluding Lignite,achievement,2023-12,cumulative,684.476,,684.476,Achievement (as per units applicable) April - December 2023
2025-12,Performance Review,2025-26,Review Report Dec 25.pdf,22,Coal (MT) excluding Lignite,achievement,2023-12,cumulative,12.42,,12.42,Percent change in achievement over corresponding period of the previous year April - December 2023
2025-12,Performance Review,2025-26,Review Report Dec 25.pdf,22,Fertilizers (MT) includes Nitrogen and Phosphate Production only,achievement,2023-12,cumulative,16.776,,16.776,Achievement (as per units applicable) April - December 2023
2025-12,Performance Review,2025-26,Review Report Dec 25.pdf,22,Fertilizers (MT) includes Nitrogen and Phosphate Production only,achievement,2023-12,cumulative,8.89,,8.89,Percent change in achievement over corresponding period of the previous year April - December 2023
2025-12,Performance Review,2025-26,Review Report Dec 25.pdf,22,Freight Traffic (MT),achievement,2023-12,cumulative,1154.65,MT,1154.65,Achievement (as per units applicable) April - December 2023
2025-12,Performance Review,2025-26,Review Report Dec 25.pdf,22,Freight Traffic (MT),achievement,2023-12,cumulative,4.08,MT,4.08,Percent change in achievement over corresponding period of the previous year April - December 2023
2025-12,Performance Review,2025-26,Review Report Dec 25.pdf,22,Power (BU),achievement,2023-12,cumulative,1308.968,BU,1308.968,Achievement (as per units applicable) April - December 2023
2025-12,Performance Review,2025-26,Review Report Dec 25.pdf,22,Power (BU),achievement,2023-12,cumulative,6.98,BU,6.98,Percent change in achievement over corresponding period of the previous year April - December 2023
2025-12,Performance Review,2025-26,Review Report Dec 25.pdf,22,Steel (Finished Steel) (MT),achievement,2023-12,cumulative,102.667,MT,102.667,Achievement (as per units applicable) April - December 2023
2025-12,Performance Review,2025-26,Review Report Dec 25.pdf,22,Steel (Finished Steel) (MT),achievement,2023-12,cumulative,14.64,MT,14.64,Percent change in achievement over corresponding period of the previous year April - December 2023
2025-12,Performance Review,2025-26,Review Report Dec 25.pdf,22,i) Cargo Handled at Major Ports (MT),achievement,2023-12,cumulative,605.505,MT,605.505,Achievement (as per units applicable) April - December 2023
2025-12,Performance Review,2025-26,Review Report Dec 25.pdf,22,i) Cargo Handled at Major Ports (MT),achievement,2023-12,cumulative,4.99,MT,4.99,Percent change in achievement over corresponding period of the previous year April - December 2023
2025-12,Performance Review,2025-26,Review Report Dec 25.pdf,22,i) Crude Oil Prod. (MT),achievement,2023-12,cumulative,22.018,MT,22.018,Achievement (as per units applicable) April - December 2023
2025-12,Performance Review,2025-26,Review Report Dec 25.pdf,22,i) Crude Oil Prod. (MT),achievement,2023-12,cumulative,-0.27,MT,-0.27,Percent change in achievement over corresponding period of the previous year April - December 2023
2025-12,Performance Review,2025-26,Review Report Dec 25.pdf,22,i) NHAI (KM),achievement,2023-12,cumulative,2984.0,KM,2984.00,Achievement (as per units applicable) April - December 2023
2025-12,Performance Review,2025-26,Review Report Dec 25.pdf,22,i) NHAI (KM),achievement,2023-12,cumulative,17.94,KM,17.94,Percent change in achievement over corresponding period of the previous year April - December 2023
2025-12,Performance Review,2025-26,Review Report Dec 25.pdf,22,i) Wired Subscribers ('000 No.),achievement,2023-12,cumulative,2297.978,,2297.978,Achievement (as per units applicable) April - December 2023
2025-12,Performance Review,2025-26,Review Report Dec 25.pdf,22,i) Wired Subscribers ('000 No.),achievement,2023-12,cumulative,1.63,,1.63,Percent change in achievement over corresponding period of the previous year April - December 2023
2025-12,Performance Review,2025-26,Review Report Dec 25.pdf,22,ii) Coal handled at Major Ports(MT),achievement,2023-12,cumulative,143.525,MT,143.525,Achievement (as per units applicable) April - December 2023
2025-12,Performance Review,2025-26,Review Report Dec 25.pdf,22,ii) Coal handled at Major Ports(MT),achievement,2023-12,cumulative,2.02,MT,2.02,Percent change in achievement over corresponding period of the previous year April - December 2023
2025-12,Performance Review,2025-26,Review Report Dec 25.pdf,22,ii) Crude Oil Processed (MT),achievement,2023-12,cumulative,194.599,MT,194.599,Achievement (as per units applicable) April - December 2023
2025-12,Performance Review,2025-26,Review Report Dec 25.pdf,22,ii) Crude Oil Processed (MT),achievement,2023-12,cumulative,3.2,MT,3.20,Percent change in achievement over corresponding period of the previous year April - December 2023
2025-12,Performance Review,2025-26,Review Report Dec 25.pdf,22,ii) New net Cell phone (WLL+ GSM) connections ('000 No.),achievement,2023-12,cumulative,10245.516,,10245.516,Achievement (as per units applicable) April - December 2023
2025-12,Performance Review,2025-26,Review Report Dec 25.pdf,22,ii) New net Cell phone (WLL+ GSM) connections ('000 No.),achievement,2023-12,cumulative,931.01,,931.01,Percent change in achievement over corresponding period of the previous year April - December 2023
2025-12,Performance Review,2025-26,Review Report Dec 25.pdf,22,ii) State PWD & BRO (KM),achievement,2023-12,cumulative,2697.0,KM,2697.00,Achievement (as per units applicable) April - December 2023
2025-12,Performance Review,2025-26,Review Report Dec 25.pdf,22,ii) State PWD & BRO (KM),achievement,2023-12,cumulative,10.9,KM,10.90,Percent change in achievement over corresponding period of the previous year April - December 2023
2025-12,Performance Review,2025-26,Review Report Dec 25.pdf,22,iii) Natural Gas (MCM),achievement,2023-12,cumulative,27214.0,MCM,27214,Achievement (as per units applicable) April - December 2023
2025-12,Performance Review,2025-26,Review Report Dec 25.pdf,22,iii) Natural Gas (MCM),achievement,2023-12,cumulative,5.2,MCM,5.20,Percent change in achievement over corresponding period of the previous year April - December 2023
2025-12,Performance Review,2025-26,Review Report Dec 25.pdf,22,iii) Passengers handled at International Terminals (Lakh),achievement,2023-12,cumulative,510.47,Lakh,510.470,Achievement (as per units applicable) April - December 2023
2025-12,Performance Review,2025-26,Review Report Dec 25.pdf,22,iii) Passengers handled at International Terminals (Lakh),achievement,2023-12,cumulative,24.34,Lakh,24.34,Percent change in achievement over corresponding period of the previous year April - December 2023
2025-12,Performance Review,2025-26,Review Report Dec 25.pdf,22,iv) Passengers handled at Domestic Terminal (Lakh),achievement,2023-12,cumulative,2282.34,Lakh,2282.340,Achievement (as per units applicable) April - December 2023
2025-12,Performance Review,2025-26,Review Report Dec 25.pdf,22,iv) Passengers handled at Domestic Terminal (Lakh),achievement,2023-12,cumulative,16.65,Lakh,16.65,Percent change in achievement over corresponding period of the previous year April - December 2023
2026-01,Performance Review,2025-26,Review Report Jan26.pdf,30,All India - Total,achievement,2024-04,cumulative,830.9,,830.900,"April,2024- January 2025 Actual Achievement (Provisional) 39.450 32.680 66.760 117.200 52.810 128.940 183.120 0.200"
2026-01,Performance Review,2025-26,Review Report Jan26.pdf,33,All India - Total,achievement,2024-04,cumulative,844.84,,844.840,"April,2024- January 2025 Actual Achievement (Provisional) 39.850 31.700 70.870 114.650 55.610 140.720 177.470 0.230"
2026-01,Performance Review,2025-26,Review Report Jan26.pdf,30,All India - Total,variation_pct,2024-04,cumulative,14.02,,14.02,"% Variation Over Actual April,2024- January 2025 -1.12 -15.51 -9.38 905.30 -10.24 7.59 -2.82 -10.00"
2026-01,Performance Review,2025-26,Review Report Jan26.pdf,33,All India - Total,variation_pct,2024-04,cumulative,-1.28,,-1.28,"% Variation Over Actual April,2024- January 2025 -4.79 -10.95 -13.72 -0.03 -11.02 3.62 -1.34 -34.78"
2026-01,Performance Review,2025-26,Review Report Jan26.pdf,42,All India Total (A+B+C),achievement,2024-04,cumulative,24031.92,,24031.92,"April,2024- January 2025 Actual Achievement (Provisional) A. Oil & Natural Gas corporation (ONGC) Gujarat - 4060.67 3724.40 3812.03 -8.28 -2.30 Assam - 980.33 875.83 877.69 -10.66 -0.21 Tamil Nadu - 197.00 153.55 168.86 -22.06 -9.07 Offshore - 11079.57 10003.73 10463.17 -9.71 -4.39 Andhra Pradesh - 210.41 185.08 186.91 -12.04 -0.98 Tripura - 1.85 1.52 1.40 -18.28 8.57"
2026-01,Performance Review,2025-26,Review Report Jan26.pdf,48,All India Total (A+B+C),achievement,2024-04,cumulative,30369.04,,30369.04,"April,2024- January 2025 Actual Achievement (Provisional) A. Oil & Natural Gas corporation (ONGC) Gujarat - 682.88 694.56 674.41 1.71 2.99 Assam - 360.17 298.19 285.70 -17.21 4.37 Tamil Nadu - 835.94 772.90 833.64 -7.54 -7.29 Offshore - 12645.18 12121.40 12325.19 -4.14 -1.65 Andhra Pradesh - 668.44 605.43 615.85 -9.43 -1.69 Tripura - 1313.99 1024.11 1025.13 -22.06 -0.10 Rajasthan - 13.00 0.00 0.00 -100.00 -"
2026-01,Performance Review,2025-26,Review Report Jan26.pdf,42,All India Total (A+B+C),variation_pct,2024-04,cumulative,-2.19,,-2.19,"% Variation Over Actual April,2024- January 2025 A. Oil & Natural Gas corporation (ONGC) Gujarat - 4060.67 3724.40 3812.03 -8.28 -2.30 Assam - 980.33 875.83 877.69 -10.66 -0.21 Tamil Nadu - 197.00 153.55 168.86 -22.06 -9.07 Offshore - 11079.57 10003.73 10463.17 -9.71 -4.39 Andhra Pradesh - 210.41 185.08 186.91 -12.04 -0.98 Tripura - 1.85 1.52 1.40 -18.28 8.57"
2026-01,Performance Review,2025-26,Review Report Jan26.pdf,48,All India Total (A+B+C),variation_pct,2024-04,cumulative,-3.67,,-3.67,"% Variation Over Actual April,2024- January 2025 A. Oil & Natural Gas corporation (ONGC) Gujarat - 682.88 694.56 674.41 1.71 2.99 Assam - 360.17 298.19 285.70 -17.21 4.37 Tamil Nadu - 835.94 772.90 833.64 -7.54 -7.29 Offshore - 12645.18 12121.40 12325.19 -4.14 -1.65 Andhra Pradesh - 668.44 605.43 615.85 -9.43 -1.69 Tripura - 1313.99 1024.11 1025.13 -22.06 -0.10 Rajasthan - 13.00 0.00 0.00 -100.00 -"
2026-01,Performance Review,2025-26,Review Report Jan26.pdf,38,All India Total(A+B),achievement,2024-04,cumulative,18674.9,,18674.90,"April,2024- January 2025 Actual Achievement (Provisional) 2724.30 3453.40 8118.90"
2026-01,Performance Review,2025-26,Review Report Jan26.pdf,38,All India Total(A+B),variation_pct,2024-04,cumulative,0.63,,0.63,"% Variation Over Actual April,2024- January 2025 2.08 -2.50 -1.09"
2026-01,Performance Review,2025-26,Review Report Jan26.pdf,37,All India Total(A+B+C),achievement,2024-04,cumulative,3655.89,,3655.89,"April,2024- January 2025 Actual Achievement (Provisional) 0.00 0.00"
2026-01,Performance Review,2025-26,Review Report Jan26.pdf,37,All India Total(A+B+C),variation_pct,2024-04,cumulative,8.81,,8.81,"% Variation Over Actual April,2024- January 2025 - -"
2026-01,Performance Review,2025-26,Review Report Jan26.pdf,37,B. Private Sector,achievement,2024-04,cumulative,3506.59,,3506.59,"April,2024- January 2025 Actual Achievement (Provisional) 0.00 0.00"
2026-01,Performance Review,2025-26,Review Report Jan26.pdf,37,B. Private Sector,variation_pct,2024-04,cumulative,9.3,,9.30,"% Variation Over Actual April,2024- January 2025 - -"
2026-01,Performance Review,2025-26,Review Report Jan26.pdf,42,C. DGH (JVC/Private),achievement,2024-04,cumulative,5627.51,,5627.51,"April,2024- January 2025 Actual Achievement (Provisional) A. Oil & Natural Gas corporation (ONGC) Gujarat - 4060.67 3724.40 3812.03 -8.28 -2.30 Assam - 980.33 875.83 877.69 -10.66 -0.21 Tamil Nadu - 197.00 153.55 168.86 -22.06 -9.07 Offshore - 11079.57 10003.73 10463.17 -9.71 -4.39 Andhra Pradesh - 210.41 185.08 186.91 -12.04 -0.98 Tripura - 1.85 1.52 1.40 -18.28 8.57"
2026-01,Performance Review,2025-26,Review Report Jan26.pdf,48,C. DGH (JVC/Private),achievement,2024-04,cumulative,11951.99,,11951.99,"April,2024- January 2025 Actual Achievement (Provisional) A. Oil & Natural Gas corporation (ONGC) Gujarat - 682.88 694.56 674.41 1.71 2.99 Assam - 360.17 298.19 285.70 -17.21 4.37 Tamil Nadu - 835.94 772.90 833.64 -7.54 -7.29 Offshore - 12645.18 12121.40 12325.19 -4.14 -1.65 Andhra Pradesh - 668.44 605.43 615.85 -9.43 -1.69 Tripura - 1313.99 1024.11 1025.13 -22.06 -0.10 Rajasthan - 13.00 0.00 0.00 -100.00 -"
2026-01,Performance Review,2025-26,Review Report Jan26.pdf,42,C. DGH (JVC/Private),variation_pct,2024-04,cumulative,1.77,,1.77,"% Variation Over Actual April,2024- January 2025 A. Oil & Natural Gas corporation (ONGC) Gujarat - 4060.67 3724.40 3812.03 -8.28 -2.30 Assam - 980.33 875.83 877.69 -10.66 -0.21 Tamil Nadu - 197.00 153.55 168.86 -22.06 -9.07 Offshore - 11079.57 10003.73 10463.17 -9.71 -4.39 Andhra Pradesh - 210.41 185.08 186.91 -12.04 -0.98 Tripura - 1.85 1.52 1.40 -18.28 8.57"
2026-01,Performance Review,2025-26,Review Report Jan26.pdf,48,C. DGH (JVC/Private),variation_pct,2024-04,cumulative,-6.85,,-6.85,"% Variation Over Actual April,2024- January 2025 A. Oil & Natural Gas corporation (ONGC) Gujarat - 682.88 694.56 674.41 1.71 2.99 Assam - 360.17 298.19 285.70 -17.21 4.37 Tamil Nadu - 835.94 772.90 833.64 -7.54 -7.29 Offshore - 12645.18 12121.40 12325.19 -4.14 -1.65 Andhra Pradesh - 668.44 605.43 615.85 -9.43 -1.69 Tripura - 1313.99 1024.11 1025.13 -22.06 -0.10 Rajasthan - 13.00 0.00 0.00 -100.00 -"
2026-01,Performance Review,2025-26,Review Report Jan26.pdf,37,C. Mini & White,achievement,2024-04,cumulative,149.31,,149.31,"April,2024- January 2025 Actual Achievement (Provisional) 0.00 0.00"
2026-01,Performance Review,2025-26,Review Report Jan26.pdf,37,C. Mini & White,variation_pct,2024-04,cumulative,-2.69,,-2.69,"% Variation Over Actual April,2024- January 2025 - -"
2026-01,Performance Review,2025-26,Review Report Jan26.pdf,30,CIL - Total,achievement,2024-04,cumulative,621.15,,621.150,"April,2024- January 2025 Actual Achievement (Provisional) 39.450 32.680 66.760 117.200 52.810 128.940 183.120 0.200"
2026-01,Performance Review,2025-26,Review Report Jan26.pdf,33,CIL - Total,achievement,2024-04,cumulative,631.1,,631.100,"April,2024- January 2025 Actual Achievement (Provisional) 39.850 31.700 70.870 114.650 55.610 140.720 177.470 0.230"
2026-01,Performance Review,2025-26,Review Report Jan26.pdf,30,CIL - Total,variation_pct,2024-04,cumulative,18.1,,18.10,"% Variation Over Actual April,2024- January 2025 -1.12 -15.51 -9.38 905.30 -10.24 7.59 -2.82 -10.00"
2026-01,Performance Review,2025-26,Review Report Jan26.pdf,33,CIL - Total,variation_pct,2024-04,cumulative,-2.95,,-2.95,"% Variation Over Actual April,2024- January 2025 -4.79 -10.95 -13.72 -0.03 -11.02 3.62 -1.34 -34.78"
2025-07,Performance Review,2025-26,CompleteReviewReportJuly2025.pdf,49,Improvement of riding quality prog.(IRQP) (Kms.),achievement,2024-04,cumulative,146.0,Kms,146.00,"April,2024- July 2024 Actual Achievement (Provisional) $"
2025-07,Performance Review,2025-26,CompleteReviewReportJuly2025.pdf,49,Improvement of riding quality prog.(IRQP) (Kms.),variation_pct,2024-04,cumulative,37.66,Kms,37.66,"% Variation Over Actual April,2024- July 2024 $"
2026-01,Performance Review,2025-26,Review Report Jan26.pdf,30,"Others (TISCO,IISCO,DVC)",achievement,2024-04,cumulative,156.02,,156.020,"April,2024- January 2025 Actual Achievement (Provisional) 39.450 32.680 66.760 117.200 52.810 128.940 183.120 0.200"
2026-01,Performance Review,2025-26,Review Report Jan26.pdf,33,"Others (TISCO,IISCO,DVC)",achievement,2024-04,cumulative,161.44,,161.440,"April,2024- January 2025 Actual Achievement (Provisional) 39.850 31.700 70.870 114.650 55.610 140.720 177.470 0.230"
2026-01,Performance Review,2025-26,Review Report Jan26.pdf,30,"Others (TISCO,IISCO,DVC)",variation_pct,2024-04,cumulative,8.45,,8.45,"% Variation Over Actual April,2024- January 2025 -1.12 -15.51 -9.38 905.30 -10.24 7.59 -2.82 -10.00"
2026-01,Performance Review,2025-26,Review Report Jan26.pdf,33,"Others (TISCO,IISCO,DVC)",variation_pct,2024-04,cumulative,6.11,,6.11,"% Variation Over Actual April,2024- January 2025 -4.79 -10.95 -13.72 -0.03 -11.02 3.62 -1.34 -34.78"
2026-01,Performance Review,2025-26,Review Report Jan26.pdf,30,SCCL,achievement,2024-04,cumulative,53.73,,53.730,"April,2024- January 2025 Actual Achievement (Provisional) 39.450 32.680 66.760 117.200 52.810 128.940 183.120 0.200"
2026-01,Performance Review,2025-26,Review Report Jan26.pdf,33,SCCL,achievement,2024-04,cumulative,52.3,,52.300,"April,2024- January 2025 Actual Achievement (Provisional) 39.850 31.700 70.870 114.650 55.610 140.720 177.470 0.230"
2026-01,Performance Review,2025-26,Review Report Jan26.pdf,30,SCCL,variation_pct,2024-04,cumulative,-9.03,,-9.03,"% Variation Over Actual April,2024- January 2025 -1.12 -15.51 -9.38 905.30 -10.24 7.59 -2.82 -10.00"
2026-01,Performance Review,2025-26,Review Report Jan26.pdf,33,SCCL,variation_pct,2024-04,cumulative,-3.86,,-3.86,"% Variation Over Actual April,2024- January 2025 -4.79 -10.95 -13.72 -0.03 -11.02 3.62 -1.34 -34.78"
2025-07,Performance Review,2025-26,CompleteReviewReportJuly2025.pdf,49,Strengthening of existing weak pavement (Kms.),achievement,2024-04,cumulative,132.85,Kms,132.85,"April,2024- July 2024 Actual Achievement (Provisional) $"
2025-06,Performance Review,2025-26,CompleteReviewReportJune2025.pdf,45,Strengthening of existing weak pavement (Kms.),achievement,2024-04,cumulative,110.56,Kms,110.56,"April,2024- June 2024 Actual Achievement (Provisional) $"
2025-07,Performance Review,2025-26,CompleteReviewReportJuly2025.pdf,49,Strengthening of existing weak pavement (Kms.),variation_pct,2024-04,cumulative,-28.93,Kms,-28.93,"% Variation Over Actual April,2024- July 2024 $"
2025-06,Performance Review,2025-26,CompleteReviewReportJune2025.pdf,45,Strengthening of existing weak pavement (Kms.),variation_pct,2024-04,cumulative,-36.98,Kms,-36.98,"% Variation Over Actual April,2024- June 2024 $"
2025-07,Performance Review,2025-26,CompleteReviewReportJuly2025.pdf,49,Widening to four/six/eight lanes (Kms.),achievement,2024-04,cumulative,185.23,Kms,185.23,"April,2024- July 2024 Actual Achievement (Provisional) $"
2025-06,Performance Review,2025-26,CompleteReviewReportJune2025.pdf,45,Widening to four/six/eight lanes (Kms.),achievement,2024-04,cumulative,153.61,Kms,153.61,"April,2024- June 2024 Actual Achievement (Provisional) $"
2025-07,Performance Review,2025-26,CompleteReviewReportJuly2025.pdf,49,Widening to four/six/eight lanes (Kms.),variation_pct,2024-04,cumulative,4.57,Kms,4.57,"% Variation Over Actual April,2024- July 2024 $"
2025-06,Performance Review,2025-26,CompleteReviewReportJune2025.pdf,45,Widening to four/six/eight lanes (Kms.),variation_pct,2024-04,cumulative,11.0,Kms,11.00,"% Variation Over Actual April,2024- June 2024 $"
2025-07,Performance Review,2025-26,CompleteReviewReportJuly2025.pdf,49,Widening to two lanes (Kms.),achievement,2024-04,cumulative,848.55,Kms,848.55,"April,2024- July 2024 Actual Achievement (Provisional) $"
2025-06,Performance Review,2025-26,CompleteReviewReportJune2025.pdf,45,Widening to two lanes (Kms.),achievement,2024-04,cumulative,652.76,Kms,652.76,"April,2024- June 2024 Actual Achievement (Provisional) $"
2025-07,Performance Review,2025-26,CompleteReviewReportJuly2025.pdf,49,Widening to two lanes (Kms.),variation_pct,2024-04,cumulative,-6.79,Kms,-6.79,"% Variation Over Actual April,2024- July 2024 $"
2025-06,Performance Review,2025-26,CompleteReviewReportJune2025.pdf,45,Widening to two lanes (Kms.),variation_pct,2024-04,cumulative,1.0,Kms,1.00,"% Variation Over Actual April,2024- June 2024 $"
2025-07,Performance Review,2025-26,CompleteReviewReportJuly2025.pdf,48,Widening/ Strengthening/ existing weak pavement to four/six/eight lanes (Kms.),achievement,2024-04,cumulative,1271.0,Kms,1271.00,"April,2024- July 2024 Actual Achievement (Provisional) $"
2025-06,Performance Review,2025-26,CompleteReviewReportJune2025.pdf,44,Widening/ Strengthening/ existing weak pavement to four/six/eight lanes (Kms.),achievement,2024-04,cumulative,940.0,Kms,940.00,"April,2024- June 2024 Actual Achievement (Provisional) $"
2025-07,Performance Review,2025-26,CompleteReviewReportJuly2025.pdf,48,Widening/ Strengthening/ existing weak pavement to four/six/eight lanes (Kms.),variation_pct,2024-04,cumulative,0.43,Kms,0.43,"% Variation Over Actual April,2024- July 2024 $"
2025-06,Performance Review,2025-26,CompleteReviewReportJune2025.pdf,44,Widening/ Strengthening/ existing weak pavement to four/six/eight lanes (Kms.),variation_pct,2024-04,cumulative,10.77,Kms,10.77,"% Variation Over Actual April,2024- June 2024 $"
2025-06,Performance Review,2025-26,CompleteReviewReportJune2025.pdf,31,All India - Total,achievement,2024-06,monthly,84.726,,84.726,June 2024 Actual Achievement (Provisional) 3.850 3.469 6.408 11.873 5.581 14.037 17.866 0.013
2025-06,Performance Review,2025-26,CompleteReviewReportJune2025.pdf,31,All India - Total,achievement,2024-06,cumulative,247.407,,247.407,April- June 2024 Actual Achievement (Provisional) 11.697 10.534 19.185 35.776 18.246 41.952 51.841 0.053
2025-06,Performance Review,2025-26,CompleteReviewReportJune2025.pdf,34,All India - Total,achievement,2024-06,monthly,87.25,,87.250,June 2024 Actual Achievement (Provisional) 4.390 3.230 7.350 11.340 6.030 15.450 17.530 0.020
2025-06,Performance Review,2025-26,CompleteReviewReportJune2025.pdf,34,All India - Total,achievement,2024-06,cumulative,263.428,,263.428,April- June 2024 Actual Achievement (Provisional) 13.010 9.790 22.210 35.060 18.140 47.500 53.140 0.070
2025-06,Performance Review,2025-26,CompleteReviewReportJune2025.pdf,31,All India - Total,variation_pct,2024-06,monthly,-6.76,,-6.76,% Variation Over Actual June 2024 -8.73 -25.19 -29.79 -5.16 -13.13 -5.07 -0.78 -100.00
2025-06,Performance Review,2025-26,CompleteReviewReportJune2025.pdf,31,All India - Total,variation_pct,2024-06,cumulative,-0.16,,-0.16,% Variation Over Actual April- June 2024 -1.38 -14.16 -13.28 0.31 -4.68 -1.94 -0.50 94.34
2025-06,Performance Review,2025-26,CompleteReviewReportJune2025.pdf,34,All India - Total,variation_pct,2024-06,monthly,-3.62,,-3.62,% Variation Over Actual June 2024 -9.34 -17.34 -32.79 -3.79 -3.98 0.45 -1.08 -50.00
2025-06,Performance Review,2025-26,CompleteReviewReportJune2025.pdf,34,All India - Total,variation_pct,2024-06,cumulative,-0.97,,-0.97,% Variation Over Actual April- June 2024 -4.07 -8.48 -15.67 -1.20 -2.70 -2.42 -1.79 -57.14
2025-06,Performance Review,2025-26,CompleteReviewReportJune2025.pdf,40,All India Total (A+B),achievement,2024-06,monthly,2361.12,,2361.12,June 2024 Actual Achievement (Provisional) A. Oil & Natural Gas corporation (ONGC) Gujarat 390.02 370.35 373.59 -5.04 -0.87 Assam 94.36 84.20 86.21 -10.77 -2.33 Tamil Nadu 19.00 15.82 17.48 -16.74 -9.50 Offshore 1081.60 999.39 1037.26 -7.60 -3.65 Andhra Pradesh 20.66 18.60 17.78 -9.97 4.61 Tripura 0.13 0.10 0.07 -23.08 42.86
2025-06,Performance Review,2025-26,CompleteReviewReportJune2025.pdf,40,All India Total (A+B),variation_pct,2024-06,monthly,-1.13,,-1.13,% Variation Over Actual June 2024 A. Oil & Natural Gas corporation (ONGC) Gujarat 390.02 370.35 373.59 -5.04 -0.87 Assam 94.36 84.20 86.21 -10.77 -2.33 Tamil Nadu 19.00 15.82 17.48 -16.74 -9.50 Offshore 1081.60 999.39 1037.26 -7.60 -3.65 Andhra Pradesh 20.66 18.60 17.78 -9.97 4.61 Tripura 0.13 0.10 0.07 -23.08 42.86
2025-06,Performance Review,2025-26,CompleteReviewReportJune2025.pdf,37,All India Total (A+B+C),achievement,2024-06,monthly,380.03,,380.03,June 2024 Actual Achievement (Provisional) 0.00 0.00
2025-06,Performance Review,2025-26,CompleteReviewReportJune2025.pdf,40,All India Total (A+B+C),achievement,2024-06,cumulative,7254.88,,7254.88,April- June 2024 Actual Achievement (Provisional) A. Oil & Natural Gas corporation (ONGC) Gujarat - 1171.64 1123.76 1137.58 -4.09 -1.21 Assam - 287.96 260.13 260.37 -9.66 -0.09 Tamil Nadu - 56.00 48.58 53.45 -13.25 -9.11 Offshore - 3280.70 3018.91 3196.43 -7.98 -5.55 Andhra Pradesh - 61.10 59.84 54.31 -2.06 10.18 Tripura - 0.53 0.35 0.39 -33.96 -10.26
2025-06,Performance Review,2025-26,CompleteReviewReportJune2025.pdf,43,All India Total (A+B+C),achievement,2024-06,monthly,2992.55,,2992.55,June 2024 Actual Achievement (Provisional) A. Oil & Natural Gas corporation (ONGC) Gujarat 67.43 69.38 64.37 2.89 7.78 Assam 34.79 27.62 29.14 -20.61 -5.22 Tamil Nadu 81.48 78.10 83.47 -4.15 -6.43 Offshore 1217.54 1177.79 1204.52 -3.26 -2.22 Andhra Pradesh 63.32 59.50 61.06 -6.03 -2.55 Tripura 99.12 99.17 101.97 0.05 -2.75 Rajasthan 1.50 0.00 0.00 -100.00 -
2025-06,Performance Review,2025-26,CompleteReviewReportJune2025.pdf,43,All India Total (A+B+C),achievement,2024-06,cumulative,9055.72,,9055.72,April- June 2024 Actual Achievement (Provisional) A. Oil & Natural Gas corporation (ONGC) Gujarat - 204.51 209.25 195.82 2.32 6.86 Assam - 106.10 83.46 87.49 -21.34 -4.61 Tamil Nadu - 246.71 231.91 255.07 -6.00 -9.08 Offshore - 3685.19 3550.14 3635.14 -3.66 -2.34 Andhra Pradesh - 191.03 189.16 186.27 -0.98 1.55 Tripura - 363.22 303.76 317.09 -16.37 -4.20 Rajasthan - 2.50 0.00 0.00 -100.00 -
2025-06,Performance Review,2025-26,CompleteReviewReportJune2025.pdf,37,All India Total (A+B+C),variation_pct,2024-06,monthly,9.05,,9.05,% Variation Over Actual June 2024 - -
2025-06,Performance Review,2025-26,CompleteReviewReportJune2025.pdf,40,All India Total (A+B+C),variation_pct,2024-06,cumulative,-1.92,,-1.92,% Variation Over Actual April- June 2024 A. Oil & Natural Gas corporation (ONGC) Gujarat - 1171.64 1123.76 1137.58 -4.09 -1.21 Assam - 287.96 260.13 260.37 -9.66 -0.09 Tamil Nadu - 56.00 48.58 53.45 -13.25 -9.11 Offshore - 3280.70 3018.91 3196.43 -7.98 -5.55 Andhra Pradesh - 61.10 59.84 54.31 -2.06 10.18 Tripura - 0.53 0.35 0.39 -33.96 -10.26
2025-06,Performance Review,2025-26,CompleteReviewReportJune2025.pdf,43,All India Total (A+B+C),variation_pct,2024-06,monthly,-3.28,,-3.28,% Variation Over June 2024 Actual A. Oil & Natural Gas corporation (ONGC) Gujarat 67.43 69.38 64.37 2.89 7.78 Assam 34.79 27.62 29.14 -20.61 -5.22 Tamil Nadu 81.48 78.10 83.47 -4.15 -6.43 Offshore 1217.54 1177.79 1204.52 -3.26 -2.22 Andhra Pradesh 63.32 59.50 61.06 -6.03 -2.55 Tripura 99.12 99.17 101.97 0.05 -2.75 Rajasthan 1.50 0.00 0.00 -100.00 -
2025-06,Performance Review,2025-26,CompleteReviewReportJune2025.pdf,43,All India Total (A+B+C),variation_pct,2024-06,cumulative,-3.03,,-3.03,% Variation Over Actual April- June 2024 A. Oil & Natural Gas corporation (ONGC) Gujarat - 204.51 209.25 195.82 2.32 6.86 Assam - 106.10 83.46 87.49 -21.34 -4.61 Tamil Nadu - 246.71 231.91 255.07 -6.00 -9.08 Offshore - 3685.19 3550.14 3635.14 -3.66 -2.34 Andhra Pradesh - 191.03 189.16 186.27 -0.98 1.55 Tripura - 363.22 303.76 317.09 -16.37 -4.20 Rajasthan - 2.50 0.00 0.00 -100.00 -
2025-06,Performance Review,2025-26,CompleteReviewReportJune2025.pdf,38,All India Total(A+B),achievement,2024-06,monthly,1819.8,,1819.80,June 2024 Actual Achievement (Provisional) 267.70 292.30 803.40
2025-06,Performance Review,2025-26,CompleteReviewReportJune2025.pdf,38,All India Total(A+B),achievement,2024-06,cumulative,5369.7,,5369.70,April- June 2024 Actual Achievement (Provisional) 741.00 963.40 2418.80
2025-06,Performance Review,2025-26,CompleteReviewReportJune2025.pdf,38,All India Total(A+B),variation_pct,2024-06,monthly,-1.34,,-1.34,% Variation Over Actual June 2024 -13.19 2.84 1.46
2025-06,Performance Review,2025-26,CompleteReviewReportJune2025.pdf,38,All India Total(A+B),variation_pct,2024-06,cumulative,-4.8,,-4.80,% Variation Over Actual April- June 2024 -2.60 -8.74 -7.71
2025-06,Performance Review,2025-26,CompleteReviewReportJune2025.pdf,37,All India Total(A+B+C),achievement,2024-06,cumulative,1112.46,,1112.46,April- June 2024 Actual Achievement (Provisional) 0.00 0.00
2025-06,Performance Review,2025-26,CompleteReviewReportJune2025.pdf,37,All India Total(A+B+C),variation_pct,2024-06,cumulative,8.38,,8.38,% Variation Over Actual April- June 2024 - -
2025-06,Performance Review,2025-26,CompleteReviewReportJune2025.pdf,37,B. Private Sector,achievement,2024-06,monthly,372.03,,372.03,June 2024 Actual Achievement (Provisional) 0.00 0.00
2025-06,Performance Review,2025-26,CompleteReviewReportJune2025.pdf,37,B. Private Sector,achievement,2024-06,cumulative,1088.46,,1088.46,April- June 2024 Actual Achievement (Provisional) 0.00 0.00
2025-06,Performance Review,2025-26,CompleteReviewReportJune2025.pdf,37,B. Private Sector,variation_pct,2024-06,monthly,7.03,,7.03,% Variation Over Actual June 2024 - -
2025-06,Performance Review,2025-26,CompleteReviewReportJune2025.pdf,37,B. Private Sector,variation_pct,2024-06,cumulative,6.99,,6.99,% Variation Over Actual April- June 2024 - -
2025-06,Performance Review,2025-26,CompleteReviewReportJune2025.pdf,40,C. DGH (JVC/Private),achievement,2024-06,monthly,539.73,,539.73,June 2024 Actual Achievement (Provisional) A. Oil & Natural Gas corporation (ONGC) Gujarat 390.02 370.35 373.59 -5.04 -0.87 Assam 94.36 84.20 86.21 -10.77 -2.33 Tamil Nadu 19.00 15.82 17.48 -16.74 -9.50 Offshore 1081.60 999.39 1037.26 -7.60 -3.65 Andhra Pradesh 20.66 18.60 17.78 -9.97 4.61 Tripura 0.13 0.10 0.07 -23.08 42.86
2025-06,Performance Review,2025-26,CompleteReviewReportJune2025.pdf,40,C. DGH (JVC/Private),achievement,2024-06,cumulative,1685.41,,1685.41,April- June 2024 Actual Achievement (Provisional) A. Oil & Natural Gas corporation (ONGC) Gujarat - 1171.64 1123.76 1137.58 -4.09 -1.21 Assam - 287.96 260.13 260.37 -9.66 -0.09 Tamil Nadu - 56.00 48.58 53.45 -13.25 -9.11 Offshore - 3280.70 3018.91 3196.43 -7.98 -5.55 Andhra Pradesh - 61.10 59.84 54.31 -2.06 10.18 Tripura - 0.53 0.35 0.39 -33.96 -10.26
2025-06,Performance Review,2025-26,CompleteReviewReportJune2025.pdf,43,C. DGH (JVC/Private),achievement,2024-06,monthly,1187.54,,1187.54,June 2024 Actual Achievement (Provisional) A. Oil & Natural Gas corporation (ONGC) Gujarat 67.43 69.38 64.37 2.89 7.78 Assam 34.79 27.62 29.14 -20.61 -5.22 Tamil Nadu 81.48 78.10 83.47 -4.15 -6.43 Offshore 1217.54 1177.79 1204.52 -3.26 -2.22 Andhra Pradesh 63.32 59.50 61.06 -6.03 -2.55 Tripura 99.12 99.17 101.97 0.05 -2.75 Rajasthan 1.50 0.00 0.00 -100.00 -
2025-06,Performance Review,2025-26,CompleteReviewReportJune2025.pdf,43,C. DGH (JVC/Private),achievement,2024-06,cumulative,3587.33,,3587.33,April- June 2024 Actual Achievement (Provisional) A. Oil & Natural Gas corporation (ONGC) Gujarat - 204.51 209.25 195.82 2.32 6.86 Assam - 106.10 83.46 87.49 -21.34 -4.61 Tamil Nadu - 246.71 231.91 255.07 -6.00 -9.08 Offshore - 3685.19 3550.14 3635.14 -3.66 -2.34 Andhra Pradesh - 191.03 189.16 186.27 -0.98 1.55 Tripura - 363.22 303.76 317.09 -16.37 -4.20 Rajasthan - 2.50 0.00 0.00 -100.00 -
2025-06,Performance Review,2025-26,CompleteReviewReportJune2025.pdf,40,C. DGH (JVC/Private),variation_pct,2024-06,monthly,6.29,,6.29,% Variation Over Actual June 2024 A. Oil & Natural Gas corporation (ONGC) Gujarat 390.02 370.35 373.59 -5.04 -0.87 Assam 94.36 84.20 86.21 -10.77 -2.33 Tamil Nadu 19.00 15.82 17.48 -16.74 -9.50 Offshore 1081.60 999.39 1037.26 -7.60 -3.65 Andhra Pradesh 20.66 18.60 17.78 -9.97 4.61 Tripura 0.13 0.10 0.07 -23.08 42.86
2025-06,Performance Review,2025-26,CompleteReviewReportJune2025.pdf,40,C. DGH (JVC/Private),variation_pct,2024-06,cumulative,4.13,,4.13,% Variation Over Actual April- June 2024 A. Oil & Natural Gas corporation (ONGC) Gujarat - 1171.64 1123.76 1137.58 -4.09 -1.21 Assam - 287.96 260.13 260.37 -9.66 -0.09 Tamil Nadu - 56.00 48.58 53.45 -13.25 -9.11 Offshore - 3280.70 3018.91 3196.43 -7.98 -5.55 Andhra Pradesh - 61.10 59.84 54.31 -2.06 10.18 Tripura - 0.53 0.35 0.39 -33.96 -10.26
2025-06,Performance Review,2025-26,CompleteReviewReportJune2025.pdf,43,C. DGH (JVC/Private),variation_pct,2024-06,monthly,-5.29,,-5.29,% Variation Over June 2024 Actual A. Oil & Natural Gas corporation (ONGC) Gujarat 67.43 69.38 64.37 2.89 7.78 Assam 34.79 27.62 29.14 -20.61 -5.22 Tamil Nadu 81.48 78.10 83.47 -4.15 -6.43 Offshore 1217.54 1177.79 1204.52 -3.26 -2.22 Andhra Pradesh 63.32 59.50 61.06 -6.03 -2.55 Tripura 99.12 99.17 101.97 0.05 -2.75 Rajasthan 1.50 0.00 0.00 -100.00 -
2025-06,Performance Review,2025-26,CompleteReviewReportJune2025.pdf,43,C. DGH (JVC/Private),variation_pct,2024-06,cumulative,-4.9,,-4.90,% Variation Over Actual April- June 2024 A. Oil & Natural Gas corporation (ONGC) Gujarat - 204.51 209.25 195.82 2.32 6.86 Assam - 106.10 83.46 87.49 -21.34 -4.61 Tamil Nadu - 246.71 231.91 255.07 -6.00 -9.08 Offshore - 3685.19 3550.14 3635.14 -3.66 -2.34 Andhra Pradesh - 191.03 189.16 186.27 -0.98 1.55 Tripura - 363.22 303.76 317.09 -16.37 -4.20 Rajasthan - 2.50 0.00 0.00 -100.00 -
2025-06,Performance Review,2025-26,CompleteReviewReportJune2025.pdf,37,C. Mini & White,achievement,2024-06,monthly,8.0,,8.00,June 2024 Actual Achievement (Provisional) 0.00 0.00
2025-06,Performance Review,2025-26,CompleteReviewReportJune2025.pdf,37,C. Mini & White,achievement,2024-06,cumulative,24.0,,24.00,April- June 2024 Actual Achievement (Provisional) 0.00 0.00
2025-06,Performance Review,2025-26,CompleteReviewReportJune2025.pdf,37,C. Mini & White,variation_pct,2024-06,monthly,103.0,,103.00,% Variation Over Actual June 2024 - -
2025-06,Performance Review,2025-26,CompleteReviewReportJune2025.pdf,37,C. Mini & White,variation_pct,2024-06,cumulative,71.17,,71.17,% Variation Over Actual April- June 2024 - -
2025-06,Performance Review,2025-26,CompleteReviewReportJune2025.pdf,31,CIL - Total,achievement,2024-06,monthly,63.097,,63.097,June 2024 Actual Achievement (Provisional) 3.850 3.469 6.408 11.873 5.581 14.037 17.866 0.013
2025-06,Performance Review,2025-26,CompleteReviewReportJune2025.pdf,31,CIL - Total,achievement,2024-06,cumulative,189.284,,189.284,April- June 2024 Actual Achievement (Provisional) 11.697 10.534 19.185 35.776 18.246 41.952 51.841 0.053
2025-06,Performance Review,2025-26,CompleteReviewReportJune2025.pdf,34,CIL - Total,achievement,2024-06,monthly,65.34,,65.340,June 2024 Actual Achievement (Provisional) 4.390 3.230 7.350 11.340 6.030 15.450 17.530 0.020
2025-06,Performance Review,2025-26,CompleteReviewReportJune2025.pdf,34,CIL - Total,achievement,2024-06,cumulative,198.92,,198.920,April- June 2024 Actual Achievement (Provisional) 13.010 9.790 22.210 35.060 18.140 47.500 53.140 0.070
2025-06,Performance Review,2025-26,CompleteReviewReportJune2025.pdf,31,CIL - Total,variation_pct,2024-06,monthly,-8.45,,-8.45,% Variation Over Actual June 2024 -8.73 -25.19 -29.79 -5.16 -13.13 -5.07 -0.78 -100.00
2025-06,Performance Review,2025-26,CompleteReviewReportJune2025.pdf,31,CIL - Total,variation_pct,2024-06,cumulative,-3.15,,-3.15,% Variation Over Actual April- June 2024 -1.38 -14.16 -13.28 0.31 -4.68 -1.94 -0.50 94.34
2025-06,Performance Review,2025-26,CompleteReviewReportJune2025.pdf,34,CIL - Total,variation_pct,2024-06,monthly,-6.4,,-6.40,% Variation Over Actual June 2024 -9.34 -17.34 -32.79 -3.79 -3.98 0.45 -1.08 -50.00
2025-06,Performance Review,2025-26,CompleteReviewReportJune2025.pdf,34,CIL - Total,variation_pct,2024-06,cumulative,-3.97,,-3.97,% Variation Over Actual April- June 2024 -4.07 -8.48 -15.67 -1.20 -2.70 -2.42 -1.79 -57.14
2025-06,Performance Review,2025-26,CompleteReviewReportJune2025.pdf,31,"Others (TISCO,IISCO,DVC)",achievement,2024-06,monthly,16.119,,16.119,June 2024 Actual Achievement (Provisional) 3.850 3.469 6.408 11.873 5.581 14.037 17.866 0.013
2025-06,Performance Review,2025-26,CompleteReviewReportJune2025.pdf,31,"Others (TISCO,IISCO,DVC)",achievement,2024-06,cumulative,41.403,,41.403,April- June 2024 Actual Achievement (Provisional) 11.697 10.534 19.185 35.776 18.246 41.952 51.841 0.053
2025-06,Performance Review,2025-26,CompleteReviewReportJune2025.pdf,34,"Others (TISCO,IISCO,DVC)",achievement,2024-06,monthly,16.53,,16.530,June 2024 Actual Achievement (Provisional) 4.390 3.230 7.350 11.340 6.030 15.450 17.530 0.020
2025-06,Performance Review,2025-26,CompleteReviewReportJune2025.pdf,34,"Others (TISCO,IISCO,DVC)",achievement,2024-06,cumulative,47.808,,47.808,April- June 2024 Actual Achievement (Provisional) 13.010 9.790 22.210 35.060 18.140 47.500 53.140 0.070
2025-06,Performance Review,2025-26,CompleteReviewReportJune2025.pdf,31,"Others (TISCO,IISCO,DVC)",variation_pct,2024-06,monthly,-0.38,,-0.38,% Variation Over Actual June 2024 -8.73 -25.19 -29.79 -5.16 -13.13 -5.07 -0.78 -100.00
2025-06,Performance Review,2025-26,CompleteReviewReportJune2025.pdf,31,"Others (TISCO,IISCO,DVC)",variation_pct,2024-06,cumulative,15.24,,15.24,% Variation Over Actual April- June 2024 -1.38 -14.16 -13.28 0.31 -4.68 -1.94 -0.50 94.34
2025-06,Performance Review,2025-26,CompleteReviewReportJune2025.pdf,34,"Others (TISCO,IISCO,DVC)",variation_pct,2024-06,monthly,7.89,,7.89,% Variation Over Actual June 2024 -9.34 -17.34 -32.79 -3.79 -3.98 0.45 -1.08 -50.00
2025-06,Performance Review,2025-26,CompleteReviewReportJune2025.pdf,34,"Others (TISCO,IISCO,DVC)",variation_pct,2024-06,cumulative,11.2,,11.20,% Variation Over Actual April- June 2024 -4.07 -8.48 -15.67 -1.20 -2.70 -2.42 -1.79 -57.14
2025-06,Performance Review,2025-26,CompleteReviewReportJune2025.pdf,31,SCCL,achievement,2024-06,monthly,5.51,,5.510,June 2024 Actual Achievement (Provisional) 3.850 3.469 6.408 11.873 5.581 14.037 17.866 0.013
2025-06,Performance Review,2025-26,CompleteReviewReportJune2025.pdf,31,SCCL,achievement,2024-06,cumulative,16.72,,16.720,April- June 2024 Actual Achievement (Provisional) 11.697 10.534 19.185 35.776 18.246 41.952 51.841 0.053
2025-06,Performance Review,2025-26,CompleteReviewReportJune2025.pdf,34,SCCL,achievement,2024-06,monthly,5.38,,5.380,June 2024 Actual Achievement (Provisional) 4.390 3.230 7.350 11.340 6.030 15.450 17.530 0.020
2025-06,Performance Review,2025-26,CompleteReviewReportJune2025.pdf,34,SCCL,achievement,2024-06,cumulative,16.7,,16.700,April- June 2024 Actual Achievement (Provisional) 13.010 9.790 22.210 35.060 18.140 47.500 53.140 0.070
2025-06,Performance Review,2025-26,CompleteReviewReportJune2025.pdf,31,SCCL,variation_pct,2024-06,monthly,-6.13,,-6.13,% Variation Over Actual June 2024 -8.73 -25.19 -29.79 -5.16 -13.13 -5.07 -0.78 -100.00
2025-06,Performance Review,2025-26,CompleteReviewReportJune2025.pdf,31,SCCL,variation_pct,2024-06,cumulative,-4.39,,-4.39,% Variation Over Actual April- June 2024 -1.38 -14.16 -13.28 0.31 -4.68 -1.94 -0.50 94.34
2025-06,Performance Review,2025-26,CompleteReviewReportJune2025.pdf,34,SCCL,variation_pct,2024-06,monthly,-5.28,,-5.28,% Variation Over Actual June 2024 -9.34 -17.34 -32.79 -3.79 -3.98 0.45 -1.08 -50.00
2025-06,Performance Review,2025-26,CompleteReviewReportJune2025.pdf,34,SCCL,variation_pct,2024-06,cumulative,-0.12,,-0.12,% Variation Over Actual April- June 2024 -4.07 -8.48 -15.67 -1.20 -2.70 -2.42 -1.79 -57.14
2025-06,Performance Review,2025-26,CompleteReviewReportJune2025.pdf,44,Strengthening of existing weak pavement (Kms.),achievement,2024-06,monthly,30.28,Kms,30.28,June 2024 Actual Achievement (Provisional) $
2025-06,Performance Review,2025-26,CompleteReviewReportJune2025.pdf,44,Strengthening of existing weak pavement (Kms.),variation_pct,2024-06,monthly,-18.39,Kms,-18.39,% Variation Over Actual June 2024 $
2025-06,Performance Review,2025-26,CompleteReviewReportJune2025.pdf,44,Widening to four/six/eight lanes (Kms.),achievement,2024-06,monthly,83.54,Kms,83.54,June 2024 Actual Achievement (Provisional) $
2025-06,Performance Review,2025-26,CompleteReviewReportJune2025.pdf,44,Widening to four/six/eight lanes (Kms.),variation_pct,2024-06,monthly,-32.74,Kms,-32.74,% Variation Over Actual June 2024 $
2025-06,Performance Review,2025-26,CompleteReviewReportJune2025.pdf,44,Widening to two lanes (Kms.),achievement,2024-06,monthly,210.4,Kms,210.40,June 2024 Actual Achievement (Provisional) $
2025-06,Performance Review,2025-26,CompleteReviewReportJune2025.pdf,44,Widening to two lanes (Kms.),variation_pct,2024-06,monthly,0.29,Kms,0.29,% Variation Over Actual June 2024 $
2025-06,Performance Review,2025-26,CompleteReviewReportJune2025.pdf,44,Widening/ Strengthening/ existing weak pavement to four/six/eight lanes (Kms.),variation_pct,2024-06,monthly,21.11,Kms,21.11,% Variation Over Actual June 2024 $
2025-07,Performance Review,2025-26,CompleteReviewReportJuly2025.pdf,32,All India - Total,achievement,2024-07,monthly,74.005,,74.005,July 2024 Actual Achievement (Provisional) 3.300 3.323 6.089 11.855 2.632 10.947 16.880 0.015
2025-07,Performance Review,2025-26,CompleteReviewReportJuly2025.pdf,32,All India - Total,achievement,2024-07,cumulative,321.401,,321.401,April- July 2024 Actual Achievement (Provisional) 14.997 13.857 25.274 47.631 20.878 52.899 68.721 0.067
2025-07,Performance Review,2025-26,CompleteReviewReportJuly2025.pdf,35,All India - Total,achievement,2024-07,monthly,80.543,,80.543,July 2024 Actual Achievement (Provisional) 3.770 3.370 7.460 11.770 4.360 12.860 16.890 0.020
2025-07,Performance Review,2025-26,CompleteReviewReportJuly2025.pdf,36,All India - Total,achievement,2024-07,cumulative,343.971,,343.971,April- July 2024 Actual Achievement (Provisional) 16.780 13.150 29.670 46.830 22.500 60.360 70.030 0.100
2025-07,Performance Review,2025-26,CompleteReviewReportJuly2025.pdf,32,All India - Total,variation_pct,2024-07,monthly,-12.36,,-12.36,% Variation Over Actual July 2024 -18.18 -28.77 -38.23 -10.40 -4.41 -10.94 -12.77 -100.00
2025-07,Performance Review,2025-26,CompleteReviewReportJuly2025.pdf,32,All India - Total,variation_pct,2024-07,cumulative,-2.96,,-2.96,% Variation Over Actual April- July 2024 -5.07 -17.67 -19.29 -2.36 -4.65 -3.80 -3.51 53.73
2025-07,Performance Review,2025-26,CompleteReviewReportJuly2025.pdf,35,All India - Total,variation_pct,2024-07,monthly,-8.67,,-8.67,% Variation Over Actual July 2024 -12.47 -24.93 -39.68 -10.45 -8.72 0.54 -2.61 -50.00
2025-07,Performance Review,2025-26,CompleteReviewReportJuly2025.pdf,36,All India - Total,variation_pct,2024-07,cumulative,-2.81,,-2.81,% Variation Over Actual April- July 2024 -5.78 -12.47 -21.74 -3.50 -3.87 -1.79 -2.24 -50.00
2025-07,Performance Review,2025-26,CompleteReviewReportJuly2025.pdf,42,All India Total (A+B),achievement,2024-07,monthly,2432.32,,2432.32,July 2024 Actual Achievement (Provisional) A. Oil & Natural Gas corporation (ONGC) Gujarat 406.40 380.13 387.67 -6.46 -1.94 Assam 97.91 87.54 89.01 -10.59 -1.65 Tamil Nadu 20.00 15.94 17.74 -20.30 -10.15 Offshore 1127.98 1025.15 1071.35 -9.12 -4.31 Andhra Pradesh 21.48 18.69 19.17 -12.99 -2.50 Tripura 0.20 0.17 0.07 -15.00 142.86
2025-07,Performance Review,2025-26,CompleteReviewReportJuly2025.pdf,42,All India Total (A+B),variation_pct,2024-07,monthly,-1.37,,-1.37,% Variation Over Actual July 2024 A. Oil & Natural Gas corporation (ONGC) Gujarat 406.40 380.13 387.67 -6.46 -1.94 Assam 97.91 87.54 89.01 -10.59 -1.65 Tamil Nadu 20.00 15.94 17.74 -20.30 -10.15 Offshore 1127.98 1025.15 1071.35 -9.12 -4.31 Andhra Pradesh 21.48 18.69 19.17 -12.99 -2.50 Tripura 0.20 0.17 0.07 -15.00 142.86
2025-07,Performance Review,2025-26,CompleteReviewReportJuly2025.pdf,39,All India Total (A+B+C),achievement,2024-07,monthly,335.12,,335.12,July 2024 Actual Achievement (Provisional) 0.00 0.00
2025-07,Performance Review,2025-26,CompleteReviewReportJuly2025.pdf,42,All India Total (A+B+C),achievement,2024-07,cumulative,9687.19,,9687.19,April- July 2024 Actual Achievement (Provisional) A. Oil & Natural Gas corporation (ONGC) Gujarat - 1578.04 1503.89 1525.24 -4.70 -1.40 Assam - 385.87 347.67 349.38 -9.90 -0.49 Tamil Nadu - 76.00 64.52 71.19 -15.11 -9.37 Offshore - 4408.68 4044.05 4267.78 -8.27 -5.24 Andhra Pradesh - 82.58 78.53 73.48 -4.90 6.87 Tripura - 0.73 0.51 0.46 -30.14 10.87
2025-07,Performance Review,2025-26,CompleteReviewReportJuly2025.pdf,46,All India Total (A+B+C),achievement,2024-07,monthly,3073.6,,3073.60,July 2024 Actual Achievement (Provisional) A. Oil & Natural Gas corporation (ONGC) Gujarat 69.06 69.85 67.34 1.14 3.73 Assam 35.90 28.95 29.87 -19.36 -3.08 Tamil Nadu 84.35 80.81 86.32 -4.20 -6.38 Offshore 1258.68 1224.76 1248.88 -2.69 -1.93 Andhra Pradesh 65.93 61.49 59.94 -6.73 2.59 Tripura 132.56 94.45 98.92 -28.75 -4.52 Rajasthan 1.50 0.00 0.00 -100.00 -
2025-07,Performance Review,2025-26,CompleteReviewReportJuly2025.pdf,39,All India Total (A+B+C),variation_pct,2024-07,monthly,11.36,,11.36,% Variation Over Actual July 2024 - -
2025-07,Performance Review,2025-26,CompleteReviewReportJuly2025.pdf,42,All India Total (A+B+C),variation_pct,2024-07,cumulative,-1.78,,-1.78,% Variation Over Actual April- July 2024 A. Oil & Natural Gas corporation (ONGC) Gujarat - 1578.04 1503.89 1525.24 -4.70 -1.40 Assam - 385.87 347.67 349.38 -9.90 -0.49 Tamil Nadu - 76.00 64.52 71.19 -15.11 -9.37 Offshore - 4408.68 4044.05 4267.78 -8.27 -5.24 Andhra Pradesh - 82.58 78.53 73.48 -4.90 6.87 Tripura - 0.73 0.51 0.46 -30.14 10.87
2025-07,Performance Review,2025-26,CompleteReviewReportJuly2025.pdf,46,All India Total (A+B+C),variation_pct,2024-07,monthly,-3.63,,-3.63,% Variation Over July 2024 Actual A. Oil & Natural Gas corporation (ONGC) Gujarat 69.06 69.85 67.34 1.14 3.73 Assam 35.90 28.95 29.87 -19.36 -3.08 Tamil Nadu 84.35 80.81 86.32 -4.20 -6.38 Offshore 1258.68 1224.76 1248.88 -2.69 -1.93 Andhra Pradesh 65.93 61.49 59.94 -6.73 2.59 Tripura 132.56 94.45 98.92 -28.75 -4.52 Rajasthan 1.50 0.00 0.00 -100.00 -
2025-07,Performance Review,2025-26,CompleteReviewReportJuly2025.pdf,40,All India Total(A+B),achievement,2024-07,monthly,1939.4,,1939.40,July 2024 Actual Achievement (Provisional) 269.90 341.20 866.50
2025-07,Performance Review,2025-26,CompleteReviewReportJuly2025.pdf,40,All India Total(A+B),achievement,2024-07,cumulative,7309.2,,7309.20,April- July 2024 Actual Achievement (Provisional) 1010.90 1304.60 3285.30
2025-07,Performance Review,2025-26,CompleteReviewReportJuly2025.pdf,40,All India Total(A+B),variation_pct,2024-07,monthly,-0.64,,-0.64,% Variation Over Actual July 2024 3.08 6.45 -6.07
2025-07,Performance Review,2025-26,CompleteReviewReportJuly2025.pdf,40,All India Total(A+B),variation_pct,2024-07,cumulative,-3.7,,-3.70,% Variation Over Actual April- July 2024 -1.10 -4.77 -7.27
2025-07,Performance Review,2025-26,CompleteReviewReportJuly2025.pdf,39,All India Total(A+B+C),achievement,2024-07,cumulative,1447.58,,1447.58,April- July 2024 Actual Achievement (Provisional) 0.00 0.00
2025-07,Performance Review,2025-26,CompleteReviewReportJuly2025.pdf,39,All India Total(A+B+C),variation_pct,2024-07,cumulative,8.64,,8.64,% Variation Over Actual April- July 2024 - -
2025-07,Performance Review,2025-26,CompleteReviewReportJuly2025.pdf,39,B. Private Sector,achievement,2024-07,monthly,314.17,,314.17,July 2024 Actual Achievement (Provisional) 0.00 0.00
2025-07,Performance Review,2025-26,CompleteReviewReportJuly2025.pdf,39,B. Private Sector,achievement,2024-07,cumulative,1402.63,,1402.63,April- July 2024 Actual Achievement (Provisional) 0.00 0.00
2025-07,Performance Review,2025-26,CompleteReviewReportJuly2025.pdf,39,B. Private Sector,variation_pct,2024-07,monthly,13.89,,13.89,% Variation Over Actual July 2024 - -
2025-07,Performance Review,2025-26,CompleteReviewReportJuly2025.pdf,39,B. Private Sector,variation_pct,2024-07,cumulative,8.16,,8.16,% Variation Over Actual April- July 2024 - -
2025-07,Performance Review,2025-26,CompleteReviewReportJuly2025.pdf,42,C. DGH (JVC/Private),achievement,2024-07,monthly,550.61,,550.61,July 2024 Actual Achievement (Provisional) A. Oil & Natural Gas corporation (ONGC) Gujarat 406.40 380.13 387.67 -6.46 -1.94 Assam 97.91 87.54 89.01 -10.59 -1.65 Tamil Nadu 20.00 15.94 17.74 -20.30 -10.15 Offshore 1127.98 1025.15 1071.35 -9.12 -4.31 Andhra Pradesh 21.48 18.69 19.17 -12.99 -2.50 Tripura 0.20 0.17 0.07 -15.00 142.86
2025-07,Performance Review,2025-26,CompleteReviewReportJuly2025.pdf,42,C. DGH (JVC/Private),achievement,2024-07,cumulative,2236.01,,2236.01,April- July 2024 Actual Achievement (Provisional) A. Oil & Natural Gas corporation (ONGC) Gujarat - 1578.04 1503.89 1525.24 -4.70 -1.40 Assam - 385.87 347.67 349.38 -9.90 -0.49 Tamil Nadu - 76.00 64.52 71.19 -15.11 -9.37 Offshore - 4408.68 4044.05 4267.78 -8.27 -5.24 Andhra Pradesh - 82.58 78.53 73.48 -4.90 6.87 Tripura - 0.73 0.51 0.46 -30.14 10.87
2025-07,Performance Review,2025-26,CompleteReviewReportJuly2025.pdf,46,C. DGH (JVC/Private),achievement,2024-07,monthly,1224.43,,1224.43,July 2024 Actual Achievement (Provisional) A. Oil & Natural Gas corporation (ONGC) Gujarat 69.06 69.85 67.34 1.14 3.73 Assam 35.90 28.95 29.87 -19.36 -3.08 Tamil Nadu 84.35 80.81 86.32 -4.20 -6.38 Offshore 1258.68 1224.76 1248.88 -2.69 -1.93 Andhra Pradesh 65.93 61.49 59.94 -6.73 2.59 Tripura 132.56 94.45 98.92 -28.75 -4.52 Rajasthan 1.50 0.00 0.00 -100.00 -
2025-07,Performance Review,2025-26,CompleteReviewReportJuly2025.pdf,42,C. DGH (JVC/Private),variation_pct,2024-07,monthly,5.7,,5.70,% Variation Over Actual July 2024 A. Oil & Natural Gas corporation (ONGC) Gujarat 406.40 380.13 387.67 -6.46 -1.94 Assam 97.91 87.54 89.01 -10.59 -1.65 Tamil Nadu 20.00 15.94 17.74 -20.30 -10.15 Offshore 1127.98 1025.15 1071.35 -9.12 -4.31 Andhra Pradesh 21.48 18.69 19.17 -12.99 -2.50 Tripura 0.20 0.17 0.07 -15.00 142.86
2025-07,Performance Review,2025-26,CompleteReviewReportJuly2025.pdf,42,C. DGH (JVC/Private),variation_pct,2024-07,cumulative,4.52,,4.52,% Variation Over Actual April- July 2024 A. Oil & Natural Gas corporation (ONGC) Gujarat - 1578.04 1503.89 1525.24 -4.70 -1.40 Assam - 385.87 347.67 349.38 -9.90 -0.49 Tamil Nadu - 76.00 64.52 71.19 -15.11 -9.37 Offshore - 4408.68 4044.05 4267.78 -8.27 -5.24 Andhra Pradesh - 82.58 78.53 73.48 -4.90 6.87 Tripura - 0.73 0.51 0.46 -30.14 10.87
2025-07,Performance Review,2025-26,CompleteReviewReportJuly2025.pdf,46,C. DGH (JVC/Private),variation_pct,2024-07,monthly,-7.1,,-7.10,% Variation Over July 2024 Actual A. Oil & Natural Gas corporation (ONGC) Gujarat 69.06 69.85 67.34 1.14 3.73 Assam 35.90 28.95 29.87 -19.36 -3.08 Tamil Nadu 84.35 80.81 86.32 -4.20 -6.38 Offshore 1258.68 1224.76 1248.88 -2.69 -1.93 Andhra Pradesh 65.93 61.49 59.94 -6.73 2.59 Tripura 132.56 94.45 98.92 -28.75 -4.52 Rajasthan 1.50 0.00 0.00 -100.00 -
2025-07,Performance Review,2025-26,CompleteReviewReportJuly2025.pdf,39,C. Mini & White,achievement,2024-07,monthly,20.95,,20.95,July 2024 Actual Achievement (Provisional) 0.00 0.00
2025-07,Performance Review,2025-26,CompleteReviewReportJuly2025.pdf,39,C. Mini & White,achievement,2024-07,cumulative,44.95,,44.95,April- July 2024 Actual Achievement (Provisional) 0.00 0.00
2025-07,Performance Review,2025-26,CompleteReviewReportJuly2025.pdf,39,C. Mini & White,variation_pct,2024-07,monthly,-26.63,,-26.63,% Variation Over Actual July 2024 - -
2025-07,Performance Review,2025-26,CompleteReviewReportJuly2025.pdf,39,C. Mini & White,variation_pct,2024-07,cumulative,23.65,,23.65,% Variation Over Actual April- July 2024 - -
2025-07,Performance Review,2025-26,CompleteReviewReportJuly2025.pdf,32,CIL - Total,achievement,2024-07,monthly,55.041,,55.041,July 2024 Actual Achievement (Provisional) 3.300 3.323 6.089 11.855 2.632 10.947 16.880 0.015
2025-07,Performance Review,2025-26,CompleteReviewReportJuly2025.pdf,32,CIL - Total,achievement,2024-07,cumulative,244.324,,244.324,April- July 2024 Actual Achievement (Provisional) 14.997 13.857 25.274 47.631 20.878 52.899 68.721 0.067
2025-07,Performance Review,2025-26,CompleteReviewReportJuly2025.pdf,35,CIL - Total,achievement,2024-07,monthly,60.5,,60.500,July 2024 Actual Achievement (Provisional) 3.770 3.370 7.460 11.770 4.360 12.860 16.890 0.020
2025-07,Performance Review,2025-26,CompleteReviewReportJuly2025.pdf,36,CIL - Total,achievement,2024-07,cumulative,259.42,,259.420,April- July 2024 Actual Achievement (Provisional) 16.780 13.150 29.670 46.830 22.500 60.360 70.030 0.100
2025-07,Performance Review,2025-26,CompleteReviewReportJuly2025.pdf,32,CIL - Total,variation_pct,2024-07,monthly,-15.63,,-15.63,% Variation Over Actual July 2024 -18.18 -28.77 -38.23 -10.40 -4.41 -10.94 -12.77 -100.00
2025-07,Performance Review,2025-26,CompleteReviewReportJuly2025.pdf,32,CIL - Total,variation_pct,2024-07,cumulative,-5.96,,-5.96,% Variation Over Actual April- July 2024 -5.07 -17.67 -19.29 -2.36 -4.65 -3.80 -3.51 53.73
2025-07,Performance Review,2025-26,CompleteReviewReportJuly2025.pdf,35,CIL - Total,variation_pct,2024-07,monthly,-10.35,,-10.35,% Variation Over Actual July 2024 -12.47 -24.93 -39.68 -10.45 -8.72 0.54 -2.61 -50.00
2025-07,Performance Review,2025-26,CompleteReviewReportJuly2025.pdf,36,CIL - Total,variation_pct,2024-07,cumulative,-5.5,,-5.50,% Variation Over Actual April- July 2024 -5.78 -12.47 -21.74 -3.50 -3.87 -1.79 -2.24 -50.00
2025-07,Performance Review,2025-26,CompleteReviewReportJuly2025.pdf,32,"Others (TISCO,IISCO,DVC)",achievement,2024-07,monthly,14.733,,14.733,July 2024 Actual Achievement (Provisional) 3.300 3.323 6.089 11.855 2.632 10.947 16.880 0.015
2025-07,Performance Review,2025-26,CompleteReviewReportJuly2025.pdf,32,"Others (TISCO,IISCO,DVC)",achievement,2024-07,cumulative,56.136,,56.136,April- July 2024 Actual Achievement (Provisional) 14.997 13.857 25.274 47.631 20.878 52.899 68.721 0.067
2025-07,Performance Review,2025-26,CompleteReviewReportJuly2025.pdf,35,"Others (TISCO,IISCO,DVC)",achievement,2024-07,monthly,15.833,,15.833,July 2024 Actual Achievement (Provisional) 3.770 3.370 7.460 11.770 4.360 12.860 16.890 0.020
2025-07,Performance Review,2025-26,CompleteReviewReportJuly2025.pdf,36,"Others (TISCO,IISCO,DVC)",achievement,2024-07,cumulative,63.641,,63.641,April- July 2024 Actual Achievement (Provisional) 16.780 13.150 29.670 46.830 22.500 60.360 70.030 0.100
2025-07,Performance Review,2025-26,CompleteReviewReportJuly2025.pdf,32,"Others (TISCO,IISCO,DVC)",variation_pct,2024-07,monthly,-3.49,,-3.49,% Variation Over Actual July 2024 -18.18 -28.77 -38.23 -10.40 -4.41 -10.94 -12.77 -100.00
2025-07,Performance Review,2025-26,CompleteReviewReportJuly2025.pdf,32,"Others (TISCO,IISCO,DVC)",variation_pct,2024-07,cumulative,10.33,,10.33,% Variation Over Actual April- July 2024 -5.07 -17.67 -19.29 -2.36 -4.65 -3.80 -3.51 53.73
2025-07,Performance Review,2025-26,CompleteReviewReportJuly2025.pdf,35,"Others (TISCO,IISCO,DVC)",variation_pct,2024-07,monthly,-4.64,,-4.64,% Variation Over Actual July 2024 -12.47 -24.93 -39.68 -10.45 -8.72 0.54 -2.61 -50.00
2025-07,Performance Review,2025-26,CompleteReviewReportJuly2025.pdf,36,"Others (TISCO,IISCO,DVC)",variation_pct,2024-07,cumulative,7.26,,7.26,% Variation Over Actual April- July 2024 -5.78 -12.47 -21.74 -3.50 -3.87 -1.79 -2.24 -50.00
2025-07,Performance Review,2025-26,CompleteReviewReportJuly2025.pdf,32,SCCL,achievement,2024-07,monthly,4.231,,4.231,July 2024 Actual Achievement (Provisional) 3.300 3.323 6.089 11.855 2.632 10.947 16.880 0.015
2025-07,Performance Review,2025-26,CompleteReviewReportJuly2025.pdf,32,SCCL,achievement,2024-07,cumulative,20.941,,20.941,April- July 2024 Actual Achievement (Provisional) 14.997 13.857 25.274 47.631 20.878 52.899 68.721 0.067
2025-07,Performance Review,2025-26,CompleteReviewReportJuly2025.pdf,35,SCCL,achievement,2024-07,monthly,4.21,,4.210,July 2024 Actual Achievement (Provisional) 3.770 3.370 7.460 11.770 4.360 12.860 16.890 0.020
2025-07,Performance Review,2025-26,CompleteReviewReportJuly2025.pdf,36,SCCL,achievement,2024-07,cumulative,20.91,,20.910,April- July 2024 Actual Achievement (Provisional) 16.780 13.150 29.670 46.830 22.500 60.360 70.030 0.100
2025-07,Performance Review,2025-26,CompleteReviewReportJuly2025.pdf,32,SCCL,variation_pct,2024-07,monthly,-0.69,,-0.69,% Variation Over Actual July 2024 -18.18 -28.77 -38.23 -10.40 -4.41 -10.94 -12.77 -100.00
2025-07,Performance Review,2025-26,CompleteReviewReportJuly2025.pdf,32,SCCL,variation_pct,2024-07,cumulative,-3.6,,-3.60,% Variation Over Actual April- July 2024 -5.07 -17.67 -19.29 -2.36 -4.65 -3.80 -3.51 53.73
2025-07,Performance Review,2025-26,CompleteReviewReportJuly2025.pdf,35,SCCL,variation_pct,2024-07,monthly,0.24,,0.24,% Variation Over Actual July 2024 -12.47 -24.93 -39.68 -10.45 -8.72 0.54 -2.61 -50.00
2025-07,Performance Review,2025-26,CompleteReviewReportJuly2025.pdf,36,SCCL,variation_pct,2024-07,cumulative,-0.05,,-0.05,% Variation Over Actual April- July 2024 -5.78 -12.47 -21.74 -3.50 -3.87 -1.79 -2.24 -50.00
2025-07,Performance Review,2025-26,CompleteReviewReportJuly2025.pdf,48,Widening to four/six/eight lanes (Kms.),achievement,2024-07,monthly,31.62,Kms,31.62,July 2024 Actual Achievement (Provisional) $
2025-07,Performance Review,2025-26,CompleteReviewReportJuly2025.pdf,48,Widening to four/six/eight lanes (Kms.),variation_pct,2024-07,monthly,334.88,Kms,334.88,% Variation Over Actual July 2024 $
2025-07,Performance Review,2025-26,CompleteReviewReportJuly2025.pdf,48,Widening to two lanes (Kms.),achievement,2024-07,monthly,195.79,Kms,195.79,July 2024 Actual Achievement (Provisional) $
2025-07,Performance Review,2025-26,CompleteReviewReportJuly2025.pdf,48,Widening to two lanes (Kms.),variation_pct,2024-07,monthly,196.18,Kms,196.18,% Variation Over Actual July 2024 $
2025-07,Performance Review,2025-26,CompleteReviewReportJuly2025.pdf,48,Widening/ Strengthening/ existing weak pavement to four/six/eight lanes (Kms.),achievement,2024-07,monthly,330.0,Kms,330.00,July 2024 Actual Achievement (Provisional) $
2025-07,Performance Review,2025-26,CompleteReviewReportJuly2025.pdf,48,Widening/ Strengthening/ existing weak pavement to four/six/eight lanes (Kms.),variation_pct,2024-07,monthly,-28.79,Kms,-28.79,% Variation Over Actual July 2024 $
2025-09,Performance Review,2025-26,ReviewReportSep25.pdf,34,All India - Total,achievement,2024-09,monthly,68.906,,68.906,September 2024 Actual Achievement (Provisional) 2.950 2.610 5.080 10.360 3.290 10.090 16.550 0.020
2025-09,Performance Review,2025-26,ReviewReportSep25.pdf,34,All India - Total,achievement,2024-09,cumulative,452.935,,452.935,April- September 2024 Actual Achievement (Provisional) 20.786 19.095 35.675 66.505 26.673 71.480 101.022 0.100
2025-09,Performance Review,2025-26,ReviewReportSep25.pdf,37,All India - Total,achievement,2024-09,monthly,74.097,,74.097,September 2024 Actual Achievement (Provisional) 3.170 2.855 6.257 10.167 4.413 11.300 16.832 0.031
2025-09,Performance Review,2025-26,ReviewReportSep25.pdf,38,All India - Total,achievement,2024-09,cumulative,488.542,,488.542,April- September 2024 Actual Achievement (Provisional) 23.360 18.600 42.600 65.910 30.890 82.100 103.560 0.130
2025-09,Performance Review,2025-26,ReviewReportSep25.pdf,34,All India - Total,variation_pct,2024-09,monthly,-1.05,,-1.05,% Variation Over Actual September 2024 16.37 -18.58 -12.05 11.38 -32.52 6.57 -12.81 -50.00
2025-09,Performance Review,2025-26,ReviewReportSep25.pdf,34,All India - Total,variation_pct,2024-09,cumulative,-0.65,,-0.65,% Variation Over Actual April- September 2024 -2.18 -17.54 -17.23 4.34 -6.87 1.65 -4.44 13.00
2025-09,Performance Review,2025-26,ReviewReportSep25.pdf,37,All India - Total,variation_pct,2024-09,monthly,-0.18,,-0.18,% Variation Over Actual September 2024 12.64 -2.89 -20.66 11.39 -31.93 7.19 -0.90 -43.27
2025-09,Performance Review,2025-26,ReviewReportSep25.pdf,38,All India - Total,variation_pct,2024-09,cumulative,-0.58,,-0.58,% Variation Over Actual April- September 2024 -3.76 -8.26 -21.41 3.19 -7.18 2.58 -0.46 -46.01
2025-09,Performance Review,2025-26,ReviewReportSep25.pdf,46,All India Total (A+B),achievement,2024-09,monthly,2286.29,,2286.29,September 2024 Actual Achievement (Provisional) A. Oil & Natural Gas corporation (ONGC) Gujarat 400.31 361.30 367.12 -9.74 -1.59 Assam 96.93 85.25 85.69 -12.05 -0.51 Tamil Nadu 20.00 14.43 16.66 -27.85 -13.39 Offshore 1078.74 967.04 995.02 -10.35 -2.81 Andhra Pradesh 20.90 17.25 18.57 -17.46 -7.11 Tripura 0.19 0.12 0.17 -36.84 -29.41
2025-09,Performance Review,2025-26,ReviewReportSep25.pdf,46,All India Total (A+B),variation_pct,2024-09,monthly,-1.23,,-1.23,% Variation Over Actual September 2024 A. Oil & Natural Gas corporation (ONGC) Gujarat 400.31 361.30 367.12 -9.74 -1.59 Assam 96.93 85.25 85.69 -12.05 -0.51 Tamil Nadu 20.00 14.43 16.66 -27.85 -13.39 Offshore 1078.74 967.04 995.02 -10.35 -2.81 Andhra Pradesh 20.90 17.25 18.57 -17.46 -7.11 Tripura 0.19 0.12 0.17 -36.84 -29.41
2025-09,Performance Review,2025-26,ReviewReportSep25.pdf,42,All India Total (A+B+C),achievement,2024-09,monthly,340.52,,340.52,September 2024 Actual Achievement (Provisional) 0.00 0.00
2025-09,Performance Review,2025-26,ReviewReportSep25.pdf,47,All India Total (A+B+C),achievement,2024-09,cumulative,14377.21,,14377.21,April- September 2024 Actual Achievement (Provisional) A. Oil & Natural Gas corporation (ONGC) Gujarat NA 2389.06 2242.94 2271.60 -6.12 -1.26 Assam NA 581.17 521.63 525.53 -10.24 -0.74 Tamil Nadu NA 116.00 94.43 105.63 -18.59 -10.60 Offshore NA 6616.28 6022.40 6325.60 -8.98 -4.79 Andhra Pradesh NA 124.43 113.69 111.36 -8.63 2.09 Tripura NA 1.12 0.75 0.73 -33.04 2.74
2025-09,Performance Review,2025-26,ReviewReportSep25.pdf,52,All India Total (A+B+C),achievement,2024-09,monthly,2976.79,,2976.79,September 2024 Actual Achievement (Provisional) A. Oil & Natural Gas corporation (ONGC) Gujarat 66.74 67.39 65.53 0.97 2.84 Assam 35.72 30.02 28.13 -15.96 6.72 Tamil Nadu 81.01 74.05 75.77 -8.59 -2.27 Offshore 1228.79 1186.27 1233.63 -3.46 -3.84 Andhra Pradesh 65.34 57.16 59.33 -12.52 -3.66 Tripura 136.85 103.37 101.11 -24.46 2.24 Rajasthan 1.50 0.00 0.00 -100.00 -
2025-09,Performance Review,2025-26,ReviewReportSep25.pdf,53,All India Total (A+B+C),achievement,2024-09,cumulative,18154.33,,18154.33,April- September 2024 Actual Achievement (Provisional) A. Oil & Natural Gas corporation (ONGC) Gujarat NA 409.57 417.37 395.09 1.90 5.64 Assam NA 213.92 172.66 174.58 -19.29 -1.10 Tamil Nadu NA 496.09 459.94 502.45 -7.29 -8.46 Offshore NA 7439.59 7191.96 7344.05 -3.33 -2.07 Andhra Pradesh NA 388.56 370.23 368.97 -4.72 0.34 Tripura NA 763.40 603.15 618.50 -20.99 -2.48 Rajasthan NA 7.00 0.00 0.00 -100.00 -
2025-09,Performance Review,2025-26,ReviewReportSep25.pdf,42,All India Total (A+B+C),variation_pct,2024-09,monthly,5.78,,5.78,% Variation Over Actual September 2024 - -
2025-09,Performance Review,2025-26,ReviewReportSep25.pdf,47,All India Total (A+B+C),variation_pct,2024-09,cumulative,-1.0,,-1.00,% Variation Over Actual April- September 2024 A. Oil & Natural Gas corporation (ONGC) Gujarat NA 2389.06 2242.94 2271.60 -6.12 -1.26 Assam NA 581.17 521.63 525.53 -10.24 -0.74 Tamil Nadu NA 116.00 94.43 105.63 -18.59 -10.60 Offshore NA 6616.28 6022.40 6325.60 -8.98 -4.79 Andhra Pradesh NA 124.43 113.69 111.36 -8.63 2.09 Tripura NA 1.12 0.75 0.73 -33.04 2.74
2025-09,Performance Review,2025-26,ReviewReportSep25.pdf,52,All India Total (A+B+C),variation_pct,2024-09,monthly,-4.0,,-4.00,% Variation Over September 2024 Actual A. Oil & Natural Gas corporation (ONGC) Gujarat 66.74 67.39 65.53 0.97 2.84 Assam 35.72 30.02 28.13 -15.96 6.72 Tamil Nadu 81.01 74.05 75.77 -8.59 -2.27 Offshore 1228.79 1186.27 1233.63 -3.46 -3.84 Andhra Pradesh 65.34 57.16 59.33 -12.52 -3.66 Tripura 136.85 103.37 101.11 -24.46 2.24 Rajasthan 1.50 0.00 0.00 -100.00 -
2025-09,Performance Review,2025-26,ReviewReportSep25.pdf,53,All India Total (A+B+C),variation_pct,2024-09,cumulative,-3.23,,-3.23,% Variation Over Actual April- September 2024 A. Oil & Natural Gas corporation (ONGC) Gujarat NA 409.57 417.37 395.09 1.90 5.64 Assam NA 213.92 172.66 174.58 -19.29 -1.10 Tamil Nadu NA 496.09 459.94 502.45 -7.29 -8.46 Offshore NA 7439.59 7191.96 7344.05 -3.33 -2.07 Andhra Pradesh NA 388.56 370.23 368.97 -4.72 0.34 Tripura NA 763.40 603.15 618.50 -20.99 -2.48 Rajasthan NA 7.00 0.00 0.00 -100.00 -
2025-09,Performance Review,2025-26,ReviewReportSep25.pdf,43,All India Total(A+B),achievement,2024-09,monthly,1854.2,,1854.20,September 2024 Actual Achievement (Provisional) 274.90 344.20 773.10
2025-09,Performance Review,2025-26,ReviewReportSep25.pdf,43,All India Total(A+B),achievement,2024-09,cumulative,11089.8,,11089.80,April- September 2024 Actual Achievement (Provisional) 1563.00 2015.20 4879.80
2025-09,Performance Review,2025-26,ReviewReportSep25.pdf,43,All India Total(A+B),variation_pct,2024-09,monthly,-0.39,,-0.39,% Variation Over Actual September 2024 -5.75 2.27 -0.74
2025-09,Performance Review,2025-26,ReviewReportSep25.pdf,43,All India Total(A+B),variation_pct,2024-09,cumulative,-1.9,,-1.90,% Variation Over Actual April- September 2024 0.82 -1.77 -4.88
2025-09,Performance Review,2025-26,ReviewReportSep25.pdf,42,All India Total(A+B+C),achievement,2024-09,cumulative,2124.25,,2124.25,April- September 2024 Actual Achievement (Provisional) 0.00 0.00
2025-09,Performance Review,2025-26,ReviewReportSep25.pdf,42,All India Total(A+B+C),variation_pct,2024-09,cumulative,7.74,,7.74,% Variation Over Actual April- September 2024 - -
2025-09,Performance Review,2025-26,ReviewReportSep25.pdf,42,B. Private Sector,achievement,2024-09,monthly,322.28,,322.28,September 2024 Actual Achievement (Provisional) 0.00 0.00
2025-09,Performance Review,2025-26,ReviewReportSep25.pdf,42,B. Private Sector,achievement,2024-09,cumulative,2042.81,,2042.81,April- September 2024 Actual Achievement (Provisional) 0.00 0.00
2025-09,Performance Review,2025-26,ReviewReportSep25.pdf,42,B. Private Sector,variation_pct,2024-09,monthly,6.99,,6.99,% Variation Over Actual September 2024 - -
2025-09,Performance Review,2025-26,ReviewReportSep25.pdf,42,B. Private Sector,variation_pct,2024-09,cumulative,7.81,,7.81,% Variation Over Actual April- September 2024 - -
2025-09,Performance Review,2025-26,ReviewReportSep25.pdf,46,C. DGH (JVC/Private),achievement,2024-09,monthly,526.31,,526.31,September 2024 Actual Achievement (Provisional) A. Oil & Natural Gas corporation (ONGC) Gujarat 400.31 361.30 367.12 -9.74 -1.59 Assam 96.93 85.25 85.69 -12.05 -0.51 Tamil Nadu 20.00 14.43 16.66 -27.85 -13.39 Offshore 1078.74 967.04 995.02 -10.35 -2.81 Andhra Pradesh 20.90 17.25 18.57 -17.46 -7.11 Tripura 0.19 0.12 0.17 -36.84 -29.41
2025-09,Performance Review,2025-26,ReviewReportSep25.pdf,47,C. DGH (JVC/Private),achievement,2024-09,cumulative,3297.92,,3297.92,April- September 2024 Actual Achievement (Provisional) A. Oil & Natural Gas corporation (ONGC) Gujarat NA 2389.06 2242.94 2271.60 -6.12 -1.26 Assam NA 581.17 521.63 525.53 -10.24 -0.74 Tamil Nadu NA 116.00 94.43 105.63 -18.59 -10.60 Offshore NA 6616.28 6022.40 6325.60 -8.98 -4.79 Andhra Pradesh NA 124.43 113.69 111.36 -8.63 2.09 Tripura NA 1.12 0.75 0.73 -33.04 2.74
2025-09,Performance Review,2025-26,ReviewReportSep25.pdf,52,C. DGH (JVC/Private),achievement,2024-09,monthly,1158.63,,1158.63,September 2024 Actual Achievement (Provisional) A. Oil & Natural Gas corporation (ONGC) Gujarat 66.74 67.39 65.53 0.97 2.84 Assam 35.72 30.02 28.13 -15.96 6.72 Tamil Nadu 81.01 74.05 75.77 -8.59 -2.27 Offshore 1228.79 1186.27 1233.63 -3.46 -3.84 Andhra Pradesh 65.34 57.16 59.33 -12.52 -3.66 Tripura 136.85 103.37 101.11 -24.46 2.24 Rajasthan 1.50 0.00 0.00 -100.00 -
2025-09,Performance Review,2025-26,ReviewReportSep25.pdf,53,C. DGH (JVC/Private),achievement,2024-09,cumulative,7176.3,,7176.30,April- September 2024 Actual Achievement (Provisional) A. Oil & Natural Gas corporation (ONGC) Gujarat NA 409.57 417.37 395.09 1.90 5.64 Assam NA 213.92 172.66 174.58 -19.29 -1.10 Tamil Nadu NA 496.09 459.94 502.45 -7.29 -8.46 Offshore NA 7439.59 7191.96 7344.05 -3.33 -2.07 Andhra Pradesh NA 388.56 370.23 368.97 -4.72 0.34 Tripura NA 763.40 603.15 618.50 -20.99 -2.48 Rajasthan NA 7.00 0.00 0.00 -100.00 -
2025-09,Performance Review,2025-26,ReviewReportSep25.pdf,46,C. DGH (JVC/Private),variation_pct,2024-09,monthly,3.76,,3.76,% Variation Over Actual September 2024 A. Oil & Natural Gas corporation (ONGC) Gujarat 400.31 361.30 367.12 -9.74 -1.59 Assam 96.93 85.25 85.69 -12.05 -0.51 Tamil Nadu 20.00 14.43 16.66 -27.85 -13.39 Offshore 1078.74 967.04 995.02 -10.35 -2.81 Andhra Pradesh 20.90 17.25 18.57 -17.46 -7.11 Tripura 0.19 0.12 0.17 -36.84 -29.41
2025-09,Performance Review,2025-26,ReviewReportSep25.pdf,47,C. DGH (JVC/Private),variation_pct,2024-09,cumulative,7.49,,7.49,% Variation Over Actual April- September 2024 A. Oil & Natural Gas corporation (ONGC) Gujarat NA 2389.06 2242.94 2271.60 -6.12 -1.26 Assam NA 581.17 521.63 525.53 -10.24 -0.74 Tamil Nadu NA 116.00 94.43 105.63 -18.59 -10.60 Offshore NA 6616.28 6022.40 6325.60 -8.98 -4.79 Andhra Pradesh NA 124.43 113.69 111.36 -8.63 2.09 Tripura NA 1.12 0.75 0.73 -33.04 2.74
2025-09,Performance Review,2025-26,ReviewReportSep25.pdf,52,C. DGH (JVC/Private),variation_pct,2024-09,monthly,-6.06,,-6.06,% Variation Over September 2024 Actual A. Oil & Natural Gas corporation (ONGC) Gujarat 66.74 67.39 65.53 0.97 2.84 Assam 35.72 30.02 28.13 -15.96 6.72 Tamil Nadu 81.01 74.05 75.77 -8.59 -2.27 Offshore 1228.79 1186.27 1233.63 -3.46 -3.84 Andhra Pradesh 65.34 57.16 59.33 -12.52 -3.66 Tripura 136.85 103.37 101.11 -24.46 2.24 Rajasthan 1.50 0.00 0.00 -100.00 -
2025-09,Performance Review,2025-26,ReviewReportSep25.pdf,53,C. DGH (JVC/Private),variation_pct,2024-09,cumulative,-5.69,,-5.69,% Variation Over Actual April- September 2024 A. Oil & Natural Gas corporation (ONGC) Gujarat NA 409.57 417.37 395.09 1.90 5.64 Assam NA 213.92 172.66 174.58 -19.29 -1.10 Tamil Nadu NA 496.09 459.94 502.45 -7.29 -8.46 Offshore NA 7439.59 7191.96 7344.05 -3.33 -2.07 Andhra Pradesh NA 388.56 370.23 368.97 -4.72 0.34 Tripura NA 763.40 603.15 618.50 -20.99 -2.48 Rajasthan NA 7.00 0.00 0.00 -100.00 -
2025-09,Performance Review,2025-26,ReviewReportSep25.pdf,42,C. Mini & White,achievement,2024-09,monthly,18.24,,18.24,September 2024 Actual Achievement (Provisional) 0.00 0.00
2025-09,Performance Review,2025-26,ReviewReportSep25.pdf,42,C. Mini & White,achievement,2024-09,cumulative,81.44,,81.44,April- September 2024 Actual Achievement (Provisional) 0.00 0.00
2025-09,Performance Review,2025-26,ReviewReportSep25.pdf,42,C. Mini & White,variation_pct,2024-09,monthly,-15.73,,-15.73,% Variation Over Actual September 2024 - -
2025-09,Performance Review,2025-26,ReviewReportSep25.pdf,42,C. Mini & White,variation_pct,2024-09,cumulative,5.99,,5.99,% Variation Over Actual April- September 2024 - -
2025-09,Performance Review,2025-26,ReviewReportSep25.pdf,34,CIL - Total,achievement,2024-09,monthly,50.95,,50.950,September 2024 Actual Achievement (Provisional) 2.950 2.610 5.080 10.360 3.290 10.090 16.550 0.020
2025-09,Performance Review,2025-26,ReviewReportSep25.pdf,34,CIL - Total,achievement,2024-09,cumulative,341.336,,341.336,April- September 2024 Actual Achievement (Provisional) 20.786 19.095 35.675 66.505 26.673 71.480 101.022 0.100
2025-09,Performance Review,2025-26,ReviewReportSep25.pdf,37,CIL - Total,achievement,2024-09,monthly,55.026,,55.026,September 2024 Actual Achievement (Provisional) 3.170 2.855 6.257 10.167 4.413 11.300 16.832 0.031
2025-09,Performance Review,2025-26,ReviewReportSep25.pdf,38,CIL - Total,achievement,2024-09,cumulative,367.15,,367.150,April- September 2024 Actual Achievement (Provisional) 23.360 18.600 42.600 65.910 30.890 82.100 103.560 0.130
2025-09,Performance Review,2025-26,ReviewReportSep25.pdf,34,CIL - Total,variation_pct,2024-09,monthly,-3.87,,-3.87,% Variation Over Actual September 2024 16.37 -18.58 -12.05 11.38 -32.52 6.57 -12.81 -50.00
2025-09,Performance Review,2025-26,ReviewReportSep25.pdf,34,CIL - Total,variation_pct,2024-09,cumulative,-3.57,,-3.57,% Variation Over Actual April- September 2024 -2.18 -17.54 -17.23 4.34 -6.87 1.65 -4.44 13.00
2025-09,Performance Review,2025-26,ReviewReportSep25.pdf,37,CIL - Total,variation_pct,2024-09,monthly,-1.05,,-1.05,% Variation Over Actual September 2024 12.64 -2.89 -20.66 11.39 -31.93 7.19 -0.90 -43.27
2025-09,Performance Review,2025-26,ReviewReportSep25.pdf,38,CIL - Total,variation_pct,2024-09,cumulative,-2.74,,-2.74,% Variation Over Actual April- September 2024 -3.76 -8.26 -21.41 3.19 -7.18 2.58 -0.46 -46.01
2025-09,Performance Review,2025-26,ReviewReportSep25.pdf,55,Construction of Missing Links (Kms.),achievement,2024-09,monthly,0.0,Kms,0.00,September 2024 Actual Achievement (Provisional)
2025-09,Performance Review,2025-26,ReviewReportSep25.pdf,55,Construction of Missing Links (Kms.),achievement,2024-09,cumulative,0.0,Kms,0.00,April- September 2024 Actual Achievement (Provisional)
2025-09,Performance Review,2025-26,ReviewReportSep25.pdf,55,Construction of bypasses (Nos.),achievement,2024-09,monthly,0.0,Nos,0,September 2024 Actual Achievement (Provisional)
2025-09,Performance Review,2025-26,ReviewReportSep25.pdf,55,Construction of bypasses (Nos.),achievement,2024-09,cumulative,0.0,Nos,0,April- September 2024 Actual Achievement (Provisional)
2025-09,Performance Review,2025-26,ReviewReportSep25.pdf,55,Improvement of low grade section (Kms.),achievement,2024-09,monthly,0.0,Kms,0.00,September 2024 Actual Achievement (Provisional)
2025-09,Performance Review,2025-26,ReviewReportSep25.pdf,55,Improvement of riding quality prog.(IRQP) (Kms.),achievement,2024-09,monthly,70.73,Kms,70.73,September 2024 Actual Achievement (Provisional)
2025-09,Performance Review,2025-26,ReviewReportSep25.pdf,55,Improvement of riding quality prog.(IRQP) (Kms.),achievement,2024-09,cumulative,249.0,Kms,249.00,April- September 2024 Actual Achievement (Provisional)
2025-09,Performance Review,2025-26,ReviewReportSep25.pdf,55,Improvement of riding quality prog.(IRQP) (Kms.),variation_pct,2024-09,cumulative,-50.94,Kms,-50.94,% Variation Over Actual April- September 2024
2025-09,Performance Review,2025-26,ReviewReportSep25.pdf,34,"Others (TISCO,IISCO,DVC)",achievement,2024-09,monthly,14.206,,14.206,September 2024 Actual Achievement (Provisional) 2.950 2.610 5.080 10.360 3.290 10.090 16.550 0.020
2025-09,Performance Review,2025-26,ReviewReportSep25.pdf,34,"Others (TISCO,IISCO,DVC)",achievement,2024-09,cumulative,83.149,,83.149,April- September 2024 Actual Achievement (Provisional) 20.786 19.095 35.675 66.505 26.673 71.480 101.022 0.100
2025-09,Performance Review,2025-26,ReviewReportSep25.pdf,37,"Others (TISCO,IISCO,DVC)",achievement,2024-09,monthly,14.851,,14.851,September 2024 Actual Achievement (Provisional) 3.170 2.855 6.257 10.167 4.413 11.300 16.832 0.031
2025-09,Performance Review,2025-26,ReviewReportSep25.pdf,38,"Others (TISCO,IISCO,DVC)",achievement,2024-09,cumulative,92.035,,92.035,April- September 2024 Actual Achievement (Provisional) 23.360 18.600 42.600 65.910 30.890 82.100 103.560 0.130
2025-09,Performance Review,2025-26,ReviewReportSep25.pdf,34,"Others (TISCO,IISCO,DVC)",variation_pct,2024-09,monthly,9.13,,9.13,% Variation Over Actual September 2024 16.37 -18.58 -12.05 11.38 -32.52 6.57 -12.81 -50.00
2025-09,Performance Review,2025-26,ReviewReportSep25.pdf,34,"Others (TISCO,IISCO,DVC)",variation_pct,2024-09,cumulative,11.78,,11.78,% Variation Over Actual April- September 2024 -2.18 -17.54 -17.23 4.34 -6.87 1.65 -4.44 13.00
2025-09,Performance Review,2025-26,ReviewReportSep25.pdf,37,"Others (TISCO,IISCO,DVC)",variation_pct,2024-09,monthly,6.24,,6.24,% Variation Over Actual September 2024 12.64 -2.89 -20.66 11.39 -31.93 7.19 -0.90 -43.27
2025-09,Performance Review,2025-26,ReviewReportSep25.pdf,38,"Others (TISCO,IISCO,DVC)",variation_pct,2024-09,cumulative,8.5,,8.50,% Variation Over Actual April- September 2024 -3.76 -8.26 -21.41 3.19 -7.18 2.58 -0.46 -46.01
2025-09,Performance Review,2025-26,ReviewReportSep25.pdf,55,Rehabilitation/ Construction of Bridges (Nos.),achievement,2024-09,monthly,0.0,Nos,0,September 2024 Actual Achievement (Provisional)
2025-09,Performance Review,2025-26,ReviewReportSep25.pdf,55,Rehabilitation/ Construction of Bridges (Nos.),achievement,2024-09,cumulative,0.0,Nos,0,April- September 2024 Actual Achievement (Provisional)
2025-09,Performance Review,2025-26,ReviewReportSep25.pdf,34,SCCL,achievement,2024-09,monthly,3.75,,3.750,September 2024 Actual Achievement (Provisional) 2.950 2.610 5.080 10.360 3.290 10.090 16.550 0.020
2025-09,Performance Review,2025-26,ReviewReportSep25.pdf,34,SCCL,achievement,2024-09,cumulative,28.45,,28.450,April- September 2024 Actual Achievement (Provisional) 20.786 19.095 35.675 66.505 26.673 71.480 101.022 0.100
2025-09,Performance Review,2025-26,ReviewReportSep25.pdf,37,SCCL,achievement,2024-09,monthly,4.22,,4.220,September 2024 Actual Achievement (Provisional) 3.170 2.855 6.257 10.167 4.413 11.300 16.832 0.031
2025-09,Performance Review,2025-26,ReviewReportSep25.pdf,38,SCCL,achievement,2024-09,cumulative,29.357,,29.357,April- September 2024 Actual Achievement (Provisional) 23.360 18.600 42.600 65.910 30.890 82.100 103.560 0.130
2025-09,Performance Review,2025-26,ReviewReportSep25.pdf,34,SCCL,variation_pct,2024-09,monthly,-1.33,,-1.33,% Variation Over Actual September 2024 16.37 -18.58 -12.05 11.38 -32.52 6.57 -12.81 -50.00
2025-09,Performance Review,2025-26,ReviewReportSep25.pdf,34,SCCL,variation_pct,2024-09,cumulative,-1.97,,-1.97,% Variation Over Actual April- September 2024 -2.18 -17.54 -17.23 4.34 -6.87 1.65 -4.44 13.00
2025-09,Performance Review,2025-26,ReviewReportSep25.pdf,37,SCCL,variation_pct,2024-09,monthly,-11.37,,-11.37,% Variation Over Actual September 2024 12.64 -2.89 -20.66 11.39 -31.93 7.19 -0.90 -43.27
2025-09,Performance Review,2025-26,ReviewReportSep25.pdf,38,SCCL,variation_pct,2024-09,cumulative,-2.0,,-2.00,% Variation Over Actual April- September 2024 -3.76 -8.26 -21.41 3.19 -7.18 2.58 -0.46 -46.01
2025-09,Performance Review,2025-26,ReviewReportSep25.pdf,55,Strengthening of existing weak pavement (Kms.),achievement,2024-09,monthly,1.49,Kms,1.49,September 2024 Actual Achievement (Provisional)
2025-09,Performance Review,2025-26,ReviewReportSep25.pdf,55,Strengthening of existing weak pavement (Kms.),achievement,2024-09,cumulative,154.49,Kms,154.49,April- September 2024 Actual Achievement (Provisional)
2025-09,Performance Review,2025-26,ReviewReportSep25.pdf,55,Strengthening of existing weak pavement (Kms.),variation_pct,2024-09,monthly,-59.73,Kms,-59.73,% Variation Over Actual September 2024
2025-09,Performance Review,2025-26,ReviewReportSep25.pdf,55,Strengthening of existing weak pavement (Kms.),variation_pct,2024-09,cumulative,-38.49,Kms,-38.49,% Variation Over Actual April- September 2024
2025-09,Performance Review,2025-26,ReviewReportSep25.pdf,55,Widening to four/six/eight lanes (Kms.),achievement,2024-09,monthly,51.03,Kms,51.03,September 2024 Actual Achievement (Provisional)
2025-09,Performance Review,2025-26,ReviewReportSep25.pdf,55,Widening to four/six/eight lanes (Kms.),achievement,2024-09,cumulative,290.17,Kms,290.17,April- September 2024 Actual Achievement (Provisional)
2025-09,Performance Review,2025-26,ReviewReportSep25.pdf,55,Widening to four/six/eight lanes (Kms.),variation_pct,2024-09,monthly,-88.79,Kms,-88.79,% Variation Over Actual September 2024
2025-09,Performance Review,2025-26,ReviewReportSep25.pdf,55,Widening to four/six/eight lanes (Kms.),variation_pct,2024-09,cumulative,-21.6,Kms,-21.60,% Variation Over Actual April- September 2024
2025-09,Performance Review,2025-26,ReviewReportSep25.pdf,55,Widening to two lanes (Kms.),achievement,2024-09,monthly,134.17,Kms,134.17,September 2024 Actual Achievement (Provisional)
2025-09,Performance Review,2025-26,ReviewReportSep25.pdf,55,Widening to two lanes (Kms.),achievement,2024-09,cumulative,1104.07,Kms,1104.07,April- September 2024 Actual Achievement (Provisional)
2025-09,Performance Review,2025-26,ReviewReportSep25.pdf,55,Widening to two lanes (Kms.),variation_pct,2024-09,monthly,-42.41,Kms,-42.41,% Variation Over Actual September 2024
2025-09,Performance Review,2025-26,ReviewReportSep25.pdf,55,Widening to two lanes (Kms.),variation_pct,2024-09,cumulative,-18.52,Kms,-18.52,% Variation Over Actual April- September 2024
2025-09,Performance Review,2025-26,ReviewReportSep25.pdf,54,Widening/ Strengthening/ existing weak pavement to four/six/eight lanes (Kms.),achievement,2024-09,monthly,160.0,Kms,160.00,September 2024 Actual Achievement (Provisional)
2025-09,Performance Review,2025-26,ReviewReportSep25.pdf,54,Widening/ Strengthening/ existing weak pavement to four/six/eight lanes (Kms.),achievement,2024-09,cumulative,1646.0,Kms,1646.00,April- September 2024 Actual Achievement (Provisional)
2025-09,Performance Review,2025-26,ReviewReportSep25.pdf,54,Widening/ Strengthening/ existing weak pavement to four/six/eight lanes (Kms.),variation_pct,2024-09,monthly,11.25,Kms,11.25,% Variation Over Actual September 2024
2025-09,Performance Review,2025-26,ReviewReportSep25.pdf,54,Widening/ Strengthening/ existing weak pavement to four/six/eight lanes (Kms.),variation_pct,2024-09,cumulative,-3.8,Kms,-3.80,% Variation Over Actual April- September 2024
2025-10,Performance Review,2025-26,ReviewReportOct25.pdf,30,All India - Total,achievement,2024-10,monthly,68.4,,68.400,October 2024 Actual Achievement (Provisional) 3.390 3.000 6.690 12.910 5.050 12.420 18.990 0.020
2025-10,Performance Review,2025-26,ReviewReportOct25.pdf,33,All India - Total,achievement,2024-10,monthly,84.457,,84.457,October 2024 Actual Achievement (Provisional) 3.340 3.070 6.550 11.900 5.640 13.790 18.210 0.030
2025-10,Performance Review,2025-26,ReviewReportOct25.pdf,34,All India - Total,achievement,2024-10,cumulative,573.012,,573.012,April- October 2024 Actual Achievement (Provisional) 26.700 21.660 49.150 77.810 36.540 95.880 121.780 0.160
2025-10,Performance Review,2025-26,ReviewReportOct25.pdf,30,All India - Total,variation_pct,2024-10,monthly,13.2,,13.20,% Variation Over Actual October 2024 6.64 -10.87 -13.93 -7.38 -28.83 -2.05 -12.55 -75.00
2025-10,Performance Review,2025-26,ReviewReportOct25.pdf,33,All India - Total,variation_pct,2024-10,monthly,-4.75,,-4.75,% Variation Over Actual October 2024 9.58 -2.61 -15.57 -4.62 -21.28 -5.66 -0.05 -66.67
2025-10,Performance Review,2025-26,ReviewReportOct25.pdf,34,All India - Total,variation_pct,2024-10,cumulative,-1.2,,-1.20,% Variation Over Actual April- October 2024 -2.13 -7.43 -20.63 2.02 -9.39 1.41 -0.44 -50.00
2025-10,Performance Review,2025-26,ReviewReportOct25.pdf,41,All India Total (A+B),achievement,2024-10,monthly,2367.37,,2367.37,October 2024 Actual Achievement (Provisional) A. Oil & Natural Gas corporation (ONGC) Gujarat 416.67 376.32 385.26 -9.68 -2.32 Assam 101.05 88.92 88.11 -12.00 0.92 Tamil Nadu 21.00 14.73 15.89 -29.86 -7.30 Offshore 1114.32 1002.00 1022.30 -10.08 -1.99 Andhra Pradesh 21.31 17.41 19.13 -18.30 -8.99 Tripura 0.19 0.14 0.21 -26.32 -33.33
2025-10,Performance Review,2025-26,ReviewReportOct25.pdf,41,All India Total (A+B),variation_pct,2024-10,monthly,-1.18,,-1.18,% Variation Over Actual October 2024 A. Oil & Natural Gas corporation (ONGC) Gujarat 416.67 376.32 385.26 -9.68 -2.32 Assam 101.05 88.92 88.11 -12.00 0.92 Tamil Nadu 21.00 14.73 15.89 -29.86 -7.30 Offshore 1114.32 1002.00 1022.30 -10.08 -1.99 Andhra Pradesh 21.31 17.41 19.13 -18.30 -8.99 Tripura 0.19 0.14 0.21 -26.32 -33.33
2025-10,Performance Review,2025-26,ReviewReportOct25.pdf,38,All India Total (A+B+C),achievement,2024-10,monthly,358.42,,358.42,October 2024 Actual Achievement (Provisional) 0.00 0.00
2025-10,Performance Review,2025-26,ReviewReportOct25.pdf,42,All India Total (A+B+C),achievement,2024-10,cumulative,16744.59,,16744.59,April- October 2024 Actual Achievement (Provisional) A. Oil & Natural Gas corporation (ONGC) Gujarat * 2805.73 2619.26 2656.86 -6.65 -1.42 Assam * 682.22 610.55 613.64 -10.51 -0.50 Tamil Nadu * 137.00 109.16 121.52 -20.32 -10.17 Offshore * 7730.60 7024.40 7347.91 -9.14 -4.40 Andhra Pradesh * 145.74 131.10 130.49 -10.05 0.47 Tripura * 1.31 0.88 0.94 -32.82 -6.38
2025-10,Performance Review,2025-26,ReviewReportOct25.pdf,47,All India Total (A+B+C),achievement,2024-10,monthly,3110.59,,3110.59,October 2024 Actual Achievement (Provisional) A. Oil & Natural Gas corporation (ONGC) Gujarat 69.03 70.28 68.67 1.81 2.34 Assam 37.21 31.36 28.99 -15.72 8.18 Tamil Nadu 83.40 80.19 83.88 -3.85 -4.40 Offshore 1272.55 1244.40 1274.13 -2.21 -2.33 Andhra Pradesh 72.16 58.93 61.23 -18.33 -3.76 Tripura 139.68 106.28 103.18 -23.91 3.00 Rajasthan 1.50 0.00 0.00 -100.00 -
2025-10,Performance Review,2025-26,ReviewReportOct25.pdf,48,All India Total (A+B+C),achievement,2024-10,cumulative,21264.94,,21264.94,April- October 2024 Actual Achievement (Provisional) A. Oil & Natural Gas corporation (ONGC) Gujarat * 478.60 487.66 463.76 1.89 5.15 Assam * 251.13 204.02 203.57 -18.76 0.22 Tamil Nadu * 579.49 540.13 586.33 -6.79 -7.88 Offshore * 8712.14 8436.36 8618.19 -3.17 -2.11 Andhra Pradesh * 460.72 429.15 430.20 -6.85 -0.24 Tripura * 903.08 709.43 721.69 -21.44 -1.70 Rajasthan * 8.50 0.00 0.00 -100.00 -
2025-10,Performance Review,2025-26,ReviewReportOct25.pdf,38,All India Total (A+B+C),variation_pct,2024-10,monthly,5.16,,5.16,% Variation Over Actual October 2024 - -
2025-10,Performance Review,2025-26,ReviewReportOct25.pdf,42,All India Total (A+B+C),variation_pct,2024-10,cumulative,-1.03,,-1.03,% Variation Over Actual April- October 2024 A. Oil & Natural Gas corporation (ONGC) Gujarat * 2805.73 2619.26 2656.86 -6.65 -1.42 Assam * 682.22 610.55 613.64 -10.51 -0.50 Tamil Nadu * 137.00 109.16 121.52 -20.32 -10.17 Offshore * 7730.60 7024.40 7347.91 -9.14 -4.40 Andhra Pradesh * 145.74 131.10 130.49 -10.05 0.47 Tripura * 1.31 0.88 0.94 -32.82 -6.38
2025-10,Performance Review,2025-26,ReviewReportOct25.pdf,47,All India Total (A+B+C),variation_pct,2024-10,monthly,-5.08,,-5.08,% Variation Over October 2024 Actual A. Oil & Natural Gas corporation (ONGC) Gujarat 69.03 70.28 68.67 1.81 2.34 Assam 37.21 31.36 28.99 -15.72 8.18 Tamil Nadu 83.40 80.19 83.88 -3.85 -4.40 Offshore 1272.55 1244.40 1274.13 -2.21 -2.33 Andhra Pradesh 72.16 58.93 61.23 -18.33 -3.76 Tripura 139.68 106.28 103.18 -23.91 3.00 Rajasthan 1.50 0.00 0.00 -100.00 -
2025-10,Performance Review,2025-26,ReviewReportOct25.pdf,48,All India Total (A+B+C),variation_pct,2024-10,cumulative,-3.5,,-3.50,% Variation Over Actual April- October 2024 A. Oil & Natural Gas corporation (ONGC) Gujarat * 478.60 487.66 463.76 1.89 5.15 Assam * 251.13 204.02 203.57 -18.76 0.22 Tamil Nadu * 579.49 540.13 586.33 -6.79 -7.88 Offshore * 8712.14 8436.36 8618.19 -3.17 -2.11 Andhra Pradesh * 460.72 429.15 430.20 -6.85 -0.24 Tripura * 903.08 709.43 721.69 -21.44 -1.70 Rajasthan * 8.50 0.00 0.00 -100.00 -
2025-10,Performance Review,2025-26,ReviewReportOct25.pdf,39,All India Total(A+B),achievement,2024-10,monthly,1864.0,,1864.00,October 2024 Actual Achievement (Provisional) 305.80 349.00 769.40
2025-10,Performance Review,2025-26,ReviewReportOct25.pdf,39,All India Total(A+B),achievement,2024-10,cumulative,12953.8,,12953.80,April- October 2024 Actual Achievement (Provisional) 1868.80 2364.20 5649.20
2025-10,Performance Review,2025-26,ReviewReportOct25.pdf,39,All India Total(A+B),variation_pct,2024-10,monthly,6.38,,6.38,% Variation Over Actual October 2024 -8.50 -0.60 13.37
2025-10,Performance Review,2025-26,ReviewReportOct25.pdf,39,All India Total(A+B),variation_pct,2024-10,cumulative,-0.94,,-0.94,% Variation Over Actual April- October 2024 -0.71 -2.86 -2.39
2025-10,Performance Review,2025-26,ReviewReportOct25.pdf,38,All India Total(A+B+C),achievement,2024-10,cumulative,2481.57,,2481.57,April- October 2024 Actual Achievement (Provisional) 0.00 0.00
2025-10,Performance Review,2025-26,ReviewReportOct25.pdf,38,All India Total(A+B+C),variation_pct,2024-10,cumulative,7.13,,7.13,% Variation Over Actual April- October 2024 - -
2025-10,Performance Review,2025-26,ReviewReportOct25.pdf,38,B. Private Sector,achievement,2024-10,monthly,340.18,,340.18,October 2024 Actual Achievement (Provisional) 0.00 0.00
2025-10,Performance Review,2025-26,ReviewReportOct25.pdf,38,B. Private Sector,achievement,2024-10,cumulative,2381.89,,2381.89,April- October 2024 Actual Achievement (Provisional) 0.00 0.00
2025-10,Performance Review,2025-26,ReviewReportOct25.pdf,38,B. Private Sector,variation_pct,2024-10,monthly,6.83,,6.83,% Variation Over Actual October 2024 - -
2025-10,Performance Review,2025-26,ReviewReportOct25.pdf,38,B. Private Sector,variation_pct,2024-10,cumulative,7.66,,7.66,% Variation Over Actual April- October 2024 - -
2025-10,Performance Review,2025-26,ReviewReportOct25.pdf,41,C. DGH (JVC/Private),achievement,2024-10,monthly,544.28,,544.28,October 2024 Actual Achievement (Provisional) A. Oil & Natural Gas corporation (ONGC) Gujarat 416.67 376.32 385.26 -9.68 -2.32 Assam 101.05 88.92 88.11 -12.00 0.92 Tamil Nadu 21.00 14.73 15.89 -29.86 -7.30 Offshore 1114.32 1002.00 1022.30 -10.08 -1.99 Andhra Pradesh 21.31 17.41 19.13 -18.30 -8.99 Tripura 0.19 0.14 0.21 -26.32 -33.33
2025-10,Performance Review,2025-26,ReviewReportOct25.pdf,42,C. DGH (JVC/Private),achievement,2024-10,cumulative,3842.2,,3842.20,April- October 2024 Actual Achievement (Provisional) A. Oil & Natural Gas corporation (ONGC) Gujarat * 2805.73 2619.26 2656.86 -6.65 -1.42 Assam * 682.22 610.55 613.64 -10.51 -0.50 Tamil Nadu * 137.00 109.16 121.52 -20.32 -10.17 Offshore * 7730.60 7024.40 7347.91 -9.14 -4.40 Andhra Pradesh * 145.74 131.10 130.49 -10.05 0.47 Tripura * 1.31 0.88 0.94 -32.82 -6.38
2025-10,Performance Review,2025-26,ReviewReportOct25.pdf,47,C. DGH (JVC/Private),achievement,2024-10,monthly,1211.98,,1211.98,October 2024 Actual Achievement (Provisional) A. Oil & Natural Gas corporation (ONGC) Gujarat 69.03 70.28 68.67 1.81 2.34 Assam 37.21 31.36 28.99 -15.72 8.18 Tamil Nadu 83.40 80.19 83.88 -3.85 -4.40 Offshore 1272.55 1244.40 1274.13 -2.21 -2.33 Andhra Pradesh 72.16 58.93 61.23 -18.33 -3.76 Tripura 139.68 106.28 103.18 -23.91 3.00 Rajasthan 1.50 0.00 0.00 -100.00 -
2025-10,Performance Review,2025-26,ReviewReportOct25.pdf,48,C. DGH (JVC/Private),achievement,2024-10,cumulative,8388.28,,8388.28,April- October 2024 Actual Achievement (Provisional) A. Oil & Natural Gas corporation (ONGC) Gujarat * 478.60 487.66 463.76 1.89 5.15 Assam * 251.13 204.02 203.57 -18.76 0.22 Tamil Nadu * 579.49 540.13 586.33 -6.79 -7.88 Offshore * 8712.14 8436.36 8618.19 -3.17 -2.11 Andhra Pradesh * 460.72 429.15 430.20 -6.85 -0.24 Tripura * 903.08 709.43 721.69 -21.44 -1.70 Rajasthan * 8.50 0.00 0.00 -100.00 -
2025-10,Performance Review,2025-26,ReviewReportOct25.pdf,41,C. DGH (JVC/Private),variation_pct,2024-10,monthly,1.33,,1.33,% Variation Over Actual October 2024 A. Oil & Natural Gas corporation (ONGC) Gujarat 416.67 376.32 385.26 -9.68 -2.32 Assam 101.05 88.92 88.11 -12.00 0.92 Tamil Nadu 21.00 14.73 15.89 -29.86 -7.30 Offshore 1114.32 1002.00 1022.30 -10.08 -1.99 Andhra Pradesh 21.31 17.41 19.13 -18.30 -8.99 Tripura 0.19 0.14 0.21 -26.32 -33.33
2025-10,Performance Review,2025-26,ReviewReportOct25.pdf,42,C. DGH (JVC/Private),variation_pct,2024-10,cumulative,6.62,,6.62,% Variation Over Actual April- October 2024 A. Oil & Natural Gas corporation (ONGC) Gujarat * 2805.73 2619.26 2656.86 -6.65 -1.42 Assam * 682.22 610.55 613.64 -10.51 -0.50 Tamil Nadu * 137.00 109.16 121.52 -20.32 -10.17 Offshore * 7730.60 7024.40 7347.91 -9.14 -4.40 Andhra Pradesh * 145.74 131.10 130.49 -10.05 0.47 Tripura * 1.31 0.88 0.94 -32.82 -6.38
2025-10,Performance Review,2025-26,ReviewReportOct25.pdf,47,C. DGH (JVC/Private),variation_pct,2024-10,monthly,-10.01,,-10.01,% Variation Over October 2024 Actual A. Oil & Natural Gas corporation (ONGC) Gujarat 69.03 70.28 68.67 1.81 2.34 Assam 37.21 31.36 28.99 -15.72 8.18 Tamil Nadu 83.40 80.19 83.88 -3.85 -4.40 Offshore 1272.55 1244.40 1274.13 -2.21 -2.33 Andhra Pradesh 72.16 58.93 61.23 -18.33 -3.76 Tripura 139.68 106.28 103.18 -23.91 3.00 Rajasthan 1.50 0.00 0.00 -100.00 -
2025-10,Performance Review,2025-26,ReviewReportOct25.pdf,48,C. DGH (JVC/Private),variation_pct,2024-10,cumulative,-6.31,,-6.31,% Variation Over Actual April- October 2024 A. Oil & Natural Gas corporation (ONGC) Gujarat * 478.60 487.66 463.76 1.89 5.15 Assam * 251.13 204.02 203.57 -18.76 0.22 Tamil Nadu * 579.49 540.13 586.33 -6.79 -7.88 Offshore * 8712.14 8436.36 8618.19 -3.17 -2.11 Andhra Pradesh * 460.72 429.15 430.20 -6.85 -0.24 Tripura * 903.08 709.43 721.69 -21.44 -1.70 Rajasthan * 8.50 0.00 0.00 -100.00 -
2025-10,Performance Review,2025-26,ReviewReportOct25.pdf,38,C. Mini & White,achievement,2024-10,monthly,18.24,,18.24,October 2024 Actual Achievement (Provisional) 0.00 0.00
2025-10,Performance Review,2025-26,ReviewReportOct25.pdf,38,C. Mini & White,achievement,2024-10,cumulative,99.68,,99.68,April- October 2024 Actual Achievement (Provisional) 0.00 0.00
2025-10,Performance Review,2025-26,ReviewReportOct25.pdf,38,C. Mini & White,variation_pct,2024-10,monthly,-26.1,,-26.10,% Variation Over Actual October 2024 - -
2025-10,Performance Review,2025-26,ReviewReportOct25.pdf,38,C. Mini & White,variation_pct,2024-10,cumulative,-5.57,,-5.57,% Variation Over Actual April- October 2024 - -
2025-10,Performance Review,2025-26,ReviewReportOct25.pdf,30,CIL - Total,achievement,2024-10,monthly,62.47,,62.470,October 2024 Actual Achievement (Provisional) 3.390 3.000 6.690 12.910 5.050 12.420 18.990 0.020
2025-10,Performance Review,2025-26,ReviewReportOct25.pdf,33,CIL - Total,achievement,2024-10,monthly,62.53,,62.530,October 2024 Actual Achievement (Provisional) 3.340 3.070 6.550 11.900 5.640 13.790 18.210 0.030
2025-10,Performance Review,2025-26,ReviewReportOct25.pdf,34,CIL - Total,achievement,2024-10,cumulative,429.68,,429.680,April- October 2024 Actual Achievement (Provisional) 26.700 21.660 49.150 77.810 36.540 95.880 121.780 0.160
2025-10,Performance Review,2025-26,ReviewReportOct25.pdf,30,CIL - Total,variation_pct,2024-10,monthly,-9.75,,-9.75,% Variation Over Actual October 2024 6.64 -10.87 -13.93 -7.38 -28.83 -2.05 -12.55 -75.00
2025-10,Performance Review,2025-26,ReviewReportOct25.pdf,33,CIL - Total,variation_pct,2024-10,monthly,-5.34,,-5.34,% Variation Over Actual October 2024 9.58 -2.61 -15.57 -4.62 -21.28 -5.66 -0.05 -66.67
2025-10,Performance Review,2025-26,ReviewReportOct25.pdf,34,CIL - Total,variation_pct,2024-10,cumulative,-3.13,,-3.13,% Variation Over Actual April- October 2024 -2.13 -7.43 -20.63 2.02 -9.39 1.41 -0.44 -50.00
2025-10,Performance Review,2025-26,ReviewReportOct25.pdf,49,Construction of Bridges (Nos.),achievement,2024-10,monthly,0.0,Nos,0.00,October 2024 Actual Achievement (Provisional) *
2025-10,Performance Review,2025-26,ReviewReportOct25.pdf,49,Construction of Bridges (Nos.),achievement,2024-10,cumulative,0.0,Nos,0,April- October 2024 Actual Achievement (Provisional) 0.00
2025-10,Performance Review,2025-26,ReviewReportOct25.pdf,50,Construction of Missing Links (Kms.),achievement,2024-10,monthly,0.0,Kms,0.00,October 2024 Actual Achievement (Provisional) *
2025-10,Performance Review,2025-26,ReviewReportOct25.pdf,50,Construction of Missing Links (Kms.),achievement,2024-10,cumulative,0.0,Kms,0.00,April- October 2024 Actual Achievement (Provisional) *
2025-10,Performance Review,2025-26,ReviewReportOct25.pdf,49,Construction of bypass (Nos.),achievement,2024-10,monthly,0.0,Nos,0.00,October 2024 Actual Achievement (Provisional) *
2025-10,Performance Review,2025-26,ReviewReportOct25.pdf,49,Construction of bypass (Nos.),achievement,2024-10,cumulative,0.0,Nos,0,April- October 2024 Actual Achievement (Provisional) 0.00
2025-10,Performance Review,2025-26,ReviewReportOct25.pdf,50,Construction of bypasses (Nos.),achievement,2024-10,monthly,0.0,Nos,0,October 2024 Actual Achievement (Provisional) *
2025-10,Performance Review,2025-26,ReviewReportOct25.pdf,50,Construction of bypasses (Nos.),achievement,2024-10,cumulative,0.0,Nos,0,April- October 2024 Actual Achievement (Provisional) *
2025-10,Performance Review,2025-26,ReviewReportOct25.pdf,50,Improvement of low grade section (Kms.),achievement,2024-10,monthly,0.0,Kms,0.00,October 2024 Actual Achievement (Provisional) *
2025-10,Performance Review,2025-26,ReviewReportOct25.pdf,50,Improvement of low grade section (Kms.),achievement,2024-10,cumulative,0.0,Kms,0.00,April- October 2024 Actual Achievement (Provisional) *
2025-10,Performance Review,2025-26,ReviewReportOct25.pdf,50,Improvement of riding quality prog.(IRQP) (Kms.),achievement,2024-10,monthly,33.04,Kms,33.04,October 2024 Actual Achievement (Provisional) *
2025-10,Performance Review,2025-26,ReviewReportOct25.pdf,50,Improvement of riding quality prog.(IRQP) (Kms.),achievement,2024-10,cumulative,211.0,Kms,211.00,April- October 2024 Actual Achievement (Provisional) *
2025-10,Performance Review,2025-26,ReviewReportOct25.pdf,50,Improvement of riding quality prog.(IRQP) (Kms.),variation_pct,2024-10,monthly,-100.0,Kms,-100.00,% Variation Over Actual October 2024 *
2025-10,Performance Review,2025-26,ReviewReportOct25.pdf,50,Improvement of riding quality prog.(IRQP) (Kms.),variation_pct,2024-10,cumulative,-42.11,Kms,-42.11,% Variation Over Actual April- October 2024 *
2025-10,Performance Review,2025-26,ReviewReportOct25.pdf,30,"Others (TISCO,IISCO,DVC)",achievement,2024-10,monthly,0.54,,0.540,October 2024 Actual Achievement (Provisional) 3.390 3.000 6.690 12.910 5.050 12.420 18.990 0.020
2025-10,Performance Review,2025-26,ReviewReportOct25.pdf,33,"Others (TISCO,IISCO,DVC)",achievement,2024-10,monthly,16.567,,16.567,October 2024 Actual Achievement (Provisional) 3.340 3.070 6.550 11.900 5.640 13.790 18.210 0.030
2025-10,Performance Review,2025-26,ReviewReportOct25.pdf,34,"Others (TISCO,IISCO,DVC)",achievement,2024-10,cumulative,108.602,,108.602,April- October 2024 Actual Achievement (Provisional) 26.700 21.660 49.150 77.810 36.540 95.880 121.780 0.160
2025-10,Performance Review,2025-26,ReviewReportOct25.pdf,30,"Others (TISCO,IISCO,DVC)",variation_pct,2024-10,monthly,2921.3,,2921.30,% Variation Over Actual October 2024 6.64 -10.87 -13.93 -7.38 -28.83 -2.05 -12.55 -75.00
2025-10,Performance Review,2025-26,ReviewReportOct25.pdf,33,"Others (TISCO,IISCO,DVC)",variation_pct,2024-10,monthly,0.51,,0.51,% Variation Over Actual October 2024 9.58 -2.61 -15.57 -4.62 -21.28 -5.66 -0.05 -66.67
2025-10,Performance Review,2025-26,ReviewReportOct25.pdf,34,"Others (TISCO,IISCO,DVC)",variation_pct,2024-10,cumulative,7.28,,7.28,% Variation Over Actual April- October 2024 -2.13 -7.43 -20.63 2.02 -9.39 1.41 -0.44 -50.00
2025-10,Performance Review,2025-26,ReviewReportOct25.pdf,50,Rehabilitation/ Construction of Bridges (Nos.),achievement,2024-10,monthly,0.0,Nos,0.00,October 2024 Actual Achievement (Provisional) *
2025-10,Performance Review,2025-26,ReviewReportOct25.pdf,50,Rehabilitation/ Construction of Bridges (Nos.),achievement,2024-10,cumulative,0.0,Nos,0,April- October 2024 Actual Achievement (Provisional) *
2025-10,Performance Review,2025-26,ReviewReportOct25.pdf,30,SCCL,achievement,2024-10,monthly,5.39,,5.390,October 2024 Actual Achievement (Provisional) 3.390 3.000 6.690 12.910 5.050 12.420 18.990 0.020
2025-10,Performance Review,2025-26,ReviewReportOct25.pdf,33,SCCL,achievement,2024-10,monthly,5.36,,5.360,October 2024 Actual Achievement (Provisional) 3.340 3.070 6.550 11.900 5.640 13.790 18.210 0.030
2025-10,Performance Review,2025-26,ReviewReportOct25.pdf,34,SCCL,achievement,2024-10,cumulative,34.73,,34.730,April- October 2024 Actual Achievement (Provisional) 26.700 21.660 49.150 77.810 36.540 95.880 121.780 0.160
2025-10,Performance Review,2025-26,ReviewReportOct25.pdf,30,SCCL,variation_pct,2024-10,monthly,-12.06,,-12.06,% Variation Over Actual October 2024 6.64 -10.87 -13.93 -7.38 -28.83 -2.05 -12.55 -75.00
2025-10,Performance Review,2025-26,ReviewReportOct25.pdf,33,SCCL,variation_pct,2024-10,monthly,-14.18,,-14.18,% Variation Over Actual October 2024 9.58 -2.61 -15.57 -4.62 -21.28 -5.66 -0.05 -66.67
2025-10,Performance Review,2025-26,ReviewReportOct25.pdf,34,SCCL,variation_pct,2024-10,cumulative,-3.89,,-3.89,% Variation Over Actual April- October 2024 -2.13 -7.43 -20.63 2.02 -9.39 1.41 -0.44 -50.00
2025-10,Performance Review,2025-26,ReviewReportOct25.pdf,50,Strengthening of existing weak pavement (Kms.),achievement,2024-10,monthly,13.72,Kms,13.72,October 2024 Actual Achievement (Provisional) *
2025-10,Performance Review,2025-26,ReviewReportOct25.pdf,50,Strengthening of existing weak pavement (Kms.),achievement,2024-10,cumulative,168.21,Kms,168.21,April- October 2024 Actual Achievement (Provisional) *
2025-10,Performance Review,2025-26,ReviewReportOct25.pdf,50,Strengthening of existing weak pavement (Kms.),variation_pct,2024-10,monthly,-68.22,Kms,-68.22,% Variation Over Actual October 2024 *
2025-10,Performance Review,2025-26,ReviewReportOct25.pdf,50,Strengthening of existing weak pavement (Kms.),variation_pct,2024-10,cumulative,-40.92,Kms,-40.92,% Variation Over Actual April- October 2024 *
2025-10,Performance Review,2025-26,ReviewReportOct25.pdf,50,Widening to four/six/eight lanes (Kms.),achievement,2024-10,monthly,29.24,Kms,29.24,October 2024 Actual Achievement (Provisional) *
2025-10,Performance Review,2025-26,ReviewReportOct25.pdf,50,Widening to four/six/eight lanes (Kms.),achievement,2024-10,cumulative,319.41,Kms,319.41,April- October 2024 Actual Achievement (Provisional) *
2025-10,Performance Review,2025-26,ReviewReportOct25.pdf,50,Widening to four/six/eight lanes (Kms.),variation_pct,2024-10,monthly,21.96,Kms,21.96,% Variation Over Actual October 2024 *
2025-10,Performance Review,2025-26,ReviewReportOct25.pdf,50,Widening to four/six/eight lanes (Kms.),variation_pct,2024-10,cumulative,-17.61,Kms,-17.61,% Variation Over Actual April- October 2024 *
2025-10,Performance Review,2025-26,ReviewReportOct25.pdf,50,Widening to two lanes (Kms.),achievement,2024-10,monthly,130.38,Kms,130.38,October 2024 Actual Achievement (Provisional) *
2025-10,Performance Review,2025-26,ReviewReportOct25.pdf,50,Widening to two lanes (Kms.),achievement,2024-10,cumulative,1234.45,Kms,1234.45,April- October 2024 Actual Achievement (Provisional) *
2025-10,Performance Review,2025-26,ReviewReportOct25.pdf,50,Widening to two lanes (Kms.),variation_pct,2024-10,monthly,27.22,Kms,27.22,% Variation Over Actual October 2024 *
2025-10,Performance Review,2025-26,ReviewReportOct25.pdf,50,Widening to two lanes (Kms.),variation_pct,2024-10,cumulative,-13.69,Kms,-13.69,% Variation Over Actual April- October 2024 *
2025-10,Performance Review,2025-26,ReviewReportOct25.pdf,49,Widening/ Strengthening/ existing weak pavement to four/six/eight lanes (Kms.),achievement,2024-10,monthly,376.0,Kms,376.00,October 2024 Actual Achievement (Provisional) *
2025-10,Performance Review,2025-26,ReviewReportOct25.pdf,49,Widening/ Strengthening/ existing weak pavement to four/six/eight lanes (Kms.),achievement,2024-10,cumulative,2022.0,Kms,2022.00,April- October 2024 Actual Achievement (Provisional) 0.00
2025-10,Performance Review,2025-26,ReviewReportOct25.pdf,49,Widening/ Strengthening/ existing weak pavement to four/six/eight lanes (Kms.),variation_pct,2024-10,monthly,-14.1,Kms,-14.10,% Variation Over Actual October 2024 *
2025-10,Performance Review,2025-26,ReviewReportOct25.pdf,49,Widening/ Strengthening/ existing weak pavement to four/six/eight lanes (Kms.),variation_pct,2024-10,cumulative,-5.69,Kms,-5.69,% Variation Over Actual April- October 2024 0.00
2025-11,Performance Review,2025-26,ReviewReportNov25.pdf,31,All India - Total,achievement,2024-11,monthly,90.808,,90.808,November 2024 Actual Achievement (Provisional) 4.590 3.420 7.290 12.780 6.260 13.310 19.500 0.030
2025-11,Performance Review,2025-26,ReviewReportNov25.pdf,31,All India - Total,achievement,2024-11,cumulative,628.381,,628.381,April- November 2024 Actual Achievement (Provisional) 28.760 25.520 49.660 92.200 37.990 97.210 139.510 0.150
2025-11,Performance Review,2025-26,ReviewReportNov25.pdf,34,All India - Total,achievement,2024-11,monthly,85.78,,85.780,November 2024 Actual Achievement (Provisional) 4.050 3.260 6.840 12.210 5.910 13.630 17.510 0.020
2025-11,Performance Review,2025-26,ReviewReportNov25.pdf,35,All India - Total,achievement,2024-11,cumulative,658.77,,658.770,April- November 2024 Actual Achievement (Provisional) 30.750 24.920 55.990 90.020 42.450 109.510 139.290 0.180
2025-11,Performance Review,2025-26,ReviewReportNov25.pdf,31,All India - Total,variation_pct,2024-11,monthly,2.07,,2.07,% Variation Over Actual November 2024 -5.66 -13.74 0.96 -6.81 -18.53 18.56 5.38 -33.33
2025-11,Performance Review,2025-26,ReviewReportNov25.pdf,31,All India - Total,variation_pct,2024-11,cumulative,-1.43,,-1.43,% Variation Over Actual April- November 2024 -1.70 -16.26 -14.12 1.14 -11.74 3.50 -4.17 -6.67
2025-11,Performance Review,2025-26,ReviewReportNov25.pdf,34,All India - Total,variation_pct,2024-11,monthly,-0.19,,-0.19,% Variation Over Actual November 2024 -12.35 -9.51 -2.92 -5.00 -14.04 15.41 2.11 0.00
2025-11,Performance Review,2025-26,ReviewReportNov25.pdf,35,All India - Total,variation_pct,2024-11,cumulative,-1.06,,-1.06,% Variation Over Actual April- November 2024 -3.48 -7.70 -18.47 1.09 -10.04 3.14 -0.09 -38.89
2025-11,Performance Review,2025-26,ReviewReportNov25.pdf,43,All India Total (A+B),achievement,2024-11,monthly,2344.61,,2344.61,November 2024 Actual Achievement (Provisional) A. Oil & Natural Gas corporation (ONGC) Gujarat 406.45 362.48 377.01 -10.82 -3.85 Assam 98.08 86.99 85.58 -11.31 1.65 Tamil Nadu 20.00 14.34 15.21 -28.30 -5.72 Offshore 1076.78 976.08 1006.81 -9.35 -3.05 Andhra Pradesh 21.13 16.71 18.86 -20.92 -11.40 Tripura 0.18 0.22 0.12 22.22 83.33
2025-11,Performance Review,2025-26,ReviewReportNov25.pdf,43,All India Total (A+B),variation_pct,2024-11,monthly,-3.15,,-3.15,% Variation Over Actual November 2024 A. Oil & Natural Gas corporation (ONGC) Gujarat 406.45 362.48 377.01 -10.82 -3.85 Assam 98.08 86.99 85.58 -11.31 1.65 Tamil Nadu 20.00 14.34 15.21 -28.30 -5.72 Offshore 1076.78 976.08 1006.81 -9.35 -3.05 Andhra Pradesh 21.13 16.71 18.86 -20.92 -11.40 Tripura 0.18 0.22 0.12 22.22 83.33
2025-11,Performance Review,2025-26,ReviewReportNov25.pdf,39,All India Total (A+B+C),achievement,2024-11,monthly,338.31,,338.31,November 2024 Actual Achievement (Provisional) 0.00 0.00
2025-11,Performance Review,2025-26,ReviewReportNov25.pdf,44,All India Total (A+B+C),achievement,2024-11,cumulative,19089.22,,19089.22,April- November 2024 Actual Achievement (Provisional) A. Oil & Natural Gas corporation (ONGC) Gujarat * 3212.18 2981.73 3033.88 -7.17 -1.72 Assam * 780.30 697.54 699.21 -10.61 -0.24 Tamil Nadu * 157.00 123.50 136.74 -21.34 -9.68 Offshore * 8807.38 8000.48 8354.72 -9.16 -4.24 Andhra Pradesh * 166.87 147.80 149.35 -11.43 -1.04 Tripura * 1.49 1.11 1.07 -25.50 3.74
2025-11,Performance Review,2025-26,ReviewReportNov25.pdf,49,All India Total (A+B+C),achievement,2024-11,monthly,2972.21,,2972.21,November 2024 Actual Achievement (Provisional) A. Oil & Natural Gas corporation (ONGC) Gujarat 66.78 66.59 67.40 -0.28 -1.20 Assam 36.55 30.88 27.57 -15.51 12.01 Tamil Nadu 82.96 76.41 81.35 -7.90 -6.07 Offshore 1262.83 1216.23 1220.00 -3.69 -0.31 Andhra Pradesh 68.83 57.25 59.65 -16.82 -4.02 Tripura 134.85 98.39 94.95 -27.04 3.62 Rajasthan 1.50 0.00 0.00 -100.00 -
2025-11,Performance Review,2025-26,ReviewReportNov25.pdf,50,All India Total (A+B+C),achievement,2024-11,cumulative,24237.12,,24237.12,April- November 2024 Actual Achievement (Provisional) A. Oil & Natural Gas corporation (ONGC) Gujarat * 545.38 554.24 531.17 1.62 4.34 Assam * 287.68 234.89 231.15 -18.35 1.62 Tamil Nadu * 662.45 616.54 667.68 -6.93 -7.66 Offshore * 9974.97 9652.59 9838.18 -3.23 -1.89 Andhra Pradesh * 529.55 486.41 489.84 -8.15 -0.70 Tripura * 1037.93 807.82 816.63 -22.17 -1.08 Rajasthan * 10.00 0.00 0.00 -100.00 -
2025-11,Performance Review,2025-26,ReviewReportNov25.pdf,39,All India Total (A+B+C),variation_pct,2024-11,monthly,14.59,,14.59,% Variation Over Actual November 2024 - -
2025-11,Performance Review,2025-26,ReviewReportNov25.pdf,44,All India Total (A+B+C),variation_pct,2024-11,cumulative,-1.29,,-1.29,% Variation Over Actual April- November 2024 A. Oil & Natural Gas corporation (ONGC) Gujarat * 3212.18 2981.73 3033.88 -7.17 -1.72 Assam * 780.30 697.54 699.21 -10.61 -0.24 Tamil Nadu * 157.00 123.50 136.74 -21.34 -9.68 Offshore * 8807.38 8000.48 8354.72 -9.16 -4.24 Andhra Pradesh * 166.87 147.80 149.35 -11.43 -1.04 Tripura * 1.49 1.11 1.07 -25.50 3.74
2025-11,Performance Review,2025-26,ReviewReportNov25.pdf,49,All India Total (A+B+C),variation_pct,2024-11,monthly,-2.57,,-2.57,% Variation Over November 2024 Actual A. Oil & Natural Gas corporation (ONGC) Gujarat 66.78 66.59 67.40 -0.28 -1.20 Assam 36.55 30.88 27.57 -15.51 12.01 Tamil Nadu 82.96 76.41 81.35 -7.90 -6.07 Offshore 1262.83 1216.23 1220.00 -3.69 -0.31 Andhra Pradesh 68.83 57.25 59.65 -16.82 -4.02 Tripura 134.85 98.39 94.95 -27.04 3.62 Rajasthan 1.50 0.00 0.00 -100.00 -
2025-11,Performance Review,2025-26,ReviewReportNov25.pdf,50,All India Total (A+B+C),variation_pct,2024-11,cumulative,-3.39,,-3.39,% Variation Over Actual April- November 2024 A. Oil & Natural Gas corporation (ONGC) Gujarat * 545.38 554.24 531.17 1.62 4.34 Assam * 287.68 234.89 231.15 -18.35 1.62 Tamil Nadu * 662.45 616.54 667.68 -6.93 -7.66 Offshore * 9974.97 9652.59 9838.18 -3.23 -1.89 Andhra Pradesh * 529.55 486.41 489.84 -8.15 -0.70 Tripura * 1037.93 807.82 816.63 -22.17 -1.08 Rajasthan * 10.00 0.00 0.00 -100.00 -
2025-11,Performance Review,2025-26,ReviewReportNov25.pdf,40,All India Total(A+B),achievement,2024-11,monthly,1865.9,,1865.90,November 2024 Actual Achievement (Provisional) 258.10 352.40 830.40
2025-11,Performance Review,2025-26,ReviewReportNov25.pdf,40,All India Total(A+B),achievement,2024-11,cumulative,14819.9,,14819.90,April- November 2024 Actual Achievement (Provisional) 2126.90 2716.70 6479.60
2025-11,Performance Review,2025-26,ReviewReportNov25.pdf,40,All India Total(A+B),variation_pct,2024-11,monthly,5.41,,5.41,% Variation Over Actual November 2024 16.39 0.54 -1.00
2025-11,Performance Review,2025-26,ReviewReportNov25.pdf,40,All India Total(A+B),variation_pct,2024-11,cumulative,-0.14,,-0.14,% Variation Over Actual April- November 2024 1.37 -2.43 -2.21
2025-11,Performance Review,2025-26,ReviewReportNov25.pdf,39,All India Total(A+B+C),achievement,2024-11,cumulative,2828.17,,2828.17,April- November 2024 Actual Achievement (Provisional) 0.00 0.00
2025-11,Performance Review,2025-26,ReviewReportNov25.pdf,39,All India Total(A+B+C),variation_pct,2024-11,cumulative,7.93,,7.93,% Variation Over Actual April- November 2024 - -
2025-11,Performance Review,2025-26,ReviewReportNov25.pdf,39,B. Private Sector,achievement,2024-11,monthly,320.07,,320.07,November 2024 Actual Achievement (Provisional) 0.00 0.00
2025-11,Performance Review,2025-26,ReviewReportNov25.pdf,39,B. Private Sector,achievement,2024-11,cumulative,2710.25,,2710.25,April- November 2024 Actual Achievement (Provisional) 0.00 0.00
2025-11,Performance Review,2025-26,ReviewReportNov25.pdf,39,B. Private Sector,variation_pct,2024-11,monthly,16.46,,16.46,% Variation Over Actual November 2024 - -
2025-11,Performance Review,2025-26,ReviewReportNov25.pdf,39,B. Private Sector,variation_pct,2024-11,cumulative,8.36,,8.36,% Variation Over Actual April- November 2024 - -
2025-11,Performance Review,2025-26,ReviewReportNov25.pdf,43,C. DGH (JVC/Private),achievement,2024-11,monthly,562.68,,562.68,November 2024 Actual Achievement (Provisional) A. Oil & Natural Gas corporation (ONGC) Gujarat 406.45 362.48 377.01 -10.82 -3.85 Assam 98.08 86.99 85.58 -11.31 1.65 Tamil Nadu 20.00 14.34 15.21 -28.30 -5.72 Offshore 1076.78 976.08 1006.81 -9.35 -3.05 Andhra Pradesh 21.13 16.71 18.86 -20.92 -11.40 Tripura 0.18 0.22 0.12 22.22 83.33
2025-11,Performance Review,2025-26,ReviewReportNov25.pdf,44,C. DGH (JVC/Private),achievement,2024-11,cumulative,4404.88,,4404.88,April- November 2024 Actual Achievement (Provisional) A. Oil & Natural Gas corporation (ONGC) Gujarat * 3212.18 2981.73 3033.88 -7.17 -1.72 Assam * 780.30 697.54 699.21 -10.61 -0.24 Tamil Nadu * 157.00 123.50 136.74 -21.34 -9.68 Offshore * 8807.38 8000.48 8354.72 -9.16 -4.24 Andhra Pradesh * 166.87 147.80 149.35 -11.43 -1.04 Tripura * 1.49 1.11 1.07 -25.50 3.74
2025-11,Performance Review,2025-26,ReviewReportNov25.pdf,49,C. DGH (JVC/Private),achievement,2024-11,monthly,1161.47,,1161.47,November 2024 Actual Achievement (Provisional) A. Oil & Natural Gas corporation (ONGC) Gujarat 66.78 66.59 67.40 -0.28 -1.20 Assam 36.55 30.88 27.57 -15.51 12.01 Tamil Nadu 82.96 76.41 81.35 -7.90 -6.07 Offshore 1262.83 1216.23 1220.00 -3.69 -0.31 Andhra Pradesh 68.83 57.25 59.65 -16.82 -4.02 Tripura 134.85 98.39 94.95 -27.04 3.62 Rajasthan 1.50 0.00 0.00 -100.00 -
2025-11,Performance Review,2025-26,ReviewReportNov25.pdf,50,C. DGH (JVC/Private),achievement,2024-11,cumulative,9549.74,,9549.74,April- November 2024 Actual Achievement (Provisional) A. Oil & Natural Gas corporation (ONGC) Gujarat * 545.38 554.24 531.17 1.62 4.34 Assam * 287.68 234.89 231.15 -18.35 1.62 Tamil Nadu * 662.45 616.54 667.68 -6.93 -7.66 Offshore * 9974.97 9652.59 9838.18 -3.23 -1.89 Andhra Pradesh * 529.55 486.41 489.84 -8.15 -0.70 Tripura * 1037.93 807.82 816.63 -22.17 -1.08 Rajasthan * 10.00 0.00 0.00 -100.00 -
2025-11,Performance Review,2025-26,ReviewReportNov25.pdf,43,C. DGH (JVC/Private),variation_pct,2024-11,monthly,-4.34,,-4.34,% Variation Over Actual November 2024 A. Oil & Natural Gas corporation (ONGC) Gujarat 406.45 362.48 377.01 -10.82 -3.85 Assam 98.08 86.99 85.58 -11.31 1.65 Tamil Nadu 20.00 14.34 15.21 -28.30 -5.72 Offshore 1076.78 976.08 1006.81 -9.35 -3.05 Andhra Pradesh 21.13 16.71 18.86 -20.92 -11.40 Tripura 0.18 0.22 0.12 22.22 83.33
2025-11,Performance Review,2025-26,ReviewReportNov25.pdf,44,C. DGH (JVC/Private),variation_pct,2024-11,cumulative,5.22,,5.22,% Variation Over Actual April- November 2024 A. Oil & Natural Gas corporation (ONGC) Gujarat * 3212.18 2981.73 3033.88 -7.17 -1.72 Assam * 780.30 697.54 699.21 -10.61 -0.24 Tamil Nadu * 157.00 123.50 136.74 -21.34 -9.68 Offshore * 8807.38 8000.48 8354.72 -9.16 -4.24 Andhra Pradesh * 166.87 147.80 149.35 -11.43 -1.04 Tripura * 1.49 1.11 1.07 -25.50 3.74
2025-11,Performance Review,2025-26,ReviewReportNov25.pdf,49,C. DGH (JVC/Private),variation_pct,2024-11,monthly,-6.83,,-6.83,% Variation Over November 2024 Actual A. Oil & Natural Gas corporation (ONGC) Gujarat 66.78 66.59 67.40 -0.28 -1.20 Assam 36.55 30.88 27.57 -15.51 12.01 Tamil Nadu 82.96 76.41 81.35 -7.90 -6.07 Offshore 1262.83 1216.23 1220.00 -3.69 -0.31 Andhra Pradesh 68.83 57.25 59.65 -16.82 -4.02 Tripura 134.85 98.39 94.95 -27.04 3.62 Rajasthan 1.50 0.00 0.00 -100.00 -
2025-11,Performance Review,2025-26,ReviewReportNov25.pdf,50,C. DGH (JVC/Private),variation_pct,2024-11,cumulative,-6.38,,-6.38,% Variation Over Actual April- November 2024 A. Oil & Natural Gas corporation (ONGC) Gujarat * 545.38 554.24 531.17 1.62 4.34 Assam * 287.68 234.89 231.15 -18.35 1.62 Tamil Nadu * 662.45 616.54 667.68 -6.93 -7.66 Offshore * 9974.97 9652.59 9838.18 -3.23 -1.89 Andhra Pradesh * 529.55 486.41 489.84 -8.15 -0.70 Tripura * 1037.93 807.82 816.63 -22.17 -1.08 Rajasthan * 10.00 0.00 0.00 -100.00 -
2025-11,Performance Review,2025-26,ReviewReportNov25.pdf,39,C. Mini & White,achievement,2024-11,monthly,18.24,,18.24,November 2024 Actual Achievement (Provisional) 0.00 0.00
2025-11,Performance Review,2025-26,ReviewReportNov25.pdf,39,C. Mini & White,achievement,2024-11,cumulative,117.92,,117.92,April- November 2024 Actual Achievement (Provisional) 0.00 0.00
2025-11,Performance Review,2025-26,ReviewReportNov25.pdf,39,C. Mini & White,variation_pct,2024-11,monthly,-18.09,,-18.09,% Variation Over Actual November 2024 - -
2025-11,Performance Review,2025-26,ReviewReportNov25.pdf,39,C. Mini & White,variation_pct,2024-11,cumulative,-1.96,,-1.96,% Variation Over Actual April- November 2024 - -
2025-11,Performance Review,2025-26,ReviewReportNov25.pdf,31,CIL - Total,achievement,2024-11,monthly,67.18,,67.180,November 2024 Actual Achievement (Provisional) 4.590 3.420 7.290 12.780 6.260 13.310 19.500 0.030
2025-11,Performance Review,2025-26,ReviewReportNov25.pdf,31,CIL - Total,achievement,2024-11,cumulative,471.0,,471.000,April- November 2024 Actual Achievement (Provisional) 28.760 25.520 49.660 92.200 37.990 97.210 139.510 0.150
2025-11,Performance Review,2025-26,ReviewReportNov25.pdf,34,CIL - Total,achievement,2024-11,monthly,63.43,,63.430,November 2024 Actual Achievement (Provisional) 4.050 3.260 6.840 12.210 5.910 13.630 17.510 0.020
2025-11,Performance Review,2025-26,ReviewReportNov25.pdf,35,CIL - Total,achievement,2024-11,cumulative,493.11,,493.110,April- November 2024 Actual Achievement (Provisional) 30.750 24.920 55.990 90.020 42.450 109.510 139.290 0.180
2025-11,Performance Review,2025-26,ReviewReportNov25.pdf,31,CIL - Total,variation_pct,2024-11,monthly,1.22,,1.22,% Variation Over Actual November 2024 -5.66 -13.74 0.96 -6.81 -18.53 18.56 5.38 -33.33
2025-11,Performance Review,2025-26,ReviewReportNov25.pdf,31,CIL - Total,variation_pct,2024-11,cumulative,-3.71,,-3.71,% Variation Over Actual April- November 2024 -1.70 -16.26 -14.12 1.14 -11.74 3.50 -4.17 -6.67
2025-11,Performance Review,2025-26,ReviewReportNov25.pdf,34,CIL - Total,variation_pct,2024-11,monthly,0.03,,0.03,% Variation Over Actual November 2024 -12.35 -9.51 -2.92 -5.00 -14.04 15.41 2.11 0.00
2025-11,Performance Review,2025-26,ReviewReportNov25.pdf,35,CIL - Total,variation_pct,2024-11,cumulative,-2.71,,-2.71,% Variation Over Actual April- November 2024 -3.48 -7.70 -18.47 1.09 -10.04 3.14 -0.09 -38.89
2025-11,Performance Review,2025-26,ReviewReportNov25.pdf,51,Construction of Bridges (Nos.),achievement,2024-11,monthly,0.0,Nos,0,November 2024 Actual Achievement (Provisional)
2025-11,Performance Review,2025-26,ReviewReportNov25.pdf,51,Construction of Bridges (Nos.),achievement,2024-11,cumulative,0.0,Nos,0,April- November 2024 Actual Achievement (Provisional)
2025-11,Performance Review,2025-26,ReviewReportNov25.pdf,52,Construction of Missing Links (Kms.),achievement,2024-11,monthly,0.0,Kms,0.00,November 2024 Actual Achievement (Provisional)
2025-11,Performance Review,2025-26,ReviewReportNov25.pdf,52,Construction of Missing Links (Kms.),achievement,2024-11,cumulative,0.0,Kms,0.00,April- November 2024 Actual Achievement (Provisional)
2025-11,Performance Review,2025-26,ReviewReportNov25.pdf,51,Construction of bypass (Nos.),achievement,2024-11,monthly,0.0,Nos,0,November 2024 Actual Achievement (Provisional)
2025-11,Performance Review,2025-26,ReviewReportNov25.pdf,51,Construction of bypass (Nos.),achievement,2024-11,cumulative,0.0,Nos,0,April- November 2024 Actual Achievement (Provisional)
2025-11,Performance Review,2025-26,ReviewReportNov25.pdf,52,Construction of bypasses (Nos.),achievement,2024-11,monthly,0.0,Nos,0,November 2024 Actual Achievement (Provisional)
2025-11,Performance Review,2025-26,ReviewReportNov25.pdf,52,Construction of bypasses (Nos.),achievement,2024-11,cumulative,0.0,Nos,0,April- November 2024 Actual Achievement (Provisional)
2025-11,Performance Review,2025-26,ReviewReportNov25.pdf,52,Improvement of low grade section (Kms.),achievement,2024-11,monthly,0.0,Kms,0.00,November 2024 Actual Achievement (Provisional)
2025-11,Performance Review,2025-26,ReviewReportNov25.pdf,52,Improvement of low grade section (Kms.),achievement,2024-11,cumulative,0.0,Kms,0.00,April- November 2024 Actual Achievement (Provisional)
2025-11,Performance Review,2025-26,ReviewReportNov25.pdf,52,Improvement of riding quality prog.(IRQP) (Kms.),achievement,2024-11,monthly,10.84,Kms,10.84,November 2024 Actual Achievement (Provisional)
2025-11,Performance Review,2025-26,ReviewReportNov25.pdf,52,Improvement of riding quality prog.(IRQP) (Kms.),achievement,2024-11,cumulative,222.0,Kms,222.00,April- November 2024 Actual Achievement (Provisional)
2025-11,Performance Review,2025-26,ReviewReportNov25.pdf,52,Improvement of riding quality prog.(IRQP) (Kms.),variation_pct,2024-11,monthly,-100.0,Kms,-100.00,% Variation Over Actual November 2024
2025-11,Performance Review,2025-26,ReviewReportNov25.pdf,52,Improvement of riding quality prog.(IRQP) (Kms.),variation_pct,2024-11,cumulative,-44.98,Kms,-44.98,% Variation Over Actual April- November 2024
2025-11,Performance Review,2025-26,ReviewReportNov25.pdf,31,"Others (TISCO,IISCO,DVC)",achievement,2024-11,monthly,17.318,,17.318,November 2024 Actual Achievement (Provisional) 4.590 3.420 7.290 12.780 6.260 13.310 19.500 0.030
2025-11,Performance Review,2025-26,ReviewReportNov25.pdf,31,"Others (TISCO,IISCO,DVC)",achievement,2024-11,cumulative,117.231,,117.231,April- November 2024 Actual Achievement (Provisional) 28.760 25.520 49.660 92.200 37.990 97.210 139.510 0.150
2025-11,Performance Review,2025-26,ReviewReportNov25.pdf,34,"Others (TISCO,IISCO,DVC)",achievement,2024-11,monthly,16.66,,16.660,November 2024 Actual Achievement (Provisional) 4.050 3.260 6.840 12.210 5.910 13.630 17.510 0.020
2025-11,Performance Review,2025-26,ReviewReportNov25.pdf,35,"Others (TISCO,IISCO,DVC)",achievement,2024-11,cumulative,125.26,,125.260,April- November 2024 Actual Achievement (Provisional) 30.750 24.920 55.990 90.020 42.450 109.510 139.290 0.180
2025-11,Performance Review,2025-26,ReviewReportNov25.pdf,31,"Others (TISCO,IISCO,DVC)",variation_pct,2024-11,monthly,11.71,,11.71,% Variation Over Actual November 2024 -5.66 -13.74 0.96 -6.81 -18.53 18.56 5.38 -33.33
2025-11,Performance Review,2025-26,ReviewReportNov25.pdf,31,"Others (TISCO,IISCO,DVC)",variation_pct,2024-11,cumulative,9.11,,9.11,% Variation Over Actual April- November 2024 -1.70 -16.26 -14.12 1.14 -11.74 3.50 -4.17 -6.67
2025-11,Performance Review,2025-26,ReviewReportNov25.pdf,34,"Others (TISCO,IISCO,DVC)",variation_pct,2024-11,monthly,2.28,,2.28,% Variation Over Actual November 2024 -12.35 -9.51 -2.92 -5.00 -14.04 15.41 2.11 0.00
2025-11,Performance Review,2025-26,ReviewReportNov25.pdf,35,"Others (TISCO,IISCO,DVC)",variation_pct,2024-11,cumulative,6.61,,6.61,% Variation Over Actual April- November 2024 -3.48 -7.70 -18.47 1.09 -10.04 3.14 -0.09 -38.89
2025-11,Performance Review,2025-26,ReviewReportNov25.pdf,52,Rehabilitation/ Construction of Bridges (Nos.),achievement,2024-11,monthly,0.0,Nos,0,November 2024 Actual Achievement (Provisional)
2025-11,Performance Review,2025-26,ReviewReportNov25.pdf,52,Rehabilitation/ Construction of Bridges (Nos.),achievement,2024-11,cumulative,0.0,Nos,0,April- November 2024 Actual Achievement (Provisional)
2025-11,Performance Review,2025-26,ReviewReportNov25.pdf,31,SCCL,achievement,2024-11,monthly,6.31,,6.310,November 2024 Actual Achievement (Provisional) 4.590 3.420 7.290 12.780 6.260 13.310 19.500 0.030
2025-11,Performance Review,2025-26,ReviewReportNov25.pdf,31,SCCL,achievement,2024-11,cumulative,40.15,,40.150,April- November 2024 Actual Achievement (Provisional) 28.760 25.520 49.660 92.200 37.990 97.210 139.510 0.150
2025-11,Performance Review,2025-26,ReviewReportNov25.pdf,34,SCCL,achievement,2024-11,monthly,5.69,,5.690,November 2024 Actual Achievement (Provisional) 4.050 3.260 6.840 12.210 5.910 13.630 17.510 0.020
2025-11,Performance Review,2025-26,ReviewReportNov25.pdf,35,SCCL,achievement,2024-11,cumulative,40.4,,40.400,April- November 2024 Actual Achievement (Provisional) 30.750 24.920 55.990 90.020 42.450 109.510 139.290 0.180
2025-11,Performance Review,2025-26,ReviewReportNov25.pdf,31,SCCL,variation_pct,2024-11,monthly,-15.37,,-15.37,% Variation Over Actual November 2024 -5.66 -13.74 0.96 -6.81 -18.53 18.56 5.38 -33.33
2025-11,Performance Review,2025-26,ReviewReportNov25.pdf,31,SCCL,variation_pct,2024-11,cumulative,-5.4,,-5.40,% Variation Over Actual April- November 2024 -1.70 -16.26 -14.12 1.14 -11.74 3.50 -4.17 -6.67
2025-11,Performance Review,2025-26,ReviewReportNov25.pdf,34,SCCL,variation_pct,2024-11,monthly,-9.84,,-9.84,% Variation Over Actual November 2024 -12.35 -9.51 -2.92 -5.00 -14.04 15.41 2.11 0.00
2025-11,Performance Review,2025-26,ReviewReportNov25.pdf,35,SCCL,variation_pct,2024-11,cumulative,-4.7,,-4.70,% Variation Over Actual April- November 2024 -3.48 -7.70 -18.47 1.09 -10.04 3.14 -0.09 -38.89
2025-11,Performance Review,2025-26,ReviewReportNov25.pdf,52,Strengthening of existing weak pavement (Kms.),achievement,2024-11,monthly,31.33,Kms,31.33,November 2024 Actual Achievement (Provisional)
2025-11,Performance Review,2025-26,ReviewReportNov25.pdf,52,Strengthening of existing weak pavement (Kms.),achievement,2024-11,cumulative,199.54,Kms,199.54,April- November 2024 Actual Achievement (Provisional)
2025-11,Performance Review,2025-26,ReviewReportNov25.pdf,52,Strengthening of existing weak pavement (Kms.),variation_pct,2024-11,monthly,-32.97,Kms,-32.97,% Variation Over Actual November 2024
2025-11,Performance Review,2025-26,ReviewReportNov25.pdf,52,Strengthening of existing weak pavement (Kms.),variation_pct,2024-11,cumulative,-39.86,Kms,-39.86,% Variation Over Actual April- November 2024
2025-11,Performance Review,2025-26,ReviewReportNov25.pdf,52,Widening to four/six/eight lanes (Kms.),achievement,2024-11,monthly,71.06,Kms,71.06,November 2024 Actual Achievement (Provisional)
2025-11,Performance Review,2025-26,ReviewReportNov25.pdf,52,Widening to four/six/eight lanes (Kms.),achievement,2024-11,cumulative,390.47,Kms,390.47,April- November 2024 Actual Achievement (Provisional)
2025-11,Performance Review,2025-26,ReviewReportNov25.pdf,52,Widening to four/six/eight lanes (Kms.),variation_pct,2024-11,monthly,-64.82,Kms,-64.82,% Variation Over Actual November 2024
2025-11,Performance Review,2025-26,ReviewReportNov25.pdf,52,Widening to four/six/eight lanes (Kms.),variation_pct,2024-11,cumulative,-26.24,Kms,-26.24,% Variation Over Actual April- November 2024
2025-11,Performance Review,2025-26,ReviewReportNov25.pdf,52,Widening to two lanes (Kms.),achievement,2024-11,monthly,278.73,Kms,278.73,November 2024 Actual Achievement (Provisional)
2025-11,Performance Review,2025-26,ReviewReportNov25.pdf,52,Widening to two lanes (Kms.),achievement,2024-11,cumulative,1513.18,Kms,1513.18,April- November 2024 Actual Achievement (Provisional)
2025-11,Performance Review,2025-26,ReviewReportNov25.pdf,52,Widening to two lanes (Kms.),variation_pct,2024-11,monthly,-35.42,Kms,-35.42,% Variation Over Actual November 2024
2025-11,Performance Review,2025-26,ReviewReportNov25.pdf,52,Widening to two lanes (Kms.),variation_pct,2024-11,cumulative,-17.72,Kms,-17.72,% Variation Over Actual April- November 2024
2025-11,Performance Review,2025-26,ReviewReportNov25.pdf,51,Widening/ Strengthening/ existing weak pavement to four/six/eight lanes (Kms.),achievement,2024-11,monthly,403.0,Kms,403.00,November 2024 Actual Achievement (Provisional)
2025-11,Performance Review,2025-26,ReviewReportNov25.pdf,51,Widening/ Strengthening/ existing weak pavement to four/six/eight lanes (Kms.),achievement,2024-11,cumulative,2425.0,Kms,2425.00,April- November 2024 Actual Achievement (Provisional)
2025-11,Performance Review,2025-26,ReviewReportNov25.pdf,51,Widening/ Strengthening/ existing weak pavement to four/six/eight lanes (Kms.),variation_pct,2024-11,monthly,10.67,Kms,10.67,% Variation Over Actual November 2024
2025-11,Performance Review,2025-26,ReviewReportNov25.pdf,51,Widening/ Strengthening/ existing weak pavement to four/six/eight lanes (Kms.),variation_pct,2024-11,cumulative,-2.97,Kms,-2.97,% Variation Over Actual April- November 2024
2025-12,Performance Review,2025-26,Review Report Dec 25.pdf,30,All India - Total,achievement,2024-12,monthly,97.94,,97.940,December 2024 Actual Achievement (Provisional) 5.060 3.550 8.080 12.700 7.120 14.330 21.510 0.030
2025-12,Performance Review,2025-26,Review Report Dec 25.pdf,30,All India - Total,achievement,2024-12,cumulative,726.31,,726.310,April- December 2024 Actual Achievement (Provisional) 33.820 29.070 57.730 104.900 45.100 111.540 161.020 0.180
2025-12,Performance Review,2025-26,Review Report Dec 25.pdf,33,All India - Total,achievement,2024-12,monthly,92.61,,92.610,December 2024 Actual Achievement (Provisional) 4.380 3.450 7.210 12.370 6.290 15.250 19.590 0.020
2025-12,Performance Review,2025-26,Review Report Dec 25.pdf,33,All India - Total,achievement,2024-12,cumulative,751.39,,751.390,April- December 2024 Actual Achievement (Provisional) 35.130 28.380 63.190 102.390 48.740 124.760 158.880 0.200
2025-12,Performance Review,2025-26,Review Report Dec 25.pdf,30,All India - Total,variation_pct,2024-12,monthly,3.56,,3.56,% Variation Over Actual December 2024 2.96 -7.32 2.60 -5.12 -8.15 28.19 1.81 -33.33
2025-12,Performance Review,2025-26,Review Report Dec 25.pdf,30,All India - Total,variation_pct,2024-12,cumulative,-0.64,,-0.64,% Variation Over Actual April- December 2024 -1.01 -15.20 -11.76 0.38 -11.15 6.67 -3.37 -5.56
2025-12,Performance Review,2025-26,Review Report Dec 25.pdf,33,All India - Total,variation_pct,2024-12,monthly,-2.61,,-2.61,% Variation Over Actual December 2024 -8.90 -17.97 5.41 -5.01 -13.04 7.54 -8.68 50.00
2025-12,Performance Review,2025-26,Review Report Dec 25.pdf,33,All India - Total,variation_pct,2024-12,cumulative,-1.25,,-1.25,% Variation Over Actual April- December 2024 -4.16 -8.91 -15.73 0.35 -10.42 3.68 -1.14 -35.00
2025-12,Performance Review,2025-26,Review Report Dec 25.pdf,41,All India Total (A+B),achievement,2024-12,monthly,2471.35,,2471.35,December 2024 Actual Achievement (Provisional) A. Oil & Natural Gas corporation (ONGC) Gujarat 423.01 372.08 390.76 -12.04 -4.78 Assam 99.89 89.48 90.19 -10.42 -0.79 Tamil Nadu 20.00 14.85 16.10 -25.75 -7.76 Offshore 1130.34 1007.87 1059.40 -10.83 -4.86 Andhra Pradesh 21.67 19.03 19.70 -12.18 -3.40 Tripura 0.19 0.20 0.13 5.26 53.85
2025-12,Performance Review,2025-26,Review Report Dec 25.pdf,41,All India Total (A+B),variation_pct,2024-12,monthly,-5.59,,-5.59,% Variation Over Actual December 2024 A. Oil & Natural Gas corporation (ONGC) Gujarat 423.01 372.08 390.76 -12.04 -4.78 Assam 99.89 89.48 90.19 -10.42 -0.79 Tamil Nadu 20.00 14.85 16.10 -25.75 -7.76 Offshore 1130.34 1007.87 1059.40 -10.83 -4.86 Andhra Pradesh 21.67 19.03 19.70 -12.18 -3.40 Tripura 0.19 0.20 0.13 5.26 53.85
2025-12,Performance Review,2025-26,Review Report Dec 25.pdf,37,All India Total (A+B+C),achievement,2024-12,monthly,404.21,,404.21,December 2024 Actual Achievement (Provisional) 0.00 0.00
2025-12,Performance Review,2025-26,Review Report Dec 25.pdf,42,All India Total (A+B+C),achievement,2024-12,cumulative,21560.55,,21560.55,April- December 2024 Actual Achievement (Provisional) A. Oil & Natural Gas corporation (ONGC) Gujarat * 3635.19 3353.81 3424.64 -7.74 -2.07 Assam * 880.19 787.01 789.40 -10.59 -0.30 Tamil Nadu * 177.00 138.36 152.83 -21.83 -9.47 Offshore * 9937.72 9008.35 9414.12 -9.35 -4.31 Andhra Pradesh * 188.54 166.83 169.05 -11.51 -1.31 Tripura * 1.68 1.31 1.20 -22.02 9.17
2025-12,Performance Review,2025-26,Review Report Dec 25.pdf,47,All India Total (A+B+C),achievement,2024-12,monthly,3065.58,,3065.58,December 2024 Actual Achievement (Provisional) A. Oil & Natural Gas corporation (ONGC) Gujarat 68.90 69.62 71.67 1.04 -2.86 Assam 37.31 31.78 27.55 -14.82 15.35 Tamil Nadu 86.77 78.67 82.36 -9.34 -4.48 Offshore 1328.48 1243.75 1242.87 -6.38 0.07 Andhra Pradesh 70.11 59.24 64.46 -15.50 -8.10 Tripura 137.65 109.28 105.30 -20.61 3.78 Rajasthan 1.50 0.00 0.00 -100.00 -
2025-12,Performance Review,2025-26,Review Report Dec 25.pdf,48,All India Total (A+B+C),achievement,2024-12,cumulative,27302.72,,27302.72,April- December 2024 Actual Achievement (Provisional) A. Oil & Natural Gas corporation (ONGC) Gujarat * 614.28 623.86 602.84 1.56 3.49 Assam * 324.99 266.67 258.69 -17.95 3.08 Tamil Nadu * 749.22 695.21 750.05 -7.21 -7.31 Offshore * 11303.45 10896.34 11081.06 -3.60 -1.67 Andhra Pradesh * 599.64 545.65 554.30 -9.01 -1.56 Tripura * 1175.58 917.10 921.93 -21.99 -0.52 Rajasthan * 11.50 0.00 0.00 -100.00 -
2025-12,Performance Review,2025-26,Review Report Dec 25.pdf,37,All India Total (A+B+C),variation_pct,2024-12,monthly,13.94,,13.94,% Variation Over Actual December 2024 - -
2025-12,Performance Review,2025-26,Review Report Dec 25.pdf,42,All India Total (A+B+C),variation_pct,2024-12,cumulative,-1.78,,-1.78,% Variation Over Actual April- December 2024 A. Oil & Natural Gas corporation (ONGC) Gujarat * 3635.19 3353.81 3424.64 -7.74 -2.07 Assam * 880.19 787.01 789.40 -10.59 -0.30 Tamil Nadu * 177.00 138.36 152.83 -21.83 -9.47 Offshore * 9937.72 9008.35 9414.12 -9.35 -4.31 Andhra Pradesh * 188.54 166.83 169.05 -11.51 -1.31 Tripura * 1.68 1.31 1.20 -22.02 9.17
2025-12,Performance Review,2025-26,Review Report Dec 25.pdf,47,All India Total (A+B+C),variation_pct,2024-12,monthly,-4.33,,-4.33,% Variation Over December 2024 Actual A. Oil & Natural Gas corporation (ONGC) Gujarat 68.90 69.62 71.67 1.04 -2.86 Assam 37.31 31.78 27.55 -14.82 15.35 Tamil Nadu 86.77 78.67 82.36 -9.34 -4.48 Offshore 1328.48 1243.75 1242.87 -6.38 0.07 Andhra Pradesh 70.11 59.24 64.46 -15.50 -8.10 Tripura 137.65 109.28 105.30 -20.61 3.78 Rajasthan 1.50 0.00 0.00 -100.00 -
2025-12,Performance Review,2025-26,Review Report Dec 25.pdf,48,All India Total (A+B+C),variation_pct,2024-12,cumulative,-3.5,,-3.50,% Variation Over Actual April- December 2024 A. Oil & Natural Gas corporation (ONGC) Gujarat * 614.28 623.86 602.84 1.56 3.49 Assam * 324.99 266.67 258.69 -17.95 3.08 Tamil Nadu * 749.22 695.21 750.05 -7.21 -7.31 Offshore * 11303.45 10896.34 11081.06 -3.60 -1.67 Andhra Pradesh * 599.64 545.65 554.30 -9.01 -1.56 Tripura * 1175.58 917.10 921.93 -21.99 -0.52 Rajasthan * 11.50 0.00 0.00 -100.00 -
2025-12,Performance Review,2025-26,Review Report Dec 25.pdf,38,All India Total(A+B),achievement,2024-12,monthly,1936.6,,1936.60,December 2024 Actual Achievement (Provisional) 281.00 368.50 841.60
2025-12,Performance Review,2025-26,Review Report Dec 25.pdf,38,All India Total(A+B),achievement,2024-12,cumulative,16756.3,,16756.30,April- December 2024 Actual Achievement (Provisional) 2407.80 3085.10 7321.20
2025-12,Performance Review,2025-26,Review Report Dec 25.pdf,38,All India Total(A+B),variation_pct,2024-12,monthly,3.19,,3.19,% Variation Over Actual December 2024 11.03 -3.12 1.16
2025-12,Performance Review,2025-26,Review Report Dec 25.pdf,38,All India Total(A+B),variation_pct,2024-12,cumulative,0.25,,0.25,% Variation Over Actual April- December 2024 2.50 -2.51 -1.82
2025-12,Performance Review,2025-26,Review Report Dec 25.pdf,37,All India Total(A+B+C),achievement,2024-12,cumulative,3233.78,,3233.78,April- December 2024 Actual Achievement (Provisional) 0.00 0.00
2025-12,Performance Review,2025-26,Review Report Dec 25.pdf,37,All India Total(A+B+C),variation_pct,2024-12,cumulative,8.64,,8.64,% Variation Over Actual April- December 2024 - -
2025-12,Performance Review,2025-26,Review Report Dec 25.pdf,37,B. Private Sector,achievement,2024-12,monthly,388.57,,388.57,December 2024 Actual Achievement (Provisional) 0.00 0.00
2025-12,Performance Review,2025-26,Review Report Dec 25.pdf,37,B. Private Sector,achievement,2024-12,cumulative,3100.22,,3100.22,April- December 2024 Actual Achievement (Provisional) 0.00 0.00
2025-12,Performance Review,2025-26,Review Report Dec 25.pdf,37,B. Private Sector,variation_pct,2024-12,monthly,14.71,,14.71,% Variation Over Actual December 2024 - -
2025-12,Performance Review,2025-26,Review Report Dec 25.pdf,37,B. Private Sector,variation_pct,2024-12,cumulative,9.11,,9.11,% Variation Over Actual April- December 2024 - -
2025-12,Performance Review,2025-26,Review Report Dec 25.pdf,41,C. DGH (JVC/Private),achievement,2024-12,monthly,601.17,,601.17,December 2024 Actual Achievement (Provisional) A. Oil & Natural Gas corporation (ONGC) Gujarat 423.01 372.08 390.76 -12.04 -4.78 Assam 99.89 89.48 90.19 -10.42 -0.79 Tamil Nadu 20.00 14.85 16.10 -25.75 -7.76 Offshore 1130.34 1007.87 1059.40 -10.83 -4.86 Andhra Pradesh 21.67 19.03 19.70 -12.18 -3.40 Tripura 0.19 0.20 0.13 5.26 53.85
2025-12,Performance Review,2025-26,Review Report Dec 25.pdf,42,C. DGH (JVC/Private),achievement,2024-12,cumulative,5006.05,,5006.05,April- December 2024 Actual Achievement (Provisional) A. Oil & Natural Gas corporation (ONGC) Gujarat * 3635.19 3353.81 3424.64 -7.74 -2.07 Assam * 880.19 787.01 789.40 -10.59 -0.30 Tamil Nadu * 177.00 138.36 152.83 -21.83 -9.47 Offshore * 9937.72 9008.35 9414.12 -9.35 -4.31 Andhra Pradesh * 188.54 166.83 169.05 -11.51 -1.31 Tripura * 1.68 1.31 1.20 -22.02 9.17
2025-12,Performance Review,2025-26,Review Report Dec 25.pdf,47,C. DGH (JVC/Private),achievement,2024-12,monthly,1201.05,,1201.05,December 2024 Actual Achievement (Provisional) A. Oil & Natural Gas corporation (ONGC) Gujarat 68.90 69.62 71.67 1.04 -2.86 Assam 37.31 31.78 27.55 -14.82 15.35 Tamil Nadu 86.77 78.67 82.36 -9.34 -4.48 Offshore 1328.48 1243.75 1242.87 -6.38 0.07 Andhra Pradesh 70.11 59.24 64.46 -15.50 -8.10 Tripura 137.65 109.28 105.30 -20.61 3.78 Rajasthan 1.50 0.00 0.00 -100.00 -
2025-12,Performance Review,2025-26,Review Report Dec 25.pdf,48,C. DGH (JVC/Private),achievement,2024-12,cumulative,10750.79,,10750.79,April- December 2024 Actual Achievement (Provisional) A. Oil & Natural Gas corporation (ONGC) Gujarat * 614.28 623.86 602.84 1.56 3.49 Assam * 324.99 266.67 258.69 -17.95 3.08 Tamil Nadu * 749.22 695.21 750.05 -7.21 -7.31 Offshore * 11303.45 10896.34 11081.06 -3.60 -1.67 Andhra Pradesh * 599.64 545.65 554.30 -9.01 -1.56 Tripura * 1175.58 917.10 921.93 -21.99 -0.52 Rajasthan * 11.50 0.00 0.00 -100.00 -
2025-12,Performance Review,2025-26,Review Report Dec 25.pdf,41,C. DGH (JVC/Private),variation_pct,2024-12,monthly,-8.81,,-8.81,% Variation Over Actual December 2024 A. Oil & Natural Gas corporation (ONGC) Gujarat 423.01 372.08 390.76 -12.04 -4.78 Assam 99.89 89.48 90.19 -10.42 -0.79 Tamil Nadu 20.00 14.85 16.10 -25.75 -7.76 Offshore 1130.34 1007.87 1059.40 -10.83 -4.86 Andhra Pradesh 21.67 19.03 19.70 -12.18 -3.40 Tripura 0.19 0.20 0.13 5.26 53.85
2025-12,Performance Review,2025-26,Review Report Dec 25.pdf,42,C. DGH (JVC/Private),variation_pct,2024-12,cumulative,3.53,,3.53,% Variation Over Actual April- December 2024 A. Oil & Natural Gas corporation (ONGC) Gujarat * 3635.19 3353.81 3424.64 -7.74 -2.07 Assam * 880.19 787.01 789.40 -10.59 -0.30 Tamil Nadu * 177.00 138.36 152.83 -21.83 -9.47 Offshore * 9937.72 9008.35 9414.12 -9.35 -4.31 Andhra Pradesh * 188.54 166.83 169.05 -11.51 -1.31 Tripura * 1.68 1.31 1.20 -22.02 9.17
2025-12,Performance Review,2025-26,Review Report Dec 25.pdf,47,C. DGH (JVC/Private),variation_pct,2024-12,monthly,-8.42,,-8.42,% Variation Over December 2024 Actual A. Oil & Natural Gas corporation (ONGC) Gujarat 68.90 69.62 71.67 1.04 -2.86 Assam 37.31 31.78 27.55 -14.82 15.35 Tamil Nadu 86.77 78.67 82.36 -9.34 -4.48 Offshore 1328.48 1243.75 1242.87 -6.38 0.07 Andhra Pradesh 70.11 59.24 64.46 -15.50 -8.10 Tripura 137.65 109.28 105.30 -20.61 3.78 Rajasthan 1.50 0.00 0.00 -100.00 -
2025-12,Performance Review,2025-26,Review Report Dec 25.pdf,48,C. DGH (JVC/Private),variation_pct,2024-12,cumulative,-6.61,,-6.61,% Variation Over Actual April- December 2024 A. Oil & Natural Gas corporation (ONGC) Gujarat * 614.28 623.86 602.84 1.56 3.49 Assam * 324.99 266.67 258.69 -17.95 3.08 Tamil Nadu * 749.22 695.21 750.05 -7.21 -7.31 Offshore * 11303.45 10896.34 11081.06 -3.60 -1.67 Andhra Pradesh * 599.64 545.65 554.30 -9.01 -1.56 Tripura * 1175.58 917.10 921.93 -21.99 -0.52 Rajasthan * 11.50 0.00 0.00 -100.00 -
2025-12,Performance Review,2025-26,Review Report Dec 25.pdf,37,C. Mini & White,achievement,2024-12,monthly,15.64,,15.64,December 2024 Actual Achievement (Provisional) 0.00 0.00
2025-12,Performance Review,2025-26,Review Report Dec 25.pdf,37,C. Mini & White,achievement,2024-12,cumulative,133.56,,133.56,April- December 2024 Actual Achievement (Provisional) 0.00 0.00
2025-12,Performance Review,2025-26,Review Report Dec 25.pdf,37,C. Mini & White,variation_pct,2024-12,monthly,-5.12,,-5.12,% Variation Over Actual December 2024 - -
2025-12,Performance Review,2025-26,Review Report Dec 25.pdf,37,C. Mini & White,variation_pct,2024-12,cumulative,-2.33,,-2.33,% Variation Over Actual April- December 2024 - -
2025-12,Performance Review,2025-26,Review Report Dec 25.pdf,30,CIL - Total,achievement,2024-12,monthly,72.38,,72.380,December 2024 Actual Achievement (Provisional) 5.060 3.550 8.080 12.700 7.120 14.330 21.510 0.030
2025-12,Performance Review,2025-26,Review Report Dec 25.pdf,30,CIL - Total,achievement,2024-12,cumulative,543.36,,543.360,April- December 2024 Actual Achievement (Provisional) 33.820 29.070 57.730 104.900 45.100 111.540 161.020 0.180
2025-12,Performance Review,2025-26,Review Report Dec 25.pdf,33,CIL - Total,achievement,2024-12,monthly,68.56,,68.560,December 2024 Actual Achievement (Provisional) 4.380 3.450 7.210 12.370 6.290 15.250 19.590 0.020
2025-12,Performance Review,2025-26,Review Report Dec 25.pdf,33,CIL - Total,achievement,2024-12,cumulative,561.68,,561.680,April- December 2024 Actual Achievement (Provisional) 35.130 28.380 63.190 102.390 48.740 124.760 158.880 0.200
2025-12,Performance Review,2025-26,Review Report Dec 25.pdf,30,CIL - Total,variation_pct,2024-12,monthly,4.55,,4.55,% Variation Over Actual December 2024 2.96 -7.32 2.60 -5.12 -8.15 28.19 1.81 -33.33
2025-12,Performance Review,2025-26,Review Report Dec 25.pdf,30,CIL - Total,variation_pct,2024-12,cumulative,-2.61,,-2.61,% Variation Over Actual April- December 2024 -1.01 -15.20 -11.76 0.38 -11.15 6.67 -3.37 -5.56
2025-12,Performance Review,2025-26,Review Report Dec 25.pdf,33,CIL - Total,variation_pct,2024-12,monthly,-3.79,,-3.79,% Variation Over Actual December 2024 -8.90 -17.97 5.41 -5.01 -13.04 7.54 -8.68 50.00
2025-12,Performance Review,2025-26,Review Report Dec 25.pdf,33,CIL - Total,variation_pct,2024-12,cumulative,-2.84,,-2.84,% Variation Over Actual April- December 2024 -4.16 -8.91 -15.73 0.35 -10.42 3.68 -1.14 -35.00
2025-12,Performance Review,2025-26,Review Report Dec 25.pdf,22,Cement (MT),achievement,2024-12,cumulative,323.38,MT,323.38,Achievement (as per units applicable) April - December 2024
2025-12,Performance Review,2025-26,Review Report Dec 25.pdf,22,Cement (MT),achievement,2024-12,cumulative,4.37,MT,4.37,Percent change in achievement over corresponding period of the previous year April - December 2024
2025-12,Performance Review,2025-26,Review Report Dec 25.pdf,22,Coal (MT) excluding Lignite,achievement,2024-12,cumulative,726.31,,726.310,Achievement (as per units applicable) April - December 2024
2025-12,Performance Review,2025-26,Review Report Dec 25.pdf,22,Coal (MT) excluding Lignite,achievement,2024-12,cumulative,6.11,,6.11,Percent change in achievement over corresponding period of the previous year April - December 2024
2025-12,Performance Review,2025-26,Review Report Dec 25.pdf,49,Construction of Bridges (Nos.),achievement,2024-12,monthly,0.0,Nos,0,December 2024 Actual Achievement (Provisional)
2025-12,Performance Review,2025-26,Review Report Dec 25.pdf,49,Construction of Bridges (Nos.),achievement,2024-12,cumulative,0.0,Nos,0,April- December 2024 Actual Achievement (Provisional)
2025-12,Performance Review,2025-26,Review Report Dec 25.pdf,50,Construction of Missing Links (Kms.),achievement,2024-12,monthly,0.0,Kms,0.00,December 2024 Actual Achievement (Provisional)
2025-12,Performance Review,2025-26,Review Report Dec 25.pdf,50,Construction of Missing Links (Kms.),achievement,2024-12,cumulative,0.0,Kms,0.00,April- December 2024 Actual Achievement (Provisional)
2025-12,Performance Review,2025-26,Review Report Dec 25.pdf,49,Construction of bypass (Nos.),achievement,2024-12,monthly,0.0,Nos,0,December 2024 Actual Achievement (Provisional)
2025-12,Performance Review,2025-26,Review Report Dec 25.pdf,49,Construction of bypass (Nos.),achievement,2024-12,cumulative,0.0,Nos,0,April- December 2024 Actual Achievement (Provisional)
2025-12,Performance Review,2025-26,Review Report Dec 25.pdf,50,Construction of bypasses (Nos.),achievement,2024-12,monthly,0.0,Nos,0,December 2024 Actual Achievement (Provisional)
2025-12,Performance Review,2025-26,Review Report Dec 25.pdf,50,Construction of bypasses (Nos.),achievement,2024-12,cumulative,0.0,Nos,0,April- December 2024 Actual Achievement (Provisional)
2025-12,Performance Review,2025-26,Review Report Dec 25.pdf,22,Fertilizers (MT) includes Nitrogen and Phosphate Production only,achievement,2024-12,cumulative,39.9564,,39.9564,Achievement (as per units applicable) April - December 2024
2025-12,Performance Review,2025-26,Review Report Dec 25.pdf,22,Fertilizers (MT) includes Nitrogen and Phosphate Production only,achievement,2024-12,cumulative,138.17,,138.17,Percent change in achievement over corresponding period of the previous year April - December 2024
2025-12,Performance Review,2025-26,Review Report Dec 25.pdf,22,Freight Traffic (MT),achievement,2024-12,cumulative,1178.52,MT,1178.52,Achievement (as per units applicable) April - December 2024
2025-12,Performance Review,2025-26,Review Report Dec 25.pdf,22,Freight Traffic (MT),achievement,2024-12,cumulative,2.07,MT,2.07,Percent change in achievement over corresponding period of the previous year April - December 2024
2025-12,Performance Review,2025-26,Review Report Dec 25.pdf,50,Improvement of low grade section (Kms.),achievement,2024-12,monthly,0.0,Kms,0.00,December 2024 Actual Achievement (Provisional)
2025-12,Performance Review,2025-26,Review Report Dec 25.pdf,50,Improvement of low grade section (Kms.),achievement,2024-12,cumulative,0.0,Kms,0.00,April- December 2024 Actual Achievement (Provisional)
2025-12,Performance Review,2025-26,Review Report Dec 25.pdf,50,Improvement of riding quality prog.(IRQP) (Kms.),achievement,2024-12,monthly,53.73,Kms,53.73,December 2024 Actual Achievement (Provisional)
2025-12,Performance Review,2025-26,Review Report Dec 25.pdf,50,Improvement of riding quality prog.(IRQP) (Kms.),achievement,2024-12,cumulative,276.09,Kms,276.09,April- December 2024 Actual Achievement (Provisional)
2025-12,Performance Review,2025-26,Review Report Dec 25.pdf,50,Improvement of riding quality prog.(IRQP) (Kms.),variation_pct,2024-12,monthly,-100.0,Kms,-100.00,% Variation Over Actual December 2024
2025-12,Performance Review,2025-26,Review Report Dec 25.pdf,50,Improvement of riding quality prog.(IRQP) (Kms.),variation_pct,2024-12,cumulative,-55.76,Kms,-55.76,% Variation Over Actual April- December 2024
2025-12,Performance Review,2025-26,Review Report Dec 25.pdf,30,"Others (TISCO,IISCO ,DVC)",achievement,2024-12,monthly,18.96,,18.960,December 2024 Actual Achievement (Provisional) 5.060 3.550 8.080 12.700 7.120 14.330 21.510 0.030
2025-12,Performance Review,2025-26,Review Report Dec 25.pdf,30,"Others (TISCO,IISCO ,DVC)",achievement,2024-12,cumulative,136.19,,136.190,April- December 2024 Actual Achievement (Provisional) 33.820 29.070 57.730 104.900 45.100 111.540 161.020 0.180
2025-12,Performance Review,2025-26,Review Report Dec 25.pdf,33,"Others (TISCO,IISCO ,DVC)",achievement,2024-12,monthly,18.27,,18.270,December 2024 Actual Achievement (Provisional) 4.380 3.450 7.210 12.370 6.290 15.250 19.590 0.020
2025-12,Performance Review,2025-26,Review Report Dec 25.pdf,33,"Others (TISCO,IISCO ,DVC)",achievement,2024-12,cumulative,143.53,,143.530,April- December 2024 Actual Achievement (Provisional) 35.130 28.380 63.190 102.390 48.740 124.760 158.880 0.200
2025-12,Performance Review,2025-26,Review Report Dec 25.pdf,30,"Others (TISCO,IISCO ,DVC)",variation_pct,2024-12,monthly,5.59,,5.59,% Variation Over Actual December 2024 2.96 -7.32 2.60 -5.12 -8.15 28.19 1.81 -33.33
2025-12,Performance Review,2025-26,Review Report Dec 25.pdf,30,"Others (TISCO,IISCO ,DVC)",variation_pct,2024-12,cumulative,9.21,,9.21,% Variation Over Actual April- December 2024 -1.01 -15.20 -11.76 0.38 -11.15 6.67 -3.37 -5.56
2025-12,Performance Review,2025-26,Review Report Dec 25.pdf,33,"Others (TISCO,IISCO ,DVC)",variation_pct,2024-12,monthly,1.59,,1.59,% Variation Over Actual December 2024 -8.90 -17.97 5.41 -5.01 -13.04 7.54 -8.68 50.00
2025-12,Performance Review,2025-26,Review Report Dec 25.pdf,33,"Others (TISCO,IISCO ,DVC)",variation_pct,2024-12,cumulative,5.97,,5.97,% Variation Over Actual April- December 2024 -4.16 -8.91 -15.73 0.35 -10.42 3.68 -1.14 -35.00
2025-12,Performance Review,2025-26,Review Report Dec 25.pdf,22,Power (BU),achievement,2024-12,cumulative,1379.445,BU,1379.445,Achievement (as per units applicable) April - December 2024
2025-12,Performance Review,2025-26,Review Report Dec 25.pdf,22,Power (BU),achievement,2024-12,cumulative,5.38,BU,5.38,Percent change in achievement over corresponding period of the previous year April - December 2024
2025-12,Performance Review,2025-26,Review Report Dec 25.pdf,50,Rehabilitation/ Construction of Bridges (Nos.),achievement,2024-12,monthly,0.0,Nos,0,December 2024 Actual Achievement (Provisional)
2025-12,Performance Review,2025-26,Review Report Dec 25.pdf,50,Rehabilitation/ Construction of Bridges (Nos.),achievement,2024-12,cumulative,0.0,Nos,0,April- December 2024 Actual Achievement (Provisional)
2025-12,Performance Review,2025-26,Review Report Dec 25.pdf,30,SCCL,achievement,2024-12,monthly,6.61,,6.610,December 2024 Actual Achievement (Provisional) 5.060 3.550 8.080 12.700 7.120 14.330 21.510 0.030
2025-12,Performance Review,2025-26,Review Report Dec 25.pdf,30,SCCL,achievement,2024-12,cumulative,46.76,,46.760,April- December 2024 Actual Achievement (Provisional) 33.820 29.070 57.730 104.900 45.100 111.540 161.020 0.180
2025-12,Performance Review,2025-26,Review Report Dec 25.pdf,33,SCCL,achievement,2024-12,monthly,5.78,,5.780,December 2024 Actual Achievement (Provisional) 4.380 3.450 7.210 12.370 6.290 15.250 19.590 0.020
2025-12,Performance Review,2025-26,Review Report Dec 25.pdf,33,SCCL,achievement,2024-12,cumulative,46.18,,46.180,April- December 2024 Actual Achievement (Provisional) 35.130 28.380 63.190 102.390 48.740 124.760 158.880 0.200
2025-12,Performance Review,2025-26,Review Report Dec 25.pdf,30,SCCL,variation_pct,2024-12,monthly,-13.01,,-13.01,% Variation Over Actual December 2024 2.96 -7.32 2.60 -5.12 -8.15 28.19 1.81 -33.33
2025-12,Performance Review,2025-26,Review Report Dec 25.pdf,30,SCCL,variation_pct,2024-12,cumulative,-6.48,,-6.48,% Variation Over Actual April- December 2024 -1.01 -15.20 -11.76 0.38 -11.15 6.67 -3.37 -5.56
2025-12,Performance Review,2025-26,Review Report Dec 25.pdf,33,SCCL,variation_pct,2024-12,monthly,-1.9,,-1.90,% Variation Over Actual December 2024 -8.90 -17.97 5.41 -5.01 -13.04 7.54 -8.68 50.00
2025-12,Performance Review,2025-26,Review Report Dec 25.pdf,33,SCCL,variation_pct,2024-12,cumulative,-4.35,,-4.35,% Variation Over Actual April- December 2024 -4.16 -8.91 -15.73 0.35 -10.42 3.68 -1.14 -35.00
2025-12,Performance Review,2025-26,Review Report Dec 25.pdf,22,Steel (Finished Steel) (MT),achievement,2024-12,cumulative,107.426,MT,107.426,Achievement (as per units applicable) April - December 2024
2025-12,Performance Review,2025-26,Review Report Dec 25.pdf,22,Steel (Finished Steel) (MT),achievement,2024-12,cumulative,4.64,MT,4.64,Percent change in achievement over corresponding period of the previous year April - December 2024
2025-12,Performance Review,2025-26,Review Report Dec 25.pdf,50,Strengthening of existing weak pavement (Kms.),achievement,2024-12,monthly,46.27,Kms,46.27,December 2024 Actual Achievement (Provisional)
2025-12,Performance Review,2025-26,Review Report Dec 25.pdf,50,Strengthening of existing weak pavement (Kms.),achievement,2024-12,cumulative,245.81,Kms,245.81,April- December 2024 Actual Achievement (Provisional)
2025-12,Performance Review,2025-26,Review Report Dec 25.pdf,50,Strengthening of existing weak pavement (Kms.),variation_pct,2024-12,monthly,-80.55,Kms,-80.55,% Variation Over Actual December 2024
2025-12,Performance Review,2025-26,Review Report Dec 25.pdf,50,Strengthening of existing weak pavement (Kms.),variation_pct,2024-12,cumulative,-47.52,Kms,-47.52,% Variation Over Actual April- December 2024
2025-12,Performance Review,2025-26,Review Report Dec 25.pdf,50,Widening to four/six/eight lanes (Kms.),achievement,2024-12,monthly,60.77,Kms,60.77,December 2024 Actual Achievement (Provisional)
2025-12,Performance Review,2025-26,Review Report Dec 25.pdf,50,Widening to four/six/eight lanes (Kms.),achievement,2024-12,cumulative,451.24,Kms,451.24,April- December 2024 Actual Achievement (Provisional)
2025-12,Performance Review,2025-26,Review Report Dec 25.pdf,50,Widening to four/six/eight lanes (Kms.),variation_pct,2024-12,monthly,-17.72,Kms,-17.72,% Variation Over Actual December 2024
2025-12,Performance Review,2025-26,Review Report Dec 25.pdf,50,Widening to four/six/eight lanes (Kms.),variation_pct,2024-12,cumulative,-25.1,Kms,-25.10,% Variation Over Actual April- December 2024
2025-12,Performance Review,2025-26,Review Report Dec 25.pdf,50,Widening to two lanes (Kms.),achievement,2024-12,monthly,232.66,Kms,232.66,December 2024 Actual Achievement (Provisional)
2025-12,Performance Review,2025-26,Review Report Dec 25.pdf,50,Widening to two lanes (Kms.),achievement,2024-12,cumulative,1745.84,Kms,1745.84,April- December 2024 Actual Achievement (Provisional)
2025-12,Performance Review,2025-26,Review Report Dec 25.pdf,50,Widening to two lanes (Kms.),variation_pct,2024-12,monthly,-4.15,Kms,-4.15,% Variation Over Actual December 2024
2025-12,Performance Review,2025-26,Review Report Dec 25.pdf,50,Widening to two lanes (Kms.),variation_pct,2024-12,cumulative,-15.91,Kms,-15.91,% Variation Over Actual April- December 2024
2025-12,Performance Review,2025-26,Review Report Dec 25.pdf,49,Widening/ Strengthening/ existing weak pavement to four/six/eight lanes (Kms.),achievement,2024-12,monthly,665.0,Kms,665.00,December 2024 Actual Achievement (Provisional)
2025-12,Performance Review,2025-26,Review Report Dec 25.pdf,49,Widening/ Strengthening/ existing weak pavement to four/six/eight lanes (Kms.),achievement,2024-12,cumulative,3090.0,Kms,3090.00,April- December 2024 Actual Achievement (Provisional)
2025-12,Performance Review,2025-26,Review Report Dec 25.pdf,49,Widening/ Strengthening/ existing weak pavement to four/six/eight lanes (Kms.),variation_pct,2024-12,monthly,-23.46,Kms,-23.46,% Variation Over Actual December 2024
2025-12,Performance Review,2025-26,Review Report Dec 25.pdf,49,Widening/ Strengthening/ existing weak pavement to four/six/eight lanes (Kms.),variation_pct,2024-12,cumulative,-7.38,Kms,-7.38,% Variation Over Actual April- December 2024
2025-12,Performance Review,2025-26,Review Report Dec 25.pdf,22,i) Cargo Handled at Major Ports (MT),achievement,2024-12,cumulative,621.878,MT,621.878,Achievement (as per units applicable) April - December 2024
2025-12,Performance Review,2025-26,Review Report Dec 25.pdf,22,i) Cargo Handled at Major Ports (MT),achievement,2024-12,cumulative,2.7,MT,2.70,Percent change in achievement over corresponding period of the previous year April - December 2024
2025-12,Performance Review,2025-26,Review Report Dec 25.pdf,22,i) Crude Oil Prod. (MT),achievement,2024-12,cumulative,21.56055,MT,21.56055,Achievement (as per units applicable) April - December 2024
2025-12,Performance Review,2025-26,Review Report Dec 25.pdf,22,i) Crude Oil Prod. (MT),achievement,2024-12,cumulative,-2.08,MT,-2.08,Percent change in achievement over corresponding period of the previous year April - December 2024
2025-12,Performance Review,2025-26,Review Report Dec 25.pdf,22,i) NHAI (KM),achievement,2024-12,cumulative,3090.0,KM,3090,Achievement (as per units applicable) April - December 2024
2025-12,Performance Review,2025-26,Review Report Dec 25.pdf,22,i) NHAI (KM),achievement,2024-12,cumulative,3.55,KM,3.55,Percent change in achievement over corresponding period of the previous year April - December 2024
2025-12,Performance Review,2025-26,Review Report Dec 25.pdf,22,ii) Coal handled at Major Ports(MT),achievement,2024-12,cumulative,138.186,MT,138.186,Achievement (as per units applicable) April - December 2024
2025-12,Performance Review,2025-26,Review Report Dec 25.pdf,22,ii) Coal handled at Major Ports(MT),achievement,2024-12,cumulative,-3.72,MT,-3.72,Percent change in achievement over corresponding period of the previous year April - December 2024
2025-12,Performance Review,2025-26,Review Report Dec 25.pdf,22,ii) Crude Oil Processed (MT),achievement,2024-12,cumulative,199.12536,MT,199.12536,Achievement (as per units applicable) April - December 2024
2025-12,Performance Review,2025-26,Review Report Dec 25.pdf,22,ii) Crude Oil Processed (MT),achievement,2024-12,cumulative,2.33,MT,2.33,Percent change in achievement over corresponding period of the previous year April - December 2024
2025-12,Performance Review,2025-26,Review Report Dec 25.pdf,22,ii) State PWD & BRO (KM),achievement,2024-12,cumulative,2442.89,KM,2442.89,Achievement (as per units applicable) April - December 2024
2025-12,Performance Review,2025-26,Review Report Dec 25.pdf,22,ii) State PWD & BRO (KM),achievement,2024-12,cumulative,-9.42,KM,-9.42,Percent change in achievement over corresponding period of the previous year April - December 2024
2025-12,Performance Review,2025-26,Review Report Dec 25.pdf,22,iii) Natural Gas (MCM),achievement,2024-12,cumulative,27302.72,MCM,27302.72,Achievement (as per units applicable) April - December 2024
2025-12,Performance Review,2025-26,Review Report Dec 25.pdf,22,iii) Natural Gas (MCM),achievement,2024-12,cumulative,0.33,MCM,0.33,Percent change in achievement over corresponding period of the previous year April - December 2024
2025-12,Performance Review,2025-26,Review Report Dec 25.pdf,22,iii) Passengers handled at International Terminals (Lakh),achievement,2024-12,cumulative,568.771,Lakh,568.771,Achievement (as per units applicable) April - December 2024
2025-12,Performance Review,2025-26,Review Report Dec 25.pdf,22,iii) Passengers handled at International Terminals (Lakh),achievement,2024-12,cumulative,11.42,Lakh,11.42,Percent change in achievement over corresponding period of the previous year April - December 2024
2025-12,Performance Review,2025-26,Review Report Dec 25.pdf,22,iv) Passengers handled at Domestic Terminal (Lakh),achievement,2024-12,cumulative,2467.552,Lakh,2467.552,Achievement (as per units applicable) April - December 2024
2025-12,Performance Review,2025-26,Review Report Dec 25.pdf,22,iv) Passengers handled at Domestic Terminal (Lakh),achievement,2024-12,cumulative,8.12,Lakh,8.12,Percent change in achievement over corresponding period of the previous year April - December 2024
2025-12,Performance Review,2025-26,Review Report Dec 25.pdf,49,Construction of Bridges (Nos.),target,2025,monthly,0.0,Nos,0,Annual Target 2025-2026
2025-11,Performance Review,2025-26,ReviewReportNov25.pdf,51,Construction of Bridges (Nos.),target,2025,monthly,0.0,Nos,0,Annual Target 2025- 2026
2025-12,Performance Review,2025-26,Review Report Dec 25.pdf,50,Construction of Missing Links (Kms.),target,2025,monthly,0.0,Kms,0.00,Annual Target 2025-2026
2026-01,Performance Review,2025-26,Review Report Jan26.pdf,50,Construction of Missing Links (Kms.),target,2025,monthly,0.0,Kms,0.00,Annual Target 2025- 2026
2025-12,Performance Review,2025-26,Review Report Dec 25.pdf,49,Construction of bypass (Nos.),target,2025,monthly,0.0,Nos,0,Annual Target 2025-2026
2025-11,Performance Review,2025-26,ReviewReportNov25.pdf,51,Construction of bypass (Nos.),target,2025,monthly,0.0,Nos,0,Annual Target 2025- 2026
2025-12,Performance Review,2025-26,Review Report Dec 25.pdf,50,Construction of bypasses (Nos.),target,2025,monthly,0.0,Nos,0,Annual Target 2025-2026
2026-01,Performance Review,2025-26,Review Report Jan26.pdf,50,Construction of bypasses (Nos.),target,2025,monthly,0.0,Nos,0,Annual Target 2025- 2026
2025-11,Performance Review,2025-26,ReviewReportNov25.pdf,52,Construction of bypasses (Nos.),target,2025,monthly,0.0,Nos,0,Annual Target 2025- 2026
2025-12,Performance Review,2025-26,Review Report Dec 25.pdf,50,Improvement of low grade section (Kms.),target,2025,monthly,0.0,Kms,0.00,Annual Target 2025-2026
2026-01,Performance Review,2025-26,Review Report Jan26.pdf,50,Improvement of low grade section (Kms.),target,2025,monthly,0.0,Kms,0.00,Annual Target 2025- 2026
2025-11,Performance Review,2025-26,ReviewReportNov25.pdf,52,Improvement of low grade section (Kms.),target,2025,monthly,0.0,Kms,0.00,Annual Target 2025- 2026
2025-12,Performance Review,2025-26,Review Report Dec 25.pdf,50,Improvement of riding quality prog.(IRQP) (Kms.),target,2025,monthly,0.0,Kms,0.00,Annual Target 2025-2026
2026-01,Performance Review,2025-26,Review Report Jan26.pdf,50,Improvement of riding quality prog.(IRQP) (Kms.),target,2025,monthly,0.0,Kms,0.00,Annual Target 2025- 2026
2025-11,Performance Review,2025-26,ReviewReportNov25.pdf,52,Improvement of riding quality prog.(IRQP) (Kms.),target,2025,monthly,0.0,Kms,0.00,Annual Target 2025- 2026
2025-12,Performance Review,2025-26,Review Report Dec 25.pdf,30,"Others (TISCO,IISCO ,DVC)",target,2025,monthly,0.0,,0.000,Annual Target 2025-2026 0.000 0.000 0.000 0.000 0.000 0.000 0.000 0.000
2025-12,Performance Review,2025-26,Review Report Dec 25.pdf,33,"Others (TISCO,IISCO ,DVC)",target,2025,monthly,0.0,,0.000,Annual Target 2025-2026 0.000 0.000 0.000 0.000 0.000 0.000 0.000 0.000
2025-07,Performance Review,2025-26,CompleteReviewReportJuly2025.pdf,32,"Others (TISCO,IISCO,DVC)",target,2025,monthly,0.0,,0.000,Annual Target 2025- 2026 0.000 0.000 0.000 0.000 0.000 0.000 0.000 0.000
2025-07,Performance Review,2025-26,CompleteReviewReportJuly2025.pdf,36,"Others (TISCO,IISCO,DVC)",target,2025,monthly,0.0,,0.000,Annual Target 2025- 2026 0.000 0.000 0.000 0.000 0.000 0.000 0.000 0.000
2025-06,Performance Review,2025-26,CompleteReviewReportJune2025.pdf,31,"Others (TISCO,IISCO,DVC)",target,2025,monthly,0.0,,0.000,Annual Target 2025-2026 0.000 0.000 0.000 0.000 0.000 0.000 0.000 0.000
2025-06,Performance Review,2025-26,CompleteReviewReportJune2025.pdf,34,"Others (TISCO,IISCO,DVC)",target,2025,monthly,0.0,,0.000,Annual Target 2025-2026 0.000 0.000 0.000 0.000 0.000 0.000 0.000 0.000
2026-01,Performance Review,2025-26,Review Report Jan26.pdf,30,"Others (TISCO,IISCO,DVC)",target,2025,monthly,0.0,,0.000,Annual Target 2025- 2026 0.000 0.000 0.000 0.000 0.000 0.000 0.000 0.000
2026-01,Performance Review,2025-26,Review Report Jan26.pdf,33,"Others (TISCO,IISCO,DVC)",target,2025,monthly,0.0,,0.000,Annual Target 2025- 2026 0.000 0.000 0.000 0.000 0.000 0.000 0.000 0.000
2025-11,Performance Review,2025-26,ReviewReportNov25.pdf,31,"Others (TISCO,IISCO,DVC)",target,2025,monthly,0.0,,0.000,Annual Target 2025- 2026 0.000 0.000 0.000 0.000 0.000 0.000 0.000 0.000
2025-11,Performance Review,2025-26,ReviewReportNov25.pdf,35,"Others (TISCO,IISCO,DVC)",target,2025,monthly,0.0,,0.000,Annual Target 2025- 2026 0.000 0.000 0.000 0.000 0.000 0.000 0.000 0.000
2025-10,Performance Review,2025-26,ReviewReportOct25.pdf,34,"Others (TISCO,IISCO,DVC)",target,2025,monthly,0.0,,0.000,Annual Target 2025- 2026 0.000 0.000 0.000 0.000 0.000 0.000 0.000 0.000
2025-12,Performance Review,2025-26,Review Report Dec 25.pdf,50,Rehabilitation/ Construction of Bridges (Nos.),target,2025,monthly,0.0,Nos,0,Annual Target 2025-2026
2026-01,Performance Review,2025-26,Review Report Jan26.pdf,50,Rehabilitation/ Construction of Bridges (Nos.),target,2025,monthly,0.0,Nos,0,Annual Target 2025- 2026
2025-11,Performance Review,2025-26,ReviewReportNov25.pdf,52,Rehabilitation/ Construction of Bridges (Nos.),target,2025,monthly,0.0,Nos,0,Annual Target 2025- 2026
2025-07,Performance Review,2025-26,CompleteReviewReportJuly2025.pdf,32,SCCL,target,2025,monthly,0.0,,0.000,Annual Target 2025- 2026 0.000 0.000 0.000 0.000 0.000 0.000 0.000 0.000
2025-07,Performance Review,2025-26,CompleteReviewReportJuly2025.pdf,36,SCCL,target,2025,monthly,0.0,,0.000,Annual Target 2025- 2026 0.000 0.000 0.000 0.000 0.000 0.000 0.000 0.000
2025-06,Performance Review,2025-26,CompleteReviewReportJune2025.pdf,31,SCCL,target,2025,monthly,0.0,,0.000,Annual Target 2025-2026 0.000 0.000 0.000 0.000 0.000 0.000 0.000 0.000
2025-06,Performance Review,2025-26,CompleteReviewReportJune2025.pdf,34,SCCL,target,2025,monthly,0.0,,0.000,Annual Target 2025-2026 0.000 0.000 0.000 0.000 0.000 0.000 0.000 0.000
2025-12,Performance Review,2025-26,Review Report Dec 25.pdf,30,SCCL,target,2025,monthly,0.0,,0.000,Annual Target 2025-2026 0.000 0.000 0.000 0.000 0.000 0.000 0.000 0.000
2025-12,Performance Review,2025-26,Review Report Dec 25.pdf,33,SCCL,target,2025,monthly,0.0,,0.000,Annual Target 2025-2026 0.000 0.000 0.000 0.000 0.000 0.000 0.000 0.000
2026-01,Performance Review,2025-26,Review Report Jan26.pdf,30,SCCL,target,2025,monthly,0.0,,0.000,Annual Target 2025- 2026 0.000 0.000 0.000 0.000 0.000 0.000 0.000 0.000
2026-01,Performance Review,2025-26,Review Report Jan26.pdf,33,SCCL,target,2025,monthly,0.0,,0.000,Annual Target 2025- 2026 0.000 0.000 0.000 0.000 0.000 0.000 0.000 0.000
2025-11,Performance Review,2025-26,ReviewReportNov25.pdf,31,SCCL,target,2025,monthly,0.0,,0.000,Annual Target 2025- 2026 0.000 0.000 0.000 0.000 0.000 0.000 0.000 0.000
2025-11,Performance Review,2025-26,ReviewReportNov25.pdf,35,SCCL,target,2025,monthly,0.0,,0.000,Annual Target 2025- 2026 0.000 0.000 0.000 0.000 0.000 0.000 0.000 0.000
2025-10,Performance Review,2025-26,ReviewReportOct25.pdf,34,SCCL,target,2025,monthly,0.0,,0.000,Annual Target 2025- 2026 0.000 0.000 0.000 0.000 0.000 0.000 0.000 0.000
2025-12,Performance Review,2025-26,Review Report Dec 25.pdf,50,Strengthening of existing weak pavement (Kms.),target,2025,monthly,0.0,Kms,0.00,Annual Target 2025-2026
2025-12,Performance Review,2025-26,Review Report Dec 25.pdf,50,Widening to four/six/eight lanes (Kms.),target,2025,monthly,0.0,Kms,0.00,Annual Target 2025-2026
2026-01,Performance Review,2025-26,Review Report Jan26.pdf,50,Widening to four/six/eight lanes (Kms.),target,2025,monthly,4410.0,Kms,4410.00,Annual Target 2025- 2026
2025-11,Performance Review,2025-26,ReviewReportNov25.pdf,52,Widening to four/six/eight lanes (Kms.),target,2025,monthly,4410.0,Kms,4410.00,Annual Target 2025- 2026
2025-10,Performance Review,2025-26,ReviewReportOct25.pdf,50,Widening to four/six/eight lanes (Kms.),target,2025,monthly,4410.0,Kms,4410.00,Annual Target 2025- 2026 *
2025-09,Performance Review,2025-26,ReviewReportSep25.pdf,55,Widening to four/six/eight lanes (Kms.),target,2025,monthly,4410.0,Kms,4410.00,Annual Target 2025-2026
2025-12,Performance Review,2025-26,Review Report Dec 25.pdf,50,Widening to two lanes (Kms.),target,2025,monthly,0.0,Kms,0.00,Annual Target 2025-2026
2025-12,Performance Review,2025-26,Review Report Dec 25.pdf,49,Widening/ Strengthening/ existing weak pavement to four/six/eight lanes (Kms.),target,2025,monthly,0.0,Kms,0.00,Annual Target 2025-2026
2026-01,Performance Review,2025-26,Review Report Jan26.pdf,49,Widening/ Strengthening/ existing weak pavement to four/six/eight lanes (Kms.),target,2025,monthly,4640.0,Kms,4640.00,Annual Target 2025- 2026
2025-11,Performance Review,2025-26,ReviewReportNov25.pdf,51,Widening/ Strengthening/ existing weak pavement to four/six/eight lanes (Kms.),target,2025,monthly,4640.0,Kms,4640.00,Annual Target 2025- 2026
2026-01,Performance Review,2025-26,Review Report Jan26.pdf,21,(a) NHAI - Widening to two/four/six/eight lanes and strengthening of existing weak pavement (Kms.),achievement,2025-01,cumulative,410.0,Kms,410.00,Annexure - A Infrastructure Sector Performance during January 2025 and April-January FY 25-26 & FY 24-25 During January Production J a nuary FY 25-26
2026-01,Performance Review,2025-26,Review Report Jan26.pdf,21,(a) NHAI - Widening to two/four/six/eight lanes and strengthening of existing weak pavement (Kms.),achievement,2025-01,cumulative,3271.0,Kms,3271.00,Annexure - A Infrastructure Sector Performance during January 2025 and April-January FY 25-26 & FY 24-25 During April 2025-March 2026 (Cumulative) Production upto January FY 25-26
2026-01,Performance Review,2025-26,Review Report Jan26.pdf,21,(a) NHAI - Widening to two/four/six/eight lanes and strengthening of existing weak pavement (Kms.),achievement,2025-01,cumulative,3734.0,Kms,3734.00,Annexure - A Infrastructure Sector Performance during January 2025 and April-January FY 25-26 & FY 24-25 During April 2025-March 2026 (Cumulative) Production upto January FY 24-25
2026-01,Performance Review,2025-26,Review Report Jan26.pdf,21,(a) NHAI - Widening to two/four/six/eight lanes and strengthening of existing weak pavement (Kms.),achievement_pct,2025-01,cumulative,101.74,Kms,101.74,Annexure - A Infrastructure Sector Performance during January 2025 and April-January FY 25-26 & FY 24-25 During January Achievement ( % of Target )
2026-01,Performance Review,2025-26,Review Report Jan26.pdf,21,(a) NHAI - Widening to two/four/six/eight lanes and strengthening of existing weak pavement (Kms.),achievement_pct,2025-01,cumulative,91.14,Kms,91.14,Annexure - A Infrastructure Sector Performance during January 2025 and April-January FY 25-26 & FY 24-25 During April 2025-March 2026 (Cumulative) Achievem ent ( % of Target )
2026-01,Performance Review,2025-26,Review Report Jan26.pdf,21,(a) NHAI - Widening to two/four/six/eight lanes and strengthening of existing weak pavement (Kms.),growth_pct,2025-01,cumulative,-36.43,Kms,-36.43,Annexure - A Infrastructure Sector Performance during January 2025 and April-January FY 25-26 & FY 24-25 During January Growth % Y-o-Y (FY 25-26 w.r.t FY 24-25)
2026-01,Performance Review,2025-26,Review Report Jan26.pdf,21,(a) NHAI - Widening to two/four/six/eight lanes and strengthening of existing weak pavement (Kms.),growth_pct,2025-01,cumulative,-12.4,Kms,-12.40,Annexure - A Infrastructure Sector Performance during January 2025 and April-January FY 25-26 & FY 24-25 During April 2025-March 2026 (Cumulative) Cumulative Growth % (FY 25-26 w.r.t FY 24-25)
2026-01,Performance Review,2025-26,Review Report Jan26.pdf,21,(a) NHAI - Widening to two/four/six/eight lanes and strengthening of existing weak pavement (Kms.),target,2025-01,cumulative,403.0,Kms,403.00,Annexure - A Infrastructure Sector Performance during January 2025 and April-January FY 25-26 & FY 24-25 During January Target January FY 25-26
2026-01,Performance Review,2025-26,Review Report Jan26.pdf,21,(a) NHAI - Widening to two/four/six/eight lanes and strengthening of existing weak pavement (Kms.),target,2025-01,cumulative,3589.0,Kms,3589.00,Annexure - A Infrastructure Sector Performance during January 2025 and April-January FY 25-26 & FY 24-25 During April 2025-March 2026 (Cumulative) Target upto January FY 25-26
2026-01,Performance Review,2025-26,Review Report Jan26.pdf,21,(b) State PWD and Border Road Organisation (B,achievement,2025-01,cumulative,357.0,,357.000,Annexure - A Infrastructure Sector Performance during January 2025 and April-January FY 25-26 & FY 24-25 During January Production J a nuary FY 25-26
2026-01,Performance Review,2025-26,Review Report Jan26.pdf,21,(b) State PWD and Border Road Organisation (B,achievement,2025-01,cumulative,2291.0,,2291.000,Annexure - A Infrastructure Sector Performance during January 2025 and April-January FY 25-26 & FY 24-25 During April 2025-March 2026 (Cumulative) Production upto January FY 25-26
2026-01,Performance Review,2025-26,Review Report Jan26.pdf,21,(b) State PWD and Border Road Organisation (B,achievement,2025-01,cumulative,2813.31,,2813.310,Annexure - A Infrastructure Sector Performance during January 2025 and April-January FY 25-26 & FY 24-25 During April 2025-March 2026 (Cumulative) Production upto January FY 24-25
2026-01,Performance Review,2025-26,Review Report Jan26.pdf,21,(b) State PWD and Border Road Organisation (B,achievement_pct,2025-01,cumulative,92.49,,92.49,Annexure - A Infrastructure Sector Performance during January 2025 and April-January FY 25-26 & FY 24-25 During January Achievement ( % of Target )
2026-01,Performance Review,2025-26,Review Report Jan26.pdf,21,(b) State PWD and Border Road Organisation (B,achievement_pct,2025-01,cumulative,82.0,,82.00,Annexure - A Infrastructure Sector Performance during January 2025 and April-January FY 25-26 & FY 24-25 During April 2025-March 2026 (Cumulative) Achievem ent ( % of Target )
2026-01,Performance Review,2025-26,Review Report Jan26.pdf,21,(b) State PWD and Border Road Organisation (B,growth_pct,2025-01,cumulative,-3.62,,-3.62,Annexure - A Infrastructure Sector Performance during January 2025 and April-January FY 25-26 & FY 24-25 During January Growth % Y-o-Y (FY 25-26 w.r.t FY 24-25)
2026-01,Performance Review,2025-26,Review Report Jan26.pdf,21,(b) State PWD and Border Road Organisation (B,growth_pct,2025-01,cumulative,-18.57,,-18.57,Annexure - A Infrastructure Sector Performance during January 2025 and April-January FY 25-26 & FY 24-25 During April 2025-March 2026 (Cumulative) Cumulative Growth % (FY 25-26 w.r.t FY 24-25)
2026-01,Performance Review,2025-26,Review Report Jan26.pdf,21,(b) State PWD and Border Road Organisation (B,target,2025-01,cumulative,2794.0,,2794.0,Annexure - A Infrastructure Sector Performance during January 2025 and April-January FY 25-26 & FY 24-25 During April 2025-March 2026 (Cumulative) Target upto January FY 25-26
2026-01,Performance Review,2025-26,Review Report Jan26.pdf,30,All India - Total,achievement,2025-01,monthly,104.59,,104.590,January 2025 Actual Achievement (Provisional) 5.630 3.610 9.020 12.310 7.710 17.400 22.090 0.020
2026-01,Performance Review,2025-26,Review Report Jan26.pdf,33,All India - Total,achievement,2025-01,monthly,93.46,,93.460,January 2025 Actual Achievement (Provisional) 4.720 3.320 7.680 12.260 6.870 15.960 18.590 0.020
2026-01,Performance Review,2025-26,Review Report Jan26.pdf,30,All India - Total,variation_pct,2025-01,monthly,0.82,,0.82,% Variation Over Actual January 2025 -1.78 -18.28 5.99 0.00 -4.93 13.45 1.31 0.00
2026-01,Performance Review,2025-26,Review Report Jan26.pdf,33,All India - Total,variation_pct,2025-01,monthly,-1.35,,-1.35,% Variation Over Actual January 2025 -7.63 -27.41 2.86 -3.18 -15.28 3.20 -3.07 0.00
2026-01,Performance Review,2025-26,Review Report Jan26.pdf,41,All India Total (A+B),achievement,2025-01,monthly,2471.37,,2471.37,January 2025 Actual Achievement (Provisional) A. Oil & Natural Gas corporation (ONGC) Gujarat 425.47 370.59 387.39 -12.90 -4.34 Assam 100.15 88.82 88.29 -11.31 0.60 Tamil Nadu 20.00 15.20 16.03 -24.00 -5.18 Offshore 1141.85 995.38 1049.06 -12.83 -5.12 Andhra Pradesh 21.87 18.25 17.86 -16.55 2.18 Tripura 0.18 0.21 0.20 16.67 5.00
2026-01,Performance Review,2025-26,Review Report Jan26.pdf,41,All India Total (A+B),variation_pct,2025-01,monthly,-5.76,,-5.76,% Variation Over Actual January 2025 A. Oil & Natural Gas corporation (ONGC) Gujarat 425.47 370.59 387.39 -12.90 -4.34 Assam 100.15 88.82 88.29 -11.31 0.60 Tamil Nadu 20.00 15.20 16.03 -24.00 -5.18 Offshore 1141.85 995.38 1049.06 -12.83 -5.12 Andhra Pradesh 21.87 18.25 17.86 -16.55 2.18 Tripura 0.18 0.21 0.20 16.67 5.00
2026-01,Performance Review,2025-26,Review Report Jan26.pdf,37,All India Total (A+B+C),achievement,2025-01,monthly,420.88,,420.88,January 2025 Actual Achievement (Provisional) 0.00 0.00
2026-01,Performance Review,2025-26,Review Report Jan26.pdf,47,All India Total (A+B+C),achievement,2025-01,monthly,3066.32,,3066.32,January 2025 Actual Achievement (Provisional) A. Oil & Natural Gas corporation (ONGC) Gujarat 68.61 70.70 71.56 3.05 -1.20 Assam 35.17 31.52 27.00 -10.38 16.74 Tamil Nadu 86.72 77.69 83.59 -10.41 -7.06 Offshore 1341.73 1225.06 1244.13 -8.70 -1.53 Andhra Pradesh 68.80 59.79 61.55 -13.10 -2.86 Tripura 138.41 107.01 103.20 -22.69 3.69 Rajasthan 1.50 0.00 0.00 -100.00 -
2026-01,Performance Review,2025-26,Review Report Jan26.pdf,37,All India Total (A+B+C),variation_pct,2025-01,monthly,10.47,,10.47,% Variation Over Actual January 2025 - -
2026-01,Performance Review,2025-26,Review Report Jan26.pdf,47,All India Total (A+B+C),variation_pct,2025-01,monthly,-5.19,,-5.19,% Variation Over January 2025 Actual A. Oil & Natural Gas corporation (ONGC) Gujarat 68.61 70.70 71.56 3.05 -1.20 Assam 35.17 31.52 27.00 -10.38 16.74 Tamil Nadu 86.72 77.69 83.59 -10.41 -7.06 Offshore 1341.73 1225.06 1244.13 -8.70 -1.53 Andhra Pradesh 68.80 59.79 61.55 -13.10 -2.86 Tripura 138.41 107.01 103.20 -22.69 3.69 Rajasthan 1.50 0.00 0.00 -100.00 -
2026-01,Performance Review,2025-26,Review Report Jan26.pdf,38,All India Total(A+B),achievement,2025-01,monthly,1918.5,,1918.50,January 2025 Actual Achievement (Provisional) 316.50 368.30 797.70
2026-01,Performance Review,2025-26,Review Report Jan26.pdf,38,All India Total(A+B),variation_pct,2025-01,monthly,4.03,,4.03,% Variation Over Actual January 2025 -1.07 -2.50 5.65
2026-01,Performance Review,2025-26,Review Report Jan26.pdf,37,B. Private Sector,achievement,2025-01,monthly,405.13,,405.13,January 2025 Actual Achievement (Provisional) 0.00 0.00
2026-01,Performance Review,2025-26,Review Report Jan26.pdf,37,B. Private Sector,variation_pct,2025-01,monthly,11.1,,11.10,% Variation Over Actual January 2025 - -
2026-01,Performance Review,2025-26,Review Report Jan26.pdf,41,C. DGH (JVC/Private),achievement,2025-01,monthly,621.46,,621.46,January 2025 Actual Achievement (Provisional) A. Oil & Natural Gas corporation (ONGC) Gujarat 425.47 370.59 387.39 -12.90 -4.34 Assam 100.15 88.82 88.29 -11.31 0.60 Tamil Nadu 20.00 15.20 16.03 -24.00 -5.18 Offshore 1141.85 995.38 1049.06 -12.83 -5.12 Andhra Pradesh 21.87 18.25 17.86 -16.55 2.18 Tripura 0.18 0.21 0.20 16.67 5.00
2026-01,Performance Review,2025-26,Review Report Jan26.pdf,47,C. DGH (JVC/Private),achievement,2025-01,monthly,1201.19,,1201.19,January 2025 Actual Achievement (Provisional) A. Oil & Natural Gas corporation (ONGC) Gujarat 68.61 70.70 71.56 3.05 -1.20 Assam 35.17 31.52 27.00 -10.38 16.74 Tamil Nadu 86.72 77.69 83.59 -10.41 -7.06 Offshore 1341.73 1225.06 1244.13 -8.70 -1.53 Andhra Pradesh 68.80 59.79 61.55 -13.10 -2.86 Tripura 138.41 107.01 103.20 -22.69 3.69 Rajasthan 1.50 0.00 0.00 -100.00 -
2026-01,Performance Review,2025-26,Review Report Jan26.pdf,41,C. DGH (JVC/Private),variation_pct,2025-01,monthly,-12.47,,-12.47,% Variation Over Actual January 2025 A. Oil & Natural Gas corporation (ONGC) Gujarat 425.47 370.59 387.39 -12.90 -4.34 Assam 100.15 88.82 88.29 -11.31 0.60 Tamil Nadu 20.00 15.20 16.03 -24.00 -5.18 Offshore 1141.85 995.38 1049.06 -12.83 -5.12 Andhra Pradesh 21.87 18.25 17.86 -16.55 2.18 Tripura 0.18 0.21 0.20 16.67 5.00
2026-01,Performance Review,2025-26,Review Report Jan26.pdf,47,C. DGH (JVC/Private),variation_pct,2025-01,monthly,-9.04,,-9.04,% Variation Over January 2025 Actual A. Oil & Natural Gas corporation (ONGC) Gujarat 68.61 70.70 71.56 3.05 -1.20 Assam 35.17 31.52 27.00 -10.38 16.74 Tamil Nadu 86.72 77.69 83.59 -10.41 -7.06 Offshore 1341.73 1225.06 1244.13 -8.70 -1.53 Andhra Pradesh 68.80 59.79 61.55 -13.10 -2.86 Tripura 138.41 107.01 103.20 -22.69 3.69 Rajasthan 1.50 0.00 0.00 -100.00 -
2026-01,Performance Review,2025-26,Review Report Jan26.pdf,37,C. Mini & White,achievement,2025-01,monthly,15.75,,15.75,January 2025 Actual Achievement (Provisional) 0.00 0.00
2026-01,Performance Review,2025-26,Review Report Jan26.pdf,37,C. Mini & White,variation_pct,2025-01,monthly,-5.78,,-5.78,% Variation Over Actual January 2025 - -
2026-01,Performance Review,2025-26,Review Report Jan26.pdf,30,CIL - Total,achievement,2025-01,monthly,77.79,,77.790,January 2025 Actual Achievement (Provisional) 5.630 3.610 9.020 12.310 7.710 17.400 22.090 0.020
2026-01,Performance Review,2025-26,Review Report Jan26.pdf,33,CIL - Total,achievement,2025-01,monthly,69.42,,69.420,January 2025 Actual Achievement (Provisional) 4.720 3.320 7.680 12.260 6.870 15.960 18.590 0.020
2026-01,Performance Review,2025-26,Review Report Jan26.pdf,30,CIL - Total,variation_pct,2025-01,monthly,2.61,,2.61,% Variation Over Actual January 2025 -1.78 -18.28 5.99 0.00 -4.93 13.45 1.31 0.00
2026-01,Performance Review,2025-26,Review Report Jan26.pdf,33,CIL - Total,variation_pct,2025-01,monthly,-3.67,,-3.67,% Variation Over Actual January 2025 -7.63 -27.41 2.86 -3.18 -15.28 3.20 -3.07 0.00
2026-01,Performance Review,2025-26,Review Report Jan26.pdf,21,Cement Production (MT),achievement,2025-01,cumulative,46.493,MT,46.493,Annexure - A Infrastructure Sector Performance during January 2025 and April-January FY 25-26 & FY 24-25 During January Production J a nuary FY 25-26
2026-01,Performance Review,2025-26,Review Report Jan26.pdf,21,Cement Production (MT),achievement,2025-01,cumulative,397.796,MT,397.796,Annexure - A Infrastructure Sector Performance during January 2025 and April-January FY 25-26 & FY 24-25 During April 2025-March 2026 (Cumulative) Production upto January FY 25-26
2026-01,Performance Review,2025-26,Review Report Jan26.pdf,21,Cement Production (MT),achievement,2025-01,cumulative,365.59,MT,365.590,Annexure - A Infrastructure Sector Performance during January 2025 and April-January FY 25-26 & FY 24-25 During April 2025-March 2026 (Cumulative) Production upto January FY 24-25
2026-01,Performance Review,2025-26,Review Report Jan26.pdf,21,Cement Production (MT),growth_pct,2025-01,cumulative,10.47,MT,10.47,Annexure - A Infrastructure Sector Performance during January 2025 and April-January FY 25-26 & FY 24-25 During January Growth % Y-o-Y (FY 25-26 w.r.t FY 24-25)
2026-01,Performance Review,2025-26,Review Report Jan26.pdf,21,Cement Production (MT),growth_pct,2025-01,cumulative,8.81,MT,8.81,Annexure - A Infrastructure Sector Performance during January 2025 and April-January FY 25-26 & FY 24-25 During April 2025-March 2026 (Cumulative) Cumulative Growth % (FY 25-26 w.r.t FY 24-25)
2026-01,Performance Review,2025-26,Review Report Jan26.pdf,21,Coal India Ltd.,achievement,2025-01,cumulative,79.81,,79.810,Annexure - A Infrastructure Sector Performance during January 2025 and April-January FY 25-26 & FY 24-25 During January Production J a nuary FY 25-26
2026-01,Performance Review,2025-26,Review Report Jan26.pdf,21,Coal India Ltd.,achievement,2025-01,cumulative,609.01,,609.010,Annexure - A Infrastructure Sector Performance during January 2025 and April-January FY 25-26 & FY 24-25 During April 2025-March 2026 (Cumulative) Production upto January FY 25-26
2026-01,Performance Review,2025-26,Review Report Jan26.pdf,21,Coal India Ltd.,achievement,2025-01,cumulative,621.15,,621.150,Annexure - A Infrastructure Sector Performance during January 2025 and April-January FY 25-26 & FY 24-25 During April 2025-March 2026 (Cumulative) Production upto January FY 24-25
2026-01,Performance Review,2025-26,Review Report Jan26.pdf,21,Coal India Ltd.,achievement_pct,2025-01,cumulative,87.2,,87.20,Annexure - A Infrastructure Sector Performance during January 2025 and April-January FY 25-26 & FY 24-25 During January Achievement ( % of Target )
2026-01,Performance Review,2025-26,Review Report Jan26.pdf,21,Coal India Ltd.,achievement_pct,2025-01,cumulative,87.37,,87.37,Annexure - A Infrastructure Sector Performance during January 2025 and April-January FY 25-26 & FY 24-25 During April 2025-March 2026 (Cumulative) Achievem ent ( % of Target )
2026-01,Performance Review,2025-26,Review Report Jan26.pdf,21,Coal India Ltd.,growth_pct,2025-01,cumulative,2.6,,2.60,Annexure - A Infrastructure Sector Performance during January 2025 and April-January FY 25-26 & FY 24-25 During January Growth % Y-o-Y (FY 25-26 w.r.t FY 24-25)
2026-01,Performance Review,2025-26,Review Report Jan26.pdf,21,Coal India Ltd.,growth_pct,2025-01,cumulative,-1.95,,-1.95,Annexure - A Infrastructure Sector Performance during January 2025 and April-January FY 25-26 & FY 24-25 During April 2025-March 2026 (Cumulative) Cumulative Growth % (FY 25-26 w.r.t FY 24-25)
2026-01,Performance Review,2025-26,Review Report Jan26.pdf,21,Coal India Ltd.,target,2025-01,cumulative,91.52,,91.520,Annexure - A Infrastructure Sector Performance during January 2025 and April-January FY 25-26 & FY 24-25 During January Target January FY 25-26
2026-01,Performance Review,2025-26,Review Report Jan26.pdf,21,Coal India Ltd.,target,2025-01,cumulative,697.032,,697.032,Annexure - A Infrastructure Sector Performance during January 2025 and April-January FY 25-26 & FY 24-25 During April 2025-March 2026 (Cumulative) Target upto January FY 25-26
2026-01,Performance Review,2025-26,Review Report Jan26.pdf,49,Construction of Bridges (Nos.),achievement,2025-01,monthly,0.0,Nos,0,January 2025 Actual Achieve ment (Provisio nal)
2026-01,Performance Review,2025-26,Review Report Jan26.pdf,49,Construction of Bridges (Nos.),achievement,2025-01,cumulative,0.0,Nos,0,"April,20 24- January 2025 Actual Achievement (Provisional)"
2026-01,Performance Review,2025-26,Review Report Jan26.pdf,50,Construction of Missing Links (Kms.),achievement,2025-01,monthly,0.0,Kms,0.00,January 2025 Actual Achieve ment (Provisio nal)
2026-01,Performance Review,2025-26,Review Report Jan26.pdf,50,Construction of Missing Links (Kms.),achievement,2025-01,cumulative,0.0,Kms,0.00,"April,20 24- January 2025 Actual Achievement (Provisional)"
2026-01,Performance Review,2025-26,Review Report Jan26.pdf,49,Construction of bypass (Nos.),achievement,2025-01,monthly,0.0,Nos,0,January 2025 Actual Achieve ment (Provisio nal)
2026-01,Performance Review,2025-26,Review Report Jan26.pdf,49,Construction of bypass (Nos.),achievement,2025-01,cumulative,0.0,Nos,0,"April,20 24- January 2025 Actual Achievement (Provisional)"
2026-01,Performance Review,2025-26,Review Report Jan26.pdf,50,Construction of bypasses (Nos.),achievement,2025-01,monthly,0.0,Nos,0,January 2025 Actual Achieve ment (Provisio nal)
2026-01,Performance Review,2025-26,Review Report Jan26.pdf,50,Construction of bypasses (Nos.),achievement,2025-01,cumulative,0.0,Nos,0,"April,20 24- January 2025 Actual Achievement (Provisional)"
2026-01,Performance Review,2025-26,Review Report Jan26.pdf,21,Fertilisers Production ('Th Tonnes),achievement,2025-01,cumulative,4668.3,,4668.300,Annexure - A Infrastructure Sector Performance during January 2025 and April-January FY 25-26 & FY 24-25 During January Production J a nuary FY 25-26
2026-01,Performance Review,2025-26,Review Report Jan26.pdf,21,Fertilisers Production ('Th Tonnes),achievement,2025-01,cumulative,43919.4,,43919.400,Annexure - A Infrastructure Sector Performance during January 2025 and April-January FY 25-26 & FY 24-25 During April 2025-March 2026 (Cumulative) Production upto January FY 25-26
2026-01,Performance Review,2025-26,Review Report Jan26.pdf,21,Fertilisers Production ('Th Tonnes),achievement,2025-01,cumulative,44518.7,,44518.700,Annexure - A Infrastructure Sector Performance during January 2025 and April-January FY 25-26 & FY 24-25 During April 2025-March 2026 (Cumulative) Production upto January FY 24-25
2026-01,Performance Review,2025-26,Review Report Jan26.pdf,21,Fertilisers Production ('Th Tonnes),achievement_pct,2025-01,cumulative,98.22,,98.22,Annexure - A Infrastructure Sector Performance during January 2025 and April-January FY 25-26 & FY 24-25 During January Achievement ( % of Target )
2026-01,Performance Review,2025-26,Review Report Jan26.pdf,21,Fertilisers Production ('Th Tonnes),achievement_pct,2025-01,cumulative,97.54,,97.54,Annexure - A Infrastructure Sector Performance during January 2025 and April-January FY 25-26 & FY 24-25 During April 2025-March 2026 (Cumulative) Achievem ent ( % of Target )
2026-01,Performance Review,2025-26,Review Report Jan26.pdf,21,Fertilisers Production ('Th Tonnes),growth_pct,2025-01,cumulative,2.32,,2.32,Annexure - A Infrastructure Sector Performance during January 2025 and April-January FY 25-26 & FY 24-25 During January Growth % Y-o-Y (FY 25-26 w.r.t FY 24-25)
2026-01,Performance Review,2025-26,Review Report Jan26.pdf,21,Fertilisers Production ('Th Tonnes),growth_pct,2025-01,cumulative,-1.35,,-1.35,Annexure - A Infrastructure Sector Performance during January 2025 and April-January FY 25-26 & FY 24-25 During April 2025-March 2026 (Cumulative) Cumulative Growth % (FY 25-26 w.r.t FY 24-25)
2026-01,Performance Review,2025-26,Review Report Jan26.pdf,21,Fertilisers Production ('Th Tonnes),target,2025-01,cumulative,4752.75,,4752.750,Annexure - A Infrastructure Sector Performance during January 2025 and April-January FY 25-26 & FY 24-25 During January Target January FY 25-26
2026-01,Performance Review,2025-26,Review Report Jan26.pdf,21,Fertilisers Production ('Th Tonnes),target,2025-01,cumulative,45027.7,,45027.700,Annexure - A Infrastructure Sector Performance during January 2025 and April-January FY 25-26 & FY 24-25 During April 2025-March 2026 (Cumulative) Target upto January FY 25-26
2026-01,Performance Review,2025-26,Review Report Jan26.pdf,21,"Gauge, Doubling & New line (in Kms)",achievement,2025-01,cumulative,206.0,,206.000,Annexure - A Infrastructure Sector Performance during January 2025 and April-January FY 25-26 & FY 24-25 During January Production J a nuary FY 25-26
2026-01,Performance Review,2025-26,Review Report Jan26.pdf,21,"Gauge, Doubling & New line (in Kms)",achievement,2025-01,cumulative,1318.0,,1318.000,Annexure - A Infrastructure Sector Performance during January 2025 and April-January FY 25-26 & FY 24-25 During April 2025-March 2026 (Cumulative) Production upto January FY 25-26
2026-01,Performance Review,2025-26,Review Report Jan26.pdf,21,"Gauge, Doubling & New line (in Kms)",achievement,2025-01,cumulative,2483.0,,2483.000,Annexure - A Infrastructure Sector Performance during January 2025 and April-January FY 25-26 & FY 24-25 During April 2025-March 2026 (Cumulative) Production upto January FY 24-25
2026-01,Performance Review,2025-26,Review Report Jan26.pdf,21,"Gauge, Doubling & New line (in Kms)",growth_pct,2025-01,cumulative,-31.56,,-31.56,Annexure - A Infrastructure Sector Performance during January 2025 and April-January FY 25-26 & FY 24-25 During January Growth % Y-o-Y (FY 25-26 w.r.t FY 24-25)
2026-01,Performance Review,2025-26,Review Report Jan26.pdf,21,"Gauge, Doubling & New line (in Kms)",growth_pct,2025-01,cumulative,-46.92,,-46.92,Annexure - A Infrastructure Sector Performance during January 2025 and April-January FY 25-26 & FY 24-25 During April 2025-March 2026 (Cumulative) Cumulative Growth % (FY 25-26 w.r.t FY 24-25)
2026-01,Performance Review,2025-26,Review Report Jan26.pdf,21,I. Coal Production (MT),achievement,2025-01,cumulative,105.44,MT,105.440,Annexure - A Infrastructure Sector Performance during January 2025 and April-January FY 25-26 & FY 24-25 During January Production J a nuary FY 25-26
2026-01,Performance Review,2025-26,Review Report Jan26.pdf,21,I. Coal Production (MT),achievement,2025-01,cumulative,827.09,MT,827.090,Annexure - A Infrastructure Sector Performance during January 2025 and April-January FY 25-26 & FY 24-25 During April 2025-March 2026 (Cumulative) Production upto January FY 25-26
2026-01,Performance Review,2025-26,Review Report Jan26.pdf,21,I. Coal Production (MT),achievement,2025-01,cumulative,830.9,MT,830.900,Annexure - A Infrastructure Sector Performance during January 2025 and April-January FY 25-26 & FY 24-25 During April 2025-March 2026 (Cumulative) Production upto January FY 24-25
2026-01,Performance Review,2025-26,Review Report Jan26.pdf,21,I. Coal Production (MT),achievement_pct,2025-01,cumulative,107.02,MT,107.02,Annexure - A Infrastructure Sector Performance during January 2025 and April-January FY 25-26 & FY 24-25 During January Achievement ( % of Target )
2026-01,Performance Review,2025-26,Review Report Jan26.pdf,21,I. Coal Production (MT),achievement_pct,2025-01,cumulative,109.48,MT,109.48,Annexure - A Infrastructure Sector Performance during January 2025 and April-January FY 25-26 & FY 24-25 During April 2025-March 2026 (Cumulative) Achievem ent ( % of Target )
2026-01,Performance Review,2025-26,Review Report Jan26.pdf,21,I. Coal Production (MT),growth_pct,2025-01,cumulative,0.81,MT,0.81,Annexure - A Infrastructure Sector Performance during January 2025 and April-January FY 25-26 & FY 24-25 During January Growth % Y-o-Y (FY 25-26 w.r.t FY 24-25)
2026-01,Performance Review,2025-26,Review Report Jan26.pdf,21,I. Coal Production (MT),growth_pct,2025-01,cumulative,-0.46,MT,-0.46,Annexure - A Infrastructure Sector Performance during January 2025 and April-January FY 25-26 & FY 24-25 During April 2025-March 2026 (Cumulative) Cumulative Growth % (FY 25-26 w.r.t FY 24-25)
2026-01,Performance Review,2025-26,Review Report Jan26.pdf,21,I. Coal Production (MT),target,2025-01,cumulative,98.52,MT,98.520,Annexure - A Infrastructure Sector Performance during January 2025 and April-January FY 25-26 & FY 24-25 During January Target January FY 25-26
2026-01,Performance Review,2025-26,Review Report Jan26.pdf,21,I. Coal Production (MT),target,2025-01,cumulative,755.502,MT,755.502,Annexure - A Infrastructure Sector Performance during January 2025 and April-January FY 25-26 & FY 24-25 During April 2025-March 2026 (Cumulative) Target upto January FY 25-26
2026-01,Performance Review,2025-26,Review Report Jan26.pdf,21,I. Power Generation: Non-Renewable Energy (B,achievement,2025-01,cumulative,121.139,,121.139,Annexure - A Infrastructure Sector Performance during January 2025 and April-January FY 25-26 & FY 24-25 During January Production J a nuary FY 25-26
2026-01,Performance Review,2025-26,Review Report Jan26.pdf,21,I. Power Generation: Non-Renewable Energy (B,achievement,2025-01,cumulative,1132.872,,1132.872,Annexure - A Infrastructure Sector Performance during January 2025 and April-January FY 25-26 & FY 24-25 During April 2025-March 2026 (Cumulative) Production upto January FY 25-26
2026-01,Performance Review,2025-26,Review Report Jan26.pdf,21,I. Power Generation: Non-Renewable Energy (B,achievement,2025-01,cumulative,1183.241,,1183.241,Annexure - A Infrastructure Sector Performance during January 2025 and April-January FY 25-26 & FY 24-25 During April 2025-March 2026 (Cumulative) Production upto January FY 24-25
2026-01,Performance Review,2025-26,Review Report Jan26.pdf,21,I. Power Generation: Non-Renewable Energy (B,achievement_pct,2025-01,cumulative,91.0,,91.00,Annexure - A Infrastructure Sector Performance during January 2025 and April-January FY 25-26 & FY 24-25 During January Achievement ( % of Target )
2026-01,Performance Review,2025-26,Review Report Jan26.pdf,21,I. Power Generation: Non-Renewable Energy (B,achievement_pct,2025-01,cumulative,87.01,,87.01,Annexure - A Infrastructure Sector Performance during January 2025 and April-January FY 25-26 & FY 24-25 During April 2025-March 2026 (Cumulative) Achievem ent ( % of Target )
2026-01,Performance Review,2025-26,Review Report Jan26.pdf,21,I. Power Generation: Non-Renewable Energy (B,growth_pct,2025-01,cumulative,1.97,,1.97,Annexure - A Infrastructure Sector Performance during January 2025 and April-January FY 25-26 & FY 24-25 During January Growth % Y-o-Y (FY 25-26 w.r.t FY 24-25)
2026-01,Performance Review,2025-26,Review Report Jan26.pdf,21,I. Power Generation: Non-Renewable Energy (B,growth_pct,2025-01,cumulative,-4.26,,-4.26,Annexure - A Infrastructure Sector Performance during January 2025 and April-January FY 25-26 & FY 24-25 During April 2025-March 2026 (Cumulative) Cumulative Growth % (FY 25-26 w.r.t FY 24-25)
2026-01,Performance Review,2025-26,Review Report Jan26.pdf,21,I. Power Generation: Non-Renewable Energy (B,target,2025-01,cumulative,1302.04,,1302.040,Annexure - A Infrastructure Sector Performance during January 2025 and April-January FY 25-26 & FY 24-25 During April 2025-March 2026 (Cumulative) Target upto January FY 25-26
2026-01,Performance Review,2025-26,Review Report Jan26.pdf,21,I. Production of Finished Steel ('Th Tonnes): Main Producers,achievement,2025-01,cumulative,8022.0,,8022.000,Annexure - A Infrastructure Sector Performance during January 2025 and April-January FY 25-26 & FY 24-25 During January Production J a nuary FY 25-26
2026-01,Performance Review,2025-26,Review Report Jan26.pdf,21,I. Production of Finished Steel ('Th Tonnes): Main Producers,achievement,2025-01,cumulative,73459.0,,73459.000,Annexure - A Infrastructure Sector Performance during January 2025 and April-January FY 25-26 & FY 24-25 During April 2025-March 2026 (Cumulative) Production upto January FY 25-26
2026-01,Performance Review,2025-26,Review Report Jan26.pdf,21,I. Production of Finished Steel ('Th Tonnes): Main Producers,achievement,2025-01,cumulative,65804.0,,65804.000,Annexure - A Infrastructure Sector Performance during January 2025 and April-January FY 25-26 & FY 24-25 During April 2025-March 2026 (Cumulative) Production upto January FY 24-25
2026-01,Performance Review,2025-26,Review Report Jan26.pdf,21,I. Production of Finished Steel ('Th Tonnes): Main Producers,growth_pct,2025-01,cumulative,11.17,,11.17,Annexure - A Infrastructure Sector Performance during January 2025 and April-January FY 25-26 & FY 24-25 During January Growth % Y-o-Y (FY 25-26 w.r.t FY 24-25)
2026-01,Performance Review,2025-26,Review Report Jan26.pdf,21,I. Production of Finished Steel ('Th Tonnes): Main Producers,growth_pct,2025-01,cumulative,11.63,,11.63,Annexure - A Infrastructure Sector Performance during January 2025 and April-January FY 25-26 & FY 24-25 During April 2025-March 2026 (Cumulative) Cumulative Growth % (FY 25-26 w.r.t FY 24-25)
2026-01,Performance Review,2025-26,Review Report Jan26.pdf,21,I. Total Telephone Subscribers(in million),achievement,2025-01,cumulative,1007.4,,1007.4,Annexure - A Infrastructure Sector Performance during January 2025 and April-January FY 25-26 & FY 24-25 During January Production J a nuary FY 25-26
2026-01,Performance Review,2025-26,Review Report Jan26.pdf,21,I. Total Telephone Subscribers(in million),growth_pct,2025-01,cumulative,6.6,,6.60,Annexure - A Infrastructure Sector Performance during January 2025 and April-January FY 25-26 & FY 24-25 During January Growth % Y-o-Y (FY 25-26 w.r.t FY 24-25)
2026-01,Performance Review,2025-26,Review Report Jan26.pdf,21,II. Lignite Production (MT),achievement,2025-01,cumulative,4.13,MT,4.130,Annexure - A Infrastructure Sector Performance during January 2025 and April-January FY 25-26 & FY 24-25 During January Production J a nuary FY 25-26
2026-01,Performance Review,2025-26,Review Report Jan26.pdf,21,II. Lignite Production (MT),achievement,2025-01,cumulative,32.45,MT,32.450,Annexure - A Infrastructure Sector Performance during January 2025 and April-January FY 25-26 & FY 24-25 During April 2025-March 2026 (Cumulative) Production upto January FY 25-26
2026-01,Performance Review,2025-26,Review Report Jan26.pdf,21,II. Lignite Production (MT),achievement,2025-01,cumulative,36.17,MT,36.170,Annexure - A Infrastructure Sector Performance during January 2025 and April-January FY 25-26 & FY 24-25 During April 2025-March 2026 (Cumulative) Production upto January FY 24-25
2026-01,Performance Review,2025-26,Review Report Jan26.pdf,21,II. Lignite Production (MT),growth_pct,2025-01,cumulative,6.44,MT,6.44,Annexure - A Infrastructure Sector Performance during January 2025 and April-January FY 25-26 & FY 24-25 During January Growth % Y-o-Y (FY 25-26 w.r.t FY 24-25)
2026-01,Performance Review,2025-26,Review Report Jan26.pdf,21,II. Lignite Production (MT),growth_pct,2025-01,cumulative,-10.28,MT,-10.28,Annexure - A Infrastructure Sector Performance during January 2025 and April-January FY 25-26 & FY 24-25 During April 2025-March 2026 (Cumulative) Cumulative Growth % (FY 25-26 w.r.t FY 24-25)
2026-01,Performance Review,2025-26,Review Report Jan26.pdf,21,II. Power Generation: Renewable Energy (BU),achievement,2025-01,cumulative,33.895,BU,33.895,Annexure - A Infrastructure Sector Performance during January 2025 and April-January FY 25-26 & FY 24-25 During January Production J a nuary FY 25-26
2026-01,Performance Review,2025-26,Review Report Jan26.pdf,21,II. Power Generation: Renewable Energy (BU),achievement,2025-01,cumulative,408.365,BU,408.365,Annexure - A Infrastructure Sector Performance during January 2025 and April-January FY 25-26 & FY 24-25 During April 2025-March 2026 (Cumulative) Production upto January FY 25-26
2026-01,Performance Review,2025-26,Review Report Jan26.pdf,21,II. Power Generation: Renewable Energy (BU),achievement,2025-01,cumulative,343.574,BU,343.574,Annexure - A Infrastructure Sector Performance during January 2025 and April-January FY 25-26 & FY 24-25 During April 2025-March 2026 (Cumulative) Production upto January FY 24-25
2026-01,Performance Review,2025-26,Review Report Jan26.pdf,21,II. Power Generation: Renewable Energy (BU),growth_pct,2025-01,cumulative,18.63,BU,18.63,Annexure - A Infrastructure Sector Performance during January 2025 and April-January FY 25-26 & FY 24-25 During January Growth % Y-o-Y (FY 25-26 w.r.t FY 24-25)
2026-01,Performance Review,2025-26,Review Report Jan26.pdf,21,II. Power Generation: Renewable Energy (BU),growth_pct,2025-01,cumulative,18.86,BU,18.86,Annexure - A Infrastructure Sector Performance during January 2025 and April-January FY 25-26 & FY 24-25 During April 2025-March 2026 (Cumulative) Cumulative Growth % (FY 25-26 w.r.t FY 24-25)
2026-01,Performance Review,2025-26,Review Report Jan26.pdf,21,II. Production of Finished Steel ('Th Tonnes): Major (Secondary) Producer,achievement,2025-01,cumulative,6518.0,,6518.000,Annexure - A Infrastructure Sector Performance during January 2025 and April-January FY 25-26 & FY 24-25 During January Production J a nuary FY 25-26
2026-01,Performance Review,2025-26,Review Report Jan26.pdf,21,II. Production of Finished Steel ('Th Tonnes): Major (Secondary) Producer,achievement,2025-01,cumulative,59934.0,,59934.000,Annexure - A Infrastructure Sector Performance during January 2025 and April-January FY 25-26 & FY 24-25 During April 2025-March 2026 (Cumulative) Production upto January FY 25-26
2026-01,Performance Review,2025-26,Review Report Jan26.pdf,21,II. Production of Finished Steel ('Th Tonnes): Major (Secondary) Producer,achievement,2025-01,cumulative,54758.0,,54758.000,Annexure - A Infrastructure Sector Performance during January 2025 and April-January FY 25-26 & FY 24-25 During April 2025-March 2026 (Cumulative) Production upto January FY 24-25
2026-01,Performance Review,2025-26,Review Report Jan26.pdf,21,II. Production of Finished Steel ('Th Tonnes): Major (Secondary) Producer,growth_pct,2025-01,cumulative,10.16,,10.16,Annexure - A Infrastructure Sector Performance during January 2025 and April-January FY 25-26 & FY 24-25 During January Growth % Y-o-Y (FY 25-26 w.r.t FY 24-25)
2026-01,Performance Review,2025-26,Review Report Jan26.pdf,21,II. Production of Finished Steel ('Th Tonnes): Major (Secondary) Producer,growth_pct,2025-01,cumulative,9.45,,9.45,Annexure - A Infrastructure Sector Performance during January 2025 and April-January FY 25-26 & FY 24-25 During April 2025-March 2026 (Cumulative) Cumulative Growth % (FY 25-26 w.r.t FY 24-25)
2026-01,Performance Review,2025-26,Review Report Jan26.pdf,21,III. Aircraft Movements (In 'Th) -includes General Aviation,achievement,2025-01,cumulative,284.107,,284.107,Annexure - A Infrastructure Sector Performance during January 2025 and April-January FY 25-26 & FY 24-25 During January Production J a nuary FY 25-26
2026-01,Performance Review,2025-26,Review Report Jan26.pdf,21,III. Aircraft Movements (In 'Th) -includes General Aviation,achievement,2025-01,cumulative,2713.046,,2713.046,Annexure - A Infrastructure Sector Performance during January 2025 and April-January FY 25-26 & FY 24-25 During April 2025-March 2026 (Cumulative) Production upto January FY 25-26
2026-01,Performance Review,2025-26,Review Report Jan26.pdf,21,III. Aircraft Movements (In 'Th) -includes General Aviation,achievement,2025-01,cumulative,2623.245,,2623.245,Annexure - A Infrastructure Sector Performance during January 2025 and April-January FY 25-26 & FY 24-25 During April 2025-March 2026 (Cumulative) Production upto January FY 24-25
2026-01,Performance Review,2025-26,Review Report Jan26.pdf,21,III. Aircraft Movements (In 'Th) -includes General Aviation,growth_pct,2025-01,cumulative,2.81,,2.81,Annexure - A Infrastructure Sector Performance during January 2025 and April-January FY 25-26 & FY 24-25 During January Growth % Y-o-Y (FY 25-26 w.r.t FY 24-25)
2026-01,Performance Review,2025-26,Review Report Jan26.pdf,21,III. Aircraft Movements (In 'Th) -includes General Aviation,growth_pct,2025-01,cumulative,3.42,,3.42,Annexure - A Infrastructure Sector Performance during January 2025 and April-January FY 25-26 & FY 24-25 During April 2025-March 2026 (Cumulative) Cumulative Growth % (FY 25-26 w.r.t FY 24-25)
2026-01,Performance Review,2025-26,Review Report Jan26.pdf,21,Import from Bhutan,achievement,2025-01,cumulative,0.024,,0.024,Annexure - A Infrastructure Sector Performance during January 2025 and April-January FY 25-26 & FY 24-25 During January Production J a nuary FY 25-26
2026-01,Performance Review,2025-26,Review Report Jan26.pdf,21,Import from Bhutan,achievement,2025-01,cumulative,7.766,,7.766,Annexure - A Infrastructure Sector Performance during January 2025 and April-January FY 25-26 & FY 24-25 During April 2025-March 2026 (Cumulative) Production upto January FY 25-26
2026-01,Performance Review,2025-26,Review Report Jan26.pdf,21,Import from Bhutan,achievement,2025-01,cumulative,5.298,,5.298,Annexure - A Infrastructure Sector Performance during January 2025 and April-January FY 25-26 & FY 24-25 During April 2025-March 2026 (Cumulative) Production upto January FY 24-25
2026-01,Performance Review,2025-26,Review Report Jan26.pdf,21,Import from Bhutan,achievement_pct,2025-01,cumulative,3.73,,3.73,Annexure - A Infrastructure Sector Performance during January 2025 and April-January FY 25-26 & FY 24-25 During January Achievement ( % of Target )
2026-01,Performance Review,2025-26,Review Report Jan26.pdf,21,Import from Bhutan,achievement_pct,2025-01,cumulative,91.54,,91.54,Annexure - A Infrastructure Sector Performance during January 2025 and April-January FY 25-26 & FY 24-25 During April 2025-March 2026 (Cumulative) Achievem ent ( % of Target )
2026-01,Performance Review,2025-26,Review Report Jan26.pdf,21,Import from Bhutan,growth_pct,2025-01,cumulative,-58.62,,-58.62,Annexure - A Infrastructure Sector Performance during January 2025 and April-January FY 25-26 & FY 24-25 During January Growth % Y-o-Y (FY 25-26 w.r.t FY 24-25)
2026-01,Performance Review,2025-26,Review Report Jan26.pdf,21,Import from Bhutan,growth_pct,2025-01,cumulative,46.58,,46.58,Annexure - A Infrastructure Sector Performance during January 2025 and April-January FY 25-26 & FY 24-25 During April 2025-March 2026 (Cumulative) Cumulative Growth % (FY 25-26 w.r.t FY 24-25)
2026-01,Performance Review,2025-26,Review Report Jan26.pdf,21,Import from Bhutan,target,2025-01,cumulative,0.644,,0.644,Annexure - A Infrastructure Sector Performance during January 2025 and April-January FY 25-26 & FY 24-25 During January Target January FY 25-26
2026-01,Performance Review,2025-26,Review Report Jan26.pdf,21,Import from Bhutan,target,2025-01,cumulative,8.484,,8.484,Annexure - A Infrastructure Sector Performance during January 2025 and April-January FY 25-26 & FY 24-25 During April 2025-March 2026 (Cumulative) Target upto January FY 25-26
2026-01,Performance Review,2025-26,Review Report Jan26.pdf,50,Improvement of low grade section (Kms.),achievement,2025-01,monthly,0.0,Kms,0.00,January 2025 Actual Achieve ment (Provisio nal)
2026-01,Performance Review,2025-26,Review Report Jan26.pdf,50,Improvement of low grade section (Kms.),achievement,2025-01,cumulative,0.0,Kms,0.00,"April,20 24- January 2025 Actual Achievement (Provisional)"
2026-01,Performance Review,2025-26,Review Report Jan26.pdf,50,Improvement of riding quality prog.(IRQP) (Kms.),achievement,2025-01,monthly,1.96,Kms,1.96,January 2025 Actual Achieve ment (Provisio nal)
2026-01,Performance Review,2025-26,Review Report Jan26.pdf,50,Improvement of riding quality prog.(IRQP) (Kms.),achievement,2025-01,cumulative,278.05,Kms,278.05,"April,20 24- January 2025 Actual Achievement (Provisional)"
2026-01,Performance Review,2025-26,Review Report Jan26.pdf,50,Improvement of riding quality prog.(IRQP) (Kms.),variation_pct,2025-01,monthly,37.76,Kms,37.76,% Variation Over Actual January 2025
2026-01,Performance Review,2025-26,Review Report Jan26.pdf,21,Nuclear Generation,achievement,2025-01,cumulative,5.029,,5.029,Annexure - A Infrastructure Sector Performance during January 2025 and April-January FY 25-26 & FY 24-25 During January Production J a nuary FY 25-26
2026-01,Performance Review,2025-26,Review Report Jan26.pdf,21,Nuclear Generation,achievement,2025-01,cumulative,45.194,,45.194,Annexure - A Infrastructure Sector Performance during January 2025 and April-January FY 25-26 & FY 24-25 During April 2025-March 2026 (Cumulative) Production upto January FY 25-26
2026-01,Performance Review,2025-26,Review Report Jan26.pdf,21,Nuclear Generation,achievement,2025-01,cumulative,47.808,,47.808,Annexure - A Infrastructure Sector Performance during January 2025 and April-January FY 25-26 & FY 24-25 During April 2025-March 2026 (Cumulative) Production upto January FY 24-25
2026-01,Performance Review,2025-26,Review Report Jan26.pdf,21,Nuclear Generation,achievement_pct,2025-01,cumulative,99.35,,99.35,Annexure - A Infrastructure Sector Performance during January 2025 and April-January FY 25-26 & FY 24-25 During January Achievement ( % of Target )
2026-01,Performance Review,2025-26,Review Report Jan26.pdf,21,Nuclear Generation,achievement_pct,2025-01,cumulative,98.4,,98.40,Annexure - A Infrastructure Sector Performance during January 2025 and April-January FY 25-26 & FY 24-25 During April 2025-March 2026 (Cumulative) Achievem ent ( % of Target )
2026-01,Performance Review,2025-26,Review Report Jan26.pdf,21,Nuclear Generation,growth_pct,2025-01,cumulative,5.25,,5.25,Annexure - A Infrastructure Sector Performance during January 2025 and April-January FY 25-26 & FY 24-25 During January Growth % Y-o-Y (FY 25-26 w.r.t FY 24-25)
2026-01,Performance Review,2025-26,Review Report Jan26.pdf,21,Nuclear Generation,growth_pct,2025-01,cumulative,-5.47,,-5.47,Annexure - A Infrastructure Sector Performance during January 2025 and April-January FY 25-26 & FY 24-25 During April 2025-March 2026 (Cumulative) Cumulative Growth % (FY 25-26 w.r.t FY 24-25)
2026-01,Performance Review,2025-26,Review Report Jan26.pdf,21,Nuclear Generation,target,2025-01,cumulative,5.062,,5.062,Annexure - A Infrastructure Sector Performance during January 2025 and April-January FY 25-26 & FY 24-25 During January Target January FY 25-26
2026-01,Performance Review,2025-26,Review Report Jan26.pdf,21,Nuclear Generation,target,2025-01,cumulative,45.93,,45.930,Annexure - A Infrastructure Sector Performance during January 2025 and April-January FY 25-26 & FY 24-25 During April 2025-March 2026 (Cumulative) Target upto January FY 25-26
2026-01,Performance Review,2025-26,Review Report Jan26.pdf,30,"Others (TISCO,IISCO,DVC)",achievement,2025-01,monthly,19.83,,19.830,January 2025 Actual Achievement (Provisional) 5.630 3.610 9.020 12.310 7.710 17.400 22.090 0.020
2026-01,Performance Review,2025-26,Review Report Jan26.pdf,33,"Others (TISCO,IISCO,DVC)",achievement,2025-01,monthly,17.91,,17.910,January 2025 Actual Achievement (Provisional) 4.720 3.320 7.680 12.260 6.870 15.960 18.590 0.020
2026-01,Performance Review,2025-26,Review Report Jan26.pdf,30,"Others (TISCO,IISCO,DVC)",variation_pct,2025-01,monthly,3.23,,3.23,% Variation Over Actual January 2025 -1.78 -18.28 5.99 0.00 -4.93 13.45 1.31 0.00
2026-01,Performance Review,2025-26,Review Report Jan26.pdf,33,"Others (TISCO,IISCO,DVC)",variation_pct,2025-01,monthly,7.26,,7.26,% Variation Over Actual January 2025 -7.63 -27.41 2.86 -3.18 -15.28 3.20 -3.07 0.00
2026-01,Performance Review,2025-26,Review Report Jan26.pdf,21,Others/Captive,achievement,2025-01,cumulative,20.47,,20.470,Annexure - A Infrastructure Sector Performance during January 2025 and April-January FY 25-26 & FY 24-25 During January Production J a nuary FY 25-26
2026-01,Performance Review,2025-26,Review Report Jan26.pdf,21,Others/Captive,achievement,2025-01,cumulative,169.2,,169.200,Annexure - A Infrastructure Sector Performance during January 2025 and April-January FY 25-26 & FY 24-25 During April 2025-March 2026 (Cumulative) Production upto January FY 25-26
2026-01,Performance Review,2025-26,Review Report Jan26.pdf,21,Others/Captive,achievement,2025-01,cumulative,156.02,,156.020,Annexure - A Infrastructure Sector Performance during January 2025 and April-January FY 25-26 & FY 24-25 During April 2025-March 2026 (Cumulative) Production upto January FY 24-25
2026-01,Performance Review,2025-26,Review Report Jan26.pdf,21,Others/Captive,growth_pct,2025-01,cumulative,3.23,,3.23,Annexure - A Infrastructure Sector Performance during January 2025 and April-January FY 25-26 & FY 24-25 During January Growth % Y-o-Y (FY 25-26 w.r.t FY 24-25)
2026-01,Performance Review,2025-26,Review Report Jan26.pdf,21,Others/Captive,growth_pct,2025-01,cumulative,8.45,,8.45,Annexure - A Infrastructure Sector Performance during January 2025 and April-January FY 25-26 & FY 24-25 During April 2025-March 2026 (Cumulative) Cumulative Growth % (FY 25-26 w.r.t FY 24-25)
2026-01,Performance Review,2025-26,Review Report Jan26.pdf,21,Passenger Traffic (in Million),achievement,2025-01,cumulative,658.27,,658.270,Annexure - A Infrastructure Sector Performance during January 2025 and April-January FY 25-26 & FY 24-25 During January Production J a nuary FY 25-26
2026-01,Performance Review,2025-26,Review Report Jan26.pdf,21,Passenger Traffic (in Million),achievement,2025-01,cumulative,6375.97,,6375.970,Annexure - A Infrastructure Sector Performance during January 2025 and April-January FY 25-26 & FY 24-25 During April 2025-March 2026 (Cumulative) Production upto January FY 25-26
2026-01,Performance Review,2025-26,Review Report Jan26.pdf,21,Passenger Traffic (in Million),achievement,2025-01,cumulative,6151.73,,6151.730,Annexure - A Infrastructure Sector Performance during January 2025 and April-January FY 25-26 & FY 24-25 During April 2025-March 2026 (Cumulative) Production upto January FY 24-25
2026-01,Performance Review,2025-26,Review Report Jan26.pdf,21,Passenger Traffic (in Million),growth_pct,2025-01,cumulative,2.58,,2.58,Annexure - A Infrastructure Sector Performance during January 2025 and April-January FY 25-26 & FY 24-25 During January Growth % Y-o-Y (FY 25-26 w.r.t FY 24-25)
2026-01,Performance Review,2025-26,Review Report Jan26.pdf,21,Passenger Traffic (in Million),growth_pct,2025-01,cumulative,3.65,,3.65,Annexure - A Infrastructure Sector Performance during January 2025 and April-January FY 25-26 & FY 24-25 During April 2025-March 2026 (Cumulative) Cumulative Growth % (FY 25-26 w.r.t FY 24-25)
2026-01,Performance Review,2025-26,Review Report Jan26.pdf,50,Rehabilitation/ Construction of Bridges (Nos.),achievement,2025-01,monthly,0.0,Nos,0,January 2025 Actual Achieve ment (Provisio nal)
2026-01,Performance Review,2025-26,Review Report Jan26.pdf,50,Rehabilitation/ Construction of Bridges (Nos.),achievement,2025-01,cumulative,0.0,Nos,0,"April,20 24- January 2025 Actual Achievement (Provisional)"
2026-01,Performance Review,2025-26,Review Report Jan26.pdf,21,Revenue earning Freight Traffic (MT),achievement,2025-01,cumulative,149.32,MT,149.320,Annexure - A Infrastructure Sector Performance during January 2025 and April-January FY 25-26 & FY 24-25 During January Production J a nuary FY 25-26
2026-01,Performance Review,2025-26,Review Report Jan26.pdf,21,Revenue earning Freight Traffic (MT),achievement,2025-01,cumulative,1366.9,MT,1366.900,Annexure - A Infrastructure Sector Performance during January 2025 and April-January FY 25-26 & FY 24-25 During April 2025-March 2026 (Cumulative) Production upto January FY 25-26
2026-01,Performance Review,2025-26,Review Report Jan26.pdf,21,Revenue earning Freight Traffic (MT),achievement,2025-01,cumulative,1323.59,MT,1323.590,Annexure - A Infrastructure Sector Performance during January 2025 and April-January FY 25-26 & FY 24-25 During April 2025-March 2026 (Cumulative) Production upto January FY 24-25
2026-01,Performance Review,2025-26,Review Report Jan26.pdf,21,Revenue earning Freight Traffic (MT),achievement_pct,2025-01,cumulative,98.66,MT,98.66,Annexure - A Infrastructure Sector Performance during January 2025 and April-January FY 25-26 & FY 24-25 During January Achievement ( % of Target )
2026-01,Performance Review,2025-26,Review Report Jan26.pdf,21,Revenue earning Freight Traffic (MT),achievement_pct,2025-01,cumulative,97.8,MT,97.80,Annexure - A Infrastructure Sector Performance during January 2025 and April-January FY 25-26 & FY 24-25 During April 2025-March 2026 (Cumulative) Achievem ent ( % of Target )
2026-01,Performance Review,2025-26,Review Report Jan26.pdf,21,Revenue earning Freight Traffic (MT),growth_pct,2025-01,cumulative,2.93,MT,2.93,Annexure - A Infrastructure Sector Performance during January 2025 and April-January FY 25-26 & FY 24-25 During January Growth % Y-o-Y (FY 25-26 w.r.t FY 24-25)
2026-01,Performance Review,2025-26,Review Report Jan26.pdf,21,Revenue earning Freight Traffic (MT),growth_pct,2025-01,cumulative,3.27,MT,3.27,Annexure - A Infrastructure Sector Performance during January 2025 and April-January FY 25-26 & FY 24-25 During April 2025-March 2026 (Cumulative) Cumulative Growth % (FY 25-26 w.r.t FY 24-25)
2026-01,Performance Review,2025-26,Review Report Jan26.pdf,21,Revenue earning Freight Traffic (MT),target,2025-01,cumulative,151.35,MT,151.350,Annexure - A Infrastructure Sector Performance during January 2025 and April-January FY 25-26 & FY 24-25 During January Target January FY 25-26
2026-01,Performance Review,2025-26,Review Report Jan26.pdf,21,Revenue earning Freight Traffic (MT),target,2025-01,cumulative,1397.59,MT,1397.590,Annexure - A Infrastructure Sector Performance during January 2025 and April-January FY 25-26 & FY 24-25 During April 2025-March 2026 (Cumulative) Target upto January FY 25-26
2026-01,Performance Review,2025-26,Review Report Jan26.pdf,30,SCCL,achievement,2025-01,monthly,6.97,,6.970,January 2025 Actual Achievement (Provisional) 5.630 3.610 9.020 12.310 7.710 17.400 22.090 0.020
2026-01,Performance Review,2025-26,Review Report Jan26.pdf,33,SCCL,achievement,2025-01,monthly,6.12,,6.120,January 2025 Actual Achievement (Provisional) 4.720 3.320 7.680 12.260 6.870 15.960 18.590 0.020
2026-01,Performance Review,2025-26,Review Report Jan26.pdf,30,SCCL,variation_pct,2025-01,monthly,-25.97,,-25.97,% Variation Over Actual January 2025 -1.78 -18.28 5.99 0.00 -4.93 13.45 1.31 0.00
2026-01,Performance Review,2025-26,Review Report Jan26.pdf,33,SCCL,variation_pct,2025-01,monthly,-0.16,,-0.16,% Variation Over Actual January 2025 -7.63 -27.41 2.86 -3.18 -15.28 3.20 -3.07 0.00
2026-01,Performance Review,2025-26,Review Report Jan26.pdf,21,Singareni Collieries Company Limited,achievement,2025-01,cumulative,5.16,,5.160,Annexure - A Infrastructure Sector Performance during January 2025 and April-January FY 25-26 & FY 24-25 During January Production J a nuary FY 25-26
2026-01,Performance Review,2025-26,Review Report Jan26.pdf,21,Singareni Collieries Company Limited,achievement,2025-01,cumulative,48.88,,48.880,Annexure - A Infrastructure Sector Performance during January 2025 and April-January FY 25-26 & FY 24-25 During April 2025-March 2026 (Cumulative) Production upto January FY 25-26
2026-01,Performance Review,2025-26,Review Report Jan26.pdf,21,Singareni Collieries Company Limited,achievement,2025-01,cumulative,53.73,,53.730,Annexure - A Infrastructure Sector Performance during January 2025 and April-January FY 25-26 & FY 24-25 During April 2025-March 2026 (Cumulative) Production upto January FY 24-25
2026-01,Performance Review,2025-26,Review Report Jan26.pdf,21,Singareni Collieries Company Limited,achievement_pct,2025-01,cumulative,73.71,,73.71,Annexure - A Infrastructure Sector Performance during January 2025 and April-January FY 25-26 & FY 24-25 During January Achievement ( % of Target )
2026-01,Performance Review,2025-26,Review Report Jan26.pdf,21,Singareni Collieries Company Limited,growth_pct,2025-01,cumulative,-25.97,,-25.97,Annexure - A Infrastructure Sector Performance during January 2025 and April-January FY 25-26 & FY 24-25 During January Growth % Y-o-Y (FY 25-26 w.r.t FY 24-25)
2026-01,Performance Review,2025-26,Review Report Jan26.pdf,21,Singareni Collieries Company Limited,growth_pct,2025-01,cumulative,-9.03,,-9.03,Annexure - A Infrastructure Sector Performance during January 2025 and April-January FY 25-26 & FY 24-25 During April 2025-March 2026 (Cumulative) Cumulative Growth % (FY 25-26 w.r.t FY 24-25)
2026-01,Performance Review,2025-26,Review Report Jan26.pdf,21,Singareni Collieries Company Limited,target,2025-01,cumulative,7.0,,7.000,Annexure - A Infrastructure Sector Performance during January 2025 and April-January FY 25-26 & FY 24-25 During January Target January FY 25-26
2026-01,Performance Review,2025-26,Review Report Jan26.pdf,21,Singareni Collieries Company Limited,target,2025-01,cumulative,58.47,,58.470,Annexure - A Infrastructure Sector Performance during January 2025 and April-January FY 25-26 & FY 24-25 During April 2025-March 2026 (Cumulative) Target upto January FY 25-26
2026-01,Performance Review,2025-26,Review Report Jan26.pdf,21,Strengthening of existing weak pavement (Kms.),achievement,2025-01,cumulative,7.0,Kms,7.000,Annexure - A Infrastructure Sector Performance during January 2025 and April-January FY 25-26 & FY 24-25 During January Production J a nuary FY 25-26
2026-01,Performance Review,2025-26,Review Report Jan26.pdf,21,Strengthening of existing weak pavement (Kms.),achievement,2025-01,cumulative,135.0,Kms,135.000,Annexure - A Infrastructure Sector Performance during January 2025 and April-January FY 25-26 & FY 24-25 During April 2025-March 2026 (Cumulative) Production upto January FY 25-26
2026-01,Performance Review,2025-26,Review Report Jan26.pdf,21,Strengthening of existing weak pavement (Kms.),achievement,2025-01,cumulative,302.66,Kms,302.660,Annexure - A Infrastructure Sector Performance during January 2025 and April-January FY 25-26 & FY 24-25 During April 2025-March 2026 (Cumulative) Production upto January FY 24-25
2026-01,Performance Review,2025-26,Review Report Jan26.pdf,50,Strengthening of existing weak pavement (Kms.),achievement,2025-01,monthly,56.85,Kms,56.85,January 2025 Actual Achieve ment (Provisio nal)
2026-01,Performance Review,2025-26,Review Report Jan26.pdf,50,Strengthening of existing weak pavement (Kms.),achievement,2025-01,cumulative,302.66,Kms,302.66,"April,20 24- January 2025 Actual Achievement (Provisional)"
2026-01,Performance Review,2025-26,Review Report Jan26.pdf,21,Strengthening of existing weak pavement (Kms.),growth_pct,2025-01,cumulative,-87.69,Kms,-87.69,Annexure - A Infrastructure Sector Performance during January 2025 and April-January FY 25-26 & FY 24-25 During January Growth % Y-o-Y (FY 25-26 w.r.t FY 24-25)
2026-01,Performance Review,2025-26,Review Report Jan26.pdf,21,Strengthening of existing weak pavement (Kms.),growth_pct,2025-01,cumulative,-55.4,Kms,-55.40,Annexure - A Infrastructure Sector Performance during January 2025 and April-January FY 25-26 & FY 24-25 During April 2025-March 2026 (Cumulative) Cumulative Growth % (FY 25-26 w.r.t FY 24-25)
2026-01,Performance Review,2025-26,Review Report Jan26.pdf,50,Strengthening of existing weak pavement (Kms.),variation_pct,2025-01,monthly,-87.69,Kms,-87.69,% Variation Over Actual January 2025
2026-01,Performance Review,2025-26,Review Report Jan26.pdf,21,Thermal Generation,achievement,2025-01,cumulative,116.086,,116.086,Annexure - A Infrastructure Sector Performance during January 2025 and April-January FY 25-26 & FY 24-25 During January Production J a nuary FY 25-26
2026-01,Performance Review,2025-26,Review Report Jan26.pdf,21,Thermal Generation,achievement,2025-01,cumulative,1079.912,,1079.912,Annexure - A Infrastructure Sector Performance during January 2025 and April-January FY 25-26 & FY 24-25 During April 2025-March 2026 (Cumulative) Production upto January FY 25-26
2026-01,Performance Review,2025-26,Review Report Jan26.pdf,21,Thermal Generation,achievement,2025-01,cumulative,1130.135,,1130.135,Annexure - A Infrastructure Sector Performance during January 2025 and April-January FY 25-26 & FY 24-25 During April 2025-March 2026 (Cumulative) Production upto January FY 24-25
2026-01,Performance Review,2025-26,Review Report Jan26.pdf,21,Thermal Generation,achievement_pct,2025-01,cumulative,91.11,,91.11,Annexure - A Infrastructure Sector Performance during January 2025 and April-January FY 25-26 & FY 24-25 During January Achievement ( % of Target )
2026-01,Performance Review,2025-26,Review Report Jan26.pdf,21,Thermal Generation,achievement_pct,2025-01,cumulative,86.56,,86.56,Annexure - A Infrastructure Sector Performance during January 2025 and April-January FY 25-26 & FY 24-25 During April 2025-March 2026 (Cumulative) Achievem ent ( % of Target )
2026-01,Performance Review,2025-26,Review Report Jan26.pdf,21,Thermal Generation,growth_pct,2025-01,cumulative,1.86,,1.86,Annexure - A Infrastructure Sector Performance during January 2025 and April-January FY 25-26 & FY 24-25 During January Growth % Y-o-Y (FY 25-26 w.r.t FY 24-25)
2026-01,Performance Review,2025-26,Review Report Jan26.pdf,21,Thermal Generation,growth_pct,2025-01,cumulative,-4.44,,-4.44,Annexure - A Infrastructure Sector Performance during January 2025 and April-January FY 25-26 & FY 24-25 During April 2025-March 2026 (Cumulative) Cumulative Growth % (FY 25-26 w.r.t FY 24-25)
2026-01,Performance Review,2025-26,Review Report Jan26.pdf,21,Thermal Generation,target,2025-01,cumulative,127.411,,127.411,Annexure - A Infrastructure Sector Performance during January 2025 and April-January FY 25-26 & FY 24-25 During January Target January FY 25-26
2026-01,Performance Review,2025-26,Review Report Jan26.pdf,21,Thermal Generation,target,2025-01,cumulative,1247.626,,1247.626,Annexure - A Infrastructure Sector Performance during January 2025 and April-January FY 25-26 & FY 24-25 During April 2025-March 2026 (Cumulative) Target upto January FY 25-26
2026-01,Performance Review,2025-26,Review Report Jan26.pdf,21,Widening to four/six/eight lanes (Kms.),achievement,2025-01,cumulative,73.0,Kms,73.000,Annexure - A Infrastructure Sector Performance during January 2025 and April-January FY 25-26 & FY 24-25 During January Production J a nuary FY 25-26
2026-01,Performance Review,2025-26,Review Report Jan26.pdf,21,Widening to four/six/eight lanes (Kms.),achievement,2025-01,cumulative,411.0,Kms,411.000,Annexure - A Infrastructure Sector Performance during January 2025 and April-January FY 25-26 & FY 24-25 During April 2025-March 2026 (Cumulative) Production upto January FY 25-26
2026-01,Performance Review,2025-26,Review Report Jan26.pdf,21,Widening to four/six/eight lanes (Kms.),achievement,2025-01,cumulative,532.88,Kms,532.880,Annexure - A Infrastructure Sector Performance during January 2025 and April-January FY 25-26 & FY 24-25 During April 2025-March 2026 (Cumulative) Production upto January FY 24-25
2026-01,Performance Review,2025-26,Review Report Jan26.pdf,50,Widening to four/six/eight lanes (Kms.),achievement,2025-01,monthly,81.64,Kms,81.64,January 2025 Actual Achieve ment (Provisio nal)
2026-01,Performance Review,2025-26,Review Report Jan26.pdf,50,Widening to four/six/eight lanes (Kms.),achievement,2025-01,cumulative,532.88,Kms,532.88,"April,20 24- January 2025 Actual Achievement (Provisional)"
2026-01,Performance Review,2025-26,Review Report Jan26.pdf,21,Widening to four/six/eight lanes (Kms.),growth_pct,2025-01,cumulative,-10.58,Kms,-10.58,Annexure - A Infrastructure Sector Performance during January 2025 and April-January FY 25-26 & FY 24-25 During January Growth % Y-o-Y (FY 25-26 w.r.t FY 24-25)
2026-01,Performance Review,2025-26,Review Report Jan26.pdf,21,Widening to four/six/eight lanes (Kms.),growth_pct,2025-01,cumulative,-22.87,Kms,-22.87,Annexure - A Infrastructure Sector Performance during January 2025 and April-January FY 25-26 & FY 24-25 During April 2025-March 2026 (Cumulative) Cumulative Growth % (FY 25-26 w.r.t FY 24-25)
2026-01,Performance Review,2025-26,Review Report Jan26.pdf,21,Widening to four/six/eight lanes (Kms.),target,2025-01,cumulative,386.0,Kms,386.000,Annexure - A Infrastructure Sector Performance during January 2025 and April-January FY 25-26 & FY 24-25 During January Target January FY 25-26
2026-01,Performance Review,2025-26,Review Report Jan26.pdf,21,Widening to four/six/eight lanes (Kms.),target,2025-01,cumulative,2794.0,Kms,2794.000,Annexure - A Infrastructure Sector Performance during January 2025 and April-January FY 25-26 & FY 24-25 During April 2025-March 2026 (Cumulative) Target upto January FY 25-26
2026-01,Performance Review,2025-26,Review Report Jan26.pdf,50,Widening to four/six/eight lanes (Kms.),variation_pct,2025-01,monthly,-10.58,Kms,-10.58,% Variation Over Actual January 2025
2026-01,Performance Review,2025-26,Review Report Jan26.pdf,21,Widening to two lanes (Kms.),achievement,2025-01,cumulative,277.0,Kms,277.000,Annexure - A Infrastructure Sector Performance during January 2025 and April-January FY 25-26 & FY 24-25 During January Production J a nuary FY 25-26
2026-01,Performance Review,2025-26,Review Report Jan26.pdf,21,Widening to two lanes (Kms.),achievement,2025-01,cumulative,1745.0,Kms,1745.000,Annexure - A Infrastructure Sector Performance during January 2025 and April-January FY 25-26 & FY 24-25 During April 2025-March 2026 (Cumulative) Production upto January FY 25-26
2026-01,Performance Review,2025-26,Review Report Jan26.pdf,21,Widening to two lanes (Kms.),achievement,2025-01,cumulative,1977.77,Kms,1977.770,Annexure - A Infrastructure Sector Performance during January 2025 and April-January FY 25-26 & FY 24-25 During April 2025-March 2026 (Cumulative) Production upto January FY 24-25
2026-01,Performance Review,2025-26,Review Report Jan26.pdf,50,Widening to two lanes (Kms.),achievement,2025-01,monthly,231.93,Kms,231.93,January 2025 Actual Achieve ment (Provisio nal)
2026-01,Performance Review,2025-26,Review Report Jan26.pdf,50,Widening to two lanes (Kms.),achievement,2025-01,cumulative,1977.77,Kms,1977.77,"April,20 24- January 2025 Actual Achievement (Provisional)"
2026-01,Performance Review,2025-26,Review Report Jan26.pdf,21,Widening to two lanes (Kms.),growth_pct,2025-01,cumulative,19.43,Kms,19.43,Annexure - A Infrastructure Sector Performance during January 2025 and April-January FY 25-26 & FY 24-25 During January Growth % Y-o-Y (FY 25-26 w.r.t FY 24-25)
2026-01,Performance Review,2025-26,Review Report Jan26.pdf,21,Widening to two lanes (Kms.),growth_pct,2025-01,cumulative,-11.77,Kms,-11.77,Annexure - A Infrastructure Sector Performance during January 2025 and April-January FY 25-26 & FY 24-25 During April 2025-March 2026 (Cumulative) Cumulative Growth % (FY 25-26 w.r.t FY 24-25)
2026-01,Performance Review,2025-26,Review Report Jan26.pdf,50,Widening to two lanes (Kms.),variation_pct,2025-01,monthly,19.43,Kms,19.43,% Variation Over Actual January 2025
2026-01,Performance Review,2025-26,Review Report Jan26.pdf,49,Widening/ Strengthening/ existing weak pavement to four/six/eight lanes (Kms.),achievement,2025-01,monthly,645.0,Kms,645.00,January 2025 Actual Achieve ment (Provisio nal)
2026-01,Performance Review,2025-26,Review Report Jan26.pdf,49,Widening/ Strengthening/ existing weak pavement to four/six/eight lanes (Kms.),achievement,2025-01,cumulative,3734.0,Kms,3734.00,"April,20 24- January 2025 Actual Achievement (Provisional)"
2026-01,Performance Review,2025-26,Review Report Jan26.pdf,49,Widening/ Strengthening/ existing weak pavement to four/six/eight lanes (Kms.),variation_pct,2025-01,monthly,-36.43,Kms,-36.43,% Variation Over Actual January 2025
2026-01,Performance Review,2025-26,Review Report Jan26.pdf,21,i) Coal handled at major ports (MT),achievement,2025-01,cumulative,17.002,MT,17.002,Annexure - A Infrastructure Sector Performance during January 2025 and April-January FY 25-26 & FY 24-25 During January Production J a nuary FY 25-26
2026-01,Performance Review,2025-26,Review Report Jan26.pdf,21,i) Coal handled at major ports (MT),achievement,2025-01,cumulative,161.062,MT,161.062,Annexure - A Infrastructure Sector Performance during January 2025 and April-January FY 25-26 & FY 24-25 During April 2025-March 2026 (Cumulative) Production upto January FY 25-26
2026-01,Performance Review,2025-26,Review Report Jan26.pdf,21,i) Coal handled at major ports (MT),achievement,2025-01,cumulative,155.194,MT,155.194,Annexure - A Infrastructure Sector Performance during January 2025 and April-January FY 25-26 & FY 24-25 During April 2025-March 2026 (Cumulative) Production upto January FY 24-25
2026-01,Performance Review,2025-26,Review Report Jan26.pdf,21,i) Coal handled at major ports (MT),growth_pct,2025-01,cumulative,-0.05,MT,-0.05,Annexure - A Infrastructure Sector Performance during January 2025 and April-January FY 25-26 & FY 24-25 During January Growth % Y-o-Y (FY 25-26 w.r.t FY 24-25)
2026-01,Performance Review,2025-26,Review Report Jan26.pdf,21,i) Coal handled at major ports (MT),growth_pct,2025-01,cumulative,3.78,MT,3.78,Annexure - A Infrastructure Sector Performance during January 2025 and April-January FY 25-26 & FY 24-25 During April 2025-March 2026 (Cumulative) Cumulative Growth % (FY 25-26 w.r.t FY 24-25)
2026-01,Performance Review,2025-26,Review Report Jan26.pdf,21,i) Crude Oil Prod. (MMT),achievement,2025-01,cumulative,2.329,MMT,2.329,Annexure - A Infrastructure Sector Performance during January 2025 and April-January FY 25-26 & FY 24-25 During January Production J a nuary FY 25-26
2026-01,Performance Review,2025-26,Review Report Jan26.pdf,21,i) Crude Oil Prod. (MMT),achievement,2025-01,cumulative,23.506,MMT,23.506,Annexure - A Infrastructure Sector Performance during January 2025 and April-January FY 25-26 & FY 24-25 During April 2025-March 2026 (Cumulative) Production upto January FY 25-26
2026-01,Performance Review,2025-26,Review Report Jan26.pdf,21,i) Crude Oil Prod. (MMT),achievement,2025-01,cumulative,24.032,MMT,24.032,Annexure - A Infrastructure Sector Performance during January 2025 and April-January FY 25-26 & FY 24-25 During April 2025-March 2026 (Cumulative) Production upto January FY 24-25
2026-01,Performance Review,2025-26,Review Report Jan26.pdf,21,i) Crude Oil Prod. (MMT),achievement_pct,2025-01,cumulative,86.09,MMT,86.09,Annexure - A Infrastructure Sector Performance during January 2025 and April-January FY 25-26 & FY 24-25 During January Achievement ( % of Target )
2026-01,Performance Review,2025-26,Review Report Jan26.pdf,21,i) Crude Oil Prod. (MMT),achievement_pct,2025-01,cumulative,89.46,MMT,89.46,Annexure - A Infrastructure Sector Performance during January 2025 and April-January FY 25-26 & FY 24-25 During April 2025-March 2026 (Cumulative) Achievem ent ( % of Target )
2026-01,Performance Review,2025-26,Review Report Jan26.pdf,21,i) Crude Oil Prod. (MMT),growth_pct,2025-01,cumulative,-5.76,MMT,-5.76,Annexure - A Infrastructure Sector Performance during January 2025 and April-January FY 25-26 & FY 24-25 During January Growth % Y-o-Y (FY 25-26 w.r.t FY 24-25)
2026-01,Performance Review,2025-26,Review Report Jan26.pdf,21,i) Crude Oil Prod. (MMT),growth_pct,2025-01,cumulative,-2.19,MMT,-2.19,Annexure - A Infrastructure Sector Performance during January 2025 and April-January FY 25-26 & FY 24-25 During April 2025-March 2026 (Cumulative) Cumulative Growth % (FY 25-26 w.r.t FY 24-25)
2026-01,Performance Review,2025-26,Review Report Jan26.pdf,21,i) Crude Oil Prod. (MMT),target,2025-01,cumulative,2.705,MMT,2.705,Annexure - A Infrastructure Sector Performance during January 2025 and April-January FY 25-26 & FY 24-25 During January Target January FY 25-26
2026-01,Performance Review,2025-26,Review Report Jan26.pdf,21,i) Crude Oil Prod. (MMT),target,2025-01,cumulative,26.274,MMT,26.274,Annexure - A Infrastructure Sector Performance during January 2025 and April-January FY 25-26 & FY 24-25 During April 2025-March 2026 (Cumulative) Target upto January FY 25-26
2026-01,Performance Review,2025-26,Review Report Jan26.pdf,21,i) Export Cargo,achievement,2025-01,cumulative,1090318.0,,1090318,Annexure - A Infrastructure Sector Performance during January 2025 and April-January FY 25-26 & FY 24-25 During April 2025-March 2026 (Cumulative) Production upto January FY 24-25
2026-01,Performance Review,2025-26,Review Report Jan26.pdf,21,i) International Terminals,achievement,2025-01,cumulative,7760193.0,,7760193,Annexure - A Infrastructure Sector Performance during January 2025 and April-January FY 25-26 & FY 24-25 During January Production J a nuary FY 25-26
2026-01,Performance Review,2025-26,Review Report Jan26.pdf,21,i) International Terminals,achievement,2025-01,cumulative,68712133.0,,68712133,Annexure - A Infrastructure Sector Performance during January 2025 and April-January FY 25-26 & FY 24-25 During April 2025-March 2026 (Cumulative) Production upto January FY 25-26
2026-01,Performance Review,2025-26,Review Report Jan26.pdf,21,i) International Terminals,achievement,2025-01,cumulative,64120291.0,,64120291,Annexure - A Infrastructure Sector Performance during January 2025 and April-January FY 25-26 & FY 24-25 During April 2025-March 2026 (Cumulative) Production upto January FY 24-25
2026-01,Performance Review,2025-26,Review Report Jan26.pdf,21,i) International Terminals,achievement_pct,2025-01,cumulative,98.29,,98.29,Annexure - A Infrastructure Sector Performance during January 2025 and April-January FY 25-26 & FY 24-25 During January Achievement ( % of Target )
2026-01,Performance Review,2025-26,Review Report Jan26.pdf,21,i) International Terminals,achievement_pct,2025-01,cumulative,98.31,,98.31,Annexure - A Infrastructure Sector Performance during January 2025 and April-January FY 25-26 & FY 24-25 During April 2025-March 2026 (Cumulative) Achievem ent ( % of Target )
2026-01,Performance Review,2025-26,Review Report Jan26.pdf,21,i) International Terminals,growth_pct,2025-01,cumulative,7.14,,7.14,Annexure - A Infrastructure Sector Performance during January 2025 and April-January FY 25-26 & FY 24-25 During January Growth % Y-o-Y (FY 25-26 w.r.t FY 24-25)
2026-01,Performance Review,2025-26,Review Report Jan26.pdf,21,i) International Terminals,growth_pct,2025-01,cumulative,7.16,,7.16,Annexure - A Infrastructure Sector Performance during January 2025 and April-January FY 25-26 & FY 24-25 During April 2025-March 2026 (Cumulative) Cumulative Growth % (FY 25-26 w.r.t FY 24-25)
2026-01,Performance Review,2025-26,Review Report Jan26.pdf,21,i) International Terminals,target,2025-01,cumulative,7895071.0,,7895071,Annexure - A Infrastructure Sector Performance during January 2025 and April-January FY 25-26 & FY 24-25 During January Target January FY 25-26
2026-01,Performance Review,2025-26,Review Report Jan26.pdf,21,i) International Terminals,target,2025-01,cumulative,69891117.0,,69891117,Annexure - A Infrastructure Sector Performance during January 2025 and April-January FY 25-26 & FY 24-25 During April 2025-March 2026 (Cumulative) Target upto January FY 25-26
2026-01,Performance Review,2025-26,Review Report Jan26.pdf,21,i) Large Plants,achievement,2025-01,cumulative,45.009,,45.009,Annexure - A Infrastructure Sector Performance during January 2025 and April-January FY 25-26 & FY 24-25 During January Production J a nuary FY 25-26
2026-01,Performance Review,2025-26,Review Report Jan26.pdf,21,i) Large Plants,achievement,2025-01,cumulative,383.267,,383.267,Annexure - A Infrastructure Sector Performance during January 2025 and April-January FY 25-26 & FY 24-25 During April 2025-March 2026 (Cumulative) Production upto January FY 25-26
2026-01,Performance Review,2025-26,Review Report Jan26.pdf,21,i) Large Plants,achievement,2025-01,cumulative,350.659,,350.659,Annexure - A Infrastructure Sector Performance during January 2025 and April-January FY 25-26 & FY 24-25 During April 2025-March 2026 (Cumulative) Production upto January FY 24-25
2026-01,Performance Review,2025-26,Review Report Jan26.pdf,21,i) Large Plants,growth_pct,2025-01,cumulative,11.1,,11.10,Annexure - A Infrastructure Sector Performance during January 2025 and April-January FY 25-26 & FY 24-25 During January Growth % Y-o-Y (FY 25-26 w.r.t FY 24-25)
2026-01,Performance Review,2025-26,Review Report Jan26.pdf,21,i) Large Plants,growth_pct,2025-01,cumulative,9.3,,9.30,Annexure - A Infrastructure Sector Performance during January 2025 and April-January FY 25-26 & FY 24-25 During April 2025-March 2026 (Cumulative) Cumulative Growth % (FY 25-26 w.r.t FY 24-25)
2026-01,Performance Review,2025-26,Review Report Jan26.pdf,21,i) Nitrogen,achievement,2025-01,cumulative,1514.0,,1514.00,Annexure - A Infrastructure Sector Performance during January 2025 and April-January FY 25-26 & FY 24-25 During January Production J a nuary FY 25-26
2026-01,Performance Review,2025-26,Review Report Jan26.pdf,21,i) Nitrogen,achievement,2025-01,cumulative,14178.2,,14178.20,Annexure - A Infrastructure Sector Performance during January 2025 and April-January FY 25-26 & FY 24-25 During April 2025-March 2026 (Cumulative) Production upto January FY 25-26
2026-01,Performance Review,2025-26,Review Report Jan26.pdf,21,i) Nitrogen,achievement,2025-01,cumulative,14296.6,,14296.60,Annexure - A Infrastructure Sector Performance during January 2025 and April-January FY 25-26 & FY 24-25 During April 2025-March 2026 (Cumulative) Production upto January FY 24-25
2026-01,Performance Review,2025-26,Review Report Jan26.pdf,21,i) Nitrogen,achievement_pct,2025-01,cumulative,101.0,,101.00,Annexure - A Infrastructure Sector Performance during January 2025 and April-January FY 25-26 & FY 24-25 During January Achievement ( % of Target )
2026-01,Performance Review,2025-26,Review Report Jan26.pdf,21,i) Nitrogen,achievement_pct,2025-01,cumulative,100.1,,100.10,Annexure - A Infrastructure Sector Performance during January 2025 and April-January FY 25-26 & FY 24-25 During April 2025-March 2026 (Cumulative) Achievem ent ( % of Target )
2026-01,Performance Review,2025-26,Review Report Jan26.pdf,21,i) Nitrogen,growth_pct,2025-01,cumulative,2.12,,2.12,Annexure - A Infrastructure Sector Performance during January 2025 and April-January FY 25-26 & FY 24-25 During January Growth % Y-o-Y (FY 25-26 w.r.t FY 24-25)
2026-01,Performance Review,2025-26,Review Report Jan26.pdf,21,i) Nitrogen,growth_pct,2025-01,cumulative,-0.83,,-0.83,Annexure - A Infrastructure Sector Performance during January 2025 and April-January FY 25-26 & FY 24-25 During April 2025-March 2026 (Cumulative) Cumulative Growth % (FY 25-26 w.r.t FY 24-25)
2026-01,Performance Review,2025-26,Review Report Jan26.pdf,21,i) Nitrogen,target,2025-01,cumulative,1499.0,,1499.00,Annexure - A Infrastructure Sector Performance during January 2025 and April-January FY 25-26 & FY 24-25 During January Target January FY 25-26
2026-01,Performance Review,2025-26,Review Report Jan26.pdf,21,i) Nitrogen,target,2025-01,cumulative,14163.6,,14163.60,Annexure - A Infrastructure Sector Performance during January 2025 and April-January FY 25-26 & FY 24-25 During April 2025-March 2026 (Cumulative) Target upto January FY 25-26
2026-01,Performance Review,2025-26,Review Report Jan26.pdf,21,i) SAIL,achievement,2025-01,cumulative,1469.0,,1469.000,Annexure - A Infrastructure Sector Performance during January 2025 and April-January FY 25-26 & FY 24-25 During January Production J a nuary FY 25-26
2026-01,Performance Review,2025-26,Review Report Jan26.pdf,21,i) SAIL,achievement,2025-01,cumulative,14014.0,,14014.000,Annexure - A Infrastructure Sector Performance during January 2025 and April-January FY 25-26 & FY 24-25 During April 2025-March 2026 (Cumulative) Production upto January FY 25-26
2026-01,Performance Review,2025-26,Review Report Jan26.pdf,21,i) SAIL,achievement,2025-01,cumulative,13103.0,,13103.000,Annexure - A Infrastructure Sector Performance during January 2025 and April-January FY 25-26 & FY 24-25 During April 2025-March 2026 (Cumulative) Production upto January FY 24-25
2026-01,Performance Review,2025-26,Review Report Jan26.pdf,21,i) SAIL,growth_pct,2025-01,cumulative,2.73,,2.73,Annexure - A Infrastructure Sector Performance during January 2025 and April-January FY 25-26 & FY 24-25 During January Growth % Y-o-Y (FY 25-26 w.r.t FY 24-25)
2026-01,Performance Review,2025-26,Review Report Jan26.pdf,21,i) SAIL,growth_pct,2025-01,cumulative,6.95,,6.95,Annexure - A Infrastructure Sector Performance during January 2025 and April-January FY 25-26 & FY 24-25 During April 2025-March 2026 (Cumulative) Cumulative Growth % (FY 25-26 w.r.t FY 24-25)
2026-01,Performance Review,2025-26,Review Report Jan26.pdf,21,i) SAIL,target,2025-01,cumulative,1598.0,,1598.000,Annexure - A Infrastructure Sector Performance during January 2025 and April-January FY 25-26 & FY 24-25 During January Target January FY 25-26
2026-01,Performance Review,2025-26,Review Report Jan26.pdf,21,i) SAIL,target,2025-01,cumulative,14915.0,,14915.000,Annexure - A Infrastructure Sector Performance during January 2025 and April-January FY 25-26 & FY 24-25 During April 2025-March 2026 (Cumulative) Target upto January FY 25-26
2026-01,Performance Review,2025-26,Review Report Jan26.pdf,21,i) Wired Subscribers,achievement,2025-01,cumulative,45.29,,45.290,Annexure - A Infrastructure Sector Performance during January 2025 and April-January FY 25-26 & FY 24-25 During January Production J a nuary FY 25-26
2026-01,Performance Review,2025-26,Review Report Jan26.pdf,21,i) Wired Subscribers,growth_pct,2025-01,cumulative,9.95,,9.95,Annexure - A Infrastructure Sector Performance during January 2025 and April-January FY 25-26 & FY 24-25 During January Growth % Y-o-Y (FY 25-26 w.r.t FY 24-25)
2026-01,Performance Review,2025-26,Review Report Jan26.pdf,21,ii) AMNS GROUP,achievement,2025-01,cumulative,688.0,,688.000,Annexure - A Infrastructure Sector Performance during January 2025 and April-January FY 25-26 & FY 24-25 During January Production J a nuary FY 25-26
2026-01,Performance Review,2025-26,Review Report Jan26.pdf,21,ii) AMNS GROUP,achievement,2025-01,cumulative,6567.0,,6567.000,Annexure - A Infrastructure Sector Performance during January 2025 and April-January FY 25-26 & FY 24-25 During April 2025-March 2026 (Cumulative) Production upto January FY 25-26
2026-01,Performance Review,2025-26,Review Report Jan26.pdf,21,ii) AMNS GROUP,achievement,2025-01,cumulative,6165.0,,6165.000,Annexure - A Infrastructure Sector Performance during January 2025 and April-January FY 25-26 & FY 24-25 During April 2025-March 2026 (Cumulative) Production upto January FY 24-25
2026-01,Performance Review,2025-26,Review Report Jan26.pdf,21,ii) AMNS GROUP,growth_pct,2025-01,cumulative,16.61,,16.61,Annexure - A Infrastructure Sector Performance during January 2025 and April-January FY 25-26 & FY 24-25 During January Growth % Y-o-Y (FY 25-26 w.r.t FY 24-25)
2026-01,Performance Review,2025-26,Review Report Jan26.pdf,21,ii) AMNS GROUP,growth_pct,2025-01,cumulative,6.52,,6.52,Annexure - A Infrastructure Sector Performance during January 2025 and April-January FY 25-26 & FY 24-25 During April 2025-March 2026 (Cumulative) Cumulative Growth % (FY 25-26 w.r.t FY 24-25)
2026-01,Performance Review,2025-26,Review Report Jan26.pdf,21,ii) Crude Oil Processed (MMT),achievement,2025-01,cumulative,23.683,MMT,23.683,Annexure - A Infrastructure Sector Performance during January 2025 and April-January FY 25-26 & FY 24-25 During January Production J a nuary FY 25-26
2026-01,Performance Review,2025-26,Review Report Jan26.pdf,21,ii) Crude Oil Processed (MMT),achievement,2025-01,cumulative,226.078,MMT,226.078,Annexure - A Infrastructure Sector Performance during January 2025 and April-January FY 25-26 & FY 24-25 During April 2025-March 2026 (Cumulative) Production upto January FY 25-26
2026-01,Performance Review,2025-26,Review Report Jan26.pdf,21,ii) Crude Oil Processed (MMT),achievement,2025-01,cumulative,222.904,MMT,222.904,Annexure - A Infrastructure Sector Performance during January 2025 and April-January FY 25-26 & FY 24-25 During April 2025-March 2026 (Cumulative) Production upto January FY 24-25
2026-01,Performance Review,2025-26,Review Report Jan26.pdf,21,ii) Crude Oil Processed (MMT),achievement_pct,2025-01,cumulative,103.62,MMT,103.62,Annexure - A Infrastructure Sector Performance during January 2025 and April-January FY 25-26 & FY 24-25 During January Achievement ( % of Target )
2026-01,Performance Review,2025-26,Review Report Jan26.pdf,21,ii) Crude Oil Processed (MMT),achievement_pct,2025-01,cumulative,100.01,MMT,100.01,Annexure - A Infrastructure Sector Performance during January 2025 and April-January FY 25-26 & FY 24-25 During April 2025-March 2026 (Cumulative) Achievem ent ( % of Target )
2026-01,Performance Review,2025-26,Review Report Jan26.pdf,21,ii) Crude Oil Processed (MMT),growth_pct,2025-01,cumulative,-0.4,MMT,-0.40,Annexure - A Infrastructure Sector Performance during January 2025 and April-January FY 25-26 & FY 24-25 During January Growth % Y-o-Y (FY 25-26 w.r.t FY 24-25)
2026-01,Performance Review,2025-26,Review Report Jan26.pdf,21,ii) Crude Oil Processed (MMT),growth_pct,2025-01,cumulative,1.42,MMT,1.42,Annexure - A Infrastructure Sector Performance during January 2025 and April-January FY 25-26 & FY 24-25 During April 2025-March 2026 (Cumulative) Cumulative Growth % (FY 25-26 w.r.t FY 24-25)
2026-01,Performance Review,2025-26,Review Report Jan26.pdf,21,ii) Crude Oil Processed (MMT),target,2025-01,cumulative,22.857,MMT,22.857,Annexure - A Infrastructure Sector Performance during January 2025 and April-January FY 25-26 & FY 24-25 During January Target January FY 25-26
2026-01,Performance Review,2025-26,Review Report Jan26.pdf,21,ii) Crude Oil Processed (MMT),target,2025-01,cumulative,226.053,MMT,226.053,Annexure - A Infrastructure Sector Performance during January 2025 and April-January FY 25-26 & FY 24-25 During April 2025-March 2026 (Cumulative) Target upto January FY 25-26
2026-01,Performance Review,2025-26,Review Report Jan26.pdf,21,ii) Domestic Terminals,achievement,2025-01,cumulative,30874472.0,,30874472,Annexure - A Infrastructure Sector Performance during January 2025 and April-January FY 25-26 & FY 24-25 During January Production J a nuary FY 25-26
2026-01,Performance Review,2025-26,Review Report Jan26.pdf,21,ii) Domestic Terminals,achievement,2025-01,cumulative,281784174.0,,281784174,Annexure - A Infrastructure Sector Performance during January 2025 and April-January FY 25-26 & FY 24-25 During April 2025-March 2026 (Cumulative) Production upto January FY 25-26
2026-01,Performance Review,2025-26,Review Report Jan26.pdf,21,ii) Domestic Terminals,achievement,2025-01,cumulative,276646831.0,,276646831,Annexure - A Infrastructure Sector Performance during January 2025 and April-January FY 25-26 & FY 24-25 During April 2025-March 2026 (Cumulative) Production upto January FY 24-25
2026-01,Performance Review,2025-26,Review Report Jan26.pdf,21,ii) Domestic Terminals,achievement_pct,2025-01,cumulative,94.76,,94.76,Annexure - A Infrastructure Sector Performance during January 2025 and April-January FY 25-26 & FY 24-25 During January Achievement ( % of Target )
2026-01,Performance Review,2025-26,Review Report Jan26.pdf,21,ii) Domestic Terminals,achievement_pct,2025-01,cumulative,93.44,,93.44,Annexure - A Infrastructure Sector Performance during January 2025 and April-January FY 25-26 & FY 24-25 During April 2025-March 2026 (Cumulative) Achievem ent ( % of Target )
2026-01,Performance Review,2025-26,Review Report Jan26.pdf,21,ii) Domestic Terminals,growth_pct,2025-01,cumulative,3.29,,3.29,Annexure - A Infrastructure Sector Performance during January 2025 and April-January FY 25-26 & FY 24-25 During January Growth % Y-o-Y (FY 25-26 w.r.t FY 24-25)
2026-01,Performance Review,2025-26,Review Report Jan26.pdf,21,ii) Domestic Terminals,growth_pct,2025-01,cumulative,1.86,,1.86,Annexure - A Infrastructure Sector Performance during January 2025 and April-January FY 25-26 & FY 24-25 During April 2025-March 2026 (Cumulative) Cumulative Growth % (FY 25-26 w.r.t FY 24-25)
2026-01,Performance Review,2025-26,Review Report Jan26.pdf,21,ii) Domestic Terminals,target,2025-01,cumulative,32583463.0,,32583463,Annexure - A Infrastructure Sector Performance during January 2025 and April-January FY 25-26 & FY 24-25 During January Target January FY 25-26
2026-01,Performance Review,2025-26,Review Report Jan26.pdf,21,ii) Domestic Terminals,target,2025-01,cumulative,301559377.0,,301559377,Annexure - A Infrastructure Sector Performance during January 2025 and April-January FY 25-26 & FY 24-25 During April 2025-March 2026 (Cumulative) Target upto January FY 25-26
2026-01,Performance Review,2025-26,Review Report Jan26.pdf,21,ii) Import Cargo,achievement,2025-01,cumulative,838353.0,,838353,Annexure - A Infrastructure Sector Performance during January 2025 and April-January FY 25-26 & FY 24-25 During April 2025-March 2026 (Cumulative) Production upto January FY 24-25
2026-01,Performance Review,2025-26,Review Report Jan26.pdf,21,ii) Mini Plants,achievement,2025-01,cumulative,1.484,,1.484,Annexure - A Infrastructure Sector Performance during January 2025 and April-January FY 25-26 & FY 24-25 During January Production J a nuary FY 25-26
2026-01,Performance Review,2025-26,Review Report Jan26.pdf,21,ii) Mini Plants,achievement,2025-01,cumulative,14.529,,14.529,Annexure - A Infrastructure Sector Performance during January 2025 and April-January FY 25-26 & FY 24-25 During April 2025-March 2026 (Cumulative) Production upto January FY 25-26
2026-01,Performance Review,2025-26,Review Report Jan26.pdf,21,ii) Mini Plants,achievement,2025-01,cumulative,14.931,,14.931,Annexure - A Infrastructure Sector Performance during January 2025 and April-January FY 25-26 & FY 24-25 During April 2025-March 2026 (Cumulative) Production upto January FY 24-25
2026-01,Performance Review,2025-26,Review Report Jan26.pdf,21,ii) Mini Plants,growth_pct,2025-01,cumulative,-5.78,,-5.78,Annexure - A Infrastructure Sector Performance during January 2025 and April-January FY 25-26 & FY 24-25 During January Growth % Y-o-Y (FY 25-26 w.r.t FY 24-25)
2026-01,Performance Review,2025-26,Review Report Jan26.pdf,21,ii) Mini Plants,growth_pct,2025-01,cumulative,-2.69,,-2.69,Annexure - A Infrastructure Sector Performance during January 2025 and April-January FY 25-26 & FY 24-25 During April 2025-March 2026 (Cumulative) Cumulative Growth % (FY 25-26 w.r.t FY 24-25)
2026-01,Performance Review,2025-26,Review Report Jan26.pdf,21,ii) POL Crude handled at major ports (Tonnes),achievement,2025-01,cumulative,15395652.0,Tonnes,15395652,Annexure - A Infrastructure Sector Performance during January 2025 and April-January FY 25-26 & FY 24-25 During January Production J a nuary FY 25-26
2026-01,Performance Review,2025-26,Review Report Jan26.pdf,21,ii) POL Crude handled at major ports (Tonnes),achievement,2025-01,cumulative,149752105.0,Tonnes,149752105,Annexure - A Infrastructure Sector Performance during January 2025 and April-January FY 25-26 & FY 24-25 During April 2025-March 2026 (Cumulative) Production upto January FY 25-26
2026-01,Performance Review,2025-26,Review Report Jan26.pdf,21,ii) POL Crude handled at major ports (Tonnes),achievement,2025-01,cumulative,139086351.0,Tonnes,139086351,Annexure - A Infrastructure Sector Performance during January 2025 and April-January FY 25-26 & FY 24-25 During April 2025-March 2026 (Cumulative) Production upto January FY 24-25
2026-01,Performance Review,2025-26,Review Report Jan26.pdf,21,ii) POL Crude handled at major ports (Tonnes),growth_pct,2025-01,cumulative,2.46,Tonnes,2.46,Annexure - A Infrastructure Sector Performance during January 2025 and April-January FY 25-26 & FY 24-25 During January Growth % Y-o-Y (FY 25-26 w.r.t FY 24-25)
2026-01,Performance Review,2025-26,Review Report Jan26.pdf,21,ii) POL Crude handled at major ports (Tonnes),growth_pct,2025-01,cumulative,7.67,Tonnes,7.67,Annexure - A Infrastructure Sector Performance during January 2025 and April-January FY 25-26 & FY 24-25 During April 2025-March 2026 (Cumulative) Cumulative Growth % (FY 25-26 w.r.t FY 24-25)
2026-01,Performance Review,2025-26,Review Report Jan26.pdf,21,ii) Phosphate,achievement,2025-01,cumulative,480.9,,480.90,Annexure - A Infrastructure Sector Performance during January 2025 and April-January FY 25-26 & FY 24-25 During January Production J a nuary FY 25-26
2026-01,Performance Review,2025-26,Review Report Jan26.pdf,21,ii) Phosphate,achievement,2025-01,cumulative,4615.2,,4615.20,Annexure - A Infrastructure Sector Performance during January 2025 and April-January FY 25-26 & FY 24-25 During April 2025-March 2026 (Cumulative) Production upto January FY 25-26
2026-01,Performance Review,2025-26,Review Report Jan26.pdf,21,ii) Phosphate,achievement,2025-01,cumulative,4378.3,,4378.30,Annexure - A Infrastructure Sector Performance during January 2025 and April-January FY 25-26 & FY 24-25 During April 2025-March 2026 (Cumulative) Production upto January FY 24-25
2026-01,Performance Review,2025-26,Review Report Jan26.pdf,21,ii) Phosphate,achievement_pct,2025-01,cumulative,89.64,,89.64,Annexure - A Infrastructure Sector Performance during January 2025 and April-January FY 25-26 & FY 24-25 During January Achievement ( % of Target )
2026-01,Performance Review,2025-26,Review Report Jan26.pdf,21,ii) Phosphate,achievement_pct,2025-01,cumulative,87.2,,87.20,Annexure - A Infrastructure Sector Performance during January 2025 and April-January FY 25-26 & FY 24-25 During April 2025-March 2026 (Cumulative) Achievem ent ( % of Target )
2026-01,Performance Review,2025-26,Review Report Jan26.pdf,21,ii) Phosphate,growth_pct,2025-01,cumulative,10.3,,10.30,Annexure - A Infrastructure Sector Performance during January 2025 and April-January FY 25-26 & FY 24-25 During January Growth % Y-o-Y (FY 25-26 w.r.t FY 24-25)
2026-01,Performance Review,2025-26,Review Report Jan26.pdf,21,ii) Phosphate,growth_pct,2025-01,cumulative,5.41,,5.41,Annexure - A Infrastructure Sector Performance during January 2025 and April-January FY 25-26 & FY 24-25 During April 2025-March 2026 (Cumulative) Cumulative Growth % (FY 25-26 w.r.t FY 24-25)
2026-01,Performance Review,2025-26,Review Report Jan26.pdf,21,ii) Phosphate,target,2025-01,cumulative,536.5,,536.50,Annexure - A Infrastructure Sector Performance during January 2025 and April-January FY 25-26 & FY 24-25 During January Target January FY 25-26
2026-01,Performance Review,2025-26,Review Report Jan26.pdf,21,ii) Phosphate,target,2025-01,cumulative,5292.5,,5292.50,Annexure - A Infrastructure Sector Performance during January 2025 and April-January FY 25-26 & FY 24-25 During April 2025-March 2026 (Cumulative) Target upto January FY 25-26
2026-01,Performance Review,2025-26,Review Report Jan26.pdf,21,ii) Wireless Subscribers,achievement,2025-01,cumulative,962.07,,962.070,Annexure - A Infrastructure Sector Performance during January 2025 and April-January FY 25-26 & FY 24-25 During January Production J a nuary FY 25-26
2026-01,Performance Review,2025-26,Review Report Jan26.pdf,21,ii) Wireless Subscribers,growth_pct,2025-01,cumulative,6.45,,6.45,Annexure - A Infrastructure Sector Performance during January 2025 and April-January FY 25-26 & FY 24-25 During January Growth % Y-o-Y (FY 25-26 w.r.t FY 24-25)
2026-01,Performance Review,2025-26,Review Report Jan26.pdf,21,iii) Container handled at major ports (Tonnes),achievement,2025-01,cumulative,18616274.0,Tonnes,18616274,Annexure - A Infrastructure Sector Performance during January 2025 and April-January FY 25-26 & FY 24-25 During January Production J a nuary FY 25-26
2026-01,Performance Review,2025-26,Review Report Jan26.pdf,21,iii) Container handled at major ports (Tonnes),achievement,2025-01,cumulative,176265077.0,Tonnes,176265077,Annexure - A Infrastructure Sector Performance during January 2025 and April-January FY 25-26 & FY 24-25 During April 2025-March 2026 (Cumulative) Production upto January FY 25-26
2026-01,Performance Review,2025-26,Review Report Jan26.pdf,21,iii) Container handled at major ports (Tonnes),achievement,2025-01,cumulative,159840707.0,Tonnes,159840707,Annexure - A Infrastructure Sector Performance during January 2025 and April-January FY 25-26 & FY 24-25 During April 2025-March 2026 (Cumulative) Production upto January FY 24-25
2026-01,Performance Review,2025-26,Review Report Jan26.pdf,21,iii) Container handled at major ports (Tonnes),growth_pct,2025-01,cumulative,9.19,Tonnes,9.19,Annexure - A Infrastructure Sector Performance during January 2025 and April-January FY 25-26 & FY 24-25 During January Growth % Y-o-Y (FY 25-26 w.r.t FY 24-25)
2026-01,Performance Review,2025-26,Review Report Jan26.pdf,21,iii) Container handled at major ports (Tonnes),growth_pct,2025-01,cumulative,10.28,Tonnes,10.28,Annexure - A Infrastructure Sector Performance during January 2025 and April-January FY 25-26 & FY 24-25 During April 2025-March 2026 (Cumulative) Cumulative Growth % (FY 25-26 w.r.t FY 24-25)
2026-01,Performance Review,2025-26,Review Report Jan26.pdf,21,iii) Natural Gas Prod. (MCM),achievement,2025-01,cumulative,2907.27,MCM,2907.27,Annexure - A Infrastructure Sector Performance during January 2025 and April-January FY 25-26 & FY 24-25 During January Production J a nuary FY 25-26
2026-01,Performance Review,2025-26,Review Report Jan26.pdf,21,iii) Natural Gas Prod. (MCM),achievement,2025-01,cumulative,29255.6,MCM,29255.60,Annexure - A Infrastructure Sector Performance during January 2025 and April-January FY 25-26 & FY 24-25 During April 2025-March 2026 (Cumulative) Production upto January FY 25-26
2026-01,Performance Review,2025-26,Review Report Jan26.pdf,21,iii) Natural Gas Prod. (MCM),achievement,2025-01,cumulative,30369.04,MCM,30369.04,Annexure - A Infrastructure Sector Performance during January 2025 and April-January FY 25-26 & FY 24-25 During April 2025-March 2026 (Cumulative) Production upto January FY 24-25
2026-01,Performance Review,2025-26,Review Report Jan26.pdf,21,iii) Natural Gas Prod. (MCM),achievement_pct,2025-01,cumulative,92.89,MCM,92.89,Annexure - A Infrastructure Sector Performance during January 2025 and April-January FY 25-26 & FY 24-25 During January Achievement ( % of Target )
2026-01,Performance Review,2025-26,Review Report Jan26.pdf,21,iii) Natural Gas Prod. (MCM),achievement_pct,2025-01,cumulative,96.08,MCM,96.08,Annexure - A Infrastructure Sector Performance during January 2025 and April-January FY 25-26 & FY 24-25 During April 2025-March 2026 (Cumulative) Achievem ent ( % of Target )
2026-01,Performance Review,2025-26,Review Report Jan26.pdf,21,iii) Natural Gas Prod. (MCM),growth_pct,2025-01,cumulative,-5.19,MCM,-5.19,Annexure - A Infrastructure Sector Performance during January 2025 and April-January FY 25-26 & FY 24-25 During January Growth % Y-o-Y (FY 25-26 w.r.t FY 24-25)
2026-01,Performance Review,2025-26,Review Report Jan26.pdf,21,iii) Natural Gas Prod. (MCM),growth_pct,2025-01,cumulative,-3.67,MCM,-3.67,Annexure - A Infrastructure Sector Performance during January 2025 and April-January FY 25-26 & FY 24-25 During April 2025-March 2026 (Cumulative) Cumulative Growth % (FY 25-26 w.r.t FY 24-25)
2026-01,Performance Review,2025-26,Review Report Jan26.pdf,21,iii) Natural Gas Prod. (MCM),target,2025-01,cumulative,3129.7,MCM,3129.70,Annexure - A Infrastructure Sector Performance during January 2025 and April-January FY 25-26 & FY 24-25 During January Target January FY 25-26
2026-01,Performance Review,2025-26,Review Report Jan26.pdf,21,iii) Natural Gas Prod. (MCM),target,2025-01,cumulative,30450.13,MCM,30450.13,Annexure - A Infrastructure Sector Performance during January 2025 and April-January FY 25-26 & FY 24-25 During April 2025-March 2026 (Cumulative) Target upto January FY 25-26
2026-01,Performance Review,2025-26,Review Report Jan26.pdf,21,iii) TSL GROUP,achievement,2025-01,cumulative,2140.0,,2140.000,Annexure - A Infrastructure Sector Performance during January 2025 and April-January FY 25-26 & FY 24-25 During January Production J a nuary FY 25-26
2026-01,Performance Review,2025-26,Review Report Jan26.pdf,21,iii) TSL GROUP,achievement,2025-01,cumulative,19157.0,,19157.000,Annexure - A Infrastructure Sector Performance during January 2025 and April-January FY 25-26 & FY 24-25 During April 2025-March 2026 (Cumulative) Production upto January FY 25-26
2026-01,Performance Review,2025-26,Review Report Jan26.pdf,21,iii) TSL GROUP,achievement,2025-01,cumulative,17791.0,,17791.000,Annexure - A Infrastructure Sector Performance during January 2025 and April-January FY 25-26 & FY 24-25 During April 2025-March 2026 (Cumulative) Production upto January FY 24-25
2026-01,Performance Review,2025-26,Review Report Jan26.pdf,21,iii) TSL GROUP,achievement_pct,2025-01,cumulative,150.07,,150.07,Annexure - A Infrastructure Sector Performance during January 2025 and April-January FY 25-26 & FY 24-25 During January Achievement ( % of Target )
2026-01,Performance Review,2025-26,Review Report Jan26.pdf,21,iii) TSL GROUP,achievement_pct,2025-01,cumulative,144.42,,144.42,Annexure - A Infrastructure Sector Performance during January 2025 and April-January FY 25-26 & FY 24-25 During April 2025-March 2026 (Cumulative) Achievem ent ( % of Target )
2026-01,Performance Review,2025-26,Review Report Jan26.pdf,21,iii) TSL GROUP,growth_pct,2025-01,cumulative,10.65,,10.65,Annexure - A Infrastructure Sector Performance during January 2025 and April-January FY 25-26 & FY 24-25 During January Growth % Y-o-Y (FY 25-26 w.r.t FY 24-25)
2026-01,Performance Review,2025-26,Review Report Jan26.pdf,21,iii) TSL GROUP,growth_pct,2025-01,cumulative,7.68,,7.68,Annexure - A Infrastructure Sector Performance during January 2025 and April-January FY 25-26 & FY 24-25 During April 2025-March 2026 (Cumulative) Cumulative Growth % (FY 25-26 w.r.t FY 24-25)
2026-01,Performance Review,2025-26,Review Report Jan26.pdf,21,iii) TSL GROUP,target,2025-01,cumulative,1426.0,,1426.000,Annexure - A Infrastructure Sector Performance during January 2025 and April-January FY 25-26 & FY 24-25 During January Target January FY 25-26
2026-01,Performance Review,2025-26,Review Report Jan26.pdf,21,iii) TSL GROUP,target,2025-01,cumulative,13265.0,,13265.000,Annexure - A Infrastructure Sector Performance during January 2025 and April-January FY 25-26 & FY 24-25 During April 2025-March 2026 (Cumulative) Target upto January FY 25-26
2026-01,Performance Review,2025-26,Review Report Jan26.pdf,21,iii) Urea,achievement,2025-01,cumulative,2673.4,,2673.40,Annexure - A Infrastructure Sector Performance during January 2025 and April-January FY 25-26 & FY 24-25 During January Production J a nuary FY 25-26
2026-01,Performance Review,2025-26,Review Report Jan26.pdf,21,iii) Urea,achievement,2025-01,cumulative,25126.0,,25126.00,Annexure - A Infrastructure Sector Performance during January 2025 and April-January FY 25-26 & FY 24-25 During April 2025-March 2026 (Cumulative) Production upto January FY 25-26
2026-01,Performance Review,2025-26,Review Report Jan26.pdf,21,iii) Urea,achievement,2025-01,cumulative,25843.8,,25843.80,Annexure - A Infrastructure Sector Performance during January 2025 and April-January FY 25-26 & FY 24-25 During April 2025-March 2026 (Cumulative) Production upto January FY 24-25
2026-01,Performance Review,2025-26,Review Report Jan26.pdf,21,iii) Urea,achievement_pct,2025-01,cumulative,98.39,,98.39,Annexure - A Infrastructure Sector Performance during January 2025 and April-January FY 25-26 & FY 24-25 During January Achievement ( % of Target )
2026-01,Performance Review,2025-26,Review Report Jan26.pdf,21,iii) Urea,achievement_pct,2025-01,cumulative,98.26,,98.26,Annexure - A Infrastructure Sector Performance during January 2025 and April-January FY 25-26 & FY 24-25 During April 2025-March 2026 (Cumulative) Achievem ent ( % of Target )
2026-01,Performance Review,2025-26,Review Report Jan26.pdf,21,iii) Urea,growth_pct,2025-01,cumulative,1.12,,1.12,Annexure - A Infrastructure Sector Performance during January 2025 and April-January FY 25-26 & FY 24-25 During January Growth % Y-o-Y (FY 25-26 w.r.t FY 24-25)
2026-01,Performance Review,2025-26,Review Report Jan26.pdf,21,iii) Urea,growth_pct,2025-01,cumulative,-2.78,,-2.78,Annexure - A Infrastructure Sector Performance during January 2025 and April-January FY 25-26 & FY 24-25 During April 2025-March 2026 (Cumulative) Cumulative Growth % (FY 25-26 w.r.t FY 24-25)
2026-01,Performance Review,2025-26,Review Report Jan26.pdf,21,iii) Urea,target,2025-01,cumulative,2717.25,,2717.25,Annexure - A Infrastructure Sector Performance during January 2025 and April-January FY 25-26 & FY 24-25 During January Target January FY 25-26
2026-01,Performance Review,2025-26,Review Report Jan26.pdf,21,iii) Urea,target,2025-01,cumulative,25571.6,,25571.60,Annexure - A Infrastructure Sector Performance during January 2025 and April-January FY 25-26 & FY 24-25 During April 2025-March 2026 (Cumulative) Target upto January FY 25-26
2026-01,Performance Review,2025-26,Review Report Jan26.pdf,21,iv) JSWL GROUP,achievement,2025-01,cumulative,2283.0,,2283.000,Annexure - A Infrastructure Sector Performance during January 2025 and April-January FY 25-26 & FY 24-25 During January Production J a nuary FY 25-26
2026-01,Performance Review,2025-26,Review Report Jan26.pdf,21,iv) JSWL GROUP,achievement,2025-01,cumulative,21935.0,,21935.000,Annexure - A Infrastructure Sector Performance during January 2025 and April-January FY 25-26 & FY 24-25 During April 2025-March 2026 (Cumulative) Production upto January FY 25-26
2026-01,Performance Review,2025-26,Review Report Jan26.pdf,21,iv) JSWL GROUP,achievement,2025-01,cumulative,19348.0,,19348.000,Annexure - A Infrastructure Sector Performance during January 2025 and April-January FY 25-26 & FY 24-25 During April 2025-March 2026 (Cumulative) Production upto January FY 24-25
2026-01,Performance Review,2025-26,Review Report Jan26.pdf,21,iv) JSWL GROUP,growth_pct,2025-01,cumulative,6.48,,6.48,Annexure - A Infrastructure Sector Performance during January 2025 and April-January FY 25-26 & FY 24-25 During January Growth % Y-o-Y (FY 25-26 w.r.t FY 24-25)
2026-01,Performance Review,2025-26,Review Report Jan26.pdf,21,iv) JSWL GROUP,growth_pct,2025-01,cumulative,13.37,,13.37,Annexure - A Infrastructure Sector Performance during January 2025 and April-January FY 25-26 & FY 24-25 During April 2025-March 2026 (Cumulative) Cumulative Growth % (FY 25-26 w.r.t FY 24-25)
2026-01,Performance Review,2025-26,Review Report Jan26.pdf,21,v) JSPL,achievement,2025-01,cumulative,814.0,,814.000,Annexure - A Infrastructure Sector Performance during January 2025 and April-January FY 25-26 & FY 24-25 During January Production J a nuary FY 25-26
2026-01,Performance Review,2025-26,Review Report Jan26.pdf,21,v) JSPL,achievement,2025-01,cumulative,6320.0,,6320.000,Annexure - A Infrastructure Sector Performance during January 2025 and April-January FY 25-26 & FY 24-25 During April 2025-March 2026 (Cumulative) Production upto January FY 25-26
2026-01,Performance Review,2025-26,Review Report Jan26.pdf,21,v) JSPL,achievement,2025-01,cumulative,5737.0,,5737.000,Annexure - A Infrastructure Sector Performance during January 2025 and April-January FY 25-26 & FY 24-25 During April 2025-March 2026 (Cumulative) Production upto January FY 24-25
2026-01,Performance Review,2025-26,Review Report Jan26.pdf,21,v) JSPL,growth_pct,2025-01,cumulative,31.72,,31.72,Annexure - A Infrastructure Sector Performance during January 2025 and April-January FY 25-26 & FY 24-25 During January Growth % Y-o-Y (FY 25-26 w.r.t FY 24-25)
2026-01,Performance Review,2025-26,Review Report Jan26.pdf,21,v) JSPL,growth_pct,2025-01,cumulative,10.16,,10.16,Annexure - A Infrastructure Sector Performance during January 2025 and April-January FY 25-26 & FY 24-25 During April 2025-March 2026 (Cumulative) Cumulative Growth % (FY 25-26 w.r.t FY 24-25)
2026-01,Performance Review,2025-26,Review Report Jan26.pdf,21,vi) RINL,achievement,2025-01,cumulative,417.0,,417.000,Annexure - A Infrastructure Sector Performance during January 2025 and April-January FY 25-26 & FY 24-25 During January Production J a nuary FY 25-26
2026-01,Performance Review,2025-26,Review Report Jan26.pdf,21,vi) RINL,achievement,2025-01,cumulative,3572.0,,3572.000,Annexure - A Infrastructure Sector Performance during January 2025 and April-January FY 25-26 & FY 24-25 During April 2025-March 2026 (Cumulative) Production upto January FY 25-26
2026-01,Performance Review,2025-26,Review Report Jan26.pdf,21,vi) RINL,achievement,2025-01,cumulative,2521.0,,2521.000,Annexure - A Infrastructure Sector Performance during January 2025 and April-January FY 25-26 & FY 24-25 During April 2025-March 2026 (Cumulative) Production upto January FY 24-25
2026-01,Performance Review,2025-26,Review Report Jan26.pdf,21,vi) RINL,achievement_pct,2025-01,cumulative,90.26,,90.26,Annexure - A Infrastructure Sector Performance during January 2025 and April-January FY 25-26 & FY 24-25 During January Achievement ( % of Target )
2026-01,Performance Review,2025-26,Review Report Jan26.pdf,21,vi) RINL,achievement_pct,2025-01,cumulative,89.66,,89.66,Annexure - A Infrastructure Sector Performance during January 2025 and April-January FY 25-26 & FY 24-25 During April 2025-March 2026 (Cumulative) Achievem ent ( % of Target )
2026-01,Performance Review,2025-26,Review Report Jan26.pdf,21,vi) RINL,growth_pct,2025-01,cumulative,17.13,,17.13,Annexure - A Infrastructure Sector Performance during January 2025 and April-January FY 25-26 & FY 24-25 During January Growth % Y-o-Y (FY 25-26 w.r.t FY 24-25)
2026-01,Performance Review,2025-26,Review Report Jan26.pdf,21,vi) RINL,growth_pct,2025-01,cumulative,41.69,,41.69,Annexure - A Infrastructure Sector Performance during January 2025 and April-January FY 25-26 & FY 24-25 During April 2025-March 2026 (Cumulative) Cumulative Growth % (FY 25-26 w.r.t FY 24-25)
2026-01,Performance Review,2025-26,Review Report Jan26.pdf,21,vi) RINL,target,2025-01,cumulative,462.0,,462.000,Annexure - A Infrastructure Sector Performance during January 2025 and April-January FY 25-26 & FY 24-25 During January Target January FY 25-26
2026-01,Performance Review,2025-26,Review Report Jan26.pdf,21,vi) RINL,target,2025-01,cumulative,3984.0,,3984.000,Annexure - A Infrastructure Sector Performance during January 2025 and April-January FY 25-26 & FY 24-25 During April 2025-March 2026 (Cumulative) Target upto January FY 25-26
2026-01,Performance Review,2025-26,Review Report Jan26.pdf,21,vii) NSL,achievement,2025-01,cumulative,211.0,,211.000,Annexure - A Infrastructure Sector Performance during January 2025 and April-January FY 25-26 & FY 24-25 During January Production J a nuary FY 25-26
2026-01,Performance Review,2025-26,Review Report Jan26.pdf,21,vii) NSL,achievement,2025-01,cumulative,1894.0,,1894.000,Annexure - A Infrastructure Sector Performance during January 2025 and April-January FY 25-26 & FY 24-25 During April 2025-March 2026 (Cumulative) Production upto January FY 25-26
2026-01,Performance Review,2025-26,Review Report Jan26.pdf,21,vii) NSL,achievement,2025-01,cumulative,1139.0,,1139.000,Annexure - A Infrastructure Sector Performance during January 2025 and April-January FY 25-26 & FY 24-25 During April 2025-March 2026 (Cumulative) Production upto January FY 24-25
2026-01,Performance Review,2025-26,Review Report Jan26.pdf,21,vii) NSL,growth_pct,2025-01,cumulative,46.53,,46.53,Annexure - A Infrastructure Sector Performance during January 2025 and April-January FY 25-26 & FY 24-25 During January Growth % Y-o-Y (FY 25-26 w.r.t FY 24-25)
2026-01,Performance Review,2025-26,Review Report Jan26.pdf,21,vii) NSL,growth_pct,2025-01,cumulative,66.29,,66.29,Annexure - A Infrastructure Sector Performance during January 2025 and April-January FY 25-26 & FY 24-25 During April 2025-March 2026 (Cumulative) Cumulative Growth % (FY 25-26 w.r.t FY 24-25)
2026-01,Performance Review,2025-26,Review Report Jan26.pdf,30,All India - Total,achievement,2025-04,cumulative,827.09,,827.090,"April,2025-January 2026 Achievement (Provisional) 39.010 27.610 60.500 117.620 47.400 138.730 177.960 0.180"
2026-01,Performance Review,2025-26,Review Report Jan26.pdf,33,All India - Total,achievement,2025-04,cumulative,834.05,,834.050,"April,2025-January 2026 Achievement (Provisional) 37.940 28.230 61.150 114.610 49.480 145.820 175.090 0.150"
2026-01,Performance Review,2025-26,Review Report Jan26.pdf,30,All India - Total,target,2025-04,cumulative,755.34,,755.340,"April,2025-January 2026 Target 45.500 37.400 86.560 118.130 52.850 163.880 192.350 0.200"
2026-01,Performance Review,2025-26,Review Report Jan26.pdf,33,All India - Total,target,2025-04,cumulative,795.2,,795.200,"April,2025-January 2026 Target 49.390 38.430 91.350 114.680 56.440 179.470 206.780 0.190"
2026-01,Performance Review,2025-26,Review Report Jan26.pdf,30,All India - Total,variation_pct,2025-04,cumulative,4.77,,4.77,"% Variation Over Target April,2025- January 2026 -14.25 -26.19 -30.12 -0.17 -10.30 -15.57 -7.49 -20.00"
2026-01,Performance Review,2025-26,Review Report Jan26.pdf,33,All India - Total,variation_pct,2025-04,cumulative,0.48,,0.48,"% Variation Over Target April,2025- January 2026 -22.93 -24.40 -32.15 -2.66 -13.50 -18.54 -15.37 -18.48"
2026-01,Performance Review,2025-26,Review Report Jan26.pdf,42,All India Total (A+B+C),achievement,2025-04,cumulative,23505.52,,23505.52,"April,2025-January 2026 Achievement (Provisional) A. Oil & Natural Gas corporation (ONGC) Gujarat - 4060.67 3724.40 3812.03 -8.28 -2.30 Assam - 980.33 875.83 877.69 -10.66 -0.21 Tamil Nadu - 197.00 153.55 168.86 -22.06 -9.07 Offshore - 11079.57 10003.73 10463.17 -9.71 -4.39 Andhra Pradesh - 210.41 185.08 186.91 -12.04 -0.98 Tripura - 1.85 1.52 1.40 -18.28 8.57"
2026-01,Performance Review,2025-26,Review Report Jan26.pdf,48,All India Total (A+B+C),achievement,2025-04,cumulative,29255.6,,29255.60,"April,2025-January 2026 Achievement (Provisional) A. Oil & Natural Gas corporation (ONGC) Gujarat - 682.88 694.56 674.41 1.71 2.99 Assam - 360.17 298.19 285.70 -17.21 4.37 Tamil Nadu - 835.94 772.90 833.64 -7.54 -7.29 Offshore - 12645.18 12121.40 12325.19 -4.14 -1.65 Andhra Pradesh - 668.44 605.43 615.85 -9.43 -1.69 Tripura - 1313.99 1024.11 1025.13 -22.06 -0.10 Rajasthan - 13.00 0.00 0.00 -100.00 -"
2026-01,Performance Review,2025-26,Review Report Jan26.pdf,42,All India Total (A+B+C),target,2025-04,cumulative,26273.94,,26273.94,"April,2025-January 2026 Target A. Oil & Natural Gas corporation (ONGC) Gujarat - 4060.67 3724.40 3812.03 -8.28 -2.30 Assam - 980.33 875.83 877.69 -10.66 -0.21 Tamil Nadu - 197.00 153.55 168.86 -22.06 -9.07 Offshore - 11079.57 10003.73 10463.17 -9.71 -4.39 Andhra Pradesh - 210.41 185.08 186.91 -12.04 -0.98 Tripura - 1.85 1.52 1.40 -18.28 8.57"
2026-01,Performance Review,2025-26,Review Report Jan26.pdf,48,All India Total (A+B+C),target,2025-04,cumulative,30450.13,,30450.13,"April,2025-January 2026 Target A. Oil & Natural Gas corporation (ONGC) Gujarat - 682.88 694.56 674.41 1.71 2.99 Assam - 360.17 298.19 285.70 -17.21 4.37 Tamil Nadu - 835.94 772.90 833.64 -7.54 -7.29 Offshore - 12645.18 12121.40 12325.19 -4.14 -1.65 Andhra Pradesh - 668.44 605.43 615.85 -9.43 -1.69 Tripura - 1313.99 1024.11 1025.13 -22.06 -0.10 Rajasthan - 13.00 0.00 0.00 -100.00 -"
2026-01,Performance Review,2025-26,Review Report Jan26.pdf,42,All India Total (A+B+C),variation_pct,2025-04,cumulative,-10.54,,-10.54,"% Variation Over Target April,2025- January 2026 A. Oil & Natural Gas corporation (ONGC) Gujarat - 4060.67 3724.40 3812.03 -8.28 -2.30 Assam - 980.33 875.83 877.69 -10.66 -0.21 Tamil Nadu - 197.00 153.55 168.86 -22.06 -9.07 Offshore - 11079.57 10003.73 10463.17 -9.71 -4.39 Andhra Pradesh - 210.41 185.08 186.91 -12.04 -0.98 Tripura - 1.85 1.52 1.40 -18.28 8.57"
2026-01,Performance Review,2025-26,Review Report Jan26.pdf,48,All India Total (A+B+C),variation_pct,2025-04,cumulative,-3.92,,-3.92,"% Variation Over Target April,2025- January 2026 A. Oil & Natural Gas corporation (ONGC) Gujarat - 682.88 694.56 674.41 1.71 2.99 Assam - 360.17 298.19 285.70 -17.21 4.37 Tamil Nadu - 835.94 772.90 833.64 -7.54 -7.29 Offshore - 12645.18 12121.40 12325.19 -4.14 -1.65 Andhra Pradesh - 668.44 605.43 615.85 -9.43 -1.69 Tripura - 1313.99 1024.11 1025.13 -22.06 -0.10 Rajasthan - 13.00 0.00 0.00 -100.00 -"
2026-01,Performance Review,2025-26,Review Report Jan26.pdf,38,All India Total(A+B),achievement,2025-04,cumulative,18793.4,,18793.40,"April,2025-January 2026 Achievement (Provisional) 2781.00 3366.90 8030.30"
2026-01,Performance Review,2025-26,Review Report Jan26.pdf,38,All India Total(A+B),target,2025-04,cumulative,19460.1,,19460.10,"April,2025-January 2026 Target 2747.80 3224.20 8191.50"
2026-01,Performance Review,2025-26,Review Report Jan26.pdf,38,All India Total(A+B),variation_pct,2025-04,cumulative,-3.3,,-3.30,"% Variation Over Target April,2025- January 2026 1.20 4.65 -1.92"
2026-01,Performance Review,2025-26,Review Report Jan26.pdf,37,All India Total(A+B+C),achievement,2025-04,cumulative,3977.96,,3977.96,"April,2025-January 2026 Achievement (Provisional) 0.00 0.00"
2026-01,Performance Review,2025-26,Review Report Jan26.pdf,37,B. Private Sector,achievement,2025-04,cumulative,3832.67,,3832.67,"April,2025-January 2026 Achievement (Provisional) 0.00 0.00"
2026-01,Performance Review,2025-26,Review Report Jan26.pdf,42,C. DGH (JVC/Private),achievement,2025-04,cumulative,5726.95,,5726.95,"April,2025-January 2026 Achievement (Provisional) A. Oil & Natural Gas corporation (ONGC) Gujarat - 4060.67 3724.40 3812.03 -8.28 -2.30 Assam - 980.33 875.83 877.69 -10.66 -0.21 Tamil Nadu - 197.00 153.55 168.86 -22.06 -9.07 Offshore - 11079.57 10003.73 10463.17 -9.71 -4.39 Andhra Pradesh - 210.41 185.08 186.91 -12.04 -0.98 Tripura - 1.85 1.52 1.40 -18.28 8.57"
2026-01,Performance Review,2025-26,Review Report Jan26.pdf,48,C. DGH (JVC/Private),achievement,2025-04,cumulative,11133.23,,11133.23,"April,2025-January 2026 Achievement (Provisional) A. Oil & Natural Gas corporation (ONGC) Gujarat - 682.88 694.56 674.41 1.71 2.99 Assam - 360.17 298.19 285.70 -17.21 4.37 Tamil Nadu - 835.94 772.90 833.64 -7.54 -7.29 Offshore - 12645.18 12121.40 12325.19 -4.14 -1.65 Andhra Pradesh - 668.44 605.43 615.85 -9.43 -1.69 Tripura - 1313.99 1024.11 1025.13 -22.06 -0.10 Rajasthan - 13.00 0.00 0.00 -100.00 -"
2026-01,Performance Review,2025-26,Review Report Jan26.pdf,42,C. DGH (JVC/Private),target,2025-04,cumulative,6602.7,,6602.70,"April,2025-January 2026 Target A. Oil & Natural Gas corporation (ONGC) Gujarat - 4060.67 3724.40 3812.03 -8.28 -2.30 Assam - 980.33 875.83 877.69 -10.66 -0.21 Tamil Nadu - 197.00 153.55 168.86 -22.06 -9.07 Offshore - 11079.57 10003.73 10463.17 -9.71 -4.39 Andhra Pradesh - 210.41 185.08 186.91 -12.04 -0.98 Tripura - 1.85 1.52 1.40 -18.28 8.57"
2026-01,Performance Review,2025-26,Review Report Jan26.pdf,48,C. DGH (JVC/Private),target,2025-04,cumulative,10849.86,,10849.86,"April,2025-January 2026 Target A. Oil & Natural Gas corporation (ONGC) Gujarat - 682.88 694.56 674.41 1.71 2.99 Assam - 360.17 298.19 285.70 -17.21 4.37 Tamil Nadu - 835.94 772.90 833.64 -7.54 -7.29 Offshore - 12645.18 12121.40 12325.19 -4.14 -1.65 Andhra Pradesh - 668.44 605.43 615.85 -9.43 -1.69 Tripura - 1313.99 1024.11 1025.13 -22.06 -0.10 Rajasthan - 13.00 0.00 0.00 -100.00 -"
2026-01,Performance Review,2025-26,Review Report Jan26.pdf,42,C. DGH (JVC/Private),variation_pct,2025-04,cumulative,-13.26,,-13.26,"% Variation Over Target April,2025- January 2026 A. Oil & Natural Gas corporation (ONGC) Gujarat - 4060.67 3724.40 3812.03 -8.28 -2.30 Assam - 980.33 875.83 877.69 -10.66 -0.21 Tamil Nadu - 197.00 153.55 168.86 -22.06 -9.07 Offshore - 11079.57 10003.73 10463.17 -9.71 -4.39 Andhra Pradesh - 210.41 185.08 186.91 -12.04 -0.98 Tripura - 1.85 1.52 1.40 -18.28 8.57"
2026-01,Performance Review,2025-26,Review Report Jan26.pdf,48,C. DGH (JVC/Private),variation_pct,2025-04,cumulative,2.61,,2.61,"% Variation Over Target April,2025- January 2026 A. Oil & Natural Gas corporation (ONGC) Gujarat - 682.88 694.56 674.41 1.71 2.99 Assam - 360.17 298.19 285.70 -17.21 4.37 Tamil Nadu - 835.94 772.90 833.64 -7.54 -7.29 Offshore - 12645.18 12121.40 12325.19 -4.14 -1.65 Andhra Pradesh - 668.44 605.43 615.85 -9.43 -1.69 Tripura - 1313.99 1024.11 1025.13 -22.06 -0.10 Rajasthan - 13.00 0.00 0.00 -100.00 -"
2026-01,Performance Review,2025-26,Review Report Jan26.pdf,37,C. Mini & White,achievement,2025-04,cumulative,145.29,,145.29,"April,2025-January 2026 Achievement (Provisional) 0.00 0.00"
2026-01,Performance Review,2025-26,Review Report Jan26.pdf,30,CIL - Total,achievement,2025-04,cumulative,609.01,,609.010,"April,2025-January 2026 Achievement (Provisional) 39.010 27.610 60.500 117.620 47.400 138.730 177.960 0.180"
2026-01,Performance Review,2025-26,Review Report Jan26.pdf,33,CIL - Total,achievement,2025-04,cumulative,612.46,,612.460,"April,2025-January 2026 Achievement (Provisional) 37.940 28.230 61.150 114.610 49.480 145.820 175.090 0.150"
2026-01,Performance Review,2025-26,Review Report Jan26.pdf,30,CIL - Total,target,2025-04,cumulative,697.032,,697.032,"April,2025-January 2026 Target 45.500 37.400 86.560 118.130 52.850 163.880 192.350 0.200"
2026-01,Performance Review,2025-26,Review Report Jan26.pdf,33,CIL - Total,target,2025-04,cumulative,736.73,,736.730,"April,2025-January 2026 Target 49.390 38.430 91.350 114.680 56.440 179.470 206.780 0.190"
2026-01,Performance Review,2025-26,Review Report Jan26.pdf,30,CIL - Total,variation_pct,2025-04,cumulative,-12.63,,-12.63,"% Variation Over Target April,2025- January 2026 -14.25 -26.19 -30.12 -0.17 -10.30 -15.57 -7.49 -20.00"
2026-01,Performance Review,2025-26,Review Report Jan26.pdf,33,CIL - Total,variation_pct,2025-04,cumulative,-16.98,,-16.98,"% Variation Over Target April,2025- January 2026 -22.93 -24.40 -32.15 -2.66 -13.50 -18.54 -15.37 -18.48"
2026-01,Performance Review,2025-26,Review Report Jan26.pdf,22,Cement (MT),achievement,2025-04,cumulative,289.87,MT,289.87,INFRASTRUCTURE SECTOR PERFORMANCE HIGHLIGHTS Growth Achieved during the period April 2025 - January 2025 and during last Three Years (April-January) Achievement (as per units applicable) April - January 2022
2026-01,Performance Review,2025-26,Review Report Jan26.pdf,22,Cement (MT),achievement,2025-04,cumulative,319.12,MT,319.12,INFRASTRUCTURE SECTOR PERFORMANCE HIGHLIGHTS Growth Achieved during the period April 2025 - January 2025 and during last Three Years (April-January) Achievement (as per units applicable) April - January 2023
2026-01,Performance Review,2025-26,Review Report Jan26.pdf,22,Cement (MT),achievement,2025-04,cumulative,347.69,MT,347.69,INFRASTRUCTURE SECTOR PERFORMANCE HIGHLIGHTS Growth Achieved during the period April 2025 - January 2025 and during last Three Years (April-January) Achievement (as per units applicable) April - January 2024
2026-01,Performance Review,2025-26,Review Report Jan26.pdf,22,Cement (MT),achievement,2025-04,cumulative,365.59,MT,365.59,INFRASTRUCTURE SECTOR PERFORMANCE HIGHLIGHTS Growth Achieved during the period April 2025 - January 2025 and during last Three Years (April-January) Achievement (as per units applicable) April - January 2025
2026-01,Performance Review,2025-26,Review Report Jan26.pdf,22,Cement (MT),achievement,2025-04,cumulative,397.796,MT,397.796,INFRASTRUCTURE SECTOR PERFORMANCE HIGHLIGHTS Growth Achieved during the period April 2025 - January 2025 and during last Three Years (April-January) Achievement (as per units applicable) April - January 2026
2026-01,Performance Review,2025-26,Review Report Jan26.pdf,22,Cement (MT),achievement,2025-04,cumulative,10.09,MT,10.09,INFRASTRUCTURE SECTOR PERFORMANCE HIGHLIGHTS Growth Achieved during the period April 2025 - January 2025 and during last Three Years (April-January) Percent change in achievement over corresponding period of the previous year April - January 2023
2026-01,Performance Review,2025-26,Review Report Jan26.pdf,22,Cement (MT),achievement,2025-04,cumulative,8.95,MT,8.95,INFRASTRUCTURE SECTOR PERFORMANCE HIGHLIGHTS Growth Achieved during the period April 2025 - January 2025 and during last Three Years (April-January) Percent change in achievement over corresponding period of the previous year April - January 2024
2026-01,Performance Review,2025-26,Review Report Jan26.pdf,22,Cement (MT),achievement,2025-04,cumulative,5.15,MT,5.15,INFRASTRUCTURE SECTOR PERFORMANCE HIGHLIGHTS Growth Achieved during the period April 2025 - January 2025 and during last Three Years (April-January) Percent change in achievement over corresponding period of the previous year April - January 2025
2026-01,Performance Review,2025-26,Review Report Jan26.pdf,22,Cement (MT),achievement,2025-04,cumulative,8.81,MT,8.81,INFRASTRUCTURE SECTOR PERFORMANCE HIGHLIGHTS Growth Achieved during the period April 2025 - January 2025 and during last Three Years (April-January) Percent change in achievement over corresponding period of the previous year April - January 2026
2025-11,Performance Review,2025-26,ReviewReportNov25.pdf,22,Cement (MT),achievement,2025-04,cumulative,224.16,MT,224.160,INFRASTRUCTURE SECTOR PERFORMANCE HIGHLIGHTS Growth Achieved during the period April 2025 - November 2025 and during last Three Years (April-November) Achievement (as per units applicable) April - November 2021
2025-11,Performance Review,2025-26,ReviewReportNov25.pdf,22,Cement (MT),achievement,2025-04,cumulative,248.29,MT,248.290,INFRASTRUCTURE SECTOR PERFORMANCE HIGHLIGHTS Growth Achieved during the period April 2025 - November 2025 and during last Three Years (April-November) Achievement (as per units applicable) April - November 2022
2025-11,Performance Review,2025-26,ReviewReportNov25.pdf,22,Cement (MT),achievement,2025-04,cumulative,274.216,MT,274.216,INFRASTRUCTURE SECTOR PERFORMANCE HIGHLIGHTS Growth Achieved during the period April 2025 - November 2025 and during last Three Years (April-November) Achievement (as per units applicable) April - November 2023
2025-11,Performance Review,2025-26,ReviewReportNov25.pdf,22,Cement (MT),achievement,2025-04,cumulative,282.817,MT,282.817,INFRASTRUCTURE SECTOR PERFORMANCE HIGHLIGHTS Growth Achieved during the period April 2025 - November 2025 and during last Three Years (April-November) Achievement (as per units applicable) April - November 2024
2025-11,Performance Review,2025-26,ReviewReportNov25.pdf,22,Cement (MT),achievement,2025-04,cumulative,305.237,MT,305.237,INFRASTRUCTURE SECTOR PERFORMANCE HIGHLIGHTS Growth Achieved during the period April 2025 - November 2025 and during last Three Years (April-November) Achievement (as per units applicable) April - November 2025
2025-11,Performance Review,2025-26,ReviewReportNov25.pdf,22,Cement (MT),achievement,2025-04,cumulative,10.76,MT,10.76,INFRASTRUCTURE SECTOR PERFORMANCE HIGHLIGHTS Growth Achieved during the period April 2025 - November 2025 and during last Three Years (April-November) Percent change in achievement over corresponding period of the previous year April - November 2022
2025-11,Performance Review,2025-26,ReviewReportNov25.pdf,22,Cement (MT),achievement,2025-04,cumulative,10.44,MT,10.44,INFRASTRUCTURE SECTOR PERFORMANCE HIGHLIGHTS Growth Achieved during the period April 2025 - November 2025 and during last Three Years (April-November) Percent change in achievement over corresponding period of the previous year April - November 2023
2025-11,Performance Review,2025-26,ReviewReportNov25.pdf,22,Cement (MT),achievement,2025-04,cumulative,3.14,MT,3.14,INFRASTRUCTURE SECTOR PERFORMANCE HIGHLIGHTS Growth Achieved during the period April 2025 - November 2025 and during last Three Years (April-November) Percent change in achievement over corresponding period of the previous year April - November 2024
2025-11,Performance Review,2025-26,ReviewReportNov25.pdf,22,Cement (MT),achievement,2025-04,cumulative,7.93,MT,7.93,INFRASTRUCTURE SECTOR PERFORMANCE HIGHLIGHTS Growth Achieved during the period April 2025 - November 2025 and during last Three Years (April-November) Percent change in achievement over corresponding period of the previous year April - November 2025
2026-01,Performance Review,2025-26,Review Report Jan26.pdf,22,Coal (MT) excluding Lignite,achievement,2025-04,cumulative,602.492,,602.492,INFRASTRUCTURE SECTOR PERFORMANCE HIGHLIGHTS Growth Achieved during the period April 2025 - January 2025 and during last Three Years (April-January) Achievement (as per units applicable) April - January 2022
2026-01,Performance Review,2025-26,Review Report Jan26.pdf,22,Coal (MT) excluding Lignite,achievement,2025-04,cumulative,699.373,,699.373,INFRASTRUCTURE SECTOR PERFORMANCE HIGHLIGHTS Growth Achieved during the period April 2025 - January 2025 and during last Three Years (April-January) Achievement (as per units applicable) April - January 2023
2026-01,Performance Review,2025-26,Review Report Jan26.pdf,22,Coal (MT) excluding Lignite,achievement,2025-04,cumulative,784.544,,784.544,INFRASTRUCTURE SECTOR PERFORMANCE HIGHLIGHTS Growth Achieved during the period April 2025 - January 2025 and during last Three Years (April-January) Achievement (as per units applicable) April - January 2024
2026-01,Performance Review,2025-26,Review Report Jan26.pdf,22,Coal (MT) excluding Lignite,achievement,2025-04,cumulative,830.9,,830.900,INFRASTRUCTURE SECTOR PERFORMANCE HIGHLIGHTS Growth Achieved during the period April 2025 - January 2025 and during last Three Years (April-January) Achievement (as per units applicable) April - January 2025
2026-01,Performance Review,2025-26,Review Report Jan26.pdf,22,Coal (MT) excluding Lignite,achievement,2025-04,cumulative,827.09,,827.090,INFRASTRUCTURE SECTOR PERFORMANCE HIGHLIGHTS Growth Achieved during the period April 2025 - January 2025 and during last Three Years (April-January) Achievement (as per units applicable) April - January 2026
2026-01,Performance Review,2025-26,Review Report Jan26.pdf,22,Coal (MT) excluding Lignite,achievement,2025-04,cumulative,16.08,,16.08,INFRASTRUCTURE SECTOR PERFORMANCE HIGHLIGHTS Growth Achieved during the period April 2025 - January 2025 and during last Three Years (April-January) Percent change in achievement over corresponding period of the previous year April - January 2023
2026-01,Performance Review,2025-26,Review Report Jan26.pdf,22,Coal (MT) excluding Lignite,achievement,2025-04,cumulative,12.18,,12.18,INFRASTRUCTURE SECTOR PERFORMANCE HIGHLIGHTS Growth Achieved during the period April 2025 - January 2025 and during last Three Years (April-January) Percent change in achievement over corresponding period of the previous year April - January 2024
2026-01,Performance Review,2025-26,Review Report Jan26.pdf,22,Coal (MT) excluding Lignite,achievement,2025-04,cumulative,5.91,,5.91,INFRASTRUCTURE SECTOR PERFORMANCE HIGHLIGHTS Growth Achieved during the period April 2025 - January 2025 and during last Three Years (April-January) Percent change in achievement over corresponding period of the previous year April - January 2025
2026-01,Performance Review,2025-26,Review Report Jan26.pdf,22,Coal (MT) excluding Lignite,achievement,2025-04,cumulative,-0.46,,-0.46,INFRASTRUCTURE SECTOR PERFORMANCE HIGHLIGHTS Growth Achieved during the period April 2025 - January 2025 and during last Three Years (April-January) Percent change in achievement over corresponding period of the previous year April - January 2026
2025-11,Performance Review,2025-26,ReviewReportNov25.pdf,22,Coal (MT) excluding Lignite,achievement,2025-04,cumulative,448.08,,448.080,INFRASTRUCTURE SECTOR PERFORMANCE HIGHLIGHTS Growth Achieved during the period April 2025 - November 2025 and during last Three Years (April-November) Achievement (as per units applicable) April - November 2021
2025-11,Performance Review,2025-26,ReviewReportNov25.pdf,22,Coal (MT) excluding Lignite,achievement,2025-04,cumulative,524.721,,524.721,INFRASTRUCTURE SECTOR PERFORMANCE HIGHLIGHTS Growth Achieved during the period April 2025 - November 2025 and during last Three Years (April-November) Achievement (as per units applicable) April - November 2022
2025-11,Performance Review,2025-26,ReviewReportNov25.pdf,22,Coal (MT) excluding Lignite,achievement,2025-04,cumulative,591.488,,591.488,INFRASTRUCTURE SECTOR PERFORMANCE HIGHLIGHTS Growth Achieved during the period April 2025 - November 2025 and during last Three Years (April-November) Achievement (as per units applicable) April - November 2023
2025-11,Performance Review,2025-26,ReviewReportNov25.pdf,22,Coal (MT) excluding Lignite,achievement,2025-04,cumulative,628.381,,628.381,INFRASTRUCTURE SECTOR PERFORMANCE HIGHLIGHTS Growth Achieved during the period April 2025 - November 2025 and during last Three Years (April-November) Achievement (as per units applicable) April - November 2024
2025-11,Performance Review,2025-26,ReviewReportNov25.pdf,22,Coal (MT) excluding Lignite,achievement,2025-04,cumulative,619.399,,619.399,INFRASTRUCTURE SECTOR PERFORMANCE HIGHLIGHTS Growth Achieved during the period April 2025 - November 2025 and during last Three Years (April-November) Achievement (as per units applicable) April - November 2025
2025-11,Performance Review,2025-26,ReviewReportNov25.pdf,22,Coal (MT) excluding Lignite,achievement,2025-04,cumulative,17.1,,17.10,INFRASTRUCTURE SECTOR PERFORMANCE HIGHLIGHTS Growth Achieved during the period April 2025 - November 2025 and during last Three Years (April-November) Percent change in achievement over corresponding period of the previous year April - November 2022
2025-11,Performance Review,2025-26,ReviewReportNov25.pdf,22,Coal (MT) excluding Lignite,achievement,2025-04,cumulative,12.72,,12.72,INFRASTRUCTURE SECTOR PERFORMANCE HIGHLIGHTS Growth Achieved during the period April 2025 - November 2025 and during last Three Years (April-November) Percent change in achievement over corresponding period of the previous year April - November 2023
2025-11,Performance Review,2025-26,ReviewReportNov25.pdf,22,Coal (MT) excluding Lignite,achievement,2025-04,cumulative,6.24,,6.24,INFRASTRUCTURE SECTOR PERFORMANCE HIGHLIGHTS Growth Achieved during the period April 2025 - November 2025 and during last Three Years (April-November) Percent change in achievement over corresponding period of the previous year April - November 2024
2025-11,Performance Review,2025-26,ReviewReportNov25.pdf,22,Coal (MT) excluding Lignite,achievement,2025-04,cumulative,-1.43,,-1.43,INFRASTRUCTURE SECTOR PERFORMANCE HIGHLIGHTS Growth Achieved during the period April 2025 - November 2025 and during last Three Years (April-November) Percent change in achievement over corresponding period of the previous year April - November 2025
2026-01,Performance Review,2025-26,Review Report Jan26.pdf,49,Construction of Bridges (Nos.),achievement,2025-04,cumulative,0.0,Nos,0,"April,2025-January 2026 Achievement (Provisional)"
2026-01,Performance Review,2025-26,Review Report Jan26.pdf,49,Construction of Bridges (Nos.),target,2025-04,cumulative,0.0,Nos,0,"April,2025-January 2026 Target"
2026-01,Performance Review,2025-26,Review Report Jan26.pdf,50,Construction of Missing Links (Kms.),achievement,2025-04,cumulative,0.0,Kms,0.00,"April,2025-January 2026 Achievement (Provisional)"
2026-01,Performance Review,2025-26,Review Report Jan26.pdf,49,Construction of bypass (Nos.),achievement,2025-04,cumulative,0.0,Nos,0,"April,2025-January 2026 Achievement (Provisional)"
2026-01,Performance Review,2025-26,Review Report Jan26.pdf,49,Construction of bypass (Nos.),target,2025-04,cumulative,0.0,Nos,0,"April,2025-January 2026 Target"
2026-01,Performance Review,2025-26,Review Report Jan26.pdf,50,Construction of bypasses (Nos.),achievement,2025-04,cumulative,0.0,Nos,0,"April,2025-January 2026 Achievement (Provisional)"
2026-01,Performance Review,2025-26,Review Report Jan26.pdf,22,Fertilizers (MT) includes Nitrogen and Phosphate Production only,achievement,2025-04,cumulative,15.648,,15.648,INFRASTRUCTURE SECTOR PERFORMANCE HIGHLIGHTS Growth Achieved during the period April 2025 - January 2025 and during last Three Years (April-January) Achievement (as per units applicable) April - January 2022
2026-01,Performance Review,2025-26,Review Report Jan26.pdf,22,Fertilizers (MT) includes Nitrogen and Phosphate Production only,achievement,2025-04,cumulative,41.032,,41.032,INFRASTRUCTURE SECTOR PERFORMANCE HIGHLIGHTS Growth Achieved during the period April 2025 - January 2025 and during last Three Years (April-January) Achievement (as per units applicable) April - January 2023
2026-01,Performance Review,2025-26,Review Report Jan26.pdf,22,Fertilizers (MT) includes Nitrogen and Phosphate Production only,achievement,2025-04,cumulative,45.298,,45.298,INFRASTRUCTURE SECTOR PERFORMANCE HIGHLIGHTS Growth Achieved during the period April 2025 - January 2025 and during last Three Years (April-January) Achievement (as per units applicable) April - January 2024
2026-01,Performance Review,2025-26,Review Report Jan26.pdf,22,Fertilizers (MT) includes Nitrogen and Phosphate Production only,achievement,2025-04,cumulative,44.5187,,44.5187,INFRASTRUCTURE SECTOR PERFORMANCE HIGHLIGHTS Growth Achieved during the period April 2025 - January 2025 and during last Three Years (April-January) Achievement (as per units applicable) April - January 2025
2026-01,Performance Review,2025-26,Review Report Jan26.pdf,22,Fertilizers (MT) includes Nitrogen and Phosphate Production only,achievement,2025-04,cumulative,43.9194,,43.9194,INFRASTRUCTURE SECTOR PERFORMANCE HIGHLIGHTS Growth Achieved during the period April 2025 - January 2025 and during last Three Years (April-January) Achievement (as per units applicable) April - January 2026
2026-01,Performance Review,2025-26,Review Report Jan26.pdf,22,Fertilizers (MT) includes Nitrogen and Phosphate Production only,achievement,2025-04,cumulative,162.22,,162.22,INFRASTRUCTURE SECTOR PERFORMANCE HIGHLIGHTS Growth Achieved during the period April 2025 - January 2025 and during last Three Years (April-January) Percent change in achievement over corresponding period of the previous year April - January 2023
2026-01,Performance Review,2025-26,Review Report Jan26.pdf,22,Fertilizers (MT) includes Nitrogen and Phosphate Production only,achievement,2025-04,cumulative,10.4,,10.40,INFRASTRUCTURE SECTOR PERFORMANCE HIGHLIGHTS Growth Achieved during the period April 2025 - January 2025 and during last Three Years (April-January) Percent change in achievement over corresponding period of the previous year April - January 2024
2026-01,Performance Review,2025-26,Review Report Jan26.pdf,22,Fertilizers (MT) includes Nitrogen and Phosphate Production only,achievement,2025-04,cumulative,-1.72,,-1.72,INFRASTRUCTURE SECTOR PERFORMANCE HIGHLIGHTS Growth Achieved during the period April 2025 - January 2025 and during last Three Years (April-January) Percent change in achievement over corresponding period of the previous year April - January 2025
2026-01,Performance Review,2025-26,Review Report Jan26.pdf,22,Fertilizers (MT) includes Nitrogen and Phosphate Production only,achievement,2025-04,cumulative,-1.35,,-1.35,INFRASTRUCTURE SECTOR PERFORMANCE HIGHLIGHTS Growth Achieved during the period April 2025 - January 2025 and during last Three Years (April-January) Percent change in achievement over corresponding period of the previous year April - January 2026
2025-11,Performance Review,2025-26,ReviewReportNov25.pdf,22,Fertilizers (MT) includes Nitrogen and Phosphate Production only,achievement,2025-04,cumulative,123.449,,123.449,INFRASTRUCTURE SECTOR PERFORMANCE HIGHLIGHTS Growth Achieved during the period April 2025 - November 2025 and during last Three Years (April-November) Achievement (as per units applicable) April - November 2021
2025-11,Performance Review,2025-26,ReviewReportNov25.pdf,22,Fertilizers (MT) includes Nitrogen and Phosphate Production only,achievement,2025-04,cumulative,135.934,,135.934,INFRASTRUCTURE SECTOR PERFORMANCE HIGHLIGHTS Growth Achieved during the period April 2025 - November 2025 and during last Three Years (April-November) Achievement (as per units applicable) April - November 2022
2025-11,Performance Review,2025-26,ReviewReportNov25.pdf,22,Fertilizers (MT) includes Nitrogen and Phosphate Production only,achievement,2025-04,cumulative,147.945,,147.945,INFRASTRUCTURE SECTOR PERFORMANCE HIGHLIGHTS Growth Achieved during the period April 2025 - November 2025 and during last Three Years (April-November) Achievement (as per units applicable) April - November 2023
2025-11,Performance Review,2025-26,ReviewReportNov25.pdf,22,Fertilizers (MT) includes Nitrogen and Phosphate Production only,achievement,2025-04,cumulative,148.199,,148.199,INFRASTRUCTURE SECTOR PERFORMANCE HIGHLIGHTS Growth Achieved during the period April 2025 - November 2025 and during last Three Years (April-November) Achievement (as per units applicable) April - November 2024
2025-11,Performance Review,2025-26,ReviewReportNov25.pdf,22,Fertilizers (MT) includes Nitrogen and Phosphate Production only,achievement,2025-04,cumulative,147.992,,147.992,INFRASTRUCTURE SECTOR PERFORMANCE HIGHLIGHTS Growth Achieved during the period April 2025 - November 2025 and during last Three Years (April-November) Achievement (as per units applicable) April - November 2025
2025-11,Performance Review,2025-26,ReviewReportNov25.pdf,22,Fertilizers (MT) includes Nitrogen and Phosphate Production only,achievement,2025-04,cumulative,10.11,,10.11,INFRASTRUCTURE SECTOR PERFORMANCE HIGHLIGHTS Growth Achieved during the period April 2025 - November 2025 and during last Three Years (April-November) Percent change in achievement over corresponding period of the previous year April - November 2022
2025-11,Performance Review,2025-26,ReviewReportNov25.pdf,22,Fertilizers (MT) includes Nitrogen and Phosphate Production only,achievement,2025-04,cumulative,8.84,,8.84,INFRASTRUCTURE SECTOR PERFORMANCE HIGHLIGHTS Growth Achieved during the period April 2025 - November 2025 and during last Three Years (April-November) Percent change in achievement over corresponding period of the previous year April - November 2023
2025-11,Performance Review,2025-26,ReviewReportNov25.pdf,22,Fertilizers (MT) includes Nitrogen and Phosphate Production only,achievement,2025-04,cumulative,0.17,,0.17,INFRASTRUCTURE SECTOR PERFORMANCE HIGHLIGHTS Growth Achieved during the period April 2025 - November 2025 and during last Three Years (April-November) Percent change in achievement over corresponding period of the previous year April - November 2024
2025-11,Performance Review,2025-26,ReviewReportNov25.pdf,22,Fertilizers (MT) includes Nitrogen and Phosphate Production only,achievement,2025-04,cumulative,-0.14,,-0.14,INFRASTRUCTURE SECTOR PERFORMANCE HIGHLIGHTS Growth Achieved during the period April 2025 - November 2025 and during last Three Years (April-November) Percent change in achievement over corresponding period of the previous year April - November 2025
2026-01,Performance Review,2025-26,Review Report Jan26.pdf,22,Freight Traffic (MT),achievement,2025-04,cumulative,1159.09,MT,1159.09,INFRASTRUCTURE SECTOR PERFORMANCE HIGHLIGHTS Growth Achieved during the period April 2025 - January 2025 and during last Three Years (April-January) Achievement (as per units applicable) April - January 2022
2026-01,Performance Review,2025-26,Review Report Jan26.pdf,22,Freight Traffic (MT),achievement,2025-04,cumulative,1243.48,MT,1243.48,INFRASTRUCTURE SECTOR PERFORMANCE HIGHLIGHTS Growth Achieved during the period April 2025 - January 2025 and during last Three Years (April-January) Achievement (as per units applicable) April - January 2023
2026-01,Performance Review,2025-26,Review Report Jan26.pdf,22,Freight Traffic (MT),achievement,2025-04,cumulative,1297.36,MT,1297.36,INFRASTRUCTURE SECTOR PERFORMANCE HIGHLIGHTS Growth Achieved during the period April 2025 - January 2025 and during last Three Years (April-January) Achievement (as per units applicable) April - January 2024
2026-01,Performance Review,2025-26,Review Report Jan26.pdf,22,Freight Traffic (MT),achievement,2025-04,cumulative,1323.6,MT,1323.6,INFRASTRUCTURE SECTOR PERFORMANCE HIGHLIGHTS Growth Achieved during the period April 2025 - January 2025 and during last Three Years (April-January) Achievement (as per units applicable) April - January 2025
2026-01,Performance Review,2025-26,Review Report Jan26.pdf,22,Freight Traffic (MT),achievement,2025-04,cumulative,1366.9,MT,1366.900,INFRASTRUCTURE SECTOR PERFORMANCE HIGHLIGHTS Growth Achieved during the period April 2025 - January 2025 and during last Three Years (April-January) Achievement (as per units applicable) April - January 2026
2026-01,Performance Review,2025-26,Review Report Jan26.pdf,22,Freight Traffic (MT),achievement,2025-04,cumulative,7.28,MT,7.28,INFRASTRUCTURE SECTOR PERFORMANCE HIGHLIGHTS Growth Achieved during the period April 2025 - January 2025 and during last Three Years (April-January) Percent change in achievement over corresponding period of the previous year April - January 2023
2026-01,Performance Review,2025-26,Review Report Jan26.pdf,22,Freight Traffic (MT),achievement,2025-04,cumulative,4.33,MT,4.33,INFRASTRUCTURE SECTOR PERFORMANCE HIGHLIGHTS Growth Achieved during the period April 2025 - January 2025 and during last Three Years (April-January) Percent change in achievement over corresponding period of the previous year April - January 2024
2026-01,Performance Review,2025-26,Review Report Jan26.pdf,22,Freight Traffic (MT),achievement,2025-04,cumulative,2.02,MT,2.02,INFRASTRUCTURE SECTOR PERFORMANCE HIGHLIGHTS Growth Achieved during the period April 2025 - January 2025 and during last Three Years (April-January) Percent change in achievement over corresponding period of the previous year April - January 2025
2026-01,Performance Review,2025-26,Review Report Jan26.pdf,22,Freight Traffic (MT),achievement,2025-04,cumulative,3.27,MT,3.27,INFRASTRUCTURE SECTOR PERFORMANCE HIGHLIGHTS Growth Achieved during the period April 2025 - January 2025 and during last Three Years (April-January) Percent change in achievement over corresponding period of the previous year April - January 2026
2025-11,Performance Review,2025-26,ReviewReportNov25.pdf,22,Freight Traffic (MT),achievement,2025-04,cumulative,786.27,MT,786.270,INFRASTRUCTURE SECTOR PERFORMANCE HIGHLIGHTS Growth Achieved during the period April 2025 - November 2025 and during last Three Years (April-November) Achievement (as per units applicable) April - November 2021
2025-11,Performance Review,2025-26,ReviewReportNov25.pdf,22,Freight Traffic (MT),achievement,2025-04,cumulative,855.67,MT,855.670,INFRASTRUCTURE SECTOR PERFORMANCE HIGHLIGHTS Growth Achieved during the period April 2025 - November 2025 and during last Three Years (April-November) Achievement (as per units applicable) April - November 2022
2025-11,Performance Review,2025-26,ReviewReportNov25.pdf,22,Freight Traffic (MT),achievement,2025-04,cumulative,1015.64,MT,1015.640,INFRASTRUCTURE SECTOR PERFORMANCE HIGHLIGHTS Growth Achieved during the period April 2025 - November 2025 and during last Three Years (April-November) Achievement (as per units applicable) April - November 2023
2025-11,Performance Review,2025-26,ReviewReportNov25.pdf,22,Freight Traffic (MT),achievement,2025-04,cumulative,1037.08,MT,1037.08,INFRASTRUCTURE SECTOR PERFORMANCE HIGHLIGHTS Growth Achieved during the period April 2025 - November 2025 and during last Three Years (April-November) Achievement (as per units applicable) April - November 2024
2025-11,Performance Review,2025-26,ReviewReportNov25.pdf,22,Freight Traffic (MT),achievement,2025-04,cumulative,1070.79,MT,1070.790,INFRASTRUCTURE SECTOR PERFORMANCE HIGHLIGHTS Growth Achieved during the period April 2025 - November 2025 and during last Three Years (April-November) Achievement (as per units applicable) April - November 2025
2025-11,Performance Review,2025-26,ReviewReportNov25.pdf,22,Freight Traffic (MT),achievement,2025-04,cumulative,8.83,MT,8.83,INFRASTRUCTURE SECTOR PERFORMANCE HIGHLIGHTS Growth Achieved during the period April 2025 - November 2025 and during last Three Years (April-November) Percent change in achievement over corresponding period of the previous year April - November 2022
2025-11,Performance Review,2025-26,ReviewReportNov25.pdf,22,Freight Traffic (MT),achievement,2025-04,cumulative,18.7,MT,18.70,INFRASTRUCTURE SECTOR PERFORMANCE HIGHLIGHTS Growth Achieved during the period April 2025 - November 2025 and during last Three Years (April-November) Percent change in achievement over corresponding period of the previous year April - November 2023
2025-11,Performance Review,2025-26,ReviewReportNov25.pdf,22,Freight Traffic (MT),achievement,2025-04,cumulative,2.11,MT,2.11,INFRASTRUCTURE SECTOR PERFORMANCE HIGHLIGHTS Growth Achieved during the period April 2025 - November 2025 and during last Three Years (April-November) Percent change in achievement over corresponding period of the previous year April - November 2024
2025-11,Performance Review,2025-26,ReviewReportNov25.pdf,22,Freight Traffic (MT),achievement,2025-04,cumulative,3.25,MT,3.25,INFRASTRUCTURE SECTOR PERFORMANCE HIGHLIGHTS Growth Achieved during the period April 2025 - November 2025 and during last Three Years (April-November) Percent change in achievement over corresponding period of the previous year April - November 2025
2026-01,Performance Review,2025-26,Review Report Jan26.pdf,50,Improvement of low grade section (Kms.),achievement,2025-04,cumulative,0.0,Kms,0.00,"April,2025-January 2026 Achievement (Provisional)"
2026-01,Performance Review,2025-26,Review Report Jan26.pdf,50,Improvement of low grade section (Kms.),target,2025-04,cumulative,0.0,Kms,0.00,"April,2025-January 2026 Target"
2025-07,Performance Review,2025-26,CompleteReviewReportJuly2025.pdf,49,Improvement of riding quality prog.(IRQP) (Kms.),achievement,2025-04,cumulative,200.99,Kms,200.99,"April,2025-July 2025 Achievement (Provisional) $"
2026-01,Performance Review,2025-26,Review Report Jan26.pdf,50,Improvement of riding quality prog.(IRQP) (Kms.),achievement,2025-04,cumulative,124.85,Kms,124.85,"April,2025-January 2026 Achievement (Provisional)"
2026-01,Performance Review,2025-26,Review Report Jan26.pdf,50,Improvement of riding quality prog.(IRQP) (Kms.),target,2025-04,cumulative,0.0,Kms,0.00,"April,2025-January 2026 Target"
2026-01,Performance Review,2025-26,Review Report Jan26.pdf,30,"Others (TISCO,IISCO,DVC)",achievement,2025-04,cumulative,169.2,,169.200,"April,2025-January 2026 Achievement (Provisional) 39.010 27.610 60.500 117.620 47.400 138.730 177.960 0.180"
2026-01,Performance Review,2025-26,Review Report Jan26.pdf,33,"Others (TISCO,IISCO,DVC)",achievement,2025-04,cumulative,171.31,,171.310,"April,2025-January 2026 Achievement (Provisional) 37.940 28.230 61.150 114.610 49.480 145.820 175.090 0.150"
2026-01,Performance Review,2025-26,Review Report Jan26.pdf,30,"Others (TISCO,IISCO,DVC)",target,2025-04,cumulative,0.0,,0.000,"April,2025-January 2026 Target 45.500 37.400 86.560 118.130 52.850 163.880 192.350 0.200"
2026-01,Performance Review,2025-26,Review Report Jan26.pdf,33,"Others (TISCO,IISCO,DVC)",target,2025-04,cumulative,0.0,,0.000,"April,2025-January 2026 Target 49.390 38.430 91.350 114.680 56.440 179.470 206.780 0.190"
2026-01,Performance Review,2025-26,Review Report Jan26.pdf,30,"Others (TISCO,IISCO,DVC)",variation_pct,2025-04,cumulative,399.26,,399.26,"% Variation Over Target April,2025- January 2026 -14.25 -26.19 -30.12 -0.17 -10.30 -15.57 -7.49 -20.00"
2026-01,Performance Review,2025-26,Review Report Jan26.pdf,33,"Others (TISCO,IISCO,DVC)",variation_pct,2025-04,cumulative,405.49,,405.49,"% Variation Over Target April,2025- January 2026 -22.93 -24.40 -32.15 -2.66 -13.50 -18.54 -15.37 -18.48"
2026-01,Performance Review,2025-26,Review Report Jan26.pdf,22,Power (BU),achievement,2025-04,cumulative,1234.757,BU,1234.757,INFRASTRUCTURE SECTOR PERFORMANCE HIGHLIGHTS Growth Achieved during the period April 2025 - January 2025 and during last Three Years (April-January) Achievement (as per units applicable) April - January 2022
2026-01,Performance Review,2025-26,Review Report Jan26.pdf,22,Power (BU),achievement,2025-04,cumulative,1359.975,BU,1359.975,INFRASTRUCTURE SECTOR PERFORMANCE HIGHLIGHTS Growth Achieved during the period April 2025 - January 2025 and during last Three Years (April-January) Achievement (as per units applicable) April - January 2023
2026-01,Performance Review,2025-26,Review Report Jan26.pdf,22,Power (BU),achievement,2025-04,cumulative,1453.057,BU,1453.057,INFRASTRUCTURE SECTOR PERFORMANCE HIGHLIGHTS Growth Achieved during the period April 2025 - January 2025 and during last Three Years (April-January) Achievement (as per units applicable) April - January 2024
2026-01,Performance Review,2025-26,Review Report Jan26.pdf,22,Power (BU),achievement,2025-04,cumulative,1526.815,BU,1526.815,INFRASTRUCTURE SECTOR PERFORMANCE HIGHLIGHTS Growth Achieved during the period April 2025 - January 2025 and during last Three Years (April-January) Achievement (as per units applicable) April - January 2025
2026-01,Performance Review,2025-26,Review Report Jan26.pdf,22,Power (BU),achievement,2025-04,cumulative,1541.237,BU,1541.237,INFRASTRUCTURE SECTOR PERFORMANCE HIGHLIGHTS Growth Achieved during the period April 2025 - January 2025 and during last Three Years (April-January) Achievement (as per units applicable) April - January 2026
2026-01,Performance Review,2025-26,Review Report Jan26.pdf,22,Power (BU),achievement,2025-04,cumulative,10.14,BU,10.14,INFRASTRUCTURE SECTOR PERFORMANCE HIGHLIGHTS Growth Achieved during the period April 2025 - January 2025 and during last Three Years (April-January) Percent change in achievement over corresponding period of the previous year April - January 2023
2026-01,Performance Review,2025-26,Review Report Jan26.pdf,22,Power (BU),achievement,2025-04,cumulative,6.84,BU,6.84,INFRASTRUCTURE SECTOR PERFORMANCE HIGHLIGHTS Growth Achieved during the period April 2025 - January 2025 and during last Three Years (April-January) Percent change in achievement over corresponding period of the previous year April - January 2024
2026-01,Performance Review,2025-26,Review Report Jan26.pdf,22,Power (BU),achievement,2025-04,cumulative,5.08,BU,5.08,INFRASTRUCTURE SECTOR PERFORMANCE HIGHLIGHTS Growth Achieved during the period April 2025 - January 2025 and during last Three Years (April-January) Percent change in achievement over corresponding period of the previous year April - January 2025
2026-01,Performance Review,2025-26,Review Report Jan26.pdf,22,Power (BU),achievement,2025-04,cumulative,0.94,BU,0.94,INFRASTRUCTURE SECTOR PERFORMANCE HIGHLIGHTS Growth Achieved during the period April 2025 - January 2025 and during last Three Years (April-January) Percent change in achievement over corresponding period of the previous year April - January 2026
2025-11,Performance Review,2025-26,ReviewReportNov25.pdf,22,Power (BU),achievement,2025-04,cumulative,994.966,BU,994.966,INFRASTRUCTURE SECTOR PERFORMANCE HIGHLIGHTS Growth Achieved during the period April 2025 - November 2025 and during last Three Years (April-November) Achievement (as per units applicable) April - November 2021
2025-11,Performance Review,2025-26,ReviewReportNov25.pdf,22,Power (BU),achievement,2025-04,cumulative,1092.519,BU,1092.519,INFRASTRUCTURE SECTOR PERFORMANCE HIGHLIGHTS Growth Achieved during the period April 2025 - November 2025 and during last Three Years (April-November) Achievement (as per units applicable) April - November 2022
2025-11,Performance Review,2025-26,ReviewReportNov25.pdf,22,Power (BU),achievement,2025-04,cumulative,1176.254,BU,1176.254,INFRASTRUCTURE SECTOR PERFORMANCE HIGHLIGHTS Growth Achieved during the period April 2025 - November 2025 and during last Three Years (April-November) Achievement (as per units applicable) April - November 2023
2025-11,Performance Review,2025-26,ReviewReportNov25.pdf,22,Power (BU),achievement,2025-04,cumulative,1238.598,BU,1238.598,INFRASTRUCTURE SECTOR PERFORMANCE HIGHLIGHTS Growth Achieved during the period April 2025 - November 2025 and during last Three Years (April-November) Achievement (as per units applicable) April - November 2024
2025-11,Performance Review,2025-26,ReviewReportNov25.pdf,22,Power (BU),achievement,2025-04,cumulative,1236.464,BU,1236.464,INFRASTRUCTURE SECTOR PERFORMANCE HIGHLIGHTS Growth Achieved during the period April 2025 - November 2025 and during last Three Years (April-November) Achievement (as per units applicable) April - November 2025
2025-11,Performance Review,2025-26,ReviewReportNov25.pdf,22,Power (BU),achievement,2025-04,cumulative,9.8,BU,9.80,INFRASTRUCTURE SECTOR PERFORMANCE HIGHLIGHTS Growth Achieved during the period April 2025 - November 2025 and during last Three Years (April-November) Percent change in achievement over corresponding period of the previous year April - November 2022
2025-11,Performance Review,2025-26,ReviewReportNov25.pdf,22,Power (BU),achievement,2025-04,cumulative,7.66,BU,7.66,INFRASTRUCTURE SECTOR PERFORMANCE HIGHLIGHTS Growth Achieved during the period April 2025 - November 2025 and during last Three Years (April-November) Percent change in achievement over corresponding period of the previous year April - November 2023
2025-11,Performance Review,2025-26,ReviewReportNov25.pdf,22,Power (BU),achievement,2025-04,cumulative,5.3,BU,5.30,INFRASTRUCTURE SECTOR PERFORMANCE HIGHLIGHTS Growth Achieved during the period April 2025 - November 2025 and during last Three Years (April-November) Percent change in achievement over corresponding period of the previous year April - November 2024
2025-11,Performance Review,2025-26,ReviewReportNov25.pdf,22,Power (BU),achievement,2025-04,cumulative,-0.17,BU,-0.17,INFRASTRUCTURE SECTOR PERFORMANCE HIGHLIGHTS Growth Achieved during the period April 2025 - November 2025 and during last Three Years (April-November) Percent change in achievement over corresponding period of the previous year April - November 2025
2026-01,Performance Review,2025-26,Review Report Jan26.pdf,50,Rehabilitation/ Construction of Bridges (Nos.),achievement,2025-04,cumulative,0.0,Nos,0,"April,2025-January 2026 Achievement (Provisional)"
2026-01,Performance Review,2025-26,Review Report Jan26.pdf,30,SCCL,achievement,2025-04,cumulative,48.88,,48.880,"April,2025-January 2026 Achievement (Provisional) 39.010 27.610 60.500 117.620 47.400 138.730 177.960 0.180"
2026-01,Performance Review,2025-26,Review Report Jan26.pdf,33,SCCL,achievement,2025-04,cumulative,50.28,,50.280,"April,2025-January 2026 Achievement (Provisional) 37.940 28.230 61.150 114.610 49.480 145.820 175.090 0.150"
2026-01,Performance Review,2025-26,Review Report Jan26.pdf,30,SCCL,target,2025-04,cumulative,58.47,,58.470,"April,2025-January 2026 Target 45.500 37.400 86.560 118.130 52.850 163.880 192.350 0.200"
2026-01,Performance Review,2025-26,Review Report Jan26.pdf,33,SCCL,target,2025-04,cumulative,58.47,,58.470,"April,2025-January 2026 Target 49.390 38.430 91.350 114.680 56.440 179.470 206.780 0.190"
2026-01,Performance Review,2025-26,Review Report Jan26.pdf,30,SCCL,variation_pct,2025-04,cumulative,-16.44,,-16.44,"% Variation Over Target April,2025- January 2026 -14.25 -26.19 -30.12 -0.17 -10.30 -15.57 -7.49 -20.00"
2026-01,Performance Review,2025-26,Review Report Jan26.pdf,33,SCCL,variation_pct,2025-04,cumulative,-14.05,,-14.05,"% Variation Over Target April,2025- January 2026 -22.93 -24.40 -32.15 -2.66 -13.50 -18.54 -15.37 -18.48"
2026-01,Performance Review,2025-26,Review Report Jan26.pdf,22,Steel (Finished Steel) (MT),achievement,2025-04,cumulative,93.41,MT,93.410,INFRASTRUCTURE SECTOR PERFORMANCE HIGHLIGHTS Growth Achieved during the period April 2025 - January 2025 and during last Three Years (April-January) Achievement (as per units applicable) April - January 2022
2026-01,Performance Review,2025-26,Review Report Jan26.pdf,22,Steel (Finished Steel) (MT),achievement,2025-04,cumulative,101.053,MT,101.053,INFRASTRUCTURE SECTOR PERFORMANCE HIGHLIGHTS Growth Achieved during the period April 2025 - January 2025 and during last Three Years (April-January) Achievement (as per units applicable) April - January 2023
2026-01,Performance Review,2025-26,Review Report Jan26.pdf,22,Steel (Finished Steel) (MT),achievement,2025-04,cumulative,114.967,MT,114.967,INFRASTRUCTURE SECTOR PERFORMANCE HIGHLIGHTS Growth Achieved during the period April 2025 - January 2025 and during last Three Years (April-January) Achievement (as per units applicable) April - January 2024
2026-01,Performance Review,2025-26,Review Report Jan26.pdf,22,Steel (Finished Steel) (MT),achievement,2025-04,cumulative,120.562,MT,120.562,INFRASTRUCTURE SECTOR PERFORMANCE HIGHLIGHTS Growth Achieved during the period April 2025 - January 2025 and during last Three Years (April-January) Achievement (as per units applicable) April - January 2025
2026-01,Performance Review,2025-26,Review Report Jan26.pdf,22,Steel (Finished Steel) (MT),achievement,2025-04,cumulative,133.393,MT,133.393,INFRASTRUCTURE SECTOR PERFORMANCE HIGHLIGHTS Growth Achieved during the period April 2025 - January 2025 and during last Three Years (April-January) Achievement (as per units applicable) April - January 2026
2026-01,Performance Review,2025-26,Review Report Jan26.pdf,22,Steel (Finished Steel) (MT),achievement,2025-04,cumulative,8.18,MT,8.18,INFRASTRUCTURE SECTOR PERFORMANCE HIGHLIGHTS Growth Achieved during the period April 2025 - January 2025 and during last Three Years (April-January) Percent change in achievement over corresponding period of the previous year April - January 2023
2026-01,Performance Review,2025-26,Review Report Jan26.pdf,22,Steel (Finished Steel) (MT),achievement,2025-04,cumulative,13.77,MT,13.77,INFRASTRUCTURE SECTOR PERFORMANCE HIGHLIGHTS Growth Achieved during the period April 2025 - January 2025 and during last Three Years (April-January) Percent change in achievement over corresponding period of the previous year April - January 2024
2026-01,Performance Review,2025-26,Review Report Jan26.pdf,22,Steel (Finished Steel) (MT),achievement,2025-04,cumulative,4.87,MT,4.87,INFRASTRUCTURE SECTOR PERFORMANCE HIGHLIGHTS Growth Achieved during the period April 2025 - January 2025 and during last Three Years (April-January) Percent change in achievement over corresponding period of the previous year April - January 2025
2026-01,Performance Review,2025-26,Review Report Jan26.pdf,22,Steel (Finished Steel) (MT),achievement,2025-04,cumulative,10.64,MT,10.64,INFRASTRUCTURE SECTOR PERFORMANCE HIGHLIGHTS Growth Achieved during the period April 2025 - January 2025 and during last Three Years (April-January) Percent change in achievement over corresponding period of the previous year April - January 2026
2025-11,Performance Review,2025-26,ReviewReportNov25.pdf,22,Steel (Finished Steel) (MT),achievement,2025-04,cumulative,73.02,MT,73.020,INFRASTRUCTURE SECTOR PERFORMANCE HIGHLIGHTS Growth Achieved during the period April 2025 - November 2025 and during last Three Years (April-November) Achievement (as per units applicable) April - November 2021
2025-11,Performance Review,2025-26,ReviewReportNov25.pdf,22,Steel (Finished Steel) (MT),achievement,2025-04,cumulative,78.498,MT,78.498,INFRASTRUCTURE SECTOR PERFORMANCE HIGHLIGHTS Growth Achieved during the period April 2025 - November 2025 and during last Three Years (April-November) Achievement (as per units applicable) April - November 2022
2025-11,Performance Review,2025-26,ReviewReportNov25.pdf,22,Steel (Finished Steel) (MT),achievement,2025-04,cumulative,90.491,MT,90.491,INFRASTRUCTURE SECTOR PERFORMANCE HIGHLIGHTS Growth Achieved during the period April 2025 - November 2025 and during last Three Years (April-November) Achievement (as per units applicable) April - November 2023
2025-11,Performance Review,2025-26,ReviewReportNov25.pdf,22,Steel (Finished Steel) (MT),achievement,2025-04,cumulative,94.609,MT,94.609,INFRASTRUCTURE SECTOR PERFORMANCE HIGHLIGHTS Growth Achieved during the period April 2025 - November 2025 and during last Three Years (April-November) Achievement (as per units applicable) April - November 2024
2025-11,Performance Review,2025-26,ReviewReportNov25.pdf,22,Steel (Finished Steel) (MT),achievement,2025-04,cumulative,104.574,MT,104.574,INFRASTRUCTURE SECTOR PERFORMANCE HIGHLIGHTS Growth Achieved during the period April 2025 - November 2025 and during last Three Years (April-November) Achievement (as per units applicable) April - November 2025
2025-11,Performance Review,2025-26,ReviewReportNov25.pdf,22,Steel (Finished Steel) (MT),achievement,2025-04,cumulative,7.5,MT,7.50,INFRASTRUCTURE SECTOR PERFORMANCE HIGHLIGHTS Growth Achieved during the period April 2025 - November 2025 and during last Three Years (April-November) Percent change in achievement over corresponding period of the previous year April - November 2022
2025-11,Performance Review,2025-26,ReviewReportNov25.pdf,22,Steel (Finished Steel) (MT),achievement,2025-04,cumulative,15.28,MT,15.28,INFRASTRUCTURE SECTOR PERFORMANCE HIGHLIGHTS Growth Achieved during the period April 2025 - November 2025 and during last Three Years (April-November) Percent change in achievement over corresponding period of the previous year April - November 2023
2025-11,Performance Review,2025-26,ReviewReportNov25.pdf,22,Steel (Finished Steel) (MT),achievement,2025-04,cumulative,4.55,MT,4.55,INFRASTRUCTURE SECTOR PERFORMANCE HIGHLIGHTS Growth Achieved during the period April 2025 - November 2025 and during last Three Years (April-November) Percent change in achievement over corresponding period of the previous year April - November 2024
2025-11,Performance Review,2025-26,ReviewReportNov25.pdf,22,Steel (Finished Steel) (MT),achievement,2025-04,cumulative,10.53,MT,10.53,INFRASTRUCTURE SECTOR PERFORMANCE HIGHLIGHTS Growth Achieved during the period April 2025 - November 2025 and during last Three Years (April-November) Percent change in achievement over corresponding period of the previous year April - November 2025
2025-07,Performance Review,2025-26,CompleteReviewReportJuly2025.pdf,49,Strengthening of existing weak pavement (Kms.),achievement,2025-04,cumulative,94.42,Kms,94.42,"April,2025-July 2025 Achievement (Provisional) $"
2025-06,Performance Review,2025-26,CompleteReviewReportJune2025.pdf,45,Strengthening of existing weak pavement (Kms.),achievement,2025-04,cumulative,69.68,Kms,69.68,"April,2025-June 2025 Achievement (Provisional) $"
2026-01,Performance Review,2025-26,Review Report Jan26.pdf,50,Strengthening of existing weak pavement (Kms.),achievement,2025-04,cumulative,135.0,Kms,135.00,"April,2025-January 2026 Achievement (Provisional)"
2025-07,Performance Review,2025-26,CompleteReviewReportJuly2025.pdf,49,Widening to four/six/eight lanes (Kms.),achievement,2025-04,cumulative,193.7,Kms,193.70,"April,2025-July 2025 Achievement (Provisional) $"
2025-06,Performance Review,2025-26,CompleteReviewReportJune2025.pdf,45,Widening to four/six/eight lanes (Kms.),achievement,2025-04,cumulative,170.51,Kms,170.51,"April,2025-June 2025 Achievement (Provisional) $"
2026-01,Performance Review,2025-26,Review Report Jan26.pdf,50,Widening to four/six/eight lanes (Kms.),achievement,2025-04,cumulative,411.0,Kms,411.00,"April,2025-January 2026 Achievement (Provisional)"
2025-07,Performance Review,2025-26,CompleteReviewReportJuly2025.pdf,49,Widening to four/six/eight lanes (Kms.),target,2025-04,cumulative,1024.0,Kms,1024.00,"April,2025-July 2025 Target *"
2026-01,Performance Review,2025-26,Review Report Jan26.pdf,50,Widening to four/six/eight lanes (Kms.),target,2025-04,cumulative,2794.0,Kms,2794.00,"April,2025-January 2026 Target"
2025-07,Performance Review,2025-26,CompleteReviewReportJuly2025.pdf,49,Widening to two lanes (Kms.),achievement,2025-04,cumulative,790.9,Kms,790.90,"April,2025-July 2025 Achievement (Provisional) $"
2025-06,Performance Review,2025-26,CompleteReviewReportJune2025.pdf,45,Widening to two lanes (Kms.),achievement,2025-04,cumulative,659.28,Kms,659.28,"April,2025-June 2025 Achievement (Provisional) $"
2026-01,Performance Review,2025-26,Review Report Jan26.pdf,50,Widening to two lanes (Kms.),achievement,2025-04,cumulative,1745.0,Kms,1745.00,"April,2025-January 2026 Achievement (Provisional)"
2025-07,Performance Review,2025-26,CompleteReviewReportJuly2025.pdf,48,Widening/ Strengthening/ existing weak pavement to four/six/eight lanes (Kms.),achievement,2025-04,cumulative,1276.45,Kms,1276.45,"April,2025-July 2025 Achievement (Provisional) $"
2025-06,Performance Review,2025-26,CompleteReviewReportJune2025.pdf,44,Widening/ Strengthening/ existing weak pavement to four/six/eight lanes (Kms.),achievement,2025-04,cumulative,1041.21,Kms,1041.21,"April,2025-June 2025 Achievement (Provisional) $"
2026-01,Performance Review,2025-26,Review Report Jan26.pdf,49,Widening/ Strengthening/ existing weak pavement to four/six/eight lanes (Kms.),achievement,2025-04,cumulative,3271.0,Kms,3271.00,"April,2025-January 2026 Achievement (Provisional)"
2025-07,Performance Review,2025-26,CompleteReviewReportJuly2025.pdf,48,Widening/ Strengthening/ existing weak pavement to four/six/eight lanes (Kms.),target,2025-04,cumulative,1444.0,Kms,1444.00,"April,2025-July 2025 Target *"
2026-01,Performance Review,2025-26,Review Report Jan26.pdf,49,Widening/ Strengthening/ existing weak pavement to four/six/eight lanes (Kms.),target,2025-04,cumulative,3589.0,Kms,3589.00,"April,2025-January 2026 Target"
2025-07,Performance Review,2025-26,CompleteReviewReportJuly2025.pdf,48,Widening/ Strengthening/ existing weak pavement to four/six/eight lanes (Kms.),variation_pct,2025-04,cumulative,-11.6,Kms,-11.60,"% Variation Over Target April,2025- July 2025 $"
2026-01,Performance Review,2025-26,Review Report Jan26.pdf,49,Widening/ Strengthening/ existing weak pavement to four/six/eight lanes (Kms.),variation_pct,2025-04,cumulative,-8.86,Kms,-8.86,"% Variation Over Target April,2025- January 2026"
2026-01,Performance Review,2025-26,Review Report Jan26.pdf,22,i) Cargo Handled at Major Ports (MT),achievement,2025-04,cumulative,591.646,MT,591.646,INFRASTRUCTURE SECTOR PERFORMANCE HIGHLIGHTS Growth Achieved during the period April 2025 - January 2025 and during last Three Years (April-January) Achievement (as per units applicable) April - January 2022
2026-01,Performance Review,2025-26,Review Report Jan26.pdf,22,i) Cargo Handled at Major Ports (MT),achievement,2025-04,cumulative,646.884,MT,646.884,INFRASTRUCTURE SECTOR PERFORMANCE HIGHLIGHTS Growth Achieved during the period April 2025 - January 2025 and during last Three Years (April-January) Achievement (as per units applicable) April - January 2023
2026-01,Performance Review,2025-26,Review Report Jan26.pdf,22,i) Cargo Handled at Major Ports (MT),achievement,2025-04,cumulative,677.906,MT,677.906,INFRASTRUCTURE SECTOR PERFORMANCE HIGHLIGHTS Growth Achieved during the period April 2025 - January 2025 and during last Three Years (April-January) Achievement (as per units applicable) April - January 2024
2026-01,Performance Review,2025-26,Review Report Jan26.pdf,22,i) Cargo Handled at Major Ports (MT),achievement,2025-04,cumulative,698.896,MT,698.896,INFRASTRUCTURE SECTOR PERFORMANCE HIGHLIGHTS Growth Achieved during the period April 2025 - January 2025 and during last Three Years (April-January) Achievement (as per units applicable) April - January 2025
2026-01,Performance Review,2025-26,Review Report Jan26.pdf,22,i) Cargo Handled at Major Ports (MT),achievement,2025-04,cumulative,755.839,MT,755.839,INFRASTRUCTURE SECTOR PERFORMANCE HIGHLIGHTS Growth Achieved during the period April 2025 - January 2025 and during last Three Years (April-January) Achievement (as per units applicable) April - January 2026
2026-01,Performance Review,2025-26,Review Report Jan26.pdf,22,i) Cargo Handled at Major Ports (MT),achievement,2025-04,cumulative,9.34,MT,9.34,INFRASTRUCTURE SECTOR PERFORMANCE HIGHLIGHTS Growth Achieved during the period April 2025 - January 2025 and during last Three Years (April-January) Percent change in achievement over corresponding period of the previous year April - January 2023
2026-01,Performance Review,2025-26,Review Report Jan26.pdf,22,i) Cargo Handled at Major Ports (MT),achievement,2025-04,cumulative,4.8,MT,4.80,INFRASTRUCTURE SECTOR PERFORMANCE HIGHLIGHTS Growth Achieved during the period April 2025 - January 2025 and during last Three Years (April-January) Percent change in achievement over corresponding period of the previous year April - January 2024
2026-01,Performance Review,2025-26,Review Report Jan26.pdf,22,i) Cargo Handled at Major Ports (MT),achievement,2025-04,cumulative,3.1,MT,3.10,INFRASTRUCTURE SECTOR PERFORMANCE HIGHLIGHTS Growth Achieved during the period April 2025 - January 2025 and during last Three Years (April-January) Percent change in achievement over corresponding period of the previous year April - January 2025
2026-01,Performance Review,2025-26,Review Report Jan26.pdf,22,i) Cargo Handled at Major Ports (MT),achievement,2025-04,cumulative,8.15,MT,8.15,INFRASTRUCTURE SECTOR PERFORMANCE HIGHLIGHTS Growth Achieved during the period April 2025 - January 2025 and during last Three Years (April-January) Percent change in achievement over corresponding period of the previous year April - January 2026
2025-11,Performance Review,2025-26,ReviewReportNov25.pdf,22,i) Cargo Handled at Major Ports (MT),achievement,2025-04,cumulative,466.191,MT,466.191,INFRASTRUCTURE SECTOR PERFORMANCE HIGHLIGHTS Growth Achieved during the period April 2025 - November 2025 and during last Three Years (April-November) Achievement (as per units applicable) April - November 2021
2025-11,Performance Review,2025-26,ReviewReportNov25.pdf,22,i) Cargo Handled at Major Ports (MT),achievement,2025-04,cumulative,507.237,MT,507.237,INFRASTRUCTURE SECTOR PERFORMANCE HIGHLIGHTS Growth Achieved during the period April 2025 - November 2025 and during last Three Years (April-November) Achievement (as per units applicable) April - November 2022
2025-11,Performance Review,2025-26,ReviewReportNov25.pdf,22,i) Cargo Handled at Major Ports (MT),achievement,2025-04,cumulative,535.611,MT,535.611,INFRASTRUCTURE SECTOR PERFORMANCE HIGHLIGHTS Growth Achieved during the period April 2025 - November 2025 and during last Three Years (April-November) Achievement (as per units applicable) April - November 2023
2025-11,Performance Review,2025-26,ReviewReportNov25.pdf,22,i) Cargo Handled at Major Ports (MT),achievement,2025-04,cumulative,549.561,MT,549.561,INFRASTRUCTURE SECTOR PERFORMANCE HIGHLIGHTS Growth Achieved during the period April 2025 - November 2025 and during last Three Years (April-November) Achievement (as per units applicable) April - November 2024
2025-11,Performance Review,2025-26,ReviewReportNov25.pdf,22,i) Cargo Handled at Major Ports (MT),achievement,2025-04,cumulative,591.381,MT,591.381,INFRASTRUCTURE SECTOR PERFORMANCE HIGHLIGHTS Growth Achieved during the period April 2025 - November 2025 and during last Three Years (April-November) Achievement (as per units applicable) April - November 2025
2025-11,Performance Review,2025-26,ReviewReportNov25.pdf,22,i) Cargo Handled at Major Ports (MT),achievement,2025-04,cumulative,8.8,MT,8.80,INFRASTRUCTURE SECTOR PERFORMANCE HIGHLIGHTS Growth Achieved during the period April 2025 - November 2025 and during last Three Years (April-November) Percent change in achievement over corresponding period of the previous year April - November 2022
2025-11,Performance Review,2025-26,ReviewReportNov25.pdf,22,i) Cargo Handled at Major Ports (MT),achievement,2025-04,cumulative,5.59,MT,5.59,INFRASTRUCTURE SECTOR PERFORMANCE HIGHLIGHTS Growth Achieved during the period April 2025 - November 2025 and during last Three Years (April-November) Percent change in achievement over corresponding period of the previous year April - November 2023
2025-11,Performance Review,2025-26,ReviewReportNov25.pdf,22,i) Cargo Handled at Major Ports (MT),achievement,2025-04,cumulative,2.6,MT,2.60,INFRASTRUCTURE SECTOR PERFORMANCE HIGHLIGHTS Growth Achieved during the period April 2025 - November 2025 and during last Three Years (April-November) Percent change in achievement over corresponding period of the previous year April - November 2024
2025-11,Performance Review,2025-26,ReviewReportNov25.pdf,22,i) Cargo Handled at Major Ports (MT),achievement,2025-04,cumulative,7.61,MT,7.61,INFRASTRUCTURE SECTOR PERFORMANCE HIGHLIGHTS Growth Achieved during the period April 2025 - November 2025 and during last Three Years (April-November) Percent change in achievement over corresponding period of the previous year April - November 2025
2026-01,Performance Review,2025-26,Review Report Jan26.pdf,22,i) Crude Oil Prod. (MT),achievement,2025-04,cumulative,24.892,MT,24.892,INFRASTRUCTURE SECTOR PERFORMANCE HIGHLIGHTS Growth Achieved during the period April 2025 - January 2025 and during last Three Years (April-January) Achievement (as per units applicable) April - January 2022
2026-01,Performance Review,2025-26,Review Report Jan26.pdf,22,i) Crude Oil Prod. (MT),achievement,2025-04,cumulative,24.563,MT,24.563,INFRASTRUCTURE SECTOR PERFORMANCE HIGHLIGHTS Growth Achieved during the period April 2025 - January 2025 and during last Three Years (April-January) Achievement (as per units applicable) April - January 2023
2026-01,Performance Review,2025-26,Review Report Jan26.pdf,22,i) Crude Oil Prod. (MT),achievement,2025-04,cumulative,24.521,MT,24.521,INFRASTRUCTURE SECTOR PERFORMANCE HIGHLIGHTS Growth Achieved during the period April 2025 - January 2025 and during last Three Years (April-January) Achievement (as per units applicable) April - January 2024
2026-01,Performance Review,2025-26,Review Report Jan26.pdf,22,i) Crude Oil Prod. (MT),achievement,2025-04,cumulative,24.032,MT,24.032,INFRASTRUCTURE SECTOR PERFORMANCE HIGHLIGHTS Growth Achieved during the period April 2025 - January 2025 and during last Three Years (April-January) Achievement (as per units applicable) April - January 2025
2026-01,Performance Review,2025-26,Review Report Jan26.pdf,22,i) Crude Oil Prod. (MT),achievement,2025-04,cumulative,23.506,MT,23.506,INFRASTRUCTURE SECTOR PERFORMANCE HIGHLIGHTS Growth Achieved during the period April 2025 - January 2025 and during last Three Years (April-January) Achievement (as per units applicable) April - January 2026
2026-01,Performance Review,2025-26,Review Report Jan26.pdf,22,i) Crude Oil Prod. (MT),achievement,2025-04,cumulative,-1.32,MT,-1.32,INFRASTRUCTURE SECTOR PERFORMANCE HIGHLIGHTS Growth Achieved during the period April 2025 - January 2025 and during last Three Years (April-January) Percent change in achievement over corresponding period of the previous year April - January 2023
2026-01,Performance Review,2025-26,Review Report Jan26.pdf,22,i) Crude Oil Prod. (MT),achievement,2025-04,cumulative,-0.17,MT,-0.17,INFRASTRUCTURE SECTOR PERFORMANCE HIGHLIGHTS Growth Achieved during the period April 2025 - January 2025 and during last Three Years (April-January) Percent change in achievement over corresponding period of the previous year April - January 2024
2026-01,Performance Review,2025-26,Review Report Jan26.pdf,22,i) Crude Oil Prod. (MT),achievement,2025-04,cumulative,-1.99,MT,-1.99,INFRASTRUCTURE SECTOR PERFORMANCE HIGHLIGHTS Growth Achieved during the period April 2025 - January 2025 and during last Three Years (April-January) Percent change in achievement over corresponding period of the previous year April - January 2025
2026-01,Performance Review,2025-26,Review Report Jan26.pdf,22,i) Crude Oil Prod. (MT),achievement,2025-04,cumulative,-2.19,MT,-2.19,INFRASTRUCTURE SECTOR PERFORMANCE HIGHLIGHTS Growth Achieved during the period April 2025 - January 2025 and during last Three Years (April-January) Percent change in achievement over corresponding period of the previous year April - January 2026
2025-11,Performance Review,2025-26,ReviewReportNov25.pdf,22,i) Crude Oil Prod. (MT),achievement,2025-04,cumulative,19.87,MT,19.870,INFRASTRUCTURE SECTOR PERFORMANCE HIGHLIGHTS Growth Achieved during the period April 2025 - November 2025 and during last Three Years (April-November) Achievement (as per units applicable) April - November 2021
2025-11,Performance Review,2025-26,ReviewReportNov25.pdf,22,i) Crude Oil Prod. (MT),achievement,2025-04,cumulative,19.6,MT,19.600,INFRASTRUCTURE SECTOR PERFORMANCE HIGHLIGHTS Growth Achieved during the period April 2025 - November 2025 and during last Three Years (April-November) Achievement (as per units applicable) April - November 2022
2025-11,Performance Review,2025-26,ReviewReportNov25.pdf,22,i) Crude Oil Prod. (MT),achievement,2025-04,cumulative,19.563,MT,19.563,INFRASTRUCTURE SECTOR PERFORMANCE HIGHLIGHTS Growth Achieved during the period April 2025 - November 2025 and during last Three Years (April-November) Achievement (as per units applicable) April - November 2023
2025-11,Performance Review,2025-26,ReviewReportNov25.pdf,22,i) Crude Oil Prod. (MT),achievement,2025-04,cumulative,19.08922,MT,19.08922,INFRASTRUCTURE SECTOR PERFORMANCE HIGHLIGHTS Growth Achieved during the period April 2025 - November 2025 and during last Three Years (April-November) Achievement (as per units applicable) April - November 2024
2025-11,Performance Review,2025-26,ReviewReportNov25.pdf,22,i) Crude Oil Prod. (MT),achievement,2025-04,cumulative,18.843,MT,18.843,INFRASTRUCTURE SECTOR PERFORMANCE HIGHLIGHTS Growth Achieved during the period April 2025 - November 2025 and during last Three Years (April-November) Achievement (as per units applicable) April - November 2025
2025-11,Performance Review,2025-26,ReviewReportNov25.pdf,22,i) Crude Oil Prod. (MT),achievement,2025-04,cumulative,-1.36,MT,-1.36,INFRASTRUCTURE SECTOR PERFORMANCE HIGHLIGHTS Growth Achieved during the period April 2025 - November 2025 and during last Three Years (April-November) Percent change in achievement over corresponding period of the previous year April - November 2022
2025-11,Performance Review,2025-26,ReviewReportNov25.pdf,22,i) Crude Oil Prod. (MT),achievement,2025-04,cumulative,-0.19,MT,-0.19,INFRASTRUCTURE SECTOR PERFORMANCE HIGHLIGHTS Growth Achieved during the period April 2025 - November 2025 and during last Three Years (April-November) Percent change in achievement over corresponding period of the previous year April - November 2023
2025-11,Performance Review,2025-26,ReviewReportNov25.pdf,22,i) Crude Oil Prod. (MT),achievement,2025-04,cumulative,-2.42,MT,-2.42,INFRASTRUCTURE SECTOR PERFORMANCE HIGHLIGHTS Growth Achieved during the period April 2025 - November 2025 and during last Three Years (April-November) Percent change in achievement over corresponding period of the previous year April - November 2024
2025-11,Performance Review,2025-26,ReviewReportNov25.pdf,22,i) Crude Oil Prod. (MT),achievement,2025-04,cumulative,-1.29,MT,-1.29,INFRASTRUCTURE SECTOR PERFORMANCE HIGHLIGHTS Growth Achieved during the period April 2025 - November 2025 and during last Three Years (April-November) Percent change in achievement over corresponding period of the previous year April - November 2025
2026-01,Performance Review,2025-26,Review Report Jan26.pdf,22,i) NHAI (KM),achievement,2025-04,cumulative,2349.0,KM,2349,INFRASTRUCTURE SECTOR PERFORMANCE HIGHLIGHTS Growth Achieved during the period April 2025 - January 2025 and during last Three Years (April-January) Achievement (as per units applicable) April - January 2022
2026-01,Performance Review,2025-26,Review Report Jan26.pdf,22,i) NHAI (KM),achievement,2025-04,cumulative,2964.0,KM,2964.00,INFRASTRUCTURE SECTOR PERFORMANCE HIGHLIGHTS Growth Achieved during the period April 2025 - January 2025 and during last Three Years (April-January) Achievement (as per units applicable) April - January 2023
2026-01,Performance Review,2025-26,Review Report Jan26.pdf,22,i) NHAI (KM),achievement,2025-04,cumulative,3767.0,KM,3767.00,INFRASTRUCTURE SECTOR PERFORMANCE HIGHLIGHTS Growth Achieved during the period April 2025 - January 2025 and during last Three Years (April-January) Achievement (as per units applicable) April - January 2024
2026-01,Performance Review,2025-26,Review Report Jan26.pdf,22,i) NHAI (KM),achievement,2025-04,cumulative,3734.0,KM,3734,INFRASTRUCTURE SECTOR PERFORMANCE HIGHLIGHTS Growth Achieved during the period April 2025 - January 2025 and during last Three Years (April-January) Achievement (as per units applicable) April - January 2025
2026-01,Performance Review,2025-26,Review Report Jan26.pdf,22,i) NHAI (KM),achievement,2025-04,cumulative,3271.0,KM,3271.00,INFRASTRUCTURE SECTOR PERFORMANCE HIGHLIGHTS Growth Achieved during the period April 2025 - January 2025 and during last Three Years (April-January) Achievement (as per units applicable) April - January 2026
2026-01,Performance Review,2025-26,Review Report Jan26.pdf,22,i) NHAI (KM),achievement,2025-04,cumulative,26.18,KM,26.18,INFRASTRUCTURE SECTOR PERFORMANCE HIGHLIGHTS Growth Achieved during the period April 2025 - January 2025 and during last Three Years (April-January) Percent change in achievement over corresponding period of the previous year April - January 2023
2026-01,Performance Review,2025-26,Review Report Jan26.pdf,22,i) NHAI (KM),achievement,2025-04,cumulative,27.09,KM,27.09,INFRASTRUCTURE SECTOR PERFORMANCE HIGHLIGHTS Growth Achieved during the period April 2025 - January 2025 and during last Three Years (April-January) Percent change in achievement over corresponding period of the previous year April - January 2024
2026-01,Performance Review,2025-26,Review Report Jan26.pdf,22,i) NHAI (KM),achievement,2025-04,cumulative,-0.88,KM,-0.88,INFRASTRUCTURE SECTOR PERFORMANCE HIGHLIGHTS Growth Achieved during the period April 2025 - January 2025 and during last Three Years (April-January) Percent change in achievement over corresponding period of the previous year April - January 2025
2026-01,Performance Review,2025-26,Review Report Jan26.pdf,22,i) NHAI (KM),achievement,2025-04,cumulative,-12.4,KM,-12.40,INFRASTRUCTURE SECTOR PERFORMANCE HIGHLIGHTS Growth Achieved during the period April 2025 - January 2025 and during last Three Years (April-January) Percent change in achievement over corresponding period of the previous year April - January 2026
2025-11,Performance Review,2025-26,ReviewReportNov25.pdf,22,i) NHAI (KM),achievement,2025-04,cumulative,1739.0,KM,1739.00,INFRASTRUCTURE SECTOR PERFORMANCE HIGHLIGHTS Growth Achieved during the period April 2025 - November 2025 and during last Three Years (April-November) Achievement (as per units applicable) April - November 2021
2025-11,Performance Review,2025-26,ReviewReportNov25.pdf,22,i) NHAI (KM),achievement,2025-04,cumulative,2114.0,KM,2114.00,INFRASTRUCTURE SECTOR PERFORMANCE HIGHLIGHTS Growth Achieved during the period April 2025 - November 2025 and during last Three Years (April-November) Achievement (as per units applicable) April - November 2022
2025-11,Performance Review,2025-26,ReviewReportNov25.pdf,22,i) NHAI (KM),achievement,2025-04,cumulative,2408.0,KM,2408.00,INFRASTRUCTURE SECTOR PERFORMANCE HIGHLIGHTS Growth Achieved during the period April 2025 - November 2025 and during last Three Years (April-November) Achievement (as per units applicable) April - November 2023
2025-11,Performance Review,2025-26,ReviewReportNov25.pdf,22,i) NHAI (KM),achievement,2025-04,cumulative,2425.0,KM,2425,INFRASTRUCTURE SECTOR PERFORMANCE HIGHLIGHTS Growth Achieved during the period April 2025 - November 2025 and during last Three Years (April-November) Achievement (as per units applicable) April - November 2024
2025-11,Performance Review,2025-26,ReviewReportNov25.pdf,22,i) NHAI (KM),achievement,2025-04,cumulative,2353.0,KM,2353.00,INFRASTRUCTURE SECTOR PERFORMANCE HIGHLIGHTS Growth Achieved during the period April 2025 - November 2025 and during last Three Years (April-November) Achievement (as per units applicable) April - November 2025
2025-11,Performance Review,2025-26,ReviewReportNov25.pdf,22,i) NHAI (KM),achievement,2025-04,cumulative,21.56,KM,21.56,INFRASTRUCTURE SECTOR PERFORMANCE HIGHLIGHTS Growth Achieved during the period April 2025 - November 2025 and during last Three Years (April-November) Percent change in achievement over corresponding period of the previous year April - November 2022
2025-11,Performance Review,2025-26,ReviewReportNov25.pdf,22,i) NHAI (KM),achievement,2025-04,cumulative,13.91,KM,13.91,INFRASTRUCTURE SECTOR PERFORMANCE HIGHLIGHTS Growth Achieved during the period April 2025 - November 2025 and during last Three Years (April-November) Percent change in achievement over corresponding period of the previous year April - November 2023
2025-11,Performance Review,2025-26,ReviewReportNov25.pdf,22,i) NHAI (KM),achievement,2025-04,cumulative,0.71,KM,0.71,INFRASTRUCTURE SECTOR PERFORMANCE HIGHLIGHTS Growth Achieved during the period April 2025 - November 2025 and during last Three Years (April-November) Percent change in achievement over corresponding period of the previous year April - November 2024
2025-11,Performance Review,2025-26,ReviewReportNov25.pdf,22,i) NHAI (KM),achievement,2025-04,cumulative,-2.97,KM,-2.97,INFRASTRUCTURE SECTOR PERFORMANCE HIGHLIGHTS Growth Achieved during the period April 2025 - November 2025 and during last Three Years (April-November) Percent change in achievement over corresponding period of the previous year April - November 2025
2026-01,Performance Review,2025-26,Review Report Jan26.pdf,22,i) Wired Subscribers ('000 No.),achievement,2025-04,cumulative,3293.549,,3293.549,INFRASTRUCTURE SECTOR PERFORMANCE HIGHLIGHTS Growth Achieved during the period April 2025 - January 2025 and during last Three Years (April-January) Achievement (as per units applicable) April - January 2022
2026-01,Performance Review,2025-26,Review Report Jan26.pdf,22,i) Wired Subscribers ('000 No.),achievement,2025-04,cumulative,2581.918,,2581.918,INFRASTRUCTURE SECTOR PERFORMANCE HIGHLIGHTS Growth Achieved during the period April 2025 - January 2025 and during last Three Years (April-January) Achievement (as per units applicable) April - January 2023
2026-01,Performance Review,2025-26,Review Report Jan26.pdf,22,i) Wired Subscribers ('000 No.),achievement,2025-04,cumulative,2574.126,,2574.126,INFRASTRUCTURE SECTOR PERFORMANCE HIGHLIGHTS Growth Achieved during the period April 2025 - January 2025 and during last Three Years (April-January) Achievement (as per units applicable) April - January 2024
2026-01,Performance Review,2025-26,Review Report Jan26.pdf,22,i) Wired Subscribers ('000 No.),achievement,2025-04,cumulative,-21.61,,-21.61,INFRASTRUCTURE SECTOR PERFORMANCE HIGHLIGHTS Growth Achieved during the period April 2025 - January 2025 and during last Three Years (April-January) Percent change in achievement over corresponding period of the previous year April - January 2023
2026-01,Performance Review,2025-26,Review Report Jan26.pdf,22,i) Wired Subscribers ('000 No.),achievement,2025-04,cumulative,-0.3,,-0.30,INFRASTRUCTURE SECTOR PERFORMANCE HIGHLIGHTS Growth Achieved during the period April 2025 - January 2025 and during last Three Years (April-January) Percent change in achievement over corresponding period of the previous year April - January 2024
2025-11,Performance Review,2025-26,ReviewReportNov25.pdf,22,i) Wired Subscribers ('000 No.),achievement,2025-04,cumulative,3082.172,,3082.172,INFRASTRUCTURE SECTOR PERFORMANCE HIGHLIGHTS Growth Achieved during the period April 2025 - November 2025 and during last Three Years (April-November) Achievement (as per units applicable) April - November 2021
2025-11,Performance Review,2025-26,ReviewReportNov25.pdf,22,i) Wired Subscribers ('000 No.),achievement,2025-04,cumulative,1948.319,,1948.319,INFRASTRUCTURE SECTOR PERFORMANCE HIGHLIGHTS Growth Achieved during the period April 2025 - November 2025 and during last Three Years (April-November) Achievement (as per units applicable) April - November 2022
2025-11,Performance Review,2025-26,ReviewReportNov25.pdf,22,i) Wired Subscribers ('000 No.),achievement,2025-04,cumulative,2008.167,,2008.167,INFRASTRUCTURE SECTOR PERFORMANCE HIGHLIGHTS Growth Achieved during the period April 2025 - November 2025 and during last Three Years (April-November) Achievement (as per units applicable) April - November 2023
2025-11,Performance Review,2025-26,ReviewReportNov25.pdf,22,i) Wired Subscribers ('000 No.),achievement,2025-04,cumulative,2366.414,,2366.414,INFRASTRUCTURE SECTOR PERFORMANCE HIGHLIGHTS Growth Achieved during the period April 2025 - November 2025 and during last Three Years (April-November) Achievement (as per units applicable) April - November 2024
2025-11,Performance Review,2025-26,ReviewReportNov25.pdf,22,i) Wired Subscribers ('000 No.),achievement,2025-04,cumulative,-36.79,,-36.79,INFRASTRUCTURE SECTOR PERFORMANCE HIGHLIGHTS Growth Achieved during the period April 2025 - November 2025 and during last Three Years (April-November) Percent change in achievement over corresponding period of the previous year April - November 2022
2025-11,Performance Review,2025-26,ReviewReportNov25.pdf,22,i) Wired Subscribers ('000 No.),achievement,2025-04,cumulative,3.07,,3.07,INFRASTRUCTURE SECTOR PERFORMANCE HIGHLIGHTS Growth Achieved during the period April 2025 - November 2025 and during last Three Years (April-November) Percent change in achievement over corresponding period of the previous year April - November 2023
2025-11,Performance Review,2025-26,ReviewReportNov25.pdf,22,i) Wired Subscribers ('000 No.),achievement,2025-04,cumulative,17.84,,17.84,INFRASTRUCTURE SECTOR PERFORMANCE HIGHLIGHTS Growth Achieved during the period April 2025 - November 2025 and during last Three Years (April-November) Percent change in achievement over corresponding period of the previous year April - November 2024
2026-01,Performance Review,2025-26,Review Report Jan26.pdf,22,ii) Coal handled at Major Ports(MT),achievement,2025-04,cumulative,119.714,MT,119.714,INFRASTRUCTURE SECTOR PERFORMANCE HIGHLIGHTS Growth Achieved during the period April 2025 - January 2025 and during last Three Years (April-January) Achievement (as per units applicable) April - January 2022
2026-01,Performance Review,2025-26,Review Report Jan26.pdf,22,ii) Coal handled at Major Ports(MT),achievement,2025-04,cumulative,156.296,MT,156.296,INFRASTRUCTURE SECTOR PERFORMANCE HIGHLIGHTS Growth Achieved during the period April 2025 - January 2025 and during last Three Years (April-January) Achievement (as per units applicable) April - January 2023
2026-01,Performance Review,2025-26,Review Report Jan26.pdf,22,ii) Coal handled at Major Ports(MT),achievement,2025-04,cumulative,160.474,MT,160.474,INFRASTRUCTURE SECTOR PERFORMANCE HIGHLIGHTS Growth Achieved during the period April 2025 - January 2025 and during last Three Years (April-January) Achievement (as per units applicable) April - January 2024
2026-01,Performance Review,2025-26,Review Report Jan26.pdf,22,ii) Coal handled at Major Ports(MT),achievement,2025-04,cumulative,155.194,MT,155.194,INFRASTRUCTURE SECTOR PERFORMANCE HIGHLIGHTS Growth Achieved during the period April 2025 - January 2025 and during last Three Years (April-January) Achievement (as per units applicable) April - January 2025
2026-01,Performance Review,2025-26,Review Report Jan26.pdf,22,ii) Coal handled at Major Ports(MT),achievement,2025-04,cumulative,161.062,MT,161.062,INFRASTRUCTURE SECTOR PERFORMANCE HIGHLIGHTS Growth Achieved during the period April 2025 - January 2025 and during last Three Years (April-January) Achievement (as per units applicable) April - January 2026
2026-01,Performance Review,2025-26,Review Report Jan26.pdf,22,ii) Coal handled at Major Ports(MT),achievement,2025-04,cumulative,30.56,MT,30.56,INFRASTRUCTURE SECTOR PERFORMANCE HIGHLIGHTS Growth Achieved during the period April 2025 - January 2025 and during last Three Years (April-January) Percent change in achievement over corresponding period of the previous year April - January 2023
2026-01,Performance Review,2025-26,Review Report Jan26.pdf,22,ii) Coal handled at Major Ports(MT),achievement,2025-04,cumulative,2.67,MT,2.67,INFRASTRUCTURE SECTOR PERFORMANCE HIGHLIGHTS Growth Achieved during the period April 2025 - January 2025 and during last Three Years (April-January) Percent change in achievement over corresponding period of the previous year April - January 2024
2026-01,Performance Review,2025-26,Review Report Jan26.pdf,22,ii) Coal handled at Major Ports(MT),achievement,2025-04,cumulative,-3.29,MT,-3.29,INFRASTRUCTURE SECTOR PERFORMANCE HIGHLIGHTS Growth Achieved during the period April 2025 - January 2025 and during last Three Years (April-January) Percent change in achievement over corresponding period of the previous year April - January 2025
2026-01,Performance Review,2025-26,Review Report Jan26.pdf,22,ii) Coal handled at Major Ports(MT),achievement,2025-04,cumulative,3.78,MT,3.78,INFRASTRUCTURE SECTOR PERFORMANCE HIGHLIGHTS Growth Achieved during the period April 2025 - January 2025 and during last Three Years (April-January) Percent change in achievement over corresponding period of the previous year April - January 2026
2025-11,Performance Review,2025-26,ReviewReportNov25.pdf,22,ii) Coal handled at Major Ports(MT),achievement,2025-04,cumulative,97.301,MT,97.301,INFRASTRUCTURE SECTOR PERFORMANCE HIGHLIGHTS Growth Achieved during the period April 2025 - November 2025 and during last Three Years (April-November) Achievement (as per units applicable) April - November 2021
2025-11,Performance Review,2025-26,ReviewReportNov25.pdf,22,ii) Coal handled at Major Ports(MT),achievement,2025-04,cumulative,124.634,MT,124.634,INFRASTRUCTURE SECTOR PERFORMANCE HIGHLIGHTS Growth Achieved during the period April 2025 - November 2025 and during last Three Years (April-November) Achievement (as per units applicable) April - November 2022
2025-11,Performance Review,2025-26,ReviewReportNov25.pdf,22,ii) Coal handled at Major Ports(MT),achievement,2025-04,cumulative,126.898,MT,126.898,INFRASTRUCTURE SECTOR PERFORMANCE HIGHLIGHTS Growth Achieved during the period April 2025 - November 2025 and during last Three Years (April-November) Achievement (as per units applicable) April - November 2023
2025-11,Performance Review,2025-26,ReviewReportNov25.pdf,22,ii) Coal handled at Major Ports(MT),achievement,2025-04,cumulative,123.988,MT,123.988,INFRASTRUCTURE SECTOR PERFORMANCE HIGHLIGHTS Growth Achieved during the period April 2025 - November 2025 and during last Three Years (April-November) Achievement (as per units applicable) April - November 2024
2025-11,Performance Review,2025-26,ReviewReportNov25.pdf,22,ii) Coal handled at Major Ports(MT),achievement,2025-04,cumulative,128.064,MT,128.064,INFRASTRUCTURE SECTOR PERFORMANCE HIGHLIGHTS Growth Achieved during the period April 2025 - November 2025 and during last Three Years (April-November) Achievement (as per units applicable) April - November 2025
2025-11,Performance Review,2025-26,ReviewReportNov25.pdf,22,ii) Coal handled at Major Ports(MT),achievement,2025-04,cumulative,28.09,MT,28.09,INFRASTRUCTURE SECTOR PERFORMANCE HIGHLIGHTS Growth Achieved during the period April 2025 - November 2025 and during last Three Years (April-November) Percent change in achievement over corresponding period of the previous year April - November 2022
2025-11,Performance Review,2025-26,ReviewReportNov25.pdf,22,ii) Coal handled at Major Ports(MT),achievement,2025-04,cumulative,1.82,MT,1.82,INFRASTRUCTURE SECTOR PERFORMANCE HIGHLIGHTS Growth Achieved during the period April 2025 - November 2025 and during last Three Years (April-November) Percent change in achievement over corresponding period of the previous year April - November 2023
2025-11,Performance Review,2025-26,ReviewReportNov25.pdf,22,ii) Coal handled at Major Ports(MT),achievement,2025-04,cumulative,-2.29,MT,-2.29,INFRASTRUCTURE SECTOR PERFORMANCE HIGHLIGHTS Growth Achieved during the period April 2025 - November 2025 and during last Three Years (April-November) Percent change in achievement over corresponding period of the previous year April - November 2024
2025-11,Performance Review,2025-26,ReviewReportNov25.pdf,22,ii) Coal handled at Major Ports(MT),achievement,2025-04,cumulative,3.29,MT,3.29,INFRASTRUCTURE SECTOR PERFORMANCE HIGHLIGHTS Growth Achieved during the period April 2025 - November 2025 and during last Three Years (April-November) Percent change in achievement over corresponding period of the previous year April - November 2025
2026-01,Performance Review,2025-26,Review Report Jan26.pdf,22,ii) Crude Oil Processed (MT),achievement,2025-04,cumulative,198.924,MT,198.924,INFRASTRUCTURE SECTOR PERFORMANCE HIGHLIGHTS Growth Achieved during the period April 2025 - January 2025 and during last Three Years (April-January) Achievement (as per units applicable) April - January 2022
2026-01,Performance Review,2025-26,Review Report Jan26.pdf,22,ii) Crude Oil Processed (MT),achievement,2025-04,cumulative,211.381,MT,211.381,INFRASTRUCTURE SECTOR PERFORMANCE HIGHLIGHTS Growth Achieved during the period April 2025 - January 2025 and during last Three Years (April-January) Achievement (as per units applicable) April - January 2023
2026-01,Performance Review,2025-26,Review Report Jan26.pdf,22,ii) Crude Oil Processed (MT),achievement,2025-04,cumulative,217.165,MT,217.165,INFRASTRUCTURE SECTOR PERFORMANCE HIGHLIGHTS Growth Achieved during the period April 2025 - January 2025 and during last Three Years (April-January) Achievement (as per units applicable) April - January 2024
2026-01,Performance Review,2025-26,Review Report Jan26.pdf,22,ii) Crude Oil Processed (MT),achievement,2025-04,cumulative,222.904,MT,222.904,INFRASTRUCTURE SECTOR PERFORMANCE HIGHLIGHTS Growth Achieved during the period April 2025 - January 2025 and during last Three Years (April-January) Achievement (as per units applicable) April - January 2025
2026-01,Performance Review,2025-26,Review Report Jan26.pdf,22,ii) Crude Oil Processed (MT),achievement,2025-04,cumulative,226.078,MT,226.078,INFRASTRUCTURE SECTOR PERFORMANCE HIGHLIGHTS Growth Achieved during the period April 2025 - January 2025 and during last Three Years (April-January) Achievement (as per units applicable) April - January 2026
2026-01,Performance Review,2025-26,Review Report Jan26.pdf,22,ii) Crude Oil Processed (MT),achievement,2025-04,cumulative,6.26,MT,6.26,INFRASTRUCTURE SECTOR PERFORMANCE HIGHLIGHTS Growth Achieved during the period April 2025 - January 2025 and during last Three Years (April-January) Percent change in achievement over corresponding period of the previous year April - January 2023
2026-01,Performance Review,2025-26,Review Report Jan26.pdf,22,ii) Crude Oil Processed (MT),achievement,2025-04,cumulative,2.74,MT,2.74,INFRASTRUCTURE SECTOR PERFORMANCE HIGHLIGHTS Growth Achieved during the period April 2025 - January 2025 and during last Three Years (April-January) Percent change in achievement over corresponding period of the previous year April - January 2024
2026-01,Performance Review,2025-26,Review Report Jan26.pdf,22,ii) Crude Oil Processed (MT),achievement,2025-04,cumulative,2.64,MT,2.64,INFRASTRUCTURE SECTOR PERFORMANCE HIGHLIGHTS Growth Achieved during the period April 2025 - January 2025 and during last Three Years (April-January) Percent change in achievement over corresponding period of the previous year April - January 2025
2026-01,Performance Review,2025-26,Review Report Jan26.pdf,22,ii) Crude Oil Processed (MT),achievement,2025-04,cumulative,1.42,MT,1.42,INFRASTRUCTURE SECTOR PERFORMANCE HIGHLIGHTS Growth Achieved during the period April 2025 - January 2025 and during last Three Years (April-January) Percent change in achievement over corresponding period of the previous year April - January 2026
2025-11,Performance Review,2025-26,ReviewReportNov25.pdf,22,ii) Crude Oil Processed (MT),achievement,2025-04,cumulative,155.733,MT,155.733,INFRASTRUCTURE SECTOR PERFORMANCE HIGHLIGHTS Growth Achieved during the period April 2025 - November 2025 and during last Three Years (April-November) Achievement (as per units applicable) April - November 2021
2025-11,Performance Review,2025-26,ReviewReportNov25.pdf,22,ii) Crude Oil Processed (MT),achievement,2025-04,cumulative,166.3,MT,166.300,INFRASTRUCTURE SECTOR PERFORMANCE HIGHLIGHTS Growth Achieved during the period April 2025 - November 2025 and during last Three Years (April-November) Achievement (as per units applicable) April - November 2022
2025-11,Performance Review,2025-26,ReviewReportNov25.pdf,22,ii) Crude Oil Processed (MT),achievement,2025-04,cumulative,172.044,MT,172.044,INFRASTRUCTURE SECTOR PERFORMANCE HIGHLIGHTS Growth Achieved during the period April 2025 - November 2025 and during last Three Years (April-November) Achievement (as per units applicable) April - November 2023
2025-11,Performance Review,2025-26,ReviewReportNov25.pdf,22,ii) Crude Oil Processed (MT),achievement,2025-04,cumulative,175.27402,MT,175.27402,INFRASTRUCTURE SECTOR PERFORMANCE HIGHLIGHTS Growth Achieved during the period April 2025 - November 2025 and during last Three Years (April-November) Achievement (as per units applicable) April - November 2024
2025-11,Performance Review,2025-26,ReviewReportNov25.pdf,22,ii) Crude Oil Processed (MT),achievement,2025-04,cumulative,178.532,MT,178.532,INFRASTRUCTURE SECTOR PERFORMANCE HIGHLIGHTS Growth Achieved during the period April 2025 - November 2025 and during last Three Years (April-November) Achievement (as per units applicable) April - November 2025
2025-11,Performance Review,2025-26,ReviewReportNov25.pdf,22,ii) Crude Oil Processed (MT),achievement,2025-04,cumulative,6.79,MT,6.79,INFRASTRUCTURE SECTOR PERFORMANCE HIGHLIGHTS Growth Achieved during the period April 2025 - November 2025 and during last Three Years (April-November) Percent change in achievement over corresponding period of the previous year April - November 2022
2025-11,Performance Review,2025-26,ReviewReportNov25.pdf,22,ii) Crude Oil Processed (MT),achievement,2025-04,cumulative,3.45,MT,3.45,INFRASTRUCTURE SECTOR PERFORMANCE HIGHLIGHTS Growth Achieved during the period April 2025 - November 2025 and during last Three Years (April-November) Percent change in achievement over corresponding period of the previous year April - November 2023
2025-11,Performance Review,2025-26,ReviewReportNov25.pdf,22,ii) Crude Oil Processed (MT),achievement,2025-04,cumulative,1.88,MT,1.88,INFRASTRUCTURE SECTOR PERFORMANCE HIGHLIGHTS Growth Achieved during the period April 2025 - November 2025 and during last Three Years (April-November) Percent change in achievement over corresponding period of the previous year April - November 2024
2025-11,Performance Review,2025-26,ReviewReportNov25.pdf,22,ii) Crude Oil Processed (MT),achievement,2025-04,cumulative,1.86,MT,1.86,INFRASTRUCTURE SECTOR PERFORMANCE HIGHLIGHTS Growth Achieved during the period April 2025 - November 2025 and during last Three Years (April-November) Percent change in achievement over corresponding period of the previous year April - November 2025
2026-01,Performance Review,2025-26,Review Report Jan26.pdf,22,ii) New net Cell phone (WLL+ GSM) connections ('000 No.),achievement,2025-04,cumulative,-13144.716,,-13144.716,INFRASTRUCTURE SECTOR PERFORMANCE HIGHLIGHTS Growth Achieved during the period April 2025 - January 2025 and during last Three Years (April-January) Achievement (as per units applicable) April - January 2022
2026-01,Performance Review,2025-26,Review Report Jan26.pdf,22,ii) New net Cell phone (WLL+ GSM) connections ('000 No.),achievement,2025-04,cumulative,863.843,,863.843,INFRASTRUCTURE SECTOR PERFORMANCE HIGHLIGHTS Growth Achieved during the period April 2025 - January 2025 and during last Three Years (April-January) Achievement (as per units applicable) April - January 2023
2026-01,Performance Review,2025-26,Review Report Jan26.pdf,22,ii) New net Cell phone (WLL+ GSM) connections ('000 No.),achievement,2025-04,cumulative,14590.012,,14590.012,INFRASTRUCTURE SECTOR PERFORMANCE HIGHLIGHTS Growth Achieved during the period April 2025 - January 2025 and during last Three Years (April-January) Achievement (as per units applicable) April - January 2024
2026-01,Performance Review,2025-26,Review Report Jan26.pdf,22,ii) New net Cell phone (WLL+ GSM) connections ('000 No.),achievement,2025-04,cumulative,-106.57,,-106.57,INFRASTRUCTURE SECTOR PERFORMANCE HIGHLIGHTS Growth Achieved during the period April 2025 - January 2025 and during last Three Years (April-January) Percent change in achievement over corresponding period of the previous year April - January 2023
2026-01,Performance Review,2025-26,Review Report Jan26.pdf,22,ii) New net Cell phone (WLL+ GSM) connections ('000 No.),achievement,2025-04,cumulative,1588.97,,1588.97,INFRASTRUCTURE SECTOR PERFORMANCE HIGHLIGHTS Growth Achieved during the period April 2025 - January 2025 and during last Three Years (April-January) Percent change in achievement over corresponding period of the previous year April - January 2024
2025-11,Performance Review,2025-26,ReviewReportNov25.pdf,22,ii) New net Cell phone (WLL+ GSM) connections ('000 No.),achievement,2025-04,cumulative,-14408.175,,-14408.175,INFRASTRUCTURE SECTOR PERFORMANCE HIGHLIGHTS Growth Achieved during the period April 2025 - November 2025 and during last Three Years (April-November) Achievement (as per units applicable) April - November 2021
2025-11,Performance Review,2025-26,ReviewReportNov25.pdf,22,ii) New net Cell phone (WLL+ GSM) connections ('000 No.),achievement,2025-04,cumulative,1438.791,,1438.791,INFRASTRUCTURE SECTOR PERFORMANCE HIGHLIGHTS Growth Achieved during the period April 2025 - November 2025 and during last Three Years (April-November) Achievement (as per units applicable) April - November 2022
2025-11,Performance Review,2025-26,ReviewReportNov25.pdf,22,ii) New net Cell phone (WLL+ GSM) connections ('000 No.),achievement,2025-04,cumulative,6988.333,,6988.333,INFRASTRUCTURE SECTOR PERFORMANCE HIGHLIGHTS Growth Achieved during the period April 2025 - November 2025 and during last Three Years (April-November) Achievement (as per units applicable) April - November 2023
2025-11,Performance Review,2025-26,ReviewReportNov25.pdf,22,ii) New net Cell phone (WLL+ GSM) connections ('000 No.),achievement,2025-04,cumulative,6147.405,,6147.405,INFRASTRUCTURE SECTOR PERFORMANCE HIGHLIGHTS Growth Achieved during the period April 2025 - November 2025 and during last Three Years (April-November) Achievement (as per units applicable) April - November 2024
2025-11,Performance Review,2025-26,ReviewReportNov25.pdf,22,ii) New net Cell phone (WLL+ GSM) connections ('000 No.),achievement,2025-04,cumulative,-109.99,,-109.99,INFRASTRUCTURE SECTOR PERFORMANCE HIGHLIGHTS Growth Achieved during the period April 2025 - November 2025 and during last Three Years (April-November) Percent change in achievement over corresponding period of the previous year April - November 2022
2025-11,Performance Review,2025-26,ReviewReportNov25.pdf,22,ii) New net Cell phone (WLL+ GSM) connections ('000 No.),achievement,2025-04,cumulative,385.71,,385.71,INFRASTRUCTURE SECTOR PERFORMANCE HIGHLIGHTS Growth Achieved during the period April 2025 - November 2025 and during last Three Years (April-November) Percent change in achievement over corresponding period of the previous year April - November 2023
2025-11,Performance Review,2025-26,ReviewReportNov25.pdf,22,ii) New net Cell phone (WLL+ GSM) connections ('000 No.),achievement,2025-04,cumulative,-12.03,,-12.03,INFRASTRUCTURE SECTOR PERFORMANCE HIGHLIGHTS Growth Achieved during the period April 2025 - November 2025 and during last Three Years (April-November) Percent change in achievement over corresponding period of the previous year April - November 2024
2026-01,Performance Review,2025-26,Review Report Jan26.pdf,22,ii) State PWD & BRO (KM),achievement,2025-04,cumulative,3092.0,KM,3092,INFRASTRUCTURE SECTOR PERFORMANCE HIGHLIGHTS Growth Achieved during the period April 2025 - January 2025 and during last Three Years (April-January) Achievement (as per units applicable) April - January 2022
2026-01,Performance Review,2025-26,Review Report Jan26.pdf,22,ii) State PWD & BRO (KM),achievement,2025-04,cumulative,2845.06,KM,2845.06,INFRASTRUCTURE SECTOR PERFORMANCE HIGHLIGHTS Growth Achieved during the period April 2025 - January 2025 and during last Three Years (April-January) Achievement (as per units applicable) April - January 2023
2026-01,Performance Review,2025-26,Review Report Jan26.pdf,22,ii) State PWD & BRO (KM),achievement,2025-04,cumulative,3170.9,KM,3170.90,INFRASTRUCTURE SECTOR PERFORMANCE HIGHLIGHTS Growth Achieved during the period April 2025 - January 2025 and during last Three Years (April-January) Achievement (as per units applicable) April - January 2024
2026-01,Performance Review,2025-26,Review Report Jan26.pdf,22,ii) State PWD & BRO (KM),achievement,2025-04,cumulative,2813.31,KM,2813.31,INFRASTRUCTURE SECTOR PERFORMANCE HIGHLIGHTS Growth Achieved during the period April 2025 - January 2025 and during last Three Years (April-January) Achievement (as per units applicable) April - January 2025
2026-01,Performance Review,2025-26,Review Report Jan26.pdf,22,ii) State PWD & BRO (KM),achievement,2025-04,cumulative,2291.0,KM,2291.000,INFRASTRUCTURE SECTOR PERFORMANCE HIGHLIGHTS Growth Achieved during the period April 2025 - January 2025 and during last Three Years (April-January) Achievement (as per units applicable) April - January 2026
2026-01,Performance Review,2025-26,Review Report Jan26.pdf,22,ii) State PWD & BRO (KM),achievement,2025-04,cumulative,-7.99,KM,-7.99,INFRASTRUCTURE SECTOR PERFORMANCE HIGHLIGHTS Growth Achieved during the period April 2025 - January 2025 and during last Three Years (April-January) Percent change in achievement over corresponding period of the previous year April - January 2023
2026-01,Performance Review,2025-26,Review Report Jan26.pdf,22,ii) State PWD & BRO (KM),achievement,2025-04,cumulative,11.45,KM,11.45,INFRASTRUCTURE SECTOR PERFORMANCE HIGHLIGHTS Growth Achieved during the period April 2025 - January 2025 and during last Three Years (April-January) Percent change in achievement over corresponding period of the previous year April - January 2024
2026-01,Performance Review,2025-26,Review Report Jan26.pdf,22,ii) State PWD & BRO (KM),achievement,2025-04,cumulative,-11.28,KM,-11.28,INFRASTRUCTURE SECTOR PERFORMANCE HIGHLIGHTS Growth Achieved during the period April 2025 - January 2025 and during last Three Years (April-January) Percent change in achievement over corresponding period of the previous year April - January 2025
2026-01,Performance Review,2025-26,Review Report Jan26.pdf,22,ii) State PWD & BRO (KM),achievement,2025-04,cumulative,-18.57,KM,-18.57,INFRASTRUCTURE SECTOR PERFORMANCE HIGHLIGHTS Growth Achieved during the period April 2025 - January 2025 and during last Three Years (April-January) Percent change in achievement over corresponding period of the previous year April - January 2026
2025-11,Performance Review,2025-26,ReviewReportNov25.pdf,22,ii) State PWD & BRO (KM),achievement,2025-04,cumulative,2518.0,KM,2518.00,INFRASTRUCTURE SECTOR PERFORMANCE HIGHLIGHTS Growth Achieved during the period April 2025 - November 2025 and during last Three Years (April-November) Achievement (as per units applicable) April - November 2021
2025-11,Performance Review,2025-26,ReviewReportNov25.pdf,22,ii) State PWD & BRO (KM),achievement,2025-04,cumulative,2000.0,KM,2000.00,INFRASTRUCTURE SECTOR PERFORMANCE HIGHLIGHTS Growth Achieved during the period April 2025 - November 2025 and during last Three Years (April-November) Achievement (as per units applicable) April - November 2022
2025-11,Performance Review,2025-26,ReviewReportNov25.pdf,22,ii) State PWD & BRO (KM),achievement,2025-04,cumulative,2394.3,KM,2394.30,INFRASTRUCTURE SECTOR PERFORMANCE HIGHLIGHTS Growth Achieved during the period April 2025 - November 2025 and during last Three Years (April-November) Achievement (as per units applicable) April - November 2023
2025-11,Performance Review,2025-26,ReviewReportNov25.pdf,22,ii) State PWD & BRO (KM),achievement,2025-04,cumulative,2103.19,KM,2103.19,INFRASTRUCTURE SECTOR PERFORMANCE HIGHLIGHTS Growth Achieved during the period April 2025 - November 2025 and during last Three Years (April-November) Achievement (as per units applicable) April - November 2024
2025-11,Performance Review,2025-26,ReviewReportNov25.pdf,22,ii) State PWD & BRO (KM),achievement,2025-04,cumulative,1653.0,KM,1653.000,INFRASTRUCTURE SECTOR PERFORMANCE HIGHLIGHTS Growth Achieved during the period April 2025 - November 2025 and during last Three Years (April-November) Achievement (as per units applicable) April - November 2025
2025-11,Performance Review,2025-26,ReviewReportNov25.pdf,22,ii) State PWD & BRO (KM),achievement,2025-04,cumulative,-20.57,KM,-20.57,INFRASTRUCTURE SECTOR PERFORMANCE HIGHLIGHTS Growth Achieved during the period April 2025 - November 2025 and during last Three Years (April-November) Percent change in achievement over corresponding period of the previous year April - November 2022
2025-11,Performance Review,2025-26,ReviewReportNov25.pdf,22,ii) State PWD & BRO (KM),achievement,2025-04,cumulative,19.72,KM,19.72,INFRASTRUCTURE SECTOR PERFORMANCE HIGHLIGHTS Growth Achieved during the period April 2025 - November 2025 and during last Three Years (April-November) Percent change in achievement over corresponding period of the previous year April - November 2023
2025-11,Performance Review,2025-26,ReviewReportNov25.pdf,22,ii) State PWD & BRO (KM),achievement,2025-04,cumulative,-12.16,KM,-12.16,INFRASTRUCTURE SECTOR PERFORMANCE HIGHLIGHTS Growth Achieved during the period April 2025 - November 2025 and during last Three Years (April-November) Percent change in achievement over corresponding period of the previous year April - November 2024
2025-11,Performance Review,2025-26,ReviewReportNov25.pdf,22,ii) State PWD & BRO (KM),achievement,2025-04,cumulative,-21.41,KM,-21.41,INFRASTRUCTURE SECTOR PERFORMANCE HIGHLIGHTS Growth Achieved during the period April 2025 - November 2025 and during last Three Years (April-November) Percent change in achievement over corresponding period of the previous year April - November 2025
2026-01,Performance Review,2025-26,Review Report Jan26.pdf,22,iii) Natural Gas (MCM),achievement,2025-04,cumulative,28535.0,MCM,28535,INFRASTRUCTURE SECTOR PERFORMANCE HIGHLIGHTS Growth Achieved during the period April 2025 - January 2025 and during last Three Years (April-January) Achievement (as per units applicable) April - January 2022
2026-01,Performance Review,2025-26,Review Report Jan26.pdf,22,iii) Natural Gas (MCM),achievement,2025-04,cumulative,28843.0,MCM,28843,INFRASTRUCTURE SECTOR PERFORMANCE HIGHLIGHTS Growth Achieved during the period April 2025 - January 2025 and during last Three Years (April-January) Achievement (as per units applicable) April - January 2023
2026-01,Performance Review,2025-26,Review Report Jan26.pdf,22,iii) Natural Gas (MCM),achievement,2025-04,cumulative,30353.0,MCM,30353,INFRASTRUCTURE SECTOR PERFORMANCE HIGHLIGHTS Growth Achieved during the period April 2025 - January 2025 and during last Three Years (April-January) Achievement (as per units applicable) April - January 2024
2026-01,Performance Review,2025-26,Review Report Jan26.pdf,22,iii) Natural Gas (MCM),achievement,2025-04,cumulative,30369.04,MCM,30369.04,INFRASTRUCTURE SECTOR PERFORMANCE HIGHLIGHTS Growth Achieved during the period April 2025 - January 2025 and during last Three Years (April-January) Achievement (as per units applicable) April - January 2025
2026-01,Performance Review,2025-26,Review Report Jan26.pdf,22,iii) Natural Gas (MCM),achievement,2025-04,cumulative,29255.6,MCM,29255.60,INFRASTRUCTURE SECTOR PERFORMANCE HIGHLIGHTS Growth Achieved during the period April 2025 - January 2025 and during last Three Years (April-January) Achievement (as per units applicable) April - January 2026
2026-01,Performance Review,2025-26,Review Report Jan26.pdf,22,iii) Natural Gas (MCM),achievement,2025-04,cumulative,1.08,MCM,1.08,INFRASTRUCTURE SECTOR PERFORMANCE HIGHLIGHTS Growth Achieved during the period April 2025 - January 2025 and during last Three Years (April-January) Percent change in achievement over corresponding period of the previous year April - January 2023
2026-01,Performance Review,2025-26,Review Report Jan26.pdf,22,iii) Natural Gas (MCM),achievement,2025-04,cumulative,5.23,MCM,5.23,INFRASTRUCTURE SECTOR PERFORMANCE HIGHLIGHTS Growth Achieved during the period April 2025 - January 2025 and during last Three Years (April-January) Percent change in achievement over corresponding period of the previous year April - January 2024
2026-01,Performance Review,2025-26,Review Report Jan26.pdf,22,iii) Natural Gas (MCM),achievement,2025-04,cumulative,0.05,MCM,0.05,INFRASTRUCTURE SECTOR PERFORMANCE HIGHLIGHTS Growth Achieved during the period April 2025 - January 2025 and during last Three Years (April-January) Percent change in achievement over corresponding period of the previous year April - January 2025
2026-01,Performance Review,2025-26,Review Report Jan26.pdf,22,iii) Natural Gas (MCM),achievement,2025-04,cumulative,-3.67,MCM,-3.67,INFRASTRUCTURE SECTOR PERFORMANCE HIGHLIGHTS Growth Achieved during the period April 2025 - January 2025 and during last Three Years (April-January) Percent change in achievement over corresponding period of the previous year April - January 2026
2025-11,Performance Review,2025-26,ReviewReportNov25.pdf,22,iii) Natural Gas (MCM),achievement,2025-04,cumulative,22777.0,MCM,22777.000,INFRASTRUCTURE SECTOR PERFORMANCE HIGHLIGHTS Growth Achieved during the period April 2025 - November 2025 and during last Three Years (April-November) Achievement (as per units applicable) April - November 2021
2025-11,Performance Review,2025-26,ReviewReportNov25.pdf,22,iii) Natural Gas (MCM),achievement,2025-04,cumulative,22916.0,MCM,22916.000,INFRASTRUCTURE SECTOR PERFORMANCE HIGHLIGHTS Growth Achieved during the period April 2025 - November 2025 and during last Three Years (April-November) Achievement (as per units applicable) April - November 2022
2025-11,Performance Review,2025-26,ReviewReportNov25.pdf,22,iii) Natural Gas (MCM),achievement,2025-04,cumulative,24081.09,MCM,24081.090,INFRASTRUCTURE SECTOR PERFORMANCE HIGHLIGHTS Growth Achieved during the period April 2025 - November 2025 and during last Three Years (April-November) Achievement (as per units applicable) April - November 2023
2025-11,Performance Review,2025-26,ReviewReportNov25.pdf,22,iii) Natural Gas (MCM),achievement,2025-04,cumulative,24237.12,MCM,24237.12,INFRASTRUCTURE SECTOR PERFORMANCE HIGHLIGHTS Growth Achieved during the period April 2025 - November 2025 and during last Three Years (April-November) Achievement (as per units applicable) April - November 2024
2025-11,Performance Review,2025-26,ReviewReportNov25.pdf,22,iii) Natural Gas (MCM),achievement,2025-04,cumulative,23415.65,MCM,23415.65,INFRASTRUCTURE SECTOR PERFORMANCE HIGHLIGHTS Growth Achieved during the period April 2025 - November 2025 and during last Three Years (April-November) Achievement (as per units applicable) April - November 2025
2025-11,Performance Review,2025-26,ReviewReportNov25.pdf,22,iii) Natural Gas (MCM),achievement,2025-04,cumulative,0.61,MCM,0.61,INFRASTRUCTURE SECTOR PERFORMANCE HIGHLIGHTS Growth Achieved during the period April 2025 - November 2025 and during last Three Years (April-November) Percent change in achievement over corresponding period of the previous year April - November 2022
2025-11,Performance Review,2025-26,ReviewReportNov25.pdf,22,iii) Natural Gas (MCM),achievement,2025-04,cumulative,5.08,MCM,5.08,INFRASTRUCTURE SECTOR PERFORMANCE HIGHLIGHTS Growth Achieved during the period April 2025 - November 2025 and during last Three Years (April-November) Percent change in achievement over corresponding period of the previous year April - November 2023
2025-11,Performance Review,2025-26,ReviewReportNov25.pdf,22,iii) Natural Gas (MCM),achievement,2025-04,cumulative,0.65,MCM,0.65,INFRASTRUCTURE SECTOR PERFORMANCE HIGHLIGHTS Growth Achieved during the period April 2025 - November 2025 and during last Three Years (April-November) Percent change in achievement over corresponding period of the previous year April - November 2024
2025-11,Performance Review,2025-26,ReviewReportNov25.pdf,22,iii) Natural Gas (MCM),achievement,2025-04,cumulative,-3.39,MCM,-3.39,INFRASTRUCTURE SECTOR PERFORMANCE HIGHLIGHTS Growth Achieved during the period April 2025 - November 2025 and during last Three Years (April-November) Percent change in achievement over corresponding period of the previous year April - November 2025
2026-01,Performance Review,2025-26,Review Report Jan26.pdf,22,iii) Passengers handled at International Terminals (Lakh),achievement,2025-04,cumulative,163.953,Lakh,163.953,INFRASTRUCTURE SECTOR PERFORMANCE HIGHLIGHTS Growth Achieved during the period April 2025 - January 2025 and during last Three Years (April-January) Achievement (as per units applicable) April - January 2022
2026-01,Performance Review,2025-26,Review Report Jan26.pdf,22,iii) Passengers handled at International Terminals (Lakh),achievement,2025-04,cumulative,466.273,Lakh,466.273,INFRASTRUCTURE SECTOR PERFORMANCE HIGHLIGHTS Growth Achieved during the period April 2025 - January 2025 and during last Three Years (April-January) Achievement (as per units applicable) April - January 2023
2026-01,Performance Review,2025-26,Review Report Jan26.pdf,22,iii) Passengers handled at International Terminals (Lakh),achievement,2025-04,cumulative,575.685,Lakh,575.685,INFRASTRUCTURE SECTOR PERFORMANCE HIGHLIGHTS Growth Achieved during the period April 2025 - January 2025 and during last Three Years (April-January) Achievement (as per units applicable) April - January 2024
2026-01,Performance Review,2025-26,Review Report Jan26.pdf,22,iii) Passengers handled at International Terminals (Lakh),achievement,2025-04,cumulative,641.203,Lakh,641.203,INFRASTRUCTURE SECTOR PERFORMANCE HIGHLIGHTS Growth Achieved during the period April 2025 - January 2025 and during last Three Years (April-January) Achievement (as per units applicable) April - January 2025
2026-01,Performance Review,2025-26,Review Report Jan26.pdf,22,iii) Passengers handled at International Terminals (Lakh),achievement,2025-04,cumulative,687.121,Lakh,687.121,INFRASTRUCTURE SECTOR PERFORMANCE HIGHLIGHTS Growth Achieved during the period April 2025 - January 2025 and during last Three Years (April-January) Achievement (as per units applicable) April - January 2026
2026-01,Performance Review,2025-26,Review Report Jan26.pdf,22,iii) Passengers handled at International Terminals (Lakh),achievement,2025-04,cumulative,184.39,Lakh,184.39,INFRASTRUCTURE SECTOR PERFORMANCE HIGHLIGHTS Growth Achieved during the period April 2025 - January 2025 and during last Three Years (April-January) Percent change in achievement over corresponding period of the previous year April - January 2023
2026-01,Performance Review,2025-26,Review Report Jan26.pdf,22,iii) Passengers handled at International Terminals (Lakh),achievement,2025-04,cumulative,23.47,Lakh,23.47,INFRASTRUCTURE SECTOR PERFORMANCE HIGHLIGHTS Growth Achieved during the period April 2025 - January 2025 and during last Three Years (April-January) Percent change in achievement over corresponding period of the previous year April - January 2024
2026-01,Performance Review,2025-26,Review Report Jan26.pdf,22,iii) Passengers handled at International Terminals (Lakh),achievement,2025-04,cumulative,11.38,Lakh,11.38,INFRASTRUCTURE SECTOR PERFORMANCE HIGHLIGHTS Growth Achieved during the period April 2025 - January 2025 and during last Three Years (April-January) Percent change in achievement over corresponding period of the previous year April - January 2025
2026-01,Performance Review,2025-26,Review Report Jan26.pdf,22,iii) Passengers handled at International Terminals (Lakh),achievement,2025-04,cumulative,7.16,Lakh,7.16,INFRASTRUCTURE SECTOR PERFORMANCE HIGHLIGHTS Growth Achieved during the period April 2025 - January 2025 and during last Three Years (April-January) Percent change in achievement over corresponding period of the previous year April - January 2026
2025-11,Performance Review,2025-26,ReviewReportNov25.pdf,22,iii) Passengers handled at International Terminals (Lakh),achievement,2025-04,cumulative,108.972,Lakh,108.972,INFRASTRUCTURE SECTOR PERFORMANCE HIGHLIGHTS Growth Achieved during the period April 2025 - November 2025 and during last Three Years (April-November) Achievement (as per units applicable) April - November 2021
2025-11,Performance Review,2025-26,ReviewReportNov25.pdf,22,iii) Passengers handled at International Terminals (Lakh),achievement,2025-04,cumulative,355.047,Lakh,355.047,INFRASTRUCTURE SECTOR PERFORMANCE HIGHLIGHTS Growth Achieved during the period April 2025 - November 2025 and during last Three Years (April-November) Achievement (as per units applicable) April - November 2022
2025-11,Performance Review,2025-26,ReviewReportNov25.pdf,22,iii) Passengers handled at International Terminals (Lakh),achievement,2025-04,cumulative,445.0,Lakh,445,INFRASTRUCTURE SECTOR PERFORMANCE HIGHLIGHTS Growth Achieved during the period April 2025 - November 2025 and during last Three Years (April-November) Achievement (as per units applicable) April - November 2023
2025-11,Performance Review,2025-26,ReviewReportNov25.pdf,22,iii) Passengers handled at International Terminals (Lakh),achievement,2025-04,cumulative,497.296,Lakh,497.296,INFRASTRUCTURE SECTOR PERFORMANCE HIGHLIGHTS Growth Achieved during the period April 2025 - November 2025 and during last Three Years (April-November) Achievement (as per units applicable) April - November 2024
2025-11,Performance Review,2025-26,ReviewReportNov25.pdf,22,iii) Passengers handled at International Terminals (Lakh),achievement,2025-04,cumulative,533.797,Lakh,533.797,INFRASTRUCTURE SECTOR PERFORMANCE HIGHLIGHTS Growth Achieved during the period April 2025 - November 2025 and during last Three Years (April-November) Achievement (as per units applicable) April - November 2025
2025-11,Performance Review,2025-26,ReviewReportNov25.pdf,22,iii) Passengers handled at International Terminals (Lakh),achievement,2025-04,cumulative,225.81,Lakh,225.81,INFRASTRUCTURE SECTOR PERFORMANCE HIGHLIGHTS Growth Achieved during the period April 2025 - November 2025 and during last Three Years (April-November) Percent change in achievement over corresponding period of the previous year April - November 2022
2025-11,Performance Review,2025-26,ReviewReportNov25.pdf,22,iii) Passengers handled at International Terminals (Lakh),achievement,2025-04,cumulative,25.32,Lakh,25.32,INFRASTRUCTURE SECTOR PERFORMANCE HIGHLIGHTS Growth Achieved during the period April 2025 - November 2025 and during last Three Years (April-November) Percent change in achievement over corresponding period of the previous year April - November 2023
2025-11,Performance Review,2025-26,ReviewReportNov25.pdf,22,iii) Passengers handled at International Terminals (Lakh),achievement,2025-04,cumulative,11.77,Lakh,11.77,INFRASTRUCTURE SECTOR PERFORMANCE HIGHLIGHTS Growth Achieved during the period April 2025 - November 2025 and during last Three Years (April-November) Percent change in achievement over corresponding period of the previous year April - November 2024
2025-11,Performance Review,2025-26,ReviewReportNov25.pdf,22,iii) Passengers handled at International Terminals (Lakh),achievement,2025-04,cumulative,7.34,Lakh,7.34,INFRASTRUCTURE SECTOR PERFORMANCE HIGHLIGHTS Growth Achieved during the period April 2025 - November 2025 and during last Three Years (April-November) Percent change in achievement over corresponding period of the previous year April - November 2025
2026-01,Performance Review,2025-26,Review Report Jan26.pdf,22,iv) Passengers handled at Domestic Terminal (Lakh),achievement,2025-04,cumulative,1304.874,Lakh,1304.874,INFRASTRUCTURE SECTOR PERFORMANCE HIGHLIGHTS Growth Achieved during the period April 2025 - January 2025 and during last Three Years (April-January) Achievement (as per units applicable) April - January 2022
2026-01,Performance Review,2025-26,Review Report Jan26.pdf,22,iv) Passengers handled at Domestic Terminal (Lakh),achievement,2025-04,cumulative,2206.061,Lakh,2206.061,INFRASTRUCTURE SECTOR PERFORMANCE HIGHLIGHTS Growth Achieved during the period April 2025 - January 2025 and during last Three Years (April-January) Achievement (as per units applicable) April - January 2023
2026-01,Performance Review,2025-26,Review Report Jan26.pdf,22,iv) Passengers handled at Domestic Terminal (Lakh),achievement,2025-04,cumulative,2544.411,Lakh,2544.411,INFRASTRUCTURE SECTOR PERFORMANCE HIGHLIGHTS Growth Achieved during the period April 2025 - January 2025 and during last Three Years (April-January) Achievement (as per units applicable) April - January 2024
2026-01,Performance Review,2025-26,Review Report Jan26.pdf,22,iv) Passengers handled at Domestic Terminal (Lakh),achievement,2025-04,cumulative,2766.468,Lakh,2766.468,INFRASTRUCTURE SECTOR PERFORMANCE HIGHLIGHTS Growth Achieved during the period April 2025 - January 2025 and during last Three Years (April-January) Achievement (as per units applicable) April - January 2025
2026-01,Performance Review,2025-26,Review Report Jan26.pdf,22,iv) Passengers handled at Domestic Terminal (Lakh),achievement,2025-04,cumulative,2817.842,Lakh,2817.842,INFRASTRUCTURE SECTOR PERFORMANCE HIGHLIGHTS Growth Achieved during the period April 2025 - January 2025 and during last Three Years (April-January) Achievement (as per units applicable) April - January 2026
2026-01,Performance Review,2025-26,Review Report Jan26.pdf,22,iv) Passengers handled at Domestic Terminal (Lakh),achievement,2025-04,cumulative,69.06,Lakh,69.06,INFRASTRUCTURE SECTOR PERFORMANCE HIGHLIGHTS Growth Achieved during the period April 2025 - January 2025 and during last Three Years (April-January) Percent change in achievement over corresponding period of the previous year April - January 2023
2026-01,Performance Review,2025-26,Review Report Jan26.pdf,22,iv) Passengers handled at Domestic Terminal (Lakh),achievement,2025-04,cumulative,15.34,Lakh,15.34,INFRASTRUCTURE SECTOR PERFORMANCE HIGHLIGHTS Growth Achieved during the period April 2025 - January 2025 and during last Three Years (April-January) Percent change in achievement over corresponding period of the previous year April - January 2024
2026-01,Performance Review,2025-26,Review Report Jan26.pdf,22,iv) Passengers handled at Domestic Terminal (Lakh),achievement,2025-04,cumulative,8.73,Lakh,8.73,INFRASTRUCTURE SECTOR PERFORMANCE HIGHLIGHTS Growth Achieved during the period April 2025 - January 2025 and during last Three Years (April-January) Percent change in achievement over corresponding period of the previous year April - January 2025
2026-01,Performance Review,2025-26,Review Report Jan26.pdf,22,iv) Passengers handled at Domestic Terminal (Lakh),achievement,2025-04,cumulative,1.86,Lakh,1.86,INFRASTRUCTURE SECTOR PERFORMANCE HIGHLIGHTS Growth Achieved during the period April 2025 - January 2025 and during last Three Years (April-January) Percent change in achievement over corresponding period of the previous year April - January 2026
2025-11,Performance Review,2025-26,ReviewReportNov25.pdf,22,iv) Passengers handled at Domestic Terminal (Lakh),achievement,2025-04,cumulative,956.391,Lakh,956.391,INFRASTRUCTURE SECTOR PERFORMANCE HIGHLIGHTS Growth Achieved during the period April 2025 - November 2025 and during last Three Years (April-November) Achievement (as per units applicable) April - November 2021
2025-11,Performance Review,2025-26,ReviewReportNov25.pdf,22,iv) Passengers handled at Domestic Terminal (Lakh),achievement,2025-04,cumulative,1702.771,Lakh,1702.771,INFRASTRUCTURE SECTOR PERFORMANCE HIGHLIGHTS Growth Achieved during the period April 2025 - November 2025 and during last Three Years (April-November) Achievement (as per units applicable) April - November 2022
2025-11,Performance Review,2025-26,ReviewReportNov25.pdf,22,iv) Passengers handled at Domestic Terminal (Lakh),achievement,2025-04,cumulative,2008.017,Lakh,2008.017,INFRASTRUCTURE SECTOR PERFORMANCE HIGHLIGHTS Growth Achieved during the period April 2025 - November 2025 and during last Three Years (April-November) Achievement (as per units applicable) April - November 2023
2025-11,Performance Review,2025-26,ReviewReportNov25.pdf,22,iv) Passengers handled at Domestic Terminal (Lakh),achievement,2025-04,cumulative,2163.47,Lakh,2163.470,INFRASTRUCTURE SECTOR PERFORMANCE HIGHLIGHTS Growth Achieved during the period April 2025 - November 2025 and during last Three Years (April-November) Achievement (as per units applicable) April - November 2024
2025-11,Performance Review,2025-26,ReviewReportNov25.pdf,22,iv) Passengers handled at Domestic Terminal (Lakh),achievement,2025-04,cumulative,2219.923,Lakh,2219.923,INFRASTRUCTURE SECTOR PERFORMANCE HIGHLIGHTS Growth Achieved during the period April 2025 - November 2025 and during last Three Years (April-November) Achievement (as per units applicable) April - November 2025
2025-11,Performance Review,2025-26,ReviewReportNov25.pdf,22,iv) Passengers handled at Domestic Terminal (Lakh),achievement,2025-04,cumulative,78.04,Lakh,78.04,INFRASTRUCTURE SECTOR PERFORMANCE HIGHLIGHTS Growth Achieved during the period April 2025 - November 2025 and during last Three Years (April-November) Percent change in achievement over corresponding period of the previous year April - November 2022
2025-11,Performance Review,2025-26,ReviewReportNov25.pdf,22,iv) Passengers handled at Domestic Terminal (Lakh),achievement,2025-04,cumulative,17.93,Lakh,17.93,INFRASTRUCTURE SECTOR PERFORMANCE HIGHLIGHTS Growth Achieved during the period April 2025 - November 2025 and during last Three Years (April-November) Percent change in achievement over corresponding period of the previous year April - November 2023
2025-11,Performance Review,2025-26,ReviewReportNov25.pdf,22,iv) Passengers handled at Domestic Terminal (Lakh),achievement,2025-04,cumulative,7.74,Lakh,7.74,INFRASTRUCTURE SECTOR PERFORMANCE HIGHLIGHTS Growth Achieved during the period April 2025 - November 2025 and during last Three Years (April-November) Percent change in achievement over corresponding period of the previous year April - November 2024
2025-11,Performance Review,2025-26,ReviewReportNov25.pdf,22,iv) Passengers handled at Domestic Terminal (Lakh),achievement,2025-04,cumulative,2.61,Lakh,2.61,INFRASTRUCTURE SECTOR PERFORMANCE HIGHLIGHTS Growth Achieved during the period April 2025 - November 2025 and during last Three Years (April-November) Percent change in achievement over corresponding period of the previous year April - November 2025
2025-06,Performance Review,2025-26,CompleteReviewReportJune2025.pdf,31,All India - Total,achievement,2025-06,monthly,78.997,,78.997,June 2025 Achievement (Provisional) 3.514 2.595 4.499 11.260 4.848 13.326 17.726 0.000
2025-06,Performance Review,2025-26,CompleteReviewReportJune2025.pdf,31,All India - Total,achievement,2025-06,cumulative,247.02,,247.020,April-June 2025 Achievement (Provisional) 11.536 9.042 16.637 35.888 17.392 41.139 51.583 0.103
2025-06,Performance Review,2025-26,CompleteReviewReportJune2025.pdf,34,All India - Total,achievement,2025-06,monthly,84.091,,84.091,June 2025 Achievement (Provisional) 3.980 2.670 4.940 10.910 5.790 15.520 17.340 0.010
2025-06,Performance Review,2025-26,CompleteReviewReportJune2025.pdf,34,All India - Total,achievement,2025-06,cumulative,260.872,,260.872,April-June 2025 Achievement (Provisional) 12.480 8.960 18.730 34.640 17.650 46.350 52.190 0.030
2025-06,Performance Review,2025-26,CompleteReviewReportJune2025.pdf,31,All India - Total,target,2025-06,monthly,73.347,,73.347,June 2025 Target 4.355 4.086 7.615 12.281 5.822 16.272 17.734 0.020
2025-06,Performance Review,2025-26,CompleteReviewReportJune2025.pdf,31,All India - Total,target,2025-06,cumulative,258.185,,258.185,April-June 2025 Target 13.795 12.206 23.145 36.711 18.252 51.502 52.504 0.090
2025-06,Performance Review,2025-26,CompleteReviewReportJune2025.pdf,34,All India - Total,target,2025-06,monthly,77.812,,77.812,June 2025 Target 4.950 3.600 8.570 11.700 6.010 17.700 20.110 0.010
2025-06,Performance Review,2025-26,CompleteReviewReportJune2025.pdf,34,All India - Total,target,2025-06,cumulative,241.534,,241.534,April-June 2025 Target 15.630 11.530 27.410 35.800 18.800 54.300 61.920 0.054
2025-06,Performance Review,2025-26,CompleteReviewReportJune2025.pdf,31,All India - Total,variation_pct,2025-06,monthly,7.7,,7.70,% Variation Over Target June 2025 -19.31 -36.49 -40.92 -8.31 -16.73 -18.10 -0.05 -100.00
2025-06,Performance Review,2025-26,CompleteReviewReportJune2025.pdf,31,All India - Total,variation_pct,2025-06,cumulative,-4.32,,-4.32,% Variation Over Target April- June 2025 -16.38 -25.92 -28.12 -2.24 -4.71 -20.12 -1.75 14.44
2025-06,Performance Review,2025-26,CompleteReviewReportJune2025.pdf,34,All India - Total,variation_pct,2025-06,monthly,8.07,,8.07,% Variation Over Target June 2025 -19.60 -25.83 -42.36 -6.75 -3.66 -12.32 -13.77 0.00
2025-06,Performance Review,2025-26,CompleteReviewReportJune2025.pdf,34,All India - Total,variation_pct,2025-06,cumulative,8.01,,8.01,% Variation Over Target April- June 2025 -20.15 -22.29 -31.67 -3.24 -6.12 -14.64 -15.71 -44.44
2025-06,Performance Review,2025-26,CompleteReviewReportJune2025.pdf,40,All India Total (A+B),achievement,2025-06,monthly,2334.43,,2334.43,June 2025 Achievement (Provisional) A. Oil & Natural Gas corporation (ONGC) Gujarat 390.02 370.35 373.59 -5.04 -0.87 Assam 94.36 84.20 86.21 -10.77 -2.33 Tamil Nadu 19.00 15.82 17.48 -16.74 -9.50 Offshore 1081.60 999.39 1037.26 -7.60 -3.65 Andhra Pradesh 20.66 18.60 17.78 -9.97 4.61 Tripura 0.13 0.10 0.07 -23.08 42.86
2025-06,Performance Review,2025-26,CompleteReviewReportJune2025.pdf,40,All India Total (A+B),target,2025-06,monthly,2556.07,,2556.07,June 2025 Target A. Oil & Natural Gas corporation (ONGC) Gujarat 390.02 370.35 373.59 -5.04 -0.87 Assam 94.36 84.20 86.21 -10.77 -2.33 Tamil Nadu 19.00 15.82 17.48 -16.74 -9.50 Offshore 1081.60 999.39 1037.26 -7.60 -3.65 Andhra Pradesh 20.66 18.60 17.78 -9.97 4.61 Tripura 0.13 0.10 0.07 -23.08 42.86
2025-06,Performance Review,2025-26,CompleteReviewReportJune2025.pdf,40,All India Total (A+B),variation_pct,2025-06,monthly,-8.67,,-8.67,% Variation Over Target June 2025 A. Oil & Natural Gas corporation (ONGC) Gujarat 390.02 370.35 373.59 -5.04 -0.87 Assam 94.36 84.20 86.21 -10.77 -2.33 Tamil Nadu 19.00 15.82 17.48 -16.74 -9.50 Offshore 1081.60 999.39 1037.26 -7.60 -3.65 Andhra Pradesh 20.66 18.60 17.78 -9.97 4.61 Tripura 0.13 0.10 0.07 -23.08 42.86
2025-06,Performance Review,2025-26,CompleteReviewReportJune2025.pdf,37,All India Total (A+B+C),achievement,2025-06,monthly,414.41,,414.41,June 2025 Achievement (Provisional) 0.00 0.00
2025-06,Performance Review,2025-26,CompleteReviewReportJune2025.pdf,40,All India Total (A+B+C),achievement,2025-06,cumulative,7115.37,,7115.37,April-June 2025 Achievement (Provisional) A. Oil & Natural Gas corporation (ONGC) Gujarat - 1171.64 1123.76 1137.58 -4.09 -1.21 Assam - 287.96 260.13 260.37 -9.66 -0.09 Tamil Nadu - 56.00 48.58 53.45 -13.25 -9.11 Offshore - 3280.70 3018.91 3196.43 -7.98 -5.55 Andhra Pradesh - 61.10 59.84 54.31 -2.06 10.18 Tripura - 0.53 0.35 0.39 -33.96 -10.26
2025-06,Performance Review,2025-26,CompleteReviewReportJune2025.pdf,43,All India Total (A+B+C),achievement,2025-06,monthly,2894.38,,2894.38,June 2025 Achievement (Provisional) A. Oil & Natural Gas corporation (ONGC) Gujarat 67.43 69.38 64.37 2.89 7.78 Assam 34.79 27.62 29.14 -20.61 -5.22 Tamil Nadu 81.48 78.10 83.47 -4.15 -6.43 Offshore 1217.54 1177.79 1204.52 -3.26 -2.22 Andhra Pradesh 63.32 59.50 61.06 -6.03 -2.55 Tripura 99.12 99.17 101.97 0.05 -2.75 Rajasthan 1.50 0.00 0.00 -100.00 -
2025-06,Performance Review,2025-26,CompleteReviewReportJune2025.pdf,43,All India Total (A+B+C),achievement,2025-06,cumulative,8781.47,,8781.47,April-June 2025 Achievement (Provisional) A. Oil & Natural Gas corporation (ONGC) Gujarat - 204.51 209.25 195.82 2.32 6.86 Assam - 106.10 83.46 87.49 -21.34 -4.61 Tamil Nadu - 246.71 231.91 255.07 -6.00 -9.08 Offshore - 3685.19 3550.14 3635.14 -3.66 -2.34 Andhra Pradesh - 191.03 189.16 186.27 -0.98 1.55 Tripura - 363.22 303.76 317.09 -16.37 -4.20 Rajasthan - 2.50 0.00 0.00 -100.00 -
2025-06,Performance Review,2025-26,CompleteReviewReportJune2025.pdf,40,All India Total (A+B+C),target,2025-06,cumulative,7740.24,,7740.24,April-June 2025 Target A. Oil & Natural Gas corporation (ONGC) Gujarat - 1171.64 1123.76 1137.58 -4.09 -1.21 Assam - 287.96 260.13 260.37 -9.66 -0.09 Tamil Nadu - 56.00 48.58 53.45 -13.25 -9.11 Offshore - 3280.70 3018.91 3196.43 -7.98 -5.55 Andhra Pradesh - 61.10 59.84 54.31 -2.06 10.18 Tripura - 0.53 0.35 0.39 -33.96 -10.26
2025-06,Performance Review,2025-26,CompleteReviewReportJune2025.pdf,43,All India Total (A+B+C),target,2025-06,monthly,2944.27,,2944.27,June 2025 Target A. Oil & Natural Gas corporation (ONGC) Gujarat 67.43 69.38 64.37 2.89 7.78 Assam 34.79 27.62 29.14 -20.61 -5.22 Tamil Nadu 81.48 78.10 83.47 -4.15 -6.43 Offshore 1217.54 1177.79 1204.52 -3.26 -2.22 Andhra Pradesh 63.32 59.50 61.06 -6.03 -2.55 Tripura 99.12 99.17 101.97 0.05 -2.75 Rajasthan 1.50 0.00 0.00 -100.00 -
2025-06,Performance Review,2025-26,CompleteReviewReportJune2025.pdf,43,All India Total (A+B+C),target,2025-06,cumulative,8955.46,,8955.46,April-June 2025 Target A. Oil & Natural Gas corporation (ONGC) Gujarat - 204.51 209.25 195.82 2.32 6.86 Assam - 106.10 83.46 87.49 -21.34 -4.61 Tamil Nadu - 246.71 231.91 255.07 -6.00 -9.08 Offshore - 3685.19 3550.14 3635.14 -3.66 -2.34 Andhra Pradesh - 191.03 189.16 186.27 -0.98 1.55 Tripura - 363.22 303.76 317.09 -16.37 -4.20 Rajasthan - 2.50 0.00 0.00 -100.00 -
2025-06,Performance Review,2025-26,CompleteReviewReportJune2025.pdf,40,All India Total (A+B+C),variation_pct,2025-06,cumulative,-8.07,,-8.07,% Variation Over Target April- June 2025 A. Oil & Natural Gas corporation (ONGC) Gujarat - 1171.64 1123.76 1137.58 -4.09 -1.21 Assam - 287.96 260.13 260.37 -9.66 -0.09 Tamil Nadu - 56.00 48.58 53.45 -13.25 -9.11 Offshore - 3280.70 3018.91 3196.43 -7.98 -5.55 Andhra Pradesh - 61.10 59.84 54.31 -2.06 10.18 Tripura - 0.53 0.35 0.39 -33.96 -10.26
2025-06,Performance Review,2025-26,CompleteReviewReportJune2025.pdf,43,All India Total (A+B+C),variation_pct,2025-06,monthly,-1.69,,-1.69,% Variation Over June 2025 Target A. Oil & Natural Gas corporation (ONGC) Gujarat 67.43 69.38 64.37 2.89 7.78 Assam 34.79 27.62 29.14 -20.61 -5.22 Tamil Nadu 81.48 78.10 83.47 -4.15 -6.43 Offshore 1217.54 1177.79 1204.52 -3.26 -2.22 Andhra Pradesh 63.32 59.50 61.06 -6.03 -2.55 Tripura 99.12 99.17 101.97 0.05 -2.75 Rajasthan 1.50 0.00 0.00 -100.00 -
2025-06,Performance Review,2025-26,CompleteReviewReportJune2025.pdf,43,All India Total (A+B+C),variation_pct,2025-06,cumulative,-1.94,,-1.94,% Variation Over Target April- June 2025 A. Oil & Natural Gas corporation (ONGC) Gujarat - 204.51 209.25 195.82 2.32 6.86 Assam - 106.10 83.46 87.49 -21.34 -4.61 Tamil Nadu - 246.71 231.91 255.07 -6.00 -9.08 Offshore - 3685.19 3550.14 3635.14 -3.66 -2.34 Andhra Pradesh - 191.03 189.16 186.27 -0.98 1.55 Tripura - 363.22 303.76 317.09 -16.37 -4.20 Rajasthan - 2.50 0.00 0.00 -100.00 -
2025-06,Performance Review,2025-26,CompleteReviewReportJune2025.pdf,38,All India Total(A+B),achievement,2025-06,monthly,1795.5,,1795.50,June 2025 Achievement (Provisional) 232.40 300.60 815.10
2025-06,Performance Review,2025-26,CompleteReviewReportJune2025.pdf,38,All India Total(A+B),achievement,2025-06,cumulative,5111.7,,5111.70,April-June 2025 Achievement (Provisional) 721.70 879.20 2232.40
2025-06,Performance Review,2025-26,CompleteReviewReportJune2025.pdf,38,All India Total(A+B),target,2025-06,monthly,1969.9,,1969.90,June 2025 Target 293.60 312.90 828.60
2025-06,Performance Review,2025-26,CompleteReviewReportJune2025.pdf,38,All India Total(A+B),target,2025-06,cumulative,5426.5,,5426.50,April-June 2025 Target 724.60 901.00 2298.50
2025-06,Performance Review,2025-26,CompleteReviewReportJune2025.pdf,38,All India Total(A+B),variation_pct,2025-06,monthly,-8.85,,-8.85,% Variation Over Target June 2025 -20.84 -3.93 -1.63
2025-06,Performance Review,2025-26,CompleteReviewReportJune2025.pdf,38,All India Total(A+B),variation_pct,2025-06,cumulative,-5.8,,-5.80,% Variation Over Target April- June 2025 -0.40 -2.42 -2.88
2025-06,Performance Review,2025-26,CompleteReviewReportJune2025.pdf,37,All India Total(A+B+C),achievement,2025-06,cumulative,1205.66,,1205.66,April-June 2025 Achievement (Provisional) 0.00 0.00
2025-06,Performance Review,2025-26,CompleteReviewReportJune2025.pdf,37,B. Private Sector,achievement,2025-06,monthly,398.17,,398.17,June 2025 Achievement (Provisional) 0.00 0.00
2025-06,Performance Review,2025-26,CompleteReviewReportJune2025.pdf,37,B. Private Sector,achievement,2025-06,cumulative,1164.58,,1164.58,April-June 2025 Achievement (Provisional) 0.00 0.00
2025-06,Performance Review,2025-26,CompleteReviewReportJune2025.pdf,40,C. DGH (JVC/Private),achievement,2025-06,monthly,573.69,,573.69,June 2025 Achievement (Provisional) A. Oil & Natural Gas corporation (ONGC) Gujarat 390.02 370.35 373.59 -5.04 -0.87 Assam 94.36 84.20 86.21 -10.77 -2.33 Tamil Nadu 19.00 15.82 17.48 -16.74 -9.50 Offshore 1081.60 999.39 1037.26 -7.60 -3.65 Andhra Pradesh 20.66 18.60 17.78 -9.97 4.61 Tripura 0.13 0.10 0.07 -23.08 42.86
2025-06,Performance Review,2025-26,CompleteReviewReportJune2025.pdf,40,C. DGH (JVC/Private),achievement,2025-06,cumulative,1754.96,,1754.96,April-June 2025 Achievement (Provisional) A. Oil & Natural Gas corporation (ONGC) Gujarat - 1171.64 1123.76 1137.58 -4.09 -1.21 Assam - 287.96 260.13 260.37 -9.66 -0.09 Tamil Nadu - 56.00 48.58 53.45 -13.25 -9.11 Offshore - 3280.70 3018.91 3196.43 -7.98 -5.55 Andhra Pradesh - 61.10 59.84 54.31 -2.06 10.18 Tripura - 0.53 0.35 0.39 -33.96 -10.26
2025-06,Performance Review,2025-26,CompleteReviewReportJune2025.pdf,43,C. DGH (JVC/Private),achievement,2025-06,monthly,1124.74,,1124.74,June 2025 Achievement (Provisional) A. Oil & Natural Gas corporation (ONGC) Gujarat 67.43 69.38 64.37 2.89 7.78 Assam 34.79 27.62 29.14 -20.61 -5.22 Tamil Nadu 81.48 78.10 83.47 -4.15 -6.43 Offshore 1217.54 1177.79 1204.52 -3.26 -2.22 Andhra Pradesh 63.32 59.50 61.06 -6.03 -2.55 Tripura 99.12 99.17 101.97 0.05 -2.75 Rajasthan 1.50 0.00 0.00 -100.00 -
2025-06,Performance Review,2025-26,CompleteReviewReportJune2025.pdf,43,C. DGH (JVC/Private),achievement,2025-06,cumulative,3411.38,,3411.38,April-June 2025 Achievement (Provisional) A. Oil & Natural Gas corporation (ONGC) Gujarat - 204.51 209.25 195.82 2.32 6.86 Assam - 106.10 83.46 87.49 -21.34 -4.61 Tamil Nadu - 246.71 231.91 255.07 -6.00 -9.08 Offshore - 3685.19 3550.14 3635.14 -3.66 -2.34 Andhra Pradesh - 191.03 189.16 186.27 -0.98 1.55 Tripura - 363.22 303.76 317.09 -16.37 -4.20 Rajasthan - 2.50 0.00 0.00 -100.00 -
2025-06,Performance Review,2025-26,CompleteReviewReportJune2025.pdf,40,C. DGH (JVC/Private),target,2025-06,monthly,650.86,,650.86,June 2025 Target A. Oil & Natural Gas corporation (ONGC) Gujarat 390.02 370.35 373.59 -5.04 -0.87 Assam 94.36 84.20 86.21 -10.77 -2.33 Tamil Nadu 19.00 15.82 17.48 -16.74 -9.50 Offshore 1081.60 999.39 1037.26 -7.60 -3.65 Andhra Pradesh 20.66 18.60 17.78 -9.97 4.61 Tripura 0.13 0.10 0.07 -23.08 42.86
2025-06,Performance Review,2025-26,CompleteReviewReportJune2025.pdf,40,C. DGH (JVC/Private),target,2025-06,cumulative,1976.97,,1976.97,April-June 2025 Target A. Oil & Natural Gas corporation (ONGC) Gujarat - 1171.64 1123.76 1137.58 -4.09 -1.21 Assam - 287.96 260.13 260.37 -9.66 -0.09 Tamil Nadu - 56.00 48.58 53.45 -13.25 -9.11 Offshore - 3280.70 3018.91 3196.43 -7.98 -5.55 Andhra Pradesh - 61.10 59.84 54.31 -2.06 10.18 Tripura - 0.53 0.35 0.39 -33.96 -10.26
2025-06,Performance Review,2025-26,CompleteReviewReportJune2025.pdf,43,C. DGH (JVC/Private),target,2025-06,monthly,1075.43,,1075.43,June 2025 Target A. Oil & Natural Gas corporation (ONGC) Gujarat 67.43 69.38 64.37 2.89 7.78 Assam 34.79 27.62 29.14 -20.61 -5.22 Tamil Nadu 81.48 78.10 83.47 -4.15 -6.43 Offshore 1217.54 1177.79 1204.52 -3.26 -2.22 Andhra Pradesh 63.32 59.50 61.06 -6.03 -2.55 Tripura 99.12 99.17 101.97 0.05 -2.75 Rajasthan 1.50 0.00 0.00 -100.00 -
2025-06,Performance Review,2025-26,CompleteReviewReportJune2025.pdf,43,C. DGH (JVC/Private),target,2025-06,cumulative,3242.6,,3242.60,April-June 2025 Target A. Oil & Natural Gas corporation (ONGC) Gujarat - 204.51 209.25 195.82 2.32 6.86 Assam - 106.10 83.46 87.49 -21.34 -4.61 Tamil Nadu - 246.71 231.91 255.07 -6.00 -9.08 Offshore - 3685.19 3550.14 3635.14 -3.66 -2.34 Andhra Pradesh - 191.03 189.16 186.27 -0.98 1.55 Tripura - 363.22 303.76 317.09 -16.37 -4.20 Rajasthan - 2.50 0.00 0.00 -100.00 -
2025-06,Performance Review,2025-26,CompleteReviewReportJune2025.pdf,40,C. DGH (JVC/Private),variation_pct,2025-06,monthly,-11.86,,-11.86,% Variation Over Target June 2025 A. Oil & Natural Gas corporation (ONGC) Gujarat 390.02 370.35 373.59 -5.04 -0.87 Assam 94.36 84.20 86.21 -10.77 -2.33 Tamil Nadu 19.00 15.82 17.48 -16.74 -9.50 Offshore 1081.60 999.39 1037.26 -7.60 -3.65 Andhra Pradesh 20.66 18.60 17.78 -9.97 4.61 Tripura 0.13 0.10 0.07 -23.08 42.86
2025-06,Performance Review,2025-26,CompleteReviewReportJune2025.pdf,40,C. DGH (JVC/Private),variation_pct,2025-06,cumulative,-11.23,,-11.23,% Variation Over Target April- June 2025 A. Oil & Natural Gas corporation (ONGC) Gujarat - 1171.64 1123.76 1137.58 -4.09 -1.21 Assam - 287.96 260.13 260.37 -9.66 -0.09 Tamil Nadu - 56.00 48.58 53.45 -13.25 -9.11 Offshore - 3280.70 3018.91 3196.43 -7.98 -5.55 Andhra Pradesh - 61.10 59.84 54.31 -2.06 10.18 Tripura - 0.53 0.35 0.39 -33.96 -10.26
2025-06,Performance Review,2025-26,CompleteReviewReportJune2025.pdf,43,C. DGH (JVC/Private),variation_pct,2025-06,monthly,4.59,,4.59,% Variation Over June 2025 Target A. Oil & Natural Gas corporation (ONGC) Gujarat 67.43 69.38 64.37 2.89 7.78 Assam 34.79 27.62 29.14 -20.61 -5.22 Tamil Nadu 81.48 78.10 83.47 -4.15 -6.43 Offshore 1217.54 1177.79 1204.52 -3.26 -2.22 Andhra Pradesh 63.32 59.50 61.06 -6.03 -2.55 Tripura 99.12 99.17 101.97 0.05 -2.75 Rajasthan 1.50 0.00 0.00 -100.00 -
2025-06,Performance Review,2025-26,CompleteReviewReportJune2025.pdf,43,C. DGH (JVC/Private),variation_pct,2025-06,cumulative,5.21,,5.21,% Variation Over Target April- June 2025 A. Oil & Natural Gas corporation (ONGC) Gujarat - 204.51 209.25 195.82 2.32 6.86 Assam - 106.10 83.46 87.49 -21.34 -4.61 Tamil Nadu - 246.71 231.91 255.07 -6.00 -9.08 Offshore - 3685.19 3550.14 3635.14 -3.66 -2.34 Andhra Pradesh - 191.03 189.16 186.27 -0.98 1.55 Tripura - 363.22 303.76 317.09 -16.37 -4.20 Rajasthan - 2.50 0.00 0.00 -100.00 -
2025-06,Performance Review,2025-26,CompleteReviewReportJune2025.pdf,37,C. Mini & White,achievement,2025-06,monthly,16.24,,16.24,June 2025 Achievement (Provisional) 0.00 0.00
2025-06,Performance Review,2025-26,CompleteReviewReportJune2025.pdf,37,C. Mini & White,achievement,2025-06,cumulative,41.08,,41.08,April-June 2025 Achievement (Provisional) 0.00 0.00
2025-06,Performance Review,2025-26,CompleteReviewReportJune2025.pdf,31,CIL - Total,achievement,2025-06,monthly,57.768,,57.768,June 2025 Achievement (Provisional) 3.514 2.595 4.499 11.260 4.848 13.326 17.726 0.000
2025-06,Performance Review,2025-26,CompleteReviewReportJune2025.pdf,31,CIL - Total,achievement,2025-06,cumulative,183.32,,183.320,April-June 2025 Achievement (Provisional) 11.536 9.042 16.637 35.888 17.392 41.139 51.583 0.103
2025-06,Performance Review,2025-26,CompleteReviewReportJune2025.pdf,34,CIL - Total,achievement,2025-06,monthly,61.16,,61.160,June 2025 Achievement (Provisional) 3.980 2.670 4.940 10.910 5.790 15.520 17.340 0.010
2025-06,Performance Review,2025-26,CompleteReviewReportJune2025.pdf,34,CIL - Total,achievement,2025-06,cumulative,191.03,,191.030,April-June 2025 Achievement (Provisional) 12.480 8.960 18.730 34.640 17.650 46.350 52.190 0.030
2025-06,Performance Review,2025-26,CompleteReviewReportJune2025.pdf,31,CIL - Total,target,2025-06,monthly,68.185,,68.185,June 2025 Target 4.355 4.086 7.615 12.281 5.822 16.272 17.734 0.020
2025-06,Performance Review,2025-26,CompleteReviewReportJune2025.pdf,31,CIL - Total,target,2025-06,cumulative,208.086,,208.086,April-June 2025 Target 13.795 12.206 23.145 36.711 18.252 51.502 52.504 0.090
2025-06,Performance Review,2025-26,CompleteReviewReportJune2025.pdf,34,CIL - Total,target,2025-06,monthly,72.65,,72.650,June 2025 Target 4.950 3.600 8.570 11.700 6.010 17.700 20.110 0.010
2025-06,Performance Review,2025-26,CompleteReviewReportJune2025.pdf,34,CIL - Total,target,2025-06,cumulative,225.444,,225.444,April-June 2025 Target 15.630 11.530 27.410 35.800 18.800 54.300 61.920 0.054
2025-06,Performance Review,2025-26,CompleteReviewReportJune2025.pdf,31,CIL - Total,variation_pct,2025-06,monthly,-15.28,,-15.28,% Variation Over Target June 2025 -19.31 -36.49 -40.92 -8.31 -16.73 -18.10 -0.05 -100.00
2025-06,Performance Review,2025-26,CompleteReviewReportJune2025.pdf,31,CIL - Total,variation_pct,2025-06,cumulative,-11.9,,-11.90,% Variation Over Target April- June 2025 -16.38 -25.92 -28.12 -2.24 -4.71 -20.12 -1.75 14.44
2025-06,Performance Review,2025-26,CompleteReviewReportJune2025.pdf,34,CIL - Total,variation_pct,2025-06,monthly,-15.82,,-15.82,% Variation Over Target June 2025 -19.60 -25.83 -42.36 -6.75 -3.66 -12.32 -13.77 0.00
2025-06,Performance Review,2025-26,CompleteReviewReportJune2025.pdf,34,CIL - Total,variation_pct,2025-06,cumulative,-15.26,,-15.26,% Variation Over Target April- June 2025 -20.15 -22.29 -31.67 -3.24 -6.12 -14.64 -15.71 -44.44
2025-06,Performance Review,2025-26,CompleteReviewReportJune2025.pdf,31,"Others (TISCO,IISCO,DVC)",achievement,2025-06,monthly,16.057,,16.057,June 2025 Achievement (Provisional) 3.514 2.595 4.499 11.260 4.848 13.326 17.726 0.000
2025-06,Performance Review,2025-26,CompleteReviewReportJune2025.pdf,31,"Others (TISCO,IISCO,DVC)",achievement,2025-06,cumulative,47.714,,47.714,April-June 2025 Achievement (Provisional) 11.536 9.042 16.637 35.888 17.392 41.139 51.583 0.103
2025-06,Performance Review,2025-26,CompleteReviewReportJune2025.pdf,34,"Others (TISCO,IISCO,DVC)",achievement,2025-06,monthly,17.835,,17.835,June 2025 Achievement (Provisional) 3.980 2.670 4.940 10.910 5.790 15.520 17.340 0.010
2025-06,Performance Review,2025-26,CompleteReviewReportJune2025.pdf,34,"Others (TISCO,IISCO,DVC)",achievement,2025-06,cumulative,53.162,,53.162,April-June 2025 Achievement (Provisional) 12.480 8.960 18.730 34.640 17.650 46.350 52.190 0.030
2025-06,Performance Review,2025-26,CompleteReviewReportJune2025.pdf,31,"Others (TISCO,IISCO,DVC)",target,2025-06,monthly,0.0,,0.000,June 2025 Target 4.355 4.086 7.615 12.281 5.822 16.272 17.734 0.020
2025-06,Performance Review,2025-26,CompleteReviewReportJune2025.pdf,34,"Others (TISCO,IISCO,DVC)",target,2025-06,monthly,0.0,,0.000,June 2025 Target 4.950 3.600 8.570 11.700 6.010 17.700 20.110 0.010
2025-06,Performance Review,2025-26,CompleteReviewReportJune2025.pdf,31,"Others (TISCO,IISCO,DVC)",variation_pct,2025-06,cumulative,40.79,,40.79,% Variation Over Target April- June 2025 -16.38 -25.92 -28.12 -2.24 -4.71 -20.12 -1.75 14.44
2025-06,Performance Review,2025-26,CompleteReviewReportJune2025.pdf,31,SCCL,achievement,2025-06,monthly,5.172,,5.172,June 2025 Achievement (Provisional) 3.514 2.595 4.499 11.260 4.848 13.326 17.726 0.000
2025-06,Performance Review,2025-26,CompleteReviewReportJune2025.pdf,31,SCCL,achievement,2025-06,cumulative,15.986,,15.986,April-June 2025 Achievement (Provisional) 11.536 9.042 16.637 35.888 17.392 41.139 51.583 0.103
2025-06,Performance Review,2025-26,CompleteReviewReportJune2025.pdf,34,SCCL,achievement,2025-06,monthly,5.096,,5.096,June 2025 Achievement (Provisional) 3.980 2.670 4.940 10.910 5.790 15.520 17.340 0.010
2025-06,Performance Review,2025-26,CompleteReviewReportJune2025.pdf,34,SCCL,achievement,2025-06,cumulative,16.68,,16.680,April-June 2025 Achievement (Provisional) 12.480 8.960 18.730 34.640 17.650 46.350 52.190 0.030
2025-06,Performance Review,2025-26,CompleteReviewReportJune2025.pdf,31,SCCL,target,2025-06,monthly,5.162,,5.162,June 2025 Target 4.355 4.086 7.615 12.281 5.822 16.272 17.734 0.020
2025-06,Performance Review,2025-26,CompleteReviewReportJune2025.pdf,31,SCCL,target,2025-06,cumulative,16.091,,16.091,April-June 2025 Target 13.795 12.206 23.145 36.711 18.252 51.502 52.504 0.090
2025-06,Performance Review,2025-26,CompleteReviewReportJune2025.pdf,34,SCCL,target,2025-06,monthly,5.162,,5.162,June 2025 Target 4.950 3.600 8.570 11.700 6.010 17.700 20.110 0.010
2025-06,Performance Review,2025-26,CompleteReviewReportJune2025.pdf,34,SCCL,target,2025-06,cumulative,16.09,,16.090,April-June 2025 Target 15.630 11.530 27.410 35.800 18.800 54.300 61.920 0.054
2025-06,Performance Review,2025-26,CompleteReviewReportJune2025.pdf,31,SCCL,variation_pct,2025-06,monthly,0.19,,0.19,% Variation Over Target June 2025 -19.31 -36.49 -40.92 -8.31 -16.73 -18.10 -0.05 -100.00
2025-06,Performance Review,2025-26,CompleteReviewReportJune2025.pdf,31,SCCL,variation_pct,2025-06,cumulative,-0.65,,-0.65,% Variation Over Target April- June 2025 -16.38 -25.92 -28.12 -2.24 -4.71 -20.12 -1.75 14.44
2025-06,Performance Review,2025-26,CompleteReviewReportJune2025.pdf,34,SCCL,variation_pct,2025-06,monthly,-1.28,,-1.28,% Variation Over Target June 2025 -19.60 -25.83 -42.36 -6.75 -3.66 -12.32 -13.77 0.00
2025-06,Performance Review,2025-26,CompleteReviewReportJune2025.pdf,34,SCCL,variation_pct,2025-06,cumulative,3.67,,3.67,% Variation Over Target April- June 2025 -20.15 -22.29 -31.67 -3.24 -6.12 -14.64 -15.71 -44.44
2025-06,Performance Review,2025-26,CompleteReviewReportJune2025.pdf,44,Strengthening of existing weak pavement (Kms.),achievement,2025-06,monthly,24.71,Kms,24.71,Jun-25 Achievement (Provisional) $
2025-06,Performance Review,2025-26,CompleteReviewReportJune2025.pdf,44,Widening to four/six/eight lanes (Kms.),achievement,2025-06,monthly,56.19,Kms,56.19,Jun-25 Achievement (Provisional) $
2025-06,Performance Review,2025-26,CompleteReviewReportJune2025.pdf,44,Widening to two lanes (Kms.),achievement,2025-06,monthly,211.01,Kms,211.01,Jun-25 Achievement (Provisional) $
2025-06,Performance Review,2025-26,CompleteReviewReportJune2025.pdf,44,Widening/ Strengthening/ existing weak pavement to four/six/eight lanes (Kms.),achievement,2025-06,monthly,350.0,Kms,350.00,Jun-25 Achievement (Provisional) $
2025-06,Performance Review,2025-26,CompleteReviewReportJune2025.pdf,44,Widening/ Strengthening/ existing weak pavement to four/six/eight lanes (Kms.),achievement,2025-06,monthly,289.0,Kms,289.00,June 2025 Actual Achievement (Provisional) $
2025-07,Performance Review,2025-26,CompleteReviewReportJuly2025.pdf,32,All India - Total,achievement,2025-07,monthly,64.86,,64.860,July 2025 Achievement (Provisional) 2.700 2.367 3.761 10.622 2.516 9.749 14.724 0.000
2025-07,Performance Review,2025-26,CompleteReviewReportJuly2025.pdf,32,All India - Total,achievement,2025-07,cumulative,311.879,,311.879,April-July 2025 Achievement (Provisional) 14.237 11.408 20.398 46.509 19.907 50.889 66.307 0.103
2025-07,Performance Review,2025-26,CompleteReviewReportJuly2025.pdf,35,All India - Total,achievement,2025-07,monthly,73.558,,73.558,July 2025 Achievement (Provisional) 3.300 2.530 4.500 10.540 3.980 12.930 16.450 0.010
2025-07,Performance Review,2025-26,CompleteReviewReportJuly2025.pdf,36,All India - Total,achievement,2025-07,cumulative,334.311,,334.311,April-July 2025 Achievement (Provisional) 15.810 11.510 23.220 45.190 21.630 59.280 68.460 0.050
2025-07,Performance Review,2025-26,CompleteReviewReportJuly2025.pdf,32,All India - Total,target,2025-07,monthly,64.237,,64.237,July 2025 Target 3.810 3.450 7.157 11.554 2.653 13.592 17.266 0.005
2025-07,Performance Review,2025-26,CompleteReviewReportJuly2025.pdf,32,All India - Total,target,2025-07,cumulative,322.422,,322.422,April-July 2025 Target 17.605 15.656 30.302 48.265 20.905 65.094 69.770 0.095
2025-07,Performance Review,2025-26,CompleteReviewReportJuly2025.pdf,35,All India - Total,target,2025-07,monthly,74.72,,74.720,July 2025 Target 4.320 3.720 8.500 11.950 4.490 16.120 20.860 0.010
2025-07,Performance Review,2025-26,CompleteReviewReportJuly2025.pdf,36,All India - Total,target,2025-07,cumulative,316.216,,316.216,April-July 2025 Target 19.950 15.250 35.910 47.750 23.280 70.420 82.780 0.064
2025-07,Performance Review,2025-26,CompleteReviewReportJuly2025.pdf,32,All India - Total,variation_pct,2025-07,monthly,0.97,,0.97,% Variation Over Target July 2025 -29.13 -31.39 -47.45 -8.07 -5.16 -28.27 -14.72 -100.00
2025-07,Performance Review,2025-26,CompleteReviewReportJuly2025.pdf,32,All India - Total,variation_pct,2025-07,cumulative,-3.27,,-3.27,% Variation Over Target April- July 2025 -19.13 -27.13 -32.68 -3.64 -4.77 -21.82 -4.96 8.42
2025-07,Performance Review,2025-26,CompleteReviewReportJuly2025.pdf,35,All India - Total,variation_pct,2025-07,monthly,-1.56,,-1.56,% Variation Over Target July 2025 -23.61 -31.99 -47.06 -11.80 -11.36 -19.79 -21.14 0.00
2025-07,Performance Review,2025-26,CompleteReviewReportJuly2025.pdf,36,All India - Total,variation_pct,2025-07,cumulative,5.72,,5.72,% Variation Over Target April- July 2025 -20.75 -24.52 -35.34 -5.36 -7.13 -15.82 -17.30 -21.88
2025-07,Performance Review,2025-26,CompleteReviewReportJuly2025.pdf,42,All India Total (A+B),achievement,2025-07,monthly,2399.8,,2399.80,July 2025 Achievement (Provisional) A. Oil & Natural Gas corporation (ONGC) Gujarat 406.40 380.13 387.67 -6.46 -1.94 Assam 97.91 87.54 89.01 -10.59 -1.65 Tamil Nadu 20.00 15.94 17.74 -20.30 -10.15 Offshore 1127.98 1025.15 1071.35 -9.12 -4.31 Andhra Pradesh 21.48 18.69 19.17 -12.99 -2.50 Tripura 0.20 0.17 0.07 -15.00 142.86
2025-07,Performance Review,2025-26,CompleteReviewReportJuly2025.pdf,42,All India Total (A+B),target,2025-07,monthly,2657.95,,2657.95,July 2025 Target A. Oil & Natural Gas corporation (ONGC) Gujarat 406.40 380.13 387.67 -6.46 -1.94 Assam 97.91 87.54 89.01 -10.59 -1.65 Tamil Nadu 20.00 15.94 17.74 -20.30 -10.15 Offshore 1127.98 1025.15 1071.35 -9.12 -4.31 Andhra Pradesh 21.48 18.69 19.17 -12.99 -2.50 Tripura 0.20 0.17 0.07 -15.00 142.86
2025-07,Performance Review,2025-26,CompleteReviewReportJuly2025.pdf,42,All India Total (A+B),variation_pct,2025-07,monthly,-9.74,,-9.74,% Variation Over Target July 2025 A. Oil & Natural Gas corporation (ONGC) Gujarat 406.40 380.13 387.67 -6.46 -1.94 Assam 97.91 87.54 89.01 -10.59 -1.65 Tamil Nadu 20.00 15.94 17.74 -20.30 -10.15 Offshore 1127.98 1025.15 1071.35 -9.12 -4.31 Andhra Pradesh 21.48 18.69 19.17 -12.99 -2.50 Tripura 0.20 0.17 0.07 -15.00 142.86
2025-07,Performance Review,2025-26,CompleteReviewReportJuly2025.pdf,39,All India Total (A+B+C),achievement,2025-07,monthly,373.18,,373.18,July 2025 Achievement (Provisional) 0.00 0.00
2025-07,Performance Review,2025-26,CompleteReviewReportJuly2025.pdf,42,All India Total (A+B+C),achievement,2025-07,cumulative,9514.45,,9514.45,April-July 2025 Achievement (Provisional) A. Oil & Natural Gas corporation (ONGC) Gujarat - 1578.04 1503.89 1525.24 -4.70 -1.40 Assam - 385.87 347.67 349.38 -9.90 -0.49 Tamil Nadu - 76.00 64.52 71.19 -15.11 -9.37 Offshore - 4408.68 4044.05 4267.78 -8.27 -5.24 Andhra Pradesh - 82.58 78.53 73.48 -4.90 6.87 Tripura - 0.73 0.51 0.46 -30.14 10.87
2025-07,Performance Review,2025-26,CompleteReviewReportJuly2025.pdf,46,All India Total (A+B+C),achievement,2025-07,monthly,2962.17,,2962.17,July 2025 Achievement (Provisional) A. Oil & Natural Gas corporation (ONGC) Gujarat 69.06 69.85 67.34 1.14 3.73 Assam 35.90 28.95 29.87 -19.36 -3.08 Tamil Nadu 84.35 80.81 86.32 -4.20 -6.38 Offshore 1258.68 1224.76 1248.88 -2.69 -1.93 Andhra Pradesh 65.93 61.49 59.94 -6.73 2.59 Tripura 132.56 94.45 98.92 -28.75 -4.52 Rajasthan 1.50 0.00 0.00 -100.00 -
2025-07,Performance Review,2025-26,CompleteReviewReportJuly2025.pdf,42,All India Total (A+B+C),target,2025-07,cumulative,10398.19,,10398.19,April-July 2025 Target A. Oil & Natural Gas corporation (ONGC) Gujarat - 1578.04 1503.89 1525.24 -4.70 -1.40 Assam - 385.87 347.67 349.38 -9.90 -0.49 Tamil Nadu - 76.00 64.52 71.19 -15.11 -9.37 Offshore - 4408.68 4044.05 4267.78 -8.27 -5.24 Andhra Pradesh - 82.58 78.53 73.48 -4.90 6.87 Tripura - 0.73 0.51 0.46 -30.14 10.87
2025-07,Performance Review,2025-26,CompleteReviewReportJuly2025.pdf,46,All India Total (A+B+C),target,2025-07,monthly,3071.47,,3071.47,July 2025 Target A. Oil & Natural Gas corporation (ONGC) Gujarat 69.06 69.85 67.34 1.14 3.73 Assam 35.90 28.95 29.87 -19.36 -3.08 Tamil Nadu 84.35 80.81 86.32 -4.20 -6.38 Offshore 1258.68 1224.76 1248.88 -2.69 -1.93 Andhra Pradesh 65.93 61.49 59.94 -6.73 2.59 Tripura 132.56 94.45 98.92 -28.75 -4.52 Rajasthan 1.50 0.00 0.00 -100.00 -
2025-07,Performance Review,2025-26,CompleteReviewReportJuly2025.pdf,42,All India Total (A+B+C),variation_pct,2025-07,cumulative,-8.5,,-8.50,% Variation Over Target April- July 2025 A. Oil & Natural Gas corporation (ONGC) Gujarat - 1578.04 1503.89 1525.24 -4.70 -1.40 Assam - 385.87 347.67 349.38 -9.90 -0.49 Tamil Nadu - 76.00 64.52 71.19 -15.11 -9.37 Offshore - 4408.68 4044.05 4267.78 -8.27 -5.24 Andhra Pradesh - 82.58 78.53 73.48 -4.90 6.87 Tripura - 0.73 0.51 0.46 -30.14 10.87
2025-07,Performance Review,2025-26,CompleteReviewReportJuly2025.pdf,46,All India Total (A+B+C),variation_pct,2025-07,monthly,-3.56,,-3.56,% Variation Over July 2025 Target A. Oil & Natural Gas corporation (ONGC) Gujarat 69.06 69.85 67.34 1.14 3.73 Assam 35.90 28.95 29.87 -19.36 -3.08 Tamil Nadu 84.35 80.81 86.32 -4.20 -6.38 Offshore 1258.68 1224.76 1248.88 -2.69 -1.93 Andhra Pradesh 65.93 61.49 59.94 -6.73 2.59 Tripura 132.56 94.45 98.92 -28.75 -4.52 Rajasthan 1.50 0.00 0.00 -100.00 -
2025-07,Performance Review,2025-26,CompleteReviewReportJuly2025.pdf,40,All India Total(A+B),achievement,2025-07,monthly,1927.0,,1927.00,July 2025 Achievement (Provisional) 278.20 363.20 813.90
2025-07,Performance Review,2025-26,CompleteReviewReportJuly2025.pdf,40,All India Total(A+B),achievement,2025-07,cumulative,7038.7,,7038.70,April-July 2025 Achievement (Provisional) 999.80 1242.40 3046.40
2025-07,Performance Review,2025-26,CompleteReviewReportJuly2025.pdf,40,All India Total(A+B),target,2025-07,monthly,2004.3,,2004.30,July 2025 Target 299.30 303.90 864.70
2025-07,Performance Review,2025-26,CompleteReviewReportJuly2025.pdf,40,All India Total(A+B),target,2025-07,cumulative,7443.7,,7443.70,April-July 2025 Target 1023.90 1204.90 3163.10
2025-07,Performance Review,2025-26,CompleteReviewReportJuly2025.pdf,40,All India Total(A+B),variation_pct,2025-07,monthly,-3.86,,-3.86,% Variation Over Target July 2025 -7.05 19.51 -5.87
2025-07,Performance Review,2025-26,CompleteReviewReportJuly2025.pdf,40,All India Total(A+B),variation_pct,2025-07,cumulative,-5.44,,-5.44,% Variation Over Target April- July 2025 -2.35 3.11 -3.69
2025-07,Performance Review,2025-26,CompleteReviewReportJuly2025.pdf,39,All India Total(A+B+C),achievement,2025-07,cumulative,1572.62,,1572.62,April-July 2025 Achievement (Provisional) 0.00 0.00
2025-07,Performance Review,2025-26,CompleteReviewReportJuly2025.pdf,39,B. Private Sector,achievement,2025-07,monthly,357.81,,357.81,July 2025 Achievement (Provisional) 0.00 0.00
2025-07,Performance Review,2025-26,CompleteReviewReportJuly2025.pdf,39,B. Private Sector,achievement,2025-07,cumulative,1517.04,,1517.04,April-July 2025 Achievement (Provisional) 0.00 0.00
2025-07,Performance Review,2025-26,CompleteReviewReportJuly2025.pdf,42,C. DGH (JVC/Private),achievement,2025-07,monthly,582.01,,582.01,July 2025 Achievement (Provisional) A. Oil & Natural Gas corporation (ONGC) Gujarat 406.40 380.13 387.67 -6.46 -1.94 Assam 97.91 87.54 89.01 -10.59 -1.65 Tamil Nadu 20.00 15.94 17.74 -20.30 -10.15 Offshore 1127.98 1025.15 1071.35 -9.12 -4.31 Andhra Pradesh 21.48 18.69 19.17 -12.99 -2.50 Tripura 0.20 0.17 0.07 -15.00 142.86
2025-07,Performance Review,2025-26,CompleteReviewReportJuly2025.pdf,42,C. DGH (JVC/Private),achievement,2025-07,cumulative,2336.97,,2336.97,April-July 2025 Achievement (Provisional) A. Oil & Natural Gas corporation (ONGC) Gujarat - 1578.04 1503.89 1525.24 -4.70 -1.40 Assam - 385.87 347.67 349.38 -9.90 -0.49 Tamil Nadu - 76.00 64.52 71.19 -15.11 -9.37 Offshore - 4408.68 4044.05 4267.78 -8.27 -5.24 Andhra Pradesh - 82.58 78.53 73.48 -4.90 6.87 Tripura - 0.73 0.51 0.46 -30.14 10.87
2025-07,Performance Review,2025-26,CompleteReviewReportJuly2025.pdf,46,C. DGH (JVC/Private),achievement,2025-07,monthly,1137.47,,1137.47,July 2025 Achievement (Provisional) A. Oil & Natural Gas corporation (ONGC) Gujarat 69.06 69.85 67.34 1.14 3.73 Assam 35.90 28.95 29.87 -19.36 -3.08 Tamil Nadu 84.35 80.81 86.32 -4.20 -6.38 Offshore 1258.68 1224.76 1248.88 -2.69 -1.93 Andhra Pradesh 65.93 61.49 59.94 -6.73 2.59 Tripura 132.56 94.45 98.92 -28.75 -4.52 Rajasthan 1.50 0.00 0.00 -100.00 -
2025-07,Performance Review,2025-26,CompleteReviewReportJuly2025.pdf,42,C. DGH (JVC/Private),target,2025-07,monthly,671.65,,671.65,July 2025 Target A. Oil & Natural Gas corporation (ONGC) Gujarat 406.40 380.13 387.67 -6.46 -1.94 Assam 97.91 87.54 89.01 -10.59 -1.65 Tamil Nadu 20.00 15.94 17.74 -20.30 -10.15 Offshore 1127.98 1025.15 1071.35 -9.12 -4.31 Andhra Pradesh 21.48 18.69 19.17 -12.99 -2.50 Tripura 0.20 0.17 0.07 -15.00 142.86
2025-07,Performance Review,2025-26,CompleteReviewReportJuly2025.pdf,42,C. DGH (JVC/Private),target,2025-07,cumulative,2648.62,,2648.62,April-July 2025 Target A. Oil & Natural Gas corporation (ONGC) Gujarat - 1578.04 1503.89 1525.24 -4.70 -1.40 Assam - 385.87 347.67 349.38 -9.90 -0.49 Tamil Nadu - 76.00 64.52 71.19 -15.11 -9.37 Offshore - 4408.68 4044.05 4267.78 -8.27 -5.24 Andhra Pradesh - 82.58 78.53 73.48 -4.90 6.87 Tripura - 0.73 0.51 0.46 -30.14 10.87
2025-07,Performance Review,2025-26,CompleteReviewReportJuly2025.pdf,46,C. DGH (JVC/Private),target,2025-07,monthly,1110.34,,1110.34,July 2025 Target A. Oil & Natural Gas corporation (ONGC) Gujarat 69.06 69.85 67.34 1.14 3.73 Assam 35.90 28.95 29.87 -19.36 -3.08 Tamil Nadu 84.35 80.81 86.32 -4.20 -6.38 Offshore 1258.68 1224.76 1248.88 -2.69 -1.93 Andhra Pradesh 65.93 61.49 59.94 -6.73 2.59 Tripura 132.56 94.45 98.92 -28.75 -4.52 Rajasthan 1.50 0.00 0.00 -100.00 -
2025-07,Performance Review,2025-26,CompleteReviewReportJuly2025.pdf,42,C. DGH (JVC/Private),variation_pct,2025-07,monthly,-13.35,,-13.35,% Variation Over Target July 2025 A. Oil & Natural Gas corporation (ONGC) Gujarat 406.40 380.13 387.67 -6.46 -1.94 Assam 97.91 87.54 89.01 -10.59 -1.65 Tamil Nadu 20.00 15.94 17.74 -20.30 -10.15 Offshore 1127.98 1025.15 1071.35 -9.12 -4.31 Andhra Pradesh 21.48 18.69 19.17 -12.99 -2.50 Tripura 0.20 0.17 0.07 -15.00 142.86
2025-07,Performance Review,2025-26,CompleteReviewReportJuly2025.pdf,42,C. DGH (JVC/Private),variation_pct,2025-07,cumulative,-11.77,,-11.77,% Variation Over Target April- July 2025 A. Oil & Natural Gas corporation (ONGC) Gujarat - 1578.04 1503.89 1525.24 -4.70 -1.40 Assam - 385.87 347.67 349.38 -9.90 -0.49 Tamil Nadu - 76.00 64.52 71.19 -15.11 -9.37 Offshore - 4408.68 4044.05 4267.78 -8.27 -5.24 Andhra Pradesh - 82.58 78.53 73.48 -4.90 6.87 Tripura - 0.73 0.51 0.46 -30.14 10.87
2025-07,Performance Review,2025-26,CompleteReviewReportJuly2025.pdf,46,C. DGH (JVC/Private),variation_pct,2025-07,monthly,2.44,,2.44,% Variation Over July 2025 Target A. Oil & Natural Gas corporation (ONGC) Gujarat 69.06 69.85 67.34 1.14 3.73 Assam 35.90 28.95 29.87 -19.36 -3.08 Tamil Nadu 84.35 80.81 86.32 -4.20 -6.38 Offshore 1258.68 1224.76 1248.88 -2.69 -1.93 Andhra Pradesh 65.93 61.49 59.94 -6.73 2.59 Tripura 132.56 94.45 98.92 -28.75 -4.52 Rajasthan 1.50 0.00 0.00 -100.00 -
2025-07,Performance Review,2025-26,CompleteReviewReportJuly2025.pdf,39,C. Mini & White,achievement,2025-07,monthly,15.37,,15.37,July 2025 Achievement (Provisional) 0.00 0.00
2025-07,Performance Review,2025-26,CompleteReviewReportJuly2025.pdf,39,C. Mini & White,achievement,2025-07,cumulative,55.58,,55.58,April-July 2025 Achievement (Provisional) 0.00 0.00
2025-07,Performance Review,2025-26,CompleteReviewReportJuly2025.pdf,32,CIL - Total,achievement,2025-07,monthly,46.439,,46.439,July 2025 Achievement (Provisional) 2.700 2.367 3.761 10.622 2.516 9.749 14.724 0.000
2025-07,Performance Review,2025-26,CompleteReviewReportJuly2025.pdf,32,CIL - Total,achievement,2025-07,cumulative,229.758,,229.758,April-July 2025 Achievement (Provisional) 14.237 11.408 20.398 46.509 19.907 50.889 66.307 0.103
2025-07,Performance Review,2025-26,CompleteReviewReportJuly2025.pdf,35,CIL - Total,achievement,2025-07,monthly,54.24,,54.240,July 2025 Achievement (Provisional) 3.300 2.530 4.500 10.540 3.980 12.930 16.450 0.010
2025-07,Performance Review,2025-26,CompleteReviewReportJuly2025.pdf,36,CIL - Total,achievement,2025-07,cumulative,245.15,,245.150,April-July 2025 Achievement (Provisional) 15.810 11.510 23.220 45.190 21.630 59.280 68.460 0.050
2025-07,Performance Review,2025-26,CompleteReviewReportJuly2025.pdf,32,CIL - Total,target,2025-07,monthly,59.487,,59.487,July 2025 Target 3.810 3.450 7.157 11.554 2.653 13.592 17.266 0.005
2025-07,Performance Review,2025-26,CompleteReviewReportJuly2025.pdf,32,CIL - Total,target,2025-07,cumulative,267.573,,267.573,April-July 2025 Target 17.605 15.656 30.302 48.265 20.905 65.094 69.770 0.095
2025-07,Performance Review,2025-26,CompleteReviewReportJuly2025.pdf,35,CIL - Total,target,2025-07,monthly,69.97,,69.970,July 2025 Target 4.320 3.720 8.500 11.950 4.490 16.120 20.860 0.010
2025-07,Performance Review,2025-26,CompleteReviewReportJuly2025.pdf,36,CIL - Total,target,2025-07,cumulative,295.4,,295.400,April-July 2025 Target 19.950 15.250 35.910 47.750 23.280 70.420 82.780 0.064
2025-07,Performance Review,2025-26,CompleteReviewReportJuly2025.pdf,32,CIL - Total,variation_pct,2025-07,monthly,-21.93,,-21.93,% Variation Over Target July 2025 -29.13 -31.39 -47.45 -8.07 -5.16 -28.27 -14.72 -100.00
2025-07,Performance Review,2025-26,CompleteReviewReportJuly2025.pdf,32,CIL - Total,variation_pct,2025-07,cumulative,-14.13,,-14.13,% Variation Over Target April- July 2025 -19.13 -27.13 -32.68 -3.64 -4.77 -21.82 -4.96 8.42
2025-07,Performance Review,2025-26,CompleteReviewReportJuly2025.pdf,35,CIL - Total,variation_pct,2025-07,monthly,-22.48,,-22.48,% Variation Over Target July 2025 -23.61 -31.99 -47.06 -11.80 -11.36 -19.79 -21.14 0.00
2025-07,Performance Review,2025-26,CompleteReviewReportJuly2025.pdf,36,CIL - Total,variation_pct,2025-07,cumulative,-17.01,,-17.01,% Variation Over Target April- July 2025 -20.75 -24.52 -35.34 -5.36 -7.13 -15.82 -17.30 -21.88
2025-07,Performance Review,2025-26,CompleteReviewReportJuly2025.pdf,32,"Others (TISCO,IISCO,DVC)",achievement,2025-07,monthly,14.219,,14.219,July 2025 Achievement (Provisional) 2.700 2.367 3.761 10.622 2.516 9.749 14.724 0.000
2025-07,Performance Review,2025-26,CompleteReviewReportJuly2025.pdf,32,"Others (TISCO,IISCO,DVC)",achievement,2025-07,cumulative,61.933,,61.933,April-July 2025 Achievement (Provisional) 14.237 11.408 20.398 46.509 19.907 50.889 66.307 0.103
2025-07,Performance Review,2025-26,CompleteReviewReportJuly2025.pdf,35,"Others (TISCO,IISCO,DVC)",achievement,2025-07,monthly,15.098,,15.098,July 2025 Achievement (Provisional) 3.300 2.530 4.500 10.540 3.980 12.930 16.450 0.010
2025-07,Performance Review,2025-26,CompleteReviewReportJuly2025.pdf,36,"Others (TISCO,IISCO,DVC)",achievement,2025-07,cumulative,68.261,,68.261,April-July 2025 Achievement (Provisional) 15.810 11.510 23.220 45.190 21.630 59.280 68.460 0.050
2025-07,Performance Review,2025-26,CompleteReviewReportJuly2025.pdf,32,"Others (TISCO,IISCO,DVC)",target,2025-07,monthly,0.0,,0.000,July 2025 Target 3.810 3.450 7.157 11.554 2.653 13.592 17.266 0.005
2025-07,Performance Review,2025-26,CompleteReviewReportJuly2025.pdf,35,"Others (TISCO,IISCO,DVC)",target,2025-07,monthly,0.0,,0.000,July 2025 Target 4.320 3.720 8.500 11.950 4.490 16.120 20.860 0.010
2025-07,Performance Review,2025-26,CompleteReviewReportJuly2025.pdf,36,"Others (TISCO,IISCO,DVC)",variation_pct,2025-07,cumulative,101.42,,101.42,% Variation Over Target April- July 2025 -20.75 -24.52 -35.34 -5.36 -7.13 -15.82 -17.30 -21.88
2025-07,Performance Review,2025-26,CompleteReviewReportJuly2025.pdf,32,SCCL,achievement,2025-07,monthly,4.202,,4.202,July 2025 Achievement (Provisional) 2.700 2.367 3.761 10.622 2.516 9.749 14.724 0.000
2025-07,Performance Review,2025-26,CompleteReviewReportJuly2025.pdf,32,SCCL,achievement,2025-07,cumulative,20.188,,20.188,April-July 2025 Achievement (Provisional) 14.237 11.408 20.398 46.509 19.907 50.889 66.307 0.103
2025-07,Performance Review,2025-26,CompleteReviewReportJuly2025.pdf,35,SCCL,achievement,2025-07,monthly,4.22,,4.220,July 2025 Achievement (Provisional) 3.300 2.530 4.500 10.540 3.980 12.930 16.450 0.010
2025-07,Performance Review,2025-26,CompleteReviewReportJuly2025.pdf,36,SCCL,achievement,2025-07,cumulative,20.9,,20.900,April-July 2025 Achievement (Provisional) 15.810 11.510 23.220 45.190 21.630 59.280 68.460 0.050
2025-07,Performance Review,2025-26,CompleteReviewReportJuly2025.pdf,32,SCCL,target,2025-07,monthly,4.75,,4.750,July 2025 Target 3.810 3.450 7.157 11.554 2.653 13.592 17.266 0.005
2025-07,Performance Review,2025-26,CompleteReviewReportJuly2025.pdf,32,SCCL,target,2025-07,cumulative,20.816,,20.816,April-July 2025 Target 17.605 15.656 30.302 48.265 20.905 65.094 69.770 0.095
2025-07,Performance Review,2025-26,CompleteReviewReportJuly2025.pdf,35,SCCL,target,2025-07,monthly,4.75,,4.750,July 2025 Target 4.320 3.720 8.500 11.950 4.490 16.120 20.860 0.010
2025-07,Performance Review,2025-26,CompleteReviewReportJuly2025.pdf,36,SCCL,target,2025-07,cumulative,20.82,,20.820,April-July 2025 Target 19.950 15.250 35.910 47.750 23.280 70.420 82.780 0.064
2025-07,Performance Review,2025-26,CompleteReviewReportJuly2025.pdf,32,SCCL,variation_pct,2025-07,monthly,-11.54,,-11.54,% Variation Over Target July 2025 -29.13 -31.39 -47.45 -8.07 -5.16 -28.27 -14.72 -100.00
2025-07,Performance Review,2025-26,CompleteReviewReportJuly2025.pdf,32,SCCL,variation_pct,2025-07,cumulative,-3.02,,-3.02,% Variation Over Target April- July 2025 -19.13 -27.13 -32.68 -3.64 -4.77 -21.82 -4.96 8.42
2025-07,Performance Review,2025-26,CompleteReviewReportJuly2025.pdf,35,SCCL,variation_pct,2025-07,monthly,-11.16,,-11.16,% Variation Over Target July 2025 -23.61 -31.99 -47.06 -11.80 -11.36 -19.79 -21.14 0.00
2025-07,Performance Review,2025-26,CompleteReviewReportJuly2025.pdf,36,SCCL,variation_pct,2025-07,cumulative,0.38,,0.38,% Variation Over Target April- July 2025 -20.75 -24.52 -35.34 -5.36 -7.13 -15.82 -17.30 -21.88
2025-07,Performance Review,2025-26,CompleteReviewReportJuly2025.pdf,48,Widening to four/six/eight lanes (Kms.),achievement,2025-07,monthly,137.51,Kms,137.51,Jul-25 Achievement (Provisional) $
2025-07,Performance Review,2025-26,CompleteReviewReportJuly2025.pdf,48,Widening to four/six/eight lanes (Kms.),target,2025-07,monthly,104.0,Kms,104.00,Jul-25 Target *
2025-07,Performance Review,2025-26,CompleteReviewReportJuly2025.pdf,48,Widening to two lanes (Kms.),achievement,2025-07,monthly,579.89,Kms,579.89,Jul-25 Achievement (Provisional) $
2025-07,Performance Review,2025-26,CompleteReviewReportJuly2025.pdf,48,Widening/ Strengthening/ existing weak pavement to four/six/eight lanes (Kms.),achievement,2025-07,monthly,235.0,Kms,235.00,Jul-25 Achievement (Provisional) $
2025-07,Performance Review,2025-26,CompleteReviewReportJuly2025.pdf,48,Widening/ Strengthening/ existing weak pavement to four/six/eight lanes (Kms.),target,2025-07,monthly,232.0,Kms,232.00,Jul-25 Target *
2025-07,Performance Review,2025-26,CompleteReviewReportJuly2025.pdf,48,Widening/ Strengthening/ existing weak pavement to four/six/eight lanes (Kms.),variation_pct,2025-07,monthly,1.29,Kms,1.29,% Variation Over Target July 2025 $
2025-09,Performance Review,2025-26,ReviewReportSep25.pdf,24,(a) NHAI - Widening to two/four/six/eight lanes and strengthening of existing weak pavement (Kms.),achievement,2025-09,cumulative,178.0,Kms,178.000,Annexure - A Infrastructure Sector Performance during September 2025 and April-September FY 25-26 & FY 24-25 During September Production S e p tember FY 25-26
2025-09,Performance Review,2025-26,ReviewReportSep25.pdf,24,(a) NHAI - Widening to two/four/six/eight lanes and strengthening of existing weak pavement (Kms.),achievement,2025-09,cumulative,160.0,Kms,160.000,Annexure - A Infrastructure Sector Performance during September 2025 and April-September FY 25-26 & FY 24-25 During September Production September FY 24-25
2025-09,Performance Review,2025-26,ReviewReportSep25.pdf,24,(a) NHAI - Widening to two/four/six/eight lanes and strengthening of existing weak pavement (Kms.),achievement,2025-09,cumulative,1583.4,Kms,1583.400,Annexure - A Infrastructure Sector Performance during September 2025 and April-September FY 25-26 & FY 24-25 During April 2025-March 2026 (Cumulative) Production upto September FY 25-26
2025-09,Performance Review,2025-26,ReviewReportSep25.pdf,24,(a) NHAI - Widening to two/four/six/eight lanes and strengthening of existing weak pavement (Kms.),achievement,2025-09,cumulative,1646.0,Kms,1646.000,Annexure - A Infrastructure Sector Performance during September 2025 and April-September FY 25-26 & FY 24-25 During April 2025-March 2026 (Cumulative) Production upto September FY 24-25
2025-09,Performance Review,2025-26,ReviewReportSep25.pdf,24,(a) NHAI - Widening to two/four/six/eight lanes and strengthening of existing weak pavement (Kms.),achievement_pct,2025-09,cumulative,70.36,Kms,70.36,Annexure - A Infrastructure Sector Performance during September 2025 and April-September FY 25-26 & FY 24-25 During September Achievement ( % of Target )
2025-09,Performance Review,2025-26,ReviewReportSep25.pdf,24,(a) NHAI - Widening to two/four/six/eight lanes and strengthening of existing weak pavement (Kms.),achievement_pct,2025-09,cumulative,84.76,Kms,84.76,Annexure - A Infrastructure Sector Performance during September 2025 and April-September FY 25-26 & FY 24-25 During April 2025-March 2026 (Cumulative) Achievement ( % of Target )
2025-09,Performance Review,2025-26,ReviewReportSep25.pdf,24,(a) NHAI - Widening to two/four/six/eight lanes and strengthening of existing weak pavement (Kms.),growth_pct,2025-09,cumulative,11.25,Kms,11.25,Annexure - A Infrastructure Sector Performance during September 2025 and April-September FY 25-26 & FY 24-25 During September Growth % Y-o-Y (FY 25-26 w.r.t FY 24-25)
2025-09,Performance Review,2025-26,ReviewReportSep25.pdf,24,(a) NHAI - Widening to two/four/six/eight lanes and strengthening of existing weak pavement (Kms.),growth_pct,2025-09,cumulative,-3.8,Kms,-3.80,Annexure - A Infrastructure Sector Performance during September 2025 and April-September FY 25-26 & FY 24-25 During April 2025-March 2026 (Cumulative) Cumulative Growth % (FY 25-26 w.r.t FY 24-25)
2025-09,Performance Review,2025-26,ReviewReportSep25.pdf,24,(a) NHAI - Widening to two/four/six/eight lanes and strengthening of existing weak pavement (Kms.),target,2025-09,cumulative,253.0,Kms,253.0,Annexure - A Infrastructure Sector Performance during September 2025 and April-September FY 25-26 & FY 24-25 During September Target September FY 25-26
2025-09,Performance Review,2025-26,ReviewReportSep25.pdf,24,(a) NHAI - Widening to two/four/six/eight lanes and strengthening of existing weak pavement (Kms.),target,2025-09,cumulative,1868.0,Kms,1868.0,Annexure - A Infrastructure Sector Performance during September 2025 and April-September FY 25-26 & FY 24-25 During April 2025-March 2026 (Cumulative) Target upto September FY 25-26
2025-09,Performance Review,2025-26,ReviewReportSep25.pdf,24,(b) State PWD and Border,achievement,2025-09,cumulative,186.69,,186.690,Annexure - A Infrastructure Sector Performance during September 2025 and April-September FY 25-26 & FY 24-25 During September Production September FY 24-25
2025-09,Performance Review,2025-26,ReviewReportSep25.pdf,24,(b) State PWD and Border,achievement,2025-09,cumulative,1222.15,,1222.150,Annexure - A Infrastructure Sector Performance during September 2025 and April-September FY 25-26 & FY 24-25 During April 2025-March 2026 (Cumulative) Production upto September FY 25-26
2025-09,Performance Review,2025-26,ReviewReportSep25.pdf,24,(b) State PWD and Border,achievement,2025-09,cumulative,1548.73,,1548.730,Annexure - A Infrastructure Sector Performance during September 2025 and April-September FY 25-26 & FY 24-25 During April 2025-March 2026 (Cumulative) Production upto September FY 24-25
2025-09,Performance Review,2025-26,ReviewReportSep25.pdf,24,(b) State PWD and Border,achievement_pct,2025-09,cumulative,48.32,,48.32,Annexure - A Infrastructure Sector Performance during September 2025 and April-September FY 25-26 & FY 24-25 During September Achievement ( % of Target )
2025-09,Performance Review,2025-26,ReviewReportSep25.pdf,24,(b) State PWD and Border,achievement_pct,2025-09,cumulative,119.35,,119.35,Annexure - A Infrastructure Sector Performance during September 2025 and April-September FY 25-26 & FY 24-25 During April 2025-March 2026 (Cumulative) Achievement ( % of Target )
2025-09,Performance Review,2025-26,ReviewReportSep25.pdf,24,(b) State PWD and Border,growth_pct,2025-09,cumulative,-55.23,,-55.23,Annexure - A Infrastructure Sector Performance during September 2025 and April-September FY 25-26 & FY 24-25 During September Growth % Y-o-Y (FY 25-26 w.r.t FY 24-25)
2025-09,Performance Review,2025-26,ReviewReportSep25.pdf,24,(b) State PWD and Border,growth_pct,2025-09,cumulative,-21.09,,-21.09,Annexure - A Infrastructure Sector Performance during September 2025 and April-September FY 25-26 & FY 24-25 During April 2025-March 2026 (Cumulative) Cumulative Growth % (FY 25-26 w.r.t FY 24-25)
2025-09,Performance Review,2025-26,ReviewReportSep25.pdf,24,(b) State PWD and Border,target,2025-09,cumulative,1024.0,,1024.0,Annexure - A Infrastructure Sector Performance during September 2025 and April-September FY 25-26 & FY 24-25 During April 2025-March 2026 (Cumulative) Target upto September FY 25-26
2025-09,Performance Review,2025-26,ReviewReportSep25.pdf,34,All India - Total,achievement,2025-09,monthly,68.181,,68.181,Sep-25 Achievement (Provisional) 3.433 2.125 4.468 11.539 2.220 10.753 14.430 0.010
2025-09,Performance Review,2025-26,ReviewReportSep25.pdf,34,All India - Total,achievement,2025-09,cumulative,449.97,,449.970,April-September 2025 Achievement (Provisional) 20.332 15.746 29.528 69.388 24.840 72.661 96.532 0.113
2025-09,Performance Review,2025-26,ReviewReportSep25.pdf,37,All India - Total,achievement,2025-09,monthly,73.966,,73.966,Sep-25 Achievement (Provisional) 3.571 2.773 4.964 11.325 3.004 12.112 16.682 0.018
2025-09,Performance Review,2025-26,ReviewReportSep25.pdf,38,All India - Total,achievement,2025-09,cumulative,485.705,,485.705,April-September 2025 Achievement (Provisional) 22.481 17.063 33.480 68.014 28.671 84.220 103.080 0.070
2025-09,Performance Review,2025-26,ReviewReportSep25.pdf,34,All India - Total,target,2025-09,monthly,59.83,,59.830,Sep-25 Target 3.220 3.080 6.880 10.100 2.890 11.650 16.710 0.020
2025-09,Performance Review,2025-26,ReviewReportSep25.pdf,34,All India - Total,target,2025-09,cumulative,407.644,,407.644,April-September 2025 Target 24.045 21.886 44.337 66.984 26.667 88.939 103.742 0.120
2025-09,Performance Review,2025-26,ReviewReportSep25.pdf,37,All India - Total,target,2025-09,monthly,67.89,,67.890,Sep-25 Target 4.050 3.150 7.480 10.210 3.900 15.020 18.790 0.010
2025-09,Performance Review,2025-26,ReviewReportSep25.pdf,38,All India - Total,target,2025-09,cumulative,453.484,,453.484,April-September 2025 Target 28.170 21.660 51.250 68.510 31.210 100.950 120.730 0.080
2025-09,Performance Review,2025-26,ReviewReportSep25.pdf,34,All India - Total,variation_pct,2025-09,monthly,13.96,,13.96,% Variation Over Target September 2025 6.61 -31.01 -35.06 14.25 -23.18 -7.70 -13.64 -50.00
2025-09,Performance Review,2025-26,ReviewReportSep25.pdf,34,All India - Total,variation_pct,2025-09,cumulative,10.38,,10.38,% Variation Over Target April- September 2025 -15.44 -28.05 -33.40 3.59 -6.85 -18.30 -6.95 -5.83
2025-09,Performance Review,2025-26,ReviewReportSep25.pdf,37,All India - Total,variation_pct,2025-09,monthly,8.95,,8.95,% Variation Over Target September 2025 -11.83 -11.97 -33.64 10.92 -22.97 -19.36 -11.22 77.40
2025-09,Performance Review,2025-26,ReviewReportSep25.pdf,38,All India - Total,variation_pct,2025-09,cumulative,7.11,,7.11,% Variation Over Target April- September 2025 -20.20 -21.22 -34.67 -0.72 -8.14 -16.57 -14.62 -12.26
2025-09,Performance Review,2025-26,ReviewReportSep25.pdf,46,All India Total (A+B),achievement,2025-09,monthly,2258.21,,2258.21,September 2025 Achievement (Provisional) A. Oil & Natural Gas corporation (ONGC) Gujarat 400.31 361.30 367.12 -9.74 -1.59 Assam 96.93 85.25 85.69 -12.05 -0.51 Tamil Nadu 20.00 14.43 16.66 -27.85 -13.39 Offshore 1078.74 967.04 995.02 -10.35 -2.81 Andhra Pradesh 20.90 17.25 18.57 -17.46 -7.11 Tripura 0.19 0.12 0.17 -36.84 -29.41
2025-09,Performance Review,2025-26,ReviewReportSep25.pdf,46,All India Total (A+B),target,2025-09,monthly,2562.94,,2562.94,September 2025 Target A. Oil & Natural Gas corporation (ONGC) Gujarat 400.31 361.30 367.12 -9.74 -1.59 Assam 96.93 85.25 85.69 -12.05 -0.51 Tamil Nadu 20.00 14.43 16.66 -27.85 -13.39 Offshore 1078.74 967.04 995.02 -10.35 -2.81 Andhra Pradesh 20.90 17.25 18.57 -17.46 -7.11 Tripura 0.19 0.12 0.17 -36.84 -29.41
2025-09,Performance Review,2025-26,ReviewReportSep25.pdf,46,All India Total (A+B),variation_pct,2025-09,monthly,-11.89,,-11.89,% Variation Over Target September 2025 A. Oil & Natural Gas corporation (ONGC) Gujarat 400.31 361.30 367.12 -9.74 -1.59 Assam 96.93 85.25 85.69 -12.05 -0.51 Tamil Nadu 20.00 14.43 16.66 -27.85 -13.39 Offshore 1078.74 967.04 995.02 -10.35 -2.81 Andhra Pradesh 20.90 17.25 18.57 -17.46 -7.11 Tripura 0.19 0.12 0.17 -36.84 -29.41
2025-09,Performance Review,2025-26,ReviewReportSep25.pdf,42,All India Total (A+B+C),achievement,2025-09,monthly,360.19,,360.19,September 2025 Achievement (Provisional) 0.00 0.00
2025-09,Performance Review,2025-26,ReviewReportSep25.pdf,47,All India Total (A+B+C),achievement,2025-09,cumulative,14233.17,,14233.17,April-September 2025 Achievement (Provisional) A. Oil & Natural Gas corporation (ONGC) Gujarat NA 2389.06 2242.94 2271.60 -6.12 -1.26 Assam NA 581.17 521.63 525.53 -10.24 -0.74 Tamil Nadu NA 116.00 94.43 105.63 -18.59 -10.60 Offshore NA 6616.28 6022.40 6325.60 -8.98 -4.79 Andhra Pradesh NA 124.43 113.69 111.36 -8.63 2.09 Tripura NA 1.12 0.75 0.73 -33.04 2.74
2025-09,Performance Review,2025-26,ReviewReportSep25.pdf,52,All India Total (A+B+C),achievement,2025-09,monthly,2857.85,,2857.85,September 2025 Achievement (Provisional) A. Oil & Natural Gas corporation (ONGC) Gujarat 66.74 67.39 65.53 0.97 2.84 Assam 35.72 30.02 28.13 -15.96 6.72 Tamil Nadu 81.01 74.05 75.77 -8.59 -2.27 Offshore 1228.79 1186.27 1233.63 -3.46 -3.84 Andhra Pradesh 65.34 57.16 59.33 -12.52 -3.66 Tripura 136.85 103.37 101.11 -24.46 2.24 Rajasthan 1.50 0.00 0.00 -100.00 -
2025-09,Performance Review,2025-26,ReviewReportSep25.pdf,53,All India Total (A+B+C),achievement,2025-09,cumulative,17567.21,,17567.21,April-September 2025 Achievement (Provisional) A. Oil & Natural Gas corporation (ONGC) Gujarat NA 409.57 417.37 395.09 1.90 5.64 Assam NA 213.92 172.66 174.58 -19.29 -1.10 Tamil Nadu NA 496.09 459.94 502.45 -7.29 -8.46 Offshore NA 7439.59 7191.96 7344.05 -3.33 -2.07 Andhra Pradesh NA 388.56 370.23 368.97 -4.72 0.34 Tripura NA 763.40 603.15 618.50 -20.99 -2.48 Rajasthan NA 7.00 0.00 0.00 -100.00 -
2025-09,Performance Review,2025-26,ReviewReportSep25.pdf,47,All India Total (A+B+C),target,2025-09,cumulative,15621.59,,15621.59,April-September 2025 Target A. Oil & Natural Gas corporation (ONGC) Gujarat NA 2389.06 2242.94 2271.60 -6.12 -1.26 Assam NA 581.17 521.63 525.53 -10.24 -0.74 Tamil Nadu NA 116.00 94.43 105.63 -18.59 -10.60 Offshore NA 6616.28 6022.40 6325.60 -8.98 -4.79 Andhra Pradesh NA 124.43 113.69 111.36 -8.63 2.09 Tripura NA 1.12 0.75 0.73 -33.04 2.74
2025-09,Performance Review,2025-26,ReviewReportSep25.pdf,52,All India Total (A+B+C),target,2025-09,monthly,2982.65,,2982.65,September 2025 Target A. Oil & Natural Gas corporation (ONGC) Gujarat 66.74 67.39 65.53 0.97 2.84 Assam 35.72 30.02 28.13 -15.96 6.72 Tamil Nadu 81.01 74.05 75.77 -8.59 -2.27 Offshore 1228.79 1186.27 1233.63 -3.46 -3.84 Andhra Pradesh 65.34 57.16 59.33 -12.52 -3.66 Tripura 136.85 103.37 101.11 -24.46 2.24 Rajasthan 1.50 0.00 0.00 -100.00 -
2025-09,Performance Review,2025-26,ReviewReportSep25.pdf,53,All India Total (A+B+C),target,2025-09,cumulative,18084.35,,18084.35,April-September 2025 Target A. Oil & Natural Gas corporation (ONGC) Gujarat NA 409.57 417.37 395.09 1.90 5.64 Assam NA 213.92 172.66 174.58 -19.29 -1.10 Tamil Nadu NA 496.09 459.94 502.45 -7.29 -8.46 Offshore NA 7439.59 7191.96 7344.05 -3.33 -2.07 Andhra Pradesh NA 388.56 370.23 368.97 -4.72 0.34 Tripura NA 763.40 603.15 618.50 -20.99 -2.48 Rajasthan NA 7.00 0.00 0.00 -100.00 -
2025-09,Performance Review,2025-26,ReviewReportSep25.pdf,47,All India Total (A+B+C),variation_pct,2025-09,cumulative,-8.89,,-8.89,% Variation Over Target April- September 2025 A. Oil & Natural Gas corporation (ONGC) Gujarat NA 2389.06 2242.94 2271.60 -6.12 -1.26 Assam NA 581.17 521.63 525.53 -10.24 -0.74 Tamil Nadu NA 116.00 94.43 105.63 -18.59 -10.60 Offshore NA 6616.28 6022.40 6325.60 -8.98 -4.79 Andhra Pradesh NA 124.43 113.69 111.36 -8.63 2.09 Tripura NA 1.12 0.75 0.73 -33.04 2.74
2025-09,Performance Review,2025-26,ReviewReportSep25.pdf,52,All India Total (A+B+C),variation_pct,2025-09,monthly,-4.18,,-4.18,% Variation Over September 2025 Target A. Oil & Natural Gas corporation (ONGC) Gujarat 66.74 67.39 65.53 0.97 2.84 Assam 35.72 30.02 28.13 -15.96 6.72 Tamil Nadu 81.01 74.05 75.77 -8.59 -2.27 Offshore 1228.79 1186.27 1233.63 -3.46 -3.84 Andhra Pradesh 65.34 57.16 59.33 -12.52 -3.66 Tripura 136.85 103.37 101.11 -24.46 2.24 Rajasthan 1.50 0.00 0.00 -100.00 -
2025-09,Performance Review,2025-26,ReviewReportSep25.pdf,53,All India Total (A+B+C),variation_pct,2025-09,cumulative,-2.86,,-2.86,% Variation Over Target April- September 2025 A. Oil & Natural Gas corporation (ONGC) Gujarat NA 409.57 417.37 395.09 1.90 5.64 Assam NA 213.92 172.66 174.58 -19.29 -1.10 Tamil Nadu NA 496.09 459.94 502.45 -7.29 -8.46 Offshore NA 7439.59 7191.96 7344.05 -3.33 -2.07 Andhra Pradesh NA 388.56 370.23 368.97 -4.72 0.34 Tripura NA 763.40 603.15 618.50 -20.99 -2.48 Rajasthan NA 7.00 0.00 0.00 -100.00 -
2025-09,Performance Review,2025-26,ReviewReportSep25.pdf,43,All India Total(A+B),achievement,2025-09,monthly,1847.0,,1847.00,September 2025 Achievement (Provisional) 259.10 352.00 767.40
2025-09,Performance Review,2025-26,ReviewReportSep25.pdf,43,All India Total(A+B),achievement,2025-09,cumulative,10879.4,,10879.40,April-September 2025 Achievement (Provisional) 1575.80 1979.50 4641.70
2025-09,Performance Review,2025-26,ReviewReportSep25.pdf,43,All India Total(A+B),target,2025-09,monthly,1901.4,,1901.40,September 2025 Target 274.10 330.60 760.30
2025-09,Performance Review,2025-26,ReviewReportSep25.pdf,43,All India Total(A+B),target,2025-09,cumulative,11380.4,,11380.40,April-September 2025 Target 1576.30 1883.30 4785.80
2025-09,Performance Review,2025-26,ReviewReportSep25.pdf,43,All India Total(A+B),variation_pct,2025-09,monthly,-2.87,,-2.87,% Variation Over Target September 2025 -5.47 6.47 0.93
2025-09,Performance Review,2025-26,ReviewReportSep25.pdf,43,All India Total(A+B),variation_pct,2025-09,cumulative,-4.4,,-4.40,% Variation Over Target April- September 2025 -0.03 5.11 -3.01
2025-09,Performance Review,2025-26,ReviewReportSep25.pdf,42,All India Total(A+B+C),achievement,2025-09,cumulative,2288.75,,2288.75,April-September 2025 Achievement (Provisional) 0.00 0.00
2025-09,Performance Review,2025-26,ReviewReportSep25.pdf,42,B. Private Sector,achievement,2025-09,monthly,344.82,,344.82,September 2025 Achievement (Provisional) 0.00 0.00
2025-09,Performance Review,2025-26,ReviewReportSep25.pdf,42,B. Private Sector,achievement,2025-09,cumulative,2202.43,,2202.43,April-September 2025 Achievement (Provisional) 0.00 0.00
2025-09,Performance Review,2025-26,ReviewReportSep25.pdf,46,C. DGH (JVC/Private),achievement,2025-09,monthly,546.08,,546.08,September 2025 Achievement (Provisional) A. Oil & Natural Gas corporation (ONGC) Gujarat 400.31 361.30 367.12 -9.74 -1.59 Assam 96.93 85.25 85.69 -12.05 -0.51 Tamil Nadu 20.00 14.43 16.66 -27.85 -13.39 Offshore 1078.74 967.04 995.02 -10.35 -2.81 Andhra Pradesh 20.90 17.25 18.57 -17.46 -7.11 Tripura 0.19 0.12 0.17 -36.84 -29.41
2025-09,Performance Review,2025-26,ReviewReportSep25.pdf,47,C. DGH (JVC/Private),achievement,2025-09,cumulative,3544.99,,3544.99,April-September 2025 Achievement (Provisional) A. Oil & Natural Gas corporation (ONGC) Gujarat NA 2389.06 2242.94 2271.60 -6.12 -1.26 Assam NA 581.17 521.63 525.53 -10.24 -0.74 Tamil Nadu NA 116.00 94.43 105.63 -18.59 -10.60 Offshore NA 6616.28 6022.40 6325.60 -8.98 -4.79 Andhra Pradesh NA 124.43 113.69 111.36 -8.63 2.09 Tripura NA 1.12 0.75 0.73 -33.04 2.74
2025-09,Performance Review,2025-26,ReviewReportSep25.pdf,52,C. DGH (JVC/Private),achievement,2025-09,monthly,1088.42,,1088.42,September 2025 Achievement (Provisional) A. Oil & Natural Gas corporation (ONGC) Gujarat 66.74 67.39 65.53 0.97 2.84 Assam 35.72 30.02 28.13 -15.96 6.72 Tamil Nadu 81.01 74.05 75.77 -8.59 -2.27 Offshore 1228.79 1186.27 1233.63 -3.46 -3.84 Andhra Pradesh 65.34 57.16 59.33 -12.52 -3.66 Tripura 136.85 103.37 101.11 -24.46 2.24 Rajasthan 1.50 0.00 0.00 -100.00 -
2025-09,Performance Review,2025-26,ReviewReportSep25.pdf,53,C. DGH (JVC/Private),achievement,2025-09,cumulative,6768.05,,6768.05,April-September 2025 Achievement (Provisional) A. Oil & Natural Gas corporation (ONGC) Gujarat NA 409.57 417.37 395.09 1.90 5.64 Assam NA 213.92 172.66 174.58 -19.29 -1.10 Tamil Nadu NA 496.09 459.94 502.45 -7.29 -8.46 Offshore NA 7439.59 7191.96 7344.05 -3.33 -2.07 Andhra Pradesh NA 388.56 370.23 368.97 -4.72 0.34 Tripura NA 763.40 603.15 618.50 -20.99 -2.48 Rajasthan NA 7.00 0.00 0.00 -100.00 -
2025-09,Performance Review,2025-26,ReviewReportSep25.pdf,46,C. DGH (JVC/Private),target,2025-09,monthly,636.88,,636.88,September 2025 Target A. Oil & Natural Gas corporation (ONGC) Gujarat 400.31 361.30 367.12 -9.74 -1.59 Assam 96.93 85.25 85.69 -12.05 -0.51 Tamil Nadu 20.00 14.43 16.66 -27.85 -13.39 Offshore 1078.74 967.04 995.02 -10.35 -2.81 Andhra Pradesh 20.90 17.25 18.57 -17.46 -7.11 Tripura 0.19 0.12 0.17 -36.84 -29.41
2025-09,Performance Review,2025-26,ReviewReportSep25.pdf,47,C. DGH (JVC/Private),target,2025-09,cumulative,3949.9,,3949.90,April-September 2025 Target A. Oil & Natural Gas corporation (ONGC) Gujarat NA 2389.06 2242.94 2271.60 -6.12 -1.26 Assam NA 581.17 521.63 525.53 -10.24 -0.74 Tamil Nadu NA 116.00 94.43 105.63 -18.59 -10.60 Offshore NA 6616.28 6022.40 6325.60 -8.98 -4.79 Andhra Pradesh NA 124.43 113.69 111.36 -8.63 2.09 Tripura NA 1.12 0.75 0.73 -33.04 2.74
2025-09,Performance Review,2025-26,ReviewReportSep25.pdf,52,C. DGH (JVC/Private),target,2025-09,monthly,1060.94,,1060.94,September 2025 Target A. Oil & Natural Gas corporation (ONGC) Gujarat 66.74 67.39 65.53 0.97 2.84 Assam 35.72 30.02 28.13 -15.96 6.72 Tamil Nadu 81.01 74.05 75.77 -8.59 -2.27 Offshore 1228.79 1186.27 1233.63 -3.46 -3.84 Andhra Pradesh 65.34 57.16 59.33 -12.52 -3.66 Tripura 136.85 103.37 101.11 -24.46 2.24 Rajasthan 1.50 0.00 0.00 -100.00 -
2025-09,Performance Review,2025-26,ReviewReportSep25.pdf,53,C. DGH (JVC/Private),target,2025-09,cumulative,6517.44,,6517.44,April-September 2025 Target A. Oil & Natural Gas corporation (ONGC) Gujarat NA 409.57 417.37 395.09 1.90 5.64 Assam NA 213.92 172.66 174.58 -19.29 -1.10 Tamil Nadu NA 496.09 459.94 502.45 -7.29 -8.46 Offshore NA 7439.59 7191.96 7344.05 -3.33 -2.07 Andhra Pradesh NA 388.56 370.23 368.97 -4.72 0.34 Tripura NA 763.40 603.15 618.50 -20.99 -2.48 Rajasthan NA 7.00 0.00 0.00 -100.00 -
2025-09,Performance Review,2025-26,ReviewReportSep25.pdf,46,C. DGH (JVC/Private),variation_pct,2025-09,monthly,-14.26,,-14.26,% Variation Over Target September 2025 A. Oil & Natural Gas corporation (ONGC) Gujarat 400.31 361.30 367.12 -9.74 -1.59 Assam 96.93 85.25 85.69 -12.05 -0.51 Tamil Nadu 20.00 14.43 16.66 -27.85 -13.39 Offshore 1078.74 967.04 995.02 -10.35 -2.81 Andhra Pradesh 20.90 17.25 18.57 -17.46 -7.11 Tripura 0.19 0.12 0.17 -36.84 -29.41
2025-09,Performance Review,2025-26,ReviewReportSep25.pdf,47,C. DGH (JVC/Private),variation_pct,2025-09,cumulative,-10.25,,-10.25,% Variation Over Target April- September 2025 A. Oil & Natural Gas corporation (ONGC) Gujarat NA 2389.06 2242.94 2271.60 -6.12 -1.26 Assam NA 581.17 521.63 525.53 -10.24 -0.74 Tamil Nadu NA 116.00 94.43 105.63 -18.59 -10.60 Offshore NA 6616.28 6022.40 6325.60 -8.98 -4.79 Andhra Pradesh NA 124.43 113.69 111.36 -8.63 2.09 Tripura NA 1.12 0.75 0.73 -33.04 2.74
2025-09,Performance Review,2025-26,ReviewReportSep25.pdf,52,C. DGH (JVC/Private),variation_pct,2025-09,monthly,2.59,,2.59,% Variation Over September 2025 Target A. Oil & Natural Gas corporation (ONGC) Gujarat 66.74 67.39 65.53 0.97 2.84 Assam 35.72 30.02 28.13 -15.96 6.72 Tamil Nadu 81.01 74.05 75.77 -8.59 -2.27 Offshore 1228.79 1186.27 1233.63 -3.46 -3.84 Andhra Pradesh 65.34 57.16 59.33 -12.52 -3.66 Tripura 136.85 103.37 101.11 -24.46 2.24 Rajasthan 1.50 0.00 0.00 -100.00 -
2025-09,Performance Review,2025-26,ReviewReportSep25.pdf,53,C. DGH (JVC/Private),variation_pct,2025-09,cumulative,3.85,,3.85,% Variation Over Target April- September 2025 A. Oil & Natural Gas corporation (ONGC) Gujarat NA 409.57 417.37 395.09 1.90 5.64 Assam NA 213.92 172.66 174.58 -19.29 -1.10 Tamil Nadu NA 496.09 459.94 502.45 -7.29 -8.46 Offshore NA 7439.59 7191.96 7344.05 -3.33 -2.07 Andhra Pradesh NA 388.56 370.23 368.97 -4.72 0.34 Tripura NA 763.40 603.15 618.50 -20.99 -2.48 Rajasthan NA 7.00 0.00 0.00 -100.00 -
2025-09,Performance Review,2025-26,ReviewReportSep25.pdf,42,C. Mini & White,achievement,2025-09,monthly,15.37,,15.37,September 2025 Achievement (Provisional) 0.00 0.00
2025-09,Performance Review,2025-26,ReviewReportSep25.pdf,42,C. Mini & White,achievement,2025-09,cumulative,86.32,,86.32,April-September 2025 Achievement (Provisional) 0.00 0.00
2025-09,Performance Review,2025-26,ReviewReportSep25.pdf,34,CIL - Total,achievement,2025-09,monthly,48.978,,48.978,Sep-25 Achievement (Provisional) 3.433 2.125 4.468 11.539 2.220 10.753 14.430 0.010
2025-09,Performance Review,2025-26,ReviewReportSep25.pdf,34,CIL - Total,achievement,2025-09,cumulative,329.14,,329.140,April-September 2025 Achievement (Provisional) 20.332 15.746 29.528 69.388 24.840 72.661 96.532 0.113
2025-09,Performance Review,2025-26,ReviewReportSep25.pdf,37,CIL - Total,achievement,2025-09,monthly,54.449,,54.449,Sep-25 Achievement (Provisional) 3.571 2.773 4.964 11.325 3.004 12.112 16.682 0.018
2025-09,Performance Review,2025-26,ReviewReportSep25.pdf,38,CIL - Total,achievement,2025-09,cumulative,357.08,,357.080,April-September 2025 Achievement (Provisional) 22.481 17.063 33.480 68.014 28.671 84.220 103.080 0.070
2025-09,Performance Review,2025-26,ReviewReportSep25.pdf,34,CIL - Total,target,2025-09,monthly,54.55,,54.550,Sep-25 Target 3.220 3.080 6.880 10.100 2.890 11.650 16.710 0.020
2025-09,Performance Review,2025-26,ReviewReportSep25.pdf,34,CIL - Total,target,2025-09,cumulative,376.72,,376.720,April-September 2025 Target 24.045 21.886 44.337 66.984 26.667 88.939 103.742 0.120
2025-09,Performance Review,2025-26,ReviewReportSep25.pdf,37,CIL - Total,target,2025-09,monthly,62.61,,62.610,Sep-25 Target 4.050 3.150 7.480 10.210 3.900 15.020 18.790 0.010
2025-09,Performance Review,2025-26,ReviewReportSep25.pdf,38,CIL - Total,target,2025-09,cumulative,422.56,,422.560,April-September 2025 Target 28.170 21.660 51.250 68.510 31.210 100.950 120.730 0.080
2025-09,Performance Review,2025-26,ReviewReportSep25.pdf,34,CIL - Total,variation_pct,2025-09,monthly,-10.21,,-10.21,% Variation Over Target September 2025 6.61 -31.01 -35.06 14.25 -23.18 -7.70 -13.64 -50.00
2025-09,Performance Review,2025-26,ReviewReportSep25.pdf,34,CIL - Total,variation_pct,2025-09,cumulative,-12.63,,-12.63,% Variation Over Target April- September 2025 -15.44 -28.05 -33.40 3.59 -6.85 -18.30 -6.95 -5.83
2025-09,Performance Review,2025-26,ReviewReportSep25.pdf,37,CIL - Total,variation_pct,2025-09,monthly,-13.04,,-13.04,% Variation Over Target September 2025 -11.83 -11.97 -33.64 10.92 -22.97 -19.36 -11.22 77.40
2025-09,Performance Review,2025-26,ReviewReportSep25.pdf,38,CIL - Total,variation_pct,2025-09,cumulative,-15.5,,-15.50,% Variation Over Target April- September 2025 -20.20 -21.22 -34.67 -0.72 -8.14 -16.57 -14.62 -12.26
2025-09,Performance Review,2025-26,ReviewReportSep25.pdf,24,Cement Production (MT),achievement,2025-09,cumulative,36.019,MT,36.019,Annexure - A Infrastructure Sector Performance during September 2025 and April-September FY 25-26 & FY 24-25 During September Production S e p tember FY 25-26
2025-09,Performance Review,2025-26,ReviewReportSep25.pdf,24,Cement Production (MT),achievement,2025-09,cumulative,34.052,MT,34.052,Annexure - A Infrastructure Sector Performance during September 2025 and April-September FY 25-26 & FY 24-25 During September Production September FY 24-25
2025-09,Performance Review,2025-26,ReviewReportSep25.pdf,24,Cement Production (MT),achievement,2025-09,cumulative,228.875,MT,228.875,Annexure - A Infrastructure Sector Performance during September 2025 and April-September FY 25-26 & FY 24-25 During April 2025-March 2026 (Cumulative) Production upto September FY 25-26
2025-09,Performance Review,2025-26,ReviewReportSep25.pdf,24,Cement Production (MT),achievement,2025-09,cumulative,212.425,MT,212.425,Annexure - A Infrastructure Sector Performance during September 2025 and April-September FY 25-26 & FY 24-25 During April 2025-March 2026 (Cumulative) Production upto September FY 24-25
2025-09,Performance Review,2025-26,ReviewReportSep25.pdf,24,Cement Production (MT),growth_pct,2025-09,cumulative,5.78,MT,5.78,Annexure - A Infrastructure Sector Performance during September 2025 and April-September FY 25-26 & FY 24-25 During September Growth % Y-o-Y (FY 25-26 w.r.t FY 24-25)
2025-09,Performance Review,2025-26,ReviewReportSep25.pdf,24,Cement Production (MT),growth_pct,2025-09,cumulative,7.74,MT,7.74,Annexure - A Infrastructure Sector Performance during September 2025 and April-September FY 25-26 & FY 24-25 During April 2025-March 2026 (Cumulative) Cumulative Growth % (FY 25-26 w.r.t FY 24-25)
2025-09,Performance Review,2025-26,ReviewReportSep25.pdf,24,Coal India Ltd.,achievement,2025-09,cumulative,48.98,,48.980,Annexure - A Infrastructure Sector Performance during September 2025 and April-September FY 25-26 & FY 24-25 During September Production S e p tember FY 25-26
2025-09,Performance Review,2025-26,ReviewReportSep25.pdf,24,Coal India Ltd.,achievement,2025-09,cumulative,50.95,,50.950,Annexure - A Infrastructure Sector Performance during September 2025 and April-September FY 25-26 & FY 24-25 During September Production September FY 24-25
2025-09,Performance Review,2025-26,ReviewReportSep25.pdf,24,Coal India Ltd.,achievement,2025-09,cumulative,329.14,,329.140,Annexure - A Infrastructure Sector Performance during September 2025 and April-September FY 25-26 & FY 24-25 During April 2025-March 2026 (Cumulative) Production upto September FY 25-26
2025-09,Performance Review,2025-26,ReviewReportSep25.pdf,24,Coal India Ltd.,achievement,2025-09,cumulative,341.34,,341.340,Annexure - A Infrastructure Sector Performance during September 2025 and April-September FY 25-26 & FY 24-25 During April 2025-March 2026 (Cumulative) Production upto September FY 24-25
2025-09,Performance Review,2025-26,ReviewReportSep25.pdf,24,Coal India Ltd.,achievement_pct,2025-09,cumulative,89.79,,89.79,Annexure - A Infrastructure Sector Performance during September 2025 and April-September FY 25-26 & FY 24-25 During September Achievement ( % of Target )
2025-09,Performance Review,2025-26,ReviewReportSep25.pdf,24,Coal India Ltd.,achievement_pct,2025-09,cumulative,87.37,,87.37,Annexure - A Infrastructure Sector Performance during September 2025 and April-September FY 25-26 & FY 24-25 During April 2025-March 2026 (Cumulative) Achievement ( % of Target )
2025-09,Performance Review,2025-26,ReviewReportSep25.pdf,24,Coal India Ltd.,growth_pct,2025-09,cumulative,-3.87,,-3.87,Annexure - A Infrastructure Sector Performance during September 2025 and April-September FY 25-26 & FY 24-25 During September Growth % Y-o-Y (FY 25-26 w.r.t FY 24-25)
2025-09,Performance Review,2025-26,ReviewReportSep25.pdf,24,Coal India Ltd.,growth_pct,2025-09,cumulative,-3.57,,-3.57,Annexure - A Infrastructure Sector Performance during September 2025 and April-September FY 25-26 & FY 24-25 During April 2025-March 2026 (Cumulative) Cumulative Growth % (FY 25-26 w.r.t FY 24-25)
2025-09,Performance Review,2025-26,ReviewReportSep25.pdf,24,Coal India Ltd.,target,2025-09,cumulative,54.55,,54.550,Annexure - A Infrastructure Sector Performance during September 2025 and April-September FY 25-26 & FY 24-25 During September Target September FY 25-26
2025-09,Performance Review,2025-26,ReviewReportSep25.pdf,24,Coal India Ltd.,target,2025-09,cumulative,376.72,,376.720,Annexure - A Infrastructure Sector Performance during September 2025 and April-September FY 25-26 & FY 24-25 During April 2025-March 2026 (Cumulative) Target upto September FY 25-26
2025-09,Performance Review,2025-26,ReviewReportSep25.pdf,55,Construction of Missing Links (Kms.),achievement,2025-09,monthly,0.0,Kms,0.00,Sep-25 Achievement (Provisional)
2025-09,Performance Review,2025-26,ReviewReportSep25.pdf,55,Construction of Missing Links (Kms.),achievement,2025-09,cumulative,0.0,Kms,0.00,April-September 2025 Achievement (Provisional)
2025-09,Performance Review,2025-26,ReviewReportSep25.pdf,55,Construction of bypasses (Nos.),achievement,2025-09,monthly,0.0,Nos,0,Sep-25 Achievement (Provisional)
2025-09,Performance Review,2025-26,ReviewReportSep25.pdf,55,Construction of bypasses (Nos.),achievement,2025-09,cumulative,0.0,Nos,0,April-September 2025 Achievement (Provisional)
2025-09,Performance Review,2025-26,ReviewReportSep25.pdf,24,Fertilisers Production ('Th,achievement,2025-09,cumulative,4278.1,,4278.100,Annexure - A Infrastructure Sector Performance during September 2025 and April-September FY 25-26 & FY 24-25 During September Production S e p tember FY 25-26
2025-09,Performance Review,2025-26,ReviewReportSep25.pdf,24,Fertilisers Production ('Th,achievement,2025-09,cumulative,4334.9,,4334.900,Annexure - A Infrastructure Sector Performance during September 2025 and April-September FY 25-26 & FY 24-25 During September Production September FY 24-25
2025-09,Performance Review,2025-26,ReviewReportSep25.pdf,24,Fertilisers Production ('Th,achievement,2025-09,cumulative,25326.9,,25326.900,Annexure - A Infrastructure Sector Performance during September 2025 and April-September FY 25-26 & FY 24-25 During April 2025-March 2026 (Cumulative) Production upto September FY 25-26
2025-09,Performance Review,2025-26,ReviewReportSep25.pdf,24,Fertilisers Production ('Th,achievement,2025-09,cumulative,26407.4,,26407.400,Annexure - A Infrastructure Sector Performance during September 2025 and April-September FY 25-26 & FY 24-25 During April 2025-March 2026 (Cumulative) Production upto September FY 24-25
2025-09,Performance Review,2025-26,ReviewReportSep25.pdf,24,Fertilisers Production ('Th,achievement_pct,2025-09,cumulative,98.41,,98.41,Annexure - A Infrastructure Sector Performance during September 2025 and April-September FY 25-26 & FY 24-25 During September Achievement ( % of Target )
2025-09,Performance Review,2025-26,ReviewReportSep25.pdf,24,Fertilisers Production ('Th,achievement_pct,2025-09,cumulative,96.58,,96.58,Annexure - A Infrastructure Sector Performance during September 2025 and April-September FY 25-26 & FY 24-25 During April 2025-March 2026 (Cumulative) Achievement ( % of Target )
2025-09,Performance Review,2025-26,ReviewReportSep25.pdf,24,Fertilisers Production ('Th,growth_pct,2025-09,cumulative,-1.31,,-1.31,Annexure - A Infrastructure Sector Performance during September 2025 and April-September FY 25-26 & FY 24-25 During September Growth % Y-o-Y (FY 25-26 w.r.t FY 24-25)
2025-09,Performance Review,2025-26,ReviewReportSep25.pdf,24,Fertilisers Production ('Th,growth_pct,2025-09,cumulative,-4.09,,-4.09,Annexure - A Infrastructure Sector Performance during September 2025 and April-September FY 25-26 & FY 24-25 During April 2025-March 2026 (Cumulative) Cumulative Growth % (FY 25-26 w.r.t FY 24-25)
2025-09,Performance Review,2025-26,ReviewReportSep25.pdf,24,Fertilisers Production ('Th,target,2025-09,cumulative,26223.08,,26223.080,Annexure - A Infrastructure Sector Performance during September 2025 and April-September FY 25-26 & FY 24-25 During April 2025-March 2026 (Cumulative) Target upto September FY 25-26
2025-09,Performance Review,2025-26,ReviewReportSep25.pdf,24,"Gauge, Doubling & New line (in Kms)",achievement,2025-09,cumulative,231.0,,231.000,Annexure - A Infrastructure Sector Performance during September 2025 and April-September FY 25-26 & FY 24-25 During September Production S e p tember FY 25-26
2025-09,Performance Review,2025-26,ReviewReportSep25.pdf,24,"Gauge, Doubling & New line (in Kms)",achievement,2025-09,cumulative,911.0,,911.000,Annexure - A Infrastructure Sector Performance during September 2025 and April-September FY 25-26 & FY 24-25 During September Production September FY 24-25
2025-09,Performance Review,2025-26,ReviewReportSep25.pdf,24,"Gauge, Doubling & New line (in Kms)",achievement,2025-09,cumulative,815.0,,815.000,Annexure - A Infrastructure Sector Performance during September 2025 and April-September FY 25-26 & FY 24-25 During April 2025-March 2026 (Cumulative) Production upto September FY 25-26
2025-09,Performance Review,2025-26,ReviewReportSep25.pdf,24,"Gauge, Doubling & New line (in Kms)",achievement,2025-09,cumulative,1844.0,,1844.000,Annexure - A Infrastructure Sector Performance during September 2025 and April-September FY 25-26 & FY 24-25 During April 2025-March 2026 (Cumulative) Production upto September FY 24-25
2025-09,Performance Review,2025-26,ReviewReportSep25.pdf,24,"Gauge, Doubling & New line (in Kms)",growth_pct,2025-09,cumulative,-74.64,,-74.64,Annexure - A Infrastructure Sector Performance during September 2025 and April-September FY 25-26 & FY 24-25 During September Growth % Y-o-Y (FY 25-26 w.r.t FY 24-25)
2025-09,Performance Review,2025-26,ReviewReportSep25.pdf,24,"Gauge, Doubling & New line (in Kms)",growth_pct,2025-09,cumulative,-55.8,,-55.80,Annexure - A Infrastructure Sector Performance during September 2025 and April-September FY 25-26 & FY 24-25 During April 2025-March 2026 (Cumulative) Cumulative Growth % (FY 25-26 w.r.t FY 24-25)
2025-09,Performance Review,2025-26,ReviewReportSep25.pdf,24,I. Coal Production (MT),achievement,2025-09,cumulative,68.18,MT,68.180,Annexure - A Infrastructure Sector Performance during September 2025 and April-September FY 25-26 & FY 24-25 During September Production S e p tember FY 25-26
2025-09,Performance Review,2025-26,ReviewReportSep25.pdf,24,I. Coal Production (MT),achievement,2025-09,cumulative,68.91,MT,68.910,Annexure - A Infrastructure Sector Performance during September 2025 and April-September FY 25-26 & FY 24-25 During September Production September FY 24-25
2025-09,Performance Review,2025-26,ReviewReportSep25.pdf,24,I. Coal Production (MT),achievement,2025-09,cumulative,449.97,MT,449.970,Annexure - A Infrastructure Sector Performance during September 2025 and April-September FY 25-26 & FY 24-25 During April 2025-March 2026 (Cumulative) Production upto September FY 25-26
2025-09,Performance Review,2025-26,ReviewReportSep25.pdf,24,I. Coal Production (MT),achievement,2025-09,cumulative,452.94,MT,452.940,Annexure - A Infrastructure Sector Performance during September 2025 and April-September FY 25-26 & FY 24-25 During April 2025-March 2026 (Cumulative) Production upto September FY 24-25
2025-09,Performance Review,2025-26,ReviewReportSep25.pdf,24,I. Coal Production (MT),achievement_pct,2025-09,cumulative,113.96,MT,113.96,Annexure - A Infrastructure Sector Performance during September 2025 and April-September FY 25-26 & FY 24-25 During September Achievement ( % of Target )
2025-09,Performance Review,2025-26,ReviewReportSep25.pdf,24,I. Coal Production (MT),achievement_pct,2025-09,cumulative,110.38,MT,110.38,Annexure - A Infrastructure Sector Performance during September 2025 and April-September FY 25-26 & FY 24-25 During April 2025-March 2026 (Cumulative) Achievement ( % of Target )
2025-09,Performance Review,2025-26,ReviewReportSep25.pdf,24,I. Coal Production (MT),growth_pct,2025-09,cumulative,-1.06,MT,-1.06,Annexure - A Infrastructure Sector Performance during September 2025 and April-September FY 25-26 & FY 24-25 During September Growth % Y-o-Y (FY 25-26 w.r.t FY 24-25)
2025-09,Performance Review,2025-26,ReviewReportSep25.pdf,24,I. Coal Production (MT),growth_pct,2025-09,cumulative,-0.66,MT,-0.66,Annexure - A Infrastructure Sector Performance during September 2025 and April-September FY 25-26 & FY 24-25 During April 2025-March 2026 (Cumulative) Cumulative Growth % (FY 25-26 w.r.t FY 24-25)
2025-09,Performance Review,2025-26,ReviewReportSep25.pdf,24,I. Coal Production (MT),target,2025-09,cumulative,59.83,MT,59.830,Annexure - A Infrastructure Sector Performance during September 2025 and April-September FY 25-26 & FY 24-25 During September Target September FY 25-26
2025-09,Performance Review,2025-26,ReviewReportSep25.pdf,24,I. Coal Production (MT),target,2025-09,cumulative,407.64,MT,407.640,Annexure - A Infrastructure Sector Performance during September 2025 and April-September FY 25-26 & FY 24-25 During April 2025-March 2026 (Cumulative) Target upto September FY 25-26
2025-09,Performance Review,2025-26,ReviewReportSep25.pdf,24,I. Power Generation: Non-,achievement,2025-09,cumulative,108.183,,108.183,Annexure - A Infrastructure Sector Performance during September 2025 and April-September FY 25-26 & FY 24-25 During September Production September FY 24-25
2025-09,Performance Review,2025-26,ReviewReportSep25.pdf,24,I. Power Generation: Non-,achievement,2025-09,cumulative,688.503,,688.503,Annexure - A Infrastructure Sector Performance during September 2025 and April-September FY 25-26 & FY 24-25 During April 2025-March 2026 (Cumulative) Production upto September FY 25-26
2025-09,Performance Review,2025-26,ReviewReportSep25.pdf,24,I. Power Generation: Non-,achievement,2025-09,cumulative,722.366,,722.366,Annexure - A Infrastructure Sector Performance during September 2025 and April-September FY 25-26 & FY 24-25 During April 2025-March 2026 (Cumulative) Production upto September FY 24-25
2025-09,Performance Review,2025-26,ReviewReportSep25.pdf,24,I. Power Generation: Non-,achievement_pct,2025-09,cumulative,86.82,,86.82,Annexure - A Infrastructure Sector Performance during September 2025 and April-September FY 25-26 & FY 24-25 During September Achievement ( % of Target )
2025-09,Performance Review,2025-26,ReviewReportSep25.pdf,24,I. Power Generation: Non-,achievement_pct,2025-09,cumulative,87.0,,87.00,Annexure - A Infrastructure Sector Performance during September 2025 and April-September FY 25-26 & FY 24-25 During April 2025-March 2026 (Cumulative) Achievement ( % of Target )
2025-09,Performance Review,2025-26,ReviewReportSep25.pdf,24,I. Power Generation: Non-,growth_pct,2025-09,cumulative,-0.66,,-0.66,Annexure - A Infrastructure Sector Performance during September 2025 and April-September FY 25-26 & FY 24-25 During September Growth % Y-o-Y (FY 25-26 w.r.t FY 24-25)
2025-09,Performance Review,2025-26,ReviewReportSep25.pdf,24,I. Power Generation: Non-,growth_pct,2025-09,cumulative,-4.69,,-4.69,Annexure - A Infrastructure Sector Performance during September 2025 and April-September FY 25-26 & FY 24-25 During April 2025-March 2026 (Cumulative) Cumulative Growth % (FY 25-26 w.r.t FY 24-25)
2025-09,Performance Review,2025-26,ReviewReportSep25.pdf,24,I. Power Generation: Non-,target,2025-09,cumulative,791.417,,791.417,Annexure - A Infrastructure Sector Performance during September 2025 and April-September FY 25-26 & FY 24-25 During April 2025-March 2026 (Cumulative) Target upto September FY 25-26
2025-09,Performance Review,2025-26,ReviewReportSep25.pdf,24,I. Production of Finished Steel ('Th Tonnes): Main Producers,achievement,2025-09,cumulative,7388.0,,7388.000,Annexure - A Infrastructure Sector Performance during September 2025 and April-September FY 25-26 & FY 24-25 During September Production S e p tember FY 25-26
2025-09,Performance Review,2025-26,ReviewReportSep25.pdf,24,I. Production of Finished Steel ('Th Tonnes): Main Producers,achievement,2025-09,cumulative,6260.0,,6260.000,Annexure - A Infrastructure Sector Performance during September 2025 and April-September FY 25-26 & FY 24-25 During September Production September FY 24-25
2025-09,Performance Review,2025-26,ReviewReportSep25.pdf,24,I. Production of Finished Steel ('Th Tonnes): Main Producers,achievement,2025-09,cumulative,42810.0,,42810.000,Annexure - A Infrastructure Sector Performance during September 2025 and April-September FY 25-26 & FY 24-25 During April 2025-March 2026 (Cumulative) Production upto September FY 25-26
2025-09,Performance Review,2025-26,ReviewReportSep25.pdf,24,I. Production of Finished Steel ('Th Tonnes): Main Producers,achievement,2025-09,cumulative,38705.0,,38705.000,Annexure - A Infrastructure Sector Performance during September 2025 and April-September FY 25-26 & FY 24-25 During April 2025-March 2026 (Cumulative) Production upto September FY 24-25
2025-09,Performance Review,2025-26,ReviewReportSep25.pdf,24,I. Production of Finished Steel ('Th Tonnes): Main Producers,growth_pct,2025-09,cumulative,18.02,,18.02,Annexure - A Infrastructure Sector Performance during September 2025 and April-September FY 25-26 & FY 24-25 During September Growth % Y-o-Y (FY 25-26 w.r.t FY 24-25)
2025-09,Performance Review,2025-26,ReviewReportSep25.pdf,24,I. Production of Finished Steel ('Th Tonnes): Main Producers,growth_pct,2025-09,cumulative,10.61,,10.61,Annexure - A Infrastructure Sector Performance during September 2025 and April-September FY 25-26 & FY 24-25 During April 2025-March 2026 (Cumulative) Cumulative Growth % (FY 25-26 w.r.t FY 24-25)
2025-09,Performance Review,2025-26,ReviewReportSep25.pdf,24,I. Total Telephone Subscribers(in million),achievement,2025-09,cumulative,995.6,,995.6,Annexure - A Infrastructure Sector Performance during September 2025 and April-September FY 25-26 & FY 24-25 During September Production S e p tember FY 25-26
2025-09,Performance Review,2025-26,ReviewReportSep25.pdf,24,I. Total Telephone Subscribers(in million),achievement,2025-09,cumulative,944.4,,944.4,Annexure - A Infrastructure Sector Performance during September 2025 and April-September FY 25-26 & FY 24-25 During September Production September FY 24-25
2025-09,Performance Review,2025-26,ReviewReportSep25.pdf,24,I. Total Telephone Subscribers(in million),growth_pct,2025-09,cumulative,5.42,,5.42,Annexure - A Infrastructure Sector Performance during September 2025 and April-September FY 25-26 & FY 24-25 During September Growth % Y-o-Y (FY 25-26 w.r.t FY 24-25)
2025-09,Performance Review,2025-26,ReviewReportSep25.pdf,24,II. Lignite Production (MT),achievement,2025-09,cumulative,2.779,MT,2.779,Annexure - A Infrastructure Sector Performance during September 2025 and April-September FY 25-26 & FY 24-25 During September Production S e p tember FY 25-26
2025-09,Performance Review,2025-26,ReviewReportSep25.pdf,24,II. Lignite Production (MT),achievement,2025-09,cumulative,3.348,MT,3.348,Annexure - A Infrastructure Sector Performance during September 2025 and April-September FY 25-26 & FY 24-25 During September Production September FY 24-25
2025-09,Performance Review,2025-26,ReviewReportSep25.pdf,24,II. Lignite Production (MT),achievement,2025-09,cumulative,18.551,MT,18.551,Annexure - A Infrastructure Sector Performance during September 2025 and April-September FY 25-26 & FY 24-25 During April 2025-March 2026 (Cumulative) Production upto September FY 25-26
2025-09,Performance Review,2025-26,ReviewReportSep25.pdf,24,II. Lignite Production (MT),achievement,2025-09,cumulative,22.412,MT,22.412,Annexure - A Infrastructure Sector Performance during September 2025 and April-September FY 25-26 & FY 24-25 During April 2025-March 2026 (Cumulative) Production upto September FY 24-25
2025-09,Performance Review,2025-26,ReviewReportSep25.pdf,24,II. Lignite Production (MT),growth_pct,2025-09,cumulative,-17.0,MT,-17.00,Annexure - A Infrastructure Sector Performance during September 2025 and April-September FY 25-26 & FY 24-25 During September Growth % Y-o-Y (FY 25-26 w.r.t FY 24-25)
2025-09,Performance Review,2025-26,ReviewReportSep25.pdf,24,II. Lignite Production (MT),growth_pct,2025-09,cumulative,-17.23,MT,-17.23,Annexure - A Infrastructure Sector Performance during September 2025 and April-September FY 25-26 & FY 24-25 During April 2025-March 2026 (Cumulative) Cumulative Growth % (FY 25-26 w.r.t FY 24-25)
2025-09,Performance Review,2025-26,ReviewReportSep25.pdf,24,II. Power Generation: Renewable Energy (BU),achievement,2025-09,cumulative,48.381,BU,48.381,Annexure - A Infrastructure Sector Performance during September 2025 and April-September FY 25-26 & FY 24-25 During September Production S e p tember FY 25-26
2025-09,Performance Review,2025-26,ReviewReportSep25.pdf,24,II. Power Generation: Renewable Energy (BU),achievement,2025-09,cumulative,42.97,BU,42.970,Annexure - A Infrastructure Sector Performance during September 2025 and April-September FY 25-26 & FY 24-25 During September Production September FY 24-25
2025-09,Performance Review,2025-26,ReviewReportSep25.pdf,24,II. Power Generation: Renewable Energy (BU),achievement,2025-09,cumulative,274.029,BU,274.029,Annexure - A Infrastructure Sector Performance during September 2025 and April-September FY 25-26 & FY 24-25 During April 2025-March 2026 (Cumulative) Production upto September FY 25-26
2025-09,Performance Review,2025-26,ReviewReportSep25.pdf,24,II. Power Generation: Renewable Energy (BU),achievement,2025-09,cumulative,229.93,BU,229.930,Annexure - A Infrastructure Sector Performance during September 2025 and April-September FY 25-26 & FY 24-25 During April 2025-March 2026 (Cumulative) Production upto September FY 24-25
2025-09,Performance Review,2025-26,ReviewReportSep25.pdf,24,II. Power Generation: Renewable Energy (BU),growth_pct,2025-09,cumulative,12.59,BU,12.59,Annexure - A Infrastructure Sector Performance during September 2025 and April-September FY 25-26 & FY 24-25 During September Growth % Y-o-Y (FY 25-26 w.r.t FY 24-25)
2025-09,Performance Review,2025-26,ReviewReportSep25.pdf,24,II. Power Generation: Renewable Energy (BU),growth_pct,2025-09,cumulative,19.18,BU,19.18,Annexure - A Infrastructure Sector Performance during September 2025 and April-September FY 25-26 & FY 24-25 During April 2025-March 2026 (Cumulative) Cumulative Growth % (FY 25-26 w.r.t FY 24-25)
2025-09,Performance Review,2025-26,ReviewReportSep25.pdf,24,II. Production of Finished Steel ('Th Tonnes): Major (Secondary) Producer,achievement,2025-09,cumulative,5839.0,,5839.000,Annexure - A Infrastructure Sector Performance during September 2025 and April-September FY 25-26 & FY 24-25 During September Production S e p tember FY 25-26
2025-09,Performance Review,2025-26,ReviewReportSep25.pdf,24,II. Production of Finished Steel ('Th Tonnes): Major (Secondary) Producer,achievement,2025-09,cumulative,5366.0,,5366.000,Annexure - A Infrastructure Sector Performance during September 2025 and April-September FY 25-26 & FY 24-25 During September Production September FY 24-25
2025-09,Performance Review,2025-26,ReviewReportSep25.pdf,24,II. Production of Finished Steel ('Th Tonnes): Major (Secondary) Producer,achievement,2025-09,cumulative,35635.0,,35635.000,Annexure - A Infrastructure Sector Performance during September 2025 and April-September FY 25-26 & FY 24-25 During April 2025-March 2026 (Cumulative) Production upto September FY 25-26
2025-09,Performance Review,2025-26,ReviewReportSep25.pdf,24,II. Production of Finished Steel ('Th Tonnes): Major (Secondary) Producer,achievement,2025-09,cumulative,32016.0,,32016.000,Annexure - A Infrastructure Sector Performance during September 2025 and April-September FY 25-26 & FY 24-25 During April 2025-March 2026 (Cumulative) Production upto September FY 24-25
2025-09,Performance Review,2025-26,ReviewReportSep25.pdf,24,II. Production of Finished Steel ('Th Tonnes): Major (Secondary) Producer,growth_pct,2025-09,cumulative,8.81,,8.81,Annexure - A Infrastructure Sector Performance during September 2025 and April-September FY 25-26 & FY 24-25 During September Growth % Y-o-Y (FY 25-26 w.r.t FY 24-25)
2025-09,Performance Review,2025-26,ReviewReportSep25.pdf,24,II. Production of Finished Steel ('Th Tonnes): Major (Secondary) Producer,growth_pct,2025-09,cumulative,11.3,,11.30,Annexure - A Infrastructure Sector Performance during September 2025 and April-September FY 25-26 & FY 24-25 During April 2025-March 2026 (Cumulative) Cumulative Growth % (FY 25-26 w.r.t FY 24-25)
2025-09,Performance Review,2025-26,ReviewReportSep25.pdf,24,III. Aircraft Movements (In 'Th) -includes General Aviation,achievement,2025-09,cumulative,231.012,,231.012,Annexure - A Infrastructure Sector Performance during September 2025 and April-September FY 25-26 & FY 24-25 During September Production S e p tember FY 25-26
2025-09,Performance Review,2025-26,ReviewReportSep25.pdf,24,III. Aircraft Movements (In 'Th) -includes General Aviation,achievement,2025-09,cumulative,234.638,,234.638,Annexure - A Infrastructure Sector Performance during September 2025 and April-September FY 25-26 & FY 24-25 During September Production September FY 24-25
2025-09,Performance Review,2025-26,ReviewReportSep25.pdf,24,III. Aircraft Movements (In 'Th) -includes General Aviation,achievement,2025-09,cumulative,1426.777,,1426.777,Annexure - A Infrastructure Sector Performance during September 2025 and April-September FY 25-26 & FY 24-25 During April 2025-March 2026 (Cumulative) Production upto September FY 25-26
2025-09,Performance Review,2025-26,ReviewReportSep25.pdf,24,III. Aircraft Movements (In 'Th) -includes General Aviation,achievement,2025-09,cumulative,1408.693,,1408.693,Annexure - A Infrastructure Sector Performance during September 2025 and April-September FY 25-26 & FY 24-25 During April 2025-March 2026 (Cumulative) Production upto September FY 24-25
2025-09,Performance Review,2025-26,ReviewReportSep25.pdf,24,III. Aircraft Movements (In 'Th) -includes General Aviation,growth_pct,2025-09,cumulative,-1.55,,-1.55,Annexure - A Infrastructure Sector Performance during September 2025 and April-September FY 25-26 & FY 24-25 During September Growth % Y-o-Y (FY 25-26 w.r.t FY 24-25)
2025-09,Performance Review,2025-26,ReviewReportSep25.pdf,24,III. Aircraft Movements (In 'Th) -includes General Aviation,growth_pct,2025-09,cumulative,1.28,,1.28,Annexure - A Infrastructure Sector Performance during September 2025 and April-September FY 25-26 & FY 24-25 During April 2025-March 2026 (Cumulative) Cumulative Growth % (FY 25-26 w.r.t FY 24-25)
2025-09,Performance Review,2025-26,ReviewReportSep25.pdf,24,III. Aircraft Movements (In 'Th) -includes General Aviation,target,2025-09,cumulative,252.236,,252.236,Annexure - A Infrastructure Sector Performance during September 2025 and April-September FY 25-26 & FY 24-25 During September Target September FY 25-26
2025-09,Performance Review,2025-26,ReviewReportSep25.pdf,24,III. Aircraft Movements (In 'Th) -includes General Aviation,target,2025-09,cumulative,1514.345,,1514.345,Annexure - A Infrastructure Sector Performance during September 2025 and April-September FY 25-26 & FY 24-25 During April 2025-March 2026 (Cumulative) Target upto September FY 25-26
2025-09,Performance Review,2025-26,ReviewReportSep25.pdf,24,Import from Bhutan,achievement,2025-09,cumulative,1.407,,1.407,Annexure - A Infrastructure Sector Performance during September 2025 and April-September FY 25-26 & FY 24-25 During September Production S e p tember FY 25-26
2025-09,Performance Review,2025-26,ReviewReportSep25.pdf,24,Import from Bhutan,achievement,2025-09,cumulative,1.166,,1.166,Annexure - A Infrastructure Sector Performance during September 2025 and April-September FY 25-26 & FY 24-25 During September Production September FY 24-25
2025-09,Performance Review,2025-26,ReviewReportSep25.pdf,24,Import from Bhutan,achievement,2025-09,cumulative,6.302,,6.302,Annexure - A Infrastructure Sector Performance during September 2025 and April-September FY 25-26 & FY 24-25 During April 2025-March 2026 (Cumulative) Production upto September FY 25-26
2025-09,Performance Review,2025-26,ReviewReportSep25.pdf,24,Import from Bhutan,achievement,2025-09,cumulative,4.244,,4.244,Annexure - A Infrastructure Sector Performance during September 2025 and April-September FY 25-26 & FY 24-25 During April 2025-March 2026 (Cumulative) Production upto September FY 24-25
2025-09,Performance Review,2025-26,ReviewReportSep25.pdf,24,Import from Bhutan,achievement_pct,2025-09,cumulative,142.99,,142.99,Annexure - A Infrastructure Sector Performance during September 2025 and April-September FY 25-26 & FY 24-25 During September Achievement ( % of Target )
2025-09,Performance Review,2025-26,ReviewReportSep25.pdf,24,Import from Bhutan,achievement_pct,2025-09,cumulative,115.02,,115.02,Annexure - A Infrastructure Sector Performance during September 2025 and April-September FY 25-26 & FY 24-25 During April 2025-March 2026 (Cumulative) Achievement ( % of Target )
2025-09,Performance Review,2025-26,ReviewReportSep25.pdf,24,Import from Bhutan,growth_pct,2025-09,cumulative,20.67,,20.67,Annexure - A Infrastructure Sector Performance during September 2025 and April-September FY 25-26 & FY 24-25 During September Growth % Y-o-Y (FY 25-26 w.r.t FY 24-25)
2025-09,Performance Review,2025-26,ReviewReportSep25.pdf,24,Import from Bhutan,growth_pct,2025-09,cumulative,48.49,,48.49,Annexure - A Infrastructure Sector Performance during September 2025 and April-September FY 25-26 & FY 24-25 During April 2025-March 2026 (Cumulative) Cumulative Growth % (FY 25-26 w.r.t FY 24-25)
2025-09,Performance Review,2025-26,ReviewReportSep25.pdf,24,Import from Bhutan,target,2025-09,cumulative,0.984,,0.984,Annexure - A Infrastructure Sector Performance during September 2025 and April-September FY 25-26 & FY 24-25 During September Target September FY 25-26
2025-09,Performance Review,2025-26,ReviewReportSep25.pdf,24,Import from Bhutan,target,2025-09,cumulative,5.479,,5.479,Annexure - A Infrastructure Sector Performance during September 2025 and April-September FY 25-26 & FY 24-25 During April 2025-March 2026 (Cumulative) Target upto September FY 25-26
2025-09,Performance Review,2025-26,ReviewReportSep25.pdf,55,Improvement of low grade section (Kms.),achievement,2025-09,monthly,0.0,Kms,0.00,Sep-25 Achievement (Provisional)
2025-09,Performance Review,2025-26,ReviewReportSep25.pdf,55,Improvement of riding quality prog.(IRQP) (Kms.),achievement,2025-09,monthly,0.0,Kms,0.00,Sep-25 Achievement (Provisional)
2025-09,Performance Review,2025-26,ReviewReportSep25.pdf,55,Improvement of riding quality prog.(IRQP) (Kms.),achievement,2025-09,cumulative,122.15,Kms,122.15,April-September 2025 Achievement (Provisional)
2025-09,Performance Review,2025-26,ReviewReportSep25.pdf,24,Nuclear Generation,achievement,2025-09,cumulative,4.045,,4.045,Annexure - A Infrastructure Sector Performance during September 2025 and April-September FY 25-26 & FY 24-25 During September Production S e p tember FY 25-26
2025-09,Performance Review,2025-26,ReviewReportSep25.pdf,24,Nuclear Generation,achievement,2025-09,cumulative,4.926,,4.926,Annexure - A Infrastructure Sector Performance during September 2025 and April-September FY 25-26 & FY 24-25 During September Production September FY 24-25
2025-09,Performance Review,2025-26,ReviewReportSep25.pdf,24,Nuclear Generation,achievement,2025-09,cumulative,27.274,,27.274,Annexure - A Infrastructure Sector Performance during September 2025 and April-September FY 25-26 & FY 24-25 During April 2025-March 2026 (Cumulative) Production upto September FY 25-26
2025-09,Performance Review,2025-26,ReviewReportSep25.pdf,24,Nuclear Generation,achievement,2025-09,cumulative,28.327,,28.327,Annexure - A Infrastructure Sector Performance during September 2025 and April-September FY 25-26 & FY 24-25 During April 2025-March 2026 (Cumulative) Production upto September FY 24-25
2025-09,Performance Review,2025-26,ReviewReportSep25.pdf,24,Nuclear Generation,achievement_pct,2025-09,cumulative,109.98,,109.98,Annexure - A Infrastructure Sector Performance during September 2025 and April-September FY 25-26 & FY 24-25 During September Achievement ( % of Target )
2025-09,Performance Review,2025-26,ReviewReportSep25.pdf,24,Nuclear Generation,achievement_pct,2025-09,cumulative,97.46,,97.46,Annexure - A Infrastructure Sector Performance during September 2025 and April-September FY 25-26 & FY 24-25 During April 2025-March 2026 (Cumulative) Achievement ( % of Target )
2025-09,Performance Review,2025-26,ReviewReportSep25.pdf,24,Nuclear Generation,growth_pct,2025-09,cumulative,-17.88,,-17.88,Annexure - A Infrastructure Sector Performance during September 2025 and April-September FY 25-26 & FY 24-25 During September Growth % Y-o-Y (FY 25-26 w.r.t FY 24-25)
2025-09,Performance Review,2025-26,ReviewReportSep25.pdf,24,Nuclear Generation,growth_pct,2025-09,cumulative,-3.72,,-3.72,Annexure - A Infrastructure Sector Performance during September 2025 and April-September FY 25-26 & FY 24-25 During April 2025-March 2026 (Cumulative) Cumulative Growth % (FY 25-26 w.r.t FY 24-25)
2025-09,Performance Review,2025-26,ReviewReportSep25.pdf,24,Nuclear Generation,target,2025-09,cumulative,3.678,,3.678,Annexure - A Infrastructure Sector Performance during September 2025 and April-September FY 25-26 & FY 24-25 During September Target September FY 25-26
2025-09,Performance Review,2025-26,ReviewReportSep25.pdf,24,Nuclear Generation,target,2025-09,cumulative,27.984,,27.984,Annexure - A Infrastructure Sector Performance during September 2025 and April-September FY 25-26 & FY 24-25 During April 2025-March 2026 (Cumulative) Target upto September FY 25-26
2025-09,Performance Review,2025-26,ReviewReportSep25.pdf,34,"Others (TISCO,IISCO,DVC)",achievement,2025-09,monthly,15.503,,15.503,Sep-25 Achievement (Provisional) 3.433 2.125 4.468 11.539 2.220 10.753 14.430 0.010
2025-09,Performance Review,2025-26,ReviewReportSep25.pdf,34,"Others (TISCO,IISCO,DVC)",achievement,2025-09,cumulative,92.94,,92.940,April-September 2025 Achievement (Provisional) 20.332 15.746 29.528 69.388 24.840 72.661 96.532 0.113
2025-09,Performance Review,2025-26,ReviewReportSep25.pdf,37,"Others (TISCO,IISCO,DVC)",achievement,2025-09,monthly,15.777,,15.777,Sep-25 Achievement (Provisional) 3.571 2.773 4.964 11.325 3.004 12.112 16.682 0.018
2025-09,Performance Review,2025-26,ReviewReportSep25.pdf,38,"Others (TISCO,IISCO,DVC)",achievement,2025-09,cumulative,99.855,,99.855,April-September 2025 Achievement (Provisional) 22.481 17.063 33.480 68.014 28.671 84.220 103.080 0.070
2025-09,Performance Review,2025-26,ReviewReportSep25.pdf,24,Others/Captive,achievement,2025-09,cumulative,15.5,,15.500,Annexure - A Infrastructure Sector Performance during September 2025 and April-September FY 25-26 & FY 24-25 During September Production S e p tember FY 25-26
2025-09,Performance Review,2025-26,ReviewReportSep25.pdf,24,Others/Captive,achievement,2025-09,cumulative,14.21,,14.210,Annexure - A Infrastructure Sector Performance during September 2025 and April-September FY 25-26 & FY 24-25 During September Production September FY 24-25
2025-09,Performance Review,2025-26,ReviewReportSep25.pdf,24,Others/Captive,achievement,2025-09,cumulative,92.94,,92.940,Annexure - A Infrastructure Sector Performance during September 2025 and April-September FY 25-26 & FY 24-25 During April 2025-March 2026 (Cumulative) Production upto September FY 25-26
2025-09,Performance Review,2025-26,ReviewReportSep25.pdf,24,Others/Captive,achievement,2025-09,cumulative,83.15,,83.150,Annexure - A Infrastructure Sector Performance during September 2025 and April-September FY 25-26 & FY 24-25 During April 2025-March 2026 (Cumulative) Production upto September FY 24-25
2025-09,Performance Review,2025-26,ReviewReportSep25.pdf,24,Others/Captive,growth_pct,2025-09,cumulative,9.08,,9.08,Annexure - A Infrastructure Sector Performance during September 2025 and April-September FY 25-26 & FY 24-25 During September Growth % Y-o-Y (FY 25-26 w.r.t FY 24-25)
2025-09,Performance Review,2025-26,ReviewReportSep25.pdf,24,Others/Captive,growth_pct,2025-09,cumulative,11.77,,11.77,Annexure - A Infrastructure Sector Performance during September 2025 and April-September FY 25-26 & FY 24-25 During April 2025-March 2026 (Cumulative) Cumulative Growth % (FY 25-26 w.r.t FY 24-25)
2025-09,Performance Review,2025-26,ReviewReportSep25.pdf,24,Passenger Traffic (in Million),achievement,2025-09,cumulative,637.28,,637.280,Annexure - A Infrastructure Sector Performance during September 2025 and April-September FY 25-26 & FY 24-25 During September Production S e p tember FY 25-26
2025-09,Performance Review,2025-26,ReviewReportSep25.pdf,24,Passenger Traffic (in Million),achievement,2025-09,cumulative,615.13,,615.130,Annexure - A Infrastructure Sector Performance during September 2025 and April-September FY 25-26 & FY 24-25 During September Production September FY 24-25
2025-09,Performance Review,2025-26,ReviewReportSep25.pdf,24,Passenger Traffic (in Million),achievement,2025-09,cumulative,3778.94,,3778.940,Annexure - A Infrastructure Sector Performance during September 2025 and April-September FY 25-26 & FY 24-25 During April 2025-March 2026 (Cumulative) Production upto September FY 25-26
2025-09,Performance Review,2025-26,ReviewReportSep25.pdf,24,Passenger Traffic (in Million),achievement,2025-09,cumulative,3640.91,,3640.910,Annexure - A Infrastructure Sector Performance during September 2025 and April-September FY 25-26 & FY 24-25 During April 2025-March 2026 (Cumulative) Production upto September FY 24-25
2025-09,Performance Review,2025-26,ReviewReportSep25.pdf,24,Passenger Traffic (in Million),growth_pct,2025-09,cumulative,3.6,,3.60,Annexure - A Infrastructure Sector Performance during September 2025 and April-September FY 25-26 & FY 24-25 During September Growth % Y-o-Y (FY 25-26 w.r.t FY 24-25)
2025-09,Performance Review,2025-26,ReviewReportSep25.pdf,24,Passenger Traffic (in Million),growth_pct,2025-09,cumulative,3.79,,3.79,Annexure - A Infrastructure Sector Performance during September 2025 and April-September FY 25-26 & FY 24-25 During April 2025-March 2026 (Cumulative) Cumulative Growth % (FY 25-26 w.r.t FY 24-25)
2025-09,Performance Review,2025-26,ReviewReportSep25.pdf,55,Rehabilitation/ Construction of Bridges (Nos.),achievement,2025-09,monthly,0.0,Nos,0,Sep-25 Achievement (Provisional)
2025-09,Performance Review,2025-26,ReviewReportSep25.pdf,55,Rehabilitation/ Construction of Bridges (Nos.),achievement,2025-09,cumulative,0.0,Nos,0,April-September 2025 Achievement (Provisional)
2025-09,Performance Review,2025-26,ReviewReportSep25.pdf,24,Revenue earning Freight Traffic (MT),achievement,2025-09,cumulative,127.52,MT,127.520,Annexure - A Infrastructure Sector Performance during September 2025 and April-September FY 25-26 & FY 24-25 During September Production S e p tember FY 25-26
2025-09,Performance Review,2025-26,ReviewReportSep25.pdf,24,Revenue earning Freight Traffic (MT),achievement,2025-09,cumulative,122.77,MT,122.770,Annexure - A Infrastructure Sector Performance during September 2025 and April-September FY 25-26 & FY 24-25 During September Production September FY 24-25
2025-09,Performance Review,2025-26,ReviewReportSep25.pdf,24,Revenue earning Freight Traffic (MT),achievement,2025-09,cumulative,801.16,MT,801.160,Annexure - A Infrastructure Sector Performance during September 2025 and April-September FY 25-26 & FY 24-25 During April 2025-March 2026 (Cumulative) Production upto September FY 25-26
2025-09,Performance Review,2025-26,ReviewReportSep25.pdf,24,Revenue earning Freight Traffic (MT),achievement,2025-09,cumulative,775.99,MT,775.990,Annexure - A Infrastructure Sector Performance during September 2025 and April-September FY 25-26 & FY 24-25 During April 2025-March 2026 (Cumulative) Production upto September FY 24-25
2025-09,Performance Review,2025-26,ReviewReportSep25.pdf,24,Revenue earning Freight Traffic (MT),achievement_pct,2025-09,cumulative,95.66,MT,95.66,Annexure - A Infrastructure Sector Performance during September 2025 and April-September FY 25-26 & FY 24-25 During September Achievement ( % of Target )
2025-09,Performance Review,2025-26,ReviewReportSep25.pdf,24,Revenue earning Freight Traffic (MT),achievement_pct,2025-09,cumulative,97.67,MT,97.67,Annexure - A Infrastructure Sector Performance during September 2025 and April-September FY 25-26 & FY 24-25 During April 2025-March 2026 (Cumulative) Achievement ( % of Target )
2025-09,Performance Review,2025-26,ReviewReportSep25.pdf,24,Revenue earning Freight Traffic (MT),growth_pct,2025-09,cumulative,3.87,MT,3.87,Annexure - A Infrastructure Sector Performance during September 2025 and April-September FY 25-26 & FY 24-25 During September Growth % Y-o-Y (FY 25-26 w.r.t FY 24-25)
2025-09,Performance Review,2025-26,ReviewReportSep25.pdf,24,Revenue earning Freight Traffic (MT),growth_pct,2025-09,cumulative,3.24,MT,3.24,Annexure - A Infrastructure Sector Performance during September 2025 and April-September FY 25-26 & FY 24-25 During April 2025-March 2026 (Cumulative) Cumulative Growth % (FY 25-26 w.r.t FY 24-25)
2025-09,Performance Review,2025-26,ReviewReportSep25.pdf,24,Revenue earning Freight Traffic (MT),target,2025-09,cumulative,133.31,MT,133.310,Annexure - A Infrastructure Sector Performance during September 2025 and April-September FY 25-26 & FY 24-25 During September Target September FY 25-26
2025-09,Performance Review,2025-26,ReviewReportSep25.pdf,24,Revenue earning Freight Traffic (MT),target,2025-09,cumulative,820.27,MT,820.270,Annexure - A Infrastructure Sector Performance during September 2025 and April-September FY 25-26 & FY 24-25 During April 2025-March 2026 (Cumulative) Target upto September FY 25-26
2025-09,Performance Review,2025-26,ReviewReportSep25.pdf,34,SCCL,achievement,2025-09,monthly,3.7,,3.700,Sep-25 Achievement (Provisional) 3.433 2.125 4.468 11.539 2.220 10.753 14.430 0.010
2025-09,Performance Review,2025-26,ReviewReportSep25.pdf,34,SCCL,achievement,2025-09,cumulative,27.89,,27.890,April-September 2025 Achievement (Provisional) 20.332 15.746 29.528 69.388 24.840 72.661 96.532 0.113
2025-09,Performance Review,2025-26,ReviewReportSep25.pdf,37,SCCL,achievement,2025-09,monthly,3.74,,3.740,Sep-25 Achievement (Provisional) 3.571 2.773 4.964 11.325 3.004 12.112 16.682 0.018
2025-09,Performance Review,2025-26,ReviewReportSep25.pdf,38,SCCL,achievement,2025-09,cumulative,28.77,,28.770,April-September 2025 Achievement (Provisional) 22.481 17.063 33.480 68.014 28.671 84.220 103.080 0.070
2025-09,Performance Review,2025-26,ReviewReportSep25.pdf,34,SCCL,target,2025-09,monthly,5.28,,5.280,Sep-25 Target 3.220 3.080 6.880 10.100 2.890 11.650 16.710 0.020
2025-09,Performance Review,2025-26,ReviewReportSep25.pdf,34,SCCL,target,2025-09,cumulative,30.92,,30.92,April-September 2025 Target 24.045 21.886 44.337 66.984 26.667 88.939 103.742 0.120
2025-09,Performance Review,2025-26,ReviewReportSep25.pdf,37,SCCL,target,2025-09,monthly,5.28,,5.280,Sep-25 Target 4.050 3.150 7.480 10.210 3.900 15.020 18.790 0.010
2025-09,Performance Review,2025-26,ReviewReportSep25.pdf,38,SCCL,target,2025-09,cumulative,30.924,,30.924,April-September 2025 Target 28.170 21.660 51.250 68.510 31.210 100.950 120.730 0.080
2025-09,Performance Review,2025-26,ReviewReportSep25.pdf,34,SCCL,variation_pct,2025-09,monthly,-29.92,,-29.92,% Variation Over Target September 2025 6.61 -31.01 -35.06 14.25 -23.18 -7.70 -13.64 -50.00
2025-09,Performance Review,2025-26,ReviewReportSep25.pdf,34,SCCL,variation_pct,2025-09,cumulative,-9.81,,-9.81,% Variation Over Target April- September 2025 -15.44 -28.05 -33.40 3.59 -6.85 -18.30 -6.95 -5.83
2025-09,Performance Review,2025-26,ReviewReportSep25.pdf,37,SCCL,variation_pct,2025-09,monthly,-29.17,,-29.17,% Variation Over Target September 2025 -11.83 -11.97 -33.64 10.92 -22.97 -19.36 -11.22 77.40
2025-09,Performance Review,2025-26,ReviewReportSep25.pdf,38,SCCL,variation_pct,2025-09,cumulative,-6.97,,-6.97,% Variation Over Target April- September 2025 -20.20 -21.22 -34.67 -0.72 -8.14 -16.57 -14.62 -12.26
2025-09,Performance Review,2025-26,ReviewReportSep25.pdf,24,Singareni Collieries Compan,achievement,2025-09,cumulative,3.7,,3.700,Annexure - A Infrastructure Sector Performance during September 2025 and April-September FY 25-26 & FY 24-25 During September Production S e p tember FY 25-26
2025-09,Performance Review,2025-26,ReviewReportSep25.pdf,24,Singareni Collieries Compan,achievement,2025-09,cumulative,3.75,,3.750,Annexure - A Infrastructure Sector Performance during September 2025 and April-September FY 25-26 & FY 24-25 During September Production September FY 24-25
2025-09,Performance Review,2025-26,ReviewReportSep25.pdf,24,Singareni Collieries Compan,achievement,2025-09,cumulative,27.89,,27.890,Annexure - A Infrastructure Sector Performance during September 2025 and April-September FY 25-26 & FY 24-25 During April 2025-March 2026 (Cumulative) Production upto September FY 25-26
2025-09,Performance Review,2025-26,ReviewReportSep25.pdf,24,Singareni Collieries Compan,achievement,2025-09,cumulative,28.45,,28.450,Annexure - A Infrastructure Sector Performance during September 2025 and April-September FY 25-26 & FY 24-25 During April 2025-March 2026 (Cumulative) Production upto September FY 24-25
2025-09,Performance Review,2025-26,ReviewReportSep25.pdf,24,Singareni Collieries Compan,achievement_pct,2025-09,cumulative,70.08,,70.08,Annexure - A Infrastructure Sector Performance during September 2025 and April-September FY 25-26 & FY 24-25 During September Achievement ( % of Target )
2025-09,Performance Review,2025-26,ReviewReportSep25.pdf,24,Singareni Collieries Compan,growth_pct,2025-09,cumulative,-1.33,,-1.33,Annexure - A Infrastructure Sector Performance during September 2025 and April-September FY 25-26 & FY 24-25 During September Growth % Y-o-Y (FY 25-26 w.r.t FY 24-25)
2025-09,Performance Review,2025-26,ReviewReportSep25.pdf,24,Singareni Collieries Compan,growth_pct,2025-09,cumulative,-1.97,,-1.97,Annexure - A Infrastructure Sector Performance during September 2025 and April-September FY 25-26 & FY 24-25 During April 2025-March 2026 (Cumulative) Cumulative Growth % (FY 25-26 w.r.t FY 24-25)
2025-09,Performance Review,2025-26,ReviewReportSep25.pdf,24,Singareni Collieries Compan,target,2025-09,cumulative,30.92,,30.920,Annexure - A Infrastructure Sector Performance during September 2025 and April-September FY 25-26 & FY 24-25 During April 2025-March 2026 (Cumulative) Target upto September FY 25-26
2025-09,Performance Review,2025-26,ReviewReportSep25.pdf,24,Strengthening of existing weak pavement (Kms.),achievement,2025-09,cumulative,0.6,Kms,0.600,Annexure - A Infrastructure Sector Performance during September 2025 and April-September FY 25-26 & FY 24-25 During September Production S e p tember FY 25-26
2025-09,Performance Review,2025-26,ReviewReportSep25.pdf,24,Strengthening of existing weak pavement (Kms.),achievement,2025-09,cumulative,1.49,Kms,1.490,Annexure - A Infrastructure Sector Performance during September 2025 and April-September FY 25-26 & FY 24-25 During September Production September FY 24-25
2025-09,Performance Review,2025-26,ReviewReportSep25.pdf,24,Strengthening of existing weak pavement (Kms.),achievement,2025-09,cumulative,95.02,Kms,95.020,Annexure - A Infrastructure Sector Performance during September 2025 and April-September FY 25-26 & FY 24-25 During April 2025-March 2026 (Cumulative) Production upto September FY 25-26
2025-09,Performance Review,2025-26,ReviewReportSep25.pdf,24,Strengthening of existing weak pavement (Kms.),achievement,2025-09,cumulative,154.49,Kms,154.490,Annexure - A Infrastructure Sector Performance during September 2025 and April-September FY 25-26 & FY 24-25 During April 2025-March 2026 (Cumulative) Production upto September FY 24-25
2025-09,Performance Review,2025-26,ReviewReportSep25.pdf,55,Strengthening of existing weak pavement (Kms.),achievement,2025-09,monthly,0.6,Kms,0.60,Sep-25 Achievement (Provisional)
2025-09,Performance Review,2025-26,ReviewReportSep25.pdf,55,Strengthening of existing weak pavement (Kms.),achievement,2025-09,cumulative,95.02,Kms,95.02,April-September 2025 Achievement (Provisional)
2025-09,Performance Review,2025-26,ReviewReportSep25.pdf,24,Strengthening of existing weak pavement (Kms.),growth_pct,2025-09,cumulative,-59.73,Kms,-59.73,Annexure - A Infrastructure Sector Performance during September 2025 and April-September FY 25-26 & FY 24-25 During September Growth % Y-o-Y (FY 25-26 w.r.t FY 24-25)
2025-09,Performance Review,2025-26,ReviewReportSep25.pdf,24,Strengthening of existing weak pavement (Kms.),growth_pct,2025-09,cumulative,-38.49,Kms,-38.49,Annexure - A Infrastructure Sector Performance during September 2025 and April-September FY 25-26 & FY 24-25 During April 2025-March 2026 (Cumulative) Cumulative Growth % (FY 25-26 w.r.t FY 24-25)
2025-09,Performance Review,2025-26,ReviewReportSep25.pdf,24,Thermal Generation,achievement,2025-09,cumulative,102.013,,102.013,Annexure - A Infrastructure Sector Performance during September 2025 and April-September FY 25-26 & FY 24-25 During September Production S e p tember FY 25-26
2025-09,Performance Review,2025-26,ReviewReportSep25.pdf,24,Thermal Generation,achievement,2025-09,cumulative,102.091,,102.091,Annexure - A Infrastructure Sector Performance during September 2025 and April-September FY 25-26 & FY 24-25 During September Production September FY 24-25
2025-09,Performance Review,2025-26,ReviewReportSep25.pdf,24,Thermal Generation,achievement,2025-09,cumulative,654.927,,654.927,Annexure - A Infrastructure Sector Performance during September 2025 and April-September FY 25-26 & FY 24-25 During April 2025-March 2026 (Cumulative) Production upto September FY 25-26
2025-09,Performance Review,2025-26,ReviewReportSep25.pdf,24,Thermal Generation,achievement,2025-09,cumulative,689.795,,689.795,Annexure - A Infrastructure Sector Performance during September 2025 and April-September FY 25-26 & FY 24-25 During April 2025-March 2026 (Cumulative) Production upto September FY 24-25
2025-09,Performance Review,2025-26,ReviewReportSep25.pdf,24,Thermal Generation,achievement_pct,2025-09,cumulative,85.64,,85.64,Annexure - A Infrastructure Sector Performance during September 2025 and April-September FY 25-26 & FY 24-25 During September Achievement ( % of Target )
2025-09,Performance Review,2025-26,ReviewReportSep25.pdf,24,Thermal Generation,achievement_pct,2025-09,cumulative,86.41,,86.41,Annexure - A Infrastructure Sector Performance during September 2025 and April-September FY 25-26 & FY 24-25 During April 2025-March 2026 (Cumulative) Achievement ( % of Target )
2025-09,Performance Review,2025-26,ReviewReportSep25.pdf,24,Thermal Generation,growth_pct,2025-09,cumulative,-0.08,,-0.08,Annexure - A Infrastructure Sector Performance during September 2025 and April-September FY 25-26 & FY 24-25 During September Growth % Y-o-Y (FY 25-26 w.r.t FY 24-25)
2025-09,Performance Review,2025-26,ReviewReportSep25.pdf,24,Thermal Generation,growth_pct,2025-09,cumulative,-5.05,,-5.05,Annexure - A Infrastructure Sector Performance during September 2025 and April-September FY 25-26 & FY 24-25 During April 2025-March 2026 (Cumulative) Cumulative Growth % (FY 25-26 w.r.t FY 24-25)
2025-09,Performance Review,2025-26,ReviewReportSep25.pdf,24,Thermal Generation,target,2025-09,cumulative,119.113,,119.113,Annexure - A Infrastructure Sector Performance during September 2025 and April-September FY 25-26 & FY 24-25 During September Target September FY 25-26
2025-09,Performance Review,2025-26,ReviewReportSep25.pdf,24,Thermal Generation,target,2025-09,cumulative,757.954,,757.954,Annexure - A Infrastructure Sector Performance during September 2025 and April-September FY 25-26 & FY 24-25 During April 2025-March 2026 (Cumulative) Target upto September FY 25-26
2025-09,Performance Review,2025-26,ReviewReportSep25.pdf,24,Widening to four/six/eight lanes (Kms.),achievement,2025-09,cumulative,5.72,Kms,5.720,Annexure - A Infrastructure Sector Performance during September 2025 and April-September FY 25-26 & FY 24-25 During September Production S e p tember FY 25-26
2025-09,Performance Review,2025-26,ReviewReportSep25.pdf,24,Widening to four/six/eight lanes (Kms.),achievement,2025-09,cumulative,51.03,Kms,51.030,Annexure - A Infrastructure Sector Performance during September 2025 and April-September FY 25-26 & FY 24-25 During September Production September FY 24-25
2025-09,Performance Review,2025-26,ReviewReportSep25.pdf,24,Widening to four/six/eight lanes (Kms.),achievement,2025-09,cumulative,227.49,Kms,227.490,Annexure - A Infrastructure Sector Performance during September 2025 and April-September FY 25-26 & FY 24-25 During April 2025-March 2026 (Cumulative) Production upto September FY 25-26
2025-09,Performance Review,2025-26,ReviewReportSep25.pdf,24,Widening to four/six/eight lanes (Kms.),achievement,2025-09,cumulative,290.17,Kms,290.170,Annexure - A Infrastructure Sector Performance during September 2025 and April-September FY 25-26 & FY 24-25 During April 2025-March 2026 (Cumulative) Production upto September FY 24-25
2025-09,Performance Review,2025-26,ReviewReportSep25.pdf,55,Widening to four/six/eight lanes (Kms.),achievement,2025-09,monthly,5.72,Kms,5.72,Sep-25 Achievement (Provisional)
2025-09,Performance Review,2025-26,ReviewReportSep25.pdf,55,Widening to four/six/eight lanes (Kms.),achievement,2025-09,cumulative,227.49,Kms,227.49,April-September 2025 Achievement (Provisional)
2025-09,Performance Review,2025-26,ReviewReportSep25.pdf,24,Widening to four/six/eight lanes (Kms.),growth_pct,2025-09,cumulative,-88.79,Kms,-88.79,Annexure - A Infrastructure Sector Performance during September 2025 and April-September FY 25-26 & FY 24-25 During September Growth % Y-o-Y (FY 25-26 w.r.t FY 24-25)
2025-09,Performance Review,2025-26,ReviewReportSep25.pdf,24,Widening to four/six/eight lanes (Kms.),growth_pct,2025-09,cumulative,-21.6,Kms,-21.60,Annexure - A Infrastructure Sector Performance during September 2025 and April-September FY 25-26 & FY 24-25 During April 2025-March 2026 (Cumulative) Cumulative Growth % (FY 25-26 w.r.t FY 24-25)
2025-09,Performance Review,2025-26,ReviewReportSep25.pdf,24,Widening to four/six/eight lanes (Kms.),target,2025-09,cumulative,173.0,Kms,173.000,Annexure - A Infrastructure Sector Performance during September 2025 and April-September FY 25-26 & FY 24-25 During September Target September FY 25-26
2025-09,Performance Review,2025-26,ReviewReportSep25.pdf,24,Widening to four/six/eight lanes (Kms.),target,2025-09,cumulative,1292.0,Kms,1292.000,Annexure - A Infrastructure Sector Performance during September 2025 and April-September FY 25-26 & FY 24-25 During April 2025-March 2026 (Cumulative) Target upto September FY 25-26
2025-09,Performance Review,2025-26,ReviewReportSep25.pdf,55,Widening to four/six/eight lanes (Kms.),target,2025-09,monthly,173.0,Kms,173.00,Sep-25 Target
2025-09,Performance Review,2025-26,ReviewReportSep25.pdf,55,Widening to four/six/eight lanes (Kms.),target,2025-09,cumulative,1292.0,Kms,1292.00,April-September 2025 Target
2025-09,Performance Review,2025-26,ReviewReportSep25.pdf,55,Widening to four/six/eight lanes (Kms.),variation_pct,2025-09,monthly,-96.69,Kms,-96.69,% Variation Over Target
2025-09,Performance Review,2025-26,ReviewReportSep25.pdf,55,Widening to four/six/eight lanes (Kms.),variation_pct,2025-09,cumulative,-82.39,Kms,-82.39,% Variation Over Target April- September 2025
2025-09,Performance Review,2025-26,ReviewReportSep25.pdf,24,Widening to two lanes (Kms.),achievement,2025-09,cumulative,77.27,Kms,77.270,Annexure - A Infrastructure Sector Performance during September 2025 and April-September FY 25-26 & FY 24-25 During September Production S e p tember FY 25-26
2025-09,Performance Review,2025-26,ReviewReportSep25.pdf,24,Widening to two lanes (Kms.),achievement,2025-09,cumulative,134.17,Kms,134.170,Annexure - A Infrastructure Sector Performance during September 2025 and April-September FY 25-26 & FY 24-25 During September Production September FY 24-25
2025-09,Performance Review,2025-26,ReviewReportSep25.pdf,24,Widening to two lanes (Kms.),achievement,2025-09,cumulative,899.64,Kms,899.640,Annexure - A Infrastructure Sector Performance during September 2025 and April-September FY 25-26 & FY 24-25 During April 2025-March 2026 (Cumulative) Production upto September FY 25-26
2025-09,Performance Review,2025-26,ReviewReportSep25.pdf,24,Widening to two lanes (Kms.),achievement,2025-09,cumulative,1104.07,Kms,1104.070,Annexure - A Infrastructure Sector Performance during September 2025 and April-September FY 25-26 & FY 24-25 During April 2025-March 2026 (Cumulative) Production upto September FY 24-25
2025-09,Performance Review,2025-26,ReviewReportSep25.pdf,55,Widening to two lanes (Kms.),achievement,2025-09,monthly,77.27,Kms,77.27,Sep-25 Achievement (Provisional)
2025-09,Performance Review,2025-26,ReviewReportSep25.pdf,55,Widening to two lanes (Kms.),achievement,2025-09,cumulative,899.64,Kms,899.64,April-September 2025 Achievement (Provisional)
2025-09,Performance Review,2025-26,ReviewReportSep25.pdf,24,Widening to two lanes (Kms.),growth_pct,2025-09,cumulative,-42.41,Kms,-42.41,Annexure - A Infrastructure Sector Performance during September 2025 and April-September FY 25-26 & FY 24-25 During September Growth % Y-o-Y (FY 25-26 w.r.t FY 24-25)
2025-09,Performance Review,2025-26,ReviewReportSep25.pdf,24,Widening to two lanes (Kms.),growth_pct,2025-09,cumulative,-18.52,Kms,-18.52,Annexure - A Infrastructure Sector Performance during September 2025 and April-September FY 25-26 & FY 24-25 During April 2025-March 2026 (Cumulative) Cumulative Growth % (FY 25-26 w.r.t FY 24-25)
2025-09,Performance Review,2025-26,ReviewReportSep25.pdf,54,Widening/ Strengthening/ existing weak pavement to four/six/eight lanes (Kms.),achievement,2025-09,monthly,178.0,Kms,178.00,Sep-25 Achievement (Provisional)
2025-09,Performance Review,2025-26,ReviewReportSep25.pdf,54,Widening/ Strengthening/ existing weak pavement to four/six/eight lanes (Kms.),achievement,2025-09,cumulative,1583.4,Kms,1583.40,April-September 2025 Achievement (Provisional)
2025-09,Performance Review,2025-26,ReviewReportSep25.pdf,54,Widening/ Strengthening/ existing weak pavement to four/six/eight lanes (Kms.),target,2025-09,monthly,253.0,Kms,253.00,Sep-25 Target
2025-09,Performance Review,2025-26,ReviewReportSep25.pdf,54,Widening/ Strengthening/ existing weak pavement to four/six/eight lanes (Kms.),target,2025-09,cumulative,1868.0,Kms,1868.00,April-September 2025 Target
2025-09,Performance Review,2025-26,ReviewReportSep25.pdf,54,Widening/ Strengthening/ existing weak pavement to four/six/eight lanes (Kms.),variation_pct,2025-09,monthly,-29.64,Kms,-29.64,% Variation Over Target September 2025
2025-09,Performance Review,2025-26,ReviewReportSep25.pdf,54,Widening/ Strengthening/ existing weak pavement to four/six/eight lanes (Kms.),variation_pct,2025-09,cumulative,-15.24,Kms,-15.24,% Variation Over Target April- September 2025
2025-09,Performance Review,2025-26,ReviewReportSep25.pdf,24,i) Coal handled at major,achievement,2025-09,cumulative,15.508,,15.508,Annexure - A Infrastructure Sector Performance during September 2025 and April-September FY 25-26 & FY 24-25 During September Production S e p tember FY 25-26
2025-09,Performance Review,2025-26,ReviewReportSep25.pdf,24,i) Coal handled at major,achievement,2025-09,cumulative,13.636,,13.636,Annexure - A Infrastructure Sector Performance during September 2025 and April-September FY 25-26 & FY 24-25 During September Production September FY 24-25
2025-09,Performance Review,2025-26,ReviewReportSep25.pdf,24,i) Coal handled at major,achievement,2025-09,cumulative,94.733,,94.733,Annexure - A Infrastructure Sector Performance during September 2025 and April-September FY 25-26 & FY 24-25 During April 2025-March 2026 (Cumulative) Production upto September FY 25-26
2025-09,Performance Review,2025-26,ReviewReportSep25.pdf,24,i) Coal handled at major,achievement,2025-09,cumulative,94.488,,94.488,Annexure - A Infrastructure Sector Performance during September 2025 and April-September FY 25-26 & FY 24-25 During April 2025-March 2026 (Cumulative) Production upto September FY 24-25
2025-09,Performance Review,2025-26,ReviewReportSep25.pdf,24,i) Coal handled at major,growth_pct,2025-09,cumulative,13.72,,13.72,Annexure - A Infrastructure Sector Performance during September 2025 and April-September FY 25-26 & FY 24-25 During September Growth % Y-o-Y (FY 25-26 w.r.t FY 24-25)
2025-09,Performance Review,2025-26,ReviewReportSep25.pdf,24,i) Coal handled at major,growth_pct,2025-09,cumulative,0.26,,0.26,Annexure - A Infrastructure Sector Performance during September 2025 and April-September FY 25-26 & FY 24-25 During April 2025-March 2026 (Cumulative) Cumulative Growth % (FY 25-26 w.r.t FY 24-25)
2025-09,Performance Review,2025-26,ReviewReportSep25.pdf,24,i) Crude Oil Prod. (MMT),achievement,2025-09,cumulative,2.258,MMT,2.258,Annexure - A Infrastructure Sector Performance during September 2025 and April-September FY 25-26 & FY 24-25 During September Production S e p tember FY 25-26
2025-09,Performance Review,2025-26,ReviewReportSep25.pdf,24,i) Crude Oil Prod. (MMT),achievement,2025-09,cumulative,2.286,MMT,2.286,Annexure - A Infrastructure Sector Performance during September 2025 and April-September FY 25-26 & FY 24-25 During September Production September FY 24-25
2025-09,Performance Review,2025-26,ReviewReportSep25.pdf,24,i) Crude Oil Prod. (MMT),achievement,2025-09,cumulative,14.233,MMT,14.233,Annexure - A Infrastructure Sector Performance during September 2025 and April-September FY 25-26 & FY 24-25 During April 2025-March 2026 (Cumulative) Production upto September FY 25-26
2025-09,Performance Review,2025-26,ReviewReportSep25.pdf,24,i) Crude Oil Prod. (MMT),achievement,2025-09,cumulative,14.377,MMT,14.377,Annexure - A Infrastructure Sector Performance during September 2025 and April-September FY 25-26 & FY 24-25 During April 2025-March 2026 (Cumulative) Production upto September FY 24-25
2025-09,Performance Review,2025-26,ReviewReportSep25.pdf,24,i) Crude Oil Prod. (MMT),achievement_pct,2025-09,cumulative,88.11,MMT,88.11,Annexure - A Infrastructure Sector Performance during September 2025 and April-September FY 25-26 & FY 24-25 During September Achievement ( % of Target )
2025-09,Performance Review,2025-26,ReviewReportSep25.pdf,24,i) Crude Oil Prod. (MMT),achievement_pct,2025-09,cumulative,91.11,MMT,91.11,Annexure - A Infrastructure Sector Performance during September 2025 and April-September FY 25-26 & FY 24-25 During April 2025-March 2026 (Cumulative) Achievement ( % of Target )
2025-09,Performance Review,2025-26,ReviewReportSep25.pdf,24,i) Crude Oil Prod. (MMT),growth_pct,2025-09,cumulative,-1.23,MMT,-1.23,Annexure - A Infrastructure Sector Performance during September 2025 and April-September FY 25-26 & FY 24-25 During September Growth % Y-o-Y (FY 25-26 w.r.t FY 24-25)
2025-09,Performance Review,2025-26,ReviewReportSep25.pdf,24,i) Crude Oil Prod. (MMT),growth_pct,2025-09,cumulative,-1.0,MMT,-1.00,Annexure - A Infrastructure Sector Performance during September 2025 and April-September FY 25-26 & FY 24-25 During April 2025-March 2026 (Cumulative) Cumulative Growth % (FY 25-26 w.r.t FY 24-25)
2025-09,Performance Review,2025-26,ReviewReportSep25.pdf,24,i) Crude Oil Prod. (MMT),target,2025-09,cumulative,2.563,MMT,2.563,Annexure - A Infrastructure Sector Performance during September 2025 and April-September FY 25-26 & FY 24-25 During September Target September FY 25-26
2025-09,Performance Review,2025-26,ReviewReportSep25.pdf,24,i) Crude Oil Prod. (MMT),target,2025-09,cumulative,15.622,MMT,15.622,Annexure - A Infrastructure Sector Performance during September 2025 and April-September FY 25-26 & FY 24-25 During April 2025-March 2026 (Cumulative) Target upto September FY 25-26
2025-09,Performance Review,2025-26,ReviewReportSep25.pdf,24,i) Export Cargo,achievement,2025-09,cumulative,113450.0,,113450,Annexure - A Infrastructure Sector Performance during September 2025 and April-September FY 25-26 & FY 24-25 During September Production September FY 24-25
2025-09,Performance Review,2025-26,ReviewReportSep25.pdf,24,i) Export Cargo,achievement,2025-09,cumulative,333311.0,,333311,Annexure - A Infrastructure Sector Performance during September 2025 and April-September FY 25-26 & FY 24-25 During April 2025-March 2026 (Cumulative) Production upto September FY 24-25
2025-09,Performance Review,2025-26,ReviewReportSep25.pdf,24,i) International Terminals,achievement,2025-09,cumulative,6371906.0,,6371906,Annexure - A Infrastructure Sector Performance during September 2025 and April-September FY 25-26 & FY 24-25 During September Production S e p tember FY 25-26
2025-09,Performance Review,2025-26,ReviewReportSep25.pdf,24,i) International Terminals,achievement,2025-09,cumulative,5939175.0,,5939175,Annexure - A Infrastructure Sector Performance during September 2025 and April-September FY 25-26 & FY 24-25 During September Production September FY 24-25
2025-09,Performance Review,2025-26,ReviewReportSep25.pdf,24,i) International Terminals,achievement,2025-09,cumulative,39513855.0,,39513855,Annexure - A Infrastructure Sector Performance during September 2025 and April-September FY 25-26 & FY 24-25 During April 2025-March 2026 (Cumulative) Production upto September FY 25-26
2025-09,Performance Review,2025-26,ReviewReportSep25.pdf,24,i) International Terminals,achievement,2025-09,cumulative,36962821.0,,36962821,Annexure - A Infrastructure Sector Performance during September 2025 and April-September FY 25-26 & FY 24-25 During April 2025-March 2026 (Cumulative) Production upto September FY 24-25
2025-09,Performance Review,2025-26,ReviewReportSep25.pdf,24,i) International Terminals,achievement_pct,2025-09,cumulative,98.43,,98.43,Annexure - A Infrastructure Sector Performance during September 2025 and April-September FY 25-26 & FY 24-25 During September Achievement ( % of Target )
2025-09,Performance Review,2025-26,ReviewReportSep25.pdf,24,i) International Terminals,achievement_pct,2025-09,cumulative,98.07,,98.07,Annexure - A Infrastructure Sector Performance during September 2025 and April-September FY 25-26 & FY 24-25 During April 2025-March 2026 (Cumulative) Achievement ( % of Target )
2025-09,Performance Review,2025-26,ReviewReportSep25.pdf,24,i) International Terminals,growth_pct,2025-09,cumulative,7.29,,7.29,Annexure - A Infrastructure Sector Performance during September 2025 and April-September FY 25-26 & FY 24-25 During September Growth % Y-o-Y (FY 25-26 w.r.t FY 24-25)
2025-09,Performance Review,2025-26,ReviewReportSep25.pdf,24,i) International Terminals,growth_pct,2025-09,cumulative,6.9,,6.90,Annexure - A Infrastructure Sector Performance during September 2025 and April-September FY 25-26 & FY 24-25 During April 2025-March 2026 (Cumulative) Cumulative Growth % (FY 25-26 w.r.t FY 24-25)
2025-09,Performance Review,2025-26,ReviewReportSep25.pdf,24,i) International Terminals,target,2025-09,cumulative,6473701.0,,6473701,Annexure - A Infrastructure Sector Performance during September 2025 and April-September FY 25-26 & FY 24-25 During September Target September FY 25-26
2025-09,Performance Review,2025-26,ReviewReportSep25.pdf,24,i) International Terminals,target,2025-09,cumulative,40289475.0,,40289475,Annexure - A Infrastructure Sector Performance during September 2025 and April-September FY 25-26 & FY 24-25 During April 2025-March 2026 (Cumulative) Target upto September FY 25-26
2025-09,Performance Review,2025-26,ReviewReportSep25.pdf,24,i) Large Plants,achievement,2025-09,cumulative,34.482,,34.482,Annexure - A Infrastructure Sector Performance during September 2025 and April-September FY 25-26 & FY 24-25 During September Production S e p tember FY 25-26
2025-09,Performance Review,2025-26,ReviewReportSep25.pdf,24,i) Large Plants,achievement,2025-09,cumulative,32.228,,32.228,Annexure - A Infrastructure Sector Performance during September 2025 and April-September FY 25-26 & FY 24-25 During September Production September FY 24-25
2025-09,Performance Review,2025-26,ReviewReportSep25.pdf,24,i) Large Plants,achievement,2025-09,cumulative,220.243,,220.243,Annexure - A Infrastructure Sector Performance during September 2025 and April-September FY 25-26 & FY 24-25 During April 2025-March 2026 (Cumulative) Production upto September FY 25-26
2025-09,Performance Review,2025-26,ReviewReportSep25.pdf,24,i) Large Plants,achievement,2025-09,cumulative,204.281,,204.281,Annexure - A Infrastructure Sector Performance during September 2025 and April-September FY 25-26 & FY 24-25 During April 2025-March 2026 (Cumulative) Production upto September FY 24-25
2025-09,Performance Review,2025-26,ReviewReportSep25.pdf,24,i) Large Plants,growth_pct,2025-09,cumulative,6.99,,6.99,Annexure - A Infrastructure Sector Performance during September 2025 and April-September FY 25-26 & FY 24-25 During September Growth % Y-o-Y (FY 25-26 w.r.t FY 24-25)
2025-09,Performance Review,2025-26,ReviewReportSep25.pdf,24,i) Large Plants,growth_pct,2025-09,cumulative,7.81,,7.81,Annexure - A Infrastructure Sector Performance during September 2025 and April-September FY 25-26 & FY 24-25 During April 2025-March 2026 (Cumulative) Cumulative Growth % (FY 25-26 w.r.t FY 24-25)
2025-09,Performance Review,2025-26,ReviewReportSep25.pdf,24,i) Nitrogen,achievement,2025-09,cumulative,1378.5,,1378.500,Annexure - A Infrastructure Sector Performance during September 2025 and April-September FY 25-26 & FY 24-25 During September Production S e p tember FY 25-26
2025-09,Performance Review,2025-26,ReviewReportSep25.pdf,24,i) Nitrogen,achievement,2025-09,cumulative,1392.1,,1392.10,Annexure - A Infrastructure Sector Performance during September 2025 and April-September FY 25-26 & FY 24-25 During September Production September FY 24-25
2025-09,Performance Review,2025-26,ReviewReportSep25.pdf,24,i) Nitrogen,achievement,2025-09,cumulative,8197.0,,8197.00,Annexure - A Infrastructure Sector Performance during September 2025 and April-September FY 25-26 & FY 24-25 During April 2025-March 2026 (Cumulative) Production upto September FY 25-26
2025-09,Performance Review,2025-26,ReviewReportSep25.pdf,24,i) Nitrogen,achievement,2025-09,cumulative,8458.0,,8458.00,Annexure - A Infrastructure Sector Performance during September 2025 and April-September FY 25-26 & FY 24-25 During April 2025-March 2026 (Cumulative) Production upto September FY 24-25
2025-09,Performance Review,2025-26,ReviewReportSep25.pdf,24,i) Nitrogen,achievement_pct,2025-09,cumulative,101.06,,101.06,Annexure - A Infrastructure Sector Performance during September 2025 and April-September FY 25-26 & FY 24-25 During September Achievement ( % of Target )
2025-09,Performance Review,2025-26,ReviewReportSep25.pdf,24,i) Nitrogen,achievement_pct,2025-09,cumulative,99.41,,99.41,Annexure - A Infrastructure Sector Performance during September 2025 and April-September FY 25-26 & FY 24-25 During April 2025-March 2026 (Cumulative) Achievement ( % of Target )
2025-09,Performance Review,2025-26,ReviewReportSep25.pdf,24,i) Nitrogen,growth_pct,2025-09,cumulative,-0.98,,-0.98,Annexure - A Infrastructure Sector Performance during September 2025 and April-September FY 25-26 & FY 24-25 During September Growth % Y-o-Y (FY 25-26 w.r.t FY 24-25)
2025-09,Performance Review,2025-26,ReviewReportSep25.pdf,24,i) Nitrogen,growth_pct,2025-09,cumulative,-3.09,,-3.09,Annexure - A Infrastructure Sector Performance during September 2025 and April-September FY 25-26 & FY 24-25 During April 2025-March 2026 (Cumulative) Cumulative Growth % (FY 25-26 w.r.t FY 24-25)
2025-09,Performance Review,2025-26,ReviewReportSep25.pdf,24,i) Nitrogen,target,2025-09,cumulative,1364.0,,1364.000,Annexure - A Infrastructure Sector Performance during September 2025 and April-September FY 25-26 & FY 24-25 During September Target September FY 25-26
2025-09,Performance Review,2025-26,ReviewReportSep25.pdf,24,i) Nitrogen,target,2025-09,cumulative,8245.4,,8245.40,Annexure - A Infrastructure Sector Performance during September 2025 and April-September FY 25-26 & FY 24-25 During April 2025-March 2026 (Cumulative) Target upto September FY 25-26
2025-09,Performance Review,2025-26,ReviewReportSep25.pdf,24,i) SAIL,achievement,2025-09,cumulative,1396.0,,1396.000,Annexure - A Infrastructure Sector Performance during September 2025 and April-September FY 25-26 & FY 24-25 During September Production S e p tember FY 25-26
2025-09,Performance Review,2025-26,ReviewReportSep25.pdf,24,i) SAIL,achievement,2025-09,cumulative,1335.0,,1335.000,Annexure - A Infrastructure Sector Performance during September 2025 and April-September FY 25-26 & FY 24-25 During September Production September FY 24-25
2025-09,Performance Review,2025-26,ReviewReportSep25.pdf,24,i) SAIL,achievement,2025-09,cumulative,8328.0,,8328.000,Annexure - A Infrastructure Sector Performance during September 2025 and April-September FY 25-26 & FY 24-25 During April 2025-March 2026 (Cumulative) Production upto September FY 25-26
2025-09,Performance Review,2025-26,ReviewReportSep25.pdf,24,i) SAIL,achievement,2025-09,cumulative,7680.0,,7680.000,Annexure - A Infrastructure Sector Performance during September 2025 and April-September FY 25-26 & FY 24-25 During April 2025-March 2026 (Cumulative) Production upto September FY 24-25
2025-09,Performance Review,2025-26,ReviewReportSep25.pdf,24,i) SAIL,growth_pct,2025-09,cumulative,4.57,,4.57,Annexure - A Infrastructure Sector Performance during September 2025 and April-September FY 25-26 & FY 24-25 During September Growth % Y-o-Y (FY 25-26 w.r.t FY 24-25)
2025-09,Performance Review,2025-26,ReviewReportSep25.pdf,24,i) SAIL,growth_pct,2025-09,cumulative,8.44,,8.44,Annexure - A Infrastructure Sector Performance during September 2025 and April-September FY 25-26 & FY 24-25 During April 2025-March 2026 (Cumulative) Cumulative Growth % (FY 25-26 w.r.t FY 24-25)
2025-09,Performance Review,2025-26,ReviewReportSep25.pdf,24,i) Wired Subscribers,achievement,2025-09,cumulative,44.4,,44.400,Annexure - A Infrastructure Sector Performance during September 2025 and April-September FY 25-26 & FY 24-25 During September Production S e p tember FY 25-26
2025-09,Performance Review,2025-26,ReviewReportSep25.pdf,24,i) Wired Subscribers,achievement,2025-09,cumulative,43.63,,43.630,Annexure - A Infrastructure Sector Performance during September 2025 and April-September FY 25-26 & FY 24-25 During September Production September FY 24-25
2025-09,Performance Review,2025-26,ReviewReportSep25.pdf,24,i) Wired Subscribers,growth_pct,2025-09,cumulative,1.76,,1.76,Annexure - A Infrastructure Sector Performance during September 2025 and April-September FY 25-26 & FY 24-25 During September Growth % Y-o-Y (FY 25-26 w.r.t FY 24-25)
2025-09,Performance Review,2025-26,ReviewReportSep25.pdf,24,ii) AMNS GROUP,achievement,2025-09,cumulative,658.0,,658.000,Annexure - A Infrastructure Sector Performance during September 2025 and April-September FY 25-26 & FY 24-25 During September Production S e p tember FY 25-26
2025-09,Performance Review,2025-26,ReviewReportSep25.pdf,24,ii) AMNS GROUP,achievement,2025-09,cumulative,650.0,,650.000,Annexure - A Infrastructure Sector Performance during September 2025 and April-September FY 25-26 & FY 24-25 During September Production September FY 24-25
2025-09,Performance Review,2025-26,ReviewReportSep25.pdf,24,ii) AMNS GROUP,achievement,2025-09,cumulative,3817.0,,3817.000,Annexure - A Infrastructure Sector Performance during September 2025 and April-September FY 25-26 & FY 24-25 During April 2025-March 2026 (Cumulative) Production upto September FY 25-26
2025-09,Performance Review,2025-26,ReviewReportSep25.pdf,24,ii) AMNS GROUP,achievement,2025-09,cumulative,3577.0,,3577.000,Annexure - A Infrastructure Sector Performance during September 2025 and April-September FY 25-26 & FY 24-25 During April 2025-March 2026 (Cumulative) Production upto September FY 24-25
2025-09,Performance Review,2025-26,ReviewReportSep25.pdf,24,ii) AMNS GROUP,growth_pct,2025-09,cumulative,1.23,,1.23,Annexure - A Infrastructure Sector Performance during September 2025 and April-September FY 25-26 & FY 24-25 During September Growth % Y-o-Y (FY 25-26 w.r.t FY 24-25)
2025-09,Performance Review,2025-26,ReviewReportSep25.pdf,24,ii) AMNS GROUP,growth_pct,2025-09,cumulative,6.71,,6.71,Annexure - A Infrastructure Sector Performance during September 2025 and April-September FY 25-26 & FY 24-25 During April 2025-March 2026 (Cumulative) Cumulative Growth % (FY 25-26 w.r.t FY 24-25)
2025-09,Performance Review,2025-26,ReviewReportSep25.pdf,24,ii) Crude Oil Processed (,achievement,2025-09,cumulative,20.937,,20.937,Annexure - A Infrastructure Sector Performance during September 2025 and April-September FY 25-26 & FY 24-25 During September Production S e p tember FY 25-26
2025-09,Performance Review,2025-26,ReviewReportSep25.pdf,24,ii) Crude Oil Processed (,achievement,2025-09,cumulative,21.202,,21.202,Annexure - A Infrastructure Sector Performance during September 2025 and April-September FY 25-26 & FY 24-25 During September Production September FY 24-25
2025-09,Performance Review,2025-26,ReviewReportSep25.pdf,24,ii) Crude Oil Processed (,achievement,2025-09,cumulative,133.892,,133.892,Annexure - A Infrastructure Sector Performance during September 2025 and April-September FY 25-26 & FY 24-25 During April 2025-March 2026 (Cumulative) Production upto September FY 25-26
2025-09,Performance Review,2025-26,ReviewReportSep25.pdf,24,ii) Crude Oil Processed (,achievement,2025-09,cumulative,132.268,,132.268,Annexure - A Infrastructure Sector Performance during September 2025 and April-September FY 25-26 & FY 24-25 During April 2025-March 2026 (Cumulative) Production upto September FY 24-25
2025-09,Performance Review,2025-26,ReviewReportSep25.pdf,24,ii) Crude Oil Processed (,achievement_pct,2025-09,cumulative,94.38,,94.38,Annexure - A Infrastructure Sector Performance during September 2025 and April-September FY 25-26 & FY 24-25 During September Achievement ( % of Target )
2025-09,Performance Review,2025-26,ReviewReportSep25.pdf,24,ii) Crude Oil Processed (,achievement_pct,2025-09,cumulative,99.97,,99.97,Annexure - A Infrastructure Sector Performance during September 2025 and April-September FY 25-26 & FY 24-25 During April 2025-March 2026 (Cumulative) Achievement ( % of Target )
2025-09,Performance Review,2025-26,ReviewReportSep25.pdf,24,ii) Crude Oil Processed (,growth_pct,2025-09,cumulative,-1.25,,-1.25,Annexure - A Infrastructure Sector Performance during September 2025 and April-September FY 25-26 & FY 24-25 During September Growth % Y-o-Y (FY 25-26 w.r.t FY 24-25)
2025-09,Performance Review,2025-26,ReviewReportSep25.pdf,24,ii) Crude Oil Processed (,growth_pct,2025-09,cumulative,1.23,,1.23,Annexure - A Infrastructure Sector Performance during September 2025 and April-September FY 25-26 & FY 24-25 During April 2025-March 2026 (Cumulative) Cumulative Growth % (FY 25-26 w.r.t FY 24-25)
2025-09,Performance Review,2025-26,ReviewReportSep25.pdf,24,ii) Crude Oil Processed (,target,2025-09,cumulative,133.935,,133.935,Annexure - A Infrastructure Sector Performance during September 2025 and April-September FY 25-26 & FY 24-25 During April 2025-March 2026 (Cumulative) Target upto September FY 25-26
2025-09,Performance Review,2025-26,ReviewReportSep25.pdf,24,ii) Domestic Terminals,achievement,2025-09,cumulative,25587759.0,,25587759,Annexure - A Infrastructure Sector Performance during September 2025 and April-September FY 25-26 & FY 24-25 During September Production S e p tember FY 25-26
2025-09,Performance Review,2025-26,ReviewReportSep25.pdf,24,ii) Domestic Terminals,achievement,2025-09,cumulative,26240977.0,,26240977,Annexure - A Infrastructure Sector Performance during September 2025 and April-September FY 25-26 & FY 24-25 During September Production September FY 24-25
2025-09,Performance Review,2025-26,ReviewReportSep25.pdf,24,ii) Domestic Terminals,achievement,2025-09,cumulative,162592058.0,,162592058,Annexure - A Infrastructure Sector Performance during September 2025 and April-September FY 25-26 & FY 24-25 During April 2025-March 2026 (Cumulative) Production upto September FY 25-26
2025-09,Performance Review,2025-26,ReviewReportSep25.pdf,24,ii) Domestic Terminals,achievement,2025-09,cumulative,159943877.0,,159943877,Annexure - A Infrastructure Sector Performance during September 2025 and April-September FY 25-26 & FY 24-25 During April 2025-March 2026 (Cumulative) Production upto September FY 24-25
2025-09,Performance Review,2025-26,ReviewReportSep25.pdf,24,ii) Domestic Terminals,achievement_pct,2025-09,cumulative,89.46,,89.46,Annexure - A Infrastructure Sector Performance during September 2025 and April-September FY 25-26 & FY 24-25 During September Achievement ( % of Target )
2025-09,Performance Review,2025-26,ReviewReportSep25.pdf,24,ii) Domestic Terminals,achievement_pct,2025-09,cumulative,93.24,,93.24,Annexure - A Infrastructure Sector Performance during September 2025 and April-September FY 25-26 & FY 24-25 During April 2025-March 2026 (Cumulative) Achievement ( % of Target )
2025-09,Performance Review,2025-26,ReviewReportSep25.pdf,24,ii) Domestic Terminals,growth_pct,2025-09,cumulative,-2.49,,-2.49,Annexure - A Infrastructure Sector Performance during September 2025 and April-September FY 25-26 & FY 24-25 During September Growth % Y-o-Y (FY 25-26 w.r.t FY 24-25)
2025-09,Performance Review,2025-26,ReviewReportSep25.pdf,24,ii) Domestic Terminals,growth_pct,2025-09,cumulative,1.66,,1.66,Annexure - A Infrastructure Sector Performance during September 2025 and April-September FY 25-26 & FY 24-25 During April 2025-March 2026 (Cumulative) Cumulative Growth % (FY 25-26 w.r.t FY 24-25)
2025-09,Performance Review,2025-26,ReviewReportSep25.pdf,24,ii) Domestic Terminals,target,2025-09,cumulative,28604024.0,,28604024,Annexure - A Infrastructure Sector Performance during September 2025 and April-September FY 25-26 & FY 24-25 During September Target September FY 25-26
2025-09,Performance Review,2025-26,ReviewReportSep25.pdf,24,ii) Domestic Terminals,target,2025-09,cumulative,174371252.0,,174371252,Annexure - A Infrastructure Sector Performance during September 2025 and April-September FY 25-26 & FY 24-25 During April 2025-March 2026 (Cumulative) Target upto September FY 25-26
2025-09,Performance Review,2025-26,ReviewReportSep25.pdf,24,ii) Import Cargo,achievement,2025-09,cumulative,80813.0,,80813,Annexure - A Infrastructure Sector Performance during September 2025 and April-September FY 25-26 & FY 24-25 During September Production September FY 24-25
2025-09,Performance Review,2025-26,ReviewReportSep25.pdf,24,ii) Import Cargo,achievement,2025-09,cumulative,234932.0,,234932,Annexure - A Infrastructure Sector Performance during September 2025 and April-September FY 25-26 & FY 24-25 During April 2025-March 2026 (Cumulative) Production upto September FY 24-25
2025-09,Performance Review,2025-26,ReviewReportSep25.pdf,24,ii) Mini Plants,achievement,2025-09,cumulative,1.537,,1.537,Annexure - A Infrastructure Sector Performance during September 2025 and April-September FY 25-26 & FY 24-25 During September Production S e p tember FY 25-26
2025-09,Performance Review,2025-26,ReviewReportSep25.pdf,24,ii) Mini Plants,achievement,2025-09,cumulative,1.824,,1.824,Annexure - A Infrastructure Sector Performance during September 2025 and April-September FY 25-26 & FY 24-25 During September Production September FY 24-25
2025-09,Performance Review,2025-26,ReviewReportSep25.pdf,24,ii) Mini Plants,achievement,2025-09,cumulative,8.632,,8.632,Annexure - A Infrastructure Sector Performance during September 2025 and April-September FY 25-26 & FY 24-25 During April 2025-March 2026 (Cumulative) Production upto September FY 25-26
2025-09,Performance Review,2025-26,ReviewReportSep25.pdf,24,ii) Mini Plants,achievement,2025-09,cumulative,8.144,,8.144,Annexure - A Infrastructure Sector Performance during September 2025 and April-September FY 25-26 & FY 24-25 During April 2025-March 2026 (Cumulative) Production upto September FY 24-25
2025-09,Performance Review,2025-26,ReviewReportSep25.pdf,24,ii) Mini Plants,growth_pct,2025-09,cumulative,-15.73,,-15.73,Annexure - A Infrastructure Sector Performance during September 2025 and April-September FY 25-26 & FY 24-25 During September Growth % Y-o-Y (FY 25-26 w.r.t FY 24-25)
2025-09,Performance Review,2025-26,ReviewReportSep25.pdf,24,ii) Mini Plants,growth_pct,2025-09,cumulative,5.99,,5.99,Annexure - A Infrastructure Sector Performance during September 2025 and April-September FY 25-26 & FY 24-25 During April 2025-March 2026 (Cumulative) Cumulative Growth % (FY 25-26 w.r.t FY 24-25)
2025-09,Performance Review,2025-26,ReviewReportSep25.pdf,24,ii) POL Crude handled at,achievement,2025-09,cumulative,13241801.0,,13241801,Annexure - A Infrastructure Sector Performance during September 2025 and April-September FY 25-26 & FY 24-25 During September Production September FY 24-25
2025-09,Performance Review,2025-26,ReviewReportSep25.pdf,24,ii) POL Crude handled at,achievement,2025-09,cumulative,87618597.0,,87618597,Annexure - A Infrastructure Sector Performance during September 2025 and April-September FY 25-26 & FY 24-25 During April 2025-March 2026 (Cumulative) Production upto September FY 25-26
2025-09,Performance Review,2025-26,ReviewReportSep25.pdf,24,ii) POL Crude handled at,achievement,2025-09,cumulative,83017137.0,,83017137,Annexure - A Infrastructure Sector Performance during September 2025 and April-September FY 25-26 & FY 24-25 During April 2025-March 2026 (Cumulative) Production upto September FY 24-25
2025-09,Performance Review,2025-26,ReviewReportSep25.pdf,24,ii) POL Crude handled at,growth_pct,2025-09,cumulative,9.05,,9.05,Annexure - A Infrastructure Sector Performance during September 2025 and April-September FY 25-26 & FY 24-25 During September Growth % Y-o-Y (FY 25-26 w.r.t FY 24-25)
2025-09,Performance Review,2025-26,ReviewReportSep25.pdf,24,ii) POL Crude handled at,growth_pct,2025-09,cumulative,5.54,,5.54,Annexure - A Infrastructure Sector Performance during September 2025 and April-September FY 25-26 & FY 24-25 During April 2025-March 2026 (Cumulative) Cumulative Growth % (FY 25-26 w.r.t FY 24-25)
2025-09,Performance Review,2025-26,ReviewReportSep25.pdf,24,ii) Phosphate,achievement,2025-09,cumulative,468.5,,468.50,Annexure - A Infrastructure Sector Performance during September 2025 and April-September FY 25-26 & FY 24-25 During September Production S e p tember FY 25-26
2025-09,Performance Review,2025-26,ReviewReportSep25.pdf,24,ii) Phosphate,achievement,2025-09,cumulative,462.1,,462.10,Annexure - A Infrastructure Sector Performance during September 2025 and April-September FY 25-26 & FY 24-25 During September Production September FY 24-25
2025-09,Performance Review,2025-26,ReviewReportSep25.pdf,24,ii) Phosphate,achievement,2025-09,cumulative,2682.4,,2682.40,Annexure - A Infrastructure Sector Performance during September 2025 and April-September FY 25-26 & FY 24-25 During April 2025-March 2026 (Cumulative) Production upto September FY 25-26
2025-09,Performance Review,2025-26,ReviewReportSep25.pdf,24,ii) Phosphate,achievement,2025-09,cumulative,2631.8,,2631.80,Annexure - A Infrastructure Sector Performance during September 2025 and April-September FY 25-26 & FY 24-25 During April 2025-March 2026 (Cumulative) Production upto September FY 24-25
2025-09,Performance Review,2025-26,ReviewReportSep25.pdf,24,ii) Phosphate,achievement_pct,2025-09,cumulative,87.33,,87.33,Annexure - A Infrastructure Sector Performance during September 2025 and April-September FY 25-26 & FY 24-25 During September Achievement ( % of Target )
2025-09,Performance Review,2025-26,ReviewReportSep25.pdf,24,ii) Phosphate,achievement_pct,2025-09,cumulative,85.56,,85.56,Annexure - A Infrastructure Sector Performance during September 2025 and April-September FY 25-26 & FY 24-25 During April 2025-March 2026 (Cumulative) Achievement ( % of Target )
2025-09,Performance Review,2025-26,ReviewReportSep25.pdf,24,ii) Phosphate,growth_pct,2025-09,cumulative,1.38,,1.38,Annexure - A Infrastructure Sector Performance during September 2025 and April-September FY 25-26 & FY 24-25 During September Growth % Y-o-Y (FY 25-26 w.r.t FY 24-25)
2025-09,Performance Review,2025-26,ReviewReportSep25.pdf,24,ii) Phosphate,growth_pct,2025-09,cumulative,1.92,,1.92,Annexure - A Infrastructure Sector Performance during September 2025 and April-September FY 25-26 & FY 24-25 During April 2025-March 2026 (Cumulative) Cumulative Growth % (FY 25-26 w.r.t FY 24-25)
2025-09,Performance Review,2025-26,ReviewReportSep25.pdf,24,ii) Phosphate,target,2025-09,cumulative,536.5,,536.50,Annexure - A Infrastructure Sector Performance during September 2025 and April-September FY 25-26 & FY 24-25 During September Target September FY 25-26
2025-09,Performance Review,2025-26,ReviewReportSep25.pdf,24,ii) Phosphate,target,2025-09,cumulative,3135.0,,3135.00,Annexure - A Infrastructure Sector Performance during September 2025 and April-September FY 25-26 & FY 24-25 During April 2025-March 2026 (Cumulative) Target upto September FY 25-26
2025-09,Performance Review,2025-26,ReviewReportSep25.pdf,24,ii) Wireless Subscribers,achievement,2025-09,cumulative,951.23,,951.230,Annexure - A Infrastructure Sector Performance during September 2025 and April-September FY 25-26 & FY 24-25 During September Production S e p tember FY 25-26
2025-09,Performance Review,2025-26,ReviewReportSep25.pdf,24,ii) Wireless Subscribers,achievement,2025-09,cumulative,900.77,,900.770,Annexure - A Infrastructure Sector Performance during September 2025 and April-September FY 25-26 & FY 24-25 During September Production September FY 24-25
2025-09,Performance Review,2025-26,ReviewReportSep25.pdf,24,ii) Wireless Subscribers,growth_pct,2025-09,cumulative,5.6,,5.60,Annexure - A Infrastructure Sector Performance during September 2025 and April-September FY 25-26 & FY 24-25 During September Growth % Y-o-Y (FY 25-26 w.r.t FY 24-25)
2025-09,Performance Review,2025-26,ReviewReportSep25.pdf,24,iii) Container handled at,achievement,2025-09,cumulative,15368307.0,,15368307,Annexure - A Infrastructure Sector Performance during September 2025 and April-September FY 25-26 & FY 24-25 During September Production September FY 24-25
2025-09,Performance Review,2025-26,ReviewReportSep25.pdf,24,iii) Container handled at,achievement,2025-09,cumulative,104337900.0,,104337900,Annexure - A Infrastructure Sector Performance during September 2025 and April-September FY 25-26 & FY 24-25 During April 2025-March 2026 (Cumulative) Production upto September FY 25-26
2025-09,Performance Review,2025-26,ReviewReportSep25.pdf,24,iii) Container handled at,achievement,2025-09,cumulative,94604823.0,,94604823,Annexure - A Infrastructure Sector Performance during September 2025 and April-September FY 25-26 & FY 24-25 During April 2025-March 2026 (Cumulative) Production upto September FY 24-25
2025-09,Performance Review,2025-26,ReviewReportSep25.pdf,24,iii) Container handled at,growth_pct,2025-09,cumulative,13.94,,13.94,Annexure - A Infrastructure Sector Performance during September 2025 and April-September FY 25-26 & FY 24-25 During September Growth % Y-o-Y (FY 25-26 w.r.t FY 24-25)
2025-09,Performance Review,2025-26,ReviewReportSep25.pdf,24,iii) Container handled at,growth_pct,2025-09,cumulative,10.29,,10.29,Annexure - A Infrastructure Sector Performance during September 2025 and April-September FY 25-26 & FY 24-25 During April 2025-March 2026 (Cumulative) Cumulative Growth % (FY 25-26 w.r.t FY 24-25)
2025-09,Performance Review,2025-26,ReviewReportSep25.pdf,24,iii) Natural Gas Prod. (M,achievement,2025-09,cumulative,2857.85,,2857.85,Annexure - A Infrastructure Sector Performance during September 2025 and April-September FY 25-26 & FY 24-25 During September Production S e p tember FY 25-26
2025-09,Performance Review,2025-26,ReviewReportSep25.pdf,24,iii) Natural Gas Prod. (M,achievement,2025-09,cumulative,2976.79,,2976.79,Annexure - A Infrastructure Sector Performance during September 2025 and April-September FY 25-26 & FY 24-25 During September Production September FY 24-25
2025-09,Performance Review,2025-26,ReviewReportSep25.pdf,24,iii) Natural Gas Prod. (M,achievement,2025-09,cumulative,17567.21,,17567.21,Annexure - A Infrastructure Sector Performance during September 2025 and April-September FY 25-26 & FY 24-25 During April 2025-March 2026 (Cumulative) Production upto September FY 25-26
2025-09,Performance Review,2025-26,ReviewReportSep25.pdf,24,iii) Natural Gas Prod. (M,achievement,2025-09,cumulative,18154.33,,18154.33,Annexure - A Infrastructure Sector Performance during September 2025 and April-September FY 25-26 & FY 24-25 During April 2025-March 2026 (Cumulative) Production upto September FY 24-25
2025-09,Performance Review,2025-26,ReviewReportSep25.pdf,24,iii) Natural Gas Prod. (M,achievement_pct,2025-09,cumulative,95.82,,95.82,Annexure - A Infrastructure Sector Performance during September 2025 and April-September FY 25-26 & FY 24-25 During September Achievement ( % of Target )
2025-09,Performance Review,2025-26,ReviewReportSep25.pdf,24,iii) Natural Gas Prod. (M,achievement_pct,2025-09,cumulative,97.14,,97.14,Annexure - A Infrastructure Sector Performance during September 2025 and April-September FY 25-26 & FY 24-25 During April 2025-March 2026 (Cumulative) Achievement ( % of Target )
2025-09,Performance Review,2025-26,ReviewReportSep25.pdf,24,iii) Natural Gas Prod. (M,growth_pct,2025-09,cumulative,-4.0,,-4.00,Annexure - A Infrastructure Sector Performance during September 2025 and April-September FY 25-26 & FY 24-25 During September Growth % Y-o-Y (FY 25-26 w.r.t FY 24-25)
2025-09,Performance Review,2025-26,ReviewReportSep25.pdf,24,iii) Natural Gas Prod. (M,growth_pct,2025-09,cumulative,-3.23,,-3.23,Annexure - A Infrastructure Sector Performance during September 2025 and April-September FY 25-26 & FY 24-25 During April 2025-March 2026 (Cumulative) Cumulative Growth % (FY 25-26 w.r.t FY 24-25)
2025-09,Performance Review,2025-26,ReviewReportSep25.pdf,24,iii) Natural Gas Prod. (M,target,2025-09,cumulative,18084.35,,18084.35,Annexure - A Infrastructure Sector Performance during September 2025 and April-September FY 25-26 & FY 24-25 During April 2025-March 2026 (Cumulative) Target upto September FY 25-26
2025-09,Performance Review,2025-26,ReviewReportSep25.pdf,24,iii) TSL GROUP,achievement,2025-09,cumulative,1981.0,,1981.000,Annexure - A Infrastructure Sector Performance during September 2025 and April-September FY 25-26 & FY 24-25 During September Production S e p tember FY 25-26
2025-09,Performance Review,2025-26,ReviewReportSep25.pdf,24,iii) TSL GROUP,achievement,2025-09,cumulative,1586.0,,1586.000,Annexure - A Infrastructure Sector Performance during September 2025 and April-September FY 25-26 & FY 24-25 During September Production September FY 24-25
2025-09,Performance Review,2025-26,ReviewReportSep25.pdf,24,iii) TSL GROUP,achievement,2025-09,cumulative,10934.0,,10934.000,Annexure - A Infrastructure Sector Performance during September 2025 and April-September FY 25-26 & FY 24-25 During April 2025-March 2026 (Cumulative) Production upto September FY 25-26
2025-09,Performance Review,2025-26,ReviewReportSep25.pdf,24,iii) TSL GROUP,achievement,2025-09,cumulative,10579.0,,10579.000,Annexure - A Infrastructure Sector Performance during September 2025 and April-September FY 25-26 & FY 24-25 During April 2025-March 2026 (Cumulative) Production upto September FY 24-25
2025-09,Performance Review,2025-26,ReviewReportSep25.pdf,24,iii) TSL GROUP,achievement_pct,2025-09,cumulative,141.5,,141.50,Annexure - A Infrastructure Sector Performance during September 2025 and April-September FY 25-26 & FY 24-25 During September Achievement ( % of Target )
2025-09,Performance Review,2025-26,ReviewReportSep25.pdf,24,iii) TSL GROUP,achievement_pct,2025-09,cumulative,144.0,,144.00,Annexure - A Infrastructure Sector Performance during September 2025 and April-September FY 25-26 & FY 24-25 During April 2025-March 2026 (Cumulative) Achievement ( % of Target )
2025-09,Performance Review,2025-26,ReviewReportSep25.pdf,24,iii) TSL GROUP,growth_pct,2025-09,cumulative,24.91,,24.91,Annexure - A Infrastructure Sector Performance during September 2025 and April-September FY 25-26 & FY 24-25 During September Growth % Y-o-Y (FY 25-26 w.r.t FY 24-25)
2025-09,Performance Review,2025-26,ReviewReportSep25.pdf,24,iii) TSL GROUP,growth_pct,2025-09,cumulative,3.36,,3.36,Annexure - A Infrastructure Sector Performance during September 2025 and April-September FY 25-26 & FY 24-25 During April 2025-March 2026 (Cumulative) Cumulative Growth % (FY 25-26 w.r.t FY 24-25)
2025-09,Performance Review,2025-26,ReviewReportSep25.pdf,24,iii) TSL GROUP,target,2025-09,cumulative,1400.0,,1400.000,Annexure - A Infrastructure Sector Performance during September 2025 and April-September FY 25-26 & FY 24-25 During September Target September FY 25-26
2025-09,Performance Review,2025-26,ReviewReportSep25.pdf,24,iii) TSL GROUP,target,2025-09,cumulative,7593.0,,7593.000,Annexure - A Infrastructure Sector Performance during September 2025 and April-September FY 25-26 & FY 24-25 During April 2025-March 2026 (Cumulative) Target upto September FY 25-26
2025-09,Performance Review,2025-26,ReviewReportSep25.pdf,24,iii) Urea,achievement,2025-09,cumulative,2431.1,,2431.10,Annexure - A Infrastructure Sector Performance during September 2025 and April-September FY 25-26 & FY 24-25 During September Production S e p tember FY 25-26
2025-09,Performance Review,2025-26,ReviewReportSep25.pdf,24,iii) Urea,achievement,2025-09,cumulative,2480.7,,2480.70,Annexure - A Infrastructure Sector Performance during September 2025 and April-September FY 25-26 & FY 24-25 During September Production September FY 24-25
2025-09,Performance Review,2025-26,ReviewReportSep25.pdf,24,iii) Urea,achievement,2025-09,cumulative,14447.5,,14447.50,Annexure - A Infrastructure Sector Performance during September 2025 and April-September FY 25-26 & FY 24-25 During April 2025-March 2026 (Cumulative) Production upto September FY 25-26
2025-09,Performance Review,2025-26,ReviewReportSep25.pdf,24,iii) Urea,achievement,2025-09,cumulative,15317.6,,15317.60,Annexure - A Infrastructure Sector Performance during September 2025 and April-September FY 25-26 & FY 24-25 During April 2025-March 2026 (Cumulative) Production upto September FY 24-25
2025-09,Performance Review,2025-26,ReviewReportSep25.pdf,24,iii) Urea,achievement_pct,2025-09,cumulative,99.36,,99.36,Annexure - A Infrastructure Sector Performance during September 2025 and April-September FY 25-26 & FY 24-25 During September Achievement ( % of Target )
2025-09,Performance Review,2025-26,ReviewReportSep25.pdf,24,iii) Urea,achievement_pct,2025-09,cumulative,97.34,,97.34,Annexure - A Infrastructure Sector Performance during September 2025 and April-September FY 25-26 & FY 24-25 During April 2025-March 2026 (Cumulative) Achievement ( % of Target )
2025-09,Performance Review,2025-26,ReviewReportSep25.pdf,24,iii) Urea,growth_pct,2025-09,cumulative,-2.0,,-2.00,Annexure - A Infrastructure Sector Performance during September 2025 and April-September FY 25-26 & FY 24-25 During September Growth % Y-o-Y (FY 25-26 w.r.t FY 24-25)
2025-09,Performance Review,2025-26,ReviewReportSep25.pdf,24,iii) Urea,growth_pct,2025-09,cumulative,-5.68,,-5.68,Annexure - A Infrastructure Sector Performance during September 2025 and April-September FY 25-26 & FY 24-25 During April 2025-March 2026 (Cumulative) Cumulative Growth % (FY 25-26 w.r.t FY 24-25)
2025-09,Performance Review,2025-26,ReviewReportSep25.pdf,24,iii) Urea,target,2025-09,cumulative,2446.78,,2446.78,Annexure - A Infrastructure Sector Performance during September 2025 and April-September FY 25-26 & FY 24-25 During September Target September FY 25-26
2025-09,Performance Review,2025-26,ReviewReportSep25.pdf,24,iii) Urea,target,2025-09,cumulative,14842.68,,14842.68,Annexure - A Infrastructure Sector Performance during September 2025 and April-September FY 25-26 & FY 24-25 During April 2025-March 2026 (Cumulative) Target upto September FY 25-26
2025-09,Performance Review,2025-26,ReviewReportSep25.pdf,24,iv) JSWL GROUP,achievement,2025-09,cumulative,2243.0,,2243.000,Annexure - A Infrastructure Sector Performance during September 2025 and April-September FY 25-26 & FY 24-25 During September Production S e p tember FY 25-26
2025-09,Performance Review,2025-26,ReviewReportSep25.pdf,24,iv) JSWL GROUP,achievement,2025-09,cumulative,1945.0,,1945.000,Annexure - A Infrastructure Sector Performance during September 2025 and April-September FY 25-26 & FY 24-25 During September Production September FY 24-25
2025-09,Performance Review,2025-26,ReviewReportSep25.pdf,24,iv) JSWL GROUP,achievement,2025-09,cumulative,13061.0,,13061.000,Annexure - A Infrastructure Sector Performance during September 2025 and April-September FY 25-26 & FY 24-25 During April 2025-March 2026 (Cumulative) Production upto September FY 25-26
2025-09,Performance Review,2025-26,ReviewReportSep25.pdf,24,iv) JSWL GROUP,achievement,2025-09,cumulative,11438.0,,11438.000,Annexure - A Infrastructure Sector Performance during September 2025 and April-September FY 25-26 & FY 24-25 During April 2025-March 2026 (Cumulative) Production upto September FY 24-25
2025-09,Performance Review,2025-26,ReviewReportSep25.pdf,24,iv) JSWL GROUP,growth_pct,2025-09,cumulative,15.32,,15.32,Annexure - A Infrastructure Sector Performance during September 2025 and April-September FY 25-26 & FY 24-25 During September Growth % Y-o-Y (FY 25-26 w.r.t FY 24-25)
2025-09,Performance Review,2025-26,ReviewReportSep25.pdf,24,iv) JSWL GROUP,growth_pct,2025-09,cumulative,14.19,,14.19,Annexure - A Infrastructure Sector Performance during September 2025 and April-September FY 25-26 & FY 24-25 During April 2025-March 2026 (Cumulative) Cumulative Growth % (FY 25-26 w.r.t FY 24-25)
2025-09,Performance Review,2025-26,ReviewReportSep25.pdf,24,v) JSPL,achievement,2025-09,cumulative,555.0,,555.000,Annexure - A Infrastructure Sector Performance during September 2025 and April-September FY 25-26 & FY 24-25 During September Production S e p tember FY 25-26
2025-09,Performance Review,2025-26,ReviewReportSep25.pdf,24,v) JSPL,achievement,2025-09,cumulative,577.0,,577.000,Annexure - A Infrastructure Sector Performance during September 2025 and April-September FY 25-26 & FY 24-25 During September Production September FY 24-25
2025-09,Performance Review,2025-26,ReviewReportSep25.pdf,24,v) JSPL,achievement,2025-09,cumulative,3396.0,,3396.000,Annexure - A Infrastructure Sector Performance during September 2025 and April-September FY 25-26 & FY 24-25 During April 2025-March 2026 (Cumulative) Production upto September FY 25-26
2025-09,Performance Review,2025-26,ReviewReportSep25.pdf,24,v) JSPL,achievement,2025-09,cumulative,3488.0,,3488.000,Annexure - A Infrastructure Sector Performance during September 2025 and April-September FY 25-26 & FY 24-25 During April 2025-March 2026 (Cumulative) Production upto September FY 24-25
2025-09,Performance Review,2025-26,ReviewReportSep25.pdf,24,v) JSPL,growth_pct,2025-09,cumulative,-3.81,,-3.81,Annexure - A Infrastructure Sector Performance during September 2025 and April-September FY 25-26 & FY 24-25 During September Growth % Y-o-Y (FY 25-26 w.r.t FY 24-25)
2025-09,Performance Review,2025-26,ReviewReportSep25.pdf,24,v) JSPL,growth_pct,2025-09,cumulative,-2.64,,-2.64,Annexure - A Infrastructure Sector Performance during September 2025 and April-September FY 25-26 & FY 24-25 During April 2025-March 2026 (Cumulative) Cumulative Growth % (FY 25-26 w.r.t FY 24-25)
2025-09,Performance Review,2025-26,ReviewReportSep25.pdf,24,vi) RINL,achievement,2025-09,cumulative,365.0,,365.000,Annexure - A Infrastructure Sector Performance during September 2025 and April-September FY 25-26 & FY 24-25 During September Production S e p tember FY 25-26
2025-09,Performance Review,2025-26,ReviewReportSep25.pdf,24,vi) RINL,achievement,2025-09,cumulative,100.0,,100.000,Annexure - A Infrastructure Sector Performance during September 2025 and April-September FY 25-26 & FY 24-25 During September Production September FY 24-25
2025-09,Performance Review,2025-26,ReviewReportSep25.pdf,24,vi) RINL,achievement,2025-09,cumulative,2172.0,,2172.000,Annexure - A Infrastructure Sector Performance during September 2025 and April-September FY 25-26 & FY 24-25 During April 2025-March 2026 (Cumulative) Production upto September FY 25-26
2025-09,Performance Review,2025-26,ReviewReportSep25.pdf,24,vi) RINL,achievement,2025-09,cumulative,1327.0,,1327.000,Annexure - A Infrastructure Sector Performance during September 2025 and April-September FY 25-26 & FY 24-25 During April 2025-March 2026 (Cumulative) Production upto September FY 24-25
2025-09,Performance Review,2025-26,ReviewReportSep25.pdf,24,vi) RINL,achievement_pct,2025-09,cumulative,84.88,,84.88,Annexure - A Infrastructure Sector Performance during September 2025 and April-September FY 25-26 & FY 24-25 During September Achievement ( % of Target )
2025-09,Performance Review,2025-26,ReviewReportSep25.pdf,24,vi) RINL,achievement_pct,2025-09,cumulative,96.92,,96.92,Annexure - A Infrastructure Sector Performance during September 2025 and April-September FY 25-26 & FY 24-25 During April 2025-March 2026 (Cumulative) Achievement ( % of Target )
2025-09,Performance Review,2025-26,ReviewReportSep25.pdf,24,vi) RINL,growth_pct,2025-09,cumulative,265.0,,265.00,Annexure - A Infrastructure Sector Performance during September 2025 and April-September FY 25-26 & FY 24-25 During September Growth % Y-o-Y (FY 25-26 w.r.t FY 24-25)
2025-09,Performance Review,2025-26,ReviewReportSep25.pdf,24,vi) RINL,growth_pct,2025-09,cumulative,63.68,,63.68,Annexure - A Infrastructure Sector Performance during September 2025 and April-September FY 25-26 & FY 24-25 During April 2025-March 2026 (Cumulative) Cumulative Growth % (FY 25-26 w.r.t FY 24-25)
2025-09,Performance Review,2025-26,ReviewReportSep25.pdf,24,vi) RINL,target,2025-09,cumulative,430.0,,430.000,Annexure - A Infrastructure Sector Performance during September 2025 and April-September FY 25-26 & FY 24-25 During September Target September FY 25-26
2025-09,Performance Review,2025-26,ReviewReportSep25.pdf,24,vi) RINL,target,2025-09,cumulative,2241.0,,2241.000,Annexure - A Infrastructure Sector Performance during September 2025 and April-September FY 25-26 & FY 24-25 During April 2025-March 2026 (Cumulative) Target upto September FY 25-26
2025-09,Performance Review,2025-26,ReviewReportSep25.pdf,24,vii) NSL,achievement,2025-09,cumulative,190.0,,190.000,Annexure - A Infrastructure Sector Performance during September 2025 and April-September FY 25-26 & FY 24-25 During September Production S e p tember FY 25-26
2025-09,Performance Review,2025-26,ReviewReportSep25.pdf,24,vii) NSL,achievement,2025-09,cumulative,67.0,,67.000,Annexure - A Infrastructure Sector Performance during September 2025 and April-September FY 25-26 & FY 24-25 During September Production September FY 24-25
2025-09,Performance Review,2025-26,ReviewReportSep25.pdf,24,vii) NSL,achievement,2025-09,cumulative,1102.0,,1102.000,Annexure - A Infrastructure Sector Performance during September 2025 and April-September FY 25-26 & FY 24-25 During April 2025-March 2026 (Cumulative) Production upto September FY 25-26
2025-09,Performance Review,2025-26,ReviewReportSep25.pdf,24,vii) NSL,achievement,2025-09,cumulative,616.0,,616.000,Annexure - A Infrastructure Sector Performance during September 2025 and April-September FY 25-26 & FY 24-25 During April 2025-March 2026 (Cumulative) Production upto September FY 24-25
2025-09,Performance Review,2025-26,ReviewReportSep25.pdf,24,vii) NSL,growth_pct,2025-09,cumulative,183.58,,183.58,Annexure - A Infrastructure Sector Performance during September 2025 and April-September FY 25-26 & FY 24-25 During September Growth % Y-o-Y (FY 25-26 w.r.t FY 24-25)
2025-09,Performance Review,2025-26,ReviewReportSep25.pdf,24,vii) NSL,growth_pct,2025-09,cumulative,78.9,,78.90,Annexure - A Infrastructure Sector Performance during September 2025 and April-September FY 25-26 & FY 24-25 During April 2025-March 2026 (Cumulative) Cumulative Growth % (FY 25-26 w.r.t FY 24-25)
2025-09,Performance Review,2025-26,ReviewReportSep25.pdf,24,vii) NSL,target,2025-09,cumulative,-54.573,,-54.573,Annexure - A Infrastructure Sector Performance during September 2025 and April-September FY 25-26 & FY 24-25 During April 2025-March 2026 (Cumulative) Target upto September FY 25-26
2025-10,Performance Review,2025-26,ReviewReportOct25.pdf,30,All India - Total,achievement,2025-10,monthly,77.43,,77.430,October 2025 Achievement (Provisional) 3.615 2.674 5.758 11.957 3.594 12.166 16.607 0.005
2025-10,Performance Review,2025-26,ReviewReportOct25.pdf,33,All India - Total,achievement,2025-10,monthly,80.442,,80.442,October 2025 Achievement (Provisional) 3.660 2.990 5.530 11.350 4.440 13.010 18.200 0.010
2025-10,Performance Review,2025-26,ReviewReportOct25.pdf,34,All India - Total,achievement,2025-10,cumulative,566.125,,566.125,April-October 2025 Achievement (Provisional) 26.130 20.050 39.010 79.380 33.110 97.230 121.250 0.080
2025-10,Performance Review,2025-26,ReviewReportOct25.pdf,30,All India - Total,target,2025-10,monthly,79.59,,79.590,October 2025 Target 3.930 3.390 10.080 13.000 5.460 15.430 21.600 0.020
2025-10,Performance Review,2025-26,ReviewReportOct25.pdf,33,All India - Total,target,2025-10,monthly,80.74,,80.740,October 2025 Target 4.960 3.870 9.300 11.750 5.730 18.600 19.830 0.020
2025-10,Performance Review,2025-26,ReviewReportOct25.pdf,34,All India - Total,target,2025-10,cumulative,534.22,,534.220,April-October 2025 Target 33.130 25.530 60.550 80.260 36.940 119.550 140.560 0.100
2025-10,Performance Review,2025-26,ReviewReportOct25.pdf,30,All India - Total,variation_pct,2025-10,monthly,-2.71,,-2.71,% Variation Over Target October 2025 -8.02 -21.12 -42.88 -8.02 -34.18 -21.15 -23.12 -75.00
2025-10,Performance Review,2025-26,ReviewReportOct25.pdf,33,All India - Total,variation_pct,2025-10,monthly,-0.37,,-0.37,% Variation Over Target October 2025 -26.21 -22.74 -40.54 -3.40 -22.51 -30.05 -8.22 -50.00
2025-10,Performance Review,2025-26,ReviewReportOct25.pdf,34,All India - Total,variation_pct,2025-10,cumulative,5.97,,5.97,% Variation Over Target April- October 2025 -21.13 -21.46 -35.57 -1.10 -10.37 -18.67 -13.74 -20.00
2025-10,Performance Review,2025-26,ReviewReportOct25.pdf,41,All India Total (A+B),achievement,2025-10,monthly,2339.41,,2339.41,October 2025 Achievement (Provisional) A. Oil & Natural Gas corporation (ONGC) Gujarat 416.67 376.32 385.26 -9.68 -2.32 Assam 101.05 88.92 88.11 -12.00 0.92 Tamil Nadu 21.00 14.73 15.89 -29.86 -7.30 Offshore 1114.32 1002.00 1022.30 -10.08 -1.99 Andhra Pradesh 21.31 17.41 19.13 -18.30 -8.99 Tripura 0.19 0.14 0.21 -26.32 -33.33
2025-10,Performance Review,2025-26,ReviewReportOct25.pdf,41,All India Total (A+B),target,2025-10,monthly,2663.33,,2663.33,October 2025 Target A. Oil & Natural Gas corporation (ONGC) Gujarat 416.67 376.32 385.26 -9.68 -2.32 Assam 101.05 88.92 88.11 -12.00 0.92 Tamil Nadu 21.00 14.73 15.89 -29.86 -7.30 Offshore 1114.32 1002.00 1022.30 -10.08 -1.99 Andhra Pradesh 21.31 17.41 19.13 -18.30 -8.99 Tripura 0.19 0.14 0.21 -26.32 -33.33
2025-10,Performance Review,2025-26,ReviewReportOct25.pdf,41,All India Total (A+B),variation_pct,2025-10,monthly,-12.16,,-12.16,% Variation Over Target October 2025 A. Oil & Natural Gas corporation (ONGC) Gujarat 416.67 376.32 385.26 -9.68 -2.32 Assam 101.05 88.92 88.11 -12.00 0.92 Tamil Nadu 21.00 14.73 15.89 -29.86 -7.30 Offshore 1114.32 1002.00 1022.30 -10.08 -1.99 Andhra Pradesh 21.31 17.41 19.13 -18.30 -8.99 Tripura 0.19 0.14 0.21 -26.32 -33.33
2025-10,Performance Review,2025-26,ReviewReportOct25.pdf,38,All India Total (A+B+C),achievement,2025-10,monthly,376.9,,376.90,October 2025 Achievement (Provisional) 0.00 0.00
2025-10,Performance Review,2025-26,ReviewReportOct25.pdf,42,All India Total (A+B+C),achievement,2025-10,cumulative,16572.59,,16572.59,April-October 2025 Achievement (Provisional) A. Oil & Natural Gas corporation (ONGC) Gujarat * 2805.73 2619.26 2656.86 -6.65 -1.42 Assam * 682.22 610.55 613.64 -10.51 -0.50 Tamil Nadu * 137.00 109.16 121.52 -20.32 -10.17 Offshore * 7730.60 7024.40 7347.91 -9.14 -4.40 Andhra Pradesh * 145.74 131.10 130.49 -10.05 0.47 Tripura * 1.31 0.88 0.94 -32.82 -6.38
2025-10,Performance Review,2025-26,ReviewReportOct25.pdf,47,All India Total (A+B+C),achievement,2025-10,monthly,2952.67,,2952.67,October 2025 Achievement (Provisional) A. Oil & Natural Gas corporation (ONGC) Gujarat 69.03 70.28 68.67 1.81 2.34 Assam 37.21 31.36 28.99 -15.72 8.18 Tamil Nadu 83.40 80.19 83.88 -3.85 -4.40 Offshore 1272.55 1244.40 1274.13 -2.21 -2.33 Andhra Pradesh 72.16 58.93 61.23 -18.33 -3.76 Tripura 139.68 106.28 103.18 -23.91 3.00 Rajasthan 1.50 0.00 0.00 -100.00 -
2025-10,Performance Review,2025-26,ReviewReportOct25.pdf,48,All India Total (A+B+C),achievement,2025-10,cumulative,20519.87,,20519.87,April-October 2025 Achievement (Provisional) A. Oil & Natural Gas corporation (ONGC) Gujarat * 478.60 487.66 463.76 1.89 5.15 Assam * 251.13 204.02 203.57 -18.76 0.22 Tamil Nadu * 579.49 540.13 586.33 -6.79 -7.88 Offshore * 8712.14 8436.36 8618.19 -3.17 -2.11 Andhra Pradesh * 460.72 429.15 430.20 -6.85 -0.24 Tripura * 903.08 709.43 721.69 -21.44 -1.70 Rajasthan * 8.50 0.00 0.00 -100.00 -
2025-10,Performance Review,2025-26,ReviewReportOct25.pdf,42,All India Total (A+B+C),target,2025-10,cumulative,18284.91,,18284.91,April-October 2025 Target A. Oil & Natural Gas corporation (ONGC) Gujarat * 2805.73 2619.26 2656.86 -6.65 -1.42 Assam * 682.22 610.55 613.64 -10.51 -0.50 Tamil Nadu * 137.00 109.16 121.52 -20.32 -10.17 Offshore * 7730.60 7024.40 7347.91 -9.14 -4.40 Andhra Pradesh * 145.74 131.10 130.49 -10.05 0.47 Tripura * 1.31 0.88 0.94 -32.82 -6.38
2025-10,Performance Review,2025-26,ReviewReportOct25.pdf,47,All India Total (A+B+C),target,2025-10,monthly,3089.55,,3089.55,October 2025 Target A. Oil & Natural Gas corporation (ONGC) Gujarat 69.03 70.28 68.67 1.81 2.34 Assam 37.21 31.36 28.99 -15.72 8.18 Tamil Nadu 83.40 80.19 83.88 -3.85 -4.40 Offshore 1272.55 1244.40 1274.13 -2.21 -2.33 Andhra Pradesh 72.16 58.93 61.23 -18.33 -3.76 Tripura 139.68 106.28 103.18 -23.91 3.00 Rajasthan 1.50 0.00 0.00 -100.00 -
2025-10,Performance Review,2025-26,ReviewReportOct25.pdf,48,All India Total (A+B+C),target,2025-10,cumulative,21173.9,,21173.90,April-October 2025 Target A. Oil & Natural Gas corporation (ONGC) Gujarat * 478.60 487.66 463.76 1.89 5.15 Assam * 251.13 204.02 203.57 -18.76 0.22 Tamil Nadu * 579.49 540.13 586.33 -6.79 -7.88 Offshore * 8712.14 8436.36 8618.19 -3.17 -2.11 Andhra Pradesh * 460.72 429.15 430.20 -6.85 -0.24 Tripura * 903.08 709.43 721.69 -21.44 -1.70 Rajasthan * 8.50 0.00 0.00 -100.00 -
2025-10,Performance Review,2025-26,ReviewReportOct25.pdf,42,All India Total (A+B+C),variation_pct,2025-10,cumulative,-9.36,,-9.36,% Variation Over Target April- October 2025 A. Oil & Natural Gas corporation (ONGC) Gujarat * 2805.73 2619.26 2656.86 -6.65 -1.42 Assam * 682.22 610.55 613.64 -10.51 -0.50 Tamil Nadu * 137.00 109.16 121.52 -20.32 -10.17 Offshore * 7730.60 7024.40 7347.91 -9.14 -4.40 Andhra Pradesh * 145.74 131.10 130.49 -10.05 0.47 Tripura * 1.31 0.88 0.94 -32.82 -6.38
2025-10,Performance Review,2025-26,ReviewReportOct25.pdf,47,All India Total (A+B+C),variation_pct,2025-10,monthly,-4.43,,-4.43,% Variation Over October 2025 Target A. Oil & Natural Gas corporation (ONGC) Gujarat 69.03 70.28 68.67 1.81 2.34 Assam 37.21 31.36 28.99 -15.72 8.18 Tamil Nadu 83.40 80.19 83.88 -3.85 -4.40 Offshore 1272.55 1244.40 1274.13 -2.21 -2.33 Andhra Pradesh 72.16 58.93 61.23 -18.33 -3.76 Tripura 139.68 106.28 103.18 -23.91 3.00 Rajasthan 1.50 0.00 0.00 -100.00 -
2025-10,Performance Review,2025-26,ReviewReportOct25.pdf,48,All India Total (A+B+C),variation_pct,2025-10,cumulative,-3.09,,-3.09,% Variation Over Target April- October 2025 A. Oil & Natural Gas corporation (ONGC) Gujarat * 478.60 487.66 463.76 1.89 5.15 Assam * 251.13 204.02 203.57 -18.76 0.22 Tamil Nadu * 579.49 540.13 586.33 -6.79 -7.88 Offshore * 8712.14 8436.36 8618.19 -3.17 -2.11 Andhra Pradesh * 460.72 429.15 430.20 -6.85 -0.24 Tripura * 903.08 709.43 721.69 -21.44 -1.70 Rajasthan * 8.50 0.00 0.00 -100.00 -
2025-10,Performance Review,2025-26,ReviewReportOct25.pdf,39,All India Total(A+B),achievement,2025-10,monthly,1983.1,,1983.10,October 2025 Achievement (Provisional) 279.80 346.90 872.30
2025-10,Performance Review,2025-26,ReviewReportOct25.pdf,39,All India Total(A+B),achievement,2025-10,cumulative,12832.4,,12832.40,April-October 2025 Achievement (Provisional) 1855.60 2296.50 5514.00
2025-10,Performance Review,2025-26,ReviewReportOct25.pdf,39,All India Total(A+B),target,2025-10,monthly,1996.0,,1996.00,October 2025 Target 265.90 321.60 860.60
2025-10,Performance Review,2025-26,ReviewReportOct25.pdf,39,All India Total(A+B),target,2025-10,cumulative,13376.4,,13376.40,April-October 2025 Target 1842.20 2204.90 5646.40
2025-10,Performance Review,2025-26,ReviewReportOct25.pdf,39,All India Total(A+B),variation_pct,2025-10,monthly,-0.65,,-0.65,% Variation Over Target October 2025 5.23 7.87 1.36
2025-10,Performance Review,2025-26,ReviewReportOct25.pdf,39,All India Total(A+B),variation_pct,2025-10,cumulative,-3.89,,-3.89,% Variation Over Target April- October 2025 0.73 4.49 -2.27
2025-10,Performance Review,2025-26,ReviewReportOct25.pdf,38,All India Total(A+B+C),achievement,2025-10,cumulative,2658.57,,2658.57,April-October 2025 Achievement (Provisional) 0.00 0.00
2025-10,Performance Review,2025-26,ReviewReportOct25.pdf,38,B. Private Sector,achievement,2025-10,monthly,363.42,,363.42,October 2025 Achievement (Provisional) 0.00 0.00
2025-10,Performance Review,2025-26,ReviewReportOct25.pdf,38,B. Private Sector,achievement,2025-10,cumulative,2564.44,,2564.44,April-October 2025 Achievement (Provisional) 0.00 0.00
2025-10,Performance Review,2025-26,ReviewReportOct25.pdf,41,C. DGH (JVC/Private),achievement,2025-10,monthly,551.53,,551.53,October 2025 Achievement (Provisional) A. Oil & Natural Gas corporation (ONGC) Gujarat 416.67 376.32 385.26 -9.68 -2.32 Assam 101.05 88.92 88.11 -12.00 0.92 Tamil Nadu 21.00 14.73 15.89 -29.86 -7.30 Offshore 1114.32 1002.00 1022.30 -10.08 -1.99 Andhra Pradesh 21.31 17.41 19.13 -18.30 -8.99 Tripura 0.19 0.14 0.21 -26.32 -33.33
2025-10,Performance Review,2025-26,ReviewReportOct25.pdf,42,C. DGH (JVC/Private),achievement,2025-10,cumulative,4096.53,,4096.53,April-October 2025 Achievement (Provisional) A. Oil & Natural Gas corporation (ONGC) Gujarat * 2805.73 2619.26 2656.86 -6.65 -1.42 Assam * 682.22 610.55 613.64 -10.51 -0.50 Tamil Nadu * 137.00 109.16 121.52 -20.32 -10.17 Offshore * 7730.60 7024.40 7347.91 -9.14 -4.40 Andhra Pradesh * 145.74 131.10 130.49 -10.05 0.47 Tripura * 1.31 0.88 0.94 -32.82 -6.38
2025-10,Performance Review,2025-26,ReviewReportOct25.pdf,47,C. DGH (JVC/Private),achievement,2025-10,monthly,1090.63,,1090.63,October 2025 Achievement (Provisional) A. Oil & Natural Gas corporation (ONGC) Gujarat 69.03 70.28 68.67 1.81 2.34 Assam 37.21 31.36 28.99 -15.72 8.18 Tamil Nadu 83.40 80.19 83.88 -3.85 -4.40 Offshore 1272.55 1244.40 1274.13 -2.21 -2.33 Andhra Pradesh 72.16 58.93 61.23 -18.33 -3.76 Tripura 139.68 106.28 103.18 -23.91 3.00 Rajasthan 1.50 0.00 0.00 -100.00 -
2025-10,Performance Review,2025-26,ReviewReportOct25.pdf,48,C. DGH (JVC/Private),achievement,2025-10,cumulative,7858.68,,7858.68,April-October 2025 Achievement (Provisional) A. Oil & Natural Gas corporation (ONGC) Gujarat * 478.60 487.66 463.76 1.89 5.15 Assam * 251.13 204.02 203.57 -18.76 0.22 Tamil Nadu * 579.49 540.13 586.33 -6.79 -7.88 Offshore * 8712.14 8436.36 8618.19 -3.17 -2.11 Andhra Pradesh * 460.72 429.15 430.20 -6.85 -0.24 Tripura * 903.08 709.43 721.69 -21.44 -1.70 Rajasthan * 8.50 0.00 0.00 -100.00 -
2025-10,Performance Review,2025-26,ReviewReportOct25.pdf,41,C. DGH (JVC/Private),target,2025-10,monthly,667.92,,667.92,October 2025 Target A. Oil & Natural Gas corporation (ONGC) Gujarat 416.67 376.32 385.26 -9.68 -2.32 Assam 101.05 88.92 88.11 -12.00 0.92 Tamil Nadu 21.00 14.73 15.89 -29.86 -7.30 Offshore 1114.32 1002.00 1022.30 -10.08 -1.99 Andhra Pradesh 21.31 17.41 19.13 -18.30 -8.99 Tripura 0.19 0.14 0.21 -26.32 -33.33
2025-10,Performance Review,2025-26,ReviewReportOct25.pdf,42,C. DGH (JVC/Private),target,2025-10,cumulative,4617.82,,4617.82,April-October 2025 Target A. Oil & Natural Gas corporation (ONGC) Gujarat * 2805.73 2619.26 2656.86 -6.65 -1.42 Assam * 682.22 610.55 613.64 -10.51 -0.50 Tamil Nadu * 137.00 109.16 121.52 -20.32 -10.17 Offshore * 7730.60 7024.40 7347.91 -9.14 -4.40 Andhra Pradesh * 145.74 131.10 130.49 -10.05 0.47 Tripura * 1.31 0.88 0.94 -32.82 -6.38
2025-10,Performance Review,2025-26,ReviewReportOct25.pdf,47,C. DGH (JVC/Private),target,2025-10,monthly,1096.83,,1096.83,October 2025 Target A. Oil & Natural Gas corporation (ONGC) Gujarat 69.03 70.28 68.67 1.81 2.34 Assam 37.21 31.36 28.99 -15.72 8.18 Tamil Nadu 83.40 80.19 83.88 -3.85 -4.40 Offshore 1272.55 1244.40 1274.13 -2.21 -2.33 Andhra Pradesh 72.16 58.93 61.23 -18.33 -3.76 Tripura 139.68 106.28 103.18 -23.91 3.00 Rajasthan 1.50 0.00 0.00 -100.00 -
2025-10,Performance Review,2025-26,ReviewReportOct25.pdf,48,C. DGH (JVC/Private),target,2025-10,cumulative,7614.27,,7614.27,April-October 2025 Target A. Oil & Natural Gas corporation (ONGC) Gujarat * 478.60 487.66 463.76 1.89 5.15 Assam * 251.13 204.02 203.57 -18.76 0.22 Tamil Nadu * 579.49 540.13 586.33 -6.79 -7.88 Offshore * 8712.14 8436.36 8618.19 -3.17 -2.11 Andhra Pradesh * 460.72 429.15 430.20 -6.85 -0.24 Tripura * 903.08 709.43 721.69 -21.44 -1.70 Rajasthan * 8.50 0.00 0.00 -100.00 -
2025-10,Performance Review,2025-26,ReviewReportOct25.pdf,41,C. DGH (JVC/Private),variation_pct,2025-10,monthly,-17.43,,-17.43,% Variation Over Target October 2025 A. Oil & Natural Gas corporation (ONGC) Gujarat 416.67 376.32 385.26 -9.68 -2.32 Assam 101.05 88.92 88.11 -12.00 0.92 Tamil Nadu 21.00 14.73 15.89 -29.86 -7.30 Offshore 1114.32 1002.00 1022.30 -10.08 -1.99 Andhra Pradesh 21.31 17.41 19.13 -18.30 -8.99 Tripura 0.19 0.14 0.21 -26.32 -33.33
2025-10,Performance Review,2025-26,ReviewReportOct25.pdf,42,C. DGH (JVC/Private),variation_pct,2025-10,cumulative,-11.29,,-11.29,% Variation Over Target April- October 2025 A. Oil & Natural Gas corporation (ONGC) Gujarat * 2805.73 2619.26 2656.86 -6.65 -1.42 Assam * 682.22 610.55 613.64 -10.51 -0.50 Tamil Nadu * 137.00 109.16 121.52 -20.32 -10.17 Offshore * 7730.60 7024.40 7347.91 -9.14 -4.40 Andhra Pradesh * 145.74 131.10 130.49 -10.05 0.47 Tripura * 1.31 0.88 0.94 -32.82 -6.38
2025-10,Performance Review,2025-26,ReviewReportOct25.pdf,47,C. DGH (JVC/Private),variation_pct,2025-10,monthly,-0.57,,-0.57,% Variation Over October 2025 Target A. Oil & Natural Gas corporation (ONGC) Gujarat 69.03 70.28 68.67 1.81 2.34 Assam 37.21 31.36 28.99 -15.72 8.18 Tamil Nadu 83.40 80.19 83.88 -3.85 -4.40 Offshore 1272.55 1244.40 1274.13 -2.21 -2.33 Andhra Pradesh 72.16 58.93 61.23 -18.33 -3.76 Tripura 139.68 106.28 103.18 -23.91 3.00 Rajasthan 1.50 0.00 0.00 -100.00 -
2025-10,Performance Review,2025-26,ReviewReportOct25.pdf,48,C. DGH (JVC/Private),variation_pct,2025-10,cumulative,3.21,,3.21,% Variation Over Target April- October 2025 A. Oil & Natural Gas corporation (ONGC) Gujarat * 478.60 487.66 463.76 1.89 5.15 Assam * 251.13 204.02 203.57 -18.76 0.22 Tamil Nadu * 579.49 540.13 586.33 -6.79 -7.88 Offshore * 8712.14 8436.36 8618.19 -3.17 -2.11 Andhra Pradesh * 460.72 429.15 430.20 -6.85 -0.24 Tripura * 903.08 709.43 721.69 -21.44 -1.70 Rajasthan * 8.50 0.00 0.00 -100.00 -
2025-10,Performance Review,2025-26,ReviewReportOct25.pdf,38,C. Mini & White,achievement,2025-10,monthly,13.48,,13.48,October 2025 Achievement (Provisional) 0.00 0.00
2025-10,Performance Review,2025-26,ReviewReportOct25.pdf,38,C. Mini & White,achievement,2025-10,cumulative,94.13,,94.13,April-October 2025 Achievement (Provisional) 0.00 0.00
2025-10,Performance Review,2025-26,ReviewReportOct25.pdf,30,CIL - Total,achievement,2025-10,monthly,56.38,,56.380,October 2025 Achievement (Provisional) 3.615 2.674 5.758 11.957 3.594 12.166 16.607 0.005
2025-10,Performance Review,2025-26,ReviewReportOct25.pdf,33,CIL - Total,achievement,2025-10,monthly,59.19,,59.190,October 2025 Achievement (Provisional) 3.660 2.990 5.530 11.350 4.440 13.010 18.200 0.010
2025-10,Performance Review,2025-26,ReviewReportOct25.pdf,34,CIL - Total,achievement,2025-10,cumulative,416.24,,416.240,April-October 2025 Achievement (Provisional) 26.130 20.050 39.010 79.380 33.110 97.230 121.250 0.080
2025-10,Performance Review,2025-26,ReviewReportOct25.pdf,30,CIL - Total,target,2025-10,monthly,72.91,,72.910,October 2025 Target 3.930 3.390 10.080 13.000 5.460 15.430 21.600 0.020
2025-10,Performance Review,2025-26,ReviewReportOct25.pdf,33,CIL - Total,target,2025-10,monthly,74.06,,74.060,October 2025 Target 4.960 3.870 9.300 11.750 5.730 18.600 19.830 0.020
2025-10,Performance Review,2025-26,ReviewReportOct25.pdf,34,CIL - Total,target,2025-10,cumulative,496.614,,496.614,April-October 2025 Target 33.130 25.530 60.550 80.260 36.940 119.550 140.560 0.100
2025-10,Performance Review,2025-26,ReviewReportOct25.pdf,30,CIL - Total,variation_pct,2025-10,monthly,-22.67,,-22.67,% Variation Over Target October 2025 -8.02 -21.12 -42.88 -8.02 -34.18 -21.15 -23.12 -75.00
2025-10,Performance Review,2025-26,ReviewReportOct25.pdf,33,CIL - Total,variation_pct,2025-10,monthly,-20.08,,-20.08,% Variation Over Target October 2025 -26.21 -22.74 -40.54 -3.40 -22.51 -30.05 -8.22 -50.00
2025-10,Performance Review,2025-26,ReviewReportOct25.pdf,34,CIL - Total,variation_pct,2025-10,cumulative,-16.18,,-16.18,% Variation Over Target April- October 2025 -21.13 -21.46 -35.57 -1.10 -10.37 -18.67 -13.74 -20.00
2025-10,Performance Review,2025-26,ReviewReportOct25.pdf,49,Construction of Bridges (Nos.),achievement,2025-10,monthly,0.0,Nos,0.00,October 2025 Achievement (Provisional) *
2025-10,Performance Review,2025-26,ReviewReportOct25.pdf,49,Construction of Bridges (Nos.),achievement,2025-10,cumulative,0.0,Nos,0,April-October 2025 Achievement (Provisional) 0.00
2025-10,Performance Review,2025-26,ReviewReportOct25.pdf,50,Construction of Missing Links (Kms.),achievement,2025-10,monthly,0.0,Kms,0.00,October 2025 Achievement (Provisional) *
2025-10,Performance Review,2025-26,ReviewReportOct25.pdf,50,Construction of Missing Links (Kms.),achievement,2025-10,cumulative,0.0,Kms,0.00,April-October 2025 Achievement (Provisional) *
2025-10,Performance Review,2025-26,ReviewReportOct25.pdf,49,Construction of bypass (Nos.),achievement,2025-10,monthly,0.0,Nos,0.00,October 2025 Achievement (Provisional) *
2025-10,Performance Review,2025-26,ReviewReportOct25.pdf,49,Construction of bypass (Nos.),achievement,2025-10,cumulative,0.0,Nos,0,April-October 2025 Achievement (Provisional) 0.00
2025-10,Performance Review,2025-26,ReviewReportOct25.pdf,50,Construction of bypasses (Nos.),achievement,2025-10,monthly,0.0,Nos,0,October 2025 Achievement (Provisional) *
2025-10,Performance Review,2025-26,ReviewReportOct25.pdf,50,Construction of bypasses (Nos.),achievement,2025-10,cumulative,0.0,Nos,0,April-October 2025 Achievement (Provisional) *
2025-10,Performance Review,2025-26,ReviewReportOct25.pdf,50,Improvement of low grade section (Kms.),achievement,2025-10,monthly,0.0,Kms,0.00,October 2025 Achievement (Provisional) *
2025-10,Performance Review,2025-26,ReviewReportOct25.pdf,50,Improvement of low grade section (Kms.),achievement,2025-10,cumulative,0.0,Kms,0.00,April-October 2025 Achievement (Provisional) *
2025-10,Performance Review,2025-26,ReviewReportOct25.pdf,50,Improvement of riding quality prog.(IRQP) (Kms.),achievement,2025-10,monthly,0.0,Kms,0.00,October 2025 Achievement (Provisional) *
2025-10,Performance Review,2025-26,ReviewReportOct25.pdf,50,Improvement of riding quality prog.(IRQP) (Kms.),achievement,2025-10,cumulative,122.15,Kms,122.15,April-October 2025 Achievement (Provisional) *
2025-10,Performance Review,2025-26,ReviewReportOct25.pdf,50,Improvement of riding quality prog.(IRQP) (Kms.),target,2025-10,monthly,0.0,Kms,0.00,October 2025 Target *
2025-10,Performance Review,2025-26,ReviewReportOct25.pdf,30,"Others (TISCO,IISCO,DVC)",achievement,2025-10,monthly,16.315,,16.315,October 2025 Achievement (Provisional) 3.615 2.674 5.758 11.957 3.594 12.166 16.607 0.005
2025-10,Performance Review,2025-26,ReviewReportOct25.pdf,33,"Others (TISCO,IISCO,DVC)",achievement,2025-10,monthly,16.652,,16.652,October 2025 Achievement (Provisional) 3.660 2.990 5.530 11.350 4.440 13.010 18.200 0.010
2025-10,Performance Review,2025-26,ReviewReportOct25.pdf,34,"Others (TISCO,IISCO,DVC)",achievement,2025-10,cumulative,116.505,,116.505,April-October 2025 Achievement (Provisional) 26.130 20.050 39.010 79.380 33.110 97.230 121.250 0.080
2025-10,Performance Review,2025-26,ReviewReportOct25.pdf,30,"Others (TISCO,IISCO,DVC)",target,2025-10,monthly,0.0,,0.000,October 2025 Target 3.930 3.390 10.080 13.000 5.460 15.430 21.600 0.020
2025-10,Performance Review,2025-26,ReviewReportOct25.pdf,33,"Others (TISCO,IISCO,DVC)",target,2025-10,monthly,0.0,,0.000,October 2025 Target 4.960 3.870 9.300 11.750 5.730 18.600 19.830 0.020
2025-10,Performance Review,2025-26,ReviewReportOct25.pdf,34,"Others (TISCO,IISCO,DVC)",target,2025-10,cumulative,0.0,,0.000,April-October 2025 Target 33.130 25.530 60.550 80.260 36.940 119.550 140.560 0.100
2025-10,Performance Review,2025-26,ReviewReportOct25.pdf,50,Rehabilitation/ Construction of Bridges (Nos.),achievement,2025-10,monthly,0.0,Nos,0.00,October 2025 Achievement (Provisional) *
2025-10,Performance Review,2025-26,ReviewReportOct25.pdf,50,Rehabilitation/ Construction of Bridges (Nos.),achievement,2025-10,cumulative,0.0,Nos,0,April-October 2025 Achievement (Provisional) *
2025-10,Performance Review,2025-26,ReviewReportOct25.pdf,30,SCCL,achievement,2025-10,monthly,4.74,,4.740,October 2025 Achievement (Provisional) 3.615 2.674 5.758 11.957 3.594 12.166 16.607 0.005
2025-10,Performance Review,2025-26,ReviewReportOct25.pdf,33,SCCL,achievement,2025-10,monthly,4.6,,4.600,October 2025 Achievement (Provisional) 3.660 2.990 5.530 11.350 4.440 13.010 18.200 0.010
2025-10,Performance Review,2025-26,ReviewReportOct25.pdf,34,SCCL,achievement,2025-10,cumulative,33.38,,33.380,April-October 2025 Achievement (Provisional) 26.130 20.050 39.010 79.380 33.110 97.230 121.250 0.080
2025-10,Performance Review,2025-26,ReviewReportOct25.pdf,30,SCCL,target,2025-10,monthly,6.68,,6.680,October 2025 Target 3.930 3.390 10.080 13.000 5.460 15.430 21.600 0.020
2025-10,Performance Review,2025-26,ReviewReportOct25.pdf,33,SCCL,target,2025-10,monthly,6.68,,6.680,October 2025 Target 4.960 3.870 9.300 11.750 5.730 18.600 19.830 0.020
2025-10,Performance Review,2025-26,ReviewReportOct25.pdf,34,SCCL,target,2025-10,cumulative,37.6,,37.600,April-October 2025 Target 33.130 25.530 60.550 80.260 36.940 119.550 140.560 0.100
2025-10,Performance Review,2025-26,ReviewReportOct25.pdf,30,SCCL,variation_pct,2025-10,monthly,-29.04,,-29.04,% Variation Over Target October 2025 -8.02 -21.12 -42.88 -8.02 -34.18 -21.15 -23.12 -75.00
2025-10,Performance Review,2025-26,ReviewReportOct25.pdf,33,SCCL,variation_pct,2025-10,monthly,-31.14,,-31.14,% Variation Over Target October 2025 -26.21 -22.74 -40.54 -3.40 -22.51 -30.05 -8.22 -50.00
2025-10,Performance Review,2025-26,ReviewReportOct25.pdf,34,SCCL,variation_pct,2025-10,cumulative,-11.22,,-11.22,% Variation Over Target April- October 2025 -21.13 -21.46 -35.57 -1.10 -10.37 -18.67 -13.74 -20.00
2025-10,Performance Review,2025-26,ReviewReportOct25.pdf,50,Strengthening of existing weak pavement (Kms.),achievement,2025-10,monthly,4.36,Kms,4.36,October 2025 Achievement (Provisional) *
2025-10,Performance Review,2025-26,ReviewReportOct25.pdf,50,Strengthening of existing weak pavement (Kms.),achievement,2025-10,cumulative,99.38,Kms,99.38,April-October 2025 Achievement (Provisional) *
2025-10,Performance Review,2025-26,ReviewReportOct25.pdf,50,Widening to four/six/eight lanes (Kms.),achievement,2025-10,monthly,35.66,Kms,35.66,October 2025 Achievement (Provisional) *
2025-10,Performance Review,2025-26,ReviewReportOct25.pdf,50,Widening to four/six/eight lanes (Kms.),achievement,2025-10,cumulative,263.15,Kms,263.15,April-October 2025 Achievement (Provisional) *
2025-10,Performance Review,2025-26,ReviewReportOct25.pdf,50,Widening to four/six/eight lanes (Kms.),target,2025-10,monthly,317.0,Kms,317.00,October 2025 Target *
2025-10,Performance Review,2025-26,ReviewReportOct25.pdf,50,Widening to four/six/eight lanes (Kms.),target,2025-10,cumulative,1424.0,Kms,1424.00,April-October 2025 Target *
2025-10,Performance Review,2025-26,ReviewReportOct25.pdf,50,Widening to four/six/eight lanes (Kms.),variation_pct,2025-10,monthly,-88.75,Kms,-88.75,% Variation Over Target *
2025-10,Performance Review,2025-26,ReviewReportOct25.pdf,50,Widening to four/six/eight lanes (Kms.),variation_pct,2025-10,cumulative,-81.52,Kms,-81.52,% Variation Over Target April- October 2025 *
2025-10,Performance Review,2025-26,ReviewReportOct25.pdf,50,Widening to two lanes (Kms.),achievement,2025-10,monthly,165.87,Kms,165.87,October 2025 Achievement (Provisional) *
2025-10,Performance Review,2025-26,ReviewReportOct25.pdf,50,Widening to two lanes (Kms.),achievement,2025-10,cumulative,1065.51,Kms,1065.51,April-October 2025 Achievement (Provisional) *
2025-10,Performance Review,2025-26,ReviewReportOct25.pdf,49,Widening/ Strengthening/ existing weak pavement to four/six/eight lanes (Kms.),achievement,2025-10,monthly,323.0,Kms,323.00,October 2025 Achievement (Provisional) *
2025-10,Performance Review,2025-26,ReviewReportOct25.pdf,49,Widening/ Strengthening/ existing weak pavement to four/six/eight lanes (Kms.),achievement,2025-10,cumulative,1907.0,Kms,1907.00,April-October 2025 Achievement (Provisional) 0.00
2025-10,Performance Review,2025-26,ReviewReportOct25.pdf,49,Widening/ Strengthening/ existing weak pavement to four/six/eight lanes (Kms.),target,2025-10,monthly,415.0,Kms,415.00,October 2025 Target *
2025-10,Performance Review,2025-26,ReviewReportOct25.pdf,49,Widening/ Strengthening/ existing weak pavement to four/six/eight lanes (Kms.),target,2025-10,cumulative,2282.0,Kms,2282.00,April-October 2025 Target *
2025-10,Performance Review,2025-26,ReviewReportOct25.pdf,49,Widening/ Strengthening/ existing weak pavement to four/six/eight lanes (Kms.),variation_pct,2025-10,monthly,-22.17,Kms,-22.17,% Variation Over Target October 2025 *
2025-10,Performance Review,2025-26,ReviewReportOct25.pdf,49,Widening/ Strengthening/ existing weak pavement to four/six/eight lanes (Kms.),variation_pct,2025-10,cumulative,-16.43,Kms,-16.43,% Variation Over Target April- October 2025 0.00
2025-11,Performance Review,2025-26,ReviewReportNov25.pdf,21,(a) NHAI - Widening to two/four/six/eight lanes and strengthening of existing weak pavement (Kms.),achievement,2025-11,cumulative,446.0,Kms,446.00,Annexure - A Infrastructure Sector Performance during November 2025 and April-November FY 25-26 & FY 24-25 During November Production N o v ember FY 25-26
2025-11,Performance Review,2025-26,ReviewReportNov25.pdf,21,(a) NHAI - Widening to two/four/six/eight lanes and strengthening of existing weak pavement (Kms.),achievement,2025-11,cumulative,2353.0,Kms,2353.00,Annexure - A Infrastructure Sector Performance during November 2025 and April-November FY 25-26 & FY 24-25 During April 2025-March 2026 (Cumulative) Production upto November FY 25-26
2025-11,Performance Review,2025-26,ReviewReportNov25.pdf,21,(a) NHAI - Widening to two/four/six/eight lanes and strengthening of existing weak pavement (Kms.),achievement_pct,2025-11,cumulative,94.29,Kms,94.29,Annexure - A Infrastructure Sector Performance during November 2025 and April-November FY 25-26 & FY 24-25 During November Achievement ( % of Target )
2025-11,Performance Review,2025-26,ReviewReportNov25.pdf,21,(a) NHAI - Widening to two/four/six/eight lanes and strengthening of existing weak pavement (Kms.),achievement_pct,2025-11,cumulative,85.38,Kms,85.38,Annexure - A Infrastructure Sector Performance during November 2025 and April-November FY 25-26 & FY 24-25 During April 2025-March 2026 (Cumulative) Achievem ent ( % of Target )
2025-11,Performance Review,2025-26,ReviewReportNov25.pdf,21,(a) NHAI - Widening to two/four/six/eight lanes and strengthening of existing weak pavement (Kms.),growth_pct,2025-11,cumulative,10.67,Kms,10.67,Annexure - A Infrastructure Sector Performance during November 2025 and April-November FY 25-26 & FY 24-25 During November Growth % Y-o-Y (FY 25-26 w.r.t FY 24-25)
2025-11,Performance Review,2025-26,ReviewReportNov25.pdf,21,(a) NHAI - Widening to two/four/six/eight lanes and strengthening of existing weak pavement (Kms.),growth_pct,2025-11,cumulative,-2.97,Kms,-2.97,Annexure - A Infrastructure Sector Performance during November 2025 and April-November FY 25-26 & FY 24-25 During April 2025-March 2026 (Cumulative) Cumulative Growth % (FY 25-26 w.r.t FY 24-25)
2025-11,Performance Review,2025-26,ReviewReportNov25.pdf,21,(a) NHAI - Widening to two/four/six/eight lanes and strengthening of existing weak pavement (Kms.),target,2025-11,cumulative,473.0,Kms,473.00,Annexure - A Infrastructure Sector Performance during November 2025 and April-November FY 25-26 & FY 24-25 During November Target November FY 25-26
2025-11,Performance Review,2025-26,ReviewReportNov25.pdf,21,(a) NHAI - Widening to two/four/six/eight lanes and strengthening of existing weak pavement (Kms.),target,2025-11,cumulative,2756.0,Kms,2756.00,Annexure - A Infrastructure Sector Performance during November 2025 and April-November FY 25-26 & FY 24-25 During April 2025-March 2026 (Cumulative) Target upto November FY 25-26
2025-11,Performance Review,2025-26,ReviewReportNov25.pdf,21,(b) State PWD and Border Road Organisation (B,achievement,2025-11,cumulative,226.0,,226.000,Annexure - A Infrastructure Sector Performance during November 2025 and April-November FY 25-26 & FY 24-25 During November Production N o v ember FY 25-26
2025-11,Performance Review,2025-26,ReviewReportNov25.pdf,21,(b) State PWD and Border Road Organisation (B,achievement,2025-11,cumulative,1653.0,,1653.000,Annexure - A Infrastructure Sector Performance during November 2025 and April-November FY 25-26 & FY 24-25 During April 2025-March 2026 (Cumulative) Production upto November FY 25-26
2025-11,Performance Review,2025-26,ReviewReportNov25.pdf,21,(b) State PWD and Border Road Organisation (B,achievement_pct,2025-11,cumulative,130.64,,130.64,Annexure - A Infrastructure Sector Performance during November 2025 and April-November FY 25-26 & FY 24-25 During November Achievement ( % of Target )
2025-11,Performance Review,2025-26,ReviewReportNov25.pdf,21,(b) State PWD and Border Road Organisation (B,achievement_pct,2025-11,cumulative,82.03,,82.03,Annexure - A Infrastructure Sector Performance during November 2025 and April-November FY 25-26 & FY 24-25 During April 2025-March 2026 (Cumulative) Achievem ent ( % of Target )
2025-11,Performance Review,2025-26,ReviewReportNov25.pdf,21,(b) State PWD and Border Road Organisation (B,growth_pct,2025-11,cumulative,-40.7,,-40.70,Annexure - A Infrastructure Sector Performance during November 2025 and April-November FY 25-26 & FY 24-25 During November Growth % Y-o-Y (FY 25-26 w.r.t FY 24-25)
2025-11,Performance Review,2025-26,ReviewReportNov25.pdf,21,(b) State PWD and Border Road Organisation (B,growth_pct,2025-11,cumulative,-21.41,,-21.41,Annexure - A Infrastructure Sector Performance during November 2025 and April-November FY 25-26 & FY 24-25 During April 2025-March 2026 (Cumulative) Cumulative Growth % (FY 25-26 w.r.t FY 24-25)
2025-11,Performance Review,2025-26,ReviewReportNov25.pdf,21,(b) State PWD and Border Road Organisation (B,target,2025-11,cumulative,2015.0,,2015.0,Annexure - A Infrastructure Sector Performance during November 2025 and April-November FY 25-26 & FY 24-25 During April 2025-March 2026 (Cumulative) Target upto November FY 25-26
2025-11,Performance Review,2025-26,ReviewReportNov25.pdf,31,All India - Total,achievement,2025-11,monthly,92.686,,92.686,November 2025 Achievement (Provisional) 4.330 2.950 7.360 11.910 5.100 15.780 20.550 0.020
2025-11,Performance Review,2025-26,ReviewReportNov25.pdf,31,All India - Total,achievement,2025-11,cumulative,619.399,,619.399,April-November 2025 Achievement (Provisional) 28.270 21.370 42.650 93.250 33.530 100.610 133.690 0.140
2025-11,Performance Review,2025-26,ReviewReportNov25.pdf,34,All India - Total,achievement,2025-11,monthly,85.62,,85.620,November 2025 Achievement (Provisional) 3.550 2.950 6.640 11.600 5.080 15.730 17.880 0.020
2025-11,Performance Review,2025-26,ReviewReportNov25.pdf,35,All India - Total,achievement,2025-11,cumulative,651.78,,651.780,April-November 2025 Achievement (Provisional) 29.680 23.000 45.650 91.000 38.190 112.950 139.160 0.110
2025-11,Performance Review,2025-26,ReviewReportNov25.pdf,31,All India - Total,target,2025-11,monthly,82.56,,82.560,November 2025 Target 5.150 3.850 9.760 12.870 6.050 17.110 20.900 0.030
2025-11,Performance Review,2025-26,ReviewReportNov25.pdf,31,All India - Total,target,2025-11,cumulative,569.79,,569.790,April-November 2025 Target 33.130 29.130 64.180 92.860 38.180 121.480 146.240 0.170
2025-11,Performance Review,2025-26,ReviewReportNov25.pdf,34,All India - Total,target,2025-11,monthly,85.14,,85.140,November 2025 Target 5.240 4.050 9.750 11.740 6.000 19.590 21.910 0.020
2025-11,Performance Review,2025-26,ReviewReportNov25.pdf,35,All India - Total,target,2025-11,cumulative,619.36,,619.360,April-November 2025 Target 38.370 29.580 70.300 92.000 42.940 139.140 162.470 0.120
2025-11,Performance Review,2025-26,ReviewReportNov25.pdf,31,All India - Total,variation_pct,2025-11,monthly,12.27,,12.27,% Variation Over Target November 2025 -15.92 -23.38 -24.59 -7.46 -15.70 -7.77 -1.67 -33.33
2025-11,Performance Review,2025-26,ReviewReportNov25.pdf,31,All India - Total,variation_pct,2025-11,cumulative,8.71,,8.71,% Variation Over Target April- November 2025 -14.67 -26.64 -33.55 0.42 -12.18 -17.18 -8.58 -17.65
2025-11,Performance Review,2025-26,ReviewReportNov25.pdf,34,All India - Total,variation_pct,2025-11,monthly,0.56,,0.56,% Variation Over Target November 2025 -32.25 -27.16 -31.90 -1.19 -15.33 -19.70 -18.39 0.00
2025-11,Performance Review,2025-26,ReviewReportNov25.pdf,35,All India - Total,variation_pct,2025-11,cumulative,5.23,,5.23,% Variation Over Target April- November 2025 -22.65 -22.24 -35.06 -1.09 -11.06 -18.82 -14.35 -8.33
2025-11,Performance Review,2025-26,ReviewReportNov25.pdf,43,All India Total (A+B),achievement,2025-11,monthly,2270.74,,2270.74,November 2025 Achievement (Provisional) A. Oil & Natural Gas corporation (ONGC) Gujarat 406.45 362.48 377.01 -10.82 -3.85 Assam 98.08 86.99 85.58 -11.31 1.65 Tamil Nadu 20.00 14.34 15.21 -28.30 -5.72 Offshore 1076.78 976.08 1006.81 -9.35 -3.05 Andhra Pradesh 21.13 16.71 18.86 -20.92 -11.40 Tripura 0.18 0.22 0.12 22.22 83.33
2025-11,Performance Review,2025-26,ReviewReportNov25.pdf,43,All India Total (A+B),target,2025-11,monthly,2583.29,,2583.29,November 2025 Target A. Oil & Natural Gas corporation (ONGC) Gujarat 406.45 362.48 377.01 -10.82 -3.85 Assam 98.08 86.99 85.58 -11.31 1.65 Tamil Nadu 20.00 14.34 15.21 -28.30 -5.72 Offshore 1076.78 976.08 1006.81 -9.35 -3.05 Andhra Pradesh 21.13 16.71 18.86 -20.92 -11.40 Tripura 0.18 0.22 0.12 22.22 83.33
2025-11,Performance Review,2025-26,ReviewReportNov25.pdf,43,All India Total (A+B),variation_pct,2025-11,monthly,-12.1,,-12.10,% Variation Over Target November 2025 A. Oil & Natural Gas corporation (ONGC) Gujarat 406.45 362.48 377.01 -10.82 -3.85 Assam 98.08 86.99 85.58 -11.31 1.65 Tamil Nadu 20.00 14.34 15.21 -28.30 -5.72 Offshore 1076.78 976.08 1006.81 -9.35 -3.05 Andhra Pradesh 21.13 16.71 18.86 -20.92 -11.40 Tripura 0.18 0.22 0.12 22.22 83.33
2025-11,Performance Review,2025-26,ReviewReportNov25.pdf,39,All India Total (A+B+C),achievement,2025-11,monthly,387.68,,387.68,November 2025 Achievement (Provisional) 0.00 0.00
2025-11,Performance Review,2025-26,ReviewReportNov25.pdf,44,All India Total (A+B+C),achievement,2025-11,cumulative,18843.31,,18843.31,April-November 2025 Achievement (Provisional) A. Oil & Natural Gas corporation (ONGC) Gujarat * 3212.18 2981.73 3033.88 -7.17 -1.72 Assam * 780.30 697.54 699.21 -10.61 -0.24 Tamil Nadu * 157.00 123.50 136.74 -21.34 -9.68 Offshore * 8807.38 8000.48 8354.72 -9.16 -4.24 Andhra Pradesh * 166.87 147.80 149.35 -11.43 -1.04 Tripura * 1.49 1.11 1.07 -25.50 3.74
2025-11,Performance Review,2025-26,ReviewReportNov25.pdf,49,All India Total (A+B+C),achievement,2025-11,monthly,2895.81,,2895.81,November 2025 Achievement (Provisional) A. Oil & Natural Gas corporation (ONGC) Gujarat 66.78 66.59 67.40 -0.28 -1.20 Assam 36.55 30.88 27.57 -15.51 12.01 Tamil Nadu 82.96 76.41 81.35 -7.90 -6.07 Offshore 1262.83 1216.23 1220.00 -3.69 -0.31 Andhra Pradesh 68.83 57.25 59.65 -16.82 -4.02 Tripura 134.85 98.39 94.95 -27.04 3.62 Rajasthan 1.50 0.00 0.00 -100.00 -
2025-11,Performance Review,2025-26,ReviewReportNov25.pdf,50,All India Total (A+B+C),achievement,2025-11,cumulative,23415.65,,23415.65,April-November 2025 Achievement (Provisional) A. Oil & Natural Gas corporation (ONGC) Gujarat * 545.38 554.24 531.17 1.62 4.34 Assam * 287.68 234.89 231.15 -18.35 1.62 Tamil Nadu * 662.45 616.54 667.68 -6.93 -7.66 Offshore * 9974.97 9652.59 9838.18 -3.23 -1.89 Andhra Pradesh * 529.55 486.41 489.84 -8.15 -0.70 Tripura * 1037.93 807.82 816.63 -22.17 -1.08 Rajasthan * 10.00 0.00 0.00 -100.00 -
2025-11,Performance Review,2025-26,ReviewReportNov25.pdf,44,All India Total (A+B+C),target,2025-11,cumulative,20868.2,,20868.20,April-November 2025 Target A. Oil & Natural Gas corporation (ONGC) Gujarat * 3212.18 2981.73 3033.88 -7.17 -1.72 Assam * 780.30 697.54 699.21 -10.61 -0.24 Tamil Nadu * 157.00 123.50 136.74 -21.34 -9.68 Offshore * 8807.38 8000.48 8354.72 -9.16 -4.24 Andhra Pradesh * 166.87 147.80 149.35 -11.43 -1.04 Tripura * 1.49 1.11 1.07 -25.50 3.74
2025-11,Performance Review,2025-26,ReviewReportNov25.pdf,49,All India Total (A+B+C),target,2025-11,monthly,3015.41,,3015.41,November 2025 Target A. Oil & Natural Gas corporation (ONGC) Gujarat 66.78 66.59 67.40 -0.28 -1.20 Assam 36.55 30.88 27.57 -15.51 12.01 Tamil Nadu 82.96 76.41 81.35 -7.90 -6.07 Offshore 1262.83 1216.23 1220.00 -3.69 -0.31 Andhra Pradesh 68.83 57.25 59.65 -16.82 -4.02 Tripura 134.85 98.39 94.95 -27.04 3.62 Rajasthan 1.50 0.00 0.00 -100.00 -
2025-11,Performance Review,2025-26,ReviewReportNov25.pdf,50,All India Total (A+B+C),target,2025-11,cumulative,24189.31,,24189.31,April-November 2025 Target A. Oil & Natural Gas corporation (ONGC) Gujarat * 545.38 554.24 531.17 1.62 4.34 Assam * 287.68 234.89 231.15 -18.35 1.62 Tamil Nadu * 662.45 616.54 667.68 -6.93 -7.66 Offshore * 9974.97 9652.59 9838.18 -3.23 -1.89 Andhra Pradesh * 529.55 486.41 489.84 -8.15 -0.70 Tripura * 1037.93 807.82 816.63 -22.17 -1.08 Rajasthan * 10.00 0.00 0.00 -100.00 -
2025-11,Performance Review,2025-26,ReviewReportNov25.pdf,44,All India Total (A+B+C),variation_pct,2025-11,cumulative,-9.7,,-9.70,% Variation Over Target April- November 2025 A. Oil & Natural Gas corporation (ONGC) Gujarat * 3212.18 2981.73 3033.88 -7.17 -1.72 Assam * 780.30 697.54 699.21 -10.61 -0.24 Tamil Nadu * 157.00 123.50 136.74 -21.34 -9.68 Offshore * 8807.38 8000.48 8354.72 -9.16 -4.24 Andhra Pradesh * 166.87 147.80 149.35 -11.43 -1.04 Tripura * 1.49 1.11 1.07 -25.50 3.74
2025-11,Performance Review,2025-26,ReviewReportNov25.pdf,49,All India Total (A+B+C),variation_pct,2025-11,monthly,-3.97,,-3.97,% Variation Over November 2025 Target A. Oil & Natural Gas corporation (ONGC) Gujarat 66.78 66.59 67.40 -0.28 -1.20 Assam 36.55 30.88 27.57 -15.51 12.01 Tamil Nadu 82.96 76.41 81.35 -7.90 -6.07 Offshore 1262.83 1216.23 1220.00 -3.69 -0.31 Andhra Pradesh 68.83 57.25 59.65 -16.82 -4.02 Tripura 134.85 98.39 94.95 -27.04 3.62 Rajasthan 1.50 0.00 0.00 -100.00 -
2025-11,Performance Review,2025-26,ReviewReportNov25.pdf,50,All India Total (A+B+C),variation_pct,2025-11,cumulative,-3.2,,-3.20,% Variation Over Target April- November 2025 A. Oil & Natural Gas corporation (ONGC) Gujarat * 545.38 554.24 531.17 1.62 4.34 Assam * 287.68 234.89 231.15 -18.35 1.62 Tamil Nadu * 662.45 616.54 667.68 -6.93 -7.66 Offshore * 9974.97 9652.59 9838.18 -3.23 -1.89 Andhra Pradesh * 529.55 486.41 489.84 -8.15 -0.70 Tripura * 1037.93 807.82 816.63 -22.17 -1.08 Rajasthan * 10.00 0.00 0.00 -100.00 -
2025-11,Performance Review,2025-26,ReviewReportNov25.pdf,40,All India Total(A+B),achievement,2025-11,monthly,1966.9,,1966.90,November 2025 Achievement (Provisional) 300.40 354.30 822.10
2025-11,Performance Review,2025-26,ReviewReportNov25.pdf,40,All India Total(A+B),achievement,2025-11,cumulative,14799.2,,14799.20,April-November 2025 Achievement (Provisional) 2156.00 2650.70 6336.10
2025-11,Performance Review,2025-26,ReviewReportNov25.pdf,40,All India Total(A+B),target,2025-11,monthly,1998.1,,1998.10,November 2025 Target 293.80 332.20 837.50
2025-11,Performance Review,2025-26,ReviewReportNov25.pdf,40,All India Total(A+B),target,2025-11,cumulative,15374.4,,15374.40,April-November 2025 Target 2136.00 2537.10 6483.90
2025-11,Performance Review,2025-26,ReviewReportNov25.pdf,40,All India Total(A+B),variation_pct,2025-11,monthly,-1.56,,-1.56,% Variation Over Target November 2025 2.25 6.65 -1.84
2025-11,Performance Review,2025-26,ReviewReportNov25.pdf,40,All India Total(A+B),variation_pct,2025-11,cumulative,-3.58,,-3.58,% Variation Over Target April- November 2025 0.94 4.77 -2.22
2025-11,Performance Review,2025-26,ReviewReportNov25.pdf,39,All India Total(A+B+C),achievement,2025-11,cumulative,3052.37,,3052.37,April-November 2025 Achievement (Provisional) 0.00 0.00
2025-11,Performance Review,2025-26,ReviewReportNov25.pdf,39,B. Private Sector,achievement,2025-11,monthly,372.74,,372.74,November 2025 Achievement (Provisional) 0.00 0.00
2025-11,Performance Review,2025-26,ReviewReportNov25.pdf,39,B. Private Sector,achievement,2025-11,cumulative,2936.76,,2936.76,April-November 2025 Achievement (Provisional) 0.00 0.00
2025-11,Performance Review,2025-26,ReviewReportNov25.pdf,43,C. DGH (JVC/Private),achievement,2025-11,monthly,538.27,,538.27,November 2025 Achievement (Provisional) A. Oil & Natural Gas corporation (ONGC) Gujarat 406.45 362.48 377.01 -10.82 -3.85 Assam 98.08 86.99 85.58 -11.31 1.65 Tamil Nadu 20.00 14.34 15.21 -28.30 -5.72 Offshore 1076.78 976.08 1006.81 -9.35 -3.05 Andhra Pradesh 21.13 16.71 18.86 -20.92 -11.40 Tripura 0.18 0.22 0.12 22.22 83.33
2025-11,Performance Review,2025-26,ReviewReportNov25.pdf,44,C. DGH (JVC/Private),achievement,2025-11,cumulative,4634.79,,4634.79,April-November 2025 Achievement (Provisional) A. Oil & Natural Gas corporation (ONGC) Gujarat * 3212.18 2981.73 3033.88 -7.17 -1.72 Assam * 780.30 697.54 699.21 -10.61 -0.24 Tamil Nadu * 157.00 123.50 136.74 -21.34 -9.68 Offshore * 8807.38 8000.48 8354.72 -9.16 -4.24 Andhra Pradesh * 166.87 147.80 149.35 -11.43 -1.04 Tripura * 1.49 1.11 1.07 -25.50 3.74
2025-11,Performance Review,2025-26,ReviewReportNov25.pdf,49,C. DGH (JVC/Private),achievement,2025-11,monthly,1082.09,,1082.09,November 2025 Achievement (Provisional) A. Oil & Natural Gas corporation (ONGC) Gujarat 66.78 66.59 67.40 -0.28 -1.20 Assam 36.55 30.88 27.57 -15.51 12.01 Tamil Nadu 82.96 76.41 81.35 -7.90 -6.07 Offshore 1262.83 1216.23 1220.00 -3.69 -0.31 Andhra Pradesh 68.83 57.25 59.65 -16.82 -4.02 Tripura 134.85 98.39 94.95 -27.04 3.62 Rajasthan 1.50 0.00 0.00 -100.00 -
2025-11,Performance Review,2025-26,ReviewReportNov25.pdf,50,C. DGH (JVC/Private),achievement,2025-11,cumulative,8940.77,,8940.77,April-November 2025 Achievement (Provisional) A. Oil & Natural Gas corporation (ONGC) Gujarat * 545.38 554.24 531.17 1.62 4.34 Assam * 287.68 234.89 231.15 -18.35 1.62 Tamil Nadu * 662.45 616.54 667.68 -6.93 -7.66 Offshore * 9974.97 9652.59 9838.18 -3.23 -1.89 Andhra Pradesh * 529.55 486.41 489.84 -8.15 -0.70 Tripura * 1037.93 807.82 816.63 -22.17 -1.08 Rajasthan * 10.00 0.00 0.00 -100.00 -
2025-11,Performance Review,2025-26,ReviewReportNov25.pdf,43,C. DGH (JVC/Private),target,2025-11,monthly,645.1,,645.10,November 2025 Target A. Oil & Natural Gas corporation (ONGC) Gujarat 406.45 362.48 377.01 -10.82 -3.85 Assam 98.08 86.99 85.58 -11.31 1.65 Tamil Nadu 20.00 14.34 15.21 -28.30 -5.72 Offshore 1076.78 976.08 1006.81 -9.35 -3.05 Andhra Pradesh 21.13 16.71 18.86 -20.92 -11.40 Tripura 0.18 0.22 0.12 22.22 83.33
2025-11,Performance Review,2025-26,ReviewReportNov25.pdf,44,C. DGH (JVC/Private),target,2025-11,cumulative,5262.92,,5262.92,April-November 2025 Target A. Oil & Natural Gas corporation (ONGC) Gujarat * 3212.18 2981.73 3033.88 -7.17 -1.72 Assam * 780.30 697.54 699.21 -10.61 -0.24 Tamil Nadu * 157.00 123.50 136.74 -21.34 -9.68 Offshore * 8807.38 8000.48 8354.72 -9.16 -4.24 Andhra Pradesh * 166.87 147.80 149.35 -11.43 -1.04 Tripura * 1.49 1.11 1.07 -25.50 3.74
2025-11,Performance Review,2025-26,ReviewReportNov25.pdf,49,C. DGH (JVC/Private),target,2025-11,monthly,1054.45,,1054.45,November 2025 Target A. Oil & Natural Gas corporation (ONGC) Gujarat 66.78 66.59 67.40 -0.28 -1.20 Assam 36.55 30.88 27.57 -15.51 12.01 Tamil Nadu 82.96 76.41 81.35 -7.90 -6.07 Offshore 1262.83 1216.23 1220.00 -3.69 -0.31 Andhra Pradesh 68.83 57.25 59.65 -16.82 -4.02 Tripura 134.85 98.39 94.95 -27.04 3.62 Rajasthan 1.50 0.00 0.00 -100.00 -
2025-11,Performance Review,2025-26,ReviewReportNov25.pdf,50,C. DGH (JVC/Private),target,2025-11,cumulative,8668.72,,8668.72,April-November 2025 Target A. Oil & Natural Gas corporation (ONGC) Gujarat * 545.38 554.24 531.17 1.62 4.34 Assam * 287.68 234.89 231.15 -18.35 1.62 Tamil Nadu * 662.45 616.54 667.68 -6.93 -7.66 Offshore * 9974.97 9652.59 9838.18 -3.23 -1.89 Andhra Pradesh * 529.55 486.41 489.84 -8.15 -0.70 Tripura * 1037.93 807.82 816.63 -22.17 -1.08 Rajasthan * 10.00 0.00 0.00 -100.00 -
2025-11,Performance Review,2025-26,ReviewReportNov25.pdf,43,C. DGH (JVC/Private),variation_pct,2025-11,monthly,-16.56,,-16.56,% Variation Over Target November 2025 A. Oil & Natural Gas corporation (ONGC) Gujarat 406.45 362.48 377.01 -10.82 -3.85 Assam 98.08 86.99 85.58 -11.31 1.65 Tamil Nadu 20.00 14.34 15.21 -28.30 -5.72 Offshore 1076.78 976.08 1006.81 -9.35 -3.05 Andhra Pradesh 21.13 16.71 18.86 -20.92 -11.40 Tripura 0.18 0.22 0.12 22.22 83.33
2025-11,Performance Review,2025-26,ReviewReportNov25.pdf,44,C. DGH (JVC/Private),variation_pct,2025-11,cumulative,-11.94,,-11.94,% Variation Over Target April- November 2025 A. Oil & Natural Gas corporation (ONGC) Gujarat * 3212.18 2981.73 3033.88 -7.17 -1.72 Assam * 780.30 697.54 699.21 -10.61 -0.24 Tamil Nadu * 157.00 123.50 136.74 -21.34 -9.68 Offshore * 8807.38 8000.48 8354.72 -9.16 -4.24 Andhra Pradesh * 166.87 147.80 149.35 -11.43 -1.04 Tripura * 1.49 1.11 1.07 -25.50 3.74
2025-11,Performance Review,2025-26,ReviewReportNov25.pdf,49,C. DGH (JVC/Private),variation_pct,2025-11,monthly,2.62,,2.62,% Variation Over November 2025 Target A. Oil & Natural Gas corporation (ONGC) Gujarat 66.78 66.59 67.40 -0.28 -1.20 Assam 36.55 30.88 27.57 -15.51 12.01 Tamil Nadu 82.96 76.41 81.35 -7.90 -6.07 Offshore 1262.83 1216.23 1220.00 -3.69 -0.31 Andhra Pradesh 68.83 57.25 59.65 -16.82 -4.02 Tripura 134.85 98.39 94.95 -27.04 3.62 Rajasthan 1.50 0.00 0.00 -100.00 -
2025-11,Performance Review,2025-26,ReviewReportNov25.pdf,50,C. DGH (JVC/Private),variation_pct,2025-11,cumulative,3.14,,3.14,% Variation Over Target April- November 2025 A. Oil & Natural Gas corporation (ONGC) Gujarat * 545.38 554.24 531.17 1.62 4.34 Assam * 287.68 234.89 231.15 -18.35 1.62 Tamil Nadu * 662.45 616.54 667.68 -6.93 -7.66 Offshore * 9974.97 9652.59 9838.18 -3.23 -1.89 Andhra Pradesh * 529.55 486.41 489.84 -8.15 -0.70 Tripura * 1037.93 807.82 816.63 -22.17 -1.08 Rajasthan * 10.00 0.00 0.00 -100.00 -
2025-11,Performance Review,2025-26,ReviewReportNov25.pdf,39,C. Mini & White,achievement,2025-11,monthly,14.94,,14.94,November 2025 Achievement (Provisional) 0.00 0.00
2025-11,Performance Review,2025-26,ReviewReportNov25.pdf,39,C. Mini & White,achievement,2025-11,cumulative,115.61,,115.61,April-November 2025 Achievement (Provisional) 0.00 0.00
2025-11,Performance Review,2025-26,ReviewReportNov25.pdf,31,CIL - Total,achievement,2025-11,monthly,68.0,,68.000,November 2025 Achievement (Provisional) 4.330 2.950 7.360 11.910 5.100 15.780 20.550 0.020
2025-11,Performance Review,2025-26,ReviewReportNov25.pdf,31,CIL - Total,achievement,2025-11,cumulative,453.51,,453.510,April-November 2025 Achievement (Provisional) 28.270 21.370 42.650 93.250 33.530 100.610 133.690 0.140
2025-11,Performance Review,2025-26,ReviewReportNov25.pdf,34,CIL - Total,achievement,2025-11,monthly,63.45,,63.450,November 2025 Achievement (Provisional) 3.550 2.950 6.640 11.600 5.080 15.730 17.880 0.020
2025-11,Performance Review,2025-26,ReviewReportNov25.pdf,35,CIL - Total,achievement,2025-11,cumulative,479.74,,479.740,April-November 2025 Achievement (Provisional) 29.680 23.000 45.650 91.000 38.190 112.950 139.160 0.110
2025-11,Performance Review,2025-26,ReviewReportNov25.pdf,31,CIL - Total,target,2025-11,monthly,75.72,,75.720,November 2025 Target 5.150 3.850 9.760 12.870 6.050 17.110 20.900 0.030
2025-11,Performance Review,2025-26,ReviewReportNov25.pdf,31,CIL - Total,target,2025-11,cumulative,525.35,,525.350,April-November 2025 Target 33.130 29.130 64.180 92.860 38.180 121.480 146.240 0.170
2025-11,Performance Review,2025-26,ReviewReportNov25.pdf,34,CIL - Total,target,2025-11,monthly,78.3,,78.300,November 2025 Target 5.240 4.050 9.750 11.740 6.000 19.590 21.910 0.020
2025-11,Performance Review,2025-26,ReviewReportNov25.pdf,35,CIL - Total,target,2025-11,cumulative,574.92,,574.920,April-November 2025 Target 38.370 29.580 70.300 92.000 42.940 139.140 162.470 0.120
2025-11,Performance Review,2025-26,ReviewReportNov25.pdf,31,CIL - Total,variation_pct,2025-11,monthly,-10.2,,-10.20,% Variation Over Target November 2025 -15.92 -23.38 -24.59 -7.46 -15.70 -7.77 -1.67 -33.33
2025-11,Performance Review,2025-26,ReviewReportNov25.pdf,31,CIL - Total,variation_pct,2025-11,cumulative,-13.67,,-13.67,% Variation Over Target April- November 2025 -14.67 -26.64 -33.55 0.42 -12.18 -17.18 -8.58 -17.65
2025-11,Performance Review,2025-26,ReviewReportNov25.pdf,34,CIL - Total,variation_pct,2025-11,monthly,-18.97,,-18.97,% Variation Over Target November 2025 -32.25 -27.16 -31.90 -1.19 -15.33 -19.70 -18.39 0.00
2025-11,Performance Review,2025-26,ReviewReportNov25.pdf,35,CIL - Total,variation_pct,2025-11,cumulative,-16.56,,-16.56,% Variation Over Target April- November 2025 -22.65 -22.24 -35.06 -1.09 -11.06 -18.82 -14.35 -8.33
2025-11,Performance Review,2025-26,ReviewReportNov25.pdf,21,Cement Production (MT),achievement,2025-11,cumulative,38.768,MT,38.768,Annexure - A Infrastructure Sector Performance during November 2025 and April-November FY 25-26 & FY 24-25 During November Production N o v ember FY 25-26
2025-11,Performance Review,2025-26,ReviewReportNov25.pdf,21,Cement Production (MT),achievement,2025-11,cumulative,305.237,MT,305.237,Annexure - A Infrastructure Sector Performance during November 2025 and April-November FY 25-26 & FY 24-25 During April 2025-March 2026 (Cumulative) Production upto November FY 25-26
2025-11,Performance Review,2025-26,ReviewReportNov25.pdf,21,Cement Production (MT),growth_pct,2025-11,cumulative,14.59,MT,14.59,Annexure - A Infrastructure Sector Performance during November 2025 and April-November FY 25-26 & FY 24-25 During November Growth % Y-o-Y (FY 25-26 w.r.t FY 24-25)
2025-11,Performance Review,2025-26,ReviewReportNov25.pdf,21,Cement Production (MT),growth_pct,2025-11,cumulative,7.93,MT,7.93,Annexure - A Infrastructure Sector Performance during November 2025 and April-November FY 25-26 & FY 24-25 During April 2025-March 2026 (Cumulative) Cumulative Growth % (FY 25-26 w.r.t FY 24-25)
2025-11,Performance Review,2025-26,ReviewReportNov25.pdf,21,Coal India Ltd.,achievement,2025-11,cumulative,68.0,,68.000,Annexure - A Infrastructure Sector Performance during November 2025 and April-November FY 25-26 & FY 24-25 During November Production N o v ember FY 25-26
2025-11,Performance Review,2025-26,ReviewReportNov25.pdf,21,Coal India Ltd.,achievement,2025-11,cumulative,453.51,,453.510,Annexure - A Infrastructure Sector Performance during November 2025 and April-November FY 25-26 & FY 24-25 During April 2025-March 2026 (Cumulative) Production upto November FY 25-26
2025-11,Performance Review,2025-26,ReviewReportNov25.pdf,21,Coal India Ltd.,achievement_pct,2025-11,cumulative,89.8,,89.80,Annexure - A Infrastructure Sector Performance during November 2025 and April-November FY 25-26 & FY 24-25 During November Achievement ( % of Target )
2025-11,Performance Review,2025-26,ReviewReportNov25.pdf,21,Coal India Ltd.,achievement_pct,2025-11,cumulative,86.33,,86.33,Annexure - A Infrastructure Sector Performance during November 2025 and April-November FY 25-26 & FY 24-25 During April 2025-March 2026 (Cumulative) Achievem ent ( % of Target )
2025-11,Performance Review,2025-26,ReviewReportNov25.pdf,21,Coal India Ltd.,growth_pct,2025-11,cumulative,1.22,,1.22,Annexure - A Infrastructure Sector Performance during November 2025 and April-November FY 25-26 & FY 24-25 During November Growth % Y-o-Y (FY 25-26 w.r.t FY 24-25)
2025-11,Performance Review,2025-26,ReviewReportNov25.pdf,21,Coal India Ltd.,growth_pct,2025-11,cumulative,-3.71,,-3.71,Annexure - A Infrastructure Sector Performance during November 2025 and April-November FY 25-26 & FY 24-25 During April 2025-March 2026 (Cumulative) Cumulative Growth % (FY 25-26 w.r.t FY 24-25)
2025-11,Performance Review,2025-26,ReviewReportNov25.pdf,21,Coal India Ltd.,target,2025-11,cumulative,75.72,,75.720,Annexure - A Infrastructure Sector Performance during November 2025 and April-November FY 25-26 & FY 24-25 During November Target November FY 25-26
2025-11,Performance Review,2025-26,ReviewReportNov25.pdf,21,Coal India Ltd.,target,2025-11,cumulative,525.35,,525.350,Annexure - A Infrastructure Sector Performance during November 2025 and April-November FY 25-26 & FY 24-25 During April 2025-March 2026 (Cumulative) Target upto November FY 25-26
2025-11,Performance Review,2025-26,ReviewReportNov25.pdf,51,Construction of Bridges (Nos.),achievement,2025-11,monthly,0.0,Nos,0,November 2025 Achievement (Provisional)
2025-11,Performance Review,2025-26,ReviewReportNov25.pdf,51,Construction of Bridges (Nos.),achievement,2025-11,cumulative,0.0,Nos,0,April-November 2025 Achievement (Provisional)
2025-11,Performance Review,2025-26,ReviewReportNov25.pdf,51,Construction of Bridges (Nos.),target,2025-11,monthly,0.0,Nos,0,November 2025 Target
2025-11,Performance Review,2025-26,ReviewReportNov25.pdf,51,Construction of Bridges (Nos.),target,2025-11,cumulative,0.0,Nos,0,April-November 2025 Target
2025-11,Performance Review,2025-26,ReviewReportNov25.pdf,52,Construction of Missing Links (Kms.),achievement,2025-11,monthly,0.0,Kms,0.00,November 2025 Achievement (Provisional)
2025-11,Performance Review,2025-26,ReviewReportNov25.pdf,52,Construction of Missing Links (Kms.),achievement,2025-11,cumulative,0.0,Kms,0.00,April-November 2025 Achievement (Provisional)
2025-11,Performance Review,2025-26,ReviewReportNov25.pdf,51,Construction of bypass (Nos.),achievement,2025-11,monthly,0.0,Nos,0,November 2025 Achievement (Provisional)
2025-11,Performance Review,2025-26,ReviewReportNov25.pdf,51,Construction of bypass (Nos.),achievement,2025-11,cumulative,0.0,Nos,0,April-November 2025 Achievement (Provisional)
2025-11,Performance Review,2025-26,ReviewReportNov25.pdf,51,Construction of bypass (Nos.),target,2025-11,monthly,0.0,Nos,0,November 2025 Target
2025-11,Performance Review,2025-26,ReviewReportNov25.pdf,51,Construction of bypass (Nos.),target,2025-11,cumulative,0.0,Nos,0,April-November 2025 Target
2025-11,Performance Review,2025-26,ReviewReportNov25.pdf,52,Construction of bypasses (Nos.),achievement,2025-11,monthly,0.0,Nos,0,November 2025 Achievement (Provisional)
2025-11,Performance Review,2025-26,ReviewReportNov25.pdf,52,Construction of bypasses (Nos.),achievement,2025-11,cumulative,0.0,Nos,0,April-November 2025 Achievement (Provisional)
2025-11,Performance Review,2025-26,ReviewReportNov25.pdf,21,Fertilisers Production ('Th Tonnes),achievement,2025-11,cumulative,4592.1,,4592.100,Annexure - A Infrastructure Sector Performance during November 2025 and April-November FY 25-26 & FY 24-25 During November Production N o v ember FY 25-26
2025-11,Performance Review,2025-26,ReviewReportNov25.pdf,21,Fertilisers Production ('Th Tonnes),achievement,2025-11,cumulative,34559.8,,34559.800,Annexure - A Infrastructure Sector Performance during November 2025 and April-November FY 25-26 & FY 24-25 During April 2025-March 2026 (Cumulative) Production upto November FY 25-26
2025-11,Performance Review,2025-26,ReviewReportNov25.pdf,21,Fertilisers Production ('Th Tonnes),achievement_pct,2025-11,cumulative,98.5,,98.50,Annexure - A Infrastructure Sector Performance during November 2025 and April-November FY 25-26 & FY 24-25 During November Achievement ( % of Target )
2025-11,Performance Review,2025-26,ReviewReportNov25.pdf,21,Fertilisers Production ('Th Tonnes),achievement_pct,2025-11,cumulative,97.36,,97.36,Annexure - A Infrastructure Sector Performance during November 2025 and April-November FY 25-26 & FY 24-25 During April 2025-March 2026 (Cumulative) Achievem ent ( % of Target )
2025-11,Performance Review,2025-26,ReviewReportNov25.pdf,21,Fertilisers Production ('Th Tonnes),growth_pct,2025-11,cumulative,2.35,,2.35,Annexure - A Infrastructure Sector Performance during November 2025 and April-November FY 25-26 & FY 24-25 During November Growth % Y-o-Y (FY 25-26 w.r.t FY 24-25)
2025-11,Performance Review,2025-26,ReviewReportNov25.pdf,21,Fertilisers Production ('Th Tonnes),growth_pct,2025-11,cumulative,-2.21,,-2.21,Annexure - A Infrastructure Sector Performance during November 2025 and April-November FY 25-26 & FY 24-25 During April 2025-March 2026 (Cumulative) Cumulative Growth % (FY 25-26 w.r.t FY 24-25)
2025-11,Performance Review,2025-26,ReviewReportNov25.pdf,21,Fertilisers Production ('Th Tonnes),target,2025-11,cumulative,4662.16,,4662.160,Annexure - A Infrastructure Sector Performance during November 2025 and April-November FY 25-26 & FY 24-25 During November Target November FY 25-26
2025-11,Performance Review,2025-26,ReviewReportNov25.pdf,21,Fertilisers Production ('Th Tonnes),target,2025-11,cumulative,35495.27,,35495.270,Annexure - A Infrastructure Sector Performance during November 2025 and April-November FY 25-26 & FY 24-25 During April 2025-March 2026 (Cumulative) Target upto November FY 25-26
2025-11,Performance Review,2025-26,ReviewReportNov25.pdf,21,"Gauge, Doubling & New line (in Kms)",achievement,2025-11,cumulative,83.0,,83.000,Annexure - A Infrastructure Sector Performance during November 2025 and April-November FY 25-26 & FY 24-25 During November Production N o v ember FY 25-26
2025-11,Performance Review,2025-26,ReviewReportNov25.pdf,21,"Gauge, Doubling & New line (in Kms)",achievement,2025-11,cumulative,978.0,,978.000,Annexure - A Infrastructure Sector Performance during November 2025 and April-November FY 25-26 & FY 24-25 During April 2025-March 2026 (Cumulative) Production upto November FY 25-26
2025-11,Performance Review,2025-26,ReviewReportNov25.pdf,21,"Gauge, Doubling & New line (in Kms)",growth_pct,2025-11,cumulative,219.23,,219.23,Annexure - A Infrastructure Sector Performance during November 2025 and April-November FY 25-26 & FY 24-25 During November Growth % Y-o-Y (FY 25-26 w.r.t FY 24-25)
2025-11,Performance Review,2025-26,ReviewReportNov25.pdf,21,"Gauge, Doubling & New line (in Kms)",growth_pct,2025-11,cumulative,-51.58,,-51.58,Annexure - A Infrastructure Sector Performance during November 2025 and April-November FY 25-26 & FY 24-25 During April 2025-March 2026 (Cumulative) Cumulative Growth % (FY 25-26 w.r.t FY 24-25)
2025-11,Performance Review,2025-26,ReviewReportNov25.pdf,21,I. Coal Production (MT),achievement,2025-11,cumulative,92.686,MT,92.686,Annexure - A Infrastructure Sector Performance during November 2025 and April-November FY 25-26 & FY 24-25 During November Production N o v ember FY 25-26
2025-11,Performance Review,2025-26,ReviewReportNov25.pdf,21,I. Coal Production (MT),achievement,2025-11,cumulative,619.399,MT,619.399,Annexure - A Infrastructure Sector Performance during November 2025 and April-November FY 25-26 & FY 24-25 During April 2025-March 2026 (Cumulative) Production upto November FY 25-26
2025-11,Performance Review,2025-26,ReviewReportNov25.pdf,21,I. Coal Production (MT),achievement_pct,2025-11,cumulative,112.27,MT,112.27,Annexure - A Infrastructure Sector Performance during November 2025 and April-November FY 25-26 & FY 24-25 During November Achievement ( % of Target )
2025-11,Performance Review,2025-26,ReviewReportNov25.pdf,21,I. Coal Production (MT),achievement_pct,2025-11,cumulative,108.71,MT,108.71,Annexure - A Infrastructure Sector Performance during November 2025 and April-November FY 25-26 & FY 24-25 During April 2025-March 2026 (Cumulative) Achievem ent ( % of Target )
2025-11,Performance Review,2025-26,ReviewReportNov25.pdf,21,I. Coal Production (MT),growth_pct,2025-11,cumulative,2.07,MT,2.07,Annexure - A Infrastructure Sector Performance during November 2025 and April-November FY 25-26 & FY 24-25 During November Growth % Y-o-Y (FY 25-26 w.r.t FY 24-25)
2025-11,Performance Review,2025-26,ReviewReportNov25.pdf,21,I. Coal Production (MT),growth_pct,2025-11,cumulative,-1.43,MT,-1.43,Annexure - A Infrastructure Sector Performance during November 2025 and April-November FY 25-26 & FY 24-25 During April 2025-March 2026 (Cumulative) Cumulative Growth % (FY 25-26 w.r.t FY 24-25)
2025-11,Performance Review,2025-26,ReviewReportNov25.pdf,21,I. Coal Production (MT),target,2025-11,cumulative,82.56,MT,82.560,Annexure - A Infrastructure Sector Performance during November 2025 and April-November FY 25-26 & FY 24-25 During November Target November FY 25-26
2025-11,Performance Review,2025-26,ReviewReportNov25.pdf,21,I. Coal Production (MT),target,2025-11,cumulative,569.79,MT,569.790,Annexure - A Infrastructure Sector Performance during November 2025 and April-November FY 25-26 & FY 24-25 During April 2025-March 2026 (Cumulative) Target upto November FY 25-26
2025-11,Performance Review,2025-26,ReviewReportNov25.pdf,21,I. Power Generation: Non-Renewable Energy (B,achievement,2025-11,cumulative,102.057,,102.057,Annexure - A Infrastructure Sector Performance during November 2025 and April-November FY 25-26 & FY 24-25 During November Production N o v ember FY 25-26
2025-11,Performance Review,2025-26,ReviewReportNov25.pdf,21,I. Power Generation: Non-Renewable Energy (B,achievement,2025-11,cumulative,894.092,,894.092,Annexure - A Infrastructure Sector Performance during November 2025 and April-November FY 25-26 & FY 24-25 During April 2025-March 2026 (Cumulative) Production upto November FY 25-26
2025-11,Performance Review,2025-26,ReviewReportNov25.pdf,21,I. Power Generation: Non-Renewable Energy (B,achievement_pct,2025-11,cumulative,85.49,,85.49,Annexure - A Infrastructure Sector Performance during November 2025 and April-November FY 25-26 & FY 24-25 During November Achievement ( % of Target )
2025-11,Performance Review,2025-26,ReviewReportNov25.pdf,21,I. Power Generation: Non-Renewable Energy (B,achievement_pct,2025-11,cumulative,85.64,,85.64,Annexure - A Infrastructure Sector Performance during November 2025 and April-November FY 25-26 & FY 24-25 During April 2025-March 2026 (Cumulative) Achievem ent ( % of Target )
2025-11,Performance Review,2025-26,ReviewReportNov25.pdf,21,I. Power Generation: Non-Renewable Energy (B,growth_pct,2025-11,cumulative,-6.48,,-6.48,Annexure - A Infrastructure Sector Performance during November 2025 and April-November FY 25-26 & FY 24-25 During November Growth % Y-o-Y (FY 25-26 w.r.t FY 24-25)
2025-11,Performance Review,2025-26,ReviewReportNov25.pdf,21,I. Power Generation: Non-Renewable Energy (B,growth_pct,2025-11,cumulative,-6.0,,-6.00,Annexure - A Infrastructure Sector Performance during November 2025 and April-November FY 25-26 & FY 24-25 During April 2025-March 2026 (Cumulative) Cumulative Growth % (FY 25-26 w.r.t FY 24-25)
2025-11,Performance Review,2025-26,ReviewReportNov25.pdf,21,I. Power Generation: Non-Renewable Energy (B,target,2025-11,cumulative,1043.991,,1043.991,Annexure - A Infrastructure Sector Performance during November 2025 and April-November FY 25-26 & FY 24-25 During April 2025-March 2026 (Cumulative) Target upto November FY 25-26
2025-11,Performance Review,2025-26,ReviewReportNov25.pdf,21,I. Production of Finished Steel ('Th Tonnes): Main Producers,achievement,2025-11,cumulative,7189.0,,7189.000,Annexure - A Infrastructure Sector Performance during November 2025 and April-November FY 25-26 & FY 24-25 During November Production N o v ember FY 25-26
2025-11,Performance Review,2025-26,ReviewReportNov25.pdf,21,I. Production of Finished Steel ('Th Tonnes): Main Producers,achievement,2025-11,cumulative,57451.0,,57451.000,Annexure - A Infrastructure Sector Performance during November 2025 and April-November FY 25-26 & FY 24-25 During April 2025-March 2026 (Cumulative) Production upto November FY 25-26
2025-11,Performance Review,2025-26,ReviewReportNov25.pdf,21,I. Production of Finished Steel ('Th Tonnes): Main Producers,growth_pct,2025-11,cumulative,12.36,,12.36,Annexure - A Infrastructure Sector Performance during November 2025 and April-November FY 25-26 & FY 24-25 During November Growth % Y-o-Y (FY 25-26 w.r.t FY 24-25)
2025-11,Performance Review,2025-26,ReviewReportNov25.pdf,21,I. Production of Finished Steel ('Th Tonnes): Main Producers,growth_pct,2025-11,cumulative,11.38,,11.38,Annexure - A Infrastructure Sector Performance during November 2025 and April-November FY 25-26 & FY 24-25 During April 2025-March 2026 (Cumulative) Cumulative Growth % (FY 25-26 w.r.t FY 24-25)
2025-11,Performance Review,2025-26,ReviewReportNov25.pdf,21,I. Total Telephone Subscribers(in million),achievement,2025-11,cumulative,1003.7,,1003.7,Annexure - A Infrastructure Sector Performance during November 2025 and April-November FY 25-26 & FY 24-25 During November Production N o v ember FY 25-26
2025-11,Performance Review,2025-26,ReviewReportNov25.pdf,21,I. Total Telephone Subscribers(in million),growth_pct,2025-11,cumulative,6.23,,6.23,Annexure - A Infrastructure Sector Performance during November 2025 and April-November FY 25-26 & FY 24-25 During November Growth % Y-o-Y (FY 25-26 w.r.t FY 24-25)
2025-11,Performance Review,2025-26,ReviewReportNov25.pdf,21,II. Lignite Production (MT),achievement,2025-11,cumulative,3.05,MT,3.050,Annexure - A Infrastructure Sector Performance during November 2025 and April-November FY 25-26 & FY 24-25 During November Production N o v ember FY 25-26
2025-11,Performance Review,2025-26,ReviewReportNov25.pdf,21,II. Lignite Production (MT),achievement,2025-11,cumulative,24.63,MT,24.630,Annexure - A Infrastructure Sector Performance during November 2025 and April-November FY 25-26 & FY 24-25 During April 2025-March 2026 (Cumulative) Production upto November FY 25-26
2025-11,Performance Review,2025-26,ReviewReportNov25.pdf,21,II. Lignite Production (MT),growth_pct,2025-11,cumulative,-5.28,MT,-5.28,Annexure - A Infrastructure Sector Performance during November 2025 and April-November FY 25-26 & FY 24-25 During November Growth % Y-o-Y (FY 25-26 w.r.t FY 24-25)
2025-11,Performance Review,2025-26,ReviewReportNov25.pdf,21,II. Lignite Production (MT),growth_pct,2025-11,cumulative,-14.18,MT,-14.18,Annexure - A Infrastructure Sector Performance during November 2025 and April-November FY 25-26 & FY 24-25 During April 2025-March 2026 (Cumulative) Cumulative Growth % (FY 25-26 w.r.t FY 24-25)
2025-11,Performance Review,2025-26,ReviewReportNov25.pdf,21,II. Power Generation: Renewable Energy (BU),achievement,2025-11,cumulative,30.417,BU,30.417,Annexure - A Infrastructure Sector Performance during November 2025 and April-November FY 25-26 & FY 24-25 During November Production N o v ember FY 25-26
2025-11,Performance Review,2025-26,ReviewReportNov25.pdf,21,II. Power Generation: Renewable Energy (BU),achievement,2025-11,cumulative,342.372,BU,342.372,Annexure - A Infrastructure Sector Performance during November 2025 and April-November FY 25-26 & FY 24-25 During April 2025-March 2026 (Cumulative) Production upto November FY 25-26
2025-11,Performance Review,2025-26,ReviewReportNov25.pdf,21,II. Power Generation: Renewable Energy (BU),growth_pct,2025-11,cumulative,19.82,BU,19.82,Annexure - A Infrastructure Sector Performance during November 2025 and April-November FY 25-26 & FY 24-25 During November Growth % Y-o-Y (FY 25-26 w.r.t FY 24-25)
2025-11,Performance Review,2025-26,ReviewReportNov25.pdf,21,II. Power Generation: Renewable Energy (BU),growth_pct,2025-11,cumulative,19.1,BU,19.10,Annexure - A Infrastructure Sector Performance during November 2025 and April-November FY 25-26 & FY 24-25 During April 2025-March 2026 (Cumulative) Cumulative Growth % (FY 25-26 w.r.t FY 24-25)
2025-11,Performance Review,2025-26,ReviewReportNov25.pdf,21,II. Production of Finished Steel ('Th Tonnes): Major (Secondary) Producer,achievement,2025-11,cumulative,5865.0,,5865.000,Annexure - A Infrastructure Sector Performance during November 2025 and April-November FY 25-26 & FY 24-25 During November Production N o v ember FY 25-26
2025-11,Performance Review,2025-26,ReviewReportNov25.pdf,21,II. Production of Finished Steel ('Th Tonnes): Major (Secondary) Producer,achievement,2025-11,cumulative,47123.0,,47123.000,Annexure - A Infrastructure Sector Performance during November 2025 and April-November FY 25-26 & FY 24-25 During April 2025-March 2026 (Cumulative) Production upto November FY 25-26
2025-11,Performance Review,2025-26,ReviewReportNov25.pdf,21,II. Production of Finished Steel ('Th Tonnes): Major (Secondary) Producer,growth_pct,2025-11,cumulative,11.18,,11.18,Annexure - A Infrastructure Sector Performance during November 2025 and April-November FY 25-26 & FY 24-25 During November Growth % Y-o-Y (FY 25-26 w.r.t FY 24-25)
2025-11,Performance Review,2025-26,ReviewReportNov25.pdf,21,II. Production of Finished Steel ('Th Tonnes): Major (Secondary) Producer,growth_pct,2025-11,cumulative,9.52,,9.52,Annexure - A Infrastructure Sector Performance during November 2025 and April-November FY 25-26 & FY 24-25 During April 2025-March 2026 (Cumulative) Cumulative Growth % (FY 25-26 w.r.t FY 24-25)
2025-11,Performance Review,2025-26,ReviewReportNov25.pdf,21,III. Aircraft Movements (In 'Th) -includes General Aviation,achievement,2025-11,cumulative,289.465,,289.465,Annexure - A Infrastructure Sector Performance during November 2025 and April-November FY 25-26 & FY 24-25 During November Production N o v ember FY 25-26
2025-11,Performance Review,2025-26,ReviewReportNov25.pdf,21,III. Aircraft Movements (In 'Th) -includes General Aviation,achievement,2025-11,cumulative,2148.906,,2148.906,Annexure - A Infrastructure Sector Performance during November 2025 and April-November FY 25-26 & FY 24-25 During April 2025-March 2026 (Cumulative) Production upto November FY 25-26
2025-11,Performance Review,2025-26,ReviewReportNov25.pdf,21,III. Aircraft Movements (In 'Th) -includes General Aviation,growth_pct,2025-11,cumulative,8.99,,8.99,Annexure - A Infrastructure Sector Performance during November 2025 and April-November FY 25-26 & FY 24-25 During November Growth % Y-o-Y (FY 25-26 w.r.t FY 24-25)
2025-11,Performance Review,2025-26,ReviewReportNov25.pdf,21,III. Aircraft Movements (In 'Th) -includes General Aviation,growth_pct,2025-11,cumulative,3.8,,3.80,Annexure - A Infrastructure Sector Performance during November 2025 and April-November FY 25-26 & FY 24-25 During April 2025-March 2026 (Cumulative) Cumulative Growth % (FY 25-26 w.r.t FY 24-25)
2025-11,Performance Review,2025-26,ReviewReportNov25.pdf,21,Import from Bhutan,achievement,2025-11,cumulative,0.342,,0.342,Annexure - A Infrastructure Sector Performance during November 2025 and April-November FY 25-26 & FY 24-25 During November Production N o v ember FY 25-26
2025-11,Performance Review,2025-26,ReviewReportNov25.pdf,21,Import from Bhutan,achievement,2025-11,cumulative,7.71,,7.710,Annexure - A Infrastructure Sector Performance during November 2025 and April-November FY 25-26 & FY 24-25 During April 2025-March 2026 (Cumulative) Production upto November FY 25-26
2025-11,Performance Review,2025-26,ReviewReportNov25.pdf,21,Import from Bhutan,achievement_pct,2025-11,cumulative,44.88,,44.88,Annexure - A Infrastructure Sector Performance during November 2025 and April-November FY 25-26 & FY 24-25 During November Achievement ( % of Target )
2025-11,Performance Review,2025-26,ReviewReportNov25.pdf,21,Import from Bhutan,achievement_pct,2025-11,cumulative,107.86,,107.86,Annexure - A Infrastructure Sector Performance during November 2025 and April-November FY 25-26 & FY 24-25 During April 2025-March 2026 (Cumulative) Achievem ent ( % of Target )
2025-11,Performance Review,2025-26,ReviewReportNov25.pdf,21,Import from Bhutan,growth_pct,2025-11,cumulative,167.19,,167.19,Annexure - A Infrastructure Sector Performance during November 2025 and April-November FY 25-26 & FY 24-25 During November Growth % Y-o-Y (FY 25-26 w.r.t FY 24-25)
2025-11,Performance Review,2025-26,ReviewReportNov25.pdf,21,Import from Bhutan,growth_pct,2025-11,cumulative,47.81,,47.81,Annexure - A Infrastructure Sector Performance during November 2025 and April-November FY 25-26 & FY 24-25 During April 2025-March 2026 (Cumulative) Cumulative Growth % (FY 25-26 w.r.t FY 24-25)
2025-11,Performance Review,2025-26,ReviewReportNov25.pdf,21,Import from Bhutan,target,2025-11,cumulative,0.762,,0.762,Annexure - A Infrastructure Sector Performance during November 2025 and April-November FY 25-26 & FY 24-25 During November Target November FY 25-26
2025-11,Performance Review,2025-26,ReviewReportNov25.pdf,21,Import from Bhutan,target,2025-11,cumulative,7.148,,7.148,Annexure - A Infrastructure Sector Performance during November 2025 and April-November FY 25-26 & FY 24-25 During April 2025-March 2026 (Cumulative) Target upto November FY 25-26
2025-11,Performance Review,2025-26,ReviewReportNov25.pdf,52,Improvement of low grade section (Kms.),achievement,2025-11,monthly,0.0,Kms,0.00,November 2025 Achievement (Provisional)
2025-11,Performance Review,2025-26,ReviewReportNov25.pdf,52,Improvement of low grade section (Kms.),achievement,2025-11,cumulative,0.0,Kms,0.00,April-November 2025 Achievement (Provisional)
2025-11,Performance Review,2025-26,ReviewReportNov25.pdf,52,Improvement of low grade section (Kms.),target,2025-11,monthly,0.0,Kms,0.00,November 2025 Target
2025-11,Performance Review,2025-26,ReviewReportNov25.pdf,52,Improvement of low grade section (Kms.),target,2025-11,cumulative,0.0,Kms,0.00,April-November 2025 Target
2025-11,Performance Review,2025-26,ReviewReportNov25.pdf,52,Improvement of riding quality prog.(IRQP) (Kms.),achievement,2025-11,monthly,0.0,Kms,0.00,November 2025 Achievement (Provisional)
2025-11,Performance Review,2025-26,ReviewReportNov25.pdf,52,Improvement of riding quality prog.(IRQP) (Kms.),achievement,2025-11,cumulative,122.15,Kms,122.15,April-November 2025 Achievement (Provisional)
2025-11,Performance Review,2025-26,ReviewReportNov25.pdf,52,Improvement of riding quality prog.(IRQP) (Kms.),target,2025-11,monthly,0.0,Kms,0.00,November 2025 Target
2025-11,Performance Review,2025-26,ReviewReportNov25.pdf,52,Improvement of riding quality prog.(IRQP) (Kms.),target,2025-11,cumulative,0.0,Kms,0.00,April-November 2025 Target
2025-11,Performance Review,2025-26,ReviewReportNov25.pdf,21,Nuclear Generation,achievement,2025-11,cumulative,3.86,,3.860,Annexure - A Infrastructure Sector Performance during November 2025 and April-November FY 25-26 & FY 24-25 During November Production N o v ember FY 25-26
2025-11,Performance Review,2025-26,ReviewReportNov25.pdf,21,Nuclear Generation,achievement,2025-11,cumulative,35.943,,35.943,Annexure - A Infrastructure Sector Performance during November 2025 and April-November FY 25-26 & FY 24-25 During April 2025-March 2026 (Cumulative) Production upto November FY 25-26
2025-11,Performance Review,2025-26,ReviewReportNov25.pdf,21,Nuclear Generation,achievement_pct,2025-11,cumulative,93.01,,93.01,Annexure - A Infrastructure Sector Performance during November 2025 and April-November FY 25-26 & FY 24-25 During November Achievement ( % of Target )
2025-11,Performance Review,2025-26,ReviewReportNov25.pdf,21,Nuclear Generation,achievement_pct,2025-11,cumulative,99.11,,99.11,Annexure - A Infrastructure Sector Performance during November 2025 and April-November FY 25-26 & FY 24-25 During April 2025-March 2026 (Cumulative) Achievem ent ( % of Target )
2025-11,Performance Review,2025-26,ReviewReportNov25.pdf,21,Nuclear Generation,growth_pct,2025-11,cumulative,-19.75,,-19.75,Annexure - A Infrastructure Sector Performance during November 2025 and April-November FY 25-26 & FY 24-25 During November Growth % Y-o-Y (FY 25-26 w.r.t FY 24-25)
2025-11,Performance Review,2025-26,ReviewReportNov25.pdf,21,Nuclear Generation,growth_pct,2025-11,cumulative,-5.18,,-5.18,Annexure - A Infrastructure Sector Performance during November 2025 and April-November FY 25-26 & FY 24-25 During April 2025-March 2026 (Cumulative) Cumulative Growth % (FY 25-26 w.r.t FY 24-25)
2025-11,Performance Review,2025-26,ReviewReportNov25.pdf,21,Nuclear Generation,target,2025-11,cumulative,4.15,,4.150,Annexure - A Infrastructure Sector Performance during November 2025 and April-November FY 25-26 & FY 24-25 During November Target November FY 25-26
2025-11,Performance Review,2025-26,ReviewReportNov25.pdf,21,Nuclear Generation,target,2025-11,cumulative,36.265,,36.265,Annexure - A Infrastructure Sector Performance during November 2025 and April-November FY 25-26 & FY 24-25 During April 2025-March 2026 (Cumulative) Target upto November FY 25-26
2025-11,Performance Review,2025-26,ReviewReportNov25.pdf,31,"Others (TISCO,IISCO,DVC)",achievement,2025-11,monthly,19.346,,19.346,November 2025 Achievement (Provisional) 4.330 2.950 7.360 11.910 5.100 15.780 20.550 0.020
2025-11,Performance Review,2025-26,ReviewReportNov25.pdf,31,"Others (TISCO,IISCO,DVC)",achievement,2025-11,cumulative,127.909,,127.909,April-November 2025 Achievement (Provisional) 28.270 21.370 42.650 93.250 33.530 100.610 133.690 0.140
2025-11,Performance Review,2025-26,ReviewReportNov25.pdf,34,"Others (TISCO,IISCO,DVC)",achievement,2025-11,monthly,17.04,,17.040,November 2025 Achievement (Provisional) 3.550 2.950 6.640 11.600 5.080 15.730 17.880 0.020
2025-11,Performance Review,2025-26,ReviewReportNov25.pdf,35,"Others (TISCO,IISCO,DVC)",achievement,2025-11,cumulative,133.54,,133.540,April-November 2025 Achievement (Provisional) 29.680 23.000 45.650 91.000 38.190 112.950 139.160 0.110
2025-11,Performance Review,2025-26,ReviewReportNov25.pdf,31,"Others (TISCO,IISCO,DVC)",target,2025-11,monthly,0.0,,0.000,November 2025 Target 5.150 3.850 9.760 12.870 6.050 17.110 20.900 0.030
2025-11,Performance Review,2025-26,ReviewReportNov25.pdf,34,"Others (TISCO,IISCO,DVC)",target,2025-11,monthly,0.0,,0.000,November 2025 Target 5.240 4.050 9.750 11.740 6.000 19.590 21.910 0.020
2025-11,Performance Review,2025-26,ReviewReportNov25.pdf,21,Others/Captive,achievement,2025-11,cumulative,19.346,,19.346,Annexure - A Infrastructure Sector Performance during November 2025 and April-November FY 25-26 & FY 24-25 During November Production N o v ember FY 25-26
2025-11,Performance Review,2025-26,ReviewReportNov25.pdf,21,Others/Captive,achievement,2025-11,cumulative,127.909,,127.909,Annexure - A Infrastructure Sector Performance during November 2025 and April-November FY 25-26 & FY 24-25 During April 2025-March 2026 (Cumulative) Production upto November FY 25-26
2025-11,Performance Review,2025-26,ReviewReportNov25.pdf,21,Others/Captive,growth_pct,2025-11,cumulative,11.71,,11.71,Annexure - A Infrastructure Sector Performance during November 2025 and April-November FY 25-26 & FY 24-25 During November Growth % Y-o-Y (FY 25-26 w.r.t FY 24-25)
2025-11,Performance Review,2025-26,ReviewReportNov25.pdf,21,Others/Captive,growth_pct,2025-11,cumulative,9.11,,9.11,Annexure - A Infrastructure Sector Performance during November 2025 and April-November FY 25-26 & FY 24-25 During April 2025-March 2026 (Cumulative) Cumulative Growth % (FY 25-26 w.r.t FY 24-25)
2025-11,Performance Review,2025-26,ReviewReportNov25.pdf,21,Passenger Traffic (in Million),achievement,2025-11,cumulative,642.0,,642.000,Annexure - A Infrastructure Sector Performance during November 2025 and April-November FY 25-26 & FY 24-25 During November Production N o v ember FY 25-26
2025-11,Performance Review,2025-26,ReviewReportNov25.pdf,21,Passenger Traffic (in Million),achievement,2025-11,cumulative,5074.89,,5074.890,Annexure - A Infrastructure Sector Performance during November 2025 and April-November FY 25-26 & FY 24-25 During April 2025-March 2026 (Cumulative) Production upto November FY 25-26
2025-11,Performance Review,2025-26,ReviewReportNov25.pdf,21,Passenger Traffic (in Million),growth_pct,2025-11,cumulative,2.63,,2.63,Annexure - A Infrastructure Sector Performance during November 2025 and April-November FY 25-26 & FY 24-25 During November Growth % Y-o-Y (FY 25-26 w.r.t FY 24-25)
2025-11,Performance Review,2025-26,ReviewReportNov25.pdf,21,Passenger Traffic (in Million),growth_pct,2025-11,cumulative,4.0,,4.00,Annexure - A Infrastructure Sector Performance during November 2025 and April-November FY 25-26 & FY 24-25 During April 2025-March 2026 (Cumulative) Cumulative Growth % (FY 25-26 w.r.t FY 24-25)
2025-11,Performance Review,2025-26,ReviewReportNov25.pdf,52,Rehabilitation/ Construction of Bridges (Nos.),achievement,2025-11,monthly,0.0,Nos,0,November 2025 Achievement (Provisional)
2025-11,Performance Review,2025-26,ReviewReportNov25.pdf,52,Rehabilitation/ Construction of Bridges (Nos.),achievement,2025-11,cumulative,0.0,Nos,0,April-November 2025 Achievement (Provisional)
2025-11,Performance Review,2025-26,ReviewReportNov25.pdf,21,Revenue earning Freight Traffic (MT),achievement,2025-11,cumulative,135.71,MT,135.710,Annexure - A Infrastructure Sector Performance during November 2025 and April-November FY 25-26 & FY 24-25 During November Production N o v ember FY 25-26
2025-11,Performance Review,2025-26,ReviewReportNov25.pdf,21,Revenue earning Freight Traffic (MT),achievement,2025-11,cumulative,1070.79,MT,1070.790,Annexure - A Infrastructure Sector Performance during November 2025 and April-November FY 25-26 & FY 24-25 During April 2025-March 2026 (Cumulative) Production upto November FY 25-26
2025-11,Performance Review,2025-26,ReviewReportNov25.pdf,21,Revenue earning Freight Traffic (MT),achievement_pct,2025-11,cumulative,97.21,MT,97.21,Annexure - A Infrastructure Sector Performance during November 2025 and April-November FY 25-26 & FY 24-25 During November Achievement ( % of Target )
2025-11,Performance Review,2025-26,ReviewReportNov25.pdf,21,Revenue earning Freight Traffic (MT),achievement_pct,2025-11,cumulative,97.47,MT,97.47,Annexure - A Infrastructure Sector Performance during November 2025 and April-November FY 25-26 & FY 24-25 During April 2025-March 2026 (Cumulative) Achievem ent ( % of Target )
2025-11,Performance Review,2025-26,ReviewReportNov25.pdf,21,Revenue earning Freight Traffic (MT),growth_pct,2025-11,cumulative,4.24,MT,4.24,Annexure - A Infrastructure Sector Performance during November 2025 and April-November FY 25-26 & FY 24-25 During November Growth % Y-o-Y (FY 25-26 w.r.t FY 24-25)
2025-11,Performance Review,2025-26,ReviewReportNov25.pdf,21,Revenue earning Freight Traffic (MT),growth_pct,2025-11,cumulative,3.25,MT,3.25,Annexure - A Infrastructure Sector Performance during November 2025 and April-November FY 25-26 & FY 24-25 During April 2025-March 2026 (Cumulative) Cumulative Growth % (FY 25-26 w.r.t FY 24-25)
2025-11,Performance Review,2025-26,ReviewReportNov25.pdf,21,Revenue earning Freight Traffic (MT),target,2025-11,cumulative,139.61,MT,139.610,Annexure - A Infrastructure Sector Performance during November 2025 and April-November FY 25-26 & FY 24-25 During November Target November FY 25-26
2025-11,Performance Review,2025-26,ReviewReportNov25.pdf,21,Revenue earning Freight Traffic (MT),target,2025-11,cumulative,1098.64,MT,1098.640,Annexure - A Infrastructure Sector Performance during November 2025 and April-November FY 25-26 & FY 24-25 During April 2025-March 2026 (Cumulative) Target upto November FY 25-26
2025-11,Performance Review,2025-26,ReviewReportNov25.pdf,31,SCCL,achievement,2025-11,monthly,5.34,,5.340,November 2025 Achievement (Provisional) 4.330 2.950 7.360 11.910 5.100 15.780 20.550 0.020
2025-11,Performance Review,2025-26,ReviewReportNov25.pdf,31,SCCL,achievement,2025-11,cumulative,37.98,,37.980,April-November 2025 Achievement (Provisional) 28.270 21.370 42.650 93.250 33.530 100.610 133.690 0.140
2025-11,Performance Review,2025-26,ReviewReportNov25.pdf,34,SCCL,achievement,2025-11,monthly,5.13,,5.130,November 2025 Achievement (Provisional) 3.550 2.950 6.640 11.600 5.080 15.730 17.880 0.020
2025-11,Performance Review,2025-26,ReviewReportNov25.pdf,35,SCCL,achievement,2025-11,cumulative,38.5,,38.500,April-November 2025 Achievement (Provisional) 29.680 23.000 45.650 91.000 38.190 112.950 139.160 0.110
2025-11,Performance Review,2025-26,ReviewReportNov25.pdf,31,SCCL,target,2025-11,monthly,6.84,,6.840,November 2025 Target 5.150 3.850 9.760 12.870 6.050 17.110 20.900 0.030
2025-11,Performance Review,2025-26,ReviewReportNov25.pdf,31,SCCL,target,2025-11,cumulative,44.44,,44.440,April-November 2025 Target 33.130 29.130 64.180 92.860 38.180 121.480 146.240 0.170
2025-11,Performance Review,2025-26,ReviewReportNov25.pdf,34,SCCL,target,2025-11,monthly,6.84,,6.840,November 2025 Target 5.240 4.050 9.750 11.740 6.000 19.590 21.910 0.020
2025-11,Performance Review,2025-26,ReviewReportNov25.pdf,35,SCCL,target,2025-11,cumulative,44.44,,44.440,April-November 2025 Target 38.370 29.580 70.300 92.000 42.940 139.140 162.470 0.120
2025-11,Performance Review,2025-26,ReviewReportNov25.pdf,31,SCCL,variation_pct,2025-11,monthly,-21.93,,-21.93,% Variation Over Target November 2025 -15.92 -23.38 -24.59 -7.46 -15.70 -7.77 -1.67 -33.33
2025-11,Performance Review,2025-26,ReviewReportNov25.pdf,31,SCCL,variation_pct,2025-11,cumulative,-14.54,,-14.54,% Variation Over Target April- November 2025 -14.67 -26.64 -33.55 0.42 -12.18 -17.18 -8.58 -17.65
2025-11,Performance Review,2025-26,ReviewReportNov25.pdf,34,SCCL,variation_pct,2025-11,monthly,-25.0,,-25.00,% Variation Over Target November 2025 -32.25 -27.16 -31.90 -1.19 -15.33 -19.70 -18.39 0.00
2025-11,Performance Review,2025-26,ReviewReportNov25.pdf,35,SCCL,variation_pct,2025-11,cumulative,-13.37,,-13.37,% Variation Over Target April- November 2025 -22.65 -22.24 -35.06 -1.09 -11.06 -18.82 -14.35 -8.33
2025-11,Performance Review,2025-26,ReviewReportNov25.pdf,21,Singareni Collieries Company Limited,achievement,2025-11,cumulative,5.34,,5.340,Annexure - A Infrastructure Sector Performance during November 2025 and April-November FY 25-26 & FY 24-25 During November Production N o v ember FY 25-26
2025-11,Performance Review,2025-26,ReviewReportNov25.pdf,21,Singareni Collieries Company Limited,achievement,2025-11,cumulative,37.98,,37.980,Annexure - A Infrastructure Sector Performance during November 2025 and April-November FY 25-26 & FY 24-25 During April 2025-March 2026 (Cumulative) Production upto November FY 25-26
2025-11,Performance Review,2025-26,ReviewReportNov25.pdf,21,Singareni Collieries Company Limited,achievement_pct,2025-11,cumulative,78.07,,78.07,Annexure - A Infrastructure Sector Performance during November 2025 and April-November FY 25-26 & FY 24-25 During November Achievement ( % of Target )
2025-11,Performance Review,2025-26,ReviewReportNov25.pdf,21,Singareni Collieries Company Limited,growth_pct,2025-11,cumulative,-15.37,,-15.37,Annexure - A Infrastructure Sector Performance during November 2025 and April-November FY 25-26 & FY 24-25 During November Growth % Y-o-Y (FY 25-26 w.r.t FY 24-25)
2025-11,Performance Review,2025-26,ReviewReportNov25.pdf,21,Singareni Collieries Company Limited,growth_pct,2025-11,cumulative,-5.4,,-5.40,Annexure - A Infrastructure Sector Performance during November 2025 and April-November FY 25-26 & FY 24-25 During April 2025-March 2026 (Cumulative) Cumulative Growth % (FY 25-26 w.r.t FY 24-25)
2025-11,Performance Review,2025-26,ReviewReportNov25.pdf,21,Singareni Collieries Company Limited,target,2025-11,cumulative,6.84,,6.840,Annexure - A Infrastructure Sector Performance during November 2025 and April-November FY 25-26 & FY 24-25 During November Target November FY 25-26
2025-11,Performance Review,2025-26,ReviewReportNov25.pdf,21,Singareni Collieries Company Limited,target,2025-11,cumulative,44.44,,44.440,Annexure - A Infrastructure Sector Performance during November 2025 and April-November FY 25-26 & FY 24-25 During April 2025-March 2026 (Cumulative) Target upto November FY 25-26
2025-11,Performance Review,2025-26,ReviewReportNov25.pdf,21,Strengthening of existing weak pavement (Kms.),achievement,2025-11,cumulative,21.0,Kms,21.000,Annexure - A Infrastructure Sector Performance during November 2025 and April-November FY 25-26 & FY 24-25 During November Production N o v ember FY 25-26
2025-11,Performance Review,2025-26,ReviewReportNov25.pdf,21,Strengthening of existing weak pavement (Kms.),achievement,2025-11,cumulative,120.0,Kms,120.000,Annexure - A Infrastructure Sector Performance during November 2025 and April-November FY 25-26 & FY 24-25 During April 2025-March 2026 (Cumulative) Production upto November FY 25-26
2025-11,Performance Review,2025-26,ReviewReportNov25.pdf,52,Strengthening of existing weak pavement (Kms.),achievement,2025-11,monthly,21.0,Kms,21.00,November 2025 Achievement (Provisional)
2025-11,Performance Review,2025-26,ReviewReportNov25.pdf,52,Strengthening of existing weak pavement (Kms.),achievement,2025-11,cumulative,120.0,Kms,120.00,April-November 2025 Achievement (Provisional)
2025-11,Performance Review,2025-26,ReviewReportNov25.pdf,21,Strengthening of existing weak pavement (Kms.),growth_pct,2025-11,cumulative,-32.97,Kms,-32.97,Annexure - A Infrastructure Sector Performance during November 2025 and April-November FY 25-26 & FY 24-25 During November Growth % Y-o-Y (FY 25-26 w.r.t FY 24-25)
2025-11,Performance Review,2025-26,ReviewReportNov25.pdf,21,Strengthening of existing weak pavement (Kms.),growth_pct,2025-11,cumulative,-39.86,Kms,-39.86,Annexure - A Infrastructure Sector Performance during November 2025 and April-November FY 25-26 & FY 24-25 During April 2025-March 2026 (Cumulative) Cumulative Growth % (FY 25-26 w.r.t FY 24-25)
2025-11,Performance Review,2025-26,ReviewReportNov25.pdf,21,Thermal Generation,achievement,2025-11,cumulative,97.855,,97.855,Annexure - A Infrastructure Sector Performance during November 2025 and April-November FY 25-26 & FY 24-25 During November Production N o v ember FY 25-26
2025-11,Performance Review,2025-26,ReviewReportNov25.pdf,21,Thermal Generation,achievement,2025-11,cumulative,850.439,,850.439,Annexure - A Infrastructure Sector Performance during November 2025 and April-November FY 25-26 & FY 24-25 During April 2025-March 2026 (Cumulative) Production upto November FY 25-26
2025-11,Performance Review,2025-26,ReviewReportNov25.pdf,21,Thermal Generation,achievement_pct,2025-11,cumulative,85.49,,85.49,Annexure - A Infrastructure Sector Performance during November 2025 and April-November FY 25-26 & FY 24-25 During November Achievement ( % of Target )
2025-11,Performance Review,2025-26,ReviewReportNov25.pdf,21,Thermal Generation,achievement_pct,2025-11,cumulative,84.99,,84.99,Annexure - A Infrastructure Sector Performance during November 2025 and April-November FY 25-26 & FY 24-25 During April 2025-March 2026 (Cumulative) Achievem ent ( % of Target )
2025-11,Performance Review,2025-26,ReviewReportNov25.pdf,21,Thermal Generation,growth_pct,2025-11,cumulative,-6.08,,-6.08,Annexure - A Infrastructure Sector Performance during November 2025 and April-November FY 25-26 & FY 24-25 During November Growth % Y-o-Y (FY 25-26 w.r.t FY 24-25)
2025-11,Performance Review,2025-26,ReviewReportNov25.pdf,21,Thermal Generation,growth_pct,2025-11,cumulative,-6.34,,-6.34,Annexure - A Infrastructure Sector Performance during November 2025 and April-November FY 25-26 & FY 24-25 During April 2025-March 2026 (Cumulative) Cumulative Growth % (FY 25-26 w.r.t FY 24-25)
2025-11,Performance Review,2025-26,ReviewReportNov25.pdf,21,Thermal Generation,target,2025-11,cumulative,114.463,,114.463,Annexure - A Infrastructure Sector Performance during November 2025 and April-November FY 25-26 & FY 24-25 During November Target November FY 25-26
2025-11,Performance Review,2025-26,ReviewReportNov25.pdf,21,Thermal Generation,target,2025-11,cumulative,1000.578,,1000.578,Annexure - A Infrastructure Sector Performance during November 2025 and April-November FY 25-26 & FY 24-25 During April 2025-March 2026 (Cumulative) Target upto November FY 25-26
2025-11,Performance Review,2025-26,ReviewReportNov25.pdf,21,Widening to four/six/eight lanes (Kms.),achievement,2025-11,cumulative,25.0,Kms,25.000,Annexure - A Infrastructure Sector Performance during November 2025 and April-November FY 25-26 & FY 24-25 During November Production N o v ember FY 25-26
2025-11,Performance Review,2025-26,ReviewReportNov25.pdf,21,Widening to four/six/eight lanes (Kms.),achievement,2025-11,cumulative,288.0,Kms,288.000,Annexure - A Infrastructure Sector Performance during November 2025 and April-November FY 25-26 & FY 24-25 During April 2025-March 2026 (Cumulative) Production upto November FY 25-26
2025-11,Performance Review,2025-26,ReviewReportNov25.pdf,52,Widening to four/six/eight lanes (Kms.),achievement,2025-11,monthly,25.0,Kms,25.00,November 2025 Achievement (Provisional)
2025-11,Performance Review,2025-26,ReviewReportNov25.pdf,52,Widening to four/six/eight lanes (Kms.),achievement,2025-11,cumulative,288.0,Kms,288.00,April-November 2025 Achievement (Provisional)
2025-11,Performance Review,2025-26,ReviewReportNov25.pdf,21,Widening to four/six/eight lanes (Kms.),growth_pct,2025-11,cumulative,-64.82,Kms,-64.82,Annexure - A Infrastructure Sector Performance during November 2025 and April-November FY 25-26 & FY 24-25 During November Growth % Y-o-Y (FY 25-26 w.r.t FY 24-25)
2025-11,Performance Review,2025-26,ReviewReportNov25.pdf,21,Widening to four/six/eight lanes (Kms.),growth_pct,2025-11,cumulative,-26.24,Kms,-26.24,Annexure - A Infrastructure Sector Performance during November 2025 and April-November FY 25-26 & FY 24-25 During April 2025-March 2026 (Cumulative) Cumulative Growth % (FY 25-26 w.r.t FY 24-25)
2025-11,Performance Review,2025-26,ReviewReportNov25.pdf,21,Widening to four/six/eight lanes (Kms.),target,2025-11,cumulative,406.0,Kms,406.000,Annexure - A Infrastructure Sector Performance during November 2025 and April-November FY 25-26 & FY 24-25 During November Target November FY 25-26
2025-11,Performance Review,2025-26,ReviewReportNov25.pdf,21,Widening to four/six/eight lanes (Kms.),target,2025-11,cumulative,2015.0,Kms,2015.000,Annexure - A Infrastructure Sector Performance during November 2025 and April-November FY 25-26 & FY 24-25 During April 2025-March 2026 (Cumulative) Target upto November FY 25-26
2025-11,Performance Review,2025-26,ReviewReportNov25.pdf,52,Widening to four/six/eight lanes (Kms.),target,2025-11,monthly,406.0,Kms,406.00,November 2025 Target
2025-11,Performance Review,2025-26,ReviewReportNov25.pdf,52,Widening to four/six/eight lanes (Kms.),target,2025-11,cumulative,2015.0,Kms,2015.00,April-November 2025 Target
2025-11,Performance Review,2025-26,ReviewReportNov25.pdf,21,Widening to two lanes (Kms.),achievement,2025-11,cumulative,180.0,Kms,180.000,Annexure - A Infrastructure Sector Performance during November 2025 and April-November FY 25-26 & FY 24-25 During November Production N o v ember FY 25-26
2025-11,Performance Review,2025-26,ReviewReportNov25.pdf,21,Widening to two lanes (Kms.),achievement,2025-11,cumulative,1245.0,Kms,1245.000,Annexure - A Infrastructure Sector Performance during November 2025 and April-November FY 25-26 & FY 24-25 During April 2025-March 2026 (Cumulative) Production upto November FY 25-26
2025-11,Performance Review,2025-26,ReviewReportNov25.pdf,52,Widening to two lanes (Kms.),achievement,2025-11,monthly,180.0,Kms,180.00,November 2025 Achievement (Provisional)
2025-11,Performance Review,2025-26,ReviewReportNov25.pdf,52,Widening to two lanes (Kms.),achievement,2025-11,cumulative,1245.0,Kms,1245.00,April-November 2025 Achievement (Provisional)
2025-11,Performance Review,2025-26,ReviewReportNov25.pdf,21,Widening to two lanes (Kms.),growth_pct,2025-11,cumulative,-35.42,Kms,-35.42,Annexure - A Infrastructure Sector Performance during November 2025 and April-November FY 25-26 & FY 24-25 During November Growth % Y-o-Y (FY 25-26 w.r.t FY 24-25)
2025-11,Performance Review,2025-26,ReviewReportNov25.pdf,21,Widening to two lanes (Kms.),growth_pct,2025-11,cumulative,-17.72,Kms,-17.72,Annexure - A Infrastructure Sector Performance during November 2025 and April-November FY 25-26 & FY 24-25 During April 2025-March 2026 (Cumulative) Cumulative Growth % (FY 25-26 w.r.t FY 24-25)
2025-11,Performance Review,2025-26,ReviewReportNov25.pdf,51,Widening/ Strengthening/ existing weak pavement to four/six/eight lanes (Kms.),achievement,2025-11,monthly,446.0,Kms,446.00,November 2025 Achievement (Provisional)
2025-11,Performance Review,2025-26,ReviewReportNov25.pdf,51,Widening/ Strengthening/ existing weak pavement to four/six/eight lanes (Kms.),achievement,2025-11,cumulative,2353.0,Kms,2353.00,April-November 2025 Achievement (Provisional)
2025-11,Performance Review,2025-26,ReviewReportNov25.pdf,51,Widening/ Strengthening/ existing weak pavement to four/six/eight lanes (Kms.),target,2025-11,monthly,473.0,Kms,473.00,November 2025 Target
2025-11,Performance Review,2025-26,ReviewReportNov25.pdf,51,Widening/ Strengthening/ existing weak pavement to four/six/eight lanes (Kms.),target,2025-11,cumulative,2756.0,Kms,2756.00,April-November 2025 Target
2025-11,Performance Review,2025-26,ReviewReportNov25.pdf,51,Widening/ Strengthening/ existing weak pavement to four/six/eight lanes (Kms.),variation_pct,2025-11,monthly,-5.71,Kms,-5.71,% Variation Over Target November 2025
2025-11,Performance Review,2025-26,ReviewReportNov25.pdf,51,Widening/ Strengthening/ existing weak pavement to four/six/eight lanes (Kms.),variation_pct,2025-11,cumulative,40.65,Kms,40.65,% Variation Over Target April- November 2025
2025-11,Performance Review,2025-26,ReviewReportNov25.pdf,21,i) Coal handled at major ports (MT),achievement,2025-11,cumulative,16.238,MT,16.238,Annexure - A Infrastructure Sector Performance during November 2025 and April-November FY 25-26 & FY 24-25 During November Production N o v ember FY 25-26
2025-11,Performance Review,2025-26,ReviewReportNov25.pdf,21,i) Coal handled at major ports (MT),achievement,2025-11,cumulative,128.064,MT,128.064,Annexure - A Infrastructure Sector Performance during November 2025 and April-November FY 25-26 & FY 24-25 During April 2025-March 2026 (Cumulative) Production upto November FY 25-26
2025-11,Performance Review,2025-26,ReviewReportNov25.pdf,21,i) Coal handled at major ports (MT),growth_pct,2025-11,cumulative,6.7,MT,6.70,Annexure - A Infrastructure Sector Performance during November 2025 and April-November FY 25-26 & FY 24-25 During November Growth % Y-o-Y (FY 25-26 w.r.t FY 24-25)
2025-11,Performance Review,2025-26,ReviewReportNov25.pdf,21,i) Coal handled at major ports (MT),growth_pct,2025-11,cumulative,3.29,MT,3.29,Annexure - A Infrastructure Sector Performance during November 2025 and April-November FY 25-26 & FY 24-25 During April 2025-March 2026 (Cumulative) Cumulative Growth % (FY 25-26 w.r.t FY 24-25)
2025-11,Performance Review,2025-26,ReviewReportNov25.pdf,21,i) Crude Oil Prod. (MMT),achievement,2025-11,cumulative,2.271,MMT,2.271,Annexure - A Infrastructure Sector Performance during November 2025 and April-November FY 25-26 & FY 24-25 During November Production N o v ember FY 25-26
2025-11,Performance Review,2025-26,ReviewReportNov25.pdf,21,i) Crude Oil Prod. (MMT),achievement,2025-11,cumulative,18.843,MMT,18.843,Annexure - A Infrastructure Sector Performance during November 2025 and April-November FY 25-26 & FY 24-25 During April 2025-March 2026 (Cumulative) Production upto November FY 25-26
2025-11,Performance Review,2025-26,ReviewReportNov25.pdf,21,i) Crude Oil Prod. (MMT),achievement_pct,2025-11,cumulative,87.9,MMT,87.90,Annexure - A Infrastructure Sector Performance during November 2025 and April-November FY 25-26 & FY 24-25 During November Achievement ( % of Target )
2025-11,Performance Review,2025-26,ReviewReportNov25.pdf,21,i) Crude Oil Prod. (MMT),achievement_pct,2025-11,cumulative,90.3,MMT,90.30,Annexure - A Infrastructure Sector Performance during November 2025 and April-November FY 25-26 & FY 24-25 During April 2025-March 2026 (Cumulative) Achievem ent ( % of Target )
2025-11,Performance Review,2025-26,ReviewReportNov25.pdf,21,i) Crude Oil Prod. (MMT),growth_pct,2025-11,cumulative,-3.15,MMT,-3.15,Annexure - A Infrastructure Sector Performance during November 2025 and April-November FY 25-26 & FY 24-25 During November Growth % Y-o-Y (FY 25-26 w.r.t FY 24-25)
2025-11,Performance Review,2025-26,ReviewReportNov25.pdf,21,i) Crude Oil Prod. (MMT),growth_pct,2025-11,cumulative,-1.29,MMT,-1.29,Annexure - A Infrastructure Sector Performance during November 2025 and April-November FY 25-26 & FY 24-25 During April 2025-March 2026 (Cumulative) Cumulative Growth % (FY 25-26 w.r.t FY 24-25)
2025-11,Performance Review,2025-26,ReviewReportNov25.pdf,21,i) Crude Oil Prod. (MMT),target,2025-11,cumulative,2.583,MMT,2.583,Annexure - A Infrastructure Sector Performance during November 2025 and April-November FY 25-26 & FY 24-25 During November Target November FY 25-26
2025-11,Performance Review,2025-26,ReviewReportNov25.pdf,21,i) Crude Oil Prod. (MMT),target,2025-11,cumulative,20.868,MMT,20.868,Annexure - A Infrastructure Sector Performance during November 2025 and April-November FY 25-26 & FY 24-25 During April 2025-March 2026 (Cumulative) Target upto November FY 25-26
2025-11,Performance Review,2025-26,ReviewReportNov25.pdf,21,i) International Terminals,achievement,2025-11,cumulative,7060493.0,,7060493,Annexure - A Infrastructure Sector Performance during November 2025 and April-November FY 25-26 & FY 24-25 During November Production N o v ember FY 25-26
2025-11,Performance Review,2025-26,ReviewReportNov25.pdf,21,i) International Terminals,achievement,2025-11,cumulative,53379721.0,,53379721,Annexure - A Infrastructure Sector Performance during November 2025 and April-November FY 25-26 & FY 24-25 During April 2025-March 2026 (Cumulative) Production upto November FY 25-26
2025-11,Performance Review,2025-26,ReviewReportNov25.pdf,21,i) International Terminals,achievement_pct,2025-11,cumulative,98.59,,98.59,Annexure - A Infrastructure Sector Performance during November 2025 and April-November FY 25-26 & FY 24-25 During November Achievement ( % of Target )
2025-11,Performance Review,2025-26,ReviewReportNov25.pdf,21,i) International Terminals,achievement_pct,2025-11,cumulative,98.47,,98.47,Annexure - A Infrastructure Sector Performance during November 2025 and April-November FY 25-26 & FY 24-25 During April 2025-March 2026 (Cumulative) Achievem ent ( % of Target )
2025-11,Performance Review,2025-26,ReviewReportNov25.pdf,21,i) International Terminals,growth_pct,2025-11,cumulative,7.5,,7.50,Annexure - A Infrastructure Sector Performance during November 2025 and April-November FY 25-26 & FY 24-25 During November Growth % Y-o-Y (FY 25-26 w.r.t FY 24-25)
2025-11,Performance Review,2025-26,ReviewReportNov25.pdf,21,i) International Terminals,growth_pct,2025-11,cumulative,7.34,,7.34,Annexure - A Infrastructure Sector Performance during November 2025 and April-November FY 25-26 & FY 24-25 During April 2025-March 2026 (Cumulative) Cumulative Growth % (FY 25-26 w.r.t FY 24-25)
2025-11,Performance Review,2025-26,ReviewReportNov25.pdf,21,i) International Terminals,target,2025-11,cumulative,7161228.0,,7161228,Annexure - A Infrastructure Sector Performance during November 2025 and April-November FY 25-26 & FY 24-25 During November Target November FY 25-26
2025-11,Performance Review,2025-26,ReviewReportNov25.pdf,21,i) International Terminals,target,2025-11,cumulative,54207158.0,,54207158,Annexure - A Infrastructure Sector Performance during November 2025 and April-November FY 25-26 & FY 24-25 During April 2025-March 2026 (Cumulative) Target upto November FY 25-26
2025-11,Performance Review,2025-26,ReviewReportNov25.pdf,21,i) Large Plants,achievement,2025-11,cumulative,37.274,,37.274,Annexure - A Infrastructure Sector Performance during November 2025 and April-November FY 25-26 & FY 24-25 During November Production N o v ember FY 25-26
2025-11,Performance Review,2025-26,ReviewReportNov25.pdf,21,i) Large Plants,achievement,2025-11,cumulative,293.676,,293.676,Annexure - A Infrastructure Sector Performance during November 2025 and April-November FY 25-26 & FY 24-25 During April 2025-March 2026 (Cumulative) Production upto November FY 25-26
2025-11,Performance Review,2025-26,ReviewReportNov25.pdf,21,i) Large Plants,growth_pct,2025-11,cumulative,16.46,,16.46,Annexure - A Infrastructure Sector Performance during November 2025 and April-November FY 25-26 & FY 24-25 During November Growth % Y-o-Y (FY 25-26 w.r.t FY 24-25)
2025-11,Performance Review,2025-26,ReviewReportNov25.pdf,21,i) Large Plants,growth_pct,2025-11,cumulative,8.36,,8.36,Annexure - A Infrastructure Sector Performance during November 2025 and April-November FY 25-26 & FY 24-25 During April 2025-March 2026 (Cumulative) Cumulative Growth % (FY 25-26 w.r.t FY 24-25)
2025-11,Performance Review,2025-26,ReviewReportNov25.pdf,21,i) Nitrogen,achievement,2025-11,cumulative,1476.8,,1476.80,Annexure - A Infrastructure Sector Performance during November 2025 and April-November FY 25-26 & FY 24-25 During November Production N o v ember FY 25-26
2025-11,Performance Review,2025-26,ReviewReportNov25.pdf,21,i) Nitrogen,achievement,2025-11,cumulative,11142.8,,11142.80,Annexure - A Infrastructure Sector Performance during November 2025 and April-November FY 25-26 & FY 24-25 During April 2025-March 2026 (Cumulative) Production upto November FY 25-26
2025-11,Performance Review,2025-26,ReviewReportNov25.pdf,21,i) Nitrogen,achievement_pct,2025-11,cumulative,100.91,,100.91,Annexure - A Infrastructure Sector Performance during November 2025 and April-November FY 25-26 & FY 24-25 During November Achievement ( % of Target )
2025-11,Performance Review,2025-26,ReviewReportNov25.pdf,21,i) Nitrogen,achievement_pct,2025-11,cumulative,99.87,,99.87,Annexure - A Infrastructure Sector Performance during November 2025 and April-November FY 25-26 & FY 24-25 During April 2025-March 2026 (Cumulative) Achievem ent ( % of Target )
2025-11,Performance Review,2025-26,ReviewReportNov25.pdf,21,i) Nitrogen,growth_pct,2025-11,cumulative,2.49,,2.49,Annexure - A Infrastructure Sector Performance during November 2025 and April-November FY 25-26 & FY 24-25 During November Growth % Y-o-Y (FY 25-26 w.r.t FY 24-25)
2025-11,Performance Review,2025-26,ReviewReportNov25.pdf,21,i) Nitrogen,growth_pct,2025-11,cumulative,-1.59,,-1.59,Annexure - A Infrastructure Sector Performance during November 2025 and April-November FY 25-26 & FY 24-25 During April 2025-March 2026 (Cumulative) Cumulative Growth % (FY 25-26 w.r.t FY 24-25)
2025-11,Performance Review,2025-26,ReviewReportNov25.pdf,21,i) Nitrogen,target,2025-11,cumulative,1463.5,,1463.50,Annexure - A Infrastructure Sector Performance during November 2025 and April-November FY 25-26 & FY 24-25 During November Target November FY 25-26
2025-11,Performance Review,2025-26,ReviewReportNov25.pdf,21,i) Nitrogen,target,2025-11,cumulative,11157.0,,11157.00,Annexure - A Infrastructure Sector Performance during November 2025 and April-November FY 25-26 & FY 24-25 During April 2025-March 2026 (Cumulative) Target upto November FY 25-26
2025-11,Performance Review,2025-26,ReviewReportNov25.pdf,21,i) SAIL,achievement,2025-11,cumulative,1355.0,,1355.000,Annexure - A Infrastructure Sector Performance during November 2025 and April-November FY 25-26 & FY 24-25 During November Production N o v ember FY 25-26
2025-11,Performance Review,2025-26,ReviewReportNov25.pdf,21,i) SAIL,achievement,2025-11,cumulative,11093.0,,11093.000,Annexure - A Infrastructure Sector Performance during November 2025 and April-November FY 25-26 & FY 24-25 During April 2025-March 2026 (Cumulative) Production upto November FY 25-26
2025-11,Performance Review,2025-26,ReviewReportNov25.pdf,21,i) SAIL,growth_pct,2025-11,cumulative,15.03,,15.03,Annexure - A Infrastructure Sector Performance during November 2025 and April-November FY 25-26 & FY 24-25 During November Growth % Y-o-Y (FY 25-26 w.r.t FY 24-25)
2025-11,Performance Review,2025-26,ReviewReportNov25.pdf,21,i) SAIL,growth_pct,2025-11,cumulative,7.67,,7.67,Annexure - A Infrastructure Sector Performance during November 2025 and April-November FY 25-26 & FY 24-25 During April 2025-March 2026 (Cumulative) Cumulative Growth % (FY 25-26 w.r.t FY 24-25)
2025-11,Performance Review,2025-26,ReviewReportNov25.pdf,21,i) SAIL,target,2025-11,cumulative,1499.0,,1499.000,Annexure - A Infrastructure Sector Performance during November 2025 and April-November FY 25-26 & FY 24-25 During November Target November FY 25-26
2025-11,Performance Review,2025-26,ReviewReportNov25.pdf,21,i) SAIL,target,2025-11,cumulative,11767.0,,11767.000,Annexure - A Infrastructure Sector Performance during November 2025 and April-November FY 25-26 & FY 24-25 During April 2025-March 2026 (Cumulative) Target upto November FY 25-26
2025-11,Performance Review,2025-26,ReviewReportNov25.pdf,21,i) Wired Subscribers,achievement,2025-11,cumulative,45.11,,45.110,Annexure - A Infrastructure Sector Performance during November 2025 and April-November FY 25-26 & FY 24-25 During November Production N o v ember FY 25-26
2025-11,Performance Review,2025-26,ReviewReportNov25.pdf,21,i) Wired Subscribers,growth_pct,2025-11,cumulative,10.1,,10.10,Annexure - A Infrastructure Sector Performance during November 2025 and April-November FY 25-26 & FY 24-25 During November Growth % Y-o-Y (FY 25-26 w.r.t FY 24-25)
2025-11,Performance Review,2025-26,ReviewReportNov25.pdf,21,ii) AMNS GROUP,achievement,2025-11,cumulative,668.0,,668.000,Annexure - A Infrastructure Sector Performance during November 2025 and April-November FY 25-26 & FY 24-25 During November Production N o v ember FY 25-26
2025-11,Performance Review,2025-26,ReviewReportNov25.pdf,21,ii) AMNS GROUP,achievement,2025-11,cumulative,5175.0,,5175.000,Annexure - A Infrastructure Sector Performance during November 2025 and April-November FY 25-26 & FY 24-25 During April 2025-March 2026 (Cumulative) Production upto November FY 25-26
2025-11,Performance Review,2025-26,ReviewReportNov25.pdf,21,ii) AMNS GROUP,growth_pct,2025-11,cumulative,-0.6,,-0.60,Annexure - A Infrastructure Sector Performance during November 2025 and April-November FY 25-26 & FY 24-25 During November Growth % Y-o-Y (FY 25-26 w.r.t FY 24-25)
2025-11,Performance Review,2025-26,ReviewReportNov25.pdf,21,ii) AMNS GROUP,growth_pct,2025-11,cumulative,5.53,,5.53,Annexure - A Infrastructure Sector Performance during November 2025 and April-November FY 25-26 & FY 24-25 During April 2025-March 2026 (Cumulative) Cumulative Growth % (FY 25-26 w.r.t FY 24-25)
2025-11,Performance Review,2025-26,ReviewReportNov25.pdf,21,ii) Crude Oil Processed (MMT),achievement,2025-11,cumulative,22.196,MMT,22.196,Annexure - A Infrastructure Sector Performance during November 2025 and April-November FY 25-26 & FY 24-25 During November Production N o v ember FY 25-26
2025-11,Performance Review,2025-26,ReviewReportNov25.pdf,21,ii) Crude Oil Processed (MMT),achievement,2025-11,cumulative,178.532,MMT,178.532,Annexure - A Infrastructure Sector Performance during November 2025 and April-November FY 25-26 & FY 24-25 During April 2025-March 2026 (Cumulative) Production upto November FY 25-26
2025-11,Performance Review,2025-26,ReviewReportNov25.pdf,21,ii) Crude Oil Processed (MMT),achievement_pct,2025-11,cumulative,97.9,MMT,97.90,Annexure - A Infrastructure Sector Performance during November 2025 and April-November FY 25-26 & FY 24-25 During November Achievement ( % of Target )
2025-11,Performance Review,2025-26,ReviewReportNov25.pdf,21,ii) Crude Oil Processed (MMT),achievement_pct,2025-11,cumulative,99.33,MMT,99.33,Annexure - A Infrastructure Sector Performance during November 2025 and April-November FY 25-26 & FY 24-25 During April 2025-March 2026 (Cumulative) Achievem ent ( % of Target )
2025-11,Performance Review,2025-26,ReviewReportNov25.pdf,21,ii) Crude Oil Processed (MMT),growth_pct,2025-11,cumulative,2.27,MMT,2.27,Annexure - A Infrastructure Sector Performance during November 2025 and April-November FY 25-26 & FY 24-25 During November Growth % Y-o-Y (FY 25-26 w.r.t FY 24-25)
2025-11,Performance Review,2025-26,ReviewReportNov25.pdf,21,ii) Crude Oil Processed (MMT),growth_pct,2025-11,cumulative,1.86,MMT,1.86,Annexure - A Infrastructure Sector Performance during November 2025 and April-November FY 25-26 & FY 24-25 During April 2025-March 2026 (Cumulative) Cumulative Growth % (FY 25-26 w.r.t FY 24-25)
2025-11,Performance Review,2025-26,ReviewReportNov25.pdf,21,ii) Crude Oil Processed (MMT),target,2025-11,cumulative,22.673,MMT,22.673,Annexure - A Infrastructure Sector Performance during November 2025 and April-November FY 25-26 & FY 24-25 During November Target November FY 25-26
2025-11,Performance Review,2025-26,ReviewReportNov25.pdf,21,ii) Crude Oil Processed (MMT),target,2025-11,cumulative,179.741,MMT,179.741,Annexure - A Infrastructure Sector Performance during November 2025 and April-November FY 25-26 & FY 24-25 During April 2025-March 2026 (Cumulative) Target upto November FY 25-26
2025-11,Performance Review,2025-26,ReviewReportNov25.pdf,21,ii) Domestic Terminals,achievement,2025-11,cumulative,30890561.0,,30890561,Annexure - A Infrastructure Sector Performance during November 2025 and April-November FY 25-26 & FY 24-25 During November Production N o v ember FY 25-26
2025-11,Performance Review,2025-26,ReviewReportNov25.pdf,21,ii) Domestic Terminals,achievement,2025-11,cumulative,221992339.0,,221992339,Annexure - A Infrastructure Sector Performance during November 2025 and April-November FY 25-26 & FY 24-25 During April 2025-March 2026 (Cumulative) Production upto November FY 25-26
2025-11,Performance Review,2025-26,ReviewReportNov25.pdf,21,ii) Domestic Terminals,achievement_pct,2025-11,cumulative,98.12,,98.12,Annexure - A Infrastructure Sector Performance during November 2025 and April-November FY 25-26 & FY 24-25 During November Achievement ( % of Target )
2025-11,Performance Review,2025-26,ReviewReportNov25.pdf,21,ii) Domestic Terminals,achievement_pct,2025-11,cumulative,94.13,,94.13,Annexure - A Infrastructure Sector Performance during November 2025 and April-November FY 25-26 & FY 24-25 During April 2025-March 2026 (Cumulative) Achievem ent ( % of Target )
2025-11,Performance Review,2025-26,ReviewReportNov25.pdf,21,ii) Domestic Terminals,growth_pct,2025-11,cumulative,6.92,,6.92,Annexure - A Infrastructure Sector Performance during November 2025 and April-November FY 25-26 & FY 24-25 During November Growth % Y-o-Y (FY 25-26 w.r.t FY 24-25)
2025-11,Performance Review,2025-26,ReviewReportNov25.pdf,21,ii) Domestic Terminals,growth_pct,2025-11,cumulative,2.61,,2.61,Annexure - A Infrastructure Sector Performance during November 2025 and April-November FY 25-26 & FY 24-25 During April 2025-March 2026 (Cumulative) Cumulative Growth % (FY 25-26 w.r.t FY 24-25)
2025-11,Performance Review,2025-26,ReviewReportNov25.pdf,21,ii) Domestic Terminals,target,2025-11,cumulative,31483081.0,,31483081,Annexure - A Infrastructure Sector Performance during November 2025 and April-November FY 25-26 & FY 24-25 During November Target November FY 25-26
2025-11,Performance Review,2025-26,ReviewReportNov25.pdf,21,ii) Domestic Terminals,target,2025-11,cumulative,235843031.0,,235843031,Annexure - A Infrastructure Sector Performance during November 2025 and April-November FY 25-26 & FY 24-25 During April 2025-March 2026 (Cumulative) Target upto November FY 25-26
2025-11,Performance Review,2025-26,ReviewReportNov25.pdf,21,ii) Mini Plants,achievement,2025-11,cumulative,1.494,,1.494,Annexure - A Infrastructure Sector Performance during November 2025 and April-November FY 25-26 & FY 24-25 During November Production N o v ember FY 25-26
2025-11,Performance Review,2025-26,ReviewReportNov25.pdf,21,ii) Mini Plants,achievement,2025-11,cumulative,11.561,,11.561,Annexure - A Infrastructure Sector Performance during November 2025 and April-November FY 25-26 & FY 24-25 During April 2025-March 2026 (Cumulative) Production upto November FY 25-26
2025-11,Performance Review,2025-26,ReviewReportNov25.pdf,21,ii) Mini Plants,growth_pct,2025-11,cumulative,-18.09,,-18.09,Annexure - A Infrastructure Sector Performance during November 2025 and April-November FY 25-26 & FY 24-25 During November Growth % Y-o-Y (FY 25-26 w.r.t FY 24-25)
2025-11,Performance Review,2025-26,ReviewReportNov25.pdf,21,ii) Mini Plants,growth_pct,2025-11,cumulative,-1.96,,-1.96,Annexure - A Infrastructure Sector Performance during November 2025 and April-November FY 25-26 & FY 24-25 During April 2025-March 2026 (Cumulative) Cumulative Growth % (FY 25-26 w.r.t FY 24-25)
2025-11,Performance Review,2025-26,ReviewReportNov25.pdf,21,ii) POL Crude handled at major ports (Tonnes),achievement,2025-11,cumulative,15507180.0,Tonnes,15507180,Annexure - A Infrastructure Sector Performance during November 2025 and April-November FY 25-26 & FY 24-25 During November Production N o v ember FY 25-26
2025-11,Performance Review,2025-26,ReviewReportNov25.pdf,21,ii) POL Crude handled at major ports (Tonnes),achievement,2025-11,cumulative,118488011.0,Tonnes,118488011,Annexure - A Infrastructure Sector Performance during November 2025 and April-November FY 25-26 & FY 24-25 During April 2025-March 2026 (Cumulative) Production upto November FY 25-26
2025-11,Performance Review,2025-26,ReviewReportNov25.pdf,21,ii) POL Crude handled at major ports (Tonnes),growth_pct,2025-11,cumulative,14.02,Tonnes,14.02,Annexure - A Infrastructure Sector Performance during November 2025 and April-November FY 25-26 & FY 24-25 During November Growth % Y-o-Y (FY 25-26 w.r.t FY 24-25)
2025-11,Performance Review,2025-26,ReviewReportNov25.pdf,21,ii) POL Crude handled at major ports (Tonnes),growth_pct,2025-11,cumulative,8.21,Tonnes,8.21,Annexure - A Infrastructure Sector Performance during November 2025 and April-November FY 25-26 & FY 24-25 During April 2025-March 2026 (Cumulative) Cumulative Growth % (FY 25-26 w.r.t FY 24-25)
2025-11,Performance Review,2025-26,ReviewReportNov25.pdf,21,ii) Phosphate,achievement,2025-11,cumulative,490.1,,490.10,Annexure - A Infrastructure Sector Performance during November 2025 and April-November FY 25-26 & FY 24-25 During November Production N o v ember FY 25-26
2025-11,Performance Review,2025-26,ReviewReportNov25.pdf,21,ii) Phosphate,achievement,2025-11,cumulative,3656.4,,3656.40,Annexure - A Infrastructure Sector Performance during November 2025 and April-November FY 25-26 & FY 24-25 During April 2025-March 2026 (Cumulative) Production upto November FY 25-26
2025-11,Performance Review,2025-26,ReviewReportNov25.pdf,21,ii) Phosphate,achievement_pct,2025-11,cumulative,91.68,,91.68,Annexure - A Infrastructure Sector Performance during November 2025 and April-November FY 25-26 & FY 24-25 During November Achievement ( % of Target )
2025-11,Performance Review,2025-26,ReviewReportNov25.pdf,21,ii) Phosphate,achievement_pct,2025-11,cumulative,86.7,,86.70,Annexure - A Infrastructure Sector Performance during November 2025 and April-November FY 25-26 & FY 24-25 During April 2025-March 2026 (Cumulative) Achievem ent ( % of Target )
2025-11,Performance Review,2025-26,ReviewReportNov25.pdf,21,ii) Phosphate,growth_pct,2025-11,cumulative,15.32,,15.32,Annexure - A Infrastructure Sector Performance during November 2025 and April-November FY 25-26 & FY 24-25 During November Growth % Y-o-Y (FY 25-26 w.r.t FY 24-25)
2025-11,Performance Review,2025-26,ReviewReportNov25.pdf,21,ii) Phosphate,growth_pct,2025-11,cumulative,4.57,,4.57,Annexure - A Infrastructure Sector Performance during November 2025 and April-November FY 25-26 & FY 24-25 During April 2025-March 2026 (Cumulative) Cumulative Growth % (FY 25-26 w.r.t FY 24-25)
2025-11,Performance Review,2025-26,ReviewReportNov25.pdf,21,ii) Phosphate,target,2025-11,cumulative,534.6,,534.60,Annexure - A Infrastructure Sector Performance during November 2025 and April-November FY 25-26 & FY 24-25 During November Target November FY 25-26
2025-11,Performance Review,2025-26,ReviewReportNov25.pdf,21,ii) Phosphate,target,2025-11,cumulative,4217.4,,4217.40,Annexure - A Infrastructure Sector Performance during November 2025 and April-November FY 25-26 & FY 24-25 During April 2025-March 2026 (Cumulative) Target upto November FY 25-26
2025-11,Performance Review,2025-26,ReviewReportNov25.pdf,21,ii) Wireless Subscribers,achievement,2025-11,cumulative,958.54,,958.540,Annexure - A Infrastructure Sector Performance during November 2025 and April-November FY 25-26 & FY 24-25 During November Production N o v ember FY 25-26
2025-11,Performance Review,2025-26,ReviewReportNov25.pdf,21,ii) Wireless Subscribers,growth_pct,2025-11,cumulative,6.06,,6.06,Annexure - A Infrastructure Sector Performance during November 2025 and April-November FY 25-26 & FY 24-25 During November Growth % Y-o-Y (FY 25-26 w.r.t FY 24-25)
2025-11,Performance Review,2025-26,ReviewReportNov25.pdf,21,iii) Container handled at major ports (Tonnes),achievement,2025-11,cumulative,16724413.0,Tonnes,16724413,Annexure - A Infrastructure Sector Performance during November 2025 and April-November FY 25-26 & FY 24-25 During November Production N o v ember FY 25-26
2025-11,Performance Review,2025-26,ReviewReportNov25.pdf,21,iii) Container handled at major ports (Tonnes),achievement,2025-11,cumulative,138821120.0,Tonnes,138821120,Annexure - A Infrastructure Sector Performance during November 2025 and April-November FY 25-26 & FY 24-25 During April 2025-March 2026 (Cumulative) Production upto November FY 25-26
2025-11,Performance Review,2025-26,ReviewReportNov25.pdf,21,iii) Container handled at major ports (Tonnes),growth_pct,2025-11,cumulative,11.51,Tonnes,11.51,Annexure - A Infrastructure Sector Performance during November 2025 and April-November FY 25-26 & FY 24-25 During November Growth % Y-o-Y (FY 25-26 w.r.t FY 24-25)
2025-11,Performance Review,2025-26,ReviewReportNov25.pdf,21,iii) Container handled at major ports (Tonnes),growth_pct,2025-11,cumulative,10.73,Tonnes,10.73,Annexure - A Infrastructure Sector Performance during November 2025 and April-November FY 25-26 & FY 24-25 During April 2025-March 2026 (Cumulative) Cumulative Growth % (FY 25-26 w.r.t FY 24-25)
2025-11,Performance Review,2025-26,ReviewReportNov25.pdf,21,iii) Natural Gas Prod. (MCM),achievement,2025-11,cumulative,2895.81,MCM,2895.81,Annexure - A Infrastructure Sector Performance during November 2025 and April-November FY 25-26 & FY 24-25 During November Production N o v ember FY 25-26
2025-11,Performance Review,2025-26,ReviewReportNov25.pdf,21,iii) Natural Gas Prod. (MCM),achievement,2025-11,cumulative,23415.65,MCM,23415.65,Annexure - A Infrastructure Sector Performance during November 2025 and April-November FY 25-26 & FY 24-25 During April 2025-March 2026 (Cumulative) Production upto November FY 25-26
2025-11,Performance Review,2025-26,ReviewReportNov25.pdf,21,iii) Natural Gas Prod. (MCM),achievement_pct,2025-11,cumulative,96.03,MCM,96.03,Annexure - A Infrastructure Sector Performance during November 2025 and April-November FY 25-26 & FY 24-25 During November Achievement ( % of Target )
2025-11,Performance Review,2025-26,ReviewReportNov25.pdf,21,iii) Natural Gas Prod. (MCM),achievement_pct,2025-11,cumulative,96.8,MCM,96.80,Annexure - A Infrastructure Sector Performance during November 2025 and April-November FY 25-26 & FY 24-25 During April 2025-March 2026 (Cumulative) Achievem ent ( % of Target )
2025-11,Performance Review,2025-26,ReviewReportNov25.pdf,21,iii) Natural Gas Prod. (MCM),growth_pct,2025-11,cumulative,-2.57,MCM,-2.57,Annexure - A Infrastructure Sector Performance during November 2025 and April-November FY 25-26 & FY 24-25 During November Growth % Y-o-Y (FY 25-26 w.r.t FY 24-25)
2025-11,Performance Review,2025-26,ReviewReportNov25.pdf,21,iii) Natural Gas Prod. (MCM),growth_pct,2025-11,cumulative,-3.39,MCM,-3.39,Annexure - A Infrastructure Sector Performance during November 2025 and April-November FY 25-26 & FY 24-25 During April 2025-March 2026 (Cumulative) Cumulative Growth % (FY 25-26 w.r.t FY 24-25)
2025-11,Performance Review,2025-26,ReviewReportNov25.pdf,21,iii) Natural Gas Prod. (MCM),target,2025-11,cumulative,3015.41,MCM,3015.41,Annexure - A Infrastructure Sector Performance during November 2025 and April-November FY 25-26 & FY 24-25 During November Target November FY 25-26
2025-11,Performance Review,2025-26,ReviewReportNov25.pdf,21,iii) Natural Gas Prod. (MCM),target,2025-11,cumulative,24189.31,MCM,24189.31,Annexure - A Infrastructure Sector Performance during November 2025 and April-November FY 25-26 & FY 24-25 During April 2025-March 2026 (Cumulative) Target upto November FY 25-26
2025-11,Performance Review,2025-26,ReviewReportNov25.pdf,21,iii) TSL GROUP,achievement,2025-11,cumulative,2024.0,,2024.000,Annexure - A Infrastructure Sector Performance during November 2025 and April-November FY 25-26 & FY 24-25 During November Production N o v ember FY 25-26
2025-11,Performance Review,2025-26,ReviewReportNov25.pdf,21,iii) TSL GROUP,achievement,2025-11,cumulative,14977.0,,14977.000,Annexure - A Infrastructure Sector Performance during November 2025 and April-November FY 25-26 & FY 24-25 During April 2025-March 2026 (Cumulative) Production upto November FY 25-26
2025-11,Performance Review,2025-26,ReviewReportNov25.pdf,21,iii) TSL GROUP,achievement_pct,2025-11,cumulative,151.72,,151.72,Annexure - A Infrastructure Sector Performance during November 2025 and April-November FY 25-26 & FY 24-25 During November Achievement ( % of Target )
2025-11,Performance Review,2025-26,ReviewReportNov25.pdf,21,iii) TSL GROUP,achievement_pct,2025-11,cumulative,143.54,,143.54,Annexure - A Infrastructure Sector Performance during November 2025 and April-November FY 25-26 & FY 24-25 During April 2025-March 2026 (Cumulative) Achievem ent ( % of Target )
2025-11,Performance Review,2025-26,ReviewReportNov25.pdf,21,iii) TSL GROUP,growth_pct,2025-11,cumulative,15.99,,15.99,Annexure - A Infrastructure Sector Performance during November 2025 and April-November FY 25-26 & FY 24-25 During November Growth % Y-o-Y (FY 25-26 w.r.t FY 24-25)
2025-11,Performance Review,2025-26,ReviewReportNov25.pdf,21,iii) TSL GROUP,growth_pct,2025-11,cumulative,7.26,,7.26,Annexure - A Infrastructure Sector Performance during November 2025 and April-November FY 25-26 & FY 24-25 During April 2025-March 2026 (Cumulative) Cumulative Growth % (FY 25-26 w.r.t FY 24-25)
2025-11,Performance Review,2025-26,ReviewReportNov25.pdf,21,iii) TSL GROUP,target,2025-11,cumulative,1334.0,,1334.000,Annexure - A Infrastructure Sector Performance during November 2025 and April-November FY 25-26 & FY 24-25 During November Target November FY 25-26
2025-11,Performance Review,2025-26,ReviewReportNov25.pdf,21,iii) TSL GROUP,target,2025-11,cumulative,10434.0,,10434.000,Annexure - A Infrastructure Sector Performance during November 2025 and April-November FY 25-26 & FY 24-25 During April 2025-March 2026 (Cumulative) Target upto November FY 25-26
2025-11,Performance Review,2025-26,ReviewReportNov25.pdf,21,iii) Urea,achievement,2025-11,cumulative,2625.2,,2625.20,Annexure - A Infrastructure Sector Performance during November 2025 and April-November FY 25-26 & FY 24-25 During November Production N o v ember FY 25-26
2025-11,Performance Review,2025-26,ReviewReportNov25.pdf,21,iii) Urea,achievement,2025-11,cumulative,19760.6,,19760.60,Annexure - A Infrastructure Sector Performance during November 2025 and April-November FY 25-26 & FY 24-25 During April 2025-March 2026 (Cumulative) Production upto November FY 25-26
2025-11,Performance Review,2025-26,ReviewReportNov25.pdf,21,iii) Urea,achievement_pct,2025-11,cumulative,98.54,,98.54,Annexure - A Infrastructure Sector Performance during November 2025 and April-November FY 25-26 & FY 24-25 During November Achievement ( % of Target )
2025-11,Performance Review,2025-26,ReviewReportNov25.pdf,21,iii) Urea,achievement_pct,2025-11,cumulative,98.21,,98.21,Annexure - A Infrastructure Sector Performance during November 2025 and April-November FY 25-26 & FY 24-25 During April 2025-March 2026 (Cumulative) Achievem ent ( % of Target )
2025-11,Performance Review,2025-26,ReviewReportNov25.pdf,21,iii) Urea,growth_pct,2025-11,cumulative,0.17,,0.17,Annexure - A Infrastructure Sector Performance during November 2025 and April-November FY 25-26 & FY 24-25 During November Growth % Y-o-Y (FY 25-26 w.r.t FY 24-25)
2025-11,Performance Review,2025-26,ReviewReportNov25.pdf,21,iii) Urea,growth_pct,2025-11,cumulative,-3.71,,-3.71,Annexure - A Infrastructure Sector Performance during November 2025 and April-November FY 25-26 & FY 24-25 During April 2025-March 2026 (Cumulative) Cumulative Growth % (FY 25-26 w.r.t FY 24-25)
2025-11,Performance Review,2025-26,ReviewReportNov25.pdf,21,iii) Urea,target,2025-11,cumulative,2664.06,,2664.06,Annexure - A Infrastructure Sector Performance during November 2025 and April-November FY 25-26 & FY 24-25 During November Target November FY 25-26
2025-11,Performance Review,2025-26,ReviewReportNov25.pdf,21,iii) Urea,target,2025-11,cumulative,20120.87,,20120.87,Annexure - A Infrastructure Sector Performance during November 2025 and April-November FY 25-26 & FY 24-25 During April 2025-March 2026 (Cumulative) Target upto November FY 25-26
2025-11,Performance Review,2025-26,ReviewReportNov25.pdf,21,iv) JSWL GROUP,achievement,2025-11,cumulative,2047.0,,2047.000,Annexure - A Infrastructure Sector Performance during November 2025 and April-November FY 25-26 & FY 24-25 During November Production N o v ember FY 25-26
2025-11,Performance Review,2025-26,ReviewReportNov25.pdf,21,iv) JSWL GROUP,achievement,2025-11,cumulative,17291.0,,17291.000,Annexure - A Infrastructure Sector Performance during November 2025 and April-November FY 25-26 & FY 24-25 During April 2025-March 2026 (Cumulative) Production upto November FY 25-26
2025-11,Performance Review,2025-26,ReviewReportNov25.pdf,21,iv) JSWL GROUP,growth_pct,2025-11,cumulative,10.11,,10.11,Annexure - A Infrastructure Sector Performance during November 2025 and April-November FY 25-26 & FY 24-25 During November Growth % Y-o-Y (FY 25-26 w.r.t FY 24-25)
2025-11,Performance Review,2025-26,ReviewReportNov25.pdf,21,iv) JSWL GROUP,growth_pct,2025-11,cumulative,13.64,,13.64,Annexure - A Infrastructure Sector Performance during November 2025 and April-November FY 25-26 & FY 24-25 During April 2025-March 2026 (Cumulative) Cumulative Growth % (FY 25-26 w.r.t FY 24-25)
2025-11,Performance Review,2025-26,ReviewReportNov25.pdf,21,v) JSPL,achievement,2025-11,cumulative,571.0,,571.000,Annexure - A Infrastructure Sector Performance during November 2025 and April-November FY 25-26 & FY 24-25 During November Production N o v ember FY 25-26
2025-11,Performance Review,2025-26,ReviewReportNov25.pdf,21,v) JSPL,achievement,2025-11,cumulative,4611.0,,4611.000,Annexure - A Infrastructure Sector Performance during November 2025 and April-November FY 25-26 & FY 24-25 During April 2025-March 2026 (Cumulative) Production upto November FY 25-26
2025-11,Performance Review,2025-26,ReviewReportNov25.pdf,21,v) JSPL,growth_pct,2025-11,cumulative,0.18,,0.18,Annexure - A Infrastructure Sector Performance during November 2025 and April-November FY 25-26 & FY 24-25 During November Growth % Y-o-Y (FY 25-26 w.r.t FY 24-25)
2025-11,Performance Review,2025-26,ReviewReportNov25.pdf,21,v) JSPL,growth_pct,2025-11,cumulative,1.61,,1.61,Annexure - A Infrastructure Sector Performance during November 2025 and April-November FY 25-26 & FY 24-25 During April 2025-March 2026 (Cumulative) Cumulative Growth % (FY 25-26 w.r.t FY 24-25)
2025-11,Performance Review,2025-26,ReviewReportNov25.pdf,21,vi) RINL,achievement,2025-11,cumulative,321.0,,321.000,Annexure - A Infrastructure Sector Performance during November 2025 and April-November FY 25-26 & FY 24-25 During November Production N o v ember FY 25-26
2025-11,Performance Review,2025-26,ReviewReportNov25.pdf,21,vi) RINL,achievement,2025-11,cumulative,2810.0,,2810.000,Annexure - A Infrastructure Sector Performance during November 2025 and April-November FY 25-26 & FY 24-25 During April 2025-March 2026 (Cumulative) Production upto November FY 25-26
2025-11,Performance Review,2025-26,ReviewReportNov25.pdf,21,vi) RINL,achievement_pct,2025-11,cumulative,73.96,,73.96,Annexure - A Infrastructure Sector Performance during November 2025 and April-November FY 25-26 & FY 24-25 During November Achievement ( % of Target )
2025-11,Performance Review,2025-26,ReviewReportNov25.pdf,21,vi) RINL,achievement_pct,2025-11,cumulative,91.29,,91.29,Annexure - A Infrastructure Sector Performance during November 2025 and April-November FY 25-26 & FY 24-25 During April 2025-March 2026 (Cumulative) Achievem ent ( % of Target )
2025-11,Performance Review,2025-26,ReviewReportNov25.pdf,21,vi) RINL,growth_pct,2025-11,cumulative,30.49,,30.49,Annexure - A Infrastructure Sector Performance during November 2025 and April-November FY 25-26 & FY 24-25 During November Growth % Y-o-Y (FY 25-26 w.r.t FY 24-25)
2025-11,Performance Review,2025-26,ReviewReportNov25.pdf,21,vi) RINL,growth_pct,2025-11,cumulative,55.25,,55.25,Annexure - A Infrastructure Sector Performance during November 2025 and April-November FY 25-26 & FY 24-25 During April 2025-March 2026 (Cumulative) Cumulative Growth % (FY 25-26 w.r.t FY 24-25)
2025-11,Performance Review,2025-26,ReviewReportNov25.pdf,21,vi) RINL,target,2025-11,cumulative,434.0,,434.000,Annexure - A Infrastructure Sector Performance during November 2025 and April-November FY 25-26 & FY 24-25 During November Target November FY 25-26
2025-11,Performance Review,2025-26,ReviewReportNov25.pdf,21,vi) RINL,target,2025-11,cumulative,3078.0,,3078.000,Annexure - A Infrastructure Sector Performance during November 2025 and April-November FY 25-26 & FY 24-25 During April 2025-March 2026 (Cumulative) Target upto November FY 25-26
2025-11,Performance Review,2025-26,ReviewReportNov25.pdf,21,vii) NSL,achievement,2025-11,cumulative,203.0,,203.000,Annexure - A Infrastructure Sector Performance during November 2025 and April-November FY 25-26 & FY 24-25 During November Production N o v ember FY 25-26
2025-11,Performance Review,2025-26,ReviewReportNov25.pdf,21,vii) NSL,achievement,2025-11,cumulative,1494.0,,1494.000,Annexure - A Infrastructure Sector Performance during November 2025 and April-November FY 25-26 & FY 24-25 During April 2025-March 2026 (Cumulative) Production upto November FY 25-26
2025-11,Performance Review,2025-26,ReviewReportNov25.pdf,21,vii) NSL,growth_pct,2025-11,cumulative,58.59,,58.59,Annexure - A Infrastructure Sector Performance during November 2025 and April-November FY 25-26 & FY 24-25 During November Growth % Y-o-Y (FY 25-26 w.r.t FY 24-25)
2025-11,Performance Review,2025-26,ReviewReportNov25.pdf,21,vii) NSL,growth_pct,2025-11,cumulative,75.97,,75.97,Annexure - A Infrastructure Sector Performance during November 2025 and April-November FY 25-26 & FY 24-25 During April 2025-March 2026 (Cumulative) Cumulative Growth % (FY 25-26 w.r.t FY 24-25)
2025-12,Performance Review,2025-26,Review Report Dec 25.pdf,21,(a) NHAI - Widening to two/four/six/eight lanes and strengthening of existing weak pavement (Kms.),achievement,2025-12,cumulative,509.0,Kms,509.00,Annexure - A Infrastructure Sector Performance during December 2025 and April-December FY 25-26 & FY 24-25 During December Production D e c ember FY 25-26
2025-12,Performance Review,2025-26,Review Report Dec 25.pdf,21,(a) NHAI - Widening to two/four/six/eight lanes and strengthening of existing weak pavement (Kms.),achievement,2025-12,cumulative,2862.0,Kms,2862.00,Annexure - A Infrastructure Sector Performance during December 2025 and April-December FY 25-26 & FY 24-25 During April 2025-March 2026 (Cumulative) Production upto December FY 25-26
2025-12,Performance Review,2025-26,Review Report Dec 25.pdf,21,(a) NHAI - Widening to two/four/six/eight lanes and strengthening of existing weak pavement (Kms.),achievement,2025-12,cumulative,3090.0,Kms,3090.00,Annexure - A Infrastructure Sector Performance during December 2025 and April-December FY 25-26 & FY 24-25 During April 2025-March 2026 (Cumulative) Production upto December FY 24-25
2025-12,Performance Review,2025-26,Review Report Dec 25.pdf,21,(a) NHAI - Widening to two/four/six/eight lanes and strengthening of existing weak pavement (Kms.),achievement_pct,2025-12,cumulative,118.1,Kms,118.10,Annexure - A Infrastructure Sector Performance during December 2025 and April-December FY 25-26 & FY 24-25 During December Achievement ( % of Target )
2025-12,Performance Review,2025-26,Review Report Dec 25.pdf,21,(a) NHAI - Widening to two/four/six/eight lanes and strengthening of existing weak pavement (Kms.),achievement_pct,2025-12,cumulative,136.03,Kms,136.03,Annexure - A Infrastructure Sector Performance during December 2025 and April-December FY 25-26 & FY 24-25 During April 2025-March 2026 (Cumulative) Achievem ent ( % of Target )
2025-12,Performance Review,2025-26,Review Report Dec 25.pdf,21,(a) NHAI - Widening to two/four/six/eight lanes and strengthening of existing weak pavement (Kms.),growth_pct,2025-12,cumulative,-23.46,Kms,-23.46,Annexure - A Infrastructure Sector Performance during December 2025 and April-December FY 25-26 & FY 24-25 During December Growth % Y-o-Y (FY 25-26 w.r.t FY 24-25)
2025-12,Performance Review,2025-26,Review Report Dec 25.pdf,21,(a) NHAI - Widening to two/four/six/eight lanes and strengthening of existing weak pavement (Kms.),growth_pct,2025-12,cumulative,-7.38,Kms,-7.38,Annexure - A Infrastructure Sector Performance during December 2025 and April-December FY 25-26 & FY 24-25 During April 2025-March 2026 (Cumulative) Cumulative Growth % (FY 25-26 w.r.t FY 24-25)
2025-12,Performance Review,2025-26,Review Report Dec 25.pdf,21,(a) NHAI - Widening to two/four/six/eight lanes and strengthening of existing weak pavement (Kms.),target,2025-12,cumulative,431.0,Kms,431.00,Annexure - A Infrastructure Sector Performance during December 2025 and April-December FY 25-26 & FY 24-25 During December Target December FY 25-26
2025-12,Performance Review,2025-26,Review Report Dec 25.pdf,21,(a) NHAI - Widening to two/four/six/eight lanes and strengthening of existing weak pavement (Kms.),target,2025-12,cumulative,2104.0,Kms,2104.00,Annexure - A Infrastructure Sector Performance during December 2025 and April-December FY 25-26 & FY 24-25 During April 2025-March 2026 (Cumulative) Target upto December FY 25-26
2025-12,Performance Review,2025-26,Review Report Dec 25.pdf,21,(b) State PWD and Border Road Organisation (B,achievement,2025-12,cumulative,282.0,,282.000,Annexure - A Infrastructure Sector Performance during December 2025 and April-December FY 25-26 & FY 24-25 During December Production D e c ember FY 25-26
2025-12,Performance Review,2025-26,Review Report Dec 25.pdf,21,(b) State PWD and Border Road Organisation (B,achievement,2025-12,cumulative,1935.0,,1935.000,Annexure - A Infrastructure Sector Performance during December 2025 and April-December FY 25-26 & FY 24-25 During April 2025-March 2026 (Cumulative) Production upto December FY 25-26
2025-12,Performance Review,2025-26,Review Report Dec 25.pdf,21,(b) State PWD and Border Road Organisation (B,achievement,2025-12,cumulative,2442.89,,2442.890,Annexure - A Infrastructure Sector Performance during December 2025 and April-December FY 25-26 & FY 24-25 During April 2025-March 2026 (Cumulative) Production upto December FY 24-25
2025-12,Performance Review,2025-26,Review Report Dec 25.pdf,21,(b) State PWD and Border Road Organisation (B,achievement_pct,2025-12,cumulative,163.01,,163.01,Annexure - A Infrastructure Sector Performance during December 2025 and April-December FY 25-26 & FY 24-25 During December Achievement ( % of Target )
2025-12,Performance Review,2025-26,Review Report Dec 25.pdf,21,(b) State PWD and Border Road Organisation (B,achievement_pct,2025-12,cumulative,80.36,,80.36,Annexure - A Infrastructure Sector Performance during December 2025 and April-December FY 25-26 & FY 24-25 During April 2025-March 2026 (Cumulative) Achievem ent ( % of Target )
2025-12,Performance Review,2025-26,Review Report Dec 25.pdf,21,(b) State PWD and Border Road Organisation (B,growth_pct,2025-12,cumulative,-16.99,,-16.99,Annexure - A Infrastructure Sector Performance during December 2025 and April-December FY 25-26 & FY 24-25 During December Growth % Y-o-Y (FY 25-26 w.r.t FY 24-25)
2025-12,Performance Review,2025-26,Review Report Dec 25.pdf,21,(b) State PWD and Border Road Organisation (B,growth_pct,2025-12,cumulative,-20.79,,-20.79,Annexure - A Infrastructure Sector Performance during December 2025 and April-December FY 25-26 & FY 24-25 During April 2025-March 2026 (Cumulative) Cumulative Growth % (FY 25-26 w.r.t FY 24-25)
2025-12,Performance Review,2025-26,Review Report Dec 25.pdf,21,(b) State PWD and Border Road Organisation (B,target,2025-12,cumulative,2408.0,,2408.0,Annexure - A Infrastructure Sector Performance during December 2025 and April-December FY 25-26 & FY 24-25 During April 2025-March 2026 (Cumulative) Target upto December FY 25-26
2025-12,Performance Review,2025-26,Review Report Dec 25.pdf,30,All India - Total,achievement,2025-12,monthly,101.44,,101.440,December 2025 Achievement (Provisional) 5.210 3.290 8.290 12.050 6.540 18.370 21.900 0.020
2025-12,Performance Review,2025-26,Review Report Dec 25.pdf,30,All India - Total,achievement,2025-12,cumulative,721.65,,721.650,April-December 2025 Achievement (Provisional) 33.480 24.650 50.940 105.300 40.070 118.980 155.590 0.170
2025-12,Performance Review,2025-26,Review Report Dec 25.pdf,33,All India - Total,achievement,2025-12,monthly,90.17,,90.170,December 2025 Achievement (Provisional) 3.990 2.830 7.600 11.750 5.470 16.400 17.890 0.030
2025-12,Performance Review,2025-26,Review Report Dec 25.pdf,33,All India - Total,achievement,2025-12,cumulative,742.01,,742.010,April-December 2025 Achievement (Provisional) 33.670 25.850 53.250 102.750 43.660 129.350 157.070 0.130
2025-12,Performance Review,2025-26,Review Report Dec 25.pdf,30,All India - Total,target,2025-12,monthly,87.06,,87.060,December 2025 Target 5.620 4.030 10.080 12.790 6.910 18.980 21.600 0.020
2025-12,Performance Review,2025-26,Review Report Dec 25.pdf,30,All India - Total,target,2025-12,cumulative,656.982,,656.982,April-December 2025 Target 38.750 33.160 74.250 105.650 45.090 140.460 167.840 0.190
2025-12,Performance Review,2025-26,Review Report Dec 25.pdf,33,All India - Total,target,2025-12,monthly,88.46,,88.460,December 2025 Target 5.430 3.880 9.920 12.870 7.130 19.380 22.790 0.030
2025-12,Performance Review,2025-26,Review Report Dec 25.pdf,33,All India - Total,target,2025-12,cumulative,707.82,,707.820,April-December 2025 Target 43.800 33.460 80.220 104.870 50.070 158.520 185.260 0.150
2025-12,Performance Review,2025-26,Review Report Dec 25.pdf,30,All India - Total,variation_pct,2025-12,monthly,16.52,,16.52,% Variation Over Target December 2025 -7.30 -18.36 -17.76 -5.79 -5.35 -3.21 1.39 0.00
2025-12,Performance Review,2025-26,Review Report Dec 25.pdf,30,All India - Total,variation_pct,2025-12,cumulative,4.45,,4.45,% Variation Over Target April- December 2025 -13.59 -25.65 -31.41 -0.02 -11.14 -15.55 -7.30 -12.82
2025-12,Performance Review,2025-26,Review Report Dec 25.pdf,33,All India - Total,variation_pct,2025-12,monthly,1.96,,1.96,% Variation Over Target December 2025 -26.52 -27.06 -23.39 -8.70 -23.28 -15.38 -21.50 0.00
2025-12,Performance Review,2025-26,Review Report Dec 25.pdf,33,All India - Total,variation_pct,2025-12,cumulative,0.04,,0.04,% Variation Over Target April- December 2025 -23.13 -22.74 -33.61 -2.02 -12.80 -18.40 -15.22 -15.58
2025-12,Performance Review,2025-26,Review Report Dec 25.pdf,41,All India Total (A+B),achievement,2025-12,monthly,2333.27,,2333.27,December 2025 Achievement (Provisional) A. Oil & Natural Gas corporation (ONGC) Gujarat 423.01 372.08 390.76 -12.04 -4.78 Assam 99.89 89.48 90.19 -10.42 -0.79 Tamil Nadu 20.00 14.85 16.10 -25.75 -7.76 Offshore 1130.34 1007.87 1059.40 -10.83 -4.86 Andhra Pradesh 21.67 19.03 19.70 -12.18 -3.40 Tripura 0.19 0.20 0.13 5.26 53.85
2025-12,Performance Review,2025-26,Review Report Dec 25.pdf,41,All India Total (A+B),target,2025-12,monthly,2700.51,,2700.51,December 2025 Target A. Oil & Natural Gas corporation (ONGC) Gujarat 423.01 372.08 390.76 -12.04 -4.78 Assam 99.89 89.48 90.19 -10.42 -0.79 Tamil Nadu 20.00 14.85 16.10 -25.75 -7.76 Offshore 1130.34 1007.87 1059.40 -10.83 -4.86 Andhra Pradesh 21.67 19.03 19.70 -12.18 -3.40 Tripura 0.19 0.20 0.13 5.26 53.85
2025-12,Performance Review,2025-26,Review Report Dec 25.pdf,41,All India Total (A+B),variation_pct,2025-12,monthly,-13.6,,-13.60,% Variation Over Target December 2025 A. Oil & Natural Gas corporation (ONGC) Gujarat 423.01 372.08 390.76 -12.04 -4.78 Assam 99.89 89.48 90.19 -10.42 -0.79 Tamil Nadu 20.00 14.85 16.10 -25.75 -7.76 Offshore 1130.34 1007.87 1059.40 -10.83 -4.86 Andhra Pradesh 21.67 19.03 19.70 -12.18 -3.40 Tripura 0.19 0.20 0.13 5.26 53.85
2025-12,Performance Review,2025-26,Review Report Dec 25.pdf,37,All India Total (A+B+C),achievement,2025-12,monthly,460.57,,460.57,December 2025 Achievement (Provisional) 0.00 0.00
2025-12,Performance Review,2025-26,Review Report Dec 25.pdf,42,All India Total (A+B+C),achievement,2025-12,cumulative,21176.58,,21176.58,April-December 2025 Achievement (Provisional) A. Oil & Natural Gas corporation (ONGC) Gujarat * 3635.19 3353.81 3424.64 -7.74 -2.07 Assam * 880.19 787.01 789.40 -10.59 -0.30 Tamil Nadu * 177.00 138.36 152.83 -21.83 -9.47 Offshore * 9937.72 9008.35 9414.12 -9.35 -4.31 Andhra Pradesh * 188.54 166.83 169.05 -11.51 -1.31 Tripura * 1.68 1.31 1.20 -22.02 9.17
2025-12,Performance Review,2025-26,Review Report Dec 25.pdf,47,All India Total (A+B+C),achievement,2025-12,monthly,2932.69,,2932.69,December 2025 Achievement (Provisional) A. Oil & Natural Gas corporation (ONGC) Gujarat 68.90 69.62 71.67 1.04 -2.86 Assam 37.31 31.78 27.55 -14.82 15.35 Tamil Nadu 86.77 78.67 82.36 -9.34 -4.48 Offshore 1328.48 1243.75 1242.87 -6.38 0.07 Andhra Pradesh 70.11 59.24 64.46 -15.50 -8.10 Tripura 137.65 109.28 105.30 -20.61 3.78 Rajasthan 1.50 0.00 0.00 -100.00 -
2025-12,Performance Review,2025-26,Review Report Dec 25.pdf,48,All India Total (A+B+C),achievement,2025-12,cumulative,26348.34,,26348.34,April-December 2025 Achievement (Provisional) A. Oil & Natural Gas corporation (ONGC) Gujarat * 614.28 623.86 602.84 1.56 3.49 Assam * 324.99 266.67 258.69 -17.95 3.08 Tamil Nadu * 749.22 695.21 750.05 -7.21 -7.31 Offshore * 11303.45 10896.34 11081.06 -3.60 -1.67 Andhra Pradesh * 599.64 545.65 554.30 -9.01 -1.56 Tripura * 1175.58 917.10 921.93 -21.99 -0.52 Rajasthan * 11.50 0.00 0.00 -100.00 -
2025-12,Performance Review,2025-26,Review Report Dec 25.pdf,42,All India Total (A+B+C),target,2025-12,cumulative,23568.71,,23568.71,April-December 2025 Target A. Oil & Natural Gas corporation (ONGC) Gujarat * 3635.19 3353.81 3424.64 -7.74 -2.07 Assam * 880.19 787.01 789.40 -10.59 -0.30 Tamil Nadu * 177.00 138.36 152.83 -21.83 -9.47 Offshore * 9937.72 9008.35 9414.12 -9.35 -4.31 Andhra Pradesh * 188.54 166.83 169.05 -11.51 -1.31 Tripura * 1.68 1.31 1.20 -22.02 9.17
2025-12,Performance Review,2025-26,Review Report Dec 25.pdf,47,All India Total (A+B+C),target,2025-12,monthly,3131.15,,3131.15,December 2025 Target A. Oil & Natural Gas corporation (ONGC) Gujarat 68.90 69.62 71.67 1.04 -2.86 Assam 37.31 31.78 27.55 -14.82 15.35 Tamil Nadu 86.77 78.67 82.36 -9.34 -4.48 Offshore 1328.48 1243.75 1242.87 -6.38 0.07 Andhra Pradesh 70.11 59.24 64.46 -15.50 -8.10 Tripura 137.65 109.28 105.30 -20.61 3.78 Rajasthan 1.50 0.00 0.00 -100.00 -
2025-12,Performance Review,2025-26,Review Report Dec 25.pdf,48,All India Total (A+B+C),target,2025-12,cumulative,27320.43,,27320.43,April-December 2025 Target A. Oil & Natural Gas corporation (ONGC) Gujarat * 614.28 623.86 602.84 1.56 3.49 Assam * 324.99 266.67 258.69 -17.95 3.08 Tamil Nadu * 749.22 695.21 750.05 -7.21 -7.31 Offshore * 11303.45 10896.34 11081.06 -3.60 -1.67 Andhra Pradesh * 599.64 545.65 554.30 -9.01 -1.56 Tripura * 1175.58 917.10 921.93 -21.99 -0.52 Rajasthan * 11.50 0.00 0.00 -100.00 -
2025-12,Performance Review,2025-26,Review Report Dec 25.pdf,42,All India Total (A+B+C),variation_pct,2025-12,cumulative,-10.15,,-10.15,% Variation Over Target April- December 2025 A. Oil & Natural Gas corporation (ONGC) Gujarat * 3635.19 3353.81 3424.64 -7.74 -2.07 Assam * 880.19 787.01 789.40 -10.59 -0.30 Tamil Nadu * 177.00 138.36 152.83 -21.83 -9.47 Offshore * 9937.72 9008.35 9414.12 -9.35 -4.31 Andhra Pradesh * 188.54 166.83 169.05 -11.51 -1.31 Tripura * 1.68 1.31 1.20 -22.02 9.17
2025-12,Performance Review,2025-26,Review Report Dec 25.pdf,47,All India Total (A+B+C),variation_pct,2025-12,monthly,-6.34,,-6.34,% Variation Over December 2025 Target A. Oil & Natural Gas corporation (ONGC) Gujarat 68.90 69.62 71.67 1.04 -2.86 Assam 37.31 31.78 27.55 -14.82 15.35 Tamil Nadu 86.77 78.67 82.36 -9.34 -4.48 Offshore 1328.48 1243.75 1242.87 -6.38 0.07 Andhra Pradesh 70.11 59.24 64.46 -15.50 -8.10 Tripura 137.65 109.28 105.30 -20.61 3.78 Rajasthan 1.50 0.00 0.00 -100.00 -
2025-12,Performance Review,2025-26,Review Report Dec 25.pdf,48,All India Total (A+B+C),variation_pct,2025-12,cumulative,-3.56,,-3.56,% Variation Over Target April- December 2025 A. Oil & Natural Gas corporation (ONGC) Gujarat * 614.28 623.86 602.84 1.56 3.49 Assam * 324.99 266.67 258.69 -17.95 3.08 Tamil Nadu * 749.22 695.21 750.05 -7.21 -7.31 Offshore * 11303.45 10896.34 11081.06 -3.60 -1.67 Andhra Pradesh * 599.64 545.65 554.30 -9.01 -1.56 Tripura * 1175.58 917.10 921.93 -21.99 -0.52 Rajasthan * 11.50 0.00 0.00 -100.00 -
2025-12,Performance Review,2025-26,Review Report Dec 25.pdf,38,All India Total(A+B),achievement,2025-12,monthly,1998.4,,1998.40,December 2025 Achievement (Provisional) 312.00 357.00 851.40
2025-12,Performance Review,2025-26,Review Report Dec 25.pdf,38,All India Total(A+B),achievement,2025-12,cumulative,16797.7,,16797.70,April-December 2025 Achievement (Provisional) 2468.00 3007.70 7187.60
2025-12,Performance Review,2025-26,Review Report Dec 25.pdf,38,All India Total(A+B),target,2025-12,monthly,2050.1,,2050.10,December 2025 Target 304.20 343.60 859.80
2025-12,Performance Review,2025-26,Review Report Dec 25.pdf,38,All India Total(A+B),target,2025-12,cumulative,17424.5,,17424.50,April-December 2025 Target 2440.20 2880.70 7343.70
2025-12,Performance Review,2025-26,Review Report Dec 25.pdf,38,All India Total(A+B),variation_pct,2025-12,monthly,-2.52,,-2.52,% Variation Over Target December 2025 2.56 3.90 -0.98
2025-12,Performance Review,2025-26,Review Report Dec 25.pdf,38,All India Total(A+B),variation_pct,2025-12,cumulative,-3.6,,-3.60,% Variation Over Target April- December 2025 1.14 4.41 -2.13
2025-12,Performance Review,2025-26,Review Report Dec 25.pdf,37,All India Total(A+B+C),achievement,2025-12,cumulative,3513.03,,3513.03,April-December 2025 Achievement (Provisional) 0.00 0.00
2025-12,Performance Review,2025-26,Review Report Dec 25.pdf,37,B. Private Sector,achievement,2025-12,monthly,445.73,,445.73,December 2025 Achievement (Provisional) 0.00 0.00
2025-12,Performance Review,2025-26,Review Report Dec 25.pdf,37,B. Private Sector,achievement,2025-12,cumulative,3382.58,,3382.58,April-December 2025 Achievement (Provisional) 0.00 0.00
2025-12,Performance Review,2025-26,Review Report Dec 25.pdf,41,C. DGH (JVC/Private),achievement,2025-12,monthly,548.22,,548.22,December 2025 Achievement (Provisional) A. Oil & Natural Gas corporation (ONGC) Gujarat 423.01 372.08 390.76 -12.04 -4.78 Assam 99.89 89.48 90.19 -10.42 -0.79 Tamil Nadu 20.00 14.85 16.10 -25.75 -7.76 Offshore 1130.34 1007.87 1059.40 -10.83 -4.86 Andhra Pradesh 21.67 19.03 19.70 -12.18 -3.40 Tripura 0.19 0.20 0.13 5.26 53.85
2025-12,Performance Review,2025-26,Review Report Dec 25.pdf,42,C. DGH (JVC/Private),achievement,2025-12,cumulative,5183.01,,5183.01,April-December 2025 Achievement (Provisional) A. Oil & Natural Gas corporation (ONGC) Gujarat * 3635.19 3353.81 3424.64 -7.74 -2.07 Assam * 880.19 787.01 789.40 -10.59 -0.30 Tamil Nadu * 177.00 138.36 152.83 -21.83 -9.47 Offshore * 9937.72 9008.35 9414.12 -9.35 -4.31 Andhra Pradesh * 188.54 166.83 169.05 -11.51 -1.31 Tripura * 1.68 1.31 1.20 -22.02 9.17
2025-12,Performance Review,2025-26,Review Report Dec 25.pdf,47,C. DGH (JVC/Private),achievement,2025-12,monthly,1099.9,,1099.90,December 2025 Achievement (Provisional) A. Oil & Natural Gas corporation (ONGC) Gujarat 68.90 69.62 71.67 1.04 -2.86 Assam 37.31 31.78 27.55 -14.82 15.35 Tamil Nadu 86.77 78.67 82.36 -9.34 -4.48 Offshore 1328.48 1243.75 1242.87 -6.38 0.07 Andhra Pradesh 70.11 59.24 64.46 -15.50 -8.10 Tripura 137.65 109.28 105.30 -20.61 3.78 Rajasthan 1.50 0.00 0.00 -100.00 -
2025-12,Performance Review,2025-26,Review Report Dec 25.pdf,48,C. DGH (JVC/Private),achievement,2025-12,cumulative,10040.68,,10040.68,April-December 2025 Achievement (Provisional) A. Oil & Natural Gas corporation (ONGC) Gujarat * 614.28 623.86 602.84 1.56 3.49 Assam * 324.99 266.67 258.69 -17.95 3.08 Tamil Nadu * 749.22 695.21 750.05 -7.21 -7.31 Offshore * 11303.45 10896.34 11081.06 -3.60 -1.67 Andhra Pradesh * 599.64 545.65 554.30 -9.01 -1.56 Tripura * 1175.58 917.10 921.93 -21.99 -0.52 Rajasthan * 11.50 0.00 0.00 -100.00 -
2025-12,Performance Review,2025-26,Review Report Dec 25.pdf,41,C. DGH (JVC/Private),target,2025-12,monthly,675.5,,675.50,December 2025 Target A. Oil & Natural Gas corporation (ONGC) Gujarat 423.01 372.08 390.76 -12.04 -4.78 Assam 99.89 89.48 90.19 -10.42 -0.79 Tamil Nadu 20.00 14.85 16.10 -25.75 -7.76 Offshore 1130.34 1007.87 1059.40 -10.83 -4.86 Andhra Pradesh 21.67 19.03 19.70 -12.18 -3.40 Tripura 0.19 0.20 0.13 5.26 53.85
2025-12,Performance Review,2025-26,Review Report Dec 25.pdf,42,C. DGH (JVC/Private),target,2025-12,cumulative,5938.42,,5938.42,April-December 2025 Target A. Oil & Natural Gas corporation (ONGC) Gujarat * 3635.19 3353.81 3424.64 -7.74 -2.07 Assam * 880.19 787.01 789.40 -10.59 -0.30 Tamil Nadu * 177.00 138.36 152.83 -21.83 -9.47 Offshore * 9937.72 9008.35 9414.12 -9.35 -4.31 Andhra Pradesh * 188.54 166.83 169.05 -11.51 -1.31 Tripura * 1.68 1.31 1.20 -22.02 9.17
2025-12,Performance Review,2025-26,Review Report Dec 25.pdf,47,C. DGH (JVC/Private),target,2025-12,monthly,1088.2,,1088.20,December 2025 Target A. Oil & Natural Gas corporation (ONGC) Gujarat 68.90 69.62 71.67 1.04 -2.86 Assam 37.31 31.78 27.55 -14.82 15.35 Tamil Nadu 86.77 78.67 82.36 -9.34 -4.48 Offshore 1328.48 1243.75 1242.87 -6.38 0.07 Andhra Pradesh 70.11 59.24 64.46 -15.50 -8.10 Tripura 137.65 109.28 105.30 -20.61 3.78 Rajasthan 1.50 0.00 0.00 -100.00 -
2025-12,Performance Review,2025-26,Review Report Dec 25.pdf,48,C. DGH (JVC/Private),target,2025-12,cumulative,9756.91,,9756.91,April-December 2025 Target A. Oil & Natural Gas corporation (ONGC) Gujarat * 614.28 623.86 602.84 1.56 3.49 Assam * 324.99 266.67 258.69 -17.95 3.08 Tamil Nadu * 749.22 695.21 750.05 -7.21 -7.31 Offshore * 11303.45 10896.34 11081.06 -3.60 -1.67 Andhra Pradesh * 599.64 545.65 554.30 -9.01 -1.56 Tripura * 1175.58 917.10 921.93 -21.99 -0.52 Rajasthan * 11.50 0.00 0.00 -100.00 -
2025-12,Performance Review,2025-26,Review Report Dec 25.pdf,41,C. DGH (JVC/Private),variation_pct,2025-12,monthly,-18.84,,-18.84,% Variation Over Target December 2025 A. Oil & Natural Gas corporation (ONGC) Gujarat 423.01 372.08 390.76 -12.04 -4.78 Assam 99.89 89.48 90.19 -10.42 -0.79 Tamil Nadu 20.00 14.85 16.10 -25.75 -7.76 Offshore 1130.34 1007.87 1059.40 -10.83 -4.86 Andhra Pradesh 21.67 19.03 19.70 -12.18 -3.40 Tripura 0.19 0.20 0.13 5.26 53.85
2025-12,Performance Review,2025-26,Review Report Dec 25.pdf,42,C. DGH (JVC/Private),variation_pct,2025-12,cumulative,-12.72,,-12.72,% Variation Over Target April- December 2025 A. Oil & Natural Gas corporation (ONGC) Gujarat * 3635.19 3353.81 3424.64 -7.74 -2.07 Assam * 880.19 787.01 789.40 -10.59 -0.30 Tamil Nadu * 177.00 138.36 152.83 -21.83 -9.47 Offshore * 9937.72 9008.35 9414.12 -9.35 -4.31 Andhra Pradesh * 188.54 166.83 169.05 -11.51 -1.31 Tripura * 1.68 1.31 1.20 -22.02 9.17
2025-12,Performance Review,2025-26,Review Report Dec 25.pdf,47,C. DGH (JVC/Private),variation_pct,2025-12,monthly,1.08,,1.08,% Variation Over December 2025 Target A. Oil & Natural Gas corporation (ONGC) Gujarat 68.90 69.62 71.67 1.04 -2.86 Assam 37.31 31.78 27.55 -14.82 15.35 Tamil Nadu 86.77 78.67 82.36 -9.34 -4.48 Offshore 1328.48 1243.75 1242.87 -6.38 0.07 Andhra Pradesh 70.11 59.24 64.46 -15.50 -8.10 Tripura 137.65 109.28 105.30 -20.61 3.78 Rajasthan 1.50 0.00 0.00 -100.00 -
2025-12,Performance Review,2025-26,Review Report Dec 25.pdf,48,C. DGH (JVC/Private),variation_pct,2025-12,cumulative,2.91,,2.91,% Variation Over Target April- December 2025 A. Oil & Natural Gas corporation (ONGC) Gujarat * 614.28 623.86 602.84 1.56 3.49 Assam * 324.99 266.67 258.69 -17.95 3.08 Tamil Nadu * 749.22 695.21 750.05 -7.21 -7.31 Offshore * 11303.45 10896.34 11081.06 -3.60 -1.67 Andhra Pradesh * 599.64 545.65 554.30 -9.01 -1.56 Tripura * 1175.58 917.10 921.93 -21.99 -0.52 Rajasthan * 11.50 0.00 0.00 -100.00 -
2025-12,Performance Review,2025-26,Review Report Dec 25.pdf,37,C. Mini & White,achievement,2025-12,monthly,14.84,,14.84,December 2025 Achievement (Provisional) 0.00 0.00
2025-12,Performance Review,2025-26,Review Report Dec 25.pdf,37,C. Mini & White,achievement,2025-12,cumulative,130.45,,130.45,April-December 2025 Achievement (Provisional) 0.00 0.00
2025-12,Performance Review,2025-26,Review Report Dec 25.pdf,30,CIL - Total,achievement,2025-12,monthly,75.67,,75.670,December 2025 Achievement (Provisional) 5.210 3.290 8.290 12.050 6.540 18.370 21.900 0.020
2025-12,Performance Review,2025-26,Review Report Dec 25.pdf,30,CIL - Total,achievement,2025-12,cumulative,529.18,,529.180,April-December 2025 Achievement (Provisional) 33.480 24.650 50.940 105.300 40.070 118.980 155.590 0.170
2025-12,Performance Review,2025-26,Review Report Dec 25.pdf,33,CIL - Total,achievement,2025-12,monthly,65.95,,65.950,December 2025 Achievement (Provisional) 3.990 2.830 7.600 11.750 5.470 16.400 17.890 0.030
2025-12,Performance Review,2025-26,Review Report Dec 25.pdf,33,CIL - Total,achievement,2025-12,cumulative,545.74,,545.740,April-December 2025 Achievement (Provisional) 33.670 25.850 53.250 102.750 43.660 129.350 157.070 0.130
2025-12,Performance Review,2025-26,Review Report Dec 25.pdf,30,CIL - Total,target,2025-12,monthly,80.03,,80.030,December 2025 Target 5.620 4.030 10.080 12.790 6.910 18.980 21.600 0.020
2025-12,Performance Review,2025-26,Review Report Dec 25.pdf,30,CIL - Total,target,2025-12,cumulative,605.512,,605.512,April-December 2025 Target 38.750 33.160 74.250 105.650 45.090 140.460 167.840 0.190
2025-12,Performance Review,2025-26,Review Report Dec 25.pdf,33,CIL - Total,target,2025-12,monthly,81.43,,81.430,December 2025 Target 5.430 3.880 9.920 12.870 7.130 19.380 22.790 0.030
2025-12,Performance Review,2025-26,Review Report Dec 25.pdf,33,CIL - Total,target,2025-12,cumulative,656.35,,656.350,April-December 2025 Target 43.800 33.460 80.220 104.870 50.070 158.520 185.260 0.150
2025-12,Performance Review,2025-26,Review Report Dec 25.pdf,30,CIL - Total,variation_pct,2025-12,monthly,-5.45,,-5.45,% Variation Over Target December 2025 -7.30 -18.36 -17.76 -5.79 -5.35 -3.21 1.39 0.00
2025-12,Performance Review,2025-26,Review Report Dec 25.pdf,30,CIL - Total,variation_pct,2025-12,cumulative,-12.61,,-12.61,% Variation Over Target April- December 2025 -13.59 -25.65 -31.41 -0.02 -11.14 -15.55 -7.30 -12.82
2025-12,Performance Review,2025-26,Review Report Dec 25.pdf,33,CIL - Total,variation_pct,2025-12,monthly,-19.0,,-19.00,% Variation Over Target December 2025 -26.52 -27.06 -23.39 -8.70 -23.28 -15.38 -21.50 0.00
2025-12,Performance Review,2025-26,Review Report Dec 25.pdf,33,CIL - Total,variation_pct,2025-12,cumulative,-16.85,,-16.85,% Variation Over Target April- December 2025 -23.13 -22.74 -33.61 -2.02 -12.80 -18.40 -15.22 -15.58
2025-12,Performance Review,2025-26,Review Report Dec 25.pdf,22,Cement (MT),achievement,2025-12,cumulative,351.303,MT,351.303,Achievement (as per units applicable) April - December 2025
2025-12,Performance Review,2025-26,Review Report Dec 25.pdf,22,Cement (MT),achievement,2025-12,cumulative,8.64,MT,8.64,Percent change in achievement over corresponding period of the previous year April - December 2025
2025-12,Performance Review,2025-26,Review Report Dec 25.pdf,21,Cement Production (MT),achievement,2025-12,cumulative,46.057,MT,46.057,Annexure - A Infrastructure Sector Performance during December 2025 and April-December FY 25-26 & FY 24-25 During December Production D e c ember FY 25-26
2025-12,Performance Review,2025-26,Review Report Dec 25.pdf,21,Cement Production (MT),achievement,2025-12,cumulative,351.303,MT,351.303,Annexure - A Infrastructure Sector Performance during December 2025 and April-December FY 25-26 & FY 24-25 During April 2025-March 2026 (Cumulative) Production upto December FY 25-26
2025-12,Performance Review,2025-26,Review Report Dec 25.pdf,21,Cement Production (MT),achievement,2025-12,cumulative,323.378,MT,323.378,Annexure - A Infrastructure Sector Performance during December 2025 and April-December FY 25-26 & FY 24-25 During April 2025-March 2026 (Cumulative) Production upto December FY 24-25
2025-12,Performance Review,2025-26,Review Report Dec 25.pdf,21,Cement Production (MT),growth_pct,2025-12,cumulative,13.94,MT,13.94,Annexure - A Infrastructure Sector Performance during December 2025 and April-December FY 25-26 & FY 24-25 During December Growth % Y-o-Y (FY 25-26 w.r.t FY 24-25)
2025-12,Performance Review,2025-26,Review Report Dec 25.pdf,21,Cement Production (MT),growth_pct,2025-12,cumulative,8.64,MT,8.64,Annexure - A Infrastructure Sector Performance during December 2025 and April-December FY 25-26 & FY 24-25 During April 2025-March 2026 (Cumulative) Cumulative Growth % (FY 25-26 w.r.t FY 24-25)
2025-12,Performance Review,2025-26,Review Report Dec 25.pdf,22,Coal (MT) excluding Lignite,achievement,2025-12,cumulative,721.64,,721.640,Achievement (as per units applicable) April - December 2025
2025-12,Performance Review,2025-26,Review Report Dec 25.pdf,22,Coal (MT) excluding Lignite,achievement,2025-12,cumulative,-0.64,,-0.64,Percent change in achievement over corresponding period of the previous year April - December 2025
2025-12,Performance Review,2025-26,Review Report Dec 25.pdf,21,Coal India Ltd.,achievement,2025-12,cumulative,75.67,,75.670,Annexure - A Infrastructure Sector Performance during December 2025 and April-December FY 25-26 & FY 24-25 During December Production D e c ember FY 25-26
2025-12,Performance Review,2025-26,Review Report Dec 25.pdf,21,Coal India Ltd.,achievement,2025-12,cumulative,529.18,,529.180,Annexure - A Infrastructure Sector Performance during December 2025 and April-December FY 25-26 & FY 24-25 During April 2025-March 2026 (Cumulative) Production upto December FY 25-26
2025-12,Performance Review,2025-26,Review Report Dec 25.pdf,21,Coal India Ltd.,achievement,2025-12,cumulative,543.36,,543.360,Annexure - A Infrastructure Sector Performance during December 2025 and April-December FY 25-26 & FY 24-25 During April 2025-March 2026 (Cumulative) Production upto December FY 24-25
2025-12,Performance Review,2025-26,Review Report Dec 25.pdf,21,Coal India Ltd.,achievement_pct,2025-12,cumulative,94.55,,94.55,Annexure - A Infrastructure Sector Performance during December 2025 and April-December FY 25-26 & FY 24-25 During December Achievement ( % of Target )
2025-12,Performance Review,2025-26,Review Report Dec 25.pdf,21,Coal India Ltd.,achievement_pct,2025-12,cumulative,87.39,,87.39,Annexure - A Infrastructure Sector Performance during December 2025 and April-December FY 25-26 & FY 24-25 During April 2025-March 2026 (Cumulative) Achievem ent ( % of Target )
2025-12,Performance Review,2025-26,Review Report Dec 25.pdf,21,Coal India Ltd.,growth_pct,2025-12,cumulative,4.55,,4.55,Annexure - A Infrastructure Sector Performance during December 2025 and April-December FY 25-26 & FY 24-25 During December Growth % Y-o-Y (FY 25-26 w.r.t FY 24-25)
2025-12,Performance Review,2025-26,Review Report Dec 25.pdf,21,Coal India Ltd.,growth_pct,2025-12,cumulative,-2.61,,-2.61,Annexure - A Infrastructure Sector Performance during December 2025 and April-December FY 25-26 & FY 24-25 During April 2025-March 2026 (Cumulative) Cumulative Growth % (FY 25-26 w.r.t FY 24-25)
2025-12,Performance Review,2025-26,Review Report Dec 25.pdf,21,Coal India Ltd.,target,2025-12,cumulative,80.03,,80.030,Annexure - A Infrastructure Sector Performance during December 2025 and April-December FY 25-26 & FY 24-25 During December Target December FY 25-26
2025-12,Performance Review,2025-26,Review Report Dec 25.pdf,21,Coal India Ltd.,target,2025-12,cumulative,605.512,,605.512,Annexure - A Infrastructure Sector Performance during December 2025 and April-December FY 25-26 & FY 24-25 During April 2025-March 2026 (Cumulative) Target upto December FY 25-26
2025-12,Performance Review,2025-26,Review Report Dec 25.pdf,49,Construction of Bridges (Nos.),achievement,2025-12,monthly,0.0,Nos,0,December 2025 Achievement (Provisional)
2025-12,Performance Review,2025-26,Review Report Dec 25.pdf,49,Construction of Bridges (Nos.),achievement,2025-12,cumulative,0.0,Nos,0,April-December 2025 Achievement (Provisional)
2025-12,Performance Review,2025-26,Review Report Dec 25.pdf,49,Construction of Bridges (Nos.),target,2025-12,monthly,0.0,Nos,0,December 2025 Target
2025-12,Performance Review,2025-26,Review Report Dec 25.pdf,49,Construction of Bridges (Nos.),target,2025-12,cumulative,0.0,Nos,0,April-December 2025 Target
2025-12,Performance Review,2025-26,Review Report Dec 25.pdf,50,Construction of Missing Links (Kms.),achievement,2025-12,monthly,0.0,Kms,0.00,December 2025 Achievement (Provisional)
2025-12,Performance Review,2025-26,Review Report Dec 25.pdf,50,Construction of Missing Links (Kms.),achievement,2025-12,cumulative,0.0,Kms,0.00,April-December 2025 Achievement (Provisional)
2025-12,Performance Review,2025-26,Review Report Dec 25.pdf,50,Construction of Missing Links (Kms.),target,2025-12,monthly,0.0,Kms,0.00,December 2025 Target
2025-12,Performance Review,2025-26,Review Report Dec 25.pdf,50,Construction of Missing Links (Kms.),target,2025-12,cumulative,0.0,Kms,0.00,April-December 2025 Target
2025-12,Performance Review,2025-26,Review Report Dec 25.pdf,49,Construction of bypass (Nos.),achievement,2025-12,monthly,0.0,Nos,0,December 2025 Achievement (Provisional)
2025-12,Performance Review,2025-26,Review Report Dec 25.pdf,49,Construction of bypass (Nos.),achievement,2025-12,cumulative,0.0,Nos,0,April-December 2025 Achievement (Provisional)
2025-12,Performance Review,2025-26,Review Report Dec 25.pdf,49,Construction of bypass (Nos.),target,2025-12,monthly,0.0,Nos,0,December 2025 Target
2025-12,Performance Review,2025-26,Review Report Dec 25.pdf,49,Construction of bypass (Nos.),target,2025-12,cumulative,0.0,Nos,0,April-December 2025 Target
2025-12,Performance Review,2025-26,Review Report Dec 25.pdf,50,Construction of bypasses (Nos.),achievement,2025-12,monthly,0.0,Nos,0,December 2025 Achievement (Provisional)
2025-12,Performance Review,2025-26,Review Report Dec 25.pdf,50,Construction of bypasses (Nos.),achievement,2025-12,cumulative,0.0,Nos,0,April-December 2025 Achievement (Provisional)
2025-12,Performance Review,2025-26,Review Report Dec 25.pdf,50,Construction of bypasses (Nos.),target,2025-12,monthly,0.0,Nos,0,December 2025 Target
2025-12,Performance Review,2025-26,Review Report Dec 25.pdf,50,Construction of bypasses (Nos.),target,2025-12,cumulative,0.0,Nos,0,April-December 2025 Target
2025-12,Performance Review,2025-26,Review Report Dec 25.pdf,21,Fertilisers Production ('Th Tonnes),achievement,2025-12,cumulative,4690.0,,4690.000,Annexure - A Infrastructure Sector Performance during December 2025 and April-December FY 25-26 & FY 24-25 During December Production D e c ember FY 25-26
2025-12,Performance Review,2025-26,Review Report Dec 25.pdf,21,Fertilisers Production ('Th Tonnes),achievement,2025-12,cumulative,39249.9,,39249.900,Annexure - A Infrastructure Sector Performance during December 2025 and April-December FY 25-26 & FY 24-25 During April 2025-March 2026 (Cumulative) Production upto December FY 25-26
2025-12,Performance Review,2025-26,Review Report Dec 25.pdf,21,Fertilisers Production ('Th Tonnes),achievement,2025-12,cumulative,39956.4,,39956.400,Annexure - A Infrastructure Sector Performance during December 2025 and April-December FY 25-26 & FY 24-25 During April 2025-March 2026 (Cumulative) Production upto December FY 24-25
2025-12,Performance Review,2025-26,Review Report Dec 25.pdf,21,Fertilisers Production ('Th Tonnes),achievement_pct,2025-12,cumulative,98.04,,98.04,Annexure - A Infrastructure Sector Performance during December 2025 and April-December FY 25-26 & FY 24-25 During December Achievement ( % of Target )
2025-12,Performance Review,2025-26,Review Report Dec 25.pdf,21,Fertilisers Production ('Th Tonnes),achievement_pct,2025-12,cumulative,97.45,,97.45,Annexure - A Infrastructure Sector Performance during December 2025 and April-December FY 25-26 & FY 24-25 During April 2025-March 2026 (Cumulative) Achievem ent ( % of Target )
2025-12,Performance Review,2025-26,Review Report Dec 25.pdf,21,Fertilisers Production ('Th Tonnes),growth_pct,2025-12,cumulative,1.62,,1.62,Annexure - A Infrastructure Sector Performance during December 2025 and April-December FY 25-26 & FY 24-25 During December Growth % Y-o-Y (FY 25-26 w.r.t FY 24-25)
2025-12,Performance Review,2025-26,Review Report Dec 25.pdf,21,Fertilisers Production ('Th Tonnes),growth_pct,2025-12,cumulative,-1.77,,-1.77,Annexure - A Infrastructure Sector Performance during December 2025 and April-December FY 25-26 & FY 24-25 During April 2025-March 2026 (Cumulative) Cumulative Growth % (FY 25-26 w.r.t FY 24-25)
2025-12,Performance Review,2025-26,Review Report Dec 25.pdf,21,Fertilisers Production ('Th Tonnes),target,2025-12,cumulative,4783.58,,4783.580,Annexure - A Infrastructure Sector Performance during December 2025 and April-December FY 25-26 & FY 24-25 During December Target December FY 25-26
2025-12,Performance Review,2025-26,Review Report Dec 25.pdf,21,Fertilisers Production ('Th Tonnes),target,2025-12,cumulative,40278.85,,40278.850,Annexure - A Infrastructure Sector Performance during December 2025 and April-December FY 25-26 & FY 24-25 During April 2025-March 2026 (Cumulative) Target upto December FY 25-26
2025-12,Performance Review,2025-26,Review Report Dec 25.pdf,22,Fertilizers (MT) includes Nitrogen and Phosphate Production only,achievement,2025-12,cumulative,39.2499,,39.2499,Achievement (as per units applicable) April - December 2025
2025-12,Performance Review,2025-26,Review Report Dec 25.pdf,22,Fertilizers (MT) includes Nitrogen and Phosphate Production only,achievement,2025-12,cumulative,-1.77,,-1.77,Percent change in achievement over corresponding period of the previous year April - December 2025
2025-12,Performance Review,2025-26,Review Report Dec 25.pdf,22,Freight Traffic (MT),achievement,2025-12,cumulative,1216.77,MT,1216.770,Achievement (as per units applicable) April - December 2025
2025-12,Performance Review,2025-26,Review Report Dec 25.pdf,22,Freight Traffic (MT),achievement,2025-12,cumulative,3.25,MT,3.25,Percent change in achievement over corresponding period of the previous year April - December 2025
2025-12,Performance Review,2025-26,Review Report Dec 25.pdf,21,"Gauge, Doubling & New line (in Kms)",achievement,2025-12,cumulative,196.0,,196.000,Annexure - A Infrastructure Sector Performance during December 2025 and April-December FY 25-26 & FY 24-25 During December Production D e c ember FY 25-26
2025-12,Performance Review,2025-26,Review Report Dec 25.pdf,21,"Gauge, Doubling & New line (in Kms)",achievement,2025-12,cumulative,1111.0,,1111.000,Annexure - A Infrastructure Sector Performance during December 2025 and April-December FY 25-26 & FY 24-25 During April 2025-March 2026 (Cumulative) Production upto December FY 25-26
2025-12,Performance Review,2025-26,Review Report Dec 25.pdf,21,"Gauge, Doubling & New line (in Kms)",achievement,2025-12,cumulative,2182.0,,2182.000,Annexure - A Infrastructure Sector Performance during December 2025 and April-December FY 25-26 & FY 24-25 During April 2025-March 2026 (Cumulative) Production upto December FY 24-25
2025-12,Performance Review,2025-26,Review Report Dec 25.pdf,21,"Gauge, Doubling & New line (in Kms)",growth_pct,2025-12,cumulative,20.99,,20.99,Annexure - A Infrastructure Sector Performance during December 2025 and April-December FY 25-26 & FY 24-25 During December Growth % Y-o-Y (FY 25-26 w.r.t FY 24-25)
2025-12,Performance Review,2025-26,Review Report Dec 25.pdf,21,"Gauge, Doubling & New line (in Kms)",growth_pct,2025-12,cumulative,-49.08,,-49.08,Annexure - A Infrastructure Sector Performance during December 2025 and April-December FY 25-26 & FY 24-25 During April 2025-March 2026 (Cumulative) Cumulative Growth % (FY 25-26 w.r.t FY 24-25)
2025-12,Performance Review,2025-26,Review Report Dec 25.pdf,21,I. Coal Production (MT),achievement,2025-12,cumulative,101.44,MT,101.440,Annexure - A Infrastructure Sector Performance during December 2025 and April-December FY 25-26 & FY 24-25 During December Production D e c ember FY 25-26
2025-12,Performance Review,2025-26,Review Report Dec 25.pdf,21,I. Coal Production (MT),achievement,2025-12,cumulative,721.64,MT,721.640,Annexure - A Infrastructure Sector Performance during December 2025 and April-December FY 25-26 & FY 24-25 During April 2025-March 2026 (Cumulative) Production upto December FY 25-26
2025-12,Performance Review,2025-26,Review Report Dec 25.pdf,21,I. Coal Production (MT),achievement,2025-12,cumulative,726.31,MT,726.310,Annexure - A Infrastructure Sector Performance during December 2025 and April-December FY 25-26 & FY 24-25 During April 2025-March 2026 (Cumulative) Production upto December FY 24-25
2025-12,Performance Review,2025-26,Review Report Dec 25.pdf,21,I. Coal Production (MT),achievement_pct,2025-12,cumulative,116.52,MT,116.52,Annexure - A Infrastructure Sector Performance during December 2025 and April-December FY 25-26 & FY 24-25 During December Achievement ( % of Target )
2025-12,Performance Review,2025-26,Review Report Dec 25.pdf,21,I. Coal Production (MT),achievement_pct,2025-12,cumulative,109.84,MT,109.84,Annexure - A Infrastructure Sector Performance during December 2025 and April-December FY 25-26 & FY 24-25 During April 2025-March 2026 (Cumulative) Achievem ent ( % of Target )
2025-12,Performance Review,2025-26,Review Report Dec 25.pdf,21,I. Coal Production (MT),growth_pct,2025-12,cumulative,3.56,MT,3.56,Annexure - A Infrastructure Sector Performance during December 2025 and April-December FY 25-26 & FY 24-25 During December Growth % Y-o-Y (FY 25-26 w.r.t FY 24-25)
2025-12,Performance Review,2025-26,Review Report Dec 25.pdf,21,I. Coal Production (MT),growth_pct,2025-12,cumulative,-0.64,MT,-0.64,Annexure - A Infrastructure Sector Performance during December 2025 and April-December FY 25-26 & FY 24-25 During April 2025-March 2026 (Cumulative) Cumulative Growth % (FY 25-26 w.r.t FY 24-25)
2025-12,Performance Review,2025-26,Review Report Dec 25.pdf,21,I. Coal Production (MT),target,2025-12,cumulative,87.06,MT,87.060,Annexure - A Infrastructure Sector Performance during December 2025 and April-December FY 25-26 & FY 24-25 During December Target December FY 25-26
2025-12,Performance Review,2025-26,Review Report Dec 25.pdf,21,I. Coal Production (MT),target,2025-12,cumulative,656.982,MT,656.982,Annexure - A Infrastructure Sector Performance during December 2025 and April-December FY 25-26 & FY 24-25 During April 2025-March 2026 (Cumulative) Target upto December FY 25-26
2025-12,Performance Review,2025-26,Review Report Dec 25.pdf,21,I. Power Generation: Non-Renewable Energy (B,achievement,2025-12,cumulative,117.64,,117.640,Annexure - A Infrastructure Sector Performance during December 2025 and April-December FY 25-26 & FY 24-25 During December Production D e c ember FY 25-26
2025-12,Performance Review,2025-26,Review Report Dec 25.pdf,21,I. Power Generation: Non-Renewable Energy (B,achievement,2025-12,cumulative,1011.732,,1011.732,Annexure - A Infrastructure Sector Performance during December 2025 and April-December FY 25-26 & FY 24-25 During April 2025-March 2026 (Cumulative) Production upto December FY 25-26
2025-12,Performance Review,2025-26,Review Report Dec 25.pdf,21,I. Power Generation: Non-Renewable Energy (B,achievement,2025-12,cumulative,1064.443,,1064.443,Annexure - A Infrastructure Sector Performance during December 2025 and April-December FY 25-26 & FY 24-25 During April 2025-March 2026 (Cumulative) Production upto December FY 24-25
2025-12,Performance Review,2025-26,Review Report Dec 25.pdf,21,I. Power Generation: Non-Renewable Energy (B,achievement_pct,2025-12,cumulative,94.16,,94.16,Annexure - A Infrastructure Sector Performance during December 2025 and April-December FY 25-26 & FY 24-25 During December Achievement ( % of Target )
2025-12,Performance Review,2025-26,Review Report Dec 25.pdf,21,I. Power Generation: Non-Renewable Energy (B,achievement_pct,2025-12,cumulative,86.58,,86.58,Annexure - A Infrastructure Sector Performance during December 2025 and April-December FY 25-26 & FY 24-25 During April 2025-March 2026 (Cumulative) Achievem ent ( % of Target )
2025-12,Performance Review,2025-26,Review Report Dec 25.pdf,21,I. Power Generation: Non-Renewable Energy (B,growth_pct,2025-12,cumulative,3.81,,3.81,Annexure - A Infrastructure Sector Performance during December 2025 and April-December FY 25-26 & FY 24-25 During December Growth % Y-o-Y (FY 25-26 w.r.t FY 24-25)
2025-12,Performance Review,2025-26,Review Report Dec 25.pdf,21,I. Power Generation: Non-Renewable Energy (B,growth_pct,2025-12,cumulative,-4.95,,-4.95,Annexure - A Infrastructure Sector Performance during December 2025 and April-December FY 25-26 & FY 24-25 During April 2025-March 2026 (Cumulative) Cumulative Growth % (FY 25-26 w.r.t FY 24-25)
2025-12,Performance Review,2025-26,Review Report Dec 25.pdf,21,I. Power Generation: Non-Renewable Energy (B,target,2025-12,cumulative,1168.525,,1168.525,Annexure - A Infrastructure Sector Performance during December 2025 and April-December FY 25-26 & FY 24-25 During April 2025-March 2026 (Cumulative) Target upto December FY 25-26
2025-12,Performance Review,2025-26,Review Report Dec 25.pdf,21,I. Production of Finished Steel ('Th Tonnes): Main Producers,achievement,2025-12,cumulative,7774.0,,7774.000,Annexure - A Infrastructure Sector Performance during December 2025 and April-December FY 25-26 & FY 24-25 During December Production D e c ember FY 25-26
2025-12,Performance Review,2025-26,Review Report Dec 25.pdf,21,I. Production of Finished Steel ('Th Tonnes): Main Producers,achievement,2025-12,cumulative,65341.0,,65341.000,Annexure - A Infrastructure Sector Performance during December 2025 and April-December FY 25-26 & FY 24-25 During April 2025-March 2026 (Cumulative) Production upto December FY 25-26
2025-12,Performance Review,2025-26,Review Report Dec 25.pdf,21,I. Production of Finished Steel ('Th Tonnes): Main Producers,achievement,2025-12,cumulative,58586.0,,58586.000,Annexure - A Infrastructure Sector Performance during December 2025 and April-December FY 25-26 & FY 24-25 During April 2025-March 2026 (Cumulative) Production upto December FY 24-25
2025-12,Performance Review,2025-26,Review Report Dec 25.pdf,21,I. Production of Finished Steel ('Th Tonnes): Main Producers,growth_pct,2025-12,cumulative,10.98,,10.98,Annexure - A Infrastructure Sector Performance during December 2025 and April-December FY 25-26 & FY 24-25 During December Growth % Y-o-Y (FY 25-26 w.r.t FY 24-25)
2025-12,Performance Review,2025-26,Review Report Dec 25.pdf,21,I. Production of Finished Steel ('Th Tonnes): Main Producers,growth_pct,2025-12,cumulative,11.53,,11.53,Annexure - A Infrastructure Sector Performance during December 2025 and April-December FY 25-26 & FY 24-25 During April 2025-March 2026 (Cumulative) Cumulative Growth % (FY 25-26 w.r.t FY 24-25)
2025-12,Performance Review,2025-26,Review Report Dec 25.pdf,21,I. Total Telephone Subscribers(in million),achievement,2025-12,cumulative,1007.4,,1007.4,Annexure - A Infrastructure Sector Performance during December 2025 and April-December FY 25-26 & FY 24-25 During December Production D e c ember FY 25-26
2025-12,Performance Review,2025-26,Review Report Dec 25.pdf,21,I. Total Telephone Subscribers(in million),growth_pct,2025-12,cumulative,6.6,,6.60,Annexure - A Infrastructure Sector Performance during December 2025 and April-December FY 25-26 & FY 24-25 During December Growth % Y-o-Y (FY 25-26 w.r.t FY 24-25)
2025-12,Performance Review,2025-26,Review Report Dec 25.pdf,21,II. Lignite Production (MT),achievement,2025-12,cumulative,3.69,MT,3.690,Annexure - A Infrastructure Sector Performance during December 2025 and April-December FY 25-26 & FY 24-25 During December Production D e c ember FY 25-26
2025-12,Performance Review,2025-26,Review Report Dec 25.pdf,21,II. Lignite Production (MT),achievement,2025-12,cumulative,28.32,MT,28.320,Annexure - A Infrastructure Sector Performance during December 2025 and April-December FY 25-26 & FY 24-25 During April 2025-March 2026 (Cumulative) Production upto December FY 25-26
2025-12,Performance Review,2025-26,Review Report Dec 25.pdf,21,II. Lignite Production (MT),achievement,2025-12,cumulative,32.29,MT,32.290,Annexure - A Infrastructure Sector Performance during December 2025 and April-December FY 25-26 & FY 24-25 During April 2025-March 2026 (Cumulative) Production upto December FY 24-25
2025-12,Performance Review,2025-26,Review Report Dec 25.pdf,21,II. Lignite Production (MT),growth_pct,2025-12,cumulative,2.79,MT,2.79,Annexure - A Infrastructure Sector Performance during December 2025 and April-December FY 25-26 & FY 24-25 During December Growth % Y-o-Y (FY 25-26 w.r.t FY 24-25)
2025-12,Performance Review,2025-26,Review Report Dec 25.pdf,21,II. Lignite Production (MT),growth_pct,2025-12,cumulative,-12.29,MT,-12.29,Annexure - A Infrastructure Sector Performance during December 2025 and April-December FY 25-26 & FY 24-25 During April 2025-March 2026 (Cumulative) Cumulative Growth % (FY 25-26 w.r.t FY 24-25)
2025-12,Performance Review,2025-26,Review Report Dec 25.pdf,21,II. Power Generation: Renewable Energy (BU),achievement,2025-12,cumulative,32.099,BU,32.099,Annexure - A Infrastructure Sector Performance during December 2025 and April-December FY 25-26 & FY 24-25 During December Production D e c ember FY 25-26
2025-12,Performance Review,2025-26,Review Report Dec 25.pdf,21,II. Power Generation: Renewable Energy (BU),achievement,2025-12,cumulative,374.47,BU,374.470,Annexure - A Infrastructure Sector Performance during December 2025 and April-December FY 25-26 & FY 24-25 During April 2025-March 2026 (Cumulative) Production upto December FY 25-26
2025-12,Performance Review,2025-26,Review Report Dec 25.pdf,21,II. Power Generation: Renewable Energy (BU),achievement,2025-12,cumulative,315.002,BU,315.002,Annexure - A Infrastructure Sector Performance during December 2025 and April-December FY 25-26 & FY 24-25 During April 2025-March 2026 (Cumulative) Production upto December FY 24-25
2025-12,Performance Review,2025-26,Review Report Dec 25.pdf,21,II. Power Generation: Renewable Energy (BU),growth_pct,2025-12,cumulative,16.61,BU,16.61,Annexure - A Infrastructure Sector Performance during December 2025 and April-December FY 25-26 & FY 24-25 During December Growth % Y-o-Y (FY 25-26 w.r.t FY 24-25)
2025-12,Performance Review,2025-26,Review Report Dec 25.pdf,21,II. Power Generation: Renewable Energy (BU),growth_pct,2025-12,cumulative,18.88,BU,18.88,Annexure - A Infrastructure Sector Performance during December 2025 and April-December FY 25-26 & FY 24-25 During April 2025-March 2026 (Cumulative) Cumulative Growth % (FY 25-26 w.r.t FY 24-25)
2025-12,Performance Review,2025-26,Review Report Dec 25.pdf,21,II. Production of Finished Steel ('Th Tonnes): Major (Secondary) Producer,achievement,2025-12,cumulative,6290.0,,6290.000,Annexure - A Infrastructure Sector Performance during December 2025 and April-December FY 25-26 & FY 24-25 During December Production D e c ember FY 25-26
2025-12,Performance Review,2025-26,Review Report Dec 25.pdf,21,II. Production of Finished Steel ('Th Tonnes): Major (Secondary) Producer,achievement,2025-12,cumulative,53361.0,,53361.000,Annexure - A Infrastructure Sector Performance during December 2025 and April-December FY 25-26 & FY 24-25 During April 2025-March 2026 (Cumulative) Production upto December FY 25-26
2025-12,Performance Review,2025-26,Review Report Dec 25.pdf,21,II. Production of Finished Steel ('Th Tonnes): Major (Secondary) Producer,achievement,2025-12,cumulative,48840.0,,48840.000,Annexure - A Infrastructure Sector Performance during December 2025 and April-December FY 25-26 & FY 24-25 During April 2025-March 2026 (Cumulative) Production upto December FY 24-25
2025-12,Performance Review,2025-26,Review Report Dec 25.pdf,21,II. Production of Finished Steel ('Th Tonnes): Major (Secondary) Producer,growth_pct,2025-12,cumulative,8.19,,8.19,Annexure - A Infrastructure Sector Performance during December 2025 and April-December FY 25-26 & FY 24-25 During December Growth % Y-o-Y (FY 25-26 w.r.t FY 24-25)
2025-12,Performance Review,2025-26,Review Report Dec 25.pdf,21,II. Production of Finished Steel ('Th Tonnes): Major (Secondary) Producer,growth_pct,2025-12,cumulative,9.26,,9.26,Annexure - A Infrastructure Sector Performance during December 2025 and April-December FY 25-26 & FY 24-25 During April 2025-March 2026 (Cumulative) Cumulative Growth % (FY 25-26 w.r.t FY 24-25)
2025-12,Performance Review,2025-26,Review Report Dec 25.pdf,21,III. Aircraft Movements (In 'Th) -includes General Aviation,achievement,2025-12,cumulative,280.009,,280.009,Annexure - A Infrastructure Sector Performance during December 2025 and April-December FY 25-26 & FY 24-25 During December Production D e c ember FY 25-26
2025-12,Performance Review,2025-26,Review Report Dec 25.pdf,21,III. Aircraft Movements (In 'Th) -includes General Aviation,achievement,2025-12,cumulative,2428.939,,2428.939,Annexure - A Infrastructure Sector Performance during December 2025 and April-December FY 25-26 & FY 24-25 During April 2025-March 2026 (Cumulative) Production upto December FY 25-26
2025-12,Performance Review,2025-26,Review Report Dec 25.pdf,21,III. Aircraft Movements (In 'Th) -includes General Aviation,achievement,2025-12,cumulative,2346.915,,2346.915,Annexure - A Infrastructure Sector Performance during December 2025 and April-December FY 25-26 & FY 24-25 During April 2025-March 2026 (Cumulative) Production upto December FY 24-25
2025-12,Performance Review,2025-26,Review Report Dec 25.pdf,21,III. Aircraft Movements (In 'Th) -includes General Aviation,growth_pct,2025-12,cumulative,1.19,,1.19,Annexure - A Infrastructure Sector Performance during December 2025 and April-December FY 25-26 & FY 24-25 During December Growth % Y-o-Y (FY 25-26 w.r.t FY 24-25)
2025-12,Performance Review,2025-26,Review Report Dec 25.pdf,21,III. Aircraft Movements (In 'Th) -includes General Aviation,growth_pct,2025-12,cumulative,3.49,,3.49,Annexure - A Infrastructure Sector Performance during December 2025 and April-December FY 25-26 & FY 24-25 During April 2025-March 2026 (Cumulative) Cumulative Growth % (FY 25-26 w.r.t FY 24-25)
2025-12,Performance Review,2025-26,Review Report Dec 25.pdf,21,Import from Bhutan,achievement,2025-12,cumulative,0.031,,0.031,Annexure - A Infrastructure Sector Performance during December 2025 and April-December FY 25-26 & FY 24-25 During December Production D e c ember FY 25-26
2025-12,Performance Review,2025-26,Review Report Dec 25.pdf,21,Import from Bhutan,achievement,2025-12,cumulative,7.741,,7.741,Annexure - A Infrastructure Sector Performance during December 2025 and April-December FY 25-26 & FY 24-25 During April 2025-March 2026 (Cumulative) Production upto December FY 25-26
2025-12,Performance Review,2025-26,Review Report Dec 25.pdf,21,Import from Bhutan,achievement,2025-12,cumulative,5.24,,5.240,Annexure - A Infrastructure Sector Performance during December 2025 and April-December FY 25-26 & FY 24-25 During April 2025-March 2026 (Cumulative) Production upto December FY 24-25
2025-12,Performance Review,2025-26,Review Report Dec 25.pdf,21,Import from Bhutan,achievement_pct,2025-12,cumulative,4.48,,4.48,Annexure - A Infrastructure Sector Performance during December 2025 and April-December FY 25-26 & FY 24-25 During December Achievement ( % of Target )
2025-12,Performance Review,2025-26,Review Report Dec 25.pdf,21,Import from Bhutan,achievement_pct,2025-12,cumulative,98.74,,98.74,Annexure - A Infrastructure Sector Performance during December 2025 and April-December FY 25-26 & FY 24-25 During April 2025-March 2026 (Cumulative) Achievem ent ( % of Target )
2025-12,Performance Review,2025-26,Review Report Dec 25.pdf,21,Import from Bhutan,growth_pct,2025-12,cumulative,24.0,,24.00,Annexure - A Infrastructure Sector Performance during December 2025 and April-December FY 25-26 & FY 24-25 During December Growth % Y-o-Y (FY 25-26 w.r.t FY 24-25)
2025-12,Performance Review,2025-26,Review Report Dec 25.pdf,21,Import from Bhutan,growth_pct,2025-12,cumulative,47.73,,47.73,Annexure - A Infrastructure Sector Performance during December 2025 and April-December FY 25-26 & FY 24-25 During April 2025-March 2026 (Cumulative) Cumulative Growth % (FY 25-26 w.r.t FY 24-25)
2025-12,Performance Review,2025-26,Review Report Dec 25.pdf,21,Import from Bhutan,target,2025-12,cumulative,0.692,,0.692,Annexure - A Infrastructure Sector Performance during December 2025 and April-December FY 25-26 & FY 24-25 During December Target December FY 25-26
2025-12,Performance Review,2025-26,Review Report Dec 25.pdf,21,Import from Bhutan,target,2025-12,cumulative,7.84,,7.840,Annexure - A Infrastructure Sector Performance during December 2025 and April-December FY 25-26 & FY 24-25 During April 2025-March 2026 (Cumulative) Target upto December FY 25-26
2025-12,Performance Review,2025-26,Review Report Dec 25.pdf,50,Improvement of low grade section (Kms.),achievement,2025-12,monthly,0.0,Kms,0.00,December 2025 Achievement (Provisional)
2025-12,Performance Review,2025-26,Review Report Dec 25.pdf,50,Improvement of low grade section (Kms.),achievement,2025-12,cumulative,0.0,Kms,0.00,April-December 2025 Achievement (Provisional)
2025-12,Performance Review,2025-26,Review Report Dec 25.pdf,50,Improvement of low grade section (Kms.),target,2025-12,monthly,0.0,Kms,0.00,December 2025 Target
2025-12,Performance Review,2025-26,Review Report Dec 25.pdf,50,Improvement of low grade section (Kms.),target,2025-12,cumulative,0.0,Kms,0.00,April-December 2025 Target
2025-12,Performance Review,2025-26,Review Report Dec 25.pdf,50,Improvement of riding quality prog.(IRQP) (Kms.),achievement,2025-12,monthly,0.0,Kms,0.00,December 2025 Achievement (Provisional)
2025-12,Performance Review,2025-26,Review Report Dec 25.pdf,50,Improvement of riding quality prog.(IRQP) (Kms.),achievement,2025-12,cumulative,122.15,Kms,122.15,April-December 2025 Achievement (Provisional)
2025-12,Performance Review,2025-26,Review Report Dec 25.pdf,50,Improvement of riding quality prog.(IRQP) (Kms.),target,2025-12,monthly,0.0,Kms,0.00,December 2025 Target
2025-12,Performance Review,2025-26,Review Report Dec 25.pdf,50,Improvement of riding quality prog.(IRQP) (Kms.),target,2025-12,cumulative,0.0,Kms,0.00,April-December 2025 Target
2025-12,Performance Review,2025-26,Review Report Dec 25.pdf,21,Nuclear Generation,achievement,2025-12,cumulative,4.222,,4.222,Annexure - A Infrastructure Sector Performance during December 2025 and April-December FY 25-26 & FY 24-25 During December Production D e c ember FY 25-26
2025-12,Performance Review,2025-26,Review Report Dec 25.pdf,21,Nuclear Generation,achievement,2025-12,cumulative,40.165,,40.165,Annexure - A Infrastructure Sector Performance during December 2025 and April-December FY 25-26 & FY 24-25 During April 2025-March 2026 (Cumulative) Production upto December FY 25-26
2025-12,Performance Review,2025-26,Review Report Dec 25.pdf,21,Nuclear Generation,achievement,2025-12,cumulative,43.03,,43.030,Annexure - A Infrastructure Sector Performance during December 2025 and April-December FY 25-26 & FY 24-25 During April 2025-March 2026 (Cumulative) Production upto December FY 24-25
2025-12,Performance Review,2025-26,Review Report Dec 25.pdf,21,Nuclear Generation,achievement_pct,2025-12,cumulative,91.72,,91.72,Annexure - A Infrastructure Sector Performance during December 2025 and April-December FY 25-26 & FY 24-25 During December Achievement ( % of Target )
2025-12,Performance Review,2025-26,Review Report Dec 25.pdf,21,Nuclear Generation,achievement_pct,2025-12,cumulative,100.0,,100.00,Annexure - A Infrastructure Sector Performance during December 2025 and April-December FY 25-26 & FY 24-25 During April 2025-March 2026 (Cumulative) Achievem ent ( % of Target )
2025-12,Performance Review,2025-26,Review Report Dec 25.pdf,21,Nuclear Generation,growth_pct,2025-12,cumulative,-17.62,,-17.62,Annexure - A Infrastructure Sector Performance during December 2025 and April-December FY 25-26 & FY 24-25 During December Growth % Y-o-Y (FY 25-26 w.r.t FY 24-25)
2025-12,Performance Review,2025-26,Review Report Dec 25.pdf,21,Nuclear Generation,growth_pct,2025-12,cumulative,-6.66,,-6.66,Annexure - A Infrastructure Sector Performance during December 2025 and April-December FY 25-26 & FY 24-25 During April 2025-March 2026 (Cumulative) Cumulative Growth % (FY 25-26 w.r.t FY 24-25)
2025-12,Performance Review,2025-26,Review Report Dec 25.pdf,21,Nuclear Generation,target,2025-12,cumulative,4.603,,4.603,Annexure - A Infrastructure Sector Performance during December 2025 and April-December FY 25-26 & FY 24-25 During December Target December FY 25-26
2025-12,Performance Review,2025-26,Review Report Dec 25.pdf,21,Nuclear Generation,target,2025-12,cumulative,40.165,,40.165,Annexure - A Infrastructure Sector Performance during December 2025 and April-December FY 25-26 & FY 24-25 During April 2025-March 2026 (Cumulative) Target upto December FY 25-26
2025-12,Performance Review,2025-26,Review Report Dec 25.pdf,30,"Others (TISCO,IISCO ,DVC)",achievement,2025-12,monthly,20.02,,20.020,December 2025 Achievement (Provisional) 5.210 3.290 8.290 12.050 6.540 18.370 21.900 0.020
2025-12,Performance Review,2025-26,Review Report Dec 25.pdf,30,"Others (TISCO,IISCO ,DVC)",achievement,2025-12,cumulative,148.73,,148.730,April-December 2025 Achievement (Provisional) 33.480 24.650 50.940 105.300 40.070 118.980 155.590 0.170
2025-12,Performance Review,2025-26,Review Report Dec 25.pdf,33,"Others (TISCO,IISCO ,DVC)",achievement,2025-12,monthly,18.56,,18.560,December 2025 Achievement (Provisional) 3.990 2.830 7.600 11.750 5.470 16.400 17.890 0.030
2025-12,Performance Review,2025-26,Review Report Dec 25.pdf,33,"Others (TISCO,IISCO ,DVC)",achievement,2025-12,cumulative,152.1,,152.100,April-December 2025 Achievement (Provisional) 33.670 25.850 53.250 102.750 43.660 129.350 157.070 0.130
2025-12,Performance Review,2025-26,Review Report Dec 25.pdf,30,"Others (TISCO,IISCO ,DVC)",target,2025-12,monthly,0.0,,0.000,December 2025 Target 5.620 4.030 10.080 12.790 6.910 18.980 21.600 0.020
2025-12,Performance Review,2025-26,Review Report Dec 25.pdf,30,"Others (TISCO,IISCO ,DVC)",target,2025-12,cumulative,0.0,,0.000,April-December 2025 Target 38.750 33.160 74.250 105.650 45.090 140.460 167.840 0.190
2025-12,Performance Review,2025-26,Review Report Dec 25.pdf,33,"Others (TISCO,IISCO ,DVC)",target,2025-12,monthly,0.0,,0.000,December 2025 Target 5.430 3.880 9.920 12.870 7.130 19.380 22.790 0.030
2025-12,Performance Review,2025-26,Review Report Dec 25.pdf,33,"Others (TISCO,IISCO ,DVC)",target,2025-12,cumulative,0.0,,0.000,April-December 2025 Target 43.800 33.460 80.220 104.870 50.070 158.520 185.260 0.150
2025-12,Performance Review,2025-26,Review Report Dec 25.pdf,30,"Others (TISCO,IISCO ,DVC)",variation_pct,2025-12,cumulative,338.86,,338.86,% Variation Over Target April- December 2025 -13.59 -25.65 -31.41 -0.02 -11.14 -15.55 -7.30 -12.82
2025-12,Performance Review,2025-26,Review Report Dec 25.pdf,33,"Others (TISCO,IISCO ,DVC)",variation_pct,2025-12,cumulative,348.8,,348.80,% Variation Over Target April- December 2025 -23.13 -22.74 -33.61 -2.02 -12.80 -18.40 -15.22 -15.58
2025-12,Performance Review,2025-26,Review Report Dec 25.pdf,21,Others/Captive,achievement,2025-12,cumulative,20.02,,20.020,Annexure - A Infrastructure Sector Performance during December 2025 and April-December FY 25-26 & FY 24-25 During December Production D e c ember FY 25-26
2025-12,Performance Review,2025-26,Review Report Dec 25.pdf,21,Others/Captive,achievement,2025-12,cumulative,148.73,,148.730,Annexure - A Infrastructure Sector Performance during December 2025 and April-December FY 25-26 & FY 24-25 During April 2025-March 2026 (Cumulative) Production upto December FY 25-26
2025-12,Performance Review,2025-26,Review Report Dec 25.pdf,21,Others/Captive,achievement,2025-12,cumulative,136.19,,136.190,Annexure - A Infrastructure Sector Performance during December 2025 and April-December FY 25-26 & FY 24-25 During April 2025-March 2026 (Cumulative) Production upto December FY 24-25
2025-12,Performance Review,2025-26,Review Report Dec 25.pdf,21,Others/Captive,growth_pct,2025-12,cumulative,5.59,,5.59,Annexure - A Infrastructure Sector Performance during December 2025 and April-December FY 25-26 & FY 24-25 During December Growth % Y-o-Y (FY 25-26 w.r.t FY 24-25)
2025-12,Performance Review,2025-26,Review Report Dec 25.pdf,21,Others/Captive,growth_pct,2025-12,cumulative,9.21,,9.21,Annexure - A Infrastructure Sector Performance during December 2025 and April-December FY 25-26 & FY 24-25 During April 2025-March 2026 (Cumulative) Cumulative Growth % (FY 25-26 w.r.t FY 24-25)
2025-12,Performance Review,2025-26,Review Report Dec 25.pdf,21,Passenger Traffic (in Million),achievement,2025-12,cumulative,643.51,,643.510,Annexure - A Infrastructure Sector Performance during December 2025 and April-December FY 25-26 & FY 24-25 During December Production D e c ember FY 25-26
2025-12,Performance Review,2025-26,Review Report Dec 25.pdf,21,Passenger Traffic (in Million),achievement,2025-12,cumulative,5717.71,,5717.710,Annexure - A Infrastructure Sector Performance during December 2025 and April-December FY 25-26 & FY 24-25 During April 2025-March 2026 (Cumulative) Production upto December FY 25-26
2025-12,Performance Review,2025-26,Review Report Dec 25.pdf,21,Passenger Traffic (in Million),achievement,2025-12,cumulative,5509.94,,5509.940,Annexure - A Infrastructure Sector Performance during December 2025 and April-December FY 25-26 & FY 24-25 During April 2025-March 2026 (Cumulative) Production upto December FY 24-25
2025-12,Performance Review,2025-26,Review Report Dec 25.pdf,21,Passenger Traffic (in Million),growth_pct,2025-12,cumulative,2.18,,2.18,Annexure - A Infrastructure Sector Performance during December 2025 and April-December FY 25-26 & FY 24-25 During December Growth % Y-o-Y (FY 25-26 w.r.t FY 24-25)
2025-12,Performance Review,2025-26,Review Report Dec 25.pdf,21,Passenger Traffic (in Million),growth_pct,2025-12,cumulative,3.77,,3.77,Annexure - A Infrastructure Sector Performance during December 2025 and April-December FY 25-26 & FY 24-25 During April 2025-March 2026 (Cumulative) Cumulative Growth % (FY 25-26 w.r.t FY 24-25)
2025-12,Performance Review,2025-26,Review Report Dec 25.pdf,22,Power (BU),achievement,2025-12,cumulative,1386.202,BU,1386.202,Achievement (as per units applicable) April - December 2025
2025-12,Performance Review,2025-26,Review Report Dec 25.pdf,22,Power (BU),achievement,2025-12,cumulative,0.49,BU,0.49,Percent change in achievement over corresponding period of the previous year April - December 2025
2025-12,Performance Review,2025-26,Review Report Dec 25.pdf,50,Rehabilitation/ Construction of Bridges (Nos.),achievement,2025-12,monthly,0.0,Nos,0,December 2025 Achievement (Provisional)
2025-12,Performance Review,2025-26,Review Report Dec 25.pdf,50,Rehabilitation/ Construction of Bridges (Nos.),achievement,2025-12,cumulative,0.0,Nos,0,April-December 2025 Achievement (Provisional)
2025-12,Performance Review,2025-26,Review Report Dec 25.pdf,50,Rehabilitation/ Construction of Bridges (Nos.),target,2025-12,monthly,0.0,Nos,0,December 2025 Target
2025-12,Performance Review,2025-26,Review Report Dec 25.pdf,50,Rehabilitation/ Construction of Bridges (Nos.),target,2025-12,cumulative,0.0,Nos,0,April-December 2025 Target
2025-12,Performance Review,2025-26,Review Report Dec 25.pdf,21,Revenue earning Freight Traffic (MT),achievement,2025-12,cumulative,145.97,MT,145.970,Annexure - A Infrastructure Sector Performance during December 2025 and April-December FY 25-26 & FY 24-25 During December Production D e c ember FY 25-26
2025-12,Performance Review,2025-26,Review Report Dec 25.pdf,21,Revenue earning Freight Traffic (MT),achievement,2025-12,cumulative,1216.77,MT,1216.770,Annexure - A Infrastructure Sector Performance during December 2025 and April-December FY 25-26 & FY 24-25 During April 2025-March 2026 (Cumulative) Production upto December FY 25-26
2025-12,Performance Review,2025-26,Review Report Dec 25.pdf,21,Revenue earning Freight Traffic (MT),achievement,2025-12,cumulative,1178.52,MT,1178.520,Annexure - A Infrastructure Sector Performance during December 2025 and April-December FY 25-26 & FY 24-25 During April 2025-March 2026 (Cumulative) Production upto December FY 24-25
2025-12,Performance Review,2025-26,Review Report Dec 25.pdf,21,Revenue earning Freight Traffic (MT),achievement_pct,2025-12,cumulative,98.89,MT,98.89,Annexure - A Infrastructure Sector Performance during December 2025 and April-December FY 25-26 & FY 24-25 During December Achievement ( % of Target )
2025-12,Performance Review,2025-26,Review Report Dec 25.pdf,21,Revenue earning Freight Traffic (MT),achievement_pct,2025-12,cumulative,97.64,MT,97.64,Annexure - A Infrastructure Sector Performance during December 2025 and April-December FY 25-26 & FY 24-25 During April 2025-March 2026 (Cumulative) Achievem ent ( % of Target )
2025-12,Performance Review,2025-26,Review Report Dec 25.pdf,21,Revenue earning Freight Traffic (MT),growth_pct,2025-12,cumulative,3.21,MT,3.21,Annexure - A Infrastructure Sector Performance during December 2025 and April-December FY 25-26 & FY 24-25 During December Growth % Y-o-Y (FY 25-26 w.r.t FY 24-25)
2025-12,Performance Review,2025-26,Review Report Dec 25.pdf,21,Revenue earning Freight Traffic (MT),growth_pct,2025-12,cumulative,3.25,MT,3.25,Annexure - A Infrastructure Sector Performance during December 2025 and April-December FY 25-26 & FY 24-25 During April 2025-March 2026 (Cumulative) Cumulative Growth % (FY 25-26 w.r.t FY 24-25)
2025-12,Performance Review,2025-26,Review Report Dec 25.pdf,21,Revenue earning Freight Traffic (MT),target,2025-12,cumulative,147.61,MT,147.610,Annexure - A Infrastructure Sector Performance during December 2025 and April-December FY 25-26 & FY 24-25 During December Target December FY 25-26
2025-12,Performance Review,2025-26,Review Report Dec 25.pdf,21,Revenue earning Freight Traffic (MT),target,2025-12,cumulative,1246.23,MT,1246.230,Annexure - A Infrastructure Sector Performance during December 2025 and April-December FY 25-26 & FY 24-25 During April 2025-March 2026 (Cumulative) Target upto December FY 25-26
2025-12,Performance Review,2025-26,Review Report Dec 25.pdf,30,SCCL,achievement,2025-12,monthly,5.75,,5.750,December 2025 Achievement (Provisional) 5.210 3.290 8.290 12.050 6.540 18.370 21.900 0.020
2025-12,Performance Review,2025-26,Review Report Dec 25.pdf,30,SCCL,achievement,2025-12,cumulative,43.73,,43.730,April-December 2025 Achievement (Provisional) 33.480 24.650 50.940 105.300 40.070 118.980 155.590 0.170
2025-12,Performance Review,2025-26,Review Report Dec 25.pdf,33,SCCL,achievement,2025-12,monthly,5.67,,5.670,December 2025 Achievement (Provisional) 3.990 2.830 7.600 11.750 5.470 16.400 17.890 0.030
2025-12,Performance Review,2025-26,Review Report Dec 25.pdf,33,SCCL,achievement,2025-12,cumulative,44.17,,44.170,April-December 2025 Achievement (Provisional) 33.670 25.850 53.250 102.750 43.660 129.350 157.070 0.130
2025-12,Performance Review,2025-26,Review Report Dec 25.pdf,30,SCCL,target,2025-12,monthly,7.03,,7.030,December 2025 Target 5.620 4.030 10.080 12.790 6.910 18.980 21.600 0.020
2025-12,Performance Review,2025-26,Review Report Dec 25.pdf,30,SCCL,target,2025-12,cumulative,51.47,,51.470,April-December 2025 Target 38.750 33.160 74.250 105.650 45.090 140.460 167.840 0.190
2025-12,Performance Review,2025-26,Review Report Dec 25.pdf,33,SCCL,target,2025-12,monthly,7.03,,7.030,December 2025 Target 5.430 3.880 9.920 12.870 7.130 19.380 22.790 0.030
2025-12,Performance Review,2025-26,Review Report Dec 25.pdf,33,SCCL,target,2025-12,cumulative,51.47,,51.470,April-December 2025 Target 43.800 33.460 80.220 104.870 50.070 158.520 185.260 0.150
2025-12,Performance Review,2025-26,Review Report Dec 25.pdf,30,SCCL,variation_pct,2025-12,monthly,-18.21,,-18.21,% Variation Over Target December 2025 -7.30 -18.36 -17.76 -5.79 -5.35 -3.21 1.39 0.00
2025-12,Performance Review,2025-26,Review Report Dec 25.pdf,30,SCCL,variation_pct,2025-12,cumulative,-15.09,,-15.09,% Variation Over Target April- December 2025 -13.59 -25.65 -31.41 -0.02 -11.14 -15.55 -7.30 -12.82
2025-12,Performance Review,2025-26,Review Report Dec 25.pdf,33,SCCL,variation_pct,2025-12,monthly,-19.35,,-19.35,% Variation Over Target December 2025 -26.52 -27.06 -23.39 -8.70 -23.28 -15.38 -21.50 0.00
2025-12,Performance Review,2025-26,Review Report Dec 25.pdf,33,SCCL,variation_pct,2025-12,cumulative,-14.23,,-14.23,% Variation Over Target April- December 2025 -23.13 -22.74 -33.61 -2.02 -12.80 -18.40 -15.22 -15.58
2025-12,Performance Review,2025-26,Review Report Dec 25.pdf,21,Singareni Collieries Company Limited,achievement,2025-12,cumulative,5.75,,5.750,Annexure - A Infrastructure Sector Performance during December 2025 and April-December FY 25-26 & FY 24-25 During December Production D e c ember FY 25-26
2025-12,Performance Review,2025-26,Review Report Dec 25.pdf,21,Singareni Collieries Company Limited,achievement,2025-12,cumulative,43.73,,43.730,Annexure - A Infrastructure Sector Performance during December 2025 and April-December FY 25-26 & FY 24-25 During April 2025-March 2026 (Cumulative) Production upto December FY 25-26
2025-12,Performance Review,2025-26,Review Report Dec 25.pdf,21,Singareni Collieries Company Limited,achievement,2025-12,cumulative,46.76,,46.760,Annexure - A Infrastructure Sector Performance during December 2025 and April-December FY 25-26 & FY 24-25 During April 2025-March 2026 (Cumulative) Production upto December FY 24-25
2025-12,Performance Review,2025-26,Review Report Dec 25.pdf,21,Singareni Collieries Company Limited,achievement_pct,2025-12,cumulative,81.79,,81.79,Annexure - A Infrastructure Sector Performance during December 2025 and April-December FY 25-26 & FY 24-25 During December Achievement ( % of Target )
2025-12,Performance Review,2025-26,Review Report Dec 25.pdf,21,Singareni Collieries Company Limited,growth_pct,2025-12,cumulative,-13.01,,-13.01,Annexure - A Infrastructure Sector Performance during December 2025 and April-December FY 25-26 & FY 24-25 During December Growth % Y-o-Y (FY 25-26 w.r.t FY 24-25)
2025-12,Performance Review,2025-26,Review Report Dec 25.pdf,21,Singareni Collieries Company Limited,growth_pct,2025-12,cumulative,-6.48,,-6.48,Annexure - A Infrastructure Sector Performance during December 2025 and April-December FY 25-26 & FY 24-25 During April 2025-March 2026 (Cumulative) Cumulative Growth % (FY 25-26 w.r.t FY 24-25)
2025-12,Performance Review,2025-26,Review Report Dec 25.pdf,21,Singareni Collieries Company Limited,target,2025-12,cumulative,7.03,,7.030,Annexure - A Infrastructure Sector Performance during December 2025 and April-December FY 25-26 & FY 24-25 During December Target December FY 25-26
2025-12,Performance Review,2025-26,Review Report Dec 25.pdf,21,Singareni Collieries Company Limited,target,2025-12,cumulative,51.47,,51.470,Annexure - A Infrastructure Sector Performance during December 2025 and April-December FY 25-26 & FY 24-25 During April 2025-March 2026 (Cumulative) Target upto December FY 25-26
2025-12,Performance Review,2025-26,Review Report Dec 25.pdf,22,Steel (Finished Steel) (MT),achievement,2025-12,cumulative,118.702,MT,118.702,Achievement (as per units applicable) April - December 2025
2025-12,Performance Review,2025-26,Review Report Dec 25.pdf,22,Steel (Finished Steel) (MT),achievement,2025-12,cumulative,10.5,MT,10.50,Percent change in achievement over corresponding period of the previous year April - December 2025
2025-12,Performance Review,2025-26,Review Report Dec 25.pdf,21,Strengthening of existing weak pavement (Kms.),achievement,2025-12,cumulative,9.0,Kms,9.000,Annexure - A Infrastructure Sector Performance during December 2025 and April-December FY 25-26 & FY 24-25 During December Production D e c ember FY 25-26
2025-12,Performance Review,2025-26,Review Report Dec 25.pdf,21,Strengthening of existing weak pavement (Kms.),achievement,2025-12,cumulative,129.0,Kms,129.000,Annexure - A Infrastructure Sector Performance during December 2025 and April-December FY 25-26 & FY 24-25 During April 2025-March 2026 (Cumulative) Production upto December FY 25-26
2025-12,Performance Review,2025-26,Review Report Dec 25.pdf,21,Strengthening of existing weak pavement (Kms.),achievement,2025-12,cumulative,245.81,Kms,245.810,Annexure - A Infrastructure Sector Performance during December 2025 and April-December FY 25-26 & FY 24-25 During April 2025-March 2026 (Cumulative) Production upto December FY 24-25
2025-12,Performance Review,2025-26,Review Report Dec 25.pdf,50,Strengthening of existing weak pavement (Kms.),achievement,2025-12,monthly,9.0,Kms,9.00,December 2025 Achievement (Provisional)
2025-12,Performance Review,2025-26,Review Report Dec 25.pdf,50,Strengthening of existing weak pavement (Kms.),achievement,2025-12,cumulative,129.0,Kms,129.00,April-December 2025 Achievement (Provisional)
2025-12,Performance Review,2025-26,Review Report Dec 25.pdf,21,Strengthening of existing weak pavement (Kms.),growth_pct,2025-12,cumulative,-80.55,Kms,-80.55,Annexure - A Infrastructure Sector Performance during December 2025 and April-December FY 25-26 & FY 24-25 During December Growth % Y-o-Y (FY 25-26 w.r.t FY 24-25)
2025-12,Performance Review,2025-26,Review Report Dec 25.pdf,21,Strengthening of existing weak pavement (Kms.),growth_pct,2025-12,cumulative,-47.52,Kms,-47.52,Annexure - A Infrastructure Sector Performance during December 2025 and April-December FY 25-26 & FY 24-25 During April 2025-March 2026 (Cumulative) Cumulative Growth % (FY 25-26 w.r.t FY 24-25)
2025-12,Performance Review,2025-26,Review Report Dec 25.pdf,50,Strengthening of existing weak pavement (Kms.),target,2025-12,monthly,0.0,Kms,0.00,December 2025 Target
2025-12,Performance Review,2025-26,Review Report Dec 25.pdf,50,Strengthening of existing weak pavement (Kms.),target,2025-12,cumulative,0.0,Kms,0.00,April-December 2025 Target
2025-12,Performance Review,2025-26,Review Report Dec 25.pdf,21,Thermal Generation,achievement,2025-12,cumulative,113.387,,113.387,Annexure - A Infrastructure Sector Performance during December 2025 and April-December FY 25-26 & FY 24-25 During December Production D e c ember FY 25-26
2025-12,Performance Review,2025-26,Review Report Dec 25.pdf,21,Thermal Generation,achievement,2025-12,cumulative,963.826,,963.826,Annexure - A Infrastructure Sector Performance during December 2025 and April-December FY 25-26 & FY 24-25 During April 2025-March 2026 (Cumulative) Production upto December FY 25-26
2025-12,Performance Review,2025-26,Review Report Dec 25.pdf,21,Thermal Generation,achievement,2025-12,cumulative,1016.173,,1016.173,Annexure - A Infrastructure Sector Performance during December 2025 and April-December FY 25-26 & FY 24-25 During April 2025-March 2026 (Cumulative) Production upto December FY 24-25
2025-12,Performance Review,2025-26,Review Report Dec 25.pdf,21,Thermal Generation,achievement_pct,2025-12,cumulative,94.78,,94.78,Annexure - A Infrastructure Sector Performance during December 2025 and April-December FY 25-26 & FY 24-25 During December Achievement ( % of Target )
2025-12,Performance Review,2025-26,Review Report Dec 25.pdf,21,Thermal Generation,achievement_pct,2025-12,cumulative,86.02,,86.02,Annexure - A Infrastructure Sector Performance during December 2025 and April-December FY 25-26 & FY 24-25 During April 2025-March 2026 (Cumulative) Achievem ent ( % of Target )
2025-12,Performance Review,2025-26,Review Report Dec 25.pdf,21,Thermal Generation,growth_pct,2025-12,cumulative,4.82,,4.82,Annexure - A Infrastructure Sector Performance during December 2025 and April-December FY 25-26 & FY 24-25 During December Growth % Y-o-Y (FY 25-26 w.r.t FY 24-25)
2025-12,Performance Review,2025-26,Review Report Dec 25.pdf,21,Thermal Generation,growth_pct,2025-12,cumulative,-5.15,,-5.15,Annexure - A Infrastructure Sector Performance during December 2025 and April-December FY 25-26 & FY 24-25 During April 2025-March 2026 (Cumulative) Cumulative Growth % (FY 25-26 w.r.t FY 24-25)
2025-12,Performance Review,2025-26,Review Report Dec 25.pdf,21,Thermal Generation,target,2025-12,cumulative,119.637,,119.637,Annexure - A Infrastructure Sector Performance during December 2025 and April-December FY 25-26 & FY 24-25 During December Target December FY 25-26
2025-12,Performance Review,2025-26,Review Report Dec 25.pdf,21,Thermal Generation,target,2025-12,cumulative,1120.52,,1120.520,Annexure - A Infrastructure Sector Performance during December 2025 and April-December FY 25-26 & FY 24-25 During April 2025-March 2026 (Cumulative) Target upto December FY 25-26
2025-12,Performance Review,2025-26,Review Report Dec 25.pdf,21,Widening to four/six/eight lanes (Kms.),achievement,2025-12,cumulative,50.0,Kms,50.000,Annexure - A Infrastructure Sector Performance during December 2025 and April-December FY 25-26 & FY 24-25 During December Production D e c ember FY 25-26
2025-12,Performance Review,2025-26,Review Report Dec 25.pdf,21,Widening to four/six/eight lanes (Kms.),achievement,2025-12,cumulative,338.0,Kms,338.000,Annexure - A Infrastructure Sector Performance during December 2025 and April-December FY 25-26 & FY 24-25 During April 2025-March 2026 (Cumulative) Production upto December FY 25-26
2025-12,Performance Review,2025-26,Review Report Dec 25.pdf,21,Widening to four/six/eight lanes (Kms.),achievement,2025-12,cumulative,451.24,Kms,451.240,Annexure - A Infrastructure Sector Performance during December 2025 and April-December FY 25-26 & FY 24-25 During April 2025-March 2026 (Cumulative) Production upto December FY 24-25
2025-12,Performance Review,2025-26,Review Report Dec 25.pdf,50,Widening to four/six/eight lanes (Kms.),achievement,2025-12,monthly,50.0,Kms,50.00,December 2025 Achievement (Provisional)
2025-12,Performance Review,2025-26,Review Report Dec 25.pdf,50,Widening to four/six/eight lanes (Kms.),achievement,2025-12,cumulative,338.0,Kms,338.00,April-December 2025 Achievement (Provisional)
2025-12,Performance Review,2025-26,Review Report Dec 25.pdf,21,Widening to four/six/eight lanes (Kms.),growth_pct,2025-12,cumulative,-17.72,Kms,-17.72,Annexure - A Infrastructure Sector Performance during December 2025 and April-December FY 25-26 & FY 24-25 During December Growth % Y-o-Y (FY 25-26 w.r.t FY 24-25)
2025-12,Performance Review,2025-26,Review Report Dec 25.pdf,21,Widening to four/six/eight lanes (Kms.),growth_pct,2025-12,cumulative,-25.1,Kms,-25.10,Annexure - A Infrastructure Sector Performance during December 2025 and April-December FY 25-26 & FY 24-25 During April 2025-March 2026 (Cumulative) Cumulative Growth % (FY 25-26 w.r.t FY 24-25)
2025-12,Performance Review,2025-26,Review Report Dec 25.pdf,21,Widening to four/six/eight lanes (Kms.),target,2025-12,cumulative,393.0,Kms,393.000,Annexure - A Infrastructure Sector Performance during December 2025 and April-December FY 25-26 & FY 24-25 During December Target December FY 25-26
2025-12,Performance Review,2025-26,Review Report Dec 25.pdf,21,Widening to four/six/eight lanes (Kms.),target,2025-12,cumulative,2408.0,Kms,2408.000,Annexure - A Infrastructure Sector Performance during December 2025 and April-December FY 25-26 & FY 24-25 During April 2025-March 2026 (Cumulative) Target upto December FY 25-26
2025-12,Performance Review,2025-26,Review Report Dec 25.pdf,50,Widening to four/six/eight lanes (Kms.),target,2025-12,monthly,393.0,Kms,393.00,December 2025 Target
2025-12,Performance Review,2025-26,Review Report Dec 25.pdf,50,Widening to four/six/eight lanes (Kms.),target,2025-12,cumulative,2223.0,Kms,2223.00,April-December 2025 Target
2025-12,Performance Review,2025-26,Review Report Dec 25.pdf,50,Widening to four/six/eight lanes (Kms.),variation_pct,2025-12,monthly,-87.28,Kms,-87.28,% Variation Over Target
2025-12,Performance Review,2025-26,Review Report Dec 25.pdf,50,Widening to four/six/eight lanes (Kms.),variation_pct,2025-12,cumulative,-84.8,Kms,-84.80,% Variation Over Target April- December 2025
2025-12,Performance Review,2025-26,Review Report Dec 25.pdf,21,Widening to two lanes (Kms.),achievement,2025-12,cumulative,223.0,Kms,223.000,Annexure - A Infrastructure Sector Performance during December 2025 and April-December FY 25-26 & FY 24-25 During December Production D e c ember FY 25-26
2025-12,Performance Review,2025-26,Review Report Dec 25.pdf,21,Widening to two lanes (Kms.),achievement,2025-12,cumulative,1468.0,Kms,1468.000,Annexure - A Infrastructure Sector Performance during December 2025 and April-December FY 25-26 & FY 24-25 During April 2025-March 2026 (Cumulative) Production upto December FY 25-26
2025-12,Performance Review,2025-26,Review Report Dec 25.pdf,21,Widening to two lanes (Kms.),achievement,2025-12,cumulative,1745.84,Kms,1745.840,Annexure - A Infrastructure Sector Performance during December 2025 and April-December FY 25-26 & FY 24-25 During April 2025-March 2026 (Cumulative) Production upto December FY 24-25
2025-12,Performance Review,2025-26,Review Report Dec 25.pdf,50,Widening to two lanes (Kms.),achievement,2025-12,monthly,223.0,Kms,223.00,December 2025 Achievement (Provisional)
2025-12,Performance Review,2025-26,Review Report Dec 25.pdf,50,Widening to two lanes (Kms.),achievement,2025-12,cumulative,1468.0,Kms,1468.00,April-December 2025 Achievement (Provisional)
2025-12,Performance Review,2025-26,Review Report Dec 25.pdf,21,Widening to two lanes (Kms.),growth_pct,2025-12,cumulative,-4.15,Kms,-4.15,Annexure - A Infrastructure Sector Performance during December 2025 and April-December FY 25-26 & FY 24-25 During December Growth % Y-o-Y (FY 25-26 w.r.t FY 24-25)
2025-12,Performance Review,2025-26,Review Report Dec 25.pdf,21,Widening to two lanes (Kms.),growth_pct,2025-12,cumulative,-15.91,Kms,-15.91,Annexure - A Infrastructure Sector Performance during December 2025 and April-December FY 25-26 & FY 24-25 During April 2025-March 2026 (Cumulative) Cumulative Growth % (FY 25-26 w.r.t FY 24-25)
2025-12,Performance Review,2025-26,Review Report Dec 25.pdf,50,Widening to two lanes (Kms.),target,2025-12,monthly,0.0,Kms,0.00,December 2025 Target
2025-12,Performance Review,2025-26,Review Report Dec 25.pdf,50,Widening to two lanes (Kms.),target,2025-12,cumulative,0.0,Kms,0.00,April-December 2025 Target
2025-12,Performance Review,2025-26,Review Report Dec 25.pdf,49,Widening/ Strengthening/ existing weak pavement to four/six/eight lanes (Kms.),achievement,2025-12,monthly,509.0,Kms,509.00,December 2025 Achievement (Provisional)
2025-12,Performance Review,2025-26,Review Report Dec 25.pdf,49,Widening/ Strengthening/ existing weak pavement to four/six/eight lanes (Kms.),achievement,2025-12,cumulative,2862.0,Kms,2862.00,April-December 2025 Achievement (Provisional)
2025-12,Performance Review,2025-26,Review Report Dec 25.pdf,49,Widening/ Strengthening/ existing weak pavement to four/six/eight lanes (Kms.),target,2025-12,monthly,431.0,Kms,431.00,December 2025 Target
2025-12,Performance Review,2025-26,Review Report Dec 25.pdf,49,Widening/ Strengthening/ existing weak pavement to four/six/eight lanes (Kms.),target,2025-12,cumulative,2104.0,Kms,2104.00,April-December 2025 Target
2025-12,Performance Review,2025-26,Review Report Dec 25.pdf,49,Widening/ Strengthening/ existing weak pavement to four/six/eight lanes (Kms.),variation_pct,2025-12,monthly,18.1,Kms,18.10,% Variation Over Target December 2025
2025-12,Performance Review,2025-26,Review Report Dec 25.pdf,49,Widening/ Strengthening/ existing weak pavement to four/six/eight lanes (Kms.),variation_pct,2025-12,cumulative,36.03,Kms,36.03,% Variation Over Target April- December 2025
2025-12,Performance Review,2025-26,Review Report Dec 25.pdf,22,i) Cargo Handled at Major Ports (MT),achievement,2025-12,cumulative,672.986,MT,672.986,Achievement (as per units applicable) April - December 2025
2025-12,Performance Review,2025-26,Review Report Dec 25.pdf,22,i) Cargo Handled at Major Ports (MT),achievement,2025-12,cumulative,8.22,MT,8.22,Percent change in achievement over corresponding period of the previous year April - December 2025
2025-12,Performance Review,2025-26,Review Report Dec 25.pdf,21,i) Coal handled at major ports (MT),achievement,2025-12,cumulative,16.081,MT,16.081,Annexure - A Infrastructure Sector Performance during December 2025 and April-December FY 25-26 & FY 24-25 During December Production D e c ember FY 25-26
2025-12,Performance Review,2025-26,Review Report Dec 25.pdf,21,i) Coal handled at major ports (MT),achievement,2025-12,cumulative,144.404,MT,144.404,Annexure - A Infrastructure Sector Performance during December 2025 and April-December FY 25-26 & FY 24-25 During April 2025-March 2026 (Cumulative) Production upto December FY 25-26
2025-12,Performance Review,2025-26,Review Report Dec 25.pdf,21,i) Coal handled at major ports (MT),achievement,2025-12,cumulative,138.186,MT,138.186,Annexure - A Infrastructure Sector Performance during December 2025 and April-December FY 25-26 & FY 24-25 During April 2025-March 2026 (Cumulative) Production upto December FY 24-25
2025-12,Performance Review,2025-26,Review Report Dec 25.pdf,21,i) Coal handled at major ports (MT),growth_pct,2025-12,cumulative,13.24,MT,13.24,Annexure - A Infrastructure Sector Performance during December 2025 and April-December FY 25-26 & FY 24-25 During December Growth % Y-o-Y (FY 25-26 w.r.t FY 24-25)
2025-12,Performance Review,2025-26,Review Report Dec 25.pdf,21,i) Coal handled at major ports (MT),growth_pct,2025-12,cumulative,4.5,MT,4.50,Annexure - A Infrastructure Sector Performance during December 2025 and April-December FY 25-26 & FY 24-25 During April 2025-March 2026 (Cumulative) Cumulative Growth % (FY 25-26 w.r.t FY 24-25)
2025-12,Performance Review,2025-26,Review Report Dec 25.pdf,21,i) Crude Oil Prod. (MMT),achievement,2025-12,cumulative,2.333,MMT,2.333,Annexure - A Infrastructure Sector Performance during December 2025 and April-December FY 25-26 & FY 24-25 During December Production D e c ember FY 25-26
2025-12,Performance Review,2025-26,Review Report Dec 25.pdf,21,i) Crude Oil Prod. (MMT),achievement,2025-12,cumulative,21.177,MMT,21.177,Annexure - A Infrastructure Sector Performance during December 2025 and April-December FY 25-26 & FY 24-25 During April 2025-March 2026 (Cumulative) Production upto December FY 25-26
2025-12,Performance Review,2025-26,Review Report Dec 25.pdf,21,i) Crude Oil Prod. (MMT),achievement,2025-12,cumulative,21.561,MMT,21.561,Annexure - A Infrastructure Sector Performance during December 2025 and April-December FY 25-26 & FY 24-25 During April 2025-March 2026 (Cumulative) Production upto December FY 24-25
2025-12,Performance Review,2025-26,Review Report Dec 25.pdf,21,i) Crude Oil Prod. (MMT),achievement_pct,2025-12,cumulative,86.4,MMT,86.40,Annexure - A Infrastructure Sector Performance during December 2025 and April-December FY 25-26 & FY 24-25 During December Achievement ( % of Target )
2025-12,Performance Review,2025-26,Review Report Dec 25.pdf,21,i) Crude Oil Prod. (MMT),achievement_pct,2025-12,cumulative,89.85,MMT,89.85,Annexure - A Infrastructure Sector Performance during December 2025 and April-December FY 25-26 & FY 24-25 During April 2025-March 2026 (Cumulative) Achievem ent ( % of Target )
2025-12,Performance Review,2025-26,Review Report Dec 25.pdf,21,i) Crude Oil Prod. (MMT),growth_pct,2025-12,cumulative,-5.59,MMT,-5.59,Annexure - A Infrastructure Sector Performance during December 2025 and April-December FY 25-26 & FY 24-25 During December Growth % Y-o-Y (FY 25-26 w.r.t FY 24-25)
2025-12,Performance Review,2025-26,Review Report Dec 25.pdf,21,i) Crude Oil Prod. (MMT),growth_pct,2025-12,cumulative,-1.78,MMT,-1.78,Annexure - A Infrastructure Sector Performance during December 2025 and April-December FY 25-26 & FY 24-25 During April 2025-March 2026 (Cumulative) Cumulative Growth % (FY 25-26 w.r.t FY 24-25)
2025-12,Performance Review,2025-26,Review Report Dec 25.pdf,21,i) Crude Oil Prod. (MMT),target,2025-12,cumulative,2.701,MMT,2.701,Annexure - A Infrastructure Sector Performance during December 2025 and April-December FY 25-26 & FY 24-25 During December Target December FY 25-26
2025-12,Performance Review,2025-26,Review Report Dec 25.pdf,21,i) Crude Oil Prod. (MMT),target,2025-12,cumulative,23.569,MMT,23.569,Annexure - A Infrastructure Sector Performance during December 2025 and April-December FY 25-26 & FY 24-25 During April 2025-March 2026 (Cumulative) Target upto December FY 25-26
2025-12,Performance Review,2025-26,Review Report Dec 25.pdf,22,i) Crude Oil Prod. (MT),achievement,2025-12,cumulative,21.177,MT,21.177,Achievement (as per units applicable) April - December 2025
2025-12,Performance Review,2025-26,Review Report Dec 25.pdf,22,i) Crude Oil Prod. (MT),achievement,2025-12,cumulative,-1.78,MT,-1.78,Percent change in achievement over corresponding period of the previous year April - December 2025
2025-12,Performance Review,2025-26,Review Report Dec 25.pdf,21,i) Export Cargo,achievement,2025-12,cumulative,985851.0,,985851,Annexure - A Infrastructure Sector Performance during December 2025 and April-December FY 25-26 & FY 24-25 During April 2025-March 2026 (Cumulative) Production upto December FY 24-25
2025-12,Performance Review,2025-26,Review Report Dec 25.pdf,21,i) International Terminals,achievement,2025-12,cumulative,7572219.0,,7572219,Annexure - A Infrastructure Sector Performance during December 2025 and April-December FY 25-26 & FY 24-25 During December Production D e c ember FY 25-26
2025-12,Performance Review,2025-26,Review Report Dec 25.pdf,21,i) International Terminals,achievement,2025-12,cumulative,60951940.0,,60951940,Annexure - A Infrastructure Sector Performance during December 2025 and April-December FY 25-26 & FY 24-25 During April 2025-March 2026 (Cumulative) Production upto December FY 25-26
2025-12,Performance Review,2025-26,Review Report Dec 25.pdf,21,i) International Terminals,achievement,2025-12,cumulative,56877107.0,,56877107,Annexure - A Infrastructure Sector Performance during December 2025 and April-December FY 25-26 & FY 24-25 During April 2025-March 2026 (Cumulative) Production upto December FY 24-25
2025-12,Performance Review,2025-26,Review Report Dec 25.pdf,21,i) International Terminals,achievement_pct,2025-12,cumulative,97.22,,97.22,Annexure - A Infrastructure Sector Performance during December 2025 and April-December FY 25-26 & FY 24-25 During December Achievement ( % of Target )
2025-12,Performance Review,2025-26,Review Report Dec 25.pdf,21,i) International Terminals,achievement_pct,2025-12,cumulative,98.32,,98.32,Annexure - A Infrastructure Sector Performance during December 2025 and April-December FY 25-26 & FY 24-25 During April 2025-March 2026 (Cumulative) Achievem ent ( % of Target )
2025-12,Performance Review,2025-26,Review Report Dec 25.pdf,21,i) International Terminals,growth_pct,2025-12,cumulative,5.97,,5.97,Annexure - A Infrastructure Sector Performance during December 2025 and April-December FY 25-26 & FY 24-25 During December Growth % Y-o-Y (FY 25-26 w.r.t FY 24-25)
2025-12,Performance Review,2025-26,Review Report Dec 25.pdf,21,i) International Terminals,growth_pct,2025-12,cumulative,7.16,,7.16,Annexure - A Infrastructure Sector Performance during December 2025 and April-December FY 25-26 & FY 24-25 During April 2025-March 2026 (Cumulative) Cumulative Growth % (FY 25-26 w.r.t FY 24-25)
2025-12,Performance Review,2025-26,Review Report Dec 25.pdf,21,i) International Terminals,target,2025-12,cumulative,7788888.0,,7788888,Annexure - A Infrastructure Sector Performance during December 2025 and April-December FY 25-26 & FY 24-25 During December Target December FY 25-26
2025-12,Performance Review,2025-26,Review Report Dec 25.pdf,21,i) International Terminals,target,2025-12,cumulative,61996046.0,,61996046,Annexure - A Infrastructure Sector Performance during December 2025 and April-December FY 25-26 & FY 24-25 During April 2025-March 2026 (Cumulative) Target upto December FY 25-26
2025-12,Performance Review,2025-26,Review Report Dec 25.pdf,21,i) Large Plants,achievement,2025-12,cumulative,44.573,,44.573,Annexure - A Infrastructure Sector Performance during December 2025 and April-December FY 25-26 & FY 24-25 During December Production D e c ember FY 25-26
2025-12,Performance Review,2025-26,Review Report Dec 25.pdf,21,i) Large Plants,achievement,2025-12,cumulative,338.258,,338.258,Annexure - A Infrastructure Sector Performance during December 2025 and April-December FY 25-26 & FY 24-25 During April 2025-March 2026 (Cumulative) Production upto December FY 25-26
2025-12,Performance Review,2025-26,Review Report Dec 25.pdf,21,i) Large Plants,achievement,2025-12,cumulative,310.022,,310.022,Annexure - A Infrastructure Sector Performance during December 2025 and April-December FY 25-26 & FY 24-25 During April 2025-March 2026 (Cumulative) Production upto December FY 24-25
2025-12,Performance Review,2025-26,Review Report Dec 25.pdf,21,i) Large Plants,growth_pct,2025-12,cumulative,14.71,,14.71,Annexure - A Infrastructure Sector Performance during December 2025 and April-December FY 25-26 & FY 24-25 During December Growth % Y-o-Y (FY 25-26 w.r.t FY 24-25)
2025-12,Performance Review,2025-26,Review Report Dec 25.pdf,21,i) Large Plants,growth_pct,2025-12,cumulative,9.11,,9.11,Annexure - A Infrastructure Sector Performance during December 2025 and April-December FY 25-26 & FY 24-25 During April 2025-March 2026 (Cumulative) Cumulative Growth % (FY 25-26 w.r.t FY 24-25)
2025-12,Performance Review,2025-26,Review Report Dec 25.pdf,22,i) NHAI (KM),achievement,2025-12,cumulative,2862.0,KM,2862.00,Achievement (as per units applicable) April - December 2025
2025-12,Performance Review,2025-26,Review Report Dec 25.pdf,22,i) NHAI (KM),achievement,2025-12,cumulative,-7.38,KM,-7.38,Percent change in achievement over corresponding period of the previous year April - December 2025
2025-12,Performance Review,2025-26,Review Report Dec 25.pdf,21,i) Nitrogen,achievement,2025-12,cumulative,1520.4,,1520.40,Annexure - A Infrastructure Sector Performance during December 2025 and April-December FY 25-26 & FY 24-25 During December Production D e c ember FY 25-26
2025-12,Performance Review,2025-26,Review Report Dec 25.pdf,21,i) Nitrogen,achievement,2025-12,cumulative,12663.3,,12663.30,Annexure - A Infrastructure Sector Performance during December 2025 and April-December FY 25-26 & FY 24-25 During April 2025-March 2026 (Cumulative) Production upto December FY 25-26
2025-12,Performance Review,2025-26,Review Report Dec 25.pdf,21,i) Nitrogen,achievement,2025-12,cumulative,12814.1,,12814.10,Annexure - A Infrastructure Sector Performance during December 2025 and April-December FY 25-26 & FY 24-25 During April 2025-March 2026 (Cumulative) Production upto December FY 24-25
2025-12,Performance Review,2025-26,Review Report Dec 25.pdf,21,i) Nitrogen,achievement_pct,2025-12,cumulative,100.86,,100.86,Annexure - A Infrastructure Sector Performance during December 2025 and April-December FY 25-26 & FY 24-25 During December Achievement ( % of Target )
2025-12,Performance Review,2025-26,Review Report Dec 25.pdf,21,i) Nitrogen,achievement_pct,2025-12,cumulative,99.99,,99.99,Annexure - A Infrastructure Sector Performance during December 2025 and April-December FY 25-26 & FY 24-25 During April 2025-March 2026 (Cumulative) Achievem ent ( % of Target )
2025-12,Performance Review,2025-26,Review Report Dec 25.pdf,21,i) Nitrogen,growth_pct,2025-12,cumulative,1.96,,1.96,Annexure - A Infrastructure Sector Performance during December 2025 and April-December FY 25-26 & FY 24-25 During December Growth % Y-o-Y (FY 25-26 w.r.t FY 24-25)
2025-12,Performance Review,2025-26,Review Report Dec 25.pdf,21,i) Nitrogen,growth_pct,2025-12,cumulative,-1.18,,-1.18,Annexure - A Infrastructure Sector Performance during December 2025 and April-December FY 25-26 & FY 24-25 During April 2025-March 2026 (Cumulative) Cumulative Growth % (FY 25-26 w.r.t FY 24-25)
2025-12,Performance Review,2025-26,Review Report Dec 25.pdf,21,i) Nitrogen,target,2025-12,cumulative,1507.5,,1507.50,Annexure - A Infrastructure Sector Performance during December 2025 and April-December FY 25-26 & FY 24-25 During December Target December FY 25-26
2025-12,Performance Review,2025-26,Review Report Dec 25.pdf,21,i) Nitrogen,target,2025-12,cumulative,12664.5,,12664.50,Annexure - A Infrastructure Sector Performance during December 2025 and April-December FY 25-26 & FY 24-25 During April 2025-March 2026 (Cumulative) Target upto December FY 25-26
2025-12,Performance Review,2025-26,Review Report Dec 25.pdf,21,i) SAIL,achievement,2025-12,cumulative,1452.0,,1452.000,Annexure - A Infrastructure Sector Performance during December 2025 and April-December FY 25-26 & FY 24-25 During December Production D e c ember FY 25-26
2025-12,Performance Review,2025-26,Review Report Dec 25.pdf,21,i) SAIL,achievement,2025-12,cumulative,12545.0,,12545.000,Annexure - A Infrastructure Sector Performance during December 2025 and April-December FY 25-26 & FY 24-25 During April 2025-March 2026 (Cumulative) Production upto December FY 25-26
2025-12,Performance Review,2025-26,Review Report Dec 25.pdf,21,i) SAIL,achievement,2025-12,cumulative,11672.0,,11672.000,Annexure - A Infrastructure Sector Performance during December 2025 and April-December FY 25-26 & FY 24-25 During April 2025-March 2026 (Cumulative) Production upto December FY 24-25
2025-12,Performance Review,2025-26,Review Report Dec 25.pdf,21,i) SAIL,growth_pct,2025-12,cumulative,5.99,,5.99,Annexure - A Infrastructure Sector Performance during December 2025 and April-December FY 25-26 & FY 24-25 During December Growth % Y-o-Y (FY 25-26 w.r.t FY 24-25)
2025-12,Performance Review,2025-26,Review Report Dec 25.pdf,21,i) SAIL,growth_pct,2025-12,cumulative,7.48,,7.48,Annexure - A Infrastructure Sector Performance during December 2025 and April-December FY 25-26 & FY 24-25 During April 2025-March 2026 (Cumulative) Cumulative Growth % (FY 25-26 w.r.t FY 24-25)
2025-12,Performance Review,2025-26,Review Report Dec 25.pdf,21,i) SAIL,target,2025-12,cumulative,1515.0,,1515.000,Annexure - A Infrastructure Sector Performance during December 2025 and April-December FY 25-26 & FY 24-25 During December Target December FY 25-26
2025-12,Performance Review,2025-26,Review Report Dec 25.pdf,21,i) SAIL,target,2025-12,cumulative,13316.0,,13316.000,Annexure - A Infrastructure Sector Performance during December 2025 and April-December FY 25-26 & FY 24-25 During April 2025-March 2026 (Cumulative) Target upto December FY 25-26
2025-12,Performance Review,2025-26,Review Report Dec 25.pdf,21,i) Wired Subscribers,achievement,2025-12,cumulative,45.29,,45.290,Annexure - A Infrastructure Sector Performance during December 2025 and April-December FY 25-26 & FY 24-25 During December Production D e c ember FY 25-26
2025-12,Performance Review,2025-26,Review Report Dec 25.pdf,21,i) Wired Subscribers,growth_pct,2025-12,cumulative,9.95,,9.95,Annexure - A Infrastructure Sector Performance during December 2025 and April-December FY 25-26 & FY 24-25 During December Growth % Y-o-Y (FY 25-26 w.r.t FY 24-25)
2025-12,Performance Review,2025-26,Review Report Dec 25.pdf,21,ii) AMNS GROUP,achievement,2025-12,cumulative,704.0,,704.000,Annexure - A Infrastructure Sector Performance during December 2025 and April-December FY 25-26 & FY 24-25 During December Production D e c ember FY 25-26
2025-12,Performance Review,2025-26,Review Report Dec 25.pdf,21,ii) AMNS GROUP,achievement,2025-12,cumulative,5879.0,,5879.000,Annexure - A Infrastructure Sector Performance during December 2025 and April-December FY 25-26 & FY 24-25 During April 2025-March 2026 (Cumulative) Production upto December FY 25-26
2025-12,Performance Review,2025-26,Review Report Dec 25.pdf,21,ii) AMNS GROUP,achievement,2025-12,cumulative,5575.0,,5575.000,Annexure - A Infrastructure Sector Performance during December 2025 and April-December FY 25-26 & FY 24-25 During April 2025-March 2026 (Cumulative) Production upto December FY 24-25
2025-12,Performance Review,2025-26,Review Report Dec 25.pdf,21,ii) AMNS GROUP,growth_pct,2025-12,cumulative,4.92,,4.92,Annexure - A Infrastructure Sector Performance during December 2025 and April-December FY 25-26 & FY 24-25 During December Growth % Y-o-Y (FY 25-26 w.r.t FY 24-25)
2025-12,Performance Review,2025-26,Review Report Dec 25.pdf,21,ii) AMNS GROUP,growth_pct,2025-12,cumulative,5.45,,5.45,Annexure - A Infrastructure Sector Performance during December 2025 and April-December FY 25-26 & FY 24-25 During April 2025-March 2026 (Cumulative) Cumulative Growth % (FY 25-26 w.r.t FY 24-25)
2025-12,Performance Review,2025-26,Review Report Dec 25.pdf,22,ii) Coal handled at Major Ports(MT),achievement,2025-12,cumulative,144.404,MT,144.404,Achievement (as per units applicable) April - December 2025
2025-12,Performance Review,2025-26,Review Report Dec 25.pdf,22,ii) Coal handled at Major Ports(MT),achievement,2025-12,cumulative,4.5,MT,4.50,Percent change in achievement over corresponding period of the previous year April - December 2025
2025-12,Performance Review,2025-26,Review Report Dec 25.pdf,21,ii) Crude Oil Processed (MMT),achievement,2025-12,cumulative,23.862,MMT,23.862,Annexure - A Infrastructure Sector Performance during December 2025 and April-December FY 25-26 & FY 24-25 During December Production D e c ember FY 25-26
2025-12,Performance Review,2025-26,Review Report Dec 25.pdf,21,ii) Crude Oil Processed (MMT),achievement,2025-12,cumulative,202.395,MMT,202.395,Annexure - A Infrastructure Sector Performance during December 2025 and April-December FY 25-26 & FY 24-25 During April 2025-March 2026 (Cumulative) Production upto December FY 25-26
2025-12,Performance Review,2025-26,Review Report Dec 25.pdf,21,ii) Crude Oil Processed (MMT),achievement,2025-12,cumulative,199.125,MMT,199.125,Annexure - A Infrastructure Sector Performance during December 2025 and April-December FY 25-26 & FY 24-25 During April 2025-March 2026 (Cumulative) Production upto December FY 24-25
2025-12,Performance Review,2025-26,Review Report Dec 25.pdf,21,ii) Crude Oil Processed (MMT),achievement_pct,2025-12,cumulative,101.73,MMT,101.73,Annexure - A Infrastructure Sector Performance during December 2025 and April-December FY 25-26 & FY 24-25 During December Achievement ( % of Target )
2025-12,Performance Review,2025-26,Review Report Dec 25.pdf,21,ii) Crude Oil Processed (MMT),achievement_pct,2025-12,cumulative,99.61,MMT,99.61,Annexure - A Infrastructure Sector Performance during December 2025 and April-December FY 25-26 & FY 24-25 During April 2025-March 2026 (Cumulative) Achievem ent ( % of Target )
2025-12,Performance Review,2025-26,Review Report Dec 25.pdf,21,ii) Crude Oil Processed (MMT),growth_pct,2025-12,cumulative,1.19,MMT,1.19,Annexure - A Infrastructure Sector Performance during December 2025 and April-December FY 25-26 & FY 24-25 During December Growth % Y-o-Y (FY 25-26 w.r.t FY 24-25)
2025-12,Performance Review,2025-26,Review Report Dec 25.pdf,21,ii) Crude Oil Processed (MMT),growth_pct,2025-12,cumulative,1.64,MMT,1.64,Annexure - A Infrastructure Sector Performance during December 2025 and April-December FY 25-26 & FY 24-25 During April 2025-March 2026 (Cumulative) Cumulative Growth % (FY 25-26 w.r.t FY 24-25)
2025-12,Performance Review,2025-26,Review Report Dec 25.pdf,21,ii) Crude Oil Processed (MMT),target,2025-12,cumulative,23.455,MMT,23.455,Annexure - A Infrastructure Sector Performance during December 2025 and April-December FY 25-26 & FY 24-25 During December Target December FY 25-26
2025-12,Performance Review,2025-26,Review Report Dec 25.pdf,21,ii) Crude Oil Processed (MMT),target,2025-12,cumulative,203.196,MMT,203.196,Annexure - A Infrastructure Sector Performance during December 2025 and April-December FY 25-26 & FY 24-25 During April 2025-March 2026 (Cumulative) Target upto December FY 25-26
2025-12,Performance Review,2025-26,Review Report Dec 25.pdf,22,ii) Crude Oil Processed (MT),achievement,2025-12,cumulative,202.395,MT,202.395,Achievement (as per units applicable) April - December 2025
2025-12,Performance Review,2025-26,Review Report Dec 25.pdf,22,ii) Crude Oil Processed (MT),achievement,2025-12,cumulative,1.64,MT,1.64,Percent change in achievement over corresponding period of the previous year April - December 2025
2025-12,Performance Review,2025-26,Review Report Dec 25.pdf,21,ii) Domestic Terminals,achievement,2025-12,cumulative,28917905.0,,28917905,Annexure - A Infrastructure Sector Performance during December 2025 and April-December FY 25-26 & FY 24-25 During December Production D e c ember FY 25-26
2025-12,Performance Review,2025-26,Review Report Dec 25.pdf,21,ii) Domestic Terminals,achievement,2025-12,cumulative,250909456.0,,250909456,Annexure - A Infrastructure Sector Performance during December 2025 and April-December FY 25-26 & FY 24-25 During April 2025-March 2026 (Cumulative) Production upto December FY 25-26
2025-12,Performance Review,2025-26,Review Report Dec 25.pdf,21,ii) Domestic Terminals,achievement,2025-12,cumulative,246755166.0,,246755166,Annexure - A Infrastructure Sector Performance during December 2025 and April-December FY 25-26 & FY 24-25 During April 2025-March 2026 (Cumulative) Production upto December FY 24-25
2025-12,Performance Review,2025-26,Review Report Dec 25.pdf,21,ii) Domestic Terminals,achievement_pct,2025-12,cumulative,87.28,,87.28,Annexure - A Infrastructure Sector Performance during December 2025 and April-December FY 25-26 & FY 24-25 During December Achievement ( % of Target )
2025-12,Performance Review,2025-26,Review Report Dec 25.pdf,21,ii) Domestic Terminals,achievement_pct,2025-12,cumulative,93.28,,93.28,Annexure - A Infrastructure Sector Performance during December 2025 and April-December FY 25-26 & FY 24-25 During April 2025-March 2026 (Cumulative) Achievem ent ( % of Target )
2025-12,Performance Review,2025-26,Review Report Dec 25.pdf,21,ii) Domestic Terminals,growth_pct,2025-12,cumulative,-4.86,,-4.86,Annexure - A Infrastructure Sector Performance during December 2025 and April-December FY 25-26 & FY 24-25 During December Growth % Y-o-Y (FY 25-26 w.r.t FY 24-25)
2025-12,Performance Review,2025-26,Review Report Dec 25.pdf,21,ii) Domestic Terminals,growth_pct,2025-12,cumulative,1.68,,1.68,Annexure - A Infrastructure Sector Performance during December 2025 and April-December FY 25-26 & FY 24-25 During April 2025-March 2026 (Cumulative) Cumulative Growth % (FY 25-26 w.r.t FY 24-25)
2025-12,Performance Review,2025-26,Review Report Dec 25.pdf,21,ii) Domestic Terminals,target,2025-12,cumulative,33132883.0,,33132883,Annexure - A Infrastructure Sector Performance during December 2025 and April-December FY 25-26 & FY 24-25 During December Target December FY 25-26
2025-12,Performance Review,2025-26,Review Report Dec 25.pdf,21,ii) Domestic Terminals,target,2025-12,cumulative,268975914.0,,268975914,Annexure - A Infrastructure Sector Performance during December 2025 and April-December FY 25-26 & FY 24-25 During April 2025-March 2026 (Cumulative) Target upto December FY 25-26
2025-12,Performance Review,2025-26,Review Report Dec 25.pdf,21,ii) Import Cargo,achievement,2025-12,cumulative,758546.0,,758546,Annexure - A Infrastructure Sector Performance during December 2025 and April-December FY 25-26 & FY 24-25 During April 2025-March 2026 (Cumulative) Production upto December FY 24-25
2025-12,Performance Review,2025-26,Review Report Dec 25.pdf,21,ii) Mini Plants,achievement,2025-12,cumulative,1.484,,1.484,Annexure - A Infrastructure Sector Performance during December 2025 and April-December FY 25-26 & FY 24-25 During December Production D e c ember FY 25-26
2025-12,Performance Review,2025-26,Review Report Dec 25.pdf,21,ii) Mini Plants,achievement,2025-12,cumulative,13.045,,13.045,Annexure - A Infrastructure Sector Performance during December 2025 and April-December FY 25-26 & FY 24-25 During April 2025-March 2026 (Cumulative) Production upto December FY 25-26
2025-12,Performance Review,2025-26,Review Report Dec 25.pdf,21,ii) Mini Plants,achievement,2025-12,cumulative,13.356,,13.356,Annexure - A Infrastructure Sector Performance during December 2025 and April-December FY 25-26 & FY 24-25 During April 2025-March 2026 (Cumulative) Production upto December FY 24-25
2025-12,Performance Review,2025-26,Review Report Dec 25.pdf,21,ii) Mini Plants,growth_pct,2025-12,cumulative,-5.12,,-5.12,Annexure - A Infrastructure Sector Performance during December 2025 and April-December FY 25-26 & FY 24-25 During December Growth % Y-o-Y (FY 25-26 w.r.t FY 24-25)
2025-12,Performance Review,2025-26,Review Report Dec 25.pdf,21,ii) Mini Plants,growth_pct,2025-12,cumulative,-2.33,,-2.33,Annexure - A Infrastructure Sector Performance during December 2025 and April-December FY 25-26 & FY 24-25 During April 2025-March 2026 (Cumulative) Cumulative Growth % (FY 25-26 w.r.t FY 24-25)
2025-12,Performance Review,2025-26,Review Report Dec 25.pdf,21,ii) POL Crude handled at major ports (Tonnes),achievement,2025-12,cumulative,15868442.0,Tonnes,15868442,Annexure - A Infrastructure Sector Performance during December 2025 and April-December FY 25-26 & FY 24-25 During December Production D e c ember FY 25-26
2025-12,Performance Review,2025-26,Review Report Dec 25.pdf,21,ii) POL Crude handled at major ports (Tonnes),achievement,2025-12,cumulative,134356453.0,Tonnes,134356453,Annexure - A Infrastructure Sector Performance during December 2025 and April-December FY 25-26 & FY 24-25 During April 2025-March 2026 (Cumulative) Production upto December FY 25-26
2025-12,Performance Review,2025-26,Review Report Dec 25.pdf,21,ii) POL Crude handled at major ports (Tonnes),achievement,2025-12,cumulative,124060066.0,Tonnes,124060066,Annexure - A Infrastructure Sector Performance during December 2025 and April-December FY 25-26 & FY 24-25 During April 2025-March 2026 (Cumulative) Production upto December FY 24-25
2025-12,Performance Review,2025-26,Review Report Dec 25.pdf,21,ii) POL Crude handled at major ports (Tonnes),growth_pct,2025-12,cumulative,8.98,Tonnes,8.98,Annexure - A Infrastructure Sector Performance during December 2025 and April-December FY 25-26 & FY 24-25 During December Growth % Y-o-Y (FY 25-26 w.r.t FY 24-25)
2025-12,Performance Review,2025-26,Review Report Dec 25.pdf,21,ii) POL Crude handled at major ports (Tonnes),growth_pct,2025-12,cumulative,8.3,Tonnes,8.30,Annexure - A Infrastructure Sector Performance during December 2025 and April-December FY 25-26 & FY 24-25 During April 2025-March 2026 (Cumulative) Cumulative Growth % (FY 25-26 w.r.t FY 24-25)
2025-12,Performance Review,2025-26,Review Report Dec 25.pdf,21,ii) Phosphate,achievement,2025-12,cumulative,478.0,,478.00,Annexure - A Infrastructure Sector Performance during December 2025 and April-December FY 25-26 & FY 24-25 During December Production D e c ember FY 25-26
2025-12,Performance Review,2025-26,Review Report Dec 25.pdf,21,ii) Phosphate,achievement,2025-12,cumulative,4134.4,,4134.40,Annexure - A Infrastructure Sector Performance during December 2025 and April-December FY 25-26 & FY 24-25 During April 2025-March 2026 (Cumulative) Production upto December FY 25-26
2025-12,Performance Review,2025-26,Review Report Dec 25.pdf,21,ii) Phosphate,achievement,2025-12,cumulative,3942.3,,3942.30,Annexure - A Infrastructure Sector Performance during December 2025 and April-December FY 25-26 & FY 24-25 During April 2025-March 2026 (Cumulative) Production upto December FY 24-25
2025-12,Performance Review,2025-26,Review Report Dec 25.pdf,21,ii) Phosphate,achievement_pct,2025-12,cumulative,88.09,,88.09,Annexure - A Infrastructure Sector Performance during December 2025 and April-December FY 25-26 & FY 24-25 During December Achievement ( % of Target )
2025-12,Performance Review,2025-26,Review Report Dec 25.pdf,21,ii) Phosphate,achievement_pct,2025-12,cumulative,86.86,,86.86,Annexure - A Infrastructure Sector Performance during December 2025 and April-December FY 25-26 & FY 24-25 During April 2025-March 2026 (Cumulative) Achievem ent ( % of Target )
2025-12,Performance Review,2025-26,Review Report Dec 25.pdf,21,ii) Phosphate,growth_pct,2025-12,cumulative,7.27,,7.27,Annexure - A Infrastructure Sector Performance during December 2025 and April-December FY 25-26 & FY 24-25 During December Growth % Y-o-Y (FY 25-26 w.r.t FY 24-25)
2025-12,Performance Review,2025-26,Review Report Dec 25.pdf,21,ii) Phosphate,growth_pct,2025-12,cumulative,4.87,,4.87,Annexure - A Infrastructure Sector Performance during December 2025 and April-December FY 25-26 & FY 24-25 During April 2025-March 2026 (Cumulative) Cumulative Growth % (FY 25-26 w.r.t FY 24-25)
2025-12,Performance Review,2025-26,Review Report Dec 25.pdf,21,ii) Phosphate,target,2025-12,cumulative,542.6,,542.60,Annexure - A Infrastructure Sector Performance during December 2025 and April-December FY 25-26 & FY 24-25 During December Target December FY 25-26
2025-12,Performance Review,2025-26,Review Report Dec 25.pdf,21,ii) Phosphate,target,2025-12,cumulative,4760.0,,4760.00,Annexure - A Infrastructure Sector Performance during December 2025 and April-December FY 25-26 & FY 24-25 During April 2025-March 2026 (Cumulative) Target upto December FY 25-26
2025-12,Performance Review,2025-26,Review Report Dec 25.pdf,22,ii) State PWD & BRO (KM),achievement,2025-12,cumulative,1935.0,KM,1935.000,Achievement (as per units applicable) April - December 2025
2025-12,Performance Review,2025-26,Review Report Dec 25.pdf,22,ii) State PWD & BRO (KM),achievement,2025-12,cumulative,-20.79,KM,-20.79,Percent change in achievement over corresponding period of the previous year April - December 2025
2025-12,Performance Review,2025-26,Review Report Dec 25.pdf,21,ii) Wireless Subscribers,achievement,2025-12,cumulative,962.07,,962.070,Annexure - A Infrastructure Sector Performance during December 2025 and April-December FY 25-26 & FY 24-25 During December Production D e c ember FY 25-26
2025-12,Performance Review,2025-26,Review Report Dec 25.pdf,21,ii) Wireless Subscribers,growth_pct,2025-12,cumulative,6.45,,6.45,Annexure - A Infrastructure Sector Performance during December 2025 and April-December FY 25-26 & FY 24-25 During December Growth % Y-o-Y (FY 25-26 w.r.t FY 24-25)
2025-12,Performance Review,2025-26,Review Report Dec 25.pdf,21,iii) Container handled at major ports (Tonnes),achievement,2025-12,cumulative,18827683.0,Tonnes,18827683,Annexure - A Infrastructure Sector Performance during December 2025 and April-December FY 25-26 & FY 24-25 During December Production D e c ember FY 25-26
2025-12,Performance Review,2025-26,Review Report Dec 25.pdf,21,iii) Container handled at major ports (Tonnes),achievement,2025-12,cumulative,157648803.0,Tonnes,157648803,Annexure - A Infrastructure Sector Performance during December 2025 and April-December FY 25-26 & FY 24-25 During April 2025-March 2026 (Cumulative) Production upto December FY 25-26
2025-12,Performance Review,2025-26,Review Report Dec 25.pdf,21,iii) Container handled at major ports (Tonnes),achievement,2025-12,cumulative,142791281.0,Tonnes,142791281,Annexure - A Infrastructure Sector Performance during December 2025 and April-December FY 25-26 & FY 24-25 During April 2025-March 2026 (Cumulative) Production upto December FY 24-25
2025-12,Performance Review,2025-26,Review Report Dec 25.pdf,21,iii) Container handled at major ports (Tonnes),growth_pct,2025-12,cumulative,8.03,Tonnes,8.03,Annexure - A Infrastructure Sector Performance during December 2025 and April-December FY 25-26 & FY 24-25 During December Growth % Y-o-Y (FY 25-26 w.r.t FY 24-25)
2025-12,Performance Review,2025-26,Review Report Dec 25.pdf,21,iii) Container handled at major ports (Tonnes),growth_pct,2025-12,cumulative,10.41,Tonnes,10.41,Annexure - A Infrastructure Sector Performance during December 2025 and April-December FY 25-26 & FY 24-25 During April 2025-March 2026 (Cumulative) Cumulative Growth % (FY 25-26 w.r.t FY 24-25)
2025-12,Performance Review,2025-26,Review Report Dec 25.pdf,22,iii) Natural Gas (MCM),achievement,2025-12,cumulative,26348.34,MCM,26348.34,Achievement (as per units applicable) April - December 2025
2025-12,Performance Review,2025-26,Review Report Dec 25.pdf,22,iii) Natural Gas (MCM),achievement,2025-12,cumulative,-3.5,MCM,-3.50,Percent change in achievement over corresponding period of the previous year April - December 2025
2025-12,Performance Review,2025-26,Review Report Dec 25.pdf,21,iii) Natural Gas Prod. (MCM),achievement,2025-12,cumulative,2932.69,MCM,2932.69,Annexure - A Infrastructure Sector Performance during December 2025 and April-December FY 25-26 & FY 24-25 During December Production D e c ember FY 25-26
2025-12,Performance Review,2025-26,Review Report Dec 25.pdf,21,iii) Natural Gas Prod. (MCM),achievement,2025-12,cumulative,26348.34,MCM,26348.34,Annexure - A Infrastructure Sector Performance during December 2025 and April-December FY 25-26 & FY 24-25 During April 2025-March 2026 (Cumulative) Production upto December FY 25-26
2025-12,Performance Review,2025-26,Review Report Dec 25.pdf,21,iii) Natural Gas Prod. (MCM),achievement,2025-12,cumulative,27302.72,MCM,27302.72,Annexure - A Infrastructure Sector Performance during December 2025 and April-December FY 25-26 & FY 24-25 During April 2025-March 2026 (Cumulative) Production upto December FY 24-25
2025-12,Performance Review,2025-26,Review Report Dec 25.pdf,21,iii) Natural Gas Prod. (MCM),achievement_pct,2025-12,cumulative,93.66,MCM,93.66,Annexure - A Infrastructure Sector Performance during December 2025 and April-December FY 25-26 & FY 24-25 During December Achievement ( % of Target )
2025-12,Performance Review,2025-26,Review Report Dec 25.pdf,21,iii) Natural Gas Prod. (MCM),achievement_pct,2025-12,cumulative,96.44,MCM,96.44,Annexure - A Infrastructure Sector Performance during December 2025 and April-December FY 25-26 & FY 24-25 During April 2025-March 2026 (Cumulative) Achievem ent ( % of Target )
2025-12,Performance Review,2025-26,Review Report Dec 25.pdf,21,iii) Natural Gas Prod. (MCM),growth_pct,2025-12,cumulative,-4.33,MCM,-4.33,Annexure - A Infrastructure Sector Performance during December 2025 and April-December FY 25-26 & FY 24-25 During December Growth % Y-o-Y (FY 25-26 w.r.t FY 24-25)
2025-12,Performance Review,2025-26,Review Report Dec 25.pdf,21,iii) Natural Gas Prod. (MCM),growth_pct,2025-12,cumulative,-3.5,MCM,-3.50,Annexure - A Infrastructure Sector Performance during December 2025 and April-December FY 25-26 & FY 24-25 During April 2025-March 2026 (Cumulative) Cumulative Growth % (FY 25-26 w.r.t FY 24-25)
2025-12,Performance Review,2025-26,Review Report Dec 25.pdf,21,iii) Natural Gas Prod. (MCM),target,2025-12,cumulative,3131.15,MCM,3131.15,Annexure - A Infrastructure Sector Performance during December 2025 and April-December FY 25-26 & FY 24-25 During December Target December FY 25-26
2025-12,Performance Review,2025-26,Review Report Dec 25.pdf,21,iii) Natural Gas Prod. (MCM),target,2025-12,cumulative,27320.43,MCM,27320.43,Annexure - A Infrastructure Sector Performance during December 2025 and April-December FY 25-26 & FY 24-25 During April 2025-March 2026 (Cumulative) Target upto December FY 25-26
2025-12,Performance Review,2025-26,Review Report Dec 25.pdf,22,iii) Passengers handled at International Terminals (Lakh),achievement,2025-12,cumulative,609.519,Lakh,609.519,Achievement (as per units applicable) April - December 2025
2025-12,Performance Review,2025-26,Review Report Dec 25.pdf,22,iii) Passengers handled at International Terminals (Lakh),achievement,2025-12,cumulative,7.16,Lakh,7.16,Percent change in achievement over corresponding period of the previous year April - December 2025
2025-12,Performance Review,2025-26,Review Report Dec 25.pdf,21,iii) TSL GROUP,achievement,2025-12,cumulative,2040.0,,2040.000,Annexure - A Infrastructure Sector Performance during December 2025 and April-December FY 25-26 & FY 24-25 During December Production D e c ember FY 25-26
2025-12,Performance Review,2025-26,Review Report Dec 25.pdf,21,iii) TSL GROUP,achievement,2025-12,cumulative,17017.0,,17017.000,Annexure - A Infrastructure Sector Performance during December 2025 and April-December FY 25-26 & FY 24-25 During April 2025-March 2026 (Cumulative) Production upto December FY 25-26
2025-12,Performance Review,2025-26,Review Report Dec 25.pdf,21,iii) TSL GROUP,achievement,2025-12,cumulative,15856.0,,15856.000,Annexure - A Infrastructure Sector Performance during December 2025 and April-December FY 25-26 & FY 24-25 During April 2025-March 2026 (Cumulative) Production upto December FY 24-25
2025-12,Performance Review,2025-26,Review Report Dec 25.pdf,21,iii) TSL GROUP,achievement_pct,2025-12,cumulative,145.2,,145.20,Annexure - A Infrastructure Sector Performance during December 2025 and April-December FY 25-26 & FY 24-25 During December Achievement ( % of Target )
2025-12,Performance Review,2025-26,Review Report Dec 25.pdf,21,iii) TSL GROUP,achievement_pct,2025-12,cumulative,143.74,,143.74,Annexure - A Infrastructure Sector Performance during December 2025 and April-December FY 25-26 & FY 24-25 During April 2025-March 2026 (Cumulative) Achievem ent ( % of Target )
2025-12,Performance Review,2025-26,Review Report Dec 25.pdf,21,iii) TSL GROUP,growth_pct,2025-12,cumulative,7.71,,7.71,Annexure - A Infrastructure Sector Performance during December 2025 and April-December FY 25-26 & FY 24-25 During December Growth % Y-o-Y (FY 25-26 w.r.t FY 24-25)
2025-12,Performance Review,2025-26,Review Report Dec 25.pdf,21,iii) TSL GROUP,growth_pct,2025-12,cumulative,7.32,,7.32,Annexure - A Infrastructure Sector Performance during December 2025 and April-December FY 25-26 & FY 24-25 During April 2025-March 2026 (Cumulative) Cumulative Growth % (FY 25-26 w.r.t FY 24-25)
2025-12,Performance Review,2025-26,Review Report Dec 25.pdf,21,iii) TSL GROUP,target,2025-12,cumulative,1405.0,,1405.000,Annexure - A Infrastructure Sector Performance during December 2025 and April-December FY 25-26 & FY 24-25 During December Target December FY 25-26
2025-12,Performance Review,2025-26,Review Report Dec 25.pdf,21,iii) TSL GROUP,target,2025-12,cumulative,11839.0,,11839.000,Annexure - A Infrastructure Sector Performance during December 2025 and April-December FY 25-26 & FY 24-25 During April 2025-March 2026 (Cumulative) Target upto December FY 25-26
2025-12,Performance Review,2025-26,Review Report Dec 25.pdf,21,iii) Urea,achievement,2025-12,cumulative,2691.6,,2691.60,Annexure - A Infrastructure Sector Performance during December 2025 and April-December FY 25-26 & FY 24-25 During December Production D e c ember FY 25-26
2025-12,Performance Review,2025-26,Review Report Dec 25.pdf,21,iii) Urea,achievement,2025-12,cumulative,22452.2,,22452.20,Annexure - A Infrastructure Sector Performance during December 2025 and April-December FY 25-26 & FY 24-25 During April 2025-March 2026 (Cumulative) Production upto December FY 25-26
2025-12,Performance Review,2025-26,Review Report Dec 25.pdf,21,iii) Urea,achievement,2025-12,cumulative,23200.0,,23200.00,Annexure - A Infrastructure Sector Performance during December 2025 and April-December FY 25-26 & FY 24-25 During April 2025-March 2026 (Cumulative) Production upto December FY 24-25
2025-12,Performance Review,2025-26,Review Report Dec 25.pdf,21,iii) Urea,achievement_pct,2025-12,cumulative,98.47,,98.47,Annexure - A Infrastructure Sector Performance during December 2025 and April-December FY 25-26 & FY 24-25 During December Achievement ( % of Target )
2025-12,Performance Review,2025-26,Review Report Dec 25.pdf,21,iii) Urea,achievement_pct,2025-12,cumulative,98.24,,98.24,Annexure - A Infrastructure Sector Performance during December 2025 and April-December FY 25-26 & FY 24-25 During April 2025-March 2026 (Cumulative) Achievem ent ( % of Target )
2025-12,Performance Review,2025-26,Review Report Dec 25.pdf,21,iii) Urea,growth_pct,2025-12,cumulative,0.48,,0.48,Annexure - A Infrastructure Sector Performance during December 2025 and April-December FY 25-26 & FY 24-25 During December Growth % Y-o-Y (FY 25-26 w.r.t FY 24-25)
2025-12,Performance Review,2025-26,Review Report Dec 25.pdf,21,iii) Urea,growth_pct,2025-12,cumulative,-3.22,,-3.22,Annexure - A Infrastructure Sector Performance during December 2025 and April-December FY 25-26 & FY 24-25 During April 2025-March 2026 (Cumulative) Cumulative Growth % (FY 25-26 w.r.t FY 24-25)
2025-12,Performance Review,2025-26,Review Report Dec 25.pdf,21,iii) Urea,target,2025-12,cumulative,2733.48,,2733.48,Annexure - A Infrastructure Sector Performance during December 2025 and April-December FY 25-26 & FY 24-25 During December Target December FY 25-26
2025-12,Performance Review,2025-26,Review Report Dec 25.pdf,21,iii) Urea,target,2025-12,cumulative,22854.35,,22854.35,Annexure - A Infrastructure Sector Performance during December 2025 and April-December FY 25-26 & FY 24-25 During April 2025-March 2026 (Cumulative) Target upto December FY 25-26
2025-12,Performance Review,2025-26,Review Report Dec 25.pdf,21,iv) JSWL GROUP,achievement,2025-12,cumulative,2265.0,,2265.000,Annexure - A Infrastructure Sector Performance during December 2025 and April-December FY 25-26 & FY 24-25 During December Production D e c ember FY 25-26
2025-12,Performance Review,2025-26,Review Report Dec 25.pdf,21,iv) JSWL GROUP,achievement,2025-12,cumulative,19556.0,,19556.000,Annexure - A Infrastructure Sector Performance during December 2025 and April-December FY 25-26 & FY 24-25 During April 2025-March 2026 (Cumulative) Production upto December FY 25-26
2025-12,Performance Review,2025-26,Review Report Dec 25.pdf,21,iv) JSWL GROUP,achievement,2025-12,cumulative,17204.0,,17204.000,Annexure - A Infrastructure Sector Performance during December 2025 and April-December FY 25-26 & FY 24-25 During April 2025-March 2026 (Cumulative) Production upto December FY 24-25
2025-12,Performance Review,2025-26,Review Report Dec 25.pdf,21,iv) JSWL GROUP,growth_pct,2025-12,cumulative,13.93,,13.93,Annexure - A Infrastructure Sector Performance during December 2025 and April-December FY 25-26 & FY 24-25 During December Growth % Y-o-Y (FY 25-26 w.r.t FY 24-25)
2025-12,Performance Review,2025-26,Review Report Dec 25.pdf,21,iv) JSWL GROUP,growth_pct,2025-12,cumulative,13.67,,13.67,Annexure - A Infrastructure Sector Performance during December 2025 and April-December FY 25-26 & FY 24-25 During April 2025-March 2026 (Cumulative) Cumulative Growth % (FY 25-26 w.r.t FY 24-25)
2025-12,Performance Review,2025-26,Review Report Dec 25.pdf,22,iv) Passengers handled at Domestic Terminal (Lakh),achievement,2025-12,cumulative,2509.095,Lakh,2509.095,Achievement (as per units applicable) April - December 2025
2025-12,Performance Review,2025-26,Review Report Dec 25.pdf,22,iv) Passengers handled at Domestic Terminal (Lakh),achievement,2025-12,cumulative,1.68,Lakh,1.68,Percent change in achievement over corresponding period of the previous year April - December 2025
2025-12,Performance Review,2025-26,Review Report Dec 25.pdf,21,v) JSPL,achievement,2025-12,cumulative,779.0,,779.000,Annexure - A Infrastructure Sector Performance during December 2025 and April-December FY 25-26 & FY 24-25 During December Production D e c ember FY 25-26
2025-12,Performance Review,2025-26,Review Report Dec 25.pdf,21,v) JSPL,achievement,2025-12,cumulative,5506.0,,5506.000,Annexure - A Infrastructure Sector Performance during December 2025 and April-December FY 25-26 & FY 24-25 During April 2025-March 2026 (Cumulative) Production upto December FY 25-26
2025-12,Performance Review,2025-26,Review Report Dec 25.pdf,21,v) JSPL,achievement,2025-12,cumulative,5119.0,,5119.000,Annexure - A Infrastructure Sector Performance during December 2025 and April-December FY 25-26 & FY 24-25 During April 2025-March 2026 (Cumulative) Production upto December FY 24-25
2025-12,Performance Review,2025-26,Review Report Dec 25.pdf,21,v) JSPL,growth_pct,2025-12,cumulative,34.31,,34.31,Annexure - A Infrastructure Sector Performance during December 2025 and April-December FY 25-26 & FY 24-25 During December Growth % Y-o-Y (FY 25-26 w.r.t FY 24-25)
2025-12,Performance Review,2025-26,Review Report Dec 25.pdf,21,v) JSPL,growth_pct,2025-12,cumulative,7.56,,7.56,Annexure - A Infrastructure Sector Performance during December 2025 and April-December FY 25-26 & FY 24-25 During April 2025-March 2026 (Cumulative) Cumulative Growth % (FY 25-26 w.r.t FY 24-25)
2025-12,Performance Review,2025-26,Review Report Dec 25.pdf,21,vi) RINL,achievement,2025-12,cumulative,345.0,,345.000,Annexure - A Infrastructure Sector Performance during December 2025 and April-December FY 25-26 & FY 24-25 During December Production D e c ember FY 25-26
2025-12,Performance Review,2025-26,Review Report Dec 25.pdf,21,vi) RINL,achievement,2025-12,cumulative,3155.0,,3155.000,Annexure - A Infrastructure Sector Performance during December 2025 and April-December FY 25-26 & FY 24-25 During April 2025-March 2026 (Cumulative) Production upto December FY 25-26
2025-12,Performance Review,2025-26,Review Report Dec 25.pdf,21,vi) RINL,achievement,2025-12,cumulative,2165.0,,2165.000,Annexure - A Infrastructure Sector Performance during December 2025 and April-December FY 25-26 & FY 24-25 During April 2025-March 2026 (Cumulative) Production upto December FY 24-25
2025-12,Performance Review,2025-26,Review Report Dec 25.pdf,21,vi) RINL,achievement_pct,2025-12,cumulative,77.7,,77.70,Annexure - A Infrastructure Sector Performance during December 2025 and April-December FY 25-26 & FY 24-25 During December Achievement ( % of Target )
2025-12,Performance Review,2025-26,Review Report Dec 25.pdf,21,vi) RINL,achievement_pct,2025-12,cumulative,89.58,,89.58,Annexure - A Infrastructure Sector Performance during December 2025 and April-December FY 25-26 & FY 24-25 During April 2025-March 2026 (Cumulative) Achievem ent ( % of Target )
2025-12,Performance Review,2025-26,Review Report Dec 25.pdf,21,vi) RINL,growth_pct,2025-12,cumulative,-2.82,,-2.82,Annexure - A Infrastructure Sector Performance during December 2025 and April-December FY 25-26 & FY 24-25 During December Growth % Y-o-Y (FY 25-26 w.r.t FY 24-25)
2025-12,Performance Review,2025-26,Review Report Dec 25.pdf,21,vi) RINL,growth_pct,2025-12,cumulative,45.73,,45.73,Annexure - A Infrastructure Sector Performance during December 2025 and April-December FY 25-26 & FY 24-25 During April 2025-March 2026 (Cumulative) Cumulative Growth % (FY 25-26 w.r.t FY 24-25)
2025-12,Performance Review,2025-26,Review Report Dec 25.pdf,21,vi) RINL,target,2025-12,cumulative,444.0,,444.000,Annexure - A Infrastructure Sector Performance during December 2025 and April-December FY 25-26 & FY 24-25 During December Target December FY 25-26
2025-12,Performance Review,2025-26,Review Report Dec 25.pdf,21,vi) RINL,target,2025-12,cumulative,3522.0,,3522.000,Annexure - A Infrastructure Sector Performance during December 2025 and April-December FY 25-26 & FY 24-25 During April 2025-March 2026 (Cumulative) Target upto December FY 25-26
2025-12,Performance Review,2025-26,Review Report Dec 25.pdf,21,vii) NSL,achievement,2025-12,cumulative,189.0,,189.000,Annexure - A Infrastructure Sector Performance during December 2025 and April-December FY 25-26 & FY 24-25 During December Production D e c ember FY 25-26
2025-12,Performance Review,2025-26,Review Report Dec 25.pdf,21,vii) NSL,achievement,2025-12,cumulative,1683.0,,1683.000,Annexure - A Infrastructure Sector Performance during December 2025 and April-December FY 25-26 & FY 24-25 During April 2025-March 2026 (Cumulative) Production upto December FY 25-26
2025-12,Performance Review,2025-26,Review Report Dec 25.pdf,21,vii) NSL,achievement,2025-12,cumulative,995.0,,995.000,Annexure - A Infrastructure Sector Performance during December 2025 and April-December FY 25-26 & FY 24-25 During April 2025-March 2026 (Cumulative) Production upto December FY 24-25
2025-12,Performance Review,2025-26,Review Report Dec 25.pdf,21,vii) NSL,growth_pct,2025-12,cumulative,28.57,,28.57,Annexure - A Infrastructure Sector Performance during December 2025 and April-December FY 25-26 & FY 24-25 During December Growth % Y-o-Y (FY 25-26 w.r.t FY 24-25)
2025-12,Performance Review,2025-26,Review Report Dec 25.pdf,21,vii) NSL,growth_pct,2025-12,cumulative,69.15,,69.15,Annexure - A Infrastructure Sector Performance during December 2025 and April-December FY 25-26 & FY 24-25 During April 2025-March 2026 (Cumulative) Cumulative Growth % (FY 25-26 w.r.t FY 24-25)
2026-01,Performance Review,2025-26,Review Report Jan26.pdf,30,All India - Total,achievement,2026-01,monthly,105.43,,105.430,January 2026 Achievement (Provisional) 5.530 2.950 9.560 12.310 7.330 19.740 22.380 0.020
2026-01,Performance Review,2025-26,Review Report Jan26.pdf,33,All India - Total,achievement,2026-01,monthly,92.18,,92.180,January 2026 Achievement (Provisional) 4.360 2.410 7.900 11.870 5.820 16.470 18.020 0.020
2026-01,Performance Review,2025-26,Review Report Jan26.pdf,30,All India - Total,target,2026-01,monthly,98.52,,98.520,January 2026 Target 6.750 4.250 12.320 12.490 7.750 23.420 24.510 0.030
2026-01,Performance Review,2025-26,Review Report Jan26.pdf,33,All India - Total,target,2026-01,monthly,88.36,,88.360,January 2026 Target 5.430 3.880 9.920 12.870 7.130 20.480 21.620 0.030
2026-01,Performance Review,2025-26,Review Report Jan26.pdf,30,All India - Total,variation_pct,2026-01,monthly,7.03,,7.03,% Variation Over Target January 2026 -18.07 -30.59 -22.40 -1.44 -5.42 -15.71 -8.69 -33.33
2026-01,Performance Review,2025-26,Review Report Jan26.pdf,33,All India - Total,variation_pct,2026-01,monthly,4.33,,4.33,% Variation Over Target January 2026 -19.71 -37.89 -20.36 -7.77 -18.37 -19.58 -16.65 -33.33
2026-01,Performance Review,2025-26,Review Report Jan26.pdf,41,All India Total (A+B),achievement,2026-01,monthly,2328.94,,2328.94,January 2026 Achievement (Provisional) A. Oil & Natural Gas corporation (ONGC) Gujarat 425.47 370.59 387.39 -12.90 -4.34 Assam 100.15 88.82 88.29 -11.31 0.60 Tamil Nadu 20.00 15.20 16.03 -24.00 -5.18 Offshore 1141.85 995.38 1049.06 -12.83 -5.12 Andhra Pradesh 21.87 18.25 17.86 -16.55 2.18 Tripura 0.18 0.21 0.20 16.67 5.00
2026-01,Performance Review,2025-26,Review Report Jan26.pdf,41,All India Total (A+B),target,2026-01,monthly,2705.23,,2705.23,January 2026 Target A. Oil & Natural Gas corporation (ONGC) Gujarat 425.47 370.59 387.39 -12.90 -4.34 Assam 100.15 88.82 88.29 -11.31 0.60 Tamil Nadu 20.00 15.20 16.03 -24.00 -5.18 Offshore 1141.85 995.38 1049.06 -12.83 -5.12 Andhra Pradesh 21.87 18.25 17.86 -16.55 2.18 Tripura 0.18 0.21 0.20 16.67 5.00
2026-01,Performance Review,2025-26,Review Report Jan26.pdf,41,All India Total (A+B),variation_pct,2026-01,monthly,-13.91,,-13.91,% Variation Over Target January 2026 A. Oil & Natural Gas corporation (ONGC) Gujarat 425.47 370.59 387.39 -12.90 -4.34 Assam 100.15 88.82 88.29 -11.31 0.60 Tamil Nadu 20.00 15.20 16.03 -24.00 -5.18 Offshore 1141.85 995.38 1049.06 -12.83 -5.12 Andhra Pradesh 21.87 18.25 17.86 -16.55 2.18 Tripura 0.18 0.21 0.20 16.67 5.00
2026-01,Performance Review,2025-26,Review Report Jan26.pdf,37,All India Total (A+B+C),achievement,2026-01,monthly,464.93,,464.93,January 2026 Achievement (Provisional) 0.00 0.00
2026-01,Performance Review,2025-26,Review Report Jan26.pdf,47,All India Total (A+B+C),achievement,2026-01,monthly,2907.27,,2907.27,January 2026 Achievement (Provisional) A. Oil & Natural Gas corporation (ONGC) Gujarat 68.61 70.70 71.56 3.05 -1.20 Assam 35.17 31.52 27.00 -10.38 16.74 Tamil Nadu 86.72 77.69 83.59 -10.41 -7.06 Offshore 1341.73 1225.06 1244.13 -8.70 -1.53 Andhra Pradesh 68.80 59.79 61.55 -13.10 -2.86 Tripura 138.41 107.01 103.20 -22.69 3.69 Rajasthan 1.50 0.00 0.00 -100.00 -
2026-01,Performance Review,2025-26,Review Report Jan26.pdf,47,All India Total (A+B+C),target,2026-01,monthly,3129.7,,3129.70,January 2026 Target A. Oil & Natural Gas corporation (ONGC) Gujarat 68.61 70.70 71.56 3.05 -1.20 Assam 35.17 31.52 27.00 -10.38 16.74 Tamil Nadu 86.72 77.69 83.59 -10.41 -7.06 Offshore 1341.73 1225.06 1244.13 -8.70 -1.53 Andhra Pradesh 68.80 59.79 61.55 -13.10 -2.86 Tripura 138.41 107.01 103.20 -22.69 3.69 Rajasthan 1.50 0.00 0.00 -100.00 -
2026-01,Performance Review,2025-26,Review Report Jan26.pdf,47,All India Total (A+B+C),variation_pct,2026-01,monthly,-7.11,,-7.11,% Variation Over January 2026 Target A. Oil & Natural Gas corporation (ONGC) Gujarat 68.61 70.70 71.56 3.05 -1.20 Assam 35.17 31.52 27.00 -10.38 16.74 Tamil Nadu 86.72 77.69 83.59 -10.41 -7.06 Offshore 1341.73 1225.06 1244.13 -8.70 -1.53 Andhra Pradesh 68.80 59.79 61.55 -13.10 -2.86 Tripura 138.41 107.01 103.20 -22.69 3.69 Rajasthan 1.50 0.00 0.00 -100.00 -
2026-01,Performance Review,2025-26,Review Report Jan26.pdf,38,All India Total(A+B),achievement,2026-01,monthly,1995.8,,1995.80,January 2026 Achievement (Provisional) 313.10 359.10 842.80
2026-01,Performance Review,2025-26,Review Report Jan26.pdf,38,All India Total(A+B),target,2026-01,monthly,2035.5,,2035.50,January 2026 Target 307.70 343.60 847.80
2026-01,Performance Review,2025-26,Review Report Jan26.pdf,38,All India Total(A+B),variation_pct,2026-01,monthly,-1.95,,-1.95,% Variation Over Target January 2026 1.75 4.51 -0.59
2026-01,Performance Review,2025-26,Review Report Jan26.pdf,37,B. Private Sector,achievement,2026-01,monthly,450.09,,450.09,January 2026 Achievement (Provisional) 0.00 0.00
2026-01,Performance Review,2025-26,Review Report Jan26.pdf,41,C. DGH (JVC/Private),achievement,2026-01,monthly,543.94,,543.94,January 2026 Achievement (Provisional) A. Oil & Natural Gas corporation (ONGC) Gujarat 425.47 370.59 387.39 -12.90 -4.34 Assam 100.15 88.82 88.29 -11.31 0.60 Tamil Nadu 20.00 15.20 16.03 -24.00 -5.18 Offshore 1141.85 995.38 1049.06 -12.83 -5.12 Andhra Pradesh 21.87 18.25 17.86 -16.55 2.18 Tripura 0.18 0.21 0.20 16.67 5.00
2026-01,Performance Review,2025-26,Review Report Jan26.pdf,47,C. DGH (JVC/Private),achievement,2026-01,monthly,1092.55,,1092.55,January 2026 Achievement (Provisional) A. Oil & Natural Gas corporation (ONGC) Gujarat 68.61 70.70 71.56 3.05 -1.20 Assam 35.17 31.52 27.00 -10.38 16.74 Tamil Nadu 86.72 77.69 83.59 -10.41 -7.06 Offshore 1341.73 1225.06 1244.13 -8.70 -1.53 Andhra Pradesh 68.80 59.79 61.55 -13.10 -2.86 Tripura 138.41 107.01 103.20 -22.69 3.69 Rajasthan 1.50 0.00 0.00 -100.00 -
2026-01,Performance Review,2025-26,Review Report Jan26.pdf,41,C. DGH (JVC/Private),target,2026-01,monthly,664.27,,664.27,January 2026 Target A. Oil & Natural Gas corporation (ONGC) Gujarat 425.47 370.59 387.39 -12.90 -4.34 Assam 100.15 88.82 88.29 -11.31 0.60 Tamil Nadu 20.00 15.20 16.03 -24.00 -5.18 Offshore 1141.85 995.38 1049.06 -12.83 -5.12 Andhra Pradesh 21.87 18.25 17.86 -16.55 2.18 Tripura 0.18 0.21 0.20 16.67 5.00
2026-01,Performance Review,2025-26,Review Report Jan26.pdf,47,C. DGH (JVC/Private),target,2026-01,monthly,1092.95,,1092.95,January 2026 Target A. Oil & Natural Gas corporation (ONGC) Gujarat 68.61 70.70 71.56 3.05 -1.20 Assam 35.17 31.52 27.00 -10.38 16.74 Tamil Nadu 86.72 77.69 83.59 -10.41 -7.06 Offshore 1341.73 1225.06 1244.13 -8.70 -1.53 Andhra Pradesh 68.80 59.79 61.55 -13.10 -2.86 Tripura 138.41 107.01 103.20 -22.69 3.69 Rajasthan 1.50 0.00 0.00 -100.00 -
2026-01,Performance Review,2025-26,Review Report Jan26.pdf,41,C. DGH (JVC/Private),variation_pct,2026-01,monthly,-18.11,,-18.11,% Variation Over Target January 2026 A. Oil & Natural Gas corporation (ONGC) Gujarat 425.47 370.59 387.39 -12.90 -4.34 Assam 100.15 88.82 88.29 -11.31 0.60 Tamil Nadu 20.00 15.20 16.03 -24.00 -5.18 Offshore 1141.85 995.38 1049.06 -12.83 -5.12 Andhra Pradesh 21.87 18.25 17.86 -16.55 2.18 Tripura 0.18 0.21 0.20 16.67 5.00
2026-01,Performance Review,2025-26,Review Report Jan26.pdf,47,C. DGH (JVC/Private),variation_pct,2026-01,monthly,-0.04,,-0.04,% Variation Over January 2026 Target A. Oil & Natural Gas corporation (ONGC) Gujarat 68.61 70.70 71.56 3.05 -1.20 Assam 35.17 31.52 27.00 -10.38 16.74 Tamil Nadu 86.72 77.69 83.59 -10.41 -7.06 Offshore 1341.73 1225.06 1244.13 -8.70 -1.53 Andhra Pradesh 68.80 59.79 61.55 -13.10 -2.86 Tripura 138.41 107.01 103.20 -22.69 3.69 Rajasthan 1.50 0.00 0.00 -100.00 -
2026-01,Performance Review,2025-26,Review Report Jan26.pdf,37,C. Mini & White,achievement,2026-01,monthly,14.84,,14.84,January 2026 Achievement (Provisional) 0.00 0.00
2026-01,Performance Review,2025-26,Review Report Jan26.pdf,30,CIL - Total,achievement,2026-01,monthly,79.81,,79.810,January 2026 Achievement (Provisional) 5.530 2.950 9.560 12.310 7.330 19.740 22.380 0.020
2026-01,Performance Review,2025-26,Review Report Jan26.pdf,33,CIL - Total,achievement,2026-01,monthly,66.85,,66.850,January 2026 Achievement (Provisional) 4.360 2.410 7.900 11.870 5.820 16.470 18.020 0.020
2026-01,Performance Review,2025-26,Review Report Jan26.pdf,30,CIL - Total,target,2026-01,monthly,91.52,,91.520,January 2026 Target 6.750 4.250 12.320 12.490 7.750 23.420 24.510 0.030
2026-01,Performance Review,2025-26,Review Report Jan26.pdf,33,CIL - Total,target,2026-01,monthly,81.36,,81.360,January 2026 Target 5.430 3.880 9.920 12.870 7.130 20.480 21.620 0.030
2026-01,Performance Review,2025-26,Review Report Jan26.pdf,30,CIL - Total,variation_pct,2026-01,monthly,-12.78,,-12.78,% Variation Over Target January 2026 -18.07 -30.59 -22.40 -1.44 -5.42 -15.71 -8.69 -33.33
2026-01,Performance Review,2025-26,Review Report Jan26.pdf,33,CIL - Total,variation_pct,2026-01,monthly,-17.81,,-17.81,% Variation Over Target January 2026 -19.71 -37.89 -20.36 -7.77 -18.37 -19.58 -16.65 -33.33
2026-01,Performance Review,2025-26,Review Report Jan26.pdf,49,Construction of Bridges (Nos.),target,2026-01,monthly,0.0,Nos,0,January 2026 Target
2026-01,Performance Review,2025-26,Review Report Jan26.pdf,49,Construction of bypass (Nos.),target,2026-01,monthly,0.0,Nos,0,January 2026 Target
2026-01,Performance Review,2025-26,Review Report Jan26.pdf,50,Improvement of low grade section (Kms.),target,2026-01,monthly,0.0,Kms,0.00,January 2026 Target
2026-01,Performance Review,2025-26,Review Report Jan26.pdf,50,Improvement of riding quality prog.(IRQP) (Kms.),target,2026-01,monthly,0.0,Kms,0.00,January 2026 Target
2026-01,Performance Review,2025-26,Review Report Jan26.pdf,50,Improvement of riding quality prog.(IRQP) (Kms.),variation_pct,2026-01,cumulative,-55.1,Kms,-55.10,"% Variation Over Actual April,2 024- Januar y 2025"
2026-01,Performance Review,2025-26,Review Report Jan26.pdf,30,"Others (TISCO,IISCO,DVC)",achievement,2026-01,monthly,20.47,,20.470,January 2026 Achievement (Provisional) 5.530 2.950 9.560 12.310 7.330 19.740 22.380 0.020
2026-01,Performance Review,2025-26,Review Report Jan26.pdf,33,"Others (TISCO,IISCO,DVC)",achievement,2026-01,monthly,19.21,,19.210,January 2026 Achievement (Provisional) 4.360 2.410 7.900 11.870 5.820 16.470 18.020 0.020
2026-01,Performance Review,2025-26,Review Report Jan26.pdf,30,"Others (TISCO,IISCO,DVC)",target,2026-01,monthly,0.0,,0.000,January 2026 Target 6.750 4.250 12.320 12.490 7.750 23.420 24.510 0.030
2026-01,Performance Review,2025-26,Review Report Jan26.pdf,33,"Others (TISCO,IISCO,DVC)",target,2026-01,monthly,0.0,,0.000,January 2026 Target 5.430 3.880 9.920 12.870 7.130 20.480 21.620 0.030
2026-01,Performance Review,2025-26,Review Report Jan26.pdf,30,SCCL,achievement,2026-01,monthly,5.16,,5.160,January 2026 Achievement (Provisional) 5.530 2.950 9.560 12.310 7.330 19.740 22.380 0.020
2026-01,Performance Review,2025-26,Review Report Jan26.pdf,33,SCCL,achievement,2026-01,monthly,6.11,,6.110,January 2026 Achievement (Provisional) 4.360 2.410 7.900 11.870 5.820 16.470 18.020 0.020
2026-01,Performance Review,2025-26,Review Report Jan26.pdf,30,SCCL,target,2026-01,monthly,7.0,,7.000,January 2026 Target 6.750 4.250 12.320 12.490 7.750 23.420 24.510 0.030
2026-01,Performance Review,2025-26,Review Report Jan26.pdf,33,SCCL,target,2026-01,monthly,7.0,,7.000,January 2026 Target 5.430 3.880 9.920 12.870 7.130 20.480 21.620 0.030
2026-01,Performance Review,2025-26,Review Report Jan26.pdf,30,SCCL,variation_pct,2026-01,monthly,-26.29,,-26.29,% Variation Over Target January 2026 -18.07 -30.59 -22.40 -1.44 -5.42 -15.71 -8.69 -33.33
2026-01,Performance Review,2025-26,Review Report Jan26.pdf,33,SCCL,variation_pct,2026-01,monthly,-12.71,,-12.71,% Variation Over Target January 2026 -19.71 -37.89 -20.36 -7.77 -18.37 -19.58 -16.65 -33.33
2026-01,Performance Review,2025-26,Review Report Jan26.pdf,50,Strengthening of existing weak pavement (Kms.),variation_pct,2026-01,cumulative,-55.4,Kms,-55.40,"% Variation Over Actual April,2 024- Januar y 2025"
2026-01,Performance Review,2025-26,Review Report Jan26.pdf,50,Widening to four/six/eight lanes (Kms.),target,2026-01,monthly,386.0,Kms,386.00,January 2026 Target
2026-01,Performance Review,2025-26,Review Report Jan26.pdf,50,Widening to four/six/eight lanes (Kms.),variation_pct,2026-01,cumulative,-22.87,Kms,-22.87,"% Variation Over Actual April,2 024- Januar y 2025"
2026-01,Performance Review,2025-26,Review Report Jan26.pdf,50,Widening to two lanes (Kms.),variation_pct,2026-01,cumulative,-11.77,Kms,-11.77,"% Variation Over Actual April,2 024- Januar y 2025"
2026-01,Performance Review,2025-26,Review Report Jan26.pdf,49,Widening/ Strengthening/ existing weak pavement to four/six/eight lanes (Kms.),target,2026-01,monthly,403.0,Kms,403.00,January 2026 Target
2026-01,Performance Review,2025-26,Review Report Jan26.pdf,49,Widening/ Strengthening/ existing weak pavement to four/six/eight lanes (Kms.),variation_pct,2026-01,monthly,1.74,Kms,1.74,% Variation Over Target January 2026
2026-01,Performance Review,2025-26,Review Report Jan26.pdf,49,Widening/ Strengthening/ existing weak pavement to four/six/eight lanes (Kms.),variation_pct,2026-01,cumulative,-12.4,Kms,-12.40,"% Variation Over Actual April,2 024- Januar y 2025"
