tree
version=v4
num_class=1
num_tree_per_iteration=1
label_index=0
max_feature_idx=62
objective=binary sigmoid:1
feature_names=physical_progress_pct elapsed_ratio cost_variation_pct expenditure_ratio burn_gap spi months_to_scheduled_completion months_to_anticipated_completion slip_to_date_months revisions_so_far months_since_last_revision log_cost cost_band progress_velocity_2q progress_velocity_4q spend_velocity_2q acceleration stagnation_quarters velocity_vs_sector_median expected_progress_scurve scurve_deviation sector_actual_target_ratio sector_yoy_growth sector_trend_4q agency_slip_rate agency_cost_optimism agency_n ministry sector state obs_count_in_quarter months_since_last_obs dq_score period_type ext_open_land ext_open_forest_env ext_open_litigation ext_open_contractor ext_open_funding ext_open_utility_shifting ext_open_inter_agency ext_open_law_order ext_open_weather ext_open_total ext_ever_land ext_ever_forest_env ext_ever_litigation ext_ever_contractor ext_ever_funding ext_ever_utility_shifting ext_ever_inter_agency ext_ever_law_order ext_ever_weather ext_months_since_first_land ext_months_since_first_forest_env ext_remark_quarters fc_expected_complexity fc_worst_complexity fc_max_authority_level la_linked la_complexity_max_by_t la_parcels_by_t la_notif_span_by_t
feature_infos=[0:100] [0:3] [-98.16163146970645:3531.983695652174] [0:2.9628571428571431] [-100:295.72529313232832] [0:5] [-256:377] [-139:149] [-356:324] [0:21] [0:162] [1.8840347453372259:12.144202560946876] [0:3] [-50:50] [-25:25] [-109.34739655973968:124.49167346821885] [-100:100] [0:13] [-52.760000000000005:49.859999999999999] [0:100] [-100:95.200000000000003] [0.46842105263157896:5.5947862356621476] [-77.164999999999992:738.90666666666675] [-37.053749999999994:471.87666666666672] [0:1] [-10.394059251432994:29.988410789531677] [0:4779] -1:15:14:6:11:13:4:8:1:5:16:3:7:12:9:10:0 -1:15:14:13:12:2:19:22:20:23:1:17:7:4:0:10:5:8:9:6:3:18:11 -1:23:19:35:4:1:25:32:10:37:3:18:15:14:6:30:33:13:29:11:2:16:8:36:24:20:12:22:31:34:21:9:0:17:26:27:7:28:5 [1:4] [1:142] [0.19999999999999996:1] -1:2:1:0 [0:1] [0:1] [0:1] [0:1] [0:1] [0:1] [0:1] [0:1] [0:1] [0:6] [0:1] [0:1] [0:1] [0:1] [0:1] [0:1] [0:1] [0:1] [0:1] [0:141] [0:141] [0:25] [3:6.5] none none [0:1] [0:5] [2:13041] [0:4978]
tree_sizes=1706 1777 1761 1763 1762 1764 1768 1755 1771 1776 1767 1763 1774 1777 1755 1770 1779 1777 1780 1773 1789 1749 1769 1779 1784 1794 1774 1778 1776 1775 1778 1760 1777 1788 1768 1753 1792 1788 1774 1790 1770 1780 1780 1782 1789 1766 1778 1779 1782 1765 1776 1773 1757 1766 1791 1772 1782 1777 1786 1773 1774 1789 1773 1793 1766 1762 1792 1776 1766 1788 1772 1767 1763 1778 1762 1791 1768 1791 1772 1746 1757 1770 1787 1760 1779 1779 1777 1783 1781 1767 1780 1767 1773 1772 1747 1789 1770 1759 1763 1785 1783 1795 1773 1766 1759 1761 1764 1769 1788 1789 1765 1763 1807 1755 1773 1794 1752 1774 1783 1790 1769 1757 1759 1772 1767 1774 1773 1780 1762 1781 1763 1785 1772 1772 1750 1768 1776 1774 1768 1778 1783 1761 1793 1778 1766 1797 1785 1790 1782 1781 1773 1769 1787 1783 1774 1775 1752 1781 1781 1776 1765 1792 1745 1776 1762 1756 1782 1780 1768 1766 1781 1779 1768 1753 1780 1751 1777 1783 1775 1765 1762 1785 1752 1772 1761 1767 1773 1787 1769 1775 1779 1756 1751 1756 1772 1770 1778 1784 1746 1772 1771 1772 1755 1746 1781 1776 1773 1755 1772 1757 1783 1779 1799 1783 1789 1761 1729 1787 1770 1764 1769 1756 1755 1798 1787 1764 1794 1773 1773 1786 1786 1764 1760 1790 1774 1779 1739 1764 1778 1788 1749 1771 1772 1769 1769 1762 1777 1762 1759 1774 1774 1775 1782 1773 1778 1762 1770 1778 1740 1763 1770 1733 1767 1786 1768 1774 1780 1772 1746 1761 1768 1770 1744 1741 1766 1767 1765 1745 1778 1775 1752 1762 1747 1775 1774 1763 1783 1793 1736 1761 1763 1775 1771 1771 1767 1776 1770 1748 1773 1737

Tree=0
num_leaves=15
num_cat=3
split_feature=28 3 7 1 29 3 4 21 26 26 24 29 2 2
split_gain=795.651 705.272 189.022 149.474 99.242 98.3113 77.12 60.9079 66.7488 59.7175 73.9975 74.767 49.3577 42.7278
threshold=0 0.89325194090923243 3.5000000000000004 0.53158244680851074 1 0.95754171666650689 -1.3957196302837305 0.97790083642899184 359.00000000000006 1816.5000000000002 0.45691754451989874 2 -3.9782634491258122 -13.16528578157625
decision_type=9 10 10 8 9 10 8 8 2 2 10 9 2 2
left_child=1 3 -3 -1 -5 -4 -6 -7 -9 13 11 -11 -8 -2
right_child=9 2 5 4 6 7 12 8 -10 10 -12 -13 -14 -15
leaf_value=-2.9204387603922992 -2.855398087496352 -2.8113876136620646 -2.7555292538563303 -2.89217345469361 -2.8968172051795391 -2.852743313779158 -2.7448439913161939 -2.5398398834315405 -2.7942926273990913 -2.8447679240517996 -2.9329331754540613 -2.9160076279093294 -2.8444970544528738 -2.931920308843976
leaf_weight=166.73546574264765 17.767299555242062 43.997574664652348 21.726586364209652 271.21114641427994 74.088154412806034 2.5735364258289337 12.323280192911623 20.142871640622623 4.1077600643038741 65.674669943749905 109.82071786373854 66.021107539534569 306.15185250341892 979.37908328324556
leaf_count=3369 359 889 439 5480 1497 52 249 407 83 1327 2219 1334 6186 19789
internal_value=-2.89881 -2.8639 -2.73336 -2.87821 -2.86759 -2.66584 -2.85202 -2.60094 -2.5771 -2.9249 -2.90279 -2.87758 -2.84017 -2.93051
internal_weight=2161.72 923.058 92.5483 830.51 663.774 48.5508 392.563 26.8242 24.2506 1238.66 241.516 131.696 318.475 997.146
internal_count=43679 18651 1870 16781 13412 981 7932 542 490 25028 4880 2661 6435 20148
cat_boundaries=0 1 3 5
cat_threshold=29843 1686552915 2 48194 57
is_linear=0
shrinkage=1


Tree=1
num_leaves=15
num_cat=3
split_feature=28 6 4 15 29 0 26 21 29 55 10 25 8 26
split_gain=694.821 185.228 129.253 163.898 75.0942 58.9424 65.0182 57.1938 86.1836 67.9809 56.6805 47.0769 41.1995 39.1068
threshold=0 2.5000000000000004 -0.55205832457772697 1.6449428819507086 1 82.445000000000007 316.50000000000006 1.0000000180025095e-35 2 1.0000000180025095e-35 52.500000000000007 -0.25067822241747201 14.500000000000002 939.00000000000011
decision_type=9 10 8 10 9 10 2 10 9 2 2 8 10 2
left_child=7 2 -2 11 -3 6 -5 8 9 10 -1 -4 -6 -11
right_child=1 4 3 5 12 -7 -8 -9 -10 13 -12 -13 -14 -15
leaf_value=-0.02029983944645353 0.0031317013734212503 -0.021153229178324469 0.16218821072058881 0.098631495571130032 0.017616081600238212 0.18527002053979313 -0.0023691124634329596 -0.046806507310745246 -0.029349849001600311 -0.0017795117300537775 0.16030474434143224 0.0342164627713894 0.1003897546915765 0.060785011135434254
leaf_weight=161.20518129318953 126.88463002443314 167.14166226238012 6.4523500055074692 142.79002729058266 163.75466211512685 17.248251691460609 17.867804616689682 255.15059817582369 678.24557260423899 41.301965929567814 3.4715976864099494 299.21634525433183 15.655546627938746 61.97587326169014
leaf_count=3337 2530 3378 125 2697 3260 302 349 5298 14056 859 70 5796 304 1238
internal_value=-0.000387137 0.0312042 0.0480815 0.0598451 0.00231938 0.0979194 0.0874534 -0.0256048 -0.0201145 0.00421858 -0.0155479 0.0374379 0.0240238 0.0359876
internal_weight=2158.36 957.011 610.459 483.575 346.552 177.906 160.658 1201.35 946.2 267.955 164.677 305.669 179.41 103.278
internal_count=43599 18741 11799 9269 6942 3348 3046 24858 19560 5504 3407 5921 3564 2097
cat_boundaries=0 1 3 5
cat_threshold=14581772 1121224018 35 541104216 29
is_linear=0
shrinkage=0.05


Tree=2
num_leaves=15
num_cat=3
split_feature=25 3 55 3 7 29 8 29 29 15 24 15 24 53
split_gain=479.699 318.096 114.816 77.142 69.319 65.4641 59.492 57.3893 53.4356 67.3421 53.184 58.1186 45.6243 44.5943
threshold=1.8872987111690367 0.87167331487499977 5.5000000000000009 0.76100302427379674 -5.4999999999999991 0 11.500000000000002 1 2 8.6485725106728903 0.37562354689267763 5.594844548345427 0.42541089117482161 4.5000000000000009
decision_type=8 10 2 10 10 9 8 9 9 10 10 10 8 8
left_child=2 5 3 -1 -3 -2 -7 10 -4 -10 11 -5 -6 -8
right_child=1 4 8 7 12 6 13 -9 9 -11 -12 -13 -14 -15
leaf_value=-0.028037285578905988 -0.0099057265194700261 0.04819941337853894 -0.010898452593654863 0.046932360329787537 0.17463142713811933 0.0068709784656272354 0.16428399839044361 -0.016791404957100305 0.023263678804715821 0.13937588968485037 0.007600454700626454 0.20338556529046228 0.051285941697447018 0.042167751107913314
leaf_weight=1018.8342768251896 123.7254301533103 21.729265343397856 128.08593007549644 25.073712825775146 49.847569104284048 153.22181880474091 6.8389860391616821 126.33554922789335 140.21376072615385 12.800225261598824 58.683223769068718 7.1950458027422419 10.015672985464333 267.01748941838741
leaf_count=21354 2461 393 2552 491 819 3060 130 2630 2748 253 1195 129 172 5036
internal_value=-0.000468671 0.0360828 -0.0157175 -0.0222738 0.127615 0.022317 0.0311569 0.00475528 0.0130902 0.0317569 0.0328005 0.086882 0.155176 0.045804
internal_weight=2149.62 632.396 1517.22 1236.12 81.5925 550.804 427.078 217.288 281.1 153.014 90.952 32.2688 59.8632 273.856
internal_count=43423 12071 31352 25799 1384 10687 8226 4445 5553 3001 1815 620 991 5166
cat_boundaries=0 2 4 6
cat_threshold=2181473875 2 595638548 45 1663863062 14
is_linear=0
shrinkage=0.05


Tree=3
num_leaves=15
num_cat=3
split_feature=28 3 1 0 29 53 23 55 29 11 3 24 2 7
split_gain=614.776 431.049 111.899 85.713 67.4586 58.6165 57.9775 86.2901 63.0039 59.9011 55.0948 75.9293 45.6185 37.1908
threshold=0 0.90515228304381201 0.53158244680851074 99.905000000000015 1 49.500000000000007 119.50145833333336 1.0000000180025095e-35 2 5.9838229012107922 1.0433741250733328 0.19021014200895273 -16.669121977561936 13.500000000000002
decision_type=9 10 8 10 9 10 8 2 9 2 10 10 2 10
left_child=1 2 -1 10 5 -4 -2 12 9 -9 13 -12 -8 -3
right_child=6 3 4 -5 -6 -7 7 8 -10 -11 11 -13 -14 -15
leaf_value=-0.019931212988828814 -0.045851109129771972 0.091922084848281543 0.0029040299880384625 -0.031045799447800879 0.039221973380115301 0.10147464483406266 0.06673161711619148 -0.018491335683070497 -0.012005568329320371 0.070854411308304291 0.043681735812835992 0.24485605372090968 -0.029736598627959621 0.18908399481481486
leaf_weight=160.97686855867505 247.28526670485735 64.544299580156803 300.15737150982022 8.1587331257760507 405.2892842553556 14.884386289864777 11.577183187007902 26.821344491094351 162.03623212128878 58.809347104281187 6.7054807841777828 19.743171889334917 649.96981219574809 12.376462917774914
leaf_count=3351 5444 999 5834 144 7401 284 235 547 3424 1134 97 281 14077 177
internal_value=0.000471891 0.0291595 0.0176647 0.121619 0.0260825 0.00762612 -0.0242027 -0.0185368 0.00661891 0.0385313 0.133851 0.197302 -0.0279502 0.109781
internal_weight=2149.34 992.836 881.308 111.528 720.331 315.042 1156.5 909.214 247.667 85.6307 103.369 26.4487 661.547 76.9208
internal_count=43429 18568 16870 1698 13519 6118 24861 19417 5105 1681 1554 378 14312 1176
cat_boundaries=0 1 3 5
cat_threshold=30355 3838217555 2 4249672 25
is_linear=0
shrinkage=0.05


Tree=4
num_leaves=15
num_cat=3
split_feature=28 3 1 15 29 29 4 26 4 3 14 24 2 53
split_gain=573.917 323.78 107.634 64.5522 63.3645 56.0833 44.3603 43.7657 58.5574 46.7857 46.1916 51.353 37.7816 34.695
threshold=0 0.90515228304381201 0.53158244680851074 1.0176136737598347 1 2 -0.36757430302045718 1816.5000000000002 72.934818781337768 0.67816099773242644 4.8270833333333352 0.34640011740589272 -4.4638575469782049 55.500000000000007
decision_type=9 10 8 8 9 9 8 2 8 10 10 8 2 10
left_child=5 2 12 -3 13 7 -5 10 -9 -10 -1 -12 -2 -4
right_child=1 3 4 6 -6 -7 -8 8 9 -11 11 -13 -14 -15
leaf_value=-0.031161421678094006 0.12051216572125954 0.038424912940254817 0.0038585284503727226 0.012715718821331493 0.036486278950563271 -0.030159575202034911 0.13160988673860216 0.010991995596132287 0.023219315859661804 0.22244790914529902 0.16977756031966651 -0.03019652085100585 -0.024566031213545104 0.076254995169224474
leaf_weight=76.251198820769787 3.6351484581828108 33.209285609424114 341.56477874144912 8.8672872893512231 414.28322204202414 946.14207927137613 86.474059097468853 40.524666100740433 5.5950002260506135 5.9026479870080948 5.5287310220301125 5.8138447254896173 163.15970013663173 16.400509033352137
leaf_count=1656 76 522 6577 147 7416 20966 1125 796 104 103 114 125 3473 288
internal_value=-0.000270432 0.0256296 0.0156285 0.0999795 0.0234927 -0.0257363 0.120799 0.00425234 0.0404556 0.135114 -0.0169829 0.0731353 -0.0207048 0.00717865
internal_weight=2153.35 1067.59 939.043 128.551 772.249 1085.76 95.3413 139.616 52.0223 11.4976 87.5938 11.3426 166.795 357.965
internal_count=43488 19624 17830 1794 14281 23864 1272 2898 1003 207 1895 239 3549 6865
cat_boundaries=0 1 3 5
cat_threshold=13795340 3884238867 19 138450944 21
is_linear=0
shrinkage=0.05


Tree=5
num_leaves=15
num_cat=3
split_feature=28 29 4 0 29 24 6 15 24 4 24 6 24 10
split_gain=492.86 99.8515 57.0528 69.5664 50.5278 57.0717 46.0825 49.2403 44.9722 40.6465 69.8764 39.5272 36.4641 35.1085
threshold=0 1 -1.3957196302837305 49.005000000000003 2 0.45376879943637954 2.5000000000000004 7.7356767271683333 0.084145304370708704 13.461557363071906 0.36847294196283359 26.500000000000004 0.06131738484209729 61.500000000000007
decision_type=9 9 8 10 9 10 10 10 8 10 8 10 10 2
left_child=4 6 -3 8 5 9 7 -2 12 -1 -11 -10 -4 -6
right_child=1 2 3 -5 13 -7 -8 -9 11 10 -12 -13 -14 -15
leaf_value=0.017149756067032961 0.0089415921615267659 -0.0012641944997989424 0.028595903698103071 0.1037545110244958 -0.029874226961605927 -0.034662781694022024 -0.017965400484942849 0.072332079740876173 0.040386987374543132 0.27069323562588593 0.023892649543159093 -0.0030722255830153478 0.22541883372199281 0.045671335727540514
leaf_weight=61.93894562497735 274.85852153971791 85.156228091567755 4.5442295856773836 42.336592763662338 935.9947153441608 49.472688965499401 145.89619575813413 33.542498551309109 427.36405093595386 3.6377165280282471 8.0959476791322231 59.445628874003887 4.7521460354328156 14.784438032656906
leaf_count=1264 4970 1633 83 607 21163 1085 3047 561 7298 64 141 1215 83 308
internal_value=-0.000550509 0.0232193 0.036176 0.0427593 -0.0243966 0.00598298 0.00499916 0.0160476 0.0373558 0.0341774 0.115656 0.0350846 0.14133 -0.0283548
internal_weight=2151.82 1077.9 623.599 538.443 1073.92 123.145 454.297 308.401 496.106 73.6726 11.7337 486.81 9.29638 950.779
internal_count=43522 19497 10919 9286 24025 2554 8578 5531 8679 1469 205 8513 166 21471
cat_boundaries=0 1 3 5
cat_threshold=13664317 3869658643 2 2285902336 21
is_linear=0
shrinkage=0.05


Tree=6
num_leaves=15
num_cat=3
split_feature=28 3 1 21 29 1 4 24 31 15 2 1 29 53
split_gain=463.667 234.973 86.2819 64.4439 74.9221 63.3143 59.3134 56.4707 79.7555 40.4992 39.9443 66.9273 46.6052 39.8226
threshold=0 0.87167331487499977 0.50233644859813087 1.0000000180025095e-35 1 0.84802018633540388 2.5136215675661426 0.37283861198855839 3.5000000000000004 1.0459060173048929 -7.6012735789899413 1.2669540229885059 2 49.500000000000007
decision_type=9 10 8 10 9 8 10 10 8 10 2 8 9 10
left_child=1 2 -1 4 5 -2 -7 8 -8 -3 11 -4 13 -12
right_child=3 9 10 -5 -6 6 7 -9 -10 -11 12 -13 -14 -15
leaf_value=-0.021179105738456477 -0.043724961137044764 0.044446435144696095 0.14946485880851493 -0.046894031103831439 -0.025156724160280804 0.0061821081174362955 0.19910410914759122 0.014595483110034856 -0.0079293112577834331 0.098073305763764496 -0.0010037233243067004 0.0020575179202890113 0.029063961910755748 0.077120530228185408
leaf_weight=147.25133842602372 45.08738811686635 57.365930497646332 14.543360814452173 222.45264533907175 645.08166484162211 138.3020598962903 13.260235857218504 20.542424909770489 6.7935598045587549 102.94838866963983 300.33718825876713 15.316382069140671 405.380036983639 16.247050195932388
leaf_count=3185 1017 842 249 5356 14843 2903 226 416 123 1234 5745 268 6856 264
internal_value=4.15393e-05 0.023482 0.0137169 -0.0227166 -0.0167423 0.00824692 0.021974 0.0743312 0.131923 0.0792783 0.0205706 0.07637 0.0181604 0.00313703
internal_weight=2150.91 1059.39 899.075 1091.52 869.067 223.986 178.898 40.5962 20.0538 160.314 751.824 29.8597 721.964 316.584
internal_count=43527 18643 16567 24884 19528 4685 3668 765 349 2076 13382 517 12865 6009
cat_boundaries=0 1 3 5
cat_threshold=161618 4233240 29 3834039379 18
is_linear=0
shrinkage=0.05


Tree=7
num_leaves=15
num_cat=4
split_feature=28 3 3 2 28 29 30 29 15 0 21 30 8 26
split_gain=445.523 212.093 63.3205 63.3097 87.2766 70.3682 54.529 51.8755 56.4567 48.0557 39.5244 40.27 101.917 36.8422
threshold=0 0.90515228304381201 0.83728499948181712 -4.4638575469782049 1 2 1.5000000000000002 3 7.5165344742891689 99.905000000000015 0.97790083642899184 1.5000000000000002 17.500000000000004 2366.0000000000005
decision_type=9 10 10 2 9 9 2 9 10 10 8 2 10 2
left_child=2 3 -1 -2 10 -6 7 8 -4 -3 -5 -12 -13 -10
right_child=1 9 6 4 5 -7 -8 -9 13 -11 11 12 -14 -15
leaf_value=-0.029528087901847733 0.071370581351464984 0.083520502405037139 0.041256444676681561 -0.0050484875776871489 -0.020915637557482783 0.016150716543379993 -0.029321220844555657 -0.0098749465148957258 0.24733265437357654 -0.033054629646140338 0.013707969885827868 0.033346417486023648 0.13123131560026852 0.035231793851207824
leaf_weight=827.82481127977371 44.259405519813299 144.46656539291143 39.366703603416681 80.105946958065033 267.26288165897131 226.98646966740489 72.946047235280275 54.278759401291609 5.4940761215984804 8.9000893086194974 153.40661428868771 193.29418579488993 30.11821024492383 3.5437449291348457
leaf_count=19628 738 1667 784 1447 5365 4214 1712 1253 103 146 2660 3288 478 64
internal_value=0.000692475 0.0218536 -0.0235149 0.013572 0.0108105 -0.00391172 0.0035037 0.0268804 0.0577678 0.0765852 0.0262218 0.0335592 0.0470682 0.175963
internal_weight=2152.25 1148.8 1003.45 995.434 951.174 494.249 175.629 102.683 48.4045 153.367 456.925 376.819 223.412 9.03782
internal_count=43547 20003 23544 18190 17452 9579 3916 2204 951 1813 7873 6426 3766 167
cat_boundaries=0 1 2 4 6
cat_threshold=13664556 16384 3230516498 35 54565908 41
is_linear=0
shrinkage=0.05


Tree=8
num_leaves=15
num_cat=3
split_feature=28 3 29 29 24 1 53 7 3 10 1 3 4 24
split_gain=377.594 169.329 83.4054 51.8416 52.9598 49.0072 45.54 34.4803 41.4733 32.1018 39.5734 31.6639 33.4647 40.0331
threshold=0 0.98581701918799503 1 2 0.45452329600850888 0.37557339449541288 49.500000000000007 20.500000000000004 0.76100302427379674 61.500000000000007 2.2316636851520575 0.38576003244103846 -9.4644390252820667 0.38221746103306881
decision_type=9 10 9 9 10 8 10 10 10 2 10 10 8 10
left_child=3 2 6 4 11 -4 -2 -7 -9 -5 -11 -1 -13 -14
right_child=1 -3 5 9 -6 7 -8 8 -10 10 -12 12 13 -15
leaf_value=-0.0069305051928725686 -0.0056042587140200792 0.089444157895104764 -0.015786717670574237 -0.030017978788419081 -0.031907678007253013 0.023742261333921582 0.071650151942017459 0.04382067775503809 0.14146859830375097 -0.0065351818726875031 0.16548665754757391 -0.014005327616963291 0.11646288168313119 0.023972036086427992
leaf_weight=51.698907915502787 445.47503831982613 78.764521706849337 61.563246142119169 800.03935059532523 72.614308327436447 409.9454491622746 18.928325895220041 123.85768711939454 11.262158680707214 12.058791175484656 3.5887315087020388 17.142238844186068 21.035490125417709 26.367912977933884
leaf_count=1156 8441 805 1319 19604 1734 6535 281 2067 155 255 68 355 350 533
internal_value=-0.000502012 0.018983 0.0138997 -0.0227635 0.00127191 0.0258653 -0.00225975 0.0310637 0.0529391 -0.0282713 0.0404884 0.022202 0.0452859 0.0665734
internal_weight=2154.34 1149.8 1071.03 1004.55 188.859 606.629 464.403 545.065 135.12 815.687 15.6475 116.245 64.5456 47.4034
internal_count=43658 19603 18798 24055 4128 10076 8722 8757 2222 19927 323 2394 1238 883
cat_boundaries=0 1 3 5
cat_threshold=13795372 1719962642 1 2285934600 21
is_linear=0
shrinkage=0.05


Tree=9
num_leaves=15
num_cat=3
split_feature=28 1 4 21 55 29 26 4 31 25 25 1 21 29
split_gain=349.286 93.5986 66.1693 57.2467 81.1186 54.0884 41.8966 37.9868 33.916 32.5829 58.2244 37.6964 39.0285 30.6964
threshold=0 0.50233644859813087 -4.530856182100357 1.0000000180025095e-35 1.0000000180025095e-35 1 738.00000000000011 3.0650258109840682 7.0000000000000009 0.10664333963609325 0.63054578246266157 0.99293206793206801 0.95754310300624756 2
decision_type=9 8 8 10 2 9 2 8 8 8 8 8 8 9
left_child=3 -2 -3 4 13 -6 -7 -8 -9 11 -11 -4 -13 -1
right_child=1 2 9 -5 5 6 7 8 -10 10 -12 12 -14 -15
leaf_value=0.0066945827224755561 -0.018975694078275325 -0.007694883234993369 -0.0086238305576299083 -0.046173495862102565 -0.020665113675400928 -0.0023102251916594738 0.019339797455008433 0.10796307295815236 -0.022299589272382729 -0.018727640581327452 0.030850660591341256 -0.020502260150066277 0.12775509580223876 -0.03044052332239704
leaf_weight=64.741014778614044 146.56439514458179 142.39844618737698 10.249291367828844 202.80534567683935 92.401566930115223 63.621375776827335 43.40414310246706 31.467237032949924 5.5428768768906584 63.75540716201067 734.0430916659534 5.1015601940453053 23.742830079048876 506.96022662892938
leaf_count=1515 3226 2666 180 5335 2189 1394 888 536 99 1105 11163 81 357 12624
internal_value=-0.00104739 0.0180315 0.0237678 -0.02225 -0.0164717 0.00813702 0.0262445 0.0518107 0.0883807 0.029124 0.0268702 0.0733012 0.101725 -0.0266455
internal_weight=2136.8 1125.86 979.291 1010.94 808.138 236.437 144.036 80.4143 37.0101 836.892 797.798 39.0937 28.8444 571.701
internal_count=43358 18778 15552 24580 19245 5106 2917 1523 635 12886 12268 618 438 14139
cat_boundaries=0 1 3 5
cat_threshold=14450989 1110246165 38 2147483672 5
is_linear=0
shrinkage=0.05


Tree=10
num_leaves=15
num_cat=3
split_feature=28 3 15 1 3 30 29 15 21 26 26 29 24 31
split_gain=319.701 135.481 68.4447 62.4728 54.07 55.3558 53.2855 45.1103 36.9026 42.5925 33.8435 37.8462 55.608 29.4328
threshold=0 0.79945732763942301 3.8836782043491991 0.41699475065616803 0.91096392794640224 1.5000000000000002 1 1.0781607058296496 1.0318911011655618 2257.0000000000005 2522.5000000000005 2 0.41376448343360894 3.5000000000000004
decision_type=9 10 10 8 10 2 9 10 8 2 2 9 10 8
left_child=1 3 -3 -1 10 7 -5 -6 -9 -10 -2 12 13 -12
right_child=4 2 -4 6 5 -7 -8 8 9 -11 11 -13 -14 -15
leaf_value=-0.025043777881176107 -0.029863066009108482 0.029490630124653916 0.082946478450269215 -0.00080744359258087004 -0.00028891825259989254 -0.028224998511647566 0.025375351347635813 -0.031218816149146702 0.14131085881012906 0.017396936958419991 0.1108939191067338 -0.023390049358040718 -0.02073250409821302 -0.019560698706261898
leaf_weight=117.73333492875099 723.08451889455318 159.41657438501716 96.779200073331594 354.73424246534705 41.857614655047655 59.347363855689764 430.66495119407773 6.254607193171978 19.02042651176453 11.08786705881357 20.320365767925978 67.590987104922533 22.87302690371871 5.0836144275963333
leaf_count=2670 18442 2112 1043 6552 890 1459 6806 157 360 218 378 1632 570 101
internal_value=7.75618e-05 0.0177555 0.0499278 0.00878031 -0.0208746 0.00791835 0.013876 0.0353511 0.0752863 0.0977037 -0.0258482 -0.000752092 0.0295283 0.0850364
internal_weight=2135.85 1159.33 256.196 903.133 976.52 137.568 785.399 78.2205 36.3629 30.1083 838.953 115.868 48.277 25.404
internal_count=43390 19183 3155 16028 24207 3084 13358 1625 735 578 21123 2681 1049 479
cat_boundaries=0 1 3 5
cat_threshold=554642 3867329810 8 33556546 57
is_linear=0
shrinkage=0.05


Tree=11
num_leaves=15
num_cat=3
split_feature=28 3 29 55 23 29 2 15 15 10 5 5 18 4
split_gain=271.998 121.408 73.2018 58.2478 65.5192 47.1271 50.8698 34.086 33.0171 32.667 28.669 27.6224 26.8771 26.5247
threshold=0 0.97156508670810116 1 1.0000000180025095e-35 119.50145833333336 2 -3.7129272660674721 1.0459060173048929 6.3660623280207895 61.500000000000007 0.56411010558069397 0.59896327284946238 0.89000000000000068 9.7125427815318606
decision_type=9 10 9 2 8 9 2 8 10 2 10 8 8 10
left_child=3 2 -2 9 -5 -6 12 -3 -8 -1 -9 -11 -7 -4
right_child=1 7 13 4 5 6 8 10 -10 11 -12 -13 -14 -15
leaf_value=-0.030581399828885542 -0.0040495851484869359 0.0081190202495288275 0.019626377792306186 -0.04938032808215255 -0.022507079703655869 0.0044028167323692151 0.0072652156209216216 0.099372423701663701 0.066425421214173219 0.16825073068754412 0.029446369834024225 -0.013894285185802373 0.19974749307620981 0.067005049516247486
leaf_weight=627.31736387684941 489.75717638060451 19.616484012454748 591.93524419888854 58.09177803248167 71.751315269619226 2.5336570590734473 125.94013579562306 59.873230166733265 28.111078668385744 2.8478680811822406 20.73334139212966 4.2317030057311058 5.137184776365757 30.329253450036049
leaf_count=16660 9286 244 9516 1615 1683 49 2523 519 513 52 178 93 93 432
internal_value=-0.000354411 0.0151769 0.0105196 -0.0206232 -0.00233471 0.00953165 0.0237226 0.0677363 0.0184195 -0.0293362 0.0819675 0.071132 0.143175 0.0216914
internal_weight=2138.21 1212.24 1112.02 925.962 291.565 233.473 161.722 100.223 154.051 634.397 80.6066 7.07957 7.67084 622.264
internal_count=43456 20175 19234 23281 6476 4861 3178 941 3036 16805 697 145 142 9948
cat_boundaries=0 1 3 5
cat_threshold=9472412 1719987986 2 1076690961 38
is_linear=0
shrinkage=0.05


Tree=12
num_leaves=15
num_cat=4
split_feature=28 1 29 21 4 0 29 1 21 22 26 28 15 22
split_gain=274.611 74.2905 53.6011 49.6693 40.6402 46.5117 48.574 35.5168 33.5709 28.7165 32.7714 27.3406 33.7926 25.3654
threshold=0 0.41699475065616803 1 1.0000000180025095e-35 -1.3957196302837305 48.005000000000003 2 0.85201288244766515 0.9862759553817263 6.7291666666666679 278.50000000000006 3 2.7768021181252882 -0.41166666666666651
decision_type=9 8 9 10 8 10 9 8 8 8 2 9 10 8
left_child=1 -1 3 7 -3 6 11 -2 -7 -10 -11 -6 13 -13
right_child=2 4 -4 -5 5 8 -8 -9 9 10 -12 12 -14 -15
leaf_value=-0.022284757483589112 -0.036349228887677602 -0.002524349759642499 -0.028831913655739817 -0.046694720059318989 -0.023029472617706593 -0.011544110524020774 0.027230373733949306 0.019095202395716628 0.11889886661584137 0.071688801139544053 0.0049725128531820017 0.052690829616675872 0.051070011834289032 -0.0080049259378305229
leaf_weight=120.22156589105725 33.880272183567286 183.03827979415655 658.25140749663115 47.433033280074596 74.377268269658089 17.207997027784586 538.17747493088245 168.04623017460108 18.475561365485191 54.856635332107544 27.688024505972862 18.863773174583912 40.75550227239728 128.00630914419889
leaf_count=2771 861 3459 17513 1361 1461 204 7882 3439 227 647 315 340 632 2239
internal_value=-0.000646084 0.0147817 -0.0213336 -0.00115788 0.0189781 0.0232616 0.0188903 0.00965917 0.0524404 0.063346 0.0496375 0.000660115 0.0108063 9.43581e-05
internal_weight=2129.28 1221.67 907.611 249.36 1101.45 918.409 800.18 201.927 118.228 101.02 82.5447 262.003 187.626 146.87
internal_count=43351 20177 23174 5661 17406 13947 12554 4300 1393 1189 962 4672 3211 2579
cat_boundaries=0 1 3 5 6
cat_threshold=5796931 2420218648 21 1623501651 18 5775360
is_linear=0
shrinkage=0.05


Tree=13
num_leaves=15
num_cat=1
split_feature=28 1 55 21 2 4 0 2 9 21 21 2 15 22
split_gain=235.959 61.6213 49.0268 53.7081 46.1879 39.2343 35.7423 30.7847 29.0321 36.6222 60.6146 31.2727 30.5202 28.0764
threshold=0 0.45972972972972981 1.0000000180025095e-35 1.0000000180025095e-35 -4.4638575469782049 -21.648653956066383 99.445000000000007 -4.4638575469782049 1.5000000000000002 0.97790083642899184 0.99578700303606482 1.0148819293611668 10.926649312636126 -0.41166666666666651
decision_type=9 8 2 10 2 8 10 2 2 10 10 2 10 10
left_child=1 4 -2 6 -1 -3 7 -4 13 12 -11 -12 -10 -7
right_child=2 5 3 -5 -6 8 -8 -9 9 10 11 -13 -14 -15
leaf_value=0.15185636870949953 -0.026610872137099808 -0.025079697795383684 0.092844998189201777 -0.045654389267136039 -0.022729761815300054 0.018677818103451666 -0.045430862048426529 0.0103650685957255 0.020827807255161063 0.16625706997428102 0.086604763973261945 0.0040483614770198068 0.074049226967419432 -0.010252179146873756
leaf_weight=2.9160141497850409 631.40810273215175 47.555300999432802 11.005915928632019 56.163589205592871 125.52074682712555 483.03146047517657 26.627799760550261 205.35323981195688 350.76951206848025 11.429729875177143 19.452806808054447 26.357473000884056 28.429502110928297 100.76884705200791
leaf_count=53 17464 917 213 1679 2922 7388 567 4414 4932 149 265 380 321 1749
internal_value=0.000240882 0.0148711 -0.0185228 -0.00203687 -0.0176234 0.0189316 0.0081906 0.0149686 0.0210056 0.0307572 0.0677986 0.0402062 0.0250022 0.0136753
internal_weight=2126.79 1196.23 930.559 299.151 128.437 1067.79 242.987 216.359 1020.24 436.439 57.24 45.8103 379.199 583.8
internal_count=43413 19076 24337 6873 2975 16101 5194 4627 15184 6047 794 645 5253 9137
cat_boundaries=0 1
cat_threshold=554771
is_linear=0
shrinkage=0.05


Tree=14
num_leaves=15
num_cat=4
split_feature=28 3 26 2 21 29 7 3 29 26 25 28 2 15
split_gain=219.789 110.257 51.8152 47.6539 47.0534 45.7428 39.8986 40.1642 39.6285 38.6743 37.6455 33.8869 45.9038 33.754
threshold=0 0.75594171092552231 1816.5000000000002 -6.2936046474239999 0.56932729575194763 1 23.500000000000004 0.97899080064913535 2 11.500000000000002 0.52772709321508526 3 -8.6391084281350654 5.3334532385797866
decision_type=9 10 2 2 10 9 10 10 9 2 10 9 2 10
left_child=2 5 3 9 8 11 7 13 -4 10 -1 -2 -13 -3
right_child=1 6 4 -5 -6 -7 -8 -9 -10 -11 -12 12 -14 -15
leaf_value=0.24734537748364549 0.0065151986571063197 0.0095175958420623766 0.033439981862891564 -0.028381108898427862 -0.050268109603233128 0.015840990616576647 0.10189231298189523 0.060294796447320734 -0.012443906148386787 -0.0062664468827821583 0.010235486210830426 0.079932123538777183 -0.025442064665359383 0.056443681709699003
leaf_weight=2.9991607815027228 250.85305185243487 157.69952813535929 91.40034493803978 643.83526401035488 34.258433263748884 455.27183118462563 22.307801090180874 95.085833955556154 81.431356899440289 9.8879552353173477 3.0341088324785233 9.8903574198484403 217.35123172402382 49.867212861776352
leaf_count=58 4333 2170 1771 17884 1060 7292 236 815 2071 242 74 166 4628 601
internal_value=5.64996e-05 0.0133593 -0.0191801 -0.026241 0.0024109 0.00471701 0.0385014 0.0335088 0.013082 0.0568656 0.146513 -0.00609042 -0.0196641 0.021008
internal_weight=2125.17 1258.33 866.847 659.756 207.09 933.366 324.96 302.653 172.832 15.9212 6.03327 478.095 227.242 207.567
internal_count=43401 20241 23160 18258 4902 16419 3822 3586 3842 374 132 9127 4794 2771
cat_boundaries=0 1 3 5 6
cat_threshold=12615852 1854205266 9 64576 57 17922
is_linear=0
shrinkage=0.05


Tree=15
num_leaves=15
num_cat=4
split_feature=28 3 29 21 1 7 29 15 20 2 28 4 1 24
split_gain=209.64 91.3216 57.7397 61.6095 59.3028 54.1964 54.1082 32.2739 31.9843 29.4962 29.7672 25.7767 25.2458 22.485
threshold=0 0.79945732763942301 1 1.0000000180025095e-35 0.88382475083056489 3.5000000000000004 2 6.6207871729226229 -8.6149999999999967 -8.6391084281350654 3 2.5136215675661426 2.7521929824561409 0.084145304370708704
decision_type=9 10 9 10 8 10 9 10 10 2 9 8 10 8
left_child=2 6 3 4 -1 -3 9 -6 -7 -2 12 -9 -11 -8
right_child=1 5 -4 -5 7 8 13 11 -10 10 -12 -13 -14 -15
leaf_value=-0.039930307061143477 0.051298193345918244 0.01049522034973544 -0.030117787005800829 -0.046818054661980892 0.011407145130483078 0.066728659355369688 0.085542300294678464 0.0039588565042029487 0.021928804713092109 0.0012016056373532499 -0.02098123811918284 0.093079612451080915 0.11357875452462832 0.015527923173365689
leaf_weight=48.853102795779705 20.447436206042767 125.16188631951809 495.55724494159222 61.081113282591105 162.21576092019677 130.41388320177794 10.805714897811411 12.275567319244145 59.079452183097601 256.38354948535562 234.98360877484083 23.470271080732346 4.0976552441716185 488.24029158428311
leaf_count=1346 323 1543 14496 1957 3469 1338 151 267 649 4422 5180 436 62 7805
internal_value=0.000413933 0.012565 -0.0195978 -0.00221107 0.00888331 0.0361491 0.00534885 0.0210697 0.0529496 -0.00602105 -0.00860641 0.0634151 0.0032719 0.0168745
internal_weight=2133.07 1329.61 803.453 307.896 246.815 314.655 1014.96 197.962 189.493 515.912 495.465 35.7458 260.481 499.046
internal_count=43444 21473 21971 7475 5518 3530 17943 4172 1987 9987 9664 703 4484 7956
cat_boundaries=0 1 3 5 6
cat_threshold=8421381 2705497112 29 4001678674 11 18178
is_linear=0
shrinkage=0.05


Tree=16
num_leaves=15
num_cat=2
split_feature=28 3 22 29 1 26 24 7 24 0 2 17 15 2
split_gain=169.322 65.383 56.3462 74.2494 56.4759 37.8006 42.328 35.4679 32.598 36.4037 31.2051 30.648 26.8849 26.8836
threshold=0 0.75027529847460539 -38.019999999999989 1 0.85906464427591189 307.50000000000006 0.084145304370708704 30.500000000000004 0.44544088245656627 24.905000000000005 3.737940941324303 1.0000000180025095e-35 3.8356629680771879 -3.9782634491258122
decision_type=9 10 10 9 8 2 8 10 8 10 2 2 10 2
left_child=1 5 3 4 -2 6 -1 11 -7 -10 -5 12 -3 -6
right_child=2 7 -4 10 13 8 -8 -9 9 -11 -12 -13 -14 -15
leaf_value=0.071189867292419245 -0.033754017129436827 0.020320066120849974 -0.043453718421891607 -0.029940380106043246 0.088467689625104498 -0.031188927324105276 0.0063365449894381897 0.10935440072313332 -0.029529201310554993 0.18820982477610704 0.016433562675857518 -0.0086736358144373499 0.052101511624049184 0.015248971399339242
leaf_weight=24.993163518607616 62.238760974258184 163.21764136105776 163.74237916618586 358.25582529231906 12.355173733085392 95.747394479811192 800.11072884127498 12.773165412247179 3.4672613963484755 2.7422811537981033 39.717343542724848 50.447608176618814 114.04812276363373 223.99711832404137
leaf_count=392 1764 1994 5347 10316 202 1940 13765 123 80 52 1010 610 1113 4847
internal_value=4.92419e-05 0.0116325 -0.0169491 -0.0109083 0.00800383 0.0048291 0.00838481 0.0304288 -0.0237481 0.0793975 -0.0246645 0.0270292 0.033533 0.019433
internal_weight=2127.85 1267.55 860.307 696.564 298.591 927.061 825.104 340.487 101.957 6.20954 397.973 327.713 277.266 236.352
internal_count=43555 20069 23486 18139 6813 16229 14157 3840 2072 132 11326 3717 3107 5049
cat_boundaries=0 1 3
cat_threshold=5403954 2973809752 45
is_linear=0
shrinkage=0.05


Tree=17
num_leaves=15
num_cat=3
split_feature=28 3 29 29 21 1 19 53 14 53 15 1 30 3
split_gain=172.171 80.3813 46.1046 40.3026 36.2671 38.4119 29.8359 29.2001 29.0081 25.8403 24.3393 23.4899 21.9576 49.4135
threshold=0 0.89938815442499032 1 2 1.0000000180025095e-35 0.95260557053009898 73.000000000000014 49.500000000000007 4.9612500000000006 4.5000000000000009 1.0459060173048929 0.56691542288557228 1.5000000000000002 0.97899080064913535
decision_type=9 10 9 9 10 8 8 10 8 8 10 8 2 10
left_child=2 3 4 7 5 -1 -5 11 -7 -8 -3 -2 13 -10
right_child=1 10 -4 6 -6 8 9 -9 12 -11 -12 -13 -14 -15
leaf_value=-0.030199681941561016 -0.03139149632338812 0.014222327546401107 -0.027153060673346753 -0.013432256694060833 -0.038887826226429528 -0.018243002838595691 0.10662686551508652 0.052720391755939955 0.024473760129109085 0.017921131282908696 0.051614695934684644 -0.0020485021091425962 -0.0075057881976963725 0.12148286379625398
leaf_weight=56.260999528691173 80.594769407063723 64.378247167915106 509.67697338946164 79.267531465739012 54.399870630353689 45.430539675056934 7.3965679369866848 20.457191579043865 98.75953384116292 498.3131946362555 139.88528450205922 416.63665759190917 34.724030569195747 14.314866766333578
leaf_count=1565 1999 709 15317 1456 1883 991 99 266 2000 7472 1092 7521 834 200
internal_value=-7.23629e-05 0.0111397 -0.017991 0.00587107 -0.00221293 0.0058188 0.0147076 -0.0043233 0.0164075 0.0194264 0.0399564 -0.00685808 0.0271095 0.0377121
internal_weight=2120.5 1306.93 813.567 1102.67 303.89 249.49 584.977 517.689 193.229 505.71 204.264 497.231 147.798 113.074
internal_count=43404 20614 22790 18813 7473 5590 9027 9786 4025 7571 1801 9520 3034 2200
cat_boundaries=0 1 3 5
cat_threshold=8815308 2973867352 21 4001688658 8
is_linear=0
shrinkage=0.05


Tree=18
num_leaves=15
num_cat=3
split_feature=28 29 22 8 26 23 15 4 24 24 29 2 8 26
split_gain=144.793 56.7422 54.3229 38.7235 36.7519 57.8758 46.6231 29.2125 28.9443 27.6085 27.9666 23.7613 21.3032 27.6938
threshold=0 1 -38.019999999999989 1.0000000180025095e-35 307.50000000000006 7.031458333333334 2.003663787385261 -16.483438115129832 0.45452329600850888 0.084145304370708704 2 -3.7129272660674721 19.500000000000004 27.500000000000004
decision_type=9 9 10 8 2 10 10 8 10 8 9 2 10 2
left_child=1 2 3 -1 9 -6 -7 -5 11 -2 -11 -9 -13 -14
right_child=4 -3 -4 7 5 6 -8 8 -10 10 -12 12 13 -15
leaf_value=-0.030660635951759094 0.053769635791026948 -0.027006599751044042 -0.045718277640666057 -0.016394482716079382 -0.022130336449678767 -0.025983178901986773 0.17186933438609248 0.12089432666091507 -0.0048386250464424975 -0.0001373956064273584 0.016924142563111814 0.014486037129576877 -0.0065533711605927358 0.079745305105334341
leaf_weight=45.955446243286133 39.392706904560328 501.02097379788756 51.253771221265197 43.325501164421439 138.42248177528381 4.6428276225924474 6.2861314117908478 8.1318385824561101 44.059712558984756 357.4354734364897 764.62762290984392 57.465975798666477 12.025800630450247 37.904585059732199
leaf_count=1313 531 15372 1838 1000 2462 95 94 114 1026 5949 11517 1047 263 654
internal_value=-0.000172739 -0.0167868 0.000625689 0.0103399 0.010038 -0.013168 0.0926857 0.0197304 0.0295788 0.0131172 0.0116433 0.0426337 0.0356473 0.0592396
internal_weight=2111.95 801.144 300.123 248.869 1310.81 149.351 10.929 202.913 159.588 1161.46 1122.06 115.528 107.396 49.9304
internal_count=43275 22627 7255 5417 20648 2651 189 4104 3104 17997 17466 2078 1964 917
cat_boundaries=0 1 3 5
cat_threshold=8685725 2973810184 29 1682369618 33
is_linear=0
shrinkage=0.05


Tree=19
num_leaves=15
num_cat=3
split_feature=28 3 29 21 26 29 53 0 24 15 10 1 4 24
split_gain=147.278 65.484 44.8604 39.2867 36.0006 27.4247 30.5571 26.173 25.9442 35.7313 24.3619 25.8055 23.654 30.1734
threshold=0 0.89325194090923243 1 1.0000000180025095e-35 307.50000000000006 2 28.500000000000004 99.905000000000015 0.44565863267431644 4.5409436160834629 58.500000000000007 2.2316636851520575 0.32306386174230556 0.37562354689267763
decision_type=9 10 9 10 2 9 8 10 10 10 2 10 10 10
left_child=2 4 3 12 5 6 -2 -3 -6 -10 -4 -12 -1 -14
right_child=1 7 10 -5 8 -7 -8 -9 9 -11 11 -13 13 -15
leaf_value=0.0010891025939006747 0.12588093873645667 0.037737832929599952 -0.026805702434840456 -0.045705202165233896 -0.027822341638894334 0.0051198374621388371 0.026948497653960225 -0.037798416078356205 -0.017343499379527692 0.1730564423560137 -0.0041150167939106056 0.13983437222018402 0.085247889459305226 0.0051782921846252258
leaf_weight=130.98856500722468 7.870781697332859 221.3749077282846 551.61174872890115 34.235600523650646 110.31697231903672 918.18323489278555 75.438678696751595 11.314830485731362 6.0569723062217218 2.9777974113821983 10.385594982653855 3.4133540987968436 20.975727198645473 25.623762831091881
leaf_count=2976 101 1894 17371 1284 2230 15145 1159 169 120 43 250 63 293 521
internal_value=-0.00017315 0.00976831 -0.0173785 0.00244386 0.00481593 0.00791411 0.0336824 0.0339188 -0.0210309 0.056403 -0.0247096 0.0385356 0.0120669 0.0422536
internal_weight=2130.77 1353.53 777.234 211.824 1120.84 1001.49 83.3095 232.69 119.352 9.03477 565.411 13.7989 177.588 46.5995
internal_count=43619 20861 22758 5074 18798 16405 1260 2063 2393 163 17684 313 3790 814
cat_boundaries=0 1 3 5
cat_threshold=9470732 2285935640 5 17830669 20
is_linear=0
shrinkage=0.05


Tree=20
num_leaves=15
num_cat=1
split_feature=28 3 26 21 2 1 20 2 15 1 31 15 7 18
split_gain=118.343 47.3369 42.7632 39.1372 32.8125 36.3772 29.1353 27.4755 26.9116 26.4978 24.7162 21.6196 21.172 20.8953
threshold=0 0.97156508670810116 1816.5000000000002 0.56932729575194763 -4.4638575469782049 0.37557339449541288 -45.484999999999992 -6.2936046474239999 14.840145167088293 0.78614982578397219 3.5000000000000004 4.2301519812950739 20.500000000000004 -3.0612500000000007
decision_type=9 10 2 10 2 8 10 2 8 8 8 10 10 10
left_child=1 4 7 6 9 -6 10 8 -2 -1 -4 -9 -7 -14
right_child=2 -3 3 -5 5 12 -8 11 -10 -11 -12 -13 13 -15
leaf_value=0.10330815419714656 -0.0092784593535351519 0.037757010251794954 0.047402975209599692 -0.049595613701076929 -0.026046201257164933 0.0022827187584391804 -0.0063839510404851141 -0.029532160097049228 0.10016657377136834 0.022716720055585754 -0.02353834963806917 -0.00692505108022109 0.028237267113527122 -0.0055036383202218368
leaf_weight=12.637180477380751 15.176307596266268 124.12351755052805 67.158012801781297 27.826500784605742 94.410607110708952 783.26407001167536 89.100293982774019 462.16195642016828 7.7799925282597568 44.051304463297129 14.330615714192389 137.99767631478608 173.19540680572391 61.901044998317957
leaf_count=170 362 919 1281 1070 2314 12109 2241 14402 148 574 317 4009 2549 998
internal_value=-0.000950737 0.00845813 -0.0156705 0.00433854 0.00539108 0.00348167 0.0133741 -0.0222897 0.0304459 0.0421618 0.0347931 -0.0243542 0.00624202 0.0193676
internal_weight=2115.11 1293.58 821.531 198.415 1169.46 1112.77 170.589 623.116 22.9563 56.6885 81.4886 600.16 1018.36 235.096
internal_count=43463 19633 23830 4909 18714 17970 3839 18921 510 744 1598 18411 15656 3547
cat_boundaries=0 1
cat_threshold=4748114
is_linear=0
shrinkage=0.05


Tree=21
num_leaves=15
num_cat=6
split_feature=28 3 3 56 29 29 15 15 11 33 6 6 29 29
split_gain=122.007 67.6143 42.8561 45.1493 44.5741 40.9129 35.7939 28.1574 27.5787 26.8433 34.1402 36.4335 26.3776 26.1973
threshold=0 0.79945732763942301 0.71421445888269286 4.7500000000000009 1 2 5.391714200720406 3.8836782043491991 6.5332290869840426 3 -66.499999999999986 -24.499999999999996 4 5
decision_type=9 10 10 2 9 9 8 10 2 1 8 10 9 9
left_child=2 5 13 4 6 -2 -4 12 -5 10 -8 -12 -3 -1
right_child=1 7 3 8 -6 -7 9 -9 -10 -11 11 -13 -14 -15
leaf_value=-0.033968401512266287 -0.0084640437405316127 -0.0094885338702525007 -0.0059140506769986062 0.022714671519378105 -0.02418522619915869 0.011747439994765664 -0.04480936653133577 0.047007063063274686 0.1720254805053624 -0.022949827317518202 0.1287013222102843 0.026170874396771245 0.028643194898246412 -0.010919121929160416
leaf_weight=263.85094618052244 422.9346823040396 64.084636315703392 57.597332213073969 7.0866989791393262 106.03757263720036 583.98480586335063 5.170691080391407 133.57802408188581 5.028374444693327 9.3877869974821788 20.130796533077952 15.749390896409752 131.62339605018497 287.44309323839843
leaf_count=8782 8156 745 1306 230 3084 8955 97 1082 134 263 293 288 1415 8678
internal_value=0.000523569 0.00966116 -0.0151029 0.00302215 -0.00248344 0.00329065 0.0192921 0.029365 0.0930777 0.0513817 0.0685218 0.0856261 0.017146 -0.0228049
internal_weight=2113.69 1336.21 777.483 226.189 214.074 1006.92 108.036 329.286 12.1151 50.4387 41.0509 35.8802 195.708 551.294
internal_count=43508 20353 23155 5695 5331 17111 2247 3242 364 941 678 581 2160 17460
cat_boundaries=0 1 3 5 6 8 10
cat_threshold=12616076 557907228 8 1317324051 8 4 1108123922 38 1660773398 2
is_linear=0
shrinkage=0.05


Tree=22
num_leaves=15
num_cat=5
split_feature=28 3 26 28 29 21 1 15 29 0 1 29 31 0
split_gain=117.006 50.9748 38.1992 34.9006 32.4771 32.1793 29.1406 26.9554 28.0812 37.6853 26.728 25.3001 26.4549 23.5294
threshold=0 0.97156508670810116 1816.5000000000002 1 2 0.56932729575194763 0.44499449944994501 4.1791513781748479 3 57.105000000000011 0.85906464427591189 4 7.0000000000000009 44.005000000000003
decision_type=9 10 2 9 9 10 10 10 9 10 8 9 8 10
left_child=2 3 7 -2 -5 10 -6 -1 9 -9 -4 -12 13 -13
right_child=1 -3 5 4 6 -7 -8 8 -10 -11 11 12 -14 -15
leaf_value=-0.029907990085651915 0.012426312847065751 0.03744418358310099 -0.035195879778504982 -0.022134268015499989 -0.024734776908513861 -0.049319037165484005 0.010606107995449308 -0.0071235873281507035 -0.020222092259766462 0.081473423689870483 -0.022321426339405169 0.064125738142575398 -0.035464517042346391 0.016409469467137599
leaf_weight=400.34131160378456 703.73293469846249 134.90416546911001 26.279660169035196 164.91622838936746 70.979198504239321 25.097271932289004 306.91164837218821 29.754629457369447 84.712907830253243 18.95540632866323 25.280308581888676 46.55618635378778 13.089261680841444 58.655068295076489
leaf_count=13450 10477 996 821 3266 1631 1033 4862 749 2770 420 776 765 254 1185
internal_value=-0.000236087 0.00830331 -0.0163038 0.00518867 -0.00434885 0.00240747 0.00381946 -0.0234348 -0.00393358 0.0235597 0.0102941 0.018806 0.0272916 0.037929
internal_weight=2110.17 1381.44 728.722 1246.54 542.807 194.958 377.891 533.764 133.423 48.71 169.86 143.581 118.301 105.211
internal_count=43455 21232 22223 20236 9759 4834 6493 17389 3939 1169 3801 2980 2204 1950
cat_boundaries=0 1 2 4 6 8
cat_threshold=8421396 673314 1074121810 41 2151716380 7 1074528520 2
is_linear=0
shrinkage=0.05


Tree=23
num_leaves=15
num_cat=4
split_feature=28 21 29 8 4 1 29 6 2 4 26 53 2 29
split_gain=96.5141 39.3767 53.7148 46.7868 52.6199 37.0929 35.4565 28.0096 26.5944 24.5249 24.8254 24.3096 21.9177 21.1569
threshold=0 1.0000000180025095e-35 1 36.500000000000007 -8.3560027582526342 0.41699475065616803 2 -90.499999999999986 -4.4638575469782049 -0.55205832457772697 316.50000000000006 49.500000000000007 -7.6012735789899413 3
decision_type=9 10 9 8 8 8 9 8 2 10 2 10 2 9
left_child=1 2 3 13 -5 8 -7 -6 -2 10 11 -8 -9 -1
right_child=5 -3 -4 4 7 6 9 12 -10 -11 -12 -13 -14 -15
leaf_value=-0.029427820070397098 0.10001441816831176 -0.039316468618178418 -0.0214703618648396 -0.020854557432473692 -0.037302004496773691 -0.00068722724121907249 0.014129429058942662 0.13977980070464022 -0.023533551981535832 0.034133681016159358 -0.023990834330493677 0.094094495788253976 0.047643922259135579 0.0062144379970526268
leaf_weight=69.244602726772428 3.5605464652180663 124.39174991287291 350.19747022166848 38.308200525119901 8.2196669429540616 428.58872184529901 590.92566592991352 6.4014407694339743 108.7402817197144 171.2673407625407 41.871233880519867 8.6977922394871694 84.899673327803612 84.214780615642667
leaf_count=1961 51 5113 11648 876 135 6410 8134 74 2715 2115 823 101 1592 1946
internal_value=0.000569627 -0.0135043 -0.00865584 0.00725726 0.0285495 0.00857298 0.0111286 0.0475848 -0.0187682 0.0171502 0.0128368 0.0154441 0.0555483 -0.0114575
internal_weight=2119.53 765.878 641.486 291.288 137.829 1353.65 1241.35 99.5208 112.301 812.762 641.495 599.623 91.3011 153.459
internal_count=43694 23345 18232 6584 2677 20349 17583 1801 2766 11173 9058 8235 1666 3907
cat_boundaries=0 1 3 5 7
cat_threshold=12615877 2973801499 29 1711851858 34 16777242 24
is_linear=0
shrinkage=0.05


Tree=24
num_leaves=15
num_cat=2
split_feature=3 25 0 19 29 2 29 7 2 2 6 26 25 8
split_gain=66.0191 62.0173 41.0398 32.3789 29.6713 30.6812 28.1702 30.9338 24.4136 24.8676 20.8935 18.3404 39.8933 21.1766
threshold=0.79945732763942301 0.67149653657561836 99.010000000000005 40.100000000000009 0 -4.4638575469782049 1 25.500000000000004 -9.9879703960697928 0.0014381635188853716 -58.499999999999993 3898.5000000000005 0.97964723094598882 30.500000000000004
decision_type=10 8 10 8 9 2 9 10 2 2 8 2 10 10
left_child=1 8 6 -3 -5 -6 -2 10 -1 -10 -8 -7 13 -13
right_child=2 3 -4 4 5 11 7 -9 9 -11 -12 12 -14 -15
leaf_value=0.029636904183879681 -0.0034198189916691784 -0.021413985464999945 -0.034878342628113422 -0.010718574629291884 0.062056198202156035 0.0060035894846989782 -0.002833530046790596 0.086340703262291874 -0.027429370338330584 0.0047685990901024655 0.027934199231385522 0.20524454388599747 -0.024209763182242612 0.018395866817474269
leaf_weight=22.322909828275442 120.84734926559031 144.57622964866459 38.594289977103472 245.26093370467424 25.570807665586472 646.29764215834439 68.721103759482503 18.79298728890717 423.83445607870817 69.5085185803473 275.42605593241751 3.8469425681978446 6.307369502261281 2.5177416428923607
leaf_count=387 1979 3882 795 4819 374 11065 905 171 13242 1697 3870 76 227 45
internal_value=-0.00126371 -0.00633044 0.0141412 0.000514688 0.00394375 0.00922679 0.0181156 0.0246914 -0.0205655 -0.0228924 0.0217999 0.00722567 0.0645558 0.143865
internal_weight=2112.43 1590.04 522.382 1074.38 929.801 684.541 483.787 362.94 515.666 493.343 344.147 658.97 12.6721 6.36468
internal_count=43534 35814 7720 20488 16606 11787 6925 4946 15326 14939 4775 11413 348 121
cat_boundaries=0 2 4
cat_threshold=1628189713 10 3223945234 6
is_linear=0
shrinkage=0.05


Tree=25
num_leaves=15
num_cat=1
split_feature=3 25 0 1 10 24 15 19 24 25 25 20 29 26
split_gain=81.4686 52.4213 40.6873 34.8914 32.2699 28.0242 27.9924 25.9729 22.2934 22.0981 21.9512 21.8982 23.1087 21.4539
threshold=0.81661223321394816 0.67149653657561836 99.010000000000005 0.32373653686826848 52.500000000000007 0.45075937045691178 1.0459060173048929 35.335000000000008 0.44565863267431644 -0.084817753410772426 3.0788361119481222 -9.9950000000000028 0 3898.5000000000005
decision_type=10 8 10 8 2 8 8 8 10 8 10 10 9 2
left_child=1 4 6 -3 -1 8 -2 -8 11 -9 -11 12 13 -5
right_child=2 3 -4 5 -6 -7 7 9 -10 10 -12 -13 -14 -15
leaf_value=-0.021942862037537463 -0.00064998544494865263 -0.030690741253269455 -0.032918327837257198 0.023891380124971287 0.047670862266964625 -0.01871923607419659 0.1332900680423609 0.088790267000814105 0.085880996981165608 0.01485888383086085 0.043187845387606789 -0.017294811338844498 0.0035487019879154192 0.12449514491272635
leaf_weight=496.70489072613418 116.36799213476479 85.768052550032735 37.551729394122958 119.91277224570513 16.308621864765882 135.38668295182288 4.7805378064513198 12.509885853156446 7.5784740410745135 236.30889515951276 96.383388128131628 97.897567637264729 638.54682528972626 4.6299125682562581
leaf_count=15082 2009 2430 800 2049 320 3350 68 121 109 3637 732 2304 10411 85
internal_value=-0.000965223 -0.00647923 0.0165509 -0.000270463 -0.0196414 0.00235631 0.0205962 0.0276423 0.00565918 0.0257984 0.0231708 0.00485425 0.0077147 0.0264837
internal_weight=2106.64 1602.73 503.902 1089.72 513.014 1003.95 466.351 349.983 868.566 345.202 332.692 860.987 763.09 124.543
internal_count=43507 36140 7367 20738 15402 18308 6567 4558 14958 4490 4369 14849 12545 2134
cat_boundaries=0 2
cat_threshold=38805770 21
is_linear=0
shrinkage=0.05


Tree=26
num_leaves=15
num_cat=5
split_feature=28 29 3 3 29 24 29 29 1 25 11 26 0 8
split_gain=76.0598 38.8701 41.6362 37.2291 37.9284 35.5965 30.7605 26.5504 25.238 24.6425 24.1475 23.6794 23.4906 26.1088
threshold=0 1 0.40936808632063398 0.62617960330114497 2 0.45452329600850888 3 4 1.4858477970627506 4.5481350758971706 5.8181225513266428 316.50000000000006 79.835000000000022 35.500000000000007
decision_type=9 9 10 10 9 8 9 9 10 10 2 2 8 10
left_child=1 -1 -3 7 -5 6 12 10 11 -9 -2 -6 -4 -14
right_child=3 2 5 4 8 -7 -8 9 -10 -11 -12 -13 13 -15
leaf_value=-0.03183295963573142 0.010628932275534362 -0.022012150277805398 0.085573129474507792 -0.003550218799017377 0.041954386092518871 -0.019624694285083826 0.002731005333051087 0.0029805355535056479 0.0095236895107411543 0.034988333116209323 -0.01643573778864375 -0.015162004952943148 -0.012682166402750423 0.077649236758919507
leaf_weight=210.4103853944689 110.30489707365632 227.48468450270593 27.788012953475118 170.33918283134699 194.56569688767195 84.99468807131052 124.20968366786838 369.77652289532125 143.15458787605166 70.866730388253927 318.3425546195358 19.502950016409159 20.131769400089979 12.027313409373162
leaf_count=7747 2163 7897 407 2110 2104 2454 3233 5868 1614 930 6167 247 445 250
internal_value=-0.000955774 -0.0141898 -0.00618702 0.0058082 0.0163142 0.0069912 0.019315 -0.000512436 0.0251664 0.00801431 -0.00924736 0.0367044 0.0452033 0.0224242
internal_weight=2103.9 707.047 496.636 1396.85 527.562 269.151 184.157 869.291 357.223 440.643 428.647 214.069 59.9471 32.1591
internal_count=43636 22433 14686 21203 6075 6789 4335 15128 3965 6798 8330 2351 1102 695
cat_boundaries=0 1 3 5 7 9
cat_threshold=8422428 1086152960 34 3259600402 22 2151680012 28 1652868438 40
is_linear=0
shrinkage=0.05


Tree=27
num_leaves=15
num_cat=6
split_feature=28 26 21 29 29 3 29 4 30 8 28 4 29 25
split_gain=79.4108 39.0843 31.3412 31.031 30.3091 26.7489 26.6388 26.3735 25.2382 24.7355 23.4035 26.6526 21.7379 21.7211
threshold=0 1816.5000000000002 0.56932729575194763 1 2 0.62617960330114497 3 8.5143137304076202 1.5000000000000002 22.500000000000004 4 -9.6785937597846736 5 4.8397492486148748
decision_type=9 2 10 9 9 10 9 10 2 10 9 10 9 10
left_child=1 3 6 -1 10 13 -3 9 -9 -5 -2 -12 -11 -6
right_child=4 2 -4 7 5 -7 -8 8 -10 12 11 -13 -14 -15
leaf_value=-0.039159073370284229 0.0045738271889925654 -0.023815514607300761 -0.048937522769481052 -0.025823151035880784 0.0017801642957240287 0.026127599351007183 0.021667111159809009 0.0578531219683645 -0.031327748339181526 0.025726328753904557 -0.034530875195677387 0.0053864964678259535 -0.017009397089347806 0.03081637811349567
leaf_weight=155.92745935544372 479.50255851075053 32.558337669819593 22.450338074937463 218.04622830078006 393.70868602208793 276.83769322559237 137.04675921052694 23.277002796530724 11.014634087681769 46.831590013578534 96.656650239601731 72.717479540035129 51.066408891230822 76.040215734392405
leaf_count=5906 7544 1037 1059 7873 6264 2853 2767 516 328 1252 2077 1293 1663 986
internal_value=-5.05353e-05 -0.0136914 0.00529786 -0.0211628 0.00682873 0.0136433 0.0127217 -0.0116164 0.0291318 -0.0164836 -0.00110872 -0.016494 0.00436897 0.00653586
internal_weight=2093.68 698.219 192.055 506.163 1395.46 746.587 169.605 350.236 34.2916 315.944 648.877 169.374 97.898 469.749
internal_count=43418 22401 4863 17538 21017 10103 3804 11632 844 10788 10914 3370 2915 7250
cat_boundaries=0 1 3 5 7 8 10
cat_threshold=8423453 1119438850 48 3868102226 2 1619591436 2 4216352 2701132364 13
is_linear=0
shrinkage=0.05


Tree=28
num_leaves=15
num_cat=4
split_feature=28 29 21 55 29 3 8 23 21 28 22 4 55 24
split_gain=71.9429 39.0369 40.9034 36.9232 35.9195 31.0302 28.1687 22.3653 44.8669 24.5238 31.2605 24.6683 23.962 30.2373
threshold=0 1 1.0000000180025095e-35 1.0000000180025095e-35 2 0.79945732763942301 60.500000000000007 2.1522222222222229 0.98929407201245356 3 0.90500000000000014 8.9556499578638853 5.5000000000000009 0.44544088245656627
decision_type=9 9 10 2 9 10 8 10 8 9 10 10 2 8
left_child=1 -1 3 6 7 -6 -3 9 -9 10 -2 -11 -10 -14
right_child=4 2 -4 -5 5 -7 -8 8 12 11 -12 -13 13 -15
leaf_value=-0.033686832169742213 0.0074426797334109038 -0.017200276679826987 -0.04088950400178705 0.018144021200714438 0.0083780475821968788 0.03198007332868949 0.026512575860676763 0.12569468292835168 -0.033093022300154054 -0.031371688392931529 -0.025799415518719657 0.030445017408105641 0.0097508685081480317 0.11924041724985786
leaf_weight=161.93034200929105 370.94778091087937 261.02566306106746 72.127582659944892 166.75510431081057 528.93676125444472 188.60526059940457 41.973069697618484 8.588453434407711 20.956012733280659 124.91847316361964 86.328957721590996 17.700879123061895 31.389749493449926 6.9602215923368922
leaf_count=6393 5618 8850 3324 3213 7867 1626 1149 109 468 2599 1343 264 489 81
internal_value=0.000115746 -0.0127858 -0.00599403 -0.000687907 0.00671859 0.014417 -0.0110776 -0.001653 0.0253088 -0.004769 0.00110032 -0.0220085 0.00892809 0.0321476
internal_weight=2089.14 703.812 541.881 469.754 1385.33 717.542 302.999 667.791 67.8944 599.896 457.277 142.619 59.306 38.35
internal_count=43393 22929 16536 13212 20464 9493 9999 10971 1147 9824 6961 2863 1038 570
cat_boundaries=0 1 3 5 6
cat_threshold=9469997 1086071552 2 2004995090 35 21056
is_linear=0
shrinkage=0.05


Tree=29
num_leaves=15
num_cat=2
split_feature=23 4 3 29 15 1 29 7 25 20 10 11 1 43
split_gain=58.4571 61.9167 52.4914 32.4737 26.9386 25.4872 26.1157 24.1294 26.1843 22.1354 21.9325 19.4712 18.4135 18.1013
threshold=7.402916666666667 -8.3560027582526342 0.54962991622289004 0 5.8699996614863759 0.37557339449541288 1 33.500000000000007 6.948080604341496 -13.9975 61.500000000000007 5.0332770240461224 1.4397802197802199 1.5000000000000002
decision_type=10 8 10 9 10 8 9 10 10 10 2 2 10 2
left_child=1 9 5 10 -5 11 7 -7 -9 -1 -4 -3 -6 -8
right_child=-2 2 3 4 12 6 13 8 -10 -11 -12 -13 -14 -15
leaf_value=0.00034843526010588894 -0.042104746704507146 0.086466631546966696 -0.007620036779900397 0.014580438692406456 0.027594668048590332 0.015459665497076941 -0.0037783370760385449 0.1264660924056383 -0.011595785439008952 -0.027714995857463127 0.10159916131720217 -0.026627058542183963 0.064421761293208007 0.038229434520871727
leaf_weight=106.57887666672468 75.954024063423276 2.9762616027146569 158.30434486456215 420.33139278739691 124.36892727017403 90.783558059483767 690.98949297890067 9.77446226403117 4.8104258105158797 205.09368434920907 3.7348731253296128 117.78127470612526 47.567820481956005 25.634157214313745
leaf_count=2676 3224 74 2752 6075 1772 1760 14077 141 55 6044 48 3628 602 479
internal_value=0.000663085 0.00230037 0.00606429 0.0158858 0.0211043 -0.00180257 0.00135823 0.0233239 0.0831079 -0.0181481 -0.00423514 -0.0231524 0.0380968 -0.00219394
internal_weight=2084.68 2008.73 1697.06 754.307 592.268 942.75 821.992 105.368 14.5849 311.673 162.039 120.758 171.937 716.624
internal_count=43407 40183 31463 11249 8449 20214 16512 1956 196 8720 2800 3702 2374 14556
cat_boundaries=0 2 4
cat_threshold=1076429648 18 2148600328 23
is_linear=0
shrinkage=0.05


Tree=30
num_leaves=15
num_cat=3
split_feature=28 26 29 2 15 29 15 24 6 24 17 11 6 15
split_gain=69.6187 35.0782 32.8173 28.7643 30.8593 26.8162 26.6812 25.4954 25.412 21.1015 24.2188 21.0556 20.4759 19.6527
threshold=0 1816.5000000000002 1 -6.2936046474239999 14.840145167088293 2 4.2301519812950739 0.45691754451989874 -34.499999999999993 0.26602567094259483 1.5000000000000002 5.8181225513266428 -58.499999999999993 9.2957857868409004
decision_type=9 2 9 2 8 9 10 10 8 10 2 2 10 10
left_child=2 3 9 4 -2 7 -5 -3 -8 10 11 12 -1 -4
right_child=1 5 13 6 -6 -7 8 -9 -10 -11 -12 -13 -14 -15
leaf_value=0.086066352782799671 -0.0092178695289691134 0.057725979305953606 0.0086659790488410691 -0.029029203150990907 0.11537361487048235 -0.0077546786204582014 0.048035281086206034 -0.01182737537701696 -0.012279544923341714 -0.018060907210207474 -0.036502597831110976 0.003862754952718303 0.0065485803997881219 0.032097462193379361
leaf_weight=16.46342466399074 12.938055898994206 39.448206953704357 913.22729040496051 370.70494842156768 6.9374078921973732 133.82302781380713 20.037296025082469 19.100268185138702 101.83842561021447 191.5513963419944 27.777242930606008 122.172423414886 15.423743026331065 98.466816838830709
leaf_count=250 336 760 12887 13993 123 3406 490 691 3380 3627 458 1820 263 1059
internal_value=-0.000290593 -0.0129656 0.00621279 -0.0199731 0.0377136 0.00503757 -0.0223724 0.0301542 -0.0020531 -0.00635229 0.00566574 0.0134552 0.0489725 0.0108687
internal_weight=2089.91 704.828 1385.08 512.456 19.8755 192.372 492.581 58.5485 121.876 373.388 181.837 154.06 31.8872 1011.69
internal_count=43543 23179 20364 18322 459 4857 17863 1451 3870 6418 2791 2333 513 13946
cat_boundaries=0 1 3 5
cat_threshold=4878802 1443154962 3 33650754 48
is_linear=0
shrinkage=0.05


Tree=31
num_leaves=15
num_cat=4
split_feature=28 29 2 29 25 25 3 30 55 4 1 24 25 29
split_gain=53.6557 34.4771 27.0973 25.2668 25.0699 30.717 24.867 39.4695 39.2775 24.8207 26.2153 23.6554 22.3326 22.1781
threshold=0 1 -4.4638575469782049 2 0.99082829133464656 0.1356765058027754 0.89325194090923243 1.5000000000000002 1.5000000000000002 -0.27273671292141793 1.389181286549708 0.088183103662527559 0.30632247855230305 3
decision_type=9 9 2 9 10 8 10 2 2 8 10 8 10 9
left_child=3 -2 4 -1 5 -3 13 8 9 -8 -11 -5 -7 -4
right_child=1 2 6 11 -6 12 7 -9 -10 10 -12 -13 -14 -15
leaf_value=-0.0027180986848006263 -0.031901636240838943 -0.012708001401962876 -0.025278658489155684 0.05714625340763746 -0.0394885836482975 0.20199760180444359 -0.027194405040864102 -0.023922163957962723 0.012625469227242747 0.050733994037777619 0.18317743643628581 0.0099877365174656195 0.061566850530704077 -0.0028122932544356475
leaf_weight=501.28741898015141 140.87025075219572 8.5797446519136429 188.1926557123661 26.539723794907331 7.0639474540948859 3.431932426989083 3.0857395455241203 42.892709091305733 50.303184384480119 8.6251932028681093 7.4600712656974784 825.43870373442769 12.40732780843973 268.39665163308382
leaf_count=8439 5767 156 6260 284 252 37 83 1208 881 194 152 10885 240 8722
internal_value=0.000274273 -0.0104489 -0.00493251 0.00618325 0.0394211 0.0629036 -0.00753819 0.0134486 0.036533 0.0955287 0.119285 0.0113885 0.102183 -0.0127212
internal_weight=2094.58 741.309 600.439 1353.27 31.483 24.419 568.956 112.367 69.4742 19.171 16.0853 851.978 15.8393 456.589
internal_count=43560 23952 18185 19608 685 433 17500 2518 1310 429 346 11169 277 14982
cat_boundaries=0 1 3 5 7
cat_threshold=1602162 1085817344 2 3867445522 1 591770644 32
is_linear=0
shrinkage=0.05


Tree=32
num_leaves=15
num_cat=3
split_feature=28 29 3 21 6 4 26 29 25 25 1 4 4 14
split_gain=48.4843 36.0053 33.4208 30.3885 30.3098 28.5374 24.2257 24.6096 32.6685 29.389 26.6371 23.9573 27.2105 22.4182
threshold=0 1 0.97156508670810116 1.0000000180025095e-35 -25.499999999999996 9.7125427815318606 53.500000000000007 2 4.5481350758971706 6.5055514535071008 1.0872282608695654 0.012040992027541478 -0.17809978517968969 0.40125
decision_type=9 9 10 10 10 10 2 9 10 10 10 10 10 10
left_child=1 -1 5 4 -3 6 7 -2 -9 10 11 12 -10 -6
right_child=2 3 -4 -5 13 -7 -8 8 9 -11 -12 -13 -14 -15
leaf_value=-0.029530574559405821 -0.014947972304564953 0.017759170762316746 0.028412611234825344 -0.036835162862650331 -0.016487767811106935 0.029065483102980495 -0.0071389814400937435 0.0061761821439618343 0.075174966650824571 0.0023529967859926702 0.0040307260570881191 -0.013678625751388932 0.20293426518504534 0.021769031680906725
leaf_weight=175.50093237496912 97.975092634558678 167.05667041614652 143.33054503798485 58.753343502059579 209.64487725868821 96.260474879294634 523.34221697226167 475.45495895668864 29.44546849839389 33.689746487885714 14.801487918943165 5.3277164828032246 4.6098042167723206 45.894418183714151
leaf_count=7492 1755 3428 960 2970 7174 1260 8916 6983 416 428 165 86 57 1220
internal_value=0.000388035 -0.0107452 0.00556291 -0.00338925 0.00125669 0.00302931 0.000890963 0.00724688 0.0111932 0.0392231 0.0616894 0.0827231 0.0977644 -0.00955884
internal_weight=2081.09 656.85 1424.24 481.349 422.596 1280.91 1184.65 661.304 563.329 87.8742 54.1845 39.383 34.0553 255.539
internal_count=43310 22284 21026 14792 11822 20066 18806 9890 8135 1152 724 559 473 8394
cat_boundaries=0 1 3 5
cat_threshold=8552460 1086087941 2 1616973058 11
is_linear=0
shrinkage=0.05


Tree=33
num_leaves=15
num_cat=2
split_feature=28 29 1 21 11 4 25 6 6 26 3 11 14 56
split_gain=46.9148 35.0553 30.0664 26.4804 21.2048 24.5596 19.9392 19.2368 25.4031 25.0657 18.655 21.9064 26.0742 17.8481
threshold=0 1 0.42572892040977156 1.0000000180025095e-35 6.6929455823582567 -5.2149847498996786 1.0000000180025095e-35 -24.499999999999996 -69.499999999999986 429.00000000000006 0.97156508670810116 6.3650519153929235 -1.0000000180025095e-35 4.7500000000000009
decision_type=9 9 8 10 2 10 8 10 8 2 10 2 10 2
left_child=1 -1 -2 4 5 -3 -6 8 -7 -10 -4 -12 -13 -5
right_child=2 3 10 13 6 7 -8 -9 9 -11 11 12 -14 -15
leaf_value=-0.027115197289268089 -0.020639338460034646 -0.013690865727396653 0.0051069963716104654 -0.045403134599963042 0.11909780722913819 -0.021782652560558717 0.013833206188756754 -0.0077104459977332803 0.12730146244069696 0.027805564678655494 0.0019703863808655272 0.063476661990482117 0.0055760995018317439 0.028143306963437899
leaf_weight=212.96798032242805 103.27158121578395 240.61139274202287 1123.2405015211552 51.109109894372523 3.6873815376311541 10.055853031575678 130.74687301553786 33.182189824059606 10.192231528460981 16.315880155190825 63.284707117825747 49.515648756176233 31.949651848524809 9.0990423429757339
leaf_count=8504 2691 7709 15944 2580 113 188 3069 936 181 268 425 300 212 425
internal_value=-0.000274385 -0.0105353 0.00514111 -0.00311424 0.00106496 -0.00612155 0.0175786 0.0198156 0.0443361 0.0692983 0.00729592 0.0241301 0.0411118 -0.0340101
internal_weight=2089.23 717.968 1371.26 505 444.792 310.358 134.434 69.7462 36.564 26.5081 1267.99 144.75 81.4653 60.2082
internal_count=43545 23973 19572 15469 12464 9282 3182 1573 637 449 16881 937 512 3005
cat_boundaries=0 1 3
cat_threshold=10125324 1086080770 32
is_linear=0
shrinkage=0.05


Tree=34
num_leaves=15
num_cat=2
split_feature=28 26 2 3 21 5 9 4 25 15 2 1 28 4
split_gain=42.0512 36.1488 34.6786 29.5169 26.4106 21.1553 21.7359 23.8968 19.794 21.3134 19.0632 30.3387 26.3825 19.0252
threshold=0 1816.5000000000002 -6.2936046474239999 0.90515228304381201 0.56932729575194763 0.7532629929221436 1.0000000180025095e-35 -13.16201424803927 -0.31863576994509274 1.3031339605342291 -4.4638575469782049 1.192539388322521 1 13.461557363071906
decision_type=9 2 2 10 10 8 2 8 10 10 2 8 9 10
left_child=1 2 -1 10 5 -3 -7 -8 -5 -10 11 -2 -12 -14
right_child=3 4 -4 8 -6 6 7 -9 9 -11 12 -13 13 -15
leaf_value=0.04835211422184213 0.06175144871344343 -0.0018327879078153043 -0.020274924132692412 0.080205770300927709 -0.048191279620048412 0.0065907229373418823 0.13844452960765083 0.038653763742031499 -0.0050292954954730563 0.027568313605237694 0.0066849673131082607 -0.0064196285064772977 -0.010707963250373351 0.045613946183809373
leaf_weight=18.230353036895394 31.759984899312258 93.282556978985667 468.63930770382285 12.289631903171538 17.808862740173936 38.838284060359001 6.8639188837260008 31.844351617619395 73.256830640137196 156.0770207233727 628.88123084791005 32.183707099407911 464.82421064563096 14.519210005179046
leaf_count=391 370 2226 17908 89 1036 826 173 567 673 971 9013 462 8718 233
internal_value=-0.000105375 -0.01027 -0.0176114 0.00479382 0.00812925 0.0142469 0.0333667 0.05939 0.020702 0.0171789 0.00154061 0.0278695 -2.29981e-06 -0.00872885
internal_weight=2089.3 675.508 486.87 1413.79 188.638 170.829 77.5466 38.7083 241.623 229.334 1172.17 63.9437 1108.22 479.343
internal_count=43656 23127 18299 20529 4828 3792 1566 740 1733 1644 18796 832 17964 8951
cat_boundaries=0 1 2
cat_threshold=12615820 542480
is_linear=0
shrinkage=0.05


Tree=35
num_leaves=15
num_cat=4
split_feature=28 23 29 29 8 28 4 6 22 15 26 4 18 25
split_gain=49.8526 40.4787 34.9997 30.8691 28.6453 26.3887 31.5606 24.1247 23.6042 23.0953 20.348 21.1432 20.3297 18.8538
threshold=0 260.82187500000003 1 2 3.5000000000000004 3 -4.3373693004233997 4.5000000000000009 7.5225 3.1101102326952144 278.50000000000006 1.1908134260372181 0.73999999999999988 1.4161854525245399
decision_type=9 8 9 9 8 9 10 8 8 8 2 10 8 10
left_child=1 -1 4 5 -3 12 -7 8 9 -8 11 -5 -2 -11
right_child=3 2 -4 10 -6 6 7 -9 -10 13 -12 -13 -14 -15
leaf_value=-0.047494352320514154 -0.013123209375392283 -0.030546112427081631 -0.02000514620097461 0.011197529037501701 0.014762335556218068 -0.033244642854119925 -0.0083937446149029739 -0.026531549369545528 0.0034532561930179645 0.040155404070488579 -0.020040832358512995 0.040497014471526198 0.0090275341054892513 0.17659077868544182
leaf_weight=72.157975389622152 137.41924544796348 41.543798951432109 252.81282660551369 649.13403824530542 193.43699837848544 128.02423494681716 5.3874801229685545 32.528231721371412 33.050791930407286 5.5951816365122813 45.893707128241658 67.292985374107957 410.98878832161427 5.1726295538246632
leaf_count=4125 2092 1466 9480 9129 4065 3538 90 1075 552 66 719 832 6109 53
internal_value=3.21941e-05 -0.012578 -0.0075836 0.00473293 0.00638585 -0.00241476 -0.0170326 0.00639731 0.0282602 0.075851 0.0117749 0.0140022 0.00340134 0.115133
internal_weight=2080.44 559.952 487.794 1520.49 234.981 758.167 209.759 81.7343 49.2061 16.1553 762.321 716.427 548.408 10.7678
internal_count=43391 19136 15011 24255 5531 13575 5374 1836 761 209 10680 9961 8201 119
cat_boundaries=0 1 3 5 6
cat_threshold=9469952 2839608346 21 1991035922 32 4216321
is_linear=0
shrinkage=0.05


Tree=36
num_leaves=15
num_cat=1
split_feature=23 19 0 29 23 0 11 25 25 23 26 3 1 25
split_gain=41.3776 28.0253 26.1865 22.5709 25.4809 31.4925 24.4738 46.6755 23.9794 21.8804 20.1544 19.4024 24.4215 19.2837
threshold=7.9493750000000007 30.500000000000004 99.815000000000012 0 2.1522222222222229 19.935000000000002 6.3650519153929235 4.9615152416896704 3.4151092956369093 7.031458333333334 349.50000000000006 0.95073697967749704 1.3003759398496244 7.3430889190459636
decision_type=10 8 10 9 10 10 2 10 8 10 2 10 8 10
left_child=1 -1 3 4 10 -6 7 -5 9 -7 11 -3 -13 -9
right_child=-2 2 -4 6 5 8 -8 13 -10 -11 -12 12 -14 -15
leaf_value=-0.022463304364657578 -0.042000296800145318 -0.0059731345097745279 -0.039857753120242437 -0.004684983060845355 -0.017146787660699159 0.0089468357792227542 0.014566724041481316 0.071357359606682796 0.14197925262545671 0.10628573682404224 -0.022184872220899404 -0.020925680468422213 0.043925000308732476 0.0054114391091427631
leaf_weight=132.32646369375288 60.312298874370754 467.73356195352972 36.957326833158731 527.24540944863111 23.625469973310828 21.776976743713025 519.75248138047755 29.017282992601395 5.8145228512585154 6.9636879991739979 169.23213445954025 20.752695547416806 43.790787499397993 17.854172933846712
leaf_count=4407 3146 9134 928 10876 538 384 7920 327 110 92 4985 205 441 207
internal_value=-0.00153387 -0.000307182 0.00125469 0.00209546 -0.00450072 0.0269595 0.00665673 -0.000401377 0.0567492 0.0353122 -0.00720865 -0.00241444 0.0230724 0.0468752
internal_weight=2083.16 2022.84 1890.52 1853.56 759.69 58.1807 1093.87 574.117 34.5552 28.7407 701.509 532.277 64.5435 46.8715
internal_count=43700 40554 36147 35219 15889 1124 19330 11410 586 476 14765 9780 646 534
cat_boundaries=0 2
cat_threshold=2139817299 2
is_linear=0
shrinkage=0.05


Tree=37
num_leaves=15
num_cat=2
split_feature=4 3 25 2 1 29 29 24 15 21 11 21 43 11
split_gain=39.5798 40.1127 29.7218 28.6916 28.3279 27.3538 26.4233 37.4111 27.9705 25.4776 22.291 21.9243 20.8681 20.2519
threshold=-8.7755181507978275 0.54962991622289004 -0.084817753410772426 -4.4638575469782049 0.41699475065616803 0 1 0.45452329600850888 6.902377056807425 0.93066145736437889 5.9163502886127528 0.94199272119313504 1.5000000000000002 5.601029591857432
decision_type=8 10 8 2 8 9 9 10 10 8 2 8 2 2
left_child=5 3 10 -2 -5 -1 7 8 -4 -6 -3 13 -13 -11
right_child=1 2 6 4 9 -7 -8 -9 -10 11 -12 12 -14 -15
leaf_value=-0.029989671330311687 0.034661463445540261 0.0062312957432830414 0.022633862684048271 -0.027703428774477928 -0.046910421864973538 0.0011697683808025881 0.0027285493316725465 -0.018186124065463084 0.069647490781525878 0.11621268200238447 0.090113441888003909 -0.0044806796783130043 0.037791112997089288 0.018197756678202809
leaf_weight=164.36894588544965 43.760794136673212 13.346687557175754 122.80451875180006 131.9215391157195 30.427759740501642 125.16120230592787 568.3979475395754 40.467348770238459 42.50016666110605 5.7829153575003174 19.063745482824743 711.60018203034997 29.447838699445128 26.065885238349438
leaf_count=5514 710 213 1547 4451 1477 3270 8714 988 427 95 226 14846 531 413
internal_value=-0.000438609 0.0023449 0.0105947 -0.00445576 -0.00632115 -0.017554 0.00858991 0.0234242 0.0350673 -0.00277968 0.056791 -0.000983951 -0.00275221 0.0389907
internal_weight=2075.12 1785.59 806.58 979.007 935.246 289.53 774.17 205.772 165.305 803.325 32.4104 772.897 741.048 31.8488
internal_count=43422 34638 12115 22523 21813 8784 11676 2962 1974 17362 439 15885 15377 508
cat_boundaries=0 2 4
cat_threshold=1096607006 34 557845518 40
is_linear=0
shrinkage=0.05


Tree=38
num_leaves=15
num_cat=3
split_feature=4 23 1 2 23 21 23 29 20 29 28 26 10 7
split_gain=36.2379 38.3339 31.1018 27.3629 18.8374 34.5339 23.9343 23.1389 21.9955 20.3444 19.5094 20.2002 23.5595 18.4817
threshold=-20.735436230549794 7.9493750000000007 0.41699475065616803 -7.2097504213308508 2.1522222222222229 0.98929407201245356 1.732777777777778 0 -20.492499999999996 1 2 1816.5000000000002 61.500000000000007 15.500000000000002
decision_type=8 10 8 2 10 8 10 9 8 9 9 2 2 10
left_child=-1 2 3 -2 6 8 9 -7 -6 10 -4 12 -12 -11
right_child=1 -3 4 -5 5 7 -8 -9 -10 13 11 -13 -14 -15
leaf_value=-0.024508227155116177 0.083528788728847905 -0.039777548543306153 0.0039961894667327018 -0.02440180856907545 0.0049425315580130585 0.032416746834090432 -0.0453642207475244 -0.019438349872981906 0.12431658842664595 0.0041857886237329509 -0.025338831207639217 0.0096426451437065554 0.082580666430825136 0.019362435206309869
leaf_weight=144.22605129424483 5.1721792286261907 53.936251534149051 401.83369723707438 135.99358571507037 5.650301044806838 36.11782637052238 23.940687324851751 30.87159064039588 11.779921857640149 688.21641964092851 181.04094945266843 65.983448043465614 4.2471429519355288 282.59752669837326
leaf_count=4833 87 3021 5791 4610 121 500 339 493 185 11207 5451 1914 80 4850
internal_value=-0.000422548 0.00139156 0.0025974 -0.0198876 0.00444015 0.027337 0.00325128 0.0104942 0.0879873 0.00399547 -0.0028365 -0.0134727 -0.0224351 0.0085312
internal_weight=2071.61 1927.38 1873.45 141.166 1732.28 84.4196 1647.86 66.9894 17.4302 1623.92 653.105 251.272 185.288 970.814
internal_count=43482 38649 35628 4697 30931 1299 29632 993 306 29293 13236 7445 5531 16057
cat_boundaries=0 2 4 5
cat_threshold=1082401812 1 1991140627 2 4216720
is_linear=0
shrinkage=0.05


Tree=39
num_leaves=15
num_cat=3
split_feature=2 3 56 25 29 26 2 10 0 55 29 19 29 20
split_gain=32.7331 30.2724 33.8052 29.9224 26.5221 27.194 25.8831 29.9879 23.275 19.8297 24.8439 23.8686 20.4976 25.4022
threshold=-6.2936046474239999 0.83728499948181712 4.7500000000000009 4.2844705357941999 0 9.5000000000000018 0.54791181518099041 40.500000000000007 99.445000000000007 5.5000000000000009 1 88.215000000000018 2 -46.494999999999997
decision_type=2 10 2 10 9 2 2 2 10 2 9 10 9 8
left_child=-1 3 8 6 5 -5 9 -8 -3 12 -11 -12 -2 -14
right_child=1 2 -4 4 -6 -7 7 -9 -10 10 11 -13 13 -15
leaf_value=0.026123539065511171 -0.025602648629691506 0.01008318637006698 0.10622698536996547 0.10795835822226783 -0.00019361922421313858 0.023891586999973794 0.00041963880421926796 0.091404835537693685 -0.037270840548062609 -0.020649916162014587 0.038925964692041182 -0.013694619893739393 0.045560390657127414 -0.011354044744515748
leaf_weight=108.24434045795351 341.55899137351662 430.34839771408588 7.8009420279413453 10.882529620081185 219.7470246963203 55.958801731467247 323.9069537082687 8.3169378843158466 26.636087408289313 57.391454882919788 59.349479276686907 32.875197809189558 19.74019016046077 364.42655650805682
leaf_count=1606 11937 5580 198 123 3019 764 5822 149 579 1131 1115 647 492 10243
internal_value=-0.000513774 -0.00199824 0.00913348 -0.00546477 0.00903714 0.0339621 -0.0089111 0.00296484 0.00724773 -0.0134167 0.00314027 0.0182636 -0.0168297 -0.00810832
internal_weight=2067.18 1958.94 464.785 1494.15 286.588 66.8413 1207.57 332.224 456.984 875.342 149.616 92.2247 725.726 384.167
internal_count=43405 41799 6357 35442 3906 887 31536 5971 6159 25565 2893 1762 22672 10735
cat_boundaries=0 2 4 6
cat_threshold=561008716 30 1644281872 11 1107059806 32
is_linear=0
shrinkage=0.05


Tree=40
num_leaves=15
num_cat=5
split_feature=28 22 29 3 26 6 29 1 7 29 24 26 2 28
split_gain=38.5198 31.4983 33.9533 27.4686 22.6886 22.7488 21.2165 21.2726 20.5997 19.9373 34.3397 19.2019 18.4827 16.5792
threshold=0 -38.019999999999989 1 0.97156508670810116 738.00000000000011 9.5000000000000018 2 0.75114678899082576 22.500000000000004 3 0.37086119951834945 1145.5000000000002 -4.4638575469782049 4
decision_type=9 10 9 10 2 10 9 8 8 9 10 2 2 9
left_child=1 2 -1 6 8 9 7 12 -4 10 -6 -11 -2 -5
right_child=3 -3 4 13 5 -7 -8 -9 -10 11 -12 -13 -14 -15
leaf_value=-0.036454716737347598 0.054292012608613271 -0.044580627049895072 -0.02144570763027473 0.0091953746493318826 0.12167163815628529 -0.039243801397277567 0.007820582642797452 -0.00043523140282623185 0.019306574327950687 -0.043815552256168129 0.019930606698366417 0.012397020821469214 -0.027763641407857129 0.045133744705201491
leaf_weight=71.01185904815793 6.3705106843262902 63.391842031851411 153.45116517879069 113.62792312353849 12.104292053729294 19.653048783540726 686.14919814933091 566.65755722112954 37.96573250554502 16.176379075273871 23.962867554277182 131.35236926190555 118.32146786432713 47.854818094521761
leaf_count=3331 96 4159 5400 744 204 783 10292 9590 1322 473 499 2543 3678 348
internal_value=-7.53933e-05 -0.011574 -0.00724293 0.00393214 -0.000962357 0.0106224 0.00166298 -0.00449876 -0.0133045 0.0161441 0.044446 0.00560266 -0.0231728 0.0234015
internal_weight=2068.05 529.07 465.678 1538.98 394.666 203.249 1377.5 691.35 191.417 183.596 36.0672 147.529 124.692 161.483
internal_count=43462 18714 14555 24748 11224 4502 23656 13364 6722 3719 703 3016 3774 1092
cat_boundaries=0 1 3 5 7 8
cat_threshold=8422408 1085808897 2 4001678618 35 2151696390 4 671890
is_linear=0
shrinkage=0.05


Tree=41
num_leaves=15
num_cat=2
split_feature=21 21 19 29 55 21 11 25 11 2 29 4 25 14
split_gain=32.9869 35.5881 28.1129 22.758 20.0622 19.6543 19.0094 34.5967 19.1084 18.8425 18.5605 25.1781 25.3943 22.0602
threshold=0.97790083642899184 0.99578700303606482 29.000000000000004 0 6.5000000000000009 0.95098310680605003 6.3650519153929235 4.5481350758971706 5.8521162654454404 -7.2097504213308508 1 0.097638476621958195 0.1356765058027754 3.0673333333333335
decision_type=8 8 8 9 2 10 2 10 2 2 9 8 10 8
left_child=4 -2 9 -4 -1 10 7 -5 -9 -3 -6 -12 -13 -14
right_child=1 2 3 6 5 -7 -8 8 -10 -11 11 12 13 -15
leaf_value=-0.033862617731595913 0.048007088067265724 0.061462237416188725 -0.0055507436249996088 -0.0039875720405288173 -0.019108780357557878 -0.031968378772621431 0.01342140563442234 0.062091544606066418 0.0017239290496846643 -0.030049437623300604 -0.031121545269231041 -0.028995523865189828 0.18274877001441966 0.057643504130216933
leaf_weight=112.74256529193372 38.91064079105854 5.0483217732980838 646.22582086361945 511.90648826025426 19.767158480361104 32.399301455356181 499.46977729909122 31.692152623087168 21.980727089568973 97.663717651739717 8.0016959868371469 5.0415460281074074 4.2569527886807919 16.237480349838737
leaf_count=4158 540 118 14221 11000 340 487 7617 337 242 3642 148 198 50 214
internal_value=-0.000775759 0.00130327 0.000275562 0.00180648 -0.0200969 -0.00180659 0.00626484 4.28392e-05 0.0378528 -0.0250024 0.0167772 0.033657 0.0670468 0.0909226
internal_weight=2051.34 1852.9 1813.99 1711.27 198.447 85.7041 1065.05 565.579 53.6729 102.712 53.3048 33.5377 25.536 20.4944
internal_count=43312 37717 37177 33417 5595 1437 19196 11579 579 3760 950 610 462 264
cat_boundaries=0 2 4
cat_threshold=1927939410 2 114704 41
is_linear=0
shrinkage=0.05


Tree=42
num_leaves=15
num_cat=3
split_feature=28 29 21 1 14 3 1 2 29 4 7 35 25 1
split_gain=31.6293 32.6155 28.1021 20.3198 19.3107 21.4248 19.199 20.0885 19.0633 18.3174 19.1374 18.0545 18.9305 24.7516
threshold=0 1 1.0000000180025095e-35 0.94683420700997034 5.8336666666666677 0.39509592839674351 0.42572892040977156 -4.4638575469782049 2 -16.959426710992787 13.500000000000002 1.0000000180025095e-35 0.072092923468646361 2.6688596491228074
decision_type=9 9 10 8 10 10 8 2 9 8 10 2 8 8
left_child=1 2 3 -1 9 -6 7 -2 -8 -5 -11 12 13 -10
right_child=6 -3 -4 4 5 -7 8 -9 11 10 -12 -13 -14 -15
leaf_value=-0.02421683088004067 0.0709302915806405 -0.022529634818891281 -0.046935006107894237 -0.029945257419693779 0.13026141796258264 0.026680947358344882 -0.0063101020111161372 -0.020407144535565417 0.04595236406253473 0.0075915596987958679 0.061646731474559159 0.033598500797003363 0.0042724901385356485 -0.028904889518904148
leaf_weight=40.256087876856327 5.3729626256972542 283.72209304012358 25.266771216876805 25.959434991702437 5.8364263903349665 21.471513098105788 307.89085432607681 118.3829579744488 54.969270393252373 118.13817597366869 18.087744776159525 62.467234451323748 957.28927127085626 13.027124524116514
leaf_count=1513 68 11800 1745 728 141 392 5550 3984 942 2264 398 1050 12604 266
internal_value=-0.000831074 -0.0111107 0.00199986 0.00764824 0.0145093 0.0526384 0.0028729 -0.0159049 0.00456875 0.00780606 0.0151658 0.0076388 0.0061004 0.0313997
internal_weight=2058.14 538.738 255.016 229.749 189.493 27.3079 1519.4 123.756 1395.64 162.185 136.226 1087.75 1025.29 67.9964
internal_count=43445 18981 7181 5436 3923 533 24464 4052 20412 3390 2662 14862 13812 1208
cat_boundaries=0 1 3 4
cat_threshold=8685593 2705391114 53 3793800210
is_linear=0
shrinkage=0.05


Tree=43
num_leaves=15
num_cat=3
split_feature=28 21 2 29 6 4 8 25 29 24 4 25 24 6
split_gain=32.9207 21.7261 21.6399 18.718 23.6714 17.9655 17.7476 16.7371 16.5238 23.0252 15.8284 13.6039 12.6341 15.4784
threshold=0 1.0000000180025095e-35 -4.4638575469782049 1 5.5000000000000009 -22.28689362004835 107.50000000000001 0.98372121969514159 2 0.088183103662527559 -52.822142004594802 0.1356765058027754 0.45452329600850888 -69.499999999999986
decision_type=9 10 2 9 10 8 10 10 9 8 8 8 10 8
left_child=5 2 7 4 10 -1 -5 11 -7 -10 -4 -2 13 -12
right_child=1 -3 3 6 -6 8 -8 -9 9 -11 12 -13 -14 -15
leaf_value=-0.028183022454395992 -0.0063298485261664194 -0.035835124073104761 0.1140906379441459 -0.018280392011103319 -0.036147075366235813 -0.0021587291672385696 0.10860425323420364 -0.043712123547805667 0.058648851572415228 0.0073816794781627407 -0.030600519668859058 0.074034291526141591 -0.014461328500546551 0.023491904371526623
leaf_weight=43.950991632416844 7.2355565931648025 75.764372952282429 2.6153695415705442 327.41743315756321 31.512967940419912 618.4085650742054 1.7979775965213765 4.9509605802595607 21.598915357142687 741.20781875588 14.276288677006958 16.989030793309219 43.987443378195167 102.98119922727346
leaf_count=974 112 5077 68 12461 1354 9690 48 131 224 9499 293 283 1182 2027
internal_value=-0.00130884 -0.0107242 -0.00742347 -0.00977536 0.00272277 0.00290953 -0.0167533 0.0337872 0.00393963 0.00879308 0.0105371 0.0507313 0.00816467 0.016703
internal_weight=2054.69 629.529 553.764 524.589 195.373 1425.17 329.215 29.1755 1381.22 762.807 163.86 24.2246 161.245 117.257
internal_count=43423 23036 17959 17433 4924 20387 12509 526 19413 9723 3570 395 3502 2320
cat_boundaries=0 1 3 5
cat_threshold=1734290 2688636954 37 4123836498 34
is_linear=0
shrinkage=0.05


Tree=44
num_leaves=15
num_cat=3
split_feature=21 21 15 2 29 11 29 28 3 23 6 25 15 10
split_gain=28.3379 34.7339 23.8864 30.5297 27.121 25.3343 26.7599 26.3418 25.1177 21.2295 20.9901 20.189 18.5963 17.647
threshold=0.97790083642899184 0.99578700303606482 5.8046191698027192 -4.4638575469782049 0 6.4252254986465447 1 2 0.58369732994095858 7.031458333333334 -6.4999999999999991 3.2392363294357094 -7.3456095294407477 25.500000000000004
decision_type=8 8 10 2 9 2 9 9 10 10 10 10 8 2
left_child=13 11 3 10 -4 7 -7 12 9 -6 -3 -2 -5 -1
right_child=1 2 4 5 8 6 -8 -9 -10 -11 -12 -13 -14 -15
leaf_value=-0.025522666141479713 0.021634346527822104 0.0072871372502509874 -0.015195480419148772 0.069563666319983258 -0.0047484415694607337 -0.0081447712721588791 0.01115192508270331 -0.020157101865211417 0.030144887594815924 0.10871071948321892 0.060674254104487152 0.098559941655433872 -0.0023932459978036288 0.013648199982730695
leaf_weight=157.9732874603942 26.149476807564497 47.420852405019104 67.869345421902835 8.2364844139665347 103.48840100318193 312.23074872884899 395.49693029094487 346.93921811971813 185.11028329282999 3.2922387728467575 29.433077803812921 12.262833153828977 320.99016437120736 34.432277344167233
leaf_count=5085 386 688 1346 107 2324 6533 6955 11792 2528 50 468 133 4543 584
internal_value=-0.000263203 0.00163107 0.000625368 -0.00221869 0.0121473 -0.00392991 0.00268168 -0.0108439 0.0184249 -0.000274119 0.0282497 0.0480699 -0.000376449 -0.0184785
internal_weight=2051.33 1858.92 1820.51 1460.75 359.76 1383.89 707.728 676.166 291.891 106.781 76.8539 38.4123 329.227 192.406
internal_count=43522 37853 37334 31086 6248 29930 13488 16442 4902 2374 1156 519 4650 5669
cat_boundaries=0 2 4 5
cat_threshold=3242020928 16 1656801050 34 5914690
is_linear=0
shrinkage=0.05


Tree=45
num_leaves=15
num_cat=1
split_feature=23 19 0 3 33 55 0 0 2 24 14 2 5 25
split_gain=25.0647 24.6609 20.7038 24.4118 27.0015 22.2754 18.6629 18.3808 19.3265 19.0916 17.8039 17.5059 18.6988 15.5535
threshold=7.9493750000000007 26.250000000000004 99.815000000000012 0.89325194090923243 0 1.0000000180025095e-35 93.205000000000013 90.00500000000001 -4.4638575469782049 0.30430169983204342 2.4987499999999998 1.318315050534691 0.42706862745098045 4.5987216940382387
decision_type=10 8 10 10 1 2 8 10 2 8 10 2 8 8
left_child=1 -1 3 7 5 10 11 8 9 -3 -5 12 -7 -11
right_child=-2 2 -4 4 -6 6 -8 -9 -10 13 -12 -13 -14 -15
leaf_value=-0.022880333360747976 -0.035335723654314526 -0.0065362560467560286 -0.035806550085438607 0.092387008346660013 -0.0020453310024939947 -0.010586992270246384 0.0342581666217242 -0.023987261789474249 -8.2281266596154068e-05 0.031933702043344801 -0.0018634474668076718 -0.017586482573220142 0.054719199343662844 0.1190981923229741
leaf_weight=102.02753561083227 47.75873507373035 31.746263087727129 34.111559071578085 18.918199488893155 146.56078351009637 19.193285966292024 101.33296105079353 74.046101436018944 1343.8504679109901 49.543271370232105 6.642585825175046 47.768721355125308 23.724163087084889 4.9767765775322905
leaf_count=3897 3142 453 930 326 1878 304 968 2173 27849 724 130 370 199 47
internal_value=8.51643e-05 0.000946317 0.0022355 0.00294886 0.0145459 0.0256799 0.0196207 0.000133549 0.00139832 0.0241997 0.0687458 0.00306949 0.0259373 0.0418922
internal_weight=2052.2 2004.44 1902.42 1868.3 364.141 217.58 192.019 1504.16 1430.12 86.2663 25.5608 90.6862 42.9174 54.52
internal_count=43390 40248 36351 35421 4175 2297 1841 31246 29073 1224 456 873 503 771
cat_boundaries=0 1
cat_threshold=4
is_linear=0
shrinkage=0.05


Tree=46
num_leaves=15
num_cat=3
split_feature=28 21 29 22 55 29 2 0 24 15 5 15 15 25
split_gain=25.2807 30.2538 31.7021 29.6153 19.7758 16.2061 15.8378 15.7032 15.3663 20.3662 14.7202 14.3059 14.3039 13.7505
threshold=0 1.0183441603702572 1 10.445000000000002 1.0000000180025095e-35 2 -16.669121977561936 99.445000000000007 0.44565863267431644 5.3334532385797866 0.76419285714285723 0.041747779278697113 4.2873684955919407 -0.25067822241747201
decision_type=9 8 9 8 2 9 2 10 10 10 10 10 8 10
left_child=1 -1 3 8 6 13 -4 10 -3 -10 -6 -8 -12 -2
right_child=5 2 4 -5 7 -7 11 -9 9 -11 12 -13 -14 -15
leaf_value=-0.041130281915522732 0.035355741366464188 -0.007416800080622241 0.05468007095630846 -0.03764358755652427 0.012054586261811131 0.0077281687851551281 -0.02364293382490211 -0.03882253153796042 -0.0099606781437986541 0.12963259468655619 0.14323147447318252 -0.0013332953256492651 0.020057673806470739 -0.0077374838741692351
leaf_weight=59.286630156449974 18.692241236567497 18.856492804363373 9.1527012642472965 112.95776965003461 226.88400782365352 931.15161433536559 106.88947313744575 13.553386599756776 4.4819838609546405 4.8497812394052744 3.30959236435592 215.54759573470801 6.0755068007856607 311.79179181624204
leaf_count=3954 297 369 119 4538 3989 14247 3717 361 77 46 66 5866 99 5796
internal_value=4.9916e-07 -0.0070078 -0.00425189 -0.0245378 0.00110876 0.00436662 -0.00686851 0.0117264 0.019064 0.0681121 0.0147775 -0.00877928 0.0731035 -0.00504852
internal_weight=2043.48 781.845 722.558 141.146 581.412 1261.64 331.59 249.822 28.1883 9.33177 236.269 322.437 9.3851 330.484
internal_count=43541 23201 19247 5030 14217 20340 9702 4515 492 123 4154 9583 165 6093
cat_boundaries=0 1 3 5
cat_threshold=8691737 1085997121 2 637587474 33
is_linear=0
shrinkage=0.05


Tree=47
num_leaves=15
num_cat=5
split_feature=2 28 29 3 29 29 14 29 16 13 25 25 7 11
split_gain=22.7626 24.6413 22.5623 22.2432 23.1889 22.3804 18.6264 33.4262 17.4578 17.6038 17.43 21.391 18.3671 16.3731
threshold=-7.6012735789899413 0 1 0.23589623697465231 2 3 4.8270833333333352 4 -10.994999999999999 13.502500000000003 0.072092923468646361 0.42849177664466304 -1.0000000180025095e-35 5.7396964398504151
decision_type=2 9 9 10 9 9 10 9 8 10 8 8 8 2
left_child=-1 2 -2 4 -3 -5 -4 8 -8 -10 13 -12 -13 -7
right_child=1 3 6 5 -6 10 7 -9 9 -11 11 12 -14 -15
leaf_value=0.02223181674864351 -0.027418877567234552 0.021886000323420557 -0.0077065208695410465 -0.0063473122853781767 -0.010476125603924732 -0.004556963282895613 -0.022790860915934033 -0.019353261908133496 0.082057950764428692 -0.023319356402024739 -0.027218521575945204 -0.021352243057680392 0.015901909487053383 0.071807208714229784
leaf_weight=105.32498498912901 123.3388802241534 54.35873079393059 538.34169946517795 202.67417077440768 384.05582617223263 9.9759640730917472 5.6801022123545408 30.180481765419245 28.824530454352498 4.1263959212228647 33.732760867103934 34.670428644865751 481.17871170211583 21.803487149998546
leaf_count=1481 5495 979 15389 3208 7965 185 147 834 630 115 697 372 5730 331
internal_value=-0.000298158 -0.00152399 -0.00871391 0.0028242 -0.00616323 0.00788719 -0.00449383 0.0197471 0.0438345 0.0685635 0.0127422 0.0108259 0.0133616 0.0484278
internal_weight=2058.27 1952.94 730.492 1222.45 438.415 784.036 607.153 68.8115 38.631 32.9509 581.361 549.582 515.849 31.7795
internal_count=43558 42077 22610 19467 8944 10523 17115 1726 892 745 7315 6799 6102 516
cat_boundaries=0 1 3 5 7 9
cat_threshold=8556929 1094451204 2 19464193 22 1628032275 16 2185350146 37
is_linear=0
shrinkage=0.05


Tree=48
num_leaves=15
num_cat=1
split_feature=4 23 1 7 29 23 18 24 6 0 25 26 10 1
split_gain=23.4922 21.8335 21.3088 17.6194 22.9764 34.0941 26.3492 19.5832 18.4029 16.1179 13.9615 25.6471 17.4323 14.0639
threshold=-26.425552022489484 7.9493750000000007 0.41699475065616803 20.500000000000004 0 7.031458333333334 -1.5074999999999992 0.47701119799830405 26.500000000000004 19.935000000000002 0.19080679155312119 188.50000000000003 61.500000000000007 0.45972972972972981
decision_type=8 10 8 10 9 10 10 10 8 8 10 2 2 10
left_child=-1 2 -2 4 7 -6 -7 10 9 -5 11 13 -13 -4
right_child=1 -3 3 8 5 6 -8 -9 -10 -11 -12 12 -14 -15
leaf_value=-0.024477122976945362 -0.017158428984650344 -0.032949924054090238 0.16055846617670194 -0.0072123628538998232 -0.0036776872896904394 -0.0074029781074472743 0.15417997767278302 -0.016997679940043857 -0.0031162894510864706 0.02822120436617714 0.010895105899758067 -0.010726531315175184 0.080036685102272923 0.054513920773657423
leaf_weight=90.083545719273388 130.09267821907997 43.951062950305641 3.1834408603608635 38.285824614576995 1016.1833743238822 4.1546276146546006 5.0964174438267928 53.541804546490312 105.08569398149848 186.61513491440564 321.92843629885465 26.844783077016473 5.5392163246870032 23.656959573738277
leaf_count=3436 4776 3056 60 711 19575 74 45 1228 1848 3027 4871 474 54 414
internal_value=0.00034718 0.00149759 0.00230279 0.00372588 0.0013638 -0.00273929 0.0879701 0.010841 0.0141419 0.022184 0.0150696 0.0372031 0.00673075 0.0724068
internal_weight=2054.24 1964.16 1920.21 1790.12 1460.13 1025.43 9.25105 434.695 329.987 224.901 381.153 59.2244 32.384 26.8404
internal_count=43649 40213 37157 32381 26795 19694 119 7101 5586 3738 5873 1002 528 474
cat_boundaries=0 2
cat_threshold=2164342348 29
is_linear=0
shrinkage=0.05


Tree=49
num_leaves=15
num_cat=3
split_feature=3 20 29 0 24 29 5 5 4 33 2 22 11 8
split_gain=18.8848 18.0951 21.2414 16.2668 15.8965 15.8866 15.5578 15.261 15.0965 18.0732 20.7706 14.9955 17.7887 27.6308
threshold=0.89325194090923243 -10.057499999999999 0 99.905000000000015 0.25580983652058836 1 0.52360555555555577 0.40772502250225023 61.52116823857488 2 56.388801792999494 0.90500000000000014 5.3703589096725812 52.500000000000007
decision_type=10 10 9 10 10 9 10 10 10 1 2 10 2 8
left_child=1 5 4 8 -3 11 -7 -6 9 10 -2 12 13 -1
right_child=3 2 -4 -5 7 6 -8 -9 -10 -11 -12 -13 -14 -15
leaf_value=0.021351062802196084 0.034706093708878866 -0.030631145547669852 -0.022911493842739758 -0.036612772946810666 -0.02138200720718627 -0.0028976212220408614 0.027008114093935689 0.035250811631388164 -0.019268899327958874 0.0022036479898858642 -0.0023909604143368831 -0.019348109490357063 0.014914581066563291 0.1573007886085572
leaf_weight=11.187842263840137 146.7744711143896 18.785331559367478 179.69060335680842 16.888956435956061 15.233157337643204 1180.2254309048876 44.155157988891006 45.459779319353402 33.782802056521177 149.46955497190356 50.50410158187151 25.542254874482751 120.63788102846593 4.9219753071665791
leaf_count=316 1834 550 6411 372 514 24760 964 1237 660 1902 396 945 2494 109
internal_value=0.000301683 -0.00206165 -0.0141616 0.0100696 0.00756646 0.000208408 -0.00178341 0.0209205 0.012232 0.0153476 0.0252449 0.0143828 0.021822 0.0696533
internal_weight=2043.26 1645.84 259.169 397.42 79.4783 1386.67 1224.38 60.6929 380.531 346.748 197.279 162.29 136.748 16.1098
internal_count=43464 38300 8712 5164 2301 29588 25724 1751 4792 4132 2230 3864 2919 425
cat_boundaries=0 2 4 5
cat_threshold=604314432 13 2166360591 6 4
is_linear=0
shrinkage=0.05


Tree=50
num_leaves=15
num_cat=4
split_feature=2 28 29 15 3 29 26 17 29 4 10 22 15 24
split_gain=24.4189 26.502 25.3683 27.9193 32.1982 20.2015 20.0369 17.2845 16.4268 16.043 15.7965 18.4703 15.7266 15.2079
threshold=-4.4638575469782049 0 1 3.8356629680771879 0.63096105893190579 2 1816.5000000000002 1.5000000000000002 3 0.32306386174230556 13.500000000000002 -0.41166666666666651 1.1096477595656127 0.23362589228718111
decision_type=2 9 9 10 8 9 2 2 9 10 2 8 8 8
left_child=13 5 -3 6 -5 10 9 -7 -8 -4 12 -12 -2 -1
right_child=1 2 3 4 -6 7 8 -9 -10 -11 11 -13 -14 -15
leaf_value=-0.0089131090837726371 -0.011448882453558497 -0.026417080619020455 -0.018934866267588918 -0.0082110064664851368 0.024696836085820871 0.0040713702497278577 -0.016133453453000563 -0.021322928629959367 0.02109082848258317 0.0086107425083296069 0.13781430956450733 0.035271568405178207 0.02750426200087297 0.031565201003066042
leaf_weight=30.157152866944671 40.135329309850931 130.55608840566128 369.96685444377363 142.31098022591323 153.74522162787616 725.12668241094798 37.398881103843451 72.825366870500147 72.439795221202075 61.046516254544258 4.4243599725887179 30.954402594827116 69.864930944517255 94.476545593701303
leaf_count=427 637 5562 10779 3608 2537 11175 1056 1414 1644 1535 76 579 1030 1326
internal_value=0.000424999 -0.000978425 -0.00675086 -0.00338006 0.00890401 0.00496152 -0.0101706 0.00170858 0.00883242 -0.0150225 0.02144 0.0515311 0.0133165 0.0217778
internal_weight=2035.43 1910.8 967.464 836.908 296.056 943.331 540.852 797.952 109.839 431.013 145.379 35.3788 110 124.634
internal_count=43385 41632 26721 21159 6145 14911 15014 12589 2700 12314 2322 655 1667 1753
cat_boundaries=0 1 3 5 6
cat_threshold=4867606 1094451712 2 24977929 20 545301784
is_linear=0
shrinkage=0.05


Tree=51
num_leaves=15
num_cat=4
split_feature=0 3 28 29 26 28 18 29 7 15 55 26 16 8
split_gain=24.7629 26.055 31.9658 26.346 18.8175 18.1926 17.0064 20.2755 20.1614 25.5876 14.4267 16.7144 16.2066 14.0596
threshold=99.445000000000007 0.79945732763942301 0 1 2925.5000000000005 2 -3.9787499999999993 3 21.500000000000004 2.0429399858595052 8.5000000000000018 106.50000000000001 -0.49999999999999639 128.50000000000003
decision_type=10 10 9 9 2 9 10 9 10 10 2 2 10 10
left_child=1 2 6 -4 -5 -3 8 10 -1 -10 -8 -12 -13 -9
right_child=-2 5 3 4 -6 -7 7 13 9 -11 11 12 -14 -15
leaf_value=0.0023288170944428315 -0.039194067906323349 0.027972938369192929 -0.024032381681034512 -0.0064714223022995345 0.031238812906320003 0.0050185039682650902 -0.0079247914907569026 -0.027756274543832973 0.011730727405437172 0.057991554783059521 -0.021106750813950925 0.0054788018467605698 0.08494790069166229 0.066980514881462103
leaf_weight=464.91396608017385 38.799651346169412 102.5060948934406 236.6359155504033 371.35530091822147 35.315231284126639 429.14355775620788 46.515489138662815 104.36280580051243 130.14826706238091 38.110196612775326 9.5828445926308614 10.717269297689201 15.545424386858938 3.1384234279394141
leaf_count=6602 1127 1031 9809 11991 811 5948 926 1843 2124 483 136 155 237 40
internal_value=-0.00014153 0.000636072 -0.00280266 -0.0110445 -0.00305318 0.0101079 0.00373371 -0.00931305 0.00771329 0.0224894 0.00931626 0.0338257 0.0539087 -0.0223397
internal_weight=2036.79 1997.99 1466.34 643.306 406.671 531.65 823.035 189.862 633.172 168.258 82.361 35.8455 26.2627 107.501
internal_count=43263 42136 35157 22611 12802 6979 12546 3337 9209 2607 1454 528 392 1883
cat_boundaries=0 1 2 3 5
cat_threshold=677378 1623000406 4202628 1621559362 48
is_linear=0
shrinkage=0.05


Tree=52
num_leaves=15
num_cat=0
split_feature=4 1 21 21 10 2 7 25 4 3 19 20 25 7
split_gain=25.5382 21.3489 19.4917 33.3311 20.0664 18.468 16.5439 20.0925 19.9127 16.345 17.9893 21.5695 17.4865 16.0612
threshold=-21.648653956066383 0.37557339449541288 0.97790083642899184 0.99578700303606482 25.500000000000004 -4.4638575469782049 1.5000000000000002 -0.069923550111622337 1.0000000180025095e-35 0.93700240155872583 84.225000000000009 49.885000000000005 -0.42766211864949233 16.500000000000004
decision_type=8 8 8 8 2 2 8 8 10 10 8 8 10 10
left_child=-1 5 4 -4 -3 -2 7 -5 -9 -8 11 -11 -12 -14
right_child=1 2 3 6 -6 -7 9 8 -10 10 12 -13 13 -15
leaf_value=-0.022511262134460738 0.063568021212416753 -0.022904189288971859 0.049707951868013064 0.064354399418522362 0.020270057712553389 -0.025110317777938481 0.0021273897413257247 -0.032709594905279596 0.01625482047752284 0.021534718985587679 0.089462894234665524 0.11371146762156524 0.0036842909984374644 0.048179409874711546
leaf_weight=119.4979156171903 5.280420307070016 128.73576509673148 38.169996513053775 6.4928841963410378 33.123541233129799 103.02460318338126 1256.7055840268731 81.498569872230291 27.057849170640111 19.741062101908028 5.9148209672421208 8.8207654766738433 186.8998782383278 21.781151756644249
leaf_count=4607 76 3981 447 109 526 4229 24543 1619 437 224 54 102 2369 169
internal_value=-0.000181474 0.00121693 0.00250808 0.0041318 -0.0139986 -0.0202448 0.00302447 -0.0151679 -0.0204682 0.00442912 0.0162676 0.0528853 0.0111713 0.00853611
internal_weight=2042.74 1923.25 1814.94 1653.08 161.859 108.305 1614.91 115.049 108.556 1499.86 243.158 28.5618 214.596 208.681
internal_count=43492 38885 34580 30073 4507 4305 29626 2165 2056 27461 2918 326 2592 2538
is_linear=0
shrinkage=0.05


Tree=53
num_leaves=15
num_cat=3
split_feature=4 2 1 21 1 0 29 28 25 1 7 7 15 28
split_gain=18.994 18.2628 21.9558 17.7834 17.0093 17.4282 16.2224 15.9108 17.414 15.6606 14.9343 14.7382 16.1943 14.2038
threshold=-24.694667002400053 -4.4638575469782049 0.43353413654618483 0.92652999777653033 1.192539388322521 97.995000000000019 0 1 0.55905184980657607 1.9290744466800807 12.500000000000002 29.500000000000004 1.2070026070643964 2
decision_type=8 2 8 8 8 8 9 9 10 10 10 8 10 9
left_child=-1 4 13 -4 11 9 -5 8 -8 -6 -9 12 -2 -3
right_child=1 2 3 6 5 -7 7 10 -10 -11 -12 -13 -14 -15
leaf_value=-0.021209923235540978 0.061187945452433702 0.013130727735170622 -0.030668843247276662 -0.0049876677586974706 0.00035037038036852077 -0.022954657393429053 0.081790907974674684 6.6183381358947596e-06 0.017726855417102359 0.070725883260170971 0.012254337508899475 0.091550411550089583 0.00088167328509607731 -0.026560732237746878
leaf_weight=96.752901150844991 18.466264763846993 24.572261691093445 40.560772061347961 503.49040092620999 19.891911842860281 32.221925277262926 13.826665244065223 717.58252114336938 40.236859128810465 12.12928945943713 380.06995945423841 10.430595710873602 26.071028469130397 102.04670768789947
leaf_count=3854 268 718 2223 10263 299 452 436 12414 1121 121 6449 148 292 4427
internal_value=0.000295867 0.0013779 0.000132698 0.00163692 0.0202539 0.00265626 0.00244661 0.00569202 0.0298737 0.0283424 0.00421639 0.0404061 0.0266807 -0.0198678
internal_weight=2038.35 1941.6 1822.39 1695.77 119.211 64.2431 1655.21 1151.72 54.0635 32.0212 1097.65 54.9679 44.5373 126.619
internal_count=43485 39631 38051 32906 1580 872 30683 20420 1557 420 18863 708 560 5145
cat_boundaries=0 1 2 3
cat_threshold=1082934289 131092 5783584
is_linear=0
shrinkage=0.05


Tree=54
num_leaves=15
num_cat=3
split_feature=28 21 29 1 2 19 23 23 26 29 24 7 30 6
split_gain=21.1381 35.2063 28.2745 18.8016 19.6595 17.1058 16.7144 25.297 24.8617 15.3987 13.3331 16.7527 27.4295 15.8492
threshold=0 1.0000000180025095e-35 1 0.42572892040977156 -30.632463362904321 49.250000000000007 2.1522222222222229 1.732777777777778 316.50000000000006 2 0.32218015418531593 15.500000000000002 2.5000000000000004 21.500000000000004
decision_type=9 10 9 8 2 10 10 10 2 9 8 10 2 8
left_child=1 2 -1 4 -2 10 7 8 -5 -10 -4 -12 -13 -14
right_child=3 -3 5 6 -6 -7 -8 -9 9 -11 11 12 13 -15
leaf_value=-0.029773772197390302 0.091021254835019758 -0.045635398975148879 -0.038490242269864805 0.0061631591148220135 -0.021128086919805875 0.012476091304561288 0.024336250024559081 -0.046978147686526965 0.014565607141902737 -0.028580088397528475 -0.011139492216486822 -0.015789673847844493 0.082329981335204555 -0.0036325284794516063
leaf_weight=77.428650903515518 3.0848469585180274 55.870968861505389 29.573053760454059 1170.5565184513107 103.07193008717149 189.53812376596034 99.444929809309542 23.686951259151101 22.926137674599886 75.442022710107267 154.74123347084969 24.077963623218238 17.634617728181183 7.4132082313299206
leaf_count=3977 30 4387 1243 15937 3818 4279 1476 380 310 1399 4430 1027 630 339
internal_value=2.27656e-05 -0.00820586 -0.00410779 0.0031154 -0.0170501 0.00132076 0.00468669 0.00315734 0.00412948 -0.0198893 -0.00769488 -0.00306162 0.0220975 0.0577256
internal_weight=2054.49 556.278 500.407 1498.21 106.157 422.978 1392.06 1292.61 1268.92 98.3682 233.44 203.867 49.1258 25.0478
internal_count=43662 20312 15925 23350 3848 11948 19502 18026 17646 1709 7669 6426 1996 969
cat_boundaries=0 1 3 5
cat_threshold=9996297 1085932293 18 5865482 2
is_linear=0
shrinkage=0.05


Tree=55
num_leaves=15
num_cat=2
split_feature=1 27 26 28 26 2 4 20 26 25 2 14 18 11
split_gain=18.7069 17.0725 19.157 20.7339 19.7411 17.2285 16.5419 23.206 15.6473 20.0262 14.4932 12.8647 11.74 21.8183
threshold=0.41699475065616803 0 3898.5000000000005 1 1758.0000000000002 -13.16528578157625 -0.17809978517968969 -45.484999999999992 307.50000000000006 0.88998503076381941 -4.4638575469782049 2.7262500000000007 2.7987499999999996 5.3400829146306767
decision_type=8 9 2 9 2 2 10 10 2 10 2 8 10 2
left_child=10 -2 3 4 5 -3 7 -4 -5 -10 -1 -6 -7 -14
right_child=1 2 6 8 11 12 -8 -9 9 -11 -12 -13 13 -15
leaf_value=0.043022884481874413 -0.031786339444250501 0.051423088056440629 0.15469459759566379 0.0058278938011987677 -0.033080629352235269 -0.02314476567330782 -0.0033308721680337609 0.031030861608576085 -0.046134283104606766 -0.001092325402354574 -0.02310876895193454 0.011448229373899985 0.086421449484846785 -0.012205212749626437
leaf_weight=8.0008678250014764 27.239099025726318 8.0080536166205984 4.7469287198036936 1309.8374308785424 17.536335916258395 224.40778489783406 12.755922719836233 13.283717662096025 31.721404336392879 100.59354863781482 117.02842068905011 129.96475694980472 6.1576482728123692 25.078420056961477
leaf_count=101 1602 95 85 18369 735 10508 241 336 686 1515 5040 2923 213 963
internal_value=8.94247e-05 0.00131904 0.00197242 0.00132205 -0.00845046 -0.0168278 0.040471 0.0700058 0.00414194 -0.0121558 -0.0185691 0.0059671 -0.0191578 0.00931508
internal_weight=2036.36 1911.33 1884.09 1853.31 411.153 263.652 30.7866 18.0306 1442.15 132.315 125.029 147.501 255.644 31.2361
internal_count=43412 38271 36669 36007 15437 11779 662 421 20570 2201 5141 3658 11684 1176
cat_boundaries=0 1 2
cat_threshold=32882 8423680
is_linear=0
shrinkage=0.05


Tree=56
num_leaves=15
num_cat=3
split_feature=4 23 1 7 23 29 15 18 22 25 29 10 14 29
split_gain=18.698 15.2613 14.6308 14.304 21.1448 14.8642 14.8563 15.9964 21.4388 17.171 13.1877 14.2749 12.9914 12.8663
threshold=-26.425552022489484 7.402916666666667 0.42572892040977156 20.500000000000004 7.031458333333334 0 -9.6816366417055715 -3.0612500000000007 0.35500000000000004 0.046689488786389746 1 19.500000000000004 3.8137499999999993 2
decision_type=8 10 8 10 10 9 10 10 8 10 9 2 10 9
left_child=13 2 10 4 -4 -5 -7 8 -8 -10 -2 -12 -6 -1
right_child=1 -3 3 5 12 6 7 -9 9 -11 11 -13 -14 -15
leaf_value=0.011603226785876213 -0.032355298371128688 -0.029385887941274946 9.5482487133076327e-05 -0.0070031783476739128 0.014943684647852139 -0.0049619221846010225 0.11186376547215796 0.001455223299250025 0.10887428735151097 0.024152776655759562 -0.0041000972165684589 0.10305936811726013 0.11276614078643572 -0.031559109860388533
leaf_weight=20.688122384250164 46.934822034090757 39.345329361502081 1447.8344213739038 77.390618096105754 7.7121821865439397 53.967427085153759 7.2718446236103773 55.022700719535351 5.3793295985087743 133.55054754391313 71.920704745687544 2.2461515851318827 5.6124298796057701 61.796611870639026
leaf_count=725 2162 3065 26471 1199 97 1058 86 972 86 2030 2575 108 39 2705
internal_value=5.85764e-05 0.00104802 0.00168837 0.00282692 0.000693624 0.0121691 0.0175754 0.0244835 0.0330814 0.0281878 -0.0150607 0.000417584 0.061143 -0.0231145
internal_weight=2036.67 1954.19 1914.84 1793.74 1461.16 332.582 255.192 201.224 146.202 138.93 121.102 74.1669 13.3246 82.4847
internal_count=43378 39948 36883 32038 26607 5431 4232 3174 2202 2116 4845 2683 136 3430
cat_boundaries=0 2 4 6
cat_threshold=2165049362 13 3229900894 43 2181382401 5
is_linear=0
shrinkage=0.05


Tree=57
num_leaves=15
num_cat=2
split_feature=23 3 29 56 11 26 10 19 4 29 23 11 26 26
split_gain=18.7458 17.2048 16.8726 14.7524 19.6486 12.9254 17.2594 12.9136 32.2468 14.7494 12.1358 20.2812 12.4203 14.8644
threshold=8.0464583333333355 0.93046817367253853 0 4.7500000000000009 6.4141718177424005 2522.5000000000005 61.500000000000007 84.225000000000009 -5.8175068127275855 1 7.031458333333334 5.7180797448037683 347.50000000000006 4289.5000000000009
decision_type=10 10 9 2 2 2 2 8 10 9 10 2 2 2
left_child=1 2 10 7 -5 -4 -7 8 -3 -9 12 -12 -1 -14
right_child=-2 3 5 4 -6 6 -8 9 -10 -11 11 -13 13 -15
leaf_value=-0.0047484818294954694 -0.036789531466896896 0.11394148210039319 0.0011811206925727796 -0.0034228850509942302 0.16991675501885597 0.015138199760620856 0.10010819014235413 0.022104498174771298 0.0086985908010316828 -0.0021362697875411786 0.13473783880668624 0.0010731764497850177 -0.024359450411752318 0.033067619517877005
leaf_weight=525.82925931923091 33.612402660306543 8.9791050534695369 932.98421717155725 3.1206093300133935 2.3467260226607323 47.453066094778478 5.9394467622041693 80.659923198632896 27.603242316283286 198.92965224850923 2.9330523414537302 10.250616945326327 156.9498058129102 11.278488968499003
leaf_count=11374 3052 90 17859 82 33 952 53 832 310 2400 58 178 6015 350
internal_value=-0.00030499 0.000321479 -0.00169351 0.0109039 0.0857479 0.00253799 0.0262571 0.00934343 0.0368748 0.00562255 -0.00752001 0.0382133 -0.00855064 -0.0203367
internal_weight=2048.87 2015.26 1693.62 321.639 5.46734 986.377 53.3925 316.172 36.5823 279.59 707.241 13.1837 694.058 168.228
internal_count=43638 40586 36839 3747 115 18864 1005 3632 400 3232 17975 236 17739 6365
cat_boundaries=0 2 4
cat_threshold=1939645715 2 578924870 4
is_linear=0
shrinkage=0.05


Tree=58
num_leaves=15
num_cat=4
split_feature=21 21 22 22 0 11 25 10 29 29 26 28 29 26
split_gain=20.2029 19.8356 17.8383 16.8354 15.6531 14.5638 21.1036 25.6726 20.1942 14.3363 14.2631 14.1985 14.841 19.7057
threshold=0.97790083642899184 0.99578700303606482 0.82500000000000007 0.8633333333333334 99.905000000000015 6.4483669930993566 0.076154851228588047 19.500000000000004 0 1 11.500000000000002 2 3 1758.0000000000002
decision_type=8 8 8 10 10 2 8 2 9 9 2 9 9 2
left_child=3 -2 -3 -1 5 8 7 9 -4 -7 -8 12 13 -10
right_child=1 2 4 -5 -6 6 10 -9 11 -11 -12 -13 -14 -15
leaf_value=0.0030543364420209419 0.034017471008889022 -0.041950124800547973 0.011825052919203383 -0.028570784226350423 -0.037292095289801847 0.043127756400335282 0.014250143984877731 0.10207308376116409 -0.011686114124035744 -0.0056171441304146818 -0.00020207502302574331 -0.0020728613259294389 -0.025688485564785809 0.057704767328573596
leaf_weight=68.358989045489579 44.273483376018703 23.402945745736361 176.72128407750279 107.74033711943775 25.178170083090663 17.161520516499877 241.35856205876917 10.457549108192323 37.569286622107029 33.61193931568414 577.46657077409327 511.8484077770263 145.99132172111422 12.942957973107694
leaf_count=1545 538 1187 3921 4049 787 256 3962 187 1549 769 10127 7681 6596 310
internal_value=-0.000210112 0.00132726 0.000510972 -0.0163465 0.00108913 0.00165742 0.0062087 0.0342829 -0.00286996 0.0186186 0.00407008 -0.00662098 -0.0177299 0.00575251
internal_weight=2034.08 1857.98 1813.71 176.099 1790.31 1765.13 880.056 61.231 885.073 50.7735 818.825 708.352 196.504 50.5122
internal_count=43464 37870 37332 5594 36145 35358 15301 1212 20057 1025 14089 16136 8455 1859
cat_boundaries=0 2 4 5 7
cat_threshold=2738913837 12 33823042 49 34054 8787218 2
is_linear=0
shrinkage=0.05


Tree=59
num_leaves=15
num_cat=5
split_feature=4 0 29 29 28 29 29 55 6 11 7 15 24 11
split_gain=20.8664 21.3538 23.581 22.1591 19.7057 17.078 16.6444 16.191 30.4425 12.5356 20.4051 16.6318 23.2079 17.3105
threshold=-8.7755181507978275 47.010000000000012 0 1 2 3 4 3.5000000000000004 -38.499999999999993 6.4767877134138354 15.500000000000002 2.9813412097550294 0.48957563587758718 5.5882780767260236
decision_type=8 10 9 9 9 9 9 2 8 2 10 10 8 2
left_child=5 3 7 -2 -5 -1 -6 8 -3 10 -8 12 -12 -14
right_child=1 2 -4 4 6 -7 9 -9 -10 -11 11 -13 13 -15
leaf_value=0.015065627267931429 -0.01213615051487156 0.078601715498206645 0.022674140813812846 0.0068990504588637928 -0.023379808780041665 -0.019399757015487767 -0.023398816091131074 -0.01716196379017108 -0.0069612685534517068 0.010614039298112075 -0.024461177009307628 0.055521499087969654 0.13615327061504154 -0.013948415895150111
leaf_weight=36.706438800785691 368.40786453383043 13.793501762673257 196.67969775246456 694.44802389666438 101.87189010903239 214.29428944550455 100.14298372529447 87.865733342710882 34.496534608304501 132.95404599606991 28.411519536282867 16.135262307710946 3.5116751305758944 3.0496854758821428
leaf_count=1093 9179 240 2861 9031 3691 7694 3283 1170 694 2473 1270 537 107 155
internal_value=-0.00102472 0.000879466 0.0122801 -0.00174605 0.00189908 -0.0144917 -0.00703649 -0.0041413 0.0185777 -0.000525414 -0.0103572 0.0151556 -0.0044936 0.0737688
internal_weight=2032.77 1781.77 332.835 1448.93 1080.53 251.001 386.077 136.156 48.29 284.205 151.251 51.1081 34.9729 6.56136
internal_count=43478 34691 4965 29726 20547 8787 11516 2104 934 7825 5352 2069 1532 262
cat_boundaries=0 2 4 5 7 9
cat_threshold=2201520721 37 1648690515 10 1724562 67115841 20 11034624 48
is_linear=0
shrinkage=0.05


Tree=60
num_leaves=15
num_cat=4
split_feature=0 19 29 55 24 29 29 15 5 24 28 15 20 7
split_gain=17.1973 18.4463 18.6024 27.9552 16.1437 24.5486 23.897 22.9329 19.3705 17.3084 22.9191 20.7102 15.2213 15.3294
threshold=99.445000000000007 64.565000000000012 0 1.5000000000000002 0.45075937045691178 1 2 7.7356767271683333 0.7437308139534885 0.44544088245656627 3 6.0196748657014068 -0.48999999999999838 18.500000000000004
decision_type=10 8 9 2 10 9 9 10 10 10 9 10 8 10
left_child=1 2 -1 -4 6 -6 7 -3 -7 10 -8 -11 -5 -14
right_child=-2 4 3 12 5 8 9 -9 -10 11 -12 -13 13 -15
leaf_value=-0.024442112989759086 -0.033322936483701472 0.013391946654444082 -0.011624894678517819 -0.0028937075191349964 -0.024058192751719554 0.0033553837506739258 -0.0094476414340758999 0.056312304262116419 0.08925650027164149 0.006916531497168827 0.005750131439181439 0.10431316297935543 0.02296903828018183 0.10058437481272527
leaf_weight=115.09192344266921 34.539844359271228 258.3086175234057 106.84215406281874 15.694923581555484 112.16868125181645 102.51063677528873 334.8526454535313 34.610062612220645 6.0190651742741457 14.199278319254519 868.91335151344538 8.0267124958336336 14.911686972714962 11.229951402172444
leaf_count=4046 1118 4523 3797 316 3996 3108 8867 419 157 197 12367 64 300 227
internal_value=0.00115492 0.00176568 -0.010531 0.00183903 0.00363516 -0.00897346 0.00547189 0.0180243 0.00814706 0.00229497 0.00148753 0.0450672 0.0361212 0.0587886
internal_weight=2037.92 2003.38 263.771 148.679 1739.61 220.698 1518.91 292.919 108.53 1225.99 1203.77 22.226 41.8366 26.1416
internal_count=43502 42384 8686 4640 33698 7261 26437 4942 3265 21495 21234 261 843 527
cat_boundaries=0 2 4 6 7
cat_threshold=1116823582 46 3262980172 57 2186291726 52 9479696
is_linear=0
shrinkage=0.05


Tree=61
num_leaves=15
num_cat=3
split_feature=23 19 23 27 20 11 29 26 29 48 22 11 10 15
split_gain=16.5498 17.9075 12.5824 14.3431 12.5479 14.5882 11.8795 14.7922 16.6212 19.3478 16.2292 25.0743 29.3446 21.1843
threshold=7.402916666666667 55.090000000000011 2.1522222222222229 0 -44.517499999999991 8.5104702351732104 1 26.500000000000004 2 1.0000000180025095e-35 -1.0000000180025095e-35 5.6856863880826713 16.500000000000004 1.3031339605342291
decision_type=10 8 10 9 10 2 9 2 9 2 8 2 2 10
left_child=1 -1 3 -3 -4 -6 7 8 -5 -10 11 12 -9 -12
right_child=-2 2 4 6 5 -7 -8 10 9 -11 13 -13 -14 -15
leaf_value=-0.013847833830431703 -0.032665178412385247 -0.028241028054522346 0.00095803083107616591 -0.014647377736929486 0.046691964238691125 -0.040935795075217579 0.0051058517059847106 -0.023461431317893477 0.015223999132124808 0.10468130671581244 -0.019734376503094959 0.00050448353759840515 0.13753998868979952 0.00072091358489749177
leaf_weight=205.82202002732083 38.346403774339706 30.797582559753209 46.491375462152064 45.040344894863665 42.215495157986879 4.5631403103470793 938.03756265807897 3.9657826172187907 114.46296226326376 5.4339319411665192 266.21390796452761 41.619033669121563 7.0586053803563118 240.35838198568672
leaf_count=7185 3207 1162 1012 937 510 47 15735 69 2327 62 6009 591 86 4461
internal_value=-0.000553267 8.09481e-05 0.00169275 0.00070236 0.0194715 0.0374662 0.00141657 -0.00336726 0.00970533 0.0185743 -0.00729348 0.018891 0.0824887 -0.0100465
internal_weight=2030.43 1992.08 1786.26 1692.99 93.27 46.7786 1662.19 724.153 164.937 119.897 559.216 52.6434 11.0244 506.572
internal_count=43400 40193 33008 31439 1569 557 30277 14542 3326 2389 11216 746 155 10470
cat_boundaries=0 1 3 5
cat_threshold=49202 1655446865 50 1610620224 2
is_linear=0
shrinkage=0.05


Tree=62
num_leaves=15
num_cat=3
split_feature=21 21 21 27 11 2 29 28 3 43 19 15 23 15
split_gain=17.227 14.3243 17.9227 19.3008 18.8746 15.9809 17.7394 16.0959 18.6692 14.7197 25.6651 12.5852 12.5616 16.3734
threshold=0.92652999777653033 0.94079699639442749 0.97790083642899184 0 8.1631156821738564 -4.4638575469782049 1 2 0.95073697967749704 1.0000000180025095e-35 90.355000000000004 4.3846395435640417 7.031458333333334 6.902377056807425
decision_type=8 8 8 9 2 2 9 9 10 2 8 10 10 10
left_child=11 -2 -3 4 -4 9 7 -7 12 -5 -11 -1 -9 -14
right_child=1 2 3 5 -6 6 -8 8 -10 10 -12 -13 13 -15
leaf_value=-0.043812070933707821 0.030707449683687577 -0.021534656952358039 0.080884059556992169 0.010743115753480286 -0.030917376272764547 0.0012033347676964662 0.0023153081297609349 -0.024689921095937095 0.01290122807402033 0.14588453190655154 0.013196898293441305 0.024932389068019305 -0.021374497522895015 0.082517447225239293
leaf_weight=35.170615871436894 36.949991513043642 93.621071950532496 16.465629009529952 103.24838759284467 4.2372362054884425 238.987469737418 1176.5167558770627 238.68182935006917 44.479495563544333 4.8617810625582907 10.236121965572238 7.4695796906016758 8.2708142567425948 5.551471739076077
leaf_count=2242 647 2249 198 1370 63 3970 22555 8290 925 44 118 422 315 56
internal_value=-0.000399816 0.000284208 -0.00030919 0.000775099 0.0394529 0.000100515 -0.00113117 -0.00857031 -0.0161974 0.0177917 0.0623327 -0.0314743 -0.0219928 0.0231038
internal_weight=2024.75 1982.11 1945.16 1851.54 20.7029 1830.83 1712.49 535.971 296.984 118.346 15.0979 42.6402 252.504 13.8223
internal_count=43464 40800 40153 37904 261 37643 36111 13556 9586 1532 162 2664 8661 371
cat_boundaries=0 1 3 4
cat_threshold=16768 1638794290 2 4214277
is_linear=0
shrinkage=0.05


Tree=63
num_leaves=15
num_cat=2
split_feature=0 3 7 15 29 54 26 20 35 25 11 11 29 26
split_gain=16.598 19.6112 17.9525 15.2978 14.8176 17.1867 13.7146 14.207 13.2726 11.9764 16.2829 14.1695 11.898 16.0566
threshold=99.445000000000007 0.79945732763942301 25.500000000000004 1.6811041015621548 0 4.5000000000000009 3898.5000000000005 -57.997499999999988 1.0000000180025095e-35 0.63054578246266157 5.8181225513266428 5.4530535855281768 1 11.500000000000002
decision_type=10 10 10 8 9 8 2 10 2 10 2 2 9 2
left_child=1 4 3 12 8 -6 -7 -8 9 -1 11 -11 13 -3
right_child=-2 2 -4 -5 5 6 7 -9 -10 10 -12 -13 -14 -15
leaf_value=-0.022578361989121599 -0.034403053404683491 0.077467356593974718 0.045769103361520493 0.011824701625687023 0.067045848198824406 -4.8990725002216306e-05 0.12219191844167843 0.015539442188420422 0.019383547386580491 -0.0085515186607010938 -0.011711239728581253 0.031345233796694592 -0.015583226773925011 0.0017701160299989161
leaf_weight=154.90701222838834 33.744904934428632 7.5049667414277783 29.5500413980335 366.28120173793286 8.9051474714651686 852.77121919114143 3.5134523566812268 11.334701895248143 37.926363526843488 41.244445741176605 296.82385273231193 46.48047084454447 104.69481777492911 40.015443759970367
leaf_count=6764 1117 89 222 4341 176 18246 50 339 939 1026 6770 1006 1818 601
internal_value=-0.000140681 0.000453733 0.00850529 0.00629754 -0.00258504 0.0015385 0.000807436 0.0468939 -0.00871279 -0.0108815 -0.00612336 0.0127025 -0.00699303 0.0124992
internal_weight=2035.7 2001.95 548.046 518.496 1453.91 876.525 867.619 14.8482 577.382 539.456 384.549 87.7249 152.215 47.5204
internal_count=43504 42387 7071 6849 35316 18811 18635 389 16505 15566 8802 2032 2508 690
cat_boundaries=0 2 4
cat_threshold=1955492150 10 563089420 33
is_linear=0
shrinkage=0.05


Tree=64
num_leaves=15
num_cat=3
split_feature=24 29 29 1 26 16 7 4 1 1 11 3 28 26
split_gain=16.1699 25.1624 21.8935 22.2488 16.3174 18.1858 16.4677 15.5927 15.2971 14.1995 17.5571 12.7912 26.4923 21.5214
threshold=0.45452329600850888 0 1 0.95260557053009898 738.00000000000011 3.8000000000000007 1.5000000000000002 -9.4644390252820667 1.4220486111111115 2.0685736677115991 5.6564810818451248 0.56447217397034166 2 3085.5000000000005
decision_type=10 9 9 8 2 10 10 10 10 10 2 10 9 2
left_child=2 -2 3 -1 7 6 -6 -5 -9 10 -8 12 13 -4
right_child=1 -3 11 4 5 -7 9 8 -10 -11 -12 -13 -14 -15
leaf_value=-0.011547902732521159 -0.023118959087590041 0.0083197765414253621 -0.019860052402383851 0.0038807891376585451 -0.00097232498394046035 -0.041016600050420807 0.20712233939110425 0.081228614356278928 0.01683543922128072 0.03323299333059903 0.0700508351191029 0.0057403864187308695 0.0028777240095548846 0.024440304042522374
leaf_weight=38.48448752053082 149.84724306920543 101.05361026991159 273.91343475645408 52.455207510851324 4.7190141240134897 2.8250850420445195 4.3440124727785605 16.118257351219654 21.473310403991491 5.9529708451591423 7.1370542692020535 705.64619107963517 606.01184812188148 29.602354201488197
leaf_count=992 5834 3125 11310 791 104 50 84 175 269 87 113 10204 9596 696
internal_value=0.000791653 -0.0110613 0.00247839 0.0198518 0.0320774 0.0671906 0.0821654 0.0217063 0.0458349 0.103501 0.134353 0.000688824 -0.00322481 -0.0149813
internal_weight=2019.58 250.901 1768.68 153.509 115.025 24.9781 22.1531 90.0468 37.5916 17.434 11.4811 1615.17 909.528 303.516
internal_count=43430 8959 34471 2665 1673 438 388 1235 444 284 197 31806 21602 12006
cat_boundaries=0 2 4 5
cat_threshold=1121812558 57 2151686284 20 5283861
is_linear=0
shrinkage=0.05


Tree=65
num_leaves=15
num_cat=3
split_feature=0 3 28 19 4 7 7 3 25 9 25 28 29 26
split_gain=15.5765 16.8661 18.8415 18.4962 36.1496 21.9993 14.5029 12.771 12.6297 13.8431 12.9984 12.2299 28.5975 17.969
threshold=99.445000000000007 0.90515228304381201 0 91.252500000000012 0.097638476621958195 2.5000000000000004 16.500000000000004 0.97156508670810116 0.52772709321508526 3.5000000000000004 2.080569865928426 1 2 3085.5000000000005
decision_type=10 10 9 8 10 10 10 10 10 2 10 9 9 2
left_child=1 11 3 4 5 -3 -5 -4 -9 10 -10 -1 -13 -14
right_child=-2 2 7 6 -6 -7 -8 8 9 -11 -12 12 13 -15
leaf_value=0.0030153521896324892 -0.032612641388430647 0.0012591521407103064 0.0096010306326933317 -0.012438161368113931 -0.0012995204236263989 0.089785905723222773 0.039743624622769244 0.086880129517500265 -0.019933805026452332 0.05645122573262084 0.053359634427923214 -0.02126118511757184 -0.0021355286059588918 0.031354655030000893
leaf_weight=916.58732422906905 33.225177203770727 10.1674657901749 47.791122546419501 144.11791988741606 67.139180180616677 21.862823989242315 13.686859941110013 12.875620033591984 17.09823709726334 26.089940510690212 8.0953591838479024 198.48567457683384 465.62281161453575 42.813829787541181
leaf_count=13429 1101 148 420 2232 795 235 136 108 147 154 44 8863 14765 922
internal_value=0.00083337 0.00140719 0.0110421 0.00282483 0.0197493 0.0625735 -0.00769052 0.0270661 0.0438823 0.0316317 0.0047553 -0.000787702 -0.00567838 0.000726328
internal_weight=2025.66 1992.43 368.925 256.974 99.1695 32.0303 157.805 111.95 64.1592 51.2835 25.1936 1623.51 706.922 508.437
internal_count=43499 42398 4419 3546 1178 383 2368 873 453 345 191 37979 24550 15687
cat_boundaries=0 1 2 3
cat_threshold=573456 4216626 1627153168
is_linear=0
shrinkage=0.05


Tree=66
num_leaves=15
num_cat=3
split_feature=21 22 21 23 2 29 11 6 6 43 25 28 29 3
split_gain=18.1009 16.988 15.4665 15.0411 16.88 13.8304 15.2548 22.6192 13.7338 13.4782 13.2252 14.8822 12.8651 15.8795
threshold=0.97790083642899184 0.8633333333333334 0.99578700303606482 -1.0000000180025095e-35 -4.4638575469782049 0 5.6747311725795777 -37.499999999999993 -65.499999999999986 1.0000000180025095e-35 0.030830416499361413 1 2 0.97899080064913535
decision_type=8 10 8 8 2 9 2 10 10 2 8 9 9 10
left_child=1 5 -2 -4 8 -1 7 -7 -5 -10 11 -6 13 -12
right_child=2 -3 3 4 10 6 -8 -9 9 -11 12 -13 -14 -15
leaf_value=-0.020894710222692639 0.029686910646177435 -0.029353533981095015 -0.039270053870952615 -0.017108514421651278 -0.013250480092878792 0.13565442969236338 0.0061827810160441704 -0.013304878388377293 0.020128821384516587 0.079223000409903488 -0.011351481727398603 0.030522865389865723 0.0015272787784657823 0.015459232301471599
leaf_weight=26.726038485765457 44.298268908634782 99.481508082244545 22.931146052200347 20.539477214217186 23.761867862194777 5.2831203751266003 32.247162682469934 4.0111500634811801 82.322882526554167 10.185827396810053 458.21046980423853 54.077280305791646 1069.9807372274809 61.897029609419405
leaf_count=727 514 4031 1294 234 424 68 635 96 956 110 11449 1330 20570 881
internal_value=-0.000600104 -0.0162759 0.000830713 0.000106041 0.000634785 0.00292988 0.0188655 0.0763202 0.019245 0.0274131 -0.000637348 0.0193525 -0.00162745 -0.00798403
internal_weight=2015.95 167.749 1848.2 1803.91 1780.98 68.2675 41.5414 9.29427 113.048 92.5087 1667.93 77.8391 1590.09 520.107
internal_count=43319 5557 37762 37248 35954 1526 799 164 1300 1066 34654 1754 32900 12330
cat_boundaries=0 2 3 5
cat_threshold=571002962 9 4329473 1645028354 51
is_linear=0
shrinkage=0.05


Tree=67
num_leaves=15
num_cat=2
split_feature=7 3 29 53 29 13 55 53 0 54 46 11 21 6
split_gain=13.7559 15.4437 20.14 16.2095 13.6078 14.6313 13.086 13.0645 12.6055 12.5955 11.9761 12.0957 11.8983 12.3756
threshold=-1.0000000180025095e-35 0.63096105893190579 0 13.500000000000002 1 6.3925000000000027 5.5000000000000009 19.500000000000004 88.00500000000001 1.0000000180025095e-35 1.0000000180025095e-35 7.6789369981763249 0.97790083642899184 -41.499999999999993
decision_type=8 10 9 10 9 8 2 8 8 10 2 2 8 8
left_child=9 4 7 12 -2 -6 8 -3 -5 -1 -8 -12 -4 -14
right_child=1 2 3 6 5 -7 10 -9 -10 -11 11 -13 13 -15
leaf_value=-0.021338090311601755 0.018019049984048168 0.046969297168478634 -0.024500217404308938 0.14335179650894264 -0.016433162322472324 -0.0017619081575423767 0.013382869624439254 -0.019252451569191163 0.0091551852305108098 0.053416723374379228 0.12062680398638775 0.018258368991717608 -0.0050146150429156277 0.012445680271714719
leaf_weight=106.87528199562803 60.606592413969338 7.0913599287159741 28.357163578737527 3.8204195350408545 209.48456366220489 883.78166685951874 54.08227190002799 100.77096199057996 2.9747600052505732 5.006202667951583 4.8775358069688064 6.5118782706558704 133.60018941806629 415.15922399796546
leaf_count=2647 1497 96 618 85 6170 21562 643 2179 72 92 62 55 1756 5926
internal_value=-0.000588931 0.000412644 0.00595661 0.0092308 -0.00322767 -0.00454404 0.0315382 -0.0132868 0.0933148 -0.0175496 0.0238192 0.0682956 0.0065474 0.00819343
internal_weight=2023 1911.12 757.246 649.383 1153.87 1093.27 72.2669 107.862 6.79518 111.881 65.4717 11.3894 577.117 548.759
internal_count=43460 40721 11492 9217 29229 27732 917 2275 157 2739 760 117 8300 7682
cat_boundaries=0 2 4
cat_threshold=3223945216 6 66177 22
is_linear=0
shrinkage=0.05


Tree=68
num_leaves=15
num_cat=3
split_feature=4 23 29 14 8 3 20 55 2 28 2 15 28 1
split_gain=14.7797 12.7132 12.1931 20.8357 16.6077 15.7471 14.3281 11.5516 11.3219 15.6629 13.9611 14.0078 11.3326 17.8322
threshold=-24.694667002400053 7.402916666666667 0 6.2287500000000007 217.50000000000003 0.39972131149391427 -33.86999999999999 2.5000000000000004 -4.4638575469782049 1 -1.5994027703266742 1.3342167503326865 2 0.77831196581196593
decision_type=8 10 9 10 8 10 8 2 2 9 2 10 9 8
left_child=2 8 3 4 -1 -5 7 -4 9 -2 -10 12 -12 -14
right_child=1 -3 6 5 -6 -7 -8 -9 10 -11 11 -13 13 -15
leaf_value=-0.04222254643344571 0.026567291424958339 -0.029026662049641647 -0.032556653018190558 0.14758103128710232 0.097313031076767781 -0.016886942844712559 -0.036227931472258099 0.11684214987871278 -0.043606627313421242 -0.0096014255411139282 0.0008531558754231235 0.0056685634527652018 -0.028891849944695132 -0.0033242665042362294
leaf_weight=9.6211607130244374 83.369110866449773 33.700530644040555 1.6835621776990595 3.5111128641292444 1.6853627935051925 1.8708628509193657 66.532006117980927 1.9635044466704128 16.772456401027739 40.867338787764311 604.43230569921434 825.98687847331166 96.084013133309782 230.2649829396978
leaf_count=420 1084 3072 70 125 51 53 3089 46 318 467 8975 14502 4686 6490
internal_value=5.37552e-05 0.00096563 -0.0200018 0.0155351 -0.0152059 0.0967216 -0.0269485 0.0557114 0.00151324 0.0160427 0.000486981 0.000932526 -0.00327187 -0.0105935
internal_weight=2018.35 1931.48 86.8676 16.6885 11.3065 5.38198 70.1791 3.64707 1897.78 124.236 1773.54 1756.77 930.781 326.349
internal_count=43448 39594 3854 649 471 178 3205 116 36522 1551 34971 34653 20151 11176
cat_boundaries=0 2 3 4
cat_threshold=94273 52 700550 4871872
is_linear=0
shrinkage=0.05


Tree=69
num_leaves=15
num_cat=4
split_feature=27 2 28 15 11 29 53 24 24 9 10 29 14 20
split_gain=11.5653 12.9113 11.7143 11.9914 11.0001 18.5733 15.9581 17.7974 15.497 25.3957 14.3544 14.533 15.3114 19.5813
threshold=0 -4.4638575469782049 1 0.012531503682727154 6.4879807340800166 2 25.500000000000004 0.22728579705077248 0.30913242427679039 1.0000000180025095e-35 58.500000000000007 3 -0.48999999999999994 -11.549999999999997
decision_type=9 2 9 10 2 9 8 8 10 2 2 9 10 10
left_child=-1 2 -2 -4 10 -6 8 -8 9 -7 11 -3 -13 -14
right_child=1 4 3 -5 5 6 7 -9 -10 -11 -12 12 13 -15
leaf_value=-0.028113624032234386 -0.0052427527439462586 -0.014312684667118001 0.054240434056760489 0.014044878732709763 -0.0043154984960539896 -0.026138920620107583 -0.010180725381361562 0.013035345913595854 -0.0036055689822013133 0.0946820805742071 0.044786902296490537 -0.0040895288570622973 0.037899494634480536 -0.0083993488389382445
leaf_weight=25.388300614897162 48.569055754691362 290.23070228099823 27.970962597057223 54.540697960183024 434.98035297170281 5.2497205631807473 108.03233215212822 340.62322551757097 11.912536508869378 16.977290257811546 13.559151598252354 557.06616390449926 51.653832645155489 39.790814740117639
leaf_count=1737 633 9017 305 572 8915 118 1715 5786 183 221 249 11832 1163 1097
internal_value=-0.000178429 0.000328619 0.0154387 0.0251462 -0.000736432 0.00316805 0.00979224 0.00743491 0.0424652 0.066249 -0.00449874 -0.00525752 -0.000954177 0.0178803
internal_weight=2026.55 2001.16 131.081 82.5117 1870.08 917.775 482.795 448.656 34.1395 22.227 952.301 938.742 648.511 91.4446
internal_count=43543 41806 1510 877 40296 16938 8023 7501 522 339 23358 23109 14092 2260
cat_boundaries=0 1 2 4 6
cat_threshold=32882 5390357 3871966993 34 20801618 25
is_linear=0
shrinkage=0.05


Tree=70
num_leaves=15
num_cat=5
split_feature=23 0 3 28 19 4 32 25 20 0 29 29 28 29
split_gain=16.106 12.9282 12.1923 22.545 18.1445 31.0225 14.4144 16.3971 11.6169 23.4573 22.9416 20.4798 15.1543 21.8203
threshold=7.9493750000000007 99.010000000000005 0.97899080064913535 0 91.252500000000012 11.246965100913878 0.90000000000000013 0.55703620147469068 -9.9950000000000028 38.925000000000004 1 2 3 4
decision_type=10 10 10 9 8 10 2 8 10 10 9 9 9 9
left_child=1 2 8 4 5 6 -4 -8 9 12 -11 -10 13 -1
right_child=-2 -3 3 -5 -6 -7 7 -9 11 10 -12 -13 -14 -15
leaf_value=-0.031229927222883327 -0.033864657939153643 -0.02752984088884779 0.0038783849813332476 0.037391330470758481 -0.010607505653117974 -0.0068659487423174863 0.13607948054955016 0.040633753972929731 -0.024737085928944521 -0.0060418736132231282 0.028180782207017183 0.0027769784448540965 0.002157000829601768 0.00060188947274853941
leaf_weight=80.490831373259425 32.079164281487465 37.114263431169093 7.7716409824788597 55.117100169882178 102.95996989123523 37.198862464167178 7.9919552914798233 11.582066990435127 106.92588252434507 73.02771704364568 139.90854013897479 159.87073294911534 1034.8398855980486 138.92896564863622
leaf_count=2014 3150 1227 64 370 1519 343 102 110 4146 1631 2481 4167 19857 2318
internal_value=0.000739017 0.00131249 0.00187337 0.0128614 0.00226252 0.0229863 0.0624045 0.0843237 0.000456062 0.00220264 0.0175054 -0.00912124 -0.000407194 -0.0120086
internal_weight=2025.81 1993.73 1956.61 222.622 167.504 64.5445 27.3457 19.574 1733.99 1467.2 212.936 266.797 1254.26 219.42
internal_count=43499 40349 39122 2508 2138 619 276 212 36614 28301 4112 8313 24189 4332
cat_boundaries=0 1 3 5 6 8
cat_threshold=704512 19862864 1 3279429658 34 9576977 1082926170 24
is_linear=0
shrinkage=0.05


Tree=71
num_leaves=15
num_cat=3
split_feature=23 27 0 53 29 29 4 2 55 11 3 45 11 7
split_gain=15.4092 11.8555 11.6189 10.8351 21.8385 11.9682 14.954 18.6454 15.745 16.7782 15.9697 12.0107 13.2665 16.405
threshold=7.402916666666667 0 99.445000000000007 49.500000000000007 1 2 12.867504538997062 -14.134472440152594 6.5000000000000009 6.5332290869840426 0.85525395352862754 1.0000000180025095e-35 5.3703589096725812 16.500000000000004
decision_type=10 9 10 10 9 9 10 2 2 2 8 2 2 8
left_child=1 -1 3 5 -5 6 7 -3 11 10 -10 12 13 -9
right_child=-2 2 -4 4 -6 -7 -8 8 9 -11 -12 -13 -14 -15
leaf_value=-0.027877950588579361 -0.033169992168774629 0.099390202500838937 -0.029756227343904335 0.039483245868066591 -0.012495709547647766 -0.00098678959536141172 0.03910823019569161 -0.00034488263067657425 0.084684805239641059 0.0061049841306835897 -0.0082098722178053484 0.042658014577245891 -0.01189579898394378 0.091595438586873343
leaf_weight=25.126249324064702 33.545063898898661 4.2123299017548552 29.168063528370112 39.343441139906645 30.592366479337215 1561.9928711513057 37.781094391830266 14.93390509393066 15.819142918102445 41.9000791516155 6.1536269038915625 12.173377964645622 156.12560030072927 6.1813195440918234
leaf_count=1766 3236 29 987 489 447 31154 450 392 259 475 89 248 3317 131
internal_value=-6.32817e-05 0.000513634 0.0010295 0.00151596 0.0206947 0.000783037 0.00981881 0.00576655 0.0038248 0.0250875 0.0594441 -0.00343936 -0.00682702 0.0294946
internal_weight=2015.05 1981.5 1956.38 1927.21 69.9358 1857.27 295.28 257.499 253.287 63.8728 21.9728 189.414 177.241 21.1152
internal_count=43469 40233 38467 37480 936 36544 5390 4940 4911 823 348 4088 3840 523
cat_boundaries=0 1 3 5
cat_threshold=32890 47219776 9 2168470444 22
is_linear=0
shrinkage=0.05


Tree=72
num_leaves=15
num_cat=5
split_feature=1 23 11 27 26 26 23 29 16 24 11 29 29 28
split_gain=11.4564 13.0048 12.3976 12.1828 12.4941 20.1065 21.4439 21.8673 18.1048 22.2359 17.7292 16.4521 15.342 16.5821
threshold=0.32373653686826848 7.402916666666667 5.0332770240461224 0 1758.0000000000002 294.50000000000006 7.031458333333334 1 3.0024999999999999 0.38565139027996537 7.5442473246837976 2 3 4
decision_type=8 10 2 9 2 2 10 9 8 10 2 9 9 9
left_child=2 3 -1 -2 5 12 7 8 9 -7 11 -6 -5 -14
right_child=1 -3 -4 4 10 6 -8 -9 -10 -11 -12 -13 13 -15
leaf_value=0.073164475753776728 -0.02858928954581369 -0.030608783568346499 -0.022904497746387371 0.011784175047779687 0.034980611637028133 0.073156538176928895 0.053048061085215863 -0.023860875793309956 -0.015634470710441599 -0.02472641527036808 -0.024638263633206935 0.0012535962714289445 -0.01584728670363927 0.0021987535388518381
leaf_weight=2.557901161722838 22.337160495575517 31.250849470961839 73.586941155139357 348.05494367983192 77.083152535371482 17.682872653938833 10.766658587381242 174.32760316738859 24.793102173134685 7.8189316475763908 23.941244635730982 74.081864620558918 134.85940108727664 989.27951473835856
leaf_count=62 1644 2968 3474 5386 1374 351 91 5067 797 240 483 2091 5031 14333
internal_value=0.000124998 0.000877385 -0.0187707 0.00140968 0.00192216 0.000624278 -0.0129127 -0.0162955 0.0121617 0.0433447 0.0146125 0.02095 0.00279601 -9.87611e-05
internal_weight=2012.42 1936.28 76.1448 1905.03 1882.69 1707.58 235.389 224.623 50.2949 25.5018 175.106 151.165 1472.19 1124.14
internal_count=43392 39856 3536 36888 35244 31296 6546 6455 1388 591 3948 3465 24750 19364
cat_boundaries=0 1 3 5 7 8
cat_threshold=33370 2153778182 6 33675330 24 18101196 15 33211
is_linear=0
shrinkage=0.05


Tree=73
num_leaves=15
num_cat=1
split_feature=4 29 4 6 1 25 24 10 7 15 1 8 15 18
split_gain=12.3043 15.9034 22.0444 13.9578 10.4132 17.2104 16.4544 12.186 13.4033 17.8985 9.94049 22.0734 21.5429 18.7601
threshold=-26.425552022489484 0 -55.396789156915652 -52.499999999999993 0.43353413654618483 1.8872987111690367 0.38221746103306881 10.500000000000002 31.500000000000004 0.46148479923799451 1.4586748633879785 43.500000000000007 6.902377056807425 2.7400000000000002
decision_type=8 9 8 10 8 8 8 2 10 10 10 10 10 8
left_child=1 2 -1 -4 5 -2 7 -7 -9 -10 11 -6 -12 -13
right_child=4 -3 3 -5 10 6 -8 8 9 -11 12 13 -14 -15
leaf_value=0.13852376032280322 -0.029881011419363404 -0.029626662496928025 0.088710311249110663 -0.024006671339515818 0.0022400833344711204 -0.017567102536622636 0.067368910107843613 -0.029063378764416233 -0.018475614619467381 0.15628393549649577 -0.0083457918891723815 -0.010208575877627359 0.020509195784011267 0.046846998512112346
leaf_weight=2.6746499701403081 68.884526069741696 57.739833184983581 2.521780016366395 11.477161037735639 1221.2342387866229 35.876959034241736 8.555838378146289 3.0843511475250116 2.05748918838799 2.8462358051910996 458.78703188477084 19.595252466388047 74.304842624347657 50.319454228505492
leaf_count=118 3760 2781 62 450 23429 1094 266 65 99 91 9225 299 1114 622
internal_value=-0.000268195 -0.0200843 0.0188595 0.000858934 0.00049966 -0.0136246 0.00789684 -0.00494618 0.0473862 0.0922495 0.00144582 0.00381676 -0.00429298 0.0309374
internal_weight=2019.96 74.4134 16.6736 13.9989 1945.55 121.305 52.4209 43.865 7.98808 4.90372 1824.24 1291.15 533.092 69.9147
internal_count=43475 3411 630 512 40064 5375 1615 1349 255 190 34689 24350 10339 921
cat_boundaries=0 2
cat_threshold=2147774465 21
is_linear=0
shrinkage=0.05


Tree=74
num_leaves=15
num_cat=3
split_feature=4 29 14 19 19 8 15 29 28 25 19 55 43 55
split_gain=15.3459 15.4125 14.7503 13.3075 13.8887 11.431 11.1656 16.2236 16.5884 18.5945 13.3592 11.684 11.5829 29.1213
threshold=-21.968377463541696 0 5.330000000000001 84.725000000000009 66.335000000000022 -10.499999999999998 1.2418753529741349 1 2 0.15320173094692982 96.65000000000002 12.500000000000002 1.5000000000000002 2.5000000000000004
decision_type=8 9 10 10 8 10 8 9 9 10 10 2 2 2
left_child=1 2 5 4 -4 -1 7 -2 11 10 -10 -9 -11 -14
right_child=6 -3 3 -5 -6 -7 -8 8 9 12 -12 -13 13 -15
leaf_value=0.065522782450820702 -0.014484268407051982 -0.028086702748201894 -0.015297435378386688 -0.034435362896227353 0.13665135069975606 -0.026752922969054901 0.0040814206721675166 -0.023255354551632433 0.081762041640107433 0.0021311995796008121 -0.02178312883568052 0.038220143380942317 0.14105388915138869 0.0055299951906657907
leaf_weight=3.2500304947607264 222.84788111178204 73.621018616016954 1.7778118718415479 1.9156123120337722 4.8080720696598291 15.116585944313556 1293.5497773732059 80.632770327851176 12.443865582346918 270.84974595997483 3.5840584561228743 7.6360392128117374 4.3791379453614381 15.401551922783254
leaf_count=100 5694 3465 67 61 138 679 26064 2586 241 3846 45 160 106 207
internal_value=0.000436049 -0.0185107 0.0131534 0.0684931 0.0990244 -0.00788429 0.00144134 -0.00408434 0.00211819 0.00764393 0.0586885 -0.0157988 0.0048994 0.0408768
internal_weight=2011.81 100.489 26.8681 8.5015 6.58588 18.3666 1911.32 617.775 394.927 306.658 16.0279 88.2688 290.63 19.7807
internal_count=43459 4510 1045 266 205 779 38949 12885 7191 4445 286 2746 4159 313
cat_boundaries=0 2 4 5
cat_threshold=33904705 20 1649269332 8 1091345
is_linear=0
shrinkage=0.05


Tree=75
num_leaves=15
num_cat=3
split_feature=29 1 2 28 23 24 20 5 25 13 29 3 2 2
split_gain=10.4384 18.359 15.0062 11.7957 12.6966 15.248 14.1424 12.4887 18.8807 11.9629 16.7832 14.2621 14.0523 22.3344
threshold=0 0.74891304347826104 -8.6391084281350654 1 2.1522222222222229 0.15827288510007709 -18.497499999999995 0.43719916387959873 1.8466419525333821 6.2475000000000014 2 0.7768392145565638 0.084340701873308901 58.692601765410828
decision_type=9 8 2 9 10 10 10 10 8 10 9 10 2 2
left_child=1 2 -1 4 6 -6 7 -2 -9 10 11 -5 -12 -14
right_child=3 -3 -4 9 5 -7 -8 8 -10 -11 12 -13 13 -15
leaf_value=0.054037964174910504 0.00065574963702427628 0.0082361087883706958 -0.0222589303495563 -0.033260643422612236 -0.013211609647456386 0.06134440641308473 -0.017650196116523378 0.090963490442922387 0.0024243015007662408 0.014373789156890294 -0.0094904528853684989 -0.0044097803650974057 0.031441537896730064 -0.032941355774779517
leaf_weight=6.0473103774711481 704.40445497911423 527.83535781828687 81.129234526306391 126.90208546025679 10.580805443227293 17.024036413989961 104.87141620647162 8.7492381352931243 15.895009027794005 48.949067160487175 229.18668771674857 64.918707649223506 54.024107539094985 16.941336917690933
leaf_count=87 9344 9840 3208 6878 159 204 1981 191 217 1340 6995 1777 1047 230
internal_value=-0.000738062 0.00464569 -0.0164135 -0.00311155 0.000543679 0.0333046 -0.000572868 0.00190446 0.036179 -0.00882802 -0.0113401 -0.0224079 -0.00336024 0.0158275
internal_weight=2017.46 615.012 87.1765 1402.45 861.525 27.6048 833.92 729.049 24.6442 540.922 491.973 191.821 300.152 70.9654
internal_count=43498 13135 3295 30363 12096 363 11733 9752 408 18267 16927 8655 8272 1277
cat_boundaries=0 2 3 5
cat_threshold=2169780204 44 13784674 1118355458 2
is_linear=0
shrinkage=0.05


Tree=76
num_leaves=15
num_cat=5
split_feature=21 0 3 28 29 1 19 18 28 29 10 0 19 29
split_gain=11.0638 11.0082 11.5901 14.3771 12.0022 14.4848 12.279 11.4975 10.0141 20.6603 17.5658 14.4952 13.003 11.917
threshold=1.2507861874787474 99.445000000000007 0.89938815442499032 0 1 1.8672955974842769 85.250000000000014 -0.49999999999999906 2 3 52.500000000000007 95.00500000000001 31.500000000000004 4
decision_type=10 10 10 9 9 10 8 8 9 9 2 8 8 9
left_child=1 2 8 -4 5 -5 7 -6 13 11 12 -10 -11 -1
right_child=-2 -3 3 4 6 -7 -8 -9 9 10 -12 -13 -14 -15
leaf_value=0.034591463009932759 -0.047518781065396594 -0.02904280583768706 0.041296426261178909 0.0079404782787915133 -0.033982974033222695 0.04742955281354988 -0.0061790520692908447 0.034127575014109873 -0.0080247566603947034 -0.02974681271549709 0.054603853392886773 -0.032287931368393537 0.0022590314488225415 0.0012240077938506125
leaf_weight=16.663009723648429 11.200497405137865 30.588743754662573 20.332588691264391 77.703804622869939 6.6036445638164878 32.449950141832232 203.96822676900774 36.014984660316259 169.40585730085149 33.809462214820087 13.976283543743191 96.559112985152751 358.21395678725094 904.81336945388466
leaf_count=208 643 1150 253 794 79 415 2558 318 6653 1920 191 3835 11425 13087
internal_value=-4.93108e-05 0.000239985 0.000709049 0.00857959 0.00530208 0.0182534 -0.00101586 0.0230369 -0.00115766 -0.00574507 0.0014239 -0.0163105 -0.000569928 0.00222833
internal_weight=2012.3 2001.1 1970.51 377.073 356.741 110.154 246.587 42.6186 1593.44 671.965 406 265.965 392.023 921.476
internal_count=43529 42886 41736 4417 4164 1209 2955 397 37319 24024 13536 10488 13345 13295
cat_boundaries=0 1 3 4 6 7
cat_threshold=5243013 563720198 20 546610 1660626753 33 1057664
is_linear=0
shrinkage=0.05


Tree=77
num_leaves=15
num_cat=3
split_feature=23 21 49 29 9 29 1 15 8 2 29 24 10 11
split_gain=11.9627 12.3729 12.6244 11.7078 11.3282 20.645 16.5967 15.1461 15.1377 30.9296 14.7324 21.6015 20.5744 17.2628
threshold=-0.50208333333333321 0.93066145736437889 1.0000000180025095e-35 0 2.5000000000000004 1 1.4682767874257239 8.2400053103704796 34.500000000000007 23.835410956372353 2 0.28423806559794212 61.500000000000007 5.6747311725795777
decision_type=8 8 2 9 2 9 8 10 10 2 9 10 2 2
left_child=3 -2 4 -1 10 -6 8 -8 -7 -10 11 13 -12 -3
right_child=1 2 -4 -5 5 6 7 -9 9 -11 12 -13 -14 -15
leaf_value=0.016499016946754687 -0.032339761671570807 0.05515542311298427 -0.047201842124669741 -0.028878327612623236 -0.0071193924793831942 0.017909360377049086 0.0017564178377257097 0.045783609809774757 0.11722225580270824 0.020765377112942553 -0.0047915351901752111 -0.0028316691261507168 0.042692448259369506 0.013407404762961024
leaf_weight=13.637262761592863 27.366257066838443 31.98749850736931 12.530624945648013 51.637811018619686 157.19789763726294 90.831539507955313 191.28705798601732 20.768130243755877 12.348625027574597 23.510838631540537 1073.9227950386703 178.01453185966238 22.313770816661417 103.60132696386427
leaf_count=439 2527 571 256 1698 2352 1316 3168 232 181 244 23509 4973 301 1831
internal_value=-0.00027008 0.000441261 0.000925514 -0.0211601 0.00126654 0.00775796 0.0144469 0.00626298 0.0291201 0.0562605 -0.00102084 0.00836394 -0.00375277 0.0235881
internal_weight=2010.96 1945.68 1918.31 65.2751 1905.78 495.944 338.746 212.055 126.691 35.8595 1409.84 313.603 1096.24 135.589
internal_count=43598 41461 38934 2137 38678 7493 5141 3400 1741 425 31185 7375 23810 2402
cat_boundaries=0 1 3 5
cat_threshold=1090545864 3221792771 37 2148042272 53
is_linear=0
shrinkage=0.05


Tree=78
num_leaves=15
num_cat=2
split_feature=4 3 29 29 26 0 7 2 26 10 31 7 6 7
split_gain=13.8167 13.0371 24.2204 18.2323 13.6726 14.9129 15.5587 17.2594 18.6888 15.5381 13.6528 14.9619 13.1137 12.3561
threshold=-26.425552022489484 0.21810598260196698 0 1 3898.5000000000005 27.005000000000006 22.500000000000004 1.0148819293611668 33.500000000000007 16.500000000000004 3.5000000000000004 42.500000000000007 -62.499999999999993 -16.499999999999996
decision_type=8 10 9 9 2 8 8 2 2 2 8 10 8 8
left_child=-1 2 4 -3 5 -2 -7 8 -8 -9 11 -10 -5 -14
right_child=1 3 -4 12 -6 6 7 9 10 -11 -12 -13 13 -15
leaf_value=-0.021662172636516895 -0.0060378514937886292 -0.007708145680523611 -0.011054856162380793 -0.008773402058770351 0.0979580840402446 -0.0068644246508153097 0.0058893838106514555 -0.019709154585249314 0.14794050460909203 0.064991349823137423 0.012046771449879697 -0.001794948522804819 -0.039830561714095873 0.0091264394119780559
leaf_weight=70.181928816251457 70.847416982520372 281.03858394175768 445.89058401202783 124.04268388031051 3.5836474969983092 22.84689571429044 7.4573894906789091 14.413734794128688 10.159925294108684 7.3821344617754212 3.5957623296417305 1.9335769200697548 12.098298403434454 937.66581808589399
leaf_count=3385 2148 6289 12176 1683 113 754 189 198 268 107 102 40 216 15749
internal_value=-2.61072e-05 0.000766155 -0.00544459 0.00346414 0.012031 0.00998581 0.0265766 0.0433561 0.0725116 0.010571 0.101928 0.125691 0.00640475 0.00846158
internal_weight=2013.14 1942.96 588.111 1354.85 142.22 138.637 67.7894 44.9425 23.1467 21.7959 15.6893 12.0935 1073.81 949.764
internal_count=43417 40032 16095 23937 3919 3806 1658 904 599 305 410 308 17648 15965
cat_boundaries=0 2 4
cat_threshold=17336331 23 1344881681 16
is_linear=0
shrinkage=0.05


Tree=79
num_leaves=15
num_cat=0
split_feature=22 2 18 1 24 15 6 15 1 10 1 25 5 7
split_gain=9.75255 10.6588 11.0225 11.9071 11.391 10.8391 14.4005 9.99791 10.0678 10.3617 19.7169 13.0173 9.7575 9.55812
threshold=-7.8366666666666651 -4.4638575469782049 1.0025000000000011 1.192539388322521 0.4095116434913722 1.1757891825686999 12.500000000000002 1.6449428819507086 2.6014705882352946 58.500000000000007 2.2316636851520575 1.6510385503941289 0.59896327284946238 25.500000000000004
decision_type=8 2 10 8 8 10 10 10 10 2 10 10 10 10
left_child=-1 2 3 4 5 6 -2 8 9 -3 11 -11 -4 -10
right_child=1 7 12 -5 -6 -7 -8 -9 13 10 -12 -13 -14 -15
leaf_value=-0.046036012441874309 0.075465597658988096 -0.0031651574398553917 0.077765574686044669 -0.0068621278245578291 0.065378879403341764 -0.012857596481840129 -0.005345929442985251 0.0035196434169380802 -0.025026937717428133 -0.015916094703822801 0.13228300819957756 0.06846309062998153 0.0019582859920558716 0.033085234819020544
leaf_weight=10.337652161251752 10.463195689953865 911.21494517335668 10.660891491919758 61.004075959324837 12.364919122308491 21.317141972482204 10.381990211084483 842.15213721478358 79.531987640075386 14.484515422023838 2.9534444883465758 5.5093920258805147 6.7573988474905482 6.8993107876740387
leaf_count=1182 106 22242 121 770 133 209 116 15667 2280 276 28 87 62 90
internal_value=0.000206275 0.000468745 0.0140918 0.00828608 0.025052 0.0119846 0.036815 -0.000510614 -0.00383641 -0.00231525 0.0301567 0.00948847 0.0500593 -0.0200628
internal_weight=2006.03 1995.7 132.95 115.531 54.5272 42.1623 20.8452 1862.75 1020.59 934.162 22.9474 19.9939 17.4183 86.4313
internal_count=43369 42187 1517 1334 564 431 222 40670 25003 22633 391 363 183 2370
is_linear=0
shrinkage=0.05


Tree=80
num_leaves=15
num_cat=2
split_feature=21 21 23 11 27 0 24 8 23 29 11 15 10 4
split_gain=13.2658 18.3801 20.9683 16.4421 15.3388 15.8168 14.0952 11.5137 11.3019 10.9801 9.27756 9.3178 9.06205 11.5591
threshold=0.97790083642899184 0.94406610337412766 1.732777777777778 5.6747311725795777 0 20.010000000000002 0.24374240783826154 50.500000000000007 -1.4413194444444442 1 7.6789369981763249 6.0196748657014068 16.500000000000004 -10.26627653271707
decision_type=8 10 10 2 9 10 8 10 8 9 2 8 2 10
left_child=1 2 3 6 5 -2 -1 -4 -6 -5 11 -7 -11 -14
right_child=4 -3 7 9 8 10 -8 -9 -10 12 -12 -13 13 -15
leaf_value=0.095986438280973557 -0.028119042344772135 -0.032796411212598089 -0.045583273394979092 -0.019233409609856797 -0.034369810424581752 0.12942603948871351 -0.0017390129105597542 0.046697375791403345 0.0018696738920706915 0.0013041496668725703 0.017169597589097533 0.032882973147678185 0.086618463620248776 -0.0089792542542410387
leaf_weight=9.2146705761551821 4.5330262491479543 66.460100614465773 25.123996332753453 22.645022985525429 20.776475346181542 6.9778280481696111 5.7213263288140306 3.0598242012783876 1797.1541286674328 17.419898612424735 6.1532583665102711 4.9257738050073421 8.5200709290802461 4.47416067123413
leaf_count=106 71 1979 2410 369 1268 58 96 198 36250 272 61 79 122 59
internal_value=0.000856025 -0.0127875 0.00123402 0.0162498 0.00206793 0.0355652 0.060792 -0.0343078 0.00142898 0.00281865 0.0708519 0.0951204 0.0193046 0.0554128
internal_weight=2003.16 162.639 96.179 67.9952 1840.52 22.5899 14.936 28.1838 1817.93 53.0592 18.0569 11.9036 30.4141 12.9942
internal_count=43398 5611 3632 1024 37787 269 202 2608 37518 822 198 137 453 181
cat_boundaries=0 1 3
cat_threshold=16768 1107331154 45
is_linear=0
shrinkage=0.05


Tree=81
num_leaves=15
num_cat=4
split_feature=2 28 29 25 11 21 55 25 28 53 21 29 24 24
split_gain=11.7148 12.948 20.6327 25.5687 21.206 25.6131 19.8418 21.5936 20.9274 22.0759 15.6824 14.989 13.9797 14.1531
threshold=-4.4638575469782049 0 1 1.0535159197428039 6.5177081991705554 1.0317665567338807 2.5000000000000004 7.172125932482305 2 10.500000000000002 0.97790083642899184 3 0.30580411189539264 0.15827288510007709
decision_type=2 9 9 8 2 8 2 10 9 10 8 9 10 10
left_child=-1 2 6 4 5 -4 7 8 10 -10 -2 -3 13 -12
right_child=1 11 3 -5 -6 -7 -8 -9 9 -11 12 -13 -14 -15
leaf_value=0.014199437689664463 -0.036765259837044449 -0.018280143991825645 0.095470698093456083 0.005007435862376979 0.064026901015048307 -0.0031049336624408442 -0.015133934549591992 -0.033303555851297635 -0.041290835669389771 0.034131343757794738 0.0031179371444382585 -0.0020478550170412524 -0.0057037868545050333 0.054226107289917613
leaf_weight=135.36532920924947 7.7976189497858286 165.54765012068674 6.855873903259635 449.3867171574384 35.163338580634445 40.531531344633549 227.13158677704632 26.610527023673058 28.808075197972357 13.49301004083827 17.591574972495437 778.03259323863313 18.060833562165499 59.810263589955866
leaf_count=1737 171 5971 119 5544 876 1338 2962 374 1463 576 256 20946 359 730
internal_value=4.97449e-05 -0.000978912 0.0031912 0.00956236 0.0351461 0.012835 -0.00532505 0.00732014 0.0149232 -0.0138109 0.0255846 -0.00507358 0.0336581 0.0427984
internal_weight=2010.19 1874.82 931.241 531.937 82.5507 47.3874 399.303 172.172 145.561 42.3011 103.26 943.58 95.4627 77.4018
internal_count=43422 41685 14768 7877 2333 1457 6891 3929 3555 2039 1516 26917 1345 986
cat_boundaries=0 1 3 4 6
cat_threshold=5915428 2726615056 42 5259776 1081606208 3
is_linear=0
shrinkage=0.05


Tree=82
num_leaves=15
num_cat=3
split_feature=24 29 25 0 15 29 7 28 19 26 24 20 15 11
split_gain=12.0075 19.5979 17.1342 18.1584 19.4679 13.8367 16.9418 16.9049 16.4465 14.6761 12.7428 13.2789 12.7081 16.6476
threshold=0.45075937045691178 0 0.55905184980657607 58.745000000000012 5.6718689865600096 1 -3.4999999999999996 2 94.580000000000013 12.500000000000002 0.06131738484209729 16.717500000000005 1.4022871194822601 7.3095436361122657
decision_type=8 9 8 10 10 9 8 9 8 2 10 10 8 2
left_child=5 -2 3 -3 -5 6 -1 9 -9 -8 -7 -12 -10 -14
right_child=1 2 -4 4 -6 10 7 8 12 -11 11 -13 13 -15
leaf_value=-0.032122792011221639 -0.022486334106022798 0.0090632880770368136 -0.0091747545224377704 0.023478732601647616 0.14839717899735524 -0.030894326776008986 0.025627368460403383 0.0074736012328173512 0.013616029258504893 -0.0096164894343703112 0.00014012223553332522 -0.042907712593582718 0.031362412714084742 0.090439106928689006
leaf_weight=23.833586686290801 132.91539831738919 42.287684685084969 96.494828587397933 8.2176398108713311 4.5373001145198932 34.67075823713094 36.002241807524115 194.62986516719684 66.9707160172984 145.55541420774534 1124.1164682311937 17.204360724426806 61.680584526155144 14.558318865485488
leaf_count=706 5344 1429 2458 410 111 1040 651 4482 970 3039 20936 590 1077 174
internal_value=3.79171e-05 -0.00945919 0.00329755 0.0255246 0.0754738 0.00161384 0.00812233 0.0101833 0.0165132 -0.0023945 -0.00145366 -0.000545778 0.0298065 0.0436683
internal_weight=2003.68 284.453 151.537 55.0426 12.7549 1719.22 543.231 519.397 337.839 181.558 1175.99 1141.32 143.21 76.2389
internal_count=43417 9752 4408 1950 521 33665 11099 10393 6703 3690 22566 21526 2221 1251
cat_boundaries=0 2 4 5
cat_threshold=1113139278 61 2203920012 21 10104964
is_linear=0
shrinkage=0.05


Tree=83
num_leaves=15
num_cat=3
split_feature=0 3 4 29 26 5 5 15 29 28 6 10 4 26
split_gain=10.3237 16.0533 15.3839 25.6082 22.1766 17.1903 12.1138 14.8518 11.2579 12.3595 19.707 12.1214 10.78 19.138
threshold=5.0050000000000008 0.0003213544364343163 -5.2149847498996786 0 3898.5000000000005 0.94932491883116898 0.9931399594320488 -0.74858138529000751 1 2 19.500000000000004 67.500000000000014 31.660771149292092 13.500000000000002
decision_type=8 8 8 9 2 8 8 10 9 9 8 2 8 2
left_child=8 -2 3 4 6 -6 7 -3 -1 10 -10 -11 13 -4
right_child=1 2 12 -5 5 -7 -8 -9 9 11 -12 -13 -14 -15
leaf_value=0.0080986379137893555 0.039838608215077731 0.053148461834434335 0.034611296933095163 -0.020143645355148329 0.033440761718040994 0.21485278771316776 -0.036034289568459235 0.0011668521000824386 0.055428429075498935 -0.028870483207430332 -0.03637116283296192 0.031732510611766088 0.00026199472936811835 0.0048717852884677237
leaf_weight=57.617478455416858 25.615582366473973 16.92251429380849 64.485461500938982 185.83292579976842 4.2828860916197291 1.2422021776437757 13.872881241608409 59.098197676707059 13.826398928649722 120.00193108478561 8.7741145407781023 8.047115355730055 1116.2532610283233 313.83197426842526
leaf_count=1329 1018 562 936 6798 234 26 475 1773 234 3263 361 101 20936 5439
internal_value=7.4259e-05 0.00129469 0.000716597 -0.0099903 0.0107608 0.100904 0.00535512 0.013278 -0.0104378 -0.0169502 0.013878 -0.0230587 0.00273678 0.0100189
internal_weight=2009.7 1801.44 1775.82 281.252 95.4187 5.52509 89.8936 76.0207 208.267 150.65 22.6005 128.049 1494.57 378.317
internal_count=43485 38197 37179 9868 3070 260 2810 2335 5288 3959 595 3364 27311 6375
cat_boundaries=0 2 4 5
cat_threshold=2720406468 28 1124142080 52 12434
is_linear=0
shrinkage=0.05


Tree=84
num_leaves=15
num_cat=3
split_feature=15 29 1 21 26 1 24 26 2 12 28 6 29 14
split_gain=9.45906 15.6111 21.175 11.3366 11.2773 11.0143 11.9019 11.6653 10.0351 8.79535 8.59902 16.4284 17.6437 16.628
threshold=9.2957857868409004 0 0.80890614672835437 0.92652999777653033 193.50000000000003 0.73538899430740046 0.23776227706010608 17.500000000000004 41.302180795240623 1.0000000180025095e-35 1 2.5000000000000004 2 3.9804166666666672
decision_type=10 9 8 8 2 8 8 2 2 2 9 10 9 8
left_child=3 2 -2 -1 5 6 -3 -7 9 -9 -5 12 13 -12
right_child=1 4 -4 10 -6 7 -8 8 -10 -11 11 -13 -14 -15
leaf_value=-0.03066545192758495 -0.032185694969586731 0.09522099280690581 0.036675370670389167 0.0018233096136022302 -0.026819526274346098 -0.015982920324496972 0.0080965477572672723 0.065081156570836365 -0.036226960317665556 0.0035962635684744361 -0.017149080261800367 -0.018142332642927691 -0.010257543561658755 0.014781611162037887
leaf_weight=31.679692671401426 12.2585988859646 5.6511594913899872 76.164997446350753 1083.0373146613128 33.949499572161585 49.32084571942687 10.054408049210906 12.162797959987079 4.8354548267088822 10.642683222889898 49.766417376697063 183.05997434398159 236.10913710808381 207.97106675151736
leaf_count=2447 329 98 988 16920 852 712 225 187 47 117 1283 7323 7833 4154
internal_value=-0.000294561 0.00958925 0.0241725 -0.00148556 -0.00240996 0.00646627 0.043269 -0.00150272 0.0239908 0.0377443 -0.000943193 -0.00531421 -0.000639392 0.00825464
internal_weight=2006.66 215.04 88.4236 1791.62 126.617 92.6673 15.7056 76.9618 27.6409 22.8055 1759.94 676.907 493.847 257.737
internal_count=43515 3555 1317 39960 2238 1386 323 1063 351 304 37513 20593 13270 5437
cat_boundaries=0 2 3 5
cat_threshold=2160101150 36 677478 553942093 61
is_linear=0
shrinkage=0.05


Tree=85
num_leaves=15
num_cat=2
split_feature=46 24 24 21 29 4 14 27 11 14 1 6 14 26
split_gain=11.5345 10.3137 17.8142 11.9449 17.0902 18.8573 24.9312 16.7275 13.7647 11.4348 11.451 9.99512 9.93093 9.50485
threshold=1.0000000180025095e-35 0.06131738484209729 0.071599443187975273 0.97790083642899184 0 0.097638476621958195 0.38374999999999743 1 7.9923463954651366 1.9810000000000014 1.0828431372549021 -46.499999999999993 16.522916666666671 1520.5000000000002
decision_type=2 8 8 8 9 8 8 9 2 10 8 10 10 2
left_child=1 -1 11 4 5 -4 -7 8 9 10 -5 -3 13 -9
right_child=-2 2 3 7 -6 6 -8 12 -10 -11 -12 -13 -14 -15
leaf_value=-0.023805489739521023 0.022582168697538728 0.016710646585712349 -0.025040517157277755 -0.023486622751790729 -0.025494670182103291 0.13142059008790513 0.014188755972518922 -0.00082754246426194932 -0.021065227059278286 0.10736839825354808 0.078928757150400083 0.10820587559248762 -0.036856144177524169 0.011477074695290794
leaf_weight=45.66858378238976 54.257209633477032 7.1827349178493023 20.710365885868669 5.0413328874856278 91.720181575510651 4.6025783438235521 25.514844728633765 1543.9939473927952 4.866896958090364 8.8869498185813409 4.1790249310433873 4.715106391347943 17.052776756230742 173.69281066348776
leaf_count=1560 765 72 912 64 3057 116 713 31049 64 64 65 83 321 4629
internal_value=5.36278e-05 -0.000581914 -1.51068e-05 -0.000412383 -0.0142806 0.00920085 0.0357519 0.000719788 0.0354634 0.0695247 0.0261129 0.0585483 3.49758e-05 0.000422657
internal_weight=2012.09 1957.83 1912.16 1900.26 142.548 50.8278 30.1174 1757.71 22.9742 18.1073 9.22036 11.8978 1734.74 1717.69
internal_count=43534 42769 41209 41054 4798 1741 829 36256 257 193 129 155 35999 35678
cat_boundaries=0 2 3
cat_threshold=1165569032 18 16768
is_linear=0
shrinkage=0.05


Tree=86
num_leaves=15
num_cat=2
split_feature=49 11 55 19 22 11 3 19 14 26 28 7 28 8
split_gain=9.34645 9.68983 20.079 16.371 14.5061 14.0411 15.5246 13.9115 15.2586 13.564 14.1902 14.1075 15.5497 16.2815
threshold=1.0000000180025095e-35 6.4483669930993566 6.5000000000000009 98.750000000000014 0.8633333333333334 5.6747311725795777 0.20085704003691371 79.052500000000009 7.0900000000000016 44.500000000000007 0 15.500000000000002 1 36.500000000000007
decision_type=2 2 2 10 8 2 10 8 10 2 9 10 9 8
left_child=1 2 7 -3 5 6 -4 -1 9 11 -11 12 13 -9
right_child=-2 3 4 -5 -6 -7 -8 8 -10 10 -12 -13 -14 -15
leaf_value=-0.020512349181590381 -0.040345157224824887 0.005255174316685457 0.11539607460061355 -0.025594302773326499 0.0048157668970168748 0.0090745973268400483 0.020353672453664436 0.0043057025161999116 0.042633480707108054 0.014570726485444852 -0.019858912042706407 0.016360932375310448 -0.010023915832136869 0.060412660428109437
leaf_weight=142.12109507899731 13.199000407475976 948.49112324253656 8.6175115499645489 44.062425259035081 134.37795010814443 18.55164334597066 8.7068547643721086 66.026439380832016 16.576358663383871 29.86608536913991 178.30759434448555 103.79245192371309 275.6092091309838 15.134659516625105
leaf_count=5807 377 17932 94 695 2269 231 102 1177 410 534 6195 2662 4562 322
internal_value=7.72239e-05 0.000365426 -0.00311283 0.00386129 0.0124772 0.0402651 0.0713473 -0.00633184 -0.00336547 -0.00456763 -0.0151262 0.000227248 -0.00449901 0.0137079
internal_weight=2003.44 1990.24 997.688 992.554 170.254 35.876 17.3244 827.434 685.313 668.736 208.174 460.563 356.77 81.1611
internal_count=43369 42992 24365 18627 2696 427 196 21669 15862 15452 6729 8723 6061 1499
cat_boundaries=0 1 2
cat_threshold=4198528 13775876
is_linear=0
shrinkage=0.05


Tree=87
num_leaves=15
num_cat=2
split_feature=21 26 29 1 24 6 1 10 11 11 53 25 1 29
split_gain=10.3871 9.94085 16.8241 20.8117 28.6727 20.7686 23.9069 19.9721 23.0666 15.2128 17.2851 15.0837 12.9959 16.0073
threshold=1.2507861874787474 40.500000000000007 0 0.68528922180607588 0.40821486792265332 -35.499999999999993 2.0685736677115991 10.500000000000002 5.0332770240461224 5.6924349843962441 4.5000000000000009 -0.17267731734021161 0.75114678899082576 1
decision_type=10 2 9 8 10 10 10 2 2 2 10 10 8 9
left_child=1 2 5 4 7 6 9 8 -4 -1 -11 -6 -3 -14
right_child=-2 12 3 -5 11 -7 -8 -9 -10 10 -12 -13 13 -15
leaf_value=0.11258492976166701 -0.047161755442143877 -0.016868795236365277 0.086382748042027113 -0.0032200377035641646 -0.011675516279788229 0.0055018061670162599 -0.0053953621424849283 0.041864841629283181 -0.0070654175278676151 0.055971526311091882 -0.044875038081929469 0.1207603799136106 -0.0060472500611273017 0.0069280158228963301
leaf_weight=10.313094391487537 10.473660454619674 139.41351773403585 6.0946165714412919 590.6390183120966 2.5650560865178695 107.14403810631484 19.013759046327323 37.190131746698171 94.424469849094748 30.199200555682182 4.1557727558538309 8.4968567448668164 551.29610136477277 400.882622490637
leaf_count=142 652 6156 121 9385 49 2383 338 954 2758 403 64 273 11779 8195
internal_value=0.000276478 0.000548101 0.0044041 0.000982906 0.0176448 0.018015 0.0414429 0.0110841 -0.000604431 0.061062 0.0428483 0.0916289 -0.00266835 -0.000573676
internal_weight=2012.3 2001.83 910.236 739.41 148.771 170.826 63.6818 137.709 100.519 44.6681 34.355 11.0619 1091.59 952.179
internal_count=43652 43000 16870 13540 4155 3330 947 3833 2879 609 467 322 26130 19974
cat_boundaries=0 2 4
cat_threshold=52178972 36 2812100629 49
is_linear=0
shrinkage=0.05


Tree=88
num_leaves=15
num_cat=2
split_feature=14 29 53 50 11 15 19 3 29 2 11 4 6 24
split_gain=11.79 18.8972 14.1072 13.6833 10.5945 11.0585 9.92448 9.93059 19.9793 22.567 17.2711 15.1211 12.4369 16.4126
threshold=3.9804166666666672 0 16.500000000000004 1.0000000180025095e-35 5.5773874270995689 1.0000000180025095e-35 29.000000000000004 0.002300324556747807 1 1.0148819293611668 5.2523257813266122 -5.0257491702666028 1.0000000180025095e-35 0.30913242427679039
decision_type=8 9 10 2 2 8 8 8 9 2 2 10 10 10
left_child=1 2 4 -4 5 -1 -2 8 -8 10 -10 12 -12 -14
right_child=6 -3 3 -5 -6 -7 7 -9 9 -11 11 -13 13 -15
leaf_value=0.11083187531220698 -0.016106712170230283 -0.017584703796819947 0.014504888849223891 0.091349187892946576 -0.010384714024373506 -0.0055960906215290008 -0.012916967067029966 0.0011130344643772911 -0.033492211612462262 -0.0066072857055269017 0.12645530486721204 0.029031877658734981 0.11640923111618891 -0.014066908975329341
leaf_weight=2.9456128668971351 77.558872458059341 200.47206926369108 17.675823878496889 7.9856824250891796 54.007978619309142 4.0336053045466542 34.131469097454101 1536.2383431980852 4.0648909639567128 19.891544154379517 12.469527543056758 15.867813792312516 3.1520817065611464 5.3010044847615063
leaf_count=68 3753 5375 294 106 1140 95 1150 29850 95 318 225 537 104 171
internal_value=-0.000323676 -0.00968017 0.00951999 0.0409476 -0.00261523 0.0512746 0.0012533 0.00208813 0.0177002 0.0317788 0.0577721 0.0684751 0.0957002 0.0417541
internal_weight=1995.8 287.121 86.6487 25.6615 60.9872 6.97922 1708.68 1631.12 94.8783 60.7469 40.8553 36.7904 20.9226 8.45309
internal_count=43281 7078 1703 400 1303 163 36203 32450 2600 1450 1132 1037 500 275
cat_boundaries=0 1 3
cat_threshold=3768782916 1107595548 58
is_linear=0
shrinkage=0.05


Tree=89
num_leaves=15
num_cat=2
split_feature=21 27 17 29 5 4 22 22 10 11 25 14 22 25
split_gain=10.1278 9.47146 7.86014 13.1214 9.03083 7.90271 7.87602 22.9485 15.985 12.454 13.2965 12.0839 9.37427 9.25378
threshold=1.2507861874787474 0 2.5000000000000004 1 0.33918333333333339 22.026278016912752 0.8633333333333334 1.8133333333333337 13.500000000000002 6.0954751662777973 9.5181803046762496 8.8512500000000021 1.8633333333333335 6.948080604341496
decision_type=10 9 2 9 8 10 8 8 2 2 10 10 8 10
left_child=1 -1 6 4 5 -4 8 -8 11 -10 -11 -3 -9 -14
right_child=-2 2 3 -5 -6 -7 7 12 9 10 -12 -13 13 -15
leaf_value=-0.025969688896616074 -0.047057289518747616 -0.01287580773684651 0.063841920435084604 -0.028361457598198941 -0.014462442935398639 -0.011153393941960075 -0.040375206733283986 0.040718182977488214 0.062428745640178723 -0.0088087809858475065 0.077038528460331962 0.075551677392135419 0.0021128236510860685 -0.013931169562801049
leaf_weight=22.30660944012925 10.268454297911374 42.785190037451684 10.25974834803492 44.065111979143694 12.85499422252178 4.7217262405902138 32.200256297364831 14.171791534870863 22.100573292002082 19.442938068881634 4.8115769065916529 3.2413397049531332 1656.9267083986197 94.031904847361147
leaf_count=1754 664 863 262 1500 297 95 607 191 266 313 37 55 35427 1058
internal_value=0.000210731 0.000478967 0.00092044 -0.0151859 0.0117068 0.0409867 0.00154585 0.000809808 0.0157038 0.0361055 0.0105976 -0.0051743 0.00158356 0.00124375
internal_weight=1994.19 1983.92 1961.61 71.9016 27.8365 14.9815 1889.71 1797.33 92.3816 46.3551 24.2545 46.0265 1765.13 1750.96
internal_count=43389 42725 40971 2154 654 357 38817 37283 1534 616 350 918 36676 36485
cat_boundaries=0 1 3
cat_threshold=98418 44118026 48
is_linear=0
shrinkage=0.05


Tree=90
num_leaves=15
num_cat=4
split_feature=11 29 3 24 53 29 4 11 14 3 8 29 1 28
split_gain=11.4975 15.6893 14.5857 14.0347 14.0146 13.8833 14.9446 12.8227 13.1554 12.7442 16.7067 11.1855 10.6942 13.8968
threshold=6.3650519153929235 0 0.29203240738430947 0.61008673180796469 7.5000000000000009 1 -9.8958101057146077 6.1638725404944177 2.2337500000000028 0.93700240155872583 30.500000000000004 2 0.702836499866203 3
decision_type=2 9 8 8 8 9 8 2 10 8 8 9 10 9
left_child=5 2 -2 4 -4 9 -7 11 -9 -1 -11 -8 13 -13
right_child=1 -3 3 -5 -6 6 7 8 -10 10 -12 12 -14 -15
leaf_value=0.0080521964152267308 -0.023467976684530614 0.0076454248888437942 0.053180943058735136 0.09237732980203478 -0.0038324166029194856 -0.024914257843605511 -0.023780217362521981 -0.02365324556441795 0.03370024891014483 -0.020324255243231473 0.096468976759375324 0.0031792509154638404 -0.0045285767443089438 0.033098883308818904
leaf_weight=55.530180007219315 83.817817510571331 775.34787102672271 10.401304932776837 3.1285029123537234 196.45616531930864 87.227869674097747 36.975228763651103 106.4680761443451 10.14829159574583 3.9812322319485229 8.9760936726815981 240.7767500737682 350.53692194912583 37.145624984754249
leaf_count=1806 2491 14240 114 72 3267 4144 935 2436 170 95 127 3864 7936 1792
internal_value=0.000431083 0.00397368 -0.00577265 0.00109475 -0.000723583 -0.00360778 -0.00534285 -0.00319911 -0.0184181 0.0165603 0.0616983 -0.00050837 0.00125429 0.00858313
internal_weight=2006.92 1069.15 293.804 209.986 206.857 937.766 869.279 782.051 116.616 68.4875 12.9573 665.435 628.459 277.922
internal_count=43489 20184 5944 3453 3381 23305 21277 17133 2606 2028 222 14527 13592 5656
cat_boundaries=0 2 4 6 7
cat_threshold=3863118601 42 553681413 4 1120320 16 4222980
is_linear=0
shrinkage=0.05


Tree=91
num_leaves=15
num_cat=3
split_feature=9 1 29 3 25 15 0 6 28 29 25 25 6 6
split_gain=9.65564 15.9653 13.9303 14.5957 13.8666 12.9697 12.8414 11.9734 10.1759 11.4914 14.1839 26.3366 19.677 12.4399
threshold=1.5000000000000002 1.3172667440960126 0 0.97899080064913535 2.6411689865246659 8.9714037995630544 96.65000000000002 -94.499999999999986 1 2 0.9214945379473819 -0.25067822241747201 -39.499999999999993 29.500000000000004
decision_type=2 8 9 10 10 10 10 8 9 9 8 10 10 10
left_child=8 -2 5 4 -4 -3 -5 -6 9 13 11 -11 -13 -1
right_child=1 2 3 6 7 -7 -8 -9 -10 10 -12 12 -14 -15
leaf_value=-0.042741854731010859 0.013120040195692318 0.0028899470143412885 -0.026687986744124138 0.0012388670432963936 0.044471264675330385 0.039622115943346005 0.063369861611078257 -0.0081428067112473048 -0.00461109830733174 -0.0050110701840711874 0.0063099485798233422 -0.034072555080080183 0.12669956084164158 0.073198850003182922
leaf_weight=14.379131932742895 284.46133823599666 236.03019416332245 122.02998130326159 42.684193423017859 11.773799810558556 25.782980734482408 9.3414345239289087 69.451160137541592 1125.6717860859353 9.4030430084094423 28.999347637407482 1.8247241415083397 10.978701479732988 1.7913107331842173
leaf_count=396 4435 4050 3068 671 113 324 182 773 28166 220 588 45 283 60
internal_value=-0.000613252 0.00362828 -0.00160853 -0.00968742 -0.0161026 0.00640073 0.0133795 -6.81441e-05 -0.0034636 0.0141063 0.0250558 0.059006 0.102978 -0.016673
internal_weight=1994.6 801.555 517.094 255.281 203.255 261.813 52.0256 81.225 1193.05 67.3763 51.2058 22.2065 12.8034 16.1704
internal_count=43374 13616 9181 4807 3954 4374 853 886 29758 1592 1136 548 328 456
cat_boundaries=0 2 3 5
cat_threshold=580072206 58 5374498 537169158 34
is_linear=0
shrinkage=0.05


Tree=92
num_leaves=15
num_cat=1
split_feature=28 21 19 1 22 46 6 26 25 30 6 8 24 26
split_gain=11.5661 13.6371 12.3895 13.766 19.5038 11.7661 17.9074 21.5617 11.1194 14.6002 18.5328 17.8819 16.8241 13.9732
threshold=0 1.0183441603702572 87.500000000000014 0.74891304347826104 7.5225 1.0000000180025095e-35 -20.499999999999996 119.50000000000001 7.3430889190459636 2.5000000000000004 6.5000000000000009 11.500000000000002 0.22728579705077248 13.500000000000002
decision_type=9 8 8 10 8 2 8 2 10 2 10 10 10 2
left_child=5 -2 3 -3 -5 8 7 -7 9 -1 -11 13 -13 -12
right_child=1 2 -4 4 -6 6 -8 -9 -10 10 11 12 -14 -15
leaf_value=-0.0020329894935801327 -0.034348366706700488 -0.016018903188964272 -0.0081291350351685634 0.072448241520979104 0.0072416580422265623 0.12263913438231394 0.00021897856543610949 -0.0026485865379221162 -0.01529751969836184 0.0048842385124273158 0.033889749388597415 -0.0041383423846634484 0.10334872486008136 -0.0067094675437863937
leaf_weight=550.96985852625221 35.910884346580133 59.802320003509521 475.57779149385169 11.156406618654726 210.33698492217809 7.8898279760032874 18.662995859049261 5.5279069729149342 82.212283199653029 425.76130915340036 55.532012846786529 4.9355751266703036 12.115798198617993 33.44496730202809
leaf_count=9454 3915 2943 11860 142 6246 114 239 73 975 5107 1072 118 152 922
internal_value=3.88864e-05 -0.00460925 -0.00321559 0.00509095 0.0108369 0.00313087 0.0325645 0.0744188 0.00231995 0.0036705 0.00957243 0.0281765 0.0737305 0.0187242
internal_weight=1989.84 792.784 756.874 281.296 221.493 1197.05 32.0807 13.4177 1164.97 1082.76 531.79 106.028 17.0514 88.977
internal_count=43332 25106 21191 9331 6388 18226 426 187 17800 16825 7371 2264 270 1994
cat_boundaries=0 1
cat_threshold=546646
is_linear=0
shrinkage=0.05


Tree=93
num_leaves=15
num_cat=2
split_feature=0 55 29 21 29 11 24 1 8 1 11 15 9 53
split_gain=9.36302 8.54227 40.552 24.0522 20.4955 18.1837 25.2986 15.2689 15.1245 18.353 15.032 14.6205 16.0382 15.6924
threshold=99.010000000000005 6.5000000000000009 0 0.9862759553817263 1 6.5332290869840426 0.06131738484209729 1.7514705882352943 48.500000000000007 1.520980046948357 5.3703589096725812 9.2957857868409004 4.5000000000000009 25.500000000000004
decision_type=10 2 9 8 9 2 10 8 10 10 2 10 2 8
left_child=1 3 -3 -1 8 6 -4 -8 -5 -10 -9 12 -7 -14
right_child=-2 2 5 4 -6 11 7 10 9 -11 -12 -13 13 -15
leaf_value=-0.028268329768941315 -0.025366437332225312 -0.0079756606753966612 -0.043282850785582548 -0.013586984942339364 0.003975880368772184 -0.0060561308168264431 0.076659893128608964 -0.026195581342066416 0.070396643170163739 -0.0011865618744673785 0.042123699341907017 0.069109907136558291 0.10225270721525866 0.017896350642655556
leaf_weight=76.700401508249342 34.048431256320328 244.29427730245516 7.7934768609702578 327.90201068669558 1023.7035699808039 92.448837245348841 27.952143452130258 9.0010065780952555 10.880142808891831 36.225738232955337 46.111273753456771 8.9716919641941768 5.385462882462889 46.224419020116329
leaf_count=4170 1272 3430 134 8851 21501 1308 349 157 138 746 645 96 63 513
internal_value=0.000249283 0.000706142 0.0064322 -0.00119156 0.000312366 0.0203331 0.0387705 0.0468925 -0.00952477 0.0164668 0.0306977 0.0105257 0.00642593 0.0284752
internal_weight=1997.64 1963.59 488.183 1475.41 1398.71 243.888 90.8579 83.0644 375.008 47.1059 55.1123 153.03 144.059 51.6099
internal_count=43373 42101 6695 35406 31236 3265 1285 1151 9735 884 802 1980 1884 576
cat_boundaries=0 2 3
cat_threshold=2200750096 63 1223914570
is_linear=0
shrinkage=0.05


Tree=94
num_leaves=15
num_cat=2
split_feature=53 29 2 2 20 25 5 27 21 19 1 7 8 2
split_gain=12.766 16.6707 13.5766 15.4404 9.71412 9.93004 8.44186 8.37556 10.501 9.30296 11.6367 19.2607 15.5812 8.31632
threshold=49.500000000000007 0 195.11989076356713 40.493948066980316 -29.994999999999994 2.6869798255676725 0.96287540983606568 1 0.92652999777653033 96.850000000000009 0.84240094618568906 5.5000000000000009 13.500000000000002 16.184923695427646
decision_type=10 9 2 2 10 10 10 9 8 10 8 8 10 2
left_child=6 2 3 13 -3 -6 7 9 -9 10 -1 -12 -13 -2
right_child=1 4 -4 -5 5 -7 -8 8 -10 -11 11 12 -14 -15
leaf_value=-0.0061518934040928827 0.041138748700838154 -0.040922385468575732 -0.0081364059593283574 0.098110181667057428 -0.031845967396670907 0.053678464700298259 -0.028231666638995918 -0.034020903289552581 0.00025889901552320717 -0.039560500397571231 -0.0051810609021775778 0.18127366008471182 0.039957312751564604 -0.04194310782624832
leaf_weight=6.6896120104938808 17.80783792259172 14.89499182906002 9.6092959828674775 13.504661019891499 5.0869869198650104 6.8767462624236941 25.29931996925734 21.613314311485738 1851.2845690590329 2.8238337039947501 5.0061063915491086 3.6851513106375915 4.6117270346730947 2.748099233955144
leaf_count=252 345 218 87 122 111 65 940 2382 38608 55 93 62 64 34
internal_value=0.000674187 0.0214147 0.0357282 0.058173 -0.0111334 0.017662 -9.80309e-05 0.000292114 -0.000153814 0.0249532 0.0474024 0.0728803 0.115471 0.0286011
internal_weight=1991.54 70.5286 43.6699 34.0606 26.8587 11.9637 1921.01 1895.71 1872.9 22.8164 19.9926 13.303 8.29688 20.5559
internal_count=43438 982 588 501 394 176 42456 41516 40990 526 471 219 126 379
cat_boundaries=0 2 3
cat_threshold=47236162 1 10624
is_linear=0
shrinkage=0.05


Tree=95
num_leaves=15
num_cat=3
split_feature=23 29 6 7 49 7 29 4 4 25 29 1 14 3
split_gain=9.01692 9.24248 10.91 8.83074 6.78925 6.79162 15.6957 15.0965 10.1806 8.4375 7.79667 15.2644 12.0071 19.3469
threshold=-0.50208333333333321 0 -40.499999999999993 26.500000000000004 1.0000000180025095e-35 -1.0000000180025095e-35 1 1.0000000180025095e-35 27.229473802921994 1.0000000180025095e-35 2 0.88944444444444459 4.2437500000000012 0.19260751432766546
decision_type=8 9 10 10 2 8 9 10 10 8 9 8 10 8
left_child=1 2 -1 -4 5 6 7 -2 -9 -8 11 -7 -12 -14
right_child=4 -3 3 -5 -6 10 9 8 -10 -11 12 -13 13 -15
leaf_value=-0.037387962410359334 -0.0051117202943928124 -0.031190650377434383 0.011343054303578156 0.095411483497379934 -0.035149399337762614 -0.020410284012979386 0.033582254892679665 0.085625288373595121 -0.011156024438173781 -0.039837010351710826 0.0024843565058813156 0.00051994554749915502 0.10111074648136709 0.014583961027221377
leaf_weight=8.0793720907531696 39.148425583261997 33.790104286046699 15.872413449455054 3.0036480189301065 12.210790157783775 105.01942182937637 3.5212209182791412 8.1236570356413704 3.5698692067526272 45.956408360507339 1146.0492089688778 488.15539723075926 6.1422320674173525 74.636814611963928
leaf_count=162 1315 1394 517 80 379 3923 102 164 88 1017 23787 8518 225 1764
internal_value=-2.80102e-05 -0.0188372 0.006163 0.0288477 0.000572658 0.00081798 -0.0117822 0.00848949 0.0575281 -0.0284199 0.0015186 -0.0031606 0.00377671 0.0223192
internal_weight=1993.28 60.7455 26.9554 18.8761 1932.53 1920.32 100.32 50.842 11.6935 49.4776 1820 593.175 1226.83 80.779
internal_count=43435 2153 759 597 41282 40903 2686 1567 252 1119 38217 12441 25776 1989
cat_boundaries=0 1 3 5
cat_threshold=1149329608 2154615122 44 1491079258 8
is_linear=0
shrinkage=0.05


Tree=96
num_leaves=15
num_cat=2
split_feature=4 20 26 55 21 26 29 26 29 16 21 11 24 0
split_gain=10.8283 10.884 11.9062 8.90459 8.7685 8.04003 14.1298 12.2992 15.5213 19.5811 16.4732 13.433 14.2114 10.4629
threshold=-26.065473575976274 -19.497499999999992 299.00000000000006 1.0000000180025095e-35 1.2507861874787474 1648.0000000000002 0 328.50000000000006 1 -5.987499999999998 1.0368695607434479 5.4530535855281768 0.38221746103306881 26.215000000000003
decision_type=8 8 2 2 10 2 9 2 9 10 10 2 10 10
left_child=1 2 3 -1 5 7 13 -2 9 -9 -10 -11 -13 -7
right_child=4 -3 -4 -5 -6 6 -8 8 10 11 -12 12 -14 -15
leaf_value=-0.006881048530207815 0.00032470400079188326 -0.028425112088599748 -0.040088489141524769 0.11154449042935238 -0.046536132498419785 0.051591761408914472 -0.0023136220479418636 -0.023357790460618033 -0.026066436613717599 0.12727085562378329 0.022093068916178231 0.05074681926865221 -0.043833837912973503 0.010688906832286892
leaf_weight=2.3504118025302869 1560.1798674559686 58.826291223289445 3.2502767792902887 3.2722078571096063 9.2585056624375266 30.176927944878116 100.92413834878244 16.258738631382585 141.85474950564094 3.3508164226077524 19.503751649521291 14.47195582650602 4.4877396184019736 32.695121236145496
leaf_count=96 28093 3153 146 79 628 618 3053 729 5268 81 299 242 167 745
internal_value=-0.00112584 -0.020633 0.0286744 0.0684755 -0.000432382 -0.000186454 0.0103746 -0.0011746 -0.0128181 0.014025 -0.0189763 0.0471176 0.0272852 0.0266493
internal_weight=2000.86 67.6992 8.8729 5.62262 1933.16 1923.9 163.796 1760.11 199.928 38.5693 161.359 22.3105 18.9597 62.872
internal_count=43397 3474 321 175 39923 39295 4416 34879 6786 1219 5567 490 409 1363
cat_boundaries=0 2 4
cat_threshold=60418 48 2151776262 6
is_linear=0
shrinkage=0.05


Tree=97
num_leaves=15
num_cat=2
split_feature=22 26 4 2 6 6 4 28 4 20 28 26 11 55
split_gain=8.91289 9.34285 19.0925 13.8955 16.027 9.62838 8.55174 13.4091 12.6193 15.1628 14.5974 10.5762 11.2848 14.4802
threshold=-6.2349999999999985 3898.5000000000005 -2.3717979954673392 1.318315050534691 -29.499999999999996 5.5000000000000009 9.3508528367139281 0 17.105829293793374 17.875000000000004 1 316.50000000000006 8.3108045099516641 11.500000000000002
decision_type=8 2 10 2 8 10 10 9 10 8 9 2 2 2
left_child=-1 6 3 4 -3 -6 7 11 9 -8 -10 -2 -13 -14
right_child=1 2 -4 -5 5 -7 8 -9 10 -11 -12 12 13 -15
leaf_value=-0.045710183940689313 0.0030504108326929904 -0.0093932624783749554 -0.014070541499096352 -0.011911237570334745 0.13604539235887067 0.018419668876219795 0.013922996548843337 -0.0071760616631050909 0.033059032157711631 0.071913335794007147 -0.0044721397230009742 -0.029725966798886977 0.099145706176816353 -0.023291659236277421
leaf_weight=9.6406982911284995 1020.8185456860811 3.4498098688200116 16.236692775040865 4.9656039252877227 7.8600737079978007 2.5974620506167412 50.135480545926839 641.76674148882739 19.738526449538767 13.822565145790575 155.16789754433557 44.237114703748375 3.288097524084149 4.8527779132127762
leaf_count=1291 16040 66 323 100 131 121 773 20574 258 217 2516 952 84 51
internal_value=-7.1214e-05 0.000172865 0.0253741 0.0583094 0.0824988 0.110987 -0.000292742 -0.00152872 0.00855049 0.02737 0.0015523 0.00190102 -0.0197814 0.0315971
internal_weight=1998.58 1988.94 35.1096 18.8729 13.9073 10.4575 1953.83 1714.96 238.864 63.958 174.906 1073.2 52.378 8.14088
internal_count=43497 42206 741 418 318 252 41465 37701 3764 990 2774 17127 1087 135
cat_boundaries=0 1 2
cat_threshold=1725204 13116418
is_linear=0
shrinkage=0.05


Tree=98
num_leaves=15
num_cat=3
split_feature=1 0 3 28 4 2 1 25 29 2 4 30 29 4
split_gain=11.2944 10.3394 8.95514 16.0008 11.8495 10.1632 10.3942 9.08165 15.373 11.1062 13.0812 11.6532 8.98087 12.1221
threshold=0.32373653686826848 99.815000000000012 0.97899080064913535 0 1.5577479097683613 106.50484885190981 1.3003759398496244 3.0788361119481222 1 58.692601765410828 50.787245375820014 1.5000000000000002 2 9.7125427815318606
decision_type=8 10 10 9 8 2 8 10 9 2 10 2 9 10
left_child=-1 2 12 4 -4 6 -5 8 9 10 11 -6 -2 -14
right_child=1 -3 3 5 7 -7 -8 -9 -10 -11 -12 -13 13 -15
leaf_value=-0.019226979748461829 -0.0063137701278426148 -0.032400619734183914 0.081709483450112891 0.010853766607779244 0.072312125110902001 -0.016101559904802228 0.058825573129425171 0.01748371109266977 -0.019706449725788985 -0.03759362631475726 -0.014991159417608006 -0.0029716326369661119 0.0008577608404904916 0.018315931006456763
leaf_weight=69.259350037900731 382.74751042528078 21.654024708550423 3.5272372458130121 17.241996144875884 16.462864934466783 7.7475578207522622 34.917186440899968 49.396799568086863 75.958179951645434 6.3997787898406377 10.602346532978116 7.1758201709017149 1190.3756805544253 107.50542433839291
leaf_count=3527 9101 926 57 109 179 50 239 274 1608 72 234 216 25315 1643
internal_value=0.000465613 0.00118125 0.00157872 0.0108222 0.0017935 0.0306035 0.0434703 -0.000276353 -0.00788504 0.0152276 0.0302076 0.0502657 0.000311164 0.00229913
internal_weight=2000.97 1931.71 1910.06 229.43 169.523 59.9067 52.1592 165.996 116.599 40.6408 34.241 23.6387 1680.63 1297.88
internal_count=43550 40023 39097 3038 2640 398 348 2583 2309 701 629 395 36059 26958
cat_boundaries=0 1 3 5
cat_threshold=704512 1614855188 2 1912767504 19
is_linear=0
shrinkage=0.05


Tree=99
num_leaves=15
num_cat=1
split_feature=49 11 29 2 1 15 30 26 55 2 19 55 6 26
split_gain=8.60802 8.89654 16.2496 11.8624 13.8596 14.1533 15.072 12.213 11.5777 17.8512 13.4821 15.3726 12.9247 11.651
threshold=1.0000000180025095e-35 6.4879807340800166 0 0.0014381635188853716 0.87570224719101131 2.5276470168247305 1.5000000000000002 1381.5000000000002 6.5000000000000009 51.918602778938677 90.287500000000009 10.500000000000002 -17.499999999999996 1145.5000000000002
decision_type=2 2 9 2 8 8 2 2 2 2 10 2 10 2
left_child=1 2 8 -4 5 -5 -7 -6 13 10 11 12 -10 -1
right_child=-2 -3 3 4 7 6 -8 -9 9 -11 -12 -13 -14 -15
leaf_value=-0.0031851769655686594 -0.042364683792991374 0.0025652309308378425 -0.012409627046579769 -0.021559527567085582 -0.0046008137504433208 -0.015583224697648449 0.088334285360549755 0.068964877065930061 0.10478898765630798 -0.033997796006995117 0.0058704988037925985 0.00026862811975877059 0.017235472300098916 0.037320888711484222
leaf_weight=168.74414362804964 11.554336195345966 977.23591158119962 490.90982865542173 6.8100513573735952 239.99410917423666 4.4127730727195784 11.922535104677081 4.7785883811302474 14.98445608909242 9.4411754570901376 19.695619890466332 8.1024114419706148 6.3362825121730593 18.827063826145604
leaf_count=4527 351 18245 15316 153 2926 121 198 160 199 128 396 132 90 605
internal_value=-0.00109219 -0.000830374 -0.00413157 -0.00769769 0.00066386 0.0368093 0.0609827 -0.00288986 0.00688248 0.0263667 0.0384163 0.0592932 0.080707 0.00105689
internal_weight=1993.75 1982.19 1004.96 758.828 267.918 23.1454 16.3353 244.773 246.131 58.5599 49.1188 29.4232 21.3207 187.571
internal_count=43547 43196 24951 18874 3558 472 319 3086 6077 945 817 421 289 5132
cat_boundaries=0 2
cat_threshold=2688845611 36
is_linear=0
shrinkage=0.05


Tree=100
num_leaves=15
num_cat=3
split_feature=27 26 4 29 7 13 25 25 53 25 4 15 29 1
split_gain=8.17007 7.56172 13.9954 7.74347 9.52142 14.8397 10.5691 9.32997 9.09794 10.6663 10.8221 10.9978 12.6854 11.9999
threshold=0 3898.5000000000005 -2.3717979954673392 1 18.500000000000004 6.0024999999999986 1.0628009532224145 4.6561493705845907 49.500000000000007 7.172125932482305 -5.4134719019523043 5.4560382851456621 2 0.69104278074866321
decision_type=9 2 10 9 10 10 10 10 10 10 8 10 9 8
left_child=-1 3 -3 4 5 -2 -6 -8 9 10 -5 -12 -13 -14
right_child=1 2 -4 8 6 -7 7 -9 -10 -11 11 12 13 -15
leaf_value=-0.025302752574362611 -0.0074703435638311839 0.050219872458091758 -0.01115070431346547 -0.010780261589171596 0.084353139505930888 0.052267820623987604 -0.013873365773239497 0.041331553637750124 0.017986128401816133 -0.018475332977316662 -0.0011763562981597718 0.023697342344967731 0.030199984083705691 -0.0017028351800657622
leaf_weight=19.652418431360275 59.274857277050614 19.857214735820889 16.203654949553311 214.50944249052554 7.2492570187896481 11.565999652724711 12.143331488594415 18.023321557790041 63.090629087295383 83.966223232448101 1123.6842962482478 92.611515085678548 33.075044501572847 217.724424559623
leaf_count=1728 1337 417 331 7576 145 302 148 146 886 1042 24067 1241 789 3251
internal_value=0.000318482 0.000710958 0.0230867 0.000286345 0.0126307 0.00287474 0.0338342 0.0193772 -0.000517151 -0.00119108 -0.000317571 0.00121852 0.00903552 0.00250808
internal_weight=1992.63 1972.98 36.0609 1936.92 108.257 70.8409 37.4159 30.1667 1828.66 1765.57 1681.6 1467.1 343.411 250.799
internal_count=43406 41678 748 40930 2078 1639 439 294 38852 37966 36924 29348 5281 4040
cat_boundaries=0 1 3 5
cat_threshold=32882 17830561 20 12584988 32
is_linear=0
shrinkage=0.05


Tree=101
num_leaves=15
num_cat=1
split_feature=17 8 7 53 25 23 23 28 19 25 24 3 31 9
split_gain=8.5239 7.83326 7.7474 10.4632 7.53069 12.2796 10.0189 8.71767 16.0649 16.1995 14.6332 10.7193 11.7119 12.0269
threshold=2.5000000000000004 -14.499999999999998 3.5000000000000004 106.50000000000001 6.948080604341496 0.53958333333333353 1.2883333333333336 0 92.600000000000009 4.7285612118100895 0.20018269823724433 0.7768392145565638 4.5000000000000009 1.0000000180025095e-35
decision_type=2 8 8 10 10 10 8 9 8 10 10 10 8 2
left_child=1 -1 3 -3 7 -6 -7 8 -4 10 -10 -9 13 -13
right_child=-2 2 4 -5 5 6 -8 11 9 -11 -12 12 -14 -15
leaf_value=-0.044149569849438297 -0.017215976482591353 -0.0088079997560666194 -0.0058695569232749796 0.082653456581755436 -0.022715702384207736 0.061349937632284392 -0.0030424578237244495 -0.0042994777412965809 -0.0039491355251479237 0.029749365369641526 0.015080679843381878 0.038317639869007256 -0.029581404447976706 0.0062602778901290224
leaf_weight=8.885750020388512 71.551612079842016 248.98192451125942 183.45554427802563 2.1738367388024917 70.129936030134559 7.5842116959393024 20.095028093084697 622.03082848340273 174.85787874832749 96.0741245187819 237.13365351129323 33.630026717204601 18.158419632352889 192.73053646273911
leaf_count=180 2317 5781 2687 22 837 62 223 21180 2145 1036 2932 619 330 3024
internal_value=-0.000393295 0.000243614 0.000473493 -0.00769172 0.00171585 -0.0116721 0.0161253 0.00256323 0.00669297 0.0113632 0.00701402 -0.000804162 0.0080361 0.0111706
internal_weight=1987.47 1915.92 1907.04 251.156 1655.88 97.8092 27.6792 1558.07 691.521 508.066 411.992 866.55 244.519 226.361
internal_count=43375 41058 40878 5803 35075 1122 285 33953 8800 6113 5077 25153 3973 3643
cat_boundaries=0 1
cat_threshold=4735794
is_linear=0
shrinkage=0.05


Tree=102
num_leaves=15
num_cat=1
split_feature=7 54 3 4 33 14 32 25 6 25 25 11 26 24
split_gain=7.32069 13.4556 9.46075 14.9145 14.6064 15.6606 14.9826 15.6068 21.0981 14.5929 12.6867 11.3017 10.6939 10.6862
threshold=-1.0000000180025095e-35 43.500000000000007 0.95073697967749704 31.660771149292092 0 3.0999999999999992 0.90000000000000013 0.90027916009043263 -108.49999999999999 3.0788361119481222 0.034936761960414377 5.6747311725795777 129.50000000000003 0.41982262910970908
decision_type=8 10 10 10 1 10 2 10 10 8 10 2 2 8
left_child=1 -1 13 4 5 6 -4 8 -8 10 -6 -10 -9 -2
right_child=2 -3 3 -5 9 -7 7 12 11 -11 -12 -13 -14 -15
leaf_value=-0.015424504953068753 0.0017714659629290419 0.093108218478060667 0.0053426745155957592 -0.014948903554367022 0.048135658889297023 -0.0094842671944282992 -0.008158613002073269 0.052741145042504545 0.023473857828561182 0.025286629755402086 -0.02554891204776525 0.11310582159350416 0.0033555324458337185 -0.0084161854513381835
leaf_weight=100.4027507735882 1314.1980210314505 1.9523640042170871 30.919940331950784 47.958269044291228 5.7269751308485857 24.318656446412206 5.9674397148191956 20.038499254733324 5.0522262351587441 32.834692727774382 46.477837803307921 18.283223935868591 23.19032911863178 319.04232831508853
leaf_count=2743 27299 25 313 834 47 239 73 117 64 201 984 252 171 10167
internal_value=0.000485156 -0.0124735 0.00119167 0.0100163 0.0156859 0.0263061 0.0347297 0.0470142 0.0747872 -0.000390918 -0.0167128 0.0954621 0.0269228 -0.000222554
internal_weight=1996.36 102.355 1894.01 260.768 212.81 127.77 103.452 72.5317 29.3029 85.0395 52.2048 23.3355 43.2288 1633.24
internal_count=43529 2768 40761 3295 2461 1229 990 677 389 1232 1031 316 288 37466
cat_boundaries=0 1
cat_threshold=4
is_linear=0
shrinkage=0.05


Tree=103
num_leaves=15
num_cat=2
split_feature=0 4 6 29 55 26 24 10 1 7 25 54 15 28
split_gain=7.92797 9.12629 16.6563 8.39867 12.8295 12.3232 8.65224 14.9658 15.0564 13.6268 12.499 9.97531 8.52804 11.2163
threshold=99.445000000000007 -71.518588881885492 -11.499999999999998 0 6.5000000000000009 436.00000000000006 0.096592475716169926 25.500000000000004 0.80890614672835437 34.500000000000007 6.948080604341496 127.50000000000001 3.7447947302608773 1
decision_type=10 8 10 9 2 2 10 2 10 8 10 8 8 9
left_child=1 2 -1 4 6 -6 -3 9 -9 -8 11 -11 13 -5
right_child=-2 3 -4 12 5 -7 7 8 -10 10 -12 -13 -14 -15
leaf_value=-0.031525836049250126 -0.027274682662306232 -0.04027152132387038 0.16276882015052702 -0.00080230918929660602 0.036970722209493836 -0.011541644139007334 -0.0067670456905803743 -0.025153624135356968 0.11402420035664501 0.11856645134378979 -0.027837887894098159 0.028983001738951936 0.0018803753874197613 -0.01286544228974588
leaf_weight=1.5833350529428574 26.314711379818618 10.76236775331199 1.3308852841146288 543.27915344946086 55.794599808752537 16.489473800174892 134.47580218059011 2.4534559939056626 4.8166662915609777 2.7090223995037377 7.7951092217117539 29.019946262473244 859.85304819699377 293.44552638148889
leaf_count=124 1110 534 76 7215 586 339 3408 77 81 91 86 585 18554 10541
internal_value=-0.00052285 -0.00015068 0.0761208 -0.000302775 0.0078048 0.0258976 0.00129984 0.00397542 0.0696935 0.000847004 0.0262806 0.0400206 -0.00160625 -0.0052064
internal_weight=1990.12 1963.81 2.91422 1960.89 264.316 72.2841 192.032 181.27 7.27012 174 39.5241 31.729 1696.58 836.725
internal_count=43407 42297 200 42097 5787 925 4862 4328 158 4170 762 676 36310 17756
cat_boundaries=0 2 3
cat_threshold=2165320681 4 546307
is_linear=0
shrinkage=0.05


Tree=104
num_leaves=15
num_cat=0
split_feature=49 6 24 15 23 25 22 10 26 26 23 11 26 3
split_gain=9.31453 8.57295 14.755 10.1352 8.55788 8.12479 8.01226 7.28303 6.8495 14.7616 20.7514 10.6311 13.3395 18.1085
threshold=1.0000000180025095e-35 26.500000000000004 0.3870641129450807 0.098498953459740038 7.9493750000000007 0.28241111057723817 -6.2349999999999985 10.500000000000002 1758.0000000000002 294.50000000000006 7.031458333333334 5.3400829146306767 697.50000000000011 0.54962991622289004
decision_type=2 10 10 8 10 8 8 2 2 2 10 2 2 8
left_child=1 4 7 -4 6 -5 -1 -3 9 -8 11 12 -11 -14
right_child=-2 2 3 5 -6 -7 8 -9 -10 10 -12 -13 13 -15
leaf_value=-0.044980133157846158 -0.044818665397591717 -0.028156628628355624 0.11401736669602087 0.080143310067024548 -0.029778562853145424 -0.006514749889115966 0.0024610276886067209 -0.00097441984630960434 0.010973723056290567 -0.019228754218519176 0.052293649209005172 -0.019073689160741734 0.11664296358732409 -0.0063219699205203251
leaf_weight=8.2783935603219998 10.595849306322632 72.845149269327521 2.014967700233683 2.4345924281515181 21.325006183935329 12.150228198617699 1420.7963556130417 37.094655209220946 175.13305999618024 11.945528183598073 11.112956182099877 184.97196274250746 4.8880085679702434 5.8941776454448709
leaf_count=1207 367 2489 90 187 2794 566 23705 1333 3981 411 107 5754 186 207
internal_value=-0.000137406 0.000125416 -0.0124119 0.0303042 0.000991851 0.012165 0.00136792 -0.0190766 0.001604 0.000597109 -0.0114618 -0.0151073 0.016617 0.0545917
internal_weight=1981.48 1970.89 126.54 16.5998 1844.35 14.5848 1823.02 109.94 1814.74 1639.61 218.813 207.7 22.7277 10.7822
internal_count=43384 43017 4665 843 38352 753 35558 3822 34351 30370 6665 6558 804 393
is_linear=0
shrinkage=0.05


Tree=105
num_leaves=15
num_cat=1
split_feature=6 7 1 28 15 13 2 3 5 4 3 25 11 3
split_gain=7.41957 9.93601 9.55961 15.1293 20.7275 15.2186 14.5895 16.1258 14.6196 14.1709 10.4129 9.36351 15.8718 14.1252
threshold=26.500000000000004 20.500000000000004 1.4220486111111115 0 7.3020907928112653 4.432500000000001 24.249179044301609 0.36703749843423289 0.41005051909529111 3.4857540901819921 0.76100302427379674 4.8397492486148748 6.0832457708619918 0.35376908195695028
decision_type=10 10 8 9 8 8 2 10 8 8 10 8 2 10
left_child=1 -1 3 4 5 -3 7 8 -7 -8 -5 -4 -13 -14
right_child=-2 2 11 10 -6 6 9 -9 -10 -11 -12 12 13 -15
leaf_value=-0.0013003488238370166 -0.012292100178357915 0.0045324823547837258 -0.011766840731883341 -0.019615662394449937 -0.0033681478866175716 -0.0075466368216920224 0.092719630396556424 0.020152251866327416 0.10137753396988852 0.0053545785598407072 0.050150830177111666 0.076654861036904609 -0.027623836890787862 0.035723300379631409
leaf_weight=1548.0735942143947 122.59857973083854 26.930675954092294 85.009798029204831 41.941670697182417 47.062684488249943 3.3464320080820498 4.703903729096055 13.20138502307236 24.846444431226701 25.693468409590427 5.1416882053017607 7.8169825188815585 18.352072831243277 15.139854855835436
leaf_count=33274 4627 558 1237 875 1267 97 44 218 575 278 37 77 212 130
internal_value=-0.000427957 0.000357168 0.00837517 0.0153497 0.0223883 0.0368225 0.0487066 0.0677836 0.0886329 0.0213966 -0.00919917 -0.0023108 0.016967 0.0012174
internal_weight=1989.86 1867.26 319.187 192.868 145.785 98.7223 71.7916 41.3943 28.1929 30.3974 47.0834 126.319 41.3089 33.4919
internal_count=43506 38879 5605 3949 3037 1770 1212 890 672 322 912 1656 419 342
cat_boundaries=0 1
cat_threshold=578566
is_linear=0
shrinkage=0.05


Tree=106
num_leaves=15
num_cat=2
split_feature=29 3 2 0 20 10 54 15 4 10 14 29 7 8
split_gain=8.68787 12.7268 10.2039 10.3851 17.467 12.0286 11.8574 10.5323 11.6792 10.1417 9.42685 8.45931 9.97208 14.1731
threshold=0 0.18945705737398005 -14.134472440152594 88.685000000000016 -34.977499999999992 64.500000000000014 82.500000000000014 -9.6816366417055715 3.7241547954970575 25.500000000000004 3.2537500000000006 1 13.500000000000002 4.5000000000000009
decision_type=9 10 2 8 8 2 8 10 10 2 8 9 8 8
left_child=1 11 -3 4 5 -4 -6 -8 -9 -5 -10 -1 13 -13
right_child=-2 2 3 9 6 -7 7 8 10 -11 -12 12 -14 -15
leaf_value=0.010370113206611027 -0.0015593570839299937 0.065822009322557828 -0.018651795490079656 -0.0030222716708776507 -0.019938244850748681 0.066062699465071359 0.072991634155119584 0.009471679084398929 0.092200446900502095 0.047641104740857705 0.031052017267282496 0.062741148612622574 -0.033192288978334199 -0.042768510920567049
leaf_weight=31.248584939399734 1614.3296993731055 7.6467925049364558 33.463899548863992 128.40852432581596 9.4667767360806447 3.783070307224988 16.137238681316376 38.990757045801729 8.7981535065919143 9.6944750929251295 23.009508765302602 6.414329515071584 44.292724143946543 4.6643626217264682
leaf_count=650 34991 115 571 2460 177 32 396 1061 94 158 293 364 1841 243
internal_value=2.71641e-05 0.00686514 0.0122347 0.0104911 0.020372 -0.00854528 0.0315177 0.037284 0.0282418 0.000851088 0.0502608 -0.00961332 -0.0192921 0.0184562
internal_weight=1980.35 366.019 279.399 271.752 133.649 37.247 96.4024 86.9357 70.7984 138.103 31.8077 86.62 55.3714 11.0787
internal_count=43446 8455 5357 5242 2624 603 2021 1844 1448 2618 387 3098 2448 607
cat_boundaries=0 2 4
cat_threshold=2168791781 28 16842753 20
is_linear=0
shrinkage=0.05


Tree=107
num_leaves=15
num_cat=2
split_feature=22 26 29 2 6 1 4 4 2 15 29 25 55 1
split_gain=6.58004 8.28948 11.6627 13.8818 11.6284 15.7246 7.39164 9.98489 8.5935 7.23679 14.3232 12.8236 20.2505 18.8073
threshold=-7.8366666666666651 3898.5000000000005 0 8.3089551672622779 5.5000000000000009 1.667748917748918 -58.422121180081888 -33.289878873054988 10.955804703683082 1.6449428819507086 1 0.076154851228588047 11.500000000000002 1.5841194968553463
decision_type=8 2 9 2 10 10 8 8 2 8 9 10 2 8
left_child=-1 6 3 4 5 -3 8 -8 -2 10 11 12 13 -9
right_child=1 2 -4 -5 -6 -7 7 9 -10 -11 -12 -13 -14 -15
leaf_value=-0.044406291008032478 0.0061414294255792319 0.13518059961891932 -0.014902295261882973 -0.015771679834614524 -0.013786997006311344 0.027821357578646656 -0.030421481118415653 0.069921472314764033 0.12407940906968107 0.0018485045574875257 -0.010620276147701224 0.00098005497745467856 0.1249812534347188 -0.028556911915749036
leaf_weight=7.455068571260199 4.2039089279714972 7.5854592062532955 13.064681417308746 5.5345150195062152 2.9937772005796424 6.7302601132541895 27.092551998328418 7.3834901950322154 1.5493732672184704 1250.1983676275704 388.97446850710548 255.22251108777709 4.3773538116365662 10.597103874199091
leaf_count=1188 216 102 343 96 113 89 1303 245 35 25505 8745 5025 52 457
internal_value=-0.000391022 -0.000203485 0.0232713 0.0359748 0.072126 0.0898197 -0.000647564 -0.00082856 0.0515726 -0.000394631 -0.00459835 0.00408271 0.03969 0.0134352
internal_weight=1992.96 1985.51 35.9087 22.844 17.3095 14.3157 1949.6 1943.85 5.75328 1916.75 666.555 277.58 22.3579 17.9806
internal_count=43514 42326 743 400 304 191 41583 41332 251 40029 14524 5779 754 702
cat_boundaries=0 2 4
cat_threshold=570786818 9 2694869071 53
is_linear=0
shrinkage=0.05


Tree=108
num_leaves=15
num_cat=5
split_feature=24 29 5 11 25 24 28 29 30 29 6 26 29 11
split_gain=8.88272 25.2486 21.0736 26.4766 12.4239 9.64287 11.4216 17.0345 13.3472 17.5801 15.494 22.0518 18.0318 17.0428
threshold=0.45452329600850888 0 0.72505000000000019 6.8286850125241649 0.97964723094598882 0.44544088245656627 1 2 2.5000000000000004 3 7.5000000000000009 10.500000000000002 4 5.7396964398504151
decision_type=8 9 10 2 8 10 9 9 2 9 10 2 9 2
left_child=5 -2 4 -4 -3 6 8 -8 9 -1 12 13 -10 -12
right_child=1 2 3 -5 -6 -7 7 -9 10 -11 11 -13 -14 -15
leaf_value=0.0063378510549995425 -0.024574803613145745 0.017725377631466682 -0.011182193047534067 0.14682927241507499 -0.012359520163231372 0.025219256765952804 -0.022333040110416116 0.0026960776210486785 0.014578045001407781 -0.008375078959006025 0.0063690135820954402 -0.0041109106142884757 -0.0043567217744499278 0.055402950473129813
leaf_weight=367.56752699823119 115.78439360158518 60.323580693686381 4.6880456325598043 4.7313192854635417 76.923841101350263 40.657673593144864 113.09468223806471 151.57264037802815 215.73706057178788 427.9990537178237 26.668174499180168 45.177005497040227 276.22798051079735 53.558371745049953
leaf_count=8791 5413 2060 137 126 1738 661 2479 2554 3196 9190 815 1238 3904 1175
internal_value=0.000145996 -0.00840345 0.00571968 0.074661 0.000896092 0.00145599 0.000865389 -0.00846347 0.00265865 -0.00160357 0.00818783 0.0238054 0.00416665 0.0393826
internal_weight=1980.71 262.451 146.667 9.41936 137.247 1718.26 1677.6 264.667 1412.94 795.567 617.369 125.404 491.965 80.2265
internal_count=43477 9474 4061 263 3798 34003 33342 5033 28309 17981 10328 3228 7100 1990
cat_boundaries=0 2 3 5 7 9
cat_threshold=1123877902 29 4773414 1085053002 17 3792506063 21 12337242 37
is_linear=0
shrinkage=0.05


Tree=109
num_leaves=15
num_cat=1
split_feature=21 14 8 8 2 1 2 24 17 53 15 29 20 19
split_gain=9.3012 8.14734 7.7143 8.52485 8.02596 18.9903 10.4565 10.3172 7.71184 11.0593 9.07255 8.56413 8.41837 7.67082
threshold=1.2507861874787474 17.033750000000005 -6.4999999999999991 -2.4999999999999996 -4.4638575469782049 0.47641299510458396 -1.9232644843254596 0.23662353885182605 2.5000000000000004 22.500000000000004 0.041747779278697113 0 -76.054999999999978 84.725000000000009
decision_type=10 10 8 8 2 8 2 8 2 10 10 9 8 10
left_child=1 2 -1 -4 5 -5 -6 13 -8 11 -11 12 -10 -7
right_child=-2 -3 3 4 6 7 8 -9 9 10 -12 -13 -14 -15
leaf_value=-0.032195472253750912 -0.046613974801866027 -0.030709553242483135 0.04840149347974166 0.078889327861225877 -0.041326375925763867 -0.036701971024137622 0.0010845778813781614 0.014677072764910107 0.070234170355672462 -0.021556606259215346 0.072961952142478456 -0.030478810382395617 -0.012309508417630347 0.025497449992960837
leaf_weight=16.451694677118212 9.4997694066259992 19.600420360686257 8.518093415303154 9.0807441780343634 14.108573007863013 18.367196880746636 1721.3452352297027 96.481498118024319 4.5736064608208835 3.8372235866263491 4.8700033109635115 44.688860224559903 6.3756592469289881 5.8660017815418533
leaf_count=353 672 365 181 118 314 272 37733 1226 102 122 127 1554 259 68
internal_value=0.000321465 0.000570806 0.00090003 0.00119742 0.000964077 0.0129229 9.49492e-05 0.00735321 0.000445162 -0.0164151 0.0333785 -0.0246594 0.0136983 -0.0212319
internal_weight=1983.66 1974.16 1954.56 1938.11 1929.59 129.795 1799.8 120.715 1785.69 64.3454 8.70723 55.6381 10.9493 24.2332
internal_count=43466 42794 42429 42076 41895 1684 40211 1566 39897 2164 249 1915 361 340
cat_boundaries=0 2
cat_threshold=35655690 32
is_linear=0
shrinkage=0.05


Tree=110
num_leaves=15
num_cat=4
split_feature=27 15 29 3 29 6 3 25 29 11 11 9 25 8
split_gain=7.72677 7.0927 14.1637 12.4191 11.9783 10.6602 9.66264 10.2497 9.66096 12.1449 15.0554 13.733 15.3885 12.8327
threshold=0 1.6449428819507086 1 0.0010601854378686584 2 -37.499999999999993 0.085050122852189131 7.172125932482305 3 5.3400829146306767 5.2225419491205818 2.5000000000000004 0.55703620147469068 16.500000000000004
decision_type=9 8 9 8 9 10 10 10 9 2 2 2 10 8
left_child=-1 2 5 4 -3 -2 7 -7 9 10 -5 -11 -13 -12
right_child=1 3 -4 8 -6 6 -8 -9 -10 11 13 12 -14 -15
leaf_value=-0.026366042056701806 0.044686793502087485 -0.014920702317572955 -0.0062193048733402145 0.0077375796032494414 0.036990802047129949 0.074354205332271134 -0.014169518186283243 -0.038018831768056462 -0.00029556188098816644 -0.002139273676934542 0.018200856645332351 0.085360987478232744 0.014873277903006113 0.17024415555000272
leaf_weight=16.936170551460236 25.009927392238751 12.258543182862921 625.33324934984557 7.1656341822817904 33.127531252801418 6.2852050233632308 24.567860635695979 2.1009174548089504 1095.7528037389275 87.164064444601536 2.5376123888418078 9.4412953671999258 32.317057403735816 2.9866408603265882
leaf_count=1491 478 604 13817 186 1049 242 758 25 21764 2239 74 158 409 80
internal_value=-0.000255882 0.000115779 -0.00399496 0.0023078 0.0277083 0.0177456 0.00181151 0.045151 0.0013545 0.0131344 0.0588955 0.00922247 0.0324337 0.113897
internal_weight=1982.98 1966.05 683.297 1282.75 45.3861 57.9639 32.954 8.38612 1237.37 141.612 12.6899 128.922 41.7584 5.52425
internal_count=43374 41883 15320 26563 1653 1503 1025 267 24910 3146 340 2806 567 154
cat_boundaries=0 1 3 5 7
cat_threshold=37434 2167422981 20 1109668127 18 33829792 6
is_linear=0
shrinkage=0.05


Tree=111
num_leaves=15
num_cat=1
split_feature=11 11 29 7 25 24 10 11 6 0 11 8 18 1
split_gain=10.6924 15.2341 13.1607 18.1907 12.6308 17.0598 19.9882 11.9058 15.5142 14.8553 11.6041 11.9453 15.1933 12.0037
threshold=6.378655356508971 6.1421341736536119 0 18.500000000000004 0.076154851228588047 0.10290780546528669 22.500000000000004 5.8251295132155532 -17.499999999999996 inf 5.4426124946370713 41.500000000000007 16.010000000000002 2.8354166666666671
decision_type=2 2 9 8 8 10 2 2 10 8 2 8 8 10
left_child=1 2 3 10 5 6 -2 8 -5 -9 -1 13 -13 -12
right_child=4 -3 -4 7 -6 -7 -8 9 -10 -11 11 12 -14 -15
leaf_value=-0.021624187833680714 0.028703915998796806 -0.018555250041852746 -0.0047357524549315466 0.061460755768565967 0.0016950833013780033 0.012350226052442036 0.16957482861732087 -0.043878013663487148 -0.0017031668785543732 0.042514592886853546 -0.010691769972340196 -0.015542434861481018 0.066623161239528828 0.092214138030574211
leaf_weight=42.637162827188149 8.378255788702516 150.60007118037902 605.16690352442674 34.734767180401832 974.05631023878232 70.834005551878363 2.9708011075854293 9.5063946926966327 13.281722259242086 8.4571249247528595 42.473631966859102 8.017741931602357 15.616448440123351 2.033201241400092
leaf_count=1190 295 3752 15058 606 17691 1989 38 308 492 154 1301 297 335 51
internal_value=-0.000149413 -0.00404896 -0.00123489 0.010392 0.00329396 0.0219961 0.0763249 0.0315471 0.0443108 -0.00310775 -0.00144788 0.011307 0.0392496 -0.00406765
internal_weight=1988.76 932.525 781.925 176.758 1056.24 82.1831 11.3491 65.98 48.0165 17.9635 110.778 68.141 23.6342 44.5068
internal_count=43557 23544 19792 4734 20013 2322 333 1560 1098 462 3174 1984 632 1352
cat_boundaries=0 2
cat_threshold=3238060585 38
is_linear=0
shrinkage=0.05


Tree=112
num_leaves=15
num_cat=2
split_feature=24 24 7 29 24 0 29 0 16 24 24 43 1 25
split_gain=10.5073 13.0327 18.9842 10.5357 12.4797 11.5046 9.43765 14.8781 11.5385 11.3684 14.4239 14.708 10.5608 13.6812
threshold=0.20018269823724433 0.20277322805955231 13.500000000000002 0 0.17811359161960461 58.010000000000012 1 37.005000000000003 -1.3975000000000006 0.25863001091148652 0.29938306596375874 1.0000000180025095e-35 1.0000000180025095e-35 5.0162618431132868
decision_type=8 8 10 9 10 10 9 10 10 10 10 2 10 10
left_child=3 2 -2 -1 -5 -6 12 8 9 -8 11 -11 13 -3
right_child=1 6 -4 4 5 -7 7 -9 -10 10 -12 -13 -14 -15
leaf_value=-0.016158160903038534 0.10236505164344399 0.017929874383688992 -0.027134910213625338 0.0060336959944488552 -0.027565611302296868 0.028202590954152819 0.013488811759572684 0.016529807412232214 -0.033272011700077569 -0.021155654971763839 0.0035625251875522727 0.040915995568926319 -0.006270829316646815 -0.023396485797803585
leaf_weight=182.09022453776561 6.4216456674039346 99.87564960308373 4.0158904995769262 189.60300913988613 57.201666932553053 10.15464066620916 162.53105995198712 196.66884895297699 22.857775318203494 116.52898441860452 336.5601044378709 9.4671060196123999 570.17476385319605 24.074080591090024
leaf_count=4190 66 2002 82 3633 795 127 2270 3963 626 1856 8567 111 14935 320
internal_value=-0.000589121 0.00134683 0.0545232 -0.00740761 -0.000521475 -0.0188684 0.000950947 0.0044692 0.000857514 0.00215669 -0.00184565 -0.0162063 -0.0033465 0.00978027
internal_weight=1988.23 1549.18 10.4375 439.05 256.959 67.3563 1538.74 844.614 647.945 625.087 462.556 125.996 694.124 123.95
internal_count=43543 34798 148 8745 4555 922 34650 17393 13430 12804 10534 1967 17257 2322
cat_boundaries=0 2 4
cat_threshold=595640406 14 2049555482 35
is_linear=0
shrinkage=0.05


Tree=113
num_leaves=15
num_cat=1
split_feature=21 2 2 1 28 3 11 21 11 53 0 53 1 2
split_gain=8.23209 7.49984 10.4036 9.72765 10.6109 19.2679 17.1392 19.0001 15.4818 14.049 10.9724 11.6991 14.1995 12.3707
threshold=1.2507861874787474 -4.4638575469782049 -1.9232644843254596 0.41699475065616803 0 0.028319688803010275 7.014508779942183 1.0318911011655618 6.1741506194355678 19.500000000000004 78.855000000000004 inf 1.502747252747253 33.015357727427293
decision_type=10 2 2 8 9 8 2 8 2 10 10 8 8 2
left_child=1 -1 -3 -4 5 8 7 9 -5 -7 11 -8 13 -13
right_child=-2 2 3 4 -6 6 10 -9 -10 -11 -12 12 -14 -15
leaf_value=0.011268279750732392 -0.04620270235263952 -0.041564394469366411 -0.016393990092043672 0.13716537295464593 -0.00089838134648034015 0.13461172007636457 -0.043148078592174205 -0.012647840930947139 0.013626912789784246 -0.0041982625270310424 0.094012793496458025 0.071582020023817597 -0.035664811612583329 -0.028551286130719517
leaf_weight=133.02476165047847 8.7518657590262574 14.659354842966421 91.916158657055348 4.5584313925355655 1606.7988138983492 3.0309288389980793 4.7253653118386865 69.207043724134564 5.1167218452319503 3.2205700017511845 5.963779665529727 16.54032823862509 4.7309010094031683 3.1727535473182789
leaf_count=1733 649 331 4917 174 32047 141 168 2315 168 129 96 377 91 73
internal_value=-0.000377189 -0.000149884 -0.000983925 -0.000634225 0.000213527 0.0138831 0.00875166 -0.00474867 0.0792285 0.0723838 0.0370765 0.0227053 0.0366312 0.0548656
internal_weight=1975.42 1966.67 1833.64 1818.98 1727.07 120.267 110.592 75.4585 9.67515 6.2515 35.1331 29.1693 24.444 19.7131
internal_count=43409 42760 41027 40696 35779 3732 3390 2585 342 270 805 709 541 450
cat_boundaries=0 1
cat_threshold=1705476
is_linear=0
shrinkage=0.05


Tree=114
num_leaves=15
num_cat=1
split_feature=4 2 2 8 8 11 7 29 24 30 9 2 11 43
split_gain=7.30943 11.1069 11.8237 7.3517 10.5144 8.83698 7.24452 18.9259 26.3518 13.6192 13.2695 10.5579 21.7838 13.7892
threshold=-33.289878873054988 5.1590215924167468 13.264331685397536 -10.499999999999998 -2.4999999999999996 6.6250806345904083 23.500000000000004 0 0.37749732088680149 3.5000000000000004 2.5000000000000004 16.517853953520838 7.8076930121123436 1.5000000000000002
decision_type=8 2 2 8 8 2 10 9 8 2 2 2 2 2
left_child=1 -1 -3 -2 5 -5 -6 10 -9 -10 -8 12 -12 -13
right_child=3 2 -4 4 6 -7 7 8 9 -11 11 13 -14 -15
leaf_value=-0.037314530599893751 -0.035960045218102539 0.11287721055265039 -0.0070938783217719074 0.0073431475433416819 -0.00062490993697727137 0.092430871088902314 -0.01840985962646452 0.0090348009084596642 0.065851538972471133 -0.031385441315327493 0.098585491102763045 -0.021414531046183655 -0.0046043844806503064 0.049829015141254381
leaf_weight=27.179553598631173 12.452995346626265 1.7341044277418385 7.8370144297368824 6.9120069209020567 1566.1258931017946 4.7467317609116435 91.710148836718872 168.85149510600604 32.253366392571479 3.4468815417494616 8.1260652756318468 26.817950008437037 11.442607986740766 7.9914226476103059
leaf_count=1738 264 85 339 172 32914 83 2737 3482 856 83 120 294 131 75
internal_value=0.000451504 -0.0213394 0.0232643 0.000874893 0.00113127 0.0465508 0.000830879 0.00731642 0.0166308 0.0558639 -0.00644255 0.0125453 0.0409558 -0.00412391
internal_weight=1977.63 36.7507 9.57112 1940.88 1928.42 11.6587 1916.77 350.64 204.552 35.7002 146.088 54.378 19.5687 34.8094
internal_count=43373 2162 424 41211 40947 255 40692 7778 4421 939 3357 620 251 369
cat_boundaries=0 2
cat_threshold=2175084638 41
is_linear=0
shrinkage=0.05


Tree=115
num_leaves=15
num_cat=1
split_feature=14 14 19 27 16 21 6 11 3 1 11 54 24 4
split_gain=6.73136 8.36711 9.35235 6.66162 6.51131 6.37754 6.16395 6.10372 10.4271 10.4985 16.503 11.1897 9.18655 10.8537
threshold=17.033750000000005 9.7075000000000014 64.565000000000012 0 -0.9499999999999974 1.3570291040850917 -34.499999999999993 6.4879807340800166 0.79378685936709836 1.3172667440960126 9.3869080008435155 4.5000000000000009 0.06131738484209729 -1.7183253785615411
decision_type=10 10 10 9 10 10 8 2 10 10 2 8 8 10
left_child=1 3 -3 4 -1 7 -4 12 9 11 -11 -9 -5 -14
right_child=-2 2 6 5 -6 -7 -8 8 -10 10 -12 -13 13 -15
leaf_value=-0.046691173978593341 -0.027271745559623028 -0.014080784192136198 -0.0093416822420986142 -0.03240598987013741 0.008727153478861582 -0.044823618685923654 0.044808277924120808 0.053487165019780514 0.011988369353038788 -0.014792705945020003 0.069767561064119854 0.0028041242107276158 -0.003684759153217958 0.00946506432561392
leaf_weight=16.186848781071607 20.108229728415608 12.655449321959166 6.0443199959117919 22.666775091784075 7.2614635040517888 6.5653904678765675 27.956813633209094 10.140358434524385 285.53448295337148 138.35102425981313 5.0386756993830195 496.02885546348989 728.85900588473305 198.90380518976599
leaf_count=1193 380 382 89 1147 391 362 539 170 3088 2397 93 11061 17634 4427
internal_value=0.000814139 0.0011157 0.0218106 0.000600522 -0.0212021 0.00098855 0.0351903 0.00117698 0.00404298 0.000537264 -0.0113587 0.00392294 -0.00164405 -0.000858402
internal_weight=1982.3 1962.19 46.6566 1915.54 23.4483 1892.09 34.0011 1885.52 935.093 649.559 143.39 506.169 950.43 927.763
internal_count=43353 42973 1010 41963 1584 40379 628 40017 16809 13721 2490 11231 23208 22061
cat_boundaries=0 1
cat_threshold=111130
is_linear=0
shrinkage=0.05


Tree=116
num_leaves=15
num_cat=0
split_feature=21 21 21 21 25 23 0 36 4 25 11 24 2 18
split_gain=7.68904 7.0257 17.7316 16.0523 19.0697 15.8723 11.7543 9.13455 8.41736 8.1302 7.90263 9.03935 7.25456 7.21403
threshold=1.2507861874787474 0.97790083642899184 0.94306139934805888 0.99578700303606482 0.034936761960414377 3.6318750000000004 20.010000000000002 1.0000000180025095e-35 11.815927730021505 3.2392363294357094 7.1564261433098091 0.23362589228718111 21.855399573303341 2.5000000000000022
decision_type=10 10 10 10 10 10 8 2 10 8 2 10 2 8
left_child=1 2 -1 6 -5 8 -3 12 -6 10 11 -8 -7 -14
right_child=-2 3 -4 4 5 7 9 -9 -10 -11 -12 -13 13 -15
leaf_value=0.00029273731965539802 -0.045726411552334395 -0.010306143917708935 -0.02697836262923535 0.068351360085174159 -0.032243665631798021 0.016859937687208889 0.0064774670865357003 0.077527712742398946 0.041329854944742082 0.077288307938236586 -0.01571375725643814 0.079274647593774575 -0.043141950775247337 0.010034762761287673
leaf_weight=1738.4522053597029 8.1155252691823971 11.109902009367941 60.720611652825028 8.6284980401396734 45.700827050954103 45.924625744111836 8.208440264686951 3.6941191107034674 3.3915858953259876 13.543101328425104 6.9144563991576424 8.3330858247354609 11.639411423355339 12.259641023352744
leaf_count=37401 654 152 1967 88 1647 911 103 46 82 100 72 104 139 146
internal_value=8.9696e-05 0.00030063 -0.000642115 0.00970914 0.000579692 -0.00470401 0.0340949 0.00996861 -0.0264372 0.0473477 0.0276071 0.045579 0.00535011 -0.0165561
internal_weight=1986.64 1978.52 1799.17 179.348 131.239 122.61 48.109 73.5178 49.0924 36.9991 23.456 16.5415 69.8237 23.8991
internal_count=43612 42958 39368 3590 3059 2971 531 1242 1729 379 279 207 1196 285
is_linear=0
shrinkage=0.05


Tree=117
num_leaves=15
num_cat=1
split_feature=46 0 16 13 14 54 29 26 55 26 25 14 11 10
split_gain=6.97972 6.44582 6.04189 7.06612 9.66768 6.84474 5.71098 11.2425 12.5537 13.5285 22.3787 18.2455 13.6239 9.69627
threshold=1.0000000180025095e-35 54.725000000000009 -0.04416666666666557 0.98624999999999985 2.2500000000000009 25.500000000000004 0 1452.0000000000002 6.5000000000000009 10.500000000000002 4.4093790212988404 1.6924999999999997 9.4993372459430514 28.500000000000004
decision_type=2 8 8 8 8 10 9 2 2 2 10 10 2 2
left_child=6 -2 -3 -4 -5 -6 7 8 9 10 11 -1 13 -11
right_child=1 2 3 4 5 -7 -8 -9 -10 12 -12 -13 -14 -15
leaf_value=-0.010044512687940273 -0.011237305506461574 0.065537774053178885 -0.022758096957024812 0.090155165315290067 0.029367362312543617 -0.029435967632501 -0.0020673932481012096 0.023718680326157475 0.013239600754549628 -0.013424967772852254 0.056990608194580121 0.091986991384078842 0.080671379753903052 0.033580909015316414
leaf_weight=55.70285228267312 14.41153197060339 7.280665738042444 7.8248630934394914 4.2898198459297419 18.086940021719787 5.7878949660807839 1377.3269411751535 62.852738115238026 151.79697183729149 236.06237215851434 20.803260653279722 3.749013510067015 3.1063729571178547 10.566313194576649
leaf_count=1547 215 93 108 45 254 62 30217 1761 1993 6508 195 77 67 247
internal_value=0.000161844 0.0171485 0.026643 0.0172155 0.0287207 0.0145016 -0.00035661 0.00393145 0.00138771 -0.00408775 0.0136592 -0.00219522 -0.00982264 -0.0112836
internal_weight=1979.65 57.6817 43.2702 35.9895 28.1647 23.8748 1921.97 544.64 481.787 329.99 80.2551 59.4519 249.735 246.629
internal_count=43389 777 562 469 361 316 42612 12395 10634 8641 1819 1624 6822 6755
cat_boundaries=0 2
cat_threshold=2171694862 52
is_linear=0
shrinkage=0.05


Tree=118
num_leaves=15
num_cat=1
split_feature=24 24 6 55 50 19 29 11 32 5 1 24 14 11
split_gain=7.54038 13.1143 10.3878 11.2201 6.6329 17.2706 11.2844 13.6993 11.0352 9.58296 9.19003 6.47916 6.24712 17.8973
threshold=0.06131738484209729 0.071599443187975273 -27.499999999999996 14.500000000000002 1.0000000180025095e-35 98.750000000000014 0 7.7430702012742874 0.90000000000000013 0.34165692307692314 1.1213537241574627 0.1810782765253052 4.2437500000000012 5.4530535855281768
decision_type=8 8 10 2 2 8 9 2 2 8 10 8 10 2
left_child=2 -2 -1 -4 12 6 7 8 -6 -7 -8 -12 -3 -14
right_child=1 4 3 -5 5 9 10 -9 -10 -11 11 -13 13 -15
leaf_value=-0.049790307233317226 0.046961399731074445 -0.0021984010097874729 -0.014129141554587485 0.072343684075228162 0.010174177578331924 0.044913187386817495 -0.040444723099048736 0.010520581133225772 0.10558171843805819 -0.024659334177343215 0.076621081252700535 0.0024300053505449306 0.053547225519525635 0.0020238637450601376
leaf_weight=17.44956884230487 13.585781670175491 1660.8061903836206 24.116077317623425 3.4101825952529898 4.0917913913726833 4.9260292893741271 9.3533607595600206 9.4062449722550792 13.896894069854172 30.557335725054145 2.8278759047389004 13.031597910216078 18.084535135887563 145.03535917424597
leaf_count=546 176 36401 1022 29 49 91 183 108 184 446 59 216 482 3364
internal_value=-0.000747901 -0.000269965 -0.0207594 -0.00125568 -0.000629939 0.0126921 0.0306444 0.0451654 0.0855586 -0.0140345 -0.00252247 0.0194189 -0.00127996 0.00802754
internal_weight=1970.58 1925.6 44.9758 27.5263 1912.02 88.0911 52.6078 27.3949 17.9887 35.4834 25.2128 15.8595 1823.93 163.12
internal_count=43356 41759 1597 1051 41583 1336 799 341 233 537 458 275 40247 3846
cat_boundaries=0 2
cat_threshold=549459712 40
is_linear=0
shrinkage=0.05


Tree=119
num_leaves=15
num_cat=1
split_feature=21 27 13 13 24 25 26 23 19 50 24 19 11 24
split_gain=7.13883 6.40222 5.09154 5.19133 5.30668 13.2775 13.1171 12.4911 15.614 13.1677 12.3316 16.6025 12.1932 12.0794
threshold=1.2507861874787474 0 41.63750000000001 36.227500000000006 0.20018269823724433 3.1173782524036264 278.50000000000006 0.40458333333333346 98.250000000000014 1.0000000180025095e-35 0.20277322805955231 88.215000000000018 6.2046688613359526 0.1810782765253052
decision_type=10 9 10 10 8 10 2 8 10 2 8 10 2 10
left_child=1 -1 3 4 5 6 13 -7 9 12 11 -6 -9 -3
right_child=-2 2 -4 -5 10 7 -8 8 -10 -11 -12 -13 -14 -15
leaf_value=-0.023705327301924095 -0.045308271282176994 0.00025782592870010824 -0.028833610760902753 0.045414451692679332 0.097321632206543995 -0.03806470835823067 -0.036767819857621342 0.022410555513376118 0.097395537046846128 0.066203545365151106 0.0016184824268796222 -0.018628279273034575 -0.0083020232401892508 -0.026467524595865682
leaf_weight=16.566680068848655 7.6457193456590167 173.18660024227574 13.619507940486072 5.4943267204798749 6.6710221278481168 12.93513425812125 40.833745254436508 53.649437549989671 4.1175259416922918 8.1954452730715257 1489.7657855795696 4.7041817987337708 78.195365019142628 54.928075633011758
leaf_count=1712 647 4233 209 77 96 194 1205 742 55 91 32145 49 934 885
internal_value=2.62623e-05 0.00022583 0.000560455 0.000785296 0.000634573 -0.00428413 -0.0110151 0.00723626 0.0115353 0.00833814 0.00203248 0.0517403 0.00426996 -0.00626484
internal_weight=1970.51 1962.86 1946.3 1932.68 1927.18 426.041 268.948 157.093 144.158 140.04 1501.14 11.3752 131.845 228.115
internal_count=43274 42627 40915 40706 40629 8339 6323 2016 1822 1767 32290 145 1676 5118
cat_boundaries=0 1
cat_threshold=37466
is_linear=0
shrinkage=0.05


Tree=120
num_leaves=15
num_cat=2
split_feature=14 3 7 28 19 29 5 11 7 24 1 20 16 1
split_gain=8.31016 7.25646 10.5427 10.6892 13.1751 16.7407 14.0702 11.2221 11.1856 12.2107 12.0547 11.0049 10.7696 10.2924
threshold=17.033750000000005 0.87715761889862343 30.500000000000004 0 99.065000000000012 1 0.78531182795698939 5.4368394098946196 8.5000000000000018 0.37254348900967754 1.961829836829837 12.204999999999998 -0.45250000000000762 1.3641711229946527
decision_type=10 10 10 9 8 9 8 2 10 10 8 10 8 8
left_child=1 -1 3 4 5 6 7 -3 9 10 -6 -7 -5 -14
right_child=-2 2 -4 12 8 11 -8 -9 -10 -11 -12 -13 13 -15
leaf_value=-0.0014716879398281642 -0.032459744983138777 0.053439397696085147 0.048772728593394044 -0.031749475895338289 -0.03104089768653048 0.035713991047828388 0.018900266799345755 -0.027169514019018626 0.013543528744938631 -0.041112011847460522 0.0057812638937178255 -0.014686992206226226 -0.0012405913086623987 0.044290257107833492
leaf_weight=1536.9910323023796 18.761461442103609 3.7744318903423837 12.886048065498469 6.8365855040028691 32.86873465590179 69.017702657263726 35.171967908274382 52.603937535081059 40.5335008490365 35.000482087489218 63.959067351650447 12.242263372521846 17.346746568568051 42.165492007508874
leaf_count=37740 373 102 78 104 371 729 314 811 515 975 523 190 173 525
internal_value=-0.000197951 0.000127028 0.00590663 0.00444938 0.000548105 0.0102901 -0.00504718 -0.0209356 -0.00919068 -0.0162301 -0.00690775 0.0249959 0.0212058 0.0312177
internal_weight=1980.16 1961.4 424.407 411.521 345.172 172.81 91.5503 56.3784 172.362 131.828 96.8278 81.26 66.3488 59.5122
internal_count=43523 43150 5410 5332 4530 2146 1227 913 2384 1869 894 919 802 698
cat_boundaries=0 1 3
cat_threshold=581650 1108885532 63
is_linear=0
shrinkage=0.05


Tree=121
num_leaves=15
num_cat=0
split_feature=5 2 21 5 20 25 5 24 3 14 15 21 24 2
split_gain=7.16661 7.08791 6.72975 6.35032 13.9245 15.2596 16.8427 8.20426 8.0897 7.34601 9.48358 7.46603 11.3552 7.27626
threshold=1.0140698280354352 -15.403205133749045 1.2507861874787474 0.49961796442111406 -19.004999999999995 1.8872987111690367 0.61693611473272503 0.66099612520284079 0.025718490468101176 4.2437500000000012 -3.8659904646063157 1.0527474684438116 0.33721302902968897 18.204672620468369
decision_type=10 2 10 10 8 8 10 8 8 8 8 10 8 2
left_child=2 -2 3 9 5 6 -5 8 -6 -1 13 -12 -13 -11
right_child=1 -3 -4 4 7 -7 -8 -9 -10 10 11 12 -14 -15
leaf_value=-0.0097444938593006097 0.046850786920511776 -0.041211907641026058 -0.045011994476532702 0.088290093062801611 0.072183091184173528 -0.011060372268178808 -0.014358985720104465 0.07133477111474977 0.00096067821317186153 0.049180302100087198 -0.00075382107982067102 0.077485415119932968 -0.016488953389705668 0.0088124861056897066
leaf_weight=203.08956187358126 1.7833550944924379 16.403383021708578 7.2243545772507778 14.97566489945166 3.0538996988907448 9.9433928960934299 4.9919866560958317 3.3603534530848256 243.66925407364033 15.036381489364429 1404.3528385069221 6.4663085336796913 5.1270264079794297 38.713960475288332
leaf_count=5402 17 778 638 254 259 156 88 60 5681 346 29117 143 126 471
internal_value=-0.000175256 -0.0305849 0.000122365 0.000312293 0.00726752 0.0389316 0.0631665 0.00334039 0.00213009 -0.000855533 0.000378576 -0.00041066 0.037917 0.0207972
internal_weight=1978.19 18.1867 1960 1952.78 279.995 29.911 19.9677 250.084 246.723 1672.79 1469.7 1415.95 11.5933 53.7503
internal_count=43536 795 42741 42103 6498 498 342 6000 5940 35605 30203 29386 269 817
is_linear=0
shrinkage=0.05


Tree=122
num_leaves=15
num_cat=0
split_feature=0 11 25 4 4 3 56 25 25 25 24 55 3 23
split_gain=9.66917 7.84871 19.6116 17.5211 11.8535 11.0441 13.4229 12.4868 11.5667 11.191 10.8156 12.9845 17.0831 12.8083
threshold=99.445000000000007 5.8251295132155532 4.5481350758971706 0.03297064177558106 -0.46858903858691703 0.63096105893190579 4.7500000000000009 -0.084817753410772426 -0.8229884917537561 1.5979820867983048 0.06131738484209729 6.5000000000000009 0.40936808632063398 1.0000000180025095e-35
decision_type=10 2 10 8 10 10 2 8 10 10 8 2 8 10
left_child=1 2 10 4 -4 -3 7 8 -7 -8 -1 -12 -13 -14
right_child=-2 5 3 -5 -6 6 9 -9 -10 -11 11 12 13 -15
leaf_value=-0.039639693114327454 -0.029942599899577906 -0.0051571922265440887 0.016658630984977007 0.019348798131603465 0.12973625567297278 0.00053732870597749901 0.016904312842984499 0.0010524878507570214 0.073218900246570739 0.10214634949869238 -3.1885263301739621e-05 0.052959259837825415 -0.017227041277130671 0.041624080665531915
leaf_weight=14.054153254954143 25.080286085372791 795.49942418793216 4.0338157615624368 61.891402502078563 5.7561702914535982 10.254306630697103 12.106983619742097 569.23917618463747 10.77893168479204 5.026533054187893 398.77477614977397 27.676213302416727 26.97971128905192 12.81107364175841
leaf_count=775 1115 20358 98 691 59 107 243 7807 88 73 10935 376 514 204
internal_value=0.000301114 0.000704238 0.00574942 0.0299561 0.0890063 -0.00128348 0.00378992 0.00248389 0.0394172 0.0461661 0.00208198 0.00342176 0.0235374 0.00227663
internal_weight=1979.96 1954.88 551.977 71.6814 9.78999 1402.91 607.406 590.272 21.0332 17.1335 480.296 466.242 67.467 39.7908
internal_count=43443 42328 13652 848 157 28676 8318 8002 195 316 12804 12029 1094 718
is_linear=0
shrinkage=0.05


Tree=123
num_leaves=15
num_cat=3
split_feature=20 29 24 6 6 53 29 26 17 3 29 19 22 55
split_gain=6.47067 7.90496 8.45027 7.67819 14.2172 7.06448 8.5259 9.14486 7.37909 9.59768 15.186 11.7553 10.4643 14.8546
threshold=-78.09999999999998 0 0.32218015418531593 -26.499999999999996 -62.499999999999993 49.500000000000007 1 199.50000000000003 3.5000000000000004 0.002300324556747807 2 64.565000000000012 -0.41166666666666651 1.0000000180025095e-35
decision_type=8 9 10 8 10 10 9 2 2 8 9 10 8 2
left_child=1 2 -1 4 -4 8 7 -7 9 10 -2 12 13 -12
right_child=5 -3 3 -5 -6 6 -8 -9 -10 -11 11 -13 -14 -15
leaf_value=-0.01940620570068655 -0.011579635243425764 -0.028894888705861599 -0.024467178893771546 -0.0095725575974428059 0.08493884732351667 0.013359897549939681 -0.0057057409523314133 0.064735275939293721 -0.024686932782012991 -0.0010009149044192954 -0.035044671794194932 0.10432800688903121 0.015182951368821527 0.10565357076294327
leaf_weight=19.997013709275052 36.173633943544701 32.135080033447593 3.8899756977334619 8.9271612898446637 7.9507841547019762 20.617664700374007 30.765920092817396 14.837862838990985 30.000842477194965 1698.1120543486904 1.9587783811148236 3.9576134921517214 58.007328039966524 6.4348946996033192
leaf_count=413 1445 653 59 203 112 188 571 147 1142 36665 115 140 1614 99
internal_value=-0.00048095 -0.0149967 0.00266831 0.0250643 0.04989 8.3336e-05 0.0160034 0.0282868 -0.000499704 -8.416e-05 0.0144022 0.0257497 0.0234082 0.0725844
internal_weight=1973.77 72.9 40.7649 20.7679 11.8408 1900.87 66.2214 35.4555 1834.65 1804.64 106.532 70.3586 66.401 8.39367
internal_count=43566 1440 787 374 171 42126 906 335 41220 40078 3413 1968 1828 214
cat_boundaries=0 2 4 6
cat_threshold=50906186 46 2193654788 9 2202308956 42
is_linear=0
shrinkage=0.05


Tree=124
num_leaves=15
num_cat=5
split_feature=6 29 9 29 54 19 14 29 11 25 28 29 3 26
split_gain=7.10151 17.8118 9.99026 7.58381 7.46278 9.91659 7.16971 11.4201 14.7481 12.3446 11.1353 10.9849 16.4311 16.4782
threshold=-96.499999999999986 0 6.5000000000000009 1 31.500000000000004 92.600000000000009 4.0025000000000013 2 5.8521162654454404 0.23899029780188089 3 4 0.87715761889862343 2522.5000000000005
decision_type=8 9 2 9 10 8 10 9 2 10 9 9 10 2
left_child=1 2 -1 4 -2 -6 10 -8 9 -9 11 12 13 -5
right_child=3 -3 -4 6 5 -7 7 8 -10 -11 -12 -13 -14 -15
leaf_value=0.06809804335568348 -0.01006015481201634 -0.02766293137914998 -0.00050576038659768611 -0.042442774931158077 0.098565824375814959 -0.032922226628054246 -0.0073397954289215073 -0.030309851140819466 0.011903019945289618 0.069796275159400775 0.0038057410101963863 -0.0015379418771235859 0.014170369928219859 0.044012716739930499
leaf_weight=8.4678945145569759 196.41092799627222 51.962073964299634 12.040724817663429 60.367017884971574 2.6190592460334292 1.7276315381750462 51.999923692783341 3.0141495242714909 82.893027523998171 20.521384633611888 1045.1042824541219 412.51772148953751 22.222803683253005 5.2503808231558642
leaf_count=102 5763 657 97 3527 68 59 1276 98 1624 414 16092 12888 533 296
internal_value=0.000233294 -0.0150205 0.0202532 0.000821268 -0.0081181 0.0499217 0.00191506 0.0120218 0.0202593 0.0562631 0.000884276 -0.00518572 -0.0202389 -0.0349682
internal_weight=1977.12 72.4707 20.5086 1904.65 200.758 4.34669 1703.89 158.428 106.429 23.5355 1545.46 500.358 87.8402 65.6174
internal_count=43494 856 199 42638 5890 127 36748 3412 2136 512 33336 17244 4356 3823
cat_boundaries=0 2 4 6 7 8
cat_threshold=35132418 18 1343377424 2 52953160 24 8429857 15213121
is_linear=0
shrinkage=0.05


Tree=125
num_leaves=15
num_cat=2
split_feature=7 29 55 24 7 28 25 2 31 24 24 4 26 7
split_gain=6.98014 7.29694 13.2774 12.2079 9.99335 9.88018 15.9301 15.6317 22.0025 13.814 13.5108 13.1687 13.552 14.5857
threshold=-19.499999999999996 0 5.5000000000000009 0.088183103662527559 54.500000000000007 1 0.072092923468646361 3.2348400798714709 2.5000000000000004 0.42887910593178608 1.0000000180025095e-35 0.12568063911407282 119.50000000000001 18.500000000000004
decision_type=8 9 2 10 10 9 8 2 10 10 10 8 2 8
left_child=-1 4 5 -4 -2 6 10 11 -9 -10 -3 12 13 -8
right_child=1 2 3 -5 -6 -7 7 8 9 -11 -12 -13 -14 -15
leaf_value=-0.024219937941819744 -0.0018033067457685513 -0.026595707706819672 0.091720921110910375 0.014014538485315101 -0.036823522123825801 -0.0022891087795727343 0.16649866301089566 0.11945317855996802 0.031092646524098003 -0.042363000634066977 0.090344709758424388 -0.0071135900296979519 -0.0089231133173573816 0.019526967358384772
leaf_weight=28.118452424183488 990.93076052749529 2.72967530414462 4.2696245447732499 157.29413817985915 19.803600680548698 594.49877028749324 2.43607890419662 5.2437643259763709 33.956085090525448 6.9224926652386776 9.462703491561113 117.77100066235289 6.0418598861433566 3.925197459757328
leaf_count=733 23099 73 41 2034 743 12982 77 66 434 104 172 2495 285 177
internal_value=8.02967e-05 0.000441954 0.00357846 0.0166197 -0.00250047 0.000915386 0.0105455 0.00709347 0.0317704 0.0179389 0.0641322 -0.00182541 0.0451716 0.0907827
internal_weight=1983.4 1955.29 944.551 161.564 1010.73 782.988 188.489 176.296 46.1223 40.8786 12.1924 130.174 12.4031 6.36128
internal_count=43515 42782 18940 2075 23842 16865 3883 3638 604 538 245 3034 539 254
cat_boundaries=0 2 3
cat_threshold=1890510097 43 4858884
is_linear=0
shrinkage=0.05


Tree=126
num_leaves=15
num_cat=2
split_feature=49 27 15 4 19 11 22 21 29 54 19 3 11 25
split_gain=6.63835 6.07475 7.1102 9.17346 6.26587 9.79762 8.2829 7.9519 7.79039 9.99277 11.9621 9.68889 11.3959 9.55528
threshold=1.0000000180025095e-35 0 7.8620765787256515 2.0811729952369444 98.750000000000014 5.6675506200009691 -4.0216666666666656 0.96366140350522478 1 28.500000000000004 98.250000000000014 0.98581701918799503 5.601029591857432 0.54627041186734071
decision_type=2 9 10 10 10 2 8 10 9 8 8 8 2 10
left_child=1 2 -1 -4 6 7 -3 -6 9 10 -8 -11 13 -13
right_child=-2 4 3 -5 5 -7 8 -9 -10 11 -12 12 -14 -15
leaf_value=-0.044793430458944267 -0.037168386579814985 0.055933777925293797 -0.0398264768088522 0.072262718564424372 -0.0021432702587169533 -0.022899126217313413 0.059754556990427699 0.073535915054286791 0.0026010621807537933 -0.012194842671982691 -0.021471574505958674 0.11898986792746047 0.0020717132212574921 0.0021339565823284283
leaf_weight=17.050604115007449 10.82832806999795 5.9176656757481396 2.7386213676072648 2.6530107259750366 11.088039404479785 57.549984472803771 10.981070590671154 4.0172438854351631 1545.9291251355316 254.09401420713402 6.624588369857519 3.1427145390771321 49.054059543181211 3.092407395131886
leaf_count=1457 375 251 131 56 258 1052 191 76 32013 6663 144 79 740 71
internal_value=0.000177534 0.000401118 -0.0207363 0.0180048 0.000757022 -0.0135456 0.00132105 0.0212998 0.00111874 -0.00577903 0.0296798 -0.00807215 0.0107547 0.0693387
internal_weight=1984.76 1973.93 22.4422 5.39163 1951.49 72.6553 1878.84 15.1053 1872.92 326.989 17.6057 309.383 55.2892 6.23512
internal_count=43557 43182 1644 187 41538 1386 40152 334 39901 7888 335 7553 890 150
cat_boundaries=0 1 3
cat_threshold=107064 1880201492 2
is_linear=0
shrinkage=0.05


Tree=127
num_leaves=15
num_cat=2
split_feature=14 14 29 18 3 19 20 24 29 0 26 4 19 7
split_gain=7.33622 9.80685 14.9093 8.86636 8.21237 11.887 11.1847 10.4935 10.9813 12.2108 9.97602 11.426 9.58914 9.99732
threshold=17.033750000000005 10.398750000000001 0 1.9999999999999984 0.97899080064913535 84.225000000000009 14.505000000000004 0.53086783921877956 1 92.995000000000019 359.00000000000006 104.1280328403485 88.215000000000018 19.500000000000004
decision_type=10 10 9 10 10 8 10 8 9 8 2 10 10 8
left_child=1 4 3 -3 12 6 -6 8 10 -10 -7 -12 -1 -14
right_child=-2 2 -4 -5 5 7 -8 -9 9 -11 11 -13 13 -15
leaf_value=0.00085530139689305763 -0.029931801941682396 0.0031597437643780335 -0.011637020929407028 0.082220289796152146 0.058671946026692248 0.027016149697369925 -0.010403872018748964 0.048589493375100962 -0.040284647886752456 -2.9436932634326027e-05 -0.023179020943401588 0.06855773546387596 -0.014927020931178739 0.0043342098023632048
leaf_weight=1381.6362711207476 18.65431577898562 4.6488948236219612 18.531149309128523 15.153459031833334 19.718455647118393 58.435486629605293 7.7965571605600408 11.812166535528375 23.985890274867415 76.56944573787041 22.315654447535056 2.9887710267212233 212.46180334454402 97.88454217556864
leaf_count=32850 383 78 482 246 163 490 117 282 380 1044 502 41 4830 1581
internal_value=0.000463814 0.000769164 0.025483 0.0436977 0.000261573 0.00924451 0.0394204 0.00483214 0.00178048 -0.00904333 0.0141307 -0.0101494 -0.000930424 -0.00885754
internal_weight=1972.59 1953.94 38.3335 19.8024 1915.61 223.622 27.515 196.107 184.295 100.555 83.7399 25.3044 1691.98 310.346
internal_count=43469 43086 806 324 42280 3019 280 2739 2457 1424 1033 543 39261 6411
cat_boundaries=0 2 4
cat_threshold=8692736 44 1652659468 21
is_linear=0
shrinkage=0.05


Tree=128
num_leaves=15
num_cat=4
split_feature=25 23 29 4 28 29 55 10 1 25 12 3 29 2
split_gain=6.94015 12.7348 10.3225 14.7315 10.1841 13.874 13.8536 13.736 22.7447 14.791 13.0293 17.5301 14.8065 22.8761
threshold=6.948080604341496 0.53958333333333353 0 8.9556499578638853 1 2 2.5000000000000004 25.500000000000004 0.5747340425531916 1.4563465961146618 1.5000000000000002 0.011203824606826821 3 18.556994344297898
decision_type=10 10 9 8 9 9 2 2 10 10 2 8 9 2
left_child=4 2 3 -2 5 7 10 -1 9 -9 11 -7 13 -13
right_child=1 -3 -4 -5 -6 6 -8 8 -10 -11 -12 12 -14 -15
leaf_value=0.011740542083993433 0.076327908637157549 0.014369599424134336 -0.030041113150039191 -0.013666117597939257 -0.0026711889323763061 0.032885762953207873 -0.0075264667452390535 0.15520362990180475 -0.0044093384765720948 0.047967076260752341 0.024296907550345938 0.002914941160448656 -0.0057651387764249143 0.072275652423581041
leaf_weight=148.61953265313059 5.6704367268830538 32.012871064245701 59.294394086115062 13.56380854547024 948.87809004681185 41.932122437749058 265.2255362868309 4.6510618841275599 11.243498404510317 10.985373277217148 85.389871764462441 39.321735547389835 284.04832226596773 16.094748781993985
leaf_count=2382 65 326 777 145 27571 813 3594 58 199 121 1748 960 4464 152
internal_value=0.000214718 -0.011899 -0.0226536 0.0102569 0.000942065 0.00469651 0.00156014 0.0169148 0.050143 0.0872764 0.00676149 0.00278227 -0.00102191 0.0203725
internal_weight=1966.93 110.542 78.5286 19.2342 1856.39 907.512 732.012 175.499 26.8799 15.6364 466.787 381.397 339.465 55.4165
internal_count=43375 1313 987 210 42062 14491 11731 2760 378 179 8137 6389 5576 1112
cat_boundaries=0 1 2 4 6
cat_threshold=2181582852 5784118 1081615880 7 2181333008 56
is_linear=0
shrinkage=0.05


Tree=129
num_leaves=15
num_cat=1
split_feature=29 5 11 11 25 15 55 7 21 2 25 15 25 8
split_gain=6.47606 8.75184 7.39004 10.0868 12.8365 11.4852 18.5311 18.0187 15.4933 11.6515 15.0774 9.58586 8.92261 9.30857
threshold=0 0.94932491883116898 5.1853723819131607 5.7007277735421109 0.35395153295817106 1.0000000180025095e-35 10.500000000000002 12.500000000000002 1.0183441603702572 12.8375930122964 1.2263318816746664 8.2400053103704796 0.52669316429787993 8.5000000000000018
decision_type=9 10 2 2 10 10 2 10 10 2 10 10 10 8
left_child=1 2 -1 4 11 6 7 9 12 10 -6 -4 -7 -14
right_child=-2 -3 3 -5 5 8 -8 -9 -10 -11 -12 -13 13 -15
leaf_value=-0.027156728637625745 0.0028181731452194378 -0.036734181159020607 -0.030562458546769578 -0.0037123103531222219 0.0034713069900778647 0.054476316639855929 -0.041105126832405664 -0.02520897734531205 0.067999583296708535 0.12220603517656262 0.077005321261287119 0.042591435393233512 0.027691167457263022 -0.025277376910148683
leaf_weight=27.710878821322694 1084.4955242767464 17.759277858538553 24.02289243973792 711.07007731916383 11.97673774440773 4.4465057337656608 5.7381456661969414 6.2517925591673693 7.1821171198971561 6.260683028958737 16.012639163527638 4.5402447634842238 9.8807630036026257 35.008429415058345
leaf_count=866 22425 666 1179 15850 419 156 88 246 98 75 249 104 295 725
internal_value=0.00023974 -0.00290835 -0.00220996 -0.00135809 0.0113211 0.0195341 0.0377355 0.0496267 0.00424544 0.0636143 0.0467451 -0.0178869 -0.0062022 -0.0132689
internal_weight=1972.36 887.861 870.102 842.391 131.321 102.758 46.24 40.5019 56.5178 34.2501 27.9894 28.5631 49.3357 44.8892
internal_count=43441 21016 20350 19484 3634 2351 1077 989 1274 743 668 1283 1176 1020
cat_boundaries=0 2
cat_threshold=3640282388 11
is_linear=0
shrinkage=0.05


Tree=130
num_leaves=15
num_cat=1
split_feature=8 8 27 4 8 2 8 2 1 24 15 8 1 10
split_gain=6.50996 7.83447 9.17536 10.0491 10.5154 8.65978 10.8615 7.93546 7.48608 7.46825 8.59878 7.57173 9.26576 10.7014
threshold=-10.499999999999998 -2.4999999999999996 0 -58.422121180081888 16.500000000000004 -4.4638575469782049 57.500000000000007 -1.9232644843254596 0.46709956709956718 0.20018269823724433 0.86028052604546812 41.500000000000007 1.167165668662675 7.5000000000000009
decision_type=8 8 9 8 8 2 10 2 8 8 8 8 8 2
left_child=-1 -2 -3 4 -4 6 8 -7 -5 10 -10 12 13 -11
right_child=1 2 3 5 -6 7 -8 -9 9 11 -12 -13 -14 -15
leaf_value=-0.035066969908807928 0.037754422274251256 -0.028676540420099834 0.1164807967806127 0.060576096852944739 -0.00059185824487421911 -0.037007615291952276 -0.033724793469443258 0.00010325641287673955 0.02866054103487008 0.044291860637887676 -0.039384205035896486 0.04330649165182416 -0.011910918667949933 -0.011110413454887223
leaf_weight=11.740725130308418 13.230615298263727 15.563832743791862 2.8414652945939451 8.5020481869578344 3.8106151092797518 13.521734409499912 10.282501277979462 1789.6559065054171 6.466770603787154 25.341609651222825 11.595670024864377 23.94581475481391 26.370005403645337 12.517966093495486
leaf_count=254 283 1740 105 90 150 291 147 39294 99 215 146 236 328 128
internal_value=0.000558946 0.000789695 0.000519727 0.000912691 0.0581031 0.000690106 0.0133617 -0.00019539 0.0178363 0.0138829 -0.0147971 0.019858 0.0105861 0.026159
internal_weight=1975.39 1963.65 1950.42 1934.85 6.65208 1928.2 125.022 1803.18 114.74 106.238 18.0624 88.1754 64.2296 37.8596
internal_count=43506 43252 42969 41229 255 40974 1389 39585 1242 1152 245 907 671 343
cat_boundaries=0 1
cat_threshold=103032
is_linear=0
shrinkage=0.05


Tree=131
num_leaves=15
num_cat=1
split_feature=21 0 24 1 28 3 4 11 25 51 1 4 5 55
split_gain=6.59252 6.33224 5.90544 6.28989 5.69666 13.2574 12.7468 14.9195 11.9689 11.3843 10.9011 10.2473 17.1368 10.0411
threshold=1.2507861874787474 99.905000000000015 0.2858380787323595 1.5627626050420169 0 0.26530259293249719 -5.4134719019523043 6.0157179960394043 14.26816440937362 1.0000000180025095e-35 0.34708049886621323 53.792856718493795 0.0066939890710382526 5.5000000000000009
decision_type=10 10 10 10 9 10 10 2 10 2 10 10 10 2
left_child=1 4 3 -3 -1 9 8 11 -7 10 -6 12 -8 -14
right_child=-2 2 -4 -5 5 6 7 -9 -10 -11 -12 -13 13 -15
leaf_value=0.0030115940746896579 -0.044789520064893257 -0.026185356154993546 -0.04224137197671099 0.073826684910222276 -0.035907423740497602 -0.0053045348163490505 0.12389164917244722 0.0036786001859434579 0.089375255469207326 0.076174040096555373 -0.0084256314902915949 -0.014751040683546712 0.01388956673171869 0.072168278764611099
leaf_weight=1169.6683540511876 7.0551215303130439 2.7758873638231334 14.570230564335359 1.786682622041553 46.604525007307529 353.16587373078801 4.9995410316623738 165.297568424372 2.3719353508204213 2.5072309658862642 153.29350102460012 8.2305348564404976 26.733287674607709 9.5886542259249818
leaf_count=15953 656 67 748 76 3357 10920 102 3053 18 79 7360 194 740 169
internal_value=0.000351722 0.000536817 -0.0273608 0.0192103 0.000825539 -0.00248955 0.00138422 0.0109717 -0.00442398 -0.0134815 -0.0149796 0.0347464 0.0447211 0.030796
internal_weight=1968.65 1961.59 19.1328 4.56257 1942.46 772.793 570.387 214.85 355.538 202.405 199.898 49.552 41.3215 36.3219
internal_count=43492 42836 891 143 41945 25992 15196 4258 10938 10796 10717 1205 1011 909
cat_boundaries=0 1
cat_threshold=5788562
is_linear=0
shrinkage=0.05


Tree=132
num_leaves=15
num_cat=3
split_feature=24 7 29 10 20 4 29 15 1 1 24 4 29 25
split_gain=9.22817 7.26596 20.1662 12.8065 17.7837 11.9486 10.9574 13.8576 10.2236 10.0184 10.8395 9.87671 12.7231 17.5944
threshold=0.06131738484209729 20.500000000000004 0 16.500000000000004 -11.992499999999998 9.3508528367139281 1 8.2400053103704796 0.75882841711674287 2.9240384615384616 0.2858380787323595 -42.624877784535833 2 1.0408894698692601
decision_type=8 10 9 2 10 10 9 10 8 10 8 10 9 10
left_child=-1 6 -3 9 -5 -6 7 -2 -9 10 -4 -10 -13 -14
right_child=1 2 3 4 5 -7 -8 8 11 -11 -12 12 13 -15
leaf_value=-0.023035662495912851 0.00080212471393945018 -0.0087736286449902647 -0.0011723652912610013 0.026155532951476292 0.18633505936418104 0.025949702200721181 -0.0045443424974214372 -0.0257221768967585 0.048717633280986265 0.076101673885377738 0.020324547237809975 -0.010998532808600272 0.07853328498510137 0.0054872461539061702
leaf_weight=41.182598351035267 524.15378572652116 139.34800221561454 126.95315353618935 29.532403238117695 2.3288249876350156 2.3611220708116889 887.38562192791142 9.815113469026981 30.894874267280102 4.677447870373725 107.81431769113988 28.598646121099591 14.297992097213863 18.230700444895774
leaf_count=1551 11447 3219 2375 604 83 42 19575 309 440 63 2880 441 194 217
internal_value=9.88854e-05 0.000605153 0.00647476 0.0140506 0.0427594 0.124342 -0.000999936 0.00403191 0.0208781 0.010371 0.00874418 0.0260716 0.014026 0.0300245
internal_weight=1967.57 1926.39 413.015 273.667 34.2224 4.68995 1513.38 625.991 101.837 239.445 234.767 92.0222 61.1273 32.5287
internal_count=43440 41889 9266 6047 729 125 32623 13048 1601 5318 5255 1292 852 411
cat_boundaries=0 2 4 6
cat_threshold=2168727646 57 2177239615 13 262168 9
is_linear=0
shrinkage=0.05


Tree=133
num_leaves=15
num_cat=0
split_feature=49 16 16 5 23 26 26 25 4 2 15 11 26 6
split_gain=7.30944 5.97604 7.98778 8.75855 8.35254 8.26198 15.7588 11.4813 9.16256 10.6678 14.8579 9.81271 9.97918 11.8785
threshold=1.0000000180025095e-35 5.8000000000000025 0.66500000000000281 0.40006666666666674 0.40458333333333346 1520.5000000000002 349.50000000000006 0.42849177664466304 -71.518588881885492 0.0047755812464078682 -0.15989519338607036 7.2146184555965069 3898.5000000000005 -26.499999999999996
decision_type=2 10 10 10 8 2 2 10 10 2 10 2 2 8
left_child=1 2 4 -4 -1 6 -6 -8 9 -7 -11 12 13 -10
right_child=-2 -3 3 -5 5 8 7 -9 11 10 -12 -13 -14 -15
leaf_value=-0.015646907559135493 -0.040521597478806244 -0.016976927968413606 -0.0046957037776357239 0.030088182215691844 0.00097931419729862363 0.012791000924555488 -0.04273867376566786 -0.0086331391791648164 0.03077321577352167 -0.018558602380829421 0.097613101307460412 -0.01699192520608734 0.044403604849114452 -0.010591850035676663
leaf_weight=82.287435316480696 10.174356853822244 49.323500451864675 29.47118598385714 44.925319152185693 1457.125190515304 26.330325247952715 31.380454768193886 107.0095128333196 26.347332342294976 3.3615375363733611 9.3665886465460044 36.78486739913933 19.138946725754067 46.590791766066104
leaf_count=2283 368 1033 716 877 27424 641 2485 3743 709 90 147 943 504 1538
internal_value=-0.000196784 3.19971e-05 0.000477527 0.0164295 -0.000174005 0.000556468 -0.00055646 -0.0166178 0.0110718 0.0319671 0.0678149 0.00454094 0.0132335 0.0045645
internal_weight=1979.62 1969.44 1920.12 74.3965 1845.72 1763.44 1595.52 138.39 167.92 39.0585 12.7281 128.862 92.0771 72.9381
internal_count=43501 43133 42100 1593 40507 38224 33652 6228 4572 878 237 3694 2751 2247
is_linear=0
shrinkage=0.05


Tree=134
num_leaves=15
num_cat=2
split_feature=3 28 1 19 0 32 3 11 18 18 43 15 11 28
split_gain=8.52587 12.5819 13.9119 9.91363 15.3486 14.4275 17.8211 8.50597 11.2434 8.60928 8.71548 9.54839 8.2958 9.10023
threshold=0.89938815442499032 0 1.3641711229946527 99.065000000000012 inf 0.90000000000000013 1.0145461174890944 7.8076930121123436 6.5000000000000027 2.4550000000000005 1.0000000180025095e-35 -0.030385991031213585 8.8360734256161795 1
decision_type=10 9 10 8 8 2 10 2 8 10 2 10 2 9
left_child=-1 2 -2 4 7 -6 -7 8 9 10 11 -3 13 -5
right_child=1 3 -4 12 5 6 -8 -9 -10 -11 -12 -13 -14 -15
leaf_value=-0.001903280936329829 -0.0038377221129569337 0.063040121820947426 0.052283579629770982 0.00017265877038356392 -1.7524191141848819e-05 0.020762599641405196 0.10354235882394003 -0.02238843808170558 -0.012295323629213397 0.053506880816365954 0.046987396476675061 -0.0072942822245851153 0.060422170491539751 -0.024978173931747349
leaf_weight=1576.3737278628396 16.530990188010037 4.4468291373923412 31.49317517504096 115.49732810724527 17.177995767910033 15.243706789799036 11.244845774024723 27.126862071920186 41.367946849903092 14.339606144931166 12.120712615549563 41.304211909649894 3.5173331834375849 43.346205799141899
leaf_count=38536 138 96 293 737 162 125 75 240 547 143 113 768 32 1511
internal_value=-0.00025711 0.00630469 0.0276426 0.00241395 0.0103911 0.0359285 0.0583924 0.00226827 0.00830119 0.0201072 0.011063 0.000744153 -0.00650511 -0.00835585
internal_weight=1971.13 394.758 48.0242 346.734 184.373 43.6665 26.4886 140.706 113.579 72.2114 57.8718 45.751 162.361 158.844
internal_count=43516 4980 431 4549 2269 362 200 1907 1667 1120 977 864 2280 2248
cat_boundaries=0 1 2
cat_threshold=1183749 24704
is_linear=0
shrinkage=0.05


Tree=135
num_leaves=15
num_cat=4
split_feature=13 27 4 8 19 3 28 2 26 29 20 29 31 20
split_gain=6.5598 6.22445 7.4351 11.2861 17.1205 6.34827 11.1218 10.8632 8.96614 17.9971 10.7776 10.7064 13.5626 10.5176
threshold=41.63750000000001 0 -58.422121180081888 16.500000000000004 67.632500000000007 0.7658647905461321 1 106.50484885190981 2925.5000000000005 2 13.595000000000001 3 37.500000000000007 -3.9975000000000018
decision_type=10 9 8 10 10 10 9 2 2 9 10 9 10 8
left_child=1 -1 3 4 -3 8 7 -7 10 13 11 -4 -13 -10
right_child=-2 2 5 -5 -6 6 -8 -9 9 -11 -12 12 -14 -15
leaf_value=-0.023474999488382844 -0.034844597693203354 -0.019056959737838376 -0.0068484819501283926 -0.035419463960785491 0.15362900808435767 0.023941879131498478 0.0012180845079639881 -0.022091220278277642 0.0089804256424312386 -0.0078485421174482838 -0.031852768102823399 0.0017296602650075914 0.060738676540869375 0.094898091577822863
leaf_weight=15.583825023961252 12.16529948171228 2.0535033890046179 508.70125598553568 2.1093195129651576 2.610077798133716 112.67075401544571 479.23533877287991 13.656047105789183 5.1634807428345084 32.25177038135007 28.629922835854813 736.76427782233804 8.8695977460592967 12.361593928188087
leaf_count=1519 223 72 12653 105 65 1118 7074 95 103 761 1544 17757 142 278
internal_value=0.000331758 0.000567668 0.000888322 0.0496972 0.0876516 0.000696814 0.00493745 0.01746 -0.00123227 0.0193765 -0.00204633 -0.00134117 0.00247881 0.0463922
internal_weight=1972.83 1960.66 1945.08 6.7729 4.66358 1938.3 605.562 126.327 1332.74 49.7768 1282.97 1254.34 745.634 17.5251
internal_count=43509 43286 41767 242 137 41525 8287 1213 33238 1142 32096 30552 17899 381
cat_boundaries=0 1 2 4 6
cat_threshold=102970 1056773 33835074 40 851530039 57
is_linear=0
shrinkage=0.05


Tree=136
num_leaves=15
num_cat=1
split_feature=29 2 24 53 24 24 11 6 13 21 10 22 21 1
split_gain=6.8294 11.6617 9.18627 12.2522 12.4178 9.82707 9.08996 7.42482 6.81082 6.11616 13.6177 9.11629 8.82331 8.57281
threshold=0 -13.16528578157625 0.33975801775996789 28.500000000000004 0.1918950318967009 0.28423806559794212 5.7525884964728808 -8.4999999999999982 1.8800000000000014 0.97790083642899184 25.500000000000004 0.8633333333333334 1.0013466835483407 0.22767145135566189
decision_type=9 2 10 10 10 10 2 8 10 8 2 10 8 8
left_child=1 -1 3 4 -3 -6 -4 8 -8 10 11 -2 -11 -14
right_child=9 2 6 -5 5 -7 7 -9 -10 12 -12 -13 13 -15
leaf_value=0.10583661286931656 -0.0015926764881859048 -0.011545077008712415 -0.040264360882694833 -0.046325280763512271 0.081344347899154595 0.017921893017180741 0.05517810801804706 -0.02014480388529671 -0.018296329989902379 0.020882550367868104 0.016029160755225827 -0.03081917106643068 -0.024272277277576637 0.00046695490696721271
leaf_weight=2.4517775285057715 45.373397687217221 9.091937840683384 12.104154302505775 4.0700512304902068 14.304481874685736 11.344470115378497 9.7159875284414721 10.052257180912422 3.8917938531376413 50.863010297529399 36.65697735035792 64.163295204285532 34.769288342213258 1666.1312960130163
leaf_count=14 1246 330 442 38 289 121 177 352 76 559 590 3546 1782 33842
internal_value=0.000377735 0.0139914 0.0114627 0.028002 0.0377623 0.0550179 -0.00675902 0.0113195 0.0343506 -0.000254182 -0.0100448 -0.0188366 0.000566708 -5.27216e-05
internal_weight=1974.98 77.0269 74.5751 38.8109 34.7409 25.649 35.7642 23.66 13.6078 1897.96 146.194 109.537 1751.76 1700.9
internal_count=43404 1839 1825 778 740 410 1047 605 253 41565 5382 4792 36183 35624
cat_boundaries=0 2
cat_threshold=2166358180 4
is_linear=0
shrinkage=0.05


Tree=137
num_leaves=15
num_cat=0
split_feature=2 2 8 43 24 24 49 6 24 25 7 4 25 24
split_gain=6.50973 8.27388 8.23218 7.9843 10.7835 8.79855 7.3072 7.39121 8.28592 12.7268 13.1111 11.5299 9.23371 7.22279
threshold=-4.4638575469782049 -1.9232644843254596 57.500000000000007 1.0000000180025095e-35 0.20018269823724433 0.25863001091148652 1.0000000180025095e-35 27.500000000000004 0.45075937045691178 1.4407441044009692 24.500000000000004 30.074530476198746 -0.42766211864949233 0.44544088245656627
decision_type=2 2 10 2 8 10 2 10 8 10 10 8 10 10
left_child=2 -2 3 4 -1 -6 7 8 13 10 -10 -12 -13 -3
right_child=1 6 -4 -5 5 -7 -8 -9 9 -11 11 12 -14 -15
leaf_value=-0.02853233534274718 -0.039916266535083365 0.00063222574921455296 -0.032358988085079136 0.043538769358510414 0.04991165048989523 0.0077811539382925347 -0.043705592418888987 -0.013651459940638622 -0.0062761240021847247 -0.029887741792358341 -0.028782821636353085 0.012660391136028078 0.11318834267548838 0.024096140472003556
leaf_weight=16.118807755410671 12.944028423633425 1442.4850648604333 9.7298453701660019 17.723877746146172 13.933806822402401 76.230376249179244 9.0802837042137963 107.77386427787133 161.57048865349498 54.535281801130623 3.2856235194485617 4.2122011221945268 4.8452326294500381 32.562868806067854
leaf_count=244 317 27717 148 163 166 1001 359 4361 7063 1011 176 58 130 409
internal_value=-0.000767642 -0.00154644 0.00984053 0.013384 0.00799635 0.014768 -0.00125184 -0.00101501 -0.000208005 -0.00904728 -0.00237868 0.0452856 0.0723446 0.00116618
internal_weight=1967.03 1833.29 133.737 124.007 106.283 90.1642 1820.35 1811.27 1703.5 228.449 173.914 12.3431 9.05743 1475.05
internal_count=43323 41601 1722 1574 1411 1167 41284 40925 36564 8438 7427 364 188 28126
is_linear=0
shrinkage=0.05


Tree=138
num_leaves=15
num_cat=2
split_feature=7 29 2 3 9 15 18 3 8 29 1 11 7 23
split_gain=7.12692 18.8507 10.8945 13.1601 10.8573 10.5216 14.7542 11.6687 11.7058 10.4657 10.4232 10.0987 13.0973 9.99048
threshold=17.500000000000004 0 38.792559025927666 0.35831143949637528 2.5000000000000004 1.8970760159184068 -3.4025000000000012 0.043356907537827234 3.5000000000000004 1 1.4314757481940148 8.0237400899198672 46.500000000000007 -0.50208333333333321
decision_type=10 9 2 10 2 8 10 10 10 9 10 2 8 8
left_child=9 4 5 -4 -2 6 7 8 -3 -1 -5 12 -6 -11
right_child=1 2 3 10 11 -7 -8 -9 -10 13 -12 -13 -14 -15
leaf_value=0.003654094039603652 -0.016652618710994684 0.038514900650182884 -0.0215194177374049 0.036750726564090973 0.012767347679761063 0.01052740510365696 -0.0059019508228403414 0.027809160778504774 0.11879908545151424 -0.041829958046650198 -0.012617055380169859 -0.012184974294600396 0.095340108473867591 -0.0043324613008171647
leaf_weight=550.63999129552394 121.3108074136544 11.99763881089166 44.510471803601831 25.378340058494359 27.993861279217526 164.06342286337167 18.565810760948807 39.645148989045992 8.1680912654846889 17.147705668467097 17.306082870811224 29.466256935149431 4.9115120507776728 880.56816602346953
leaf_count=11514 4006 345 567 217 376 4165 672 912 139 877 145 330 65 19189
internal_value=5.143e-05 0.005108 0.0120404 -0.0027315 -0.00757257 0.0178372 0.0328131 0.04473 0.0751103 -0.00174298 0.0169043 0.00887697 0.0275407 -0.0050384
internal_weight=1961.67 513.317 329.635 87.1949 183.682 242.44 78.3767 59.8109 20.1657 1448.36 42.6844 62.3716 32.9054 897.716
internal_count=43519 11939 7162 929 4777 6233 2068 1396 484 31580 362 771 441 20066
cat_boundaries=0 2 4
cat_threshold=2193893462 25 2273716812 44
is_linear=0
shrinkage=0.05


Tree=139
num_leaves=15
num_cat=4
split_feature=0 3 29 1 6 30 28 29 6 25 14 25 21 29
split_gain=5.47546 6.46433 12.1972 17.2511 12.2915 9.06696 13.9028 19.9868 15.4931 17.8591 15.1153 13.9361 14.1969 13.4341
threshold=99.905000000000015 0.91803654809627955 0 1.8672955974842769 -96.499999999999986 1.5000000000000002 1 2 -50.499999999999993 0.55905184980657607 7.0900000000000016 7.172125932482305 0.97790083642899184 3
decision_type=10 10 9 10 8 2 9 9 8 10 10 10 10 9
left_child=1 5 3 -3 -4 -1 11 10 9 -9 -8 13 -13 -7
right_child=-2 2 4 -5 -6 6 7 8 -10 -11 -12 12 -14 -15
leaf_value=-0.0049271767482936286 -0.027280202739791662 0.0076231166066027551 -0.035746524520684837 0.052163242419957893 0.0035629049463487463 -0.016617192559353049 -0.035119601569912194 -0.03729542630702027 -0.00055788781603083228 0.10671899383569355 0.046336820199211225 -0.025130109015900251 0.044862717131777141 0.011822915451980227
leaf_weight=773.87764261034317 17.164568660198711 66.322144527221099 20.788586479146034 31.657220434164628 226.75162699492648 37.180176286958158 74.998258434934542 2.5014720682520402 165.55942145548761 6.0280158622190356 5.3054633990395805 52.008667437359691 7.4586600102484217 475.74631279846653
leaf_count=21375 869 755 234 446 2789 646 3024 102 4851 98 128 718 49 7205
internal_value=4.42768e-05 0.000299154 0.00649113 0.0203406 0.000126058 -0.00104066 0.0025987 -0.00697209 0.00284465 0.0650018 -0.0260324 0.00685901 -0.0157545 0.00963979
internal_weight=1963.35 1946.18 345.52 97.9794 247.54 1600.66 826.786 254.393 174.089 8.52949 80.3037 572.394 59.4673 512.926
internal_count=43289 42420 4224 1201 3023 38196 16821 8203 5051 200 3152 8618 767 7851
cat_boundaries=0 2 3 5 7
cat_threshold=587837702 5 4214950 46769218 37 3762297088 8
is_linear=0
shrinkage=0.05


Tree=140
num_leaves=15
num_cat=3
split_feature=4 29 4 26 14 5 29 5 14 4 15 23 7 29
split_gain=6.10807 10.9007 8.50469 8.39138 7.34932 6.61025 17.5029 11.2687 8.79298 11.9394 8.57546 8.25308 9.54378 7.52941
threshold=-26.425552022489484 0 -58.422121180081888 3085.5000000000005 2.9895833333333339 0.51234931009440821 1 0.61693611473272503 1.0000000180025095e-35 -0.9297014380618992 13.040075737926031 -0.50208333333333321 23.500000000000004 2
decision_type=8 9 8 2 10 10 9 10 10 10 8 8 10 9
left_child=1 2 4 -4 -1 11 7 8 9 10 -7 12 -2 -13
right_child=5 -3 3 -5 -6 6 -8 -9 -10 -11 -12 13 -14 -15
leaf_value=-0.0050472238746533792 -0.041438647079847069 -0.030634813104240599 -0.015254980539211496 0.056577793443057127 0.10838313029317137 0.0057557361970707972 -0.0051433553873479407 0.011690110328222949 0.061238652550619013 -0.022947485604342809 0.12375330031936596 -0.0050159962122185943 0.018397293699569273 0.0023371670778155377
leaf_weight=2.1985568414675072 23.182672195136551 30.402404122287408 20.719020052347339 4.0029537240043274 2.6683731772936881 3.2328162298072129 125.82425774331205 84.676534871570766 25.226570211118087 9.0801818147301656 2.1308372791390857 490.01510427705944 8.5320672080852074 1129.9761656841729
leaf_count=125 805 2040 941 204 66 90 2992 1417 398 136 66 11355 259 22483
internal_value=0.000242535 -0.0153329 0.00820862 -0.00187649 0.0650163 0.000741635 0.00829877 0.0206 0.0439282 0.0116875 0.0647135 -0.000407314 -0.025271 9.47334e-05
internal_weight=1961.87 59.9913 29.5889 24.722 4.86693 1901.88 250.171 124.347 39.6704 14.4438 5.36365 1651.71 31.7147 1619.99
internal_count=43377 3376 1336 1145 191 40001 5099 2107 690 292 156 34902 1064 33838
cat_boundaries=0 2 4 5
cat_threshold=2189717767 53 549797216 8 1623488856
is_linear=0
shrinkage=0.05


Tree=141
num_leaves=15
num_cat=0
split_feature=24 6 25 15 4 19 11 22 6 1 25 2 51 55
split_gain=6.48325 9.35596 8.87212 11.7969 9.14284 7.82609 9.14433 9.55187 7.2807 7.54332 8.90418 10.4623 6.88259 9.09142
threshold=0.45452329600850888 31.500000000000004 0.55905184980657607 5.1451856721101352 -71.518588881885492 83.342500000000015 5.9714914023479029 52.500000000000007 26.500000000000004 2.8854895104895109 4.9615152416896704 -1.0000000180025095e-35 1.0000000180025095e-35 3.5000000000000004
decision_type=10 10 10 8 8 10 2 8 10 10 10 2 2 2
left_child=8 2 3 -2 -4 -5 -7 -8 9 12 11 -11 -1 -14
right_child=1 -3 4 5 -6 6 7 -9 -10 10 -12 -13 13 -15
leaf_value=0.0016981917446687728 -0.015351729376818252 0.055960930403494216 0.072487868511191475 0.0069505914355574606 -0.019989454608327933 0.013141793608713074 -0.0088822703035925377 0.13514174011044425 -0.011544411884370505 0.034544844048029995 0.048807919782364872 -0.023136116719202911 0.054285514604595519 0.0077348001218917094
leaf_weight=1497.3886491527082 44.561014402192086 4.5355566521175197 1.7692605830961836 30.185657442780212 128.02719780849293 7.0238842091057432 1.387268853606656 3.5168288589920849 112.42724363948219 7.9248139578849068 4.5292650535702697 71.578087714733556 13.104401457589118 42.651456449879333
leaf_count=27429 2519 250 70 1159 4492 266 141 93 4269 128 37 1948 218 443
internal_value=-0.000314105 -0.00836325 -0.00996211 0.00241774 -0.0181843 0.0211398 0.0537327 0.0997964 0.000706844 0.00155469 -0.012948 -0.0170288 0.00234718 0.0194394
internal_weight=1970.61 221.007 216.471 86.6747 129.796 42.1136 11.928 4.9041 1749.6 1637.18 84.0322 79.5029 1553.14 55.7559
internal_count=43462 8990 8740 4178 4562 1659 500 234 34472 30203 2113 2076 28090 661
is_linear=0
shrinkage=0.05


Tree=142
num_leaves=15
num_cat=3
split_feature=49 21 28 29 55 19 21 29 24 21 25 8 26 16
split_gain=6.69759 5.77052 5.36722 16.5674 13.4466 13.1157 13.6852 9.74957 12.6524 11.7113 11.2956 15.2568 17.5459 16.3912
threshold=1.0000000180025095e-35 1.2507861874787474 0 1 1.5000000000000002 30.500000000000004 1.0183441603702572 2 0.15827288510007709 0.9862759553817263 1.0107278867471627 3.5000000000000004 62.500000000000007 4.7175000000000047
decision_type=2 10 9 9 2 10 8 9 10 8 10 10 2 8
left_child=1 2 7 4 -4 -5 -7 8 -1 -9 11 12 13 -10
right_child=-2 -3 3 5 -6 6 -8 9 10 -11 -12 -13 -14 -15
leaf_value=-0.0080918325529641399 -0.039392341824355609 -0.044169102803179677 -0.034399717824175037 -0.0065975414452226159 -0.0044086156401868621 -0.04413683715472827 0.010511532271935069 -0.020618187014870726 -0.024267522558389844 0.00078948519374509325 0.0075782024212263628 0.010740558912010712 0.015731030078427327 0.10840031615806645
leaf_weight=93.751228206325322 9.796041162684558 6.3344736443832508 69.513605203246698 295.51295132562518 80.246729490580037 10.965943843708372 281.19065449899063 69.362477622460574 2.3641678551211953 693.41977423173375 276.7998873507604 49.510402823332697 16.039816040080041 14.248411300592126
leaf_count=1890 385 606 5061 9019 2075 1597 5969 1379 53 10023 3921 933 386 296
internal_value=-0.000118451 9.79086e-05 0.000264024 -0.00307574 -0.0173167 0.000804886 0.00831677 0.00229748 0.00802298 -0.00116637 0.0124654 0.0286409 0.0546572 0.0892142
internal_weight=1969.06 1959.26 1952.93 737.43 149.76 587.67 292.157 1215.5 452.714 762.782 358.963 82.1628 32.6524 16.6126
internal_count=43593 43208 42602 23721 7136 16585 7566 18881 7479 11402 5589 1668 735 349
cat_boundaries=0 1 3 5
cat_threshold=4870438 1106968897 2 1090062827 22
is_linear=0
shrinkage=0.05


Tree=143
num_leaves=15
num_cat=1
split_feature=0 5 7 21 7 7 15 18 5 5 55 4 28 15
split_gain=5.17012 6.00696 6.42732 4.7915 4.83746 5.1438 11.4313 15.4866 12.8235 13.9013 12.0485 10.0231 10.1939 15.7095
threshold=99.010000000000005 0.40503164556962029 -13.499999999999998 1.3570291040850917 54.500000000000007 20.500000000000004 -0.082032456343269708 -3.4025000000000012 0.5394379310344829 0.71158318425760292 9.5000000000000018 3.2788890556972543 0 8.2400053103704796
decision_type=10 10 8 10 10 10 10 10 10 10 2 10 9 8
left_child=3 -2 -3 4 5 -1 8 10 -7 -10 11 12 13 -8
right_child=1 2 -4 -5 -6 6 7 -9 9 -11 -12 -13 -14 -15
leaf_value=0.00051907011315492928 -0.047675265667259881 0.06680158395148697 -0.01329173172517004 -0.042919677983768313 -0.014902593393535668 -0.0095657386475622545 -0.011019099345620073 -0.0056727909656540693 0.11515109409500926 -0.012638351291741085 -0.013066777725745431 0.083893561158619526 0.029116026858664497 0.089575248472254745
leaf_weight=1508.9583597260062 10.662606373662131 1.946665699360892 15.717039203504102 5.1003262200392774 43.125963080208749 118.34926799149252 40.017805774696171 79.110826844116673 3.4418151895515612 3.7448072417173535 22.648539789021015 6.1412396479863665 114.2220454942435 3.2869921736419192
leaf_count=32032 523 109 620 369 1394 3285 699 1787 80 143 223 119 2024 29
internal_value=0.00101466 -0.0198243 -0.0013586 0.00132768 0.00146584 0.00184503 0.00694833 0.0128126 -0.00545419 0.0551526 0.02065 0.0253668 0.0225703 -0.00125166
internal_weight=1976.47 28.3263 17.6637 1948.15 1943.05 1899.92 390.963 265.427 125.536 7.18662 186.317 163.668 157.527 43.3048
internal_count=43436 1252 729 42184 41815 40421 8389 4881 3508 223 3094 2871 2752 728
cat_boundaries=0 1
cat_threshold=8527873
is_linear=0
shrinkage=0.05


Tree=144
num_leaves=15
num_cat=3
split_feature=4 29 2 11 26 31 29 1 2 9 4 15 0 28
split_gain=5.5646 11.1032 10.1866 6.0481 6.00927 11.2314 11.9452 12.7567 9.42036 15.9062 13.6267 10.3324 9.51603 8.67964
threshold=-33.289878873054988 0 5.1590215924167468 5.3703589096725812 1452.0000000000002 7.0000000000000009 1 0.85906464427591189 0.042101073194633638 2.5000000000000004 -22.680465285700677 6.3660623280207895 95.00500000000001 2
decision_type=8 9 2 2 2 8 9 8 2 2 8 8 8 9
left_child=1 2 3 -1 13 6 -6 -8 10 -10 -9 12 -12 -2
right_child=4 -3 -4 -5 5 -7 7 8 9 -11 11 -13 -14 -15
leaf_value=0.057140584670661403 -0.0090325700066463625 -0.030746322864155302 0.090058404760842953 -0.033911954739509469 -0.0077813399580911342 -0.022987706231763851 -0.034309524577300195 0.11770714874684388 -0.022759036361229994 0.047635196275780667 0.031627348816938343 0.053143551202288378 -0.023054920807661784 0.00046272458980565882
leaf_weight=1.6918083871714751 276.6278085578233 25.767228533513844 3.8576805600896478 4.6843478719238192 46.306579707656056 23.408106150338426 7.9147270533721885 4.2589412776287645 18.879225164651874 12.475914908107368 21.027251022169366 29.333443431416526 11.57181622693315 1473.5621354018804
leaf_count=40 13220 1796 103 267 1621 836 468 126 359 267 622 489 290 23033
internal_value=-0.000575082 -0.0197815 0.0187681 -0.00528132 -0.000205872 0.00859646 0.0135865 0.021651 0.0286906 0.00585675 0.0392589 0.0320796 0.0121081 -0.0010913
internal_weight=1961.37 36.0011 10.2338 6.37616 1925.37 175.176 151.768 105.461 97.5466 31.3551 66.1915 61.9325 32.5991 1750.19
internal_count=43537 2206 410 307 41331 5078 4242 2621 2153 626 1527 1401 912 36253
cat_boundaries=0 2 4 5
cat_threshold=2147831809 37 1074606084 3 12618009
is_linear=0
shrinkage=0.05


Tree=145
num_leaves=15
num_cat=2
split_feature=24 29 15 7 29 24 24 11 4 55 24 26 13 26
split_gain=6.53975 17.7186 12.056 10.9159 9.09534 15.6177 18.3669 14.9046 15.7446 10.4875 9.9036 10.5996 9.83895 11.6502
threshold=0.42317797809127294 0 7.1949919361454509 24.500000000000004 1 0.24155069215148059 0.28423806559794212 5.6856863880826713 -1.2345386887933925 1.0000000180025095e-35 0.40557289142795427 282.50000000000006 16.505000000000006 12.500000000000002
decision_type=10 9 10 8 9 10 10 2 8 2 10 2 8 2
left_child=4 -2 -3 -4 5 -1 7 9 -9 -7 11 -6 13 -8
right_child=1 2 3 -5 10 6 12 8 -10 -11 -12 -13 -14 -15
leaf_value=-0.0037751891462715252 -0.023673572731504861 -0.0047387490023412327 0.014072165740891603 0.091977940737138553 6.8944029224066332e-05 0.026357423647605002 0.079582263957669985 -0.041075882316278595 0.035442927826559049 0.10747509174665736 0.022997547696354453 -0.014171063704129861 -0.00081268028165846292 0.015058886747876985
leaf_weight=181.15524244180415 91.170726074487902 205.83876959234476 53.97348928055726 3.9808884530793867 968.7015683457721 7.4734499736223396 6.8993549707811317 7.2580499174073339 37.739830071572214 10.221381864510475 40.586218680255115 150.05689448374324 125.73108498519287 69.999888333724812
leaf_count=4622 4066 6725 1082 88 16632 226 129 235 540 116 853 3690 2931 1531
internal_value=4.37322e-05 -0.00608819 0.000915492 0.0208929 0.00140213 0.00736728 0.0152373 0.0386732 0.022476 0.0764574 -0.000954762 -0.00185199 0.00783202 0.0217952
internal_weight=1960.79 354.964 263.793 57.9544 1605.82 446.478 265.323 62.6927 44.9979 17.6948 1159.34 1118.76 202.63 76.8992
internal_count=43466 11961 7895 1170 31505 10330 5708 1117 775 342 21175 20322 4591 1660
cat_boundaries=0 2 4
cat_threshold=1113128966 33 2205706439 36
is_linear=0
shrinkage=0.05


Tree=146
num_leaves=15
num_cat=1
split_feature=6 2 11 11 21 25 29 46 0 3 3 24 4 26
split_gain=5.9106 9.26101 5.73884 6.41976 5.48578 5.45122 5.34532 9.9571 8.01513 9.80862 14.0709 7.93006 10.1036 8.01243
threshold=42.500000000000007 -33.660743687322423 5.3703589096725812 5.2397874187367011 1.2507861874787474 20.599863950636131 0 1.0000000180025095e-35 64.705000000000013 0.69108508904996524 0.95754171666650689 0.42317797809127294 38.532511852131243 939.00000000000011
decision_type=10 2 2 2 10 10 9 2 8 8 10 10 10 2
left_child=4 -2 3 -3 5 6 11 -8 -9 -10 -11 12 13 -1
right_child=1 2 -4 -5 -6 -7 7 8 9 10 -12 -13 -14 -15
leaf_value=-0.0017547436066570302 0.073544875446186875 -0.01817324475441361 -0.027468943668903179 0.10130546728599443 -0.04384798818570787 -0.046804766196898995 0.0012859748001504967 -0.0096201925838184307 0.085415126061063024 -0.011623708978983798 0.074099556673012143 -0.017569052978863263 -0.033177586600781676 0.021113358732539333
leaf_weight=329.40591127914377 1.6872958634048689 2.0393383009359236 42.330703067593277 0.97565284883603443 6.071265298058278 5.1293083261698476 1381.3749169440707 10.317848631646482 7.73948238603771 12.571928649675103 6.5184897887520483 88.69616864353884 22.101711841765791 42.328854675521143
leaf_count=6757 16 100 1962 61 645 68 27922 124 120 125 46 3923 343 1240
internal_value=-0.000325093 -0.0176483 -0.0225553 0.0360922 0.000109984 0.000272909 0.000424471 0.00196895 0.0271829 0.0411731 0.0198782 -0.0040672 -0.00109265 0.00089887
internal_weight=1959.29 47.033 45.3457 3.01499 1912.26 1906.18 1901.06 1418.52 37.1477 26.8299 19.0904 482.533 393.836 371.735
internal_count=43452 2139 2123 161 41313 40668 40600 28337 415 291 171 12263 8340 7997
cat_boundaries=0 2
cat_threshold=1481195798 1
is_linear=0
shrinkage=0.05


Tree=147
num_leaves=15
num_cat=3
split_feature=4 29 6 1 4 22 29 55 28 6 15 4 19 3
split_gain=6.00862 8.73994 7.67216 12.2391 6.87322 9.81819 6.62699 14.8357 20.6055 18.3742 12.8732 14.4771 12.7542 12.3478
threshold=-26.425552022489484 0 -65.499999999999986 1.2834577114427863 -31.173232411546238 -38.019999999999989 1 2.5000000000000004 2 -34.499999999999993 -0.0070631787659773205 0.0036965391264551788 98.250000000000014 0.89938815442499032
decision_type=8 9 8 8 10 10 9 2 9 10 10 10 8 10
left_child=1 2 -1 4 5 -4 7 8 10 13 -2 -12 -11 -10
right_child=6 -3 3 -5 -6 -7 -8 -9 9 12 11 -13 -14 -15
leaf_value=0.10251003810940516 -0.00050472067030730722 -0.025432058693619825 0.085464344816047033 -0.036518900697860068 -0.018294050618476328 -0.032361732767049921 0.0036624028619004867 -0.0086289010881970742 -0.0018254333984806881 -0.0040198702954933737 0.031957187039333812 -0.010094102214745396 -0.033872627911747874 0.045554841489913414
leaf_weight=1.2542731282301245 81.27962264791131 38.387256873189472 6.5554231430869532 9.0150594528531638 3.4521398739889326 1.7250243134330956 1040.3557440720033 443.71180028887466 35.143628323217854 84.885610396973789 114.01415832620114 24.399677894078195 61.242788676172495 21.513140082126483
leaf_count=51 1538 2003 250 765 156 190 20599 7195 1531 4331 1494 278 2769 348
internal_value=0.000499086 -0.0148982 0.0103458 0.00507394 0.0373911 0.0600761 0.000994344 -0.00222726 0.00444802 -0.00698819 0.0146411 0.0245251 -0.0166764 0.0166434
internal_weight=1966.94 60.3892 22.0019 20.7476 11.7326 8.28045 1906.55 866.19 422.479 202.785 219.693 138.414 146.128 56.6568
internal_count=43498 3415 1412 1361 596 440 40083 19484 12289 8979 3310 1772 7100 1879
cat_boundaries=0 2 4 5
cat_threshold=881666 52 1385058321 43 5264003
is_linear=0
shrinkage=0.05


Tree=148
num_leaves=15
num_cat=3
split_feature=4 29 4 26 4 32 26 29 4 21 14 29 7 0
split_gain=9.32146 9.10915 13.7112 8.0033 11.749 11.1823 9.16193 16.8954 13.8151 13.3243 10.0619 8.0702 12.6162 8.90093
threshold=-26.425552022489484 0 -55.396789156915652 1452.0000000000002 -22.680465285700677 0.90000000000000013 328.50000000000006 1 -0.9297014380618992 1.0368695607434479 0.24875000000000116 2 67.500000000000014 42.005000000000003
decision_type=8 9 8 2 10 2 2 9 10 10 10 9 10 10
left_child=1 2 -1 6 5 -5 11 8 -8 -9 -11 12 -2 -13
right_child=3 -3 -4 4 -6 -7 7 9 -10 10 -12 13 -14 -15
leaf_value=0.082642995940352681 -0.0082125216590240007 -0.029042746524670662 -0.0087984177592240823 -0.011518899954041963 0.0037588492782390532 0.047748579422872632 -0.0081215286272560139 -0.025143068452281304 0.053296892371223717 -0.032871324441521722 0.038692978662352086 0.0011243280345071 0.06306698665861192 0.012169536200947914
leaf_weight=4.4103350737132132 265.53177477093413 38.121489951387048 16.285995132057 9.9910832906607521 127.54510301491246 32.537030368344858 17.930835596751422 122.28811410139315 17.233332555741072 6.2089167220983681 14.969007113948463 1057.1189135727473 5.3647383558563879 219.50293984822929
leaf_count=202 5675 2170 1058 309 3716 679 758 5038 341 364 178 19433 214 3121
internal_value=0.000516885 -0.0189172 0.00930824 0.00112935 0.0114449 0.0338802 0.000106946 -0.0105822 0.0177201 -0.0176021 0.0171757 0.00134683 -0.00634095 0.00300794
internal_weight=1955.04 58.8178 20.6963 1896.22 170.073 42.5281 1726.15 178.63 35.1642 143.466 21.1779 1547.52 270.897 1276.62
internal_count=43256 3430 1260 39826 4704 988 35122 6679 1099 5580 542 28443 5889 22554
cat_boundaries=0 2 4 6
cat_threshold=2148290819 5 2151752708 6 2420656198 20
is_linear=0
shrinkage=0.05


Tree=149
num_leaves=15
num_cat=2
split_feature=7 0 0 29 26 7 53 24 55 1 0 29 24 25
split_gain=6.17283 5.60507 6.79207 11.1995 12.851 8.72814 13.394 14.0781 11.3741 10.9552 8.69487 10.8924 8.99954 8.77993
threshold=-19.499999999999996 99.010000000000005 55.815000000000005 0 21.500000000000004 3.5000000000000004 37.500000000000007 0.47665140854685067 1.5000000000000002 2.8354166666666671 89.895000000000024 1 0.25956981714105726 0.48094270177579751
decision_type=8 10 10 9 2 10 10 10 2 8 10 9 10 10
left_child=-1 2 -2 4 -4 6 7 -6 9 -9 12 -12 13 -5
right_child=1 -3 3 10 5 -7 -8 8 -10 -11 11 -13 -14 -15
leaf_value=-0.022968718946693601 -0.00053412638613410267 -0.022784506862150319 0.026260693750901239 -0.037826894634866798 -0.018611296240336358 -0.019304596139091589 0.097804831903019487 0.021628288264354978 -0.036812186403897378 0.14349260907833278 -0.012578649191943523 0.017258288152588321 0.027398057666974941 0.012817791399697754
leaf_weight=26.795706741511822 1476.7476754172239 23.945880192099139 27.510278296424076 9.9793830025009793 27.993594899307936 90.736697117099538 2.8063637334853402 4.694623538060112 2.3047932703047991 2.5865660035051405 55.232942336238921 45.983524241950363 118.34658094507176 37.823535786475986
leaf_count=724 32411 1060 633 226 831 2180 39 336 110 75 928 836 2478 532
internal_value=0.000426182 0.000763296 0.00107146 0.00662551 -0.00396983 -0.0107636 0.00842862 -0.000607948 0.0487583 0.0770192 0.0125823 0.00147058 0.020055 0.0016867
internal_weight=1953.49 1926.69 1902.75 425.999 158.633 131.123 40.3859 37.5796 9.58598 7.28119 267.366 101.216 166.149 47.8029
internal_count=43399 42675 41615 9204 4204 3571 1391 1352 521 411 5000 1764 3236 758
cat_boundaries=0 2 4
cat_threshold=2268776464 3 1623204352 60
is_linear=0
shrinkage=0.05


Tree=150
num_leaves=15
num_cat=4
split_feature=29 4 7 28 29 30 25 6 11 15 4 11 25 29
split_gain=6.61752 9.37117 8.63375 8.33212 9.58373 19.5213 13.0984 11.5915 12.8139 12.4105 9.98053 8.23599 17.7296 13.551
threshold=0 -19.056304170188131 57.500000000000007 1 2 1.5000000000000002 2.8644383577440622 -37.499999999999993 5.877175400313102 4.2873684955919407 30.074530476198746 6.3650519153929235 4.5481350758971706 3
decision_type=9 8 10 9 9 2 8 10 2 10 8 2 10 9
left_child=1 -1 -3 4 10 6 7 -6 -9 -10 -2 12 13 -5
right_child=3 2 -4 11 5 -7 -8 8 9 -11 -12 -13 -14 -15
leaf_value=-0.027988006041411492 -0.039868947646890342 -0.0014678066334210108 -0.044932490278465055 0.0092623875478212523 0.00041581116527741733 0.0074880488240481324 -0.014329959391993625 0.14320973778746399 0.084081051659230396 -0.012133225897627737 0.016219059560757886 0.0051187392980239048 0.022441623933486223 -0.010182754674051064
leaf_weight=36.611945671145804 14.514677846804259 612.27913103078026 10.645009424071757 106.19100267847534 4.7203270979225698 55.089523393660784 5.0054923677817014 6.3329909797757855 9.4890936785377544 4.5905652251094571 15.395831818226727 617.38888031011447 59.433247264008969 409.26066894701216
leaf_count=2393 338 13659 419 3312 64 1013 81 111 181 59 360 10763 642 10103
internal_value=0.000355447 -0.00369271 -0.00228139 0.00240865 0.0146502 0.0228684 0.0571826 0.0714284 0.0870634 0.0539868 -0.00861952 0.00110336 -0.00319113 -0.0061844
internal_weight=1966.95 659.536 622.924 1307.41 115.139 85.228 30.1385 25.133 20.4126 14.0797 29.9105 1192.27 574.885 515.452
internal_count=43498 16471 14078 27027 2207 1509 496 415 351 240 698 24820 14057 13415
cat_boundaries=0 2 3 5 7
cat_threshold=2027684880 32 1704978 2150414 21 2164293900 6
is_linear=0
shrinkage=0.05


Tree=151
num_leaves=15
num_cat=0
split_feature=7 23 6 2 2 4 25 20 55 49 1 1 24 7
split_gain=7.28804 6.34187 6.73842 5.36669 11.5532 8.42145 11.619 8.51555 7.61965 6.42687 6.38098 5.99261 6.94916 6.15828
threshold=-19.499999999999996 7.9493750000000007 25.500000000000004 -4.4638575469782049 -1.9232644843254596 -2.1996496060018518 5.2325456979335057 -9.5149999999999988 3.5000000000000004 1.0000000180025095e-35 0.51530771633864425 0.22767145135566189 0.37749732088680149 16.500000000000004
decision_type=8 10 10 2 2 8 8 10 2 2 8 8 10 10
left_child=-1 3 -3 5 -5 7 -7 8 -2 11 -9 12 -6 -13
right_child=1 2 -4 4 9 6 -8 10 -10 -11 -12 13 -14 -15
leaf_value=-0.025877597339200642 0.010692602680434088 -0.035523014245136993 0.056229065747946533 -0.046349788631092646 -0.033687947425298202 -0.0011066344842703803 0.057122679597853547 0.072448862393316368 0.08666570432657994 -0.042408708260022937 -0.013255342096730821 -0.0012004978561355262 0.014957151566856409 0.0053670576648208778
leaf_weight=26.253294597379863 5.4890270091127631 18.795868541230451 1.3295812753494818 12.501985739683731 24.791646158555523 101.70868750684895 8.3515490628778917 1.6846042959950835 8.6661314256489259 7.8568521009292445 10.408084766473621 1228.7580799268326 9.589839563239364 501.92889180337079
leaf_count=708 91 2878 199 314 1467 1101 67 32 93 195 308 25157 582 10432
internal_value=-0.000200866 0.000159415 -0.0270867 0.000458691 -0.000273713 0.00998419 0.00378645 0.0348793 0.0598546 7.71425e-05 0.00330554 0.000290166 -0.0200804 0.000706205
internal_weight=1968.11 1941.86 20.1254 1921.74 1785.43 136.308 110.06 26.2478 14.1552 1772.93 12.0927 1765.07 34.3815 1730.69
internal_count=43624 42916 3077 39839 38147 1692 1168 524 184 37833 340 37638 2049 35589
is_linear=0
shrinkage=0.05


Tree=152
num_leaves=15
num_cat=3
split_feature=10 29 2 3 2 2 21 24 55 11 8 29 29 8
split_gain=6.59339 13.5734 11.8126 10.5384 9.12683 8.91467 8.22913 7.70711 13.5249 7.64083 9.56159 20.4173 17.4877 14.084
threshold=25.500000000000004 0 -23.073216774231799 0.076441695878184904 3.2348400798714709 127.38331855484246 0.97790083642899184 0.2681652560573225 2.5000000000000004 6.5332290869840426 36.500000000000007 1 2 75.500000000000014
decision_type=2 9 2 8 2 2 8 10 2 2 8 9 9 10
left_child=6 3 -3 -2 -4 7 -1 8 -6 10 12 13 -8 -12
right_child=1 2 4 -5 5 -7 9 -9 -10 -11 11 -13 -14 -15
leaf_value=-0.014306505562828812 0.050856844498388745 0.078277293603234294 -0.016566600794796486 0.013051665175533092 0.092406655091524903 -0.022547465323864244 -0.023766546276411431 -0.0057670938677905183 0.0064515859544479123 0.0033098966358037032 0.029331987673020667 -0.0049837808693073788 -0.0019318796428341321 -0.019838917943282096
leaf_weight=108.88745211740024 24.445793749531731 3.2456986745819441 77.720808541635051 71.056153218029067 7.708889917470521 11.941485332325099 121.52256762224715 10.778557201847432 9.9879754707217199 801.73826358898077 89.862908854265697 281.90058665187098 321.64400380896404 16.612955954857171
leaf_count=5009 435 29 1361 1342 84 125 4485 118 145 14215 2002 4956 8704 353
internal_value=-3.70738e-05 0.00816335 -0.00344356 0.0209813 -0.00661598 0.0124568 -0.00106206 0.0274032 0.046834 -0.000170862 -0.0035268 0.00219843 -0.00853786 0.0197127
internal_weight=1959.05 216.885 121.383 95.5019 118.138 40.4169 1742.17 28.4754 17.6969 1633.28 831.543 388.376 443.167 106.476
internal_count=43363 3639 1862 1777 1833 472 39724 347 229 34715 20500 7311 13189 2355
cat_boundaries=0 2 4 6
cat_threshold=1085105226 18 16826655 34 1077442846 48
is_linear=0
shrinkage=0.05


Tree=153
num_leaves=15
num_cat=2
split_feature=2 2 29 24 8 24 8 9 19 9 29 6 11 25
split_gain=6.45064 11.5001 10.5476 11.4692 10.5292 10.2455 9.51808 9.12364 9.69091 8.82069 8.05457 12.9653 15.8079 13.8892
threshold=56.388801792999494 53.687561505310676 0 0.31039047380014423 42.500000000000007 0.30721191975473394 96.500000000000014 4.5000000000000009 91.252500000000012 5.5000000000000009 1 -29.499999999999996 9.3126704003420695 1.2796867252346116
decision_type=2 2 9 10 10 10 10 2 8 2 9 8 2 10
left_child=1 10 6 5 -3 -4 7 -2 -9 -8 11 -1 -13 -14
right_child=2 4 3 -5 -6 -7 9 8 -10 -11 -12 12 13 -15
leaf_value=0.010692338205158409 0.0047612650819769892 0.078552540651389086 -0.0079007412161642438 -0.029802245563361862 -0.011061871433779727 0.044312733409945196 -0.052751852902976119 -0.0032038665332161198 0.061994929262475885 0.0090484809263849386 0.0036076051342683979 -0.0091587892351485088 0.085281658468223387 -0.0057308784038936425
leaf_weight=122.40039730945136 56.942718708422035 8.0093146420549584 225.81295062741265 62.156186339561827 4.803610296919941 8.814425911754368 10.015229085460307 8.3375273211859184 16.388584146974608 11.615243298001586 951.89606076257769 466.18435627815779 7.4848908060230306 8.0525015234015864
leaf_count=2655 791 99 2476 817 48 75 116 81 179 96 23229 12649 163 170
internal_value=-0.000280551 0.00116546 -0.00593952 -0.0105245 0.0465872 -0.00575946 0.00749824 0.0160153 0.0407402 -0.0206326 0.000761758 -0.00371906 -0.00747245 0.0406187
internal_weight=1968.91 1568.83 400.083 296.784 12.8129 234.627 103.299 81.6688 24.7261 21.6305 1556.02 604.122 481.722 15.5374
internal_count=43644 39013 4631 3368 147 2551 1263 1051 260 212 38866 15637 12982 333
cat_boundaries=0 2 4
cat_threshold=13651978 6 1454520602 10
is_linear=0
shrinkage=0.05


Tree=154
num_leaves=15
num_cat=2
split_feature=8 1 29 15 3 8 3 3 7 29 0 14 8 3
split_gain=5.60104 5.73123 8.59221 11.603 11.7073 16.9008 11.8775 9.20568 11.4778 9.24013 7.98662 7.78106 7.77673 6.89934
threshold=-14.499999999999998 1.6337398373983743 0 5.8046191698027192 0.58825456465519899 68.500000000000014 0.17324233023380239 0.88253427181008071 28.500000000000004 1 85.805000000000021 5.0762500000000008 27.500000000000004 0.57448448394266938
decision_type=8 10 9 10 10 8 8 10 10 9 8 10 8 10
left_child=-1 13 3 4 5 -3 -7 -4 9 11 -6 -9 -5 -2
right_child=1 2 7 12 10 6 -8 8 -10 -11 -12 -13 -14 -15
leaf_value=-0.041225944499530154 -0.0012647698405128572 -0.01709587941546439 -0.016499166645017948 -0.025785273232049596 0.014781391765411503 -0.008714291130705161 0.077778194696111039 0.020878727075098916 0.07552468683651789 -0.013482586440779652 -0.025301146612603232 -0.048186627511034752 0.044869838353293959 0.0056535784260657931
leaf_weight=7.28633006173186 930.05430303048342 14.965229637338778 189.55092606379185 3.9459117874503136 16.171095006866381 5.3296082697343108 12.674505245755425 46.848839926999062 3.985131472349166 63.792208119994029 45.791775381425396 3.5150032364763311 23.726295255124572 587.03106667124666
leaf_count=196 24835 547 5435 67 285 105 256 695 21 949 1005 68 317 8671
internal_value=-0.000205415 -3.08523e-05 -0.00511718 0.00589308 -0.00202843 0.0216513 0.0530633 -0.00939579 0.00125539 -0.00197065 -0.0147718 0.0127349 0.0342469 0.00141422
internal_weight=1954.67 1947.38 430.297 122.604 94.9322 32.9693 18.0041 307.692 118.141 114.156 61.9629 50.3638 27.6722 1517.09
internal_count=43452 43256 9750 2582 2198 908 361 7168 1733 1712 1290 763 384 33506
cat_boundaries=0 2 4
cat_threshold=5539340 14 59314178 1
is_linear=0
shrinkage=0.05


Tree=155
num_leaves=15
num_cat=3
split_feature=25 25 21 28 11 0 29 29 25 55 26 0 3 20
split_gain=6.44222 7.48522 12.9175 12.6176 12.2517 6.22787 15.3987 11.2226 10.6939 12.9945 10.385 9.54799 9.34473 8.84391
threshold=-1.1803811501551158 -0.069923550111622337 1.0183441603702572 0 5.5216209042638686 85.805000000000021 1 2 2.225617789019577 8.5000000000000018 643.00000000000011 69.660000000000011 1.1360627199557045 -94.49499999999999
decision_type=8 8 10 9 2 8 9 9 10 2 2 10 8 8
left_child=-1 2 3 -2 -5 6 8 -7 12 -10 11 -8 13 -3
right_child=1 5 -4 4 -6 7 10 -9 9 -11 -12 -13 -14 -15
leaf_value=-0.021312008833416867 -0.0164081846442155 -0.042714941009086911 0.074330279834873531 -0.021009311823214822 0.052509205416006413 -0.012061005739498297 -0.0017307187602757441 0.00015217355909204078 -0.019206064205876814 0.03187466888266606 -0.01559533522113586 0.017758067672910237 -0.047101030870351092 0.028856180488975341
leaf_weight=33.504299591761082 23.804405581206083 3.6175674481783062 7.6677588119637212 6.9747922690585282 21.347837428562343 221.20670604682527 271.4173047504155 997.48799398320261 36.389708601403981 17.670317333191633 97.373700829455629 80.727475005434826 3.5773892912548027 123.39922379504424
leaf_count=507 1341 73 221 178 363 4554 6432 19612 787 186 4048 1343 99 3621
internal_value=0.000100714 0.000486744 0.0177502 0.00818501 0.0255813 -7.96492e-05 0.00393519 -0.00217036 0.0156084 -0.00223391 -0.0012037 0.00277462 0.0241412 0.0265
internal_weight=1946.17 1912.66 59.7948 52.127 28.3226 1852.87 634.173 1218.69 184.654 54.06 449.518 352.145 130.594 127.017
internal_count=43365 42858 2103 1882 541 40755 16589 24166 4766 973 11823 7775 3793 3694
cat_boundaries=0 1 3 5
cat_threshold=4247572 3225544770 20 3227621442 28
is_linear=0
shrinkage=0.05


Tree=156
num_leaves=15
num_cat=0
split_feature=22 15 19 14 3 15 3 1 13 13 15 32 55 53
split_gain=4.51363 4.65486 8.91533 5.69897 5.21971 4.92312 9.74253 4.93807 4.29784 5.08035 9.01752 7.68698 5.53151 8.57551
threshold=-7.8366666666666651 -8.5261785505221077 90.287500000000009 17.033750000000005 0.87167331487499977 -16.749610780533143 0.28730591397849464 1.4123339658444025 41.63750000000001 12.49416666666667 15.999673041598042 0.90000000000000013 1.5000000000000002 34.500000000000007
decision_type=8 8 10 10 8 10 8 8 10 10 10 2 2 8
left_child=-1 2 4 8 5 6 -2 -7 9 -3 11 -11 -13 -14
right_child=1 3 -4 -5 -6 7 -8 -9 -10 10 -12 12 13 -15
leaf_value=-0.042280560633193465 0.052729541445980813 -0.00018497660117268856 -0.034481713754037586 -0.028394916078131483 0.069118508023566921 8.554154347345619e-06 -0.042297081624064502 0.052847606114381676 -0.033342904226238389 -0.032290124382981761 -0.019822029219349169 0.0038473895262732555 -0.0099765085693909617 0.067932746376918318
leaf_weight=5.2914215355413035 3.1447905234526816 1848.9826251885388 6.1439504300942636 16.774124457850121 5.2506778575479975 7.1896401768317508 6.8104153110180059 10.486447960138319 8.5875453779008222 3.5896763505879781 11.573455643840132 8.3551120196934807 4.1491968878544867 16.200961340451617
leaf_count=1229 54 40052 190 348 65 141 119 166 140 107 186 322 52 283
internal_value=2.09638e-06 0.000137941 0.0170139 -0.000214086 0.0273695 0.0172991 -0.0102056 0.0325069 4.93144e-05 0.000218335 0.0168425 0.0301826 0.038819 0.0523246
internal_weight=1962.53 1957.24 39.0259 1918.21 32.882 27.6313 9.95521 17.6761 1901.44 1892.85 43.8684 32.2949 28.7053 20.3502
internal_count=43454 42225 735 41490 545 480 173 307 41142 41002 950 764 657 335
is_linear=0
shrinkage=0.05


Tree=157
num_leaves=15
num_cat=1
split_feature=0 46 3 4 3 6 11 5 29 0 6 1 3 25
split_gain=4.39781 4.66536 6.25473 7.23388 9.61752 6.09159 9.54358 9.76763 4.55682 12.0837 8.97837 9.22948 16.4293 14.6954
threshold=99.010000000000005 1.0000000180025095e-35 0.95754171666650689 -11.949673072392708 0.57448448394266938 -36.499999999999993 7.565112027109353 0.37091869639794178 0 98.00500000000001 3.5000000000000004 1.4990196078431375 0.97156508670810116 6.6462379793826925
decision_type=10 2 10 8 10 8 2 8 9 10 10 10 10 10
left_child=1 8 3 4 -3 6 7 -5 10 -10 11 13 -13 -1
right_child=-2 2 -4 5 -6 -7 -8 -9 9 -11 -12 12 -14 -15
leaf_value=0.0072792777995632166 -0.019026015904964395 -0.010175513022033679 0.048735666423111584 -0.0039343435371506103 0.096875599046885599 -0.018360795259373171 -0.016474758491379925 0.099063587527844388 0.0019628376233308299 0.058627899299454445 -0.013606887667410087 -0.016038815855223255 0.016454036990841352 -0.024219013800615856
leaf_weight=385.91576914733741 27.430856354068965 3.5107260853983462 10.000278235878794 3.8889717811252931 3.6473090387880802 23.15245221555233 8.4589842855930311 4.390136532485486 1080.0202042096062 8.4928083249833417 148.12117582152132 164.40554068773054 49.98126340424642 39.970926485955715
leaf_count=7349 1308 76 96 60 60 323 81 54 23020 233 5802 3855 651 559
internal_value=0.000496536 0.00078313 0.0147437 0.00665473 0.04956 -0.00206799 0.0202331 0.0554721 0.000351171 0.002436 -0.00252559 1.57975e-05 -0.00842234 0.00427325
internal_weight=1961.39 1933.96 57.0489 47.0486 7.15804 39.8905 16.7381 8.27911 1876.91 1088.51 788.395 640.273 214.387 425.887
internal_count=43527 42219 750 654 136 518 195 114 41469 23253 18216 12414 4506 7908
cat_boundaries=0 2
cat_threshold=4203782486 49
is_linear=0
shrinkage=0.05


Tree=158
num_leaves=15
num_cat=3
split_feature=26 31 29 0 28 29 7 55 3 30 3 6 0 2
split_gain=7.56158 11.5008 11.5835 11.0563 10.2194 14.3911 12.9229 12.4004 12.3465 13.2779 11.0828 9.65798 9.71847 9.39398
threshold=1381.5000000000002 3.5000000000000004 0 96.905000000000015 1 2 15.500000000000002 1.0000000180025095e-35 0.44570932033118837 2.5000000000000004 0.35376908195695028 11.500000000000002 98.805000000000021 0.0047755812464078682
decision_type=2 8 9 8 9 9 8 2 8 2 8 10 10 2
left_child=4 2 3 -2 5 8 7 -7 -1 -10 -9 12 -4 -5
right_child=1 -3 11 13 -6 6 -8 10 9 -11 -12 -13 -14 -15
leaf_value=-0.016743454321047669 -0.028584208929248602 -0.020571654532531316 0.028845700435316035 -0.0053096746635574264 0.00099777005961697979 -0.038864074218518542 0.00066841651283583046 0.063956764773336769 0.048151591062714577 -0.026389268785818178 -0.014086168485176756 -0.041982839145556866 -0.028300379140348456 0.07475908735673413
leaf_weight=19.918800598359667 27.402752818656154 26.145797051140107 116.8548394148238 9.7744787333067489 1515.9215624677017 76.81332594237756 65.498030350892805 4.1249091874342403 26.180826407391578 6.9573789425194255 39.87453843827825 4.6855029296129933 7.1638861008686936 4.7462253135163328
leaf_count=1422 1446 1364 2451 454 24784 4397 3609 227 864 366 1312 340 259 111
internal_value=0.000499895 0.00976845 0.0145103 -0.00830438 -0.000544109 -0.00990195 -0.0163584 -0.026862 0.0116858 0.0321871 -0.00551102 0.020972 0.0253447 0.0239921
internal_weight=1952.06 196.773 170.628 41.9235 1755.29 239.368 186.311 120.813 53.057 33.1382 43.9994 128.704 124.019 14.5207
internal_count=43406 6425 5061 2011 36981 12197 9545 5936 2652 1230 1539 3050 2710 565
cat_boundaries=0 2 3 5
cat_threshold=1078726932 34 33993 2701394964 12
is_linear=0
shrinkage=0.05


Tree=159
num_leaves=15
num_cat=1
split_feature=0 25 25 21 1 7 11 10 26 24 26 1 29 4
split_gain=6.72181 5.55947 11.6803 14.9465 15.2859 15.5753 8.60708 6.84209 9.0541 7.63963 6.67547 6.42365 10.5008 9.81499
threshold=99.010000000000005 -1.0315406331251635 0.030830416499361413 0.9862759553817263 2.5389676113360324 1.5000000000000002 6.6929455823582567 19.500000000000004 2.5000000000000004 0.37283861198855839 106.50000000000001 1.1145199063231852 0 -20.992558968952
decision_type=10 8 8 8 10 10 2 2 2 10 2 10 9 10
left_child=1 -1 3 -3 5 -5 -7 8 -8 10 -10 -4 13 -13
right_child=-2 2 11 4 -6 6 7 -9 9 -11 -12 12 -14 -15
leaf_value=-0.018036969998470712 -0.024541018499599328 -0.03208224750343338 0.0024877318153064504 0.091571612439584643 -0.032220656151830361 0.0017713302712932461 -0.026812836785361966 0.10485126831948133 -0.022360637394871583 0.078359274120203479 0.05101386539175589 -0.0057604890959601016 -0.006794026463475625 0.018202190224551322
leaf_weight=38.787277535302565 26.264905766467564 11.166082564392125 1073.7459757688921 9.9569200081750733 8.3464489399921131 22.746349429129623 4.6667254380881849 3.0827422435395411 5.3529188176617044 8.7180671365931612 5.2037480282597244 76.891873492510058 565.61961703700945 94.143700587796047
leaf_count=683 1284 1556 24007 186 233 586 102 46 91 121 92 1868 10718 1769
internal_value=0.000111721 0.000460033 0.000849047 0.0195165 0.0283221 0.0371737 0.0247018 0.0432506 0.0314329 0.046162 0.0150927 2.16624e-05 -0.00357137 0.00704878
internal_weight=1954.69 1928.43 1889.64 79.24 68.0739 59.7275 49.7706 27.0242 23.9415 19.2747 10.5567 1810.4 736.655 171.036
internal_count=43342 42058 41375 3013 1457 1224 1038 452 406 304 183 38362 14355 3637
cat_boundaries=0 2
cat_threshold=554961742 2
is_linear=0
shrinkage=0.05


Tree=160
num_leaves=15
num_cat=1
split_feature=21 7 28 30 3 31 25 3 25 24 3 3 6 31
split_gain=5.26267 4.74345 6.55871 20.6173 18.424 15.0367 12.25 14.47 11.361 11.5428 14.0707 13.5607 15.2489 10.8842
threshold=1.2507861874787474 20.500000000000004 0 2.5000000000000004 0.98581701918799503 2.5000000000000004 0.098006392799304634 0.0001239359840709962 14.26816440937362 0.38565139027996537 0.33957407705142184 0.13305072785734123 11.500000000000002 3.5000000000000004
decision_type=10 10 9 2 10 8 10 10 10 10 8 10 10 8
left_child=1 -1 3 6 5 -4 7 13 9 -5 11 12 -11 -3
right_child=-2 2 4 8 -6 -7 -8 -9 -10 10 -12 -13 -14 -15
leaf_value=-0.0012021156460804844 -0.043599889564531147 0.011728221374350058 0.071979734354064795 0.020421565151295566 0.080016802694819325 -0.013089043025728562 -0.0067773416388873147 0.014988970853200688 -0.045234401647727893 -0.040413613176272317 -0.0069136958051818466 0.14602027457990255 0.088818845318031248 0.20786414379831575
leaf_weight=1529.0333826316055 5.9131844042567527 1.318273646291348 4.4498777398839593 103.95892282458954 5.0566642675548783 115.64600117178634 158.55249898158945 16.351110931253061 4.7825067695230237 3.0491388048976678 5.0370563725009552 5.1676218337379396 4.6840701608452946 0.92866169475018989
leaf_count=33177 668 87 77 1395 26 3698 3349 362 72 70 154 102 197 74
internal_value=-5.18129e-05 0.000101891 0.00474178 0.00854033 -0.00477309 -0.00936864 -0.002207 0.0351139 0.024138 0.0272057 0.0633688 0.0893335 0.0390707 0.131844
internal_weight=1963.93 1958.02 428.982 303.83 125.153 120.096 177.151 18.598 126.679 121.897 17.9379 12.9008 7.73321 2.24694
internal_count=43508 42840 9663 5862 3801 3775 3872 523 1990 1918 523 369 267 161
cat_boundaries=0 1
cat_threshold=4772354
is_linear=0
shrinkage=0.05


Tree=161
num_leaves=15
num_cat=1
split_feature=28 30 9 3 12 4 6 11 14 3 11 19 8 0
split_gain=6.29948 17.6112 9.08503 7.22246 10.1626 10.0384 9.70808 8.30423 10.9502 10.3931 8.15091 17.6292 14.2518 10.8744
threshold=0 2.5000000000000004 2.5000000000000004 0.93700240155872583 1.0000000180025095e-35 -4.8817548878659602 -51.499999999999993 5.8521162654454404 -1.0000000180025095e-35 0.58825456465519899 7.3286703911603253 95.717500000000015 53.500000000000007 49.945000000000007
decision_type=9 2 2 10 2 10 10 2 10 8 2 8 8 8
left_child=-1 3 -3 4 5 -2 -6 8 -7 -10 11 12 13 -8
right_child=1 2 -4 -5 6 7 10 -9 9 -11 -12 -13 -14 -15
leaf_value=0.0023316916023026616 -0.019533252263630414 -0.021311300983340439 -0.0011520757117100232 0.01438324553718532 -0.012370898242882358 -0.0011030758434270979 -0.021776803142937919 -0.019569077014019345 0.086800356912083043 -0.006440302405995928 -0.0029861948323184071 0.074910308977890985 0.061309611932928859 0.015997131274851532
leaf_weight=1223.0430357805453 105.83180798846297 161.7031857939437 85.311495293513872 93.726867184508592 56.457912037731148 20.176217587664723 25.802634725230746 17.561441196827218 8.2397521794773603 4.224365978501738 64.204947025631554 11.681563301477579 11.944292320637031 65.116507572587579
leaf_count=19275 5921 5818 1888 1544 1530 952 1192 625 270 96 1661 349 341 2003
internal_value=0.000143202 -0.00349577 -0.0143816 0.00199509 -0.00100175 -0.0108575 0.00555472 0.00745634 0.0221463 0.0570678 0.0112538 0.0191924 0.0122046 0.00515669
internal_weight=1955.03 731.983 247.015 484.968 391.241 156.034 235.208 50.2018 32.6403 12.4641 178.75 114.545 102.863 90.9191
internal_count=43465 24190 7706 16484 14940 7864 7076 1943 1318 366 5546 3885 3536 3195
cat_boundaries=0 1
cat_threshold=5788422
is_linear=0
shrinkage=0.05


Tree=162
num_leaves=15
num_cat=0
split_feature=8 8 24 30 25 21 18 11 19 16 2 18 26 8
split_gain=5.55747 4.50005 8.04085 7.3546 6.23925 4.78774 4.33854 10.2758 12.5768 10.9744 8.13513 7.4936 12.857 13.883
threshold=-14.499999999999998 -2.4999999999999996 0.19420878758267465 2.5000000000000004 0.97964723094598882 1.0878269370993958 2.2487500000000007 5.3400829146306767 68.977500000000006 18.716666666666672 -4.4638575469782049 -2.2412499999999982 4289.5000000000009 43.500000000000007
decision_type=8 8 8 2 10 10 10 2 8 8 2 10 2 8
left_child=-1 2 -2 -4 -5 6 11 8 -8 -10 -9 -3 -13 -14
right_child=1 5 3 4 -6 -7 7 10 9 -11 -12 12 13 -15
leaf_value=-0.041081777110661535 0.085446202746900457 0.00096649616656432522 -0.026662809571112885 -0.013205720179986761 0.079153827263822626 -0.02938265283428422 -0.026490480294780031 0.039722622313468958 0.099680847895420935 0.0036261313265014469 0.00053711390474061379 -0.0094979264987805848 0.10320277223037821 -0.01568084299360718
leaf_weight=7.1603588763391599 3.2433907068334547 1422.5772329876199 7.2405582941137236 2.6743927202187479 3.4678890528157353 12.730581074603831 4.2226816120091852 13.395012088585643 7.9407212533988059 4.5720677031204087 166.17219880502671 294.35644676885568 4.3407240286469442 4.1208069687709212
leaf_count=191 58 29507 165 80 54 857 158 192 136 126 3878 7886 71 69
internal_value=9.46641e-05 0.000266749 0.0254163 0.0059384 0.0427213 3.75714e-05 0.000247651 0.00727142 0.0435891 0.067449 0.003664 -0.000555211 -0.00768353 0.0497677
internal_weight=1958.22 1951.05 16.6262 13.3828 6.14228 1934.43 1921.7 196.303 16.7355 12.5128 179.567 1725.4 302.818 8.46153
internal_count=43428 43237 357 299 134 42880 42023 4490 420 262 4070 37533 8026 140
is_linear=0
shrinkage=0.05


Tree=163
num_leaves=15
num_cat=4
split_feature=27 24 24 29 0 23 26 29 24 20 23 29 24 10
split_gain=5.96508 5.61064 17.2367 9.27072 5.76057 8.87382 12.6798 18.9799 10.0335 9.40386 9.32991 9.84006 8.95473 8.85758
threshold=0 0.06131738484209729 0.071599443187975273 1 50.765000000000008 2.1522222222222229 24.500000000000004 2 0.57175478887207065 -14.489999999999998 2.5920833333333335 3 0.41982262910970908 7.5000000000000009
decision_type=9 8 8 9 10 8 2 9 8 8 8 9 10 2
left_child=-1 3 -3 -2 13 8 7 -7 9 -6 -8 -12 -9 -4
right_child=1 2 4 -5 5 6 10 12 -10 -11 11 -13 -14 -15
leaf_value=-0.023320626259799703 0.017955916760205901 0.054001276102648349 -0.0038256817730084238 -0.026143081937053114 0.018900445983827091 -0.011428634481076391 0.051323130071757886 0.054652093517809086 0.055907020571934821 -0.031301643577809367 0.015323702785712387 -0.0031680780771269979 0.0050422394834356982 0.0041182380789388413
leaf_weight=14.077478578779845 10.102428671438245 14.587532046250997 806.22641778166872 30.395596645888872 11.532776017673312 25.83621649001725 9.1370217641815543 45.17429036158137 3.8794876858592025 37.838518938980997 92.722260116948746 227.95778288238216 11.597134122624992 619.74278844625223
leaf_count=1765 294 172 17598 1312 178 485 74 778 50 582 1734 5987 207 12253
internal_value=0.000935084 0.00123576 0.00163723 -0.0169477 0.0012051 0.00602699 0.00851107 0.0259073 -0.0130143 -0.0194324 0.00408877 0.00258758 0.038173 -0.000372695
internal_weight=1960.81 1946.73 1906.23 40.498 1891.64 465.675 412.425 82.6076 53.2508 49.3713 329.817 320.68 56.7714 1425.97
internal_count=43469 41704 40098 1606 39926 10075 9265 1470 810 760 7795 7721 985 29851
cat_boundaries=0 1 3 5 7
cat_threshold=103032 34112512 17 1094829376 7 542333248 12
is_linear=0
shrinkage=0.05


Tree=164
num_leaves=15
num_cat=2
split_feature=0 29 18 26 30 0 28 7 25 26 9 11 26 25
split_gain=4.75803 4.66345 8.40323 9.80598 10.1999 9.53184 10.5304 10.3293 13.89 9.87904 7.95781 7.51403 7.36322 8.59756
threshold=99.905000000000015 0 1.0025000000000011 149.50000000000003 1.5000000000000002 98.805000000000021 1 53.500000000000007 1.2476758521026643 20.500000000000004 2.5000000000000004 5.8100325927020604 95.500000000000014 7.3430889190459636
decision_type=10 9 8 2 2 8 9 8 10 2 2 2 2 10
left_child=1 2 3 4 12 -4 7 8 9 -7 -8 -11 13 -1
right_child=-2 -3 5 -5 -6 6 10 -9 -10 11 -12 -13 -14 -15
leaf_value=-0.005413376409442546 -0.027505396643360942 -0.0019389407835882059 0.014852237676781097 -0.020612069795282312 -0.019144987994828458 0.00057673160439845102 -0.026078893569477901 -0.013000868992130458 0.01040094586662743 0.13635477499517107 0.0029238279050499234 0.036580561523487425 0.060012861527483301 0.075832981050015
leaf_weight=18.473260220373056 15.403462572256101 1423.1170690819854 197.63492934638634 66.499880599090829 19.756801982875913 4.0936530642211428 52.453609150601551 32.216697424650192 64.296731419861317 4.1666643079370242 42.09259444125928 4.5678937854245305 9.6234047904144955 2.925381399691104
leaf_count=426 870 30962 4779 1820 421 54 1865 390 650 57 761 64 188 19
internal_value=-0.000689458 -0.000462705 0.00355165 -0.00810714 0.00835108 0.00705693 -0.000534927 0.00962606 0.0203554 0.065888 -0.0120138 0.093294 0.0259133 0.00858344
internal_weight=1957.32 1941.92 518.802 117.279 50.7788 401.523 203.888 109.342 77.1249 12.8282 94.5462 8.73456 31.022 21.3986
internal_count=43326 42456 11494 2874 1054 8620 3841 1215 825 175 2626 121 633 445
cat_boundaries=0 2 3
cat_threshold=1129413280 60 1196179
is_linear=0
shrinkage=0.05


Tree=165
num_leaves=15
num_cat=2
split_feature=29 15 0 16 13 3 2 3 24 13 28 2 9 9
split_gain=5.27702 7.26781 8.56432 8.90493 8.31747 7.89928 7.79343 7.74451 11.4175 8.32153 7.21895 6.4481 6.52744 6.17843
threshold=0 2.8988105989833186 81.510000000000005 -3.9966666666666657 1.9650000000000019 0.97156508670810116 -14.134472440152594 0.36222478174913803 0.30913242427679039 0.18416666666666556 1 42.286709330302827 5.5000000000000009 6.5000000000000009
decision_type=9 8 8 8 10 10 2 10 8 8 9 2 2 2
left_child=1 2 3 -1 7 11 -3 8 -5 -9 13 12 -4 -8
right_child=-2 6 5 4 -6 -7 10 9 -10 -11 -12 -13 -14 -15
leaf_value=-0.039225549402869167 -0.00091886306875936042 0.073168957713768884 0.02747949067348255 0.065438182915813811 0.002035290530367793 0.050490381966115709 0.022638710437735448 0.021370186663070872 -0.027575400404082441 0.12324190644140112 -0.013835668809873504 -0.026730469075271764 -0.035317793439408239 -0.021041796640712148
leaf_weight=2.5981424481142312 1779.74933558458 2.4663741276599458 17.254378075478602 7.6940539632923945 7.9161501897033295 7.0062580730300388 35.280527874827385 3.4110767950769496 4.5942507814615974 6.4580859495326877 54.712610230548307 16.532439012778923 4.4272465337999156 9.5662567391991598
leaf_count=106 39392 28 527 168 275 106 400 66 163 103 1895 182 112 65
internal_value=-7.72065e-05 0.00782576 0.0196549 0.0387589 0.0465418 0.00531219 -0.000548752 0.061668 0.0312048 0.0932376 -0.00308441 -0.00404721 0.0136649 0.010726
internal_weight=1959.67 179.918 77.8921 32.6718 30.0736 45.2203 102.026 22.1575 12.2883 9.86916 99.5594 38.2141 21.6816 44.8468
internal_count=43588 4196 1808 881 775 927 2388 500 331 169 2360 821 639 465
cat_boundaries=0 2 3
cat_threshold=2167417509 20 4222992
is_linear=0
shrinkage=0.05


Tree=166
num_leaves=15
num_cat=2
split_feature=10 29 17 26 7 29 55 24 11 11 11 14 20 22
split_gain=4.51773 10.8098 6.25386 5.05173 5.04819 12.3171 12.6708 12.6398 12.5623 12.2682 12.2263 9.96924 12.8235 9.81157
threshold=61.500000000000007 0 1.0000000180025095e-35 341.50000000000006 3.5000000000000004 1 19.500000000000004 0.37112049234272532 5.8251295132155532 5.2523257813266122 6.8533518887090681 12.252500000000001 11.657500000000008 -0.41166666666666651
decision_type=2 9 2 2 10 9 2 10 2 2 2 8 8 8
left_child=4 -2 3 -3 5 7 8 9 13 -1 -11 12 -9 -7
right_child=1 2 -4 -5 -6 6 -8 11 -10 10 -12 -13 -14 -15
leaf_value=-0.039620731545977672 -0.021663718645239576 0.032483408439445166 0.064554925663828908 -0.028015689800885864 0.001416865861426126 0.035666083738917484 0.053096600588177535 -0.016408650906415301 -0.016738212322751762 0.03427940454859553 0.00085593170530778937 -0.028802752329690241 0.069075939441834627 -0.0033824520381879244
leaf_weight=8.1961656122002733 8.1351789995096606 10.493574328720571 11.487332855351267 4.0483303721994153 1299.7062262764666 16.779606615193188 7.2226851868908843 10.46384790400043 257.20077515405137 66.291252780240029 46.197492563165724 33.481575552257709 6.2118152917828438 167.965980615234
leaf_count=233 136 130 157 70 29318 269 85 538 5368 1307 697 1348 249 3400
internal_value=-2.89295e-05 0.0177309 0.0280329 0.0149221 -0.000354061 -0.00406269 -0.00830698 0.00714705 -0.00961563 0.0162941 0.0206814 -0.0133531 0.0175414 0.000337072
internal_weight=1953.88 34.1644 26.0292 14.5419 1919.72 620.011 449.169 170.842 441.946 120.685 112.489 50.1572 16.6757 184.746
internal_count=43305 493 357 200 42812 13494 9122 4372 9037 2237 2004 2135 787 3669
cat_boundaries=0 2 4
cat_threshold=529408 33 2183780357 5
is_linear=0
shrinkage=0.05


Tree=167
num_leaves=15
num_cat=2
split_feature=5 5 29 20 0 3 15 11 29 36 4 54 3 0
split_gain=5.35837 5.5891 15.6762 18.4546 13.4356 11.0557 9.632 9.51932 8.89972 11.5468 11.9684 8.90299 8.96521 8.43417
threshold=1.1244078947368423 0.40503164556962029 0 -32.542499999999997 32.005000000000003 0.063324600338427114 1.3676114323848687 6.8053847298985106 1 1.0000000180025095e-35 -0.27273671292141793 7.5000000000000009 0.076441695878184904 54.725000000000009
decision_type=10 10 9 10 10 8 8 2 9 2 8 8 8 10
left_child=1 8 4 6 7 -6 -4 -3 9 10 -1 12 -10 -8
right_child=-2 2 3 -5 5 -7 13 -9 11 -11 -12 -13 -14 -15
leaf_value=-0.033062185784053268 -0.034143128129230947 0.013120201063431244 -0.010907802629023695 -0.014481064715131732 0.097250859222795014 0.0092780509245338257 0.0030510961328935877 0.097247022570398023 0.091054278944842998 0.055264399476294614 -0.0054191784592829192 0.00078793956519390695 0.011283366182788482 0.10291317038976511
leaf_weight=42.927413180936128 10.332503086072391 6.4220060275401902 4.9420828251168114 121.2867546104826 2.645231729024089 220.40962126920931 3.1239290055818838 6.9963377956300974 4.3560984912328395 6.2648416776210061 367.47147204354405 1142.959722768981 11.305686237057671 5.9750487394630909
leaf_count=1494 527 323 91 3275 163 4860 72 294 84 85 8031 23860 226 68
internal_value=0.000138799 0.000338154 0.0058436 -0.00755325 0.0132691 0.0107507 0.0442517 0.0606865 -0.000964131 -0.0071263 -0.00838395 0.00130633 0.0376037 0.0723248
internal_weight=1957.42 1947.09 371.801 135.328 236.473 223.055 14.0411 13.4183 1575.29 416.664 410.399 1158.62 15.6618 9.09898
internal_count=43453 42926 9146 3506 5640 5023 231 617 33780 9610 9525 24170 310 140
cat_boundaries=0 2 4
cat_threshold=1703793120 41 1619335440 8
is_linear=0
shrinkage=0.05


Tree=168
num_leaves=15
num_cat=1
split_feature=15 55 2 24 6 26 9 19 24 25 6 8 33 7
split_gain=5.07031 10.3638 14.7882 13.1055 13.8632 17.5998 18.3136 12.6454 10.9149 10.8701 10.8208 10.8197 11.5444 9.85286
threshold=5.2632346507475161 1.0000000180025095e-35 206.82709154680143 0.24782776574877338 -26.499999999999996 1145.5000000000002 1.5000000000000002 38.710000000000008 0.66170451747502412 4.3905043615561778 27.500000000000004 10.500000000000002 0 119.50000000000001
decision_type=8 2 2 8 8 2 2 10 10 8 10 8 1 8
left_child=-1 2 3 10 5 -5 -7 -3 -6 -4 11 12 -2 -13
right_child=1 7 9 4 8 6 -8 -9 -10 -11 -12 13 -14 -15
leaf_value=-0.0019972064204098494 0.0034482458331098298 0.023435487452677099 0.092410365235542663 0.0024902231934121723 -0.014246553940679703 -0.0092910504693189261 0.14063311408488369 0.0031862302202212396 0.036389415417557351 -0.0015464833102308848 -0.020626524150705653 -0.012627826378574181 0.056415958693634596 0.024804751881330855
leaf_weight=1126.5161392232403 16.94949146755971 111.8101455012802 6.1422040536999685 36.690010018995963 279.9115097343456 3.1540778732160097 4.2054161638952792 244.80347327550407 10.125658185686914 5.3531667143106461 22.951565865427256 38.533720562350936 25.721203782595694 30.693608469562605
leaf_count=24737 519 2025 69 738 8610 117 54 3939 244 57 844 599 461 631
internal_value=0.000192251 0.00313774 -0.00165626 -0.00308034 -0.00838544 0.0174767 0.0829546 0.00958282 -0.0123598 0.0520344 0.0100279 0.0164425 0.0359371 0.00408569
internal_weight=1963.56 837.045 480.432 468.936 334.087 44.0495 7.35949 356.614 290.037 11.4954 134.85 111.898 42.6707 69.2273
internal_count=43644 18907 12943 12817 9763 909 171 5964 8854 126 3054 2210 980 1230
cat_boundaries=0 1
cat_threshold=4
is_linear=0
shrinkage=0.05


Tree=169
num_leaves=15
num_cat=2
split_feature=49 29 25 2 33 6 2 2 26 23 4 25 18 6
split_gain=7.38618 6.05227 11.5725 18.4493 20.9014 11.3317 8.87192 12.9881 12.0757 9.72631 16.1077 16.425 20.2801 23.4295
threshold=1.0000000180025095e-35 0 4.9954564675824562 108.66968179447055 1 -99.499999999999986 67.79323247027834 44.040555150817525 282.50000000000006 -1.2627083333333331 1.0340268454187085 1.4014847193518389 -2.2412499999999982 -9.4999999999999982
decision_type=2 9 10 2 1 8 2 2 2 10 8 10 10 8
left_child=1 2 3 6 -5 -4 7 9 -9 -1 -11 12 13 -12
right_child=-2 -3 5 4 -6 -7 -8 8 -10 10 11 -13 -14 -15
leaf_value=-0.0085935754086610625 -0.043025632834611832 0.0025798994115205096 0.045197653727207326 0.10755547316272343 0.012360173766195817 -0.03367130980638211 -0.035496346245536416 0.071169285658730555 -0.025010457158658374 -0.017477640049816178 0.0095491954605792864 0.0049738694490090258 -0.018336431373732903 0.15662400631657616
leaf_weight=269.70329274178948 8.5493072782410291 1494.5923448835965 4.1749386712908745 6.5901053678244352 25.389325727708641 46.253109510987997 20.590326822712086 9.833064051344989 4.0683027122868216 24.90842281782534 4.3631801438750699 21.740848166868091 4.2697431970154858 6.781475273659451
leaf_count=7642 366 31305 29 82 321 650 332 139 114 1284 256 326 288 368
internal_value=0.000841836 0.00105686 -0.00397999 -0.00118297 0.0346438 -0.0263899 -0.00439696 -0.00244743 0.0432323 -0.00448562 0.0132191 0.0337165 0.0714831 0.104571
internal_weight=1951.81 1943.26 448.666 398.238 31.9794 50.428 366.259 345.668 13.9014 331.767 62.0637 37.1552 15.4144 11.1447
internal_count=43502 43136 11831 11152 403 679 10749 10417 253 10164 2522 1238 912 624
cat_boundaries=0 2 3
cat_threshold=3692497939 3 2
is_linear=0
shrinkage=0.05


Tree=170
num_leaves=15
num_cat=2
split_feature=15 54 28 29 1 24 24 24 38 1 26 15 10 15
split_gain=7.57828 11.8359 12.3565 10.2477 10.2108 9.8706 9.72246 12.4103 16.3211 9.69629 8.91282 9.84226 8.44715 8.19182
threshold=1.6449428819507086 112.50000000000001 0 1 1.2669540229885059 0.38565139027996537 0.30580411189539264 0.24374240783826154 1.0000000180025095e-35 0.50233644859813087 114.50000000000001 0.46148479923799451 13.500000000000002 -0.15989519338607036
decision_type=8 10 9 9 8 10 10 10 2 10 2 10 2 10
left_child=1 2 4 6 5 9 7 10 12 -1 11 -4 -9 -7
right_child=-2 -3 3 -5 -6 13 -8 8 -10 -11 -12 -13 -14 -15
leaf_value=-0.031464865605982113 0.0020555444839874737 0.089271927305587723 -0.033061981548272099 -0.012460335445415163 -0.0043024419048289164 -0.0068201597315451865 -0.014815390734041376 0.0032935682358526093 0.12781541210341071 0.026923453893281407 0.010561497410734673 0.032281891106370419 0.050483172003383273 0.082503027638210963
leaf_weight=8.4240252780728024 1271.4493036326021 2.3531964970752588 28.886898899450898 379.63120127969887 50.606481400085613 3.1384875299409023 61.038819112349302 25.913969196612015 2.9955885559320441 28.8117855200544 59.549853035132401 6.291299865115433 14.097382966661824 10.244644187856464
leaf_count=287 27540 44 554 9239 958 51 2025 443 25 510 1143 127 243 245
internal_value=-0.000225014 -0.00447354 -0.00492881 -0.00769974 0.0105464 0.0272304 0.00156897 0.00899743 0.0309384 0.0132366 -0.001183 -0.0208065 0.0207456 0.062538
internal_weight=1953.43 681.984 679.63 578.405 101.225 50.6189 198.774 137.735 43.0069 37.2358 94.7281 35.1782 40.0114 13.3831
internal_count=43434 15894 15850 13799 2051 1093 4560 2535 711 797 1824 681 686 296
cat_boundaries=0 1 3
cat_threshold=13243075 2712732430 54
is_linear=0
shrinkage=0.05


Tree=171
num_leaves=15
num_cat=3
split_feature=11 24 4 29 15 4 20 29 0 53 29 21 19 51
split_gain=6.20891 12.0072 11.684 10.5722 9.47492 10.0262 6.53771 7.09252 9.63175 6.26191 7.95479 9.09632 6.54812 9.78433
threshold=7.6655721876254832 0.60057330057330061 1.3681525794895257 0 13.848306729064481 -6.1987328792922112 14.505000000000004 1 91.00500000000001 82.500000000000014 2 0.97790083642899184 99.065000000000012 1.0000000180025095e-35
decision_type=2 10 8 9 10 10 10 9 10 10 9 8 10 2
left_child=6 3 -3 -2 -5 -6 9 8 -8 10 11 -1 13 -13
right_child=1 2 -4 4 5 -7 7 -9 -10 -11 -12 12 -14 -15
leaf_value=-0.021258153232426576 0.015549737407297457 -0.01268908209409058 0.12020941230708354 -0.012283732288725577 0.076016783611645211 -0.01477394773366527 -0.015423361538436021 -0.027124409814928203 0.049899222019056874 0.023905226397378642 -0.00087696609935607964 0.011718348690372703 -0.031018162144470719 0.071428196986082312
leaf_weight=21.569181512459181 35.591335246805102 2.7071927366778246 2.6520926980301738 321.06976238021161 5.3924300544895232 5.2791407527402026 13.432645013439471 30.600719592068344 8.3354126482736302 28.820208949502558 1255.0232099656714 212.07319674710743 7.5752219165442503 6.1452455669641486
leaf_count=1066 305 67 39 5503 53 56 475 1479 226 441 28655 4863 133 74
internal_value=-0.000749867 -0.00654709 0.0616382 -0.00770654 -0.0103958 0.0336856 0.000617772 -0.0165858 0.00742278 0.00121659 0.000765746 0.00875308 0.012087 0.013718
internal_weight=1956.27 372.692 5.35929 367.333 331.741 10.6716 1583.58 52.3688 21.7681 1531.21 1502.39 247.363 225.794 218.218
internal_count=43435 6023 106 5917 5612 109 37412 2180 701 35232 34791 6136 5070 4937
cat_boundaries=0 2 4 6
cat_threshold=7344256 16 8674308 21 2164351041 30
is_linear=0
shrinkage=0.05


Tree=172
num_leaves=15
num_cat=2
split_feature=0 0 29 10 25 6 26 1 14 7 29 9 8 26
split_gain=4.36905 4.68483 12.0451 8.19049 9.23657 8.02463 6.32018 6.10711 4.77261 4.46044 18.3215 8.42233 9.76445 9.24022
threshold=99.905000000000015 97.405000000000015 0 1.0000000180025095e-35 0.66865632190985025 -28.499999999999996 87.500000000000014 1.6858803986710966 3.4000000000000017 17.500000000000004 1 1.5000000000000002 65.500000000000014 128.50000000000003
decision_type=10 10 9 2 10 10 2 8 10 10 9 2 10 2
left_child=1 9 -3 8 5 6 -5 -6 -4 -1 11 12 -11 -13
right_child=-2 2 3 4 7 -7 -8 -9 -10 10 -12 13 -14 -15
leaf_value=-0.0012881830445915863 -0.026019263187691506 -0.01989805861919626 -0.012887385900538144 0.028404686213098409 0.055472508480650821 -0.010817946786969332 0.14547310973998895 -0.0027901057982157927 0.039003758806729787 -0.020806404536334717 0.011866355779043866 -0.01129174927927596 0.048887456416222913 0.017128802417427286
leaf_weight=1369.487602384761 14.499148370639885 13.406803492573088 12.44465258845594 2.2605680730193862 7.6625791392289129 1.403449200559409 3.9653615391580388 9.1662128574680519 5.6250509265810242 98.90917483298108 301.96362606517505 59.001309424173087 4.3606046810746184 53.669805064913817
leaf_count=29319 858 398 315 25 105 93 168 123 98 3624 6652 795 62 742
internal_value=0.000422623 0.000633187 0.0147643 0.0247768 0.048751 0.0914251 0.11278 0.0253618 0.00446444 0.000206802 0.00415483 -0.00686424 -0.0174229 0.0022777
internal_weight=1957.83 1943.33 55.9347 42.5279 24.4582 7.62938 6.22593 16.8288 18.0697 1887.39 517.905 215.941 103.27 112.671
internal_count=43377 42519 1325 927 514 286 193 228 413 41194 11875 5223 3686 1537
cat_boundaries=0 2 4
cat_threshold=1648468484 38 2175109214 41
is_linear=0
shrinkage=0.05


Tree=173
num_leaves=15
num_cat=1
split_feature=5 25 21 28 1 7 25 3 3 15 5 25 11 0
split_gain=6.3865 4.83111 12.2311 11.8902 14.4786 11.932 10.2273 9.62982 9.57755 13.5748 9.24798 8.33316 7.28523 7.24545
threshold=1.087985 0.030830416499361413 0.95557482569429641 0 2.5042372881355939 1.5000000000000002 -0.25067822241747201 0.55498626665248574 0.70417242773529687 4.7200715045282138 0.77013636363636373 0.049129578965662758 7.496377666359205 85.00500000000001
decision_type=10 8 8 9 10 10 8 8 8 8 8 8 2 8
left_child=1 2 -1 10 5 13 7 -7 9 -8 12 -3 -4 -5
right_child=-2 11 3 4 -6 6 8 -9 -10 -11 -12 -13 -14 -15
leaf_value=-0.035311827549495987 -0.037124310310616145 -0.04025758419762706 -0.008774416320802338 0.0039652201903730457 -0.023452134045747405 -0.014947517157900176 0.02100937508942094 0.036920086114919856 0.0065741918803118096 0.15581593999979548 -0.028111155041253055 -0.00041539299960364427 0.06361373465675263 0.10462936936414419
leaf_weight=12.426663252874276 10.700177956023252 12.219949239515701 7.5214486848562938 2.3098549945279929 10.245906793628818 16.354436413384974 3.7806580101605478 17.710643206723034 4.7280885414220402 3.5500200684182346 24.041375687345862 1811.385190163739 5.1467811120674014 8.3535303184762597
leaf_count=1471 582 1182 127 122 333 323 152 189 145 118 374 38055 78 174
internal_value=-0.000294514 -7.23299e-05 0.00976944 0.015455 0.0257133 0.0392861 0.0271297 0.0123026 0.0648654 0.0971595 -0.0081261 -0.000704292 0.0231375 0.0850335
internal_weight=1950.47 1939.77 116.169 103.743 67.0331 56.7872 46.1238 34.0651 12.0588 7.33068 36.7096 1823.61 12.6682 10.6634
internal_count=43425 42843 3606 2135 1556 1223 927 512 415 270 579 39237 205 296
cat_boundaries=0 1
cat_threshold=5793
is_linear=0
shrinkage=0.05


Tree=174
num_leaves=15
num_cat=3
split_feature=11 24 26 26 11 29 29 7 4 28 15 10 11 19
split_gain=6.14877 9.29191 10.4943 14.1797 9.20452 18.2996 12.4216 9.40752 13.5971 16.2663 14.7626 13.0591 12.846 12.5918
threshold=6.4879807340800166 0.61008673180796469 7.5000000000000009 36.500000000000007 6.1421341736536119 0 1 14.500000000000002 -8.3560027582526342 2 -1.0000000180025095e-35 7.5000000000000009 5.6564810818451248 35.70000000000001
decision_type=2 10 2 2 2 9 9 10 10 9 10 2 2 8
left_child=4 -2 -3 -4 6 -6 -1 8 9 -8 -10 -9 -13 -14
right_child=1 2 3 -5 5 -7 7 11 10 -11 -12 12 13 -15
leaf_value=-0.014436419041633867 0.0026350963980400289 -0.036596301238277507 0.12747581136629363 0.0033965487772071113 0.0081464800223418725 -0.021743633677656769 0.0021767714031479457 0.0034378885177954385 0.040492910757678385 -0.019322545927960674 0.002740893577404006 0.0086979204458385462 -0.036499509632943357 0.072190834934615394
leaf_weight=112.86706991284154 969.00390140654054 2.2569887773133805 4.1460588648915273 4.2688477030023932 75.173415069584735 134.54102925513871 266.04198792297393 99.053116252063774 35.999440507381223 120.23717374692205 86.827667632023804 24.25269142515026 2.407739574089649 21.523645804496482
leaf_count=3740 18133 59 68 157 1913 3383 3472 2776 893 5779 1836 714 132 495
internal_value=0.000373227 0.00317205 0.0475244 0.0715773 -0.00242812 -0.0116868 0.000108026 0.00280425 -0.000379995 -0.00499066 0.0140433 0.013932 0.0349964 0.0602301
internal_weight=1958.6 979.676 10.6719 8.41491 978.925 209.714 769.211 656.343 509.106 386.279 122.827 147.237 48.1841 23.9314
internal_count=43550 18417 284 225 25133 5296 19837 16097 11980 9251 2729 4117 1341 627
cat_boundaries=0 2 4 5
cat_threshold=46896202 16 36772934 16 9588754
is_linear=0
shrinkage=0.05


Tree=175
num_leaves=15
num_cat=0
split_feature=15 3 3 11 24 7 11 25 3 4 10 11 1 18
split_gain=5.99378 12.0909 10.6565 14.5071 17.4042 15.3168 9.2824 9.27164 8.79657 8.54478 9.3039 16.103 8.24814 10.4878
threshold=1.2722810260689361 0.0010601854378686584 0.18945705737398005 5.0817148275836965 0.37749732088680149 9.5000000000000018 5.0481879480874055 4.2899903783145215 1.1754988640111506 0.062579196495703343 7.5000000000000009 6.1346445176122657 0.61873433583959914 6.1449999999999996
decision_type=8 8 10 2 8 10 2 10 10 8 2 2 10 10
left_child=8 9 3 4 -3 -6 7 -4 -1 10 -2 -12 13 -8
right_child=1 2 6 -5 5 -7 12 -9 -10 -11 11 -13 -14 -15
leaf_value=-0.0033594452425967087 -0.012134024377330438 -0.012997493598849517 -0.038552504962957368 -0.011910378559954323 0.0071200656764607642 0.15434621894574052 0.016425754620023318 0.032681111532195113 -0.048819268445419069 0.052579308833876126 0.10392702548951988 -0.018932015953215253 0.0016416878628368577 -0.026849803682724594
leaf_weight=611.59388009394752 18.274141744594093 7.5641845287755105 22.485395152354616 220.83528817258775 3.1608536473941067 3.3188097137026489 178.7699819272384 4.858396114781498 9.8381354397861269 18.074160240124911 4.6293441089801473 4.5724202576093376 825.18038283509668 14.290005534654481
leaf_count=14310 1090 213 397 7284 73 82 3205 40 462 535 76 76 15178 353
internal_value=-0.000108319 0.00179051 0.000879818 -0.00872158 0.03888 0.0930814 0.00304294 -0.0251894 -0.00415641 0.0268222 0.00862733 0.047006 0.00382506 0.0131007
internal_weight=1947.45 1326.01 1280.46 234.879 14.0438 6.47966 1045.58 27.3438 621.432 45.5501 27.4759 9.20176 1018.24 193.06
internal_count=43374 28602 26825 7652 368 155 19173 437 14772 1777 1242 152 18736 3558
is_linear=0
shrinkage=0.05


Tree=176
num_leaves=15
num_cat=1
split_feature=3 29 2 10 0 43 12 7 25 25 22 8 3 7
split_gain=4.26678 18.8376 14.7842 10.2124 9.56119 7.08183 7.64989 6.93585 10.9552 5.06834 10.5479 9.2168 7.88259 10.1362
threshold=0.002300324556747807 0 1.0148819293611668 10.500000000000002 4.6250000000000009 1.0000000180025095e-35 2.5000000000000004 8.5000000000000018 4.4093790212988404 0.030830416499361413 2.9083333333333337 63.500000000000007 0.91803654809627955 1.0000000180025095e-35
decision_type=8 9 2 2 10 2 2 8 10 8 8 10 10 8
left_child=1 7 4 -4 5 6 -3 8 -1 10 -2 12 13 -12
right_child=9 2 3 -5 -6 -7 -8 -9 -10 -11 11 -13 -14 -15
leaf_value=-0.020277928835459248 -0.035118509492299145 0.042405805593283219 -0.032700949811399337 0.028531829622435431 0.09183525048385216 -0.02366232293784 -0.024786825244161616 -0.022737900042238572 0.13712573145950804 -0.0012507015150241489 0.077251734244567383 -0.037601856225009535 0.053567594372727068 0.0078508260677466798
leaf_weight=2.2354083516402175 10.828339923056772 41.157314419280738 14.97537707956508 10.903816188452764 6.5643055986147365 4.8896061824634662 4.0583686386235049 45.907889346708544 0.84149949811398972 1708.8847332916339 4.6884500981541395 6.8441562298685303 13.189179847133344 75.522879307041876
leaf_count=221 329 1344 257 167 239 84 81 1768 10 36195 241 159 267 2080
internal_value=5.45863e-05 0.00871622 0.021752 -0.00679977 0.0384543 0.0298007 0.035969 -0.014665 0.0458459 -0.000575858 0.00972529 0.0148683 0.0190708 0.0128087
internal_weight=1951.49 131.534 82.5488 25.8792 56.6696 50.1053 45.2157 48.9848 3.07691 1819.96 111.073 100.245 93.4005 80.2113
internal_count=43442 4171 2172 424 1748 1509 1425 1999 231 39271 3076 2747 2588 2321
cat_boundaries=0 2
cat_threshold=3276052828 10
is_linear=0
shrinkage=0.05


Tree=177
num_leaves=15
num_cat=2
split_feature=29 1 2 13 1 29 3 7 11 15 11 7 11 11
split_gain=5.68723 10.9789 9.50875 8.78657 7.73946 13.9891 8.18014 9.16391 9.13206 8.17366 18.5167 8.77171 10.1708 9.95304
threshold=0 0.75114678899082576 -16.669121977561936 39.890000000000008 0.67814389000829689 1 1.0000000180025095e-35 24.500000000000004 6.4879807340800166 0.051923662361161867 5.2397874187367011 11.500000000000002 6.8170096282065158 6.4141718177424005
decision_type=9 8 2 10 8 9 10 10 2 10 2 8 2 2
left_child=1 2 -1 -3 5 6 7 -2 -9 10 -7 -11 13 -13
right_child=4 3 -4 -5 -6 9 -8 8 -10 11 -12 12 -14 -15
leaf_value=0.049600887653245267 -0.035971545844875226 0.0058924340588456274 -0.016856371412274251 -0.046288009110721201 -0.0041104875209394117 0.062626723193795128 -0.029817531507869852 -0.026762292425940533 0.12013970307218019 -0.026760785033612289 -0.0075884736659318722 0.033252674908601364 0.011957409476390344 0.097238576830074142
leaf_weight=4.7736259256489566 2.3657335829921058 716.15794537414331 87.447941884747706 7.1699608671478918 939.62026749458164 10.042046597460283 34.449209679034539 1.1167176431044938 2.2096621696837246 6.2170534068718553 61.816416554152966 24.460007181158289 32.727872721850872 8.1098388824611884
leaf_count=65 194 13061 4332 104 19491 231 1864 107 130 130 2053 707 640 170
internal_value=4.38345e-05 0.00319775 -0.0129212 0.00531201 -0.00225553 0.00709067 -0.0166034 0.0310648 0.0760358 0.0139756 0.00294882 0.0267891 0.0322144 0.0516071
internal_weight=1938.68 815.549 92.2216 723.328 1123.13 183.515 40.1413 5.69211 3.32638 143.373 71.8585 71.5148 65.2977 32.5698
internal_count=43279 17562 4397 13165 25717 6226 2295 431 237 3931 2284 1647 1517 877
cat_boundaries=0 2 3
cat_threshold=45556460 45 1095288850
is_linear=0
shrinkage=0.05


Tree=178
num_leaves=15
num_cat=2
split_feature=7 21 3 29 54 7 11 8 1 15 4 32 1 29
split_gain=6.62075 4.99566 4.55375 9.86578 14.1935 8.71058 9.39194 9.00752 9.28751 17.4468 7.04804 6.81564 6.78509 14.0578
threshold=-19.499999999999996 1.2507861874787474 0.97899080064913535 0 19.500000000000004 5.5000000000000009 9.0581765698608105 96.500000000000014 1.9005494505494507 1.8598163431361174 31.660771149292092 0.90000000000000013 1.4990196078431375 1
decision_type=8 10 10 9 10 10 2 8 8 8 10 2 10 9
left_child=-1 2 12 10 5 7 -7 8 11 -10 -4 -5 -2 -14
right_child=1 -3 3 4 -6 6 -8 -9 9 -11 -12 -13 13 -15
leaf_value=-0.025208693739605121 0.0016405593713343691 -0.043099019331591944 0.001940046872532322 -0.027065984971992266 0.081719771915625725 -0.015266002030850651 0.052457777557550322 0.0024431219569258141 0.13832947271884535 0.023865836140124979 -0.030582010764975257 0.029614650649993381 0.0073590194311642723 -0.012321183608267174
leaf_weight=24.064946539700031 1313.8259887113236 5.5020705511560655 63.933034872403368 5.5712989808525881 6.8522755196318021 37.217201597755775 4.9225069694221011 37.261978455586359 4.6225051314104331 9.4890658268704993 21.479595758486539 30.214353925315663 129.800800027675 258.76480910711689
leaf_count=705 30208 664 798 114 75 539 25 364 110 114 370 455 2842 6225
internal_value=0.000323789 0.000655134 0.000802585 0.00752843 0.0152024 0.0122439 -0.0063223 0.0211902 0.034867 0.0680332 -0.00582391 0.0202944 -7.66799e-05 -0.00587235
internal_weight=1953.52 1929.46 1923.96 221.564 136.151 129.299 42.1397 87.1592 49.8972 14.1116 85.4126 35.7857 1702.39 388.566
internal_count=43608 42903 42239 2964 1796 1721 564 1157 793 224 1168 569 39275 9067
cat_boundaries=0 2 4
cat_threshold=2160607560 46 7625486 14
is_linear=0
shrinkage=0.05


Tree=179
num_leaves=15
num_cat=1
split_feature=29 2 2 19 1 55 26 26 9 1 15 1 25 25
split_gain=5.38449 11.6958 9.11298 13.6415 15.0087 9.3383 14.2357 9.03149 11.1487 9.20789 9.84599 8.70784 9.65141 11.7449
threshold=0 -22.03007518361559 6.2416409050713781 30.500000000000004 1.7784237726098193 8.5000000000000018 112.50000000000001 24.500000000000004 1.5000000000000002 2.6688596491228074 3.9826583018982986 1.502747252747253 0.66260718913506345 1.2476758521026643
decision_type=9 2 2 8 10 2 2 2 2 8 8 10 10 10
left_child=1 -1 3 -3 5 11 -7 8 -4 -9 -11 12 -5 -14
right_child=-2 2 7 4 -6 6 -8 9 -10 10 -12 -13 13 -15
leaf_value=0.065853906077937355 -0.0012347771556984128 -0.036915422220320494 -0.029003149907183608 -0.0084535782469552338 -0.015244511040120574 0.00039289587472349008 0.088201707447877475 -0.024096487780919593 0.037720318872317721 0.0293918917967145 -0.037574194734497073 0.055477568008650058 0.046134307347700382 0.007378357434082071
leaf_weight=6.9355157180689266 1633.9531304097618 13.011646006489171 8.1239090939052421 38.976187795284204 34.362328174640425 7.6257041916251209 10.729088576044886 65.133642149274237 19.671087117865682 18.667768396902829 6.6641201088205007 11.848099333001299 29.777836542576551 54.902809065766633
leaf_count=86 35962 927 134 1430 1190 104 120 929 187 285 95 321 739 1085
internal_value=-5.5137e-05 0.00569898 0.00436957 0.0108232 0.014301 0.0209553 0.0536257 -0.00661066 0.0178885 -0.0142511 0.0110171 0.0161696 0.0119885 0.0213862
internal_weight=1960.38 326.43 319.494 201.234 188.222 153.86 18.3548 118.261 27.795 90.4655 25.3319 135.505 123.657 84.6806
internal_count=43594 7632 7546 5916 4989 3799 224 1630 321 1309 380 3575 3254 1824
cat_boundaries=0 2
cat_threshold=2164664549 52
is_linear=0
shrinkage=0.05


Tree=180
num_leaves=15
num_cat=4
split_feature=23 29 29 3 10 13 20 0 10 24 28 28 14 3
split_gain=5.50232 7.81553 7.0577 9.58491 8.75374 10.5782 6.50442 11.293 12.1766 10.6267 10.0396 9.66968 10.1179 8.5445
threshold=0.45250000000000018 0 1 0.0018397025830937973 7.5000000000000009 6.5025000000000013 17.115000000000006 37.005000000000003 31.500000000000004 0.46914166340877189 2 3 4.4387499999999998 0.99871207395414452
decision_type=8 9 9 8 2 8 8 10 2 10 9 9 8 10
left_child=1 -1 3 4 -2 -6 11 10 9 -9 -8 12 -5 -12
right_child=2 -3 -4 6 5 -7 7 8 -10 -11 13 -13 -14 -15
leaf_value=0.011286615419995009 0.007715136062819504 -0.0193945839958518 -0.001904900789433224 -0.016196324980024848 0.010156167224567117 0.10622588674931939 -0.0079224636000095987 0.052898570522106073 -0.031442108363064353 -0.030164092319185199 0.011395485796400049 -0.0077157098648480546 0.061758975435446221 0.069729643038875522
leaf_weight=22.594304352765903 14.631622989079917 69.263602494669612 1429.0686605664669 5.6595362778753042 5.2685749826487136 5.9551108381710947 90.190398375503719 31.368884814204648 5.6349382766056797 3.717629703343845 90.640339676290751 161.2952889862936 11.753983252681794 5.8206403441727153
leaf_count=600 642 2108 29695 111 232 102 2429 698 161 260 1305 4935 200 33
internal_value=-0.000802325 -0.0126808 -0.000209516 0.00531242 0.0343723 0.0656494 0.00351279 0.00910598 0.0326295 0.0435056 0.00382736 -0.00361456 0.0239257 0.0141436
internal_weight=1952.86 91.8579 1861.01 431.937 25.8553 11.2237 406.082 227.373 40.7215 35.0865 186.651 178.709 17.4135 96.461
internal_count=43511 2708 40803 11108 976 334 10132 4886 1119 958 3767 5246 311 1338
cat_boundaries=0 2 4 5 6
cat_threshold=1157714120 16 54469156 21 5813248 4326416
is_linear=0
shrinkage=0.05


Tree=181
num_leaves=15
num_cat=1
split_feature=21 49 25 21 22 19 4 29 10 2 11 11 15 4
split_gain=4.7376 4.5559 4.27184 4.15392 5.89968 13.5996 10.9242 4.12954 9.65127 14.5271 11.9276 10.5116 9.93557 14.3938
threshold=1.2507861874787474 1.0000000180025095e-35 20.599863950636131 0.69345350103991299 24.040000000000003 98.750000000000014 -65.972716376288773 0 4.5000000000000009 10.268962216976353 5.7871580496032884 5.323180681703044 3.9311793007807911 -1.0000000180025095e-35
decision_type=10 2 10 8 10 8 10 9 2 2 2 2 8 10
left_child=1 2 3 -1 7 6 -6 8 9 10 11 -5 13 -12
right_child=-2 -3 -4 4 5 -7 -8 -9 -10 -11 12 -13 -14 -15
leaf_value=-0.041518517091987853 -0.042845987019152487 -0.033746731788543476 -0.039616736989227255 0.034485614249549844 0.18756377720846792 -0.032477423874202639 -0.020012039481316801 -0.00015586419560371511 -0.0025204248674583177 -0.0063345527461961832 0.084362968352713077 -0.02489336145265051 0.021915483995122279 0.0032850539839745633
leaf_weight=4.764171737479046 5.3071523851249358 8.6304713370045629 5.5390643626451483 11.687160420930015 1.0720386271132154 1.8285894783912224 0.659494647989049 1623.3051125665079 151.08786919584963 50.1849901775131 18.595195907866586 17.066922183032148 41.877947926986963 7.7118361135944715
leaf_count=1325 652 327 79 356 113 494 139 33406 3696 763 462 508 983 137
internal_value=0.000418835 0.000558916 0.000729245 0.000865504 0.000991898 0.0577976 0.130121 0.000856641 0.00614995 0.015426 0.026641 -0.000410764 0.03789 0.0615859
internal_weight=1949.32 1944.01 1935.38 1929.84 1925.08 3.56012 1.73153 1921.52 298.212 147.124 96.9391 28.7541 68.185 26.307
internal_count=43440 42788 42461 42382 41057 746 252 40311 6905 3209 2446 864 1582 599
cat_boundaries=0 2
cat_threshold=50455264 4
is_linear=0
shrinkage=0.05


Tree=182
num_leaves=15
num_cat=3
split_feature=4 28 6 4 9 7 29 55 21 1 26 7 0 29
split_gain=4.56351 15.6886 9.82906 9.79012 9.46351 11.822 8.8076 12.0897 8.31263 8.20215 8.70186 7.64415 11.8173 7.56126
threshold=9.3508528367139281 0 16.500000000000004 10.693385852116494 1.0000000180025095e-35 23.500000000000004 1 1.5000000000000002 0.9862759553817263 1.961829836829837 406.00000000000006 32.500000000000007 31.805000000000003 2
decision_type=10 9 8 10 2 10 9 2 10 8 2 8 10 9
left_child=13 3 4 -2 -3 -6 7 -5 9 -8 11 -11 -13 -1
right_child=1 2 -4 6 5 -7 8 -9 -10 10 -12 12 -14 -15
leaf_value=-0.0071084644442088929 0.047019496365595784 0.08662977592812926 -0.018021121473122681 -0.028745147691678349 0.01466006833089901 0.094908229110407943 -0.025376312500911026 0.029366582287355315 0.028927231551181789 -0.0020810519861310709 -0.018569528147716508 0.00249957410850868 0.10119058179424228 0.0011242282093490217
leaf_weight=339.05132566753309 9.3434526605997217 9.4941398631781322 6.757660769391804 10.731587767601011 25.964258130639795 4.7237515747547141 67.739692963776179 38.158022162737325 11.614167526829986 16.650952102150768 29.04776470316574 6.4045450724661368 4.8526797178201377 1363.4424986871891
leaf_count=9625 150 158 301 214 330 42 1160 511 153 204 595 80 38 29863
internal_value=0.000360065 0.00677764 0.029476 -0.000313186 0.0448649 0.0296178 -0.00295767 0.0135702 -0.00925551 -0.01375 0.000276743 0.0198564 0.0498273 -0.000553651
internal_weight=1943.98 241.483 46.9398 194.543 40.1821 30.688 185.199 48.8896 136.31 124.696 56.9559 27.9082 11.2572 1702.49
internal_count=43424 3936 831 3105 530 372 2955 725 2230 2077 917 322 118 39488
cat_boundaries=0 1 2 4
cat_threshold=4243601 3226733894 2119192321 10
is_linear=0
shrinkage=0.05


Tree=183
num_leaves=15
num_cat=2
split_feature=20 29 10 26 18 3 1 29 7 6 20 9 24 7
split_gain=5.23076 8.03358 9.96652 6.46157 6.66448 6.25872 17.9873 17.7288 13.6032 7.32905 8.63096 6.48886 10.9976 11.0219
threshold=-73.697499999999977 0 55.500000000000007 209.50000000000003 -4.0737500000000013 0.002300324556747807 0.88944444444444459 1 17.500000000000004 -2.4999999999999996 -22.497499999999992 1.0000000180025095e-35 0.30913242427679039 34.500000000000007
decision_type=8 9 2 2 10 8 10 9 10 8 8 2 10 10
left_child=1 2 3 4 -1 6 7 -2 9 10 -8 12 -9 -14
right_child=5 -3 -4 -5 -6 -7 8 11 -10 -11 -12 -13 13 -15
leaf_value=0.066581620744431566 -0.018240226247752869 -0.020261740035226135 0.070007220803727663 -0.032875908778570495 -0.020223931666711256 -8.6230221787706615e-05 0.098526969667442968 0.045097024997213603 -0.017490202918808134 0.15118256365142965 -0.01364491334218341 -0.0035059622297853778 -0.025521665185049322 0.090054419870741739
leaf_weight=3.8450219258666039 42.052963877678849 56.339834803133272 5.4318026248365632 8.0572355069452879 3.4007117077708271 1752.6131939050974 2.6953576436499134 36.592699697241187 3.1480308123864225 3.1446862166048941 2.8018152432050556 17.964890209026635 11.805506937904282 1.4642876959405828
leaf_count=67 1642 1182 44 201 87 37974 46 695 69 119 156 271 749 75
internal_value=0.000150057 -0.0125306 0.0121664 -0.00393641 0.0283286 0.000677919 0.0115962 0.00501651 0.0677309 0.0973693 0.0480543 0.0193325 0.031269 -0.00735104
internal_weight=1951.36 77.0746 20.7348 15.303 7.24573 1874.28 121.67 109.88 11.7899 8.64186 5.49717 67.8274 49.8625 13.2698
internal_count=43377 1581 399 355 154 41796 3822 3432 390 321 202 1790 1519 824
cat_boundaries=0 2 4
cat_threshold=2199928836 10 33859934 11
is_linear=0
shrinkage=0.05


Tree=184
num_leaves=15
num_cat=1
split_feature=0 3 28 22 6 26 15 11 1 21 19 15 19 10
split_gain=5.6976 11.9258 9.50936 10.7034 9.63567 10.1318 7.70671 7.63771 7.75628 9.67904 6.49373 5.73076 7.74157 5.12847
threshold=4.6250000000000009 0.0003213544364343163 0 -0.41166666666666651 19.500000000000004 265.00000000000006 -0.0070631787659773205 5.6675506200009691 0.65531729933352667 0.98555787395039829 55.057500000000012 22.924776576473789 83.342500000000015 13.500000000000002
decision_type=8 8 9 8 8 2 8 2 8 8 8 8 10 2
left_child=2 7 3 6 5 11 -1 -2 9 10 -9 -4 -13 -10
right_child=1 -3 4 -5 -6 -7 -8 8 13 -11 -12 12 -14 -15
leaf_value=0.074882539967450493 -0.014369834471750534 0.00056201898584210962 0.026963215803963221 -0.018779157894673361 -0.02498137521262693 -0.018053873881162929 0.0030107759293462426 0.15512893037039283 0.075807128979658703 -0.026201702814645553 -0.018177488089734524 0.13030519774836577 0.018965600876048767 -0.0051702596701254646
leaf_weight=3.8416381548158824 6.2764899098547202 1733.0765596310375 10.27926372271031 134.00699753547087 8.3292741184122878 6.027789548970758 16.643300266703594 0.45960511639714208 13.111014077672733 6.0148245451273423 0.56140446872450422 3.5309382132254603 2.9850103501230478 2.1272864798083893
leaf_count=91 269 37414 149 3826 417 173 312 37 343 230 83 83 33 79
internal_value=0.000219857 0.00109939 -0.00808743 -0.0128081 0.0144754 0.0353956 0.0193472 0.0325959 0.0458789 0.00177259 0.0979929 0.0545151 0.0886093 0.0648803
internal_weight=1947.27 1761.63 185.644 154.492 31.1523 22.823 20.4849 28.5506 22.2741 7.03583 1.02101 16.7952 6.51595 15.2383
internal_count=43539 38455 5084 4229 855 438 403 1041 772 350 120 265 116 422
cat_boundaries=0 1
cat_threshold=13287940
is_linear=0
shrinkage=0.05


Tree=185
num_leaves=15
num_cat=3
split_feature=25 23 10 28 29 14 30 29 8 55 10 13 25 11
split_gain=4.81943 14.77 11.8664 7.37836 17.5765 10.9648 10.177 15.2045 18.018 17.7307 16.155 15.6814 15.5766 14.159
threshold=6.948080604341496 0.53958333333333353 13.500000000000002 0 1 0.87125000000000175 2.5000000000000004 2 1.5000000000000002 2.5000000000000004 7.5000000000000009 9.9325000000000028 6.0356901018594202 6.0954751662777973
decision_type=10 10 2 9 9 10 2 9 8 2 2 8 10 2
left_child=3 -2 -3 6 5 -5 -1 9 11 10 -8 -9 -10 -12
right_child=1 2 -4 4 -6 -7 7 8 12 -11 13 -13 -14 -15
leaf_value=-0.0020701221536359254 -0.022474743207622605 -0.0047937334924385289 0.056485349006222485 -0.032555917535843366 -0.00015515416630361653 -0.0017095354948989602 0.016363247796425309 0.095819662507108494 -0.0022267173073550329 -0.0072621668254543572 0.10982156890624439 0.018741288092281521 0.056753231024437051 0.037425297458289361
leaf_weight=519.2898117126897 77.371506193652749 21.958613308146596 11.218970781192182 79.616217922768556 666.79177045379765 45.009852443356067 28.688781415112317 6.5965079772286117 367.72657226445153 23.252913888543844 11.966404609382154 57.880468167364597 10.545026026666163 17.611622876487672
leaf_count=7881 995 244 93 5260 20993 1642 323 108 4304 344 112 895 91 173
internal_value=-0.000498781 -0.0105895 0.0169741 0.000114574 -0.00349986 -0.0199312 0.00286253 0.00779748 0.00367066 0.026267 0.0439764 0.02797 -0.000437239 0.0693484
internal_weight=1945.53 110.549 33.1776 1834.98 791.418 124.626 1043.56 524.268 442.749 81.5197 58.2668 64.477 378.272 29.578
internal_count=43458 1332 337 42126 27895 6902 14231 6350 5398 952 608 1003 4395 285
cat_boundaries=0 1 2 4
cat_threshold=5264434 1123549696 51396624 37
is_linear=0
shrinkage=0.05


Tree=186
num_leaves=15
num_cat=3
split_feature=28 29 7 1 11 15 25 26 29 16 1 7 26 1
split_gain=5.55816 9.56132 9.616 9.57698 9.37101 7.79957 9.59406 12.1668 7.80694 11.0594 8.62337 8.31685 8.55414 8.79474
threshold=0 1 36.500000000000007 0.91182948950505327 8.4398519556472014 -3.8659904646063157 4.2899903783145215 168.00000000000003 2 0.81999999999999862 0.87570224719101131 21.500000000000004 37.500000000000007 0.99293206793206801
decision_type=9 9 10 8 2 8 10 2 9 10 10 8 2 10
left_child=5 2 3 -2 -4 6 7 -1 9 11 -11 -7 13 -13
right_child=1 -3 4 -5 -6 8 -8 -9 -10 10 -12 12 -14 -15
leaf_value=0.05903082769510859 -0.031504036744550656 0.0015776452021601618 0.085824060858650839 -0.007605679724122111 -0.015040256623772228 -0.0038700815161555194 -0.0014070579881425855 -0.020560102607766459 -0.00030113265237387358 0.10985880103087496 0.019004839216260616 -0.023427860672310247 0.029544455145726817 0.040535891047640049
leaf_weight=20.503267821855847 50.101339147659019 426.29735981777776 4.0753575460985294 240.11809517978691 3.7482076892629266 74.757471467368305 24.369706211611629 5.6293337866663924 1001.9091821028851 3.8886219225823861 6.7486712201498449 17.967197418212894 57.169276881031692 6.5123212225735179
leaf_count=284 2984 13306 88 7823 112 1221 268 92 15806 95 100 336 870 78
internal_value=0.000191546 -0.00324978 -0.00996493 -0.0118253 0.0412728 0.00224487 0.021307 0.0417599 0.00142301 0.011064 0.0588041 0.00816708 0.0191018 -0.00548842
internal_weight=1943.8 724.34 298.043 290.219 7.82357 1219.46 50.5023 26.1326 1168.95 167.044 10.6373 156.406 81.6488 24.4795
internal_count=43463 24313 11007 10807 200 19150 644 376 18506 2700 195 2505 1284 414
cat_boundaries=0 1 3 5
cat_threshold=9065126 1626936640 43 1081805729 16
is_linear=0
shrinkage=0.05


Tree=187
num_leaves=15
num_cat=3
split_feature=21 10 29 19 11 21 27 29 20 4 19 55 25 6
split_gain=4.1071 10.6049 12.9015 11.1086 9.56008 8.44577 6.33282 6.5252 10.0847 8.37571 8.04471 10.8991 9.24636 10.9796
threshold=0.97790083642899184 16.500000000000004 0 1.0000000180025095e-35 6.9819760902175494 0.94406610337412766 1 2 -78.09999999999998 -12.908958283191089 87.500000000000014 9.5000000000000018 1.0107278867471627 -132.49999999999997
decision_type=8 2 9 8 2 10 9 9 8 8 10 2 10 10
left_child=1 3 4 -1 5 -3 -2 10 -9 -10 -8 -12 -13 -14
right_child=6 2 -4 -5 -6 -7 7 8 9 -11 11 12 13 -15
leaf_value=0.095532673641052918 0.020738498749208408 0.049400735332561042 -0.020782618661430829 -0.023000228742419249 -0.019173604199443708 -0.012437191780022431 0.0076775916664286225 -0.030470007318886397 -0.018307706629290293 -0.00063480565939079479 -0.015277255902430328 0.040296124173888045 0.049941465547300015 -0.014669234579391167
leaf_weight=1.0559672289527942 25.337581089697778 26.536181480856612 19.919443924329244 81.086980055551976 8.9438536461675522 6.4677704781061029 418.87784267845564 30.29619532788638 70.381643120374065 1104.2517786526587 101.78404626739211 18.120331390760839 7.1881036199629298 32.406701624859124
leaf_count=106 263 411 719 3919 171 265 9108 616 3731 21628 1926 214 45 356
internal_value=-0.000574894 -0.00867128 0.00690635 -0.0203458 0.0203364 0.037273 7.42025e-05 -0.000345151 -0.00243604 -0.0017084 0.00397495 -0.00548855 0.0117406 -0.0019984
internal_weight=1952.65 144.01 61.8672 82.1429 41.9478 33.004 1808.64 1783.31 1204.93 1174.63 578.377 159.499 57.7151 39.5948
internal_count=43478 5591 1566 4025 847 676 37887 37624 25975 25359 11649 2541 615 401
cat_boundaries=0 2 3 5
cat_threshold=1082723594 50 16768 2737885764 45
is_linear=0
shrinkage=0.05


Tree=188
num_leaves=15
num_cat=1
split_feature=22 29 10 1 0 2 6 8 3 3 8 20 26 54
split_gain=5.87361 15.3805 11.0225 7.96333 7.50028 8.61611 8.48358 8.37528 11.2519 6.86607 6.83884 6.66899 6.73671 6.34821
threshold=0.8633333333333334 0 43.500000000000007 0.38501602564102572 19.935000000000002 17.244961419904584 -2.4999999999999996 43.500000000000007 0.89938815442499032 0.20085704003691371 -10.499999999999998 -50.067499999999995 135.50000000000003 22.500000000000004
decision_type=10 9 2 8 8 2 10 10 8 10 8 10 2 8
left_child=10 2 4 11 -2 7 -7 13 -9 -4 -1 12 -3 -6
right_child=1 3 9 -5 5 6 -8 8 -10 -11 -12 -13 -14 -15
leaf_value=-0.036931336773184407 -0.027887066518632982 0.0015871162741927713 0.10399467741411611 -0.02552884685301194 -0.031996973780780293 -0.022354205735415744 0.04700572109640716 0.11678793447336525 0.0079346694681348712 0.010715643020783233 0.0017019837301450015 -0.032321846078605762 0.13211413650481005 0.016472580364838424
leaf_weight=10.533968057017772 17.426949147484265 1.8532230629352855 3.4018833441659799 96.602426564088091 6.9005204553250223 30.529219067655504 4.1710294040385625 3.6549732168205056 5.1676473377738157 4.0426385113969445 1704.3394597350853 1.6953122338745732 1.1807962589664383 47.620271549909376
leaf_count=256 1041 157 58 3224 122 421 74 71 96 60 36109 161 119 1366
internal_value=0.000446996 -0.00714447 0.00505457 -0.0203518 0.00141731 0.00685505 -0.0129339 0.0177282 0.0603284 0.0606082 0.00144329 0.0358724 0.0725436 0.00987213
internal_weight=1939.12 224.247 122.915 101.332 115.471 98.0437 34.7002 63.3434 8.82262 7.44452 1714.87 4.72933 3.03402 54.5208
internal_count=43335 6970 3309 3661 3191 2150 495 1655 167 118 36365 437 276 1488
cat_boundaries=0 2
cat_threshold=1084568647 1
is_linear=0
shrinkage=0.05


Tree=189
num_leaves=15
num_cat=3
split_feature=0 10 29 11 29 26 8 26 28 1 25 8 2 9
split_gain=8.18473 9.10998 16.5497 13.7261 12.919 10.6028 9.67169 9.59473 9.12787 13.5549 19.917 14.2748 11.4654 11.5234
threshold=50.765000000000008 7.5000000000000009 0 5.130785502031082 1 2005.0000000000002 4.5000000000000009 4.5000000000000009 2 0.77831196581196593 2.5420198504673288 1.5000000000000002 -4.4638575469782049 2.5000000000000004
decision_type=10 2 9 2 9 2 8 2 9 8 8 10 2 2
left_child=1 4 -3 -4 7 8 -7 -1 9 10 11 -6 -10 -14
right_child=-2 2 3 -5 5 6 -8 -9 12 -11 -12 -13 13 -15
leaf_value=-0.038296136691422906 0.005481825800826714 -0.0078299867787331046 -0.023529444540110897 0.011119416448323699 0.023251196609972494 -0.022786323545995101 0.046737516053337397 -0.011116051707762678 0.0354507427857053 -0.0034202820302059091 -0.00034506286125932957 0.091880694927030881 -0.023012034730182516 0.0066797248320676758
leaf_weight=37.783920924412087 477.93823324388359 243.2425187752815 29.965257203439251 381.06441423622891 21.816449600271881 5.980591892497614 19.092151736142117 211.0869936508825 10.922827303875236 268.31671788077801 51.050719482824206 11.487270015291868 125.94502668140922 43.490919658681378
leaf_count=1063 11273 5971 505 7242 630 345 310 5130 131 3352 883 203 5300 988
internal_value=-0.000191232 -0.00204923 0.00233342 0.00834003 -0.00560105 -0.00119954 0.0299161 -0.0147875 -0.0027389 0.00203137 0.019447 0.0489116 -0.0115041 -0.0153963
internal_weight=1939.18 1461.25 654.272 411.03 806.974 558.103 25.0727 248.871 533.03 352.671 84.3544 33.3037 180.359 169.436
internal_count=43326 32053 13718 7747 18335 12142 655 6193 11487 5068 1716 833 6419 6288
cat_boundaries=0 2 4 5
cat_threshold=1669723458 16 3229352476 41 5920016
is_linear=0
shrinkage=0.05


Tree=190
num_leaves=15
num_cat=2
split_feature=2 10 29 5 26 53 21 15 25 19 29 21 26 3
split_gain=4.12962 13.2418 10.1017 10.0472 10.6439 9.87374 9.09826 8.96921 10.2767 9.6394 8.71526 13.2065 12.0018 13.2381
threshold=23.367450903351934 25.500000000000004 0 0.5394379310344829 193.50000000000003 34.500000000000007 0.88936492835132019 2.2984451410402831 2.4592615452198516 99.065000000000012 1 0.94306139934805888 3602.0000000000005 0.4193048365139988
decision_type=2 2 9 10 2 10 10 10 10 8 9 8 2 8
left_child=10 2 5 -4 6 -2 -5 8 9 -3 12 -12 -1 -14
right_child=1 7 3 4 -6 -7 -8 -9 -10 -11 11 -13 13 -15
leaf_value=-0.0046312521727832926 -0.023606366806355483 -0.026350876303837097 -0.0038352013803658043 0.069421738299186075 -0.0090670997233800732 0.014509655988653052 0.0043804546156522668 0.053480931526781607 -0.010913966425343905 0.05707852146284103 0.036813174675245364 0.0039887285760126651 0.073434111937531174 0.00023556368672169421
leaf_weight=514.12530409521423 114.25727385142818 3.929875583387914 358.01313059416134 13.173211457673462 14.989491442916913 19.235028114169836 8.8926897528581303 13.617560312151907 27.318796208128333 13.103266078047453 30.909082695026882 788.00069097743835 9.5406609005294758 14.935046160127966
leaf_count=13151 1679 57 4302 172 259 184 93 119 309 187 1762 20640 297 315
internal_value=0.000483218 -0.00301947 -0.00551741 -0.00121803 0.0231842 -0.0167981 0.044536 0.0194639 0.00807058 0.0374359 0.00199771 0.00520754 -0.00292554 0.030531
internal_weight=1944.04 586.53 528.561 395.069 37.0554 133.492 22.0659 57.9695 44.3519 17.0331 1357.51 818.91 538.601 24.4757
internal_count=43526 7361 6689 4826 524 1863 265 672 553 244 36165 22402 13763 612
cat_boundaries=0 2 4
cat_threshold=2718207040 51 397629706 9
is_linear=0
shrinkage=0.05


Tree=191
num_leaves=15
num_cat=1
split_feature=11 10 7 19 0 5 33 24 7 15 24 25 24 0
split_gain=4.98831 7.75909 8.07871 10.8921 8.27859 9.81848 7.81335 7.1072 10.3188 13.5468 6.49223 4.9914 4.77305 4.25555
threshold=5.1853723819131607 10.500000000000002 12.500000000000002 85.875000000000014 68.010000000000005 0.37604177433247205 0 0.7798663324979116 5.5000000000000009 1.2722810260689361 0.87411960992496507 4.5481350758971706 0.35314706839908844 99.010000000000005
decision_type=2 2 8 10 8 10 1 10 10 8 10 10 10 10
left_child=1 2 4 6 5 -1 12 13 9 -9 -11 -6 -4 -2
right_child=7 -3 3 -5 11 -7 -8 8 -10 10 -12 -13 -14 -15
leaf_value=-0.021197202016552747 0.00083814677807643066 -0.026327493403372895 0.0070486874739493447 0.089811759879661668 -0.031148398623780563 0.09128728223386777 -0.035453206290270364 -0.025385879082896502 -0.038425181930152735 0.13966950080881457 0.034157128245857225 0.023451824590525083 0.055023229115080098 -0.020090962467293277
leaf_weight=3.4166275379247955 1778.8860183617799 43.263884104206227 22.110753247048709 3.4343863369431338 31.964769923477434 2.732116365339607 7.6495155912125474 2.8248525299131861 2.7465610885992637 3.151841943152248 3.5845758337527514 4.0542848920449606 5.9313165824860326 23.624845266574994
leaf_count=110 38860 904 361 93 835 69 333 82 75 62 87 40 143 1202
internal_value=0.000155553 -0.00948297 -0.000307461 0.0158474 -0.0153168 0.034562 0.00647644 0.000821938 0.0372279 0.0605405 0.0951967 -0.0245351 0.0187412 0.000552849
internal_weight=1939.38 124.558 81.2938 39.126 42.1678 6.14874 35.6916 1814.82 12.3078 9.56127 6.73642 36.0191 28.0421 1802.51
internal_count=43256 2888 1984 930 1054 179 837 40368 306 231 149 875 504 40062
cat_boundaries=0 1
cat_threshold=2
is_linear=0
shrinkage=0.05


Tree=192
num_leaves=15
num_cat=0
split_feature=16 18 4 7 18 22 1 13 4 9 6 25 24 24
split_gain=5.59863 6.00229 11.473 7.70384 7.1442 7.07078 6.12006 6.08293 5.91053 5.08373 6.51706 4.83492 4.60647 16.3573
threshold=-9.9974999999999969 -2.2412499999999982 -3.8472681574585859 16.500000000000004 -1.7987500000000016 7.2800000000000011 1.6082693947144078 0.79500000000000026 -7.7659031901151012 3.5000000000000004 -11.499999999999998 0.50272655615572071 0.20018269823724433 0.20277322805955231
decision_type=8 8 10 8 8 8 8 10 8 2 10 10 10 10
left_child=-1 2 3 -2 -3 6 -4 9 -5 10 11 -7 -6 -14
right_child=1 4 5 8 12 7 -8 -9 -10 -11 -12 -13 13 -15
leaf_value=-0.018334535635865391 -0.043848360422778579 -0.027661986329475127 -0.027545242582764071 0.059176772950641568 -0.0040252365679300413 0.022263305129888156 0.030055208316431267 0.092757236721672048 -0.03560367006054807 0.059074434135022239 0.051192479058024966 -0.027702374520625569 0.059491721531321276 0.0013092926942567156
leaf_weight=38.861018162337132 10.955313482030759 21.975574121228419 9.2044100014027226 3.3682521275477484 444.30537420348264 9.2300392882898468 7.4162767806556067 3.6015489723067722 1.8049367098137761 9.2148155537433905 7.8256601472385254 8.1946589378640038 11.188956350088118 1362.8429932761937
leaf_count=842 565 700 215 113 8872 144 89 63 52 133 209 155 134 31188
internal_value=0.000211872 0.000598387 0.0147793 -0.0213438 4.49691e-05 0.0256248 -0.00159642 0.0372468 0.0256971 0.0289941 0.0161845 -0.00146322 0.000394843 0.001826
internal_weight=1949.99 1911.13 70.8159 16.1285 1840.31 54.6874 16.6207 38.0667 5.17319 34.4652 25.2504 17.4247 1818.34 1374.03
internal_count=43474 42632 1738 730 40894 1008 304 704 165 641 508 299 40194 31322
is_linear=0
shrinkage=0.05


Tree=193
num_leaves=15
num_cat=0
split_feature=49 18 7 5 3 19 13 53 7 11 53 22 5 11
split_gain=5.23902 4.66933 11.055 8.17407 6.00751 5.34775 5.03849 9.89804 9.16225 7.95878 12.8337 10.2181 13.9143 7.65892
threshold=1.0000000180025095e-35 -2.4112500000000012 14.500000000000002 0.56411010558069397 1.0849685124124839 82.642500000000013 1.3000000000000003 52.500000000000007 4.5000000000000009 5.8251295132155532 22.500000000000004 -0.41166666666666651 0.32668333333333338 8.6369688571637706
decision_type=2 8 8 10 10 8 8 10 10 2 8 8 8 2
left_child=1 2 4 5 -1 -4 7 9 -9 11 -11 -3 -13 -12
right_child=-2 6 3 -5 -6 -7 -8 8 -10 10 13 12 -14 -15
leaf_value=-0.013900036915123391 -0.038117247558394927 0.058942648257599851 -0.016150460659815534 0.092866140768466388 0.045421304475262866 0.030171458764152715 -0.00039835875997200733 0.090300115551186291 0.0061180704246673705 0.017591811498963977 -0.030808228026933504 0.037090306482950988 -0.030534872768027001 0.013313740303107505
leaf_weight=36.675917813146953 8.4200380922993627 6.5674338056705892 7.1853763551916918 3.6008814030792555 3.8320713946595779 28.903830128372647 1672.4211729458766 3.191156598506498 14.872978972271083 19.117071268730797 92.963507776963525 11.060143936891111 19.649970776517875 10.425423841923473
leaf_count=1007 361 105 301 70 40 446 35973 47 227 450 2933 467 810 171
internal_value=-0.000919149 -0.000737252 0.0109989 0.0294251 -0.00732914 0.020762 -0.00125161 -0.00922824 0.024946 -0.0132229 -0.0193419 0.00686603 -0.00577828 -0.0262742
internal_weight=1938.89 1930.47 80.1981 39.6901 40.508 36.0892 1850.27 177.848 18.0641 159.784 122.506 37.2775 30.7101 103.389
internal_count=43408 43047 1864 817 1047 747 41183 5210 274 4936 3554 1382 1277 3104
is_linear=0
shrinkage=0.05


Tree=194
num_leaves=15
num_cat=2
split_feature=23 29 16 5 21 11 21 21 19 17 11 14 29 2
split_gain=5.74877 7.48669 7.47452 9.32636 9.18365 6.11506 6.0003 13.5833 7.9676 7.90166 8.01135 8.85636 8.32194 9.93799
threshold=0.45250000000000018 0 -1.1850000000000012 0.49365934240904391 0.95754310300624756 6.4039466450898024 0.97790083642899184 0.94406610337412766 94.580000000000013 3.5000000000000004 7.1915421629639003 0.24875000000000116 1 0.0047755812464078682
decision_type=8 9 10 8 10 2 10 10 10 2 2 10 9 2
left_child=1 2 3 5 -4 -1 7 -2 -9 10 11 -8 13 -12
right_child=6 -3 4 -5 -6 -7 9 8 -10 -11 12 -13 -14 -15
leaf_value=-0.011283860216552304 0.00064789212416295754 -0.020113912520499835 0.076618228617693129 -0.023864796095141968 -0.015358463742888743 0.1131896316497627 0.01055681955221645 -0.040618364484104802 0.02544461840598157 -0.039992547189105603 0.073419174833115761 0.045184600562943156 -0.012786349090693509 -0.0010135371993383027
leaf_weight=1.4134397583548044 1674.1110924253007 60.267580581537914 6.4106480181217176 15.181493750656953 3.8278661146759987 1.358162554213777 51.274672584608197 28.999704640475102 4.682579572312533 6.3832935945829368 7.2147981021553305 28.639437874779105 40.140432338579558 9.8165129460394365
leaf_count=60 36599 1935 96 320 169 61 1199 1427 96 201 122 387 514 99
internal_value=0.000236571 -0.0121431 0.00885804 -0.00772863 0.0439241 0.0635503 0.000834346 6.63826e-06 -0.0309653 0.0106188 0.013248 0.0233717 -0.00106132 0.021125
internal_weight=1939.72 88.4592 28.1916 17.9531 10.2385 2.7716 1851.26 1707.79 33.6823 143.469 137.086 79.9141 57.1717 17.0313
internal_count=43285 2641 706 441 265 121 40644 38122 1523 2522 2321 1586 735 221
cat_boundaries=0 1 3
cat_threshold=1157717192 5009424 32
is_linear=0
shrinkage=0.05


Tree=195
num_leaves=15
num_cat=4
split_feature=35 29 18 11 1 24 20 25 29 7 53 5 27 29
split_gain=6.99383 11.1219 11.012 7.62535 8.43062 8.34516 5.98177 5.36991 7.11577 9.92158 7.35344 6.22028 5.62363 5.99631
threshold=1.0000000180025095e-35 0 0.19999999999999968 6.9158028074125308 1.9123903508771931 0.15623653087691319 -1.2899999999999989 7.172125932482305 1 3.5000000000000004 25.500000000000004 0.34495273531175069 2 3
decision_type=2 9 10 2 8 10 10 10 9 8 8 8 9 9
left_child=7 6 3 -3 5 -5 -2 12 9 -9 -11 -12 -1 -14
right_child=1 2 -4 4 -6 -7 -8 8 -10 10 11 -13 13 -15
leaf_value=-0.022564200443846032 -0.022161337744777514 0.062208850658874881 -0.0087980504674353369 -0.021838887770945909 -0.019260955887523051 0.050341958803658618 0.038715869988579031 0.067392616587953633 -0.023725540691631103 0.038770357974802418 0.034010283812342355 -0.023156628895330378 0.0042254573091591741 -0.0022188939219499604
leaf_weight=18.012372747878544 29.081317052943632 17.957807056955062 17.458023510640487 4.4018539488315609 8.7378564705140871 18.88933272077702 3.7319038114510468 4.4137012045830488 47.866484869271517 7.007665328681469 4.7398421429097644 29.078961484134197 496.63997459108941 1239.0846061400371
leaf_count=1813 610 448 264 54 127 241 87 40 639 69 49 362 10685 27982
internal_value=-0.000655428 0.0121397 0.021833 0.0367758 0.0210644 0.0363629 -0.0110342 -0.00135622 -0.0129922 0.00309369 -0.00456299 -0.0143978 -0.000731412 -0.000359985
internal_weight=1947.1 100.258 67.4449 49.9869 32.029 23.2912 32.8132 1846.84 93.1067 45.2402 40.8265 33.8188 1753.74 1735.72
internal_count=43470 1831 1134 870 422 295 697 41639 1159 520 480 411 40480 38667
cat_boundaries=0 2 4 5 7
cat_threshold=2147828826 17 2163748870 4 45688 2231585532 53
is_linear=0
shrinkage=0.05


Tree=196
num_leaves=15
num_cat=1
split_feature=2 10 3 28 24 25 3 23 5 3 15 53 11 11
split_gain=6.88792 10.5388 9.72585 10.337 11.5813 10.9871 10.6683 8.88331 11.2419 11.1968 8.53878 8.72551 9.20474 8.18438
threshold=22.632498849180219 22.500000000000004 0.021064992052550243 0 0.20018269823724433 8.2696328312771268 0.95073697967749704 2.1522222222222229 0.55811017148226461 0.69108508904996524 0.051923662361161867 16.500000000000004 6.1346445176122657 6.3650519153929235
decision_type=2 2 8 9 8 10 8 8 10 8 10 10 2 2
left_child=-1 2 -2 4 10 7 -5 -6 9 -9 11 12 -4 -11
right_child=1 -3 3 6 5 -7 -8 8 -10 13 -12 -13 -14 -15
leaf_value=0.0018394598088129011 -0.03073837581256525 0.012545395176427165 0.021240732781617463 -0.023169175536018407 -0.030813593872010298 -0.031956591190804053 0.012067207628102039 0.022458493240028025 0.060739304192544058 -0.018210239963124167 -0.022862330823605566 0.03366636335524141 -0.029615703772107378 0.013042484647040524
leaf_weight=1347.1078129085945 39.537002769415267 76.697321053594351 13.631635323166845 118.48391282028751 11.231787836644797 15.530482601374386 25.528996119974181 86.004081625491381 10.730795818846671 42.69843815267086 73.333785117603838 15.564669090323148 21.953350212424994 39.277369025629014
leaf_count=35991 648 890 153 2095 172 183 311 973 104 353 780 164 307 337
internal_value=-0.000133926 -0.00463356 -0.00721881 -0.0051963 -5.82735e-05 0.00722078 -0.0157936 0.0105747 0.0133329 0.00996295 -0.0120396 0.00361803 -0.0100859 -0.00325929
internal_weight=1937.31 590.204 513.506 473.969 329.956 205.473 144.013 189.942 178.711 167.98 124.483 51.1497 35.585 81.9758
internal_count=43461 7470 6580 5932 3526 2122 2406 1939 1767 1663 1404 624 460 690
cat_boundaries=0 1
cat_threshold=4736263
is_linear=0
shrinkage=0.05


Tree=197
num_leaves=15
num_cat=1
split_feature=35 18 15 29 16 25 25 55 23 12 15 25 16 14
split_gain=4.04216 6.79425 10.2294 8.01033 9.3234 6.10593 10.0176 5.94642 7.92305 5.65253 4.63424 4.37341 4.20029 5.87857
threshold=1.0000000180025095e-35 -1.0362499999999992 1.2722810260689361 0 0.050833333333332127 0.55703620147469068 0.34044436344106793 7.5000000000000009 6.0718750000000012 1.0000000180025095e-35 3.7021078684552617 14.26816440937362 -10.994999999999999 4.8270833333333352
decision_type=2 8 10 9 10 10 10 2 8 2 8 10 8 10
left_child=11 2 -2 7 5 6 10 -3 -9 -7 -5 12 -1 -14
right_child=1 3 -4 4 -6 9 -8 8 -10 -11 -12 -13 13 -15
leaf_value=-0.017791751776807526 -0.0082303255495294863 -0.027890491053698958 0.071433829252552691 -0.035959843991211063 -0.038642798449847707 -0.023125511831035169 0.11712423614250374 0.047494856126184537 -0.018714385620672562 0.028285987388481051 0.052778179201765689 -0.034695766049518496 -0.00045157726816552537 0.01057473524481257
leaf_weight=31.505840099765919 6.4580595502629867 25.126731432974339 8.9463752736337465 2.1580190174281588 4.9385088107082984 5.8905264670029309 3.6049838894978166 6.8886431616265327 9.6939782358240354 25.492068676743656 1.7709805229678752 8.1158835720270854 1678.0954231455107 129.25740978785325
leaf_count=732 118 596 96 102 100 213 88 74 123 302 34 124 37839 3036
internal_value=0.000385913 0.010077 0.0395701 0.00437153 0.0170006 0.0291119 0.0670309 -0.0105133 0.00992678 0.0182199 0.00663125 -0.00014904 2.22085e-05 0.000342409
internal_weight=1947.94 100.969 15.4044 85.5644 43.8551 38.9166 7.53398 41.7094 16.5826 31.3826 3.929 1846.97 1838.86 1807.35
internal_count=43577 1846 214 1632 839 739 224 793 197 515 136 41731 41607 40875
cat_boundaries=0 2
cat_threshold=8474714 24
is_linear=0
shrinkage=0.05


Tree=198
num_leaves=15
num_cat=0
split_feature=21 6 25 20 25 8 7 7 25 30 22 22 2 18
split_gain=4.57171 4.37643 8.87813 6.77694 6.26643 5.32417 4.80774 4.45785 4.82705 6.2396 4.29386 11.1501 8.25665 6.39729
threshold=1.0920566169175461 -88.499999999999986 3.1173782524036264 -22.497499999999992 4.2899903783145215 123.50000000000001 -62.499999999999993 -19.499999999999996 0.59239022507417904 2.5000000000000004 7.2800000000000011 7.7650000000000006 5.677791920586329 -1.0000000180025095e-35
decision_type=10 8 10 8 8 8 8 8 8 2 10 8 2 10
left_child=1 2 -1 -4 -5 -6 -3 8 9 -8 -9 12 13 -12
right_child=-2 6 3 4 5 -7 7 10 -10 -11 11 -13 -14 -15
leaf_value=-0.027125459829661386 -0.031104597884952751 0.050417580426463285 0.049366543667143221 0.029917809512030647 0.017008207672383362 -0.03380831831509834 -0.02410904882282355 5.1320573847795742e-05 -0.039981032680020623 0.083301912067419492 0.12481298412798431 -0.0039811003789251877 -0.018328050254808784 0.005988845393426789
leaf_weight=42.203078154008836 11.103993179160168 3.756607600254938 6.3166448809206486 8.6452006734907609 6.8048750348389166 15.282971832901241 2.6676341404672717 1816.6172901700484 12.233346858876759 1.2120196071919052 3.7610031687654555 14.561799067654649 1.7416659025475381 1.6238063145428894
leaf_count=755 771 75 59 67 61 137 238 38968 292 35 127 1938 32 70
internal_value=-0.000471283 -0.000279759 -0.0117117 0.00609749 -0.00407114 -0.0180941 0.00021386 8.5041e-05 -0.0253165 0.0196412 0.000321332 0.0219385 0.0688735 0.0955312
internal_weight=1948.53 1937.43 79.2528 37.0497 30.733 22.0878 1858.18 1854.42 16.113 3.87965 1838.31 21.6883 7.12648 5.38481
internal_count=43625 42854 1079 324 265 198 41775 41700 565 273 41135 2167 229 197
is_linear=0
shrinkage=0.05


Tree=199
num_leaves=15
num_cat=3
split_feature=35 29 18 11 25 24 0 15 14 29 7 29 6 23
split_gain=5.95053 8.2878 10.5 9.28031 7.13738 6.45671 8.24871 5.77563 5.72239 9.44151 7.11289 6.83934 7.86863 8.77233
threshold=1.0000000180025095e-35 0 -0.081250000000000169 7.1564261433098091 4.8397492486148748 0.28953423120089794 83.010000000000005 3.6114561922531583 4.2525000000000004 1 -9.4999999999999982 2 13.500000000000002 1.60375
decision_type=2 9 8 2 10 10 10 8 8 9 8 9 10 8
left_child=8 -2 -3 5 -5 6 7 -4 9 10 -1 12 13 -10
right_child=1 2 3 4 -6 -7 -8 -9 11 -11 -12 -13 -14 -15
leaf_value=0.043222045037994899 -0.0094729925690925781 0.055867216983856133 0.028058748045377471 -0.023401311301831609 0.026850485377980411 0.0062165873946075818 -0.021428757442451048 0.11248045055476802 0.026805510465522209 0.0028182428997922163 -0.020248505972941144 0.0026800036504762755 -0.030200819211073773 -0.0066303489010754932
leaf_weight=3.6798091771779582 28.276248837588355 17.407954117283225 4.4458756330423084 20.040826747310351 9.6778248697519285 10.644812504411673 2.1089333435520521 4.8421840718947342 20.958973370725289 127.97025096893776 111.31812831613934 1372.0623183990829 29.853686312446371 183.67431010887958
leaf_count=276 633 254 134 294 89 248 54 76 434 3088 3353 28927 1402 4270
internal_value=0.000885534 0.0128637 0.0204373 0.0115622 -0.00669555 0.0354011 0.0599593 0.0787258 0.000247834 -0.00688758 -0.0164447 0.00133058 -0.00638584 -0.00309208
internal_weight=1946.96 97.4447 69.1684 51.7605 29.7187 22.0418 11.397 9.28806 1849.52 242.968 114.998 1606.55 234.487 204.633
internal_count=43532 1782 1149 895 383 512 264 210 41750 6717 3629 35033 6106 4704
cat_boundaries=0 2 4 6
cat_threshold=2147827800 20 1075367448 15 3860992258 32
is_linear=0
shrinkage=0.05


Tree=200
num_leaves=15
num_cat=2
split_feature=29 28 15 15 11 1 20 1 55 10 25 46 14 5
split_gain=4.5679 7.22954 15.4617 8.24459 11.0104 7.9036 9.01815 9.05016 7.62166 7.06037 8.88746 6.46859 6.43668 9.20713
threshold=0 1 7.8620765787256515 -8.5261785505221077 7.3286703911603253 0.43353413654618483 6.6000000000000014 2.5042372881355939 9.5000000000000018 55.500000000000007 1.6510385503941289 1.0000000180025095e-35 3.5008333333333339 0.3789365413533835
decision_type=9 9 10 8 2 10 10 10 2 2 8 2 8 10
left_child=9 2 5 4 8 -2 7 -7 -3 -1 -11 -5 13 -13
right_child=1 3 -4 11 -6 6 -8 -9 -10 10 -12 12 -14 -15
leaf_value=-0.0054042914330685362 -0.027057851603684048 0.058184678503036519 0.067008719711615428 -0.0011156030833295626 -0.023180093778954761 0.024492216561674537 -0.044227036282543403 -0.045206219740719644 -0.020528452377394802 0.0047709254215964544 0.088755328408576292 0.005049510012841406 0.0025677198369424645 0.086478995632995048
leaf_weight=516.23910699982662 13.11608301848173 16.886673600878574 11.506619905587284 1246.1866664365516 7.4161240183748296 59.592546897474676 5.1628301194868973 4.1343941432423881 3.1853613852290428 11.412199362181125 3.4184223376214495 6.970796713489106 20.053094082861207 6.1862535174004734
leaf_count=12395 870 399 183 26913 149 1563 182 86 58 194 33 103 244 53
internal_value=-0.000426569 0.00107667 0.013735 6.38345e-05 0.0266681 0.00719738 0.0140131 0.0193419 0.0453118 -0.00432405 0.0285129 -0.000527648 0.0209227 0.0467406
internal_weight=1931.47 1400.4 93.5125 1306.88 27.4882 82.0059 68.8898 63.7269 20.072 531.07 14.8306 1279.4 33.2101 13.1571
internal_count=43425 30803 2884 27919 606 2701 1831 1649 457 12622 227 27313 400 156
cat_boundaries=0 2 3
cat_threshold=2989737224 50 4194838
is_linear=0
shrinkage=0.05


Tree=201
num_leaves=15
num_cat=1
split_feature=4 4 4 8 19 15 13 16 6 25 20 25 29 20
split_gain=4.73198 6.40691 6.74423 5.12337 7.928 5.07861 7.21498 4.72385 5.16777 14.8182 10.5286 5.50565 5.0247 7.17703
threshold=-58.422121180081888 -33.289878873054988 -31.677165088955601 16.500000000000004 64.565000000000012 3.4765923232191107 4.0049999999999999 4.8924999999999992 -111.49999999999999 3.1173782524036264 -1.0000000180025095e-35 4.2899903783145215 0 -8.6149999999999967
decision_type=8 8 8 10 8 10 8 10 8 10 8 10 9 10
left_child=3 -2 5 4 -1 6 -3 8 9 -4 -11 -12 13 -9
right_child=1 2 7 -5 -6 -7 -8 12 -10 10 11 -13 -14 -15
leaf_value=-0.03154235484769051 -0.023885644712584465 -0.011221086242165655 -0.045210700776554508 -0.022041188781004827 0.082136850681313239 -0.015310730263672835 0.11462530853263078 0.030070551242752389 0.0015022840951726853 0.0553687736823818 0.026735017418307819 -0.029620645471055786 -0.023467976080421615 -0.026345680800545362
leaf_weight=1.4562618524068947 25.578194544883445 1.4266440374776723 21.079894629307091 2.3081014440977015 5.048796025570482 1.7319915050175039 2.5890030567534263 13.624915137654172 1797.716050633695 7.7654895056039095 5.5868835859000745 11.998467896133659 28.740485351299867 8.2324527208693308
leaf_count=83 1685 77 289 216 204 74 111 196 39408 61 42 111 636 160
internal_value=0.000670596 0.000493888 0.000834394 0.0353034 0.055876 0.0507336 0.0765925 0.000656345 0.00107327 -0.0152187 0.0104897 -0.0112412 -0.0142658 0.00598173
internal_weight=1934.88 1926.07 1900.49 8.81316 6.50506 5.74764 4.01565 1894.74 1844.15 46.4307 25.3508 17.5854 50.5979 21.8574
internal_count=43353 42850 41165 503 287 262 188 40903 39911 503 214 153 992 356
cat_boundaries=0 2
cat_threshold=1083303936 8
is_linear=0
shrinkage=0.05


Tree=202
num_leaves=15
num_cat=1
split_feature=23 29 7 15 4 26 14 15 11 26 21 10 4 19
split_gain=4.71498 10.4045 7.7736 9.48943 6.11904 9.52723 5.9545 5.64377 9.2618 5.40275 5.23673 6.32122 7.69354 7.59497
threshold=0.40458333333333346 0 20.500000000000004 1.0000000180025095e-35 0.64198251414842045 116.50000000000001 3.0673333333333335 11.473124831378714 6.7226177610162932 150.50000000000003 0.9326036906483065 1.0000000180025095e-35 125.1817598698853 inf
decision_type=8 9 10 10 10 2 8 8 2 2 8 2 8 8
left_child=1 2 3 9 7 6 -6 -3 -9 -1 11 12 -2 -14
right_child=10 4 -4 -5 5 -7 -8 8 -10 -11 -12 -13 13 -15
leaf_value=0.090784052729162373 -0.032825228947062371 -0.037860500995904822 0.084769479558682748 -0.03291805960613655 0.085141296955283594 -0.028442132279156426 0.0054036707042836203 -0.033366785591542443 0.041864377259107577 -0.014033124829748771 0.0012143294300005095 -0.03908470687811838 0.14743826793968451 -0.021074834466389299
leaf_weight=2.6697644807863963 1.819338353350761 39.634564211533871 4.0960806631483129 5.5704603285994381 3.1985541642643511 9.5403484643902612 5.626008154125886 8.6750516706379113 6.0898040148895225 1.4913216797867788 1833.7839833075413 14.58080261282157 0.76931179908569913 0.72239336580969404
leaf_count=53 298 1241 78 179 60 214 94 369 259 95 38271 1974 119 183
internal_value=0.000409436 -0.0109265 0.0206987 0.00763247 -0.0175609 0.00482755 0.0400298 -0.0282396 -0.0016502 0.0577776 0.000945163 -0.0252464 0.0306236 0.0901251
internal_weight=1938.27 86.592 13.8276 9.73155 72.7643 18.3649 8.82456 54.3994 14.7649 4.16109 1851.68 17.8918 3.31104 1.49171
internal_count=43487 2642 405 327 2237 368 154 1869 628 148 40845 2574 600 302
cat_boundaries=0 2
cat_threshold=1090601152 16
is_linear=0
shrinkage=0.05


Tree=203
num_leaves=15
num_cat=0
split_feature=22 24 26 55 7 0 49 3 31 7 1 15 6 8
split_gain=4.36097 3.85062 15.1794 9.9198 7.56721 9.88935 5.70223 5.00031 9.3294 7.69048 8.44064 8.94327 10.4769 10.5379
threshold=-6.2349999999999985 0.091842495018242862 329.50000000000006 9.5000000000000018 10.500000000000002 92.00500000000001 1.0000000180025095e-35 0.0030303540706013033 4.5000000000000009 21.500000000000004 0.84240094618568906 1.9643701153512139 -33.499999999999993 1.5000000000000002
decision_type=8 10 2 2 10 8 2 8 8 10 10 8 10 8
left_child=-1 2 3 7 5 -5 -3 8 -2 10 -9 12 -12 -14
right_child=1 6 -4 4 -6 -7 -8 9 -10 -11 11 -13 13 -15
leaf_value=-0.042174573623149532 0.0022493523813626329 -0.00054653666877613584 -0.048648374524636537 0.10405020639886804 0.0072536284845926922 0.018552414910522258 -0.041653206431033513 -0.025857075314788411 0.10626453574316451 0.023871594757870276 -0.0060163986893845452 -0.0068124983730079736 -0.013493892109485145 0.12854694520045071
leaf_weight=5.186294756073039 5.912853272049686 1795.582121298532 9.9387749126180989 6.6041253767907628 10.169344779103993 7.0478761382400998 7.4765877148602149 30.546680547180586 2.4335141871124506 27.823137563886121 4.9833327694796026 24.954903507372361 1.5751342088915423 3.6187348925741389
leaf_count=1290 233 38475 520 51 91 64 354 655 69 788 89 519 83 101
internal_value=-0.000260985 -0.000127173 0.00796658 0.0127928 0.0411556 0.0641904 -0.000739984 0.00582333 0.0407014 0.00231222 -0.0070419 0.00958039 0.0467897 0.0902466
internal_weight=1943.85 1938.67 135.608 125.67 23.8213 13.652 1803.06 101.848 8.34637 93.5019 65.6788 35.1321 10.1772 5.19387
internal_count=43382 42092 3263 2743 206 115 38829 2537 302 2235 1447 792 273 184
is_linear=0
shrinkage=0.05


Tree=204
num_leaves=15
num_cat=3
split_feature=29 2 2 11 23 28 30 2 29 1 16 1 16 11
split_gain=5.88696 7.96837 14.2992 8.00245 5.89884 6.59577 19.4547 9.86922 13.0858 8.74103 10.4535 8.84418 9.75278 9.20653
threshold=0 56.388801792999494 53.687561505310676 9.6312816429459769 -0.50208333333333321 1 2.5000000000000004 16.517853953520838 2 1.7784237726098193 1.4649999999999983 0.46709956709956718 -0.49999999999999639 7.5135536199995743
decision_type=9 2 2 2 8 9 2 2 9 8 8 10 8 2
left_child=4 2 -2 -3 -1 -6 7 8 9 11 -11 -7 -13 -14
right_child=1 3 -4 -5 5 6 -8 -9 -10 10 -12 12 13 -15
leaf_value=-0.02564773767778207 0.0038362815850882721 -0.0071778270007832531 0.06973827933314404 0.051556161182930306 0.00093972381183588189 -0.04039871015905163 -0.032026792288140614 -0.024472234463185499 -0.016593136319219336 0.027995379152530045 -0.015219805959724607 -0.014115058858790145 0.028535623669558453 0.085048169721853625
leaf_weight=27.623967580730096 883.5963337830035 236.67880426940974 7.3130181194283059 4.9545469600707284 502.14471530495211 3.8523404083680353 67.321325612138025 36.473091579566244 46.562319634016603 20.142600853228942 40.387055876897648 9.5967575419926998 40.99170856422279 8.4135411730967444
leaf_count=1297 19674 2527 70 41 8767 396 2783 817 3744 565 1105 266 1212 152
internal_value=-6.33446e-05 0.00225114 0.00445482 -0.005766 -0.00331116 -0.00252654 -0.00858693 -0.00123873 0.00386153 0.0120197 -0.000617716 0.0258911 0.0308205 0.0396559
internal_weight=1936.05 1132.54 890.909 241.633 803.509 775.885 273.741 206.419 169.946 123.384 60.5297 62.8543 59.002 49.4052
internal_count=43416 22312 19744 2568 21104 19807 11040 8257 7440 3696 1670 2026 1630 1364
cat_boundaries=0 2 3 5
cat_threshold=2094973202 19 5264007 12894226 1
is_linear=0
shrinkage=0.05


Tree=205
num_leaves=15
num_cat=4
split_feature=28 25 24 10 31 24 24 29 10 29 25 4 29 21
split_gain=6.72306 11.8229 10.8682 16.8671 9.92093 9.68306 9.14413 8.43987 8.65141 8.36818 11.9132 15.1585 17.8358 15.3068
threshold=0 0.060195653721354984 0.11743119071894226 22.500000000000004 3.5000000000000004 0.22417897771335174 0.06131738484209729 1 55.500000000000007 2 1.0535159197428039 -0.0036676093730209076 3 0.93846460806794274
decision_type=9 8 10 2 10 10 10 9 2 9 8 8 9 10
left_child=4 2 3 6 7 -4 -2 8 -1 -3 11 -11 -13 -14
right_child=1 9 5 -5 -6 -7 -8 -9 -10 10 -12 12 13 -15
leaf_value=0.0038258013043698334 -0.032837567071214512 -0.004484214462313227 -0.0252879235622081 0.13936762832232608 -0.030996498515339782 0.02249041545003853 0.054923762507441964 -0.0061135678278526166 0.047148135292600452 0.055875188352604632 0.001730549300091493 -0.014003117746583311 0.01868071052924811 0.093173715054635689
leaf_weight=159.47093060601037 3.968415121547876 434.94737514853477 12.907627074513583 3.6381136118434361 31.517562958179042 44.683306620456278 6.7543502226471901 462.55544211226515 11.445613811723886 22.000168738653883 663.3238095450215 38.915314103476703 31.172793573699892 8.1508220178075117
leaf_count=5117 133 8604 277 46 1122 826 67 16295 121 674 8250 985 752 121
internal_value=3.73272e-05 0.00216519 0.0217252 0.0591861 -0.00399759 0.0115332 0.0224134 -0.00267056 0.00660037 0.000991836 0.00411773 0.0201483 0.00952381 0.0288856
internal_weight=1935.45 1270.46 71.9518 14.3609 664.99 57.5909 10.7228 633.472 170.917 1198.51 763.563 100.239 78.2389 39.3236
internal_count=43390 20735 1349 246 22655 1103 200 21533 5238 19386 10782 2532 1858 873
cat_boundaries=0 1 3 5 7
cat_threshold=38377 2801795472 29 595939602 32 1074298952 12
is_linear=0
shrinkage=0.05


Tree=206
num_leaves=15
num_cat=0
split_feature=14 0 21 21 3 2 1 20 25 31 8 25 22 43
split_gain=5.36573 4.10639 4.18817 8.59646 6.46964 9.24426 10.3851 10.4479 8.06449 6.83019 6.47632 5.96097 4.98906 4.92982
threshold=16.522916666666671 99.445000000000007 0.97790083642899184 0.94306139934805888 0.0003213544364343163 0.042101073194633638 0.65531729933352667 -86.929999999999993 4.7285612118100895 37.500000000000007 28.500000000000004 0.00086086652690071713 3.2716666666666674 1.0000000180025095e-35
decision_type=10 10 8 10 8 2 10 8 8 10 10 10 10 2
left_child=1 2 3 11 5 6 8 -8 9 -4 -9 -1 -5 -13
right_child=-2 -3 4 12 -6 -7 7 10 -10 -11 -12 13 -14 -15
leaf_value=-0.036925644891196402 -0.026500005671206063 -0.023177216849704793 -0.014550047411883009 -0.030035314305263613 0.00051692425819199696 -0.019764912124190247 -0.022053745396927157 0.084497283881320009 0.046195103338142189 0.075855353133527981 0.0034752970093614118 0.013865295606961868 0.026893882187962598 -0.013410708867090244
leaf_weight=8.1247773449867946 17.936488255742006 17.529616006300785 23.08670074061957 42.540936874924228 1699.391514205432 13.324722088291308 3.2763499397551641 12.898223775788216 8.9767000460997171 1.2944632619619358 3.1057044748449689 54.541532612056471 3.4550440009916192 22.696727489004843
leaf_count=1167 410 1019 1048 1400 34594 247 88 365 119 14 65 1808 461 576
internal_value=-1.5123e-05 0.000246748 0.000475333 -0.00810357 0.00111791 0.0163621 0.0257052 0.0539599 0.00827931 -0.00695064 0.0699033 0.00133589 -0.0252777 0.00578118
internal_weight=1932.18 1914.24 1896.71 131.359 1765.35 65.9629 52.6381 19.2803 33.3579 24.3812 16.0039 85.363 45.996 77.2383
internal_count=43381 42971 41952 5412 36540 1946 1699 518 1181 1062 430 3551 1861 2384
is_linear=0
shrinkage=0.05


Tree=207
num_leaves=15
num_cat=0
split_feature=49 55 55 19 20 24 14 26 3 48 25 13 54 6
split_gain=4.45685 5.08626 10.9716 11.6157 13.0311 10.0023 9.97003 9.14242 8.95696 8.76262 8.71234 7.88072 7.04619 6.89211
threshold=1.0000000180025095e-35 6.5000000000000009 3.5000000000000004 61.735000000000007 -26.514999999999997 0.49879420595654606 1.0024999999999997 1427.5000000000002 0.50154904144157242 1.0000000180025095e-35 1.0850649909730461 -1.0000000180025095e-35 31.500000000000004 17.500000000000004
decision_type=2 2 2 8 10 10 8 2 8 2 10 8 10 10
left_child=1 2 9 4 13 -3 -7 11 -8 -1 -6 -5 -10 -4
right_child=-2 5 3 7 10 6 8 -9 12 -11 -12 -13 -14 -15
leaf_value=-0.0002694158581478192 -0.036577666737252837 0.0026323037426000577 0.023035210139035509 0.03521079674162933 0.030997367285933587 0.079954533259805505 0.084320771184837093 0.0081058260600311086 -0.018797381126749137 0.053286896229970807 -0.048808571318906514 -0.026759900381756893 0.05859227589338304 0.11175585522402519
leaf_weight=1267.3154130849289 7.383450736408121 465.08584286703262 5.9744751602411288 4.5286689999047667 5.264319437555967 7.2493350609438494 2.5883027235977414 26.184164316044189 13.223860374884678 6.6837960102129719 6.6699220300652087 116.99948020977899 2.7101442329585543 3.2353920079767704
leaf_count=32544 364 6313 117 69 138 141 61 618 356 89 188 2393 22 77
internal_value=-0.000200144 -4.24104e-05 -0.0015383 -0.0134751 0.0204934 0.00434889 0.0340717 -0.0184426 0.0129382 5.31305e-05 -0.0139305 -0.0241821 -0.00295178 0.0620957
internal_weight=1941.1 1933.71 1442.86 168.856 21.1441 490.857 25.7716 147.712 18.5223 1274 11.9342 121.528 15.934 9.20987
internal_count=43490 43126 36233 3600 520 6893 580 3080 439 32633 326 2462 378 194
is_linear=0
shrinkage=0.05


Tree=208
num_leaves=15
num_cat=1
split_feature=3 43 26 10 30 28 15 11 11 25 24 15 7 0
split_gain=5.18728 7.38252 9.33497 10.6201 10.2592 8.94388 9.56205 9.07154 10.3612 8.95376 9.33077 11.3843 11.6168 9.07706
threshold=0.57448448394266938 1.5000000000000002 22.500000000000004 7.5000000000000009 3.5000000000000004 0 1.5026235009421427 7.9923463954651366 9.4993372459430514 0.59749204264182121 0.49515773551179704 -0.082032456343269708 10.500000000000002 40.730000000000011
decision_type=8 2 2 2 2 9 8 2 2 10 10 10 8 8
left_child=1 5 3 -3 -4 6 9 -8 -9 -1 -11 -12 -13 -14
right_child=-2 2 4 -5 -6 -7 7 8 -10 10 11 12 13 -15
leaf_value=-0.0050235210367601205 0.0032775040390085317 0.0027852390299919149 0.017347359759436718 0.086375554993213824 -0.041040444960401261 -0.0067220498413586311 -0.0046845324399287071 0.043640096737204238 -0.030293677669664832 0.019187557098284888 -0.031952009454515595 0.0081838187889834851 0.026509362788377584 0.19708386902701283
leaf_weight=33.208397053356748 942.96591161476681 6.9853270379826409 29.014791288180277 7.5161248836666346 9.0437238380545732 577.61508293054067 243.42771847062977 19.020946480333809 5.4251124244183293 61.070700763317291 1.4922602111473677 2.3295533529017116 1.4977106656879184 2.2090880344621837
leaf_count=2419 16613 127 586 125 247 11351 9477 380 109 1717 46 137 58 83
internal_value=0.000618847 -0.0018893 0.0161745 0.0488874 0.00277733 -0.00290756 0.00315086 -0.00173298 0.0266869 0.0161994 0.0263979 0.0757788 0.103167 0.148439
internal_weight=1942.82 999.857 52.56 14.5015 38.0585 947.297 369.681 267.874 24.4461 101.808 68.5993 7.52861 6.03635 3.7068
internal_count=43475 26862 1085 252 833 25777 14426 9966 489 4460 2041 324 278 141
cat_boundaries=0 1
cat_threshold=1742370
is_linear=0
shrinkage=0.05


Tree=209
num_leaves=15
num_cat=4
split_feature=29 23 6 25 22 16 22 28 11 29 55 28 4 16
split_gain=4.78984 9.86336 10.7173 14.0498 13.3791 9.40672 7.78548 7.58434 8.49809 7.42061 9.93257 7.3551 8.04615 12.2354
threshold=0 2.1522222222222229 8.5000000000000018 5.2325456979335057 6.3350000000000017 -8.8049999999999997 7.0300000000000011 1 8.1205886675307024 2 1.5000000000000002 3 -8.3560027582526342 -0.54499999999999804
decision_type=9 8 10 10 10 8 8 9 2 9 2 9 8 8
left_child=1 -1 3 4 5 -3 -5 8 -4 10 -8 -7 13 -13
right_child=-2 2 7 6 -6 11 9 -9 -10 -11 -12 12 -14 -15
leaf_value=-0.012254568803497243 -0.00076564040315547054 -0.025881569878572049 0.019227634724917994 0.033690018597164445 -0.038280056321804562 -0.004514942060331424 0.050514781884903784 -0.024415359209294458 -0.042235817582322761 -0.027282470799151921 -0.019881348580954434 0.051910049757440992 0.023497615562251009 -0.0097761101159940592
leaf_weight=73.595773107081186 1374.2857178214472 12.370290249586104 29.241888655349612 7.2946780249476433 11.007205102941951 38.244501333218068 8.462290998548271 32.131559846573509 5.9332280568778506 36.009023895487189 9.8136857338249666 8.8781471892725659 256.96399823576212 42.189114183187485
leaf_count=1978 29598 274 546 58 1048 762 76 2122 100 438 91 304 4401 1583
internal_value=0.000844606 0.00463946 0.00724582 0.0101427 0.0138244 0.0155256 -0.0118262 -0.011191 0.00625119 -0.0184413 0.0089833 0.0170751 0.0192837 0.00173917
internal_weight=1946.42 572.135 498.54 431.233 369.653 358.646 61.5797 67.3067 35.1751 54.285 18.276 346.276 308.031 51.0673
internal_count=43379 13781 11803 9035 8372 7324 663 2768 646 605 167 7050 6288 1887
cat_boundaries=0 2 3 5 6
cat_threshold=590455479 44 20498 3187200 8 5771528
is_linear=0
shrinkage=0.05


Tree=210
num_leaves=15
num_cat=2
split_feature=7 29 16 26 1 26 16 16 29 0 5 20 3 25
split_gain=4.26919 11.2429 11.1068 8.41755 8.27755 9.26907 9.72635 8.19093 7.52846 6.75859 6.46116 10.2171 6.3169 5.89066
threshold=2.5000000000000004 0 -12.082499999999998 28.500000000000004 1.4586748633879785 53.500000000000007 1.0000000180025095e-35 -1.7350000000000028 1 92.995000000000019 0.38945278021656432 -35.994999999999997 0.92459306474797709 0.47673407361972736
decision_type=8 9 10 2 10 2 8 8 9 10 8 8 8 10
left_child=1 2 -1 -3 5 -5 -7 8 10 -4 11 -2 -6 -8
right_child=7 3 9 4 12 6 13 -9 -10 -11 -12 -13 -14 -15
leaf_value=-0.0026822615875617285 -0.0069943316727080346 -0.028210992760077852 0.010007187921989669 0.059278300724347456 -0.037925312840225878 0.038198778001299179 0.019206816161081781 0.0011585288656182102 -0.021615065700967134 0.078986024549999978 -0.0060545449570695064 0.092569075558650349 0.00060348736077434019 -0.029545383754817134
leaf_weight=25.330204886733554 4.9526817093137652 62.062724768649787 6.394284766749478 7.0247742210049173 21.952435126528144 10.948763624764977 7.9934821675997254 1665.138868733542 63.937418580637313 8.0295061351498571 20.162144052563235 4.0929470469709504 19.771378768375143 19.955114923184738
leaf_count=891 92 1114 326 89 878 272 234 36458 1555 331 440 102 423 384
internal_value=-0.000422075 -0.00753269 0.0141186 -0.0133862 -0.00419885 0.0103519 0.000251581 0.000347971 -0.0140006 0.0510381 0.00750321 0.0427862 -0.0200811 -0.0154201
internal_weight=1947.75 189.463 39.754 149.709 87.6459 45.9221 38.8974 1758.28 93.1452 14.4238 29.2078 9.04563 41.7238 27.9486
internal_count=43589 4942 1548 3394 2280 979 890 38647 2189 657 634 194 1301 618
cat_boundaries=0 1 3
cat_threshold=2183925840 2722190656 20
is_linear=0
shrinkage=0.05


Tree=211
num_leaves=15
num_cat=3
split_feature=29 7 24 29 46 19 24 20 53 15 6 3 2 28
split_gain=5.47104 10.4533 11.1459 7.52098 6.54821 7.44062 16.7249 7.64022 7.3209 5.89811 5.9772 6.99099 11.0015 10.2539
threshold=0 33.500000000000007 0.58341417576890353 1 1.0000000180025095e-35 83.342500000000015 0.256753040901403 -1.7250000000000012 25.500000000000004 41.566695120779634 -102.49999999999999 0.56447217397034166 -12.421525460163222 2
decision_type=9 8 8 9 2 10 10 10 8 10 8 10 2 9
left_child=1 -1 3 -3 5 7 8 -5 -7 10 -2 12 -12 -14
right_child=9 2 -4 4 -6 6 -8 -9 -10 -11 11 -13 13 -15
leaf_value=0.00070608550495302727 -0.019994804334793413 -0.014012053878020795 0.088288673082263028 0.017806839185831074 -0.033166926883625374 0.051653979844331191 0.074382125747315328 -0.031167866834766401 -0.021696117450367189 -0.045175807367653614 0.021564083473434362 0.0039445048666745062 0.012438420641848909 -0.006623870751693484
leaf_weight=384.08298272069078 37.938220121839549 16.641309523954988 4.2190159643068901 85.107741864398122 5.0436430150875813 3.9140686513856053 16.482995016267523 7.8647171071497715 10.055198095040398 6.4875306291505686 41.169788433122449 593.67894810257712 69.429540058132261 657.52996042848099
leaf_count=10069 492 473 95 1791 56 45 351 550 209 77 519 9374 1661 17766
internal_value=0.000735189 0.00498948 0.0162606 0.0135764 0.017 0.0206664 0.0417903 0.0133764 0.000933668 -0.000909934 -0.000679163 -0.000126777 -0.00327446 -0.00470883
internal_weight=1939.65 533.412 149.329 145.11 128.468 123.425 30.4523 92.9725 13.9693 1406.23 1399.75 1361.81 768.129 726.96
internal_count=43528 13639 3570 3475 3002 2946 605 2341 254 29889 29812 29320 19946 19427
cat_boundaries=0 2 3 4
cat_threshold=540718030 20 536883712 5899266
is_linear=0
shrinkage=0.05


Tree=212
num_leaves=15
num_cat=1
split_feature=28 55 23 23 21 25 24 24 7 25 26 21 38 25
split_gain=4.07563 9.67723 8.77373 10.5835 7.78809 7.20708 8.15606 9.88882 19.1097 10.0338 8.61554 10.1291 7.56356 7.64495
threshold=0 1.0000000180025095e-35 2.1522222222222229 1.732777777777778 0.94079699639442749 7.172125932482305 0.19690474972084798 0.20277322805955231 8.5000000000000018 4.6561493705845907 278.50000000000006 0.94199272119313504 1.0000000180025095e-35 4.0891573222181199
decision_type=9 2 10 10 8 10 10 10 10 10 2 8 2 10
left_child=2 -2 3 4 -1 6 10 8 9 -8 -6 -12 13 -9
right_child=1 -3 -4 -5 5 -7 7 12 -10 -11 11 -13 -14 -15
leaf_value=0.021026407508341297 -0.0089936027711203913 0.0026349141178851443 0.020934910231700736 -0.038906039292529108 -0.0026230222158125098 -0.014712079470488077 0.024811340312669392 0.0063060357742345729 -0.012633181384790136 0.12406275033372194 0.0414361142110935 -0.040374884644958461 0.046447203188036745 -0.0048478946437435335
leaf_weight=45.782999346032739 370.33045333845075 344.58679800259415 53.831882855854928 15.820276651531456 285.35952937393449 74.520576712675393 5.2943900395184773 457.61932172765955 9.7772210594266635 5.3487656004726887 3.5393153689801693 27.411522966576744 8.9703319724649173 230.12305879406631
leaf_count=691 15826 8268 1090 400 4957 988 72 7824 161 41 31 552 101 2382
internal_value=-0.000376772 -0.00334612 0.00137583 0.000470222 0.00104338 0.000199428 0.00128786 0.0042365 0.0377055 0.081062 -0.00538951 -0.0300155 0.0032029 0.00257224
internal_weight=1938.32 714.917 1223.4 1169.57 1153.75 1107.96 1033.44 717.133 20.4204 10.6432 316.31 30.9508 696.713 687.742
internal_count=43384 24094 19290 18200 17800 17109 16121 10581 274 113 5540 583 10307 10206
cat_boundaries=0 1
cat_threshold=5394998
is_linear=0
shrinkage=0.05


Tree=213
num_leaves=15
num_cat=2
split_feature=14 14 29 13 13 3 15 7 2 28 6 3 3 2
split_gain=7.01695 4.78299 3.60296 6.65478 11.032 6.85117 7.87473 6.98056 6.7982 13.2832 14.6619 11.2793 18.2224 15.5753
threshold=16.522916666666671 -6.3749999999999991 0 6.6012500000000012 6.9687500000000009 0.84279942474756475 15.999673041598042 1.5000000000000002 0.0014381635188853716 1 -7.4999999999999991 0.20975640092661904 0.30432717575292056 82.521694775809721
decision_type=10 8 9 10 10 8 8 10 2 9 10 10 10 2
left_child=1 -1 -3 8 -5 6 7 -6 9 10 -4 -10 13 -13
right_child=-2 2 3 4 5 -7 -8 -9 11 -11 -12 12 -14 -15
leaf_value=-0.03453650006558201 -0.031402527821620528 -0.0023471081707864584 -0.012734336343728099 0.10065846398266215 -0.032161949193501807 -0.016916843009581021 -0.030024341259775173 0.034700809665634956 -0.0075790521758974556 -0.0058784890385060974 0.021100449975830306 0.071284923120838464 0.0064596668149206962 0.00063818718860100127
leaf_weight=8.7629505193326604 16.532920391764492 682.51020511728711 44.617160846479237 2.782061625737696 3.539927384001202 14.598306318861431 5.7552685099653891 39.512595911859535 121.87503445992479 511.16619100479875 107.63604091107845 20.05754177714698 353.35699678515084 12.422417790628968
leaf_count=239 394 18678 816 60 105 155 100 864 1911 13862 1755 286 4042 163
internal_value=8.60824e-05 0.000372154 0.000549389 0.00214931 0.0174704 0.0123142 0.0212213 0.0285978 0.00128759 -0.00204417 0.0104829 0.00563659 0.00981985 0.0450912
internal_weight=1945.13 1928.59 1919.83 1237.32 66.1882 63.4061 48.8078 43.0525 1171.13 663.419 152.253 507.712 385.837 32.48
internal_count=43430 43036 42797 24119 1284 1224 1069 969 22835 16433 2571 6402 4491 449
cat_boundaries=0 2 3
cat_threshold=863773782 54 1183746
is_linear=0
shrinkage=0.05


Tree=214
num_leaves=15
num_cat=1
split_feature=26 4 31 15 53 55 6 26 25 29 4 15 9 3
split_gain=4.10335 8.79798 8.15711 12.3989 8.39837 7.53573 7.55367 7.53053 13.1347 18.7442 11.1852 7.61014 12.689 7.52882
threshold=1452.0000000000002 -22.680465285700677 7.0000000000000009 -1.0000000180025095e-35 88.500000000000014 8.5000000000000018 8.5000000000000018 347.50000000000006 0.55905184980657607 0 14.03974750512119 3.7870227349979371 4.5000000000000009 0.98581701918799503
decision_type=2 10 8 10 8 2 10 2 10 9 10 8 2 10
left_child=7 -2 3 5 -5 6 -3 -1 -9 10 13 -11 -13 -10
right_child=1 2 -4 4 -6 -7 -8 8 9 11 -12 12 -14 -15
leaf_value=0.00025418514857613331 0.021845069865291368 0.05864581334602989 -0.029889803645749981 0.075774015168992931 -0.0082254926932783766 -0.011260521342776941 -0.03332110543386451 -0.039577485228646139 0.011004021043077442 -0.043162984369710979 0.060314521299606433 -0.022169522966370259 0.056473308095293329 -0.046867930049698803
leaf_weight=1568.1126259121811 63.879279393178876 17.828684717998847 19.285238684504293 2.095407348824665 78.459935683873482 6.5834589857840902 1.8827151062432665 31.162146566261072 61.587624674895778 30.381112296483479 10.04973278660327 28.165688115172088 5.2406264449236906 5.1866377312690011
leaf_count=29868 2260 375 683 92 2274 160 158 3021 1826 1245 126 1016 79 144
internal_value=-7.39527e-05 0.00688271 -0.000806958 0.00467063 -0.00513818 0.0338076 0.048677 -0.000837214 -0.0107444 -0.00412003 0.012129 -0.0220447 -0.00854961 0.00588366
internal_weight=1929.9 190.015 126.135 106.85 80.5553 26.2949 19.7114 1739.89 171.774 140.611 76.824 63.7874 33.4063 66.7743
internal_count=43327 6002 3742 3059 2366 693 533 37325 7457 4436 2096 2340 1095 1970
cat_boundaries=0 2
cat_threshold=2733123590 4
is_linear=0
shrinkage=0.05


Tree=215
num_leaves=15
num_cat=1
split_feature=53 29 11 3 7 4 50 15 15 11 11 2 22 3
split_gain=4.13495 10.261 8.67489 11.4543 6.67887 6.47973 7.75649 4.86458 4.55761 5.18136 4.09526 3.78653 3.75098 3.91838
threshold=49.500000000000007 0 7.4042030319076231 0.1610802098000349 2.5000000000000004 -0.063126916468000949 1.0000000180025095e-35 3.0245438437143588 2.9358389575157884 7.3827433402765079 6.4483669930993566 110.37517862176368 -6.2349999999999985 0.025718490468101176
decision_type=10 9 2 10 8 8 2 8 8 2 2 2 8 8
left_child=12 2 3 -2 -3 -4 7 -7 9 -6 -5 -11 -1 -14
right_child=1 4 5 10 8 6 -8 -9 -10 11 -12 -13 13 -15
leaf_value=-0.041191268060338203 -0.015599633457821355 0.040940276124316603 0.04845541750444772 0.030196381858918115 -0.0425346920419385 -0.047140546015344918 0.038426764306378217 0.010640516776954682 -0.042107726839600818 0.046204446938995364 0.093407375290811723 -0.01280879688142746 0.0062362735836869534 -0.00082909144038218342
leaf_weight=4.5385316731990315 4.2173928404226926 3.8942920314148068 6.8264616699889302 5.1759803025051943 4.1190790673717848 8.427780918776989 6.0459883646108201 5.4289493635296866 13.535861656069761 4.7568195797502977 9.259939990937708 4.5019187703728676 221.9545326413936 1636.4761537671438
leaf_count=1257 80 62 88 81 154 83 50 43 192 53 77 50 5993 35115
internal_value=0.000364997 0.0117049 0.0237205 0.0541108 -0.0103789 0.00988005 -0.00503613 -0.02531 -0.0227234 -0.00154549 0.0741677 0.0190587 -0.000104804 1.76334e-05
internal_weight=1939.16 76.1905 45.3825 18.6533 30.808 26.7292 19.9027 13.8567 26.9137 13.3778 14.4359 9.25874 1862.97 1858.43
internal_count=43378 1013 502 238 511 264 176 126 449 257 158 103 42365 41108
cat_boundaries=0 2
cat_threshold=47219776 17
is_linear=0
shrinkage=0.05


Tree=216
num_leaves=15
num_cat=0
split_feature=21 22 0 16 26 16 26 7 16 10 25 1 11 3
split_gain=4.51726 4.3159 6.70508 3.73634 6.87787 5.56037 6.43834 4.18596 8.12375 7.31039 6.29656 8.05917 5.5738 7.74907
threshold=0.78171437060513038 21.266666666666669 inf -10.994999999999999 248.50000000000003 -24.412499999999998 131.50000000000003 -1.0000000180025095e-35 -3.501666666666666 10.500000000000002 0.076154851228588047 1.3267268445839877 5.7102117622839907 0.90515228304381201
decision_type=8 10 8 8 2 10 2 8 8 2 8 8 2 10
left_child=-1 3 -3 4 5 6 -2 8 9 -5 11 -10 13 -12
right_child=1 2 -4 7 -6 -7 -8 -9 10 -11 12 -13 -14 -15
leaf_value=-0.042079948408389085 0.062923491763788086 -0.029100121488372873 0.086194788564653985 -0.018990632793776507 -0.038987380543098159 -0.023257883290923757 -0.012777808515870801 0.0014263021803295462 0.10040738277938038 0.10377190147088973 -0.024366517950158179 -0.0010326356815204328 -0.026905658969890764 0.033376915483571634
leaf_weight=5.1823141517816111 5.2084170966409165 1.35301178949885 2.48182051430922 1.6245895785978066 15.544705567415802 8.3239748431369645 4.6117467377334833 1803.1054789112532 1.5553495320491464 1.9151748303556813 11.225475829793142 8.2908356942934915 52.071793676062953 10.08294083829969
leaf_count=1668 61 395 217 58 481 124 55 37908 51 60 521 343 1268 162
internal_value=0.000592421 0.000728919 0.047911 0.00061001 -0.0156518 0.00533289 0.0294773 0.000908016 -0.00975612 0.0556572 -0.013166 0.0227713 -0.0182294 0.00322847
internal_weight=1932.58 1927.4 3.83483 1923.56 33.6888 18.1441 9.82016 1889.87 86.7662 3.53976 83.2264 9.84619 73.3802 21.3084
internal_count=43372 41704 612 41092 721 240 116 40371 2463 118 2345 394 1951 683
is_linear=0
shrinkage=0.05


Tree=217
num_leaves=15
num_cat=4
split_feature=13 27 0 24 24 24 29 29 18 29 11 10 3 23
split_gain=4.47237 3.7768 3.56889 7.14336 13.5333 10.5588 12.4536 10.3857 12.1747 10.3395 14.7266 11.2067 10.01 9.81542
threshold=41.63750000000001 0 4.6250000000000009 0.25863001091148652 0.22623973382238458 0.28953423120089794 1 2 -3.5649999999999995 3 5.5882780767260236 13.500000000000002 0.98581701918799503 4.6783333333333337
decision_type=10 9 10 10 10 10 9 9 8 9 2 2 8 10
left_child=1 -1 3 4 9 6 -5 8 -7 10 11 -3 -12 -6
right_child=-2 2 -4 5 13 7 -8 -9 -10 -11 12 -13 -14 -15
leaf_value=-0.020736099954343931 -0.03005458288918153 0.0045172321193470031 0.003250528981891316 0.013117835335615148 0.014871098561045432 0.042638021567350526 -0.021850697711328432 0.0033201103348013644 -0.014231121642501411 -0.0057013673525876697 -0.0028931212941338369 0.080823413564584057 0.049371208084798668 0.085395135785279186
leaf_weight=10.544137332995886 11.388130607898345 8.0550739653408545 672.63304302369943 26.613756681326777 112.14212665008381 8.9784951887559128 124.1328990268521 387.89544368057977 177.53743635118008 305.91257242881693 73.080340845335741 11.427049911580978 9.4604828038718534 4.2304418198764315
leaf_count=1475 227 268 16432 355 1509 114 1891 9387 4523 5553 1452 193 135 58
internal_value=-0.000107912 8.40011e-05 0.000315126 -0.00126392 0.00317869 -0.004476 -0.0162069 -0.00137458 -0.0107096 -0.00112343 0.0119217 0.0510348 0.00361647 0.0181405
internal_weight=1944.03 1932.64 1922.1 1249.47 524.308 725.158 150.747 574.411 186.516 407.936 102.023 19.4821 82.5408 116.373
internal_count=43572 43345 41870 25438 9168 16270 2246 14024 4637 7601 2048 461 1587 1567
cat_boundaries=0 1 3 5 7
cat_threshold=103992 1091067904 35 3262483522 41 3256387604 33
is_linear=0
shrinkage=0.05


Tree=218
num_leaves=15
num_cat=1
split_feature=4 29 26 3 26 20 16 4 4 11 16 7 0 1
split_gain=4.82132 16.4469 10.7978 11.8189 9.02605 11.0996 10.9528 9.82192 7.24129 8.75379 6.76009 7.32167 6.32647 6.07412
threshold=-10.034586818070133 0 2522.5000000000005 0.63096105893190579 26.500000000000004 -6.4099999999999975 0.62750000000000317 -23.404243744822164 -18.583428345343524 6.7755713069303889 -5.987499999999998 5.5000000000000009 18.830000000000002 1.3342059336823737
decision_type=8 9 2 10 2 8 10 10 10 2 8 8 10 8
left_child=1 2 4 -4 5 7 10 -1 -7 -10 11 -6 -3 -8
right_child=-2 12 3 -5 6 8 13 -9 9 -11 -12 -13 -14 -15
leaf_value=0.12280800189619606 0.00018020402983888762 0.037675209141634559 0.013814448920002057 0.10596760984721881 0.078883488569289645 -0.034057299779397573 0.049740698084211547 0.015798115612448926 -0.025618204064681821 0.084103062964569666 -0.028821757803944366 -0.026497858278334691 -0.026398322134434066 -0.012145132026033151
leaf_weight=3.4473284306004643 1743.4955969624571 3.1700929446378714 11.303314827731809 4.2794326429720959 2.3557200784562156 7.1764002505224198 9.0398439328419009 4.808109581936149 2.676270473282786 2.9857408073730767 40.898398908786476 2.5050294711254537 91.361849805922247 6.0122925421455884
leaf_count=75 35091 132 533 108 93 312 229 140 100 66 2159 110 4065 222
internal_value=-0.000649799 -0.00814792 0.00652956 0.0439862 -0.000253719 0.0271792 -0.0100552 0.0689243 -0.00270497 0.0361803 -0.0221508 0.0293197 -0.0216151 0.0258049
internal_weight=1935.52 192.02 97.4879 15.5827 81.9051 21.0938 60.8113 8.25544 12.8384 5.66201 45.7591 4.86075 94.5319 15.0521
internal_count=43435 8344 4147 641 3506 693 2813 215 478 166 2362 203 4197 451
cat_boundaries=0 2
cat_threshold=646798273 20
is_linear=0
shrinkage=0.05


Tree=219
num_leaves=15
num_cat=4
split_feature=4 29 26 6 28 16 4 0 26 29 54 2 28 0
split_gain=4.95363 14.6616 13.1826 8.59131 8.6229 11.1177 8.15627 8.75187 7.02219 7.08597 10.765 9.18385 10.5588 12.978
threshold=9.3508528367139281 0 37.500000000000007 16.500000000000004 1 -0.133333333333334 17.105829293793374 79.00500000000001 4289.5000000000009 2 7.5000000000000009 65.067653112868499 3 77.535000000000011
decision_type=10 9 2 10 9 10 8 10 2 9 8 2 9 10
left_child=8 2 6 4 5 -3 -2 -8 9 10 -1 12 13 -12
right_child=1 3 -4 -5 -6 -7 7 -9 -10 -11 11 -13 -14 -15
leaf_value=0.034191631520740215 0.067328030168832348 0.074580794816720961 -0.019874609626891419 -0.021207782121508964 0.010193123211280755 0.00089005105244383096 -0.019408510965266045 0.061581283376190621 0.026181949334210697 0.00090611217659952866 -0.00069605072762613527 -0.022542017592419521 -0.011744553121036418 0.037713854301027069
leaf_weight=14.945176709443329 6.3559878156520426 20.403711956925694 70.775891581899486 12.681266143219544 108.80915542802541 6.7590007018297902 11.282464103074746 3.58133391290903 22.719015348702669 1183.109784301545 163.58098445646465 83.798138185637072 210.60821071034297 24.401511308737099
leaf_count=271 74 247 1257 337 1693 101 183 35 504 26636 3164 1019 7572 387
internal_value=0.000115281 0.00681476 -0.008617 0.0158737 0.0206206 0.0420099 0.0242579 0.00275723 -0.000834767 -0.00121538 -0.00614869 -0.00759384 -0.00440265 0.00423873
internal_weight=1943.81 240.649 91.9957 148.653 135.972 27.1627 21.2198 14.8638 1703.16 1680.44 497.334 482.389 398.591 187.982
internal_count=43480 3927 1549 2378 2041 348 292 218 39553 39049 12413 12142 11123 3551
cat_boundaries=0 2 3 5 6
cat_threshold=539340890 1 13316 3544421444 58 9060484
is_linear=0
shrinkage=0.05


Tree=220
num_leaves=15
num_cat=1
split_feature=5 2 7 29 25 0 0 5 3 6 2 24 15 25
split_gain=4.13683 4.63677 4.24895 9.78277 9.04606 8.37986 9.80151 8.10656 14.2207 12.542 6.26824 6.84315 6.26924 7.81322
threshold=0.96287540983606568 -15.403205133749045 23.500000000000004 0 0.098006392799304634 4.0050000000000008 8.0050000000000008 0.14653333333333338 0.032655583142469531 29.500000000000004 22.632498849180219 0.4888976020403169 6.273819462850077 3.0645216024612507
decision_type=10 2 10 9 10 8 8 8 8 10 2 8 8 10
left_child=2 -2 -1 -4 7 -6 -7 -5 -9 -10 11 12 13 -8
right_child=1 -3 3 4 5 6 10 8 9 -11 -12 -13 -14 -15
leaf_value=-0.00048579505051165147 0.034712181368103882 -0.029312570177821681 -0.0074982842454284467 -0.037842238917917131 -0.022930796740266653 0.07513422743996398 0.0085005129642182486 0.13104385194217302 0.052613831227282221 -0.031335145877884656 -0.002965131910426294 0.069204428143556068 -0.0018548539276240714 0.040744358158017968
leaf_weight=1563.266832915775 2.4279914752114591 19.162509340676479 97.379374629468657 2.3559859376400736 19.369482311187312 4.760943798813968 48.516366435796954 3.3269165563397136 13.863845109008254 5.5711449747905126 72.010803394950926 4.700544189545325 45.994445356074721 30.407578594516963
leaf_count=34841 25 948 2348 86 628 150 1275 104 206 168 799 158 1369 366
internal_value=0.000376792 -0.0208947 0.000627852 0.0056139 0.0105902 0.00774916 0.0107251 0.0389064 0.0481086 0.0281936 0.00884098 0.0153724 0.0128133 0.0212777
internal_weight=1933.11 21.5905 1911.52 348.257 250.878 225.76 206.391 25.1179 22.7619 19.435 201.63 129.619 124.918 78.9239
internal_count=43471 973 42498 7657 5309 4745 4117 564 478 374 3967 3168 3010 1641
cat_boundaries=0 2
cat_threshold=2202348566 25
is_linear=0
shrinkage=0.05


Tree=221
num_leaves=15
num_cat=2
split_feature=21 4 29 3 11 9 29 14 25 11 21 11 23 0
split_gain=4.25485 10.4189 10.1253 12.7841 11.0929 10.6334 8.46877 10.8828 6.01167 5.91928 5.02012 6.79687 4.83666 5.65722
threshold=0.97790083642899184 0.7460588617607613 0 0.24391317358817741 5.601029591857432 6.5000000000000009 1 3.4000000000000017 1.8275105247367678 5.6747311725795777 0.94199272119313504 6.4039466450898024 22.257291666666671 inf
decision_type=8 8 9 10 2 2 9 10 10 2 10 2 10 8
left_child=1 6 3 4 -3 8 7 9 -4 -1 11 -5 -2 -14
right_child=12 2 5 10 -6 -7 -8 -9 -10 -11 -12 -13 13 -15
leaf_value=0.040886563630530393 0.00051536058027963833 0.092295080427630807 -0.0069492289757597725 -0.015357373419457802 0.018928356481441408 0.077252226134245774 -0.034108818913571988 0.074799673415122753 -0.049837646902718094 -0.030871828384261907 -0.027234045341653607 0.048192713577528995 -0.024233710829400304 0.10002764506689091
leaf_weight=3.0348976107779917 1793.3318058184232 7.1901570726186064 17.337490594480187 8.4550693305209297 15.828849610872565 1.6384379235096265 36.064210861979518 4.0852310576010487 15.121882556704803 9.278850330563726 12.55730910238344 6.7315694973804048 0.92888065637089257 1.5323625348974017
leaf_count=102 37344 200 1094 315 520 52 2024 149 285 467 247 215 305 116
internal_value=-2.09108e-05 -0.00847094 0.002394 0.0151002 0.0447335 -0.0161224 -0.0257614 0.0083222 -0.027822 -0.0114433 -0.00493391 0.0140486 0.000629616 0.0596787
internal_weight=1933.12 137.324 84.8608 50.763 23.019 34.0978 52.4632 16.399 32.4594 12.3137 27.7439 15.1866 1795.79 2.46124
internal_count=43435 5670 2928 1497 720 1431 2742 718 1379 569 777 530 37765 421
cat_boundaries=0 2 4
cat_threshold=1136396552 3 1140917442 48
is_linear=0
shrinkage=0.05


Tree=222
num_leaves=15
num_cat=2
split_feature=29 11 28 24 24 3 14 6 53 15 7 0 54 26
split_gain=4.99011 6.0604 9.55612 7.4967 9.21312 7.89981 9.36872 11.2199 6.53603 8.28717 6.34301 6.32554 6.26307 6.20677
threshold=0 5.8100325927020604 1 0.22728579705077248 0.10776732737722504 0.95073697967749704 6.2512500000000006 -41.499999999999993 52.500000000000007 0.64554024822304268 1.5000000000000002 11.905000000000003 109.50000000000001 1427.5000000000002
decision_type=9 2 9 10 10 10 8 10 10 10 10 10 8 2
left_child=1 2 3 4 -1 6 7 -5 -3 11 -6 -10 -13 -9
right_child=-2 8 -4 5 10 -7 -8 13 9 -11 -12 12 -14 -15
leaf_value=-0.020504904337888787 0.00096055181421558918 -0.011916717926577143 -0.018149943462446916 -0.037163754622910765 0.033406498902726504 0.057126465651519479 -0.023365926775290508 0.027421039541497445 -0.0042144360235458807 -0.018537472674964226 0.11027502672683512 0.0185181793095992 0.11696136894979091 0.14780466132163741
leaf_weight=3.3659684679005286 1617.732578131021 228.71961182914674 18.068505770759657 2.3631278198445216 8.0039028634782863 5.22875795548316 19.033453503507197 3.2031059399596415 3.9270594157278556 8.0373070449568313 4.4388054178562006 3.499751306604594 2.9482860793359578 1.2447828118456525
leaf_count=162 35120 5779 555 121 108 145 800 134 59 91 110 67 41 46
internal_value=-0.000167271 -0.00584201 0.00747866 0.0176361 0.0482506 0.00654076 -0.00544037 0.0412311 -0.00959438 0.0183816 0.066992 0.0460971 0.0731903 0.082058
internal_weight=1929.82 312.082 64.9504 46.8819 15.8087 31.0732 25.8445 6.81102 247.132 18.4124 12.4427 10.3751 6.44804 4.44789
internal_count=43338 8218 2181 1626 380 1246 1101 301 6037 258 218 167 108 180
cat_boundaries=0 2 3
cat_threshold=4029972544 1 184320
is_linear=0
shrinkage=0.05


Tree=223
num_leaves=15
num_cat=2
split_feature=24 19 24 25 29 29 7 25 24 19 23 36 25 36
split_gain=7.34924 9.51554 8.89157 8.56005 9.25768 8.50522 13.901 8.30322 7.91608 6.93279 7.42215 8.22517 6.48168 6.23119
threshold=0.20018269823724433 99.565000000000012 0.20277322805955231 3.1173782524036264 0 1 6.5000000000000009 1.5461184064608662 0.14507037715371049 96.65000000000002 3.9220833333333336 1.0000000180025095e-35 0.88000557487449271 1.0000000180025095e-35
decision_type=8 10 8 10 9 9 8 10 10 10 10 2 10 2
left_child=1 3 -2 5 -5 6 12 -7 -8 13 -11 -12 -1 -4
right_child=2 -3 9 4 -6 7 8 -9 -10 10 11 -13 -14 -15
leaf_value=0.0025598055781039073 0.041417887270015108 0.045664019568033273 0.0014595613205481033 -0.010890587763449186 0.012051190008138112 -0.0073222065897109645 0.014494855865919401 -0.026463176327945072 -0.044344837334217846 -0.023679252463147591 -0.0028875425300700641 0.074716341386930382 0.092562711994393004 -0.034189785535048763
leaf_weight=2.9910305852536094 12.248562685679643 7.4821966830641022 1393.7331924292375 72.256560133304447 82.512441545724869 112.60511323419632 14.289648837177088 115.22515964135528 8.1734381557907891 57.938735299743712 30.648267673212104 2.8338383827358475 5.4167026043869555 11.3674029847607
leaf_count=59 146 170 32445 1090 910 3885 386 1948 185 1030 927 38 80 196
internal_value=-0.000994423 -0.00682774 0.000636538 -0.00788552 0.00141378 -0.0134329 0.0100067 -0.0163611 -0.00789211 0.000275321 -0.0129901 0.00565698 0.0642199 0.00114704
internal_weight=1929.72 420.952 1508.77 413.47 154.769 258.701 30.8708 227.83 22.4631 1496.52 91.4208 33.4821 8.40773 1405.1
internal_count=43495 8713 34782 8543 2000 6543 710 5833 571 34636 1995 965 139 32641
cat_boundaries=0 2 4
cat_threshold=2172961858 37 2147494920 48
is_linear=0
shrinkage=0.05


Tree=224
num_leaves=15
num_cat=1
split_feature=29 5 8 5 54 14 15 55 22 4 21 24 2 4
split_gain=5.35971 7.05803 9.72851 8.95208 9.58352 7.98431 9.51688 12.6367 7.86808 8.26797 7.875 7.84384 9.02918 7.99992
threshold=0 0.49961796442111406 42.500000000000007 0.61693611473272503 16.500000000000004 1.0024999999999997 8.2400053103704796 3.5000000000000004 6.5925000000000011 0.23244188945863065 1.0819365109498478 0.49515773551179704 49.875892906535853 2.2805298211206737
decision_type=9 10 8 10 8 10 10 2 10 8 10 10 2 10
left_child=1 2 8 4 -3 6 -4 -8 -1 -10 -11 12 -5 -13
right_child=-2 3 5 11 -6 -7 7 -9 9 10 -12 13 -14 -15
leaf_value=-0.015955463782798197 0.0017571528790512069 -0.04785020364687867 -0.00081427899309932184 -0.014630296999500338 0.02789309082033771 -0.024446698794868077 0.064521217073024648 -0.0074860605101171934 -0.028926539086665468 0.099195803634765933 -0.010501467179652321 0.0038359456085864194 0.031971935960802174 0.10119081783431377
leaf_weight=224.00158529577311 1220.9455118366168 3.6445028661983088 272.45140015450306 72.965606017329264 50.313042105059139 30.970903828158043 12.345156421419235 10.866670422954483 3.2734984002890979 3.5861808711197227 2.2701343649532646 5.7417213029111718 11.134189804550259 2.4146708876360208
leaf_count=6836 25119 57 5943 1991 1269 814 164 125 262 337 105 238 147 59
internal_value=-0.000245916 -0.00368047 -0.00628618 0.00602014 0.0219995 -0.000708222 0.00185242 0.031894 -0.0140649 0.0293165 0.0613433 -0.00346134 -0.00815731 0.0405612
internal_weight=1926.92 705.979 559.766 146.214 53.9575 326.634 295.663 23.2118 233.131 9.12981 5.85632 92.2562 84.0998 8.15639
internal_count=43466 18347 14586 3761 1326 7046 6232 289 7540 704 442 2435 2138 297
cat_boundaries=0 2
cat_threshold=2022529305 2
is_linear=0
shrinkage=0.05


Tree=225
num_leaves=15
num_cat=4
split_feature=11 3 29 29 26 28 25 2 51 25 33 5 55 11
split_gain=4.0825 3.99297 13.1408 10.87 9.72628 13.1421 11.5095 9.14618 7.97602 7.80517 8.79279 9.51273 8.04404 7.6948
threshold=10.442417279469998 0.54962991622289004 0 1 206.50000000000003 2 0.67149653657561836 -0.0028916915658871996 1.0000000180025095e-35 2.0940401534452424 3 0.69369727395411618 3.5000000000000004 6.2797588813195881
decision_type=2 10 9 9 2 9 10 2 2 10 1 8 2 2
left_child=1 2 4 -3 5 -1 -6 13 -9 10 11 12 -8 -7
right_child=-2 3 -4 -5 6 7 9 8 -10 -11 -12 -13 -14 -15
leaf_value=0.011799709222262296 -0.035066063062011453 -0.0050727662629312976 -0.005104224462906589 0.0064039113278542897 -0.0088159094891950614 0.091466786934374836 0.050240441191257382 -0.026915564803523962 0.053908986792994364 0.0018425246797251806 -0.02246979280893395 0.091180781598770161 -0.0067530183589800483 -0.010984533120390952
leaf_weight=106.92563941376284 7.1809934815391889 297.31011425505858 758.63670707069105 623.2596475846367 21.129376365453936 2.4288710672408333 21.392286541638899 57.681944897631183 2.3084429304581127 14.552237437106667 3.9485769541352047 10.276724862400441 8.2567583639174682 3.5338845299556851
leaf_count=1581 137 6333 20033 9113 1646 64 672 2804 86 211 324 236 175 60
internal_value=0.000180312 0.000329419 -0.00183891 0.00271033 0.00784745 0.001462 0.0225071 -0.0147788 -0.0229725 0.0337924 0.0441124 0.0510854 0.0346662 0.0378909
internal_weight=1938.82 1931.64 1011.07 920.57 252.435 172.879 79.556 65.9531 59.9904 58.4266 43.8743 39.9258 29.649 5.96276
internal_count=43475 43338 27892 15446 7859 4595 3264 3014 2890 1618 1407 1083 847 124
cat_boundaries=0 2 4 5 6
cat_threshold=2184137345 23 3257788417 23 4342834 4
is_linear=0
shrinkage=0.05


Tree=226
num_leaves=15
num_cat=1
split_feature=5 53 0 38 1 3 55 29 10 3 7 3 3 1
split_gain=3.25379 4.45524 3.72798 9.86718 9.2337 6.58651 6.43217 6.41152 10.1267 9.20893 9.13693 7.50384 6.59881 6.20338
threshold=0.96287540983606568 19.500000000000004 4.6250000000000009 1.0000000180025095e-35 2.6688596491228074 0.0018397025830937973 1.0000000180025095e-35 0 31.500000000000004 0.91096392794640224 -13.499999999999998 0.057276402854858986 0.0037467198070147262 1.2504901960784316
decision_type=10 10 10 2 10 10 2 9 2 10 10 8 10 10
left_child=2 -2 4 5 7 6 -4 8 9 -1 -11 12 -10 -5
right_child=1 -3 3 13 -6 -7 -8 -9 11 10 -12 -13 -14 -15
leaf_value=-0.012807484219333304 -0.025823118296110767 0.04778866906505929 -0.0045794239418506582 0.067032179914479045 -0.020224245395615324 0.0019331513363608503 0.068038415871217714 0.0022344145400144751 0.015814208664538584 -0.035391164724786942 0.022923892025541598 0.0017202294246698433 0.088517033289215299 0.0044386581534460534
leaf_weight=251.23408760491293 19.187859732483052 1.3671816715504963 4.9537235111347382 8.8405734254047257 58.56518348242389 638.20834153948817 6.4658215581439435 857.62970615469385 7.9477846901863796 7.3285761907463884 34.891751104500145 25.353759100660682 4.8072766000404954 6.8743495855014762
leaf_count=6695 919 70 411 87 1396 16175 181 16273 115 79 465 426 74 116
internal_value=0.000381161 -0.0189371 0.000598508 0.00361821 -0.0010133 0.00263804 0.038705 -5.10044e-05 -0.00584296 -0.00917787 0.012217 0.0179213 0.0476585 0.0415549
internal_weight=1933.66 20.555 1913.1 665.343 1247.76 649.628 11.4195 1189.19 331.563 293.454 42.2203 38.1088 12.7551 15.7149
internal_count=43482 989 42493 16970 25523 16767 592 24127 7854 7239 544 615 189 203
cat_boundaries=0 2
cat_threshold=3804285250 36
is_linear=0
shrinkage=0.05


Tree=227
num_leaves=15
num_cat=1
split_feature=14 14 4 6 11 29 32 14 11 6 55 6 5 7
split_gain=3.4389 5.12477 5.1363 3.79982 9.40433 11.139 10.4672 14.5619 15.9813 12.4621 12.4822 12.4928 11.6878 8.59023
threshold=17.033750000000005 14.203750000000001 -11.456390245472599 -28.499999999999996 7.4229324207824767 0 0.90000000000000013 13.290000000000001 6.0954751662777973 -50.499999999999993 3.5000000000000004 -76.499999999999986 0.65613684210526324 8.5000000000000018
decision_type=10 10 10 8 2 9 2 8 2 10 2 10 8 10
left_child=1 3 -3 4 5 6 12 -8 -9 10 11 -10 -1 -14
right_child=-2 2 -4 -5 -6 -7 7 8 9 -11 -12 -13 13 -15
leaf_value=0.035092731022642404 -0.021935576190269437 -0.01110648065083121 0.060402051523586388 -0.001239078876906602 -0.0073113484023392397 -0.0016623754416719855 0.0024022749911427458 0.013096861897865245 0.11595716499521345 0.082374536872669879 -0.012812618598528978 0.010778195080355796 -0.048979660903840802 0.017495116826203617
leaf_weight=9.8458174647530559 16.773695796495304 3.5250569396885112 5.8910486808745173 1474.4622885589488 126.73487125564134 144.4878877250012 47.170085798657965 38.150002735783346 4.6584088219096884 23.03969573113136 9.8867835439741594 6.0906900327536295 14.375489511876369 6.4869998455978921
leaf_count=315 393 126 95 34462 1582 2863 1558 952 48 311 165 96 365 145
internal_value=-4.35741e-05 0.00015955 0.0351356 -3.16358e-05 0.00409306 0.00885285 0.0173417 0.02463 0.0372599 0.0576003 0.0274114 0.0623501 -0.00761602 -0.0284551
internal_weight=1931.58 1914.81 9.41611 1905.39 430.927 304.192 159.704 128.996 81.8256 43.6756 20.6359 10.7491 30.7083 20.8625
internal_count=43476 43083 221 42862 8400 6818 3955 3130 1572 620 309 144 825 510
cat_boundaries=0 2
cat_threshold=1133039898 24
is_linear=0
shrinkage=0.05


Tree=228
num_leaves=15
num_cat=1
split_feature=20 6 20 11 1 11 24 7 7 28 11 9 19 4
split_gain=4.35355 3.46838 5.51654 6.58745 5.20902 10.0073 9.61753 7.58057 4.91112 9.48763 7.91316 7.23621 8.73509 7.43685
threshold=23.880000000000006 67.500000000000014 -50.067499999999995 7.0793064827442445 0.32373653686826848 5.0332770240461224 0.4888976020403169 31.500000000000004 13.500000000000002 0 9.3126704003420695 3.5000000000000004 94.330000000000013 13.461557363071906
decision_type=10 10 10 2 8 2 10 10 10 9 2 2 8 8
left_child=1 4 3 -3 5 -1 -7 -8 -6 10 -10 -11 -13 -14
right_child=-2 2 -4 -5 8 6 7 -9 9 11 -12 12 13 -15
leaf_value=0.057810101883445625 -0.018623301124095392 0.0059713854353648666 -0.014905281990193371 0.09799053073899687 -0.0010479804462477757 -0.028379807840186302 -0.018996115129642777 0.096813699431978983 0.073594044185297705 0.00023718724966896476 -0.01482115583665799 -0.0043839785807419261 0.00089455446091128178 0.032753496792011637
leaf_weight=3.3879871526733032 29.1339805193129 4.1166763922665268 4.4676306503824872 2.939685879740864 1217.0252054542652 44.100101904128678 2.1663904865854411 1.9837135490961371 11.672760368790476 479.78149900073186 2.7888219105079779 44.365562794380821 26.63582340022549 58.060828607995063
leaf_count=60 1252 197 335 107 26179 2557 245 102 222 10653 41 541 323 615
internal_value=0.000233091 0.000531325 0.0267574 0.0517114 0.000357531 -0.0151515 -0.0213444 0.0444098 0.000800694 0.00440619 0.0344238 0.00302387 0.0135342 0.0228617
internal_weight=1932.63 1903.49 11.524 7.05636 1891.97 51.6382 48.2502 4.1501 1840.33 623.305 14.4616 608.844 129.062 84.6967
internal_count=43429 42177 639 304 41538 2964 2904 347 38574 12395 263 12132 1479 938
cat_boundaries=0 1
cat_threshold=524288
is_linear=0
shrinkage=0.05


Tree=229
num_leaves=15
num_cat=2
split_feature=29 18 14 18 55 3 3 3 21 26 5 29 22 25
split_gain=5.16145 8.43508 8.49435 12.1343 6.93385 6.52934 12.4637 8.65029 12.2546 8.46059 6.95201 11.8572 6.86821 7.45926
threshold=0 11.545000000000003 9.9937500000000039 5.1375000000000002 15.500000000000002 0.0018397025830937973 0.00079909756630941605 0.0057423887468851407 1.0183441603702572 3898.5000000000005 0.31216224050137104 1 5.6875000000000009 1.0408894698692601
decision_type=9 10 10 8 2 8 8 10 10 2 8 9 10 10
left_child=1 2 5 -4 -3 6 9 8 -7 -1 11 -9 13 -12
right_child=-2 4 3 -5 -6 7 -8 10 -10 -11 12 -13 -14 -15
leaf_value=0.0001905222102082353 -0.00092176832016488278 -0.048660032749040925 -0.011430216193779928 0.075075596665647823 0.026511296076754978 -0.045930956727082611 0.08768004647244533 0.013235376650194969 0.05008593131670757 0.079474765250399607 0.01535089897808372 -0.022835949329263177 0.039563325115430516 -0.00045078528179625223
leaf_weight=25.026042173034515 1454.7193850991898 11.374278317322021 6.3063766469713283 9.2795208457391691 3.3647189349867395 16.323488854570318 5.6257204606663427 31.624373095110059 3.2400549848098299 2.8884304271778083 130.56568751565646 42.666523635271005 15.504776885500176 172.6157478952664
leaf_count=1002 32159 291 117 163 32 631 113 772 59 22 3227 1300 505 3082
internal_value=0.000566924 0.00501927 0.00633899 0.0414948 -0.0309053 0.0050206 0.0259099 0.00326371 -0.0283666 0.0108593 0.00490637 -0.00878428 0.00811537 0.00638234
internal_weight=1931.13 476.406 461.667 15.5859 14.739 446.081 33.5402 412.541 19.5635 27.9145 392.977 74.2909 318.686 303.181
internal_count=43475 11316 10993 280 323 10713 1137 9576 690 1024 8886 2072 6814 6309
cat_boundaries=0 2 3
cat_threshold=2166761410 37 2166359872
is_linear=0
shrinkage=0.05


Tree=230
num_leaves=15
num_cat=3
split_feature=24 24 29 29 2 7 15 28 55 11 19 24 2 16
split_gain=4.09341 11.8217 10.7305 8.19188 7.93978 7.81367 7.57763 9.63685 7.63658 8.25093 8.37635 12.3809 11.8699 9.13896
threshold=0.26602567094259483 0.28015081152078064 0 1 -0.13283887015697046 67.500000000000014 2.2984451410402831 2 7.5000000000000009 6.4141718177424005 57.985000000000007 0.30913242427679039 40.493948066980316 11.190000000000003
decision_type=8 8 9 9 2 10 8 9 2 2 8 10 2 8
left_child=3 -2 -3 5 -5 -1 7 8 9 -4 13 -12 -13 -11
right_child=1 2 6 4 -6 -7 -8 -9 -10 10 11 12 -14 -15
leaf_value=-0.016253892002881326 -0.019959645756288499 -0.0068745667248019593 0.0075406240525363452 -0.016369349404831549 0.0059470908743774979 0.055415189436711254 -0.0001229958953728254 -0.018967205122150145 -0.0017873271773147837 -0.0079091258271513573 0.069028366281829276 0.02774775719879501 -0.023712828686819436 0.10092026430373234
leaf_weight=76.717079107300378 82.579502298496664 395.32458795973798 65.55080040480243 41.442902009701356 664.73251898406306 3.0339742875657967 468.75305711221881 16.377086320426315 50.5229930326459 2.3805135682923719 12.032224981114267 42.041611266962718 14.292905043810604 6.7933754448313248
leaf_count=2034 1299 11512 2178 611 11761 101 11030 489 883 110 162 1039 213 282
internal_value=4.47435e-05 -0.00184666 -0.000436779 0.00282714 0.00455176 -0.0114562 0.00336898 0.0112873 0.0141768 0.0207706 0.0317165 0.0249581 0.0145056 0.0746787
internal_weight=1942.58 1156.65 1074.07 785.926 706.175 79.7511 678.745 209.992 193.614 143.091 77.5406 68.3667 56.3345 9.17389
internal_count=43704 29197 27898 14507 12372 2135 16386 5356 4867 3984 1806 1414 1252 392
cat_boundaries=0 2 4 5
cat_threshold=3829245448 37 553652304 18 4780038
is_linear=0
shrinkage=0.05


Tree=231
num_leaves=15
num_cat=1
split_feature=53 29 4 11 0 16 11 22 20 6 25 3 21 4
split_gain=3.82599 13.5982 8.21273 8.71834 13.489 8.6912 11.1133 7.6752 7.65687 6.68884 6.83489 7.1078 6.06663 5.7205
threshold=28.500000000000004 0 -16.706268656496132 6.1741506194355678 75.010000000000005 0.50000000000000056 6.9819760902175494 -0.63249999999999973 7.9975000000000032 -19.499999999999996 0.72512335869947453 0.87715761889862343 1.0000000180025095e-35 -3.675446787873784
decision_type=8 9 8 2 8 8 2 10 10 10 10 10 10 10
left_child=1 8 -3 4 13 6 -5 -6 9 10 -1 -12 -8 -4
right_child=-2 2 3 5 7 -7 12 -9 -10 -11 11 -13 -14 -15
leaf_value=-0.030519281932153631 -0.00070959784225533358 -0.04085630520957817 0.066371720960537284 -0.023484611712095017 0.039448519565517953 0.0070622352902924984 0.11132094390884868 0.15396850345402446 0.059008579274859252 -0.02904413714413347 -0.0045800256632292837 0.035381529147262308 0.027021645005336034 -0.018778008601434248
leaf_weight=13.217570991255341 1770.1944843783858 3.5835199855500832 1.9759116813074795 3.095423075137659 3.5773946987465033 39.249716223101132 5.133733675349502 3.4210951982531697 3.3077811831608406 28.100351609522477 32.779033269733191 15.699728798121212 4.5566013336647302 4.9754463483113769
leaf_count=460 40411 177 89 79 77 540 70 62 75 568 527 98 50 140
internal_value=-3.37312e-05 0.00728038 0.0220974 0.029374 0.0633177 0.0192519 0.0534452 0.10768 -0.00565543 -0.00928395 3.57763e-05 0.00881496 0.0779173 0.0107289
internal_weight=1932.87 162.673 69.5688 65.9853 13.9498 52.0355 12.7858 6.99849 93.1045 89.7967 61.6963 48.4788 9.69034 6.95136
internal_count=43423 3012 1284 1107 368 739 199 139 1728 1653 1085 625 120 229
cat_boundaries=0 2
cat_threshold=3263229208 25
is_linear=0
shrinkage=0.05


Tree=232
num_leaves=15
num_cat=2
split_feature=5 29 5 29 25 11 10 2 0 11 11 7 16 14
split_gain=4.54834 11.8864 9.42249 17.9508 16.8587 9.09636 8.45296 9.78948 6.23173 6.86417 11.7274 6.54064 6.99418 6.37846
threshold=0.644230263157895 0 0.51234931009440821 1 0.96299690639229574 6.7755713069303889 16.500000000000004 23.835410956372353 89.00500000000001 8.0672567020326209 6.7491521248700952 5.5000000000000009 0.050833333333332127 11.496666666666668
decision_type=10 9 10 9 10 2 2 2 10 2 2 10 8 8
left_child=2 8 -1 4 5 -4 7 -6 9 10 13 -12 -13 -2
right_child=1 -3 3 -5 6 -7 -8 -9 -10 -11 11 12 -14 -15
leaf_value=-0.00074105356402135499 0.032049902943029084 -0.01742135203205401 0.037186267721242727 -0.0075684458287317777 -0.010306362273517333 0.11885142714183881 0.064674882537216205 0.045847462083207446 -0.010001959201627057 -0.018443101551096071 0.0070701272675249994 0.012431290872252908 0.10269429817910647 -0.032544407198181718
leaf_weight=1654.3819172217627 6.4979744362644851 106.17257803957909 8.3492520151194167 53.568452649458777 23.863743422669359 6.9573918716050676 7.063601102679967 10.320104392478241 21.649383625248447 7.1791523760184637 4.3007052820175877 3.1951274960301816 8.192894875770433 6.7957777795381862
leaf_count=36551 119 3271 292 1474 476 134 92 123 377 105 70 51 142 199
internal_value=-0.000537007 -0.00847603 0.000205186 0.0142994 0.0307556 0.079318 0.0185634 0.00746773 0.00934296 0.0233961 0.0340294 0.0619391 0.0804171 -0.000937445
internal_weight=1928.49 163.984 1764.5 110.123 56.5541 15.3066 41.2474 34.1838 57.811 36.1616 28.9825 15.6887 11.388 13.2938
internal_count=43476 4334 39142 2591 1117 426 691 599 1063 686 581 263 193 318
cat_boundaries=0 2 3
cat_threshold=2764083328 12 13441356
is_linear=0
shrinkage=0.05


Tree=233
num_leaves=15
num_cat=1
split_feature=49 5 29 19 25 23 5 25 18 4 13 13 19 2
split_gain=4.64884 4.09954 13.1062 9.37761 9.03497 9.48987 9.40634 10.3897 13.6613 9.45673 9.25506 8.29909 7.75381 7.56097
threshold=1.0000000180025095e-35 0.40291505791505794 0 73.000000000000014 2.8644383577440622 2.1522222222222229 0.62377179245283021 0.98372121969514159 -0.10750000000000036 17.97361376183947 0.98624999999999985 1.0816666666666659 73.000000000000014 23.835410956372353
decision_type=2 10 9 8 10 10 10 10 10 8 10 10 10 2
left_child=1 -1 3 -3 6 13 7 9 -9 -4 -10 12 -5 -6
right_child=-2 2 4 11 5 -7 -8 8 10 -11 -12 -13 -14 -15
leaf_value=-0.0014469418536532139 -0.037122579327765491 -0.036723102758866463 0.046716290082805298 0.027810812249359763 -0.02992078397454468 0.034047304252101944 0.0036590518116654184 -0.01338866450675825 0.11460400347592026 -0.024948129755656551 0.023058345556415779 0.015074525504673501 -0.035731893566071968 0.0073556782125117201
leaf_weight=1543.3328420172911 7.6132499360828652 27.665144183614757 48.591806757962331 5.3487535112071809 32.914333410793915 10.958832977339624 106.77461306523765 30.825326168444008 2.1717877192422739 4.4551726051140568 30.560030639055185 32.115686063305475 20.837019134545699 22.164908360689878
leaf_count=33534 376 1277 1576 93 465 184 2964 800 41 133 627 621 643 227
internal_value=-0.000471403 -0.000306713 0.00437255 -0.0119338 0.00933017 -0.00652143 0.0144404 0.0241979 0.0103029 0.0403473 0.0323499 -0.00176236 -0.022207 -0.0150564
internal_weight=1926.33 1918.72 375.383 85.9666 289.417 66.0381 223.379 116.604 63.5571 53.047 32.7318 58.3015 26.1858 55.0792
internal_count=43561 43185 9651 2634 7017 876 6141 3177 1468 1709 668 1357 736 692
cat_boundaries=0 2
cat_threshold=3258065433 22
is_linear=0
shrinkage=0.05


Tree=234
num_leaves=15
num_cat=5
split_feature=28 29 30 28 29 25 31 8 26 8 6 29 15 10
split_gain=4.22481 8.02683 8.04834 9.92795 8.15823 7.73185 7.01324 6.6685 10.2525 6.38582 9.1784 15.543 12.5437 6.6114
threshold=0 1 2.5000000000000004 2 3 0.52669316429787993 3.5000000000000004 32.500000000000007 1145.5000000000002 44.500000000000007 -19.499999999999996 4 1.0781607058296496 4.5000000000000009
decision_type=9 9 2 9 9 8 10 8 2 10 8 9 8 2
left_child=-1 -2 3 6 -4 -5 9 -6 -9 10 12 13 -3 -12
right_child=1 2 4 5 7 -7 -8 8 -10 -11 11 -13 -14 -15
leaf_value=0.0011111498160345195 -0.016194343808921069 -0.0067897677464510203 -0.022875002614842193 0.0053861062177718785 -0.0092990023064711737 -0.036745698280074811 -0.021387459791844594 0.0046060909358624372 0.077504097585286036 -0.0064106476671284378 -0.0039394257426800415 0.01246674048445204 0.039376796795084448 -0.040610167392875297
leaf_weight=1175.557751551969 99.168197129969485 20.323589091538452 61.822515135223512 17.110833226237446 117.89052575506503 27.885452451184392 21.784284723340534 52.44933005142957 4.3307498077047049 68.082894814200699 27.268498690566048 163.08690113347257 49.909258353756741 21.743567594210617
leaf_count=18185 5477 655 2389 394 3410 695 718 1245 101 1509 989 5429 1095 1183
internal_value=-0.000765282 -0.00365905 -0.00152085 0.00263308 -0.00889302 -0.0172131 0.00538888 -0.00240327 0.0114113 0.00726296 0.0105713 0.00532764 0.0261096 -0.0172462
internal_weight=1928.41 752.857 653.688 417.195 236.493 44.9963 372.199 174.671 56.7801 350.415 282.332 212.099 70.2328 49.0121
internal_count=43474 25289 19812 12667 7145 1089 11578 4756 1346 10860 9351 7601 1750 2172
cat_boundaries=0 1 3 4 6 7
cat_threshold=675846 1081673984 2 1090128 42239042 48 537036302
is_linear=0
shrinkage=0.05


Tree=235
num_leaves=15
num_cat=2
split_feature=14 24 29 5 11 1 7 6 7 7 32 20 1 29
split_gain=4.56954 4.56181 14.8119 7.64508 7.78841 14.1882 10.9705 8.63316 18.0616 7.99615 9.35642 8.76398 7.76664 7.58315
threshold=17.033750000000005 0.4256559292171222 0 0.7532629929221436 5.4078217821118706 0.49137674695212613 31.500000000000004 -29.499999999999996 7.5000000000000009 2.5000000000000004 0.90000000000000013 -5.1850000000000014 2.3417843388960207 1
decision_type=10 8 9 10 2 8 10 8 8 10 2 10 10 9
left_child=1 13 -3 4 5 -4 -7 8 9 -6 -11 12 -12 -1
right_child=-2 2 3 -5 7 6 -8 -9 -10 10 11 -13 -14 -15
leaf_value=0.0084445790234571952 -0.026772380276976943 -0.022162256986438724 0.10730276265472222 0.033506673823541146 -0.0061985021051527119 0.0010926464016295791 0.096345207754741369 -0.011096901407411701 -0.01536419459890823 -0.0093231658689496583 0.048984014810924459 0.015937401495045533 0.14234338328403184 -0.00053170427727942948
leaf_weight=277.73034932586597 15.128711672732605 83.150418508274015 3.04143064667005 15.853993471304419 7.0722961367573616 37.978317068540491 2.2865498512983313 159.79752552794525 30.434894697042182 4.3962190538877683 6.7482947731623479 5.7039441730012106 4.3712722710333765 1269.8547123546596
leaf_count=5586 359 4172 107 431 266 954 19 4872 598 116 106 170 76 25466
internal_value=-0.000270364 -4.63626e-05 -0.00510093 0.000834439 -0.00123209 0.0178956 0.00870554 -0.005087 0.0111781 0.0392805 0.0540349 0.0701854 0.0944017 0.00113469
internal_weight=1923.55 1908.42 360.835 277.685 261.831 43.3063 40.2649 218.524 58.7269 28.292 21.2197 16.8235 11.1196 1547.59
internal_count=43298 42939 11887 7715 7284 1080 973 6204 1332 734 468 352 182 31052
cat_boundaries=0 2 4
cat_threshold=1113391174 1 1668350597 21
is_linear=0
shrinkage=0.05


Tree=236
num_leaves=15
num_cat=0
split_feature=8 8 19 7 7 16 16 3 3 26 13 22 5 26
split_gain=6.14328 5.25259 4.21103 4.81706 8.36831 4.09182 7.76469 5.39639 5.07273 6.96512 6.12465 6.18412 8.28663 5.75084
threshold=-10.499999999999998 -2.4999999999999996 55.057500000000012 18.500000000000004 9.5000000000000018 3.9690000000000003 0.66500000000000281 0.028319688803010275 0.81661223321394816 316.50000000000006 4.8458333333333323 -1.1749999999999998 0.56109520239880062 152.50000000000003
decision_type=8 8 8 8 8 10 10 10 10 2 10 10 8 2
left_child=-1 2 -2 4 -4 6 -3 -7 9 10 13 12 -12 -8
right_child=1 5 3 -5 -6 7 8 -9 -10 -11 11 -13 -14 -15
leaf_value=-0.036377489296474434 -0.017908723171177747 0.00032880127120464992 0.016280780190227408 -0.012198474912374099 0.11436005173625913 0.051942213866555093 -0.020257654290130152 -0.015538303681519532 0.04118528555017948 -0.015333329800759056 0.05849354681165321 0.096487029715441319 -0.039630901761545739 0.041438660412365803
leaf_weight=10.216090671485288 3.0406560234259787 1790.6027947984403 5.4901585879270005 2.6595631577074519 3.100061937235294 2.1569842104800037 9.1080749791581201 57.476309425430372 16.717509325826541 16.863452533434611 4.1343406764790398 3.7731613838113844 2.8019477375783026 5.0360483434051266
leaf_count=273 77 40248 85 71 52 86 219 1262 190 567 61 62 67 105
internal_value=0.000519768 0.000734598 0.0299235 0.0432585 0.0599098 0.000500502 0.000919135 -0.0122811 0.0186988 0.00893445 0.0253566 0.0521117 0.0188566 0.00299521
internal_weight=1933.18 1922.96 14.2904 11.2498 8.59022 1908.67 1849.04 59.6333 58.4345 41.717 24.8536 10.7094 6.93629 14.1441
internal_count=43425 43152 285 208 137 42867 41519 1348 1271 1081 514 190 128 324
is_linear=0
shrinkage=0.05


Tree=237
num_leaves=15
num_cat=1
split_feature=7 28 14 15 1 25 25 9 3 3 11 11 8 5
split_gain=3.84968 8.69979 16.0419 10.6021 16.5636 12.599 8.03005 7.54611 7.1312 7.26718 9.21814 9.20119 7.6207 6.93365
threshold=21.500000000000004 0 0.47550000000000031 0.6177542615535544 0.41062030075187977 1.9969826671141679 0.28241111057723817 1.5000000000000002 0.98581701918799503 0.035123758932237438 7.345377666536919 7.7430702012742874 1.5000000000000002 0.55170682227829859
decision_type=10 9 10 10 8 10 10 2 10 8 2 2 10 8
left_child=-1 2 3 6 5 -5 13 -8 9 10 12 -12 -3 -2
right_child=1 8 -4 4 -6 -7 7 -9 -10 -11 11 -13 -14 -15
leaf_value=-0.00095963010678681588 -0.016325869056249536 -0.034227505262176543 -0.022367134238075792 0.00090086543551773672 0.023093873917408581 0.1650339163663137 -0.0091478414739948992 0.017820298162936451 0.052831907482879283 -0.011316307464802786 0.10306935186320342 0.013676272242361568 0.024630146282590915 0.052385587856212903
leaf_weight=1511.5747143594781 4.3397880102274966 10.40054561942816 31.070783494273201 1.7128948385361571 81.400301176821813 2.7596214567311108 67.773474273388274 40.651661238633096 4.2815939448773852 134.12428786768578 3.7888258360326281 8.1541640800423902 9.6628576437942666 13.935106022225225
leaf_count=34000 276 652 513 106 985 44 1765 471 24 3579 116 234 238 368
internal_value=0.000210965 0.00447642 0.0102765 0.0156114 0.0290753 0.113825 0.00632986 0.00103373 -0.00418318 -0.00621021 0.0148817 0.0478078 -0.00605716 0.036068
internal_weight=1925.63 414.056 243.644 212.573 85.8728 4.47252 126.7 108.425 170.412 166.131 32.0064 11.943 20.0634 18.2749
internal_count=43371 9371 4528 4015 1135 150 2880 2236 4843 4819 1240 350 890 644
cat_boundaries=0 1
cat_threshold=4769282
is_linear=0
shrinkage=0.05


Tree=238
num_leaves=15
num_cat=2
split_feature=26 26 25 29 3 4 9 15 14 2 31 20 20 29
split_gain=4.67595 8.57219 10.0788 10.0116 8.65266 12.0255 8.18566 14.0331 6.32581 6.45948 5.97759 7.96839 11.8044 7.00041
threshold=1520.5000000000002 347.50000000000006 0.42849177664466304 0 0.97899080064913535 9.3508528367139281 4.5000000000000009 5.3334532385797866 1.2487500000000014 -24.316582303111044 7.0000000000000009 -45.484999999999992 -64.482499999999987 1
decision_type=2 2 10 9 8 10 2 8 8 2 10 8 10 9
left_child=1 -1 -3 4 5 -4 -5 -8 -2 -10 11 12 -11 -13
right_child=8 2 3 6 -6 -7 7 -9 9 10 -12 13 -14 -15
leaf_value=0.00020094665541799066 -0.024940966594969725 -0.040450700011703714 0.0038579210633436049 -0.03336904124947776 -0.034769424988950422 0.062167931824817703 -0.020819684199064156 0.080359610487581445 -0.040392521369168863 0.01945253118500867 -0.027367966099912867 0.022954228051464555 0.11549049576410018 0.00044874244390079939
leaf_weight=1558.1957306684926 13.07465790217975 24.755386613367591 64.220398283272516 46.016373496677261 10.446375457569955 9.2845086627639812 10.942403993860351 3.8201294378377488 5.1894126814440815 12.492623562226074 8.3285758168203738 49.553252710087691 3.580709805362857 92.475734702311456
leaf_count=29770 845 2781 2133 2084 230 153 269 51 163 173 233 1642 82 2658
internal_value=-0.000153738 -0.000963564 -0.0116081 -0.00643097 0.00519211 0.0119587 -0.0199249 0.00879977 0.00738596 0.00997896 0.0117814 0.0140028 0.0463585 0.0100426
internal_weight=1912.38 1727.68 169.486 144.73 83.9513 73.5049 60.7789 14.7625 184.695 171.62 166.431 158.102 16.0733 142.029
internal_count=43267 37471 7701 4920 2516 2286 2404 320 5796 4951 4788 4555 255 4300
cat_boundaries=0 2 4
cat_threshold=2699570182 6 619600 48
is_linear=0
shrinkage=0.05


Tree=239
num_leaves=15
num_cat=2
split_feature=21 22 14 14 29 11 22 20 14 1 29 55 3 3
split_gain=3.86228 5.06155 3.86832 5.5878 9.10462 8.84057 7.85593 4.92403 4.58464 4.05363 4.04894 6.97169 10.1779 13.0297
threshold=1.0920566169175461 24.040000000000003 16.522916666666671 9.9937500000000039 0 7.7067321080329458 3.1900000000000008 3.8925000000000058 8.2300000000000022 0.98009900990099019 1 18.500000000000004 0.057276402854858986 0.47698248652662195
decision_type=10 10 10 10 9 2 10 10 10 10 9 2 8 10
left_child=2 -2 3 8 6 -6 7 -5 10 -9 11 12 -1 -14
right_child=1 -3 -4 4 5 -7 -8 9 -10 -11 -12 -13 13 -15
leaf_value=0.010750243593779359 -0.040526701399681689 0.053110669398848225 -0.023057328143545389 0.075684863444981251 -0.027085445239308961 0.059975319553373312 -0.0066596850595240405 0.054384937640950259 -0.02197328505355893 -0.027078246392205754 0.0019350215833532063 0.016590482748399062 -0.021974234386915557 -0.0016600967303495263
leaf_weight=78.107466413872316 9.3242946494719909 0.79811016586609262 16.245849797385745 13.099035208928404 17.214546323986728 2.5050570042803875 5.2795809815870589 1.7945671920897428 21.787184600427281 2.4450899937655777 1382.6521784415236 38.399889157502912 124.37949409859721 213.58832549717044
leaf_count=2076 605 124 408 146 482 37 87 67 558 56 31058 397 3708 3693
internal_value=0.000346902 -0.0290325 0.000517047 0.000730501 0.0184787 -0.00921666 0.0322431 0.0613882 0.000316557 0.0112021 0.000592711 -0.00345296 -0.00542092 -0.00917891
internal_weight=1927.62 10.1224 1917.5 1901.25 42.3379 19.7196 22.6183 17.3387 1858.91 4.23966 1837.13 454.475 416.075 337.968
internal_count=43502 729 42773 42365 875 519 356 269 41490 123 40932 9874 9477 7401
cat_boundaries=0 2 4
cat_threshold=8650754 45 281041921 34
is_linear=0
shrinkage=0.05


Tree=240
num_leaves=15
num_cat=0
split_feature=24 7 24 11 7 19 53 0 9 25 31 4 24 23
split_gain=3.3275 6.25277 8.62391 5.60253 3.63409 7.97767 6.85904 8.91714 7.01448 6.50192 9.48793 8.7614 8.73024 10.8218
threshold=0.7798663324979116 5.5000000000000009 0.87411960992496507 5.7007277735421109 1.5000000000000002 76.995000000000019 40.500000000000007 19.935000000000002 1.0000000180025095e-35 2.01688543769261 12.500000000000002 5.3118706849098416 0.079699789070693403 1.5125000000000002
decision_type=10 8 10 2 10 8 10 10 2 8 8 8 10 8
left_child=4 2 3 -2 5 -1 8 -8 9 10 11 -7 -13 -14
right_child=1 -3 -4 -5 -6 6 7 -9 -10 -11 -12 12 13 -15
leaf_value=-0.038071887716529751 0.015439381998989581 -0.02114416592211827 -0.0029878999483804332 0.11545041650178374 0.00046143938156019453 -0.0016051606551955857 -0.011853278846643615 0.079269548698871206 -0.011569958744317158 -0.0057229106317727707 -0.021336808781575737 -0.01391341744706032 0.089107359449385137 0.025408005628495878
leaf_weight=16.102729314938188 2.6516301548108441 5.4511828711256411 6.0434197299182415 3.1363732377067208 1403.8861772001255 42.394035364268348 4.6668025003746134 4.6736591369844973 190.43841926829191 161.80000494606793 19.845229740545619 9.7837479525478539 7.3601219225674868 41.672421186929569
leaf_count=1100 60 146 163 54 32063 1980 73 71 3637 2057 723 475 74 790
internal_value=-0.000638099 0.020592 0.0399706 0.0786571 -0.00084166 -0.00450331 -0.00330692 0.0369982 -0.00417867 0.000820896 0.00954242 0.0157467 0.0280715 0.0365596
internal_weight=1919.91 17.2826 11.8314 5.788 1902.62 498.737 482.634 9.34046 473.294 282.856 121.056 101.21 58.8163 49.0325
internal_count=43466 423 277 114 43043 10980 9880 144 9736 6099 4042 3319 1339 864
is_linear=0
shrinkage=0.05


Tree=241
num_leaves=15
num_cat=2
split_feature=28 2 2 2 30 7 24 15 29 24 14 11 8 8
split_gain=3.93212 8.89339 9.40655 18.2694 9.47271 19.6683 15.6409 16.4594 12.9314 11.2494 9.21646 8.35745 8.2509 12.3085
threshold=0 69.889427693096195 53.687561505310676 57.562945398538581 1.5000000000000002 15.500000000000002 0.32476479195834129 11.757036274544399 1 0.43247718728569023 4.888749999999999 5.0682750418585103 16.500000000000004 2.5000000000000004
decision_type=9 2 2 2 2 10 8 8 9 10 10 2 10 8
left_child=-1 2 4 -4 8 -6 -7 -8 9 -2 12 -9 13 -11
right_child=1 -3 3 -5 5 6 7 11 -10 10 -12 -13 -14 -15
leaf_value=0.0012288961955235376 0.0027674696776008082 -0.035440129371118595 0.13448238185069092 -0.0040334584052428473 -0.026851541136163688 -0.035868020890559876 0.058452920553095436 0.05796429541080194 -0.0062841027049583588 -0.013826528556908481 -0.011444057887739454 -0.028487729888079988 0.022995419649626456 0.09365365025210716
leaf_weight=1402.1341027914314 76.758057214203291 20.457686067791656 2.6588094310136494 6.6542563404073007 97.583581784332637 11.435964359552598 19.496034814859744 2.5839412987697825 215.41432342748158 3.0540625150315481 8.5486777751939353 11.995252190681638 20.999208192923106 11.997434398508625
leaf_count=22286 2390 545 62 154 4892 477 666 58 9460 246 334 786 631 456
internal_value=-0.000141204 -0.00385429 -0.00254238 0.0447173 -0.00355066 -0.0142794 0.0126751 0.0295248 0.00103677 0.0133956 0.0341629 -0.0104283 0.0449947 0.0723424
internal_weight=1911.77 509.637 489.18 9.31307 479.867 143.095 45.5112 34.0752 336.772 121.357 44.5994 14.5792 36.0507 15.0515
internal_count=43443 21157 20612 216 20396 6879 1987 1510 13517 4057 1667 844 1333 702
cat_boundaries=0 1 3
cat_threshold=4224566 2176894034 36
is_linear=0
shrinkage=0.05


Tree=242
num_leaves=15
num_cat=1
split_feature=3 19 29 8 24 30 24 11 8 2 0 2 0 26
split_gain=3.8908 8.98925 6.84814 9.56686 11.695 7.26709 7.07451 7.75417 9.72385 13.2658 7.53179 6.94949 6.7269 10.9169
threshold=0.90515228304381201 35.335000000000008 0 97.500000000000014 0.53086783921877956 1.5000000000000002 0.37941581071166547 5.601029591857432 81.500000000000014 195.11989076356713 85.805000000000021 0.084340701873308901 90.00500000000001 2683.0000000000005
decision_type=10 8 9 10 8 2 10 2 8 2 10 2 10 2
left_child=12 -2 5 4 6 -3 7 10 -9 -10 11 -4 -1 -14
right_child=1 2 3 -5 -6 -7 -8 8 9 -11 -12 -13 13 -15
leaf_value=-0.00066868540782383332 0.063721078160452943 0.002006310309226603 -0.0032660000263820947 -0.031609135810096743 0.055491404559287909 -0.02299331964890414 -0.0059533684156265303 0.019928524889779906 -0.021693255476842362 0.044210115225097962 0.084714629087512552 0.051953246206092867 -0.026965284747494267 0.024056884846466065
leaf_weight=1490.5644338417915 5.2680291896685949 89.822788854478858 12.21836380846799 12.992872567614539 12.926007803296669 41.879046280635521 62.365242341300473 71.056262928061187 38.610097914002836 8.4883278235793096 5.66401015035808 9.4991382835432869 52.159885060042143 12.230579866212791
leaf_count=35737 46 1072 171 153 259 666 1201 654 392 58 62 69 2436 495
internal_value=-0.000259832 0.00433562 0.00330822 0.00823563 0.0110832 -0.00563211 0.00806973 0.0140785 0.00836042 -0.00914358 0.037589 0.0221104 -0.00135773 -0.0170542
internal_weight=1925.75 370.79 365.522 233.82 220.827 131.702 207.901 145.536 118.155 47.0984 27.3815 21.7175 1554.95 64.3905
internal_count=43471 4803 4757 3019 2866 1738 2607 1406 1104 450 302 240 38668 2931
cat_boundaries=0 2
cat_threshold=1114660418 58
is_linear=0
shrinkage=0.05


Tree=243
num_leaves=15
num_cat=3
split_feature=15 29 15 3 25 11 7 7 26 26 29 26 28 1
split_gain=4.33062 8.87156 7.38985 8.6483 8.10374 7.88802 5.75701 5.85938 5.81018 6.81371 5.09172 6.79235 7.50188 15.7528
threshold=11.473124831378714 0 18.148277948780969 0.71421445888269286 3.4151092956369093 5.2225419491205818 22.500000000000004 9.5000000000000018 122.50000000000001 7.5000000000000009 1 2005.0000000000002 2 0.72994422994423003
decision_type=10 9 10 10 10 2 10 8 2 2 9 2 9 8
left_child=10 -2 4 -4 5 -3 7 -7 9 -9 -1 12 13 -12
right_child=1 2 3 -5 -6 6 -8 8 -10 -11 11 -13 -14 -15
leaf_value=-0.0036257773813153978 -0.016788059410690597 -0.019409528105075947 -0.031885338994264996 0.011449277325564951 -0.0047758037955315576 0.028453535957392969 -0.021412967538268764 0.047851183744116788 0.025524348358008431 0.13724538670013128 0.018445703757743005 0.017537094915278155 0.0024670020936718401 -0.022088848273702097
leaf_weight=805.61317052826053 22.307084461092018 5.7174400850199154 14.542744644219054 43.411002418259159 18.103224092163146 28.363378403591927 3.0162607023958108 7.0899302042089385 6.9606195739470413 3.8402409772388637 31.868628601077944 62.6466397610493 774.74429498647805 88.581771564960945
leaf_count=19869 472 98 302 512 162 520 67 145 184 50 1981 1520 12429 4974
internal_value=-2.21683e-05 0.00800901 0.0126394 0.000218615 0.0240579 0.0334664 0.0398663 0.0442309 0.0664135 0.0881306 -0.000724712 0.00173624 0.000631514 -0.010441
internal_weight=1916.81 153.352 131.045 57.9537 73.0911 54.9879 49.2704 46.2542 17.8908 10.9302 1763.45 957.841 895.195 120.45
internal_count=43285 2512 2040 814 1226 1064 966 899 379 195 40773 20904 19384 6955
cat_boundaries=0 2 4 5
cat_threshold=1107634432 5 1976050715 13 4227625
is_linear=0
shrinkage=0.05


Tree=244
num_leaves=15
num_cat=3
split_feature=16 16 29 29 5 54 14 16 5 25 5 20 29 21
split_gain=3.9322 9.4516 8.48092 8.45443 8.17735 6.14919 4.45493 4.43006 7.11866 4.43738 5.77314 5.44914 4.05959 11.0139
threshold=3.9690000000000003 0.66500000000000281 0 1 0.42440850293984628 52.500000000000007 4.503750000000001 1.2349999999999961 0.56411010558069397 1.0232006870880881 0.40772502250225023 4.5700000000000021 2 0.94199272119313504
decision_type=10 10 9 9 8 8 10 10 8 10 10 8 9 8
left_child=1 12 -3 4 -2 -4 -6 8 -7 10 -9 -12 13 -1
right_child=3 2 5 -5 6 7 -8 9 -10 -11 11 -13 -14 -15
leaf_value=0.038229180346863262 -0.025458876665807581 -0.009688662949529938 -0.0085940624552626587 -0.024566545258786925 -0.0078456332541521241 0.096700217298839819 0.050505001245810602 -0.030610038938527668 0.0041336519678948158 0.048843186413972076 0.057493733741864242 -0.026468556223810936 6.2205298605300905e-05 -0.013771406992110102
leaf_weight=10.159382173325865 7.5931644031079513 18.837659270735458 6.6477887015789747 34.643439802690409 4.1471531532006329 6.5820883184205714 11.120337726897558 5.030774703947829 2.9877673040609816 13.266411045915445 5.3416332160122693 2.0849798325216398 1677.8326297665481 119.77221177099273
leaf_count=375 225 403 98 732 102 137 285 176 69 241 81 87 37173 3287
internal_value=-0.000368351 3.12857e-05 0.0192626 -0.0131327 0.0104246 0.0279386 0.0351471 0.0425649 0.0709256 0.0297549 0.00730803 0.033578 -0.000625585 -0.00877439
internal_weight=1926.05 1868.54 60.7791 57.5041 22.8607 41.9414 15.2675 35.2937 9.56986 25.7238 12.4574 7.42661 1807.76 129.932
internal_count=43471 42127 1292 1344 612 889 387 791 206 585 344 168 40835 3662
cat_boundaries=0 2 4 5
cat_threshold=54804552 19 1108995076 8 1075848448
is_linear=0
shrinkage=0.05


Tree=245
num_leaves=15
num_cat=1
split_feature=0 14 16 11 17 25 25 3 33 25 4 18 9 11
split_gain=4.88617 4.49723 3.77266 3.64495 4.94738 3.52918 3.92253 7.17093 7.684 4.47376 9.91131 8.34983 3.93179 3.86457
threshold=99.445000000000007 -10.336249999999998 1.0000000180025095e-35 5.9613789113728659 1.0000000180025095e-35 20.599863950636131 9.5181803046762496 0.96393820582751788 0 7.172125932482305 8.9556499578638853 -0.4699999999999997 7.5000000000000009 6.9494823440567997
decision_type=10 8 8 2 2 10 10 8 1 10 8 10 2 2
left_child=1 -1 3 4 -2 6 9 8 12 -3 11 -11 -8 -12
right_child=2 5 -4 -5 -6 -7 7 -9 -10 10 13 -13 -14 -15
leaf_value=-0.044578184755024543 0.079536886090567166 0.00083814247728061873 -0.043652590324293652 -0.026762692668341821 -0.017745618755484707 -0.037668650632479789 0.0083459271654995181 0.063747438307538609 -0.032716651113949689 0.054622329806459285 -0.012232337352345947 -0.020895453359527014 0.050775200895397769 -0.043643093373970154
leaf_weight=4.515059087658301 1.628958753542973 1803.944497453107 10.161857755854728 4.4590811239322647 2.0154436605516821 4.9939634678885332 22.887911679223183 5.567194089293479 8.4459901927039009 7.5249754311516881 24.870710795745254 5.6840434782206994 6.4073967337608329 16.491281219758093
leaf_count=146 90 41191 603 226 173 82 250 33 143 91 346 77 44 205
internal_value=0.000256213 0.000508488 -0.0247987 0.0010423 0.0335002 0.000638557 0.000758891 0.0154616 0.00687735 0.000408147 -0.0135654 0.0229423 0.0189956 -0.0254906
internal_weight=1929.6 1911.33 18.2653 8.10348 3.6444 1906.82 1901.82 43.3085 37.7413 1858.52 54.571 13.209 29.2953 41.362
internal_count=43700 42608 1092 489 263 42462 42380 470 437 41910 719 168 294 551
cat_boundaries=0 1
cat_threshold=4
is_linear=0
shrinkage=0.05


Tree=246
num_leaves=15
num_cat=1
split_feature=28 8 8 11 11 0 1 26 23 31 26 3 38 0
split_gain=4.06755 9.11793 8.12916 6.49695 11.37 6.99036 6.80667 6.06406 10.7448 6.59636 7.08751 6.48664 5.84871 9.596
threshold=0 74.500000000000014 72.500000000000014 8.3108045099516641 8.5104702351732104 78.855000000000004 1.5506410256410259 282.50000000000006 6.0718750000000012 7.0000000000000009 185.50000000000003 1.5067846302633539 1.0000000180025095e-35 9.0050000000000008
decision_type=9 10 10 2 2 10 8 2 10 10 2 10 2 10
left_child=7 2 3 -2 -5 -6 -7 9 -9 11 -11 12 -1 -14
right_child=1 -3 -4 4 5 6 -8 8 -10 10 -12 -13 13 -15
leaf_value=0.0025500098311380427 -0.0024329179579061352 -0.025501910350812534 0.056975466959018742 0.078775295808852924 -0.0020955587392888371 0.073715310401138809 -0.007834673012822306 -0.017031577476440903 0.023333989820175045 -0.0093613871406016281 0.059246534409691187 0.053795361735465834 -0.0050718000038784674 0.062191228061268623
leaf_weight=965.38282781513408 718.77929155295715 37.892602862149943 5.0634477380663148 5.2503896964481092 41.420927411760204 5.7439726088196013 3.8390267621725807 80.127698459662497 19.766391590004787 5.4200448440387836 9.7445676624774915 5.3602303415536872 10.174136579036714 9.7661231989040953
leaf_count=12553 26244 1000 86 103 802 100 56 1877 255 62 102 28 130 96
internal_value=0.000812477 -0.00185145 -0.000695168 -0.00114487 0.0150679 0.00712112 0.0433924 0.00277471 -0.00889219 0.00396862 0.035663 0.003448 0.00311984 0.0292683
internal_weight=1923.73 817.99 780.097 775.034 56.2543 51.0039 9.583 1105.74 99.8941 1005.85 15.1646 990.683 985.323 19.9403
internal_count=43494 28391 27391 27305 1061 958 156 15103 2132 12971 164 12807 12779 226
cat_boundaries=0 1
cat_threshold=4351010
is_linear=0
shrinkage=0.05


Tree=247
num_leaves=15
num_cat=2
split_feature=26 29 6 5 28 25 25 3 2 24 24 15 11 14
split_gain=4.48456 20.9796 15.6629 8.94105 8.02169 10.2828 18.2763 22.5112 14.6505 7.99966 10.1267 21.4343 16.6993 7.29028
threshold=27.500000000000004 0 14.500000000000002 0.46864078947368421 1 0.34044436344106793 0.32527290414789961 0.15288934651305555 -5.689815601997549 0.35314706839908844 0.36280141998032311 5.8699996614863759 5.6130733601974709 4.3775000000000013
decision_type=2 9 10 10 9 10 10 10 2 10 10 8 2 8
left_child=1 2 3 13 5 6 8 -8 -3 -7 11 12 -11 -1
right_child=-2 4 -4 -5 -6 9 7 -9 -10 10 -12 -13 -14 -15
leaf_value=-0.039079999329740281 -0.0018053352184398425 0.072306045384394377 -0.043303602193512397 0.085420466031401077 0.0028103828656275208 -0.04744000621781902 -0.030655944766443489 0.19508333602260902 -0.015237313621907573 -0.007037160425050518 -0.021732833077702726 -0.038741138534094485 0.21263394610878714 0.038256669151672501
leaf_weight=2.52584378561005 1085.2563741114573 4.4874260397627941 4.8206860392820081 10.036876424215732 675.23783426033333 23.99290203046985 1.4923567119985812 1.6424160110764203 36.150734079536051 1.2945669898763292 32.041840915801004 3.1538939876481891 1.2790702544152734 35.763842588174157
leaf_count=49 27714 46 251 166 9399 1309 77 79 1873 68 1443 175 63 747
internal_value=0.000312724 0.00306801 0.0305452 0.0448328 0.00076051 -0.0113823 0.00602557 0.106193 -0.00406606 -0.0254328 -0.0105898 0.0457127 0.131088 0.0322902
internal_weight=1919.18 833.92 53.1472 48.3266 780.773 105.535 43.7729 3.13477 40.6382 61.7623 37.7694 5.72753 2.57364 38.2897
internal_count=43459 15745 1213 962 14532 5133 2075 156 1919 3058 1749 306 131 796
cat_boundaries=0 1 2
cat_threshold=50602004 8422529
is_linear=0
shrinkage=0.05


Tree=248
num_leaves=15
num_cat=5
split_feature=5 30 11 29 6 29 11 28 28 26 21 26 55 29
split_gain=4.30536 4.25357 12.8627 7.7681 8.90816 6.72599 10.2229 11.8034 10.873 10.1828 8.65767 10.8691 8.81915 9.70913
threshold=1.087985 3.5000000000000004 8.1205886675307024 0 -69.499999999999986 1 7.5836284758151322 2 3 240.00000000000003 0.97790083642899184 234.00000000000003 6.5000000000000009 4
decision_type=10 2 2 9 10 9 2 9 9 2 8 2 2 9
left_child=1 5 3 4 -3 6 7 10 9 -8 -1 12 13 -12
right_child=-2 2 -4 -5 -6 -7 8 -9 -10 -11 11 -13 -14 -15
leaf_value=-0.011694564518007506 -0.031950372520921332 0.029746340552067103 0.026509173644844442 -0.01674864823973372 -0.0097051724687191379 -0.0013878617402547301 0.0062406244922780709 -0.0062039650120063339 -0.013212519971896026 0.071879519304239553 0.027947000969511526 0.0065146336822441949 0.040245482266370501 -0.0001821520730015967
leaf_weight=33.345175391063094 9.3819072082405892 22.277732468442991 25.379745278973132 131.46701718209079 36.267764682066627 1022.2324700395111 34.85222658701241 106.42911365884356 117.41697959980229 6.1753963856026521 60.850315176416188 198.28994528151816 54.322987715248019 63.060799535829574
leaf_count=1729 600 241 382 2828 822 23770 545 2771 2033 106 881 4986 596 1219
internal_value=0.000161305 0.000335458 -0.0062668 -0.0107605 0.0047557 0.00117666 0.00500468 0.00848472 -0.00600339 0.0142137 0.0121597 0.0146198 0.0235503 0.0159674
internal_weight=1921.75 1912.37 215.392 190.013 58.5455 1696.98 674.743 516.298 158.445 41.0276 409.869 376.524 178.234 123.911
internal_count=43509 42909 4273 3891 1063 38636 14866 12182 2684 651 9411 7682 2696 2100
cat_boundaries=0 2 4 5 6 8
cat_threshold=38093892 36 2709777290 25 188690 1184293 553763584 8
is_linear=0
shrinkage=0.05


Tree=249
num_leaves=15
num_cat=1
split_feature=0 8 8 3 29 25 10 25 8 4 8 26 7 25
split_gain=4.44191 3.60661 9.99491 3.55374 13.9223 8.3312 7.00608 6.82958 7.45799 9.73232 7.26489 6.53815 6.40578 8.50701
threshold=99.905000000000015 -6.4999999999999991 -2.4999999999999996 0.014849449902903785 0 5.0162618431132868 34.500000000000007 4.3314864771032608 23.500000000000004 0.0036965391264551788 27.500000000000004 89.500000000000014 8.5000000000000018 4.4093790212988404
decision_type=10 8 8 8 9 10 2 8 10 10 10 2 8 10
left_child=1 -1 -3 4 12 6 7 8 9 -6 -10 -12 13 -4
right_child=-2 2 3 -5 5 -7 -8 -9 10 -11 11 -13 -14 -15
leaf_value=-0.023640987304980075 -0.027723873009162556 0.048733480814881762 -0.013797496166870572 -0.00065518752071989711 -0.0032229351823989494 -0.010572040197594133 0.060637458618887363 0.04065388145407707 0.087024681418135477 0.051805425177830017 -0.033090712461104524 0.049668117329164048 -0.021797293673212662 0.11686419147707522
leaf_weight=14.788483237731269 13.39293352793902 9.616629194468258 2.7227423653239389 1687.8877621684805 64.156351224461105 25.319378679618239 9.2005465608090145 22.551646282896399 4.7329174261540157 8.1707260634284449 3.6456802319735289 3.9728358694119379 48.559473907924257 1.0471980553120372
leaf_count=364 890 192 176 36549 2422 376 131 263 89 213 73 94 1798 11
internal_value=-5.14383e-05 0.000157403 0.000355853 8.28995e-05 0.00647241 0.0141081 0.0207209 0.0167673 0.0100056 0.00361529 0.0443524 0.0108212 -0.0140911 0.0393883
internal_weight=1919.77 1906.37 1891.58 1881.97 194.079 141.75 116.431 107.23 84.6785 72.3271 12.3514 7.61852 52.3294 3.76994
internal_count=43641 42751 42387 42195 5646 3661 3285 3154 2891 2635 256 167 1985 187
cat_boundaries=0 2
cat_threshold=38123860 8
is_linear=0
shrinkage=0.05


Tree=250
num_leaves=15
num_cat=1
split_feature=29 0 7 18 11 9 6 0 6 24 24 6 2 2
split_gain=4.5973 10.7427 6.84058 7.52294 8.55755 7.03606 8.08695 6.55781 5.79055 6.46343 5.90447 6.54775 5.0613 12.1987
threshold=0 95.925000000000026 6.5000000000000009 3.0000000000000022 6.5618082759265599 4.5000000000000009 -18.499999999999996 99.445000000000007 -96.499999999999986 0.25863001091148652 0.37086119951834945 -126.49999999999999 0.0047755812464078682 0.77941694385923477
decision_type=9 10 10 8 2 2 10 10 8 10 10 10 2 2
left_child=1 12 3 4 5 6 -3 8 9 -2 11 -11 -1 -14
right_child=7 2 -4 -5 -6 -7 -8 -9 -10 10 -12 -13 13 -15
leaf_value=-0.010253598763285266 -0.036264866921332448 0.1204319582391505 -0.023571185160879325 -0.00046830723182066694 0.01178504295182798 -0.0068863285350139782 0.0049299095775830505 -0.033609584046104354 0.0024683622842423631 0.059918044711783941 -0.030496369453308615 -0.007789611881376975 0.069506942670349056 -0.002019558921514778
leaf_weight=284.44295583729399 19.706936690025032 6.3859309750841922 6.2652474795468143 12.042105296568481 9.0679191966191848 1.854840424901339 2.0173101601540138 12.118650246877221 1354.1944065662101 5.4664941616356373 7.2074734237976363 7.5284515237435716 5.1583039894467211 185.06119109224528
leaf_count=9595 222 222 116 339 208 81 63 754 28821 47 173 81 89 2723
internal_value=9.14128e-05 -0.00391466 0.0213808 0.03081 0.0493638 0.0785851 0.0961772 0.00156926 0.00191018 -0.0166272 0.00333586 0.0229387 -0.00604322 0.000273421
internal_weight=1918.52 512.296 37.6334 31.3681 19.326 10.2581 8.40324 1406.22 1394.1 39.9094 20.2024 12.9949 474.662 190.219
internal_count=43534 13436 1029 913 574 366 285 30098 29344 523 301 128 12407 2812
cat_boundaries=0 2
cat_threshold=3495318868 3
is_linear=0
shrinkage=0.05


Tree=251
num_leaves=15
num_cat=1
split_feature=7 23 23 5 29 26 5 2 9 1 19 7 14 3
split_gain=4.61302 5.18041 9.07334 6.95134 6.77225 7.62913 12.8767 6.10983 13.0226 9.55645 7.81039 8.87102 8.26738 5.44492
threshold=56.500000000000007 2.1522222222222229 1.732777777777778 0.10470634095634097 0 24.500000000000004 0.46864078947368421 1.0000000180025095e-35 5.5000000000000009 2.9936708860759498 94.75500000000001 24.500000000000004 4.8270833333333352 0.23100101653438965
decision_type=10 10 10 8 9 2 10 2 2 8 8 10 8 8
left_child=1 2 -1 -3 5 6 -5 8 10 -9 11 13 -12 -7
right_child=-2 3 -4 4 -6 7 -8 9 -10 -11 12 -13 -14 -15
leaf_value=-0.0008267023297071134 -0.019258849890691349 -0.038883541066548621 -0.039994936744855145 0.092788812888145916 -0.0084879613577390749 -0.038635339850594572 -0.00620694641358931 -0.033569175033535126 0.087942631380827294 0.034095357950109463 0.030165540190489989 0.094942199364858371 -0.029689133217008591 0.027622281261060019
leaf_weight=1741.1660704486421 32.254527827259153 6.0383636346668927 13.913050488568841 7.4582870189333317 27.870317583088763 2.815310704871087 5.1765584914246574 13.284411001252012 5.6948549877852193 7.2651266544125965 8.1732283608289418 3.6566319148987523 14.66871512332 17.540022890083492
leaf_count=36773 1209 700 382 180 1437 192 71 230 119 114 325 113 875 547
internal_value=-0.000799201 -0.000471505 -0.0011598 0.00955131 0.0124426 0.0181519 0.0547492 0.0136224 0.0225423 -0.00917483 0.0129216 0.0322575 -0.00790519 0.0170783
internal_weight=1906.98 1874.72 1755.08 119.642 113.603 85.7331 12.6348 73.0983 52.5488 20.5495 46.8539 24.012 22.8419 20.3553
internal_count=43267 42058 37155 4903 4203 2766 251 2515 2171 344 2052 852 1200 739
cat_boundaries=0 2
cat_threshold=1082995793 43
is_linear=0
shrinkage=0.05


Tree=252
num_leaves=15
num_cat=2
split_feature=1 29 29 6 25 54 25 21 4 11 26 26 25 6
split_gain=4.57181 11.1901 8.21349 7.73413 7.44198 12.7932 7.63216 13.0384 9.84889 8.64791 8.60739 12.6037 13.408 21.9412
threshold=0.66784037558685461 0 1 22.500000000000004 0.97964723094598882 19.500000000000004 -1.0000000180025095e-35 0.99578700303606482 0.12568063911407282 6.9060087491643385 14.500000000000002 6.5000000000000009 0.40821184802353827 27.500000000000004
decision_type=10 9 9 10 8 8 10 8 8 2 2 2 10 10
left_child=1 -1 -2 -4 5 -3 -7 8 -8 -10 11 12 13 -9
right_child=2 4 3 -5 -6 6 7 10 9 -11 -12 -13 -14 -15
leaf_value=-0.0081445205016293393 0.0040426361180581965 0.10402488639277369 -0.0041063931514236911 -0.035888344227917389 0.0032858379713055393 -0.022809920397361662 0.001389501100063574 0.094619477757984058 0.12481260993767625 0.0034324751960663892 -0.00048678937151258031 0.11654078650646645 -0.0078329182533785 -0.022119699835195974
leaf_weight=162.48808627796825 368.29672919237055 3.153323601000011 860.54034630634123 18.6011330075562 382.36902130965609 11.591470104758626 3.973102977499364 9.9878594828769547 5.5292629774194211 1.9672849869821218 56.058695672720205 2.8487075287848702 19.456828122260049 5.8456593677401534
leaf_count=4859 7904 111 18691 308 6637 538 425 392 188 49 1834 86 958 295
internal_value=-0.000384373 0.00296027 -0.00216904 -0.00476472 0.00658903 0.0175075 0.014321 0.0185698 0.0667244 0.0971123 0.0120671 0.0300604 0.0200606 0.0527662
internal_weight=1912.71 665.269 1247.44 879.141 502.781 120.412 117.259 105.667 11.4697 7.49655 94.1978 38.1391 35.2903 15.8335
internal_count=43275 16372 26903 18999 11513 4876 4765 4227 662 237 3565 1731 1645 687
cat_boundaries=0 2 4
cat_threshold=2715099654 8 2709791778 24
is_linear=0
shrinkage=0.05


Tree=253
num_leaves=15
num_cat=2
split_feature=5 11 28 25 7 15 3 11 3 25 19 11 29 55
split_gain=4.89596 3.57387 8.25457 7.47376 8.16238 4.9856 5.14898 4.91737 11.1821 4.41525 4.37205 10.8231 4.09099 6.12151
threshold=0.96287540983606568 9.3126704003420695 0 1.4563465961146618 5.5000000000000009 2.9813412097550294 0.86607029580388539 9.0581765698608105 0.95073697967749704 20.599863950636131 96.65000000000002 9.6312816429459769 1 7.5000000000000009
decision_type=10 2 9 8 10 10 10 2 8 10 8 2 9 2
left_child=1 7 -3 10 -5 6 -6 9 -9 12 11 -4 13 -1
right_child=-2 2 3 4 5 -7 -8 8 -10 -11 -12 -13 -14 -15
leaf_value=0.00068215128290137397 -0.025152964925416823 -0.010773570798332674 0.12347441173656939 0.067370668476482182 0.043436966353603376 -0.039938702468925037 -0.025019567545855499 -0.039212613554696962 0.049152878221223821 -0.044744590857714685 0.016816817134075554 0.024246090408107636 -0.0012430917641472758 0.014850136477640306
leaf_weight=271.88755617896095 18.621615793614183 23.855052297469229 4.2796161922160554 3.2906310856342342 5.1316861961968225 6.6737329754978409 4.0947782695293427 18.320430789608512 3.4970682645216575 4.5357677396386853 7.2988229333423069 7.0648983982391655 1438.2708991292166 105.00577954313485
leaf_count=6931 967 435 77 36 121 97 36 293 23 79 125 121 32741 1401
internal_value=-0.000304802 -4.85975e-05 0.0116917 0.0226984 0.00601543 -0.00991741 0.0135797 -0.000448019 -0.0235153 -0.000158687 0.050246 0.0686491 -2.26994e-05 0.00453823
internal_weight=1921.83 1903.21 61.6892 37.8342 19.1908 15.9002 9.22646 1841.52 21.8175 1819.7 18.6433 11.3445 1815.16 376.893
internal_count=43483 42516 1048 613 290 254 157 41468 316 41152 323 198 41073 8332
cat_boundaries=0 1 3
cat_threshold=4734980 2164419528 52
is_linear=0
shrinkage=0.05


Tree=254
num_leaves=15
num_cat=1
split_feature=29 26 8 0 2 43 26 18 3 8 8 3 11 1
split_gain=4.78103 5.89729 8.37933 13.1106 11.2519 9.01203 7.84471 8.37215 8.24658 7.07442 6.81363 6.71178 7.34139 8.45589
threshold=0 1139.0000000000002 50.500000000000007 30.010000000000002 10.955804703683082 1.0000000180025095e-35 349.50000000000006 0.99999999999999878 1.0000000180025095e-35 63.500000000000007 1.0000000180025095e-35 1.0433741250733328 5.323180681703044 2.0837227414330224
decision_type=9 2 10 10 2 2 2 10 10 10 8 8 2 10
left_child=1 6 4 9 5 -3 11 8 10 -4 -8 -1 13 -13
right_child=-2 2 3 -5 -6 -7 7 -9 -10 -11 -12 12 -14 -15
leaf_value=-0.0049860125373584734 0.0019704725426336 0.0049417594726936971 0.12881879575482963 -0.0084486785684119263 -0.032356758421952313 0.071663278415479467 -0.027430342174741235 0.0035994442504323023 -0.040140926629183275 0.032568098064180755 0.10900610572062169 0.10650037239072561 0.0067794872977150009 -0.011076760360909581
leaf_weight=509.45539703284157 1157.4357031029649 88.898189266794361 3.1820053748087975 7.6643705666647284 19.155662738718092 4.3821888429811215 1.1712900456041087 21.214345504064113 39.120852759573609 5.2849219015333802 0.87668933952227268 3.1613511834293595 43.238672687788494 2.1442812116583809
leaf_count=11158 23848 3370 52 327 518 72 160 579 2131 90 200 84 727 62
internal_value=-3.77567e-05 -0.0031244 0.00654482 0.0391218 0.0015673 0.00880311 -0.00518582 -0.0218594 -0.0347526 0.0785269 0.0475762 -0.00328598 0.0142957 0.0647607
internal_weight=1906.39 748.95 128.567 16.1313 112.436 93.2804 620.383 62.3832 41.1688 8.46693 2.04798 558 48.5443 5.30563
internal_count=43378 19530 4429 469 3960 3442 15101 3070 2491 142 360 12031 873 146
cat_boundaries=0 2
cat_threshold=944687387 46
is_linear=0
shrinkage=0.05


Tree=255
num_leaves=15
num_cat=4
split_feature=30 29 20 24 15 6 15 55 54 11 29 2 29 29
split_gain=4.41069 18.8361 7.08944 7.29413 8.2559 7.4999 9.38433 7.34108 8.89338 5.56934 7.97324 7.50864 9.70807 9.11465
threshold=3.5000000000000004 0 -22.497499999999992 0.4095116434913722 1.3342167503326865 -11.499999999999998 17.374073524429701 6.5000000000000009 10.500000000000002 7.7712773896642 1 12.382652151769792 2 3
decision_type=2 9 8 10 8 8 8 2 8 2 9 2 9 9
left_child=9 2 -2 4 7 -6 -7 8 -4 10 -1 13 -13 -11
right_child=1 -3 3 -5 5 6 -8 -9 -10 11 -12 12 -14 -15
leaf_value=-0.0070265714006683888 -0.032053397206673613 -0.015017851888783863 0.054352540176871536 -0.01569221405664455 0.089255566360516708 -0.0089342724379546084 0.074432546834664867 0.048697893956993088 -0.032989747413441538 -0.017517881988868705 0.0037134648989768544 0.005778410025802397 -0.021841584830132786 0.0084774982915108831
leaf_weight=191.47868437739089 5.0845616495935246 158.12756996561075 2.9418883530888706 8.2669216413632949 8.6150673270458338 7.5050797940930352 4.8703814617474546 6.9739789199084035 10.415995080722501 34.353676445083693 1210.6650043747504 45.475787568837404 91.399125418043695 122.37083700898802
leaf_count=6201 188 3214 78 266 89 150 117 54 203 693 27986 448 1268 2410
internal_value=5.47485e-05 -0.00671308 0.0168205 0.0256911 0.0341454 0.0554402 0.0269868 0.0105925 -0.011308 0.00090751 0.00221922 -0.00534308 -0.0138547 0.00213125
internal_weight=1908.54 212.801 54.6739 49.5893 41.3224 20.9905 12.3755 20.3319 13.3579 1695.74 1402.14 293.599 136.875 156.725
internal_count=43365 4359 1145 957 691 356 267 335 281 39006 34187 4819 1716 3103
cat_boundaries=0 2 3 5 7
cat_threshold=58462310 6 309620804 3262125070 16 2164557066 10
is_linear=0
shrinkage=0.05


Tree=256
num_leaves=15
num_cat=3
split_feature=15 29 2 2 25 19 29 53 29 3 20 31 3 1
split_gain=4.51895 8.25645 4.73842 10.3816 9.98625 12.5558 8.67392 8.9795 7.83587 8.78526 15.505 10.5434 7.68055 9.08609
threshold=-8.5261785505221077 0 57.562945398538581 53.687561505310676 2.8644383577440622 88.715000000000018 1 7.5000000000000009 2 0.62617960330114497 -15.442500000000001 37.500000000000007 0.64510978595804602 1.2760262725779969
decision_type=8 9 2 2 8 10 9 8 9 8 8 10 10 10
left_child=1 -1 3 8 5 -5 -4 -8 9 11 -11 -2 13 -12
right_child=2 -3 6 4 -6 -7 7 -9 -10 10 12 -13 -14 -15
leaf_value=-0.0113316646979359 -0.0026466893682152632 0.028851110881380711 0.0061004398461307575 0.10826996911835696 -0.0073639408225949282 0.0021555546674118654 0.031609822154600502 -0.012976316554135427 -0.0015806600378528266 0.072773194093616753 0.087041551113974575 0.074328766464016191 0.0076665349130005181 -0.014802169240392161
leaf_weight=16.464204569929279 136.95581118005794 22.336720172257628 104.74358030722942 6.0188933090539631 7.398699855431917 4.6927960680332035 10.903173336759208 244.49424756795634 1233.1495188912959 10.841729862615464 5.6846051841275749 3.596776437945663 93.7857650333317 2.8744311685441062
leaf_count=452 4352 524 1433 79 66 52 107 2774 31179 174 154 46 1813 129
internal_value=-0.000325168 0.016346 -0.000680555 0.000553291 0.0371713 0.0659347 -0.00582395 -0.0105457 8.25979e-05 0.00789258 0.0185042 -0.000165687 0.0121067 0.0548683
internal_weight=1903.94 38.8009 1865.14 1505 18.1104 10.7117 360.141 255.397 1486.89 253.739 113.187 140.553 102.345 8.55904
internal_count=43334 976 42358 38044 197 131 4314 2881 37847 6668 2270 4398 2096 283
cat_boundaries=0 2 4 6
cat_threshold=46711880 32 1085304922 2 558336036 48
is_linear=0
shrinkage=0.05


Tree=257
num_leaves=15
num_cat=2
split_feature=29 26 10 5 20 4 6 29 18 8 7 25 7 55
split_gain=4.34084 8.59633 7.36393 11.7496 14.4589 11.0338 8.65463 8.19899 10.781 9.17339 8.59506 8.65217 15.0298 8.43381
threshold=0 133.50000000000003 7.5000000000000009 0.42706862745098045 -48.464999999999996 8.5143137304076202 1.0000000180025095e-35 1 -1.168749999999998 8.5000000000000018 -1.0000000180025095e-35 2.6869798255676725 19.500000000000004 1.0000000180025095e-35
decision_type=9 2 2 8 8 10 10 9 10 8 8 10 8 2
left_child=1 2 5 4 -4 6 -1 9 10 -5 -9 -12 -13 -11
right_child=-2 -3 3 7 -6 -7 -8 8 -10 13 11 12 -14 -15
leaf_value=0.0039690470067658291 -0.0017405221103931679 -0.0028551972025183964 0.00042685746222336196 -0.032260294926487056 0.0788694296579905 0.03371468298796295 -0.022728410606450464 -0.023063813682457288 -0.025746751017235354 0.039443445762060991 0.017664549174555236 0.12533045075268925 0.034751667041466698 -0.0039209566920134446
leaf_weight=126.32711045641918 1276.9525837716646 297.69061888963915 9.5881149863125739 17.657397696864791 14.212124568060974 23.219479812076315 38.873196854896378 4.8080201302655041 7.4497156603028989 14.599385800654998 19.067574720131233 6.21243841573596 16.002515979111198 39.330107690533623
leaf_count=2333 27107 9955 179 567 293 328 1159 94 176 227 293 50 185 473
internal_value=-6.35266e-05 0.00328183 0.00878685 0.0170572 0.0485597 0.00219441 -0.00241207 0.0107277 0.0232069 -0.00175248 0.0364263 0.0437365 0.0643897 0.00832269
internal_weight=1911.99 635.038 337.347 148.927 23.8002 188.42 165.2 125.127 53.5403 71.5869 46.0905 41.2825 22.215 53.9295
internal_count=43419 16312 6357 2537 472 3820 3492 2065 798 1267 622 528 235 700
cat_boundaries=0 2 4
cat_threshold=1630157524 15 1627924544 8
is_linear=0
shrinkage=0.05


Tree=258
num_leaves=15
num_cat=0
split_feature=10 24 24 1 55 3 3 7 1 3 3 4 4 19
split_gain=4.34353 10.6077 8.93344 16.0024 10.0121 10.6332 8.52101 9.03053 17.4314 7.9632 6.62512 7.09291 6.98638 5.74156
threshold=25.500000000000004 0.2681652560573225 0.24155069215148059 0.99293206793206801 1.0000000180025095e-35 0.0080020870455194057 0.25169593906031967 20.500000000000004 0.98009900990099019 0.51046278354081798 0.7878222442238566 53.792856718493795 87.175924061793083 76.995000000000019
decision_type=2 10 10 10 2 8 10 8 10 8 10 10 10 10
left_child=-1 2 4 -4 5 -2 -7 8 -8 -9 11 -3 13 -12
right_child=1 10 3 -5 -6 6 7 9 -10 -11 12 -13 -14 -15
leaf_value=-0.0012250525643924164 0.10517054424810562 -0.023831608171969599 0.077022284287599233 -0.016817139199754069 -0.0005446889087851335 -0.016615739951304311 -0.038818345977333552 0.11142596098319009 0.081437261095035227 0.021657017943105046 0.042537329547080921 0.037742354567842896 -0.031544491796718262 -0.0056081339536566714
leaf_weight=1686.3783899571863 3.3728262938093385 48.26884331565816 12.527969562914224 6.3754020147025576 76.845476179383695 9.8976075111422706 7.2904461054131371 4.7160585741512486 3.7387342986185104 5.4182373851072052 14.14338622661308 4.2726375134661785 6.7001163179520509 10.12205722928047
leaf_count=39766 78 990 136 85 1047 331 156 110 69 106 183 44 114 155
internal_value=-0.000372972 0.00632578 0.0152028 0.0461189 0.00958702 0.031575 0.0205524 0.0379004 0.00532772 0.0696871 -0.00752914 -0.0182131 0.0106017 0.0230269
internal_weight=1900.07 213.69 130.183 18.9034 111.279 34.4339 31.0611 21.1635 11.0292 10.1343 83.507 52.5415 30.9656 24.2654
internal_count=43370 3604 2118 221 1897 850 772 441 225 216 1486 1034 452 338
is_linear=0
shrinkage=0.05


Tree=259
num_leaves=15
num_cat=1
split_feature=7 3 4 6 29 8 26 3 8 8 3 5 52 19
split_gain=3.673 4.01907 5.15476 3.8616 3.70766 10.8499 16.0048 7.75722 7.12668 6.20435 11.2234 10.6144 9.47081 8.78979
threshold=-19.499999999999996 0.69978567298354777 65.441902589380447 -30.499999999999996 0 8.5000000000000018 3898.5000000000005 0.75027529847460539 -2.4999999999999996 30.500000000000004 0.82196378194637898 0.33661711711711723 1.0000000180025095e-35 83.342500000000015
decision_type=8 8 8 8 9 8 2 10 10 8 8 8 2 10
left_child=1 2 -1 -4 5 8 9 -8 -2 10 11 -7 13 -13
right_child=4 -3 3 -5 -6 6 7 -9 -10 -11 -12 12 -14 -15
leaf_value=-0.037740790221647696 0.070096442348921761 -0.033682917333053661 0.077346381519870375 -0.0064370184918648033 -0.00069508015441872373 -0.029602354157042134 0.10973865054593375 0.0017235035875725812 -0.017312593655688428 0.0020872472299910527 -0.010186461366959217 0.056336156323445519 0.12153449014768224 0.0040844680787529451
leaf_weight=2.4896246419521075 1.4652745646890242 15.091414879076181 2.0689579141326249 2.2355665555223823 1635.5181531924172 4.7106616481905794 4.9741912676836355 2.3476659712614492 52.147933171771001 124.50764833582798 18.521213125321083 19.227123410615604 2.8568979352712622 13.644834365113637
leaf_count=185 55 425 55 49 35498 212 141 31 2489 2865 273 547 30 404
internal_value=-6.59187e-05 -0.019976 0.0108856 0.0408228 0.000176366 0.00577985 0.0115935 0.0794738 -0.0136839 0.00846836 0.0216839 0.036174 0.0454161 0.0354079
internal_weight=1901.81 21.8856 6.79415 4.30452 1879.92 244.403 190.79 7.32186 53.6132 183.468 58.9607 40.4395 35.7289 32.872
internal_count=43259 714 289 104 42545 7047 4503 172 2544 4331 1466 1193 981 951
cat_boundaries=0 1
cat_threshold=588384838
is_linear=0
shrinkage=0.05


Tree=260
num_leaves=15
num_cat=1
split_feature=0 2 8 8 6 7 29 24 5 16 5 24 53 4
split_gain=5.63577 4.6379 4.40335 7.9111 4.5761 3.73734 12.9197 6.86939 7.4027 9.52409 9.5415 7.59171 7.39194 9.07103
threshold=99.905000000000015 801.56069602507023 -6.4999999999999991 -2.4999999999999996 9.5000000000000018 21.500000000000004 0 0.60057330057330061 0.60986411121825801 1.5049999999999992 0.39802567783094106 0.1810782765253052 82.500000000000014 6.5950557079396122
decision_type=10 2 8 8 10 10 9 10 8 8 10 8 8 10
left_child=1 2 -1 4 -4 -5 -7 8 9 -8 12 -12 -11 -14
right_child=-2 -3 3 5 -6 6 7 -9 -10 10 11 -13 13 -15
leaf_value=-0.027117725696201224 -0.032611333634763609 -0.034905833481184138 -0.0081871115642189168 -0.00075069470309227255 0.065432734205043239 -0.010588782203257718 -0.0041379150035421421 0.066956924199962159 0.004726967344092641 -0.014823098039959579 0.1387056505688741 0.038940450606181586 0.015331561212927428 0.078150860223014429
leaf_weight=13.377130666514857 12.117423948366193 8.3221458541229349 2.6756320430431497 1465.4520323777106 6.34707838925533 96.850989445694722 20.727523298468441 4.2098128953948608 235.96873410197441 8.8524867198429984 2.7635926879011068 6.3603742052800962 18.218752269516703 7.8759093770058817
leaf_count=357 869 102 40 32822 132 2817 453 108 4620 149 53 144 666 126
internal_value=4.95604e-05 0.000275141 0.000448458 0.000659332 0.0449625 0.000421306 0.0046868 0.00958926 0.00888484 0.0237241 0.0366292 0.0798746 0.0234308 0.0364763
internal_weight=1910.12 1898 1889.68 1876.3 9.02271 1867.28 401.828 304.977 300.767 64.7986 44.0711 9.12397 34.9471 26.0947
internal_count=43458 42589 42487 42130 172 41958 9136 6319 6211 1591 1138 197 941 792
cat_boundaries=0 2
cat_threshold=2156134486 9
is_linear=0
shrinkage=0.05


Tree=261
num_leaves=15
num_cat=0
split_feature=18 7 20 13 25 19 6 11 25 10 14 11 55 19
split_gain=3.80041 6.38695 5.88381 5.80225 8.95249 6.56986 6.02172 5.7255 5.05029 6.14787 4.02364 3.85134 6.32318 5.78568
threshold=-2.2412499999999982 21.500000000000004 -78.09999999999998 -0.29749999999999993 0.90027916009043263 92.405000000000015 -63.499999999999993 5.8521162654454404 1.9596182870189756 4.5000000000000009 9.5012500000000024 7.4589643808038986 4.5000000000000009 86.492500000000021
decision_type=8 8 8 10 10 8 8 2 8 2 8 2 2 8
left_child=1 3 -2 -1 6 -6 -5 -8 9 -7 -9 12 13 -3
right_child=2 11 -4 4 5 8 7 10 -10 -11 -12 -13 -14 -15
leaf_value=-0.025420505791694633 -0.01687062182479232 -0.039694017738786773 0.00073271560371492863 -0.03125231892597545 -0.032994628154434089 -0.030022450716955269 -0.0068955074728068375 0.11428011195726032 0.058637561618192072 0.046673431339746246 0.031797938099734503 0.0036057943242714767 0.06292969788126844 0.033486332892624829
leaf_weight=14.880425724724772 47.770656619628426 3.1561663018073896 1777.705133115116 1.522362445190083 11.25187163584633 6.5488372273393889 2.2930607378366386 3.403178175620269 3.8215795038267961 3.0012320056557655 3.8574714012211189 11.295301240868865 11.83185210812371 6.8234469396993527
leaf_count=339 1132 217 40093 91 300 118 185 142 49 69 75 197 189 130
internal_value=0.000743581 0.0110982 0.000263071 -0.000174018 0.0107552 -0.00629904 0.0460511 0.0601633 0.0168973 -0.00378039 0.0796128 0.0278198 0.0396515 0.00883488
internal_weight=1909.16 83.6868 1825.48 50.58 35.6996 24.6235 11.0761 9.55371 13.3716 9.55007 7.26065 33.1068 21.8115 9.97961
internal_count=43326 2101 41225 1368 1029 536 493 402 236 187 217 733 536 347
is_linear=0
shrinkage=0.05


Tree=262
num_leaves=15
num_cat=1
split_feature=5 29 25 20 7 50 17 6 8 8 1 26 20 11
split_gain=3.641 12.0273 13.6526 10.8478 8.6405 7.20317 7.59959 7.11547 9.72611 10.3633 7.78809 7.78702 6.83256 9.05684
threshold=0.21383548387096776 0 6.6462379793826925 -78.164999999999978 15.500000000000002 1.0000000180025095e-35 5.5000000000000009 -21.499999999999996 12.500000000000002 5.5000000000000009 0.61873433583959914 359.00000000000006 -35.199999999999996 5.8378033281514208
decision_type=8 9 8 8 10 2 2 10 8 8 8 2 8 2
left_child=1 3 5 4 -1 6 -3 -5 9 10 11 -9 13 -2
right_child=12 2 -4 7 -6 -7 -8 8 -10 -11 -12 -13 -14 -15
leaf_value=0.027361651727386211 0.021265323134087237 -0.011427486824510856 0.082424593676443558 0.076047823122035188 -0.035589735170193391 0.038204603157006502 0.064844444512277916 0.079549506958614152 -0.018804410017088477 0.11896372893542913 -0.021853670486892122 -0.030839937746015907 0.00072979947031581738 -0.032843150345693461
leaf_weight=11.556974897161128 9.4616253669373673 103.55557802558178 3.5813431823626152 11.986812323331831 8.6321548837586288 7.7108884966000906 2.3862776691094032 5.44984227488749 7.2044813763350239 3.0565509167499814 4.9910645729396501 1.5251886654878033 1694.878512152005 30.696867009042762
leaf_count=174 225 3580 46 167 142 126 101 301 205 70 136 170 37295 696
internal_value=0.000930586 0.00785554 -0.00206509 0.0247844 3.65155e-05 -0.00560327 -0.00911922 0.0460102 0.0272345 0.0491093 0.0234672 0.054571 0.00024141 -0.0198879
internal_weight=1906.67 171.637 117.234 54.4031 20.1891 113.653 105.942 34.2139 22.2271 15.0226 11.9661 6.97503 1735.04 40.1585
internal_count=43434 5218 3853 1365 316 3807 3681 1049 882 677 607 471 38216 921
cat_boundaries=0 1
cat_threshold=2189463048
is_linear=0
shrinkage=0.05


Tree=263
num_leaves=15
num_cat=2
split_feature=29 55 11 55 10 53 3 18 24 55 8 29 24 24
split_gain=4.49394 8.20387 26.9513 7.43443 7.80847 7.16728 7.16516 7.14178 9.5329 6.97018 13.8533 7.3968 11.141 9.73
threshold=0 6.5000000000000009 7.4385246865878516 3.5000000000000004 61.500000000000007 88.500000000000014 0.95754171666650689 -2.2412499999999982 0.42317797809127294 3.5000000000000004 4.5000000000000009 1 0.088183103662527559 0.24782776574877338
decision_type=9 2 2 2 2 10 8 8 10 2 10 9 10 8
left_child=1 7 5 4 -2 -3 -4 8 -1 11 -11 -9 -13 -14
right_child=3 2 6 -5 -6 -7 -8 9 -10 10 -12 12 13 -15
leaf_value=0.056363185400476301 0.00056083274195534074 0.020211331296037277 -0.016399784314353249 -0.0078763488903928532 0.047083036564295168 0.062875688651412562 0.016332927549949323 -0.011731180422476083 -0.018757036104731881 -0.039721833098412596 0.0039230077794167031 -0.044664666485592266 0.025283004122797843 0.0020909839233919291
leaf_weight=10.970478071016261 893.97870226291707 154.14340510504553 79.776138550019823 315.3551516829757 8.1118902843445522 9.8447077064774913 20.220198852010071 74.772387304285076 5.9058695825515306 32.116489219479263 39.955924871377647 9.7561897585401294 57.317034795996733 202.4092162195011
leaf_count=272 22086 2365 1054 5348 124 91 197 2543 260 857 766 551 1364 5673
internal_value=0.000564894 0.00373193 0.0107153 -0.00127053 0.00103085 0.0231382 -0.00968474 -0.00045254 0.0304962 -0.00177715 -0.0158032 0.00119657 0.00506033 0.0072864
internal_weight=1914.63 697.188 263.984 1217.45 902.091 163.988 99.9963 433.204 16.8763 416.327 72.0724 344.255 269.482 259.726
internal_count=43551 15993 3707 27558 22210 2456 1251 12286 532 11754 1623 10131 7588 7037
cat_boundaries=0 2 3
cat_threshold=2173812683 2 1053698
is_linear=0
shrinkage=0.05


Tree=264
num_leaves=15
num_cat=1
split_feature=49 2 29 26 2 25 25 15 10 20 22 7 25 24
split_gain=4.6641 4.50472 9.84151 9.84863 7.76268 7.93131 15.0252 15.4447 9.6148 7.24552 6.5469 9.28087 6.35786 5.31141
threshold=1.0000000180025095e-35 67.221685752639601 0 76.500000000000014 84.686907716329628 4.4093790212988404 3.2392363294357094 2.1823497462496779 16.500000000000004 -23.364999999999998 1.8133333333333337 29.500000000000004 4.2299088568127328 0.29485977115998979
decision_type=2 2 9 2 2 10 8 10 2 8 10 8 10 8
left_child=1 -1 10 4 -4 6 13 -8 -7 -5 -3 -12 -9 -6
right_child=-2 2 3 9 5 8 7 12 -10 -11 11 -13 -14 -15
leaf_value=0.0016217816178636817 -0.039430132055235163 0.0031937671698751072 -0.025827056535036683 0.0067590170465277105 -0.002592670762602793 -0.022229521600604547 0.0089789925284675491 0.099256013650953656 0.038675578429093568 -0.035168434854297007 -0.0061481376417936414 0.0707608861839958 0.029261068870824233 -0.046183421845080175
leaf_weight=1564.7973265573964 6.3471158005995667 90.335803607711568 32.640058358432725 12.440085289650595 32.202494440134615 46.68792331032455 32.31059642508626 7.6784025495871884 6.5699353218078604 51.843367363209836 6.600721513386814 8.1610541185364109 7.0545533560216427 7.9731378771830341
leaf_count=38950 358 1094 385 157 381 481 338 67 73 729 100 95 53 131
internal_value=0.000331584 0.000484497 -0.0047011 -0.0100967 -0.00425266 0.000907304 0.0101528 0.0290604 -0.0141419 -0.0270754 0.00769369 0.0381628 0.0697306 -0.0121551
internal_weight=1913.64 1907.3 342.498 237.401 173.117 140.477 87.2192 47.0436 53.2579 64.2835 105.098 14.7618 14.733 40.1756
internal_count=43392 43034 4084 2795 1909 1524 970 458 554 886 1289 195 120 512
cat_boundaries=0 2
cat_threshold=9459722 1
is_linear=0
shrinkage=0.05


Tree=265
num_leaves=15
num_cat=3
split_feature=29 4 28 10 28 1 25 30 14 25 26 3 12 10
split_gain=4.10353 7.33853 9.62903 7.77894 9.54788 9.59988 9.05461 8.886 9.77221 8.35349 9.82718 9.14932 8.61384 8.49913
threshold=0 9.3508528367139281 1 7.5000000000000009 2 0.80086206896551737 2.1337083705526219 1.5000000000000002 4.7540000000000004 0.079880594056364745 114.50000000000001 0.021064992052550243 1.0000000180025095e-35 40.500000000000007
decision_type=9 10 9 2 9 10 10 2 10 10 2 10 2 2
left_child=-1 3 -3 4 5 6 -2 9 -9 10 -5 -12 -13 -11
right_child=1 2 -4 7 -6 -7 -8 8 -10 13 11 12 -14 -15
leaf_value=0.0031188739389852276 0.05940846359189577 0.034829663383136499 0.0017037277507020118 -0.02922860841134467 -0.0083546893940591067 -0.0033735744864588067 -0.013750150845436444 0.0062097476000025718 0.081729213114993982 -0.0064620211333135599 -0.014803054298830127 -0.00044566127074323043 0.10635722126599725 -0.041670176509066383
leaf_weight=757.43903577246238 15.2268183529377 18.635834511369467 103.80875725997612 5.1555570266209569 565.32969052746193 28.368281840812415 5.2782208975404492 280.03804060711991 3.3598010477144262 115.40686256706249 3.6436006666044696 2.6486564171500486 5.5014266377547756 19.253047764068469
leaf_count=17888 302 278 1785 170 13341 567 105 4637 81 3299 315 305 167 395
internal_value=0.000276951 -0.00157453 0.00994624 -0.0029422 -0.00656116 0.0130043 0.0408129 0.00217087 0.00738929 -0.00756823 0.0245799 0.048548 0.0753925 -0.011766
internal_weight=1929.09 1171.65 122.445 1049.21 614.203 48.8733 20.505 435.007 283.398 151.609 16.9492 11.7937 8.15008 134.66
internal_count=43635 25747 2063 23684 14315 974 407 9369 4718 4651 957 787 472 3694
cat_boundaries=0 2 3 4
cat_threshold=599191694 5 8400898 4849792
is_linear=0
shrinkage=0.05


Tree=266
num_leaves=15
num_cat=3
split_feature=29 55 24 3 55 29 11 3 29 10 15 11 24 7
split_gain=3.66443 10.5413 7.73359 8.20096 7.5405 12.4664 14.6194 12.668 11.3499 10.8299 7.99348 10.5349 11.5314 7.68588
threshold=0 17.500000000000004 0.49530076269794171 0.98581701918799503 5.5000000000000009 1 6.5618082759265599 0.97156508670810116 2 16.500000000000004 -3.8659904646063157 6.4252254986465447 0.30721191975473394 20.500000000000004
decision_type=9 2 10 10 2 9 2 8 9 2 8 2 10 10
left_child=1 2 -1 -4 8 6 9 -8 -2 -6 11 12 -10 -12
right_child=4 -3 3 -5 5 -7 7 -9 10 -11 13 -13 -14 -15
leaf_value=0.0080729546561590215 -0.0131477061886274 -0.022470293086836457 -0.030508384499995708 0.031474330381006832 0.020534126752789577 -0.0025544622809239876 -0.0061801635850716507 0.03752442593978092 0.023220173344193296 0.065960839494605558 -0.0038798078716608671 -0.0108005456594518 0.12028285976347153 0.0074469667019057724
leaf_weight=422.5575435438659 205.20647596998606 33.223778145387769 24.253426710842181 5.8949913128744802 43.181932067382149 218.51310851576272 71.415082257473841 20.517087246174924 11.36563992209267 18.879723811580334 623.4664849913097 10.693365155137142 3.5670950793428338 196.03967521863524
leaf_count=9917 6847 423 1538 230 729 3278 1034 230 190 231 13619 222 102 4855
internal_value=0.000524215 0.00421974 0.00631672 -0.0177674 -0.000764227 0.00533355 0.0156273 0.00387249 -0.00293711 0.0351802 -0.000286499 0.0266724 0.0525004 -0.00116448
internal_weight=1908.78 485.93 452.706 30.1484 1422.85 372.507 153.994 91.9322 1050.34 62.0617 845.132 25.6261 14.9327 819.506
internal_count=43445 12108 11685 1768 31337 5502 2224 1264 25835 960 18988 514 292 18474
cat_boundaries=0 2 3 4
cat_threshold=17320628 49 3258987595 3225695242
is_linear=0
shrinkage=0.05


Tree=267
num_leaves=15
num_cat=1
split_feature=29 6 1 6 11 3 3 26 7 19 24 11 11 10
split_gain=4.34959 7.01273 11.129 9.56745 9.55384 8.37945 11.9128 7.05372 7.13192 6.98768 6.8636 6.57118 5.72781 5.23915
threshold=0 -29.499999999999996 1.4586748633879785 -41.499999999999993 7.2319524830545072 0.69108508904996524 0.18146852998778415 1145.5000000000002 16.500000000000004 85.632500000000007 0.44544088245656627 8.0237400899198672 5.1533782921831692 4.5000000000000009
decision_type=9 8 10 10 2 8 10 2 8 10 10 2 2 2
left_child=1 3 -3 5 10 6 -1 8 -8 -9 -5 -7 -4 -10
right_child=-2 2 12 4 -6 11 7 9 13 -11 -12 -13 -14 -15
leaf_value=-0.045006331949256878 0.0018816780956967625 -0.0042997228448375339 0.030336099194620658 0.049656850076027589 -0.012293594983341757 -0.022320843613499671 -0.025603356465237367 0.13093212910689764 0.0013165696274597908 0.023725314472402222 -0.0055097435569329842 0.013937121819752016 -0.038029656183939498 0.065298049966947463
leaf_weight=5.1674530757591155 1448.7495589844766 283.51547013578238 2.6105451289331532 25.755235354707111 12.438642389257437 49.319341024092864 6.1894588982686383 2.2212354261428109 5.8253293873276615 3.9511829918483272 6.9068596963770679 15.864361647516487 35.688331875717267 6.2137017264030874
leaf_count=141 32312 7278 81 387 155 1077 213 29 81 111 277 139 1038 96
internal_value=0.000537305 -0.00363843 -0.00777243 0.00560363 0.0242904 -0.00345183 0.0182414 0.0328801 0.0153913 0.0751813 0.038174 -0.0134192 -0.0327163 0.0368146
internal_weight=1910.42 461.667 321.814 139.853 45.1007 94.7521 29.5684 24.4009 18.2285 6.17242 32.6621 65.1837 38.2989 12.039
internal_count=43415 11103 8397 2706 819 1887 671 530 390 140 664 1216 1119 177
cat_boundaries=0 2
cat_threshold=1918996489 26
is_linear=0
shrinkage=0.05


Tree=268
num_leaves=15
num_cat=0
split_feature=16 7 5 3 25 25 25 25 21 11 5 8 15 15
split_gain=3.86852 5.80901 4.66376 3.98149 6.00422 4.94898 5.7284 10.1938 5.77047 4.34952 4.81097 5.61901 4.0262 5.01204
threshold=-10.994999999999999 -6.4999999999999991 0.5394379310344829 1.0433741250733328 0.060195653721354984 1.4014847193518389 0.56572526761608322 0.52772709321508526 1.0476582378078312 6.1808961838831697 0.69369727395411618 33.500000000000007 18.148277948780969 13.441392576143281
decision_type=8 10 8 10 8 10 8 8 8 2 10 10 10 10
left_child=1 2 -1 12 -5 6 7 -6 -8 -7 11 -11 13 -2
right_child=3 -3 -4 4 5 9 8 -9 -10 10 -12 -13 -14 -15
leaf_value=-0.016600561627313947 -0.0012590853508878336 -0.024662667719522989 0.083030578978168082 0.054104357556836784 -0.0027358674262517625 -0.0021120482559733606 0.039079068489100498 0.07201442151000835 -0.031622209052577441 0.060119710553263997 -0.0035248312972602511 0.010499849911050321 -0.017353170852733076 0.01608718656968269
leaf_weight=1.6994462854927399 1668.720615687198 29.87983576930128 1.4942855302942915 5.768843985570129 30.366138800862245 19.402208807412535 2.4533464908599854 4.353723171632736 21.149268764536831 12.829182066954674 8.8988989032804948 10.572904162108896 36.670613495633006 41.710558787919581
leaf_count=126 39036 616 51 297 801 162 12 71 513 88 54 52 655 722
internal_value=-0.000892362 -0.0175881 0.0386981 -0.000586671 0.00835175 0.00548715 -0.00447931 0.00839118 -0.0229835 0.0166012 0.0275676 0.0390508 -0.00118353 -0.000826927
internal_weight=1895.97 33.0736 3.19373 1862.9 115.795 110.026 58.3225 34.7199 23.6026 51.7032 32.301 23.4021 1747.1 1710.43
internal_count=43256 793 177 42463 2050 1753 1397 872 525 356 194 140 40413 39758
is_linear=0
shrinkage=0.05


Tree=269
num_leaves=15
num_cat=1
split_feature=29 25 1 3 10 4 4 4 0 16 4 0 2 25
split_gain=4.37725 14.1567 10.9912 12.6265 8.72154 12.5797 5.90058 5.23629 5.08754 6.52865 6.2814 5.64277 7.40624 12.0025
threshold=0 0.28241111057723817 1.7651654411764708 0.7394656292332894 16.500000000000004 11.246965100913878 -49.098122539019876 43.821900859886007 97.715000000000018 -3.2999999999999989 -0.79304723662929877 76.510000000000005 96.985805760265734 4.9954564675824562
decision_type=9 10 10 8 2 8 8 8 10 8 10 10 2 10
left_child=1 2 3 4 -1 -6 -3 -4 11 -10 -11 12 -8 -14
right_child=-2 6 7 -5 5 -7 8 -9 9 10 -12 -13 13 -15
leaf_value=-0.014343075455363044 0.0016851370162338404 0.05325269466768448 0.0078861036582876364 0.071957219407665904 0.12212309596747706 -0.01689136579179697 -0.013610433373895918 -0.0484476260053315 0.081453568368534832 -0.032008386740776489 0.042512932637851962 -0.030025188977176615 0.031563954404226068 -0.029279763617614637
leaf_weight=12.721914975438272 1620.2676103037666 2.6669079039711505 10.520308339153415 13.200021137367001 2.3959076459286726 2.7176372327376157 155.2374437431572 5.5541620936128338 2.2295058511663228 5.7107908476609737 3.8871083958074433 37.613091397448443 23.523019196465611 11.187527801841496
leaf_count=674 37329 115 301 174 73 72 3173 182 47 170 44 638 275 137
internal_value=0.000670942 -0.0048877 0.019751 0.0367375 0.00823491 0.0575644 -0.00994563 -0.0132762 -0.0108683 0.0199587 -0.000663931 -0.0125508 -0.00895146 0.0116827
internal_weight=1909.43 289.165 47.11 31.0355 17.8355 5.11354 242.055 16.0745 239.388 11.8274 9.5979 227.561 189.948 34.7105
internal_count=43404 6075 1476 993 819 145 4599 483 4484 261 214 4223 3585 412
cat_boundaries=0 2
cat_threshold=805509136 17
is_linear=0
shrinkage=0.05


Tree=270
num_leaves=15
num_cat=1
split_feature=4 29 19 20 6 7 4 4 20 16 15 15 4 21
split_gain=4.07088 9.80147 11.337 9.35769 9.28183 8.87663 7.19487 6.79288 6.19084 6.25735 6.09406 10.4415 5.98657 5.71665
threshold=9.3508528367139281 0 91.252500000000012 -2.0024999999999973 -23.499999999999996 -35.499999999999993 50.787245375820014 11.815927730021505 -29.994999999999994 -1.7350000000000028 0.024474716796827379 2.4554425944210743 34.140760830890237 0.9862759553817263
decision_type=10 9 10 8 10 10 10 10 8 10 8 8 10 10
left_child=-1 3 7 -2 10 12 -6 8 -3 -10 -4 -12 -5 -9
right_child=1 2 4 5 6 -7 -8 13 9 -11 11 -13 -14 -15
leaf_value=-0.00076204937086707218 -0.028113141748451129 -0.020160395647347139 -0.027467732970171483 0.070388126769642789 0.11094088766000815 -0.0098015790409064531 0.017299112762528261 -0.0019292051886693144 0.076216582605932282 -0.00036949270164691068 0.079720956527178685 0.0092326136284540845 0.0061501335503322116 0.038140609542037851
leaf_weight=1671.1782175969565 34.442806472419761 3.1902493119705468 4.479035082273187 6.2744748166296613 5.4473367962054891 27.419971783063374 3.6363546717911959 99.802467752597295 7.7316990608815086 3.8260917980223894 6.7880865049082786 17.125393318594437 7.6551065713865682 8.7652639348525536
leaf_count=39393 736 67 120 53 77 447 77 1719 127 60 77 211 65 103
internal_value=0.000108154 0.0062324 0.0127504 -0.00817702 0.037249 0.00676999 0.0788876 0.00609114 0.0367817 0.052853 0.0216967 0.0316382 0.0378622 0.00162442
internal_weight=1907.76 236.584 160.792 75.7924 37.4762 41.3496 9.08369 123.316 14.748 11.5578 28.3925 23.9135 13.9296 108.568
internal_count=43332 3939 2638 1301 562 565 154 2076 254 187 408 288 118 1822
cat_boundaries=0 2
cat_threshold=540129308 1
is_linear=0
shrinkage=0.05


Tree=271
num_leaves=15
num_cat=3
split_feature=21 29 53 19 4 2 23 1 3 19 6 29 28 3
split_gain=3.44214 8.24996 8.80311 5.28111 5.27665 6.80048 6.78333 4.75967 4.69473 4.36328 4.33355 4.3216 5.72717 9.39262
threshold=0.97790083642899184 0 10.500000000000002 3.0000000000000004 1.5577479097683613 7.0055080281600244 0.76875000000000038 2.5042372881355939 0.2221617287810759 99.565000000000012 -78.499999999999986 1 2 0.83728499948181712
decision_type=8 9 10 8 8 2 10 8 8 10 8 9 9 8
left_child=1 2 -1 -3 9 6 -6 -4 -8 -5 -10 12 13 -2
right_child=11 3 7 4 5 -7 8 -9 10 -11 -12 -13 -14 -15
leaf_value=0.001692427501383715 -0.021948419413794624 0.061789656864257858 0.020607633829228904 -0.035848843485069719 0.029218569452526728 -0.02722268496428858 0.015269764090744587 0.10523904580306656 0.038219890692505976 0.022004440029617794 -0.041014939759184625 -0.0012087643668744494 0.0058001101105287648 0.016071540318058155
leaf_weight=24.551626444270372 48.785964385955594 1.2226228716317553 4.2046170159010208 35.846009797067381 16.346447293646634 24.94937498238869 8.3501606960780936 2.6523772533982992 1.2041857514996079 2.9163995945709749 11.302654021012129 1167.8324625797104 529.44125044887187 23.251214927528054
leaf_count=1162 2196 105 143 1942 207 424 519 34 82 93 932 24875 10335 414
internal_value=-1.72964e-05 -0.00772706 0.0126123 -0.0139168 -0.0167969 -0.00755544 0.00600114 0.062572 -0.0126996 -0.0310522 -0.0311212 0.000568668 0.00397018 -0.00846571
internal_weight=1902.86 133.546 31.4086 102.138 100.915 62.1528 37.2034 6.85699 20.857 38.7624 12.5068 1769.31 601.478 72.0372
internal_count=43463 5643 1339 4304 4199 2164 1740 177 1533 2035 1014 37820 12945 2610
cat_boundaries=0 1 3 4
cat_threshold=1081421248 587520562 29 13238588
is_linear=0
shrinkage=0.05


Tree=272
num_leaves=15
num_cat=0
split_feature=25 25 21 1 7 1 11 6 7 15 15 25 8 11
split_gain=4.04379 3.93795 7.58887 7.41605 7.69712 7.57915 6.60607 8.59369 5.3698 7.12617 6.19028 5.3285 5.01418 4.41853
threshold=-1.1803811501551158 0.030830416499361413 0.95557482569429641 2.5042372881355939 5.5000000000000009 0.93600768600768613 5.8947606405486104 -16.499999999999996 12.500000000000002 11.473124831378714 4.6729846629561651 0.049129578965662758 11.500000000000002 5.8251295132155532
decision_type=8 8 8 10 10 8 2 8 10 8 8 8 8 2
left_child=-1 2 -2 4 5 -4 7 -7 -6 10 -10 -3 -8 -13
right_child=1 11 3 -5 8 6 12 -9 9 -11 -12 13 -14 -15
leaf_value=-0.017518833290146911 -0.034701677712622496 -0.034387970814985326 -0.027335618053953844 -0.02690380395500995 -0.018240378742728033 0.068077199315839956 0.11287022228137474 -0.019890876423005997 0.015035361384928395 -0.027521080879476148 0.073480415548306144 0.0039308686161970878 0.043370160473179452 -0.0015979034604872288
leaf_weight=31.578788205515593 7.3850218901061453 10.358590521675067 2.9139445058535811 8.2917432740214263 13.187994466337839 3.6781052506994456 4.4938125404878475 6.0317291851388308 17.601159942103557 5.6902393820928401 5.4832303985022 503.07927607314195 9.4224734724266472 1275.5178504862124
leaf_count=519 1484 1189 68 287 271 79 78 164 334 199 68 12201 191 26262
internal_value=-5.44184e-05 0.000249201 0.0107528 0.0155139 0.0209614 0.0415296 0.0507882 0.0166767 0.00728886 0.0192091 0.0313924 -0.000250778 0.0718753 -3.27506e-05
internal_weight=1904.71 1873.14 84.1795 76.7944 68.5027 26.5401 23.6261 9.70983 41.9626 28.7746 23.0844 1788.96 13.9163 1778.6
internal_count=43394 42875 3223 1739 1452 580 512 243 872 601 402 39652 269 38463
is_linear=0
shrinkage=0.05


Tree=273
num_leaves=15
num_cat=0
split_feature=2 10 2 55 30 24 26 31 3 9 0 2 4 8
split_gain=4.52084 7.41374 7.5017 9.77585 10.2009 10.8696 8.5738 8.32273 8.78098 7.00319 7.33263 6.95096 8.05443 10.45
threshold=22.632498849180219 22.500000000000004 34.259808792875369 14.500000000000002 1.5000000000000002 0.43247718728569023 139.50000000000003 4.5000000000000009 0.07052237354085604 4.5000000000000009 90.00500000000001 18.947581900478042 0.097638476621958195 51.500000000000007
decision_type=2 2 2 2 2 10 2 8 8 2 10 2 8 8
left_child=11 2 -2 4 9 6 7 8 -6 -4 -11 -1 -13 -14
right_child=1 -3 3 -5 5 -7 -8 -9 -10 10 -12 12 13 -15
leaf_value=0.0018495471759862583 -0.020440881275608003 0.011719859694424633 -0.023720003944636331 0.014616539253826031 -0.026775987806735221 -0.040068029152810325 0.043885246723392252 0.043815204744966529 0.0023774392166922963 0.0211982347836496 -0.042466679420421816 -0.018886002718442759 0.07088452602174064 0.002788834817759025
leaf_weight=1308.497671003337 67.6812868785928 74.541152445832267 96.230301657225937 68.083622114732862 29.052207849686965 14.905256268510128 10.96066231606528 9.5289322072640044 182.9634134756634 18.374041469069201 4.9174074740149072 6.8976211353437975 11.724365360103546 10.263445644639438
leaf_count=35673 1091 864 1504 692 431 335 118 127 1912 222 110 177 164 105
internal_value=0.000799793 -0.00289516 -0.00508128 -0.00265018 -0.00588501 -7.40068e-05 0.00265051 0.000422439 -0.00172436 -0.0178134 0.0065621 0.00239557 0.0262408 0.0406029
internal_weight=1914.62 577.238 502.697 435.016 366.932 247.41 232.505 221.545 212.016 119.522 23.2914 1337.38 28.8854 21.9878
internal_count=43525 7406 6542 5451 4759 2923 2588 2470 2343 1836 332 36119 446 269
is_linear=0
shrinkage=0.05


Tree=274
num_leaves=15
num_cat=5
split_feature=27 14 17 6 29 14 32 29 15 29 29 15 19 24
split_gain=3.8997 10.0254 7.05891 6.06634 5.12371 2.84605 2.76066 11.66 6.34725 8.61104 7.48266 11.3418 8.57087 12.1371
threshold=0 5.9665000000000008 1.0000000180025095e-35 2.5000000000000004 1 3.4837500000000001 0.90000000000000013 2 1.2418753529741349 3 4 2.8179096857140258 94.925000000000011 0.3437402606543129
decision_type=9 10 2 8 9 8 2 9 8 9 9 8 10 10
left_child=1 2 4 -3 -1 -6 7 -2 9 -8 11 -10 -13 -14
right_child=6 3 -4 -5 5 -7 8 -9 10 -11 -12 12 13 -15
leaf_value=0.019274246059355613 0.005815284336208512 0.10091893952474483 0.054294687426430732 0.004351625936468732 -0.0026866096140951766 -0.04459453072763564 0.011614351227579698 -0.012158219387622264 0.026665702879676251 -0.0078411777212569235 -0.0012478083123804624 0.0010901842824066134 0.061439390730746328 -0.0072656672176125607
leaf_weight=4.1841623960062861 143.70011576107936 4.0073068207129827 4.3744750069454303 2.5472327508032322 6.6871291021816432 9.8337679775431877 57.232106138078962 215.12517230625963 63.795520108193159 391.24970490142005 698.58012775157113 281.21492812654469 13.521129209082575 11.190938962856306
leaf_count=65 3132 58 92 70 129 303 1394 5207 1503 9903 14287 6822 184 218
internal_value=-0.000867907 0.0141074 0.00309398 0.0689345 -0.00972657 -0.0183053 -0.00119666 -0.00514042 -0.000268801 -0.00525414 0.00182704 0.00745708 0.0036206 0.0312536
internal_weight=1907.24 31.6341 25.0795 6.55454 20.7051 16.5209 1875.61 358.825 1516.78 448.482 1068.3 369.723 305.927 24.7121
internal_count=43367 717 589 128 497 432 42650 8339 34311 11297 23014 8727 7224 402
cat_boundaries=0 1 2 4 6 8
cat_threshold=11682 270344 13923853 3 2166374404 17 3255667652 46
is_linear=0
shrinkage=0.05


Tree=275
num_leaves=15
num_cat=3
split_feature=20 29 28 5 29 6 11 5 6 11 34 2 20 14
split_gain=3.09133 9.35435 8.1265 5.50746 18.279 14.3606 10.0599 8.64924 7.32027 6.84817 8.51225 9.32944 12.2165 8.6797
threshold=-78.09999999999998 0 1 0.21383548387096776 2 12.500000000000002 8.1205886675307024 0.28459031620553366 -120.49999999999999 7.7430702012742874 1.0000000180025095e-35 12.058189874436588 -66.49499999999999 1.3067499999999999
decision_type=8 9 9 8 9 10 2 8 10 2 2 2 10 8
left_child=1 2 -1 4 5 9 -7 8 -5 10 11 12 -2 -14
right_child=3 -3 -4 7 -6 6 -8 -9 -10 -11 -12 -13 13 -15
leaf_value=0.030630209566108287 -0.00098677969181462329 -0.02377141634881387 -0.012980022987989013 0.052336942778325173 -0.013655871006537755 -0.019481076702711497 0.062453520026077652 -0.00044526300905504198 -0.027692935715867645 -0.0099267857934333056 0.1062289081702243 -0.0081334670986917337 -0.010367916448446313 0.09049191416515466
leaf_weight=12.789756396785377 6.9232496317126815 37.470379141625017 13.562263134866955 2.1526234252378336 43.075033398112282 18.04272208939074 3.6664704689756027 1686.7174252216937 41.720022486348171 4.4993022305425248 5.7491845613112664 7.2900186402257523 2.2490153649123386 14.538242921116767
leaf_count=323 226 869 239 28 1637 1006 133 36824 1357 72 95 121 77 368
internal_value=-0.000720672 -0.011452 0.0109731 -0.000341733 0.0106653 0.0254196 -0.00350234 -0.00102191 -0.0226874 0.0463803 0.0533544 0.0405354 0.0552227 0.0771563
internal_weight=1900.45 63.8224 26.352 1836.62 106.033 62.9582 21.7092 1730.59 43.8726 41.249 36.7497 31.0005 23.7105 16.7873
internal_count=43375 1431 562 41944 3735 2098 1139 38209 1385 959 887 792 671 445
cat_boundaries=0 2 3 5
cat_threshold=2197868874 34 8434816 3263204954 30
is_linear=0
shrinkage=0.05


Tree=276
num_leaves=15
num_cat=2
split_feature=29 9 28 10 11 24 7 4 25 6 0 15 18 15
split_gain=4.4446 8.45635 6.59919 7.1476 7.98142 7.78382 8.81122 11.0145 7.75903 7.63975 7.34621 8.11546 6.4494 6.42674
threshold=0 2.5000000000000004 1 10.500000000000002 7.7430702012742874 0.35314706839908844 7.5000000000000009 -5.4134719019523043 1.1494778090845041 -29.499999999999996 68.805000000000021 -0.0070631787659773205 -0.24750000000000136 7.9783328018652204
decision_type=9 2 9 2 2 10 8 10 10 10 10 10 8 10
left_child=1 -1 3 4 5 8 7 13 12 -9 11 -10 -3 -7
right_child=-2 2 -4 -5 -6 6 -8 9 10 -11 -12 -13 -14 -15
leaf_value=-0.0075960659924149427 0.0014185787482135486 0.062413620609061665 -0.016317519600361052 -0.015008172543718093 -0.0075124882743760517 -0.022483891560710238 -0.0164791180735228 0.087885990324532315 0.013091813399868257 0.01256684657073316 0.015881471161184848 0.07858389142463712 -0.014313052088764853 0.037613104872847795
leaf_weight=436.29570157034323 1263.2311669961782 2.4536382430233061 22.196410464588553 25.953507883707061 35.099848233046941 12.431965421128558 23.579362067976035 7.1411951850168407 7.0051427213475135 6.4004157508024928 15.538591569755225 17.229541315697134 12.243281768285668 5.6559202950447789
leaf_count=12563 27235 97 476 446 496 398 479 124 77 92 159 186 332 68
internal_value=-0.000292443 -0.00368828 0.00495234 0.00826536 0.0130788 0.0196768 0.00625876 0.0231951 0.0329188 0.0555989 0.0441467 0.0609221 0.00165652 -0.00270606
internal_weight=1892.46 629.225 192.929 170.732 144.779 109.679 55.2089 31.6295 54.4702 13.5416 39.7733 24.2347 14.6969 18.0879
internal_count=43228 15993 3430 2954 2508 2012 1161 682 851 216 422 263 429 466
cat_boundaries=0 2 3
cat_threshold=1921042256 2 61829
is_linear=0
shrinkage=0.05


Tree=277
num_leaves=15
num_cat=0
split_feature=4 26 11 15 10 26 13 26 11 11 11 20 23 20
split_gain=3.44736 8.61639 8.59048 11.2793 10.0755 7.87814 11.0045 7.86703 9.28585 9.27445 7.86702 7.78324 7.75038 7.55129
threshold=0.012040992027541478 27.500000000000004 6.7159890799278301 9.2957857868409004 25.500000000000004 206.50000000000003 14.905000000000003 292.50000000000006 7.6655721876254832 7.4589643808038986 9.6312816429459769 -0.78750000000000131 -2.1581249999999996 -13.9975
decision_type=8 2 2 8 2 2 10 2 2 2 2 10 10 8
left_child=1 12 3 -3 5 6 11 -7 9 -9 -10 -4 -1 -5
right_child=-2 2 4 13 -6 7 -8 8 10 -11 -12 -13 -14 -15
leaf_value=0.02266673735269284 -0.0013149678316557516 -0.015706689992775007 -0.020650254300149242 0.038145876432569836 -0.032448264178068106 0.052728392878620169 0.077969241345030915 0.01588157874656829 -0.026449525161046442 0.076481238933802223 0.060924953124495876 0.019655890932863022 -0.011594466898361282 -0.0021612648672974834
leaf_weight=85.103374805301428 1462.9184214847046 125.4867657306022 36.408557408372872 17.113152213627473 12.764109468553213 16.02639527968131 3.0132817020639768 39.669666027126368 17.118330708355646 6.7299744914635076 2.039384727831929 16.698819871293381 19.760051967517938 32.136526649410371
leaf_count=2184 28113 5997 797 508 320 259 46 1736 612 244 35 400 573 1593
internal_value=-0.000157806 0.00377231 -0.000260137 -0.00778076 0.00846714 0.0124663 -0.00195547 0.0222904 0.014169 0.0260993 -0.0145873 -0.00784755 0.0161622 0.012325
internal_weight=1892.99 430.068 325.205 174.736 150.469 137.704 56.1207 81.5838 65.5574 46.3996 19.1577 53.1074 104.863 49.2497
internal_count=43417 15304 12547 8098 4449 4129 1243 2886 2627 1980 647 1197 2757 2101
is_linear=0
shrinkage=0.05


Tree=278
num_leaves=15
num_cat=2
split_feature=4 29 3 20 29 14 11 55 20 16 7 7 7 5
split_gain=5.78602 7.77319 6.68128 7.45355 3.8502 6.8788 6.54534 9.85164 8.66381 6.27046 5.53885 7.29855 5.47536 6.71926
threshold=-26.425552022489484 0 0.085050122852189131 1.0025000000000051 1 9.8062500000000021 9.3126704003420695 14.500000000000002 -4.0024999999999968 1.5049999999999992 28.500000000000004 14.500000000000002 17.500000000000004 0.83988494623655929
decision_type=8 9 10 8 9 10 2 2 10 8 10 10 10 10
left_child=1 2 3 -1 6 12 -2 8 10 -7 11 -8 13 -6
right_child=4 -3 -4 -5 5 9 7 -9 -10 -11 -12 -13 -14 -15
leaf_value=0.092069894701627186 -0.0035677117332091595 -0.029163083035927947 -0.0056334483671511924 -0.012108112469087433 -0.0014879628671646491 0.0089226594700932103 0.05084667327040221 -0.031360047489780746 -0.019675225656898065 0.067283609664701677 0.098296387889228343 -0.023104524107089606 0.0069057972685588748 0.033182432812603059
leaf_weight=3.2420332637848359 716.90315266413381 27.372068256663624 20.81401408178499 2.535436024190858 731.42307399818674 12.849318499444051 11.53731664456428 6.6095394846051922 5.3226770961191496 6.5101476332638439 3.7253595795482388 3.8796749645844093 329.34518980508437 13.247155079327056
leaf_count=93 15167 1798 1379 144 16205 264 143 69 116 147 82 75 7300 288
internal_value=-0.000282731 -0.0162686 0.00598189 0.0513106 0.000194335 0.00207639 -0.00254959 0.0195229 0.0339612 0.030889 0.0491116 0.0319631 0.0015481 -0.000827528
internal_weight=1895.32 53.9636 26.5915 5.77747 1841.35 1093.37 747.978 31.0746 24.465 19.3595 19.1424 15.417 1074.02 744.67
internal_count=43270 3414 1616 237 39856 24204 15652 485 416 411 300 218 23793 16493
cat_boundaries=0 2 4
cat_threshold=2156683527 21 2546096413 9
is_linear=0
shrinkage=0.05


Tree=279
num_leaves=15
num_cat=2
split_feature=25 29 1 8 25 15 1 33 25 20 11 25 5 24
split_gain=4.458 12.6358 10.3563 8.50167 14.129 8.42436 8.10696 8.72586 9.60584 8.05826 7.67501 9.22561 9.13112 8.14784
threshold=0.98372121969514159 0 2.1008474576271192 33.500000000000007 0.66260718913506345 -0.0070631787659773205 1.6474730737365371 1 0.076154851228588047 -37.994999999999997 7.9923463954651366 0.049129578965662758 0.62057069892473138 0.31479811908325556
decision_type=8 9 10 10 10 10 10 1 10 10 2 10 10 10
left_child=1 2 3 6 -5 -6 7 8 -1 -4 11 -9 13 -13
right_child=-2 -3 9 4 5 -7 -8 10 -10 -11 -12 12 -14 -15
leaf_value=0.033905986068086251 -0.0020667081437090655 -0.0029390601416707397 -0.025471686854516302 0.057021576991127212 0.062977432053955298 -0.01847749648512571 -0.021470919332169998 -0.02510077995498769 -0.03363144422408041 0.0094786936929548652 0.057092453644025848 0.051473833693501725 -0.011684846531325109 0.01726430048467498
leaf_weight=6.6892004022374776 1237.3191661791061 380.68777501169825 28.720187773462385 27.813360622036271 3.0572792319580939 13.586884414078666 16.123830908793025 11.568101137818301 16.072243385948241 36.207385926216375 11.697036861209197 23.835512416553684 17.848569634195883 64.655881576531101
leaf_count=142 20427 12991 1004 521 56 282 763 1238 718 1611 223 697 643 2097
internal_value=-0.000298309 0.00302228 0.0108856 0.0165878 0.035835 -0.000794148 0.0113278 0.014916 -0.0131917 -0.00613318 0.0199156 0.0157783 0.0204177 0.026951
internal_weight=1895.88 658.563 277.875 212.948 44.4575 16.6442 168.49 152.367 22.7614 64.9276 129.605 117.908 106.34 88.4914
internal_count=43413 22986 9995 7380 859 338 6521 5758 860 2615 4898 4675 3437 2794
cat_boundaries=0 2 3
cat_threshold=625809114 19 2
is_linear=0
shrinkage=0.05


Tree=280
num_leaves=15
num_cat=0
split_feature=24 26 25 15 3 55 7 1 15 25 3 15 24 1
split_gain=3.80977 4.67782 3.88367 3.89231 3.84401 4.28139 5.20945 5.90456 3.98507 3.7291 9.85695 5.96359 7.0928 4.27896
threshold=0.06131738484209729 275.00000000000006 -1.0315406331251635 27.74898927503812 0.0030303540706013033 11.500000000000002 23.500000000000004 1.6474730737365371 1.0459060173048929 -0.084817753410772426 0.91096392794640224 0.82891061281473599 0.26799077070292815 1.0579878274319918
decision_type=10 2 10 10 8 2 10 8 10 10 8 8 8 10
left_child=1 4 -2 9 -1 6 -6 8 -8 10 11 12 13 -4
right_child=2 -3 3 -5 5 -7 7 -9 -10 -11 -12 -13 -14 -15
leaf_value=0.036376636776145443 -0.01521235294886472 -0.046344395625998819 0.0079616120169234816 -0.019314953911704947 -0.024468190657803604 0.023292829867266038 -0.020416141579727695 0.070604414087012887 0.033816704498868415 0.00088114176468890323 0.053151815927236251 -0.012581190721954183 -0.017615096854155864 0.081701707034662313
leaf_weight=3.9310691365972152 36.691831986303441 7.2822741619311264 3.3990502494852999 22.264725505840033 38.208094482775778 7.7298922799527636 10.505343602155337 2.1534444335848084 3.8148242733441284 1723.7254720546771 11.518396480474619 24.455927647184577 4.8124142442829916 4.595830142730847
leaf_count=129 689 555 98 317 861 65 377 21 90 39330 141 542 155 50
internal_value=0.000221412 -0.0108529 0.000672278 0.00100531 -0.00632671 -0.00954768 -0.014525 0.00861721 -0.00470447 0.0012713 0.0147632 0.00181794 0.0282333 0.0547214
internal_weight=1905.09 73.6249 1831.46 1794.77 66.3427 62.4116 54.6817 16.4736 14.3202 1772.51 48.7816 37.2632 12.8073 7.99488
internal_count=43420 2098 41322 40633 1543 1414 1349 488 467 40316 986 845 303 148
is_linear=0
shrinkage=0.05


Tree=281
num_leaves=15
num_cat=1
split_feature=29 26 26 2 11 4 19 14 11 15 15 3 24 1
split_gain=4.13878 6.7332 11.1355 7.83929 8.27134 11.4698 7.26295 6.78255 8.96844 14.3293 6.58186 5.99557 9.95897 6.82511
threshold=0 25.500000000000004 16.500000000000004 -0.0028916915658871996 6.0465679826495711 -13.16201424803927 93.430000000000007 0.60250000000000081 7.0046551026923192 0.82891061281473599 -3.3080077499399532 0.97899080064913535 0.30430169983204342 1.3172667440960126
decision_type=9 2 2 2 2 8 8 10 2 10 10 8 10 10
left_child=1 2 3 -1 -5 6 -6 8 9 -7 -4 13 -13 -3
right_child=-2 11 10 4 5 7 -8 -9 -10 -11 -12 12 -14 -15
leaf_value=0.06337740964444441 -0.0016254553502731116 0.0039105564182811683 0.12086145551352784 -0.024459312464691643 0.13001293635163469 -0.027013240032889487 0.0019919592941062252 0.04673407796145479 -0.019432193689763958 0.083538013783759066 0.034364112707829686 -0.023719210889262356 0.0381501108001139 -0.01602987668346589
leaf_weight=4.9755872811656436 1599.0804943903931 119.63215295533882 2.3704803618602464 18.038341475185007 2.2732267559040342 4.7143875251058471 1.7224174248985944 7.2744341231882563 25.08160881861113 5.4006925518624485 10.638551992131394 8.3674342536833155 21.474680087121669 65.667495597619563
leaf_count=64 34730 3673 46 750 85 190 32 106 388 73 190 185 489 2397
internal_value=-0.00061509 0.00469767 0.016907 0.00857326 0.00344297 0.0145617 0.0862721 0.00598586 -0.0034944 0.0342181 0.0576278 0.000177155 0.020596 -0.00320415
internal_weight=1896.71 297.631 82.4897 69.4807 64.5051 46.4668 3.99564 42.4711 35.1967 10.1151 13.009 215.142 29.8421 185.3
internal_count=43398 8668 1924 1688 1624 874 117 757 651 263 236 6744 674 6070
cat_boundaries=0 2
cat_threshold=19804896 16
is_linear=0
shrinkage=0.05


Tree=282
num_leaves=15
num_cat=0
split_feature=8 14 21 22 3 4 7 10 7 2 1 19 7 1
split_gain=4.36486 3.87526 3.64063 3.24115 4.33709 12.7943 9.78414 8.08206 6.30589 6.09946 6.08115 5.85206 4.24456 5.10894
threshold=-10.499999999999998 16.522916666666671 1.2507861874787474 -2.6416666666666662 0.0003213544364343163 -3.4979322232361461 32.500000000000007 10.500000000000002 16.500000000000004 0.15350532177087486 0.65531729933352667 4.4000000000000012 22.500000000000004 0.93600768600768613
decision_type=8 10 10 8 8 10 8 2 10 2 8 8 8 8
left_child=-1 2 3 -2 5 9 7 12 -9 10 11 -5 13 -7
right_child=1 -3 -4 4 -6 6 -8 8 -10 -11 -12 -13 -14 -15
leaf_value=-0.031111729022055525 -0.012607252926896212 -0.023798284484756287 -0.040969019984068558 0.069393139216961094 0.00088674583665030154 0.052433515782378995 -0.019542256190323345 0.010102495640126866 0.11159890987433306 -0.015213646175625678 0.060716827824609867 -0.021949354407094362 -0.040247189789196509 -0.034002322323370922
leaf_weight=9.8068758420413342 41.292307922034524 14.935350442712659 4.1625833225552915 1.456224549561745 1755.3943030978553 3.7603988443734115 30.818378361291252 2.8831822973443186 2.890888882917352 4.1489649484865359 18.931550595210865 5.1567653228994459 3.3712297070305786 1.824623805878218
leaf_count=279 2040 403 646 97 37381 231 1077 117 90 83 320 279 257 84
internal_value=0.000575106 0.000755791 0.000963837 0.00107891 0.00139433 0.0130693 -0.00366762 0.0286758 0.0698913 0.0380261 0.0469207 0.00463788 -0.00224673 0.0233197
internal_weight=1900.83 1891.03 1876.09 1871.93 1830.64 75.2422 45.5487 14.7303 5.77407 29.6935 25.5445 6.61299 8.95625 5.58502
internal_count=43384 43105 42702 42056 40016 2635 1856 779 207 779 696 376 572 315
is_linear=0
shrinkage=0.05


Tree=283
num_leaves=15
num_cat=1
split_feature=24 24 33 7 6 3 31 2 26 25 19 11 50 15
split_gain=4.37779 9.79877 11.1835 15.0728 18.8886 22.1068 15.7602 16.1269 11.6535 9.50943 11.4766 11.6131 11.5949 10.3859
threshold=0.26602567094259483 0.20018269823724433 0 59.500000000000007 17.500000000000004 0.22695041432926163 2.5000000000000004 147.58635818645493 175.50000000000003 3.1173782524036264 93.430000000000007 8.1205886675307024 1.0000000180025095e-35 0.98548681100950619
decision_type=8 10 1 8 8 8 10 2 2 10 10 2 2 10
left_child=1 9 3 6 -5 -6 -3 -8 -4 13 11 12 -11 -1
right_child=-2 2 8 4 5 -7 7 -9 -10 10 -12 -13 -14 -15
leaf_value=-0.00016848666590969831 -0.0022205295898165816 0.050690171429383847 -0.0045671974676590819 -0.024453682728667044 0.020313452516155583 0.10697957690894869 -0.0052779731076796378 0.063735955402724281 0.025541424432878684 0.0033330905452084048 0.040925203972886688 -0.038038966061169695 0.071784082392676266 -0.020511146603291258
leaf_weight=155.38189691212028 1121.1354572149576 18.60230807075277 167.87814611219801 7.0239230040460825 15.53110245941207 14.05869574472308 86.390687790233642 8.3731770701706392 38.693336414173245 111.4879162707366 20.7761225188151 15.154419581871478 5.5587568231858304 104.25837258505635
leaf_count=4508 28995 226 2616 84 201 128 1156 89 1204 1541 214 197 62 2161
internal_value=-0.000228265 0.00267476 0.00873411 0.0190778 0.0465405 0.0636414 0.00987886 0.00142186 0.00116839 -0.00256971 0.00728966 0.00173609 0.00716451 -0.00838442
internal_weight=1890.3 769.169 356.551 149.98 36.6137 29.5898 113.366 94.7639 206.571 412.617 152.977 132.201 117.047 259.64
internal_count=43382 14387 5704 1884 413 329 1471 1245 3820 8683 2014 1800 1603 6669
cat_boundaries=0 1
cat_threshold=2
is_linear=0
shrinkage=0.05


Tree=284
num_leaves=15
num_cat=2
split_feature=3 28 56 11 28 25 3 5 11 11 17 7 8 11
split_gain=3.74785 7.0173 8.0771 9.43266 6.43801 6.22235 6.91458 9.6095 6.06267 7.02549 6.32161 6.23135 6.29229 6.48113
threshold=0.56447217397034166 0 4.7500000000000009 6.599782054720964 1 0.82331279848866135 0.43247670730385912 0.34763272471910123 5.0481879480874055 7.5836284758151322 2.5000000000000004 33.500000000000007 10.500000000000002 9.3126704003420695
decision_type=10 9 2 2 9 8 8 8 2 2 2 10 8 2
left_child=4 2 8 -4 5 6 7 -1 -2 10 -10 12 -11 -14
right_child=1 -3 3 -5 -6 -7 -8 -9 9 11 -12 -13 13 -15
leaf_value=-0.041983449452988597 -0.024851156503769109 -0.010918746252395863 2.9473539858012027e-05 0.057450128652947324 -0.00093789851053818318 -0.038143252475445942 -0.044236232647709442 0.035913810035385858 0.0073131985180209143 0.01096702691491303 -0.025670028105256655 0.021548300199349255 -0.018085771999433481 0.0089429053246305665
leaf_weight=4.6410891902633074 18.094363047392108 78.221768189920112 13.694045797921719 13.973922626581041 963.11208807007642 25.36037037090864 6.1366113703697911 12.619643550598992 554.38928858959116 34.888477866072208 13.957741914549841 19.357921503484249 107.80166390154045 27.199673018418252
leaf_count=371 256 1399 416 230 25438 1470 351 711 9835 444 664 168 1277 310
internal_value=0.000118185 0.00249992 0.00390562 0.0300226 -0.00195729 -0.0178867 -0.00259848 0.0138166 0.00298689 0.00368365 0.00645952 -0.00464293 -0.00773589 -0.0126144
internal_weight=1893.45 881.579 803.357 27.668 1011.87 48.7577 23.3973 17.2607 775.689 757.595 568.347 189.248 169.89 135.001
internal_count=43340 14999 13600 646 28341 2903 1433 1082 12954 12698 10499 2199 2031 1587
cat_boundaries=0 1 2
cat_threshold=4256517 261
is_linear=0
shrinkage=0.05


Tree=285
num_leaves=15
num_cat=1
split_feature=23 27 20 12 12 14 14 1 4 3 1 21 8 21
split_gain=3.22554 3.02771 8.73516 7.00588 7.87971 8.2483 6.46086 5.35755 3.15531 3.77735 10.4519 3.22542 4.91014 3.82583
threshold=26.634166666666669 0 1.2325000000000019 2.5000000000000004 1.0000000180025095e-35 2.2337500000000028 8.8512500000000021 0.83385416666666679 150.3616897539367 1.7786797798976683 2.1008474576271192 0.92652999777653033 59.500000000000007 0.94079699639442749
decision_type=10 9 10 2 2 8 10 10 10 10 8 8 10 8
left_child=1 2 3 4 -1 -6 -4 -7 9 11 -11 12 -3 -13
right_child=-2 8 6 -5 5 7 -8 -9 -10 10 -12 13 -14 -15
leaf_value=0.011567321900490223 -0.031413478934573115 -0.041602357409977475 -0.042789487518830466 -0.015077512676957262 0.0024823857461353984 0.025919145361238006 0.043982849330818148 0.1343358303976081 -0.042789492835328104 -0.022955680800507122 0.088377113360506146 0.015545420736469986 0.047625124223775683 2.7466623106619386e-05
leaf_weight=8.5110883496236145 6.9164236924261777 8.047081012395207 7.243346657487562 5.1320714363828293 2.6836933805607259 2.1886720021720958 2.0033008840400726 4.2079080012626946 3.2461179269012055 3.522486630594357 3.2695230557583272 39.612871457822621 0.99075641378294754 1804.522748236137
leaf_count=242 2272 915 270 123 92 85 40 66 71 121 60 635 43 38480
internal_value=0.000436569 0.00056931 0.0136916 0.0340997 0.0484859 0.0785098 -0.0215324 0.105759 0.000262077 0.000361574 0.0351015 0.000215388 -0.0280509 0.000369044
internal_weight=1902.1 1895.18 31.9701 22.7234 17.5914 9.08027 9.24665 6.39658 1863.21 1859.97 6.79201 1853.17 9.03784 1844.14
internal_count=43515 41243 918 608 485 243 310 151 40325 40254 181 40073 958 39115
cat_boundaries=0 1
cat_threshold=11714
is_linear=0
shrinkage=0.05


Tree=286
num_leaves=15
num_cat=1
split_feature=14 13 20 29 53 4 4 11 13 14 8 3 24 26
split_gain=4.31001 4.7099 4.81811 3.09836 9.99756 6.4635 7.69431 8.81373 6.15955 6.15551 5.32562 6.04418 6.73422 9.19609
threshold=-3.8362499999999997 -12.744999999999999 -84.444999999999979 0 31.500000000000004 -17.218299234297216 0.12568063911407282 7.9660870916066848 5.4999999999999991 0.81500000000000028 12.500000000000002 0.84915956385769364 0.48175269211427346 95.500000000000014
decision_type=8 8 8 9 8 8 8 2 8 10 8 10 10 2
left_child=-1 2 -2 8 5 -5 7 9 10 -7 -3 -12 -13 -14
right_child=1 3 -4 4 -6 6 -8 -9 -10 -11 11 12 13 -15
leaf_value=-0.030179076220897851 0.072642525114511136 0.0065497421122445113 -0.00031884081941500056 -0.040035943877034436 0.0012757698527241204 0.041750299317787988 0.011996576430915401 -0.0055226076336285027 0.0010081669053360425 0.11578615525290875 -0.019171692874816619 -0.0060143973919709048 -0.027835778716208945 0.079341923429928768
leaf_weight=10.274242770101408 3.6066282372921705 46.538714849739335 4.4299725475721043 3.0787456904072315 969.79421857732814 10.729278935235927 37.302224082755856 5.164163419045507 630.80915089137852 4.2274172401521346 116.60526224790374 63.512093954836018 2.4949601404368869 4.5303623138461262
leaf_count=304 50 1687 66 152 20338 177 616 62 15179 68 3820 874 32 234
internal_value=0.000645441 0.000827641 0.0368397 0.000655547 0.00249269 0.0220663 0.0260242 0.050231 -0.00154525 0.0686209 -0.00847882 -0.0122311 -0.000649964 0.0425534
internal_weight=1913.1 1902.82 8.0366 1894.79 1030.3 60.5018 57.4231 20.1209 864.491 14.9567 233.681 187.143 70.5374 7.02532
internal_count=43659 43355 116 43239 21413 1075 923 307 21826 245 6647 4960 1140 266
cat_boundaries=0 2
cat_threshold=1419765008 9
is_linear=0
shrinkage=0.05


Tree=287
num_leaves=15
num_cat=2
split_feature=24 29 30 11 26 7 29 26 20 24 11 5 17 11
split_gain=4.02671 9.20773 11.6477 11.1413 9.57875 9.53161 8.26118 9.29781 8.41258 8.34017 10.2133 8.04536 8.03261 7.62952
threshold=0.41982262910970908 0 1.5000000000000002 5.294259131745501 1108.5000000000002 23.500000000000004 1 316.50000000000006 -41.969999999999992 0.34885468225292909 4.9111463135739859 0.054412413793103458 1.5000000000000002 5.3565155171736363
decision_type=8 9 2 2 2 10 9 2 8 10 2 10 2 2
left_child=6 -2 3 4 -3 -4 -1 9 11 13 -11 -9 -13 -8
right_child=1 2 5 -5 -6 -7 7 8 -10 10 -12 12 -14 -15
leaf_value=0.0073700006080587386 -0.016189788834833543 0.087163690293948881 -0.016016761357798014 0.0070798192481082477 -0.022031979390076891 0.018103043782630706 -0.013015074706929655 -0.0092614730842227443 -0.020731492502250745 0.080384972343773967 0.0089888109049338985 0.0045855905350055568 0.10176042329678957 0.00090315806742016216
leaf_weight=457.60245255561313 97.981091757945251 7.0172988647827861 106.85017141397111 130.75319209607551 2.2172908263746649 24.383120147278532 113.84651758713881 14.317058007873131 91.2568480183254 4.1988867977634063 157.76139595929999 4.5879560854518777 3.1312253191135824 689.46843783149961
leaf_count=10166 4671 200 3186 3780 83 551 2022 251 3021 87 3877 118 51 11398
internal_value=0.000706807 -0.00397501 0.00103757 0.0110699 0.0613541 -0.00958835 0.00183388 -0.000582439 -0.0140731 0.00100784 0.0113217 0.0132036 0.0511538 -0.00108308
internal_weight=1905.37 369.202 271.221 139.988 9.23459 131.233 1536.17 1078.57 113.293 965.275 161.96 22.0362 7.71918 803.315
internal_count=43462 12471 7800 4063 283 3737 30991 20825 3441 17384 3964 420 169 13420
cat_boundaries=0 2 4
cat_threshold=1113129028 57 3262982150 21
is_linear=0
shrinkage=0.05


Tree=288
num_leaves=15
num_cat=0
split_feature=20 17 5 21 24 11 20 20 4 2 54 18 14 15
split_gain=3.18879 6.73528 5.24351 5.52351 5.18914 5.58052 6.05417 7.51458 12.3696 6.88209 5.14356 5.997 5.47376 5.43705
threshold=-67.944999999999993 5.5000000000000009 0.21005147058823534 0.99578700303606482 0.42317797809127294 5.6924349843962441 -3.9975000000000018 -10.9975 1.0000000180025095e-35 127.38331855484246 85.500000000000014 -0.51374999999999782 1.0024999999999997 1.2722810260689361
decision_type=8 2 8 8 10 2 10 8 10 2 8 8 8 8
left_child=1 10 3 -2 5 -5 7 9 -9 -7 13 12 -12 -1
right_child=2 -3 -4 4 -6 6 -8 8 -10 -11 11 -13 -14 -15
leaf_value=-0.022858549789507254 -0.023712075541230462 0.041365379228490234 -0.00058649408253718272 -0.0076382812850688308 -0.010161690298582254 0.030964801552898616 -0.036057425508261638 0.004623529753298646 0.12384321515211766 -0.034324734221957719 -0.024602938193366869 -0.03068829154034447 0.022551637100149333 0.038751206846850461
leaf_weight=5.2066989822196756 8.674239249667151 4.9887906333897254 1737.2342821840721 11.652229695464483 14.065056673600337 34.412569958949462 2.4615641515702071 3.7595832437509582 4.4404870606958866 3.7222440857440224 10.328709556604734 41.435772223689128 12.476339183864186 7.7438574496190995
leaf_count=121 515 108 38441 444 754 845 266 153 130 49 304 1045 195 105
internal_value=-0.000433692 -0.0100072 3.74635e-06 0.0121904 0.0166286 0.022926 0.0302313 0.0344403 0.075627 0.0238778 -0.0138139 -0.019575 0.00105835 0.0141184
internal_weight=1902.6 82.1802 1820.42 83.188 74.5137 60.4487 48.7964 46.3349 8.20007 38.1348 77.1914 64.2408 22.805 12.9506
internal_count=43475 1878 41597 3156 2641 1887 1443 1177 283 894 1770 1544 499 226
is_linear=0
shrinkage=0.05


Tree=289
num_leaves=15
num_cat=1
split_feature=6 28 25 0 15 25 3 8 7 8 15 25 25 13
split_gain=5.44972 10.9633 7.3878 9.50708 15.3018 6.87685 11.6483 9.23147 8.20904 8.19024 6.51004 9.20442 9.11711 8.75358
threshold=2.5000000000000004 0 4.9615152416896704 5.8400000000000007 0.48777841751335776 2.867928307465768 0.021064992052550243 12.500000000000002 41.500000000000007 1.5000000000000002 15.352625269306333 1.1494778090845041 0.48094270177579751 4.7175000000000002
decision_type=10 9 10 10 10 8 10 8 8 10 8 10 10 10
left_child=-1 5 -3 4 -4 6 7 9 10 -2 11 12 -8 -14
right_child=1 2 3 -5 -6 -7 8 -9 -10 -11 -12 -13 13 -15
leaf_value=0.0012947229776229673 0.037605511673055043 -0.012144896824278046 -0.001740883023563242 -0.026334677362834687 0.081608453836126443 -0.0092603197607386434 0.0037595974402834932 -0.037617836222832372 -0.04162819091563251 0.12149157200897581 -0.014526228383084778 0.0015051594523487395 0.088512969210762737 0.00366985533353467
leaf_weight=1410.6856166971847 14.87897947127931 314.26023799955146 14.110394654097041 9.8381297888699901 7.9883039304986587 46.52675361558795 10.087989762891086 2.1907548122108009 7.4459190797060719 3.2758295945823184 19.162615523673594 34.466555600520223 10.199423846323041 4.2954029054380944
leaf_count=27605 437 12204 261 180 97 706 251 45 344 57 470 619 196 113
internal_value=-0.0002939 -0.00478103 -0.00953817 0.0128063 0.0306171 0.00622389 0.0136249 0.0466882 0.00532348 0.0582942 0.0102625 0.0184148 0.0411375 0.06523
internal_weight=1909.41 498.727 346.197 31.9368 22.0987 152.53 106.003 20.3456 85.6579 18.1548 78.212 59.0494 24.5828 14.4948
internal_count=43585 15980 12742 538 358 3238 2532 539 1993 494 1649 1179 560 309
cat_boundaries=0 1
cat_threshold=1708594
is_linear=0
shrinkage=0.05


Tree=290
num_leaves=15
num_cat=2
split_feature=8 29 8 25 55 8 11 8 29 25 25 8 3 11
split_gain=4.21373 8.39004 7.53605 6.53919 4.71472 4.3047 3.65479 3.60524 11.3233 9.80895 13.9773 7.09741 8.82668 7.96225
threshold=123.50000000000001 0 108.50000000000001 3.6666117960989237 9.5000000000000018 97.500000000000014 5.9357139062946596 70.500000000000014 1 0.47664679774833746 0.63054578246266157 77.500000000000014 0.81661223321394816 7.8572079739577809
decision_type=10 9 10 10 2 10 2 10 9 8 10 10 8 2
left_child=2 3 5 -2 -4 7 -3 -1 -9 -10 -11 12 13 -12
right_child=1 6 4 -5 -6 -7 -8 8 9 10 11 -13 -14 -15
leaf_value=-0.00064632009772110858 -0.02102204383591523 4.2901780170034927e-05 0.058622788315884647 0.035262582036326671 0.0042394682685601799 -0.025807853071119241 -0.052102403508230782 -0.017487763866238883 -0.026312334142658069 0.090214232264429289 0.12431542886441588 0.0054541953367280727 -0.0012528443365910974 0.023204270812199803
leaf_weight=1742.7177732308919 7.5370911583304432 4.0911561233224374 7.788800116395576 12.432701177895067 7.5991395448800176 15.511949093663132 17.766597854322754 20.922731413156725 8.1052679829881509 7.3313030860736026 3.6894869785173769 31.623085416038521 5.5983781623654076 4.3062174106016755
leaf_count=41321 76 75 83 85 109 288 230 451 297 95 61 334 61 45
internal_value=-0.00045062 -0.0159561 -9.26226e-05 0.00949973 0.0336638 -0.000393092 -0.0297515 -0.00016297 0.0100456 0.019368 0.0303906 0.018949 0.0478163 0.0784933
internal_weight=1897.02 41.8275 1855.19 19.9698 15.3879 1839.81 21.8578 1824.29 81.5765 60.6537 52.5485 45.2172 13.5941 7.9957
internal_count=43611 466 43145 161 192 42953 305 42665 1344 893 596 501 167 106
cat_boundaries=0 2 4
cat_threshold=35132422 18 34128196 18
is_linear=0
shrinkage=0.05


Tree=291
num_leaves=15
num_cat=1
split_feature=29 1 19 24 7 15 25 24 55 7 25 15 1 55
split_gain=3.85796 6.81399 6.96206 8.03893 13.4024 10.9592 12.727 17.8684 7.89916 8.15938 7.08201 7.00644 8.8315 8.26149
threshold=0 0.79187293729372954 40.100000000000009 0.3582826996083886 15.500000000000002 -1.0000000180025095e-35 0.97964723094598882 0.42887910593178608 1.0000000180025095e-35 31.500000000000004 1.740693077510159 -0.030385991031213585 0.44499449944994501 5.5000000000000009
decision_type=9 8 8 10 10 10 8 10 2 8 10 10 10 2
left_child=-1 2 8 -4 -5 -6 7 -7 -2 11 -8 12 -10 -13
right_child=1 -3 3 4 5 6 10 -9 9 -11 -12 13 -14 -15
leaf_value=0.0031244774102040952 -0.018280560167297628 -0.0035165121207872112 0.0047347063220668055 -0.0076067365432959336 0.013785439668921871 0.18484102813308154 -0.02700574898127291 0.0079898620445280292 0.13762561081663988 -0.025700653802754221 0.058208722518552782 -0.016861911779878138 0.014604537729204108 0.056018312126697035
leaf_weight=711.16432195069501 51.096473025158048 929.29809012979968 134.71561361080967 16.297282379644457 13.913953499635683 3.6194083830341697 2.6986052696593124 2.2033291152329184 2.0064571371767714 8.2042473370675015 7.7569206776097417 9.4154256578767619 3.3624509740620852 5.2614906057715425
leaf_count=18160 2625 17070 3309 482 583 112 103 101 78 280 107 304 84 79
internal_value=0.000238996 -0.00150045 0.00561875 0.011009 0.0287077 0.0479251 0.0746195 0.1289 -0.00667479 0.0142241 0.0357771 0.0310091 0.07497 0.0111715
internal_weight=1901.01 1189.85 260.552 181.205 46.4895 30.1922 16.2783 5.82274 79.3465 28.2501 10.4555 20.0458 5.36891 14.6769
internal_count=43477 25317 8247 4797 1488 1006 423 213 3450 825 210 545 162 383
cat_boundaries=0 2
cat_threshold=3688158 39
is_linear=0
shrinkage=0.05


Tree=292
num_leaves=15
num_cat=2
split_feature=23 29 3 22 29 7 10 43 22 10 2 32 3 2
split_gain=3.97102 6.30158 5.50584 4.4781 5.63116 5.86273 5.7492 6.09537 5.10781 6.14383 4.58324 6.18193 4.13781 11.1168
threshold=0.40458333333333346 0 0.41409883353554616 0.8633333333333334 1 35.500000000000007 13.500000000000002 1.0000000180025095e-35 1.8133333333333337 4.5000000000000009 19.287917298298819 0.70000000000000007 0.014849449902903785 0.042101073194633638
decision_type=8 9 10 8 9 8 2 2 8 2 2 2 8 2
left_child=1 2 -1 4 10 -6 -7 -8 9 -5 11 -2 13 -10
right_child=3 -3 -4 8 5 6 7 -9 12 -11 -12 -13 -14 -15
leaf_value=0.030806475875255368 0.063159077617334483 -0.018475678739994186 -0.011686350205770279 0.037928054265852232 0.054618505847161707 -0.03558343589071572 0.040954515145212221 -0.018886471969408753 0.017268380979658677 -0.039173883173534638 -0.043859908995840358 -0.014634589133013957 0.00020579857619033951 -0.011634031689310563
leaf_weight=15.275149614317344 2.4815453309565791 51.630099855887238 13.57470424287021 2.2992033958435085 13.045226102170998 4.0505806502769728 13.913665812520778 5.2691687401384106 110.61255144351162 13.735570538789032 6.3845071790274224 8.6726429112022743 1593.5045791740704 46.581138648209162
leaf_count=426 20 1903 292 58 272 124 173 52 3713 390 108 374 34706 784
internal_value=0.0006614 -0.0101384 0.00830756 0.00114412 0.0152186 0.0228389 0.0129021 0.024396 0.000707028 -0.0265408 -0.00860403 0.00644519 0.000971602 0.00868434
internal_weight=1901.03 80.48 28.8499 1820.55 53.8173 36.2786 23.2334 19.1828 1766.73 16.0348 17.5387 11.1542 1750.7 157.194
internal_count=43395 2621 718 40774 1123 621 349 225 39651 448 502 394 39203 4497
cat_boundaries=0 2 4
cat_threshold=1157712072 48 51232848 24
is_linear=0
shrinkage=0.05


Tree=293
num_leaves=15
num_cat=2
split_feature=7 29 9 7 28 3 20 31 2 15 25 7 3 13
split_gain=3.69523 11.6513 6.95868 10.2799 6.11443 12.9956 7.64395 7.31079 6.59336 12.8389 13.2497 9.77321 8.48872 10.3272
threshold=20.500000000000004 0 2.5000000000000004 46.500000000000007 1 0.88253427181008071 -78.164999999999978 2.5000000000000004 8.1012264307550073 8.1117056103989871 0.28241111057723817 21.500000000000004 0.35831143949637528 21.007500000000004
decision_type=10 9 2 10 9 10 8 8 2 8 8 10 8 8
left_child=-1 2 -2 -4 5 -3 -6 -8 9 11 -11 -9 -10 -14
right_child=1 4 3 -5 6 -7 7 8 12 10 -12 -13 13 -15
leaf_value=-0.0013944079868037631 -0.019563497391495346 -0.0079287492363817828 -0.0068909432391570068 0.05511457581984093 -0.035078752145940362 0.060481710226754463 -0.034666671115358351 0.11900873199962239 -0.0084051002233298672 0.065951523282032715 -0.0037497621486584903 0.033605735859963917 -0.017041974093253805 0.036403760380361604
leaf_weight=1476.3251353109372 71.970317753613926 86.573719407431781 29.544487414881587 7.5768276439048341 6.8962763632298447 6.5413657147437325 6.2102077365852892 2.7553897543111807 46.208276407560334 6.9403420354356058 47.625720442738384 64.916731972189154 11.755014939233659 32.064337117597461
leaf_count=33672 2624 2553 369 97 125 44 105 78 600 288 1377 1182 126 262
internal_value=-0.000208698 0.00387897 -0.00970365 0.00687877 0.00858234 -0.00228819 0.0129711 0.0152317 0.0168473 0.0243711 0.00614301 0.0387654 0.00647611 0.022006
internal_weight=1903.9 427.579 109.092 37.1213 318.487 93.1151 225.372 218.476 212.266 122.238 54.5661 67.6721 90.0276 43.8194
internal_count=43502 9830 3090 466 6740 2597 4143 4018 3913 2925 1665 1260 988 388
cat_boundaries=0 2 3
cat_threshold=2204371034 9 8529029
is_linear=0
shrinkage=0.05


Tree=294
num_leaves=15
num_cat=1
split_feature=26 31 14 7 4 26 25 2 33 9 30 25 5 11
split_gain=4.00713 6.57805 6.97516 9.17151 5.64419 7.13824 11.2715 8.47712 10.2547 8.82177 8.16341 7.27604 5.88505 5.73726
threshold=1128.5000000000002 7.0000000000000009 2.4987499999999998 -6.4999999999999991 9.3508528367139281 294.50000000000006 0.88998503076381941 16.517853953520838 0 6.5000000000000009 1.5000000000000002 1.4776741455922939 0.21383548387096776 9.8239316041237661
decision_type=2 10 8 8 10 2 10 2 1 2 2 10 8 2
left_child=4 2 -2 -4 5 -1 -7 9 -9 10 11 12 -8 -6
right_child=1 -3 3 -5 13 6 7 8 -10 -11 -12 -13 -14 -15
leaf_value=-7.3915727873506042e-05 -0.016135942717175288 -0.033580983511780821 0.086237072660922787 0.010556565860915912 0.0094252237966753021 -0.035566178396486785 -0.03193437799628885 0.044016286510070363 -0.040616921030217072 0.081347974147761584 -0.027309113215278947 -0.020484594867430515 0.027320576081855487 -0.045900074343810424
leaf_weight=1372.0715569176828 23.534775989188347 8.5274551561451499 3.1229243549169041 177.16493657382671 182.2743872833089 36.140181839698926 3.8593942159786812 3.4006640780717134 21.601859804941345 2.6259252100717267 17.577223633881658 13.051158957649021 37.513488722615875 3.8310577617958179
leaf_count=26999 1398 260 99 5391 2834 3518 189 64 392 53 703 614 918 50
internal_value=0.000669151 0.0071269 0.00898566 0.012336 -0.000144108 -0.00115977 -0.0120525 -0.00325437 -0.0278556 0.0052472 0.00139544 0.0109916 0.0211699 0.0080471
internal_weight=1906.3 212.35 203.823 180.288 1693.95 1507.84 135.77 99.6297 25.0025 74.6272 72.0013 54.424 41.3729 186.105
internal_count=43482 7148 6888 5490 36334 33450 6451 2933 456 2477 2424 1721 1107 2884
cat_boundaries=0 1
cat_threshold=2
is_linear=0
shrinkage=0.05


Tree=295
num_leaves=15
num_cat=2
split_feature=15 15 11 3 11 3 6 7 26 28 29 7 11 6
split_gain=4.49724 7.20371 12.2023 6.97289 6.3266 4.69285 4.48052 4.95915 4.02615 6.64717 10.0246 10.0732 11.1958 7.6758
threshold=16.647120610476851 13.441392576143281 7.6789369981763249 0.71421445888269286 5.5120364527573216 0.44570932033118837 -33.499999999999993 8.5000000000000018 1381.5000000000002 0 1 14.500000000000002 6.1346445176122657 1.5000000000000002
decision_type=10 10 2 10 2 10 8 10 2 9 9 8 2 8
left_child=1 8 5 -2 -5 -3 -6 -8 9 10 13 -12 -13 -1
right_child=3 2 -4 4 6 -7 7 -9 -10 -11 11 12 -14 -15
leaf_value=0.018058023595060486 -0.035064967821543114 0.048346397158599348 0.10453528921983501 0.028752836886096946 0.020927881422072223 0.0024909152261430069 -0.03334195983657362 0.0078864019182538752 0.0070289209254866623 0.00034130658716539388 -0.028930580797374202 0.015828771569403252 -0.030019778100481523 -0.033582499125923995
leaf_weight=44.084623644594103 21.960553215816617 6.0225832001306108 3.0204465296119443 11.835839594074058 7.6182787467259914 27.753545791143551 21.033189534675333 10.414336329326032 179.11627283965936 1423.2753541102866 79.334266328369267 34.99026012327522 20.135395109187812 7.6142252411809741
leaf_count=1506 499 142 35 134 76 436 334 143 6154 23902 5452 2261 1440 949
internal_value=-9.34012e-05 0.00039582 0.0219972 -0.0121888 -0.0018339 0.0118225 -0.0115872 -0.0198663 -6.06368e-05 -0.000853519 -0.00945463 -0.0164232 -0.00115452 0.008371
internal_weight=1898.21 1825.35 36.7966 72.8622 50.9016 33.7761 39.0658 31.4475 1788.55 1609.43 186.159 134.46 55.1257 51.6988
internal_count=43463 42277 613 1186 687 578 553 477 41664 35510 11608 9153 3701 2455
cat_boundaries=0 1 3
cat_threshold=8421705 553911304 12
is_linear=0
shrinkage=0.05


Tree=296
num_leaves=15
num_cat=1
split_feature=6 11 29 2 3 2 32 4 14 15 11 8 2 55
split_gain=4.07472 11.9554 12.2049 17.3725 14.1195 10.7519 10.7328 15.805 10.2987 13.2903 10.2517 10.5144 7.97072 7.66485
threshold=-28.499999999999996 7.3286703911603253 0 0.084340701873308901 0.51046278354081798 23.126932221314071 0.90000000000000013 -7.5916838209646125 -2.4875000000000003 3.1993354824067564 6.115847974154339 57.500000000000007 -1.0000000180025095e-35 7.5000000000000009
decision_type=8 2 9 2 10 2 2 10 10 10 2 8 2 2
left_child=1 2 6 -4 5 -5 7 -1 9 10 12 -12 -8 -14
right_child=-2 -3 3 4 -6 -7 8 -9 -10 -11 11 -13 13 -15
leaf_value=-0.026280482729207185 -0.0014223179536885895 -0.0082945959964306065 -0.023271086761388091 0.12479058852092495 0.0013760508309517932 0.028281731417008623 0.061905995648824576 0.047672680499190455 0.0064436933504814931 0.062881028467760378 0.08736658218963099 0.0216764481803213 -0.029409756146977176 0.029527305590300312
leaf_weight=25.15943719597999 1471.1681292675785 132.87649611110101 55.945947283762507 3.1624869749648488 53.738307632622309 12.510606057127005 3.2778839303646263 8.993636431754565 48.175028934259899 28.544947403948754 7.7817021748051047 23.38090821221704 17.23561091104057 6.9901376337511456
leaf_count=710 34963 1749 1662 64 724 192 49 196 1602 384 170 351 599 116
internal_value=-0.000173099 0.00411643 0.0097178 -0.00255453 0.0138737 0.0540717 0.0178565 -0.006004 0.0251848 0.0353468 0.0211203 0.0402865 -0.00124724 -0.0119076
internal_weight=1898.94 427.773 294.897 125.357 69.4114 15.6731 169.539 34.1531 135.386 87.2112 58.6662 31.1626 27.5036 24.2257
internal_count=43531 8568 6819 2642 980 256 4177 906 3271 1669 1285 521 764 715
cat_boundaries=0 2
cat_threshold=1669907486 24
is_linear=0
shrinkage=0.05


Tree=297
num_leaves=15
num_cat=0
split_feature=19 5 15 11 11 26 55 55 6 11 26 4 23 11
split_gain=3.62797 6.52361 5.75471 5.54816 13.9397 10.6965 9.38233 12.7525 10.2349 10.8472 10.11 7.7444 6.8629 6.72166
threshold=87.500000000000014 0.70298749999999999 0.12567393362086401 6.4767877134138354 6.1741506194355678 3602.0000000000005 6.5000000000000009 2.5000000000000004 -16.499999999999996 6.0557413096764838 89.500000000000014 -15.420708957983928 1.1336111111111113 5.541734003496507
decision_type=10 10 10 2 2 2 2 2 8 2 2 10 10 2
left_child=3 2 -2 4 6 -6 7 -1 9 11 12 -8 -10 -13
right_child=1 -3 -4 -5 5 -7 8 -9 10 -11 -12 13 -14 -15
leaf_value=0.0012935226343036331 -0.01140361125840487 -0.030716526983008058 0.0019973775635080933 0.0042311074510974229 -0.018825002575900741 0.045905215945464678 -0.03285077533903099 -0.025196706072388938 0.0057714506204277535 0.11854632430626909 -0.0010883640689688162 0.097220153757104272 0.075543205916392048 0.009281665486409775
leaf_weight=511.88473212227109 122.55203601613175 21.143734324432444 227.17460476385895 737.31579890416469 136.59492683957797 5.7585717737674704 3.3875431739143087 48.849810682004318 6.4627094343304616 3.5650463975034645 58.04436513944529 3.0662372391670925 7.2531988238915801 5.1807486834004521
leaf_count=14104 3347 399 3879 15146 3736 129 105 1502 92 41 785 56 62 99
internal_value=3.68239e-05 -0.0043923 -0.00271775 0.00111446 -0.00179583 -0.0159045 0.00132479 -0.00105499 0.0165076 0.0524534 0.00827762 0.0244215 0.0452941 0.0489552
internal_weight=1898.23 370.87 349.727 1527.36 790.048 142.353 647.694 560.735 86.9598 15.1996 71.7603 11.6345 13.7159 8.24699
internal_count=43482 7625 7226 35857 20711 3865 16846 15606 1240 301 939 260 154 155
is_linear=0
shrinkage=0.05


Tree=298
num_leaves=15
num_cat=2
split_feature=3 4 11 7 11 2 3 29 11 11 11 24 29 24
split_gain=3.19493 11.4414 9.74221 8.58901 8.038 7.64329 6.40955 5.97984 7.32617 9.29595 4.41133 4.00588 8.46169 8.09429
threshold=0.0003213544364343163 -3.4979322232361461 5.6238369681821281 34.500000000000007 5.5882780767260236 1.0148819293611668 1.0000000180025095e-35 0 5.4781148966710704 5.9055253090705753 8.5104702351732104 0.25863001091148652 1 0.2858380787323595
decision_type=8 10 2 8 2 2 8 9 2 2 2 8 9 8
left_child=1 2 -1 6 -5 10 7 8 -3 -10 -4 -2 -13 -14
right_child=11 3 5 4 -6 -7 -8 -9 9 -11 -12 12 13 -15
leaf_value=-0.021303516075475371 0.0028941983368221051 -0.031593639527774345 0.062423371174089332 0.030403251633016794 -0.03132846085759685 -0.019655304186292095 0.094376411212401826 -0.017235084622937921 0.13383427887215471 0.01617558839909913 -0.0083224446561516591 0.0039063637460326909 -0.016764211071433971 -0.0028319356469510373
leaf_weight=6.2198758142185389 647.87673306604847 1.5373640623292884 20.641476575168788 5.6492310675675972 27.07491524174111 3.4246110372478133 1.689429742284118 6.841142705408858 2.4213747391477227 3.9263357398449443 2.209002745570614 393.43362649797928 123.49585113511421 645.11552265475621
leaf_count=261 12080 68 672 167 1068 97 28 591 64 193 33 9249 1747 17061
internal_value=0.000185369 0.00979987 0.0323467 -0.00545757 -0.0200861 0.0453623 0.0231828 0.00953347 0.0242212 0.0731634 0.055522 -0.000253456 -0.00200935 -0.00502408
internal_weight=1891.56 81.6348 32.495 49.1398 32.7241 26.2751 16.4156 14.7262 7.88507 6.34771 22.8505 1809.92 1162.05 768.611
internal_count=43379 3242 1063 2179 1235 802 944 916 325 257 705 40137 28057 18808
cat_boundaries=0 2 4
cat_threshold=536903696 45 2816626932 10
is_linear=0
shrinkage=0.05


Tree=299
num_leaves=15
num_cat=0
split_feature=11 24 16 3 13 11 7 19 14 8 11 25 3 8
split_gain=3.82992 10.748 6.57792 7.81456 6.91552 6.70277 8.47186 7.75478 7.74222 6.42133 5.53139 9.17642 14.7595 14.5563
threshold=7.7712773896642 0.61008673180796469 -0.30000000000000243 0.88253427181008071 4.0875000000000012 8.5649694139895463 16.500000000000004 57.985000000000007 1.0874999999999992 25.500000000000004 8.8360734256161795 3.8362421840912178 0.32658130749496234 12.500000000000002
decision_type=2 10 8 8 10 2 8 8 8 8 2 10 10 8
left_child=-1 2 -2 5 -5 6 7 -4 9 -7 11 12 13 -10
right_child=1 -3 3 4 -6 8 -8 -9 10 -11 -12 -13 -14 -15
leaf_value=0.0005094143449171707 -0.028530597149580422 0.065808499171301646 0.024942176983966821 0.015774659828224229 -0.03889305102465003 0.090052586092728856 -0.0075642830656617137 -0.042888317243690542 0.006150367814915258 0.0035557415041818871 -0.011703721909069787 -0.021600904056983491 -0.0053515788039181353 0.13237522345527566
leaf_weight=1567.0436230438645 29.795673073618673 4.2233676365576676 4.1198653315659604 60.892654296127148 5.428191057406365 3.2790292575955391 93.527539881295525 34.646430678432807 4.0775104318745488 4.4763899862300605 60.114811574108899 10.763219635933636 10.868317525251767 4.5059569359291345
leaf_count=38006 555 69 134 591 54 61 1618 649 119 73 1154 124 190 60
internal_value=-0.00052345 -0.00540425 -0.00652355 -0.00422511 0.010789 -0.00857527 -0.0158758 -0.0352337 0.00133229 0.0462354 -0.00298698 0.0141749 0.034059 0.0793117
internal_weight=1897.76 330.719 326.496 296.7 66.3208 230.379 132.294 38.7663 98.0852 7.75542 90.3298 30.215 19.4518 8.58347
internal_count=43457 5451 5382 4827 645 4182 2401 783 1781 134 1647 493 369 179
is_linear=0
shrinkage=0.05


end of trees

feature_importances:
state=440
agency_cost_optimism=246
log_cost=243
expenditure_ratio=234
agency_slip_rate=210
agency_n=191
burn_gap=190
elapsed_ratio=178
cost_variation_pct=178
spend_velocity_2q=177
months_to_anticipated_completion=176
sector=158
sector_actual_target_ratio=130
months_to_scheduled_completion=129
physical_progress_pct=123
slip_to_date_months=112
expected_progress_scurve=93
progress_velocity_4q=90
ext_remark_quarters=90
months_since_last_revision=86
spi=82
scurve_deviation=81
sector_trend_4q=75
sector_yoy_growth=56
acceleration=48
ext_months_since_first_land=46
velocity_vs_sector_median=42
revisions_so_far=39
progress_velocity_2q=35
obs_count_in_quarter=32
months_since_last_obs=26
ministry=23
ext_months_since_first_forest_env=21
ext_ever_utility_shifting=17
stagnation_quarters=15
ext_open_total=14
dq_score=12
period_type=12
cost_band=8
ext_ever_litigation=8
ext_ever_inter_agency=6
fc_expected_complexity=6
ext_open_forest_env=5
ext_open_litigation=4
ext_open_funding=4
ext_ever_law_order=4
ext_ever_funding=2
ext_open_land=1
ext_ever_forest_env=1
ext_ever_weather=1

parameters:
[boosting: gbdt]
[objective: binary]
[metric: binary_logloss]
[tree_learner: serial]
[device_type: cpu]
[data_sample_strategy: bagging]
[data: ]
[valid: ]
[num_iterations: 300]
[learning_rate: 0.05]
[num_leaves: 15]
[num_threads: 8]
[seed: 0]
[deterministic: 0]
[force_col_wise: 0]
[force_row_wise: 0]
[histogram_pool_size: -1]
[max_depth: -1]
[min_data_in_leaf: 50]
[min_sum_hessian_in_leaf: 0.001]
[bagging_fraction: 0.8]
[pos_bagging_fraction: 1]
[neg_bagging_fraction: 1]
[bagging_freq: 1]
[bagging_seed: 7719]
[bagging_by_query: 0]
[feature_fraction: 0.8]
[feature_fraction_bynode: 1]
[feature_fraction_seed: 2437]
[extra_trees: 0]
[extra_seed: 11797]
[early_stopping_round: 0]
[early_stopping_min_delta: 0]
[first_metric_only: 0]
[max_delta_step: 0]
[lambda_l1: 0]
[lambda_l2: 1]
[linear_lambda: 0]
[min_gain_to_split: 0]
[drop_rate: 0.1]
[max_drop: 50]
[skip_drop: 0.5]
[xgboost_dart_mode: 0]
[uniform_drop: 0]
[drop_seed: 21238]
[top_rate: 0.2]
[other_rate: 0.1]
[min_data_per_group: 100]
[max_cat_threshold: 32]
[cat_l2: 10]
[cat_smooth: 10]
[max_cat_to_onehot: 4]
[top_k: 20]
[monotone_constraints: ]
[monotone_constraints_method: basic]
[monotone_penalty: 0]
[feature_contri: ]
[forcedsplits_filename: ]
[refit_decay_rate: 0.9]
[cegb_tradeoff: 1]
[cegb_penalty_split: 0]
[cegb_penalty_feature_lazy: ]
[cegb_penalty_feature_coupled: ]
[path_smooth: 0]
[interaction_constraints: ]
[verbosity: -1]
[saved_feature_importance_type: 0]
[use_quantized_grad: 0]
[num_grad_quant_bins: 4]
[quant_train_renew_leaf: 0]
[stochastic_rounding: 1]
[linear_tree: 0]
[max_bin: 255]
[max_bin_by_feature: ]
[min_data_in_bin: 3]
[bin_construct_sample_cnt: 200000]
[data_random_seed: 38]
[is_enable_sparse: 1]
[enable_bundle: 1]
[use_missing: 1]
[zero_as_missing: 0]
[feature_pre_filter: 1]
[pre_partition: 0]
[two_round: 0]
[header: 0]
[label_column: ]
[weight_column: ]
[group_column: ]
[ignore_column: ]
[categorical_feature: 27,28,29,33]
[forcedbins_filename: ]
[precise_float_parser: 0]
[parser_config_file: ]
[objective_seed: 8855]
[num_class: 1]
[is_unbalance: 0]
[scale_pos_weight: 1]
[sigmoid: 1]
[boost_from_average: 1]
[reg_sqrt: 0]
[alpha: 0.9]
[fair_c: 1]
[poisson_max_delta_step: 0.7]
[tweedie_variance_power: 1.5]
[lambdarank_truncation_level: 30]
[lambdarank_norm: 1]
[label_gain: ]
[lambdarank_position_bias_regularization: 0]
[eval_at: ]
[multi_error_top_k: 1]
[auc_mu_weights: ]
[num_machines: 1]
[local_listen_port: 12400]
[time_out: 120]
[machine_list_filename: ]
[machines: ]
[gpu_platform_id: -1]
[gpu_device_id: -1]
[gpu_use_dp: 0]
[num_gpu: 1]

end of parameters

pandas_categorical:[["Department for Promotion of Industry & Internal Trade", "Department of Higher Education", "Department of Sports", "Department of Telecommunications", "Department of Water Resources, River Development & GR", "Ministry of Civil Aviation", "Ministry of Coal", "Ministry of Health & Family Welfare", "Ministry of Housing & Urban Affairs", "Ministry of Labour and Employment", "Ministry of Mines", "Ministry of Petroleum & Natural Gas", "Ministry of Ports, Shipping and Waterways", "Ministry of Power", "Ministry of Railways", "Ministry of Road Transport & Highways", "Ministry of Steel"], ["Atomic Energy", "Civil Aviation", "Coal", "Defence", "Education", "Fertilizers & Chemicals", "Finance", "Health", "Home Affairs", "Industry & Commerce", "Mines & Metals", "North Eastern Region", "Petroleum & Natural Gas", "Power", "Railways", "Roads & Highways", "Rural Development", "Shipping & Ports", "Social Justice", "Steel", "Telecommunications", "Tourism & Culture", "Urban Development & Housing", "Water Resources"], ["Andaman & Nicobar Islands", "Andhra Pradesh", "Arunachal Pradesh", "Assam", "Bihar", "Chandigarh", "Chhattisgarh", "Dadra & Nagar Haveli and Daman & Diu", "Delhi", "Goa", "Gujarat", "Haryana", "Himachal Pradesh", "Jammu & Kashmir", "Jharkhand", "Karnataka", "Kerala", "Ladakh", "Madhya Pradesh", "Maharashtra", "Manipur", "Meghalaya", "Mizoram", "Multi-State", "Nagaland", "Odisha", "Offshore", "PAN India", "Puducherry", "Punjab", "Rajasthan", "Sikkim", "Tamil Nadu", "Telangana", "Tripura", "Uttar Pradesh", "Uttarakhand", "West Bengal"], ["flash", "monthly", "quarterly"]]
