tree
version=v4
num_class=1
num_tree_per_iteration=1
label_index=0
max_feature_idx=33
objective=binary sigmoid:1
feature_names=physical_progress_pct elapsed_ratio cost_variation_pct expenditure_ratio burn_gap spi months_to_scheduled_completion months_to_anticipated_completion slip_to_date_months revisions_so_far months_since_last_revision log_cost cost_band progress_velocity_2q progress_velocity_4q spend_velocity_2q acceleration stagnation_quarters velocity_vs_sector_median expected_progress_scurve scurve_deviation sector_actual_target_ratio sector_yoy_growth sector_trend_4q agency_slip_rate agency_cost_optimism agency_n ministry sector state obs_count_in_quarter months_since_last_obs dq_score period_type
feature_infos=[0:100] [0:3] [-91.487091197541318:3531.983695652174] [0:2.9628571428571431] [-100:202.78355243044939] [0:5] [-229:377] [-126:140] [-356:324] [0:21] [0:168] [4.6151205168412597:11.728085230513331] [0:3] [-50:50] [-25:25] [-109.34739655973968:124.49167346821885] [-100:100] [0:11] [-56.75:49.130000000000003] [0:100] [-100:91.310000000000002] [0.46842105263157896:5.5947862356621476] [-77.164999999999992:90.283333333333346] [-27.272916666666664:177.63875000000002] [0:1] [-8.3930179589409715:29.965955200028883] [0:4779] -1:11:8:2:10:4:3:6:0:1:7:5:9:12 -1:15:14:13:12:2:18:20:21:1:19:16:4:7:0:10:5:8:9:6:3:17 -1:19:23:35:3:25:4:37:1:10:32:14:18:6:15:30:33:13:2:11:8:36:24:20:16:29:22:31:12:34:21:0:9:17:7:28:5:26:27 [1:4] [1:64] [0.40000000000000002:1] -1:2:1:0
tree_sizes=1701 1765 1768 1757 1762 1757 1764 1765 1758 1749 1772 1792 1766 1763 1764 1759 1763 1755 1775 1784 1758 1765 1775 1771 1793 1760 1770 1756 1778 1769 1774 1783 1768 1756 1764 1761 1779 1764 1758 1761 1768 1780 1764 1764 1755 1792 1775 1797 1759 1757 1779 1776 1776 1784 1755 1785 1759 1756 1775 1760 1743 1766 1783 1772 1766 1764 1792 1792 1773 1768 1770 1758 1783 1784 1788 1795 1787 1773 1774 1782 1776 1793 1800 1791 1771 1777 1771 1758 1759 1780 1773 1788 1792 1781 1794 1797 1787 1785 1793 1798 1787 1795 1789 1773 1774 1772 1780 1774 1785 1772 1779 1801 1775 1777 1764 1777 1777 1755 1784 1772 1790 1782 1795 1768 1784 1780 1784 1776 1751 1786 1776 1753 1767 1773 1797 1780 1771 1781 1785 1775 1788 1762 1761 1767 1782 1779 1764 1782 1753 1771 1789 1776 1792 1786 1796 1785 1785 1770 1764 1771 1768 1806 1773 1782 1796 1783 1793 1784 1745 1789 1764 1768 1781 1783 1768 1782 1778 1773 1785 1776 1789 1756 1779 1772 1772 1781 1785 1776 1748 1780 1792 1762 1776 1795 1751 1777 1767 1759 1775 1776 1781 1754 1790 1777 1784 1749 1758 1776 1790 1765 1765 1769 1777 1746 1779 1759 1778 1766 1773 1751 1766 1800 1764 1766 1773 1788 1771 1775 1787 1765 1774 1757 1782 1788 1781 1775 1781 1768 1768 1788 1773 1778 1767 1736 1776 1777 1783 1770 1780 1777 1779 1792 1773 1769 1782 1769 1770 1783 1789 1783 1753 1758 1798 1767 1776 1784 1782 1759 1778 1786 1764 1766 1767 1779 1776 1772 1773 1772 1762 1769 1752 1768 1756 1765 1737 1774 1784 1768 1765 1755 1782 1777 1752 1770 1744 1800 1756 1756 1781 1750

Tree=0
num_leaves=15
num_cat=4
split_feature=7 7 1 28 7 8 0 7 0 28 6 28 29 0
split_gain=6368.07 595.201 571.936 199.634 189.334 180.198 171.048 165.025 125.399 108.702 102.432 101.887 93.9785 117.641
threshold=14.500000000000002 -3.4999999999999996 0.55190373563218398 0 11.500000000000002 -2.4999999999999996 99.910000000000011 21.500000000000004 99.805000000000021 1 19.500000000000004 2 3 1.0000000180025095e-35
decision_type=2 2 8 9 2 10 10 2 8 9 10 9 9 10
left_child=1 8 5 -4 6 -2 12 -5 -1 -7 -11 -9 13 -3
right_child=2 4 3 7 -6 9 -8 11 -10 10 -12 -13 -14 -15
leaf_value=0.40218149022912447 0.40035373820949355 0.39265769305045872 0.39329993594301554 0.36481613922123174 0.40967188359606699 0.28973448152589454 0.32756145000421577 0.35067720544305725 0.34009430991788825 0.36331308682622376 0.31413056109640314 0.31085334854709068 0.4457387496987173 0.4385859176383986
leaf_weight=135.85517567396164 52.752275660634041 221.6077333688736 264.96576815843582 618.57462966442108 629.89589430391788 652.05666764080524 32.759404063224792 413.10572035610676 200.16959394514561 130.55586031079292 588.22400531172752 374.08348904550076 2386.8598151654005 376.25139078497887
leaf_count=564 219 920 1100 2568 2615 2707 136 1715 831 542 2442 1553 9909 1562
internal_value=0.386994 0.42879 0.333193 0.353067 0.434656 0.309908 0.439862 0.34573 0.365167 0.30642 0.323893 0.330258 0.441114 0.421028
internal_weight=7077.72 3983.4 3094.32 1670.73 3647.37 1423.59 3017.48 1405.76 336.025 1370.84 718.78 787.189 2984.72 597.859
internal_count=29383 16537 12846 6936 15142 5910 12527 5836 1395 5691 2984 3268 12391 2482
cat_boundaries=0 1 2 3 5
cat_threshold=271507 32772 1065472 557571 18
is_linear=0
shrinkage=1


Tree=1
num_leaves=15
num_cat=2
split_feature=7 7 1 28 7 0 0 7 28 3 21 7 25 21
split_gain=5586.81 563.675 528.875 190.905 187.893 153.612 150.259 133.99 132.384 130.119 94.1903 91.1871 86.438 77.142
threshold=14.500000000000002 -1.4999999999999998 0.56691542288557228 0 11.500000000000002 99.205000000000013 99.910000000000011 21.500000000000004 1 0.0010407763532763535 0.84023052232273143 20.500000000000004 3.4644496427550107 0.84023052232273143
decision_type=2 2 8 9 2 8 10 2 9 10 8 2 8 8
left_child=1 5 8 -4 6 -1 9 13 -2 -3 -6 -10 -9 -5
right_child=2 4 3 7 10 -7 -8 12 11 -11 -12 -13 -14 -15
leaf_value=0.022215634639986145 -0.088927972715738463 -0.00060854998755069986 0.0098810766383190252 -0.10541618965183025 -0.084906180726952107 -0.042125451807725978 -0.05895891332248461 -0.063470645530911113 -0.022374795170834579 0.054335456679624666 0.024353539834939625 -0.064327448742545895 -0.028054153612475763 -0.016328173068565065
leaf_weight=149.44145177304745 700.5808841586113 112.08887527883053 249.23682761192322 24.428155213594437 19.42356875538826 241.47611221671104 29.939687356352806 518.34422972798347 166.09464599192142 2772.4590138942003 608.84495148062706 611.21054983139038 261.58154439926147 573.41838517785072
leaf_count=623 2863 470 1036 101 81 996 123 2129 686 11639 2539 2508 1078 2371
internal_value=-0.000165966 0.039406 -0.0502973 -0.0306005 0.0456922 -0.017535 0.0510392 -0.0377235 -0.0719461 0.052201 0.0208461 -0.0547005 -0.0516433 -0.0201383
internal_weight=7038.57 3933.67 3104.9 1627.01 3542.76 390.918 2914.49 1377.77 1477.89 2884.55 628.269 777.305 779.926 597.847
internal_count=29243 16471 12772 6715 14852 1619 12232 5679 6057 12109 2620 3194 3207 2472
cat_boundaries=0 1 2
cat_threshold=271363 32772
is_linear=0
shrinkage=0.05


Tree=2
num_leaves=15
num_cat=2
split_feature=6 28 8 15 24 1 8 6 29 4 22 15 19 6
split_gain=3477.41 616.913 325.842 251.343 191.645 180.649 144.848 129.934 108.858 104.802 87.7646 84.9607 76.2019 66.3326
threshold=15.500000000000002 0 -2.4999999999999996 0.58389726629773098 0.21317303403287699 0.55190373563218398 20.500000000000004 11.500000000000002 1 -1.3254109838168822 11.376666666666669 0.924624354954939 89.500000000000014 13.500000000000002
decision_type=10 9 10 10 8 10 8 8 9 8 10 8 10 8
left_child=1 3 -2 4 9 -4 -3 -5 12 -1 -9 -8 -6 -10
right_child=2 6 5 7 8 -7 11 10 13 -11 -12 -13 -14 -15
leaf_value=0.039283513025321522 0.029892092474993189 0.019291329971870511 -0.071859982916975415 0.046519115043644491 0.015134038888390711 -0.034967073016293253 -0.034042635612772543 0.017855174198619411 0.0373354093993283 -0.081490021762749082 -0.084562175954407848 -0.004709752626606215 -0.026777428127394306 -0.0077803780736504739
leaf_weight=23.057495057582855 99.767485812306404 390.48623259365559 1342.8171605914831 2067.0033837556839 341.13828980922699 444.70744015276432 410.5821331590414 236.03941261768341 708.49480977654457 72.887783497571945 21.951112389564514 617.77180182933807 157.78931473195553 91.689824298024178
leaf_count=97 414 1638 5447 8732 1430 1825 1698 986 2984 303 90 2566 659 381
internal_value=0.000227456 0.0215448 -0.0577981 0.0321923 0.0154851 -0.0627063 -0.0065555 0.0423446 0.0205321 -0.05236 0.00884814 -0.0164429 0.00181587 0.031766
internal_weight=7026.18 5138.89 1887.29 3720.05 1395.06 1787.52 1418.84 2324.99 1299.11 95.9453 257.991 1028.35 498.928 800.185
internal_count=29250 21564 7686 15662 5854 7272 5902 9808 5454 400 1076 4264 2089 3365
cat_boundaries=0 1 3
cat_threshold=832787 2171437127 50
is_linear=0
shrinkage=0.05


Tree=3
num_leaves=15
num_cat=3
split_feature=7 7 1 28 7 7 0 8 26 28 21 33 15 21
split_gain=4712.94 511.855 362.554 189.504 146.524 144.494 153.458 136.188 117.651 86.3254 82.885 82.7105 82.1263 121.913
threshold=14.500000000000002 -3.4999999999999996 0.49038105808361082 0 23.500000000000004 11.500000000000002 99.910000000000011 -2.4999999999999996 506.50000000000006 1 0.84023052232273143 2 1.0000000180025095e-35 0.69345350103991299
decision_type=2 2 8 9 2 2 10 10 2 9 8 1 10 8
left_child=1 8 7 4 11 6 12 -2 -1 -5 -7 -4 13 -3
right_child=2 5 3 9 -6 10 -8 -9 -10 -11 -12 -13 -14 -15
leaf_value=-0.041401885905846335 0.014498233440516395 -0.088598900392554136 -0.010729021672868934 0.006921698699526635 -0.079368787452346157 -0.075776690470584523 -0.057741608794124412 -0.069837096054174264 0.022776758132539821 -0.025705020231681239 0.023721345738035332 -0.051772082782555712 0.053718254760568865 0.037944786265317935
leaf_weight=235.61889876425266 49.509502962231636 18.563148900866508 212.16223220527172 269.13430730998516 287.7994639724493 20.74295836687088 33.751324817538261 1212.4729629009962 101.51650090515614 809.36096154153347 590.55251330137253 292.37008695304394 2032.9593470543623 823.55271130800247
leaf_count=969 205 77 872 1122 1165 85 138 4885 423 3315 2488 1197 8723 3506
internal_value=-0.000261319 0.0367346 -0.0458096 -0.0318114 -0.0502869 0.0423709 0.047016 -0.0665196 -0.0220665 -0.0175755 0.0202269 -0.0345683 0.0482654 0.0350535
internal_weight=6990.07 3857.26 3132.81 1870.83 792.332 3520.12 2908.83 1261.98 337.135 1078.5 611.295 504.532 2875.08 842.116
internal_count=29170 16409 12761 7671 3234 15017 12444 5090 1392 4437 2573 2069 12306 3583
cat_boundaries=0 1 2 3
cat_threshold=2195460 271362 2
is_linear=0
shrinkage=0.05


Tree=4
num_leaves=15
num_cat=5
split_feature=7 7 6 28 7 26 8 0 0 29 29 21 28 29
split_gain=4290.85 482.59 342.604 183.18 164.727 161.048 130.929 106.027 104.458 97.4125 91.7349 78.8797 74.2614 73.9303
threshold=14.500000000000002 -1.0000000180025095e-35 23.500000000000004 0 11.500000000000002 506.50000000000006 -2.4999999999999996 99.995000000000019 99.205000000000013 1 2 0.84023052232273143 3 4
decision_type=2 2 10 9 2 2 10 10 10 9 9 8 9 9
left_child=1 5 3 9 7 12 -4 10 -7 -2 -3 -6 -1 -5
right_child=2 4 6 13 11 8 -8 -9 -10 -11 -12 -13 -14 -15
leaf_value=-0.0024598476477400155 -0.067423350480106489 0.034777864572957694 0.0065708230749665936 0.016424423670211252 -0.072815928025043053 0.047964836852455228 -0.068982469619084205 -0.05818344512714814 -0.045580303363255942 -0.030771620506247446 0.055800175534625809 0.022286475429380032 -0.052715480325175923 -0.021911946905930221
leaf_weight=135.42062063515186 391.61103223264217 976.41855302453041 60.377392560243607 137.5598728954792 21.692463710904121 135.12276315689087 1080.3188187628984 22.664275422692299 37.364288002252579 462.51949878036976 1730.6866285651922 581.89213052392006 174.25118409097195 1031.3153612017632
leaf_count=560 1584 4221 250 568 88 575 4336 92 154 1879 7525 2465 717 4219
internal_value=-2.31322e-05 0.035672 -0.0430702 -0.0306894 0.0424334 -0.0110633 -0.0649812 0.0476605 0.0275551 -0.0482197 0.0485678 0.0187538 -0.0325932 -0.0172892
internal_weight=6979.21 3815.51 3163.7 2023.01 3333.35 482.159 1140.7 2729.77 172.487 854.131 2707.11 603.585 309.672 1168.88
internal_count=29233 16397 12836 8250 14391 2006 4586 11838 729 3463 11746 2553 1277 4787
cat_boundaries=0 1 3 5 6 8
cat_threshold=2195460 1085065306 40 3238757143 50 2650116 7426116 16
is_linear=0
shrinkage=0.05


Tree=5
num_leaves=15
num_cat=5
split_feature=6 28 3 8 0 1 29 29 29 25 8 26 28 1
split_gain=2624.92 504.049 321.169 229.242 220.84 147.151 130.284 119.488 108.183 102.652 91.1198 88.7997 85.0452 75.1895
threshold=15.500000000000002 0 0.08218744326466336 -2.4999999999999996 99.995000000000019 0.55190373563218398 1 2 3 0.11405373071103574 9.5000000000000018 506.50000000000006 4 0.68989800874210794
decision_type=10 9 10 10 10 10 9 9 9 10 8 2 9 8
left_child=1 2 6 -2 8 12 -1 -3 9 11 -9 -4 -5 -10
right_child=3 7 4 5 -6 -7 -8 10 13 -11 -12 -13 -14 -15
leaf_value=-0.041230595719718016 0.025500698275073813 -0.028165276474814122 -0.06306026890133043 -0.076054481196711474 -0.062597104399218215 -0.028895977937140473 0.012011517253846233 0.035649952306727906 0.013189258525351001 0.02800623065726246 -0.0039419783025595708 0.017838449007114305 -0.047156973568615222 0.045231648441036137
leaf_weight=186.39832717180252 95.313976764678955 430.29052802920341 61.664756163954735 659.6905098259449 56.700346633791924 450.10517448186874 268.433918222785 176.13534411787987 202.43156222999096 734.09424963593483 808.42671909928322 73.221784994006157 719.15845549106598 2019.9061179459095
leaf_count=774 401 1789 262 2639 230 1823 1137 755 865 3175 3365 314 2883 8794
internal_value=-0.000240212 0.0188001 0.0286833 -0.0498736 0.034436 -0.0538135 -0.0104916 -0.00652588 0.0362355 0.020409 0.00313805 -0.0193371 -0.0619206 0.0421307
internal_weight=6941.97 5017.7 3602.85 1924.27 3148.02 1828.95 454.832 1414.85 3091.32 868.981 984.562 134.887 1378.85 2222.34
internal_count=29206 21460 15551 7746 13640 7345 1911 5909 13410 3751 4120 576 5522 9659
cat_boundaries=0 1 3 5 7 8
cat_threshold=832787 1935435 58 2743076096 48 1634435075 2 32772
is_linear=0
shrinkage=0.05


Tree=6
num_leaves=15
num_cat=3
split_feature=7 7 1 0 7 28 7 29 8 25 0 20 11 28
split_gain=3744.58 385.967 263.466 146.776 141.289 127.392 106.912 106.83 86.312 81.7221 77.5479 69.387 64.0327 61.7163
threshold=14.500000000000002 -1.0000000180025095e-35 0.50233644859813087 99.205000000000013 11.500000000000002 0 20.500000000000004 1 -2.4999999999999996 3.0718285162386083 94.010000000000005 -77.47499999999998 6.1759712094055859 2
decision_type=2 2 8 8 2 9 2 9 10 8 8 8 2 9
left_child=1 3 8 11 7 12 -7 10 -2 -8 -3 -1 -4 -10
right_child=2 4 5 -5 -6 6 9 -9 13 -11 -12 -13 -14 -15
leaf_value=-0.048094051305289126 0.0090794841504755475 0.042497094182796458 -0.050913856992626495 -0.031882913412973515 0.017506489327572546 -0.018042730435552295 -0.055003895791689197 0.052111638126754761 -0.073150272799106186 -0.023755977173348951 0.014007487687823221 0.036121585116687858 0.015308359547282897 -0.04657057929493387
leaf_weight=27.634073212742805 46.7241121083498 554.96058130264282 42.676986292004585 280.39348097145557 603.38592836260796 648.95259146392345 622.37659442424774 1697.7398208379745 594.75251325964928 318.55396839976311 421.24339887499809 170.67461606860161 221.42503814399242 682.90345688164234
leaf_count=115 195 2449 178 1146 2580 2650 2507 7571 2383 1292 1843 732 928 2735
internal_value=-0.000518895 0.0332762 -0.0404541 -0.00864623 0.0394003 -0.0282618 -0.0334855 0.0443323 -0.0574878 -0.0444613 0.0299242 0.0242038 0.00429367 -0.0599273
internal_weight=6934.4 3756.03 3178.37 478.702 3277.33 1853.99 1589.88 2673.94 1324.38 940.931 976.204 198.309 264.102 1277.66
internal_count=29304 16436 12868 1993 14443 7555 6449 11863 5313 3799 4292 847 1106 5118
cat_boundaries=0 1 3 4
cat_threshold=271362 1091080979 30 32772
is_linear=0
shrinkage=0.05


Tree=7
num_leaves=15
num_cat=2
split_feature=7 7 28 0 7 7 1 1 26 3 28 21 0 26
split_gain=3344.45 390.46 247.632 194.199 160.199 154.049 144.904 111.411 77.3385 74.3441 63.921 63.2115 58.1458 57.1056
threshold=14.500000000000002 1.5000000000000002 0 98.965000000000018 23.500000000000004 11.500000000000002 0.39668856048166395 0.59280792420327322 506.50000000000006 0.0010407763532763535 1 0.84023052232273143 94.965000000000018 429.00000000000006
decision_type=2 2 9 8 2 2 10 10 2 10 9 8 10 2
left_child=1 3 4 8 7 9 -4 -2 13 -3 12 -7 -11 -1
right_child=2 5 6 -5 -6 11 -8 -9 -10 10 -12 -13 -14 -15
leaf_value=0.010066072278035822 -0.060241013781628494 -0.0017518926009311314 -0.04279109630682567 -0.029242011417280351 -0.070715128029220795 -0.066690112170963337 -0.013424008453819953 -0.019487917135355855 0.052475302833048791 0.052327411087581321 0.023967593327945576 0.019624755993212298 0.022635419734585684 -0.099626788058933505
leaf_weight=85.746267184615135 290.0610963255167 83.756599485874176 689.53157424926758 345.98286889493465 703.41265477240086 21.040871858596802 1076.068181425333 399.24044987559319 142.79718984663486 1918.3404701203108 355.87490670382977 589.57736177742481 182.74511064589024 12.747546330094336
leaf_count=363 1166 363 2773 1427 2827 85 4392 1622 631 8687 1573 2537 817 53
internal_value=0.000160532 0.0321587 -0.037715 -0.00526473 -0.0535339 0.0391322 -0.0247705 -0.0366994 0.0290946 0.0445517 0.0461303 0.0165463 0.0495213 -0.00498955
internal_weight=6896.92 3738.61 3158.31 587.274 1392.71 3151.34 1765.6 689.302 241.291 2540.72 2456.96 610.618 2101.09 98.4938
internal_count=29316 16536 12780 2474 5615 14062 7165 2788 1047 11440 11077 2622 9504 416
cat_boundaries=0 1 2
cat_threshold=2195460 831510
is_linear=0
shrinkage=0.05


Tree=8
num_leaves=15
num_cat=3
split_feature=7 7 1 0 7 28 28 7 3 7 28 0 5 21
split_gain=2977.28 345.678 246.968 167.556 155.27 112.751 107.843 78.8027 73.3514 72.5558 68.5802 63.1563 57.805 56.0386
threshold=14.500000000000002 1.5000000000000002 0.56691542288557228 98.965000000000018 11.500000000000002 0 1 21.500000000000004 0.0001975209228610726 20.500000000000004 2 96.010000000000005 1.0000000180025095e-35 0.84023052232273143
decision_type=2 2 10 8 2 9 9 2 10 2 9 10 8 8
left_child=1 3 5 12 8 -2 -4 -8 -3 -7 -9 -10 -1 -6
right_child=2 4 6 -5 13 9 7 10 11 -11 -12 -13 -14 -15
leaf_value=-0.033923983145136463 -0.063452855858025611 -0.0037494121819452164 0.010672714706046582 -0.027076733099224787 -0.067030945575481934 -0.0091229067417669934 -0.012621048900964075 -0.019169197683678182 0.046509265653273749 -0.042971907160077726 -0.053206618752089076 0.01375724627007946 0.03708526460613467 0.017334516193575226
leaf_weight=32.441160529851913 740.63574263453484 81.69814395904541 235.21060192584991 342.22194391489029 19.400876238942146 200.91696347296238 571.45996956527233 324.28199803829193 2266.3124076277018 756.84947854280472 347.45693525671959 158.51003663241863 206.92044942080975 583.49862326681614
leaf_count=136 2995 354 988 1407 78 810 2326 1308 10400 3040 1394 710 913 2524
internal_value=0.000172442 0.0307104 -0.0353068 -0.00466371 0.0373261 -0.0483121 -0.0203437 -0.0260919 0.0428054 -0.0355176 -0.0379038 0.0443748 0.0273601 0.0145132
internal_weight=6867.82 3691 3176.81 581.584 3109.42 1698.4 1478.41 1243.2 2506.52 957.766 671.739 2424.82 239.362 602.899
internal_count=29383 16522 12861 2456 14066 6845 6016 5028 11464 3850 2702 11110 1049 2602
cat_boundaries=0 1 2 3
cat_threshold=32772 271362 1065473
is_linear=0
shrinkage=0.05


Tree=9
num_leaves=15
num_cat=0
split_feature=7 7 6 26 7 8 21 0 21 24 0 7 21 11
split_gain=2642.52 325.701 208.49 150.701 129.778 97.4262 97.2956 75.7608 94.9361 167.253 70.1419 66.5352 57.2264 56.6395
threshold=14.500000000000002 -1.0000000180025095e-35 21.500000000000004 506.50000000000006 11.500000000000002 -2.4999999999999996 0.84023052232273143 94.965000000000018 0.84023052232273143 0.49751468603673649 99.50500000000001 17.500000000000004 0.84023052232273143 7.8066145571806018
decision_type=2 2 10 2 2 10 8 10 8 10 10 2 8 2
left_child=1 3 6 -1 7 -4 -2 8 9 -3 -5 -8 -6 -13
right_child=2 4 5 10 12 -7 11 -9 -10 -11 -12 13 -14 -15
leaf_value=-0.030013823301696791 -0.081269025044590992 -0.09544596998187406 0.01090779862291799 0.046206021481728261 -0.065621697762822728 -0.051888579051082934 -0.0049892021124453897 0.01234121844346856 0.044311161555791623 0.065620690360684006 -0.034065521878601374 -0.032334373099160423 0.017101780137869421 -0.0077153571998700987
leaf_weight=309.34003311395645 67.246688365936279 32.371769487857819 64.680196836590767 128.1456054598093 20.70764896273613 1235.7487021833658 504.90209884941578 227.83447413146496 2254.0450704544783 30.21912993490696 33.694010198116302 973.97517019510269 587.75276471674442 308.24150095880032
leaf_count=1263 271 142 266 570 83 4997 2058 1028 10491 141 136 3936 2555 1262
internal_value=4.24989e-05 0.029165 -0.033411 -0.00959181 0.0349581 -0.0487593 -0.0226271 0.0399184 0.0426241 -0.0178733 0.0293874 -0.0203763 0.0141834 -0.0264267
internal_weight=6778.9 3624.11 3154.79 471.18 3152.93 1300.43 1854.37 2544.47 2316.64 62.5909 161.84 1787.12 608.46 1282.22
internal_count=29199 16409 12790 1969 14440 5263 7527 11802 10774 283 706 7256 2638 5198
is_linear=0
shrinkage=0.05


Tree=10
num_leaves=15
num_cat=4
split_feature=7 7 28 1 7 7 19 29 29 26 28 7 1 19
split_gain=2451.92 301.042 219.765 133.772 129.196 121.47 110.305 98.1567 92.6982 73.0179 113.899 68.8045 66.275 66.2724
threshold=14.500000000000002 -1.0000000180025095e-35 0 0.39668856048166395 23.500000000000004 11.500000000000002 87.715000000000018 1 2 97.500000000000014 3 40.500000000000007 0.56691542288557228 87.715000000000018
decision_type=2 2 9 8 2 2 8 9 9 2 9 2 10 10
left_child=1 6 4 -4 8 7 -1 9 -2 10 13 -5 -10 -3
right_child=2 5 3 11 -6 -7 -8 -9 12 -11 -12 -13 -14 -15
leaf_value=0.027959760832649623 -0.056113123061300091 -0.0027778146819034915 -0.040840993139930989 -0.0056512405994997754 -0.062346687332382689 0.013898832453868243 -0.02435845663082381 0.047089875757868688 -0.044016020680689709 0.035142670706139113 0.033335318778022975 -0.03693927990285209 -0.0035234825717231941 -0.073474100195674893
leaf_weight=143.60880778729916 243.44009628891945 95.167022585868835 534.93003273010254 1037.0719469934702 695.28003664314747 596.30107122659683 331.43709343671799 1529.9118442237377 151.99221555888653 667.50733079016209 161.38895995914936 210.69139695167542 298.22095568478107 49.937230110168457
leaf_count=626 987 435 2159 4216 2840 2597 1362 7278 617 3112 743 852 1207 223
internal_value=0.000146439 0.0285323 -0.0318508 -0.0198328 -0.0467712 0.0342102 -0.00851688 0.0390399 -0.0317653 0.0256143 0.00564871 -0.0109597 -0.0168868 -0.025686
internal_weight=6746.89 3575.26 3171.63 1782.69 1388.93 3100.21 475.046 2503.91 693.653 974.001 306.493 1247.76 450.213 145.104
internal_count=29254 16376 12878 7227 5651 14388 1988 11791 2811 4513 1401 5068 1824 658
cat_boundaries=0 1 3 5 6
cat_threshold=2195460 3240792851 30 1613532250 8 1163264
is_linear=0
shrinkage=0.05


Tree=11
num_leaves=15
num_cat=2
split_feature=6 15 8 29 0 20 6 6 24 21 0 21 24 29
split_gain=1483.75 249.515 161.192 124.257 105.193 102.42 99.5565 86.1392 76.5654 74.4692 63.2369 61.1333 58.0921 54.8079
threshold=15.500000000000002 0.76010752688171934 -2.4999999999999996 0 99.910000000000011 -65.992499999999993 24.500000000000004 10.500000000000002 0.39674633146650862 0.84023052232273143 99.910000000000011 0.94306139934805888 0.22377308155784906 1
decision_type=10 10 10 9 10 10 10 8 10 8 10 8 10 9
left_child=1 3 -2 5 7 -1 8 12 -4 -5 -7 -9 13 -3
right_child=2 4 6 9 -6 10 -8 11 -10 -11 -12 -13 -14 -15
leaf_value=-0.024078886651479021 0.026196032445095774 -0.0080887929639546618 -0.016559570525208282 -0.049347549230865109 -0.053287814466330213 0.013071520767313511 -0.051381787454151895 -0.057355800515687755 -0.049874159193979327 0.016917025859297306 -0.057262305360944635 0.011426691757962381 0.033446485916129143 0.031926329562149941
leaf_weight=588.61684735119343 93.774709820747375 181.09942062199116 528.80010606348515 43.314484655857086 41.449497759342194 412.76047453284264 991.63383516669273 34.047456249594688 256.20298688113689 1004.7020381838083 33.647054105997086 413.02204222977161 1918.6548149436712 147.93621043860912
leaf_count=2491 399 781 2135 184 167 1842 4061 141 1045 4464 135 1800 8931 660
internal_value=0.000316416 0.0149865 -0.0374699 0.0019452 0.0249103 -0.0102988 -0.0408432 0.0261325 -0.0274821 0.0140004 0.00765411 0.00607211 0.030118 0.0106667
internal_weight=6689.66 4819.25 1870.41 2083.04 2736.21 1035.02 1776.64 2694.76 785.003 1048.02 446.408 447.069 2247.69 329.036
internal_count=29236 21596 7640 9116 12480 4468 7241 12313 3180 4648 1977 1941 10372 1441
cat_boundaries=0 2 4
cat_threshold=2179515715 50 3264046146 20
is_linear=0
shrinkage=0.05


Tree=12
num_leaves=15
num_cat=0
split_feature=6 1 15 19 0 21 0 21 25 1 9 19 30 0
split_gain=1395.16 209.55 192.551 91.8272 82.5829 75.6987 69.3003 57.1812 49.8088 46.3051 45.3249 43.6379 41.6499 39.4879
threshold=13.500000000000002 0.55907278165503504 0.69881974346880249 87.715000000000018 99.50500000000001 0.93846460806794274 20.015000000000004 0.84023052232273143 3.3138119889266568 0.22276159654800434 2.5000000000000004 1.1250000000000002 2.5000000000000004 99.995000000000019
decision_type=8 8 10 10 10 8 10 8 10 10 2 10 2 10
left_child=2 9 3 7 8 -3 10 -1 -4 -2 -5 -7 -11 -9
right_child=1 5 4 6 -6 11 -8 13 -10 12 -12 -13 -14 -15
leaf_value=-0.066558561927686069 -0.054962805224969435 -0.069409975955167513 0.030408582409016113 -0.041732301713083786 -0.041649699155477657 -0.00093963817863393156 0.0062006141823860326 0.015743799326459827 0.0084474929060577002 -0.044649607380689252 -0.0015238248906794434 -0.024657899375490899 -0.024307953112120112 -0.057180047250202849
leaf_weight=21.18679204583168 463.98895634710789 52.827527537941933 2093.8270251452923 199.31900312006474 42.868108481168747 620.75368791818619 295.86301267147064 1114.4449582397938 295.55530679225922 583.97117763757706 107.92747902870178 281.09262384474277 450.24573630094528 17.918988078832626
leaf_count=90 1916 215 9797 831 177 2595 1312 4987 1302 2416 463 1154 1850 72
internal_value=-0.000184307 -0.0301241 0.0173504 0.00473232 0.0264579 -0.0117992 -0.0110659 0.0129945 0.0276968 -0.0417852 -0.0276589 -0.0083514 -0.0358259 0.0145404
internal_weight=6641.79 2452.88 4188.91 1756.66 2432.25 954.674 603.109 1153.55 2389.38 1498.21 307.246 901.846 1034.22 1132.36
internal_count=29177 10146 19031 7755 11276 3964 2606 5149 11099 6182 1294 3749 4266 5059
is_linear=0
shrinkage=0.05


Tree=13
num_leaves=15
num_cat=5
split_feature=7 7 28 29 29 7 7 1 11 5 29 1 30 29
split_gain=1980.48 242.47 185.745 104.971 104.203 94.6908 80.8026 73.57 70.4252 86.1739 70.282 60.0454 53.8177 59.4535
threshold=14.500000000000002 -3.4999999999999996 0 1 2 20.500000000000004 11.500000000000002 0.42799539170506917 6.4168874935853184 0.6555927933673471 3 0.59280792420327322 2.5000000000000004 4
decision_type=2 2 9 9 9 2 2 10 2 8 9 10 2 9
left_child=1 10 3 -2 8 -4 -6 -7 9 -3 -1 -5 13 -11
right_child=2 4 5 11 6 7 -8 -9 -10 12 -12 -13 -14 -15
leaf_value=0.012225736787783268 -0.057702612437817449 0.025179449783801905 1.1047172710006144e-05 -0.041870280270220515 0.043477416844965644 -0.038106195323626191 0.018048736691851926 -0.013870752241463002 0.032518926154182184 -0.061912178241096572 -0.032348543072932744 -0.012031222365988317 0.018063281661943899 -0.0059587693569715348
leaf_weight=147.62523823976517 671.3464280217886 387.24605000019073 507.08981943130493 376.56070291996002 1441.7535164505243 606.1911505907774 401.38097824156284 650.37377502024174 539.90312905609608 57.76843449473381 199.05995243787766 306.61520406603813 122.81158410012722 180.68127401173115
leaf_count=622 2778 1825 2071 1574 7110 2474 1776 2644 2538 256 815 1245 571 832
internal_value=-0.000259799 0.0256769 -0.0291904 -0.043121 0.0300688 -0.0181259 0.0377479 -0.0255834 0.0186254 0.00882243 -0.0139661 -0.0281046 -0.00873222 -0.0225508
internal_weight=6596.41 3478.23 3118.18 1354.52 3131.54 1763.65 1843.13 1256.56 1288.41 748.507 346.685 683.176 361.261 238.45
internal_count=29131 16345 12786 5597 14908 7189 8886 5118 6022 3484 1437 2819 1659 1088
cat_boundaries=0 1 3 5 7 8
cat_threshold=2195460 1118587982 40 1091273495 62 1107851286 8 524288
is_linear=0
shrinkage=0.05


Tree=14
num_leaves=15
num_cat=4
split_feature=7 7 28 7 19 7 1 29 29 26 19 25 28 24
split_gain=1820.39 232.089 161.975 128.878 119.416 109.01 87.6126 74.836 73.178 62.7083 69.4491 60.8971 58.1564 57.5149
threshold=14.500000000000002 1.5000000000000002 0 11.500000000000002 87.715000000000018 21.500000000000004 0.38935969868173265 1 2 13.500000000000002 89.500000000000014 0.11405373071103574 3 0.36235498084747297
decision_type=2 2 9 2 8 2 8 9 9 2 10 10 9 10
left_child=1 4 5 8 -1 7 -4 -2 9 10 -3 13 -5 -11
right_child=2 3 6 12 -6 -7 -8 -9 -10 11 -12 -13 -14 -15
leaf_value=0.029529219414906729 -0.047723597320114185 0.020085846914190644 -0.034946747506299412 -0.001646569183172729 -0.019931074558861828 -0.052843585762375869 -0.010424269578735211 -0.0087985954963762693 0.041238772104318033 -0.054935214154385674 -0.05969881598216762 0.035315452504788236 0.031260053640213545 0.036526696290224377
leaf_weight=177.26695239543915 194.50560292601585 62.559446319937706 511.98597247898579 392.03279100358486 385.97151935100555 800.35499422252178 1261.1602343767881 350.56164018809795 1730.2106983065605 38.913468107581139 46.876192584633827 389.60835629701614 194.4159729629755 29.279413104057312
leaf_count=804 800 295 2105 1732 1611 3365 5134 1431 8665 176 209 1883 871 139
internal_value=-2.72125e-05 0.0250108 -0.0277024 0.0307427 -0.00433979 -0.0407949 -0.0174225 -0.0237859 0.0360816 0.0192419 -0.0143206 0.027698 0.00980118 -0.0157046
internal_weight=6565.7 3447.13 3118.57 2883.9 563.238 1345.42 1773.15 545.067 2297.45 567.237 109.436 457.801 586.449 68.1929
internal_count=29220 16385 12835 13970 2415 5596 7239 2231 11367 2702 504 2198 2603 315
cat_boundaries=0 1 3 5 6
cat_threshold=2195460 1638702106 8 2164818691 22 3261476
is_linear=0
shrinkage=0.05


Tree=15
num_leaves=15
num_cat=4
split_feature=7 7 7 28 19 7 29 29 21 9 0 0 26 28
split_gain=1687.27 212.641 152.876 133.565 116.32 106.427 87.3008 80.5061 72.2958 65.88 63.5368 53.5305 51.0682 68.5619
threshold=14.500000000000002 1.5000000000000002 20.500000000000004 0 87.715000000000018 11.500000000000002 1 2 0.84023052232273143 1.0000000180025095e-35 94.325000000000003 99.805000000000021 1308.0000000000002 3
decision_type=2 2 2 9 8 2 9 9 8 2 8 10 2 9
left_child=1 4 8 -4 11 7 -5 10 -2 -8 -3 -1 13 -6
right_child=2 5 3 6 12 -7 9 -9 -10 -11 -12 -13 -14 -15
leaf_value=0.04021387969080667 -0.073628241525541885 0.033460330043394625 -0.046803483369972004 -0.038713034487695128 0.0017586406136195496 0.010489020953167434 -0.025883780006455616 0.041426685791821245 -0.0081192804565683434 0.0073041211402799129 0.004947815785338398 -0.044890419985675119 0.021087479819237892 -0.044783399912297572
leaf_weight=153.09427326917648 43.066680014133453 441.45437963306904 1094.246539503336 398.04430548846722 136.47207829356194 585.49922831356525 282.3881294131279 1471.7510360181332 965.19395773112774 315.86076948046684 350.62037964165211 20.155599236488342 65.810706049203873 193.73988783359528
leaf_count=711 180 2187 4610 1620 563 2607 1159 7534 3942 1289 1667 81 291 795
internal_value=-0.000277192 0.0239408 -0.0269936 -0.0347043 -0.00395194 0.029513 -0.0207051 0.0344264 -0.0109876 -0.00824091 0.0206013 0.0301122 -0.0188924 -0.0269
internal_weight=6517.4 3418.6 3098.8 2090.54 569.273 2849.33 996.293 2263.83 1008.26 598.249 792.075 173.25 396.023 330.212
internal_count=29236 16436 12800 8678 2441 13995 4068 11388 4122 2448 3854 792 1649 1358
cat_boundaries=0 1 3 5 6
cat_threshold=2199556 1670137872 32 3238693395 50 2641924
is_linear=0
shrinkage=0.05


Tree=16
num_leaves=15
num_cat=5
split_feature=7 7 28 7 0 29 3 28 7 30 29 11 29 25
split_gain=1537.25 214.369 149.316 118.49 103.987 88.9076 88.6745 80.9977 76.7405 67.2747 66.907 52.1623 49.2152 47.7299
threshold=15.500000000000002 -3.4999999999999996 0 12.500000000000002 99.910000000000011 1 0.0001975209228610726 2 42.500000000000007 1.5000000000000002 3 6.4168874935853184 4 0.075881260035466566
decision_type=2 2 9 2 10 9 10 9 2 2 9 2 9 8
left_child=1 10 5 4 6 -2 13 9 11 -8 -1 -4 -13 -3
right_child=2 3 8 -5 -6 -7 7 -9 -10 -11 -12 12 -14 -15
leaf_value=0.0093719504785953669 -0.054389165952743596 -0.059568442581750827 -0.02510696067465798 0.005767157455456258 -0.053912390377347991 -0.026127239606207421 0.031188957675884834 0.011026576316338304 -0.039273753857085918 0.049912284858486165 -0.0345001783745063 -0.017607620555370292 0.0054158407638908342 0.00966311304478331
leaf_weight=152.83883063495159 586.4745786935091 32.887516379356384 477.75453671813011 571.77695505321026 34.759840235114098 675.7604047358036 1302.4888012856245 356.56675134599209 307.44466450810432 768.63766920566559 185.56254452466965 403.36076137423515 521.30549347400665 93.048441886901855
leaf_count=645 2497 142 1948 2506 141 2839 6626 1717 1266 3975 759 1646 2135 420
internal_value=-0.000130526 0.0223289 -0.0265669 0.0263787 0.0309278 -0.0396151 0.0321033 0.0342249 -0.0165887 0.037975 -0.0154565 -0.0117093 -0.0047674 -0.0087432
internal_weight=6470.67 3498.57 2972.1 3160.17 2588.39 1262.23 2553.63 2427.69 1709.87 2071.13 338.401 1402.42 924.666 125.936
internal_count=29262 16931 12331 15527 13021 5336 12880 12318 6995 10601 1404 5729 3781 562
cat_boundaries=0 1 3 4 6 8
cat_threshold=2195460 1118587982 8 831511 1107851806 8 579344642 42
is_linear=0
shrinkage=0.05


Tree=17
num_leaves=15
num_cat=3
split_feature=7 7 28 28 33 7 11 25 24 24 6 19 8 20
split_gain=1429.01 201.344 157.045 93.7099 108.793 93.0342 81.3908 96.6438 86.41 72.427 66.8004 59.1551 56.5517 52.7468
threshold=14.500000000000002 -4.4999999999999991 0 1 2 23.500000000000004 6.0578371229795582 0.11405373071103574 0.30562012669245364 0.39781389969450243 19.500000000000004 98.750000000000014 -2.4999999999999996 12.287500000000003
decision_type=2 2 9 9 1 2 2 10 10 10 8 8 8 8
left_child=1 -1 5 4 6 9 7 8 -3 11 -4 -2 -12 -9
right_child=2 3 10 -5 -6 -7 -8 13 -10 -11 12 -13 -14 -15
leaf_value=-0.017191748304024045 -0.033286055065026465 -0.054256639424619196 -0.0042551160953311316 0.005851197640457554 0.046066182875774186 -0.051443184453705097 0.033286310452693604 0.03145725350684727 0.034181102160481827 -0.042747514904234167 0.024596468126471704 0.0072818954244545766 -0.026979878244552776 0.0031672758681731924
leaf_weight=287.92477068305016 154.11567541956902 90.521164044737816 829.54595455527306 486.19845680892467 774.17350715398788 645.72591364383698 974.45917634665966 384.91283296048641 38.758636131882668 305.8114457577467 55.869429782032967 212.93008497357368 863.90346524119377 287.95828035473824
leaf_count=1192 636 416 3380 2290 3981 2823 4933 1959 196 1278 227 865 3559 1412
internal_value=1.69579e-05 0.0227214 -0.0245888 0.0265098 0.030302 -0.0375986 0.023581 0.0117641 -0.0276838 -0.0248136 -0.0144691 -0.00979599 -0.0238237 0.0193731
internal_weight=6392.81 3324.91 3067.9 3036.98 2550.78 1318.58 1776.61 802.151 129.28 672.857 1749.32 367.046 919.773 672.871
internal_count=29147 16379 12768 15187 12897 5602 8916 3983 612 2779 7166 1501 3786 3371
cat_boundaries=0 1 2 3
cat_threshold=2195460 831511 4
is_linear=0
shrinkage=0.05


Tree=18
num_leaves=15
num_cat=2
split_feature=7 7 28 21 24 0 7 7 7 24 28 19 19 26
split_gain=1292.29 179.991 143.188 107.08 176.981 89.7567 91.4625 88.7075 76.5039 75.2556 53.6934 54.3709 83.6357 43.2865
threshold=14.500000000000002 -4.4999999999999991 0 0.84023052232273143 0.49751468603673649 98.010000000000005 11.500000000000002 23.500000000000004 20.500000000000004 0.39781389969450243 1 92.600000000000009 87.715000000000018 1.0000000180025095e-35
decision_type=2 2 9 8 10 10 2 2 2 10 9 8 10 2
left_child=1 -1 7 4 -3 6 10 9 -4 -2 11 12 -5 -14
right_child=2 3 8 5 -6 -7 -8 -9 -10 -11 -12 -13 13 -15
leaf_value=-0.016043090989010758 -0.007729807057934867 -0.089700359342844219 0.0032613313239035786 0.037507787566182241 0.042629104847057037 -0.016210438920500208 0.010877447077612276 -0.048556222967933327 -0.020039425915208409 -0.04148609628084312 0.014964486066702086 0.047251129620321242 -0.039541712978519279 0.014238350154835606
leaf_weight=281.56653247773647 373.20809575915337 50.679661855101585 495.5170571655035 829.17610019445419 48.575087741017342 112.48719036579132 547.6547385007143 663.16803106665611 1215.4964070022106 295.92996826767921 375.31143508851528 799.09841425716877 45.044816136360168 198.81171914935112
leaf_count=1165 1528 220 2019 4400 244 516 2491 2934 5001 1244 1813 4302 204 1017
internal_value=0.000410957 0.0221382 -0.0230656 0.0257177 -0.0251593 0.0274626 0.0292253 -0.0353311 -0.0132163 -0.0226983 0.0336895 0.0371551 0.0299454 0.00418326
internal_weight=6331.73 3288.41 3043.32 3006.84 99.2547 2907.58 2795.1 1332.31 1711.01 669.138 2247.44 1872.13 1073.03 243.857
internal_count=29098 16372 12726 15207 464 14743 14227 5706 7020 2772 11736 9923 5621 1221
cat_boundaries=0 1 2
cat_threshold=2195493 831510
is_linear=0
shrinkage=0.05


Tree=19
num_leaves=15
num_cat=1
split_feature=7 0 7 7 28 15 21 1 9 7 30 26 26 7
split_gain=1172.43 142.516 161.641 118.616 114.334 83.1619 79.3131 77.9065 45.091 42.9917 54.4787 43.3971 41.3963 41.2767
threshold=17.500000000000004 99.910000000000011 13.500000000000002 -6.4999999999999991 0 1.0000000180025095e-35 0.69345350103991299 0.37979601748421571 1.0000000180025095e-35 27.500000000000004 2.5000000000000004 110.50000000000001 542.50000000000011 42.500000000000007
decision_type=2 10 2 2 9 10 8 8 2 2 2 2 2 2
left_child=1 2 3 12 9 6 -5 -6 -4 10 -2 -12 -1 -9
right_child=4 -3 8 5 7 -7 -8 13 -10 -11 11 -13 -14 -15
leaf_value=-0.022336342195611036 -0.039747400467460912 -0.044499420871073066 -0.011283468584752139 -0.074549438389249933 -0.035734078043596469 0.034435569419454505 0.017931969445096237 -0.0012413395479276296 0.011545850251359874 -0.045266864810864588 -0.0010910682690740618 -0.043211380387898429 0.028546212467709643 -0.029421327634328861
leaf_weight=164.79460641741753 394.95270438492298 87.668698936700821 409.25493639707565 22.891288697719574 304.5537645816803 1791.6864635646343 813.81603834033012 712.94067399203777 456.49598242342472 643.15404000878334 237.72671057283878 81.35741913318634 51.739925369620323 157.93741576373577
leaf_count=666 1683 353 1723 95 1283 9555 4037 2895 1962 2862 985 348 231 642
internal_value=0.000611937 0.01818 0.0196724 0.0254274 -0.0257328 0.0283572 0.0153158 -0.0138913 0.000753482 -0.0356063 -0.0273515 -0.011932 -0.0101029 -0.00637978
internal_weight=6330.97 3798.35 3710.68 2844.93 2532.62 2628.39 836.707 1175.43 865.751 1357.19 714.037 319.084 216.535 870.878
internal_count=29320 18622 18269 14584 10698 13687 4132 4820 3685 5878 3016 1333 897 3537
cat_boundaries=0 1
cat_threshold=2199556
is_linear=0
shrinkage=0.05


Tree=20
num_leaves=15
num_cat=6
split_feature=7 21 0 7 26 28 29 28 26 28 29 7 29 15
split_gain=1060.58 130.549 133.976 142.014 128.154 112.779 127.962 109.108 105.761 117.82 86.4007 82.7089 82.2409 63.7052
threshold=17.500000000000004 0.84023052232273143 99.805000000000021 13.500000000000002 638.50000000000011 0 1 2 430.50000000000006 3 4 8.5000000000000018 5 5.5047445308177965
decision_type=2 8 10 2 2 9 9 9 2 9 9 2 9 8
left_child=1 4 3 5 -1 6 8 12 9 -3 -9 -6 -2 -12
right_child=7 2 -4 -5 11 -7 -8 10 -10 -11 13 -13 -14 -15
leaf_value=-0.096256165063818497 -0.047655589183540209 -0.041388380069897569 -0.038928487249060201 0.0027000375671033055 0.053436078960926475 0.0023637547691127882 0.036808339332209818 -0.033237864663938486 0.029954122944456436 0.030175589367121603 0.0083686586025084955 -0.046356421639540568 -0.021647054041931249 -0.020450060925006834
leaf_weight=47.576068073511124 645.02414755523205 151.23438020050526 96.137732967734337 842.91366067528725 42.911136955022812 432.69317592680454 1790.8442438840866 352.76003628969193 247.51990586519241 80.719327598810196 459.35614030063152 38.401930570602417 697.86975580453873 327.7209487259388
leaf_count=197 2854 685 391 3593 228 2036 9695 1449 1263 411 1881 171 3010 1354
internal_value=0.000582237 0.0172882 0.0190406 0.0206228 -0.0319953 0.0262088 0.0306052 -0.0247887 0.00713038 -0.016943 -0.0129996 0.00631621 -0.0344253 -0.00359589
internal_weight=6253.68 3770.95 3642.06 3545.92 128.889 2703.01 2270.32 2482.73 479.474 231.954 1139.84 81.3131 1342.89 787.077
internal_count=29218 18670 18074 17683 596 14090 12054 10548 2359 1096 4684 399 5864 3235
cat_boundaries=0 1 3 4 5 7 9
cat_threshold=2928663 17334273 18 2199557 2400272 595593490 8 1108102222 40
is_linear=0
shrinkage=0.05


Tree=21
num_leaves=15
num_cat=5
split_feature=7 29 7 0 28 29 1 1 25 25 28 28 21 24
split_gain=963.854 136.206 125.678 120.961 103.845 92.5168 81.4264 79.0947 72.1727 75.2971 54.6954 52.9699 51.7753 96.9325
threshold=17.500000000000004 0 11.500000000000002 98.010000000000005 1 2 0.38935969868173265 1.9050836550836554 0.11405373071103574 0.11102074454827797 3 4 0.84023052232273143 0.49751468603673649
decision_type=2 9 2 8 9 9 10 8 10 10 9 9 8 10
left_child=1 3 4 8 -3 6 -2 -5 9 -1 -8 -7 13 -6
right_child=5 2 -4 7 12 11 10 -9 -10 -11 -12 -13 -14 -15
leaf_value=0.0010955750755806844 -0.049165885064806125 0.0021387211724614879 0.0066899155650674549 0.0013391307447133199 -0.07688306668817893 -0.0035804396899136236 -0.036261575428267197 -0.037750657340257184 0.023199611846403564 -0.09203602917818704 -0.0096494161505523771 -0.02525094980805119 0.038261799129543583 0.05702883366825795
leaf_weight=111.24489805102348 519.42712226510048 282.88610169291496 835.35862340033054 287.76419535279274 26.952037006616592 621.7083216458559 415.56135050952435 234.06163980066776 574.88588143885136 25.956803053617477 400.47247774899006 525.47730483114719 1317.4976154565811 25.19280943274498
leaf_count=533 2316 1365 3639 1361 118 2570 1784 1023 2900 116 1624 2305 7415 143
internal_value=-0.000371557 0.0157225 0.0224166 0.00202043 0.0304932 -0.0244952 -0.0334399 -0.016233 0.0154291 -0.0170622 -0.0237912 -0.0136523 0.0360649 -0.0123303
internal_weight=6204.45 3721.8 2487.89 1233.91 1652.53 2482.65 1335.46 521.826 712.088 137.202 816.034 1147.19 1369.64 52.1448
internal_count=29212 18613 12680 5933 9041 10599 5724 2384 3549 649 3408 4875 7676 261
cat_boundaries=0 2 3 5 6 7
cat_threshold=1630109955 50 1130992 1133268298 42 2199556 290946
is_linear=0
shrinkage=0.05


Tree=22
num_leaves=15
num_cat=3
split_feature=7 7 1 26 7 3 21 29 26 29 29 7 1 19
split_gain=906.085 141.442 99.8267 87.3332 83.8914 63.445 62.4685 57.0834 52.4222 51.1401 49.4821 51.6762 48.1533 46.7806
threshold=14.500000000000002 1.5000000000000002 0.38935969868173265 1064.0000000000002 11.500000000000002 0.0010407763532763535 0.96771158441119398 0 13.500000000000002 1 2 20.500000000000004 2.36451048951049 87.715000000000018
decision_type=2 2 8 2 2 10 8 9 2 9 9 2 10 10
left_child=1 3 9 12 5 -3 -4 8 13 -2 -8 -12 -1 -7
right_child=2 4 6 -5 -6 7 10 -9 -10 -11 11 -13 -14 -15
leaf_value=-0.0059232214888794389 -0.048039388683469408 -0.016585943034960308 -0.042784145038818708 0.025346718939078378 0.0059887416195223116 0.015947719423589499 -0.02964130174549176 0.036244557773816986 0.024113433376504227 -0.021395048750337615 0.0024987137480124355 -0.015446478687948456 -0.044032699554213225 -0.043551902139843973
leaf_weight=266.0578333735466 393.75489935278893 76.905797228217125 177.56239931285381 167.03285753726959 563.68682776391506 73.395751774311066 320.33757972717285 1223.7499211132526 609.9919058829546 447.22354099154472 666.16033251583576 1006.6030435264111 119.65570451319218 58.522548109292984
leaf_count=1138 1815 370 750 806 2596 376 1330 7109 3276 1975 2725 4236 498 268
internal_value=-0.000497667 0.0182071 -0.0201171 -0.0047595 0.0230779 0.0277887 -0.0144395 0.0295324 0.017701 -0.0347371 -0.0118942 -0.00825346 -0.0178288 -0.010577
internal_weight=6170.64 3159 3011.64 552.746 2606.25 2042.57 2170.66 1965.66 741.91 840.978 1993.1 1672.76 385.714 131.918
internal_count=29268 16437 12831 2442 13995 11399 9041 11029 3920 3790 8291 6961 1636 644
cat_boundaries=0 2 4 6
cat_threshold=1091146499 62 42747982 40 1613498626 2
is_linear=0
shrinkage=0.05


Tree=23
num_leaves=15
num_cat=2
split_feature=6 28 3 8 6 0 11 21 19 13 24 33 25 24
split_gain=518.521 141.403 114.825 109.078 107.673 87.9601 70.9949 58.1091 51.4208 65.6555 50.944 50.182 69.4301 100.347
threshold=13.500000000000002 0 1.0000000180025095e-35 -2.4999999999999996 23.500000000000004 99.995000000000019 7.8066145571806018 0.93522621351640156 88.715000000000018 8.7512500000000024 0.47655963667832812 1 0.93104044995538782 0.31229400352612569
decision_type=8 9 10 8 10 10 2 8 8 8 10 1 10 10
left_child=1 2 -1 -2 6 11 7 -5 9 -9 -3 12 13 -4
right_child=3 10 5 4 -6 -7 -8 8 -10 -11 -12 -13 -14 -15
leaf_value=-0.020860105897287137 0.032889945512930958 -0.0014013931371407717 -0.032380959495984359 -0.058480369113298264 -0.033216384783950642 -0.04353723954039132 0.022286916476710949 0.009408712578845721 -0.0040236734793334073 -0.039539826660456641 -0.052980893891579672 0.031406432668712368 0.029298594452753277 0.014431708705713473
leaf_weight=179.99015824496746 98.800577715039253 1020.8338610976934 130.49144804477692 71.52934730052948 956.2409056276083 51.882800027728081 141.67862276732922 90.930381491780281 679.26213918626308 272.70751760900021 49.230727583169937 871.13844898343086 652.38315843045712 885.62921561300755
leaf_count=795 430 4571 615 325 4376 210 585 384 2923 1169 223 4611 3484 4706
internal_value=0.000427503 0.011685 0.0176078 -0.0182816 -0.0205807 0.0203544 -0.0109428 -0.0151835 -0.0121607 -0.0273076 -0.00378632 0.0216763 0.0165804 0.00839404
internal_weight=6152.73 3841.58 2771.52 2311.15 2212.35 2591.53 1256.11 1114.43 1042.9 363.638 1070.06 2539.64 1668.5 1016.12
internal_count=29407 19215 14421 10192 9762 13626 5386 4801 4476 1553 4794 13416 8805 5321
cat_boundaries=0 1 2
cat_threshold=832787 4
is_linear=0
shrinkage=0.05


Tree=24
num_leaves=15
num_cat=4
split_feature=6 15 29 6 8 21 11 29 19 26 29 25 29 26
split_gain=453.099 114.602 97.3262 96.6057 95.4166 71.3094 59.0185 57.1423 57.0315 53.5363 52.6397 49.6388 44.7526 44.0086
threshold=13.500000000000002 0.72914783915692183 0 24.500000000000004 -2.4999999999999996 0.93846460806794274 7.8066145571806018 1 21.000000000000004 542.50000000000011 2 0.11405373071103574 3 3280.5000000000005
decision_type=8 10 9 10 10 8 2 9 8 2 9 10 9 2
left_child=1 2 9 5 -5 -2 8 13 -7 11 -10 -1 -6 -3
right_child=3 7 -4 4 12 6 -8 -9 10 -11 -12 -13 -14 -15
leaf_value=-0.047247361595008301 -0.055682994540982134 0.0051327752439525752 0.013290121373107314 0.027807459464900715 -0.045803461475416335 -0.035050162298099125 0.023108786663887011 0.025074518045373275 -0.019058707168703531 0.009502435355974885 0.005238833788546773 -0.011650427272632498 -0.021358359934976583 0.044882057948770725
leaf_weight=120.73142698407173 75.300252288579941 839.12193703651428 790.31400500237942 66.464603111147881 429.12121060490608 186.58849455416203 153.00694803893566 1258.8267198503017 366.03520028293133 232.20040699839592 539.01931643486023 507.16508319973946 457.29843766987324 74.980281919240952
leaf_count=532 347 4270 3896 280 2037 823 637 6675 1590 1162 2297 2290 2067 423
internal_value=0.000147954 0.0106571 0.000722838 -0.0175273 -0.0296526 -0.00875814 -0.0058768 0.0181987 -0.00995691 -0.0108551 -0.00475065 -0.0185592 -0.0339875 0.00834752
internal_weight=6096.17 3823.34 1650.41 2272.83 952.884 1319.95 1244.65 2172.93 1091.64 860.097 905.055 627.897 886.42 914.102
internal_count=29326 19248 7880 10078 4384 5694 5347 11368 4710 3984 3887 2822 4104 4693
cat_boundaries=0 2 4 6 8
cat_threshold=2179761478 50 1628014931 15 1622035730 48 1116489806 40
is_linear=0
shrinkage=0.05


Tree=25
num_leaves=15
num_cat=6
split_feature=7 7 28 29 7 26 29 3 26 28 28 1 29 7
split_gain=748.902 115.652 97.7577 101.979 80.7195 76.9511 67.6276 49.5492 49.4343 48.3917 47.6754 44.633 41.2021 45.8928
threshold=14.500000000000002 1.5000000000000002 0 1 11.500000000000002 1064.0000000000002 2 0.87847548525456698 102.50000000000001 3 4 2.300406504065041 5 17.500000000000004
decision_type=2 2 9 9 2 2 9 10 2 9 9 10 9 2
left_child=1 5 3 -2 6 11 8 12 10 -6 -3 -1 13 -4
right_child=2 4 7 -5 9 -7 -8 -9 -10 -11 -12 -13 -14 -15
leaf_value=-0.0036099197682074968 -0.044366271566331994 0.021238991523764416 0.0083976173892609841 -0.015023879605628601 0.025116634314658937 0.025666359486551955 0.034412548716921725 0.035950017317022576 0.023920598186692638 -0.0059192517259406335 -0.017863353542271723 -0.039367276126617223 -0.0041266202871115577 -0.025259933799155282
leaf_weight=260.18003724515438 570.82944506406784 125.16005365550518 118.72111822664738 681.35771246254444 177.69558869302273 157.52183233201504 1119.6581126302481 55.321617603302002 570.33014680445194 368.52774581313133 171.45347620546818 130.49311684072018 883.79628427326679 671.94260530173779
leaf_count=1117 2668 666 487 2998 851 777 6768 228 3173 1690 837 546 3682 2825
internal_value=-0.000202192 0.017083 -0.0180613 -0.0286699 0.0215883 -0.00373399 0.0262669 -0.0101453 0.0151482 0.0045555 -0.00123425 -0.0156237 -0.0117494 -0.0199499
internal_weight=6062.99 3081.02 2981.97 1252.19 2532.83 548.195 1986.6 1729.78 866.944 546.223 296.614 390.673 1674.46 790.664
internal_count=29313 16425 12888 5666 13985 2440 11444 7222 4676 2541 1503 1663 6994 3312
cat_boundaries=0 1 3 5 6 7 9
cat_threshold=2195460 1118592078 8 3775496979 62 274579 2363798 2743605522 43
is_linear=0
shrinkage=0.05


Tree=26
num_leaves=15
num_cat=5
split_feature=1 28 29 28 0 29 1 11 29 24 1 0 5 15
split_gain=419.29 165.211 135.049 81.1977 70.376 60.8089 52.3148 52.1165 49.3101 47.6211 43.9825 43.6974 36.3955 35.6541
threshold=0.55190373563218398 0 1 2 98.010000000000005 3 0.72255689424364133 6.1544121344931524 4 0.47655963667832812 0.19264507422402163 19.805000000000003 0.91332976190476201 1.5885854015949044
decision_type=8 9 9 9 8 9 10 2 9 10 10 10 10 8
left_child=3 2 4 8 11 13 -4 -6 -1 -7 -5 -2 -13 -3
right_child=1 5 6 10 7 9 -8 -9 -10 -11 -12 12 -14 -15
leaf_value=0.01088366353279881 -0.021167931069480277 -0.040474784167416039 0.006433745760586188 -0.03232888025596977 -0.032181006881977413 0.0015095169364819786 0.025450980928110503 0.0021097143352457248 -0.041366447785860877 -0.055993372858478024 -0.0053679976520097658 0.019293012658406578 -0.051285896678528224 -0.010037575913244031
leaf_weight=50.467906892299652 90.930685073137283 173.05118051171303 467.3450960367918 206.19852462410927 235.83137799799442 1106.4138247072697 1610.345424041152 208.01160560548306 586.73639272153378 36.21471931040287 562.42606228590012 456.98952475190163 18.083691447973251 217.16757355630398
leaf_count=239 434 737 2188 922 1076 4918 8782 1027 2908 166 2456 2439 93 958
internal_value=-0.000111589 0.00716401 0.0137982 -0.0240116 -0.00124331 -0.00624846 0.0210771 -0.0161417 -0.0371137 -0.000357236 -0.0124713 0.0104255 0.0165043 -0.0230163
internal_weight=6026.21 4620.38 3087.54 1405.83 1009.85 1532.85 2077.69 443.843 637.204 1142.63 768.625 566.004 475.073 390.219
internal_count=29343 22818 16039 6525 5069 6779 10970 2103 3147 5084 3378 2966 2532 1695
cat_boundaries=0 1 3 4 6 8
cat_threshold=832787 1093502979 22 98309 3766486272 48 2684362752 6
is_linear=0
shrinkage=0.05


Tree=27
num_leaves=15
num_cat=4
split_feature=7 0 21 24 28 28 33 33 26 22 15 7 15 18
split_gain=638.735 110.521 105.714 129.281 94.913 93.8614 61.5445 57.6434 78.9814 59.1823 47.6827 43.9776 45.0977 46.3888
threshold=14.500000000000002 98.010000000000005 0.84023052232273143 0.49751468603673649 0 1 2 3 19.500000000000004 8.4933333333333341 3.3911746375780649 20.500000000000004 -0.015577817493702946 -3.3987499999999984
decision_type=2 10 8 10 9 9 1 1 2 10 8 2 10 10
left_child=1 2 3 -1 11 7 -6 8 9 -4 -7 -2 -13 -14
right_child=4 -3 5 -5 6 10 -8 -9 -10 -11 -12 12 13 -15
leaf_value=-0.082101057853598849 0.0036524205259048769 -0.021837568121071769 0.0017799853886833732 0.034618686426790467 -0.037004726159274477 -0.013244875742402577 -0.014909063438528698 0.036680629362151516 0.025367763070106387 -0.11710059166156538 0.015642909626022435 -0.026523365611050245 0.0031686985988059638 -0.023164138827533584
leaf_weight=55.598497048020363 486.5228915065527 183.8416897803545 332.51011174917221 40.084194630384445 725.32908929884434 277.72816887497902 560.50235186517239 683.85462094843388 1159.4116391986609 9.8086827844381315 292.0304986089468 454.91305953264236 458.94390004873276 261.95811623334885
leaf_count=241 1994 836 1761 224 3384 1305 2514 4025 6552 44 1422 1962 1911 1098
internal_value=-0.000447451 0.0156519 0.0180761 -0.0333515 -0.0170199 0.0198734 -0.0271809 0.0245317 0.0191418 -0.00195754 0.00153615 -0.00893154 -0.014213 -0.00641884
internal_weight=5983.04 3034.87 2851.03 95.6827 2948.17 2755.34 1285.83 2185.59 1501.73 342.319 569.759 1662.34 1175.82 720.902
internal_count=29273 16410 15574 465 12863 15109 5898 12382 8357 1805 2727 6965 4971 3009
cat_boundaries=0 1 2 3 4
cat_threshold=1340434 831623 4 4
is_linear=0
shrinkage=0.05


Tree=28
num_leaves=15
num_cat=6
split_feature=7 29 7 28 28 29 20 29 1 19 21 24 29 15
split_gain=574.261 116.506 94.6184 77.5406 73.6761 72.3683 68.6348 58.0686 58.307 57.7236 53.3787 103.258 51.8187 49.2671
threshold=13.500000000000002 0 20.500000000000004 1 2 3 3.2599999999999949 4 0.64747307373653695 86.492500000000021 0.84023052232273143 0.49751468603673649 5 -1.0000000180025095e-35
decision_type=2 9 2 9 9 9 8 9 10 10 8 10 9 10
left_child=1 6 7 10 5 -4 -1 -2 -9 -8 11 -3 -6 -7
right_child=2 3 4 -5 12 13 9 8 -10 -11 -12 -13 -14 -15
leaf_value=0.020895334115328061 -0.018958898527809465 -0.071588790308652062 -0.024382579522187343 0.0022152683738902545 -0.043330090773799068 -0.016710928153253295 0.0030014242179242871 -0.012505790296167494 0.013726271307386706 -0.031030621226562846 0.031241002809755954 0.04955427216311642 -0.019183437269409999 0.01668460779082134
leaf_weight=291.50166766345501 417.19811128079891 35.753368318080902 465.09027397632599 344.43140308558941 461.51225459575653 181.46158115565777 348.50072588026524 346.80510094761848 540.97347445785999 192.80520874261856 1426.6816662549973 32.782668963074684 546.93101708590984 278.85316903889179
leaf_count=1559 1796 156 1962 1667 2270 772 1774 1474 2324 852 8665 197 2519 1156
internal_value=-0.000103872 0.0170489 -0.0142581 0.0240092 -0.0212757 -0.0106665 0.00135934 -0.00385035 0.00343766 -0.00915516 0.0289767 -0.0137634 -0.0305824 0.00343749
internal_weight=5911.28 2672.46 3238.82 1839.65 1933.85 925.405 832.808 1304.98 887.779 541.306 1495.22 68.536 1008.44 460.315
internal_count=29143 14870 14273 10685 8679 3890 4185 5594 3798 2626 9018 353 4789 1928
cat_boundaries=0 2 3 4 6 8 10
cat_threshold=17334531 50 831511 1336992 2743868690 40 1630438674 26 1112299598 9
is_linear=0
shrinkage=0.05


Tree=29
num_leaves=15
num_cat=6
split_feature=6 28 29 25 24 28 1 29 29 33 3 20 24 18
split_gain=305.858 100.784 139.57 111.419 81.1068 65.7167 62.8484 60.4895 46.7564 47.1812 41.7039 37.6804 36.3758 33.8368
threshold=13.500000000000002 0 1 0.93104044995538782 0.2321167978002632 2 0.6224318658280924 3 4 5 0.29255676780746592 -84.399999999999991 0.45602995993635304 -3.0587499999999994
decision_type=8 9 9 10 10 9 8 9 9 1 8 8 10 10
left_child=1 2 3 4 -1 -2 8 10 -7 -10 -3 -4 -9 -6
right_child=5 7 11 -5 13 6 -8 12 9 -11 -12 -13 -14 -15
leaf_value=-0.075610625130264703 -0.0031126392762974558 -0.043371633744161912 -0.029692009487507533 0.024023588508496313 -0.022471884761101589 0.0067134838604119606 -0.0028331761707994043 0.0087232390660015643 -0.042056898308436258 -0.019460252103315992 -0.008771843991514797 0.023221988481567965 -0.061453917783998627 0.003789642657212862
leaf_weight=50.53661373257637 846.50664867460728 118.67754672467709 33.475041583180428 256.51713380217552 249.73510310053825 94.851726070046425 351.12115402519703 581.20991763472557 469.36443351209164 460.21767853200436 322.57755002379417 1781.4201739579439 18.07948337495327 239.63401912152767
leaf_count=216 3654 524 165 1384 1202 433 1584 2670 2345 2131 1439 10082 81 1268
internal_value=0.000357212 0.00925635 0.0144662 -0.00301305 -0.0159349 -0.0142657 -0.0209472 -0.00392065 -0.0273512 -0.0305741 -0.0177532 0.0221084 0.00640065 -0.00963065
internal_weight=5873.92 3651.86 2611.32 796.423 539.906 2222.06 1375.55 1040.54 1024.43 929.582 441.255 1814.9 599.289 489.369
internal_count=29178 19031 14317 4070 2686 10147 6493 4714 4909 4476 1963 10247 2751 2470
cat_boundaries=0 1 3 4 6 8 9
cat_threshold=832787 558661635 18 1331200 2745238808 49 2685444352 6 4
is_linear=0
shrinkage=0.05


Tree=30
num_leaves=15
num_cat=5
split_feature=7 7 28 29 15 0 29 7 24 28 19 25 20 29
split_gain=530.856 124.683 92.5694 104.717 66.6992 60.7613 57.8343 49.6652 66.0185 45.5723 45.3003 43.8847 43.3029 40.7314
threshold=13.500000000000002 1.5000000000000002 0 1 0.31014698718731465 98.965000000000018 2 23.500000000000004 0.39781389969450243 3 29.000000000000004 0.93104044995538782 -77.47499999999998 4
decision_type=2 2 9 9 10 8 9 2 10 9 8 10 8 9
left_child=1 5 4 -4 13 12 11 8 -5 10 -8 -3 -1 -2
right_child=2 6 3 7 -6 -7 9 -9 -10 -11 -12 -13 -14 -15
leaf_value=-0.04020456163379435 0.0062173032618957425 -0.00025799214476447273 -0.036607116042460516 0.0089445338931731892 0.0054629331718627008 -0.018440410949923675 -0.018063753226519291 -0.024776129946668231 -0.02416521317002808 0.0073252720198971784 0.034349285272156208 0.024718742767774277 0.025168073427981344 -0.022859885482706274
leaf_weight=28.574375808238983 157.4960235953331 430.3654156178236 701.52516040205956 419.20470580458641 778.91844840347767 332.24824424088001 42.258772939443588 431.4358131736517 233.63279834389687 249.36407753825188 1088.217728972435 296.37056744098663 178.51812455058098 500.02719986438751
leaf_count=121 664 2315 3356 1784 3279 1416 229 2079 1035 1310 6991 1696 904 2135
internal_value=-0.000361195 0.0162313 -0.0139868 -0.0215433 -0.00440349 -0.00521177 0.0217212 -0.0115273 -0.00292338 0.0277096 0.0320921 0.00981291 0.0159982 -0.0161489
internal_weight=5868.16 2645.92 3222.24 1785.8 1436.44 539.341 2106.58 1084.27 652.838 1379.84 1130.48 726.736 207.093 657.523
internal_count=29314 14982 14332 8254 6078 2441 12541 4898 2819 8530 7220 4011 1025 2799
cat_boundaries=0 1 3 5 6 8
cat_threshold=1336595 1080974670 8 1629127171 30 831765 3228611850 21
is_linear=0
shrinkage=0.05


Tree=31
num_leaves=15
num_cat=4
split_feature=7 7 7 29 3 21 19 11 29 28 24 29 1 26
split_gain=451.868 118.366 73.2886 71.397 66.573 59.4371 59.0367 53.8651 49.7174 46.27 38.7643 58.2819 38.2269 37.4538
threshold=13.500000000000002 1.5000000000000002 23.500000000000004 0 0.0053563610510519747 0.84023052232273143 87.715000000000018 6.4099692475812011 1 2 0.39781389969450243 3 0.42799539170506917 59.500000000000007
decision_type=2 2 2 9 10 8 8 2 9 9 10 9 8 2
left_child=1 6 5 12 -3 -2 -1 -5 13 -9 -7 -12 -4 -6
right_child=2 4 3 7 8 10 -8 9 -10 -11 11 -13 -14 -15
leaf_value=0.019937640637706231 -0.0565472639965372 -0.017737001198564518 -0.046590487533394877 -0.026246954570560112 -0.0045666020069321947 0.0015542267043007032 -0.015850715739465244 0.012142838770694341 0.029611512375608759 -0.017678186419156972 0.0090159246533735842 -0.027575063568618607 -0.022829446750001939 0.019642482092259567
leaf_weight=163.41590149700642 53.470797389745712 104.82415288686752 281.20391625165939 315.42361162602901 219.7325876802206 1140.3446823656559 384.45489367842674 307.25974558293819 1170.4888085126877 208.98466557264328 161.68360869586468 311.08745265007019 433.63650695979595 581.21035937964916
leaf_count=832 264 519 1494 1481 1112 4832 1656 1287 7519 975 709 1390 1902 3369
internal_value=0.000115458 0.0155059 -0.0124548 -0.0202907 0.0209588 -0.00517571 -0.00515908 -0.00988469 0.0230242 -4.70825e-05 -0.00343889 -0.0154604 -0.0317846 0.0128433
internal_weight=5837.22 2624.13 3213.09 1546.51 2076.26 1666.59 547.871 831.668 1971.43 516.244 1613.12 472.771 714.84 800.943
internal_count=29341 15007 14334 7139 12519 7195 2488 3743 12000 2262 6931 2099 3396 4481
cat_boundaries=0 2 4 5 7
cat_threshold=1116489800 42 1091214099 30 286722 2190553152 37
is_linear=0
shrinkage=0.05


Tree=32
num_leaves=15
num_cat=4
split_feature=7 29 0 20 28 6 22 28 29 25 25 15 7 1
split_gain=434.686 87.7193 68.2914 66.3925 66.3913 76.4101 61.2681 58.3071 51.349 49.1738 76.2045 46.7476 46.5653 44.9646
threshold=17.500000000000004 0 98.010000000000005 -84.399999999999991 1 8.5000000000000018 2.2566666666666668 2 3 0.11405373071103574 0.10313837405104768 8.0483874074566746 11.500000000000002 1.7670542635658917
decision_type=2 9 8 8 9 10 10 9 9 10 10 8 2 8
left_child=1 2 3 -1 5 -3 7 8 -2 10 -5 -7 -11 -4
right_child=6 4 13 9 -6 11 -8 -9 -10 12 -12 -13 -14 -15
leaf_value=-0.051284644841595811 0.023660108892514357 0.029487903763114661 0.0011931619310795137 0.0057049054547785773 0.0006581961341619745 0.020799918458016486 -0.04159661477983452 -0.021760080614923707 -0.0092646860126036745 0.029355894210064428 -0.089102408771019562 -0.01120271873708222 -0.0017586957290127237 -0.026865900530787162
leaf_weight=39.274514228105545 126.13960264623165 1182.5766478925943 316.82736568152905 109.97131486237049 444.81803467869759 235.51576934754848 218.37651111185551 1088.3661290854216 882.52698920667171 435.52020001411438 25.225533992052078 219.59525036811829 165.81520162522793 258.78567746281624
leaf_count=176 531 7340 1582 562 2122 1165 1093 5168 3707 2585 113 1081 739 1164
internal_value=0.000299129 0.0115872 0.00157937 0.0112665 0.0179839 0.022654 -0.0164397 -0.0138014 -0.00493643 0.014667 -0.0125089 0.00536765 0.0207875 -0.0114464
internal_weight=5749.33 3433.93 1351.42 775.807 2082.51 1637.69 2315.41 2097.03 1008.67 736.532 135.197 455.111 601.335 575.613
internal_count=29128 18629 6921 4175 11708 9586 10499 9406 4238 3999 675 2246 3324 2746
cat_boundaries=0 2 3 4 6
cat_threshold=1631420675 54 831495 1336338 1056844 17
is_linear=0
shrinkage=0.05


Tree=33
num_leaves=15
num_cat=6
split_feature=7 28 29 26 28 29 1 20 28 20 21 3 29 15
split_gain=393.792 83.0102 84.3422 80.1919 76.499 70.7863 62.6875 46.7905 45.4127 40.5276 40.0443 51.5546 39.2801 37.1726
threshold=15.500000000000002 0 1 430.50000000000006 2 3 0.72255689424364133 -3.3499999999999965 4 -84.47499999999998 0.84023052232273143 0.60178115969771528 5 4.1327127303517388
decision_type=2 9 9 2 9 9 8 8 9 10 8 10 9 8
left_child=1 -1 3 7 5 -2 -4 9 10 -3 11 -8 -6 -14
right_child=4 2 6 -5 12 -7 8 -9 -10 -11 -12 -13 13 -15
leaf_value=0.027511092815853528 -0.040521351738863662 -0.048446411677073309 -0.011636901192526413 0.012680173385252295 -0.014428727190924182 -0.013719534200086609 -0.076300061151336751 -0.024909011475244304 0.0032983446709977469 0.021197319737718247 0.029184953296551082 0.027179734252857152 0.011637349501556666 -0.0094333447747299813
leaf_weight=701.60797546803951 401.26720274984837 24.51323513686657 175.98409536480904 429.84598132967949 802.7077970802784 713.26881596446037 20.257314994931221 400.2032340914011 308.12060524523258 114.73440386354923 796.00254118442535 26.904665842652321 415.15809880197048 420.14970403909683
leaf_count=4216 2085 106 900 2401 3438 3337 89 1858 1494 592 5097 164 1734 1793
internal_value=2.9313e-05 0.012564 0.00783374 -0.00337973 -0.0136235 -0.0236707 0.0159833 -0.0162389 0.0203505 0.00867918 0.0262209 -0.0179289 -0.0065922 0.00102814
internal_weight=5750.73 2998.17 2296.57 969.297 2752.55 1114.54 1327.27 539.451 1151.29 139.248 843.165 47.162 1638.02 835.308
internal_count=29304 16917 12701 4957 12387 5422 7744 2556 6844 698 5350 253 6965 3527
cat_boundaries=0 1 3 4 6 7 9
cat_threshold=274437 1638449410 54 2195460 1085037644 8 557074 596380946 42
is_linear=0
shrinkage=0.05


Tree=34
num_leaves=15
num_cat=6
split_feature=7 0 21 20 7 29 0 15 29 28 28 28 6 29
split_gain=360.473 112.64 70.7996 63.018 56.2507 54.9475 80.0085 52.486 55.9017 49.8827 49.8356 44.0948 48.0007 42.7762
threshold=13.500000000000002 99.470000000000013 4.5459738125764675 -84.399999999999991 42.500000000000007 0 93.510000000000005 5.3917925881181272 1 2 3 4 8.5000000000000018 5
decision_type=2 10 8 8 2 9 8 8 9 9 9 9 10 9
left_child=1 3 -2 -1 7 6 -5 8 -4 -9 -10 -7 -13 -11
right_child=2 -3 4 5 -6 11 -8 9 10 13 -12 12 -14 -15
leaf_value=-0.034193557583705229 -0.029939298327685777 -0.033500657975719883 -0.010513270212777225 0.022689757751181681 -0.026255296611158385 0.0018545213203592257 -0.0078352356598221495 0.0056256399867104026 0.019056969822339634 0.0086674956350502284 -0.0097604185811596203 0.031358348763117369 0.0052329527281959705 -0.023437258722385845
leaf_weight=59.334848910570145 436.58347146213055 118.13401645421982 531.67618268728256 423.58574777841568 374.91561034321785 217.19482171535492 433.42053842544556 269.63407012820244 507.36291886866093 119.21735230088234 205.92469246685505 1078.0946867838502 210.57502818107605 744.04507099092007
leaf_count=283 2086 509 2320 2479 1835 1084 2180 1133 2175 550 916 7180 1251 3404
internal_value=-6.2617e-05 0.0139866 -0.0112538 0.0163155 -0.00828052 0.0175978 0.00717732 -0.00543661 0.00165001 -0.0132188 0.0107156 0.0233172 0.0268882 -0.0189503
internal_weight=5729.7 2540.34 3189.36 2422.21 2752.78 2362.87 857.006 2377.86 1244.96 1132.9 713.288 1505.86 1288.67 863.262
internal_count=29385 14966 14419 14457 12333 14174 4659 10498 5411 5087 3091 9515 8431 3954
cat_boundaries=0 2 4 5 6 7 9
cat_threshold=2171076887 50 1659652370 38 1327122 319490 83264 3254837252 36
is_linear=0
shrinkage=0.05


Tree=35
num_leaves=15
num_cat=6
split_feature=7 29 28 6 0 28 7 29 1 29 28 0 24 11
split_gain=334.058 85.728 64.5403 78.6716 61.6868 58.1779 47.9018 46.4641 44.1306 43.8788 43.0386 38.0111 37.249 36.7515
threshold=17.500000000000004 0 1 8.5000000000000018 98.010000000000005 2 8.5000000000000018 3 2.0528309409888363 4 5 91.705000000000013 0.072814442763883422 5.7218188178508971
decision_type=2 9 9 10 8 9 2 9 8 9 9 10 8 2
left_child=1 4 3 11 6 9 13 -7 -6 -2 -8 12 -3 -1
right_child=5 2 -4 -5 8 7 10 -9 -10 -11 -12 -13 -14 -15
leaf_value=-0.002418671229425207 -0.036772711387690733 -0.055134082654529931 -0.0013743403455254877 0.0035331408304672901 -0.001464153400692204 -0.018754853699448761 -0.022394032463964628 -0.00041197081921054857 -0.030005863767789395 -0.013750410478180701 0.015888846817686826 0.0019646742688380443 0.031970693280673888 0.028898178465604746
leaf_weight=133.24361731112003 415.89159597456455 11.551135838031767 420.88824398815632 468.87451715767384 348.9704994559288 593.63152340054512 164.70081170648336 817.00227636098862 220.43893149495125 492.10178615152836 116.90441359579563 127.08743263781071 1026.5957049503922 313.36902066320181
leaf_count=741 2216 60 1995 2334 1751 2580 834 3473 986 2384 583 777 6671 1858
internal_value=-0.000196889 0.00989374 0.0162049 0.0207115 -0.000228692 -0.0147854 0.00940405 -0.00821652 -0.0125469 -0.0246093 -0.00673164 0.0277925 0.0309494 0.0195705
internal_weight=5671.25 3352.62 2055 1634.11 1297.63 2318.63 728.218 1410.63 569.409 907.993 281.605 1165.23 1038.15 446.613
internal_count=29243 18590 11837 9842 6753 10653 4016 6053 2737 4600 1417 7508 6731 2599
cat_boundaries=0 2 3 4 6 8 9
cat_threshold=1630503187 18 1880071 2195589 596118530 42 44985420 9 3178500
is_linear=0
shrinkage=0.05


Tree=36
num_leaves=15
num_cat=4
split_feature=7 7 33 29 3 29 7 11 24 26 26 29 20 15
split_gain=302.41 95.8803 69.5276 66.3868 62.8145 60.6092 59.7075 74.5058 62.3298 50.4598 50.787 49.5349 40.8023 36.1519
threshold=13.500000000000002 3.5000000000000004 0 1 0.0001975209228610726 2 35.500000000000007 6.0151322014886297 0.39181737167486569 506.50000000000006 417.00000000000006 3 23.270000000000007 10.649126583361626
decision_type=2 2 1 9 10 9 2 2 10 2 2 9 10 8
left_child=1 5 6 -4 -3 9 7 11 -9 10 -1 -2 -6 -5
right_child=2 4 3 13 12 -7 -8 8 -10 -11 -12 -13 -14 -15
leaf_value=-0.01833693594021997 0.0023154629662368287 -0.024105924307976822 -0.028016350862923242 0.0095986930287649316 0.023614809269230892 0.015559427815811697 -0.033294378565779048 0.0050835653165269244 -0.020720797033671783 0.007522315768020725 -0.093768979280812917 -0.039872171985994777 -0.018653400480628569 -0.0089273793702439128
leaf_weight=288.52780007570982 97.416214048862457 76.597391232848167 193.28752110898495 731.53455002605915 1517.1201481670141 334.52193131297827 420.76308196783066 626.34796248376369 372.32980658113956 207.35548465698957 23.298618830740452 292.26731340587139 58.619183123111725 410.18455734848976
leaf_count=1315 432 379 899 3194 9832 1879 2093 2714 1761 1136 102 1337 373 1891
internal_value=-0.00010072 0.0128532 -0.0104265 -0.00176857 0.0198795 -0.000753559 -0.0168109 -0.0117949 -0.00454799 -0.011355 -0.0242547 -0.0303081 0.0220316 0.00291534
internal_weight=5650.17 2506.04 3144.13 1335.01 1652.34 853.704 1809.12 1388.36 998.678 519.182 311.826 389.684 1575.74 1141.72
internal_count=29337 15016 14321 5984 10584 4432 8337 6244 4475 2553 1417 1769 10205 5085
cat_boundaries=0 1 2 4 6
cat_threshold=4 1613514832 2179825923 51 2147527232 38
is_linear=0
shrinkage=0.05


Tree=37
num_leaves=15
num_cat=0
split_feature=7 0 21 24 7 21 15 7 25 15 0 13 25 19
split_gain=282.758 86.1525 64.4959 122.229 61.7656 56.5899 54.6847 49.7922 45.5323 38.9108 29.986 42.3199 38.2701 35.4607
threshold=13.500000000000002 99.470000000000013 0.84023052232273143 0.49751468603673649 43.500000000000007 0.84023052232273143 6.6796290606684003 -13.499999999999998 2.2287155654329087 1.0000000180025095e-35 81.960000000000022 8.1750000000000007 8.4943347745220983 41.750000000000007
decision_type=2 10 8 10 2 8 8 2 8 8 8 10 10 8
left_child=1 2 3 -1 5 -2 -7 -4 -8 -9 -11 12 13 -12
right_child=4 -3 7 -5 -6 6 8 9 -10 10 11 -13 -14 -15
leaf_value=-0.075508027164824784 -0.048560451489953638 -0.030056646630600731 -0.014072147585647066 0.048569774190699438 -0.027295106139907013 0.00029185357170459476 -0.020765651316537074 0.0025931090127921698 0.0019772094535895637 0.030105578521772421 -0.011237782514770665 -0.028302603783663741 -0.050933639243896538 0.022096286643618082
leaf_weight=51.149540483951569 78.767636001110077 111.51331299543381 126.56915311515331 31.181095398962498 438.19445252418518 1530.0111003816128 781.35686634480953 340.3553345054388 305.98253381252289 605.97300337255001 85.739627726376057 49.788678355515003 18.648037813603878 1050.1237898916006
leaf_count=227 445 483 542 207 2220 6696 3652 1918 1315 3921 545 329 99 6658
internal_value=6.52887e-05 0.0127101 0.0147431 -0.0284971 -0.00990452 -0.00706899 -0.00580226 0.0163183 -0.0143698 0.0181125 0.0210273 0.0164382 0.0183905 0.0195724
internal_weight=5605.35 2471.04 2359.53 82.3306 3134.31 2696.12 2617.35 2277.2 1087.34 2150.63 1810.27 1204.3 1154.51 1135.86
internal_count=29257 14929 14446 434 14328 12108 11663 14012 4967 13470 11552 7631 7302 7203
is_linear=0
shrinkage=0.05


Tree=38
num_leaves=15
num_cat=7
split_feature=7 29 0 28 28 6 29 7 28 29 5 15 0 29
split_gain=238.44 71.1895 72.0342 64.3968 56.4146 63.363 45.2259 43.0788 46.1645 38.9261 34.5063 34.3503 33.5324 33.4545
threshold=17.500000000000004 0 93.510000000000005 1 2 8.5000000000000018 3 8.5000000000000018 4 5 1.0000000180025095e-35 6.9479904298760831 94.965000000000018 6
decision_type=2 9 8 9 9 10 9 2 9 9 8 8 10 9
left_child=1 2 7 9 5 12 -5 10 -9 -2 -1 -7 -3 -13
right_child=3 4 -4 6 -6 11 -8 8 -10 -11 -12 13 -14 -15
leaf_value=-0.02156392123055606 -0.013744935752501491 0.02868657854014834 -0.012285947064377512 -0.035309984980681129 -0.0010886628061301396 0.018222571065730084 -0.011989875968923331 -0.018097992354319425 0.021165946343928616 0.0029504827495886897 0.027573751663502385 0.018234935098054413 -0.0027633413826521056 -0.020816348586109631
leaf_weight=39.216307282447815 670.72160919010639 995.78700091689825 634.11407076567411 392.06892414391041 438.35040736198425 214.13994151353836 510.27460935711861 182.90006101131439 111.27044431120157 713.17658296227455 336.58068770170212 70.503292173147202 92.448471449315548 167.38894843310118
leaf_count=188 2938 6714 3171 2179 2069 1079 2492 938 564 3037 2118 354 549 838
internal_value=0.0002767 0.00890981 -0.000215245 -0.0121176 0.0148472 0.019358 -0.0224257 0.0112076 -0.00312102 -0.00518572 0.0224024 0.00373749 0.0260147 -0.00932303
internal_weight=5568.94 3282.7 1304.08 2286.24 1978.62 1540.27 902.344 669.968 294.171 1383.9 375.797 452.032 1088.24 237.892
internal_count=29228 18582 6979 10646 11603 9534 4671 3808 1502 5975 2306 2271 7263 1192
cat_boundaries=0 2 3 4 6 7 9 11
cat_threshold=1631486231 18 1340418 831511 44977228 9 3178500 1653349378 43 2189435904 37
is_linear=0
shrinkage=0.05


Tree=39
num_leaves=15
num_cat=7
split_feature=1 8 28 29 25 28 26 26 29 11 29 24 29 29
split_gain=149.264 86.0961 72.1698 87.296 74.6837 53.059 60.7527 46.2762 52.017 48.535 43.7284 41.4777 45.4902 38.3301
threshold=0.59280792420327322 -2.4999999999999996 0 1 0.93104044995538782 2 2627.5000000000005 506.50000000000006 3 6.5334980742172721 4 0.35998906736187036 5 6
decision_type=10 8 9 9 10 9 2 2 9 2 9 10 9 9
left_child=1 -1 3 4 7 -3 13 9 -9 11 -4 -2 -13 -7
right_child=2 5 10 -5 -6 6 -8 8 -10 -11 -12 12 -14 -15
leaf_value=0.042313188616245577 -0.06176440922224527 -0.0062516267216499791 -0.018835430122748173 0.01785037415236455 0.017933002714324384 0.015002859346132153 0.018099528531151366 0.013502483795359222 -0.026794143544331267 0.011089667047652851 0.0017133627509135928 -0.050886223348037565 0.004427430568593421 -0.03224607701275959
leaf_weight=69.052328586578369 92.704621136188507 959.8507290109992 357.27142009139061 1531.8216542378068 339.58458486199379 44.212437584996223 74.396306581795216 254.19385244697332 103.78134398907423 71.297286815941334 871.62648117542267 52.254877552390099 92.846059307456017 621.21752987802029
leaf_count=301 425 4366 1608 9174 1988 218 417 1462 573 382 4096 236 469 3511
internal_value=-5.68953e-05 -0.0120351 0.00556838 0.0103582 -0.00111223 -0.0142666 -0.0242314 -0.0108364 0.00140764 -0.0249752 -0.00437479 -0.0357891 -0.0188844 -0.0293477
internal_weight=5536.11 1768.73 3767.38 2538.48 1006.66 1699.68 739.826 667.078 357.975 309.103 1228.9 237.806 145.101 665.43
internal_count=29226 8813 20413 14709 5535 8512 4146 3547 2035 1512 5704 1130 705 3729
cat_boundaries=0 1 3 4 6 8 10 12
cat_threshold=832899 1634500611 27 1339426 1074561024 9 3229680904 49 4718592 16 2688549376 6
is_linear=0
shrinkage=0.05


Tree=40
num_leaves=15
num_cat=6
split_feature=1 21 8 24 26 20 28 29 29 24 28 29 29 3
split_gain=143.887 77.2047 73.9361 66.8208 66.6061 63.669 56.6454 71.9221 51.5648 52.6418 50.3111 40.5565 34.4811 32.2394
threshold=0.52843665768194081 0.84023052232273143 -2.4999999999999996 0.49751468603673649 3488.5000000000005 26.750000000000004 0 1 2 0.47655963667832812 3 4 5 0.36445459866712776
decision_type=8 8 10 10 2 10 9 9 9 10 9 9 9 10
left_child=2 3 -1 -2 5 6 7 -3 -8 -10 11 -4 -12 -5
right_child=1 4 10 13 -6 -7 8 -9 9 -11 12 -13 -14 -15
leaf_value=0.037515032786002309 -0.066625263585177161 -0.0032737979029018906 0.029394498150252496 -0.045278932462321876 0.035284612239897442 -0.043967943094765531 -0.019208510811131521 0.015147008413511465 0.004513931772773541 -0.051021609553571379 0.027050083677978301 -0.032387559278923644 -0.011792187145243173 0.034259449741076302
leaf_weight=61.2227743268013 69.759741827845573 769.58023683726788 22.245576724410057 18.458988472819328 176.00748294591904 67.176212519407272 356.72375255823135 1693.1194363459945 1091.2922055870295 43.407241746783257 54.02132223546505 519.15553137660027 523.06823360919952 35.960638359189034
leaf_count=267 330 4129 109 104 1128 375 1600 9978 5011 202 250 3008 2443 235
internal_value=-0.000112834 0.0041127 -0.015582 -0.0345841 0.00526553 0.00394318 0.00476805 0.00940165 -0.00292769 0.00232592 -0.0185193 -0.0293142 -0.00771821 0.00695005
internal_weight=5501.2 4321.49 1179.71 124.179 4197.31 4021.3 3954.12 2462.7 1491.42 1134.7 1118.49 541.401 577.09 54.4196
internal_count=29169 23092 6077 669 22423 21295 20920 14107 6813 5213 5810 3117 2693 339
cat_boundaries=0 1 3 5 6 8 10
cat_threshold=832787 539854851 19 3816822016 16 50181 2684354560 4 1073832192 16
is_linear=0
shrinkage=0.05


Tree=41
num_leaves=15
num_cat=5
split_feature=7 0 15 7 15 28 29 0 21 29 28 29 11 24
split_gain=228.526 71.7593 53.7434 52.937 52.4896 45.9787 45.9064 78.1418 43.7273 36.243 35.0019 35.4969 42.2551 33.4076
threshold=13.500000000000002 99.470000000000013 0.72914783915692183 40.500000000000007 6.1577007435091398 0 1 1.0000000180025095e-35 0.9183389106614962 2 3 4 7.1042959541788084 0.20124208968066845
decision_type=2 10 10 2 8 9 9 10 8 9 9 9 2 10
left_child=1 2 6 4 8 -6 7 -1 -2 -5 -10 12 -12 -13
right_child=3 -3 -4 9 5 -7 -8 -9 10 -11 11 13 -14 -15
leaf_value=-0.029512299598148207 -0.042015857076137572 -0.026929611920720554 0.019983042777918174 -0.035939513441452936 -0.023205777309138573 -0.002608206030892448 0.012861833965151254 0.015050507434746872 -0.040743892071420783 -0.0081117484517576818 -0.017744426648609479 -0.0074471901409573485 0.0092880168604309709 0.016534618163451649
leaf_weight=212.03773158043623 58.882511004805565 116.80934552848339 1263.844723276794 277.44633139669895 642.01770044863224 483.15477991104126 623.09417486190796 181.90984289348125 36.183678910136223 233.00149095058441 336.49873559176922 195.32123330235481 252.03163160383701 559.627506300807
leaf_count=994 323 508 8619 1510 3116 2120 3711 1026 170 1122 1502 876 1087 2438
internal_value=-0.000426411 0.0111411 0.0131018 -0.0094492 -0.00651609 -0.0146005 0.00453937 -0.00872791 -0.000187074 -0.0241391 0.00162727 0.00307805 -0.00606902 0.0101935
internal_weight=5471.86 2397.7 2280.89 3074.17 2563.72 1125.17 1017.04 393.948 1438.55 510.448 1379.66 1343.48 588.53 754.949
internal_count=29122 14858 14350 14264 11632 5236 5731 2020 6396 2632 6073 5903 2589 3314
cat_boundaries=0 1 3 5 6 8
cat_threshold=2728064 2183664647 50 59558980 42 2162688 1621940506 2
is_linear=0
shrinkage=0.05


Tree=42
num_leaves=15
num_cat=6
split_feature=7 21 24 0 7 28 29 19 23 29 7 29 28 29
split_gain=199.439 67.5415 64.0374 61.6546 70.5173 74.1871 59.4396 53.8348 42.4959 39.6908 39.2103 36.7786 37.2221 36.5032
threshold=20.500000000000004 0.84023052232273143 0.49751468603673649 94.325000000000003 11.500000000000002 0 1 87.715000000000018 2.1550000000000002 2 12.500000000000002 3 4 5
decision_type=2 8 10 10 2 9 9 10 10 9 2 9 9 9
left_child=1 2 -1 4 5 6 7 -3 -2 -5 -4 12 -6 -7
right_child=8 3 10 9 11 13 -8 -9 -10 -11 -12 -13 -14 -15
leaf_value=-0.061831514348803775 -0.010823209472722348 0.018900578034544455 0.049619649894606314 -0.0314842344084965 -0.026238584284209311 -0.017315095412554656 0.02867179685346959 -0.019789798175052498 -0.03893946412052178 0.0036494560470647871 -0.033457070160668151 0.0063987466741407366 0.0090217500292394445 0.012656363239394368
leaf_weight=66.695600099861622 1653.0666814744473 257.35134887695312 29.141286559402943 137.25907762348652 188.40325023233891 194.83460719883442 1026.1975089162588 136.94308300316334 145.53422328829765 177.18653272092342 25.917282372713089 1106.3684472441673 116.22184216976166 190.19790180027485
leaf_count=323 7835 1641 213 686 852 941 7528 715 870 963 132 4984 502 996
internal_value=0.000506074 0.00721664 -0.0292511 0.00848204 0.0105483 0.0170902 0.0222785 0.00531249 -0.0131186 -0.0126204 0.0106144 0.00217102 -0.0129403 -0.00256952
internal_weight=5451.32 3652.72 121.754 3530.96 3216.52 1805.52 1420.49 394.294 1798.6 314.446 55.0586 1410.99 304.625 385.033
internal_count=29181 20476 668 19808 18159 11821 9884 2356 8705 1649 345 6338 1354 1937
cat_boundaries=0 1 3 5 7 8 10
cat_threshold=2928679 3764916993 22 1094748440 62 1630437634 2 2134020 1082246418 33
is_linear=0
shrinkage=0.05


Tree=43
num_leaves=15
num_cat=6
split_feature=7 28 29 1 28 29 29 24 20 7 29 2 3 2
split_gain=192.551 60.3116 59.6918 49.1664 46.7697 47 40.1867 37.8159 43.7237 36.8334 46.526 36.1088 33.2999 32.8125
threshold=17.500000000000004 0 1 0.74891304347826104 2 3 4 0.40818748991282633 -3.0824999999999956 8.5000000000000018 5 60.482017252749536 0.76987925328767248 5.5945927904385471
decision_type=2 9 9 8 9 9 9 8 8 2 9 2 10 2
left_child=1 -1 7 -4 5 -2 -6 8 -3 10 -9 -5 -7 -8
right_child=4 2 3 11 6 12 13 9 -10 -11 -12 -13 -14 -15
leaf_value=0.019468593835725089 -0.019869907536381196 0.0075960212580867331 -0.0093922087508926787 0.018324741401041674 -0.027979402020341517 0.00091765532844874289 -0.0056446233574251542 -0.019403879105941099 -0.024590606595092233 -0.017982417613698048 0.025015496212255212 -0.007846628853409171 0.045719463211077407 -0.044953680309624794
leaf_weight=860.16042593121529 289.25920078158379 149.14588770270348 253.51954143494368 1003.2663295641541 527.63151500374079 720.88324677944183 596.6570088416338 71.078098431229591 356.44688186049461 121.07810311764479 227.63122873753309 151.13347651064396 43.010539531707764 57.328170508146286
leaf_count=5223 1282 791 1281 6393 2958 3071 2897 391 1687 635 1400 768 180 249
internal_value=0.000359806 0.00823651 0.0039888 0.0104436 -0.0108946 -0.00309311 -0.0176638 -0.00583923 -0.0150996 0.00518453 0.0146036 0.0148946 0.00345154 -0.00901616
internal_weight=5428.23 3193.46 2333.3 1407.92 2234.77 1053.15 1181.62 925.38 505.593 419.787 298.709 1154.4 763.894 653.985
internal_count=29206 18569 13346 8442 10637 4533 6104 4904 2478 2426 1791 7161 3251 3146
cat_boundaries=0 1 3 4 6 8 10
cat_threshold=274695 1638451459 22 1336320 578813970 10 1114404942 40 16777219 18
is_linear=0
shrinkage=0.05


Tree=44
num_leaves=15
num_cat=7
split_feature=7 0 28 33 29 15 29 28 29 7 3 20 20 28
split_gain=181.307 72.0559 60.6588 76.1645 50.8774 50.4769 44.4677 43.3793 40.0575 38.0671 36.4267 35.3357 34.4452 33.9407
threshold=11.500000000000002 99.910000000000011 0 1 2 10.07229032210695 3 4 5 23.500000000000004 0.87847548525456698 -1.7250000000000012 -77.47499999999998 6
decision_type=2 10 9 1 9 10 9 9 9 2 10 8 10 9
left_child=1 6 3 4 11 8 12 -8 -5 -10 -4 -2 13 -1
right_child=2 -3 10 5 -6 -7 7 -9 9 -11 -12 -13 -14 -15
leaf_value=0.024027744847064748 0.0052052337024829426 -0.03271230421474107 -0.0027947306710743346 -0.026039526719933904 -0.036554964047182163 -0.049104943127725169 0.023456658633482855 0.0015130448979712718 0.021313524441927655 -0.0081718186425377756 0.032852179593041257 -0.026319693602749814 0.013481352549752162 -0.015143982650846252
leaf_weight=58.180933900177479 178.57759763300419 87.876413643360138 1811.7746882140636 88.550692051649094 438.88269805163145 50.17752905189991 1045.1555053517222 300.10880871117115 264.40842136740685 185.58520118892193 73.618072956800461 175.44226862490177 383.16272030770779 287.87462674826384
leaf_count=323 855 372 8024 463 2394 234 7848 1542 1198 1011 326 939 2382 1447
internal_value=0.000167513 0.0113954 -0.00726518 -0.0151713 -0.0253868 -0.0016504 0.0132787 0.0186133 0.00285388 0.00896335 -0.00137886 -0.0101615 0.00312765 -0.00825196
internal_weight=5429.38 2162.36 3267.02 1381.62 792.903 588.722 2074.48 1345.26 538.544 449.994 1885.39 354.02 729.218 346.056
internal_count=29358 13914 15444 7094 4188 2906 13542 9390 2672 2209 8350 1794 4152 1770
cat_boundaries=0 1 2 4 6 7 9 10
cat_threshold=2720292 4 2723274752 63 3240691715 50 2928647 1619807232 8 3411972
is_linear=0
shrinkage=0.05


Tree=45
num_leaves=15
num_cat=3
split_feature=7 7 0 20 21 7 3 29 25 11 29 5 4 29
split_gain=168.456 63.1844 52.9512 52.8388 52.5298 44.395 42.6627 38.0953 37.6362 35.6302 50.5315 35.2257 30.7034 30.2893
threshold=12.500000000000002 3.5000000000000004 94.645000000000024 -77.47499999999998 0.92652999777653033 20.500000000000004 0.12386741455058166 0 0.11405373071103574 7.4772987200079264 1 0.6555927933673471 -2.7301634382566546 2
decision_type=2 2 8 8 8 2 10 9 8 2 9 10 8 9
left_child=1 2 3 -1 -2 -6 8 -4 -3 12 -11 -8 -7 -13
right_child=4 6 7 -5 5 9 11 -9 -10 10 -12 13 -14 -15
leaf_value=-0.036723509242824283 -0.042549827399903435 -0.04929214861197672 -0.019596847034855661 0.027258910059907011 0.00061860177208947079 -0.037640960474454033 0.023608049852493516 0.0066796521499606874 0.0060378123489077768 0.020198304463139759 -0.010976545232508435 -0.023246848482301487 -0.013531865504160035 0.016666353918619543
leaf_weight=36.829696826636791 102.47994015365839 37.947869747877121 334.20672799646854 222.20361221581697 1311.1585261821747 152.43981710076332 1058.3569800108671 225.75793198496103 144.97517562657595 174.34040153026581 424.92039406299591 73.284810110926628 972.33339516073465 98.051928713917732
leaf_count=172 605 206 1607 1409 5837 844 7657 1245 896 783 1951 496 4792 704
internal_value=-4.44559e-05 0.0104544 -0.000595678 0.0180556 -0.00751252 -0.00631589 0.0168568 -0.00924034 -0.00564613 -0.011587 -0.00173481 0.0202061 -0.0168299 -0.000823145
internal_weight=5369.29 2231.61 818.998 259.033 3137.67 3035.19 1412.62 559.965 182.923 1724.03 599.261 1229.69 1124.77 171.337
internal_count=29204 14392 4433 1581 14812 14207 9959 2852 1102 8370 2734 8857 5636 1200
cat_boundaries=0 2 4 6
cat_threshold=2196276487 51 1079272734 16 1100021778 42
is_linear=0
shrinkage=0.05


Tree=46
num_leaves=15
num_cat=6
split_feature=7 21 24 0 28 19 29 29 28 0 29 7 15 29
split_gain=121.662 65.3183 59.2777 55.6043 53.5012 52.895 52.9654 52.5335 45.9738 40.9964 38.4831 38.041 40.0779 33.7746
threshold=20.500000000000004 0.84023052232273143 0.49751468603673649 94.010000000000005 0 21.000000000000004 1 2 3 1.0000000180025095e-35 4 8.5000000000000018 8.0483874074566746 5
decision_type=2 8 10 10 9 8 9 9 9 10 9 2 8 9
left_child=1 2 -1 5 -2 6 -3 9 11 -7 -6 -9 -13 -5
right_child=4 3 -4 13 10 7 -8 8 -10 -11 -12 12 -14 -15
leaf_value=-0.061635530540673944 -0.021687572323930884 0.026857447352853659 0.010531164847535839 0.0061861058695519625 -0.013410999944446948 -0.0061363550784895131 -0.031662195295004435 0.032935951737758248 0.0026953797702508426 0.011887521628141502 0.0049018211275557435 0.023283613964609186 -0.00017653449450625951 -0.026384946593814868
leaf_weight=66.008216999471188 632.15111219137907 44.754184298217297 49.014028392732143 135.98712535947561 520.28640040755272 632.98220232129097 134.36692416667938 460.56182219088078 466.52908445894718 627.11438697576523 616.30535979568958 503.74835977703333 284.72295345366001 178.10443893820047
leaf_count=329 3687 218 328 740 2356 3259 656 3794 2241 3771 2679 2756 1505 930
internal_value=0.00055664 0.00585194 -0.0310577 0.0070844 -0.0101701 0.00908244 -0.0172396 0.0106722 0.0163278 0.00281362 -0.00352925 0.0213517 0.0148225 -0.0129494
internal_weight=5352.64 3583.89 115.022 3468.87 1768.74 3154.78 179.121 2975.66 1715.56 1260.1 1136.59 1249.03 788.471 314.092
internal_count=29249 20527 657 19870 8722 18200 874 17326 10296 7030 5035 8055 4261 1670
cat_boundaries=0 1 3 5 6 8 10
cat_threshold=2195973 1107323924 4 1630192915 23 1880083 3817086226 42 1645049409 32
is_linear=0
shrinkage=0.05


Tree=47
num_leaves=15
num_cat=5
split_feature=7 0 1 29 15 30 29 29 11 7 29 0 29 25
split_gain=138.238 53.6637 40.5638 43.843 37.2245 37.1223 54.0935 36.1521 33.8998 33.4674 32.7879 36.0334 30.4623 31.5795
threshold=13.500000000000002 99.470000000000013 0.33421985815602845 0 0.58389726629773098 2.5000000000000004 1 2 6.1712307426930337 37.500000000000007 3 1.0000000180025095e-35 4 1.9617007850218797
decision_type=2 10 8 9 10 2 9 9 2 2 9 10 9 8
left_child=1 4 3 -2 10 8 -7 -6 -4 12 11 -1 -10 -14
right_child=2 -3 5 -5 7 6 -8 -9 9 -11 -12 -13 13 -15
leaf_value=-0.022182717107226531 -0.033742012472627168 -0.024323604841510384 -0.022881314824543933 -0.0058825094653662084 0.0070320034826575548 -0.021193013655268041 0.0068462652851278951 0.02452518764327229 0.0094184215332763083 -0.024828553336403675 0.010728264890727302 0.0075564231575905236 -0.020866416887309308 0.010642989359265054
leaf_weight=211.68573715537786 271.24976226687431 116.85722215473652 391.79106837511063 314.40915381908417 612.23288515210152 199.42361855506897 933.68472173064947 616.98221120238304 368.58127655088902 175.83162298798561 555.56051259487867 194.72908129543066 250.87810531258583 115.45956882834435
leaf_count=1040 1655 515 1838 1595 3975 908 4181 4853 1645 841 3406 1163 1157 486
internal_value=-0.000655235 0.00855613 -0.00769251 -0.0194967 0.0103199 -0.00484733 0.0017706 0.0160817 -0.0106014 -0.0052994 0.00294844 -0.00775951 -0.000599603 -0.0106438
internal_weight=5329.36 2308.05 3021.31 585.659 2191.19 2435.65 1133.11 1229.22 1302.54 910.751 961.975 406.415 734.919 366.338
internal_count=29258 14952 14306 3250 14437 11056 5089 8828 5967 4129 5609 2203 3288 1643
cat_boundaries=0 2 4 6 8 10
cat_threshold=46945358 40 1611450384 8 1632339987 47 2158760967 18 2182963288 25
is_linear=0
shrinkage=0.05


Tree=48
num_leaves=15
num_cat=3
split_feature=7 28 26 0 19 21 24 28 33 15 8 2 15 30
split_gain=131.586 58.3736 57.5281 47.1105 46.5192 40.6882 75.498 39.7684 39.7817 38.6828 35.7337 34.1835 28.4551 27.324
threshold=15.500000000000002 0 3488.5000000000005 99.470000000000013 41.750000000000007 0.84023052232273143 0.49751468603673649 1 2 0.31014698718731465 -1.4999999999999998 60.482017252749536 9.7340206110448992 3.5000000000000004
decision_type=2 9 2 10 8 8 10 9 1 8 10 2 10 2
left_child=1 -1 3 4 10 6 -6 -2 -9 13 -3 -11 -10 -7
right_child=7 2 -4 -5 5 9 -8 8 12 11 -12 -13 -14 -15
leaf_value=0.020354416231441977 -0.0029035177331714346 0.053797200709801811 0.03366372638605835 -0.033052440496157 -0.064565636314183217 -0.012297890612476976 0.029950311878109117 -0.024684159316744919 -0.0017437487896985772 0.015445467044038869 -0.023911002605436802 -0.01300010472614381 -0.049749449940193778 0.024202411178443638
leaf_weight=670.92006462812424 1551.3502730727196 14.989434190094469 144.90897397696972 94.977505832910538 52.246584013104439 306.22724211215973 34.25322899967432 564.51990975439548 445.55541425198317 1005.7068075537682 207.41281861811876 117.23410468548536 32.173557221889496 60.586158029735088
leaf_count=4616 6784 85 1050 414 247 1656 242 3223 2242 6396 1230 614 149 341
internal_value=-1.6223e-05 0.00768824 0.0033952 0.0010803 0.00290003 0.0059231 -0.0272235 -0.00806473 -0.0155599 0.00786467 -0.0184563 0.0124668 -0.00507395 -0.00621977
internal_weight=5303.06 2709.46 2038.54 1893.63 1798.66 1576.25 86.4998 2593.6 1042.25 1489.75 222.402 1122.94 477.729 366.813
internal_count=29289 16891 12275 11225 10811 9496 489 12398 5614 9007 1315 7010 2391 1997
cat_boundaries=0 1 2 3
cat_threshold=798981 1340674 4
is_linear=0
shrinkage=0.05


Tree=49
num_leaves=15
num_cat=6
split_feature=7 7 19 28 28 28 29 23 29 23 0 7 9 29
split_gain=133.915 53.6265 54.3408 56.3768 52.2863 48.6366 57.4867 42.2956 40.231 35.1145 30.1735 35.119 30.0193 28.777
threshold=11.500000000000002 4.5000000000000009 91.905000000000015 0 1 2 3 21.487708333333334 4 21.246458333333337 63.060000000000009 8.5000000000000018 2.5000000000000004 5
decision_type=2 2 8 9 9 9 9 10 9 8 8 2 2 9
left_child=1 4 7 -4 8 6 12 10 9 -1 -3 -12 -2 -7
right_child=5 2 3 -5 -6 13 -8 -9 -10 -11 11 -13 -14 -15
leaf_value=0.04400219287255587 -0.034157866018556277 0.024754239107389487 -0.0032568337511019369 0.035853381062817963 -0.028455483452559105 0.011044976401338939 -0.0061648740930178667 -0.057920006981528507 0.017141504054557232 -0.009364068302336194 0.0097504489107138933 -0.025310279777855427 0.0017204552762592577 -0.0044103025838572278
leaf_weight=32.456940174102783 386.79177220910788 197.27192912995815 121.55644104629755 441.36195424199104 121.17745590209961 365.01549856364727 876.20770965516567 23.6204639300704 376.44237489253283 392.25237233936787 270.92470599710941 95.866369046270847 68.507208988070488 1506.4470322579145
leaf_count=176 2285 1478 710 3639 653 1621 4423 118 2392 2070 1950 667 336 6723
internal_value=-0.000188893 0.00971036 0.0169058 0.0279952 0.000725536 -0.00659663 -0.0138518 0.00625417 0.00545598 -0.00507279 0.00903925 0.000542898 -0.0281505 -0.00134893
internal_weight=5275.9 2072.93 1150.6 562.918 922.329 3202.97 1331.51 587.683 801.152 424.709 564.063 366.791 455.299 1871.46
internal_count=29241 13853 8562 4349 5291 15388 7044 4213 4638 2246 4095 2617 2621 8344
cat_boundaries=0 1 2 3 4 6 8
cat_threshold=2703360 3724804 2720292 1093557598 2179500039 54 7369293 52
is_linear=0
shrinkage=0.05


Tree=50
num_leaves=15
num_cat=3
split_feature=1 8 21 3 22 14 20 29 2 29 0 1 29 18
split_gain=83.6773 51.2623 48.6567 46.2284 41.2881 45.9426 46.6294 39.6614 34.9282 41.827 48.7071 37.7478 32.3569 30.3643
threshold=0.45732959850606913 -2.4999999999999996 0.84023052232273143 0.56564772296689103 20.10916666666667 0.031250000000001783 25.900000000000002 0 60.482017252749536 1 98.425000000000026 2.0875959079283892 2 -0.65500000000000047
decision_type=8 10 8 10 10 8 10 9 2 9 8 8 9 8
left_child=1 -1 3 -2 5 13 8 -3 9 10 -7 -12 -10 -4
right_child=2 7 4 -5 -6 6 -8 -9 12 -11 11 -13 -14 -15
leaf_value=0.034845171321541239 -0.053031946586368145 0.014646420129427105 -0.03320137294655328 0.01303758839217236 0.037859498172266075 0.0089776634270957428 -0.031901039436509182 -0.020186453106594421 0.012650731609782485 0.010778876883138106 -0.0036217411010702688 -0.03442633540628505 -0.015095001018128523 0.0037359370041150416
leaf_weight=50.389918439090252 71.814733937382698 86.457732252776623 137.31695747375488 41.078791812062263 87.326167292892933 517.03348924219608 84.669710367918015 750.09364818036556 140.64453360438347 2371.317491106689 314.625622831285 144.6007027849555 345.63000346720219 92.769575633108616
leaf_count=220 406 450 701 265 587 2957 507 4233 677 13718 1653 664 1640 441
internal_value=0.000309229 -0.0136785 0.0031645 -0.0290877 0.00403073 0.0033097 0.00458626 -0.0166394 0.00540018 0.00721913 -0.0015243 -0.0133752 -0.00711081 -0.0183567
internal_weight=5235.77 886.941 4348.83 112.894 4235.93 4148.61 3918.52 836.551 3833.85 3347.58 976.26 459.226 486.275 230.087
internal_count=29119 4903 24216 671 23545 22958 21816 4683 21309 18992 5274 2317 2317 1142
cat_boundaries=0 1 3 5
cat_threshold=3758203136 1611499777 19 35457030 29
is_linear=0
shrinkage=0.05


Tree=51
num_leaves=15
num_cat=3
split_feature=7 26 0 19 29 29 19 28 24 8 21 23 2 24
split_gain=112.194 45.2084 48.5339 48.3312 83.9302 60.5141 38.572 37.0623 52.993 47.7216 34.9849 33.8827 31.167 32.6097
threshold=21.500000000000004 3488.5000000000005 99.470000000000013 44.500000000000007 0 1 87.715000000000018 2 0.49783649237079325 64.500000000000014 1.3570291040850917 2.1550000000000002 291.05128589986379 0.072814442763883422
decision_type=2 2 10 8 9 9 8 9 10 8 8 10 2 8
left_child=1 2 3 4 -1 6 10 8 9 -8 -5 -2 13 -7
right_child=11 -3 -4 5 -6 12 7 -9 -10 -11 -12 -13 -14 -15
leaf_value=0.019721210046070383 -0.0085948908741748081 0.030370951644659201 -0.030007864215908894 -0.022148826950211073 -0.02429967691651511 -0.031872487748400471 -0.028294716596480998 0.0085193562963003198 0.015671480692707431 0.005724619261751409 0.017720457161037137 -0.034942312706914516 -0.041965667993404059 0.017042759453702726
leaf_weight=153.29765234142542 1517.17976154387 167.00018605589867 101.97825638949871 63.173364348709583 315.64703903347254 34.076848097145557 391.49701499193907 314.25432035326958 134.55934857577085 139.40165785700083 389.46523655205965 131.88325767219067 22.826085411012173 1330.2164210528135
leaf_count=841 7447 1171 452 329 1705 175 2055 1753 834 696 2306 869 110 8312
internal_value=5.45724e-05 0.00505172 0.00379599 0.0048531 -0.00999537 0.00732542 6.33146e-05 -0.0055128 -0.0120886 -0.0193681 0.0121195 -0.0107219 0.0147124 0.0157985
internal_weight=5206.46 3557.39 3390.39 3288.41 468.945 2819.47 1432.35 979.712 665.458 530.899 452.639 1649.06 1387.12 1364.29
internal_count=29055 20739 19568 19116 2546 16570 7973 5338 3585 2751 2635 8316 8597 8487
cat_boundaries=0 2 4 5
cat_threshold=3263171868 45 1074629907 63 123986
is_linear=0
shrinkage=0.05


Tree=52
num_leaves=15
num_cat=4
split_feature=7 26 7 20 21 15 29 5 7 29 33 8 1 29
split_gain=105.616 44.3085 44.0205 41.6029 40.2097 39.2763 34.9192 32.3907 30.4662 37.5505 27.7219 28.091 26.0837 25.1297
threshold=12.500000000000002 3488.5000000000005 3.5000000000000004 19.080000000000009 0.96771158441119398 0.52485776930392813 0 0.70903195229127436 23.500000000000004 1 2 67.500000000000014 2.5459830866807613 3
decision_type=2 2 2 10 8 10 9 10 2 9 1 8 8 9
left_child=1 2 6 5 -2 -4 10 8 -6 -10 -1 -12 -8 -7
right_child=4 -3 3 -5 7 13 12 -9 9 -11 11 -13 -14 -15
leaf_value=0.059165100847016289 -0.026005832794334566 0.038972809992089991 0.0027390954763792182 -0.032009355515449096 0.0016683643242030072 0.0074640996013349715 0.015573550587340912 -0.026528546559529083 0.014437371368635141 -0.012202606125600141 -0.023748988772708229 0.016572714198518784 -0.011387398236524109 0.027668065800756231
leaf_weight=11.255883939564228 231.19361257553101 111.79414106160402 459.64136860519648 49.624796994030476 1499.5469344779849 258.67478688061237 283.69786537438631 154.89674469083548 142.98990742862225 1060.4081041067839 278.32517748326063 50.360229276120663 130.12994939088821 500.15135679394007
leaf_count=64 1309 918 3008 332 6760 1767 1685 832 649 5314 1447 244 670 4237
internal_value=-8.53117e-05 0.00846777 0.00676263 0.0124473 -0.00599391 0.0142826 -0.00280465 -0.00436646 -0.00308708 -0.00900928 -0.0144109 -0.0175395 0.00692169 0.021262
internal_weight=5222.69 2133.66 2021.86 1268.09 3089.04 1218.47 753.769 2857.84 2702.94 1203.4 339.941 328.685 413.828 758.826
internal_count=29236 14372 13454 9344 14864 9012 4110 13555 12723 5963 1755 1691 2355 6004
cat_boundaries=0 2 4 5 7
cat_threshold=2159379715 55 2685445124 16 1 1628162065 10
is_linear=0
shrinkage=0.05


Tree=53
num_leaves=15
num_cat=2
split_feature=7 15 0 21 1 28 11 7 15 28 8 19 5 4
split_gain=95.228 43.5414 44.6595 41.8864 34.4061 36.7436 36.6775 28.3156 33.7299 32.1686 26.8329 28.6627 48.4961 26.6123
threshold=12.500000000000002 0.72914783915692183 94.965000000000018 0.91348985883672118 0.22276159654800434 0 6.4168874935853184 31.500000000000004 5.2163973297879069 1 42.500000000000007 97.500000000000014 0.90004891304347845 5.5876230994690674
decision_type=2 10 10 8 8 9 2 2 10 9 8 8 8 10
left_child=1 -1 -3 -2 -5 6 -6 8 9 10 11 12 -7 -4
right_child=3 2 13 4 5 7 -8 -9 -10 -11 -12 -13 -14 -15
leaf_value=0.00075208247057047652 -0.039849834003684324 0.018797684629589292 -0.020373416519188985 -0.020269943171304067 -0.0088775601565912309 0.0089256747436009462 0.0101646781266034 -0.022272248820288276 -0.021216400236072439 -0.032181119433428593 -0.019228647878309291 0.014878352205981691 -0.026977850642938912 0.041597846228719038
leaf_weight=997.42662856727839 84.76748026907444 991.02907946705818 118.85445141792297 305.66435364633799 369.76340827345848 262.00143253803253 794.75153437256813 273.58815939724445 242.32176454365253 63.068010002374649 126.90191528201103 401.59451273828745 145.44087670743465 19.297384597361088
leaf_count=5894 565 7736 672 1768 1598 1252 3442 1614 1117 290 574 1893 708 121
internal_value=0.000236672 0.00836678 0.0150864 -0.00539625 -0.00440485 -0.00258811 0.00408084 -0.00769002 -0.00452267 -0.000456221 0.00203537 0.00541549 -0.00392514 -0.0114804
internal_weight=5196.47 2126.61 1129.18 3069.86 2985.1 2679.43 1164.51 1514.92 1241.33 999.007 935.939 809.037 407.442 138.152
internal_count=29244 14423 8529 14821 14256 12488 5040 7448 5834 4717 4427 3853 1960 793
cat_boundaries=0 1 2
cat_threshold=286979 1086468
is_linear=0
shrinkage=0.05


Tree=54
num_leaves=15
num_cat=4
split_feature=7 21 26 7 29 29 0 19 0 11 9 28 9 28
split_gain=72.818 54.7147 43.2234 43.6028 38.7568 34.8422 38.1873 34.7972 34.6686 29.318 28.4196 27.8478 29.5808 26.9492
threshold=23.500000000000004 0.84023052232273143 638.50000000000011 8.5000000000000018 0 1 94.010000000000005 21.000000000000004 50.625000000000007 6.4099692475812011 4.5000000000000009 2 3.5000000000000004 3
decision_type=2 8 2 2 9 9 8 8 8 2 2 9 2 9
left_child=1 2 -1 -4 10 6 -3 8 -7 -6 -2 -8 -13 -9
right_child=4 5 3 -5 9 7 11 13 -10 -11 -12 12 -14 -15
leaf_value=-0.067967725089882955 -0.023370774426191461 0.0070482874404329474 0.0418728129910199 -0.03626979610936952 -0.015368070888001913 0.01220401391249637 0.010649113792395366 0.015140691831300596 -0.035300342068724566 0.0042564400833680497 0.020661387168814188 -0.016847893960971121 0.010735743393168191 0.0021365577433686148
leaf_weight=44.668669983744621 513.437306240201 824.1237865909934 28.277124889194965 44.780546367168427 295.79105330258608 69.813847415149212 157.6420726403594 1258.1660571023822 83.320708960294724 529.6518232151866 38.700843527913094 589.73635105788708 115.62210857868195 601.96977837383747
leaf_count=249 2968 4910 219 272 1535 350 888 8165 429 2466 168 3035 650 3061
internal_value=5.40434e-05 0.00360968 -0.0298041 -0.00586753 -0.00979626 0.00468048 -0.000641319 0.0090963 -0.0137045 -0.00275263 -0.019893 -0.0079916 -0.0121456 0.0110286
internal_weight=5195.7 3818.12 117.726 73.0577 1377.58 3700.39 1687.12 2013.27 153.135 825.443 552.138 863.001 705.358 1860.14
internal_count=29365 22228 740 491 7137 21488 9483 12005 779 4001 3136 4573 3685 11226
cat_boundaries=0 2 4 5 6
cat_threshold=1116489804 8 1642629395 19 266757 1871879
is_linear=0
shrinkage=0.05


Tree=55
num_leaves=15
num_cat=1
split_feature=7 26 20 13 4 20 1 20 33 11 26 7 11 7
split_gain=78.0446 37.2046 51.6193 31.1471 30.5476 29.9399 28.8814 27.8631 36.2791 43.8784 51.2268 36.4645 33.2132 40.8423
threshold=21.500000000000004 3488.5000000000005 26.750000000000004 13.825000000000001 -15.8111094963615 -88.414999999999992 0.22276159654800434 1.2700000000000025 0 6.0578371229795582 53.500000000000007 9.5000000000000018 5.531747823967037 -1.0000000180025095e-35
decision_type=2 2 10 8 8 8 8 8 1 2 2 2 2 2
left_child=1 2 5 -3 -2 -1 -6 -7 9 11 -11 -9 -10 -14
right_child=4 3 -4 -5 6 7 -8 8 12 10 -12 -13 13 -15
leaf_value=-0.032736348289680875 -0.038810567430824797 0.043151571103099792 -0.039148347743261085 -0.0034325907522159021 -0.022219323542900078 0.012490861546076659 -0.004081651423684861 -0.0051295832215360708 0.022944105580083599 -0.01088228038643162 0.016911562040180825 -0.031443933036703613 -0.034996566365822206 0.0068220006987883179
leaf_weight=52.806637838482857 79.318970493972301 108.19313474744558 68.945524111390114 53.237899325788021 263.67647906392813 874.99234623461962 1289.6967099681497 434.59056498110294 300.70453661680222 284.88210270553827 393.82860706746578 188.18635464459658 62.713872864842415 698.18474799394608
leaf_count=262 446 850 382 336 1627 5469 6263 2481 1826 1563 2339 934 269 4142
internal_value=0.000300086 0.00448951 0.00335857 0.0278622 -0.00873257 0.00426073 -0.00717273 0.00487399 0.00204957 -0.00354479 0.00524653 -0.0131187 0.00890494 0.00333387
internal_weight=5153.96 3521.27 3359.84 161.431 1632.69 3290.89 1553.37 3238.08 2363.09 1301.49 678.711 622.777 1061.6 760.899
internal_count=29189 20853 19667 1186 8336 19285 7890 19023 13554 7317 3902 3415 6237 4411
cat_boundaries=0 1
cat_threshold=4
is_linear=0
shrinkage=0.05


Tree=56
num_leaves=15
num_cat=5
split_feature=7 0 28 29 29 28 25 25 0 24 33 26 3 8
split_gain=78.4162 43.1379 40.4318 48.9736 36.619 39.0158 31.419 39.0761 29.2424 27.7049 27.0623 32.7511 27.0418 26.9084
threshold=11.500000000000002 98.010000000000005 0 1 2 3 0.11405373071103574 0.11102074454827797 1.0000000180025095e-35 0.2321167978002632 4 45.500000000000007 0.87847548525456698 -2.4999999999999996
decision_type=2 10 9 9 9 9 10 10 8 10 1 2 10 8
left_child=1 4 12 -4 5 10 7 9 -6 -7 11 -1 13 -2
right_child=2 -3 3 -5 8 6 -8 -9 -10 -11 -12 -13 -14 -15
leaf_value=-0.0076854411980856368 0.031527991113102456 -0.016460288021136103 -0.027212480600561046 -0.0055940207429172883 -0.02572595871422997 -0.033426130944617639 0.012913705037612794 -0.077298836411831232 0.019500695648212815 0.014685508119222677 -0.0026901067264410083 -0.076062869751265458 0.030544672771749277 -0.0024665019245150824
leaf_weight=34.812404349446297 59.306095346808434 168.01701445132494 356.01704509556293 981.45585728436708 36.52264990657568 45.477693319320679 628.73758418112993 19.199795491993427 824.50231003761292 83.025181010365486 109.26133489608765 34.755841091275215 68.383975461125374 1676.3319492638111
leaf_count=161 247 818 2104 5107 205 243 4523 90 6462 552 571 154 306 7588
internal_value=-6.7411e-05 0.00771172 -0.00498195 -0.0115236 0.00995558 0.00306298 0.00793864 -0.0126497 0.0173534 -0.00246803 -0.0173395 -0.0424401 -6.41874e-05 -0.00128744
internal_weight=5125.81 1984.31 3141.49 1337.47 1816.29 955.27 776.44 147.703 861.025 128.503 178.83 69.5682 1804.02 1735.64
internal_count=29131 13779 15352 7211 12961 6294 5408 885 6667 795 886 315 8141 7835
cat_boundaries=0 1 2 4 5 6
cat_threshold=1340674 1093557532 3233367571 54 81937 2
is_linear=0
shrinkage=0.05


Tree=57
num_leaves=15
num_cat=6
split_feature=7 28 29 28 33 29 25 26 29 7 0 23 26 25
split_gain=65.1455 43.4158 63.1221 39.7361 58.68 41.9331 48.0277 65.6376 32.983 32.4395 31.1571 48.4547 62.5198 28.4618
threshold=11.500000000000002 0 1 2 3 4 0.11405373071103574 1198.0000000000002 5 27.500000000000004 81.52500000000002 7.2666666666666666 382.50000000000006 1.1907589413245439
decision_type=2 9 9 9 1 9 10 2 9 2 10 10 2 10
left_child=3 2 -2 4 5 10 7 -7 -5 -4 11 -1 -13 -12
right_child=1 -3 9 8 -6 6 -8 -9 -10 -11 13 12 -14 -15
leaf_value=0.030827497579293203 -0.032901769577543601 0.00049664805095833567 -0.00069981287561312147 -0.01951613158994759 0.028579237377795358 -0.056629323224699962 0.0029499627729493464 0.028620875376798052 0.0080047532502377314 -0.021238516907907012 0.010664691747857105 -0.081562994342401385 0.032820696614170267 -0.032545168416789748
leaf_weight=324.08562816679478 262.14670606702566 1851.7134515196085 783.82376965880394 218.3268796429038 358.03517784178257 80.499456755816936 518.65620489418507 30.518664762377739 200.51019851118326 253.75990565866232 144.41874451190233 22.469006694853306 23.505233749747276 50.644501321017742
leaf_count=2621 1613 8357 3801 1092 3190 402 3463 176 1080 1662 1075 111 184 380
internal_value=1.13453e-05 -0.00444793 -0.0114035 0.00713753 0.0107828 0.0055206 -0.00340298 -0.0331479 -0.00647335 -0.00568381 0.0152428 0.0240168 -0.0236283 -0.000662709
internal_weight=5123.11 3151.44 1299.73 1971.67 1552.83 1194.8 629.674 111.018 418.837 1037.58 565.123 370.06 45.9742 195.063
internal_count=29207 15433 7076 13774 11602 8412 4041 578 2172 5463 4371 2916 295 1455
cat_boundaries=0 1 2 3 4 6 8
cat_threshold=2196004 1076763932 2929159 4 1116098392 45 41993490 33
is_linear=0
shrinkage=0.05


Tree=58
num_leaves=15
num_cat=5
split_feature=7 7 29 15 28 28 29 3 0 21 29 11 21 18
split_gain=70.1686 35.1868 45.9443 40.3539 38.7252 33.6773 35.9499 32.8497 30.5683 29.1303 28.3145 26.6151 24.6043 24.5168
threshold=12.500000000000002 40.500000000000007 0 6.0760480128112162 1 2 3 1.0454479565034773 74.785000000000011 1.3570291040850917 4 6.1712307426930337 0.91348985883672118 -3.4999999999999991
decision_type=2 2 9 8 9 9 9 10 10 8 9 2 8 10
left_child=5 3 -3 8 -5 -1 -7 9 10 11 -2 -8 -12 -4
right_child=1 2 13 4 -6 6 7 -9 -10 -11 12 -13 -14 -15
leaf_value=0.020196798935485157 -0.0045332233857402161 -0.032531767063428474 0.0059486568857044075 0.0021291859439323403 -0.016888469516511313 -0.0038490294473890949 -0.055429842790631116 0.040157902768648751 -0.025198077516146236 0.010396875890557532 -0.045411007722659054 0.011882069380448831 0.011734398058316043 -0.039345389535366565
leaf_weight=385.84355742484331 505.65519118309021 232.31784094125032 195.50338704884052 435.55883783102036 691.53197744488716 787.26508819311857 32.529391810297966 85.578516192734241 89.467830836772919 740.01891174167395 18.307649053633213 25.600995354354382 830.2342789247632 34.233147941529751
leaf_count=3220 2364 1417 988 1982 3542 4665 175 698 409 5456 118 153 3796 191
internal_value=-4.12884e-05 -0.00487547 -0.0175636 -0.00258903 -0.00967465 0.00708563 0.00390376 0.0107727 0.00294568 0.00771048 0.00482228 -0.0260856 0.0103279 -0.000902774
internal_weight=5089.65 3032.81 462.054 2570.76 1127.09 2056.84 1670.99 883.728 1443.66 798.149 1354.2 58.1304 848.542 229.737
internal_count=29174 14807 2596 12211 5524 14367 11147 6482 6687 5784 6278 328 3914 1179
cat_boundaries=0 2 3 4 6 8
cat_threshold=63753280 42 282644 274436 3250084099 54 1638701340 1
is_linear=0
shrinkage=0.05


Tree=59
num_leaves=15
num_cat=6
split_feature=7 28 26 28 29 29 19 33 2 25 23 29 2 5
split_gain=64.0151 47.7418 38.3386 35.0963 42.0368 32.6698 39.0173 32.242 41.9844 31.2098 30.5145 37.3699 31.2663 30.3688
threshold=16.500000000000004 0 3488.5000000000005 1 2 3 29.000000000000004 4 24.200684752318271 17.100052097240919 0.70541666666666702 5 327.16741991119039 0.66671794871794887
decision_type=2 9 2 9 9 9 8 1 2 10 8 9 2 10
left_child=1 -1 5 9 -5 -3 -7 -6 -9 10 -2 -12 -13 -8
right_child=3 2 -4 4 7 6 13 8 -10 -11 11 12 -14 -15
leaf_value=0.017169256555894446 -0.027620875320431993 -0.012988266397251853 0.027472990099869518 0.0083097419109392223 -0.022232138424460566 -0.028709564780202614 0.0071222673735677816 -0.0031580874837371349 -0.046419574957109355 -0.063917198857039698 0.023019066955594494 0.0016946680816344241 -0.05925640804845083 -0.019377018062929879
leaf_weight=620.69358117878437 67.79349260032177 393.67168943583965 131.3849515914917 251.40124367177486 622.62354755401611 90.376196168363094 1333.1940123960376 674.54841819405556 60.188448831439018 16.218523427844048 233.88133685290813 440.26878634095192 21.094312280416489 116.69435001164675
leaf_count=4405 314 2212 1067 1277 3611 445 8554 3315 270 70 973 1876 88 725
internal_value=-0.000149295 0.00514522 0.00143503 -0.00610417 -0.0102841 -0.00033977 0.00296439 -0.013767 -0.00676027 0.0026255 0.00415605 0.00728985 -0.00118855 0.00497759
internal_weight=5074.03 2686.01 2065.32 2388.02 1608.76 1933.94 1540.26 1357.36 734.737 779.256 763.038 695.244 461.363 1449.89
internal_count=29202 17408 13003 11794 8473 11936 9724 7196 3585 3321 3251 2937 1964 9279
cat_boundaries=0 1 2 4 6 7 9
cat_threshold=274437 1328130 2685415444 50 545278211 22 4 2153546826 5
is_linear=0
shrinkage=0.05


Tree=60
num_leaves=15
num_cat=7
split_feature=7 7 28 28 21 29 3 3 29 28 19 28 33 24
split_gain=47.936 47.6544 39.6611 35.2095 38.4033 37.566 34.7893 33.8344 31.6424 29.7647 28.4403 29.7836 27.7864 27.6218
threshold=10.500000000000002 4.5000000000000009 0 1 4.5459738125764675 2 0.68766387328114753 0.0001975209228610726 3 4 91.252500000000012 5 6 0.47006587756596635
decision_type=2 2 9 9 8 9 8 10 9 9 8 9 1 10
left_child=1 2 6 -2 5 -5 -1 -3 12 -10 13 -12 -4 -9
right_child=3 7 8 4 -6 -7 -8 10 9 -11 11 -13 -14 -15
leaf_value=0.010441024542537411 -0.03581936895304335 -0.032682748467953465 0.054913342888199351 0.0018187661277729392 -0.00077822197205892646 -0.02830927078200356 -0.057321584585068232 0.014767393541352465 0.020032063517123281 -0.0088272986235606518 -0.003076216414725174 0.033027596101316156 -0.011078635610014808 -0.016303072658458522
leaf_weight=27.550751939415932 72.487733863294125 34.716891467571259 15.678836151957512 174.5111373513937 2839.2488486543298 257.2506615743041 57.749190136790276 329.34557766467333 292.87854151427746 122.36035798490047 75.194149270653725 314.05173847079277 372.98597427457571 90.410423286259174
leaf_count=168 367 195 101 918 14320 1548 312 2581 2092 571 421 2919 2054 703
internal_value=-0.000227062 0.00651962 -0.0015578 -0.00372474 -0.00288449 -0.0167681 -0.0318743 0.0150243 0.00206495 0.0115196 0.0171093 0.0268306 -0.00807518 0.00805234
internal_weight=5076.42 1732.92 889.204 3343.5 3271.01 431.762 85.2999 843.719 803.904 415.239 809.002 389.246 388.665 419.756
internal_count=29270 12117 5298 17153 16786 2466 480 6819 4818 2663 6624 3340 2155 3284
cat_boundaries=0 1 2 4 6 7 8 9
cat_threshold=73810 2686976 552673288 39 2175584261 22 2658309 2179200 1
is_linear=0
shrinkage=0.05


Tree=61
num_leaves=15
num_cat=7
split_feature=7 26 29 28 33 29 3 28 26 20 29 29 20 7
split_gain=55.5357 41.4095 39.5936 38.3551 48.1234 42.9329 38.9172 36.2934 34.9846 41.5471 34.2682 33.3272 30.7134 29.8348
threshold=11.500000000000002 3488.5000000000005 0 1 2 3 0.44576707661010179 4 102.50000000000001 28.265000000000004 5 6 -1.0450000000000015 -4.4999999999999991
decision_type=2 2 9 9 1 9 10 9 2 10 9 9 8 2
left_child=1 2 7 -2 5 12 -6 -1 11 10 -10 -9 -5 -4
right_child=3 -3 13 4 6 -7 -8 8 9 -11 -12 -13 -14 -15
leaf_value=0.017401495864826654 0.00037910299693714073 0.038349628066050162 -0.015007329402739267 0.0096313989474166653 0.0074276807903629009 -0.029437878328052905 -0.023711538687086562 0.018953200224691647 0.011954506504636668 -0.0658916131189346 -0.014728821714242626 -0.027270136867118738 -0.021374790007734332 0.016363613765677128
leaf_weight=188.85212206840515 1820.8424101248384 95.680287644267082 83.829683355987072 170.55447877943516 428.77131417393684 422.68553476780653 129.89922647178173 40.856615647673607 370.75054116547108 21.368902802467346 165.51371490210295 238.71631897240877 148.52405554801226 725.80473198741674
leaf_count=1301 8246 896 366 861 2237 2520 652 218 2450 125 1044 1199 895 6184
internal_value=-0.000209608 0.00645237 0.00476984 -0.00433263 -0.0108447 -0.0192666 0.000157918 -0.0017929 -0.00629219 0.000876921 0.00365519 -0.020768 -0.00467687 0.0129413
internal_weight=5052.65 1931.37 1835.69 3121.28 1300.43 741.764 558.671 1026.06 837.206 557.633 536.264 279.573 319.079 809.634
internal_count=29194 13783 12887 15411 7165 4276 2889 6337 5036 3619 3494 1417 1756 6550
cat_boundaries=0 2 3 4 6 7 9 11
cat_threshold=3243885587 58 1340675 4 2723237376 63 2363398 1078510608 40 2165374976 2
is_linear=0
shrinkage=0.05


Tree=62
num_leaves=15
num_cat=3
split_feature=7 21 24 29 18 11 26 5 29 9 24 29 1 2
split_gain=46.3036 31.9297 45.2427 28.1213 26.1014 28.0365 38.5097 37.8071 33.1573 31.6793 33.7804 34.4219 26.2872 25.8921
threshold=20.500000000000004 0.84023052232273143 0.49751468603673649 0 -3.3987499999999984 6.6692442183114258 55.500000000000007 0.65086494252873572 1 1.0000000180025095e-35 0.39781389969450243 2 1.1336769759450174 216.20325616148821
decision_type=2 8 10 9 8 2 2 10 9 2 10 9 10 2
left_child=1 2 -1 -2 -3 7 -7 8 -6 10 -10 -12 -9 -11
right_child=3 4 -4 -5 5 6 -8 12 9 13 11 -13 -14 -15
leaf_value=-0.05325893877034335 -0.014461727931860777 -0.022099739619654016 0.012943068125449132 -0.001289821885801991 -0.0037570879357380739 -0.0008916127337052417 0.018677353009280372 -0.007997511640038292 0.0078125275164447703 0.01883688286587289 0.032985206646553231 -0.031571324897056219 -0.050692091247682806 -0.043900545291016835
leaf_weight=56.911240331828594 678.05432717502117 89.912771858274937 45.973140567541122 1004.8608885854483 837.44888702780008 394.15490048378706 692.74133155494928 122.99834559112787 352.17703738063574 589.31740611791611 17.23598275333643 107.61976174265146 50.29416486620903 15.995658241212366
leaf_count=324 3794 501 348 4930 4866 2244 4409 769 1961 3942 102 677 312 74
internal_value=7.59185e-05 0.00345579 -0.0238372 -0.00669582 0.00432157 0.00507533 0.0115865 0.0016903 0.00371279 0.0094382 -0.000113816 -0.0223559 -0.0206084 0.0171093
internal_weight=5055.7 3372.78 102.884 1682.92 3269.9 3179.98 1086.9 2093.09 1919.79 1082.35 477.033 124.856 173.293 605.313
internal_count=29253 20529 672 8724 19857 19356 6653 12703 11622 6756 2740 779 1081 4016
cat_boundaries=0 2 4 5
cat_threshold=42752072 9 1085207555 19 571540032
is_linear=0
shrinkage=0.05


Tree=63
num_leaves=15
num_cat=5
split_feature=7 28 26 29 25 29 28 21 26 26 26 29 9 15
split_gain=44.9872 39.0374 38.1056 30.0643 32.5981 29.3781 35.1854 24.0133 43.4931 23.8845 63.8285 30.2997 24.784 28.2026
threshold=17.500000000000004 0 3488.5000000000005 1 0.6059102982397544 2 3 1.3570291040850917 187.50000000000003 430.50000000000006 429.00000000000006 4 2.5000000000000004 1.0000000180025095e-35
decision_type=2 9 2 9 10 9 9 8 2 2 2 9 2 8
left_child=1 -1 3 9 7 6 -2 8 -5 10 12 -11 13 -3
right_child=5 2 -4 4 -6 -7 -8 -9 -10 11 -12 -13 -14 -15
leaf_value=0.013284314721566097 -0.023889759128793125 -0.041929741336842158 0.02653256635562189 -0.067170426744497955 -0.0042930218945222516 -0.0007942345581836125 -0.0028697636431417439 0.01770445621903002 0.015174418304901838 0.016823821350601436 -0.079912894352046945 -0.010543763885890206 0.0072376846998898244 -0.0094200967370770741
leaf_weight=811.05155947059393 380.17362249642611 84.272851474583149 130.30024574697018 23.742866650223732 507.57072817534208 1287.0811075866222 428.78804318606853 450.56692879647017 44.795804783701897 174.7100515589118 33.592321790754795 211.59377083182335 152.59457353502512 310.95389050990343
leaf_count=5565 2432 388 1085 117 3092 6274 1935 3068 313 1081 163 1357 778 1601
internal_value=4.39037e-05 0.00403817 0.000439519 -0.00127546 0.00466849 -0.00554977 -0.0129361 0.013512 -0.0139069 -0.00755012 -0.0140224 0.00200715 -0.00984371 -0.0164403
internal_weight=5031.79 2935.75 2124.69 1994.39 1026.68 2096.04 808.962 519.106 68.5387 967.717 581.414 386.304 547.821 395.227
internal_count=29249 18608 13043 11958 6590 10641 4367 3498 430 5368 2930 2438 2767 1989
cat_boundaries=0 1 3 5 6 7
cat_threshold=798983 27909462 18 1101945154 9 2203652 558336
is_linear=0
shrinkage=0.05


Tree=64
num_leaves=15
num_cat=6
split_feature=7 0 21 15 5 7 28 28 15 29 28 29 7 29
split_gain=47.7009 44.8459 39.1035 36.7284 32.9013 32.7476 29.8315 29.8176 28.8589 38.6497 36.8061 40.2527 31.9478 28.0614
threshold=8.5000000000000018 94.010000000000005 0.84023052232273143 1.5885854015949044 0.70474095238095236 -43.499999999999993 0 1 4.8958904055741366 2 3 4 43.500000000000007 5
decision_type=2 10 8 8 10 2 9 9 8 9 9 9 2 9
left_child=1 3 -2 6 7 -5 13 -4 9 12 11 -10 -9 -1
right_child=2 -3 4 5 -6 -7 -8 8 10 -11 -12 -13 -14 -15
leaf_value=-0.0067211301559995983 -0.039258660679834669 -0.010515557688917439 -0.030584932680397654 -0.042166909439142045 -0.021571726082191069 0.019120946533992766 -0.028880154946648841 -0.00023814122835458278 0.013116843761197899 0.011138584472131511 0.00283901486704395 -0.0177603155231594 -0.030671353261937276 0.020149253446728466
leaf_weight=210.93531611561775 73.006375290453434 289.09270012378693 73.289172947406769 21.486261516809464 211.34821520000696 806.33400166034698 65.543197549879551 641.16068531572819 119.5435551777482 883.85947721451521 702.54373646527529 657.15679264068604 98.639322400093079 164.41057814657688
leaf_count=1270 539 1629 379 99 1293 6347 377 3204 670 4450 3537 3646 576 1244
internal_value=-3.26193e-05 0.00723022 -0.00330321 0.0112789 -0.00251696 0.0174812 -0.000379831 -0.00124264 -0.000440002 0.00415993 -0.00549139 -0.0128911 -0.0042741 0.00528732
internal_weight=5018.35 1557.8 3460.55 1268.71 3387.54 827.82 440.889 3176.19 3102.9 1623.66 1479.24 776.7 739.8 375.346
internal_count=29260 10966 18294 9337 17755 6446 2891 16462 16083 8230 7853 4316 3780 2514
cat_boundaries=0 1 2 4 5 7 9
cat_threshold=578708 2686976 1672365328 38 40961 3255903232 36 3237496854 34
is_linear=0
shrinkage=0.05


Tree=65
num_leaves=15
num_cat=6
split_feature=7 28 7 28 3 0 29 9 29 25 25 13 29 29
split_gain=43.5888 34.5872 34.5677 37.5931 30.9312 29.6717 28.0091 28.5817 27.9794 30.3042 34.2621 28.9856 27.4671 27.2146
threshold=11.500000000000002 0 3.5000000000000004 1 1.0000000180025095e-35 96.995000000000019 2 2.5000000000000004 3 0.11405373071103574 0.10313837405104768 2.3050000000000019 4 5
decision_type=2 9 2 9 10 8 9 2 9 10 10 10 9 9
left_child=2 -2 3 -1 -4 8 7 -3 11 10 -10 -5 -6 -7
right_child=1 6 4 5 12 13 -8 -9 9 -11 -12 -13 -14 -15
leaf_value=-0.031002469368886249 0.00058298321997117672 -0.031744153545105583 -0.027345306387620533 -0.04175369989999686 0.0035124193558922741 -0.017043991149888887 -0.0060075393930208712 0.0087898740430409038 0.015678787703200022 0.0357050610540302 -0.07946315577532026 0.030841962445952515 0.019702723121458807 0.0083366607119638569
leaf_weight=90.151616632938385 1799.3365372493863 238.23986826837063 49.028307981789112 38.4040786921978 476.49568695574999 239.07021848112345 1017.4883019328117 52.692372716963291 33.511015221476555 148.63683925569057 12.060644261538981 20.241102270781994 620.00883415341377 175.81040897220373
leaf_count=461 8181 1610 276 226 3440 1182 5389 265 218 1023 55 168 5729 1052
internal_value=-0.000290061 -0.00393913 0.0056668 -0.00261551 0.0111439 0.00169591 -0.0100811 -0.0235898 0.0151894 0.0236152 -0.0106663 -0.014217 0.0128882 -0.00650384
internal_weight=5011.18 3107.76 1903.42 757.886 1145.53 667.734 1308.42 290.932 252.854 194.208 45.5717 58.6452 1096.5 414.881
internal_count=29275 15445 13830 4385 9445 3924 7264 1875 1690 1296 273 394 9169 2234
cat_boundaries=0 1 2 3 5 7 9
cat_threshold=1339794 73938 1093556492 3228641281 23 3242967062 14 2177663312 56
is_linear=0
shrinkage=0.05


Tree=66
num_leaves=15
num_cat=3
split_feature=8 1 26 20 29 15 23 24 19 26 4 29 29 26
split_gain=38.3401 46.6471 37.6418 49.7549 31.5776 26.5122 24.5136 43.3114 23.2235 35.4023 23.1437 25.4665 22.1823 21.9229
threshold=-2.4999999999999996 0.331989247311828 3488.5000000000005 19.080000000000009 0 1.0000000180025095e-35 21.487708333333334 0.49783649237079325 21.000000000000004 2.5000000000000004 -28.368541009576472 1 2 4200.5000000000009
decision_type=8 8 2 10 9 8 10 8 8 2 8 9 9 2
left_child=-1 4 3 5 -2 12 8 -8 9 -7 11 -10 -3 -4
right_child=1 2 13 -5 -6 6 7 -9 10 -11 -12 -13 -14 -15
leaf_value=0.030533720203941725 -0.028918784407274634 -0.019556476756261536 0.043541870056497428 -0.029281919142645899 -0.0030365390682137224 -0.045927843736051292 -0.04693765044223857 0.029790157807614556 0.019421494089127342 0.0034639508407316995 0.0053277181780895435 -0.027319288563485151 -0.00076652271322617718 0.0056120943103664224
leaf_weight=99.585562251508236 217.33111801743507 245.91488259285688 78.466763254255056 138.43478813022375 265.04673729091883 57.82999213039875 58.950426451861858 25.726451009511948 32.923507265746593 94.314614444971085 3063.3070830330253 97.745103128254414 418.81770021468401 73.826020881533623
leaf_count=483 1555 1304 681 821 1451 324 360 192 223 534 17776 654 2215 544
internal_value=-2.17811e-05 -0.000652921 0.000971404 9.01392e-05 -0.0153943 0.00108986 0.00286103 -0.0235507 0.00353624 -0.0154871 0.00444698 -0.0160842 -0.00804199 0.0253114
internal_weight=4968.22 4868.64 4386.26 4233.96 482.378 4095.53 3430.8 84.6769 3346.12 152.145 3193.98 130.669 664.733 152.293
internal_count=29117 28634 25628 24403 3006 23582 20063 552 19511 858 18653 877 3519 1225
cat_boundaries=0 2 3 5
cat_threshold=42749006 40 34097672 1646644486 49
is_linear=0
shrinkage=0.05


Tree=67
num_leaves=15
num_cat=2
split_feature=8 1 29 14 21 26 7 0 29 7 18 5 11 8
split_gain=38.385 46.2199 36.2489 35.6355 31.6483 35.6064 33.7597 37.73 36.1876 32.1084 31.415 28.7956 26.444 24.8592
threshold=-2.4999999999999996 0.38935969868173265 0 1.0000000180025095e-35 0.84023052232273143 638.50000000000011 42.500000000000007 71.995000000000019 1 8.5000000000000018 3.4975000000000001 0.64691576086956537 7.2994628488363151 65.500000000000014
decision_type=8 8 9 8 8 2 2 8 9 2 10 8 2 10
left_child=-1 2 -2 -3 5 -5 7 -6 11 -7 -10 -9 13 -13
right_child=1 3 -4 4 6 9 -8 8 10 -11 -12 12 -14 -15
leaf_value=0.030474685270247343 -0.027359609657333629 -0.018206390187863887 -0.0027734968697192899 -0.065058980631942112 0.011638917806138065 0.039562035798103176 -0.018548968342023336 0.0087799155545312188 0.0059845238604354697 -0.030707465119903982 -0.02577733751956536 -0.020565895052857046 0.0047328995757603912 0.021645295976264526
leaf_weight=96.368378944694996 268.48951540887356 236.501006744802 344.90936163067818 35.795210093259811 1024.3745350055397 25.425403669476509 181.67077076435089 206.22384133189917 1714.9064533039927 41.26296566426754 80.573747172951698 512.80698026716709 171.71132082492113 36.622385568916798
leaf_count=474 1871 1255 1928 226 5979 210 931 1336 10199 264 590 2873 931 178
internal_value=-0.000610709 -0.00123053 -0.0140525 0.000615166 0.00172358 -0.0255713 0.00244188 0.00346422 0.000385635 -0.00372805 0.00452046 -0.00758311 -0.0123731 -0.0177181
internal_weight=4977.64 4881.27 613.399 4267.87 4031.37 102.484 3928.89 3747.22 2722.84 66.6884 1795.48 927.365 721.141 549.429
internal_count=29245 28771 3799 24972 23717 700 23017 22086 16107 474 10789 5318 3982 3051
cat_boundaries=0 2 4
cat_threshold=47860814 40 1617480721 49
is_linear=0
shrinkage=0.05


Tree=68
num_leaves=15
num_cat=7
split_feature=7 7 28 24 5 29 33 29 11 29 29 23 29 24
split_gain=46.4798 43.9114 38.7825 35.6404 36.7816 37.2068 34.3452 31.8652 27.9696 34.5054 26.3624 25.4702 30.3474 25.1092
threshold=8.5000000000000018 4.5000000000000009 0 0.39781389969450243 0.32103333333333339 1 2 3 6.1712307426930337 4 5 21.246458333333337 6 0.34111939461775059
decision_type=2 2 9 10 8 9 1 9 2 9 9 8 9 10
left_child=1 2 11 4 5 -2 8 -6 -5 -10 -8 -1 -13 -7
right_child=3 -3 -4 6 7 13 10 -9 9 -11 -12 12 -14 -15
leaf_value=0.034213447219369239 -0.0030472254050066677 0.016433336617639828 -0.025852531079383591 -0.032795177393878591 -0.014746527321445041 0.016370821231384735 -0.019817726466014221 -5.6495148477236467e-05 0.00608382483817575 -0.021869016015384893 0.013480264172716942 -0.0081449936437381631 0.012599851759559126 0.053138949738772492
leaf_weight=61.780825693160295 223.54760280996561 661.21846711263061 119.15585029870272 217.74588768184185 473.07980518788099 178.70506924390793 75.525002680718899 1565.6483164057136 180.86275285482407 266.72965796291828 180.96981671452522 392.1709800735116 302.42398478090763 62.525762729346752
leaf_count=417 1157 5651 656 1257 2571 898 430 7981 1019 1586 1008 2211 2049 320
internal_value=-0.000503921 0.00671814 -0.000629343 -0.00374505 -0.000648701 0.0120291 -0.0121443 -0.0035434 -0.0181293 -0.0109374 0.00339065 0.00366603 0.000956405 0.0250469
internal_weight=4962.09 1536.75 875.532 3425.34 2503.51 464.778 921.833 2038.73 665.338 447.592 256.495 756.376 694.595 241.231
internal_count=29211 10984 5333 18227 12927 2375 5300 10552 3862 2605 1438 4677 4260 1218
cat_boundaries=0 1 3 4 6 8 10 12
cat_threshold=3724804 33427726 14 4 1627845698 8 35254338 49 1076742160 1 2179524613 55
is_linear=0
shrinkage=0.05


Tree=69
num_leaves=15
num_cat=7
split_feature=8 1 20 11 28 5 29 19 29 28 29 26 29 28
split_gain=42.155 46.3032 32.9038 32.5487 61.8994 44.6129 32.7633 25.3404 24.6211 24.0571 33.522 25.2639 39.5555 39.2405
threshold=-2.4999999999999996 0.22276159654800434 -88.414999999999992 6.5334980742172721 0 0.65086494252873572 1 41.750000000000007 2 3 4 542.50000000000011 5 6
decision_type=8 8 8 2 9 10 9 8 9 9 9 2 9 9
left_child=-1 -2 -3 5 -5 6 -4 8 -8 -9 11 13 -13 -11
right_child=1 2 3 4 -6 -7 7 9 -10 10 -12 12 -14 -15
leaf_value=0.032005006577967808 -0.020829353390437372 -0.031793289176595373 0.010544338838282019 -0.036403899575150667 0.0071553293378480119 -0.026879635982600805 0.0073529323672566526 -0.012176094819881552 -0.029401865855649439 0.0048174966962483854 0.0088279283631277853 0.025545803508690852 -0.01674718230795472 -0.029772075796762294
leaf_weight=96.84042039513588 280.41732626408339 78.638439565896988 457.49279138445854 74.479603067040443 1930.1141040362418 182.91493149101734 62.339568443596363 425.24353174865246 159.63039173185825 137.05343379080296 678.27827403694391 106.41647899150848 94.883626691997051 196.47894107922912
leaf_count=480 1848 388 2921 406 11037 1176 369 2142 911 799 4356 702 606 1110
internal_value=-0.00048979 -0.00114314 6.5412e-05 0.000628423 0.00537373 -0.00317606 -0.00129466 -0.00424406 -0.0200816 -0.00211329 0.00150911 -0.00776353 0.00606152 -0.0163327
internal_weight=4961.22 4864.38 4583.96 4505.33 2004.59 2500.73 2317.82 1860.32 221.97 1638.35 1213.11 534.832 201.3 333.532
internal_count=29251 28771 26923 26535 11443 15092 13916 10995 1280 9715 7573 3217 1308 1909
cat_boundaries=0 1 3 5 6 8 10 11
cat_threshold=2688048 2735735369 32 1086587920 14 90304 5029892 31 4718592 8 3146790
is_linear=0
shrinkage=0.05


Tree=70
num_leaves=15
num_cat=5
split_feature=7 11 29 5 19 26 29 20 28 29 26 28 20 25
split_gain=38.657 29.8138 36.9829 32.1735 30.0537 39.5697 29.1236 27.4347 33.2521 30.8286 25.7842 24.9169 25.5855 23.6936
threshold=24.500000000000004 7.1042959541788084 0 0.64288392857142862 41.750000000000007 22.500000000000004 1 -4.7950000000000008 2 3 122.50000000000001 4 -84.47499999999998 -0.031347209932240098
decision_type=2 2 9 8 8 2 9 10 9 9 2 9 8 10
left_child=1 2 3 -1 5 -4 -2 8 -5 13 -11 -3 -13 -10
right_child=6 11 4 7 -6 -7 -8 -9 9 10 -12 12 -14 -15
leaf_value=0.0023736946730564374 0.012304178192727468 -0.031615436254265002 -0.027965883538749504 0.012539996707584445 0.0090831231623745966 0.011157425243022196 -0.010515116113453361 -0.033245877997838638 -0.053851459142932469 -0.038957229727410343 -0.010790259509278866 -0.041578297870480174 0.013227012444802172 0.0093934106794787975
leaf_weight=632.11274537071586 151.52912610769272 24.717624969780445 138.06991728395224 140.47078270465136 1128.3508973568678 119.9599912725389 1127.9290334358811 134.81932346522808 15.38834025710821 151.75199124962091 175.88201035559177 20.895297490060329 844.05172412097454 152.94462219625711
leaf_count=3920 725 127 784 768 7231 712 6179 810 91 736 1105 98 5105 855
internal_value=-0.000308252 0.0022952 -0.000247467 -0.00594543 0.00552349 -0.00980432 -0.0077911 -0.0128349 -0.00846581 -0.0143912 -0.0232091 0.0102597 0.0117212 0.00314236
internal_weight=4958.87 3679.42 2789.75 1403.37 1386.38 258.03 1279.46 771.257 636.438 495.967 327.634 889.665 864.947 168.333
internal_count=29246 22342 17012 8285 8727 1496 6904 4365 3555 2787 1841 5330 5203 946
cat_boundaries=0 2 4 5 7 8
cat_threshold=1101565267 27 540057858 20 3412100 16809987 11 2687008
is_linear=0
shrinkage=0.05


Tree=71
num_leaves=15
num_cat=5
split_feature=8 1 29 28 4 25 20 28 2 14 29 29 30 11
split_gain=31.2245 34.0792 38.4381 38.8414 31.336 29.0681 25.2245 24.566 25.4393 26.5946 27.5733 24.2432 23.8041 20.6843
threshold=-2.4999999999999996 0.50233644859813087 0 1 -1.3254109838168822 17.100052097240919 25.900000000000002 2 -1.0000000180025095e-35 0.031250000000001783 3 4 3.5000000000000004 7.8066145571806018
decision_type=8 8 9 9 8 10 10 9 2 8 9 9 2 2
left_child=-1 2 -2 4 -4 6 7 -3 -9 10 -10 -11 -12 -5
right_child=1 5 3 13 -6 -7 -8 8 9 11 12 -13 -14 -15
leaf_value=0.028550262502312226 0.021611283377274092 -0.024060700455261465 -0.025486173165702748 -0.023322003054902393 0.017433371015196247 -0.05909533510359985 -0.02369322076557167 0.0206887312306877 0.0026215590777772585 0.0136474550776866 -0.045033705928234621 0.0015284985865388009 0.026792823080550671 0.0012346643950612993
leaf_weight=94.094898998737335 83.248200289905071 74.053604319691658 56.987061947584152 502.37205497175455 158.79754240065813 18.611639127135277 92.765306144952774 195.00471372902393 119.00010353326797 472.62828133255243 86.103968076407909 2874.4698345214128 12.621397964656351 103.24192579835653
leaf_count=467 428 352 308 3326 803 84 582 1213 622 3167 451 16783 75 583
internal_value=0.00017609 -0.00038018 -0.00912737 -0.0123775 0.00576733 0.00162735 0.00193014 0.00255615 0.00314227 0.00218572 -0.0147073 0.00328865 -0.0324233 -0.0188302
internal_weight=4944 4849.91 904.647 821.399 215.785 3945.26 3926.65 3833.88 3759.83 3564.82 217.725 3347.1 98.7254 605.614
internal_count=29244 28777 5448 5020 1111 23329 23245 22663 22311 21098 1148 19950 526 3909
cat_boundaries=0 2 3 4 6 7
cat_threshold=2684428560 4 266274 197216 44679194 1 38934028
is_linear=0
shrinkage=0.05


Tree=72
num_leaves=15
num_cat=3
split_feature=7 21 8 24 1 29 3 20 20 29 17 3 28 7
split_gain=34.7281 30.4174 29.058 27.7898 25.4733 23.9736 23.8355 22.7078 25.9436 30.1486 26.5159 24.3814 24.1746 27.3722
threshold=43.500000000000007 0.69345350103991299 -2.4999999999999996 0.25137904622184765 0.31281565656565663 0 0.69944022336448342 -88.414999999999992 -18.497499999999995 1 4.5000000000000009 1.0454479565034773 2 8.5000000000000018
decision_type=2 8 8 10 8 9 10 8 8 9 2 10 9 2
left_child=1 6 -3 -2 5 -4 -1 -6 10 12 -9 -11 -10 -14
right_child=3 2 4 -5 7 -7 -8 8 9 11 -12 -13 13 -15
leaf_value=-0.046766174264466928 -0.027046233552484235 0.03013671008235877 -0.029800252841590415 0.0008623869526130809 -0.026738636022821307 -0.00125649965832581 0.019710900809614809 0.014189677878071625 0.0050618230218922311 0.0032796980472926205 -0.038221903922764776 0.029957006189216085 -0.0031748579500106102 -0.021702275310468953
leaf_weight=55.007134519517422 205.62014676630497 86.356909438967705 113.38221696764231 156.84613113105297 66.32711598277092 194.82987751811743 17.132018756121397 584.29667994379997 375.86003214865923 2099.1442635953426 24.227011360228062 88.317985862493515 527.36092856526375 319.92153357714415
leaf_count=418 1395 440 735 833 316 1114 148 3405 2182 12624 123 703 3106 1595
internal_value=-0.000127418 0.00105989 0.00158171 -0.0150005 0.00101373 -0.0128237 -0.0309252 0.00206053 0.00254233 0.000844048 0.0120437 0.0043501 -0.00541589 -0.0100692
internal_weight=4914.63 4552.16 4480.02 362.466 4393.67 308.212 72.1392 4085.46 4019.13 3410.6 608.524 2187.46 1223.14 847.282
internal_count=29137 26909 26343 2228 25903 1849 566 24054 23738 20210 3528 13327 6883 4701
cat_boundaries=0 2 4 5
cat_threshold=9456714 9 1630194947 50 799117
is_linear=0
shrinkage=0.05


Tree=73
num_leaves=15
num_cat=2
split_feature=8 7 18 5 20 29 7 26 23 20 5 1 4 33
split_gain=42.1862 38.1364 27.5078 26.6079 24.5579 33.1995 33.313 29.5833 23.997 23.7912 21.7309 20.1237 20.9622 19.2546
threshold=-2.4999999999999996 10.500000000000002 -3.1974999999999993 0.70474095238095236 -5.7474999999999943 0 -10.499999999999998 206.50000000000003 21.487708333333334 28.265000000000004 1.0000000180025095e-35 0.77831196581196593 1.4923010121586053 1
decision_type=8 2 8 10 8 9 2 2 10 10 10 8 8 1
left_child=-1 2 -2 8 10 7 -7 -6 -3 -9 -4 13 -13 -8
right_child=1 3 4 -5 5 6 11 9 -10 -11 -12 12 -14 -15
leaf_value=0.032811955001241892 -0.028613896247271387 -0.0023022350729154169 -0.0099896758560999166 -0.022334825882413187 -0.013240529533607583 -0.022664582928937138 -0.036599983944662497 0.010658360869377371 -0.031608637662056523 -0.039035252639117848 0.025496173244131934 0.0043642316327198128 0.027195587801761307 0.03425658037868811
leaf_weight=93.294382683932781 57.003709934651852 2916.2604591362178 51.664298214018345 188.36449683457613 382.40127585083246 58.934917345643044 30.719733417034149 319.22821623086929 70.575491517782211 25.067082047462463 246.97762862965465 148.60257772356272 312.64729595929384 12.836480855941771
leaf_count=472 359 15013 298 1173 2111 256 238 2276 537 157 2204 1187 2839 138
internal_value=-0.000309401 -0.000956988 0.00521721 -0.00415844 0.00644804 0.00345081 0.0124184 -0.0036341 -0.00300506 0.00693775 0.0193444 0.0167965 0.0198653 -0.0154176
internal_weight=4914.58 4821.28 1646.08 3175.2 1589.08 1290.44 563.741 726.697 2986.84 344.295 298.642 504.806 461.25 43.5562
internal_count=29258 28786 12063 16723 11704 9202 4658 4544 15550 2433 2502 4402 4026 376
cat_boundaries=0 2 3
cat_threshold=3253243155 52 4
is_linear=0
shrinkage=0.05


Tree=74
num_leaves=15
num_cat=2
split_feature=7 7 15 29 7 26 4 21 18 11 29 6 9 6
split_gain=31.2311 45.2329 26.2773 29.2317 25.1334 24.0773 23.1446 22.8389 21.8673 21.1911 19.7256 28.6735 26.2778 19.9806
threshold=8.5000000000000018 4.5000000000000009 6.7715222765271639 0 37.500000000000007 1308.0000000000002 12.04994853789359 4.6517974503715509 -2.7762499999999997 6.0578371229795582 1 -75.499999999999986 5.5000000000000009 -87.499999999999986
decision_type=2 2 8 9 2 2 10 8 8 2 9 8 2 8
left_child=1 5 3 4 9 8 7 -4 -1 -2 11 -10 -13 -12
right_child=2 -3 6 -5 -6 -7 -8 -9 10 -11 13 12 -14 -15
leaf_value=-0.041331316152353179 -0.014212510550930819 0.016358955977016469 -0.0299374303122074 0.0071996454693590978 -0.02217880771281569 0.013284379738964253 0.015031799721775471 -0.007334535540334558 0.037381317646995774 0.003668107679624704 -0.047922967581722778 -0.012069531173862261 -0.075613566736276797 0.010678168925277851
leaf_weight=39.990980178117752 227.00033897906542 637.78305986896157 122.90994530916214 1013.7026465162635 171.72325384616852 215.10294980183244 102.82257121056318 1157.500854305923 26.931920371949673 605.5017934218049 14.493836171925066 312.17874869704247 16.226623844355345 240.77713647484779
leaf_count=214 1225 5611 824 5256 1047 1532 556 6255 126 3116 75 1701 101 1560
internal_value=0.000267501 0.00626612 -0.00238525 0.00125361 -0.00477386 -0.00117981 -0.00769088 -0.00952592 -0.00597505 -0.00121865 -0.00359565 -0.0110236 -0.0154293 0.00690735
internal_weight=4904.65 1503.49 3401.16 2017.93 1004.23 865.702 1383.23 1280.41 650.599 832.502 610.608 355.337 328.405 255.271
internal_count=29199 10920 18279 10644 5388 5309 7635 7079 3777 4341 3563 1928 1802 1635
cat_boundaries=0 2 4
cat_threshold=1670139158 38 2162996231 51
is_linear=0
shrinkage=0.05


Tree=75
num_leaves=15
num_cat=2
split_feature=7 29 19 0 11 25 18 24 4 24 7 2 11 29
split_gain=26.7898 28.3914 31.6821 30.061 29.3981 29.212 28.8572 27.8693 23.1734 21.6375 20.7421 20.5147 21.0749 34.6008
threshold=21.500000000000004 0 23.500000000000004 93.990000000000023 5.9543984583846497 0.12412725641553242 12.928750000000001 0.038016003487593548 -14.726848442642746 0.4465458878795206 8.5000000000000018 -30.486011654786051 7.8066145571806018 1
decision_type=2 9 8 8 2 10 10 8 8 10 2 2 2 9
left_child=1 3 9 4 5 -1 7 -4 -2 -3 -6 -10 -13 -14
right_child=8 2 6 -5 10 -7 -8 -9 11 -11 -12 12 13 -15
leaf_value=-0.038078828766885314 -0.032400769260170645 -0.027576653083336601 -0.053319602350483442 -0.010042132710546492 0.024195471593332855 0.00050350007343035732 -0.034584135273901161 0.0098104749074521599 0.053095120466283154 0.026199109254964537 0.003109542228552452 -0.0085942242523456055 0.027524736053305549 -0.0039515837312313227
leaf_weight=65.249217785894871 75.340414360165596 101.74033880233765 16.685014143586159 727.14766674116254 191.75179309397936 188.97924163937569 37.571525420993567 1701.0843079835176 14.49596270918846 22.033420756459236 296.20731493458152 1039.8342110067606 108.12938396632671 321.82779303193092
leaf_count=379 479 539 90 4000 1547 1220 254 11206 72 115 1584 5776 495 1534
internal_value=-0.000120557 0.00240047 0.00645017 -0.00280429 0.00425311 -0.00950928 0.00821101 0.00916662 -0.00553116 -0.0178706 0.0114282 -0.0041464 -0.00474667 0.00455685
internal_weight=4908.08 3348.45 1879.11 1469.34 742.188 254.228 1755.34 1717.77 1559.63 123.774 487.959 1484.29 1469.79 429.957
internal_count=29290 20934 12204 8730 4730 1599 11550 11296 8356 654 3131 7877 7805 2029
cat_boundaries=0 2 4
cat_threshold=1632404754 26 1076913436 16
is_linear=0
shrinkage=0.05


Tree=76
num_leaves=15
num_cat=2
split_feature=8 7 20 26 28 29 25 26 25 14 25 24 26 26
split_gain=32.0691 31.862 32.3821 29.7978 27.7733 23.4296 34.3934 36.5463 39.5567 48.2612 29.5851 34.929 36.7936 34.9162
threshold=-2.4999999999999996 17.500000000000004 25.900000000000002 3488.5000000000005 0 1 0.64017632191566542 128.50000000000003 0.82823132368848651 0.12625000000000067 0.11405373071103574 0.36714027810126665 1308.0000000000002 39.500000000000007
decision_type=8 2 10 2 9 9 10 2 10 10 8 10 2 2
left_child=-1 2 3 4 -2 -6 10 -8 9 -9 11 12 13 -7
right_child=1 -3 -4 -5 5 6 7 8 -10 -11 -12 -13 -14 -15
leaf_value=0.028616222837591382 0.010388396775593641 -0.0057491906026574773 -0.028009990282665688 0.030247994995284491 -0.012158909012127761 0.013310783458279891 -0.014320121335522566 -0.0068283114859392993 0.015566486384239533 -0.16265545294493911 0.015638767309840124 0.012406125815172572 0.034243981891802659 -0.054450459298381798
leaf_weight=92.847551546990871 765.1442459076643 1984.6209388487041 83.296642936766148 98.986234556883574 358.19569773972034 25.041674613952637 466.63835406303406 17.710151188075546 230.92636931687593 5.9582473412156096 542.1461908146739 135.03114807978272 21.087483569979668 73.717387177050114
leaf_count=471 5247 10383 513 895 2010 123 2509 121 1625 48 3766 1013 147 403
internal_value=-0.000330983 -0.00089576 0.00251606 0.00345374 0.00243863 -0.000857544 0.00187702 -0.00601733 0.00919707 -0.0510595 0.00904279 -0.00499371 -0.0245385 -0.0373075
internal_weight=4901.35 4808.5 2823.88 2740.58 2641.6 1876.45 1518.26 721.233 254.595 23.6684 797.024 254.878 119.847 98.7591
internal_count=29274 28803 18420 17907 17012 11765 9755 4303 1794 169 5452 1686 673 526
cat_boundaries=0 1 3
cat_threshold=274823 545343746 18
is_linear=0
shrinkage=0.05


Tree=77
num_leaves=15
num_cat=5
split_feature=7 29 8 11 28 29 9 5 29 29 18 24 5 8
split_gain=27.7732 28.6951 27.283 27.8924 40.6186 39.1455 43.8335 31.6007 26.5206 25.751 28.7849 27.9354 21.9156 21.7435
threshold=43.500000000000007 0 -2.4999999999999996 6.6529533411133963 1 2 1.0000000180025095e-35 0.6205452702702704 3 4 -0.3749999999999995 0.24356556503993954 0.44707963709677423 23.500000000000004
decision_type=2 9 8 2 9 9 2 8 9 9 8 10 10 10
left_child=2 -2 -1 5 8 7 -7 9 -5 -4 11 -11 -8 -10
right_child=1 -3 3 4 -6 6 12 -9 13 10 -12 -13 -14 -15
leaf_value=0.028330328158725417 -0.027516525232155142 0.0010619686607728858 0.010018931391587202 0.019864535648290702 0.0073907629930435982 -0.005741630527460349 0.015277238146254075 -0.016132708881201885 -0.016888695603735532 0.030155938460912995 -0.0011858605176986281 -0.048900370621812635 -0.012614923972474141 -0.063348090679629446
leaf_weight=87.660643856972456 170.87256525829434 176.97327905148268 286.12596383690834 27.512673489749432 1636.7536081708968 708.17377907037735 600.70254871621728 721.61303969845176 72.984521642327309 12.631745755672453 205.25311136245728 67.987755972892046 78.998954072594643 38.364126533269882
leaf_count=457 1232 956 1870 131 9631 4111 3888 4228 369 73 1312 394 547 186
internal_value=-0.00017769 -0.0137736 0.000865715 0.000319317 0.00517841 -0.00289899 0.00293905 -0.00911218 -0.0198724 -0.000401662 -0.0108027 -0.0362958 0.0120217 -0.0305941
internal_weight=4892.61 347.846 4544.76 4457.1 1775.61 2681.49 1387.88 1293.61 138.861 571.999 285.873 80.6195 679.702 111.349
internal_count=29385 2188 27197 26740 10317 16423 8546 7877 686 3649 1779 467 4435 555
cat_boundaries=0 2 3 5 7 8
cat_threshold=59556928 42 3735600 1101820950 27 263168 8 25968656
is_linear=0
shrinkage=0.05


Tree=78
num_leaves=15
num_cat=2
split_feature=7 20 25 28 3 30 22 0 7 28 1 9 24 16
split_gain=24.6586 22.2294 21.6689 21.8249 25.357 22.7855 29.5967 30.8322 33.0482 33.0129 27.1714 22.3657 21.9187 21.0338
threshold=43.500000000000007 -88.414999999999992 17.100052097240919 0 0.28349390855067541 2.5000000000000004 -0.47999999999999982 89.895000000000024 7.5000000000000009 1 0.27071078431372553 2.5000000000000004 0.47655963667832812 inf
decision_type=2 8 10 9 8 2 10 8 2 9 8 2 10 8
left_child=1 -1 3 4 -3 6 7 8 -5 -10 -7 -9 -11 -12
right_child=-2 2 -4 5 -6 10 -8 11 9 12 13 -13 -14 -15
leaf_value=-0.026804305632842619 -0.013389793985093067 0.0095211696372705865 -0.061034395196386204 0.021241037138065265 -0.051601514431657031 -0.017175407502326809 -0.017879508211543764 -0.0093436043154417458 0.024597618678006947 0.0012768181508684246 0.025452119571877263 0.0075575506447462769 -0.020675553273997629 0.005795026388152328
leaf_weight=73.141937404870987 351.15755244717002 27.154372453689575 13.12274497002363 267.88118411973119 43.057495035231113 117.56025253981352 247.43829842284322 894.60124482959509 121.72577603906393 710.11480407044291 149.24962182343006 249.67585871368647 134.36574058234692 1459.9310918524861
leaf_count=361 2211 140 60 2257 205 696 1620 5162 623 3900 1096 1530 849 8496
internal_value=-0.000647239 0.000347886 0.000801531 0.000998759 -0.0246931 0.00147211 -0.00145818 0.000257047 0.00573664 0.00142052 0.00593491 -0.00565247 -0.00221022 0.00763287
internal_weight=4860.18 4509.02 4435.88 4422.76 70.2119 4352.54 2625.8 2378.36 1234.09 966.206 1726.74 1144.28 844.481 1609.18
internal_count=29206 26995 26634 26574 345 26229 15941 14321 7629 5372 10288 6692 4749 9592
cat_boundaries=0 1 2
cat_threshold=196672 1320192
is_linear=0
shrinkage=0.05


Tree=79
num_leaves=15
num_cat=3
split_feature=2 8 5 7 7 19 28 20 11 2 29 20 29 2
split_gain=26.5438 26.4664 33.2967 23.421 31.4378 28.1701 25.0162 25.6009 25.4594 25.2808 24.2483 24.0406 22.5644 28.2672
threshold=-7.0811528805034376 -2.4999999999999996 1.0038294010889295 8.5000000000000018 4.5000000000000009 87.715000000000018 0 -0.16499999999999912 6.738827425194148 285.2057632769708 1 13.112499999999999 2 27.197041723930486
decision_type=2 8 10 2 2 8 9 10 2 2 9 10 9 2
left_child=-1 -2 3 4 5 11 8 -8 9 12 -10 -3 13 -5
right_child=1 2 -4 6 -6 -7 7 -9 10 -11 -12 -13 -14 -15
leaf_value=0.021735925677045589 0.026886918803234874 0.021070237086939808 -0.034545196105990515 0.022628072959684768 0.013948482929535599 -0.0079773392693080255 -0.0053489320226656981 -0.027685651969745591 0.023943781654065754 -0.067883290928071743 0.0030238586720725004 -0.011512118299751711 -0.0084556706664759129 -0.040172640612074713
leaf_weight=140.23738888278604 87.08395678922534 195.81167082116008 70.880073800683022 125.41050938516855 586.49729428440332 531.14644641056657 1261.1263676099479 141.93661123514175 157.50638781487942 14.922459878027437 837.26885653287172 78.72907542437315 595.75188359618187 19.942607127130032
leaf_count=905 444 1448 521 631 5273 3059 7457 945 778 64 4088 514 2961 93
internal_value=0.000378281 -0.000262923 -0.000780731 -0.000246809 0.00515266 -0.00125959 -0.00263113 -0.00757273 0.00136648 -0.00553779 0.00662773 0.0117188 -0.00419265 0.0129138
internal_weight=4844.25 4704.01 4616.93 4546.05 1392.18 805.687 3153.87 1403.06 1750.8 756.027 994.775 274.541 741.105 145.353
internal_count=29181 28276 27832 27311 10294 5021 17017 8402 8615 3749 4866 1962 3685 724
cat_boundaries=0 1 2 4
cat_threshold=1339666 1074820108 2182468101 32
is_linear=0
shrinkage=0.05


Tree=80
num_leaves=15
num_cat=2
split_feature=2 11 7 28 7 28 19 6 24 1 2 1 20 21
split_gain=25.3407 24.5177 27.5443 28.7759 27.4219 24.7618 29.8791 23.7294 31.2925 22.5186 19.2358 20.6483 18.9073 20.7891
threshold=-0.0017448529702202007 6.550287163397539 42.500000000000007 0 23.500000000000004 1 87.715000000000018 72.500000000000014 0.30061662287190588 1.186970338983051 301.16679315753407 0.56691542288557228 13.112499999999999 0.78171437060513038
decision_type=2 2 2 9 2 9 10 10 8 10 2 8 10 8
left_child=-1 4 3 9 5 -2 10 -6 -9 -3 11 -7 13 -13
right_child=1 2 -4 -5 7 6 -8 8 -10 -11 -12 12 -14 -15
leaf_value=0.016040434218490111 0.013120875208304373 0.0010717169007079042 -0.012318886245461035 0.0075418667472495638 -0.017346312225723685 -0.0123597806490415 -0.016137562581627362 -0.018569922924265816 0.098170361583109503 -0.035454369587361236 -0.05808779149561747 -0.0488086177767161 -0.018062502851397166 0.0058365623954297029
leaf_weight=237.0521321259439 244.27464079856873 100.77466077357531 245.22676452994347 1637.6736633963883 448.20127521827817 263.73147014155984 372.68284280225635 11.990319989621641 9.5699895620346052 71.522014752030373 13.259605824947355 16.699461311101913 96.15067096427083 1075.2932919189334
leaf_count=1482 1389 497 1432 9724 2722 1390 2258 105 58 368 59 114 553 7064
internal_value=0.000132823 -0.000688994 0.00337453 0.0055064 -0.00396169 -0.00149684 -0.00349817 -0.0148601 0.0353023 -0.0134326 -0.000298165 0.000269231 0.00308052 0.004957
internal_weight=4844.1 4607.05 2055.2 1809.97 2551.85 2082.09 1837.82 469.762 21.5603 172.297 1465.13 1451.87 1188.14 1091.99
internal_count=29215 27733 12021 10589 15712 12827 11438 2885 163 865 9180 9121 7731 7178
cat_boundaries=0 1 2
cat_threshold=3736754 1310772
is_linear=0
shrinkage=0.05


Tree=81
num_leaves=15
num_cat=5
split_feature=20 9 21 11 15 29 8 20 19 29 29 29 24 29
split_gain=24.389 21.87 34.6292 28.1476 27.948 26.9649 26.3388 27.4026 36.4546 57.4195 37.9896 27.5323 22.4149 21.6227
threshold=-88.414999999999992 2.5000000000000004 0.96485913059757167 10.020336565720223 3.6702094094415476 0 42.500000000000007 1.8000000000000005 45.750000000000007 1 2 3 1.0000000180025095e-35 4
decision_type=8 2 8 2 8 9 10 8 8 9 9 9 8 9
left_child=-1 2 -2 4 5 -3 7 11 10 -10 -9 -4 -11 -8
right_child=1 3 6 -5 -6 -7 13 8 9 12 -12 -13 -14 -15
leaf_value=-0.028321426792101329 -0.021449100918784998 -0.0076320638836302156 -0.0017865737344610211 -0.061093710076513701 0.020121758469681596 0.012349807102143395 0.0094843232947903998 0.0087068836677989727 -0.011048002403856073 -0.051099149143953693 -0.020679678348850983 0.017892306329344854 0.00798145524257385 -0.020406850267472146
leaf_weight=75.216673582792282 205.43565534055233 342.28312143310905 313.0544499270618 14.033119365572928 313.72036920115352 313.12669974565506 74.886967621743679 147.12208630517125 607.92082151398063 15.259404227137564 396.26600743457675 407.13357694447041 1373.7839094176888 252.32446996122599
leaf_count=375 1414 2026 1964 81 2050 1968 448 932 3606 91 2411 2567 7978 1378
internal_value=-0.000260358 0.000187376 -0.00153544 0.00682907 0.00787456 0.00199056 -0.000389523 0.000969218 -0.00147216 0.00165373 -0.0129418 0.00957091 0.00724401 -0.0138906
internal_weight=4851.57 4776.35 3793.19 983.163 969.13 655.41 3587.75 3260.54 2540.35 1996.96 543.388 720.188 1389.04 327.211
internal_count=29289 28914 22789 6125 6044 3994 21375 19549 15018 11675 3343 4531 8069 1826
cat_boundaries=0 2 4 6 8 10
cat_threshold=3268158486 34 1638157585 17 3791985744 13 26448670 23 50664468 8
is_linear=0
shrinkage=0.05


Tree=82
num_leaves=15
num_cat=1
split_feature=2 7 28 0 7 3 25 4 0 21 2 16 25 25
split_gain=25.0365 24.6189 22.4309 26.7384 23.3108 24.9841 21.532 19.9853 24.4647 22.5532 20.9713 20.8192 17.7476 30.3837
threshold=-8.92879973205679 24.500000000000004 0 32.880000000000003 15.500000000000002 0.0081693430460039757 0.22791592120595935 1.0000000180025095e-35 97.00500000000001 0.84023052232273143 314.86318140813614 0.25000000000000017 0.64017632191566542 0.11405373071103574
decision_type=2 2 9 8 2 10 10 10 10 8 2 8 10 8
left_child=-1 2 3 -2 -5 -6 -7 8 9 -4 12 -9 13 -11
right_child=1 -3 7 4 5 6 -8 11 -10 10 -12 -13 -14 -15
leaf_value=0.022180613579550187 0.035502406711685919 -0.0068895205436377187 -0.032744630944191951 0.015160259349228287 0.034550460199777228 0.024052597988842055 -0.019114839623873541 -0.0054965327240621125 -0.020679480277431737 -0.010409227580260126 -0.038972235633888484 0.016085540394713591 -0.00364857289478725 0.010474603485214526
leaf_weight=121.94317564740777 87.739711329340935 1189.5107197090983 53.411146640777588 299.63552007824183 32.328713536262512 33.672846436500549 174.96495150029659 169.46142910420895 168.11195471137762 227.60268128663301 33.24074425548315 324.75699013099074 1174.7627225629985 731.60187104716897
leaf_count=797 451 6633 406 2359 141 146 762 1072 857 1410 153 2066 7153 4782
internal_value=-9.34755e-05 -0.000675881 0.00143046 0.00990102 0.00587085 -0.0056952 -0.0120664 -0.000451268 -0.00234712 -0.000950582 -0.000152272 0.00868916 0.000470396 0.00551355
internal_weight=4822.75 4700.8 3511.29 628.342 540.602 240.967 208.638 2882.95 2388.73 2220.62 2167.21 494.218 2133.97 959.205
internal_count=29188 28391 21758 3859 3408 1049 908 17899 14761 13904 13498 3138 13345 6192
cat_boundaries=0 1
cat_threshold=266245
is_linear=0
shrinkage=0.05


Tree=83
num_leaves=15
num_cat=4
split_feature=7 18 0 29 25 18 5 11 29 29 19 28 2 1
split_gain=24.5581 23.9056 23.4831 31.5082 24.4835 40.9237 24.0022 22.992 33.736 33.1675 23.5581 22.0149 28.0814 23.7053
threshold=13.500000000000002 -3.5724999999999998 89.895000000000024 0 0.39862538387092566 11.368750000000002 1.0000000180025095e-35 7.8066145571806018 1 2 84.725000000000009 3 327.16741991119039 0.45732959850606913
decision_type=2 8 8 9 10 10 8 2 9 9 10 9 2 10
left_child=1 -1 6 4 -4 -6 -3 9 -9 -2 -10 12 -11 -13
right_child=7 2 3 -5 5 -7 -8 8 10 11 -12 13 -14 -15
leaf_value=-0.028697429441017469 -0.014015363011939544 -0.013677906541447366 0.0078522675964471655 0.0093888525394510113 -0.010651526779471012 -0.11148097475083872 0.01621908619164018 0.022522072458720385 0.0033841305464395936 0.0091032188057907082 -0.027069572380926183 -0.017613900188417308 -0.050344063220317307 -0.0003016174192364786
leaf_weight=51.361726477742195 683.68071566522121 74.595063176006079 205.22451105713844 625.11969526857138 425.82839881256223 9.3238558843731862 614.04277531802654 194.11257208883762 339.1140992641449 552.72843146324158 77.091596901416779 282.71645033732057 19.619268238544464 652.56259276345372
leaf_count=321 3709 439 1295 4986 2605 57 5178 893 1637 2482 336 1868 86 3239
internal_value=0.000428836 0.00465153 0.00554229 0.00149584 -0.00626052 -0.0130626 0.0129654 -0.00259449 0.00598157 -0.00498472 -0.00225399 -0.000784805 0.00686152 -0.00548937
internal_weight=4807.12 2005.5 1954.13 1265.5 640.377 435.152 688.638 2801.63 610.318 2191.31 416.206 1507.63 572.348 935.279
internal_count=29131 14881 14560 8943 3957 2662 5617 14250 2866 11384 1973 7675 2568 5107
cat_boundaries=0 2 4 6 7
cat_threshold=3236465680 58 1077179420 17 1613511960 27 1332226
is_linear=0
shrinkage=0.05


Tree=84
num_leaves=15
num_cat=4
split_feature=26 26 0 0 7 28 8 29 28 1 23 5 11 29
split_gain=21.5831 26.6622 21.4613 21.3405 19.5737 22.4797 28.874 30.3514 21.3063 25.4328 21.6473 20.0096 20.327 19.2175
threshold=3488.5000000000005 4200.5000000000009 5.0150000000000015 99.910000000000011 10.500000000000002 0 6.5000000000000009 1 2 1.1201503759398499 21.487708333333334 0.6555927933673471 5.6864836340192033 3
decision_type=2 2 10 10 2 9 10 9 9 8 10 10 2 9
left_child=3 -2 -3 4 5 6 -1 11 9 -6 -10 12 -8 -7
right_child=1 2 -4 -5 8 13 7 -9 10 -11 -12 -13 -14 -15
leaf_value=0.036011497387577869 0.039736655353417749 -0.07299953195606991 0.0075321994646133997 -0.026278857974329828 -0.0082196233179568923 -0.0054979599954333028 0.042337489334511431 0.01772498196997014 -0.0010024446701810056 -0.070320038939902435 -0.028960539821685956 -0.070089219978267503 -0.021490026195736325 0.0077258794152851758
leaf_weight=116.49688654392958 74.220933631062508 8.4339852556586248 66.281325556337833 78.227410808205605 44.404371596872807 553.58554558455944 14.973471976816652 170.22656027972698 3011.0540593788028 25.52058219909668 69.867852944880724 14.751149177551268 56.230848845094442 524.57109540700912
leaf_count=1076 699 53 516 363 237 3500 103 1567 15796 134 561 97 392 4176
internal_value=4.86065e-05 0.0187221 -0.00240242 -0.000549544 -0.000106538 0.0046972 0.01508 0.00604489 -0.00231925 -0.0276569 -0.00164034 -0.0170965 -0.00766735 0.000949073
internal_weight=4828.85 148.936 74.7153 4679.91 4601.68 1450.84 372.679 256.182 3150.85 69.925 3080.92 85.9555 71.2043 1078.16
internal_count=29270 1268 569 28002 27639 10911 3235 2159 16728 371 16357 592 495 7676
cat_boundaries=0 1 3 4 6
cat_threshold=3944485 1073774872 11 2686976 2176339015 50
is_linear=0
shrinkage=0.05


Tree=85
num_leaves=15
num_cat=5
split_feature=7 28 26 24 29 21 19 29 19 5 19 3 28 29
split_gain=23.7566 22.9322 23.9594 20.4576 55.2786 46.3509 39.8915 31.7814 27.8412 20.6061 22.9742 18.639 18.1692 31.9041
threshold=15.500000000000002 0 3488.5000000000005 0.5157933164103462 1 0.93323608850020701 95.717500000000015 2 49.250000000000007 0.66302269503546107 29.000000000000004 1.0000000180025095e-35 3 4
decision_type=2 9 2 8 9 8 8 9 10 10 8 8 9 9
left_child=1 -1 3 5 6 -3 -5 8 -7 10 -9 -4 13 -2
right_child=12 2 11 4 -6 7 -8 9 -10 -11 -12 -13 -14 -15
leaf_value=0.011748451869645272 -0.010981526491513805 -0.045269598768110597 -0.04962728404853034 -0.039953403086846986 0.027059851213986481 -0.025408271221102671 0.041797637291089755 -0.022092922957594175 -0.0022787109726817968 -0.018560353407287112 0.0098630701937418297 0.029090746069632429 -0.006846105598367189 0.0098667689485505087
leaf_weight=573.54686377570033 275.70701839774847 62.115605294704437 7.2338795363903037 67.517017655074596 174.81346664950252 204.8835925757885 18.19754696637392 60.207738131284714 354.08768562227488 84.675815150141716 700.57591869682074 98.884745437651873 1639.0290533602238 500.96783684194088
leaf_count=4605 1229 375 43 412 1335 1142 131 288 2100 528 4914 1015 9056 2148
internal_value=-0.000384768 0.00313048 0.000363227 -0.00105738 0.0118267 -0.0033527 -0.0200081 -0.0014679 -0.0105975 0.00464384 0.00730842 0.0233115 -0.00388682 0.00241596
internal_weight=4822.44 2406.74 1833.19 1727.07 260.528 1466.55 85.7146 1404.43 558.971 845.459 760.784 106.119 2415.7 776.675
internal_count=29321 16888 12283 11225 1878 9347 543 8972 3242 5730 5202 1058 12433 3377
cat_boundaries=0 1 3 5 6 8
cat_threshold=799013 2169552982 22 548002881 23 1328130 1669402640 42
is_linear=0
shrinkage=0.05


Tree=86
num_leaves=15
num_cat=4
split_feature=11 28 7 29 15 28 29 26 20 19 1 19 6 19
split_gain=20.8001 34.4934 20.5637 31.2764 22.0516 19.8936 26.0391 27.8573 35.0451 26.6729 32.7278 26.673 23.029 22.5142
threshold=6.550287163397539 0 43.500000000000007 1 -0.015577817493702946 2 3 1040.0000000000002 13.922500000000005 87.715000000000018 1.2010638297872342 98.750000000000014 -67.499999999999986 21.000000000000004
decision_type=2 9 2 9 8 9 9 2 8 10 10 10 10 8
left_child=5 -2 4 -4 -3 -1 7 9 -9 10 -7 12 -11 -8
right_child=1 2 3 -5 -6 6 13 8 -10 11 -12 -13 -14 -15
leaf_value=0.0082942174547429703 -0.02853795865223013 -0.012537425470355249 -0.035413599021074646 0.0029317487063543757 0.0083708103729949954 -0.01959170803727903 -0.021508619445595716 0.019977572711831794 -0.021845794406102625 0.02407179365353098 0.01098492345238912 0.020072537984734521 -0.051926490949673491 0.0012115692728647252
leaf_weight=341.51929723843932 68.858803182840347 135.26611921936274 64.389322023838758 181.07416394352913 1710.1865479685366 330.81339192390442 117.36635575070977 128.12065169587731 80.852334775030613 10.388065345585344 118.12617146223783 17.438072919845581 108.82479350268841 1382.4547472968698
leaf_count=2027 384 737 400 1040 10163 2054 730 910 551 52 766 137 621 8676
internal_value=0.000171915 0.00380877 0.00499968 -0.00854769 0.00683234 -0.00280832 -0.00448044 -0.0117426 0.003769 -0.0174752 -0.0115398 -0.0367494 -0.0451589 -0.000575677
internal_weight=4795.68 2159.77 2090.92 245.463 1845.45 2635.9 2294.38 794.563 208.973 585.59 448.94 136.651 119.213 1499.82
internal_count=29248 12724 12340 1440 10900 16524 14497 5091 1461 3630 2820 810 673 9406
cat_boundaries=0 1 3 4 6
cat_threshold=2688032 3246669848 8 3933618 1094532370 24
is_linear=0
shrinkage=0.05


Tree=87
num_leaves=15
num_cat=5
split_feature=7 0 19 0 29 23 28 29 29 19 19 25 33 5
split_gain=18.8885 22.1949 28.3549 21.4762 22.7414 24.1376 22.6099 43.4517 36.2732 29.591 27.9551 23.9968 18.7554 35.9701
threshold=8.5000000000000018 82.815000000000012 98.750000000000014 94.965000000000018 0 7.9493750000000007 1 2 3 87.715000000000018 92.405000000000015 7.3504330724860845 4 1.0225936575052856
decision_type=2 10 8 10 9 10 9 9 9 10 10 10 1 8
left_child=3 12 -3 6 -5 -6 7 9 11 -1 -11 -8 13 -2
right_child=1 2 -4 4 5 -7 8 -9 -10 10 -12 -13 -14 -15
leaf_value=0.0076109786465789744 0.00099377460289271058 -0.04183372943830372 0.018416367402155378 0.0090232022677861293 -0.02736119806257999 0.035650610179915616 -0.01290355898301483 0.019811292519074229 0.014420740831528851 -0.038475644447230235 0.023090130106515529 -0.068743275030230963 0.0031640427849868578 -0.013313379223550949
leaf_weight=203.52760287001729 1146.012386303395 70.176304969936609 26.246535040438175 114.81753545254469 139.89183114469051 16.169954374432564 140.91482699662447 575.71498034149408 135.15239010751247 82.134429551661015 22.962248928844929 21.439837068319321 1405.1812038235366 711.28253771364689
leaf_count=1715 6389 390 160 663 761 119 743 5430 797 477 187 96 7445 4014
internal_value=0.000164474 -0.00189577 -0.0254128 0.00492606 -0.00775187 -0.0194111 0.00783594 0.0117664 -0.00410418 -0.0034062 -0.0249335 -0.0194618 -0.00119314 -0.00448961
internal_weight=4811.62 3358.9 96.4228 1452.73 270.879 156.062 1181.85 884.339 297.507 308.624 105.097 162.355 3262.48 1857.29
internal_count=29386 18398 550 10988 1543 880 9445 7809 1636 2379 664 839 17848 10403
cat_boundaries=0 1 2 4 6 7
cat_threshold=1112303365 2929796 3225169921 17 44057874 39 4
is_linear=0
shrinkage=0.05


Tree=88
num_leaves=15
num_cat=5
split_feature=7 26 7 28 3 28 3 3 29 24 9 29 29 2
split_gain=26.8821 22.9408 22.4514 22.1472 30.0227 21.923 28.414 28.0566 40.7686 31.751 32.8666 37.996 20.4539 20.2429
threshold=8.5000000000000018 3488.5000000000005 4.5000000000000009 0 0.68766387328114753 1 0.87847548525456698 0.16237379344523156 2 0.49783649237079325 1.0000000180025095e-35 3 4 71.463764222362883
decision_type=2 2 2 9 8 9 10 8 9 8 2 9 9 2
left_child=1 2 3 4 -1 6 12 8 -7 10 -9 -12 -2 -5
right_child=5 -3 -4 13 -6 7 -8 9 -10 -11 11 -13 -14 -15
leaf_value=0.016845778910466923 0.017053207372036007 0.035350589716517153 0.012214931613843556 0.0052083682287577251 -0.047160207700652094 -0.019008368179788848 0.02961577713396657 -0.025989404117859268 0.010088715659500331 0.0099589591046534472 -0.0229735624336827 0.0076476251782512696 -0.0015158695982882657 -0.0219216755370873
leaf_weight=26.477157972753048 152.64366649091244 63.048598166555166 577.12181121483445 633.14480575919151 55.539511486887932 155.80352262407541 85.372649177908897 395.46562222018838 422.92247580736876 140.04071175679564 165.88180568441749 229.78886406496167 1570.7640387825668 76.126424416899681
leaf_count=167 731 744 5285 4018 302 1145 453 2405 2497 864 898 1380 7836 370
internal_value=0.000372747 0.00609753 0.00472488 -0.000746473 -0.0236897 -0.00209763 0.00162157 -0.00651874 0.00208212 -0.0119306 -0.015813 -0.00560198 0.000227847 0.00223821
internal_weight=4750.14 1431.46 1368.41 791.288 82.0167 3318.68 1808.78 1509.9 578.726 931.177 791.136 395.671 1723.41 709.271
internal_count=29095 10886 10142 4857 469 18209 9020 9189 3642 5547 4683 2278 8567 4388
cat_boundaries=0 1 2 4 6 7
cat_threshold=73810 291091 1089420300 8 546088256 35 3375628
is_linear=0
shrinkage=0.05


Tree=89
num_leaves=15
num_cat=2
split_feature=2 5 20 24 25 5 7 28 26 11 1 9 33 2
split_gain=20.3391 18.4208 18.9291 19.0321 18.9318 17.056 17.0097 33.3779 23.2001 22.7886 20.4537 19.9646 23.2303 27.9695
threshold=-8.92879973205679 0.71695210449927449 -84.399999999999991 0.14384548156296814 22.582230882422227 0.16002500000000003 10.500000000000002 0 359.00000000000006 6.3582060855848068 2.36451048951049 2.5000000000000004 1 327.16741991119039
decision_type=2 10 8 10 10 8 2 9 2 2 10 2 1 2
left_child=-1 2 3 -2 5 -4 10 -8 11 -10 -7 12 13 -9
right_child=1 -3 4 -5 -6 6 7 8 9 -11 -12 -13 -14 -15
leaf_value=0.020624571768892135 0.022403198283241273 -0.012259640320349548 0.011179955996007285 -0.031966255322441975 -0.064725097440513135 0.0081294355694572669 -0.042561725578689313 0.0046790426428980686 -0.027619478343853809 -0.0035100339198974768 -0.0068793439570786598 0.011287416291364939 -0.0081582388280503747 -0.061560762812408826
leaf_weight=116.51422550529242 19.376945950090885 306.69966907054186 379.21303822100163 79.134018488228321 9.9590857028961164 1003.4973232373595 39.470179244875908 949.29338243603706 150.99874518811703 276.94825820252299 292.43837280198932 366.33284576237202 748.99181424826384 15.211090087890623
leaf_count=779 103 2131 2195 393 46 8124 195 4893 890 1584 1933 1808 4043 65
internal_value=8.18868e-05 -0.000438563 0.000401209 -0.0211542 0.000907805 0.0010779 7.84624e-05 -0.00229401 -0.00146802 -0.0120615 0.00473989 0.000709392 -0.00155738 0.0035717
internal_weight=4754.08 4637.56 4330.87 98.511 4232.35 4222.4 3843.18 2547.25 2507.78 427.947 1295.94 2079.83 1713.5 964.504
internal_count=29182 28403 26272 496 25776 25730 23535 13478 13283 2474 10057 10809 9001 4958
cat_boundaries=0 1 2
cat_threshold=2622496 2
is_linear=0
shrinkage=0.05


Tree=90
num_leaves=15
num_cat=4
split_feature=8 5 29 20 20 29 8 29 28 7 19 19 24 13
split_gain=20.8819 20.2939 23.8332 18.8582 19.7794 28.3181 25.2901 21.2655 38.2944 19.7116 23.6499 20.4563 19.7456 18.3599
threshold=-2.4999999999999996 0.83580911680911696 0 -84.399999999999991 -17.859999999999996 1 16.500000000000004 2 3 22.500000000000004 90.997500000000016 96.850000000000009 0.1171041609859754 40.242500000000007
decision_type=8 10 9 8 8 9 10 9 9 2 10 10 10 10
left_child=-1 3 -3 -2 5 6 -5 8 -6 10 12 -12 -10 -9
right_child=1 2 -4 4 7 -7 -8 13 9 -11 11 -13 -14 -15
leaf_value=0.023923266967804203 -0.020216032264875491 0.010505217369629985 -0.029211557491826315 0.017137533673329878 0.029823281341160381 0.019328317551662668 -0.012089656978372406 -0.0016816878841747936 -0.046392538942813595 -0.025036324615314704 -0.061274315151144336 0.01031154478953151 0.013874350242454765 -0.058466072073221166
leaf_weight=90.634312860667706 106.79938325285912 52.143892098218203 109.23389836028218 113.99775409698486 144.45354058220983 317.34942908957601 206.70825159177184 3246.1245981752872 13.38817375525832 63.353310041129589 22.011951074004173 17.178405497223139 254.99407378211617 13.298688054084776
leaf_count=480 530 382 771 814 753 1878 1199 19740 93 408 148 141 1882 86
internal_value=0.00028498 -0.000177717 -0.0175448 0.00044613 0.00095066 0.00908544 -0.00162898 -0.000426405 0.0089035 0.00013218 0.00538497 -0.0304201 0.0107069 -0.00192533
internal_weight=4771.67 4681.04 161.378 4519.66 4412.86 638.055 320.706 3774.8 515.379 370.926 307.573 39.1904 268.382 3259.42
internal_count=29305 28825 1153 27672 27142 3891 2013 23251 3425 2672 2264 289 1975 19826
cat_boundaries=0 2 4 6 7
cat_threshold=33834000 35 29700700 15 5321228 5 24597
is_linear=0
shrinkage=0.05


Tree=91
num_leaves=15
num_cat=1
split_feature=24 0 7 28 4 24 14 24 23 19 9 3 8 24
split_gain=17.8216 16.225 20.1439 26.51 22.9958 22.6538 22.0263 21.9119 44.1278 30.3517 50.476 26.1129 22.4135 21.5569
threshold=1.0000000180025095e-35 99.995000000000019 16.500000000000004 0 -16.969062368590386 0.43963368881801018 8.1562500000000018 0.5026091763732432 21.487708333333334 91.252500000000012 1.5000000000000002 0.15146277187699725 6.5000000000000009 0.044759444272782424
decision_type=8 10 2 9 8 8 10 8 10 8 2 10 8 8
left_child=-1 2 3 5 -4 -2 -7 8 -5 10 -9 12 -11 -6
right_child=1 -3 4 7 13 6 -8 9 -10 11 -12 -13 -14 -15
leaf_value=-0.046916524417188035 0.016482568595302692 -0.023151555380638345 -0.024769263232980555 -0.00018723655715640816 0.035568537686540558 0.0014683656322792532 -0.05891988139604435 0.017317183622702986 -0.044799220508427884 0.037380888270407982 -0.055184509545265076 0.041253179658081181 -0.067861335300512179 -0.0022707877342326471
leaf_weight=19.097008749842644 569.34264937415719 71.814915396273136 111.69434266164899 1380.9766062945127 37.324941597878933 133.86993845552206 16.013578400015831 79.783273123204708 56.748834889382124 8.2023139148950559 33.163961365818977 104.12545323371887 10.44398044422269 2107.6837604753673
leaf_count=113 4272 339 628 9359 250 967 112 558 349 56 251 951 82 10827
internal_value=6.81227e-05 0.000268069 0.000634712 0.00383019 -0.00275349 0.0117721 -0.00533126 0.000339521 -0.00197804 0.0144381 -0.00426849 0.0315431 -0.0220201 -0.00159608
internal_weight=4740.29 4721.19 4649.37 2392.67 2256.7 719.226 149.884 1673.44 1437.73 235.719 112.947 122.772 18.6463 2145.01
internal_count=29114 29001 28662 16957 11705 5351 1079 11606 9708 1898 809 1089 138 11077
cat_boundaries=0 1
cat_threshold=2371991
is_linear=0
shrinkage=0.05


Tree=92
num_leaves=15
num_cat=4
split_feature=8 15 7 28 29 11 29 3 0 13 29 25 4 24
split_gain=19.6504 17.7474 21.6841 26.8701 34.9365 25.9704 25.131 26.1825 22.314 31.22 25.3413 24.1308 23.5311 22.4421
threshold=-2.4999999999999996 1.0000000180025095e-35 8.5000000000000018 0 1 6.4168874935853184 2 0.2081630979667288 81.960000000000022 8.2525000000000031 3 3.0085075298640604 -0.3075702519046653 0.39113691796881156
decision_type=8 8 2 9 9 2 9 8 8 10 9 10 8 10
left_child=-1 -2 8 4 -4 -6 -5 -8 -3 10 11 12 13 -10
right_child=1 2 3 6 5 -7 7 -9 9 -11 -12 -13 -14 -15
leaf_value=0.023013798859526015 -0.0077819524317519866 0.019389152063027479 0.017258219884022204 -0.014645941466163527 -0.012872969673934302 0.0050399618200787158 0.0070480092514383398 -0.0084491984859413252 0.0064720476063640734 -0.037058671026679445 0.01317303953059324 -0.042384414583420821 0.0096292674076748665 -0.038211731192411419
leaf_weight=90.333514045923948 692.54947225376964 267.45326932519674 349.40716108679771 515.67164808511734 309.93218717724085 578.41062463819981 503.98729132860899 591.16549868881702 49.62559025734663 45.396614003926516 427.63476495072246 37.196177162230015 207.73911687731743 63.031298212707043
leaf_count=479 4000 2525 1714 3367 1560 2777 2875 3472 328 342 3659 191 1434 417
internal_value=4.65884e-05 -0.000405487 0.000890561 -0.00141081 0.00411417 -0.00120356 -0.00564659 -0.00130558 0.0068565 0.00280264 0.00515136 -0.00468814 -0.000339428 -0.0186447
internal_weight=4729.53 4639.2 3946.65 2848.57 1237.75 888.343 1610.82 1095.15 1098.08 830.624 785.227 357.592 320.396 112.657
internal_count=29140 28661 24661 15765 6051 4337 9714 6347 8896 6371 6029 2370 2179 745
cat_boundaries=0 1 3 5 7
cat_threshold=1335699 1081692749 33 1613635404 9 3253764355 59
is_linear=0
shrinkage=0.05


Tree=93
num_leaves=15
num_cat=5
split_feature=30 29 23 29 14 5 29 4 25 29 20 29 5 20
split_gain=19.6897 41.9741 31.5395 39.1026 34.6109 29.0219 26.25 24.8666 23.9633 18.5465 25.8384 18.0389 17.3826 16.3339
threshold=2.5000000000000004 0 77.019166666666692 1 24.525000000000002 0.76585800619834721 2 0.36753086111250438 8.2057503316678844 3 -37.442499999999995 4 0.39476889185580777 -85.902499999999989
decision_type=2 9 8 9 8 8 9 10 10 9 8 9 10 8
left_child=2 5 6 4 9 -2 -1 -5 -7 -4 -11 12 -9 -3
right_child=1 13 3 7 -6 8 -8 11 -10 10 -12 -13 -14 -15
leaf_value=-0.0015338071334485193 0.016041887024991774 -0.050472558248686905 0.006793558643027219 -0.0091224421096005228 0.013815310848298012 -0.0180143930429447 -0.030263726266682597 -0.020895222548254419 -0.078151200936091708 -0.051665151260516753 -0.0070143213840755782 0.019413299154485242 0.021145265914625511 0.0070794908935428863
leaf_weight=155.05175545439124 59.620032720267773 11.43706129491329 170.56901172176003 1252.9515968151391 620.45665985718369 199.59646831080317 171.50703723356128 75.968140423297882 17.231815986335278 39.283661648631096 167.81812747940421 137.38232362270355 35.197947029024363 1609.1446759104729
leaf_count=1054 433 58 1125 7565 3919 1210 1178 391 76 228 1136 811 199 9728
internal_value=-0.000406504 0.00353275 -0.00305098 -0.00113877 0.00649443 -0.0141452 -0.0176397 -0.00621578 -0.0231304 -0.00536589 -0.0149719 0.00816571 -0.00689922 0.00660174
internal_weight=4723.22 1897.03 2826.19 2499.63 998.127 276.448 326.559 1501.5 216.828 377.671 207.102 248.548 111.166 1620.58
internal_count=29111 11505 17606 15374 6408 1719 2232 8966 1286 2489 1364 1401 590 9786
cat_boundaries=0 1 3 5 6 8
cat_threshold=539282448 2721377872 9 1621625096 54 33869312 1082200320 6
is_linear=0
shrinkage=0.05


Tree=94
num_leaves=15
num_cat=2
split_feature=8 5 24 20 5 19 11 28 1 28 24 22 24 30
split_gain=26.5183 25.4693 15.559 15.3106 17.9972 20.7535 16.8723 33.6355 20.8422 17.404 20.4615 17.3996 20.5389 28.5448
threshold=-2.4999999999999996 1.0482115384615387 1.0000000180025095e-35 -84.399999999999991 0.31593823284245631 21.000000000000004 6.6529533411133963 0 0.23360215053763442 1 0.044759444272782424 20.10916666666667 0.29848702037456004 1.5000000000000002
decision_type=8 10 8 8 8 8 2 9 8 9 8 8 10 2
left_child=-1 2 -2 -4 -5 -6 9 -8 -9 11 -11 -7 13 -13
right_child=1 -3 3 4 5 6 7 8 -10 10 -12 12 -14 -15
leaf_value=0.026896946009783269 -0.044986359244094498 -0.033129368445227125 -0.018579680379000537 0.0079605248521373989 -0.015513618540772288 -0.031224957084473256 -0.019571668685410402 -0.019712570096272818 0.0082458284230246207 0.035322166640542073 -0.0093181322917721878 -0.00039212666047489078 -0.00043029624480889146 0.039574623617938787
leaf_weight=89.832880262285471 18.109401643276215 57.625318180769682 104.75004331022501 710.61003421992064 221.75278556719422 38.776488825678825 123.59917757660151 69.461984634399414 1254.4157916381955 25.490782476961613 862.11112576723099 97.361917190253735 985.74344016611576 81.527841348201036
leaf_count=482 108 455 524 4350 1428 278 641 445 7581 167 4901 678 6646 504
internal_value=0.000140887 -0.000381532 3.63906e-05 0.000224373 0.000669 -0.000710702 0.0002211 0.00436916 0.00671444 -0.00265106 -0.00790881 0.00128526 0.00240457 0.0179412
internal_weight=4741.17 4651.34 4593.71 4575.6 4470.85 3760.24 3538.49 1447.48 1323.88 2091.01 887.602 1203.41 1164.63 178.89
internal_count=29188 28706 28251 28143 27619 23269 21841 8667 8026 13174 5068 8106 7828 1182
cat_boundaries=0 1 2
cat_threshold=3736752 3965234
is_linear=0
shrinkage=0.05


Tree=95
num_leaves=15
num_cat=4
split_feature=15 21 20 29 29 7 30 1 0 7 15 29 29 4
split_gain=16.8147 23.3657 20.347 34.4204 19.5626 19.8268 20.7616 18.8163 18.5842 23.2706 38.3544 50.8118 22.6919 24.6666
threshold=1.0000000180025095e-35 1.0129744445047646 -84.399999999999991 0 1 6.5000000000000009 2.5000000000000004 2.5459830866807613 90.905000000000015 11.500000000000002 5.5047445308177965 2 3 -3.0608248414715855
decision_type=10 10 10 9 9 2 2 10 10 2 10 9 9 10
left_child=1 2 4 -4 7 -6 -7 -1 9 -2 -11 -12 -10 -14
right_child=8 -3 3 -5 5 6 -8 -9 12 10 11 -13 13 -15
leaf_value=-0.012194313216152193 0.010451446235246402 -0.032208107046163087 -0.010685554075098115 0.013145683688284527 0.013643611578287796 -0.015024889602418767 0.0025426202382280495 -0.047882073192985618 0.0054100445728715967 0.0048206636594291582 0.013397028682681805 -0.022359236521420373 -0.042339261132262024 0.0049063665183169732
leaf_weight=320.96775182709098 849.62429103627801 67.994120389223099 227.97720127180219 408.84032138437033 160.83416283130646 320.84526903554797 351.74300045892596 40.988254860043526 116.62114338204265 1272.3364224024117 134.93940171971917 323.73417483642697 81.856489401310682 41.158330615609884
leaf_count=1937 7906 444 1344 2510 982 1805 1857 211 790 6356 681 1578 493 272
internal_value=-7.54207e-06 -0.003642 -0.0025649 0.00464942 -0.00640889 -0.00204968 -0.00584749 -0.0159179 0.00244164 0.00367958 0.000351661 -0.0120286 -0.0108496 -0.0246334
internal_weight=4720.46 1900.19 1832.2 636.818 1195.38 833.422 672.588 361.956 2820.27 2580.63 1731.01 458.674 239.636 123.015
internal_count=29166 11090 10646 3854 6792 4644 3662 2148 18076 16521 8615 2259 1555 765
cat_boundaries=0 2 4 6 8
cat_threshold=29593678 22 1108102208 57 2193621068 38 1645024834 29
is_linear=0
shrinkage=0.05


Tree=96
num_leaves=15
num_cat=1
split_feature=25 26 26 8 31 5 25 28 11 26 11 6 6 3
split_gain=20.9419 18.8495 28.1962 18.6007 19.5581 17.1194 18.3801 17.3187 27.0658 24.3705 17.534 17.9525 27.0913 25.0786
threshold=22.582230882422227 3488.5000000000005 4200.5000000000009 -2.4999999999999996 4.5000000000000009 0.71695210449927449 -1.1529512929968828 0 6.8272497161675885 16.500000000000004 7.8066145571806018 12.500000000000002 31.500000000000004 0.19999566852679379
decision_type=10 2 2 8 10 10 10 9 2 2 2 8 10 8
left_child=1 3 -3 -1 5 7 -7 8 9 -5 -9 13 -13 -12
right_child=-2 2 -4 4 -6 6 -8 10 -10 -11 11 12 -14 -15
leaf_value=0.02237623815992576 -0.068228989848461999 0.040854493238529507 -0.0038255018116948704 0.013360866008352637 0.024066976845344416 0.060219144451821888 -0.015440652607255925 -0.0012312146787315454 -0.046725016323133015 -0.026693412696025084 -0.03343939242335061 0.029352069582714319 -0.0014338158204876656 0.0053872806609972027
leaf_weight=86.74837564677 10.229322731494902 68.392186027020216 71.57595144584775 84.305337943136692 76.282856646925211 7.3024810552597037 272.27326676249504 3270.1145017333329 49.735482059419155 67.487413305789232 47.022055860608816 174.83871385455132 120.23391193896532 309.4796257019043
leaf_count=463 48 686 557 561 439 38 1874 20382 274 372 226 781 667 1752
internal_value=-2.90825e-05 0.000133633 0.0181413 -0.000422254 -0.000868699 -0.0013061 -0.0132568 -0.000492761 -0.0143935 -0.00450551 0.000261086 0.00774504 0.0168452 0.000186887
internal_weight=4716.02 4705.79 139.968 4565.82 4479.08 4402.79 279.576 4123.22 201.528 151.793 3921.69 651.574 295.073 356.502
internal_count=29120 29072 1243 27829 27366 26927 1912 25015 1207 933 23808 3426 1448 1978
cat_boundaries=0 1
cat_threshold=2818656
is_linear=0
shrinkage=0.05


Tree=97
num_leaves=15
num_cat=4
split_feature=9 2 7 29 19 24 23 24 0 29 29 10 7 28
split_gain=18.3958 17.6724 18.1836 25.6049 32.5539 18.722 50.3005 31.4275 27.2999 33.1825 24.0356 34.0452 30.6232 23.2255
threshold=9.5000000000000018 -8.92879973205679 42.500000000000007 0 4.4000000000000012 0.39781389969450243 21.487708333333334 0.4024337176337513 22.010000000000002 1 2 10.500000000000002 10.500000000000002 3
decision_type=2 2 2 9 10 10 10 10 8 9 9 2 2 9
left_child=1 -1 5 -4 -5 6 8 -7 9 -3 11 -10 -12 -9
right_child=-2 2 3 4 -6 7 -8 13 10 -11 12 -13 -14 -15
leaf_value=0.018674995131140425 0.030894034376652564 -0.0072844152086213093 -0.02622533555602535 0.01366952468893682 -0.033073668507656008 -0.037325897955796196 -0.063304287979704235 0.00056886104154198148 -0.011236198094846599 0.023498461324025409 0.020138702841141359 0.0082300941009921229 0.0016104558251823376 -0.015143776912838504
leaf_weight=119.66222032159567 47.015920013189316 120.54192091152072 150.95962711796165 138.30840495601296 49.843846961855888 67.916414331644773 27.635715682059526 1122.0409688353539 664.31551307067275 298.57569491118193 284.6837175861001 338.21583789587021 1017.4617864228785 286.79174937307835
leaf_count=810 305 688 1202 738 290 475 213 7883 3784 1559 2499 1834 5128 1867
internal_value=0.000103006 -0.00021239 -0.000711216 -0.0118336 0.00111818 0.00018342 0.00262068 -0.0043563 0.00331254 0.0150347 0.00117521 -0.00462131 0.00563036 -0.00274157
internal_weight=4733.97 4686.95 4567.29 339.112 188.152 4228.18 2751.43 1476.75 2723.79 419.118 2304.68 1002.53 1302.15 1408.83
internal_count=29275 28970 28160 2230 1028 25930 15705 10225 15492 2247 13245 5618 7627 9750
cat_boundaries=0 2 4 6 7
cat_threshold=1116488776 42 57872654 20 1636416832 43 1343767
is_linear=0
shrinkage=0.05


Tree=98
num_leaves=15
num_cat=3
split_feature=31 25 30 29 24 23 26 22 29 16 29 24 24 7
split_gain=14.9741 14.1639 15.6775 38.0911 23.376 26.3912 20.7523 20.164 28.5745 33.8405 20.7598 19.9284 18.3117 28.5344
threshold=4.5000000000000009 22.582230882422227 2.5000000000000004 0 0.46294444521668032 48.487083333333338 1612.5000000000002 -3.1091666666666664 1 -41.324999999999996 2 0.44337467810688086 0.45306228326696502 13.500000000000002
decision_type=10 10 2 9 10 10 2 10 9 10 9 10 10 2
left_child=1 2 7 6 5 11 -4 8 9 -1 -9 -5 13 -11
right_child=-2 -3 3 4 -6 -7 -8 10 -10 12 -12 -13 -14 -15
leaf_value=0.01284050695818611 0.02199918591350207 -0.060499043963174993 -0.016420082567504376 0.0058226586459280937 0.021643952172379032 -0.068821591807255375 0.054423426777937392 0.00048183632745105707 -0.0051458978627164434 0.020255040037833204 -0.025922330650299693 -0.031615685801137203 -0.024724245241645272 -0.01356284007058162
leaf_weight=627.35145914182067 77.863914396613836 8.6453948169946653 265.71110245212913 1355.5313775725663 221.8175289966166 11.268442012369631 9.7944971919059736 140.50195587798953 1470.7399515472353 106.32777309790254 159.99658754467964 35.519197646528482 98.185991436243057 147.93118000775576
leaf_count=3982 447 42 1614 7834 1707 75 107 925 8847 957 1141 229 665 748
internal_value=0.000394108 2.8413e-05 0.000153912 0.00364635 0.00655747 0.00420411 -0.0132352 -0.00225813 -0.0007566 0.00582365 -0.0144599 0.00484468 -0.00650257 0.000603303
internal_weight=4737.19 4659.32 4650.68 1899.64 1624.14 1402.32 275.506 2751.03 2450.54 979.796 300.499 1391.05 352.445 254.259
internal_count=29320 28873 28831 11566 9845 8138 1721 17265 15199 6352 2066 8063 2370 1705
cat_boundaries=0 1 3 5
cat_threshold=539282448 576122448 9 2712142104 35
is_linear=0
shrinkage=0.05


Tree=99
num_leaves=15
num_cat=2
split_feature=25 2 28 15 28 21 9 18 24 18 24 24 21 5
split_gain=17.3915 16.2289 19.2943 13.4857 20.3016 18.6007 15.7178 17.81 15.4939 15.1049 13.8088 28.8216 16.7982 17.4883
threshold=22.582230882422227 -0.0017448529702202007 0 0.063009806289692008 1 1.0129744445047646 2.5000000000000004 -1.1424999999999998 0.39674633146650862 7.4475000000000042 0.4045584177754849 0.39781389969450243 0.88941549251246321 0.082549999999999998
decision_type=10 2 9 10 9 10 2 8 8 10 8 10 8 8
left_child=1 2 -1 4 8 6 10 -8 -3 -5 11 12 -6 -14
right_child=-2 3 -4 9 5 -7 7 -9 -10 -11 -12 -13 13 -15
leaf_value=0.034226569613735922 -0.065722831996454539 0.016419156876572555 0.0022935009352049425 0.0021790848522822647 -0.054345518442759179 -0.031695104798518663 -0.022877883094170406 0.012129607176853446 -0.016350387554787179 -0.012753655736152284 0.00031915608460325758 -0.039862988676108102 0.0094523754568055385 -0.010066125841978925
leaf_weight=59.489222086966038 9.2704149037599546 179.52113561332226 164.12524232268333 2392.8740023076534 18.188168007880449 68.231149818748236 42.858249805867672 211.75277430936694 44.220641821622849 181.24624856561422 412.25646689534187 76.523854203522205 135.26927526295185 731.2873600833118
leaf_count=308 46 1005 1146 15246 174 450 238 1176 234 1280 2657 461 713 4143
internal_value=-0.000728724 -0.000587112 0.0125293 -0.00124237 -0.0044125 -0.00626785 -0.00522193 0.00617041 0.00947692 0.00112311 -0.00733669 -0.0106169 -0.00804523 -0.00701191
internal_weight=4727.11 4717.84 223.614 4494.23 1920.11 1696.37 1628.14 254.611 223.742 2574.12 1373.53 961.269 884.745 866.557
internal_count=29277 29231 1454 27777 11251 10012 9562 1414 1239 16526 8148 5491 5030 4856
cat_boundaries=0 1 2
cat_threshold=2121730 5410
is_linear=0
shrinkage=0.05


Tree=100
num_leaves=15
num_cat=1
split_feature=7 29 18 7 25 2 25 4 8 6 15 13 14 0
split_gain=16.3071 25.6346 19.322 20.3886 15.7365 16.8847 14.0651 13.2602 13.0716 15.4573 26.7615 15.9548 18.7797 21.0191
threshold=40.500000000000007 0 -3.4999999999999991 71.500000000000014 0.82287698458437875 -2.4930444108995302 17.100052097240919 9.2279517626123511 -2.4999999999999996 27.500000000000004 4.5958743472539849 9.0025000000000031 0.031250000000001783 74.00500000000001
decision_type=2 9 10 2 10 2 10 10 8 10 8 10 8 8
left_child=6 4 3 -3 -2 -6 8 -7 -1 11 -11 12 -10 -14
right_child=1 2 -4 -5 5 7 -8 -9 9 10 -12 -13 13 -15
leaf_value=0.020884680391578814 -0.044209331107994618 0.0029778590528560002 -0.031909307654205819 0.052201232618232812 0.057258143601174732 -0.023739486908726185 -0.056272748408819212 0.022770041959585534 -0.012134379404171265 0.0088763756761773265 -0.02452799715774252 -0.011491293114509043 0.0093965784517069939 0.00078551292097284826
leaf_weight=81.384363166987896 59.237153295427561 152.41217713057995 31.955716174095869 23.433190822601318 7.0243135318160048 113.80167093873024 9.6870579123496992 16.875830251723528 211.52743461728096 98.726344846189022 150.07011986151338 221.03435530513525 978.94903154671192 2560.6273313872516
leaf_count=452 465 810 192 135 38 829 46 112 1177 575 999 1573 6051 15832
internal_value=0.000116105 -0.00946714 0.00311099 0.00979546 -0.0217462 -0.0134017 0.00101761 -0.0176059 0.00115965 0.000774472 -0.0112901 0.0015328 0.0023031 0.00316908
internal_weight=4716.75 404.74 207.801 175.845 196.939 137.702 4312.01 130.678 4302.32 4220.93 248.796 3972.14 3751.1 3539.58
internal_count=29286 2581 1137 945 1444 979 26705 941 26659 26207 1574 24633 23060 21883
cat_boundaries=0 2
cat_threshold=59556936 42
is_linear=0
shrinkage=0.05


Tree=101
num_leaves=15
num_cat=4
split_feature=24 25 30 29 22 29 26 23 5 14 29 5 29 19
split_gain=14.5888 13.906 16.041 34.6593 27.8733 21.7673 20.1386 20.3205 18.8184 17.7594 21.4744 18.6227 21.5719 20.6709
threshold=1.0000000180025095e-35 22.582230882422227 3.5000000000000004 0 -0.47999999999999982 1 119.50000000000001 5.3891666666666671 0.32959177489177494 0.031250000000001783 2 0.15549920634920636 3 21.000000000000004
decision_type=8 10 2 9 10 9 2 10 8 8 9 8 9 8
left_child=-1 2 4 6 9 -6 7 8 -4 10 -2 12 -11 -13
right_child=1 -3 3 -5 5 -7 -8 -9 -10 11 -12 13 -14 -15
leaf_value=-0.042383974294559632 -0.035412350644404157 -0.056567892758988707 0.021280701563471959 0.022808825624659228 -0.00076145038687356638 -0.02878700163006663 0.014051169443288629 -0.07217061928568512 -0.019187574412656921 -0.017870861953589789 -0.00030794490373046133 -0.012880016672745579 0.019092839289535042 0.001374592477499441
leaf_weight=19.135152149945498 63.436705686151981 9.7376966178417188 37.465448286384344 224.27028967440128 140.69025073572993 139.3280778080225 98.217448994517326 12.984731648117302 113.25102703273296 39.880482919514179 115.94097995758057 275.42807793989778 235.12510582059622 3179.5896608605981
leaf_count=116 349 49 214 1441 983 968 773 88 696 217 610 1776 1294 19590
internal_value=8.50338e-05 0.000267486 0.000397926 0.00898511 -0.000600537 -0.0158104 -0.00362304 -0.0144681 -0.00905392 0.000492659 -0.0148304 0.00123333 0.0137314 0.000234841
internal_weight=4704.48 4685.35 4675.61 486.189 4189.42 280.018 261.919 163.701 150.716 3909.4 179.378 3730.02 275.006 3455.02
internal_count=29164 29048 28999 3212 25787 1951 1771 998 910 23836 959 22877 1511 21366
cat_boundaries=0 2 4 6 7
cat_threshold=2206517260 25 3769108492 51 1661215044 26 13840384
is_linear=0
shrinkage=0.05


Tree=102
num_leaves=15
num_cat=1
split_feature=20 7 0 13 11 11 3 28 3 8 1 11 19 15
split_gain=14.8681 16.0836 22.598 25.0721 21.0651 21.8196 21.0488 25.1928 23.222 21.0014 25.7499 20.2268 19.8895 20.9934
threshold=-88.414999999999992 13.500000000000002 81.52500000000002 14.856250000000005 5.6164800165911828 5.477383622757789 0.076936157564555963 0 0.098241431958871653 27.500000000000004 0.38935969868173265 5.8556448174048787 99.565000000000012 9.5528280825054122
decision_type=8 2 8 10 2 2 8 9 10 10 10 2 8 10
left_child=-1 2 4 -4 5 -2 9 8 -8 10 11 -3 -9 -14
right_child=1 6 3 -5 -6 -7 7 12 -10 -11 -12 -13 13 -15
leaf_value=-0.022308492831073432 0.0081467391425041943 -0.022187305477497955 0.0018869667198933883 -0.042212082418851264 0.018258950771157478 -0.03843785410825281 -0.020707973265262719 -0.016568273494198888 0.0046422858758182863 -0.022193051826339752 0.018896746843597146 0.0056746162235942598 8.1294927396939013e-05 -0.031232680872591807
leaf_weight=70.268873617053032 85.061208337545395 84.140087157487869 1335.5757030844688 32.027706954628229 414.99148489534855 34.53472688421607 100.66477350145578 521.8854420222342 810.32315926253796 61.390700578689575 302.1927300170064 276.30995514988899 522.9883796274662 58.625451143831015
leaf_count=362 706 539 9886 202 3628 268 497 2900 3572 315 1490 1789 2785 291
internal_value=0.000355747 0.000703658 0.00423432 0.000824129 0.0129406 -0.0055123 -0.00174941 -0.00437703 0.00180168 0.00555742 0.00815794 -0.000872601 -0.00940599 -0.00312328
internal_weight=4710.98 4640.71 1902.19 1367.6 534.587 119.596 2738.52 2014.49 910.988 724.033 662.643 360.45 1103.5 581.614
internal_count=29230 28868 14690 10088 4602 974 14178 10045 4069 4133 3818 2328 5976 3076
cat_boundaries=0 1
cat_threshold=288002
is_linear=0
shrinkage=0.05


Tree=103
num_leaves=15
num_cat=4
split_feature=1 11 28 29 2 9 28 25 9 7 5 6 29 21
split_gain=17.7715 20.3521 33.8014 17.7779 31.185 28.4647 21.7036 21.556 20.7872 25.6857 22.4539 22.1972 20.3661 19.6024
threshold=0.19264507422402163 6.5812421022820979 0 1 285.2057632769708 5.5000000000000009 2 0.27110772682766332 1.0000000180025095e-35 40.500000000000007 0.47401268237934907 63.500000000000007 3 0.96771158441119398
decision_type=8 2 9 9 2 2 9 8 2 2 10 10 9 8
left_child=-1 3 -3 5 8 6 -2 -7 11 10 -10 12 13 -5
right_child=1 2 -4 4 -6 7 -8 -9 9 -11 -12 -13 -14 -15
leaf_value=-0.013330719775009953 0.019568083332150332 -0.027742741505477397 0.0062323150643256607 -0.035881840123307349 -0.059418443713456538 0.015072729539687899 -0.0082007363359195961 -0.078640920078690557 0.012536336118827247 -0.035824128978014277 -0.012022833597899543 0.06793569803033854 -0.008839382584877738 0.018230799090693871
leaf_weight=221.59423445537686 67.289090521633625 65.619614340364933 1890.3432228267193 18.119201619178057 19.892220798879862 7.9326355196535587 784.6567709185183 22.376143731176857 699.38159457594156 31.880684360861778 106.52124974876642 9.6333307325839979 612.971794385463 136.30724568665028
leaf_count=1594 394 361 11268 125 91 52 5043 142 4661 198 716 65 3637 815
internal_value=0.000458385 0.00114434 0.00496899 -0.00182864 0.00127134 -0.00749695 -0.00585383 -0.0544155 0.00206313 0.00752231 0.00927932 -0.00382498 -0.00481305 0.0109849
internal_weight=4694.52 4472.92 1955.96 2516.96 1634.71 882.255 851.946 30.3088 1614.82 837.784 805.903 777.032 767.398 154.426
internal_count=29162 27568 11629 15939 10308 5631 5437 194 10217 5575 5377 4642 4577 940
cat_boundaries=0 1 3 4 6
cat_threshold=2688032 1076655111 29 3145778 2726363712 32
is_linear=0
shrinkage=0.05


Tree=104
num_leaves=15
num_cat=0
split_feature=8 1 6 25 11 5 11 9 15 23 24 2 23 7
split_gain=15.3198 15.4097 15.2296 15.1015 13.9949 18.549 17.0032 14.8926 26.2789 22.5088 27.0414 17.4074 14.3123 14.1883
threshold=-2.4999999999999996 0.19264507422402163 22.500000000000004 17.100052097240919 7.1042959541788084 0.67925097484276742 7.071305890305088 2.5000000000000004 4.1792763744163377 21.487708333333334 0.49751468603673649 70.475829710034375 19.936458333333338 1.0000000180025095e-35
decision_type=8 8 10 10 2 10 2 2 8 10 10 2 10 2
left_child=-1 2 -2 4 5 6 7 9 13 11 -11 12 -3 -9
right_child=1 3 -4 -5 -6 -7 -8 8 -10 10 -12 -13 -14 -15
leaf_value=0.020487102407781264 0.012370242459193437 -0.00022691911110784657 -0.020823627496016274 -0.042857216613070077 0.0047083608950772814 -0.015237712956668382 -0.036522849904337844 -0.027473041795015418 0.024844623503477204 -0.056434399031309035 0.013890670196542025 -0.01901423966373085 0.038419155569137331 0.0038288536357006017
leaf_weight=88.227238535881042 43.155132558196783 2082.1614127866924 161.6454791687429 19.274052299559116 1314.0921573489904 225.21993665769696 31.133575335144997 39.874249957501888 155.41238491982222 38.077614519745111 20.508836638182402 123.624291844666 23.236025888472795 315.68304437398911
leaf_count=476 230 12941 1298 96 7600 1522 189 191 1131 325 162 596 187 2217
internal_value=-3.25616e-05 -0.00043109 -0.013803 0.000195974 0.000395668 -0.00146039 -0.000358842 5.63773e-05 0.0077653 -0.00166816 -0.0319964 -0.00085704 0.000217632 0.000251273
internal_weight=4681.33 4593.1 204.801 4388.3 4369.02 3054.93 2829.71 2798.58 510.97 2287.61 58.5865 2229.02 2105.4 355.557
internal_count=29161 28685 1528 27157 27061 19461 17939 17750 3539 14211 487 13724 13128 2408
is_linear=0
shrinkage=0.05


Tree=105
num_leaves=15
num_cat=5
split_feature=7 28 29 3 33 6 24 24 3 26 15 29 22 29
split_gain=13.2377 18.9814 34.0294 20.9169 25.4144 29.5604 25.4205 23.7681 20.5538 20.4896 17.46 24.0667 24.9609 22.9323
threshold=8.5000000000000018 0 1 0.45045631121798269 2 25.500000000000004 0.46868239593781164 0.48854101236868791 0.88421540054959069 282.50000000000006 2.3705645490600555 3 -3.6166666666666663 4
decision_type=2 9 9 8 1 10 10 8 10 2 8 9 10 9
left_child=10 2 -2 4 9 -6 -7 -5 -3 -4 11 12 -1 -12
right_child=1 8 3 7 5 6 -8 -9 -10 -11 13 -13 -14 -15
leaf_value=-0.020680567920723415 -0.028158783496842938 -0.000522205401760019 -0.020328748513765364 -0.025446133966876006 0.019155693125191046 -0.041516581502742178 0.042672567686968234 0.0084595407228860112 0.024173610355015723 0.0038630194366209708 -0.0052297438778145019 0.0057748805601773113 0.022134361381567227 0.013833572161688672
leaf_weight=224.67158982902765 160.48543604463339 2154.2605558075011 170.88064604625106 181.58237197622657 242.08967627212405 38.908872112631798 10.685328692197798 71.523838337510824 86.680882133543491 177.79867396503687 215.27921914681792 362.76475205272436 39.242033492773771 558.79045709967613
leaf_count=1472 1082 11477 1037 1113 1264 238 74 463 471 1153 1562 2638 296 4960
internal_value=-0.000445281 -0.00217614 -0.00766832 -0.00369012 0.00108347 0.0119525 -0.0228927 -0.0158693 0.00044143 -0.0080171 0.00362477 -0.0025775 -0.0137363 0.00864291
internal_weight=4695.64 3294.9 1053.95 893.469 640.363 291.684 49.5942 253.106 2240.94 348.679 1400.75 626.678 263.914 774.07
internal_count=29300 18372 6424 5342 3766 1576 312 1576 11948 2190 10928 4406 1768 6522
cat_boundaries=0 1 3 4 6 8
cat_threshold=2719777 19291398 2 4 3232867334 51 2164799761 4
is_linear=0
shrinkage=0.05


Tree=106
num_leaves=15
num_cat=5
split_feature=2 7 29 31 3 28 3 29 6 8 1 11 29 29
split_gain=19.4632 22.7583 30.8067 24.8777 22.6042 19.2792 19.6329 19.0417 16.9048 16.6565 16.9084 35.4518 28.1293 18.7632
threshold=-8.92879973205679 40.500000000000007 0 5.5000000000000009 0.056200558171672139 1 0.08218744326466336 2 4.5000000000000009 -2.4999999999999996 0.52843665768194081 6.3495321933748103 3 4
decision_type=2 2 9 10 8 9 10 9 10 8 8 2 9 9
left_child=-1 3 -3 5 -4 6 -2 8 -8 -7 11 -11 -13 -12
right_child=1 2 4 -5 -6 9 7 -9 -10 10 13 12 -14 -15
leaf_value=0.020060049189901182 0.03038147395989868 -0.027268897755213541 0.02461383862481388 0.031832493406604732 -0.009706502670159196 0.023671026209138187 0.0099515954996957697 -0.0036323103401694461 0.056686407048542942 -0.022515974366601028 -0.011195767116828882 0.024007508318121928 -0.0071804249189560843 0.0014899987982784446
leaf_weight=118.53515747562051 95.520068913698196 166.97361791133881 68.33884085342288 62.209547199308872 154.72825336456299 66.589826606214046 60.356274664402008 220.95393019914627 27.879502732306719 268.36846167966723 315.31887736916542 90.601541075855494 240.56056052818894 2719.5923738516867
leaf_count=821 545 1312 380 366 843 366 387 1398 168 1607 1891 514 1404 17194
internal_value=0.000143759 -0.00037847 -0.0119119 0.000703434 0.0008336 0.000224135 0.0104341 0.00452994 0.0226498 -0.000920546 -0.00138003 -0.00904568 0.00190536 0.000136759
internal_weight=4676.53 4557.99 390.041 4167.95 223.067 4105.74 404.71 309.19 88.2358 3701.03 3634.44 599.531 331.162 3034.91
internal_count=29196 28375 2535 25840 1223 25474 2498 1953 555 22976 22610 3525 1918 19085
cat_boundaries=0 2 3 5 7 9
cat_threshold=59524160 42 262917 1107297538 33 1644765440 33 1610615040 22
is_linear=0
shrinkage=0.05


Tree=107
num_leaves=15
num_cat=3
split_feature=20 29 26 4 10 9 2 28 29 12 25 3 12 7
split_gain=12.9079 14.9243 13.7331 20.0362 13.46 12.4357 14.2878 24.1899 34.1665 24.1623 26.5908 21.1527 17.7016 16.269
threshold=25.900000000000002 0 3488.5000000000005 51.980447420412247 13.500000000000002 9.5000000000000018 51.389285141948484 1 2 2.5000000000000004 7.7820599036756004 0.27918223580063656 1.0000000180025095e-35 37.500000000000007
decision_type=10 9 2 8 2 2 2 9 9 2 10 8 2 2
left_child=2 -2 5 -4 -3 6 -1 11 9 10 -9 -8 -10 -14
right_child=1 4 3 -5 -6 -7 7 8 12 -11 -12 -13 13 -15
leaf_value=0.00077871982688284712 0.012219743197887691 -0.039837693174121225 0.023219966156454799 -0.050037089716187401 0.0085991364011680539 0.026537566697970656 -0.074200099448878135 -0.0021313128618617584 -0.0099398290113149271 -0.064900850167681517 -0.05403423125417265 -0.017174921850438282 0.024841722082823949 -0.0094635812714929241
leaf_weight=3877.4980464354157 31.094884611666203 63.404032256454229 109.60502285882831 9.2588490135967714 18.047807760536671 42.688454333692789 24.478860706090927 116.7069296091795 93.305785287171602 25.815630424767733 30.324163034558296 47.345758676528931 142.5237641222775 44.927580803632736
leaf_count=24402 230 402 1019 72 138 284 120 587 488 128 140 295 736 197
internal_value=2.90138e-05 -0.0166233 0.000443163 0.0171438 -0.0259802 -7.12225e-06 -0.000270453 -0.00799979 -0.003208 -0.0200374 -0.0131286 -0.032851 0.00751774 0.016613
internal_weight=4677.03 112.547 4564.48 118.864 81.4518 4445.61 4402.93 525.428 453.604 172.847 147.031 71.8246 280.757 187.451
internal_count=29238 770 28468 1091 540 27377 27093 2691 2276 855 727 415 1421 933
cat_boundaries=0 2 3 5
cat_threshold=3791913044 17 3149824 2692804688 48
is_linear=0
shrinkage=0.05


Tree=108
num_leaves=15
num_cat=4
split_feature=28 8 7 29 7 9 29 19 4 3 9 8 29 26
split_gain=13.4554 24.599 25.6479 31.4123 22.5679 20.2144 25.4229 30.951 24.1559 20.0652 19.5096 28.3716 22.3218 20.7925
threshold=0 5.5000000000000009 15.500000000000002 1 2.5000000000000004 2.5000000000000004 2 87.715000000000018 -0.65649278654740495 0.0099352941176470595 1.0000000180025095e-35 9.5000000000000018 3 275.00000000000006
decision_type=9 8 2 9 2 2 9 8 8 10 2 8 9 2
left_child=1 -1 4 -4 -3 6 7 -2 -7 -5 13 -12 -13 -8
right_child=5 2 3 9 -6 8 10 -9 -10 -11 11 12 -14 -15
leaf_value=0.015082470996920255 0.00098222619350941693 -0.027952573217459888 0.0084969181282694671 0.015197848601867459 0.016450777574429868 -0.0087251707260220003 -0.0067631633173124836 -0.014909346610349899 0.011039243442322424 -0.043477402302748651 0.022034032445676616 -0.012415838416901932 0.0091782040696738922 0.0098749210330764045
leaf_weight=397.51161947101355 527.932154558599 33.060290493071079 80.584786683320999 16.750158935785294 179.78539761155844 205.60177029669285 852.77013625204563 728.76537027582526 614.63713669776917 92.228899478912354 227.76070972159505 187.67438253760338 290.07069471850991 239.77637307345867
leaf_count=2265 3649 175 347 72 1537 1345 5030 4377 3875 401 1522 1188 1730 1677
internal_value=0.000342271 0.00619928 -0.00243775 -0.0157711 0.00945536 -0.000881809 -0.00275554 -0.00817292 0.00608049 -0.0315354 0.00107269 0.00755422 0.000619493 -0.00310599
internal_weight=4674.91 799.921 402.41 189.564 212.846 3874.99 3054.75 1256.7 820.239 108.979 1798.05 705.506 477.745 1092.55
internal_count=29190 4797 2532 820 1712 24393 19173 8026 5220 473 11147 4440 2918 6707
cat_boundaries=0 1 3 5 7
cat_threshold=1316144 42288192 40 548166938 48 1107305025 9
is_linear=0
shrinkage=0.05


Tree=109
num_leaves=15
num_cat=4
split_feature=28 3 24 21 29 26 29 26 26 25 1 29 5 6
split_gain=14.4012 16.4667 14.5352 35.4896 23.9435 30.0214 33.5538 23.0049 25.9527 44.7507 24.0951 22.605 20.6684 20.6459
threshold=0 0.28349390855067541 0.39781389969450243 0.84023052232273143 1 52.500000000000007 2 1003.5000000000001 359.00000000000006 0.11405373071103574 0.47655677655677658 3 0.54778167115902976 19.500000000000004
decision_type=9 8 10 8 9 2 9 2 2 10 8 9 10 10
left_child=1 -1 3 -2 5 6 -4 8 -5 -10 -9 -11 13 -7
right_child=2 -3 4 7 -6 12 -8 10 9 11 -12 -13 -14 -15
leaf_value=0.0077558131317028104 -0.05697568529631622 -0.041180420913340038 -0.042244731795145735 0.0033365297307127399 -0.0086124840810942096 0.018713567485781842 0.006102993061970069 0.076236612369007695 -0.053959657140907849 0.021021353264224926 0.014234978073479541 -0.012122034633583939 -0.014048793240860336 -0.015052869463697242
leaf_weight=26.626272730529308 24.040800772607327 46.124311313033104 55.364822998642921 2583.9897129423916 935.4219138994813 353.0586113370955 78.305182363837957 16.671688072383404 52.082124717533588 60.690682645887136 146.7318152487278 173.30364061146975 74.865273669362068 51.145052663981915
leaf_count=145 231 225 297 14699 6431 2657 531 87 285 452 1122 1132 583 348
internal_value=-6.49628e-05 -0.0206128 0.000308089 0.00230732 -0.00363721 0.00403441 -0.0167709 0.00279577 0.00175318 -0.0125102 0.0209861 -0.00309412 0.00994639 0.0144144
internal_weight=4678.42 72.7506 4605.67 3057.51 1548.16 612.739 133.67 3033.47 2870.07 286.076 163.404 233.994 479.069 404.204
internal_count=29225 370 28855 18008 10847 4416 828 17777 16568 1869 1209 1584 3588 3005
cat_boundaries=0 1 3 4 6
cat_threshold=196672 43726344 32 8912896 38062092 17
is_linear=0
shrinkage=0.05


Tree=110
num_leaves=15
num_cat=3
split_feature=28 12 6 26 18 32 2 7 24 29 31 24 23 29
split_gain=16.6038 15.2234 15.3746 12.7547 21.552 15.7118 12.0588 12.8695 20.5645 19.637 17.3632 13.0634 33.7219 29.2987
threshold=0 1.5000000000000002 -10.499999999999998 3488.5000000000005 10.748750000000003 0.90000000000000013 -8.92879973205679 43.500000000000007 0.22516390327686867 1 4.5000000000000009 0.39781389969450243 21.487708333333334 2
decision_type=9 2 10 2 8 2 2 2 10 9 10 10 10 9
left_child=1 2 -1 6 -5 -6 -2 10 -9 -10 11 12 -8 -13
right_child=3 -3 -4 4 5 -7 7 8 9 -11 -12 13 -14 -15
leaf_value=-0.054144874850594507 0.015502359275112837 0.04826419817987708 0.015693035822114402 0.030509071961984203 -0.061882506906558957 0.0038257724212238074 0.0015303835719116371 -0.02393215840113757 -0.026753111361220057 0.01051202968605454 0.025316275770802161 0.0022196457779715931 -0.057567003321542125 -0.012707637007955096
leaf_weight=7.9707715995609751 107.09909506142139 32.518188554793596 64.607397072017193 81.80470234900713 10.557187698781489 42.275811281055212 2604.3989496454597 156.59423686563969 36.261355299502611 129.63512403145432 62.464249808341265 668.46662345156074 23.364771954715252 635.04942210018635
leaf_count=53 736 203 393 852 72 315 14840 1221 235 728 373 4621 212 4327
internal_value=-5.44171e-05 0.0186189 0.00739157 -0.000528651 0.0145732 -0.0102098 -0.000992706 -0.0014055 -0.0109975 0.00128207 -0.000628389 -0.00104696 0.00098322 -0.00513722
internal_weight=4663.07 105.096 72.5782 4557.97 134.638 52.833 4423.33 4316.23 322.491 165.896 3993.74 3931.28 2627.76 1303.52
internal_count=29181 649 446 28532 1239 387 27293 26557 2184 963 24373 24000 15052 8948
cat_boundaries=0 1 3 5
cat_threshold=262144 2155873288 42 43759368 37
is_linear=0
shrinkage=0.05


Tree=111
num_leaves=15
num_cat=2
split_feature=24 8 5 25 0 9 29 15 24 19 29 19 11 6
split_gain=16.2802 16.7015 15.1243 10.7559 10.8578 10.7146 19.132 21.827 18.7848 14.2834 36.0345 24.9031 19.5941 22.1059
threshold=1.0000000180025095e-35 -2.4999999999999996 1.0482115384615387 22.582230882422227 99.995000000000019 2.5000000000000004 0 7.4985044465379493 0.18930685048091125 87.715000000000018 1 98.750000000000014 7.8066145571806018 61.500000000000007
decision_type=8 8 10 10 10 2 9 8 10 10 9 10 2 10
left_child=-1 -2 3 4 5 9 8 -8 -7 12 -11 -12 -3 -14
right_child=1 2 -4 -5 -6 6 7 -9 -10 10 11 -13 13 -15
leaf_value=-0.046527844145817149 0.021805706956974858 -0.0013818032869030627 -0.026696883756614605 -0.054542845255679484 -0.019476737101321751 0.033670485335473815 0.0044689506398676599 0.027338283821311815 -0.02025781467182286 0.011221806669096206 -0.024224215663927979 0.022117801109183158 0.012932624773522271 -0.039034332290586005
leaf_weight=17.925469417124987 84.729759763926268 2644.6866935677826 53.312825988978148 8.0719350427389127 69.763455472886562 17.814065374433994 689.43974580988288 122.07424769178033 115.81939898058772 141.06341711059213 271.64774402976036 31.656047400087118 395.93084285780787 20.619889628142118
leaf_count=110 473 16922 459 43 341 91 4520 811 693 844 1591 220 2065 151
internal_value=-0.00024744 -5.97376e-05 -0.000468749 -0.000154153 -4.49935e-05 0.000263897 0.00498564 0.00784203 -0.0119822 -0.00101019 -0.00937647 -0.0187156 0.000206914 0.0102729
internal_weight=4684.56 4666.63 4581.9 4528.59 4520.52 4450.75 945.147 811.514 133.633 3505.6 444.367 303.304 3061.24 416.551
internal_count=29334 29224 28751 28292 28249 27908 6115 5331 784 21793 2655 1811 19138 2216
cat_boundaries=0 2 4
cat_threshold=2164563968 2 1110824960 2
is_linear=0
shrinkage=0.05


Tree=112
num_leaves=15
num_cat=5
split_feature=7 28 18 1 5 29 29 28 21 8 24 24 28 26
split_gain=17.7763 20.5715 20.0049 15.5719 15.4141 20.7026 15.1243 20.6863 19.8042 19.3884 17.8213 20.1017 17.4651 37.3821
threshold=8.5000000000000018 0 -3.2599999999999993 0.9057713651498337 0.70903195229127436 1 2 3 0.93846460806794274 78.500000000000014 0.072814442763883422 0.39781389969450243 4 506.50000000000006
decision_type=2 9 8 8 10 9 9 9 10 10 8 10 9 2
left_child=2 3 -1 -2 -3 -6 9 8 -8 12 -9 -12 -4 -14
right_child=1 4 6 -5 5 -7 7 10 -10 -11 11 -13 13 -15
leaf_value=-0.025543272925917338 -0.0046933019868654023 -0.0010920032431420976 0.011516425223457442 -0.051565248136066437 0.0097356221029178073 -0.025113771962952655 -0.013177479627830491 -0.054758274066341407 0.047487741036837165 0.037594928731395111 0.031171134231680858 0.0092936137827803762 -0.019680581199626412 0.0066458005390301715
leaf_weight=53.613346043974161 31.799451112747192 3021.2852015905082 191.42570134624839 39.650929272174835 56.862191591411829 136.01956580206752 117.50261501222849 7.5803681686520568 14.189540781080721 32.917579129338264 177.18295520171523 258.7805370092392 254.07950577512383 285.27216496318579
leaf_count=345 171 16668 1058 221 346 960 634 67 75 210 1990 2605 1653 2315
internal_value=-0.000604784 -0.00261119 0.00412768 -0.0272905 -0.00196327 -0.015636 0.00533394 0.0113578 -0.00588854 0.000630886 0.016497 0.018236 -0.00107462 -0.00566475
internal_weight=4678.16 3285.62 1392.54 71.4504 3214.17 192.882 1338.93 575.236 131.692 763.695 443.544 435.963 730.777 539.352
internal_count=29318 18366 10952 392 17974 1306 10607 5371 709 5236 4662 4595 5026 3968
cat_boundaries=0 1 3 5 6 7
cat_threshold=2686976 2147750936 35 2171373841 63 2180224 3163812
is_linear=0
shrinkage=0.05


Tree=113
num_leaves=15
num_cat=2
split_feature=2 2 28 25 24 30 24 24 7 28 5 1 6 16
split_gain=16.7267 19.6854 13.7652 19.3951 21.7674 14.1834 21.4405 43.533 25.3635 19.8551 19.1013 16.4268 17.4315 15.9527
threshold=73.535903586931695 135.9683557894322 0 -0.4723429492361963 0.66626160532880696 2.5000000000000004 0.46722124663669889 0.42606148021370127 14.500000000000002 1 0.52108187134502937 0.27071078431372553 24.500000000000004 4.9925000000000006
decision_type=2 2 9 10 10 2 10 10 2 9 8 10 10 10
left_child=2 -2 3 -1 -5 13 7 9 -8 10 -7 -12 -13 -4
right_child=1 -3 5 4 -6 6 8 -9 -10 -11 11 12 -14 -15
leaf_value=0.029287535502663109 -0.021501258844588512 9.4733510944688458e-05 -0.00019616785333059569 -0.016946346826006087 -0.088688797690854082 0.025498721379441387 0.034389791086447428 -0.025979810525816993 0.0014655473026027777 0.010573112167459065 -0.025989959150806936 -0.007380314442395796 0.01925646397925174 -0.021433566972571677
leaf_weight=17.497159194201231 189.21197560057044 236.97536933422089 2462.6385715678334 76.554211981594563 11.432217899709938 53.007111892104149 124.22446719184518 119.97245358303189 109.94525019451976 731.29109525680542 82.26353445276618 265.06763521209359 78.857998099178076 90.718377970159054
leaf_count=198 992 1160 15840 420 86 341 1224 847 588 4321 569 1545 459 602
internal_value=-9.24114e-05 -0.009521 0.00086105 -0.0160977 -0.0271599 0.0013351 0.00508533 0.00262321 0.0190035 0.00547719 -0.00247408 -0.00606264 -0.0012347 -0.000958808
internal_weight=4649.66 426.187 4223.47 105.484 87.9864 4117.99 1564.63 1330.46 234.17 1210.49 479.196 426.189 343.926 2553.36
internal_count=29192 2152 27040 704 506 26336 9894 8082 1812 7235 2914 2573 2004 16442
cat_boundaries=0 1 2
cat_threshold=720960 9252
is_linear=0
shrinkage=0.05


Tree=114
num_leaves=15
num_cat=5
split_feature=0 7 29 26 28 6 24 29 29 33 26 25 20 15
split_gain=14.9324 19.0453 14.8908 17.5714 25.6879 20.8786 18.2007 38.3611 17.7443 15.5586 15.3541 29.7973 21.8515 14.7908
threshold=99.910000000000011 8.5000000000000018 0 1308.0000000000002 1 -98.499999999999986 0.46868239593781164 2 3 4 429.00000000000006 0.64017632191566542 -46.072499999999984 4.8958904055741366
decision_type=10 2 9 2 9 8 10 9 9 1 2 10 10 8
left_child=1 2 3 4 -1 -6 10 9 -5 -8 12 -12 -7 -3
right_child=-2 13 -4 8 5 6 7 -9 -10 -11 11 -13 -14 -15
leaf_value=0.020025611398410414 -0.022271448538618857 0.0014217394657349675 0.010737116622673662 -0.01163983286010864 0.053857594805706746 -0.019077612841428018 -0.054941341633040819 0.032313748038370164 0.022320757911121619 0.01744131715601786 -0.066856952627168925 0.0075003220442894083 0.017701919021352878 -0.005296546718657434
leaf_weight=77.610867388546467 73.822937592864037 1715.0663796626031 636.43482771888375 48.188655201345682 11.495845489203928 211.44515700638294 26.071732059121132 51.976327188313007 127.57619156688452 9.6768611185252649 36.931506846100092 20.606893353164196 49.027327686548233 1566.8832653425634
leaf_count=645 361 9333 5925 346 58 1138 171 412 1036 84 212 191 326 8985
internal_value=-0.000114749 0.00024646 0.00534831 6.48935e-05 -0.00475947 -0.00965467 -0.0118195 0.00827121 0.013601 -0.0278327 -0.0173702 -0.0405533 -0.0121136 -0.00178637
internal_weight=4662.81 4588.99 1307.04 670.607 494.843 417.232 405.736 87.7249 175.765 35.7486 318.011 57.5384 260.472 3281.95
internal_count=29223 28862 10544 4619 3237 2592 2534 667 1382 255 1867 403 1464 18318
cat_boundaries=0 2 3 5 7 8
cat_threshold=3229146371 50 528772 2152775682 2 1073747968 18 4
is_linear=0
shrinkage=0.05


Tree=115
num_leaves=15
num_cat=3
split_feature=11 29 29 26 30 29 24 14 25 24 15 2 16 11
split_gain=13.7469 28.0148 26.1479 16.4979 19.5816 25.5443 23.6346 21.7923 20.451 18.4378 17.2077 20.2453 16.1982 15.7921
threshold=6.7665717545252493 0 1 1040.0000000000002 2.5000000000000004 2 0.43824547890262433 0.49916666666666748 0.12412725641553242 0.34111939461775059 10.27085916851428 19.045738946372243 -12.1945 6.4337114960827142
decision_type=2 9 9 2 2 9 10 10 8 10 10 2 8 2
left_child=2 -2 12 4 5 6 -4 -8 9 -7 11 -6 -1 -13
right_child=1 -3 3 -5 10 8 7 -9 -10 -11 -12 13 -14 -15
leaf_value=-0.054922901520650241 0.016922219138932638 0.00047524256426131672 0.018266052167571011 0.015827883558118039 0.012822410113357949 -0.055405124139737617 0.0052757918855249452 -0.05518276404375682 -0.0080901247952358309 0.01444690818713025 -0.017632369922325232 -0.016973442961949452 -0.007327229369079976 0.025920496692516445
leaf_weight=17.195414256304502 304.66548239812255 1457.4444556050003 171.38045829162002 184.08128605782986 528.23455371707678 42.088446445763111 39.234920542687178 22.884365759789944 511.81124664098024 11.640822183340786 69.256717815995216 110.37710262462497 1120.7004944607615 25.642094802111387
leaf_count=115 1823 8760 1032 1476 3379 287 256 140 3319 96 491 581 7210 125
internal_value=-4.59686e-05 0.00342555 -0.0021894 0.00171704 2.41027e-05 -0.00538777 0.00835574 -0.0175182 -0.0110199 -0.0402837 0.00591876 0.00839708 -0.00802362 -0.008757
internal_weight=4616.64 1762.11 2854.53 1716.63 1532.55 799.04 233.5 62.1193 565.541 53.7293 733.51 664.254 1137.9 136.019
internal_count=29090 10583 18507 11182 9706 5130 1428 396 3702 383 4576 4085 7325 706
cat_boundaries=0 2 4 6
cat_threshold=1076945920 20 1101331458 31 2722103825 32
is_linear=0
shrinkage=0.05


Tree=116
num_leaves=15
num_cat=4
split_feature=7 28 8 3 19 24 29 29 3 29 8 8 26 15
split_gain=15.6825 17.0222 35.2706 20.1594 20.4645 19.2514 18.8171 16.9595 16.8242 21.6501 15.7253 15.6713 16.9434 16.164
threshold=13.500000000000002 0 6.5000000000000009 0.15146277187699725 90.120000000000019 0.31229400352612569 1 2 0.053321494790228678 3 91.500000000000014 65.500000000000014 3488.5000000000005 2.4760509126422572
decision_type=2 9 8 10 10 10 9 9 8 9 8 10 2 8
left_child=1 2 -1 4 -4 -5 -7 -2 9 -9 -8 12 13 -3
right_child=7 11 3 5 -6 6 10 8 -10 -11 -12 -13 -14 -15
leaf_value=0.035685040454846682 0.0092056710375336415 -0.0084246150820934534 -0.072660467535805282 0.031351235319861996 0.013454494621735095 -0.017980727571749351 0.021864724399599886 -0.00875006517231397 -0.0060806670107521037 0.011337236889636691 -0.051879537724620874 0.018763983206367629 0.022092182948882575 0.0027299399886772683
leaf_weight=117.19069169834256 265.90322064980865 543.82288900017738 15.712362360209228 60.62639244645834 11.289040781557558 77.415422149002552 80.013212658464909 206.80049280449748 1923.7419272139668 343.24212140962481 6.9894850030541411 113.53228730708361 77.694070924073458 803.28673839941621
leaf_count=1024 1427 3645 118 521 67 554 829 1270 9713 1938 44 870 945 6324
internal_value=-0.00014697 0.00333292 0.012802 0.00256928 -0.0374619 0.0075168 -0.00140815 -0.00257026 -0.00386084 0.00382976 0.0138449 0.000963856 -0.000459912 -0.00177602
internal_weight=4647.26 1907.57 369.237 252.046 27.0014 225.045 164.418 2739.69 2473.78 550.043 87.0027 1538.34 1424.8 1347.11
internal_count=29289 14941 3157 2133 185 1948 1427 14348 12921 3208 873 11784 10914 9969
cat_boundaries=0 1 3 5 7
cat_threshold=2888357 537690138 10 2182152709 20 8416520 41
is_linear=0
shrinkage=0.05


Tree=117
num_leaves=15
num_cat=0
split_feature=2 2 2 3 7 0 18 0 15 13 7 1 8 11
split_gain=13.0857 18.0498 19.8218 19.3724 15.1919 24.5127 17.2984 18.0351 17.2486 16.418 18.1356 17.214 18.0787 15.7167
threshold=71.463764222362883 135.9683557894322 301.16679315753407 0.22490407945705385 8.5000000000000018 82.815000000000012 -3.5724999999999998 90.905000000000015 4.8958904055741366 1.6658333333333333 -1.4999999999999998 1.9953271028037387 74.500000000000014 5.6164800165911828
decision_type=2 2 2 8 2 10 8 8 8 10 2 10 10 2
left_child=4 3 -3 -2 6 8 -1 13 -6 11 -11 -9 -13 -8
right_child=1 2 -4 -5 5 -7 7 9 -10 10 -12 12 -14 -15
leaf_value=-0.027881728204303527 -0.047381029331085733 0.012453004199570242 -0.017773232838938308 -0.010500904359545316 0.0036691094290328577 -0.028643537900913309 -0.0017136451105812798 0.011220658503594711 -0.0040637552818662678 0.032363019515132228 -0.023673970100221851 -0.0095723839209488851 0.032704012538101603 0.021218280423899491
leaf_weight=36.44898159429431 45.835816722363234 146.04911477863789 84.942208461463451 152.34274681285024 1426.0796590149403 77.008010476827621 99.917106918990612 440.36687685549259 1456.7622650936246 16.086269982159138 95.366738010197878 231.8527102842927 27.386199187487364 293.59467336535454
leaf_count=238 227 727 406 825 7917 451 889 3729 8466 89 671 1435 208 2935
internal_value=0.000109947 -0.00819591 0.00130924 -0.0192258 0.00096024 -0.000986981 0.00560145 0.0066369 -0.000238528 0.00236854 -0.0153702 0.00521237 -0.00499777 0.015406
internal_weight=4630.04 429.17 230.991 198.179 4200.87 2959.85 1241.02 1204.57 2882.84 811.059 111.453 699.606 259.239 393.512
internal_count=29213 2185 1133 1052 27028 16834 10194 9956 16383 6132 760 5372 1643 3824
is_linear=0
shrinkage=0.05


Tree=118
num_leaves=15
num_cat=1
split_feature=25 9 4 21 22 26 7 19 28 11 3 5 26 7
split_gain=14.9325 11.4247 11.8431 11.7395 25.6948 24.9378 17.7583 13.2616 23.4996 28.5786 17.1632 13.7116 13.6353 13.5784
threshold=22.582230882422227 9.5000000000000018 -0.79647471814410753 0.84023052232273143 20.10916666666667 638.50000000000011 5.5000000000000009 87.715000000000018 0 7.9724746036297125 0.25717004592680354 0.67021749408983455 359.00000000000006 13.500000000000002
decision_type=10 2 10 8 10 2 2 10 9 2 8 10 2 2
left_child=1 3 -3 5 7 -1 -7 13 10 11 -9 12 -10 -5
right_child=-2 2 -4 4 -6 6 -8 8 9 -11 -12 -13 -14 -15
leaf_value=-0.055553506416026313 -0.060912149845985745 0.0033388543702569454 0.05593775496949515 0.0053925640434559739 0.030941185519067427 0.050280269928972658 -0.013321703273635049 -0.050759553954190496 0.012163829244815974 -0.024040618466531969 -0.012263777015148735 -0.032632614106933244 -0.032518698497213026 -0.0010640014757126908
leaf_weight=28.550321143120527 9.0138652846217138 25.599535163491964 17.559548404067755 1244.1055463738739 66.536854662001133 12.852255634963511 51.835786953568459 31.005083173513412 338.34689215943217 86.479574583470821 322.24887841939926 19.012614347040653 17.032971814274788 2352.7725925892591
leaf_count=298 50 176 124 10181 605 116 454 169 1860 418 2261 96 86 12288
internal_value=7.87214e-05 0.000211047 0.0255212 -3.34708e-05 0.000334031 -0.0174981 -0.000112159 -0.000134565 -0.00589307 0.00166406 -0.0153432 0.00769404 0.00993701 0.0011701
internal_weight=4622.95 4613.94 43.1591 4570.78 4477.54 93.2384 64.688 4411 814.126 460.872 353.254 374.392 355.38 3596.88
internal_count=29182 29132 300 28832 27964 868 570 27359 4890 2460 2430 2042 1946 22469
cat_boundaries=0 1
cat_threshold=45120
is_linear=0
shrinkage=0.05


Tree=119
num_leaves=15
num_cat=4
split_feature=8 20 29 10 1 29 28 1 29 25 19 9 18 25
split_gain=11.2661 14.1809 20.5806 14.6907 12.0977 16.0473 12.1713 15.6042 13.6421 23.7138 19.0656 16.9316 15.0612 14.564
threshold=-2.4999999999999996 13.5175 0 13.500000000000002 0.19264507422402163 1 2 1.7294481981981986 3 9.0814093310829627 4.4000000000000012 8.5000000000000018 -0.19999999999999962 0.082355226756295016
decision_type=8 10 9 2 8 9 9 10 9 10 8 2 8 10
left_child=-1 4 -3 -4 5 -2 7 -6 9 10 -8 12 13 -12
right_child=1 2 3 -5 6 -7 8 -9 -10 -11 11 -13 -14 -15
leaf_value=0.017589119279606776 -0.028448119970368793 0.0051133406135536082 -0.033699805361020671 0.004263669244917472 -0.025960707112156853 0.0003731766949268123 0.051832449724184916 0.0070510808790231073 0.0024468526440733929 -0.069303748519251987 0.030151453386438688 0.040502530223257747 -0.0032072877235684721 -0.029972541986638315
leaf_weight=84.749100755900145 74.396388687193394 104.42137303203344 111.85920307040215 32.646167535334826 95.166668605059385 119.93691645935178 13.963750030845402 56.458328694105148 3259.8053712286055 13.197941295802591 10.443851653486488 18.633629150688648 531.70362932607532 95.221081122756004
leaf_count=473 716 773 745 249 554 766 78 376 20209 61 61 125 3420 594
internal_value=-0.000365689 -0.000704815 -0.0122824 -0.0235354 -3.01551e-05 -0.0121869 0.000549649 -0.0128603 0.00109828 -0.00527343 -0.00398926 -0.00525457 -0.00665364 -0.023803
internal_weight=4622.6 4537.85 248.927 144.505 4288.93 194.333 4094.59 151.625 3942.97 683.164 669.966 656.002 637.369 105.665
internal_count=29200 28727 1767 994 26960 1482 25478 930 24548 4339 4278 4200 4075 655
cat_boundaries=0 2 4 5 7
cat_threshold=3794158616 17 42746186 8 721120 1078200336 19
is_linear=0
shrinkage=0.05


Tree=120
num_leaves=15
num_cat=2
split_feature=7 4 29 0 14 30 23 29 19 4 2 9 4 25
split_gain=15.2348 18.2211 15.6506 14.8507 21.9863 20.1957 20.0794 19.11 22.2538 18.5649 17.666 14.7786 14.4197 15.5985
threshold=20.500000000000004 -15.557021426019663 0 58.010000000000012 0.25249999999999956 3.5000000000000004 21.487708333333334 1 41.750000000000007 -2.404886753160957 68.803444395927002 1.0000000180025095e-35 8.7942471595461118 7.7820599036756004
decision_type=2 8 9 8 8 2 10 9 8 8 2 2 10 10
left_child=3 -2 -3 4 5 -1 -6 9 11 -5 -11 -9 13 -10
right_child=1 2 -4 7 6 -7 -8 8 12 10 -12 -13 -14 -15
leaf_value=-0.024875419233469722 -0.029086801492718285 -0.0097041127124392161 0.0010265794433191233 -0.019168999985272106 0.014057775675002413 0.03176783580986535 -0.027344181279289316 -0.018774761914337811 0.0045149267798310693 0.0025182352809187333 -0.035059156870382462 0.029220672347163735 0.026233373206237084 -0.025251436940388922
leaf_weight=77.573547791689634 68.128201503306627 517.48966391012073 951.94581270217896 218.07352486625314 578.39955910295248 18.76681799814105 29.936900440603495 158.87754146382213 1480.7756935767829 345.22682791948318 33.38379855081439 16.932099781930447 73.04598132148385 44.375040598213673
leaf_count=409 467 3118 5060 1493 3746 130 240 950 10378 2078 170 118 597 241
internal_value=6.45742e-05 -0.00399769 -0.00281548 0.00209619 0.00846354 -0.0136285 0.0119788 0.000200751 0.00280622 -0.00745948 -0.000878759 -0.0140132 0.0046816 0.00363288
internal_weight=4612.93 1537.56 1469.44 3075.37 704.677 96.3404 608.336 2370.69 1774.01 596.684 378.611 175.81 1598.2 1525.15
internal_count=29195 8645 8178 20550 4525 539 3986 16025 12284 3741 2248 1068 11216 10619
cat_boundaries=0 2 4
cat_threshold=3270268928 13 1627622403 54
is_linear=0
shrinkage=0.05


Tree=121
num_leaves=15
num_cat=3
split_feature=7 11 2 3 26 29 29 6 25 3 29 16 1 2
split_gain=13.0071 15.0158 21.3823 20.1963 21.396 26.2296 22.5803 20.8772 18.7046 17.8913 17.8553 19.0494 15.3051 14.8962
threshold=16.500000000000004 5.8225280089383959 41.110853173539951 0.061121276592837344 248.50000000000003 0 1 2.5000000000000004 4.2896765276268578 0.9441362941284529 2 3.2475000000000001 0.22276159654800434 57.497394904191246
decision_type=2 2 2 8 2 9 9 8 8 10 9 8 10 2
left_child=13 2 8 7 6 -6 -5 -3 -2 -8 11 -9 -12 -1
right_child=1 3 -4 4 5 -7 9 10 -10 -11 12 -13 -14 -15
leaf_value=0.004055164293520124 -0.011005318409921368 -0.024644091467741765 -0.052163776221855765 0.01224113456984053 -0.029889974559955169 1.2179619891691209e-05 -0.0056083161047722025 0.046311100585982867 0.020061495856552994 0.051147481865839596 0.0043147873120433448 -0.014727030486219851 0.028351842669811347 -0.0093801498641950809
leaf_weight=2153.9276084192097 432.99489306285977 40.432131320238113 27.476705715060234 266.71301816031337 139.08295706659555 153.38556783273816 721.2641178034246 13.946929227560757 53.613338712602854 13.164307050406931 105.77518222853541 87.733905881643295 177.96524350345135 227.20445051416755
leaf_count=15967 2418 204 120 1328 806 775 3576 97 269 60 706 567 969 1369
internal_value=0.000199389 -0.00254086 -0.0100296 -0.00029736 -0.00340695 -0.0152792 7.31489e-05 0.00913445 -0.00754833 -0.00446215 0.0127326 -0.00545415 0.0187782 0.00276978
internal_weight=4614.68 2233.55 514.085 1719.46 1293.61 292.469 1001.14 425.853 486.608 734.428 385.421 101.681 283.74 2381.13
internal_count=29231 11895 2807 9088 6545 1581 4964 2543 2687 3636 2339 664 1675 17336
cat_boundaries=0 2 4 6
cat_threshold=1621891402 10 1135942 31 1074359360 32
is_linear=0
shrinkage=0.05


Tree=122
num_leaves=15
num_cat=3
split_feature=2 29 24 30 29 20 26 26 7 24 25 11 29 22
split_gain=10.3798 19.5148 10.7553 10.7059 27.9734 24.2047 21.5844 24.7049 30.1839 17.5623 20.0875 17.073 16.9184 26.0385
threshold=301.16679315753407 0 1.0000000180025095e-35 2.5000000000000004 1 -64.247499999999988 891.00000000000011 122.50000000000001 14.500000000000002 0.10580694798187658 7.3504330724860845 7.1457163689917342 2 -6.7349999999999985
decision_type=2 9 8 2 9 10 2 2 2 10 10 2 9 10
left_child=2 -2 -1 12 5 6 7 9 -9 -5 -11 -10 13 -4
right_child=1 -3 3 4 -6 -7 -8 8 11 10 -12 -13 -14 -15
leaf_value=-0.037745821893958253 0.018769147757542497 -0.030037157671446879 0.0068733206643431174 -0.057603680465865038 0.0090514561794687032 0.018914749910670176 -0.039081537583298472 0.032238825538545623 -0.023244342020836691 -0.005759720503449862 -0.046299922815057702 0.014706168809407907 -0.0043573237655249765 -0.017147183502089401
leaf_weight=17.318384394049644 22.780608415603638 57.593941267579794 882.46354768425226 18.616305351257324 1015.6384043619037 103.13435614667833 47.625246603041887 85.510199703276157 66.311811652034521 373.45054132118821 32.330400168895721 52.041645660996437 1706.296917039901 128.3714578486979
leaf_count=107 98 285 5775 122 6229 841 344 716 379 2209 158 263 10782 919
internal_value=0.000171302 -0.017528 0.000489198 0.000644294 0.00364012 -0.00348872 -0.00698173 -0.00449017 0.00978411 -0.0113539 -0.00909562 -0.00657358 -0.00133505 0.00377162
internal_weight=4609.48 80.3745 4529.11 4511.79 1794.66 779.021 675.886 628.261 203.864 424.397 405.781 118.353 2717.13 1010.84
internal_count=29227 383 28844 28737 11261 5032 4191 3847 1358 2489 2367 642 17476 6694
cat_boundaries=0 2 4 6
cat_threshold=5767168 1 1672268816 9 2721377872 32
is_linear=0
shrinkage=0.05


Tree=123
num_leaves=15
num_cat=5
split_feature=11 28 29 6 29 24 29 16 28 10 6 9 15 1
split_gain=9.97871 20.7393 23.1181 27.7326 16.1433 21.1342 28.1406 30.1721 23.9836 19.7549 17.081 20.3828 17.6702 16.0681
threshold=6.5812421022820979 0 1 -9.4999999999999982 2 0.5026091763732432 3 7.3900000000000006 4 46.500000000000007 -23.499999999999996 1.0000000180025095e-35 0.13454834566693122 0.19264507422402163
decision_type=2 9 9 8 9 10 9 8 9 2 10 2 8 10
left_child=4 2 3 -2 5 8 7 -7 -1 -6 11 -10 -13 -3
right_child=1 13 -4 -5 9 6 -8 -9 10 -11 -12 12 -14 -15
leaf_value=0.0073426717957809076 -0.036296129748016999 -0.0081544292232332265 -0.026224390279915091 0.031884162853558135 0.00096138628957785415 -0.060510104182121494 0.026185452455781424 0.010837655372508465 0.022903823726482989 0.065953240369528474 -0.018915764238124577 -0.028135329205251247 0.0010965491055479114 0.0061344056929817448
leaf_weight=171.53798667341471 20.657035306096077 223.01845139637589 111.84597773104906 47.167355492711067 1499.0645343773067 23.646103475242853 92.748634368181229 36.54244277253747 57.577171750366688 10.784580379724501 485.1835262067616 83.893117472529411 132.0255916826427 1621.6379265598953
leaf_count=1056 107 1424 602 219 9744 149 694 260 372 66 3305 443 798 10028
internal_value=0.000162339 0.0027923 -0.012964 0.00951113 -0.00189113 -0.00651184 0.0106033 -0.0152337 -0.00940404 0.0014593 -0.0131191 -0.00328233 -0.0103386 0.00437968
internal_weight=4617.33 2024.33 179.67 67.8244 2593 1083.15 152.937 60.1885 930.217 1509.85 758.679 273.496 215.919 1844.66
internal_count=29267 12380 928 326 16887 7077 1103 409 5974 9810 4918 1613 1241 11452
cat_boundaries=0 1 3 5 7 8
cat_threshold=3736609 1074005248 8 1101886726 28 16801798 24 3150002
is_linear=0
shrinkage=0.05


Tree=124
num_leaves=15
num_cat=3
split_feature=15 29 11 11 26 29 30 29 26 24 19 11 25 11
split_gain=12.3196 16.1913 10.7928 11.1805 17.6257 24.2511 18.1721 15.9838 19.1984 19.8492 18.7753 15.5468 20.5798 23.07
threshold=-0.015577817493702946 0 10.538779966858234 6.4168874935853184 59.500000000000007 1 3.5000000000000004 2 194.50000000000003 0.47705474171336254 76.552500000000009 6.8272497161675885 3.0085075298640604 6.947984589566901
decision_type=8 9 2 2 2 9 2 9 2 10 8 2 8 2
left_child=1 -1 3 -2 5 -5 7 8 -6 -10 -11 -7 13 -13
right_child=2 -3 -4 4 6 11 -8 -9 9 10 -12 12 -14 -15
leaf_value=-0.026313670054785732 -0.0014561122230960651 -0.00093968183222753725 -0.037772463665970354 -0.022394026927198843 0.01325631852764252 0.01554231221964714 0.026037689577459652 0.0093447228926296019 -0.0041726961967367858 -0.071144398718765045 -0.0096893517730502823 -0.040728893870868373 -0.01703638521175645 0.0071333410349407851
leaf_weight=87.816670395433903 2262.6038521360606 187.34249850735068 17.057709686458111 112.73040764033794 108.1926071383059 155.17612557113171 118.18292136490345 765.02472819760442 169.46156866103411 23.669968213886023 25.786174211651087 26.014575865119696 165.59850082919002 370.53291850164533
leaf_count=526 14805 1066 88 620 655 924 925 4922 1166 170 214 164 880 2054
internal_value=0.000147958 -0.0100906 0.000802274 0.000963932 0.00364696 -0.00196344 0.0074931 0.00546435 -0.0037812 -0.0123953 -0.0399291 0.001564 -0.00228758 0.0038989
internal_weight=4595.19 275.159 4320.03 4302.97 2040.37 830.053 1210.32 1092.14 327.11 218.918 49.4561 717.322 562.146 396.547
internal_count=29179 1592 27587 27499 12694 4642 8052 7127 2205 1550 384 4022 3098 2218
cat_boundaries=0 2 4 6
cat_threshold=52308 33 1623293952 2 2687769154 46
is_linear=0
shrinkage=0.05


Tree=125
num_leaves=15
num_cat=3
split_feature=2 31 19 1 13 29 26 26 29 24 0 19 29 11
split_gain=13.1207 11.1825 11.1751 10.5778 10.0667 20.2303 14.0837 16.9022 13.9958 13.215 12.6252 9.36497 36.0645 14.3274
threshold=-8.92879973205679 4.5000000000000009 31.500000000000004 0.80292360221937698 9.9037500000000023 0 3085.5000000000005 4200.5000000000009 1 0.33735820306128589 98.010000000000005 41.750000000000007 2 7.8864289082836168
decision_type=2 10 8 8 10 9 2 2 9 10 8 8 9 2
left_child=2 4 -1 -3 6 -6 11 10 -9 -7 -8 12 -2 -14
right_child=1 3 -4 -5 5 9 7 8 -10 -11 -12 -13 13 -15
leaf_value=0.062269807725513784 0.0095268424126465079 -0.033484407053081387 0.011460574641437082 0.026166122144584893 0.0068215646742984838 -0.0040684577309799616 0.043675559230175458 -0.022560994007981304 0.018542167722311823 -0.039866029590073904 -0.014664015098703145 0.00058314431177033542 -0.017742926332238004 0.0105339744631525
leaf_weight=11.247042525559662 241.24047553539276 7.5408016741275778 100.95525052025914 63.095550566911697 87.713502157479525 41.244843609631062 54.141849121078849 30.20697421208024 30.866661749780178 68.883549079298973 10.636293794959782 3412.3587304651737 388.77397622168064 49.949000332504511
leaf_count=63 1465 40 740 377 614 272 577 213 277 537 71 21175 2513 288
internal_value=0.000247097 -0.000177036 0.0170587 0.0194196 -0.000494819 -0.0114889 2.34276e-05 0.0164313 -0.0024708 -0.0244191 0.0340191 -0.000485058 -0.00583876 -0.0141844
internal_weight=4598.85 4486.65 112.202 70.6364 4416.02 197.842 4218.17 125.852 61.0736 110.128 64.7781 4092.32 679.963 438.723
internal_count=29222 28419 803 417 28002 1423 26579 1138 490 809 648 25441 4266 2801
cat_boundaries=0 2 4 6
cat_threshold=1086095365 49 1611149330 34 3268437328 5
is_linear=0
shrinkage=0.05


Tree=126
num_leaves=15
num_cat=3
split_feature=20 24 6 11 25 5 29 29 19 11 24 3 29 0
split_gain=10.8059 20.4076 15.0387 18.4886 14.7064 13.5945 24.4454 19.0782 21.7615 16.8227 15.6911 16.972 18.5515 20.5789
threshold=-84.399999999999991 0.14384548156296814 -9.4999999999999982 7.2470339994942483 2.2287155654329087 0.32670000000000005 0 1 98.750000000000014 5.5624300792534891 0.5157933164103462 1.0871987958829805 2 90.905000000000015
decision_type=8 10 10 2 10 8 9 9 8 2 10 8 9 10
left_child=1 4 3 -3 -1 6 -2 10 9 -9 -7 12 -12 -14
right_child=5 2 -4 -5 -6 7 -8 8 -10 -11 11 -13 13 -15
leaf_value=-0.016781269084681246 -0.0015411376753974217 0.0056084880372015075 -0.06398254490453599 -0.050077478595443141 0.067031863940742273 -0.0068541368352498357 0.016396299112733281 -0.018596045316128341 0.0062354819042076985 -0.00058666939383569588 0.022092215354239227 0.051929301532628591 0.0033192615600361785 -0.050460728493150211
leaf_weight=9.0177774280309695 411.44184403121471 41.526210159063339 19.312785185873508 22.102036327123642 10.485514104366301 1290.957214333117 344.02742266468704 156.18551399372518 1397.2124764285982 741.14380858652294 61.146889597177505 19.665114335715771 57.865869380533695 24.611543912440538
leaf_count=59 2635 210 108 105 48 8138 2160 1072 8673 4896 432 154 439 126
internal_value=0.000353476 -0.0156245 -0.0264239 -0.0142103 0.0293506 0.000720264 0.00683451 -0.000513395 0.00232488 -0.00373852 -0.00497201 0.00955645 0.00343579 -0.0117353
internal_weight=4606.7 102.444 82.941 63.6282 19.5033 4504.26 755.469 3748.79 2294.54 897.329 1454.25 163.289 143.624 82.4774
internal_count=29255 530 423 315 107 28725 4795 23930 14641 5968 9289 1151 997 565
cat_boundaries=0 2 4 5
cat_threshold=31101199 15 1613557072 34 1611137280
is_linear=0
shrinkage=0.05


Tree=127
num_leaves=15
num_cat=3
split_feature=2 29 15 8 8 7 9 1 29 20 19 7 3 29
split_gain=10.2684 19.8567 13.3492 12.6258 12.7084 9.85611 8.855 9.61682 20.748 21.1842 15.2489 13.0129 14.7954 19.1739
threshold=-0.0017448529702202007 0 7.021289263325845 76.500000000000014 -1.0000000180025095e-35 6.5000000000000009 9.5000000000000018 2.2760889292196009 1 -40.695 89.500000000000014 15.500000000000002 0.056200558171672139 2
decision_type=2 9 10 10 8 2 2 10 9 8 10 2 8 9
left_child=1 5 3 4 -3 -1 7 11 9 -9 -10 -2 13 -13
right_child=6 2 -4 -5 -6 -7 -8 8 10 -11 -12 12 -14 -15
leaf_value=0.020193701027430955 0.0027879547515836708 -0.02455953188962905 -0.011982608663329194 -0.029768365130674108 0.034252929689987596 -0.030766848267098097 0.020905782772083058 0.052749195617677741 -0.00063352093234876996 -0.00047425583876447853 -0.024541728381208511 -0.0081872212926116239 -0.0053635680742942383 0.011303590536107067
leaf_weight=11.731038983911274 1797.5223704371601 9.2581529282033426 27.700770515948534 8.7788546755909902 117.34865153208375 38.362406220287085 45.155514221638441 21.731735616922379 104.18882723897696 105.20538623258471 184.59266387298703 190.16948505118489 1608.2692045476288 334.65526992082596
leaf_count=105 13412 58 204 60 762 239 309 115 747 680 1140 1276 8282 1903
internal_value=-0.000358689 0.0103318 0.0181912 0.0257414 0.0297935 -0.0156149 -0.000879882 -0.00111098 -0.00833342 0.0083278 -0.0154159 -0.000345176 -0.00298548 0.00429825
internal_weight=4604.67 213.18 163.086 135.386 126.607 50.0934 4391.49 4346.33 415.719 126.937 288.781 3930.62 2133.09 524.825
internal_count=29292 1428 1084 880 820 344 27864 27555 2682 795 1887 24873 11461 3179
cat_boundaries=0 2 4 6
cat_threshold=2156151040 8 50643984 2 29707532 56
is_linear=0
shrinkage=0.05


Tree=128
num_leaves=15
num_cat=8
split_feature=24 8 11 29 1 28 28 29 1 15 33 29 29 28
split_gain=14.5527 10.4496 9.6672 23.0339 23.8814 22.7301 18.6288 18.4913 17.9858 23.9519 17.1581 16.7438 16.0695 17.9024
threshold=1.0000000180025095e-35 -2.4999999999999996 6.0151322014886297 0 0.47655677655677658 1 2 3 2.8867521367521372 1.6585132721309066 4 5 6 7
decision_type=8 8 2 9 8 9 9 9 10 8 1 9 9 9
left_child=-1 -2 3 6 -5 7 -3 10 9 -8 -4 -7 -6 -14
right_child=1 2 5 4 12 11 8 -9 -10 -11 -12 -13 13 -15
leaf_value=-0.045349774093569675 0.017635354645586767 0.0018169709040323325 0.027115765637757239 -0.017475081358668296 0.01467840542648593 0.010091557230698968 -0.040377145056797618 -0.024287269685492247 0.0071143551403435468 -0.012325759741512083 -0.027295040218081792 0.00064338572871665192 -0.025255550493394171 0.0025070841312836798
leaf_weight=16.655772171914577 82.707864977419376 194.100890558213 42.166521064937115 148.09118743613362 247.91363278403878 604.11090181022882 116.39239175245166 135.60839669778943 61.8719815723598 220.41330355219543 20.869931358844042 1996.7808872424066 52.595966823399067 656.95450030267239
leaf_count=104 468 1275 199 952 1765 3850 713 713 401 1510 116 12603 308 4191
internal_value=-4.30607e-05 0.000131545 -0.000194168 -0.00316923 0.00113163 0.00161113 -0.0110125 -0.0142487 -0.0171397 -0.0221105 0.00774689 0.00287118 0.00403657 9.50204e-05
internal_weight=4597.23 4580.58 4497.87 1698.33 1105.56 2799.54 592.779 198.645 398.678 336.806 63.0365 2600.89 957.464 709.55
internal_count=29168 29064 28596 11115 7216 17481 3899 1028 2624 2223 315 16453 6264 4499
cat_boundaries=0 2 3 4 6 7 9 11 12
cat_threshold=1619356694 27 3735712 3149830 789504 8 4 2721169422 16 5407304 32 8196
is_linear=0
shrinkage=0.05


Tree=129
num_leaves=15
num_cat=3
split_feature=7 23 24 28 24 7 29 29 25 25 8 3 25 0
split_gain=16.7852 15.4609 21.1288 15.3991 19.1787 16.3858 20.7826 19.3133 17.2807 16.2608 15.277 14.9316 21.6734 18.3722
threshold=8.5000000000000018 21.487708333333334 0.52277684186160223 0 0.30061662287190588 4.5000000000000009 1 2 0.082355226756295016 -0.18711521160627045 6.5000000000000009 0.65982257391742083 0.14399084406226856 99.910000000000011
decision_type=2 10 10 9 10 2 9 9 10 8 10 10 10 8
left_child=3 -2 -3 4 -1 7 -7 8 -5 -8 -6 12 -9 -13
right_child=1 2 -4 5 10 6 9 11 -10 -11 -12 13 -14 -15
leaf_value=0.040273393601103318 -0.0016048940066783646 -0.048407582504879872 0.0082660912309056138 0.024373437116485479 0.036260852364177643 -0.0037501699279241583 -0.059345982736632399 -0.01721658991621899 -0.021165012884909414 0.02066693953864655 -0.0011835444506944975 0.0063757194128823266 0.019391641737879203 -0.021087329240370767
leaf_weight=62.698721572756767 3167.9047654122114 39.892307683825493 27.080997657030821 22.697330977767706 34.46851447597146 179.98318593017757 5.5663149952888489 50.459000211209059 180.08636241406202 259.10682268068194 117.1609670072794 136.23876725137234 189.87083853781223 108.62267400696874
leaf_count=571 17635 403 209 147 357 1557 42 322 1103 2779 1090 952 1355 653
internal_value=-0.000158898 -0.00211168 -0.0257068 0.00452901 0.0164721 0.00209272 0.00958072 -0.00272348 -0.0152262 0.0180864 0.00751015 0.00277856 0.011666 -0.00584335
internal_weight=4581.84 3234.88 66.9733 1346.96 214.328 1132.63 444.656 687.975 202.784 264.673 151.629 485.191 240.33 244.861
internal_count=29175 18247 612 10928 2018 8910 4378 4532 1250 2821 1447 3282 1677 1605
cat_boundaries=0 1 3 5
cat_threshold=2888197 3227065682 6 2158280769 49
is_linear=0
shrinkage=0.05


Tree=130
num_leaves=15
num_cat=1
split_feature=7 18 0 28 8 7 11 24 24 7 3 10 26 11
split_gain=10.42 15.1086 14.4477 12.717 20.4549 21.0361 20.956 17.4324 18.478 14.0771 16.7169 13.7442 13.1528 12.9789
threshold=21.500000000000004 1.7462500000000001 83.010000000000005 0 11.500000000000002 13.500000000000002 5.8626363562845576 0.33384957849101904 0.078150956849351347 3.5000000000000004 0.52947159847545588 4.5000000000000009 63.500000000000007 5.6164800165911828
decision_type=2 10 10 9 8 2 2 10 8 2 10 2 2 2
left_child=3 2 -2 4 5 -1 11 8 -6 13 -11 -7 -8 -9
right_child=1 -3 -4 -5 7 6 12 9 -10 10 -12 -13 -14 -15
leaf_value=0.024793853954275965 -0.0023870390304100743 -0.022838433785547091 -0.05468544789421359 -0.0013872879629353145 -0.047018222119892615 0.0068713194562783205 0.00015459970923021975 0.0058222096075024841 0.013547824980354098 -0.022240324115850411 0.0063226110182992906 -0.029618302604365866 0.024606926345867655 -0.044440827638845229
leaf_weight=203.81502632424235 1365.7762958947569 101.03635645285249 12.337637618184088 2110.4302911385894 12.545437663793562 44.434304729104042 104.39613062888384 17.469384755939245 183.15725414082408 78.798771888017654 142.2104610837996 59.53338335454464 115.24399824440479 45.367530900985003
leaf_count=1971 7709 611 63 14157 73 202 471 89 1220 500 1197 268 515 252
internal_value=-0.000816842 -0.00427137 -0.00289456 0.000823114 0.00541256 0.0122518 0.00430057 -0.0020067 0.00944597 -0.00990839 -0.00391554 -0.0141063 0.013038 -0.0305948
internal_weight=4596.55 1479.15 1378.11 3117.4 1006.97 527.423 323.608 479.549 195.703 283.846 221.009 103.968 219.64 62.8369
internal_count=29298 8383 7772 20915 6758 3427 1456 3331 1293 2038 1697 470 986 341
cat_boundaries=0 1
cat_threshold=2371975
is_linear=0
shrinkage=0.05


Tree=131
num_leaves=15
num_cat=5
split_feature=2 29 28 1 7 7 0 19 29 24 29 28 0 26
split_gain=10.4959 10.553 9.75165 11.4866 10.149 9.91752 15.4678 17.7153 14.8705 26.4846 20.9361 20.437 19.3676 19.9741
threshold=-8.92879973205679 0 1 0.16760299625468167 4.5000000000000009 8.5000000000000018 82.815000000000012 99.065000000000012 2 0.44554833912945463 3 4 90.280000000000015 3280.5000000000005
decision_type=2 9 9 10 2 2 10 8 9 10 9 9 8 2
left_child=1 -1 3 -2 -5 8 -7 -8 9 11 -11 -4 -13 -14
right_child=2 -3 5 4 -6 6 7 -9 -10 10 -12 12 13 -15
leaf_value=-0.015778611443882457 -0.026371173779658193 0.020459827513113753 0.020161525918868082 -0.030423435168667873 0.02520589668589919 -0.0018424773193142987 -0.034986949017120343 0.015069905087369702 0.0079862362035180504 0.02450141202764981 -0.007238359414044414 0.001983719526122914 -0.018601301243930713 -0.088613337767421085
leaf_weight=18.525359038263559 14.215750835835932 94.352631121873856 42.800245106220245 8.1556520015001279 91.624836621806026 2978.3375176042318 69.388573367148638 22.959905091673136 651.35892338119447 117.78017549961805 84.220003109425306 131.45393111184239 246.61401557922363 9.7275707647204381
leaf_count=141 71 661 310 55 582 16819 396 138 5801 915 664 1122 1448 66
internal_value=-0.000152698 0.0148372 -0.000534578 0.0132395 0.0204022 -0.000926383 -0.00247127 -0.0225136 0.00276018 -0.00270829 0.0121481 -0.00975242 -0.0132745 -0.0215921
internal_weight=4581.52 112.878 4468.64 113.996 99.7805 4354.64 3070.69 92.3485 1283.95 632.596 202 430.596 387.796 256.342
internal_count=29189 802 28387 708 637 27679 17353 534 10326 4525 1579 2946 2636 1514
cat_boundaries=0 1 2 4 6 7
cat_threshold=8650752 262400 3229174097 53 1076363520 33 2097156
is_linear=0
shrinkage=0.05


Tree=132
num_leaves=15
num_cat=5
split_feature=7 15 29 28 29 2 29 11 19 7 7 19 15 29
split_gain=9.77453 19.5182 20.9167 16.5626 29.6073 31.2547 23.9278 21.0884 25.0613 20.9452 18.6852 18.4858 18.199 18.8456
threshold=16.500000000000004 0.72914783915692183 0 1 2 5.5945927904385471 3 5.8992944261237286 inf 33.500000000000007 36.500000000000007 76.552500000000009 5.8736951073335515 4
decision_type=2 8 9 9 9 2 9 2 8 2 2 10 8 9
left_child=1 2 -1 6 -5 11 10 -8 9 -9 -2 12 13 -6
right_child=3 -3 -4 4 5 -7 7 8 -10 -11 -12 -13 -14 -15
leaf_value=-0.015250992950254545 8.4412360394310035e-05 0.0050977027514059123 0.0032384337919192973 0.010884340724099259 -0.014480799901022023 -0.035329613054294474 -0.0079456826670207467 0.01365225071238052 0.026207028702733188 -0.016772863791659046 -0.023044489875485973 -0.036337805470093375 -0.011825751189529879 0.009589343150752801
leaf_weight=271.93096655607224 291.42566804215312 1761.8444923907518 330.06992022693157 202.1361823733896 102.25427310168743 106.38476529344916 142.31752356886864 160.71219857037067 220.33600023388863 86.021979589015245 123.67797670885921 48.771996889263391 444.36430257558823 281.38410769589245
leaf_count=1744 1385 13434 2170 1108 567 495 753 703 1084 480 969 238 2646 1393
internal_value=0.000208073 0.00244245 -0.00532411 -0.0021821 -0.00617375 -0.00976249 0.00247368 0.00872024 0.0139908 0.00301988 -0.00668489 -0.00673477 -0.00494933 0.00302559
internal_weight=4573.63 2363.85 602.001 2209.79 1185.3 983.159 1024.49 609.388 467.07 246.734 415.104 876.775 828.003 383.638
internal_count=29169 17348 3914 11821 6447 5339 5374 3020 2267 1183 2354 4844 4606 1960
cat_boundaries=0 2 3 5 7 9
cat_threshold=2191543382 51 1328134 2718978068 48 1648742480 48 1084524546 1
is_linear=0
shrinkage=0.05


Tree=133
num_leaves=15
num_cat=7
split_feature=8 2 29 28 8 7 10 29 3 28 4 29 29 28
split_gain=13.1205 10.9331 16.5437 14.5612 12.8385 11.6448 28.0071 21.8972 24.3007 19.4014 17.3413 17.3773 17.1006 19.4092
threshold=-2.4999999999999996 -0.0017448529702202007 0 1 27.500000000000004 20.500000000000004 10.500000000000002 2 0.0023026066948995103 3 -14.998812868505398 4 5 6
decision_type=8 2 9 9 10 2 2 9 10 9 8 9 9 9
left_child=-1 2 -2 -4 -5 12 10 -8 -9 -10 -7 -12 -3 -14
right_child=1 5 3 4 -6 6 7 8 9 -11 11 -13 13 -15
leaf_value=0.019874342124506554 0.031993715412864013 -0.0033543865411390437 -0.012630928068481616 0.029038049894463021 -0.021699011856655289 -0.036001060600303773 -0.011533070884471079 0.062306522620958316 0.026619105282510949 -0.003024149261482075 0.0054599056212629379 -0.010072760487663097 -0.0053817653866068179 0.0073817261766436952
leaf_weight=82.339762952178717 53.924859849736094 1210.5485638342798 79.813128333538771 58.042667519301176 15.016481455415486 52.443899903446436 93.977945271879435 25.082553464919329 92.680299207568169 119.93536981195211 225.03611150197685 823.40614777058363 380.76283361762762 1276.9267104733735
leaf_count=467 340 7760 532 417 112 340 568 146 410 809 1237 4686 1891 9530
internal_value=0.000216258 -0.000147162 0.0110544 0.00134183 0.0162617 -0.000688217 -0.00436798 0.00835138 0.0160396 0.0110662 -0.00820418 -0.00678078 0.00115055 0.00443387
internal_weight=4589.94 4507.6 206.797 152.872 73.0591 4300.8 1432.56 331.676 237.698 212.616 1100.89 1048.44 2868.24 1657.69
internal_count=29245 28778 1401 1061 529 27377 8196 1933 1365 1219 6263 5923 19181 11421
cat_boundaries=0 2 3 5 6 8 10 11
cat_threshold=1610711112 33 1147924 3271886870 49 24578 1611735062 51 1631182933 19 2311840
is_linear=0
shrinkage=0.05


Tree=134
num_leaves=15
num_cat=1
split_feature=2 2 3 24 24 21 28 24 26 26 19 7 24 8
split_gain=10.4699 18.8708 12.9427 12.221 10.6778 30.7885 25.0806 23.1734 17.5078 23.9729 27.542 18.9443 18.2432 17.5231
threshold=71.463764222362883 135.9683557894322 0.22917660218904271 0.35300144367345043 0.39781389969450243 0.84023052232273143 0 0.39788175992373748 1003.5000000000001 355.50000000000006 90.997500000000016 24.500000000000004 0.34851546703085817 6.5000000000000009
decision_type=2 2 8 10 10 8 9 10 2 2 10 2 10 8
left_child=4 2 -2 -3 5 -1 -7 -6 9 11 -11 -8 -12 -10
right_child=1 3 -4 -5 7 6 8 -9 13 10 12 -13 -14 -15
leaf_value=-0.057415931042857783 -0.042328327234610476 0.0071544454148435577 -0.011917944260324352 -0.023700286901860698 -0.041841346872609105 0.027657569435545537 0.0060752317528614715 -0.0019499132599914025 0.041336766386603295 -0.0054535156700343101 -0.063084347743397245 -0.0037259592081345509 0.0055232517901103121 0.0059140919808689822
leaf_weight=20.383373960852623 45.082725636661053 191.30583656951785 151.33063125982881 37.527203604578972 36.375027030706406 87.039850626140833 1389.0146226137877 1411.0917937364429 52.448029838502407 223.26510911807418 37.799507219344378 763.15896277502179 12.711588546633719 101.87466536089778
leaf_count=232 229 917 811 214 252 516 8267 10237 354 1484 241 4500 126 838
internal_value=-0.000288627 -0.00774983 -0.0190771 0.00201336 0.000480347 0.00234466 0.00282269 -0.00298058 0.0018602 0.000825107 -0.0130832 0.00259962 -0.0460466 0.0181415
internal_weight=4560.41 425.246 196.413 228.833 4135.16 2687.7 2667.31 1447.47 2580.27 2425.95 273.776 2152.17 50.5111 154.323
internal_count=29218 2171 1040 1131 27047 16558 16326 10489 15810 14618 1851 12767 367 1192
cat_boundaries=0 1
cat_threshold=2883586
is_linear=0
shrinkage=0.05


Tree=135
num_leaves=15
num_cat=4
split_feature=9 11 15 29 28 15 25 0 25 29 29 8 1 8
split_gain=9.90727 17.788 17.362 18.1562 15.3181 26.4921 24.5927 16.6593 18.7931 15.1603 13.6868 13.4341 13.2078 12.9191
threshold=2.5000000000000004 10.020336565720223 9.7340206110448992 0 1 4.5426827566171157 6.9769270835599269 91.990000000000023 3.3138119889266568 2 3 74.500000000000014 0.2009615384615385 40.500000000000007
decision_type=2 2 8 9 9 10 10 10 10 9 9 10 8 10
left_child=4 2 3 -2 5 6 9 8 -7 -1 11 12 -6 -12
right_child=1 -3 -4 -5 10 7 -8 -9 -10 -11 13 -13 -14 -15
leaf_value=-0.0020171358036046908 -0.008134529647910645 -0.050333130380136752 0.024680156908217114 0.0077853265566037878 -0.038561914625940087 0.00033998612986831984 -0.060428705733546501 -0.07533756645097392 -0.045695135573158879 0.017900524966698726 0.00028802575554471541 -0.063437172341217735 -0.0066810519489598338 -0.011320208184659512
leaf_weight=132.70181451737881 247.42866111733019 13.523955203592775 103.20225162617862 580.30408573523164 33.7429014518857 123.79225317016244 10.719489227980374 8.7864695824682695 26.002298306673765 365.67394166812301 2102.1878091488034 10.474661704152821 517.54823898151517 269.52332908287644
leaf_count=755 1508 79 679 3941 340 896 54 54 190 2046 13524 57 3403 1588
internal_value=3.7199e-05 0.00459247 0.00544354 0.00301822 -0.00115844 0.00562251 0.0112618 -0.0120862 -0.00790112 0.0129217 -0.00271312 -0.00965861 -0.00869867 -0.00103101
internal_weight=4545.61 944.459 930.935 827.733 3601.15 667.676 509.095 158.581 149.795 498.376 2933.48 561.766 551.291 2371.71
internal_count=29114 6207 6128 5449 22907 3995 2855 1140 1086 2801 18912 3800 3743 15112
cat_boundaries=0 2 3 5 6
cat_threshold=3226412032 34 1315858 1073854488 15 545528074
is_linear=0
shrinkage=0.05


Tree=136
num_leaves=15
num_cat=2
split_feature=2 29 2 2 3 25 24 2 7 19 3 29 0 24
split_gain=10.5967 23.8712 13.0019 25.2268 18.5808 14.8838 14.0468 12.9769 10.726 16.4483 13.9795 23.7794 12.2071 20.3437
threshold=301.16679315753407 0 135.9683557894322 87.556834308792517 0.93603176109172903 10.227249577030124 0.4131043422801064 348.66029911089646 17.500000000000004 94.675000000000011 0.041910738776009114 1 77.935000000000016 0.47655963667832812
decision_type=2 9 2 2 8 10 10 2 2 10 8 9 8 10
left_child=2 -2 3 8 6 -4 -5 -3 12 10 11 -10 13 -1
right_child=1 7 5 4 -6 -7 -8 -9 9 -11 -12 -13 -14 -15
leaf_value=0.011896920432842066 0.022821052163146175 -0.066806339300729628 0.021047918213769379 -0.03625697960179828 0.02864494450659218 -0.028385995134166311 0.017768935899098733 -0.018414250777433094 -0.0099934260114962654 -0.028724016367171357 -0.0041275464880920357 0.015034001154916633 0.00031216210903939334 -0.0087501598622514339
leaf_weight=616.56919006444514 21.96791061013937 20.800676979124546 126.0733277797699 94.790425773710012 14.869409926235674 16.42080769315362 13.149242546409367 41.258547753095627 137.39516986533999 56.66925173252821 1272.2990768719465 263.19491988047957 1707.695998461917 147.09410824626684
leaf_count=4540 94 99 631 469 92 87 87 207 941 284 6891 1591 12058 1086
internal_value=5.33297e-05 -0.0174323 0.000386132 -0.000105252 -0.0223495 0.0151931 -0.0295728 -0.0305859 0.000550199 -0.00246904 -0.00156302 0.00657205 0.00266333 0.00791371
internal_weight=4550.25 84.0271 4466.22 4323.73 122.809 142.494 107.94 62.0592 4200.92 1729.56 1672.89 400.59 2471.36 763.663
internal_count=29157 400 28757 28039 648 718 556 306 27391 9707 9423 2532 17684 5626
cat_boundaries=0 2 4
cat_threshold=1572864 1 58813708 12
is_linear=0
shrinkage=0.05


Tree=137
num_leaves=15
num_cat=2
split_feature=29 2 2 8 8 8 26 6 33 26 25 26 2 24
split_gain=9.89351 14.9693 13.5119 15.138 14.6972 12.9837 24.9146 13.539 12.8525 22.3485 18.1053 14.6978 13.0105 15.705
threshold=0 -16.559317274308768 73.535903586931695 139.50000000000003 81.500000000000014 42.500000000000007 35.500000000000007 -30.499999999999996 1 662.50000000000011 -0.61031385827701601 8.5000000000000018 40.493948066980316 0.32489316239316246
decision_type=9 2 2 10 10 10 2 8 1 2 8 2 2 10
left_child=-1 -2 3 4 5 7 -7 -3 9 10 -9 -10 -12 -14
right_child=1 2 -4 -5 -6 6 -8 8 11 -11 12 -13 13 -15
leaf_value=-0.0025734985358386729 0.031138157867175588 0.021561893084360365 -0.0090679026841619745 -0.061109139219167857 0.02724791837631689 -0.027552575970824746 0.0037689414068564232 0.061007604081694825 -0.0088771095782820709 -0.031803229853199208 0.009478818244442435 0.0033416139552311162 0.0031464874138793148 -0.055796368816160263
leaf_weight=1799.7136668339372 42.946981195360422 101.27307195961475 261.27367525920272 8.2120973542332631 60.503816232085228 99.577650044113398 171.63451724871993 15.407244127243755 365.82135374471545 34.042169813066721 796.10723652131855 746.96779472380877 33.244951754808426 16.044532634317875
leaf_count=11723 313 709 1319 44 396 565 1183 153 2309 214 4782 5256 178 95
internal_value=0.000300817 0.00218148 0.00171933 0.00287348 0.00311371 0.00248902 -0.00778997 0.003814 0.00290843 0.00736608 0.00895021 -0.000679566 0.00793052 -0.0167684
internal_weight=4552.77 2753.06 2710.11 2448.84 2440.62 2380.12 271.212 2108.91 2007.64 894.846 860.804 1112.79 845.397 49.2895
internal_count=29239 17516 17203 15884 15840 15444 1748 13696 12987 5422 5208 7565 5055 273
cat_boundaries=0 2 3
cat_threshold=1636195586 27 2
is_linear=0
shrinkage=0.05


Tree=138
num_leaves=15
num_cat=1
split_feature=25 31 0 20 6 9 29 15 1 8 9 8 24 25
split_gain=12.0031 9.44224 9.32667 9.57204 11.6437 10.4233 18.9056 20.8033 17.8919 20.6671 13.1261 14.8114 11.3227 19.6811
threshold=22.582230882422227 4.5000000000000009 99.995000000000019 -88.414999999999992 -9.4999999999999982 2.5000000000000004 0 3.6702094094415476 1.532191213042277 27.500000000000004 5.5000000000000009 55.500000000000007 0.80453074433656979 -0.4723429492361963
decision_type=10 10 10 8 8 2 9 8 10 8 2 10 10 10
left_child=1 2 3 4 -1 12 7 10 9 -8 11 -7 -5 -14
right_child=-2 -3 -4 5 -6 6 8 -9 -10 -11 -12 -13 13 -15
leaf_value=-0.0095097485163143855 -0.057855220801856434 0.017991102345646558 -0.018120671466587766 -0.00040559473798057461 -0.068677394398299146 -0.012462861048838668 0.0067984259369362633 0.013055195809866006 0.0032790455849707636 0.03711740672452505 -0.028291300509875796 0.01935254311746409 0.034196522493040331 -0.070266794956631559
leaf_weight=53.166759513318539 7.8785478994250289 73.507308591157198 68.56801138818264 3455.1056771185249 8.9648816883563978 132.10867726802826 109.77008134126663 134.35099830664694 265.55959187634289 115.37560960650444 76.952993981540203 49.471063602715731 5.8745942153036621 13.228551134467123
leaf_count=275 46 451 345 22033 56 808 812 922 2009 629 466 273 84 87
internal_value=0.000224546 0.000337507 4.44539e-05 0.000330291 -0.0189996 0.000610184 0.00545582 -0.00277439 0.0118529 0.0224308 -0.011126 -0.00373629 -0.000623412 -0.0380392
internal_weight=4569.88 4562 4488.5 4419.93 62.1316 4357.8 883.589 392.884 490.705 225.146 258.533 181.58 3474.21 19.1031
internal_count=29296 29250 28799 28454 331 28123 5919 2469 3450 1441 1547 1081 22204 171
cat_boundaries=0 2
cat_threshold=2722800661 42
is_linear=0
shrinkage=0.05


Tree=139
num_leaves=15
num_cat=4
split_feature=5 29 25 10 22 7 10 7 0 15 28 29 2 29
split_gain=10.3811 20.5238 15.6123 14.5526 14.2585 10.9608 10.8906 9.63313 12.8233 9.20857 16.7707 23.1155 16.9683 14.3756
threshold=0.71695210449927449 0 1.0000000180025095e-35 13.500000000000002 1.7183333333333337 40.500000000000007 82.500000000000014 5.5000000000000009 88.010000000000005 0.924624354954939 1 2 0.057783968798241776 3
decision_type=10 9 10 2 8 2 2 2 10 10 9 9 2 9
left_child=6 2 -2 4 -3 -6 9 8 -4 10 12 -12 -1 -11
right_child=1 3 7 -5 5 -7 -8 -9 -10 13 11 -13 -14 -15
leaf_value=0.010792791134641405 0.024512543899725486 -0.052013474055302961 0.026132266552839734 0.038479047043761309 0.010193006084596348 -0.042592841547361475 0.0530816705976268 -0.035430973479125667 -0.026184032230822264 0.013023421742777841 0.0059160938750372734 -0.0072055788661602744 -0.01485604822993658 0.0011260887308246338
leaf_weight=398.9179040491581 15.941607143729923 11.702357236295937 16.906102616339922 26.556123320013285 86.568170879036188 10.086927477270363 8.8531816154718381 98.550701182335615 33.073788452893496 289.22881245054305 438.91326008364558 1340.3775996677577 75.974290870130062 1689.3899204898626
leaf_count=2561 100 81 145 208 586 134 47 707 210 1947 2661 7915 453 11351
internal_value=-5.97467e-05 -0.00904224 -0.0201522 0.00561976 -0.0021977 0.00430453 0.00057624 -0.0264256 -0.00832215 0.00045391 -0.00173069 -0.00395228 0.00652963 0.00294238
internal_weight=4541.04 299.386 164.472 134.914 108.357 96.6551 4241.65 148.531 49.9799 4232.8 2254.18 1779.29 474.892 1978.62
internal_count=29106 2171 1162 1009 801 720 26935 1062 355 26888 13590 10576 3014 13298
cat_boundaries=0 2 3 5 7
cat_threshold=1641619794 8 5540 3775965200 13 5244228 48
is_linear=0
shrinkage=0.05


Tree=140
num_leaves=15
num_cat=4
split_feature=9 25 1 28 3 2 8 29 8 19 29 9 29 3
split_gain=9.41019 9.74675 8.50692 7.63774 17.2966 9.07442 13.5561 16.8945 9.76185 9.45802 15.4731 14.6886 16.1667 17.7887
threshold=9.5000000000000018 17.100052097240919 0.072299651567944254 0 0.28349390855067541 -0.0017448529702202007 69.500000000000014 1 -1.0000000180025095e-35 87.715000000000018 2 1.0000000180025095e-35 3 0.84204436119779646
decision_type=2 10 8 9 8 2 10 9 8 10 9 2 9 10
left_child=1 2 -1 4 -4 6 7 -5 -9 -7 -11 -12 13 -13
right_child=-2 -3 3 5 -6 9 -8 8 -10 10 11 12 -14 -15
leaf_value=-0.016695757745533772 0.023472284089556861 -0.038539194003757826 0.016084498466581137 0.034104163839422857 -0.036224757028910794 0.0016008380796969188 -0.029144735278641483 -0.046608083492395501 0.0068274509039912669 0.011194999089669592 -0.027278850660858979 -0.032739518252726828 -0.00045465495231749968 0.012979081241167621
leaf_weight=70.692843060940504 43.056635245680809 15.135633826255797 24.236927904188633 61.818648401647806 42.041722536087036 3365.5923569668084 18.034296106547117 8.2198158353567106 116.69280975870788 125.02030024304986 81.21630728431046 90.535710722208023 484.8875328451395 27.117117494344711
leaf_count=571 314 83 134 445 212 21551 116 55 797 813 517 546 2958 204
internal_value=0.000475711 0.000252063 0.000390574 0.000665982 -0.0149233 0.000937212 0.0111899 0.0152199 0.00275047 0.000433972 -0.00441773 -0.00734088 -0.00473433 -0.0204574
internal_weight=4574.3 4531.24 4516.11 4445.41 66.2787 4379.13 204.766 186.731 124.913 4174.37 808.777 683.757 602.54 117.653
internal_count=29316 29002 28919 28348 346 28002 1413 1297 852 26589 5038 4225 3708 750
cat_boundaries=0 1 3 4 6
cat_threshold=196672 1619002456 33 1091787520 2147491904 25
is_linear=0
shrinkage=0.05


Tree=141
num_leaves=15
num_cat=4
split_feature=7 4 17 28 8 29 6 29 22 6 8 3 11 29
split_gain=11.2178 19.5175 14.4097 11.1065 26.3672 33.0011 17.6153 15.4049 16.6039 15.4912 15.1999 14.0466 15.2329 13.2865
threshold=40.500000000000007 8.7942471595461118 3.5000000000000004 0 12.500000000000002 1 4.5000000000000009 2 1.9050000000000002 8.5000000000000018 1.0000000180025095e-35 0.17376784844319595 5.8992944261237286 3
decision_type=2 8 2 9 8 9 10 9 8 8 10 10 2 9
left_child=3 2 -2 4 5 6 -1 8 -5 -10 11 12 -7 -6
right_child=1 -3 -4 7 13 10 -8 -9 9 -11 -12 -13 -14 -15
leaf_value=0.03677119635656674 -0.026371740324209192 0.00062917754539902767 0.039810916218922528 0.038732245661181434 0.0089525551149587015 0.010688547625211244 -0.027008772980398811 0.0012626560351836492 -0.0034133365224400997 -0.022141361245020221 0.050047465932427981 0.0020209748718147519 0.051033501607541998 -0.010799485569199211
leaf_weight=12.641391616314648 135.24791010469198 249.6870289966464 7.8826511912047854 17.159264679998159 139.668291952461 44.62371065095067 52.632836781442165 3070.3465850651264 314.49862165190279 169.54362592101097 58.259500537067652 64.430796409025788 49.768542900681496 186.2879097647965
leaf_count=96 1004 1536 53 99 824 257 326 19689 2183 1034 388 435 282 1101
internal_value=0.000242081 -0.0078253 -0.0224759 0.00100193 0.00718196 0.018456 -0.012415 -7.22785e-05 -0.00810154 -0.0100053 0.0270804 0.0200896 0.0322725 -0.00239097
internal_weight=4572.68 392.818 143.131 4179.86 608.313 282.357 65.2742 3571.55 501.202 484.042 217.083 158.823 94.3923 325.956
internal_count=29307 2593 1057 26714 3709 1784 422 23005 3316 3217 1362 974 539 1925
cat_boundaries=0 1 2 4 5
cat_threshold=2360199 1082519552 1077025090 2 3255454482
is_linear=0
shrinkage=0.05


Tree=142
num_leaves=15
num_cat=4
split_feature=2 29 2 2 29 25 25 11 28 13 5 1 29 4
split_gain=9.40728 16.9629 12.0204 21.2253 15.6463 15.5041 11.7991 10.6551 17.9215 15.5795 14.5445 15.1495 15.701 14.2764
threshold=301.16679315753407 0 135.9683557894322 113.13531581103398 1 7.7820599036756004 5.5500724146567268 6.5334980742172721 2 40.242500000000007 0.60924501424501443 1.1336769759450174 3 4.4027198821306408
decision_type=2 9 2 2 9 10 10 2 9 10 10 10 9 10
left_child=2 -2 3 7 5 -4 -5 10 13 -10 -1 12 -12 -9
right_child=1 -3 4 6 -6 -7 -8 8 9 -11 11 -13 -14 -15
leaf_value=-0.00099124310382709747 0.01879334695776012 -0.026713786811576684 0.0055101763738970239 -0.04379067875211437 0.023388222521537189 -0.059862958761873614 0.012788539106569 -0.0060176959881246368 0.0052240451853338699 -0.055988046313972487 0.01298612995068648 -0.035691885242215213 -0.017666852590651792 -0.049188990341265032
leaf_weight=2188.666442848742 21.200848326086998 65.8269381262362 31.162727206945419 41.388298682868481 102.57987328246236 11.710219010710714 11.280659742653368 238.72388246282935 1588.6756252255291 9.4696040935814363 59.500225245952606 60.043962270021439 96.297528591006994 19.869737204164267
leaf_count=14531 95 322 154 202 522 54 53 1515 10028 57 438 378 735 145
internal_value=-0.000253703 -0.01644 6.57993e-05 -0.000412359 0.0141532 -0.0108338 -0.03166 -1.88005e-05 0.0028256 0.00479656 -0.00221548 -0.0145676 -0.00625063 -0.00915877
internal_weight=4546.4 87.0278 4459.37 4313.92 145.453 42.8729 52.669 4261.25 1856.74 1598.15 2404.51 215.842 155.798 258.594
internal_count=29229 417 28812 28082 730 208 255 27827 11745 10085 16082 1551 1173 1660
cat_boundaries=0 1 3 4 6
cat_threshold=5767170 2151678032 35 1639476 46401818 5
is_linear=0
shrinkage=0.05


Tree=143
num_leaves=15
num_cat=5
split_feature=28 3 3 11 20 24 29 5 29 26 7 29 28 0
split_gain=10.5135 13.2247 13.3239 12.0455 10.9466 22.4742 17.9542 16.389 19.824 19.0776 12.199 21.1356 16.48 16.3365
threshold=0 0.28349390855067541 0.92914123572455776 6.8739812817840358 -67.944999999999993 0.14384548156296814 1 0.15549920634920636 2 21.500000000000004 8.5000000000000018 3 4 89.895000000000024
decision_type=9 8 10 2 8 10 9 8 9 2 2 9 9 8
left_child=1 3 -3 -1 5 -2 -7 8 9 -6 13 -12 -13 -9
right_child=4 2 -4 -5 7 6 -8 10 -10 -11 11 12 -14 -15
leaf_value=0.029853872733145489 0.025594125056991841 -0.035425238839843366 0.022742821435776408 -0.024248472762353188 -0.046777110626195453 0.0076715825463787319 -0.029911913474223086 0.013802301838581927 0.020695825608629152 0.0052493151422200821 -0.0098222659595790292 -0.027858854342760572 0.0011453300364666398 0.00058786409118186816
leaf_weight=23.949994370341301 31.899416327476501 67.774653226137161 10.785703312605618 16.564119301736355 22.373775944113731 44.015606790781021 102.62341088801622 317.06428450159729 193.83762640506029 70.934044849127531 640.59064620360732 39.150417488068342 2088.7403679974377 884.0789951197803
leaf_count=121 179 364 63 95 138 249 566 3316 1143 463 3754 206 11869 6729
internal_value=-0.000206887 -0.0142178 -0.0272538 0.00768295 0.000203971 -0.0118894 -0.0201616 0.000714346 0.0122283 -0.00686193 -0.000121394 -0.00194706 0.000471161 0.00408464
internal_weight=4554.38 119.074 78.5604 40.5141 4435.31 178.538 146.639 4256.77 287.145 93.3078 3969.62 2768.48 2127.89 1201.14
internal_count=29255 643 427 216 28612 994 815 27618 1744 601 25874 15829 12075 10045
cat_boundaries=0 1 3 5 7 8
cat_threshold=197697 17350680 1 56186892 1 1630309632 10 3670144
is_linear=0
shrinkage=0.05


Tree=144
num_leaves=15
num_cat=3
split_feature=7 28 29 10 29 10 1 15 11 19 24 9 8 11
split_gain=13.1167 15.2811 22.2691 20.5219 19.3212 20.1187 17.0218 16.7574 16.1675 16.1886 18.1156 14.1796 13.6075 16.5721
threshold=8.5000000000000018 0 1 13.500000000000002 2 37.500000000000007 2.105477107402653 9.0631467547191935 6.4168874935853184 39.500000000000007 0.13881617219313555 9.5000000000000018 43.500000000000007 6.1544121344931524
decision_type=2 9 9 2 9 2 8 10 2 10 10 2 10 2
left_child=-1 2 3 -2 5 6 -3 12 -4 -10 -11 -12 13 -6
right_child=1 4 8 -5 7 -7 -8 -9 9 10 11 -13 -14 -15
leaf_value=0.0042579063165943979 0.008477530925846603 -0.0074361082783001914 -0.009539897551676434 0.043229696592845958 0.009798707726895171 -0.062657435438181391 -0.03539009582117425 -0.021728336507612123 0.0090604045084493184 0.021319293036439931 -0.016369104414432727 0.040812754627909488 -0.015125082704559145 -0.0034673800949352228
leaf_weight=1341.6144390590489 292.28660198673606 589.43420546129346 382.88145194575191 48.884232427924871 462.05436033383012 17.737345542758703 59.147047588601708 86.273836886510253 437.34702089056373 45.592218168079853 193.71304787322879 10.540502920746802 114.55479800328612 478.08720299974084
leaf_count=11029 1466 3994 1979 230 2709 106 399 518 2189 205 933 62 645 2885
internal_value=0.000106308 -0.00162503 0.00227055 0.0131834 -0.00465334 -0.0113583 -0.0100359 -0.000666627 -0.00130755 0.00326745 -0.00686862 -0.0132338 0.00106885 0.00305603
internal_weight=4560.15 3218.53 1411.25 341.171 1807.29 666.319 648.581 1140.97 1070.07 687.193 249.846 204.254 1054.7 940.142
internal_count=29349 18320 7064 1696 11256 4499 4393 6757 5368 3389 1200 995 6239 5594
cat_boundaries=0 1 3 5
cat_threshold=1335698 8346188 5 1613635150 13
is_linear=0
shrinkage=0.05


Tree=145
num_leaves=15
num_cat=1
split_feature=24 24 15 6 20 11 19 9 11 29 1 6 24 3
split_gain=13.0389 8.65716 18.5942 17.2254 9.86126 8.77259 15.6815 12.2958 10.0515 24.856 23.0156 20.8734 14.9274 14.6073
threshold=1.0000000180025095e-35 0.054500466602060239 5.2743263391708721 25.500000000000004 -29.484999999999996 10.020336565720223 94.925000000000011 1.5000000000000002 7.4772987200079264 0 1.2919871794871798 43.500000000000007 0.52277684186160223 0.23301067450495053
decision_type=8 8 8 10 10 2 8 2 2 9 10 10 8 8
left_child=-1 2 3 -2 -4 8 7 -7 -3 11 12 -10 -11 -12
right_child=1 5 4 -5 -6 6 -8 -9 9 10 13 -13 -14 -15
leaf_value=-0.04390258919147999 -0.042693235045437393 -0.00087439256842035363 0.052177768897360526 0.028204276784061507 6.1358703770768527e-05 -0.01284317061136186 0.021356538048360504 -0.071885309720425047 0.023228551084903331 0.007217466348121585 -0.055225078540750851 -0.033871733755321688 -0.032199837935730238 -0.01017305830676977
leaf_weight=15.649069182574747 18.289277043193579 3446.8846260365099 31.727561339735985 14.495126098394392 12.563223995268343 21.712282225489616 15.266521587967871 14.512092687189577 223.37300498224795 503.82137920707464 19.391419947147369 16.365101337432861 24.238972159102559 160.61219415813684
leaf_count=102 128 22828 207 117 96 114 91 70 1272 2823 93 135 146 982
internal_value=0.000264579 0.000427054 0.0169323 -0.01144 0.0377225 0.00013719 -0.0201824 -0.0377922 0.000379804 0.00493707 8.43214e-05 0.0184403 0.00535069 -0.0153047
internal_weight=4538.9 4523.25 77.0752 32.7844 44.2908 4446.18 51.4909 36.2244 4394.69 947.802 708.064 239.738 528.06 180.004
internal_count=29204 29102 548 245 303 28554 275 184 28279 5451 4044 1407 2969 1075
cat_boundaries=0 1
cat_threshold=1618271316
is_linear=0
shrinkage=0.05


Tree=146
num_leaves=15
num_cat=4
split_feature=11 28 29 8 3 25 29 19 7 19 15 0 4 29
split_gain=9.90814 13.7839 18.3149 22.9266 16.3142 15.2182 14.2793 13.894 13.8792 13.3533 13.0357 15.5491 12.7452 25.3095
threshold=6.5812421022820979 0 1 7.5000000000000009 0.027485449775223086 0.39862538387092566 2 94.675000000000011 9.5000000000000018 84.225000000000009 -0.086970504050944961 65.00500000000001 -28.368541009576472 3
decision_type=2 9 9 10 10 8 9 8 2 8 10 8 8 9
left_child=12 2 3 -2 -4 6 -3 -5 -6 -8 -11 -12 13 -1
right_child=1 5 4 7 8 -7 9 -9 -10 10 11 -13 -14 -15
leaf_value=0.0064420226005683541 0.046253879969305273 2.7849484089747563e-05 0.017891033165282375 0.0035446159518005478 -0.0069407767034833151 0.0015494405582352948 0.041714672793668021 -0.054235694608898113 -0.04997894594392837 -0.014651897314925217 -0.010450205133500631 0.034060133430892661 -0.0014311599098685273 -0.032059286692735098
leaf_weight=75.068398077040911 25.415852431207895 132.63358243554831 16.765413895249367 43.931886672973633 28.89447383582592 1482.0816217660904 61.973188292235136 12.589599967002867 54.235084615647793 30.692620694637299 26.221327479928732 72.559436872601509 2372.7957742884755 87.116161074489355
leaf_count=511 133 908 91 209 176 9141 458 64 286 206 168 492 15714 600
internal_value=-0.000289363 0.00235259 -0.0104038 0.00693005 -0.0238987 0.00367907 0.0134967 -0.0100445 -0.0352799 0.0216527 0.0134634 0.0222586 -0.00236136 -0.0158782
internal_weight=4522.97 1987.99 181.832 81.9373 99.895 1806.16 324.08 56.5215 83.1296 191.447 129.473 98.7808 2534.98 162.185
internal_count=29157 12332 959 406 553 11373 2232 273 462 1324 866 660 16825 1111
cat_boundaries=0 1 3 5 6
cat_threshold=3737121 1074529536 8 38611018 34 2189987867
is_linear=0
shrinkage=0.05


Tree=147
num_leaves=15
num_cat=5
split_feature=7 28 29 3 24 3 18 29 28 1 24 24 26 29
split_gain=11.6681 15.8446 26.3396 22.8969 19.8573 19.4584 14.2641 13.217 23.1887 18.8796 18.4295 16.1633 19.7407 28.1532
threshold=8.5000000000000018 0 1 0.45045631121798269 0.48854101236868791 0.88859918539225646 -3.2599999999999993 2 3 2.254569624459954 0.24356556503993954 0.35006996323383349 50.500000000000007 4
decision_type=2 9 9 8 8 10 8 9 9 10 10 10 2 9
left_child=6 2 -2 -4 -5 -3 -1 10 -9 -10 -8 -12 13 -13
right_child=1 5 3 4 -6 -7 7 8 9 -11 11 12 -14 -15
leaf_value=-0.021878643274924708 -0.029115327851250917 -0.00049148578731780194 0.00084142832087956822 -0.025623593898146609 0.0054687793324400191 0.023447989292103122 0.016037785075960272 0.016333524756501735 0.00067001715748136776 -0.048688710417937459 -0.019584679771169369 -0.034100664908044996 0.0079842454615317009 0.0086821064525840624
leaf_weight=51.546099338680506 109.66892363131046 2123.3536801896989 652.21778229065239 181.11767966859043 71.087356358766556 87.41562507301569 142.79913328960538 414.95972342975438 126.82096639275551 21.860914319753647 127.64602893963456 70.756096843630075 292.84237338788807 69.752578783780336
leaf_count=343 780 11539 3936 1133 483 490 905 4651 768 112 832 393 2437 419
internal_value=-0.000303754 -0.0019241 -0.00705884 -0.00406658 -0.0168728 0.00046318 0.00365638 0.00471131 0.0103195 -0.00643421 6.43584e-05 -0.00402176 0.000596925 -0.014747
internal_weight=4543.84 3224.86 1014.09 904.423 252.205 2210.77 1318.98 1267.44 563.642 148.682 703.796 560.997 433.351 140.509
internal_count=29221 18361 6332 5552 1616 12029 10860 10517 5531 880 4986 4081 3249 812
cat_boundaries=0 1 3 5 6 8
cat_threshold=2720800 1075993602 2 2167970069 59 1881092 557056 25
is_linear=0
shrinkage=0.05


Tree=148
num_leaves=15
num_cat=0
split_feature=13 1 30 26 10 0 24 20 11 14 4 5 7 13
split_gain=9.58808 10.5101 16.0508 9.3911 19.7038 14.0524 9.63352 9.15737 8.62418 10.2894 8.62649 8.6147 9.84282 9.12147
threshold=8.1750000000000007 1.186970338983051 3.5000000000000004 3085.5000000000005 1.0000000180025095e-35 13.815000000000003 0.4117973514703886 -4.7950000000000008 7.0579925682769469 10.798750000000002 -5.7963546770649677 0.72623963133640557 17.500000000000004 12.010000000000002
decision_type=10 8 2 2 2 10 10 10 2 10 10 10 2 10
left_child=3 11 8 -1 5 -5 7 -7 9 10 -3 12 -2 -13
right_child=1 2 -4 4 -6 6 -8 -9 -10 -11 -12 13 -14 -15
leaf_value=-8.8687083238728464e-05 0.020799778817665222 -0.021636874284525529 0.031270277334599084 -0.044237171658186518 0.033289146041920396 0.016464287456803395 0.025822897387491252 -0.050605814930324781 -0.056309138115707792 -0.051319296391843065 0.023267507243353421 -0.031747001611970908 -0.017479939726655108 0.0022338922518800966
leaf_weight=4138.6594384927303 57.407340615987778 32.409948740154505 11.47681420855224 16.47751847282052 62.996708992868662 8.9578541554510611 28.883629970252514 9.7432772032916528 21.936909794807434 17.801604263484478 14.788693543523548 35.339117903262377 22.698760353028774 42.989118754863739
leaf_count=26088 475 248 104 100 615 71 264 90 144 132 116 270 112 297
internal_value=-0.000241962 -0.00960486 -0.0223491 0.000323917 0.0136593 -0.00585896 0.00806752 -0.0192742 -0.0297026 -0.0200061 -0.00737621 -0.00159805 0.00987111 -0.0133041
internal_weight=4522.57 256.848 98.414 4265.72 127.059 64.0623 47.5848 18.7011 86.9372 65.0002 47.1986 158.434 80.1061 78.3282
internal_count=29126 1898 744 27228 1140 525 425 161 640 496 364 1154 587 567
is_linear=0
shrinkage=0.05


Tree=149
num_leaves=15
num_cat=3
split_feature=13 29 0 3 11 15 26 4 26 7 28 8 29 25
split_gain=11.3056 16.0488 13.6276 13.8445 13.0876 11.1659 10.9322 20.7882 14.4051 10.738 10.4034 34.6848 21.7461 20.9827
threshold=8.1750000000000007 0 75.00500000000001 0.40466886390929063 5.4298936837437735 7.6011313179717606 3085.5000000000005 59.412525355499575 4200.5000000000009 11.500000000000002 1 6.5000000000000009 2 3.0085075298640604
decision_type=10 9 10 10 2 10 2 8 2 2 9 8 9 8
left_child=6 2 3 -2 -3 -4 10 8 -8 -10 11 13 -13 -1
right_child=1 4 5 -5 -6 -7 7 -9 9 -11 -12 12 -14 -15
leaf_value=0.020867544653969214 -0.027199732879137951 -0.035904274156611508 -0.062689251563297285 0.013372249948826779 0.0091030594999248846 -0.0080695849669683416 0.038788440272924683 -0.053043260464551968 0.029950741117095225 -0.013781589164863786 -0.0013580284375540657 0.0084471132914554319 -0.013340179026090658 -0.0072465422872963247
leaf_weight=331.87028051912785 53.872227743268013 17.797687366604805 29.805263254791498 33.306275058537722 113.96772737056017 13.909947182983158 56.2445711158216 9.3668176904320699 21.942157924175262 35.195929624140263 3265.2314041480422 183.56707081571221 272.96730171516538 82.354479871690273
leaf_count=1964 381 125 208 262 873 110 585 68 277 194 20798 1211 1649 480
internal_value=-0.000244663 -0.0102921 -0.0217433 -0.0117235 0.00260316 -0.0458787 0.000377283 0.015021 0.0210585 0.00323879 -6.08428e-05 0.00476038 -0.0046874 0.015274
internal_weight=4521.4 262.659 130.894 87.1785 131.765 43.7152 4258.74 122.749 113.383 57.1381 4135.99 870.759 456.534 414.225
internal_count=29185 1959 961 643 998 318 27226 1124 1056 471 26102 5304 2860 2444
cat_boundaries=0 2 3 5
cat_threshold=545859928 14 3412355 3263585856 40
is_linear=0
shrinkage=0.05


Tree=150
num_leaves=15
num_cat=2
split_feature=8 24 24 26 26 29 5 29 10 25 12 19 3 4
split_gain=8.55368 10.4252 8.70476 7.28401 20.7651 16.5453 9.21562 21.1155 15.8527 13.3366 10.9596 15.5882 10.5368 10.0492
threshold=-2.4999999999999996 0.41229424774658002 0.30251505886279345 3488.5000000000005 4200.5000000000009 0 0.65086494252873572 1 16.500000000000004 0.082355226756295016 1.5000000000000002 70.477500000000006 0.58794296638341448 -2.8824065410346553
decision_type=8 8 10 2 2 9 10 9 2 10 2 8 10 10
left_child=1 2 -1 6 -5 -6 -2 10 9 -9 12 -12 -8 -11
right_child=3 -3 -4 4 5 -7 7 8 -10 13 11 -13 -14 -15
leaf_value=0.018245093294603474 -0.00029741823719664582 0.059792365149210519 -0.020657870318041262 0.032574135622966592 -0.026697137858617007 0.016769985367758571 -0.020284157226931696 0.027589442174069709 0.035016114035597755 -0.01633069709816513 -0.02914619719593093 0.027310714755217392 -0.055638403627088655 0.011244801837897812
leaf_weight=54.959135521203279 3966.3528181668371 10.457670647650955 18.433616641908884 58.925894912332296 35.879625335335732 31.90391006693244 53.108460173010826 27.887232523411512 29.234377942979336 125.50872853770852 27.970797248184681 20.181079439818859 36.211320362985134 43.917956843972206
leaf_count=291 24981 59 128 694 270 282 392 213 221 860 183 150 217 316
internal_value=-0.000351046 0.0153753 0.00832773 -0.000650287 0.0111188 -0.00773519 -0.000997147 -0.00859967 0.00124097 -0.00385197 -0.0231279 -0.00541013 -0.0350745 -0.00915867
internal_weight=4540.93 83.8504 73.3928 4457.08 126.709 67.7835 4330.37 364.02 226.548 197.314 137.472 48.1519 89.3198 169.427
internal_count=29257 478 419 28779 1246 552 27533 2552 1610 1389 942 333 609 1176
cat_boundaries=0 2 4
cat_threshold=1611141144 51 1091577942 40
is_linear=0
shrinkage=0.05


Tree=151
num_leaves=15
num_cat=4
split_feature=7 29 0 11 29 24 15 19 29 11 21 11 24 29
split_gain=7.65992 16.87 14.3744 16.7739 21.4213 15.1186 14.2973 14.1305 16.7328 14.7598 12.4573 12.0409 14.3185 13.6926
threshold=24.500000000000004 0 58.010000000000012 5.6694497918566773 1 0.28368534496064757 3.3911746375780649 41.750000000000007 2 7.2595557658639294 0.93323608850020701 7.4390421341567015 0.24306183443841675 3
decision_type=2 9 8 2 9 10 8 8 9 2 8 2 10 9
left_child=2 -2 3 4 -1 -6 -7 -4 9 -9 -5 -3 13 -13
right_child=1 11 7 10 5 6 -8 8 -10 -11 -12 12 -14 -15
leaf_value=-0.022877136662584934 -0.012927236938104087 -0.0046763609311881362 -0.012681242369219171 -0.016752487770332072 0.040028739934178423 -0.034844876240550431 0.014013231574977268 -0.013589773224658028 0.0022206557024388 0.010474580083738581 0.012266871018763004 0.024523213062528776 0.016119814660571753 -0.012325051663547817
leaf_weight=87.600178252905607 340.92476436495781 506.30761963129044 231.39865028485656 38.556216333061457 29.288240123540163 21.772930461913347 42.746202517300844 331.99647953733802 1915.2271734289825 78.010813381522894 599.64394877851009 21.489815007895231 196.33032043278217 109.0737625323236
leaf_count=603 2190 3113 1445 331 198 132 265 2178 12978 556 3745 108 951 530
internal_value=-0.000287779 -0.0037647 0.000922118 0.00667989 -0.00670906 0.00984574 -0.00275483 -0.000925605 0.000249221 -0.00878308 0.0104902 0.000148559 0.00761761 -0.00519263
internal_weight=4550.37 1174.13 3376.24 819.608 181.408 93.8074 64.5191 2556.63 2325.23 410.007 638.2 833.202 326.894 130.564
internal_count=29323 6892 22431 5274 1198 595 397 17157 15712 2734 4076 4702 1589 638
cat_boundaries=0 2 4 6 7
cat_threshold=59054144 9 7939407 3 1631620096 24 5259282
is_linear=0
shrinkage=0.05


Tree=152
num_leaves=15
num_cat=3
split_feature=7 4 8 20 28 29 24 24 29 24 23 25 25 17
split_gain=8.74631 11.8895 11.6435 10.508 11.245 18.7224 15.4643 15.4415 14.8543 17.0683 24.8202 15.7649 20.8755 17.2854
threshold=13.500000000000002 -18.084757494850766 -2.4999999999999996 25.900000000000002 0 1 0.051945856381027618 0.12551841150561638 2 0.39781389969450243 4.8231250000000001 0.93104044995538782 0.075512009590845988 1.0000000180025095e-35
decision_type=2 8 8 10 9 9 8 8 9 10 10 10 10 2
left_child=2 -2 -1 4 5 -4 -6 -7 11 10 -10 12 -8 -14
right_child=1 -3 3 -5 6 7 8 -9 9 -11 -12 -13 13 -15
leaf_value=0.042869679640390387 -0.015939009095359013 -0.00091401407048967854 0.017807900399445097 -0.016532357117182386 -0.053723670825010443 0.02045726479997613 0.020278638232370604 -0.015520063652520394 0.022156860329306718 0.0036947217029043773 -0.03600976347812903 0.012872881292581673 -0.014804778306203449 0.0082385324293705025
leaf_weight=16.934100538492203 137.91567833162844 2526.7204063814133 62.214342311024666 69.646311014890671 10.102219652384518 33.157752051949501 71.262367647141218 240.11460480839014 315.53053206577897 421.60678818635643 18.585625123232603 174.8034946154803 311.42841036617756 109.3147299066186
leaf_count=175 790 13409 333 459 80 183 500 1292 3334 3888 150 1689 2176 703
internal_value=0.000137528 -0.00169736 0.0027732 0.00238061 0.00313452 -0.00502053 0.00504622 -0.0107057 0.00553647 0.0102638 0.0188235 1.75242e-05 -0.00456632 -0.00881248
internal_weight=4519.34 2664.64 1854.7 1837.77 1768.12 335.487 1432.63 273.272 1422.53 755.723 334.116 666.809 492.006 420.743
internal_count=29161 14199 14962 14787 14328 1808 12520 1475 12440 7372 3484 5068 3379 2879
cat_boundaries=0 1 2 4
cat_threshold=1131584 537673800 3760835077 31
is_linear=0
shrinkage=0.05


Tree=153
num_leaves=15
num_cat=3
split_feature=24 8 20 10 29 20 1 20 1 24 20 29 29 7
split_gain=12.6994 9.57249 12.565 15.217 13.7304 9.76324 9.14409 8.1261 14.5841 13.1654 10.0516 25.007 16.7284 15.3147
threshold=1.0000000180025095e-35 -2.4999999999999996 25.900000000000002 19.500000000000004 0 4.9975000000000032 0.072299651567944254 -84.399999999999991 1.532191213042277 0.16441682134353267 -18.497499999999995 1 2 31.500000000000004
decision_type=8 8 10 2 9 10 8 8 10 10 8 9 9 2
left_child=-1 5 6 4 -4 -2 -3 8 9 -8 11 -9 -12 -13
right_child=1 2 3 -5 -6 -7 7 10 -10 -11 12 13 -14 -15
leaf_value=-0.042137200460253259 0.010098019318741856 -0.017692555627007413 0.0066585337294805371 0.040148095975677797 -0.033529859165976443 0.059076790179772409 0.01597473192064516 -0.0080961410856826097 0.0053050349950248517 -0.046698628469176731 -0.0060119472464205768 0.019138955303192956 0.0020838132191674549 -0.0045554129214806427
leaf_weight=16.538683481514454 69.473003927618265 66.302044931799173 31.308316916227341 9.6522670648992044 63.138162722811103 11.063463192433117 10.216506026685236 180.84201368317008 50.747885093092918 36.83386454731226 818.37529510818422 325.34534932859242 2755.842342639342 85.784459479153156
leaf_count=108 386 548 254 76 405 76 54 1196 279 197 5517 2182 17583 428
internal_value=0.00032693 0.000491777 0.000179583 -0.0169028 -0.0230928 0.0174684 0.000594045 0.000882471 -0.0132906 -0.0330405 0.00121828 0.00724721 0.000218007 0.0138596
internal_weight=4531.46 4514.92 4434.39 104.099 94.4465 80.5365 4330.29 4263.99 97.7983 47.0504 4166.19 591.972 3574.22 411.13
internal_count=29289 29181 28719 735 659 462 27984 27436 530 251 26906 3806 23100 2610
cat_boundaries=0 2 4 6
cat_threshold=3791933460 17 22097944 11 1646709761 32
is_linear=0
shrinkage=0.05


Tree=154
num_leaves=15
num_cat=2
split_feature=15 21 25 29 29 2 20 15 6 31 3 24 24 24
split_gain=8.5798 16.404 12.0207 16.6174 13.1295 14.6646 13.3594 16.1938 17.1463 25.5812 15.491 12.8557 12.1819 11.5501
threshold=1.0000000180025095e-35 1.0129744445047646 5.0749176059831704 0 1 -30.486011654786051 -11.992499999999998 5.2743263391708721 2.5000000000000004 3.5000000000000004 1.0120114555512438 0.23125456312575859 0.48202305124623762 0.19180482282329722
decision_type=10 10 10 9 9 2 10 10 10 8 10 10 10 10
left_child=1 -1 4 -4 -2 -6 7 13 -9 11 -8 -10 -13 -7
right_child=2 -3 3 -5 5 6 10 8 9 -11 -12 12 -14 -15
leaf_value=-0.0021912129643123271 -0.0017790771726200142 -0.028094361835274292 0.0080700387661566033 -0.021229260172980772 0.066843297693321965 0.0003526530471524539 -0.0081735071162349193 0.010129243532925315 0.018618451930928818 -0.080583680248025966 0.041151391255277434 -0.018041390477894281 0.039018462919239119 0.014920620578175137
leaf_weight=1745.7571368198842 1112.6860586311668 62.351574039086699 73.19364707544446 117.85169056430459 8.689367223531006 176.9206138048321 247.31210836581886 169.24647859670222 37.955974316224456 11.616511460393665 16.020031310617924 127.10327409952879 9.1597827337682229 588.80431248247623
leaf_count=10677 7552 451 360 642 78 1076 1901 1351 230 63 147 825 68 3748
internal_value=-0.00043559 -0.0030995 0.00135112 -0.0107057 0.00227435 0.00548487 0.00509129 0.00747128 -0.00135266 -0.0118079 -0.00502846 -0.00678832 -0.0139494 0.0115595
internal_weight=4504.67 1808.11 2696.56 191.045 2505.51 1392.83 1384.14 1120.81 355.082 185.836 263.332 174.219 136.263 765.725
internal_count=29169 11128 18041 1002 17039 9487 9409 7361 2537 1186 2048 1123 893 4824
cat_boundaries=0 2 4
cat_threshold=55083022 5 1620765968 7
is_linear=0
shrinkage=0.05


Tree=155
num_leaves=15
num_cat=2
split_feature=7 0 18 29 7 24 19 14 21 6 0 30 11 29
split_gain=8.72654 15.2092 13.1117 11.4894 16.0392 16.2351 23.5716 14.9987 14.5569 12.8783 12.8197 16.4743 14.2558 15.0392
threshold=8.5000000000000018 82.815000000000012 -3.2599999999999993 0 -43.499999999999993 0.47655963667832812 95.717500000000015 16.881250000000005 0.88941549251246321 -35.499999999999993 98.010000000000005 3.5000000000000004 5.7218188178508971 1
decision_type=2 10 8 9 2 10 8 8 8 10 8 2 2 9
left_child=2 -2 -1 10 -5 8 7 9 -6 -7 -4 12 13 -12
right_child=1 -3 3 4 5 6 -8 -9 -10 -11 11 -13 -14 -15
leaf_value=-0.021121481444587767 -0.00094963642509184585 -0.021718686290810415 0.0070244704501643915 -0.042116669646793836 -0.052566000704824117 -0.0016005453262338725 0.021604418929322605 0.011859343375332704 0.01731396250599012 -0.054149148448182999 -0.013452461314359308 0.027929192254639912 -0.016998422153537286 0.018771657757118282
leaf_weight=51.8468745239079 3075.442431833595 89.753969315439463 347.37106823734939 13.496261075139044 6.6475563421845436 17.461207877844572 50.27788657322526 21.964891191571951 402.07177836075425 34.47152191773057 58.325743541121483 31.286474462598562 221.87161976099014 66.081750653684139
leaf_count=344 17600 537 3024 60 52 122 643 174 3882 252 327 182 1468 414
internal_value=-0.000119819 -0.00154525 0.00328858 0.00429988 0.00968101 0.0112506 -0.00455459 -0.0224033 0.0160519 -0.0368449 0.00010156 -0.00626676 -0.00942791 0.00410143
internal_weight=4488.37 3165.2 1323.17 1271.33 546.391 532.895 124.176 73.8976 408.719 51.9327 724.937 377.566 346.279 124.407
internal_count=29081 18137 10944 10600 5185 5125 1191 548 3934 374 5415 2391 2209 741
cat_boundaries=0 2 4
cat_threshold=3237741827 55 2150106112 17
is_linear=0
shrinkage=0.05


Tree=156
num_leaves=15
num_cat=3
split_feature=25 9 29 24 28 25 25 24 29 23 24 3 1 24
split_gain=8.22434 8.76378 15.0499 12.441 12.6355 12.7611 13.1145 11.2329 40.212 28.7764 20.6288 29.3796 19.5313 17.3087
threshold=22.582230882422227 2.5000000000000004 0 0.18930685048091125 1 0.87079190163537923 0.70685045275183989 0.48854101236868791 2 21.487708333333334 0.80453074433656979 0.12986664415442903 1.1056618819776716 0.39781389969450243
decision_type=10 2 9 10 9 10 10 10 9 10 10 10 8 8
left_child=1 7 3 -3 -5 6 -6 9 12 13 -10 -12 -9 -1
right_child=-2 2 -4 4 5 -7 -8 8 10 -11 11 -13 -14 -15
leaf_value=0.00088168023218616279 -0.047563848306516332 0.029563314796660807 0.0073964575589890186 -0.029272831046692656 0.0030995317963550982 0.038739847037792714 -0.059724816487846638 0.0071711138196186358 0.025474919772764226 -0.043387740615401918 -0.09786053887947109 0.034855985066596554 -0.027705853982412428 -0.0077332862903667331
leaf_weight=2392.9231830015779 7.9824388325214377 16.125801876187325 773.64407212287188 62.897566545754671 36.062911085784435 16.536685211583972 9.7588454633951169 71.559635572135448 208.17798890545964 39.978962816298008 7.5029952041804773 7.4217694699764252 89.464311264455318 769.7898838147521
leaf_count=14559 48 85 5282 317 238 135 61 523 1505 417 57 97 560 5292
internal_value=0.000232165 0.000327458 0.00469241 -0.00987795 -0.015932 0.0020676 -0.0112702 -0.000787072 0.00728118 -0.00175674 0.0204621 -0.0338189 -0.0115452 -0.00121694
internal_weight=4509.83 4501.84 915.026 141.382 125.256 62.3584 45.8218 3586.82 384.127 3202.69 223.103 14.9248 161.024 3162.71
internal_count=29176 29128 6118 836 751 434 299 23010 2742 20268 1659 154 1083 19851
cat_boundaries=0 2 3 5
cat_threshold=3227942916 2 1335300 2147534942 27
is_linear=0
shrinkage=0.05


Tree=157
num_leaves=15
num_cat=3
split_feature=2 15 25 16 29 29 2 0 6 8 28 6 26 19
split_gain=9.49115 12.7447 8.48219 7.37927 20.1225 12.0609 16.4115 14.4332 14.3937 13.4022 12.7651 16.7963 20.8047 12.3971
threshold=-8.92879973205679 4.4996422656758819 0.39564776923368322 -0.017499999999994739 0 1 82.521694775809721 89.00500000000001 -98.499999999999986 48.500000000000007 2 32.500000000000007 293.50000000000006 83.950000000000017
decision_type=2 8 10 10 9 9 2 10 10 8 9 10 2 8
left_child=1 2 -1 5 -5 6 7 9 -8 10 13 -12 -13 -2
right_child=3 -3 -4 4 -6 -7 8 -9 -10 -11 11 12 -14 -15
leaf_value=-0.0023106937901118149 0.0090253798640010686 -0.0015276970315397207 0.044503385422078212 0.0065005256656454529 -0.012315268118040339 -0.001275419856163601 0.010524887642371512 -0.013191056718752411 -0.028031736137324556 0.023562362538237232 0.020970580893216267 -0.03114980494356781 0.05779248462268697 -0.010771129861074404
leaf_weight=12.842837650328873 165.55263872258365 58.507390405982733 37.092459438368678 214.83793058991432 385.97166114114225 2925.329602053389 38.337413344532251 72.846346039324999 62.746172893792391 145.04291588254273 208.44473022222519 32.80120212957263 7.2005350291728965 149.5855024792254
leaf_count=94 1237 443 265 1438 2658 18613 196 469 323 941 1283 262 42 1006
internal_value=-0.000178151 0.0143669 0.0326543 -0.000539098 -0.0056841 0.000273962 0.00535896 0.0078743 -0.0134487 0.0100553 0.00654363 0.0146975 -0.0141207 -0.000364187
internal_weight=4517.14 108.443 49.9353 4408.7 600.81 3807.89 882.557 781.474 101.084 708.628 563.585 248.446 40.0017 315.138
internal_count=29270 802 359 28468 4096 24372 5759 5240 519 4771 3830 1587 304 2243
cat_boundaries=0 1 3 4
cat_threshold=3236521984 2721189917 54 114720
is_linear=0
shrinkage=0.05


Tree=158
num_leaves=15
num_cat=6
split_feature=11 28 24 29 11 26 29 28 28 5 7 29 3 24
split_gain=7.55303 15.5362 35.2701 15.4285 17.7832 14.2226 20.0508 20.5405 19.8821 19.5673 14.656 15.3161 15.6175 14.5709
threshold=6.4168874935853184 0 0.33916453202580082 1 6.3031773641357889 59.500000000000007 2 3 4 0.53757777777777782 32.500000000000007 5 0.24857513310620855 0.25850273554668429
decision_type=2 9 8 9 2 2 9 9 9 8 2 9 10 10
left_child=1 2 -1 -3 -5 6 7 9 -8 -2 11 12 -10 -13
right_child=5 3 -4 4 -6 -7 8 -9 10 -11 -12 13 -14 -15
leaf_value=0.042151842205131872 -0.031878982798717453 -0.008585633115903454 -0.0022922573320554268 0.0017913733683329117 -0.021606750243035239 0.0060645722528693772 0.0082515490710277934 -0.034310794054996478 -0.00083435881632408265 0.021959456410487257 -0.031629712734056174 0.026013896378681275 -0.064424925546447825 -0.0043931756172094875
leaf_weight=64.58071294054389 25.325504325330257 730.63066192157567 139.49810997024179 1312.4012164045125 85.558036349713802 1257.1942526549101 429.67044732347131 80.250899497419596 17.519937347620726 46.038769531995058 54.244437331333756 49.235441420227289 20.581838674843311 181.73978469893336
leaf_count=354 165 5036 820 8770 569 8517 2150 408 101 294 375 286 125 1197
internal_value=0.00049777 -0.00147516 0.0113553 -0.00275044 0.00034249 0.00262633 -0.00215345 -0.0180621 0.0012919 0.00235194 -0.00792415 -0.00333923 -0.0286316 0.00208291
internal_weight=4494.47 2332.67 204.079 2128.59 1397.96 2161.8 904.607 151.615 752.992 71.3643 323.321 269.077 38.1018 230.975
internal_count=29167 15549 1174 14375 9339 13618 5101 867 4234 459 2084 1709 226 1483
cat_boundaries=0 1 3 5 6 7 9
cat_threshold=3146930 1081029654 29 1619034112 33 45589 1400832 532544 8
is_linear=0
shrinkage=0.05


Tree=159
num_leaves=15
num_cat=4
split_feature=27 3 0 26 29 28 19 28 21 3 3 3 6 30
split_gain=9.03585 8.65179 7.65458 8.0461 29.8515 16.3682 15.8525 19.2857 21.1075 18.8399 16.6134 15.8845 26.3679 15.2598
threshold=0 0.64616877678116202 99.995000000000019 59.500000000000007 1 2 44.500000000000007 3 1.3570291040850917 0.45506326725918872 0.34668293456639165 0.43432920250901225 11.500000000000002 3.5000000000000004
decision_type=9 10 10 2 9 9 8 9 8 10 10 10 10 2
left_child=1 -1 3 4 5 -2 10 8 -8 -9 -6 -10 -13 -5
right_child=2 -3 -4 13 6 -7 7 9 11 -11 -12 12 -14 -15
leaf_value=-0.059663909605151444 -0.022730789511881948 -0.0047801480618779998 -0.016721951480666537 0.0013721524038121306 -0.0030025134940638454 -0.0046272951216664903 -0.02916251234109872 -0.01269046417144757 0.014749017989148242 0.012479224416518959 -0.034673467835820454 0.0064253806657491603 -0.03680185200331236 0.015370157962491526
leaf_weight=13.299878172576429 198.58085521124303 14.804828971624373 63.408007368445396 2106.0126588027924 224.92396656237543 354.73436616361141 35.083614347502589 257.61308694630861 570.72616910934448 103.43686692416668 49.815946005284786 253.80790926888585 39.946883127093315 213.56264457665384
leaf_count=70 1340 77 328 14455 1320 1953 247 1420 3160 772 324 1788 206 1721
internal_value=0.000181844 -0.02375 0.000389763 0.000640518 -0.00161021 -0.0114409 0.00199921 0.0043847 0.0082481 -0.00531818 -0.00885002 0.00989359 0.000442119 0.00266701
internal_weight=4499.76 28.1047 4471.65 4408.24 2088.67 553.315 1535.35 1260.61 899.565 361.05 274.74 864.481 293.755 2319.58
internal_count=29181 147 29034 28706 12530 3293 9237 7593 5401 2192 1644 5154 1994 16176
cat_boundaries=0 1 3 4 5
cat_threshold=2132 1657326856 1 2917446 3522724
is_linear=0
shrinkage=0.05


Tree=160
num_leaves=15
num_cat=4
split_feature=7 28 29 22 24 7 10 29 11 24 29 26 15 4
split_gain=12.7849 15.6418 22.9461 21.8573 20.8702 23.0728 18.9891 18.0443 15.0761 14.8548 14.7081 13.9727 19.7898 13.9337
threshold=16.500000000000004 0 1 -1.1649999999999998 0.24530151053693652 35.500000000000007 10.500000000000002 2 6.049013831623598 0.038016003487593548 3 258.50000000000006 4.3208108574020807 -17.792218008099407
decision_type=2 9 9 8 8 2 2 9 2 10 9 2 10 8
left_child=-1 4 -3 -4 5 8 7 -6 10 -7 -2 -10 -13 -5
right_child=1 2 3 13 6 9 -8 -9 11 -11 -12 12 -14 -15
leaf_value=0.0022729565538656608 0.018522848738024077 -0.018552832561978271 0.057242366223370936 -0.044102269706947715 -0.0082048328759939376 0.024266247688871336 0.037591991994748483 0.016149469700013661 0.01360548734335173 -0.021188602674309817 -0.017703071800938896 0.0050202792289022304 -0.0656395041723256 -0.0027475673391963488
leaf_weight=2326.5080632697791 27.623700603842735 304.81870047189295 13.940143190324305 19.890398133546114 123.65052055940032 18.94317065551877 56.714868199080229 170.61207388341427 257.77567949518561 196.60995892621577 115.28790846280754 32.927003584802151 13.098578765988348 827.69317444041371
leaf_count=17378 145 1895 65 103 603 150 265 782 1176 1479 587 149 56 4381
internal_value=-0.0003044 -0.00305527 -0.00696681 -0.00268531 0.00150359 -0.00370549 0.011358 0.00619162 0.00278171 -0.0171003 -0.0105639 0.00907368 -0.0160572 -0.00376887
internal_weight=4506.09 2179.59 1166.34 861.524 1013.24 662.266 350.977 294.263 446.713 215.553 142.912 303.801 46.0256 847.584
internal_count=29214 11836 6444 4549 5392 3742 1650 1385 2113 1629 732 1381 205 4484
cat_boundaries=0 1 3 5 7
cat_threshold=1328134 2919690 15 3280257048 2 32832 32
is_linear=0
shrinkage=0.05


Tree=161
num_leaves=15
num_cat=3
split_feature=0 25 24 24 29 23 29 1 19 25 24 3 29 16
split_gain=7.6452 7.25042 7.13763 6.70637 32.1665 25.2553 18.2067 18.4767 18.0316 16.3013 13.9732 20.9676 15.0841 13.4026
threshold=99.910000000000011 22.582230882422227 0.30255108681504622 0.48854101236868791 0 21.487708333333334 1 0.23360215053763442 73.000000000000014 0.7893940650773742 0.39781389969450243 0.025263679977350992 2 -2.5500000000000012
decision_type=10 10 10 10 9 10 9 8 10 10 10 8 9 8
left_child=1 3 -2 5 8 6 7 -1 -5 -10 11 12 -8 -9
right_child=2 -3 -4 4 -6 -7 10 13 9 -11 -12 -13 -14 -15
leaf_value=-0.025707837639971438 0.021128412728410848 -0.045811221143299892 -0.022634970603381162 0.0052328837723102806 0.015904944591518914 -0.036496424295215484 0.03716411026885047 -0.015867659028627603 -0.013172707278997969 -0.059531654159647854 -0.0091118589669166323 -0.0024065895237335038 0.0061184137829140587 0.0076539185490832442
leaf_weight=45.92714144103229 10.118864279240368 7.6256764605641356 62.129265800118446 101.88047341257334 291.69236778467894 47.448293732479215 40.496241439133883 63.29315272346139 82.338852059096098 23.998329784721136 606.45384884811938 1838.1689515095204 226.36191863007843 1064.2437739446759
leaf_count=390 52 47 321 754 2349 457 227 485 540 139 4316 11142 1261 6752
internal_value=-0.000278967 -1.46415e-05 -0.0163008 7.44661e-05 0.0055233 -0.000619451 -0.000171993 0.00500371 -0.00934062 -0.0240922 -0.00242245 -0.000503334 0.0125667 0.00632067
internal_weight=4512.18 4439.93 72.2481 4432.3 499.91 3932.39 3884.95 1173.46 208.218 106.337 2711.48 2105.03 266.858 1127.54
internal_count=29232 28859 373 28812 3782 25030 24573 7627 1433 679 16946 12630 1488 7237
cat_boundaries=0 2 4 6
cat_threshold=2152769623 27 2203157087 24 1612726272 6
is_linear=0
shrinkage=0.05


Tree=162
num_leaves=15
num_cat=5
split_feature=26 29 30 29 25 29 15 24 8 29 14 10 29 26
split_gain=10.6512 34.0075 21.2582 16.1291 15.6511 17.03 16.3235 16.8121 16.7018 14.6028 18.2269 17.103 22.3844 16.9376
threshold=52.500000000000007 0 3.5000000000000004 1 5.9444212295320673 2 4.1792763744163377 0.14766341591834514 47.500000000000007 3 inf 10.500000000000002 4 85.500000000000014
decision_type=2 9 2 9 10 9 8 8 8 9 8 2 9 2
left_child=1 -1 9 -4 5 -3 8 -8 -7 10 -2 13 -13 -11
right_child=2 4 3 -5 -6 6 7 -9 -10 11 -12 12 -14 -15
leaf_value=-0.014261031504575023 -0.015790241090457589 0.015008670198322369 -0.0050254898913232211 0.024007760303532563 -0.023397380401890031 0.010419134815951081 0.023372034812339904 -0.0069794676765595632 -0.011188412587615437 0.017804453912476863 0.00070513054886507328 -0.0060853376886387759 0.02040650832159778 -0.0017568849031115892
leaf_weight=472.80016881786287 257.27486769109964 202.21462664753199 66.743356239050627 166.72994626313448 62.681543417274952 455.29877223446965 47.794674169272184 707.88327393867075 110.35994715616107 123.73393683135509 476.0764158219099 111.58949966169894 260.00200933218002 979.88667774945498
leaf_count=2791 1793 1225 523 1319 350 2728 299 4441 563 756 3173 725 1760 6806
internal_value=-1.60378e-05 -0.00266418 0.00221695 0.0165315 0.00088352 0.00190297 -0.000224342 -0.00503146 0.0061912 0.000696925 -0.00502696 0.00355381 0.0128404 0.000450394
internal_weight=4501.07 2059.03 2442.04 233.473 1586.23 1523.55 1321.34 755.678 565.659 2208.56 733.351 1475.21 371.592 1103.62
internal_count=29252 12397 16855 1842 9606 9256 8031 4740 3291 15013 4966 10047 2485 7562
cat_boundaries=0 2 3 5 7 9
cat_threshold=1649003272 17 2172658692 2148536406 6 2686852435 6 17891332 57
is_linear=0
shrinkage=0.05


Tree=163
num_leaves=15
num_cat=2
split_feature=7 25 25 25 29 8 31 19 0 24 24 8 29 1
split_gain=7.73045 19.9779 15.3064 25.3445 17.0088 16.1212 13.8486 13.6235 11.2861 15.5631 20.4939 19.7273 17.1686 23.907
threshold=40.500000000000007 0.75986397440494302 1.526805644587127 1.0483968822787537 0 3.5000000000000004 4.5000000000000009 89.500000000000014 71.00500000000001 0.40224496773123414 0.3160322337828797 6.5000000000000009 1 1.3168699186991872
decision_type=2 10 10 10 9 8 10 8 8 10 10 10 9 8
left_child=6 -2 3 -3 -4 -5 8 -6 9 10 12 -12 13 -1
right_child=1 2 4 5 7 -7 -8 -9 -10 -11 11 -13 -14 -15
leaf_value=-0.046080199975310071 -0.027287844858199829 -0.0061194186452609243 -0.026587411742037742 0.073885568394859491 -0.022058109816039128 0.0044458159370917693 0.023910026348993963 0.012566488237066051 -0.0017820948761202078 -0.0040809808149424162 0.029640040732369696 0.0025863236178762239 0.0052828795267778721 0.028119428112064762
leaf_weight=39.230865705758333 91.995285926386714 49.468718092888594 66.487673444673419 22.181928787380457 38.494455885142088 13.281910322606562 60.211357604712248 100.30386244505644 2830.3262103479356 400.85945789143443 168.25877899304032 112.29579713195562 480.35332380607724 14.100081294775007
leaf_count=237 738 377 511 149 236 80 384 521 18268 2930 1059 781 2850 67
internal_value=-0.000328423 -0.00712008 -0.00065542 0.0170769 -0.00803901 0.0487141 0.000305425 0.00268268 -5.17237e-05 0.00397698 0.00794415 0.0188591 0.0021817 -0.022217
internal_weight=4487.85 382.214 290.219 84.9326 205.286 35.4638 4105.64 138.798 4045.42 1215.1 814.239 280.555 533.684 53.3309
internal_count=29188 2612 1874 606 1268 229 26576 757 26192 7924 4994 1840 3154 304
cat_boundaries=0 2 4
cat_threshold=3250865234 8 1216768 16
is_linear=0
shrinkage=0.05


Tree=164
num_leaves=15
num_cat=2
split_feature=11 29 21 6 15 16 7 1 6 26 20 15 29 11
split_gain=8.59997 12.2653 16.776 14.8054 14.0075 13.995 13.6778 12.7118 12.7847 11.9304 15.4001 13.9348 13.3272 19.2027
threshold=6.550287163397539 0 0.93846460806794274 -52.499999999999993 1.6585132721309066 -0.999999999999999 10.500000000000002 1.6861605107159146 -12.499999999999998 1040.0000000000002 -14.002499999999996 9.3897010848857665 1 6.3582060855848068
decision_type=2 9 10 8 8 8 2 10 8 2 10 10 9 2
left_child=1 2 3 -1 7 -6 -7 8 -5 10 12 -11 13 -3
right_child=-2 9 -4 4 5 6 -8 -9 -10 11 -12 -13 -14 -15
leaf_value=0.018178389742713075 0.002673779473107723 0.014512264012454751 -0.034071891240653816 0.021552193682942977 -0.036410042109304763 0.01061784710598563 -0.0086363108006709769 -0.040713879226445877 -0.019185299854901999 0.016097564864618549 -0.013510997485051166 -0.029343057137307667 -0.0015622008640342709 -0.036841996355455563
leaf_weight=60.312274005264044 2017.8178221192211 257.26958476752043 53.689426824450493 23.623667307198048 27.500017944723368 165.4379516094923 205.89512011222541 50.196983132511377 88.81333607621491 182.0303560514003 211.55141827464104 17.668070610612631 1088.3111101444811 18.635739650577307
leaf_count=385 12677 1796 349 155 214 1288 1213 316 589 1397 1505 140 6966 123
internal_value=0.00025707 -0.00173285 -0.00740446 -0.00516966 -0.00770554 -0.00264432 -5.26352e-05 -0.0200254 -0.0105116 0.000466897 -0.000992201 0.0119511 0.000957586 0.0105424
internal_weight=4468.75 2450.94 675.469 621.779 561.467 398.833 371.333 162.634 112.437 1775.47 1575.77 199.698 1364.22 275.905
internal_count=29113 16436 4509 4160 3775 2715 2501 1060 744 11927 10390 1537 8885 1919
cat_boundaries=0 2 4
cat_threshold=1079072022 28 2701304392 32
is_linear=0
shrinkage=0.05


Tree=165
num_leaves=15
num_cat=2
split_feature=18 4 5 26 4 15 8 26 29 16 26 26 4 29
split_gain=8.57316 9.72278 10.2656 8.55132 17.2392 9.0853 8.63316 8.61348 17.7729 20.9305 9.83876 27.5664 19.9338 18.0427
threshold=9.8462500000000013 15.505325234561779 0.50180802707930372 3085.5000000000005 110.51605117170428 2.4402628507799733 40.500000000000007 2207.5000000000005 0 3.2475000000000001 1040.0000000000002 997.50000000000011 -15.8111094963615 1
decision_type=10 10 10 2 8 10 10 2 9 8 2 2 10 9
left_child=3 2 -2 7 5 6 -5 10 -9 -10 11 -1 -13 -12
right_child=1 -3 -4 4 -6 -7 -8 8 9 -11 13 12 -14 -15
leaf_value=5.3325303160664997e-05 -0.034482658200549854 0.027990641983712518 -0.0051024210614780017 0.014680998805888752 -0.06407123764709953 0.038022826123886647 -0.028053670861992442 0.0099029221297494766 -0.059624059614846507 -0.00063974068059292921 0.019527129451613345 -0.082879551757058675 -0.0035484237689072788 -0.0033762778873554933
leaf_weight=3767.9251800496131 47.668954588472843 12.712149504572151 77.50394263677299 78.523759964853525 5.9520827345550051 35.573361421003938 12.933772427961229 46.001041285693645 33.279270377010107 26.836192410439253 166.95128878578544 16.321167781949047 14.758873172104357 166.17252435535192
leaf_count=23534 327 102 547 655 41 456 135 331 236 185 1278 105 88 1263
internal_value=2.56731e-05 -0.0122042 -0.0164758 0.000414153 0.0128508 0.0169273 0.00839948 2.09903e-05 -0.0139773 -0.0289906 0.000383773 -0.000339608 -0.0464928 0.00860967
internal_weight=4509.11 137.885 125.173 4371.23 132.983 127.031 91.4575 4238.25 106.117 60.1155 4132.13 3799.01 31.08 333.124
internal_count=29283 976 874 28307 1287 1246 790 27020 752 421 26268 23727 193 2541
cat_boundaries=0 2 4
cat_threshold=34374672 2 1113489664 57
is_linear=0
shrinkage=0.05


Tree=166
num_leaves=15
num_cat=3
split_feature=7 15 6 25 29 29 10 15 16 6 3 15 29 25
split_gain=7.94966 12.708 16.2652 16.5833 15.6825 14.8984 13.0357 11.2675 12.6004 11.0855 10.7223 10.0041 25.0576 14.9115
threshold=8.5000000000000018 5.1138012055746644 74.500000000000014 0.42748998152473566 0 1 31.500000000000004 2.6745084220232216 -0.1999999999999966 79.500000000000014 1.1480731099602721 19.725932074921257 2 0.082355226756295016
decision_type=2 8 8 8 9 9 2 10 10 10 10 8 9 10
left_child=11 5 4 -4 -3 7 9 8 -2 10 -7 13 -13 -1
right_child=1 2 3 -5 -6 6 -8 -9 -10 -11 -12 12 -14 -15
leaf_value=0.017205500130982845 -0.0051003426047319424 0.00047146335559201491 -0.024236390141420466 0.028969599307820712 -0.010337192639999798 0.0062790872130641722 -0.026941224584903979 0.0066836766231576934 -0.026891947310543313 -0.045176317640674923 -0.042638361331344576 -0.014367506189037052 0.019664754853672167 -0.0012410356291421231
leaf_weight=123.58415909670293 273.48797649145126 563.87864082679152 18.177388675510883 62.784733396023512 833.70394557900727 1171.0844149719924 31.095069669187069 130.62446457892656 86.872060285881162 9.7665221653878671 10.324649550020693 64.974184829741716 208.01136748306453 907.33718698471785
leaf_count=1088 1564 3351 139 344 4914 6422 173 714 513 91 69 417 1642 7754
internal_value=-4.5349e-05 -0.00138919 -0.00478377 0.016874 -0.00604958 0.00154142 0.00448051 -0.0057438 -0.0104135 0.00536025 0.00581589 0.00324276 0.0117351 0.000984817
internal_weight=4495.71 3191.8 1478.54 80.9621 1397.58 1713.26 1222.27 490.985 360.36 1191.18 1181.41 1303.91 272.986 1030.92
internal_count=29195 18294 8748 483 8265 9546 6755 2791 2077 6582 6491 10901 2059 8842
cat_boundaries=0 2 4 6
cat_threshold=2732115221 37 1661864208 34 2166882569 16
is_linear=0
shrinkage=0.05


Tree=167
num_leaves=15
num_cat=3
split_feature=7 3 26 28 24 3 0 13 4 15 29 29 26 24
split_gain=7.17783 13.8334 12.7636 12.1988 15.6631 12.5896 11.3503 10.1226 9.89983 9.67739 15.0602 14.734 16.4044 15.637
threshold=10.500000000000002 0.0010407763532763535 3488.5000000000005 0 0.27411107752167757 0.34668293456639165 99.470000000000013 16.012500000000003 1.0000000180025095e-35 4.9978059062287654 1 2 8.5000000000000018 0.044759444272782424
decision_type=2 8 2 9 8 8 10 10 10 8 9 9 2 8
left_child=1 -1 6 4 -2 -6 -3 -4 -8 10 -5 12 -11 -13
right_child=3 2 7 9 5 -7 8 -9 -10 11 -12 13 -14 -15
leaf_value=-0.02745859741261163 0.0035179836259384301 0.0035658982732360081 0.033065777768311558 -0.003832288745792395 -0.017781923063602469 -0.067873808838465874 -0.020748991422216222 -0.049067245352592923 0.030282982408793742 -0.020666515356951673 0.0059652228669193966 0.033971508407324061 0.0099635217280922422 -0.0080087551067223386
leaf_weight=36.563908495008945 38.353878796100616 1253.2003967985511 49.2537358161062 714.10307493805885 32.320527408272028 20.625603128224611 79.190418444573879 3.1806116718798867 9.8885182812809926 50.960392462089658 845.68561042100191 21.694127686321735 275.50021143816411 1041.901406256482
leaf_count=226 217 10568 783 3942 188 105 407 34 53 300 4616 152 1660 5927
internal_value=-0.000430845 0.00248786 0.00329205 -0.00180487 -0.0187866 -0.0381921 0.00233624 0.0272586 -0.0148107 -0.00120533 0.00149381 -0.00424161 0.00498155 -0.00705511
internal_weight=4472.42 1431.28 1394.71 3041.14 91.3 52.9461 1342.28 52.4343 89.0789 2949.84 1559.79 1390.06 326.461 1063.6
internal_count=29178 12071 11845 17107 510 293 11028 817 460 16597 8558 8039 1960 6079
cat_boundaries=0 1 3 5
cat_threshold=2688544 1670291736 38 1648412952 36
is_linear=0
shrinkage=0.05


Tree=168
num_leaves=15
num_cat=3
split_feature=2 29 11 9 7 19 8 28 1 29 7 14 3 8
split_gain=10.4561 19.2035 9.95767 9.54245 14.4615 11.7526 8.92201 8.4372 10.8804 9.97702 9.43621 10.8166 8.59113 10.5402
threshold=60.482017252749536 0 6.0042080005136214 3.5000000000000004 37.500000000000007 84.725000000000009 -10.499999999999998 1 1.8897569444444446 2 -4.4999999999999991 3.4874999999999994 0.58342261908190196 22.500000000000004
decision_type=2 9 2 2 2 10 8 9 10 9 2 10 8 10
left_child=6 2 -2 -4 5 -5 -1 9 12 -3 -11 -12 13 -9
right_child=1 7 3 4 -6 -7 -8 8 -10 10 11 -13 -14 -15
leaf_value=0.024995531080607179 -0.025231621253614125 0.011747540344022998 5.2930284669052311e-05 0.06742133761968612 -0.012787819627067702 0.01787403105702844 0.00080743461836085611 -0.019048861756087273 0.013169307357682767 -0.042482899809546643 -0.0069242858480794214 -0.057473701737619946 -0.017729706903204766 -0.08193832065643708
leaf_weight=37.493929743766785 19.558721173554659 42.015042303130031 78.412708073854446 20.485654965043068 17.630813844501972 29.35636929795146 3986.8080789800733 11.062605552375318 9.6013831757009012 24.265859559178352 183.79728915169835 10.268402364104984 20.9071383215487 19.204888176172972
leaf_count=216 108 224 428 105 81 168 26643 64 61 106 927 60 113 112
internal_value=0.00020137 -0.00671398 0.00701869 0.0119626 0.0256004 0.0391641 0.00103895 -0.0135851 -0.0297332 -0.00876295 -0.0130841 -0.00987988 -0.0435794 -0.0602969
internal_weight=4510.87 486.567 165.444 145.886 67.4728 49.842 4024.3 321.123 60.776 260.347 218.332 194.066 51.1746 30.2675
internal_count=29416 2557 890 782 354 273 26859 1667 350 1317 1093 987 289 176
cat_boundaries=0 2 3 4
cat_threshold=26545222 13 124032 524296
is_linear=0
shrinkage=0.05


Tree=169
num_leaves=15
num_cat=1
split_feature=24 28 3 7 2 24 6 2 11 25 24 11 7 11
split_gain=7.67847 8.20955 23.6032 20.3434 17.8488 13.8201 13.4395 13.6484 13.7267 13.2249 20.4725 17.4244 15.79 15.0906
threshold=1.0000000180025095e-35 0 0.085291861957774315 15.500000000000002 0.47693873275268533 0.072814442763883422 83.500000000000014 61.165730853968199 5.7962248960769838 3.6331282205526532 0.1171041609859754 8.8018572166346036 16.500000000000004 7.8066145571806018
decision_type=8 9 10 2 2 8 8 2 2 8 8 2 2 2
left_child=-1 2 6 5 -5 -4 7 8 -2 12 -11 -12 -3 -14
right_child=1 9 3 4 -6 -7 -8 -9 -10 10 11 -13 13 -15
leaf_value=-0.033473506155589312 0.0015133833415974455 0.00074325141385314967 -0.049667500529662956 -0.0031308354929522348 -0.029012504433592847 0.010073297225520991 -0.036660259092592094 -0.041260812083012459 0.023795789311194044 0.046498506653435821 0.0062227899943735837 -0.030473484467760371 -0.0099837284092666057 0.0049041683590067258
leaf_weight=15.764060586690901 94.785309750586748 1684.353938581422 8.9923816919326764 364.03729740157723 80.621924046427011 330.75241282209754 11.52962996996939 9.1445599868893606 255.6459093503654 28.749747581779957 502.71286552399397 33.58108963444829 855.41453416459262 211.77300421521068
leaf_count=106 579 12836 59 2137 375 2876 94 42 1496 139 2494 169 4869 1018
internal_value=0.00030242 0.000428937 0.00403662 -0.000847187 -0.00787806 0.00835095 0.0144425 0.0161782 0.0177903 -0.00083847 0.00611969 0.00387254 -0.00227212 -0.00702754
internal_weight=4487.86 4472.09 1155.51 784.404 444.659 339.745 371.105 359.576 350.431 3316.59 565.044 536.294 2751.54 1067.19
internal_count=29289 29183 7658 5447 2512 2935 2211 2117 2075 21525 2802 2663 18723 5887
cat_boundaries=0 1
cat_threshold=1315079
is_linear=0
shrinkage=0.05


Tree=170
num_leaves=15
num_cat=3
split_feature=7 10 3 28 2 3 24 2 19 25 24 28 18 33
split_gain=7.34269 15.1611 16.8827 11.7469 13.5563 12.7029 12.8806 11.4223 11.1706 14.0742 10.4906 18.3875 15.7343 12.7765
threshold=20.500000000000004 10.500000000000002 0.0023026066948995103 0 -0.12012311790650097 0.19590521831735894 0.54800891079357905 -30.486011654786051 98.750000000000014 1.0623592060272669 0.47733767923913178 1 -3.1974999999999993 2
decision_type=2 2 8 9 2 8 10 2 10 10 10 9 10 1
left_child=3 7 -3 4 -1 -6 -7 -2 -5 -10 11 12 -9 -12
right_child=1 2 -4 8 5 6 -8 10 9 -11 13 -13 -14 -15
leaf_value=-0.042599320945860053 0.04375335343131817 0.045171406844820162 0.0031253869449993504 -0.00016990534259037846 0.031219150665226722 0.0095218077509084051 -0.053593774838029219 0.0037971121685169921 0.035153231190489263 -0.0066400981824073892 -0.008360877127563995 -0.014632978857914923 -0.0155197067118873 0.02578825122542875
leaf_weight=10.247372005134819 10.605888895690439 24.746893730014563 331.38300607539713 2598.3619435224682 73.000615768134594 191.61729136668146 7.4506700411438933 403.89886252582073 49.151853214949369 33.20670884847641 54.366555055603385 484.03555503115058 141.53329552710056 53.455402310937643
leaf_count=82 51 151 1927 17898 411 1333 63 1954 437 277 438 3190 669 312
internal_value=8.74082e-06 -0.00283545 0.0061654 0.00145291 0.0109516 0.0135182 0.00690346 -0.00563087 0.000406513 0.0184248 -0.00612944 -0.00768435 -0.00121242 0.0086508
internal_weight=4467.06 1504.03 356.13 2963.04 282.316 272.069 199.068 1147.9 2680.72 82.3586 1137.29 1029.47 545.432 107.822
internal_count=29193 8692 2078 20501 1889 1807 1396 6614 18612 714 6563 5813 2623 750
cat_boundaries=0 1 2 3
cat_threshold=262151 1332224 4
is_linear=0
shrinkage=0.05


Tree=171
num_leaves=15
num_cat=4
split_feature=11 19 21 29 15 24 26 5 28 24 29 16 29 0
split_gain=8.41713 7.56335 7.27058 9.44227 9.68583 8.03081 7.80315 6.53995 15.58 26.4858 15.783 13.0663 22.0868 11.8239
threshold=10.309801356618395 94.675000000000011 1.0079446919862824 0 4.4588997458581128 0.19796830747513983 45.500000000000007 0.32806356425171873 1 0.43963368881801018 2 1.0000000180025095e-35 3 37.005000000000003
decision_type=2 8 10 9 10 10 2 8 9 10 9 8 9 10
left_child=2 -2 7 5 -5 -4 -6 8 9 -1 11 12 -10 -12
right_child=1 -3 3 4 6 -7 -8 -9 10 -11 13 -13 -14 -15
leaf_value=0.023355241158296212 -0.039401534802573641 0.012737352570023031 0.055738966866964272 -0.0240451351221494 -0.032745669221382764 0.0017187590560554741 0.021394573379543355 -0.00013949789823986723 0.013523315527414989 -0.027609970825618915 -0.016877977732864969 0.013497438000440518 -0.029810056733519941 0.01094505201567314
leaf_weight=189.84618335962296 23.381465665996075 9.1665406674146634 7.3523423448204985 102.55771139450371 8.0949453115463239 39.42280681245029 24.050415400415659 3476.9779287148267 53.404782589524984 28.562813546508551 164.81807007826865 238.2880371324718 45.184525068849325 48.848482990637422
leaf_count=1218 124 55 52 710 48 269 207 22761 328 168 1001 1507 288 383
internal_value=0.00017498 -0.0247756 0.000363957 -0.00940884 -0.0154557 0.00926052 0.0071842 0.00078378 0.00495333 0.0158713 0.00030772 0.00697337 -0.00807213 -0.0100285
internal_weight=4459.96 32.548 4427.41 181.478 134.703 46.7751 32.1454 4245.93 768.953 218.409 550.544 336.877 98.5893 213.667
internal_count=29119 179 28940 1286 965 321 255 27654 4893 1386 3507 2123 616 1384
cat_boundaries=0 2 3 5 6
cat_threshold=1076375837 1 2110852 2708245575 25 2152498177
is_linear=0
shrinkage=0.05


Tree=172
num_leaves=15
num_cat=2
split_feature=2 11 11 4 29 24 28 6 3 24 13 4 13 3
split_gain=7.77163 6.8848 13.1897 12.7512 22.8282 12.9209 12.6379 13.0337 30.0801 12.6311 15.8981 15.0968 13.6982 12.6252
threshold=538.53272974156255 6.5334980742172721 6.5159193578802137 -28.368541009576472 0 0.24356556503993954 1 46.500000000000007 0.041910738776009114 0.13881617219313555 -1.0000000180025095e-35 6.2026115225249505 40.242500000000007 0.027485449775223086
decision_type=2 2 2 8 9 10 9 10 8 8 8 10 10 8
left_child=1 2 3 4 -1 -6 13 9 -9 11 -11 -8 -12 -3
right_child=-2 6 -4 -5 5 -7 7 8 -10 10 12 -13 -14 -15
leaf_value=0.0083317460106568219 -0.033940001804978519 0.02742754567912602 -0.046947251493526153 -0.00044562607347480406 0.0026462306624400194 -0.041900169182546049 0.007397484976681622 0.020933194146989222 -0.03175269994733889 -0.029506958498525655 0.0037695781348070579 0.041363841329329278 -0.055586890999618048 -0.034740616431046541
leaf_weight=64.750291207805276 15.849244870245455 9.2285514846444112 15.00986624509096 2254.1350106466562 20.740285348147154 72.773913022130728 111.30696535855532 41.046573653817177 75.661533946171403 36.490109693259001 1649.1297757718712 45.684816394001245 8.781011547893284 43.212585281580687
leaf_count=461 80 58 106 15156 159 472 621 292 578 196 10424 230 53 262
internal_value=-4.66195e-05 8.17534e-05 -0.00171266 -0.00141188 -0.0150848 -0.0290258 0.00223728 0.0029196 -0.0132025 0.00395825 0.00269575 0.017481 0.00342188 -0.0197889
internal_weight=4463.8 4447.95 2427.41 2412.4 158.264 93.5142 2020.54 1968.1 116.708 1851.39 1694.4 156.992 1657.91 52.4411
internal_count=29148 29068 16354 16248 1092 631 12714 12394 870 11524 10673 851 10477 320
cat_boundaries=0 1 2
cat_threshold=2189953051 2686976
is_linear=0
shrinkage=0.05


Tree=173
num_leaves=15
num_cat=2
split_feature=7 28 6 24 21 30 25 21 28 25 3 3 24 25
split_gain=8.30864 11.8935 17.795 12.8649 29.4755 20.7426 34.2474 15.4075 15.259 15.2513 15.2041 12.371 11.1598 14.8053
threshold=16.500000000000004 0 -57.499999999999993 0.48854101236868791 0.93323608850020701 1.5000000000000002 0.7893940650773742 1.1920682533584048 1 -0.4723429492361963 0.13705596986329818 0.21208680961083629 0.44086436678149415 0.10313837405104768
decision_type=2 9 10 8 8 2 10 10 9 8 10 10 10 8
left_child=1 2 -1 4 -3 6 10 -6 -7 -10 -5 -11 13 -4
right_child=-2 3 12 5 7 8 -8 -9 9 11 -12 -13 -14 -15
leaf_value=-0.021868712687750244 -0.0023237194057368531 -0.042762007434445193 0.046718751492438898 -0.048977623287859158 -0.00020558485030276928 0.03707010714532559 -0.074627159246775959 -0.067418201983637377 0.048401900720444507 -0.082284643649100653 0.009683508139994329 -0.0040449893750324371 -0.0023257117522571436 0.012570366808288415
leaf_weight=42.141323767602444 2163.6446854155511 41.65088970772922 34.531722914427519 10.852602977305649 1463.3844269681722 73.381150892004371 13.328673359006642 7.5765039026737204 7.9633091501891613 6.3214467577636304 163.39176102913916 16.664821293205023 107.64869173616171 317.02646447718143
leaf_count=295 11830 315 267 61 10688 726 89 40 136 45 1229 134 769 2576
internal_value=-9.87639e-05 0.00198907 0.00870809 6.99118e-05 -0.00178586 0.00966198 -0.00030721 -0.000597344 0.027418 -0.00572248 0.00577124 -0.0280951 0.0117448 0.0160476
internal_weight=4469.51 2305.86 501.348 1804.52 1512.61 291.904 187.573 1470.96 104.331 30.9496 174.244 22.9863 459.207 351.558
internal_count=29200 17370 3907 13463 11043 2420 1379 10728 1041 315 1290 179 3612 2843
cat_boundaries=0 1 2
cat_threshold=2364311 32768
is_linear=0
shrinkage=0.05


Tree=174
num_leaves=15
num_cat=4
split_feature=10 11 2 28 24 29 8 8 26 6 28 29 30 15
split_gain=8.128 7.34786 13.8711 12.1855 26.0622 13.3714 14.5372 13.3567 11.6868 11.6574 12.3677 16.1184 21.2114 12.5809
threshold=79.500000000000014 6.550287163397539 314.86318140813614 0 0.33735820306128589 1 60.500000000000007 51.500000000000007 8.5000000000000018 43.500000000000007 2 3 1.5000000000000002 -23.737314680229058
decision_type=2 2 2 9 8 9 10 10 2 10 9 9 2 10
left_child=1 2 3 4 8 6 7 -5 -1 10 11 12 -3 -13
right_child=-2 9 -4 5 -6 -7 -8 -9 -10 -11 -12 13 -14 -15
leaf_value=0.0068073955659384887 0.038422535130427315 0.033123340724808652 -0.048205896933134401 -0.008372172633309671 -0.0012136849343837497 0.00011136860659218446 0.017203896931944677 -0.041252960206389813 0.052342154492582997 -0.012451527999393544 0.0043068840017942154 0.005662585914106677 -0.029271450436968022 -0.032254249166244989
leaf_weight=21.844007235020399 12.667560130357741 39.550601940602064 15.157319486141203 726.46631372347474 157.91685246676207 1413.2718653939664 52.506762575358152 31.351523939520121 40.489067688584328 128.84314164891839 1718.4224347621202 29.553951762616634 19.597593151032925 80.379047997295856
leaf_count=127 73 192 68 5082 1053 9507 343 185 221 964 10815 160 109 426
internal_value=-7.69167e-05 -0.000194449 -0.00202867 -0.00172267 0.00922924 -0.00283985 -0.00791958 -0.00978505 0.0367444 0.00204235 0.00303778 -0.00950436 0.0105527 -0.0202741
internal_weight=4488.02 4475.35 2459 2443.85 220.25 2223.6 810.325 757.818 62.3331 2016.35 1887.5 169.081 59.1482 109.933
internal_count=29325 29252 16586 16518 1401 15117 5610 5267 348 12666 11702 887 301 586
cat_boundaries=0 1 3 4 6
cat_threshold=3671202 3222961426 29 3736610 787458 8
is_linear=0
shrinkage=0.05


Tree=175
num_leaves=15
num_cat=3
split_feature=25 8 20 11 11 16 29 16 0 0 29 10 10 29
split_gain=7.21264 6.72377 9.55116 8.31405 8.25397 6.54576 11.8432 7.64542 7.36417 9.51696 6.84929 6.47649 6.70776 16.9681
threshold=22.582230882422227 -2.4999999999999996 4.9975000000000032 6.0243793006019182 6.4721916359489144 4.2525000000000022 0 1.6025000000000029 81.010000000000005 52.805000000000007 1 79.500000000000014 31.500000000000004 2
decision_type=10 8 10 2 2 10 9 10 10 8 9 2 2 9
left_child=1 2 3 -1 -5 7 8 11 9 -7 -9 12 -3 -14
right_child=-2 5 -4 4 -6 6 -8 10 -10 -11 -12 -13 13 -15
leaf_value=0.03032787777017304 -0.045349084670844392 -0.00013195132162498714 0.055194301176510835 -0.036010235128855976 0.0087153073404648077 -0.0042556876983719785 -0.02493108925982785 0.029076508076067376 -0.021951331954840697 0.038704710670919927 0.00071917843598233141 0.03436182539748462 -0.028772870157365557 0.0094076836040666353
leaf_weight=23.575125653296709 7.8288659751415244 4035.2254487909377 11.084210913628338 14.163341376930473 31.419429063796997 29.689569065347314 61.928354064002633 31.249955490231514 18.306260861456394 21.549917062744498 55.148372562602162 12.400098524987696 55.162842240184546 47.77049476839602
leaf_count=128 51 26321 78 85 177 198 458 249 125 175 420 70 332 298
internal_value=-0.000201516 -0.000111891 0.0141405 0.00686767 -0.00565639 -0.000376863 -0.0113214 -3.46583e-05 0.00395284 0.0142073 0.0146004 -0.000342747 -0.000455017 -0.0129968
internal_weight=4456.5 4448.67 80.2421 69.1579 45.5828 4368.43 131.474 4236.96 69.5457 51.2395 86.3983 4150.56 4138.16 102.933
internal_count=29165 29114 468 390 262 28646 956 27690 498 373 669 27021 26951 630
cat_boundaries=0 2 4 6
cat_threshold=2164086786 33 6031370 34 1082441794 41
is_linear=0
shrinkage=0.05


Tree=176
num_leaves=15
num_cat=3
split_feature=19 29 3 26 11 21 29 24 29 25 26 24 20 11
split_gain=7.33849 14.5755 13.5372 50.2997 12.9464 11.2464 15.0906 15.6322 12.611 11.7589 34.3486 15.6378 11.6215 10.6861
threshold=87.715000000000018 0 1.4657099535114113 1021.5000000000001 6.7845583376734124 0.94306139934805888 1 0.49751468603673649 2 7.3504330724860845 90.500000000000014 0.16441682134353267 6.9050000000000038 5.1462726634051128
decision_type=10 9 10 2 2 8 9 8 9 10 2 10 10 2
left_child=2 13 5 -4 -5 6 7 -1 12 -10 11 -11 -7 -2
right_child=1 -3 3 4 -6 8 -8 -9 9 10 -12 -13 -14 -15
leaf_value=-8.2911201918943838e-05 0.02731875077217797 0.0024850477343854567 0.023699226960344523 -0.13663343976246953 -0.039500666117419127 0.012219953642832928 -0.024552357591547339 0.085982420889029687 0.0013480025116836903 -0.00142896400668406 0.030281817900969399 -0.056881739645818323 -0.0072035500344908299 -0.012289551175158979
leaf_weight=24.263638429343704 16.864849403500557 452.68485140800476 19.579564481973648 7.7793107219040376 7.4998991563916206 472.95090113766491 74.482107004150748 5.7413333840668193 2806.9941524863243 18.869882956147194 25.05742946639657 38.304950702935457 91.26075717061758 398.78716762922704
leaf_count=224 120 2833 184 54 52 3044 658 53 18235 87 115 213 676 2637
internal_value=0.000357559 -0.0037648 0.00135466 -0.029214 -0.0943104 0.00166228 -0.0144212 0.0140847 0.00215293 0.000796532 -0.0177222 -0.0389194 0.00891333 -0.0103718
internal_weight=4461.12 868.337 3592.78 34.8588 15.2792 3557.93 104.487 30.005 3453.44 2889.23 82.2323 57.1748 564.212 415.652
internal_count=29185 5590 23595 290 106 23305 935 277 22370 18650 415 300 3720 2757
cat_boundaries=0 2 4 6
cat_threshold=2189795660 29 539492360 3 2148638789 24
is_linear=0
shrinkage=0.05


Tree=177
num_leaves=15
num_cat=3
split_feature=28 7 8 3 1 29 30 26 4 13 16 28 26 3
split_gain=9.48444 24.3896 12.9344 10.1633 15.6979 8.73908 11.1453 17.2074 11.507 11.2775 15.3482 12.5312 13.843 17.432
threshold=0 2.5000000000000004 1.5000000000000002 0.30423771104614139 0.25207120849024311 1 3.5000000000000004 59.500000000000007 -1.0153692995010251 -0.47749999999999998 -0.38250000000000023 2 206.50000000000003 1.3005917781050516
decision_type=9 2 10 10 10 9 2 2 10 10 10 9 2 10
left_child=1 -1 3 4 -3 6 9 8 -8 11 -11 -2 -13 -14
right_child=5 2 -4 -5 -6 -7 7 -9 -10 10 -12 12 13 -15
leaf_value=-0.036474378643405858 0.0065806857540667884 -0.02686309125178428 0.023554946826260734 -0.032762835561329882 0.023282148073331805 0.00087652867750596334 0.0064175815546251265 0.026731517618611467 -0.03472239638315254 0.0083208903150589052 -0.01042251276352253 -0.020293881814303433 -0.00028004898759800264 -0.063753363070251423
leaf_weight=25.167883697897196 90.765226054936647 21.513739570975304 146.2035910692066 18.289269408211112 50.146999269723892 2985.5508695151657 48.310440229251981 68.574420504271984 25.022529689595103 248.15348908677697 193.46620083600283 305.50903876498342 202.37699700705707 10.428293913602827
leaf_count=134 574 107 993 121 273 19655 275 560 164 1788 1265 1693 1385 73
internal_value=1.72236e-05 0.00905903 0.014427 -0.000505198 0.0080652 -0.000570637 -0.00416835 0.0089059 -0.00789839 -0.00598058 0.000104723 -0.0103857 -0.0132356 -0.00367413
internal_weight=4439.48 261.321 236.154 89.95 71.6607 4178.16 1192.61 141.907 73.333 1050.7 441.62 609.08 518.314 212.805
internal_count=29060 1628 1494 501 380 27432 7777 999 439 6778 3053 3725 3151 1458
cat_boundaries=0 1 3 4
cat_threshold=263443 1080565570 18 1048740
is_linear=0
shrinkage=0.05


Tree=178
num_leaves=15
num_cat=1
split_feature=31 31 15 7 11 28 8 19 10 26 23 6 6 25
split_gain=12.5661 10.6013 21.7163 10.0049 8.09743 13.8585 18.3599 17.2296 14.362 14.3141 14.2961 12.8578 12.659 14.6816
threshold=4.5000000000000009 3.5000000000000004 5.3389551594686031 36.500000000000007 7.4772987200079264 0 1.0000000180025095e-35 70.477500000000006 13.500000000000002 53.500000000000007 5.3891666666666671 49.500000000000007 -1.0000000180025095e-35 0.82287698458437875
decision_type=10 10 8 2 2 9 10 8 2 2 10 10 10 10
left_child=1 4 -3 -2 -1 7 -7 11 10 -10 12 -6 -9 -14
right_child=3 2 -4 -5 5 6 -8 8 9 -11 -12 -13 13 -15
leaf_value=-0.00050290559591225964 0.029909439585812915 0.0047414639842649712 -0.066534021778501193 -0.019650015542953425 0.032675270361184221 0.011969255874340673 -0.0075972539237738092 0.015300826541773869 0.0046555314043771013 0.053061944003726783 -0.040298823987118315 -0.016256060538134599 -0.029451649957687637 0.0058417062538073557
leaf_weight=3388.4935335908085 58.601890640333295 26.31002239510417 16.857522949576378 11.5552462041378 111.13727253675461 181.59387916140258 348.14133438840508 112.7193456813693 33.974132999777794 27.063047826290131 19.454863945022225 14.639663591980932 47.011729378253222 75.612998319789767
leaf_count=22912 387 156 93 62 724 967 1838 802 176 167 158 165 265 411
internal_value=0.000741301 0.000404349 -0.0239688 0.0215853 0.000651113 0.00467322 -0.000863644 0.0110713 0.00505347 0.0266276 -0.000198519 0.0268967 0.00327288 -0.00781781
internal_weight=4473.17 4403.01 43.1675 70.1571 4359.84 971.348 529.735 441.613 315.836 61.0372 254.799 125.777 235.344 122.625
internal_count=29283 28834 249 449 28585 5673 2805 2868 1979 343 1636 889 1478 676
cat_boundaries=0 1
cat_threshold=304133
is_linear=0
shrinkage=0.05


Tree=179
num_leaves=15
num_cat=3
split_feature=2 29 15 2 2 26 10 14 3 5 29 28 3 0
split_gain=7.63344 8.65879 9.35085 8.35899 18.6776 15.2425 13.3676 8.34613 8.55014 7.7601 15.1971 12.1472 17.0003 11.5243
threshold=-8.92879973205679 0 7.021289263325845 -2.4930444108995302 -0.0017448529702202007 27.500000000000004 4.5000000000000009 -0.21874999999999997 0.61967821237143283 0.15549920634920636 1 2 0.23788439712911014 26.255000000000006
decision_type=2 9 8 2 2 2 2 8 8 8 9 9 8 10
left_child=1 -1 -3 5 -5 6 -2 8 -6 10 13 -12 -13 -9
right_child=3 2 -4 4 7 -7 -8 9 -10 -11 11 12 -14 -15
leaf_value=-0.007524301744865125 -0.00049613397237657526 0.039966176014371968 0.0045799364573450565 0.031610575907640409 -0.035103308067414282 0.0055390544653354384 -0.074146490173630591 0.013155618429248667 0.0048087426830412741 -0.00056381406696783757 0.018771772858307043 -0.021683355598146877 0.014930552408502508 0.065872288290211717
leaf_weight=35.181528622284532 9.8178949579596537 40.484123593196273 34.472715457901359 45.906142247840762 32.827231489121914 28.994011759757996 15.601413954049347 210.91254287213087 21.88202340900898 3795.6516664866358 35.964287854731083 106.66924384050071 44.112797059118748 9.999621916562317
leaf_count=277 65 295 254 287 181 208 92 1254 132 25008 204 693 258 57
internal_value=0.000313332 0.0132532 0.0211784 -1.66338e-05 0.000231747 -0.0193124 -0.0467955 -0.000113894 -0.0193399 0.000140888 0.00668759 -0.00394176 -0.0102673 0.0151454
internal_weight=4468.48 110.138 74.9568 4358.34 4303.93 54.4133 25.4193 4258.02 54.7093 4203.31 407.658 186.746 150.782 220.912
internal_count=29265 826 549 28439 28074 365 157 27787 313 27474 2466 1155 951 1311
cat_boundaries=0 2 4 5
cat_threshold=1082408970 8 3766545492 10 2364432
is_linear=0
shrinkage=0.05


Tree=180
num_leaves=15
num_cat=2
split_feature=8 7 3 19 20 29 7 13 26 14 23 11 29 7
split_gain=7.80677 8.85007 9.40823 8.80775 7.66475 20.1603 11.7265 11.0328 12.4596 9.93383 10.8029 9.39238 20.5592 12.8825
threshold=-2.4999999999999996 13.500000000000002 0.16595760234963111 45.750000000000007 -18.497499999999995 0 31.500000000000004 1.0000000180025095e-35 388.50000000000006 1.4262499999999998 21.487708333333334 7.509061218325435 1 8.5000000000000018
decision_type=8 2 10 8 8 9 2 8 2 8 10 2 9 2
left_child=1 -1 -3 -4 5 7 9 8 -2 -7 -11 13 -13 -6
right_child=4 2 3 -5 11 6 -8 -9 -10 10 -12 12 -14 -15
leaf_value=0.048328806697750804 -0.0097262529492379065 0.020079600462218392 0.01335782090391064 -0.049077866263383639 0.0016883576619646555 0.0015203424868007881 -0.0055427793099323379 -3.1476240617031184e-05 -0.053626925684048671 0.023087785879216643 -0.025030780920128892 0.015898134939284922 -0.0019379857041646076 -0.0052573405270726981
leaf_weight=15.056190310046075 57.403152126818895 42.238167561590672 10.013239264488222 11.021766029298304 1020.1731913611293 94.302391545847058 84.049599289894104 179.06365343183279 21.838248373940587 228.03395761735737 11.494631998240946 218.37807062827051 543.91531216353178 1928.4512539803982
leaf_count=173 353 192 49 55 8354 544 421 1198 141 1579 94 1274 3323 11569
internal_value=-0.000402325 0.0151431 0.00661731 -0.0200994 -0.000683268 0.00420883 0.010839 -0.00667814 -0.0223424 0.0152914 0.0206842 -0.00157558 0.00336865 -0.00285449
internal_weight=4465.43 78.3294 63.2732 21.035 4387.1 676.186 417.881 258.305 79.2414 333.831 239.529 3710.92 762.293 2948.62
internal_count=29319 469 296 104 28850 4330 2638 1692 494 2217 1673 24520 4597 19923
cat_boundaries=0 2 4
cat_threshold=1112617497 31 1095777564 1
is_linear=0
shrinkage=0.05


Tree=181
num_leaves=15
num_cat=0
split_feature=26 26 0 18 4 10 26 26 3 24 19 26 21 3
split_gain=6.88037 16.951 13.7616 10.6677 8.60204 14.8599 8.77138 12.2377 38.6935 15.727 15.4279 14.6643 12.4731 12.0159
threshold=3488.5000000000005 4200.5000000000009 5.0150000000000015 5.3575000000000008 -28.368541009576472 13.500000000000002 2092.0000000000005 1040.0000000000002 1.4657099535114113 0.41626646961691366 30.500000000000004 1021.5000000000001 0.69345350103991299 0.092151515151515165
decision_type=2 2 10 10 8 2 2 2 10 10 10 2 8 10
left_child=4 -2 -3 -4 5 -1 7 11 9 -9 -10 12 -6 -8
right_child=1 2 3 -5 6 -7 13 8 10 -11 -12 -13 -14 -15
leaf_value=-0.016063301646049907 0.032946014066972798 -0.058805166405815616 0.013066815519409462 -0.046532158321103974 -0.035245071088517092 0.016956889321537574 0.02564445160331439 0.033492310020509654 -0.11649186064130911 0.0071365677407304639 -0.011780825377707705 -0.062237531215487342 0.00043656300525315821 -0.018769602681902801
leaf_weight=176.89683111011982 52.683778231963515 9.0112602151930314 51.103552013635635 7.7800671979784957 23.656536813825369 41.27701180242002 16.817492559552193 80.017001591622829 6.8181870728731138 190.44477732107043 6.8503577597439289 8.4283280372619611 3670.7215032111853 107.7121066711843
leaf_count=1210 677 58 438 67 283 283 108 603 44 1542 58 51 22986 792
internal_value=0.000213767 0.0119447 -0.00459311 0.00454669 -0.000115618 -0.00976724 0.000398793 0.000808335 0.0107897 0.0150287 -0.0683939 3.97214e-05 0.000198604 -0.0126151
internal_weight=4450.22 120.579 67.8949 58.8836 4329.64 218.174 4111.47 3986.94 284.13 270.462 13.6685 3702.81 3694.38 124.53
internal_count=29200 1240 563 505 27960 1493 26467 25567 2247 2145 102 23320 23269 900
is_linear=0
shrinkage=0.05


Tree=182
num_leaves=15
num_cat=1
split_feature=29 26 26 24 19 26 9 12 26 8 24 26 4 5
split_gain=7.58204 12.072 11.5982 11.4833 10.8653 14.8263 11.1605 10.8968 15.3916 9.18305 10.4943 13.3142 8.77613 16.379
threshold=0 4487.5000000000009 3085.5000000000005 0.52277684186160223 90.120000000000019 194.50000000000003 2.5000000000000004 1.0000000180025095e-35 556.50000000000011 -2.4999999999999996 0.22025487557874202 19.500000000000004 -1.0000000180025095e-35 0.19336111111111115
decision_type=9 2 2 10 10 2 2 2 2 8 10 2 8 8
left_child=1 2 3 4 12 6 -6 8 -7 10 -2 -12 13 -1
right_child=9 -3 -4 -5 5 7 -8 -9 -10 -11 11 -13 -14 -15
leaf_value=0.044289777138139634 0.043620602121535394 -0.048670750306029215 0.033331287914224052 0.018616962729672091 0.042133140655696899 -0.067127541389597853 -0.0049402654053064925 0.018747927641025158 0.011700775493876311 0.00034785653881248065 -0.013801989336688816 0.041209552062660471 -0.02070516983954028 -0.010146340728482367
leaf_weight=14.837505888193844 25.120190965011716 15.125793311744927 18.300380432978272 40.817458869889379 30.807512171566486 14.72842610627413 20.525044269859791 13.004775311797856 9.7852180227637273 3949.6215630006045 32.856941152364016 15.303508182987569 175.05661376751959 107.5953895188868
leaf_count=91 143 102 182 291 174 87 118 85 54 25861 187 109 1107 749
internal_value=-2.75998e-05 -0.00602642 -0.00460762 -0.00630706 -0.00898159 0.00630774 0.0235764 -0.0173178 -0.036436 0.000673838 0.0180928 0.00416121 -0.0135539 -0.00324392
internal_weight=4483.49 460.584 445.458 427.158 386.34 88.851 51.3326 37.5184 24.5136 4022.9 73.2806 48.1604 297.49 122.433
internal_count=29340 3040 2938 2756 2465 518 292 226 141 26300 439 296 1947 840
cat_boundaries=0 2
cat_threshold=1627656192 2
is_linear=0
shrinkage=0.05


Tree=183
num_leaves=15
num_cat=2
split_feature=13 29 14 11 14 13 29 7 0 7 11 0 11 16
split_gain=6.86337 13.6253 10.2333 9.9678 8.71498 8.0099 13.9148 13.177 7.99708 11.971 8.14424 8.01505 7.50509 8.22349
threshold=8.1750000000000007 0 4.5075000000000003 5.6266133334444399 22.488750000000003 4.450000000000002 1 36.500000000000007 89.00500000000001 17.500000000000004 5.8709621908621772 53.985000000000007 6.3677496845824644 5.2124999999999977
decision_type=10 9 8 2 8 10 9 2 10 2 2 10 2 8
left_child=5 4 -3 -4 -2 -1 -7 -8 9 10 -5 -11 -12 -14
right_child=1 2 3 8 -6 6 7 -9 -10 11 12 -13 13 -15
leaf_value=-0.00059129183844574586 -0.0018717336137550646 0.032304760503818863 -0.039888796664427344 0.038153396169992242 0.03946501736523015 -0.0089709484613278226 0.020703153680299392 -0.039662429315770853 -0.035278908513597683 -0.044664244538162923 -0.025681981846032112 0.0059821070312327234 -0.016535580692889913 0.020766111359335523
leaf_weight=3949.932378815487 29.359804626554251 10.262202516198156 37.272936578840017 13.095468271523712 21.423576641827822 72.961172079667449 155.81313507072628 8.6851660385727865 27.903544347733259 26.046011650934815 24.432147728279233 10.680360089987515 22.97759597748518 37.709444008767605
leaf_count=25353 238 59 281 117 155 581 1193 74 185 153 211 53 181 333
internal_value=-0.000545558 -0.00839369 -0.0136807 -0.0168681 0.0134036 -5.41917e-05 0.00884502 0.0163101 -0.0113876 -0.00622412 0.00294315 -0.0301677 -0.00285403 0.00660367
internal_weight=4448.55 261.163 210.38 200.118 50.7834 4187.39 237.459 164.498 162.845 134.941 98.2147 36.7264 85.1192 60.687
internal_count=29167 1966 1573 1514 393 27201 1848 1267 1233 1048 842 206 725 514
cat_boundaries=0 2 4
cat_threshold=2154086404 48 537949204 12
is_linear=0
shrinkage=0.05


Tree=184
num_leaves=15
num_cat=2
split_feature=7 4 14 2 6 2 7 29 1 0 26 24 5 29
split_gain=7.44119 13.4205 12.5834 11.4759 14.0931 14.2781 13.9915 11.5445 12.1903 12.0016 11.462 15.8196 10.8171 9.82018
threshold=20.500000000000004 -15.8111094963615 5.0008333333333335 135.9683557894322 -60.499999999999993 71.463764222362883 49.500000000000007 0 0.85749299719887961 35.005000000000003 166.50000000000003 0.29357600224104635 0.28787611940298513 1
decision_type=2 8 10 2 8 2 2 9 8 8 2 10 8 9
left_child=13 -2 3 4 12 7 10 8 -6 -10 11 -5 -3 -1
right_child=1 2 -4 6 5 -7 -8 -9 9 -11 -12 -13 -14 -15
leaf_value=0.0054498972228289927 -0.025568258981446986 0.046847293820196569 -0.035552450950191286 0.052187007145963651 0.0012496598872489832 -0.027927091346919144 -0.02027922122607545 -0.0041126098789117617 -0.0086766137615393747 0.05355449287273633 -0.0097963400172583464 -0.0014343333354755318 -0.0024059218595004813 -0.00077055920786009999
leaf_weight=909.73886415921152 62.951023850589991 23.826192423701286 26.669915392994881 40.784781567752361 72.026760207489133 57.181489057838917 21.735786601901054 1103.9345510583371 10.422591112554072 26.59334334731102 18.525621816515923 20.426840916275978 20.063077189028263 2037.3367221597582
leaf_count=6656 471 109 153 181 484 268 114 6506 50 130 85 97 95 13843
internal_value=-0.000294081 -0.0031532 -0.00215776 -0.00150391 -0.00275874 -0.00372907 0.014614 -0.00256627 0.0122448 0.0362647 0.0242591 0.0345577 0.0247802 0.00116672
internal_weight=4452.22 1505.14 1442.19 1415.52 1314.05 1270.16 101.473 1212.98 109.043 37.0159 79.7372 61.2116 43.8893 2947.08
internal_count=29242 8743 8272 8119 7642 7438 477 7170 664 180 363 278 204 20499
cat_boundaries=0 2 4
cat_threshold=536883212 2 2191608332 44
is_linear=0
shrinkage=0.05


Tree=185
num_leaves=15
num_cat=1
split_feature=21 26 7 16 30 8 28 0 6 19 24 16 7 0
split_gain=6.15129 14.1612 9.6819 6.90066 13.202 9.47401 9.40522 13.1854 9.56371 13.1443 22.6121 11.6366 10.3492 12.9112
threshold=1.0901961417943182 14.500000000000002 18.500000000000004 -0.017499999999994739 3.5000000000000004 114.50000000000001 0 4.0050000000000008 7.5000000000000009 90.855000000000018 0.45602995993635304 0.3475000000000002 2.5000000000000004 96.010000000000005
decision_type=10 2 2 10 2 10 9 10 10 10 10 10 2 10
left_child=3 -2 -3 -1 5 6 7 -5 9 10 -9 -10 -12 -14
right_child=1 2 -4 4 -6 -7 -8 8 11 -11 12 -13 13 -15
leaf_value=0.00061753075800152367 -0.051844078094545824 0.018450103105011776 -0.030119174634817919 -0.038104948483979349 0.012980859614986335 0.027492917781203226 0.0011900368726674574 0.013513220292452119 -0.073745777788175315 -0.028571560517682851 0.005160207378479941 -0.014343280557322025 -0.018394278046762101 -0.073466674158205125
leaf_weight=3782.0066348277032 18.10285928286612 26.211650047451258 15.471706531941889 48.135776545852423 85.783447297289968 17.143650751560926 156.7824137378484 117.85984575748444 11.228854067623613 53.407964408397675 29.497404363006353 27.37916049733758 51.260141592472792 12.839918226003645
leaf_count=24604 124 211 95 262 727 95 1088 832 64 332 189 173 377 67
internal_value=-0.000398174 -0.0161949 0.000139247 -0.000179569 -0.00510389 -0.00807493 -0.00932594 -0.0136517 -0.0101089 -0.00665385 -0.00100965 -0.0330458 -0.0192467 -0.0303849
internal_weight=4453.11 59.7862 41.6834 4393.33 611.319 525.535 508.391 351.609 303.473 264.865 211.457 38.608 93.5975 64.1001
internal_count=29240 430 306 28810 4206 3479 3384 2296 2034 1797 1465 237 633 444
cat_boundaries=0 1
cat_threshold=3194880
is_linear=0
shrinkage=0.05


Tree=186
num_leaves=15
num_cat=3
split_feature=31 3 24 29 21 28 26 14 29 30 32 23 11 25
split_gain=9.73672 7.477 6.46658 31.6283 22.8857 16.8006 14.4995 18.2284 12.7532 17.2251 24.9824 14.758 14.6894 13.4387
threshold=4.5000000000000009 0.25717004592680354 0.48854101236868791 0 0.78171437060513038 1 4.5000000000000009 16.881250000000005 2 3.5000000000000004 0.90000000000000013 0.50541666666666685 6.6383845159328256 0.12412725641553242
decision_type=10 8 8 9 8 9 2 8 9 2 2 10 2 10
left_child=2 -2 4 6 -1 -5 -4 -8 9 10 -6 12 13 -12
right_child=1 -3 3 5 8 -7 7 -9 -10 -11 11 -13 -14 -15
leaf_value=-0.051563748976163559 -0.0083269456971834539 0.028810800009593681 -0.076851669321258975 0.020122168771047 -0.030838389480252127 -0.0045113750007665611 -0.024063397899417218 0.0062454893783853143 0.0011878441520418515 0.013947453455964943 -0.031545595980416119 -0.044933390214325498 0.0047287779572601557 -0.0054367153171980837
leaf_weight=20.91499905474484 17.926938764750957 50.113118786364794 7.0163087733089915 266.98574408330023 106.27825037017465 93.212999034672976 93.375566026195884 103.89798707515001 2994.8120649438351 95.269472124055028 61.992127500474453 20.923479309305549 294.52340415306389 229.35225536674261
leaf_count=270 96 340 39 2120 642 689 582 758 19208 691 362 192 1818 1456
internal_value=0.000415996 0.019047 0.000122868 0.00511347 -0.000614963 0.0138027 -0.0103671 -0.00814964 -0.000321295 -0.00584946 -0.00859217 -0.00465146 -0.00313873 -0.0110811
internal_weight=4456.59 68.0401 4388.55 564.489 3824.07 360.199 204.29 197.274 3803.15 808.339 713.07 606.791 585.868 291.344
internal_count=29263 436 28827 4188 24639 2809 1379 1340 24369 5161 4470 3828 3636 1818
cat_boundaries=0 2 3 4
cat_threshold=2169555031 30 303376 1627919680
is_linear=0
shrinkage=0.05


Tree=187
num_leaves=15
num_cat=1
split_feature=16 29 26 15 32 11 8 4 18 24 30 22 23 24
split_gain=6.58886 12.8279 7.06065 12.4068 9.18871 8.42545 8.88307 6.71432 8.43731 9.44582 6.71066 6.14592 8.79562 16.8669
threshold=4.2525000000000022 0 3488.5000000000005 2.4760509126422572 0.90000000000000013 6.5902461007830313 9.5000000000000018 -9.5727762751756824 15.878750000000002 0.40224496773123414 3.5000000000000004 68.960000000000022 21.487708333333334 0.43963368881801018
decision_type=10 9 2 10 2 2 10 10 8 10 2 10 10 8
left_child=2 7 11 4 -4 6 -6 8 9 -2 -3 12 -1 -14
right_child=1 10 3 -5 5 -7 -8 -9 -10 -11 -12 -13 13 -15
leaf_value=0.00056653644821284214 -0.023274247731155429 -0.0022598163685992119 -0.031588666270967299 0.041809384369415142 0.01351242051185733 0.021122654346969652 -0.0578254233678272 -0.014899960780646102 -0.0029093462831243462 -0.099632801730352896 0.035895543721889134 0.033715529672803522 -0.054630294971209893 -0.0027176871364487159
leaf_weight=4097.4844671078026 8.0057897884398717 60.475653292611241 14.449551258236168 27.186277773231268 8.861171428114174 50.379681585356593 7.0618353802710763 35.104252349585295 7.1629072874784496 9.2240404449403268 13.207594934850929 12.756562020629643 19.98093562759459 62.001702444627881
leaf_count=26143 69 425 121 393 72 475 70 244 51 68 112 117 246 611
internal_value=0.000336513 -0.0105745 0.000676817 0.0132438 0.00323311 0.0111785 -0.0196733 -0.0253905 -0.0493055 -0.067376 0.00438181 0.000350169 0.000240291 -0.0158758
internal_weight=4433.34 133.18 4300.16 107.939 80.7522 66.3027 15.923 59.497 24.3927 17.2298 73.6832 4192.22 4179.47 81.9826
internal_count=29217 969 28248 1131 738 617 142 432 188 137 537 27117 27000 857
cat_boundaries=0 2
cat_threshold=562168920 30
is_linear=0
shrinkage=0.05


Tree=188
num_leaves=15
num_cat=4
split_feature=18 29 24 30 7 29 26 5 11 28 2 3 29 1
split_gain=9.06708 14.536 14.86 14.4757 9.62533 9.3321 8.32683 8.04252 7.34103 6.94035 18.539 20.1325 17.0226 16.9055
threshold=5.835 0 0.37263447569863473 1.5000000000000002 14.500000000000002 1 90.500000000000014 0.40321290322580655 5.603335052637024 2 51.79643726430097 0.079493431092245367 3 0.45732959850606913
decision_type=10 9 10 2 2 9 2 10 2 9 2 10 9 10
left_child=9 4 5 -4 -2 -3 -7 -8 -9 10 11 -1 13 -13
right_child=1 2 3 -5 -6 6 7 8 -10 -11 -12 12 -14 -15
leaf_value=0.015064872925173785 0.041413943079480854 -0.018858010033443937 -0.034957051762830482 0.015462322963748807 -0.014056985381700447 -0.017618096720176672 -0.010696783302570805 -0.0082368465006404309 0.041879415210030191 -0.00066682427740373887 -0.017188038385558501 -0.024602210881144143 -0.0044197489635741478 0.017743610644936715
leaf_weight=376.36413942649961 22.840958433225751 37.352384809404612 91.806803416460752 16.222504936158657 11.027293505147098 19.803359519690275 15.561061212792991 9.027510963380335 31.753963842988014 2998.300444835797 95.010944209992886 25.970013123005629 489.8855615798384 191.61490710452199
leaf_count=2277 198 245 705 171 83 137 114 67 224 19392 571 192 3414 1350
internal_value=5.46643e-05 -0.00907209 -0.0135224 -0.0273133 0.0182374 -0.00145307 0.00855412 0.0193917 0.0308539 0.000614723 0.0038451 0.00573849 0.000762733 0.0120487
internal_weight=4432.54 255.396 221.528 108.029 33.8683 113.498 76.1459 56.3425 40.7815 4177.15 1178.85 1083.83 707.47 217.585
internal_count=29140 1944 1663 876 281 787 542 405 291 27196 7804 7233 4956 1542
cat_boundaries=0 2 4 5 7
cat_threshold=6586372 16 25240642 4 3412358 2182229514 60
is_linear=0
shrinkage=0.05


Tree=189
num_leaves=15
num_cat=2
split_feature=10 15 22 28 3 24 11 28 8 24 1 3 7 4
split_gain=7.16711 6.2449 10.468 9.76195 10.9453 10.93 9.39648 9.14323 16.2619 13.3083 12.4301 12.2874 11.1369 10.5766
threshold=79.500000000000014 1.0000000180025095e-35 20.10916666666667 0 0.18923846789413723 0.43614361923001432 5.1538116887694247 1 16.500000000000004 0.32211796635752754 0.97905701754385976 0.37389905437154908 -21.499999999999996 12.04994853789359
decision_type=2 8 10 9 10 10 2 9 10 10 10 10 2 10
left_child=1 2 3 4 -1 -5 -6 8 10 -10 11 -3 -9 -14
right_child=-2 7 -4 5 6 -7 -8 12 9 -11 -12 -13 13 -15
leaf_value=0.012382068886286034 0.03521273640875397 0.018364369611431449 0.021118682560716383 -0.020550638928059334 0.034635614047035239 -0.0015850452061650186 -0.010293313216827443 -0.023068235538643185 0.018126229352159861 -0.018824179844325772 0.04707304301048084 -0.022976176840081994 -0.0011370551891968618 0.00909625942486025
leaf_weight=110.10150771215558 12.890755716711281 115.29817969724536 34.567999854683876 192.0648229662329 11.482685953378676 125.54645954072475 176.89136555418372 53.670885868370533 36.066883951425552 70.372278764843941 30.488464187830687 20.37763393856585 3171.8721117563546 273.32791285030544
leaf_count=640 75 624 351 1162 66 850 972 276 185 412 207 135 21356 1878
internal_value=-0.000646827 -0.000759297 -0.00527905 -0.00679202 -7.45763e-05 -0.0126842 -0.00738615 2.16433e-05 0.0086571 -0.00625137 0.0187051 0.0120326 -0.000676245 -0.000322782
internal_weight=4435.02 4422.13 650.655 616.087 298.476 317.611 188.374 3771.47 272.603 106.439 166.164 135.676 3498.87 3445.2
internal_count=29189 29114 4041 3690 1678 2012 1038 25073 1563 597 966 759 23510 23234
cat_boundaries=0 1 2
cat_threshold=545927 3408416
is_linear=0
shrinkage=0.05


Tree=190
num_leaves=15
num_cat=1
split_feature=24 23 24 6 28 0 25 25 24 10 14 3 7 8
split_gain=5.32352 20.6249 16.6059 14.0136 12.742 13.2865 14.1061 23.1241 15.223 17.7431 15.5505 11.9713 14.8991 13.4877
threshold=0.39781389969450243 21.487708333333334 0.4045584177754849 5.5000000000000009 0 4.0050000000000008 0.93104044995538782 0.56111870291159693 0.52277684186160223 7.5000000000000009 8.9750000000000014 0.044576498408228422 10.500000000000002 9.5000000000000018
decision_type=10 10 10 8 9 8 10 10 10 2 8 8 2 10
left_child=1 11 3 -2 5 -4 7 -7 9 -9 -11 13 -13 -1
right_child=2 -3 4 -5 -6 6 -8 8 -10 10 -12 12 -14 -15
leaf_value=0.013601261001486243 -0.00020836079569729792 -0.050803062173099267 -0.022755744385532007 -0.029918100177032565 -0.0071707310205434225 0.0073525068445081457 0.017135453339579127 0.00084133359444818435 -0.061070113332519972 -0.097342268809692711 -0.021269893317141495 0.0071529888197881019 -0.0015621279895513297 -0.0079943827068545466
leaf_weight=379.2540112901479 70.407374929636717 17.48690127581358 45.170252880081534 90.020039033144712 409.57739594206214 481.15436623245478 181.12541196867824 131.29661908373237 14.216811802238224 7.1904798150062561 43.258242234587669 670.97576308436692 1814.0210245046765 88.571133676916361
leaf_count=2223 498 219 358 589 2761 3717 1660 861 97 53 269 5610 9825 477
internal_value=0.000628321 0.001847 -0.00182805 -0.0169613 3.25148e-05 0.00334485 0.00478237 0.00145758 -0.0129803 -0.00890497 -0.0337938 0.0021759 0.000792978 0.00950433
internal_weight=4443.73 2970.31 1473.42 160.427 1312.99 903.412 858.242 677.117 195.962 181.745 50.4487 2952.82 2485 467.825
internal_count=29217 18354 10863 1087 9776 7015 6657 4997 1280 1183 322 18135 15435 2700
cat_boundaries=0 1
cat_threshold=295169
is_linear=0
shrinkage=0.05


Tree=191
num_leaves=15
num_cat=3
split_feature=24 24 15 11 11 7 28 3 29 13 2 4 11 28
split_gain=7.69542 8.05829 9.39012 8.55326 15.4511 6.99521 22.3457 18.0276 17.3619 17.4356 15.3521 17.2984 19.5105 15.1933
threshold=1.0000000180025095e-35 0.044759444272782424 6.6045655457003969 5.765598542789717 6.2081070112693633 5.5000000000000009 0 0.68766387328114753 1 40.242500000000007 71.463764222362883 1.2922979273307436 5.8125471822964441 2
decision_type=8 8 8 2 2 2 9 8 9 10 2 8 2 9
left_child=-1 2 3 -2 -5 6 7 -3 -8 10 11 12 -10 -7
right_child=1 5 -4 4 -6 13 8 -9 9 -11 -12 -13 -14 -15
leaf_value=-0.03336118129391899 -0.042112412365287302 0.010516732180618885 0.046097289814228275 0.067514290789541395 -0.018387520121730325 -0.026907463608964607 -0.0014946432205830763 -0.031461197769241153 -0.0120322851575927 -0.065085823672119958 -0.010273086779202249 0.026887720040708246 0.021744518185734685 -0.0011160589239939931
leaf_weight=16.638693064451218 7.2550313584506538 37.201518774032593 19.17015029117465 8.0156396292150038 11.725060630589722 47.171299111098051 406.70838187262416 78.070012772455812 81.012866925448179 6.0745097398757926 55.512461204081774 220.35993772745132 88.431981382891536 3336.1809499710798
leaf_count=111 54 333 133 61 73 313 2858 529 590 38 309 2066 825 20789
internal_value=-0.000401306 -0.000269203 0.020287 0.00096668 0.018066 -0.000491631 0.00324158 -0.016519 0.00603427 0.0126921 0.0141809 0.0176807 0.00561972 -0.00156629
internal_weight=4419.53 4402.89 46.1659 26.9957 19.7407 4356.72 973.372 115.272 858.1 451.392 445.317 389.805 169.445 3383.35
internal_count=29082 28971 321 188 134 28650 7548 862 6686 3828 3790 3481 1415 21102
cat_boundaries=0 1 3 4
cat_threshold=336210 2179801345 53 2621440
is_linear=0
shrinkage=0.05


Tree=192
num_leaves=15
num_cat=3
split_feature=7 31 29 28 20 8 7 26 2 15 14 5 29 24
split_gain=9.53979 13.6454 10.5272 16.5271 19.045 13.8341 12.5014 11.2718 10.7663 9.87265 9.44369 11.7425 8.54297 14.2981
threshold=21.500000000000004 4.5000000000000009 0 1 52.82500000000001 66.500000000000014 43.500000000000007 166.50000000000003 -8.92879973205679 -0.015577817493702946 0.052499999999999221 0.39182409381663114 2 0.29487123520286912
decision_type=2 10 9 9 8 10 2 2 2 8 10 10 9 10
left_child=1 12 3 4 5 -2 7 -6 -4 -10 -5 -12 -1 -14
right_child=2 -3 8 10 6 -7 -8 -9 9 -11 11 -13 13 -15
leaf_value=0.0054783556238071386 -0.0056400943788827455 0.032667962715827593 0.028507057127474634 -0.027397242613448572 0.035802093563114527 -0.052077934745800115 -0.021405668198333713 -0.01731494534186926 -0.022598819637322368 -0.00058030623105239688 0.046365161198092364 -0.022432713124065903 0.0055441381380546551 -0.0032261795847672147
leaf_weight=817.44475480727851 88.799404345452785 33.771456658840179 29.315937682986259 148.66738558188081 56.709633238613605 18.660777427256107 15.932139866054056 11.445873543620108 52.698721490800381 981.34808344207704 9.6275292411446589 13.943255566060541 674.00745046511292 1490.69386289455
leaf_count=5975 450 279 140 1226 268 92 105 52 271 5560 57 114 4015 10636
internal_value=-6.75539e-05 0.00152616 -0.00343417 -0.0106331 -0.000208284 -0.01411 0.01749 0.0267604 -0.000855737 -0.0017232 -0.0215181 0.00641125 0.00116266 -0.000491859
internal_weight=4443.07 3015.92 1427.15 363.786 191.548 107.46 84.0876 68.1555 1063.36 1034.05 172.238 23.5708 2982.15 2164.7
internal_count=29240 20905 8335 2364 967 542 425 320 5971 5831 1397 171 20626 14651
cat_boundaries=0 2 3 5
cat_threshold=46487552 8 1070080 2207334924 8
is_linear=0
shrinkage=0.05


Tree=193
num_leaves=15
num_cat=2
split_feature=11 24 28 0 24 23 28 24 24 7 18 25 24 1
split_gain=7.00846 10.6224 7.28398 14.1199 7.27037 25.6161 18.8711 15.568 19.6663 16.2951 13.3319 14.0047 12.6101 14.1562
threshold=10.309801356618395 0.20647260407321508 0 1.0000000180025095e-35 0.47726253932674206 21.487708333333334 1 0.47006587756596635 0.46722124663669889 11.500000000000002 13.991250000000003 0.7893940650773742 0.4538206498430053 1.0238808098089536
decision_type=2 10 9 8 8 10 9 10 10 2 8 10 10 10
left_child=2 -2 3 -1 5 7 10 8 12 -9 11 -6 -4 -14
right_child=1 -3 4 -5 6 -7 -8 9 -10 -11 -12 -13 13 -15
leaf_value=-0.026089980787834723 0.024164580956006567 -0.03838128576555374 0.0002510840883714188 0.010984870409787587 0.0037272591247573279 -0.050825326054632164 -0.01971612949263709 -0.036739197372993505 0.037066930009566006 0.0065826684766283582 0.016548231215197887 -0.041009235494040244 -0.050749698088315476 -0.00075301056940575966
leaf_weight=27.052732277661562 8.4804316386580449 24.473025314509869 3314.6303729023784 309.26659623160958 206.7701799813658 24.275134468451142 56.103803630918264 56.981712177395821 34.872893482446671 34.267953090369701 261.54592644050717 18.102503925561905 24.922803245484829 31.264124132692814
leaf_count=137 39 146 21088 1876 1576 320 313 437 512 187 2107 110 156 207
internal_value=0.000581887 -0.0220477 0.000756339 0.00770571 0.000160095 -0.000670127 0.00554288 -0.000307528 0.000241387 -0.0205751 0.00871641 -3.9694e-05 -0.000150473 -0.0234296
internal_weight=4433.01 32.9535 4400.06 336.319 4063.74 3521.21 542.522 3496.94 3405.69 91.2497 486.419 224.873 3370.82 56.1869
internal_count=29211 185 29026 2013 27013 22907 4106 22587 21963 624 3793 1686 21451 363
cat_boundaries=0 1 2
cat_threshold=1310995 569344
is_linear=0
shrinkage=0.05


Tree=194
num_leaves=15
num_cat=6
split_feature=7 3 29 19 28 28 25 1 29 26 7 29 29 5
split_gain=10.3456 10.8492 12.8478 13.1872 12.0558 11.713 21.6564 17.6084 15.76 17.1734 16.3842 14.0409 12.3965 16.6845
threshold=12.500000000000002 0.041910738776009114 0 55.027500000000011 1 2 1.7284077677537135 0.6224318658280924 3 35.500000000000007 20.500000000000004 4 5 0.26361666666666672
decision_type=2 8 9 10 9 9 8 8 9 2 2 9 9 8
left_child=-1 -2 3 4 -3 -4 7 12 -9 -10 -11 -8 13 -7
right_child=1 2 5 -5 -6 6 11 8 9 10 -12 -13 -14 -15
leaf_value=0.0028904233078563429 0.0044218145443999882 6.1102198694978343e-05 0.00013865503157354812 -0.0012465932010136474 -0.035031275726844065 -0.030054416452572452 0.014643358895020404 -0.028398740417341278 -0.02104190554298771 0.029104322225127533 -0.015196721270885448 -0.029209284404254344 -0.002061450770951892 0.036878447892867171
leaf_weight=1691.9324723295867 518.67887385189533 42.951101090759039 1433.5232096668333 94.235549949109554 83.323451520875096 10.210700884461401 18.096627116203308 77.496266629546881 63.317941196262836 55.696646705269814 32.238901183009148 130.45489044301212 115.89582596160471 59.959068452939391
leaf_count=14298 3168 269 7185 458 517 63 93 388 317 265 184 756 795 394
internal_value=-0.000181963 -0.00208222 -0.00360491 -0.0147713 -0.0259359 -0.00227973 -0.00831825 -0.00257808 -0.0118458 -0.00128427 0.0128744 -0.0247789 0.00881806 0.023545
internal_weight=4428.01 2736.08 2217.4 220.51 126.275 1996.89 563.367 414.815 228.75 151.253 87.9355 148.552 186.066 70.1698
internal_count=29150 14852 11684 1244 786 10440 3255 2406 1154 766 449 849 1252 457
cat_boundaries=0 2 3 4 6 8 10
cat_threshold=1612974082 2 1314821 320802 8946944 1 8388608 1 623952 1
is_linear=0
shrinkage=0.05


Tree=195
num_leaves=15
num_cat=3
split_feature=24 0 6 8 29 29 11 11 9 20 0 24 15 29
split_gain=8.48707 5.6197 16.3463 18.1172 15.4801 15.2444 15.5673 11.2875 8.37082 11.023 8.03247 7.71537 7.97953 7.21323
threshold=1.0000000180025095e-35 81.960000000000022 -15.499999999999998 11.500000000000002 0 1 7.4772987200079264 5.9305989745031118 1.0000000180025095e-35 13.5175 85.430000000000021 0.24356556503993954 1.6898740226156079 2
decision_type=8 10 8 10 9 9 2 2 2 10 10 10 10 9
left_child=-1 13 4 5 8 -4 7 -7 9 -3 -10 12 -6 -2
right_child=1 2 3 -5 11 6 -8 -9 10 -11 -12 -13 -14 -15
leaf_value=-0.035865294302847732 -0.0016451092522857349 0.042743185323033908 0.019509137231641785 -0.038229041664840091 0.039297318824713934 -0.00087300706213190051 0.038069139151836094 -0.046808404386361746 -0.027371540441483218 -0.016187351703790421 0.0084983540896054408 -0.017063336020084766 -0.018239082166097279 0.0027195836465400405
leaf_weight=15.275817405432461 1581.3497815895826 33.479245034977794 34.518155029043555 63.677413115277886 12.709493666887285 21.402584880590439 9.0830035731196386 34.820824932307005 16.317676799371839 9.7223559841513616 159.05341608449817 116.99983668886125 9.9433705992996675 2329.2838349435478
leaf_count=105 10612 252 271 462 75 131 74 222 135 50 1158 837 70 14839
internal_value=0.000174516 0.000306786 -0.00456244 -0.0176105 0.00142541 -0.00420931 -0.0171994 -0.029643 0.00952363 0.0294149 0.00502451 -0.0111138 0.0143386 0.000957403
internal_weight=4447.64 4432.36 521.727 163.502 358.225 99.8246 65.3064 56.2234 218.573 43.2016 175.371 139.653 22.6529 3910.63
internal_count=29293 29188 3737 1160 2577 698 427 353 1595 302 1293 982 145 25451
cat_boundaries=0 2 4 6
cat_threshold=1628282200 40 33833478 43 1647201874 19
is_linear=0
shrinkage=0.05


Tree=196
num_leaves=15
num_cat=3
split_feature=0 14 8 4 23 29 5 28 25 24 6 6 20 29
split_gain=5.93791 9.99662 10.5354 7.65101 6.51265 15.1634 11.7067 8.07482 15.8996 12.7797 12.7194 8.02423 12.7294 7.78689
threshold=99.995000000000019 1.6275000000000002 33.500000000000007 -13.269974617334709 1.0000000000000002 0 0.47401268237934907 1 5.2697427702667303 0.54601197572628213 36.500000000000007 -16.499999999999996 -25.399999999999991 2
decision_type=10 10 10 8 8 9 8 9 8 10 8 8 8 9
left_child=4 2 3 -2 5 6 -1 8 9 10 -6 -7 -13 -9
right_child=1 -3 -4 -5 7 11 -8 13 -10 -11 -12 12 -14 -15
leaf_value=0.02381094871541696 -0.009074520820017893 -0.04581584073300999 -0.035988135959838956 0.037174515725019612 0.024380117740319389 -0.062159942493369237 -0.0097520703826227285 -0.005456161246641081 -0.035221136733499386 -0.016822816391104674 -0.035925484510722659 0.028790995924231701 -0.030821800269680288 0.0011163175169276232
leaf_weight=43.02825765684247 18.478498287498951 17.554552800953388 15.246972192078827 15.783739469945429 143.83804216235876 13.471220076084135 62.467641275376081 506.44111259561032 16.089613419026136 25.654744056984782 8.4397151470184308 10.230423636734484 45.928520794957876 3482.7748799975961
leaf_count=259 95 94 86 83 919 76 383 3239 102 166 48 65 289 23308
internal_value=0.000144092 -0.0145102 -0.00272285 0.0126813 0.000372861 -0.00904581 0.00368608 0.000769229 0.0104463 0.0153333 0.0208252 -0.0250851 -0.0196485 0.000269215
internal_weight=4425.43 67.0638 49.5092 34.2622 4358.36 175.126 105.496 4183.24 194.022 177.933 152.278 69.6302 56.1589 3989.22
internal_count=29212 358 264 178 28854 1072 642 27782 1235 1133 967 430 354 26547
cat_boundaries=0 2 3 5
cat_threshold=1116274762 32 262915 1076041984 48
is_linear=0
shrinkage=0.05


Tree=197
num_leaves=15
num_cat=3
split_feature=20 26 1 23 28 9 10 20 10 29 25 2 29 23
split_gain=8.00231 12.3004 10.3292 7.93812 7.02683 9.20564 9.52774 6.86942 10.1378 8.51693 6.3088 6.17335 26.5619 13.3546
threshold=-88.414999999999992 57.500000000000007 1.532191213042277 -2.2227083333333328 0 1.5000000000000002 7.5000000000000009 25.900000000000002 19.500000000000004 1 1.0416370716221992 70.475829710034375 2 1.0000000000000002
decision_type=8 2 10 8 9 2 2 10 2 9 8 2 9 10
left_child=1 -1 -3 10 5 6 -5 11 9 -9 -2 -6 13 -13
right_child=3 2 -4 4 7 -7 -8 8 -10 -11 -12 12 -14 -15
leaf_value=-0.047821211087371342 -0.038992600027635826 -0.033780830127346506 0.014816424121647754 0.019210020582074425 0.0019481902658355082 -0.042836009123272324 -0.02595602878850577 0.0053292560550132623 0.034769759087378664 -0.025767674491192973 0.0088427919647257516 0.0084518096681058513 -0.013610371008377376 0.062691983195968012
leaf_weight=20.685026459395885 21.22743433713913 15.766371555626391 30.448877666145563 22.52225799113512 3755.2750812396407 21.070569396018982 22.205906990915537 33.014284454286098 9.6231287233531457 59.463388061150908 9.5279039442539233 132.577816426754 265.42343568056822 11.47186243906617
leaf_count=122 128 88 170 127 25488 108 118 289 84 385 63 688 1387 71
internal_value=0.000281611 -0.0167514 -0.0021269 0.000546542 0.000728933 -0.0142696 -0.00329054 0.000994617 -0.0117531 -0.0169144 -0.0243616 0.00131227 -0.00451032 0.0123242
internal_weight=4430.3 66.9003 46.2152 4363.4 4332.65 65.7987 44.7282 4266.85 102.101 92.4777 30.7553 4164.75 409.473 144.05
internal_count=29316 380 258 28936 28745 353 245 28392 758 674 191 27634 2146 759
cat_boundaries=0 1 3 5
cat_threshold=196672 1644480580 1 10291270 5
is_linear=0
shrinkage=0.05


Tree=198
num_leaves=15
num_cat=3
split_feature=2 15 29 2 11 26 15 26 29 8 8 24 29 5
split_gain=7.91858 9.0626 8.251 11.6886 12.6646 10.303 13.2771 13.2304 12.2586 12.3644 11.9156 10.5853 19.7318 12.4691
threshold=-8.92879973205679 4.5958743472539849 0 301.16679315753407 6.550287163397539 10.500000000000002 11.428429596438155 15.500000000000002 1 49.500000000000007 23.500000000000004 0.49783649237079325 2 0.24584303563424478
decision_type=2 8 9 2 2 2 8 2 9 8 8 10 9 8
left_child=1 -1 5 -4 -5 6 8 -7 -2 -10 -8 13 -13 -9
right_child=2 -3 3 4 -6 7 10 11 9 -11 -12 12 -14 -15
leaf_value=0.028756634030750235 0.01521673974798407 -0.00051656813747111708 0.0013890226781779376 -0.057336749607675042 -0.0063129181915306245 0.027202320632166956 -0.039172921465517041 0.0067662808545519496 -0.0028579465310093017 -0.044106031904445349 -0.00066787651021976496 -0.019858403759512991 0.018007332484249506 -0.0077241919840385816
leaf_weight=49.024962647818029 48.015679497271776 56.004689881578088 2917.5960165876895 16.066935271024704 43.363762829452753 36.963595448061824 66.135495567694306 184.23730463162065 59.925134541466832 25.169366084039211 28.723219757899642 37.233605939894915 122.87023010663688 749.60969980247319
leaf_count=369 277 436 19259 73 228 215 384 1107 333 132 167 229 959 5141
internal_value=-0.000210399 0.0132897 -0.000540404 0.000935523 -0.0208276 -0.00375145 -0.0134519 -0.00181903 -0.00320872 -0.0138233 -0.0276422 -0.00282358 0.00901781 -0.00486121
internal_weight=4440.94 105.03 4335.91 2977.03 59.4307 1358.88 227.969 1130.91 133.11 85.0945 94.8587 1093.95 160.104 933.847
internal_count=29309 805 28504 19560 301 8944 1293 7651 742 465 551 7436 1188 6248
cat_boundaries=0 1 2 3
cat_threshold=3762910531 2151752960 2151677955
is_linear=0
shrinkage=0.05


Tree=199
num_leaves=15
num_cat=1
split_feature=3 26 19 7 8 6 24 12 6 3 29 10 30 19
split_gain=7.47419 26.2396 26.2168 8.54783 7.38381 8.10968 22.8456 21.9993 10.3177 9.90664 7.92349 12.2947 13.252 15.9237
threshold=1.4657099535114113 1021.5000000000001 55.780000000000008 11.500000000000002 -2.4999999999999996 71.500000000000014 0.30061662287190588 1.5000000000000002 56.500000000000007 0.30804503556953211 0 10.500000000000002 3.5000000000000004 86.492500000000021
decision_type=10 2 10 2 8 10 8 2 10 8 9 2 2 10
left_child=4 3 -3 -2 -1 8 9 -8 10 -7 11 -6 13 -13
right_child=1 2 -4 -5 5 6 7 -9 -10 -11 -12 12 -14 -15
leaf_value=0.01557562429066525 0.029076270893277092 -0.11742738396014125 -0.0050133769454619569 -0.031366394418135067 0.00032205744775200485 -0.029983466646636404 0.10119241810564748 -0.00092889294417701832 -0.02427097773966817 0.044212818939532404 -0.0014480049844268273 0.012835287382465392 0.032955913772902183 -0.013455303226801926
leaf_weight=77.117581175640225 19.967752739787105 9.4924469180405158 10.441078869625924 7.192481853067874 1042.1855037398636 18.076115984469656 11.529688231647015 9.0755231827497482 42.902050113305449 4.9369968827813855 2804.6110504157841 252.17480590939522 56.435588302090764 73.669611394405365
leaf_count=470 225 59 91 35 7139 230 65 52 396 63 17950 1735 345 417
internal_value=0.000126138 -0.0194779 -0.0615978 0.0125246 0.000340695 6.49091e-05 0.0212709 0.0582522 -0.000156539 -0.0128878 9.37709e-05 0.00311653 0.0107955 0.00686831
internal_weight=4439.81 47.0938 19.9335 27.1602 4392.71 4315.6 43.6183 20.6052 4271.98 23.0131 4229.08 1424.47 382.28 325.844
internal_count=29272 410 150 260 28862 28392 410 117 27982 293 27586 9636 2497 2152
cat_boundaries=0 2
cat_threshold=2189101901 33
is_linear=0
shrinkage=0.05


Tree=200
num_leaves=15
num_cat=2
split_feature=7 28 26 24 3 6 3 25 28 3 8 26 26 24
split_gain=5.81219 12.6639 20.5464 13.7977 18.1459 16.9934 11.1608 12.283 28.9778 12.8823 12.0092 10.8796 10.3609 12.1535
threshold=16.500000000000004 0 78.500000000000014 0.29484802378131653 0.8670770963647958 -73.499999999999986 0.041910738776009114 3.4644496427550107 1 0.79941790916490241 29.500000000000004 336.00000000000006 97.500000000000014 0.20647260407321508
decision_type=2 9 2 8 10 10 8 8 9 8 10 2 2 10
left_child=1 2 3 -1 5 -5 10 12 9 -9 -2 -4 -8 -14
right_child=6 -3 11 4 -6 -7 7 8 -10 -11 -12 -13 13 -15
leaf_value=-0.0079743472618007197 0.0074524603678264127 0.0031931765518851095 0.015359364092879508 -0.0057246412138639612 0.0060958012537024554 -0.070079205841979575 -0.0026819425161033832 -0.029839685253351546 0.012258864968381696 0.016395906377686176 -0.019373688923119418 -0.026206540088899263 -0.02623317332586006 -0.0076345120307802668
leaf_weight=171.57167388498783 418.58076520636678 1905.3719778805971 107.11148534715176 14.899642527103422 19.392583668231964 33.328940764069557 810.17284487374127 74.565925762057304 271.35789727978408 18.127848327159882 45.364990457892418 17.494646534323692 112.38468928076327 396.85222907923162
leaf_count=904 2616 15325 641 73 105 176 4247 344 1286 90 269 100 754 2216
internal_value=-0.000201925 0.00156224 -0.00686437 -0.0156066 -0.0345732 -0.0507178 -0.00206598 -0.00395807 0.00416418 -0.0187209 0.00479335 0.00936135 -0.00620063 -0.0117825
internal_weight=4416.58 2269.17 363.799 239.193 67.6212 48.2286 2147.41 1683.46 364.052 92.6938 463.946 124.606 1319.41 509.237
internal_count=29146 17324 1999 1258 354 249 11822 8937 1720 434 2885 741 7217 2970
cat_boundaries=0 1 2
cat_threshold=1197120 12290
is_linear=0
shrinkage=0.05


Tree=201
num_leaves=15
num_cat=0
split_feature=9 11 26 26 17 15 25 25 22 25 15 11 11 26
split_gain=6.86508 15.2267 15.5083 13.2831 13.5942 13.5267 14.0413 14.3996 12.4622 13.6942 10.6583 9.11697 13.6261 10.1801
threshold=2.5000000000000004 10.020336565720223 355.50000000000006 730.50000000000011 3.5000000000000004 3.3464978983463154 0.21991724984427261 0.86263449710924078 7.2800000000000011 0.28241111057723817 9.7340206110448992 7.8066145571806018 7.7443744258388696 6.5000000000000009
decision_type=2 2 2 2 2 8 10 10 10 10 8 2 2 2
left_child=11 2 8 4 5 6 -4 -8 9 -2 -11 12 -1 -14
right_child=1 -3 3 -5 -6 -7 7 -9 -10 10 -12 -13 13 -15
leaf_value=-0.001219988909697381 0.028606559078826168 -0.045061166308405155 0.005655787689948906 0.0031461958438127706 0.034120541546039267 0.0050053179255787044 -0.10811566340457951 -0.037484448221195024 -0.04558648898293672 0.0046205608983354912 0.026386308391509152 0.0058157681966929282 -0.069227646759607339 -0.013896689878075883
leaf_weight=2996.8434307780117 83.776066267862916 14.39482583478093 12.233127176761625 147.40052184648812 8.9610144197940809 21.673656089231372 9.0414572246372682 33.896665744483471 9.3271612301468831 508.17301356419921 62.361143749207258 476.4643239704892 10.893626242876051 30.036996249109507
leaf_count=20025 601 83 102 1297 56 191 52 232 59 3156 371 2704 61 193
internal_value=0.000395661 0.00426049 0.00510143 -0.00597172 -0.0214906 -0.0283305 -0.0412823 -0.0544794 0.00899574 0.00984218 0.00704163 -0.000607411 -0.00161645 -0.0299227
internal_weight=4425.48 911.239 896.844 233.206 85.8059 76.8449 55.1713 42.9381 663.637 654.31 570.534 3514.24 3037.77 40.9306
internal_count=29183 6200 6117 1930 633 577 386 284 4187 4128 3527 22983 20279 254
is_linear=0
shrinkage=0.05


Tree=202
num_leaves=15
num_cat=1
split_feature=22 31 1 31 15 7 2 15 14 14 24 21 29 26
split_gain=7.87073 7.86039 10.092 7.97187 18.0976 8.09862 6.87593 8.21565 4.69633 7.2028 4.90009 17.2702 16.7016 14.2606
threshold=68.960000000000022 4.5000000000000009 1.0756146369353918 3.5000000000000004 4.8380513819269693 18.500000000000004 -40.18328097613967 7.7000352504393481 19.503750000000004 23.926250000000003 0.39768474650893465 0.84023052232273143 0 1003.5000000000001
decision_type=10 10 10 10 8 2 2 8 10 8 10 8 9 2
left_child=1 3 -3 6 5 -5 7 -1 10 -10 11 -8 -12 -13
right_child=-2 2 -4 4 -6 -7 8 -9 9 -11 12 13 -14 -15
leaf_value=0.059940457042782086 0.03863863966668879 -0.0020951285362882021 0.036102310662729543 0.034560227221330946 -0.056036738720928007 -0.02048421009218955 -0.05121370821237519 -0.0022445080290546498 -0.044144230613907189 0.015208278289176473 0.0090093270328441416 0.00011761983417318417 -0.0053270947606587479 0.016520507334659085
leaf_weight=9.2788796424865705 11.879905022680758 35.881478743627667 32.193195838481188 12.249028662219645 19.760603800415993 12.545527160167692 14.968829782679675 10.847071886062624 13.621283527463673 7.2291633933782604 234.42093092389405 2670.5077604223043 1198.6550492607057 138.4253201726824
leaf_count=59 112 212 227 93 109 56 225 84 115 41 1645 16105 8959 1105
internal_value=-0.000390656 -0.000504516 0.01623 -0.000770528 -0.0215768 0.0069945 -0.000549868 0.0279055 -0.000690233 -0.0238116 -0.00057142 0.000637111 -0.00295164 0.000931552
internal_weight=4422.46 4410.58 68.0747 4342.51 44.5552 24.7946 4297.95 20.126 4277.83 20.8504 4256.98 2823.9 1433.08 2808.93
internal_count=29147 29035 439 28596 258 149 28338 143 28195 156 28039 17435 10604 17210
cat_boundaries=0 2
cat_threshold=34836992 36
is_linear=0
shrinkage=0.05


Tree=203
num_leaves=15
num_cat=1
split_feature=0 4 31 7 31 1 1 6 8 6 13 18 7 29
split_gain=5.93559 13.4549 6.00029 7.93934 7.52639 9.90263 7.08206 6.47516 5.78807 8.27263 5.81436 9.78935 26.3648 12.3729
threshold=98.010000000000005 2.2013218893348516 4.5000000000000009 36.500000000000007 3.5000000000000004 0.77113095238095253 0.85749299719887961 20.500000000000004 -2.4999999999999996 44.500000000000007 8.4975000000000005 1.244999999999999 37.500000000000007 0
decision_type=10 10 10 2 10 8 8 8 8 10 10 10 2 9
left_child=2 -2 4 6 8 7 -4 -6 9 -1 11 -10 13 -13
right_child=1 -3 3 -5 5 -7 -8 -9 10 -11 -12 12 -14 -15
leaf_value=0.026860674926176571 -0.014462107502447917 0.036939598189277681 -0.019444815877884637 -0.021556708714718431 -0.069234108086835944 0.0041641649312663398 0.030990429856624653 -0.013814140946566467 -0.00041199534647555952 -0.007625259575889793 -0.0078993183561071913 0.024954108394474091 -0.043925727391588121 0.0036197855025738019
leaf_weight=45.472055319696665 139.51177088171244 13.043687805533407 7.5137747060507527 11.16794155910611 10.920370023697613 20.313683941960335 44.553222412243485 10.561054959893228 3545.573270522058 27.207462035119534 225.70611315593123 110.91381013020873 21.130486404523253 183.20628793351352
leaf_count=312 752 90 47 60 53 143 317 50 23022 131 1714 841 197 1446
internal_value=-0.000197245 -0.00985525 0.000150505 0.0153167 -8.13718e-05 -0.0209428 0.0234829 -0.043814 0.000133244 0.0140226 -0.000117151 0.000339727 0.0087688 0.0126905
internal_weight=4416.79 152.555 4264.24 63.2349 4201 41.7951 52.067 21.4814 4159.21 72.6795 4086.53 3860.82 315.251 294.12
internal_count=29175 842 28333 424 27909 246 364 103 27663 443 27220 25506 2484 2287
cat_boundaries=0 2
cat_threshold=38209560 35
is_linear=0
shrinkage=0.05


Tree=204
num_leaves=15
num_cat=3
split_feature=29 19 28 5 2 1 24 24 24 1 25 29 7 20
split_gain=5.95765 14.7573 13.2206 19.6717 18.5855 17.4741 15.9005 15.856 18.3002 21.7976 14.5058 13.1247 12.3443 15.1255
threshold=0 99.065000000000012 1 0.37675192307692318 50.448121952716001 2.254569624459954 0.30251505886279345 0.35517545601629397 0.35515611412426684 0.71466973886328733 0.37431419748528644 2 31.500000000000004 -67.944999999999993
decision_type=9 8 9 8 2 10 10 10 10 8 10 9 2 10
left_child=-1 12 5 -4 -5 6 -3 8 9 10 -8 -9 13 -2
right_child=1 2 3 4 -6 -7 7 11 -10 -11 -12 -13 -14 -15
leaf_value=-0.002491261720724332 -0.0075222033988808293 0.01896876284846314 0.039027099954590652 0.0001862512594760415 -0.028772614053029524 -0.021640435397595355 0.003194427736512199 -0.011626561165954556 -0.049389423778603662 0.013909533996050313 -0.054765471742260811 0.015352244151297881 -0.014347906224244068 0.0040387411816324645
leaf_weight=1657.8952504526824 465.41613892652094 333.77816453203559 28.142879435792565 482.91330851614475 61.584179632365704 43.136479765176773 18.853053335100412 48.323266360908747 22.459929905831814 81.519110534340143 23.933030284941196 252.18828446790576 185.58051970042288 718.13962083961815
leaf_count=10941 2969 1747 170 3155 365 283 93 367 134 532 122 1936 1263 5127
internal_value=-0.000130827 0.00128873 0.0049075 -0.000982144 -0.00313582 0.00889985 0.0107259 0.00454604 -0.00888518 -0.00123098 -0.0297366 0.0111134 -0.00239472 -0.000509945
internal_weight=4423.86 2765.97 1396.83 572.64 544.497 824.191 781.055 447.277 146.765 124.305 42.7861 300.512 1369.14 1183.56
internal_count=29204 18263 8904 3690 3520 5214 4931 3184 881 747 215 2303 9359 8096
cat_boundaries=0 2 3 5
cat_threshold=1623514387 2 376832 2162692 33
is_linear=0
shrinkage=0.05


Tree=205
num_leaves=15
num_cat=2
split_feature=9 4 1 24 6 18 33 24 11 6 3 24 3 33
split_gain=6.447 6.09456 6.0424 14.8619 20.5146 9.89386 12.2061 9.73736 9.09438 8.11794 7.96659 10.5077 7.69973 9.15402
threshold=11.500000000000002 -4.7184507349877718 0.3227076454152909 0.30061662287190588 72.500000000000014 -1.3162499999999986 0 0.26277395349772464 5.9103083198621444 21.500000000000004 0.041910738776009114 0.49865426213986902 0.11803956094297639 1
decision_type=2 10 8 10 10 8 1 8 2 10 10 10 10 1
left_child=2 -2 3 7 5 -5 8 12 -7 -10 11 -8 13 -1
right_child=1 -3 -4 4 -6 6 10 -9 9 -11 -12 -13 -14 -15
leaf_value=0.010401778524522967 -0.0040449303632025075 0.049061007708559645 0.00062871533727941031 0.042339999418057744 0.057240698361484037 -0.035532773756123417 0.01055826891899463 -0.036227805643087328 0.017014685343047415 -0.015088706628751197 -0.011490117919156832 0.064942713331200566 -0.032905810878726932 -0.018156597519404634
leaf_weight=56.390044443309307 8.9998622536659258 12.002540335059164 3967.3356575891376 11.264462865889071 14.989286880940197 33.981353553012013 51.402095537632704 45.290317578241229 27.203748526051641 64.565676990896463 28.215339038521051 9.8925638534128648 27.231677303090692 53.964668150991201
leaf_count=359 65 84 25865 65 83 259 278 292 157 543 185 64 323 486
internal_value=0.0001569 0.0271547 2.1637e-05 -0.00564165 0.0025033 -0.00135436 -0.00382606 -0.0163533 -0.0138256 -0.00549129 0.0102196 0.0202372 -0.0095969 -0.00360122
internal_weight=4412.73 21.0024 4391.73 424.391 241.515 226.525 215.261 182.877 125.751 91.7694 89.51 61.2947 137.586 110.355
internal_count=29108 149 28959 3094 1634 1551 1486 1460 959 700 527 342 1168 845
cat_boundaries=0 1 2
cat_threshold=4 2
is_linear=0
shrinkage=0.05


Tree=206
num_leaves=15
num_cat=5
split_feature=11 29 19 28 29 28 25 7 19 24 10 11 8 28
split_gain=6.09069 16.1619 16.0389 18.584 17.4452 15.6968 14.227 13.5681 12.81 16.9761 12.3249 11.8178 11.0654 10.9294
threshold=6.0151322014886297 0 84.225000000000009 1 2 3 -0.4723429492361963 12.500000000000002 90.855000000000018 0.23125456312575859 1.0000000180025095e-35 5.247392357545686 17.500000000000004 4
decision_type=2 9 8 9 9 9 8 2 10 8 2 2 10 9
left_child=1 7 3 -3 -5 6 -4 13 9 -8 -7 -9 -13 -1
right_child=-2 2 5 4 -6 10 8 11 -10 -11 -12 12 -14 -15
leaf_value=0.016580367086002783 0.0010687374460807597 0.014264874829522795 0.040237107816434636 0.002312528039666242 -0.026707056621891365 -0.0038717733657835855 0.020595445739375464 0.0031717801784373299 0.033267091339299157 -0.041515235335367051 0.0097522139939609509 -0.01855582667846006 -0.049453439385430009 -0.0081330961604836882
leaf_weight=43.492732100188732 2745.9821191560477 56.451430086046457 8.852908466011284 84.358735322952271 138.84672576747835 231.00756680220366 12.809642028063534 36.958074161782861 8.0437800921499711 59.318205337971449 584.81517946533859 92.457372589036822 42.813411235809326 258.14040103554726
leaf_count=324 17814 360 140 569 966 1590 73 204 61 393 3832 607 241 1969
internal_value=-0.000376152 -0.00276785 0.000395699 -0.0100452 -0.0161458 0.00363452 -0.0152202 -0.0104482 -0.0236394 -0.0303538 0.00582315 -0.0218238 -0.0286261 -0.0042475
internal_weight=4404.35 1658.37 1184.5 279.657 223.205 904.847 89.0245 473.862 80.1716 72.1278 815.823 172.229 135.271 301.633
internal_count=29143 11329 7984 1895 1535 6089 667 3345 527 466 5422 1052 848 2293
cat_boundaries=0 2 3 5 6 7
cat_threshold=1647651862 23 2109442 21102913 40 532544 3933190
is_linear=0
shrinkage=0.05


Tree=207
num_leaves=15
num_cat=1
split_feature=7 25 1 4 24 1 28 3 0 4 24 24 22 26
split_gain=7.29725 17.5965 9.12768 15.8454 18.6621 11.7743 8.0102 17.7061 24.1208 11.2128 12.8905 14.2353 13.5768 14.7975
threshold=43.500000000000007 0.75986397440494302 0.30283094098883578 -2.8824065410346553 0.29047377480629744 0.15235814296241715 0 0.08218744326466336 1.0100000000000002 -0.23673544819737416 0.14384548156296814 0.2321167978002632 0.92166666666666675 284.50000000000006
decision_type=2 8 8 8 10 10 9 8 8 10 10 10 10 2
left_child=6 -2 3 -3 -5 -6 7 8 -1 -8 12 -12 13 -11
right_child=1 2 -4 4 5 -7 9 -9 -10 10 11 -13 -14 -15
leaf_value=-0.018958764794790285 -0.030221721778539101 -0.041215145212182461 -0.0081347399279265657 0.00041042076364676474 0.0074438752287659879 0.07588600389650163 -0.0015986767335374947 0.0018856547799546487 0.037023299046724578 0.039973471912513381 -0.012327942333993987 0.0067359768535443024 -0.023929270493528228 -0.017553299045996573
leaf_weight=24.224223881959915 64.982137769460678 10.908890917897223 154.57621418498456 43.067914279177785 9.8224657699465769 17.690708231180906 2867.2185237295926 446.71350553259254 83.571704924106598 66.154177401214838 122.419822961092 473.49220328405499 12.59041408728808 12.813604801893232
leaf_count=127 588 149 905 381 69 91 18912 2854 477 363 615 3470 120 71
internal_value=0.000106469 -0.00739445 -0.00100979 0.0124401 0.0211929 0.0525695 0.000657667 0.00618405 0.0243842 -0.000222677 0.00550693 0.00280553 0.0228689 0.0305362
internal_weight=4410.25 301.048 236.066 81.49 70.5811 27.5132 4109.2 554.509 107.796 3554.69 687.47 595.912 91.5582 78.9678
internal_count=29192 2183 1595 690 541 160 27009 3458 604 23551 4639 4085 554 434
cat_boundaries=0 1
cat_threshold=1311509
is_linear=0
shrinkage=0.05


Tree=208
num_leaves=15
num_cat=2
split_feature=11 29 6 24 3 19 6 8 29 19 5 3 6 24
split_gain=6.63511 16.0978 11.9212 32.0307 11.8949 14.1772 10.8965 10.6321 11.8271 16.4577 14.1786 16.3178 14.1944 13.1585
threshold=7.1042959541788084 0 72.500000000000014 0.30061662287190588 0.92914123572455776 84.725000000000009 52.500000000000007 -6.4999999999999991 1 24.250000000000004 0.17094254545454549 0.95940239738058686 -76.499999999999986 0.095549555765866143
decision_type=2 9 10 10 10 10 10 8 9 8 8 8 8 10
left_child=2 6 7 -4 5 -3 -2 -1 10 -10 -9 12 -12 -13
right_child=1 4 3 -5 -6 -7 -8 8 9 -11 11 13 -14 -15
leaf_value=0.024559749429010905 0.014167575420347947 0.001454922724557506 -0.016018466297224275 0.086712497736680938 0.020961800426172721 -0.013585402213456221 -0.03254763858871617 0.0089904169503704345 -0.014394470698375218 0.0018859132146277525 0.02444552872385046 -0.056234048336486722 -0.012501022101950605 0.0096096636500179883
leaf_weight=37.475754827260971 332.06280753575265 749.5909172585234 16.474689569324259 12.67116781696677 60.750310685485601 197.03466517291963 12.045209839940069 134.93112353049219 169.16435893252492 1767.9532086551189 26.018002862110734 6.99764953367412 757.42028484866023 150.67801698856056
leaf_count=225 2077 4473 188 65 459 1185 87 883 1161 11904 170 45 5301 1095
internal_value=3.08392e-05 0.00295025 -0.00125081 0.0300387 -0.000298447 -0.00168667 0.0120924 -0.0015595 -0.00189239 0.00045514 -0.0060629 -0.00829276 -0.0112444 0.00635154
internal_weight=4431.27 1351.48 3079.78 29.1459 1007.38 946.626 344.108 3050.64 3013.16 1937.12 1076.05 941.114 783.438 157.676
internal_count=29318 8281 21037 253 6117 5658 2164 20784 20559 13065 7494 6611 5471 1140
cat_boundaries=0 2 4
cat_threshold=1076944140 7 1082187036 7
is_linear=0
shrinkage=0.05


Tree=209
num_leaves=15
num_cat=3
split_feature=28 29 6 6 3 10 29 3 30 18 14 8 7 4
split_gain=6.14338 17.7542 12.71 8.5963 12.0247 7.90973 7.73386 13.9348 11.7301 11.9976 10.1899 9.59282 18.5945 14.4971
threshold=0 1 39.500000000000007 19.500000000000004 0.34668293456639165 7.5000000000000009 2 1.4657099535114113 3.5000000000000004 -0.49999999999999906 -19.583749999999995 35.500000000000007 5.5000000000000009 12.04994853789359
decision_type=9 9 8 8 8 2 9 10 2 8 10 10 2 10
left_child=1 3 -3 4 -1 -6 7 8 9 10 -2 -11 -13 -14
right_child=6 2 -4 -5 5 -7 -8 -9 -10 11 -12 12 13 -15
leaf_value=0.025336559146883111 0.0014669772779788732 0.020658442570691764 -0.033896743696934357 -0.038250255331466428 -0.0013348548537396817 -0.04353427350742331 0.00025953529983631119 -0.053315180367020626 0.011834042231611679 -0.0067350704179988605 -0.030588963526880626 0.034443617578819218 -0.013387604738346638 0.045733738160882775
leaf_weight=24.138537056744099 35.249635584652424 159.51512777991593 10.548908211290835 21.387876905500889 29.124995570629835 17.012476658448577 3300.0567187797278 13.72452128306031 99.331512086093426 509.09334386792034 81.853226736187935 44.083513166755438 73.781696356832981 11.048487924039362
leaf_count=142 230 990 57 116 212 100 21886 95 755 3409 502 300 429 59
internal_value=-0.00037727 0.006896 0.0161519 -0.0101671 -0.0026299 -0.0174887 -0.000850013 -0.00501809 -0.00423955 -0.00636682 -0.0210089 -0.00365067 0.00848805 -0.00524437
internal_weight=4429.95 261.728 170.064 91.6639 70.276 46.1375 4168.22 868.166 854.441 755.11 117.103 638.007 128.914 84.8302
internal_count=29282 1617 1047 570 454 312 27665 5779 5684 4929 732 4197 788 488
cat_boundaries=0 1 3 5
cat_threshold=263075 578871305 41 3240303938 2
is_linear=0
shrinkage=0.05


Tree=210
num_leaves=15
num_cat=5
split_feature=2 5 29 28 8 5 5 29 18 19 28 7 28 24
split_gain=6.37307 6.90531 18.596 11.6719 17.9352 15.7939 13.0995 10.8195 10.6637 13.3755 20.1254 17.5164 27.8147 15.0558
threshold=538.53272974156255 0.32670000000000005 0 1 16.500000000000004 0.28787611940298513 0.17094254545454549 2 -0.22000000000000017 55.057500000000012 3 5.5000000000000009 4 0.51694264374709065
decision_type=2 8 9 9 10 10 10 9 8 10 9 2 9 10
left_child=1 2 3 5 6 -1 -5 8 -3 10 -10 12 -11 -12
right_child=-2 7 -4 4 -6 -7 -8 -9 9 11 13 -13 -14 -15
leaf_value=-0.014400099368669764 -0.029808717981850915 -0.018979751899652564 0.011008138527968963 0.0602172029217262 -0.011411727479139658 0.015781449258070915 0.00091666498996366896 0.0010148601760608625 0.0072866355558081942 -0.025466690515422791 -0.017729867511593871 -0.005425048065969545 0.023375837284919636 0.011943543484191868
leaf_weight=236.95832826662809 16.813671939074993 119.98098276369274 446.43416512943804 23.240299291908741 35.290920045226812 52.130491649731994 15.173371385782955 2527.5400516921654 149.34209495782852 27.55157496035099 356.32078555412591 229.06543605029583 148.31454748660326 47.851060044020414
leaf_count=1567 84 822 2852 139 226 393 104 16703 1053 215 2194 1471 1089 379
internal_value=3.77987e-05 0.000158183 0.0043293 -0.00408723 0.0125184 -0.0086246 0.0374111 -0.000778813 -0.00494335 -0.0032198 -0.00826569 0.00368095 0.0155051 -0.013854
internal_weight=4432.01 4415.19 809.228 362.793 73.7046 289.089 38.4137 3605.97 1078.43 958.445 553.514 404.932 175.866 404.172
internal_count=29291 29207 5281 2429 469 1960 243 23926 7223 6401 3626 2775 1304 2573
cat_boundaries=0 2 3 5 6 7
cat_threshold=27202318 18 1106050 1617210450 34 266247 274450
is_linear=0
shrinkage=0.05


Tree=211
num_leaves=15
num_cat=3
split_feature=2 19 25 29 26 9 15 7 2 9 24 29 28 26
split_gain=9.06443 17.698 8.44436 7.35614 11.0518 16.8904 8.6595 7.94953 7.52329 7.328 7.19859 23.6996 12.3972 10.9545
threshold=-16.559317274308768 55.780000000000008 22.582230882422227 0 217.50000000000003 3.5000000000000004 -10.830049191901258 3.5000000000000004 -13.744712410128161 1.0000000180025095e-35 0.48854101236868791 1 2 1.5000000000000002
decision_type=2 8 10 9 2 2 10 2 2 2 8 9 9 2
left_child=1 -1 3 4 6 -6 -2 -8 -5 -3 -10 -12 13 -13
right_child=2 9 -4 8 5 -7 7 -9 10 -11 11 12 -14 -15
leaf_value=0.066809156554814272 0.00076739086258125193 -0.020643107189136964 -0.049663037905705865 -0.044751348384629498 0.0060225632191209279 -0.054669639031199369 -0.0074539775977561749 0.039076760884634743 -0.0012138536417865197 0.017275211838303463 -0.0082914387731674762 -0.034767195198833339 0.018251719099817067 0.0083923763687589244
leaf_weight=13.653606951236723 34.769227044656873 17.94068000651896 7.6039862707257262 8.5959865944460017 74.627687567844987 12.515330821275709 10.626886613667009 55.151912495493889 3619.0148558020592 38.090577570721507 198.04987492412329 22.200557731091976 253.51186421141028 39.357094388455153
leaf_count=80 221 133 51 67 605 85 75 383 23370 336 1367 131 2099 247
internal_value=0.00011132 0.0178723 -0.000178174 -7.979e-05 0.00931905 -0.00321529 0.0210247 0.0315604 -0.00052919 0.00498505 -0.000427671 0.00510882 0.013371 -0.00644903
internal_weight=4405.71 69.6849 4336.03 4328.42 187.691 87.143 100.548 65.7788 4140.73 56.0313 4132.13 513.119 315.07 61.5577
internal_count=29250 549 28701 28650 1369 690 679 458 27281 469 27214 3844 2477 378
cat_boundaries=0 1 3 4
cat_threshold=2150760965 54577234 27 2109575
is_linear=0
shrinkage=0.05


Tree=212
num_leaves=15
num_cat=1
split_feature=4 29 11 11 15 15 10 8 15 15 7 16 25 25
split_gain=6.21619 20.0366 12.8957 11.6781 8.10664 7.77176 7.70113 9.30208 6.97157 6.65687 6.52631 15.9454 13.877 16.2762
threshold=-28.368541009576472 0 7.040829649207061 6.2154577361288927 5.7546409518546975 0.33412764750142215 10.500000000000002 22.500000000000004 0.063009806289692008 4.6935911401315042 30.500000000000004 -1.1174999999999999 0.54291487028382324 1.526805644587127
decision_type=8 9 2 2 8 10 2 8 8 8 2 8 8 10
left_child=1 3 6 4 -1 -5 8 -8 -3 -7 -2 -12 -13 -14
right_child=10 2 -4 5 -6 9 7 -9 -10 -11 11 12 13 -15
leaf_value=-0.031832934085579412 0.0012380011398635503 -0.03354012359269911 0.029016896140721494 -0.032608293005547878 -0.07990570043852456 0.039271437703740725 -0.010614920322185948 0.039128271899220135 -0.0032701898268096296 -0.024575209669002427 -0.041141253999175731 -0.017189677772246368 0.012627240815366312 -0.0052004339130280689
leaf_weight=33.913366716355085 3432.9178744824603 26.627476656809449 35.496073830872774 13.441501425579192 12.374936006963251 10.556242341175674 18.065565640106797 17.860150095075369 61.88171399384737 5.4799229614436653 26.768803859129548 129.67631921172142 193.28774766623974 374.42130847275257
leaf_count=234 22917 178 304 79 84 98 137 125 466 45 184 991 1267 2063
internal_value=-0.000120785 -0.00800235 0.00270474 -0.0271588 -0.0461029 -0.00578548 -0.00475688 0.0145044 -0.0126497 0.0172917 0.0003279 -0.00398227 -0.00249908 0.00088088
internal_weight=4392.77 235.697 159.931 75.766 46.2883 29.4777 124.435 35.9257 88.5092 16.0362 4157.07 724.154 697.385 567.709
internal_count=29172 1750 1210 540 318 222 906 262 644 143 27422 4505 4321 3330
cat_boundaries=0 2
cat_threshold=18162756 38
is_linear=0
shrinkage=0.05


Tree=213
num_leaves=15
num_cat=0
split_feature=3 3 26 19 2 11 7 14 11 20 6 26 5 5
split_gain=6.00218 10.0596 23.1924 17.4975 10.294 12.592 8.11778 7.88535 7.17451 5.55735 10.0298 8.01881 7.34822 12.4601
threshold=1.0000623130608177 1.4657099535114113 1021.5000000000001 98.750000000000014 71.463764222362883 6.3677496845824644 12.500000000000002 19.503750000000004 6.738827425194148 -88.414999999999992 -9.4999999999999982 90.500000000000014 0.32806356425171873 0.33338181818181828
decision_type=10 10 2 8 2 2 2 10 2 8 10 2 8 8
left_child=7 4 -3 -4 6 -6 -2 9 -8 10 11 -1 -11 -14
right_child=1 2 3 -5 5 -7 8 -9 -10 12 -12 -13 13 -15
leaf_value=-0.030389084056049773 0.028837789187532388 0.020021324140243019 -0.0050895753641690949 -0.095703519991632846 -0.045634844763602578 0.024564851404598145 -0.01690561831335707 -0.032301149329177131 0.028456352200947291 0.0048813446343195831 -0.060906002488141237 0.0092398553731064034 -0.031816016584540009 -0.0004045457918709343
leaf_weight=19.620234452188015 89.553633017465472 25.793533140793443 10.991608629003169 9.5605006888508779 13.18891951441765 10.75314027443528 21.804194808006287 17.928718127310276 13.110237300395964 712.54452258720994 8.9236160293221456 32.660879550501704 30.868902551010251 3380.1355730062351
leaf_count=110 919 253 95 56 60 65 111 128 67 4661 65 179 201 22205
internal_value=0.000296279 0.00885446 -0.0113055 -0.0497264 0.0151836 -0.0143851 0.0209406 -0.000102326 0.000445695 4.33076e-05 -0.0147901 -0.00592346 0.000267009 -0.000698055
internal_weight=4397.44 194.756 46.3456 20.5521 148.41 23.9421 124.468 4202.68 34.9144 4184.75 61.2047 52.2811 4123.55 3411
internal_count=29175 1626 404 151 1222 125 1097 27549 178 27421 354 289 27067 22406
is_linear=0
shrinkage=0.05


Tree=214
num_leaves=15
num_cat=2
split_feature=7 0 19 29 25 13 25 8 0 0 29 6 8 2
split_gain=7.28087 8.79845 12.5521 8.73029 16.5782 11.8371 14.4974 12.8361 10.5616 10.259 11.984 16.958 16.7302 11.7899
threshold=8.5000000000000018 82.815000000000012 98.750000000000014 0 0.075512009590845988 3.2524999999999999 3.437153893200473 18.500000000000004 67.010000000000005 96.240000000000023 1 -90.499999999999986 79.500000000000014 0.0047755812464078682
decision_type=2 10 8 9 10 8 10 8 8 8 9 8 10 2
left_child=3 -2 -3 4 -1 -6 8 -8 -7 -5 12 -12 13 -11
right_child=1 2 -4 9 5 6 7 -9 -10 10 11 -13 -14 -15
leaf_value=0.028545747055712774 -0.0015435471909413991 -0.028927067851147542 0.012233338427366312 0.012264161766492159 -0.020225168071170259 0.030818476282786934 -0.060585537437829053 -0.0045778771773916484 -0.00020241847407829498 -0.0038962110542006701 -0.04087413942524451 0.01063088629120143 0.047019746565999915 -0.030039808711467691
leaf_weight=35.449813667684793 3039.2547759441659 64.438945014029741 25.178441490978003 329.71920164208859 112.73322080075741 31.27894826605916 16.353852242231369 25.360171601176262 182.89362263120711 166.91843391023576 15.948926366865633 286.13048670254648 12.322274815291165 57.32751539349556
leaf_count=299 17720 381 165 3347 844 380 92 127 1457 1205 98 2608 91 358
internal_value=-0.000705103 -0.00200183 -0.0173555 0.00248258 -0.00355191 -0.00680368 -0.000835005 -0.0274398 0.00445022 0.00527162 0.00107421 0.007537 -0.00718987 -0.0106834
internal_weight=4401.31 3128.87 89.6174 1272.44 404.07 368.62 255.887 41.714 214.173 868.367 538.648 302.079 236.568 224.246
internal_count=29172 18266 546 10906 3199 2900 2056 219 1837 7707 4360 2706 1654 1563
cat_boundaries=0 2 3
cat_threshold=2173720577 55 539755608
is_linear=0
shrinkage=0.05


Tree=215
num_leaves=15
num_cat=2
split_feature=28 3 7 26 3 15 19 2 28 26 2 2 3 16
split_gain=5.22018 16.1466 16.3902 10.7926 7.89957 8.32636 6.68297 6.25986 10.9557 10.137 10.7791 6.90466 8.73488 6.6474
threshold=0 0.28349390855067541 6.5000000000000009 5.5000000000000009 0.12386741455058166 -1.0000000180025095e-35 92.600000000000009 -0.0017448529702202007 1 44.500000000000007 -2.4930444108995302 -6.2459047189660319 0.31614698676461395 4.2525000000000022
decision_type=9 8 2 2 10 10 8 2 9 2 2 2 8 10
left_child=1 4 3 6 5 -1 -3 8 9 10 11 12 -2 -9
right_child=7 2 -4 -5 -6 -7 -8 13 -10 -11 -12 -13 -14 -15
leaf_value=0.02537650153085327 0.014991597085124722 -0.019384063293055247 -0.050256174481026962 -0.021796034559016891 0.036647896675850965 -0.02779608495539005 0.044510711177965526 0.00024458686806522542 0.019636076767841834 0.0121727243784472 0.020598913189374315 -0.065908716805074083 -0.043434875556920133 -0.011679199511400614
leaf_weight=12.322894219309093 10.764604117721317 5.2142983898520496 32.797335894778371 33.160851147025824 19.427932091057301 15.486213866621254 12.388063004240392 3949.9651080686599 97.859422095119953 46.872830932959914 11.319341216236351 10.674256939440967 13.46251501701772 119.44972315244377
leaf_count=85 61 29 196 186 140 96 143 26090 666 396 65 61 106 874
internal_value=-6.08585e-06 -0.0094442 -0.023269 -0.00519901 0.0130289 -0.00417103 0.0255588 0.000307263 0.0091316 -0.00369605 -0.0204884 -0.0340166 -0.0179096 -0.000108196
internal_weight=4391.17 130.798 83.5605 50.7632 47.237 27.8091 17.6024 4260.37 190.953 93.0935 46.2207 34.9014 24.2271 4069.41
internal_count=29194 875 554 358 321 181 172 28319 1355 689 293 228 167 26964
cat_boundaries=0 1 2
cat_threshold=721984 1343509
is_linear=0
shrinkage=0.05


Tree=216
num_leaves=15
num_cat=3
split_feature=19 29 3 26 17 21 29 1 5 24 11 3 28 5
split_gain=6.47718 17.6466 12.4667 20.5716 10.4533 10.2693 10.5483 16.0304 14.3063 18.9138 15.9194 11.4786 9.16933 13.2314
threshold=87.715000000000018 0 1.4657099535114113 1021.5000000000001 3.5000000000000004 0.69345350103991299 1 0.34525329927628784 0.52428495376856266 0.47006587756596635 5.0736100756244591 1.0283334373022275 2 0.68314221158958011
decision_type=10 9 10 2 2 8 9 8 10 10 2 10 9 10
left_child=2 -2 5 -4 12 -1 7 -7 10 -10 -9 -12 -3 -14
right_child=1 4 3 -5 -6 6 -8 8 9 -11 11 -13 13 -15
leaf_value=-0.031488807735623313 0.0081069256905478785 -0.012580688187245946 0.0082582455496092496 -0.066057065210123098 0.016232555953983822 -0.012197166171466007 -0.00021410582453349451 0.069213681010275294 0.0047191490809237579 -0.031328235049740603 0.0089646425401500949 0.043765161902685493 0.010847339847996266 -0.047500354818615143
leaf_weight=22.607480872422457 221.53247337043285 482.11715687252581 18.855133529752493 17.028262317180634 40.074373029172421 109.72342912852764 2439.5325859636068 10.619714945554732 147.82975858729333 47.188441691920161 711.98005808517337 23.600391523912549 88.195367515087128 9.9115461707115156
leaf_count=294 1560 3154 175 107 253 901 15847 62 1120 322 4540 229 548 46
internal_value=0.0001405 -0.00379988 0.00107598 -0.0278425 -0.00805923 0.0013792 0.00160104 0.00575801 0.00792299 -0.00411854 0.0110713 0.0101391 -0.0099007 0.00411734
internal_weight=4390.8 841.831 3548.97 35.8834 620.298 3513.08 3490.47 1050.94 941.218 195.018 746.2 735.58 580.224 98.1069
internal_count=29158 5561 23597 282 4001 23315 23021 7174 6273 1442 4831 4769 3748 594
cat_boundaries=0 2 4 5
cat_threshold=19947018 6 2188477263 56 1110468
is_linear=0
shrinkage=0.05


Tree=217
num_leaves=15
num_cat=3
split_feature=9 28 29 4 6 25 26 17 29 8 1 13 4 32
split_gain=7.63153 5.39719 23.4782 16.8784 14.6498 16.4896 14.242 15.8993 13.7654 15.135 12.9712 11.8746 10.738 10.713
threshold=9.5000000000000018 0 1 -1.0153692995010251 -27.499999999999996 2.1035154918331886 278.50000000000006 3.5000000000000004 2 49.500000000000007 2.2316636851520575 5.2162500000000023 0.12936911488657546 0.90000000000000013
decision_type=2 9 9 10 8 10 2 2 9 10 8 8 10 2
left_child=1 2 3 4 5 -1 13 -8 9 11 -11 -3 -10 -4
right_child=-2 8 6 -5 -6 -7 7 -9 12 10 -12 -13 -14 -15
leaf_value=-0.025242343504203697 0.021690019040282626 0.0059881810766874858 -0.0080204838580387305 -0.00010270707204851882 0.036273272482926729 0.037831936091395922 -0.028261217406042219 0.019630533286545144 -0.00012318252994309876 -0.06429656130484683 -0.016349201488537805 -0.0082858142516127765 0.01158433122877079 0.0038035678119977736
leaf_weight=23.67695477232337 40.861527135595679 205.34530624188483 239.13509807176888 89.680807059630752 113.7026160210371 16.863984294235706 79.640026096254587 21.302658502012491 1822.4432772621512 16.5406384319067 78.80505171790719 495.73597747273743 218.43394033610821 946.49694284982979
leaf_count=134 317 1560 1363 510 669 79 449 113 12739 98 514 3539 1687 5515
internal_value=0.00044301 0.000239321 0.00262144 0.0164921 0.0271416 0.00127404 -0.000125853 -0.0180609 -0.00105164 -0.00657989 -0.0252482 -0.00410242 0.00112939 0.00141398
internal_weight=4408.66 4367.8 1530.5 243.924 154.244 40.5409 1286.57 100.943 2837.3 796.427 95.3457 701.081 2040.88 1185.63
internal_count=29286 28969 8832 1392 882 213 7440 562 20137 5711 612 5099 14426 6878
cat_boundaries=0 1 3 5
cat_threshold=3425044 7866382 2 3025475 7
is_linear=0
shrinkage=0.05


Tree=218
num_leaves=15
num_cat=1
split_feature=11 29 5 4 26 24 19 5 11 24 11 11 11 9
split_gain=7.70058 14.2293 7.27734 6.75775 6.15672 6.11914 6.90007 6.73794 6.47834 15.429 6.03438 6.61279 9.78947 8.76183
threshold=5.1266685985103395 0 0.51774118738404462 -0.3075702519046653 147.50000000000003 0.35517545601629397 3.0000000000000004 0.07055710354317167 5.0394813966838372 0.39106972779581745 10.538779966858234 6.4168874935853184 6.4337114960827142 5.5000000000000009
decision_type=2 9 10 10 2 10 10 10 2 10 2 2 2 2
left_child=1 3 5 4 -1 7 8 -3 9 -7 11 13 -13 -2
right_child=10 2 -4 -5 -6 6 -8 -9 -10 -11 -12 12 -14 -15
leaf_value=0.074698834095394129 -0.0019151758412425568 -0.0088097436388455477 -0.037345795527330673 -0.00030464715302500951 0.023852610494895218 0.051400101747660666 -0.0051458050204294566 0.034791003234223405 0.06017463030290518 -0.040687612031098719 -0.03035084650394795 0.040340006087314917 0.0011332339471695181 -0.019361369174232049
leaf_weight=15.732631079852583 2028.8921199329197 71.739300925284624 10.127116050571201 6.8461525160819283 11.290684269741176 9.5509200561791712 18.019671160727739 9.0985160022973997 12.13495018519461 7.0469849817454806 16.062512431293726 15.045495219528673 2077.6128243422136 73.634985314682126
leaf_count=103 13807 445 67 59 85 64 133 72 92 53 89 112 13404 596
internal_value=-0.000251968 0.0100997 0.00136095 0.034337 0.0550639 0.00480555 0.0190027 -0.0035372 0.033811 0.012212 -0.000676045 -0.00055522 0.00143425 -0.00253509
internal_weight=4382.83 171.587 137.717 33.8695 27.0233 127.59 46.7525 80.8378 28.7329 16.5979 4211.25 4195.19 2092.66 2102.53
internal_count=29181 1173 926 247 188 859 342 517 209 117 28008 27919 13516 14403
cat_boundaries=0 2
cat_threshold=41977924 34
is_linear=0
shrinkage=0.05


Tree=219
num_leaves=15
num_cat=6
split_feature=10 29 29 28 28 19 1 20 29 25 28 7 26 3
split_gain=5.83607 34.3651 19.2334 14.5514 13.5118 14.1009 12.9522 12.4173 20.973 13.691 11.4982 18.4653 15.275 16.2447
threshold=10.500000000000002 0 1 2 3 41.750000000000007 1.6318814277071991 -48.874999999999993 4 0.085501537078889259 5 35.500000000000007 1040.0000000000002 1.0000623130608177
decision_type=2 9 9 9 9 10 10 10 9 10 9 2 2 8
left_child=2 4 10 -3 5 -2 -7 -5 9 -9 11 -1 13 -12
right_child=1 3 -4 7 -6 6 -8 8 -10 -11 12 -13 -14 -15
leaf_value=0.0075282062446131092 0.037718383605426363 0.011088946202564709 0.002494026828074725 -0.011063662980282628 0.0062566664721594549 -0.0028109721901385352 0.047235041831020987 0.04583613925420553 0.024190992484160873 -0.02563238164492472 -0.01389323227211928 -0.019982126086283237 0.0031393104617471381 0.0093661157500508196
leaf_weight=311.35705618560314 104.55027028173208 126.54883179627359 1857.31370232068 445.94361477717757 264.8897650251165 55.513562928885221 15.814384680241345 6.7587675638496867 64.628380727022886 51.185332922264934 702.44378684088588 74.807739242911339 233.27022686600685 83.337841533124447
leaf_count=1655 544 756 12111 2634 2032 329 83 47 488 406 5032 410 1965 698
internal_value=0.000231678 0.00331682 -0.000843084 -0.00364278 0.0140397 0.0247036 0.00878457 -0.00707023 0.00685851 -0.0142435 -0.00523299 0.00210665 -0.00800711 -0.0114176
internal_weight=4398.36 1135.83 3262.53 695.065 440.768 175.878 71.3279 568.516 122.572 57.9441 1405.22 386.165 1019.05 785.782
internal_count=29190 7319 21871 4331 2988 956 412 3575 941 453 9760 2065 7695 5730
cat_boundaries=0 2 4 5 6 8 9
cat_threshold=38385229 14 46841417 14 270465 28800 556793874 48 1327675
is_linear=0
shrinkage=0.05


Tree=220
num_leaves=15
num_cat=4
split_feature=11 2 15 11 28 29 8 11 1 26 29 10 28 15
split_gain=7.48873 6.92369 7.62884 5.7427 12.5963 12.1506 12.9394 22.3447 12.875 11.4222 10.2453 22.1757 17.2166 18.187
threshold=10.538779966858234 447.2235849725742 0.8604779125647567 6.5812421022820979 0 1 6.5000000000000009 8.3108045099516641 0.7973602484472051 11.500000000000002 2 10.500000000000002 3 9.5528280825054122
decision_type=2 2 8 2 9 9 10 2 8 2 9 2 9 10
left_child=1 3 -3 10 5 -5 8 -8 -7 -9 11 -1 13 -12
right_child=-2 2 -4 4 -6 6 7 9 -10 -11 12 -13 -14 -15
leaf_value=-0.010883330269222337 -0.035302705938669056 0.0029381414722911723 -0.046243107802302411 -0.031725119812928811 0.0033743847759758481 0.0037168167448811476 -0.057014406959228159 0.031455841387564652 0.066747114010289196 -0.026638112006013393 0.0062439862589685792 0.0083030812215788494 -0.0065954317987337446 -0.01647524752763296
leaf_weight=602.26158449612558 14.074894338846205 14.575411736965178 15.893297471106054 41.105146154761314 1768.0601695850492 33.809862941503525 20.543012678623199 19.947479553520679 9.7105424217879754 13.248754814267157 1037.8218781352043 199.88673582673073 522.51491700299084 95.29217361100018
leaf_count=4171 79 74 81 218 11502 182 118 93 54 62 7457 1429 3007 784
internal_value=-0.000122088 -1.4085e-06 -0.0233704 0.000167059 0.00222581 -0.0117676 -0.000966396 -0.0173349 0.0189639 0.00816934 -0.00143011 -0.00602291 0.000828733 0.00428275
internal_weight=4408.75 4394.67 30.4687 4364.2 1906.42 138.365 97.2597 53.7392 43.5204 33.1962 2457.78 802.148 1655.63 1133.11
internal_count=29311 29232 155 29077 12229 727 509 273 236 155 16848 5600 11248 8241
cat_boundaries=0 1 3 5 6
cat_threshold=3736608 578846744 1 1078907908 29 2659716
is_linear=0
shrinkage=0.05


Tree=221
num_leaves=15
num_cat=2
split_feature=11 2 11 6 24 7 24 4 29 1 29 23 6 1
split_gain=9.36462 12.2485 10.9698 10.5604 16.7528 12.6157 13.4587 9.67708 26.4649 17.0275 11.7359 16.8964 13.1897 15.2223
threshold=6.5334980742172721 314.86318140813614 6.5159193578802137 72.500000000000014 0.30061662287190588 28.500000000000004 0.044759444272782424 0.93412005051630831 0 1.2254809343868087 1 -1.7459027777777776 -25.499999999999996 1.0834726867335565
decision_type=2 2 2 10 8 2 10 10 9 10 9 8 10 10
left_child=1 2 3 5 -5 7 -7 10 -9 -10 12 -12 -1 -14
right_child=-2 -3 -4 4 -6 6 -8 8 9 -11 11 -13 13 -15
leaf_value=0.0012374468371895953 0.0022172890887371642 -0.044361194059701826 -0.042216514774691932 -0.0088123691253417635 0.07248921389445577 0.023495865372385086 -0.015920063598056904 0.02227293392038536 -0.033816349124086383 0.0097779070878950547 -0.068307042886651792 0.0014913815684712 -0.0048969968383105302 -0.024641039483226743
leaf_weight=268.26330491527915 2013.1184588968754 16.271743252873421 15.921896666288374 12.787160163745286 11.197108298540114 22.902374114841223 241.2919730246067 131.08295551501215 46.016393812373281 42.107829850167036 7.7344226688146591 1186.7725051045418 237.08237272687256 165.72989272885025
leaf_count=1845 12844 75 112 121 57 163 1730 982 304 285 49 8112 1511 1108
internal_value=-0.000298201 -0.00240371 -0.00209948 -0.00181263 0.0305257 -0.00215567 -0.0124275 -0.000848648 0.00906504 -0.0117874 -0.00201775 0.000974527 -0.00724419 -0.0130612
internal_weight=4418.28 2405.16 2388.89 2372.97 23.9843 2348.98 264.194 2084.79 219.207 88.1242 1865.58 1194.51 671.076 402.812
internal_count=29298 16454 16379 16267 178 16089 1893 14196 1571 589 12625 8161 4464 2619
cat_boundaries=0 2 4
cat_threshold=1120436314 40 1078494490 56
is_linear=0
shrinkage=0.05


Tree=222
num_leaves=15
num_cat=6
split_feature=7 29 10 28 24 28 16 29 29 11 24 20 21 29
split_gain=6.19833 9.7719 17.7467 12.5402 11.8749 24.8679 17.0415 14.1649 13.7308 12.9802 11.8403 15.032 14.8081 11.7117
threshold=8.5000000000000018 0 13.500000000000002 1 0.40703353924574587 2 2.342499999999998 3 4 6.815140961936403 0.43697396183301146 9.0400000000000009 0.69345350103991299 5
decision_type=2 9 2 9 10 9 10 9 9 2 10 10 8 9
left_child=1 2 4 10 5 8 7 9 -1 -6 12 -12 -3 -4
right_child=-2 3 13 -5 6 -7 -8 -9 -10 -11 11 -13 -14 -15
leaf_value=-0.032316240654983258 -0.0010071563012786142 -0.051468474455306702 -0.0071609318800500942 -0.0036981664888944888 -0.031282146334876935 0.014032284502088667 -0.053422221977079881 0.014402336909578052 -0.0042270359785316963 0.03247802257303483 0.010167568099808191 -0.020895935418069698 0.020208403969915387 0.023132865857020145
leaf_weight=114.86056688427925 3117.5244888020679 6.470494793727994 44.765498343855143 188.78459482453763 37.536773735657334 60.181764218956232 11.534696904942392 137.46593331731856 87.445692218840122 9.1964074764400703 159.01336579397321 50.485964337363839 271.49374327994883 90.124579111114144
leaf_count=723 18222 73 322 1159 248 492 101 1163 702 91 1731 407 3122 607
internal_value=0.000192165 0.00313615 -0.0015732 0.00717998 -0.00629404 -0.013225 0.00302069 0.00682456 -0.021019 -0.0151447 0.0113815 0.00261806 0.0183614 0.014276
internal_weight=4386.88 1269.36 593.112 676.248 458.222 262.488 195.734 184.199 202.306 46.7332 487.464 209.499 277.964 134.89
internal_count=29163 10941 4449 6492 3520 1917 1603 1502 1425 339 5333 2138 3195 929
cat_boundaries=0 2 3 4 6 8 10
cat_threshold=3222849605 55 2667030 1107008 2147532805 2 1074268160 33 2148550720 48
is_linear=0
shrinkage=0.05


Tree=223
num_leaves=15
num_cat=2
split_feature=20 24 5 28 24 3 6 24 6 0 7 3 28 25
split_gain=7.23783 21.2769 11.1352 12.3081 11.6112 11.0831 10.5523 9.98274 13.554 9.08997 10.4113 7.99536 14.9547 10.2328
threshold=-67.944999999999993 0.14384548156296814 0.15549920634920636 0 0.42645717254691168 0.28843880044970832 17.500000000000004 0.3160322337828797 16.500000000000004 5.0150000000000015 8.5000000000000018 0.0099352941176470595 1 0.34045990026500639
decision_type=8 10 8 9 10 8 10 10 8 8 2 8 9 10
left_child=1 -1 3 4 7 -5 -7 8 -2 10 -4 12 -11 -14
right_child=2 -3 9 5 -6 6 -8 -9 -10 11 -12 -13 13 -15
leaf_value=0.024982573509547135 0.054426998682900629 -0.018843163602776325 0.03537163625305275 -0.0035950270722282297 -0.0095895745792143848 0.04498599325102462 -0.012616542241171841 0.050454690626337333 -0.016421603007917205 -0.0034818554818341245 -0.026452944628674448 -0.00064211468344536492 -0.016627458038627873 0.03353946356257461
leaf_weight=33.640306015498936 10.002475243061779 138.45655417069793 6.8641673587262622 158.54406739771366 17.06529800966382 24.176981400698423 11.083766728639601 43.268416777253151 16.630768381059173 104.53588058054447 55.588073596358299 3698.243231408298 11.165431128814815 72.909115420654416
leaf_count=205 73 808 54 975 116 170 61 252 124 683 398 24819 80 457
internal_value=-0.000160332 -0.0101816 0.000249683 0.00985268 0.0241879 0.00198526 0.0270308 0.0358645 0.0111933 -0.000435353 -0.0192074 -0.000128869 0.00988507 0.0239453
internal_weight=4402.17 172.097 4230.08 280.772 86.967 193.805 35.2607 69.9017 26.6332 3949.31 62.4522 3886.85 188.61 84.0745
internal_count=29275 1013 28262 1771 565 1206 231 449 197 26491 452 26039 1220 537
cat_boundaries=0 1 2
cat_threshold=2109444 307200
is_linear=0
shrinkage=0.05


Tree=224
num_leaves=15
num_cat=4
split_feature=20 1 1 15 29 29 7 19 7 28 1 5 28 2
split_gain=6.16766 9.78096 5.63934 5.36119 14.7715 12.7063 12.3951 11.2312 14.371 10.9063 16.5471 11.5315 10.4571 14.3401
threshold=-84.47499999999998 2.1298554652213193 2.8354166666666671 5.2163973297879069 0 1 11.500000000000002 61.735000000000007 73.500000000000014 2 0.91709621993127155 0.80496444444444448 3 44.465120780293582
decision_type=8 10 10 8 9 9 2 8 2 9 8 10 9 2
left_child=1 -1 -3 4 7 -5 -7 8 -2 10 -9 -11 -6 -14
right_child=3 2 -4 5 12 6 -8 9 -10 11 -12 -13 13 -15
leaf_value=-0.026183511605014417 0.013701049718685224 0.030769498715790912 -0.014876808169629344 -0.013432793125199186 0.0067524670869922631 0.005418029221175214 -0.0036532618379188212 0.0391862848085619 -0.038124118198319006 -0.0086181348328227166 -0.0014881551951018805 0.033035369204918251 0.00064062543846149598 -0.033159754780312238
leaf_weight=53.526742708869278 147.22274329327047 14.387854369357228 11.254014607518911 209.90158057026565 1133.6035443879664 559.42333044111729 1146.9660799186677 31.296803582459688 13.740323374047874 736.32553216814995 110.44434212893248 16.034561974927783 173.5808348543942 37.294739309698343
leaf_count=295 1008 78 78 1500 7496 5095 6477 164 114 4739 755 114 1102 226
internal_value=-0.000435265 -0.0141767 0.0109293 -0.00017997 0.00139462 -0.00215135 -0.000673948 -0.0030233 0.00906901 -0.00524173 0.00720006 -0.00758702 0.00484765 -0.00521916
internal_weight=4395 79.1686 25.6419 4315.83 2399.54 1916.29 1706.39 1055.06 160.963 894.101 141.741 752.36 1344.48 210.876
internal_count=29241 451 156 28790 15718 13072 11572 6894 1122 5772 919 4853 8824 1328
cat_boundaries=0 2 4 5 6
cat_threshold=1657064212 35 2164330569 20 3151121 1368086
is_linear=0
shrinkage=0.05


Tree=225
num_leaves=15
num_cat=3
split_feature=11 29 25 10 3 20 15 11 1 29 6 15 3 28
split_gain=6.87731 15.7003 12.5831 12.6195 11.4855 10.2114 9.0613 9.68508 9.19275 8.32991 16.6369 13.4831 12.845 13.685
threshold=7.1042959541788084 0 0.31102742382143961 7.5000000000000009 0.92914123572455776 -1.0000000180025095e-35 5.0547569606185947 7.2340003961288764 0.9057713651498337 1 -27.499999999999996 0.17221707496168007 0.28349390855067541 2
decision_type=2 9 10 2 10 10 10 2 10 9 8 8 8 9
left_child=9 2 -2 -4 6 -5 7 8 -3 10 11 -1 13 -11
right_child=1 4 3 5 -6 -7 -8 -9 -10 12 -12 -13 -14 -15
leaf_value=-0.0088369239191714143 0.036719923600751707 0.0044802879499576858 0.00096199314338890932 0.03300120973058035 0.020775088925127701 -0.010895685490247491 -0.012002780728644556 -0.00099857948570614727 0.041499129843086242 -0.0039432128660125245 -0.0083167703075690963 0.012426609853024174 -0.0031316700037219425 0.0096395468002223109
leaf_weight=114.42173655331135 46.26238825917244 45.97826206125319 175.49162095226347 67.007935902103782 60.574253065511584 15.932479813694952 168.52774826996028 744.79067105613649 25.657038049772382 271.3193884678185 877.31301105394959 209.96909435838461 1015.1691838130355 556.31894580367953
leaf_count=777 316 280 1067 391 472 114 1120 4360 190 1478 6389 1657 7062 3537
internal_value=-0.000170261 0.00279858 0.01256 0.0085943 -0.000173782 0.0245395 -0.00148366 0.000699744 0.0181278 -0.00148741 -0.00470277 0.00492226 0.00063283 0.00525616
internal_weight=4394.73 1350.22 304.694 258.432 1045.53 82.9404 984.954 816.426 71.6353 3044.51 1201.7 324.391 1842.81 827.638
internal_count=29210 8310 1888 1572 6422 505 5950 4830 470 20900 8823 2434 12077 5015
cat_boundaries=0 2 3 4
cat_threshold=1081109788 2 1079835996 3432448
is_linear=0
shrinkage=0.05


Tree=226
num_leaves=15
num_cat=3
split_feature=29 28 8 25 18 24 29 10 19 23 15 1 18 8
split_gain=5.53267 9.16763 22.1412 18.893 17.8386 16.9022 17.6523 13.4998 14.0643 13.3935 12.0327 14.3324 11.9822 17.5521
threshold=0 1 2.5000000000000004 1.4806992426112482 -3.2599999999999993 0.35515611412426684 2 7.5000000000000009 24.250000000000004 5.3891666666666671 6.2305153221701213 0.23360215053763442 -4.7850000000000001 14.500000000000002
decision_type=9 9 8 10 10 8 9 2 8 8 10 10 10 8
left_child=1 4 3 9 5 -1 -7 -5 -9 -3 11 -11 13 -4
right_child=-2 2 12 7 -6 6 -8 8 -10 10 -12 -13 -14 -15
leaf_value=-0.023187723459605427 -0.00088013700361925422 -0.0081092958574950826 -0.012727118567996562 -0.013871923373341448 0.0067764140574976608 -0.014043395236382853 0.010161363395486615 -0.031381348076319253 0.032743775529159712 0.0054333531344658847 -0.0048467472398416242 0.054171159001759665 -0.0066638208644182288 0.01346778197216128
leaf_weight=129.64893410075456 2759.7299463860691 17.373101308941841 82.473028067499399 53.255521543323994 371.20180128701031 132.30879818275571 148.07806802541018 9.6464786455035192 45.338816877454519 18.935973651707172 13.725046724081038 78.054949240759015 262.77257673442364 273.86460236273706
leaf_count=1012 18388 116 474 309 3159 905 1076 61 248 121 78 429 1469 1384
internal_value=0.000486827 0.0027793 0.0063279 0.0193867 -0.00114025 -0.00833393 -0.00140764 0.00394155 0.0211342 0.0323068 0.0386646 0.0448084 0.00142186 0.00738642
internal_weight=4396.41 1636.68 855.44 236.33 781.238 410.036 280.387 108.241 54.9853 128.089 110.716 96.9909 619.11 356.338
internal_count=29229 10841 4689 1362 6152 2993 1981 618 309 744 628 550 3327 1858
cat_boundaries=0 2 3 5
cat_threshold=25084693 44 557660 6832144 32
is_linear=0
shrinkage=0.05


Tree=227
num_leaves=15
num_cat=3
split_feature=25 25 29 12 29 15 2 24 6 6 6 24 29 2
split_gain=6.3229 18.1058 22.2986 12.7125 13.7981 16.1487 11.4391 11.0786 10.4923 10.3259 11.731 9.91207 12.6258 14.1024
threshold=1.7971430965237885 2.2079113786762052 0 1.0000000180025095e-35 1 1.7291852570084951 -4.4638575469782049 0.15930340324803996 12.500000000000002 31.500000000000004 38.500000000000007 0.33916453202580082 2 44.465120780293582
decision_type=8 8 9 2 9 10 2 10 8 10 10 8 9 2
left_child=-1 3 6 8 7 -6 -3 -5 -2 11 -11 -4 -13 -14
right_child=1 2 9 4 5 -7 -8 -9 -10 10 -12 12 13 -15
leaf_value=0.0012134611384189411 -0.013592249095639747 0.04002261913531413 0.0096290969559257155 0.017630057740877333 -0.017147203059324542 0.023059738186767466 -0.01389315194179524 -0.047697012775641812 -0.054303581987827802 -0.034296886825583232 0.00057221529106490498 0.016050613306978354 -0.0023059114352719733 -0.036747481718486991
leaf_weight=3022.4472729470581 31.488994970917702 9.2260575070977193 521.17088647373021 7.4632683657109729 47.4365439042449 50.58809076808393 298.55716911517084 33.056791864335537 32.727074839174747 34.280728938058019 76.154752058908343 54.926448162645102 130.30583210475743 37.562488853931427
leaf_count=21573 232 59 2676 54 247 295 1653 202 185 190 497 336 818 222
internal_value=-6.20856e-05 -0.0028854 -0.000474602 -0.0166334 -0.00799846 0.00329335 -0.0117714 -0.0286335 -0.0348549 0.00369825 -0.0104623 0.00586113 -0.0029567 -0.0096152
internal_weight=4387.39 1364.95 1162.18 202.761 138.545 98.0246 307.783 40.5201 64.2161 854.401 110.435 743.966 222.795 167.868
internal_count=29239 7666 6451 1215 798 542 1712 256 417 4739 687 4052 1376 1040
cat_boundaries=0 2 4 5
cat_threshold=1614865489 50 41944138 40 43062020
is_linear=0
shrinkage=0.05


Tree=228
num_leaves=15
num_cat=3
split_feature=9 4 25 29 29 24 5 25 4 29 6 20 24 7
split_gain=6.83041 8.71903 5.18475 21.4804 19.3505 16.7551 19.2449 14.5124 15.1164 15.7822 13.8254 21.3127 13.1802 16.0057
threshold=9.5000000000000018 -6.3311159295129391 0.64017632191566542 0 1 0.52277684186160223 0.70903195229127436 1.0946081243708403 7.5894044440320139 2 27.500000000000004 -1.4999999999999927 0.1171041609859754 4.5000000000000009
decision_type=2 10 10 9 9 10 8 10 8 9 10 8 10 2
left_child=2 -2 3 -1 5 -4 -7 8 9 -6 -5 -12 -9 -14
right_child=1 -3 4 10 7 6 -8 12 -10 -11 11 -13 13 -15
leaf_value=-0.0063388213006044698 -0.0036964453270039439 0.042842484043466689 0.0070094214712794123 0.0073468201304847137 -0.012669493214615333 -0.066924618023175453 -0.0014615035177866194 0.016874803027532293 -0.017390782889027376 0.015736039480718913 0.069691953952507421 -0.019132753908481698 -0.018358722687862036 -0.001243952584008088
leaf_weight=567.84270540252328 19.501218805089593 19.479545718058944 676.06207432132214 997.55037402920425 95.130331931635737 15.590007491409777 34.872378204017878 85.808577345684171 366.14522317610681 79.6973632927984 6.3273086696863174 88.523417850956321 153.60795303620398 1174.9483727179468
leaf_count=4184 149 162 4603 6855 730 88 244 524 2415 589 47 686 967 6937
internal_value=-0.000522391 0.02005 -0.000711651 0.00148372 -0.00207077 0.00485829 -0.0225933 -0.00464757 -0.0116285 0.000469777 0.00555917 -0.0125422 -0.00200397 -0.00323509
internal_weight=4381.09 38.9808 4342.11 1660.24 2681.86 726.524 50.4624 1955.34 540.973 174.828 1092.4 94.8507 1414.36 1328.56
internal_count=29180 311 28869 11772 17097 4935 332 12162 3734 1319 7588 733 8428 7904
cat_boundaries=0 2 4 6
cat_threshold=56994894 3 2205263950 2 8541456 12
is_linear=0
shrinkage=0.05


Tree=229
num_leaves=15
num_cat=4
split_feature=28 3 24 3 29 28 24 7 0 29 0 3 15 2
split_gain=5.42889 18.8724 11.9035 5.99555 20.6558 18.5731 22.8592 16.2023 8.9904 16.4741 13.018 11.1734 11.0802 9.71421
threshold=0 0.15899162304193978 0.50252651490364786 1.0000623130608177 1 2 0.49783649237079325 8.5000000000000018 70.41500000000002 3 85.430000000000021 0.52519324611712748 8.2888450131537699 -40.18328097613967
decision_type=9 10 8 8 9 9 10 2 10 9 10 10 10 2
left_child=1 -1 -3 8 5 6 -5 -6 13 10 12 -11 -10 -2
right_child=3 2 -4 4 7 -7 -8 -9 9 11 -12 -13 -14 -15
leaf_value=-0.061973401224496377 0.038849997873991564 -0.036318472578346986 0.028457090322651524 -0.039549600744233915 0.026284545232274831 0.0097777919774074476 0.036364889540456705 0.002941367100787174 -0.04014573762014572 0.018054732833258213 -0.007501024758138056 -0.0034077219585708163 0.011024195035395017 0.00061745668880129037
leaf_weight=15.239390205591915 15.700177038088439 10.10129961371422 18.689171163365245 64.934313703328371 134.53201228566468 62.724601536989212 10.862799851223825 165.26750759407878 70.723987102508545 72.187244243919849 134.46374382637441 352.75214604660869 11.96856292709708 3245.8651091968641
leaf_count=121 101 65 224 439 1191 324 103 1029 536 596 865 2629 94 20922
internal_value=0.000174073 -0.0154334 0.00527398 0.00037054 0.00590918 -0.00973385 -0.0250733 0.0130356 -0.000251769 -0.00565495 -0.0164473 0.000265833 -0.0326964 0.000813348
internal_weight=4386.01 44.0299 28.7905 4341.98 438.321 138.522 75.7971 299.8 3903.66 642.096 217.156 424.939 82.6926 3261.57
internal_count=29239 410 289 28829 3086 866 542 2220 25743 4720 1495 3225 630 21023
cat_boundaries=0 1 3 4 6
cat_threshold=655424 2712159489 48 106500 3242295302 45
is_linear=0
shrinkage=0.05


Tree=230
num_leaves=15
num_cat=3
split_feature=16 9 29 7 30 29 8 25 6 2 29 1 7 8
split_gain=5.41871 5.52711 12.663 9.00035 14.0355 10.9472 12.425 10.8579 8.8463 12.8577 8.56235 12.7483 11.5588 10.7902
threshold=-49.04999999999999 2.5000000000000004 0 4.5000000000000009 2.5000000000000004 1 9.5000000000000018 0.73762254669176652 -73.499999999999986 256.3092644288941 2 1.192539388322521 -27.499999999999996 12.500000000000002
decision_type=8 2 9 2 2 9 10 10 10 2 9 10 2 8
left_child=-1 10 8 4 5 6 -4 -6 9 -3 11 -2 13 -12
right_child=1 2 3 -5 7 -7 -8 -9 -10 -11 12 -13 -14 -15
leaf_value=-0.03968096252096541 -0.0016247920298427241 0.029934235539260765 0.03820630701103319 0.011207521967658516 0.0034841642795908033 0.019384773986591983 -0.030537545045949438 -0.048812418443002471 -0.0083822071073814865 -0.029204207991450449 -0.0053668582697709048 -0.015388818218986473 0.0011219033551599323 -0.058372865171857274
leaf_weight=7.5699481219053268 696.66809507645667 35.110098864883184 7.478371173143386 461.43009898811579 16.376550352200866 54.579747438430786 29.313420865684748 23.713123505935073 258.46852984465659 11.444091230630873 25.563083287328482 220.9085055757314 2552.1790820173919 14.600971743464468
leaf_count=41 4487 211 37 3353 164 391 189 160 1654 54 156 1493 16936 68
internal_value=3.88656e-05 0.000116065 0.00361436 0.00779347 -0.00359567 0.00724767 -0.0125915 -0.0278845 -0.00461173 0.0150882 -0.00077965 -0.00489833 0.000695716 -0.0255862
internal_weight=4415.4 4407.83 897.914 592.891 131.461 91.3715 36.7918 40.0897 305.023 46.5542 3509.92 917.577 2592.34 40.1641
internal_count=29394 29353 6213 4294 941 617 226 324 1919 265 23140 5980 17160 224
cat_boundaries=0 2 4 6
cat_threshold=3259927556 18 10567936 40 1619005722 36
is_linear=0
shrinkage=0.05


Tree=231
num_leaves=15
num_cat=2
split_feature=3 26 8 3 29 20 2 29 20 24 5 19 3 8
split_gain=5.79019 19.0728 14.8743 6.01131 11.3454 7.95199 5.76784 5.70933 8.93242 6.6903 10.2758 8.23868 8.62392 6.05352
threshold=1.4657099535114113 1021.5000000000001 24.500000000000004 1.0454479565034773 0 -23.995000000000001 70.475829710034375 1 -39.994999999999997 0.52254743481665811 1.0482115384615387 23.500000000000004 0.020431918968504062 22.500000000000004
decision_type=10 2 10 10 9 10 2 9 8 10 8 8 10 8
left_child=3 -2 -3 7 5 -5 -6 8 13 11 -11 12 -10 -1
right_child=1 2 -4 4 6 -7 -8 -9 9 10 -12 -13 -14 -15
leaf_value=-0.049818087571184159 0.012574917076591445 -0.096987905720735623 -0.014124616322698472 -0.033007171615711262 0.02968732524446905 0.021411161795667374 -0.014476052867004985 -0.00031945573395201089 0.01910739408812423 -0.034986561666477303 0.031486794380571358 0.020821863049669011 -0.03713747260495312 0.0030175402498151269
leaf_weight=9.2695232778787595 25.067299319431186 8.7731949407607335 13.070070894435046 20.540413631126288 62.289093516767025 8.9380213096737844 7.7672263272106639 4034.2542517343536 12.416255885735156 15.761356923729183 7.9783295858651391 131.47749222349375 12.97673290222883 11.256093390285971
leaf_count=66 253 51 103 147 645 71 40 26467 76 108 57 956 87 63
internal_value=0.000196228 -0.0170906 -0.0501949 0.000387197 0.012471 -0.0123079 0.0216142 0.000100342 0.00809561 0.0120698 -0.0122768 0.0158086 -0.00995381 -0.0220493
internal_weight=4381.84 46.9106 21.8433 4334.92 99.5348 29.4784 70.0563 4235.39 201.136 180.61 23.7397 156.87 25.393 20.5256
internal_count=29190 407 154 28783 903 218 685 27880 1413 1284 165 1119 163 129
cat_boundaries=0 1 2
cat_threshold=2158513152 2150694916
is_linear=0
shrinkage=0.05


Tree=232
num_leaves=15
num_cat=4
split_feature=15 29 15 7 0 24 18 0 15 29 22 29 28 18
split_gain=6.44824 27.9758 15.4857 14.5632 14.9887 12.762 13.6657 10.3529 9.99313 14.0909 11.1129 16.0926 10.6956 11.7586
threshold=5.5047445308177965 0 6.5297553020187804 14.500000000000002 90.280000000000015 0.49783649237079325 6.8500000000000014 83.790000000000006 2.5068177857403344 1 18.65666666666667 2 3 -0.65624999999999989
decision_type=10 9 10 2 10 10 10 8 10 9 8 9 9 8
left_child=8 2 -2 4 5 -3 -7 -4 9 12 11 -11 13 -1
right_child=1 3 7 -5 -6 6 -8 -9 -10 10 -12 -13 -14 -15
leaf_value=-0.02378534270556739 -0.01486778131498848 -0.0039658610899231958 0.036686592766818127 -0.019105670428905427 -0.033459833864013071 0.038289449679316766 -0.021716030731422309 0.0086303030758737836 0.0057148647088578249 0.011246880184050477 0.0026518716132902949 -0.021645023711197479 0.0056323607382833263 -0.0059918320974898989
leaf_weight=109.63574203290045 35.983132099732757 281.49605023674667 61.339056475088 237.91795551963151 35.876588691025972 36.881143404170871 11.927819788455961 71.316221106797457 766.47718640975654 49.906268507242203 1853.9333376083523 100.69032785762101 154.20544363372028 586.12375579215586
leaf_count=704 268 2535 483 1197 254 398 83 529 5313 374 11711 733 929 3765
internal_value=-0.000235366 -0.00437867 0.0131445 -0.00934679 -0.00322597 0.000149008 0.0234839 0.0217808 0.000649806 -0.000711768 0.00158098 -0.0114286 -0.00606176 -0.00870092
internal_weight=4393.71 772.738 168.638 604.1 366.182 330.305 48.809 132.655 3620.97 2854.49 2004.53 150.597 849.965 695.759
internal_count=29276 5747 1280 4467 3270 3016 481 1012 23529 18216 12818 1107 5398 4469
cat_boundaries=0 2 4 5 6
cat_threshold=3234070532 48 3229877252 55 543764488 2220102
is_linear=0
shrinkage=0.05


Tree=233
num_leaves=15
num_cat=4
split_feature=7 3 29 24 25 25 4 29 28 19 19 25 29 16
split_gain=5.21866 9.80517 15.3252 14.3684 13.6853 13.6029 10.6245 9.97484 12.5044 13.4428 12.6536 10.801 16.7578 10.342
threshold=10.500000000000002 0.34668293456639165 0 0.27210806665213821 3.5544152017138315 4.4071518458719465 -13.757456827782189 1 2 9.5000000000000018 3.0000000000000004 0.3946309390221458 3 -12.787500000000003
decision_type=2 8 9 10 10 10 8 9 9 8 8 8 9 10
left_child=-1 7 6 4 -4 -6 -3 -2 10 -10 -9 -11 13 -13
right_child=1 2 3 -5 5 -7 -8 8 9 11 -12 12 -14 -15
leaf_value=0.0022244195091672635 -0.0038074949678279981 -0.024106532566831939 -0.0059972465419088107 -0.01430607744173518 0.042773896733782082 0.00020757434552274039 0.0064618378035618158 0.031573898309948271 -0.010803259003995395 -0.0011694225810196437 -0.0082077524811603689 0.0017549174572444024 0.016939295663431601 -0.038651515134764614
leaf_weight=1388.8609701544046 675.70575689710677 30.09385135024786 323.99972678162158 479.65144000388682 30.381125938147306 46.724146807566285 332.3845231551677 20.651622965931892 91.235314866527915 177.1469585262239 262.21562967076898 72.267620343714952 436.15151825733483 19.251712985336781
leaf_count=12116 4126 171 1831 2804 145 225 1821 111 642 1118 1330 394 2353 105
internal_value=-0.000308298 -0.00148202 -0.00487724 -0.00838025 -0.00148445 0.0173125 0.00376116 0.000925065 0.003889 0.00708191 -0.00502534 0.00950943 0.0130899 -0.00638105
internal_weight=4386.72 2997.86 1243.23 880.756 401.105 77.1053 362.478 1754.63 1078.92 796.053 282.867 704.818 527.671 91.5193
internal_count=29292 17176 6997 5005 2201 370 1992 10179 6053 4612 1441 3970 2852 499
cat_boundaries=0 2 4 5 6
cat_threshold=2161251348 52 1087347740 52 2109489 2687525120
is_linear=0
shrinkage=0.05


Tree=234
num_leaves=15
num_cat=2
split_feature=7 15 28 3 8 7 24 31 11 28 19 6 1 24
split_gain=6.22636 10.8815 12.4689 12.4708 10.1075 8.81494 10.3044 8.7475 8.18952 18.1882 12.2099 13.6707 12.3516 11.5242
threshold=13.500000000000002 4.7413727524204683 0 0.73377400990321195 -2.4999999999999996 28.500000000000004 0.21779994428418661 3.5000000000000004 7.8066145571806018 1 90.355000000000004 57.500000000000007 0.16760299625468167 0.16305673272927665
decision_type=2 10 9 10 8 2 10 8 2 9 10 10 8 10
left_child=4 8 3 5 -1 6 -3 -4 9 -2 11 12 -10 -14
right_child=1 2 7 -5 -6 -7 -8 -9 10 -11 -12 -13 13 -15
leaf_value=0.043991018818058926 -0.015550017274693243 0.022866227082391746 -0.013992934698392965 0.02656318023111115 0.0015149339671333823 -0.024588790359327678 -0.0086004151001976368 -0.060069318691950119 -0.020244160707064918 -8.5687221524378493e-05 -0.013769937421146997 -0.026088070031965633 -0.009579498455032363 0.017058911733574274
leaf_weight=13.120031317695974 208.13234566152096 38.573236644268036 270.15839833021164 38.086718887090683 1753.9156576283276 41.045285485684872 74.991215609014034 9.8344384878873807 28.361019019037485 1448.773615103215 70.630435153841972 25.616093253716826 46.099306158721447 307.41980375349522
leaf_count=172 1177 169 1473 179 14822 187 344 45 173 8296 334 218 220 1472
internal_value=-0.000435856 -0.00198831 -0.00884411 0.00125559 0.00185502 -0.00502866 0.00219383 -0.0152757 -0.000467023 -0.00213076 0.00529092 0.00862032 0.0110106 0.013568
internal_weight=4374.76 2607.72 472.689 192.696 1767.04 154.61 113.564 279.993 2135.03 1656.91 478.127 407.496 381.88 353.519
internal_count=29281 14287 2397 879 14994 700 513 1518 11890 9473 2417 2083 1865 1692
cat_boundaries=0 1 2
cat_threshold=2121728 2170880
is_linear=0
shrinkage=0.05


Tree=235
num_leaves=15
num_cat=4
split_feature=24 16 29 23 9 4 29 29 3 10 18 2 29 11
split_gain=5.4817 4.46716 9.55601 7.12017 6.11447 4.91163 17.7797 6.58393 9.74666 8.32983 7.09252 6.44901 13.9962 11.5991
threshold=1.0000000180025095e-35 -8.9924999999999962 0 1.732777777777778 1.0000000180025095e-35 -28.368541009576472 1 2 0.12986664415442903 10.500000000000002 -3.0587499999999994 2.4378221666928162 3 5.8709621908621772
decision_type=8 8 9 10 2 8 9 9 10 2 8 2 9 2
left_child=-1 2 -2 4 -4 6 -3 8 9 -7 -10 -9 13 -13
right_child=1 5 3 -5 -6 7 -8 11 10 -11 -12 12 -14 -15
leaf_value=-0.029114814091988031 0.0091127919207875455 -0.018947637038985041 0.0036678426140409151 0.015339877192121801 -0.044371911613274057 0.0056168638334225104 0.0083909467158733396 0.0018775378858846934 -0.0248734352332875 -0.03156931117668859 0.020507898484871643 -0.017209748356781289 -0.0054889590201708423 0.017996935679188683
leaf_weight=14.610990822315214 35.22751235216856 115.80906499363482 8.0488061476498824 7.8083300609141579 32.94681303948164 53.1064528580755 104.8503205627203 2881.6834883550182 8.3782586418092233 19.89946911111474 131.80162649229169 28.020703671500087 800.44660862907767 122.48035217449069
leaf_count=104 218 823 65 68 223 320 848 19760 45 117 934 177 4647 780
internal_value=0.0004612 0.000567198 -0.0107809 -0.0223727 -0.0350774 0.000793181 -0.00645422 0.00118995 0.0095204 -0.00480871 0.0176386 0.000697564 -0.00286903 0.0106676
internal_weight=4365.12 4350.51 84.0315 48.8039 40.9956 4266.48 220.659 4045.82 213.186 73.0059 140.18 3832.63 950.948 150.501
internal_count=29129 29025 574 356 288 28451 1671 26780 1416 437 979 25364 5604 957
cat_boundaries=0 2 4 6 8
cat_threshold=8962056 48 1099211845 62 2165309444 16 1075974146 13
is_linear=0
shrinkage=0.05


Tree=236
num_leaves=15
num_cat=3
split_feature=7 24 14 11 19 19 25 25 29 11 29 6 24 28
split_gain=6.25728 14.1702 16.499 22.6639 19.8531 13.123 9.23965 8.00121 24.8321 20.7296 16.9229 16.6236 14.2887 14.0835
threshold=48.500000000000007 0.30061662287190588 0.23875000000000005 7.2222374631640287 12.000000000000002 73.000000000000014 0.56111870291159693 0.64017632191566542 0 7.4042030319076231 1 27.500000000000004 0.24356556503993954 2
decision_type=2 8 10 2 8 8 8 10 9 2 9 10 8 9
left_child=7 5 3 4 -3 -2 -7 8 9 -1 13 -10 -13 -9
right_child=1 2 -4 -5 -6 6 -8 10 11 -11 -12 12 -14 -15
leaf_value=-0.010499189321472818 -0.039898148219921652 0.091295009550069833 -0.042124247694088082 -0.0034677507234367189 -0.0010786337746173404 -0.04114145547771491 0.0011858352683131947 -0.014532066696015167 0.0091888445255776108 0.019699659858320458 -0.0030217082608756793 0.016360672753580711 -0.028278610247182243 0.010006468840318427
leaf_weight=401.44358636252582 44.405161989852786 14.485060326755049 12.437310650944708 42.476049449294806 9.2789898402988893 14.760948631912468 70.570720478892326 57.996781097725034 1066.1441839346662 65.227762117981911 2023.5248782914132 25.482114234939218 55.456947172060609 460.38215781189501
leaf_count=2963 486 75 98 240 59 128 527 336 7499 414 12625 196 399 3167
internal_value=0.000366327 -0.00806687 0.00860747 0.0186177 0.0566394 -0.0181673 -0.00652782 0.000791107 0.00354351 -0.00611439 -0.000956991 0.00746282 -0.0141966 0.00701616
internal_weight=4364.07 208.414 78.6774 66.2401 23.7641 129.737 85.3317 4155.66 1613.75 466.671 2541.9 1147.08 80.9391 518.379
internal_count=29212 1613 472 374 134 1141 655 27599 11471 3377 16128 8094 595 3503
cat_boundaries=0 2 4 5
cat_threshold=2204212302 2 2204215821 2 3474466
is_linear=0
shrinkage=0.05


Tree=237
num_leaves=15
num_cat=2
split_feature=29 26 19 11 26 16 1 25 2 2 2 29 7 19
split_gain=6.83068 9.47249 8.84352 10.4035 7.09036 7.49033 6.52951 5.85782 5.15749 11.5984 15.8714 11.4092 8.42631 7.56592
threshold=0 141.50000000000003 73.000000000000014 5.3575997382363418 807.00000000000011 -6.2699999999999987 0.38935969868173265 17.100052097240919 -0.0017448529702202007 -2.4930444108995302 -6.2459047189660319 1 10.500000000000002 41.750000000000007
decision_type=9 2 10 2 2 10 8 10 2 2 2 9 2 8
left_child=1 -1 3 -3 5 -4 -5 8 9 10 11 13 -12 -2
right_child=7 2 4 6 -6 -7 -8 -9 -10 -11 12 -13 -14 -15
leaf_value=0.026678024685018776 0.079745316086770074 -0.034537369725829763 -0.0067472603612737424 -0.019552759707471435 0.01994787405917476 -0.065643720479867967 0.028893782729935376 -0.030601555521428639 -0.00065668424212391753 0.029677506372644775 0.011577177383963314 -0.001370109074892464 -0.045586321018143479 0.023524383004620123
leaf_weight=56.986004065722227 7.8753369003534344 9.2277985438704473 11.21463486552239 7.6144219879060975 6.8626862727105609 9.8900091610848886 40.695716954767704 14.975185036659239 4018.16966368258 44.758160462602973 8.3714227862656134 92.113502008840442 22.748057845979929 22.925831722095609
leaf_count=393 42 82 87 52 66 65 320 89 26604 292 88 709 124 186
internal_value=-5.79935e-06 0.0103562 0.000492893 0.0116688 -0.0221088 -0.0360683 0.0210162 -0.000380624 -0.000266977 0.007574 0.00100132 0.00911377 -0.0303271 0.0303964
internal_weight=4374.43 142.491 85.5053 57.5379 27.9673 21.1046 48.3101 4231.94 4216.96 198.792 154.034 122.915 31.1195 30.8012
internal_count=29199 1065 672 454 218 152 372 28134 28045 1441 1149 937 212 228
cat_boundaries=0 1 3
cat_threshold=2148532740 1644168272 41
is_linear=0
shrinkage=0.05


Tree=238
num_leaves=15
num_cat=2
split_feature=11 24 11 26 26 29 28 25 23 0 24 26 25 1
split_gain=5.72465 6.39676 6.09888 7.86686 7.9951 5.86937 10.8093 19.6765 25.3837 17.7391 14.2161 9.44078 17.0941 13.7407
threshold=10.309801356618395 0.20997357373695416 9.3797455332738249 5.5000000000000009 348.50000000000006 0 1 2.9183998881255522 0.86541666666666706 69.995000000000019 0.1171041609859754 74.500000000000014 5.7289933136324214 1.2010638297872342
decision_type=2 10 2 2 2 9 9 10 10 10 10 2 10 8
left_child=2 -2 5 -4 -5 6 7 8 9 -1 -9 12 13 -12
right_child=1 -3 3 4 -6 -7 -8 10 -10 -11 11 -13 -14 -15
leaf_value=-0.043997517067017072 0.014032082322065147 -0.033265791800776739 -0.010596038385661109 0.027327878816431325 -0.019692604269384205 0.0011824031661656568 -0.00038554213224367901 0.048390856863762335 0.039046001107150306 0.0096579893193849912 -0.02729568176328805 0.0067487587214437915 -0.054350773254856703 0.031854826451754269
leaf_weight=88.864178109914064 9.3086644634604436 24.305378682911396 26.504851654171944 63.213224653154612 9.7853509262204152 2981.1471503311768 960.39748792070895 12.864889554679392 12.180771008133886 18.20421526581049 19.573706980794668 76.964215766638517 21.284203339368105 17.781806819140911
leaf_count=457 42 146 145 381 53 19936 7015 61 64 98 102 383 111 83
internal_value=0.000111944 -0.0201407 0.000274578 0.0124471 0.0208439 -1.60586e-05 -0.00290977 -0.0115924 -0.0270577 -0.0348698 0.000151535 -0.00474572 -0.0196923 0.000957303
internal_weight=4342.38 33.614 4308.77 99.5034 72.9986 4209.26 1228.12 267.718 119.249 107.068 148.469 135.604 58.6397 37.3555
internal_count=29077 188 28889 579 434 28310 8374 1359 619 555 740 679 296 185
cat_boundaries=0 1 2
cat_threshold=1619017554 82016
is_linear=0
shrinkage=0.05


Tree=239
num_leaves=15
num_cat=4
split_feature=5 29 18 29 25 24 28 20 3 9 8 28 25 3
split_gain=5.38647 14.2302 8.73073 7.15786 19.8773 15.7197 11.7475 10.5937 15.0102 12.3402 18.984 20.209 18.5879 14.9981
threshold=0.32806356425171873 0 5.0012500000000015 1 -0.61031385827701601 0.51694264374709065 2 9.6625000000000032 0.58342261908190196 1.0000000180025095e-35 10.500000000000002 3 3.3138119889266568 0.029581968332804989
decision_type=8 9 10 9 10 10 9 10 10 2 8 9 8 10
left_child=1 -1 -3 4 -2 6 -6 9 -9 -5 12 -12 13 -11
right_child=3 2 -4 7 5 -7 -8 8 -10 10 11 -13 -14 -15
leaf_value=0.011294927188505948 0.033747222603925729 -0.00025320077272943369 -0.030786680886606639 -0.0016479869259412119 0.014569591805116289 0.012053220604881544 -0.007588126592401042 0.0015782262307002814 -0.030746654723513206 0.058480335872606481 0.0063119765956342767 -0.012041211633637933 -0.012877471598099075 0.01865250546989803
leaf_weight=366.04458974953741 34.041215647011995 418.21240655146539 23.801435317844152 1060.6188417794183 54.389648132026196 128.08045311644673 1034.2399300336838 87.950990872457623 59.590818094089627 26.601373009383678 676.58764419704676 181.38990046642721 40.22591389529407 182.81581353023648
leaf_count=2402 213 2756 179 6633 337 999 7271 636 401 147 4518 1152 243 1376
internal_value=0.000505498 0.00418881 -0.00191981 -0.000329959 -0.00336067 -0.00445334 -0.00640467 0.00131649 -0.0115966 0.0022062 0.00589499 0.00235563 0.0180012 0.0239655
internal_weight=4374.59 808.058 442.014 3566.53 1250.75 1216.71 1088.63 2315.78 147.542 2168.24 1107.62 857.978 249.643 209.417
internal_count=29263 5337 2935 23926 8820 8607 7608 15106 1037 14069 7436 5670 1766 1523
cat_boundaries=0 2 4 5 6
cat_threshold=1650757201 49 1651276865 52 1310721 581639
is_linear=0
shrinkage=0.05


Tree=240
num_leaves=15
num_cat=5
split_feature=3 29 29 25 28 7 24 8 29 6 4 29 24 7
split_gain=5.9967 14.2601 13.728 18.0049 13.7034 12.5841 13.0515 11.1719 11.8993 10.6255 11.3993 11.2492 10.5395 13.7926
threshold=0.37389905437154908 0 1 0.016125767301705538 2 3.5000000000000004 0.038016003487593548 44.500000000000007 3 7.5000000000000009 45.903132832733242 4 0.18930685048091125 14.500000000000002
decision_type=10 9 9 8 9 2 8 8 9 10 10 9 10 2
left_child=2 -2 4 -4 -1 7 -7 8 -5 12 11 -11 -3 -14
right_child=1 9 3 5 -6 6 -8 -9 -10 10 -12 -13 13 -15
leaf_value=0.015830644070631304 0.0074181746120963454 0.0086141408046461494 -0.01564738550394627 -0.010424765866817514 -0.0080231715570530781 0.048786080439051138 0.0034654848606736469 0.052531742573000306 0.025684440581099699 -0.029810224682102034 0.039108610315417069 -0.0072905300384771138 -0.00077358893861756146 -0.013447844952289012
leaf_weight=58.674053221940994 319.99220110103488 197.70021377503872 111.28487505111843 32.596515722572803 493.19922214373946 15.056107036769388 1565.9600027296692 22.277805048972368 47.274765817448497 72.936463549733162 9.5728512778878194 239.3277303725481 887.11547511164099 282.23408178240061
leaf_count=294 2259 1170 935 194 3366 84 9329 118 340 455 58 1466 7804 1291
internal_value=-0.000106332 -0.00211089 0.0016101 0.00372302 -0.00522727 0.00503436 0.00392764 0.0219594 0.012888 -0.00394026 -0.0121228 -0.0138132 -0.00203523 -0.00384152
internal_weight=4355.2 2008.88 2346.32 1794.45 551.873 1683.17 1581.02 102.149 79.8713 1688.89 321.837 312.264 1367.05 1169.35
internal_count=29163 14503 14660 11000 3660 10065 9413 652 534 12244 1979 1921 10265 9095
cat_boundaries=0 2 4 5 7 9
cat_threshold=1312517 48 1971468 48 1048754 25165890 10 2650114 8
is_linear=0
shrinkage=0.05


Tree=241
num_leaves=15
num_cat=2
split_feature=3 26 19 7 26 26 26 29 29 19 20 11 11 20
split_gain=5.48375 19.0076 13.5783 7.32928 7.28352 18.0275 15.2466 22.0152 16.0781 14.6133 14.6117 12.2674 11.2097 10.5099
threshold=1.4657099535114113 1021.5000000000001 98.750000000000014 12.500000000000002 1040.0000000000002 997.50000000000011 1695.5000000000002 0 1 32.500000000000007 -23.995000000000001 5.640202533433464 6.0847726869023431 12.287500000000003
decision_type=10 2 8 2 2 2 2 9 9 8 8 2 2 8
left_child=4 3 -3 -2 5 -1 7 11 10 -7 -8 -6 -12 -13
right_child=1 2 -4 -5 6 9 8 -9 -10 -11 12 13 -14 -15
leaf_value=-3.8753959020043161e-05 0.028185700525210952 -0.0086551218943617374 -0.089954575823477087 -0.029497567742813358 -0.034859814460199048 0.023223556143581091 -0.076342476870874629 0.028845868816519273 0.0059763602063107732 -0.051575365699546454 -0.039898331774661858 0.02940165363225606 -0.00062670655217428707 -0.013888010641638686
leaf_weight=3718.7612387919798 18.320751961320642 9.9749401714652794 10.127988703548906 6.7847439721226683 23.595453260466456 7.7798210456967345 8.8357213437557203 120.42361289449036 270.02394805196673 28.10293522849679 24.433289356529713 26.747301556169987 63.751165946945548 27.466334624215961
leaf_count=23849 226 87 55 34 159 47 69 1002 2309 186 166 231 574 227
internal_value=0.000230201 -0.0169031 -0.0519361 0.012064 0.000413373 -0.000383756 0.00569934 0.0168351 -0.000344276 -0.0351681 -0.016721 -0.00491973 -0.0118331 0.00761543
internal_weight=4365.13 45.2084 20.1029 25.1055 4319.92 3754.64 565.277 198.233 367.044 35.8828 97.0202 77.8091 88.1845 54.2136
internal_count=29221 402 142 260 28819 24082 4737 1619 3118 233 809 617 740 458
cat_boundaries=0 2 4
cat_threshold=2166369367 14 1099184652 50
is_linear=0
shrinkage=0.05


Tree=242
num_leaves=15
num_cat=2
split_feature=8 6 29 10 14 26 26 5 28 25 25 19 1 26
split_gain=7.68628 6.40862 12.2198 11.0802 9.34396 9.65496 9.24399 12.8247 8.96264 14.3846 19.1357 13.911 15.5381 12.6942
threshold=-29.499999999999996 27.500000000000004 0 10.500000000000002 2.2487499999999998 237.50000000000003 92.500000000000014 1.0038294010889295 1 1.7060893114231053 0.99558462709998519 29.000000000000004 0.39668856048166395 232.50000000000003
decision_type=8 10 9 2 10 2 2 8 9 8 10 8 10 2
left_child=-1 -2 3 -3 5 6 7 -5 13 10 11 -10 -13 -4
right_child=1 2 8 4 -6 -7 -8 -9 9 -11 -12 12 -14 -15
leaf_value=0.038005985380625995 0.00054372882144562457 -0.027098679543850365 -0.032215603651839599 0.065406987638677958 -0.043618927350808134 0.053368933893560767 -0.040520753951638899 -0.0093287675599618303 -0.023618884935711813 -0.0069803355378483577 0.039051792004837077 -0.0028514601719954518 0.051258717382103802 0.036365258317309863
leaf_weight=12.240984559059143 3862.1317606493831 102.59963391721249 40.893864993005991 7.3692425936460522 8.6579542960971576 9.2000662684440595 9.885069537907837 17.639064863324165 34.323074819520116 154.65731082670391 51.38391107134521 37.508500980213284 19.446310106664896 7.1793306190520516
leaf_count=68 25592 915 291 44 97 69 99 130 322 905 305 272 113 67
internal_value=-3.13566e-05 -0.000146763 -0.00546286 -0.0165425 0.00103352 0.0105741 -0.00188179 0.0143619 3.06045e-05 0.00344805 0.0149632 0.00112654 0.0161893 -0.0178117
internal_weight=4375.12 4362.88 500.743 155.351 52.7514 44.0934 34.8934 25.0083 345.392 297.319 142.662 91.2779 56.9548 48.0732
internal_count=29289 29221 3629 1354 439 342 273 174 2275 1917 1012 707 385 358
cat_boundaries=0 2 3
cat_threshold=1116017740 13 32769
is_linear=0
shrinkage=0.05


Tree=243
num_leaves=15
num_cat=4
split_feature=28 8 25 29 6 25 15 24 29 4 11 31 3 33
split_gain=5.09642 19.7263 17.4923 14.2621 11.8362 10.5946 7.11426 6.8034 7.98027 7.18885 6.60852 6.05528 5.64963 5.44412
threshold=0 10.500000000000002 3.9031880879223952 1 13.500000000000002 1.2780542441522658 0.28585501811443353 0.30427122083000352 2 0.046697713708983492 7.7935165814144405 2.5000000000000004 0.50229627842275837 3
decision_type=9 8 10 9 10 8 10 8 9 8 2 10 10 1
left_child=1 2 4 -3 -1 6 11 -5 9 12 13 -6 -9 -10
right_child=-2 3 -4 7 5 -7 -8 8 10 -11 -12 -13 -14 -15
leaf_value=0.045493166915586136 -0.00039366030126805249 -0.036534279404772989 -0.03770375300954288 0.035396674295409485 0.0060058444381561986 0.03580432353644443 0.019016102090092329 0.02197118391503184 -0.009221832513743514 0.037710955436854141 0.023647159080266173 -0.044831494960773335 -0.024570660425082456 -0.042126894037207187
leaf_weight=48.442898236215115 4032.9659161269665 18.278265662491322 10.68632724881172 12.650110518559812 10.360613040626049 28.98448383808136 18.583007322624326 11.782588038593532 67.079644054174423 20.791648766025901 11.423113785684107 11.876001693308353 12.315853551030157 14.751737488433717
leaf_count=409 27210 104 68 80 55 139 91 72 393 146 72 60 78 91
internal_value=7.96485e-05 0.00626843 0.0211312 -0.00475477 0.0267198 0.0132329 -0.00326708 0.00161317 -0.00159666 0.0138746 -0.00956908 -0.021906 -0.00184596 -0.0155906
internal_weight=4330.97 298.006 128.933 169.073 118.247 69.8041 40.8196 150.795 138.145 44.8901 93.2545 22.2366 24.0984 81.8314
internal_count=29068 1858 822 1036 754 345 206 932 852 296 556 115 150 484
cat_boundaries=0 1 3 4 5
cat_threshold=2359714 33587209 2 2147634000 4
is_linear=0
shrinkage=0.05


Tree=244
num_leaves=15
num_cat=4
split_feature=9 33 29 11 6 25 26 11 29 7 26 7 7 29
split_gain=5.22565 4.91694 14.3582 17.5027 12.6707 14.0234 12.4339 12.0045 30.6895 20.3812 16.8373 14.0135 13.1175 13.0052
threshold=12.500000000000002 0 1 7.8864289082836168 -12.499999999999998 0.31102742382143961 1520.5000000000002 6.0578371229795582 2 -1.4999999999999998 112.50000000000001 35.500000000000007 -4.4999999999999991 3
decision_type=2 1 9 2 10 10 2 2 9 2 2 2 2 9
left_child=1 7 3 4 -3 -6 -4 8 10 -10 -1 13 -12 -9
right_child=-2 2 6 -5 5 -7 -8 11 9 -11 12 -13 -14 -15
leaf_value=0.017293745683098671 0.029005730223865461 0.0024489246561268762 0.0030440514339131349 0.024659883342221998 0.0018848530909542323 -0.037541261890098286 0.041872376362273672 -0.010610498010139162 0.010147204825479907 -0.015566226179053481 -0.045141253245698898 -0.010248615829732251 -4.4013607030563402e-05 0.0043028090626000687
leaf_weight=173.54561907052994 14.212136043235658 54.903833510354161 1400.2596412673593 28.379136420786381 30.918690107762814 81.45643538236618 19.934929504990578 153.91074201650918 88.016040839254856 585.63241101056337 17.130627445876598 241.73013945110142 145.76092824526131 1331.6116490960121
leaf_count=1079 112 362 8848 169 216 589 259 987 526 4312 93 1732 1062 8920
internal_value=-0.000248557 -0.000350705 0.00183575 -0.0105196 -0.0172241 -0.0267727 0.00359287 -0.00164157 -0.00596857 -0.0120184 0.0063138 0.000890824 -0.0050332 0.00270915
internal_weight=4367.4 4353.19 1615.85 195.658 167.279 112.375 1420.19 2737.34 1010.09 673.648 336.437 1727.25 162.892 1485.52
internal_count=29266 29154 10443 1336 1167 805 9107 18711 7072 4838 2234 11639 1155 9907
cat_boundaries=0 1 3 5 7
cat_threshold=4 1075841360 11 544213841 46 4201217 32
is_linear=0
shrinkage=0.05


Tree=245
num_leaves=15
num_cat=2
split_feature=24 3 24 20 14 1 11 28 25 10 1 28 16 10
split_gain=6.69472 18.9153 8.18839 5.09388 5.05664 5.87039 5.24473 15.7834 15.2105 10.2054 8.3888 8.25253 11.1408 12.0181
threshold=0.80453074433656979 0.0081693430460039757 0.65714463266303424 12.935000000000004 18.761250000000004 1.186970338983051 6.4168874935853184 0 1.2305170179156721 7.5000000000000009 1.6441492829204696 1 0.74999999999999567 28.500000000000004
decision_type=10 10 10 10 10 10 2 9 8 2 10 9 10 2
left_child=2 -2 4 -4 6 -6 7 8 -1 10 -10 -8 13 -13
right_child=1 -3 3 -5 5 -7 11 -9 9 -11 -12 12 -14 -15
leaf_value=0.026860080453182729 -0.094748389301351391 0.0051224050593857776 0.023491036536438619 -0.019532912348837719 0.013606790265701814 -0.040396272408866278 0.0030805546073503095 -0.0029023558816035394 -0.007980473851792038 -0.0410510647060588 0.035927137477020012 0.00017808657792517076 -0.039943828076080629 -0.03441866806710478
leaf_weight=91.836016304790974 6.079534254968169 14.067558223381637 53.578239684924483 7.1038454473018637 6.7630022671073702 14.902789227664469 1786.6804594853893 2031.9418838713318 33.361607033759356 14.004453752189873 14.957538820803164 257.36369810812175 21.261940067633986 26.81341739371419
leaf_count=595 40 182 439 43 54 109 11561 13965 211 90 97 1699 144 177
internal_value=-4.98799e-06 -0.0280697 0.000131085 0.0182194 -0.000128362 -0.0236826 -3.5725e-06 -0.0017158 0.0131795 -0.00500385 0.00606431 0.00178553 -0.00568993 -0.00319552
internal_weight=4380.72 20.1471 4360.57 60.6821 4299.89 21.6658 4278.22 2186.1 154.16 62.3236 48.3191 2092.12 305.439 284.177
internal_count=29406 222 29184 482 28702 163 28539 14958 993 398 308 13581 2020 1876
cat_boundaries=0 1 2
cat_threshold=3670322 848385
is_linear=0
shrinkage=0.05


Tree=246
num_leaves=15
num_cat=1
split_feature=7 13 0 19 28 3 26 26 18 11 26 30 26 1
split_gain=6.85682 8.99302 9.63737 10.3798 8.95725 16.2622 10.3528 9.99082 8.69042 8.34655 8.07225 20.7268 10.7262 19.0575
threshold=10.500000000000002 22.010000000000002 82.815000000000012 98.750000000000014 0 0.6645704643328193 282.50000000000006 490.00000000000006 8.9650000000000016 8.2332836796878315 23.500000000000004 3.5000000000000004 1.5000000000000002 1.2919871794871798
decision_type=2 10 10 8 9 10 2 2 10 2 2 2 2 10
left_child=4 2 8 -4 5 9 -7 -8 -2 -1 11 -6 13 -13
right_child=1 -3 3 -5 10 6 7 -9 -10 -11 -12 12 -14 -15
leaf_value=0.026676385801822574 -0.0005020417045422538 0.032498339520161498 -0.030792568530411346 0.0091822793654842711 -0.0013223180721054807 0.0071528670845791625 -0.055369786147579619 -0.0018449028471244269 -0.019967044339815887 -0.01377889127592063 0.0038486428360972286 -0.059605445400739435 -0.078198827292449022 0.03535541731126754
leaf_weight=131.63901516236365 2833.2625478263944 18.742578860372305 53.017174603417516 22.670725021511316 295.48732929117978 93.962356112897396 14.076363759115337 20.843115393072367 57.528184847906232 13.494189921766518 769.65045494865626 11.064986743032938 12.242751527577637 8.5160902775824052
leaf_count=1405 16297 108 304 135 2441 876 142 190 347 121 6678 69 71 72
internal_value=0.000207132 -0.0011372 -0.00136059 -0.0188553 0.00313303 0.0110268 -0.00150768 -0.0243621 -0.000896176 0.0228464 0.00104304 -0.00551401 -0.0432083 -0.0185944
internal_weight=4356.2 2985.22 2966.48 75.6879 1370.98 274.015 128.882 34.9195 2890.79 145.133 1096.96 327.311 31.8238 19.5811
internal_count=29256 17191 17083 439 12065 2734 1208 332 16644 1526 9331 2653 212 141
cat_boundaries=0 1
cat_threshold=3158052
is_linear=0
shrinkage=0.05


Tree=247
num_leaves=15
num_cat=1
split_feature=2 2 2 2 8 8 11 25 9 8 2 29 2 4
split_gain=7.94284 7.07022 9.21911 6.10683 6.25842 5.83217 7.25092 9.19183 8.83429 8.5227 6.90162 20.2983 18.281 9.31867
threshold=496.68762263728229 348.66029911089646 301.16679315753407 256.3092644288941 129.50000000000003 116.50000000000001 7.8241399883919627 3.2089371630994745 10.500000000000002 131.50000000000003 73.535903586931695 0 135.9683557894322 -22.853727981192897
decision_type=2 2 2 2 8 10 2 10 2 10 2 9 2 10
left_child=1 2 3 5 -5 10 7 9 -8 -7 -1 13 -13 -12
right_child=-2 -3 -4 4 -6 6 8 -9 -10 -11 11 12 -14 -15
leaf_value=-1.9940253809440156e-05 -0.02866089947518138 0.023008640337945228 -0.031527030143308696 0.038939454516245836 -0.0088053114399753961 0.046995654587624669 -0.026657703616860418 0.061078685538315185 0.031631352209983192 -0.014770455743097349 -0.051233408729377719 -0.011083674525310831 0.020334991292924882 -0.012224005310424859
leaf_weight=3929.6805167421699 23.58078521490097 31.686057895421982 22.557459183037281 18.608425937592983 10.074354499578478 7.9705590493977097 16.446427134796981 13.050879158079622 9.3793801777064782 13.934271704405544 36.712471272796392 126.15972960554063 71.807357624173164 27.114484999328852
leaf_count=26947 124 157 113 92 48 55 83 60 68 87 188 697 381 147
internal_value=-0.000318763 -0.000158024 -0.000333903 -0.000162213 0.0224382 -0.0003199 0.0149306 0.0294585 -0.00509837 0.00877506 -0.000544559 -0.00838935 0.000340436 -0.0304143
internal_weight=4358.76 4335.18 4303.5 4280.94 28.6828 4252.26 60.7815 34.9557 25.8258 21.9048 4191.47 261.794 197.967 63.827
internal_count=29247 29123 28966 28853 140 28713 353 202 151 142 28360 1413 1078 335
cat_boundaries=0 2
cat_threshold=37786642 33
is_linear=0
shrinkage=0.05


Tree=248
num_leaves=15
num_cat=3
split_feature=26 26 9 29 29 3 23 29 11 24 26 15 3 25
split_gain=5.02622 19.8293 16.4035 19.9541 18.1986 16.4175 15.1462 14.4169 16.5679 17.5442 15.3405 13.547 12.6747 11.7956
threshold=1040.0000000000002 388.50000000000006 1.0000000180025095e-35 0 1 0.90228256997128897 7.2666666666666666 2 5.6164800165911828 0.47655963667832812 4200.5000000000009 4.7900604982812647 0.4833316391394254 0.7893940650773742
decision_type=2 2 2 9 9 10 10 9 2 10 2 10 10 10
left_child=1 6 4 -4 -3 -5 -1 -2 11 10 12 -9 -10 -6
right_child=7 2 3 5 13 -7 -8 8 9 -11 -12 -13 -14 -15
leaf_value=0.0014297102673906479 0.01491564585322634 0.019513623498487009 -0.0021383036410491814 -0.041271705770731408 -0.023966661080023995 0.004177301353590685 -0.02467917935757493 -0.0092825450756514483 0.029862161699491699 -0.014398353265129345 -0.014850912902366101 -0.060785964580903823 0.0032679574089903686 0.0053856832082830137
leaf_weight=3249.1892471574247 204.02182847633958 69.344732664525509 120.3157550599426 109.35076858475804 75.063808539882302 24.02193846181035 55.515175153501332 41.860393514856696 94.88012676872313 97.899589262902737 45.469052396714687 17.670903699472547 84.616057985462248 61.674713358283043
leaf_count=20302 1796 559 978 724 516 202 592 299 809 735 355 128 779 429
internal_value=0.000300352 -0.000370786 -0.010088 -0.0185742 0.000397751 -0.0308219 0.000983778 0.00460198 -0.00128091 0.00317688 0.0108551 -0.0253221 0.017413 -0.0100546
internal_weight=4350.89 3764.48 459.772 253.688 206.083 133.373 3304.7 586.418 382.396 322.865 224.965 59.5313 179.496 136.739
internal_count=29203 24302 3408 1904 1504 926 20894 4901 3105 2678 1943 427 1588 945
cat_boundaries=0 2 3 5
cat_threshold=597772297 56 3762695244 39616512 8
is_linear=0
shrinkage=0.05


Tree=249
num_leaves=15
num_cat=4
split_feature=7 25 24 29 25 7 10 1 15 29 28 29 1 24
split_gain=6.39946 9.57962 17.2108 14.0523 16.8345 14.9423 17.1817 15.7112 16.8726 12.9098 12.6323 11.0702 11.5474 12.5948
threshold=8.5000000000000018 1.0946081243708403 0.044759444272782424 0 0.64017632191566542 22.500000000000004 16.500000000000004 2.3917306052855927 6.3104927168751415 1 2 3 1.9396969696969699 0.45602995993635304
decision_type=2 8 8 9 10 2 2 8 8 9 9 9 10 10
left_child=-1 3 -3 10 5 6 7 8 -5 -4 -2 -7 13 -13
right_child=1 2 9 4 -6 11 -8 -9 -10 -11 -12 12 -14 -15
leaf_value=0.0028304760942174374 -0.003494433120497983 0.064871496833628986 0.007504016365585473 0.018253924684948301 -0.015538666174249052 0.014412436677506663 -0.023377818737476123 -0.026348665166269981 -0.0023084907655911871 -0.0022139005543097864 0.013441071122727064 -0.024694944254935854 0.02813047718151401 0.0084813661026700224
leaf_weight=1255.7563550593331 263.70266504585743 9.6060964465141279 495.62679699808359 211.15752764604986 388.48372800834477 27.979495452716947 56.140957456082106 34.024158976972103 187.93861198984087 1041.0623142756522 175.17868143320084 177.99067162163556 12.721211157739161 33.533177122473717
leaf_count=11025 1913 48 2759 1293 2366 195 318 217 1112 5715 959 1133 63 229
internal_value=-0.000181465 -0.00139614 0.00139638 -0.00414764 -0.00705863 -0.00269585 0.00240254 0.00579034 0.0085893 0.000957654 0.00342871 -0.0125561 -0.0159038 -0.0194203
internal_weight=4370.9 3115.15 1546.3 1568.85 1129.97 741.486 489.261 433.12 399.096 1536.69 438.881 252.225 224.245 211.524
internal_count=29345 18320 8522 9798 6926 4560 2940 2622 2405 8474 2872 1620 1425 1362
cat_boundaries=0 2 4 5 7
cat_threshold=2686077260 50 3253854227 1 2129924 1040 8
is_linear=0
shrinkage=0.05


Tree=250
num_leaves=15
num_cat=4
split_feature=8 29 28 7 28 29 8 11 7 11 10 5 5 15
split_gain=4.8359 20.2196 16.3106 17.8032 16.0713 14.5546 15.4597 13.5928 13.173 14.0402 13.1677 12.4243 12.1792 11.7345
threshold=9.5000000000000018 0 1 15.500000000000002 2 3 22.500000000000004 6.6529533411133963 54.500000000000007 7.9995913235641476 1.0000000180025095e-35 0.66671794871794887 0.59124040920716125 1.491937127760149
decision_type=10 9 9 2 9 9 10 2 2 2 2 8 8 10
left_child=1 8 5 -4 11 6 7 12 9 -1 -5 -3 -2 -13
right_child=2 4 3 10 -6 -7 -8 -9 -10 -11 -12 13 -14 -15
leaf_value=0.0089093057208351253 -0.0073005777789631856 0.025198859288159875 -0.0029626945738000666 -0.0072502364056718262 -0.0033983630356714759 0.0049131173527288095 -0.00049323936788946577 -0.0018776596525784069 -0.024887698575536396 0.034830171244568546 -0.039555645773848347 0.011307782073204735 -0.039322035399035393 -0.01024268687926313
leaf_weight=418.9275400172919 49.799739774316549 84.276470193639398 205.63176639564335 53.617004159837961 1474.5519162081182 799.61213710904121 646.52539651282132 99.274486346170306 24.326870517805219 58.951312867924571 77.51526141539216 168.19556497782469 74.59290342964232 99.857403341680765
leaf_count=2898 372 493 1592 257 9901 5674 4194 659 260 316 406 959 474 728
internal_value=-0.000185076 0.00136461 -0.00198362 -0.0118296 -0.00109876 7.83148e-05 -0.00437021 -0.0157193 0.0101305 0.012173 -0.0265015 0.00833691 -0.0266629 0.00327138
internal_weight=4335.66 2329.09 2006.57 336.764 1826.88 1669.8 870.193 223.667 502.206 477.879 131.132 352.329 124.393 268.053
internal_count=29183 15555 13628 2255 12081 11373 5699 1505 3474 3214 663 2180 846 1687
cat_boundaries=0 2 3 4 6
cat_threshold=2181079301 47 1631255 2429058 3272123669 47
is_linear=0
shrinkage=0.05


Tree=251
num_leaves=15
num_cat=3
split_feature=8 11 18 8 2 29 2 2 6 29 6 1 29 26
split_gain=5.768 13.4257 8.47789 6.59189 7.97329 13.1098 14.3639 19.6306 11.7776 6.13164 9.65828 9.01015 9.20022 7.62321
threshold=-2.4999999999999996 6.0243793006019182 6.6962499999999983 -1.0000000180025095e-35 -0.0017448529702202007 0 -2.0669800220118044 -6.2459047189660319 13.500000000000002 1 52.500000000000007 0.42799539170506917 2 28.500000000000004
decision_type=8 2 8 8 2 9 2 2 10 9 8 8 9 2
left_child=1 -1 -3 -2 5 -5 7 8 -7 10 13 12 -11 -6
right_child=3 2 -4 4 9 6 -8 -9 -10 11 -12 -13 -14 -15
leaf_value=0.042660787320562332 -0.025948434393497463 0.036411985467902981 -0.012354198506405061 0.024756094273393883 -0.0093544182659408472 -0.011739359527119408 0.035586020586059822 -0.052249820062971367 0.030101492978386404 -0.021031209741772708 -0.019573305864432435 0.0020170903414733509 -0.002152553732844674 7.0671177187578183e-05
leaf_weight=25.2370521184057 23.668899934738874 10.461230261251329 39.093984419479966 72.918136030435562 282.31365166790783 49.438029991462827 20.191696001216769 20.276908295229077 24.239188686013222 70.652932841330767 85.113108051940799 2360.3901063557714 347.70203491486609 883.72729521989822
leaf_count=150 135 77 236 544 1628 452 126 127 125 595 660 15686 2374 6091
internal_value=6.70047e-05 0.0137387 -0.00154292 -0.000177307 -2.65413e-05 0.0100366 -0.0015179 -0.00994256 0.00224469 -0.000496037 -0.00338566 0.000815039 -0.00593622 -0.00221733
internal_weight=4315.42 74.7923 49.5552 4240.63 4216.96 187.064 114.146 93.9541 73.6772 4029.9 1251.15 2778.75 418.355 1166.04
internal_count=29006 463 313 28543 28408 1374 830 704 577 27034 8379 18655 2969 7719
cat_boundaries=0 2 4 6
cat_threshold=3758629976 33 3781797956 17 1048586 40
is_linear=0
shrinkage=0.05


Tree=252
num_leaves=15
num_cat=1
split_feature=2 11 11 26 3 3 7 26 22 24 23 28 19 4
split_gain=5.37689 5.23888 6.2827 8.30716 7.61369 7.23674 11.5332 7.26091 5.76216 5.87287 16.6632 12.6955 13.5281 10.1368
threshold=538.53272974156255 10.538779966858234 9.3797455332738249 3.5000000000000004 0.088455057229625114 0.27488951690091046 25.500000000000004 175.50000000000003 -3.6166666666666663 0.48854101236868791 21.487708333333334 0 67.632500000000007 -0.15954674356001772
decision_type=2 2 2 2 8 8 2 2 8 10 10 9 10 8
left_child=1 2 8 -4 -5 -6 7 -7 -1 10 -10 12 -11 -13
right_child=-2 -3 3 4 5 6 -8 -9 9 11 -12 13 -14 -15
leaf_value=-0.032734169766861651 -0.028169992002792684 -0.028757330879437888 -0.012995202670256313 -0.013338407349634316 0.055832634668719974 0.042689532146825457 -0.019017627890983314 -0.0015195337562819581 -0.00040501003270160285 0.018561348355462904 -0.032791970907336924 0.01020031282551824 4.3902208220017624e-05 -0.023028481854549827
leaf_weight=12.545917823910711 15.961971119046209 14.739146657288073 25.783608879894018 14.706450853496788 14.615379538387058 31.099243193864822 15.639883793890474 12.974833790212868 3624.6622259542346 194.0587692540139 39.15563743095845 34.699438575655222 199.52726909145713 64.193993972614408
leaf_count=84 82 82 139 79 73 216 73 88 23841 1565 456 220 1526 530
internal_value=-7.4147e-05 3.67138e-05 0.000142476 0.0116294 0.0188254 0.0252818 0.0170079 0.02993 -0.000176612 -7.04852e-05 -0.000759986 0.00505023 0.00897055 -0.010348
internal_weight=4314.36 4298.4 4283.66 114.819 89.0358 74.3293 59.714 44.0741 4168.84 4156.3 3663.82 492.479 393.586 98.8934
internal_count=29054 28972 28890 668 529 450 377 304 28222 28138 24297 3841 3091 750
cat_boundaries=0 1
cat_threshold=303362
is_linear=0
shrinkage=0.05


Tree=253
num_leaves=15
num_cat=4
split_feature=7 8 3 29 28 26 29 11 3 7 29 4 6 10
split_gain=6.52127 9.63891 9.54405 13.6195 17.1284 11.63 12.9057 10.8094 15.9721 11.2206 10.1585 15.6024 10.5918 10.4458
threshold=13.500000000000002 -2.4999999999999996 0.041910738776009114 0 1 388.50000000000006 2 5.8225280089383959 0.0032613803444310192 43.500000000000007 3 -10.57270031392264 21.500000000000004 19.500000000000004
decision_type=2 8 8 9 9 2 9 2 10 2 9 8 10 2
left_child=1 -1 3 -2 -5 10 -7 -6 9 -9 11 -4 -13 -14
right_child=2 -3 5 4 7 6 -8 8 -10 -11 -12 12 13 -15
leaf_value=0.04280394319837507 -0.0071604912413468424 0.0018300908346718507 -0.019349076808768219 -0.0039249290062692626 0.0015439492508752845 0.00088111924660471026 -0.019680135630549989 0.054774784703079039 0.012923284689669551 -0.0083464359060782811 -0.003916101430794623 0.012592357128744859 -0.014798771217180746 0.033914366500208522
leaf_weight=13.475216226652263 166.93417771719396 1744.7740045972168 57.286057807505131 135.41247933357954 59.151311784051359 129.44054656289518 192.20308991894126 52.123482435941696 86.928027583286166 7.8348513636738053 1294.4435354974121 311.44047319702804 71.033772127702832 12.02141263335943
leaf_count=182 1096 14841 284 747 384 729 1107 334 511 92 6922 1497 457 62
internal_value=-0.000178605 0.00216827 -0.00178053 0.00435138 0.00990386 -0.00328942 -0.0120111 0.0187307 0.0268612 0.046525 -0.00167698 0.00471536 0.00836915 -0.00742843
internal_weight=4334.5 1758.25 2576.25 508.384 341.45 2067.87 321.644 206.038 146.886 59.9583 1746.23 451.782 394.496 83.0552
internal_count=29245 15023 14222 3164 2068 11058 1836 1321 937 426 9222 2300 2016 519
cat_boundaries=0 2 3 5 7
cat_threshold=54619400 45 2121730 55667788 21 26293775 9
is_linear=0
shrinkage=0.05


Tree=254
num_leaves=15
num_cat=1
split_feature=24 24 15 11 11 7 15 28 18 5 15 25 5 25
split_gain=5.87389 6.68922 11.1435 6.75229 17.778 5.54742 10.6436 13.5173 15.2876 13.0877 9.64693 11.7086 11.1469 9.35675
threshold=1.0000000180025095e-35 0.044759444272782424 6.6045655457003969 6.6692442183114258 5.765598542789717 27.500000000000004 -0.015577817493702946 0 -0.50000000000000122 0.6019663541092114 0.15331827859526573 1.526805644587127 0.17094254545454549 1.5930632332841739
decision_type=8 8 8 2 2 2 10 9 10 10 10 10 10 10
left_child=-1 2 3 4 -2 -3 -7 10 13 -10 12 -12 -8 -9
right_child=1 5 -4 -5 -6 6 7 8 9 -11 11 -13 -14 -15
leaf_value=-0.03194462855572678 -0.04624093313055827 0.00060215770359287133 0.045769777945027575 -0.035314476829142856 0.052431648253107747 -0.011029477007576675 0.018401563953586494 0.031346936179175312 -0.0181487173494519 0.038340641566222494 -0.0097914339296155724 -0.045978096688215959 -0.033517797709816367 0.0079069279976308124
leaf_weight=13.522632788866757 6.4434221871197286 3406.4392512105405 20.009074315428734 9.2280995063483697 10.959137953817843 323.7770669721067 45.930414739996195 54.699499040842056 77.560264334082603 10.841073989868162 114.12731519713998 27.078296206891537 12.288603810593484 185.6401649042964
leaf_count=97 56 23398 137 52 82 2204 330 268 368 51 838 233 148 849
internal_value=-0.000199343 -9.22319e-05 0.0185397 -0.00283574 0.01537 -0.000300602 -0.00390671 0.000472301 0.00662265 -0.0108698 -0.00950488 -0.0170053 0.00706172 0.0133495
internal_weight=4318.54 4305.02 46.6397 26.6307 17.4026 4258.38 851.943 528.166 328.741 88.4013 199.425 141.206 58.219 240.34
internal_count=29111 29014 327 190 138 28687 5289 3085 1536 419 1549 1071 478 1117
cat_boundaries=0 1
cat_threshold=3248132
is_linear=0
shrinkage=0.05


Tree=255
num_leaves=15
num_cat=4
split_feature=29 2 28 26 2 29 2 8 8 11 4 8 17 29
split_gain=5.14061 11.7486 10.5945 11.3014 21.075 10.5006 10.4974 10.3353 10.2839 15.8173 11.8769 10.858 10.2136 10.0479
threshold=0 301.16679315753407 1 206.50000000000003 0.0047755812464078682 2 21.856242615895496 37.500000000000007 7.5000000000000009 8.9510274246296699 -21.244679681734716 59.500000000000007 3.5000000000000004 3
decision_type=9 2 9 2 2 9 2 8 8 2 8 8 2 9
left_child=2 -2 8 5 -5 7 -6 -4 10 12 -1 -11 -10 -12
right_child=1 -3 3 4 6 -7 -8 -9 9 11 13 -13 -14 -15
leaf_value=0.050134847760151459 -0.00057932910472714737 -0.026754916067700973 -0.0073752158596623154 0.0087027322015149379 -0.036849645230154188 0.0038222528699421287 -0.0023792773391906612 -0.03052550680672916 0.017753319286108127 0.010681613080596397 -0.011148427826439003 -0.040146014916453726 -0.032210030395064794 0.013335458282144889
leaf_weight=9.5677474047988635 2823.7980559291318 42.530077315866947 173.95661758445203 422.59957964904606 39.489662794396281 136.98567607160658 48.921622155234218 66.232121389359236 332.49105660617352 19.145079553127289 133.16319045051932 21.415333941578865 9.6645439490675908 49.280345175415277
leaf_count=96 18613 217 1247 3520 299 931 380 451 1816 103 945 110 50 377
internal_value=0.000257811 -0.000973518 0.0026579 -0.000779964 0.00405395 -0.00734317 -0.0180157 -0.0133073 0.00788566 0.01275 -0.00141709 -0.0164749 0.0162523 -0.00437915
internal_weight=4329.24 2866.33 1462.91 888.185 511.011 377.174 88.4113 240.189 574.727 382.716 192.011 40.5604 342.156 182.444
internal_count=29155 18830 10325 6828 4199 2629 679 1698 3497 2079 1418 213 1866 1322
cat_boundaries=0 2 3 5 7
cat_threshold=2155768335 48 1336612 5007372 16 278530 48
is_linear=0
shrinkage=0.05


Tree=256
num_leaves=15
num_cat=4
split_feature=20 29 5 29 10 10 1 25 29 25 15 29 15 5
split_gain=4.81209 12.2645 9.77195 24.8594 9.79565 12.8515 9.6438 9.08233 9.03231 10.0526 8.8402 8.75314 10.1426 10.9833
threshold=-67.944999999999993 0 0.32806356425171873 1 10.500000000000002 34.500000000000007 1.0012285012285014 2.2287155654329087 2 6.7130152415313535 1.6898740226156079 3 5.9296118062330274 0.65964111652636259
decision_type=8 9 8 9 2 2 10 10 9 10 10 9 10 8
left_child=1 6 3 -2 8 -6 -1 -3 9 -5 -10 12 -4 -14
right_child=2 7 11 4 5 -7 -8 -9 10 -11 -12 -13 13 -15
leaf_value=-0.040639131832739095 -0.010650840124086 -0.030498112952814068 0.013076585765381482 -0.0042212462707140949 0.031140990091324462 -0.029595728929564677 0.015101502604581069 0.0034133104187412788 0.021953753135396468 0.044928877339819422 -0.00060178906980870985 -0.00080291231887004487 -0.045466845433340487 0.0043256290654036965
leaf_weight=7.8200041465461245 150.65554236248136 65.437478620558977 226.48417181521654 150.65001027099788 96.108168320730329 8.7840551733970624 65.235701852478087 27.827797420322895 153.20587245002389 10.169778212904928 60.404467211104929 3241.1849762843922 15.340253449976442 33.904640130698681
leaf_count=49 1108 417 1516 1019 680 57 386 144 1013 49 426 21830 133 257
internal_value=0.000627784 -0.00768582 0.000962993 0.00669255 0.0121239 0.0258232 0.00763567 -0.0184896 0.00855056 -0.000804951 0.0149078 -6.49414e-05 0.00831015 -0.0117814
internal_weight=4313.21 166.321 4146.89 629.978 479.322 104.892 73.0557 93.2653 374.43 160.82 213.61 3516.91 275.729 49.2449
internal_count=29084 996 28088 4352 3244 737 435 561 2507 1068 1439 23736 1906 390
cat_boundaries=0 2 4 6 8
cat_threshold=17350734 33 18026766 5 4778560 8 5444097 5
is_linear=0
shrinkage=0.05


Tree=257
num_leaves=15
num_cat=3
split_feature=20 26 24 0 7 29 24 25 24 28 1 28 0 3
split_gain=5.67763 7.87071 6.33494 5.73433 6.11751 14.1922 16.1167 18.0792 13.5842 12.6646 16.4872 11.0328 18.6224 14.5915
threshold=-88.414999999999992 55.500000000000007 0.33516459545592386 99.995000000000019 6.5000000000000009 0 0.60997265463468675 0.075512009590845988 0.15735538909696214 1 1.8342490842490844 2 56.775000000000006 0.88859918539225646
decision_type=8 2 10 10 2 9 10 10 10 9 8 9 10 10
left_child=1 -1 -3 4 5 6 7 -2 -9 -7 -11 13 -13 -6
right_child=3 2 -4 -5 11 9 -8 8 -10 10 -12 12 -14 -15
leaf_value=-0.041734446633682837 0.030800610285606725 0.0103473867314377 -0.02851175622577011 -0.014556625772487923 0.00093892936669724258 0.014499775232224055 0.033516283900708731 0.02523669147171749 -0.011771630492908702 0.011743996465967538 -0.021173812977301896 -0.0018617266366971214 -0.020677185345504317 0.021339204093819029
leaf_weight=17.886241925880313 30.239127714186907 29.423632249236107 15.020585443824528 62.188694104552269 1966.2216982357204 369.15175958257169 27.228314116597176 25.942471232265234 319.58889408782125 85.119453858584166 67.155888762325048 1072.88998396229 148.92108692601323 90.750096075236797
leaf_count=112 233 171 83 340 11659 3755 236 151 2275 724 443 7218 1154 603
internal_value=0.000173374 -0.0146877 -0.00312405 0.000393931 0.000618542 0.00420861 -0.00286383 -0.0056579 -0.00892824 0.00954193 -0.00264421 -0.000394624 -0.00413627 0.00183995
internal_weight=4327.73 62.3305 44.4442 4265.4 4203.21 924.426 402.999 375.77 345.531 521.427 152.275 3278.78 1221.81 2056.97
internal_count=29157 366 254 28791 28451 7817 2895 2659 2426 4922 1167 20634 8372 12262
cat_boundaries=0 2 3 4
cat_threshold=2160593153 51 3182726 291606
is_linear=0
shrinkage=0.05


Tree=258
num_leaves=15
num_cat=4
split_feature=10 29 28 29 24 16 11 26 3 29 15 11 21 25
split_gain=7.09368 24.7815 17.5611 15.3968 12.9005 11.6185 11.4777 12.1602 23.4155 13.2283 12.335 12.2069 11.0779 13.2118
threshold=10.500000000000002 0 1 2 0.24356556503993954 1.0000000000000038 5.4959584014717349 89.500000000000014 0.036751762593456104 3 0.013827390297787902 7.7748032442579786 4.5459738125764675 0.30439373189189589
decision_type=2 9 9 9 10 8 2 2 8 9 8 2 8 8
left_child=3 4 6 -1 -2 -6 -3 8 -8 -9 -10 -11 -5 -14
right_child=1 2 -4 12 5 -7 7 9 10 11 -12 -13 13 -15
leaf_value=-0.0046454279426401401 0.0029461504815469844 0.023015444768346348 -0.015419131346466797 -0.013348416954612941 -0.041388474285904371 -0.010241057617883652 0.036940282393391276 -0.00050634117256072168 -0.029994711654765541 0.015137408820904084 -0.00017175897859499404 0.04373227834558404 0.013743765880544335 0.0013800627619414648
leaf_weight=1463.9933373713866 92.071192847564816 131.82254611887038 68.955040913075209 105.17921169102192 46.021508463658392 85.068378269672394 38.617639334872365 119.32808482088149 38.405574213713408 174.66926340013742 288.72264033835381 47.293567433021963 255.31827942468226 1378.1831037374213
leaf_count=10146 594 874 392 854 329 600 216 866 210 1299 1724 315 1942 8891
internal_value=0.000314797 0.00371713 0.00735848 -0.000887469 -0.0109044 -0.0214065 0.00940616 0.00697272 0.000631951 0.0137461 -0.00375378 0.0204804 0.00229117 0.00331975
internal_weight=4333.65 1130.98 907.814 3202.67 223.161 131.09 838.859 707.037 365.746 341.291 327.128 221.963 1738.68 1633.5
internal_count=29252 7419 5896 21833 1523 929 5504 4630 2150 2480 1934 1614 11687 10833
cat_boundaries=0 2 3 5 7
cat_threshold=1630802198 16 1372292 1087091785 15 2147493952 43
is_linear=0
shrinkage=0.05


Tree=259
num_leaves=15
num_cat=2
split_feature=23 16 23 29 1 15 20 25 2 15 7 29 15 6
split_gain=5.21087 4.73833 9.22404 6.34578 7.64881 5.41292 5.36616 6.42937 6.16899 7.57174 5.41373 8.8652 10.6332 10.8763
threshold=-3.1697916666666663 3.7524999999999982 20.782291666666669 0 1.5436689549961862 2.7463185100635181 25.900000000000002 0.69241262299534356 0.1026785159423116 6.0760480128112162 8.5000000000000018 1 2.2994282091823721 -37.499999999999993
decision_type=8 10 10 9 8 10 10 10 2 8 2 9 8 8
left_child=-1 6 3 4 -3 -6 10 -8 9 -9 11 12 -2 -14
right_child=1 2 -4 -5 5 -7 7 8 -10 -11 -12 -13 13 -15
leaf_value=-0.0295470760171694 -0.012897632079949824 0.016890080692477698 0.028917778470551637 -0.020556196448481868 0.005842860864763471 -0.049102549043700067 -0.030102324439457262 0.025690311693429398 -0.032682862878005613 -0.01476201821859926 -0.00067267336267437658 0.006233885732389961 -0.015897642054351947 0.011888251423849552
leaf_weight=14.085391420871018 157.78750355355442 32.433901160955429 13.480109037831424 79.404622694477439 8.0266781989485043 8.6326386295258981 30.54464572109282 23.589274246245626 11.675696605816482 20.941633792594072 2932.5273287240416 795.38864333648235 46.435963382944465 136.18676858395338
leaf_count=91 1178 234 155 551 56 77 230 181 95 147 17216 7247 353 1283
internal_value=-0.00021208 -0.000109071 -0.00905865 -0.0132351 0.00240386 -0.0237974 0.00019884 -0.0120345 -0.00186123 0.00676032 0.000462592 0.00339175 -0.00333283 0.00477496
internal_weight=4311.14 4297.06 141.978 128.498 49.0932 16.6593 4155.08 86.7513 56.2066 44.5309 4068.33 1135.8 340.41 182.623
internal_count=29094 29003 1073 918 367 133 27930 653 423 328 27277 10061 2814 1636
cat_boundaries=0 2 4
cat_threshold=1098721290 32 3257004037 49
is_linear=0
shrinkage=0.05


Tree=260
num_leaves=15
num_cat=3
split_feature=11 33 28 28 8 8 1 4 8 1 24 20 23 4
split_gain=12.1671 14.2049 20.0349 19.8245 12.0749 11.4035 13.3844 11.3634 10.5737 13.8655 9.93229 9.74513 13.0483 9.73025
threshold=6.0578371229795582 0 1 2 62.500000000000007 2.5000000000000004 1.4005988023952096 5.5876230994690674 -10.499999999999998 0.42799539170506917 0.13881617219313555 -75.192499999999981 48.487083333333338 10.293297028988713
decision_type=2 1 9 9 8 8 10 10 8 8 8 8 10 10
left_child=1 3 4 5 -3 7 -7 -1 -5 -10 13 -12 -13 -2
right_child=10 2 -4 8 -6 6 -8 -9 9 -11 11 12 -14 -15
leaf_value=0.015634279728243054 0.0066375054222176932 -0.0096469028391343078 0.0072428638122257125 0.034735762014965331 -0.07274609721367345 -0.014511378111422824 0.018849725194334178 0.075096430591230279 -0.0327806475880573 -0.0092643437568623484 -0.016865810421853429 0.0012734481433663988 0.038184650771589293 0.031686179170534429
leaf_weight=55.70286700129509 192.19788526371121 169.50269471295178 503.36937368661165 11.731298811733721 6.9776801392436019 74.416804559528828 48.998988568782806 8.5908503830432874 67.787694851867855 735.42982665542513 72.241609618067741 2303.6931153004989 23.196368305012584 47.846189061179757
leaf_count=354 1274 1218 3375 71 39 455 333 44 663 5199 401 15238 248 296
internal_value=-5.23753e-05 -0.00337394 0.00220363 -0.00715423 -0.0118688 0.0073213 -0.00122118 0.024608 -0.0104549 -0.0112873 0.00206564 0.00109309 0.00165765 0.011741
internal_weight=4321.68 1682.51 679.85 1002.66 176.48 187.71 123.416 64.2937 814.949 803.218 2639.18 2399.13 2326.89 240.044
internal_count=29208 11751 4632 7119 1257 1186 788 398 5933 5862 17457 15887 15486 1570
cat_boundaries=0 1 2 3
cat_threshold=4 794628 3675552
is_linear=0
shrinkage=0.05


Tree=261
num_leaves=15
num_cat=0
split_feature=23 11 3 9 8 1 8 8 1 23 24 22 13 0
split_gain=4.74153 6.91946 4.79125 4.74945 8.14976 11.7694 11.4418 7.74688 5.85814 5.50145 10.4575 5.50812 6.91319 6.08371
threshold=65.545625000000015 5.587866415462547 0.40879947775432485 9.5000000000000018 132.50000000000003 2.6963109354413706 111.50000000000001 102.50000000000001 2.9936708860759498 21.487708333333334 0.49751468603673649 20.10916666666667 17.025000000000002 99.470000000000013
decision_type=10 2 8 2 10 10 10 10 10 10 10 10 8 10
left_child=3 -2 -3 4 6 -6 7 9 -5 11 -11 13 -13 -1
right_child=1 2 -4 8 5 -7 -8 -9 -10 10 -12 12 -14 -15
leaf_value=-6.4888791571957564e-05 -0.03007994755141094 0.0085420877619287981 0.058877406059865828 0.029054052727753119 -0.059441480153178454 -0.0024168949369813334 0.029321820119522293 -0.029357596228998445 -0.015989218007279864 -0.033629857245391449 0.0064051630525866253 0.025474407289028462 -0.031815275313857319 -0.013677022319043372
leaf_weight=3963.1834284747019 4.3552946783602264 9.5967011023312825 9.1480063162744027 26.67504365183413 13.26849579811096 24.978190217167139 31.306762533262372 22.205948097631335 9.0373070612549764 33.601592073217034 30.344754869118333 36.507229576818645 5.2523471638560286 82.819869127124548
leaf_count=26376 64 108 100 216 74 130 173 142 71 397 314 437 34 451
internal_value=-0.000251985 0.0218639 0.0348451 -0.000376452 -0.000531248 -0.0232103 -0.000319512 -0.000548809 0.0175304 -0.000387689 -0.0148258 -0.000158259 0.0176932 -0.000346834
internal_weight=4302.28 23.1 18.7447 4279.18 4243.47 38.2467 4205.22 4173.92 35.7124 4151.71 63.9463 4087.76 41.7596 4046
internal_count=29087 272 208 28815 28528 204 28324 28151 287 28009 711 27298 471 26827
is_linear=0
shrinkage=0.05


Tree=262
num_leaves=15
num_cat=3
split_feature=24 24 29 21 29 26 4 24 24 29 7 8 24 5
split_gain=5.56102 15.8157 18.5116 13.8454 12.1841 12.0476 17.1462 9.83711 24.7312 21.8596 17.6843 15.3797 14.0541 12.4082
threshold=0.39781389969450243 0.4045584177754849 0 0.84023052232273143 1 2366.0000000000005 26.896173745980139 0.35883039368064851 0.35300144367345043 2 17.500000000000004 18.500000000000004 0.35517545601629397 0.064337700534759373
decision_type=10 10 9 8 9 2 8 10 10 9 2 8 10 8
left_child=3 2 -2 -1 5 6 -3 8 -5 10 -9 -11 -10 -12
right_child=1 4 -4 7 -6 -7 -8 9 12 11 13 -13 -14 -15
leaf_value=-0.049102265584216265 0.014699242683573031 -0.019073942380394535 -0.024990127547483254 0.0010114968706702563 0.0030771386723835851 0.016222341961620285 0.00060108850628713077 0.0048456762969193773 -0.049145658928865139 0.024450452723427003 0.02410130416897012 0.0020728612953115478 -0.004679270299895631 -0.041182592195965879
leaf_weight=12.631407407112418 32.420444430783391 229.45187708362937 126.11319044232368 2343.1817673761398 786.32076123077422 49.291065170429647 213.04145589098334 92.149181585758924 37.858405482023954 192.10668181627989 7.9587999433279029 127.79592086002231 33.168997416272759 45.120838530361652
leaf_count=223 235 1585 870 14384 6043 505 1648 711 240 1240 41 1020 217 258
internal_value=-9.17551e-05 -0.00263341 -0.0174774 0.00117133 -0.000779969 -0.00686403 -0.00962127 0.00140885 0.000124844 0.00805875 -0.00788642 0.0150755 -0.0287336 -0.0311292
internal_weight=4328.61 1436.64 158.534 2891.97 1278.11 491.784 442.493 2879.34 2414.21 465.131 145.229 319.903 71.0274 53.0796
internal_count=29220 10886 1105 18334 9781 3738 3233 18111 14841 3270 1010 2260 457 299
cat_boundaries=0 2 4 6
cat_threshold=51389466 42 2705705054 2 22553944 22
is_linear=0
shrinkage=0.05


Tree=263
num_leaves=15
num_cat=2
split_feature=28 29 3 6 20 10 9 10 21 2 12 17 13 2
split_gain=5.79238 11.5292 13.6705 16.077 10.1848 8.45741 8.08846 7.36267 7.0572 6.64618 8.98544 8.14684 7.01507 10.4111
threshold=0 1 0.45506326725918872 -22.499999999999996 -16.00749999999999 28.500000000000004 1.5000000000000002 79.500000000000014 1.1266415779463104 38.279318369853364 2.5000000000000004 2.5000000000000004 2.255000000000003 -0.0096927151533865424
decision_type=9 9 8 10 8 2 2 2 8 2 2 2 8 2
left_child=1 2 3 -1 6 -5 -3 -2 -4 10 11 12 -6 -14
right_child=7 4 8 5 9 -7 -8 -9 -10 -11 -12 -13 13 -15
leaf_value=-0.034616940019097202 -0.00052129664385954346 0.00054998358117104953 -0.03607941303789293 0.039340244859844317 -0.030818435016438148 -0.013789434555365403 0.036417034420995066 0.043642603352445498 0.0065381402642508205 -0.032247708345651063 0.039581281299939021 0.042863998620201425 -0.038649030306676796 3.795248270659749e-05
leaf_weight=8.4407590590417367 3772.4907235130668 32.261330600827932 9.998138062655924 81.606622587889433 23.838814299553636 7.7483644150197497 29.712042659521103 8.4608952738344652 82.292908612638712 18.530256353318691 11.386721491813658 8.0078357364982349 17.828092560172081 227.71333647333086
leaf_count=60 25163 205 77 552 229 56 196 44 576 111 107 73 110 1734
internal_value=0.000298229 0.0049949 0.0146707 0.0283648 -0.000266062 0.0346315 0.018051 -0.000409871 0.00158401 -0.00401522 -0.00209855 -0.00394553 -0.00549042 -0.00291638
internal_weight=4340.32 559.365 190.087 97.7957 369.278 89.355 61.9734 3780.95 92.291 307.305 288.775 277.388 269.38 245.541
internal_count=29293 4086 1321 668 2765 608 401 25207 653 2364 2253 2146 2073 1844
cat_boundaries=0 1 3
cat_threshold=263974 2157053778 7
is_linear=0
shrinkage=0.05


Tree=264
num_leaves=15
num_cat=1
split_feature=22 10 7 8 24 11 3 5 28 10 8 8 25 5
split_gain=5.57633 4.98857 4.51165 10.9959 20.9527 25.9436 7.45817 5.6793 5.49614 10.7033 8.7698 20.0477 14.758 11.0306
threshold=-3.6166666666666663 79.500000000000014 57.500000000000007 1.0000000180025095e-35 0.30061662287190588 7.2222374631640287 0.57497686072032672 0.10084117647058825 0 43.500000000000007 13.500000000000002 1.5000000000000002 5.0749176059831704 0.22995049504950499
decision_type=8 2 2 10 10 2 8 10 9 2 8 10 8 8
left_child=-1 2 8 4 6 -6 -4 -5 9 10 11 12 -2 -12
right_child=1 -3 3 7 5 -7 -8 -9 -10 -11 13 -13 -14 -15
leaf_value=-0.031930479037568897 0.007418888780490674 0.031549569812208529 -0.025525840190736965 -0.015358560014727263 0.0818079340417356 -0.011966883951339101 0.035081762837479422 -0.054292442110174678 -0.00040378779675540906 -0.034323032254412425 0.02442613381091124 0.035238757160981619 -0.054668343481059957 -0.0039024864622073533
leaf_weight=12.579494949430226 205.45070246327668 11.620934654027222 41.674188934266567 26.766275346279144 13.781963592395188 14.277313645929096 4.8799633439630261 14.498380068689583 3588.5598324639723 15.982838012278078 38.690999921411276 70.007549371570349 9.0423097275197488 254.98232934065163
leaf_count=86 1461 70 517 168 77 93 48 113 23965 107 258 510 67 1650
internal_value=5.99383e-05 0.000160688 6.85124e-05 -0.00962071 0.00189708 0.035323 -0.0185686 -0.0299989 0.000339178 0.00474668 0.00596606 0.0122061 0.00455995 -0.000100009
internal_weight=4322.8 4310.22 4298.59 115.878 74.6134 28.0593 46.5542 41.2647 4182.72 594.157 578.174 284.501 214.493 293.673
internal_count=29190 29104 29034 1016 735 170 565 281 28018 4053 3946 2038 1528 1908
cat_boundaries=0 1
cat_threshold=2360118
is_linear=0
shrinkage=0.05


Tree=265
num_leaves=15
num_cat=1
split_feature=18 29 16 17 23 23 16 25 26 18 20 5 26 6
split_gain=5.61611 22.8382 8.98141 11.8457 7.69312 7.81093 8.34077 9.26114 10.0759 8.14486 7.72726 7.45636 7.34801 8.85074
threshold=-0.52749999999999841 0 -1.0000000180025095e-35 3.5000000000000004 7.9493750000000007 0.59625000000000017 1.0000000000000038 1.357380596293748 145.50000000000003 -2.1987499999999991 9.6625000000000032 0.017496428571428572 294.50000000000006 -15.499999999999998
decision_type=8 9 10 2 10 8 8 10 2 10 8 10 2 10
left_child=1 2 -1 -4 5 -3 12 9 -9 -8 -11 -10 -7 -14
right_child=-2 4 3 -5 -6 6 7 8 11 10 -12 -13 13 -15
leaf_value=0.019801591986796284 0.00053907964138029797 0.016427069445958523 -0.025631714346459885 0.024435132446051517 0.023014500260442147 -0.010459141263118858 0.025648234999725586 -0.052751205875651609 0.034788770019228678 0.00653458038156672 -0.044460855725538512 -0.023493047022051024 -0.020957764002652077 -0.051495638932344781
leaf_weight=100.65122343972325 3874.4320850521326 18.552326900884509 29.532818688079715 18.312655583024025 13.505926869809626 79.476226298138499 29.919365769252181 15.906763862818478 7.9705583192408112 22.418787965551019 9.9600789546966535 13.136695876717566 81.518207835033536 34.265880919992924
leaf_count=722 26177 128 203 119 129 484 204 112 48 168 71 90 536 219
internal_value=-9.05446e-05 -0.00521517 0.010672 -0.0063609 -0.0123959 -0.0143863 -0.0163759 -0.00451716 -0.0239883 0.00724767 -0.0100142 -0.000906461 -0.0223537 -0.0303589
internal_weight=4349.56 475.128 148.497 47.8455 326.631 313.125 294.573 99.3123 37.014 62.2982 32.3789 21.1073 195.26 115.784
internal_count=29410 3233 1044 322 2189 2060 1932 693 250 443 239 138 1239 755
cat_boundaries=0 1
cat_threshold=2718446083
is_linear=0
shrinkage=0.05


Tree=266
num_leaves=15
num_cat=1
split_feature=23 21 19 21 20 11 25 29 3 5 10 25 7 11
split_gain=5.6131 5.71912 8.76832 5.40329 7.84413 5.73065 5.5685 10.4815 11.8695 5.53807 6.5871 5.35634 8.88076 6.39306
threshold=65.545625000000015 0.94306139934805888 82.357500000000016 1.0901961417943182 -58.29499999999998 5.4205792451021457 -0.4723429492361963 0 0.62389114529775014 1.4420427807486633 7.5000000000000009 -0.069525202714392317 5.5000000000000009 5.4103728101949686
decision_type=10 8 8 10 10 2 8 9 8 10 2 10 2 2
left_child=1 2 -1 6 5 -5 7 8 -3 -8 -11 -4 -13 -14
right_child=-2 3 11 4 -6 -7 9 -9 -10 10 -12 12 13 -15
leaf_value=-0.029191778934103019 0.022665554317239937 -0.033822547039132178 -0.036023533416775964 -0.064893177414346567 0.01175052228974594 -0.017188584761232778 -0.00022524981589270503 0.022013308011618233 0.033701374523642524 -0.0057154202188612205 0.069657786896742513 0.029933346520919769 0.037421883702387602 -0.010667068985407327
leaf_weight=41.504066861234605 25.527997842058539 21.70627669245005 9.7625487120822054 7.5979742743074885 16.993178190663457 28.337336601689458 3984.7901493273675 61.321029707789421 8.2146470826119167 5.1977223902940732 5.1768902745097876 20.180969623848796 6.6237720241770139 74.978083787485957
leaf_count=373 295 142 111 54 137 209 26333 468 65 61 62 195 56 642
internal_value=-0.000263378 -0.00040499 -0.00986453 -5.29313e-05 -0.0157762 -0.0287589 0.000154532 0.0123001 -0.0111786 -0.000125859 0.0347129 -0.00247771 0.00105903 -0.00635782
internal_weight=4317.91 4292.38 153.049 4139.34 52.9285 35.9353 4086.41 91.242 29.9209 3995.16 10.3746 111.545 101.783 81.6019
internal_count=29203 28908 1377 27531 400 263 27131 675 207 26456 123 1004 893 698
cat_boundaries=0 2
cat_threshold=8422400 8
is_linear=0
shrinkage=0.05


Tree=267
num_leaves=15
num_cat=3
split_feature=7 10 6 11 32 29 28 25 25 11 33 14 6 19
split_gain=6.51288 8.10071 7.58452 7.9893 7.56999 7.48978 12.9191 13.0118 11.2688 9.64007 9.99721 11.9653 9.12698 8.98551
threshold=10.500000000000002 34.500000000000007 44.500000000000007 6.2081070112693633 0.70000000000000007 0 1 6.9769270835599269 0.075512009590845988 5.3406581140085772 2 0.73625000000000018 -46.499999999999993 83.342500000000015
decision_type=2 2 8 2 2 9 9 10 10 2 1 10 10 8
left_child=4 -2 3 -3 -1 8 12 9 -6 10 -8 -12 -7 -10
right_child=1 2 -4 -5 5 6 7 -9 13 -11 11 -13 -14 -15
leaf_value=0.035377932525516326 -0.0013655121820341917 0.0016461835888970742 0.016186318492455925 -0.04468525871380432 0.018657308885281033 -0.020371477428030242 0.015133614309209812 0.055196088214654895 0.0078266667795519659 0.0041217976451641434 -0.036600710965932239 0.019753662560374023 0.029709316703781657 -0.0074477215495049615
leaf_weight=16.243174927309155 2900.132441971451 13.426274828612803 10.350289963185785 28.80902561545372 58.780247136950493 9.5085939168930036 19.978082919493318 10.610990360379217 121.81682587973773 540.90115178376436 45.422797983512282 11.131622869521378 82.318123685196042 446.2851926907897
leaf_count=198 16815 77 66 158 547 61 280 74 1210 4880 324 95 892 3555
internal_value=-0.000402385 -0.00172193 -0.0209862 -0.0302594 0.00245536 0.00203233 0.00546436 0.00271108 -0.00196693 0.00176513 -0.0147292 -0.025358 0.0219909 -0.00416447
internal_weight=4315.71 2952.72 52.5856 42.2353 1363 1346.75 719.871 628.045 626.882 617.434 76.5325 56.5544 91.8267 568.102
internal_count=29232 17116 301 235 12116 11918 6606 5653 5312 5579 699 419 953 4765
cat_boundaries=0 2 3 4
cat_threshold=3230716760 55 3149862 2
is_linear=0
shrinkage=0.05


Tree=268
num_leaves=15
num_cat=1
split_feature=2 8 29 24 11 11 3 9 14 24 8 24 8 24
split_gain=4.47401 13.2336 11.3992 13.7521 7.98025 11.1471 8.02256 6.46345 5.92103 6.0908 5.45477 10.6785 5.42528 11.825
threshold=-0.0017448529702202007 70.500000000000014 0 0.41988553035064669 7.7748032442579786 6.947984589566901 0.59703814251247056 1.0000000180025095e-35 0.98375000000000068 0.51694264374709065 -2.4999999999999996 0.41229424774658002 -20.499999999999996 0.30251505886279345
decision_type=2 10 9 8 2 2 8 2 10 10 8 8 10 10
left_child=1 2 -1 4 5 6 -4 -8 9 -5 11 12 -2 -14
right_child=10 -3 3 8 -6 -7 7 -9 -10 -11 -12 -13 13 -15
leaf_value=0.027878700596852903 -0.015017032382370869 -0.035228790163737603 0.0092319511508083402 0.053888778655759487 0.028758452264427737 -0.048680759339981471 -0.051452728997719549 0.00086116621398716849 -0.011139415179040621 0.0017081755474255271 -0.00076610441427006788 0.059589917635048922 0.035069008719158155 -0.019480323991427788
leaf_weight=54.074389168992639 21.215884119272232 15.856284392997621 40.276822051033378 18.614782402291898 11.542104028165339 17.17343526519835 11.763198066502811 10.926666418090461 7.0255733970552674 7.9164703395217648 4041.6173724876717 9.5442126113921386 26.460950806736946 14.761992879211901
leaf_count=404 119 109 285 131 86 118 68 82 51 99 27297 52 147 106
internal_value=-0.000169971 0.00720723 0.0111343 0.00142013 -0.00851695 -0.0141738 -0.00414849 -0.0272872 0.0284415 0.0389466 -0.000521649 0.0130262 0.00508148 0.0155361
internal_weight=4308.77 195.17 179.313 125.239 91.6822 80.1401 62.9667 22.6899 33.5568 26.5313 4113.6 71.983 62.4388 41.2229
internal_count=29154 1433 1324 920 639 553 435 150 281 230 27721 424 372 253
cat_boundaries=0 2
cat_threshold=537403466 33
is_linear=0
shrinkage=0.05


Tree=269
num_leaves=15
num_cat=1
split_feature=23 15 28 25 7 3 25 25 24 15 9 7 25 15
split_gain=5.44735 4.83117 4.35709 13.3176 11.7939 9.1059 10.4594 15.7118 8.90765 11.7412 9.10221 7.89448 7.31361 7.31135
threshold=65.545625000000015 -9.2765927920247027 0 5.2697427702667303 40.500000000000007 0.17758372483028242 2.9183998881255522 0.23929318757952694 0.33735820306128589 0.17221707496168007 1.0000000180025095e-35 26.500000000000004 0.35430313156638621 -1.0000000180025095e-35
decision_type=10 10 9 8 2 10 10 10 10 10 2 2 10 10
left_child=2 -2 3 4 5 8 7 11 10 -10 13 -7 -12 -1
right_child=1 -3 -4 -5 -6 6 -8 -9 9 -11 12 -13 -14 -15
leaf_value=0.032018018369332775 0.0005265186325341839 0.04294077047302966 -0.0012008608144439355 -0.029971223577471451 -0.012430525885258321 0.022783898204920817 0.026857162419339515 -0.0073867336850920234 -0.0089234499015905609 0.027854903352380757 0.011075980700877806 -0.017126485298451018 0.052892053167596556 -0.0014827663450357579
leaf_weight=26.399976067245007 13.258810114115478 12.653233263641594 3600.3454956775531 28.104775357991457 87.444511402398348 79.598389886319637 38.098587227985263 235.27423805184662 61.496507193893194 32.269521061331034 15.648885779082773 13.885088782757519 34.884537201374769 39.947703156620264
leaf_count=188 157 127 24010 239 982 509 265 1592 331 174 97 82 199 252
internal_value=-0.000361185 0.022064 -0.000501635 0.00309991 0.00458716 0.00718098 0.00240909 -0.000496967 0.0154409 0.00389417 0.0245925 0.0167375 0.0404089 0.0121248
internal_weight=4319.31 25.912 4293.4 693.053 664.948 577.503 366.856 328.758 210.647 93.766 116.881 93.4835 50.5334 66.3477
internal_count=29204 284 28920 4910 4671 3689 2448 2183 1241 505 736 591 296 440
cat_boundaries=0 1
cat_threshold=2361263
is_linear=0
shrinkage=0.05


Tree=270
num_leaves=15
num_cat=0
split_feature=3 26 19 26 24 26 8 23 20 1 24 24 8 26
split_gain=5.40068 18.4246 10.7439 5.30326 12.411 11.9583 13.0593 13.0337 12.6504 14.6382 11.812 17.1538 10.7369 11.7252
threshold=1.4657099535114113 1152.5000000000002 98.750000000000014 1040.0000000000002 0.47655963667832812 388.50000000000006 1.0000000180025095e-35 7.2666666666666666 -18.974999999999998 0.70856227106227121 0.47006587756596635 0.4538206498430053 83.500000000000014 1096.0000000000002
decision_type=10 2 8 2 10 2 8 10 10 10 10 10 10 2
left_child=3 -2 -3 5 12 7 10 -1 9 -8 11 -7 13 -5
right_child=1 2 -4 4 -6 6 8 -9 -10 -11 -12 -13 -14 -15
leaf_value=0.00070914945535856646 0.012731411770008423 -0.010531500095034134 -0.08378791523544879 0.059917059481618865 -0.0057970225193917108 1.4005828301855297e-05 -0.03711047123526539 -0.024931881335518147 -0.027626795487147051 0.002188206372125516 0.023809308182486204 -0.063629625008608651 -0.048999640472558129 0.0094237524817182266
leaf_weight=3222.2030228618532 23.031369749456644 9.3645622842013854 10.622048389166592 10.942184679210184 191.0309343803674 122.00939804315567 28.570471938699484 49.334663663990796 117.40818491950631 118.79277573153377 45.257168672978878 10.59338206797838 6.6089023258537045 346.70220005884767
leaf_count=20215 246 80 57 79 1477 844 180 557 871 932 357 75 63 3113
internal_value=-0.000227456 -0.0176516 -0.0516015 -4.7802e-05 0.00450518 -0.000729521 -0.00843288 0.000314983 -0.0154512 -0.00562972 0.00204289 -0.00550857 0.0099092 0.0111314
internal_weight=4312.47 43.018 19.9866 4269.45 555.284 3714.17 442.631 3271.54 264.771 147.363 177.86 132.603 364.253 357.644
internal_count=29146 383 137 28763 4732 24031 3259 20772 1983 1112 1276 919 3255 3192
is_linear=0
shrinkage=0.05


Tree=271
num_leaves=15
num_cat=2
split_feature=13 29 0 11 18 7 3 13 29 3 1 11 0 18
split_gain=5.5632 8.23419 10.7815 10.3498 9.39781 7.51395 6.70842 6.60544 14.597 11.4196 8.18731 7.21308 7.20643 6.85599
threshold=9.0025000000000031 0 82.815000000000012 5.9847544651493321 26.310000000000006 7.5000000000000009 0.29255676780746592 4.450000000000002 1 0.56053877755845682 2.2760889292196009 7.681800048015619 92.00500000000001 6.5524999999999993
decision_type=10 9 10 2 10 2 10 10 9 8 10 2 10 10
left_child=7 2 4 -3 5 -2 -5 -1 11 -10 -11 12 13 -9
right_child=1 3 -4 6 -6 -7 -8 8 9 10 -12 -13 -14 -15
leaf_value=8.9928038162688664e-05 0.014150918114806314 -0.016647331504682724 -0.04348341159379774 0.045087969751797269 0.045170112600871712 -0.021114224506427179 0.006769626050454506 0.010516673229655601 0.031058755590309291 0.010357949899507413 -0.040768751372561883 -0.029016525155048691 -0.035510564691683927 -0.02962352856901972
leaf_weight=3822.8183616809547 18.872691813856363 36.853026809170842 28.114759933203459 14.511768372729419 6.5778229758143416 64.377018667757511 45.134093815460801 85.052023760974407 86.325247487053275 44.877910619601607 8.4434989932924491 23.38110466953367 10.971967842429875 11.163447141647337
leaf_count=25347 218 288 188 107 50 438 356 758 695 364 70 147 76 83
internal_value=0.000212841 -0.00761848 -0.0156883 0.00354937 -0.00833312 -0.0130466 0.0166822 0.000624898 0.00816505 0.0186026 0.00166051 -0.00415297 0.0011048 0.00560257
internal_weight=4307.47 214.441 117.942 96.4989 89.8275 83.2497 59.6459 4093.03 270.215 139.647 53.3214 130.569 107.187 96.2155
internal_count=29185 1645 894 751 706 656 463 27540 2193 1129 434 1064 917 841
cat_boundaries=0 2 4
cat_threshold=2743154778 12 546370572 62
is_linear=0
shrinkage=0.05


Tree=272
num_leaves=15
num_cat=2
split_feature=29 2 6 2 1 10 8 28 26 9 0 3 26 13
split_gain=5.28995 11.6524 9.90496 11.5204 12.0607 8.26823 9.37481 7.84986 17.5635 15.3374 13.4983 11.7928 10.0479 8.48654
threshold=0 -1.0000000180025095e-35 -93.499999999999986 85.443173409453109 1.3896520963425516 4.5000000000000009 132.50000000000003 1 28.500000000000004 1.0000000180025095e-35 74.785000000000011 0.5574150006730203 69.500000000000014 2.5024999999999999
decision_type=9 2 10 2 10 2 8 9 2 2 10 8 2 8
left_child=1 -1 5 7 -5 6 -3 -4 9 -9 11 12 -10 -12
right_child=-2 2 3 4 -6 -7 -8 8 10 -11 13 -13 -14 -15
leaf_value=0.028636360308568278 -0.00038054980307513302 0.046708623773357737 0.0054898958500512289 0.0049159539910359996 -0.037331489532361685 0.035657203070160882 -0.0099553763144978342 0.0049660730669579449 0.036768835061985188 -0.056430562849755554 -0.068049334512210194 0.036973810415777845 -0.012808998973542372 0.00029448687380059384
leaf_weight=44.450817467644811 3418.2884733667597 8.4867023769766075 553.82366993092 29.889354024082422 37.239442935213447 38.559838131070137 30.716396275907755 15.730613488703964 12.182818759232758 27.022917430847883 8.577513635158537 29.159045715816319 44.491600884124637 8.6234780251979846
leaf_count=299 22719 65 4485 152 212 237 184 85 68 151 50 168 252 50
internal_value=0.000517511 0.00392751 0.00264107 0.000905352 -0.0187246 0.0195264 0.00316797 0.00281291 -0.00720759 -0.0342433 0.00353922 0.0117133 -0.00169893 -0.0356524
internal_weight=4307.24 888.954 844.503 766.74 67.1288 77.7629 39.2031 699.612 145.788 42.7535 103.034 85.8335 56.6744 17.201
internal_count=29177 6458 6159 5673 364 486 249 5309 824 236 588 488 320 100
cat_boundaries=0 2 3
cat_threshold=2188386828 37 2143509
is_linear=0
shrinkage=0.05


Tree=273
num_leaves=15
num_cat=3
split_feature=8 20 19 3 8 11 11 29 19 3 10 28 29 3
split_gain=5.29278 11.1742 9.29299 8.66983 5.30284 6.68699 4.57475 17.8326 11.1364 13.6858 12.022 12.1543 11.0012 11.5792
threshold=-2.4999999999999996 4.9975000000000032 57.985000000000007 0.16237379344523156 -1.0000000180025095e-35 6.4099692475812011 5.6340570387193436 0 70.477500000000006 0.0032613803444310192 1.0000000180025095e-35 1 2 0.70450612714543581
decision_type=8 10 8 10 8 2 2 9 8 8 2 9 9 8
left_child=1 2 -1 -4 5 -2 7 -6 12 -10 -11 -12 -9 -14
right_child=4 -3 3 -5 6 -7 -8 8 9 10 11 -13 13 -15
leaf_value=-0.010755211171640546 -0.056171533323869094 0.060695995933234916 0.045390265579906178 -0.0095992023042894819 -0.014467955594457746 -0.00164817702630828 0.00086782916026359772 0.011872675681847203 -0.037914061533582899 -0.0058261113233906876 -0.0067827564081962321 0.014382087772101133 -0.030196460578754206 0.017134381378006786
leaf_weight=38.370479255914688 8.5171463601291197 9.6072753388434631 19.047486815601591 10.688701255246995 241.21312033664435 13.898799560964106 3260.7887971997261 30.858524261042476 17.903068614192307 167.87260795012116 82.445021241903305 310.43178490456194 75.744833756238222 14.857820721343158
leaf_count=216 54 75 96 94 1675 78 21965 224 138 1225 596 2128 532 100
internal_value=8.83997e-05 0.0129347 0.00541656 0.025955 -0.000150924 -0.023879 -1.86971e-05 -0.00308732 0.00104027 0.00394803 0.00534967 0.0101276 -0.0126467 -0.0201344
internal_weight=4302.25 77.7139 68.1067 29.7362 4224.53 22.4159 4202.12 941.327 700.114 578.652 560.749 392.877 121.461 90.6027
internal_count=29196 481 406 190 28715 132 28583 6618 4943 4087 3949 2724 856 632
cat_boundaries=0 2 3 5
cat_threshold=565257238 7 12564 3255042048 56
is_linear=0
shrinkage=0.05


Tree=274
num_leaves=15
num_cat=2
split_feature=27 26 14 29 10 21 6 22 3 8 7 3 1 4
split_gain=4.97903 7.79837 4.53518 4.39222 13.0478 8.42475 10.7716 8.52737 8.23192 9.1067 9.57734 9.46853 7.54584 7.41722
threshold=0 112.50000000000001 19.503750000000004 1 7.5000000000000009 0.96050545000227194 20.500000000000004 -0.69999999999999984 0.82729762800152951 49.500000000000007 11.500000000000002 0.96892653061224499 0.21140303358613219 -23.816988129597163
decision_type=9 2 10 9 2 10 10 10 10 10 2 10 10 8
left_child=1 -1 3 4 5 6 8 -7 13 11 -11 -10 -8 -2
right_child=2 -3 -4 -5 -6 7 12 -9 9 10 -12 -13 -14 -15
leaf_value=-0.048542446017431219 -0.012686457903012 0.0062105341501030968 -0.022529386304554616 -0.00095535936395754143 0.011485014088134196 0.013756171960051904 0.006231101004841956 -0.044981506814438181 -0.041888587173859029 0.03318074128466858 -0.020227750324602473 0.0082122524814985092 -0.036725714307129988 0.0087908965489126786
leaf_weight=14.678245782852175 45.834188915789127 10.763503581285475 21.857027404010296 3490.7414631843567 294.74403108097613 8.2202323861420172 14.697267319075761 19.897968613542616 30.477327669039369 16.573785638436679 15.145957633852957 13.05172276124358 30.746872850693762 286.42614023759961
leaf_count=83 353 57 159 23496 1959 43 140 146 215 203 80 107 227 1905
internal_value=-0.000474434 -0.0188795 -0.000316115 -0.000197808 0.00317897 -0.00185731 -0.000181013 -0.0279271 0.00241352 -0.012415 0.00783976 -0.0270193 -0.0229978 0.00579899
internal_weight=4313.86 25.4417 4288.41 4266.56 775.815 481.071 452.953 28.1182 407.509 75.2488 31.7197 43.5291 45.4441 332.26
internal_count=29173 140 29033 28874 5378 3419 3230 189 2863 605 283 322 367 2258
cat_boundaries=0 1 3
cat_threshold=2129 55771145 38
is_linear=0
shrinkage=0.05


Tree=275
num_leaves=15
num_cat=1
split_feature=10 29 15 10 9 11 30 26 11 11 24 20 24 24
split_gain=4.66353 14.6048 11.3266 10.6156 10.2601 10.7616 8.74342 6.3584 5.8799 5.74381 10.7688 11.6078 8.55549 9.48224
threshold=28.500000000000004 0 0.8604779125647567 34.500000000000007 2.5000000000000004 6.2081070112693633 1.5000000000000002 57.500000000000007 5.4888137481140875 6.5334980742172721 0.11754451151887498 -69.837499999999991 0.16441682134353267 0.25436730366926702
decision_type=2 9 10 2 2 2 2 2 2 2 8 8 10 10
left_child=9 4 3 -3 5 8 -4 -7 -2 -1 -11 12 -12 -14
right_child=1 2 6 -5 -6 7 -8 -9 -10 10 11 -13 13 -15
leaf_value=-0.0011324064610229723 -0.035149319702200477 -0.0077310942402312515 0.0097497492186877158 0.038537196343681468 0.019670324274823486 -0.077570828373064601 -0.035596913655364985 -0.030345851580910389 0.018140467833086926 0.018512157025977461 0.018089989427426404 0.002526897919131083 -0.04809990010054039 -0.0076587642982012582
leaf_weight=2277.8217077497393 8.8300464265048522 19.626219011843204 19.742125276476145 31.364951059222221 8.4690864086151105 15.622813053429129 21.200619306415319 16.198646940290928 10.014892715960739 99.649691082537174 12.757802106440066 1711.3036404177547 25.736653782427311 32.660063073039055
leaf_count=15958 62 110 140 191 48 91 131 117 65 651 63 11224 129 190
internal_value=0.000242002 -0.00835835 0.00485504 0.0209226 -0.0252482 -0.0378787 -0.0140201 -0.0551881 -0.00734213 0.00055626 0.00259949 0.0017 -0.0179469 -0.0259918
internal_weight=4311 151.069 91.9339 50.9912 59.1355 50.6664 40.9427 31.8215 18.8449 4159.93 1882.11 1782.46 71.1545 58.3967
internal_count=29170 955 572 301 383 335 271 208 127 28215 12257 11606 382 319
cat_boundaries=0 2
cat_threshold=1074020430 41
is_linear=0
shrinkage=0.05


Tree=276
num_leaves=15
num_cat=3
split_feature=0 13 29 4 3 16 29 15 1 23 29 8 21 3
split_gain=5.28972 12.878 20.1422 9.04823 14.1296 12.8083 6.96081 11.2627 13.0279 8.93345 14.4625 8.7495 8.69597 9.52793
threshold=81.960000000000022 0.14249999999999832 0 -1.1673891350732959 0.86205830283934082 -2.5025000000000044 1 7.021289263325845 2.4189797449362342 3.2356250000000002 2 -2.4999999999999996 0.93846460806794274 0.3246795075500713
decision_type=10 10 9 10 10 10 9 10 10 8 9 10 8 10
left_child=6 -2 -3 4 -4 -6 7 12 11 10 -8 -9 13 -1
right_child=1 2 3 -5 5 -7 9 8 -10 -11 -12 -13 -14 -15
leaf_value=-0.04504908641606177 0.0052265005222377082 0.0051884962008265905 -0.019930138855442914 -0.0033464225936189872 -0.097679353914721129 -0.027687483084834177 -0.02644801436939332 0.066201085752166586 -0.044066311789082581 6.5515436128490051e-05 0.0067134664742597968 0.017340483336003364 0.003146189267610964 0.013329827700682487
leaf_weight=18.445769800804559 199.09458997286856 120.6900761667639 111.09583437908441 49.93831505253911 11.691047482192518 15.860778849571942 69.620587544515729 9.1186574064195138 7.1926788985729209 2654.0479607013986 53.78466340713203 121.9837068868801 841.45497659128159 10.326598780229686
leaf_count=227 1361 954 849 415 68 95 438 59 58 17540 338 987 5611 76
internal_value=0.000107463 -0.00467629 -0.0110474 -0.0205978 -0.028218 -0.059768 0.000750877 0.00428331 0.0175271 -0.000546317 -0.0136435 0.0212143 0.00221009 -0.0243525
internal_weight=4294.35 508.371 309.276 188.586 138.648 27.5518 3785.98 1008.52 138.295 2777.45 123.405 131.102 870.227 28.7724
internal_count=29076 3742 2381 1427 1012 163 25334 7018 1104 18316 776 1046 5914 303
cat_boundaries=0 2 4 6
cat_threshold=556599041 19 2194669583 36 58448 9
is_linear=0
shrinkage=0.05


Tree=277
num_leaves=15
num_cat=1
split_feature=2 19 3 2 25 26 26 4 3 24 29 20 26 0
split_gain=4.64455 8.26977 5.81681 5.48102 4.98868 4.96248 17.7828 12.9767 12.5236 13.9445 19.0127 13.816 11.9914 12.9032
threshold=-16.559317274308768 55.780000000000008 0.69530902367112335 -13.744712410128161 1.112601172074358 1040.0000000000002 997.50000000000011 -5.0048164793100858 1.4657099535114113 0.47655963667832812 0 -29.484999999999996 4200.5000000000009 5.0150000000000015
decision_type=2 8 8 2 8 2 2 10 10 10 9 8 2 10
left_child=1 -1 -3 -2 -4 6 -5 -8 9 12 11 -11 -7 -14
right_child=3 2 4 5 -6 8 7 -9 -10 10 -12 -13 13 -15
leaf_value=0.048977977324457744 -0.038814604805709953 0.017282470873238448 -0.034671653504336951 -0.00022313887117462601 0.011452695785646626 0.015900532233190406 -0.052500290978942571 0.015196299189286975 -0.033574783360242139 -0.050560008491089325 -0.017798733125712344 0.020288358376300743 -0.061183759406591202 0.0014211318620708608
leaf_weight=12.02013681270182 8.0667506102472526 34.732063917443156 12.491587063297628 3635.740677183494 9.6839186456054467 295.35247337352484 26.428826555609703 9.0290950760245305 19.893086964264512 6.6107612792402506 108.52887264825404 75.230702590197325 8.6684667430818063 55.053584355860949
leaf_count=71 67 296 107 23573 80 2667 168 59 146 49 816 600 55 480
internal_value=0.000229686 0.0130109 0.00469925 1.93157e-05 -0.0149044 0.000102323 -0.000571623 -0.0353179 0.00444144 0.00587634 -0.00504606 0.0125138 0.011665 -0.00790911
internal_weight=4317.53 68.9277 56.9076 4248.6 22.1755 4240.54 3671.2 35.4579 569.338 549.445 190.37 81.8415 359.075 63.7221
internal_count=29234 554 483 28680 187 28613 23800 227 4813 4667 1465 649 3202 535
cat_boundaries=0 2
cat_threshold=34081808 3
is_linear=0
shrinkage=0.05


Tree=278
num_leaves=15
num_cat=2
split_feature=3 7 24 6 3 29 7 5 25 2 29 24 13 11
split_gain=6.50805 7.15026 8.15571 9.7579 6.77307 12.24 7.0341 6.53013 6.00108 5.47399 13.2224 11.4849 7.62788 7.93709
threshold=1.4657099535114113 11.500000000000002 0.45524422580151008 -14.499999999999998 1.0454479565034773 0 12.500000000000002 0.46802500000000008 4.0893284257893425 80.878510210394737 1 0.35300144367345043 4.0049999999999999 7.3281844984255793
decision_type=10 2 10 10 10 9 2 8 10 2 9 10 8 2
left_child=4 2 3 -2 9 -6 8 -4 -7 -1 11 12 13 -11
right_child=1 -3 7 -5 5 6 -8 -9 -10 10 -12 -13 -14 -15
leaf_value=0.00091081434287501237 0.010579168994548643 -0.04925748865006966 -0.014026142881124982 -0.057875501033707179 -0.014695074283256475 0.042223376931213974 0.00098771114085856098 0.051613808913185413 -0.0085167922639062445 0.028778396401007589 -0.012583439524605795 -0.026741290209803176 0.023298305181780606 -0.023641086748470125
leaf_weight=3811.7839289912954 9.3674800265580433 12.237968426197765 6.2115803640335772 10.021992301568387 23.958478657528758 43.39561671949923 20.568782273679972 7.5102031305432329 6.3590950518846503 9.8799590319395083 222.24646440334618 19.112637009471655 72.586034938693047 20.597711324691772
leaf_count=25959 93 63 75 74 172 561 110 99 44 49 1197 112 365 106
internal_value=0.000464073 -0.0181707 -0.00557384 -0.0259067 0.000667118 0.0138478 0.0225416 0.0229655 0.0356983 0.000364861 -0.00566244 0.00735195 0.0145771 -0.00627383
internal_weight=4295.84 45.3492 33.1113 19.3895 4250.49 94.282 70.3235 13.7218 49.7547 4156.21 344.423 122.176 103.064 30.4777
internal_count=29079 404 341 167 28675 887 715 174 605 27788 1829 632 520 155
cat_boundaries=0 2 4
cat_threshold=11011072 32 26738754 5
is_linear=0
shrinkage=0.05


Tree=279
num_leaves=15
num_cat=4
split_feature=6 25 6 29 2 2 20 29 29 9 25 3 20 28
split_gain=5.47233 6.34902 7.40138 5.95692 10.2979 8.9264 9.68053 14.8006 13.305 20.9419 16.82 12.1993 12.0204 9.35077
threshold=-131.49999999999997 4.6107592113742699 -150.49999999999997 0 291.05128589986379 249.86216464159506 -32.472499999999989 1 2 5.5000000000000009 0.38075285766847977 0.35146461202308621 -80.47499999999998 3
decision_type=8 10 10 9 2 2 10 9 9 2 10 10 10 9
left_child=1 2 -1 5 -5 6 8 -8 9 10 -2 -12 -13 -9
right_child=3 -3 -4 4 -6 -7 7 13 -10 -11 11 12 -14 -15
leaf_value=-0.031586425705014784 -0.014845424152152059 0.051604877382133096 0.031348130560103028 0.0025067343138225301 -0.021312206453379508 0.020745820077789925 -0.0076966341821725019 -0.011969903655250295 -0.0097864191017507096 -0.051487098968562364 0.021352232107952077 0.0069522895943271643 -0.038663612656329858 0.0096711359301203583
leaf_weight=7.5403867289423969 74.060820521786809 10.329744111746548 9.3236770834773797 2509.4822367895395 45.221206169575453 41.996044520288706 245.44995548017323 48.457181734964252 626.43262622971088 15.864398185163735 143.00442741066217 70.53598291054368 17.099035991355777 419.3383810389787
leaf_count=47 591 54 64 17047 233 210 1700 412 4125 108 811 456 111 3119
internal_value=0.00069228 0.0226482 0.00301542 0.000546737 0.00206884 -0.00173943 -0.00233081 0.00206702 -0.0056418 0.00268356 0.00575096 0.0124002 -0.00228392 0.00720592
internal_weight=4284.14 27.1938 16.8641 4256.94 2554.7 1702.24 1660.24 713.246 946.997 320.565 304.7 230.639 87.635 467.796
internal_count=29088 165 111 28923 17280 11643 11433 5231 6202 2077 1969 1378 567 3531
cat_boundaries=0 2 4 6 7
cat_threshold=554642706 27 16916482 10 16982018 10 2097860
is_linear=0
shrinkage=0.05


Tree=280
num_leaves=15
num_cat=2
split_feature=25 22 24 1 5 28 7 32 0 28 8 3 8 1
split_gain=4.74169 19.8869 10.5174 8.93845 5.45731 6.77145 9.31361 6.62213 5.45274 5.13177 10.3928 12.0754 11.5635 8.36288
threshold=-0.4723429492361963 7.2800000000000011 0.80453074433656979 0.48295234405269283 0.6205452702702704 0 15.500000000000002 0.90000000000000013 31.925000000000001 1 16.500000000000004 0.4599479076750147 1.5000000000000002 0.29603547209181019
decision_type=8 10 10 10 10 9 2 2 8 9 8 10 10 10
left_child=1 3 9 -1 5 7 -7 -5 -9 10 12 -12 13 -2
right_child=2 -3 -4 4 -6 6 -8 8 -10 -11 11 -13 -14 -15
leaf_value=-0.014571428942831597 -0.016774216526208707 -0.061323641476554759 -0.042543910320319761 -0.0091811724830874308 0.047627915359343936 0.018394589607195894 -0.03823913706001765 0.00011001383527569595 0.053240848061496718 -0.0010654624087274131 -0.041431096672493846 0.012198105558587103 0.04458348977563157 0.020496029062316252
leaf_weight=18.791249466128647 23.449254173785448 8.0952397640794498 14.101876921951769 7.2079349216073743 16.998741935938597 15.239827895537021 12.179429194889961 5.9972132146358517 23.880042206496 4039.936079245992 17.695290043950081 23.166915139183402 28.286923261359334 38.347739989869297
leaf_count=110 123 96 100 52 113 147 66 30 230 27337 102 180 252 238
internal_value=-0.000624169 0.00965268 -0.000892579 0.0159304 0.0230542 0.0159501 -0.00534224 0.0259965 0.0429249 -0.00074159 0.00861096 -0.0114608 0.0186868 0.00631169
internal_weight=4293.37 108.39 4184.98 100.294 81.5032 64.5044 27.4193 37.0852 29.8773 4170.88 130.946 40.8622 90.0839 61.797
internal_count=29176 844 28332 748 638 525 213 312 260 28232 895 282 613 361
cat_boundaries=0 1 2
cat_threshold=548868 786720
is_linear=0
shrinkage=0.05


Tree=281
num_leaves=15
num_cat=2
split_feature=8 20 8 3 29 15 1 28 19 15 26 4 3 2
split_gain=6.56859 7.64191 5.86623 7.82851 5.39345 12.4016 11.6875 8.60662 7.74989 8.54663 7.29943 12.5366 8.44815 7.89763
threshold=-2.4999999999999996 4.9975000000000032 -12.499999999999998 0.10774857120856278 0 7.021289263325845 0.8097619047619049 1 97.500000000000014 10.452619573828072 939.00000000000011 -6.1681581464227255 0.99275881853889536 69.669257085427049
decision_type=8 10 8 10 9 10 8 9 8 8 2 8 10 2
left_child=1 2 -1 -4 -2 -6 -7 8 -8 -10 13 -12 -13 -9
right_child=4 -3 3 -5 5 6 7 10 9 -11 11 12 -14 -15
leaf_value=-0.0086539113470023975 0.0016953288350202472 0.05458632473984331 0.042223079039346238 -0.0055543595121544439 -0.00064487339233630528 -0.022964313663155503 -0.053077650748815923 0.012915175774103461 -0.037111866133704742 0.028906696837252735 -0.052616855680771873 0.023986233383249844 -0.038054345637993946 -0.031035352204717398
leaf_weight=28.409080810844898 1673.8678517732769 9.3254374954849464 18.916114928200841 14.68900608550757 2223.3086067195982 126.0398211479187 16.039195824414492 105.22667945548892 9.1498080641031247 8.5065520219504851 13.749210830777882 17.380260843783621 6.8387364149093619 10.357664983719586
leaf_count=156 11697 78 99 120 14705 776 112 867 80 80 114 156 52 59
internal_value=-0.000245816 0.0146932 0.00792319 0.0217822 -0.000502363 -0.00195168 -0.0112562 -0.00329518 -0.022514 -0.00546062 0.00234554 -0.0162564 0.00565349 0.00874429
internal_weight=4281.8 71.3396 62.0142 33.6051 4210.46 2536.6 313.288 187.248 33.6956 17.6564 153.553 37.9682 24.219 115.584
internal_count=29151 453 375 219 28698 17001 2296 1520 272 160 1248 322 208 926
cat_boundaries=0 2 3
cat_threshold=2213909532 32 1052692
is_linear=0
shrinkage=0.05


Tree=282
num_leaves=15
num_cat=2
split_feature=2 2 2 25 2 15 29 7 8 2 12 5 29 7
split_gain=5.74614 11.8123 8.22921 6.852 6.32579 11.3299 8.37911 8.42257 7.84038 6.50398 12.4284 9.68438 8.16214 8.48849
threshold=496.68762263728229 348.66029911089646 301.16679315753407 17.100052097240919 142.83612632229395 7.2104387812288913 0 46.500000000000007 129.50000000000003 80.878510210394737 2.5000000000000004 0.22213773584905663 1 10.500000000000002
decision_type=2 2 2 10 2 8 9 2 8 2 2 8 9 2
left_child=1 2 3 4 9 6 -6 8 -8 -1 11 -11 -13 -14
right_child=-2 -3 -4 -5 5 -7 7 -9 -10 10 -12 12 13 -15
leaf_value=0.00023732564862025382 -0.023978620974443914 0.030824550664517381 -0.030366161461393829 -0.03489941551149308 -0.0086173134894240843 -0.024102287371151762 0.048027767833466961 -0.0090082542031861557 0.010842258454577869 0.038591367911861262 -0.03752016112955258 -0.02188998566599764 0.0299815720419856 -0.0073776560225711193
leaf_weight=3924.9333180021495 23.880683541297913 30.094830248504877 21.348504167050123 12.973691448569296 23.153697744011879 17.874273620545864 40.231557186692953 12.670941777527331 22.69449071213603 11.683222662657498 31.844738163053989 41.94010366499424 21.445390140637755 46.283191207796335
leaf_count=27179 125 152 107 81 117 98 209 64 119 62 174 233 155 226
internal_value=-1.99694e-05 0.000119961 -0.000105773 5.49355e-05 0.000171336 0.0116028 0.0182425 0.0244121 0.0349961 -0.000158343 -0.0102313 -0.00282207 -0.00754278 0.00411679
internal_weight=4283.05 4259.17 4229.08 4207.73 4194.75 116.625 98.7507 75.597 62.926 4078.13 153.197 121.352 109.669 67.7286
internal_count=29101 28976 28824 28717 28636 607 509 392 328 28029 850 676 614 381
cat_boundaries=0 2 4
cat_threshold=80 33 8389642 40
is_linear=0
shrinkage=0.05


Tree=283
num_leaves=15
num_cat=6
split_feature=7 28 29 11 17 25 29 3 29 28 7 29 3 25
split_gain=4.05421 10.5132 13.1619 14.598 11.7643 7.99792 16.7198 14.5796 14.7326 14.3883 13.5428 12.2828 15.2625 11.952
threshold=16.500000000000004 0 1 6.6032525052659077 1.5000000000000002 3.4644496427550107 2 0.32052953208572738 3 4 32.500000000000007 5 0.64616877678116202 1.5930632332841739
decision_type=2 9 9 2 2 8 9 8 9 9 2 9 10 10
left_child=1 2 -1 4 -4 7 10 8 -2 11 -7 -9 -13 -10
right_child=5 -3 3 -5 -6 6 -8 9 13 -11 -12 12 -14 -15
leaf_value=0.020917842020097943 -0.0077602677112887002 -6.6248302469459953e-05 -0.0140101654536374 0.016168112095267275 0.034911346231551871 0.034591838886238915 -0.0016518188485349539 -0.011205890353254871 0.0090675635979096027 -0.016637479949252288 0.00044487649485456745 -0.0009134937543207243 0.033956060079006929 -0.0055234717824003635
leaf_weight=136.44399873353541 349.63520842045546 1829.0825080154464 121.23484872281551 97.562059562653303 12.705116763710974 71.78163143992424 339.66266680695117 143.73423981107771 477.52718285564333 309.10108570661396 48.353775881230831 110.4919631741941 42.802101265639067 197.81130262464285
leaf_count=1179 2257 14133 1002 899 104 326 1686 876 2852 1654 262 601 220 1092
internal_value=1.17489e-05 0.00151127 0.00908759 0.00148245 -0.0091453 -0.00156385 0.00425431 -0.00320555 0.000431123 -0.0093458 0.0193663 -0.00113118 0.00843305 0.00472208
internal_weight=4287.93 2197.03 367.946 231.502 133.94 2090.9 459.798 1631.1 1024.97 606.129 120.135 297.028 153.294 675.338
internal_count=29143 17317 3184 2005 1106 11826 2274 9552 6201 3351 588 1697 821 3944
cat_boundaries=0 1 3 5 7 8 10
cat_threshold=266645 35699018 38 47206400 15 1121989646 29 12295 9201738 10
is_linear=0
shrinkage=0.05


Tree=284
num_leaves=15
num_cat=0
split_feature=26 24 18 0 7 5 1 7 7 0 10 8 15 3
split_gain=5.32982 12.5309 8.09498 9.41973 4.84648 5.67747 5.13623 6.58505 5.03683 4.64571 4.35195 14.6183 9.91214 7.68829
threshold=3488.5000000000005 0.46722124663669889 10.017500000000002 8.5250000000000021 18.500000000000004 0.88948849104859351 0.6540835707502376 12.500000000000002 2.5000000000000004 2.0200000000000005 31.500000000000004 67.500000000000014 1.2421127984691149 0.10774857120856278
decision_type=2 10 10 10 2 10 10 2 2 8 2 8 8 10
left_child=10 2 3 9 5 6 -5 8 -8 -2 -1 12 13 -12
right_child=1 -3 -4 4 -6 -7 7 -9 -10 -11 11 -13 -14 -15
leaf_value=-0.00052651832924671704 0.0029846183624976166 0.037984727717858872 -0.050245010482784437 0.049133852748514305 -0.016972800879399612 -0.027057573982339402 -0.019773687446212208 -0.012907806587602925 0.040280482493037617 -0.046803224778508852 -0.030992317069278907 0.026138701407071613 -0.033888062951446495 0.015036136873943579
leaf_weight=4071.4441090198234 7.8536737039685276 28.836601492017508 6.2218421176075926 14.303805511444805 10.039484594017265 5.0868703089654437 3.6063586100935963 13.635134495794771 18.686236688867211 10.212791893631218 12.625281699001787 20.974340718239546 50.103353897109628 26.150241732597351
leaf_count=27193 49 496 53 121 57 39 53 72 279 65 82 133 321 162
internal_value=-0.000495427 0.00991733 0.000569416 0.00490945 0.0137564 0.0195357 0.0246901 0.0138914 0.0301335 -0.0261386 -0.000792788 -0.0105676 -0.0194243 -0.000353089
internal_weight=4299.78 118.483 89.6462 83.4244 65.3579 55.3184 50.2315 35.9277 22.2926 18.0665 4181.3 109.853 88.8789 38.7755
internal_count=29175 1284 788 735 621 564 525 404 332 114 27891 698 565 244
is_linear=0
shrinkage=0.05


Tree=285
num_leaves=15
num_cat=3
split_feature=7 3 29 2 15 7 29 3 7 1 8 1 6 29
split_gain=5.22487 9.24346 13.7966 10.1656 10.8104 9.70688 10.0596 7.66884 9.49448 9.26635 7.05403 6.99295 11.7223 15.013
threshold=15.500000000000002 0.050220280425569315 0 4.6879459143957307 -1.0000000180025095e-35 23.500000000000004 1 0.0014375992569058988 42.500000000000007 0.2009615384615385 1.0000000180025095e-35 2.2760889292196009 -21.499999999999996 2
decision_type=2 8 9 2 10 2 9 10 2 8 8 8 10 9
left_child=11 2 -2 5 -5 6 -4 9 -9 -7 -10 -1 13 -13
right_child=1 -3 3 4 -6 7 -8 8 10 -11 -12 12 -14 -15
leaf_value=0.0036077076439152604 -0.0074640420365885071 -0.003207859407467005 -0.0091771346607800071 0.016304158470437757 -0.033300438069681526 -0.0070772524679857847 0.030878222628576035 -0.0093253512775731042 0.030089848454215636 0.03578034595648405 -0.012699369173683509 0.0087253924467950647 -0.043910021100851689 -0.0089426520699081927
leaf_weight=1613.5501195006073 157.87864334136248 1710.1279790559784 18.923148099333048 18.418941406533122 24.598679102957249 18.143459748476744 86.721242256462574 88.067662227898836 33.715890947729349 38.311699943616986 12.678711846470831 193.85112220421433 16.072099615819752 281.22199722751975
leaf_count=13263 1105 9260 118 96 122 186 455 512 234 240 73 1530 155 1897
internal_value=0.00023606 -0.001463 0.00452976 0.010036 -0.0121733 0.0136249 0.0257196 0.00683315 0.000297482 0.0221234 0.0183752 0.00201803 -0.00320123 -0.00173468
internal_weight=4312.28 2207.59 497.458 339.579 43.0176 296.562 105.644 190.917 134.462 56.4552 46.3946 2104.7 491.145 475.073
internal_count=29246 12401 3141 2036 218 1818 573 1245 819 426 307 16845 3582 3427
cat_boundaries=0 2 3 5
cat_threshold=8471884 13 303106 52700762 42
is_linear=0
shrinkage=0.05


Tree=286
num_leaves=15
num_cat=3
split_feature=7 0 29 0 8 29 1 25 20 28 24 6 23 7
split_gain=5.85098 13.141 12.4725 13.2533 12.2829 13.6074 14.4296 11.4706 14.8187 13.5209 11.5003 14.6919 11.7906 10.6796
threshold=5.5000000000000009 89.895000000000024 0 6.1150000000000011 72.500000000000014 1 1.7850140056022412 0.075512009590845988 -2.5949999999999913 2 0.43614361923001432 -55.499999999999993 1.0000000180025095e-35 2.5000000000000004
decision_type=2 8 9 10 10 9 10 10 8 9 10 10 10 2
left_child=1 2 3 -1 5 7 -7 -3 -9 -10 12 -12 13 -11
right_child=-2 4 -4 -5 -6 6 -8 8 9 10 11 -13 -14 -15
leaf_value=-0.037026576838229262 -0.00097502949486723961 0.021304429981651628 0.022022460874429134 0.007987852973341562 0.024071241274404895 0.016874577729026376 -0.0069957691450711736 -0.074590831599586446 0.016657410958112597 -0.032757942743458709 -0.048162934021104789 0.005877192999546265 0.028379138392723074 -0.0073041565477580898
leaf_weight=19.720551420003176 3388.3223286857828 30.026276871562004 144.13065328728408 76.575522724539042 48.216266747564077 153.65071162581444 106.44707480631769 7.7951584868133068 38.232358895242214 110.97606494277716 13.234667547047136 107.02395143173635 10.922744084149597 66.322245497256517
leaf_count=138 21781 231 1528 779 350 1423 737 70 279 632 88 841 56 467
internal_value=-9.33149e-06 0.003494 0.0135396 -0.00137516 -6.42293e-06 -0.00184185 0.00685358 -0.00770388 -0.0104306 -0.00877767 -0.0121203 -0.000418162 -0.0201959 -0.0233308
internal_weight=4321.6 933.274 240.427 96.2961 692.848 644.631 260.098 384.533 354.507 346.712 308.48 120.259 188.221 177.298
internal_count=29400 7619 2445 917 5174 4824 2160 2664 2433 2363 2084 929 1155 1099
cat_boundaries=0 2 4 5
cat_threshold=1097165122 7 2176618008 49 2625572
is_linear=0
shrinkage=0.05


Tree=287
num_leaves=15
num_cat=1
split_feature=7 19 4 26 28 1 11 14 4 8 8 15 8 1
split_gain=5.0618 14.4483 13.6929 11.234 9.24237 6.24427 6.42856 6.16751 5.90358 5.33828 7.27306 6.43335 5.6764 5.33823
threshold=48.500000000000007 4.4000000000000012 24.711681512588783 278.50000000000006 0 0.18245838668373884 7.9536938443465353 0.23875000000000005 -0.15954674356001772 108.50000000000001 132.50000000000003 0.924624354954939 102.50000000000001 0.44246532156368229
decision_type=2 10 10 2 9 10 2 8 8 10 10 8 10 10
left_child=9 3 7 4 5 -2 -7 -3 -6 12 -11 -12 -1 -10
right_child=1 2 -4 -5 8 6 -8 -9 13 10 11 -13 -14 -15
leaf_value=0.00020014589429776506 -0.0078591474570678752 0.0043666285238922664 0.040248764931592719 0.046580954757089399 -0.051999132358467627 0.043822290749988613 0.0038174408598392671 -0.042383225506198316 -0.0025740497302158124 0.030112437998917524 -0.019473059436167138 0.017108010534115255 -0.027629745545926912 -0.042692477061815282
leaf_weight=4000.3588203554973 27.056928217411041 8.0580378957092744 5.8187963590025893 11.422278620302675 9.9337188787758333 18.315493576228619 21.355450101196766 47.192573837935925 39.859541920945048 34.238395061343908 21.619443859905005 24.645912151783705 17.407018270343542 9.5192581750452501
leaf_count=27043 177 68 37 83 172 95 104 416 392 192 112 152 109 71
internal_value=-4.88087e-05 -0.0078255 -0.0278488 0.00120694 -0.00323933 0.00915098 0.0229105 -0.0356086 -0.0159689 0.000329734 0.0129981 -3.63742e-05 7.27274e-05 -0.011002
internal_weight=4296.8 198.532 61.0694 137.463 126.04 66.7279 39.6709 55.2506 59.3125 4098.27 80.5038 46.2654 4017.77 49.3788
internal_count=29223 1615 521 1094 1011 376 199 484 635 27608 456 264 27152 463
cat_boundaries=0 1
cat_threshold=24576
is_linear=0
shrinkage=0.05


Tree=288
num_leaves=15
num_cat=4
split_feature=26 29 29 23 19 28 32 15 28 0 11 11 1 11
split_gain=4.34139 20.6719 16.2885 16.3546 11.5737 11.8628 10.5028 9.34596 9.64336 11.7116 11.6026 12.5799 16.1755 15.9045
threshold=8.5000000000000018 0 1 -0.72472222222222205 41.750000000000007 2 0.90000000000000013 9.7340206110448992 3 55.805000000000007 5.8556448174048787 8.0655761608216459 0.52128623188405809 6.1352942199234972
decision_type=2 9 9 10 8 9 2 10 9 10 2 2 8 2
left_child=1 -1 3 6 5 -4 -3 8 9 -6 -10 12 13 -12
right_child=-2 2 4 -5 7 -7 -8 -9 10 -11 11 -13 -14 -15
leaf_value=-0.019032964372741233 0.00058521357786176886 0.0015393871233855992 0.012455735855534854 -0.040771195922759337 0.0070985691392468232 -0.017073722645931749 0.034491918724041663 -0.017652688074241151 -0.020283798941651335 -0.028301150095384083 0.070927878488382973 -0.019323741454170221 -0.0079951415302635838 0.01273934025650466
leaf_weight=161.34517652913928 2840.8815971706063 36.492464981973171 35.168547965586185 10.000447036698459 522.20039527118206 189.19983556866646 71.239354852586985 68.585207099094987 92.911038914695382 23.4832350499928 12.954622864723204 59.673336803913116 90.78136576898396 78.899374209344387
leaf_count=1049 20158 213 181 92 3173 1232 429 512 670 139 77 328 628 421
internal_value=-0.000551853 -0.002774 -0.000578062 0.0163198 -0.00240862 -0.0126153 0.0234466 -1.1333e-05 0.00138064 0.00542691 -0.00520905 0.000416739 0.00693675 0.0216214
internal_weight=4293.82 1452.93 1291.59 117.732 1173.86 224.368 107.732 949.489 880.903 545.684 335.22 242.309 182.635 91.854
internal_count=29302 9144 8095 734 7361 1413 642 5948 5436 3312 2124 1454 1126 498
cat_boundaries=0 2 4 5 6
cat_threshold=1112109576 16 262227 14 12290 1425968
is_linear=0
shrinkage=0.05


Tree=289
num_leaves=15
num_cat=0
split_feature=11 19 7 10 0 14 25 21 24 24 26 18 30 26
split_gain=4.14258 6.11915 3.68439 11.7276 9.24067 11.8304 12.7595 9.36038 9.21037 9.75962 11.6476 8.93162 10.7251 8.71491
threshold=10.309801356618395 94.925000000000011 20.500000000000004 16.500000000000004 58.010000000000012 5.184166666666667 1.3300672774914608 0.92652999777653033 0.044759444272782424 0.20307151680828964 10.500000000000002 -0.50000000000000122 1.5000000000000002 14.500000000000002
decision_type=2 8 2 2 8 8 10 8 10 10 2 10 2 2
left_child=2 -2 4 -4 5 6 11 -7 -5 13 -11 12 -1 -10
right_child=1 -3 3 8 -6 7 -8 -9 9 10 -12 -13 -14 -15
leaf_value=-0.038916285287578831 -0.030949838079255734 0.014441519925018515 -0.0037213247848459801 0.045937128710860003 -0.00048961906364594881 -0.021391431332176889 0.012830021893089972 0.012146379750420669 0.019754001054163667 -0.0063473590198309619 0.034162005899657621 -0.0012106165531743155 0.019763696987845331 -0.016377938998954161
leaf_weight=45.145473625510931 23.479653038084507 9.9541518166661245 1262.3829558556899 15.389191962778566 2205.6294539263472 20.947280622087419 65.817898914217949 438.77055163029581 22.655602995306253 27.71967401355505 46.99121499620378 59.260100192390382 8.7224225774407369 55.963812742382288
leaf_count=283 130 60 7545 96 16016 224 401 3079 154 137 267 464 72 389
internal_value=-0.000135531 -0.0174087 3.58515e-06 -0.00206484 0.00104467 0.00633583 -0.00455324 0.0105751 0.0102781 0.00642469 0.0192467 -0.0146906 -0.0292276 -0.00584854
internal_weight=4308.83 33.4338 4275.4 1431.1 2844.29 638.664 178.946 459.718 168.719 153.33 74.7109 113.128 53.8679 78.6194
internal_count=29317 190 29127 8588 20539 4523 1220 3303 1043 947 404 819 355 543
is_linear=0
shrinkage=0.05


Tree=290
num_leaves=15
num_cat=3
split_feature=29 25 7 24 20 8 11 11 8 28 19 24 11 29
split_gain=5.09402 13.7624 7.33326 10.6579 15.5055 14.2167 7.61337 10.7212 10.3999 14.6555 14.7566 15.8414 14.9975 14.8201
threshold=0 -0.61031385827701601 42.500000000000007 0.32643548722372812 0.50250000000000494 1.0000000180025095e-35 7.509061218325435 7.5372488636496326 29.500000000000004 1 85.250000000000014 0.2321167978002632 5.4539098049936969 2
decision_type=9 8 2 10 8 8 2 2 8 9 8 10 2 9
left_child=2 -2 6 -4 -5 -6 8 -8 9 -1 -11 12 -12 -13
right_child=1 -3 3 4 5 -7 7 -9 -10 10 11 13 -14 -15
leaf_value=0.0076060066318840523 0.030037788014773581 0.0012542586185175853 -0.030437757265573562 -0.043352071433594042 0.066758002977231043 -0.0078393093518630916 0.057810422509004006 0.0037982426439458375 0.003400594523711799 -0.0021127676101025013 0.01843110340462599 -0.024843529200823711 -0.057594611830842295 -0.0020639080854461486
leaf_weight=153.28001034632325 41.230431016534567 2510.7485638428479 50.506411546841264 10.374838110059498 10.901777897030117 13.382843688130377 8.4277024473994953 374.06037858407944 432.64636902604252 352.17160956282169 7.3604047056287518 122.52132805343717 36.118423274718225 172.52413549833
leaf_count=976 354 16630 412 65 72 85 48 2286 3066 2710 55 942 227 1347
internal_value=0.000304324 0.00172412 -0.00177245 -0.0160049 0.00529073 0.0269645 -0.00104334 0.00513599 -0.00289729 -0.00612598 -0.00915755 -0.0167283 -0.0445994 -0.0124843
internal_weight=4296.26 2551.98 1744.28 85.1659 34.6595 24.2846 1659.11 382.488 1276.62 843.976 690.696 338.524 43.4788 295.045
internal_count=29275 16984 12291 634 222 157 11657 2334 9323 6257 5281 2571 282 2289
cat_boundaries=0 2 3 5
cat_threshold=1086725403 11 3408294 1073743896 11
is_linear=0
shrinkage=0.05


Tree=291
num_leaves=15
num_cat=1
split_feature=7 10 28 0 1 2 7 6 26 25 1 24 2 4
split_gain=5.44427 10.8837 10.7891 9.72995 8.93073 8.57373 9.00703 11.8327 8.32413 8.52174 7.68736 8.54216 14.3646 14.0957
threshold=20.500000000000004 13.500000000000002 0 74.00500000000001 0.23360215053763442 73.535903586931695 36.500000000000007 46.500000000000007 19.500000000000004 1.8643716088820264 2.254569624459954 0.30562012669245364 18.924313127819598 -1.3254109838168822
decision_type=2 2 9 10 8 2 2 8 2 8 10 10 2 8
left_child=4 2 3 10 8 6 -4 -8 9 -1 11 -2 13 -13
right_child=1 -3 5 -5 -6 -7 7 -9 -10 -11 -12 12 -14 -15
leaf_value=-0.018095944770670683 -0.0045937569236102196 0.0071463078926426926 -0.012570129205779997 -0.033207680608847802 0.00097263531820470414 -0.041878555935890904 0.015540277116062293 -0.024351655724401455 0.049792627498381307 0.039679901619448163 0.029412059441587132 -0.012551926444482144 -0.018689611037065151 0.019535830294612627
leaf_weight=15.164504341781138 442.35453685186803 244.34762813523412 356.10170352552086 21.093902930617332 2796.9039211859927 19.804025512188673 68.270099056884646 24.434719709679484 17.074870001524687 9.5654274746775645 21.249033894389868 42.843991633504629 43.635267991572618 158.28402747958899
leaf_count=89 2666 1483 2338 116 20319 108 381 176 94 43 104 254 216 806
internal_value=4.89647e-05 -0.00245139 -0.00441318 -0.00052502 0.00131987 -0.0102228 -0.00896322 0.00487807 0.0239861 0.00492513 0.000486251 -0.000449719 0.00702791 0.0126723
internal_weight=4281.13 1442.42 1198.07 729.461 2838.71 468.611 448.807 92.7048 41.8048 24.7299 708.367 687.118 244.763 201.128
internal_count=29193 8648 7165 4162 20545 3003 2895 557 226 132 4046 3942 1276 1060
cat_boundaries=0 1
cat_threshold=1332260
is_linear=0
shrinkage=0.05


Tree=292
num_leaves=15
num_cat=0
split_feature=9 1 0 15 26 4 14 15 11 26 8 25 19 2
split_gain=6.4665 4.35858 4.35787 8.46901 7.96339 7.60109 5.84759 6.39692 5.58142 4.67148 10.4949 14.827 14.9094 14.6165
threshold=9.5000000000000018 2.9936708860759498 97.00500000000001 1.4630108157448167 2366.0000000000005 0.19879503022152537 1.0000000180025095e-35 -1.7024208816644506 5.3225707618928508 52.500000000000007 41.500000000000007 7.3504330724860845 41.750000000000007 135.9683557894322
decision_type=2 10 10 8 2 10 8 10 2 2 10 10 8 2
left_child=2 -2 9 4 6 -5 -4 -8 -9 10 11 12 -1 -12
right_child=1 -3 3 5 -6 -7 7 8 -10 -11 13 -13 -14 -15
leaf_value=-0.009786884434640826 0.030285074125939216 -0.0076350353726023796 -0.018148507275140283 -0.025671392334096179 -0.0269739466089246 0.017121663153455802 -0.020993594512257536 -0.011540535427332119 0.029452123901554356 0.001514206677255061 -0.016509497322362097 -0.030995001174831883 0.0026264980937490139 0.013151240502883417
leaf_weight=295.29434317816049 27.223647098988295 9.8855389878153783 15.155038937926292 71.560460248962045 18.138920892030001 11.393566261976956 9.3574295192956907 9.5782109573483449 44.710817456245422 2124.1945199090987 220.9919663593173 37.637660462409258 1316.4211597610265 50.302756488323212
leaf_count=1847 233 76 98 406 128 88 55 49 253 15640 1321 227 8414 254
internal_value=-0.00025594 0.0202482 -0.000440793 -0.00803346 0.0020147 -0.0196599 0.00894185 0.0155734 0.0221419 -0.000101207 -0.00188768 -0.00038608 0.000347492 -0.0109818
internal_weight=4261.85 37.1092 4224.74 179.894 96.9404 82.954 78.8015 63.6465 54.289 4044.84 1920.65 1649.35 1611.72 271.295
internal_count=29089 309 28780 1077 583 494 455 357 302 27703 12063 10488 10261 1575
is_linear=0
shrinkage=0.05


Tree=293
num_leaves=15
num_cat=3
split_feature=4 29 16 7 15 6 29 25 0 29 7 8 20 8
split_gain=4.77699 23.2377 10.3139 8.43945 8.14582 7.95316 7.90762 7.47684 7.24217 6.60903 6.43408 6.251 6.42639 5.99432
threshold=9.2279517626123511 0 17.260000000000005 46.500000000000007 3.2727355074565501 20.500000000000004 1 0.28241111057723817 41.005000000000003 2 5.5000000000000009 160.00000000000003 -88.414999999999992 38.500000000000007
decision_type=10 9 8 2 10 10 9 10 10 9 2 10 8 10
left_child=11 7 4 5 10 9 -6 -2 -9 -4 -3 12 -1 -12
right_child=1 2 3 -5 6 -7 -8 8 -10 -11 13 -13 -14 -15
leaf_value=-0.027840404595537077 0.012106164593752506 0.015130793215726157 0.0014759489468796122 0.057231425799641404 -0.010689831226090608 -0.01665181108989202 0.022085830961374474 -0.049578853495291592 -0.0019807067433428574 0.026419211703195014 -0.030700721337000837 -0.037134252226366342 -0.00035135401548711605 0.00035538167479811983
leaf_weight=20.378472332842648 8.9384401589632017 19.300341686233878 49.667881390079856 12.518314404413102 21.820340987294912 16.231143360957503 48.573771458119154 29.744211342185736 10.914101991802452 89.250441459938884 35.016894830390811 10.680624872446058 3885.5294700656086 27.286334622651339
leaf_count=155 72 166 345 100 153 103 363 190 88 674 236 65 26314 153
internal_value=-9.81713e-05 0.00533038 0.0102859 0.0191194 0.0011527 0.0156975 0.013515 -0.0235581 -0.0371561 0.0195691 -0.00954598 -0.000611214 -0.000501863 -0.0173086
internal_weight=4285.85 369.262 319.665 167.668 151.998 155.149 70.3941 49.5968 40.6583 138.918 81.6036 3916.59 3905.91 62.3032
internal_count=29177 2643 2293 1222 1071 1122 516 350 278 1019 555 26534 26469 389
cat_boundaries=0 2 4 6
cat_threshold=539046144 22 524304 8 1082411008 1
is_linear=0
shrinkage=0.05


Tree=294
num_leaves=15
num_cat=0
split_feature=5 25 3 25 7 18 14 1 7 0 14 24 13 17
split_gain=5.94169 13.7222 11.4226 8.79857 7.04436 9.12904 8.11043 6.86848 6.38481 9.06925 5.78279 5.73043 4.82339 4.80784
threshold=0.71695210449927449 1.0000000180025095e-35 0.4599479076750147 0.48459662214633425 42.500000000000007 3.1670833333333319 8.4537500000000012 0.8097619047619049 2.5000000000000004 97.00500000000001 15.692500000000003 0.30798975241216647 10.005000000000003 1.0000000180025095e-35
decision_type=10 10 10 10 2 8 8 10 2 10 10 10 10 2
left_child=-1 11 3 -3 5 -5 -7 12 9 -4 13 -2 -8 -10
right_child=1 2 8 4 -6 6 7 -9 10 -11 -12 -13 -14 -15
leaf_value=0.00062331495038348873 0.0043344942393824439 -0.026129852254280883 0.034833114380298943 0.045840853536584625 -0.033336643384644954 -0.040514434469901238 0.014528893109047201 0.045848913696780784 -0.030489344841561572 -0.023186280733388034 0.01989069560133673 0.049124053699806214 -0.018631681743327452 0.0027499378267471955
leaf_weight=4004.7822885923088 15.249095287173988 21.693085730075836 11.283952541649343 16.067584304139022 8.0205962229520065 7.6900613456964493 29.294528894126415 10.526277141645549 102.1175818182528 13.925325378775595 6.2753020972013465 12.79512497410178 16.201998161152005 11.985690344125031
leaf_count=27013 133 174 89 106 172 47 195 104 768 75 41 92 111 95
internal_value=0.000127765 -0.00685924 -0.0105318 0.00167201 0.00875794 0.0133501 0.00457464 0.0113658 -0.0196588 0.00312201 -0.0244159 0.0257574 0.00257318 -0.0270043
internal_weight=4287.91 283.126 255.082 109.494 87.801 79.7804 63.7129 56.0228 145.588 25.2093 120.379 28.0442 45.4965 114.103
internal_count=29215 2202 1977 909 735 563 457 410 1068 164 904 225 306 863
is_linear=0
shrinkage=0.05


Tree=295
num_leaves=15
num_cat=1
split_feature=24 25 24 15 9 8 8 25 8 6 26 29 20 19
split_gain=4.10363 13.3968 5.81981 5.43503 4.30108 4.64314 7.25384 8.38266 7.89987 7.6032 6.6074 5.06047 15.7375 9.80311
threshold=0.80453074433656979 -0.61031385827701601 0.65714463266303424 -1.0000000180025095e-35 10.500000000000002 143.50000000000003 108.50000000000001 0.51419269749252783 131.50000000000003 -87.499999999999986 90.500000000000014 0 -31.992499999999996 24.250000000000004
decision_type=10 10 8 10 2 10 10 10 10 8 2 9 10 8
left_child=2 -2 4 -3 5 6 9 -8 -9 -1 -7 12 -11 -13
right_child=1 3 -4 -5 -6 10 7 8 -10 11 -12 13 -14 -15
leaf_value=-0.022317585905286819 0.040873962892651522 -0.075279066585462934 0.011931725389603609 -0.014547996992677895 0.020571669743586912 -0.048938592709997342 0.0613636752932218 0.028769848310140841 -0.014482671083151944 -0.0062402833109049122 0.003540481908006671 -0.0075482952777902543 0.0041101284749347723 0.0026862058752012683
leaf_weight=36.760269820690155 5.4249193426221636 6.8027251437306413 108.39162471704185 8.1225944664329255 24.869719365611672 10.594558253884317 8.5542973913252336 21.933514475822449 18.707066463306546 906.52226508967578 12.166343841701744 260.38582715392113 615.99788556620479 2232.4684011870995
leaf_count=242 111 46 799 68 201 54 53 124 95 5916 75 1831 4576 14999
internal_value=0.000438534 -0.0214276 0.000548062 -0.0452171 0.000247861 0.000120344 0.000247965 0.0191388 0.00899082 1.39559e-05 -0.0219186 0.000223904 -0.00203927 0.00160814
internal_weight=4277.7 20.3502 4257.35 14.9253 4148.96 4124.09 4101.33 49.1949 40.6406 4052.13 22.7609 4015.37 1522.52 2492.85
internal_count=29190 225 28965 114 28166 27965 27836 272 219 27564 129 27322 10492 16830
cat_boundaries=0 2
cat_threshold=1645058320 25
is_linear=0
shrinkage=0.05


Tree=296
num_leaves=15
num_cat=2
split_feature=0 3 8 7 33 28 11 0 6 9 15 24 14 14
split_gain=6.11547 5.74513 9.78192 4.29869 13.4925 12.3341 13.5894 11.8661 9.89161 9.41424 9.13117 8.57399 8.37304 7.47452
threshold=99.995000000000019 0.87277072286864377 30.500000000000004 5.5000000000000009 0 1 7.509061218325435 74.00500000000001 -43.499999999999993 8.5000000000000018 24.834935830105849 0.80453074433656979 8.9750000000000014 4.4162500000000007
decision_type=10 10 8 2 1 9 2 10 10 2 8 10 10 10
left_child=3 -2 -3 4 -1 6 8 11 -6 13 12 -5 -10 -9
right_child=1 2 -4 7 5 -7 -8 9 10 -11 -12 -13 -14 -15
leaf_value=0.034634768660749056 -0.029586242692504164 0.027905542952352171 -0.030109428800301326 0.00072821564814144323 -0.047278230877463155 0.0043905504603548853 -0.062316469359667649 -0.018860974487162698 0.022051437999974839 0.023517033644420149 -0.039155741884087256 -0.048325299561121762 -0.038121642063088053 0.0018513995989756947
leaf_weight=32.873528145253658 31.839279815554619 14.882462568581103 12.394485816359522 3097.687368132174 11.549641042947767 759.46214040182531 12.928463567048309 169.16766072250903 35.206633299589157 17.599419752135873 9.6513694804161769 7.9338826015591613 5.9410816095769396 58.316860436461866
leaf_count=390 184 80 73 19718 68 6325 113 1229 318 139 62 65 43 451
internal_value=0.000337084 -0.015498 0.00141134 0.00056262 0.00369716 0.00243879 -0.0155842 -0.00024988 -0.00752319 -0.0108187 0.00225372 0.000587384 0.012665 -0.0135664
internal_weight=4277.43 59.1162 27.2769 4218.32 867.613 834.739 75.2772 3350.71 62.3487 245.084 50.7991 3105.62 41.1477 227.485
internal_count=29258 337 153 28921 7319 6929 604 21602 491 1819 423 19783 361 1680
cat_boundaries=0 1 2
cat_threshold=1 8530
is_linear=0
shrinkage=0.05


Tree=297
num_leaves=15
num_cat=5
split_feature=7 3 29 28 29 5 1 24 4 7 24 28 29 3
split_gain=4.86857 8.3405 13.8532 13.0605 13.349 10.0191 8.11661 9.49429 7.65466 7.35283 9.14099 7.29475 19.1095 18.5883
threshold=13.500000000000002 0.012136887272597999 0 1 2 0.28787611940298513 0.98960975873050161 0.33138452264589208 -8.8846806784880581 23.500000000000004 0.4117973514703886 3 4 0.2081630979667288
decision_type=2 8 9 9 9 10 8 8 10 2 10 9 9 10
left_child=-1 2 -2 4 -4 6 -5 8 -8 10 -6 12 -3 -13
right_child=1 11 3 5 9 -7 7 -9 -10 -11 -12 13 -14 -15
leaf_value=0.0023043077353199384 -0.013709000854817001 0.012191225563651804 0.020681146663800689 0.032573184153761252 0.018325778887849441 -0.021681253180132021 0.050400514862142677 -0.029229497386171505 -0.0023331204182241131 -0.031144264121764294 -0.034634251265075425 0.001343956709842848 -0.0030461362115021037 -0.011128004715980829
leaf_weight=1722.7973760394379 60.527012368664145 264.7331688888371 30.750194038264453 102.85778384283185 23.397930016741157 11.589743129909037 11.860812641680239 12.30418738350272 14.620835326611997 37.158705826848745 11.233286289498208 596.95613939594477 800.82761496677995 596.66530588082969
leaf_count=14975 432 1285 213 587 130 129 58 73 73 313 72 3711 3846 3439
internal_value=0.000247556 -0.00112861 0.00646316 0.0113629 -0.002656 0.0202936 0.0252787 0.00560178 0.0222602 -0.0140718 0.000657299 -0.0021939 0.000825395 -0.00485397
internal_weight=4298.28 2575.48 316.3 255.773 102.54 153.233 141.644 38.7858 26.4816 71.7899 34.6312 2259.18 1065.56 1193.62
internal_count=29336 14361 2080 1648 728 920 791 204 131 515 202 12281 5131 7150
cat_boundaries=0 2 3 5 6 8
cat_threshold=1078027280 8 1352704 2719744004 4 1335587 1075655692 17
is_linear=0
shrinkage=0.05


Tree=298
num_leaves=15
num_cat=4
split_feature=2 2 2 2 24 1 29 7 3 20 7 29 29 29
split_gain=4.88863 7.51553 7.12553 6.44616 7.89739 7.59706 6.72609 11.5828 10.9111 8.44883 13.4784 10.7324 9.23671 9.06525
threshold=447.2235849725742 354.70835532571391 301.16679315753407 222.51767674289343 0.29357600224104635 0.49038105808361082 0 -43.499999999999993 0.9857194695026319 9.6625000000000032 31.500000000000004 1 2 3
decision_type=2 2 2 2 10 10 9 2 10 8 2 9 9 9
left_child=1 2 3 6 5 -5 9 -8 -9 10 13 -12 -11 -1
right_child=-2 -3 -4 4 -6 -7 7 8 -10 12 11 -13 -14 -15
leaf_value=0.0086664562726888102 -0.0200965360344489 0.030022352496828688 -0.024834693296313225 -0.0057876005852929473 -0.010664677958763977 0.043908905816644944 -0.034942958047597054 0.00094652557861777504 0.0188487889529067 -0.0011742411897739137 0.015122916504867676 -0.024312361876578634 -0.010677136166545779 -0.0028056662243607488
leaf_weight=371.6273145833984 30.351058501750231 19.364643752574921 28.688641313463449 10.481166079640387 17.200173389166594 25.826255045831203 20.858423888683319 2246.6133739184588 87.470829535275698 552.59984233882278 16.810340449213982 67.972638811916113 482.73750053253025 308.63025359250605
leaf_count=2728 159 97 147 53 89 133 122 15081 908 3745 85 457 3270 2185
internal_value=-0.000424674 -0.000279729 -0.000425254 -0.000253012 0.01683 0.029792 -0.000476985 0.00128118 0.00162521 -0.00276789 0.00120073 -0.0174794 -0.00572546 0.00355115
internal_weight=4287.23 4256.88 4237.52 4208.83 53.5076 36.3074 4155.32 2354.94 2334.08 1800.38 765.041 84.783 1035.34 680.258
internal_count=29259 29100 29003 28856 275 186 28581 16111 15989 12470 5455 542 7015 4913
cat_boundaries=0 2 4 6 8
cat_threshold=1619729730 11 1073742082 2 8590336 11 1611139138 8
is_linear=0
shrinkage=0.05


Tree=299
num_leaves=15
num_cat=0
split_feature=24 24 25 11 11 25 6 25 8 8 8 1 5 3
split_gain=5.0356 4.55485 10.7772 5.29867 10.1579 10.7142 5.04379 6.38265 6.17535 9.78022 9.38256 9.14699 7.25072 6.15095
threshold=1.0000000180025095e-35 0.044759444272782424 1.0974048506167222 5.6605785738551271 6.6114560966900191 0.58187708028138074 -131.49999999999997 4.6107592113742699 131.50000000000003 108.50000000000001 102.50000000000001 2.300406504065041 0.12594168636721834 0.58794296638341448
decision_type=8 8 10 2 2 10 8 10 10 10 10 10 10 10
left_child=-1 2 3 -2 5 -5 7 -3 9 10 -8 -10 -13 -12
right_child=1 6 -4 4 -6 -7 8 -9 11 -11 13 12 -14 -15
leaf_value=-0.02929570880543779 -0.027994298355428073 0.00063767533528575108 0.059837684600075269 -0.0033345401146716459 -0.018475700680896601 0.073482694527780806 -0.00036365410904055001 0.051030759904370483 -0.060379287963138753 0.026259979101081701 -0.0040454039609706246 -0.033814492038155473 0.024290673345588893 -0.05856015539094131
leaf_weight=13.884740840643643 9.495114164426921 15.108067329972984 9.5038020946085435 8.3656886573880964 13.623411225154994 8.7129668388515693 4113.1609053462744 9.7889796309173089 9.6181071177124995 33.3388741184026 9.724558290094139 8.9660683535039443 10.648570500314234 10.458963818848131
leaf_count=100 89 98 49 77 78 60 28158 52 49 189 64 46 69 71
internal_value=-0.000264187 -0.000162961 0.0147344 0.00287698 0.0130063 0.037752 -0.000341828 0.0216566 -0.000477488 -0.00031404 -0.000534681 -0.0229936 -0.00262173 -0.0337255
internal_weight=4284.4 4270.51 49.701 40.1972 30.7021 17.0787 4220.81 24.897 4195.92 4166.68 4133.34 29.2327 19.6146 20.1835
internal_count=29249 29149 353 304 215 137 28796 150 28646 28482 28293 164 115 135
is_linear=0
shrinkage=0.05


end of trees

feature_importances:
state=593
months_to_anticipated_completion=362
sector=312
agency_slip_rate=284
agency_n=219
log_cost=197
agency_cost_optimism=193
expenditure_ratio=186
slip_to_date_months=178
physical_progress_pct=156
elapsed_ratio=155
spend_velocity_2q=141
cost_variation_pct=139
expected_progress_scurve=134
months_to_scheduled_completion=119
scurve_deviation=106
spi=93
sector_actual_target_ratio=84
burn_gap=77
revisions_so_far=65
months_since_last_revision=60
sector_trend_4q=52
velocity_vs_sector_median=48
progress_velocity_4q=40
obs_count_in_quarter=35
progress_velocity_2q=34
acceleration=34
period_type=32
sector_yoy_growth=25
months_since_last_obs=18
stagnation_quarters=11
cost_band=9
dq_score=7
ministry=2

parameters:
[boosting: gbdt]
[objective: binary]
[metric: binary_logloss]
[tree_learner: serial]
[device_type: cpu]
[data_sample_strategy: bagging]
[data: ]
[valid: ]
[num_iterations: 300]
[learning_rate: 0.05]
[num_leaves: 15]
[num_threads: 8]
[seed: 0]
[deterministic: 0]
[force_col_wise: 0]
[force_row_wise: 0]
[histogram_pool_size: -1]
[max_depth: -1]
[min_data_in_leaf: 50]
[min_sum_hessian_in_leaf: 0.001]
[bagging_fraction: 0.8]
[pos_bagging_fraction: 1]
[neg_bagging_fraction: 1]
[bagging_freq: 1]
[bagging_seed: 7719]
[bagging_by_query: 0]
[feature_fraction: 0.8]
[feature_fraction_bynode: 1]
[feature_fraction_seed: 2437]
[extra_trees: 0]
[extra_seed: 11797]
[early_stopping_round: 0]
[early_stopping_min_delta: 0]
[first_metric_only: 0]
[max_delta_step: 0]
[lambda_l1: 0]
[lambda_l2: 1]
[linear_lambda: 0]
[min_gain_to_split: 0]
[drop_rate: 0.1]
[max_drop: 50]
[skip_drop: 0.5]
[xgboost_dart_mode: 0]
[uniform_drop: 0]
[drop_seed: 21238]
[top_rate: 0.2]
[other_rate: 0.1]
[min_data_per_group: 100]
[max_cat_threshold: 32]
[cat_l2: 10]
[cat_smooth: 10]
[max_cat_to_onehot: 4]
[top_k: 20]
[monotone_constraints: ]
[monotone_constraints_method: basic]
[monotone_penalty: 0]
[feature_contri: ]
[forcedsplits_filename: ]
[refit_decay_rate: 0.9]
[cegb_tradeoff: 1]
[cegb_penalty_split: 0]
[cegb_penalty_feature_lazy: ]
[cegb_penalty_feature_coupled: ]
[path_smooth: 0]
[interaction_constraints: ]
[verbosity: -1]
[saved_feature_importance_type: 0]
[use_quantized_grad: 0]
[num_grad_quant_bins: 4]
[quant_train_renew_leaf: 0]
[stochastic_rounding: 1]
[linear_tree: 0]
[max_bin: 255]
[max_bin_by_feature: ]
[min_data_in_bin: 3]
[bin_construct_sample_cnt: 200000]
[data_random_seed: 38]
[is_enable_sparse: 1]
[enable_bundle: 1]
[use_missing: 1]
[zero_as_missing: 0]
[feature_pre_filter: 1]
[pre_partition: 0]
[two_round: 0]
[header: 0]
[label_column: ]
[weight_column: ]
[group_column: ]
[ignore_column: ]
[categorical_feature: 27,28,29,33]
[forcedbins_filename: ]
[precise_float_parser: 0]
[parser_config_file: ]
[objective_seed: 8855]
[num_class: 1]
[is_unbalance: 0]
[scale_pos_weight: 1]
[sigmoid: 1]
[boost_from_average: 1]
[reg_sqrt: 0]
[alpha: 0.9]
[fair_c: 1]
[poisson_max_delta_step: 0.7]
[tweedie_variance_power: 1.5]
[lambdarank_truncation_level: 30]
[lambdarank_norm: 1]
[label_gain: ]
[lambdarank_position_bias_regularization: 0]
[eval_at: ]
[multi_error_top_k: 1]
[auc_mu_weights: ]
[num_machines: 1]
[local_listen_port: 12400]
[time_out: 120]
[machine_list_filename: ]
[machines: ]
[gpu_platform_id: -1]
[gpu_device_id: -1]
[gpu_use_dp: 0]
[num_gpu: 1]

end of parameters

pandas_categorical:[["Department of Higher Education", "Department of Telecommunications", "Department of Water Resources, River Development & GR", "Ministry of Civil Aviation", "Ministry of Coal", "Ministry of Health & Family Welfare", "Ministry of Housing & Urban Affairs", "Ministry of Mines", "Ministry of Petroleum & Natural Gas", "Ministry of Ports, Shipping and Waterways", "Ministry of Power", "Ministry of Railways", "Ministry of Steel"], ["Atomic Energy", "Civil Aviation", "Coal", "Defence", "Education", "Fertilizers & Chemicals", "Finance", "Health", "Home Affairs", "Industry & Commerce", "Mines & Metals", "North Eastern Region", "Petroleum & Natural Gas", "Power", "Railways", "Roads & Highways", "Shipping & Ports", "Social Justice", "Steel", "Telecommunications", "Urban Development & Housing", "Water Resources"], ["Andaman & Nicobar Islands", "Andhra Pradesh", "Arunachal Pradesh", "Assam", "Bihar", "Chandigarh", "Chhattisgarh", "Dadra & Nagar Haveli and Daman & Diu", "Delhi", "Goa", "Gujarat", "Haryana", "Himachal Pradesh", "Jammu & Kashmir", "Jharkhand", "Karnataka", "Kerala", "Ladakh", "Madhya Pradesh", "Maharashtra", "Manipur", "Meghalaya", "Mizoram", "Multi-State", "Nagaland", "Odisha", "Offshore", "PAN India", "Puducherry", "Punjab", "Rajasthan", "Sikkim", "Tamil Nadu", "Telangana", "Tripura", "Uttar Pradesh", "Uttarakhand", "West Bengal"], ["flash", "monthly", "quarterly"]]
