tree
version=v4
num_class=1
num_tree_per_iteration=1
label_index=0
max_feature_idx=33
objective=binary sigmoid:1
feature_names=physical_progress_pct elapsed_ratio cost_variation_pct expenditure_ratio burn_gap spi months_to_scheduled_completion months_to_anticipated_completion slip_to_date_months revisions_so_far months_since_last_revision log_cost cost_band progress_velocity_2q progress_velocity_4q spend_velocity_2q acceleration stagnation_quarters velocity_vs_sector_median expected_progress_scurve scurve_deviation sector_actual_target_ratio sector_yoy_growth sector_trend_4q agency_slip_rate agency_cost_optimism agency_n ministry sector state obs_count_in_quarter months_since_last_obs dq_score period_type
feature_infos=[0:100] [0:3] [-98.16163146970645:3531.983695652174] [0:2.9628571428571431] [-100:202.78355243044939] [0:5] [-256:377] [-139:149] [-356:324] [0:21] [0:168] [1.8840347453372259:12.144202560946876] [0:3] [-50:50] [-25:25] [-109.34739655973968:124.49167346821885] [-100:100] [0:11] [-56.75:49.75] [0:100] [-100:95.200000000000003] [0.46842105263157896:5.5947862356621476] [-77.164999999999992:738.90666666666675] [-37.053749999999994:471.87666666666672] [0:1] [-8.3930179589409715:29.965955200028883] [0:4779] -1:15:14:11:13:4:6:8:5:1:3:9:16:10:12:7 -1:15:14:13:12:2:18:20:21:19:1:16:4:7:0:10:5:8:9:6:3:17 -1:19:23:35:25:3:4:1:37:10:18:32:14:6:15:30:33:13:11:2:8:16:29:20:36:24:12:22:31:34:21:9:0:17:26:27:28:5:7 [1:4] [1:64] [0.40000000000000002:1] -1:2:1:0
tree_sizes=1726 1762 1763 1766 1752 1765 1752 1760 1751 1747 1769 1789 1765 1751 1758 1753 1764 1780 1785 1765 1766 1772 1772 1773 1797 1774 1782 1785 1759 1776 1766 1762 1760 1768 1770 1775 1786 1762 1771 1773 1779 1781 1790 1765 1779 1792 1778 1801 1774 1769 1792 1775 1809 1787 1773 1775 1774 1754 1764 1780 1787 1776 1777 1766 1780 1759 1799 1798 1781 1783 1792 1773 1784 1780 1797 1795 1773 1779 1791 1752 1788 1781 1783 1770 1769 1792 1794 1764 1798 1753 1796 1774 1779 1788 1790 1777 1793 1776 1801 1798 1809 1786 1758 1768 1768 1787 1782 1775 1786 1795 1779 1800 1773 1764 1791 1791 1784 1770 1780 1750 1799 1768 1772 1792 1800 1794 1789 1780 1790 1759 1783 1794 1779 1782 1786 1802 1782 1781 1796 1780 1781 1788 1774 1764 1774 1774 1780 1784 1752 1780 1765 1790 1816 1797 1800 1794 1772 1760 1762 1794 1774 1786 1775 1794 1778 1789 1799 1785 1778 1778 1752 1783 1770 1801 1805 1773 1795 1790 1760 1797 1756 1758 1759 1784 1792 1788 1777 1772 1775 1753 1771 1794 1800 1783 1787 1781 1770 1795 1789 1769 1759 1768 1768 1802 1787 1784 1770 1749 1786 1762 1764 1777 1788 1758 1803 1782 1775 1782 1792 1787 1778 1768 1796 1773 1778 1784 1759 1799 1777 1772 1779 1757 1789 1783 1780 1750 1785 1792 1799 1785 1806 1794 1780 1775 1762 1791 1782 1750 1764 1764 1782 1784 1772 1764 1780 1783 1770 1758 1782 1788 1742 1777 1762 1774 1796 1794 1768 1755 1766 1775 1747 1778 1761 1771 1767 1768 1788 1784 1782 1756 1784 1773 1757 1738 1759 1781 1773 1781 1765 1740 1775 1789 1762 1773 1758 1786 1776 1793 1787 1796

Tree=0
num_leaves=15
num_cat=5
split_feature=7 7 1 33 7 28 0 24 7 28 29 7 29 22
split_gain=5763.33 1074.38 616.371 251.276 239.772 219.361 164.125 165.967 149.065 133.039 123.653 108.378 98.5558 98.5002
threshold=8.5000000000000018 1.5000000000000002 0.65531729933352667 0 6.5000000000000009 1 99.895000000000024 0.31164025427791681 17.500000000000004 2 3 14.500000000000002 4 -1.0899999999999996
decision_type=2 2 10 1 2 9 10 8 2 9 9 2 9 10
left_child=1 3 9 -1 10 -4 7 -5 12 -2 -3 -11 -7 -12
right_child=2 4 5 6 -6 8 -8 -9 -10 11 13 -13 -14 -15
leaf_value=-0.38866743158918809 -0.53426629779784973 -0.43230488141046819 -0.45333952662596005 -0.49389535405544049 -0.42890935487096321 -0.49993312388558342 -0.52276907979251064 -0.44399829416485675 -0.5088170760408719 -0.47217350571625416 -0.38638812622802909 -0.51484556932414072 -0.47129094713090264 -0.42351640822143743
leaf_weight=89.030866622924805 1126.3825333118439 277.74788975715637 424.08053755760193 296.21705889701843 799.38352584838867 467.88561820983887 155.33044815063477 378.38118314743042 853.60711216926575 170.72142243385315 1509.9729692935944 1168.0565559864044 829.45512175559998 207.18619227409363
leaf_count=376 4757 1173 1791 1251 3376 1976 656 1598 3605 721 6377 4933 3503 875
internal_value=-0.46837 -0.42111 -0.503191 -0.468011 -0.405691 -0.486073 -0.476608 -0.465914 -0.492486 -0.521058 -0.396412 -0.509106 -0.481905 -0.391287
internal_weight=8753.44 3713.25 5040.19 918.96 2794.29 2575.03 829.929 674.598 2150.95 2465.16 1994.91 1338.78 1297.34 1717.16
internal_count=36968 15682 21286 3881 11801 10875 3505 2849 9084 10411 8425 5654 5479 7252
cat_boundaries=0 1 2 3 5 7
cat_threshold=1 270595 32772 721409 6 1628179786 10
is_linear=0
shrinkage=1


Tree=1
num_leaves=15
num_cat=2
split_feature=7 7 1 26 28 0 7 7 28 7 7 0 24 23
split_gain=5217.74 988.031 562.432 326.006 223.791 185.417 171.416 128.703 114.812 112.424 91.8876 80.9052 84.5416 121.521
threshold=8.5000000000000018 1.5000000000000002 0.65531729933352667 1040.0000000000002 0 99.010000000000005 6.5000000000000009 17.500000000000004 1 14.500000000000002 -1.4999999999999998 91.990000000000023 0.25600196533657982 6.4987500000000011
decision_type=2 2 10 2 9 10 2 2 9 2 2 10 8 10
left_child=1 3 8 10 -4 -5 11 -6 -2 -10 -1 12 13 -3
right_child=2 6 4 5 7 -7 -8 -9 9 -11 -12 -13 -14 -15
leaf_value=-0.032714453704422823 -0.063292347599350637 0.055594657163245978 0.014996921783802278 0.06573383883170264 -0.014092635709258181 -0.024356767898085441 0.03971998052587266 -0.039333010221122663 -0.0023433219402735381 -0.045579552850803083 0.0093468262132312494 0.04797911847599734 0.077569080053548012 -0.073495087864081696
leaf_weight=449.99708200991154 1108.264868542552 238.02277295291424 441.28448344767094 222.08195653557777 1281.6610691398382 76.171247661113739 815.41974896192551 834.55879203975201 173.1675061583519 1145.6405733972788 181.81982488930225 445.06873439252377 1305.3742365539074 18.883559912443161
leaf_count=1907 4757 990 1858 930 5430 324 3414 3559 732 4893 768 1852 5429 79
internal_value=-0.000107586 0.044416 -0.0336311 -0.000280265 -0.0172594 0.042721 0.0591378 -0.0239473 -0.0508685 -0.0396083 -0.0206147 0.0670019 0.0723871 0.0458579
internal_weight=8737.42 3752.84 4984.58 930.07 2557.5 298.253 2822.77 2116.22 2427.07 1318.81 631.817 2007.35 1562.28 256.906
internal_count=36922 15693 21229 3929 10847 1254 11764 8989 10382 5625 2675 8350 6498 1069
cat_boundaries=0 1 2
cat_threshold=271619 32772
is_linear=0
shrinkage=0.05


Tree=2
num_leaves=15
num_cat=3
split_feature=6 28 29 1 25 8 24 33 8 22 22 26 8 6
split_gain=3121.37 570.795 340.217 335.94 204.826 162.109 137.312 108.9 106.184 91.9921 90.8928 75.788 73.8979 255.896
threshold=8.5000000000000018 0 1 0.64031250000000017 0.39390532234655373 -2.4999999999999996 0.072583670787651697 2 20.500000000000004 -7.8616666666666655 0.92166666666666675 3.5000000000000004 10.500000000000002 -3.4999999999999996
decision_type=8 9 9 8 10 10 8 1 10 8 10 2 10 10
left_child=1 2 4 5 7 -2 -4 -1 -3 -8 -5 -6 -11 -14
right_child=3 8 6 10 11 -7 9 -9 -10 12 -12 -13 13 -15
leaf_value=-0.036775776487820731 0.015746020790889045 0.016752330892035771 -0.062103669969489433 -0.012524672519333372 -0.017389074538336855 -0.054024967823860584 0.083973548386650554 0.040903388727551102 -0.014084209057580958 0.052840503258905172 -0.049158779388218249 0.029212061130633751 0.041412209447970028 -0.01833146112330224
leaf_weight=278.33400923013687 86.564267411828041 394.40320460498333 30.772398635745049 1078.1522098779678 100.2037999778986 1941.5097652822733 128.74203017354012 52.949385434389114 948.97366014122963 873.64990793168545 200.1757099032402 644.54813079535961 1734.7764499336481 199.3048929721117
leaf_count=1174 372 1655 131 4589 418 8425 532 219 4030 3623 860 2689 7228 845
internal_value=-0.000154757 0.0233172 0.0326522 -0.0383899 0.00830878 -0.0510406 0.0414167 -0.0242745 -0.00498805 0.0426633 -0.0182952 0.0229271 0.0407399 0.0352494
internal_weight=8693.06 5386.66 4043.28 3306.4 1076.04 2028.07 2967.25 331.283 1343.38 2936.47 1278.33 744.752 2807.73 1934.08
internal_count=36790 22544 16859 14246 4500 8797 12359 1393 5685 12228 5449 3107 11696 8073
cat_boundaries=0 1 3 4
cat_threshold=832787 157843459 18 4
is_linear=0
shrinkage=0.05


Tree=3
num_leaves=15
num_cat=2
split_feature=7 7 1 26 28 7 0 7 8 7 25 0 25 28
split_gain=4479.46 851.244 469.107 265.768 216.907 165.538 155.833 130.748 127.898 92.3486 82.7479 82.1611 80.0009 65.4262
threshold=8.5000000000000018 1.5000000000000002 0.57523584905660385 1040.0000000000002 0 5.5000000000000009 99.010000000000005 17.500000000000004 -2.4999999999999996 -1.4999999999999998 2.8644980039759509 92.995000000000019 0.35430313156638621 1
decision_type=2 2 8 2 9 2 10 2 10 2 10 10 8 9
left_child=1 3 8 9 -4 11 -5 12 -2 -1 -9 -3 -6 -7
right_child=2 5 4 6 7 13 -8 10 -10 -11 -12 -13 -14 -15
leaf_value=-0.032273056005184979 0.012348423542643011 0.068867980080920307 0.0093659508204855888 0.058213730579699689 -0.036019793587603974 0.043372385929599341 -0.024783517012057391 -0.048546676465822447 -0.055328314415429153 0.010159492299816072 -0.020302393962570411 0.042991741339147904 -0.0093619959608070465 0.0064372616607630542
leaf_weight=435.68161362409592 72.546968668699265 1441.6226809769869 523.7720011472702 224.957225933671 376.49167755246162 882.36759850382805 74.798157230019569 740.68590699136257 1650.9253706336021 180.96471996605396 402.16749410331249 398.308354601264 1110.7629225552082 157.81479623913765
leaf_count=1863 312 5895 2203 924 1608 3634 318 3213 7279 761 1743 1635 4732 654
internal_value=0.000196429 0.0409169 -0.0315021 -0.00105637 -0.0200288 0.0542678 0.0374898 -0.0258214 -0.0524741 -0.0198243 -0.038634 0.0632927 -0.01613 0.0382586
internal_weight=8673.87 3796.52 4877.35 916.402 3153.88 2880.11 299.755 2630.11 1723.47 616.646 1142.85 1839.93 1487.25 1040.18
internal_count=36774 15684 21090 3866 13499 11818 1242 11296 7591 2624 4956 7530 6340 4288
cat_boundaries=0 1 2
cat_threshold=271635 307479
is_linear=0
shrinkage=0.05


Tree=4
num_leaves=15
num_cat=5
split_feature=7 7 7 26 28 7 0 28 29 8 29 28 15 0
split_gain=3943.28 749.715 412.023 242.667 188.344 162.141 152.554 150.3 129.528 113.109 107.584 94.1896 87.4672 71.9866
threshold=8.5000000000000018 1.5000000000000002 17.500000000000004 1040.0000000000002 0 6.5000000000000009 99.010000000000005 1 2 1.5000000000000002 3 4 0.0030250631984889424 99.405000000000015
decision_type=2 2 2 2 9 2 10 9 9 10 9 9 8 10
left_child=1 3 7 12 -4 10 -5 -2 -9 -6 -3 -12 -1 -14
right_child=2 5 4 6 9 -7 -8 8 -10 -11 11 -13 13 -15
leaf_value=-0.044874205548657668 0.0058806783713991964 0.023685142017785044 -0.055033501035303502 0.056369006766164922 -0.04167320292936455 0.031693674148337736 -0.025867931248530474 -0.040894380489687313 -0.0099897317637049603 -0.011277169945860891 0.067052948114784044 0.028930013430235893 0.0038778129418931204 -0.051860451267691149
leaf_weight=212.3774778842926 684.43383473157883 249.95162399113178 1477.1923031061888 224.16026768088341 673.22711461782455 824.51258562505245 74.57463276386261 573.37184490263462 862.98831176757812 562.30832670629025 1579.4192761331797 241.48825222253799 345.58168561756611 68.566278532147408
leaf_count=914 2912 1022 6588 913 2979 3386 319 2482 3707 2429 6400 984 1470 296
internal_value=3.46868e-05 0.0379914 -0.0299697 -0.00118952 -0.0428747 0.0505084 0.035822 -0.0134503 -0.0225434 -0.0276364 0.0579805 0.0622012 -0.018866 -0.0054529
internal_weight=8654.15 3820.63 4833.52 925.26 2712.73 2895.37 298.735 2120.79 1436.36 1235.54 2070.86 1820.91 626.525 414.148
internal_count=36801 15704 21097 3912 11996 11792 1232 9101 6189 5408 8406 7384 2680 1766
cat_boundaries=0 1 2 4 6 7
cat_threshold=2199556 1335571 1630297422 8 655873 2 831638
is_linear=0
shrinkage=0.05


Tree=5
num_leaves=15
num_cat=3
split_feature=6 28 1 29 25 8 23 23 0 33 8 22 0 26
split_gain=2393.43 417.771 281.551 230.987 173.091 170.092 103.413 95.6662 95.1825 91.6563 86.8192 82.1693 69.3206 75.5751
threshold=8.5000000000000018 0 0.57523584905660385 1 0.38075285766847977 -2.4999999999999996 19.280208333333334 38.329791666666672 99.995000000000019 2 20.500000000000004 0.92166666666666675 99.995000000000019 21.500000000000004
decision_type=8 9 8 9 10 10 10 10 10 1 10 10 10 2
left_child=1 3 5 4 9 -2 8 -8 -5 -1 -3 -4 13 -6
right_child=2 10 11 6 12 -7 7 -9 -10 -11 -12 -13 -14 -15
leaf_value=-0.032160104959806361 0.021647761763740204 0.015676202809087339 -0.013981003622080527 0.040004646740520275 -0.0085755817974114638 -0.052108271344302848 -0.029281795034209336 0.041832608177264113 -0.02478899695346775 0.035353248568874431 -0.011899994897345363 -0.046207735620763961 -0.049017665356493434 0.031712585218185645
leaf_weight=284.75332628190517 81.679741412401199 403.70263542234898 1309.3106571435928 2610.4461488723755 140.73980486392975 1591.9591955989599 111.49616996943951 80.591334342956543 57.308685407042503 60.136856481432915 967.61066272854805 232.4375913143158 32.351349711418152 662.05204398930073
leaf_count=1212 351 1687 5685 10724 586 7250 465 333 241 245 4153 1029 139 2724
internal_value=-0.000140583 0.02016 -0.0343002 0.0282141 0.00936021 -0.0484979 0.035928 0.000616759 0.038604 -0.0203199 -0.00374898 -0.0188664 0.0217388 0.0246477
internal_weight=8626.58 5411.19 3215.39 4039.88 1180.03 1673.64 2859.84 192.088 2667.75 344.89 1371.31 1541.75 835.143 802.792
internal_count=36824 22509 14315 16669 4906 7601 11763 798 10965 1457 5840 6714 3449 3310
cat_boundaries=0 1 3 4
cat_threshold=831763 23707651 18 4
is_linear=0
shrinkage=0.05


Tree=6
num_leaves=15
num_cat=5
split_feature=7 7 1 28 33 7 0 29 29 8 7 24 15 28
split_gain=3446.45 665.539 372.842 198.546 179.164 136.714 105.504 104.013 95.5539 88.4418 80.392 76.8107 74.0921 66.3405
threshold=8.5000000000000018 1.5000000000000002 0.59169301523426288 0 1 5.5000000000000009 99.985000000000014 2 3 -2.4999999999999996 17.500000000000004 0.43614361923001432 1.0000000180025095e-35 4
decision_type=2 2 8 9 1 2 10 9 9 10 2 8 8 9
left_child=1 4 9 -4 -1 8 11 -5 -3 -2 -9 12 -6 -7
right_child=2 5 3 7 6 13 -8 10 -10 -11 -12 -13 -14 -15
leaf_value=0.061835989604363983 0.0073784952815985046 0.030832025319128105 0.010513460770843478 -0.034791603858998425 -0.040682095996891238 0.052462348930865113 -0.04850764193510626 -0.0040241117840231653 0.061171713055557589 -0.049312540792502024 -0.028328178212143465 0.024967803165914949 0.0014129512877266962 0.023480490924362912
leaf_weight=97.707612484693527 71.567345097661018 410.01123735308647 515.97901999950409 1131.1790817379951 152.50190214812756 304.357770845294 141.89163422584534 817.32677066326141 1472.6091940253973 1633.0986795425415 582.39333936572075 197.22246055305004 327.4705532938242 755.64337132871151
leaf_count=397 308 1663 2159 4965 663 1233 626 3487 5925 7567 2585 811 1390 3077
internal_value=0.000297084 0.0353905 -0.0282088 -0.0177229 -0.00180775 0.0469765 -0.00946586 -0.0234304 0.0550724 -0.0469295 -0.0140492 -0.00122603 -0.0120187 0.0325594
internal_weight=8610.96 3859.42 4751.54 3046.88 916.794 2942.62 819.087 2530.9 1882.62 1704.67 1399.72 677.195 479.972 1060
internal_count=36856 15785 21071 13196 3887 11898 3490 11037 7588 7875 6072 2864 2053 4310
cat_boundaries=0 1 2 4 6 7
cat_threshold=271635 1 1663847766 10 2822659 38 274450
is_linear=0
shrinkage=0.05


Tree=7
num_leaves=15
num_cat=3
split_feature=7 7 1 26 28 7 0 28 7 0 28 26 24 7
split_gain=3070.76 577.658 346.428 197.815 143.315 137.428 125.234 113.069 103.911 69.7249 70.3375 68.5014 66.7391 65.2745
threshold=8.5000000000000018 1.5000000000000002 0.66501650165016513 1040.0000000000002 0 5.5000000000000009 99.125000000000014 1 18.500000000000004 92.995000000000019 2 338.00000000000006 0.063968517358347868 14.500000000000002
decision_type=2 2 10 2 9 2 10 9 2 10 9 2 8 2
left_child=1 3 7 11 -4 9 -5 -2 -6 10 -3 -1 -12 -9
right_child=2 5 4 6 8 -7 -8 13 -10 -11 12 -13 -14 -15
leaf_value=-0.0092861662291470037 -0.054404875805481527 0.024459710039523932 0.011492715343958897 0.04836909775566834 -0.011624084637280548 0.028901165716494055 -0.027854688654129902 -0.0021510758854224967 -0.035060100948716352 0.032816322373843319 -0.050958135542644459 -0.049062442107429501 0.062419228747942729 -0.035472208006491611
leaf_weight=477.58141551911831 1019.5902294516563 202.28456942737103 429.94110178947449 233.9047714471817 1291.4016927927732 1066.1322932690382 69.204901903867722 170.92652028799057 746.81822420656681 402.31041829288006 12.412046819925306 139.23102025687695 1267.3680140078068 1053.7751805335283
leaf_count=2055 4822 816 1785 943 5545 4320 302 746 3334 1620 51 611 5083 4876
internal_value=-0.000485244 0.0325107 -0.0275866 -0.00208233 -0.0146503 0.0432933 0.0309316 -0.0418004 -0.0201255 0.0514164 0.0564399 -0.0183296 0.0608059 -0.0305778
internal_weight=8582.88 3870.43 4712.45 919.922 2468.16 2950.51 303.11 2244.29 2038.22 1884.38 1482.06 616.812 1279.78 1224.7
internal_count=36909 15801 21108 3911 10664 11890 1245 10444 8879 7570 5950 2666 5134 5622
cat_boundaries=0 1 2 3
cat_threshold=271619 32772 3228705
is_linear=0
shrinkage=0.05


Tree=8
num_leaves=15
num_cat=5
split_feature=7 7 1 28 33 29 28 29 25 8 7 0 7 0
split_gain=2886.59 491.828 317.559 163.426 157.107 143.63 126.547 96.4656 91.9524 90.2058 78.4877 87.1564 74.312 72.5488
threshold=8.5000000000000018 -1.0000000180025095e-35 0.53504749426793319 0 1 2 3 4 0.75118390584644967 -2.4999999999999996 5.5000000000000009 97.455000000000013 15.500000000000002 99.895000000000024
decision_type=2 2 8 9 1 9 9 9 10 10 2 10 2 10
left_child=1 4 9 -4 -1 8 10 -5 -3 -2 11 -7 -9 -6
right_child=2 5 3 7 13 6 -8 12 -10 -11 -12 -13 -14 -15
leaf_value=0.061853554687151563 0.010862853743768464 0.0009581755429072269 0.0075326498350508217 -0.033850523830439558 -0.0047261066513414 0.063207159601772214 0.018031059293737911 -0.002574622581135699 0.038589323001564951 -0.048630107062677591 0.038185329150761491 0.024383348480742088 -0.024361421646410399 -0.046727864158780656
leaf_weight=77.716384932398796 66.459960862994194 340.91161417961121 537.08964002132416 1133.6233178675175 529.08800563216209 1187.6661134362221 382.77033351361752 716.26265889406204 308.99114620685577 1376.1195068359375 751.8486263602972 166.51498225331306 862.62473686039448 126.69267584383488
leaf_count=314 288 1385 2256 5089 2259 4761 1553 3081 1247 6623 3029 673 3892 573
internal_value=1.33601e-06 0.0319507 -0.0263659 -0.0176901 -0.00490563 0.0405626 0.0460295 -0.0226296 0.0185957 -0.0458836 0.0509981 0.0584548 -0.0143946 -0.0128994
internal_weight=8564.38 3872.2 4692.18 3249.6 733.497 3138.7 2488.8 2712.51 649.903 1442.58 2106.03 1354.18 1578.89 655.781
internal_count=37023 15794 21229 14318 3146 12648 10016 12062 2632 6911 8463 5434 6973 2832
cat_boundaries=0 1 2 4 5 7
cat_threshold=271634 1 88736263 6 831511 1661753686 10
is_linear=0
shrinkage=0.05


Tree=9
num_leaves=15
num_cat=0
split_feature=7 7 7 6 26 0 3 26 0 8 7 0 21 21
split_gain=2559.64 329.903 373.211 186.769 176.285 149.98 110.046 80.9141 79.7919 74.4084 68.0952 54.9587 53.9226 53.734
threshold=11.500000000000002 -1.4999999999999998 7.5000000000000009 17.500000000000004 1040.0000000000002 99.985000000000014 0.049997219441663895 382.50000000000006 99.895000000000024 -2.4999999999999996 8.5000000000000018 95.470000000000013 0.83180342361166937 0.97790083642899184
decision_type=2 2 2 10 2 10 10 2 10 10 2 10 8 8
left_child=1 4 5 7 -1 6 12 13 -6 -5 -4 -8 -3 -2
right_child=3 2 10 9 8 -7 11 -9 -10 -11 -12 -13 -14 -15
leaf_value=-0.026996326832180364 -0.045139402534225326 -0.075051897811855561 0.02205189055694776 0.00330288917877887 0.049755330021965263 -0.03320618746261865 0.049345688292292023 -0.039153653280682738 -0.030777385587498152 -0.045957376257791296 0.00023545690114358276 0.026940482346460837 0.014409753267399614 -0.013316094961051669
leaf_weight=423.14908295869827 143.80626618862152 17.941933050751686 641.09500651061535 80.679347932338715 139.28821484744549 64.652823925018311 2037.5961599498987 477.58922290802002 38.655907586216927 1489.7920836657286 807.52414308488369 320.86031146347523 151.26564604043961 1615.0772579908371
leaf_count=1865 657 75 2588 352 561 273 8197 2164 174 7261 3492 1293 613 7166
internal_value=0.000175191 0.0250953 0.0302353 -0.03021 -0.00945184 0.0415913 0.0435168 -0.0209141 0.0321865 -0.0434263 0.009899 0.0463102 0.00453847 -0.0159421
internal_weight=8448.97 4642.03 4040.94 3806.94 601.093 2592.32 2527.66 2236.47 177.944 1570.47 1448.62 2358.46 169.208 1758.88
internal_count=36731 19131 16531 17600 2600 10451 10178 9987 735 7613 6080 9490 688 7823
is_linear=0
shrinkage=0.05


Tree=10
num_leaves=15
num_cat=4
split_feature=7 7 1 28 26 29 28 8 0 7 29 25 26 24
split_gain=2303.11 410.89 308.343 141.944 137.912 113.221 117.786 97.7651 92.7649 90.6642 100.312 80.3811 73.2349 70.7664
threshold=8.5000000000000018 1.5000000000000002 0.59169301523426288 0 1040.0000000000002 1 2 -2.4999999999999996 98.355000000000004 17.500000000000004 3 2.8644980039759509 329.50000000000006 0.33104977239206984
decision_type=2 2 8 9 2 9 9 10 10 2 9 10 2 10
left_child=1 4 7 -4 12 -3 -7 -2 -6 10 -5 -11 -1 -12
right_child=2 5 3 9 8 6 -8 -9 -10 11 13 -13 -14 -15
leaf_value=-0.0061704991910991394 0.013248213224508476 0.017655402281672235 0.0094135576720414671 -0.027781376634030859 0.044012947235997038 0.012975462128805074 0.047109779688288556 -0.044923004099583774 -0.016546075849135537 -0.041415170786457428 0.014538619015186958 -0.012283958342015391 -0.048488496500271962 -0.013883080335689694
leaf_weight=465.5401417016983 75.397219777107239 645.56427016854286 495.93113450706005 576.59567780792713 211.2065666615963 322.30898053944111 1958.8879136443138 1524.46006308496 89.45257593691349 672.0587065666914 398.58225034177303 367.05343762040138 130.14766167104244 483.65390133857727
leaf_count=2018 326 2597 2071 2562 847 1299 7864 7597 390 3140 1726 1683 585 2087
internal_value=-0.000601155 0.0280648 -0.0244592 -0.0149814 -0.00155429 0.0371334 0.0423724 -0.042175 0.0260002 -0.0197849 -0.0118119 -0.0311466 -0.015482 -0.00102897
internal_weight=8416.84 3823.11 4593.73 2993.88 896.347 2926.76 2281.2 1599.86 300.659 2497.94 1458.83 1039.11 595.688 882.236
internal_count=36792 15600 21192 13269 3840 11760 9163 7923 1237 11198 6375 4823 2603 3813
cat_boundaries=0 1 3 4 6
cat_threshold=271619 1298797059 2 3228704 1630309710 10
is_linear=0
shrinkage=0.05


Tree=11
num_leaves=15
num_cat=3
split_feature=6 15 8 27 29 6 21 25 0 24 30 11 24 29
split_gain=1387.59 208.064 175.526 123.667 115.904 101.253 87.9412 75.7593 72.0802 70.9568 60.4568 58.5516 54.9233 51.0564
threshold=10.500000000000002 1.131475803512169 -2.4999999999999996 0 1 20.500000000000004 0.97790083642899184 0.13656195954255876 99.995000000000019 0.20296354277421499 1.5000000000000002 6.4871814829221828 0.25667894758367021 2
decision_type=8 10 10 9 9 10 8 10 10 10 2 2 8 9
left_child=1 3 6 -1 7 10 -2 11 9 -3 -4 -5 -6 -11
right_child=2 8 5 4 12 -7 -8 -9 -10 13 -12 -13 -14 -15
leaf_value=0.042120033358226394 -0.049548859404595136 0.00036311724122146239 -0.035958636045633825 -0.04651443287468069 -0.0082846440391017122 -0.045625857193381969 0.0041173039513430236 -0.0040578105242175515 -0.04027619194456885 0.015843602005188997 -0.011769755520027365 0.010954692955243449 0.016476285656660313 0.031319871343950208
leaf_weight=181.20848701894283 89.84900875389576 290.46907509863377 530.47618864476681 210.33266191184521 289.19798310101032 1184.6025755852461 477.13541047275066 874.57725313305855 43.645960092544556 877.12422981858253 505.39323779940605 55.658667355775833 983.81529594957829 1778.1651834845543
leaf_count=738 428 1246 2532 930 1261 6019 2079 3711 194 3640 2360 238 4105 7343
internal_value=-0.000492986 0.0138886 -0.0292987 0.00352705 0.000437042 -0.0356365 -0.00445934 -0.0110825 0.0228782 0.0238273 -0.0241798 -0.034493 0.0107646 0.026393
internal_weight=8371.65 5584.19 2787.46 2594.79 2413.58 2220.47 566.984 1140.57 2989.4 2945.76 1035.87 265.991 1273.01 2655.29
internal_count=36824 23406 13418 10983 10245 10911 2507 4879 12423 12229 4892 1168 5366 10983
cat_boundaries=0 1 3 5
cat_threshold=43264 3912028422 50 2701902099 38
is_linear=0
shrinkage=0.05


Tree=12
num_leaves=15
num_cat=2
split_feature=6 15 1 27 0 21 21 0 9 25 3 27 3 31
split_gain=1300.86 182.753 182.281 106.529 89.521 95.6111 85.2857 69.5582 56.4481 52.6726 50.4096 46.9031 48.8386 46.6878
threshold=8.5000000000000018 1.131475803512169 0.70856227106227121 0 99.905000000000015 0.97790083642899184 0.97790083642899184 99.305000000000021 1.0000000180025095e-35 1.019707026139117 0.35166251546040911 1 0.90696419337227974 2.5000000000000004
decision_type=8 10 8 9 10 8 8 10 2 10 10 9 10 8
left_child=1 3 9 -1 5 8 -4 11 -5 -2 -7 -3 -13 -8
right_child=2 7 6 4 -6 10 13 -9 -10 -11 -12 12 -14 -15
leaf_value=0.041269731955963153 -0.04325428901060463 -0.025413131149279362 -0.048359188910672368 -0.065308709456825473 -0.04349070633585831 -0.0027577290319286078 0.05630393110074431 -0.026437566646497681 -0.0102027108378114 -0.026943499621678718 0.013454966848632195 0.02191528722808251 0.039398244221374223 -0.0053472416307787634
leaf_weight=171.22940914332867 1047.0191872566938 41.100140452384949 117.3919261097908 68.234640687704086 104.31896674633026 791.24587418138981 30.96313102543354 68.854903936386108 142.79593023657799 954.08756272494793 1214.558505371213 2298.2187434434891 485.44538380205631 782.88968785107136
leaf_count=695 5294 172 565 302 476 3388 135 300 608 4745 5064 9525 1987 3467
internal_value=-0.000201677 0.0143873 -0.0269937 0.00446058 0.00154422 0.00368908 -0.0087073 0.022933 -0.0282447 -0.035495 0.00706123 0.0241454 0.0248878 -0.0029355
internal_weight=8318.35 5386 2932.35 2492.38 2321.15 2216.83 931.245 2893.62 211.031 2001.11 2005.8 2824.76 2783.66 813.853
internal_count=36723 22517 14206 10533 9838 9362 4167 11984 910 10039 8452 11684 11512 3602
cat_boundaries=0 1 2
cat_threshold=43264 16720
is_linear=0
shrinkage=0.05


Tree=13
num_leaves=15
num_cat=5
split_feature=7 7 7 28 29 33 7 28 29 7 25 1 24 24
split_gain=1936.03 370.668 236.332 174.922 110.952 104.54 104.469 95.071 97.8827 77.4428 70.9283 70.4525 64.068 85.5742
threshold=8.5000000000000018 1.5000000000000002 17.500000000000004 0 1 2 5.5000000000000009 3 4 -4.4999999999999991 0.75118390584644967 0.51530771633864425 0.33735820306128589 0.236531549402274
decision_type=2 2 2 9 9 1 2 9 9 2 10 10 10 8
left_child=1 5 7 -4 10 -1 -6 -2 -9 -7 -3 -5 13 -10
right_child=2 4 3 11 6 9 -8 8 12 -11 -12 -13 -14 -15
leaf_value=0.048992563315238678 0.006951433003521669 -0.0060377345627888749 -0.048707708806438092 -0.032166920416617797 0.047201202312300301 -0.022831261463547595 0.025859033780365692 -0.031848119703070339 -0.02116355511674832 0.0080223672796494016 0.032651299342153363 -0.00994702463613319 -0.016107985735790302 0.032841173555395148
leaf_weight=90.831479907035828 620.28380912542343 251.36077542603016 987.13397392630577 705.84403337538242 1571.5689243078232 402.59962564706802 909.89410501718521 591.1540545374155 116.22270739078522 409.19778084754944 222.62189123034477 722.87109617888927 503.93830175697803 195.3993601500988
leaf_count=369 2678 1013 5094 3595 6341 1795 3652 2714 526 1734 893 3296 2235 842
internal_value=0.00055737 0.0264662 -0.0219422 -0.0325027 0.0350285 -0.00157683 0.0392311 -0.00934594 -0.0164644 -0.00728832 0.0119135 -0.0207939 -0.00503823 0.0126963
internal_weight=8300.92 3858.07 4442.85 2415.85 2955.45 902.629 2481.46 2027 1406.71 811.797 473.983 1428.72 815.56 311.622
internal_count=36777 15797 20980 11985 11899 3898 9993 8995 6317 3529 1906 6891 3603 1368
cat_boundaries=0 1 3 4 5 7
cat_threshold=2195460 206176770 2 1 286979 1630440734 10
is_linear=0
shrinkage=0.05


Tree=14
num_leaves=15
num_cat=5
split_feature=7 7 7 28 29 26 0 28 28 29 7 3 1 0
split_gain=1763.42 310.802 236.483 143.639 123.71 112.949 93.8351 97.4881 81.1973 74.2735 73.8882 73.7984 73.3412 71.6604
threshold=8.5000000000000018 -1.4999999999999998 14.500000000000002 0 1 1040.0000000000002 97.735000000000014 2 3 4 5.5000000000000009 0.099124222494939254 0.42897497982243749 99.995000000000019
decision_type=2 2 2 9 9 2 10 9 9 9 2 10 8 10
left_child=1 5 8 -4 11 -1 7 -6 -2 -10 -9 -3 -5 -7
right_child=2 4 3 12 6 13 -8 10 9 -11 -12 -13 -14 -15
leaf_value=-0.022791893683774364 0.0080576984687194073 -0.024690620876241409 -0.04265875950230795 -0.035619004102596608 0.010604400472548858 0.039915547213246409 0.0034155030447213333 0.053328728445546793 -0.033866873577985894 -0.0033582316532901838 0.031931208299874503 0.020654554425934182 -0.01308808512664926 -0.038588034200673811
leaf_weight=412.16136412322521 646.33347268402576 98.528505653142929 1244.5298347473145 519.52697147428989 257.58602783083916 145.90181696414948 180.89127883315086 1102.883218511939 323.14911510050297 518.14627565443516 646.10395665466785 923.58314196765423 1187.3127205520868 35.391489699482918
leaf_count=1862 2774 405 6405 2727 1039 591 737 4484 1485 2292 2590 3730 5487 165
internal_value=-9.30102e-05 0.0248902 -0.0214977 -0.0296889 0.031035 -0.00833931 0.0377541 0.0410345 -0.0052377 -0.0153627 0.0451887 0.0161061 -0.0198467 0.0244627
internal_weight=8242.03 3803.03 4439 2951.37 3209.58 593.455 2187.46 2006.57 1487.63 841.295 1748.99 1022.11 1706.84 181.293
internal_count=36773 15603 21170 14619 12985 2618 8850 8113 6551 3777 7074 4135 8214 756
cat_boundaries=0 1 3 4 5 7
cat_threshold=2195460 1292538374 10 1132064 291091 1628330328 10
is_linear=0
shrinkage=0.05


Tree=15
num_leaves=15
num_cat=8
split_feature=7 7 7 26 28 29 28 28 29 28 28 8 0 29
split_gain=1567.74 284.334 230.739 143.123 140.536 116.973 81.1626 79.0238 78.0136 71.285 70.1583 63.5439 60.4998 59.133
threshold=8.5000000000000018 -1.0000000180025095e-35 14.500000000000002 1040.0000000000002 0 1 2 3 4 5 6 1.5000000000000002 99.125000000000014 7
decision_type=2 2 2 2 9 9 9 9 9 9 9 10 10 9
left_child=1 3 7 10 -4 9 -7 -2 -9 -3 -1 -6 -5 -13
right_child=2 5 4 12 11 6 -8 8 -10 -11 -12 13 -14 -15
leaf_value=0.0054066475305927031 0.0083385656760984785 0.0085270326558321684 -0.041414634498832245 0.04275025286101089 -0.027967620027422115 0.01023598771238269 0.041630426712318251 -0.032566445464585501 -0.0012282674003681454 0.036920959352613046 -0.033720451159355666 -0.021273668929788925 -0.017561544398466505 0.005645609636083424
leaf_weight=179.99308361113071 677.09153692424297 803.2658608853817 1219.9170817881823 170.26456452906132 902.11032392084599 262.48072943091393 1702.785406768322 340.58230158686638 470.33920246362686 306.17559231817722 310.43881726264954 420.22657570242882 54.291467294096947 383.81042145192623
leaf_count=794 2902 3246 6396 687 4622 1056 6915 1576 2078 1233 1412 1920 250 1734
internal_value=-1.72002e-05 0.023569 -0.0202678 -0.00482666 -0.0284178 0.0301715 0.0375177 -0.00423321 -0.0146498 0.0166485 -0.0199548 -0.0187536 0.0281553 -0.00862672
internal_weight=8203.77 3789.7 4414.08 714.988 2926.06 3074.71 1965.27 1488.01 810.922 1109.44 490.432 1706.15 224.556 804.037
internal_count=36821 15593 21228 3143 14672 12450 7971 6556 3654 4479 2206 8276 937 3654
cat_boundaries=0 1 3 4 5 7 8 9 11
cat_threshold=2195460 1296781831 46 3229216 1339667 1628330076 11 2736256 2642948 2731018578 41
is_linear=0
shrinkage=0.05


Tree=16
num_leaves=15
num_cat=4
split_feature=7 0 7 7 28 26 29 7 28 33 3 6 9 25
split_gain=1491.96 214.9 196.924 198.776 149.579 110.393 89.2719 86.0217 81.1033 76.5125 69.5373 68.4735 61.5488 60.9488
threshold=11.500000000000002 99.895000000000024 7.5000000000000009 -1.4999999999999998 0 1040.0000000000002 1 20.500000000000004 2 3 0.44810456524454062 18.500000000000004 1.0000000180025095e-35 0.40617837384540589
decision_type=2 10 2 2 9 2 9 2 9 1 8 8 2 8
left_child=1 2 3 5 7 -1 -5 9 12 -2 13 -6 -4 -11
right_child=4 -3 8 6 11 -7 -8 -9 -10 10 -12 -13 -14 -15
leaf_value=-0.016024907808183126 -0.036941856326878519 -0.033527966666660004 -0.018802288660501709 0.020571465493949351 -0.0064039338785554971 0.036189319293611015 0.041309994806834761 -0.048307021705364356 0.023343967874035053 -0.023639393137784789 -0.036602284490065778 -0.025114028767926479 0.0071385511571699827 0.032043087231799959
leaf_weight=344.32766558229923 508.09633792936802 186.43189164996147 352.44487936794758 882.38619722425938 1087.7082140594721 142.2084169536829 1607.3003797978163 740.74609304964542 450.55478298664093 77.260846674442291 116.81644774973392 888.80476756393909 646.71714866161346 131.39082020521164
leaf_count=1552 2531 860 1543 3571 4875 577 6565 4109 1864 358 541 4606 2698 617
internal_value=0.000180082 0.0189336 0.0211504 0.0285095 -0.0241784 -0.000720416 0.0342196 -0.0356767 0.00603337 -0.0248359 -0.00588168 -0.0147514 -0.00200147 0.0114102
internal_weight=8163.19 4612.37 4425.94 2976.22 3550.82 486.536 2489.69 1574.31 1449.72 833.564 325.468 1976.51 999.162 208.652
internal_count=36867 19230 18370 12265 17637 2129 10136 8156 6105 4047 1516 9481 4241 975
cat_boundaries=0 1 3 4 5
cat_threshold=2195620 1143706115 46 3785732 4
is_linear=0
shrinkage=0.05


Tree=17
num_leaves=15
num_cat=2
split_feature=7 7 7 28 21 7 3 22 20 30 24 8 28 25
split_gain=1369.88 178.02 225.17 146.541 95.8427 82.8255 77.4544 71.6059 67.8187 66.6117 66.4658 58.562 54.226 58.2387
threshold=11.500000000000002 -3.4999999999999996 7.5000000000000009 0 0.96281320404573056 17.500000000000004 0.053032726199750253 0.92166666666666675 6.5550000000000006 1.5000000000000002 0.32211796635752754 1.5000000000000002 1 0.11338797321401803
decision_type=2 2 2 9 10 2 10 10 10 2 10 8 9 8
left_child=1 4 6 7 -1 9 -3 11 -8 -5 -11 -2 -4 -14
right_child=3 2 12 5 -6 -7 8 -9 -10 10 -12 -13 13 -15
leaf_value=-0.017764981090954618 -0.020325019871874388 6.5548877681659775e-05 0.019813327460517796 -0.032452680662288083 0.04958010844867132 -0.040154108625081772 0.036967584933448094 -0.035170136761671376 0.015889189604659359 0.021645878565378328 -0.02172775143049975 0.0023375919489472276 -0.029308974232040964 0.004299707751612967
leaf_weight=444.32976342737675 450.56532764434814 194.62329295277596 455.88205802440643 444.50116811692715 58.969066753983498 1240.1708471477032 1956.2017792016268 253.67669329047203 476.78015576303005 151.19712375104427 209.50568653643131 772.60560229420662 151.5325920432806 830.94211637973785
leaf_count=2023 2319 806 1881 2153 250 6852 8012 1245 1951 675 968 3484 660 3514
internal_value=0.000182206 0.0182432 0.0217151 -0.0232463 -0.00979182 -0.0318887 0.0304182 -0.0109734 0.0328452 -0.01952 -0.00353709 -0.00602016 0.00580608 -0.000899334
internal_weight=8091.48 4569.26 4065.96 3522.22 503.299 2045.37 2627.61 1476.85 2432.98 805.204 360.703 1223.17 1438.36 982.475
internal_count=36793 19097 16824 17696 2273 10648 10769 7048 9963 3796 1643 5803 6055 4174
cat_boundaries=0 1 2
cat_threshold=1337090 1323283
is_linear=0
shrinkage=0.05


Tree=18
num_leaves=15
num_cat=1
split_feature=7 0 7 7 28 26 7 8 30 24 21 22 24 25
split_gain=1203.38 195.509 155.944 161.934 136.68 104.046 75.8246 71.4492 65.1714 56.0386 55.7262 54.8172 89.8274 80.3849
threshold=11.500000000000002 99.985000000000014 7.5000000000000009 1.5000000000000002 0 1040.0000000000002 17.500000000000004 1.5000000000000002 1.5000000000000002 0.32211796635752754 0.9326036906483065 -1.0899999999999996 0.48320358394059543 0.10514963053606764
decision_type=2 10 2 2 9 2 2 10 2 10 8 10 10 10
left_child=1 2 3 5 7 10 8 -2 -6 -10 -1 -5 13 -13
right_child=4 -3 -4 11 6 -7 -8 -9 9 -11 -12 12 -14 -15
leaf_value=-0.068868799802878591 -0.022104302059378723 -0.036373125949029007 0.0050900883135586517 0.034843022914191994 -0.032503076382277743 0.031314809932186397 -0.039320509945612286 -0.00016334372077262034 0.019533863150214256 -0.020188400324739831 -0.0034953948851722165 -0.068362060969740082 0.056675248619071986 0.0096532514647723559
leaf_weight=34.059567928314209 725.12566715478897 167.1710195094347 1441.731265604496 1947.3214490860701 427.11458560824394 250.91317223012447 1182.8147150278091 758.80222955346107 150.8312501758337 212.89039053022861 466.49412530660629 42.152005255222321 72.781396880745888 139.8250627964735
leaf_count=163 3722 787 6067 7990 2100 1021 6688 3390 670 990 2044 172 297 568
internal_value=-0.000305061 0.016554 0.0185748 0.0251533 -0.0225498 0.00510325 -0.0311468 -0.0108197 -0.0192809 -0.00370763 -0.00807209 0.03199 0.0101308 -0.00869257
internal_weight=8020.03 4562.45 4395.28 2953.55 3457.58 751.467 1973.65 1483.93 790.836 363.722 500.554 2202.08 254.758 181.977
internal_count=36669 19109 18322 12255 17560 3228 10448 7112 3760 1660 2207 9027 1037 740
cat_boundaries=0 1
cat_threshold=1337091
is_linear=0
shrinkage=0.05


Tree=19
num_leaves=15
num_cat=3
split_feature=7 7 1 21 26 28 7 15 20 6 28 7 28 20
split_gain=1121.66 189.681 181.476 99.9087 99.5883 91.6842 91.9278 76.7644 72.7781 56.595 50.8089 47.1323 46.252 43.1317
threshold=8.5000000000000018 -1.4999999999999998 0.53504749426793319 0.97790083642899184 1040.0000000000002 0 20.500000000000004 0.2515909704413532 -3.6999999999999988 7.5000000000000009 1 37.500000000000007 2 -1.7449999999999972
decision_type=2 2 8 8 2 9 2 10 10 8 9 2 9 10
left_child=1 4 12 -4 10 11 13 -3 9 -9 -1 -5 -2 -7
right_child=2 7 3 5 -6 6 -8 8 -10 -11 -12 -13 -14 -15
leaf_value=0.0023956515492383158 -0.045720861567619175 0.014059400362016534 -0.041149583746492913 0.0066446438617492002 0.024786454399656925 -0.0057785201029122322 -0.038098709284003968 0.039782159095301972 0.015922401890771889 0.0076608018509887778 -0.033521723869781188 -0.020942337659341032 -0.024071791425726366 -0.031805508473394806
leaf_weight=166.33639562129974 516.28517314791679 1104.1844110786915 252.12489487230778 993.70127066969872 180.07776920497417 1072.7132912427187 366.06248070299625 1316.0202046483755 616.24788078665733 153.67011566460133 243.36370426416397 182.38058196008205 673.55789275467396 186.07555092871189
leaf_count=750 3179 4521 1277 4374 767 4910 1964 5417 2521 621 1159 851 3725 887
internal_value=0.000119514 0.0199242 -0.0175246 -0.0110627 -0.00611668 -0.0083407 -0.0159789 0.024739 0.0303827 0.0364311 -0.019727 0.00233263 -0.0340821 -0.00964805
internal_weight=8022.8 3779.9 4242.9 3053.06 589.778 2800.93 1624.85 3190.12 2085.94 1469.69 409.7 1176.08 1189.84 1258.79
internal_count=36923 15756 21167 14263 2676 12986 7761 13080 8559 6038 1909 5225 6904 5797
cat_boundaries=0 1 2 3
cat_threshold=288019 2913284 32772
is_linear=0
shrinkage=0.05


Tree=20
num_leaves=15
num_cat=3
split_feature=7 0 7 28 7 29 1 7 26 28 25 30 21 26
split_gain=1019.62 160.703 147 133.69 131.871 101.434 88.1171 80.1804 68.6606 67.8569 66.8554 57.1442 53.2992 51.8577
threshold=11.500000000000002 99.985000000000014 7.5000000000000009 0 -4.4999999999999991 1 0.32299679487179495 20.500000000000004 1040.0000000000002 2 0.33121066073906874 1.5000000000000002 0.97790083642899184 15.500000000000002
decision_type=2 10 2 9 2 9 8 2 2 9 10 2 8 2
left_child=1 2 4 6 8 10 -2 11 -1 -4 -6 -5 -8 -12
right_child=3 -3 9 7 5 -7 12 -9 -10 -11 13 -13 -14 -15
leaf_value=-0.018649795495119862 -0.038159396372838925 -0.032776561129117567 0.02038630607052265 -0.030772967980928281 -0.014889193475409155 0.033468589658263027 -0.042709774234874924 -0.040289215709548243 0.031207824827528236 -0.0029367949472128576 -0.013291227661576628 -0.0069392806971348619 -0.0010885050301722959 0.027848438591805708
leaf_weight=254.38814608752728 220.42191578447819 165.40508385002613 439.29752799868584 546.70033596456051 185.66154059767723 1911.068511530757 81.460525050759315 911.90223436057568 93.66378390789032 1010.7433185428381 93.605777248740196 466.39575120806694 1145.3796712905169 408.19547736644745
leaf_count=1175 1238 789 1810 2840 775 7950 421 5431 386 4298 381 2229 5354 1657
internal_value=6.3915e-05 0.0154731 0.0172953 -0.0207802 0.0237072 0.0275772 -0.00906493 -0.0293791 -0.00518171 0.0042585 0.0105357 -0.0198184 -0.00388463 0.0201631
internal_weight=7934.29 4562.03 4396.62 3372.26 2946.58 2598.53 1447.26 1925 348.052 1450.04 687.463 1013.1 1226.84 501.801
internal_count=36734 19221 18432 17513 12324 10763 7013 10500 1561 6108 2813 5069 5775 2038
cat_boundaries=0 1 3 4
cat_threshold=1337090 67863042 38 274707
is_linear=0
shrinkage=0.05


Tree=21
num_leaves=15
num_cat=4
split_feature=7 7 1 28 8 0 28 29 29 25 25 25 25 7
split_gain=947.017 187.286 171.676 93.4285 93.1049 87.4588 87.1403 88.1792 72.2649 84.7731 70.8072 65.2327 62.6157 55.4734
threshold=8.5000000000000018 1.5000000000000002 0.53504749426793319 0 -2.4999999999999996 98.00500000000001 1 2 3 0.37509740308306422 0.79125271219316018 0.14975406314197795 0.59473070805053985 5.5000000000000009
decision_type=2 2 8 9 10 8 9 9 9 8 10 10 8 2
left_child=1 5 4 -4 -2 11 -3 10 -5 -10 -8 -1 -11 -9
right_child=2 6 3 8 -6 -7 7 13 9 12 -12 -13 -14 -15
leaf_value=-0.01812555693240105 0.025265856675409138 0.0012788732753213907 -0.0018269687163912154 -0.035575446135610256 -0.036437110224461687 -0.015288980445444767 -0.0051393482249958086 0.039930444580483032 -0.031380505034472934 0.019921064048180719 0.029232139677380382 0.029801734339899591 -0.012723449153003344 0.022208213106055613
leaf_weight=96.58836567401886 64.111309424042702 370.4266831278801 1590.7500882148743 467.01643191277981 1082.9348428696394 515.28814290463924 326.23863033950329 1171.3234550505877 343.33427315950394 234.04799367487431 275.71936732530594 261.22053453326225 390.66723071038723 716.44666364789009
leaf_count=440 299 1492 7178 2376 6600 2333 1318 4961 1701 1112 1120 1095 1901 2904
internal_value=-0.0001387 0.0181541 -0.0165048 -0.0102544 -0.0329694 -0.00211388 0.0243397 0.0276527 -0.0194403 -0.011344 0.0104531 0.0168496 -0.000480973 0.0330449
internal_weight=7906.11 3733.25 4172.86 3025.82 1147.05 873.097 2860.15 2489.73 1435.07 968.049 601.958 357.809 624.715 1887.77
internal_count=36830 15663 21167 14268 6899 3868 11795 10303 7090 4714 2438 1535 3013 7865
cat_boundaries=0 1 2 4 5
cat_threshold=292115 3228672 158011911 6 1638680908
is_linear=0
shrinkage=0.05


Tree=22
num_leaves=15
num_cat=4
split_feature=7 15 1 10 7 20 8 21 24 29 2 29 33 29
split_gain=856.835 128.577 114.428 88.8649 83.9049 82.7817 75.6769 59.9999 56.4357 55.7944 49.866 47.9579 46.7904 44.4698
threshold=11.500000000000002 0.068485877763947225 0.50233644859813087 4.5000000000000009 8.5000000000000018 1.0025000000000051 -2.4999999999999996 0.97790083642899184 0.055935228837009847 0 104.66605159728027 1 2 3
decision_type=2 10 8 2 2 10 10 8 10 9 2 9 1 9
left_child=1 3 6 9 5 10 -2 -4 -5 -1 -3 -7 -10 -14
right_child=2 4 7 8 -6 11 -8 -9 12 -11 -12 -13 13 -15
leaf_value=-0.0018575120928226532 0.025088950154324746 0.032213370430500966 -0.039532764829826594 -0.06635031864916334 0.0031821816298840348 0.031014044913176886 -0.036318299678034516 -0.010597942976751429 0.041104678841519832 0.022113792872681986 -0.0077294256589975577 -0.00095280189602465766 -0.02057099877366278 0.0081030424761495533
leaf_weight=408.48593057692051 52.229033231735229 1642.2211908996105 195.0121601074934 41.920308634638786 554.23046316206455 153.75240072607994 970.33756598830223 2111.1823156327009 45.713092312216759 598.18940536677837 81.6750228703022 413.47786039113998 383.38104793429375 201.62933278083801
leaf_count=1723 244 6859 1065 202 2399 644 6082 10247 192 2527 340 1735 1704 883
internal_value=8.39197e-06 0.0141728 -0.0192433 0.00319866 0.0206463 0.0248677 -0.0331604 -0.0130608 -0.0108626 0.0125956 0.0303176 0.00828044 -0.00707547 -0.010904
internal_weight=7853.44 4524.68 3328.76 1679.32 2845.36 2291.13 1022.57 2306.19 672.644 1006.68 1723.9 567.23 630.723 585.01
internal_count=36846 19208 17638 7231 11977 9578 6326 11312 2981 4250 7199 2379 2779 2587
cat_boundaries=0 2 3 4 6
cat_threshold=3242742294 39 1108608080 1 2711405590 56
is_linear=0
shrinkage=0.05


Tree=23
num_leaves=15
num_cat=3
split_feature=6 8 6 26 0 24 21 24 19 28 21 28 27 25
split_gain=499.411 110.618 116.633 102.22 98.1895 90.1974 112.492 57.862 56.907 46.2399 44.99 41.8305 40.4071 42.5516
threshold=9.5000000000000018 -2.4999999999999996 21.500000000000004 3860.5000000000005 99.995000000000019 0.25600196533657982 0.93066145736437889 0.39775510958239374 97.500000000000014 0 0.97790083642899184 1 2 0.13656195954255876
decision_type=8 8 10 2 10 8 8 8 8 9 8 9 9 10
left_child=3 -2 7 4 5 6 -1 10 12 -8 -3 -10 -7 -14
right_child=1 2 -4 -5 -6 8 9 -9 11 -11 -12 -13 13 -15
leaf_value=-0.067938340645503595 0.027958161349824158 -0.040628033836631175 -0.035075682494458513 0.040049259146527766 -0.036008302396595214 -0.030592661242038185 0.042199727287641466 -0.027343478963189789 0.021383257335382252 -0.0031959560111189701 -0.0027466255107150227 -0.0035895394205559916 -0.01121085444599693 0.010180444089619963
leaf_weight=65.0711620002985 120.64006240665913 84.391606733202934 906.96532663702965 242.87205861508846 128.91529157757759 61.459789752960205 48.497602015733719 447.37293572723866 1467.9553896188736 971.17860794067383 957.05493615567684 192.87832342088223 264.17673067748547 1892.5409379005432
leaf_count=312 538 464 5761 1034 633 259 209 2435 6303 4337 4703 841 1168 8044
internal_value=-0.00023622 -0.0185934 -0.0209482 0.00842351 0.00690769 0.00802931 -0.00471287 -0.0123242 0.0115929 -0.000615491 -0.0058523 0.0185897 0.00634807 0.00752138
internal_weight=7851.97 2516.42 2395.78 5335.55 5092.67 4963.76 1084.75 1488.82 3879.01 1019.68 1041.45 1660.83 2218.18 2156.72
internal_count=37041 13901 13363 23140 22106 21473 4858 7602 16615 4546 5167 7144 9471 9212
cat_boundaries=0 1 2 3
cat_threshold=2360449 1880065 16466
is_linear=0
shrinkage=0.05


Tree=24
num_leaves=15
num_cat=2
split_feature=6 29 8 6 26 15 23 19 29 22 8 6 26 25
split_gain=467.475 103.804 93.4694 118.749 71.1881 65.2865 64.6269 57.5178 52.156 48.6864 56.3067 81.0319 43.4694 42.275
threshold=7.5000000000000009 0 -2.4999999999999996 21.500000000000004 1040.0000000000002 0.51857745443644199 11.152708333333335 42.500000000000007 1 -1.0899999999999996 17.500000000000004 -13.499999999999998 654.00000000000011 -0.14077681385634133
decision_type=8 9 8 10 2 10 10 8 9 10 10 10 2 10
left_child=1 4 -2 6 5 12 7 -4 -9 10 -3 -12 -1 -11
right_child=2 9 3 -5 -6 -7 -8 8 -10 13 11 -13 -14 -15
leaf_value=-0.014488726982506346 0.025436029562700097 0.02478610342095814 -0.023114138157689118 -0.033274252646842563 0.01595716505915112 0.0039907680551006615 -0.050785570632937371 -0.015120613213690147 0.0060056449176652191 -0.057196916599260607 0.016052797153479372 -0.011667629111799391 -0.057403373043110377 0.0031092528901345822
leaf_weight=516.40920075774193 127.13079756498337 1231.1718101799488 479.87684582173824 883.14415255188942 443.76493117213249 606.50573834776878 94.68934553861618 481.56280238926411 708.92478682100773 30.251012802124023 1371.5084303021431 325.53750285506248 65.865032806992531 413.62710718810558
leaf_count=2345 561 5254 2576 5733 1863 2616 566 2334 3354 145 5938 1480 319 1774
internal_value=0.000153301 0.0092799 -0.0163018 -0.0183143 -0.00110327 -0.00748917 -0.0108145 -0.00851956 -0.00262213 0.0142666 0.0166472 0.0107316 -0.0194332 -0.00112004
internal_weight=7779.97 5004.64 2775.33 2648.2 1632.54 1188.78 1765.05 1670.36 1190.49 3372.1 2928.22 1697.05 582.274 443.878
internal_count=36858 21734 15124 14563 7143 5280 8830 8264 5688 14591 12672 7418 2664 1919
cat_boundaries=0 2 4
cat_threshold=151634179 50 1619577938 16
is_linear=0
shrinkage=0.05


Tree=25
num_leaves=15
num_cat=6
split_feature=7 7 28 29 1 25 29 26 7 28 6 29 29 25
split_gain=700.461 144.191 127.21 108.784 90.3449 80.4976 76.2837 74.2622 70.8836 68.9334 63.4011 61.4027 60.7778 53.3848
threshold=8.5000000000000018 1.5000000000000002 0 1 0.64801773604590518 0.37509740308306422 2 1040.0000000000002 14.500000000000002 3 5.5000000000000009 4 5 0.75118390584644967
decision_type=2 2 9 9 8 8 9 2 2 9 8 9 9 10
left_child=1 7 3 -2 -5 -6 13 11 -4 -8 -11 -1 -10 -3
right_child=2 6 8 4 5 -7 9 -9 12 10 -12 -13 -14 -15
leaf_value=-0.029460989923471226 -0.03855935559056177 -0.010279964034919984 0.007728140890861445 -0.032621532949518646 -0.024397970850623722 0.010416946603145813 0.0040889207623004322 0.019070625215557427 -0.021160032755238173 0.033159123693067831 0.0063027259049817097 0.003062779944136269 -0.0013917038355065754 0.020802194295035679
leaf_weight=256.24649579823017 728.02011086046696 283.33244930207729 681.78603406250477 391.35449853539467 265.20631900429726 440.26173211634159 328.09037855267525 290.59018231928349 793.48028828203678 1680.7809915989637 253.40067142248154 319.81709232926369 768.64020790159702 267.78143413364887
leaf_count=1197 4210 1147 2929 2582 1294 2038 1325 1238 4205 7158 1040 1447 3975 1092
internal_value=0.000529109 0.0163338 -0.0137662 -0.023528 -0.013267 -0.00268702 0.0218252 -0.00149751 -0.00569034 0.0258466 0.0294933 -0.011888 -0.0115844 0.00474693
internal_weight=7748.79 3680.04 4068.75 1824.84 1096.82 705.468 2813.39 866.654 2243.91 2262.27 1934.18 576.064 1562.12 551.114
internal_count=36877 15644 21233 10124 5914 3332 11762 3882 11109 9523 8198 2644 8180 2239
cat_boundaries=0 1 3 5 6 8 10
cat_threshold=2720388 1101942092 10 21697026 2 3229216 1619823873 17 2726825234 43
is_linear=0
shrinkage=0.05


Tree=26
num_leaves=15
num_cat=4
split_feature=1 15 28 22 29 28 8 22 29 8 22 0 0 1
split_gain=425.242 104.767 73.5277 66.7217 63.3436 61.0124 48.2932 42.7395 41.0539 36.2469 35.1856 49.222 34.1343 33.0768
threshold=0.70856227106227121 0.75377036902352967 0 -6.7349999999999985 1 2 1.5000000000000002 68.960000000000022 3 -2.4999999999999996 4.4700000000000006 91.00500000000001 98.355000000000004 0.53504749426793319
decision_type=10 10 9 8 9 9 8 8 9 10 10 8 10 8
left_child=2 3 -1 -2 -5 -3 9 -6 -7 -4 11 -8 -10 -11
right_child=1 5 6 4 7 8 10 -9 12 13 -12 -13 -14 -15
leaf_value=-0.0065326360024846796 0.031639778363501729 -0.00019486727188611187 0.016557774538784025 -0.011041019739943064 -0.019327108935876108 0.0080218993227145798 0.024331358313142495 0.0099406439513998034 0.023264234772191517 -0.039577461860892206 -0.047110797349726542 -0.020447017963034456 -0.014591757581819249 -0.021312139447910775
leaf_weight=799.54366184771061 146.65746313333511 695.62123575806618 38.348710596561432 1163.6328812092543 143.79648712277412 921.59229511022568 110.51491262018681 901.4507831633091 1501.1931695193052 650.49401557445526 47.006978809833527 135.4823686927557 61.363514050841331 407.40856543183327
leaf_count=4315 637 3114 173 5252 653 3920 519 3998 6497 4439 291 691 266 2197
internal_value=-0.000286727 0.00709065 -0.0189383 -0.000901683 -0.0030756 0.0130097 -0.0258353 0.00584375 0.0166397 -0.030838 -0.00795565 -0.000313154 0.0216309 -0.0325701
internal_weight=7724.11 5535.31 2188.8 2355.54 2208.88 3179.77 1389.26 1045.25 2484.15 1096.25 293.004 245.997 1562.56 1057.9
internal_count=36962 24337 12625 10540 9903 13797 8310 4651 10683 6809 1501 1210 6763 6636
cat_boundaries=0 1 3 4 6
cat_threshold=1331202 1625851206 51 3229220 3777712131 47
is_linear=0
shrinkage=0.05


Tree=27
num_leaves=15
num_cat=1
split_feature=7 0 28 15 7 22 23 7 7 1 25 25 22 11
split_gain=576.983 151.173 116.8 96.5159 93.6675 63.3918 65.5877 60.7342 60.6321 62.1853 47.9033 51.8734 44.8053 44.7728
threshold=8.5000000000000018 99.985000000000014 0 1.1009289260946569 17.500000000000004 0.92166666666666675 48.487083333333338 -5.4999999999999991 40.500000000000007 0.32299679487179495 0.37509740308306422 0.49234117048123516 -6.2349999999999985 6.3659805170561024
decision_type=2 10 9 10 2 8 8 2 2 8 8 10 8 2
left_child=1 3 4 5 10 -1 -7 -8 9 -4 -2 -12 -13 -11
right_child=2 -3 8 -5 -6 6 7 -9 -10 13 11 12 -14 -15
leaf_value=0.039053158993041293 -0.02768207289889979 -0.032854792520284379 -0.027636248061394295 0.024379067552662004 -0.03598249142317652 -0.024042161906044062 -0.016631838713347464 0.012993980806934528 -0.025551910164937564 -0.0096509683435368667 0.021330605011896223 0.042397578355797896 -0.016282892386472809 0.0072738184054582395
leaf_weight=146.83148589730263 347.29437445104122 160.94448225200176 209.06907968223095 1862.2275110334158 759.48864234983921 174.08300685882568 203.09421952068806 1137.8457353562117 317.25421576201916 608.40538792312145 147.08929592370987 33.96766859292984 474.78413632512093 1088.1437439620495
leaf_count=630 1738 792 1302 7888 5104 760 934 4757 1799 2870 645 154 2347 5099
internal_value=0.000138499 0.0143978 -0.0130461 0.0165645 -0.0226156 0.00779839 0.00474551 0.0084979 -0.00532557 -0.00197451 -0.0126948 -0.00472833 -0.0122895 0.00120225
internal_weight=7670.52 3685.03 3985.5 3524.08 1762.62 1661.85 1515.02 1340.94 2222.87 1905.62 1003.14 655.841 508.752 1696.55
internal_count=36819 15761 21058 14969 9988 7081 6451 5691 11070 9271 4884 3146 2501 7969
cat_boundaries=0 1
cat_threshold=2719748
is_linear=0
shrinkage=0.05


Tree=28
num_leaves=15
num_cat=6
split_feature=7 7 1 21 7 28 29 33 29 7 3 29 28 3
split_gain=569.405 120.735 102.527 77.6598 65.9232 59.8345 71.1743 57.4751 54.1931 52.8922 55.0864 51.024 50.8406 47.3336
threshold=8.5000000000000018 1.5000000000000002 0.56691542288557228 0.97790083642899184 5.5000000000000009 0 1 2 3 19.500000000000004 0.44810456524454062 4 5 0.90696419337227974
decision_type=2 2 8 8 2 9 9 1 9 2 8 9 9 10
left_child=1 7 12 -4 11 8 -7 -1 -5 10 -8 -3 -2 -10
right_child=2 4 3 5 -6 6 9 -9 13 -11 -12 -13 -14 -15
leaf_value=0.035700182380352247 -0.038136059796364669 0.014389243980341269 -0.036104823766181286 0.020708386912315836 0.0097717762242902264 -0.027250805490184223 0.013402640878548028 -0.0061321201337296745 -0.0068985043179926129 -0.024055965458117841 -0.013522782809612006 0.032667455866819996 -0.015589147114512031 0.041118490927350426
leaf_weight=90.873096123337746 468.65380204468966 692.84845374524593 220.82476869225502 316.22118024528027 1044.5644894838333 487.64390634000301 458.70701487362385 771.82715092599392 730.39713932573795 251.13137888908386 322.75033144652843 1047.5132581889629 642.43300269544125 54.203475520014763
leaf_count=390 3488 2904 1236 1404 4282 2469 2112 3501 3280 1437 1433 4580 3957 235
internal_value=0.000408762 0.0146534 -0.0127359 -0.00769601 0.0197147 -0.0052897 -0.0116706 -0.00168945 0.0035982 -0.00410313 0.00227908 0.0256735 -0.0256082 -0.00348876
internal_weight=7600.59 3647.63 3952.97 2841.88 2784.93 2621.05 1520.23 862.7 1100.82 1032.59 781.457 1740.36 1111.09 784.601
internal_count=36708 15657 21051 13606 11766 12370 7451 3891 4919 4982 3545 7484 7445 3515
cat_boundaries=0 1 3 4 6 8 9
cat_threshold=286995 1634600268 10 1 6017868 17 3247149571 54 32772
is_linear=0
shrinkage=0.05


Tree=29
num_leaves=15
num_cat=6
split_feature=1 15 28 28 0 22 23 24 1 29 29 0 28 29
split_gain=337.493 107.119 90.974 78.5572 64.2857 58.7895 66.0702 58.6632 56.6516 45.6061 42.4184 31.9496 36.8736 31.2849
threshold=0.70856227106227121 0.2515909704413532 0 1 99.215000000000018 0.92166666666666675 0.86541666666666706 0.51209211938545829 0.43633907463694704 2 3 99.995000000000019 4 5
decision_type=8 10 9 9 10 10 10 10 10 9 9 10 9 9
left_child=2 5 -1 13 10 6 9 -7 -4 -2 -5 12 -11 -3
right_child=1 3 8 4 -6 7 -8 -9 -10 11 -12 -13 -14 -15
leaf_value=-0.032222443682523215 -0.0092305219773583108 -0.015342527395787307 -0.021142075959952968 0.0073995697462906533 -0.027166716687856307 -0.033176276740338656 0.05134989225857825 0.024646058664950565 0.0041053316548882264 0.015541946398804138 0.0211119515619697 -0.038472362610165893 -0.0046276311560161298 0.0044415963188379082
leaf_weight=773.7681907042861 922.16666147112846 280.96873918175697 446.23522850871086 883.55291321873665 85.586338222026825 252.57476849853992 60.518522918224335 52.274811014533043 441.00785426795483 590.12968631088734 1763.0960175842047 37.492724120616913 361.10834036767483 623.90267537534237
leaf_count=5277 4172 1295 2829 3810 384 1252 277 242 2272 2605 7700 187 1645 2814
internal_value=9.49935e-05 0.00568913 -0.0198122 0.0110118 0.0152089 -0.00281674 0.000347388 -0.0232129 -0.00850649 -0.00129389 0.0166464 0.00614149 0.00800298 -0.001812
internal_weight=7574.38 5913.37 1661.01 3637.11 2732.24 2276.27 1971.42 304.85 887.243 1910.9 2646.65 988.731 951.238 904.871
internal_count=36761 26383 10378 16003 11894 10380 8886 1494 5101 8609 11510 4437 4250 4109
cat_boundaries=0 1 2 4 6 7 9
cat_threshold=98309 3228708 1642611973 51 1617676291 14 2659362 1115685200 16
is_linear=0
shrinkage=0.05


Tree=30
num_leaves=15
num_cat=6
split_feature=7 0 7 28 29 28 29 23 24 29 7 22 24 28
split_gain=468.548 130.105 91.614 95.2919 74.3708 70.8364 69.1341 59.6897 116.576 54.9785 47.5877 46.5979 46.2349 75.2175
threshold=8.5000000000000018 99.805000000000021 17.500000000000004 0 1 2 3 11.800277777777779 0.45947331947331954 4 5.5000000000000009 0.92166666666666675 0.31262167153714665 5
decision_type=2 10 2 9 9 9 9 10 10 9 2 8 10 9
left_child=1 4 9 -4 11 -6 -5 10 -9 -2 -7 -1 13 -13
right_child=2 -3 3 6 5 7 -8 8 -10 -11 -12 12 -14 -15
leaf_value=0.036718671586812177 -0.017286135699825619 -0.028640048033670998 -0.033584037321905784 -0.021735849608180119 -0.0015938077408516268 0.032629125175701205 0.0016978237725794787 -0.070463646332115007 0.024935967844340611 0.0011715609369246803 0.015344465661367577 -0.038298268881415957 0.0086207710620429326 0.0085078895151615673
leaf_weight=104.92101660370827 558.34525628387928 178.08706356585026 741.64399839937687 664.89951567351818 318.34453174471855 1169.3727647513151 593.72255411744118 47.031773164868355 95.123851016163826 1386.3479930609465 608.07826070487499 149.80800887942314 784.76761680841446 180.98580846190453
leaf_count=446 2735 880 5225 3714 1324 5199 3179 217 402 6392 2521 692 3275 761
internal_value=-1.52249e-05 0.0129293 -0.0119479 -0.0194584 0.0150775 0.0204637 -0.0107627 0.0241099 -0.00689845 -0.00421685 0.0267279 0.00498418 0.0020139 -0.0136388
internal_weight=7581.48 3636.52 3944.96 2000.27 3458.43 2237.95 1258.62 1919.61 142.156 1944.69 1777.45 1220.48 1115.56 330.794
internal_count=36962 15717 21245 12118 14837 9663 6893 8339 619 9127 7720 5174 4728 1453
cat_boundaries=0 1 3 4 6 8 9
cat_threshold=2195461 1208717314 51 1130528 579603538 43 556697627 22 98304
is_linear=0
shrinkage=0.05


Tree=31
num_leaves=15
num_cat=5
split_feature=7 28 29 15 7 7 33 29 15 25 25 5 3 29
split_gain=462.82 83.119 89.1574 75.7653 61.103 79.4531 58.7252 56.7919 49.5329 60.4271 81.7284 49.3302 47.1776 46.8342
threshold=11.500000000000002 0 1 0.068485877763947225 6.5000000000000009 1.5000000000000002 2 3 4.7189822114027988 0.40880702450376205 0.48197775548870753 0.84486125319693117 0.73839635900751122 4
decision_type=2 9 9 8 2 2 1 9 8 10 10 10 10 9
left_child=3 7 -3 6 5 -5 -1 -2 9 -4 -11 -6 -9 -8
right_child=1 2 8 4 11 -7 13 12 -10 10 -12 -13 -14 -15
leaf_value=0.029254477752552289 -0.019855056791213344 -0.035699151111354355 -0.025619429885158168 0.0025453557778444104 0.0077235474552894328 0.024753505726617647 0.017274767829833785 -0.0027711326291908252 -0.023227788121443268 0.071891115928953295 0.0011810865290639671 -0.035336769730643834 0.031187106185719071 -0.013434420989264121
leaf_weight=123.97239361703396 460.48149459064007 716.17703387886286 162.13139001280069 542.30029103159904 1336.9438742846251 1566.748285472393 144.69863964617252 828.12883047759533 503.74759657680988 47.035859279334545 273.97793636471033 69.009815663099289 115.67317125201225 634.19122917950153
leaf_count=539 2407 4619 939 2406 5677 6863 643 4247 3098 222 1618 300 500 2818
internal_value=-5.01448e-05 -0.0148327 -0.022219 0.0103483 0.0136661 0.019047 -0.0025691 -0.00566686 -0.012151 -0.000828696 0.0117328 0.00558636 0.00140456 -0.00766533
internal_weight=7525.22 3107.35 1703.07 4417.86 3515 2109.05 902.862 1404.28 986.893 483.145 321.014 1405.95 943.802 778.89
internal_count=36896 17650 10496 19246 15246 9269 4000 7154 5877 2779 1840 5977 4747 3461
cat_boundaries=0 1 3 4 6 7
cat_threshold=1336579 1093557326 9 1 1652556050 8 1108355405
is_linear=0
shrinkage=0.05


Tree=32
num_leaves=15
num_cat=5
split_feature=7 0 28 7 28 24 29 26 25 29 26 28 7 20
split_gain=419.58 98.6381 96.1847 80.5599 64.2505 77.7471 74.7323 86.0108 109.762 61.5105 56.0978 53.1897 47.6706 47.5019
threshold=11.500000000000002 99.985000000000014 0 7.5000000000000009 1 0.052886891351675007 2 1021.5000000000001 0.79125271219316018 3 429.00000000000006 4 40.500000000000007 27.010000000000002
decision_type=2 10 9 2 9 8 9 2 10 9 2 9 2 10
left_child=1 3 9 4 5 -1 7 8 10 -2 -7 -5 -4 -8
right_child=2 -3 12 11 -6 6 13 -9 -10 -11 -12 -13 -14 -15
leaf_value=-0.055060927785148941 -0.037794445004203023 -0.02953424850195931 -0.0032969230289572127 0.015112657980843033 -0.0015603654522053257 -0.012992214699033 0.027626042954167637 0.024750107503937781 0.030244802773306486 -0.01481298033872931 -0.065791479065382477 -0.0053536058081263688 -0.024893778793383163 -0.012118196258808826
leaf_weight=33.667442157864571 547.30995092540979 154.10499019920826 1502.7842043191195 461.30923542380333 446.03455270826817 130.5963082164526 1643.2248176336288 282.70293471217155 97.983316972851753 717.08202020823956 81.495482578873634 958.16993595659733 306.9627610296011 78.245444774627686
leaf_count=176 3713 783 7673 1916 1893 562 7291 1176 414 4393 384 4136 1806 337
internal_value=-0.000325499 0.00963429 -0.0144742 0.0110735 0.016 0.0192599 0.0204476 0.00476695 -0.0133199 -0.025001 -0.0334937 0.00137228 -0.00693354 0.0256646
internal_weight=7441.67 4367.53 3074.14 4213.43 2793.95 2347.92 2314.25 592.778 310.075 1264.39 212.092 1419.48 1809.75 1721.47
internal_count=36653 19068 17585 18285 12233 10340 10164 2536 1360 8106 946 6052 9479 7628
cat_boundaries=0 1 2 4 6 7
cat_threshold=2195604 2928775 541753345 22 1106136158 8 1323411
is_linear=0
shrinkage=0.05


Tree=33
num_leaves=15
num_cat=5
split_feature=7 29 28 1 28 25 3 29 15 7 33 7 26 20
split_gain=356.554 82.9783 68.6631 66.7929 94.6074 65.1146 45.702 45.4953 41.5443 42.1291 40.2112 39.5555 38.9552 34.8494
threshold=14.500000000000002 0 1 0.77831196581196593 2 1.5033148069944799 0.88002481289273649 3 0.0030250631984889424 6.5000000000000009 4 8.5000000000000018 1128.5000000000002 -6.0650000000000004
decision_type=2 9 9 10 9 10 10 9 10 2 1 2 2 10
left_child=1 5 10 -3 11 8 7 -4 -1 13 -2 -5 -7 -10
right_child=2 3 6 4 -6 12 -8 -9 9 -11 -12 -13 -14 -15
leaf_value=-0.014653197201137108 -0.036440012899978017 -0.0027496375608406674 -0.020407308995869095 0.024956040499995742 -0.0055547976992661903 0.011305278972049219 0.034790803491302015 -0.002588805068375743 0.02194585683548381 -0.011467307762691633 -0.015291590498839712 0.0088357057272657261 0.058565625701043879 -0.0024854779129278664
leaf_weight=680.84023774415255 524.28734238445759 587.32710607349873 693.77372550964355 1447.0929176062346 419.37446777522564 358.91386656463146 54.901844948530197 752.83593194186687 295.35971619188786 379.5168124511838 397.00751059502363 518.2261039763689 48.781987994909286 287.2601780295372
leaf_count=3117 3828 2724 3880 6445 1791 1553 249 4013 1275 1693 2607 2230 216 1244
internal_value=-0.000605314 0.00699391 -0.0163556 0.012309 0.016069 -0.000767726 -0.00953056 -0.0113014 -0.00521129 0.0014784 -0.0270597 0.0206072 0.0170896 0.00991639
internal_weight=7445.5 5022.69 2422.81 2972.02 2384.69 2050.67 1501.51 1446.61 1642.98 962.137 921.295 1965.32 407.696 582.62
internal_count=36865 22288 14577 13190 10466 9098 8142 7893 7329 4212 6435 8675 1769 2519
cat_boundaries=0 2 3 4 6 7
cat_threshold=1500217623 26 2195460 1880340 596118546 43 4
is_linear=0
shrinkage=0.05


Tree=34
num_leaves=15
num_cat=7
split_feature=7 0 7 7 22 28 29 29 28 15 29 29 21 28
split_gain=363.509 85.233 84.6307 85.5682 70.115 67.7542 64.6756 58.7994 51.2359 50.5207 48.4354 44.3256 40.3417 39.1008
threshold=11.500000000000002 97.00500000000001 6.5000000000000009 -6.4999999999999991 0.92166666666666675 0 1 2 3 3.9897538000227102 4 5 1.0476582378078312 6
decision_type=2 10 2 2 10 9 9 9 9 8 9 9 8 9
left_child=1 2 3 -1 5 10 -7 13 -4 -8 -2 -10 -3 -5
right_child=4 12 8 7 -6 6 9 -9 11 -11 -12 -13 -14 -15
leaf_value=-0.010262419667384143 0.016248630583920551 0.019328351573055968 0.014966884379100293 -0.0090951868144530119 -0.033634183303905073 -0.030718321453519905 0.0039503836964967362 0.028748557509226794 -0.016799259039083237 -0.019673018257815065 -0.0073794233835717512 0.0039831184793813904 -0.017864028388809686 0.01615748243341265
leaf_weight=251.24974644184113 277.10909698903561 88.487689167261124 521.56443856656551 183.3286018371582 385.57259896397591 586.16989047825336 403.13998264819384 1070.704832971096 405.34524084627628 514.17315125465393 867.97073309123516 662.8561457246542 395.14484587311745 824.28967708349228
leaf_count=1179 1363 387 2172 767 2473 3845 2323 4854 1778 3202 4436 2828 1817 3583
internal_value=-0.000421956 0.00875369 0.0111975 0.0172651 -0.0137356 -0.0108272 -0.0177503 0.0205962 0.00230115 -0.00919787 -0.00156124 -0.00399392 -0.0110333 0.0115143
internal_weight=7437.11 4402.97 3919.34 2329.57 3034.14 2648.56 1503.48 2078.32 1589.77 917.313 1145.08 1068.2 483.633 1007.62
internal_count=37007 19365 17161 10383 17642 15169 9370 9204 6778 5525 5799 4606 2204 4350
cat_boundaries=0 1 3 5 6 8 10 11
cat_threshold=1337090 1093557326 40 2712326403 46 1323411 3239478348 21 1634636116 10 1654786
is_linear=0
shrinkage=0.05


Tree=35
num_leaves=15
num_cat=6
split_feature=7 0 7 7 28 29 29 28 29 26 29 22 22 24
split_gain=329.956 82.4615 95.6558 73.5186 71.7999 61.4112 53.8702 53.3069 42.0283 41.1744 40.0001 41.656 37.1625 42.0179
threshold=14.500000000000002 99.805000000000021 6.5000000000000009 -4.4999999999999991 0 1 2 3 4 1040.0000000000002 5 1.7483333333333335 -1.0899999999999996 0.49532773946254843
decision_type=2 10 2 2 9 9 9 9 9 2 9 8 10 10
left_child=1 2 3 9 10 -5 7 -4 -6 -1 -2 -12 -7 -14
right_child=4 -3 6 5 8 12 -8 -9 -10 -11 11 -13 13 -15
leaf_value=-0.017527187809540858 -0.03833508715975386 -0.026578396705391777 -0.019658239989429643 0.0073982452680173595 -0.016840723363390521 0.028062145293785725 0.0069469013887582505 0.0056541702993374958 -8.1372855198346336e-05 0.023063674946389365 0.061621976519875055 -0.018916889621048354 -0.010632959122100079 0.045195232482151758
leaf_weight=241.93700633943081 408.84481687098742 172.62009571492672 484.06281087547541 848.59172070026398 739.32440634071827 1211.0799847692251 1391.1498590782285 355.66831932961941 756.4253498762846 83.160154640674591 15.667003527283669 468.11469397693872 132.45426718890667 44.097034215927124
leaf_count=1163 3123 877 2287 3625 4173 5510 6046 1529 4034 358 96 3225 570 199
internal_value=-6.77098e-05 0.00727824 0.00850308 0.0150938 -0.0153347 0.0183228 0.000932728 -0.00900268 -0.00842771 -0.00710512 -0.0264954 -0.0158598 0.0247619 0.0034872
internal_weight=7353.2 4964.82 4792.2 2561.32 2388.38 2236.22 2230.88 839.731 1495.75 325.097 892.627 483.782 1387.63 176.551
internal_count=36815 22164 21287 11425 14651 9904 9862 3816 8207 1521 6444 3321 6279 769
cat_boundaries=0 1 3 5 6 8 10
cat_threshold=2195460 1611371015 39 1630455831 26 2129924 579620114 11 1120685134 8
is_linear=0
shrinkage=0.05


Tree=36
num_leaves=15
num_cat=3
split_feature=7 29 22 25 6 24 15 29 26 7 11 33 20 24
split_gain=291.862 72.7863 56.663 54.7345 52.4563 52.2245 48.8521 45.6977 39.6145 37.3633 41.5069 33.871 33.3559 40.0501
threshold=14.500000000000002 0 0.92166666666666675 0.13656195954255876 5.5000000000000009 0.5026091763732432 4.7678367612658663 1 4008.0000000000005 36.500000000000007 6.9539515701313581 2 -0.49499999999999739 0.22516390327686867
decision_type=2 9 10 10 8 10 8 9 2 2 2 1 10 8
left_child=1 3 6 5 8 11 7 9 12 10 -2 -1 13 -3
right_child=2 4 -4 -5 -6 -7 -8 -9 -10 -11 -12 -13 -14 -15
leaf_value=-0.035436487184128375 -0.022080963667526168 -0.0022042754657362025 -0.035042282682499426 0.0026268056856341192 -0.00013911586680675892 0.028474002153859396 -0.020193866982058155 0.0055225375339655394 0.044434844299439759 -0.036089724624579822 0.0099611744077651235 0.0046945266699103989 0.0011408342642282038 0.019211772465423077
leaf_weight=242.62015381455421 213.47876054793596 253.30473493039608 305.36006996780634 1427.9827580973506 806.67184863239527 48.743267804384232 963.61320939660072 544.7680080011487 105.54331442713737 151.15418145060539 190.30969367921352 66.77296744287014 457.87318795919418 1570.2829314023256
leaf_count=1196 1269 1120 2103 6299 3691 223 6160 3096 480 1010 1001 292 2033 6974
internal_value=-0.000522471 0.00634981 -0.014967 -0.00174993 0.0108504 -0.0192086 -0.0119804 -0.00477163 0.0146081 -0.0147037 -0.00699187 -0.0267882 0.0132095 0.0162374
internal_weight=7348.48 4979.8 2368.68 1786.12 3193.68 358.136 2063.32 1099.71 2387 554.943 403.788 309.393 2281.46 1823.59
internal_count=36947 22308 14639 8010 14298 1711 12536 6376 10607 3280 2270 1488 10127 8094
cat_boundaries=0 2 4 5
cat_threshold=1494141187 22 1122781466 41 4
is_linear=0
shrinkage=0.05


Tree=37
num_leaves=15
num_cat=0
split_feature=7 0 1 3 21 7 21 11 19 26 26 23 7 24
split_gain=275.727 94.7548 73.351 56.0479 56.4483 55.4115 51.6119 48.6417 43.4519 42.569 41.1664 40.5134 37.9158 50.5013
threshold=8.5000000000000018 97.00500000000001 0.32299679487179495 0.12702054996495826 0.83180342361166937 -6.4999999999999991 0.97790083642899184 6.5627474555153311 91.905000000000015 3085.5000000000005 4135.0000000000009 7.6779166666666674 21.500000000000004 0.33516459545592386
decision_type=2 10 8 10 8 2 8 2 8 2 2 10 2 10
left_child=1 3 -2 4 -1 -5 -4 12 9 11 -3 -7 13 -8
right_child=2 10 6 5 -6 8 7 -9 -10 -11 -12 -13 -14 -15
leaf_value=-0.066203588164486502 -0.028691120584221172 -0.015330882674405938 -0.02895717964988927 -0.013945562795630412 0.0016846982733123264 0.010631955916915806 0.0038088860135115582 0.0014032485279249355 0.024718398177186574 0.037648126804314716 0.036860498472184276 -0.030397075944853642 -0.024444331154779873 -0.016863430710744046
leaf_weight=32.263485953211784 431.67685015499592 429.55490724742413 242.61268948763609 145.33895370364189 384.72233147919178 1128.1031848341227 583.82903640717268 1499.9770799279213 1180.0170229822397 138.64412872493267 40.467408910393715 62.600533977150917 400.28219123929739 596.46623168885708
leaf_count=170 3364 1979 1556 680 1687 4906 2839 7745 5228 627 179 265 2640 2952
internal_value=0.000114719 0.0101211 -0.00932385 0.01332 -0.00371385 0.015996 -0.00680018 -0.00504635 0.0177351 0.0115223 -0.0107687 0.00845118 -0.0111641 -0.00664337
internal_weight=7296.56 3541.71 3754.84 3071.69 416.986 2654.7 3323.17 3080.55 2509.36 1329.35 470.022 1190.7 1580.58 1180.3
internal_count=36817 15721 21096 13563 1857 11706 17732 16176 11026 5798 2158 5171 8431 5791
is_linear=0
shrinkage=0.05


Tree=38
num_leaves=15
num_cat=6
split_feature=7 0 28 29 15 15 29 8 7 11 28 26 28 29
split_gain=238.642 81.4038 69.659 71.9693 67.4729 56.3515 53.6462 51.5186 43.8274 41.8201 38.1732 36.4835 59.5559 56.5197
threshold=8.5000000000000018 99.985000000000014 0 1 2.3912058619882077 5.9702358940022213 2 1.0000000180025095e-35 40.500000000000007 6.3659805170561024 3 1021.5000000000001 4 5
decision_type=2 10 9 9 10 8 9 10 2 2 9 2 9 9
left_child=1 4 3 -2 6 -5 11 -8 9 -4 -9 12 13 -1
right_child=2 -3 8 5 -6 -7 7 10 -10 -11 -12 -13 -14 -15
leaf_value=-0.03838132552611756 -0.028842926452856972 -0.026261648145089578 -0.0096938783246988958 0.0044372952009964651 0.019472639891100638 -0.020065904983796987 -0.0055046005560514194 -0.0037699732950746637 -0.020531210308466236 0.0060203842615469214 0.025900368321313396 0.0097748645165217762 0.012223339817636278 -0.0020874083547190009
leaf_weight=212.79694600403309 670.22864855825901 150.66102580726147 663.61754859238863 489.66213697195053 1422.1091015338898 449.00478032231331 259.66556575894356 137.03944677114487 291.37995789945126 1165.4786209613085 573.91532020270824 350.27300195395947 197.40253657102585 220.92343439161777
leaf_count=980 4577 795 3395 2728 6317 2804 1137 578 1794 5782 2579 1499 848 966
internal_value=0.000257541 0.00958443 -0.0085579 -0.0163598 0.0111923 -0.00721573 0.00515297 0.0134029 -0.00254424 0.000316884 0.0204949 -0.00311642 -0.0103245 -0.0204033
internal_weight=7254.16 3524.79 3729.37 1608.9 3374.13 938.667 1952.02 970.62 2120.48 1829.1 710.955 981.396 631.123 433.72
internal_count=36779 15699 21080 10109 14904 5532 8587 4294 10971 9177 3157 4293 2794 1946
cat_boundaries=0 1 3 5 6 7 9
cat_threshold=2719908 1139690828 8 3368846341 51 3229056 2998289 558080 18
is_linear=0
shrinkage=0.05


Tree=39
num_leaves=15
num_cat=6
split_feature=1 28 26 15 0 29 29 28 31 29 1 26 29 8
split_gain=174.343 74.243 59.5674 64.2086 43.2018 39.1539 36.329 34.5989 44.1603 34.6122 33.9427 28.3399 27.3386 29.615
threshold=0.70856227106227121 0 4008.0000000000005 0.78908756731075702 99.305000000000021 1 2 3 2.5000000000000004 4 0.51530771633864425 4487.5000000000009 5 -2.4999999999999996
decision_type=8 9 2 10 10 9 9 9 10 9 10 2 9 10
left_child=1 12 3 5 7 -2 10 8 -5 -10 -3 -4 -1 -14
right_child=2 6 11 4 -6 -7 -8 -9 9 -11 -12 -13 13 -15
leaf_value=-0.0014350969449351064 -0.0091974210614595604 -0.031061120244423063 0.042312236187632808 0.05460053260084307 -0.029184892225445624 0.0037258226745681827 0.0032884117506827102 0.0014737602966213201 0.0016338555148370756 0.016100918381149517 0.0022516993064969773 0.0044825941811618758 0.025664792664121108 -0.034138174795584952
leaf_weight=99.399892866611481 1280.9488990604877 199.36277864873409 144.23091696202755 59.762273132801056 76.929910376667976 1066.4643128588796 522.08492092788219 1123.9033913835883 637.93977935612202 1229.0757652595639 123.45027942955494 75.505331560969353 20.796520680189133 564.08937697857618
leaf_count=718 6111 1419 673 269 370 4997 3082 5161 2846 5559 636 344 105 4517
internal_value=-9.9392e-05 -0.0150834 0.00392613 0.00289888 0.00758883 -0.00335041 -0.00489575 0.00852542 0.012563 0.0112561 -0.0178042 0.0293925 -0.0271689 -0.0314351
internal_weight=7223.94 1529.18 5694.76 5475.02 3127.61 2347.41 844.898 3050.68 1926.78 1867.02 322.813 219.736 684.286 584.886
internal_count=36807 10477 26330 25313 14205 11108 5137 13835 8674 8405 2055 1017 5340 4622
cat_boundaries=0 1 3 5 6 8 10
cat_threshold=99333 15551751 51 545570846 43 827795 1628399619 14 2692849664 7
is_linear=0
shrinkage=0.05


Tree=40
num_leaves=15
num_cat=5
split_feature=1 28 26 29 28 29 1 21 29 24 23 24 24 20
split_gain=152.731 67.7243 59.8337 47.1636 50.0911 43.0436 39.4759 36.9855 33.7172 28.8809 87.92 36.6583 41.6149 31.6043
threshold=0.76500600240096051 0 4008.0000000000005 1 2 3 0.22684391080617497 0.96366140350522478 4 0.32807931593169709 7.031458333333334 0.38140834632193393 0.37632620935573213 1.2325000000000019
decision_type=10 9 2 9 9 9 8 8 9 10 10 10 10 10
left_child=1 5 3 -2 9 -1 -3 -8 -4 10 -5 12 -11 -13
right_child=2 6 8 4 -6 -7 7 -9 -10 11 -12 13 -14 -15
leaf_value=-0.033534646721428543 -0.0020565251465750564 -0.025837247548549519 -0.023797078908022153 0.026483737049390665 -0.0035381224345510894 -0.011649781794888308 -0.034605346317725126 0.0031772296147854259 0.037176188902966527 0.00053791797197271602 -0.061866387345275733 0.01656329169532466 -0.052917142097171722 -0.0058612625589084394
leaf_weight=395.80609588325024 2081.8708688989282 161.95495520532131 21.360929057002068 520.63577400147915 706.37822283059359 594.87193757295609 68.431818045675755 964.19378077238798 180.9763385206461 321.16314645111561 28.833090767264366 930.6353969052434 40.061821058392525 188.46784983575344
leaf_count=2961 9516 1159 94 2325 3348 3986 436 5214 846 1461 148 4261 181 844
internal_value=-5.99533e-05 -0.0110905 0.00474266 0.0036206 0.00791791 -0.0206657 -0.00294163 0.000642331 0.0313118 0.0119022 0.0217436 0.00831744 -0.00552026 0.0127849
internal_weight=7205.64 2185.26 5020.38 4818.05 2736.18 990.678 1194.58 1032.63 202.337 2029.8 549.469 1480.33 361.225 1119.1
internal_count=36780 13756 23024 22084 12568 6947 6809 5650 940 9220 2473 6747 1642 5105
cat_boundaries=0 1 3 4 6 8
cat_threshold=623749 695047427 42 832515 1094600778 40 1073745920 32
is_linear=0
shrinkage=0.05


Tree=41
num_leaves=15
num_cat=5
split_feature=7 0 7 28 29 22 28 29 29 15 25 25 23 24
split_gain=198.639 53.9325 51.2271 54.08 69.2567 51.1198 54.8622 48.2967 45.4422 40.285 40.1638 58.7159 38.7418 75.7036
threshold=11.500000000000002 99.985000000000014 7.5000000000000009 0 1 0.92166666666666675 2 3 4 3.9399628780666629 0.40880702450376205 0.48197775548870753 19.41416666666667 0.43963368881801018
decision_type=2 10 2 9 9 10 9 9 9 8 10 10 10 10
left_child=1 2 3 4 -1 6 7 -2 -8 10 -10 -12 -6 -14
right_child=5 -3 -4 -5 12 -7 8 -9 9 -11 11 -13 13 -15
leaf_value=0.0043986975287377671 0.02027072250562801 -0.023496226488682409 -0.00036793996018491234 -0.0046227679955565051 0.024797863391812034 -0.028496936350825616 -0.025981184631452617 -0.0051104917129234919 -0.021338589782941841 -0.016984456086518784 0.064756282803971277 0.00410477083251922 -0.071655382870520104 0.023122084286879143
leaf_weight=987.32445471733809 225.1774155497551 145.86335477232933 1413.9462017267942 442.91202810406685 1179.7541146874428 352.68940804898739 545.29725869745016 897.03426966816187 107.15604318678379 490.80220293998718 47.197507172822952 232.83116552978754 30.68491031229496 61.959310725331306
leaf_count=4351 1092 784 6086 1899 5567 2447 3865 4679 635 3202 221 1421 150 275
internal_value=-0.000583405 0.00628299 0.00734361 0.0113767 0.0144698 -0.0106807 -0.00820196 0.000129707 -0.0146646 -0.00740166 0.00456746 0.0145213 0.0221798 -0.00869935
internal_weight=7160.63 4262.44 4116.58 2702.63 2259.72 2898.19 2545.5 1122.21 1423.28 877.987 387.185 280.029 1272.4 92.6442
internal_count=36674 19112 18328 12242 10343 17562 15115 5771 9344 5479 2277 1642 5992 425
cat_boundaries=0 1 3 4 6 8
cat_threshold=2928775 1634373639 23 1336578 2152907340 23 1097747534 40
is_linear=0
shrinkage=0.05


Tree=42
num_leaves=15
num_cat=4
split_feature=7 28 29 7 7 3 20 25 19 29 20 29 25 21
split_gain=208.376 54.8318 52.6029 59.0563 42.6978 39.6771 34.3123 35.2864 54.4938 51.472 36.24 31.6497 34.8016 31.3493
threshold=14.500000000000002 0 1 5.5000000000000009 -1.0000000180025095e-35 0.89559187898454629 32.00500000000001 0.51083459282234778 86.492500000000021 2 4.9975000000000032 3 0.54094956411458528 0.95678549302372906
decision_type=2 9 9 2 2 10 10 10 10 9 8 9 10 8
left_child=2 -2 6 4 13 -3 7 9 11 -1 -10 12 -9 -4
right_child=1 5 3 -5 -6 -7 -8 8 10 -11 -12 -13 -14 -15
leaf_value=0.0062270021466646897 -0.023010313425214146 -0.0083221928004153442 -0.059522769221402455 0.0031844739979744775 0.021280782997350315 0.037579300767090679 -0.046769647096778208 0.060382882632403802 0.0037407592489423821 -0.021270200962910393 -0.028437779249925445 0.0039208813546008064 0.017775897562888054 0.0042170112324850925
leaf_weight=301.94562644511461 821.49193179607391 1406.9665186554193 19.822769932448864 1705.3367024511099 1140.7144601047039 47.730992898344994 39.710368365049362 60.103854835033417 198.56050799787045 373.23317524790764 155.14591805636883 389.67262010276318 229.96884640306234 261.17980861663818
leaf_count=1375 6430 7983 121 7578 5412 217 183 257 860 1757 695 1735 1016 1199
internal_value=-0.000265792 -0.0127534 0.00556577 0.0094315 0.0169835 -0.00674497 -0.00139578 -0.000322668 0.00548345 -0.00920467 -0.0104141 0.0137589 0.0258918 -0.000474512
internal_weight=7151.58 2276.19 4875.39 3127.05 1421.72 1454.7 1748.34 1708.63 1033.45 675.179 353.706 679.745 290.073 281.003
internal_count=36818 14630 22188 14310 6732 8200 7878 7695 4563 3132 1555 3008 1273 1320
cat_boundaries=0 1 3 5 7
cat_threshold=2195460 1496039682 54 1075986690 32 557312 16
is_linear=0
shrinkage=0.05


Tree=43
num_leaves=15
num_cat=7
split_feature=7 15 28 27 29 15 23 24 33 29 20 29 7 29
split_gain=194.169 53.8586 49.9558 48.0668 47.8012 43.8334 41.6201 100.308 41.0925 44.823 38.2179 45.5804 38.6919 36.4261
threshold=11.500000000000002 0.0030250631984889424 0 1 2 4.8207141442931567 8.6372222222222259 0.46767342298319453 3 4 -9.5249999999999986 5 5.5000000000000009 6
decision_type=2 8 9 9 9 8 10 10 1 9 8 9 2 9
left_child=1 8 4 -3 -2 -6 10 -8 -1 -10 -5 -12 -13 -4
right_child=2 3 13 6 5 -7 7 -9 9 -11 11 12 -14 -15
leaf_value=0.023033253755990846 -0.030405147453181444 -0.032965977857992844 -0.011795097385915146 0.023279557969754831 0.0040658061362365307 -0.021730607965068757 -0.063742015973313679 0.015917393069670615 -0.019421797962739778 0.0063702544204779213 -0.00063173047656690242 0.020482783411810125 0.0058661038660626514 0.0026284886085545822
leaf_weight=112.9796574562788 466.07818662375212 55.363460823893547 862.45486644655466 577.39913646876812 318.92714983969927 338.88695277273655 62.113784193992615 104.92338797450066 416.43326006829739 274.41815292090178 837.84939333796501 956.81630851328373 860.71978737413883 874.94867471605539
leaf_count=514 3749 229 4863 2546 1952 2386 302 477 1928 1245 3711 4553 3697 4595
internal_value=9.19757e-05 0.00685903 -0.00997961 0.00957055 -0.0181434 -0.00909847 0.0103392 -0.0139075 -0.00479357 -0.009371 0.011628 0.00908657 0.0134937 -0.00456061
internal_weight=7120.31 4259.02 2861.3 3455.19 1123.89 657.814 3399.82 167.037 803.831 690.851 3232.78 2655.39 1817.54 1737.4
internal_count=36747 19202 17545 15515 8087 4338 15286 779 3687 3173 14507 11961 8250 9458
cat_boundaries=0 1 2 4 5 7 9 11
cat_threshold=2719892 16402 1135496284 12 1 15570450 30 1091046659 54 596118802 43
is_linear=0
shrinkage=0.05


Tree=44
num_leaves=15
num_cat=4
split_feature=7 0 21 29 28 29 1 25 28 24 21 1 0 15
split_gain=158.408 60.8328 56.9431 47.106 46.8042 55.6509 47.8752 59.4229 45.3768 38.9194 37.5074 35.1386 33.8646 30.4396
threshold=8.5000000000000018 98.00500000000001 0.97790083642899184 0 1 2 0.70856227106227121 0.40880702450376205 3 0.063968517358347868 1.0476582378078312 0.19462481962481967 70.455000000000013 0.0030250631984889424
decision_type=2 10 8 9 9 9 8 8 9 8 8 8 10 8
left_child=1 3 -2 13 11 -6 -7 -8 -5 -10 -3 -4 -9 -1
right_child=2 10 4 8 5 6 7 12 9 -11 -12 -13 -14 -15
leaf_value=-0.010216097464902938 -0.029231372017110808 0.022985212159878209 -0.026477811007063274 -0.0018036710717033375 -0.02516994892843076 -0.018865358294601446 -0.013716068480416786 0.024614778082037915 -0.048142145055868391 0.020925420444062384 -0.019460191893336032 0.0012707357310285086 -0.03591268569708686 0.0071069184808059613
leaf_weight=323.4571969807148 273.16125129163265 62.360877871513367 120.681471824646 306.2563299536705 527.0998285934329 357.56217494606972 241.52155740559101 274.33743646740913 19.80581296235323 1303.5107492953539 292.98108641058207 1827.5292951390147 24.350491628050804 1160.8059087023139
leaf_count=1456 2006 281 897 1289 3640 2862 1195 1272 106 6122 1417 9184 112 5062
internal_value=-3.921e-05 0.00760802 -0.00731517 0.00984506 -0.0055322 -0.0123742 -0.0046479 0.00469416 0.0156796 0.0197073 -0.0119676 -0.000458492 0.0195769 0.00330522
internal_weight=7115.42 3469.18 3646.24 3113.84 3373.08 1424.87 897.772 540.209 1629.57 1323.32 355.342 1948.21 298.688 1484.26
internal_count=36901 15733 21168 14035 19162 9081 5441 2579 7517 6228 1698 10081 1384 6518
cat_boundaries=0 2 3 5 6
cat_threshold=1095489558 51 1340690 1101942108 10 3229024
is_linear=0
shrinkage=0.05


Tree=45
num_leaves=15
num_cat=3
split_feature=7 20 0 7 29 25 9 3 29 7 20 26 24 29
split_gain=152.184 63.0152 58.7387 54.4627 55.8417 44.221 39.6621 36.6544 39.712 36.6123 35.2628 34.8196 32.3438 53.5604
threshold=7.5000000000000009 -0.72500000000000131 99.995000000000019 20.500000000000004 0 0.37509740308306422 1.0000000180025095e-35 0.053032726199750253 1 -5.4999999999999991 27.010000000000002 1040.0000000000002 0.33384957849101904 2
decision_type=2 10 10 2 9 8 2 10 9 2 10 2 8 9
left_child=2 3 7 5 -5 6 -2 8 -1 11 -11 -9 -7 -14
right_child=1 -3 -4 4 -6 12 -8 9 -10 10 -12 -13 13 -15
leaf_value=-0.022608439160300135 -0.0277055215299725 -0.022287069424808185 -0.022508927731246312 0.017644470485061452 -0.01580605954738826 0.011315008861511752 -0.001204446345187804 -0.020825474888694306 0.012603266750169581 0.01591200228385644 -0.014743210110620967 0.023969111790718714 0.011839168780884049 -0.011425869842004662
leaf_weight=155.18174144625664 227.92859446257353 528.20983958989382 140.88123428821564 132.55542567372322 1132.793024212122 868.99089668691158 368.61315430700779 144.81771547347307 145.60712856054306 2063.5899842977524 97.521375730633736 60.812085211277008 410.27205564826727 589.12312392890453
leaf_count=719 1356 3333 773 764 7755 4018 1716 717 664 9480 429 262 1890 2930
internal_value=-0.000182022 -0.0061401 0.00885138 -0.00384832 -0.0122762 0.000481268 -0.0113595 0.0105154 -0.00590926 0.0126045 0.0145225 -0.00752623 0.00426586 -0.00186868
internal_weight=7066.9 4258.49 2808.41 3730.28 1265.35 2464.93 596.542 2667.53 300.789 2366.74 2161.11 205.63 1868.39 999.395
internal_count=36806 23762 13044 20429 8519 11910 3072 12271 1383 10888 9909 979 8838 4820
cat_boundaries=0 2 4 6
cat_threshold=538025988 20 1099728206 16 2194903628 35
is_linear=0
shrinkage=0.05


Tree=46
num_leaves=15
num_cat=4
split_feature=7 23 24 0 7 20 28 29 29 28 15 22 8 19
split_gain=154.667 53.1865 102.19 54.7773 59.4687 49.3999 47.9087 45.4894 43.1169 39.1534 32.0566 29.9461 28.4237 28.1286
threshold=17.500000000000004 19.280208333333334 0.52277684186160223 98.355000000000004 7.5000000000000009 -3.6999999999999988 0 1 2 3 10.059026415918419 0.92166666666666675 -2.4999999999999996 55.810000000000009
decision_type=2 10 10 10 2 10 9 9 9 9 10 8 10 8
left_child=1 3 -3 4 8 10 -2 -8 11 -10 -6 -1 -7 -11
right_child=6 2 -4 -5 5 12 7 -9 9 13 -12 -13 -14 -15
leaf_value=0.033543213892829993 -0.025016449711075386 -0.038381003134137025 0.029698075632922656 -0.014937454528368747 0.0060522437388181895 0.045775024423623793 -0.016741974790266661 0.0027851376586922861 -0.003939846585995342 -0.0032500452729589731 -0.01460268015927915 0.0011900646365237959 -0.019525449519348155 0.023526371758607958
leaf_weight=76.835482850670815 566.53721097111702 182.81597094982862 77.873478583991528 318.15497786551714 1800.2415233701468 16.597493663430214 601.80332378298044 580.99048261344433 184.23979189991951 107.41688287258148 208.7659647166729 883.04827982187271 337.06447875499725 1100.732039347291
leaf_count=357 5032 980 373 1555 8243 74 3708 3282 789 505 957 3925 1711 5307
internal_value=-0.000288826 0.00397073 -0.0180086 0.0051125 0.00646831 0.000864365 -0.0131739 -0.00721294 0.0120943 0.0176702 0.00389969 0.00377278 -0.0163404 0.0209715
internal_weight=7043.12 5293.79 260.689 5033.1 4714.94 2362.67 1749.33 1182.79 2352.27 1392.39 2009.01 959.884 353.662 1208.15
internal_count=36798 24776 1353 23423 21868 10985 12022 6990 10883 6601 9200 4282 1785 5812
cat_boundaries=0 1 3 5 6
cat_threshold=2129925 3800833106 11 1074515985 51 81984
is_linear=0
shrinkage=0.05


Tree=47
num_leaves=15
num_cat=2
split_feature=7 0 23 24 20 29 7 11 25 24 25 25 29 19
split_gain=126.565 47.7775 49.6089 84.6029 48.3965 42.2665 48.5662 48.021 42.0848 40.5838 41.7687 48.2027 38.8082 35.3363
threshold=14.500000000000002 99.895000000000024 19.280208333333334 0.4610382929455577 32.00500000000001 0 5.5000000000000009 6.4340246862154196 1.1134367932252438 0.65189241520102781 0.53557650409713975 0.59473070805053985 1 88.215000000000018
decision_type=2 10 10 8 10 9 2 2 10 10 10 10 9 10
left_child=1 2 4 -4 5 7 13 9 -2 10 -1 -12 -10 -7
right_child=8 -3 3 -5 -6 6 -8 -9 12 -11 11 -13 -14 -15
leaf_value=-0.023214840588926533 -0.017066094182826959 -0.022567509845137279 -0.051179872570814668 0.0089012008951689005 -0.030374919710308541 0.024193375843183939 0.0054135830251213135 0.010656081876144937 -0.012939363728254173 0.036654958915680456 0.046190330899217001 -0.0056499513613185214 0.0052646136354933572 0.0052060052141346298
leaf_weight=336.63013711571693 1056.0440046712756 155.76802126318216 100.99681667983532 137.11878095567226 85.371702499687672 851.95605978369713 1599.8952067270875 682.59292952716351 537.72877680510283 49.019884631037712 49.071314200758934 428.28991958498955 619.71334659308195 344.72220230102539
leaf_count=1548 7671 851 545 640 404 4126 7123 3038 3466 212 213 1916 3543 1607
internal_value=4.23541e-05 0.00458635 0.00549755 -0.0166897 0.00669429 0.00742993 0.011078 0.000749845 -0.00985301 -0.00708001 -0.00975555 -0.000235505 -0.00326278 0.0187327
internal_weight=7034.92 4821.43 4665.66 238.116 4427.55 4342.18 2796.57 1545.6 2213.49 863.011 813.991 477.361 1157.44 1196.68
internal_count=36903 22223 21372 1185 20187 19783 12856 6927 14680 3889 3677 2129 7009 5733
cat_boundaries=0 2 4
cat_threshold=7050513 23 600579394 40
is_linear=0
shrinkage=0.05


Tree=48
num_leaves=15
num_cat=3
split_feature=7 28 26 0 23 24 2 15 33 7 28 0 22 7
split_gain=113.195 51.3341 44.0672 45.3479 43.4851 83.281 41.642 39.6213 35.9089 35.6043 38.8233 30.6958 30.5012 31.018
threshold=11.500000000000002 0 3860.5000000000005 98.355000000000004 19.41416666666667 0.49532773946254843 104.66605159728027 0.0030250631984889424 1 5.5000000000000009 2 56.010000000000012 0.92166666666666675 40.500000000000007
decision_type=2 9 2 10 10 10 2 8 1 2 9 8 10 2
left_child=2 12 3 4 6 -6 7 -1 -3 -9 11 -11 13 -2
right_child=1 8 -4 -5 5 -7 -8 9 -10 10 -12 -13 -14 -15
leaf_value=-0.004897628754776855 0.0029119629855178094 -0.024478075779741232 0.026752333426643061 -0.014996106000036549 -0.047174178314272591 0.023187578036352831 -0.017426434737031607 0.015502604717756566 -0.0061865412949870706 0.039724449945012272 -0.0023445613757025509 0.0091313252403097157 -0.021008350769463752 -0.016672370154529985
leaf_weight=529.66333730518818 1274.9300505816936 624.14156060665846 217.3174187541008 299.63317809253931 104.41420599073172 69.172307409346104 173.34525063633919 1438.3086539655924 471.60466543585062 101.027223944664 857.16970141232014 422.91399197280407 198.10469055920839 239.24799983948469
leaf_count=2388 6694 5023 1029 1476 539 319 748 6798 3214 431 3745 1800 1215 1523
internal_value=-0.000305934 -0.00808071 0.00487681 0.00368063 0.00519839 -0.0191636 0.00640405 0.00764233 -0.0164681 0.00999902 0.00426044 0.0148126 -0.00259557 -0.000191425
internal_weight=7020.99 2808.03 4212.97 3995.65 3696.01 173.587 3522.43 3349.08 1095.75 2819.42 1381.11 523.941 1712.28 1514.18
internal_count=36942 17669 19273 18244 16768 858 15910 15162 8237 12774 5976 2231 9432 8217
cat_boundaries=0 1 2 3
cat_threshold=1340675 4 1323411
is_linear=0
shrinkage=0.05


Tree=49
num_leaves=15
num_cat=6
split_feature=7 26 7 0 26 28 29 29 9 28 33 8 29 26
split_gain=106.677 43.7089 50.1869 40.5326 35.2311 34.5523 52.714 35.0112 31.736 36.0004 30.7278 34.247 30.2995 26.4275
threshold=10.500000000000002 382.50000000000006 40.500000000000007 99.985000000000014 2683.0000000000005 0 1 2 1.0000000180025095e-35 3 4 1.5000000000000002 5 133.50000000000003
decision_type=2 2 2 10 2 9 9 9 2 9 1 8 9 2
left_child=3 2 8 5 -3 7 10 13 -2 -10 11 -7 -4 -1
right_child=1 4 12 -5 -6 6 -8 -9 9 -11 -12 -13 -14 -15
leaf_value=-0.029834267301889351 -0.0082505804775031243 -0.02413540081954365 -0.033081983972661592 -0.021098197800424639 0.00715811771032896 -0.021812930305147086 0.014115413470058479 0.0060380054765804443 -0.0087622306663781603 0.0091831735988110782 0.016502797807428811 0.0013590994557525654 -0.0035045418687789176 0.0070750688296285424
leaf_weight=175.35691487789154 958.51964021474123 524.97226134687662 208.7083720266819 138.14317667484283 108.01743145287037 196.20919163525105 1750.0195519551635 309.43805888295174 393.30742689222097 903.64368093013763 247.77227891981602 832.35787159204483 161.99032831937075 66.434883713722229
leaf_count=758 6253 3481 1745 780 675 921 8243 1311 2207 4241 1121 3679 1119 279
internal_value=-0.000407131 -0.00700847 -0.0041621 0.00538339 -0.0187924 0.00641155 0.0084922 -0.00506833 -0.00135605 0.00374182 0.000727349 -0.00307808 -0.0211855 -0.0189261
internal_weight=6974.89 3259.16 2626.17 3715.73 632.99 3577.59 3026.36 551.23 2255.47 1296.95 1276.34 1028.57 370.699 241.792
internal_count=36813 19721 15565 17092 4156 16312 13964 2348 12701 6448 5721 4600 2864 1037
cat_boundaries=0 1 3 5 6 7 9
cat_threshold=1132112 1634669063 26 1082246424 32 3739700 4 1116521560 42
is_linear=0
shrinkage=0.05


Tree=50
num_leaves=15
num_cat=2
split_feature=1 5 26 8 21 22 24 0 26 29 1 2 2 29
split_gain=81.5885 52.4317 47.4904 39.2989 37.2297 49.604 74.5437 40.9635 34.4978 31.3569 37.403 31.0054 29.9512 26.824
threshold=0.32299679487179495 0.94256236933797932 4008.0000000000005 -2.4999999999999996 0.97790083642899184 -1.0899999999999996 0.51209211938545829 98.355000000000004 4289.5000000000009 0 0.76500600240096051 72.361792008245374 -15.523070693174754 1
decision_type=8 10 2 8 8 10 10 10 2 9 8 2 2 9
left_child=-1 2 3 -2 5 -5 -7 9 -4 -6 12 -12 -11 -10
right_child=1 -3 8 4 7 6 -8 -9 13 10 11 -13 -14 -15
leaf_value=-0.022112331559948361 0.035247614063238578 -0.029192569443825724 0.042219404009311748 0.017661067074080938 -0.0018242075816947334 -0.032777836873169569 0.023909140863594202 -0.016968481321757736 -0.037977468132732103 0.067404073946337781 0.011004865889918419 -0.0052956349477622511 -0.005107971239949282 0.015836880344716441
leaf_weight=380.1207917034626 84.092881917953491 133.66652934253216 125.09577987343073 104.22221319377422 2021.3072510957718 286.95111312717199 71.842835493385792 265.92972277849913 19.678492590785027 13.521814703941343 2268.1237969920039 334.15795097500086 741.92008780688047 84.54985187202692
leaf_count=3391 387 766 651 546 9881 1758 387 1329 107 79 10709 1537 4756 445
internal_value=0.000377402 0.00168473 0.00233191 0.00150243 0.00103214 -0.0125825 -0.0213923 0.00215088 0.0246253 0.00309909 0.00604993 0.00891049 -0.00372267 0.00330824
internal_weight=6935.18 6555.06 6421.39 6192.07 6107.98 463.016 358.794 5644.96 229.324 5379.03 3357.72 2602.28 755.442 104.228
internal_count=36729 33338 32572 31369 30982 2691 2145 28291 1203 26962 17081 12246 4835 552
cat_boundaries=0 2 4
cat_threshold=1768762387 3 1610637312 32
is_linear=0
shrinkage=0.05


Tree=51
num_leaves=15
num_cat=5
split_feature=7 21 15 29 0 22 27 8 29 21 26 28 28 15
split_gain=97.1458 50.6964 49.7465 46.1409 38.5507 35.5144 34.5579 36.204 47.9373 35.8402 34.6638 33.1107 32.9857 29.4905
threshold=8.5000000000000018 0.97790083642899184 5.8420630746501532 0 99.895000000000024 3.7916666666666674 1 1.5000000000000002 2 0.83180342361166937 4008.0000000000005 3 4 0.75377036902352967
decision_type=2 8 8 9 10 8 9 10 9 8 2 9 9 8
left_child=4 -2 3 -3 6 -4 -1 9 10 -8 13 -10 -7 -9
right_child=1 2 5 -5 -6 12 7 8 11 -11 -12 -13 -14 -15
leaf_value=-0.042897880979891757 -0.02768317571242622 -0.0079884381958062103 0.019744764779447276 0.0076232361737129566 -0.018891426031631034 -0.020928896941750281 -0.049674947271571068 -0.0093347280300893273 -0.0036654050202452773 0.00055079243122303225 0.036646745241958843 0.021487407378853473 -0.004606704207239647 0.007222505712847424
leaf_weight=23.920655205845833 251.81187716126442 831.19123855978251 83.437465094029903 1069.7860423624516 150.69572123885155 704.56185372173786 36.244687080383301 399.77289237082005 154.67020961642265 766.07370485365391 74.721170902252197 963.16988588869572 581.78927621990442 816.63688892871141
leaf_count=100 1989 4707 496 5774 851 4564 210 1763 650 3424 377 4669 3442 3641
internal_value=-0.00029726 -0.00610938 -0.00444049 0.000794591 0.00574948 -0.0117009 0.00690274 0.00739745 0.0104833 -0.00177717 0.00379318 0.0180053 -0.0137544 0.00177778
internal_weight=6908.48 3522.58 3270.77 1900.98 3385.91 1369.79 3235.21 3211.29 2408.97 802.318 1291.13 1117.84 1286.35 1216.41
internal_count=36657 20972 18983 10481 15685 8502 14834 14734 11100 3634 5781 5319 8006 5404
cat_boundaries=0 2 3 5 6 7
cat_threshold=1642876185 34 18 139174934 63 3228800 1613952
is_linear=0
shrinkage=0.05


Tree=52
num_leaves=15
num_cat=2
split_feature=7 22 21 24 29 29 24 24 12 25 26 20 5 25
split_gain=100.163 43.5359 60.9482 76.4422 44.2511 42.9667 37.5611 53.1254 34.9233 34.8599 36.4874 34.3241 32.1266 31.7774
threshold=20.500000000000004 -1.0899999999999996 0.98555787395039829 0.51209211938545829 0 1 0.65189241520102781 0.61660736151625761 1.0000000180025095e-35 0.13656195954255876 2683.0000000000005 12.792499999999999 0.78584333333333345 -1.0000000180025095e-35
decision_type=2 8 8 10 9 9 10 10 2 10 2 10 8 10
left_child=1 12 3 -3 6 -2 7 9 -7 10 13 -6 -1 -4
right_child=5 2 4 -5 11 8 -8 -9 -10 -11 -12 -13 -14 -15
leaf_value=0.02933534059232086 -0.019888667263120337 -0.031942219543613995 0.0056533548394522371 0.026525146590119245 0.0075787606975970707 -0.017814857051239658 0.03737500143652156 -0.067761180928502279 0.0069058186984404862 -0.00074409349353242048 0.042976751868635324 -0.011831311997904118 -0.013389821193872085 -0.041904444550995526
leaf_weight=242.86689880490303 758.84550601243973 251.72174023091793 46.630700916051865 70.958046838641167 3337.0966824516654 222.9924344420433 50.591189779341221 33.055757835507393 393.52486057579517 1039.9920789003372 18.001599818468094 243.56187904626131 53.065770328044891 138.69718381017447
leaf_count=1219 5760 1430 221 374 16068 1728 226 156 2491 4829 77 1205 263 748
internal_value=2.49467e-05 0.00303031 0.0019726 -0.0190429 0.00335798 -0.0120441 -0.00442616 -0.00614563 -0.00201728 -0.00445434 -0.023335 0.00623811 0.0216547 -0.0299722
internal_weight=6901.6 5526.24 5230.31 322.68 4907.63 1375.36 1326.97 1276.38 616.517 1243.32 203.329 3580.66 295.933 185.328
internal_count=36795 26816 25334 1804 23530 9979 6257 6031 4219 5875 1046 17273 1482 969
cat_boundaries=0 2 4
cat_threshold=1747489027 18 1133268056 43
is_linear=0
shrinkage=0.05


Tree=53
num_leaves=15
num_cat=2
split_feature=7 28 23 24 5 16 7 16 31 20 28 24 19 1
split_gain=87.2186 46.3501 38.4145 68.3143 32.8697 32.2243 30.8211 30.551 29.0554 27.3156 26.6294 31.2893 28.9779 25.1431
threshold=20.500000000000004 0 19.280208333333334 0.45947331947331954 0.94256236933797932 -1.0000000180025095e-35 5.5000000000000009 1.0000000180025095e-35 2.5000000000000004 -40.754999999999988 1 0.35379574123812324 68.977500000000006 0.16760299625468167
decision_type=2 9 10 10 10 8 2 8 8 8 9 8 10 8
left_child=2 -2 4 -4 5 -1 -5 -7 -9 -10 11 12 -11 -3
right_child=1 13 3 6 -6 7 -8 8 9 10 -12 -13 -14 -15
leaf_value=0.014125436228446496 -0.024728661144553396 -0.030289902946251043 -0.050992038969604636 0.027066917809967235 -0.022755650820515838 -0.012146546638931026 -0.01567664722388383 0.029676602302817403 0.020341216187101548 -0.022573898461114451 0.0030568991581334227 -0.049168049785443237 0.025856515036311575 -0.0022572961157455956
leaf_weight=703.54238341003656 433.90926064550877 87.484408460557461 90.084566704928875 72.763192176818848 114.75297264009714 323.9237442612648 97.501566812396049 104.53480076044798 216.32187816500664 77.419330768287182 3639.180692255497 52.337118349969387 49.97095250338316 835.55778703838587
leaf_count=3301 4245 730 578 331 588 1548 557 488 1013 370 17680 244 227 4971
internal_value=-0.0001095 -0.0114662 0.00267257 -0.0160407 0.00359781 0.00418736 0.00264134 0.00261816 0.0037761 0.00309795 0.00211614 -0.0161213 -0.00352284 -0.00489115
internal_weight=6899.28 1356.95 5542.33 260.349 5281.98 5167.23 170.265 4463.69 4139.76 4035.23 3818.91 179.727 127.39 923.042
internal_count=36871 9946 26925 1466 25459 24871 888 21570 20022 19534 18521 841 597 5701
cat_boundaries=0 1 2
cat_threshold=2195463 2294976
is_linear=0
shrinkage=0.05


Tree=54
num_leaves=15
num_cat=5
split_feature=7 28 29 25 29 28 23 19 26 3 6 29 7 0
split_gain=89.497 40.8162 40.5334 44.2131 35.3664 31.9577 38.0995 48.4977 30.8691 30.4163 29.6919 39.968 28.586 26.2594
threshold=14.500000000000002 0 1 1.4522406614189525 2 3 21.051666666666669 98.250000000000014 382.50000000000006 0.88002481289273649 5.5000000000000009 4 21.500000000000004 97.00500000000001
decision_type=2 9 9 10 9 9 10 10 2 10 10 9 2 10
left_child=2 4 3 -1 -2 6 10 -8 9 -3 13 -12 -6 -4
right_child=1 8 5 -5 12 -7 7 -9 -10 -11 11 -13 -14 -15
leaf_value=-0.007494008389528556 -0.031892884619413968 -0.0031393466356930948 0.015675974649995685 0.014505199227904237 0.0025436586026281243 -0.0031029410859188368 -0.034249055271862609 0.022635243641084889 -0.027918607577835194 0.03694729184855973 0.021362811489603999 -0.0079879309300991321 -0.02257882187474344 -0.003906296700218837
leaf_weight=1247.6854153051972 293.1459444090724 1227.5648059099913 1654.4095643311739 278.55175327509642 240.01474599540234 692.39070674777031 105.71676281094551 56.893794044852257 121.05608434230089 48.217573300004005 151.22099835425615 396.0244879052043 213.05566863715649 190.54979527741671
leaf_count=5834 2872 7147 7828 1255 1563 3063 565 277 812 221 713 1892 2054 904
internal_value=-0.000546426 -0.00903252 0.00326453 -0.0034495 -0.0183833 0.00641121 0.00899192 -0.0143298 -0.00386839 -0.00159654 0.0106201 0.000390725 -0.00909359 0.0136525
internal_weight=6916.5 2143.05 4773.44 1526.24 746.216 3247.21 2554.82 162.611 1396.84 1275.78 2392.2 547.245 453.07 1844.96
internal_count=37000 14669 22331 7089 6489 15242 12179 842 8180 7368 11337 2605 3617 8732
cat_boundaries=0 1 3 5 6 8
cat_threshold=2195461 688638214 18 1123818574 8 3453061 3263169536 36
is_linear=0
shrinkage=0.05


Tree=55
num_leaves=15
num_cat=0
split_feature=7 5 15 7 0 20 23 2 15 3 20 7 24 23
split_gain=80.7268 54.584 44.9077 43.535 53.4216 32.9023 32.442 28.7715 24.1488 23.4331 23.6223 22.8819 22.1597 44.1616
threshold=6.5000000000000009 0.71695210449927449 0.044595381267067698 2.5000000000000004 98.00500000000001 -76.632499999999979 3.7552083333333335 -0.0017448529702202007 8.1151399277106488 0.053032726199750253 -9.5249999999999986 17.500000000000004 0.42506950177555008 6.4987500000000011
decision_type=2 10 10 2 8 8 10 2 10 10 10 2 10 10
left_child=3 2 6 4 5 -1 7 -2 11 -5 12 -4 13 -11
right_child=1 -3 8 9 -6 -7 -8 -9 -10 10 -12 -13 -14 -15
leaf_value=-0.023735895231255882 0.022143731892413421 -0.024565070028842645 0.0075378123443818031 -0.013505624900569425 -0.010002570432637893 0.016573321391288857 -0.033240236358774121 -0.0092207799148047095 -0.0092621062831767156 0.015666175207419617 0.0062076884698648201 -0.0034066023003579611 0.030856569930166791 -0.081535021187983933
leaf_weight=56.402151301503181 76.662490852177143 310.9019213616848 1302.4820459038019 80.129218071699142 641.35090796649456 434.04573754966259 132.87378438562155 1265.0893105790019 448.71668923646212 495.71465410292149 548.01855997741222 753.00394356250763 285.42248004674911 10.986782923340796
leaf_count=281 441 1951 5921 365 3143 1986 1079 8003 2217 2454 2555 4833 1454 47
internal_value=-0.000233496 -0.00442232 -0.00284261 0.0068064 -0.000509798 0.0118988 -0.00976168 -0.00741358 0.00123403 0.0126329 0.0142046 0.00352874 0.0197224 0.0134021
internal_weight=6841.8 4289.73 3978.83 2552.07 1131.8 490.448 1474.63 1341.75 2504.2 1420.27 1340.14 2055.49 792.124 506.701
internal_count=36730 24445 22494 12285 5410 2267 9523 8444 12971 6875 6510 10754 3955 2501
is_linear=0
shrinkage=0.05


Tree=56
num_leaves=15
num_cat=6
split_feature=7 7 26 29 28 29 21 28 29 15 21 3 28 3
split_gain=82.3881 56.7024 49.4805 59.3121 67.1322 51.733 42.227 41.1145 54.9099 43.6564 40.4665 35.1758 32.4963 30.27
threshold=7.5000000000000009 2.5000000000000004 1040.0000000000002 0 1 2 0.97790083642899184 3 4 8.1151399277106488 0.96900087096965193 0.93682318931149666 5 0.00020262421507355675
decision_type=2 2 2 9 9 9 8 9 9 8 8 10 9 10
left_child=1 2 3 4 -1 10 -2 8 -8 -10 -4 -9 -5 -3
right_child=6 13 5 12 -6 -7 7 11 9 -11 -12 -13 -14 -15
leaf_value=0.00078401508626001746 -0.022323837902733814 -0.023206154481965943 0.061928553331437888 0.018971423103558985 -0.038897575123938509 0.025181205116800998 -0.022436356888623405 0.00028422651004415985 0.0049141087732493885 -0.015254267295751359 -0.026238230993374259 0.031069484746200273 -0.012744146472975818 0.01427151993533899
leaf_weight=199.41069437563419 300.83499326556921 54.959399521350861 13.925341501832007 203.84423898905516 230.36705183237791 255.99148741364479 502.38753119111061 2056.2887182831764 711.63510539382696 429.39097098261118 102.49138352274895 96.175268590450287 121.15012665092945 1538.8850117921829
leaf_count=923 2280 252 71 999 1193 1194 3285 10699 4036 2942 464 411 557 7429
internal_value=0.000155747 0.00689857 -0.00168397 -0.00903959 -0.0209258 0.0132082 -0.00432341 -0.00289131 -0.00881393 -0.00265908 -0.0140572 0.00166581 0.00711845 0.0129655
internal_weight=6817.74 2721.02 1127.18 754.772 429.778 372.408 4096.71 3795.88 1643.41 1141.03 116.417 2152.46 324.994 1593.84
internal_count=36735 13082 5401 3672 2116 1729 23653 21373 10263 6978 535 11110 1556 7681
cat_boundaries=0 2 3 5 6 8 9
cat_threshold=2190333696 58 3167364 1090857026 18 2719908 1098800396 2 2724864
is_linear=0
shrinkage=0.05


Tree=57
num_leaves=15
num_cat=5
split_feature=7 29 27 33 28 29 7 20 26 30 7 7 25 24
split_gain=63.3112 39.2707 38.058 39.0767 44.749 42.0297 40.585 34.6501 31.5319 39.92 30.9935 32.0015 29.6431 28.5523
threshold=14.500000000000002 0 1 2 3 4 5.5000000000000009 -1.2750000000000055 1.0000000180025095e-35 3.5000000000000004 5.5000000000000009 -5.4999999999999991 0.39390532234655373 0.61660736151625761
decision_type=2 9 9 1 9 9 2 8 2 2 2 2 10 10
left_child=2 -2 -1 5 8 -4 -6 12 10 13 11 -5 -7 -10
right_child=1 -3 3 4 6 7 -8 -9 9 -11 -12 -13 -14 -15
leaf_value=-0.024490408464909689 -0.013913429638382583 -0.00019504884915889342 0.0082174656085541968 -0.040581872310116875 0.028763548559792518 -0.011103978844668537 0.0090622429723998046 -0.0084283737284358458 -0.018247868394424421 0.046824524220269073 -0.0089261185828202645 0.041586461935948366 0.013168976824385233 -0.081241253952948511
leaf_weight=104.9353071898222 962.32547715306282 1135.5522520169616 1292.8700821176171 12.941476389765738 410.62218479812145 175.98503048717976 720.4196445941925 1213.9824488908052 152.77493953704834 20.294986739754677 101.87379440665245 84.385610863566399 434.54084081947803 19.586068764328957
leaf_count=452 7167 7409 6144 59 2179 883 3192 5788 680 84 428 410 1962 92
internal_value=0.000672435 -0.00655871 0.00387006 0.00455949 0.0111312 0.00136115 0.0160917 -0.00352487 -0.00351123 -0.0179771 0.0103239 0.030359 0.00616554 -0.0258334
internal_weight=6843.09 2097.88 4745.21 4640.28 1522.9 3117.38 1131.04 1824.51 391.857 192.656 199.201 97.3271 610.526 172.361
internal_count=36929 14576 22353 21901 7124 14777 5371 8633 1753 856 897 469 2845 772
cat_boundaries=0 2 3 4 5 7
cat_threshold=1139558491 8 25650 4 3752992 2186702676 33
is_linear=0
shrinkage=0.05


Tree=58
num_leaves=15
num_cat=8
split_feature=7 28 29 0 28 3 29 29 28 29 21 29 19 8
split_gain=71.241 41.2204 53.5194 37.9663 36.7737 39.6425 52.7359 41.0244 30.2962 29.016 28.2601 30.4677 26.9967 32.0157
threshold=7.5000000000000009 0 1 97.905000000000015 2 0.13802248585485521 3 4 5 6 1.0306983177973763 7 19.215000000000003 47.500000000000007
decision_type=2 9 9 10 9 10 9 9 9 9 8 9 8 10
left_child=3 2 -2 4 5 7 8 -1 -7 -6 -5 -12 -4 -14
right_child=1 -3 12 10 9 6 -8 -9 -10 -11 11 -13 13 -15
leaf_value=-0.023932718516489097 -0.021256272850262069 0.00022582569325701755 -0.028417039394371298 0.022203919916320956 -0.020067490271556011 -0.0018332636719720621 0.022911020954486775 0.012937246762179845 0.026998010853167071 0.0045750064303008292 0.0046620617259533681 -0.027025861585964674 0.0021966151153985113 -0.025783928162521133
leaf_weight=134.12558195739985 648.6354355700314 2308.7623041197658 96.527698822319508 61.034497916698456 157.39661647379398 489.87549353390932 901.81348966807127 147.71599569916725 100.83868350088596 402.80749644339085 126.15312446653843 181.80810286104679 922.9485732242465 113.95359528809786
leaf_count=643 4604 12115 937 289 706 2282 4592 716 465 1852 611 932 5407 615
internal_value=-4.24855e-05 -0.00420433 -0.00988655 0.00625411 0.00860973 0.0120954 0.0154096 -0.00502013 0.003492 -0.00260174 -0.00863248 -0.014796 -0.00323816 -0.000900274
internal_weight=6794.4 4090.83 1782.07 2703.57 2334.57 1774.37 1492.53 281.842 590.714 560.204 368.996 307.961 1133.43 1036.9
internal_count=36766 23678 11563 13088 11256 8698 7339 1359 2747 2558 1832 1543 6959 6022
cat_boundaries=0 1 3 4 6 8 9 11 13
cat_threshold=2720388 1094599005 28 2920583 2691324417 15 1100775499 16 2654210 115730 48 1615615492 1
is_linear=0
shrinkage=0.05


Tree=59
num_leaves=15
num_cat=4
split_feature=7 8 8 28 26 29 25 8 29 1 24 26 29 26
split_gain=55.9119 41.2327 56.1771 59.6551 35.6263 34.2877 31.3618 30.9515 30.2558 29.3864 30.5734 28.2007 27.3462 25.1331
threshold=40.500000000000007 -2.4999999999999996 1.5000000000000002 0 4008.0000000000005 1 0.17589792608086577 6.5000000000000009 2 0.57523584905660385 0.47683355925546822 4487.5000000000009 3 36.500000000000007
decision_type=2 8 8 9 2 9 10 8 9 10 10 2 9 2
left_child=1 -1 3 12 5 -4 -5 -7 13 -10 -11 -6 -3 -8
right_child=-2 2 4 6 11 7 8 -9 9 10 -12 -13 -14 -15
leaf_value=0.030563457545529551 -0.018590337936442963 0.040495798748964557 -0.0017681608782605903 -0.029062565141641756 0.037869492202204938 0.025547798417372727 -0.027798789495882509 0.005183737615882901 -0.027316586217775714 -0.002657019470938824 -0.037522263967175111 -0.0048909530485599824 0.0038842410831984187 0.014566125216785596
leaf_weight=116.30853617936373 377.24298822134733 49.080553814768791 2186.3028718605638 231.25248922035098 128.19874359667301 205.23085067421198 41.55084303021431 1971.9440741240978 258.31313886493444 503.37482949346304 70.885701313614845 54.661218143999577 389.06816948950291 197.40073852986097
leaf_count=544 3141 324 10534 1641 673 1017 229 9586 2261 2568 365 263 2482 1184
internal_value=8.96686e-05 0.00119286 0.000644761 -0.00699043 0.00356939 0.00266029 -0.0123033 0.00708169 -0.00877735 -0.0131832 -0.00701847 0.0251303 0.00887673 0.0068296
internal_weight=6780.82 6403.57 6287.26 1740.93 4546.34 4363.48 1302.78 2177.17 1071.53 832.574 574.261 182.86 438.149 238.952
internal_count=36812 33671 33127 11054 22073 21137 8248 10603 6607 5194 2933 936 2806 1413
cat_boundaries=0 1 3 5 7
cat_threshold=3412644 952732945 62 3814236165 36 80 34
is_linear=0
shrinkage=0.05


Tree=60
num_leaves=15
num_cat=5
split_feature=7 9 25 29 29 24 26 1 28 1 29 33 11 20
split_gain=60.3955 39.5949 49.7369 45.9882 42.8597 42.7095 39.5256 45.9661 35.9975 34.0368 33.6388 31.9995 31.7591 25.0451
threshold=37.500000000000007 1.0000000180025095e-35 0.1681618237286866 0 1 0.40689483766155049 738.00000000000011 1.4005988023952096 2 1.0817999330879895 3 4 7.131038810700006 -12.059999999999997
decision_type=2 2 8 9 9 10 2 10 9 8 9 1 2 10
left_child=1 2 8 6 12 -5 7 -4 -1 -8 -2 -7 -3 -6
right_child=10 4 3 5 13 11 9 -9 -10 -11 -12 -13 -14 -15
leaf_value=-0.028273504588465299 -0.028816943615385379 -0.0058441784292235961 0.0091987825119585389 -0.00048544230087472628 0.011972328335744784 -0.029657964570798636 0.0076395271784075102 -0.037340722607190499 0.011989037419681612 0.047200442038766027 -0.00087339920176497372 0.0043328379732471695 0.0088688930320739087 -2.6214230895431142e-05
leaf_weight=284.78431607782841 257.08245110139251 1243.7774127423763 300.17906343564391 989.60039292275906 1700.2696854695678 260.99543112888932 106.74189914762974 63.401467002928257 65.833392307162285 110.79316250234842 192.27880953624845 93.79623806476593 519.01424660533667 584.27700273692608
leaf_count=1959 2266 6020 1844 5691 8312 1643 649 300 410 519 1402 606 2438 2820
internal_value=0.000143284 0.00140303 -0.00387182 -0.000713689 0.00436971 -0.00578459 0.0109193 0.00100303 -0.0211642 0.0279122 -0.0175478 -0.0206849 -0.00150116 0.00886622
internal_weight=6772.82 6323.46 2276.13 1925.51 4047.34 1344.39 581.116 363.581 350.618 217.535 449.361 354.792 1762.79 2284.55
internal_count=36879 33211 13621 11252 19590 7940 3312 2144 2369 1168 3668 2249 8458 11132
cat_boundaries=0 2 4 5 7 8
cat_threshold=2718803461 53 554208529 63 2795009 3264005200 43 4
is_linear=0
shrinkage=0.05


Tree=61
num_leaves=15
num_cat=5
split_feature=7 7 5 26 29 29 28 1 25 21 3 28 29 21
split_gain=58.2408 48.8205 43.6582 34.8419 57.5102 52.0504 47.432 34.3186 34.1097 33.2648 32.7595 31.971 30.1881 29.866
threshold=5.5000000000000009 2.5000000000000004 0.7335007110930517 1040.0000000000002 0 1 2 0.38043935253310918 1.0209594850335837 0.96900087096965193 1.0801074961321968 3 4 0.97363959984355175
decision_type=2 2 10 2 9 9 9 10 8 8 10 9 9 8
left_child=1 3 7 4 6 9 -1 8 -2 -5 12 -9 -3 -6
right_child=2 10 -4 5 13 -7 -8 11 -10 -11 -12 -13 -14 -15
leaf_value=-0.037225433167928638 -0.027503926198045765 0.0015746309601218551 -0.021688686499998382 0.044090581584714184 -0.04711852276833417 0.025723893665860493 -0.0012520068246451316 0.0046010116674673673 -0.0038802086904057408 -0.022992655568095585 0.038805784150331389 -0.004940627149903982 0.018367452183793442 0.010417586237430609
leaf_weight=199.62915072590113 242.32697323337197 514.63398008048534 306.4549766369164 20.809137940406799 23.128954872488976 223.04951065778732 174.86416018009186 1738.3573876917362 411.78522837162018 121.66048032045364 112.89272677898407 1751.3693762198091 569.33137472718954 347.9145976677537
leaf_count=1055 2266 2467 1950 112 161 1045 801 8332 2942 560 586 9931 2931 1642
internal_value=-0.000166858 0.00627698 -0.00350928 -0.00127115 -0.00746854 0.0113553 -0.0209432 -0.00215992 -0.0126606 -0.0121113 0.0132792 -0.000188613 0.0105873 0.00653833
internal_weight=6758.21 2307.91 4450.29 1111.06 745.537 365.519 374.493 4143.84 654.112 142.47 1196.86 3489.73 1083.97 371.044
internal_count=36781 11360 25421 5376 3659 1717 1856 23471 5208 672 5984 18263 5398 1803
cat_boundaries=0 2 4 5 6 8
cat_threshold=3767318272 49 1096099922 22 368834 1339666 2162742813 38
is_linear=0
shrinkage=0.05


Tree=62
num_leaves=15
num_cat=5
split_feature=7 29 1 27 1 29 2 7 29 26 15 29 15 8
split_gain=56.5822 34.8341 35.4311 30.5728 30.2607 30.9392 29.9151 29.8543 27.6267 27.6858 26.9342 24.2424 23.2805 21.943
threshold=14.500000000000002 0 0.46720430107526884 1 2.223260643821392 2 -6.8360182835388015 5.5000000000000009 3 4008.0000000000005 4.1249837148420179 4 6.7835829619332975 27.500000000000004
decision_type=2 9 10 9 8 9 2 2 9 2 8 9 8 8
left_child=3 2 -2 -1 7 13 -3 8 9 -5 -8 -9 -13 -6
right_child=1 6 -4 4 5 -7 10 11 -10 -11 -12 12 -14 -15
leaf_value=-0.026614651347202395 -0.027522591998301399 0.043516311985083489 -0.0068638837163740533 0.003001902058230135 -0.045688161531840701 -0.0081494719952426315 0.0051448340953806166 0.0095392200947758098 0.019094830201233388 0.041528739569853687 -0.010365482796422533 0.0038197068318014307 -0.0096073383211139323 0.015042368189514509
leaf_weight=73.682373598217964 318.54180762544274 35.741232264786959 594.9767904728651 796.71815782785416 14.841896794736384 837.03206016123295 579.63648953288794 691.63298571109772 645.60038667917252 48.546603485941887 539.49134464561939 747.60442373901606 566.66528888046741 252.34002346545458
leaf_count=316 3144 221 3790 3840 87 3980 3510 3126 3313 278 3945 3370 2677 1217
internal_value=0.000165894 -0.00671777 -0.0139373 0.00321248 0.00374552 -0.00345993 -0.000871738 0.00603191 0.0113884 0.00519965 -0.00233471 0.00204707 -0.00195757 0.0110972
internal_weight=6743.05 2068.39 913.519 4674.66 4600.98 1104.21 1154.87 3496.77 1490.87 845.265 1119.13 2005.9 1314.27 267.182
internal_count=36814 14610 6934 22204 21888 5284 7676 16604 7431 4118 7455 9173 6047 1304
cat_boundaries=0 2 3 5 7 9
cat_threshold=44978002 12 16402 2202026076 8 2743698699 15 43073346 48
is_linear=0
shrinkage=0.05


Tree=63
num_leaves=15
num_cat=6
split_feature=7 8 8 28 28 26 29 29 29 8 12 22 25 29
split_gain=49.0355 43.6188 51.1872 50.3365 38.9867 33.3424 31.9309 31.1836 27.575 25.0862 24.9905 37.0239 28.481 24.8231
threshold=37.500000000000007 -2.4999999999999996 1.5000000000000002 0 1 4008.0000000000005 2 3 4 6.5000000000000009 1.5000000000000002 1.8133333333333337 0.37509740308306422 5
decision_type=2 8 8 9 9 2 9 9 9 8 2 8 8 9
left_child=1 -1 3 13 -4 6 -6 -5 -2 -8 12 -12 -9 -3
right_child=8 2 4 7 5 -7 9 10 -10 -11 11 -13 -14 -15
leaf_value=0.031217793531549545 -0.027065197286440936 0.029569917417901194 -0.018380440434626982 -0.025164787189389387 -0.0028301907546471206 0.025242599657613031 0.021339218528435344 -0.029987629105985843 -0.0017171896975434005 0.0048953508581850678 0.10133936067211623 0.002334745124284849 -0.006134212548405224 0.001107088150206729
leaf_weight=115.98819265514612 241.72270311042666 86.8530208542943 189.88004716485739 334.4851727373898 1410.9115829505026 179.18945724517107 255.31801347061992 168.88396487385035 201.70023621991277 2454.3218409121037 8.8350187316536886 238.46547058597207 478.03571689873934 370.96110713109374
leaf_count=544 2232 552 956 2279 6818 934 1271 1213 1448 11874 49 1487 2885 2312
internal_value=-0.000161326 0.000972244 0.00039927 -0.00702501 0.00318913 0.00417874 0.00326698 -0.0122378 -0.0162126 0.00642837 -0.00715534 0.00626566 -0.012398 0.00707396
internal_weight=6735.55 6292.13 6176.14 1686.52 4489.62 4299.74 4120.55 1228.71 443.423 2709.64 894.22 247.3 646.92 457.814
internal_count=36854 33174 32630 10777 21853 20897 19963 7913 3680 13145 5634 1536 4098 2864
cat_boundaries=0 1 2 4 6 8 10
cat_threshold=3936422 2162880 139372819 6 20338778 24 3280749648 43 33554512 42
is_linear=0
shrinkage=0.05


Tree=64
num_leaves=15
num_cat=4
split_feature=7 4 0 28 19 15 29 32 4 29 25 25 29 8
split_gain=44.5716 37.836 37.6259 36.2163 40.3922 35.8478 33.8554 33.519 63.0712 34.5549 30.9975 33.1998 30.2965 28.8293
threshold=10.500000000000002 -16.178851779397146 91.990000000000023 0 92.600000000000009 4.9304912957086318 1 0.90000000000000013 -32.430314940592091 2 0.34044619460443309 0.070338523036006059 3 39.500000000000007
decision_type=2 8 10 9 8 8 9 2 10 9 10 10 9 10
left_child=2 -2 3 -1 7 6 -3 8 -5 10 11 -9 -4 -12
right_child=1 5 12 4 -6 -7 -8 9 -10 -11 13 -13 -14 -15
leaf_value=-0.0054627809419792077 -0.022548689714369893 -0.0050265618189686339 0.0051816536086152229 -0.027750745345414992 0.01710400701135974 -0.0090250905393617943 0.0095809171602144003 0.021133508497425783 0.023859726264051306 0.012362017923047667 0.014897930965644604 -0.050479137001011337 -0.014961540002170249 -0.029595395697472084
leaf_weight=533.39558243751526 265.91631139442325 792.62645855173469 323.12346341460943 192.09841546416283 918.20572831481695 1291.9833697788417 774.14369896426797 20.853224240243435 84.477757275104523 844.36255715787411 137.83033211529255 64.622780956327915 422.62360114604235 48.357627362012863
leaf_count=2365 1656 5076 1524 931 4508 8711 4275 98 384 4040 623 322 2068 209
internal_value=-0.000178915 -0.00454462 0.00362117 0.00624202 0.00893 -0.00286261 0.00222157 0.00359617 -0.0119576 0.007458 -0.007936 -0.0329657 -0.00636945 0.00324554
internal_weight=6714.62 3124.67 3589.95 2844.2 2310.81 2858.75 1566.77 1392.6 276.576 1116.03 271.664 85.476 745.747 186.188
internal_count=36790 19718 17072 13480 11115 18062 9351 6607 1315 5292 1252 420 3592 832
cat_boundaries=0 1 3 5 7
cat_threshold=1656384 1139559515 32 537530368 3 1615598672 1
is_linear=0
shrinkage=0.05


Tree=65
num_leaves=15
num_cat=5
split_feature=7 28 29 25 32 3 33 7 0 25 0 0 28 29
split_gain=49.7387 35.6732 55.2856 40.4633 50.681 35.9811 37.211 37.1358 35.5511 33.2848 32.0611 36.2215 40.7763 39.839
threshold=7.5000000000000009 0 1 0.37509740308306422 0.90000000000000013 0.45797102003328877 2 22.500000000000004 97.00500000000001 0.30537573353204528 0.50500000000000012 81.985000000000014 3 4
decision_type=2 9 9 8 2 8 1 2 10 10 8 8 9 9
left_child=8 2 -2 9 -5 6 -6 -8 10 -4 -1 -12 -13 -14
right_child=1 -3 3 4 5 -7 7 -9 -10 -11 11 12 13 -15
leaf_value=-0.018902843684949266 -0.021599103678595469 0.00064423293951067922 -0.0064478147774822692 -0.026204831984886504 0.0041201553624328063 -0.0068459931576539575 0.045275332906889558 -0.0035884835958976211 -0.0081704299453088085 -0.037816325407036777 0.020195950928559588 -0.009338629599399205 -0.00063276498207433729 0.017503516272626311
leaf_weight=106.44339393824339 564.53200910240412 2275.256519779563 298.72829365357757 118.47627345472574 244.15553883090615 232.64711295813322 153.41836660727859 51.782072052359581 413.96684481203556 117.268728710711 546.2735575735569 361.52683816850185 541.79064542800188 687.85280114412308
leaf_count=522 4153 12058 2061 767 1598 1252 750 499 2058 651 2624 1675 2556 3634
internal_value=-3.67219e-05 -0.00352 -0.0087915 -0.00270756 0.00384491 0.00909581 0.0173463 0.032987 0.00527858 -0.01536 0.00776227 0.0090984 0.00527814 0.00957777
internal_weight=6714.12 4056.26 1781.01 1216.48 800.479 682.003 449.356 205.2 2657.85 415.997 2243.89 2137.44 1591.17 1229.64
internal_count=36858 23789 11731 7578 4866 4099 2847 1249 13069 2712 11011 10489 7865 6190
cat_boundaries=0 1 3 4 5 7
cat_threshold=2721316 1080958300 8 4 90192 3254260231 23
is_linear=0
shrinkage=0.05


Tree=66
num_leaves=15
num_cat=4
split_feature=1 26 29 8 20 29 15 2 26 29 29 0 20 24
split_gain=41.3769 40.188 46.368 32.1996 37.7623 30.034 28.7329 21.2031 19.1539 17.3477 16.6303 17.1663 15.7472 15.7434
threshold=0.22684391080617497 3860.5000000000005 0 -2.4999999999999996 12.792499999999999 1 0.78908756731075702 -8.8233004964928679 4699.5000000000009 2 3 28.045000000000005 29.160000000000007 0.17313900117507183
decision_type=8 2 9 8 10 9 10 2 2 9 9 10 8 10
left_child=-1 3 12 -2 6 -6 7 -5 -4 -8 11 13 -3 -9
right_child=1 2 8 4 5 -7 9 10 -10 -11 -12 -13 -14 -15
leaf_value=-0.022362703579509494 0.026585812564804179 -0.0098556508778777953 0.037625603843419793 0.023282303668288068 -0.0014032451675926811 -0.028819353987911706 -0.005581436859295413 0.0012089757459414732 0.0010091353715107555 0.0048827535582019752 -0.00021468661684847427 -0.0013768798692795625 -0.076132962155186987 -0.016741078144393386
leaf_weight=204.28098607063293 107.95439605414867 26.346426352858543 167.25726117193699 69.467714611440897 206.20363597199321 197.40285333245993 455.28286931291223 151.91551520675421 45.40911591053009 2718.202203463763 1179.2492296472192 508.290442250669 12.872192040085791 619.82718798518181
leaf_count=2127 504 143 913 368 1188 1125 2325 1003 267 13795 6779 2520 61 3609
internal_value=-0.000262919 0.000438667 0.0199773 -0.000356447 -0.000837076 -0.0155974 0.00021022 -0.00376502 0.028514 0.00337803 -0.00453818 -0.00845035 -0.0263975 -0.0132107
internal_weight=6669.96 6465.68 251.885 6213.8 6105.84 403.606 5702.24 2528.75 212.666 3173.49 2459.28 1280.03 39.2186 771.743
internal_count=36727 34600 1384 33216 32712 2313 30399 14279 1180 16120 13911 7132 204 4612
cat_boundaries=0 2 4 6 8
cat_threshold=1073760576 48 1648121104 49 1613037841 2 15257159 57
is_linear=0
shrinkage=0.05


Tree=67
num_leaves=15
num_cat=3
split_feature=7 22 20 29 21 31 29 25 25 29 25 25 18 11
split_gain=49.7556 41.1706 39.9629 43.6249 41.1175 34.0416 34.7253 31.9371 31.8384 28.9374 26.7718 26.9523 22.44 21.4751
threshold=40.500000000000007 0.92166666666666675 -0.3500000000000042 0 0.97790083642899184 2.5000000000000004 1 -0.14077681385634133 0.0088199454386018398 2 -0.46995551964468169 -0.38777987770673272 2.5000000000000022 6.8361572300858429
decision_type=2 8 10 9 8 8 9 10 10 9 8 8 8 2
left_child=1 9 4 -4 7 -6 -7 -3 -9 12 -8 -12 -1 -11
right_child=-2 2 3 -5 5 6 10 8 -10 13 11 -13 -14 -15
leaf_value=0.019382765078603703 -0.017929351101995113 -0.060656856322260359 -0.022033034180847861 -0.0010296339880767936 0.030461784952205896 0.01039912645627337 0.025273133815488947 0.024570247967301499 -0.020574696209650519 0.016975820038050451 -0.066064034283682918 -0.0003560744199332331 -0.013871991079151495 0.04940025204410517
leaf_weight=96.315591938793659 353.44982320442796 35.591249063611031 370.41735526919365 718.97423373535275 111.37108139693737 1070.7243760116398 101.54422287642956 50.030309710651636 166.32110477238894 130.28314104676247 14.680707708001137 3291.2142295688391 104.98436365276575 84.87054531276226
leaf_count=507 3088 308 1998 3776 553 5532 534 336 1122 697 70 17269 601 457
internal_value=0.000301922 0.00131979 0.000251484 -0.00839642 0.0021987 0.00327967 0.002597 -0.0174279 -0.0100701 0.0164969 0.000112159 -0.000667758 0.00195964 0.0286118
internal_weight=6700.77 6347.32 5930.87 1089.39 4841.48 4589.53 4478.16 251.943 216.351 416.454 3407.44 3305.89 201.3 215.154
internal_count=36848 33760 31498 5774 25724 23958 23405 1766 1458 2262 17873 17339 1108 1154
cat_boundaries=0 2 4 6
cat_threshold=2160288266 14 2186535436 12 2213040140 24
is_linear=0
shrinkage=0.05


Tree=68
num_leaves=15
num_cat=4
split_feature=1 11 28 23 24 29 7 28 6 22 24 24 24 29
split_gain=44.4436 34.0133 43.8435 34.4199 42.015 38.8264 38.6388 36.4229 33.4133 29.1519 24.9358 42.4464 40.6992 24.6517
threshold=0.32299679487179495 6.7630184822483095 0 8.0464583333333355 0.49532773946254843 1 5.5000000000000009 2 -50.499999999999993 0.92166666666666675 0.34655687091552129 0.37733366625154419 0.37632620935573213 3
decision_type=8 2 9 10 10 9 2 9 8 8 8 8 10 9
left_child=-1 3 -3 5 8 -2 7 -7 -5 -4 13 12 -12 -8
right_child=1 2 9 4 -6 6 10 -9 -10 -11 11 -13 -14 -15
leaf_value=-0.018132126152652205 -0.0071952364083803415 -0.031095627752238449 0.026319701691236059 0.026013718244288782 0.0085471142659431284 0.018920899141734976 -0.01036255227807161 -0.0062403199937371466 -0.049306112264899012 0.005068555727056008 -0.018812909207777794 -0.0012104901593232231 -0.08514853157247558 0.0096842746827040752
leaf_weight=332.08982961252332 1549.8913473822176 68.875369407236576 174.22298849374056 16.321294255554676 70.050267189741135 541.15390712022781 195.4139923453331 192.79991716146469 110.79110461100936 2057.4735221192241 158.11511433497071 581.8219559378922 26.308692187070847 603.47344247996807
leaf_count=3394 7892 347 976 74 419 2870 1273 932 808 10592 881 3057 136 3157
internal_value=-0.000329379 0.000604854 0.0054578 -0.00215512 -0.0224771 -0.00110857 0.00301418 0.0124844 -0.0395074 0.00670858 -0.00141269 -0.00785174 -0.0286841 0.00476536
internal_weight=6678.8 6346.71 2300.57 4046.14 197.163 3848.98 2299.09 733.954 127.112 2231.7 1565.13 766.246 184.424 798.887
internal_count=36808 33414 11915 21499 1301 20198 12306 3802 882 11568 8504 4074 1017 4430
cat_boundaries=0 1 3 4 5
cat_threshold=2687008 1353227541 23 2663430 538337346
is_linear=0
shrinkage=0.05


Tree=69
num_leaves=15
num_cat=4
split_feature=8 6 20 27 33 14 24 25 19 29 24 11 29 8
split_gain=37.7698 49.4811 36.5269 27.0313 27.8575 37.8068 30.4041 27.6013 27.3149 28.3396 32.7117 27.6318 23.7721 23.2965
threshold=-2.4999999999999996 24.500000000000004 32.00500000000001 0 1 1.0000000180025095e-35 0.47472185774424586 15.215248173885962 19.215000000000003 2 0.84967052394728393 6.6529533411133963 3 3.5000000000000004
decision_type=8 10 10 9 1 8 10 10 8 9 10 2 9 10
left_child=-1 2 3 -2 6 12 -5 8 -7 10 11 -10 -6 -4
right_child=1 -3 13 4 5 7 -8 -9 9 -11 -12 -13 -14 -15
leaf_value=0.027006263828053319 -0.021172328107452426 -0.01639877687564514 -0.0482461458312409 0.020573173395708452 -0.03430629585526887 -0.021431934508600828 -0.028064549256272421 -0.05288922244588961 -0.0054676501036488691 0.0061914101475410935 -0.083738627857361803 0.0050416386556018196 -0.0049324145276517586 0.0078360102902362058
leaf_weight=124.75476044416428 123.35507557541132 462.87156946957111 60.673543445765972 302.12193730473518 105.18861178308725 121.44432888180017 35.066751189529896 22.084652826189995 1430.6579123809934 2539.1540847569704 10.966888822615145 1109.7357512228191 200.58236291259527 26.103698007762432
leaf_count=590 587 4721 351 1566 603 1133 160 121 7296 13018 52 5497 1035 120
internal_value=-0.000136343 -0.000657358 0.000542131 0.00101039 0.00151296 0.000664942 0.0154469 0.00166454 0.0019058 0.00246667 -0.00126054 -0.000876636 -0.0163953 -0.0314788
internal_weight=6674.76 6550.01 6087.14 6000.36 5877 5539.81 337.189 5234.04 5211.96 5090.51 2551.36 2540.39 305.771 86.7772
internal_count=36850 36260 31539 31068 30481 28755 1726 27117 26996 25863 12845 12793 1638 471
cat_boundaries=0 1 2 4 6
cat_threshold=21842 1 1636338963 27 19157316 58
is_linear=0
shrinkage=0.05


Tree=70
num_leaves=15
num_cat=3
split_feature=7 5 29 26 26 29 28 23 24 23 24 10 24 2
split_gain=43.7446 35.1772 30.1996 35.6549 37.8488 35.0562 28.7373 26.7112 35.3154 26.0937 24.4745 26.6569 51.5736 27.2675
threshold=5.5000000000000009 0.71695210449927449 0 733.50000000000011 730.50000000000011 1 2 8.0464583333333355 0.51209211938545829 19.280208333333334 0.25667894758367021 1.0000000180025095e-35 0.51209211938545829 0.0035332151058553589
decision_type=2 10 9 2 2 9 9 10 10 8 10 2 10 2
left_child=2 7 3 4 6 9 -1 -2 -9 -5 -7 12 -12 -13
right_child=1 -3 -4 5 -6 10 -8 8 -10 -11 11 13 -14 -15
leaf_value=0.013026857350807844 -0.001305709973563029 -0.019119990479365089 0.012010059245731376 0.03448160003149655 -0.074368845338519562 -0.024641600665617189 -0.0097868314276412828 -0.041402620918070593 0.0072109348617992973 -0.012170527485950468 0.021155480882397604 0.042593662798950965 -0.071955076474488872 -0.0051953421347473707
leaf_weight=168.60512383282185 3914.9564087092876 327.7345064766705 930.27315749228001 34.282629199326038 19.035323522984982 26.395507276058197 602.2902248352766 94.313082195818424 61.012312170118093 198.72320695221424 70.407784447073936 175.16540905088186 17.784742712974548 35.693668007850647
leaf_count=816 22116 2104 4849 189 97 148 2957 834 410 943 375 816 75 173
internal_value=-0.000473606 -0.00338656 0.00514769 0.000316479 -0.00651445 0.00997885 -0.00474479 -0.00211534 -0.0223831 -0.00497585 0.0202018 0.0249021 0.00178275 0.0345177
internal_weight=6676.67 4398.02 2278.66 1348.38 789.931 558.453 770.895 4070.28 155.325 233.006 325.447 299.052 88.1925 210.859
internal_count=36902 25464 11438 6589 3870 2719 3773 23360 1244 1132 1587 1439 450 989
cat_boundaries=0 2 4 5
cat_threshold=1118416130 55 1073817602 51 2101764
is_linear=0
shrinkage=0.05


Tree=71
num_leaves=15
num_cat=5
split_feature=27 33 1 21 15 25 20 29 22 29 28 25 25 8
split_gain=28.761 31.6281 33.54 31.5121 30.7508 29.3923 29.2773 29.3718 29.2723 28.322 28.9358 32.5668 85.7568 34.8538
threshold=0 1 0.44499449944994501 0.94953917232553664 0.068485877763947225 0.53557650409713975 -9.0024999999999959 2 -29.364999999999995 3 4 0.37509740308306422 0.30537573353204528 24.500000000000004
decision_type=9 1 8 10 8 10 8 9 10 9 9 8 10 8
left_child=-1 2 -2 9 -4 8 7 -6 -5 -3 11 12 -11 -13
right_child=1 3 4 5 6 -7 -8 -9 -10 10 -12 13 -14 -15
leaf_value=-0.023479696902215189 -0.018359541781856548 -0.0055891442796691289 -0.01034217288137807 -0.016242388349411805 -0.008241087085176433 0.038374153182651277 -0.0024142269323095284 0.012729193877249271 0.057463638896735683 0.017092130589368894 -0.0032921585099848802 0.027373533757614529 -0.03939227435492984 0.0039673129249108057
leaf_weight=123.27499973773956 315.06311193481088 681.65290175378323 771.91496974974871 62.51120688393712 209.16344816610217 124.36452417820692 2154.6856021098793 736.47128355130553 16.097079113125801 199.23443107306957 480.44786686450243 396.14401193335652 100.14109595119953 265.93705700337887
leaf_count=619 3334 3756 4163 328 1065 709 11168 3705 83 1208 2539 2260 569 1284
internal_value=-0.000574295 -0.000101074 -0.00269809 0.00457175 -0.00141939 0.0233445 0.000804821 0.00813442 -0.000616937 0.00276728 0.0067111 0.0116905 -0.00187014 0.0179922
internal_weight=6637.1 6513.83 4187.3 2326.53 3872.24 202.973 3100.32 945.635 78.6083 2123.56 1441.9 961.457 299.376 662.081
internal_count=36790 36171 23435 12736 20101 1120 15938 4770 411 11616 7860 5321 1777 3544
cat_boundaries=0 1 2 4 6 7
cat_threshold=87122 4 2703364620 19 1757154640 41 835590
is_linear=0
shrinkage=0.05


Tree=72
num_leaves=15
num_cat=4
split_feature=7 28 29 25 3 1 0 7 0 29 29 25 25 25
split_gain=39.1095 38.5388 49.6602 34.2224 33.0569 37.4475 28.1582 27.6863 40.8396 36.2488 32.6972 27.3234 42.5542 27.438
threshold=5.5000000000000009 0 1 0.11338797321401803 0.45797102003328877 0.64801773604590518 28.045000000000005 2.5000000000000004 97.735000000000014 2 3 0.37509740308306422 0.61229262018260366 0.22791592120595935
decision_type=2 9 9 8 8 8 10 2 8 9 9 10 10 8
left_child=7 -2 -3 -4 5 -5 11 8 10 -10 -1 13 -13 -7
right_child=1 2 3 4 -6 6 -8 -9 9 -11 -12 12 -14 -15
leaf_value=-0.0067239370037044197 0.0019886409372015502 -0.02312947486265525 -0.020764932167373944 -0.010988941852651755 -0.0099031516532751031 0.040320431993807367 -0.0047379471974995108 0.01121531216192047 -0.017995844643925427 0.0056092888164091222 0.021096727062160037 0.047082304659016569 0.0096539219104615076 -0.016262301417657454
leaf_weight=159.05104644596577 2384.5647150501609 392.79716793075204 240.42263000831008 229.03851943090558 538.34035877510905 27.913075439631939 162.7170747295022 1155.0779198333621 365.69109337031841 282.35797002911568 293.61214738339186 144.16021671891212 160.63640066236258 81.741970054805279
leaf_count=735 12622 2925 1692 2350 2810 167 814 5938 1838 1426 1414 679 846 456
internal_value=0.000467871 -0.00229605 -0.00743292 -0.0034103 -0.000319288 0.00608462 0.0128672 0.0058115 0.000135754 -0.00790902 0.011645 0.0197739 0.0274526 -0.00162475
internal_weight=6618.12 4362.33 1977.77 1584.97 1344.55 806.207 577.169 2255.79 1100.71 648.049 452.663 414.452 304.797 109.655
internal_count=36712 25361 12739 9814 8122 5312 2962 11351 5413 3264 2149 2148 1525 623
cat_boundaries=0 1 2 4 6
cat_threshold=1339667 1095637060 2208042259 49 1096939776 62
is_linear=0
shrinkage=0.05


Tree=73
num_leaves=15
num_cat=5
split_feature=7 20 15 15 8 7 21 29 25 29 29 33 29 2
split_gain=42.1727 31.4793 31.0933 30.1346 25.8451 23.2048 23.1439 23.0628 22.1798 22.1672 21.4398 20.105 19.9525 20.0919
threshold=7.5000000000000009 -0.72500000000000131 2.4653745939456218 6.6081958768880318 -2.4999999999999996 -11.499999999999998 0.97790083642899184 0 -0.46995551964468169 1 2 3 4 80.726351006682449
decision_type=2 10 8 8 10 2 8 9 10 9 9 1 9 2
left_child=2 3 10 6 -3 -4 -2 -6 -9 -5 11 -1 -8 -14
right_child=1 4 5 9 7 -7 12 8 -10 -11 -12 -13 13 -15
leaf_value=0.025554913248633977 -0.016346004725875152 0.037272134850087152 -0.014157817869392846 0.0028886510341428538 0.0092724887169881864 0.011413564111455395 -0.010582421605211065 0.039425814599456099 -0.025548623781935717 -0.01158271165942109 0.0019336033697093559 -0.022716978697096744 0.0070080211446838098 -0.0093061930642552599
leaf_weight=23.846394531428814 159.14391212537885 21.171112790703773 93.972708307206631 366.19512464851141 64.771426450461149 1380.5019079297781 218.50486849620938 12.769633352756498 358.55976492539048 943.17455593496561 979.29608540982008 169.67131223529577 1623.3313602507114 212.66048763692379
leaf_count=122 1262 100 494 2259 409 6892 1199 80 2681 5966 4889 823 8614 1029
internal_value=5.54705e-05 -0.00319701 0.00494504 -0.00159301 -0.0155245 0.00977533 0.00196355 -0.0181669 -0.0226072 -0.0076027 -0.0011308 -0.0158529 0.00338909 0.00508664
internal_weight=6627.57 3980.28 2647.29 3523.01 457.272 1474.47 2213.64 436.101 371.329 1309.37 1172.81 193.518 2054.5 1835.99
internal_count=36819 23599 13220 20329 3270 7386 12104 3170 2761 8225 5834 945 10842 9643
cat_boundaries=0 2 4 6 7 9
cat_threshold=536876048 16 3802162689 50 541294592 50 1 1092881408 2
is_linear=0
shrinkage=0.05


Tree=74
num_leaves=15
num_cat=3
split_feature=7 11 23 26 5 29 7 29 3 23 15 29 25 25
split_gain=32.0972 32.5534 31.9683 34.4582 26.3729 24.6722 24.5311 37.2512 32.9197 27.326 25.2568 34.0385 23.5457 36.7033
threshold=40.500000000000007 6.7630184822483095 8.0464583333333355 382.50000000000006 0.66597297297297309 0 8.5000000000000018 1 0.44374706258299379 0.59625000000000017 6.4444129366563212 2 0.37581126848634799 1.5854684141447115
decision_type=2 2 10 2 10 9 2 9 10 10 8 9 10 10
left_child=1 2 4 -4 6 -2 7 9 10 -1 11 -8 -13 -14
right_child=5 -3 3 -5 -6 -7 8 -9 -10 -11 -12 12 13 -15
leaf_value=-0.005434396278706192 -0.026925500708885199 0.0056575223225311571 -0.05341294777919231 -0.0078863151512480884 -0.013993187270995669 0.00029713898090341938 -0.008740560714812752 0.010770625817181247 -0.014730435720466964 0.031163207311316107 -0.0080866919315847156 -0.0050798248012945768 0.037536173422625135 0.0034127996718265052
leaf_weight=840.23588238656521 179.45611170306802 2214.5847164131701 58.099748481065035 141.57670950517058 347.11977184936404 157.03264866769314 218.34610011428595 1012.8139556646347 501.07881450280547 53.30552526563406 470.71734429895878 103.59423293918371 175.7487116008997 142.59729736298323
leaf_count=3979 1843 11602 533 938 1869 1238 1323 5086 2520 260 3316 620 975 735
internal_value=-2.56757e-05 0.000781473 -0.00187555 -0.0213333 -0.000865196 -0.015047 0.000433585 0.0042718 -0.0041051 -0.00318313 0.000696016 0.00715531 0.0152289 0.0223098
internal_weight=6616.31 6279.82 4065.23 199.676 3865.56 336.489 3518.44 1906.36 1612.08 893.541 1111 640.286 421.94 318.346
internal_count=36837 33756 22154 1471 20683 3081 18814 9325 9489 4239 6969 3653 2330 1710
cat_boundaries=0 2 4 6
cat_threshold=3264005192 42 27890951 19 1638157597 9
is_linear=0
shrinkage=0.05


Tree=75
num_leaves=15
num_cat=3
split_feature=7 11 23 29 26 0 26 25 23 1 26 29 24 29
split_gain=35.0639 31.1578 33.3218 29.3156 35.0947 27.7853 26.5543 42.2931 36.9004 25.1532 25.0498 24.5069 24.3208 23.7981
threshold=5.5000000000000009 7.0813807694993107 7.402916666666667 0 1040.0000000000002 82.345000000000013 375.50000000000006 0.79125271219316018 38.329791666666672 1.4973684210526319 230.50000000000003 1 0.74044534412955476 2
decision_type=2 2 10 9 2 10 2 10 10 8 2 9 10 9
left_child=3 2 5 4 6 11 10 8 -8 -7 -1 -2 -13 -6
right_child=1 -3 -4 -5 13 9 7 -9 -10 -11 -12 12 -14 -15
leaf_value=-0.0049824395851374818 0.0092489953077536814 0.0031920591316895253 -0.029892227300466274 0.011241653915034303 0.019948656070942587 -0.047817867630915452 -0.048774239529335378 0.0096070765162766733 0.046391161955576368 -0.0072629666591019137 0.027675030386502514 -0.0047291197191333262 -0.061498517620928075 -0.0036984122306730803
leaf_weight=545.64720038324594 327.86885477602482 1455.3066519387066 135.44216953963041 996.30207107961178 267.48037326335907 67.372624341398478 110.98026505112648 64.516097322106361 10.421084105968474 87.716242074966431 64.788076899945736 2275.1293594948947 18.032649673521519 172.92981798946857
leaf_count=2611 1873 8157 1149 5238 1295 334 648 331 53 407 318 13489 88 854
internal_value=-0.000174329 -0.00278032 -0.00576561 0.00492079 -0.000264782 -0.00457818 -0.00652841 -0.0230182 -0.040293 -0.025074 -0.00147677 -0.00335632 -0.00517957 0.0110443
internal_weight=6599.93 4366.87 2911.56 2233.06 1236.76 2776.12 796.353 185.917 121.401 155.089 610.435 2621.03 2293.16 440.41
internal_count=36845 25497 17340 11348 6110 16191 3961 1032 701 741 2929 15450 13577 2149
cat_boundaries=0 2 4 5
cat_threshold=26868992 62 2182160896 36 10003712
is_linear=0
shrinkage=0.05


Tree=76
num_leaves=15
num_cat=7
split_feature=7 8 5 31 11 28 7 29 28 29 29 29 28 3
split_gain=35.4438 31.636 31.4337 26.3249 27.0223 31.6167 25.2574 30.2761 26.0759 24.0225 23.4048 23.2784 22.0571 23.6549
threshold=42.500000000000007 -2.4999999999999996 0.94256236933797932 2.5000000000000004 6.6827159742622255 0 10.500000000000002 1 2 3 4 5 6 0.44810456524454062
decision_type=2 8 10 8 2 9 2 9 9 9 9 9 9 8
left_child=1 -1 3 -3 6 -6 7 -5 -9 -8 -2 -7 -11 -14
right_child=10 2 -4 4 5 11 9 8 -10 12 -12 -13 13 -15
leaf_value=0.026777667412433009 -0.030474378864431426 0.0217413939942732 -0.026123685766902646 -0.0048656939717935865 -0.023716158650258445 0.014557302611904214 -0.019628826228264434 0.011305936048396373 -0.0052253116143537066 -0.023704509437439274 -0.0015985681950476595 0.0027923898569301477 0.0044017992190208653 -0.01190862304788093
leaf_weight=115.3661711961031 141.07092170789838 147.39521291106939 108.2127973139286 1111.0869011580944 83.71953621506691 563.5746466293931 307.43973562121391 832.63029992580414 328.17636638879776 113.73713970929384 144.86314878240228 1631.6370687894523 631.08831881731749 341.89718317240477
leaf_count=544 1538 747 717 5341 443 2909 2186 4233 1557 700 1162 8720 4153 1939
internal_value=0.000167818 0.000948479 0.00046367 0.000940124 0.000420824 0.00469521 -0.00223682 0.00101456 0.00662714 -0.00753213 -0.0170193 0.00587031 -0.00387889 -0.00132228
internal_weight=6601.9 6315.96 6200.6 6092.38 5944.99 2278.93 3666.06 2271.89 1160.81 1394.16 285.934 2195.21 1086.72 972.986
internal_count=36889 34189 33645 32928 32181 12072 20109 11131 5790 8978 2700 11629 6792 6092
cat_boundaries=0 1 3 4 6 8 10 11
cat_threshold=2687024 1092350998 22 3711028 1092881692 23 1116520520 42 3222656004 22 8192
is_linear=0
shrinkage=0.05


Tree=77
num_leaves=15
num_cat=7
split_feature=8 20 7 0 28 24 29 28 29 1 29 29 29 24
split_gain=31.5717 39.8619 31.9767 28.7857 26.631 31.3415 24.6492 24.5302 35.9466 31.3164 25.2944 24.0658 23.6157 23.8117
threshold=-2.4999999999999996 27.010000000000002 7.5000000000000009 97.735000000000014 0 0.052886891351675007 1 2 3 0.64801773604590518 4 5 6 0.34966238209016887
decision_type=8 10 2 10 9 8 9 9 9 8 9 9 9 10
left_child=-1 2 3 4 6 -6 -2 11 -9 10 -10 -4 -7 -14
right_child=1 -3 7 -5 5 12 -8 8 9 -11 -12 -13 13 -15
leaf_value=0.024422896544075187 -0.020423918258645157 -0.024574005665350174 0.023017771596340129 -0.0091252299712387495 -0.047223904103290464 0.0022187832881078698 0.0061609285273990606 -0.023685386335408332 0.01398939147081113 -4.9929330321460955e-05 -0.023865610496873062 -0.00035662366108314849 0.024878343618418609 0.0093456015641506952
leaf_weight=129.3393343091011 151.66980002820492 165.58069625124335 105.46051985025406 329.62868762761354 23.38220851868391 664.18815039843321 182.25571441650391 265.94775890186429 48.489674657583237 1119.3172799907625 255.4585611410439 2022.0026185587049 363.19302665442228 772.28376147150993
leaf_count=612 675 999 482 1702 174 3154 803 2244 532 5783 2776 10935 1944 4115
internal_value=5.88014e-05 -0.000432038 0.000205945 0.00461698 0.00672032 0.00906956 -0.00618023 -0.00266835 -0.00714176 -0.00389252 -0.0181243 0.000914509 0.00987714 0.0142064
internal_weight=6598.2 6468.86 6303.28 2486.6 2156.97 1823.05 333.926 3816.68 1689.21 1423.27 303.948 2127.46 1799.66 1135.48
internal_count=36930 36318 35319 12567 10865 9387 1478 22752 11335 9091 3308 11417 9213 6059
cat_boundaries=0 1 3 4 5 7 9 11
cat_threshold=83280 1115800586 32 1340690 1076760900 2718007296 3 5378564 16 3765144064 7
is_linear=0
shrinkage=0.05


Tree=78
num_leaves=15
num_cat=2
split_feature=7 7 0 0 25 18 28 19 9 28 25 26 25 7
split_gain=26.3249 31.8107 39.5884 31.0355 30.5716 27.0635 24.7624 28.7822 25.4823 31.691 28.4244 24.6069 23.9827 21.3672
threshold=5.5000000000000009 2.5000000000000004 98.355000000000004 82.00500000000001 0.54291487028382324 -1.9999999999999996 0 57.985000000000007 1.0000000180025095e-35 1 0.17589792608086577 12.500000000000002 15.215248173885962 8.5000000000000018
decision_type=2 2 8 10 10 10 9 8 2 9 8 2 8 2
left_child=1 2 5 6 11 -1 7 -2 9 -8 -11 -4 13 -10
right_child=3 -3 4 -5 -6 -7 8 -9 12 10 -12 -13 -14 -15
leaf_value=-0.0047936040087573004 0.048485081369074305 0.010023917415473718 0.034746353118125017 -0.017324926384011261 -0.020524250051313954 0.018835547784210802 0.009171155272239875 -0.035524588135935779 0.012859785528222929 -0.025453765115552075 -0.0054243180355832924 -0.0048246931025022026 -0.046054753458769138 0.00090795320251045456
leaf_weight=212.26508569717407 10.568392269313334 1153.8814148679376 46.475975893437862 322.80852457508445 333.78203639388084 280.36480252444744 305.97901748865843 92.456341624259949 477.2045431882143 208.16498624905944 1163.2256067246199 226.83399312198162 23.680914729833603 1716.1651418693364
leaf_count=1026 67 6028 255 1511 1626 1336 2002 529 2101 1922 8087 1231 131 8937
internal_value=-0.000151501 0.00422825 -0.00185643 -0.00243659 -0.0103944 0.0086651 -0.00123027 -0.0241974 -0.000553094 -0.00520273 -0.00841959 0.00200645 0.00296298 0.00351295
internal_weight=6573.86 2253.6 1099.72 4320.25 607.092 492.63 3997.44 103.025 3894.42 1677.37 1371.39 273.31 2217.05 2193.37
internal_count=36789 11502 5474 25287 3112 2362 23776 596 23180 12011 10009 1486 11169 11038
cat_boundaries=0 1 2
cat_threshold=2686976 266274
is_linear=0
shrinkage=0.05


Tree=79
num_leaves=15
num_cat=6
split_feature=27 33 29 14 1 21 20 28 24 29 21 19 8 29
split_gain=34.0172 35.5661 31.4359 29.2157 29.5087 25.378 25.0884 26.0661 27.4214 24.2609 25.9518 22.2602 29.8877 23.6948
threshold=0 1 2 1.0000000180025095e-35 0.29198717948717956 1.0051511281627572 -13.9975 3 0.32807931593169709 4 1.0013466835483407 40.750000000000007 -4.4999999999999991 5
decision_type=9 1 9 8 8 8 8 9 10 9 10 8 10 9
left_child=-1 2 -2 9 -5 -4 7 -6 -9 -3 -11 12 -8 -13
right_child=1 3 5 4 6 -7 11 8 -10 10 -12 13 -14 -15
leaf_value=-0.023659161652825639 0.032776576554741983 -0.033385130252547933 0.026403115328219137 -0.016221112074788262 0.0032677429768890281 -0.0096961892378952166 0.037904532949492253 0.052579069751939045 0.013115108682538261 -0.010427265358485273 0.048153473088658 -0.003945240225596165 -0.013280859501417394 0.0037619438164314279
leaf_weight=142.80132922530174 140.43710374087095 108.95406121760607 72.731694497168064 265.14000056311488 643.52927426993847 142.36512748524547 29.31134395301342 60.120560422539711 161.12466686218977 179.47066402062774 20.124931558966637 1679.9758169278502 493.35453953593969 2420.5605207160115
leaf_count=716 750 692 414 2909 3497 738 132 282 772 954 106 8600 3565 12670
internal_value=-0.000421668 0.000135691 0.0154831 -0.000766659 3.84531e-05 0.002462 0.000826812 0.00863825 0.0229927 -0.0157301 -0.00410539 -0.000635878 -0.0103435 0.000603698
internal_weight=6560 6417.2 355.534 6061.67 5753.12 215.097 5487.98 864.775 221.245 308.55 199.596 4623.2 522.666 4100.54
internal_count=36797 36081 1902 34179 32427 1152 29518 4551 1054 1752 1060 24967 3697 21270
cat_boundaries=0 1 2 4 5 7 9
cat_threshold=21874 1 1610912850 34 577669 553931076 62 1628298515 36
is_linear=0
shrinkage=0.05


Tree=80
num_leaves=15
num_cat=3
split_feature=7 11 28 7 28 24 24 31 28 2 6 20 19 7
split_gain=28.142 28.2903 36.785 23.8756 23.1141 32.0618 26.7768 26.4648 22.2186 19.3063 19.1508 18.4553 18.7048 29.3704
threshold=40.500000000000007 6.5350743409074665 0 20.500000000000004 1 0.10708824814329404 0.35130244091812407 2.5000000000000004 2 -0.0017448529702202007 -11.499999999999998 12.792499999999999 87.500000000000014 8.5000000000000018
decision_type=2 2 9 2 9 8 8 8 9 2 8 10 10 2
left_child=1 3 10 4 6 -6 8 -7 -1 -4 -3 12 13 -9
right_child=-2 2 9 -5 5 7 -8 11 -10 -11 -12 -13 -14 -15
leaf_value=0.012379833022589951 -0.014332938446916072 -0.033645081869405576 0.023906045261503448 -0.014067054228639304 -0.032325842241658673 0.026662468079325593 -0.0052558390537286864 0.0067292779094921748 0.054629578617765906 0.0050726946933372713 -0.001194522995274133 -0.01659333265300927 -0.0090437899791503493 -0.0058290452564649514
leaf_weight=192.08765804767609 332.48048693314195 90.548609480261803 143.83081011474133 383.63392722606659 86.05664150416851 79.942499160766602 153.68118737637997 1066.8720223754644 33.076677247881889 2280.4137474633753 90.473364509642124 208.81193774938583 573.86921499669552 824.48538611829281
leaf_count=1002 3101 429 738 3295 584 397 730 5265 154 12175 501 1098 2868 4416
internal_value=-0.000183116 0.000576915 0.00454513 -0.00229328 -0.000886122 -0.00244203 0.0105403 -0.00150568 0.0217633 0.00617402 -0.0166097 -0.00235745 -0.00114539 0.00125463
internal_weight=6540.26 6207.78 2605.27 3602.52 3218.88 2840.04 378.846 2753.98 225.164 2424.24 181.022 2674.04 2465.23 1891.36
internal_count=36753 33652 13843 19809 16514 14628 1886 14044 1156 12913 930 13647 12549 9681
cat_boundaries=0 1 2 3
cat_threshold=3736608 3146022 1048612
is_linear=0
shrinkage=0.05


Tree=81
num_leaves=15
num_cat=3
split_feature=2 20 15 2 8 1 21 24 29 29 11 33 24 3
split_gain=28.6674 27.6239 23.3956 20.7003 20.2561 23.0381 21.2409 29.2676 21.2866 19.34 18.0115 17.2376 21.6316 16.8877
threshold=-6.2459047189660319 36.150000000000006 0.068485877763947225 80.726351006682449 -2.4999999999999996 0.22684391080617497 0.83180342361166937 0.17313900117507183 0 1 5.8342842673147972 2 0.65189241520102781 0.67302120551355216
decision_type=2 10 10 2 8 8 8 8 9 9 2 1 10 10
left_child=-1 2 4 -4 10 -6 13 9 -9 -8 -2 12 -10 -7
right_child=1 -3 3 -5 5 6 7 8 11 -11 -12 -13 -14 -15
leaf_value=0.016915864946237022 0.071102803542860735 -0.03122071735843493 0.0036329932836365545 -0.010332530370406694 -0.023844773181771507 -0.044725575095375725 -0.0098407282919834513 0.004733942530957211 -0.013406466083627836 0.020116975748970391 0.0064656218748810838 -0.00043779314261329911 0.032430219754886247 0.0046457968012457137
leaf_weight=254.23901412636042 15.287756636738775 69.85555037856102 3552.3154824823141 285.79312105476856 141.80118128657341 52.039762727916241 67.45590079203248 468.03162208944559 823.93933696299791 205.58794881403446 32.540388152003288 521.15337726101279 25.64137951284647 25.45958112180233
leaf_count=1354 75 447 18912 1345 1717 541 403 2617 4683 1303 158 2997 133 126
internal_value=0.000489213 -0.000177656 0.000176113 0.00259067 -0.00371892 -0.00438477 -0.00311404 -0.00216366 -0.0044334 0.013082 0.0281593 -0.00754424 -0.0119866 -0.0286538
internal_weight=6541.14 6286.9 6217.05 3838.11 2378.94 2331.11 2189.31 2111.81 1838.77 273.044 47.8281 1370.73 849.581 77.4993
internal_count=36811 35457 35010 20257 14753 14520 12803 12136 10430 1706 233 7813 4816 667
cat_boundaries=0 2 3 4
cat_threshold=580072204 2 42008840 4
is_linear=0
shrinkage=0.05


Tree=82
num_leaves=15
num_cat=2
split_feature=27 2 7 25 28 24 20 7 25 6 25 15 19 3
split_gain=27.5612 27.2869 25.9793 26.5239 24.2756 38.8924 23.8699 24.5869 23.7909 31.1299 22.8948 27.9803 21.614 20.4954
threshold=0 -6.8360182835388015 34.500000000000007 1.0209594850335837 1 0.10708824814329404 36.150000000000006 14.500000000000002 1.4709640639325285 66.500000000000014 0.59473070805053985 32.57401841107886 99.565000000000012 0.49169334835856837
decision_type=9 2 2 10 9 8 10 2 10 10 8 8 10 8
left_child=-1 -2 4 -4 10 -6 7 13 9 -5 11 -3 -12 -7
right_child=1 2 3 8 5 6 -8 -9 -10 -11 12 -13 -14 -15
leaf_value=-0.023212802029161223 0.016670385321919445 0.011241203488305583 -0.027845733590580943 0.010476528901697016 -0.038412820344167715 0.0069931769819106971 -0.031188381621161138 -0.0076668230233274725 -0.0084081172732487115 0.11860991153431566 0.003905205435735123 0.050352075972077137 -0.041854182675896509 -0.0012583921707416696
leaf_weight=115.16999358683825 246.30271629616618 275.62225656211376 161.93184766918421 34.725920405238867 68.330192394554615 1203.222681786865 62.015991818159819 862.64867861568928 272.3484630137682 7.3059830553829661 1125.468322429806 54.082846269011497 25.414765596389771 2005.6126426123083
leaf_count=596 1317 1487 1734 312 568 6010 352 6393 2038 79 5564 294 125 9903
internal_value=-7.03996e-05 0.000384921 -0.00026835 -0.0114723 0.000672638 -0.00127082 -0.000650761 -0.000178074 -0.00297701 0.0315918 0.00615225 0.0177896 0.00285925 0.00183693
internal_weight=6520.2 6405.03 6158.73 476.312 5682.42 4201.83 4133.5 4071.48 314.38 42.0319 1480.59 329.705 1150.88 3208.84
internal_count=36772 36176 34859 4163 30696 23226 22658 22306 2429 391 7470 1781 5689 15913
cat_boundaries=0 1 2
cat_threshold=17490 3424533
is_linear=0
shrinkage=0.05


Tree=83
num_leaves=15
num_cat=6
split_feature=8 5 26 29 9 29 23 27 29 28 26 29 26 26
split_gain=25.7808 33.0736 24.4414 29.297 23.3527 27.106 26.1795 25.4548 22.6344 30.2616 24.3808 54.8833 34.3404 79.3526
threshold=-2.4999999999999996 0.94256236933797932 3860.5000000000005 0 2.5000000000000004 1 7.402916666666667 2 3 4 1040.0000000000002 5 1758.0000000000002 1796.0000000000002
decision_type=8 10 2 9 2 9 10 9 9 9 2 9 2 2
left_child=-1 2 4 -4 6 -6 7 -2 9 10 -9 12 -12 -14
right_child=1 -3 3 -5 5 -7 -8 8 -10 -11 11 -13 13 -15
leaf_value=0.022304960797466526 -0.031275985957087207 -0.026877911837210444 -0.017431102859323162 0.023587032087401649 0.010002576181498716 -0.0029150616116945462 -0.022530178847812249 -0.020733011250134804 0.0017738213377648017 0.00096214110038799036 0.049695846514973246 -0.020259298824217911 -0.077756182628200429 0.021064679502122374
leaf_weight=125.79964710772038 60.814380459487438 115.3454587161541 48.834198102355003 193.90183230862021 936.26743673533201 707.56173976138234 156.20811403915286 434.95066325739026 2508.1211384870112 853.18702006712556 54.363041460514069 216.4344805367291 23.930120542645454 108.74388172477484
leaf_count=594 319 912 259 1135 4593 3454 1407 2506 14729 4934 249 1144 104 501
internal_value=-2.10943e-05 -0.00046207 2.55047e-05 0.0155498 -0.000598731 0.00448707 -0.00249215 -0.00175237 -0.0012401 -0.00569138 -0.0123869 -0.00366676 0.0157777 0.00279223
internal_weight=6544.46 6418.66 6303.32 242.736 6060.58 1643.83 4416.75 4260.54 4199.73 1691.61 838.422 403.472 187.037 132.674
internal_count=36840 36246 35334 1394 33940 8047 25893 24486 24167 9438 4504 1998 854 605
cat_boundaries=0 2 4 5 7 8 9
cat_threshold=1073758272 49 579885918 25 16498 682138394 19 1671777 557312
is_linear=0
shrinkage=0.05


Tree=84
num_leaves=15
num_cat=7
split_feature=7 11 28 23 26 0 7 28 29 26 28 29 29 29
split_gain=26.311 26.7922 34.0632 28.2554 32.6771 26.4308 31.3719 40.0962 44.8361 36.2263 41.427 30.1714 22.5722 22.4347
threshold=40.500000000000007 6.6827159742622255 0 8.0464583333333355 382.50000000000006 97.27500000000002 5.5000000000000009 1 2 1040.0000000000002 3 4 5 6
decision_type=2 2 9 10 2 10 2 9 9 2 9 9 9 9
left_child=1 3 -3 5 -5 6 7 8 9 10 -1 -12 -2 -8
right_child=12 2 -4 4 -6 -7 13 -9 -10 -11 11 -13 -14 -15
leaf_value=0.017622268876898297 -0.026081580953550395 -0.017424530768929327 0.0063083723191593201 -0.055281642355266371 -0.0079533164159092083 -0.016649153021919029 -0.010934366210407805 -0.0097346754840853134 0.020844861269379067 0.018577543660949984 -0.044915121859678768 -0.0030992302961422007 0.00016638936227868366 -8.1589073924327564e-05
leaf_weight=74.614331617951393 167.05847618356347 152.31160762161016 2185.3917465806007 50.063342668116093 129.14422215893865 254.19816513359547 687.77769318223 285.79259164631367 531.61144567281008 144.36367397010326 87.676219716668129 92.592769637703896 161.19012742117047 1505.8975636400282
leaf_count=355 1848 787 11626 528 866 1340 4046 1377 2932 671 448 471 1295 8277
internal_value=-0.000245598 0.000487896 0.00470775 -0.00207912 -0.0214083 -0.00112827 3.31642e-05 0.00646949 0.0114314 -0.00132577 -0.0126792 -0.0248504 -0.014018 -0.00353786
internal_weight=6509.68 6181.44 2337.7 3843.73 179.208 3664.52 3410.33 1216.65 930.858 399.247 254.883 180.269 328.249 2193.68
internal_count=36867 33724 12413 21311 1394 19917 18577 6254 4877 1945 1274 919 3143 12323
cat_boundaries=0 1 2 4 5 6 8 10
cat_threshold=3212336 3712006 2693394689 22 3153924 8933376 1653392456 42 1097730399 3
is_linear=0
shrinkage=0.05


Tree=85
num_leaves=15
num_cat=3
split_feature=8 5 7 29 11 22 28 21 24 5 29 5 31 20
split_gain=28.3347 29.5094 24.4241 28.6867 25.3897 23.8632 20.7859 19.8269 70.3748 20.7165 19.7548 18.6501 18.2599 19.6314
threshold=-2.4999999999999996 1.0698325791855205 20.500000000000004 0 6.5627474555153311 -1.0899999999999996 1 0.98555787395039829 0.51209211938545829 0.19328333333333339 2 0.83028513513513524 2.5000000000000004 -14.119999999999996
decision_type=8 10 2 9 2 8 9 8 10 10 9 10 8 8
left_child=-1 2 5 -4 6 10 -5 8 9 -7 -2 -12 -9 -14
right_child=1 -3 3 4 -6 7 -8 12 -10 -11 11 -13 13 -15
leaf_value=0.022726557765145844 -0.00011055126117452366 -0.037960026431016064 -0.015678246301557324 -0.027714086635877849 0.0080251777071070184 -0.042616655670965821 0.00044329528725134252 0.022892405917641107 0.030726084199243171 -0.011914413641807281 0.034725764313865586 -0.030052738570304945 0.0077455424452499075 -0.0011020802756640203
leaf_weight=127.51667618006468 126.02337541431189 52.511677358299494 527.07587869465351 106.33978237211704 391.55647958815098 103.65582580119371 157.01025291159749 90.826893217861652 70.222356230020523 117.97980050370097 128.24650444835424 11.3991377428174 751.129194971174 3766.3190023675561
leaf_count=597 681 573 4620 1076 2612 808 1183 444 392 604 711 61 3666 18919
internal_value=-0.000518741 -0.000985348 -0.000673547 -0.00715415 -4.07733e-05 0.000810373 -0.01202 1.7675e-05 -0.0125975 -0.0264003 0.0153764 0.0273194 0.000819196 0.000370428
internal_weight=6527.81 6400.3 6347.78 1181.98 654.907 5165.8 263.35 4900.13 291.858 221.636 265.669 139.646 4608.28 4517.45
internal_count=36947 36350 35777 9491 4871 26286 2259 24833 1804 1412 1453 772 23029 22585
cat_boundaries=0 2 3 5
cat_threshold=2207008842 11 40960 2214069320 20
is_linear=0
shrinkage=0.05


Tree=86
num_leaves=15
num_cat=5
split_feature=9 19 21 20 7 29 15 29 29 15 29 28 26 26
split_gain=20.7292 23.1934 28.2056 24.7332 26.2431 44.4915 29.6141 25.8038 25.4368 22.5617 20.668 19.4015 18.8973 29.6678
threshold=2.5000000000000004 88.215000000000018 0.96366140350522478 -14.119999999999996 5.5000000000000009 0 6.0425854449850815 1 2 9.0186505521258997 3 4 733.50000000000011 646.50000000000011
decision_type=2 10 8 8 2 9 8 9 9 8 9 9 2 2
left_child=1 2 -1 7 5 12 8 -4 -6 -2 -3 -10 13 -5
right_child=9 10 3 4 6 -7 -8 -9 11 -11 -12 -13 -14 -15
leaf_value=-0.021080522850056935 0.0025844481288776599 0.011104400081808812 -0.0038460866583139909 -0.0094302900226313213 -0.0098954556730440884 0.016311686182690025 -0.0093873069437893555 0.018692876111638647 0.0098900538558865728 0.02021945497274942 -0.013035747719880248 -0.0075751807184636227 0.0044192318468558624 -0.067561461724709462
leaf_weight=154.73250274918973 1508.3210924752057 96.346985589712858 200.29601077362895 185.97473945468664 335.23262747377157 489.7009799554944 1179.5429510734975 336.72745485603809 705.58081956580281 205.23082084581256 636.68814511597157 197.50152531266212 226.83233031630516 23.969011589884758
leaf_count=1558 7440 480 1085 899 2201 2617 7885 1842 4228 1028 3231 998 1126 130
internal_value=-8.12932e-06 -0.00170296 -0.000216064 0.000620925 -0.000979486 0.00617153 -0.00372104 0.0105708 0.00167952 0.00470714 -0.00987838 0.00602526 -0.00545658 -0.0163559
internal_weight=6482.68 4769.13 4036.09 3881.36 3344.33 926.477 2417.86 537.023 1238.31 1713.55 733.035 903.082 436.776 209.944
internal_count=36748 28280 24569 23011 20084 4772 15312 2927 7427 8468 3711 5226 2155 1029
cat_boundaries=0 2 4 6 8 9
cat_threshold=2710138392 38 8024076 23 1651253004 12 1077168640 4 307334
is_linear=0
shrinkage=0.05


Tree=87
num_leaves=15
num_cat=6
split_feature=27 7 4 0 28 5 29 29 1 28 29 13 8 7
split_gain=24.1504 23.366 27.5177 24.5676 53.2439 38.2315 26.8884 25.3817 22.5558 23.7773 21.2852 20.8068 18.0842 18.1692
threshold=0 8.5000000000000018 -10.580587747571428 89.905000000000015 1 0.02449139784946237 2 3 0.80866708385481856 4 5 5.8775000000000013 11.500000000000002 1.5000000000000002
decision_type=9 2 8 8 9 8 9 9 10 9 9 10 10 2
left_child=-1 3 10 4 -2 -6 -7 11 -9 -10 -3 -5 -11 -14
right_child=1 2 -4 7 5 6 -8 8 9 12 -12 -13 13 -15
leaf_value=-0.033106749030647982 0.027778717458786795 -0.025310548150622381 -0.00096399079887723993 -0.0036469298057990166 -0.02870397761438407 -0.01787722864328976 0.0099070788772374074 -0.013847639002644255 0.014703880202925932 0.013920102569428936 -0.0030580434469549209 -0.031653638996240956 -0.033739880398334851 -0.0018630230244075945
leaf_weight=43.961176030337811 276.67973177134991 210.95251271128654 2877.4324533361942 946.60719993710518 85.716737825423479 90.701240345835686 650.83319817110896 129.97787491232157 550.59722598269582 118.60026503354311 231.12866676226258 70.353125855326653 58.882916271686554 176.84517851471901
leaf_count=213 1342 1398 18356 4596 442 428 3132 606 2981 613 1397 334 302 850
internal_value=-0.000102609 0.000177381 -0.00275047 0.00325758 0.00926841 0.00268366 0.00638179 2.07305e-05 0.00550433 0.00835691 -0.0143499 -0.00555901 -0.00188029 -0.00993449
internal_weight=6519.27 6475.31 3319.51 3155.79 1103.93 827.251 741.534 2051.86 1034.9 904.926 442.081 1016.96 354.328 235.728
internal_count=36990 36777 21151 15626 5344 4002 3560 10282 5352 4746 2795 4930 1765 1152
cat_boundaries=0 1 2 4 6 7 9
cat_threshold=82 2633878 178176 2 3386392599 58 557061 31237453 2
is_linear=0
shrinkage=0.05


Tree=88
num_leaves=15
num_cat=3
split_feature=5 2 15 28 8 25 29 29 25 24 23 25 25 6
split_gain=18.4805 18.9935 17.3781 25.9597 27.7321 26.5939 34.1297 33.544 20.9934 35.9935 21.5507 19.2905 18.3577 17.3495
threshold=0.92850571428571438 -8.8233004964928679 0.080437478174470139 0 31.500000000000004 1.4533026806106186 1 2 0.54291487028382324 0.32514197986887067 1.5125000000000002 0.54065493486491478 2.2899316067273721 2.5000000000000004
decision_type=10 2 10 9 10 8 9 9 10 10 8 10 10 10
left_child=1 -1 3 4 -3 7 12 8 9 10 -5 -11 -7 -9
right_child=-2 2 -4 5 -6 6 -8 13 -10 11 -12 -13 -14 -15
leaf_value=0.015294986859069227 -0.017168908066156539 0.014490002360918129 0.0023264995947012827 0.0017223381476473643 -0.012368769835385457 0.049909087096059256 -0.0036435806266983555 0.0065421154017386539 -0.02997953835696306 -0.004686699700114246 -0.041117366496795954 0.043726625912229179 0.011286827330665467 -0.011622010620935978
leaf_weight=215.23243092373013 146.54580733180046 353.13659327849746 3750.2308482937515 38.800792027264833 131.03727092593908 48.686911407858133 501.57033159956336 327.11801790446043 229.19996972382069 274.09761258587241 118.62123266980052 21.239621855318546 82.936159268021584 218.34435607865453
leaf_count=1165 1114 2558 19794 226 762 278 2862 1725 1340 1614 904 98 420 1851
internal_value=0.000323407 0.000732295 0.000215621 -0.00316005 0.00706479 -0.00582978 0.0024592 -0.0101518 -0.0174153 -0.0113866 -0.0306142 -0.00106917 0.0240298 -0.000723565
internal_weight=6456.8 6310.25 6095.02 2344.79 484.174 1860.62 633.193 1227.42 681.959 452.759 157.422 295.337 131.623 545.462
internal_count=36711 35597 34432 14638 3320 11318 3560 7758 4182 2842 1130 1712 698 3576
cat_boundaries=0 1 3 5
cat_threshold=3150118 3226570758 30 1106003030 56
is_linear=0
shrinkage=0.05


Tree=89
num_leaves=15
num_cat=4
split_feature=20 7 27 11 31 20 28 24 2 7 19 28 28 26
split_gain=25.7044 22.4854 22.9795 19.9179 21.9344 22.0654 21.5378 31.7907 18.7743 18.3891 23.072 26.2179 19.9498 19.7445
threshold=-83.47499999999998 40.500000000000007 0 7.1034166188520285 2.5000000000000004 -13.9975 1 0.33916453202580082 -4.5157716507687615 5.5000000000000009 96.850000000000009 2 3 490.00000000000006
decision_type=8 2 9 2 8 8 9 10 2 2 8 9 9 2
left_child=-1 2 -2 4 -4 6 -6 -8 -3 -7 12 13 -11 -12
right_child=1 8 3 -5 5 9 7 -9 -10 10 11 -13 -14 -15
leaf_value=-0.021088038257430424 -0.019572774777063977 0.051047966585268223 0.023582152915745388 0.0065889377152754981 0.0026235159720328464 0.0020647184259515493 0.065848386309500517 0.012209014788939383 -0.014800646770781578 0.006208911460622437 0.0049249227517151606 -0.016565689202641728 -0.015364030540657554 -0.015157205219859096
leaf_weight=138.60034265741706 118.38159804046154 10.265128370374439 95.377496302127838 1555.9581784904003 523.75564678572118 1515.4923039190471 35.635950244963169 115.01261609792709 301.21920923516154 125.94886268675327 917.99116387590766 213.55028501525521 650.97024892270565 140.21818746626377
leaf_count=750 593 85 492 8154 2903 7883 164 567 2960 625 5147 1230 4243 941
internal_value=0.000134003 0.00060269 0.00128259 0.00173529 -4.35856e-06 -0.000540545 0.00774611 0.0236861 -0.0124742 -0.00211026 -0.00519817 -0.00104839 -0.011981 0.00223108
internal_weight=6458.38 6319.78 6008.29 5889.91 4333.95 4238.58 674.404 150.649 311.484 3564.17 2048.68 1271.76 776.919 1058.21
internal_count=36737 35987 32942 32349 24195 23703 3634 731 3045 20069 12186 7318 4868 6088
cat_boundaries=0 1 2 3 4
cat_threshold=87154 577668 315430 16786
is_linear=0
shrinkage=0.05


Tree=90
num_leaves=15
num_cat=2
split_feature=2 8 7 7 8 20 29 20 10 29 1 8 31 26
split_gain=18.5135 16.4359 26.4551 16.344 17.2224 19.0903 22.4872 20.1928 20.002 16.5965 16.3607 22.7446 16.2367 20.6471
threshold=-6.8360182835388015 18.500000000000004 30.500000000000004 35.500000000000007 -2.4999999999999996 12.792499999999999 0 16.005000000000003 1.0000000180025095e-35 1 0.32299679487179495 1.0000000180025095e-35 2.5000000000000004 64.500000000000014
decision_type=2 8 2 2 8 10 9 10 2 9 8 10 8 2
left_child=1 2 -1 4 -2 10 7 -7 -8 -5 11 -6 -12 -14
right_child=3 -3 -4 9 5 6 8 -9 -10 -11 12 -13 13 -15
leaf_value=0.019267977240701936 0.020204721125805496 -0.00012572490899613638 0.10805224875116373 -0.021857435664260325 -0.020154659475535928 -0.020816009960447229 -0.0014636192774303103 0.017152414642713703 -0.030788789614527991 -0.0012937258825295773 0.018633144347664696 0.066294493239641455 -0.0031000247075806397 0.0033724490483844983
leaf_weight=121.07655615359545 103.86566174030304 118.22618521377444 8.1049306318163854 164.25459199398756 142.86222798377275 51.134452242404222 91.043115545064211 105.80386203154922 160.44264088198543 239.39183095097542 126.82307150214911 7.0696882009506217 2161.807575955987 2862.4278391823173
leaf_count=655 482 604 69 1839 1608 273 485 585 972 1888 648 62 11320 15306
internal_value=-1.61133e-05 0.0133691 0.0256256 -0.000550853 0.000125448 -0.000243308 -0.0106458 0.00444635 -0.01945 -0.0102671 0.000560023 -0.0156661 0.00103527 0.000587437
internal_weight=6464.33 247.408 129.181 6216.93 5813.28 5709.41 408.424 156.938 251.486 403.646 5300.99 149.932 5151.06 5024.24
internal_count=36796 1328 724 35468 31741 31259 2315 858 1457 3727 28944 1670 27274 26626
cat_boundaries=0 2 4
cat_threshold=1874192 49 1657588800 10
is_linear=0
shrinkage=0.05


Tree=91
num_leaves=15
num_cat=3
split_feature=2 5 11 28 23 8 7 28 28 24 7 3 24 21
split_gain=20.17 18.8847 18.1119 23.8081 18.5029 15.4058 15.0774 28.6191 20.8017 34.0782 21.334 27.6256 21.2872 32.3461
threshold=-6.8360182835388015 1.0698325791855205 6.878573603710378 0 48.487083333333338 -11.499999999999998 14.500000000000002 1 2 0.21587759976765683 1.5000000000000002 0.21488123419674224 0.25600196533657982 0.95678549302372906
decision_type=2 10 2 9 10 10 2 9 9 8 2 8 8 8
left_child=-1 2 6 -4 -5 -3 8 -8 9 10 -2 -12 13 -10
right_child=1 5 3 4 -6 -7 7 -9 12 -11 11 -13 -14 -15
leaf_value=0.014346793599251943 0.07695159556398036 0.045310099273992349 -0.021310538584735125 0.0045943402713122519 0.053084616766889692 -0.036350713150965434 0.0039476246963164961 -0.013427638117950705 -0.052750213471578988 0.0015631782424414655 0.064566277665458138 0.0046575404165057586 0.00039940803316227606 -0.0071604132142634811
leaf_weight=250.85472489520907 22.081393390893936 5.6051923036575309 78.954215969890356 1990.2493547126651 18.880428664386272 53.490486845374107 373.06473777070642 631.67196427099407 42.036635771393776 290.83503473550081 26.527466714382172 64.524030610918999 2186.2042850777507 411.44176804274321
leaf_count=1348 97 27 414 11042 104 569 2330 5671 359 1366 124 313 10911 2017
internal_value=0.000476199 -8.76374e-05 0.000185489 0.00396674 0.00505107 -0.0279802 -0.00176531 -0.00707285 -1.14927e-05 0.0103981 0.0338086 0.0226235 -0.00164103 -0.0114933
internal_weight=6446.42 6195.57 6136.47 2088.08 2009.13 59.0957 4048.39 1004.74 3043.65 403.968 113.133 91.0515 2639.68 453.478
internal_count=36692 35344 34748 11560 11146 596 23188 8001 15187 1900 534 437 13287 2376
cat_boundaries=0 1 2 3
cat_threshold=2163746 21632 3408166
is_linear=0
shrinkage=0.05


Tree=92
num_leaves=15
num_cat=4
split_feature=8 19 29 2 0 28 24 21 29 6 24 5 9 28
split_gain=23.2763 24.7461 35.6526 25.3041 21.3819 29.1873 24.7429 17.5728 16.7187 22.4738 22.9989 16.1245 15.9021 15.9126
threshold=-2.4999999999999996 42.500000000000007 0 -8.0615647442537064 1.5750000000000004 1 0.3572909550533328 1.0265841818058743 2 18.500000000000004 0.74044534412955476 0.76073214285714286 1.0000000180025095e-35 3
decision_type=8 8 9 2 8 9 10 8 9 8 10 10 2 9
left_child=7 2 3 -2 5 6 -3 -1 9 10 -6 -5 13 -4
right_child=1 4 12 11 8 -7 -8 -9 -10 -11 -12 -13 -14 -15
leaf_value=0.066801236559344154 0.077128504091710057 0.051574578236750823 0.0030561752490111081 0.0078504030135709228 3.3647308086274806e-05 -0.021807533132403564 -0.011091712777585382 0.01309204042362166 0.0036269322415072567 -0.016078688991831028 -0.065772321473088105 -0.027546790565365849 0.0041935622169590459 -0.024912606513195334
leaf_weight=16.745584115386009 10.906912468373774 28.430906109511852 64.119512498378754 211.40891271270812 2165.6494547612965 206.70304882153869 33.273378826677799 113.98252615332603 2856.674891423434 253.26584205776453 12.359397947788237 36.922646701335907 72.330983977764845 353.47111158259213
leaf_count=78 61 148 520 1557 10843 1336 241 538 15544 1934 58 315 503 3006
internal_value=-0.00037498 -0.000809421 -0.0093335 0.00570315 0.000341348 -0.0133992 0.0156488 0.0204268 0.00104119 -0.00200389 -0.00036979 0.00249807 -0.0170542 -0.0211432
internal_weight=6436.25 6305.52 749.16 259.238 5556.36 268.407 61.7043 130.728 5287.95 2431.27 2178.01 248.332 489.922 417.591
internal_count=36682 36066 5962 1933 30104 1725 389 616 28379 12835 10901 1872 4029 3526
cat_boundaries=0 2 3 5 6
cat_threshold=3792743504 17 2109440 3970731027 22 790546
is_linear=0
shrinkage=0.05


Tree=93
num_leaves=15
num_cat=1
split_feature=2 8 15 10 20 19 29 8 4 5 6 26 31 23
split_gain=21.9338 17.6956 19.2416 17.3165 16.0775 15.904 34.8366 17.7821 20.8666 17.4645 16.8417 15.7335 15.5577 15.0631
threshold=-0.0017448529702202007 19.500000000000004 5.6420763189840324 4.5000000000000009 -84.399999999999991 42.500000000000007 0 -1.4999999999999998 -24.926330224922339 1.0000000180025095e-35 24.500000000000004 55.500000000000007 2.5000000000000004 1.1027777777777781
decision_type=2 10 8 2 8 8 9 10 10 8 8 2 8 8
left_child=1 2 -1 -4 -2 6 9 8 -8 10 -6 -3 -7 -11
right_child=4 11 3 -5 5 12 7 -9 -10 13 -12 -13 -14 -15
leaf_value=0.036521079600285701 -0.019168889352460063 -0.020046835221829411 0.022164721639151733 -0.014639858013221091 0.070932015501081025 0.016465080357633204 -0.014158495834334987 -0.017026331687126486 0.056884302977453588 0.039161110495330907 -0.0035250430198264836 0.011321093344691717 -7.6581454104290308e-05 -0.0017500257189202611
leaf_weight=99.705326668918133 117.96083406358957 66.145273573696613 78.361967034637928 52.618190664798021 19.43888139910996 145.29632482677698 22.843778759241104 493.80858599208295 17.42426609992981 24.935668397694826 11.940677620470526 97.803984321653843 5006.6691307183355 169.27797235548496
leaf_count=555 656 347 447 294 127 746 106 4059 88 165 125 490 27203 1278
internal_value=-0.000221484 0.0111832 0.0200787 0.00738045 -0.000969646 -0.000603317 -0.00735205 -0.0141527 0.0172157 0.00896828 0.0433655 -0.0013791 0.000393033 0.00367638
internal_weight=6424.23 394.635 230.685 130.98 6029.6 5911.64 759.67 534.077 40.268 225.593 31.3796 163.949 5151.97 194.214
internal_count=36686 2133 1296 741 34553 33897 5948 4253 194 1695 252 837 27949 1443
cat_boundaries=0 2
cat_threshold=3800108368 16
is_linear=0
shrinkage=0.05


Tree=94
num_leaves=15
num_cat=2
split_feature=7 28 3 0 28 1 24 23 20 2 15 24 7 7
split_gain=21.4774 27.7973 25.4838 24.6406 21.4113 22.032 21.6222 21.0369 25.4593 24.7824 23.9763 25.8562 23.5161 20.7064
threshold=5.5000000000000009 0 0.45797102003328877 99.995000000000019 1 2.2760889292196009 0.55331029434960788 4.767500000000001 -41.969999999999992 57.262359061851015 3.6367953323138598 0.33516459545592386 20.500000000000004 16.500000000000004
decision_type=2 9 10 10 9 10 10 10 10 2 8 10 2 2
left_child=3 -2 7 4 5 -1 -6 8 9 10 -3 12 -12 -4
right_child=1 2 13 -5 6 -7 -8 -9 -10 -11 11 -13 -14 -15
leaf_value=0.012128148964426499 0.0029499385392773958 0.015133875987803769 -0.008535250395615937 -0.017655283438894706 -0.0010707794031152786 -0.0013035666929630163 -0.049349099573162775 -0.02562613998748477 -0.0089312290806177804 -0.030370065992899722 0.024954729277217154 -0.010637194493389818 -0.010477740510708378 -0.028755812555017409
leaf_weight=1104.4855407774448 1691.7220503911376 434.40746715664864 839.53214034065604 122.18045331537724 518.42453030496836 421.53830564767122 23.280654743313789 83.500158788636327 517.39731334894896 46.704715371131897 132.8664575740695 287.1054235547781 71.318931009620428 148.51528920605779
leaf_count=5901 8837 2719 3906 764 2461 2173 112 1081 3884 259 664 2048 771 1144
internal_value=5.28122e-05 -0.00201858 -0.00529092 0.00407478 0.00536671 0.00836466 -0.00317424 -0.00135711 1.93929e-05 0.00478613 0.00659074 -0.000978631 0.0125879 -0.0116006
internal_weight=6442.98 4253.07 2561.35 2189.91 2067.73 1526.02 541.705 1573.3 1489.8 972.403 925.698 491.291 204.185 988.047
internal_count=36724 25313 16476 11411 10647 8074 2573 11426 10345 6461 6202 3483 1435 5050
cat_boundaries=0 1 2
cat_threshold=286995 2658439
is_linear=0
shrinkage=0.05


Tree=95
num_leaves=15
num_cat=3
split_feature=7 29 26 29 10 24 1 26 5 24 2 11 0 29
split_gain=20.5625 21.5278 26.1537 31.8775 32.2288 48.7058 29.9841 28.7848 21.3797 19.6173 19.3729 23.0769 20.6295 19.2987
threshold=5.5000000000000009 0 1021.5000000000001 1 1.0000000180025095e-35 0.52254743481665811 1.7456086286594763 406.00000000000006 0.35881176470588233 0.38563251691553252 0.0035332151058553589 6.6020516407816192 98.655000000000015 2
decision_type=2 9 2 9 2 10 8 2 8 10 2 2 10 9
left_child=1 2 6 4 5 -4 -1 13 9 -5 12 -12 -6 -8
right_child=-2 -3 3 8 10 -7 7 -9 -10 -11 11 -13 -14 -15
leaf_value=0.0032072121837725602 -0.0021285555387093292 0.0090098199852047724 0.016912037936923394 0.019814836361960741 0.049600015466897324 -0.078221945517656863 0.0092267411770783816 -0.041632525681605581 0.0023239945242622558 -0.058453878686146023 -0.055749539159254902 0.037551787797497037 -0.0015381667490122377 -0.018146616650779598
leaf_weight=376.09752864018083 4256.8854942917824 1035.9671767838299 53.533484816551208 10.16819444298744 114.89802608639002 16.868748292326927 93.929545544087887 88.255229271948338 127.80384929478168 30.528327122330666 11.614837244153025 12.986866012215613 23.694219961762428 169.58922262862325
leaf_count=1853 25389 5653 283 49 528 69 457 539 653 154 55 66 119 859
internal_value=-0.000110655 0.00385444 -0.00094715 0.00926514 0.0206752 -0.00665884 -0.00660667 -0.0170785 -0.00736666 -0.0388919 0.033695 -0.00695421 0.0409089 -0.00872878
internal_weight=6422.82 2165.94 1129.97 402.097 233.596 70.4022 727.872 351.774 168.5 40.6965 163.194 24.6017 138.592 263.519
internal_count=36726 11337 5684 1976 1120 352 3708 1855 856 203 768 121 647 1316
cat_boundaries=0 2 4 6
cat_threshold=1620701441 55 8962305 32 9453568 7
is_linear=0
shrinkage=0.05


Tree=96
num_leaves=15
num_cat=1
split_feature=26 26 0 0 32 30 3 26 4 26 27 26 25 26
split_gain=18.3099 23.5595 21.2145 17.7143 17.7731 42.6164 23.0371 21.4796 24.2945 22.9128 22.6022 20.9329 24.5684 21.4517
threshold=3860.5000000000005 4699.5000000000009 70.00500000000001 99.215000000000018 0.90000000000000013 2.5000000000000004 1.0000000180025095e-35 388.50000000000006 134.60410459496038 1381.5000000000002 0 738.00000000000011 0.99558462709998519 1452.0000000000002
decision_type=2 2 8 10 2 2 10 2 8 2 9 2 10 2
left_child=3 2 -2 4 5 6 -1 10 11 -10 -6 12 -9 -13
right_child=1 -3 -4 -5 7 -7 -8 8 9 -11 -12 13 -14 -15
leaf_value=-0.038691636095753358 0.042220356567838464 -0.014311177504421109 0.0077979920348771117 -0.015544597486697351 -0.039651026189884697 0.0058368983989168406 -0.010173426745459339 -0.029656206313751217 -0.0024034249764387831 0.026813867979531187 0.0039345268695890334 0.0065578134706398535 -0.0012502417863420425 -0.0098046577856891262
leaf_weight=79.796147108078003 76.911078050732613 56.594970840960741 106.547109618783 184.8178033567965 19.146905779838562 483.97114281356335 587.51804545894265 184.02671830356121 164.38077720999718 112.21728133037686 3430.2926768232137 350.29940039291978 129.47871055081487 465.20854408293962
leaf_count=593 445 339 631 1052 89 2673 3280 1094 997 631 19669 2000 739 2560
internal_value=0.000186243 0.0137058 0.0223795 -0.000340088 0.000130271 -0.00545234 -0.0136364 0.00145493 -0.00375318 0.00950408 0.00357766 -0.00700662 -0.0179657 -0.00277678
internal_weight=6431.21 240.053 183.458 6191.15 6006.34 1151.29 667.314 4855.05 1405.61 276.598 3449.44 1129.01 313.505 815.508
internal_count=36792 1415 1076 35377 34325 6546 3873 27779 8021 1628 19758 6393 1833 4560
cat_boundaries=0 1
cat_threshold=338
is_linear=0
shrinkage=0.05


Tree=97
num_leaves=15
num_cat=5
split_feature=2 11 29 24 1 23 28 29 29 24 7 28 4 8
split_gain=21.2216 21.2979 20.8533 20.3305 35.3111 30.6555 30.3398 44.525 27.6932 20.2511 20.3742 24.4423 20.2381 20.139
threshold=70.627383294323053 6.9347519079338751 0 0.34342371009250333 0.67826876513317202 7.031458333333334 1 2 3 0.66626160532880696 21.500000000000004 4 9.1969179159780108 15.500000000000002
decision_type=2 2 9 10 8 10 9 9 9 10 2 9 10 8
left_child=1 2 9 4 12 6 -6 -8 -5 10 11 -1 -4 -9
right_child=-2 -3 3 8 5 -7 7 13 -10 -11 -12 -13 -14 -15
leaf_value=0.0080847366384484646 -0.0092539207846668008 0.0054356021558118707 -0.012296865851576704 0.0073763447543176309 0.0039309589935309364 -0.043825636206392238 -0.007613718921506394 0.044762103937742513 -0.0074337751507830511 -0.076358796500981402 -0.020916453641829036 -0.0065080929447540684 0.066336782069368314 0.016381482407441101
leaf_weight=367.82820028811693 569.38214366137981 1766.7962470650673 229.83720184676349 485.50482119619846 386.2109088152647 22.510701783001423 84.641120538115501 183.34737719595432 858.60052630677819 8.9712981283664686 176.75542458891869 1187.5811635702848 7.4991335906088343 97.095155589282513
leaf_count=1893 2790 10048 1968 2747 1931 200 470 896 5055 41 1973 6262 71 496
internal_value=-4.68797e-05 0.000848655 -0.00113057 0.00193758 0.0072982 0.0124697 0.0142125 0.0242779 -0.00208313 -0.00526053 -0.0048788 -0.00304403 -0.00954436 0.0338273
internal_weight=6432.56 5863.18 4096.38 2355.25 1011.14 773.805 751.295 365.084 1344.11 1741.14 1732.16 1555.41 237.336 280.443
internal_count=36841 34051 24003 13834 6032 3993 3793 1862 7802 10169 10128 8155 2039 1392
cat_boundaries=0 2 3 5 6 7
cat_threshold=1370125383 3 1339492 571834376 16 571834888 1843236
is_linear=0
shrinkage=0.05


Tree=98
num_leaves=15
num_cat=3
split_feature=25 27 2 14 4 29 29 21 23 24 24 14 2 19
split_gain=19.3453 18.9207 17.4743 16.9386 25.393 31.392 23.5437 24.7285 22.8179 28.3612 19.4712 17.6001 17.6001 21.6259
threshold=19.98918181481849 0 -8.8233004964928679 1.0000000180025095e-35 9.1969179159780108 1 2 1.0013466835483407 6.4987500000000011 0.51209211938545829 0.15198933968377457 2.3341666666666669 85.585592353639882 42.500000000000007
decision_type=10 9 2 8 10 9 9 10 10 10 10 10 2 8
left_child=1 -1 -3 6 8 10 -4 -8 12 11 -6 -10 13 -5
right_child=-2 2 3 4 5 -7 7 -9 9 -11 -12 -13 -14 -15
leaf_value=-0.018541120074457178 -0.059756913922141566 0.013910839094876302 -0.028185074270111316 -0.007332272180741878 0.034507857116769562 0.019803210881392561 -0.0073066116796916495 0.04274292584860799 -0.036754449369469561 0.017420086568552724 -0.018777711977232145 -0.002433118809303986 -0.010215749499748808 0.0023721959560369169
leaf_weight=124.78347337245941 12.606274947524069 227.07028179615736 115.17622254602611 668.06501597911119 19.548731345683336 320.12809257209301 181.86720534041524 27.530140787363052 115.99805608205497 47.985695138573647 103.79050289839506 55.091001816093922 377.2054244466126 4043.2169297300279
leaf_count=647 78 1229 736 5115 125 1755 1007 139 1071 372 556 302 1839 21977
internal_value=-0.000200476 -7.43896e-05 0.000323008 -0.000186499 0.000441528 0.0119216 -0.0112815 -0.000529398 -0.000519742 -0.0162824 -0.00936907 -0.0257813 0.000161953 0.000994828
internal_weight=6440.06 6427.46 6302.67 6075.6 5751.03 443.467 324.574 209.397 5307.56 219.075 123.339 171.089 5088.49 4711.28
internal_count=36948 36870 36223 34994 33112 2436 1882 1146 30676 1745 681 1373 28931 27092
cat_boundaries=0 1 3 5
cat_threshold=83058 580923650 16 1090801732 62
is_linear=0
shrinkage=0.05


Tree=99
num_leaves=15
num_cat=2
split_feature=25 11 28 6 20 10 25 15 24 4 25 32 2 28
split_gain=18.0585 13.2802 20.0564 16.3659 16.327 15.1149 18.0579 14.8499 13.7509 38.1539 16.8184 15.4131 13.199 13.1438
threshold=19.98918181481849 6.5350743409074665 0 40.500000000000007 27.885000000000009 40.500000000000007 0.87079190163537923 -0.69553099149074071 0.47472185774424586 -32.996703658300525 0.33058793237812389 0.90000000000000013 85.585592353639882 1
decision_type=10 2 9 8 10 2 10 10 10 10 10 2 2 9
left_child=1 4 7 8 12 6 -5 -3 11 -10 -11 -4 13 -1
right_child=-2 2 3 5 -6 -7 -8 -9 9 10 -12 -13 -14 -15
leaf_value=-0.0096205825496285674 -0.062011301251381094 0.0086443346964468395 -0.0015661503007474591 -0.030908398826476908 -0.023962896071827892 0.035655703352057908 -0.0018456673078730019 -0.022881509478294412 0.017314404754887387 0.011129219559985011 -0.021379579125366439 0.0093576061646402971 -0.016407826643374819 0.00058809155646431137
leaf_weight=340.39664246886969 10.599607013165949 52.519344344735146 405.53225060552359 76.270180134102702 78.645684260874987 17.855295352637768 173.82222671806812 124.69606001675129 143.77709097787738 48.962355803698301 199.50861132144928 1579.0074257180095 133.9272300414741 3062.2404926232994
leaf_count=1895 68 299 2159 716 501 108 1302 669 809 301 1057 8518 651 17881
internal_value=0.000319012 0.000431263 0.0030012 0.00409895 -0.00157505 -0.00758014 -0.0107967 -0.0128229 0.00543546 -0.00311259 -0.0149546 0.00712572 -0.00107055 -0.000462239
internal_weight=6447.76 6437.16 2821.95 2644.74 3615.21 267.948 250.092 177.215 2376.79 392.248 248.471 1984.54 3536.56 3402.64
internal_count=36934 36866 15938 14970 20928 2126 2018 968 12844 2167 1358 10677 20427 19776
cat_boundaries=0 1 2
cat_threshold=3735584 204880
is_linear=0
shrinkage=0.05


Tree=100
num_leaves=15
num_cat=2
split_feature=8 1 20 29 26 15 7 29 0 25 15 24 3 25
split_gain=18.2128 23.3811 20.6469 23.9277 26.5723 18.6748 25.0224 26.2729 32.6334 22.7289 22.2239 22.0338 21.537 19.7979
threshold=-2.4999999999999996 0.22684391080617497 1.0025000000000051 0 3860.5000000000005 1.0000000180025095e-35 5.5000000000000009 1 0.99500000000000011 0.47220908713490856 4.1249837148420179 0.13879835678922472 0.97782484051036689 7.3504330724860845
decision_type=8 8 10 9 2 8 2 9 10 10 8 10 10 10
left_child=-1 -2 5 -4 -5 -3 7 8 12 -9 11 -8 13 -7
right_child=1 2 3 4 -6 6 10 9 -10 -11 -12 -13 -14 -15
leaf_value=0.018468914782882886 -0.01948081792506258 -0.0056862048582904841 0.0017910706486152562 -0.016593609991451097 0.021842287455770406 -0.011848574287919324 -0.015080649704246296 0.029002465824507148 0.014183764136920428 0.0088454941340703249 -0.0034793707281743861 0.0070400972325453462 0.023571753296729215 -0.072644191348430059
leaf_weight=128.21793404966593 157.07457179948688 797.22878657840192 500.03566325828433 527.31208587810397 48.294283840805292 254.88210025057197 122.79489525780082 221.10913011431694 254.75818431377411 381.40858990699053 1725.4805233310908 1247.0709673576057 40.650282755494118 13.199027821421621
leaf_count=603 2068 4469 2896 3014 279 1270 844 1315 1316 2037 9838 6577 222 59
internal_value=-0.00011268 -0.000494251 -4.98011e-06 -0.00629235 -0.0131091 0.00133293 0.00264712 0.0088863 0.000950529 0.0160131 0.000294724 0.00504764 -0.00994909 -0.0151007
internal_weight=6419.52 6291.3 6134.22 1075.64 575.606 5058.58 4261.35 1166.01 563.49 602.518 3095.35 1369.87 308.731 268.081
internal_count=36807 36204 34136 6189 3293 27947 23478 6219 2867 3352 17259 7421 1551 1329
cat_boundaries=0 2 4
cat_threshold=1645485392 41 3801692433 49
is_linear=0
shrinkage=0.05


Tree=101
num_leaves=15
num_cat=4
split_feature=22 23 23 3 29 29 28 5 10 22 24 2 29 19
split_gain=16.6684 29.9094 21.6811 17.9535 23.9732 17.3595 21.3078 19.9004 16.9148 19.2258 20.5667 16.3497 16.1517 16.3642
threshold=0.92166666666666675 0.86541666666666706 2.1522222222222229 1.0000000180025095e-35 0 1 2 0.65456272727272735 13.500000000000002 29.635000000000002 0.44323014412418815 311.74165582750805 3 88.715000000000018
decision_type=8 10 8 8 9 9 9 8 2 8 10 2 9 8
left_child=1 12 -2 4 -4 6 7 -5 -8 -10 -11 -7 -1 -14
right_child=2 -3 3 5 -6 11 8 -9 9 10 -12 -13 13 -15
leaf_value=-0.011957400464571602 -0.018902229805239559 0.036022830898088061 0.0084288231784762687 -0.0043030811724035422 -0.031859564140580443 0.0023442184366067771 -0.0040132259497449724 0.034819463058234405 0.031678062417885566 -0.014217765955103615 -0.05107450684320284 -0.022985488504760832 0.022665604133872294 -0.0049636942200723608
leaf_weight=110.12674451246858 153.53601805120707 85.91419655829668 57.975334450602531 65.836758010089397 85.982269352301955 4389.1626673080027 902.82220638170838 62.828913394361734 15.952524349093435 144.37847593426704 50.950999863445759 63.651734925806522 127.3023586422205 91.511702567338943
leaf_count=673 935 546 541 394 826 24970 4809 378 87 766 272 307 779 500
internal_value=0.000254592 0.00993468 -0.000417032 7.21427e-05 -0.0173046 0.000514305 -0.0046864 0.0138537 -0.00694207 -0.0197064 -0.0240429 0.00197263 0.00303233 0.0106558
internal_weight=6407.93 414.855 5993.08 5839.54 143.958 5695.58 1242.77 128.666 1114.1 211.282 195.329 4452.81 328.941 218.814
internal_count=36783 2498 34285 33350 1367 31983 6706 772 5934 1125 1038 25277 1952 1279
cat_boundaries=0 2 4 5 7
cat_threshold=2684913728 41 1746999555 35 262917 2167950404 24
is_linear=0
shrinkage=0.05


Tree=102
num_leaves=15
num_cat=5
split_feature=27 24 33 8 30 15 7 26 0 28 33 28 3 15
split_gain=16.0037 16.2972 13.6456 27.5738 27.7542 17.4687 17.7206 39.0531 30.3636 26.7548 28.8416 23.9938 32.6893 23.187
threshold=0 0.36714027810126665 1 10.500000000000002 3.5000000000000004 1.0000000180025095e-35 8.5000000000000018 388.50000000000006 91.705000000000013 2 3 4 0.93682318931149666 4.9304912957086318
decision_type=9 10 1 10 2 8 2 2 8 9 1 9 10 10
left_child=1 -1 3 4 -2 -4 8 11 -7 -10 -11 12 -8 -13
right_child=2 -3 5 -5 -6 6 7 -9 9 10 -12 13 -14 -15
leaf_value=-0.0052336371251497154 0.011359096982800354 -0.043915093829267005 -0.0068725968978749627 -0.0024601259442198794 0.057219725398785816 0.011614972278664653 0.004059937686123026 -0.01448179271976361 -0.0091465023104836864 -0.00051416511276575335 0.01948026902296307 -0.00028907298018627473 0.045035971558603137 -0.017092672259756213
leaf_weight=75.361050583422184 111.3957969173789 41.921853289008141 921.7606555018574 211.66860633343458 46.295549049973488 812.40396532416344 1076.8013199828565 515.68661160580814 541.72992764413357 681.53748880699277 244.24387445300817 810.65007220767438 49.997508443892002 273.93371656537056
leaf_count=404 665 201 5301 1126 233 3914 5804 3721 2687 3390 1369 6252 215 1566
internal_value=-0.000326034 -0.0178088 3.05273e-05 0.00934162 0.0250987 -0.000550978 0.00061394 -0.00210552 0.00386625 -0.00042837 0.0047252 0.000785827 0.00586442 -0.00450351
internal_weight=6415.39 117.283 6298.11 369.36 157.691 5928.75 5006.98 2727.07 2279.92 1467.51 925.781 2211.38 1126.8 1084.58
internal_count=36848 605 36243 2024 898 34219 28918 17558 11360 7446 4759 13837 6019 7818
cat_boundaries=0 1 2 3 4 5
cat_threshold=87314 1 619602 4 3433746
is_linear=0
shrinkage=0.05


Tree=103
num_leaves=15
num_cat=5
split_feature=25 2 0 29 23 1 23 14 28 27 31 11 29 28
split_gain=16.0045 15.3714 16.7216 16.6334 16.9112 15.4463 15.3267 15.2643 14.8879 13.1116 15.4065 14.153 23.5305 20.9263
threshold=19.98918181481849 -8.8233004964928679 99.995000000000019 0 -0.50208333333333321 0.22684391080617497 -0.72472222222222205 -10.262499999999998 1 2 2.5000000000000004 6.5350743409074665 3 4
decision_type=10 2 10 9 10 8 8 8 9 9 8 2 9 9
left_child=1 8 5 -4 -5 6 -3 -7 -1 -9 -11 13 -13 -12
right_child=-2 2 3 4 -6 7 -8 9 -10 10 11 12 -14 -15
leaf_value=-0.019616953761677432 -0.059361084550456571 0.051571096022678543 0.011934255322146509 -0.038885355201599248 0.035640725372920116 -0.03542994388904061 -0.018131758896259988 -0.015626550794033928 0.0171156482240046 0.018759879737850975 0.011358141346785889 0.010397088849021206 8.9784544471522928e-05 -0.0026938579654018132
leaf_weight=23.906088814139366 10.24450012296438 7.3455122001469135 31.497948028147221 76.659960139542818 7.6605840325355521 28.154398184269667 158.72796589136124 107.55019892752171 203.58474414795637 120.95411565154791 280.93034347891808 834.74690115824342 1614.6091525703669 2880.1589482650161
leaf_count=130 69 76 182 531 44 154 2016 578 1108 638 1337 4585 8830 16470
internal_value=0.000237929 0.000342974 -0.000130195 -0.0188667 -0.0284426 0.000232557 -0.0147585 0.000659336 0.0130771 0.000839389 0.00117625 0.000795994 0.00364815 -0.00141444
internal_weight=6386.73 6376.49 6149 115.818 84.3205 6033.18 166.073 5867.1 227.491 5838.95 5731.4 5610.45 2449.36 3161.09
internal_count=36748 36679 35441 757 575 34684 2092 32592 1238 32438 31860 31222 13415 17807
cat_boundaries=0 2 3 4 6 7
cat_threshold=1074005568 37 589840 21586 37572948 22 3147186
is_linear=0
shrinkage=0.05


Tree=104
num_leaves=15
num_cat=0
split_feature=25 9 19 22 23 11 0 8 7 11 6 1 24 6
split_gain=14.3773 14.9781 30.8397 20.9485 26.643 17.0254 18.4072 16.12 20.1863 16.3289 22.4836 16.244 14.5915 23.992
threshold=19.98918181481849 2.5000000000000004 88.215000000000018 0.92166666666666675 0.76875000000000038 6.878573603710378 40.005000000000003 1.5000000000000002 57.500000000000007 7.5353019774788388 21.500000000000004 0.33421985815602845 0.17313900117507183 60.500000000000007
decision_type=10 2 10 10 10 2 8 10 2 2 10 8 10 10
left_child=1 2 3 4 7 -5 -7 9 11 12 -11 -9 -1 -14
right_child=-2 -3 -4 5 -6 6 -8 8 -10 10 -12 -13 13 -15
leaf_value=0.0069424256905152529 -0.058040760456873987 0.0037061317251982557 -0.011289009781798753 -0.021695180690357575 0.042906468564260891 -0.021316351632150191 0.020421139818511624 0.06631893106129369 -0.042669365281205504 0.022222457359351161 -0.0062822215505013122 0.0041198449292007252 -0.0077766721439416434 0.039135010427323424
leaf_weight=225.95610215142369 9.804639767855404 1698.5636807754636 719.5250911526382 190.70889863744378 36.528011653572321 44.073556758463383 62.853462561964989 9.5644135959446412 21.990551367402077 141.80753099545836 133.50463104620576 1781.7165100127459 1288.3252873644233 26.865269955247641
leaf_count=1683 69 8458 3714 1808 259 407 397 81 219 767 1210 9084 8345 258
internal_value=-0.000412334 -0.00031472 -0.00177347 -4.37954e-05 0.00099321 -0.0127781 0.00317953 0.000559712 0.00389365 -0.00276869 0.00842723 0.00448877 -0.00477291 -0.00678941
internal_weight=6391.79 6381.98 4683.42 3963.89 3666.26 297.636 106.927 3629.73 1813.27 1816.46 275.312 1791.28 1541.15 1315.19
internal_count=36759 36690 28232 24518 21906 2612 804 21647 9384 12263 1977 9165 10286 8603
is_linear=0
shrinkage=0.05


Tree=105
num_leaves=15
num_cat=2
split_feature=27 31 22 7 7 26 29 3 23 23 24 7 3 26
split_gain=13.7278 14.7534 14.2259 16.7643 14.1045 20.7227 36.0507 19.4662 16.9968 22.0501 18.6328 18.2851 17.7601 19.9907
threshold=0 2.5000000000000004 3.0050000000000003 5.5000000000000009 14.500000000000002 382.50000000000006 1 0.88002481289273649 65.545625000000015 19.280208333333334 0.45947331947331954 3.5000000000000004 0.49169334835856837 28.500000000000004
decision_type=9 8 8 2 2 2 9 10 10 10 10 2 8 2
left_child=2 -2 3 -1 8 7 -7 -6 9 12 -11 -12 -3 -14
right_child=1 4 -4 -5 5 6 -8 -9 -10 10 11 -13 13 -15
leaf_value=0.029072729067162479 0.018418430699211268 0.0065152398721695648 -0.032144480090898118 -0.016491610266343548 -0.0023018735748171638 0.015958325587642163 -0.025738903771551941 0.027593649433769657 0.034078992219393436 -0.039370554104696448 0.030230288610036994 -0.016478145776169999 -0.006880551077563391 0.002650838748094611
leaf_weight=28.815099723637104 112.60261372476816 1513.2725483812392 66.632579199969769 61.528886020183563 1528.6647190582007 62.578679371625185 203.83531790599227 55.463048581033945 39.425430472940207 56.750100433826447 27.681810609996319 76.853956859558821 797.37618796527386 1768.1467112675309
leaf_count=142 586 7528 346 357 11192 493 2131 274 216 448 133 417 3855 8753
internal_value=0.000185286 0.000563567 -0.013921 -0.00179974 0.000233561 -0.00341256 -0.0162872 -0.00123843 0.00181065 0.00150264 -0.0165725 -0.00394018 0.00222126 -0.000313087
internal_weight=6399.63 6242.65 156.977 90.344 6130.05 1850.54 266.414 1584.13 4279.51 4240.08 161.286 104.536 4078.8 2565.52
internal_count=36871 36026 845 499 35440 14090 2624 11466 21350 21134 998 550 20136 12608
cat_boundaries=0 1 3
cat_threshold=88178 2688655360 1
is_linear=0
shrinkage=0.05


Tree=106
num_leaves=15
num_cat=4
split_feature=9 15 19 29 29 19 8 22 29 11 20 20 29 7
split_gain=14.4877 23.1205 22.8408 22.0527 20.3585 18.6004 17.9033 17.3813 22.4578 22.8733 15.3564 14.9548 31.2831 24.3383
threshold=2.5000000000000004 14.061738665171388 88.215000000000018 0 1 98.750000000000014 50.500000000000007 0.92166666666666675 2 8.7837026868986054 -84.824999999999989 -14.119999999999996 3 24.500000000000004
decision_type=2 8 10 9 9 10 10 10 9 2 8 8 9 2
left_child=2 4 7 -4 -2 10 -5 11 -9 -10 -6 12 -1 -14
right_child=1 -3 3 6 5 -7 -8 8 9 -11 -12 -13 13 -15
leaf_value=-0.0061142515311817715 0.0097917313457688109 0.024025973706991142 -0.020041308782374801 0.0031118744410550151 -0.042384322392739926 -0.024279632018362987 -0.020944087492927532 0.0060280074423110716 -0.028017155328970068 0.039941128822482151 0.0011130473217482899 -9.1959614681704196e-05 0.026747326288942014 -0.011844068016145865
leaf_weight=196.30625018849969 572.35075655579567 133.22867006808519 281.7992939800024 347.75587443262339 19.768690809607506 84.577465057373047 98.39918677508831 114.88095339387655 165.89618383534253 12.507660917937754 881.19173150137067 3183.4354028441012 237.30041693896055 48.705679446458817
leaf_count=1048 2878 670 1452 1768 97 424 547 1010 1533 79 4377 19331 1217 340
internal_value=0.000147892 0.00411369 -0.00128359 -0.00941708 0.0023965 -0.001983 -0.00217987 0.000213934 -0.0114774 -0.0218393 0.000112704 0.0011522 0.00934729 0.0194783
internal_weight=6378.1 1691.12 4686.99 727.954 1557.89 985.538 446.155 3959.03 293.285 178.404 900.96 3665.75 482.312 286.006
internal_count=36771 8446 28325 3767 7776 4898 2315 24558 2622 1612 4474 21936 2605 1557
cat_boundaries=0 2 3 5 7
cat_threshold=8454426 49 538451806 547913736 3 3862542 3
is_linear=0
shrinkage=0.05


Tree=107
num_leaves=15
num_cat=3
split_feature=27 23 20 22 23 1 22 14 29 18 7 26 29 6
split_gain=15.2433 13.9481 13.9464 15.3277 24.4176 22.9091 17.4317 17.0574 16.4809 18.9085 12.9022 21.7085 28.3064 25.6917
threshold=0 2.1522222222222229 41.875000000000007 0.92166666666666675 0.86541666666666706 2.0492815219591178 1.5883333333333336 -5.5899999999999999 1 2.5000000000000022 14.500000000000002 382.50000000000006 2 17.500000000000004
decision_type=9 10 10 8 10 8 8 8 9 8 2 2 9 8
left_child=1 -1 3 4 5 8 -5 -8 9 -2 -9 -12 13 -13
right_child=2 -3 -4 6 -6 -7 7 10 -10 -11 11 12 -14 -15
leaf_value=-0.023668232665886049 0.020785562788127529 0.020007856745212868 -0.026952464272882504 -0.045817014464550672 0.034457189975697765 -0.027512483928729872 -0.034542970534166974 0.0022722700429638667 0.019031855521197287 -0.023054543799342887 -0.00066206925141544146 -0.0135800593845781 -0.025242801070079215 0.055420091007939709
leaf_weight=113.4108261577785 38.506625093519688 20.962846577167511 44.024658612906933 19.394825279712677 82.81790679320693 47.654826499521732 33.539514746516943 3994.3502570707351 162.00751956552267 64.322116803377867 1525.0016682855785 29.70141789317131 185.74046179652214 23.259899135679007
leaf_count=594 222 107 313 159 533 264 184 19877 949 431 10843 202 1865 313
internal_value=0.000403607 -0.0156044 0.000773924 0.000976159 0.0104902 0.00404871 0.000327245 0.000489656 0.00980999 -0.00601609 0.000699676 -0.00286113 -0.0168489 0.0145019
internal_weight=6384.7 134.374 6250.32 6206.3 395.309 312.491 5810.99 5791.59 264.836 102.829 5758.05 1763.7 238.702 52.9613
internal_count=36856 701 36155 35842 2399 1866 33443 33284 1602 653 33100 13223 2380 515
cat_boundaries=0 1 3 4
cat_threshold=17778 52976708 24 541696004
is_linear=0
shrinkage=0.05


Tree=108
num_leaves=15
num_cat=3
split_feature=5 8 3 29 22 8 22 5 23 23 29 25 28 7
split_gain=14.8388 14.764 14.3846 31.1703 15.796 21.0372 19.7561 17.2501 15.5548 27.9838 17.0171 15.0365 18.2907 16.1908
threshold=0.94256236933797932 -2.4999999999999996 1.0000000180025095e-35 0 0.92166666666666675 23.500000000000004 1.8133333333333337 0.72077329462989859 48.487083333333338 19.280208333333334 1 -0.46995551964468169 2 6.5000000000000009
decision_type=10 10 8 9 8 10 8 8 10 10 9 8 9 2
left_child=2 -2 3 -1 5 7 -6 -4 9 11 -11 -8 13 -13
right_child=1 -3 4 -5 6 -7 8 -9 -10 10 -12 12 -14 -15
leaf_value=-0.030870984846399014 0.022709935569875606 -0.023632693924601347 0.030365325784630505 0.0077187947110936199 -0.039172072198432939 -0.0062396704836083445 0.01617677379373994 0.00099079098608798109 0.026125106246445241 0.017582925990889085 -0.026888603762371233 -0.0044611881718080648 0.00077922431002133143 -0.032758589795990799
leaf_weight=99.287107385694981 19.442531228065491 112.16327709704638 143.65239580348134 96.747893357649446 30.924967899918556 113.29800562560558 149.48559998348355 76.469888955354691 56.586789153516293 20.5594352632761 128.47158153541386 150.12956377118826 5091.6053649354726 75.508231293410063
leaf_count=909 91 977 870 835 219 625 842 469 342 131 896 725 28408 453
internal_value=-0.00011603 -0.0166667 0.00023606 -0.0130585 0.000669879 0.0112314 5.05816e-05 0.0202113 0.000271286 6.16683e-06 -0.0212975 0.000590725 0.00014959 -0.0134405
internal_weight=6364.33 131.606 6232.73 196.035 6036.69 333.42 5703.27 220.122 5672.35 5615.76 149.031 5466.73 5317.24 225.638
internal_count=36792 1068 35724 1744 33980 1964 32016 1339 31797 31455 1027 30428 29586 1178
cat_boundaries=0 2 4 5
cat_threshold=1130181646 18 32776 18 2818120
is_linear=0
shrinkage=0.05


Tree=109
num_leaves=15
num_cat=5
split_feature=25 30 29 32 24 24 20 29 26 28 25 25 29 29
split_gain=13.4768 12.946 29.4903 21.3703 24.9486 28.0005 19.7757 31.4911 19.1371 18.0686 41.5876 88.0777 32.3 30.6056
threshold=19.98918181481849 3.5000000000000004 0 0.90000000000000013 0.52079093004519061 0.4045584177754849 -9.5249999999999986 1 3085.5000000000005 2 0.35430313156638621 0.30088001257956104 3 4
decision_type=10 2 9 2 10 10 10 9 2 9 8 10 9 9
left_child=1 3 -3 4 5 -1 9 8 -8 10 11 13 -12 -5
right_child=-2 2 -4 6 -6 -7 7 -9 -10 -11 12 -13 -14 -15
leaf_value=-0.0041206654517643186 -0.054342074909452698 0.019450213468978947 -0.0030474007513626596 -0.013239584979671166 0.015715698184013759 -0.0241748574828183 -0.020795289541317735 0.00020651477552326012 0.028454015064123369 -0.00085612362189127391 -0.00096227148066505724 -0.051336448913554593 0.016030184876091574 0.014401578138526978
leaf_weight=557.42078044265509 10.313546113669871 259.85697041451931 314.66555530019104 153.64894053153694 102.23198273032904 252.44777568243444 315.45213131606579 1024.4875002428889 20.183638852089643 1696.7784359864891 406.54365703463554 87.274137433618307 919.62511041387916 247.12958750501275
leaf_count=3308 75 1460 1770 1096 546 1468 1969 6117 133 8990 2337 546 5377 1636
internal_value=0.000180758 0.000277737 0.00742941 -0.000433893 -0.00745347 -0.010394 0.000881758 -0.00423482 -0.0172456 0.00286451 0.00631277 -0.00612223 0.0109378 0.00382696
internal_weight=6368.06 6357.75 574.523 5783.22 912.101 809.869 4871.12 1360.12 335.636 3511 1814.22 488.053 1326.17 400.779
internal_count=36828 36753 3230 33523 5322 4776 28201 8219 2102 19982 10992 3278 7714 2732
cat_boundaries=0 2 4 5 7 9
cat_threshold=1076368458 55 2168676367 2 3442454 12208212 19 1129094408 21
is_linear=0
shrinkage=0.05


Tree=110
num_leaves=15
num_cat=6
split_feature=23 21 24 7 21 7 28 29 3 6 29 28 29 29
split_gain=16.2493 13.9786 16.9313 38.8254 13.5013 13.0791 24.9057 17.2831 16.7604 22.2902 22.277 21.391 25.7461 18.0466
threshold=65.545625000000015 0.95678549302372906 0.28391499723847607 5.5000000000000009 0.92652999777653033 18.500000000000004 0 1 0.44810456524454062 4.5000000000000009 2 3 4 5
decision_type=10 8 10 2 10 2 9 9 8 10 9 9 9 9
left_child=1 2 4 -4 -1 8 -7 -8 11 10 -10 -3 -13 -11
right_child=-2 5 3 -5 -6 6 7 -9 9 13 -12 12 -14 -15
leaf_value=-0.049403746046557485 0.027809052896936193 0.021279714082783362 0.032845538776634153 -0.018103615968912769 -0.012523122128664502 -0.014673285607050071 -0.01105115874526731 0.0040505726676848151 -0.0090724255901525122 0.0049828967815478522 0.0026746970260898176 -0.007003268716374033 0.0072284112110807932 -0.019400323098385939
leaf_weight=41.126992169767618 49.626418888568878 171.86360614001751 53.832919977605343 116.5738769043237 62.743724273517728 403.12613349035382 246.89984283223748 702.8851266130805 485.61691528558731 105.5354427434504 2144.3515897169709 439.23720934800804 1080.8424081653357 257.74069233611226
leaf_count=497 340 836 279 920 532 4537 1746 4298 2397 541 10526 2384 5611 1313
internal_value=-0.000405045 -0.000631228 -0.0116501 -0.00191063 -0.0274576 -0.000128857 -0.00445749 4.32474e-05 0.00112178 -0.00112669 0.00047868 0.00509789 0.0030953 -0.0127183
internal_weight=6362 6312.38 274.278 170.407 103.871 6038.1 1352.91 949.785 4685.19 2993.24 2629.97 1691.94 1520.08 363.276
internal_count=36757 36417 2228 1199 1029 34189 10581 6044 23608 14777 12923 8831 7995 1854
cat_boundaries=0 1 3 5 6 8 10
cat_threshold=2195591 2728396880 1 3239226369 6 262422 678155020 10 38390848 35
is_linear=0
shrinkage=0.05


Tree=111
num_leaves=15
num_cat=6
split_feature=2 20 29 19 8 29 8 10 29 29 29 15 29 11
split_gain=16.3033 13.1285 20.4429 12.1946 17.9487 32.2905 23.6977 19.6992 21.4207 18.2233 15.5322 15.4975 24.0577 14.6886
threshold=311.74165582750805 10.717500000000003 0 84.725000000000009 1.5000000000000002 1 6.5000000000000009 1.0000000180025095e-35 2 3 4 8.4831207299878084 5 7.5711414551441951
decision_type=2 10 9 10 8 9 8 2 9 9 9 8 9 2
left_child=1 3 -3 4 5 13 9 10 -9 -6 -8 12 -7 -1
right_child=-2 2 -4 -5 6 11 7 8 -10 -11 -12 -13 -14 -15
leaf_value=0.0096478522894185136 -0.021203808594872184 0.0064753112978802006 -0.013812942302193681 -0.0028039315800040838 -0.0054288049483714289 -0.017132641182845944 0.0072644170062517782 -0.0015950441038516689 0.011449411109508558 0.023955747796142464 -0.007635881539116221 -0.010796029855662538 0.0048978252634216254 0.042663022882922702
leaf_weight=181.46496372483671 91.224403791129589 178.32202769629657 373.38883055560291 1747.6323561295867 68.534674145281315 147.86158886924386 242.06897758692503 498.60654783807695 850.3582464531064 234.46162426285446 565.02149806916714 619.88825418800116 552.43404551595449 40.664000377058983
leaf_count=1335 461 1036 2324 8868 388 1142 1241 2736 4463 1227 2937 4946 3541 312
internal_value=-0.000333479 -2.79924e-05 -0.00738835 0.000679517 0.00220127 -0.00202638 0.00485258 0.00300834 0.00670329 0.0179227 -0.003168 -0.00500701 5.40184e-05 0.0151758
internal_weight=6391.93 6300.71 551.711 5749 4001.36 1542.31 2459.05 2156.06 1348.96 302.996 807.09 1320.18 700.296 222.129
internal_count=36957 36496 3360 33136 24268 11276 12992 11377 7199 1615 4178 9629 4683 1647
cat_boundaries=0 2 4 6 8 10 12
cat_threshold=1108642816 17 2684395856 34 1640795408 2 538216472 50 1641386048 5 1075204104 9
is_linear=0
shrinkage=0.05


Tree=112
num_leaves=15
num_cat=4
split_feature=8 20 7 28 29 23 26 29 24 26 26 26 29 3
split_gain=18.5727 17.2709 18.0927 22.4693 22.3201 22.0237 20.3482 23.773 21.5367 19.3766 32.2653 47.4616 28.4127 24.8081
threshold=-2.4999999999999996 38.125000000000007 5.5000000000000009 0 1 4.4372916666666677 433.50000000000006 2 0.74044534412955476 1021.5000000000001 1758.0000000000002 1812.0000000000002 3 0.83739149595943319
decision_type=8 10 2 9 9 8 2 9 10 2 2 2 9 8
left_child=-1 2 3 4 5 -2 8 -8 -4 -7 -11 -12 13 -13
right_child=1 -3 6 -5 -6 9 7 -9 -10 10 11 12 -14 -15
leaf_value=0.019355217838655181 0.027677911479677599 -0.028870095749270783 0.0005094058036731069 -0.0046518793212601646 0.012557755664697749 -0.010411182937872538 -0.021275664869311425 -0.0031305283438455623 -0.046737791030175863 0.032217103232569218 -0.067771946192948004 0.053019443597395535 -0.010040927835208997 -0.0090616440129440336
leaf_weight=125.13638879358768 66.485029250383377 50.460422646254301 3184.1393275186419 550.39127326756716 836.2099813260138 345.12463831156492 244.74107909202576 655.93852403201163 23.303535118699074 87.945164375007153 24.414878316223621 45.7638890594244 118.90124282240868 24.139904424548149
leaf_count=587 401 368 19094 2699 4780 1862 1647 3919 124 429 107 204 598 106
internal_value=0.000359587 -2.32878e-05 0.000215819 0.00399081 0.00704733 0.000490035 -0.00171382 -0.0083499 0.000151673 -0.0023377 0.00691806 -0.00361852 0.00499069 0.0278304
internal_weight=6383.1 6257.96 6207.5 2099.38 1548.98 712.775 4108.12 900.68 3207.44 646.29 301.165 213.22 188.805 69.9038
internal_count=36925 36338 35970 11186 8487 3707 24784 5566 19218 3306 1444 1015 908 310
cat_boundaries=0 1 3 5 6
cat_threshold=2920477 2710141441 30 3560014 8 524288
is_linear=0
shrinkage=0.05


Tree=113
num_leaves=15
num_cat=0
split_feature=8 2 6 5 25 1 13 19 24 25 7 24 24 10
split_gain=16.0782 15.3141 16.9783 16.7639 12.9212 12.6789 11.4939 13.3196 11.4155 37.2791 12.6802 11.9603 21.411 22.5909
threshold=-2.4999999999999996 -8.8233004964928679 24.500000000000004 0.96710975609756111 19.98918181481849 0.22684391080617497 16.012500000000003 35.335000000000008 0.84967052394728393 -0.62659550619840088 4.5000000000000009 0.65189241520102781 0.61660736151625761 7.5000000000000009
decision_type=8 2 10 10 10 8 8 8 10 10 2 10 10 2
left_child=6 2 -2 4 5 -3 7 -1 11 10 -10 12 -7 -14
right_child=1 3 -4 -5 -6 8 -8 -9 9 -11 -12 -13 13 -15
leaf_value=0.071783289804328312 0.0092111706226116023 -0.015390826349285331 0.070024428764913452 -0.023135132481088172 -0.054580938707030763 2.1152350504425804e-05 0.0076821930786337327 0.011441857388933108 0.054827433233310623 -0.085746937329808356 -0.021897520386482613 0.014965832852961304 -0.006395112065634645 -0.063006492773758652
leaf_weight=17.002866163849831 197.22624072432518 139.15739005059004 11.232320148497818 82.93712224252522 10.078391917049883 5542.3620220720768 90.773597367107868 19.515082105994225 9.6955034434795397 14.799573719501494 10.029573142528532 129.52921415865421 50.28949323669076 26.348907433450222
leaf_count=78 1054 1855 100 810 72 30997 428 90 70 77 60 669 266 148
internal_value=-0.000122717 -0.000483808 0.0128066 -0.000946442 -0.000632383 -0.000531375 0.0173983 0.0407015 -0.000171213 -0.0284275 0.016641 3.40423e-06 -0.000344111 -0.0264194
internal_weight=6350.98 6223.69 208.459 6015.23 5932.29 5922.21 127.292 36.5179 5783.05 34.5247 19.7251 5748.53 5619 76.6384
internal_count=36774 36178 1154 35024 34214 34142 596 168 32287 207 130 32080 31411 414
is_linear=0
shrinkage=0.05


Tree=114
num_leaves=15
num_cat=4
split_feature=7 26 26 29 29 15 8 0 29 0 24 29 2 24
split_gain=15.2122 21.2212 23.4748 25.8123 19.8377 19.8206 18.768 16.2046 17.7096 16.0857 16.044 15.641 20.5953 15.2376
threshold=7.5000000000000009 359.00000000000006 64.500000000000014 0 1 4.9304912957086318 47.500000000000007 97.455000000000013 2 72.515000000000015 0.32807931593169709 3 24.146995429895295 0.20935721017127384
decision_type=2 2 2 9 9 8 10 10 9 10 10 9 2 8
left_child=7 2 3 -2 10 6 11 -1 -9 -6 -3 -5 -13 -7
right_child=1 4 -4 5 9 13 -8 8 -10 -11 -12 12 -14 -15
leaf_value=0.0046564890335725447 -0.012812925433504456 -0.03902847045101477 0.0058231739291030697 0.030516312434504828 0.0013646873515732213 0.017214189756690951 -0.014287823201730374 0.0036838213267874954 -0.017682757609644738 -0.021274568371710472 -0.012792344378033019 0.010968087719716576 -0.014509246223782815 -0.0081638658838325585
leaf_weight=2122.2502429001033 514.61642102338374 74.272175570949912 1085.8865003641695 67.92793688736856 441.16631380468607 64.412588117644191 94.762926690280437 201.63661187142134 173.81975600123405 94.408092776313424 267.1179673448205 423.62766169570386 96.635195031762123 622.25868565030396
leaf_count=11136 3230 533 6781 386 2892 469 445 1031 938 462 1848 2368 452 3834
internal_value=-7.54078e-05 -0.00204793 -2.91621e-05 -0.00340316 -0.00887731 0.00023099 0.00625932 0.00296237 -0.00660052 -0.00260961 -0.0180698 0.00958829 0.00610007 -0.00576173
internal_weight=6344.8 3847.09 2970.13 1884.24 876.965 1369.62 682.954 2497.71 375.456 535.574 341.39 588.191 520.263 686.671
internal_count=36805 23700 17965 11184 5735 7954 3651 13105 1969 3354 2381 3206 2820 4303
cat_boundaries=0 2 4 6 8
cat_threshold=1133366544 12 4083786 58 1627173392 1 2147496006 2
is_linear=0
shrinkage=0.05


Tree=115
num_leaves=15
num_cat=3
split_feature=25 26 29 20 29 29 24 26 22 32 30 2 0 14
split_gain=15.0043 12.2153 38.8621 20.6351 33.0291 29.7657 29.7098 25.6188 22.9034 20.5999 22.4634 19.0944 20.6225 18.6372
threshold=-2.2606314832280376 64.500000000000014 0 -13.9975 1 2 0.66170451747502412 3860.5000000000005 1.0000000180025095e-35 0.90000000000000013 1.5000000000000002 92.086672686835939 90.205000000000013 1.0000000180025095e-35
decision_type=8 2 9 10 9 9 10 2 10 2 2 2 10 8
left_child=-1 2 -2 4 8 7 -7 -5 11 10 -4 12 13 -3
right_child=1 3 9 5 -6 6 -8 -9 -10 -11 -12 -13 -14 -15
leaf_value=0.034518987471939114 -0.011707787172363005 -0.012324533425220323 -0.024928991311190252 -0.015511071318283368 0.00062217564954765903 0.0012912416459379919 0.054940188127109324 0.018000842347190148 -0.0068639347553339867 0.003768132758137724 0.00099304376156366617 -0.01617642393920429 -0.042400847304166878 0.025189885874165725
leaf_weight=30.232738561928272 826.84673816524446 35.073148746043444 142.02349251694977 512.59206529706717 1460.4715755693614 881.2493190728128 25.586348360404372 63.309856496751308 106.2440108191222 1517.5168623011559 200.89320178702474 36.42043873667717 11.647708572447298 462.2460642196238
leaf_count=164 4695 190 851 3034 8581 5269 135 396 765 8677 1115 182 62 2529
internal_value=-5.08015e-05 -0.000222636 -0.00277214 0.00168346 0.00485652 -0.00283667 0.00283259 -0.0116011 0.0141056 0.00125948 -0.00978418 0.0184538 0.0209587 0.0225248
internal_weight=6312.35 6282.12 2687.28 3594.84 2112.1 1482.74 906.836 575.902 651.631 1860.43 342.917 545.387 508.967 497.319
internal_count=36645 36481 15338 21143 12309 8834 5404 3430 3728 10643 1966 2963 2781 2719
cat_boundaries=0 2 4 6
cat_threshold=1116589080 1 2185486604 36 2168713739 46
is_linear=0
shrinkage=0.05


Tree=116
num_leaves=15
num_cat=4
split_feature=11 13 7 3 0 5 20 29 29 7 29 29 24 7
split_gain=15.7165 19.8116 19.7321 26.4298 23.3407 23.7691 23.2302 27.8339 22.7756 19.9871 19.962 19.5993 25.343 19.038
threshold=6.5350743409074665 45.082500000000003 7.5000000000000009 0.44810456524454062 81.985000000000014 0.010014044943820227 12.792499999999999 0 1 17.500000000000004 2 3 0.33384957849101904 -27.499999999999996
decision_type=2 10 2 8 8 8 10 9 9 2 9 9 8 2
left_child=2 -2 4 9 5 -1 7 -6 -5 11 -7 -4 -13 -9
right_child=1 -3 3 8 6 10 -8 13 -10 -11 -12 12 -14 -15
leaf_value=-0.017686216877544379 0.0035545653640093725 -0.05057970173801607 -0.007742098330926702 0.0046166006181981465 -0.0057304688662806443 -0.00027670506859562167 -0.021824489318539284 -0.035078913668168135 -0.016364428139631289 -0.0087004293196261458 0.026237882950792848 0.02123637807411807 -0.0011163146579480513 0.012409190118007053
leaf_weight=53.304626625031233 2776.2862379681319 16.008191458880901 213.78083121217787 162.18558923900127 625.46168034896255 112.16577499732375 120.33098509907722 21.15869877114892 628.35927934199572 443.7239252384752 218.40287962183356 256.3329712357372 249.80913453735411 464.56916977092624
leaf_count=312 15877 78 1252 854 3205 552 606 110 3485 4225 1163 1237 1308 2653
internal_value=0.000416977 0.00322622 -0.00178083 -0.00515957 0.0023072 0.013055 -0.00105084 0.00121635 -0.0122081 -0.000364682 0.0180505 0.00477799 0.0100259 0.0100659
internal_weight=6361.88 2792.29 3569.59 1954.19 1615.39 383.873 1231.52 1111.19 790.545 1163.65 330.569 719.923 506.142 485.728
internal_count=36917 15955 20962 12361 8601 2027 6574 5968 4339 8022 1715 3797 2545 2763
cat_boundaries=0 2 4 6 8
cat_threshold=3233584147 51 2722105612 48 716804 2 2155717900 25
is_linear=0
shrinkage=0.05


Tree=117
num_leaves=15
num_cat=0
split_feature=8 20 1 23 25 19 11 25 7 4 0 3 25 8
split_gain=13.0989 16.3288 16.1142 13.4714 12.7354 11.1988 19.3286 18.956 22.4333 21.6263 20.2006 24.9298 17.3959 28.2976
threshold=-2.4999999999999996 38.125000000000007 0.22684391080617497 -0.72472222222222205 15.215248173885962 84.725000000000009 7.9556508695727581 9.9595240891940069 10.500000000000002 -14.927162932768551 98.355000000000004 1.0801074961321968 2.7552421712577124 46.500000000000007
decision_type=8 10 8 8 10 10 2 10 2 8 8 8 8 8
left_child=-1 2 3 -2 5 6 -4 8 10 -10 -7 -12 -8 -14
right_child=1 -3 4 -5 -6 7 12 -9 9 -11 11 -13 13 -15
leaf_value=0.015807893773728873 0.048336987937297543 -0.028601553878555643 0.0006148153440003884 -0.020007985071760746 -0.036730350040686574 0.004776019461304514 0.017853920280491691 0.041442782559611341 -0.036418735108802412 -0.0079369684511872898 -0.014203983392303984 0.012328980185837307 -0.015129962906806691 0.040123510999692087
leaf_weight=126.2986042574048 6.6677092909812927 49.887119362130761 3704.6515866704285 138.56346236914396 22.207388024777174 817.51172411441803 320.49716766923666 22.812309965491295 78.667047165334225 414.20367077179253 378.59522789344192 114.61164805665612 108.16121009364724 28.423088505864143
leaf_count=593 70 373 21764 1966 141 4019 1804 107 427 2174 1979 602 592 140
internal_value=-6.90394e-05 -0.000394675 -0.000161467 -0.0165611 0.000237496 0.000380703 0.00181305 -0.00288231 -0.00346561 -0.0125475 -4.35785e-05 -0.00802577 0.0115022 -0.0034237
internal_weight=6331.76 6205.46 6155.57 145.231 6010.34 5988.13 4161.73 1826.4 1803.59 492.871 1310.72 493.207 457.081 136.584
internal_count=36751 36158 35785 2036 33749 33608 24300 9308 9201 2601 6600 2581 2536 732
is_linear=0
shrinkage=0.05


Tree=118
num_leaves=15
num_cat=2
split_feature=7 5 28 3 1 3 20 11 26 8 19 26 28 1
split_gain=15.2943 20.5597 19.8131 37.3234 29.6186 17.5575 22.035 17.2276 18.5813 15.9803 15.5249 19.7434 27.8916 16.5514
threshold=6.5000000000000009 0.063751282051282068 0 0.0034212007626492108 0.90045045045045058 1.0801074961321968 -14.119999999999996 6.3659805170561024 388.50000000000006 82.500000000000014 88.215000000000018 1128.5000000000002 1 1.5676547515257193
decision_type=2 8 9 8 10 10 8 2 2 10 10 2 9 10
left_child=1 -1 3 4 -2 6 -3 8 -4 10 -8 12 -12 -14
right_child=2 5 7 -5 -6 -7 9 -9 -10 -11 11 -13 13 -15
leaf_value=-0.019147099223491403 0.093145726799450587 0.019804392323378592 -0.0024802215597603226 -0.04120859879721453 -0.03307676181680614 0.019587897722297323 0.0036061761957732505 0.0016975412265492194 -0.015371477891405064 0.024634990366922266 -0.023100229641909883 0.012455481046078189 -0.01307722437203317 0.012492844899376656
leaf_weight=97.865318942815065 9.6122283227741736 174.62717414647341 1453.3957266584039 75.224626958370209 7.5572612956166259 169.25582702830434 1208.3548217825592 2108.6812747884542 345.26150226779282 69.470925390720367 222.32484450563788 112.68952553719282 113.67930544912815 140.22673682868481
leaf_count=520 55 947 9025 443 63 950 6454 12563 2254 338 1224 566 560 724
internal_value=-7.54424e-05 0.00316441 -0.00194569 -0.0235572 0.0388254 0.00416036 0.00287226 -0.00136499 -0.00496193 0.00127856 0.00036256 -0.00628757 -0.0107395 0.000998983
internal_weight=6308.23 2308.49 3999.73 92.3941 17.1695 2210.63 2041.37 3907.34 1798.66 1866.75 1797.28 588.92 476.231 253.906
internal_count=36686 12283 24403 561 118 11763 10813 23842 11279 9866 9528 3074 2508 1284
cat_boundaries=0 1 2
cat_threshold=2686976 304208
is_linear=0
shrinkage=0.05


Tree=119
num_leaves=15
num_cat=6
split_feature=25 0 22 29 27 29 31 28 9 33 29 6 10 22
split_gain=11.9328 11.0628 13.9324 16.2609 13.0268 13.0002 11.3087 12.7862 12.0028 22.8382 17.2996 19.4456 17.1762 16.4636
threshold=19.98918181481849 98.00500000000001 68.960000000000022 0 1 2 2.5000000000000004 3 2.5000000000000004 4 5 10.500000000000002 10.500000000000002 -2.878333333333333
decision_type=10 10 8 9 9 9 8 9 2 1 9 10 2 10
left_child=1 4 -3 -4 5 -1 7 -6 9 12 -10 -12 -8 -11
right_child=-2 2 3 -5 6 -7 8 -9 10 13 11 -13 -14 -15
leaf_value=0.004419793806189681 -0.052867034544806735 0.010671969237489991 0.0058232782930393205 -0.02176667474861663 0.024723869674695597 -0.028584248296312099 0.007745268555833091 -0.0089201166809219235 0.0090315003586711393 -0.00033521840918273932 -0.0037578330094241298 0.050198423028834052 0.04247097084768417 -0.01144668658807443
leaf_weight=50.783465087413788 9.572664547711609 71.346411503851414 74.163294233381748 176.63067909702659 87.421149834990501 65.57861153408885 147.99097522720695 37.068681985139847 885.83722840249538 3723.2528006043285 554.0265671312809 16.218153968453407 46.166604358702898 365.15860223770142
leaf_count=268 73 357 360 1008 449 333 862 217 4449 22048 2747 86 252 3176
internal_value=0.000207459 0.000296459 -0.00871475 -0.0142504 0.000783305 -0.0150427 0.00112364 0.015974 0.000800721 -0.000532863 0.00472068 -0.00210131 0.0161776 -0.0013302
internal_weight=6311.22 6301.64 322.14 250.794 5979.5 116.362 5863.14 124.49 5738.65 4282.57 1456.08 570.245 194.158 4088.41
internal_count=36685 36612 1725 1368 34887 601 34286 666 33620 26338 7282 2833 1114 25224
cat_boundaries=0 2 3 5 6 7 9
cat_threshold=1631852096 1 83250 545526850 32 57344 1 580402012 49
is_linear=0
shrinkage=0.05


Tree=120
num_leaves=15
num_cat=3
split_feature=25 20 29 29 26 25 25 3 29 30 20 7 15 25
split_gain=11.5723 9.83848 20.3131 14.0854 17.1844 16.903 61.7549 20.0855 23.3192 17.7977 16.1113 15.6731 15.6095 14.8822
threshold=19.98918181481849 -9.5249999999999986 0 1 3860.5000000000005 0.30537573353204528 0.31102742382143961 0.48230094702590537 2 2.5000000000000004 51.870000000000005 6.5000000000000009 6.0425854449850815 1.1666489539262874
decision_type=10 8 9 9 2 8 8 10 9 2 8 2 8 8
left_child=1 2 -1 4 -3 9 -7 8 10 11 -8 -5 -10 -14
right_child=-2 3 -4 5 -6 6 7 -9 12 -11 -12 -13 13 -15
leaf_value=0.010004792024965327 -0.055347497526548876 -0.0058465966365893766 -0.0023684538411838005 0.011694029736754539 0.015534821685996146 -0.076400901623978848 0.0025983400388206474 -0.0045596282808713362 0.0066055758521770085 0.017364292350902779 0.031751626585561209 -0.013314495696374268 -0.014644521585994989 0.002581666965932118
leaf_weight=634.49475100263953 8.5199878364801389 1733.662693221122 679.07431852445006 123.59507562220097 98.408816773444414 25.749224781990051 77.444583360105753 1262.118731951341 630.63826824352145 287.58910654298961 121.90271095186472 125.01661204360425 227.13871170207858 277.80533538013697
leaf_count=3530 71 10330 3668 708 605 144 531 6412 3711 1758 722 1016 1743 1814
internal_value=-0.000262304 -0.000179097 0.00366936 -0.00119248 -0.00466481 0.000834266 -0.000817782 -3.9272e-05 0.00423475 0.00891718 0.019521 -0.000884691 0.00135283 -0.00518081
internal_weight=6313.16 6304.64 1313.57 4991.07 1832.07 3159 2622.8 2597.05 1334.93 536.201 199.347 248.612 1135.58 504.944
internal_count=36763 36692 7198 29494 10935 18559 15077 14933 8521 3482 1253 1724 7268 3557
cat_boundaries=0 2 4 6
cat_threshold=3792457283 32 2836188451 40 41099776 6
is_linear=0
shrinkage=0.05


Tree=121
num_leaves=15
num_cat=4
split_feature=7 29 3 3 27 25 14 26 29 26 26 26 26 29
split_gain=16.18 14.772 14.9713 12.241 11.9599 11.7122 11.4374 11.9389 26.8579 20.0877 15.9077 15.8988 13.4459 52.1878
threshold=40.500000000000007 0 0.71472447358446434 0.056274448231093809 1 1.0623592060272669 19.225000000000005 3602.0000000000005 2 3280.5000000000005 4487.5000000000009 3085.5000000000005 2199.5000000000005 3
decision_type=2 9 10 10 9 10 10 2 9 2 2 2 2 9
left_child=4 2 -2 -3 -1 -5 7 9 10 11 -9 12 -6 -14
right_child=1 3 -4 5 6 -7 -8 8 -10 -11 -12 -13 13 -15
leaf_value=-0.023638229986276117 -0.028480406056913484 0.01763061217605966 0.055896688927703921 -0.029687098246993834 0.0012050266992945609 0.0022613552406355402 -0.020640468424713031 -0.0043156222989169934 0.018458491801463799 -0.045726656155743763 -0.07032752413635672 0.050103997948297133 -0.031046252196145353 0.010491865737486472
leaf_weight=39.340227041393518 122.98062699660659 57.804684471338987 4.5852641835808745 46.00747425109148 5352.854044014588 73.272773917764425 60.337971553206444 24.538598962128162 209.70288054458797 22.311805002391338 13.666403245180843 15.292552575469015 135.11352731846273 150.58350161649287
leaf_count=187 1494 584 36 509 30037 465 308 147 1260 116 70 79 770 783
internal_value=6.75395e-05 -0.0111553 -0.0232295 -0.00101441 0.00063689 -0.0102058 0.000838485 0.00106212 0.0117802 0.000592008 -0.0232023 0.00078285 0.000640223 -0.00990929
internal_weight=6328.39 304.651 127.566 177.085 6023.74 119.28 5984.4 5924.06 247.908 5676.16 38.205 5653.84 5638.55 285.697
internal_count=36845 3088 1530 1558 33757 974 33570 33262 1477 31785 217 31669 31590 1553
cat_boundaries=0 2 3 5 7
cat_threshold=2156708928 42 1074 1082146816 32 293906 10
is_linear=0
shrinkage=0.05


Tree=122
num_leaves=15
num_cat=5
split_feature=20 29 7 25 29 25 27 28 24 26 24 29 6 26
split_gain=15.0021 18.3581 12.6695 15.9309 12.6017 12.2221 13.2525 13.9089 25.8618 21.9058 22.3168 23.5353 23.694 19.9804
threshold=-84.399999999999991 0 40.500000000000007 0.90531178438738491 1 -1.5653230475650362 2 3 0.1171041609859754 292.50000000000006 0.49224944585769331 4 -9.4999999999999982 190.50000000000003
decision_type=8 9 2 8 9 8 9 9 8 2 8 9 8 2
left_child=1 -1 5 -4 -5 -2 -7 9 -9 10 11 12 -8 -14
right_child=2 -3 3 4 -6 6 7 8 -10 -11 -12 -13 13 -15
leaf_value=0.0094842763129274928 0.025225155667468163 -0.029275662620534167 -0.027461959429930023 0.018776462272595166 -0.0084856422952083333 -0.021125038977475544 0.0073267633642980475 -0.031096839263390203 6.115588558365672e-05 -0.018724967282591352 -0.011543431748590996 0.0049464300422406128 0.042971255519370644 -0.01470482511529975
leaf_weight=43.799525447189808 50.777837619185448 78.768380763009191 86.530326027423143 45.153589557856321 163.71708928607404 57.015681393444538 142.77535168081522 66.691819775849581 4120.0239070560783 90.459072686731815 153.50705818831921 1078.4313439279795 125.35904769599438 16.546362310647964
leaf_count=238 279 462 1130 331 1583 276 684 571 23503 458 774 5779 678 88
internal_value=0.000188893 -0.0170618 0.000532786 -0.00955454 -0.0020404 0.00103924 0.000825057 0.00107926 -0.000441425 0.00501699 0.00647755 0.00851396 0.0210538 0.0361903
internal_weight=6319.56 122.568 6196.99 295.401 208.871 5901.59 5850.81 5793.79 4186.72 1607.08 1516.62 1363.11 284.681 141.905
internal_count=36834 700 36134 3044 1914 33090 32811 32535 24074 8461 8003 7229 1450 766
cat_boundaries=0 2 4 5 6 8
cat_threshold=17355864 17 36712470 16 1362 2376086 2171669006 11
is_linear=0
shrinkage=0.05


Tree=123
num_leaves=15
num_cat=4
split_feature=8 5 11 7 26 29 29 24 7 28 29 15 24 19
split_gain=18.8831 11.819 11.9514 10.9384 19.1943 23.6952 16.9429 17.6271 25.7217 23.9554 16.9844 19.7507 16.5825 16.5167
threshold=-2.4999999999999996 0.94256236933797932 10.513609409271316 10.500000000000002 359.00000000000006 0 1 0.32807931593169709 29.500000000000004 2 3 6.4444129366563212 0.35517545601629397 24.250000000000004
decision_type=8 10 2 2 2 9 9 10 2 9 9 10 10 8
left_child=-1 2 3 -2 6 13 -5 8 9 -8 -11 -12 -9 -6
right_child=1 -3 -4 4 5 -7 7 12 -10 10 11 -13 -14 -15
leaf_value=0.019115551038303209 0.002064908974065153 -0.016951786697799738 -0.037319089072539571 0.01862183659299925 0.041397752450537839 -0.017152072436097721 0.013994540264117204 -0.021013398479995817 -0.0088168178297590768 0.014402977784718773 -0.0023602058615131336 -0.035853013034190036 -0.0033581334360572898 -0.0013163990818684276
leaf_weight=126.61573557555676 3277.1812066212296 103.94134035892785 20.410798542201519 102.78985886462033 26.618600636720657 378.87918096780777 506.53294600918889 165.69355675019324 372.4020755700767 113.37327873334289 306.5816193073988 50.430497977882624 660.68701053038239 125.03153512440622
leaf_count=594 16617 955 110 572 256 3030 2669 980 3315 655 1890 270 4218 762
internal_value=7.68099e-05 -0.000314351 -2.84347e-05 0.000102734 -0.00218638 -0.0107422 -0.000190387 -0.0011675 0.00234897 0.00661005 -0.00161731 -0.00698318 -0.00691922 0.00600946
internal_weight=6337.17 6210.55 6106.61 6086.2 2809.02 530.529 2278.49 2175.7 1349.32 976.918 470.385 357.012 826.381 151.65
internal_count=36893 36299 35344 35234 18617 4048 14569 13997 8799 5484 2815 2160 5198 1018
cat_boundaries=0 2 4 5 7
cat_threshold=1615962112 5 3281412 16 2146322 1644170258 40
is_linear=0
shrinkage=0.05


Tree=124
num_leaves=15
num_cat=4
split_feature=9 14 15 29 29 20 29 29 24 7 25 15 25 25
split_gain=14.568 17.8774 17.0576 16.929 15.1694 15.1252 18.9104 15.5424 16.0431 14.1362 23.0339 21.8996 19.2454 22.5741
threshold=2.5000000000000004 1.0000000180025095e-35 14.061738665171388 0 1 -9.5249999999999986 2 3 0.87251461988304102 5.5000000000000009 0.37581126848634799 5.5714981879533685 0.37509740308306422 0.66054981229596965
decision_type=2 8 8 9 9 8 9 9 10 2 10 8 10 10
left_child=1 4 3 -2 -1 6 -3 8 -7 10 -9 12 -11 -14
right_child=2 5 -4 -5 -6 7 -8 9 -10 11 -12 -13 13 -15
leaf_value=0.0026544528359285654 0.007147871035733196 0.017634094511380947 0.021019015708120693 -0.0033363966616436584 -0.025781776910103655 -0.0054794660393843548 0.00060105645508992873 0.024249617788291971 -0.071071958713135305 -0.011433627154007038 0.0011260074108863922 -0.0074777013503600403 0.028095307705147357 0.0036554523673322376
leaf_weight=76.65062733925879 854.43152672797441 216.32711888477206 134.34895631670952 686.46801578998566 122.75899337232113 1585.690953232348 590.9884209856391 150.76541752368212 8.3854430615901929 149.19330720789731 371.23558083921671 786.74875814653933 117.77643140219152 463.94682307168841
leaf_count=432 4344 1244 673 3412 832 10140 3288 939 36 964 2005 5252 611 2648
internal_value=4.03709e-06 -0.00143885 0.00399933 0.00250273 -0.0160465 -0.000779477 0.00540697 -0.00215504 -0.00583228 0.000745241 0.00783821 -0.00169303 0.00453521 0.0086433
internal_weight=6315.72 4640.47 1675.25 1540.9 199.41 4441.06 807.316 3633.74 1594.08 2039.67 522.001 1517.67 730.917 581.723
internal_count=36820 28391 8429 7756 1264 27127 4532 22595 10176 12419 2944 9475 4223 3259
cat_boundaries=0 2 3 5 7
cat_threshold=582507356 12 1611179010 3808692225 36 696838235 44
is_linear=0
shrinkage=0.05


Tree=125
num_leaves=15
num_cat=5
split_feature=32 29 15 27 24 15 29 24 6 29 26 26 19 29
split_gain=13.3256 26.9054 16.6746 18.3987 16.0373 16.3002 33.0005 23.1343 18.7261 15.5219 20.1461 14.6159 25.6306 19.0634
threshold=0.90000000000000013 0 1.0000000180025095e-35 1 0.63505723560546579 -0.18058518395377196 2 0.52079093004519061 -48.499999999999993 3 1315.0000000000002 59.500000000000007 24.250000000000004 4
decision_type=2 9 8 9 10 10 9 10 8 9 2 2 10 9
left_child=1 -1 4 -4 5 6 -2 8 -7 -10 -11 12 -3 -13
right_child=2 11 3 -5 -6 7 -8 -9 9 10 -12 13 -14 -15
leaf_value=0.0040066427495806566 0.022496063828906496 -0.0051829130450185184 -0.035677569179643293 0.0025298360873824009 0.028237356689877636 -0.031795335306415089 -0.0095028344466668337 -0.04786301302084571 -0.018984362307641535 -0.0056216000767095693 0.028264940551846408 0.0098000077409840201 -0.030753140225174037 -0.014889434565587601
leaf_weight=496.46380968950689 109.72538297064602 201.74731248617172 20.814910545945168 4303.5891975369304 32.722026318311691 75.22073969244957 231.51026100106537 42.808707809075713 103.99032720737159 156.67564617842436 59.787711529061198 144.26147869043052 190.47776083275676 147.56540216505527
leaf_count=2800 596 1287 101 25103 176 461 1224 251 634 1068 351 888 1024 885
internal_value=-7.49235e-05 -0.00486284 0.00102614 0.00226109 -0.00554188 -0.00699383 0.00120184 -0.0133601 -0.00951589 -0.00420355 0.00365673 -0.0111916 -0.0176473 -0.00286649
internal_weight=6317.36 1180.52 5136.84 4324.4 812.441 779.719 341.236 438.483 395.674 320.454 216.463 684.052 392.225 291.827
internal_count=36849 6884 29965 25204 4761 4585 1820 2765 2514 2053 1419 4084 2311 1773
cat_boundaries=0 2 3 5 7 9
cat_threshold=2780442444 16 8528 2182680836 56 26219794 24 4243458 42
is_linear=0
shrinkage=0.05


Tree=126
num_leaves=15
num_cat=5
split_feature=26 11 29 6 26 29 24 29 29 5 24 25 29 1
split_gain=14.2512 24.8432 24.2819 24.0718 23.0741 24.9383 22.1834 29.9909 28.5374 22.038 19.0736 18.2156 18.0733 17.5881
threshold=64.500000000000014 6.0040105086575926 0 -29.499999999999996 193.50000000000003 1 0.4045584177754849 2 3 0.56012636054421783 0.66170451747502412 7.8313553979122821 4 0.50233644859813087
decision_type=2 2 9 8 2 9 10 9 9 10 10 10 9 8
left_child=6 2 -2 -4 5 -3 8 -8 9 13 -6 -10 -5 -1
right_child=1 4 3 12 10 -7 7 -9 11 -11 -12 -13 -14 -15
leaf_value=-0.020415421547206731 -0.011962968504485959 -9.2648248798517153e-06 0.015718607184358083 0.014926793116753299 0.0014481257624248747 0.020550936465029365 -0.027375280802782054 -0.0030231567495651421 -0.0012376313334224315 -0.024681808414686514 0.055417045257341514 -0.033255222757767114 -0.0085209609906357463 0.041673485126813729
leaf_weight=12.513268634676932 512.85607283189893 241.4816178381443 225.22005861252546 92.564295316115022 1716.5723959039897 395.36583855189383 186.61329553090036 378.14018803648651 1990.5467176996171 18.572983559221029 15.530269740149377 44.440149892121553 400.9801264423877 86.023302756249905
leaf_count=145 3040 1429 1259 487 10062 2369 989 2150 11547 101 81 223 2532 444
internal_value=-9.77934e-05 0.00196486 -0.00379321 0.00218054 0.00495883 0.0130891 -0.00283109 -0.0116414 -0.000514763 0.0223839 0.00196371 -0.00194328 -0.00397251 0.0336629
internal_weight=6317.42 3600.57 1231.62 718.764 2368.95 636.847 2716.85 564.753 2152.1 117.11 1732.1 2034.99 493.544 98.5366
internal_count=36858 21259 7318 4278 13941 3798 15599 3139 12460 690 10143 11770 3019 589
cat_boundaries=0 2 4 6 8 10
cat_threshold=540750918 3 789529 50 5071890 62 2152734726 2 2151680769 20
is_linear=0
shrinkage=0.05


Tree=127
num_leaves=15
num_cat=5
split_feature=8 20 29 14 31 7 15 29 4 29 29 3 1 29
split_gain=9.54583 11.7685 17.5191 14.9109 12.5409 10.2167 21.5389 24.0356 14.7663 19.5769 15.5314 14.6914 12.1863 21.9236
threshold=-2.4999999999999996 27.010000000000002 0 1.2000000000000017 1.5000000000000002 10.500000000000002 2.8130371492677697 1 -10.580587747571428 2 3 0.4633026503568517 2.578206078576724 4
decision_type=8 10 9 10 10 2 8 9 8 9 9 10 10 9
left_child=-1 5 -3 4 -4 6 7 -2 9 11 -10 -7 -8 -14
right_child=1 2 3 -5 -6 8 12 -9 10 -11 -12 -13 13 -15
leaf_value=0.013178520203676278 0.010640210510159407 -0.03056777822968659 0.028341469653131265 0.020323516552333297 -0.040570527955899577 0.014183182070709024 0.0065454493076128441 -0.0061788951165803385 0.0089364889798927444 -0.021385892504270601 -0.0028679038215168127 -0.026484439564805441 0.0079010596173176139 -0.023884220165156039
leaf_weight=122.82787445187569 249.34715615212917 69.732792800292373 8.145850904285906 48.890704970806837 24.180184049531817 90.02175229229033 1589.6325890794396 1164.9250727295876 308.44763449206948 206.49835707247257 2188.6589638516307 28.393976917490363 116.14239212870598 86.046363491564989
leaf_count=576 1278 492 49 274 178 609 8048 5924 1916 1397 14867 151 603 469
internal_value=-0.000567139 -0.000842465 -0.0145853 0.00272823 -0.022876 -0.000495969 0.00143504 -0.00317661 -0.00268952 -0.0126994 -0.00138252 0.00396007 0.00507473 -0.00646353
internal_weight=6301.89 6179.06 150.95 81.2167 32.326 6028.11 3206.09 1414.27 2822.02 324.914 2497.11 118.416 1791.82 202.189
internal_count=36831 36255 993 501 227 35262 16322 7202 18940 2157 16783 760 9120 1072
cat_boundaries=0 2 3 5 7 9
cat_threshold=26767686 12 2164289869 1644695570 21 1257988 50 46925138 42
is_linear=0
shrinkage=0.05


Tree=128
num_leaves=15
num_cat=3
split_feature=11 28 29 25 25 32 25 7 25 29 10 0 25 6
split_gain=11.2164 16.8324 16.5783 20.2009 66.015 32.2996 28.8627 23.9746 20.2976 37.5597 34.1278 44.5019 32.6597 30.5784
threshold=6.878573603710378 0 1 0.35430313156638621 0.30537573353204528 0.90000000000000013 0.13656195954255876 14.500000000000002 0.59473070805053985 2 1.0000000180025095e-35 27.010000000000002 0.71825206602920211 16.500000000000004
decision_type=2 9 9 8 10 2 10 2 8 9 2 10 8 10
left_child=2 -2 -1 4 6 -6 -4 -8 9 -5 11 -11 -10 -12
right_child=1 -3 3 8 5 -7 7 -9 12 10 13 -13 -14 -15
leaf_value=-0.0059691233772116124 -0.020081120373176314 0.0039986904432935278 -0.0064095925901431526 -0.010755280592904433 0.022891446889175354 -0.049061778615168306 0.028981213616276969 -0.012487131909780437 -0.021231761779720561 0.017517689434215052 0.033101634847954052 -0.046730987903700817 0.0027734937818231337 -0.010325623018880974
leaf_weight=1266.8000797182322 64.540411796420813 2109.0247502215207 422.68481324985623 143.43592697940767 17.569700144231319 109.01625924184918 126.88801104947925 47.256219036877155 156.82083730213344 77.881368484348059 280.09367994964123 39.951438117772341 1385.2747113611549 46.886840227991343
leaf_count=7514 358 11899 2926 768 96 662 669 530 955 455 1406 184 7934 407
internal_value=0.000295464 0.00320082 -0.00123749 0.000882077 -0.0063284 -0.0389738 0.000649217 0.0177212 0.00333654 0.0112301 0.0181616 -0.00447588 0.000320142 0.026862
internal_weight=6294.13 2173.57 4120.56 2853.76 723.415 126.586 596.829 174.144 2130.34 588.249 444.813 117.833 1542.1 326.981
internal_count=36763 12257 24506 16992 4883 758 4125 1199 12109 3220 2452 639 8889 1813
cat_boundaries=0 1 3 5
cat_threshold=2688000 1352717668 7 2169767955 16
is_linear=0
shrinkage=0.05


Tree=129
num_leaves=15
num_cat=4
split_feature=23 23 24 7 29 5 0 27 24 22 29 8 29 21
split_gain=15.085 13.5177 21.7664 17.487 12.3498 12.4241 12.1293 12.3419 16.0716 15.8653 12.0788 11.5636 11.7679 15.3695
threshold=65.545625000000015 19.280208333333334 0.45947331947331954 2.5000000000000004 0 0.19738939393939398 99.305000000000021 1 0.37632620935573213 3.0050000000000003 2 8.5000000000000018 3 1.0168597810267985
decision_type=10 10 10 2 9 10 10 9 10 8 9 8 9 10
left_child=1 6 4 -4 5 -3 7 8 9 -1 -5 -8 -13 -14
right_child=-2 2 3 10 -6 -7 11 -9 -10 -11 -12 12 13 -15
leaf_value=0.020555834931432281 0.028396649013616011 -0.026964540560553196 0.039151156385685705 0.011050984873303032 -0.043092688414680322 0.074623376830086713 0.020727591211623642 0.00075164721605750959 -0.03656556255354456 -0.02405599975890101 -0.02201100843109921 0.006789275502989427 -0.03294407561658623 0.025814750529232607
leaf_weight=40.55186315625906 44.834068303927779 4.9408582132309657 20.889960460364819 38.702796082943678 50.996961545199156 5.392827782779932 21.493289403617382 5760.4289077445865 51.968244146555662 37.298802096396685 60.223919229581952 39.087523497641087 102.44833242893219 11.728811442852018
leaf_count=221 317 91 103 329 511 26 150 33262 251 213 401 188 652 63
internal_value=-0.000183359 -0.000393016 -0.013814 -0.00133614 -0.0377784 0.0148527 1.00483e-05 0.000396195 -0.014231 -0.000852025 -0.0101919 -0.0129333 -0.0177575 -0.0246005
internal_weight=6290.99 6246.15 181.147 119.817 61.3306 10.3337 6065.01 5890.25 129.819 77.8507 98.9267 174.758 153.265 114.177
internal_count=36778 36461 1461 833 628 117 35000 33947 685 434 730 1053 903 715
cat_boundaries=0 2 3 5 7
cat_threshold=32776 19 95282 1611177986 10 1078223936 1
is_linear=0
shrinkage=0.05


Tree=130
num_leaves=15
num_cat=1
split_feature=8 5 13 7 24 25 28 3 18 25 2 25 24 4
split_gain=11.9378 13.2733 14.2735 13.0767 18.373 17.1571 16.1032 17.1504 14.8131 13.7491 13.5028 11.7071 11.1874 21.6733
threshold=-2.4999999999999996 1.0698325791855205 4.4974999999999996 20.500000000000004 0.044996093861878278 1.0891023298367968 0 0.13802248585485521 -0.7925000000000012 0.17589792608086577 311.74165582750805 3.113226233415451 0.055935228837009847 42.679562011056369
decision_type=8 10 8 2 8 10 9 8 10 8 2 10 8 8
left_child=-1 3 -3 4 -2 -5 7 -6 -7 -9 12 -11 13 -8
right_child=1 2 -4 5 6 8 10 9 -10 11 -12 -13 -14 -15
leaf_value=0.014497481797587322 -0.033265173183331657 0.035679473750761324 -0.041517526236638125 -0.013055364240091917 0.050093889369226013 0.0032755451615982993 0.060067922243659394 0.030683247968051643 -0.015451139645690469 -0.0034952508805172603 -0.024355352035679529 0.041730641433463805 0.00023068214923116205 -0.035095297872700368
leaf_weight=129.66009163111448 38.961782271042466 6.4042217265814543 34.424529721960425 446.63027917407453 27.71156744658947 536.8805913105607 18.93211886473 52.109880208969116 130.39752963371575 138.3703005425632 54.652717739343643 14.947175249457358 4673.0875202883035 7.7753929644823101
leaf_count=603 315 114 442 4596 159 3846 110 253 952 731 254 78 24404 65
internal_value=-0.000458768 -0.000774788 -0.0288452 -0.000583477 0.000503022 -0.00548239 0.000773426 0.0132966 -0.000401613 0.00875822 0.000128444 0.00115575 0.000418554 0.0320962
internal_weight=6310.95 6181.29 40.8288 6140.46 5026.55 1113.91 4987.59 233.139 667.278 205.427 4754.45 153.317 4699.8 26.7075
internal_count=36922 36319 556 35763 26369 9394 26054 1221 4798 1062 24833 809 24579 175
cat_boundaries=0 1
cat_threshold=261
is_linear=0
shrinkage=0.05


Tree=131
num_leaves=15
num_cat=4
split_feature=9 15 15 29 29 14 29 7 18 23 29 19 24 4
split_gain=12.8071 19.6534 17.6823 17.4265 16.5707 14.4095 19.5535 16.2353 16.2445 15.5091 13.3372 13.6482 17.4148 13.2061
threshold=2.5000000000000004 5.3894211505159237 4.7678367612658663 0 1 1.0000000180025095e-35 2 43.500000000000007 -2.3312500000000003 1.9038888888888892 3 4.4000000000000012 0.31164025427791681 28.080368848410092
decision_type=2 8 10 9 9 8 9 2 8 10 9 8 10 10
left_child=5 2 4 -3 -2 6 9 8 -7 -1 -9 12 -12 -5
right_child=1 3 -4 13 -6 7 -8 10 -10 -11 11 -13 -14 -15
leaf_value=-0.04468758903645012 -0.0096595028506428794 -0.0066619502127894456 -0.025825890062590208 0.016038919847911455 0.0051505489876317936 0.019170014094458256 6.1409594156086941e-05 -0.029467361567811004 -0.00026327444922627865 0.020044611711151662 -0.017074083730117845 -0.0094559950123671854 0.085840182754020222 0.04850068721837917
leaf_weight=66.262947836890817 221.04972453415394 79.886177085340023 56.768739268183708 261.18861223757267 1020.9177893195301 109.40944452956319 116.52880538441241 74.164403352886438 4131.1778308022767 10.140551432967184 6.9387395083904257 90.119570964947343 8.175350219011305 35.073088742792606
leaf_count=398 1118 394 278 1312 5153 606 752 1067 24356 105 92 919 90 180
internal_value=0.000392076 0.00413563 0.00121681 0.0141836 0.00247268 -0.000967758 -0.0143075 -0.000382375 0.000242516 -0.0318352 -0.0150729 -0.00180291 0.0404656 0.0193802
internal_weight=6287.8 1674.88 1298.74 376.148 1241.97 4612.92 192.932 4419.99 4240.59 76.4035 179.398 105.234 15.1141 296.262
internal_count=36820 8435 6549 1886 6271 28385 1255 27130 24962 503 2168 1101 182 1492
cat_boundaries=0 2 4 6 8
cat_threshold=3239350337 24 3225682944 34 563417100 27 1082966088 43
is_linear=0
shrinkage=0.05


Tree=132
num_leaves=15
num_cat=6
split_feature=2 28 29 20 29 20 11 19 1 7 28 29 4 29
split_gain=10.1005 20.0853 12.8135 11.2121 21.7767 10.7097 10.3745 10.7166 9.54612 14.1034 9.17642 23.6957 16.0461 21.4059
threshold=-0.0017448529702202007 0 1 12.792499999999999 2 -89.84999999999998 7.2594854497930763 82.642500000000013 1.4104853479853483 10.500000000000002 3 4 -0.47402277570093049 5
decision_type=2 9 9 10 9 8 2 10 10 2 9 9 10 9
left_child=1 2 -1 5 -5 -2 7 -6 -4 -10 11 -7 13 -12
right_child=3 -3 8 4 6 10 -8 -9 9 -11 12 -13 -14 -15
leaf_value=-0.01132573044090247 -0.019019054684036321 -0.019006099584469596 0.022920753351351204 -0.022083889933594249 0.0010117767465434473 -0.016100287623103525 0.019888079959899163 -0.029774233135122286 0.012820949461813849 -0.035584554884619174 -0.0071021777219974066 0.0087758620173202066 0.0051278104191812566 0.00075767500968350842
leaf_weight=44.744725786149502 72.822418093681335 51.927748553454876 192.73468050546944 163.38269696384668 160.91146045736969 102.1330835763365 55.817251842468977 33.27637155354023 76.820103630423546 17.663121074438095 1367.9146403856575 652.60449624992907 945.55483277328312 2330.491600047797
leaf_count=282 412 272 1072 1097 1001 579 349 187 399 91 7714 4388 5645 13252
internal_value=-0.000191117 0.00765619 0.0120795 -0.000704234 -0.00863393 -0.000103656 0.00104692 -0.00438928 0.0160089 0.0034939 0.000154967 0.00522663 -0.000680017 -0.0021677
internal_weight=6268.8 383.89 331.963 5884.91 413.388 5471.52 250.005 194.188 287.218 94.4832 5398.7 754.738 4643.96 3698.41
internal_count=36740 2116 1844 34624 2634 31990 1537 1188 1562 490 31578 4967 26611 20966
cat_boundaries=0 1 3 5 6 8 10
cat_threshold=2420750 266240 25 2172739662 14 1310998 8486928 36 1615744534 56
is_linear=0
shrinkage=0.05


Tree=133
num_leaves=15
num_cat=3
split_feature=26 26 21 25 29 15 7 25 25 8 28 29 26 25
split_gain=14.1794 26.9571 31.2568 24.5117 19.2527 24.7711 23.4494 21.6676 29.7537 20.393 19.7783 17.8539 35.9223 18.436
threshold=64.500000000000014 129.50000000000003 1.0040595110535293 7.8313553979122821 0 4.559962409097901 5.5000000000000009 0.59473070805053985 0.71825206602920211 41.500000000000007 1 2 3602.0000000000005 0.083197380520551104
decision_type=2 2 8 10 9 8 2 8 8 10 9 9 2 10
left_child=3 2 -2 4 10 9 7 -7 -9 -6 -1 12 13 -3
right_child=1 11 -4 -5 5 6 -8 8 -10 -11 -12 -13 -14 -15
leaf_value=-0.018069579230447223 -0.019610187646052702 0.015709808102726635 0.016050463214047125 -0.030038389828103765 0.011256151690418133 0.032901477446948504 -0.0086440037115864676 -0.047867232231407014 0.011578124920137682 -0.010237898659508327 -0.0025200674249220203 0.0015098542514467446 0.03355400399665933 -0.019835098024982591
leaf_weight=303.14719656854868 68.954551283270121 40.775880567729473 511.77792856842279 79.506898801773787 655.15772611275315 70.392042905092239 711.12008460983634 26.277281925082207 91.219948053359985 131.84716335684061 620.1774636246264 2629.7071932330728 40.894988685846329 299.04440163634717
leaf_count=2006 585 270 2847 413 3629 468 4444 141 490 640 3324 15646 248 1705
internal_value=-0.000119103 0.0019365 0.0117898 -0.00286422 -0.00202502 0.00116741 -0.00449397 0.0111756 -0.0020081 0.00764682 -0.00777794 3.2446e-05 -0.00992909 -0.0155364
internal_weight=6280 3591.15 580.732 2688.85 2609.34 1686.01 899.009 187.889 117.497 787.005 923.325 3010.42 380.715 339.82
internal_count=36856 21301 3432 15555 15142 9812 5543 1099 631 4269 5330 17869 2223 1975
cat_boundaries=0 2 3 5
cat_threshold=3264072968 29 2916420 539104003 2
is_linear=0
shrinkage=0.05


Tree=134
num_leaves=15
num_cat=1
split_feature=9 7 31 28 3 5 24 32 8 15 4 10 3 24
split_gain=10.7828 10.5352 17.749 15.9343 21.2448 18.1243 19.7257 17.8013 15.39 15.3651 15.9983 15.4148 14.9347 14.6162
threshold=9.5000000000000018 5.5000000000000009 2.5000000000000004 0 1.0278880592198154 0.3128161202185793 0.7798663324979116 0.90000000000000013 78.500000000000014 9.3301747201747229 18.609045964471424 13.500000000000002 1.0801074961321968 0.43614361923001432
decision_type=2 2 10 9 10 10 10 2 10 10 10 2 10 8
left_child=1 2 -1 4 -3 6 7 -5 12 -9 11 -11 -4 -14
right_child=-2 3 8 5 -6 -7 -8 9 -10 10 -12 -13 13 -15
leaf_value=0.020851802461724564 0.016891931145024835 0.00028161122726373487 -0.00089799233626154109 -0.013335488724819664 0.03745672494626609 -0.013531962027226306 -0.062497578942640811 0.0030982413475339355 0.022050903734029875 -0.0091639006459050161 0.041963122712750399 -0.050662795945849826 0.002048574639321568 0.035502421005969342
leaf_weight=122.40968026965857 89.972292564809322 2224.4181867614388 1729.6122628040612 266.49363910034299 38.107480838894844 494.81877988949418 12.508896648883818 976.68940182961524 84.408249586820602 73.937732718884945 9.873966056853531 31.468455463647842 75.98177457600832 56.425296068191528
leaf_count=723 418 12162 9323 1936 169 3434 65 6798 429 418 58 184 413 329
internal_value=-0.00019717 -0.00044796 0.00246348 -0.00190722 0.000919955 -0.0053107 -0.00237445 -0.00177526 0.00129694 0.00105562 -0.0161279 -0.0219129 0.000344797 0.0164642
internal_weight=6287.13 6197.15 2068.84 4128.32 2262.53 1865.79 1370.97 1358.46 1946.43 1091.97 115.28 105.406 1862.02 132.407
internal_count=36859 36441 11217 25224 12331 12893 9459 9394 10494 7458 660 602 10065 742
cat_boundaries=0 1
cat_threshold=1339667
is_linear=0
shrinkage=0.05


Tree=135
num_leaves=15
num_cat=3
split_feature=2 20 29 29 25 24 23 15 11 24 14 29 25 3
split_gain=10.8064 9.63974 20.3704 14.9494 15.3583 13.7479 19.4426 13.2417 12.6097 17.4911 16.7337 12.2713 12.2084 11.6523
threshold=601.52256046438868 -12.492499999999991 0 1 -1.5653230475650362 0.47472185774424586 21.487708333333334 -8.752185732518905 7.8117707955069458 0.15588127050873948 0.50083333333333269 2 1.8149349901830767 0.83739149595943319
decision_type=2 8 9 9 8 10 10 8 2 10 10 9 10 8
left_child=1 2 5 7 -5 6 12 -3 -6 -10 -11 -7 -1 -14
right_child=-2 3 -4 4 8 11 -8 -9 9 10 -12 -13 13 -15
leaf_value=0.019513781315812068 -0.037045717322699262 0.02047298886949658 -0.0037943561879102404 0.040115495882068954 -0.00025506019628484459 0.0094854844689052486 -0.043498768823918468 -0.0046803499597999889 -0.026228021704264467 0.017368858780357151 -0.0087064648262160389 -0.019775072475360377 -0.00040847877208957857 0.039787264345390046
leaf_weight=375.03530276939273 18.705209665000439 52.677913313731551 483.51221429556608 24.445790767669678 2468.8809913359582 64.277238808572292 13.980782572180031 2113.6294382568449 31.271485956385732 305.0937279779464 76.346283661201596 59.709674617275596 168.76714834757149 19.18373741954565
leaf_count=2056 98 288 2637 150 14649 333 146 12777 206 1689 429 315 934 84
internal_value=-7.67066e-05 3.97173e-05 0.00409909 -0.000908826 0.00143552 0.00946085 0.012838 -0.00404089 0.00109856 0.00917709 0.0121407 -0.00547456 0.0143117 0.00388307
internal_weight=6275.52 6256.81 1184.47 5072.35 2906.04 700.954 576.967 2166.31 2881.59 412.711 381.44 123.987 562.986 187.951
internal_count=36791 36693 6505 30188 17123 3868 3220 13065 16973 2324 2118 648 3074 1018
cat_boundaries=0 2 4 6
cat_threshold=3809267538 32 1762446691 42 1074562816 32
is_linear=0
shrinkage=0.05


Tree=136
num_leaves=15
num_cat=2
split_feature=7 31 29 21 24 0 29 19 0 7 4 24 24 18
split_gain=12.7461 16.1594 16.2426 17.2434 16.8579 15.0533 15.97 14.1002 13.517 16.7479 13.6881 13.0573 12.6465 12.4613
threshold=5.5000000000000009 2.5000000000000004 0 0.97363959984355175 0.23638798785541579 82.00500000000001 1 99.065000000000012 91.990000000000023 -11.499999999999998 7.8796031224524636 0.4045584177754849 0.83479532163742698 -2.0062499999999992
decision_type=2 10 9 8 10 10 9 10 10 2 8 8 10 8
left_child=1 -1 3 4 -3 12 -7 -8 9 11 13 -4 -2 -10
right_child=5 2 8 -5 -6 6 7 -9 10 -11 -12 -13 -14 -15
leaf_value=0.021099269050163887 -0.00027398256815767318 -0.021019922785727996 -0.00077261315236898528 -0.0034243532950184031 0.041125034603821657 -0.00056137476608028754 -0.029365081081304791 0.026323880304741778 0.017934465673306546 0.013277112686751316 0.026900779898033383 -0.055885412307330684 -0.049407112880171182 -0.01264892533005698
leaf_weight=121.53530839085579 3850.8517076130956 14.059030849486588 39.879915948957205 993.35565402731299 40.835987865924835 168.61119491420686 133.52909774705768 11.649850361049173 39.823778420686722 618.35161351412535 33.180205993354321 13.726110875606535 12.141428910195826 181.47410697489977
leaf_count=724 23862 94 226 5116 245 819 641 52 204 3600 167 63 66 917
internal_value=0.000298629 0.00347913 0.00238454 -0.00188913 0.0251179 -0.00129804 -0.011812 -0.0231623 0.00716014 0.0109496 -0.00256959 -0.0156495 -0.000441155 -0.00708936
internal_weight=6273 2096.22 1974.69 1048.25 54.895 4176.78 313.79 145.179 926.436 671.958 254.478 53.606 3862.99 221.298
internal_count=36796 11356 10632 5455 339 25440 1512 693 5177 3889 1288 289 23928 1121
cat_boundaries=0 2 4
cat_threshold=26856704 55 579157068 24
is_linear=0
shrinkage=0.05


Tree=137
num_leaves=15
num_cat=3
split_feature=2 29 20 29 26 22 24 24 24 25 8 30 6 29
split_gain=11.6 9.72996 9.13953 20.2209 19.6149 15.9604 14.878 24.6258 20.7792 9.84544 10.4391 9.81146 12.2502 12.4843
threshold=311.74165582750805 0 1.0025000000000051 1 3860.5000000000005 4.1900000000000004 0.63505723560546579 0.51209211938545829 0.54601197572628213 0.083197380520551104 84.500000000000014 3.5000000000000004 6.5000000000000009 2
decision_type=2 9 10 9 2 10 10 10 10 10 8 2 10 9
left_child=2 -2 -1 4 9 6 7 11 -9 -4 -11 12 -5 -14
right_child=1 -3 3 5 -6 -7 -8 8 -10 10 -12 -13 13 -15
leaf_value=0.00097810266457176915 0.011585085971341029 -0.024499800044908277 0.0087558158831204675 0.0069069950671121483 0.022063579284391961 -0.026980419917288157 0.034090967428329094 -0.053296906305229388 -0.00584334146017133 -0.027354157100185218 0.027551412059100413 0.039756138486037228 0.012488229510719576 -0.017126256895908364
leaf_weight=5108.6607210095972 20.616275683045387 70.956777475774288 23.622391829267144 456.01800535619259 28.310926742851734 50.839931834489107 32.857541454955935 34.857886692509055 65.494192615151405 196.48213542625308 8.280072443187235 17.487962327897549 42.559266313910484 113.09596718102694
leaf_count=29792 111 355 156 2390 177 288 162 183 356 1206 40 92 337 1099
internal_value=-0.000165322 -0.0177335 9.78855e-05 -0.00410202 -0.0160032 -0.000132123 0.00168957 0.000185526 -0.0226898 -0.0214953 -0.0250108 0.0038644 0.00277502 -0.0092971
internal_weight=6270.14 91.5731 6178.57 1069.91 256.696 813.211 762.371 729.513 100.352 228.385 204.762 629.161 611.673 155.655
internal_count=36744 466 36278 6486 1579 4907 4619 4457 539 1402 1246 3918 3826 1436
cat_boundaries=0 1 3 5
cat_threshold=5767170 2149703690 6 563087632 16
is_linear=0
shrinkage=0.05


Tree=138
num_leaves=15
num_cat=3
split_feature=23 23 24 29 4 18 14 18 29 4 24 29 25 18
split_gain=11.1676 12.9324 19.7704 14.1036 14.4136 11.4157 11.1607 10.3782 17.0736 19.948 15.2778 14.9532 27.3536 24.3558
threshold=65.545625000000015 19.280208333333334 0.45947331947331954 0 5.0960337045602211 -0.064166666666668024 12.502500000000003 -0.58625000000000005 1 28.080368848410092 0.47683355925546822 2 8.6660472747585331 -0.95500000000000207
decision_type=10 10 10 9 8 8 10 10 9 8 10 9 10 10
left_child=1 6 5 -4 -5 -3 7 11 10 -10 -9 12 13 -1
right_child=-2 2 3 4 -6 -7 -8 8 9 -11 -12 -13 -14 -15
leaf_value=-0.0029337643404995159 0.024823048571008744 0.01335143698634042 0.01699605078205435 -0.039067892948057098 0.0065288170925727716 -0.046803936262864318 -0.013900606933864841 0.00084591517598967946 0.0062816795081956497 0.036763098343023611 -0.021064495073499064 0.0009718500164203293 -0.05100480698916339 -0.039239807593368876
leaf_weight=1339.1085390429944 42.726544924080372 8.9033375568687898 47.553301986306906 35.757470322772861 32.327772917225957 49.099523488432169 142.99788578785956 431.62711539305747 809.96427235379815 56.564114529639482 96.5209936555475 3103.2062270082533 30.931700404733419 46.857259605079889
leaf_count=7806 310 43 361 261 206 582 743 2472 4583 289 534 18197 168 247
internal_value=-0.00035721 -0.000533817 -0.013948 -0.00191421 -0.0154067 -0.0375004 -0.000147071 0.000187733 0.00395664 0.00821677 -0.00313136 -0.00097578 -0.00520916 -0.00418862
internal_weight=6274.15 6231.42 173.641 115.639 68.0852 58.0029 6057.78 5914.78 1394.68 866.528 528.148 4520.1 1416.9 1385.97
internal_count=36802 36492 1453 828 467 625 35039 34296 7878 4872 3006 26418 8221 8053
cat_boundaries=0 2 4 6
cat_threshold=537429010 26 597897231 2 542032 51
is_linear=0
shrinkage=0.05


Tree=139
num_leaves=15
num_cat=2
split_feature=23 23 29 25 22 29 13 4 6 25 21 25 5 8
split_gain=10.2731 15.3596 18.441 9.65523 9.097 24.4474 20.2592 18.3005 13.5377 12.4992 24.8679 14.135 14.1243 12.3797
threshold=65.545625000000015 19.280208333333334 0 15.215248173885962 0.92166666666666675 1 9.2737500000000015 -11.640196468691123 26.500000000000004 -0.46995551964468169 1.0168597810267985 -0.084605431144802581 0.22002659574468089 24.500000000000004
decision_type=10 10 9 10 8 9 8 10 8 8 8 8 8 8
left_child=1 3 -3 4 5 7 13 -1 -9 10 -6 -11 -12 -7
right_child=-2 2 -4 -5 9 6 -8 8 -10 11 12 -13 -14 -15
leaf_value=0.010036549023756865 0.023659434939979219 0.010107307306697497 -0.023940748262195947 -0.033445148090638387 -0.061761160122129233 0.021017729505831022 -0.018515988486146742 0.057018203439941455 -0.007790916633828214 -0.02225733069993141 -0.031392033234537167 -0.00028111951489983103 0.023634027914643248 -0.0092064693513467903
leaf_weight=86.101889595389366 44.403873341158032 52.401799159124494 125.11515739560127 20.226534634828568 9.2396294791251403 91.921935686841607 107.50611316598952 47.95637396723032 9.3783692028373462 73.178846402093768 11.907654803246258 5380.8638167753816 133.80698566138744 52.592147346585989
leaf_count=519 315 443 1042 138 72 571 721 267 81 458 67 30963 769 296
internal_value=-3.74309e-05 -0.000210872 -0.0146646 0.000217369 0.000336314 0.00765598 -0.00208913 0.0232118 0.0464654 -0.000181025 0.013776 -0.000580008 0.018954 0.0100307
internal_weight=6246.6 6202.2 177.517 6024.68 6004.45 395.457 252.02 143.437 57.3347 5609 154.954 5454.04 145.715 144.514
internal_count=36722 36407 1485 34922 34784 2455 1588 867 348 32329 908 31421 836 867
cat_boundaries=0 2 4
cat_threshold=539530249 18 1678092354 38
is_linear=0
shrinkage=0.05


Tree=140
num_leaves=15
num_cat=5
split_feature=20 29 5 4 22 23 29 8 22 19 28 29 29 18
split_gain=10.9286 15.2176 10.1014 9.50463 10.0758 19.1235 13.4981 14.1355 12.1716 9.12424 20.5391 17.9732 15.9669 17.3756
threshold=-83.47499999999998 0 1.0960227272727276 -92.699365882377705 0.92166666666666675 0.76875000000000038 1 34.500000000000007 1.5883333333333336 42.500000000000007 2 3 4 3.5024999999999999
decision_type=8 9 10 8 8 10 9 10 8 8 9 9 9 10
left_child=1 -1 3 -2 5 6 7 -5 -6 10 11 -10 13 -12
right_child=2 -3 -4 4 8 -7 -8 -9 9 -11 12 -13 -14 -15
leaf_value=0.006524869533801019 -0.038642975001229138 -0.026918375098773678 -0.023040258849882787 0.031295237965851035 -0.038454446789975213 0.032005460607983025 -0.003747932043318942 -0.02048777385186544 0.024698700655759524 0.00082561553108799132 -0.0063594771301330837 -0.0037185604293656924 -0.017827768720260682 0.037958553870771121
leaf_weight=55.032409822568297 14.562190510332584 75.058742569759488 45.3814662899822 65.925372883677483 19.542143683880568 69.039488062262535 218.11824553459883 15.668422088026999 76.948380395770073 5028.4559606518596 96.516769064590335 149.27586729079485 303.7392424531281 27.615741146728396
leaf_count=295 76 454 563 396 168 452 1328 89 554 27710 855 1082 2580 192
internal_value=-0.000100004 -0.0143847 0.000205404 0.000382514 0.000482474 0.00848103 0.0029737 0.0189316 -3.6185e-05 0.000102677 -0.00544779 0.00664441 -0.0117233 0.00344889
internal_weight=6260.88 130.091 6130.79 6085.41 6070.85 368.752 299.712 81.5938 5702.09 5682.55 654.096 226.224 427.872 124.133
internal_count=36794 749 36045 35482 35406 2265 1813 485 33141 32973 5263 1636 3627 1047
cat_boundaries=0 2 4 5 6 8
cat_threshold=1091097624 17 1615175680 33 815104 1074329682 1135611156 29
is_linear=0
shrinkage=0.05


Tree=141
num_leaves=15
num_cat=5
split_feature=27 7 11 3 29 29 19 0 10 29 3 29 1 24
split_gain=11.804 11.5875 17.4653 21.2287 24.0509 24.031 21.356 16.9306 26.5883 28.4045 23.1307 25.3836 17.2547 19.0767
threshold=0 5.5000000000000009 6.2860260266895382 0.44374706258299379 1 2 42.500000000000007 89.905000000000015 7.5000000000000009 3 1.0801074961321968 4 1.9905194104960462 0.43030865193994228
decision_type=9 2 2 10 9 9 8 8 2 9 10 9 8 10
left_child=-1 7 3 5 -5 -3 -7 8 -2 -10 11 -9 -13 -14
right_child=1 2 -4 4 -6 6 -8 10 9 -11 -12 12 13 -15
leaf_value=-0.019689376885251447 0.019059152951966973 -0.016339446652681153 0.0013959926559130597 0.003905027154641685 -0.017205548798097711 -0.011657771355781076 0.0064302821678043146 -0.009869705519062473 -0.022886535599049691 0.0097214850500261536 0.021753346673721224 0.010819172845712908 -0.013611555529891468 0.0093112959091849693
leaf_weight=66.089495852589607 348.99607776105404 196.78055398352444 2273.8965025115758 181.38030658476055 523.57193240895867 208.35279195196927 739.32352553680539 550.98195592314005 91.582635136321187 180.84951632842422 112.71765479072928 429.61076806485653 213.04242714494467 156.67129496484995
leaf_count=333 1943 1511 13633 910 2682 1740 4675 2925 481 960 672 2421 1166 816
internal_value=-0.000244624 -2.75495e-06 -0.00153862 -0.0051456 -0.0119645 -0.000938592 0.0024199 0.00303464 0.0099416 -0.00176533 9.60839e-05 -0.00172653 0.00396573 -0.00389877
internal_weight=6273.85 6207.76 4123.31 1849.41 704.952 1144.46 947.676 2084.45 621.428 272.432 1463.02 1350.31 799.324 369.714
internal_count=36868 36535 25151 11518 3592 7926 6415 11384 3384 1441 8000 7328 4403 1982
cat_boundaries=0 1 3 5 7 9
cat_threshold=8274 2723416328 48 2185693447 17 2735847682 12 2156201497 61
is_linear=0
shrinkage=0.05


Tree=142
num_leaves=15
num_cat=4
split_feature=23 23 24 2 29 32 29 19 29 1 25 27 24 24
split_gain=13.5854 14.8551 17.4091 14.2357 19.4788 17.4233 18.717 20.7124 15.606 16.062 15.0357 13.6914 13.1608 14.6841
threshold=65.545625000000015 19.280208333333334 0.45947331947331954 70.627383294323053 0 0.90000000000000013 1 inf 2 0.23697775366250681 7.8313553979122821 3 0.46465813383761428 0.65189241520102781
decision_type=10 10 10 2 9 2 9 8 9 8 10 9 10 10
left_child=1 3 -3 5 -5 6 -1 11 9 -7 -6 -8 -11 -14
right_child=-2 2 -4 4 10 8 7 -9 -10 12 -12 -13 13 -15
leaf_value=0.0051853919798585755 0.026891042963076053 -0.036756156384768396 -0.0035936777844480746 0.003641733988831742 -0.012281380149625688 -0.029883962716428448 0.018407395031156803 0.0012960343216467168 0.0044649252777259627 0.0014755136577107027 -0.049027188864924992 -0.018400500144794406 -0.013085368496931551 0.012747287212977848
leaf_weight=292.43371121957898 44.542942436411977 58.754706595093012 117.93384980969131 224.99591339379549 292.76059617474675 47.561008201912045 20.536388874053955 257.70568799227476 2625.2918346524239 1436.9945156127214 29.979016110301018 410.63165838271379 330.52548627741635 65.122041011229157
leaf_count=1609 323 639 847 1150 1423 759 98 1519 15384 8349 162 2393 1843 331
internal_value=-0.000317907 -0.00051733 -0.0147661 -9.77555e-05 -0.00777636 0.00067006 -0.00536392 -0.00977668 0.00198517 -0.00149358 -0.0153611 -0.0166087 -0.000749043 -0.008812
internal_weight=6255.77 6211.23 176.689 6034.54 547.736 5486.8 981.307 688.874 4505.49 1880.2 322.74 431.168 1832.64 395.648
internal_count=36829 36506 1486 35020 2735 32285 5619 4010 26666 11282 1585 2491 10523 2174
cat_boundaries=0 2 3 5 6
cat_threshold=31262982 28 2892653892 15666510 2 8248
is_linear=0
shrinkage=0.05


Tree=143
num_leaves=15
num_cat=3
split_feature=7 11 29 2 2 24 28 19 7 24 24 29 2 24
split_gain=10.8201 16.8391 17.2974 14.7753 14.1641 13.0204 16.2682 20.68 19.2326 16.148 14.6211 12.6584 14.919 12.1084
threshold=20.500000000000004 6.4172223323443918 0 87.267325423556784 -8.0615647442537064 0.49224944585769331 1 51.250000000000007 30.500000000000004 0.18436475165077085 0.23969412774373317 2 21.558467104847448 0.29848702037456004
decision_type=2 2 9 2 2 10 9 8 2 8 10 9 2 10
left_child=3 -2 -3 13 -4 6 7 -6 9 -9 -11 -8 -13 -1
right_child=1 2 4 -5 5 -7 11 8 -10 10 -12 12 -14 -15
leaf_value=0.0059474594587221197 -0.012492692415718605 -0.0074654451157413482 0.055230582252211127 -0.009557579904648509 -0.024286997403159625 0.038319105640449512 0.013325264038354521 0.090280392711736282 0.010001525760059962 -0.015256816359742735 0.057906997306631881 -0.0069865676817482394 -0.04955145124700637 0.00032796387288828744
leaf_weight=1325.5483467020094 395.91192542761564 373.4892986677587 13.950147219002245 298.72193956747651 24.90167211741209 27.204602390527725 55.506208896636963 15.922873161733149 77.044188987463713 11.59906177967787 14.503736868500708 137.92875688895583 23.303307931870222 3456.3423932548612
leaf_count=6956 4117 3122 73 1381 257 182 373 97 504 59 81 998 123 18526
internal_value=0.00021312 -0.00411702 0.000170353 0.00121199 0.00727269 0.00559746 0.00303049 0.0153889 0.0251014 0.0519075 0.0260325 -0.00565863 -0.0126277 0.00188662
internal_weight=6251.88 1171.27 775.354 5080.61 401.865 387.914 360.71 143.972 119.07 42.0257 26.1028 216.738 161.232 4781.89
internal_count=36849 9986 5869 26863 2747 2674 2492 998 741 237 140 1494 1121 25482
cat_boundaries=0 2 3 5
cat_threshold=3280734296 41 344068 536888576 16
is_linear=0
shrinkage=0.05


Tree=144
num_leaves=15
num_cat=5
split_feature=14 33 7 4 29 1 29 10 20 28 24 23 19 29
split_gain=10.0939 14.762 9.46815 18.0677 14.077 13.3326 17.5917 13.3744 16.3652 17.5062 18.6664 19.7515 17.3736 17.2942
threshold=-5.5899999999999999 0 8.5000000000000018 -10.580587747571428 1 2.5446570972886766 2 25.500000000000004 -3.4800000000000018 3 0.49782053351657224 7.2666666666666666 54.000000000000007 4
decision_type=8 1 2 8 9 8 9 2 10 9 10 10 8 9
left_child=1 -1 5 4 -4 7 -7 8 9 -2 11 12 -11 -10
right_child=2 -3 3 -5 -6 6 -8 -9 13 10 -12 -13 -14 -15
leaf_value=-0.041733284958420429 -0.0043578396028987939 0.027712383064901619 0.0024644117499839115 -0.0009476889856980937 -0.017547017609205504 0.0081556052270924315 -0.0097408816193327863 -0.013212479399685598 -0.009253281721326825 -0.011194660001380766 0.024698206274764684 -0.025454620047253507 0.01081841179178171 0.0055672767948336697
leaf_weight=30.85804177634418 269.09185642749071 9.2984868362545949 125.89241346344352 2771.6549695786089 300.2147279381752 182.90675117820501 477.12990876473486 116.57150045782328 380.58178709447384 98.799840770661831 177.2617212459445 43.482480159029365 893.86428964883089 386.07186492905021
leaf_count=176 1253 56 783 18203 2083 952 2492 574 1884 484 925 292 4817 1931
internal_value=-0.000689779 -0.0253701 -0.000526483 -0.00242317 -0.0119959 0.00147816 -0.00480062 0.00323123 0.00408898 0.00715446 0.00966528 0.00716533 0.00861839 -0.00184042
internal_weight=6263.68 40.1565 6223.52 3197.76 426.107 3025.76 660.037 2365.73 2249.15 1482.5 1213.41 1036.15 992.664 766.654
internal_count=36905 232 36673 21069 2866 15604 3444 12160 11586 7771 6518 5593 5301 3815
cat_boundaries=0 1 3 5 6 8
cat_threshold=4 539187730 5 54792276 10 1655904 2206254622 14
is_linear=0
shrinkage=0.05


Tree=145
num_leaves=15
num_cat=4
split_feature=8 11 20 29 24 1 29 28 15 24 29 3 5 19
split_gain=10.7093 10.1254 9.98942 12.7975 8.5708 8.31649 26.9924 20.5455 13.5012 11.8565 11.6011 13.0237 12.115 10.9308
threshold=-7.4999999999999991 10.513609409271316 27.010000000000002 0 0.49224944585769331 0.50233644859813087 1 2 0.044595381267067698 0.42136730516454252 3 0.062038164637768289 0.64403389830508495 84.725000000000009
decision_type=8 2 10 9 10 8 9 9 8 8 9 10 8 10
left_child=-1 2 5 4 -4 6 8 9 -2 10 -8 -12 -13 -7
right_child=1 -3 3 -5 -6 13 7 -9 -10 -11 11 12 -14 -15
leaf_value=0.017181641824553485 0.10176744592149192 -0.035273546385629281 0.014680496409198249 -0.023979447226198478 -0.030792328501888788 0.0021932263639082724 -0.015835669264528777 -0.016183526117507171 0.021854532195555498 -0.025903248100138984 0.034330571506797761 0.04597035314018881 -0.015912139416571571 -0.0025685837141863005
leaf_weight=86.856737442314625 5.2871685232967138 19.743193246424198 51.16413626819849 85.741940353065729 11.955349912866948 3652.3793376684189 24.331654246896505 337.14733995683491 40.146301705390215 23.52365792915225 62.716945685446262 9.3256133832037431 32.805058777332306 1797.4688100256026
leaf_count=401 61 110 291 629 78 19915 251 4218 403 203 534 103 271 9305
internal_value=-0.000151832 -0.000399237 -0.000281257 -0.0130317 0.00494971 3.79942e-05 -0.00590309 -0.00939361 0.0272722 0.00567771 0.0120196 0.0183362 -0.00146621 0.000622503
internal_weight=6240.59 6153.74 6133.99 148.861 63.1195 5985.13 535.284 489.85 45.4335 152.703 129.179 104.848 42.1307 5449.85
internal_count=36773 36372 36262 998 369 35264 6044 5580 464 1362 1159 908 374 29220
cat_boundaries=0 2 4 5 7
cat_threshold=3762390104 35 1610686720 2 1380384 3082 1
is_linear=0
shrinkage=0.05


Tree=146
num_leaves=15
num_cat=4
split_feature=9 7 29 28 7 18 29 20 5 29 5 8 25 15
split_gain=10.7919 11.1409 20.9093 22.5411 15.9951 15.8535 15.1805 16.1576 16.6318 14.2487 13.8143 15.7785 16.1536 13.6061
threshold=9.5000000000000018 14.500000000000002 0 1 36.500000000000007 1.5750000000000026 2 -78.564999999999984 0.054900000000000011 3 0.19738939393939398 1.0000000180025095e-35 0.37581126848634799 0.0030250631984889424
decision_type=2 2 9 9 2 10 9 8 8 9 10 10 10 8
left_child=1 13 3 4 6 9 -3 -8 -9 10 11 12 -4 -1
right_child=-2 2 5 -5 -6 -7 7 8 -10 -11 -12 -13 -14 -15
leaf_value=-0.0053747157053652952 0.016552241657595609 -0.0069064613778228217 -0.014206290255906485 -0.021083195257894267 -0.019733275714151288 -0.020883384940871108 -0.044755278388511607 0.079633017931170655 0.015700096809922535 -0.00068481405536709216 -0.0098133536879103853 0.010886838948297112 0.063014928235899673 0.0020657633628221009
leaf_weight=742.24283494055271 91.824759416282177 154.01923426985741 7.9830520320683709 292.688870113343 99.02428774535656 82.092093843966722 8.8813709616661054 10.391273781657217 105.50633880496025 939.41237966902554 39.49204620718956 82.165331371128559 34.19339114613831 3544.5319063961506
leaf_count=3925 431 934 175 3095 881 655 49 64 634 6915 323 468 287 17955
internal_value=-0.00036905 -0.000624656 -0.00385985 -0.0108277 -0.00251135 0.000177239 0.00356449 0.0157391 0.0220644 0.00176345 0.0148606 0.0238987 0.0484082 0.000776513
internal_weight=6234.45 6142.62 1855.85 670.511 377.823 1185.34 278.798 124.779 115.898 1103.25 163.834 124.342 42.1764 4286.77
internal_count=36791 36360 14480 5657 2562 8823 1681 747 698 8168 1253 930 462 21880
cat_boundaries=0 2 3 5 7
cat_threshold=65800450 56 1070752 34081026 32 2685411340 6
is_linear=0
shrinkage=0.05


Tree=147
num_leaves=15
num_cat=5
split_feature=11 28 13 29 0 24 5 23 29 29 24 3 23 28
split_gain=11.5309 16.7582 14.5904 13.7072 13.8232 13.1913 12.4527 12.333 28.9542 14.9634 21.0233 15.405 20.8163 15.1996
threshold=6.7630184822483095 0 47.250000000000007 1 45.005000000000003 0.12079540379392777 0.59338867924528316 7.402916666666667 2 3 0.063968517358347868 0.70557828788434429 2.1522222222222229 4
decision_type=2 9 10 9 8 10 8 10 9 9 10 8 10 9
left_child=7 -2 3 6 5 -5 -3 9 -9 10 -1 13 -13 -11
right_child=1 2 -4 4 -6 -7 -8 8 -10 11 -12 12 -14 -15
leaf_value=0.064016725809124361 -0.018187944277659903 0.024755664593606019 -0.051901166755295915 0.021412345680203431 0.0047017093827454014 -0.0090449144128264443 0.0055732325081079039 0.0080380654483352704 -0.032117582220281875 0.01437129830725261 0.0040217965224802364 -0.008956624236974596 0.038835792937121721 -0.0012705789462909541
leaf_weight=13.859477713704107 78.104569040238857 145.28070862405002 10.622348502278326 38.678624676540494 1515.0709889233112 344.22717788442969 202.51901239156723 79.769980851560831 87.888522112742066 159.18701215833426 865.67640398070216 900.69693093001842 22.402040788903832 1765.4976902455091
leaf_count=105 445 771 54 296 8264 2439 1117 688 801 870 5010 5039 123 10786
internal_value=0.000384977 0.00316286 0.00397262 0.00427756 0.00254335 -0.00592056 0.013254 -0.00128037 -0.0145053 -0.000681767 0.00498223 -0.00244114 -0.00775601 9.79536e-05
internal_weight=6229.48 2334.5 2256.4 2245.78 1897.98 382.906 347.8 3894.98 167.659 3727.32 879.536 2847.78 923.099 1924.68
internal_count=36808 13386 12941 12887 10999 2735 1888 23422 1489 21933 5115 16818 5162 11656
cat_boundaries=0 1 3 5 7 8
cat_threshold=2688032 1074826244 6 1611139096 17 2741043779 40 1638706
is_linear=0
shrinkage=0.05


Tree=148
num_leaves=15
num_cat=0
split_feature=14 26 13 22 26 26 0 14 14 2 3 22 1 22
split_gain=9.31851 13.6761 22.9281 20.5851 18.6651 17.1278 13.7035 12.9481 13.3233 11.2361 10.9591 10.805 13.0566 11.6603
threshold=19.225000000000005 3602.0000000000005 12.782499999999999 21.430000000000003 3280.5000000000005 3085.5000000000005 75.010000000000005 2.5450000000000004 4.8862500000000013 -14.450356313165306 0.26238109840980356 -29.364999999999995 2.0671171171171179 -6.7349999999999985
decision_type=10 2 8 8 2 2 10 8 10 2 8 8 8 8
left_child=1 4 6 9 5 11 7 -3 -9 -4 -5 12 -1 -13
right_child=-2 2 3 10 -6 -7 -8 8 -10 -11 -12 13 -14 -15
leaf_value=-0.0089566553261176563 -0.019235540367485246 0.0037268825479076111 -0.026534879048133571 -0.048370463160649912 -0.045961157304575062 0.050488848557151869 0.010214572437819664 0.082209238648240882 0.028776701405534167 0.037513573266001993 -0.0056253178682422154 0.032886296072771021 -0.067452547347398722 -8.491394300567335e-05
leaf_weight=43.847596239298582 60.588924583047628 17.740799978375435 8.2200121954083425 26.469929220154881 21.171814262866974 15.750586174428461 82.984396979212761 21.829893305897713 27.392532858997583 27.515776064246893 33.684112936258316 25.939799848943949 11.340962901711462 5789.181905515492
leaf_count=261 315 101 52 207 109 82 511 120 151 173 194 161 55 34204
internal_value=0.000116654 0.000310308 0.0118411 -0.00721196 -0.000171482 9.99993e-07 0.0239923 0.0406649 0.0536388 0.0224598 -0.0249181 -0.00014304 -0.0219638 6.77914e-05
internal_weight=6213.66 6153.07 245.837 95.8898 5907.23 5886.06 149.948 66.9632 49.2224 35.7358 60.154 5870.31 55.1886 5815.12
internal_count=36696 36381 1509 626 34872 34763 883 372 271 225 401 34681 316 34365
is_linear=0
shrinkage=0.05


Tree=149
num_leaves=15
num_cat=3
split_feature=7 23 27 28 15 24 29 25 25 25 8 25 25 24
split_gain=12.646 14.0531 12.2912 11.9863 17.9342 21.5545 19.3476 20.5506 22.7423 19.0468 18.9873 18.3088 17.01 15.5796
threshold=5.5000000000000009 48.487083333333338 0 1 8.1151399277106488 0.063968517358347868 2 0.40617837384540589 0.30537573353204528 0.12412725641553242 21.500000000000004 0.31102742382143961 0.49234117048123516 0.25667894758367021
decision_type=2 10 9 9 8 10 9 10 10 10 8 10 10 10
left_child=1 -1 -2 4 6 10 13 8 9 -8 -6 -10 -9 -4
right_child=2 -3 3 -5 5 -7 7 12 11 -11 -12 -13 -14 -15
leaf_value=0.0028501701941084801 -0.023192569183698549 0.041980047928789156 -0.045202218611793549 0.00094601756148258206 0.057810058045326657 -0.014076580927381949 -0.0085490542664813426 0.0289725332200104 -0.06970544721294307 0.026106162465240546 -0.025188996918688242 -0.014779645837476138 0.0053074376616036234 -0.0076352225645464683
leaf_weight=2046.3710602223873 53.306465171277523 22.212734252214432 30.163420723751187 2566.4824235215783 19.005626920610666 531.24739954806864 97.684361277148128 98.695698548108339 17.192518085241318 65.343860641121864 9.8014091830700654 97.42293943092227 321.34502721577883 248.04751075617969
leaf_count=11198 307 135 286 15259 116 4145 695 477 96 337 58 512 1656 1490
internal_value=9.69574e-05 0.00329043 -0.00149305 -0.0011462 -0.00462403 -0.0117774 -0.000558273 0.00390133 -0.00658349 0.00541569 0.0296725 -0.0235503 0.0109236 -0.0114456
internal_weight=6224.32 2068.58 4155.74 4102.43 1535.95 560.054 975.895 697.684 277.644 163.028 28.807 114.615 420.041 278.211
internal_count=36767 11333 25434 25127 9868 4319 5549 3773 1640 1032 174 608 2133 1776
cat_boundaries=0 1 2 4
cat_threshold=2416 2720385 15619087 2
is_linear=0
shrinkage=0.05


Tree=150
num_leaves=15
num_cat=5
split_feature=2 29 18 14 27 29 26 26 29 14 26 29 24 23
split_gain=10.7946 12.3319 10.5217 11.9915 8.30032 13.2779 8.35929 20.0841 14.3373 10.4818 9.87081 30.0031 34.3102 27.9885
threshold=-8.8233004964928679 0 -0.749999999999999 5.753000000000001 1 2 4699.5000000000009 4008.0000000000005 3 13.277500000000002 359.00000000000006 4 0.66170451747502412 18.18729166666667
decision_type=2 9 10 8 9 9 2 2 9 8 2 9 10 10
left_child=1 2 -1 -4 5 -2 7 10 9 -9 13 -12 -13 -6
right_child=4 -3 3 -5 6 -7 -8 8 -10 -11 11 12 -14 -15
leaf_value=0.013775054913198539 0.0025693814905362964 0.0015289053345407511 0.012977463284400376 0.082240545955457697 0.00093873559568054461 -0.031878438054839642 -0.02029743741824809 0.015154754812030314 0.027106839654320036 -0.046884294201446991 -0.01999126872729098 -0.0025406895001621283 0.042888508285600202 -0.046065708732207861
leaf_weight=38.734756965190172 59.399042021483183 149.53736886195838 10.878550343215464 15.208887409418823 3988.3423103615642 45.873671643435955 52.078039748594165 12.383920669555662 94.366041718050838 13.175093226134779 238.6258857101202 1436.4691903311759 41.799860615283251 30.923164799809456
leaf_count=205 330 859 59 77 23244 257 325 81 611 84 1415 8578 220 492
internal_value=-0.000412224 0.0105868 0.0268329 0.054903 -0.000806 -0.0140374 -0.000543231 -0.000365049 0.0198005 -0.0126305 -0.000790026 -0.00396234 -0.00121975 0.000565727
internal_weight=6227.8 214.36 64.8222 26.0874 6013.44 105.273 5908.16 5856.09 119.925 25.559 5736.16 1716.89 1478.27 4019.27
internal_count=36837 1200 341 136 35637 587 35050 34725 776 165 33949 10213 8798 23736
cat_boundaries=0 2 3 5 7 9
cat_threshold=1644209218 5 87122 546078800 32 1073768464 16 3297282 6
is_linear=0
shrinkage=0.05


Tree=151
num_leaves=15
num_cat=4
split_feature=7 4 15 29 1 29 1 29 19 11 20 21 1 29
split_gain=8.47185 17.4648 14.2525 19.609 17.9926 18.0604 16.7004 16.6356 14.1331 15.3988 13.4071 11.7948 11.4482 12.3459
threshold=10.500000000000002 -16.427922821415972 4.1249837148420179 0 1.4214638157894739 1 2.0671171171171179 2 90.355000000000004 5.9716698872678231 -16.460000000000001 4.1680902690716435 2.2048368298368302 3
decision_type=2 8 10 9 10 9 8 9 10 2 10 10 10 9
left_child=-1 8 4 -4 7 6 -6 10 9 -2 -3 -9 13 -5
right_child=1 2 3 12 5 -7 -8 11 -10 -11 -12 -13 -14 -15
leaf_value=0.0015458566545438978 -0.033281858037098426 0.020236630210198923 0.0062557344512095079 -0.030872588393010186 -0.010544445589728066 -0.015669509838949224 0.028083639354550851 0.0014342542627354693 -0.038827925014463263 -0.00042759985827608109 -0.0047191061823841857 -0.049777652126327378 0.02268719344440049 -0.009457287009039729
leaf_weight=3330.410983948037 46.858761230483651 227.9995553586632 197.21581936627626 81.393385909497738 55.467197827994823 256.65874778479338 54.663436371833086 1290.1809225324541 48.89639800786972 140.08752039447427 69.919838696718216 10.342316463589666 21.500043161213398 409.85712926648557
leaf_count=17159 392 1594 1115 491 289 1362 274 9736 274 1013 704 63 112 2332
internal_value=-0.000176166 -0.00214612 -0.000993596 -0.00706023 0.00120053 -0.00877204 0.00798986 0.00349296 -0.01516 -0.0087959 0.0139179 0.000981521 -0.0120709 -0.0138803
internal_weight=6241.45 2911.04 2675.2 709.966 1965.23 366.789 110.131 1598.44 235.843 186.946 297.919 1300.52 512.751 491.251
internal_count=36910 19751 18072 4050 14022 1925 563 12097 1679 1405 2298 9799 2935 2823
cat_boundaries=0 2 4 6 8
cat_threshold=49365004 36 1074843652 25 2702254602 35 537174288 2
is_linear=0
shrinkage=0.05


Tree=152
num_leaves=15
num_cat=2
split_feature=20 20 29 7 5 24 25 5 10 13 29 25 24 25
split_gain=8.70047 10.3939 17.6761 15.4443 15.0616 13.1103 12.4065 13.6648 11.0516 11.2886 11.0323 13.6475 15.8809 14.9533
threshold=-83.47499999999998 -12.492499999999991 0 10.500000000000002 1.0000000180025095e-35 0.063968517358347868 0.13656195954255876 0.20710024509803923 16.500000000000004 0.50249999999999784 1 0.035484846339508221 0.66626160532880696 0.13656195954255876
decision_type=8 8 9 2 10 10 10 10 2 8 9 10 10 10
left_child=-1 2 3 8 -4 -5 -7 -8 9 -2 11 12 -3 -13
right_child=1 10 4 5 -6 6 7 -9 -10 -11 -12 13 -14 -15
leaf_value=-0.013236993919079235 0.00048457262831293993 0.014529632429398554 -0.03221253160571505 0.05906039511608531 -0.00051287210181083986 -0.019686833256026982 0.018255825001650402 -0.0024500547808104997 -0.0073521899355405394 0.029863852191009062 0.00085550713748720709 -0.019973925392053397 -0.055258056243376236 -0.0037466695261484961
leaf_weight=127.97058825753629 40.800829267129302 141.22105517797172 40.630610069260001 9.4018443543463928 375.43384232372046 54.658841339871287 131.6719599366188 198.99206947162747 31.959602121263742 164.28556906059384 3024.6386734303087 153.92916091531515 7.6732889264821997 1710.0444585885853
leaf_count=748 208 982 271 64 2024 380 772 1081 160 833 17966 1060 33 10175
internal_value=-0.000385842 -0.000113461 0.00441494 0.00959071 -0.00359217 0.00366577 0.00216476 0.00582531 0.0198029 0.0240497 -0.00105609 -0.00391237 0.0105885 -0.00509673
internal_weight=6213.31 6085.34 1047.84 631.771 416.064 394.725 385.323 330.664 237.046 205.086 5037.51 2012.87 148.894 1863.97
internal_count=36757 36009 5793 3498 2295 2297 2233 1853 1201 1041 30216 12250 1015 11235
cat_boundaries=0 2 4
cat_threshold=3800354114 56 3901508704 50
is_linear=0
shrinkage=0.05


Tree=153
num_leaves=15
num_cat=2
split_feature=20 29 29 7 25 3 1 1 3 1 25 24 24 11
split_gain=8.588 24.6246 13.912 13.0245 12.0892 13.7881 12.3237 11.836 11.0763 13.934 12.7698 12.8977 23.9802 20.365
threshold=-3.9975000000000018 0 1 40.500000000000007 1.0623592060272669 0.68160594755628201 1.4763764880952384 0.32299679487179495 0.44810456524454062 0.90045045045045058 0.61229262018260366 0.38140834632193393 0.37554137866557652 9.0269984934037186
decision_type=10 9 9 2 10 8 8 8 8 10 10 8 10 2
left_child=2 -2 3 7 -5 6 -6 -1 -4 -10 11 12 13 -11
right_child=1 -3 8 4 5 -7 -8 -9 9 10 -12 -13 -14 -15
leaf_value=-0.020601698951642471 0.0040174222044789048 -0.0094479579651341704 0.001988703477458097 -0.039782706840879499 0.0060517908952066428 0.059757589963540497 -0.042011955773310523 0.0061272887069784357 -0.011520849591106231 -0.0050043688662800368 -0.0056801648622833399 0.011362291172534948 -0.076442133286172012 0.062399553710589084
leaf_weight=41.530263194814324 597.79570952057838 764.14675926044583 1486.2619216032326 29.024590130895376 40.116043021902442 7.1004790998995295 18.828169375658035 1644.8223816305399 444.14899349957705 178.06167163141072 661.21147271245718 303.27183616533875 10.09092143923044 10.954360410571097
leaf_count=556 3646 4723 9657 298 319 51 139 8825 2751 1053 3228 1590 51 50
internal_value=-7.00656e-05 -0.00357885 0.000910641 0.00441506 -0.0134756 -0.00149347 -0.00974564 0.00545721 -0.00111851 -0.00399735 -0.00111816 0.00488552 -0.00498712 -0.000790164
internal_weight=6237.37 1361.94 4875.42 1781.42 95.0693 66.0447 58.9442 1686.35 3094 1607.74 1163.59 502.379 199.107 189.016
internal_count=36937 8369 28568 10188 807 509 458 9381 18380 8723 5972 2744 1154 1103
cat_boundaries=0 2 4
cat_threshold=1648630864 25 2710627087 38
is_linear=0
shrinkage=0.05


Tree=154
num_leaves=15
num_cat=3
split_feature=26 24 25 29 25 26 21 29 25 25 26 29 3 2
split_gain=11.9127 23.5511 29.2557 25.6761 23.3779 20.6178 25.5345 23.3186 35.4466 29.0479 30.0054 38.1777 26.0089 26.9481
threshold=64.500000000000014 0.4045584177754849 0.53557650409713975 0 0.8306515638023525 388.50000000000006 0.86733058453102096 1 0.51083459282234778 0.4101792012380146 1040.0000000000002 2 0.00063884902006058398 0.0035332151058553589
decision_type=2 10 10 9 10 2 8 9 10 10 2 9 8 2
left_child=1 3 -3 -1 -4 6 -2 -7 9 10 11 -9 -10 -14
right_child=5 2 4 -5 -6 7 -8 8 12 -11 -12 -13 13 -15
leaf_value=0.014872476504439984 -0.05231346235991037 0.0020777013821806638 -0.039308118403363207 -0.0021167470853853537 -0.011201870743090342 -0.008530003793303929 0.0066821207184918595 -0.043846412579338398 -0.038745436690084969 -0.03892199043146588 0.010340315618161816 0.00093492745699334248 0.017810099060264026 -0.0051103556376194802
leaf_weight=240.94136105664074 17.561356883496046 224.74648170545697 115.70835100114346 1885.3121161051095 205.48095074295998 734.98803036101162 1623.0979244355112 67.621775303035975 25.399782912805676 63.679522853344679 208.78280742093921 128.44366001524031 495.21152533032 172.42013703659177
leaf_count=1436 319 1363 663 11025 1053 4524 9540 475 206 358 1251 782 2862 906
internal_value=1.33488e-05 -0.00250583 -0.0117592 -0.000125524 -0.0214177 0.00191663 0.00601916 -0.00163367 0.00278307 -0.00780603 -0.00282789 -0.0168315 0.00998293 0.011892
internal_weight=6209.4 2672.19 545.936 2126.25 321.189 3537.21 1640.66 1896.55 1161.56 468.528 404.848 196.065 693.031 667.632
internal_count=36763 15540 3079 12461 1716 21223 9859 11364 6840 2866 2508 1257 3974 3768
cat_boundaries=0 2 4 5
cat_threshold=2155094023 10 540168794 15 558080
is_linear=0
shrinkage=0.05


Tree=155
num_leaves=15
num_cat=2
split_feature=11 24 11 29 26 6 10 24 29 30 26 5 1 25
split_gain=9.91671 9.76473 9.39444 16.338 12.821 26.3036 27.3884 25.5582 22.2264 31.2461 18.086 17.2643 15.8489 13.3428
threshold=10.513609409271316 1.0000000180025095e-35 6.5350743409074665 0 1040.0000000000002 -19.499999999999996 1.0000000180025095e-35 0.45265062012745494 1 2.5000000000000004 429.00000000000006 0.7664400921658987 2.9936708860759498 -0.99625807386322596
decision_type=2 8 2 9 2 10 2 10 9 2 2 8 10 8
left_child=1 -1 3 -3 8 6 7 -6 9 10 11 -5 -9 -10
right_child=-2 2 -4 4 5 -7 -8 12 13 -11 -12 -13 -14 -15
leaf_value=-0.040785903877465134 -0.033641597907108266 -0.0075219522000463338 0.0027453941186104864 0.010662229973580496 0.027783048331468087 -0.0076314927566355139 0.030783002905707846 -0.042324236737469559 0.027253664474425739 0.019663447714936312 -0.060184696466106968 -0.035028136078795007 0.024298716592086864 6.5084378258795043e-05
leaf_weight=13.317825514823197 20.394771426916122 773.89355763141066 2727.2109881751239 31.930376267060637 35.252502396702766 148.57407225854695 163.60755153372884 38.112896084785461 45.133019974455237 39.041730446740985 36.831447884440422 55.732489453628659 10.845966376364229 2064.3854856919497
leaf_count=108 113 4700 15764 220 184 898 902 189 273 237 281 375 59 12420
internal_value=0.000340631 0.000458128 0.000553739 -0.0011824 0.000683224 0.00897163 0.0189163 -0.00422921 -0.000762479 -0.0179083 -0.0311807 -0.0184533 -0.0273742 0.00065631
internal_weight=6204.26 6183.87 6170.55 3443.34 2669.45 396.393 247.819 84.2114 2273.05 163.536 124.494 87.6629 48.9589 2109.52
internal_count=36723 36610 36502 20738 16038 2232 1334 432 13806 1113 876 595 248 12693
cat_boundaries=0 2 3
cat_threshold=1078273030 7 524288
is_linear=0
shrinkage=0.05


Tree=156
num_leaves=15
num_cat=5
split_feature=7 28 25 24 24 29 29 1 3 30 29 28 19 2
split_gain=9.56352 21.7941 24.2414 38.0625 34.6051 26.5444 25.7932 25.6963 21.0045 19.3757 19.0155 18.3347 16.6974 16.592
threshold=5.5000000000000009 0 0.37509740308306422 0.38140834632193393 0.41426353355580275 1 2 0.67826876513317202 0.97057465204757865 2.5000000000000004 3 4 37.000000000000007 5.2403702436400481
decision_type=2 9 8 10 10 9 9 10 8 2 9 9 10 2
left_child=11 2 3 5 9 -2 -4 10 12 -5 -8 -1 13 -9
right_child=1 -3 6 4 -6 -7 7 8 -10 -11 -12 -13 -14 -15
leaf_value=0.0053238551736243282 0.003085936057547701 0.0011886476003489324 -0.014096895147307576 -0.020441554197616667 -0.013138068300897915 -0.040533837615384198 0.021891430992366925 0.027633819910863146 -0.024842652125917956 0.04358324711597604 -0.019877551513931072 -0.0055829613148644375 0.0035142736672705167 -0.012652513190246465
leaf_weight=1550.020757265389 50.472046453505754 2655.1710329912603 293.23146196641028 14.81704895570874 210.93380249105394 156.59967828728259 24.951156061142683 184.93927662074566 41.838202118873596 48.960531637072563 144.76541012898088 502.76318111270666 274.7586727142334 29.035121366381645
leaf_count=8846 390 15811 1878 103 1643 1230 200 844 201 265 1404 2466 1324 140
internal_value=-0.000138649 -0.00152482 -0.00637078 -0.0156054 -0.00337412 -0.0317379 -0.00194552 0.00330929 0.00877224 0.0286228 -0.0135266 0.0026499 0.0116947 0.0221338
internal_weight=6183.26 4130.47 1475.3 481.783 274.711 207.072 993.519 700.288 530.571 63.7776 169.717 2052.78 488.733 213.974
internal_count=36745 25433 9622 3631 2011 1620 5991 4113 2509 368 1604 11312 2308 984
cat_boundaries=0 1 3 4 6 7
cat_threshold=2720256 1610948688 60 1617844509 2197913600 4 2920615
is_linear=0
shrinkage=0.05


Tree=157
num_leaves=15
num_cat=4
split_feature=2 29 28 25 28 3 15 29 0 1 26 20 15 2
split_gain=9.91703 20.0818 15.1918 11.6429 11.4461 18.0521 14.7158 10.966 15.2246 13.0159 11.5695 10.3717 10.1128 9.56144
threshold=60.185988705806501 0 1 1.019707026139117 2 0.285127267626825 4.8207141442931567 3 52.015000000000008 1.7151675485008819 23.500000000000004 -2.9974999999999947 -2.0739213103565346 -6.2459047189660319
decision_type=2 9 9 8 9 8 8 9 8 10 2 8 8 2
left_child=4 2 11 -3 5 6 -1 10 -9 12 -5 -2 -10 -6
right_child=1 3 -4 7 13 -7 -8 8 9 -11 -12 -13 -14 -15
leaf_value=-0.0093044569865341313 -0.0044830869415754928 -0.030995660582480627 -0.016572566116688326 0.009574561434364361 0.010759315306313097 -0.023094482973723029 0.042491094247446688 0.02570312343106845 0.012593205587534904 0.0074303059363576745 -0.046195794220147718 0.022612709243060469 -0.019743155707167351 0.00037842077329846462
leaf_weight=34.368446830660105 50.364665392786264 68.520931661128998 45.529227782040834 11.687034633010624 230.81283560395241 121.81201275065541 21.516306724399328 35.54832610860467 27.255512297153473 88.68718110024929 39.365379672497511 114.96368735469878 178.05835265293717 5146.2585760457441
leaf_count=197 247 360 230 58 1272 656 152 190 128 408 219 587 876 31281
internal_value=-0.000286872 -0.00607655 0.00655892 -0.0118917 0.000401989 -0.0117046 0.0110339 -0.00869173 -0.00462059 -0.00851843 -0.028093 0.0135655 -0.0154103 0.000824409
internal_weight=6214.75 659.98 210.858 449.123 5554.77 177.697 55.8848 380.602 329.549 294.001 51.0524 165.328 205.314 5377.07
internal_count=36861 3303 1064 2239 33558 1005 349 1879 1602 1412 277 834 1004 32553
cat_boundaries=0 2 3 4 6
cat_threshold=22878478 5 122884 721984 2684362753 34
is_linear=0
shrinkage=0.05


Tree=158
num_leaves=15
num_cat=4
split_feature=8 21 24 25 7 7 28 26 2 3 29 29 28 3
split_gain=9.77383 10.3695 9.5394 23.334 17.7105 9.13386 16.5136 17.9968 14.2568 14.2703 16.1295 13.1228 12.4043 24.2083
threshold=-2.4999999999999996 1.0051511281627572 0.84967052394728393 -0.62659550619840088 4.5000000000000009 21.500000000000004 0 506.50000000000006 -33.836716915372243 0.049997219441663895 1 2 3 0.10200747950493937
decision_type=8 8 10 10 2 2 9 2 2 10 9 9 9 8
left_child=1 -1 5 4 -4 12 8 11 -7 10 -10 -8 13 -2
right_child=2 -3 3 -5 -6 6 7 -9 9 -11 -12 -13 -14 -15
leaf_value=0.053242393742510635 0.051070315754915011 0.0087635896964045595 0.05294531409060782 -0.070317897390716519 -0.032603423611876611 0.064226029989482 -0.0070819356565178836 -0.039086375056207462 0.024587575440420163 -0.023435193198483271 -0.012978020086883006 0.0065700336485718996 0.0004549892530040037 0.0060876767947227774
leaf_weight=13.943123675882815 32.557762645184994 112.35572377592325 10.477750554680826 15.258049700409172 11.831560142338274 4.7593192756175986 268.66372132301331 27.268787626177073 31.562976144254208 194.90178245864809 76.012865262106061 465.959607206285 4652.0054151387885 279.2074834741652
leaf_count=67 189 530 91 78 72 47 2033 299 491 2386 1168 2879 24949 1462
internal_value=0.000342168 0.0140536 5.46272e-05 -0.0247331 0.00812295 0.000213056 -0.00397679 6.23059e-05 -0.013524 -0.0154006 -0.000761996 0.00156749 0.00111611 0.0105948
internal_weight=6196.77 126.299 6070.47 37.5674 22.3093 6032.9 1069.13 761.892 307.237 302.478 107.576 734.623 4963.77 311.765
internal_count=36741 597 36144 241 163 35903 9303 5211 4092 4045 1659 4912 26600 1651
cat_boundaries=0 1 3 5 6
cat_threshold=3244038 570990672 3 579602770 9 524549
is_linear=0
shrinkage=0.05


Tree=159
num_leaves=15
num_cat=5
split_feature=27 14 29 25 26 29 21 26 26 3 29 29 25 0
split_gain=7.85148 7.78557 14.6847 11.3185 8.31881 22.6617 16.6228 12.6614 18.5482 9.77355 18.2752 9.99123 11.1249 27.9949
threshold=0 12.006250000000003 1 0.06866198896062202 3602.0000000000005 2 0.96762655877891912 3280.5000000000005 3085.5000000000005 1.0000000180025095e-35 3 4 0.51083459282234778 99.50500000000001
decision_type=9 10 9 10 2 9 10 2 2 8 9 9 10 8
left_child=-1 4 3 -3 7 6 -6 8 9 10 -2 12 -11 -14
right_child=1 2 -4 -5 5 -7 -8 -9 -10 11 -12 -13 13 -15
leaf_value=-0.022189486393209015 0.012105147368006696 0.019680983499021143 0.0023091471996819178 -0.038992805221395192 -0.058860810479784337 0.015994291189383416 0.0076953305226883824 -0.038503058820578834 0.05509700493883303 -0.0080187147749072839 -0.022501186728781382 0.0017383606593712074 0.0058357623486532326 -0.008895075455485367
leaf_weight=29.573834463953972 49.888475183397532 8.9481457173824293 101.53709126450121 57.014067644253373 19.805664889514446 194.16836069896817 16.7092514783144 20.491444624960423 14.205105006694792 655.27044294029474 110.07528055272996 3557.8809443507344 803.01532635837793 537.57009889371693
leaf_count=146 451 48 533 302 105 1210 111 106 76 3891 1154 21067 4493 3024
internal_value=-0.000266733 -0.000121369 -0.010721 -0.0268488 0.000177111 0.00946621 -0.0229056 -0.000197243 -5.35077e-05 -0.000200237 -0.0123461 0.000151758 -0.00267136 -7.34797e-05
internal_weight=6176.15 6146.58 167.499 65.9622 5979.08 230.683 36.5149 5748.4 5727.91 5713.7 159.964 5553.74 1995.86 1340.59
internal_count=36717 36571 883 350 35688 1426 216 34262 34156 34080 1605 32475 11408 7517
cat_boundaries=0 1 3 5 7 9
cat_threshold=65554 1108363354 7 1082130496 48 2687027216 32 2896991792 2
is_linear=0
shrinkage=0.05


Tree=160
num_leaves=15
num_cat=4
split_feature=7 15 28 29 29 22 10 26 19 29 6 24 14 5
split_gain=9.96974 15.0616 21.7415 23.0008 21.1859 16.0644 14.5084 29.0731 39.0447 27.2941 19.5843 15.1489 15.0313 13.6927
threshold=10.500000000000002 2.4653745939456218 0 1 2 1.7183333333333337 1.0000000180025095e-35 1040.0000000000002 92.600000000000009 3 -21.499999999999996 0.25304296423478373 2.7512499999999993 0.31793304597701155
decision_type=2 8 9 9 9 8 2 2 8 9 10 10 8 8
left_child=1 2 3 5 -4 -1 12 8 11 13 -11 -8 -7 -9
right_child=-2 -3 4 -5 -6 6 7 9 -10 10 -12 -13 -14 -15
leaf_value=0.022436162046299349 -0.0023651214842758152 0.0044834939796900885 -0.0286073788930876 0.010270181766544274 -0.0037479895213157542 -0.045323676778850602 0.0070226142286397234 -0.060565516436061506 0.01136781473047109 0.034067211045488856 -0.019158384565064617 -0.043853519815126772 -0.0097737596756140716 -0.0045355380151745278
leaf_weight=46.999915666878223 2897.3108551325276 1937.6687469519675 123.18870470672846 424.34147358685732 268.80900672823191 44.48558484762907 17.108666382730007 13.670559421181677 72.942327782511711 104.07585026323795 20.009137708693743 90.685040928423405 88.099499009549618 43.204795636236668
leaf_count=286 19750 10028 591 2303 1319 205 99 63 357 505 99 573 427 214
internal_value=-0.000225985 0.00165495 -0.00238242 0.00169021 -0.0121279 -0.00510671 -0.0078688 -0.00266025 -0.016799 0.0114757 0.0235196 -0.0357883 -0.0219516 -0.0160444
internal_weight=6192.6 3295.29 1357.62 965.623 391.998 541.281 494.281 361.696 180.736 180.96 124.085 107.794 132.585 56.8754
internal_count=36819 17069 7041 5131 1910 2828 2542 1910 1029 881 604 672 632 277
cat_boundaries=0 1 3 5 7
cat_threshold=2134293 2161872388 27 1644536850 32 8454144 11
is_linear=0
shrinkage=0.05


Tree=161
num_leaves=15
num_cat=4
split_feature=11 29 16 5 3 10 11 7 4 29 24 29 29 24
split_gain=9.28119 15.7595 17.6153 15.5343 13.7696 12.6149 12.411 11.7195 16.7839 13.5395 12.9598 39.0218 37.0505 21.7577
threshold=6.9539515701313581 0 -4.4975000000000014 0.58008177083333345 0.78286361526150317 31.500000000000004 8.2010114064946631 20.500000000000004 -2.5797162928325919 1 0.29848702037456004 2 3 0.26656861853378172
decision_type=2 9 10 8 8 2 2 2 8 9 8 9 9 10
left_child=7 2 -2 -4 -5 -3 -7 10 -9 -10 12 -12 -1 -14
right_child=1 5 3 4 -6 6 -8 8 9 -11 11 -13 13 -15
leaf_value=0.017810944947725532 0.012506069904750236 0.00012885228524917288 -0.011963049294196108 0.02692776254540646 -0.0093980236589017111 -0.041587947260380981 0.021982810545018577 -0.030852327873731988 0.0178338225811954 -0.0073650727784622871 -0.011837208774718229 0.0019019388310900958 -0.0070886672339407833 0.013256140577396845
leaf_weight=345.63675860315561 644.30550610460341 1057.8875951562077 169.3997816927731 63.569342521950603 43.093381106853485 32.880426418036222 9.2344138231128436 68.074542291462421 50.416007669642568 432.40104242786765 701.3284401781857 1876.9997155684978 525.73027080204338 174.11883953399956
leaf_count=1863 3563 6207 881 384 207 190 62 940 492 4188 3797 10305 2947 837
internal_value=0.000339803 0.00312088 0.00789812 -0.0025777 0.0123006 -0.000942929 -0.0274624 -0.00100654 -0.00779412 -0.00448599 2.71742e-05 -0.00187689 0.0047202 -0.00198694
internal_weight=6195.08 2020.37 920.368 276.063 106.663 1100 42.1148 4174.71 550.892 482.817 3623.81 2578.33 1045.49 699.849
internal_count=36863 11494 5035 1472 591 6459 252 25369 5620 4680 19749 14102 5647 3784
cat_boundaries=0 2 3 5 7
cat_threshold=1090048276 7 554278913 2170591540 15 2738886932 63
is_linear=0
shrinkage=0.05


Tree=162
num_leaves=15
num_cat=6
split_feature=8 24 2 29 1 2 29 20 27 20 29 10 29 29
split_gain=9.61663 10.0366 9.09746 17.8969 9.25751 8.5913 17.8491 15.0792 9.23792 9.1932 12.0065 10.2239 23.9962 21.4052
threshold=-2.4999999999999996 0.4456895713482254 70.627383294323053 0 1.4005988023952096 36.215694952154216 1 -10.497499999999997 2 -84.399999999999991 3 1.0000000180025095e-35 4 5
decision_type=8 8 2 9 10 2 9 8 9 8 9 2 9 9
left_child=1 -1 5 4 -4 8 -7 -8 -2 10 -10 13 -13 -11
right_child=2 -3 3 -5 -6 6 7 -9 9 11 -12 12 -14 -15
leaf_value=0.009091711627781749 -0.014116866474172728 0.053713381952188756 0.025151452376078149 -0.010946910483194719 -0.00153845782387136 0.022962457955700247 0.026412455844922512 -0.0062093082131203063 0.0075925683774692504 -0.012084014091085693 -0.026665307486522016 0.0076733824180409138 -0.00086090584509293305 0.0011522761385226456
leaf_weight=115.89037738740444 96.428272970020771 13.248294316232203 58.508309781551361 404.85422345250845 71.318489018827677 121.5440646931529 42.44231790304184 190.93584837950766 39.226449731737375 404.53463483974338 56.015535494312644 1351.8656128672883 2082.5000004172325 1151.3325708135962
leaf_count=541 527 70 298 2043 363 598 200 963 217 2416 363 8544 12834 6882
internal_value=0.000598496 0.014047 0.000310185 -0.00591183 0.00983805 0.000911993 0.00842647 -0.000181565 0.00039578 0.000700061 -0.0146053 0.000996444 0.00251952 -0.002365
internal_weight=6200.65 129.139 6071.51 534.681 129.827 5536.83 354.922 233.378 5181.9 5085.47 95.242 4990.23 3434.37 1555.87
internal_count=36859 611 36248 2704 661 33544 1761 1163 31783 31256 580 30676 21378 9298
cat_boundaries=0 2 4 5 7 9 11
cat_threshold=1644558 4 1082152982 39 25698 1091097624 2 2721800265 39 2182629900 6
is_linear=0
shrinkage=0.05


Tree=163
num_leaves=15
num_cat=2
split_feature=14 0 29 21 24 13 29 14 25 0 4 26 7 15
split_gain=8.73044 8.58563 21.6508 17.3816 14.0726 17.3104 13.2742 12.5857 12.3363 12.7175 13.6006 13.1648 13.8265 12.3184
threshold=-10.262499999999998 91.705000000000013 0 0.78171437060513038 0.49782053351657224 2.4099999999999988 1 12.006250000000003 0.13656195954255876 98.00500000000001 0.25568018694686151 1758.0000000000002 2.5000000000000004 7.0464022301756915
decision_type=8 10 9 8 10 10 9 8 10 10 10 2 2 10
left_child=-1 6 8 -4 5 -5 -2 -7 -3 11 -11 -10 -13 -8
right_child=1 2 3 4 -6 7 13 -9 9 10 -12 12 -14 -15
leaf_value=-0.027654067170925608 0.005980567442763084 -0.018737702498055567 0.034963340492952945 -0.0016624443639550986 -0.030416308648384828 -0.013597005169733795 0.00049343831261810514 -0.050133110840010701 0.032534658537750505 -0.0093100174518672314 0.047896378232047954 0.02950443240094431 -0.024843766024140422 -0.0066094546161441295
leaf_weight=28.16127609834075 895.47311066556722 41.257989294826984 18.068855963647366 242.66777144186199 99.001514500007033 73.261362915858626 3792.3262988487259 34.590966900810599 84.164945341646671 89.103220175951719 10.746967069804667 20.013354241847992 25.412548117339611 726.48879098892212
leaf_count=162 5576 248 94 1298 502 367 23188 179 408 474 55 95 134 3987
internal_value=-0.000360616 -0.000231216 -0.00528548 -0.0116468 -0.0138523 -0.00910077 0.000458829 -0.025668 0.00591613 0.0106682 -0.00273897 0.0209403 -0.000779739 -0.000648267
internal_weight=6180.74 6152.58 738.289 467.59 449.522 350.52 5414.29 107.852 270.699 229.441 99.8502 129.591 45.4259 4518.82
internal_count=36767 36605 3854 2440 2346 1844 32751 546 1414 1166 529 637 229 27175
cat_boundaries=0 2 4
cat_threshold=537728321 1 2184186381 36
is_linear=0
shrinkage=0.05


Tree=164
num_leaves=15
num_cat=3
split_feature=16 29 7 27 14 7 3 25 29 3 15 13 0 0
split_gain=8.83641 18.2801 9.53847 9.4329 13.6845 8.87729 13.2927 15.5092 22.2533 16.5443 18.1875 14.6762 12.5012 21.7104
threshold=8.0150000000000023 0 5.5000000000000009 1 2.4987499999999998 7.5000000000000009 0.431631834414688 1.112601172074358 2 0.80816543473411862 4.8207141442931567 5.7325000000000026 92.995000000000019 5.0050000000000008
decision_type=10 9 2 9 10 2 8 8 9 8 10 8 8 10
left_child=3 2 -2 4 -1 12 -7 8 -8 10 11 -9 13 -5
right_child=1 -3 -4 5 -6 6 7 9 -10 -11 -12 -13 -14 -15
leaf_value=-0.030331142848314858 0.041117870305989408 -0.023523332759635487 -0.0049438080539695789 -0.014026528690469778 0.0086740569196234914 0.0016036613407476785 0.0030173000379685429 0.017565131834584288 -0.014651911938766008 0.010131013773692757 -0.017726302689004676 -0.0047819376852025006 7.8944652256623531e-05 0.010793311321373655
leaf_weight=60.515997420996428 19.628743909299374 94.303460637107491 24.277591878548265 99.444282058626413 34.864457234740257 2009.0270116096362 258.206882301718 103.33358946070075 568.79249096661806 285.00609331205487 178.65131284669042 247.443992651999 1465.8269275259227 722.87454157695174
leaf_count=332 102 540 135 542 183 14202 1519 494 3216 1451 858 1180 8052 3901
internal_value=-0.000144254 -0.0125986 0.0131723 0.000143055 -0.0146151 0.00040643 -0.00112334 -0.00445998 -0.00927874 0.000438499 -0.00478851 0.00183238 0.00284819 0.00777842
internal_weight=6172.2 138.21 43.9063 6033.99 95.3805 5938.61 3650.46 1641.43 826.999 814.435 529.429 350.778 2288.15 822.319
internal_count=36707 777 237 35930 515 35415 22920 8718 4735 3983 2532 1674 12495 4443
cat_boundaries=0 2 3 5
cat_threshold=34636802 40 87090 2740015174 56
is_linear=0
shrinkage=0.05


Tree=165
num_leaves=15
num_cat=3
split_feature=19 29 5 23 8 29 6 6 19 16 29 24 8 24
split_gain=10.0965 14.653 15.6834 14.0817 12.2824 16.4559 15.3986 14.8652 17.3799 14.7458 14.6233 20.1308 18.7257 17.5262
threshold=88.215000000000018 0 0.62433516483516494 65.545625000000015 1.5000000000000002 1 56.500000000000007 39.500000000000007 37.000000000000007 2.4249999999999989 2 0.4693132700282005 65.500000000000014 0.63428453366199011
decision_type=10 9 10 10 10 9 10 10 8 10 9 10 10 10
left_child=4 2 -2 -3 5 6 -1 8 -6 -7 11 -10 13 -13
right_child=1 3 -4 -5 7 9 -8 -9 10 -11 -12 12 -14 -15
leaf_value=0.0074458038628751888 0.011042881875460197 -0.0068081971450760937 -0.027171654503043131 0.029480009952093683 0.025432676815457623 -0.0044020257533200794 0.077057177927552345 -0.042332464552759873 0.0026769954686699914 0.020551151679082797 0.0063681992922895092 -0.02209632871606582 0.035199799952017795 0.0086836597145386867
leaf_weight=284.63587741926312 247.36418499797583 1158.2219367306679 29.144126735627651 26.393577490001917 88.357319254428148 1699.0616050241515 7.1909586731344453 16.619786478579044 858.90865737013519 60.362470552325249 1421.2777490317822 220.16457131505013 18.404747791588306 57.889670647680759
leaf_count=1906 1272 6052 147 158 504 12612 75 187 4495 421 7547 1126 90 304
internal_value=0.000101931 -0.00352984 0.00669056 -0.00592552 0.00122363 -0.00168824 0.00910739 0.0034508 0.00375209 -0.00351478 0.00299905 -0.00119219 -0.0124135 -0.0156799
internal_weight=6194 1461.12 276.508 1184.62 4732.87 2051.25 291.827 2681.62 2665 1759.42 2576.65 1155.37 296.459 278.054
internal_count=36896 7629 1419 6210 29267 15014 1981 14253 14066 13033 13562 6015 1520 1430
cat_boundaries=0 1 3 5
cat_threshold=17849872 2684395797 22 591985684 15
is_linear=0
shrinkage=0.05


Tree=166
num_leaves=15
num_cat=3
split_feature=7 15 4 29 1 15 0 29 3 13 29 3 25 13
split_gain=10.8952 14.3603 17.5485 16.706 14.2596 14.9099 12.4268 23.0191 15.4139 22.761 15.0707 17.8431 18.9302 16.6643
threshold=8.5000000000000018 4.7678367612658663 10.965483508864606 0 1.4380482456140353 0.080437478174470139 89.905000000000015 1 0.1779498788600665 2.7000000000000002 2 0.97057465204757865 7.0943488864281177 13.120000000000003
decision_type=2 8 10 9 10 10 8 9 10 10 9 10 10 10
left_child=6 4 -3 -4 -2 -6 7 -1 9 -9 11 12 13 -8
right_child=1 2 3 -5 5 -7 10 8 -10 -11 -12 -13 -14 -15
leaf_value=-0.0053029645360064609 0.0039162516734615339 -0.0070813944928304305 0.027646742959885978 -0.0067094802791856124 -0.021627493297049539 -0.00067980092547314727 -0.0046303790231944876 -0.01717627456157966 0.014553074481679001 0.037978573405255366 0.0045350365106881499 0.010326992854254188 -0.048066484687225297 -0.047730356258924016
leaf_weight=277.37406044453382 1323.7515629539266 1317.3899664841592 64.473843036219478 64.181168906390667 118.29678923077881 295.24518854171038 752.58073228038847 87.904127508401871 640.2546632103622 22.705966241657734 979.67799845524132 172.01695958152413 26.625192888081074 22.135107435286045
leaf_count=1387 8697 9507 386 411 672 1447 3877 478 3286 118 5305 903 128 110
internal_value=0.000354715 -0.00167924 -0.00535841 0.012203 0.00138445 -0.00670976 0.00252637 0.0069724 0.0114266 -0.00561529 0.000183235 -0.00420042 -0.00738022 -0.00592177
internal_weight=6164.61 3183.34 1446.04 128.655 1737.29 413.542 2981.27 1028.24 750.865 110.61 1953.04 973.358 801.341 774.716
internal_count=36712 21120 10304 797 10816 2119 15592 5269 3882 596 10323 5018 4115 3987
cat_boundaries=0 2 4 6
cat_threshold=1087136832 32 553873984 14 3266062355 49
is_linear=0
shrinkage=0.05


Tree=167
num_leaves=15
num_cat=5
split_feature=4 9 19 29 2 28 24 29 33 30 29 24 24 1
split_gain=8.49569 8.19839 15.9216 19.0767 15.9579 15.6999 20.661 19.1748 22.9745 19.9668 20.7434 20.8398 40.2245 21.1882
threshold=-92.699365882377705 2.5000000000000004 88.215000000000018 0 7.393457606452281 1 0.20935721017127384 2 3 3.5000000000000004 4 0.39005169514129778 0.34342371009250333 0.70856227106227121
decision_type=8 2 10 9 2 9 8 9 1 2 9 10 10 10
left_child=-1 2 4 -4 5 6 -2 -7 -9 10 -10 12 13 -12
right_child=1 -3 3 -5 -6 7 -8 8 9 -11 11 -13 -14 -15
leaf_value=-0.037802260224760097 0.052195256538213441 0.0027738722514039625 0.00098328055198446964 -0.015826859652932637 -0.0072583587207342599 0.011830755012585667 0.0070278616817098065 -0.0059358286691130364 -0.013585887170175427 0.042029172941099889 -0.0046706107882295272 0.019074494602115476 -0.03206166385612931 0.015348085600472997
leaf_weight=14.08990116789937 25.713579650968313 1651.4120472408831 309.18214125372469 369.41023866087198 645.04513135738671 283.14323709905148 500.01318044960499 1366.0467700986192 154.03619415313005 32.374278761446476 245.29714135453105 219.47590174153447 78.41472177579999 284.70868265628815
leaf_count=74 159 8426 1642 2021 3438 1746 3176 9636 1150 162 1854 1398 502 1412
internal_value=-0.000331206 -0.00023944 -0.00134249 -0.00839602 -9.22806e-05 0.00135893 0.00915806 -0.000216888 -0.00169778 0.00399342 0.0026979 0.00583388 0.00112985 0.00609169
internal_weight=6178.36 6164.27 4512.86 678.592 3834.27 3189.22 525.727 2663.5 2380.35 1014.31 981.933 827.896 608.421 530.006
internal_count=36796 36722 28296 3663 24633 21195 3335 17860 16114 6478 6316 5166 3768 3266
cat_boundaries=0 2 3 5 6 8
cat_threshold=1077796352 12 2363810 2151678981 17 4 1109674320 8
is_linear=0
shrinkage=0.05


Tree=168
num_leaves=15
num_cat=4
split_feature=0 7 29 24 8 0 3 29 25 29 24 24 29 7
split_gain=8.89942 10.7703 14.0268 16.8046 13.5391 18.5779 22.6798 18.3728 17.2951 20.7826 14.2625 17.1488 13.27 13.25
threshold=99.985000000000014 5.5000000000000009 0 0.87251461988304102 83.500000000000014 97.00500000000001 1.0617734664451288 1 0.54291487028382324 2 0.30057101610276149 0.43614361923001432 3 -40.499999999999993
decision_type=10 2 9 10 10 8 8 9 10 9 10 10 9 2
left_child=1 2 3 4 5 12 8 -8 9 -7 -9 -12 -1 -4
right_child=-2 -3 13 -5 -6 6 7 10 -10 -11 11 -13 -14 -15
leaf_value=-0.0095104625429585192 -0.013837309821118303 -0.0013003274846760918 -0.029644978623527003 -0.061488269035841425 0.024238911206921388 -0.022846821197429715 -0.011780829171773317 0.06124648900583099 -0.020145056355630971 0.01047380779510561 -0.016205157922350142 0.037487345038640728 0.0087285748933851395 0.010568429925240623
leaf_weight=114.12734325230122 115.03885022737086 4147.1641289433464 20.228935979306698 9.9575714319944364 57.297332815825939 58.576260086148977 50.384903755038977 21.711716718971729 269.8339854106307 131.96747733093798 25.580875977873802 33.114593580365181 527.97420413605869 629.10012729279697
leaf_count=584 804 25550 108 43 303 321 282 118 1340 708 127 187 2881 3645
internal_value=-0.000120427 0.00014061 0.00320445 0.000168946 0.000693219 -0.000419458 -0.00680917 0.0115027 -0.0120252 -0.000481261 0.0244962 0.0142074 0.00546486 0.00913156
internal_weight=6212.06 6097.02 1949.86 1300.53 1290.57 1233.27 591.17 130.792 460.378 190.544 80.4072 58.6955 642.102 649.329
internal_count=37001 36197 10647 6894 6851 6548 3083 714 2369 1029 432 314 3465 3753
cat_boundaries=0 2 4 6 8
cat_threshold=1117373464 63 35144712 48 1074790424 35 1163264 2
is_linear=0
shrinkage=0.05


Tree=169
num_leaves=15
num_cat=1
split_feature=16 31 24 27 24 24 21 4 25 8 24 5 16 31
split_gain=9.01788 7.73802 10.1806 9.76317 9.88473 11.4289 9.28864 9.01709 8.91472 8.18306 7.57292 7.41636 8.50682 7.42033
threshold=-49.989999999999995 2.5000000000000004 0.37263447569863473 0 0.044996093861878278 0.055935228837009847 0.9862759553817263 29.507156235387765 2.1609031314482761 -2.4999999999999996 0.4456895713482254 0.94256236933797932 -5.7708333333333313 3.5000000000000004
decision_type=8 8 10 9 8 8 10 8 10 8 8 10 8 10
left_child=-1 2 -2 6 8 7 -3 -6 -5 10 -7 13 -13 -11
right_child=1 3 -4 4 5 9 -8 -9 -10 11 -12 12 -14 -15
leaf_value=-0.0435264231172455 0.017280844983324835 -0.025615278554694771 -0.017848660127792997 -0.026309386787851261 0.045394373907983288 0.0089680863936540626 0.012394207281252057 -0.012524057568712466 0.038387034539999532 -8.9373916566590108e-05 0.050891653421054672 0.035297908688545147 -0.018575909789996809 0.0095166979093300273
leaf_weight=10.768723305314778 124.1593828164041 70.014287363737822 23.846454545855522 52.792833313345909 23.432196712121367 105.50261548906565 20.11114838719368 8.7633954957127553 5.0270124375820151 5415.6918564513326 11.1085934266448 7.0993989538401365 83.977599691599607 207.7845981195569
leaf_count=61 693 372 127 610 156 492 100 75 27 31989 57 54 828 1175
internal_value=0.000199995 0.000283498 0.011539 4.49918e-06 0.000267093 0.000472062 -0.0154006 0.029727 -0.0201275 0.000305467 0.0133606 3.67741e-05 -0.0140387 0.000267194
internal_weight=6170.08 6159.31 148.006 6011.31 5921.18 5863.36 90.1254 32.1956 57.8198 5831.16 116.611 5714.55 91.077 5623.48
internal_count=36816 36755 820 35935 35463 34826 472 231 637 34595 549 34046 882 33164
cat_boundaries=0 1
cat_threshold=90130
is_linear=0
shrinkage=0.05


Tree=170
num_leaves=15
num_cat=2
split_feature=2 11 7 28 8 10 13 25 5 1 7 13 28 3
split_gain=10.5811 10.0064 10.4828 10.3967 9.7787 9.65948 9.41037 9.66933 15.5779 13.7097 11.7985 10.7937 9.2458 11.4462
threshold=80.726351006682449 5.80219389837396 8.5000000000000018 0 -7.4999999999999991 7.5000000000000009 0.94749999999999812 4.9014993841983427 0.36654611436950152 1.0693664795509223 32.500000000000007 47.250000000000007 1 0.285127267626825
decision_type=2 2 2 9 8 2 8 10 8 8 2 8 9 8
left_child=4 2 -2 6 5 -1 -3 9 -9 10 -8 -11 13 -6
right_child=1 3 -4 -5 12 -7 7 8 -10 11 -12 -13 -14 -15
leaf_value=0.0034891523158391996 -0.0070878147041164661 -0.018063605510140177 -0.055633448443539381 -0.02075806770555411 0.0085617061136257482 0.038921171453247888 0.062739622113570911 0.035355844496746842 -0.017302338174522119 -0.021612291789902892 0.0013437515489644772 0.010406516965201777 0.0013408501394964591 -0.019864903612890884
leaf_weight=45.146962985396385 25.330001350492239 61.562771536409855 19.310402125120163 66.287653475999832 50.846517793834209 32.80172374099493 19.42347614094615 15.742294326424597 87.299262549728155 32.218391478061676 12.757690522819756 126.0850230678916 5447.6268287617713 112.2114347293973
leaf_count=206 118 321 97 338 324 152 97 75 464 162 80 613 33099 623
internal_value=0.000634922 -0.00660024 -0.0288464 -0.00418078 0.00122869 0.0187035 -0.000441204 0.00328864 -0.00899492 0.00994563 0.0391743 0.00379519 0.000982621 -0.0103703
internal_weight=6154.65 466.017 44.6404 421.377 5688.63 77.9487 355.089 293.526 103.042 190.485 32.1812 158.303 5610.68 163.058
internal_count=36769 2365 215 2150 34404 358 1812 1491 539 952 177 775 34046 947
cat_boundaries=0 1 2
cat_threshold=122884 720960
is_linear=0
shrinkage=0.05


Tree=171
num_leaves=15
num_cat=4
split_feature=26 29 28 24 8 26 21 28 11 16 21 24 29 24
split_gain=9.88058 18.3114 18.1156 19.4691 17.3212 15.7163 24.2463 18.4767 21.2997 17.7806 20.5459 17.9734 17.7886 16.5283
threshold=64.500000000000014 0 1 0.27079787283139828 72.500000000000014 359.00000000000006 0.95678549302372906 2 9.185672505057207 -4.663333333333334 0.9862759553817263 0.2630241928580565 3 0.33735820306128589
decision_type=2 9 9 10 10 2 8 9 2 10 10 10 9 10
left_child=1 2 3 -1 -4 6 -2 9 -9 11 12 -8 -11 -7
right_child=5 -3 4 -5 -6 13 7 8 -10 10 -12 -13 -14 -15
leaf_value=0.031531444516946686 -0.019034312726743784 0.00035528450837439665 -0.016927343527918186 -0.0039691122893278198 0.015938162552515407 -0.010746886722038794 0.0079260047191145426 -0.001854131670132608 0.030551503109477698 -0.026848426476730376 0.027940356664668198 0.025004394717407643 0.006815604934748476 0.00082473163023997315
leaf_weight=44.594045132398605 95.884599639102817 1804.3819759469479 493.05890725553036 251.56604075804353 42.853623170405626 384.65496500022709 324.70172633230686 640.59171700850129 54.059496723115444 68.207336917519569 44.090760193765163 294.52348014339805 74.467311039566994 1543.659142607823
leaf_count=244 904 10699 2936 1362 230 2422 1736 4140 282 347 227 1592 375 9289
internal_value=-0.00018168 -0.00249635 -0.00857456 0.0014168 -0.0140135 0.00154982 0.0052175 0.00677873 0.000698015 0.0118565 -0.00151375 0.0160763 -0.0107471 -0.00148792
internal_weight=6161.3 2636.45 832.073 296.16 535.913 3524.84 1596.53 1500.64 694.651 805.991 186.765 619.225 142.675 1928.31
internal_count=36785 15471 4772 1606 3166 21314 9603 8699 4422 4277 949 3328 722 11711
cat_boundaries=0 2 3 4 6
cat_threshold=1120527633 36 2110377 1884162 2189427996 35
is_linear=0
shrinkage=0.05


Tree=172
num_leaves=15
num_cat=4
split_feature=25 7 31 32 6 28 29 29 24 3 19 29 1 6
split_gain=9.94455 9.51379 14.3736 14.0248 12.8325 12.3846 23.6229 22.0599 18.5537 16.1036 17.6678 15.2065 15.1371 16.8635
threshold=19.98918181481849 5.5000000000000009 2.5000000000000004 0.70000000000000007 -72.499999999999986 0 1 2 0.22516390327686867 1.0801074961321968 98.750000000000014 3 0.18405928614640052 32.500000000000007
decision_type=10 2 10 2 10 9 9 9 10 10 10 9 8 10
left_child=1 2 4 -4 -1 7 -7 -3 -9 10 -8 -10 -13 -14
right_child=-2 5 3 -5 -6 6 9 8 11 -11 -12 12 13 -15
leaf_value=-0.027620265177380865 -0.050113780439112333 0.021406086472176795 0.040374618910862969 0.0015394073841127126 0.025643303178440283 -0.010355730215122132 0.0021684591002881196 -0.0071101310104179352 -0.01053544828342878 -0.024977784675809564 -0.028788497312744799 -0.023864793642291025 0.006438924132327422 0.039144744134338771
leaf_weight=11.84052564203739 8.8117556795477849 125.23210794478655 22.539119571447372 1896.2009426411241 104.5997610129416 807.19972425978631 1446.0625078696758 539.38043731823564 141.60578856989741 60.235420752316713 46.607726749032736 38.030622012913227 848.91648128256202 40.3945607021451
leaf_count=59 78 584 140 10473 659 6084 9451 2947 723 294 252 463 4199 312
internal_value=0.000183263 0.000263742 0.00305681 0.00201639 0.020038 -0.00112525 -0.00347316 0.00207945 0.000439394 0.000152065 0.00118322 0.004256 0.00656634 0.0079668
internal_weight=6137.66 6128.85 2035.18 1918.74 116.44 4093.67 2360.11 1733.56 1608.33 1552.91 1492.67 1068.95 927.342 889.311
internal_count=36718 36640 11331 10613 718 25309 16081 9228 8644 9997 9703 5697 4974 4511
cat_boundaries=0 1 3 5 6
cat_threshold=1337106 1095637837 11 5245452 5 2138130
is_linear=0
shrinkage=0.05


Tree=173
num_leaves=15
num_cat=1
split_feature=24 25 7 7 4 24 24 10 3 28 24 21 6 25
split_gain=8.84035 11.0455 14.9824 8.92931 14.3567 12.7177 24.263 17.6564 14.1662 33.5727 13.9085 16.3094 12.1137 16.9877
threshold=0.84967052394728393 -0.62659550619840088 4.5000000000000009 10.500000000000002 -16.427922821415972 0.65189241520102781 0.61660736151625761 7.5000000000000009 0.61423207130711976 0 0.41229424774658002 0.95557482569429641 -25.499999999999996 3.0591232596800477
decision_type=10 10 2 2 8 10 10 2 10 9 10 8 8 10
left_child=3 2 -2 5 12 6 8 -8 9 -1 11 -11 -5 -14
right_child=1 -3 -4 4 -6 -7 7 -9 -10 10 -12 -13 13 -15
leaf_value=0.020749071793994562 0.050863964645014109 -0.054613741543622585 -0.032715907673347498 -0.039304138901856037 -0.00077244035959093689 0.020080509214015954 -0.0074028297639863383 -0.061931859095450362 -0.0011323297029628833 -0.042865035802408732 0.0093254904718443575 -0.00078341045922983472 -0.013785403837503955 0.032511513045473589
leaf_weight=283.15327176451683 7.858462534844878 15.586427539587019 12.584206096827982 37.638749092817307 2628.5319841243327 93.418009683489799 37.246931426227093 24.038414940237999 1631.2111641466618 22.746350090950727 407.01527784392238 759.11184598505497 174.31084585189819 21.382216023281217
leaf_count=1385 73 79 78 230 17917 499 186 139 8471 266 2140 3872 1307 157
internal_value=6.01561e-05 -0.0242968 0.000287133 0.000207499 -0.00182994 0.00199725 0.00145725 -0.0294421 0.00207677 0.00563125 0.0018265 -0.00206087 -0.0136888 -0.00858724
internal_weight=6155.83 36.0291 20.4427 6119.81 2861.86 3257.94 3164.52 61.2853 3103.24 1472.03 1188.87 781.858 233.332 195.693
internal_count=36799 230 151 36569 19611 16958 16459 325 16134 7663 6278 4138 1694 1464
cat_boundaries=0 1
cat_threshold=791190
is_linear=0
shrinkage=0.05


Tree=174
num_leaves=15
num_cat=3
split_feature=24 10 29 0 24 28 29 20 24 24 4 24 24 4
split_gain=10.7568 8.94701 23.3234 15.4185 15.5115 14.446 14.1778 15.6783 15.1549 26.6341 19.8887 25.4271 15.6703 15.7973
threshold=0.044996093861878278 1.0000000180025095e-35 0 89.905000000000015 0.48854101236868791 1 2 -84.824999999999989 0.40689483766155049 0.39005169514129778 -30.533639047499165 0.29848702037456004 0.40703353924574587 -16.87457046640905
decision_type=8 2 9 10 10 9 9 8 10 10 10 10 10 10
left_child=-1 2 -2 -4 5 -5 8 -8 9 10 11 -3 -10 -14
right_child=1 6 3 4 -6 -7 7 -9 12 -11 -12 -13 13 -15
leaf_value=-0.020858702068444618 0.0058330516995092523 -0.0017632632432806464 -0.0040477222649406217 -0.017679296162063502 -0.042481740844710562 0.015440795563464975 -0.024773994176222738 0.0032600109897130665 -0.055892634931390378 0.03526648365851355 0.0053968638614704592 -0.037455648949796999 0.00025662463580391717 -0.020711933837427223
leaf_weight=61.98840388469398 540.47167631238699 146.75309228990227 1157.2155159339309 138.82489657774568 50.53718763962388 34.73593133315444 49.683237422257662 3160.4056755676866 18.260869324207306 50.438963588327169 331.77778443787247 74.688133113086224 192.57077416777611 167.30646426044405
leaf_count=669 3049 916 6916 714 241 166 297 19025 92 256 2028 412 1097 1038
internal_value=-0.000301926 -9.0117e-05 -0.00291419 -0.00633487 -0.0183564 -0.0111285 0.00120498 0.00280979 -0.00402728 0.00085098 -0.00234478 -0.0139159 -0.0119028 -0.00952201
internal_weight=6175.66 6113.67 1921.79 1381.31 224.098 173.561 4191.88 3210.09 981.796 603.658 553.219 221.441 378.138 359.877
internal_count=36916 36247 11086 8037 1121 880 25161 19322 5839 3612 3356 1328 2227 2135
cat_boundaries=0 2 3 5
cat_threshold=1642369344 16 53378 3242499106 2
is_linear=0
shrinkage=0.05


Tree=175
num_leaves=15
num_cat=3
split_feature=20 22 30 29 5 4 14 25 7 27 24 31 24 29
split_gain=8.08123 7.99344 11.6731 12.8012 14.2711 11.9466 11.6617 9.62275 8.45623 8.00306 7.73494 7.54237 8.1591 8.15582
threshold=-89.84999999999998 -1.0899999999999996 3.5000000000000004 0 0.83028513513513524 -13.482873480120167 1.1720833333333334 -2.2606314832280376 10.500000000000002 1 0.45287153533131153 2.5000000000000004 0.37263447569863473 2
decision_type=8 8 2 9 10 10 10 8 2 9 10 8 10 9
left_child=-1 2 3 6 8 -4 -2 -3 -5 -9 -10 12 -11 -13
right_child=1 7 5 4 -6 -7 -8 9 10 11 -12 13 -14 -15
leaf_value=-0.016563550233753676 -0.022397447259118769 0.028005156549331681 0.0036249041716018 0.033218358969780162 -0.039856779038664143 0.056377194639604278 0.0083940099864286775 -0.020932259312830801 -0.013119973350171593 0.016850833403353582 0.02805827856884488 0.0015236499523432984 -0.018686046780784945 -0.0023400112161866956
leaf_weight=74.416711360216141 64.840974628925323 28.468600071966648 20.181523561477661 62.051233742386103 9.5019772704690677 22.283694498240948 56.934477815404534 37.19303572177887 25.60285372287035 107.32028584554791 18.999255686998367 2324.2875113952905 18.128812339156866 3283.7923784581944
leaf_count=446 465 162 104 416 57 130 355 200 191 591 102 14157 103 19302
internal_value=-0.000296904 -9.51025e-05 0.00813474 0.00376524 0.014848 0.0319669 -0.0074439 -0.000494356 0.0214259 -0.00063978 0.00465145 -0.0004672 0.0116082 -0.000740173
internal_weight=6154 6079.59 280.396 237.931 116.155 42.4652 121.775 5799.19 106.653 5770.72 44.6021 5733.53 125.449 5608.08
internal_count=36781 36335 1820 1586 766 234 820 34515 709 34353 293 34153 694 33459
cat_boundaries=0 2 3 5
cat_threshold=1140327502 16 4178 2201576031 8
is_linear=0
shrinkage=0.05


Tree=176
num_leaves=15
num_cat=4
split_feature=15 29 26 25 24 29 29 22 1 25 25 25 10 29
split_gain=12.0497 15.1975 10.245 16.5891 17.1448 26.7871 24.9072 20.1395 16.8832 21.4332 33.7222 22.3328 17.9258 17.4272
threshold=-8.752185732518905 0 64.500000000000014 7.3504330724860845 0.33104977239206984 1 2 7.3066666666666675 0.40651483050847464 0.30537573353204528 0.31102742382143961 0.11338797321401803 1.0000000180025095e-35 3
decision_type=8 9 2 10 8 9 9 8 8 8 8 10 2 9
left_child=1 -1 3 4 5 7 -6 -2 -8 11 -11 -10 -13 -12
right_child=2 -3 -4 -5 6 -7 8 -9 9 10 13 12 -14 -15
leaf_value=0.03288405773171843 -0.01588238867398872 0.00018786746029686568 0.0014170625021235372 -0.024719362188679997 -0.022915783803751429 -0.0014756953319490246 0.017753450778321453 0.02385667041429422 -0.0093552258166537429 -0.068075540045994629 0.0088160309115331917 0.00075904380592976156 0.037249478795416999 -0.010776481063667178
leaf_weight=51.157217407599092 37.194206139072776 93.562297277152538 3398.5169142149389 82.203438360244036 177.81989645957947 1019.4588404130191 87.681342851370573 199.28324123285711 104.58156806975603 22.540728569030762 132.62943104282022 59.933379897847772 75.885942056775093 600.00926766917109
leaf_count=277 310 501 20609 439 957 6081 853 1109 617 136 680 393 468 3313
internal_value=-4.49045e-05 0.0141616 -0.000389998 -0.00275239 -0.00202544 0.00210896 -0.00614138 0.016856 -0.00312902 -0.00501551 -0.00915237 0.00796382 0.0212705 -0.00724919
internal_weight=6142.46 144.72 5997.74 2599.22 2517.02 1255.94 1261.08 236.477 1083.26 995.58 755.179 240.401 135.819 732.639
internal_count=36743 778 35965 15356 14917 7500 7417 1419 6460 5607 4129 1478 861 3993
cat_boundaries=0 2 4 6 8
cat_threshold=2148012040 58 2153250842 31 573456 24 1639059968 34
is_linear=0
shrinkage=0.05


Tree=177
num_leaves=15
num_cat=2
split_feature=23 23 7 26 19 23 3 16 29 9 1 29 13 3
split_gain=8.41821 12.0657 15.8731 16.4749 10.9508 8.95665 8.60082 7.44253 19.6372 15.6757 16.1046 11.4733 10.9068 10.7925
threshold=65.545625000000015 19.280208333333334 2.5000000000000004 771.00000000000011 40.750000000000007 38.329791666666672 0.4633026503568517 -1.0000000180025095e-35 0 1.0000000180025095e-35 1.0872282608695654 1 45.082500000000003 1.0278880592198154
decision_type=10 10 2 2 8 10 8 8 9 2 10 9 10 10
left_child=1 7 3 -3 -4 -6 -7 8 -1 10 -10 -9 -13 -11
right_child=-2 2 4 -5 5 6 -8 11 9 13 -12 12 -14 -15
leaf_value=-0.003299389205705495 0.021897619500160354 -0.048507104181803255 0.03333990637794703 0.030736544115067113 -0.03398839088787322 -0.041615810026976646 0.011788116566027929 -0.0051166218348869036 0.0092159782801386082 0.0056723153173474398 0.057489225977899017 0.00072615148173364816 -0.039000862187982335 0.048756023488107779
leaf_weight=373.70982131175697 41.605189422145486 7.3291379362344733 7.5894359601661554 30.605518408119678 87.52441400103271 9.6402818206697685 24.9296347592026 1131.5557847749442 33.555726556107402 265.01615771092474 35.633720479905605 4039.7947956584394 16.351237244904041 14.414924219250677
leaf_count=2033 314 149 159 146 706 145 148 6715 260 1428 185 24106 88 76
internal_value=-0.000250318 -0.000405511 -0.0135937 0.0145737 -0.0218816 -0.0255572 -0.00385557 -2.92352e-05 0.00472218 0.0130276 0.0345424 -0.000691601 0.000555061 0.0080608
internal_weight=6119.26 6077.65 167.618 37.9347 129.684 122.094 34.5699 5910.03 722.33 348.621 69.1894 5187.7 4056.15 279.431
internal_count=36658 36344 1453 295 1158 999 293 34891 3982 1949 445 30909 24194 1504
cat_boundaries=0 2 4
cat_threshold=59816474 30 3024946209 18
is_linear=0
shrinkage=0.05


Tree=178
num_leaves=15
num_cat=0
split_feature=11 7 20 16 10 2 8 2 26 4 26 20 3 25
split_gain=9.42936 12.9684 9.57245 9.40147 11.4581 9.21935 10.1235 18.03 12.664 16.5581 15.6806 12.211 11.5695 19.5318
threshold=7.1034166188520285 54.500000000000007 -67.944999999999993 31.182500000000005 1.0000000180025095e-35 72.361792008245374 59.500000000000007 47.700910546854452 32.500000000000007 -1.7480093442923648 430.50000000000006 -7.4549999999999974 0.45797102003328877 0.37509740308306422
decision_type=2 2 8 8 2 2 10 2 2 8 2 8 8 10
left_child=5 2 3 -2 -5 6 12 8 -8 -10 -11 -12 13 -1
right_child=1 -3 -4 4 -6 -7 7 -9 9 10 11 -13 -14 -15
leaf_value=-0.0073853160208483259 -0.031349983955256636 -0.019462535473632948 0.0044662759838017775 -0.036859189324418208 0.020418170793186058 -0.010692785710237324 -0.014711014805475981 0.049279710520793094 -0.0074611148152522932 0.036175379941422829 -0.035443049897944723 0.014786250856069598 -0.0041909559454358257 0.0044269555041942851
leaf_weight=473.31608284171671 36.835647158324718 61.787353057414293 1666.3434385377914 11.451923750340937 28.261548351496458 252.01289148256183 66.211916126310825 23.201875694096088 82.980415791273117 73.920326486229897 15.16772300750017 47.119091808795929 1994.5228176992387 1333.9574794657528
leaf_count=3838 190 656 9198 57 136 1298 347 111 477 433 96 259 11209 8635
internal_value=-0.000171611 0.00286716 0.00366947 -0.0135095 0.00340181 -0.00142908 -0.000858654 0.00783607 0.00430656 0.0100921 0.0207623 0.00218794 -0.0015663 0.00133101
internal_weight=6167.09 1804.68 1742.89 76.5491 39.7135 4362.41 4110.4 308.601 285.399 219.188 136.207 62.2868 3801.8 1807.27
internal_count=36940 10237 9581 383 193 26703 25405 1723 1612 1265 788 355 23682 12473
is_linear=0
shrinkage=0.05


Tree=179
num_leaves=15
num_cat=4
split_feature=23 11 13 29 14 18 26 29 26 14 29 10 22 29
split_gain=9.06631 8.38396 7.82735 21.0641 10.6385 8.51225 17.715 19.7325 15.1244 14.6932 14.6433 13.9673 12.5339 14.7569
threshold=65.545625000000015 10.513609409271316 9.2737500000000015 0 12.252500000000001 -0.58625000000000005 129.50000000000003 1 64.500000000000014 4.9590000000000005 2 13.500000000000002 1.0000000180025095e-35 3
decision_type=10 2 10 9 10 10 2 9 2 10 9 2 10 9
left_child=1 2 5 4 -4 12 8 9 10 -8 -7 -9 13 -1
right_child=-2 -3 3 -5 -6 6 7 11 -10 -11 -12 -13 -14 -15
leaf_value=0.0057781577460384627 0.022443836886906515 -0.031045909441661419 -0.01778064131533541 0.0016175239113068428 -0.055494081524837091 -0.0070624609913276437 -0.019491861661333324 0.0017206850418933 0.026669474890445133 0.0052718707967992808 0.016928691998194124 0.021245319433386253 -0.009903222646707099 -0.0013197016173316822
leaf_weight=933.04519260674715 44.329230776056647 20.669290333986282 81.222482057288289 231.22076439298689 24.05129905231297 115.26260456256568 176.81917947530746 483.87320540752262 134.46002768632025 89.788343554362655 121.64875815436244 112.04950359184295 325.11734829470515 3254.2193794101477
leaf_count=5387 327 120 457 1316 132 673 1107 2762 831 503 673 755 2472 19322
internal_value=0.000165162 -2.98256e-07 0.000110281 -0.0072901 -0.0245298 0.00054483 0.00422315 0.000287986 0.0133375 -0.0107612 0.00569054 0.00533196 -0.000461713 0.000273556
internal_weight=6147.78 6103.45 6082.78 336.495 105.274 5746.28 1233.9 862.53 371.371 266.608 236.911 595.923 4512.38 4187.26
internal_count=36837 36510 36390 1905 589 34485 7304 5127 2177 1610 1346 3517 27181 24709
cat_boundaries=0 2 4 6 8
cat_threshold=2151966808 7 1664422151 2 48866304 25 2207461894 4
is_linear=0
shrinkage=0.05


Tree=180
num_leaves=15
num_cat=3
split_feature=13 29 4 30 7 29 2 26 26 3 11 7 7 28
split_gain=9.63879 19.5453 13.7883 12.9581 9.89986 14.1409 15.4388 9.90135 16.2148 9.2533 12.4545 10.4477 11.8677 8.27485
threshold=9.2737500000000015 0 -32.996703658300525 2.5000000000000004 43.500000000000007 1 -15.523070693174754 355.50000000000006 506.50000000000006 0.12702054996495826 7.6451485028379036 77.500000000000014 66.500000000000014 2
decision_type=10 9 8 2 2 9 2 2 2 10 2 2 2 9
left_child=4 2 -2 -3 -1 6 -6 -8 -9 11 -11 12 -7 -4
right_child=1 3 13 -5 5 9 7 8 -10 10 -12 -13 -14 -15
leaf_value=0.0013429199119004659 -0.020792845807430335 -0.024504209017376447 0.019598623729976651 0.010366102491205861 0.05858642474088796 0.013730418500588161 -0.029627523852479767 0.089441928569284818 -0.03609299507981114 -0.041353658031961671 0.0080565488918313242 -0.030679878258443285 0.073302725305820673 -0.010227636892086767
leaf_weight=5569.7433143975213 36.196732234209776 159.40207673609257 95.06433754786849 31.363213399425149 4.7983538657426825 43.502461165189743 107.44694897718728 3.8526571933180076 4.6302928887307644 19.786118617281318 32.338350232690573 8.8461039979010803 9.5709911957383138 25.591817174106836
leaf_count=32251 198 910 533 174 37 413 1493 51 62 186 195 97 85 153
internal_value=0.000433506 -0.00764161 0.00554677 -0.017818 0.000918337 -0.00911744 -0.0200602 -0.0255041 0.0243402 0.00394143 -0.0111246 0.0172258 0.0256303 0.0140105
internal_weight=6152.13 347.618 156.853 190.765 5804.52 234.772 120.728 115.93 8.48295 114.044 52.1245 61.9196 53.0735 120.656
internal_count=36838 1968 884 1084 34870 2619 1643 1606 113 976 381 595 498 686
cat_boundaries=0 2 4 5
cat_threshold=1631110149 56 1116521552 58 1105920
is_linear=0
shrinkage=0.05


Tree=181
num_leaves=15
num_cat=0
split_feature=25 22 0 7 21 24 23 21 7 22 15 3 26 21
split_gain=7.18156 7.69127 12.1489 11.1792 13.6108 12.44 9.88085 9.4369 8.854 18.7388 9.14532 8.81553 7.4252 18.9953
threshold=-2.2606314832280376 -1.0899999999999996 85.00500000000001 10.500000000000002 1.0731964110095558 0.45287153533131153 -1.0000000180025095e-35 0.95297192206855763 4.5000000000000009 -29.364999999999995 7.995171068598828 0.71049395185473752 388.50000000000006 0.83180342361166937
decision_type=8 8 8 2 8 10 8 10 2 10 8 10 2 8
left_child=-1 2 3 -2 5 -5 7 -3 -4 -10 11 -11 13 -8
right_child=1 6 8 4 -6 -7 12 -9 9 10 -12 -13 -14 -15
leaf_value=0.024476357589093445 0.029935704885023659 0.021880823944496294 0.0086398842805214468 -0.016265925391682905 0.053459749037601451 0.023074790264642812 -0.047127582650013156 -0.026871743985913344 -0.070637080176392739 0.037609717875139392 -0.039283058028049433 -0.015544749418301824 -0.0030896197249579375 0.0010823800565776484
leaf_weight=28.715477101504803 78.011287845671177 11.089110791683195 55.442813988775015 56.135574894025922 11.445472672581671 30.004582673311234 19.536245226860046 59.509545724838972 12.532994121313093 15.102505255490547 11.12352972850203 14.318141378462313 1708.8193906210363 4037.3048809804022
leaf_count=162 496 75 359 451 56 160 393 400 82 105 67 75 10337 23597
internal_value=-4.45621e-05 -0.000163589 0.00785511 0.0159496 0.00457869 -0.00245511 -0.000555228 -0.0190154 -0.00526869 -0.0196883 -0.00261782 0.0120804 -0.000325931 0.000838662
internal_weight=6149.09 6120.38 284.117 175.597 97.5856 86.1402 5836.26 70.5987 108.52 53.0772 40.5442 29.4206 5765.66 4056.84
internal_count=36815 36653 1851 1163 667 611 34802 475 688 329 247 180 34327 23990
is_linear=0
shrinkage=0.05


Tree=182
num_leaves=15
num_cat=4
split_feature=7 24 23 28 29 24 3 7 29 19 18 29 26 3
split_gain=9.29457 14.5534 23.0863 18.6195 25.1368 21.6469 20.3711 24.0649 21.7694 14.5018 14.3728 13.6763 15.0913 14.2933
threshold=20.500000000000004 0.29848702037456004 7.402916666666667 0 1 0.27820909062698923 0.13802248585485521 5.5000000000000009 2 inf 1.7462500000000001 3 490.00000000000006 0.013394051192741953
decision_type=2 10 10 9 9 10 10 2 9 8 10 9 2 10
left_child=1 2 3 6 -5 -6 9 -8 -9 -1 11 13 -13 -2
right_child=10 -3 -4 4 5 -7 7 8 -10 -11 -12 12 -14 -15
leaf_value=0.059827422696221627 0.043916211646174819 -0.0004407697110897983 -0.031807426719678726 -0.0086240863940892105 0.0048118482308498458 0.029205346594871801 0.033599666820319077 0.018974959777389295 -0.013705137178233738 0.013650350394312786 -0.023401105950534296 -0.0026630188728419633 -0.029374886827675823 0.0044198353572801269
leaf_weight=40.89819286391139 28.780119212344289 3541.2934397794306 39.410056483931839 310.16988903097808 681.82983036525548 104.0671245418489 78.951260052621365 80.070512793958187 104.75108572468162 29.864238701760769 84.646797396242619 874.08191347587854 55.305386915802956 100.45035576075315
leaf_count=217 240 19213 475 1597 3368 505 420 416 566 158 772 7531 835 560
internal_value=0.00036737 0.00129555 0.00547585 0.00652442 0.00323774 0.00797367 0.0166582 0.0106809 0.000762424 0.0408009 -0.00369873 -0.00210274 -0.0042369 0.0125238
internal_weight=6154.57 5011.31 1470.01 1430.6 1096.07 785.897 334.535 263.773 184.822 70.7624 1143.26 1058.62 929.387 129.23
internal_count=36873 26935 7722 7247 5470 3873 1777 1402 982 375 9938 9166 8366 800
cat_boundaries=0 1 3 5 7
cat_threshold=2363524 1110697282 48 42024970 32 554741760 20
is_linear=0
shrinkage=0.05


Tree=183
num_leaves=15
num_cat=3
split_feature=24 25 7 24 29 24 29 6 24 29 24 4 20 8
split_gain=8.07209 13.7949 9.49405 8.83712 18.5718 9.92574 28.1853 27.2765 10.2383 20.2478 17.7971 22.041 11.4259 10.0441
threshold=0.84967052394728393 -0.78913182033950424 4.5000000000000009 0.65189241520102781 0 0.60759616964358842 1 -1.4999999999999998 0.53004730364227404 2 0.52254743481665811 -4.6201628172272526 7.9975000000000032 46.500000000000007
decision_type=10 10 2 10 9 10 9 10 10 9 10 8 10 8
left_child=3 2 -2 5 -5 8 -7 -8 10 -10 -1 13 -11 -12
right_child=1 -3 -4 4 -6 6 7 -9 9 12 11 -13 -14 -15
leaf_value=-0.00016191427300413705 0.050104138156997227 -0.049922221979379643 -0.021931958152404951 0.035570817434872025 -0.0023610214382197726 0.019366878571951192 -0.044306060996754534 0.036685908149660905 0.022411700020028898 0.00048429141144508685 -0.07108574769303784 0.0095525717930150297 -0.044501295467175524 -0.011216383531552581
leaf_weight=5517.7542470833287 7.2115880250930813 20.226442534476519 9.4255526065826398 42.356949530541897 85.612061139196157 37.308839187026024 69.596780434250832 11.411089116707442 132.74727887846529 121.26962679438293 23.156690709292889 22.902611868456006 14.971345301717518 10.467731665819882
leaf_count=33237 69 109 56 220 488 206 380 104 766 724 119 128 84 51
internal_value=-0.000144428 -0.0231592 0.0103635 -1.32692e-06 0.0129477 -0.00028141 -0.0145576 -0.029047 1.0101e-05 0.00951926 -0.000450391 -0.0281171 -0.00442493 -0.0533099
internal_weight=6126.42 36.8636 16.6371 6089.56 127.969 5961.59 118.317 81.0079 5843.27 268.988 5574.28 56.527 136.241 33.6244
internal_count=36741 234 125 36507 708 35799 690 484 35109 1574 33535 298 808 170
cat_boundaries=0 2 4 6
cat_threshold=786688 32 11935808 44 3759676446 1
is_linear=0
shrinkage=0.05


Tree=184
num_leaves=15
num_cat=1
split_feature=7 29 26 3 3 11 18 0 8 8 24 24 4 3
split_gain=10.7121 14.3177 13.9232 13.682 12.6711 12.2183 11.6836 17.6738 11.4657 14.2909 9.30887 10.1886 12.1333 10.5525
threshold=21.500000000000004 0 490.00000000000006 0.0075408617729176451 0.99111356241128878 5.5620460694039613 -3.4999999999999991 36.045000000000009 3.5000000000000004 14.500000000000002 0.044996093861878278 0.055935228837009847 62.075032756518006 1.0000000180025095e-35
decision_type=2 9 2 10 10 2 10 10 8 8 8 8 8 8
left_child=10 2 4 8 -2 -5 7 -7 -3 -10 -1 12 -12 -13
right_child=1 3 -4 5 -6 6 -8 -9 9 -11 11 13 -14 -15
leaf_value=-0.023621782971939217 -0.0091510112020409644 0.0057135885876692495 -0.037991008386164121 -0.026361351570684879 0.057605446344985711 0.0010270500444598553 -0.01672446528026755 0.047928801932110736 0.096091991320644152 0.021227119106809463 0.052324884127383987 -0.013072227698904329 -0.019262642335288387 0.0015364679730739753
leaf_weight=36.651783036999404 445.87214249651879 83.700192490592599 41.791094799526036 48.425964150577784 6.2384265288710585 335.19278889335692 84.653441892936826 20.36972289904952 7.5962937921285629 28.225244365632534 18.974455464631319 125.8484440529719 7.7948637884110239 4857.9233281230554
leaf_count=326 4094 909 664 464 35 2421 607 124 58 213 119 853 72 25903
internal_value=0.000172369 -0.00429133 -0.0104932 0.000911574 -0.00810477 -0.00278965 -0.000142778 0.00384087 0.0160166 0.0392814 0.00114768 0.00133355 0.0315366 0.00116503
internal_weight=6149.26 1102.07 493.902 608.164 452.111 488.642 440.216 355.563 119.522 35.8215 5047.19 5010.54 26.7693 4983.77
internal_count=36862 9589 4793 4796 4129 3616 3152 2545 1180 271 27273 26947 191 26756
cat_boundaries=0 2
cat_threshold=1116031070 42
is_linear=0
shrinkage=0.05


Tree=185
num_leaves=15
num_cat=2
split_feature=25 2 11 28 26 2 1 26 24 24 28 21 7 24
split_gain=9.32482 7.72725 10.3329 9.4478 15.548 9.24151 16.5826 9.2893 9.24708 32.4695 24.2267 22.1896 15.621 15.0231
threshold=19.98918181481849 70.627383294323053 5.7739767302848337 0 1.0000000180025095e-35 36.215694952154216 1.6858803986710966 18.500000000000004 0.4045584177754849 0.40703353924574587 1 0.83180342361166937 11.500000000000002 0.34655687091552129
decision_type=10 2 2 9 2 2 10 2 10 10 9 8 2 10
left_child=1 3 -3 4 -1 8 -7 -8 10 -10 13 -12 -11 -5
right_child=-2 2 -4 5 -6 6 7 -9 9 12 11 -13 -14 -15
leaf_value=0.0082901353708234298 -0.049142188808276234 -0.02613421482077425 -0.003324325883213422 0.041066895779090618 -0.039975530003496129 0.0011297103451837452 -0.0029264997829535296 0.031359235372045456 -0.030897534689217812 0.0016787332024867368 -0.052801324966116309 0.001320582555106146 -0.0089027798158929205 0.0079644401542483846
leaf_weight=28.844304300844669 8.6508079506456834 54.422571113333106 481.44956488907337 62.738561913371086 37.656965397298336 243.19321845844388 24.938517116010189 91.192764516919851 94.173747653141618 1400.1266969554126 18.056783342733979 3055.4208351606503 463.39489218872041 75.464062228798866
leaf_count=175 83 269 2433 318 223 1229 118 441 568 7358 397 19002 3808 394
internal_value=-3.25245e-05 4.47708e-05 -0.00568524 0.000594472 -0.0167471 0.000834829 0.00857853 0.0240344 0.000296622 -0.00241126 0.00194746 0.000982349 -0.000955895 0.0216252
internal_weight=6139.72 6131.07 535.872 5595.2 66.5013 5528.7 359.325 116.131 5169.38 1957.7 3211.68 3073.48 1863.52 138.203
internal_count=36816 36733 2702 34031 398 33633 1788 559 31845 11734 20111 19399 11166 712
cat_boundaries=0 1 2
cat_threshold=196672 2883602
is_linear=0
shrinkage=0.05


Tree=186
num_leaves=15
num_cat=3
split_feature=22 29 30 23 11 29 21 24 29 2 25 24 5 26
split_gain=7.79929 13.4464 13.0006 15.1177 12.5572 11.2413 10.6186 20.87 10.3479 9.04825 8.99581 15.7733 13.8217 12.0586
threshold=-1.1649999999999998 0 3.5000000000000004 0.76875000000000038 6.8131533058841862 1 0.97790083642899184 0.51209211938545829 2 146.943590064635 -0.62659550619840088 0.84967052394728393 0.29480562060889931 69.500000000000014
decision_type=8 9 2 10 2 9 8 10 9 2 8 10 8 2
left_child=1 -1 3 4 5 -3 7 8 9 -2 12 -12 -8 -14
right_child=6 2 -4 -5 -6 -7 10 -9 -10 -11 11 -13 13 -15
leaf_value=-0.008713936611498661 -0.028219055092338904 0.012166628918836693 0.047353564704981164 0.044941218039565245 0.021297282250089623 -0.022092916824480641 -0.030459249345386491 0.015219272457437902 -0.0017653728918881435 0.029691866301713905 -0.00022460096705304413 -0.048338436357342945 0.0073374793959459679 0.042518473301160653
leaf_weight=80.009439395740628 140.94822155870497 33.287152156233788 26.764744699001312 25.309413053095341 56.984463758766651 47.127460293471813 14.913110498338936 65.656732400879264 94.107819445431232 6.2951129004359236 5409.1677869781852 16.08811504393816 71.012726854532957 36.50975101813674
leaf_count=509 1429 203 144 224 384 298 94 469 793 52 31480 82 436 207
internal_value=-0.000190868 0.00811001 0.0148981 0.0102127 0.0035371 -0.00915536 -0.000574265 -0.00961055 -0.0164001 -0.0239444 -7.25565e-05 -0.00037616 0.0132745 0.0195651
internal_weight=6124.18 269.483 189.473 162.708 137.399 80.4146 5854.7 307.008 241.351 147.243 5547.69 5425.26 122.436 107.522
internal_count=36804 1762 1253 1109 885 501 35042 2743 2274 1481 32299 31562 737 643
cat_boundaries=0 2 4 6
cat_threshold=89162764 28 339986 34 1116492822 8
is_linear=0
shrinkage=0.05


Tree=187
num_leaves=15
num_cat=3
split_feature=5 29 27 2 8 8 24 14 4 26 29 14 17 18
split_gain=7.00585 16.6863 9.07874 8.6851 8.60236 10.2939 7.78911 7.46677 8.90325 7.78361 18.6522 12.6397 13.9038 10.7152
threshold=0.77609432571849679 0 1 -8.8233004964928679 19.500000000000004 6.5000000000000009 0.19857977437550364 12.006250000000003 4.0017484226717537 3602.0000000000005 2 2.4987499999999998 1.0000000180025095e-35 0.87250000000000061
decision_type=10 9 9 2 10 10 10 10 10 2 9 8 2 10
left_child=2 -2 6 4 5 -4 -1 9 -9 -5 -11 -12 13 -13
right_child=1 -3 3 7 -6 -7 -8 8 -10 10 11 12 -14 -15
leaf_value=0.013231315010566159 -0.015568463367289882 0.0059797320401266934 0.0089050061208804186 0.00032512511060286834 -0.00077879468338118386 0.041038117782515302 -0.038046382790457758 -0.019185219246633634 0.012876668079025081 -0.029619822761167494 -0.005734810014383817 0.0047333910135059533 0.076774241428612958 0.037211108226314883
leaf_weight=9.2034413702785951 202.34089007228613 149.96703297644854 71.315558532252908 5244.1495433282107 85.572327397763729 37.963652566075325 29.633619684726 93.166353212669492 27.347522623836994 15.96306624263525 42.7158332914114 55.375223752111197 11.195205874741076 46.444912262260914
leaf_count=57 1353 1004 433 31374 462 217 156 488 141 92 250 396 65 283
internal_value=0.00015828 -0.00667647 0.000576682 0.000759037 0.0111081 0.020339 -0.0206773 0.000394233 -0.0118635 0.000669133 0.0111136 0.0163011 0.0260369 0.0197658
internal_weight=6122.35 352.308 5770.05 5731.21 194.852 109.279 38.8371 5536.36 120.514 5415.84 171.694 155.731 113.015 101.82
internal_count=36771 2357 34414 34201 1112 650 213 33089 629 32460 1086 994 744 679
cat_boundaries=0 2 3 5
cat_threshold=1134158082 10 70226 1073750016 16
is_linear=0
shrinkage=0.05


Tree=188
num_leaves=15
num_cat=6
split_feature=11 7 0 29 31 28 29 0 19 0 29 26 29 29
split_gain=8.88622 9.2148 16.7922 12.9039 12.6016 12.0689 20.1993 31.406 13.4651 19.9161 16.4863 17.4823 23.656 21.6265
threshold=10.513609409271316 5.5000000000000009 82.00500000000001 0 2.5000000000000004 1 2 89.00500000000001 94.75500000000001 97.575000000000003 3 738.00000000000011 4 5
decision_type=2 2 10 9 10 9 9 8 8 10 9 2 9 9
left_child=1 4 -3 -4 -1 8 7 -7 10 -10 -6 12 -12 -13
right_child=-2 2 3 -5 5 6 -8 -9 9 -11 11 13 -14 -15
leaf_value=0.018761816554802385 -0.031590107482723756 -0.00053878731915970744 0.0050398716396381276 -0.01820541156955649 0.012188552612385977 0.011987778527490599 0.0055495967260888891 -0.021166360185782714 0.021472555316921587 -0.017733636145767968 -0.028110375654436137 -0.0089224577521165999 0.00067969300446997852 0.013652633699930972
leaf_weight=113.89045909047127 21.477119777351618 3770.7033549053594 79.165128208696842 228.9244212731719 275.06014769896865 98.011877410113811 310.12078086286783 257.10305075347424 202.29658469371498 37.744659572839737 112.11359231360257 171.82177435606718 177.41188723221421 246.29661112651229
leaf_count=714 124 23801 383 1132 1555 516 1684 1290 1315 203 688 968 980 1303
internal_value=-0.000209811 -9.37985e-05 -0.00145734 -0.0126614 0.00268375 0.00170443 -0.00368818 -0.0116799 0.0046312 0.0152597 0.00206923 -0.00201929 -0.0114713 0.00448932
internal_weight=6102.14 6080.66 4078.79 308.09 2001.87 1887.98 665.236 355.115 1222.75 240.041 982.704 707.644 289.525 418.118
internal_count=36656 36532 25316 1515 11216 10502 3490 1806 7012 1518 5494 3939 1668 2271
cat_boundaries=0 2 3 5 7 9 11
cat_threshold=570499144 26 2130621 1652918288 41 2187464019 32 524300 20 545615872 11
is_linear=0
shrinkage=0.05


Tree=189
num_leaves=15
num_cat=0
split_feature=20 8 19 24 24 1 11 3 24 23 15 5 2 6
split_gain=6.53031 8.75889 7.21595 10.8071 15.4781 21.2769 20.4042 13.1412 12.1883 14.0741 12.0908 18.9085 11.3722 10.1629
threshold=27.010000000000002 -2.4999999999999996 88.215000000000018 0.22516390327686867 0.29848702037456004 0.38043935253310918 8.4511110778912393 0.028280534480364026 0.17313900117507183 1.60375 0.032696902620618758 0.048727608008429936 3.737940941324303 72.500000000000014
decision_type=10 10 10 8 8 8 2 8 10 10 10 8 2 10
left_child=2 -2 3 7 5 -5 -7 8 9 10 11 -1 -8 -6
right_child=1 -3 -4 4 13 6 12 -9 -10 -11 -12 -13 -14 -15
leaf_value=0.0067199978166451986 0.02707989494539903 -0.013679212522691987 -0.0028590613401287238 -0.020425313775149573 0.00059825247207706675 0.0088541358681159549 0.054367499912704877 -0.0062181167100663869 -0.0058645320995034103 -0.033664479671127366 -0.004565921472675376 0.072315493917451554 0.0037870287259061555 0.042126980951364135
leaf_weight=18.532159036025405 13.565698906779287 144.58784594666213 1435.4201521268114 55.516441369429231 2906.104608011432 597.83640301600099 39.560028914362192 760.33862662222236 57.250175660476089 8.1254022307693941 15.457664392888544 26.801983380690217 15.523399487137793 13.807365363463758
leaf_count=131 67 986 7573 606 17734 3210 214 5030 421 195 134 243 72 136
internal_value=-3.95576e-05 -0.0100349 0.000227752 0.00120957 0.00241876 0.00904314 0.0115762 -0.00373663 0.0111492 0.0251644 0.033445 0.0462244 0.0404348 0.000808984
internal_weight=6108.43 158.154 5950.27 4514.85 3628.35 708.436 652.92 886.506 126.167 68.9172 60.7918 45.3341 55.0834 2919.91
internal_count=36752 1053 35699 28126 21972 4102 3496 6154 1124 703 508 374 286 17870
is_linear=0
shrinkage=0.05


Tree=190
num_leaves=15
num_cat=1
split_feature=5 19 25 2 28 15 0 8 4 24 25 14 3 14
split_gain=8.30665 7.2971 7.56647 6.9213 15.4124 8.95116 12.6002 9.31094 9.61108 9.0131 8.388 8.36962 8.18619 8.42775
threshold=1.0698325791855205 30.500000000000004 0.40617837384540589 -0.0017448529702202007 0 7.2451647126140832 71.605000000000004 19.500000000000004 12.615151983062487 0.41211726442725788 1.0891023298367968 -10.262499999999998 0.72922036440099081 0.16733333333333369
decision_type=10 8 8 2 9 10 8 10 8 10 8 8 10 10
left_child=3 2 -2 4 5 7 -7 -1 12 -8 -6 -5 -9 -14
right_child=1 -3 -4 11 10 6 9 8 -10 -11 -12 -13 13 -15
leaf_value=0.024971011044653518 0.048137281746135047 -0.036281787088680198 -0.016309430819316281 -0.029387126782086815 -0.0017411721545903234 0.038381244640700002 -0.0330064919740286 -0.025736993979272732 0.023763057273451103 0.012885860981233037 -0.035640976602412097 -0.00020968367557554218 -0.020812218885384235 0.037618916168107558
leaf_weight=137.75279460474849 5.4483569664880633 28.502731477841735 14.526288608089091 23.6847073007375 54.470458455383778 12.049290210008619 29.828282326459885 30.594472292810678 36.530229158699512 15.711263813078402 26.523956654593349 5705.9252976449206 9.9370049089193362 13.411424256861208
leaf_count=804 114 274 214 138 332 67 163 172 183 94 154 34063 50 67
internal_value=-7.42284e-05 -0.0204787 0.00272622 9.13551e-05 0.00674016 0.0119827 -0.00514341 0.0168306 0.00429859 -0.0172368 -0.0117134 -0.000335403 -0.00907538 0.0129174
internal_weight=6144.9 48.4774 19.9746 6096.42 366.809 285.815 57.5888 228.226 90.4731 45.5395 80.9944 5729.61 53.9429 23.3484
internal_count=36889 602 328 36287 2086 1600 324 1276 472 257 486 34201 289 117
cat_boundaries=0 1
cat_threshold=2158594
is_linear=0
shrinkage=0.05


Tree=191
num_leaves=15
num_cat=3
split_feature=7 29 15 11 10 6 3 22 29 5 19 3 1 29
split_gain=6.36007 13.7117 8.72987 10.3159 12.2862 8.90783 7.91752 7.8124 16.2469 13.4478 11.6933 11.2557 15.5919 17.8782
threshold=41.500000000000007 0 0.51857745443644199 7.4353082177236507 4.5000000000000009 58.500000000000007 0.23259810765572 3.1900000000000008 1 0.18781644777986242 98.250000000000014 0.44810456524454062 0.88944444444444459 2
decision_type=2 9 8 2 2 10 10 10 9 8 10 10 8 9
left_child=7 -2 5 4 -4 -3 -6 11 10 -10 -9 -1 13 -13
right_child=1 2 3 -5 6 -7 -8 8 9 -11 -12 12 -14 -15
leaf_value=0.0029632629982815103 -0.021607675865151239 0.034525795425764748 -0.012810205441605237 -0.019834206781740894 0.057743468282945833 -0.020383673345917296 7.8978795818905422e-06 -0.022526754154924798 -0.02576931175780018 0.0081669148368689378 0.0028201682043867814 0.013098208290067723 -0.00026298329973480056 -0.016456484271434993
leaf_weight=2524.9980997890234 96.605792618356645 30.548669381067157 25.700251175090671 56.346008369699121 14.716870158910753 8.9110332597047073 9.5442345943301898 170.95131945610046 33.07892158254981 203.03515946306288 61.595272386446595 55.548257006332278 2525.1016735471785 282.77076176553965
leaf_count=15614 1276 270 295 468 171 128 111 1211 359 1433 334 331 13028 1615
internal_value=-0.000337751 -0.00825774 0.00201191 -0.00532879 0.0110985 0.0219285 0.0359299 -8.65904e-06 -0.00619347 0.00318941 -0.0151797 0.000530318 -0.00161537 -0.0116786
internal_weight=6099.45 242.373 145.767 106.307 49.9614 39.4597 24.2611 5857.08 468.661 236.114 232.547 5388.42 2863.42 338.319
internal_count=36644 2719 1443 1045 577 398 282 33925 3337 1792 1545 30588 14974 1946
cat_boundaries=0 2 4 6
cat_threshold=1636614158 42 3251991620 4 2155889668 36
is_linear=0
shrinkage=0.05


Tree=192
num_leaves=15
num_cat=3
split_feature=2 24 24 29 6 11 9 18 9 29 11 3 24 29
split_gain=8.37407 8.22122 7.26327 18.3084 15.6535 20.0006 34.6042 14.4565 14.8993 14.2664 16.4161 15.9833 15.2007 24.8811
threshold=500.16142748453336 1.0000000180025095e-35 0.29754831751488048 0 60.500000000000007 7.2198139235331622 1.0000000180025095e-35 -0.58625000000000005 3.5000000000000004 1 6.4340246862154196 0.92570068119546911 0.31471233997002002 2
decision_type=2 8 8 9 10 2 2 8 2 9 2 10 10 9
left_child=1 -1 3 -3 9 6 -6 -5 -9 10 11 -4 13 -11
right_child=-2 2 4 7 5 -7 -8 8 -10 12 -12 -13 -14 -15
leaf_value=-0.03685311683187082 -0.02567268077934497 0.0092653330166827027 -0.018234006579212654 -0.019890423032147424 0.11941548846513379 -0.015615655394986858 -0.03148019526909334 -0.0013256692294310855 0.016240942221157125 -0.026136455002170485 0.00097015648968003091 0.0087358732746861071 0.0011934388549965237 0.0011503388504532054
leaf_weight=14.086816534399984 30.903061345219612 665.24780334439129 358.38334962911904 91.657763397321105 10.515283811837437 10.635103825479744 5.1472104378044596 1112.0542009184137 134.3901788033545 129.04928602650762 313.17637160606682 64.228995962068439 2979.8529813522473 212.9045898579061
leaf_count=119 162 4016 2118 607 94 106 63 7209 719 794 1786 360 17515 1154
internal_value=-0.000122754 1.08413e-05 0.000102189 0.00256741 -0.00110745 0.0366295 0.070913 -0.000829944 0.000579843 -0.00136099 -0.00760371 -0.0141242 4.63993e-05 -0.00992211
internal_weight=6132.23 6101.33 6087.24 2003.35 4083.89 26.2976 15.6625 1338.1 1246.44 4057.6 735.789 422.612 3321.81 341.954
internal_count=36822 36660 36541 12551 23990 263 157 8535 7928 23727 4264 2478 19463 1948
cat_boundaries=0 2 4 5
cat_threshold=2179008798 14 2168455445 30 546164736
is_linear=0
shrinkage=0.05


Tree=193
num_leaves=15
num_cat=2
split_feature=16 27 24 26 24 7 5 11 28 24 8 24 24 7
split_gain=7.53175 6.80636 13.1969 10.5288 7.395 8.54831 7.75656 6.37506 12.6949 14.5851 13.8041 12.5782 19.4132 17.4626
threshold=-49.989999999999995 0 0.37979543663674015 195.50000000000003 0.32643548722372812 3.5000000000000004 0.31032238095238102 6.4172223323443918 1 0.42691909317878596 84.500000000000014 0.31471233997002002 0.30255108681504622 49.500000000000007
decision_type=8 9 10 2 10 2 10 2 9 8 8 8 10 2
left_child=-1 2 3 4 -2 -6 -7 8 9 -3 11 12 -10 -13
right_child=1 7 -4 -5 5 6 -8 -9 10 -11 -12 13 -14 -15
leaf_value=-0.040442959260185159 -0.021679530335352311 0.010325329616635275 -0.032268370927314688 0.040941548519768639 0.045807282239583802 0.036036257322457133 -0.019124680182840775 0.0022513094246395865 -0.0058530550378184691 -0.0076371730488331187 0.0083191877934831911 -0.0016216378826552878 -0.029142098570910231 0.061788631687994588
leaf_weight=10.394288517534731 40.460996117442846 433.49193768575788 46.947792034596205 12.47119205445051 10.085929349064825 7.5841874480247524 23.868075545877218 2797.8552108211443 665.92260523606092 151.91736070625484 262.06615303084254 1543.7634982969612 102.54659563675523 9.9347156407311541
leaf_count=57 251 3100 232 72 43 46 131 16483 4058 831 1454 9227 670 127
internal_value=0.000170534 0.000246246 -0.0101888 -6.03241e-05 -0.00671441 0.00802959 -0.00512297 0.000511415 -0.00102301 0.00556399 -0.00252848 -0.00376663 -0.00899464 -0.0011767
internal_weight=6119.31 6108.92 141.418 94.4704 81.9992 41.5382 31.4523 5967.5 3169.64 585.409 2584.23 2322.17 768.469 1553.7
internal_count=36782 36725 775 543 471 220 177 35950 19467 3931 15536 14082 4728 9354
cat_boundaries=0 1 2
cat_threshold=94322 3409078
is_linear=0
shrinkage=0.05


Tree=194
num_leaves=15
num_cat=3
split_feature=4 7 28 21 24 3 4 19 11 5 29 21 24 29
split_gain=6.6836 7.38128 14.1783 14.5856 11.9219 11.7427 11.6487 15.982 12.6126 11.2513 11.8599 10.8641 27.6892 14.0656
threshold=-92.699365882377705 6.5000000000000009 0 0.95557482569429641 0.56681037048070604 1.4737354744875777 77.565522245953133 94.330000000000013 6.8638765313488088 0.71695210449927449 1 0.96900087096965193 0.15198933968377457 2
decision_type=8 2 9 8 10 8 8 10 2 10 9 8 10 9
left_child=-1 2 3 -2 5 6 7 -5 -9 -3 -11 12 -4 -13
right_child=1 9 11 4 -6 -7 -8 8 -10 10 -12 13 -14 -15
leaf_value=-0.03306288046362036 -0.050544258570458689 -0.00042062940192391776 -0.048188283848800001 0.011754328859387557 -0.049787423779932748 0.029779966732542996 -0.013660467461347468 0.0058672474106556917 -0.040052588727348362 -0.022019614204928286 -0.00035168949227010779 -0.00073887739040683943 0.028734996236603708 0.0085857395082077886
leaf_weight=14.1641646027565 16.241474010050297 3656.4627738986164 12.359721223823724 158.15312598645687 12.562165915966032 25.973212726414204 180.46365956217051 27.726988948881626 30.898688055574894 117.04723340459168 135.97630263771862 887.14647901803255 97.474855620414019 734.61944799497724
leaf_count=74 93 22474 207 772 61 120 897 139 159 953 1008 4849 637 4239
internal_value=9.04152e-05 0.000172897 0.00250081 -0.00531433 -0.00363842 -0.00215446 -0.00431199 0.00349741 -0.0186007 -0.00112765 -0.011303 0.00454721 0.0197221 0.00353598
internal_weight=6107.27 6093.11 2183.62 452.019 435.778 423.216 397.242 216.779 58.6257 3909.49 253.024 1731.6 109.835 1621.77
internal_count=36682 36608 12173 2241 2148 2087 1967 1070 298 24435 1961 9932 844 9088
cat_boundaries=0 1 3 5
cat_threshold=1073472 1075405890 24 3768265736 59
is_linear=0
shrinkage=0.05


Tree=195
num_leaves=15
num_cat=3
split_feature=9 24 29 2 26 1 19 24 11 29 28 2 24 24
split_gain=7.82622 11.3585 11.1927 13.7338 14.5394 12.4885 11.9843 10.9633 10.1716 9.94759 17.6925 18.1482 15.202 20.7374
threshold=2.5000000000000004 0.095903238467847055 0 72.361792008245374 1.0000000180025095e-35 1.4872872225813405 91.252500000000012 0.58018652672020388 5.1442916516935115 1 2 26.423436003562976 0.44533309202081678 0.4465458878795206
decision_type=2 10 9 2 2 10 10 10 2 9 9 2 10 10
left_child=9 -2 6 -4 5 -5 7 8 -3 10 11 -1 -11 -14
right_child=1 2 3 4 -6 -7 -8 -9 -10 12 -12 -13 13 -15
leaf_value=0.003549572916055805 0.033123259836593692 0.051848638183292967 0.00051322591183570847 0.043257824080644436 -0.02602365330174794 -0.023808129705217774 -0.0034677787040416938 -0.012869234883969446 0.010392483768445759 -0.0019294575549329452 -0.0096200017147007703 0.073919887858666697 0.034075945139242302 0.0036304650558431255
leaf_weight=210.5287710763514 28.754824578762054 14.280370254069565 641.40160089544952 15.334771905094387 100.81679205596447 11.219295158982275 245.7338314242661 49.304759912192822 557.33884757570922 2788.8171975687146 747.05933451931924 8.5865707956254465 60.195163399912417 654.84580673277378
leaf_count=1373 171 74 3317 72 499 50 1261 249 2860 17590 4802 46 371 4146
internal_value=-0.000419948 0.00250609 0.00194786 -0.00244207 -0.0174024 0.0150863 0.00580157 0.00956292 0.0115169 -0.00150962 -0.00596931 0.00634236 -0.000260757 0.0062375
internal_weight=6134.22 1664.19 1635.43 768.772 127.371 26.5541 866.658 620.924 571.619 4470.03 966.175 219.115 3503.86 715.041
internal_count=36881 8553 8382 3938 621 122 4444 3183 2934 28328 6221 1419 22107 4517
cat_boundaries=0 2 4 5
cat_threshold=580401743 28 24346 2 1057031
is_linear=0
shrinkage=0.05


Tree=196
num_leaves=15
num_cat=5
split_feature=0 28 5 29 13 22 30 29 7 20 24 29 29 0
split_gain=7.46792 16.3004 18.3044 20.1403 18.1714 17.4513 17.3822 14.7483 13.7598 24.5695 15.3013 15.6136 15.5393 15.323
threshold=81.985000000000014 0 0.010014044943820227 1 12.502500000000003 -4.213333333333332 3.5000000000000004 2 12.500000000000002 -76.632499999999979 0.42136730516454252 3 4 20.010000000000002
decision_type=8 9 8 9 8 10 2 9 2 10 10 9 9 10
left_child=1 2 7 6 5 -5 -4 -1 9 -3 12 13 -10 -12
right_child=-2 8 3 4 -6 -7 -8 -9 10 -11 11 -13 -14 -15
leaf_value=0.0094241668496954905 -0.0014898174680235431 -0.0079913936590135706 -0.012660642077048945 0.019258396900803294 -0.0057718362886126397 -0.011179705320850036 0.021632343570625392 -0.035841148712438688 -0.0033981270540386411 0.019353626030363051 -0.019593156717515787 -0.023524895052965324 0.013472574510437905 0.042175590773060122
leaf_weight=24.584043678827584 4028.1529674008489 106.52042044699192 351.88019022159278 253.92503474093974 195.24081759899855 57.062316801398993 40.360988795757294 55.655644637532532 259.2937235198915 351.1376656666398 17.161444697529078 90.232490558177233 273.50071687437594 21.74767417833209
leaf_count=198 23237 507 2603 1564 1370 490 268 631 1684 1664 123 632 1724 110
internal_value=-0.000229985 0.0021881 -0.00252495 -0.000495066 0.00604696 0.0136555 -0.00886059 -0.0252791 0.0062732 0.0129855 0.0017144 -0.0136615 0.0054599 0.0120931
internal_weight=6126.46 2098.3 978.709 898.469 506.228 310.987 392.241 80.2397 1119.59 457.658 661.936 129.142 532.794 38.9091
internal_count=36805 13568 7124 6295 3424 2054 2871 829 6444 2171 4273 865 3408 233
cat_boundaries=0 1 3 5 7 9
cat_threshold=98308 548288526 2 536904725 34 1216836 32 2743113998 33
is_linear=0
shrinkage=0.05


Tree=197
num_leaves=15
num_cat=3
split_feature=0 29 24 9 26 7 25 29 24 23 25 29 10 25
split_gain=6.97022 16.7494 13.8726 13.3473 10.7452 16.3435 25.8713 24.1865 16.8612 17.0092 15.3264 17.1262 15.5108 15.1278
threshold=91.705000000000013 0 0.53086818216305176 2.5000000000000004 64.500000000000014 8.5000000000000018 3.0591232596800477 1 0.52277684186160223 33.056458333333339 1.7722598988461604 2 16.500000000000004 3.5584153950719766
decision_type=10 9 10 2 2 2 10 9 10 10 10 9 2 10
left_child=4 -2 -3 -4 -1 8 10 13 9 -6 11 12 -7 -8
right_child=1 2 3 -5 5 6 7 -9 -10 -11 -12 -13 -14 -15
leaf_value=-0.0019041423191836647 0.0031610323203447215 -0.008408923180395789 -0.012607302749643466 -0.065346906162378385 0.0055079010168816106 -0.012334240365683584 0.031762355470485719 0.022286442932614531 0.022612221509225136 -0.035478209065803949 -0.018697411404693085 0.0035951043002190723 0.014558365147711087 -0.018121974964420775
leaf_weight=2497.5731780100614 353.76619422063231 328.15883300919086 26.9686428476125 21.52097736671567 1182.1842924691737 429.37144462764263 17.827978275716305 189.26077245175838 145.37600220739841 24.880142675712705 154.91366759873927 616.40218590758741 60.394065138883889 78.642298556864262
leaf_count=14924 1868 1770 129 110 6320 3274 101 1002 774 179 1050 4453 450 521
internal_value=-0.00012148 -0.00470201 -0.0118462 -0.036862 0.000499212 0.00256953 -0.000940856 0.0126176 0.00658216 0.00463442 -0.00402043 -0.00194996 -0.00881552 -0.00786501
internal_weight=6127.24 730.415 376.648 48.4896 5396.83 2899.25 1546.81 285.731 1352.44 1207.06 1261.08 1106.17 489.766 96.4703
internal_count=36925 3877 2009 239 33048 18124 10851 1624 7273 6499 9227 8177 3724 622
cat_boundaries=0 2 4 6
cat_threshold=1628247377 5 2198086738 8 29234187 2
is_linear=0
shrinkage=0.05


Tree=198
num_leaves=15
num_cat=4
split_feature=27 20 11 29 29 20 29 24 26 23 31 26 26 5
split_gain=8.79484 18.1812 7.51503 17.16 16.2863 20.0981 25.7016 18.1363 15.8303 14.5751 14.5095 12.1551 13.1827 12.0597
threshold=0 7.4900000000000029 6.0040105086575926 1 2 -69.837499999999991 3 0.30251505886279345 1695.5000000000002 7.402916666666667 2.5000000000000004 3280.5000000000005 127.50000000000001 0.7335007110930517
decision_type=9 8 2 9 9 10 9 8 2 10 10 2 2 10
left_child=1 -1 3 9 13 6 11 -8 -7 -2 -5 12 -6 -4
right_child=2 -3 4 10 5 8 7 -9 -10 -11 -12 -13 -14 -15
leaf_value=-0.032606415556000849 -0.0055538888241552318 0.035847417642844666 0.0080733187968992908 0.015147135716256643 -0.03049837004908252 0.0087354839285861078 0.0051947012045657657 -0.0067330263567889695 -0.0051582937157292341 -0.033286205775469847 -0.00024597843214285763 -0.066482665286175913 -0.0052909561977498411 -0.0092420824972676459
leaf_weight=50.612615097314119 938.34655981510878 11.071663696318863 1096.5263357125223 175.04729506000876 98.994208703748882 729.34441784676164 569.11483299173415 721.7402606010437 284.26026886329055 48.964738855138421 1173.6027698656544 12.613445196300743 108.82707920856774 109.86948818527162
leaf_count=266 5558 52 6338 1190 641 4366 3346 4417 1710 541 6945 68 715 755
internal_value=8.99466e-05 -0.0171999 0.00029639 -0.00192664 0.00168905 -0.000604128 -0.00425875 -0.00146303 0.0048378 -0.0068918 0.00174875 -0.0195987 -0.0173869 0.0064367
internal_weight=6128.94 61.6843 6067.25 2335.96 3731.29 2524.89 1511.29 1290.86 1013.6 987.311 1348.65 220.435 207.821 1206.4
internal_count=36908 318 36590 14234 22356 15263 9187 7763 6076 6099 8135 1424 1356 7093
cat_boundaries=0 1 3 5 7
cat_threshold=66898 3275703302 11 2205410310 7 1610877504 16
is_linear=0
shrinkage=0.05


Tree=199
num_leaves=15
num_cat=3
split_feature=24 7 29 23 4 32 24 7 20 7 27 26 29 24
split_gain=8.46067 7.70483 22.3491 16.468 8.99387 8.74426 7.6764 11.7347 7.5223 7.26686 12.031 10.11 15.5863 13.7394
threshold=0.84967052394728393 -11.499999999999998 0 -0.50208333333333321 -92.699365882377705 0.90000000000000013 0.88674327893512461 4.5000000000000009 14.007500000000002 7.5000000000000009 1 388.50000000000006 2 0.085957143374882791
decision_type=10 2 9 10 8 2 10 2 10 2 9 2 9 10
left_child=1 2 5 -4 -3 -1 -2 -8 -7 -6 -11 12 13 -12
right_child=6 4 3 -5 9 8 7 -9 -10 10 11 -13 -14 -15
leaf_value=-0.028926247675940927 -0.049818839600921455 -0.0405329428665019 -0.031246428756259312 0.024648102117114559 0.0029762887873098242 0.024738230387777553 0.038699464039851743 -0.035444001535866271 -0.02343396422433915 -0.024317183579398015 0.045665303211059362 -0.0052813372078572242 -0.00085824371765620743 0.0066998345891196784
leaf_weight=10.353339083492754 15.058374829590319 12.282533809542656 101.87941796705127 14.358474357053636 2145.4718056526035 60.470322743058205 8.5089683681726473 11.170748703181742 8.5287706404924375 42.044907283037901 22.579773624427617 805.85840847902 2283.9501905171201 584.81161843333393
leaf_count=62 93 61 608 107 11687 371 65 64 59 259 193 5516 14149 3569
internal_value=9.79783e-05 0.000240226 -0.0094974 -0.0222894 0.000564757 0.0107242 -0.024159 -0.00306523 0.0185341 0.000657408 -0.000673539 -0.000331508 0.00104828 0.00808811
internal_weight=6127.33 6092.59 195.59 116.238 5897 79.3524 34.7381 19.6797 68.9991 5884.72 3739.24 3697.2 2891.34 607.391
internal_count=36863 36641 1207 715 35434 492 222 129 430 35373 23686 23427 17911 3762
cat_boundaries=0 2 3 5
cat_threshold=1074267167 8 2416 3293211 53
is_linear=0
shrinkage=0.05


Tree=200
num_leaves=15
num_cat=0
split_feature=26 9 26 18 7 4 1 7 25 3 26 3 19 3
split_gain=6.91457 8.17974 7.90153 9.31096 8.11132 7.88514 9.57017 6.6909 10.6007 8.79511 8.65662 7.69684 8.64702 7.52842
threshold=4699.5000000000009 1.5000000000000002 4008.0000000000005 10.010000000000002 -2.4999999999999996 -25.298891526429568 0.46720430107526884 42.500000000000007 0.8792332289049577 0.038427659310358006 355.50000000000006 0.71472447358446434 90.007500000000007 0.56043612367082896
decision_type=2 2 2 10 2 10 10 2 10 10 2 10 10 10
left_child=2 -2 7 4 -4 -6 -7 13 9 -9 11 12 -10 -1
right_child=1 -3 3 -5 5 6 -8 8 10 -11 -12 -13 -14 -15
leaf_value=0.001872019042458868 -0.027785033932408859 0.019213668300734718 -0.027834378545193342 -0.039619121445383328 -9.9781195323179626e-05 -0.0092664646720904895 0.034174496869286267 0.0052984804596337585 -0.0034689500825983476 -0.03603489262371657 0.046776811436804358 0.039689383566164915 -0.047128681798152154 -0.0017951586999518819
leaf_weight=3162.8170309066772 41.857373857870698 11.038779646158217 9.4723777882754785 7.3902714829891911 40.313429979607463 14.923784440383313 71.310983702540398 17.11508977971971 146.30370044894516 48.179278733208776 7.7307047750800839 8.4075245186686498 11.315743006765841 2508.7079097237438
leaf_count=19734 276 57 77 47 289 113 435 257 1491 724 90 45 87 13027
internal_value=2.74553e-05 -0.0178025 0.000186157 0.0117415 0.0148008 0.0181854 0.0266366 -9.61548e-05 -0.00827249 -0.025284 -0.00177183 -0.00429892 -0.00688071 0.000249871
internal_weight=6106.88 52.8962 6053.99 143.411 136.021 126.548 86.2348 5910.58 239.052 65.2944 173.758 166.027 157.619 5671.52
internal_count=36749 333 36416 961 914 837 548 35455 2694 981 1713 1623 1578 32761
is_linear=0
shrinkage=0.05


Tree=201
num_leaves=15
num_cat=2
split_feature=28 3 11 3 20 9 15 18 5 18 28 21 11 25
split_gain=8.44522 17.9143 8.62153 8.21737 7.86085 5.9141 12.8556 8.89608 10.6612 8.351 14.2785 11.0683 8.10698 13.3603
threshold=0 0.285127267626825 6.7975943110731825 0.16948415209561027 -17.995000000000001 2.5000000000000004 14.061738665171388 6.4237499999999992 0.49717247628184641 -1.4470833333333324 1 1.0282040646819641 7.8117707955069458 2.7552421712577124
decision_type=9 8 2 10 8 2 8 10 8 8 9 8 2 8
left_child=1 2 3 -1 -3 12 7 9 -9 -7 11 -11 -2 -14
right_child=5 4 -4 -5 -6 6 -8 8 -10 10 -12 -13 13 -15
leaf_value=0.0048440694146068951 -0.0011383837243930295 0.012895251171983896 -0.026033201141426161 0.057382785096968453 -0.034083785199445105 -0.0057224645733115129 0.018255986312812219 -0.03582635063040121 0.0051263632542035663 0.02530292186981566 0.0072640515078957303 -0.0095375568139182201 0.0099723501660389773 -0.0098823843989792378
leaf_weight=18.608236394822601 3853.0966154737398 9.7572644613683206 9.6606252752244455 11.63627642765641 65.104677030816674 244.53824453055859 129.00545759126544 32.538293112069368 29.785644834861159 24.307744607329369 924.43483097851276 231.84945807605982 387.70531949587166 107.47707720659673
leaf_count=110 24658 47 81 59 362 1251 672 176 156 126 4808 1164 2399 651
internal_value=0.000326318 -0.0124979 0.0132638 0.0262474 -0.0278714 0.000595073 0.0031773 0.00185815 -0.0164825 0.00267122 0.00441319 -0.00591582 -0.000364002 0.00565174
internal_weight=6079.51 114.767 39.9051 30.2445 74.8619 5964.74 1616.46 1487.45 62.3239 1425.13 1180.59 256.157 4348.28 495.182
internal_count=36720 659 250 169 409 36061 8353 7681 332 7349 6098 1290 27708 3050
cat_boundaries=0 1 2
cat_threshold=197728 3936386
is_linear=0
shrinkage=0.05


Tree=202
num_leaves=15
num_cat=5
split_feature=7 28 29 26 5 26 29 14 20 29 26 4 26 28
split_gain=9.89276 13.2584 19.0557 17.9865 15.6323 12.3043 11.311 9.11149 8.63619 26.7529 13.3781 8.89583 9.33396 8.75109
threshold=10.500000000000002 0 1 292.50000000000006 0.1773537735849057 119.50000000000001 2 0.29625000000000062 -9.3300000000000018 3 388.50000000000006 72.126196628691318 57.500000000000007 4
decision_type=2 9 9 2 8 2 9 10 8 9 2 8 2 9
left_child=8 3 4 6 5 -3 -2 -7 9 11 -11 12 -1 -10
right_child=1 2 -4 -5 -6 7 -8 -9 13 10 -12 -13 -14 -15
leaf_value=0.0017574983710754223 0.016800277660379045 0.053926932749827308 -0.0019809980424689171 -0.022277936629506185 -0.018910128312783055 -0.017590128634366792 0.0020373356069687712 0.053556116489417854 -0.0042886074507464669 0.0067413263310714781 -0.015724797521736344 -0.012158809449640888 0.024009403904113467 0.0023839210601897709
leaf_weight=58.773089338093996 151.9806296788156 12.133293270133434 1601.8058522157371 64.350622314959764 311.72994961589575 23.402403119020168 685.02561528608203 4.5237766429781905 636.8337489143014 130.48548646457493 132.75832211598754 23.052741605788469 240.26915729790926 2028.6596503034234
leaf_count=289 856 150 11378 370 2861 277 3745 36 3047 668 710 118 1302 11009
internal_value=0.000104614 -0.00204262 -0.00434385 0.00295968 -0.0147163 0.0139999 0.00495958 -0.00461206 0.00199041 0.00748439 -0.00443742 0.016828 0.0196565 0.000781582
internal_weight=6105.78 2854.95 1953.6 901.357 351.789 40.0595 837.006 27.9262 3250.83 585.339 263.244 322.095 299.042 2665.49
internal_count=36816 19673 14702 4971 3324 463 4601 313 17143 3087 1378 1709 1591 14056
cat_boundaries=0 1 3 5 7 8
cat_threshold=1328386 2886985 4 24906504 16 3287043075 32 1139778
is_linear=0
shrinkage=0.05


Tree=203
num_leaves=15
num_cat=3
split_feature=16 29 10 1 7 0 2 4 29 29 6 16 13 0
split_gain=6.94237 22.6808 15.9798 16.8464 15.29 13.451 9.27217 8.91932 22.198 11.1599 12.4672 11.7153 10.5732 10.7191
threshold=-1.0000000180025095e-35 0 1.0000000180025095e-35 1.8190909090909093 31.500000000000004 99.010000000000005 0.017399524518979529 15.734671118588075 1 2 40.500000000000007 1.0000000180025095e-35 2.0600000000000018 56.010000000000012
decision_type=8 9 2 8 2 10 2 10 9 9 10 8 8 8
left_child=1 -1 3 -3 5 -4 -7 9 -9 10 11 -2 -13 -14
right_child=7 2 4 -5 -6 6 -8 8 -10 -11 -12 12 13 -15
leaf_value=-0.00432813995944891 -0.015198589982238289 0.015809744402858771 0.026955745212043247 -0.022285102901008852 -0.030853674438956365 0.0099462154210693699 -0.048864831178007766 -0.011275955245403832 0.015105629903096475 0.00064495647687582217 -0.027950747494312162 0.0088637904576691282 0.0040464498951963456 -0.005552502006671867
leaf_weight=388.22261648066342 194.86895301006734 59.425152935087681 218.14359109196812 54.856414381414652 13.231341172009705 20.219058800488714 8.844329968094824 109.74547217600048 235.63590032234788 2770.0361951049417 52.626175134442747 188.28220011200756 365.82962032128125 1406.1755045102909
leaf_count=2148 1162 341 1187 274 162 116 56 632 1314 16837 884 1152 2579 7905
internal_value=-0.000293831 0.00416359 0.0127259 -0.00251089 0.0198827 0.0227116 -0.00898076 -0.000933349 0.00682505 -0.00147292 -0.00411354 -0.00353785 -0.00237152 -0.00356964
internal_weight=6086.14 762.943 374.72 114.282 260.438 247.207 29.0634 5323.2 345.381 4977.82 2207.78 2155.16 1960.29 1772.01
internal_count=36749 4284 2136 615 1521 1359 172 32465 1946 30519 13682 12798 11636 10484
cat_boundaries=0 2 4 6
cat_threshold=3786584154 12 580991232 2 1229802833 43
is_linear=0
shrinkage=0.05


Tree=204
num_leaves=15
num_cat=3
split_feature=7 0 29 11 28 2 19 29 20 25 24 24 24 8
split_gain=6.51235 13.905 13.4066 13.4007 13.4033 13.3112 14.1817 16.2825 12.8211 12.9299 12.3849 26.9491 28.2754 12.579
threshold=5.5000000000000009 82.00500000000001 0 6.2860260266895382 1 96.985805760265734 94.330000000000013 2 2.5049999999999994 2.191756270508161 0.33516459545592386 0.37733366625154419 0.37263447569863473 17.500000000000004
decision_type=2 10 9 2 9 2 8 9 8 8 10 10 10 10
left_child=-1 3 -3 4 8 6 7 -6 -2 -10 13 12 -12 -8
right_child=1 2 -4 -5 5 -7 10 -9 9 -11 11 -13 -14 -15
leaf_value=0.0023702937532683092 0.0088424862679793367 0.0059438256264505336 -0.01733873102228687 0.0024270126995299506 0.0020678451895109738 -0.02783198994474366 0.013908635662397157 -0.013986129294641126 -0.033039809432055998 0.015397651831081317 -0.010679255774582751 0.0053272756060875085 -0.069076304591768098 -0.0031824227018570407
leaf_weight=2000.8686369145289 32.567451294511557 82.303542368113995 220.91398382559419 2066.3541128532961 282.34546896349639 47.795504845678806 320.43412630911916 349.91419897135347 99.050015360116959 15.376858808100222 106.94507412426174 271.97242493182421 24.873746912926435 161.39510935731232
leaf_count=11319 198 396 1105 12907 1871 250 2079 2542 631 87 634 1682 149 926
internal_value=3.42099e-05 -0.0011111 -0.0113949 -0.000283164 -0.00355253 -0.00211281 -0.00129907 -0.00701324 -0.0174478 -0.0264537 0.00278368 -0.00367062 -0.0221357 0.00818902
internal_weight=6083.11 4082.24 303.218 3779.02 1712.67 1565.68 1517.88 632.26 146.994 114.427 885.62 403.791 131.819 481.829
internal_count=36776 25457 1501 23956 11049 10133 9883 4413 916 718 5470 2465 783 3005
cat_boundaries=0 2 3 5
cat_threshold=570490888 27 532480 2738141713 40
is_linear=0
shrinkage=0.05


Tree=205
num_leaves=15
num_cat=2
split_feature=10 6 28 3 20 20 20 28 26 3 0 7 15 11
split_gain=6.70633 13.1864 11.1967 14.8826 12.5482 10.4836 9.93016 12.7564 10.7701 11.0525 9.43309 9.13591 9.12682 10.6719
threshold=1.0000000180025095e-35 33.500000000000007 0 0.013394051192741953 20.732500000000005 -89.84999999999998 12.792499999999999 1 3085.5000000000005 0.00020262421507355675 97.905000000000015 11.500000000000002 1.0000000180025095e-35 6.5177081991705554
decision_type=2 10 9 8 10 8 10 9 2 10 10 2 8 2
left_child=1 2 3 -1 -4 -2 8 -8 -7 -10 11 -11 -6 -14
right_child=5 -3 4 -5 12 6 7 -9 9 10 -12 -13 13 -15
leaf_value=0.036180203017379904 -0.020926361044121079 -0.026250113132265714 -0.0064251941623542121 0.0014355668914400284 -0.026427769580535165 0.0011607426460941042 0.012117441235664821 -0.013343446740282617 0.067603032806845181 0.026014086168816349 -0.030301974297443791 -0.015832904197817393 -1.4808654549883159e-05 0.038675949771472345
leaf_weight=31.485130466520786 54.545308100059628 57.771735662594438 1120.2395496955141 603.8518451564014 11.262274410575627 3745.4756480148062 54.966180663555861 218.55488854460418 9.0334230251610261 65.575922589749098 10.652994476258753 15.501275222748516 33.692524867132306 36.835426967591047
leaf_count=243 336 701 6567 3144 63 22777 389 1543 52 383 59 101 182 195
internal_value=-0.00046885 -0.00293469 -0.00218771 0.00316186 -0.00500024 0.000651078 0.000941771 -0.00824604 0.00159713 0.0176471 0.0120515 0.0179179 0.0137546 0.0204508
internal_weight=6069.44 1895.14 1837.37 635.337 1202.03 4174.31 4119.76 273.521 3846.24 100.764 91.7302 81.0772 81.7902 70.528
internal_count=36735 11095 10394 3387 7007 25640 25304 1932 23372 595 543 484 440 377
cat_boundaries=0 1 2
cat_threshold=2646325 20482
is_linear=0
shrinkage=0.05


Tree=206
num_leaves=15
num_cat=4
split_feature=7 28 3 28 7 24 29 25 24 3 19 24 28 0
split_gain=7.35914 13.5649 20.1455 12.3786 18.5152 21.9728 12.2521 11.6327 11.3031 11.1835 11.0426 11.0052 9.84604 9.70279
threshold=5.5000000000000009 0 0.47780776925434393 1 3.5000000000000004 0.31740471456972458 2 1.4038182764849196 0.74044534412955476 0.062038164637768289 98.750000000000014 0.45287153533131153 3 97.735000000000014
decision_type=2 9 8 9 2 10 9 10 10 8 10 8 9 10
left_child=3 2 -2 4 5 -1 8 -7 12 11 -6 -8 -5 -11
right_child=1 -3 -4 6 10 7 9 -9 -10 13 -12 -13 -14 -15
leaf_value=0.00087128108234674488 -0.0057578167816483249 -0.00093792927659418234 -0.055360383369416954 -0.0023963329820239285 0.01030595502003427 -0.063807394602995379 -0.031088440163157684 -0.022579538250404475 -0.049916025429538241 0.011840445866554358 -0.040179100344115148 0.023194099457879532 0.010916797773292098 -0.0024482445924061333
leaf_weight=65.10412061214447 67.361635595560074 3987.0535944085568 28.579786695539951 692.27749952208251 118.81268339604139 28.037071332335472 32.382645300589502 46.237111873924732 10.383125796914099 686.36929753981531 10.923649989068506 12.12972106784582 162.06477908045053 143.26548560708761
leaf_count=348 446 24806 178 3817 683 138 186 243 44 4131 62 76 844 783
internal_value=-0.00019682 -0.00141554 -0.0189932 0.00228077 -0.00751862 -0.0203862 0.00382205 -0.0387832 -0.000415854 0.00796735 0.00578036 -0.0161117 0.000238532 0.00937303
internal_weight=6090.98 4083 95.9414 2007.99 269.115 139.378 1738.87 74.2742 864.725 874.147 129.736 44.5124 854.342 829.635
internal_count=36785 25430 624 11355 1474 729 9881 381 4705 5176 745 262 4661 4914
cat_boundaries=0 1 2 4 5
cat_threshold=2686976 1384770 2693360130 31 2146304
is_linear=0
shrinkage=0.05


Tree=207
num_leaves=15
num_cat=2
split_feature=8 3 33 26 25 7 0 7 24 8 7 24 0 28
split_gain=8.27549 7.13344 12.1925 11.4485 8.07183 7.42927 7.08193 7.99803 8.76753 10.932 6.33684 14.8768 10.8006 10.4969
threshold=-2.4999999999999996 0.20635666483082654 0 83.500000000000014 1.3065851567139117 10.500000000000002 99.995000000000019 2.5000000000000004 0.28391499723847607 6.5000000000000009 6.5000000000000009 0.83479532163742698 0.50500000000000012 1
decision_type=8 10 1 2 8 2 10 2 10 10 2 10 8 9
left_child=1 2 -1 5 -5 -3 10 8 9 -8 12 -12 13 -2
right_child=6 3 -4 4 -6 -7 7 -9 -10 -11 11 -13 -14 -15
leaf_value=0.0069922081506711394 0.015389849266719505 0.0069873044714370454 0.052836372095689345 0.054558505643526302 0.001851772034828377 -0.037438092774574223 0.058365888955832557 0.021526068161864961 -0.025163162449639412 -0.017995441996103853 -0.0011288160286057863 -0.064268294040380619 0.0029213331962470996 -0.02200068645440964
leaf_weight=38.043527990579605 18.252088151872158 16.754898726940155 22.809296876192093 11.593847073614596 17.337601393461231 19.71201541274786 6.8614280335605171 13.882322630845009 77.949192672967911 10.783611122518776 3780.7042039297521 8.3527833074331266 1978.2702315021306 69.651276100426912
leaf_count=173 94 90 110 58 80 89 52 72 580 82 23959 50 10931 409
internal_value=-3.78852e-05 0.012579 0.0247523 0.00104971 0.0240903 -0.0173849 -0.000307003 -0.0128486 -0.0180117 0.0132361 -7.03569e-05 -0.00128492 0.00215652 -0.0148948
internal_weight=6090.96 126.251 60.8528 65.3984 28.9314 36.4669 5964.71 109.477 95.5942 17.645 5855.23 3789.06 2066.17 87.9034
internal_count=36829 600 283 317 138 179 36229 786 714 134 35443 24009 11434 503
cat_boundaries=0 1 2
cat_threshold=4 12416
is_linear=0
shrinkage=0.05


Tree=208
num_leaves=15
num_cat=3
split_feature=24 11 29 29 24 19 24 29 25 25 5 14 20 8
split_gain=6.27209 5.99898 11.4695 8.86577 9.5134 20.9295 16.761 15.4777 11.3769 11.2272 19.4717 10.9337 10.8034 10.5645
threshold=1.0000000180025095e-35 6.5350743409074665 0 1 0.29848702037456004 88.715000000000018 0.51209211938545829 2 1.526805644587127 1.1926534922961858 0.70466000000000006 2.4110000000000009 5.2999999999999998 9.5000000000000018
decision_type=8 2 9 9 10 10 10 9 8 10 8 8 8 8
left_child=-1 3 -3 4 5 7 9 -2 -8 11 -11 -6 -7 -9
right_child=1 2 -4 -5 6 12 8 13 -10 10 -12 -13 -14 -15
leaf_value=-0.033164774900936625 -0.016212534926659954 0.020122062501122907 0.0013579100463060262 0.00037269334092891759 -0.038174526720923252 0.0060141036570948185 0.0094465145218311734 0.026664802094997622 -0.050286554921174426 0.014263607722267663 -0.025685649880421487 -0.014096533284616986 0.044903907637357271 -0.0059079888138206726
leaf_weight=13.118813570588825 127.85125243663788 73.268257688730955 2631.4117568004876 2449.163743160665 55.87578596547246 36.351943347603083 136.28024843428284 47.761546300724149 7.4741417169570914 80.275144414976239 47.826722955331206 294.94691624585539 34.794708807021379 50.251582413911819
leaf_count=116 885 379 15505 15214 354 202 831 322 41 447 261 1795 203 269
internal_value=0.00012213 0.000199477 0.00195286 -0.00120838 -0.0053605 0.00194038 -0.00892641 -0.00552624 0.00601491 -0.0134144 -0.000734841 -0.0180291 0.0253922 0.00914957
internal_weight=6086.65 6073.53 2704.68 3368.85 919.69 297.011 622.679 225.864 143.754 478.925 128.102 350.823 71.1467 98.0131
internal_count=36824 36708 15884 20824 5610 1881 3729 1476 872 2857 708 2149 405 591
cat_boundaries=0 2 4 6
cat_threshold=3145732 6 1091929396 7 1075151872 1
is_linear=0
shrinkage=0.05


Tree=209
num_leaves=15
num_cat=4
split_feature=7 3 29 28 29 3 10 26 1 3 29 8 8 1
split_gain=6.65139 13.8279 19.7905 24.0544 15.9888 13.8191 13.5648 12.4776 12.209 12.0181 11.779 12.1905 10.489 12.5645
threshold=15.500000000000002 0.041313363454196693 0 1 2 0.8746774993711357 16.500000000000004 71.500000000000014 0.05594679186228483 0.030114248925516087 3 -1.4999999999999998 18.500000000000004 0.46720430107526884
decision_type=2 10 9 9 9 10 2 2 10 10 9 10 10 10
left_child=-1 2 9 6 -5 10 -4 -8 -6 -2 11 -3 13 -10
right_child=1 5 3 4 8 -7 7 -9 12 -11 -12 -13 -14 -15
leaf_value=0.00095188584736319651 0.026101232403931491 0.041983262395689294 -0.014521627660719639 -0.010550621924270743 -0.022099373725364552 0.015547415001775242 0.072910520674857232 -0.0077155941383299752 0.026796881391501007 0.099488544064741308 -0.0086604570680419799 0.00045813704766383247 0.0011117197694253636 0.071008110817144754
leaf_weight=4308.1444893656299 52.994071228429675 18.263840727508068 196.08297498710454 40.566367218270898 10.78790260851383 74.944703260436654 7.9201821796596077 10.015676379203795 54.771518349647522 5.4938649646937838 1032.2794451806694 214.4619878269732 21.286396004259586 23.262724284082651
leaf_count=22700 523 109 2170 480 140 432 48 77 580 40 7572 1566 152 158
internal_value=-0.000106861 -0.00269294 0.00517788 0.000375262 0.015077 -0.0051807 -0.0102062 0.0298578 0.0246194 0.0295789 -0.00642004 0.00372332 0.0323177 0.0407083
internal_weight=6071.28 1763.13 423.182 364.694 150.675 1339.95 214.019 17.9359 110.109 58.4879 1265.01 232.726 99.3206 78.0342
internal_count=36747 14047 4368 3805 1510 9679 2295 125 1030 563 9247 1675 890 738
cat_boundaries=0 2 3 5 7
cat_threshold=1646305280 2 2155522 68674 41 5701644 29
is_linear=0
shrinkage=0.05


Tree=210
num_leaves=15
num_cat=3
split_feature=13 29 23 14 18 29 0 18 18 7 14 20 11 29
split_gain=6.59213 13.9735 12.2088 8.5996 7.02921 6.90113 8.37018 6.60071 5.98446 10.7537 13.1661 10.3579 5.76689 9.7197
threshold=9.2737500000000015 0 6.0718750000000012 10.708750000000004 6.9812500000000011 1 85.430000000000021 6.1645833333333355 26.986250000000005 7.5000000000000009 10.417083333333336 15.102500000000004 7.1034166188520285 2
decision_type=10 9 10 10 10 9 10 10 10 2 10 8 2 9
left_child=12 2 3 -2 7 6 -6 -3 9 10 -7 -10 -1 -14
right_child=1 4 -4 -5 5 8 -8 -9 11 -11 -12 -13 13 -15
leaf_value=-0.000735722055580299 -0.013994144224505465 0.0017650745641601931 0.02081837361645212 -0.040618699537035154 0.036219474823348669 0.037481433026110504 -0.0098301000735505472 -0.050602466380030103 0.043499836083890429 -0.021581192651855329 -0.018224426975443183 -0.02055156084262286 0.010330435421598588 0.00083185136383480027
leaf_weight=4059.2842741450295 84.023003382608294 12.712311282753946 16.446951817721128 48.111165255308151 35.311852015554905 22.144981078803539 13.050728395581244 10.316025821492074 15.89156526327133 53.63536598905921 18.738874100148678 9.3175995051860827 326.69691304676235 1362.403491737321
leaf_count=25222 491 68 99 256 219 122 71 57 87 337 95 55 1765 7935
internal_value=-0.000114562 -0.00687219 -0.0176803 -0.0239206 0.00237523 0.00608249 0.0198286 -0.0228237 -0.00113657 -0.0070281 0.0121235 0.0199448 0.000285906 0.00274009
internal_weight=6088.09 339.7 148.581 132.134 191.119 168.091 48.3626 23.0283 119.728 94.5192 40.8839 25.2092 5748.38 1689.1
internal_count=36879 1957 846 747 1111 986 290 125 696 554 217 142 34922 9700
cat_boundaries=0 2 4 6
cat_threshold=12874075 6 1092648964 48 1076898076 18
is_linear=0
shrinkage=0.05


Tree=211
num_leaves=15
num_cat=1
split_feature=8 7 29 20 25 4 15 24 1 25 24 25 1 25
split_gain=8.98987 8.11253 15.0919 10.4284 8.61009 7.81553 7.73744 8.55695 12.3453 10.6238 12.0298 9.26037 12.4714 8.86532
threshold=-2.4999999999999996 34.500000000000007 0 -56.344999999999992 -2.2606314832280376 -0.27912240691705387 6.4444129366563212 0.22516390327686867 0.18405928614640052 4.9014993841983427 0.11141071734292075 7.0943488864281177 1.5418613707165112 4.3595107666391728
decision_type=8 2 9 8 8 8 10 8 10 10 10 8 10 10
left_child=5 4 -3 -4 -2 -1 7 9 -9 10 -5 12 13 -10
right_child=1 2 3 6 -6 -7 -8 8 11 -11 -12 -13 -14 -15
leaf_value=0.035332539503962257 0.028661746636906873 -0.019223501101694459 -0.04123588172742438 0.01213340661314237 0.00022118907800309292 0.0062155632327380028 0.040541931373592188 -0.019942893517469439 0.018575243426791222 0.02142116978168971 -0.030006352097886265 -0.022836419262345857 -0.022594064482121385 0.058367753285239833
leaf_weight=29.61181815713644 25.741464145481586 144.42645759321749 13.41934324800968 22.746687992475927 5486.7783975126222 95.749507438391447 11.673957394436 31.373754911124706 83.946351816877723 19.921601165086031 60.428386621177197 13.86379651352763 14.70511908829212 16.347893219441175
leaf_count=141 143 1646 88 328 31760 455 130 359 667 139 673 89 75 95
internal_value=0.000121586 -0.000158872 -0.00674192 0.000209854 0.000359171 0.0133185 0.00238193 0.000543267 0.00775599 -0.0106338 -0.0184748 0.0146014 0.0192726 0.0255736
internal_weight=6070.73 5945.37 432.853 288.427 5512.52 125.361 275.008 263.334 160.237 103.097 83.1751 128.863 114.999 100.294
internal_count=36788 36192 4289 2643 31903 596 2555 2425 1285 1140 1001 926 837 762
cat_boundaries=0 2
cat_threshold=2693123138 9
is_linear=0
shrinkage=0.05


Tree=212
num_leaves=15
num_cat=6
split_feature=2 28 29 4 3 29 28 15 8 8 8 29 29 23
split_gain=7.25081 14.5956 13.7141 14.306 13.7582 11.5643 11.9492 20.7384 13.8775 12.2755 14.6622 15.5592 14.8776 19.8668
threshold=1.0000000180025095e-35 0 1 -4.262499498483634 0.53837923840128121 2 3 4.4599751291385399 36.500000000000007 -7.4999999999999991 1.5000000000000002 4 5 19.280208333333334
decision_type=2 9 9 8 8 9 9 10 10 8 10 9 9 8
left_child=5 -2 4 -4 -3 -1 7 8 -7 -8 11 -11 13 -12
right_child=1 2 3 -5 -6 6 9 -9 -10 10 12 -13 -14 -15
leaf_value=-0.0036616344324248125 -0.01335991822387683 0.018399027227207935 -0.015964347149009451 -0.0011572827383682519 -0.00049843305890100978 0.018218442024076468 0.028295098987311047 -0.0056351023519242548 -0.011616642276880414 0.0087111157727446775 0.026458192357749155 -0.0067620108972692126 0.0061995230116920208 -0.0096712751884580634
leaf_weight=1072.0205978304148 273.55837089195848 158.05298777949065 200.58850773796439 855.92799189314246 244.049386639148 363.73633260652423 39.226746499538422 171.87806720659137 42.957685582339764 189.35343960952014 42.195334952324629 888.61676587257534 1203.3852338539436 319.95169201679528
leaf_count=6653 1432 879 1100 4469 1177 2251 185 924 220 1600 254 7103 6773 1705
internal_value=-0.000271176 -0.0030045 -0.000956477 -0.00394367 0.00678834 0.000821869 0.00230048 0.00875228 0.0150463 0.000878994 0.000464946 -0.00402042 0.00355401 -0.00525568
internal_weight=6065.5 1732.18 1458.62 1056.52 402.102 4333.32 3261.3 578.572 406.694 2682.73 2643.5 1077.97 1565.53 362.147
internal_count=36725 9057 7625 5569 2056 27668 21015 3395 2471 17620 17435 8703 8732 1959
cat_boundaries=0 1 3 5 6 8 10
cat_threshold=3149826 1094488326 17 2789632 11 3149843 3762298892 36 3758367236 32
is_linear=0
shrinkage=0.05


Tree=213
num_leaves=15
num_cat=0
split_feature=23 3 23 7 19 24 7 3 25 6 8 24 24 21
split_gain=7.19524 11.281 8.95436 10.1532 9.33807 7.67315 7.38722 11.8197 10.9781 11.1322 16.3444 9.7227 11.925 11.3151
threshold=38.329791666666672 0.34674551127240472 19.280208333333334 3.5000000000000004 40.750000000000007 0.45947331947331954 34.500000000000007 0.88002481289273649 0.71825206602920211 -3.4999999999999996 63.500000000000007 0.29848702037456004 0.27992305802343281 0.92652999777653033
decision_type=10 8 10 2 8 10 2 10 8 8 8 8 10 8
left_child=2 -2 6 5 -5 -4 11 8 9 10 -8 12 13 -1
right_child=1 -3 3 4 -6 -7 7 -9 -10 -11 -12 -13 -14 -15
leaf_value=-0.037999088132761066 -0.016795176618018173 0.025299857453200104 -0.016655033416283951 0.033683681385880626 -0.029070833065472024 0.026482441510297845 0.060166089850289685 0.048097742501924085 -0.0035722799561227836 -0.034715296802310634 -0.024546506763823382 -0.0010200451946115955 0.014912846026928901 0.0024689123038092657
leaf_weight=16.474947792477906 20.665426516905427 60.678594850003719 18.266005859710276 5.6186028802767387 72.976187060587108 21.279890075325966 7.8592763021588326 8.7819945812225324 346.99379989504814 60.743539350107312 14.973222129046919 3687.3015356520191 201.82822684198618 1514.9022639039904
leaf_count=146 312 380 193 126 660 105 55 54 3105 941 121 21124 1098 8342
internal_value=-0.000147831 0.0145315 -0.000349974 -0.0139202 -0.0242178 0.00663815 -7.40564e-05 -0.00630211 -0.00752053 -0.023677 0.00591382 0.000431819 0.00351939 0.00200903
internal_weight=6059.34 81.344 5978 118.141 78.5948 39.5459 5859.86 439.352 430.57 83.576 22.8325 5420.51 1733.21 1531.38
internal_count=36762 692 36070 1084 786 298 34986 4276 4222 1117 176 30710 9586 8488
is_linear=0
shrinkage=0.05


Tree=214
num_leaves=15
num_cat=4
split_feature=25 4 7 29 25 10 0 15 2 16 28 29 29 3
split_gain=5.7333 5.6325 5.6441 12.2137 19.7681 20.2225 15.2013 10.9109 17.0823 13.3203 9.20849 29.6403 21.5487 18.081
threshold=15.215248173885962 -92.699365882377705 5.5000000000000009 0 0.083197380520551104 1.0000000180025095e-35 99.995000000000019 2.4653745939456218 -1.0000000180025095e-35 -0.29749999999999938 1 2 3 0.90696419337227974
decision_type=10 8 2 9 10 2 10 8 2 10 9 9 9 10
left_child=1 -1 3 4 5 -3 -5 8 -6 -9 11 -4 -12 -13
right_child=-2 2 10 6 7 -7 -8 9 -10 -11 12 13 -14 -15
leaf_value=-0.031103635411155378 -0.026622499423417351 -0.017595804647791872 0.015315671199459764 0.0060942517667264134 0.042695310864089141 0.036858390256912336 -0.018157448325544199 0.0053058195387420196 -0.016545925568833445 -0.02133260703106837 -0.0097525882881883685 -0.0030938710564012567 0.00032910051355815637 0.018651832553618197
leaf_weight=13.631468873471022 19.473722256720066 24.079317890107632 312.44262635521591 1275.5349609674886 11.811898253858088 53.566237061284482 67.105164032429457 233.58943231403828 265.02028372883797 57.663963235914707 799.07226791512221 1292.9498195759952 1539.3779158871621 102.22145483642817
leaf_count=71 146 133 1605 7194 69 308 464 1322 1483 320 6093 7112 9953 454
internal_value=-0.000208122 -0.000118685 -4.35499e-05 0.00213712 -0.00348906 0.0199621 0.00483357 -0.00678511 -0.0138736 -2.31514e-05 -0.00111547 0.00167326 -0.00314545 -0.0014778
internal_weight=6067.54 6048.07 6034.44 1988.37 645.731 77.6456 1342.64 568.086 276.832 291.253 4046.06 1707.61 2338.45 1395.17
internal_count=36727 36581 36510 11293 3635 441 7658 3194 1552 1642 25217 9171 16046 7566
cat_boundaries=0 2 3 5 7
cat_threshold=578890753 55 1337091 1079773708 5 1079926596 13
is_linear=0
shrinkage=0.05


Tree=215
num_leaves=15
num_cat=1
split_feature=0 28 7 0 26 22 30 23 7 7 7 15 1 10
split_gain=7.87518 17.2913 25.8696 25.5261 15.456 16.8467 16.0258 14.8302 14.0236 13.5125 15.8565 12.3721 12.2831 15.61
threshold=77.925000000000026 0 11.500000000000002 0.50500000000000012 28.500000000000004 -1.1649999999999998 3.5000000000000004 0.53958333333333353 16.500000000000004 4.5000000000000009 1.0000000180025095e-35 4.1249837148420179 0.05594679186228483 34.500000000000007
decision_type=8 9 2 10 2 8 2 8 2 2 2 10 10 2
left_child=1 2 -1 8 -4 6 -6 9 -3 10 -2 -7 -5 -14
right_child=7 3 4 12 5 11 -8 -9 -10 -11 -12 -13 13 -15
leaf_value=0.02223963342260632 -0.038579837947928075 -0.027966192246116767 0.01991642456035024 0.020377063333307108 0.0013978840651087707 -0.0025415092319571171 0.088041110531075981 -0.00075767332750408022 -0.0025385751831988011 -0.027493777307310015 0.019421753673951967 -0.029119144696215654 0.0020209535556660932 -0.03267274130425081
leaf_weight=242.75906272232533 15.421414963901041 116.50370355229825 77.4900803565979 86.942780354991555 13.492323417216541 162.31385613419116 7.8651970326900473 3985.9658130351454 101.09260230883956 98.968040436506271 40.754604656249285 59.077993713319302 1032.2128462633118 32.473243553191423
leaf_count=1202 82 718 483 595 102 1239 43 23072 1020 565 257 362 6842 208
internal_value=-0.000120202 0.00251485 0.00979207 -0.000549818 0.00062109 -0.00559478 0.0358162 -0.00135001 -0.0162185 -0.0164661 0.00310291 -0.00973275 0.00241745 0.00093312
internal_weight=6073.33 1932.22 562.999 1369.23 320.239 242.749 21.3575 4141.11 217.596 155.144 56.176 221.392 1151.63 1064.69
internal_count=36790 12814 3431 9383 2229 1746 145 23976 1738 904 339 1601 7645 7050
cat_boundaries=0 1
cat_threshold=2110898
is_linear=0
shrinkage=0.05


Tree=216
num_leaves=15
num_cat=5
split_feature=0 24 29 29 1 24 11 2 13 28 3 29 29 24
split_gain=7.39952 13.1171 19.6897 16.4903 20.7154 16.4597 14.9954 14.9618 13.3473 11.9746 12.1259 11.1689 11.126 15.5861
threshold=77.925000000000026 0.4024337176337513 0 1 1.502747252747253 0.21587759976765683 5.5685162299930129 25.477658166779907 20.567500000000003 2 0.8542413978802389 3 4 0.42894929032201734
decision_type=8 10 9 9 8 10 2 2 10 9 10 9 9 10
left_child=1 3 7 4 -1 8 11 -3 9 -5 -11 -7 13 -2
right_child=12 2 -4 5 -6 6 -8 -9 -10 10 -12 -13 -14 -15
leaf_value=-0.019832245722485358 -0.008747485349149672 0.0021297017357452806 -0.01155396270846645 0.03234288783133115 0.013923081190443368 0.014868795328895285 0.016153778119731198 0.037527657196367664 0.05746242979599623 -0.0070072033489140791 0.027720723885007782 -0.015089055985717435 0.00082010064000476602 0.002293891121372751
leaf_weight=125.18505280092359 870.94562226906419 325.36045898497105 322.97374040167779 13.123212806880472 70.166553056798875 40.679594850167632 571.77489368617535 31.884919166564941 8.7374781817197782 313.22335757128894 26.339226648211479 69.174528855830431 2764.7907048566267 504.02265363186598
leaf_count=865 4941 2165 2136 81 373 262 3624 160 50 2495 130 438 16199 2834
internal_value=0.00017712 0.00274308 -0.00283253 0.00580541 -0.00732573 0.00826043 0.0129076 0.00523875 -0.000287538 -0.00187666 -0.00411899 -0.00398131 -0.00101248 -0.0046674
internal_weight=6058.38 1918.62 680.219 1238.4 195.352 1043.05 681.629 357.245 361.423 352.686 339.563 109.854 4139.76 1374.97
internal_count=36753 12779 4461 8318 1238 7080 4324 2325 2756 2706 2625 700 23974 7775
cat_boundaries=0 2 4 5 7 9
cat_threshold=1117427208 37 168204 1 2098304 1618223120 36 1611455505 52
is_linear=0
shrinkage=0.05


Tree=217
num_leaves=15
num_cat=3
split_feature=25 25 29 28 25 31 19 1 4 20 26 29 25 25
split_gain=6.89436 37.3712 26.7316 17.6921 15.7543 24.047 13.546 10.8311 10.4342 13.1091 9.43899 9.2557 9.19771 9.64165
threshold=0.30537573353204528 0.31102742382143961 0 1 0.1681618237286866 3.5000000000000004 91.252500000000012 0.53105709876543228 -9.40005057350524 1.5050000000000001 1695.5000000000002 2 -0.20395933823494458 -1.0000000180025095e-35
decision_type=8 8 9 9 10 8 8 10 10 10 2 9 10 10
left_child=2 -2 3 8 7 -6 10 -4 -1 -10 -5 -9 -8 -14
right_child=1 -3 4 6 5 -7 12 11 9 -11 -12 -13 13 -15
leaf_value=0.0017712321395577499 -0.062207779273654853 -0.00045924680220190453 -0.015315656014281261 -0.026336861585925183 0.030452618030710428 -0.015377495446689269 -0.02337658581102673 0.01552277642479296 0.015183858060166934 0.08680692335671876 -0.00036502517632444571 0.00061805632171147546 0.032259366361718715 -0.0017855614557230185
leaf_weight=109.06313844025135 23.626084435731173 4918.2348972335458 55.895848555490375 151.44287057593465 156.5086746904999 34.326331627555192 31.443487329408526 194.67025168798864 26.98854972422123 7.6273901034146538 45.439200218766928 224.72542442474514 26.971200428903103 80.707387957721949
leaf_count=678 149 28843 714 1165 982 300 195 1111 179 71 309 1521 187 558
internal_value=4.33845e-05 -0.00076698 0.0035361 -0.00543112 0.00992457 0.0221718 -0.0116246 0.00517932 0.00884954 0.0329597 -0.0203749 0.00794077 -1.41186e-05 0.00696034
internal_weight=6087.67 4941.86 1145.81 479.683 666.127 190.835 336.004 475.292 143.679 34.6159 196.882 419.396 139.122 107.679
internal_count=36962 28992 7970 3342 4628 1282 2414 3346 928 250 1474 2632 940 745
cat_boundaries=0 2 3 5
cat_threshold=62426884 12 13444 3221315600 33
is_linear=0
shrinkage=0.05


Tree=218
num_leaves=15
num_cat=2
split_feature=29 11 6 13 5 2 17 13 24 26 24 23 29 5
split_gain=7.17051 10.542 11.7835 17.355 14.9702 14.1385 17.0126 13.4229 14.9399 17.5823 23.9705 12.8924 11.8727 12.3971
threshold=0 9.185672505057207 -33.499999999999993 3.4275000000000007 0.53518928571428581 82.724066047682896 2.5000000000000004 9.9550000000000001 0.32807931593169709 223.50000000000003 0.35130244091812407 7.402916666666667 1 0.032685319767441871
decision_type=9 2 10 10 10 2 2 8 10 2 10 10 9 8
left_child=1 2 3 4 5 6 -1 -4 11 10 -10 -9 13 -11
right_child=-2 -3 7 -5 -6 -7 -8 8 9 12 -12 -13 -14 -15
leaf_value=0.017540040586643029 0.0013731985796676706 0.016296532793114837 0.0010182454262784345 -0.020692125529030117 -0.03372854404161469 -0.012544097322619055 -0.017463805934323635 0.00028024240812527483 -0.071409743390980038 0.057389079489343277 -0.019919756966977602 -0.053601985628723627 -0.01680632543361104 -0.00038615520014773671
leaf_weight=294.75610432866961 4272.0765507863835 71.405122354626656 461.93439741805196 63.322429165244102 20.229240845888853 61.174622885882854 38.517024631612003 318.36309741996229 25.684091305360198 9.0562700349837524 159.73307935334742 10.50231599062681 139.04479054640979 120.88074057735503
leaf_count=1682 25644 400 2853 365 104 320 237 2035 164 61 967 145 1020 774
internal_value=0.000259971 -0.00238374 -0.00318064 0.00348755 0.00722075 0.00940082 0.0134544 -0.00574112 -0.00972371 -0.0155883 -0.027397 -0.00159777 -0.00737697 0.00376094
internal_weight=6066.68 1794.6 1723.2 477.999 414.677 394.448 333.273 1245.2 783.264 454.399 185.417 328.865 268.982 129.937
internal_count=36771 11127 10727 2708 2343 2239 1919 8019 5166 2986 1131 2180 1855 835
cat_boundaries=0 2 4
cat_threshold=1210338616 14 1073745152 2
is_linear=0
shrinkage=0.05


Tree=219
num_leaves=15
num_cat=3
split_feature=29 24 25 25 24 24 31 25 29 21 29 7 26 24
split_gain=7.04375 20.3327 10.479 39.2808 21.5108 24.7738 22.2825 34.3409 21.4226 18.7314 18.1761 18.1554 17.9651 15.554
threshold=0 0.74044534412955476 0.30537573353204528 0.35430313156638621 0.34842155390600865 0.24530151053693652 5.5000000000000009 0.12412725641553242 1 0.93066145736437889 2 -2.4999999999999996 2683.0000000000005 0.5026091763732432
decision_type=9 10 8 8 10 10 8 10 9 8 9 2 2 10
left_child=1 -1 4 8 5 9 7 12 -4 -2 -7 -11 13 -6
right_child=2 -3 3 -5 6 10 -8 -9 -10 11 -12 -13 -14 -15
leaf_value=0.0035447045351499895 -0.048110675246366398 -0.06863525281637152 0.021614368084232435 -0.00086746710707814249 -0.014190761652873219 -0.031472783832915602 -0.015288746914720401 0.039690192822680444 -0.032510318859935973 0.04258567427116703 6.3835273131657673e-05 0.0041664863639260443 0.048519241352548204 0.013122936929968894
leaf_weight=1591.5300329187885 13.761392097920178 8.8186727054417116 16.315916985273361 3470.4082461576909 88.17416466679424 91.404395223595202 60.798914144746959 114.15755105391145 130.98685611784458 35.213250443339348 92.341364793479443 205.80455416161567 21.774482510983944 124.46679671481252
leaf_count=9747 271 43 94 20204 659 655 484 682 842 196 567 1456 110 808
internal_value=0.000251083 0.00308508 -0.000770189 -0.0019446 0.00422798 -0.00346447 0.0124566 0.0173259 -0.0271446 0.00662147 -0.0174096 0.00993239 0.00631243 0.00178357
internal_weight=6065.96 1600.35 4465.61 3617.71 847.897 438.525 409.372 348.573 147.303 254.779 183.746 241.018 234.415 212.641
internal_count=36818 9790 27028 21140 5888 3145 2743 2259 936 1923 1222 1652 1577 1467
cat_boundaries=0 2 4 6
cat_threshold=26288205 12 1074003968 34 824320 35
is_linear=0
shrinkage=0.05


Tree=220
num_leaves=15
num_cat=7
split_feature=8 28 22 29 28 29 29 25 29 15 7 29 10 15
split_gain=7.23869 19.7474 20.8519 22.6414 17.0723 21.457 17.0012 16.1477 20.2572 17.1872 15.4699 16.7334 15.2119 15.5437
threshold=10.500000000000002 0 0.92166666666666675 1 2 3 4 3.7064939304093678 5 1.7353827868025837 13.500000000000002 6 25.500000000000004 0.75377036902352967
decision_type=8 9 8 9 9 9 9 8 9 10 2 9 2 10
left_child=1 7 6 -4 5 -2 -3 8 -1 -10 12 -12 13 -5
right_child=4 2 3 10 -6 -7 -8 -9 9 -11 11 -13 -14 -15
leaf_value=-0.0064712451505472201 -0.020653305366896978 -0.019929042745475706 -0.014866395952902312 -0.0023614922625560175 0.00017888750751163043 -0.0018826687833399828 0.029404653881859789 -0.011202693146090851 0.024300987728377764 0.0060760978875544309 -0.021711114311816659 -0.0011005008563027365 -0.022384078990621649 0.01205856794085438
leaf_weight=123.87072203215212 231.09700007736683 16.171720933169127 279.36019001435488 305.04213473945856 2925.3982144966722 433.19149097427726 78.374311823397875 86.709086365997791 287.17768567241728 236.317806083709 118.82089079264551 428.28234409540892 47.55663039162755 480.27710202336311
leaf_count=961 1255 112 2134 1745 15834 2263 506 646 2400 1480 1208 3562 251 2539
internal_value=-4.2716e-05 0.00202953 -0.000871547 -0.00218311 -0.00147913 -0.00864278 0.0218378 0.00884422 0.0116789 0.0157999 0.00049743 -0.00602439 0.00478956 0.00646149
internal_weight=6077.65 2487.96 1753.89 1659.34 3589.69 664.288 94.546 734.075 647.366 523.495 1379.98 547.103 832.876 785.319
internal_count=36896 17544 12057 11439 19352 3518 618 5487 4841 3880 9305 4770 4535 4284
cat_boundaries=0 1 3 4 6 8 10 12
cat_threshold=3412902 3412058 18 2953410 570475545 35 50348040 32 1610905600 5 1082131712 40
is_linear=0
shrinkage=0.05


Tree=221
num_leaves=15
num_cat=2
split_feature=2 29 24 15 5 6 9 13 6 4 7 2 10 29
split_gain=8.53438 13.5345 12.6609 11.7087 18.2535 12.2382 8.01306 14.3577 10.0008 11.0839 7.80878 7.56385 7.40832 25.9485
threshold=70.627383294323053 0 0.20935721017127384 -4.2231728342544299 0.25685416007592538 -42.499999999999993 5.5000000000000009 1.2524999999999979 -26.499999999999996 -0.0039894577212535856 20.500000000000004 241.49560830211297 1.0000000180025095e-35 1
decision_type=2 9 8 8 8 8 2 8 8 8 2 2 2 9
left_child=12 6 -3 5 -5 -4 -2 11 9 -9 -11 -8 13 -1
right_child=1 2 3 4 -6 -7 7 8 -10 10 -12 -13 -14 -15
leaf_value=-0.010306149665926176 -0.0034669690231799674 -0.030907613161202826 -0.01638621267307638 0.053162972348528542 -0.01603011895956032 0.048857029295385074 0.0086893561266439007 -0.02494429735090764 0.067995054373715474 0.046247611935481693 -0.0036106591604666833 -0.047350367750179333 0.0018801365888042765 0.0024352693363099724
leaf_weight=605.39852151274681 176.05088296718895 77.195053435862064 11.542554367333649 9.1584637314081174 161.72053619287908 16.470156367868189 12.321815721690657 11.008644528686998 11.726486980915068 24.126018114387989 11.224444538354872 10.312971256673334 3815.7882057521492 1129.4641154846177
leaf_count=3519 969 416 54 46 786 79 61 53 56 110 55 52 23798 6800
internal_value=6.79542e-05 -0.00597023 -0.0133659 -0.00710565 -0.0120339 0.0223356 0.00242717 0.0154644 0.0284955 0.0172793 0.0307528 -0.0177668 0.000648586 -0.0020597
internal_weight=6083.51 532.858 276.087 198.892 170.879 28.0127 256.771 80.7204 58.0856 46.3591 35.3505 22.6348 5550.65 1734.86
internal_count=36854 2737 1381 965 832 133 1356 387 274 218 165 113 34117 10319
cat_boundaries=0 2 4
cat_threshold=14485790 5 36203277 39
is_linear=0
shrinkage=0.05


Tree=222
num_leaves=15
num_cat=2
split_feature=11 16 11 11 2 24 29 10 29 1 13 24 8 3
split_gain=9.1143 5.94826 5.86636 17.7003 12.9618 14.7506 15.7335 14.3813 13.5419 12.3064 11.6687 11.0432 9.88463 13.2061
threshold=10.196419331800621 -46.254999999999988 7.8117707955069458 7.7453577188434553 0.76049585564788036 0.20935721017127384 0 13.500000000000002 1 0.38910093299406284 6.0024999999999986 0.15588127050873948 1.0000000180025095e-35 0.16554536582261709
decision_type=2 8 2 2 2 10 9 2 9 8 8 10 10 10
left_child=1 -1 3 -3 5 7 9 -4 11 -7 -9 -6 -10 -14
right_child=-2 2 4 -5 8 6 -8 10 12 -11 -12 -13 13 -15
leaf_value=-0.025166044314511932 -0.024521852248007264 -0.00036497572842533065 -0.026796609653192496 -0.025422478061759887 -0.035760346106877831 -0.045351543105905834 0.021885866955482156 -0.020076080177842567 0.013753331330715863 0.0049198153416577326 0.035956612255497435 0.013526391630649122 -0.04937839271519795 -0.0097254810831664384
leaf_weight=22.720784906297922 37.694803416728973 5072.9063694514334 48.21395222377032 70.470316665247083 11.435195986181496 12.416614614427088 219.82103545963764 14.472587397322057 36.402796190232038 130.43574896082282 22.651377769187093 136.22456792742014 22.738161254674196 190.84205139428377
leaf_count=123 226 31204 351 422 55 156 1286 107 207 709 146 637 136 938
internal_value=-0.000333156 -0.000177435 -7.84492e-05 -0.000713168 0.00377828 0.00960092 0.0139958 -0.00902237 -0.00278954 0.00024813 0.0141589 0.00889618 -0.00966919 -0.0141574
internal_weight=6049.45 6011.75 5989.03 5143.38 845.654 448.011 362.673 85.3379 397.643 142.852 37.124 147.66 249.983 213.58
internal_count=36703 36477 36354 31626 4728 2755 2151 604 1973 865 253 692 1281 1074
cat_boundaries=0 2 4
cat_threshold=3263463426 8 1079024972 25
is_linear=0
shrinkage=0.05


Tree=223
num_leaves=15
num_cat=1
split_feature=6 7 11 7 1 24 7 19 6 23 24 6 28 5
split_gain=5.86277 13.6344 10.7353 9.33728 13.623 13.7271 12.2527 7.6928 12.0652 11.5654 7.334 6.09347 6.09095 12.0028
threshold=92.500000000000014 77.500000000000014 6.5796259635116305 69.500000000000014 0.38043935253310918 0.23969412774373317 55.500000000000007 6.6500000000000012 53.500000000000007 -1.0535416666666662 0.4131043422801064 14.500000000000002 0 0.77609432571849679
decision_type=10 2 2 2 10 10 2 8 10 8 8 10 9 8
left_child=1 3 -2 6 5 -5 7 9 12 -1 -8 -11 -9 -14
right_child=2 -3 -4 4 -6 -7 10 8 -10 11 -12 -13 13 -15
leaf_value=0.054081456522280746 0.099063885230973495 -0.042206159538741655 -0.0068637807022270464 -0.0011315735698519381 -0.024103842559237258 0.09739319179216549 -0.02981705710230044 0.0013518981400508915 0.046624753317482025 0.0027246786435112585 0.019743931829227741 -0.024709769749808607 0.0031588107028793452 -0.0055411757426391227
leaf_weight=5.0859644822776318 3.1971377935260517 18.114226209931076 5.2839606124907732 5.7001149188727167 6.5289046000689259 8.2119395267218334 49.862602906301618 4156.4387183776125 13.105776160955427 27.772755449637771 8.0336428079754096 71.837175926193595 640.38260671310127 1037.5737229883671
leaf_count=45 34 286 104 128 76 70 647 24832 70 236 79 987 3416 5833
internal_value=1.75445e-05 -4.40301e-05 0.0393048 8.95911e-05 0.0330266 0.0596563 -2.7907e-05 0.000196611 0.000438184 -0.0131723 -0.0227215 -0.0171096 0.000326463 -0.00220782
internal_weight=6057.13 6048.65 8.4811 6030.53 20.441 13.9121 6010.09 5952.2 5847.5 104.696 57.8962 99.6099 5834.4 1677.96
internal_count=36843 36705 138 36419 274 198 36145 35419 34151 1268 726 1223 34081 9249
cat_boundaries=0 1
cat_threshold=2408855
is_linear=0
shrinkage=0.05


Tree=224
num_leaves=15
num_cat=4
split_feature=29 14 14 28 3 26 26 29 25 25 26 26 29 7
split_gain=6.82559 12.1688 10.7064 11.7647 16.6465 15.434 11.72 11.1998 10.4452 22.4149 28.1684 42.7119 24.3484 22.4446
threshold=0 9.3858333333333341 4.2525000000000004 1 1.0278880592198154 34.500000000000007 57.500000000000007 2 0.083197380520551104 0.51083459282234778 1812.0000000000002 429.00000000000006 3 10.500000000000002
decision_type=9 10 10 9 8 2 2 9 10 10 2 2 9 2
left_child=2 -2 3 4 5 -1 -5 -4 -8 10 11 -10 13 -11
right_child=1 -3 7 6 -6 -7 8 -9 9 12 -12 -13 -14 -15
leaf_value=0.024698692474088277 0.0017238359488068091 -0.01186133630329695 -0.0064100542651350945 -0.013009405189703697 -0.040839087610085471 0.00030528036115072863 0.010404971830903097 0.013257691845669523 0.0064993076300317023 0.021334593993001465 0.003732321819671436 -0.045669753694300971 -0.01007652895839424 -0.0048725039244356437
leaf_weight=90.474384292960167 3827.5525695998222 171.26274303998798 107.49814544990659 409.30748477671295 17.968799114227295 222.83138311188668 126.31629776023328 189.19518884457648 57.913913536816835 185.20028609037399 107.2701725596562 119.18438374623656 282.9847840256989 145.01655734702945
leaf_count=563 23779 944 543 2256 119 1368 899 1016 311 932 591 848 1686 904
internal_value=-6.80078e-05 0.00113634 -0.00239785 -0.00388751 0.00453718 0.00740562 -0.00582763 0.00636409 -0.00300363 -0.00490012 -0.0164762 -0.028669 0.000486314 0.00955709
internal_weight=6059.98 3998.82 2061.16 1764.47 331.275 313.306 1433.19 296.693 1023.89 897.57 284.368 177.098 613.202 330.217
internal_count=36759 24723 12036 10477 2050 1931 8427 1559 6171 5272 1750 1159 3522 1836
cat_boundaries=0 2 3 5 7
cat_threshold=1567133987 51 74557 16814082 2 557056 17
is_linear=0
shrinkage=0.05


Tree=225
num_leaves=15
num_cat=4
split_feature=3 7 29 15 18 10 5 29 26 28 6 30 29 25
split_gain=7.86886 14.1104 17.2231 15.3743 14.2493 12.8481 16.815 12.3216 12.3758 12.317 22.1602 10.8581 10.7171 15.7052
threshold=0.56043612367082896 14.500000000000002 0 4.1249837148420179 1.5750000000000026 4.5000000000000009 0.16219877450980394 1 4487.5000000000009 2 -11.499999999999998 1.5000000000000002 3 0.083197380520551104
decision_type=8 2 9 10 10 2 8 9 2 9 10 2 9 10
left_child=1 7 4 -4 5 -3 -7 8 9 -1 -11 -5 -2 -14
right_child=12 2 3 11 -6 6 -8 -9 -10 10 -12 -13 13 -15
leaf_value=0.0039950123696830507 0.0011845974099789671 0.0027132216646741369 -0.0018655459234935225 -0.031318567146769026 -0.020000681794366221 0.055433731951634452 0.013415235873053283 0.007879071063145178 -0.039050072069006486 -0.033830182334130952 0.0090117900855494742 -0.0079215805608061976 0.010533912818724072 -0.0068992759961757138
leaf_weight=496.23596998676658 1535.5349121829495 143.05721861030906 885.23891751095653 79.638508884236217 36.609883804805577 31.898584710434079 89.883024803362787 1168.8904276397079 19.455694917589426 65.040418706834316 54.968201771378517 131.32471916824579 144.27066299133003 1172.7854020446539
leaf_count=2738 8239 1167 7631 607 331 261 742 6175 106 314 261 855 879 6482
internal_value=0.000249811 0.00195077 -0.00181995 -0.00472093 0.00858235 0.0129167 0.0247831 0.00487058 -0.000776508 0.000480568 -0.0132036 -0.01686 -0.00165966 -0.00494558
internal_weight=6054.83 3202.24 1397.65 1096.2 301.449 264.839 121.782 1804.59 635.7 616.245 120.009 210.963 2852.59 1317.06
internal_count=36788 21188 11594 9093 2501 2170 1003 9594 3419 3313 575 1462 15600 7361
cat_boundaries=0 2 4 5 7
cat_threshold=2688000156 22 1749397772 47 45366 552163148 41
is_linear=0
shrinkage=0.05


Tree=226
num_leaves=15
num_cat=5
split_feature=32 29 30 27 3 24 6 29 25 28 24 29 23 3
split_gain=6.20901 19.5656 15.0794 9.15318 8.2492 8.37726 7.72058 10.2321 8.3587 7.4251 21.0107 16.6078 13.8145 13.5825
threshold=0.90000000000000013 0 2.5000000000000004 1 1.0000000180025095e-35 0.22372339678944117 -32.499999999999993 2 5.305395293971702 3 0.51209211938545829 4 4.2100000000000009 0.0092198056789750925
decision_type=2 9 2 9 10 10 10 9 10 9 8 9 8 10
left_child=1 6 4 -2 5 -3 7 -1 -8 10 11 12 -5 -14
right_child=3 2 -4 9 -6 -7 8 -9 -10 -11 -12 -13 13 -15
leaf_value=-0.00028961173708030489 -0.026917543051372447 0.01134410894895223 -0.00012950774501464072 -0.017821522646395613 -0.012876011702423968 -0.042858925386184063 0.0019636420034118605 0.024724773650866685 -0.0270110229666677 0.00020805626855939822 -0.015205750631194479 0.002929872444448374 0.069027944752476825 0.022261462467186573
leaf_weight=86.747473523020744 18.670339945703745 8.0397867206484062 252.11315334402025 18.148503731936216 301.86622206494212 43.869229963049293 322.96281282696873 75.322861624881625 25.962697045877576 4311.9611151413992 96.0013184286654 329.10778977535665 16.730918047949672 149.79971757531166
leaf_count=480 95 96 1447 162 1849 339 1995 455 153 25500 529 2503 179 1017
internal_value=2.02747e-05 -0.00334482 -0.00932582 0.000781548 -0.0161235 -0.0344081 0.003858 0.0129147 -0.000263322 0.00094483 0.00605873 0.0101715 0.0216666 0.027344
internal_weight=6057.3 1116.88 605.888 4940.42 353.775 51.909 510.996 162.07 348.926 4921.75 609.788 513.787 184.679 166.531
internal_count=36799 6814 3731 29985 2284 435 3083 935 2148 29890 4390 3861 1358 1196
cat_boundaries=0 1 2 3 4 6
cat_threshold=653942348 368 8919104 2360087 3791655506 9
is_linear=0
shrinkage=0.05


Tree=227
num_leaves=15
num_cat=2
split_feature=2 26 31 29 29 25 25 25 25 25 10 25 6 26
split_gain=7.50512 6.93635 18.4449 16.7284 16.4187 18.1229 47.2117 25.0947 21.362 17.2496 15.4858 12.5531 13.3878 10.9879
threshold=500.16142748453336 64.500000000000014 2.5000000000000004 0 1 0.30537573353204528 0.35430313156638621 0.59473070805053985 0.11338797321401803 0.71825206602920211 7.5000000000000009 0.73621819763123797 5.5000000000000009 85.500000000000014
decision_type=2 2 10 9 9 8 8 8 10 10 2 10 8 2
left_child=1 2 3 -1 -4 8 -7 10 -6 -9 -8 12 -11 -3
right_child=-2 13 4 -5 5 6 7 9 -10 11 -12 -13 -14 -15
leaf_value=-0.015706347914012594 -0.025147644005905856 0.012335153881515371 -0.0090861660770390294 0.013291890367893553 -0.0036871281733275997 -0.040374073051030065 0.0014329795295780594 -0.019503715252310524 0.026453218065560946 0.039803018255796699 0.030311557144657521 -0.0025597272481441423 -0.0023170448412825504 0.00089968168425505501
leaf_weight=51.025923781096935 28.406147044152021 223.79230601340532 806.54997752700001 296.4170935600996 109.33832787442952 76.723548285663128 88.089942744001746 140.2981579657644 125.610915010795 36.934909090399742 97.384818371385336 732.21337618492544 37.323226243257523 3209.2904504304752
leaf_count=406 150 1348 4649 2039 710 508 510 865 783 195 576 3990 237 19901
internal_value=5.08039e-05 0.000173639 -0.00177524 0.00893103 -0.00343139 -0.000204313 -0.0026775 -8.9722e-05 0.0124706 -0.00338852 0.0166771 -0.000564353 0.0188834 0.0016485
internal_weight=6059.4 6030.99 2597.91 347.443 2250.47 1443.92 1208.97 1132.24 234.949 946.77 185.475 806.472 74.2581 3433.08
internal_count=36867 36717 15468 2445 13023 8374 6881 6373 1493 5287 1086 4422 432 21249
cat_boundaries=0 2 4
cat_threshold=2165908758 7 1657651464 29
is_linear=0
shrinkage=0.05


Tree=228
num_leaves=15
num_cat=2
split_feature=23 7 23 29 5 20 8 24 29 4 15 20 19 24
split_gain=5.30682 6.14074 5.98158 15.9479 9.46436 7.9186 8.79634 12.4365 6.72936 14.0008 9.03011 6.91991 8.69716 6.11637
threshold=65.545625000000015 12.500000000000002 19.280208333333334 0 0.60803846153846175 13.920000000000003 20.500000000000004 0.23214632966011889 1 13.091894268553277 7.6515230275161787 21.90750000000001 64.065000000000012 0.48320358394059543
decision_type=10 2 10 9 10 10 8 10 9 10 8 10 10 10
left_child=2 -2 8 4 13 6 7 -5 9 11 -11 -1 -13 -4
right_child=1 -3 3 5 -6 -7 -8 -9 -10 10 -12 12 -14 -15
leaf_value=0.005281882540482034 0.027942364542123593 -0.016452696568506217 -0.054186546780925063 -0.037538308487476052 0.02158238819824547 -0.032916113771016116 -0.0040290787825299377 0.039690062899861003 -0.00031841588596507323 0.0052400656279942229 0.060412645356692773 -0.0026374333891109672 -0.062223859967534462 -0.016599230547705176
leaf_weight=427.68536725826561 32.027415245771408 9.4598194658756238 30.792193810455501 5.4205624405294648 6.2841634554788461 12.236399183049796 55.809528596699238 30.558446889743209 5353.573089864105 12.668740004301069 17.616539269685749 22.045951302163306 7.5304318293929091 18.22293855715543
leaf_count=2569 189 127 347 149 38 70 440 310 31996 71 96 174 39 138
internal_value=6.18849e-05 0.0176705 -6.27858e-05 -0.00959073 -0.0284254 0.00301638 0.00843477 0.0273544 0.000198699 0.0057547 0.0382384 0.00365007 -0.0193476 -0.0408235
internal_weight=6041.93 41.4872 6000.44 159.324 55.2993 104.025 91.7885 35.979 5841.12 487.547 30.2853 457.262 29.5764 49.0151
internal_count=36753 316 36437 1492 523 969 899 459 34945 2949 167 2782 213 485
cat_boundaries=0 2 4
cat_threshold=2190827590 32 2152989188 4
is_linear=0
shrinkage=0.05


Tree=229
num_leaves=15
num_cat=2
split_feature=11 15 11 29 19 5 7 15 15 26 24 28 8 15
split_gain=6.41138 6.59915 6.33933 18.9447 8.49637 8.23723 6.43439 6.10147 6.04941 5.80966 23.0173 27.2143 16.7622 23.8028
threshold=10.513609409271316 3.086783502518792 9.3847616551077682 0 98.250000000000014 0.3128161202185793 14.500000000000002 4.1249837148420179 2.8854309589507863 64.500000000000014 0.35379574123812324 1 18.500000000000004 5.5714981879533685
decision_type=2 8 2 9 10 10 2 10 8 2 10 9 8 10
left_child=2 -2 9 5 6 -4 -5 8 -8 10 11 -1 13 -13
right_child=1 -3 3 4 -6 -7 7 -9 -10 -11 -12 12 -14 -15
leaf_value=-0.0022412155357135581 0.0026696952544317705 -0.055746654546935587 0.00045280199836045064 0.041370790630390404 -0.020037543485271078 -0.042853431445849847 0.0076921573409304738 -0.015087479093200629 0.049879982320253778 0.00086172223309075784 -0.0080206192192755262 0.029388161440838778 -0.0034617886391517848 -0.0046107674861758496
leaf_weight=1100.7412040671334 8.7664977833628637 9.5447357930243033 23.771201111376286 43.504400879144669 9.6908525824546796 19.37391971051693 21.615223929286007 12.252508416771887 13.498494317755098 3386.4737464729697 1034.8240207731724 192.67188229504973 102.18036291562021 69.782853830605745
leaf_count=6510 57 53 127 201 45 102 132 60 92 20992 6234 1199 581 424
internal_value=-0.000325952 -0.0290898 -0.000233802 0.0101052 0.020833 -0.0159179 0.0276299 0.014415 0.0248422 -0.000487872 -0.00231549 0.00171611 0.0133324 0.0203652
internal_weight=6048.69 18.3112 6030.38 143.707 100.561 43.1451 90.8706 47.3662 35.1137 5886.67 2500.2 1465.38 364.635 262.455
internal_count=36809 110 36699 759 530 229 485 284 224 35940 14948 8714 2204 1623
cat_boundaries=0 2 3
cat_threshold=8421396 16 1209925
is_linear=0
shrinkage=0.05


Tree=230
num_leaves=15
num_cat=3
split_feature=7 31 27 32 0 29 10 14 19 8 25 1 29 3
split_gain=6.69597 13.2339 10.211 10.1418 9.16754 21.1203 15.9001 14.0365 13.7558 10.9754 10.1714 9.95556 10.6742 12.6791
threshold=5.5000000000000009 2.5000000000000004 0 0.70000000000000007 89.905000000000015 1 7.5000000000000009 1.4875000000000005 90.287500000000009 58.500000000000007 9.2397975610664016 0.78614982578397219 2 1.128288442918157
decision_type=2 10 9 2 8 9 2 8 8 10 10 8 9 8
left_child=1 -1 -2 -3 5 -5 7 8 -7 -9 11 -6 -13 -14
right_child=2 3 -4 4 10 6 -8 9 -10 -11 -12 12 13 -15
leaf_value=0.019128698433790482 -0.021411765296135088 0.033500927749161594 -0.0007855708964578257 -0.011647058747429349 -0.048355139629596353 -0.030426967800379519 0.00094861607138018431 0.030548525751712255 0.020935168214417935 -0.0081534105242775934 -0.039804465047159621 -0.0053749754372473604 0.0006801830308866486 0.018181340466530801
leaf_weight=111.07344575226307 49.965392176061869 23.351097285747528 4040.1893445439637 119.32889946363866 9.8920335546135885 23.528443936258554 191.94203999824822 169.83480179868639 26.839527904987335 20.102798894047737 15.894474782049654 572.03761892300099 585.25931341759861 124.74260163493454
leaf_count=714 301 155 25286 641 57 119 1121 1032 150 122 81 3127 3365 740
internal_value=6.11274e-05 0.00243622 -0.00109697 0.00144181 0.00102141 0.00642132 0.0114298 0.0202365 -0.00318294 0.0264311 -0.00125918 -0.000754538 -0.000349857 0.00372389
internal_weight=6083.98 1993.83 4090.15 1882.75 1859.4 551.577 432.248 240.306 50.368 189.938 1307.83 1291.93 1282.04 710.002
internal_count=37011 11424 25587 10710 10555 3185 2544 1423 269 1154 7370 7289 7232 4105
cat_boundaries=0 1 3 5
cat_threshold=2418 541194496 2 2209900545 53
is_linear=0
shrinkage=0.05


Tree=231
num_leaves=15
num_cat=3
split_feature=28 26 19 24 2 29 26 0 26 6 26 18 4 29
split_gain=5.40127 9.81267 6.80165 7.76461 5.84455 5.11526 18.7906 15.5267 13.9322 12.0662 12.603 11.6437 8.88241 8.35995
threshold=0 53.500000000000007 94.75500000000001 0.27274392274392278 18.386641940788 1 4487.5000000000009 45.765000000000008 1452.0000000000002 -52.499999999999993 59.500000000000007 6.8000000000000034 3.0700734943048569 2
decision_type=9 2 8 8 2 9 2 10 2 8 2 8 10 9
left_child=1 2 -1 -4 -3 6 7 9 13 -2 -11 -12 -13 -9
right_child=5 4 3 -5 -6 -7 -8 8 -10 10 11 12 -14 -15
leaf_value=-0.036674379749814343 0.033093114424725081 -0.060828256029722687 0.02609365592960023 -0.019898128203113159 -0.0091999496900216065 0.0011787077512294304 -0.056748515833412463 -0.0022955647605632261 0.0068876171984988592 -0.013901729537956764 -0.0087933222028237796 0.011817936214469832 0.051455636226964779 -0.026263900339900184
leaf_weight=9.3701898287981731 32.955708555877209 13.12134435772896 23.439267724752426 13.790458813309668 9.633231505751608 5367.8541616108268 15.245243975892661 67.570191621780396 72.630156379193068 90.242883449420333 67.189835499972105 129.39227678626776 15.062835032120345 113.27759544551373
leaf_count=66 167 75 143 91 51 32880 86 360 386 548 415 815 79 624
internal_value=0.000514814 -0.0123666 -0.000775482 0.00898273 -0.0402786 0.000686027 -0.00363832 -0.00222985 -0.0115422 0.00483303 0.00164893 0.00831374 0.0162764 -0.018941
internal_weight=6040.78 69.3545 46.5999 37.2297 22.7546 5971.42 603.567 588.321 253.478 334.844 301.888 211.645 144.455 180.848
internal_count=36786 426 300 234 126 36360 3480 3394 1370 2024 1857 1309 894 984
cat_boundaries=0 1 3 4
cat_threshold=65600 1224900640 6 1224736768
is_linear=0
shrinkage=0.05


Tree=232
num_leaves=15
num_cat=5
split_feature=28 24 19 29 7 11 24 29 15 29 7 21 29 11
split_gain=7.09836 13.222 13.0709 14.2752 13.9187 13.0238 12.6504 14.8779 11.2712 18.3837 15.0447 14.8759 11.8184 10.4842
threshold=0 0.39113691796881156 99.565000000000012 1 10.500000000000002 7.7453577188434553 0.19214399017451469 2 -2.4981313243514411 3 32.500000000000007 0.98555787395039829 4 10.196419331800621
decision_type=9 8 10 9 2 2 8 9 10 9 2 10 9 2
left_child=1 8 3 4 -3 -5 7 -2 10 11 12 -10 -1 -8
right_child=6 2 -4 5 -6 -7 13 -9 9 -11 -12 -13 -14 -15
leaf_value=-0.0078888732349617959 0.0034934168945017201 0.015695578491063632 -0.043263320897437188 -0.018508015346663527 -0.0081838542975024159 0.010779096086553853 -0.0004804557692146487 -0.02715080790602575 -0.015209663781604432 0.0041966370546227122 -0.0082091303727011167 0.029254880979156253 0.017412723709264812 -0.04175411464301737
leaf_weight=50.478470306843519 69.165053530596197 137.59583484381437 20.491232223808765 183.60824850946665 108.17563889548182 47.074051566421986 3378.4979103850201 87.259627383202314 211.46449691709131 1264.8145042359829 87.798799431882799 19.714899742975831 359.65514707192779 14.456692203879355
leaf_count=273 481 684 102 1044 636 241 20506 770 1307 7495 1059 135 1987 92
internal_value=0.000126708 0.00216731 -0.00511393 -0.00338603 0.00499224 -0.0119932 -0.00130797 -0.0151678 0.00399453 0.00182274 0.0105027 -0.0108411 0.0145187 -0.000668565
internal_weight=6040.25 2490.87 496.945 476.454 245.771 230.682 3549.38 156.425 1993.93 1495.99 497.932 231.179 410.134 3392.95
internal_count=36812 14963 2707 2605 1320 1285 21849 1251 12256 8937 3319 1442 2260 20598
cat_boundaries=0 1 3 5 7 9
cat_threshold=2380182 2726998814 4 2198896901 21 1610878992 48 1073742088 3
is_linear=0
shrinkage=0.05


Tree=233
num_leaves=15
num_cat=4
split_feature=27 7 15 24 14 11 19 7 8 29 29 24 29 4
split_gain=7.68131 9.40741 8.10943 8.05957 8.97026 6.55811 9.64126 20.1542 18.7155 18.6032 13.3206 13.0634 27.6332 28.9924
threshold=0 4.5000000000000009 -1.0000000180025095e-35 0.29848702037456004 -1.3224999999999989 6.5350743409074665 84.725000000000009 11.500000000000002 31.500000000000004 1 2 0.47683355925546822 3 -10.784157464613161
decision_type=9 2 10 10 10 2 10 2 10 9 9 8 9 10
left_child=1 2 -1 4 -3 -2 11 10 -9 -10 -8 -7 -13 -14
right_child=5 3 -4 -5 -6 6 7 8 9 -11 -12 12 13 -15
leaf_value=0.034644504341596848 -0.0011471257476874698 0.039250510612582654 -0.010697708715309825 -0.034025335455939172 -0.016938827496629075 0.0058750063831272403 0.014604383337920588 -0.047349987430867498 0.0087114451064632253 -0.020053976259519726 -0.0026634405618893679 0.012345874575099329 -0.0033142183998463182 -0.045268329929491889
leaf_weight=15.579602867364882 3310.5897293388844 8.3882097266614419 23.51066780090332 51.538839504122734 28.238880705088377 1597.2699861517176 158.78385650552809 35.393055811524391 90.164117638021708 124.26453616097569 321.75964994728565 122.75738673657179 114.38153543137014 63.498071994632483
leaf_count=66 20640 44 103 296 191 9956 770 174 445 675 1637 723 704 460
internal_value=6.21064e-05 -0.011589 0.00778703 -0.0214704 -0.00336939 0.000332622 0.00219751 -0.00268158 -0.0141715 -0.00850075 0.00330874 0.00407554 -0.0054727 -0.0174827
internal_weight=6066.12 127.256 39.0903 88.1659 36.6271 5938.86 2628.27 730.365 249.822 214.429 480.544 1897.91 300.637 177.88
internal_count=36884 700 169 531 235 36184 15544 3701 1294 1120 2407 11843 1887 1164
cat_boundaries=0 1 3 5 7
cat_threshold=17778 1095811092 50 612374 10 1107932164 48
is_linear=0
shrinkage=0.05


Tree=234
num_leaves=15
num_cat=2
split_feature=24 25 15 7 3 28 3 28 2 20 6 3 3 15
split_gain=7.97145 11.5835 9.04358 7.38823 17.8131 18.6512 16.1426 15.6075 17.0072 15.5818 14.2683 13.844 15.5349 13.7103
threshold=0.84967052394728393 -0.78913182033950424 10.260518286343627 8.5000000000000018 0.12003481119857259 0 0.9306632140740726 1 61.105444456100976 18.315000000000001 77.500000000000014 0.21941250760699368 0.56043612367082896 2.6249808998616295
decision_type=10 10 8 2 10 9 10 9 2 8 8 8 8 8
left_child=3 -2 -3 11 7 6 -6 -5 9 -9 13 -1 -13 -11
right_child=1 2 -4 4 5 -7 -8 8 -10 10 -12 12 -14 -15
leaf_value=-0.0078815538289985949 0.011170972462272674 -0.075917430599196867 -0.011032547353879627 -0.00043084596203496684 -0.00029634182147826273 -0.007824133539591091 0.025408627976340949 -0.00023663499853747596 -0.046293526973423538 0.040924767480878643 -0.044997639008465234 0.0097662784189943772 0.0010451717227482795 0.014586493960939268
leaf_weight=302.71044181566685 14.51952204108238 10.726558681577446 10.641030758619307 564.21607814729214 955.00908069126308 1212.3498358447105 64.248866125941277 102.19992971234024 10.484006024897097 86.669677704572678 6.464957855641841 698.90675891935825 1889.2829663567245 117.40755406860262
leaf_count=1634 116 64 53 5089 4735 8159 288 955 64 686 103 3780 10100 990
internal_value=0.000256379 -0.0229162 -0.0455427 0.000398538 -0.00128903 -0.00367152 0.00133421 0.00469949 0.0132337 0.0157922 0.0235372 0.00221911 0.00340305 0.0259171
internal_weight=6045.84 35.8871 21.3676 6009.95 3119.05 2231.61 1019.26 887.442 323.226 312.742 210.542 2890.9 2588.19 204.077
internal_count=36816 233 117 36583 21069 13182 5023 7887 2798 2734 1779 15514 13880 1676
cat_boundaries=0 1 2
cat_threshold=288002 2745473
is_linear=0
shrinkage=0.05


Tree=235
num_leaves=15
num_cat=2
split_feature=2 29 11 24 6 3 7 3 9 33 8 6 24 10
split_gain=5.4942 16.6154 16.3485 17.2981 12.1746 10.2678 9.19003 11.2923 9.9997 11.3523 8.95154 8.17306 12.8717 7.43358
threshold=60.185988705806501 0 5.7739767302848337 0.34842155390600865 -17.499999999999996 0.23259810765572 30.500000000000004 0.4633026503568517 3.5000000000000004 1 65.500000000000014 -66.499999999999986 0.26823949813737852 13.500000000000002
decision_type=2 9 2 8 8 8 2 8 2 1 10 8 10 2
left_child=-1 5 10 6 -5 -2 7 11 -9 -10 -3 -4 -13 -8
right_child=1 2 3 4 -6 -7 13 8 9 -11 -12 12 -14 -15
leaf_value=0.0004446473583879904 -0.043773690322664649 -0.03444197395069494 -0.0071145331679760924 -8.9040285627823098e-05 -0.034316331861446593 -0.012274165694611268 -0.011161987613809654 -0.0023518876598738899 0.0087996372939792619 0.05777948965658794 0.0075796107334850683 0.056970038484732012 0.0075516339977121406 0.033565786391757869
leaf_weight=5389.1415093876421 31.246067341417074 45.040261266753078 10.552485540509222 75.219439759850502 38.693546313792467 138.89872082322836 60.478150807321072 87.177901472896338 36.763599172234535 16.771182850003242 17.051726177334785 37.812705516815186 20.466353558003902 9.956351559609173
leaf_count=33423 201 221 52 367 214 713 368 411 165 78 78 189 96 64
internal_value=-7.07124e-05 -0.00450009 0.000656409 0.00444533 -0.0119127 -0.0172717 0.0111195 0.0163519 0.00812723 0.024922 -0.0229648 0.0328086 0.0400355 -0.00445807
internal_weight=6015.27 626.128 455.984 393.892 113.913 170.145 279.979 209.544 140.713 53.5348 62.092 68.8315 58.2791 70.4345
internal_count=36640 3217 2303 2004 581 914 1423 991 654 243 299 337 285 432
cat_boundaries=0 2 3
cat_threshold=1610650713 34 4
is_linear=0
shrinkage=0.05


Tree=236
num_leaves=15
num_cat=2
split_feature=25 0 29 21 11 7 24 15 29 4 31 22 32 3
split_gain=6.49289 5.33368 13.9341 11.8725 8.38399 7.72825 11.1552 11.1114 25.8589 11.9986 11.0559 9.89965 9.35269 9.26671
threshold=-2.2606314832280376 98.00500000000001 0 1.0476582378078312 7.5711414551441951 5.5000000000000009 0.74044534412955476 10.260518286343627 1 -10.983732520680347 2.5000000000000004 3.9300000000000002 0.70000000000000007 0.52880329981193908
decision_type=8 10 9 8 2 2 10 10 9 8 10 8 2 10
left_child=-1 5 -3 -4 -5 10 7 -7 13 -10 -2 -11 -12 -9
right_child=1 2 3 4 -6 6 -8 8 9 11 12 -13 -14 -15
leaf_value=0.023498506735103428 0.019649531326506733 -0.018953734344154215 0.032296695111536919 0.0022424976266394066 -0.030298935669318901 0.00040758385353015973 -0.036033262914862259 -0.0046962830207395515 -0.048399838913894003 0.023030199343094179 0.033496663633711107 -0.016184587922998341 0.0019821659549199315 0.033539683565792323
leaf_weight=29.306401781737804 98.255720190703869 114.174122704193 27.848470583558083 131.07660864666104 22.29155021905899 3665.6811316460371 21.046575956046581 24.844193934462965 26.398876267485321 16.582162096165121 22.903547070920467 206.08689786121249 1585.4044029898942 41.700817232020199
leaf_count=166 654 696 155 743 107 23277 119 150 162 98 154 1154 8945 219
internal_value=0.00041352 0.00029695 -0.00624289 0.00271664 -0.00265293 0.000636369 -0.00056501 -0.00036851 -0.00935526 -0.0164295 0.0034526 -0.0131744 0.00245149 0.0169037
internal_weight=6033.6 6004.3 295.391 181.217 153.368 5708.9 4002.34 3981.29 315.613 249.068 1706.56 222.669 1608.31 66.545
internal_count=36799 36633 1701 1005 850 34932 25179 25060 1783 1414 9753 1252 9099 369
cat_boundaries=0 2 4
cat_threshold=51479822 52 2161115148 34
is_linear=0
shrinkage=0.05


Tree=237
num_leaves=15
num_cat=1
split_feature=23 11 6 25 11 21 16 18 29 1 25 18 25 0
split_gain=5.85557 6.71242 6.60661 5.98291 5.21024 4.79514 4.71401 5.39821 18.1343 8.98603 9.70122 8.89157 15.9046 13.4473
threshold=65.545625000000015 6.9722359819819788 -14.499999999999998 -2.2606314832280376 10.513609409271316 0.87575768324208292 -49.989999999999995 -2.4112500000000012 0 0.87570224719101131 4.6107592113742699 -1.9000000000000037 0.14975406314197795 68.010000000000005
decision_type=10 2 8 8 2 10 8 8 9 8 10 8 10 10
left_child=3 2 -2 -1 6 -4 -5 8 -8 -10 -11 12 -9 -14
right_child=1 -3 5 4 -6 -7 7 11 9 10 -12 -13 13 -15
leaf_value=0.02142579937902063 0.025193236338005964 0.047220343658423834 0.0070956240720747056 -0.032205078804957071 -0.026279504368345454 -0.050775357486407081 -0.016901179280447189 -0.056101955918441859 0.037042716877553269 0.012375062325530026 -0.027315617782254609 -0.00071459820695686646 -0.030054006873036405 0.003907716991982611
leaf_weight=29.266713097691536 15.735761627554892 12.389150619506834 6.9090745057910699 10.906722091138361 19.093561470508575 5.9806896336376667 58.082668077200651 17.760714078322053 32.47669287212193 166.76171714439988 16.009768821299076 5515.4292040411383 41.625022241845727 91.585704687982798
leaf_count=169 102 72 100 64 116 44 340 162 249 894 78 33632 258 480
internal_value=-0.000618664 0.0179828 0.00416198 -0.000748816 -0.000861098 -0.0214782 -0.000775137 -0.000712013 0.00613828 0.0126034 0.00876866 -0.00104348 -0.0129746 -0.00684933
internal_weight=6040.01 41.0147 28.6255 5999 5969.73 12.8898 5950.64 5939.73 273.331 215.248 182.771 5666.4 150.971 133.211
internal_count=36760 318 246 36442 36273 144 36157 36093 1561 1221 972 34532 900 738
cat_boundaries=0 2
cat_threshold=1081131008 50
is_linear=0
shrinkage=0.05


Tree=238
num_leaves=15
num_cat=3
split_feature=26 29 21 24 25 4 25 26 29 26 29 3 26 21
split_gain=6.83755 18.1703 17.6341 16.2078 21.0097 26.7014 17.4931 17.086 17.534 16.1223 18.0214 28.1667 17.835 16.0772
threshold=359.00000000000006 0 0.96900087096965193 0.66170451747502412 0.54065493486491478 -0.0039894577212535856 0.54094956411458528 1796.0000000000002 1 312.50000000000006 2 0.54718942220693523 294.50000000000006 0.97790083642899184
decision_type=2 9 8 10 10 8 10 2 9 2 9 10 2 8
left_child=9 2 -2 4 5 7 -6 8 -3 10 11 -1 13 -12
right_child=1 3 -4 -5 6 -7 -8 -9 -10 -11 12 -13 -14 -15
leaf_value=0.025791237942258374 0.020772729716644123 -0.043727627064289475 -0.013121107948530246 0.034931299800791148 0.04062604290834558 0.0020284984234120325 0.0035023879958780767 -0.0038713005971407256 -0.0047781156240578222 0.017262354880323322 -0.014288700530656118 -0.0075724050875088421 -0.034132008187971893 0.00065342019803759938
leaf_weight=166.27545520663261 40.732718606479466 84.062881175428629 491.19948478136212 32.457490514963865 32.238459999673069 307.93733137007803 708.9993362640962 96.847790124826133 59.706504765897989 146.8327570175752 188.77937811519951 101.13680451177061 37.938376564532518 3500.5323281511664
leaf_count=990 333 597 2924 185 188 2065 4328 555 419 898 1744 505 219 20624
internal_value=-8.21115e-05 -0.0026048 -0.0102983 0.000569223 -0.000317477 -0.00772778 0.00516956 -0.0201704 -0.0310474 0.00104767 0.000447497 0.0127179 -0.000468875 -0.000114822
internal_weight=5995.68 1854.18 531.932 1322.25 1289.79 548.555 741.238 240.617 143.769 4141.5 3994.66 267.412 3727.25 3689.31
internal_count=36574 11594 3257 8337 8152 3636 4516 1571 1016 24980 24082 1495 22587 22368
cat_boundaries=0 2 4 6
cat_threshold=20058706 35 8971264 16 3289600 6
is_linear=0
shrinkage=0.05


Tree=239
num_leaves=15
num_cat=2
split_feature=16 21 16 29 14 5 24 29 26 23 24 3 3 30
split_gain=6.97779 11.4137 9.32341 8.57613 7.83358 7.2776 5.79863 27.6748 16.2556 10.4059 9.55319 15.1193 12.9013 9.23588
threshold=8.0150000000000023 0.51223347424165011 19.015000000000008 0 13.008000000000003 0.61817310087173116 0.22516390327686867 1 421.00000000000006 6.6883333333333352 0.17313900117507183 0.01120884336273484 0.8746774993711357 3.5000000000000004
decision_type=10 10 10 9 8 10 10 9 2 10 10 10 10 2
left_child=6 3 5 -2 -4 -3 7 8 9 -1 11 -9 -12 -13
right_child=1 2 4 -5 -6 -7 -8 10 -10 -11 12 13 -14 -15
leaf_value=0.017578315104428473 0.00071483266383323024 0.0099720817405413043 0.059715052374014935 -0.033599637313115292 -0.00028186249278226 -0.037853309194351974 0.0011570512527930277 0.018001545813915741 -0.027496753225318155 -0.029001188051188093 -0.016289221363347997 -0.0079205374210204633 0.014147848713229877 0.019020041990502921
leaf_weight=235.67827977612615 35.558032937347889 18.174050293862823 10.826557287946342 45.699423844926059 10.05827994272113 12.725744111463426 4713.6330153336748 74.86445994861424 23.502415141090751 11.748767552897332 331.7107914108783 446.99023020919412 38.115225896239281 33.302487185224891
leaf_count=1306 198 114 61 269 59 80 28019 771 130 204 2073 3146 187 235
internal_value=0.000112275 -0.0111685 0.00709955 -0.0227554 0.0321276 -0.0102935 0.000368087 -0.00273995 0.0110557 0.0152587 -0.0068339 -0.0027514 -0.0131226 -0.0060169
internal_weight=6042.59 133.042 51.7846 81.2575 20.8848 30.8998 5909.55 1195.91 270.929 247.427 924.983 555.157 369.826 480.293
internal_count=36852 781 314 467 120 194 36071 8052 1640 1510 6412 4152 2260 3381
cat_boundaries=0 2 4
cat_threshold=2182644736 40 2150664476 15
is_linear=0
shrinkage=0.05


Tree=240
num_leaves=15
num_cat=2
split_feature=2 25 3 10 29 29 7 21 24 22 20 7 24 26
split_gain=7.80846 8.1099 6.80347 6.3216 20.4175 12.5049 11.454 11.2851 16.1178 14.1979 12.608 10.8933 9.76755 19.9738
threshold=311.74165582750805 0.42928485921765602 0.62884325076969538 1.0000000180025095e-35 0 1 6.5000000000000009 0.98555787395039829 0.47733767923913178 1.0000000180025095e-35 33.090000000000003 9.5000000000000018 0.49532773946254843 1452.0000000000002
decision_type=2 10 8 2 9 9 2 8 10 10 10 2 10 2
left_child=3 -2 -3 4 6 -5 -1 8 9 11 -9 -7 -6 -14
right_child=1 2 -4 5 12 7 -8 10 -10 -11 -12 -13 13 -15
leaf_value=0.015710542126764478 0.030748093324442977 -0.0075989186065241413 -0.037378156573414076 0.0053427839683113923 -0.0039232310992007224 0.022851477875845964 0.00032415179320443639 0.00038897164493086988 0.016275693912544305 -0.035987143317859883 -0.029299208050432991 -0.022582457626089791 -0.008293795222066672 -0.048497266175001968
leaf_weight=190.98610513657331 7.8548444733023635 47.272109609097242 32.063760686665773 1171.8421891247854 1163.3072709934786 23.437247589230537 327.03776235226542 2682.8007054086775 34.381068209186196 73.253788847476244 35.244670829735696 27.678224565461278 168.65267364308238 37.00016007386148
leaf_count=1080 43 265 161 7478 6945 150 1918 15881 334 822 246 222 1035 189
internal_value=-0.000317002 -0.0150856 -0.0199497 -9.75556e-05 -0.00248693 0.00101642 0.00590246 -0.000763055 -0.0136809 -0.022026 -6.62651e-06 -0.00171154 -0.00566525 -0.0157267
internal_weight=6022.81 87.1907 79.3359 5935.62 1886.98 4048.64 518.024 2876.8 158.75 124.369 2718.05 51.1155 1368.96 205.653
internal_count=36769 469 426 36300 11167 25133 2998 17655 1528 1194 16127 372 8169 1224
cat_boundaries=0 2 4
cat_threshold=30773504 8 2717934156 55
is_linear=0
shrinkage=0.05


Tree=241
num_leaves=15
num_cat=2
split_feature=29 4 15 25 25 9 3 25 7 29 16 3 1 11
split_gain=5.78144 14.9177 10.9571 9.54366 43.5765 13.615 18.0275 13.1168 11.6217 11.6011 10.3925 9.8193 14.9837 9.88506
threshold=0 9.5731715427342952 0.49173966063715197 0.30537573353204528 0.31102742382143961 1.0000000180025095e-35 0.27077434815324014 0.17589792608086577 2.5000000000000004 1 -8.3599999999999941 0.44810456524454062 0.89644659377628277 5.8342842673147972
decision_type=9 10 8 8 8 2 10 10 2 9 10 10 8 2
left_child=1 -1 -3 5 -5 6 9 8 -8 -2 -7 -6 13 -13
right_child=3 2 -4 4 11 10 7 -9 -10 -11 -12 12 -14 -15
leaf_value=-0.0033250990193362017 -0.031276729720969031 -0.0091694328797609984 0.01403349214929011 -0.068668044045196872 0.003420658802953338 0.017181779391224603 0.038333751197836961 0.041035076834865708 -0.0089696887717841331 -0.00023518258682814495 -0.0021137335880622335 -0.033467000300188079 -0.00023455550023359143 -0.0083818540463894749
leaf_weight=2193.2258482165635 50.27883811108768 65.11504546739161 222.51543938089162 21.88924103975296 1494.4996550967917 293.52836897224188 15.589165223762391 27.90473285317421 58.772732046432793 69.785689026117325 91.183267304673791 51.579298999160528 1212.3899549804628 159.60317500028759
leaf_count=13697 545 400 1291 151 9628 1680 88 160 382 745 543 311 6236 952
internal_value=-6.57156e-05 -0.00191245 0.00876714 0.00122804 5.2161e-05 0.00693366 -0.00290918 0.0124521 0.00132404 -0.0159882 0.0126148 0.000590997 -0.00237996 -0.0146375
internal_weight=6027.86 2480.86 287.63 3547 2939.96 607.043 222.331 102.267 74.3619 120.065 384.712 2918.07 1423.57 211.182
internal_count=36809 15388 1691 21421 17278 4143 1920 630 470 1290 2223 17127 7499 1263
cat_boundaries=0 2 3
cat_threshold=3310243113 46 42041346
is_linear=0
shrinkage=0.05


Tree=242
num_leaves=15
num_cat=6
split_feature=26 26 29 28 11 25 29 26 29 28 25 6 29 6
split_gain=6.08799 15.3981 13.9494 13.9114 14.4275 18.2025 24.7948 14.2855 13.7245 13.4397 16.2323 13.1335 17.1615 13.7597
threshold=64.500000000000014 44.500000000000007 0 1 6.0040105086575926 2.894838165431644 2 76.500000000000014 3 4 4.0005135487366497 -34.499999999999993 5 55.500000000000007
decision_type=2 2 9 9 2 10 9 2 9 9 10 8 9 10
left_child=1 2 9 -2 11 8 7 -7 -6 10 -1 12 -5 -13
right_child=3 -3 -4 4 5 6 -8 -9 -10 -11 -12 13 -14 -15
leaf_value=-0.0029620423673983095 0.02010781905953915 -0.014543916627496946 0.0014725900850469775 0.016161264185173545 -0.0022847896093237488 0.045569703250249428 0.022261933514317035 -0.012341941608188045 0.0062605053067573335 -0.01589679197888649 0.04599013315366856 -0.0075878113584314623 -0.0067042158132678597 0.055720512022469838
leaf_weight=189.00455735530704 88.658480245620012 207.50922666396946 1945.8056656783447 157.1939381621778 1059.1182304052636 10.895624240860341 242.61751656793058 101.71331983804703 828.70003625098616 245.66954449377954 17.592633901163936 791.52114568743855 153.16048919223249 7.6888864552602163
leaf_count=1195 459 1281 11692 949 6516 71 1251 573 5400 1325 106 5117 886 119
internal_value=0.000311792 -0.00151114 -0.000377802 0.00169208 0.00113589 0.00344573 0.0138126 -0.00587014 0.00148874 -0.0081766 0.0013432 -0.00352226 0.00519556 -0.00690988
internal_weight=6046.85 2605.58 2398.07 3441.27 3352.61 2243.04 355.226 112.609 1887.82 452.267 206.597 1109.56 310.354 799.21
internal_count=36940 15599 14318 21341 20882 13811 1895 644 11916 2626 1301 7071 1835 5236
cat_boundaries=0 2 3 5 7 8 10
cat_threshold=3261196624 1 1835008 2164286528 56 1638669137 17 2664205 1124384856 41
is_linear=0
shrinkage=0.05


Tree=243
num_leaves=15
num_cat=3
split_feature=26 29 28 25 24 29 23 24 5 8 10 25 8 4
split_gain=6.3982 10.2899 15.1635 13.6266 16.0956 20.3269 15.5345 15.1062 12.1449 11.8287 11.6912 10.6665 12.3513 11.2944
threshold=64.500000000000014 0 1 8.6660472747585331 0.29476567697142558 2 7.8362500000000006 0.20535745593295035 1.0000000180025095e-35 5.5000000000000009 37.500000000000007 2.0104939377434925 67.500000000000014 -12.284324104263245
decision_type=2 9 9 10 10 9 8 10 8 8 2 10 8 8
left_child=1 2 11 4 5 6 -4 -7 -6 -8 -3 12 -1 -13
right_child=-2 10 3 -5 8 7 9 -9 -10 -11 -12 13 -14 -15
leaf_value=-0.024656378347905801 0.0010598813785448662 0.00015431727205971108 -0.010708039758566995 -0.035587527993876968 0.036644813296505638 -0.034327154956177469 0.08211837208526479 0.013040929662499201 -0.008989069203526337 0.030837551366437507 -0.033184818193180469 0.057626836970081155 0.013029547388898402 -0.007025291983244867
leaf_weight=212.80745123047382 3418.9291290007532 1868.9382377779111 13.254250589758156 26.057114008814096 14.538580704480408 27.321971915662289 17.341682398691777 40.59112049639225 240.36870668083429 34.938827559351921 25.671211395412683 7.8039443045854568 23.581516093574464 28.314446464180946
leaf_count=1356 21210 11240 99 149 93 154 101 236 1286 173 144 37 143 199
internal_value=-0.000358746 -0.00223723 -0.00742378 -0.00124861 0.00110881 0.0151136 0.032166 -0.00544683 -0.00625333 0.0490696 -0.000313031 -0.0164018 -0.0208579 0.00811999
internal_weight=6000.46 2581.53 686.92 414.412 388.355 133.448 65.5348 67.9131 254.907 52.2805 1894.61 272.507 236.389 36.1184
internal_count=36620 15410 4026 2291 2142 763 373 390 1379 274 11384 1735 1499 236
cat_boundaries=0 2 3 4
cat_threshold=1120463120 20 1868804 38322192
is_linear=0
shrinkage=0.05


Tree=244
num_leaves=15
num_cat=1
split_feature=2 2 25 26 9 15 2 29 11 25 2 11 25 15
split_gain=5.22701 8.76524 14.103 10.1685 13.2146 10.3426 9.90447 10.2141 13.092 9.3397 8.56284 14.3803 9.38287 8.42705
threshold=311.74165582750805 159.77385101052124 12.399087562341213 7.5000000000000009 2.5000000000000004 2.4653745939456218 85.585592353639882 0 8.7295386046656933 3.0591232596800477 123.54166167260334 6.3659805170561024 4.4071518458719465 0.080437478174470139
decision_type=2 2 8 2 2 10 2 9 2 10 2 2 10 10
left_child=1 6 3 4 13 -5 -1 -8 9 -9 12 -12 -11 -3
right_child=-2 2 -4 5 -6 -7 7 8 -10 10 11 -13 -14 -15
leaf_value=-1.6788741751074322e-05 -0.012433070916295337 -0.013290830783662689 -0.040501504051796998 -0.0040538504863466725 0.07859043819693956 0.035003448545581843 0.010884817578086771 -0.024371616286363456 -0.049096045287062552 0.01635844188026226 -0.016221092658966551 0.043121121651937037 -0.02907106687869623 0.042255959466153403
leaf_weight=5601.2476724330336 86.766902275383472 12.055360313504936 10.466822665184734 57.479202918708324 12.59036301076412 22.937782220542431 40.114865399897099 68.427307970821857 24.980306960642338 16.431335814297199 17.529189866036177 22.143505409359932 32.418208666145802 13.704955603927372
leaf_count=34629 465 67 68 308 56 112 198 368 119 78 85 113 168 67
internal_value=-0.00032003 -0.000141406 0.0126874 0.0176739 0.0385236 0.00737977 -0.000428242 -0.0107609 -0.0153244 -0.0106426 0.000123508 0.0171469 -0.0137685 0.0167358
internal_weight=6039.29 5952.53 129.234 118.768 38.3507 80.417 5823.29 222.045 181.93 156.95 88.5222 39.6727 48.8495 25.7603
internal_count=36901 36436 678 610 190 420 35758 1129 931 812 444 198 246 134
cat_boundaries=0 2
cat_threshold=2151712848 21
is_linear=0
shrinkage=0.05


Tree=245
num_leaves=15
num_cat=2
split_feature=11 23 11 7 24 26 3 7 4 28 28 25 25 25
split_gain=6.04146 10.3441 10.8218 11.8373 14.2253 10.3954 8.87151 16.2643 20.8023 21.7088 11.0867 10.9562 10.6078 19.4637
threshold=6.9539515701313581 8.0464583333333355 5.4848384255449512 2.5000000000000004 0.47733767923913178 771.00000000000011 0.45797102003328877 17.500000000000004 -2.5797162928325919 0 1 -0.99625807386322596 0.37509740308306422 0.49234117048123516
decision_type=2 10 2 2 10 2 8 2 8 9 9 8 10 10
left_child=1 6 -3 5 -5 -4 7 10 -9 -10 -1 -8 -12 -14
right_child=-2 2 3 4 -6 -7 11 8 9 -11 12 -13 13 -15
leaf_value=0.017109470217881416 0.0025608322898285191 -0.041573205221010025 -0.029411896405761091 -0.036488395468360413 0.00065675927675181323 0.041473843340142834 0.025338675056754762 -0.028218607375843571 0.0080539345164643474 -0.013740652514599322 -0.0050653331617785992 -0.0029057575627889501 0.026067284161274285 0.0032894955860230052
leaf_weight=166.42362746968865 1986.6912454850972 26.977352124638855 6.220200443640354 42.574659639038146 63.013454049825668 18.588558457791805 33.907933175563812 80.44082719180733 272.40201951283962 180.50449112057686 269.16825717128813 2117.8946150923148 107.68595552816987 687.38379295170307
leaf_count=824 11514 330 113 502 566 89 194 1067 2285 1765 1617 11893 544 3695
internal_value=0.000301006 -0.000801579 -0.0133291 -0.00721383 -0.0145225 0.02325 -0.000294832 0.00233295 -0.00495379 -0.00076865 0.00549235 -0.00244912 0.00346815 0.00640344
internal_weight=6059.88 4073.19 157.374 130.397 105.588 24.8088 3915.81 1764.01 533.347 452.907 1230.66 2151.8 1064.24 795.07
internal_count=36998 25484 1600 1270 1068 202 23884 11797 5117 4050 6680 12087 5856 4239
cat_boundaries=0 1 2
cat_threshold=2184324 1310758
is_linear=0
shrinkage=0.05


Tree=246
num_leaves=15
num_cat=2
split_feature=14 7 0 19 15 24 28 7 28 26 3 25 2 11
split_gain=7.99471 5.75075 9.68111 11.8368 9.4212 13.6752 11.0124 10.9303 10.556 15.0067 11.251 18.0244 11.3927 10.9358
threshold=-10.262499999999998 5.5000000000000009 82.00500000000001 90.995000000000019 3.9897538000227102 0.13281090781183705 0 11.500000000000002 1 294.50000000000006 0.7723657049529038 0.87079190163537923 6.1520227229030846 5.5769523873879434
decision_type=8 2 10 10 8 10 9 2 9 2 8 8 2 2
left_child=-1 -2 4 -4 5 -3 -7 -6 9 13 12 -12 -10 -9
right_child=1 2 3 -5 7 6 -8 8 10 -11 11 -13 -14 -15
leaf_value=-0.026758589919544492 0.0025930915750438429 -0.011364290190674656 -0.018372343727195657 0.0013174462469330464 0.001991467762605636 -0.018024147720777452 0.0047512458378616172 -0.013947802530536738 -0.0094005192001728743 -0.042907568008154193 -0.015244434318434752 0.02453778705029043 -0.031544497758855844 0.0075474948053849472
leaf_weight=26.2636848539114 1968.9590466544032 157.57573111075908 163.53434140048921 142.14899218827486 826.4237345289439 44.619367357343435 1564.500636450015 72.598071591928601 569.51838780846447 17.394085150212049 53.878508802503347 58.253032939508557 64.012526840902865 301.46084322500974
leaf_count=156 11335 1428 855 675 3939 298 9102 553 4938 114 525 396 395 2134
internal_value=0.000255909 0.000378498 -0.000702286 -0.00924175 -2.08793e-07 0.00264808 0.00402647 -0.00238314 -0.00556144 0.0011605 -0.00898235 0.00545689 -0.0116842 0.00334958
internal_weight=6031.14 6004.88 4035.92 305.683 3730.23 1766.7 1609.12 1963.54 1137.12 391.453 745.662 112.132 633.531 374.059
internal_count=36843 36687 25352 1530 23822 10828 9400 12994 9055 2801 6254 921 5333 2687
cat_boundaries=0 1 2
cat_threshold=2687008 2442278
is_linear=0
shrinkage=0.05


Tree=247
num_leaves=15
num_cat=2
split_feature=27 29 11 20 8 8 26 25 9 7 9 7 8 18
split_gain=5.54787 10.2999 7.9568 6.67183 5.46955 10.487 13.5472 6.9504 6.76012 5.00717 4.97508 4.9516 4.84071 5.17315
threshold=0 1 7.4031037469297329 6.9000000000000039 139.50000000000003 116.50000000000001 275.00000000000006 4.6750158309440932 9.5000000000000018 5.5000000000000009 5.5000000000000009 5.5000000000000009 102.50000000000001 6.1645833333333355
decision_type=9 9 2 10 10 10 2 8 2 2 2 2 10 8
left_child=1 2 3 11 5 12 7 -7 9 -6 -3 -1 13 -2
right_child=4 10 -4 -5 8 6 -8 -9 -10 -11 -12 -13 -14 -15
leaf_value=0.029877864397815247 0.0025381131083346033 -0.037309424156053012 -0.019850129059908947 0.051252623190243408 0.0039884165088508927 0.061809914223889789 -0.015002252003804598 0.013505279395687986 0.0088917860940519629 -0.03488518602149681 0.0032919741588062004 -0.014270775257864802 -0.015279799272139814 -0.00071255870172707398
leaf_weight=10.017505690455438 1763.2263990752399 41.588538624346256 18.922998484224081 10.372961837798355 10.75721877068281 17.799432102590803 14.728613901883362 13.486818626523016 20.79670687019825 32.443007577210665 8.982228070497511 14.052625231444834 49.402958959341049 3995.3513768641278
leaf_count=43 10555 254 117 52 54 96 82 63 88 188 47 93 269 24839
internal_value=-3.29686e-05 -0.010913 0.0046886 0.0196727 0.000178064 0.000338463 0.0238579 0.0420501 -0.0142462 -0.0253341 -0.0252732 0.00456188 0.000148051 0.000283037
internal_weight=6021.93 103.937 53.3661 34.4431 5917.99 5854 46.0149 31.2863 63.9969 43.2002 50.5708 24.0701 5807.98 5758.58
internal_count=36840 606 305 188 36234 35904 241 159 330 242 301 136 35663 35394
cat_boundaries=0 1 3
cat_threshold=16498 546148368 32
is_linear=0
shrinkage=0.05


Tree=248
num_leaves=15
num_cat=3
split_feature=2 19 29 26 28 19 26 11 29 4 26 3 25 20
split_gain=6.56118 5.96672 12.5177 15.641 13.7012 14.0638 13.282 12.7689 12.1432 10.879 9.73233 9.61133 14.1912 16.7373
threshold=500.16142748453336 88.215000000000018 0 1796.0000000000002 1 94.925000000000011 225.50000000000003 6.8504173780515352 2 62.075032756518006 55.500000000000007 0.43636275753550774 0.075881260035466566 6.30250000000001
decision_type=2 10 9 2 9 10 2 2 9 8 2 8 10 8
left_child=1 -1 3 4 5 8 10 -5 -3 -7 -6 -4 -13 -14
right_child=-2 2 11 7 6 9 -8 -9 -10 -11 -12 12 13 -15
leaf_value=0.001036460881517707 -0.023449633425430369 -0.030772149142887669 -0.017126769406347924 0.034745088813531361 0.0020265556036007638 0.010312850291877665 -0.023060100576863043 -0.018183837792294679 0.0044233365057437029 -0.025240310067701673 0.022134240001639768 0.013449654859833319 -0.00049756178968218768 -0.018448966562386395
leaf_weight=4591.4879316827282 28.567875444889069 76.656321989372373 172.02095135394484 58.218312099575996 125.64159995689988 98.356503218412399 30.107705697417259 13.440782628953455 37.406261254101992 26.473074020817876 114.88914014026523 99.370794026181102 360.74799293652177 201.91508726403117
leaf_count=29160 157 477 982 292 651 512 159 78 197 141 622 562 1828 1083
internal_value=4.58912e-05 0.00016152 -0.00267578 0.00295064 -9.32734e-05 -0.00861186 0.00747205 0.0247038 -0.0215818 0.00263229 0.0116828 -0.00655212 -0.00388157 -0.00696083
internal_weight=6035.3 6006.73 1415.24 581.19 509.531 238.892 270.638 71.6591 114.063 124.83 240.531 834.055 662.034 562.663
internal_count=36901 36744 7584 3129 2759 1327 1432 370 674 653 1273 4455 3473 2911
cat_boundaries=0 1 2 3
cat_threshold=595091024 45056 5768272
is_linear=0
shrinkage=0.05


Tree=249
num_leaves=15
num_cat=4
split_feature=28 25 20 24 29 1 24 18 29 7 24 1 10 29
split_gain=5.90961 16.3689 12.7048 14.6193 14.6039 13.7419 11.8282 13.032 11.7016 10.5439 19.6275 9.9762 9.12309 8.90014
threshold=0 -0.46995551964468169 -0.3500000000000042 0.4538206498430053 1 2.223260643821392 0.26075393154486592 -0.50000000000000056 2 2.5000000000000004 0.32211796635752754 0.25089928057553962 7.5000000000000009 3
decision_type=9 8 8 10 9 10 10 8 9 2 10 8 2 9
left_child=1 -1 3 6 5 11 7 -3 -5 10 -6 -4 -9 -8
right_child=-2 2 4 8 9 -7 13 12 -10 -11 -12 -13 -14 -15
leaf_value=0.03790704613986029 -0.00081353566501388998 -0.049772143105670331 -0.029322472281584036 0.016845935495515368 0.01779370269044241 -0.021620978843256221 0.006788836235922413 -0.01161679759138004 -0.02093639850309556 -0.0026447142926404091 -0.047413163508795458 0.018769959354654451 0.021330730296094867 0.02835908576481791
leaf_weight=31.586337197571993 4608.2329877158627 10.986035987734793 10.621029160916803 21.906560815870762 16.592667825520039 27.358183227479458 109.19475200772285 38.558016693219543 52.934196654707193 733.03281730413437 33.903806321322918 172.4008781593293 43.959429362788796 127.42945816740394
leaf_count=170 27840 105 213 103 86 131 614 304 249 5014 170 1002 345 630
internal_value=5.88483e-05 0.00285358 0.00205595 0.00950915 -0.000987356 0.0103932 0.0140267 -0.00102738 -0.0103402 -0.00413222 -0.0260573 0.0158349 0.00598055 0.0199547
internal_weight=6038.7 1430.46 1398.88 404.968 993.909 210.38 330.128 93.5035 74.8408 783.529 50.4965 183.022 82.5174 236.624
internal_count=36976 9136 8966 2350 6616 1346 1998 754 352 5270 256 1215 649 1244
cat_boundaries=0 1 3 5 7
cat_threshold=271158 2154299910 55 536891906 8 42307846 2
is_linear=0
shrinkage=0.05


Tree=250
num_leaves=15
num_cat=2
split_feature=2 23 23 29 24 7 11 29 24 24 2 7 18 7
split_gain=6.14819 5.51007 8.84025 11.7268 8.64414 10.33 6.15468 5.71408 11.9501 11.2731 10.0531 14.349 8.66546 8.03679
threshold=601.52256046438868 65.545625000000015 21.487708333333334 0 0.49532773946254843 7.5000000000000009 6.9722359819819788 1 0.65189241520102781 0.055935228837009847 159.77385101052124 13.500000000000002 4.0000000000000027 40.500000000000007
decision_type=2 10 10 9 10 2 2 9 10 10 2 2 8 2
left_child=1 2 7 -4 -5 -6 -3 8 9 -1 -9 -12 -10 -13
right_child=-2 6 3 4 5 -7 -8 10 12 -11 11 13 -14 -15
leaf_value=0.038561915967610806 -0.030376417402993006 0.0054757720819265986 0.0051283341979653715 -0.047312054577140696 0.025974150968922582 -0.037750235605586102 0.047395475303337598 -0.0014093439611172376 0.04949403293106145 0.0013807247088407255 -0.0038876846995363544 0.035393403694964312 0.0031176220277500926 -0.0050694415521310545
leaf_weight=19.653404865413904 15.804508171975611 30.566438268870115 48.667564977891743 34.192328169941902 11.138594448566439 12.421516513451932 11.454946037381886 4047.2531562978402 22.040527721866965 1590.0706483628601 73.026759520173073 59.06266013905406 18.149592485278845 15.13314340636134
leaf_count=170 93 260 490 528 65 143 66 24445 133 9545 339 310 101 114
internal_value=-0.000175303 -9.06008e-05 -0.000219463 -0.0144331 -0.0270012 -0.00779214 0.0177391 4.17761e-05 0.00252472 0.00185834 -0.000939047 0.0118487 0.0291349 0.0271828
internal_weight=6008.64 5992.83 5950.81 106.42 57.7524 23.5601 42.0214 5844.39 1649.91 1609.72 4194.48 147.223 40.1901 74.1958
internal_count=36802 36709 36383 1226 736 208 326 35157 9949 9715 25208 763 234 424
cat_boundaries=0 2 4
cat_threshold=539535368 51 2735154005 52
is_linear=0
shrinkage=0.05


Tree=251
num_leaves=15
num_cat=1
split_feature=29 2 8 20 23 11 18 20 18 4 11 16 14 2
split_gain=5.55957 9.80951 7.82308 8.59773 7.52928 9.52298 7.35923 7.13343 10.484 9.51476 9.72132 8.02321 6.44248 6.37218
threshold=0 -15.523070693174754 -2.4999999999999996 36.150000000000006 1.1027777777777781 5.5271447246413166 1.6762499999999994 13.920000000000003 -1.5087499999999998 3.5093393730314344 5.6128908384753595 -0.24999999999999908 0.47550000000000031 56.310358255451717
decision_type=9 2 8 10 8 2 8 8 10 10 2 10 10 2
left_child=1 -1 -3 4 5 -4 7 9 -9 10 -6 -10 -11 -2
right_child=13 2 3 -5 6 -7 -8 8 11 12 -12 -13 -14 -15
leaf_value=0.057017624318654286 -0.00015962895965027042 0.045439788649203519 -0.054713471053942933 -0.044258383817308893 -0.016023893899636731 -0.0029511414029383056 0.0077517295830205604 0.015250816300099744 -0.052813205302117895 -0.03293008940719179 0.015156700340778803 0.0010651147811901924 0.0046953173140324381 -0.0058027974701404771
leaf_weight=7.5447123721241942 4620.1571723269299 9.7878924161195737 11.014303416013716 8.6898479787632805 31.707609106786549 34.607827777042985 503.09455532301217 13.574599817395208 21.407719081267718 27.656029671430588 106.20750819705427 9.9340513963252288 18.497633419930935 559.99254954792559
leaf_count=42 28740 47 66 95 191 225 3116 82 139 171 608 59 106 2907
internal_value=-0.0001671 0.00367354 0.00314324 0.00255975 0.00313905 -0.0163533 0.00437444 -0.00304712 -0.020679 0.00134388 0.00792433 -0.0362311 -0.0180707 -0.000769193
internal_weight=5983.87 803.724 796.18 786.392 777.702 45.6221 732.08 228.985 44.9164 184.069 137.915 31.3418 46.1537 5180.15
internal_count=36594 4947 4905 4858 4763 291 4472 1356 280 1076 799 198 277 31647
cat_boundaries=0 2
cat_threshold=2742028804 16
is_linear=0
shrinkage=0.05


Tree=252
num_leaves=15
num_cat=3
split_feature=14 28 8 8 9 3 7 10 2 3 28 9 28 19
split_gain=6.68649 13.03 19.1393 8.27774 7.79787 9.31153 7.30644 17.7788 13.7437 10.2952 13.2048 13.5959 12.4472 12.3575
threshold=1.0000000180025095e-35 0 11.500000000000002 32.500000000000007 2.5000000000000004 0.96357320206847141 15.500000000000002 16.500000000000004 -41.047078261597015 0.058827957405206195 1 4.5000000000000009 2 97.500000000000014
decision_type=8 9 10 10 2 8 2 2 2 10 9 2 9 10
left_child=1 2 -1 -4 -3 -6 -2 8 -8 12 -11 -12 -10 -13
right_child=6 4 3 -5 5 -7 7 -9 9 10 11 13 -14 -15
leaf_value=0.066932330769599147 0.0014994029903972637 -0.019047326963162657 -0.026476052868575874 0.017770315838404448 0.006989368545588283 -0.028483232061349197 0.054508146797014191 0.011421181619595169 -0.0047089287929807143 0.0006923257106134969 -0.013801293929863201 0.019765568627129207 0.012823995264827172 -0.032709618625675563
leaf_weight=12.877027243375776 4001.1884774528444 156.73149477969855 17.27854810655117 24.068892352283001 78.532653894275427 23.110077045857906 8.8512084111571294 202.0605652006343 261.22529489174485 346.25463434122503 623.83415315579623 55.803808651864529 150.76158931106329 13.030802726745604
leaf_count=69 21283 1104 111 119 455 134 63 1645 2781 1914 5100 281 1513 67
internal_value=-5.14711e-05 -0.00715836 0.0136507 -0.000908241 -0.0116389 -0.00127481 0.000342025 -0.00244384 -0.00436954 -0.00476601 -0.00741628 -0.0113117 0.00191904 0.00950556
internal_weight=5975.61 312.599 54.2245 41.3474 258.374 101.643 5663.01 1661.82 1459.76 1450.91 1038.92 692.669 411.987 68.8346
internal_count=36639 1992 299 230 1693 589 34647 13364 11719 11656 7362 5448 4294 348
cat_boundaries=0 1 2 3
cat_threshold=2110592 17443 1106962
is_linear=0
shrinkage=0.05


Tree=253
num_leaves=15
num_cat=2
split_feature=7 29 4 15 11 6 6 3 8 1 6 16 29 0
split_gain=6.15779 11.0539 9.09117 8.26094 6.98005 11.294 10.8249 6.97772 10.4318 10.198 6.66261 5.97983 13.5352 9.87017
threshold=43.500000000000007 0 9.9122660712129953 1.6950200545978336 8.9365810360001614 71.500000000000014 77.500000000000014 0.04717662637079225 9.5000000000000018 0.2712191358024692 92.500000000000014 6.5708333333333337 1 70.00500000000001
decision_type=2 9 10 8 2 10 8 10 10 10 10 10 9 10
left_child=11 2 -2 -4 5 7 -7 8 9 -3 -8 -1 13 -13
right_child=1 4 3 -5 -6 6 10 -9 -10 -11 -12 12 -14 -15
leaf_value=0.00060868616702806737 -0.027921873101564961 0.0015492228191975775 -0.0315352432081933 0.051368481925030768 0.031406749420807185 0.079994134423266583 -0.026640806885338372 -0.018835291376992608 -0.038019561289167454 0.065534839879808612 0.047948251261630756 0.028464622368013243 -0.020821715677544039 -0.009631248425639935
leaf_weight=5633.4329458307475 81.816346034407616 17.898091698065404 4.1063303053379041 6.6140923760831356 16.486140724271536 6.4635727591812611 6.9706100234761852 63.573596525005996 8.0617159176617843 8.5910274218767864 3.795877268537879 32.078795762732625 87.45273326523602 34.215019650757313
leaf_count=33315 1120 237 56 86 117 64 95 673 73 85 47 187 519 176
internal_value=2.67173e-05 -0.00808164 -0.0201116 0.019632 0.00182633 -0.00247785 0.0337164 -0.00910937 0.00881277 0.0239303 0.00149666 0.000342432 -0.00935429 0.00779378
internal_weight=6011.56 224.377 92.5368 10.7204 131.841 115.354 17.2301 98.1244 34.5508 26.4891 10.7665 5787.18 153.747 66.2938
internal_count=36850 2653 1262 142 1391 1274 206 1068 395 322 142 34197 882 363
cat_boundaries=0 2 4
cat_threshold=1099481160 59 2727903232 32
is_linear=0
shrinkage=0.05


Tree=254
num_leaves=15
num_cat=3
split_feature=7 22 9 7 11 4 28 22 24 28 25 8 0 28
split_gain=5.45377 12.3683 5.89547 5.62483 10.0787 11.7101 12.1181 13.614 10.1722 9.92872 13.9422 11.9367 9.44354 17.7804
threshold=-51.499999999999993 21.430000000000003 1.0000000180025095e-35 7.5000000000000009 6.3659805170561024 -20.99985039333637 0 3.4133333333333336 0.23130035167788796 1 4.1356905328203757 50.500000000000007 89.905000000000015 2
decision_type=2 8 2 2 2 8 9 8 10 9 10 10 8 9
left_child=1 -1 -3 12 5 -5 7 -7 -9 10 11 -6 13 -2
right_child=3 2 -4 4 9 6 -8 8 -10 -11 -12 -13 -14 -15
leaf_value=0.032842948120913561 0.020149834105133581 -0.0028769012576328936 -0.05301824178773884 -0.018386972233477475 0.00020122984225918276 0.044312696230700943 -0.0013578018702058935 0.0067571797215096891 -0.025467954997365122 0.0040674679801456504 -0.03368120664120363 -0.020773518746337601 -0.00038935656683776552 0.0019580164408420351
leaf_weight=7.628795713186264 169.00208746641874 8.9075982868671435 16.849880617111921 132.99127305764705 737.73770715296268 7.9082171581685543 1379.3874592361972 29.711342576891184 129.21220759861171 1144.7653058823198 34.643514111638069 73.697909131646156 1565.1742307078093 561.02091602236032
leaf_count=42 970 61 121 870 5075 58 9234 176 864 6724 192 410 8779 3172
internal_value=-0.000253738 -0.0201091 -0.0364336 -0.000139259 -0.00135332 -0.00420515 -0.00297427 -0.0152614 -0.0194388 0.00105301 -0.00303776 -0.00172701 0.00180178 0.00649369
internal_weight=5998.64 33.3863 25.7575 5965.25 3670.05 1679.21 1546.22 166.832 158.924 1990.84 846.079 811.436 2295.2 730.023
internal_count=36748 224 182 36524 23603 11202 10332 1098 1040 12401 5677 5485 12921 4142
cat_boundaries=0 1 2 3
cat_threshold=2695168 2725009 2634774
is_linear=0
shrinkage=0.05


Tree=255
num_leaves=15
num_cat=2
split_feature=7 29 24 28 26 1 26 2 2 1 14 7 22 0
split_gain=10.0222 10.1757 9.82771 13.0189 11.2317 18.1844 12.3308 10.1744 9.89855 10.0586 13.8816 11.9505 11.6065 9.77677
threshold=5.5000000000000009 0 0.60081376956376964 1 243.50000000000003 0.97241248097412492 329.50000000000006 -1.1702730282973803 0.017399524518979529 2.2981899015560501 3.9200000000000013 1.5000000000000002 40.839166666666671 99.995000000000019
decision_type=2 9 10 9 2 8 2 2 2 10 10 2 8 10
left_child=1 2 3 -1 5 -5 -6 -7 9 -8 11 12 -11 -3
right_child=-2 13 -4 4 6 7 8 -9 -10 10 -12 -13 -14 -15
leaf_value=0.018391576847453513 -0.001635791277696077 0.0063712492701226437 -0.027849535863910837 -0.055821475889481165 0.034341538915009066 0.033993905191132982 0.011849447211537745 -0.010271797315439519 -0.014023190357233673 0.016110381328615142 -0.062385531299223564 0.018950412984844851 -0.053413018336354881 -0.012732495831685701
leaf_weight=66.878812573850155 4034.7512021195143 1224.0606484180316 34.578128799796104 20.431771710515022 26.598775111138821 12.913739763200281 161.5687442459166 199.10880316793919 94.209699723869562 9.1300200503319484 10.065283246338366 31.492477051913738 14.651333600282671 69.932918494567275
leaf_count=350 25333 6952 182 112 159 77 1017 1085 555 47 59 182 121 514
internal_value=-0.000207168 0.00270982 -0.00223169 -0.000856258 -0.00336149 -0.0119032 0.00227014 -0.00742877 -0.000484755 0.00517312 -0.0112657 -0.00101363 -0.0271489 0.00528893
internal_weight=6010.37 1975.62 681.628 647.049 580.171 232.454 347.716 212.023 321.118 226.908 65.3391 55.2738 23.7814 1293.99
internal_count=36745 11412 3946 3764 3414 1274 2140 1162 1981 1426 409 350 168 7466
cat_boundaries=0 2 3
cat_threshold=2189519880 23 1835140
is_linear=0
shrinkage=0.05


Tree=256
num_leaves=15
num_cat=4
split_feature=22 29 0 10 1 20 29 10 29 11 6 5 0 29
split_gain=5.35043 15.235 12.1404 10.7606 6.77419 6.71222 6.59639 5.90536 20.8031 12.9068 10.5426 8.50262 7.26351 18.5865
threshold=3.7916666666666674 0 40.710000000000008 13.500000000000002 2.2981899015560501 0.99750000000000238 1 22.500000000000004 2 5.9629750339807863 11.500000000000002 0.46311985645933018 99.215000000000018 3
decision_type=10 9 8 2 10 8 9 2 9 2 8 10 10 9
left_child=7 -2 -3 4 5 -4 -5 12 9 -9 11 -10 -1 -14
right_child=1 2 3 6 -6 -7 -8 8 10 -11 -12 -13 13 -15
leaf_value=0.001114433264101137 0.0083094472914284363 -0.029274532214993348 0.004885210599944961 -0.0092740298722887252 -0.03248518727314597 -0.016232944402713625 0.029346468530730724 0.042675916720543279 -0.026539510905320387 0.0031161525978101092 -0.00074274971985937839 0.0051194774707513588 0.011397666216111045 -0.022477372854374525
leaf_weight=5041.2692748494446 132.14878312591463 74.836105023510754 69.036493647843599 14.880225120112298 29.42963033169508 80.75450462475419 20.608504581265152 26.441580068320036 135.23648549616337 83.655101303011179 96.708326374180615 24.771882940083742 59.813521079719067 92.699729756452143
leaf_count=30077 1136 855 370 97 166 566 176 179 736 518 691 126 333 641
internal_value=-5.7224e-05 -0.00548028 -0.0116654 -0.00596127 -0.0109504 -0.00653204 0.0188437 0.000354951 -0.00576757 0.0118492 -0.0132838 -0.0216368 0.000788384 -0.0099261
internal_weight=5982.29 421.694 289.545 214.709 179.221 149.791 35.4887 5560.6 366.813 110.097 256.717 160.008 5193.78 152.513
internal_count=36667 3366 2230 1375 1102 936 273 33301 2250 697 1553 862 31051 974
cat_boundaries=0 2 3 5 7
cat_threshold=539529240 9 1082146816 566876 8 1623469120 33
is_linear=0
shrinkage=0.05


Tree=257
num_leaves=15
num_cat=2
split_feature=0 23 8 24 26 28 3 19 26 29 26 4 7 11
split_gain=6.38811 8.82213 7.81557 8.03381 13.061 5.73394 7.5608 5.54913 5.13594 8.38712 6.22815 17.9667 13.9167 9.98563
threshold=99.985000000000014 3.8039583333333336 6.5000000000000009 0.47705474171336254 2092.0000000000005 0 0.94926843866647392 94.75500000000001 4699.5000000000009 1 4008.0000000000005 -40.490046636127815 4.5000000000000009 6.7064588214538938
decision_type=10 8 8 10 2 9 10 8 2 9 2 10 2 2
left_child=5 -2 -3 -4 -5 6 7 -1 10 -10 -7 12 -12 -13
right_child=1 2 3 4 -6 8 -8 -9 9 -11 11 13 -14 -15
leaf_value=-0.042635668277630281 0.022793071859879104 0.020686845564348338 -0.035102527393592896 -0.025429691776045895 0.044603690017631287 1.7448157423133079e-05 0.024547701678586151 -0.011059050179908431 0.012362710842680797 -0.025019224865722001 0.0080617494506354699 -0.00046917841822469365 -0.065926016796591588 0.031465103709745521
leaf_weight=16.584192108362913 14.359697900712488 10.54617204796523 51.88325659558177 18.695632284507159 9.05829308927059 5610.3516105404124 11.360533550381659 73.067634295672178 17.067700996994972 35.638494521379471 13.054744750261309 38.177341280505061 11.039868330582975 67.082001402974129
leaf_count=107 78 96 412 138 60 34132 55 445 114 223 125 261 75 430
internal_value=-0.00031065 -0.012503 -0.0183114 -0.0236684 -0.00181599 -9.22865e-05 -0.011297 -0.0173061 0.000124312 -0.0152658 0.000268486 0.0110729 -0.0271148 0.0199872
internal_weight=5997.97 104.543 90.1834 79.6372 27.7539 5893.42 101.012 89.6518 5792.41 52.7062 5739.71 129.354 24.0946 105.259
internal_count=36751 784 706 610 198 35967 607 552 35360 337 35023 891 200 691
cat_boundaries=0 1 3
cat_threshold=196673 33623042 8
is_linear=0
shrinkage=0.05


Tree=258
num_leaves=15
num_cat=2
split_feature=6 29 21 15 25 25 14 10 29 25 6 15 19 11
split_gain=6.06739 12.2008 9.45199 11.8704 8.73592 13.1797 9.6171 9.85045 12.4312 8.66108 15.1799 8.53962 9.53072 8.52505
threshold=24.500000000000004 0 0.98555787395039829 8.4831207299878084 0.71825206602920211 0.8053447984308677 0.19999999999999965 1.0000000180025095e-35 1 2.1161586220047206 31.500000000000004 0.57552433946795267 24.250000000000004 7.4566537683120773
decision_type=10 9 10 8 10 10 10 2 9 10 10 8 8 2
left_child=-1 -2 4 -4 -3 -6 7 9 -9 -7 -11 12 -10 -13
right_child=1 2 3 -5 5 6 -8 8 11 10 -12 13 -14 -15
leaf_value=0.00069500646209113496 -0.017878354425545535 -0.016198593340934576 0.062397820837866408 -0.024780001526593536 0.061101331056310874 -0.040623881470463905 -0.041994794021681076 0.041438107412670233 -0.013856869775330427 0.048006164282298473 -0.022550732723764896 0.007287208747365919 0.044597074108920186 -0.021353187155731382
leaf_weight=5557.3569907788187 124.60046797432005 78.556641766801476 11.441116820089517 5.0372237497940686 8.3774780519306642 19.779383268207312 11.521987569518386 14.605197612196205 9.7390559297055095 10.359995454549788 22.174501093104482 66.941696335561574 20.521276345476508 41.114928662776947
leaf_count=31736 1759 1155 108 82 97 231 143 98 92 73 175 578 157 297
internal_value=0.000244926 -0.00536772 9.52433e-05 0.0358556 -0.0019533 0.00306697 0.00055371 0.00313443 0.00953615 -0.0154067 0.000678341 0.00272436 0.0259427 -0.00370617
internal_weight=6002.13 444.771 320.17 16.4783 303.692 225.136 216.758 205.236 152.922 52.3139 32.5345 138.317 30.2603 108.057
internal_count=36781 5045 3286 190 3096 1941 1844 1701 1222 479 248 1124 249 875
cat_boundaries=0 2 4
cat_threshold=1115951176 44 40976 16
is_linear=0
shrinkage=0.05


Tree=259
num_leaves=15
num_cat=2
split_feature=2 29 25 1 24 24 14 25 20 25 28 20 7 5
split_gain=5.55068 5.07467 10.078 19.7838 10.9054 22.3269 9.50431 9.03174 8.68184 8.17244 14.4991 11.9595 8.41172 14.5009
threshold=500.16142748453336 0 2.8644980039759509 1.2410600255427844 0.65189241520102781 0.61660736151625761 -0.1987500000000004 7.0943488864281177 17.105000000000004 0.014541709083067334 1 -5.9824999999999902 -2.4999999999999996 0.32668333333333344
decision_type=2 9 10 10 10 10 8 10 8 10 9 8 2 8
left_child=1 2 4 7 5 6 -1 -4 -9 10 -8 -12 -11 -14
right_child=-2 -3 3 -5 -6 -7 9 8 -10 12 11 -13 13 -15
leaf_value=-0.03580256530361977 -0.021692592575350673 0.0010214283785839949 0.0035651573343426081 0.027488688546679591 0.019691571625887132 -0.048390454332093623 -0.011833755888918237 0.0064349267019008852 -0.043866856643973093 0.0074771390121770838 -0.0014980189904165095 0.049844644561272744 0.0054676956412958175 -0.0088522192278379652
leaf_weight=21.773484749719501 28.262532569468021 4348.6706173578277 113.99491393938661 78.978483397513628 46.284451821818948 27.683567766100168 36.563042326830328 13.384050734341143 21.800956208258867 133.95470537431538 17.47744804341346 31.012756132520735 224.20378310140222 824.86915266700089
leaf_count=144 159 26927 646 383 257 176 252 67 126 867 127 284 1423 4805
internal_value=3.0431e-05 0.000137411 -0.00226867 0.00742208 -0.00391075 -0.00475419 -0.00378088 -0.00331383 -0.0250835 -0.00320328 0.0116804 0.026357 -0.00428229 -0.00578953
internal_weight=5968.91 5940.65 1591.98 228.158 1363.82 1317.54 1289.85 149.18 35.185 1268.08 85.0532 48.4902 1183.03 1049.07
internal_count=36643 36484 9557 1222 8335 8078 7902 839 193 7758 663 411 7095 6228
cat_boundaries=0 2 3
cat_threshold=1212764976 22 1590292
is_linear=0
shrinkage=0.05


Tree=260
num_leaves=15
num_cat=0
split_feature=18 2 1 11 18 4 2 14 26 4 5 24 0 26
split_gain=4.64242 8.29261 8.03627 9.95625 9.93946 8.26636 6.53719 6.64749 7.70085 6.16812 5.96877 7.0479 7.42263 7.176
threshold=6.5000000000000027 -12.483179254629226 1.2010638297872342 7.0579925682769469 26.986250000000005 -4.6201628172272526 0.017399524518979529 10.500833333333334 1040.0000000000002 -24.926330224922339 0.72943157894736854 0.43963368881801018 51.725000000000009 1040.0000000000002
decision_type=10 2 8 2 10 10 2 8 2 10 10 10 10 2
left_child=-1 -2 4 5 10 6 7 8 -4 -9 11 13 -13 -3
right_child=1 2 3 -5 -6 -7 -8 9 -10 -11 -12 12 -14 -15
leaf_value=0.00033909991967340832 0.035276216467103577 -0.011180131535313229 -0.017915743578710629 -0.037404392018899911 0.034166873249147973 0.011998695345351479 -0.043810483563179528 -0.043165110485041187 0.038478495596590473 -0.00016276780857701857 -0.013884830338469127 -0.00011699476043334567 0.056421228979454577 0.031230966595138961
leaf_weight=5664.6737237153575 10.962840426713226 53.503219107165933 10.725032698363067 38.40429874882102 17.907646883279085 34.539813835173845 16.852667788043618 16.708923440426588 11.698495540767906 15.77447487413883 79.61031414847821 11.422031329944732 10.796214655041693 11.217708267271517
leaf_count=34829 63 299 61 204 91 204 88 101 62 97 556 84 56 63
internal_value=-1.97624e-06 -0.00566685 -0.0071332 -0.0159102 -0.000199098 -0.00786849 -0.0174646 -0.0087392 0.0118922 -0.022911 -0.00407604 0.00496163 0.0286027 -0.0034659
internal_weight=6004.8 340.124 329.161 144.704 184.457 106.299 71.7596 54.9069 22.4235 32.4834 166.549 86.9392 22.2182 64.7209
internal_count=36858 2029 1966 817 1149 613 409 321 123 198 1058 502 140 362
is_linear=0
shrinkage=0.05


Tree=261
num_leaves=15
num_cat=1
split_feature=26 1 10 3 19 11 2 11 23 24 1 11 8 28
split_gain=4.6778 9.11496 5.34938 4.79347 10.1601 15.2355 12.4622 15.2699 10.5864 9.80331 9.68392 9.95732 11.1267 10.8502
threshold=4699.5000000000009 1.0817999330879895 1.0000000180025095e-35 0.4633026503568517 84.725000000000009 5.841803689930793 19.299105162914103 7.976131677984859 7.2666666666666666 0.15831014314449199 0.93492377188029374 6.1749000664942963 7.5000000000000009 0
decision_type=2 8 2 8 10 2 2 2 10 10 10 2 10 9
left_child=3 -2 -3 4 -1 8 -7 9 -6 -8 -5 12 -12 -13
right_child=1 2 -4 10 5 6 7 -9 -10 -11 11 13 -14 -15
leaf_value=0.0030678326319731712 -0.032455984639528493 0.034004465707929428 -0.012595932520012499 -0.0061408624091904311 0.011724343661659973 -0.020149266355761242 -0.03004301807179351 -0.033665395344094205 -0.042378167377678751 0.028018489104916153 0.01063857118195319 -0.014286613944822264 -0.0047670901743197937 0.0043118252047605913
leaf_weight=2257.3988460171968 29.734007298946381 10.31611665338278 12.679412044584749 729.72829300165176 123.69395999610424 176.47474701702595 7.8420948684215537 17.985794056206942 8.7729417383670789 43.339658632874489 131.2522024102509 73.071465777233243 1032.1103501990438 1312.9248221125454
leaf_count=15970 228 56 65 4651 679 1018 56 107 124 240 794 370 5658 6656
internal_value=7.62176e-05 -0.0146104 0.00885555 0.000209599 0.00179697 -0.00577846 -0.0131302 0.00481024 0.0078506 0.018717 -0.00106638 0.000387977 -0.00302136 0.00324978
internal_weight=5967.32 52.7295 22.9955 5914.6 2635.51 378.109 245.642 69.1675 132.467 51.1818 3279.09 2549.36 1163.36 1386
internal_count=36672 349 121 36323 18194 2224 1421 403 803 296 18129 13478 6452 7026
cat_boundaries=0 1
cat_threshold=2622514
is_linear=0
shrinkage=0.05


Tree=262
num_leaves=15
num_cat=2
split_feature=14 33 8 18 4 15 11 6 7 10 19 29 26 26
split_gain=5.54752 11.8195 5.71664 9.46332 7.97493 6.33105 7.01256 8.36815 8.55349 5.37753 4.70324 21.6694 17.3502 13.2111
threshold=-5.5899999999999999 0 -2.4999999999999996 7.6787500000000009 -1.0000000180025095e-35 7.5531912001476451 5.7305866726692374 21.500000000000004 25.500000000000004 7.5000000000000009 42.500000000000007 1 3085.5000000000005 4289.5000000000009
decision_type=8 1 8 8 10 10 2 10 2 2 8 9 2 2
left_child=1 9 3 -2 5 6 -5 -8 -9 -1 11 -4 -13 -14
right_child=2 -3 10 4 -6 -7 7 8 -10 -11 -12 12 13 -15
leaf_value=-0.012829351969515141 0.035875900406072476 0.026768630762090136 0.0078436342966005101 0.046125458922396181 -0.026910524539366015 -0.016636413717920847 0.039350874504722987 -0.027330708420378554 0.021555727372332446 -0.057010725189839941 0.00023635358108197756 -0.013823309580275819 0.046238279606391229 -0.012827310989921065
leaf_weight=14.645022092387082 27.447710923850536 9.6473929435014707 237.68833979405463 14.692614153027533 17.187034241855145 16.971207812428474 13.437801942229269 19.275209277868271 15.060451306402681 13.406742518767713 5153.1526116896421 405.6877419706434 21.392321767285466 15.791406927630304
leaf_count=85 131 59 2085 72 77 86 70 86 73 91 29996 3619 138 142
internal_value=-0.000175732 -0.0190453 -5.31548e-05 0.0105237 0.00302823 0.0097598 0.0170804 0.00738514 -0.00588474 -0.0351805 -0.000279869 -0.00418328 -0.0105796 0.021475
internal_weight=5995.48 37.6992 5957.78 124.072 96.6243 79.4373 62.4661 47.7735 34.3357 28.0518 5833.71 680.56 442.871 37.1837
internal_count=36810 235 36575 595 464 387 301 229 159 176 35980 5984 3899 280
cat_boundaries=0 1 3
cat_threshold=4 3264751952 17
is_linear=0
shrinkage=0.05


Tree=263
num_leaves=15
num_cat=5
split_feature=3 29 26 14 3 7 29 10 7 28 29 3 29 2
split_gain=7.09257 22.078 9.7548 7.37527 7.04442 9.41414 10.3984 8.39261 7.48955 12.3185 16.9919 12.7907 11.8888 18.5582
threshold=1.0000000180025095e-35 0 3602.0000000000005 -10.262499999999998 0.01120884336273484 23.500000000000004 1 7.5000000000000009 15.500000000000002 2 3 0.98523114520142574 4 2.2947754814401704
decision_type=8 9 2 8 8 2 9 2 2 9 9 10 9 2
left_child=1 -1 -3 -2 5 -5 7 -7 -6 10 11 -10 -11 -14
right_child=3 2 -4 4 8 6 -8 -9 9 12 -12 -13 13 -15
leaf_value=-0.029455621152330955 -0.029132695282299288 0.00031116346528468918 0.04788010273942328 0.021559580799905529 0.0012484074691371185 0.0040101278565344975 -0.012219767565526608 0.058495529767836889 -0.010645974098875046 0.0014361981206943537 0.0049078034725404647 0.046926227162642817 -0.010677301928299202 -0.047230273888818383
leaf_weight=68.596961685456336 20.143995130434632 95.29836299456656 11.15349532291293 89.532298752106726 4110.5142312860116 17.562026130035523 61.843879932537675 11.011837424710391 324.03667409252375 178.48123620823026 678.02891679201275 8.9681260138750059 293.11104058846831 38.590208761394024
leaf_count=735 126 959 69 565 21897 179 586 108 2370 1601 4583 48 2791 274
internal_value=4.55994e-05 -0.00984217 0.00520958 0.000344029 0.000451193 0.0101618 -0.00123674 0.0196361 0.000139162 -0.00285701 0.000380666 -0.0086992 -0.00909094 -0.0146196
internal_weight=6006.87 175.049 106.452 5831.82 5811.68 179.95 90.4177 28.5739 5631.73 1521.22 1011.03 333.005 510.182 331.701
internal_count=36891 1763 1028 35128 35002 1438 873 287 33564 11667 7001 2418 4666 3065
cat_boundaries=0 2 3 4 6 8
cat_threshold=1138041096 18 58753098 1336358 2747897856 32 563196124 7
is_linear=0
shrinkage=0.05


Tree=264
num_leaves=15
num_cat=1
split_feature=25 7 28 25 18 24 8 14 25 25 24 31 3 24
split_gain=5.662 14.1777 15.5753 13.5458 14.2664 12.5785 11.3984 10.9732 10.6027 30.1001 15.5278 24.5687 11.7592 10.5829
threshold=0.083197380520551104 5.5000000000000009 0 0.13656195954255876 -1.3858333333333339 0.4693132700282005 90.500000000000014 6.5025000000000004 0.30537573353204528 0.31102742382143961 0.33916453202580082 3.5000000000000004 0.022926072330336288 0.45265062012745494
decision_type=8 2 9 8 8 10 10 10 8 8 10 8 8 10
left_child=1 -1 -3 4 -2 -4 7 -6 10 -10 -5 12 -12 -11
right_child=3 2 5 8 6 -7 -8 -9 9 13 11 -13 -14 -15
leaf_value=0.013769541560618973 -0.045592012567068053 0.0045448779914742483 -0.0083162783335211186 -0.0037830336847577296 -0.015396601090123745 -0.049623638996182273 0.037583796893786166 0.026012056051167083 -0.0563588969773028 0.00075742261108224145 -0.028542628876716571 -0.015115958394866229 0.030283072537418323 -0.0049781378187860855
leaf_weight=241.27294677775353 28.060279998928308 236.20197848975658 59.025933066383004 150.56581652630121 153.99232602398843 26.152273731306195 11.91812354698777 16.930458040907979 23.195602096617222 3815.7729151090607 8.2567594209685904 44.120720998384058 144.70435201004148 1017.9787526885048
leaf_count=1574 265 1811 513 938 1185 152 64 94 160 22681 83 422 860 5953
internal_value=-0.00013364 0.00463566 -0.00224295 -0.000629919 -0.0130219 -0.0191996 -0.00780259 -0.0111675 -0.000125366 -0.000729803 0.00829703 0.0174984 0.0269429 -0.000451255
internal_weight=5978.15 562.653 321.38 5415.5 210.901 85.1782 182.841 170.923 5204.59 4856.95 347.648 197.082 152.961 4833.75
internal_count=36755 4050 2476 32705 1608 665 1343 1279 31097 28794 2303 1365 943 28634
cat_boundaries=0 1
cat_threshold=62880
is_linear=0
shrinkage=0.05


Tree=265
num_leaves=15
num_cat=2
split_feature=29 18 6 3 11 5 22 13 24 11 0 29 16 30
split_gain=6.36698 11.5572 12.9244 11.0683 19.6873 11.638 11.1561 11.4178 11.0991 9.96978 9.56256 12.4898 12.4414 11.8185
threshold=0 -1.5499999999999996 -38.499999999999993 0.39701604864216572 5.8342842673147972 0.33647818599311136 3.0050000000000003 1.4975000000000025 0.42691909317878596 9.3847616551077682 5.0050000000000008 1 22.512500000000003 3.5000000000000004
decision_type=9 8 10 10 2 10 8 10 10 2 10 9 8 2
left_child=1 -1 3 4 -3 6 -5 -8 -7 -4 11 13 -13 -2
right_child=10 2 9 5 -6 8 7 -9 -10 -11 -12 12 -14 -15
leaf_value=-0.015268371861503342 -0.0087248503398031276 0.051062202328960742 -0.0041625092234499955 -0.047882244077789411 0.0050208926373535119 0.040649450410965321 0.0058231659145721983 -0.025751256971166089 -0.0057007839545059917 0.023436319030653643 0.0042366755117445318 -0.02535641299576899 0.0021537791710811369 0.015425159353456891
leaf_weight=151.32931355759501 577.16028932109475 35.360973348841071 1109.7730656713247 12.445821940898893 64.932986509054899 31.662088086828589 139.55426779016852 34.957226008176804 20.998915247619152 32.731199707835913 1855.59559913259 41.026527909561992 1865.9987036734819 54.615854709409177
leaf_count=866 3702 205 7027 72 408 174 759 192 120 189 11091 284 11597 345
internal_value=0.00051659 -0.00214026 -0.00080514 0.00774014 0.0215977 0.00187432 -0.00399713 -0.000612341 0.0224052 -0.00335204 0.00150606 -0.000484691 0.00154089 -0.00651312
internal_weight=6028.14 1633.75 1482.42 339.912 100.294 239.618 186.957 174.511 52.661 1142.5 4394.4 2538.8 1907.03 631.776
internal_count=37031 10012 9146 1930 613 1317 1023 951 294 7216 27019 15928 11881 4047
cat_boundaries=0 2 4
cat_threshold=1495459368 14 537663568 17
is_linear=0
shrinkage=0.05


Tree=266
num_leaves=15
num_cat=1
split_feature=23 23 29 7 19 23 11 8 11 7 8 13 19 3
split_gain=5.87324 6.52647 15.233 11.8502 12.1081 9.2569 7.66691 7.27542 6.53084 6.09878 5.71326 7.72086 10.3927 10.1121
threshold=65.545625000000015 7.402916666666667 0 3.5000000000000004 98.250000000000014 37.039791666666673 5.6311938603532381 48.500000000000007 6.8504173780515352 12.500000000000002 -2.4999999999999996 20.567500000000003 35.335000000000008 0.088576180039435723
decision_type=10 10 9 2 10 10 2 10 2 2 8 8 8 10
left_child=1 10 6 5 -5 -4 -3 -8 -6 -2 11 12 -1 -13
right_child=9 2 3 4 8 -7 7 -9 -10 -11 -12 13 -14 -15
leaf_value=0.055362079650284696 0.029770402012380279 -0.02933217158667728 -0.01147045183722218 -0.039150766466509362 -0.021480148458543638 0.041468044446639929 0.027439775709153832 -0.014767544175592912 0.024470766118516896 -0.015407442620815873 -0.00012990087993366493 0.022927840126932535 0.0010864374230827136 -0.01124423555038969
leaf_weight=18.199647843837738 29.799367092549801 8.9447045708075148 25.624492169357836 70.095986075699329 16.248121256008748 10.989480337128041 45.442360382527113 12.392186589539049 13.017284773290156 9.1659662462770921 5612.3300304356962 35.609256319701672 16.389605768024921 52.015229932963848
leaf_count=85 179 135 181 789 92 98 403 69 71 133 34013 164 82 253
internal_value=-7.99822e-05 -0.000208537 -0.00900228 -0.0178204 -0.0280082 0.00509878 0.0100914 0.0182987 -0.000907918 0.0190234 0.000103897 0.0107543 0.0303975 0.00274479
internal_weight=5976.26 5937.3 202.755 135.975 99.3614 36.614 66.7793 57.8345 29.2654 38.9653 5734.54 122.214 34.5893 87.6245
internal_count=36747 36435 1838 1231 952 279 607 472 163 312 34597 584 167 417
cat_boundaries=0 2
cat_threshold=539592707 19
is_linear=0
shrinkage=0.05


Tree=267
num_leaves=15
num_cat=4
split_feature=15 29 7 11 1 29 4 26 26 7 28 25 2 28
split_gain=5.53548 15.2791 8.21807 7.25718 6.34434 6.18485 11.4041 13.5111 14.8855 9.05845 10.9934 8.99297 14.6091 8.96042
threshold=-8.752185732518905 0 12.500000000000002 6.8219141251541737 1.1482928240740742 1 46.438220548100034 2199.5000000000005 2005.0000000000002 7.5000000000000009 2 6.3962083872522024 24.840304581315532 3
decision_type=8 9 2 2 8 9 8 2 2 2 9 8 2 9
left_child=1 -1 4 -4 -3 6 13 8 9 10 -8 12 -12 -2
right_child=5 2 3 -5 -6 -7 7 -9 -10 -11 11 -13 -14 -15
leaf_value=-0.014734491404244871 0.01111292943672804 -0.00056177112229522513 -0.040139205414239591 0.014931423589407114 0.035086096595904177 0.00070654202358209027 -0.020774139539350353 -0.06219235766549111 0.048665993156541416 -0.018682206574980337 0.0041696768539418996 -0.039666867173297565 0.060059483582430233 -0.0030349145391342014
leaf_weight=39.849296826869249 138.20702328719199 15.359355822205542 8.2494963733479398 15.991241425275801 64.894096203148365 4916.8409133385867 40.935261249542236 11.452260188758371 9.8425944782793504 173.20084220264107 85.537552071735263 8.2808621153235418 12.578573981299995 437.20891318935901
leaf_count=224 736 77 56 80 367 30311 200 74 57 1116 497 45 64 2901
internal_value=0.000241433 0.00987986 0.0189205 -0.00465771 0.0283407 1.31186e-06 -0.00374263 -0.0110024 -0.00904559 -0.0109636 -0.00182494 0.00688444 0.0118685 0.00051673
internal_weight=5978.43 144.343 104.494 24.2407 80.2535 5834.08 917.244 341.828 330.376 320.533 147.332 106.397 98.1161 575.416
internal_count=36805 804 580 136 444 36001 5690 2053 1979 1922 806 606 561 3637
cat_boundaries=0 2 4 5 6
cat_threshold=1088447552 1 1476664116 16 2633760 2629907
is_linear=0
shrinkage=0.05


Tree=268
num_leaves=15
num_cat=3
split_feature=14 3 29 3 29 28 17 6 11 21 6 26 11 11
split_gain=5.43625 4.43304 20.5191 11.2618 13.5245 10.5043 12.5756 9.65918 12.8516 9.30293 10.3359 9.70456 8.63403 8.94595
threshold=24.760000000000002 1.0000000180025095e-35 0 0.01120884336273484 1 2 1.0000000180025095e-35 4.5000000000000009 5.5271447246413166 1.0129744445047646 -21.499999999999996 3602.0000000000005 6.5627474555153311 5.908191622008073
decision_type=10 8 9 8 9 9 2 8 2 8 8 2 2 2
left_child=1 2 -1 4 -3 6 7 -6 -9 12 -11 -12 13 -4
right_child=-2 3 9 -5 5 -7 -8 8 -10 10 11 -13 -14 -15
leaf_value=-0.028346559213249217 -0.032293075918762772 -0.012224866398165044 0.011513576722114331 0.00028403327361328806 0.085548384069876471 -0.0010223748035417431 -0.0098602321107033319 -0.020049752707590757 0.040922632340088042 -0.044329448392306556 -0.00023649148270609593 0.053737312525886385 -0.0070533075142037993 0.096944561207569391
leaf_weight=59.619324825704098 11.707098636776207 38.292558351531625 5.6996140554547328 5594.1382774086669 9.4662769064307231 48.951716983690858 14.757883829995988 9.4588313903659564 59.668698285706341 10.716365426778792 74.233441948890686 8.3793484158813936 6.943747689947485 6.4916312899440527
leaf_count=665 83 321 86 33402 58 413 131 69 446 57 661 52 129 90
internal_value=0.000375936 0.000445668 -0.00743911 0.000681877 0.012936 0.0192542 0.0288737 0.0398071 0.0324127 0.00578491 -0.000351441 0.00581525 0.0371185 0.0609047
internal_weight=5958.52 5946.82 172.083 5774.73 180.596 142.303 93.3517 78.5938 69.1275 112.464 93.3292 82.6128 19.135 12.1912
internal_count=36663 36580 1740 34840 1438 1117 704 573 515 1075 770 713 305 176
cat_boundaries=0 2 4 5
cat_threshold=1129656590 2 1074086928 8 86020
is_linear=0
shrinkage=0.05


Tree=269
num_leaves=15
num_cat=1
split_feature=7 11 3 25 25 25 3 3 25 33 8 7 25 7
split_gain=7.17287 11.1832 21.8265 14.5141 13.9366 19.6244 16.9341 15.2374 17.5091 14.6731 12.2628 12.0155 11.012 13.9817
threshold=8.5000000000000018 6.3659805170561024 0.41885619474079294 -0.99625807386322596 1.2780542441522658 4.5628605699767766 0.044237000000000005 0.13802248585485521 5.0951596219846671 0 -7.4999999999999991 26.500000000000004 0.37509740308306422 17.500000000000004
decision_type=2 2 10 10 10 10 10 10 8 1 10 2 8 2
left_child=-1 2 4 -4 10 6 9 -7 -9 -6 -2 -11 -12 -14
right_child=1 -3 3 -5 5 7 -8 8 -10 11 12 -13 13 -15
leaf_value=0.0018344803513251418 0.042910354576010806 0.0010151036449845027 0.021482795873720165 -0.016331855310157968 -0.014739165077424461 -0.0040739954994732748 -0.023375537685978304 0.10131101202505675 0.014464248149250347 0.035427106498373329 -0.0064254363231256804 -0.022348662003151318 0.016251043920105786 -0.0042686599170598328
leaf_weight=2875.3803119007498 18.771364954300225 1748.514394890517 26.15762772411108 420.4334774017334 59.856351489201188 34.68943780940026 177.90120096504688 8.3543620854616147 16.375699251890186 37.087261781096458 202.47469430975616 11.027635481208561 210.91259810701013 135.91280785575509
leaf_count=15653 184 11380 126 2501 561 268 1085 47 103 226 1976 84 1132 1471
internal_value=3.48958e-05 -0.0016298 -0.00502864 -0.0140739 -0.000595372 -0.00850362 -0.0139378 0.0174385 0.0466002 0.00168437 0.00421801 0.0219998 0.00282019 0.0082207
internal_weight=5983.85 3108.47 1359.95 446.591 913.363 345.292 285.872 59.4195 24.7301 107.971 568.071 48.1149 549.3 346.825
internal_count=36797 21144 9764 2627 7137 2374 1956 418 150 871 4763 310 4579 2603
cat_boundaries=0 1
cat_threshold=4
is_linear=0
shrinkage=0.05


Tree=270
num_leaves=15
num_cat=0
split_feature=26 13 7 4 25 26 18 15 1 24 19 17 3 11
split_gain=5.31628 7.90895 5.3093 10.7129 11.508 14.9799 7.44465 7.8826 8.05243 10.2467 6.81325 6.70812 6.6859 10.1854
threshold=4699.5000000000009 13.901250000000003 40.500000000000007 11.470332709647682 1.1134367932252438 251.50000000000003 4.9712500000000013 2.1426153964775208 0.30060240963855428 0.22943288164600803 23.205000000000002 3.5000000000000004 0.50119329251370115 9.3177017155214994
decision_type=2 8 2 10 10 2 8 8 8 10 8 2 8 2
left_child=2 -2 12 6 -5 -6 11 8 9 -8 -10 -4 -1 -14
right_child=1 -3 3 4 5 -7 7 -9 10 -11 -12 -13 13 -15
leaf_value=0.0023510011490695294 0.014061293424719687 -0.027403232163170855 -0.03131138777489631 -0.023584042751873258 0.0017629936767134967 0.099741209079022078 -0.0039179180289640398 -0.014391140446119414 -0.050089743443539614 0.065834294068240359 0.002656438827872597 0.01929786844911623 -0.0016629423775917373 0.013707924358550389
leaf_weight=2601.3040642542765 15.499156229197977 38.485649034380913 51.157032120972872 7.1619400512427118 7.9038987793028337 6.7744051590561867 9.7792569305747765 101.14198794402182 5.7327052010223261 10.144055126234887 66.722930457442999 6.8065909305587402 2937.0251146582887 110.88556081429124
leaf_count=16641 85 268 669 133 83 48 160 1207 74 92 538 79 16105 534
internal_value=1.61044e-05 -0.0154595 0.000159752 -0.00663328 0.0262096 0.0504599 -0.00957804 -0.00481104 0.00571961 0.0330459 -0.00214194 -0.0251419 0.000489534 -0.00109942
internal_weight=5976.52 53.9848 5922.54 273.325 21.8402 14.6783 251.485 193.521 92.3789 19.9233 72.4556 57.9636 5649.21 3047.91
internal_count=36716 353 36363 3083 264 131 2819 2071 864 252 612 748 33280 16639
is_linear=0
shrinkage=0.05


Tree=271
num_leaves=15
num_cat=3
split_feature=28 26 30 6 29 3 0 7 28 15 4 26 14 6
split_gain=6.6796 8.05807 6.75148 6.68991 6.01658 7.96881 8.31355 14.0118 13.5435 16.1739 9.22285 12.997 10.0956 9.14632
threshold=0 71.500000000000014 1.5000000000000002 21.500000000000004 1 1.0000000180025095e-35 89.905000000000015 9.5000000000000018 2 -0.69553099149074071 -15.94561456634205 94.500000000000014 0.74875000000000125 -99.499999999999986
decision_type=9 2 2 10 9 10 10 2 9 10 8 2 10 10
left_child=1 2 -1 -4 5 -2 7 8 9 -7 11 12 -9 -11
right_child=4 -3 3 -5 -6 6 -8 10 -10 13 -12 -13 -14 -15
leaf_value=-0.030234918067104745 -0.0090843654424709441 -0.041738509679931556 0.0090471246181069113 -0.03432533921770381 -0.00085912984196391854 0.029705522343673903 -0.0039122186685017213 -0.012508396746480492 0.014813716477079948 0.015784087418660414 0.0027390901406056664 -0.029951819905332602 0.041579103145465458 -0.021106787304914484
leaf_weight=20.849068662151694 134.67870778217912 18.957531854510307 53.417371395975351 9.6297745425254089 4022.7902340218425 26.898406967520714 309.38316490128636 20.624489050358534 460.58942080102861 20.526398003101349 742.00639516022056 52.059008300304413 13.435632197186349 78.320509046316147
leaf_count=132 1184 106 291 96 24647 120 1683 141 2646 99 4832 364 87 381
internal_value=-3.76947e-06 -0.0119992 -0.00628008 0.00198994 0.000228024 0.00257239 0.00350275 0.00512624 0.0110334 -0.00369804 0.000935541 -0.014457 0.00940479 -0.0133647
internal_weight=5984.17 102.854 83.8962 63.0471 5881.31 1858.52 1723.84 1414.46 586.335 125.745 828.126 86.1191 34.0601 98.8469
internal_count=36809 625 519 387 36184 11537 10353 8670 3246 600 5424 592 228 480
cat_boundaries=0 1 3 4
cat_threshold=196673 2528445197 52 1328644
is_linear=0
shrinkage=0.05


Tree=272
num_leaves=15
num_cat=1
split_feature=15 1 2 29 16 3 15 4 7 1 26 4 9 15
split_gain=4.60717 10.9168 6.77756 15.999 8.83209 11.1493 7.953 7.88828 6.85227 7.59583 6.87067 6.52176 6.20044 9.85897
threshold=-8.752185732518905 1.1409353557240884 87.267325423556784 0 -17.482499999999995 0.96357320206847141 0.30093732654560063 -7.2490651863354723 20.500000000000004 1.7864741641337389 27.500000000000004 -15.416507402012423 4.5000000000000009 6.0425854449850815
decision_type=8 10 2 9 10 8 10 8 2 8 2 10 2 8
left_child=1 -1 -2 7 5 6 -5 11 9 -8 -10 -4 -9 -14
right_child=2 -3 3 4 -6 -7 8 12 10 -11 -12 -13 13 -15
leaf_value=-0.010655678047059228 0.00025235635768620018 0.018231527253471966 0.00091193442329944594 -0.028094440954108166 -0.043339667699448893 0.021063977403636733 -0.033357739484662863 0.001288442019739185 0.036169624907361246 0.00018555508302773509 -0.016954086139025378 -0.050493267613528785 0.0117997596597329 0.065294764823454587
leaf_weight=47.984533309005201 5409.8606199198402 98.24458946660161 14.174051005393268 78.126119608059525 25.095540151000023 21.509696502238512 28.968268092721701 100.84513074159622 14.891680650413038 38.611095104366541 9.0999454036355001 9.8792434707283956 48.010170981287956 9.6891126036643964
leaf_count=271 33775 542 76 433 136 107 138 569 77 181 55 49 235 44
internal_value=9.44745e-06 0.00874431 -0.00021191 -0.00649316 -0.0152598 -0.012162 -0.0164723 0.00450409 -0.00636012 -0.0144697 0.0161478 -0.0213741 0.00882182 0.0217422
internal_weight=5954.99 146.229 5808.76 398.9 216.302 191.207 169.697 182.598 91.571 67.5794 23.9916 24.0533 158.544 57.6993
internal_count=36688 813 35875 2100 1127 991 884 973 451 319 132 125 848 279
cat_boundaries=0 2
cat_threshold=14485510 29
is_linear=0
shrinkage=0.05


Tree=273
num_leaves=15
num_cat=3
split_feature=2 29 8 15 5 29 10 8 25 15 29 11 11 25
split_gain=4.38902 11.3342 10.4771 11.3706 8.80336 8.01482 8.6958 7.33934 8.91727 7.53543 8.0801 7.84589 6.04177 5.36604
threshold=-0.0017448529702202007 0 19.500000000000004 6.8783591587537503 0.71255010185892553 1 1.0000000180025095e-35 -1.0000000180025095e-35 0.083968015498320753 0.2515909704413532 2 6.3349123918053465 6.4871814829221828 0.52939331055824701
decision_type=2 9 10 10 8 9 2 8 10 8 9 2 2 10
left_child=1 -1 3 7 -5 6 -4 -3 -9 11 -11 -10 -6 -7
right_child=-2 2 5 4 12 13 -8 8 9 10 -12 -13 -14 -15
leaf_value=-0.015734294134947334 -0.00041184296693065999 -0.011239378369344884 -0.0087039187591833947 0.036595054879143184 -0.035644433169642734 -0.02671835299605399 0.036280087023173979 0.064038531196101534 0.087268153390599248 -0.012179371901281566 0.021582905278428814 0.020385256168958157 0.0046680305989192008 -0.001573525054690023
leaf_weight=46.336925067007542 5615.0371217634529 13.184342693537472 18.119525894522667 8.9486489593982679 18.412982419133186 33.056131102144718 24.288731798529625 13.865615901537238 7.4773766417056384 17.787191328592598 76.216610260307789 10.80589324608445 17.437916412949562 56.643087469041348
leaf_count=297 34723 66 95 55 118 193 133 108 45 111 433 68 91 305
internal_value=-6.71847e-05 0.00525675 0.00859728 0.0165444 -0.00528007 -0.00187491 0.0140627 0.023549 0.0272446 0.022176 0.0161233 0.0508457 -0.0164418 -0.00993679
internal_weight=5977.62 362.581 316.244 184.137 44.7995 132.107 42.4083 139.337 126.153 112.287 94.0038 18.2833 35.8509 89.6992
internal_count=36841 2118 1821 1095 264 726 228 831 765 657 544 113 209 498
cat_boundaries=0 2 4 6
cat_threshold=2147750144 8 1644232730 32 8406016 32
is_linear=0
shrinkage=0.05


Tree=274
num_leaves=15
num_cat=1
split_feature=26 1 26 29 10 11 4 15 11 6 4 6 6 7
split_gain=5.15134 7.96667 7.77026 17.2625 8.1823 6.23005 6.41038 5.91266 7.99476 5.80996 5.75083 4.84384 8.98318 8.10836
threshold=4699.5000000000009 1.3342198581560285 3860.5000000000005 0 7.5000000000000009 6.4172223323443918 -37.803541022512931 6.9613547253891612 6.7184151442535009 -12.499999999999998 9.9122660712129953 92.500000000000014 100.50000000000001 77.500000000000014
decision_type=2 8 2 9 2 2 8 10 2 10 10 10 10 2
left_child=2 -2 11 5 7 9 -7 8 -5 -4 -8 13 -13 -1
right_child=1 -3 3 4 -6 6 10 -9 -10 -11 -12 12 -14 -15
leaf_value=-7.3672221717992716e-05 -0.028773397052300188 0.011378120732819368 0.02364997711273829 -0.054499862034019353 0.028902261924934454 0.0034312457641495599 0.046080901770643057 0.018468538186453116 -0.010328762512663398 -0.028061148166476098 5.0309258991161832e-05 0.086224710611866567 -0.0083522583877435174 -0.033356667971045098
leaf_weight=5724.0710944281891 35.407898779027164 18.026549100875854 11.420462835580112 14.074621006846426 10.606481801718472 15.289662003517149 50.296284392476082 9.0098901987075788 33.993806224316359 8.6549342274665815 7.8223482109606257 3.5773442490026337 5.2105118595063686 17.357749180868268
leaf_count=34957 256 95 68 87 68 130 326 60 224 56 44 50 83 289
internal_value=4.32178e-05 -0.0152678 0.000184176 0.0109778 -0.00842203 0.023381 0.0325248 -0.0171861 -0.0241093 0.00108255 0.0399912 -0.000120205 0.0350238 -0.000180086
internal_weight=5964.82 53.4344 5911.39 161.168 67.6848 93.4837 73.4083 57.0783 48.0684 20.0754 58.1186 5750.22 8.78786 5741.43
internal_count=36793 351 36442 1063 439 624 500 371 311 124 370 35379 133 35246
cat_boundaries=0 2
cat_threshold=34452482 10
is_linear=0
shrinkage=0.05


Tree=275
num_leaves=15
num_cat=3
split_feature=28 29 24 8 4 3 29 11 6 24 10 11 11 15
split_gain=7.23295 16.7588 13.1038 9.44714 13.1622 12.0311 15.2957 12.5872 11.826 9.70965 9.50854 9.06767 10.1953 9.0981
threshold=0 1 0.073281507992878844 30.500000000000004 -1.0000000180025095e-35 0.16173463812045621 2 5.8944162552991237 -15.499999999999998 0.15588127050873948 1.0000000180025095e-35 7.5554892064129797 8.7837026868986054 4.6733478577107803
decision_type=9 9 10 8 10 10 9 2 10 10 2 2 2 8
left_child=1 2 -1 4 5 7 9 -3 -8 -7 -9 -10 13 -13
right_child=-2 3 -4 -5 -6 6 8 10 11 -11 -12 12 -14 -15
leaf_value=0.040513877903150398 -0.00052990378141902516 0.011042708830930817 -0.0083393125401416447 -0.00032936284239317717 -0.0097696879994541713 -0.012852469375920515 0.034217531462533174 0.0081109117568452134 -0.01052141193361842 0.046562372254693105 0.053175123600932329 0.0097038292939746699 -0.0084220759037578752 0.080631254560216734
leaf_weight=13.503880664706228 5117.9886705325916 52.878917962312698 259.95925705507398 171.01727361790836 51.162780666723847 7.706439070403575 23.256514128297567 15.336872961372135 110.64412690140307 42.913768799975514 54.58963046502322 9.814375985413788 17.867566779255867 7.9138855338096645
leaf_count=134 30976 433 1775 1005 428 89 121 138 715 208 519 63 91 42
internal_value=0.000178539 0.00445113 -0.0055846 0.00932151 0.0137358 0.0172609 0.010189 0.029752 0.00177355 0.0313668 0.043545 -0.00346291 0.0181653 0.0439805
internal_weight=5956.55 838.565 273.463 565.102 394.085 342.922 220.117 122.805 169.496 50.6202 69.9265 146.24 35.5958 17.7283
internal_count=36737 5761 1909 3852 2847 2419 1329 1090 1032 297 657 911 196 105
cat_boundaries=0 1 3 4
cat_threshold=1312030 1117882492 52 537530370
is_linear=0
shrinkage=0.05


Tree=276
num_leaves=15
num_cat=3
split_feature=14 4 18 13 16 4 24 8 29 28 22 24 29 4
split_gain=5.19474 4.99957 4.88546 7.27658 5.89256 5.04192 4.57828 4.63844 15.1392 14.0266 15.3688 15.058 16.2354 14.3748
threshold=-10.262499999999998 -92.699365882377705 -8.5499999999999972 -0.99375000000000024 -28.5625 16.398074176765899 1.0000000180025095e-35 10.500000000000002 0 1 0.92166666666666675 0.51209211938545829 2 0.018490456103856284
decision_type=8 8 8 8 8 10 8 10 9 9 8 10 9 10
left_child=-1 -2 4 5 -3 -4 -5 8 -8 -10 -11 12 13 -12
right_child=1 2 3 6 -6 -7 7 -9 9 10 11 -13 -14 -15
leaf_value=-0.021691694270683667 -0.02791643354933972 -0.016157204672346614 -0.032066655401566058 -0.02986086477534923 0.029490785804602227 0.011253752772559522 0.009895767515815182 -0.00097583392418795322 0.0065966714301074316 0.02002628257479765 -0.0081845074502951733 0.018140436745753143 -0.0017299859602732124 -0.032595515063880198
leaf_weight=26.251646634191275 14.781608179211617 8.6947841159999353 27.466938212513924 11.564633797854183 27.393173912540078 8.2277095932513458 470.91908966377378 3086.2034966582432 603.46573680173606 73.040153313428164 215.00721540488303 77.085709325037897 1219.3666934943758 83.401221609674394
leaf_count=161 80 47 174 107 158 48 3421 16750 4440 488 1601 684 7949 548
internal_value=8.84011e-05 0.000188518 0.000263499 0.000149289 0.0183536 -0.0220466 0.000288702 0.000353636 0.00184965 0.000133701 -0.00223258 -0.00327787 -0.0043769 -0.0146053
internal_weight=5952.87 5926.62 5911.84 5875.75 36.088 35.6946 5840.05 5828.49 2742.29 2271.37 1667.9 1594.86 1517.78 298.408
internal_count=36656 36495 36415 36210 205 222 35988 35881 19131 15710 11270 10782 10098 2149
cat_boundaries=0 2 3 4
cat_threshold=2269118725 46 2887862 540219482
is_linear=0
shrinkage=0.05


Tree=277
num_leaves=15
num_cat=3
split_feature=19 29 23 5 3 23 29 6 8 24 22 7 8 29
split_gain=6.16877 14.8261 11.4023 13.6747 11.1563 13.623 9.6462 12.6566 15.753 9.33873 9.25741 11.9039 8.98853 12.5361
threshold=88.215000000000018 0 -6.7474999999999987 0.51362758620689675 0.82838257252067038 7.2666666666666666 1 20.500000000000004 -7.4999999999999991 0.7798663324979116 12.353333333333335 3.5000000000000004 37.500000000000007 2
decision_type=10 9 8 8 8 8 9 10 10 10 10 2 10 9
left_child=6 2 -2 -4 -5 -6 7 9 -9 10 -1 -12 -8 -14
right_child=1 -3 3 4 5 -7 12 8 -10 -11 11 -13 13 -15
leaf_value=0.0065693115624657003 -0.046686494586787489 -0.0065892656386555767 0.013164425982110995 -0.01236694576367761 0.049591896180195903 0.00096651308836275115 0.00035374615025185371 0.050268740444437243 -0.012592062896617573 -0.042886863632245892 0.021227953723614114 -0.04359087997736031 0.0090538014518023943 -0.013398055003032741
leaf_weight=1430.2040055831894 9.8167124167084694 881.68658821191639 259.18693996779621 141.12471189722419 16.426809713244438 83.285289082676172 2616.1424641711637 9.6477087587118131 159.62083168886602 8.8511903658509237 10.127260461449625 19.303377403877676 75.000737883150578 254.13265640847385
leaf_count=8140 53 4793 1460 741 77 427 16750 45 2229 44 100 217 395 1322
internal_value=0.000204448 -0.0027101 0.0040478 0.00521583 -0.00335746 0.00939005 0.00108978 0.00415065 -0.00873503 0.00566913 0.00599273 -0.0213217 -0.000625051 -0.00840154
internal_weight=5974.56 1391.53 509.84 500.024 240.837 99.7121 4583.03 1637.75 169.269 1468.49 1459.63 29.4306 2945.28 329.133
internal_count=36793 7551 2758 2705 1245 504 29242 10775 2274 8501 8457 317 18467 1717
cat_boundaries=0 2 4 6
cat_threshold=20610640 4 2195063119 49 553686016 8
is_linear=0
shrinkage=0.05


Tree=278
num_leaves=15
num_cat=1
split_feature=29 15 20 16 6 3 7 15 4 24 3 6 19 11
split_gain=6.34463 9.54592 6.32514 7.18051 6.60882 6.32379 6.02573 9.99304 12.775 10.3118 9.5913 10.382 7.51728 6.88778
threshold=0 12.541460590231255 2.5049999999999994 7.5050000000000008 -4.4999999999999991 1.203578823724067 5.5000000000000009 10.059026415918419 -10.983732520680347 0.74044534412955476 1.128288442918157 -22.499999999999996 40.750000000000007 7.040829649207061
decision_type=9 10 8 8 10 10 2 10 8 10 10 8 8 2
left_child=1 5 3 -3 -4 -1 10 9 -9 -8 -2 -12 13 -10
right_child=6 2 4 -5 -6 -7 7 8 12 -11 11 -13 -14 -15
leaf_value=0.0020773900943186463 0.00041836466354886392 0.026722416444153869 0.049919895542739699 -0.021694879316855879 0.013384429452152872 -0.018038161994561451 -0.0013405877085111383 -0.047378501648222715 -0.001481386889977525 -0.040750527442055755 0.00070947011371933952 0.035385527905622174 -0.011984627232189708 0.048638424630559389
leaf_weight=1599.1463580345735 1328.4463524762541 13.065224323421715 21.733463112264872 15.809434989467265 29.469265031628311 39.055334217846394 2549.1267722095363 22.267219368368387 21.634535068646077 15.708656271919606 44.369417041540146 41.113122507929802 197.36644463613629 8.9961843490600568
leaf_count=9964 7672 75 126 91 191 209 16228 138 145 86 303 266 1083 51
internal_value=-0.000150056 0.00240299 0.0191649 0.000374167 0.0295514 0.00158712 -0.00119056 -0.00253066 -0.0120473 -0.00159775 0.00146903 0.0176034 -0.00840482 0.014311
internal_weight=5947.31 1718.28 80.0774 28.8747 51.2027 1638.2 4229.03 2815.1 250.264 2564.84 1413.93 85.4825 227.997 30.6307
internal_count=36628 10656 483 166 317 10173 25972 17731 1417 16314 8241 569 1279 196
cat_boundaries=0 2
cat_threshold=2733713989 32
is_linear=0
shrinkage=0.05


Tree=279
num_leaves=15
num_cat=5
split_feature=9 29 0 18 28 2 15 29 15 4 29 28 30 0
split_gain=5.10989 10.0239 14.0386 11.0178 8.34114 11.0378 8.62424 7.97873 9.82525 7.67863 7.32495 11.2896 14.0997 11.8828
threshold=2.5000000000000004 0 51.725000000000009 -47.292499999999997 1 -1.0000000180025095e-35 7.4321206842316556 2 1.0111253229906332 29.507156235387765 3 4 2.5000000000000004 94.010000000000005
decision_type=2 9 8 10 9 2 8 9 8 8 9 9 2 10
left_child=10 4 3 -3 5 -2 -6 -5 -9 -8 11 12 -1 -13
right_child=1 2 -4 7 6 -7 9 8 -10 -11 -12 13 -14 -15
leaf_value=0.021248380399977434 -0.023223284682265175 0.050693608676838822 -0.0053623330230756494 -0.016304947462957704 0.0021009282784442669 0.034516343008328641 0.0012506841710205688 -0.0039202397103544244 0.04576473713909688 0.025351457155466633 0.0001183119639937227 -0.0050886882856183164 -0.011881960422273907 -0.025192439163060038
leaf_weight=84.323766846209764 9.096826069056986 17.887014005333185 558.65127831324935 18.239149782806635 781.92450733110309 51.601018641144037 55.370842963457108 19.227179650217295 19.304435316473246 81.381614360958338 3359.3712864201516 755.62819294910878 50.677716251462698 80.562258375808597
leaf_count=461 54 94 2946 102 4029 297 300 122 102 427 21789 5261 281 440
internal_value=-9.97101e-05 0.00230193 -0.00259254 0.0175876 0.00543731 0.0220525 0.0040916 0.00645982 0.0171594 0.015673 -0.000994395 -0.00479136 0.00821197 -0.00697009
internal_weight=5943.25 1612.68 633.309 74.6578 979.375 60.6978 918.677 56.7708 38.5316 136.752 4330.56 971.192 135.001 836.19
internal_count=36705 8473 3366 420 5107 351 4756 326 224 727 28232 6443 742 5701
cat_boundaries=0 2 3 4 6 7
cat_threshold=582497048 61 405 3242524672 673192824 13 271506
is_linear=0
shrinkage=0.05


Tree=280
num_leaves=15
num_cat=1
split_feature=25 25 24 3 25 23 18 8 10 7 24 13 8 28
split_gain=7.36304 29.6309 18.8549 17.1264 15.9938 13.1044 13.0989 11.1681 10.7089 10.4376 14.9088 11.0925 10.6733 10.4693
threshold=0.30537573353204528 0.31102742382143961 0.34493010167029781 0.015654164830191362 0.13656195954255876 6.4987500000000011 -1.4787499999999996 64.500000000000014 4.5000000000000009 31.500000000000004 0.29754831751488048 5.2262500000000012 67.500000000000014 0
decision_type=8 8 10 10 10 10 8 8 2 2 10 10 8 9
left_child=2 -2 5 7 -5 6 -1 -4 -6 10 11 12 13 -8
right_child=1 -3 3 4 8 -7 9 -9 -10 -11 -12 -13 -14 -15
leaf_value=-0.026302044266320775 -0.056761073968970045 -0.00074601783739852506 -0.025634733232849007 0.0069442561641563086 0.017819233804106275 -0.034903721286327238 -0.0030673836111313074 0.033201329936915498 0.047112463356086806 -0.019981815217635965 -0.0099783907197533127 -0.012978549242419335 0.03879277697989663 0.018467967615475749
leaf_weight=45.990691925399005 22.725091006606817 4833.5154079319909 46.888374873436987 332.24569975677878 110.18356946669519 29.284511467907578 97.608877310529351 8.8032112428918463 43.947719123214483 50.397848218679428 134.32874461915344 44.115455837920308 36.125069700181484 124.87266592867672
leaf_count=367 163 28675 595 2068 700 522 568 147 260 644 852 254 197 744
internal_value=-0.000181491 -0.00101978 0.00350087 0.0101476 0.0131581 -0.00290848 -0.00109 -0.0159129 0.0264215 0.00133773 0.00383616 0.00997885 0.01393 0.00973748
internal_weight=5961.03 4856.24 1104.79 542.069 486.377 562.724 533.439 55.6916 154.131 487.449 437.051 302.722 258.607 222.482
internal_count=36756 28838 7918 3770 3028 4148 3626 742 960 3259 2615 1763 1509 1312
cat_boundaries=0 1
cat_threshold=114689
is_linear=0
shrinkage=0.05


Tree=281
num_leaves=15
num_cat=3
split_feature=29 6 21 28 26 19 29 7 15 6 26 10 1 2
split_gain=4.81081 10.0678 10.9507 12.3704 13.5101 18.3207 13.4599 12.8817 13.8658 15.4227 12.6486 17.2445 12.1417 10.5517
threshold=0 40.500000000000007 0.88936492835132019 1 738.00000000000011 96.517500000000013 2 8.5000000000000018 3.5955875526713079 -3.4999999999999996 997.50000000000011 16.500000000000004 2.0326125487415814 104.66605159728027
decision_type=9 8 8 9 2 8 9 2 10 10 2 2 8 2
left_child=1 2 -1 4 5 6 -4 12 9 -9 -6 -12 -7 -5
right_child=-2 -3 3 13 10 7 -8 8 -10 -11 11 -13 -14 -15
leaf_value=0.024856869717295452 0.00026713621433798617 -0.019530966704397048 -0.001995784847307855 0.0074981808050277174 0.032307982414317205 0.027445536195048068 -0.028203603370792963 -0.025022814591645993 -0.044976301209198911 0.03430612844244571 0.00069717855845575767 -0.042080887948457907 -0.018461116510811434 -0.015478050495201137
leaf_weight=35.811316160485148 4654.5944399423897 86.876476181671023 81.417407393455505 351.37227093055844 27.340536180883646 55.034498333930969 172.71963398810476 22.532760798931122 22.908199185505509 19.499360372312367 321.89254104625434 24.416350401937962 18.598007880151272 57.273090030997992
leaf_count=335 28843 874 481 1851 173 272 1137 116 136 175 1815 138 90 300
internal_value=-0.000486179 -0.00316401 -0.00200064 -0.00283963 -0.00653445 -0.0130828 -0.0210318 0.00154178 -0.0145723 0.00265843 0.000190036 -0.00243135 0.0157585 0.00414683
internal_weight=5952.29 1297.69 1210.82 1175 766.359 392.71 254.137 138.573 64.9403 42.0321 373.649 346.309 73.6325 408.645
internal_count=36736 7893 7019 6684 4533 2407 1618 789 427 291 2126 1953 362 2151
cat_boundaries=0 2 3 5
cat_threshold=1766397984 32 562214 16779264 32
is_linear=0
shrinkage=0.05


Tree=282
num_leaves=15
num_cat=3
split_feature=7 29 13 28 22 19 21 10 25 8 25 2 33 25
split_gain=6.13569 12.0537 16.6794 12.6714 13.8655 11.1685 9.09389 8.73429 7.85403 10.0429 17.524 7.83388 10.7481 10.6044
threshold=21.500000000000004 0 1.3400000000000019 1 1.9083333333333334 51.250000000000007 1.0168597810267985 22.500000000000004 4.7602990202543403 7.5000000000000009 0.4101792012380146 21.558467104847448 2 0.66054981229596965
decision_type=2 9 10 9 10 8 10 2 10 8 10 2 1 8
left_child=-1 -2 3 4 5 -3 11 8 9 10 -7 13 -13 -5
right_child=1 2 -4 6 -6 7 -8 -9 -10 -11 -12 12 -14 -15
leaf_value=0.00060999533236660831 -0.0089586914594248224 -0.0068656203302157092 -0.029893524072382452 -0.017007886108908458 -0.037269036199705681 -0.028484562698756946 0.047864573973690344 0.066082984698363781 0.038548674566821678 0.0019333407294359747 0.051521049839104327 -0.039090720733352971 0.011368244685227092 0.0061436626299664352
leaf_weight=4909.1122390287928 515.12422482296824 39.681144241243601 37.815743599087 69.014100738335401 11.68729170039296 8.1850666031241399 7.5830759964883319 9.9440040029585344 38.570525914430618 75.957203950732946 28.691116165369749 31.547088842839003 15.062806185334919 167.50274801626801
leaf_count=27280 5193 328 343 836 100 113 71 68 196 414 234 180 74 1299
internal_value=-0.000134028 -0.00358894 0.00166334 0.00412132 0.0130224 0.0167608 -0.00276566 0.0225779 0.0193057 0.0124469 0.0334797 -0.00438273 -0.0228877 -0.000654976
internal_weight=5965.48 1056.37 541.242 503.426 212.716 201.029 290.71 161.348 151.404 112.833 36.8762 283.127 46.6099 236.517
internal_count=36729 9449 4256 3913 1453 1353 2460 1025 957 761 347 2389 254 2135
cat_boundaries=0 2 3 4
cat_threshold=3264039250 41 278532 2
is_linear=0
shrinkage=0.05


Tree=283
num_leaves=15
num_cat=5
split_feature=27 7 1 29 0 25 1 2 11 33 7 29 0 29
split_gain=4.34431 7.06245 6.63586 6.4423 10.2942 4.36769 4.12999 4.04287 5.80954 4.0235 15.399 13.3087 12.6699 12.3555
threshold=0 1.5000000000000002 1.7456086286594763 1 85.805000000000021 15.215248173885962 1.6858803986710966 16.703129503868645 6.7267900900536972 2 4.5000000000000009 3 68.010000000000005 4
decision_type=9 2 10 9 10 10 10 2 2 1 2 9 10 9
left_child=1 -1 3 4 -3 9 -7 8 -5 10 13 -12 -13 -2
right_child=5 2 -4 7 -6 6 -8 -9 -10 -11 11 12 -14 -15
leaf_value=0.024393734493139321 -0.0055029610130701498 0.034936086907662929 0.019436802181396366 -0.03438442632638828 -0.028871375808715745 -0.038923478167923922 0.0078808904085128553 -0.050192981851723877 0.0067364620021344223 -0.0001956240696403976 0.01200712560349626 0.0018008770592686356 -0.028372699248936359 0.030126634644943098
leaf_weight=11.742033079266546 36.109231289476156 13.173475466668608 11.155449524521826 25.596759708598256 10.443801544606684 12.647033620625736 6.7532319948077193 19.050565391778946 12.261710230261086 5482.3702269382775 92.622279779985547 75.135244561359286 63.612722862511873 73.873339887708426
leaf_count=51 227 83 65 157 51 114 34 113 83 33928 520 438 333 480
internal_value=-0.000137317 -0.00978572 -0.015435 -0.020445 0.00475969 5.17617e-05 -0.0230432 -0.026971 -0.0212355 0.000132729 0.00539147 -0.00194483 -0.0113265 0.0207033
internal_weight=5946.55 103.424 91.6818 80.5263 23.6173 5843.12 19.4003 56.909 37.8585 5823.72 341.353 231.37 138.748 109.983
internal_count=36677 603 552 487 134 36074 148 353 240 35926 1998 1291 771 707
cat_boundaries=0 1 3 4 6 8
cat_threshold=82002 545259520 32 1 1076139082 34 1094788168 9
is_linear=0
shrinkage=0.05


Tree=284
num_leaves=15
num_cat=0
split_feature=11 32 24 24 11 5 19 26 10 7 23 6 15 9
split_gain=4.71151 4.33579 9.45661 11.5178 11.6138 12.9892 10.9321 12.8438 10.5158 9.83177 9.29147 9.96376 8.61033 8.53464
threshold=10.513609409271316 0.90000000000000013 0.52079093004519061 0.4045584177754849 9.3177017155214994 0.24051666666666668 6.6500000000000012 100.50000000000001 1.0000000180025095e-35 11.500000000000002 1.2883333333333336 2.5000000000000004 5.5072111748521175 6.5000000000000009
decision_type=2 2 10 10 2 8 10 2 2 2 8 10 10 2
left_child=1 2 3 4 5 10 7 -5 9 -8 -1 -12 -9 -7
right_child=-2 -3 -4 6 -6 13 8 12 -10 -11 11 -13 -14 -15
leaf_value=0.06399618515144416 -0.024925062883042307 0.00070419979186254025 0.0099297648521571337 0.017141371334659573 0.027554500308001884 -0.0059141268792579204 0.0040330169801722259 -0.036234700442438955 -0.026593393120433774 -0.036454450041208612 0.028767146899801355 -0.02159709696068322 0.02153132742369606 0.019696617673810715
leaf_weight=9.4780629575252515 17.931876659393311 4827.3570093815215 128.49469133187085 55.579391408711672 33.508815828710794 541.12410799553618 70.505867905914783 24.528763879090548 138.97707561403513 17.992693785578012 26.271009899675846 14.456264961510895 7.885103825479745 33.639393024146557
leaf_count=58 111 29765 762 381 174 3470 351 214 805 124 148 126 50 172
internal_value=-2.15176e-05 5.79814e-05 -0.00276975 -0.00445368 -0.000685063 -0.00224078 -0.0122929 0.00265334 -0.0180608 -0.00451386 0.0218972 0.0108011 -0.0219585 -0.00438359
internal_weight=5947.73 5929.8 1102.44 973.947 658.478 624.969 315.469 87.9933 227.476 88.4986 50.2053 40.7273 32.4139 574.764
internal_count=36711 36600 6835 6073 4148 3974 1925 645 1280 475 332 274 264 3642
is_linear=0
shrinkage=0.05


Tree=285
num_leaves=15
num_cat=3
split_feature=1 29 29 15 6 2 6 6 8 29 16 2 1 7
split_gain=6.25158 19.695 12.7434 10.3647 12.282 11.7554 10.9888 10.0265 9.52114 12.7037 15.3398 11.6985 10.1105 18.7609
threshold=1.4475648075412415 0 1 5.5714981879533685 -41.499999999999993 88.691674061938258 -102.49999999999999 12.500000000000002 1.5000000000000002 2 -0.25249999999999767 138.97870010498994 0.53105709876543228 51.500000000000007
decision_type=10 9 9 10 10 2 10 10 8 9 8 2 8 2
left_child=2 3 7 4 5 -2 -7 -1 -4 10 -10 -12 13 -11
right_child=1 -3 8 -5 -6 6 -8 -9 9 12 11 -13 -14 -15
leaf_value=-0.0080013321055052607 0.015333172021828521 -0.0055125198104839642 -0.00043432107774952393 0.021709842273148025 -0.0050952815660099023 0.013419082586647941 -0.033672781763799911 0.006348089781793579 -0.0073669445857491717 0.045185610238023935 0.014785949343940044 0.052605356465777742 0.0020370239242122052 -0.031858327508714666
leaf_weight=543.2673041569069 214.53764489293098 1307.1856577177532 1436.5402640816756 83.354718994349241 251.50027977861464 22.423772670328617 25.574766464531422 155.99598185159266 76.958590142428875 31.599613029509783 327.20623590238392 21.041175525635481 1471.8502014689147 9.6373088378459197
leaf_count=2939 1196 7214 11326 445 1377 105 125 1470 417 222 1761 107 8070 127
internal_value=0.000266301 -0.00209774 0.0013717 0.00537339 0.00279164 0.0103377 -0.0118477 -0.00472816 0.00264279 0.00493602 0.0124666 0.0172151 0.00271269 0.026852
internal_weight=5978.67 1904.58 4074.1 597.391 514.036 262.536 47.9985 699.263 3374.83 1938.29 425.206 348.247 1513.09 41.2369
internal_count=36901 10462 26439 3248 2803 1426 230 4409 22030 10704 2285 1868 8419 349
cat_boundaries=0 2 3 5
cat_threshold=41081936 32 543357200 2165375502 24
is_linear=0
shrinkage=0.05


Tree=286
num_leaves=15
num_cat=3
split_feature=29 3 8 28 0 26 24 8 24 11 28 14 1 14
split_gain=4.76002 11.2482 13.4984 22.218 20.5144 12.9693 11.7641 11.6161 15.6173 11.0102 17.1701 13.033 11.784 14.0935
threshold=0 0.99111356241128878 8.5000000000000018 1 1.0000000180025095e-35 160.50000000000003 0.41426353355580275 46.500000000000007 0.60759616964358842 7.2980080301982566 2 3.7512500000000006 1.5560796645702308 3.1375000000000002
decision_type=9 8 10 9 8 2 10 10 10 2 9 8 10 8
left_child=1 2 3 5 -5 -1 -6 8 9 10 11 -4 13 -11
right_child=-2 -3 7 4 6 -7 -8 -9 -10 12 -12 -13 -14 -15
leaf_value=-0.014745918403887646 0.0010269140246516538 0.0088761155864675034 -0.023778170129790728 0.072918153796624988 0.020758872653078943 0.0034530749063585251 -0.0219892759435561 0.00089728822019625944 -0.044421240376129927 0.046960701875868253 -0.019212934269679932 0.027829930918794182 -0.029419891925900644 0.00062496902799113075
leaf_weight=161.00367651414126 4533.0031831893139 195.50554891675711 16.802566878497601 15.72660309076309 88.760943322442472 246.65295440051705 18.749905725941062 232.29766768217087 34.926624923944473 19.507314965128899 290.12447504000738 38.658911116421223 22.434253606945276 82.290079668164253
leaf_count=1114 27975 1179 108 101 640 1854 123 1305 179 101 1561 213 115 422
internal_value=0.000226679 -0.00224275 -0.00398051 0.00209627 0.0197316 -0.00366345 0.0131696 -0.00835454 -0.0126059 -0.0101513 -0.0147297 0.0102374 0.00260045 0.00987468
internal_weight=5996.44 1463.44 1267.94 530.894 123.237 407.657 107.511 737.042 504.744 469.818 345.586 55.4615 124.232 101.797
internal_count=36990 9015 7836 3832 864 2968 763 4004 2699 2520 1882 321 638 523
cat_boundaries=0 2 3 4
cat_threshold=3355444348 7 1429504 1835014
is_linear=0
shrinkage=0.05


Tree=287
num_leaves=15
num_cat=1
split_feature=26 1 15 28 20 5 15 10 21 21 13 16 7 18
split_gain=5.89048 9.17795 7.2996 5.80797 14.7858 16.0569 14.2817 10.3692 10.1738 8.87096 10.3244 7.98976 7.56657 13.1474
threshold=4699.5000000000009 1.0817999330879895 1.0111253229906332 0 -63.189999999999991 0.077587254901960792 1.7706015971967572 4.5000000000000009 1.0527474684438116 1.0527474684438116 18.590000000000003 -7.9366666666666648 34.500000000000007 12.481250000000001
decision_type=2 8 10 9 10 10 10 2 10 10 8 8 2 8
left_child=3 -2 -3 4 6 -6 -1 11 -8 10 -9 -7 -5 -14
right_child=1 2 -4 12 5 7 8 9 -10 -11 -12 -13 13 -15
leaf_value=-0.013952217108530451 -0.034171785385069549 0.030378922297293789 -0.024400730597025754 0.001903819324012222 0.039686829817195617 0.044863384088220645 -0.0015020729900708817 0.0036540132428318686 0.043206711066090378 -0.043736279809122369 -0.035234178108342444 0.0066622933750887046 -0.0215116369856381 0.00054635447073685204
leaf_weight=352.85821690037847 29.280963031575084 13.393268257379534 9.584321975708006 4515.7761870287359 30.739928491413593 13.899892203509806 360.66586491838098 89.433292794972658 12.188403621315954 14.900060061365364 20.051868408918381 177.33985332399607 95.16141349915415 226.91382344439626
leaf_count=2252 227 69 52 26823 205 67 1883 501 62 97 111 880 1193 2412
internal_value=0.000486036 -0.0160682 0.00746475 0.00063511 -0.00267845 0.00578515 -0.00675718 0.00236842 7.10946e-05 -0.00882648 -0.00372268 0.00965779 0.0013725 -0.00601738
internal_weight=5962.19 52.2586 22.9776 5909.93 1072.08 346.365 725.712 315.625 372.854 124.385 109.485 191.24 4837.85 322.075
internal_count=36834 348 121 36486 6058 1861 4197 1656 1945 709 612 947 30428 3605
cat_boundaries=0 1
cat_threshold=1647681
is_linear=0
shrinkage=0.05


Tree=288
num_leaves=15
num_cat=4
split_feature=3 29 26 5 29 28 26 20 16 5 28 22 3 7
split_gain=5.99625 11.3735 12.1352 14.6199 10.2605 12.4063 10.3898 9.5585 8.39335 10.2086 7.72136 9.60857 9.30181 10.724
threshold=0.56043612367082896 0 3860.5000000000005 0.5836082728982005 1 2 4487.5000000000009 -89.84999999999998 -7.9366666666666648 0.3240877192982457 3 7.7650000000000006 0.31022964998133945 8.5000000000000018
decision_type=10 9 2 10 9 9 2 8 8 10 9 8 10 2
left_child=4 2 3 -2 5 -1 7 -6 9 -3 11 -9 -13 -14
right_child=1 8 -4 -5 6 -7 -8 10 -10 -11 -12 12 13 -15
leaf_value=-0.018686631367801 -0.0054634388640111258 -0.01477577456570192 0.030049485637506514 -0.026275875613060818 -0.029667362729817362 0.0065995895045500358 -0.034815392804843907 -0.03198766746256388 -0.00071114538723035959 0.025167211684014607 -0.00059917869655521326 0.022140638552927416 0.024164175794967591 -0.021266903493948722
leaf_weight=40.94371472299099 399.85055667720735 20.53677062317729 18.822182565927505 106.23883854784071 26.016585011035204 1034.6323648681864 20.754085752181709 11.357829857617615 1951.6580364014953 63.445175172761083 2128.2119600917213 108.675079414621 20.459988787770271 31.944311093539
leaf_count=226 2122 115 126 561 178 6738 167 70 10510 336 14817 614 113 164
internal_value=7.4064e-05 -0.00175562 -0.00823302 -0.00987561 0.00144286 0.00545759 -0.000419663 -9.98268e-05 -4.15026e-05 0.0153407 0.000247278 0.0100902 0.0138587 -0.0034091
internal_weight=5983.55 2560.55 524.912 506.089 3423 1075.58 2347.42 2326.67 2035.64 83.9819 2300.65 172.437 161.079 52.4043
internal_count=36857 13770 2809 2683 23087 6964 16123 15956 10961 451 15778 961 891 277
cat_boundaries=0 2 4 5 6
cat_threshold=36872210 2 2150870035 15 589840 329618
is_linear=0
shrinkage=0.05


Tree=289
num_leaves=15
num_cat=0
split_feature=24 25 7 24 17 18 24 1 10 25 5 6 6 18
split_gain=4.32311 9.63259 10.3736 6.05584 7.39695 7.9183 6.15228 29.0763 19.875 8.41677 6.38399 6.11515 6.70505 7.791
threshold=0.84967052394728393 -0.62659550619840088 4.5000000000000009 0.65189241520102781 1.0000000180025095e-35 -2.7587500000000014 0.61660736151625761 0.9057713651498337 7.5000000000000009 0.42928485921765602 0.41977583333333335 -54.499999999999993 5.5000000000000009 2.9500000000000002
decision_type=10 10 2 10 2 8 10 8 2 10 8 8 10 8
left_child=3 2 -2 6 11 -6 -1 -8 9 -9 -11 -5 13 -13
right_child=1 -3 -4 4 5 -7 7 8 -10 10 -12 12 -14 -15
leaf_value=3.2163347420064861e-05 0.049255044588181141 -0.044657792270550001 -0.024290503149393808 -0.029836723235276599 0.0052129514885381435 0.05632437278147702 0.067197989357805452 0.021717852351594014 -0.066216632847622511 0.009258069912193306 -0.037742534179617031 0.044584484113062206 -0.029677276584071568 0.0050362957085684206
leaf_weight=5749.8447284395806 7.4473350532352951 15.909681066870688 10.145686186850069 10.779840894043444 14.628311537206171 15.238609060645105 8.6507884263992292 15.597055125981568 19.92310362868011 10.352027535438539 20.603408943861723 15.158739395439627 9.0641099009662849 55.733861241489649
leaf_count=35512 83 81 65 55 86 88 69 86 141 56 100 79 70 332
internal_value=-2.6671e-05 -0.0176743 0.00781689 7.57268e-05 0.011119 0.0322708 -0.000154789 -0.0142757 -0.0257171 -0.00735644 -0.0222269 0.00388079 0.00873902 0.0139953
internal_weight=5979.08 33.5027 17.593 5945.57 120.603 29.8669 5824.97 75.1264 66.4756 46.5525 30.9554 90.7366 79.9567 70.8926
internal_count=36903 229 148 36674 710 174 35964 452 383 242 156 536 481 411
is_linear=0
shrinkage=0.05


Tree=290
num_leaves=15
num_cat=6
split_feature=7 3 3 29 29 21 18 28 4 24 20 28 29 29
split_gain=5.09269 8.6653 12.9567 20.0643 12.6402 12.0344 12.0391 11.2665 10.5714 9.95632 9.47162 9.11992 19.4245 14.2804
threshold=7.5000000000000009 0.21032397891258595 0.61423207130711976 0 1 0.91348985883672118 7.0237500000000006 2 -29.383871023418596 0.4538206498430053 -2.4999999999999925 3 4 5
decision_type=2 8 8 9 9 8 10 9 10 8 10 9 9 9
left_child=1 4 3 7 -1 -4 11 -3 -5 -6 -8 13 -13 -7
right_child=-2 2 5 8 9 6 10 -9 -10 -11 -12 12 -14 -15
leaf_value=0.0082050074220084233 -0.00074039098168507303 0.020200526880021618 0.024414256892512018 0.0096015243310723225 -0.02418268351480863 0.012523984604206282 -0.044617926428588611 -0.010501301862385915 0.025838536754571262 0.0065779988523846523 -0.0060879827208673654 0.0095091752027385464 -0.014682985936943253 -0.00069025801834824351
leaf_weight=82.331619199365377 3669.0596357146278 26.352784596383572 50.11237935628742 327.55042765941471 105.91094629466534 281.20843878388405 24.86550023406744 154.15985579788685 144.94195125438273 34.403762299567461 42.608076054602861 121.12389067560434 221.9855617210269 684.13937006145716
leaf_count=462 23769 145 375 1975 623 1493 137 839 858 216 226 629 1299 3849
internal_value=0.000416166 0.00225932 0.00326398 0.00909116 -0.00709478 0.000591135 -0.000293621 -0.00511636 0.0143239 -0.0155471 -0.0207314 0.000775324 -0.00611261 0.00325682
internal_weight=5970.75 2301.69 2079.05 653.005 222.646 1426.04 1375.93 180.513 472.492 140.315 67.4736 1308.46 343.109 965.348
internal_count=36895 13126 11825 3817 1301 8008 7633 984 2833 839 363 7270 1928 5342
cat_boundaries=0 2 4 5 6 8 10
cat_threshold=557970180 44 2148037889 13 2101254 3261745 651014 4 1652818512 32
is_linear=0
shrinkage=0.05


Tree=291
num_leaves=15
num_cat=1
split_feature=24 1 1 7 18 4 24 28 24 7 10 25 21 1
split_gain=6.50179 7.54189 5.99893 5.41646 10.3891 10.8064 10.3478 14.2548 20.767 13.8223 12.9543 12.2264 10.4065 9.92318
threshold=0.044996093861878278 1.1409353557240884 0.97241248097412492 20.500000000000004 1.5750000000000026 14.222716332149853 0.29754831751488048 0 0.28852607124419211 -1.0000000180025095e-35 16.500000000000004 2.0668050151822333 0.95557482569429641 1.2188988095238098
decision_type=8 10 8 2 10 10 10 9 8 2 2 8 8 10
left_child=1 2 -1 6 -5 -6 7 8 12 -9 -8 -11 -2 -10
right_child=3 -3 -4 4 5 -7 10 9 13 11 -12 -13 -14 -15
leaf_value=-0.013772750527564912 -0.0282008856076169 -0.046995241618082884 0.036269571139043402 -0.0015496183224873953 -0.027959829831715147 0.024377274905806105 0.00048757194032713236 0.04424817259279093 0.041888041381904967 0.014231945363867371 -0.010224803486843435 -0.0045685570844933767 -0.00019695145419072887 0.0037493836274607355
leaf_weight=34.974155227188021 33.607112891972065 14.13863796694204 6.2022093189880243 1005.9244194058701 66.552114591933787 10.756489237770436 3132.9031611513346 29.595610648393631 41.994508218020201 339.45456668362021 309.14771254733205 115.37621725350618 801.79326554946601 28.622378654778004
leaf_count=438 366 160 46 8779 675 80 17576 140 192 1812 1722 599 4097 140
internal_value=0.000116214 -0.0167928 -0.00555387 0.000277133 -0.00291681 -0.0204595 0.00099353 0.00463218 0.000848358 0.0114396 -0.00047725 0.00946329 -0.00135588 0.0266979
internal_weight=5971.04 55.315 41.1764 5915.73 1083.23 77.3086 4832.49 1390.44 906.017 484.426 3442.05 454.831 835.4 70.6169
internal_count=36822 644 484 36178 9534 755 26644 7346 4795 2551 19298 2411 4463 332
cat_boundaries=0 1
cat_threshold=1687616
is_linear=0
shrinkage=0.05


Tree=292
num_leaves=15
num_cat=0
split_feature=15 4 11 5 23 20 18 9 18 1 5 11 8 18
split_gain=6.65201 10.5544 7.69945 14.2654 11.8669 9.644 9.56803 7.51667 7.40287 7.33757 6.91503 6.19575 9.96123 6.48761
threshold=0.044595381267067698 40.304280026542806 7.1981909687899472 0.50591806797853323 0.53958333333333353 5.7524999999999986 -0.65500000000000047 3.5000000000000004 -1.2999999999999987 0.48295234405269283 1.0000000180025095e-35 7.6684068621110759 54.500000000000007 -0.25624999999999692
decision_type=8 10 2 10 8 10 10 2 10 8 8 2 10 10
left_child=1 2 6 4 -4 -5 9 8 -7 10 -1 12 -6 -13
right_child=-2 -3 3 5 11 7 -8 -9 -10 -11 -12 13 -14 -15
leaf_value=0.057555670607206288 2.0597054910042272e-05 -0.027296086750293283 -0.049489982208708871 0.046195893710351099 0.0043269953989258309 0.054166590753699853 0.0042855075583925692 -0.035264296207488929 -0.0049338469342043072 -0.010330203411351713 0.00015510476488561278 -0.0008064906501315998 0.05532095795460841 -0.03271361263401918
leaf_weight=6.5220786882564452 4899.5985141266137 47.005812305957079 11.405932910740374 28.388019137084484 57.461232913658023 8.2654243707656914 175.13027237169445 7.4295442029833785 12.025119612924753 529.99909835262224 17.364854574203491 99.398124436847866 10.543423175811766 17.984436927363276
leaf_count=82 30144 262 86 157 341 52 1311 41 88 3177 224 533 63 115
internal_value=-0.000747218 -0.00439992 -0.00327719 0.00422811 -0.00214585 0.0262302 -0.00588307 0.00488684 0.0205543 -0.00910014 0.0175107 0.00101689 0.0129202 -0.00593009
internal_weight=5928.52 1028.92 981.918 252.901 196.793 56.1081 729.016 27.7201 20.2905 553.886 23.8869 185.387 68.0047 117.383
internal_count=36676 6532 6270 1476 1138 338 4794 181 140 3483 306 1052 404 648
is_linear=0
shrinkage=0.05


Tree=293
num_leaves=15
num_cat=4
split_feature=15 29 7 5 15 8 29 25 4 29 29 9 21 26
split_gain=5.30364 19.012 11.3685 6.64226 6.61299 11.9831 13.5623 11.6154 12.163 9.29088 8.788 8.71705 8.57491 10.3307
threshold=-8.752185732518905 0 12.500000000000002 0.62141993382961147 1.0000000180025095e-35 38.500000000000007 1 0.39649688718720344 -23.367886477831593 2 3 1.0000000180025095e-35 0.97790083642899184 565.00000000000011
decision_type=8 9 2 10 8 10 9 10 10 9 9 2 10 2
left_child=1 -1 3 -3 5 6 -2 -8 9 11 -7 -9 13 -10
right_child=4 2 -4 -5 -6 10 7 8 12 -11 -12 -13 -14 -15
leaf_value=-0.0155817783126658 -0.013539327093999177 0.039485204855602946 -0.0058127523267430623 0.0011106094047979504 0.00034323641076216464 0.0042088172007506211 -0.010130434266759067 0.013018256697433389 0.0039872348692519986 0.010008661378916315 -0.017660680613221361 -0.023667939746057659 0.052029653108560517 0.037868151049289589
leaf_weight=46.555037325248122 132.34289087122306 59.873288791626692 26.014798170886934 13.912441559135912 5010.2038126853295 59.41630027256906 102.43947674846277 22.291647048667073 66.258739861659706 112.4018619377166 204.54339876770973 53.446430701762438 18.722213826142251 33.282989287748933
leaf_count=268 921 328 147 74 30856 316 873 146 467 603 1204 316 126 186
internal_value=-9.56553e-05 0.00927224 0.0204252 0.0323612 -0.000332972 -0.00453604 -0.000270081 0.00427381 0.00924588 0.00132002 -0.0132483 -0.0113608 0.0217379 0.0155797
internal_weight=5961.71 146.356 99.8005 73.7857 5815.35 805.146 541.186 408.843 306.404 188.14 263.96 75.7381 118.264 99.5417
internal_count=36831 817 549 402 36014 5158 3638 2717 1844 1065 1520 462 779 653
cat_boundaries=0 2 4 6 8
cat_threshold=1105291328 5 23347220 25 42476544 32 55587073 9
is_linear=0
shrinkage=0.05


Tree=294
num_leaves=15
num_cat=0
split_feature=2 4 5 1 11 3 3 23 22 5 1 7 11 21
split_gain=5.53714 8.3682 6.70494 8.41626 5.57236 6.96782 6.9887 5.37169 14.2265 11.4136 16.0883 9.60618 7.51617 7.14769
threshold=-8.8233004964928679 15.734671118588075 0.57315895522388083 0.81501610305958139 4.9863729277298541 0.88958269091655706 0.68160594755628201 0.86541666666666706 -0.5083333333333333 0.72943157894736854 2.1467001434720232 4.5000000000000009 5.6766167971982382 0.94306139934805888
decision_type=2 10 10 10 2 8 10 8 8 8 10 2 2 8
left_child=1 2 -1 -4 5 6 -2 9 -9 10 11 -6 -13 -11
right_child=4 -3 3 -5 7 -7 -8 8 -10 13 -12 12 -14 -15
leaf_value=0.0093776664181091027 -0.013804994954006415 0.047481715817401515 0.025304632989592176 -0.027741561261386313 0.035913422087433387 0.011009530076456428 -0.057611134805413182 0.03035456724610754 -0.00046135922024638591 0.00024501384599257415 -0.030153747648050223 -0.02511918763082413 0.0064167956195762656 -0.027612628054805743
leaf_weight=159.99619825650007 46.16673855483532 11.319596271961926 9.2650107853114587 27.484889863058925 22.909038741141558 19.837506406009197 10.698075778782366 36.718647385947406 5321.2112109423615 32.162004636600614 35.250856030732393 21.209703173488379 125.69115158542991 79.903775690123439
leaf_count=940 248 61 60 153 166 116 56 304 32841 224 189 124 818 551
internal_value=-0.000511195 0.00748215 0.00495234 -0.014052 -0.000801599 -0.0141008 -0.0228995 -0.000619399 -0.000244548 -0.00693191 0.000100057 0.00652021 0.00172454 -0.0196862
internal_weight=5959.82 208.066 196.746 36.7499 5751.76 76.7023 56.8648 5675.06 5357.93 317.127 205.061 169.81 146.901 112.066
internal_count=36851 1214 1153 213 35637 420 304 35217 33145 2072 1297 1108 942 775
is_linear=0
shrinkage=0.05


Tree=295
num_leaves=15
num_cat=2
split_feature=29 18 24 26 0 19 19 4 18 8 29 24 24 21
split_gain=5.19253 9.30787 7.24321 16.0428 9.47517 7.85464 7.38994 7.47032 6.69261 10.9059 23.938 11.8498 11.143 10.518
threshold=0 12.985000000000003 0.11754451151887498 149.50000000000003 10.010000000000002 80.710000000000022 89.500000000000014 6.3828433634790418 6.0212500000000011 10.500000000000002 1 0.090457782485351315 0.65189241520102781 0.97790083642899184
decision_type=9 10 10 2 8 8 10 10 8 8 9 10 10 8
left_child=1 2 3 -1 5 -4 -6 -8 9 10 -2 -12 -11 -13
right_child=8 -3 4 -5 6 -7 7 -9 -10 12 11 13 -14 -15
leaf_value=0.077694118318321459 -0.0074796057630243237 0.043007638727182808 -0.043761252202167492 0.002837579361120111 0.0086287671155347336 -0.0016360898602200001 -0.0088667672397969698 0.029330281955571691 -0.001914521465031981 -0.0014756668288847014 -0.026546711952076314 -0.0044301182313604961 0.024214371504959017 0.023304799926992081
leaf_weight=9.3146281735971552 151.7250477578491 14.245905876159666 18.697707237675786 23.647471960633993 288.40803852677345 25.437113970518112 131.12398158013821 13.195955719798802 3760.1015573702753 1176.4121624324471 13.932689642067997 39.488954267464578 42.779684795066714 240.26523292344064
leaf_count=58 1043 94 185 182 1651 178 685 68 23674 6572 217 388 240 1561
internal_value=-0.000283118 0.00441784 0.00334394 0.0256558 0.00175122 -0.0200566 0.00401656 -0.0051964 -0.000744769 0.00189263 0.00857892 0.0165641 -0.000555134 0.019388
internal_weight=5948.78 524.071 509.825 32.9621 476.863 44.1348 432.728 144.32 5424.71 1664.6 445.412 293.687 1219.19 279.754
internal_count=36796 3101 3007 240 2767 363 2404 753 33695 10021 3209 2166 6812 1949
cat_boundaries=0 2 4
cat_threshold=2416115717 48 24180746 4
is_linear=0
shrinkage=0.05


Tree=296
num_leaves=15
num_cat=1
split_feature=1 7 27 24 0 26 26 11 24 11 2 3 24 8
split_gain=7.02818 6.50056 5.45222 9.47132 9.12524 5.42807 6.39543 5.35032 5.04055 5.1477 10.7439 13.4968 12.0911 8.8997
threshold=0.033520599250936332 19.500000000000004 0 0.37632620935573213 93.995000000000019 161.50000000000003 1.0000000180025095e-35 6.4871814829221828 1.0000000180025095e-35 7.976131677984859 0.76049585564788036 0.15825281653946763 0.21121869672622989 63.500000000000007
decision_type=8 2 9 10 10 2 2 2 8 2 2 8 10 10
left_child=1 -1 3 5 -5 6 7 -2 -4 -10 12 -12 -11 -14
right_child=2 -3 8 4 -6 -7 -8 -9 9 10 11 -13 13 -15
leaf_value=0.03312125582645202 0.031406468074473635 -0.036689444080162954 -0.030989834877519121 -0.038942173158830223 0.014158051518277946 0.027594873676237027 -0.020360974724903731 -0.0046668584901703135 -0.00016195979132755723 -0.0075229990866366048 -0.033075350392212079 0.001264466817837615 0.017045799575369665 -0.028599619124565226
leaf_weight=3.1343078427016762 14.183616101741789 20.74391636159271 11.829333644360302 37.4195511136204 9.6887872368097288 13.37961435690522 38.495404796674848 31.181392749771476 5091.9571509021334 72.805540772154927 30.595267999917269 302.58959964290261 268.31652256473899 10.24066026508808
leaf_count=26 75 375 109 199 44 72 233 186 31712 525 196 1472 1607 56
internal_value=-4.29558e-05 -0.0265629 6.82421e-05 -0.0091761 -0.0279537 -0.00082129 -0.00562674 0.00704578 0.000315626 0.000385633 0.00445316 -0.00197838 0.0105403 0.0152714
internal_weight=5956.56 23.8782 5932.68 144.348 47.1083 97.24 83.8604 45.365 5788.33 5776.5 684.548 333.185 351.363 278.557
internal_count=36887 401 36486 809 243 566 494 261 35677 35568 3856 1668 2188 1663
cat_boundaries=0 1
cat_threshold=94546
is_linear=0
shrinkage=0.05


Tree=297
num_leaves=15
num_cat=2
split_feature=2 3 4 29 16 4 2 18 25 26 26 29 25 25
split_gain=4.78226 7.93214 9.99235 9.82883 10.0687 9.95068 5.786 9.06517 7.67494 5.77392 14.1672 11.2792 19.3096 14.8493
threshold=-6.2459047189660319 0.10915081558638938 -12.078552416371036 0 -2.0025000000000026 -7.9911668356760854 -2.8932834785694856 6.1645833333333355 1.3941696277912594 359.00000000000006 312.50000000000006 1 0.060332990628074748 0.54065493486491478
decision_type=2 8 10 9 10 8 2 8 8 2 2 9 10 10
left_child=1 2 -1 4 5 -3 7 -2 -9 10 -8 12 -11 -13
right_child=6 3 -4 -5 -6 -7 9 8 -10 11 -12 13 -14 -15
leaf_value=0.053780699901047738 0.011755718418877537 -0.026203519236018848 -0.0031554281242202904 -0.006227165882684519 0.045921805761601812 0.017566132056225685 0.00031973302196722681 -0.044040063153997784 0.0067333621487377041 0.020262296895887016 0.016450516256821503 -0.0060034791576045674 -0.011121870758051877 0.005361436353076586
leaf_weight=17.587162492796782 18.523016776889563 16.288023501634598 12.983353150077162 116.44537618011236 20.95702275633812 51.561134848743677 3778.9165591257624 26.619585437700152 9.8589406274259073 53.032211038284004 140.20527240913361 514.34010722674429 534.49464414548129 648.86559788137674
leaf_count=98 105 88 92 679 124 288 23177 155 54 434 875 3309 3344 4029
internal_value=-3.56121e-05 0.00692705 0.0302658 0.00332105 0.0148147 0.00683071 -0.000323582 -0.0163164 -0.0305042 -0.000165591 0.000900856 -0.00255205 -0.00812142 0.000332463
internal_weight=5960.68 235.822 30.5705 205.252 88.8062 67.8492 5724.86 55.0015 36.4785 5669.85 3919.12 1750.73 587.527 1163.21
internal_count=36851 1369 190 1179 500 376 35482 314 209 35168 24052 11116 3778 7338
cat_boundaries=0 2 4
cat_threshold=1653104706 36 1077039639 46
is_linear=0
shrinkage=0.05


Tree=298
num_leaves=15
num_cat=4
split_feature=26 24 7 28 24 24 24 7 8 0 29 29 5 29
split_gain=5.56731 12.0947 17.4059 16.1184 23.3095 22.2382 25.5329 16.7118 20.7271 15.9602 13.5475 13.2666 11.2835 11.1746
threshold=64.500000000000014 0.4045584177754849 -6.4999999999999991 0 0.34655687091552129 0.37733366625154419 0.37263447569863473 20.500000000000004 15.500000000000002 74.00500000000001 1 2 0.68831662531017379 3
decision_type=2 10 2 9 10 10 10 2 8 10 9 9 10 9
left_child=1 3 -3 13 7 6 9 8 -5 -6 -7 -4 -13 -1
right_child=-2 2 11 4 5 10 -8 -9 -10 -11 -12 12 -14 -15
leaf_value=0.0088876638968879724 0.0012859336144022148 -0.048961701274201908 -0.016782813520547637 0.029842376452868188 -0.017122172718584305 -0.024475633699181622 -0.071535562930215082 -0.014410103261449826 0.0012951978978555751 0.022280984105988735 0.012051903787596154 -0.0023282703936003081 0.03971645547655818 -0.0049526701627538531
leaf_weight=156.60042833536863 3344.3444618415087 24.321918871253729 182.86882812157273 187.30327161494642 122.13291241973639 19.064835604280233 17.286119155585766 39.034475954249501 96.143630661070347 31.559018351137638 203.43846748769283 313.92609611805528 15.809155970811842 1186.2097165044397
leaf_count=848 21080 136 1026 1057 857 105 126 434 526 168 1267 1915 80 7119
internal_value=-6.24656e-05 -0.00179959 -0.00847533 -5.52974e-05 0.00595066 -0.00213553 -0.0156471 0.0159772 0.0201979 -0.00893942 0.00827073 -0.00646276 -0.000192622 -0.00327949
internal_weight=5940.04 2595.7 536.926 2058.77 715.963 393.481 170.978 322.481 283.447 153.692 222.503 512.604 329.735 1342.81
internal_count=36744 15664 3157 12507 4540 2523 1151 2017 1583 1025 1372 3021 1995 7967
cat_boundaries=0 1 3 5 7
cat_threshold=1209445 532480 20 13231120 46 22028302 30
is_linear=0
shrinkage=0.05


Tree=299
num_leaves=15
num_cat=4
split_feature=26 24 29 19 29 24 20 29 26 3 4 29 4 24
split_gain=6.00881 13.0939 20.6109 15.2327 15.1468 14.9161 14.2824 12.658 11.9767 11.8453 11.1412 10.94 10.8512 10.7125
threshold=388.50000000000006 0.33735820306128589 0 91.252500000000012 1 0.37087025052069966 30.020000000000007 2 312.50000000000006 0.15371011818382349 9.9122660712129953 3 29.507156235387765 0.51209211938545829
decision_type=2 10 9 8 9 10 8 9 2 8 10 9 10 10
left_child=7 2 3 -2 10 -6 13 -1 12 -8 -3 -10 -9 -7
right_child=1 4 -4 -5 5 6 9 8 11 -11 -12 -13 -14 -15
leaf_value=0.011192269829953977 0.012901708526256545 0.0067063182757167369 -0.020627843836393083 -0.030903749317524161 0.016491900748848994 -0.018248405446559708 -0.030153545614578694 -0.00063969506853710505 0.024290946991389634 0.0066583043582082602 -0.014795753347911313 -0.00056467537673542199 0.013588327803383652 -3.8156404510769145e-05
leaf_weight=287.63574456982315 107.69769864808768 684.27181131113321 200.1385214868933 23.296828206628561 68.576931491494179 300.75003776419908 23.65037002414465 3556.5192014668137 87.650877134874463 191.91917605046183 65.110724546015263 88.61754388269037 138.25353318732232 110.27989078685641
leaf_count=1608 727 4223 1358 138 392 1881 305 22040 586 1238 378 506 740 675
internal_value=0.000234296 -0.00219979 -0.0111516 0.00458837 -0.000141493 -0.00541229 -0.00791824 0.00127389 0.000504005 0.00249905 0.00475746 0.0132007 -0.000103769 -0.0133745
internal_weight=5934.37 1775.69 331.133 130.995 1444.56 695.176 626.599 4158.68 3871.04 215.57 749.383 176.268 3694.77 411.03
internal_count=36795 11315 2223 865 9092 4491 4099 25480 23872 1543 4601 1092 22780 2556
cat_boundaries=0 2 4 6 8
cat_threshold=3242459227 48 580488448 17 540152320 5 3221521502 32
is_linear=0
shrinkage=0.05


end of trees

feature_importances:
state=628
months_to_anticipated_completion=376
agency_slip_rate=326
sector=274
agency_cost_optimism=264
agency_n=236
expenditure_ratio=160
slip_to_date_months=153
physical_progress_pct=143
elapsed_ratio=133
log_cost=133
spend_velocity_2q=130
scurve_deviation=110
cost_variation_pct=107
sector_trend_4q=103
months_to_scheduled_completion=94
burn_gap=86
expected_progress_scurve=86
spi=83
sector_actual_target_ratio=83
sector_yoy_growth=72
months_since_last_revision=59
progress_velocity_4q=55
velocity_vs_sector_median=52
ministry=45
revisions_so_far=38
period_type=34
progress_velocity_2q=32
acceleration=29
months_since_last_obs=28
obs_count_in_quarter=25
dq_score=16
stagnation_quarters=5
cost_band=2

parameters:
[boosting: gbdt]
[objective: binary]
[metric: binary_logloss]
[tree_learner: serial]
[device_type: cpu]
[data_sample_strategy: bagging]
[data: ]
[valid: ]
[num_iterations: 300]
[learning_rate: 0.05]
[num_leaves: 15]
[num_threads: 8]
[seed: 0]
[deterministic: 0]
[force_col_wise: 0]
[force_row_wise: 0]
[histogram_pool_size: -1]
[max_depth: -1]
[min_data_in_leaf: 50]
[min_sum_hessian_in_leaf: 0.001]
[bagging_fraction: 0.8]
[pos_bagging_fraction: 1]
[neg_bagging_fraction: 1]
[bagging_freq: 1]
[bagging_seed: 7719]
[bagging_by_query: 0]
[feature_fraction: 0.8]
[feature_fraction_bynode: 1]
[feature_fraction_seed: 2437]
[extra_trees: 0]
[extra_seed: 11797]
[early_stopping_round: 0]
[early_stopping_min_delta: 0]
[first_metric_only: 0]
[max_delta_step: 0]
[lambda_l1: 0]
[lambda_l2: 1]
[linear_lambda: 0]
[min_gain_to_split: 0]
[drop_rate: 0.1]
[max_drop: 50]
[skip_drop: 0.5]
[xgboost_dart_mode: 0]
[uniform_drop: 0]
[drop_seed: 21238]
[top_rate: 0.2]
[other_rate: 0.1]
[min_data_per_group: 100]
[max_cat_threshold: 32]
[cat_l2: 10]
[cat_smooth: 10]
[max_cat_to_onehot: 4]
[top_k: 20]
[monotone_constraints: ]
[monotone_constraints_method: basic]
[monotone_penalty: 0]
[feature_contri: ]
[forcedsplits_filename: ]
[refit_decay_rate: 0.9]
[cegb_tradeoff: 1]
[cegb_penalty_split: 0]
[cegb_penalty_feature_lazy: ]
[cegb_penalty_feature_coupled: ]
[path_smooth: 0]
[interaction_constraints: ]
[verbosity: -1]
[saved_feature_importance_type: 0]
[use_quantized_grad: 0]
[num_grad_quant_bins: 4]
[quant_train_renew_leaf: 0]
[stochastic_rounding: 1]
[linear_tree: 0]
[max_bin: 255]
[max_bin_by_feature: ]
[min_data_in_bin: 3]
[bin_construct_sample_cnt: 200000]
[data_random_seed: 38]
[is_enable_sparse: 1]
[enable_bundle: 1]
[use_missing: 1]
[zero_as_missing: 0]
[feature_pre_filter: 1]
[pre_partition: 0]
[two_round: 0]
[header: 0]
[label_column: ]
[weight_column: ]
[group_column: ]
[ignore_column: ]
[categorical_feature: 27,28,29,33]
[forcedbins_filename: ]
[precise_float_parser: 0]
[parser_config_file: ]
[objective_seed: 8855]
[num_class: 1]
[is_unbalance: 0]
[scale_pos_weight: 1]
[sigmoid: 1]
[boost_from_average: 1]
[reg_sqrt: 0]
[alpha: 0.9]
[fair_c: 1]
[poisson_max_delta_step: 0.7]
[tweedie_variance_power: 1.5]
[lambdarank_truncation_level: 30]
[lambdarank_norm: 1]
[label_gain: ]
[lambdarank_position_bias_regularization: 0]
[eval_at: ]
[multi_error_top_k: 1]
[auc_mu_weights: ]
[num_machines: 1]
[local_listen_port: 12400]
[time_out: 120]
[machine_list_filename: ]
[machines: ]
[gpu_platform_id: -1]
[gpu_device_id: -1]
[gpu_use_dp: 0]
[num_gpu: 1]

end of parameters

pandas_categorical:[["Department for Promotion of Industry & Internal Trade", "Department of Higher Education", "Department of Sports", "Department of Telecommunications", "Department of Water Resources, River Development & GR", "Ministry of Civil Aviation", "Ministry of Coal", "Ministry of Health & Family Welfare", "Ministry of Housing & Urban Affairs", "Ministry of Labour and Employment", "Ministry of Mines", "Ministry of Petroleum & Natural Gas", "Ministry of Ports, Shipping and Waterways", "Ministry of Power", "Ministry of Railways", "Ministry of Road Transport & Highways", "Ministry of Steel"], ["Atomic Energy", "Civil Aviation", "Coal", "Defence", "Education", "Fertilizers & Chemicals", "Finance", "Health", "Home Affairs", "Industry & Commerce", "Mines & Metals", "North Eastern Region", "Petroleum & Natural Gas", "Power", "Railways", "Roads & Highways", "Shipping & Ports", "Social Justice", "Steel", "Telecommunications", "Urban Development & Housing", "Water Resources"], ["Andaman & Nicobar Islands", "Andhra Pradesh", "Arunachal Pradesh", "Assam", "Bihar", "Chandigarh", "Chhattisgarh", "Dadra & Nagar Haveli and Daman & Diu", "Delhi", "Goa", "Gujarat", "Haryana", "Himachal Pradesh", "Jammu & Kashmir", "Jharkhand", "Karnataka", "Kerala", "Ladakh", "Madhya Pradesh", "Maharashtra", "Manipur", "Meghalaya", "Mizoram", "Multi-State", "Nagaland", "Odisha", "Offshore", "PAN India", "Puducherry", "Punjab", "Rajasthan", "Sikkim", "Tamil Nadu", "Telangana", "Tripura", "Uttar Pradesh", "Uttarakhand", "West Bengal"], ["flash", "monthly", "quarterly"]]
