state,highway_name,chainage_raw,chainage_start_km,chainage_end_km,chainage_length_km,districts_touched,num_districts,num_subdistricts,num_villages,num_parcels,total_area_ha,avg_area_per_parcel_ha,parcels_per_km,area_ha_per_km,first_notif_date,last_notif_date,notif_span_days,acquisition_complexity_score
ANDHRA PRADESH,130CD,363.320 - 458.500,363.32,458.5,95.18,VIZIANAGARAM,1,9,55,7160,673.7778,0.0941,75.23,7.079,2020-10-19,2024-07-02,1352,4
ANDHRA PRADESH,130CD,365.033 - 384.800,365.033,384.8,19.767,PARVATHIPURAM MANYAM,1,1,8,360,87.9926,0.2444,18.21,4.4515,2020-10-29,2023-06-05,949,3
ANDHRA PRADESH,130CD,384.800 - 396.800,384.8,396.8,12.0,VIZIANAGARAM,1,2,10,396,63.2018,0.1596,33.0,5.2668,2020-10-19,2024-11-22,1495,4
ANDHRA PRADESH,130CD,396.800 - 421.100,396.8,421.1,24.3,VIZIANAGARAM,1,4,14,2223,168.9465,0.076,91.48,6.9525,2020-10-19,2024-11-12,1485,4
ANDHRA PRADESH,130CD,445.100 - 459.830,445.1,459.83,14.73,VIZIANAGARAM,1,1,9,1896,158.3674,0.0835,128.72,10.7514,2020-10-29,2025-02-28,1583,4
ANDHRA PRADESH,130CD,459.930 - 464.662,459.93,464.662,4.732,VISAKHAPATANAM,1,1,4,667,47.306,0.0709,140.96,9.997,2020-10-29,2022-09-14,685,3
ANDHRA PRADESH,140,0.000 - 61.128,0.0,61.128,61.128,Chittor,1,7,23,677,34.8034,0.0514,11.08,0.5694,2018-03-09,2024-09-19,2386,4
ANDHRA PRADESH,150A,272.400 - 284.500,272.4,284.5,12.1,Anantapuramu,1,1,4,186,50.9522,0.2739,15.37,4.2109,2019-09-18,2020-07-03,289,1
ANDHRA PRADESH,150C,255.887 - 280.276,255.887,280.276,24.389,KURNOOL,1,2,12,235,157.1637,0.6688,9.64,6.444,2021-02-16,2021-07-09,143,2
ANDHRA PRADESH,16,0.000 - 16.384,0.0,16.384,16.384,GUNTUR,1,3,5,298,54.9014,0.1842,18.19,3.3509,2018-05-25,2018-05-25,0,2
ANDHRA PRADESH,16,0.000 - 23.771,0.0,23.771,23.771,Tirupati,1,1,9,55,3.9669,0.0721,2.31,0.1669,2023-10-03,2024-02-16,136,0
ANDHRA PRADESH,16,1.600 - 1.848,1.6,1.848,0.248,KRISHNA,1,1,1,6,0.0293,0.0049,24.19,0.1181,2022-02-15,2022-02-15,0,0
ANDHRA PRADESH,16,1023.280 - 1050.680,1023.28,1050.68,27.4,Eluru,1,1,2,4,0.1739,0.0435,0.15,0.0063,2024-04-10,2024-04-10,0,0
ANDHRA PRADESH,16,1050.680 - 1053.250,1050.68,1053.25,2.57,WEST GODAVARI,1,1,3,12,0.674,0.0562,4.67,0.2623,2020-05-15,2020-05-15,0,0
ANDHRA PRADESH,16,1053.230 - 1084.600,1053.23,1084.6,31.37,KRISHNA,1,1,3,4,0.2422,0.0606,0.13,0.0077,2023-01-13,2023-01-13,0,0
ANDHRA PRADESH,16,1095.600 - 1098.500,1095.6,1098.5,2.9,NTR,1,1,2,42,0.2699,0.0064,14.48,0.0931,2023-01-06,2023-01-06,0,0
ANDHRA PRADESH,16,1098.680 - 1096.210,1098.68,1096.21,-2.47,NTR,1,1,2,36,0.0717,0.002,-14.57,-0.029,2023-03-31,2023-03-31,0,0
ANDHRA PRADESH,16,1182.802 - 1366.547,1182.802,1366.547,183.745,Bapatla,1,1,1,47,0.452,0.0096,0.26,0.0025,2024-02-12,2024-02-12,0,0
ANDHRA PRADESH,16,1210.000 - 1215.000,1210.0,1215.0,5.0,Bapatla,1,1,1,12,0.5625,0.0469,2.4,0.1125,2023-03-10,2023-03-10,0,0
ANDHRA PRADESH,16,1274.000 - 1277.600,1274.0,1277.6,3.6,PRAKASAM,1,1,2,8,0.6434,0.0804,2.22,0.1787,2022-01-13,2022-01-13,0,0
ANDHRA PRADESH,16,1382.465 - 1383.775,1382.465,1383.775,1.31,SPSR Nellore,1,1,1,7,0.2387,0.0341,5.34,0.1822,2023-09-12,2023-09-12,0,0
ANDHRA PRADESH,16,15.700 - 50.500,15.7,50.5,34.8,WEST GODAVARI,1,5,8,74,4.6708,0.0631,2.13,0.1342,2018-08-21,2021-12-03,1200,2
ANDHRA PRADESH,16,30.000 - 47.881,30.0,47.881,17.881,GUNTUR,1,1,4,334,64.956,0.1945,18.68,3.6327,2012-11-22,2018-05-14,1999,4
ANDHRA PRADESH,16,355.000 - 434.150,355.0,434.15,79.15,GUNTUR,1,1,1,23,0.2777,0.0121,0.29,0.0035,2020-09-15,2020-09-15,0,0
ANDHRA PRADESH,16,380.600 - 432.650,380.6,432.65,52.05,GUNTUR,1,1,1,2,0.1214,0.0607,0.04,0.0023,2024-10-25,2024-10-25,0,0
ANDHRA PRADESH,16,470.415 - 580.700,470.415,580.7,110.285,SRIKAKULAM,1,1,1,1,3.1956,3.1956,0.01,0.029,2020-04-22,2020-04-22,0,0
ANDHRA PRADESH,16,482.700 - 530.404,482.7,530.404,47.704,SRIKAKULAM,1,2,6,87,4.5724,0.0526,1.82,0.0958,2018-04-05,2018-07-18,104,0
ANDHRA PRADESH,16,50.500 - 81.400,50.5,81.4,30.9,WEST GODAVARI,1,4,8,56,3.9969,0.0714,1.81,0.1293,2019-02-12,2025-03-26,2234,2
ANDHRA PRADESH,16,580.700 - 634.000,580.7,634.0,53.3,SRIKAKULAM,1,4,8,38,4.9691,0.1308,0.71,0.0932,2018-05-31,2020-12-11,925,1
ANDHRA PRADESH,16,642.954 - 674.000,642.954,674.0,31.046,VIZIANAGARAM,1,1,1,9,0.5141,0.0571,0.29,0.0166,2018-06-18,2018-06-18,0,0
ANDHRA PRADESH,16,674.000 - 809.735,674.0,809.735,135.735,VISAKHAPATANAM,1,1,2,15,0.7051,0.047,0.11,0.0052,2020-07-16,2020-07-16,0,0
ANDHRA PRADESH,16,681.000 - 731.780,681.0,731.78,50.78,VISAKHAPATANAM,1,5,19,165,14.5521,0.0882,3.25,0.2866,2018-05-31,2023-02-28,1734,2
ANDHRA PRADESH,16,809.800 - 901.753,809.8,901.753,91.953,EAST GODAVARI,1,1,3,33,2.1769,0.066,0.36,0.0237,2019-06-25,2019-06-25,0,0
ANDHRA PRADESH,16,901.000 - 938.800,901.0,938.8,37.8,EAST GODAVARI,1,1,2,137,3.5371,0.0258,3.62,0.0936,2018-08-31,2018-08-31,0,0
ANDHRA PRADESH,16,938.800 - 901.000,938.8,901.0,-37.8,EAST GODAVARI,1,1,1,35,2.5856,0.0739,-0.93,-0.0684,2018-05-17,2018-05-17,0,0
ANDHRA PRADESH,16,938.800 - 949.800,938.8,949.8,11.0,EAST GODAVARI,1,1,1,62,2.8589,0.0461,5.64,0.2599,2019-01-07,2020-04-22,471,1
ANDHRA PRADESH,16,949.800 - 979.130,949.8,979.13,29.33,WEST GODAVARI,1,1,1,23,0.0525,0.0023,0.78,0.0018,2018-12-07,2019-02-12,67,0
ANDHRA PRADESH,16,979.130 - 1022.494,979.13,1022.494,43.364,WEST GODAVARI,1,1,3,55,3.2764,0.0596,1.27,0.0756,2018-12-07,2018-12-21,14,0
ANDHRA PRADESH,163G,252.103 - 255.563,252.103,255.563,3.46,NTR,1,1,1,38,5.0487,0.1329,10.98,1.4592,2022-07-29,2024-12-06,861,1
ANDHRA PRADESH,163G,281.305 - 308.220,281.305,308.22,26.915,KRISHNA,1,2,14,438,94.9415,0.2168,16.27,3.5275,2022-08-04,2022-09-13,40,2
ANDHRA PRADESH,165,0.000 - 61.740,0.0,61.74,61.74,KRISHNA,1,5,36,1773,86.8535,0.049,28.72,1.4068,2019-05-16,2024-04-10,1791,4
ANDHRA PRADESH,165,58.000 - 64.000,58.0,64.0,6.0,WEST GODAVARI,1,1,4,506,36.5005,0.0727,84.33,6.0834,2018-11-01,2018-11-01,0,2
ANDHRA PRADESH,165,61.740 - 107.660,61.74,107.66,45.92,WEST GODAVARI,1,7,26,1328,135.3746,0.1019,28.92,2.9481,2018-11-01,2021-12-15,1140,4
ANDHRA PRADESH,167,14.900 - 70.000,14.9,70.0,55.1,KURNOOL,1,1,3,16,3.2455,0.2028,0.29,0.0589,2020-06-12,2021-08-31,445,1
ANDHRA PRADESH,167,62.700 - 70.000,62.7,70.0,7.3,KURNOOL,1,1,4,226,32.1545,0.1423,30.96,4.4047,2023-07-11,2023-11-14,126,2
ANDHRA PRADESH,167,70.000 - 125.150,70.0,125.15,55.15,KURNOOL,1,5,11,306,15.0893,0.0493,5.55,0.2736,2016-06-16,2016-07-20,34,1
ANDHRA PRADESH,167A,0.000 - 35.200,0.0,35.2,35.2,Bapatla,1,4,9,874,89.513,0.1024,24.83,2.543,2023-07-11,2024-02-23,227,2
ANDHRA PRADESH,167A,0.000 - 81.690,0.0,81.69,81.69,Palnadu,1,4,11,516,61.1227,0.1185,6.32,0.7482,2023-07-24,2024-07-03,345,2
ANDHRA PRADESH,167AD,0.000 - 43.659,0.0,43.659,43.659,Palnadu,1,4,7,470,53.9178,0.1147,10.77,1.235,2022-08-30,2023-07-11,315,2
ANDHRA PRADESH,167AG,0.000 - 37.900,0.0,37.9,37.9,Palnadu,1,5,13,704,62.1541,0.0883,18.58,1.6399,2023-06-13,2023-09-29,108,2
ANDHRA PRADESH,167AG,37.900 - 48.985,37.9,48.985,11.085,GUNTUR,1,2,6,568,64.8538,0.1142,51.24,5.8506,2023-04-25,2024-05-24,395,3
ANDHRA PRADESH,167B,0.000 - 18.000,0.0,18.0,18.0,Y . S . R . (Kadapa),1,1,6,313,17.404,0.0556,17.39,0.9669,2022-04-19,2022-04-19,0,1
ANDHRA PRADESH,167B,0.000 - 58.527,0.0,58.527,58.527,Y . S . R . (Kadapa),1,1,3,202,15.9635,0.079,3.45,0.2728,2018-12-21,2019-12-27,371,2
ANDHRA PRADESH,167B,0.000 - 58.635,0.0,58.635,58.635,Y . S . R . (Kadapa),1,4,8,259,15.427,0.0596,4.42,0.2631,2023-05-01,2023-05-01,0,1
ANDHRA PRADESH,167B,43.097 - 99.103,43.097,99.103,56.006,SPS Nellore|SPSR Nellore,2,2,12,405,43.4839,0.1074,7.23,0.7764,2019-05-17,2021-11-24,922,4
ANDHRA PRADESH,167B,76.697 - 99.103,76.697,99.103,22.406,PRAKASAM,1,1,8,277,39.4146,0.1423,12.36,1.7591,2019-05-17,2021-09-30,867,3
ANDHRA PRADESH,167B,99.103 - 189.050,99.103,189.05,89.947,PRAKASAM|SPSR Nellore,2,5,25,821,107.9536,0.1315,9.13,1.2002,2019-05-17,2024-08-29,1931,5
ANDHRA PRADESH,167BG,0.000 - 28.600,0.0,28.6,28.6,SPSR Nellore,1,2,9,303,34.7821,0.1148,10.59,1.2162,2023-05-03,2023-07-21,79,2
ANDHRA PRADESH,167BG,28.600 - 45.600,28.6,45.6,17.0,SPSR Nellore,1,1,3,255,5.3639,0.021,15.0,0.3155,2023-05-03,2024-03-08,310,1
ANDHRA PRADESH,167BG,59.600 - 107.830,59.6,107.83,48.23,SPSR Nellore,1,3,5,366,17.447,0.0477,7.59,0.3617,2022-06-14,2024-03-08,633,2
ANDHRA PRADESH,167K,185.900 - 267.500,185.9,267.5,81.6,Nandyal,1,10,44,6247,445.2188,0.0713,76.56,5.4561,2023-06-06,2024-01-31,239,2
ANDHRA PRADESH,167K,250.000 - 267.500,250.0,267.5,17.5,Y . S . R . (Kadapa),1,3,10,1175,72.9687,0.0621,67.14,4.1696,2023-07-05,2024-02-02,212,2
ANDHRA PRADESH,18,4.140 - 18.340,4.14,18.34,14.2,Chittor,1,1,4,117,2.8593,0.0244,8.24,0.2014,2020-12-22,2020-12-22,0,0
ANDHRA PRADESH,18,56.000 - 57.400,56.0,57.4,1.4,Annamayya,1,1,1,12,0.5812,0.0484,8.57,0.4151,2023-02-13,2023-02-13,0,0
ANDHRA PRADESH,18,57.000 - 108.850,57.0,108.85,51.85,Chittor,1,2,3,19,1.5944,0.0839,0.37,0.0308,2017-02-21,2017-02-21,0,0
ANDHRA PRADESH,205,132.500 - 134.200,132.5,134.2,1.7,Chittor,1,1,1,67,8.9356,0.1334,39.41,5.2562,2019-01-04,2019-01-04,0,0
ANDHRA PRADESH,205,144.400 - 145.830,144.4,145.83,1.43,Chittor,1,2,2,138,7.8099,0.0566,96.5,5.4615,2018-12-31,2020-09-25,634,1
ANDHRA PRADESH,205,182.600 - 184.600,182.6,184.6,2.0,Annamayya,1,1,2,44,2.8449,0.0647,22.0,1.4224,2023-02-17,2025-02-28,742,1
ANDHRA PRADESH,205,225.000 - 228.000,225.0,228.0,3.0,Chittor,1,1,1,142,0.4108,0.0029,47.33,0.1369,2018-09-28,2018-09-28,0,0
ANDHRA PRADESH,205,24.500 - 58.000,24.5,58.0,33.5,Anantapuramu,1,1,1,6,0.4493,0.0749,0.18,0.0134,2016-07-20,2016-07-20,0,0
ANDHRA PRADESH,205,271.000 - 276.000,271.0,276.0,5.0,Chittor,1,2,2,23,2.8249,0.1228,4.6,0.565,2018-10-25,2018-12-31,67,0
ANDHRA PRADESH,205,274.800 - 338.030,274.8,338.03,63.23,Tirupati,1,1,1,1,0.0526,0.0526,0.02,0.0008,2023-07-03,2023-07-03,0,0
ANDHRA PRADESH,205,280.000 - 283.000,280.0,283.0,3.0,Chittor|Tirupati,2,4,3,123,10.3189,0.0839,41.0,3.4396,2018-05-24,2018-05-24,0,1
ANDHRA PRADESH,205,37.000 - 38.000,37.0,38.0,1.0,Anantapuramu,1,1,1,18,4.5727,0.254,18.0,4.5727,2016-09-07,2016-09-07,0,0
ANDHRA PRADESH,205,85.400 - 87.400,85.4,87.4,2.0,Sri Satya Sai,1,1,2,35,4.7593,0.136,17.5,2.3796,2023-12-29,2023-12-29,0,0
ANDHRA PRADESH,205,93.400 - 93.400,93.4,93.4,0.0,Anantapuramu,1,1,1,23,4.0198,0.1748,,,2018-12-08,2018-12-08,0,0
ANDHRA PRADESH,205,96.800 - 96.800,96.8,96.8,0.0,Anantapuramu,1,1,2,52,8.9326,0.1718,,,2018-12-07,2018-12-07,0,0
ANDHRA PRADESH,214,0.000 - 124.570,0.0,124.57,124.57,EAST GODAVARI,1,13,27,499,11.0037,0.0221,4.01,0.0883,2020-02-19,2020-07-02,134,1
ANDHRA PRADESH,214,126.100 - 10.800,126.1,10.8,-115.3,Dr B.R.Ambedkar Konaseema District|EAST GODAVARI|WEST GODAVARI,3,5,12,1398,56.438,0.0404,-12.12,-0.4895,2022-02-28,2023-11-08,618,4
ANDHRA PRADESH,214,129.927 - 195.000,129.927,195.0,65.073,GUNTUR,1,6,25,1267,126.2784,0.0997,19.47,1.9406,2016-12-06,2021-03-17,1562,4
ANDHRA PRADESH,214,195.000 - 254.500,195.0,254.5,59.5,PRAKASAM,1,4,9,117,8.4891,0.0726,1.97,0.1427,2018-07-20,2021-03-04,958,1
ANDHRA PRADESH,214,26.150 - 41.161,26.15,41.161,15.011,EAST GODAVARI,1,1,1,2,0.0929,0.0464,0.13,0.0062,2021-05-28,2021-05-28,0,0
ANDHRA PRADESH,214,34.230 - 84.550,34.23,84.55,50.32,KRISHNA,1,4,16,836,46.7008,0.0559,16.61,0.9281,2016-03-02,2021-01-25,1790,4
ANDHRA PRADESH,214,84.550 - 124.200,84.55,124.2,39.65,KRISHNA,1,4,12,801,67.1949,0.1027,20.2,1.6947,2016-08-26,2021-03-11,1658,4
ANDHRA PRADESH,214A,0.000 - 34.230,0.0,34.23,34.23,WEST GODAVARI,1,4,11,252,2.9497,0.0117,7.36,0.0862,2015-06-30,2021-02-25,2067,3
ANDHRA PRADESH,216A,967.018 - 993.806,967.018,993.806,26.788,WEST GODAVARI,1,1,4,160,2.7698,0.0173,5.97,0.1034,2018-10-26,2018-10-26,0,0
ANDHRA PRADESH,221,0.000 - 71.200,0.0,71.2,71.2,NTR,1,4,11,68,3.6873,0.0542,0.96,0.0518,2015-07-31,2017-02-21,571,1
ANDHRA PRADESH,234,552.950 - 577.545,552.95,577.545,24.595,Chittor,1,1,8,92,4.4793,0.0487,3.74,0.1821,2019-01-28,2020-06-19,508,1
ANDHRA PRADESH,26,491.000 - 504.000,491.0,504.0,13.0,VIZIANAGARAM,1,1,2,21,0.551,0.0262,1.62,0.0424,2023-08-23,2023-08-23,0,0
ANDHRA PRADESH,26,504.000 - 525.200,504.0,525.2,21.2,VIZIANAGARAM,1,1,5,30,0.53,0.0177,1.42,0.025,2022-04-07,2022-04-07,0,0
ANDHRA PRADESH,26,514.725 - 515.708,514.725,515.708,0.983,VIZIANAGARAM,1,1,1,110,3.37,0.0306,111.9,3.4283,2021-01-05,2021-04-07,92,0
ANDHRA PRADESH,26,537.600 - 552.000,537.6,552.0,14.4,VIZIANAGARAM,1,2,5,269,6.832,0.0254,18.68,0.4744,2020-12-18,2020-12-18,0,1
ANDHRA PRADESH,26,557.500 - 558.500,557.5,558.5,1.0,VISAKHAPATANAM,1,1,1,45,7.6133,0.1692,45.0,7.6133,2021-01-13,2021-01-13,0,0
ANDHRA PRADESH,30,169.700 - 236.150,169.7,236.15,66.45,Alluri Sitharama Raju|EAST GODAVARI,2,2,12,212,22.5364,0.1063,3.19,0.3391,2022-03-29,2024-10-01,917,4
ANDHRA PRADESH,326,0.000 - 9.600,0.0,9.6,9.6,Alluri Sitharama Raju,1,1,3,232,24.0175,0.1035,24.17,2.5018,2023-08-11,2023-12-08,119,2
ANDHRA PRADESH,326A,0.000 - 41.000,0.0,41.0,41.0,SRIKAKULAM,1,2,5,140,4.9203,0.0351,3.41,0.12,2020-06-29,2023-12-08,1257,2
ANDHRA PRADESH,326A,0.000 - 41.979,0.0,41.979,41.979,SRIKAKULAM,1,4,8,94,7.4499,0.0793,2.24,0.1775,2019-12-30,2023-03-14,1170,2
ANDHRA PRADESH,340,0.000 - 60.380,0.0,60.38,60.38,Chittor|Y . S . R . (Kadapa),2,5,13,912,24.5606,0.027,15.1,0.4068,2018-08-21,2020-01-24,521,4
ANDHRA PRADESH,340,56.800 - 56.100,56.8,56.1,-0.7,Chittor,1,1,1,54,4.8927,0.0906,-77.14,-6.9896,2018-10-25,2019-11-22,393,1
ANDHRA PRADESH,340,6.000 - 98.000,6.0,98.0,92.0,KURNOOL,1,5,23,932,195.3348,0.2096,10.13,2.1232,2018-11-29,2018-11-29,0,2
ANDHRA PRADESH,340,98.000 - 131.230,98.0,131.23,33.23,PRAKASAM,1,1,2,58,2.0846,0.0359,1.75,0.0627,2018-06-21,2018-06-21,0,0
ANDHRA PRADESH,340B,0.000 - 5.000,0.0,5.0,5.0,KURNOOL,1,1,2,113,7.6765,0.0679,22.6,1.5353,2023-04-26,2023-07-26,91,0
ANDHRA PRADESH,340B,0.000 - 56.200,0.0,56.2,56.2,Nandyal,1,2,8,625,70.0447,0.1121,11.12,1.2463,2023-03-21,2023-06-28,99,2
ANDHRA PRADESH,340C,13.070 - 92.000,13.07,92.0,78.93,Nandyal,1,4,18,648,79.9784,0.1234,8.21,1.0133,2022-09-14,2022-09-14,0,2
ANDHRA PRADESH,340C,6.000 - 15.000,6.0,15.0,9.0,KURNOOL,1,1,3,98,8.6967,0.0887,10.89,0.9663,2022-11-17,2022-11-17,0,0
ANDHRA PRADESH,340C,6.000 - 98.000,6.0,98.0,92.0,KURNOOL,1,1,5,119,19.6858,0.1654,1.29,0.214,2022-07-28,2024-10-15,810,1
ANDHRA PRADESH,342,0.000 - 32.000,0.0,32.0,32.0,Sri Satya Sai,1,3,10,989,61.4745,0.0622,30.91,1.9211,2022-12-09,2025-01-13,766,3
ANDHRA PRADESH,342,32.000 - 79.650,32.0,79.65,47.65,Sri Satya Sai,1,5,16,1360,205.0173,0.1507,28.54,4.3026,2023-05-03,2025-01-03,611,3
ANDHRA PRADESH,365BB,0.000 - 67.800,0.0,67.8,67.8,Eluru,1,3,12,679,67.645,0.0996,10.01,0.9977,2024-01-25,2025-01-27,368,3
ANDHRA PRADESH,365BB,49.860 - 51.540,49.86,51.54,1.68,EAST GODAVARI,1,1,2,55,4.677,0.085,32.74,2.7839,2024-12-16,2024-12-16,0,0
ANDHRA PRADESH,365BG,132.664 - 162.126,132.664,162.126,29.462,WEST GODAVARI,1,1,1,3,1.0603,0.3534,0.1,0.036,2018-11-29,2021-07-20,964,1
ANDHRA PRADESH,365BG,89.874 - 162.126,89.874,162.126,72.252,WEST GODAVARI,1,6,31,2506,558.0416,0.2227,34.68,7.7235,2018-11-29,2022-03-11,1198,4
ANDHRA PRADESH,40,108.850 - 160.200,108.85,160.2,51.35,Y . S . R . (Kadapa),1,4,9,106,2.038,0.0215,2.06,0.0397,2017-06-02,2018-08-21,445,1
ANDHRA PRADESH,40,351.460 - 358.260,351.46,358.26,6.8,Chittor,1,1,2,10,0.4857,0.0486,1.47,0.0714,2022-07-20,2022-07-20,0,0
ANDHRA PRADESH,42,0.000 - 9.200,0.0,9.2,9.2,Anantapuramu,1,1,1,48,0.3974,0.0083,5.22,0.0432,2023-08-22,2023-08-22,0,0
ANDHRA PRADESH,42,130.400 - 137.500,130.4,137.5,7.1,Anantapuramu,1,1,3,145,36.1386,0.2492,20.42,5.0899,2019-12-30,2019-12-30,0,1
ANDHRA PRADESH,42,159.250 - 168.450,159.25,168.45,9.2,Sri Satya Sai,1,1,1,92,8.5384,0.0928,10.0,0.9281,2023-02-17,2023-02-17,0,0
ANDHRA PRADESH,42,159.600 - 168.400,159.6,168.4,8.8,Anantapuramu,1,1,3,299,54.5358,0.1824,33.98,6.1972,2020-01-28,2020-01-28,0,2
ANDHRA PRADESH,42,202.050 - 244.930,202.05,244.93,42.88,Annamayya,1,4,12,1149,54.3689,0.0473,26.8,1.2679,2022-11-25,2023-04-26,152,2
ANDHRA PRADESH,42,315.900 - 340.900,315.9,340.9,25.0,Chittor,1,2,5,208,23.8508,0.1147,8.32,0.954,2023-11-03,2025-03-26,509,3
ANDHRA PRADESH,42,76.000 - 102.130,76.0,102.13,26.13,Anantapuramu|Sri Satya Sai,2,3,8,169,19.1123,0.1131,6.47,0.7314,2019-11-22,2021-05-24,549,2
ANDHRA PRADESH,42,92.000 - 94.000,92.0,94.0,2.0,Sri Satya Sai,1,1,1,23,4.0198,0.1748,11.5,2.0099,2018-12-07,2018-12-07,0,0
ANDHRA PRADESH,42,97.410 - 103.300,97.41,103.3,5.89,Anantapuramu,1,1,1,131,28.5748,0.2181,22.24,4.8514,2020-01-28,2020-01-28,0,1
ANDHRA PRADESH,42,97.410 - 136.410,97.41,136.41,39.0,Sri Satya Sai,1,2,9,526,36.7806,0.0699,13.49,0.9431,2023-11-24,2023-11-24,0,2
ANDHRA PRADESH,44,293.000 - 463.650,293.0,463.65,170.65,Anantapuramu,1,2,2,19,4.8807,0.2569,0.11,0.0286,2019-02-05,2019-02-05,0,0
ANDHRA PRADESH,440,0.000 - 22.000,0.0,22.0,22.0,Y . S . R . (Kadapa),1,3,8,610,16.4338,0.0269,27.73,0.747,2022-01-13,2022-08-16,215,1
ANDHRA PRADESH,440,0.000 - 50.000,0.0,50.0,50.0,Annamayya|Y . S . R . (Kadapa),2,2,5,214,1.8411,0.0086,4.28,0.0368,2023-02-06,2024-11-14,647,3
ANDHRA PRADESH,440,22.000 - 50.000,22.0,50.0,28.0,Y . S . R . (Kadapa),1,1,2,36,2.9624,0.0823,1.29,0.1058,2022-01-07,2022-01-07,0,0
ANDHRA PRADESH,440,50.000 - 130.500,50.0,130.5,80.5,Y . S . R . (Kadapa),1,5,26,1354,163.3004,0.1206,16.82,2.0286,2023-11-22,2023-11-22,0,2
ANDHRA PRADESH,440,98.500 - 130.500,98.5,130.5,32.0,Nandyal,1,1,2,52,11.1735,0.2149,1.62,0.3492,2023-11-03,2023-11-03,0,0
ANDHRA PRADESH,5,0.040 - 16.000,0.04,16.0,15.96,GUNTUR,1,1,2,17,2.4656,0.145,1.07,0.1545,2018-05-14,2018-05-14,0,0
ANDHRA PRADESH,516,0.000 - 13.500,0.0,13.5,13.5,EAST GODAVARI,1,4,16,458,32.1801,0.0703,33.93,2.3837,2022-02-03,2023-04-24,445,3
ANDHRA PRADESH,516,0.000 - 40.000,0.0,40.0,40.0,EAST GODAVARI,1,4,21,1609,181.0377,0.1125,40.22,4.5259,2022-02-03,2024-02-23,750,3
ANDHRA PRADESH,516B,22.400 - 59.400,22.4,59.4,37.0,VISAKHAPATANAM|VIZIANAGARAM,2,5,25,2295,131.5194,0.0573,62.03,3.5546,2024-07-03,2025-03-26,266,3
ANDHRA PRADESH,516D,30.500 - 31.150,30.5,31.15,0.65,Eluru,1,2,2,7,0.2712,0.0387,10.77,0.4172,2023-04-18,2023-04-18,0,0
ANDHRA PRADESH,516E,0.000 - 31.000,0.0,31.0,31.0,VIZIANAGARAM,1,2,15,729,15.9554,0.0219,23.52,0.5147,2020-10-21,2022-06-03,590,2
ANDHRA PRADESH,516E,0.000 - 53.330,0.0,53.33,53.33,Alluri Sitharama Raju|VISAKHAPATANAM,2,6,42,725,51.2175,0.0706,13.59,0.9604,2020-09-10,2025-01-13,1586,5
ANDHRA PRADESH,516E,0.000 - 71.250,0.0,71.25,71.25,Alluri Sitharama Raju,1,4,34,1186,254.7367,0.2148,16.65,3.5753,2022-12-15,2023-09-22,281,2
ANDHRA PRADESH,516E,118.000 - 388.010,118.0,388.01,270.01,VISAKHAPATANAM,1,5,34,548,28.385,0.0518,2.03,0.1051,2021-04-07,2023-05-31,784,3
ANDHRA PRADESH,516E,120.000 - 253.430,120.0,253.43,133.43,Anakapalli|VISAKHAPATANAM,2,2,3,92,12.452,0.1353,0.69,0.0933,2021-04-07,2022-10-07,548,2
ANDHRA PRADESH,516E,16.000 - 28.800,16.0,28.8,12.8,EAST GODAVARI,1,2,4,23,1.0366,0.0451,1.8,0.081,2022-03-11,2022-07-06,117,0
ANDHRA PRADESH,516E,2.125 - 26.937,2.125,26.937,24.812,VIZIANAGARAM,1,2,11,25,0.457,0.0183,1.01,0.0184,2023-09-20,2023-09-20,0,0
ANDHRA PRADESH,516E,24.800 - 24.800,24.8,24.8,0.0,EAST GODAVARI,1,1,1,11,0.7225,0.0657,,,2024-02-23,2024-02-23,0,0
ANDHRA PRADESH,516E,248.916 - 262.260,248.916,262.26,13.344,Alluri Sitharama Raju,1,6,51,895,64.6679,0.0723,67.07,4.8462,2022-10-07,2024-01-17,467,3
ANDHRA PRADESH,516E,35.700 - 38.200,35.7,38.2,2.5,Alluri Sitharama Raju,1,1,3,57,6.305,0.1106,22.8,2.522,2024-09-25,2024-11-19,55,0
ANDHRA PRADESH,516E,51.772 - 92.755,51.772,92.755,40.983,Alluri Sitharama Raju,1,2,24,81,7.653,0.0945,1.98,0.1867,2024-03-08,2024-03-08,0,0
ANDHRA PRADESH,516F,0.000 - 12.250,0.0,12.25,12.25,EAST GODAVARI,1,2,6,631,56.2443,0.0891,51.51,4.5914,2022-05-30,2024-04-10,681,3
ANDHRA PRADESH,544D,0.000 - 5.400,0.0,5.4,5.4,Anantapuramu,1,1,2,11,0.2913,0.0265,2.04,0.0539,2023-08-22,2023-08-22,0,0
ANDHRA PRADESH,544D,0.000 - 69.000,0.0,69.0,69.0,Anantapuramu,1,7,23,1951,214.9971,0.1102,28.28,3.1159,2018-06-21,2023-01-13,1667,4
ANDHRA PRADESH,544D,190.000 - 213.000,190.0,213.0,23.0,PRAKASAM,1,1,3,231,25.7107,0.1113,10.04,1.1179,2018-05-25,2018-05-25,0,2
ANDHRA PRADESH,544D,213.000 - 323.800,213.0,323.8,110.8,PRAKASAM,1,9,35,888,17.6063,0.0198,8.01,0.1589,2019-02-11,2019-02-11,0,1
ANDHRA PRADESH,544D,306.940 - 322.800,306.94,322.8,15.86,GUNTUR,1,1,3,20,2.261,0.1131,1.26,0.1426,2020-01-09,2020-01-09,0,0
ANDHRA PRADESH,544D,68.866 - 179.746,68.866,179.746,110.88,KURNOOL,1,6,30,1114,135.6539,0.1218,10.05,1.2234,2018-06-21,2019-01-01,194,2
ANDHRA PRADESH,544DD,0.000 - 56.000,0.0,56.0,56.0,Anantapuramu,1,1,1,14,2.8893,0.2064,0.25,0.0516,2019-07-04,2019-07-04,0,0
ANDHRA PRADESH,544E,0.000 - 57.700,0.0,57.7,57.7,Anantapuramu,1,1,1,68,10.0966,0.1485,1.18,0.175,2021-09-30,2021-09-30,0,0
ANDHRA PRADESH,544E,56.803 - 99.179,56.803,99.179,42.376,Sri Satya Sai,1,1,3,129,10.9218,0.0847,3.04,0.2577,2022-09-22,2022-09-22,0,0
ANDHRA PRADESH,544E,57.700 - 103.200,57.7,103.2,45.5,Anantapuramu,1,3,8,696,63.8684,0.0918,15.3,1.4037,2018-09-28,2021-10-06,1104,4
ANDHRA PRADESH,544F,155.550 - 281.100,155.55,281.1,125.55,PRAKASAM,1,10,39,2209,671.8875,0.3042,17.59,5.3516,2020-01-27,2020-01-27,0,2
ANDHRA PRADESH,544F,303.350 - 324.700,303.35,324.7,21.35,PRAKASAM,1,2,4,420,94.1123,0.2241,19.67,4.4081,2020-01-27,2020-01-27,0,2
ANDHRA PRADESH,565,133.922 - 154.900,133.922,154.9,20.978,PRAKASAM,1,1,1,25,6.162,0.2465,1.19,0.2937,2021-07-19,2024-04-15,1001,1
ANDHRA PRADESH,565,198.694 - 294.000,198.694,294.0,95.306,PRAKASAM,1,1,1,67,7.1182,0.1062,0.7,0.0747,2018-07-25,2018-07-25,0,0
ANDHRA PRADESH,565,261.700 - 267.200,261.7,267.2,5.5,PRAKASAM,1,1,1,68,7.1164,0.1047,12.36,1.2939,2018-07-25,2018-07-25,0,0
ANDHRA PRADESH,565,361.000 - 420.000,361.0,420.0,59.0,SPSR Nellore,1,1,1,46,7.3449,0.1597,0.78,0.1245,2019-08-27,2019-08-27,0,0
ANDHRA PRADESH,565,361.330 - 420.800,361.33,420.8,59.47,SPSR Nellore,1,2,2,202,43.9574,0.222,3.4,0.7392,2016-07-11,2018-01-31,569,3
ANDHRA PRADESH,565,509.400 - 511.400,509.4,511.4,2.0,Chittor,1,1,2,39,8.3518,0.2141,19.5,4.1759,2018-10-25,2018-10-25,0,0
ANDHRA PRADESH,565,86.057 - 133.922,86.057,133.922,47.865,Palnadu,1,2,6,378,16.0679,0.0425,7.9,0.3357,2022-11-22,2023-07-05,225,1
ANDHRA PRADESH,65,0.000 - 63.800,0.0,63.8,63.8,KRISHNA,1,2,4,37,1.0359,0.028,0.58,0.0162,2019-09-27,2020-01-30,125,0
ANDHRA PRADESH,65,190.856 - 221.500,190.856,221.5,30.644,KRISHNA,1,4,14,485,47.9121,0.0988,15.83,1.5635,2009-01-28,2009-01-28,0,2
ANDHRA PRADESH,65,20.650 - 32.050,20.65,32.05,11.4,KRISHNA,1,2,4,218,3.2502,0.0149,19.12,0.2851,2018-06-01,2018-06-01,0,1
ANDHRA PRADESH,65,220.700 - 245.400,220.7,245.4,24.7,KRISHNA|NTR,2,2,4,111,5.1627,0.0465,4.49,0.209,2020-06-25,2023-01-05,924,2
ANDHRA PRADESH,65,32.050 - 48.700,32.05,48.7,16.65,KRISHNA,1,1,3,4,0.2672,0.0668,0.24,0.016,2018-06-01,2018-06-01,0,0
ANDHRA PRADESH,65,48.700 - 64.500,48.7,64.5,15.8,KRISHNA,1,3,5,73,1.5098,0.0207,4.62,0.0956,2018-10-30,2019-02-26,119,0
ANDHRA PRADESH,67,0.000 - 107.155,0.0,107.155,107.155,SPSR Nellore,1,7,30,2465,426.526,0.173,23.0,3.9805,2022-11-02,2023-08-24,295,2
ANDHRA PRADESH,67,0.000 - 11.780,0.0,11.78,11.78,Y . S . R . (Kadapa),1,1,1,106,13.6364,0.1286,9.0,1.1576,2022-11-02,2022-11-02,0,0
ANDHRA PRADESH,67,0.000 - 7.750,0.0,7.75,7.75,Anantapuramu,1,1,5,152,27.2026,0.179,19.61,3.51,2023-05-01,2023-05-01,0,1
ANDHRA PRADESH,67,424.650 - 487.693,424.65,487.693,63.043,Anantapuramu,1,5,5,54,6.2319,0.1154,0.86,0.0989,2019-11-29,2020-06-12,196,0
ANDHRA PRADESH,67,476.000 - 523.500,476.0,523.5,47.5,Anantapuramu|Y . S . R . (Kadapa),2,3,23,437,32.6627,0.0747,9.2,0.6876,2022-01-28,2025-01-31,1099,5
ANDHRA PRADESH,67,562.000 - 564.000,562.0,564.0,2.0,Kadapa,1,1,2,8,0.4937,0.0617,4.0,0.2468,2021-06-23,2021-06-23,0,0
ANDHRA PRADESH,67,587.000 - 628.000,587.0,628.0,41.0,Y . S . R . (Kadapa),1,5,12,1002,146.8606,0.1466,24.44,3.582,2022-03-16,2024-07-03,840,3
ANDHRA PRADESH,67,589.000 - 641.000,589.0,641.0,52.0,Y . S . R . (Kadapa),1,4,5,75,1.8812,0.0251,1.44,0.0362,2015-10-25,2017-08-29,674,1
ANDHRA PRADESH,67,641.000 - 695.000,641.0,695.0,54.0,SPSR Nellore,1,2,3,114,3.5308,0.031,2.11,0.0654,2015-10-20,2016-12-06,413,1
ANDHRA PRADESH,67,695.000 - 741.950,695.0,741.95,46.95,SPSR Nellore,1,2,3,61,7.2056,0.1221,1.3,0.1535,2016-02-05,2016-02-05,0,0
ANDHRA PRADESH,67,738.520 - 740.130,738.52,740.13,1.61,SPS Nellore,1,1,2,16,3.3547,0.2097,9.94,2.0837,2022-09-08,2022-09-08,0,0
ANDHRA PRADESH,67,742.195 - 773.005,742.195,773.005,30.81,SPS Nellore,1,1,1,1,0.0142,0.0142,0.03,0.0005,2022-07-20,2022-07-20,0,0
ANDHRA PRADESH,71,0.000 - 55.900,0.0,55.9,55.9,Annamayya|Chittor,2,6,25,1839,326.7841,0.1777,32.9,5.8459,2018-09-04,2025-02-21,2362,5
ANDHRA PRADESH,71,0.000 - 57.046,0.0,57.046,57.046,Tirupati,1,5,32,2271,233.4406,0.1028,39.81,4.0921,2018-06-18,2022-12-15,1641,4
ANDHRA PRADESH,71,0.000 - 58.360,0.0,58.36,58.36,Chittor,1,6,22,1443,279.4335,0.1936,24.73,4.7881,2018-09-04,2018-12-07,94,2
ANDHRA PRADESH,71,128.200 - 163.400,128.2,163.4,35.2,Chittor,1,4,21,1577,167.2808,0.1061,44.8,4.7523,2018-06-18,2018-12-20,185,2
ANDHRA PRADESH,71,163.400 - 183.400,163.4,183.4,20.0,SPSR Nellore,1,1,10,729,75.3053,0.1033,36.45,3.7653,2018-06-18,2020-04-22,674,3
ANDHRA PRADESH,71,187.000 - 191.000,187.0,191.0,4.0,SPSR Nellore 1,1,1,3,44,4.7953,0.109,11.0,1.1988,2019-05-16,2019-05-16,0,0
ANDHRA PRADESH,71,37.253 - 57.046,37.253,57.046,19.793,SPSR Nellore,1,1,8,87,2.7509,0.0316,4.4,0.139,2021-12-13,2021-12-13,0,0
ANDHRA PRADESH,71,53.400 - 57.046,53.4,57.046,3.646,SPSR Nellore,1,2,4,206,26.7159,0.1297,56.5,7.3275,2020-11-02,2022-01-13,437,3
ANDHRA PRADESH,71,55.900 - 95.717,55.9,95.717,39.817,Chittor|Tirupati,2,6,15,828,145.919,0.1762,20.8,3.6647,2018-07-18,2023-06-28,1806,5
ANDHRA PRADESH,71,57.046 - 91.910,57.046,91.91,34.864,Tirupati,1,1,1,3,0.0485,0.0162,0.09,0.0014,2023-04-17,2023-04-17,0,0
ANDHRA PRADESH,71,57.046 - 91.927,57.046,91.927,34.881,Tirupati,1,2,9,544,99.5054,0.1829,15.6,2.8527,2022-09-08,2025-05-09,974,3
ANDHRA PRADESH,71,58.360 - 109.300,58.36,109.3,50.94,Chittor,1,4,11,129,10.59,0.0821,2.53,0.2079,2018-11-14,2018-11-14,0,0
ANDHRA PRADESH,716,0.000 - 117.700,0.0,117.7,117.7,Y . S . R . (Kadapa),1,7,26,1125,248.6886,0.2211,9.56,2.1129,2021-03-09,2021-03-12,3,2
ANDHRA PRADESH,716,0.000 - 120.849,0.0,120.849,120.849,Y . S . R . (Kadapa),1,3,7,399,87.9565,0.2204,3.3,0.7278,2021-03-09,2023-06-28,841,3
ANDHRA PRADESH,716,100.536 - 120.849,100.536,120.849,20.313,Chittor,1,1,6,286,29.6714,0.1037,14.08,1.4607,2021-04-08,2021-05-10,32,2
ANDHRA PRADESH,716,101.620 - 121.930,101.62,121.93,20.31,Tirupati,1,1,6,141,18.3056,0.1298,6.94,0.9013,2023-03-10,2023-03-10,0,0
ANDHRA PRADESH,716,152.100 - 154.300,152.1,154.3,2.2,Y . S . R . (Kadapa),1,2,2,11,3.2577,0.2962,5.0,1.4808,2022-08-16,2022-08-16,0,0
ANDHRA PRADESH,716,29.031 - 101.620,29.031,101.62,72.589,Annamayya,1,5,23,1435,241.1178,0.168,19.77,3.3217,2021-03-09,2023-02-01,694,3
ANDHRA PRADESH,716B,0.000 - 43.800,0.0,43.8,43.8,Chittor,1,4,25,2137,260.0805,0.1217,48.79,5.9379,2021-01-13,2024-11-22,1409,4
ANDHRA PRADESH,716B,0.000 - 91.000,0.0,91.0,91.0,Chittor,1,8,46,4107,496.3493,0.1209,45.13,5.4544,2021-01-13,2021-10-06,266,2
ANDHRA PRADESH,716B,43.800 - 61.380,43.8,61.38,17.58,Chittor,1,1,6,582,48.8328,0.084,33.11,2.7777,2021-02-03,2021-02-03,0,2
ANDHRA PRADESH,716B,61.380 - 96.040,61.38,96.04,34.66,Chittor,1,4,15,1406,168.7699,0.12,40.57,4.8693,2021-02-03,2021-10-06,245,2
ANDHRA PRADESH,716G,0.000 - 56.500,0.0,56.5,56.5,Y . S . R . (Kadapa),1,3,19,1180,61.4925,0.0521,20.88,1.0884,2023-01-18,2023-01-18,0,2
ANDHRA PRADESH,716G,0.000 - 60.000,0.0,60.0,60.0,Sri Satya Sai,1,1,2,106,7.2468,0.0684,1.77,0.1208,2023-02-17,2023-02-17,0,0
ANDHRA PRADESH,716G,120.300 - 153.880,120.3,153.88,33.58,Sri Satya Sai,1,3,9,823,120.0413,0.1459,24.51,3.5748,2023-07-17,2023-07-17,0,2
ANDHRA PRADESH,716G,53.600 - 153.460,53.6,153.46,99.86,Sri Satya Sai,1,5,16,1170,115.3005,0.0985,11.72,1.1546,2023-03-14,2025-01-23,681,3
ANDHRA PRADESH,765,248.000 - 268.700,248.0,268.7,20.7,PRAKASAM,1,2,6,671,41.7689,0.0622,32.42,2.0178,2023-04-06,2023-05-03,27,2
ANDHRA PRADESH,Greenfield Expressway,57.046 - 91.927,57.046,91.927,34.881,SPSR Nellore,1,2,9,608,108.2286,0.178,17.43,3.1028,2022-03-30,2022-03-30,0,2
ANDHRA PRADESH,Greenfield Highway,0.000 - 14.650,0.0,14.65,14.65,SPSR Nellore,1,1,2,118,28.6923,0.2432,8.05,1.9585,2022-02-03,2023-12-29,694,2
ANDHRA PRADESH,Greenfield Highway,0.000 - 15.950,0.0,15.95,15.95,SPSR Nellore,1,1,3,204,41.5983,0.2039,12.79,2.608,2022-02-03,2024-11-12,1013,3
ANDHRA PRADESH,Greenfield Highway,0.000 - 75.000,0.0,75.0,75.0,Sri Satya Sai,1,8,24,2001,600.1682,0.2999,26.68,8.0022,2022-09-30,2024-10-25,756,3
ANDHRA PRADESH,Greenfield Highway,199.000 - 215.000,199.0,215.0,16.0,SPS Nellore,1,1,5,361,92.3158,0.2557,22.56,5.7697,2022-10-07,2025-02-21,868,3
ANDHRA PRADESH,Greenfield Highway,215.000 - 342.450,215.0,342.45,127.45,PRAKASAM,1,7,45,2727,900.4182,0.3302,21.4,7.0649,2022-09-13,2023-05-17,246,2
ANDHRA PRADESH,Greenfield Highway,325.000 - 342.450,325.0,342.45,17.45,Bapatla,1,2,8,705,124.9483,0.1772,40.4,7.1604,2022-10-14,2023-05-03,201,2
ANDHRA PRADESH,Greenfield Highway,75.000 - 199.000,75.0,199.0,124.0,Y . S . R . (Kadapa),1,12,50,3564,1029.7694,0.2889,28.74,8.3046,2022-07-27,2024-02-02,555,3
ANDHRA PRADESH,NE-7,127.000 - 156.000,127.0,156.0,29.0,Chittor,1,4,16,1382,316.6688,0.2291,47.66,10.9196,2016-04-12,2023-11-14,2772,4
ANDHRA PRADESH,NE-7,71.000 - 96.000,71.0,96.0,25.0,Chittor,1,2,10,948,246.3051,0.2598,37.92,9.8522,2016-04-12,2023-06-06,2611,4
ANDHRA PRADESH,NE-7,74.870 - 164.500,74.87,164.5,89.63,Chittor,1,1,4,28,2.3606,0.0843,0.31,0.0263,2023-08-21,2023-08-21,0,0
ANDHRA PRADESH,NE-7,96.000 - 127.000,96.0,127.0,31.0,Chittor,1,4,8,1024,246.8429,0.2411,33.03,7.9627,2016-04-12,2023-12-22,2810,4
ANDHRA PRADESH,Newly Proposed,0.000 - 18.000,0.0,18.0,18.0,SPSR Nellore,1,3,6,216,18.4894,0.0856,12.0,1.0272,2018-08-31,2018-08-31,0,1
ANDHRA PRADESH,Newly Proposed,0.000 - 36.065,0.0,36.065,36.065,SPSR Nellore,1,1,12,739,153.4261,0.2076,20.49,4.2542,2022-03-21,2025-01-16,1032,3
ANDHRA PRADESH,No Yet to be Assigned,0.000 - 74.750,0.0,74.75,74.75,Anantapuramu,1,6,24,2464,807.0139,0.3275,32.96,10.7962,2020-02-11,2020-02-11,0,2
ANDHRA PRADESH,No Yet to be Assigned,74.750 - 155.550,74.75,155.55,80.8,KURNOOL,1,5,28,1657,709.5705,0.4282,20.51,8.7818,2020-01-13,2020-01-13,0,2
ASSAM,117,0.000 - 14.063,0.0,14.063,14.063,BONGAIGAON,1,2,11,268,12.1305,0.0453,19.06,0.8626,2020-11-02,2020-12-28,56,1
ASSAM,117,0.000 - 14.660,0.0,14.66,14.66,BONGAIGAON,1,2,2,27,1.7553,0.065,1.84,0.1197,2020-12-28,2023-02-16,780,1
ASSAM,137,96.870 - 182.000,96.87,182.0,85.13,DIMA HASAO,1,1,32,2132,353.0922,0.1656,25.04,4.1477,2023-02-08,2023-10-03,237,2
ASSAM,17,0.000 - 0.150,0.0,0.15,0.15,BONGAIGAON,1,1,1,33,5.9099,0.1791,220.0,39.3993,2021-10-14,2021-10-14,0,0
ASSAM,17,0.000 - 3.100,0.0,3.1,3.1,BONGAIGAON,1,1,6,159,32.1142,0.202,51.29,10.3594,2020-10-16,2021-01-13,89,1
ASSAM,17,0.150 - 4.385,0.15,4.385,4.235,GOALPARA,1,1,2,44,21.3969,0.4863,10.39,5.0524,2021-10-26,2021-10-26,0,1
ASSAM,17,173.434 - 200.750,173.434,200.75,27.316,KAMRUP,1,3,46,1861,107.9836,0.058,68.13,3.9531,2023-04-17,2025-04-17,731,3
ASSAM,17,202.530 - 225.000,202.53,225.0,22.47,KAMRUP METRO,1,1,3,71,6.8888,0.097,3.16,0.3066,2023-05-23,2024-02-16,269,0
ASSAM,17,28.412 - 48.600,28.412,48.6,20.188,BONGAIGAON,1,3,38,1434,117.7722,0.0821,71.03,5.8338,2021-05-31,2025-01-31,1341,4
ASSAM,17,5.873 - 6.340,5.873,6.34,0.467,DHUBRI,1,1,1,38,2.0444,0.0538,81.37,4.3777,2024-03-06,2024-03-06,0,0
ASSAM,17,901.000 - 948.670,901.0,948.67,47.67,DHUBRI,1,1,26,823,54.6011,0.0663,17.26,1.1454,2024-02-06,2025-01-27,356,2
ASSAM,17,96.000 - 139.750,96.0,139.75,43.75,GOALPARA,1,4,62,1790,77.9187,0.0435,40.91,1.781,2020-10-14,2025-05-09,1668,4
ASSAM,17,96.870 - 99.000,96.87,99.0,2.13,GOALPARA,1,1,1,73,2.0727,0.0284,34.27,0.9731,2023-04-25,2023-04-25,0,0
ASSAM,217,0.000 - 8.415,0.0,8.415,8.415,GOALPARA,1,1,4,188,6.5032,0.0346,22.34,0.7728,2023-10-03,2024-03-15,164,0
ASSAM,27,0.000 - 15.945,0.0,15.945,15.945,KAMRUP,1,3,13,1532,113.8403,0.0743,96.08,7.1396,2024-03-06,2025-02-07,338,2
ASSAM,27,146.172 - 162.620,146.172,162.62,16.448,KAMRUP METRO,1,1,1,4,0.036,0.009,0.24,0.0022,2025-01-15,2025-01-15,0,0
ASSAM,27,15.945 - 25.890,15.945,25.89,9.945,DARRANG,1,1,8,463,63.5448,0.1372,46.56,6.3896,2024-03-11,2024-12-27,291,2
ASSAM,27,204.400 - 231.000,204.4,231.0,26.6,MORIGAON,1,1,1,6,0.7144,0.1191,0.23,0.0269,2005-11-10,2005-11-10,0,0
ASSAM,27,28.470 - 58.036,28.47,58.036,29.566,KAMRUP METRO,1,3,21,639,191.4037,0.2995,21.61,6.4738,2024-03-05,2024-12-04,274,2
ASSAM,29,39.500 - 50.959,39.5,50.959,11.459,HOJAI,1,1,5,207,8.0675,0.039,18.06,0.704,2023-01-19,2023-01-19,0,1
ASSAM,29,49.000 - 155.000,49.0,155.0,106.0,KARBI ANGLONG,1,2,100,3826,219.2644,0.0573,36.09,2.0685,2020-11-13,2025-02-28,1568,4
ASSAM,306,0.000 - 50.120,0.0,50.12,50.12,CACHAR,1,2,39,4575,170.6689,0.0373,91.28,3.4052,2023-07-21,2024-12-27,525,3
ASSAM,31,853.000 - 864.000,853.0,864.0,11.0,DHUBRI,1,1,10,504,44.2804,0.0879,45.82,4.0255,2022-11-02,2022-11-07,5,2
ASSAM,37,0.000 - 14.250,0.0,14.25,14.25,KARIMGANJ,1,1,23,1053,62.0922,0.059,73.89,4.3573,2024-03-06,2024-03-06,0,2
ASSAM,37,0.000 - 36.900,0.0,36.9,36.9,CACHAR,1,2,31,2618,152.7679,0.0584,70.95,4.1401,2023-07-11,2024-09-02,419,3
ASSAM,37,12.900 - 18.000,12.9,18.0,5.1,HAILAKANDI,1,1,5,361,19.8807,0.0551,70.78,3.8982,2023-07-26,2024-03-15,233,1
ASSAM,37,278.600 - 315.315,278.6,315.315,36.715,NAGAON,1,3,16,112,2.038,0.0182,3.05,0.0555,2019-01-24,2019-01-24,0,0
ASSAM,37,301.800 - 307.700,301.8,307.7,5.9,NAGAON,1,2,5,173,6.976,0.0403,29.32,1.1824,2019-02-04,2019-02-04,0,0
ASSAM,37,4.560 - 37.650,4.56,37.65,33.09,CACHAR,1,3,17,720,124.2739,0.1726,21.76,3.7556,2024-03-06,2024-03-06,0,2
ASSAM,37,426.800 - 437.400,426.8,437.4,10.6,GOLAGHAT,1,1,9,701,25.6725,0.0366,66.13,2.4219,2020-09-29,2024-03-05,1253,4
ASSAM,37,453.000 - 487.000,453.0,487.0,34.0,JORHAT,1,1,2,9,0.3933,0.0437,0.26,0.0116,2020-01-09,2020-01-09,0,0
ASSAM,37,487.000 - 538.000,487.0,538.0,51.0,SIVASAGAR,1,4,49,1159,140.3534,0.1211,22.73,2.752,2019-09-26,2025-03-12,1994,4
ASSAM,37,534.800 - 561.700,534.8,561.7,26.9,DIBRUGARH,1,1,1,2,0.245,0.1225,0.07,0.0091,2018-08-18,2018-08-18,0,0
ASSAM,37,538.000 - 604.000,538.0,604.0,66.0,DIBRUGARH,1,1,6,32,2.4133,0.0754,0.48,0.0366,2024-10-10,2024-10-10,0,0
ASSAM,37,583.420 - 625.320,583.42,625.32,41.9,DIBRUGARH,1,1,2,21,0.743,0.0354,0.5,0.0177,2022-03-16,2022-03-16,0,0
ASSAM,37,625.320 - 657.000,625.32,657.0,31.68,TINSUKIA,1,2,9,110,8.8993,0.0809,3.47,0.2809,2022-11-30,2022-11-30,0,0
ASSAM,37&37A,278.580 - 315.315,278.58,315.315,36.735,NAGAON,1,2,6,10,0.317,0.0317,0.27,0.0086,2019-07-11,2019-07-11,0,0
ASSAM,37A,0.000 - 9.280,0.0,9.28,9.28,NAGAON,1,1,3,7,0.388,0.0554,0.75,0.0418,2019-02-04,2019-02-04,0,0
ASSAM,38,5.100 - 53.000,5.1,53.0,47.9,TINSUKIA,1,1,16,309,35.9247,0.1163,6.45,0.75,2022-11-30,2023-01-19,50,2
ASSAM,39,30.120 - 30.420,30.12,30.42,0.3,GOLAGHAT,1,1,1,23,0.36,0.0157,76.67,1.2,2021-10-05,2021-10-05,0,0
ASSAM,427,77.900 - 86.656,77.9,86.656,8.756,BARPETA,1,1,6,204,32.4786,0.1592,23.3,3.7093,2022-10-04,2022-10-04,0,2
ASSAM,515,0.000 - 82.000,0.0,82.0,82.0,DHEMAJI,1,2,32,480,54.4196,0.1134,5.85,0.6637,2023-06-30,2024-09-19,447,3
ASSAM,52,195.000 - 265.500,195.0,265.5,70.5,Biswanath|SONITPUR,2,5,9,29,1.547,0.0573,0.41,0.0219,2020-01-30,2023-02-02,1099,3
ASSAM,52,30.000 - 42.000,30.0,42.0,12.0,DARRANG,1,1,11,662,49.3743,0.0746,55.17,4.1145,2021-06-25,2024-07-03,1104,4
ASSAM,54 E,275.000 - 244.000,275.0,244.0,-31.0,CACHAR|DIMA HASAO,2,2,12,242,100.5553,0.6021,-7.81,-3.2437,2019-02-12,2019-03-11,27,3
ASSAM,6,62.800 - 63.800,62.8,63.8,1.0,HAILAKANDI,1,1,1,40,1.924,0.0481,40.0,1.924,2025-04-08,2025-04-08,0,0
ASSAM,8,36.900 - 110.270,36.9,110.27,73.37,KARIMGANJ,1,4,71,3530,324.4178,0.0919,48.11,4.4217,2023-06-30,2024-02-19,234,2
ASSAM,Connecting from NH-37A to NH-52,17.300 - 182.000,17.3,182.0,164.7,SONITPUR,1,3,22,905,151.4618,0.1677,5.49,0.9196,2020-04-22,2023-07-05,1169,4
ASSAM,NH 127B,0.000 - 10.905,0.0,10.905,10.905,KOKRAJHAR,1,2,12,366,23.8676,0.0652,33.56,2.1887,2022-07-06,2022-10-12,98,2
ASSAM,NH 127B,0.000 - 12.000,0.0,12.0,12.0,DHUBRI,1,2,12,524,65.768,0.1255,43.67,5.4807,2018-12-01,2018-12-01,0,2
ASSAM,NH 127B,10.900 - 54.154,10.9,54.154,43.254,DHUBRI,1,2,28,2010,121.0589,0.0602,46.47,2.7988,2022-06-09,2022-10-19,132,2
ASSAM,NH 127B,12.000 - 19.282,12.0,19.282,7.282,South Salmara Mankachar,1,1,4,197,36.3489,0.1845,27.05,4.9916,2018-08-28,2018-08-28,0,1
ASSAM,NH 127B,14.950 - 46.932,14.95,46.932,31.982,DHUBRI,1,2,7,366,19.1625,0.0524,11.44,0.5992,2022-06-09,2022-07-29,50,1
ASSAM,NH 127B,37.270 - 37.960,37.27,37.96,0.69,DHUBRI,1,1,1,21,0.4806,0.0229,30.43,0.6965,2022-06-09,2022-06-09,0,0
ASSAM,Newly Proposed,118.050 - 132.375,118.05,132.375,14.325,KARBI ANGLONG,1,2,16,576,90.526,0.1572,40.21,6.3194,2018-03-22,2019-02-11,326,2
BIHAR,101,0.000 - 2.000,0.0,2.0,2.0,SARAN,1,1,3,169,2.3177,0.0137,84.5,1.1588,2018-03-09,2023-04-26,1874,2
BIHAR,102,0.000 - 37.630,0.0,37.63,37.63,SARAN,1,2,3,113,1.8072,0.016,3.0,0.048,2023-11-03,2023-11-03,0,0
BIHAR,103,11.000 - 13.000,11.0,13.0,2.0,VAISHALI,1,1,6,232,6.2245,0.0268,116.0,3.1122,2018-10-09,2021-01-13,827,2
BIHAR,103,29.900 - 34.400,29.9,34.4,4.5,VAISHALI,1,1,4,385,16.3161,0.0424,85.56,3.6258,2022-05-27,2025-03-13,1021,2
BIHAR,104,108.000 - 216.000,108.0,216.0,108.0,MADHUBANI,1,6,24,952,26.457,0.0278,8.81,0.245,2015-04-06,2020-12-08,2073,4
BIHAR,104,27.000 - 40.000,27.0,40.0,13.0,SHEOHAR,1,1,7,466,15.0419,0.0323,35.85,1.1571,2015-05-07,2018-10-09,1251,3
BIHAR,104,40.000 - 116.400,40.0,116.4,76.4,SITAMARHI,1,5,19,1014,30.156,0.0297,13.27,0.3947,2013-12-16,2024-02-05,3703,4
BIHAR,104,40.000 - 48.000,40.0,48.0,8.0,SHEOHAR,1,1,1,2,0.0177,0.0088,0.25,0.0022,2024-12-27,2024-12-27,0,0
BIHAR,106,0.000 - 53.000,0.0,53.0,53.0,SUPAUL,1,3,7,114,9.3296,0.0818,2.15,0.176,2014-06-11,2021-07-26,2602,2
BIHAR,106,106.000 - 127.440,106.0,127.44,21.44,MADHEPURA,1,6,7,305,29.3883,0.0964,14.23,1.3707,2015-03-10,2019-03-21,1472,4
BIHAR,106,127.440 - 136.000,127.44,136.0,8.56,BHAGALPUR,1,1,6,187,21.2037,0.1134,21.85,2.4771,2019-02-21,2023-10-11,1693,3
BIHAR,107,0.000 - 179.000,0.0,179.0,179.0,MADHEPURA,1,2,7,295,11.3392,0.0384,1.65,0.0633,2021-05-31,2023-11-22,905,2
BIHAR,107,0.000 - 30.150,0.0,30.15,30.15,KHAGARIA,1,3,5,28,0.8023,0.0287,0.93,0.0266,2021-10-14,2021-10-14,0,0
BIHAR,107,119.100 - 179.000,119.1,179.0,59.9,Purnea,1,4,15,184,11.1021,0.0603,3.07,0.1853,2021-07-20,2021-07-20,0,0
BIHAR,107,30.150 - 83.750,30.15,83.75,53.6,SAHARSA,1,5,27,465,15.3895,0.0331,8.68,0.2871,2021-06-28,2023-02-17,599,2
BIHAR,107,90.000 - 177.960,90.0,177.96,87.96,MADHEPURA|Purnea,2,6,17,303,13.6768,0.0451,3.44,0.1555,2016-04-28,2023-10-03,2714,4
BIHAR,110,27.000 - 29.000,27.0,29.0,2.0,NALANDA,1,1,5,291,12.8327,0.0441,145.5,6.4164,2023-03-21,2023-03-21,0,1
BIHAR,119A,0.000 - 39.400,0.0,39.4,39.4,ROHTAS,1,5,43,2181,165.3643,0.0758,55.36,4.1971,2023-08-08,2025-02-27,569,3
BIHAR,119A,39.400 - 99.700,39.4,99.7,60.3,BHOJPUR,1,5,40,3218,212.465,0.066,53.37,3.5235,2023-10-06,2024-02-26,143,2
BIHAR,119A,99.700 - 118.500,99.7,118.5,18.8,PATNA,1,2,21,1191,82.4353,0.0692,63.35,4.3849,2024-08-29,2024-08-29,0,2
BIHAR,119D,0.000 - 109.300,0.0,109.3,109.3,GAYA|NALANDA|PATNA,3,9,75,5661,497.8733,0.0879,51.79,4.5551,2021-03-24,2025-02-07,1416,5
BIHAR,119D,109.320 - 122.320,109.32,122.32,13.0,PATNA,1,2,15,700,80.1367,0.1145,53.85,6.1644,2024-08-29,2025-03-19,202,2
BIHAR,119D,32.200 - 66.500,32.2,66.5,34.3,SAMASTIPUR,1,3,27,1536,140.0426,0.0912,44.78,4.0829,2021-05-24,2023-02-27,644,3
BIHAR,119D,55.000 - 109.300,55.0,109.3,54.3,JEHANABAD,1,4,31,2428,215.0141,0.0886,44.71,3.9597,2021-05-05,2025-05-09,1465,4
BIHAR,119D,66.500 - 89.100,66.5,89.1,22.6,DARBHANGA,1,4,33,1966,156.3581,0.0795,86.99,6.9185,2021-08-13,2023-01-13,518,3
BIHAR,120,142.050 - 167.465,142.05,167.465,25.415,AURANGABAD,1,2,3,22,0.1872,0.0085,0.87,0.0074,2020-12-18,2021-07-26,220,0
BIHAR,120,142.050 - 170.000,142.05,170.0,27.95,AURANGABAD,1,1,2,354,10.1437,0.0287,12.67,0.3629,2023-08-07,2024-02-29,206,1
BIHAR,120,181.465 - 201.665,181.465,201.665,20.2,ROHTAS,1,2,2,30,2.216,0.0739,1.49,0.1097,2024-03-06,2024-03-06,0,0
BIHAR,120,201.665 - 219.080,201.665,219.08,17.415,ROHTAS,1,1,2,67,3.6934,0.0551,3.85,0.2121,2024-03-06,2024-03-06,0,0
BIHAR,120,219.665 - 245.665,219.665,245.665,26.0,BUXAR,1,1,4,183,15.8147,0.0864,7.04,0.6083,2023-08-08,2025-01-03,514,1
BIHAR,122B,0.000 - 34.400,0.0,34.4,34.4,VAISHALI,1,3,10,262,6.9334,0.0265,7.62,0.2016,2022-11-29,2022-11-29,0,1
BIHAR,122B,34.400 - 69.100,34.4,69.1,34.7,SAMASTIPUR,1,3,4,102,2.7153,0.0266,2.94,0.0783,2022-04-08,2022-04-08,0,0
BIHAR,122B,69.100 - 72.951,69.1,72.951,3.851,BEGUSARAI,1,1,1,23,1.4106,0.0613,5.97,0.3663,2022-04-08,2022-04-08,0,0
BIHAR,130,137.375 - 27.370,137.375,27.37,-110.005,BHOJPUR,1,4,31,363,18.5961,0.0512,-3.3,-0.169,2019-05-16,2020-09-03,476,2
BIHAR,131A,42.500 - 55.000,42.5,55.0,12.5,Purnea,1,1,8,455,18.9735,0.0417,36.4,1.5179,2018-07-26,2020-09-24,791,2
BIHAR,131A,48.000 - 50.000,48.0,50.0,2.0,Katihar,1,1,1,34,0.9164,0.027,17.0,0.4582,2019-10-17,2019-10-17,0,0
BIHAR,131A,55.200 - 79.100,55.2,79.1,23.9,Katihar,1,2,15,1309,110.0646,0.0841,54.77,4.6052,2021-05-30,2021-05-30,0,2
BIHAR,131A,6.000 - 42.500,6.0,42.5,36.5,Katihar,1,5,24,585,35.2537,0.0603,16.03,0.9659,2017-09-22,2022-12-29,1924,4
BIHAR,133E,0.000 - 11.735,0.0,11.735,11.735,BHAGALPUR,1,1,12,228,22.3191,0.0979,19.43,1.9019,2024-03-11,2024-03-11,0,2
BIHAR,133E,0.000 - 63.600,0.0,63.6,63.6,BANKA,1,2,31,489,35.4671,0.0725,7.69,0.5577,2024-07-26,2024-08-12,17,2
BIHAR,139W,0.000 - 15.700,0.0,15.7,15.7,SARAN,1,2,22,1329,99.229,0.0747,84.65,6.3203,2022-03-11,2023-01-05,300,2
BIHAR,139W,0.000 - 42.800,0.0,42.8,42.8,MUZAFFARPUR,1,2,35,3224,187.3015,0.0581,75.33,4.3762,2021-06-21,2023-04-17,665,3
BIHAR,139W,11.610 - 14.810,11.61,14.81,3.2,PATNA,1,2,2,82,14.5964,0.178,25.62,4.5614,2024-01-17,2024-01-17,0,0
BIHAR,139W,14.810 - 19.500,14.81,19.5,4.69,SARAN,1,1,6,359,24.6174,0.0686,76.55,5.2489,2024-02-02,2024-03-05,32,2
BIHAR,139W,15.700 - 35.000,15.7,35.0,19.3,VAISHALI,1,2,23,1629,82.452,0.0506,84.4,4.2721,2022-03-03,2023-04-18,411,3
BIHAR,139W,35.000 - 38.646,35.0,38.646,3.646,MUZAFFARPUR,1,1,5,513,15.6381,0.0305,140.7,4.2891,2022-06-14,2022-06-14,0,1
BIHAR,139W,42.870 - 82.041,42.87,82.041,39.171,PURBI CHAMPARAN,1,4,34,2427,199.422,0.0822,61.96,5.0911,2022-02-09,2023-07-26,532,3
BIHAR,19,131.000 - 133.000,131.0,133.0,2.0,SARAN,1,1,3,93,2.93,0.0315,46.5,1.465,2018-05-24,2018-05-24,0,0
BIHAR,19,134.000 - 136.000,134.0,136.0,2.0,SARAN,1,1,1,71,2.747,0.0387,35.5,1.3735,2018-05-14,2018-05-14,0,0
BIHAR,19,139.850 - 129.000,139.85,129.0,-10.85,SARAN,1,2,14,582,33.168,0.057,-53.64,-3.057,2021-07-02,2023-04-26,663,3
BIHAR,19,143.200 - 209.200,143.2,209.2,66.0,SARAN,1,5,25,92,1.7882,0.0194,1.39,0.0271,2018-06-18,2023-12-29,2020,2
BIHAR,19,207.200 - 214.615,207.2,214.615,7.415,VAISHALI,1,2,2,47,3.2602,0.0694,6.34,0.4397,2019-01-31,2023-07-11,1622,2
BIHAR,2,188.352 - 249.302,188.352,249.302,60.95,GAYA,1,5,62,2480,91.5424,0.0373,40.69,1.5019,2014-01-17,2025-01-30,4031,4
BIHAR,2,188.530 - 209.827,188.53,209.827,21.297,GAYA,1,1,1,2,0.3384,0.1692,0.09,0.0159,2020-11-27,2020-11-27,0,0
BIHAR,2,843.250 - 861.000,843.25,861.0,17.75,KAIMUR (BHABUA ),1,1,8,17,0.1925,0.0113,0.96,0.0108,2021-09-14,2021-09-14,0,0
BIHAR,2,861.000 - 877.600,861.0,877.6,16.6,KAIMUR (BHABUA ),1,1,4,37,0.4322,0.0117,2.23,0.026,2021-09-14,2021-09-14,0,0
BIHAR,2,877.600 - 893.750,877.6,893.75,16.15,KAIMUR (BHABUA ),1,1,5,14,0.0594,0.0042,0.87,0.0037,2021-09-14,2021-09-14,0,0
BIHAR,2,893.750 - 895.200,893.75,895.2,1.45,ROHTAS,1,1,2,10,0.1021,0.0102,6.9,0.0704,2021-09-14,2021-09-14,0,0
BIHAR,2,895.200 - 910.500,895.2,910.5,15.3,ROHTAS,1,1,5,12,0.1884,0.0157,0.78,0.0123,2021-09-14,2021-10-14,30,0
BIHAR,2,910.500 - 927.400,910.5,927.4,16.9,ROHTAS,1,1,9,31,0.6067,0.0196,1.83,0.0359,2021-09-21,2022-01-13,114,0
BIHAR,2,927.400 - 933.480,927.4,933.48,6.08,ROHTAS,1,1,1,7,0.0802,0.0115,1.15,0.0132,2021-09-21,2021-10-05,14,0
BIHAR,2,935.590 - 973.400,935.59,973.4,37.81,AURANGABAD,1,1,7,61,1.1052,0.0181,1.61,0.0292,2021-08-13,2021-11-11,90,0
BIHAR,2,937.500 - 953.590,937.5,953.59,16.09,AURANGABAD,1,1,7,37,0.7352,0.0199,2.3,0.0457,2021-08-13,2021-08-13,0,0
BIHAR,2,961.200 - 961.580,961.2,961.58,0.38,AURANGABAD,1,1,1,2,0.0391,0.0196,5.26,0.1029,2021-08-13,2021-08-13,0,0
BIHAR,2,973.473 - 978.400,973.473,978.4,4.927,AURANGABAD,1,1,2,5,0.456,0.0912,1.01,0.0926,2021-08-13,2021-08-13,0,0
BIHAR,20,47.723 - 54.405,47.723,54.405,6.682,NAWADA,1,1,6,317,23.9322,0.0755,47.44,3.5816,2014-05-15,2021-04-07,2519,4
BIHAR,219,0.000 - 44.600,0.0,44.6,44.6,KAIMUR (BHABUA ),1,2,14,563,32.4052,0.0576,12.62,0.7266,2022-12-28,2024-08-14,595,3
BIHAR,227A,0.000 - 19.834,0.0,19.834,19.834,PURBI CHAMPARAN,1,2,12,525,20.5257,0.0391,26.47,1.0349,2021-06-11,2021-06-11,0,2
BIHAR,227A,0.000 - 2.850,0.0,2.85,2.85,SARAN,1,1,3,46,1.606,0.0349,16.14,0.5635,2021-09-03,2021-09-03,0,0
BIHAR,227A,0.000 - 24.387,0.0,24.387,24.387,PURBI CHAMPARAN,1,3,7,476,28.1197,0.0591,19.52,1.1531,2021-06-23,2021-06-23,0,2
BIHAR,227A,0.000 - 39.649,0.0,39.649,39.649,SIWAN,1,4,45,4930,177.6808,0.036,124.34,4.4813,2023-06-08,2024-10-01,481,3
BIHAR,227A,0.000 - 45.744,0.0,45.744,45.744,SARAN|SIWAN,2,6,50,3578,219.6634,0.0614,78.22,4.802,2021-01-13,2022-01-12,364,3
BIHAR,227A,2.850 - 8.315,2.85,8.315,5.465,GOPALGANJ,1,1,9,455,8.0302,0.0176,83.26,1.4694,2021-09-15,2021-09-15,0,1
BIHAR,27,0.000 - 287.860,0.0,287.86,287.86,MUZAFFARPUR,1,1,1,1,0.0688,0.0688,0.0,0.0002,2025-03-26,2025-03-26,0,0
BIHAR,28A,0.000 - 69.608,0.0,69.608,69.608,PURBI CHAMPARAN,1,1,1,10,0.3709,0.0371,0.14,0.0053,2023-10-12,2023-10-12,0,0
BIHAR,28B,89.800 - 91.700,89.8,91.7,1.9,WEST CHAMPARAN,1,1,1,56,0.6992,0.0125,29.47,0.368,2019-12-30,2019-12-30,0,0
BIHAR,28B,92.940 - 94.700,92.94,94.7,1.76,WEST CHAMPARAN,1,1,3,119,1.4229,0.012,67.61,0.8085,2019-12-30,2019-12-30,0,0
BIHAR,30,0.000 - 23.500,0.0,23.5,23.5,PATNA,1,2,20,907,26.4714,0.0292,38.6,1.1264,2021-08-03,2021-08-03,0,2
BIHAR,30,0.000 - 55.000,0.0,55.0,55.0,BHOJPUR|ROHTAS,2,2,5,356,23.0784,0.0648,6.47,0.4196,2021-07-26,2025-03-26,1339,5
BIHAR,30,181.300 - 137.375,181.3,137.375,-43.925,PATNA,1,2,4,349,6.8027,0.179,-7.95,-0.1549,2018-05-08,2019-11-05,546,2
BIHAR,30,181.300 - 231.950,181.3,231.95,50.65,PATNA,1,4,5,8,0.4466,0.0558,0.16,0.0088,2020-09-15,2020-09-15,0,0
BIHAR,30,55.000 - 115.800,55.0,115.8,60.8,ROHTAS,1,1,1,18,1.2178,0.0677,0.3,0.02,2021-06-23,2021-06-23,0,0
BIHAR,30A,0.000 - 15.250,0.0,15.25,15.25,PATNA,1,1,2,207,9.1928,0.0444,13.57,0.6028,2013-10-30,2019-09-06,2137,3
BIHAR,30A,15.250 - 51.250,15.25,51.25,36.0,NALANDA,1,3,5,239,13.2473,0.0554,6.64,0.368,2014-01-13,2020-05-26,2325,3
BIHAR,30A,51.200 - 71.660,51.2,71.66,20.46,PATNA,1,1,6,258,18.3401,0.0711,12.61,0.8964,2013-10-30,2019-09-06,2137,3
BIHAR,31,10163.000 - 152520.000,10163.0,152520.0,142357.0,NALANDA,1,5,27,831,28.8519,0.0347,0.01,0.0002,2021-02-22,2025-01-03,1411,4
BIHAR,31,114.700 - 117.120,114.7,117.12,2.42,SARAN,1,1,4,199,8.3024,0.0417,82.23,3.4307,2022-06-10,2022-08-22,73,0
BIHAR,31,153.300 - 197.900,153.3,197.9,44.6,PATNA,1,5,33,259,20.4459,0.0789,5.81,0.4584,2019-08-19,2023-12-29,1593,4
BIHAR,31,153.300 - 204.350,153.3,204.35,51.05,PATNA,1,1,3,4,0.3473,0.0868,0.08,0.0068,2020-06-18,2020-06-18,0,0
BIHAR,31,204.350 - 261.482,204.35,261.482,57.132,BEGUSARAI,1,2,7,25,0.9652,0.0386,0.44,0.0169,2019-11-13,2023-09-21,1408,2
BIHAR,31,47.723 - 101.630,47.723,101.63,53.907,NAWADA,1,3,28,700,10.4099,0.0149,12.99,0.1931,2021-04-07,2022-10-07,548,2
BIHAR,319A,0.000 - 30.660,0.0,30.66,30.66,KAIMUR (BHABUA ),1,3,27,586,17.3787,0.0297,19.11,0.5668,2022-11-16,2022-11-16,0,1
BIHAR,319A,30.660 - 65.909,30.66,65.909,35.249,BUXAR,1,2,44,1849,122.3544,0.0662,52.46,3.4711,2023-03-07,2025-02-27,723,3
BIHAR,327 Ext,1.700 - 33.800,1.7,33.8,32.1,SAHARSA,1,3,16,1342,68.4878,0.051,41.81,2.1336,2021-04-15,2023-02-27,683,3
BIHAR,327A,0.000 - 1.000,0.0,1.0,1.0,SUPAUL,1,1,1,12,0.0268,0.0022,12.0,0.0268,2020-09-18,2020-09-18,0,0
BIHAR,327A,23.000 - 25.000,23.0,25.0,2.0,SUPAUL,1,1,1,27,1.9279,0.0714,13.5,0.964,2020-09-03,2020-09-03,0,0
BIHAR,327AD,0.000 - 10.672,0.0,10.672,10.672,SUPAUL,1,3,5,296,18.9216,0.0639,27.74,1.773,2021-08-31,2021-08-31,0,1
BIHAR,327E,0.000 - 49.000,0.0,49.0,49.0,KISHANGANJ,1,2,3,78,5.1711,0.0663,1.59,0.1055,2021-10-14,2023-12-29,806,1
BIHAR,327E,118.000 - 122.000,118.0,122.0,4.0,Araria,1,1,3,102,16.3341,0.1601,25.5,4.0835,2023-06-06,2023-06-06,0,0
BIHAR,327E,129.620 - 130.000,129.62,130.0,0.38,Araria,1,1,2,19,1.3138,0.0691,50.0,3.4574,2023-05-23,2023-05-23,0,0
BIHAR,327E,134.000 - 136.000,134.0,136.0,2.0,Araria,1,1,1,25,5.7817,0.2313,12.5,2.8908,2023-06-06,2023-06-06,0,0
BIHAR,327E,194.000 - 195.000,194.0,195.0,1.0,SUPAUL,1,1,1,11,0.0367,0.0033,11.0,0.0367,2020-09-15,2020-09-15,0,0
BIHAR,327E,67.800 - 94.000,67.8,94.0,26.2,Araria,1,2,6,62,5.9039,0.0952,2.37,0.2253,2022-03-09,2024-10-01,937,1
BIHAR,327E,99.000 - 101.000,99.0,101.0,2.0,Araria,1,1,2,34,1.7645,0.0519,17.0,0.8822,2019-01-24,2019-01-24,0,0
BIHAR,33,51.450 - 51.700,51.45,51.7,0.25,JEHANABAD,1,1,2,6,0.2964,0.0494,24.0,1.1856,2020-08-28,2020-08-28,0,0
BIHAR,333A,0.000 - 33.800,0.0,33.8,33.8,SHEIKHPURA,1,3,35,1317,86.4065,0.0656,38.96,2.5564,2023-04-07,2023-04-07,0,2
BIHAR,333A,124.000 - 198.930,124.0,198.93,74.93,BANKA,1,5,20,713,68.3958,0.0959,9.52,0.9128,2023-04-28,2024-01-17,264,2
BIHAR,333A,33.800 - 39.200,33.8,39.2,5.4,LAKHISARAI,1,1,5,208,11.3867,0.0547,38.52,2.1086,2022-08-25,2022-08-25,0,1
BIHAR,333A,39.200 - 117.150,39.2,117.15,77.95,JAMUI,1,5,69,5197,243.9648,0.0469,66.67,3.1298,2024-03-05,2024-03-05,0,2
BIHAR,333B,0.000 - 5.200,0.0,5.2,5.2,BEGUSARAI,1,1,2,20,1.3698,0.0685,3.85,0.2634,2020-01-10,2020-01-10,0,0
BIHAR,333B,0.000 - 9.394,0.0,9.394,9.394,MUNGER,1,1,3,76,3.7312,0.0491,8.09,0.3972,2016-05-18,2021-05-10,1818,2
BIHAR,333C,0.000 - 16.000,0.0,16.0,16.0,JAMUI,1,1,2,32,1.0709,0.0335,2.0,0.0669,2022-05-04,2022-05-04,0,0
BIHAR,527A,0.000 - 13.300,0.0,13.3,13.3,MADHUBANI,1,8,47,4250,183.9373,0.0433,319.55,13.8299,2021-06-29,2022-03-16,260,2
BIHAR,527A,0.000 - 7.275,0.0,7.275,7.275,SUPAUL,1,1,4,121,6.6244,0.0547,16.63,0.9106,2021-07-06,2022-01-04,182,0
BIHAR,527A,35.000 - 61.040,35.0,61.04,26.04,MADHUBANI,1,3,21,1868,83.9992,0.045,71.74,3.2258,2018-12-27,2021-02-22,788,3
BIHAR,527A,39.800 - 40.500,39.8,40.5,0.7,DARBHANGA,1,1,1,19,1.0738,0.0565,27.14,1.534,2021-10-12,2021-10-12,0,0
BIHAR,527A,5.375 - 18.900,5.375,18.9,13.525,SUPAUL,1,1,10,867,41.5043,0.0479,64.1,3.0687,2019-01-11,2019-01-11,0,2
BIHAR,527B,0.000 - 14.894,0.0,14.894,14.894,DARBHANGA,1,2,17,545,49.5898,0.091,36.59,3.3295,2023-12-08,2024-08-22,258,2
BIHAR,527C,0.000 - 30.850,0.0,30.85,30.85,MUZAFFARPUR,1,3,17,62,0.89,0.0144,2.01,0.0288,2021-06-24,2021-06-24,0,0
BIHAR,527C,30.850 - 63.442,30.85,63.442,32.592,SITAMARHI,1,4,11,109,11.235,0.1031,3.34,0.3447,2020-12-04,2023-06-01,909,1
BIHAR,527C,56.200 - 59.700,56.2,59.7,3.5,MADHUBANI,1,1,1,44,0.772,0.0175,12.57,0.2206,2023-06-13,2023-06-13,0,0
BIHAR,527E,0.000 - 23.900,0.0,23.9,23.9,DARBHANGA,1,3,24,1254,61.5563,0.0491,52.47,2.5756,2022-06-17,2024-01-18,580,3
BIHAR,527E,23.900 - 43.000,23.9,43.0,19.1,SAMASTIPUR,1,3,15,1261,59.0506,0.0468,66.02,3.0917,2022-06-17,2023-12-29,560,3
BIHAR,57A,0.000 - 9.260,0.0,9.26,9.26,Araria,1,2,6,82,4.7806,0.0583,8.86,0.5163,2018-07-25,2020-05-20,665,1
BIHAR,727AA,0.000 - 26.600,0.0,26.6,26.6,WEST CHAMPARAN,1,4,9,1960,160.9392,0.0821,73.68,6.0503,2024-11-29,2024-11-29,0,2
BIHAR,727B,0.000 - 52.345,0.0,52.345,52.345,GOPALGANJ,1,1,5,125,8.6931,0.0695,2.39,0.1661,2024-06-14,2024-06-14,0,0
BIHAR,77,0.000 - 29.220,0.0,29.22,29.22,VAISHALI,1,2,3,5,0.048,0.0096,0.17,0.0016,2020-12-22,2020-12-22,0,0
BIHAR,77,29.220 - 515.200,29.22,515.2,485.98,MUZAFFARPUR,1,3,29,220,3.318,0.0151,0.45,0.0068,2022-06-23,2022-06-23,0,1
BIHAR,80,132.530 - 132.685,132.53,132.685,0.155,BHAGALPUR,1,2,2,3,1.0602,0.3534,19.35,6.84,2018-10-25,2023-02-08,1567,2
BIHAR,80,143.000 - 143.000,143.0,143.0,0.0,BHAGALPUR,1,1,1,23,0.4711,0.0205,,,2020-05-04,2021-02-23,295,0
BIHAR,80,155.000 - 155.000,155.0,155.0,0.0,BHAGALPUR,1,1,1,3,0.1824,0.0608,,,2023-10-06,2023-10-06,0,0
BIHAR,80,69.520 - 95.700,69.52,95.7,26.18,MUNGER,1,4,35,1297,161.142,0.1242,49.54,6.1552,2019-01-11,2024-02-19,1865,4
BIHAR,80,70.150 - 121.025,70.15,121.025,50.875,MUNGER,1,1,2,5,0.0736,0.0147,0.1,0.0014,2023-06-06,2023-06-06,0,0
BIHAR,80,94.000 - 190.000,94.0,190.0,96.0,BHAGALPUR,1,1,2,14,1.4858,0.1061,0.15,0.0155,2023-10-06,2023-10-06,0,0
BIHAR,80,94.000 - 94.000,94.0,94.0,0.0,MUNGER,1,1,1,10,0.062,0.0062,,,2019-06-24,2019-06-24,0,0
BIHAR,80,95.700 - 192.330,95.7,192.33,96.63,BHAGALPUR,1,6,92,4403,544.4871,0.1237,45.57,5.6348,2019-04-23,2023-06-30,1529,4
BIHAR,81,0.000 - 4.600,0.0,4.6,4.6,Katihar,1,2,4,171,21.4605,0.1255,37.17,4.6653,2023-03-21,2023-03-21,0,1
BIHAR,81,30.000 - 32.000,30.0,32.0,2.0,Katihar,1,1,1,4,0.2498,0.0624,2.0,0.1249,2019-01-24,2019-01-24,0,0
BIHAR,81,30.000 - 45.000,30.0,45.0,15.0,Katihar,1,1,2,7,0.6973,0.0996,0.47,0.0465,2020-08-20,2020-08-20,0,0
BIHAR,81,48.950 - 53.000,48.95,53.0,4.05,Katihar,1,1,3,56,4.425,0.079,13.83,1.0926,2019-09-25,2019-09-25,0,0
BIHAR,82,0.000 - 36.850,0.0,36.85,36.85,GAYA,1,3,42,2628,122.7567,0.0467,71.32,3.3313,2013-10-21,2021-12-06,2968,4
BIHAR,82,118.670 - 128.250,118.67,128.25,9.58,SHEIKHPURA,1,1,1,7,0.1131,0.0162,0.73,0.0118,2024-09-18,2024-09-18,0,0
BIHAR,82,119.320 - 149.020,119.32,149.02,29.7,NALANDA,1,3,24,375,7.4626,0.0199,12.63,0.2513,2019-04-09,2023-01-17,1379,3
BIHAR,82,36.850 - 66.150,36.85,66.15,29.3,NAWADA,1,4,34,2369,108.9739,0.046,80.85,3.7192,2014-12-22,2023-10-11,3215,4
BIHAR,82,66.150 - 92.935,66.15,92.935,26.785,NALANDA,1,3,17,1285,48.434,0.0377,47.97,1.8083,2014-02-18,2019-02-05,1813,4
BIHAR,83,0.000 - 127.217,0.0,127.217,127.217,GAYA|JEHANABAD|PATNA,3,11,100,911,47.3773,0.052,7.16,0.3724,2018-12-28,2024-03-11,1900,5
BIHAR,84,16.000 - 27.370,16.0,27.37,11.37,BHOJPUR,1,3,7,88,3.0561,0.0347,7.74,0.2688,2019-06-28,2025-04-16,2119,2
BIHAR,84,27.370 - 75.100,27.37,75.1,47.73,BHOJPUR,1,3,10,154,11.9627,0.0777,3.23,0.2506,2019-10-01,2025-04-16,2024,2
BIHAR,84,77100.000 - 125000.000,77100.0,125000.0,47900.0,BUXAR,1,2,37,305,14.6345,0.048,0.01,0.0003,2020-05-22,2022-02-16,635,2
BIHAR,85,2.300 - 34.660,2.3,34.66,32.36,SARAN,1,1,1,18,0.631,0.0351,0.56,0.0195,2020-02-18,2020-02-18,0,0
BIHAR,85,34.660 - 69.980,34.66,69.98,35.32,SIWAN,1,3,14,49,1.026,0.0209,1.39,0.029,2018-11-14,2018-11-14,0,0
BIHAR,85,69.980 - 93.500,69.98,93.5,23.52,GOPALGANJ,1,4,14,389,11.557,0.0297,16.54,0.4914,2018-08-23,2020-03-18,573,2
BIHAR,98,0.000 - 52.000,0.0,52.0,52.0,PATNA,1,1,5,28,0.6353,0.0227,0.54,0.0122,2019-04-29,2019-04-29,0,0
BIHAR,98,23.284 - 57.041,23.284,57.041,33.757,AURANGABAD,1,1,7,267,26.3545,0.0987,7.91,0.7807,2019-01-31,2019-01-31,0,2
BIHAR,Greenfield Highway,0.000 - 22.600,0.0,22.6,22.6,KISHANGANJ,1,3,29,1199,113.1155,0.0943,53.05,5.0051,2022-02-16,2023-02-17,366,3
BIHAR,Greenfield Highway,101.000 - 110.500,101.0,110.5,9.5,ROHTAS,1,2,17,967,124.3113,0.1287,101.79,13.0854,2023-03-23,2023-07-11,110,2
BIHAR,Greenfield Highway,110.500 - 149.900,110.5,149.9,39.4,AURANGABAD,1,3,52,2462,306.1558,0.1244,62.49,7.7705,2023-02-22,2023-07-17,145,2
BIHAR,Greenfield Highway,149.900 - 184.400,149.9,184.4,34.5,GAYA,1,2,29,1375,257.1831,0.187,39.86,7.4546,2023-04-05,2024-01-31,301,2
BIHAR,Greenfield Highway,22.000 - 74.000,22.0,74.0,52.0,KAIMUR (BHABUA ),1,5,72,3030,380.4883,0.1256,58.27,7.3171,2023-02-16,2024-02-02,351,2
BIHAR,Greenfield Highway,74.000 - 101.000,74.0,101.0,27.0,ROHTAS,1,4,38,2121,253.0048,0.1193,78.56,9.3705,2023-03-23,2024-02-23,337,2
BIHAR,No Yet to be Assigned,0.000 - 15.900,0.0,15.9,15.9,PURBI CHAMPARAN,1,3,13,1731,76.7719,0.0444,108.87,4.8284,2025-02-27,2025-02-27,0,2
BIHAR,No Yet to be Assigned,0.000 - 34.700,0.0,34.7,34.7,PURBI CHAMPARAN,1,3,27,1946,110.6549,0.0569,56.08,3.1889,2021-12-28,2021-12-28,0,2
BIHAR,No Yet to be Assigned,0.000 - 42.870,0.0,42.87,42.87,PURBI CHAMPARAN,1,1,2,104,5.4117,0.052,2.43,0.1262,2021-05-05,2021-05-05,0,0
BIHAR,Ring Road,0.000 - 32.000,0.0,32.0,32.0,VAISHALI,1,4,44,4207,210.6453,0.0501,131.47,6.5827,2021-05-28,2024-07-10,1139,4
BIHAR,Ring Road,0.000 - 8.484,0.0,8.484,8.484,PATNA,1,2,11,942,71.6573,0.0761,111.03,8.4462,2023-02-22,2023-02-22,0,2
BIHAR,Ring Road,20.460 - 23.500,20.46,23.5,3.04,SARAN,1,1,3,281,22.2067,0.079,92.43,7.3048,2021-09-03,2021-09-03,0,2
BIHAR,Ring Road,32.000 - 65.000,32.0,65.0,33.0,SAMASTIPUR,1,2,17,1416,116.6896,0.0824,42.91,3.536,2021-05-10,2023-04-24,714,3
BIHAR,Ring Road,8.480 - 20.460,8.48,20.46,11.98,PATNA,1,2,7,904,102.237,0.1131,75.46,8.534,2021-05-10,2024-12-06,1306,4
CHHATTISGARH,111,0.000 - 53.300,0.0,53.3,53.3,BILASPUR,1,4,32,2001,258.356,0.1291,37.54,4.8472,2018-02-27,2023-08-11,1991,4
CHHATTISGARH,111,163.400 - 215.800,163.4,215.8,52.4,Surguja,1,3,28,1640,60.388,0.0368,31.3,1.1524,2019-01-01,2021-06-21,902,3
CHHATTISGARH,111,53.300 - 92.600,53.3,92.6,39.3,KORBA,1,3,27,1043,208.0269,0.1995,26.54,5.2933,2019-01-11,2019-10-07,269,2
CHHATTISGARH,111,82.500 - 163.400,82.5,163.4,80.9,Surguja,1,1,1,12,0.21,0.0175,0.15,0.0026,2023-09-20,2023-09-20,0,0
CHHATTISGARH,12A,191.422 - 268.345,191.422,268.345,76.923,KABIRDHAM,1,1,2,25,0.1014,0.0041,0.33,0.0013,2019-04-09,2019-04-09,0,0
CHHATTISGARH,12A,290.747 - 295.121,290.747,295.121,4.374,BEMETARA,1,1,4,147,14.081,0.1059,33.61,3.2193,2015-07-31,2024-12-16,3426,2
CHHATTISGARH,130,53.300 - 92.600,53.3,92.6,39.3,KORBA,1,3,14,235,24.9687,0.1062,5.98,0.6353,2021-01-05,2023-03-10,794,3
CHHATTISGARH,130A,0.000 - 15.600,0.0,15.6,15.6,BILASPUR,1,2,12,1221,147.7665,0.121,78.27,9.4722,2018-09-05,2024-12-27,2305,4
CHHATTISGARH,130A,15.600 - 51.500,15.6,51.5,35.9,JANJGIR-CHAMPA,1,2,19,1950,254.1358,0.1305,54.32,7.079,2018-09-06,2024-09-19,2205,4
CHHATTISGARH,130A,30.100 - 70.800,30.1,70.8,40.7,MUNGELI,1,1,23,653,72.277,0.1107,16.04,1.7758,2022-05-02,2023-12-08,585,3
CHHATTISGARH,130A,32.093 - 44.186,32.093,44.186,12.093,MUNGELI,1,1,5,66,5.76,0.0873,5.46,0.4763,2019-02-27,2023-03-10,1472,2
CHHATTISGARH,130A,51.500 - 70.200,51.5,70.2,18.7,KORBA,1,3,13,1713,169.4681,0.0989,91.6,9.0625,2018-09-19,2024-10-30,2233,4
CHHATTISGARH,130A,7.700 - 30.100,7.7,30.1,22.4,BILASPUR,1,1,3,123,12.83,0.1043,5.49,0.5728,2022-08-01,2024-04-08,616,1
CHHATTISGARH,130A,7.750 - 26.542,7.75,26.542,18.792,BILASPUR,1,1,4,76,3.35,0.0441,4.04,0.1783,2019-02-27,2022-04-11,1139,2
CHHATTISGARH,130A,70.200 - 106.360,70.2,106.36,36.16,KORBA,1,2,13,951,194.9994,0.205,26.3,5.3927,2021-03-05,2024-09-25,1300,4
CHHATTISGARH,130A,70.200 - 157.745,70.2,157.745,87.545,JASHPUR|RAIGARH,2,3,19,1045,280.6295,0.2685,11.94,3.2055,2021-01-25,2025-05-01,1557,5
CHHATTISGARH,130A,70.800 - 96.200,70.8,96.2,25.4,KABIRDHAM,1,1,7,145,13.554,0.0935,5.71,0.5336,2022-05-02,2025-01-03,977,1
CHHATTISGARH,130A,96.200 - 104.750,96.2,104.75,8.55,KABIRDHAM,1,1,4,142,13.807,0.0972,16.61,1.6149,2022-08-01,2024-06-14,683,1
CHHATTISGARH,130B,90.245 - 90.730,90.245,90.73,0.485,Balodabazar-Bhatapara,1,1,1,10,0.445,0.0445,20.62,0.9175,2023-03-10,2023-03-10,0,0
CHHATTISGARH,130C,163.800 - 196.400,163.8,196.4,32.6,Gariaband,1,2,12,113,1.5606,0.0138,3.47,0.0479,2022-06-23,2022-06-23,0,0
CHHATTISGARH,130C,17.200 - 37.000,17.2,37.0,19.8,Gariaband,1,1,3,12,0.1755,0.0146,0.61,0.0089,2022-06-23,2022-06-23,0,0
CHHATTISGARH,130C,99.800 - 196.800,99.8,196.8,97.0,RAIPUR,1,1,4,53,2.3422,0.0442,0.55,0.0241,2024-04-26,2024-04-26,0,0
CHHATTISGARH,130CD,0.000 - 9.380,0.0,9.38,9.38,RAIPUR,1,1,6,852,61.4275,0.0721,90.83,6.5488,2020-12-31,2025-01-23,1484,4
CHHATTISGARH,130CD,105.500 - 123.210,105.5,123.21,17.71,KONDAGAON,1,1,9,498,85.9201,0.1725,28.12,4.8515,2020-11-02,2024-06-04,1310,4
CHHATTISGARH,130CD,36.860 - 39.345,36.86,39.345,2.485,DHAMTARI,1,1,2,93,6.9266,0.0745,37.42,2.7874,2020-11-02,2022-01-07,431,1
CHHATTISGARH,130CD,62.350 - 78.080,62.35,78.08,15.73,DHAMTARI,1,2,9,244,53.7462,0.2203,15.51,3.4168,2020-11-02,2024-06-04,1310,4
CHHATTISGARH,130CD,78.080 - 105.500,78.08,105.5,27.42,KANKER,1,1,16,863,153.6263,0.178,31.47,5.6027,2020-12-04,2022-07-06,579,3
CHHATTISGARH,130CD,9.380 - 62.350,9.38,62.35,52.97,DHAMTARI,1,2,24,1568,221.5111,0.1413,29.6,4.1818,2020-10-20,2025-02-13,1577,4
CHHATTISGARH,130D,0.000 - 21.000,0.0,21.0,21.0,KONDAGAON,1,1,7,105,8.3592,0.0796,5.0,0.3981,2023-09-01,2025-02-14,532,1
CHHATTISGARH,130D,21.000 - 72.000,21.0,72.0,51.0,NARAYANPUR,1,2,21,676,42.0176,0.0622,13.25,0.8239,2023-10-16,2024-12-23,434,3
CHHATTISGARH,149B,0.000 - 12.000,0.0,12.0,12.0,JANJGIR-CHAMPA,1,1,7,641,70.559,0.1101,53.42,5.8799,2018-07-13,2024-02-29,2057,4
CHHATTISGARH,149B,12.000 - 78.116,12.0,78.116,66.116,KORBA,1,2,17,2361,111.1214,0.0471,35.71,1.6807,2018-08-16,2025-04-16,2435,4
CHHATTISGARH,149B,12.500 - 38.200,12.5,38.2,25.7,KORBA,1,2,7,160,12.2716,0.0767,6.23,0.4775,2021-07-02,2023-01-04,551,1
CHHATTISGARH,200,0.000 - 42.290,0.0,42.29,42.29,RAIPUR,1,1,1,11,0.207,0.0188,0.26,0.0049,2021-10-05,2021-10-05,0,0
CHHATTISGARH,200,0.000 - 48.580,0.0,48.58,48.58,Balodabazar-Bhatapara,1,1,1,3,0.286,0.0953,0.06,0.0059,2018-09-19,2018-09-19,0,0
CHHATTISGARH,200,127.650 - 138.180,127.65,138.18,10.53,BILASPUR,1,1,2,40,3.409,0.0852,3.8,0.3237,2018-08-14,2018-08-14,0,0
CHHATTISGARH,200,138.181 - 160.687,138.181,160.687,22.506,JANJGIR-CHAMPA,1,1,4,6,0.358,0.0597,0.27,0.0159,2018-08-14,2018-08-14,0,0
CHHATTISGARH,200,178.944 - 241.553,178.944,241.553,62.609,JANJGIR-CHAMPA,1,3,11,86,4.866,0.0566,1.37,0.0777,2018-01-12,2020-03-16,794,1
CHHATTISGARH,200,240.000 - 312.400,240.0,312.4,72.4,RAIGARH,1,2,26,234,16.211,0.0693,3.23,0.2239,2018-08-14,2019-09-17,399,2
CHHATTISGARH,200,48.580 - 126.525,48.58,126.525,77.945,BILASPUR|Balodabazar-Bhatapara|DURG,3,4,26,453,40.4527,0.0893,5.81,0.519,2011-10-27,2019-08-27,2861,5
CHHATTISGARH,200,77.900 - 126.525,77.9,126.525,48.625,MUNGELI,1,1,6,30,1.1551,0.0385,0.62,0.0238,2018-09-28,2019-08-27,333,0
CHHATTISGARH,216,3.800 - 25.645,3.8,25.645,21.845,RAIGARH,1,1,1,17,1.338,0.0787,0.78,0.0612,2018-09-12,2018-09-12,0,0
CHHATTISGARH,217,1.800 - 2.800,1.8,2.8,1.0,MAHASAMUND,1,1,1,32,2.358,0.0737,32.0,2.358,2023-08-02,2023-08-02,0,0
CHHATTISGARH,217,47.000 - 65.000,47.0,65.0,18.0,MAHASAMUND,1,1,2,19,1.031,0.0543,1.06,0.0573,2022-03-03,2022-03-03,0,0
CHHATTISGARH,217,50.290 - 53.330,50.29,53.33,3.04,MAHASAMUND,1,1,2,40,6.7242,0.1681,13.16,2.2119,2018-08-14,2018-08-14,0,0
CHHATTISGARH,221,122.640 - 123.120,122.64,123.12,0.48,SUKMA,1,1,1,5,1.265,0.253,10.42,2.6354,2024-01-17,2024-01-17,0,0
CHHATTISGARH,221,123.000 - 127.800,123.0,127.8,4.8,SUKMA,1,1,2,4,0.45,0.1125,0.83,0.0938,2024-10-10,2024-10-10,0,0
CHHATTISGARH,221,127.800 - 128.800,127.8,128.8,1.0,SUKMA,1,1,1,3,0.369,0.123,3.0,0.369,2024-10-10,2024-10-10,0,0
CHHATTISGARH,221,14.400 - 15.600,14.4,15.6,1.2,BASTAR,1,1,1,47,5.749,0.1223,39.17,4.7908,2022-07-29,2022-07-29,0,0
CHHATTISGARH,221,144.540 - 176.720,144.54,176.72,32.18,SUKMA,1,1,5,22,4.112,0.1869,0.68,0.1278,2024-01-17,2024-01-17,0,0
CHHATTISGARH,30,59.000 - 59.600,59.0,59.6,0.6,SUKMA,1,1,2,11,1.125,0.1023,18.33,1.875,2024-01-17,2024-01-17,0,0
CHHATTISGARH,30,88.130 - 88.480,88.13,88.48,0.35,SUKMA,1,1,1,7,1.192,0.1703,20.0,3.4057,2024-06-14,2024-06-14,0,0
CHHATTISGARH,30,98.400 - 100.160,98.4,100.16,1.76,SUKMA,1,1,1,1,0.224,0.224,0.57,0.1273,2024-01-17,2024-01-17,0,0
CHHATTISGARH,343,0.000 - 3.400,0.0,3.4,3.4,SURAJPUR,1,1,2,42,5.842,0.1391,12.35,1.7182,2021-06-03,2021-06-03,0,0
CHHATTISGARH,343,21.600 - 60.200,21.6,60.2,38.6,BALRAMPUR,1,1,15,960,37.198,0.0387,24.87,0.9637,2022-04-11,2022-04-11,0,2
CHHATTISGARH,343,3.400 - 21.600,3.4,21.6,18.2,Surguja,1,1,13,835,47.875,0.0573,45.88,2.6305,2022-06-23,2022-12-01,161,2
CHHATTISGARH,343,60.200 - 118.300,60.2,118.3,58.1,BALRAMPUR,1,2,23,993,30.579,0.0308,17.09,0.5263,2021-05-24,2022-12-01,556,3
CHHATTISGARH,43,0.000 - 15.850,0.0,15.85,15.85,JASHPUR,1,1,8,501,98.7397,0.1971,31.61,6.2296,2022-11-02,2022-11-02,0,2
CHHATTISGARH,43,10.200 - 43.400,10.2,43.4,33.2,RAIPUR,1,1,6,432,34.3378,0.0797,13.01,1.0343,2016-01-21,2022-11-07,2482,4
CHHATTISGARH,43,130.000 - 180.000,130.0,180.0,50.0,KONDAGAON,1,1,3,24,4.334,0.1806,0.48,0.0867,2017-07-21,2017-07-21,0,0
CHHATTISGARH,43,15.424 - 31.400,15.424,31.4,15.976,RAIPUR,1,1,9,786,63.0911,0.0806,49.2,3.9491,2016-01-13,2019-02-07,1121,4
CHHATTISGARH,43,15.850 - 35.750,15.85,35.75,19.9,JASHPUR,1,1,11,494,116.5048,0.2358,24.82,5.8545,2022-09-22,2022-09-22,0,2
CHHATTISGARH,43,241.000 - 298.000,241.0,298.0,57.0,BASTAR,1,1,3,21,3.3093,0.1576,0.37,0.0581,2015-09-14,2015-09-14,0,0
CHHATTISGARH,43,245.700 - 290.200,245.7,290.2,44.5,BASTAR,1,1,8,58,2.639,0.0455,1.3,0.0593,2021-05-19,2021-05-19,0,0
CHHATTISGARH,43,264.000 - 265.000,264.0,265.0,1.0,KOREA,1,1,1,45,1.5553,0.0346,45.0,1.5553,2022-08-22,2022-08-22,0,0
CHHATTISGARH,43,32.400 - 59.230,32.4,59.23,26.83,DHAMTARI,1,1,14,1074,52.7419,0.0491,40.03,1.9658,2016-01-08,2019-01-24,1112,4
CHHATTISGARH,43,35.750 - 69.900,35.75,69.9,34.15,JASHPUR,1,2,23,1071,249.4319,0.2329,31.36,7.304,2023-02-28,2023-02-28,0,2
CHHATTISGARH,43,356.867 - 357.913,356.867,357.913,1.046,SURAJPUR,1,1,1,97,1.088,0.0112,92.73,1.0402,2023-02-16,2023-02-16,0,0
CHHATTISGARH,43,562.600 - 598.000,562.6,598.0,35.4,JASHPUR,1,1,16,207,10.823,0.0523,5.85,0.3057,2023-04-28,2023-04-28,0,1
CHHATTISGARH,43,59.230 - 81.100,59.23,81.1,21.87,DHAMTARI,1,1,15,970,92.9476,0.0958,44.35,4.25,2016-12-16,2024-08-02,2786,4
CHHATTISGARH,43,69.900 - 104.300,69.9,104.3,34.4,JASHPUR,1,1,15,599,153.5087,0.2563,17.41,4.4625,2023-02-17,2023-02-17,0,2
CHHATTISGARH,45,237.860 - 277.160,237.86,277.16,39.3,Gaurela-Pendra-Marwahi,1,1,10,136,6.859,0.0504,3.46,0.1745,2022-08-10,2022-08-10,0,0
CHHATTISGARH,45,277.160 - 322.035,277.16,322.035,44.875,BILASPUR,1,2,18,547,28.6237,0.0523,12.19,0.6379,2022-08-22,2022-08-22,0,2
CHHATTISGARH,49,139.180 - 160.687,139.18,160.687,21.507,JANJGIR-CHAMPA,1,1,2,2,0.133,0.0665,0.09,0.0062,2020-10-22,2020-10-22,0,0
CHHATTISGARH,49,240.000 - 312.400,240.0,312.4,72.4,RAIGARH,1,1,1,4,0.64,0.16,0.06,0.0088,2020-12-22,2020-12-22,0,0
CHHATTISGARH,49,241.553 - 312.600,241.553,312.6,71.047,RAIGARH,1,1,3,13,2.054,0.158,0.18,0.0289,2021-07-06,2021-07-06,0,0
CHHATTISGARH,6,141.028 - 177.750,141.028,177.75,36.722,MAHASAMUND,1,1,26,1171,99.1327,0.0847,31.89,2.6995,2012-01-20,2017-02-16,1854,4
CHHATTISGARH,6,177.750 - 230.490,177.75,230.49,52.74,MAHASAMUND,1,1,25,906,52.481,0.0579,17.18,0.9951,2012-05-28,2018-08-16,2271,4
CHHATTISGARH,6,230.490 - 238.966,230.49,238.966,8.476,RAIPUR,1,1,5,443,47.2459,0.1066,52.27,5.5741,2012-09-05,2018-08-21,2176,4
CHHATTISGARH,6,239.000 - 282.000,239.0,282.0,43.0,RAIPUR,1,1,1,3,0.802,0.2673,0.07,0.0187,2015-03-14,2015-03-14,0,0
CHHATTISGARH,6,322.400 - 405.000,322.4,405.0,82.6,Rajnandgaon,1,1,20,163,12.0921,0.079,1.97,0.1464,2010-05-10,2010-05-10,0,0
CHHATTISGARH,6,88.000 - 141.280,88.0,141.28,53.28,MAHASAMUND,1,2,37,1555,135.3811,0.0871,29.19,2.5409,2012-03-29,2016-09-30,1646,4
CHHATTISGARH,78,245.000 - 331.000,245.0,331.0,86.0,KOREA,1,2,10,46,2.196,0.0477,0.53,0.0255,2022-02-04,2022-02-04,0,0
CHHATTISGARH,78,331.000 - 363.000,331.0,363.0,32.0,SURAJPUR,1,1,2,3,0.12,0.04,0.09,0.0038,2021-06-09,2021-06-09,0,0
CHHATTISGARH,78,373.505 - 468.505,373.505,468.505,95.0,Surguja,1,1,8,250,12.877,0.0515,2.63,0.1355,2018-11-16,2022-12-13,1488,3
CHHATTISGARH,78,373.505 - 468.800,373.505,468.8,95.295,JASHPUR|SURAJPUR|Surguja,3,5,19,509,30.4531,0.0598,5.34,0.3196,2015-12-18,2021-04-07,1937,5
CHHATTISGARH,78,468.600 - 531.250,468.6,531.25,62.65,JASHPUR,1,3,19,644,27.9156,0.0433,10.28,0.4456,2018-12-27,2025-04-17,2303,4
CHHATTISGARH,78,531.250 - 597.946,531.25,597.946,66.696,JASHPUR,1,1,12,139,8.755,0.063,2.08,0.1313,2018-11-28,2018-11-28,0,0
CHHATTISGARH,78,531.250 - 597.964,531.25,597.964,66.714,JASHPUR,1,1,6,496,35.663,0.0719,7.43,0.5346,2020-09-09,2020-09-09,0,2
CHHATTISGARH,78,531.500 - 563.000,531.5,563.0,31.5,JASHPUR,1,1,5,102,8.121,0.0796,3.24,0.2578,2020-10-22,2020-10-22,0,0
CHHATTISGARH,930,22.850 - 23.313,22.85,23.313,0.463,BALOD,1,1,2,9,0.735,0.0817,19.44,1.5875,2023-02-03,2023-02-03,0,0
CHHATTISGARH,930,30.600 - 67.880,30.6,67.88,37.28,BALOD,1,2,12,103,8.4172,0.0817,2.76,0.2258,2016-07-19,2023-06-13,2520,2
CHHATTISGARH,930,5.665 - 6.145,5.665,6.145,0.48,BALOD,1,1,1,9,0.24,0.0267,18.75,0.5,2023-02-03,2023-02-03,0,0
CHHATTISGARH,930,67.880 - 114.870,67.88,114.87,46.99,Rajnandgaon,1,1,9,99,8.2998,0.0838,2.11,0.1766,2018-02-09,2025-02-11,2559,2
CHHATTISGARH,NH53,0.000 - 3.500,0.0,3.5,3.5,Rajnandgaon,1,1,2,325,29.492,0.0907,92.86,8.4263,2018-09-05,2024-01-31,1974,4
CHHATTISGARH,NH53,24.000 - 43.500,24.0,43.5,19.5,DURG,1,1,13,1048,150.5589,0.1437,53.74,7.721,2018-09-06,2024-07-10,2134,4
CHHATTISGARH,NH53,3.500 - 24.000,3.5,24.0,20.5,DURG,1,1,12,989,153.6879,0.1554,48.24,7.497,2018-09-06,2024-07-10,2134,4
CHHATTISGARH,NH53,43.500 - 79.000,43.5,79.0,35.5,RAIPUR,1,1,18,1831,298.1437,0.1628,51.58,8.3984,2018-09-06,2024-07-26,2150,4
CHHATTISGARH,NH53,79.000 - 92.250,79.0,92.25,13.25,RAIPUR,1,1,8,621,112.1475,0.1806,46.87,8.464,2018-09-06,2025-01-03,2311,4
DELHI,100,12.000 - 21.000,12.0,21.0,9.0,CENTRAL,1,1,1,2,2.3141,1.157,0.22,0.2571,2021-10-12,2021-10-12,0,0
DELHI,105,10.000 - 25.000,10.0,25.0,15.0,CENTRAL,1,1,2,3,5.2188,1.7396,0.2,0.3479,2023-05-01,2023-10-16,168,0
DELHI,108,10.000 - 25.000,10.0,25.0,15.0,CENTRAL,1,1,1,3,4.0,1.3333,0.2,0.2667,2022-01-19,2022-01-19,0,0
DELHI,2,16.100 - 20.500,16.1,20.5,4.4,South East,1,1,1,1,0.1749,0.1749,0.23,0.0397,2008-10-31,2008-10-31,0,0
DELHI,248BB,0.000 - 1.500,0.0,1.5,1.5,NEW DELHI,1,1,2,43,1.3224,0.0308,28.67,0.8816,2019-11-06,2019-11-06,0,0
DELHI,248BB,1.500 - 9.900,1.5,9.9,8.4,SOUTH WEST DELHI,1,1,3,111,5.2078,0.0469,13.21,0.62,2018-09-06,2019-07-26,323,0
DELHI,344 M,0.000 - 13.100,0.0,13.1,13.1,NORTH,1,1,4,64,4.1175,0.0643,4.89,0.3143,2019-02-22,2023-12-29,1771,2
DELHI,344 M,13.100 - 20.700,13.1,20.7,7.6,NORTH WEST,1,1,5,500,51.2879,0.1026,65.79,6.7484,2019-07-12,2023-12-29,1631,4
DELHI,344 M,20.700 - 26.000,20.7,26.0,5.3,WEST,1,1,2,97,8.0625,0.0831,18.3,1.5212,2019-03-22,2023-12-29,1743,2
DELHI,344 M,26.000 - 39.000,26.0,39.0,13.0,SOUTH WEST DELHI,1,3,9,129,12.826,0.0994,9.92,0.9866,2019-07-29,2023-03-28,1338,2
DELHI,344N,0.000 - 7.000,0.0,7.0,7.0,SOUTH WEST DELHI|WEST,2,2,3,360,36.1891,0.1005,51.43,5.1699,2020-01-16,2022-01-07,722,4
DELHI,344P,0.000 - 4.500,0.0,4.5,4.5,NORTH,1,1,3,200,29.1316,0.1457,44.44,6.4737,2019-04-09,2024-09-18,1989,4
GOA,166S,0.000 - 6.590,0.0,6.59,6.59,NORTH GOA,1,1,3,396,41.027,0.1036,60.09,6.2256,2021-04-06,2021-06-25,80,2
GOA,17B,0.000 - 11.200,0.0,11.2,11.2,SOUTH GOA,1,2,4,361,34.0253,0.0943,32.23,3.038,2024-10-11,2024-10-11,0,2
GOA,366,11.300 - 11.400,11.3,11.4,0.1,SOUTH GOA,1,1,1,4,0.0463,0.0116,40.0,0.463,2024-08-06,2024-08-06,0,0
GOA,66,475.000 - 502.500,475.0,502.5,27.5,NORTH GOA,1,2,9,1103,37.3174,0.0338,40.11,1.357,2018-05-08,2021-09-21,1232,4
GOA,66,502.500 - 522.790,502.5,522.79,20.29,NORTH GOA,1,2,11,1466,25.5381,0.0174,72.25,1.2587,2018-05-25,2021-10-22,1246,4
GOA,66,522.615 - 536.250,522.615,536.25,13.635,NORTH GOA|SOUTH GOA,2,2,5,358,8.3603,0.0234,26.26,0.6131,2019-09-19,2022-01-11,845,3
GOA,66,536.850 - 542.745,536.85,542.745,5.895,SOUTH GOA,1,2,3,268,4.3699,0.0163,45.46,0.7413,2018-11-16,2025-02-28,2296,3
GOA,66,555.200 - 561.890,555.2,561.89,6.69,SOUTH GOA,1,1,4,232,0.8846,0.0038,34.68,0.1322,2023-12-15,2023-12-15,0,1
GOA,66,570.000 - 584.715,570.0,584.715,14.715,SOUTH GOA,1,2,6,112,27.775,0.248,7.61,1.8875,2024-08-06,2024-08-06,0,1
GOA,66,602.900 - 610.900,602.9,610.9,8.0,SOUTH GOA,1,1,1,112,2.3566,0.021,14.0,0.2946,2023-12-08,2023-12-08,0,0
GOA,748,111.790 - 117.350,111.79,117.35,5.56,SOUTH GOA,1,2,2,12,1.0306,0.0859,2.16,0.1854,2023-12-22,2023-12-22,0,0
GOA,748,125.000 - 134.750,125.0,134.75,9.75,SOUTH GOA,1,1,5,107,3.4074,0.0318,10.97,0.3495,2023-11-03,2023-11-03,0,0
GOA,748,126.200 - 128.000,126.2,128.0,1.8,SOUTH GOA,1,2,5,69,7.2871,0.1056,38.33,4.0484,2019-02-12,2022-01-11,1064,1
GOA,748,137.000 - 142.600,137.0,142.6,5.6,NORTH GOA|SOUTH GOA,2,2,2,189,8.0649,0.0427,33.75,1.4402,2023-07-21,2023-07-24,3,1
GOA,748,142.600 - 143.200,142.6,143.2,0.6,NORTH GOA,1,1,2,34,2.2359,0.0658,56.67,3.7265,2023-07-24,2023-07-24,0,0
GOA,748,84.000 - 95.620,84.0,95.62,11.62,SOUTH GOA,1,1,1,16,2.2661,0.1416,1.38,0.195,2023-09-22,2023-09-22,0,0
GOA,748,97.000 - 112.000,97.0,112.0,15.0,SOUTH GOA,1,1,3,64,12.8858,0.2013,4.27,0.8591,2024-08-12,2024-08-12,0,0
GUJARAT,148N,244.343 - 301.315,244.343,301.315,56.972,Dahod,1,2,18,729,290.9115,0.3991,12.8,5.1062,2019-08-05,2024-09-25,1878,4
GUJARAT,148N,301.315 - 363.017,301.315,363.017,61.702,Panchmahal,1,3,36,1929,600.8513,0.3115,31.26,9.738,2019-06-28,2024-01-10,1657,4
GUJARAT,148N,363.017 - 392.625,363.017,392.625,29.608,Vadodra,1,2,16,701,327.3419,0.467,23.68,11.0559,2019-06-26,2024-04-26,1766,4
GUJARAT,151A,0.000 - 242.900,0.0,242.9,242.9,DEVBHUMI DWARKA|JAMNAGAR|MORBI,3,6,40,2176,255.9987,0.1176,8.96,1.0539,2018-07-13,2024-02-02,2030,5
GUJARAT,151A,0.000 - 5.790,0.0,5.79,5.79,JAMNAGAR,1,1,2,254,37.7058,0.1484,43.87,6.5122,2024-03-08,2025-03-26,383,3
GUJARAT,151A,42.000 - 48.500,42.0,48.5,6.5,MORBI,1,1,1,55,10.4001,0.1891,8.46,1.6,2024-03-12,2024-04-26,45,0
GUJARAT,168,0.000 - 41.300,0.0,41.3,41.3,Banaskantha,1,1,12,353,11.6424,0.033,8.55,0.2819,2019-11-18,2021-06-11,571,2
GUJARAT,168,43.250 - 68.174,43.25,68.174,24.924,Banaskantha,1,1,12,627,14.0637,0.0224,25.16,0.5643,2019-11-18,2022-05-06,900,2
GUJARAT,168A,11.800 - 33.600,11.8,33.6,21.8,Banaskantha,1,1,7,283,9.586,0.0339,12.98,0.4397,2019-07-26,2022-05-06,1015,2
GUJARAT,168G,104.400 - 129.775,104.4,129.775,25.375,ARVALLI,1,1,6,103,29.3591,0.285,4.06,1.157,2025-01-16,2025-03-26,69,1
GUJARAT,168G,62.500 - 104.000,62.5,104.0,41.5,Sabarkantha,1,1,11,479,63.7241,0.133,11.54,1.5355,2024-09-02,2025-04-25,235,2
GUJARAT,179A,80.000 - 125.000,80.0,125.0,45.0,Vadodra,1,1,1,9,0.1466,0.0163,0.2,0.0033,2023-07-11,2023-07-11,0,0
GUJARAT,27,0.254 - 2.117,0.254,2.117,1.863,Banaskantha,1,1,2,58,2.343,0.0404,31.13,1.2576,2021-07-30,2021-12-28,151,0
GUJARAT,341,0.000 - 38.300,0.0,38.3,38.3,KACHCHH,1,1,10,256,76.4669,0.2987,6.68,1.9965,2018-03-19,2024-10-01,2388,4
GUJARAT,341,38.300 - 65.478,38.3,65.478,27.178,KACHCHH,1,1,7,666,42.6424,0.064,24.51,1.569,2018-03-23,2023-06-06,1901,4
GUJARAT,341,65.478 - 162.209,65.478,162.209,96.731,KACHCHH,1,1,7,35,8.2191,0.2348,0.36,0.085,2019-11-13,2022-01-13,792,1
GUJARAT,351,0.000 - 27.000,0.0,27.0,27.0,BHAVNAGAR,1,1,11,338,29.2628,0.0868,12.52,1.0838,2021-06-07,2022-05-12,339,2
GUJARAT,351,27.000 - 154.000,27.0,154.0,127.0,AMRELI,1,5,35,676,82.8574,0.1226,5.32,0.6524,2022-01-13,2025-02-07,1121,4
GUJARAT,48,248.100 - 263.400,248.1,263.4,15.3,SURAT,1,2,10,45,2.7884,0.062,2.94,0.1822,2021-07-12,2021-07-12,0,0
GUJARAT,51,0.900 - 11.650,0.9,11.65,10.75,BHAVNAGAR,1,1,4,131,14.0982,0.1076,12.19,1.3115,2021-02-25,2021-02-25,0,0
GUJARAT,51,10.900 - 38.200,10.9,38.2,27.3,SURENDRANAGAR,1,1,5,391,67.3198,0.1722,14.32,2.4659,2022-07-28,2024-02-02,554,3
GUJARAT,51,166.610 - 232.200,166.61,232.2,65.59,GIR SOMNATH,1,1,4,6,0.1557,0.026,0.09,0.0024,2020-01-30,2020-01-30,0,0
GUJARAT,56,132.250 - 179.700,132.25,179.7,47.45,NARMADA,1,3,30,596,72.2729,0.1213,12.56,1.5231,2023-08-11,2024-07-26,350,2
GUJARAT,56,179.700 - 208.300,179.7,208.3,28.6,BHARUCH,1,1,12,328,20.9857,0.064,11.47,0.7338,2023-08-07,2024-05-24,291,2
GUJARAT,56,208.300 - 240.300,208.3,240.3,32.0,SURAT,1,3,14,359,69.7817,0.1944,11.22,2.1807,2023-09-13,2025-01-20,495,3
GUJARAT,56,240.300 - 291.100,240.3,291.1,50.8,TAPI,1,2,23,611,72.9444,0.1194,12.03,1.4359,2023-09-19,2024-09-25,372,3
GUJARAT,56,365.000 - 372.180,365.0,372.18,7.18,VALSAD,1,1,3,39,1.6531,0.0424,5.43,0.2302,2024-04-26,2024-04-26,0,0
GUJARAT,56,94.030 - 132.250,94.03,132.25,38.22,CHHOTAUDEPUR,1,3,22,652,85.5636,0.1312,17.06,2.2387,2023-09-22,2024-10-01,375,3
GUJARAT,58,0.000 - 56.620,0.0,56.62,56.62,Sabarkantha,1,3,25,492,28.6707,0.0583,8.69,0.5064,2023-11-13,2023-11-13,0,2
GUJARAT,58,83.000 - 85.000,83.0,85.0,2.0,Sabarkantha,1,1,1,33,4.5815,0.1388,16.5,2.2908,2023-10-25,2024-12-16,418,1
GUJARAT,58,85.000 - 87.000,85.0,87.0,2.0,MAHESANA,1,1,1,62,10.225,0.1649,31.0,5.1125,2023-10-25,2025-04-16,539,1
GUJARAT,6,29.100 - 49.700,29.1,49.7,20.6,SURAT,1,2,4,5,1.0866,0.2173,0.24,0.0527,2022-07-20,2022-07-20,0,0
GUJARAT,68,52.000 - 128.940,52.0,128.94,76.94,MAHESANA|Patan,2,2,16,1089,30.4883,0.028,14.15,0.3963,2022-11-10,2024-11-14,735,4
GUJARAT,751,0.000 - 109.019,0.0,109.019,109.019,AHMEDABAD,1,6,24,1984,913.5868,0.4605,18.2,8.3801,2018-08-23,2025-01-15,2337,4
GUJARAT,754K,0.000 - 130.000,0.0,130.0,130.0,Banaskantha|Patan,2,5,41,2237,911.958,0.4077,17.21,7.0151,2019-02-12,2024-03-11,1854,5
GUJARAT,754K,246.292 - 269.492,246.292,269.492,23.2,Patan,1,1,1,80,16.926,0.2116,3.45,0.7296,2021-07-23,2023-01-13,539,1
GUJARAT,754K,248.500 - 249.500,248.5,249.5,1.0,KACHCHH,1,1,1,11,1.8526,0.1684,11.0,1.8526,2022-07-20,2022-07-28,8,0
GUJARAT,754K,32.200 - 53.850,32.2,53.85,21.65,KACHCHH,1,1,2,23,8.9107,0.3874,1.06,0.4116,2021-03-02,2022-02-28,363,0
GUJARAT,8,271.500 - 318.600,271.5,318.6,47.1,NAVSARI,1,4,23,1491,70.527,0.0473,31.66,1.4974,2011-02-07,2018-06-28,2698,4
GUJARAT,8,288.200 - 401.200,288.2,401.2,113.0,ARVALLI,1,1,14,279,9.3727,0.0336,2.47,0.0829,2013-10-11,2020-07-28,2482,3
GUJARAT,8,318.600 - 381.600,318.6,381.6,63.0,VALSAD,1,4,22,307,12.5583,0.0409,4.87,0.1993,2018-07-04,2018-07-04,0,1
GUJARAT,8,388.200 - 509.000,388.2,509.0,120.8,ARVALLI|GANDHINAGAR|Sabarkantha,3,4,7,128,15.9346,0.1245,1.06,0.1319,2011-09-21,2020-07-03,3208,3
GUJARAT,848,64.300 - 64.700,64.3,64.7,0.4,VALSAD,1,1,1,4,0.6105,0.1526,10.0,1.5263,2020-12-22,2020-12-22,0,0
GUJARAT,848B,0.000 - 0.600,0.0,0.6,0.6,VALSAD,1,1,2,73,4.3132,0.0591,121.67,7.1887,2020-02-21,2021-01-13,327,0
GUJARAT,848B,28.400 - 28.600,28.4,28.6,0.2,VALSAD,1,1,2,53,0.3678,0.0069,265.0,1.839,2021-09-20,2022-10-06,381,1
GUJARAT,8A,112.100 - 132.000,112.1,132.0,19.9,SURENDRANAGAR,1,1,5,98,8.1164,0.0828,4.92,0.4079,2018-10-17,2023-07-11,1728,2
GUJARAT,8A,160.100 - 180.000,160.1,180.0,19.9,SURENDRANAGAR,1,1,8,250,58.4045,0.2336,12.56,2.9349,2018-10-17,2023-09-12,1791,4
GUJARAT,8A,182.600 - 254.000,182.6,254.0,71.4,MORBI,1,1,1,6,0.9418,0.157,0.08,0.0132,2018-08-01,2019-01-24,176,0
GUJARAT,8A,285.000 - 288.000,285.0,288.0,3.0,KACHCHH,1,1,1,6,2.901,0.4835,2.0,0.967,2018-08-30,2019-03-22,204,0
GUJARAT,8A,7.000 - 72.100,7.0,72.1,65.1,AHMEDABAD,1,2,15,467,24.1655,0.0517,7.17,0.3712,2019-03-22,2024-09-19,2008,4
GUJARAT,8A,72.100 - 160.100,72.1,160.1,88.0,SURENDRANAGAR,1,3,17,400,33.7222,0.0843,4.55,0.3832,2018-10-17,2023-07-11,1728,4
GUJARAT,8A Ext,97.200 - 104.200,97.2,104.2,7.0,KACHCHH,1,1,3,37,13.948,0.3874,5.29,1.9926,2014-02-13,2024-02-02,3641,2
GUJARAT,8B,0.000 - 185.000,0.0,185.0,185.0,RAJKOT,1,2,2,16,0.7021,0.0439,0.09,0.0038,2018-08-02,2018-08-02,0,0
GUJARAT,8B,185.230 - 215.600,185.23,215.6,30.37,RAJKOT,1,1,6,208,31.6857,0.1523,6.85,1.0433,2018-06-26,2022-02-15,1330,4
GUJARAT,8D,0.000 - 19.800,0.0,19.8,19.8,JUNAGADH,1,1,3,3,0.6559,0.2186,0.15,0.0331,2021-07-29,2021-07-29,0,0
GUJARAT,8E,0.000 - 4.050,0.0,4.05,4.05,DEVBHUMI DWARKA,1,1,2,16,1.6443,0.1028,3.95,0.406,2018-11-14,2021-09-20,1041,1
GUJARAT,8E,112.330 - 166.610,112.33,166.61,54.28,AMRELI,1,2,15,55,2.2765,0.0414,1.01,0.0419,2020-01-30,2020-01-30,0,0
GUJARAT,8E,166.610 - 232.200,166.61,232.2,65.59,GIR SOMNATH,1,2,13,56,4.2569,0.076,0.85,0.0649,2019-07-04,2022-03-11,981,1
GUJARAT,8E,222.400 - 263.180,222.4,263.18,40.78,GIR SOMNATH,1,2,10,134,4.5397,0.0339,3.29,0.1113,2019-07-02,2025-01-27,2036,2
GUJARAT,8E,34.100 - 65.670,34.1,65.67,31.57,BHAVNAGAR,1,1,5,18,0.3793,0.0211,0.57,0.012,2020-06-25,2020-06-25,0,0
GUJARAT,8E,65.670 - 112.330,65.67,112.33,46.66,BHAVNAGAR,1,1,14,80,3.2312,0.0404,1.71,0.0692,2020-01-30,2020-01-30,0,0
GUJARAT,8E,7.090 - 53.585,7.09,53.585,46.495,BHAVNAGAR,1,2,7,46,1.8327,0.0398,0.99,0.0394,2020-07-10,2021-01-20,194,0
GUJARAT,8E Ext,263.000 - 306.080,263.0,306.08,43.08,JUNAGADH,1,2,11,198,14.32,0.0723,4.6,0.3324,2018-10-30,2021-12-03,1130,2
GUJARAT,8E Ext,338.400 - 379.100,338.4,379.1,40.7,PORBANDAR,1,1,8,83,12.0184,0.1448,2.04,0.2953,2018-09-28,2024-12-11,2266,2
GUJARAT,8E Ext,379.100 - 496.848,379.1,496.848,117.748,DEVBHUMI DWARKA|PORBANDAR,2,3,23,175,19.4872,0.1114,1.49,0.1655,2014-03-05,2023-05-17,3360,3
GUJARAT,927D,3.665 - 72.200,3.665,72.2,68.535,JAMNAGAR,1,1,7,125,10.3573,0.0829,1.82,0.1511,2018-07-17,2021-09-20,1161,2
GUJARAT,927D,72.200 - 107.500,72.2,107.5,35.3,RAJKOT,1,2,9,86,13.3625,0.1554,2.44,0.3785,2019-02-12,2022-12-16,1403,2
GUJARAT,Greenfield Expressway,0.000 - 7.800,0.0,7.8,7.8,Banaskantha,1,1,6,192,90.3414,0.4705,24.62,11.5822,2023-08-11,2024-10-30,446,2
GUJARAT,Greenfield Expressway,124.400 - 142.200,124.4,142.2,17.8,MAHESANA,1,1,6,242,54.6228,0.2257,13.6,3.0687,2024-06-28,2024-06-28,0,2
GUJARAT,Greenfield Expressway,36.000 - 56.800,36.0,56.8,20.8,Banaskantha,1,1,7,569,199.6357,0.3509,27.36,9.5979,2023-03-10,2024-06-05,453,3
GUJARAT,Greenfield Expressway,56.800 - 98.300,56.8,98.3,41.5,Patan,1,2,22,1353,313.3528,0.2316,32.6,7.5507,2023-06-01,2024-08-22,448,3
GUJARAT,Greenfield Expressway,7.800 - 36.000,7.8,36.0,28.2,Banaskantha,1,2,14,412,218.3465,0.53,14.61,7.7428,2023-03-07,2024-07-24,505,3
GUJARAT,Greenfield Expressway,98.300 - 124.400,98.3,124.4,26.1,MAHESANA,1,2,5,131,36.259,0.2768,5.02,1.3892,2024-06-05,2024-09-03,90,1
GUJARAT,NE-II,167.200 - 113.100,167.2,113.1,-54.1,VALSAD,1,4,28,587,78.6429,0.134,-10.85,-1.4537,2020-06-17,2022-12-29,925,3
GUJARAT,NE-II,205.000 - 167.200,205.0,167.2,-37.8,NAVSARI,1,3,16,412,119.8879,0.291,-10.9,-3.1716,2015-02-06,2018-08-14,1285,4
GUJARAT,NE-II,205.000 - 262.000,205.0,262.0,57.0,SURAT,1,4,6,6,1.8979,0.3163,0.11,0.0333,2025-01-28,2025-01-28,0,0
GUJARAT,NE-II,262.000 - 324.500,262.0,324.5,62.5,BHARUCH,1,3,7,52,12.5593,0.2415,0.83,0.2009,2019-10-04,2024-08-14,1776,2
GUJARAT,NE-II,322.300 - 323.600,322.3,323.6,1.3,BHARUCH,1,1,1,8,2.0518,0.2565,6.15,1.5783,2020-07-28,2020-07-28,0,0
GUJARAT,NE-II,324.500 - 380.000,324.5,380.0,55.5,Vadodra,1,2,9,35,5.061,0.1745,0.63,0.0912,2014-12-29,2022-12-20,2913,2
GUJARAT,NE4,244.343 - 301.315,244.343,301.315,56.972,Dahod,1,1,13,373,215.7391,0.5784,6.55,3.7868,2021-06-21,2022-08-04,409,3
GUJARAT,Newly Proposed,0.000 - 109.019,0.0,109.019,109.019,BHAVNAGAR,1,1,1,10,9.9444,0.9944,0.09,0.0912,2019-07-02,2020-07-03,367,1
HARYANA,10,170.000 - 227.000,170.0,227.0,57.0,FATEHABAD|HISAR,2,2,19,3052,250.4157,0.082,53.54,4.3933,2014-02-05,2019-07-02,1973,5
HARYANA,10,30.000 - 86.500,30.0,86.5,56.5,JHAJJAR|ROHTAK,2,3,6,181,6.1129,0.0338,3.2,0.1082,2021-12-17,2022-01-17,31,1
HARYANA,11,12.000 - 35.550,12.0,35.55,23.55,REWARI,1,2,37,2574,313.284,0.1217,109.3,13.3029,2018-07-06,2022-07-06,1461,4
HARYANA,11,38.150 - 78.540,38.15,78.54,40.39,Mahendergrah,1,2,29,4137,323.9851,0.0783,102.43,8.0214,2018-07-13,2021-11-11,1217,4
HARYANA,148B,130.250 - 155.000,130.25,155.0,24.75,BHIWANI|HISAR,2,3,12,1724,175.6083,0.1019,69.66,7.0953,2022-07-06,2024-04-26,660,4
HARYANA,148B,8.500 - 39.400,8.5,39.4,30.9,Mahendergrah,1,2,31,4092,281.2905,0.0687,132.43,9.1033,2018-07-06,2021-11-11,1224,4
HARYANA,148B,94.600 - 125.920,94.6,125.92,31.32,Charkhi Dadri,1,1,1,14,0.47,0.0336,0.45,0.015,2024-01-18,2024-01-18,0,0
HARYANA,148NA,13.000 - 43.700,13.0,43.7,30.7,FARIDABAD,1,2,12,427,51.1675,0.1198,13.91,1.6667,2019-12-05,2023-02-03,1156,4
HARYANA,148NA,43.700 - 45.000,43.7,45.0,1.3,Gurugram,1,1,2,85,10.4109,0.1225,65.38,8.0084,2019-12-06,2021-12-06,731,1
HARYANA,148NA,45.000 - 54.500,45.0,54.5,9.5,PALWAL,1,2,4,553,72.4433,0.131,58.21,7.6256,2019-12-06,2022-01-07,763,3
HARYANA,148NA,54.500 - 59.069,54.5,59.069,4.569,Nuh,1,1,3,231,33.5538,0.1453,50.56,7.3438,2019-12-05,2021-12-13,739,3
HARYANA,152,18.000 - 42.500,18.0,42.5,24.5,AMBALA,1,1,2,78,12.1333,0.1556,3.18,0.4952,2023-10-03,2023-10-03,0,0
HARYANA,152D,0.000 - 15.000,0.0,15.0,15.0,KURUKSHETRA,1,1,11,1048,144.8644,0.1382,69.87,9.6576,2018-10-01,2021-08-25,1059,3
HARYANA,152D,115.000 - 140.000,115.0,140.0,25.0,ROHTAK,1,2,9,1802,263.4589,0.1462,72.08,10.5384,2018-10-26,2021-05-31,948,3
HARYANA,152D,140.000 - 145.000,140.0,145.0,5.0,BHIWANI,1,1,1,48,7.8096,0.1627,9.6,1.5619,2018-09-28,2018-09-28,0,0
HARYANA,152D,145.000 - 180.000,145.0,180.0,35.0,Charkhi Dadri,1,2,18,2440,343.1601,0.1406,69.71,9.8046,2018-12-20,2021-06-30,923,3
HARYANA,152D,15.000 - 50.000,15.0,50.0,35.0,KAITHAL,1,3,16,2414,305.4252,0.1265,68.97,8.7264,2018-11-14,2021-08-25,1015,3
HARYANA,152D,180.000 - 230.000,180.0,230.0,50.0,Mahendergrah,1,4,25,2997,356.8319,0.1191,59.94,7.1366,2018-11-12,2021-06-30,961,3
HARYANA,152D,50.000 - 65.000,50.0,65.0,15.0,KARNAL,1,1,9,1417,182.4441,0.1288,94.47,12.1629,2018-10-26,2021-06-09,957,3
HARYANA,152D,65.000 - 115.000,65.0,115.0,50.0,JIND,1,3,23,2644,382.8654,0.1448,52.88,7.6573,2018-11-29,2021-06-21,935,3
HARYANA,152G,0.000 - 22.500,0.0,22.5,22.5,KURUKSHETRA,1,2,16,1050,121.5622,0.1158,46.67,5.4028,2022-02-28,2024-07-22,875,3
HARYANA,19,20.500 - 44.200,20.5,44.2,23.7,FARIDABAD,1,2,4,11,0.2591,0.0236,0.46,0.0109,2010-07-23,2024-07-24,5115,2
HARYANA,19,44.200 - 93.800,44.2,93.8,49.6,PALWAL,1,2,17,191,5.753,0.0303,3.85,0.116,2010-10-19,2022-12-29,4454,2
HARYANA,205A,0.000 - 3.850,0.0,3.85,3.85,AMBALA,1,1,4,141,20.7678,0.1473,36.62,5.3942,2021-02-25,2021-02-25,0,1
HARYANA,21A,0.000 - 7.700,0.0,7.7,7.7,PANCHKULA,1,1,1,64,2.5067,0.0392,8.31,0.3255,2017-03-28,2018-09-05,526,1
HARYANA,21A,4.200 - 18.000,4.2,18.0,13.8,PANCHKULA,1,1,17,398,8.7583,0.022,28.84,0.6347,2021-09-15,2023-11-13,789,2
HARYANA,22,39.965 - 66.500,39.965,66.5,26.535,PANCHKULA,1,1,1,4,0.3991,0.0998,0.15,0.015,2019-10-21,2022-11-02,1108,2
HARYANA,248A,0.000 - 27.320,0.0,27.32,27.32,Gurugram,1,2,9,399,11.6264,0.0291,14.6,0.4256,2018-06-21,2022-09-08,1540,3
HARYANA,248BB,9.900 - 28.600,9.9,28.6,18.7,Gurugram,1,2,8,181,15.8067,0.0873,9.68,0.8453,2018-07-18,2022-02-16,1309,2
HARYANA,334 B,0.000 - 45.070,0.0,45.07,45.07,SONIPAT,1,2,23,2294,189.0822,0.0825,50.9,4.1953,2018-06-05,2022-09-30,1578,4
HARYANA,334 B,132.270 - 133.420,132.27,133.42,1.15,JHAJJAR,1,1,2,25,0.349,0.014,21.74,0.3035,2020-03-02,2020-03-02,0,0
HARYANA,334 B,45.070 - 60.945,45.07,60.945,15.875,ROHTAK,1,1,6,1102,97.9952,0.0889,69.42,6.1729,2018-03-01,2019-09-16,564,3
HARYANA,334 B,60.945 - 80.250,60.945,80.25,19.305,JHAJJAR,1,2,6,363,16.8863,0.0465,18.8,0.8747,2019-11-05,2019-11-05,0,1
HARYANA,334 D,60.450 - 69.078,60.45,69.078,8.628,PALWAL,1,1,5,336,10.1476,0.0302,38.94,1.1761,2025-01-20,2025-02-17,28,1
HARYANA,344N,7.000 - 7.500,7.0,7.5,0.5,JHAJJAR,1,1,2,27,1.6616,0.0615,54.0,3.3232,2020-03-13,2020-03-13,0,0
HARYANA,344P,4.500 - 25.300,4.5,25.3,20.8,SONIPAT,1,3,12,1360,128.8285,0.0947,65.38,6.1937,2019-02-27,2023-06-06,1560,4
HARYANA,352 A,0.000 - 26.277,0.0,26.277,26.277,JIND,1,2,13,1203,170.3223,0.143,45.78,6.4818,2018-06-18,2021-06-23,1101,4
HARYANA,352 A,0.000 - 29.272,0.0,29.272,29.272,JIND,1,1,1,9,1.0371,0.1152,0.31,0.0354,2019-09-19,2019-09-19,0,0
HARYANA,352 A,26.277 - 82.657,26.277,82.657,56.38,SONIPAT,1,2,27,2652,289.1942,0.1099,47.04,5.1294,2018-07-31,2021-07-29,1094,3
HARYANA,352 A,40.601 - 78.837,40.601,78.837,38.236,SONIPAT,1,2,21,1948,189.6203,0.0973,50.95,4.9592,2018-07-30,2021-08-13,1110,4
HARYANA,352W,0.000 - 45.000,0.0,45.0,45.0,Gurugram|REWARI,2,4,36,2544,147.5351,0.058,56.53,3.2786,2019-12-10,2023-03-28,1204,5
HARYANA,44,29.300 - 65.850,29.3,65.85,36.55,SONIPAT,1,3,6,176,14.8209,0.0842,4.82,0.4055,2017-01-30,2021-10-12,1716,2
HARYANA,44,65.850 - 86.380,65.85,86.38,20.53,PANIPAT,1,2,2,7,0.0734,0.0105,0.34,0.0036,2021-01-20,2021-10-14,267,0
HARYANA,444A,0.000 - 14.840,0.0,14.84,14.84,AMBALA,1,1,1,3,0.0278,0.0093,0.2,0.0019,2023-05-25,2023-05-25,0,0
HARYANA,444A,14.840 - 32.600,14.84,32.6,17.76,KURUKSHETRA,1,1,3,26,0.8447,0.0325,1.46,0.0476,2020-12-03,2021-03-24,111,0
HARYANA,444A,18.840 - 32.600,18.84,32.6,13.76,AMBALA,1,1,8,171,3.1984,0.0187,12.43,0.2324,2020-10-29,2021-05-24,207,0
HARYANA,54,17.000 - 56.000,17.0,56.0,39.0,SIRSA,1,1,9,2765,182.9255,0.0662,70.9,4.6904,2020-01-28,2025-01-09,1808,4
HARYANA,65,0.000 - 165.759,0.0,165.759,165.759,HISAR,1,3,25,3864,372.3061,0.0964,23.31,2.2461,2014-02-05,2018-01-09,1434,4
HARYANA,65,0.000 - 50.860,0.0,50.86,50.86,AMBALA,1,1,22,259,15.6882,0.0606,5.09,0.3085,2018-10-26,2022-06-03,1316,3
HARYANA,65,121.400 - 145.230,121.4,145.23,23.83,BHIWANI|JIND,2,2,19,3550,292.8911,0.0825,148.97,12.2909,2014-02-05,2017-01-16,1076,4
HARYANA,65,145.230 - 213.400,145.23,213.4,68.17,HISAR,1,1,2,4,0.0041,0.001,0.06,0.0001,2020-06-09,2020-06-09,0,0
HARYANA,65,33.250 - 10.800,33.25,10.8,-22.45,KAITHAL,1,1,8,1193,88.2098,0.0739,-53.14,-3.9292,2014-01-23,2016-01-29,736,3
HARYANA,65A,50.860 - 95.360,50.86,95.36,44.5,KAITHAL,1,1,2,5,0.3982,0.0796,0.11,0.0089,2019-02-12,2019-02-12,0,0
HARYANA,709 A,32.630 - 52.170,32.63,52.17,19.54,HISAR,1,2,2,20,1.5404,0.077,1.02,0.0788,2019-06-26,2020-08-13,414,1
HARYANA,709 A,6.875 - 32.500,6.875,32.5,25.625,BHIWANI,1,1,3,95,4.0209,0.0423,3.71,0.1569,2020-08-13,2025-01-30,1631,2
HARYANA,709 A,95.000 - 154.219,95.0,154.219,59.219,KARNAL,1,1,1,12,0.8878,0.074,0.2,0.015,2019-09-19,2019-09-19,0,0
HARYANA,709AD,0.000 - 19.800,0.0,19.8,19.8,PANIPAT,1,2,13,964,91.4956,0.0949,48.69,4.621,2019-06-27,2021-10-22,848,3
HARYANA,709E,180.077 - 181.319,180.077,181.319,1.242,BHIWANI,1,1,2,45,1.3383,0.0297,36.23,1.0775,2018-10-04,2018-10-04,0,0
HARYANA,709E,89.920 - 90.900,89.92,90.9,0.98,ROHTAK,1,1,2,62,1.5359,0.0248,63.27,1.5672,2022-02-22,2022-02-22,0,0
HARYANA,71,238.695 - 307.000,238.695,307.0,68.305,JIND,1,2,30,3118,193.5322,0.0621,45.65,2.8334,2013-03-07,2021-04-15,2961,4
HARYANA,72,3.200 - 32.996,3.2,32.996,29.796,AMBALA,1,1,23,1419,144.3344,0.1017,47.62,4.8441,2022-04-04,2024-11-27,968,3
HARYANA,73,115.400 - 157.192,115.4,157.192,41.792,AMBALA,1,1,1,1,0.0303,0.0303,0.02,0.0007,2024-11-27,2024-11-27,0,0
HARYANA,73,157.192 - 179.285,157.192,179.285,22.093,PANCHKULA,1,1,5,12,0.226,0.0188,0.54,0.0102,2020-11-23,2021-04-12,140,0
HARYANA,73,70.700 - 179.285,70.7,179.285,108.585,AMBALA,1,2,4,17,0.5716,0.0336,0.16,0.0053,2020-12-08,2020-12-08,0,0
HARYANA,73A (NH-907),0.000 - 46.300,0.0,46.3,46.3,YAMUNANAGAR,1,2,25,2401,123.6163,0.0515,51.86,2.6699,2022-01-28,2024-04-19,812,3
HARYANA,754K,0.000 - 3.305,0.0,3.305,3.305,SIRSA,1,1,1,261,39.7628,0.1523,78.97,12.0311,2018-12-11,2023-09-29,1753,4
HARYANA,9,115.700 - 119.850,115.7,119.85,4.15,BHIWANI,1,1,1,144,6.3725,0.0443,34.7,1.5355,2011-02-08,2017-05-11,2284,2
HARYANA,9,119.850 - 170.000,119.85,170.0,50.15,HISAR,1,2,12,1548,117.7543,0.0762,30.87,2.348,2010-06-18,2017-05-09,2517,4
HARYANA,9,231.500 - 315.550,231.5,315.55,84.05,SIRSA,1,2,32,5204,256.6338,0.0493,61.92,3.0533,2014-06-20,2018-08-14,1516,4
HARYANA,9,37.200 - 38.500,37.2,38.5,1.3,SIRSA,1,1,2,68,6.1234,0.09,52.31,4.7103,2021-07-15,2023-07-11,726,1
HARYANA,9,86.500 - 112.210,86.5,112.21,25.71,ROHTAK,1,2,11,2057,206.0705,0.1002,80.01,8.0152,2009-07-09,2017-06-20,2903,4
HARYANA,Greenfield Highway,0.000 - 18.900,0.0,18.9,18.9,FARIDABAD,1,1,12,1311,158.703,0.1211,69.37,8.397,2022-02-11,2024-11-07,1000,3
HARYANA,Greenfield Highway,18.900 - 23.100,18.9,23.1,4.2,PALWAL,1,1,2,168,19.9181,0.1186,40.0,4.7424,2021-12-17,2022-03-30,103,0
HARYANA,Greenfield Highway,46.600 - 55.037,46.6,55.037,8.437,KARNAL,1,1,4,394,44.2966,0.1124,46.7,5.2503,2022-02-11,2024-11-19,1012,3
HARYANA,Greenfield Highway,55.037 - 71.168,55.037,71.168,16.131,YAMUNANAGAR,1,1,11,825,111.9494,0.1357,51.14,6.94,2022-02-15,2023-10-12,604,3
HARYANA,Greenfield Highway,71.168 - 74.533,71.168,74.533,3.365,KURUKSHETRA,1,1,2,165,20.3438,0.1233,49.03,6.0457,2022-02-15,2024-07-03,869,2
HARYANA,Greenfield Highway,74.533 - 103.000,74.533,103.0,28.467,AMBALA,1,3,26,1465,172.6995,0.1179,51.46,6.0667,2022-03-09,2024-11-27,994,3
HARYANA,NE-II,125.000 - 130.000,125.0,130.0,5.0,PALWAL,1,1,1,60,2.8177,0.047,12.0,0.5635,2021-12-17,2021-12-17,0,0
HARYANA,NE-II,99.400 - 134.913,99.4,134.913,35.513,FARIDABAD,1,1,4,692,9.9924,0.0144,19.49,0.2814,2018-10-30,2018-10-30,0,1
HARYANA,NE4,0.000 - 12.400,0.0,12.4,12.4,Gurugram,1,1,11,939,137.79,0.1467,75.73,11.1121,2018-09-10,2022-10-06,1487,4
HARYANA,NE4,12.400 - 79.246,12.4,79.246,66.846,Nuh,1,2,47,4446,701.375,0.1578,66.51,10.4924,2018-10-01,2022-09-22,1452,4
HARYANA,NE5,0.000 - 3.200,0.0,3.2,3.2,JHAJJAR,1,1,2,1378,208.5504,0.1513,430.62,65.172,2020-06-03,2023-02-14,986,3
HARYANA,NE5,3.200 - 32.700,3.2,32.7,29.5,ROHTAK|SONIPAT,2,3,12,2157,279.5676,0.1296,73.12,9.4769,2020-07-07,2020-12-31,177,3
HARYANA,NE5,3.200 - 32.950,3.2,32.95,29.75,ROHTAK,1,2,11,2271,283.3136,0.1248,76.34,9.5231,2020-07-07,2023-02-22,960,3
HARYANA,NE5,34.000 - 57.550,34.0,57.55,23.55,SONIPAT,1,1,12,2099,290.5426,0.1384,89.13,12.3373,2020-07-31,2023-02-27,941,3
HARYANA,NE5,57.550 - 60.800,57.55,60.8,3.25,JIND,1,1,1,106,13.5861,0.1282,32.62,4.1803,2020-07-16,2023-02-14,943,1
HARYANA,NE5,57.865 - 135.230,57.865,135.23,77.365,JIND,1,4,17,3056,431.413,0.1412,39.5,5.5763,2020-07-16,2024-11-05,1573,4
HARYANA,NE5,81.420 - 83.300,81.42,83.3,1.88,KARNAL,1,1,1,237,28.817,0.1216,126.06,15.3282,2020-05-22,2020-11-19,181,2
HARYANA,NE5,9.750 - 57.865,9.75,57.865,48.115,SONIPAT,1,2,16,2428,346.6424,0.1428,50.46,7.2045,2020-07-31,2020-12-11,133,2
HARYANA,NE5,9.950 - 34.000,9.95,34.0,24.05,SONIPAT,1,2,5,478,61.3714,0.1284,19.88,2.5518,2020-07-31,2023-02-14,928,3
HARYANA,NE5,96.790 - 130.586,96.79,130.586,33.796,KAITHAL,1,3,14,2792,388.2886,0.1391,82.61,11.4892,2020-08-26,2025-02-07,1626,4
HARYANA,NH-05,10.100 - 19.000,10.1,19.0,8.9,PANCHKULA,1,1,5,119,21.998,0.1849,13.37,2.4717,2023-05-25,2023-06-06,12,1
HARYANA,Newly Proposed,21.300 - 40.900,21.3,40.9,19.6,PALWAL,1,1,7,644,101.4961,0.1576,32.86,5.1784,2018-09-10,2022-04-19,1317,4
HARYANA,Ring Road,0.000 - 1.000,0.0,1.0,1.0,AMBALA,1,1,8,358,41.7399,0.1166,358.0,41.7399,2022-02-28,2022-08-04,157,2
HARYANA,Ring Road,0.000 - 34.500,0.0,34.5,34.5,KARNAL,1,3,22,1738,225.6215,0.1298,50.38,6.5398,2021-12-07,2024-04-10,855,3
HARYANA,Ring Road,13.100 - 40.000,13.1,40.0,26.9,AMBALA,1,3,26,728,30.9833,0.0426,27.06,1.1518,2022-04-04,2024-12-11,982,3
HARYANA,Ring Road,3.500 - 6.100,3.5,6.1,2.6,AMBALA,1,1,18,1403,177.7681,0.1267,539.62,68.3723,2022-02-28,2022-08-04,157,2
HIMACHAL PRADESH,104,10.000 - 50.000,10.0,50.0,40.0,KANGRA,1,1,1,1,4.047,4.047,0.02,0.1012,2017-07-31,2017-07-31,0,0
HIMACHAL PRADESH,154,11.000 - 42.000,11.0,42.0,31.0,KANGRA,1,1,31,2487,74.7019,0.03,80.23,2.4097,2019-01-21,2021-06-23,884,3
HIMACHAL PRADESH,154,155.110 - 178.851,155.11,178.851,23.741,MANDI,1,1,9,809,22.866,0.0283,34.08,0.9631,2022-02-11,2022-06-09,118,2
HIMACHAL PRADESH,154,190.000 - 208.000,190.0,208.0,18.0,MANDI,1,1,12,832,60.4165,0.0726,46.22,3.3565,2022-04-19,2024-06-14,787,3
HIMACHAL PRADESH,154,42.000 - 51.000,42.0,51.0,9.0,KANGRA,1,1,9,396,39.7091,0.1003,44.0,4.4121,2018-12-21,2022-11-16,1426,4
HIMACHAL PRADESH,154,51.000 - 55.000,51.0,55.0,4.0,KANGRA,1,1,4,286,11.3746,0.0398,71.5,2.8436,2021-11-11,2021-11-22,11,1
HIMACHAL PRADESH,154,55.000 - 74.000,55.0,74.0,19.0,KANGRA,1,1,27,1569,22.2075,0.0142,82.58,1.1688,2022-01-04,2022-06-09,156,2
HIMACHAL PRADESH,154,60.600 - 61.000,60.6,61.0,0.4,CHAMBA,1,1,1,47,1.4895,0.0317,117.5,3.7238,2021-11-22,2022-01-04,43,0
HIMACHAL PRADESH,154,83.000 - 96.000,83.0,96.0,13.0,KANGRA,1,1,19,1530,53.7531,0.0351,117.69,4.1349,2022-02-11,2024-10-25,987,3
HIMACHAL PRADESH,154,96.000 - 100.840,96.0,100.84,4.84,KANGRA,1,1,7,329,14.3974,0.0438,67.98,2.9747,2022-02-03,2023-05-03,454,2
HIMACHAL PRADESH,205,22.600 - 42.100,22.6,42.1,19.5,SOLAN,1,2,25,703,48.6912,0.0693,36.05,2.497,2023-03-13,2024-05-21,435,3
HIMACHAL PRADESH,205,42.100 - 53.840,42.1,53.84,11.74,BILASPUR,1,2,15,577,45.6718,0.0792,49.15,3.8903,2023-02-28,2024-05-08,435,3
HIMACHAL PRADESH,21,12.750 - 158.500,12.75,158.5,145.75,BILASPUR|MANDI,2,3,7,7,0.1402,0.02,0.05,0.001,2022-02-11,2022-02-11,0,1
HIMACHAL PRADESH,21,158.500 - 128.215,158.5,128.215,-30.285,MANDI,1,2,7,64,0.4957,0.0077,-2.11,-0.0164,2022-04-04,2022-04-04,0,0
HIMACHAL PRADESH,21,173.900 - 179.600,173.9,179.6,5.7,MANDI,1,1,5,100,2.0701,0.0207,17.54,0.3632,2022-10-04,2024-04-10,554,1
HIMACHAL PRADESH,21,190.000 - 221.305,190.0,221.305,31.305,MANDI,1,2,18,285,12.8128,0.045,9.1,0.4093,2019-03-06,2019-03-06,0,1
HIMACHAL PRADESH,21,221.305 - 242.000,221.305,242.0,20.695,MANDI,1,1,5,66,4.6239,0.0701,3.19,0.2234,2018-11-06,2021-12-17,1137,2
HIMACHAL PRADESH,21,242.000 - 272.000,242.0,272.0,30.0,KULLU|MANDI,2,3,16,350,11.9475,0.0341,11.67,0.3982,2018-11-06,2023-11-13,1833,4
HIMACHAL PRADESH,21,272.000 - 309.345,272.0,309.345,37.345,KULLU,1,2,19,93,3.3118,0.0356,2.49,0.0887,2018-10-30,2018-10-30,0,0
HIMACHAL PRADESH,21,72.000 - 188.917,72.0,188.917,116.917,BILASPUR,1,1,1,1,0.0301,0.0301,0.01,0.0003,2022-04-04,2022-04-04,0,0
HIMACHAL PRADESH,21A,17.930 - 35.312,17.93,35.312,17.382,SOLAN,1,2,33,1978,28.7192,0.0145,113.8,1.6522,2016-11-23,2023-05-17,2366,4
HIMACHAL PRADESH,21A,35.000 - 66.275,35.0,66.275,31.275,SOLAN,1,1,6,84,2.5436,0.0303,2.69,0.0813,2017-02-18,2019-03-07,747,1
HIMACHAL PRADESH,22,106.139 - 129.050,106.139,129.05,22.911,SOLAN,1,2,24,141,5.2574,0.0373,6.15,0.2295,2013-09-11,2024-05-06,3890,2
HIMACHAL PRADESH,22,129.050 - 156.507,129.05,156.507,27.457,SHIMLA,1,2,35,1016,77.7521,0.0765,37.0,2.8318,2018-09-07,2024-09-20,2205,4
HIMACHAL PRADESH,22,174.040 - 176.400,174.04,176.4,2.36,SHIMLA,1,1,1,7,0.0684,0.0098,2.97,0.029,2022-07-27,2022-07-27,0,0
HIMACHAL PRADESH,22,67.000 - 106.139,67.0,106.139,39.139,SOLAN,1,2,24,172,3.3115,0.0193,4.39,0.0846,2018-05-23,2021-12-07,1294,2
HIMACHAL PRADESH,3,105.000 - 133.100,105.0,133.1,28.1,HAMIRPUR,1,1,15,1047,44.6034,0.0426,37.26,1.5873,2022-06-03,2024-11-05,886,3
HIMACHAL PRADESH,3,120.000 - 145.000,120.0,145.0,25.0,HAMIRPUR,1,1,37,1692,38.9459,0.023,67.68,1.5578,2022-05-17,2025-03-19,1037,3
HIMACHAL PRADESH,303,148.700 - 157.100,148.7,157.1,8.4,KANGRA,1,1,15,752,7.7185,0.0103,89.52,0.9189,2022-05-17,2022-10-26,162,1
HIMACHAL PRADESH,303,157.000 - 168.600,157.0,168.6,11.6,KANGRA,1,1,18,1683,56.512,0.0336,145.09,4.8717,2019-03-08,2021-03-02,725,3
HIMACHAL PRADESH,303,168.600 - 174.900,168.6,174.9,6.3,KANGRA,1,2,9,659,21.8903,0.0332,104.6,3.4747,2019-03-08,2023-06-07,1552,4
HIMACHAL PRADESH,503,173.200 - 193.407,173.2,193.407,20.207,KANGRA,1,1,29,2328,104.3007,0.0448,115.21,5.1616,2019-03-08,2024-11-19,2083,4
HIMACHAL PRADESH,503A,35.500 - 42.800,35.5,42.8,7.3,UNA,1,1,14,996,37.7557,0.0379,136.44,5.172,2024-01-10,2024-07-18,190,2
HIMACHAL PRADESH,505,75.000 - 151.000,75.0,151.0,76.0,LAHUL AND SPITI,1,1,12,235,38.1248,0.1622,3.09,0.5016,2022-08-02,2022-08-02,0,2
HIMACHAL PRADESH,70,141.000 - 163.000,141.0,163.0,22.0,HAMIRPUR,1,2,17,1581,16.7876,0.0106,71.86,0.7631,2020-07-28,2022-04-21,632,2
HIMACHAL PRADESH,70,163.000 - 224.000,163.0,224.0,61.0,MANDI,1,2,43,3008,47.2942,0.0157,49.31,0.7753,2020-06-29,2022-04-21,661,3
HIMACHAL PRADESH,70,224.000 - 264.960,224.0,264.96,40.96,MANDI,1,2,33,1481,50.5177,0.0341,36.16,1.2333,2020-06-29,2022-04-28,668,3
HIMACHAL PRADESH,707,97.000 - 106.120,97.0,106.12,9.12,SHIMLA,1,1,2,4,3.4003,0.8501,0.44,0.3728,2021-04-07,2021-04-07,0,0
HIMACHAL PRADESH,72,64.630 - 65.030,64.63,65.03,0.4,Sirmour,1,1,2,5,0.0505,0.0101,12.5,0.1262,2021-10-08,2021-10-08,0,0
HIMACHAL PRADESH,72,97.000 - 104.000,97.0,104.0,7.0,Sirmour,1,1,4,132,8.3427,0.0632,18.86,1.1918,2021-12-13,2021-12-13,0,0
HIMACHAL PRADESH,72B,0.000 - 89.500,0.0,89.5,89.5,Sirmour,1,4,14,247,23.236,0.0941,2.76,0.2596,2020-05-15,2021-05-07,357,2
HIMACHAL PRADESH,72B,89.500 - 97.000,89.5,97.0,7.5,SHIMLA,1,1,1,24,2.2529,0.0939,3.2,0.3004,2020-04-22,2020-09-08,139,0
HIMACHAL PRADESH,907A,13.800 - 14.000,13.8,14.0,0.2,Sirmour,1,1,1,1,0.1391,0.1391,5.0,0.6955,2023-02-17,2023-02-17,0,0
JAMMU & KASHMIR,1,0.000 - 17.814,0.0,17.814,17.814,GANDERBAL,1,1,2,85,21.0263,0.2474,4.77,1.1803,2020-12-03,2021-03-12,99,1
JAMMU & KASHMIR,1,14.200 - 14.900,14.2,14.9,0.7,Budgam,1,1,1,10,0.1628,0.0163,14.29,0.2326,2022-01-17,2022-01-17,0,0
JAMMU & KASHMIR,1,14.900 - 16.500,14.9,16.5,1.6,BARAMULLA,1,1,2,60,3.7304,0.0622,37.5,2.3315,2022-08-04,2022-08-04,0,0
JAMMU & KASHMIR,1,16.500 - 17.400,16.5,17.4,0.9,SRINAGAR,1,1,1,16,2.911,0.1819,17.78,3.2344,2022-08-16,2022-08-16,0,0
JAMMU & KASHMIR,1,17.400 - 101.000,17.4,101.0,83.6,BARAMULLA,1,7,42,3681,94.0158,0.0255,44.03,1.1246,2021-06-21,2025-03-26,1374,4
JAMMU & KASHMIR,1,69.000 - 82.000,69.0,82.0,13.0,GANDERBAL,1,1,1,3,0.5612,0.1871,0.23,0.0432,2022-09-13,2022-09-13,0,0
JAMMU & KASHMIR,44,130.000 - 151.000,130.0,151.0,21.0,RAMBAN|UDHAMPUR,2,2,3,24,2.3842,0.0993,1.14,0.1135,2022-02-15,2023-06-06,476,2
JAMMU & KASHMIR,44,151.000 - 189.350,151.0,189.35,38.35,RAMBAN,1,4,8,216,76.6635,0.3549,5.63,1.999,2021-08-13,2022-09-08,391,3
JAMMU & KASHMIR,44,184.000 - 187.000,184.0,187.0,3.0,UDHAMPUR,1,1,1,11,0.0962,0.0087,3.67,0.0321,2024-08-22,2024-08-22,0,0
JAMMU & KASHMIR,44,220.700 - 286.110,220.7,286.11,65.41,PULWAMA,1,1,1,8,0.1291,0.0161,0.12,0.002,2021-05-31,2021-05-31,0,0
JAMMU & KASHMIR,44,246.200 - 249.700,246.2,249.7,3.5,ANANTNAG,1,1,2,110,3.2286,0.0294,31.43,0.9225,2021-12-01,2022-11-04,338,0
JAMMU & KASHMIR,44,86.700 - 96.000,86.7,96.0,9.3,SAMBA,1,1,7,100,4.6004,0.046,10.75,0.4947,2021-08-18,2024-03-11,936,1
JAMMU & KASHMIR,44,95.000 - 104.700,95.0,104.7,9.7,JAMMU,1,2,4,102,4.1203,0.0404,10.52,0.4248,2022-01-28,2024-09-19,965,1
JAMMU & KASHMIR,444,15.780 - 16.450,15.78,16.45,0.67,PULWAMA,1,1,2,37,1.3239,0.0358,55.22,1.976,2020-11-05,2020-11-05,0,0
JAMMU & KASHMIR,444,28.000 - 36.925,28.0,36.925,8.925,SHOPIAN,1,1,16,724,21.7028,0.03,81.12,2.4317,2023-05-03,2023-05-03,0,2
JAMMU & KASHMIR,444,53.600 - 62.350,53.6,62.35,8.75,KULGAM,1,1,10,327,21.1936,0.0648,37.37,2.4221,2022-03-24,2023-01-19,301,2
JAMMU & KASHMIR,444,9.450 - 14.300,9.45,14.3,4.85,PULWAMA,1,1,9,318,11.9746,0.0377,65.57,2.469,2021-11-12,2025-02-17,1193,3
JAMMU & KASHMIR,701,0.000 - 13.000,0.0,13.0,13.0,BARAMULLA,1,3,9,435,15.4723,0.0356,33.46,1.1902,2024-05-06,2025-03-26,324,1
JAMMU & KASHMIR,701,13.000 - 121.420,13.0,121.42,108.42,KUPWARA,1,5,19,786,20.854,0.0265,7.25,0.1923,2024-04-10,2024-11-14,218,2
JAMMU & KASHMIR,Connecting NH 244 to NH 44,0.000 - 8.470,0.0,8.47,8.47,ANANTNAG,1,1,12,905,19.5736,0.0216,106.85,2.3109,2021-06-03,2021-06-03,0,1
JAMMU & KASHMIR,NE5,432.300 - 475.700,432.3,475.7,43.4,KATHUA,1,4,47,1552,248.9071,0.1604,35.76,5.7352,2021-08-12,2024-05-06,998,3
JAMMU & KASHMIR,NE5,475.700 - 500.600,475.7,500.6,24.9,SAMBA,1,4,31,996,130.6946,0.1312,40.0,5.2488,2021-07-29,2025-02-17,1299,4
JAMMU & KASHMIR,NE5,514.500 - 566.520,514.5,566.52,52.02,JAMMU,1,3,8,77,17.2356,0.2238,1.48,0.3313,2022-01-24,2022-07-06,163,0
JAMMU & KASHMIR,NE5,515.000 - 566.520,515.0,566.52,51.52,JAMMU|Reasi,2,5,20,629,92.8862,0.1477,12.21,1.8029,2022-01-24,2024-10-11,991,4
JAMMU & KASHMIR,NE5,530.000 - 545.300,530.0,545.3,15.3,JAMMU,1,1,3,55,8.2812,0.1506,3.59,0.5413,2022-01-24,2024-12-13,1054,1
JAMMU & KASHMIR,NE5,554.000 - 567.000,554.0,567.0,13.0,JAMMU|Reasi,2,2,11,501,71.3355,0.1424,38.54,5.4873,2022-02-28,2022-07-06,128,3
JAMMU & KASHMIR,NH 144A,0.000 - 0.800,0.0,0.8,0.8,JAMMU,1,1,2,38,2.5209,0.0663,47.5,3.1511,2022-02-16,2022-02-16,0,0
JAMMU & KASHMIR,NH 144A,102.000 - 134.950,102.0,134.95,32.95,Rajouri,1,2,13,151,12.0656,0.0799,4.58,0.3662,2021-02-17,2021-03-23,34,0
JAMMU & KASHMIR,NH 144A,134.950 - 166.050,134.95,166.05,31.1,Rajouri,1,2,14,256,15.9288,0.0622,8.23,0.5122,2021-03-23,2023-04-17,755,2
JAMMU & KASHMIR,NH 144A,166.050 - 192.850,166.05,192.85,26.8,POONCH|Rajouri,2,2,6,588,48.2164,0.082,21.94,1.7991,2021-12-23,2022-12-15,357,3
JAMMU & KASHMIR,NH 144A,192.850 - 229.817,192.85,229.817,36.967,POONCH,1,3,15,576,25.0133,0.0434,15.58,0.6766,2021-11-11,2025-01-20,1166,4
JAMMU & KASHMIR,NH 144A,26.350 - 30.097,26.35,30.097,3.747,JAMMU,1,2,4,167,12.6313,0.0756,44.57,3.371,2023-01-13,2024-09-19,615,1
JAMMU & KASHMIR,NH 144A,30.053 - 49.150,30.053,49.15,19.097,JAMMU,1,2,2,228,10.3731,0.0455,11.94,0.5432,2021-02-09,2025-01-20,1441,3
JAMMU & KASHMIR,NH 144A,49.150 - 64.535,49.15,64.535,15.385,JAMMU,1,1,3,57,1.5731,0.0276,3.7,0.1022,2021-02-09,2025-01-09,1430,2
JAMMU & KASHMIR,NH 144A,6.000 - 26.350,6.0,26.35,20.35,JAMMU,1,2,2,142,17.1724,0.1209,6.98,0.8439,2021-02-22,2022-02-28,371,1
JAMMU & KASHMIR,NH 144A,64.535 - 85.385,64.535,85.385,20.85,JAMMU|Rajouri|Reasi,3,3,7,96,9.452,0.0985,4.6,0.4533,2021-02-09,2021-04-13,63,1
JAMMU & KASHMIR,NH 244,0.000 - 15.600,0.0,15.6,15.6,UDHAMPUR,1,1,8,65,5.2496,0.0808,4.17,0.3365,2021-08-11,2022-12-02,478,1
JAMMU & KASHMIR,NH 244,0.000 - 2.016,0.0,2.016,2.016,DODA,1,2,2,40,2.6942,0.0674,19.84,1.3364,2020-12-24,2021-06-22,180,0
JAMMU & KASHMIR,NH 244,0.000 - 21.000,0.0,21.0,21.0,KISHTWAR,1,1,2,1144,30.0014,0.0262,54.48,1.4286,2023-09-29,2025-01-31,490,3
JAMMU & KASHMIR,NH 244,0.000 - 4.862,0.0,4.862,4.862,UDHAMPUR,1,1,3,60,37.2343,0.6206,12.34,7.6582,2023-02-02,2023-04-26,83,1
JAMMU & KASHMIR,NH 244,12.850 - 31.449,12.85,31.449,18.599,DODA,1,2,6,321,52.7964,0.1645,17.26,2.8387,2020-11-27,2023-04-06,860,3
JAMMU & KASHMIR,NH 244,21.100 - 37.500,21.1,37.5,16.4,ANANTNAG,1,1,5,928,18.1088,0.0195,56.59,1.1042,2023-03-14,2023-03-14,0,1
JAMMU & KASHMIR,NH 244,31.155 - 31.449,31.155,31.449,0.294,DODA,1,1,1,2,1.4088,0.7044,6.8,4.7918,2021-02-09,2021-02-09,0,0
JAMMU & KASHMIR,NH 244,31.449 - 65.150,31.449,65.15,33.701,DODA,1,2,25,357,69.3757,0.1943,10.59,2.0586,2021-08-31,2021-12-08,99,2
JAMMU & KASHMIR,NH 244,4.862 - 12.850,4.862,12.85,7.988,DODA,1,3,5,161,38.5753,0.2396,20.16,4.8292,2023-01-04,2023-01-04,0,1
JAMMU & KASHMIR,NH 244,65.150 - 111.086,65.15,111.086,45.936,KISHTWAR,1,4,19,859,103.2059,0.1201,18.7,2.2467,2021-07-09,2022-10-07,455,3
JAMMU & KASHMIR,Ring Road,0.000 - 11.664,0.0,11.664,11.664,GANDERBAL,1,2,11,597,20.9742,0.0351,51.18,1.7982,2025-03-19,2025-03-19,0,2
JAMMU & KASHMIR,Ring Road,0.687 - 57.568,0.687,57.568,56.881,JAMMU,1,6,21,379,16.2666,0.0429,6.66,0.286,2022-07-21,2024-10-08,810,2
JAMMU & KASHMIR,Ring Road,42.000 - 66.000,42.0,66.0,24.0,BANDIPORA|GANDERBAL,2,2,20,876,21.0251,0.024,36.5,0.876,2023-05-23,2023-09-04,104,3
JHARKHAND,100,0.000 - 4.000,0.0,4.0,4.0,GIRIDIH,1,1,1,14,0.5369,0.0384,3.5,0.1342,2024-05-06,2024-05-06,0,0
JHARKHAND,100,4.000 - 48.000,4.0,48.0,44.0,HAZARIBAGH,1,4,37,2470,76.3978,0.0309,56.14,1.7363,2024-11-07,2025-01-27,81,2
JHARKHAND,100,99.620 - 103.350,99.62,103.35,3.73,CHATRA,1,1,2,85,6.4325,0.0757,22.79,1.7245,2024-03-16,2024-03-16,0,0
JHARKHAND,114,222.000 - 254.500,222.0,254.5,32.5,GIRIDIH,1,2,19,1086,31.6908,0.0292,33.42,0.9751,2024-07-24,2024-09-30,68,2
JHARKHAND,114A,0.000 - 48.530,0.0,48.53,48.53,DEOGHAR,1,2,80,2901,286.5431,0.0988,59.78,5.9045,2023-01-13,2024-07-02,536,3
JHARKHAND,114A,141.000 - 184.000,141.0,184.0,43.0,DEOGHAR,1,9,12,157,7.453,0.0475,3.65,0.1733,2021-12-17,2025-01-16,1126,2
JHARKHAND,114A,197.308 - 198.488,197.308,198.488,1.18,DEOGHAR,1,1,2,107,3.0097,0.0281,90.68,2.5506,2020-07-28,2020-07-28,0,0
JHARKHAND,114A,203.532 - 204.999,203.532,204.999,1.467,DEOGHAR,1,1,4,50,3.3692,0.0674,34.08,2.2967,2020-08-28,2020-08-28,0,0
JHARKHAND,114A,208.314 - 209.424,208.314,209.424,1.11,DEOGHAR,1,1,2,17,0.2735,0.0161,15.32,0.2464,2021-12-01,2021-12-01,0,0
JHARKHAND,114A,85.081 - 111.330,85.081,111.33,26.249,DUMKA,1,1,47,1508,124.7485,0.0827,57.45,4.7525,2022-07-26,2024-10-01,798,3
JHARKHAND,114A,85.081 - 130.240,85.081,130.24,45.159,DEOGHAR,1,2,40,1187,108.9437,0.0918,26.28,2.4124,2022-07-21,2022-07-21,0,2
JHARKHAND,133,0.000 - 49.100,0.0,49.1,49.1,Godda,1,4,57,2245,216.3396,0.0964,45.72,4.4061,2021-12-20,2024-09-25,1010,3
JHARKHAND,133,21.800 - 30.500,21.8,30.5,8.7,Godda,1,1,5,88,4.5369,0.0516,10.11,0.5215,2018-07-25,2018-07-25,0,0
JHARKHAND,133,30.500 - 44.700,30.5,44.7,14.2,Godda,1,1,13,205,11.7917,0.0575,14.44,0.8304,2018-07-26,2018-07-26,0,1
JHARKHAND,133,44.700 - 50.800,44.7,50.8,6.1,Godda,1,1,11,257,26.4433,0.1029,42.13,4.335,2018-06-29,2018-07-04,5,2
JHARKHAND,133,49.100 - 53.290,49.1,53.29,4.19,DUMKA,1,2,3,311,18.6784,0.0601,74.22,4.4579,2021-12-23,2024-04-10,839,2
JHARKHAND,133,50.800 - 54.000,50.8,54.0,3.2,Godda,1,1,3,90,3.0469,0.0339,28.12,0.9522,2018-06-28,2018-06-28,0,0
JHARKHAND,133,54.000 - 67.500,54.0,67.5,13.5,Godda,1,1,3,37,2.9291,0.0792,2.74,0.217,2018-07-18,2018-07-18,0,0
JHARKHAND,133,67.500 - 90.000,67.5,90.0,22.5,Godda,1,1,8,598,27.4198,0.0459,26.58,1.2187,2018-08-03,2018-08-03,0,2
JHARKHAND,133,9.000 - 21.800,9.0,21.8,12.8,Godda,1,1,15,270,27.6002,0.1022,21.09,2.1563,2018-07-04,2018-07-04,0,2
JHARKHAND,133,90.000 - 94.000,90.0,94.0,4.0,DUMKA,1,2,3,252,13.144,0.0522,63.0,3.286,2018-10-11,2018-10-11,0,1
JHARKHAND,133B,0.000 - 8.500,0.0,8.5,8.5,SAHIBGANJ,1,2,3,21,1.6574,0.0789,2.47,0.195,2017-06-08,2024-04-10,2498,2
JHARKHAND,143A,0.000 - 44.000,0.0,44.0,44.0,LOHARDAGA,1,2,3,33,1.3339,0.0404,0.75,0.0303,2021-01-25,2021-08-09,196,0
JHARKHAND,143A,12.800 - 29.080,12.8,29.08,16.28,LOHARDAGA,1,3,17,859,100.0817,0.1165,52.76,6.1475,2022-05-10,2022-05-10,0,2
JHARKHAND,143D,103.756 - 146.436,103.756,146.436,42.68,KHUNTI,1,1,14,790,95.6843,0.1211,18.51,2.2419,2025-02-17,2025-02-17,0,2
JHARKHAND,143D,146.436 - 149.956,146.436,149.956,3.52,RANCHI,1,2,3,141,19.949,0.1415,40.06,5.6673,2025-02-17,2025-02-17,0,0
JHARKHAND,143D,28.953 - 69.209,28.953,69.209,40.256,SIMDEGA,1,4,14,1535,250.3342,0.1631,38.13,6.2186,2023-07-03,2023-07-03,0,2
JHARKHAND,143D,69.209 - 103.756,69.209,103.756,34.547,Gumla,1,2,24,1701,207.5996,0.122,49.24,6.0092,2023-04-24,2025-01-30,647,3
JHARKHAND,2,249.525 - 320.810,249.525,320.81,71.285,HAZARIBAGH,1,3,26,237,10.899,0.046,3.32,0.1529,2020-07-28,2022-06-30,702,2
JHARKHAND,2,320.810 - 360.300,320.81,360.3,39.49,GIRIDIH,1,2,18,321,3.1875,0.0099,8.13,0.0807,2020-07-10,2022-04-07,636,2
JHARKHAND,2,320.810 - 400.132,320.81,400.132,79.322,DHANBAD,1,3,11,83,4.4921,0.0541,1.05,0.0566,2020-09-04,2024-04-26,1330,2
JHARKHAND,218,37.420 - 38.400,37.42,38.4,0.98,BOKARO,1,1,3,89,4.4744,0.0503,90.82,4.5657,2024-10-11,2024-10-11,0,0
JHARKHAND,220,41.000 - 54.000,41.0,54.0,13.0,EAST SINGHBUM,1,1,4,226,2.8821,0.0128,17.38,0.2217,2020-08-28,2020-08-28,0,1
JHARKHAND,23,2.900 - 26.000,2.9,26.0,23.1,RANCHI,1,1,3,76,2.8649,0.0377,3.29,0.124,2020-10-20,2024-11-29,1501,2
JHARKHAND,23,21.110 - 44.264,21.11,44.264,23.154,BOKARO,1,3,16,624,131.383,0.2105,26.95,5.6743,2021-10-14,2021-10-14,0,2
JHARKHAND,23,26.000 - 46.800,26.0,46.8,20.8,RANCHI,1,2,15,1111,104.6179,0.0942,53.41,5.0297,2018-11-29,2024-12-06,2199,4
JHARKHAND,23,44.264 - 53.600,44.264,53.6,9.336,RAMGARH,1,1,14,572,70.0797,0.1225,61.27,7.5064,2021-09-20,2021-09-20,0,2
JHARKHAND,23,47.000 - 89.170,47.0,89.17,42.17,Gumla,1,3,28,2453,213.3223,0.087,58.17,5.0586,2018-11-29,2025-01-30,2254,4
JHARKHAND,31,0.000 - 27.500,0.0,27.5,27.5,HAZARIBAGH,1,1,2,4,0.0323,0.0081,0.15,0.0012,2025-02-07,2025-02-07,0,0
JHARKHAND,32,0.000 - 56.889,0.0,56.889,56.889,BOKARO|DHANBAD,2,2,30,168,8.3216,0.0495,2.95,0.1463,2019-09-24,2022-07-21,1031,2
JHARKHAND,32,132.900 - 153.705,132.9,153.705,20.805,SARAIKELA KHARSAWAN,1,2,13,401,24.8566,0.062,19.27,1.1947,2016-02-15,2019-11-19,1373,4
JHARKHAND,320B,53.600 - 81.446,53.6,81.446,27.846,RANCHI,1,2,16,705,89.4415,0.1269,25.32,3.212,2023-02-12,2024-10-10,606,3
JHARKHAND,320B,53.600 - 81.450,53.6,81.45,27.85,RAMGARH,1,2,20,944,107.8723,0.1143,33.9,3.8733,2021-09-14,2024-10-25,1137,4
JHARKHAND,320B,55.650 - 71.323,55.65,71.323,15.673,RAMGARH,1,2,17,865,94.2192,0.1089,55.19,6.0116,2021-09-14,2021-09-14,0,2
JHARKHAND,320B,71.323 - 81.450,71.323,81.45,10.127,RANCHI,1,2,16,694,89.0487,0.1283,68.53,8.7932,2021-07-29,2021-07-29,0,2
JHARKHAND,320G,0.000 - 43.000,0.0,43.0,43.0,WEST SINGHBHUM,1,3,16,474,29.3914,0.062,11.02,0.6835,2023-07-28,2024-07-26,364,2
JHARKHAND,320G,122.700 - 180.000,122.7,180.0,57.3,SIMDEGA,1,2,21,620,27.2768,0.044,10.82,0.476,2022-08-01,2022-08-01,0,2
JHARKHAND,320G,98.000 - 122.700,98.0,122.7,24.7,WEST SINGHBHUM,1,2,6,52,2.3904,0.046,2.11,0.0968,2025-01-07,2025-01-07,0,0
JHARKHAND,33,0.000 - 41.279,0.0,41.279,41.279,HAZARIBAGH,1,2,2,4,0.0223,0.0056,0.1,0.0005,2014-06-09,2014-06-09,0,0
JHARKHAND,33,113.730 - 139.225,113.73,139.225,25.495,RANCHI,1,3,3,64,0.8277,0.0129,2.51,0.0325,2025-03-26,2025-03-26,0,0
JHARKHAND,33,130.000 - 131.000,130.0,131.0,1.0,RANCHI,1,1,2,59,5.4233,0.0919,59.0,5.4233,2007-03-20,2007-03-20,0,0
JHARKHAND,33,217.300 - 233.350,217.3,233.35,16.05,SARAIKELA KHARSAWAN,1,1,2,227,5.5758,0.0246,14.14,0.3474,2020-09-22,2023-08-23,1065,2
JHARKHAND,33,233.350 - 277.568,233.35,277.568,44.218,EAST SINGHBUM,1,2,3,205,11.5452,0.0563,4.64,0.2611,2014-01-13,2022-12-22,3265,3
JHARKHAND,33,241.940 - 251.961,241.94,251.961,10.021,SARAIKELA KHARSAWAN,1,1,1,32,0.4457,0.0139,3.19,0.0445,2023-02-28,2024-12-13,654,1
JHARKHAND,33,277.500 - 333.500,277.5,333.5,56.0,EAST SINGHBUM,1,4,12,606,13.6234,0.0225,10.82,0.2433,2014-01-23,2018-09-27,1708,3
JHARKHAND,33,40.500 - 114.000,40.5,114.0,73.5,RAMGARH,1,1,1,2,0.2387,0.1194,0.03,0.0032,2022-06-23,2022-06-23,0,0
JHARKHAND,33,46.800 - 88.600,46.8,88.6,41.8,RAMGARH,1,1,1,27,0.6642,0.0246,0.65,0.0159,2022-05-20,2022-05-20,0,0
JHARKHAND,33,96.000 - 114.000,96.0,114.0,18.0,RANCHI,1,1,1,16,0.4854,0.0303,0.89,0.027,2022-09-30,2022-09-30,0,0
JHARKHAND,333A,189.000 - 190.230,189.0,190.23,1.23,Godda,1,1,3,67,5.5702,0.0831,54.47,4.5286,2024-03-08,2024-03-08,0,0
JHARKHAND,333A,42.200 - 94.900,42.2,94.9,52.7,PAKUR,1,3,32,1085,64.6367,0.0596,20.59,1.2265,2025-01-15,2025-04-17,92,2
JHARKHAND,419,11.069 - 11.700,11.069,11.7,0.631,JAMTARA,1,1,1,31,1.4044,0.0453,49.13,2.2257,2021-09-13,2021-09-13,0,0
JHARKHAND,419,39.700 - 41.500,39.7,41.5,1.8,JAMTARA,1,1,2,179,5.7608,0.0322,99.44,3.2004,2024-10-11,2024-10-11,0,0
JHARKHAND,419,43.800 - 50.800,43.8,50.8,7.0,DHANBAD,1,1,6,278,6.1753,0.0222,39.71,0.8822,2023-08-07,2024-04-10,247,1
JHARKHAND,419,43.800 - 65.326,43.8,65.326,21.526,DHANBAD,1,2,16,1049,15.1897,0.0145,48.73,0.7056,2023-08-07,2025-04-17,619,2
JHARKHAND,419,8.560 - 43.800,8.56,43.8,35.24,JAMTARA,1,1,28,1107,51.4596,0.0465,31.41,1.4603,2024-06-14,2025-01-20,220,2
JHARKHAND,43,0.000 - 12.842,0.0,12.842,12.842,Gumla,1,1,1,4,1.0845,0.2711,0.31,0.0844,2018-08-14,2018-08-14,0,0
JHARKHAND,43,0.000 - 32.400,0.0,32.4,32.4,Gumla,1,2,19,1658,218.928,0.132,51.17,6.757,2023-04-24,2025-01-03,620,3
JHARKHAND,75,0.000 - 3.260,0.0,3.26,3.26,RANCHI,1,1,1,51,0.6312,0.0124,15.64,0.1936,2025-02-21,2025-02-21,0,0
JHARKHAND,75,130.600 - 147.540,130.6,147.54,16.94,PALAMU,1,2,22,984,79.1,0.0804,58.09,4.6694,2023-06-13,2023-07-18,35,2
JHARKHAND,75,196.870 - 200.900,196.87,200.9,4.03,PALAMU,1,1,5,320,25.7878,0.0806,79.4,6.399,2019-01-07,2024-03-05,1884,4
JHARKHAND,75,200.900 - 219.600,200.9,219.6,18.7,GARHWA,1,1,15,941,125.4406,0.1333,50.32,6.7081,2018-12-27,2023-10-10,1748,4
JHARKHAND,75,219.600 - 260.483,219.6,260.483,40.883,GARHWA,1,4,37,2677,180.1693,0.0673,65.48,4.4069,2022-02-16,2025-05-09,1178,4
JHARKHAND,75,39.600 - 49.380,39.6,49.38,9.78,PALAMU,1,4,42,2406,164.2279,0.0683,246.01,16.7922,2022-05-17,2025-05-09,1088,3
JHARKHAND,75,59.000 - 65.500,59.0,65.5,6.5,LOHARDAGA,1,1,3,203,23.917,0.1178,31.23,3.6795,2023-07-05,2023-07-05,0,2
JHARKHAND,75,65.500 - 97.600,65.5,97.6,32.1,LATEHAR,1,2,17,644,61.9406,0.0962,20.06,1.9296,2023-07-05,2023-07-05,0,2
JHARKHAND,75,97.515 - 130.600,97.515,130.6,33.085,LATEHAR,1,2,20,690,66.0928,0.0958,20.86,1.9977,2023-03-31,2023-03-31,0,2
JHARKHAND,75E,154.800 - 156.625,154.8,156.625,1.825,WEST SINGHBHUM,1,1,2,122,7.4883,0.0614,66.85,4.1032,2024-10-30,2024-10-30,0,0
JHARKHAND,75E,160.465 - 162.485,160.465,162.485,2.02,WEST SINGHBHUM,1,1,2,134,8.1457,0.0608,66.34,4.0325,2024-11-22,2024-11-22,0,0
JHARKHAND,75E,164.125 - 166.425,164.125,166.425,2.3,WEST SINGHBHUM,1,2,3,80,9.2767,0.116,34.78,4.0333,2024-11-22,2024-11-22,0,0
JHARKHAND,75E,169.075 - 170.865,169.075,170.865,1.79,WEST SINGHBHUM,1,1,2,117,8.8212,0.0754,65.36,4.928,2025-02-11,2025-02-11,0,0
JHARKHAND,75Ext,136.644 - 150.640,136.644,150.64,13.996,WEST SINGHBHUM,1,3,16,744,56.2718,0.0756,53.16,4.0206,2024-07-29,2025-04-17,262,2
JHARKHAND,78,531.250 - 597.946,531.25,597.946,66.696,Gumla,1,1,1,5,0.2106,0.0421,0.07,0.0032,2021-08-09,2021-08-09,0,0
JHARKHAND,80,190.000 - 215.000,190.0,215.0,25.0,SAHIBGANJ,1,5,40,1806,161.3364,0.0893,72.24,6.4535,2024-01-25,2024-10-11,260,2
JHARKHAND,80,192.330 - 193.887,192.33,193.887,1.557,SAHIBGANJ,1,1,1,82,6.9792,0.0851,52.67,4.4825,2021-09-14,2021-09-14,0,0
JHARKHAND,80,215.000 - 260.000,215.0,260.0,45.0,SAHIBGANJ,1,4,52,1048,73.5356,0.0702,23.29,1.6341,2018-08-21,2023-03-21,1673,4
JHARKHAND,80,260.000 - 283.000,260.0,283.0,23.0,SAHIBGANJ,1,4,32,468,54.6147,0.1167,20.35,2.3746,2024-01-25,2024-10-11,260,2
JHARKHAND,98,23.284 - 57.041,23.284,57.041,33.757,PALAMU,1,3,38,2050,141.2546,0.0689,60.73,4.1845,2018-09-19,2025-02-03,2329,4
JHARKHAND,99,115.220 - 115.940,115.22,115.94,0.72,LATEHAR,1,1,2,47,0.5685,0.0121,65.28,0.7896,2020-08-28,2020-08-28,0,0
JHARKHAND,99,42.112 - 56.342,42.112,56.342,14.23,CHATRA,1,1,6,26,3.7197,0.1431,1.83,0.2614,2022-08-31,2022-08-31,0,0
JHARKHAND,99,61.000 - 79.000,61.0,79.0,18.0,CHATRA,1,1,3,20,0.7059,0.0353,1.11,0.0392,2022-07-27,2022-07-27,0,0
JHARKHAND,99,80.000 - 117.200,80.0,117.2,37.2,LATEHAR,1,2,8,99,3.6301,0.0367,2.66,0.0976,2021-07-19,2021-07-19,0,0
JHARKHAND,Greenfield Expressway,334.600 - 387.200,334.6,387.2,52.6,BOKARO,1,5,28,1887,239.0272,0.1267,35.87,4.5442,2023-02-28,2025-04-23,785,3
JHARKHAND,Greenfield Highway,184.400 - 268.700,184.4,268.7,84.3,CHATRA,1,4,67,2965,581.8527,0.1962,35.17,6.9022,2023-03-10,2025-02-27,720,3
JHARKHAND,Greenfield Highway,261.700 - 307.700,261.7,307.7,46.0,HAZARIBAGH,1,5,25,1332,306.3109,0.23,28.96,6.6589,2023-03-10,2025-02-27,720,3
JHARKHAND,Greenfield Highway,314.200 - 325.950,314.2,325.95,11.75,RAMGARH,1,1,9,569,175.2633,0.308,48.43,14.916,2022-12-09,2022-12-09,0,2
JHARKHAND,Greenfield Highway,325.650 - 339.650,325.65,339.65,14.0,BOKARO,1,1,7,298,104.2796,0.3499,21.29,7.4485,2023-02-28,2023-02-28,0,2
JHARKHAND,Greenfield Highway,325.950 - 354.800,325.95,354.8,28.85,RAMGARH,1,1,3,155,44.5482,0.2874,5.37,1.5441,2022-12-09,2025-02-17,801,2
JHARKHAND,Greenfield Highway,398.000 - 400.500,398.0,400.5,2.5,BOKARO,1,4,7,301,43.0384,0.143,120.4,17.2154,2023-02-28,2023-02-28,0,2
KARNATAKA,13,102.000 - 202.000,102.0,202.0,100.0,Vijayapur,1,1,2,2,0.304,0.152,0.02,0.003,2018-09-28,2020-01-30,489,1
KARNATAKA,13,422.000 - 523.600,422.0,523.6,101.6,CHITRADURGA|SHIVAMOGGA,2,3,7,35,6.7211,0.192,0.34,0.0662,2024-08-12,2025-02-28,200,1
KARNATAKA,13,422.000 - 528.300,422.0,528.3,106.3,CHITRADURGA|Davanagere|SHIVAMOGGA,3,5,23,401,65.9076,0.1644,3.77,0.62,2011-11-24,2024-08-12,4645,5
KARNATAKA,150,22.600 - 25.170,22.6,25.17,2.57,Kalaburagi (Gulbarga ),1,1,2,8,2.4181,0.3023,3.11,0.9409,2023-07-21,2023-07-21,0,0
KARNATAKA,150,34.000 - 70.900,34.0,70.9,36.9,Kalaburagi (Gulbarga )|YADGIR,2,2,6,76,34.9857,0.4603,2.06,0.9481,2019-01-09,2023-06-30,1633,4
KARNATAKA,150,70.900 - 79.650,70.9,79.65,8.75,YADGIR,1,1,8,57,39.7892,0.6981,6.51,4.5473,2024-01-18,2024-01-18,0,1
KARNATAKA,150,79.650 - 118.470,79.65,118.47,38.82,YADGIR,1,1,7,80,34.893,0.4362,2.06,0.8988,2019-01-09,2019-05-17,128,1
KARNATAKA,150A,112.750 - 142.000,112.75,142.0,29.25,RAICHUR,1,1,4,35,1.3458,0.0385,1.2,0.046,2024-07-18,2024-07-18,0,0
KARNATAKA,150A,144.220 - 151.760,144.22,151.76,7.54,RAICHUR,1,1,2,85,32.5027,0.3824,11.27,4.3107,2024-02-19,2024-02-19,0,1
KARNATAKA,150A,168.370 - 180.800,168.37,180.8,12.43,RAICHUR,1,1,6,206,45.1791,0.2193,16.57,3.6347,2024-02-23,2024-02-23,0,2
KARNATAKA,150A,214.880 - 235.100,214.88,235.1,20.22,BALLARI,1,2,5,47,0.5878,0.0125,2.32,0.0291,2019-11-18,2019-11-18,0,0
KARNATAKA,150A,253.600 - 272.400,253.6,272.4,18.8,BALLARI,1,1,8,209,38.0493,0.1821,11.12,2.0239,2020-01-30,2024-12-27,1793,4
KARNATAKA,150A,284.500 - 308.550,284.5,308.55,24.05,CHITRADURGA,1,1,12,187,25.7343,0.1376,7.78,1.07,2019-07-26,2021-04-15,629,2
KARNATAKA,150A,308.550 - 358.500,308.55,358.5,49.95,CHITRADURGA,1,2,13,269,35.2119,0.1309,5.39,0.7049,2020-01-10,2020-09-10,244,2
KARNATAKA,150A,358.500 - 414.205,358.5,414.205,55.705,CHITRADURGA,1,2,23,1152,176.7116,0.1534,20.68,3.1723,2018-03-16,2023-12-29,2114,4
KARNATAKA,150A,410.600 - 447.610,410.6,447.61,37.01,CHITRADURGA,1,2,5,46,7.164,0.1557,1.24,0.1936,2023-08-14,2023-12-22,130,0
KARNATAKA,150A,442.180 - 539.100,442.18,539.1,96.92,MANDYA,1,1,6,94,3.8669,0.0411,0.97,0.0399,2019-02-01,2021-07-15,895,1
KARNATAKA,150A,448.000 - 494.000,448.0,494.0,46.0,TUMKUR,1,2,17,108,17.1039,0.1584,2.35,0.3718,2020-06-18,2020-06-18,0,0
KARNATAKA,150A,495.020 - 495.260,495.02,495.26,0.24,TUMKUR,1,2,21,177,22.2322,0.1256,737.5,92.6342,2024-06-14,2024-06-14,0,1
KARNATAKA,150A,530.900 - 531.000,530.9,531.0,0.1,MANDYA,1,1,5,61,5.436,0.0891,610.0,54.36,2024-06-28,2024-06-28,0,0
KARNATAKA,150A,544.200 - 594.000,544.2,594.0,49.8,MANDYA,1,2,21,310,5.6775,0.0183,6.22,0.114,2020-02-07,2021-07-15,524,2
KARNATAKA,150A,645.550 - 646.700,645.55,646.7,1.15,MYSURU,1,1,1,30,3.3375,0.1112,26.09,2.9022,2019-03-07,2024-03-11,1831,2
KARNATAKA,150A,646.324 - 650.935,646.324,650.935,4.611,MYSURU,1,1,2,40,3.6349,0.0909,8.67,0.7883,2019-03-07,2019-03-07,0,0
KARNATAKA,150A,89.270 - 198.500,89.27,198.5,109.23,BALLARI|RAICHUR,2,2,3,31,6.4967,0.2096,0.28,0.0595,2024-03-08,2024-03-08,0,1
KARNATAKA,150C,162.500 - 203.100,162.5,203.1,40.6,RAICHUR,1,2,17,724,356.6858,0.4927,17.83,8.7854,2021-12-08,2022-10-04,300,2
KARNATAKA,150C,21.000 - 98.100,21.0,98.1,77.1,Kalaburagi (Gulbarga ),1,4,23,954,561.4745,0.5885,12.37,7.2824,2021-04-13,2024-08-06,1211,4
KARNATAKA,150C,97.000 - 162.500,97.0,162.5,65.5,YADGIR,1,2,21,882,590.9534,0.67,13.47,9.0222,2021-08-25,2022-07-28,337,2
KARNATAKA,150E,35.935 - 72.920,35.935,72.92,36.985,Kalaburagi (Gulbarga ),1,1,3,48,23.7996,0.4958,1.3,0.6435,2023-09-12,2023-12-22,101,1
KARNATAKA,161A,0.000 - 44.525,0.0,44.525,44.525,BIDAR,1,1,1,6,2.5292,0.4215,0.13,0.0568,2022-12-02,2022-12-02,0,0
KARNATAKA,166E,0.000 - 23.310,0.0,23.31,23.31,Vijayapur,1,1,5,125,17.4622,0.1397,5.36,0.7491,2024-01-24,2024-01-24,0,0
KARNATAKA,167,0.000 - 14.900,0.0,14.9,14.9,BALLARI,1,1,3,69,6.2978,0.0913,4.63,0.4227,2017-09-12,2018-07-31,322,0
KARNATAKA,167,0.000 - 34.144,0.0,34.144,34.144,BALLARI,1,2,13,862,205.9398,0.2389,25.25,6.0315,2022-07-28,2022-12-02,127,2
KARNATAKA,167,0.000 - 54.483,0.0,54.483,54.483,RAICHUR,1,1,22,419,233.4651,0.5572,7.69,4.2851,2023-02-08,2023-03-10,30,2
KARNATAKA,167,125.626 - 182.126,125.626,182.126,56.5,RAICHUR,1,1,11,350,42.8557,0.1224,6.19,0.7585,2018-07-27,2024-08-02,2198,4
KARNATAKA,167,180.000 - 180.865,180.0,180.865,0.865,RAICHUR,1,1,1,4,2.3589,0.5897,4.62,2.7271,2020-06-19,2020-06-19,0,0
KARNATAKA,169,115.000 - 123.800,115.0,123.8,8.8,CHIKKAMAGALURU,1,1,2,17,1.1186,0.0658,1.93,0.1271,2024-03-16,2024-03-16,0,0
KARNATAKA,169,153.000 - 168.270,153.0,168.27,15.27,UDUPI,1,1,5,195,5.9823,0.0307,12.77,0.3918,2023-12-22,2023-12-22,0,0
KARNATAKA,169,25.150 - 60.000,25.15,60.0,34.85,SHIVAMOGGA,1,1,12,107,20.2401,0.1892,3.07,0.5808,2024-02-12,2024-02-12,0,1
KARNATAKA,169(Old NH13),0.000 - 2.480,0.0,2.48,2.48,SHIVAMOGGA,1,1,3,39,0.4203,0.0108,15.73,0.1695,2024-01-17,2024-03-15,58,0
KARNATAKA,169(Old NH13),590.200 - 591.540,590.2,591.54,1.34,SHIVAMOGGA,1,1,3,10,3.6133,0.3613,7.46,2.6965,2022-01-19,2024-03-15,786,1
KARNATAKA,169(Old NH13),640.000 - 645.000,640.0,645.0,5.0,CHIKKAMAGALURU,1,1,3,31,1.1263,0.0363,6.2,0.2253,2021-03-23,2021-03-23,0,0
KARNATAKA,169(Old NH13),648.170 - 663.000,648.17,663.0,14.83,CHIKKAMAGALURU,1,1,2,10,0.497,0.0497,0.67,0.0335,2020-07-16,2020-07-16,0,0
KARNATAKA,169(Old NH13),691.350 - 736.362,691.35,736.362,45.012,DAKSHINA KANNADA|UDUPI,2,3,20,2358,208.3697,0.0884,52.39,4.6292,2017-03-15,2024-03-16,2558,5
KARNATAKA,169(Old NH13),735.125 - 736.600,735.125,736.6,1.475,DAKSHINA KANNADA,1,1,2,39,3.9203,0.1005,26.44,2.6578,2020-01-30,2020-01-30,0,0
KARNATAKA,169A,0.000 - 30.700,0.0,30.7,30.7,SHIVAMOGGA,1,1,4,37,8.2366,0.2226,1.21,0.2683,2024-02-16,2024-02-16,0,0
KARNATAKA,169A,2.000 - 15.980,2.0,15.98,13.98,SHIVAMOGGA,1,1,5,143,18.3344,0.1282,10.23,1.3115,2020-12-08,2024-03-08,1186,2
KARNATAKA,169A,51.600 - 88.900,51.6,88.9,37.3,UDUPI,1,3,9,328,9.1717,0.028,8.79,0.2459,2022-12-08,2024-08-12,613,2
KARNATAKA,169A,67.139 - 68.220,67.139,68.22,1.081,UDUPI,1,1,1,1,0.0718,0.0718,0.93,0.0664,2020-12-31,2020-12-31,0,0
KARNATAKA,169A,76.040 - 85.200,76.04,85.2,9.16,UDUPI,1,1,1,72,2.8446,0.0395,7.86,0.3105,2020-12-08,2020-12-08,0,0
KARNATAKA,169A,86.000 - 90.000,86.0,90.0,4.0,UDUPI,1,1,2,97,3.3897,0.0349,24.25,0.8474,2021-07-19,2021-07-19,0,0
KARNATAKA,173,104.000 - 149.600,104.0,149.6,45.6,CHITRADURGA,1,2,6,13,1.6169,0.1244,0.29,0.0355,2024-07-29,2024-08-20,22,0
KARNATAKA,173,24.600 - 70.063,24.6,70.063,45.463,CHIKKAMAGALURU,1,2,20,139,7.5474,0.0543,3.06,0.166,2019-11-29,2022-12-06,1103,2
KARNATAKA,173,67.000 - 115.000,67.0,115.0,48.0,CHIKKAMAGALURU,1,2,14,361,32.0305,0.0887,7.52,0.6673,2024-07-24,2024-07-24,0,2
KARNATAKA,206,122.800 - 217.000,122.8,217.0,94.2,CHIKKAMAGALURU,1,2,43,1829,294.3294,0.1609,19.42,3.1245,2017-07-26,2022-09-22,1884,4
KARNATAKA,206,174.000 - 217.000,174.0,217.0,43.0,CHIKKAMAGALURU|SHIVAMOGGA,2,3,43,1816,273.0732,0.1504,42.23,6.3505,2017-07-26,2024-01-25,2374,5
KARNATAKA,206,207.800 - 208.200,207.8,208.2,0.4,SHIVAMOGGA,1,1,1,2,0.003,0.0015,5.0,0.0075,2023-12-22,2023-12-22,0,0
KARNATAKA,206,220.000 - 238.100,220.0,238.1,18.1,SHIVAMOGGA,1,1,12,195,37.0367,0.1899,10.77,2.0462,2024-02-02,2024-03-15,42,1
KARNATAKA,206,238.100 - 259.000,238.1,259.0,20.9,SHIVAMOGGA,1,1,5,175,16.6937,0.0954,8.37,0.7987,2024-02-02,2024-03-15,42,0
KARNATAKA,206,261.400 - 262.700,261.4,262.7,1.3,SHIVAMOGGA,1,1,4,168,29.6555,0.1765,129.23,22.8119,2024-02-23,2024-08-06,165,1
KARNATAKA,206,278.000 - 286.400,278.0,286.4,8.4,SHIVAMOGGA,1,1,1,285,0.9541,0.0033,33.93,0.1136,2024-06-14,2024-06-14,0,1
KARNATAKA,206,6.000 - 122.800,6.0,122.8,116.8,HASSAN|TUMKUR,2,4,91,3576,509.505,0.1427,30.62,4.3622,2017-07-26,2023-01-17,2001,5
KARNATAKA,207,16.800 - 58.300,16.8,58.3,41.5,Bangalore Rural|KOLAR,2,2,21,843,135.5313,0.1608,20.31,3.2658,2021-03-02,2024-09-18,1296,5
KARNATAKA,207,47.900 - 49.280,47.9,49.28,1.38,Bangalore Rural,1,1,1,16,0.3492,0.0218,11.59,0.253,2019-06-19,2019-06-19,0,0
KARNATAKA,207,58.300 - 138.320,58.3,138.32,80.02,Bangalore Rural,1,4,74,3001,247.8299,0.0838,37.5,3.0971,2012-09-08,2024-01-18,4149,4
KARNATAKA,209,266.530 - 458.420,266.53,458.42,191.89,CHAMARAJANAGARA,1,3,39,2485,150.8008,0.0607,12.95,0.7859,2013-12-24,2021-03-12,2635,4
KARNATAKA,209,458.420 - 266.530,458.42,266.53,-191.89,Bangalore Urban|MANDYA|RAMANAGARA,3,3,61,3038,189.0169,0.0623,-15.83,-0.985,2013-07-09,2021-03-12,2803,5
KARNATAKA,212,117.800 - 268.500,117.8,268.5,150.7,CHAMARAJANAGARA|MYSURU,2,5,26,315,27.5784,0.0876,2.09,0.183,2012-01-13,2017-06-27,1992,5
KARNATAKA,218,0.000 - 115.000,0.0,115.0,115.0,BAGALKOT|GADAG,2,2,2,40,11.2501,0.2813,0.35,0.0978,2011-01-17,2011-04-26,99,1
KARNATAKA,218,0.000 - 15.000,0.0,15.0,15.0,DHARWAD,1,1,8,198,73.3109,0.3703,13.2,4.8874,2011-04-11,2011-04-11,0,1
KARNATAKA,218,15.060 - 16.570,15.06,16.57,1.51,Vijayapur,1,1,1,46,5.2385,0.1139,30.46,3.4692,2019-01-31,2023-06-30,1611,2
KARNATAKA,218,161.315 - 161.315,161.315,161.315,0.0,DHARWAD,1,1,1,17,6.5019,0.3825,,,2013-09-11,2013-09-11,0,0
KARNATAKA,218,195.000 - 418.000,195.0,418.0,223.0,Vijayapur,1,1,2,15,3.8386,0.2559,0.07,0.0172,2020-03-16,2020-09-15,183,0
KARNATAKA,218,263.300 - 418.000,263.3,418.0,154.7,GULBARGA,1,2,17,80,13.7055,0.1713,0.52,0.0886,2018-11-29,2021-09-24,1030,1
KARNATAKA,218,4.400 - 56.000,4.4,56.0,51.6,BAGALKOT|Vijayapur,2,3,7,144,14.216,0.0987,2.79,0.2755,2019-09-25,2022-11-22,1154,3
KARNATAKA,234,147.975 - 194.555,147.975,194.555,46.58,CHIKKAMAGALURU|HASSAN,2,3,19,155,18.8498,0.1216,3.33,0.4047,2014-01-22,2015-01-09,352,1
KARNATAKA,234,194.900 - 243.200,194.9,243.2,48.3,CHIKKAMAGALURU|HASSAN|TUMKUR,3,3,25,142,11.0302,0.0777,2.94,0.2284,2022-12-06,2023-11-22,351,1
KARNATAKA,234,243.200 - 290.200,243.2,290.2,47.0,TUMKUR,1,2,13,270,9.0395,0.0335,5.74,0.1923,2019-02-26,2021-02-07,712,2
KARNATAKA,234,243.300 - 290.100,243.3,290.1,46.8,TUMKUR,1,2,6,48,9.1433,0.1905,1.03,0.1954,2014-07-04,2015-04-24,294,0
KARNATAKA,234,343.000 - 486.690,343.0,486.69,143.69,CHIKKABALLAPURA|KOLAR,2,5,13,197,27.53,0.1397,1.37,0.1916,2013-12-27,2014-10-14,291,2
KARNATAKA,234,483.591 - 505.540,483.591,505.54,21.949,KOLAR,1,1,13,176,23.6207,0.1342,8.02,1.0762,2019-08-19,2019-11-20,93,1
KARNATAKA,234,494.450 - 505.540,494.45,505.54,11.09,KOLAR,1,1,10,90,10.2162,0.1135,8.12,0.9212,2022-08-22,2022-08-22,0,0
KARNATAKA,275,0.000 - 71.600,0.0,71.6,71.6,DAKSHINA KANNADA,1,2,6,28,0.7213,0.0258,0.39,0.0101,2023-08-23,2023-12-29,128,0
KARNATAKA,275,17.300 - 136.300,17.3,136.3,119.0,Bangalore Urban|MANDYA|MYSURU|RAMANAGARA,4,7,70,629,44.269,0.0704,5.29,0.372,2023-01-25,2023-05-03,98,3
KARNATAKA,275,18.000 - 74.200,18.0,74.2,56.2,Bangalore Urban|MANDYA|RAMANAGARA,3,4,41,2538,269.2305,0.1061,45.16,4.7906,2016-10-04,2020-12-22,1540,5
KARNATAKA,275,74.200 - 135.500,74.2,135.5,61.3,MANDYA|MYSURU,2,4,41,3369,270.6725,0.0803,54.96,4.4155,2016-10-04,2021-05-19,1688,5
KARNATAKA,275,99.500 - 214.314,99.5,214.314,114.814,KODAGU|MANDYA,2,2,12,774,109.5589,0.1415,6.74,0.9542,2021-03-09,2023-09-22,927,4
KARNATAKA,275,99.500 - 214.450,99.5,214.45,114.95,MYSURU,1,2,16,351,98.6149,0.281,3.05,0.8579,2020-06-04,2021-01-13,223,2
KARNATAKA,275,99.500 - 223.860,99.5,223.86,124.36,MYSURU,1,3,50,2520,352.3844,0.1398,20.26,2.8336,2021-05-24,2024-08-29,1193,4
KARNATAKA,367,0.000 - 517.000,0.0,517.0,517.0,KOPPAL,1,1,2,61,2.0785,0.0341,0.12,0.004,2020-02-03,2020-02-03,0,0
KARNATAKA,367,10.000 - 33.000,10.0,33.0,23.0,KOPPAL,1,2,5,406,50.7388,0.125,17.65,2.206,2023-12-08,2024-01-18,41,2
KARNATAKA,367,103.225 - 133.000,103.225,133.0,29.775,BAGALKOT,1,3,12,402,18.0663,0.0449,13.5,0.6068,2023-11-03,2023-11-03,0,1
KARNATAKA,367,13.000 - 33.160,13.0,33.16,20.16,KOPPAL,1,1,3,53,6.526,0.1231,2.63,0.3237,2020-02-03,2020-02-03,0,0
KARNATAKA,367,133.000 - 155.149,133.0,155.149,22.149,BAGALKOT,1,1,3,15,1.2716,0.0848,0.68,0.0574,2023-09-22,2023-09-22,0,0
KARNATAKA,367,33.130 - 36.000,33.13,36.0,2.87,KOPPAL,1,1,3,43,4.2523,0.0989,14.98,1.4816,2022-12-09,2022-12-09,0,0
KARNATAKA,367,36.000 - 39.950,36.0,39.95,3.95,GADAG,1,1,3,48,5.8512,0.1219,12.15,1.4813,2022-12-09,2022-12-09,0,0
KARNATAKA,367,39.950 - 52.000,39.95,52.0,12.05,GADAG|KOPPAL,2,2,2,82,2.9448,0.0359,6.8,0.2444,2022-03-16,2023-08-23,525,2
KARNATAKA,367,40.000 - 47.000,40.0,47.0,7.0,GADAG,1,1,3,122,23.5674,0.1932,17.43,3.3668,2024-09-18,2025-02-28,163,1
KARNATAKA,367,52.000 - 52.800,52.0,52.8,0.8,KOPPAL,1,1,1,2,0.6548,0.3274,2.5,0.8185,2022-12-09,2022-12-09,0,0
KARNATAKA,367,52.800 - 71.000,52.8,71.0,18.2,GADAG,1,2,9,213,17.4394,0.0819,11.7,0.9582,2022-12-09,2022-12-09,0,1
KARNATAKA,367,70.000 - 71.500,70.0,71.5,1.5,GADAG,1,1,1,18,0.9365,0.052,12.0,0.6243,2024-08-12,2024-08-12,0,0
KARNATAKA,367,71.500 - 104.000,71.5,104.0,32.5,BAGALKOT,1,1,9,478,49.9784,0.1046,14.71,1.5378,2023-12-08,2024-01-17,40,2
KARNATAKA,373,12.133 - 94.920,12.133,94.92,82.787,HASSAN,1,2,27,374,40.0679,0.1071,4.52,0.484,2024-05-08,2024-08-12,96,2
KARNATAKA,373,24.125 - 58.125,24.125,58.125,34.0,HASSAN,1,2,21,123,16.7608,0.1363,3.62,0.493,2021-03-23,2021-03-23,0,0
KARNATAKA,4,10.000 - 29.500,10.0,29.5,19.5,Bangalore Rural|Bangalore Urban,2,2,15,561,27.407,0.0489,28.77,1.4055,2001-04-09,2010-02-08,3227,5
KARNATAKA,4,122.300 - 189.000,122.3,189.0,66.7,CHITRADURGA,1,1,1,1,0.0062,0.0062,0.01,0.0001,2022-03-02,2022-03-02,0,0
KARNATAKA,4,189.000 - 207.000,189.0,207.0,18.0,CHITRADURGA,1,1,1,8,1.0025,0.1253,0.44,0.0557,2016-07-28,2016-07-28,0,0
KARNATAKA,4,189.000 - 260.000,189.0,260.0,71.0,CHITRADURGA|Davanagere,2,3,35,387,25.0533,0.0647,5.45,0.3529,2020-01-09,2024-07-18,1652,5
KARNATAKA,4,216.900 - 238.900,216.9,238.9,22.0,KOLAR,1,1,16,686,62.9605,0.0918,31.18,2.8618,2010-05-13,2015-10-08,1974,4
KARNATAKA,4,260.000 - 340.000,260.0,340.0,80.0,Davanagere|HAVERI,2,5,25,380,18.9025,0.0497,4.75,0.2363,2019-07-03,2022-12-25,1271,4
KARNATAKA,4,29.500 - 75.000,29.5,75.0,45.5,Bangalore Rural|TUMKUR,2,2,41,1533,70.0809,0.0457,33.69,1.5402,2015-04-20,2024-05-21,3319,5
KARNATAKA,4,340.000 - 403.400,340.0,403.4,63.4,DHARWAD|HAVERI,2,5,36,1016,50.6106,0.0498,16.03,0.7983,2002-02-05,2022-05-06,7395,5
KARNATAKA,4,515.000 - 592.705,515.0,592.705,77.705,BELAGAVI,1,4,27,813,64.3608,0.0792,10.46,0.8283,2021-09-20,2023-01-17,484,3
KARNATAKA,42,333.400 - 340.900,333.4,340.9,7.5,KOLAR,1,1,3,44,13.1458,0.2988,5.87,1.7528,2024-01-17,2024-01-17,0,0
KARNATAKA,48,402.600 - 433.000,402.6,433.0,30.4,DHARWAD,1,2,13,614,32.7872,0.0534,20.2,1.0785,2022-09-07,2023-12-28,477,3
KARNATAKA,48,433.000 - 515.000,433.0,515.0,82.0,BELAGAVI|DHARWAD,2,3,28,257,8.3221,0.0324,3.13,0.1015,2013-01-02,2021-11-15,3239,4
KARNATAKA,48,75.000 - 122.300,75.0,122.3,47.3,TUMKUR,1,2,26,121,12.3093,0.1017,2.56,0.2602,2016-05-20,2016-05-20,0,0
KARNATAKA,4A,0.000 - 30.000,0.0,30.0,30.0,BELAGAVI,1,2,17,722,82.7385,0.1148,24.07,2.758,2010-10-28,2021-05-28,3865,4
KARNATAKA,50,0.000 - 2.773,0.0,2.773,2.773,BIDAR,1,1,2,32,11.9837,0.3745,11.54,4.3216,2019-01-11,2021-02-25,776,1
KARNATAKA,50,0.000 - 54.370,0.0,54.37,54.37,BIDAR,1,2,4,35,9.436,0.2696,0.64,0.1736,2019-01-09,2019-05-17,128,0
KARNATAKA,50,299.000 - 418.750,299.0,418.75,119.75,BALLARI|CHITRADURGA|Davanagere,3,4,28,633,79.6181,0.1258,5.29,0.6649,2012-05-01,2023-07-17,4094,5
KARNATAKA,50,323.000 - 420.000,323.0,420.0,97.0,BAGALKOT,1,1,1,3,0.1213,0.0404,0.03,0.0013,2022-07-28,2022-07-28,0,0
KARNATAKA,50,54.370 - 101.400,54.37,101.4,47.03,BIDAR,1,3,8,81,41.7754,0.5157,1.72,0.8883,2019-01-09,2019-05-17,128,1
KARNATAKA,52,30.340 - 102.000,30.34,102.0,71.66,Vijayapur,1,1,3,4,0.439,0.1098,0.06,0.0061,2013-11-27,2021-07-06,2778,2
KARNATAKA,52 (Old NH-218),133.000 - 140.000,133.0,140.0,7.0,GADAG,1,1,4,74,25.3841,0.343,10.57,3.6263,2023-03-10,2023-03-10,0,1
KARNATAKA,544E,105.460 - 106.240,105.46,106.24,0.78,TUMKUR,1,1,5,74,29.2178,0.3948,94.87,37.4587,2024-02-29,2024-02-29,0,1
KARNATAKA,548B,0.000 - 27.000,0.0,27.0,27.0,Kalaburagi (Gulbarga ),1,1,3,150,87.9849,0.5866,5.56,3.2587,2023-12-08,2024-03-15,98,1
KARNATAKA,548B,0.000 - 40.000,0.0,40.0,40.0,Vijayapur,1,1,3,31,7.7279,0.2493,0.78,0.1932,2019-10-25,2024-04-26,1645,2
KARNATAKA,548B,118.450 - 128.450,118.45,128.45,10.0,BELAGAVI,1,2,4,315,26.9889,0.0857,31.5,2.6989,2024-09-19,2024-09-19,0,2
KARNATAKA,548B,27.000 - 106.000,27.0,106.0,79.0,Vijayapur,1,2,15,967,181.0245,0.1872,12.24,2.2914,2024-01-10,2024-09-03,237,2
KARNATAKA,548B,40.000 - 120.000,40.0,120.0,80.0,BELAGAVI,1,1,6,76,10.6521,0.1402,0.95,0.1332,2022-12-07,2024-04-30,510,1
KARNATAKA,548B,80.000 - 169.450,80.0,169.45,89.45,BELAGAVI,1,3,12,1005,53.742,0.0535,11.24,0.6008,2024-09-19,2024-09-19,0,2
KARNATAKA,561A,0.000 - 12.000,0.0,12.0,12.0,Vijayapur,1,2,2,145,18.9215,0.1305,12.08,1.5768,2023-12-29,2023-12-29,0,0
KARNATAKA,63,0.000 - 268.700,0.0,268.7,268.7,DHARWAD|GADAG|KOPPAL,3,6,51,3498,616.1503,0.1761,13.02,2.2931,2013-01-19,2021-05-24,3047,5
KARNATAKA,63,110.000 - 112.600,110.0,112.6,2.6,DHARWAD,1,1,2,38,1.5313,0.0403,14.62,0.589,2021-10-05,2022-08-22,321,0
KARNATAKA,63,128.850 - 142.750,128.85,142.75,13.9,DHARWAD,1,1,4,89,0.4879,0.0055,6.4,0.0351,2021-08-25,2023-08-24,729,1
KARNATAKA,63,280.080 - 375.450,280.08,375.45,95.37,BALLARI,1,3,5,35,3.8064,0.1088,0.37,0.0399,2022-02-28,2024-09-18,933,1
KARNATAKA,63,280.300 - 375.450,280.3,375.45,95.15,BALLARI,1,1,1,2,0.4611,0.2306,0.02,0.0048,2020-06-18,2020-06-18,0,0
KARNATAKA,65,348.800 - 423.750,348.8,423.75,74.95,BIDAR,1,2,2,2,0.1215,0.0608,0.03,0.0016,2020-01-07,2020-01-07,0,0
KARNATAKA,66,1.900 - 17.200,1.9,17.2,15.3,DAKSHINA KANNADA,1,1,17,1386,54.7738,0.0395,90.59,3.58,2009-08-07,2015-01-28,2000,4
KARNATAKA,66,93.700 - 283.300,93.7,283.3,189.6,UDUPI|UTTAR KANNAD,2,5,76,6076,229.7059,0.0378,32.05,1.2115,2013-08-16,2025-01-27,4182,5
KARNATAKA,66,93.700 - 93.700,93.7,93.7,0.0,UTTAR KANNAD,1,1,9,1143,47.6327,0.0417,,,2014-02-07,2019-08-21,2021,4
KARNATAKA,67,340.640 - 340.640,340.64,340.64,0.0,BALLARI,1,1,1,42,0.5072,0.0121,,,2023-12-15,2023-12-15,0,0
KARNATAKA,69,0.000 - 15.580,0.0,15.58,15.58,CHIKKABALLAPURA,1,1,19,215,53.0828,0.2469,13.8,3.4071,2024-02-16,2024-08-29,195,2
KARNATAKA,69,368.400 - 401.300,368.4,401.3,32.9,CHIKKABALLAPURA,1,1,5,21,3.7769,0.1799,0.64,0.1148,2024-09-18,2024-09-18,0,0
KARNATAKA,69,453.890 - 461.450,453.89,461.45,7.56,KOLAR,1,1,10,160,42.3299,0.2646,21.16,5.5992,2023-11-22,2024-01-10,49,1
KARNATAKA,7,463.600 - 524.000,463.6,524.0,60.4,Bangalore Rural|CHIKKABALLAPURA,2,4,45,1175,166.8102,0.142,19.45,2.7618,2006-04-27,2022-09-21,5991,5
KARNATAKA,7,524.720 - 556.840,524.72,556.84,32.12,Bangalore Rural,1,1,8,41,3.3254,0.0811,1.28,0.1035,2010-09-17,2019-06-20,3198,2
KARNATAKA,7,526.500 - 556.000,526.5,556.0,29.5,Bangalore Rural|Bangalore Urban,2,2,11,101,7.5593,0.0748,3.42,0.2562,2003-08-29,2015-03-04,4205,3
KARNATAKA,7,534.720 - 556.840,534.72,556.84,22.12,Bangalore Rural|Bangalore Urban,2,2,22,436,47.4302,0.1088,19.71,2.1442,2003-07-22,2019-10-23,5937,5
KARNATAKA,73,19.800 - 75.709,19.8,75.709,55.909,DAKSHINA KANNADA,1,2,10,215,5.7405,0.0267,3.85,0.1027,2019-08-01,2023-02-02,1281,3
KARNATAKA,73,40.000 - 75.000,40.0,75.0,35.0,DAKSHINA KANNADA,1,2,13,818,23.8278,0.0291,23.37,0.6808,2024-03-05,2024-08-06,154,2
KARNATAKA,73,75.000 - 86.200,75.0,86.2,11.2,DAKSHINA KANNADA,1,1,1,7,0.234,0.0334,0.62,0.0209,2024-06-14,2024-06-14,0,0
KARNATAKA,748,30.800 - 84.120,30.8,84.12,53.32,BELAGAVI|UTTAR KANNAD,2,2,5,18,5.2,0.2889,0.34,0.0975,2019-10-07,2019-10-07,0,1
KARNATAKA,748A,0.000 - 195.800,0.0,195.8,195.8,BAGALKOT|BELAGAVI,2,8,75,2752,1335.9731,0.4855,14.06,6.8232,2023-01-06,2024-10-29,662,4
KARNATAKA,748A,182.300 - 228.500,182.3,228.5,46.2,BAGALKOT,1,1,3,169,68.6477,0.4062,3.66,1.4859,2023-02-02,2024-10-10,616,2
KARNATAKA,748A,182.300 - 318.898,182.3,318.898,136.598,RAICHUR,1,3,30,810,417.4166,0.5153,5.93,3.0558,2023-03-22,2025-01-27,677,3
KARNATAKA,748AA,0.000 - 69.480,0.0,69.48,69.48,BELAGAVI,1,1,1,6,4.9627,0.8271,0.09,0.0714,2022-10-04,2022-10-04,0,0
KARNATAKA,75,118.601 - 189.500,118.601,189.5,70.899,HASSAN,1,2,13,55,1.5922,0.0289,0.78,0.0225,2023-06-06,2025-01-30,604,1
KARNATAKA,75,184.912 - 230.060,184.912,230.06,45.148,HASSAN,1,2,10,36,1.0379,0.0288,0.8,0.023,2020-04-22,2023-05-29,1132,2
KARNATAKA,75,189.700 - 237.000,189.7,237.0,47.3,HASSAN,1,1,10,66,3.3744,0.0511,1.4,0.0713,2020-04-22,2024-02-16,1395,2
KARNATAKA,75,235.000 - 320.000,235.0,320.0,85.0,Bangalore Rural|KOLAR,2,3,60,1985,156.5811,0.0789,23.35,1.8421,2007-08-23,2011-09-26,1495,5
KARNATAKA,75,237.000 - 318.000,237.0,318.0,81.0,Bangalore Urban,1,1,10,236,22.1978,0.0941,2.91,0.274,2007-11-14,2010-07-23,982,3
KARNATAKA,75,255.703 - 318.755,255.703,318.755,63.052,DAKSHINA KANNADA,1,3,24,3249,230.9065,0.0711,51.53,3.6622,2014-01-23,2024-10-10,3913,4
KARNATAKA,75,28.200 - 40.000,28.2,40.0,11.8,Bangalore Rural,1,1,12,324,31.6123,0.0976,27.46,2.679,2007-12-20,2007-12-20,0,2
KARNATAKA,75,40.001 - 63.600,40.001,63.6,23.599,RAMANAGARA,1,1,1,8,0.3282,0.041,0.34,0.0139,2023-06-06,2023-06-06,0,0
KARNATAKA,75,63.601 - 91.400,63.601,91.4,27.799,TUMKUR,1,1,1,1,0.0101,0.0101,0.04,0.0004,2023-06-06,2023-06-06,0,0
KARNATAKA,75,91.401 - 118.600,91.401,118.6,27.199,MANDYA|RAMANAGARA,2,2,3,3,0.2496,0.0832,0.11,0.0092,2023-06-06,2023-06-06,0,1
KARNATAKA,766C,0.000 - 38.000,0.0,38.0,38.0,UDUPI,1,1,6,458,15.7405,0.0344,12.05,0.4142,2024-02-26,2024-02-26,0,1
KARNATAKA,766C,146.000 - 154.000,146.0,154.0,8.0,SHIVAMOGGA,1,1,5,128,29.1754,0.2279,16.0,3.6469,2024-08-06,2024-08-06,0,1
KARNATAKA,766C,163.700 - 191.900,163.7,191.9,28.2,HAVERI,1,2,2,14,1.7698,0.1264,0.5,0.0628,2024-04-25,2024-09-20,148,0
KARNATAKA,766C,56.000 - 86.000,56.0,86.0,30.0,SHIVAMOGGA,1,1,8,62,18.932,0.3054,2.07,0.6311,2023-11-13,2024-03-06,114,0
KARNATAKA,766E,0.000 - 27.150,0.0,27.15,27.15,UTTAR KANNAD,1,1,6,142,3.2966,0.0232,5.23,0.1214,2021-01-13,2024-03-11,1153,2
KARNATAKA,766E,27.150 - 60.000,27.15,60.0,32.85,UTTAR KANNAD,1,1,15,307,2.0522,0.0067,9.35,0.0625,2021-01-13,2024-08-22,1317,3
KARNATAKA,766E,60.000 - 91.661,60.0,91.661,31.661,UTTAR KANNAD,1,1,1,19,0.7521,0.0396,0.6,0.0238,2022-02-28,2022-02-28,0,0
KARNATAKA,844,0.000 - 10.400,0.0,10.4,10.4,Bangalore Urban,1,1,10,497,71.6423,0.1441,47.79,6.8887,2020-01-22,2024-03-16,1515,4
KARNATAKA,948,0.000 - 19.675,0.0,19.675,19.675,Bangalore Rural,1,1,16,665,130.4431,0.1962,33.8,6.6299,2022-10-27,2022-10-27,0,2
KARNATAKA,948,119.745 - 134.942,119.745,134.942,15.197,Bangalore Urban,1,1,13,294,93.8748,0.3193,19.35,6.1772,2022-11-07,2022-11-07,0,2
KARNATAKA,948,19.675 - 56.034,19.675,56.034,36.359,RAMANAGARA,1,1,31,896,236.0015,0.2634,24.64,6.4909,2022-10-27,2022-10-27,0,2
KARNATAKA,948,56.034 - 119.745,56.034,119.745,63.711,Bangalore Urban|RAMANAGARA,2,3,37,2078,417.9538,0.2011,32.62,6.5602,2022-10-27,2022-11-07,11,3
KARNATAKA,Greenfield Highway,0.000 - 17.540,0.0,17.54,17.54,HASSAN,1,1,17,920,115.6612,0.1257,52.45,6.5941,2023-05-03,2023-09-21,141,2
KARNATAKA,Greenfield Highway,17.540 - 42.870,17.54,42.87,25.33,HASSAN,1,1,19,756,169.6665,0.2244,29.85,6.6982,2023-05-03,2023-10-12,162,2
KARNATAKA,Greenfield Highway,42.870 - 56.130,42.87,56.13,13.26,TUMKUR,1,1,9,194,63.4592,0.3271,14.63,4.7858,2023-05-25,2023-05-25,0,1
KARNATAKA,Greenfield Highway,56.130 - 86.220,56.13,86.22,30.09,TUMKUR,1,1,13,429,99.6664,0.2323,14.26,3.3123,2023-05-25,2023-05-31,6,2
KARNATAKA,NE-7,0.000 - 11.450,0.0,11.45,11.45,Bangalore Rural,1,1,13,379,154.2629,0.407,33.1,13.4727,2016-03-04,2024-05-31,3010,4
KARNATAKA,NE-7,11.450 - 71.000,11.45,71.0,59.55,KOLAR,1,3,57,2086,605.4295,0.2914,35.03,10.1667,2016-03-04,2024-05-31,3010,4
KARNATAKA,NE-7,71.000 - 96.000,71.0,96.0,25.0,KOLAR,1,2,6,118,54.6105,0.4628,4.72,2.1844,2016-03-04,2023-11-14,2811,3
KARNATAKA,Ring Road,0.000 - 69.387,0.0,69.387,69.387,BELAGAVI,1,1,32,933,390.3804,0.4184,13.45,5.6261,2023-06-28,2023-08-24,57,2
KERALA,544,236.135 - 264.490,236.135,264.49,28.355,PALAKKAD|THRISSUR,2,2,9,49,4.4567,0.091,1.73,0.1572,2020-07-31,2024-08-29,1490,3
KERALA,66,104.000 - 148.000,104.0,148.0,44.0,KANNUR,1,2,18,915,66.0256,0.0722,20.8,1.5006,2018-07-13,2022-02-11,1309,4
KERALA,66,148.000 - 170.600,148.0,170.6,22.6,KANNUR,1,1,9,134,22.7758,0.17,5.93,1.0078,2018-07-25,2020-11-19,848,2
KERALA,66,17.200 - 104.000,17.2,104.0,86.8,KASARAGOD,1,3,28,668,18.0386,0.027,7.7,0.2078,2018-05-25,2021-12-15,1300,3
KERALA,66,170.600 - 171.200,170.6,171.2,0.6,KANNUR,1,1,1,13,0.2287,0.0176,21.67,0.3812,2020-07-31,2021-02-22,206,0
KERALA,66,171.200 - 185.960,171.2,185.96,14.76,KANNUR,1,1,9,311,2.0909,0.0067,21.07,0.1417,2020-10-19,2024-07-24,1374,3
KERALA,66,185.950 - 189.200,185.95,189.2,3.25,KOZHIKODE,1,1,1,54,0.2764,0.0051,16.62,0.085,2022-09-22,2022-09-22,0,0
KERALA,66,188.000 - 230.400,188.0,230.4,42.4,KOZHIKODE,1,2,28,752,53.3627,0.071,17.74,1.2586,2018-12-27,2025-01-03,2199,4
KERALA,66,230.400 - 258.800,230.4,258.8,28.4,KOZHIKODE|MALAPPURAM,2,3,7,22,0.5012,0.0228,0.77,0.0176,2024-07-18,2025-01-03,169,1
KERALA,66,258.800 - 259.380,258.8,259.38,0.58,KOZHIKODE,1,1,1,16,0.8129,0.0508,27.59,1.4016,2020-05-22,2020-05-22,0,0
KERALA,66,26.500 - 43.000,26.5,43.0,16.5,THIRUVANANTHAPURAM,1,1,3,39,0.1804,0.0046,2.36,0.0109,2020-05-15,2020-05-15,0,0
KERALA,66,260.000 - 349.565,260.0,349.565,89.565,MALAPPURAM,1,4,56,4073,214.3112,0.0526,45.48,2.3928,2018-07-13,2024-11-29,2331,4
KERALA,66,349.190 - 411.845,349.19,411.845,62.655,THRISSUR,1,2,20,3638,205.7222,0.0565,58.06,3.2834,2019-04-04,2023-03-20,1446,4
KERALA,66,358.750 - 373.400,358.75,373.4,14.65,ALAPPUZHA,1,1,4,347,0.7517,0.0022,23.69,0.0513,2023-03-20,2025-04-15,757,2
KERALA,66,379.100 - 460.700,379.1,460.7,81.6,ALAPPUZHA,1,3,104,8064,106.72,0.0132,98.82,1.3078,2019-02-11,2024-01-05,1789,4
KERALA,66,411.845 - 438.600,411.845,438.6,26.755,ERNAKULAM,1,2,9,2952,32.0463,0.0109,110.33,1.1978,2021-01-13,2022-08-22,586,3
KERALA,66,460.700 - 517.000,460.7,517.0,56.3,KOLLAM,1,2,29,5538,58.9447,0.0106,98.37,1.047,2019-02-04,2025-03-12,2228,4
KERALA,66,517.000 - 551.900,517.0,551.9,34.9,THIRUVANANTHAPURAM,1,1,1,177,1.1386,0.0064,5.07,0.0326,2019-01-24,2019-01-24,0,0
KERALA,66,517.200 - 551.900,517.2,551.9,34.7,THIRUVANANTHAPURAM,1,3,16,2680,71.4552,0.0267,77.23,2.0592,2020-08-20,2024-01-18,1246,4
KERALA,66,547.080 - 548.200,547.08,548.2,1.12,THIRUVANANTHAPURAM,1,1,1,115,0.3545,0.0031,102.68,0.3165,2019-03-07,2019-06-20,105,0
KERALA,744,0.000 - 59.712,0.0,59.712,59.712,KOLLAM|THIRUVANANTHAPURAM,2,3,12,1608,102.0145,0.0634,26.93,1.7084,2023-03-01,2025-03-11,741,4
KERALA,85,98.527 - 151.613,98.527,151.613,53.086,ERNAKULAM,1,1,3,65,1.067,0.0164,1.22,0.0201,2024-01-17,2025-02-14,394,1
KERALA,966,87.000 - 133.720,87.0,133.72,46.72,PALAKKAD,1,2,11,267,4.2789,0.016,5.71,0.0916,2021-03-10,2021-03-10,0,1
KERALA,Greenfield Highway,0.000 - 61.440,0.0,61.44,61.44,PALAKKAD,1,2,32,3675,274.6092,0.0747,59.81,4.4696,2023-02-22,2025-01-31,709,3
KERALA,Greenfield Highway,114.400 - 121.006,114.4,121.006,6.606,KOZHIKODE,1,1,4,260,35.5231,0.1366,39.36,5.3774,2022-11-04,2024-08-14,649,3
KERALA,Greenfield Highway,61.440 - 114.400,61.44,114.4,52.96,MALAPPURAM,1,4,23,2668,239.2195,0.0897,50.38,4.517,2023-02-13,2023-03-27,42,2
KERALA,Ring Road,0.000 - 77.773,0.0,77.773,77.773,THIRUVANANTHAPURAM,1,5,11,2806,100.8724,0.0359,36.08,1.297,2023-03-31,2023-05-03,33,2
Ladakh,301,0.000 - 234.000,0.0,234.0,234.0,KARGIL,1,4,30,2886,46.3414,0.0161,12.33,0.198,2021-08-18,2024-12-27,1227,4
MADHYA PRADESH,12,10.400 - 14.920,10.4,14.92,4.52,JABALPUR,1,1,2,76,1.9411,0.0255,16.81,0.4294,2010-10-04,2012-03-16,529,1
MADHYA PRADESH,12,130.000 - 217.000,130.0,217.0,87.0,RAISEN,1,2,26,1654,35.511,0.0215,19.01,0.4082,2011-05-16,2018-07-06,2608,4
MADHYA PRADESH,12,14.920 - 65.120,14.92,65.12,50.2,JABALPUR,1,1,27,906,40.1379,0.0511,18.05,0.7996,2012-03-16,2012-03-16,0,2
MADHYA PRADESH,12,221.000 - 295.620,221.0,295.62,74.62,RAISEN,1,1,9,190,30.3374,0.1597,2.55,0.4066,2011-05-24,2011-05-24,0,1
MADHYA PRADESH,12,295.000 - 309.000,295.0,309.0,14.0,BHOPAL,1,1,1,1,0.085,0.085,0.07,0.0061,2016-04-05,2016-04-05,0,0
MADHYA PRADESH,12,295.562 - 301.100,295.562,301.1,5.538,BHOPAL,1,1,2,24,0.822,0.0342,4.33,0.1484,2016-04-04,2023-01-13,2475,2
MADHYA PRADESH,12,315.725 - 334.900,315.725,334.9,19.175,BHOPAL,1,1,6,64,3.808,0.0595,3.34,0.1986,2018-08-21,2019-08-05,349,0
MADHYA PRADESH,12,334.900 - 359.200,334.9,359.2,24.3,SEHORE,1,1,2,6,0.359,0.0598,0.25,0.0148,2020-01-15,2020-01-15,0,0
MADHYA PRADESH,12,359.200 - 400.100,359.2,400.1,40.9,RAJGARH,1,1,8,41,2.505,0.0611,1.0,0.0612,2020-01-15,2020-01-15,0,0
MADHYA PRADESH,12,400.100 - 421.775,400.1,421.775,21.675,RAJGARH,1,1,5,12,0.812,0.0677,0.55,0.0375,2019-12-27,2019-12-27,0,0
MADHYA PRADESH,12,65.120 - 103.020,65.12,103.02,37.9,NARSINGHPUR,1,1,2,21,2.128,0.1013,0.55,0.0561,2018-11-29,2018-11-29,0,0
MADHYA PRADESH,12A,11.560 - 476.500,11.56,476.5,464.94,JABALPUR,1,1,9,183,37.845,0.2068,0.39,0.0814,2011-11-25,2018-09-05,2476,3
MADHYA PRADESH,12A,171.400 - 184.400,171.4,184.4,13.0,MANDLA,1,1,17,781,104.614,0.1339,60.08,8.0472,2015-03-10,2023-04-05,2948,4
MADHYA PRADESH,12A,184.400 - 192.400,184.4,192.4,8.0,BALAGHAT,1,1,1,1,0.242,0.242,0.12,0.0302,2015-03-10,2015-03-10,0,0
MADHYA PRADESH,12A,20.000 - 22.800,20.0,22.8,2.8,JABALPUR,1,1,2,11,3.551,0.3228,3.93,1.2682,2015-02-02,2023-01-13,2902,2
MADHYA PRADESH,12A,22.800 - 76.800,22.8,76.8,54.0,MANDLA,1,1,24,1304,219.74,0.1685,24.15,4.0693,2015-02-02,2015-02-02,0,2
MADHYA PRADESH,12A,3.400 - 20.000,3.4,20.0,16.6,JABALPUR,1,1,9,350,86.4925,0.2471,21.08,5.2104,2011-11-25,2012-03-29,125,2
MADHYA PRADESH,12A,76.800 - 159.400,76.8,159.4,82.6,MANDLA,1,1,23,811,118.952,0.1467,9.82,1.4401,2015-02-02,2022-12-06,2864,4
MADHYA PRADESH,135B,15.100 - 36.710,15.1,36.71,21.61,REWA,1,1,1,29,1.336,0.0461,1.34,0.0618,2019-12-17,2019-12-17,0,0
MADHYA PRADESH,135BG,114.850 - 120.100,114.85,120.1,5.25,SATNA,1,1,9,253,31.802,0.1257,48.19,6.0575,2021-03-09,2022-06-03,451,3
MADHYA PRADESH,135BG,80.800 - 85.150,80.8,85.15,4.35,SATNA,1,1,7,131,16.1502,0.1233,30.11,3.7127,2021-03-15,2021-03-15,0,0
MADHYA PRADESH,135BG,85.150 - 114.850,85.15,114.85,29.7,SATNA,1,1,24,1364,142.4279,0.1044,45.93,4.7956,2021-03-11,2022-05-20,435,3
MADHYA PRADESH,146,0.000 - 0.915,0.0,0.915,0.915,BHOPAL,1,1,2,29,4.036,0.1392,31.69,4.4109,2025-01-03,2025-01-03,0,0
MADHYA PRADESH,146,0.000 - 1.900,0.0,1.9,1.9,BHOPAL,1,1,2,45,7.229,0.1606,23.68,3.8047,2025-02-21,2025-05-09,77,0
MADHYA PRADESH,146,0.915 - 8.825,0.915,8.825,7.91,BHOPAL,1,1,6,114,6.19,0.0543,14.41,0.7826,2023-08-21,2025-02-13,542,1
MADHYA PRADESH,146,108.115 - 149.141,108.115,149.141,41.026,SAGAR,1,1,14,445,63.608,0.1429,10.85,1.5504,2024-10-10,2025-02-17,130,2
MADHYA PRADESH,146,108.815 - 149.141,108.815,149.141,40.326,SAGAR,1,1,9,408,63.154,0.1548,10.12,1.5661,2021-12-17,2022-11-16,334,2
MADHYA PRADESH,146,12.100 - 18.600,12.1,18.6,6.5,SAGAR,1,1,2,65,17.802,0.2739,10.0,2.7388,2025-05-09,2025-05-09,0,0
MADHYA PRADESH,146,149.141 - 163.541,149.141,163.541,14.4,SAGAR,1,1,10,558,71.0837,0.1274,38.75,4.9364,2021-12-17,2022-11-24,342,2
MADHYA PRADESH,146,39.000 - 48.718,39.0,48.718,9.718,RAISEN,1,1,7,92,10.396,0.113,9.47,1.0698,2024-02-26,2025-03-12,380,1
MADHYA PRADESH,146,48.718 - 59.476,48.718,59.476,10.758,VIDISHA,1,1,4,48,3.5353,0.0737,4.46,0.3286,2022-11-16,2024-02-26,467,1
MADHYA PRADESH,146,48.718 - 71.615,48.718,71.615,22.897,VIDISHA,1,1,7,182,15.6369,0.0859,7.95,0.6829,2022-11-16,2022-11-16,0,0
MADHYA PRADESH,146,59.500 - 71.615,59.5,71.615,12.115,VIDISHA,1,1,9,341,37.07,0.1087,28.15,3.0598,2024-09-18,2024-09-18,0,2
MADHYA PRADESH,146,71.615 - 93.375,71.615,93.375,21.76,VIDISHA,1,2,11,614,64.084,0.1044,28.22,2.945,2024-09-18,2025-01-03,107,2
MADHYA PRADESH,146,8.825 - 48.718,8.825,48.718,39.893,RAISEN,1,1,24,661,83.4263,0.1262,16.57,2.0913,2022-11-16,2025-05-01,897,3
MADHYA PRADESH,146,93.375 - 96.570,93.375,96.57,3.195,VIDISHA,1,1,6,290,43.76,0.1509,90.77,13.6964,2024-09-18,2024-10-01,13,2
MADHYA PRADESH,146B,0.000 - 11.500,0.0,11.5,11.5,SEHORE,1,1,6,173,37.461,0.2165,15.04,3.2575,2021-01-21,2025-01-13,1453,3
MADHYA PRADESH,146B,0.000 - 17.000,0.0,17.0,17.0,DEWAS,1,1,6,398,52.6191,0.1322,23.41,3.0952,2025-04-16,2025-04-16,0,2
MADHYA PRADESH,146B,11.500 - 37.900,11.5,37.9,26.4,SEHORE,1,1,14,332,88.615,0.2669,12.58,3.3566,2021-03-23,2024-04-19,1123,4
MADHYA PRADESH,146B,135.200 - 150.712,135.2,150.712,15.512,RAISEN,1,1,8,344,39.587,0.1151,22.18,2.552,2024-03-15,2024-12-27,287,2
MADHYA PRADESH,146B,37.900 - 47.400,37.9,47.4,9.5,SEHORE,1,1,6,29,6.805,0.2347,3.05,0.7163,2020-01-30,2023-05-03,1189,2
MADHYA PRADESH,146B,48.800 - 135.200,48.8,135.2,86.4,SEHORE,1,1,13,578,94.0073,0.1626,6.69,1.088,2024-03-16,2025-03-12,361,2
MADHYA PRADESH,146B,73.750 - 102.000,73.75,102.0,28.25,SEHORE,1,1,16,603,138.1425,0.2291,21.35,4.89,2024-03-16,2025-05-09,419,3
MADHYA PRADESH,148N,0.000 - 84.840,0.0,84.84,84.84,Mandsaur,1,3,37,3308,866.8701,0.2621,38.99,10.2177,2018-11-12,2022-01-17,1162,4
MADHYA PRADESH,148N,100.600 - 191.000,100.6,191.0,90.4,RATLAM,1,1,15,1375,403.2457,0.2933,15.21,4.4607,2018-12-27,2022-05-04,1224,4
MADHYA PRADESH,148N,114.640 - 154.560,114.64,154.56,39.92,RATLAM,1,2,26,2110,528.918,0.2507,52.86,13.2494,2018-12-21,2022-05-04,1230,4
MADHYA PRADESH,148N,184.700 - 201.430,184.7,201.43,16.73,RATLAM,1,2,19,912,256.188,0.2809,54.51,15.3131,2018-11-12,2020-12-17,766,3
MADHYA PRADESH,148N,201.430 - 250.000,201.43,250.0,48.57,Jhabua,1,2,22,2668,470.196,0.1762,54.93,9.6808,2018-12-27,2022-03-29,1188,4
MADHYA PRADESH,148N,84.840 - 113.600,84.84,113.6,28.76,Mandsaur,1,2,24,2083,491.733,0.2361,72.43,17.0978,2019-01-04,2023-03-17,1533,4
MADHYA PRADESH,148NG,0.000 - 15.000,0.0,15.0,15.0,DEWAS,1,1,12,613,96.317,0.1571,40.87,6.4211,2019-04-02,2020-08-26,512,3
MADHYA PRADESH,148NG,0.000 - 41.420,0.0,41.42,41.42,DEWAS,1,1,8,127,4.755,0.0374,3.07,0.1148,2021-12-08,2023-05-03,511,1
MADHYA PRADESH,148NG,7.000 - 47.700,7.0,47.7,40.7,UJJAIN,1,1,20,1095,276.7747,0.2528,26.9,6.8004,2019-03-22,2021-09-15,908,3
MADHYA PRADESH,26A,0.000 - 29.100,0.0,29.1,29.1,SAGAR,1,1,14,209,18.9,0.0904,7.18,0.6495,2018-04-10,2018-08-31,143,1
MADHYA PRADESH,26A,14.094 - 15.536,14.094,15.536,1.442,SAGAR,1,1,3,65,9.1162,0.1402,45.08,6.3219,2018-09-12,2021-06-03,995,1
MADHYA PRADESH,26A,29.100 - 66.500,29.1,66.5,37.4,SAGAR,1,1,7,142,2.707,0.0191,3.8,0.0724,2018-05-24,2018-08-31,99,0
MADHYA PRADESH,26A,66.500 - 72.500,66.5,72.5,6.0,SAGAR,1,1,3,67,0.489,0.0073,11.17,0.0815,2018-04-10,2018-08-31,143,0
MADHYA PRADESH,27,45.600 - 67.300,45.6,67.3,21.7,REWA,1,1,5,92,6.1211,0.0665,4.24,0.2821,2012-04-20,2022-10-26,3841,2
MADHYA PRADESH,27,67.301 - 97.200,67.301,97.2,29.899,REWA,1,1,9,45,4.841,0.1076,1.51,0.1619,2012-10-24,2021-08-26,3228,2
MADHYA PRADESH,3,176.202 - 236.000,176.202,236.0,59.798,SHIVPURI,1,1,1,1,0.12,0.12,0.02,0.002,2018-06-29,2018-06-29,0,0
MADHYA PRADESH,3,239.937 - 294.190,239.937,294.19,54.253,SHIVPURI,1,1,1,1,0.01,0.01,0.02,0.0002,2018-09-28,2018-09-28,0,0
MADHYA PRADESH,3,370.950 - 404.220,370.95,404.22,33.27,GUNA,1,1,2,2,0.218,0.109,0.06,0.0066,2018-06-29,2018-06-29,0,0
MADHYA PRADESH,3,404.220 - 412.825,404.22,412.825,8.605,RAJGARH,1,1,2,4,0.274,0.0685,0.46,0.0318,2019-03-08,2019-03-08,0,0
MADHYA PRADESH,3,412.825 - 450.545,412.825,450.545,37.72,RAJGARH,1,1,6,9,0.1234,0.0137,0.24,0.0033,2018-06-29,2019-01-07,192,0
MADHYA PRADESH,3,450.545 - 489.540,450.545,489.54,38.995,RAJGARH,1,2,8,31,1.592,0.0514,0.79,0.0408,2018-12-28,2019-07-18,202,0
MADHYA PRADESH,3,489.540 - 516.315,489.54,516.315,26.775,SHAJAPUR,1,1,10,70,10.4057,0.1487,2.61,0.3886,2018-05-31,2019-03-08,281,0
MADHYA PRADESH,3,516.315 - 532.420,516.315,532.42,16.105,UJJAIN,1,1,3,22,1.144,0.052,1.37,0.071,2018-10-26,2020-07-28,641,1
MADHYA PRADESH,3,532.420 - 538.100,532.42,538.1,5.68,SHAJAPUR,1,1,1,3,0.19,0.0633,0.53,0.0335,2018-05-31,2018-05-31,0,0
MADHYA PRADESH,3,538.100 - 557.331,538.1,557.331,19.231,DEWAS,1,1,6,34,1.228,0.0361,1.77,0.0639,2018-08-02,2018-12-07,127,0
MADHYA PRADESH,30,194.210 - 228.976,194.21,228.976,34.766,REWA,1,2,5,8,0.288,0.036,0.23,0.0083,2012-09-04,2023-05-03,3893,2
MADHYA PRADESH,30,359.500 - 378.500,359.5,378.5,19.0,KATNI,1,1,2,5,1.52,0.304,0.26,0.08,2022-08-22,2022-08-22,0,0
MADHYA PRADESH,30,359.500 - 397.000,359.5,397.0,37.5,KATNI,1,1,1,1,0.02,0.02,0.03,0.0005,2012-05-01,2012-05-01,0,0
MADHYA PRADESH,30,436.000 - 453.900,436.0,453.9,17.9,JABALPUR,1,1,2,18,0.575,0.0319,1.01,0.0321,2012-03-29,2012-12-28,274,0
MADHYA PRADESH,34,122.600 - 135.900,122.6,135.9,13.3,CHHATARPUR,1,1,3,589,64.489,0.1095,44.29,4.8488,2023-09-22,2023-09-22,0,2
MADHYA PRADESH,34,135.900 - 170.700,135.9,170.7,34.8,CHHATARPUR,1,1,21,1514,181.836,0.1201,43.51,5.2252,2023-09-12,2023-09-12,0,2
MADHYA PRADESH,34,170.700 - 187.900,170.7,187.9,17.2,CHHATARPUR,1,1,6,746,96.506,0.1294,43.37,5.6108,2023-07-26,2023-07-26,0,2
MADHYA PRADESH,34,92.850 - 122.600,92.85,122.6,29.75,CHHATARPUR,1,1,22,1232,131.597,0.1068,41.41,4.4234,2023-09-12,2023-09-12,0,2
MADHYA PRADESH,346,0.000 - 15.850,0.0,15.85,15.85,VIDISHA,1,1,4,36,7.339,0.2039,2.27,0.463,2022-03-02,2022-06-03,93,0
MADHYA PRADESH,346,0.000 - 18.650,0.0,18.65,18.65,ASHOKNAGAR,1,1,6,183,38.5487,0.2106,9.81,2.067,2023-05-03,2024-03-12,314,1
MADHYA PRADESH,346,0.000 - 23.300,0.0,23.3,23.3,SEHORE,1,1,10,177,26.5079,0.1498,7.6,1.1377,2021-10-14,2022-06-30,259,1
MADHYA PRADESH,346,0.000 - 5.825,0.0,5.825,5.825,RAISEN,1,1,4,108,26.4054,0.2445,18.54,4.5331,2022-11-24,2025-01-03,771,2
MADHYA PRADESH,346,1.525 - 32.700,1.525,32.7,31.175,VIDISHA,1,1,17,706,142.366,0.2017,22.65,4.5667,2022-11-24,2024-10-11,687,3
MADHYA PRADESH,346,15.850 - 62.800,15.85,62.8,46.95,ASHOKNAGAR,1,1,16,285,69.7658,0.2448,6.07,1.486,2019-02-13,2024-02-16,1829,4
MADHYA PRADESH,346,18.650 - 48.450,18.65,48.45,29.8,SHIVPURI,1,1,16,594,82.8668,0.1395,19.93,2.7808,2023-09-01,2024-03-06,187,2
MADHYA PRADESH,346,23.300 - 50.600,23.3,50.6,27.3,BHOPAL,1,1,11,204,38.507,0.1888,7.47,1.4105,2021-07-30,2024-07-03,1069,3
MADHYA PRADESH,346,32.700 - 51.755,32.7,51.755,19.055,VIDISHA,1,1,10,471,93.7128,0.199,24.72,4.918,2022-12-02,2024-01-17,411,3
MADHYA PRADESH,346,48.450 - 82.300,48.45,82.3,33.85,SHIVPURI,1,1,13,677,91.391,0.135,20.0,2.6999,2023-09-01,2024-02-26,178,2
MADHYA PRADESH,346,50.600 - 87.900,50.6,87.9,37.3,VIDISHA,1,1,4,21,2.603,0.124,0.56,0.0698,2021-10-14,2024-07-29,1019,1
MADHYA PRADESH,346,51.755 - 66.375,51.755,66.375,14.62,VIDISHA,1,1,7,406,67.322,0.1658,27.77,4.6048,2022-12-01,2024-02-02,428,3
MADHYA PRADESH,346,62.800 - 68.400,62.8,68.4,5.6,ASHOKNAGAR,1,1,2,19,2.161,0.1137,3.39,0.3859,2019-02-18,2024-02-16,1824,2
MADHYA PRADESH,346,66.375 - 76.030,66.375,76.03,9.655,VIDISHA,1,1,4,217,45.944,0.2117,22.48,4.7586,2022-12-02,2024-04-26,511,3
MADHYA PRADESH,346,68.400 - 81.300,68.4,81.3,12.9,ASHOKNAGAR,1,1,6,128,19.916,0.1556,9.92,1.5439,2019-02-18,2024-02-06,1814,2
MADHYA PRADESH,346,82.300 - 96.877,82.3,96.877,14.577,SHIVPURI,1,1,6,91,3.225,0.0354,6.24,0.2212,2024-01-18,2024-04-10,83,0
MADHYA PRADESH,347-B,0.000 - 1.000,0.0,1.0,1.0,KHANDWA,1,1,1,36,4.0888,0.1136,36.0,4.0888,2025-02-13,2025-02-13,0,0
MADHYA PRADESH,347-B,0.000 - 18.950,0.0,18.95,18.95,BARWANI,1,1,7,73,2.705,0.0371,3.85,0.1427,2018-11-29,2025-05-01,2345,2
MADHYA PRADESH,347-B,114.000 - 133.600,114.0,133.6,19.6,KHANDWA,1,1,7,481,71.1494,0.1479,24.54,3.6301,2023-08-23,2024-08-02,345,2
MADHYA PRADESH,347-B,133.600 - 149.000,133.6,149.0,15.4,KHANDWA,1,1,8,415,60.28,0.1453,26.95,3.9143,2023-10-12,2024-12-04,419,3
MADHYA PRADESH,347-B,136.450 - 177.600,136.45,177.6,41.15,KHANDWA,1,1,15,651,147.2866,0.2262,15.82,3.5793,2022-10-06,2023-02-02,119,2
MADHYA PRADESH,347-B,18.950 - 42.800,18.95,42.8,23.85,BARWANI,1,1,4,56,10.431,0.1863,2.35,0.4374,2014-01-28,2023-07-04,3444,2
MADHYA PRADESH,347-B,89.900 - 114.000,89.9,114.0,24.1,KHANDWA,1,1,12,540,71.5041,0.1324,22.41,2.967,2024-03-14,2024-08-29,168,2
MADHYA PRADESH,347A,0.000 - 7.600,0.0,7.6,7.6,BETUL,1,1,4,160,4.268,0.0267,21.05,0.5616,2024-11-22,2024-11-22,0,0
MADHYA PRADESH,347A,7.600 - 23.900,7.6,23.9,16.3,BETUL,1,1,7,231,29.805,0.129,14.17,1.8285,2025-01-13,2025-01-13,0,2
MADHYA PRADESH,347BG,33.500 - 76.200,33.5,76.2,42.7,Khargone,1,1,25,1008,220.387,0.2186,23.61,5.1613,2018-06-01,2024-07-03,2224,4
MADHYA PRADESH,347BG,81.000 - 139.000,81.0,139.0,58.0,KHANDWA,1,2,8,39,4.996,0.135,0.67,0.0861,2018-06-01,2022-08-16,1537,2
MADHYA PRADESH,347BG,81.000 - 89.400,81.0,89.4,8.4,Khargone,1,1,2,184,30.783,0.1673,21.9,3.6646,2018-08-03,2020-12-31,881,2
MADHYA PRADESH,347C,0.000 - 43.600,0.0,43.6,43.6,Khargone,1,1,15,465,66.933,0.1439,10.67,1.5352,2019-09-12,2023-03-20,1285,4
MADHYA PRADESH,347C,43.600 - 54.300,43.6,54.3,10.7,Khargone,1,1,13,216,41.94,0.1942,20.19,3.9196,2019-02-12,2022-07-22,1256,4
MADHYA PRADESH,347C,54.300 - 74.600,54.3,74.6,20.3,Khargone,1,1,10,151,31.961,0.2117,7.44,1.5744,2019-02-12,2022-09-13,1309,3
MADHYA PRADESH,347C,74.600 - 90.900,74.6,90.9,16.3,Khargone,1,1,6,103,12.829,0.1246,6.32,0.7871,2019-02-12,2023-08-23,1653,2
MADHYA PRADESH,347C,90.900 - 136.350,90.9,136.35,45.45,Khargone,1,1,1,30,2.5,0.0833,0.66,0.055,2023-07-07,2023-07-07,0,0
MADHYA PRADESH,38,465.500 - 546.425,465.5,546.425,80.925,SEONI,1,1,3,6,0.228,0.038,0.07,0.0028,2011-12-14,2011-12-14,0,0
MADHYA PRADESH,39,0.000 - 3.550,0.0,3.55,3.55,SATNA,1,1,2,174,15.1274,0.0869,49.01,4.2612,2020-12-31,2023-02-17,778,1
MADHYA PRADESH,39,111.872 - 140.870,111.872,140.87,28.998,CHHATARPUR,1,1,2,7,0.804,0.1149,0.24,0.0277,2021-02-09,2021-02-09,0,0
MADHYA PRADESH,39,140.870 - 161.700,140.87,161.7,20.83,CHHATARPUR,1,1,1,22,6.545,0.2975,1.06,0.3142,2020-06-04,2020-06-04,0,0
MADHYA PRADESH,39,17.700 - 38.800,17.7,38.8,21.1,TIKAMGARH,1,1,7,158,12.717,0.0805,7.49,0.6027,2019-09-18,2022-08-22,1069,1
MADHYA PRADESH,39,286.200 - 287.450,286.2,287.45,1.25,SIDHI,1,1,1,36,5.0969,0.1416,28.8,4.0775,2025-04-16,2025-04-16,0,0
MADHYA PRADESH,39,3.550 - 13.000,3.55,13.0,9.45,REWA,1,1,6,443,39.8194,0.0899,46.88,4.2137,2020-12-31,2022-08-12,589,3
MADHYA PRADESH,39,3.920 - 9.500,3.92,9.5,5.58,TIKAMGARH,1,1,2,22,10.605,0.482,3.94,1.9005,2019-09-18,2022-08-22,1069,1
MADHYA PRADESH,39,76.300 - 111.872,76.3,111.872,35.572,CHHATARPUR,1,1,10,80,4.784,0.0598,2.25,0.1345,2019-09-18,2022-10-12,1120,2
MADHYA PRADESH,43 Ext,0.000 - 72.000,0.0,72.0,72.0,CHHATARPUR,1,1,16,319,43.744,0.1371,4.43,0.6076,2022-10-04,2025-04-02,911,3
MADHYA PRADESH,43 Ext,0.000 - 9.400,0.0,9.4,9.4,PANNA,1,1,4,308,14.3051,0.0464,32.77,1.5218,2019-09-06,2019-09-06,0,1
MADHYA PRADESH,43 Ext,108.000 - 137.000,108.0,137.0,29.0,PANNA,1,1,4,336,30.775,0.0916,11.59,1.0612,2019-09-06,2022-05-20,987,3
MADHYA PRADESH,43 Ext,137.000 - 157.300,137.0,157.3,20.3,PANNA,1,1,6,76,6.219,0.0818,3.74,0.3064,2019-10-29,2023-09-20,1422,2
MADHYA PRADESH,43 Ext,157.300 - 163.850,157.3,163.85,6.55,KATNI,1,1,1,17,1.595,0.0938,2.6,0.2435,2019-10-29,2019-10-29,0,0
MADHYA PRADESH,43 Ext,72.000 - 98.200,72.0,98.2,26.2,PANNA,1,1,6,78,9.909,0.127,2.98,0.3782,2019-07-18,2019-12-30,165,0
MADHYA PRADESH,43 Ext,98.200 - 119.650,98.2,119.65,21.45,PANNA,1,1,3,9,1.012,0.1124,0.42,0.0472,2019-09-06,2019-09-06,0,0
MADHYA PRADESH,44,60.240 - 108.050,60.24,108.05,47.81,MORENA,1,1,1,7,0.57,0.0814,0.15,0.0119,2019-12-26,2019-12-26,0,0
MADHYA PRADESH,45,0.000 - 24.200,0.0,24.2,24.2,DINDORI,1,1,6,69,2.016,0.0292,2.85,0.0833,2021-11-11,2022-10-04,327,0
MADHYA PRADESH,45,128.100 - 164.500,128.1,164.5,36.4,DINDORI,1,1,20,685,69.147,0.1009,18.82,1.8996,2021-12-01,2023-07-26,602,3
MADHYA PRADESH,45,17.900 - 23.000,17.9,23.0,5.1,JABALPUR,1,1,3,42,11.962,0.2848,8.24,2.3455,2021-12-13,2023-10-10,666,1
MADHYA PRADESH,45,21.700 - 38.000,21.7,38.0,16.3,JABALPUR,1,1,2,57,14.72,0.2582,3.5,0.9031,2021-12-02,2021-12-02,0,0
MADHYA PRADESH,45,23.000 - 38.000,23.0,38.0,15.0,JABALPUR,1,1,7,219,38.591,0.1762,14.6,2.5727,2021-12-02,2021-12-02,0,2
MADHYA PRADESH,45,24.200 - 77.000,24.2,77.0,52.8,DINDORI,1,1,34,690,61.742,0.0895,13.07,1.1694,2020-01-30,2023-09-04,1313,4
MADHYA PRADESH,45,39.500 - 84.000,39.5,84.0,44.5,JABALPUR,1,1,20,465,42.6149,0.0916,10.45,0.9576,2021-12-31,2023-01-13,378,3
MADHYA PRADESH,45,66.000 - 130.000,66.0,130.0,64.0,NARSINGHPUR,1,2,5,11,1.506,0.1506,0.17,0.0235,2010-10-12,2022-09-07,4348,2
MADHYA PRADESH,45,84.000 - 128.100,84.0,128.1,44.1,DINDORI,1,1,21,626,64.76,0.1035,14.2,1.4685,2021-11-11,2023-03-09,483,3
MADHYA PRADESH,47,0.000 - 11.450,0.0,11.45,11.45,HARDA,1,1,4,269,61.5231,0.2287,23.49,5.3732,2020-02-18,2022-12-01,1017,3
MADHYA PRADESH,47,109.700 - 109.925,109.7,109.925,0.225,BETUL,1,1,1,4,0.3945,0.0986,17.78,1.7533,2018-09-28,2018-09-28,0,0
MADHYA PRADESH,47,13.550 - 34.100,13.55,34.1,20.55,HARDA,1,1,9,477,105.7574,0.2217,23.21,5.1463,2019-03-08,2024-05-21,1901,4
MADHYA PRADESH,47,30.000 - 63.000,30.0,63.0,33.0,DEWAS,1,1,14,1227,176.4021,0.1438,37.18,5.3455,2022-11-07,2025-01-03,788,3
MADHYA PRADESH,47,30.000 - 81.000,30.0,81.0,51.0,BETUL,1,1,22,1329,122.1337,0.0919,26.06,2.3948,2018-08-30,2024-05-08,2078,4
MADHYA PRADESH,47,59.500 - 96.150,59.5,96.15,36.65,BETUL,1,2,13,46,2.4708,0.0537,1.26,0.0674,2023-03-10,2023-03-10,0,0
MADHYA PRADESH,47,63.000 - 100.200,63.0,100.2,37.2,DEWAS,1,1,3,29,1.62,0.0559,0.78,0.0435,2021-08-13,2024-10-25,1169,2
MADHYA PRADESH,47,7.400 - 13.550,7.4,13.55,6.15,HARDA,1,1,2,114,33.2614,0.2918,18.54,5.4084,2019-03-08,2022-09-21,1293,3
MADHYA PRADESH,47,96.150 - 121.518,96.15,121.518,25.368,BETUL,1,1,15,920,140.8572,0.1531,36.27,5.5526,2018-08-30,2021-08-31,1097,4
MADHYA PRADESH,52,557.331 - 566.450,557.331,566.45,9.119,DEWAS,1,1,4,32,0.674,0.0211,3.51,0.0739,2018-08-14,2018-12-07,115,0
MADHYA PRADESH,52,59.480 - 65.810,59.48,65.81,6.33,Khargone,1,1,2,27,9.404,0.3483,4.27,1.4856,2022-01-13,2023-02-16,399,1
MADHYA PRADESH,543,0.000 - 17.300,0.0,17.3,17.3,MANDLA,1,1,12,557,57.119,0.1025,32.2,3.3017,2024-09-03,2025-04-02,211,2
MADHYA PRADESH,543,0.000 - 25.000,0.0,25.0,25.0,MANDLA,1,1,14,207,24.971,0.1206,8.28,0.9988,2021-10-14,2022-10-04,355,2
MADHYA PRADESH,543,0.000 - 5.900,0.0,5.9,5.9,BALAGHAT,1,1,5,180,30.1203,0.1673,30.51,5.1051,2023-01-04,2024-01-10,371,2
MADHYA PRADESH,543,0.000 - 7.300,0.0,7.3,7.3,SHAHDOL,1,1,8,230,15.131,0.0658,31.51,2.0727,2023-08-23,2023-08-23,0,1
MADHYA PRADESH,543,10.300 - 40.500,10.3,40.5,30.2,SHAHDOL,1,1,19,637,41.454,0.0651,21.09,1.3726,2023-08-23,2024-03-12,202,2
MADHYA PRADESH,543,105.800 - 199.200,105.8,199.2,93.4,DINDORI,1,1,2,20,0.556,0.0278,0.21,0.006,2024-11-22,2024-11-22,0,0
MADHYA PRADESH,543,11.200 - 16.300,11.2,16.3,5.1,BALAGHAT,1,1,5,324,20.628,0.0637,63.53,4.0447,2021-12-03,2024-01-10,768,3
MADHYA PRADESH,543,16.300 - 29.700,16.3,29.7,13.4,BALAGHAT,1,1,9,817,41.9753,0.0514,60.97,3.1325,2021-12-28,2024-01-10,743,3
MADHYA PRADESH,543,17.300 - 53.700,17.3,53.7,36.4,MANDLA,1,1,19,583,87.8377,0.1507,16.02,2.4131,2024-10-25,2025-01-28,95,2
MADHYA PRADESH,543,25.000 - 67.200,25.0,67.2,42.2,MANDLA,1,1,12,285,28.346,0.0995,6.75,0.6717,2021-11-01,2022-07-20,261,2
MADHYA PRADESH,543,40.700 - 71.000,40.7,71.0,30.3,ANUPPUR,1,1,12,636,76.11,0.1197,20.99,2.5119,2024-02-02,2024-03-12,39,2
MADHYA PRADESH,543,5.900 - 13.800,5.9,13.8,7.9,BALAGHAT,1,1,4,232,33.6836,0.1452,29.37,4.2637,2022-01-07,2024-01-10,733,3
MADHYA PRADESH,543,67.200 - 91.700,67.2,91.7,24.5,DINDORI,1,1,14,171,8.347,0.0488,6.98,0.3407,2021-11-11,2023-07-05,601,1
MADHYA PRADESH,543,71.100 - 77.200,71.1,77.2,6.1,DINDORI,1,1,4,128,6.511,0.0509,20.98,1.0674,2023-01-25,2024-03-06,406,1
MADHYA PRADESH,552 Ex.,0.000 - 36.900,0.0,36.9,36.9,SHEOPUR,1,1,18,546,76.2849,0.1397,14.8,2.0673,2022-03-24,2022-07-20,118,2
MADHYA PRADESH,552 Ex.,0.000 - 46.400,0.0,46.4,46.4,BHIND,1,1,3,206,23.773,0.1154,4.44,0.5123,2019-10-29,2023-10-03,1435,4
MADHYA PRADESH,552 Ex.,112.200 - 165.860,112.2,165.86,53.66,MORENA,1,1,27,946,109.465,0.1157,17.63,2.04,2022-12-27,2023-07-04,189,2
MADHYA PRADESH,552 Ex.,238.950 - 264.950,238.95,264.95,26.0,MORENA,1,1,14,582,76.256,0.131,22.38,2.9329,2019-08-27,2023-01-06,1228,4
MADHYA PRADESH,552 Ex.,264.950 - 287.300,264.95,287.3,22.35,MORENA,1,1,9,288,30.842,0.1071,12.89,1.38,2019-06-17,2025-01-16,2040,4
MADHYA PRADESH,552 Ex.,287.300 - 310.100,287.3,310.1,22.8,MORENA,1,1,8,339,17.4915,0.0516,14.87,0.7672,2019-08-09,2025-12-07,2312,3
MADHYA PRADESH,552 Ex.,310.100 - 344.100,310.1,344.1,34.0,BHIND,1,1,18,288,21.682,0.0753,8.47,0.6377,2019-08-20,2022-05-02,986,3
MADHYA PRADESH,552 Ex.,343.800 - 361.730,343.8,361.73,17.93,BHIND,1,1,17,723,93.971,0.13,40.32,5.241,2019-11-20,2023-07-04,1322,4
MADHYA PRADESH,552 Ex.,36.540 - 40.230,36.54,40.23,3.69,BHIND,1,1,17,379,51.8055,0.1367,102.71,14.0394,2019-03-06,2024-03-06,1827,4
MADHYA PRADESH,552 Ex.,36.900 - 78.500,36.9,78.5,41.6,SHEOPUR,1,1,8,94,90.972,0.9678,2.26,2.1868,2022-03-02,2022-03-02,0,1
MADHYA PRADESH,552 Ex.,70.525 - 78.400,70.525,78.4,7.875,DATIA,1,1,11,340,42.0495,0.1237,43.17,5.3396,2019-03-08,2023-10-03,1670,4
MADHYA PRADESH,552 Ex.,78.500 - 129.500,78.5,129.5,51.0,SHEOPUR,1,1,17,316,85.451,0.2704,6.2,1.6755,2022-05-30,2023-01-05,220,2
MADHYA PRADESH,552G,143.900 - 191.600,143.9,191.6,47.7,AGAR MALWA,1,1,5,43,5.292,0.1231,0.9,0.1109,2021-02-23,2024-08-20,1274,2
MADHYA PRADESH,552G,65.000 - 81.300,65.0,81.3,16.3,UJJAIN,1,1,3,29,3.07,0.1059,1.78,0.1883,2021-02-26,2023-05-03,796,1
MADHYA PRADESH,552G,81.300 - 90.400,81.3,90.4,9.1,UJJAIN,1,1,1,8,0.65,0.0812,0.88,0.0714,2021-02-09,2021-02-09,0,0
MADHYA PRADESH,56,0.000 - 0.800,0.0,0.8,0.8,ALIRAJPUR,1,1,1,13,1.062,0.0817,16.25,1.3275,2025-01-15,2025-01-15,0,0
MADHYA PRADESH,56,0.800 - 8.150,0.8,8.15,7.35,ALIRAJPUR,1,1,4,220,10.66,0.0485,29.93,1.4503,2025-01-15,2025-01-15,0,1
MADHYA PRADESH,56,8.150 - 27.700,8.15,27.7,19.55,ALIRAJPUR,1,1,10,649,38.152,0.0588,33.2,1.9515,2024-01-15,2024-01-15,0,2
MADHYA PRADESH,59A,0.000 - 19.000,0.0,19.0,19.0,INDORE,1,1,8,404,106.373,0.2633,21.26,5.5986,2021-06-11,2021-10-12,123,2
MADHYA PRADESH,59A,100.200 - 126.000,100.2,126.0,25.8,DEWAS,1,1,12,242,20.2665,0.0837,9.38,0.7855,2022-03-11,2025-01-30,1056,3
MADHYA PRADESH,59A,100.200 - 126.200,100.2,126.2,26.0,DEWAS,1,1,12,726,86.197,0.1187,27.92,3.3153,2018-06-01,2018-06-29,28,2
MADHYA PRADESH,59A,126.000 - 139.000,126.0,139.0,13.0,HARDA,1,1,9,299,50.0857,0.1675,23.0,3.8527,2018-05-17,2018-05-17,0,2
MADHYA PRADESH,59A,127.000 - 142.445,127.0,142.445,15.445,HARDA,1,2,10,109,10.6168,0.0974,7.06,0.6874,2022-12-29,2024-12-13,715,1
MADHYA PRADESH,59A,139.000 - 142.000,139.0,142.0,3.0,HARDA,1,1,2,48,7.583,0.158,16.0,2.5277,2018-05-14,2018-05-14,0,0
MADHYA PRADESH,59A,182.000 - 266.600,182.0,266.6,84.6,BETUL,1,2,27,1322,37.3586,0.0283,15.63,0.4416,2018-04-10,2018-08-30,142,2
MADHYA PRADESH,59A,19.000 - 29.130,19.0,29.13,10.13,DEWAS,1,1,6,287,59.102,0.2059,28.33,5.8344,2021-06-17,2021-06-17,0,2
MADHYA PRADESH,59A,29.300 - 30.520,29.3,30.52,1.22,DEWAS,1,1,2,33,5.5712,0.1688,27.05,4.5666,2023-01-05,2023-01-05,0,0
MADHYA PRADESH,59A,63.000 - 100.200,63.0,100.2,37.2,DEWAS,1,1,4,144,28.92,0.2008,3.87,0.7774,2018-06-01,2018-06-01,0,1
MADHYA PRADESH,59A,63.550 - 95.000,63.55,95.0,31.45,DEWAS,1,1,15,909,167.3403,0.1841,28.9,5.3208,2022-11-29,2025-01-09,772,3
MADHYA PRADESH,69,2.800 - 63.000,2.8,63.0,60.2,SEHORE,1,1,2,2,1.465,0.7325,0.03,0.0243,2022-08-31,2022-08-31,0,0
MADHYA PRADESH,69,45.600 - 63.000,45.6,63.0,17.4,HOSHANGABAD(Narmadapuram),1,1,1,2,0.46,0.23,0.11,0.0264,2023-02-13,2023-02-13,0,0
MADHYA PRADESH,69,84.200 - 128.500,84.2,128.5,44.3,BETUL,1,1,2,49,3.804,0.0776,1.11,0.0859,2019-06-26,2019-07-02,6,0
MADHYA PRADESH,7,140.600 - 194.210,140.6,194.21,53.61,REWA,1,2,31,500,4.171,0.0083,9.33,0.0778,2012-09-04,2023-09-04,4017,3
MADHYA PRADESH,7,245.650 - 350.000,245.65,350.0,104.35,SATNA,1,1,3,63,1.485,0.0236,0.6,0.0142,2018-06-05,2018-06-05,0,0
MADHYA PRADESH,7,624.480 - 653.225,624.48,653.225,28.745,SEONI,1,1,2,102,3.789,0.0371,3.55,0.1318,2019-01-24,2021-01-21,728,1
MADHYA PRADESH,75,111.800 - 124.650,111.8,124.65,12.85,SINGRAULI,1,1,9,29,2.351,0.0811,2.26,0.183,2013-06-20,2021-10-29,3053,2
MADHYA PRADESH,75,124.650 - 162.000,124.65,162.0,37.35,SINGRAULI,1,1,10,77,1.8758,0.0257,2.06,0.0502,2013-06-20,2021-10-29,3053,2
MADHYA PRADESH,75,155.000 - 172.900,155.0,172.9,17.9,SATNA,1,1,1,8,0.401,0.0501,0.45,0.0224,2015-12-07,2015-12-07,0,0
MADHYA PRADESH,75,173.100 - 182.300,173.1,182.3,9.2,SINGRAULI,1,1,2,3,0.04,0.0133,0.33,0.0043,2013-06-20,2013-06-20,0,0
MADHYA PRADESH,75,55.400 - 83.400,55.4,83.4,28.0,SIDHI,1,1,2,2,0.387,0.1935,0.07,0.0138,2015-12-11,2016-11-29,354,0
MADHYA PRADESH,75,82.400 - 87.300,82.4,87.3,4.9,SIDHI,1,1,2,2,0.136,0.068,0.41,0.0278,2013-06-20,2016-02-01,956,1
MADHYA PRADESH,75,87.300 - 111.800,87.3,111.8,24.5,SIDHI,1,1,3,3,0.087,0.029,0.12,0.0036,2013-06-20,2016-02-01,956,1
MADHYA PRADESH,752-B,0.000 - 19.000,0.0,19.0,19.0,RAJGARH,1,1,4,203,22.171,0.1092,10.68,1.1669,2022-11-24,2022-12-26,32,2
MADHYA PRADESH,752-B,0.000 - 32.100,0.0,32.1,32.1,RAJGARH,1,1,12,273,25.491,0.0934,8.5,0.7941,2018-12-21,2023-03-22,1552,4
MADHYA PRADESH,752-B,0.000 - 8.350,0.0,8.35,8.35,RAJGARH,1,1,2,29,2.967,0.1023,3.47,0.3553,2021-12-08,2024-12-27,1115,2
MADHYA PRADESH,752-B,19.000 - 29.567,19.0,29.567,10.567,RAJGARH,1,1,3,229,31.823,0.139,21.67,3.0115,2022-02-11,2023-12-29,686,3
MADHYA PRADESH,752-B,32.100 - 42.000,32.1,42.0,9.9,GUNA,1,1,5,150,7.153,0.0477,15.15,0.7225,2018-12-21,2021-12-30,1105,2
MADHYA PRADESH,752-B,42.000 - 74.600,42.0,74.6,32.6,VIDISHA,1,1,10,94,8.003,0.0851,2.88,0.2455,2018-12-27,2019-10-17,294,0
MADHYA PRADESH,752-B,74.600 - 92.640,74.6,92.64,18.04,VIDISHA,1,1,6,80,7.677,0.096,4.43,0.4256,2018-12-27,2019-12-26,364,0
MADHYA PRADESH,752-B,8.350 - 40.300,8.35,40.3,31.95,AGAR MALWA,1,1,13,392,17.399,0.0444,12.27,0.5446,2020-12-08,2024-07-24,1324,3
MADHYA PRADESH,752-C,0.000 - 12.200,0.0,12.2,12.2,RAJGARH,1,1,7,142,23.119,0.1628,11.64,1.895,2021-07-29,2022-10-07,435,2
MADHYA PRADESH,752-C,0.000 - 25.300,0.0,25.3,25.3,RAJGARH,1,1,5,76,2.831,0.0372,3.0,0.1119,2019-03-22,2022-03-10,1084,1
MADHYA PRADESH,752-C,12.200 - 25.000,12.2,25.0,12.8,RAJGARH,1,1,3,256,21.298,0.0832,20.0,1.6639,2022-10-04,2022-10-06,2,2
MADHYA PRADESH,752-C,25.000 - 34.200,25.0,34.2,9.2,RAJGARH,1,1,1,32,0.759,0.0237,3.48,0.0825,2019-10-29,2022-02-11,836,1
MADHYA PRADESH,752-C,25.300 - 65.500,25.3,65.5,40.2,SHAJAPUR,1,2,7,359,47.792,0.1331,8.93,1.1889,2019-02-05,2024-12-10,2135,4
MADHYA PRADESH,752-C,44.100 - 52.230,44.1,52.23,8.13,RAJGARH,1,1,1,165,21.818,0.1322,20.3,2.6836,2022-02-11,2022-06-30,139,1
MADHYA PRADESH,752-C,52.000 - 58.800,52.0,58.8,6.8,RAJGARH,1,1,5,204,35.757,0.1753,30.0,5.2584,2022-10-04,2025-03-26,904,3
MADHYA PRADESH,752-C,65.500 - 89.877,65.5,89.877,24.377,SEHORE,1,1,10,185,36.2166,0.1958,7.59,1.4857,2019-07-18,2021-10-29,834,2
MADHYA PRADESH,752D,0.000 - 18.000,0.0,18.0,18.0,UJJAIN,1,3,12,395,80.046,0.2026,21.94,4.447,2020-11-13,2022-11-16,733,3
MADHYA PRADESH,752D,117.000 - 135.900,117.0,135.9,18.9,Mandsaur,1,2,12,718,132.597,0.1847,37.99,7.0157,2021-02-16,2023-10-26,982,3
MADHYA PRADESH,752D,18.000 - 29.800,18.0,29.8,11.8,UJJAIN,1,1,10,486,103.13,0.2122,41.19,8.7398,2020-12-03,2022-12-29,756,3
MADHYA PRADESH,752D,26.900 - 47.400,26.9,47.4,20.5,UJJAIN,1,1,8,32,4.222,0.1319,1.56,0.206,2022-11-07,2023-07-05,240,0
MADHYA PRADESH,752D,29.800 - 72.000,29.8,72.0,42.2,UJJAIN,1,1,20,1275,271.889,0.2132,30.21,6.4429,2020-12-08,2024-11-27,1450,4
MADHYA PRADESH,752D,47.700 - 86.500,47.7,86.5,38.8,UJJAIN,1,1,16,504,76.5387,0.1519,12.99,1.9726,2021-12-17,2023-07-18,578,3
MADHYA PRADESH,752D,71.900 - 89.200,71.9,89.2,17.3,AGAR MALWA|UJJAIN,2,2,11,534,103.138,0.1931,30.87,5.9617,2020-12-24,2023-12-29,1100,5
MADHYA PRADESH,752D,83.400 - 96.000,83.4,96.0,12.6,DHAR,1,1,5,40,6.02,0.1505,3.17,0.4778,2022-11-07,2024-07-12,613,1
MADHYA PRADESH,752D,97.500 - 117.000,97.5,117.0,19.5,Mandsaur,1,1,9,674,130.146,0.1931,34.56,6.6742,2021-05-10,2024-10-30,1269,4
MADHYA PRADESH,753L,139.000 - 142.120,139.0,142.12,3.12,KHANDWA,1,1,1,9,2.9671,0.3297,2.88,0.951,2022-10-12,2022-10-12,0,0
MADHYA PRADESH,753L,142.120 - 174.400,142.12,174.4,32.28,BURHANPUR,1,1,7,270,75.2302,0.2786,8.36,2.3306,2022-09-22,2024-03-11,536,3
MADHYA PRADESH,753L,174.400 - 200.610,174.4,200.61,26.21,BURHANPUR,1,1,10,661,143.5314,0.2171,25.22,5.4762,2022-11-04,2022-11-04,0,2
MADHYA PRADESH,753L,76.200 - 81.000,76.2,81.0,4.8,KHANDWA,1,1,11,661,113.724,0.172,137.71,23.6925,2018-06-01,2020-10-22,874,3
MADHYA PRADESH,753L,89.400 - 142.000,89.4,142.0,52.6,KHANDWA,1,1,10,932,113.591,0.1219,17.72,2.1595,2018-06-01,2020-10-20,872,3
MADHYA PRADESH,75E,0.000 - 7.000,0.0,7.0,7.0,REWA,1,1,1,1,0.016,0.016,0.14,0.0023,2015-12-11,2015-12-11,0,0
MADHYA PRADESH,75E,7.000 - 28.000,7.0,28.0,21.0,REWA,1,1,1,1,0.073,0.073,0.05,0.0035,2015-12-11,2015-12-11,0,0
MADHYA PRADESH,76,0.000 - 9.500,0.0,9.5,9.5,CHHATARPUR,1,1,6,326,42.595,0.1307,34.32,4.4837,2022-06-23,2022-06-23,0,2
MADHYA PRADESH,78,0.000 - 37.000,0.0,37.0,37.0,KATNI,1,2,9,84,11.542,0.1374,2.27,0.3119,2015-02-02,2020-03-02,1855,2
MADHYA PRADESH,78,100.300 - 132.800,100.3,132.8,32.5,UMARIA,1,1,7,29,4.37,0.1507,0.89,0.1345,2015-02-20,2020-07-10,1967,2
MADHYA PRADESH,78,132.800 - 162.300,132.8,162.3,29.5,SHAHDOL,1,1,7,65,4.2294,0.0651,2.2,0.1434,2015-02-20,2024-01-10,3246,2
MADHYA PRADESH,78,142.000 - 234.000,142.0,234.0,92.0,ANUPPUR,1,1,4,32,1.972,0.0616,0.35,0.0214,2016-07-11,2023-10-10,2647,2
MADHYA PRADESH,78,37.000 - 70.000,37.0,70.0,33.0,UMARIA,1,2,7,68,0.984,0.0145,2.06,0.0298,2015-02-02,2020-06-09,1954,2
MADHYA PRADESH,78,70.100 - 77.500,70.1,77.5,7.4,UMARIA,1,1,2,38,2.982,0.0785,5.14,0.403,2019-07-31,2020-07-31,366,1
MADHYA PRADESH,86,8.000 - 17.700,8.0,17.7,9.7,SAGAR,1,1,3,185,6.8182,0.0369,19.07,0.7029,2022-08-02,2022-08-02,0,0
MADHYA PRADESH,86Ext,0.000 - 53.775,0.0,53.775,53.775,RAISEN,1,1,1,13,8.208,0.6314,0.24,0.1526,2018-08-21,2018-08-21,0,0
MADHYA PRADESH,86Ext,115.100 - 136.800,115.1,136.8,21.7,VIDISHA,1,1,3,21,1.743,0.083,0.97,0.0803,2018-05-24,2018-08-30,98,0
MADHYA PRADESH,86Ext,135.800 - 174.600,135.8,174.6,38.8,SAGAR,1,2,4,29,2.769,0.0955,0.75,0.0714,2018-08-30,2018-08-31,1,0
MADHYA PRADESH,86Ext,145.550 - 145.890,145.55,145.89,0.34,SAGAR,1,1,1,1,0.23,0.23,2.94,0.6765,2018-06-18,2018-06-18,0,0
MADHYA PRADESH,86Ext,96.500 - 115.100,96.5,115.1,18.6,VIDISHA,1,2,5,56,10.331,0.1845,3.01,0.5554,2018-05-24,2018-10-24,153,0
MADHYA PRADESH,92,0.000 - 22.000,0.0,22.0,22.0,GWALIOR,1,1,1,1,0.021,0.021,0.05,0.001,2012-11-16,2012-11-16,0,0
MADHYA PRADESH,92,78.100 - 78.600,78.1,78.6,0.5,BHIND,1,1,1,4,0.7813,0.1953,8.0,1.5626,2022-10-06,2022-10-06,0,0
MADHYA PRADESH,934,17.700 - 38.500,17.7,38.5,20.8,SAGAR,1,1,13,737,102.2871,0.1388,35.43,4.9176,2018-06-01,2022-08-16,1537,4
MADHYA PRADESH,934,38.500 - 52.900,38.5,52.9,14.4,SAGAR,1,1,8,458,52.0392,0.1136,31.81,3.6138,2018-06-01,2022-08-16,1537,4
MADHYA PRADESH,934,52.900 - 55.100,52.9,55.1,2.2,CHHATARPUR,1,1,3,64,14.635,0.2287,29.09,6.6523,2022-11-07,2023-09-12,309,0
MADHYA PRADESH,934,55.100 - 75.200,55.1,75.2,20.1,SAGAR,1,1,8,613,121.898,0.1989,30.5,6.0646,2022-10-12,2022-11-30,49,2
MADHYA PRADESH,934,75.200 - 78.900,75.2,78.9,3.7,CHHATARPUR,1,1,1,30,3.796,0.1265,8.11,1.0259,2023-09-12,2023-09-12,0,0
MADHYA PRADESH,934,8.000 - 17.700,8.0,17.7,9.7,SAGAR,1,1,4,491,43.776,0.0892,50.62,4.513,2018-06-01,2018-06-01,0,2
MADHYA PRADESH,934,86.800 - 92.850,86.8,92.85,6.05,CHHATARPUR,1,1,5,228,52.2461,0.2291,37.69,8.6357,2022-11-07,2024-01-31,450,3
MADHYA PRADESH,943,42.900 - 66.320,42.9,66.32,23.42,SATNA,1,1,14,500,43.7271,0.0875,21.35,1.8671,2020-06-17,2023-03-10,996,3
MADHYA PRADESH,943,9.400 - 42.900,9.4,42.9,33.5,PANNA,1,1,10,206,19.657,0.0954,6.15,0.5868,2019-07-18,2019-07-18,0,1
MADHYA PRADESH,Connecting Bypass,0.250 - 21.200,0.25,21.2,20.95,GWALIOR,1,1,10,632,87.7915,0.1389,30.17,4.1905,2025-03-13,2025-03-27,14,2
MADHYA PRADESH,Connecting Bypass,21.000 - 28.516,21.0,28.516,7.516,GWALIOR,1,1,2,106,14.4047,0.1359,14.1,1.9165,2025-03-13,2025-03-13,0,0
MADHYA PRADESH,Greenfield Highway,46.650 - 55.750,46.65,55.75,9.1,MORENA,1,1,3,145,29.8601,0.2059,15.93,3.2813,2024-08-22,2024-12-27,127,1
MADHYA PRADESH,Greenfield Highway,55.750 - 88.200,55.75,88.2,32.45,MORENA,1,2,22,1401,220.2445,0.1572,43.17,6.7872,2024-08-22,2025-02-28,190,2
MADHYA PRADESH,Greenfield Highway,88.200 - 88.437,88.2,88.437,0.237,GWALIOR,1,1,1,41,5.0114,0.1222,173.0,21.1451,2024-08-29,2024-11-27,90,0
MADHYA PRADESH,Newly Proposed,2.500 - 33.500,2.5,33.5,31.0,INDORE,1,2,10,561,75.8114,0.1351,18.1,2.4455,2020-01-24,2024-01-10,1447,4
MADHYA PRADESH,Newly Proposed,47.700 - 86.500,47.7,86.5,38.8,UJJAIN,1,1,15,745,164.6004,0.2209,19.2,4.2423,2018-05-31,2018-05-31,0,2
MADHYA PRADESH,Newly Proposed,58.500 - 62.500,58.5,62.5,4.0,KHANDWA,1,1,3,105,20.643,0.1966,26.25,5.1608,2020-01-24,2020-01-24,0,1
MADHYA PRADESH,Newly Proposed,86.500 - 120.700,86.5,120.7,34.2,DHAR,1,1,5,307,103.4731,0.337,8.98,3.0255,2018-06-29,2021-08-25,1153,4
MADHYA PRADESH,Ring Road,0.000 - 108.770,0.0,108.77,108.77,JABALPUR,1,2,37,1279,231.4932,0.181,11.76,2.1283,2023-01-04,2024-11-22,688,3
MADHYA PRADESH,Ring Road,16.000 - 22.400,16.0,22.4,6.4,JABALPUR,1,1,2,19,11.024,0.5802,2.97,1.7225,2022-12-27,2022-12-27,0,0
MADHYA PRADESH,Ring Road,2.900 - 19.050,2.9,19.05,16.15,JABALPUR,1,1,1,7,0.335,0.0479,0.43,0.0207,2024-04-10,2024-04-10,0,0
MADHYA PRADESH,Ring Road,20.870 - 40.400,20.87,40.4,19.53,INDORE,1,1,12,399,174.3415,0.4369,20.43,8.9269,2024-03-11,2024-11-19,253,2
MADHYA PRADESH,Ring Road,22.400 - 63.000,22.4,63.0,40.6,JABALPUR,1,1,10,268,80.7565,0.3013,6.6,1.9891,2023-01-04,2024-04-19,471,3
MADHYA PRADESH,Ring Road,3.600 - 8.800,3.6,8.8,5.2,DHAR,1,1,5,322,59.3055,0.1842,61.92,11.4049,2024-04-26,2024-04-26,0,2
MADHYA PRADESH,Ring Road,40.400 - 64.000,40.4,64.0,23.6,INDORE,1,1,9,654,242.1721,0.3703,27.71,10.2615,2024-03-11,2024-11-19,253,2
MADHYA PRADESH,Ring Road,63.000 - 76.000,63.0,76.0,13.0,JABALPUR,1,1,11,270,92.177,0.3414,20.77,7.0905,2023-01-19,2024-03-11,417,3
MADHYA PRADESH,Ring Road,75.480 - 98.950,75.48,98.95,23.47,JABALPUR,1,1,8,96,4.896,0.051,4.09,0.2086,2024-03-12,2024-03-12,0,0
MADHYA PRADESH,Ring Road,76.000 - 89.200,76.0,89.2,13.2,JABALPUR,1,1,9,387,80.499,0.208,29.32,6.0984,2023-01-04,2024-02-26,418,3
MADHYA PRADESH,Ring Road,8.800 - 20.870,8.8,20.87,12.07,INDORE,1,1,5,235,95.4339,0.4061,19.47,7.9067,2024-03-11,2024-11-14,248,2
MADHYA PRADESH,Ring Road,98.940 - 113.925,98.94,113.925,14.985,JABALPUR,1,1,4,73,28.806,0.3946,4.87,1.9223,2024-05-24,2024-05-24,0,1
MADHYA PRADESH,Ring Road,98.940 - 116.915,98.94,116.915,17.975,JABALPUR,1,1,8,325,72.2778,0.2224,18.08,4.021,2024-08-20,2024-08-20,0,2
MANIPUR,102,421.800 - 425.411,421.8,425.411,3.611,Tengnoupal,1,1,1,141,4.2593,0.0302,39.05,1.1795,2020-05-20,2020-05-20,0,0
MANIPUR,102A,0.000 - 3.000,0.0,3.0,3.0,UKHRUL,1,1,1,60,5.7667,0.0961,20.0,1.9222,2025-01-27,2025-01-27,0,0
MANIPUR,102A,0.000 - 9.450,0.0,9.45,9.45,UKHRUL,1,1,2,81,24.1893,0.2986,8.57,2.5597,2024-02-12,2024-03-06,23,1
MANIPUR,102A,145.000 - 202.000,145.0,202.0,57.0,Tengnoupal,1,2,22,78,133.676,1.7138,1.37,2.3452,2025-02-28,2025-02-28,0,1
MANIPUR,102A,3.000 - 145.000,3.0,145.0,142.0,Kamjong,1,2,21,1187,229.1397,0.193,8.36,1.6137,2025-01-27,2025-01-27,0,2
MANIPUR,102B,0.000 - 13.747,0.0,13.747,13.747,CHURACHANDPUR,1,1,22,270,14.5072,0.0718,19.64,1.0553,2020-05-15,2020-05-15,0,1
MANIPUR,102B,118.850 - 141.029,118.85,141.029,22.179,CHURACHANDPUR,1,1,3,10,36.6664,3.6666,0.45,1.6532,2020-07-03,2020-07-13,10,1
MANIPUR,102B,13.747 - 32.835,13.747,32.835,19.088,CHURACHANDPUR,1,1,16,35,28.7759,0.8222,1.83,1.5075,2020-05-20,2020-05-20,0,1
MANIPUR,102B,32.835 - 69.875,32.835,69.875,37.04,CHURACHANDPUR,1,2,6,32,56.9359,1.7792,0.86,1.5371,2020-05-20,2020-07-28,69,1
MANIPUR,102B,69.875 - 118.850,69.875,118.85,48.975,CHURACHANDPUR,1,2,8,18,76.2515,4.2362,0.37,1.5569,2021-04-15,2021-04-15,0,1
MANIPUR,129A,0.000 - 40.000,0.0,40.0,40.0,SENAPATI,1,2,11,258,50.3183,0.195,6.45,1.258,2021-02-25,2021-04-08,42,2
MANIPUR,129A,40.000 - 75.000,40.0,75.0,35.0,SENAPATI,1,1,6,333,47.3598,0.1422,9.51,1.3531,2021-02-23,2021-03-11,16,2
MANIPUR,129A,75.000 - 109.494,75.0,109.494,34.494,SENAPATI,1,1,2,29,51.2169,1.7661,0.84,1.4848,2021-09-23,2021-09-23,0,1
MANIPUR,2,262.290 - 287.000,262.29,287.0,24.71,Kangpokpi,1,3,12,633,59.9049,0.0946,25.62,2.4243,2020-12-08,2022-10-12,673,3
MANIPUR,2,287.000 - 308.460,287.0,308.46,21.46,IMPHAL EAST|IMPHAL WEST|Kangpokpi,3,3,12,1310,69.93,0.0534,61.04,3.2586,2020-11-27,2022-12-15,748,4
MANIPUR,202,0.000 - 1.300,0.0,1.3,1.3,IMPHAL EAST,1,1,1,24,1.5782,0.0658,18.46,1.214,2020-05-15,2020-05-15,0,0
MANIPUR,202,0.000 - 15.000,0.0,15.0,15.0,UKHRUL,1,1,1,253,25.914,0.1024,16.87,1.7276,2022-07-27,2022-07-27,0,2
MANIPUR,202,1.030 - 1.130,1.03,1.13,0.1,Kangpokpi,1,1,1,1,0.1169,0.1169,10.0,1.169,2022-03-03,2022-03-03,0,0
MANIPUR,202,1.300 - 13.250,1.3,13.25,11.95,Kamjong,1,1,2,55,7.6015,0.1382,4.6,0.6361,2020-06-18,2020-06-18,0,0
MANIPUR,202,4.200 - 9.650,4.2,9.65,5.45,UKHRUL,1,1,2,7,8.781,1.2544,1.28,1.6112,2020-06-25,2020-07-28,33,0
MANIPUR,202,7.100 - 73.136,7.1,73.136,66.036,UKHRUL,1,1,14,907,118.9684,0.1312,13.73,1.8016,2020-06-25,2024-06-18,1454,4
MANIPUR,202,73.136 - 99.010,73.136,99.01,25.874,UKHRUL,1,1,8,327,60.8177,0.186,12.64,2.3505,2020-07-29,2024-02-26,1307,4
MANIPUR,202,99.010 - 138.386,99.01,138.386,39.376,UKHRUL,1,1,4,479,90.4543,0.1888,12.16,2.2972,2020-06-26,2024-02-26,1340,4
MANIPUR,29,0.000 - 11.009,0.0,11.009,11.009,UKHRUL,1,1,1,219,23.4444,0.1071,19.89,2.1296,2023-03-14,2023-03-14,0,2
MANIPUR,37,16.800 - 33.000,16.8,33.0,16.2,Kangpokpi,1,1,16,29,17.6213,0.6076,1.79,1.0877,2022-01-04,2022-01-04,0,0
MANIPUR,37,205.215 - 214.289,205.215,214.289,9.074,Jiribam,1,1,4,537,12.078,0.0225,59.18,1.3311,2023-02-01,2023-03-09,36,1
MANIPUR,37,3.275 - 15.940,3.275,15.94,12.665,IMPHAL WEST,1,2,9,79,1.8273,0.0231,6.24,0.1443,2022-08-22,2025-05-01,983,1
MANIPUR,37,33.000 - 49.250,33.0,49.25,16.25,Kangpokpi,1,1,6,10,25.8976,2.5898,0.62,1.5937,2022-01-05,2022-01-05,0,1
MANIPUR,39,330.000 - 350.000,330.0,350.0,20.0,THOUBAL,1,1,6,80,0.3525,0.0044,4.0,0.0176,2021-07-22,2021-07-22,0,0
MEGHALAYA,127B,0.000 - 36.635,0.0,36.635,36.635,East Garo Hills,1,5,10,754,35.3816,0.0469,20.58,0.9658,2024-03-08,2024-03-08,0,2
MEGHALAYA,127B,0.000 - 63.224,0.0,63.224,63.224,West Garo Hills,1,3,52,3228,141.6333,0.0439,51.06,2.2402,2023-12-22,2023-12-22,0,2
MEGHALAYA,206,123.800 - 131.820,123.8,131.82,8.02,East Khasi Hills,1,1,4,32,18.5928,0.581,3.99,2.3183,2025-05-09,2025-05-09,0,0
MEGHALAYA,217,0.000 - 15.070,0.0,15.07,15.07,North Garo Hills,1,2,7,116,13.6523,0.1177,7.7,0.9059,2024-09-19,2024-09-19,0,0
MEGHALAYA,217,15.070 - 40.840,15.07,40.84,25.77,East Garo Hills,1,1,14,810,44.1117,0.0545,31.43,1.7117,2024-09-19,2024-09-19,0,2
MIZORAM,102B,0.000 - 122.000,0.0,122.0,122.0,Saitual,1,2,8,1611,129.3133,0.0803,13.2,1.0599,2021-10-26,2022-01-28,94,2
MIZORAM,306,42.000 - 59.700,42.0,59.7,17.7,KOLASIB,1,1,2,308,78.4103,0.2546,17.4,4.43,2021-12-17,2022-11-29,347,2
MIZORAM,306,59.700 - 71.000,59.7,71.0,11.3,KOLASIB,1,1,3,32,7.8731,0.246,2.83,0.6967,2022-11-29,2022-11-29,0,0
MIZORAM,5,0.000 - 9.978,0.0,9.978,9.978,LUNGLEI,1,1,6,240,6.519,0.0272,24.05,0.6533,2021-10-07,2021-10-07,0,1
MIZORAM,5,25.409 - 39.246,25.409,39.246,13.837,LUNGLEI,1,2,3,165,17.2522,0.1046,11.92,1.2468,2021-10-26,2021-12-30,65,0
MIZORAM,5,39.246 - 57.641,39.246,57.641,18.395,LUNGLEI,1,1,3,169,25.3711,0.1501,9.19,1.3792,2021-06-29,2023-03-21,630,2
MIZORAM,5,57.641 - 73.476,57.641,73.476,15.835,LUNGLEI,1,1,2,119,17.018,0.143,7.51,1.0747,2021-06-29,2021-10-07,100,0
MIZORAM,5,73.476 - 90.300,73.476,90.3,16.824,LUNGLEI,1,1,1,311,18.017,0.0579,18.49,1.0709,2021-11-22,2023-03-21,484,2
MIZORAM,5,9.978 - 25.409,9.978,25.409,15.431,LUNGLEI,1,1,3,345,20.2074,0.0586,22.36,1.3095,2021-12-30,2021-12-30,0,2
MIZORAM,502A,0.000 - 26.200,0.0,26.2,26.2,LAWNGTLAI,1,1,2,120,55.6816,0.464,4.58,2.1253,2023-02-01,2023-02-01,0,1
MIZORAM,502A,26.200 - 28.244,26.2,28.244,2.044,Siaha,1,1,1,10,0.527,0.0527,4.89,0.2578,2023-03-31,2023-03-31,0,0
MIZORAM,54,125.000 - 166.000,125.0,166.0,41.0,LUNGLEI|SERCHHIP,2,2,6,1189,55.2141,0.0517,29.0,1.3467,2018-10-03,2023-02-02,1583,5
MIZORAM,54,166.000 - 208.000,166.0,208.0,42.0,LUNGLEI,1,2,6,349,31.4516,0.0901,8.31,0.7488,2018-10-03,2019-12-31,454,3
MIZORAM,54,166.965 - 174.180,166.965,174.18,7.215,LUNGLEI,1,1,1,106,15.2859,0.1442,14.69,2.1186,2020-05-20,2020-05-20,0,0
MIZORAM,54,208.000 - 250.000,208.0,250.0,42.0,LUNGLEI,1,1,8,929,50.5026,0.0544,22.12,1.2024,2018-10-01,2019-12-31,456,3
MIZORAM,54,250.000 - 298.000,250.0,298.0,48.0,LAWNGTLAI|LUNGLEI,2,2,6,1067,61.8775,0.0585,22.23,1.2891,2018-09-28,2019-12-31,459,4
MIZORAM,54,288.580 - 294.160,288.58,294.16,5.58,LAWNGTLAI,1,1,1,15,5.5021,0.3668,2.69,0.986,2020-04-27,2020-04-27,0,0
MIZORAM,54,298.000 - 338.000,298.0,338.0,40.0,LAWNGTLAI,1,1,3,142,21.3501,0.1655,3.55,0.5338,2018-10-01,2020-01-15,471,2
MIZORAM,54,298.000 - 339.000,298.0,339.0,41.0,LAWNGTLAI|Siaha,2,2,6,489,24.8604,0.054,11.93,0.6064,2018-10-01,2020-01-15,471,4
MIZORAM,54,339.000 - 380.000,339.0,380.0,41.0,Siaha,1,2,8,2237,72.3623,0.0336,54.56,1.7649,2018-10-01,2020-11-05,766,3
MIZORAM,54,69.000 - 125.272,69.0,125.272,56.272,SERCHHIP,1,2,6,1273,26.6062,0.0259,22.62,0.4728,2018-10-03,2023-02-02,1583,4
MIZORAM,54,8.292 - 69.000,8.292,69.0,60.708,AIZAWL|SERCHHIP,2,3,10,1730,37.3828,0.047,28.5,0.6158,2018-10-01,2023-02-02,1585,5
MIZORAM,54,94.460 - 111.500,94.46,111.5,17.04,SERCHHIP,1,1,2,247,34.6991,0.1405,14.5,2.0363,2020-04-27,2023-02-02,1011,3
MIZORAM,54A,0.000 - 5.650,0.0,5.65,5.65,LUNGLEI,1,1,3,188,3.8128,0.0203,33.27,0.6748,2021-06-14,2021-06-14,0,0
MIZORAM,6,0.000 - 14.000,0.0,14.0,14.0,AIZAWL,1,1,3,246,17.4872,0.0714,17.57,1.2491,2020-09-18,2020-09-18,0,1
MIZORAM,6,0.000 - 50.000,0.0,50.0,50.0,AIZAWL,1,2,4,87,35.0337,0.4027,1.74,0.7007,2023-10-20,2024-02-16,119,1
MIZORAM,6,106.000 - 130.000,106.0,130.0,24.0,Khawzawl,1,1,2,239,36.9142,0.1545,9.96,1.5381,2021-06-24,2021-06-24,0,2
MIZORAM,6,107.850 - 121.450,107.85,121.45,13.6,KOLASIB,1,1,2,427,66.389,0.1555,31.4,4.8815,2022-01-04,2022-01-04,0,2
MIZORAM,6,121.450 - 138.550,121.45,138.55,17.1,KOLASIB,1,1,3,126,51.46,0.4084,7.37,3.0094,2024-03-15,2024-03-15,0,1
MIZORAM,6,130.000 - 147.250,130.0,147.25,17.25,CHAMPHAI,1,1,1,188,39.0899,0.2079,10.9,2.2661,2021-06-24,2021-06-24,0,1
MIZORAM,6,138.550 - 141.000,138.55,141.0,2.45,KOLASIB,1,1,1,16,6.45,0.4031,6.53,2.6327,2024-12-16,2024-12-16,0,0
MIZORAM,6,14.000 - 15.000,14.0,15.0,1.0,Saitual,1,1,1,8,2.5607,0.3201,8.0,2.5607,2020-09-29,2020-09-29,0,0
MIZORAM,6,141.000 - 159.000,141.0,159.0,18.0,AIZAWL,1,1,2,83,39.039,0.4703,4.61,2.1688,2025-01-03,2025-01-03,0,1
MIZORAM,6,15.000 - 30.050,15.0,30.05,15.05,Saitual,1,1,1,165,17.8861,0.1084,10.96,1.1884,2020-09-29,2020-11-13,45,0
MIZORAM,6,30.050 - 50.360,30.05,50.36,20.31,Saitual,1,1,3,453,24.1866,0.0534,22.3,1.1909,2020-09-29,2020-09-29,0,2
MIZORAM,6,50.360 - 54.600,50.36,54.6,4.24,Saitual,1,1,2,32,5.3933,0.1685,7.55,1.272,2020-09-29,2020-09-29,0,0
MIZORAM,6,54.600 - 69.015,54.6,69.015,14.415,Khawzawl,1,1,1,164,16.7327,0.102,11.38,1.1608,2020-09-18,2020-09-18,0,0
MIZORAM,6,61.010 - 93.200,61.01,93.2,32.19,Khawzawl,1,1,3,181,50.5329,0.2792,5.62,1.5698,2021-06-24,2021-06-24,0,1
MIZORAM,6,71.000 - 86.000,71.0,86.0,15.0,KOLASIB,1,1,3,224,74.7201,0.3336,14.93,4.9813,2021-12-30,2021-12-30,0,2
MIZORAM,6,86.000 - 107.850,86.0,107.85,21.85,KOLASIB,1,2,2,536,74.965,0.1399,24.53,3.4309,2021-12-30,2021-12-30,0,2
MIZORAM,6,93.200 - 106.000,93.2,106.0,12.8,Khawzawl,1,1,1,100,24.5465,0.2455,7.81,1.9177,2021-06-24,2021-06-24,0,1
ODISHA,130C,201.600 - 208.300,201.6,208.3,6.7,KALAHANDI,1,1,6,284,31.9279,0.1124,42.39,4.7654,2023-11-13,2023-11-13,0,2
ODISHA,130CD,124.661 - 161.218,124.661,161.218,36.557,NABARANGPUR,1,1,19,598,203.5176,0.3403,16.36,5.5671,2020-11-18,2023-12-08,1115,4
ODISHA,130CD,161.218 - 188.245,161.218,188.245,27.027,NABARANGPUR,1,2,20,435,156.1797,0.359,16.1,5.7787,2020-09-03,2023-12-08,1191,4
ODISHA,130CD,188.245 - 192.695,188.245,192.695,4.45,NABARANGPUR,1,1,3,92,18.1933,0.1978,20.67,4.0884,2020-09-03,2022-12-13,831,1
ODISHA,130CD,192.695 - 212.830,192.695,212.83,20.135,NABARANGPUR,1,1,14,931,98.0827,0.1054,46.24,4.8713,2020-09-03,2023-12-08,1191,4
ODISHA,130CD,212.830 - 228.360,212.83,228.36,15.53,NABARANGPUR,1,1,8,830,111.6296,0.1345,53.44,7.188,2020-09-03,2022-12-13,831,3
ODISHA,130CD,228.360 - 239.650,228.36,239.65,11.29,NABARANGPUR,1,2,9,456,70.7249,0.1551,40.39,6.2644,2020-09-03,2022-12-13,831,3
ODISHA,130CD,239.650 - 274.545,239.65,274.545,34.895,KORAPUT,1,1,17,1021,233.9752,0.2292,29.26,6.7051,2020-09-10,2024-10-11,1492,4
ODISHA,130CD,274.545 - 297.980,274.545,297.98,23.435,KORAPUT,1,1,8,500,90.1353,0.1803,21.34,3.8462,2020-09-25,2024-07-03,1377,4
ODISHA,130CD,278.383 - 301.675,278.383,301.675,23.292,KORAPUT,1,1,8,422,110.2727,0.2613,18.12,4.7344,2020-10-29,2024-07-02,1342,4
ODISHA,130CD,301.675 - 326.670,301.675,326.67,24.995,KORAPUT,1,1,13,1298,218.642,0.1684,51.93,8.7474,2020-10-29,2024-07-02,1342,4
ODISHA,130CD,326.670 - 365.033,326.67,365.033,38.363,KORAPUT,1,1,15,1286,220.2067,0.1712,33.52,5.7401,2020-12-04,2024-07-02,1306,4
ODISHA,157,119.000 - 159.500,119.0,159.5,40.5,GANJAM,1,1,2,15,0.1779,0.0119,0.37,0.0044,2022-09-22,2022-09-22,0,0
ODISHA,157,29.800 - 39.000,29.8,39.0,9.2,KANDHAMAL,1,2,6,522,37.058,0.071,56.74,4.028,2023-06-13,2023-06-13,0,2
ODISHA,16,117.000 - 136.500,117.0,136.5,19.5,BHADRAK,1,1,11,97,1.6495,0.017,4.97,0.0846,2022-07-28,2023-02-01,188,0
ODISHA,16,136.500 - 150.000,136.5,150.0,13.5,BALASORE,1,1,14,211,2.9765,0.0141,15.63,0.2205,2022-07-22,2022-07-22,0,1
ODISHA,16,150.000 - 180.000,150.0,180.0,30.0,BALASORE,1,1,20,379,5.7172,0.0151,12.63,0.1906,2022-03-29,2022-07-22,115,1
ODISHA,16,180.000 - 199.141,180.0,199.141,19.141,BALASORE,1,1,11,97,1.8423,0.019,5.07,0.0962,2022-07-22,2023-09-20,425,1
ODISHA,16,2.000 - 4.500,2.0,4.5,2.5,GANJAM,1,1,8,407,39.1218,0.0961,162.8,15.6487,2023-01-13,2023-03-07,53,2
ODISHA,16,284.000 - 316.000,284.0,316.0,32.0,GANJAM,1,1,1,38,0.5962,0.0157,1.19,0.0186,2020-05-15,2020-05-15,0,0
ODISHA,16,284.000 - 355.000,284.0,355.0,71.0,GANJAM,1,1,1,38,0.5962,0.0157,0.54,0.0084,2020-05-15,2020-05-15,0,0
ODISHA,16,316.000 - 414.000,316.0,414.0,98.0,KHORDHA,1,5,17,313,17.3072,0.0553,3.19,0.1766,2020-03-05,2020-03-05,0,1
ODISHA,16,356.000 - 361.000,356.0,361.0,5.0,NAYAGARH,1,1,5,141,6.0825,0.0431,28.2,1.2165,2019-09-27,2019-09-27,0,0
ODISHA,16,414.000 - 62.000,414.0,62.0,-352.0,Cuttack|Jajpur|KHORDHA,3,4,14,80,3.0619,0.0383,-0.23,-0.0087,2018-09-13,2018-10-11,28,1
ODISHA,16,62.000 - 136.500,62.0,136.5,74.5,BHADRAK|Jajpur,2,5,33,618,12.4581,0.0202,8.3,0.1672,2019-03-07,2020-02-19,349,2
ODISHA,16,62.000 - 199.141,62.0,199.141,137.141,BHADRAK,1,1,4,30,0.8769,0.0292,0.22,0.0064,2020-02-19,2020-02-19,0,0
ODISHA,16,62.000 - 98.000,62.0,98.0,36.0,Jajpur,1,3,14,217,3.529,0.0163,6.03,0.098,2020-02-19,2024-09-06,1661,3
ODISHA,16,98.000 - 111.000,98.0,111.0,13.0,BHADRAK,1,2,5,70,0.9546,0.0136,5.38,0.0734,2002-01-15,2024-04-10,8121,2
ODISHA,162,232.800 - 244.120,232.8,244.12,11.32,JHARSUGUDA,1,1,1,1,0.651,0.651,0.09,0.0575,2010-04-27,2010-04-27,0,0
ODISHA,18,1.500 - 7.000,1.5,7.0,5.5,MAYURBHANJ,1,1,5,85,3.6664,0.0431,15.45,0.6666,2019-03-08,2022-04-18,1137,2
ODISHA,18,28.000 - 77.000,28.0,77.0,49.0,MAYURBHANJ,1,1,3,10,0.191,0.0191,0.2,0.0039,2019-03-08,2019-03-08,0,0
ODISHA,20,0.000 - 49.200,0.0,49.2,49.2,Jajpur,1,3,63,4810,149.5469,0.0311,97.76,3.0396,2022-04-21,2024-10-25,918,3
ODISHA,20,186.150 - 189.690,186.15,189.69,3.54,Jajpur,1,1,5,342,5.9462,0.0174,96.61,1.6797,2024-02-19,2024-02-19,0,1
ODISHA,20,7.300 - 8.400,7.3,8.4,1.1,Jajpur,1,1,2,210,13.0132,0.062,190.91,11.8302,2024-02-02,2024-02-02,0,1
ODISHA,215,163.000 - 206.200,163.0,206.2,43.2,KEONJHAR,1,2,7,20,1.5101,0.0755,0.46,0.035,2010-04-15,2021-08-13,4138,2
ODISHA,215,206.200 - 259.453,206.2,259.453,53.253,SUNDARGARH,1,1,1,4,0.432,0.108,0.08,0.0081,2009-06-17,2009-12-21,187,0
ODISHA,215,24.000 - 163.173,24.0,163.173,139.173,KEONJHAR,1,4,9,20,0.5889,0.0294,0.14,0.0042,2009-06-17,2024-04-19,5420,2
ODISHA,217,0.000 - 2.072,0.0,2.072,2.072,GANJAM,1,1,2,32,3.7762,0.118,15.44,1.8225,2018-07-13,2018-07-13,0,0
ODISHA,217,2.407 - 4.590,2.407,4.59,2.183,GANJAM,1,1,3,112,6.5069,0.0581,51.31,2.9807,2018-10-25,2018-10-25,0,0
ODISHA,217,434.090 - 435.800,434.09,435.8,1.71,NUAPADA,1,1,3,114,3.8172,0.0335,66.67,2.2323,2018-05-31,2023-04-06,1771,2
ODISHA,220,0.000 - 13.724,0.0,13.724,13.724,MAYURBHANJ,1,1,9,92,2.0843,0.0227,6.7,0.1519,2022-02-28,2022-06-14,106,0
ODISHA,220,105.000 - 108.940,105.0,108.94,3.94,KEONJHAR,1,1,4,78,4.9978,0.0641,19.8,1.2685,2022-05-20,2022-05-20,0,0
ODISHA,220,13.724 - 27.335,13.724,27.335,13.611,MAYURBHANJ,1,1,6,93,1.8773,0.0202,6.83,0.1379,2022-02-28,2023-10-03,582,1
ODISHA,220,27.335 - 35.840,27.335,35.84,8.505,MAYURBHANJ,1,1,1,8,0.1029,0.0129,0.94,0.0121,2022-02-28,2022-02-28,0,0
ODISHA,220,31.500 - 38.500,31.5,38.5,7.0,MAYURBHANJ,1,1,9,460,30.8633,0.0671,65.71,4.409,2023-12-01,2024-08-12,255,2
ODISHA,220,35.700 - 71.120,35.7,71.12,35.42,MAYURBHANJ,1,2,5,42,2.7727,0.066,1.19,0.0783,2017-11-17,2017-11-17,0,0
ODISHA,220,90.696 - 105.000,90.696,105.0,14.304,KEONJHAR,1,1,1,86,5.276,0.0613,6.01,0.3688,2022-05-20,2022-07-26,67,0
ODISHA,220,91.100 - 125.400,91.1,125.4,34.3,KEONJHAR,1,1,2,46,1.717,0.0373,1.34,0.0501,2018-05-14,2018-05-14,0,0
ODISHA,23,211.200 - 313.800,211.2,313.8,102.6,SUNDARGARH,1,6,12,19,2.0295,0.1068,0.19,0.0198,2022-04-04,2022-04-04,0,0
ODISHA,23,313.800 - 337.300,313.8,337.3,23.5,Deogarh,1,1,14,138,19.0514,0.1381,5.87,0.8107,2019-01-09,2019-01-09,0,0
ODISHA,26,0.000 - 72.000,0.0,72.0,72.0,BARGARH,1,2,6,41,2.0557,0.0501,0.57,0.0286,2021-09-13,2021-09-13,0,0
ODISHA,26,143.380 - 146.180,143.38,146.18,2.8,KALAHANDI,1,1,2,100,18.2182,0.1822,35.71,6.5065,2018-12-21,2018-12-21,0,0
ODISHA,26,149.988 - 150.087,149.988,150.087,0.099,KALAHANDI,1,1,2,79,7.4609,0.0944,797.98,75.3626,2023-10-16,2024-03-11,147,0
ODISHA,26,164.140 - 165.480,164.14,165.48,1.34,KALAHANDI,1,1,1,133,4.4482,0.0334,99.25,3.3196,2024-08-12,2024-08-12,0,0
ODISHA,26,171.800 - 182.390,171.8,182.39,10.59,KALAHANDI,1,1,11,376,48.6412,0.1294,35.51,4.5931,2022-01-04,2022-01-04,0,2
ODISHA,26,181.000 - 239.280,181.0,239.28,58.28,KALAHANDI,1,2,6,131,16.4445,0.1255,2.25,0.2822,2018-03-09,2018-03-09,0,0
ODISHA,26,191.117 - 193.300,191.117,193.3,2.183,KALAHANDI,1,2,4,78,10.5139,0.1348,35.73,4.8163,2023-08-21,2023-08-21,0,0
ODISHA,26,293.780 - 302.080,293.78,302.08,8.3,NABARANGPUR,1,2,6,229,51.809,0.2262,27.59,6.242,2017-02-23,2019-03-06,741,3
ODISHA,26,294.280 - 319.280,294.28,319.28,25.0,KORAPUT,1,1,7,151,3.4542,0.0229,6.04,0.1382,2022-10-04,2022-10-04,0,0
ODISHA,26,317.280 - 328.780,317.28,328.78,11.5,KORAPUT,1,1,3,109,23.453,0.2152,9.48,2.0394,2018-11-22,2018-11-22,0,1
ODISHA,26,337.240 - 343.200,337.24,343.2,5.96,KORAPUT,1,1,4,128,20.477,0.16,21.48,3.4357,2018-12-28,2018-12-28,0,1
ODISHA,26,34.400 - 35.500,34.4,35.5,1.1,Subarnapur,1,1,4,198,1.0283,0.0052,180.0,0.9348,2023-05-17,2023-05-17,0,0
ODISHA,26,44.700 - 48.800,44.7,48.8,4.1,BALANGIR,1,1,2,5,0.6413,0.1283,1.22,0.1564,2022-06-14,2022-06-14,0,0
ODISHA,316,60.350 - 61.245,60.35,61.245,0.895,PURI,1,1,4,129,1.0549,0.0082,144.13,1.1787,2020-09-01,2020-09-01,0,0
ODISHA,320D,0.000 - 34.200,0.0,34.2,34.2,SUNDARGARH,1,2,16,668,14.9775,0.0224,19.53,0.4379,2022-10-04,2023-02-16,135,1
ODISHA,326,0.000 - 3.000,0.0,3.0,3.0,GANJAM,1,1,4,48,1.4516,0.0302,16.0,0.4839,2022-08-01,2022-09-13,43,0
ODISHA,326,12.000 - 22.000,12.0,22.0,10.0,GANJAM,1,1,5,214,11.8489,0.0554,21.4,1.1849,2022-09-20,2022-09-20,0,1
ODISHA,326,190.975 - 205.700,190.975,205.7,14.725,RAYAGADA,1,1,11,511,55.3383,0.1083,34.7,3.7581,2024-04-26,2024-11-14,202,2
ODISHA,326,22.000 - 27.000,22.0,27.0,5.0,GANJAM,1,1,1,11,0.0518,0.0047,2.2,0.0104,2022-08-01,2022-08-01,0,0
ODISHA,326,3.000 - 12.000,3.0,12.0,9.0,GANJAM,1,1,4,78,1.7311,0.0222,8.67,0.1923,2022-08-01,2022-08-01,0,0
ODISHA,326,323.900 - 323.900,323.9,323.9,0.0,KORAPUT,1,2,2,9,4.155,0.4617,,,2022-05-20,2022-05-20,0,0
ODISHA,326,377.420 - 484.500,377.42,484.5,107.08,MALKANGIRI,1,3,7,155,12.9691,0.0837,1.45,0.1211,2023-03-10,2023-03-10,0,0
ODISHA,326,379.000 - 468.150,379.0,468.15,89.15,MALKANGIRI,1,3,9,219,30.093,0.1374,2.46,0.3376,2022-03-02,2022-03-02,0,2
ODISHA,49,0.000 - 30.970,0.0,30.97,30.97,JHARSUGUDA,1,3,15,1470,111.8794,0.0761,47.47,3.6125,2022-07-20,2022-07-20,0,2
ODISHA,49,206.000 - 222.000,206.0,222.0,16.0,MAYURBHANJ,1,1,8,32,0.2771,0.0087,2.0,0.0173,2014-04-24,2019-09-25,1980,2
ODISHA,49,222.000 - 230.000,222.0,230.0,8.0,MAYURBHANJ,1,1,3,6,0.2873,0.0479,0.75,0.0359,2019-09-25,2022-04-18,936,1
ODISHA,49,230.000 - 271.000,230.0,271.0,41.0,MAYURBHANJ,1,1,16,40,1.2563,0.0331,0.98,0.0306,2014-07-09,2021-01-13,2380,2
ODISHA,49,269.300 - 328.200,269.3,328.2,58.9,JHARSUGUDA|SAMBALPUR,2,3,19,629,11.7925,0.0187,10.68,0.2002,2019-04-02,2022-08-31,1247,4
ODISHA,49,271.000 - 296.000,271.0,296.0,25.0,MAYURBHANJ,1,1,14,108,5.5855,0.0522,4.32,0.2234,2014-07-09,2020-09-15,2260,2
ODISHA,49,296.000 - 313.000,296.0,313.0,17.0,MAYURBHANJ,1,1,1,2,0.0769,0.0384,0.12,0.0045,2020-10-29,2020-10-29,0,0
ODISHA,49,307.500 - 318.300,307.5,318.3,10.8,SAMBALPUR,1,1,5,388,17.9858,0.0464,35.93,1.6654,2017-10-06,2017-10-06,0,1
ODISHA,49,314.540 - 322.000,314.54,322.0,7.46,MAYURBHANJ,1,1,6,128,35.6458,0.2785,17.16,4.7783,2020-01-24,2020-01-24,0,1
ODISHA,49,322.000 - 414.982,322.0,414.982,92.982,KEONJHAR,1,4,38,572,63.2096,0.1105,6.15,0.6798,2016-06-30,2022-04-07,2107,4
ODISHA,49,414.982 - 427.350,414.982,427.35,12.368,Angul,1,1,3,90,1.1162,0.0124,7.28,0.0902,2019-11-20,2021-10-14,694,1
ODISHA,49,427.350 - 468.000,427.35,468.0,40.65,Deogarh,1,1,23,435,17.2945,0.0398,10.7,0.4254,2019-11-20,2022-01-07,779,2
ODISHA,49,468.000 - 493.300,468.0,493.3,25.3,Deogarh,1,1,18,292,5.7067,0.0196,11.54,0.2256,2018-11-29,2021-10-06,1042,2
ODISHA,55,0.000 - 28.000,0.0,28.0,28.0,Cuttack,1,2,9,48,9.3589,0.195,1.71,0.3342,2013-03-11,2018-08-21,1989,2
ODISHA,55,112.000 - 265.000,112.0,265.0,153.0,Angul|SAMBALPUR,2,6,31,1649,72.7251,0.0441,10.78,0.4753,2013-03-07,2022-01-04,3225,5
ODISHA,55,264.161 - 279.440,264.161,279.44,15.279,Cuttack,1,1,3,211,9.5584,0.0453,13.81,0.6256,2022-02-02,2022-02-02,0,1
ODISHA,55,279.440 - 292.620,279.44,292.62,13.18,Jagatsinghpur,1,1,18,1312,38.8916,0.0296,99.54,2.9508,2021-12-08,2021-12-08,0,2
ODISHA,55,28.000 - 88.000,28.0,88.0,60.0,DHENKANAL,1,2,27,107,1.8562,0.0177,1.78,0.0309,2013-03-07,2020-03-13,2563,2
ODISHA,55,292.620 - 296.120,292.62,296.12,3.5,Jagatsinghpur,1,1,4,347,8.5089,0.0245,99.14,2.4311,2021-12-08,2021-12-08,0,1
ODISHA,55,296.130 - 311.070,296.13,311.07,14.94,Jagatsinghpur,1,1,23,1601,52.021,0.0325,107.16,3.482,2022-01-13,2022-01-13,0,2
ODISHA,55,311.070 - 326.320,311.07,326.32,15.25,Jagatsinghpur,1,1,17,1146,39.7022,0.0346,75.15,2.6034,2022-08-10,2023-01-19,162,2
ODISHA,55,326.320 - 357.784,326.32,357.784,31.464,Jagatsinghpur,1,1,28,1522,71.5764,0.047,48.37,2.2749,2023-07-03,2023-07-03,0,2
ODISHA,55,333.340 - 334.950,333.34,334.95,1.61,Jagatsinghpur,1,1,2,61,5.2043,0.0853,37.89,3.2325,2023-01-19,2023-01-19,0,0
ODISHA,55,60.000 - 80.000,60.0,80.0,20.0,DHENKANAL,1,3,29,264,5.4122,0.0205,13.2,0.2706,2018-11-22,2018-11-22,0,1
ODISHA,55,88.000 - 112.000,88.0,112.0,24.0,Angul,1,2,3,31,0.7747,0.025,1.29,0.0323,2013-07-02,2020-07-28,2583,2
ODISHA,57,0.000 - 8.000,0.0,8.0,8.0,BALANGIR,1,2,8,368,60.7222,0.165,46.0,7.5903,2016-05-05,2024-06-14,2962,4
ODISHA,57,151.850 - 152.370,151.85,152.37,0.52,BOUDH,1,1,1,86,2.2397,0.026,165.38,4.3071,2023-08-24,2023-08-24,0,0
ODISHA,57,195.250 - 201.300,195.25,201.3,6.05,NAYAGARH,1,1,9,389,17.8355,0.0458,64.3,2.948,2023-11-14,2023-11-14,0,1
ODISHA,57,224.900 - 231.900,224.9,231.9,7.0,NAYAGARH,1,1,1,17,0.2747,0.0162,2.43,0.0392,2019-08-06,2019-08-06,0,0
ODISHA,57,226.500 - 227.500,226.5,227.5,1.0,NAYAGARH,1,1,2,86,2.5,0.0291,86.0,2.5,2023-06-13,2023-06-13,0,0
ODISHA,57,235.530 - 246.350,235.53,246.35,10.82,NAYAGARH,1,1,21,1542,75.0017,0.0486,142.51,6.9318,2021-12-15,2023-08-02,595,3
ODISHA,57,239.900 - 251.900,239.9,251.9,12.0,NAYAGARH,1,1,2,46,0.941,0.0205,3.83,0.0784,2018-09-28,2018-09-28,0,0
ODISHA,57,239.900 - 294.300,239.9,294.3,54.4,KHORDHA,1,3,4,344,18.2814,0.0531,6.32,0.3361,2018-11-15,2022-03-24,1225,3
ODISHA,57,294.200 - 300.300,294.2,300.3,6.1,KHORDHA,1,1,6,363,30.4339,0.0838,59.51,4.9892,2020-06-22,2023-12-01,1257,4
ODISHA,57,50.000 - 140.900,50.0,140.9,90.9,BOUDH,1,3,19,378,27.1266,0.0718,4.16,0.2984,2019-03-07,2019-03-07,0,2
ODISHA,57,50.250 - 50.850,50.25,50.85,0.6,Subarnapur,1,1,3,45,1.6966,0.0377,75.0,2.8277,2022-08-04,2022-08-04,0,0
ODISHA,57,51.435 - 51.600,51.435,51.6,0.165,BOUDH,1,1,2,63,2.5931,0.0412,381.82,15.7158,2022-07-26,2022-07-26,0,0
ODISHA,59,0.000 - 13.520,0.0,13.52,13.52,GANJAM,1,3,11,861,83.435,0.0969,63.68,6.1712,2016-05-09,2016-05-09,0,2
ODISHA,59,173.370 - 229.400,173.37,229.4,56.03,KANDHAMAL,1,3,13,85,13.515,0.159,1.52,0.2412,2019-11-20,2019-11-20,0,0
ODISHA,59,229.500 - 231.860,229.5,231.86,2.36,KANDHAMAL,1,1,3,43,5.6449,0.1313,18.22,2.3919,2025-03-13,2025-03-13,0,0
ODISHA,59,296.500 - 336.500,296.5,336.5,40.0,GANJAM,1,2,10,274,6.9042,0.0252,6.85,0.1726,2022-09-20,2022-12-09,80,1
ODISHA,59,336.350 - 349.910,336.35,349.91,13.56,GANJAM,1,3,10,263,5.5431,0.0211,19.4,0.4088,2022-12-01,2022-12-01,0,1
ODISHA,59,44.000 - 51.000,44.0,51.0,7.0,BALANGIR,1,2,9,388,48.4731,0.1249,55.43,6.9247,2018-08-07,2025-01-16,2354,4
ODISHA,59,57.000 - 68.250,57.0,68.25,11.25,BALANGIR,1,2,8,522,34.2175,0.0656,46.4,3.0416,2022-02-28,2022-02-28,0,2
ODISHA,6,0.000 - 88.200,0.0,88.2,88.2,BARGARH,1,3,5,36,0.7767,0.0216,0.41,0.0088,2018-05-23,2023-01-13,1696,2
ODISHA,6,493.300 - 567.400,493.3,567.4,74.1,SAMBALPUR,1,4,18,174,10.2111,0.0587,2.35,0.1378,2014-09-25,2020-10-29,2226,2
ODISHA,63,0.000 - 41.055,0.0,41.055,41.055,KORAPUT,1,2,10,94,3.635,0.0387,2.29,0.0885,2018-12-29,2018-12-29,0,0
ODISHA,63,6.600 - 21.000,6.6,21.0,14.4,KORAPUT,1,1,10,360,63.6033,0.1767,25.0,4.4169,2021-06-21,2021-12-07,169,2
ODISHA,Greenfield Highway,0.000 - 11.100,0.0,11.1,11.1,KHORDHA,1,1,8,494,49.4939,0.1002,44.5,4.4589,2022-12-12,2023-06-01,171,2
ODISHA,Greenfield Highway,0.000 - 5.500,0.0,5.5,5.5,KHORDHA,1,1,5,399,28.0028,0.0702,72.55,5.0914,2022-12-12,2022-12-12,0,2
ODISHA,Greenfield Highway,0.000 - 6.210,0.0,6.21,6.21,Cuttack,1,1,4,180,20.6253,0.1146,28.99,3.3213,2025-03-26,2025-03-26,0,1
ODISHA,Greenfield Highway,11.100 - 17.700,11.1,17.7,6.6,KHORDHA,1,1,15,891,92.3102,0.1036,135.0,13.9864,2022-12-12,2024-01-31,415,3
ODISHA,Greenfield Highway,117.500 - 134.665,117.5,134.665,17.165,Jagatsinghpur,1,1,15,591,48.5371,0.0821,34.43,2.8277,2023-03-31,2023-03-31,0,2
ODISHA,Greenfield Highway,145.900 - 154.800,145.9,154.8,8.9,Jagatsinghpur,1,1,11,527,38.1194,0.0723,59.21,4.2831,2023-03-21,2023-03-21,0,2
ODISHA,Greenfield Highway,15.120 - 19.820,15.12,19.82,4.7,Cuttack,1,1,5,306,28.0792,0.0918,65.11,5.9743,2024-01-09,2024-01-09,0,2
ODISHA,Greenfield Highway,154.800 - 177.200,154.8,177.2,22.4,KENDRAPARA,1,2,23,1335,98.9409,0.0741,59.6,4.417,2022-12-12,2022-12-12,0,2
ODISHA,Greenfield Highway,17.700 - 33.500,17.7,33.5,15.8,KHORDHA,1,1,13,797,82.8663,0.104,50.44,5.2447,2022-12-12,2022-12-12,0,2
ODISHA,Greenfield Highway,19.820 - 22.070,19.82,22.07,2.25,Cuttack,1,1,4,167,12.7664,0.0764,74.22,5.674,2024-01-09,2025-02-03,391,1
ODISHA,Greenfield Highway,21.950 - 41.750,21.95,41.75,19.8,PURI,1,2,17,1069,88.4624,0.0828,53.99,4.4678,2023-01-06,2023-02-01,26,2
ODISHA,Greenfield Highway,22.070 - 33.880,22.07,33.88,11.81,Jagatsinghpur,1,1,14,1040,62.1065,0.0597,88.06,5.2588,2024-01-09,2024-01-09,0,2
ODISHA,Greenfield Highway,33.500 - 47.500,33.5,47.5,14.0,Cuttack,1,1,5,776,58.521,0.0754,55.43,4.1801,2022-12-12,2022-12-12,0,2
ODISHA,Greenfield Highway,33.880 - 43.820,33.88,43.82,9.94,Jagatsinghpur,1,1,6,631,37.859,0.06,63.48,3.8088,2024-01-09,2024-01-09,0,2
ODISHA,Greenfield Highway,41.750 - 60.650,41.75,60.65,18.9,PURI,1,1,13,789,83.9222,0.1064,41.75,4.4403,2023-02-01,2023-02-01,0,2
ODISHA,Greenfield Highway,47.500 - 53.400,47.5,53.4,5.9,Cuttack,1,1,4,491,37.8064,0.077,83.22,6.4079,2022-12-12,2022-12-12,0,2
ODISHA,Greenfield Highway,5.500 - 21.950,5.5,21.95,16.45,PURI,1,1,14,800,73.4692,0.0918,48.63,4.4662,2023-01-06,2023-01-06,0,2
ODISHA,Greenfield Highway,53.400 - 61.100,53.4,61.1,7.7,Cuttack,1,1,11,662,41.744,0.0631,85.97,5.4213,2022-12-12,2022-12-12,0,2
ODISHA,Greenfield Highway,6.210 - 15.120,6.21,15.12,8.91,Cuttack,1,1,6,589,54.1846,0.092,66.11,6.0813,2023-08-23,2023-08-23,0,2
ODISHA,Greenfield Highway,60.650 - 83.650,60.65,83.65,23.0,PURI,1,1,24,1285,104.3666,0.0812,55.87,4.5377,2022-12-30,2023-01-06,7,2
ODISHA,Greenfield Highway,61.100 - 70.662,61.1,70.662,9.562,DHENKANAL,1,1,9,809,86.0582,0.1064,84.61,9.0,2022-12-29,2022-12-29,0,2
ODISHA,Greenfield Highway,70.662 - 77.012,70.662,77.012,6.35,DHENKANAL,1,1,7,256,30.2502,0.1182,40.31,4.7638,2022-12-12,2022-12-12,0,2
ODISHA,Greenfield Highway,72.800 - 73.250,72.8,73.25,0.45,Jagatsinghpur,1,1,1,41,2.3922,0.0583,91.11,5.316,2024-01-09,2024-01-09,0,0
ODISHA,Greenfield Highway,77.012 - 94.052,77.012,94.052,17.04,Cuttack,1,1,16,642,88.125,0.1373,37.68,5.1717,2022-12-12,2023-05-30,169,2
ODISHA,Greenfield Highway,89.400 - 93.800,89.4,93.8,4.4,PURI,1,1,10,403,30.9113,0.0767,91.59,7.0253,2023-03-22,2023-03-22,0,2
ODISHA,Greenfield Highway,94.052 - 111.162,94.052,111.162,17.11,Cuttack,1,1,22,1358,135.6249,0.0999,79.37,7.9266,2022-12-12,2023-06-30,200,2
ODISHA,NH53,178.000 - 182.540,178.0,182.54,4.54,Deogarh,1,1,3,375,16.2522,0.0433,82.6,3.5798,2022-02-28,2022-02-28,0,1
ODISHA,NH53,246.100 - 321.000,246.1,321.0,74.9,Angul,1,1,19,1871,72.169,0.0386,24.98,0.9635,2017-03-07,2018-06-05,455,3
ODISHA,NH53,301.474 - 371.000,301.474,371.0,69.526,DHENKANAL,1,3,27,132,4.7179,0.038,1.9,0.0679,2010-06-03,2020-11-02,3805,2
ODISHA,NH53,306.500 - 368.000,306.5,368.0,61.5,DHENKANAL,1,3,12,25,0.7501,0.03,0.41,0.0122,2010-06-25,2018-10-26,3045,2
ODISHA,NH53,373.500 - 390.000,373.5,390.0,16.5,Jajpur,1,1,7,100,14.059,0.1406,6.06,0.8521,2018-10-26,2018-10-26,0,0
ODISHA,NH53,65.755 - 77.000,65.755,77.0,11.245,Jagatsinghpur,1,1,3,97,12.6336,0.1302,8.63,1.1235,2025-05-01,2025-05-01,0,0
ODISHA,NH53,75.200 - 84.000,75.2,84.0,8.8,Angul,1,2,25,1508,61.712,0.0409,171.36,7.0127,2021-11-11,2021-11-11,0,2
ODISHA,Ring Road,0.000 - 34.800,0.0,34.8,34.8,SAMBALPUR,1,3,21,1249,195.8066,0.1568,35.89,5.6266,2022-12-29,2022-12-29,0,2
PUNJAB,1,96.000 - 387.100,96.0,387.1,291.1,LUDHIANA,1,1,1,3,0.212,0.0707,0.01,0.0007,2020-02-19,2020-02-19,0,0
PUNJAB,105,0.000 - 42.733,0.0,42.733,42.733,MOGA,1,1,3,348,38.5233,0.1107,8.14,0.9015,2020-04-22,2020-05-22,30,2
PUNJAB,105,0.000 - 43.319,0.0,43.319,43.319,FARIDKOT|MOGA,2,3,14,227,17.4682,0.077,5.24,0.4032,2020-06-04,2023-10-12,1225,4
PUNJAB,105,11.000 - 26.100,11.0,26.1,15.1,MOGA,1,1,9,1356,141.6924,0.1045,89.8,9.3836,2020-04-22,2020-05-22,30,2
PUNJAB,105,38.100 - 49.200,38.1,49.2,11.1,FARIDKOT,1,1,2,60,15.3397,0.2557,5.41,1.382,2020-06-04,2020-06-04,0,0
PUNJAB,148B,236.600 - 242.900,236.6,242.9,6.3,SANGRUR,1,1,2,152,15.3477,0.101,24.13,2.4361,2019-06-18,2019-06-18,0,0
PUNJAB,148B,242.900 - 249.100,242.9,249.1,6.2,SANGRUR,1,1,2,59,9.0184,0.1529,9.52,1.4546,2019-06-18,2019-06-18,0,0
PUNJAB,148B,249.100 - 287.710,249.1,287.71,38.61,MANSA,1,1,6,192,8.257,0.043,4.97,0.2139,2019-01-24,2023-06-30,1618,2
PUNJAB,15,215.900 - 265.750,215.9,265.75,49.85,FARIDKOT,1,1,2,9,1.4177,0.1575,0.18,0.0284,2014-02-04,2014-02-04,0,0
PUNJAB,205,28.600 - 71.500,28.6,71.5,42.9,Roopnagar,1,1,1,1,0.0337,0.0337,0.02,0.0008,2021-08-18,2021-08-18,0,0
PUNJAB,205 AG,0.000 - 27.355,0.0,27.355,27.355,FATEHGARH SAHIB,1,2,24,1187,181.0909,0.1526,43.39,6.62,2022-12-29,2023-07-11,194,2
PUNJAB,205 AG,27.355 - 33.800,27.355,33.8,6.445,PATIALA,1,1,4,196,29.9857,0.153,30.41,4.6526,2022-12-20,2022-12-20,0,1
PUNJAB,205 AG,33.800 - 62.255,33.8,62.255,28.455,MALERKOTLA,1,2,20,939,168.4342,0.1794,33.0,5.9193,2023-02-22,2023-02-22,0,2
PUNJAB,205 AG,62.255 - 75.365,62.255,75.365,13.11,SANGRUR,1,1,9,545,78.6768,0.1444,41.57,6.0013,2022-12-09,2023-07-28,231,2
PUNJAB,205 AG,75.365 - 107.844,75.365,107.844,32.479,BARNALA,1,3,14,1459,200.9634,0.1377,44.92,6.1875,2023-02-14,2023-02-14,0,2
PUNJAB,205A,0.000 - 10.900,0.0,10.9,10.9,S.A.S Nagar Mohali,1,1,3,406,48.2381,0.1188,37.25,4.4255,2021-02-25,2024-12-11,1385,4
PUNJAB,205A,0.000 - 20.200,0.0,20.2,20.2,FATEHGARH SAHIB,1,2,22,1856,139.1668,0.075,91.88,6.8894,2021-06-21,2024-08-12,1148,4
PUNJAB,205A,0.000 - 31.280,0.0,31.28,31.28,S.A.S Nagar Mohali,1,2,28,2723,212.9589,0.0782,87.05,6.8081,2021-02-22,2023-08-24,913,3
PUNJAB,205A,20.200 - 28.140,20.2,28.14,7.94,S.A.S Nagar Mohali,1,2,8,566,56.7988,0.1004,71.28,7.1535,2021-05-10,2024-01-31,996,3
PUNJAB,205A,5.950 - 25.500,5.95,25.5,19.55,S.A.S Nagar Mohali,1,2,28,1255,155.535,0.1239,64.19,7.9558,2021-02-25,2025-01-03,1408,4
PUNJAB,205K,0.000 - 15.000,0.0,15.0,15.0,Roopnagar,1,1,17,759,85.6283,0.1128,50.6,5.7086,2021-03-24,2025-05-09,1507,4
PUNJAB,205K,0.000 - 18.000,0.0,18.0,18.0,LUDHIANA,1,2,10,767,123.5194,0.161,42.61,6.8622,2021-03-09,2022-11-29,630,3
PUNJAB,205K,0.000 - 26.000,0.0,26.0,26.0,LUDHIANA,1,3,15,1193,180.4008,0.1512,45.88,6.9385,2021-04-13,2025-02-11,1400,4
PUNJAB,205K,0.000 - 66.700,0.0,66.7,66.7,LUDHIANA,1,4,66,3269,454.5174,0.139,49.01,6.8144,2021-02-16,2023-10-03,959,3
PUNJAB,205K,15.000 - 19.500,15.0,19.5,4.5,S.A.S Nagar Mohali,1,1,6,216,31.6221,0.1464,48.0,7.0271,2021-02-16,2023-07-11,875,3
PUNJAB,205K,66.700 - 91.000,66.7,91.0,24.3,Roopnagar,1,2,36,2018,198.1023,0.0982,83.05,8.1524,2021-02-22,2025-05-09,1537,4
PUNJAB,21,0.000 - 10.185,0.0,10.185,10.185,S.A.S Nagar Mohali,1,1,1,2,0.0151,0.0076,0.2,0.0015,2021-10-06,2021-10-06,0,0
PUNJAB,21,72.000 - 82.000,72.0,82.0,10.0,Roopnagar,1,1,2,6,0.1691,0.0282,0.6,0.0169,2021-07-09,2021-07-09,0,0
PUNJAB,254,0.000 - 38.000,0.0,38.0,38.0,MOGA,1,1,1,22,2.2435,0.102,0.58,0.059,2019-02-05,2019-02-05,0,0
PUNJAB,254,105.890 - 132.300,105.89,132.3,26.41,BATHINDA,1,1,1,295,4.2801,0.0145,11.17,0.1621,2018-12-07,2018-12-07,0,1
PUNJAB,254,132.300 - 155.300,132.3,155.3,23.0,BATHINDA,1,1,8,706,60.6307,0.0859,30.7,2.6361,2023-07-28,2023-07-28,0,2
PUNJAB,254,38.000 - 51.200,38.0,51.2,13.2,MOGA,1,1,5,173,10.3193,0.0596,13.11,0.7818,2023-04-06,2023-04-06,0,0
PUNJAB,254,51.200 - 80.160,51.2,80.16,28.96,BATHINDA,1,1,6,513,56.4417,0.11,17.71,1.949,2023-07-11,2023-07-11,0,2
PUNJAB,254,56.240 - 70.500,56.24,70.5,14.26,BATHINDA,1,1,1,32,2.4358,0.0761,2.24,0.1708,2019-07-11,2019-07-11,0,0
PUNJAB,344A,0.000 - 80.820,0.0,80.82,80.82,KAPURTHALA|NAWANSHAHR,2,3,29,609,13.6959,0.0225,7.54,0.1695,2017-06-08,2023-07-26,2239,4
PUNJAB,344A,3.900 - 6.800,3.9,6.8,2.9,NAWANSHAHR,1,1,2,139,14.4043,0.1036,47.93,4.967,2023-06-28,2024-12-13,534,1
PUNJAB,344A,55.165 - 80.820,55.165,80.82,25.655,NAWANSHAHR,1,1,19,182,7.8047,0.0429,7.09,0.3042,2019-10-17,2021-06-11,603,1
PUNJAB,344B,0.000 - 16.300,0.0,16.3,16.3,KAPURTHALA,1,1,17,566,33.5396,0.0593,34.72,2.0576,2022-12-20,2025-02-17,790,3
PUNJAB,344B,16.300 - 42.400,16.3,42.4,26.1,HOSHIARPUR,1,1,21,1856,146.8348,0.0791,71.11,5.6259,2022-09-22,2023-03-17,176,2
PUNJAB,354,0.000 - 44.154,0.0,44.154,44.154,AMRITSAR,1,2,32,2155,272.8949,0.1266,48.81,6.1805,2020-12-18,2024-07-24,1314,4
PUNJAB,354,100.835 - 140.000,100.835,140.0,39.165,AMRITSAR,1,1,23,1491,74.2975,0.0498,38.07,1.897,2020-11-18,2024-07-22,1342,4
PUNJAB,354,140.000 - 187.492,140.0,187.492,47.492,GURDASPUR,1,2,8,122,7.6582,0.0628,2.57,0.1613,2019-02-05,2021-03-24,778,1
PUNJAB,354,201.500 - 269.960,201.5,269.96,68.46,SRI MUKTSAR SAHIB,1,1,1,20,1.4063,0.0703,0.29,0.0205,2023-11-14,2023-11-14,0,0
PUNJAB,354,212.500 - 229.690,212.5,229.69,17.19,FIROZPUR,1,1,15,620,73.082,0.1179,36.07,4.2514,2021-12-30,2024-04-26,848,3
PUNJAB,354,271.240 - 287.040,271.24,287.04,15.8,SRI MUKTSAR SAHIB,1,1,5,623,67.3718,0.1081,39.43,4.264,2023-03-07,2023-03-07,0,2
PUNJAB,354,279.400 - 307.060,279.4,307.06,27.66,SRI MUKTSAR SAHIB,1,1,1,29,2.7821,0.0959,1.05,0.1006,2024-02-12,2024-02-12,0,0
PUNJAB,354E,0.000 - 25.000,0.0,25.0,25.0,FAZILKA,1,1,1,19,0.8876,0.0467,0.76,0.0355,2019-08-21,2019-08-21,0,0
PUNJAB,354E,25.000 - 50.885,25.0,50.885,25.885,SRI MUKTSAR SAHIB,1,1,2,34,2.3511,0.0692,1.31,0.0908,2019-02-11,2019-02-11,0,0
PUNJAB,5,0.000 - 86.199,0.0,86.199,86.199,LUDHIANA,1,1,3,70,1.4667,0.021,0.81,0.017,2022-03-29,2022-03-29,0,0
PUNJAB,5,10.185 - 86.199,10.185,86.199,76.014,FATEHGARH SAHIB|LUDHIANA|Roopnagar|S.A.S Nagar Mohali,4,5,35,1074,49.1726,0.0458,14.13,0.6469,2018-08-14,2020-04-22,617,4
PUNJAB,503(Extn.),108.395 - 135.145,108.395,135.145,26.75,HOSHIARPUR,1,2,23,1523,97.3342,0.0639,56.93,3.6387,2022-11-16,2023-03-28,132,2
PUNJAB,503(Extn.),62.152 - 63.416,62.152,63.416,1.264,Roopnagar,1,1,1,14,1.4111,0.1008,11.08,1.1164,2019-11-05,2019-11-05,0,0
PUNJAB,503A,19.000 - 44.250,19.0,44.25,25.25,AMRITSAR,1,1,18,1291,74.295,0.0575,51.13,2.9424,2020-02-11,2025-04-16,1891,4
PUNJAB,503A,44.250 - 65.400,44.25,65.4,21.15,GURDASPUR,1,1,19,1017,67.6172,0.0665,48.09,3.197,2020-02-11,2022-05-17,826,3
PUNJAB,503A,65.400 - 85.200,65.4,85.2,19.8,HOSHIARPUR,1,1,15,1167,81.6253,0.0699,58.94,4.1225,2021-06-25,2023-04-03,647,3
PUNJAB,503A,8.270 - 19.000,8.27,19.0,10.73,AMRITSAR,1,1,9,899,62.3111,0.0693,83.78,5.8072,2020-02-11,2024-07-22,1623,4
PUNJAB,503D,0.000 - 22.000,0.0,22.0,22.0,AMRITSAR,1,1,15,1383,83.0991,0.0601,62.86,3.7772,2021-05-05,2024-09-20,1234,4
PUNJAB,503D,22.000 - 69.000,22.0,69.0,47.0,GURDASPUR,1,2,55,3483,200.9412,0.0577,74.11,4.2753,2021-06-17,2024-07-10,1119,4
PUNJAB,54,0.000 - 17.000,0.0,17.0,17.0,BATHINDA,1,2,7,919,76.0505,0.0828,54.06,4.4736,2020-06-20,2022-12-07,900,3
PUNJAB,54,112.575 - 168.400,112.575,168.4,55.825,Tarn Taran,1,1,1,8,0.3213,0.0402,0.14,0.0058,2025-02-14,2025-02-14,0,0
PUNJAB,54,17.000 - 56.000,17.0,56.0,39.0,SRI MUKTSAR SAHIB,1,1,1,9,0.516,0.0573,0.23,0.0132,2020-06-12,2022-11-29,900,1
PUNJAB,54,22.650 - 60.270,22.65,60.27,37.62,GURDASPUR,1,1,2,2,0.1088,0.0544,0.05,0.0029,2022-11-17,2025-01-20,795,1
PUNJAB,54,7.600 - 7.600,7.6,7.6,0.0,BATHINDA,1,1,2,556,0.983,0.0018,,,2018-04-17,2018-04-17,0,1
PUNJAB,62,0.000 - 32.550,0.0,32.55,32.55,FAZILKA,1,1,16,468,14.4045,0.0308,14.38,0.4425,2020-11-23,2023-10-12,1053,2
PUNJAB,64ext,0.000 - 27.650,0.0,27.65,27.65,BATHINDA,1,1,9,640,43.2988,0.0677,23.15,1.566,2020-10-19,2024-04-10,1269,4
PUNJAB,7,0.000 - 39.000,0.0,39.0,39.0,PATIALA,1,1,26,987,121.8282,0.1234,25.31,3.1238,2021-12-03,2022-07-21,230,2
PUNJAB,7,0.000 - 50.700,0.0,50.7,50.7,PATIALA,1,1,12,307,15.9156,0.0518,6.06,0.3139,2012-10-10,2012-10-10,0,1
PUNJAB,7,109.000 - 93.000,109.0,93.0,-16.0,SRI MUKTSAR SAHIB,1,1,4,140,3.8265,0.0273,-8.75,-0.2392,2020-02-06,2020-02-06,0,0
PUNJAB,7,123.200 - 109.000,123.2,109.0,-14.2,BATHINDA,1,1,5,119,4.4456,0.0374,-8.38,-0.3131,2020-06-03,2020-06-03,0,0
PUNJAB,7,50.000 - 76.000,50.0,76.0,26.0,PATIALA,1,1,20,279,15.6395,0.0561,10.73,0.6015,2013-05-03,2013-05-03,0,1
PUNJAB,7,66.800 - 82.300,66.8,82.3,15.5,FAZILKA,1,1,5,696,55.2446,0.0794,44.9,3.5642,2022-09-30,2024-03-11,528,3
PUNJAB,7,70.000 - 50.000,70.0,50.0,-20.0,FAZILKA,1,1,17,1288,52.3584,0.0407,-64.4,-2.6179,2020-11-23,2023-07-11,960,3
PUNJAB,7,76.000 - 126.000,76.0,126.0,50.0,SANGRUR,1,2,25,1050,83.8613,0.0799,21.0,1.6772,2013-05-03,2013-05-03,0,2
PUNJAB,7,76.500 - 114.400,76.5,114.4,37.9,FAZILKA,1,2,17,1488,140.004,0.0941,39.26,3.694,2022-09-30,2024-03-11,528,3
PUNJAB,7,80.000 - 70.000,80.0,70.0,-10.0,SRI MUKTSAR SAHIB,1,1,6,456,17.657,0.0387,-45.6,-1.7657,2020-10-20,2022-09-30,710,2
PUNJAB,7,87.750 - 80.200,87.75,80.2,-7.55,SRI MUKTSAR SAHIB,1,1,3,434,33.0148,0.0761,-57.48,-4.3728,2021-06-28,2023-10-12,836,3
PUNJAB,7,93.000 - 84.600,93.0,84.6,-8.4,SRI MUKTSAR SAHIB,1,1,1,39,0.3639,0.0093,-4.64,-0.0433,2020-02-06,2020-02-06,0,0
PUNJAB,70,11.400 - 25.200,11.4,25.2,13.8,JALANDHAR,1,1,4,86,0.8386,0.0098,6.23,0.0608,2021-05-28,2021-05-28,0,0
PUNJAB,703,0.000 - 17.900,0.0,17.9,17.9,KAPURTHALA,1,1,18,790,97.3999,0.1233,44.13,5.4413,2024-04-25,2024-04-25,0,2
PUNJAB,703,0.000 - 18.200,0.0,18.2,18.2,FIROZPUR,1,1,4,74,3.5152,0.0475,4.07,0.1931,2020-07-31,2021-07-02,336,0
PUNJAB,703,18.200 - 24.600,18.2,24.6,6.4,FIROZPUR,1,1,2,76,1.064,0.014,11.88,0.1662,2020-06-22,2020-06-22,0,0
PUNJAB,703,36.250 - 38.650,36.25,38.65,2.4,KAPURTHALA,1,1,2,107,10.5506,0.0986,44.58,4.3961,2023-04-28,2023-04-28,0,0
PUNJAB,703,9.200 - 29.350,9.2,29.35,20.15,JALANDHAR,1,1,1,15,1.6161,0.1077,0.74,0.0802,2024-05-29,2024-05-29,0,0
PUNJAB,703B,23.700 - 25.450,23.7,25.45,1.75,MOGA,1,1,1,34,0.4439,0.0131,19.43,0.2537,2019-06-27,2019-06-27,0,0
PUNJAB,703B,25.450 - 33.611,25.45,33.611,8.161,FIROZPUR,1,1,1,1,0.0031,0.0031,0.12,0.0004,2019-08-06,2019-08-06,0,0
PUNJAB,703B,44.680 - 86.236,44.68,86.236,41.556,Tarn Taran,1,1,2,127,0.4984,0.0039,3.06,0.012,2019-08-09,2019-08-09,0,0
PUNJAB,71,44.600 - 77.200,44.6,77.2,32.6,MOGA,1,1,6,70,2.192,0.0313,2.15,0.0672,2019-07-11,2019-07-11,0,0
PUNJAB,71,77.200 - 114.000,77.2,114.0,36.8,MOGA,1,1,8,142,2.9544,0.0208,3.86,0.0803,2019-01-24,2019-01-24,0,0
PUNJAB,72,0.000 - 3.200,0.0,3.2,3.2,S.A.S Nagar Mohali,1,1,4,257,26.8554,0.1045,80.31,8.3923,2022-11-04,2024-09-06,672,3
PUNJAB,72,3.200 - 32.996,3.2,32.996,29.796,S.A.S Nagar Mohali,1,1,1,1,0.2306,0.2306,0.03,0.0077,2022-11-04,2022-11-04,0,0
PUNJAB,754,74.000 - 78.000,74.0,78.0,4.0,FAZILKA,1,1,1,6,0.0204,0.0034,1.5,0.0051,2021-10-07,2021-10-07,0,0
PUNJAB,754A,0.000 - 14.100,0.0,14.1,14.1,KAPURTHALA,1,1,12,900,118.9829,0.1322,63.83,8.4385,2021-03-10,2023-07-03,845,3
PUNJAB,754A,137.000 - 141.000,137.0,141.0,4.0,BATHINDA,1,1,5,394,65.1623,0.1654,98.5,16.2906,2021-04-13,2023-01-04,631,3
PUNJAB,754A,14.100 - 30.250,14.1,30.25,16.15,JALANDHAR,1,1,12,1057,105.4664,0.0998,65.45,6.5304,2021-02-25,2023-07-11,866,3
PUNJAB,754A,144.000 - 155.000,144.0,155.0,11.0,BATHINDA,1,3,21,2080,278.1775,0.1337,189.09,25.2889,2021-04-13,2023-10-12,912,3
PUNJAB,754A,29.250 - 89.100,29.25,89.1,59.85,MOGA,1,2,34,1554,121.6899,0.0783,25.96,2.0332,2021-10-06,2024-07-24,1022,3
PUNJAB,754A,30.250 - 78.000,30.25,78.0,47.75,MOGA,1,1,22,1666,223.248,0.134,34.89,4.6754,2021-03-12,2021-12-16,279,2
PUNJAB,754A,78.000 - 89.000,78.0,89.0,11.0,MOGA,1,1,13,1077,162.9976,0.1513,97.91,14.818,2021-03-10,2021-03-10,0,2
PUNJAB,754A,89.000 - 137.000,89.0,137.0,48.0,BATHINDA,1,1,11,1238,194.361,0.157,25.79,4.0492,2021-04-13,2023-01-04,631,3
PUNJAB,754AD,0.000 - 34.000,0.0,34.0,34.0,LUDHIANA,1,3,18,2441,248.0206,0.1016,71.79,7.2947,2021-05-24,2023-09-19,848,3
PUNJAB,754AD,34.000 - 64.000,34.0,64.0,30.0,BARNALA,1,3,12,1859,195.2417,0.105,61.97,6.5081,2021-05-10,2023-12-01,935,3
PUNJAB,754AD,64.000 - 78.000,64.0,78.0,14.0,BATHINDA,1,1,7,675,89.8588,0.1331,48.21,6.4185,2021-04-12,2024-03-05,1058,3
PUNJAB,9,0.000 - 7.000,0.0,7.0,7.0,SRI MUKTSAR SAHIB,1,1,8,463,38.9466,0.0841,66.14,5.5638,2021-06-28,2023-10-12,836,3
PUNJAB,9,29.500 - 32.500,29.5,32.5,3.0,SRI MUKTSAR SAHIB,1,1,2,120,12.9654,0.108,40.0,4.3218,2021-06-28,2022-09-22,451,1
PUNJAB,9,32.500 - 37.200,32.5,37.2,4.7,BATHINDA,1,1,1,218,21.5943,0.0991,46.38,4.5945,2021-07-15,2023-07-17,732,3
PUNJAB,9,7.000 - 29.500,7.0,29.5,22.5,SRI MUKTSAR SAHIB,1,1,3,31,1.7375,0.056,1.38,0.0772,2021-06-28,2021-06-28,0,0
PUNJAB,95,0.000 - 17.040,0.0,17.04,17.04,LUDHIANA,1,1,13,562,84.1382,0.1497,32.98,4.9377,2016-05-12,2019-09-18,1224,4
PUNJAB,95,104.240 - 123.800,104.24,123.8,19.56,LUDHIANA,1,1,7,49,0.8355,0.0171,2.51,0.0427,2014-09-18,2014-09-18,0,0
PUNJAB,95,123.800 - 167.650,123.8,167.65,43.85,MOGA,1,1,8,74,1.6817,0.0227,1.69,0.0384,2014-09-08,2014-09-08,0,0
PUNJAB,95,170.380 - 194.040,170.38,194.04,23.66,FIROZPUR,1,1,2,29,2.7595,0.0952,1.23,0.1166,2019-03-06,2019-03-06,0,0
PUNJAB,95,92.000 - 104.240,92.0,104.24,12.24,LUDHIANA,1,1,2,5,0.124,0.0248,0.41,0.0101,2014-09-08,2014-09-08,0,0
PUNJAB,Greenfield Highway,0.000 - 6.800,0.0,6.8,6.8,JALANDHAR,1,1,2,189,21.7228,0.1149,27.79,3.1945,2023-04-05,2023-09-04,152,1
PUNJAB,NE5,135.200 - 163.800,135.2,163.8,28.6,PATIALA,1,1,11,2164,323.3788,0.1494,75.66,11.307,2020-10-29,2023-07-03,977,3
PUNJAB,NE5,163.800 - 173.000,163.8,173.0,9.2,SANGRUR,1,1,7,692,87.0388,0.1258,75.22,9.4607,2020-09-22,2022-04-28,583,3
PUNJAB,NE5,173.000 - 194.000,173.0,194.0,21.0,LUDHIANA|SANGRUR,2,2,10,1263,232.6544,0.1842,60.14,11.0788,2020-09-29,2025-04-25,1669,5
PUNJAB,NE5,175.900 - 177.800,175.9,177.8,1.9,SANGRUR,1,1,1,200,19.2094,0.096,105.26,10.1102,2020-09-15,2023-05-25,982,2
PUNJAB,NE5,190.500 - 192.800,190.5,192.8,2.3,SANGRUR,1,1,1,174,21.6889,0.1246,75.65,9.43,2020-09-15,2024-08-06,1421,3
PUNJAB,NE5,194.000 - 211.300,194.0,211.3,17.3,SANGRUR,1,1,14,911,157.7813,0.1732,52.66,9.1203,2020-09-29,2023-05-03,946,3
PUNJAB,NE5,211.300 - 228.000,211.3,228.0,16.7,SANGRUR,1,1,11,713,151.1154,0.2119,42.69,9.0488,2020-10-29,2024-10-15,1447,4
PUNJAB,NE5,228.000 - 238.100,228.0,238.1,10.1,SANGRUR,1,1,7,806,147.501,0.183,79.8,14.6041,2020-10-29,2024-02-16,1205,4
PUNJAB,NE5,238.100 - 268.900,238.1,268.9,30.8,LUDHIANA,1,1,19,3593,350.1449,0.0975,116.66,11.3683,2020-11-13,2025-05-01,1630,4
PUNJAB,NE5,242.500 - 244.500,242.5,244.5,2.0,LUDHIANA,1,1,2,152,18.0871,0.119,76.0,9.0436,2020-10-22,2023-08-11,1023,1
PUNJAB,NE5,268.900 - 274.800,268.9,274.8,5.9,LUDHIANA,1,1,3,735,66.5852,0.0906,124.58,11.2856,2020-10-22,2025-01-07,1538,4
PUNJAB,NE5,274.800 - 293.800,274.8,293.8,19.0,JALANDHAR,1,1,18,1638,193.2734,0.118,86.21,10.1723,2020-10-22,2022-04-26,551,3
PUNJAB,NE5,293.800 - 304.700,293.8,304.7,10.9,JALANDHAR,1,1,6,1279,131.8041,0.1031,117.34,12.0921,2020-10-22,2021-11-22,396,3
PUNJAB,NE5,304.700 - 335.800,304.7,335.8,31.1,JALANDHAR,1,1,26,3945,397.0878,0.1007,126.85,12.7681,2020-10-22,2022-05-27,582,3
PUNJAB,NE5,322.000 - 333.200,322.0,333.2,11.2,KAPURTHALA,1,1,2,348,36.6283,0.1053,31.07,3.2704,2020-09-22,2024-08-06,1414,4
PUNJAB,NE5,335.800 - 352.900,335.8,352.9,17.1,KAPURTHALA,1,1,18,1101,154.3185,0.1402,64.39,9.0245,2020-12-15,2022-02-11,423,3
PUNJAB,NE5,352.900 - 371.800,352.9,371.8,18.9,GURDASPUR,1,1,14,1532,207.2193,0.1353,81.06,10.964,2020-11-18,2021-11-23,370,3
PUNJAB,NE5,371.800 - 406.500,371.8,406.5,34.7,GURDASPUR,1,1,29,2242,286.1654,0.1276,64.61,8.2468,2020-05-24,2022-06-09,746,3
PUNJAB,NE5,416.700 - 432.300,416.7,432.3,15.6,PATHANKOT,1,1,14,656,66.1799,0.1009,42.05,4.2423,2021-04-09,2024-12-11,1342,4
PUNJAB,NE5A,0.000 - 13.500,0.0,13.5,13.5,JALANDHAR,1,1,10,1004,144.0635,0.1435,74.37,10.6714,2020-12-31,2023-05-23,873,3
PUNJAB,NE5A,13.500 - 38.900,13.5,38.9,25.4,KAPURTHALA,1,2,17,1566,257.6532,0.1645,61.65,10.1438,2020-12-04,2024-08-06,1341,4
PUNJAB,NE5A,38.900 - 62.250,38.9,62.25,23.35,Tarn Taran,1,2,21,1919,264.3367,0.1377,82.18,11.3206,2020-12-03,2024-04-10,1224,4
PUNJAB,NE5A,62.250 - 98.935,62.25,98.935,36.685,AMRITSAR,1,3,23,2846,450.0651,0.1581,77.58,12.2684,2020-12-04,2025-01-03,1491,4
PUNJAB,NH-05,0.000 - 10.100,0.0,10.1,10.1,S.A.S Nagar Mohali,1,1,3,144,34.3815,0.2388,14.26,3.4041,2023-04-25,2023-04-25,0,1
PUNJAB,Newly Proposed,0.000 - 13.000,0.0,13.0,13.0,PATHANKOT,1,1,19,781,87.5622,0.1121,60.08,6.7356,2022-02-15,2023-06-28,498,3
PUNJAB,Newly Proposed,0.000 - 4.250,0.0,4.25,4.25,GURDASPUR,1,1,3,410,43.5232,0.1062,96.47,10.2408,2019-03-07,2019-06-18,103,2
PUNJAB,Newly Proposed,22.673 - 71.496,22.673,71.496,48.823,Tarn Taran,1,1,1,31,4.6216,0.1491,0.63,0.0947,2019-04-09,2019-04-09,0,0
PUNJAB,No Yet to be Assigned,3.850 - 5.950,3.85,5.95,2.1,PATIALA,1,1,1,69,12.3027,0.1783,32.86,5.8584,2021-02-25,2021-02-25,0,0
PUNJAB,Ring Road,0.000 - 15.500,0.0,15.5,15.5,JALANDHAR,1,1,13,1254,136.3652,0.1087,80.9,8.7978,2021-01-28,2024-03-06,1133,4
PUNJAB,Ring Road,1.000 - 3.500,1.0,3.5,2.5,S.A.S Nagar Mohali,1,1,3,178,21.645,0.1216,71.2,8.658,2022-02-28,2024-02-16,718,2
PUNJAB,Ring Road,15.500 - 23.500,15.5,23.5,8.0,JALANDHAR,1,2,14,606,47.5719,0.0785,75.75,5.9465,2021-02-09,2024-05-29,1205,4
PUNJAB,Ring Road,23.500 - 25.500,23.5,25.5,2.0,KAPURTHALA,1,1,3,266,19.7994,0.0744,133.0,9.8997,2021-03-24,2024-01-17,1029,2
PUNJAB,Ring Road,25.500 - 27.000,25.5,27.0,1.5,JALANDHAR,1,2,27,349,26.0658,0.0747,232.67,17.3772,2021-02-09,2024-05-29,1205,4
PUNJAB,Ring Road,27.000 - 29.500,27.0,29.5,2.5,KAPURTHALA,1,1,1,238,22.827,0.0959,95.2,9.1308,2021-03-24,2023-02-28,706,3
PUNJAB,Ring Road,29.500 - 45.800,29.5,45.8,16.3,JALANDHAR,1,1,18,983,113.1783,0.1151,60.31,6.9435,2021-01-28,2022-04-07,434,3
PUNJAB,Ring Road,45.800 - 47.000,45.8,47.0,1.2,JALANDHAR,1,1,1,122,12.9342,0.106,101.67,10.7785,2021-02-23,2024-05-06,1168,2
RAJASTHAN,11,0.000 - 49.000,0.0,49.0,49.0,JHUNJHUNU|SIKAR,2,3,18,762,156.1115,0.2049,15.55,3.1859,2019-02-11,2024-12-27,2146,5
RAJASTHAN,11,160.000 - 200.000,160.0,200.0,40.0,JODHPUR,1,1,2,37,7.2915,0.1971,0.92,0.1823,2020-12-31,2020-12-31,0,0
RAJASTHAN,11,200.000 - 328.500,200.0,328.5,128.5,JAISALMER,1,1,3,5,1.6231,0.3246,0.04,0.0126,2018-09-28,2019-02-05,130,0
RAJASTHAN,11,22.100 - 24.660,22.1,24.66,2.56,ALWAR,1,1,2,177,11.415,0.0645,69.14,4.459,2019-10-29,2022-11-04,1102,2
RAJASTHAN,11,419.920 - 442.392,419.92,442.392,22.472,CHURU,1,1,4,28,23.6425,0.8444,1.25,1.0521,2013-12-10,2013-12-10,0,1
RAJASTHAN,11,506.700 - 531.100,506.7,531.1,24.4,BIKANER,1,2,3,16,12.71,0.7944,0.66,0.5209,2013-12-10,2013-12-10,0,0
RAJASTHAN,112,0.000 - 36.000,0.0,36.0,36.0,PALI,1,2,9,76,4.9939,0.0657,2.11,0.1387,2020-03-16,2020-09-22,190,0
RAJASTHAN,112,36.000 - 85.750,36.0,85.75,49.75,JODHPUR,1,1,3,42,5.8696,0.1432,0.84,0.118,2015-10-12,2023-12-29,3000,2
RAJASTHAN,113,151.500 - 180.000,151.5,180.0,28.5,BANSWARA,1,1,1,2,0.1618,0.0809,0.07,0.0057,2025-03-26,2025-03-26,0,0
RAJASTHAN,113,18.000 - 52.000,18.0,52.0,34.0,PRATAPGARH,1,1,17,175,14.23,0.0813,5.15,0.4185,2014-02-04,2014-02-04,0,0
RAJASTHAN,113,72.000 - 83.000,72.0,83.0,11.0,PRATAPGARH,1,1,10,391,68.4328,0.1759,35.55,6.2212,2018-03-20,2025-01-30,2508,4
RAJASTHAN,114,11.000 - 149.461,11.0,149.461,138.461,JODHPUR,1,1,1,7,1.018,0.1454,0.05,0.0074,2018-03-16,2018-03-16,0,0
RAJASTHAN,116,1.300 - 63.178,1.3,63.178,61.878,TONK,1,2,8,252,41.4507,0.1645,4.07,0.6699,2016-06-30,2018-05-23,692,3
RAJASTHAN,116,63.178 - 78.000,63.178,78.0,14.822,SAWAI MADHOPUR,1,1,1,122,7.015,0.0575,8.23,0.4733,2016-03-16,2018-04-10,755,1
RAJASTHAN,116,75.600 - 77.000,75.6,77.0,1.4,SAWAI MADHOPUR,1,1,1,17,1.9787,0.1164,12.14,1.4134,2022-01-04,2024-09-03,973,1
RAJASTHAN,11A,0.000 - 62.318,0.0,62.318,62.318,JAIPUR,1,1,1,2,0.012,0.006,0.03,0.0002,2023-08-21,2023-08-21,0,0
RAJASTHAN,11A,58.320 - 62.318,58.32,62.318,3.998,JAIPUR,1,1,1,4,2.8961,0.724,1.0,0.7244,2019-12-06,2019-12-06,0,0
RAJASTHAN,11A Ext,0.000 - 83.453,0.0,83.453,83.453,DAUSA|TONK,2,3,6,46,4.8503,0.1054,0.55,0.0581,2018-11-29,2024-12-27,2220,3
RAJASTHAN,11B,65.130 - 84.000,65.13,84.0,18.87,KARAULI,1,1,1,10,0.3385,0.0339,0.53,0.0179,2019-12-20,2020-12-28,374,1
RAJASTHAN,11B,83.960 - 184.460,83.96,184.46,100.5,DHOLPUR,1,1,9,26,3.1834,0.1224,0.26,0.0317,2024-02-13,2024-02-13,0,0
RAJASTHAN,12,256.550 - 289.550,256.55,289.55,33.0,KOTA,1,1,1,1,0.12,0.12,0.03,0.0036,2023-03-17,2023-03-17,0,0
RAJASTHAN,123(507),0.000 - 7.350,0.0,7.35,7.35,DHOLPUR,1,1,5,11,1.4516,0.132,1.5,0.1975,2018-07-24,2018-07-24,0,0
RAJASTHAN,14,246.000 - 306.000,246.0,306.0,60.0,SIROHI,1,1,1,11,1.2134,0.1103,0.18,0.0202,2019-12-20,2019-12-20,0,0
RAJASTHAN,148B,0.000 - 3.050,0.0,3.05,3.05,JAIPUR,1,1,3,168,25.0161,0.1489,55.08,8.202,2022-07-22,2022-07-22,0,1
RAJASTHAN,148B,0.000 - 4.900,0.0,4.9,4.9,JAIPUR,1,1,4,427,47.1226,0.1104,87.14,9.6169,2019-07-11,2021-06-28,718,3
RAJASTHAN,148B,3.150 - 86.513,3.15,86.513,83.363,ALWAR,1,6,55,3533,553.8094,0.1568,42.38,6.6433,2022-08-22,2023-05-17,268,2
RAJASTHAN,148D,0.000 - 10.700,0.0,10.7,10.7,RAJSAMAND,1,1,7,372,38.7446,0.1042,34.77,3.621,2013-06-17,2013-06-17,0,2
RAJASTHAN,148D,10.700 - 19.100,10.7,19.1,8.4,BHILWARA,1,1,3,169,17.7972,0.1072,20.12,2.1187,2013-06-17,2013-06-17,0,0
RAJASTHAN,148D,120.760 - 124.832,120.76,124.832,4.072,BHILWARA,1,1,3,26,1.5324,0.0589,6.39,0.3763,2017-08-14,2017-08-14,0,0
RAJASTHAN,148D,46.700 - 69.267,46.7,69.267,22.567,BHILWARA,1,1,7,352,61.5134,0.1748,15.6,2.7258,2013-06-17,2013-06-17,0,2
RAJASTHAN,148D,72.175 - 120.760,72.175,120.76,48.585,BHILWARA,1,1,1,4,0.023,0.0058,0.08,0.0005,2018-05-09,2018-05-09,0,0
RAJASTHAN,148N,149.000 - 170.800,149.0,170.8,21.8,DAUSA,1,1,28,1633,291.6571,0.1786,74.91,13.3788,2019-01-30,2021-06-09,861,3
RAJASTHAN,148N,170.800 - 210.000,170.8,210.0,39.2,DAUSA,1,3,38,1671,581.5731,0.348,42.63,14.836,2018-11-29,2021-06-21,935,3
RAJASTHAN,148N,210.000 - 236.000,210.0,236.0,26.0,DAUSA,1,1,12,421,183.0396,0.4348,16.19,7.04,2019-01-04,2021-08-25,964,3
RAJASTHAN,148N,214.260 - 247.310,214.26,247.31,33.05,DAUSA,1,2,6,78,56.0129,0.836,2.36,1.6948,2019-01-04,2021-08-25,964,2
RAJASTHAN,148N,236.000 - 304.400,236.0,304.4,68.4,SAWAI MADHOPUR,1,3,32,3298,712.7006,0.2161,48.22,10.4196,2019-01-04,2023-10-26,1756,4
RAJASTHAN,148N,304.400 - 308.900,304.4,308.9,4.5,TONK,1,1,6,266,76.9667,0.2893,59.11,17.1037,2018-11-29,2019-09-27,302,2
RAJASTHAN,148N,308.900 - 346.500,308.9,346.5,37.6,Bundi,1,1,19,1445,455.5931,0.3153,38.43,12.1168,2019-02-04,2022-06-03,1215,4
RAJASTHAN,148N,346.500 - 450.464,346.5,450.464,103.964,KOTA,1,4,61,3256,1183.5283,0.3635,31.32,11.384,2019-01-04,2024-11-27,2154,4
RAJASTHAN,148N,78.800 - 150.425,78.8,150.425,71.625,ALWAR,1,3,52,3731,787.0109,0.2109,52.09,10.9879,2018-12-21,2024-04-10,1937,4
RAJASTHAN,148N,83.300 - 87.200,83.3,87.2,3.9,BHARATPUR,1,2,6,326,59.4614,0.1824,83.59,15.2465,2018-11-29,2024-04-10,1959,4
RAJASTHAN,158 (New),0.000 - 19.400,0.0,19.4,19.4,PALI,1,2,16,958,100.8954,0.1053,49.38,5.2008,2019-02-21,2023-06-30,1590,4
RAJASTHAN,158 (New),0.000 - 2.170,0.0,2.17,2.17,PALI,1,1,2,116,20.043,0.1728,53.46,9.2364,2024-08-12,2024-10-29,78,1
RAJASTHAN,158 (New),110.300 - 391.000,110.3,391.0,280.7,BHILWARA,1,2,4,105,11.731,0.1117,0.37,0.0418,2024-09-03,2024-09-03,0,0
RAJASTHAN,158 (New),19.400 - 36.600,19.4,36.6,17.2,BEAWAR/ AJMER,1,1,7,486,28.3799,0.0584,28.26,1.65,2019-02-21,2023-02-03,1443,4
RAJASTHAN,158 (New),36.000 - 48.100,36.0,48.1,12.1,RAJSAMAND,1,1,7,414,22.5186,0.0544,34.21,1.861,2019-02-21,2020-12-18,666,3
RAJASTHAN,158 (New),48.100 - 68.017,48.1,68.017,19.917,BHILWARA,1,1,10,717,37.83,0.0528,36.0,1.8994,2019-02-21,2020-12-18,666,3
RAJASTHAN,158 (New),68.017 - 89.800,68.017,89.8,21.783,BHILWARA,1,1,16,909,43.5855,0.0479,41.73,2.0009,2019-06-28,2021-02-16,599,3
RAJASTHAN,158 (New),89.800 - 116.912,89.8,116.912,27.112,BHILWARA,1,2,10,356,15.5405,0.0437,13.13,0.5732,2019-07-24,2022-03-29,979,2
RAJASTHAN,162,232.800 - 244.120,232.8,244.12,11.32,SIROHI,1,1,1,2,0.964,0.482,0.18,0.0852,2010-04-27,2010-04-27,0,0
RAJASTHAN,162,5.330 - 192.520,5.33,192.52,187.19,PALI,1,4,5,6,0.3895,0.0974,0.03,0.0021,2010-05-05,2014-01-28,1364,2
RAJASTHAN,162A (New),12.467 - 13.390,12.467,13.39,0.923,UDAIPUR,1,1,2,19,0.3152,0.0166,20.59,0.3415,2020-09-01,2020-09-01,0,0
RAJASTHAN,162E,0.000 - 47.000,0.0,47.0,47.0,RAJSAMAND,1,2,29,4205,191.579,0.0456,89.47,4.0761,2019-03-18,2025-04-25,2230,4
RAJASTHAN,162E,128.800 - 142.028,128.8,142.028,13.228,UDAIPUR,1,1,9,525,45.9977,0.0876,39.69,3.4773,2023-06-30,2024-08-02,399,3
RAJASTHAN,162E,29.065 - 30.793,29.065,30.793,1.728,PALI,1,1,2,66,13.8251,0.2095,38.19,8.0006,2020-09-03,2021-05-05,244,0
RAJASTHAN,162E,47.000 - 53.350,47.0,53.35,6.35,UDAIPUR,1,1,2,258,12.6592,0.0491,40.63,1.9936,2019-03-18,2019-03-18,0,1
RAJASTHAN,162E,53.350 - 72.800,53.35,72.8,19.45,UDAIPUR,1,1,11,901,53.5897,0.0595,46.32,2.7553,2019-03-19,2025-05-09,2243,4
RAJASTHAN,162E,94.300 - 128.800,94.3,128.8,34.5,UDAIPUR,1,1,15,731,105.8227,0.1448,21.19,3.0673,2019-03-18,2019-03-18,0,2
RAJASTHAN,23,33.000 - 58.000,33.0,58.0,25.0,DAUSA,1,1,1,5,0.0125,0.0025,0.2,0.0005,2022-08-16,2022-08-16,0,0
RAJASTHAN,23,58.000 - 96.000,58.0,96.0,38.0,SAWAI MADHOPUR,1,1,3,36,0.0188,0.0005,0.95,0.0005,2023-03-21,2023-03-21,0,0
RAJASTHAN,23,96.000 - 109.000,96.0,109.0,13.0,KARAULI,1,1,2,10,0.0058,0.0006,0.77,0.0004,2023-02-27,2023-02-27,0,0
RAJASTHAN,248A,0.400 - 24.200,0.4,24.2,23.8,JAIPUR,1,1,14,348,64.989,0.1868,14.62,2.7306,2022-10-06,2025-04-02,909,3
RAJASTHAN,248A,24.200 - 58.950,24.2,58.95,34.75,ALWAR,1,1,5,299,28.1297,0.0941,8.6,0.8095,2022-10-04,2025-04-02,911,3
RAJASTHAN,248A,97.000 - 127.350,97.0,127.35,30.35,ALWAR,1,1,1,12,1.183,0.0986,0.4,0.039,2019-10-17,2019-10-17,0,0
RAJASTHAN,25,73.600 - 95.700,73.6,95.7,22.1,Balotra,1,1,4,87,16.9675,0.195,3.94,0.7678,2025-01-31,2025-01-31,0,0
RAJASTHAN,25E,0.000 - 22.700,0.0,22.7,22.7,BARMER,1,1,8,95,8.3427,0.0878,4.19,0.3675,2023-02-13,2023-02-13,0,0
RAJASTHAN,25E,22.700 - 82.470,22.7,82.47,59.77,BARMER,1,1,13,60,6.156,0.1026,1.0,0.103,2023-04-05,2023-04-05,0,0
RAJASTHAN,25E,82.470 - 127.000,82.47,127.0,44.53,BARMER,1,1,11,101,26.2141,0.2595,2.27,0.5887,2023-09-21,2023-09-21,0,1
RAJASTHAN,325,103.300 - 138.200,103.3,138.2,34.9,JALORE,1,1,1,50,10.5412,0.2108,1.43,0.302,2022-09-26,2024-11-05,771,1
RAJASTHAN,325,138.200 - 157.200,138.2,157.2,19.0,PALI,1,1,4,122,28.2438,0.2315,6.42,1.4865,2019-03-14,2023-12-29,1751,3
RAJASTHAN,325,16.200 - 26.800,16.2,26.8,10.6,BARMER,1,1,3,70,16.1156,0.2302,6.6,1.5203,2018-10-09,2025-04-25,2390,2
RAJASTHAN,325,26.800 - 73.600,26.8,73.6,46.8,BARMER,1,1,10,352,101.9102,0.2895,7.52,2.1776,2018-12-07,2024-10-01,2125,4
RAJASTHAN,325,73.600 - 103.300,73.6,103.3,29.7,JALORE,1,1,6,311,100.1921,0.3222,10.47,3.3735,2019-02-13,2024-10-25,2081,4
RAJASTHAN,458,163.800 - 218.563,163.8,218.563,54.763,PALI,1,2,10,33,14.8356,0.4496,0.6,0.2709,2016-05-02,2016-05-02,0,0
RAJASTHAN,52,289.500 - 299.000,289.5,299.0,9.5,KOTA,1,2,2,145,18.2081,0.1256,15.26,1.9166,2018-06-29,2018-06-29,0,0
RAJASTHAN,52,289.500 - 318.500,289.5,318.5,29.0,KOTA,1,1,16,68,11.5179,0.1694,2.34,0.3972,2018-11-29,2018-11-29,0,0
RAJASTHAN,52,318.500 - 346.540,318.5,346.54,28.04,JHALAWAR,1,1,4,8,0.908,0.1135,0.29,0.0324,2021-01-20,2021-01-20,0,0
RAJASTHAN,52,346.540 - 408.700,346.54,408.7,62.16,JHALAWAR,1,1,3,11,0.3072,0.0279,0.18,0.0049,2013-03-15,2013-03-15,0,0
RAJASTHAN,54,19.000 - 55.000,19.0,55.0,36.0,HANUMANGARH,1,1,13,505,37.2784,0.0738,14.03,1.0355,2023-02-22,2023-02-22,0,2
RAJASTHAN,54,55.000 - 75.000,55.0,75.0,20.0,HANUMANGARH,1,1,9,169,18.7323,0.1108,8.45,0.9366,2022-09-08,2022-09-08,0,0
RAJASTHAN,552 Ex.,106.000 - 108.000,106.0,108.0,2.0,SAWAI MADHOPUR,1,1,1,6,0.5776,0.0963,3.0,0.2888,2019-09-17,2019-09-17,0,0
RAJASTHAN,58,58.245 - 108.600,58.245,108.6,50.355,RAJSAMAND,1,1,1,1,0.0144,0.0144,0.02,0.0003,2024-10-10,2024-10-10,0,0
RAJASTHAN,58E,0.000 - 27.300,0.0,27.3,27.3,UDAIPUR,1,1,8,877,118.3774,0.135,32.12,4.3362,2017-09-26,2017-09-26,0,2
RAJASTHAN,58E,27.300 - 91.000,27.3,91.0,63.7,UDAIPUR,1,1,38,2861,193.1234,0.0675,44.91,3.0318,2017-09-26,2020-09-26,1096,4
RAJASTHAN,62,32.550 - 33.000,32.55,33.0,0.45,Shri Ganganagar,1,1,1,15,0.631,0.0421,33.33,1.4022,2022-02-16,2022-02-16,0,0
RAJASTHAN,62,340.000 - 341.550,340.0,341.55,1.55,PALI,1,1,2,39,2.1038,0.0539,25.16,1.3573,2025-04-24,2025-04-24,0,0
RAJASTHAN,65,0.000 - 20.100,0.0,20.1,20.1,SIKAR,1,1,1,1,0.58,0.58,0.05,0.0289,2024-03-15,2024-03-15,0,0
RAJASTHAN,65,155.600 - 171.450,155.6,171.45,15.85,NAGAUR,1,1,1,12,1.5,0.125,0.76,0.0946,2018-05-17,2018-05-17,0,0
RAJASTHAN,65,166.260 - 226.400,166.26,226.4,60.14,NAGAUR,1,1,1,2,0.0822,0.0411,0.03,0.0014,2015-02-27,2015-02-27,0,0
RAJASTHAN,65,172.346 - 173.519,172.346,173.519,1.173,NAGAUR,1,1,1,1,0.0066,0.0066,0.85,0.0056,2022-10-06,2022-10-06,0,0
RAJASTHAN,65,226.400 - 296.070,226.4,296.07,69.67,JODHPUR,1,2,8,14,1.0325,0.0738,0.2,0.0148,2015-09-10,2016-06-14,278,0
RAJASTHAN,65,308.000 - 336.400,308.0,336.4,28.4,JODHPUR,1,1,4,15,0.4075,0.0313,0.53,0.0143,2014-05-05,2014-10-10,158,0
RAJASTHAN,65,344.835 - 348.835,344.835,348.835,4.0,PALI,1,1,1,394,62.9575,0.1602,98.5,15.7394,2018-04-05,2024-03-11,2167,4
RAJASTHAN,65,72.600 - 112.760,72.6,112.76,40.16,NAGAUR,1,1,2,14,2.0402,0.1457,0.35,0.0508,2018-05-17,2018-05-17,0,0
RAJASTHAN,68,0.000 - 23.360,0.0,23.36,23.36,JAISALMER,1,2,7,38,0.0,,1.63,0.0,2015-07-17,2015-09-18,63,0
RAJASTHAN,68,0.000 - 4.790,0.0,4.79,4.79,JAISALMER,1,1,1,4,0.1109,0.0277,0.84,0.0232,2018-11-29,2018-11-29,0,0
RAJASTHAN,68,109.740 - 113.445,109.74,113.445,3.705,BARMER,1,1,2,18,6.208,0.3449,4.86,1.6756,2018-06-29,2018-06-29,0,0
RAJASTHAN,68,144.500 - 160.700,144.5,160.7,16.2,BARMER,1,1,8,270,105.4235,0.3905,16.67,6.5076,2018-09-28,2018-09-28,0,2
RAJASTHAN,68,144.500 - 192.700,144.5,192.7,48.2,BARMER,1,1,1,5,0.0162,0.0032,0.1,0.0003,2019-08-20,2019-08-20,0,0
RAJASTHAN,68,229.400 - 234.400,229.4,234.4,5.0,JAISALMER,1,1,1,2,0.3084,0.1542,0.4,0.0617,2022-10-14,2022-10-14,0,0
RAJASTHAN,68,25.200 - 84.800,25.2,84.8,59.6,BIKANER,1,1,1,1,2.8125,2.8125,0.02,0.0472,2018-07-04,2018-07-04,0,0
RAJASTHAN,68,4.790 - 66.770,4.79,66.77,61.98,JAISALMER,1,1,2,84,8.8662,0.1056,1.36,0.143,2018-11-29,2018-11-29,0,0
RAJASTHAN,68,66.770 - 125.573,66.77,125.573,58.803,JAISALMER,1,1,4,70,34.4423,0.492,1.19,0.5857,2018-11-29,2018-11-29,0,1
RAJASTHAN,68,68.500 - 120.270,68.5,120.27,51.77,BARMER,1,1,11,40,0.0,,0.77,0.0,2015-07-29,2015-07-29,0,0
RAJASTHAN,70,0.000 - 55.100,0.0,55.1,55.1,BARMER,1,1,10,70,29.158,0.4165,1.27,0.5292,2018-08-21,2020-07-28,707,2
RAJASTHAN,70,164.500 - 200.900,164.5,200.9,36.4,JAISALMER,1,1,7,121,63.5205,0.525,3.32,1.7451,2018-10-26,2020-07-28,641,2
RAJASTHAN,70,200.900 - 278.200,200.9,278.2,77.3,JAISALMER,1,1,5,42,9.7474,0.2321,0.54,0.1261,2018-10-09,2020-08-10,671,1
RAJASTHAN,70,278.200 - 289.850,278.2,289.85,11.65,JAISALMER,1,1,1,6,0.2354,0.0392,0.52,0.0202,2018-10-26,2018-10-26,0,0
RAJASTHAN,70,289.850 - 298.330,289.85,298.33,8.48,JAISALMER,1,1,1,3,1.0732,0.3577,0.35,0.1266,2018-10-26,2018-10-26,0,0
RAJASTHAN,70,298.330 - 310.467,298.33,310.467,12.137,JAISALMER,1,1,1,13,5.1478,0.396,1.07,0.4241,2018-10-26,2018-10-26,0,0
RAJASTHAN,70,82.600 - 98.170,82.6,98.17,15.57,JAISALMER,1,1,2,89,34.2581,0.3849,5.72,2.2003,2018-11-26,2020-04-22,513,2
RAJASTHAN,70,98.170 - 164.500,98.17,164.5,66.33,JAISALMER,1,1,7,105,61.1438,0.5823,1.58,0.9218,2018-11-29,2020-08-10,620,2
RAJASTHAN,709E,0.000 - 5.150,0.0,5.15,5.15,CHURU,1,1,4,272,28.3917,0.1044,52.82,5.513,2017-12-20,2025-05-09,2697,4
RAJASTHAN,709E,36.150 - 43.750,36.15,43.75,7.6,JHUNJHUNU,1,1,5,109,30.5689,0.2804,14.34,4.0222,2018-03-09,2024-09-18,2385,3
RAJASTHAN,752-B,40.300 - 40.500,40.3,40.5,0.2,JHALAWAR,1,1,1,4,0.488,0.122,20.0,2.44,2023-03-17,2023-03-17,0,0
RAJASTHAN,752D,89.200 - 97.500,89.2,97.5,8.3,JHALAWAR,1,2,10,339,54.6489,0.1612,40.84,6.5842,2021-07-06,2023-10-26,842,3
RAJASTHAN,754K,0.000 - 9.505,0.0,9.505,9.505,HANUMANGARH,1,1,8,788,82.9195,0.1052,82.9,8.7238,2018-11-29,2021-08-31,1006,3
RAJASTHAN,754K,16.390 - 47.406,16.39,47.406,31.016,HANUMANGARH,1,1,27,2550,282.9327,0.111,82.22,9.1222,2019-01-11,2022-05-27,1232,4
RAJASTHAN,754K,184.478 - 244.381,184.478,244.381,59.903,BIKANER,1,1,13,779,499.9344,0.6418,13.0,8.3457,2018-12-11,2023-06-07,1639,4
RAJASTHAN,754K,2.045 - 16.390,2.045,16.39,14.345,HANUMANGARH,1,1,3,310,34.2928,0.1106,21.61,2.3906,2018-11-29,2021-03-02,824,3
RAJASTHAN,754K,244.381 - 250.583,244.381,250.583,6.202,BIKANER,1,1,11,864,511.9573,0.5925,139.31,82.5471,2018-11-29,2024-01-17,1875,4
RAJASTHAN,754K,250.583 - 261.743,250.583,261.743,11.16,JODHPUR,1,1,5,109,145.938,1.3389,9.77,13.0769,2018-11-29,2019-06-24,207,1
RAJASTHAN,754K,261.743 - 349.743,261.743,349.743,88.0,JODHPUR,1,4,31,835,717.6312,0.8594,9.49,8.1549,2019-01-07,2022-02-15,1135,4
RAJASTHAN,754K,349.743 - 381.743,349.743,381.743,32.0,JODHPUR,1,1,19,377,330.3962,0.8764,11.78,10.3249,2018-11-29,2020-12-15,747,3
RAJASTHAN,754K,381.743 - 455.243,381.743,455.243,73.5,BARMER,1,1,27,789,577.6536,0.7321,10.73,7.8592,2018-11-29,2020-12-31,763,3
RAJASTHAN,754K,455.243 - 482.243,455.243,482.243,27.0,BARMER,1,1,8,454,219.9179,0.4844,16.81,8.1451,2018-12-11,2020-12-31,751,3
RAJASTHAN,754K,47.406 - 61.467,47.406,61.467,14.061,HANUMANGARH,1,1,6,516,55.0961,0.1068,36.7,3.9184,2018-11-29,2021-07-15,959,3
RAJASTHAN,754K,482.243 - 490.243,482.243,490.243,8.0,BARMER,1,1,2,76,62.2649,0.8193,9.5,7.7831,2018-12-11,2020-12-11,731,2
RAJASTHAN,754K,490.243 - 504.743,490.243,504.743,14.5,JALORE,1,1,5,466,212.2013,0.4554,32.14,14.6346,2019-02-04,2019-06-24,140,2
RAJASTHAN,754K,504.743 - 533.743,504.743,533.743,29.0,JALORE,1,1,8,354,152.1591,0.4298,12.21,5.2469,2018-11-29,2020-12-31,763,3
RAJASTHAN,754K,533.743 - 535.243,533.743,535.243,1.5,JALORE,1,1,1,3,1.9941,0.6647,2.0,1.3294,2018-11-29,2018-11-29,0,0
RAJASTHAN,754K,535.243 - 547.243,535.243,547.243,12.0,JALORE,1,1,3,199,76.111,0.3825,16.58,6.3426,2019-07-25,2020-12-31,525,2
RAJASTHAN,754K,547.243 - 577.193,547.243,577.193,29.95,JALORE,1,1,19,872,319.4074,0.3663,29.12,10.6647,2019-08-05,2022-10-26,1178,4
RAJASTHAN,754K,61.467 - 81.688,61.467,81.688,20.221,Shri Ganganagar,1,1,18,778,248.7827,0.3198,38.47,12.3032,2018-12-11,2021-11-23,1078,3
RAJASTHAN,754K,81.688 - 99.824,81.688,99.824,18.136,HANUMANGARH,1,1,3,96,56.3098,0.5866,5.29,3.1049,2018-11-29,2021-08-31,1006,2
RAJASTHAN,754K,99.824 - 184.478,99.824,184.478,84.654,BIKANER,1,1,27,2261,708.6315,0.3134,26.71,8.3709,2019-01-07,2021-01-05,729,3
RAJASTHAN,758,0.000 - 87.250,0.0,87.25,87.25,BHILWARA,1,1,2,2,0.0218,0.0109,0.02,0.0002,2023-09-12,2023-09-12,0,0
RAJASTHAN,758,60.000 - 103.250,60.0,103.25,43.25,BHILWARA,1,1,4,54,6.8395,0.129,1.25,0.1581,2017-01-16,2022-02-11,1852,2
RAJASTHAN,758,87.250 - 155.250,87.25,155.25,68.0,BHILWARA,1,1,2,3,0.2495,0.0832,0.04,0.0037,2025-01-13,2025-01-13,0,0
RAJASTHAN,76,0.000 - 12.700,0.0,12.7,12.7,Bundi,1,1,7,303,63.7771,0.2105,23.86,5.0218,2018-03-16,2025-03-13,2554,4
RAJASTHAN,76,113.800 - 165.625,113.8,165.625,51.825,UDAIPUR,1,3,16,296,14.9884,0.0506,5.71,0.2892,2017-05-31,2024-06-14,2571,3
RAJASTHAN,76,165.625 - 213.000,165.625,213.0,47.375,Chittorgarh,1,3,12,127,17.9573,0.1414,2.68,0.379,2012-07-12,2023-08-02,4038,2
RAJASTHAN,76,57.000 - 86.000,57.0,86.0,29.0,UDAIPUR,1,1,1,24,0.371,0.0155,0.83,0.0128,2019-08-21,2019-08-21,0,0
RAJASTHAN,79,0.000 - 90.000,0.0,90.0,90.0,BHILWARA,1,1,1,8,0.9145,0.1143,0.09,0.0102,2019-02-21,2019-02-21,0,0
RAJASTHAN,79,15.000 - 34.400,15.0,34.4,19.4,BEAWAR/ AJMER,1,1,2,2,0.04,0.02,0.1,0.0021,2021-07-29,2021-07-29,0,0
RAJASTHAN,79,34.400 - 50.600,34.4,50.6,16.2,BEAWAR/ AJMER,1,1,6,63,5.698,0.0904,3.89,0.3517,2018-10-26,2023-03-13,1599,2
RAJASTHAN,79,50.600 - 63.600,50.6,63.6,13.0,BEAWAR/ AJMER,1,1,6,83,5.7426,0.0692,6.38,0.4417,2012-08-07,2018-12-07,2313,2
RAJASTHAN,79,63.600 - 156.600,63.6,156.6,93.0,BHILWARA,1,1,1,34,0.619,0.0182,0.37,0.0067,2019-07-10,2019-07-10,0,0
RAJASTHAN,79,90.000 - 214.870,90.0,214.87,124.87,BHILWARA|Chittorgarh,2,6,30,444,21.9742,0.0495,3.56,0.176,2018-08-02,2023-09-06,1861,5
RAJASTHAN,79A,16.000 - 35.000,16.0,35.0,19.0,BEAWAR/ AJMER,1,1,11,145,6.0193,0.0415,7.63,0.3168,2018-08-03,2020-04-22,628,1
RAJASTHAN,8,0.000 - 23.883,0.0,23.883,23.883,UDAIPUR,1,1,13,686,57.969,0.0845,28.72,2.4272,2012-08-14,2025-01-03,4525,4
RAJASTHAN,8,105.750 - 177.050,105.75,177.05,71.3,RAJSAMAND,1,3,7,19,0.7834,0.0412,0.27,0.011,2024-02-12,2024-10-29,260,0
RAJASTHAN,8,107.100 - 142.000,107.1,142.0,34.9,ALWAR,1,1,2,2,0.1,0.05,0.06,0.0029,2019-09-19,2019-09-19,0,0
RAJASTHAN,8,142.400 - 212.100,142.4,212.1,69.7,JAIPUR,1,2,4,9,0.2315,0.0257,0.13,0.0033,2022-04-12,2023-05-23,406,1
RAJASTHAN,8,177.000 - 245.000,177.0,245.0,68.0,RAJSAMAND,1,2,7,13,0.724,0.0557,0.19,0.0106,2019-12-06,2024-10-25,1785,2
RAJASTHAN,8,245.000 - 260.100,245.0,260.1,15.1,UDAIPUR,1,1,2,25,0.6687,0.0267,1.66,0.0443,2018-08-23,2025-02-27,2380,2
RAJASTHAN,8,286.000 - 287.400,286.0,287.4,1.4,JAIPUR,1,1,2,5,0.3382,0.0676,3.57,0.2416,2019-03-22,2019-03-22,0,0
RAJASTHAN,8,287.400 - 355.200,287.4,355.2,67.8,UDAIPUR,1,4,31,1728,59.4285,0.0344,25.49,0.8765,2013-12-17,2023-08-21,3534,4
RAJASTHAN,8,355.200 - 388.200,355.2,388.2,33.0,DUNGARPUR,1,2,13,481,19.4223,0.0404,14.58,0.5886,2013-12-17,2019-04-29,1959,3
RAJASTHAN,8,42.700 - 273.500,42.7,273.5,230.8,JAIPUR,1,2,2,12,0.3655,0.0305,0.05,0.0016,2022-04-12,2024-05-29,778,1
RAJASTHAN,89,223.400 - 267.325,223.4,267.325,43.925,BIKANER,1,2,13,438,139.7496,0.3191,9.97,3.1816,2003-11-27,2003-11-27,0,2
RAJASTHAN,90,90.840 - 387.400,90.84,387.4,296.56,JHALAWAR,1,1,5,84,30.872,0.3675,0.28,0.1041,2017-08-31,2017-08-31,0,1
RAJASTHAN,911,0.000 - 34.500,0.0,34.5,34.5,Shri Ganganagar,1,1,20,991,81.0117,0.0817,28.72,2.3482,2018-09-07,2023-05-03,1699,4
RAJASTHAN,911,123.100 - 163.800,123.1,163.8,40.7,Shri Ganganagar,1,1,7,243,9.01,0.0371,5.97,0.2214,2018-07-04,2023-10-03,1917,3
RAJASTHAN,911,167.725 - 172.450,167.725,172.45,4.725,BIKANER,1,1,1,3,3.9325,1.3108,0.63,0.8323,2018-10-09,2018-10-09,0,0
RAJASTHAN,911,34.500 - 71.000,34.5,71.0,36.5,Shri Ganganagar,1,1,17,605,43.6284,0.0721,16.58,1.1953,2018-08-31,2023-07-26,1790,4
RAJASTHAN,911,73.500 - 79.300,73.5,79.3,5.8,Shri Ganganagar,1,1,5,248,22.2367,0.0897,42.76,3.8339,2018-10-10,2018-10-10,0,2
RAJASTHAN,925,0.000 - 20.990,0.0,20.99,20.99,BARMER,1,1,8,53,9.7842,0.1846,2.53,0.4661,2018-08-14,2022-04-11,1336,2
RAJASTHAN,925,20.990 - 53.120,20.99,53.12,32.13,BARMER,1,1,12,47,6.8272,0.1453,1.46,0.2125,2018-07-13,2019-10-25,469,1
RAJASTHAN,925,53.120 - 72.910,53.12,72.91,19.79,BARMER,1,1,4,33,8.8443,0.268,1.67,0.4469,2018-09-13,2018-09-13,0,0
RAJASTHAN,925,72.910 - 85.260,72.91,85.26,12.35,BARMER,1,1,4,12,3.2602,0.2717,0.97,0.264,2018-07-13,2018-07-13,0,0
RAJASTHAN,925,85.260 - 136.520,85.26,136.52,51.26,BARMER,1,1,12,109,16.353,0.15,2.13,0.319,2018-09-13,2018-09-13,0,0
RAJASTHAN,925A,0.000 - 15.300,0.0,15.3,15.3,BARMER,1,1,7,27,1.9642,0.0727,1.76,0.1284,2018-09-07,2018-09-07,0,0
RAJASTHAN,925A,15.300 - 57.900,15.3,57.9,42.6,JALORE,1,1,9,165,22.8895,0.1387,3.87,0.5373,2018-08-23,2019-10-25,428,2
RAJASTHAN,925A,57.900 - 60.750,57.9,60.75,2.85,BARMER,1,1,1,22,3.9628,0.1801,7.72,1.3905,2018-09-07,2019-12-16,465,1
RAJASTHAN,927A,152.000 - 190.000,152.0,190.0,38.0,DUNGARPUR,1,1,20,1556,117.2889,0.0754,40.95,3.0866,2018-11-29,2018-11-29,0,2
RAJASTHAN,927A,190.000 - 226.000,190.0,226.0,36.0,DUNGARPUR,1,1,17,1537,127.2853,0.0829,42.69,3.5357,2018-10-25,2023-03-28,1615,4
RAJASTHAN,927A,226.000 - 252.000,226.0,252.0,26.0,BANSWARA,1,1,11,614,62.7082,0.1021,23.62,2.4119,2018-11-29,2018-11-29,0,2
RAJASTHAN,927A,252.000 - 291.000,252.0,291.0,39.0,BANSWARA,1,1,9,318,28.4451,0.0894,8.15,0.7294,2018-12-28,2018-12-28,0,2
RAJASTHAN,Greenfield Highway,163.800 - 198.500,163.8,198.5,34.7,Shri Ganganagar,1,1,12,354,17.1426,0.0484,10.2,0.494,2018-06-29,2020-06-03,705,2
RAJASTHAN,Greenfield Highway,20.200 - 46.650,20.2,46.65,26.45,DHOLPUR,1,1,23,904,159.0945,0.176,34.18,6.0149,2024-08-22,2024-09-18,27,2
RAJASTHAN,NE 4C,0.000 - 17.565,0.0,17.565,17.565,DAUSA,1,1,10,503,72.5388,0.1442,28.64,4.1297,2021-10-05,2022-08-04,303,2
RAJASTHAN,NE 4C,31.940 - 70.000,31.94,70.0,38.06,JAIPUR,1,3,29,1094,223.8484,0.2046,28.74,5.8815,2022-01-13,2025-01-31,1114,4
RAJASTHAN,NE 4C,9.250 - 32.740,9.25,32.74,23.49,DAUSA,1,1,17,1254,173.8251,0.1386,53.38,7.4,2022-01-13,2024-09-19,980,3
RAJASTHAN,NE4,151.840 - 183.000,151.84,183.0,31.16,DAUSA,1,1,1,1,0.06,0.06,0.03,0.0019,2019-02-11,2019-02-11,0,0
RAJASTHAN,NE4,183.000 - 214.260,183.0,214.26,31.26,DAUSA,1,1,1,1,0.6791,0.6791,0.03,0.0217,2018-11-29,2018-11-29,0,0
RAJASTHAN,Newly Proposed,0.000 - 19.850,0.0,19.85,19.85,BIKANER,1,1,24,976,54.9481,0.0563,49.17,2.7682,2018-07-04,2018-07-04,0,2
RAJASTHAN,Newly Proposed,1.430 - 182.725,1.43,182.725,181.295,BIKANER,1,1,12,545,33.8653,0.0621,3.01,0.1868,2018-06-29,2018-06-29,0,2
RAJASTHAN,Newly Proposed,167.725 - 172.450,167.725,172.45,4.725,BIKANER,1,1,1,3,3.9341,1.3114,0.63,0.8326,2018-06-29,2018-06-29,0,0
RAJASTHAN,Newly Proposed,43.775 - 149.625,43.775,149.625,105.85,BIKANER,1,1,23,632,45.1125,0.0714,5.97,0.4262,2018-07-04,2018-07-04,0,2
RAJASTHAN,No Yet to be Assigned,0.000 - 21.600,0.0,21.6,21.6,JAISALMER,1,1,3,26,13.0103,0.5004,1.2,0.6023,2018-11-29,2018-11-29,0,0
RAJASTHAN,No Yet to be Assigned,198.500 - 222.800,198.5,222.8,24.3,BIKANER,1,1,5,244,23.5666,0.0966,10.04,0.9698,2018-07-04,2018-07-04,0,2
RAJASTHAN,No Yet to be Assigned,21.600 - 67.950,21.6,67.95,46.35,JAISALMER,1,1,3,37,2.3679,0.064,0.8,0.0511,2018-11-29,2018-11-29,0,0
RAJASTHAN,No Yet to be Assigned,222.800 - 265.700,222.8,265.7,42.9,BIKANER,1,1,4,246,24.1779,0.0983,5.73,0.5636,2018-07-04,2018-07-04,0,2
RAJASTHAN,No Yet to be Assigned,71.100 - 123.100,71.1,123.1,52.0,Shri Ganganagar,1,1,14,569,64.1801,0.1128,10.94,1.2342,2018-08-03,2020-07-31,728,3
RAJASTHAN,Ring Road,0.000 - 30.093,0.0,30.093,30.093,JODHPUR,1,1,15,358,196.9524,0.5501,11.9,6.5448,2020-12-11,2024-03-15,1190,4
RAJASTHAN,Ring Road,0.000 - 74.619,0.0,74.619,74.619,JODHPUR,1,1,16,107,31.8143,0.2973,1.43,0.4264,2018-12-07,2023-12-08,1827,3
SIKKIM,10,52.100 - 52.300,52.1,52.3,0.2,EAST DISTRICT,1,1,1,1,0.0595,0.0595,5.0,0.2975,2018-09-04,2018-09-04,0,0
SIKKIM,310A,67.000 - 95.000,67.0,95.0,28.0,NORTH DISTRICT,1,2,10,343,31.8289,0.0928,12.25,1.1367,2021-09-13,2021-09-13,0,2
SIKKIM,710,0.000 - 32.000,0.0,32.0,32.0,SOUTH DISTRICT,1,1,14,320,5.1003,0.0159,10.0,0.1594,2020-02-03,2020-02-26,23,1
SIKKIM,717,27.200 - 37.600,27.2,37.6,10.4,EAST DISTRICT,1,1,3,205,9.5979,0.0468,19.71,0.9229,2020-10-20,2020-10-20,0,1
SIKKIM,717,41.100 - 90.100,41.1,90.1,49.0,EAST DISTRICT,1,1,1,427,30.1964,0.0707,8.71,0.6163,2018-12-31,2018-12-31,0,2
SIKKIM,717B,20.340 - 27.200,20.34,27.2,6.86,EAST DISTRICT,1,1,2,179,13.3211,0.0744,26.09,1.9419,2021-02-26,2021-02-26,0,0
SIKKIM,NH 510,0.000 - 16.000,0.0,16.0,16.0,SOUTH DISTRICT,1,1,4,45,0.797,0.0177,2.81,0.0498,2021-08-18,2021-08-18,0,0
SIKKIM,NH 510,32.500 - 33.600,32.5,33.6,1.1,SOUTH DISTRICT,1,1,1,5,0.0556,0.0111,4.55,0.0505,2020-12-04,2020-12-04,0,0
SIKKIM,NH 510,33.600 - 58.840,33.6,58.84,25.24,SOUTH DISTRICT,1,1,9,493,14.0399,0.0285,19.53,0.5563,2020-12-24,2022-02-16,419,2
SIKKIM,NH 510,58.840 - 75.000,58.84,75.0,16.16,WEST DISTRICT,1,3,10,724,41.158,0.0568,44.8,2.5469,2021-02-22,2024-11-27,1374,4
SIKKIM,NH 510,75.000 - 90.210,75.0,90.21,15.21,WEST DISTRICT,1,1,5,866,35.8535,0.0414,56.94,2.3572,2021-02-16,2021-11-24,281,2
SIKKIM,Newly Proposed,0.000 - 24.000,0.0,24.0,24.0,WEST DISTRICT,1,1,11,101,3.704,0.0367,4.21,0.1543,2019-10-17,2019-10-17,0,0
TAMIL NADU,179A,36.000 - 69.000,36.0,69.0,33.0,DHARMAPURI,1,2,4,18,1.6501,0.0917,0.55,0.05,2022-06-23,2022-06-23,0,0
TAMIL NADU,179A,80.000 - 125.000,80.0,125.0,45.0,Tirupathur,1,1,2,92,2.2387,0.0243,2.04,0.0497,2023-07-11,2023-07-11,0,0
TAMIL NADU,179A,91.200 - 92.000,91.2,92.0,0.8,KRISHNAGIRI,1,1,3,29,1.3134,0.0453,36.25,1.6418,2022-08-16,2022-08-16,0,0
TAMIL NADU,183,2.750 - 73.400,2.75,73.4,70.65,DINDIGUL,1,1,1,10,0.2986,0.0299,0.14,0.0042,2021-01-05,2021-01-05,0,0
TAMIL NADU,205,0.000 - 61.470,0.0,61.47,61.47,TIRUVALLUR,1,1,11,92,1.3472,0.0146,1.5,0.0219,2024-01-02,2025-02-11,406,1
TAMIL NADU,207,0.000 - 16.000,0.0,16.0,16.0,KRISHNAGIRI,1,1,2,6,0.2441,0.0407,0.38,0.0153,2022-07-27,2022-07-27,0,0
TAMIL NADU,207,3.000 - 9.350,3.0,9.35,6.35,KRISHNAGIRI,1,1,4,212,19.8959,0.0938,33.39,3.1332,2022-11-07,2023-04-06,150,1
TAMIL NADU,208,98.568 - 99.798,98.568,99.798,1.23,TENKASI,1,2,2,58,3.0293,0.0522,47.15,2.4628,2022-01-24,2022-01-24,0,0
TAMIL NADU,209,0.000 - 117.072,0.0,117.072,117.072,COIMBATORE|DINDIGUL|TIRUPPUR,3,8,60,7096,853.4214,0.1203,60.61,7.2897,2018-07-18,2024-02-23,2046,5
TAMIL NADU,209,123.550 - 150.400,123.55,150.4,26.85,COIMBATORE,1,3,15,1004,13.7177,0.0137,37.39,0.5109,2017-11-20,2021-01-29,1166,3
TAMIL NADU,209,23.100 - 33.200,23.1,33.2,10.1,DINDIGUL,1,1,6,437,55.858,0.1278,43.27,5.5305,2012-08-31,2025-01-16,4521,4
TAMIL NADU,210,10.000 - 94.000,10.0,94.0,84.0,PUDUKKOTTAI|SIVAGANGA|TIRUCHIRAPPALLI,3,6,42,4370,403.5608,0.0923,52.02,4.8043,2010-11-08,2013-08-23,1019,4
TAMIL NADU,210,94.000 - 122.000,94.0,122.0,28.0,SIVAGANGA,1,2,27,2041,149.187,0.0731,72.89,5.3281,2011-05-11,2020-12-04,3495,4
TAMIL NADU,210,94.000 - 174.000,94.0,174.0,80.0,RAMANATHAPURAM,1,3,25,2116,64.9201,0.0307,26.45,0.8115,2011-02-07,2020-11-27,3581,4
TAMIL NADU,219,11.000 - 19.000,11.0,19.0,8.0,KRISHNAGIRI,1,1,1,31,0.5176,0.0167,3.88,0.0647,2022-12-29,2022-12-29,0,0
TAMIL NADU,220,215.500 - 273.600,215.5,273.6,58.1,THENI,1,4,28,866,39.6564,0.0458,14.91,0.6826,2014-03-14,2021-01-05,2489,4
TAMIL NADU,226,0.000 - 55.228,0.0,55.228,55.228,PUDUKKOTTAI|THANJAVUR,2,4,20,1401,65.3923,0.0467,25.37,1.184,2014-04-09,2017-02-16,1044,4
TAMIL NADU,226,77.200 - 154.929,77.2,154.929,77.729,PUDUKKOTTAI|SIVAGANGA,2,4,41,3120,169.0638,0.0542,40.14,2.175,2014-04-09,2017-03-30,1086,4
TAMIL NADU,226E,55.926 - 62.680,55.926,62.68,6.754,THANJAVUR,1,1,7,371,34.8665,0.094,54.93,5.1623,2021-06-29,2025-01-20,1301,4
TAMIL NADU,227,0.000 - 38.700,0.0,38.7,38.7,TIRUCHIRAPPALLI,1,2,24,4314,194.9965,0.0491,111.47,5.0387,2016-03-01,2021-01-29,1795,4
TAMIL NADU,227,103.320 - 135.400,103.32,135.4,32.08,CUDDALORE,1,2,27,2158,106.6392,0.0805,67.27,3.3242,2016-05-26,2020-09-09,1567,4
TAMIL NADU,227,40.150 - 103.320,40.15,103.32,63.17,Ariyalur,1,2,24,4467,33.0973,0.0218,70.71,0.5239,2016-01-29,2023-10-09,2810,4
TAMIL NADU,234,102.632 - 103.743,102.632,103.743,1.111,TIRUVANNAMALAI,1,1,1,35,3.1114,0.0889,31.5,2.8005,2022-04-05,2022-04-05,0,0
TAMIL NADU,234,165.450 - 169.790,165.45,169.79,4.34,TIRUVANNAMALAI,1,1,4,216,16.1467,0.0748,49.77,3.7204,2024-03-11,2024-03-11,0,1
TAMIL NADU,234,23.100 - 29.250,23.1,29.25,6.15,VELLORE,1,1,6,392,35.1284,0.0896,63.74,5.7119,2020-06-18,2025-03-13,1729,4
TAMIL NADU,234,47.400 - 73.400,47.4,73.4,26.0,VELLORE,1,3,14,932,71.2385,0.0764,35.85,2.7399,2020-06-18,2024-01-25,1316,4
TAMIL NADU,234,81.200 - 82.200,81.2,82.2,1.0,VELLORE,1,1,2,188,5.4822,0.0292,188.0,5.4822,2020-07-16,2023-05-02,1020,1
TAMIL NADU,332A,0.000 - 54.498,0.0,54.498,54.498,KANCHEEPURAM,1,2,23,5515,342.7122,0.0621,101.2,6.2885,2019-02-05,2024-08-06,2009,4
TAMIL NADU,332A,54.498 - 107.938,54.498,107.938,53.44,VILLUPURAM,1,4,28,3412,214.7738,0.0629,63.85,4.019,2019-02-05,2025-01-07,2163,4
TAMIL NADU,338,0.000 - 11.025,0.0,11.025,11.025,MADURAI,1,1,8,1052,77.4733,0.0736,95.42,7.0271,2018-07-06,2022-05-30,1424,4
TAMIL NADU,338,11.025 - 32.000,11.025,32.0,20.975,SIVAGANGA,1,2,8,984,107.6788,0.1094,46.91,5.1337,2018-07-13,2021-07-26,1109,4
TAMIL NADU,36..,101.000 - 106.000,101.0,106.0,5.0,SIVAGANGA,1,1,2,241,11.9389,0.0495,48.2,2.3878,2018-07-18,2020-08-10,754,2
TAMIL NADU,381B,62.900 - 67.957,62.9,67.957,5.057,NAMAKKAL,1,1,2,9,0.1154,0.0128,1.78,0.0228,2024-03-15,2025-02-07,329,0
TAMIL NADU,383,0.000 - 14.000,0.0,14.0,14.0,SIVAGANGA,1,2,8,1183,112.3528,0.095,84.5,8.0252,2018-08-02,2022-10-06,1526,4
TAMIL NADU,383,14.900 - 30.750,14.9,30.75,15.85,DINDIGUL,1,2,4,34,1.121,0.033,2.15,0.0707,2021-06-25,2021-06-25,0,0
TAMIL NADU,4,0.000 - 19.500,0.0,19.5,19.5,CHENNAI,1,1,2,49,1.1281,0.023,2.51,0.0579,2020-08-06,2023-05-02,999,1
TAMIL NADU,4,106.400 - 133.360,106.4,133.36,26.96,VELLORE,1,2,16,1487,77.1376,0.0519,55.16,2.8612,2019-01-11,2023-10-10,1733,4
TAMIL NADU,4,27.600 - 86.450,27.6,86.45,58.85,KANCHEEPURAM,1,2,5,45,2.0302,0.0451,0.76,0.0345,2017-07-28,2023-03-23,2064,2
TAMIL NADU,4,86.650 - 107.091,86.65,107.091,20.441,VELLORE,1,2,8,249,8.4726,0.034,12.18,0.4145,2018-06-05,2023-03-29,1758,3
TAMIL NADU,44,116.500 - 243.470,116.5,243.47,126.97,KANNIYAKUMARI,1,1,1,1,0.0769,0.0769,0.01,0.0006,2005-06-24,2005-06-24,0,0
TAMIL NADU,44,207.600 - 217.600,207.6,217.6,10.0,SALEM,1,2,3,44,1.4264,0.0324,4.4,0.1426,2003-08-14,2008-02-12,1643,2
TAMIL NADU,44,33.130 - 93.000,33.13,93.0,59.87,KRISHNAGIRI,1,1,1,9,0.0885,0.0098,0.15,0.0015,2024-09-02,2024-09-02,0,0
TAMIL NADU,44,94.000 - 180.000,94.0,180.0,86.0,DHARMAPURI|SALEM,2,3,3,222,5.1393,0.0232,2.58,0.0598,2024-06-20,2025-03-12,265,2
TAMIL NADU,45,121.000 - 214.300,121.0,214.3,93.3,VILLUPURAM,1,4,7,231,3.1574,0.0137,2.48,0.0338,2020-04-22,2022-02-15,664,2
TAMIL NADU,45,193.813 - 287.706,193.813,287.706,93.893,Kallakurichi|PERAMBALUR,2,2,3,9,0.3888,0.1944,0.1,0.0041,2004-07-08,2005-05-04,300,1
TAMIL NADU,45,285.000 - 325.000,285.0,325.0,40.0,TIRUCHIRAPPALLI,1,1,1,6,0.4993,0.0832,0.15,0.0125,2018-10-26,2018-10-26,0,0
TAMIL NADU,45A,0.000 - 29.000,0.0,29.0,29.0,VILLUPURAM,1,1,14,2073,109.3873,0.0528,71.48,3.772,2015-07-02,2024-05-31,3256,4
TAMIL NADU,45A,123.800 - 179.555,123.8,179.555,55.755,Nagapattinam,1,3,27,2805,187.946,0.067,50.31,3.3709,2016-05-26,2024-02-19,2825,4
TAMIL NADU,45A,29.000 - 67.000,29.0,67.0,38.0,CUDDALORE|VILLUPURAM,2,2,18,1476,124.7011,0.0845,38.84,3.2816,2015-10-08,2024-08-22,3241,5
TAMIL NADU,45A,67.000 - 123.800,67.0,123.8,56.8,CUDDALORE|Nagapattinam,2,6,41,4003,167.9188,0.0419,70.48,2.9563,2016-04-07,2025-02-21,3242,5
TAMIL NADU,45C,0.000 - 20.200,0.0,20.2,20.2,VILLUPURAM,1,1,8,50,0.4185,0.0084,2.48,0.0207,2019-09-30,2019-09-30,0,0
TAMIL NADU,45C,100.000 - 165.000,100.0,165.0,65.0,THANJAVUR|TIRUVARUR,2,5,25,1278,55.5316,0.0435,19.66,0.8543,2013-09-30,2024-07-22,3948,5
TAMIL NADU,45C,20.200 - 80.400,20.2,80.4,60.2,CUDDALORE,1,4,33,2165,106.1411,0.0491,35.96,1.7631,2013-08-06,2022-02-15,3115,4
TAMIL NADU,45C,80.000 - 120.000,80.0,120.0,40.0,Ariyalur,1,1,6,586,14.1193,0.0241,14.65,0.353,2015-08-12,2024-09-02,3309,3
TAMIL NADU,46,0.000 - 24.300,0.0,24.3,24.3,KRISHNAGIRI,1,1,6,44,1.3748,0.0312,1.81,0.0566,2011-05-18,2015-08-31,1566,2
TAMIL NADU,46,24.300 - 148.300,24.3,148.3,124.0,VELLORE,1,5,15,506,5.8747,0.0116,4.08,0.0474,2011-08-10,2020-07-28,3275,3
TAMIL NADU,47,43.000 - 96.714,43.0,96.714,53.714,KANNIYAKUMARI,1,5,38,6502,413.4448,0.0701,121.05,7.6972,2010-12-09,2021-09-14,3932,4
TAMIL NADU,47B,0.000 - 16.376,0.0,16.376,16.376,TIRUNELVELI,1,1,1,45,3.4524,0.0767,2.75,0.2108,2010-12-09,2021-09-14,3932,2
TAMIL NADU,48,10.450 - 15.600,10.45,15.6,5.15,TIRUVALLUR,1,1,3,99,1.9854,0.0201,19.22,0.3855,2023-03-20,2023-03-20,0,0
TAMIL NADU,48,9.600 - 12.590,9.6,12.59,2.99,KANCHEEPURAM,1,1,2,19,0.1959,0.0103,6.35,0.0655,2023-03-17,2023-03-17,0,0
TAMIL NADU,49,127.147 - 150.500,127.147,150.5,23.353,RAMANATHAPURAM,1,1,1,59,1.3495,0.0229,2.53,0.0578,2022-07-22,2022-07-22,0,0
TAMIL NADU,49,5.000 - 10.400,5.0,10.4,5.4,MADURAI,1,1,3,184,19.728,0.1072,34.07,3.6533,2014-09-18,2019-09-27,1835,2
TAMIL NADU,49,5.000 - 120.000,5.0,120.0,115.0,SIVAGANGA,1,2,22,2182,153.216,0.0702,18.97,1.3323,2013-01-02,2019-09-27,2459,4
TAMIL NADU,49,56.630 - 120.484,56.63,120.484,63.854,RAMANATHAPURAM,1,2,23,1972,121.8022,0.062,30.88,1.9075,2012-12-22,2019-09-27,2470,4
TAMIL NADU,49,79.660 - 192.700,79.66,192.7,113.04,RAMANATHAPURAM,1,3,29,3447,256.4938,0.0744,30.49,2.2691,2019-04-09,2023-04-17,1469,4
TAMIL NADU,49E,21.711 - 22.604,21.711,22.604,0.893,MADURAI,1,1,1,50,1.2982,0.026,55.99,1.4538,2022-02-03,2023-01-25,356,0
TAMIL NADU,49E,6.600 - 10.400,6.6,10.4,3.8,MADURAI,1,1,7,332,12.0942,0.0364,87.37,3.1827,2022-08-30,2023-10-16,412,2
TAMIL NADU,49E,6.600 - 7.000,6.6,7.0,0.4,MADURAI,1,1,3,27,0.1461,0.0054,67.5,0.3652,2022-06-30,2022-06-30,0,0
TAMIL NADU,49E,75.228 - 76.273,75.228,76.273,1.045,THENI,1,1,1,25,0.5726,0.0229,23.92,0.5479,2023-04-17,2023-04-17,0,0
TAMIL NADU,49E,93.068 - 93.919,93.068,93.919,0.851,THENI,1,1,1,57,1.0442,0.0183,66.98,1.227,2021-09-21,2021-09-21,0,0
TAMIL NADU,5,11.000 - 54.400,11.0,54.4,43.4,TIRUVALLUR,1,2,5,9,0.1764,0.0196,0.21,0.0041,2022-04-28,2022-04-28,0,0
TAMIL NADU,544,0.000 - 53.525,0.0,53.525,53.525,SALEM,1,1,2,9,1.2348,0.1372,0.17,0.0231,2007-06-07,2007-07-03,26,0
TAMIL NADU,544H,0.000 - 85.000,0.0,85.0,85.0,SALEM,1,1,1,10,0.2124,0.0212,0.12,0.0025,2024-03-05,2024-03-05,0,0
TAMIL NADU,66,3.600 - 37.920,3.6,37.92,34.32,VILLUPURAM,1,1,1,5,0.0566,0.0113,0.15,0.0016,2024-04-10,2024-04-10,0,0
TAMIL NADU,66,37.600 - 219.782,37.6,219.782,182.182,KRISHNAGIRI|TIRUVANNAMALAI|VILLUPURAM,3,7,55,2536,154.6956,0.0718,13.92,0.8491,2010-12-15,2023-06-20,4570,5
TAMIL NADU,67,1.600 - 80.133,1.6,80.133,78.533,Nagapattinam|TIRUVARUR,2,4,7,96,3.1269,0.0326,1.22,0.0398,2020-09-29,2023-01-05,828,2
TAMIL NADU,67,135.800 - 166.400,135.8,166.4,30.6,TIRUCHIRAPPALLI,1,1,4,190,45.8644,0.2414,6.21,1.4988,2020-09-15,2020-09-15,0,1
TAMIL NADU,716B,0.000 - 43.800,0.0,43.8,43.8,TIRUVALLUR,1,1,2,204,23.4165,0.1148,4.66,0.5346,2021-01-05,2021-01-05,0,2
TAMIL NADU,716B,38.800 - 55.500,38.8,55.5,16.7,TIRUVALLUR,1,2,12,1034,84.2312,0.0815,61.92,5.0438,2021-01-05,2022-11-30,694,3
TAMIL NADU,716B,43.800 - 61.380,43.8,61.38,17.58,TIRUVALLUR,1,1,6,753,73.2233,0.0972,42.83,4.1651,2021-01-05,2024-11-22,1417,4
TAMIL NADU,716B,61.380 - 96.040,61.38,96.04,34.66,TIRUVALLUR,1,1,3,259,14.7494,0.0569,7.47,0.4255,2021-01-05,2022-11-30,694,2
TAMIL NADU,716B,91.000 - 126.373,91.0,126.373,35.373,TIRUVALLUR,1,2,15,1427,126.4441,0.0886,40.34,3.5746,2021-01-05,2022-11-30,694,3
TAMIL NADU,716B,96.400 - 116.100,96.4,116.1,19.7,TIRUVALLUR,1,2,21,1328,110.2326,0.084,67.41,5.5956,2021-01-05,2025-05-09,1585,4
TAMIL NADU,744,0.000 - 31.800,0.0,31.8,31.8,MADURAI,1,2,22,1501,86.1627,0.0574,47.2,2.7095,2020-02-11,2024-02-26,1476,4
TAMIL NADU,744,31.800 - 70.981,31.8,70.981,39.181,VIRUDHUNAGAR,1,4,24,2959,161.9679,0.0547,75.52,4.1338,2020-01-30,2024-11-05,1741,4
TAMIL NADU,744,70.600 - 85.100,70.6,85.1,14.5,VIRUDHUNAGAR,1,1,4,40,4.8397,0.121,2.76,0.3338,2022-04-21,2022-04-28,7,0
TAMIL NADU,744,71.600 - 85.100,71.6,85.1,13.5,VIRUDHUNAGAR,1,1,5,790,55.991,0.0709,58.52,4.1475,2022-04-21,2025-03-26,1070,3
TAMIL NADU,744,85.100 - 139.845,85.1,139.845,54.745,TENKASI,1,3,26,2382,256.285,0.1076,43.51,4.6814,2022-04-21,2022-12-29,252,2
TAMIL NADU,744A,0.000 - 29.960,0.0,29.96,29.96,MADURAI,1,3,30,1457,141.5591,0.0972,48.63,4.7249,2018-06-14,2018-08-02,49,2
TAMIL NADU,744A,0.000 - 83.900,0.0,83.9,83.9,MADURAI,1,3,30,823,46.3349,0.0563,9.81,0.5523,2018-06-14,2022-08-25,1533,4
TAMIL NADU,785,0.000 - 18.700,0.0,18.7,18.7,MADURAI,1,1,15,1159,41.9722,0.0362,61.98,2.2445,2018-04-05,2021-01-05,1006,3
TAMIL NADU,785,18.700 - 36.430,18.7,36.43,17.73,DINDIGUL,1,1,7,1093,61.3749,0.0562,61.65,3.4616,2018-04-09,2021-01-21,1018,3
TAMIL NADU,785E,35.500 - 53.560,35.5,53.56,18.06,DINDIGUL,1,1,4,853,102.3385,0.12,47.23,5.6666,2019-01-07,2019-07-02,176,2
TAMIL NADU,785E,53.560 - 61.116,53.56,61.116,7.556,TIRUCHIRAPPALLI,1,1,3,322,46.3291,0.1439,42.62,6.1314,2019-01-07,2019-07-02,176,2
TAMIL NADU,79,0.313 - 136.670,0.313,136.67,136.357,Kallakurichi|SALEM|VILLUPURAM,3,5,22,153,8.1589,0.0533,1.12,0.0598,2009-05-04,2025-04-17,5827,3
TAMIL NADU,81,166.000 - 218.000,166.0,218.0,52.0,KARUR,1,2,3,9,0.1607,0.0201,0.17,0.0031,2006-09-28,2012-09-18,2182,2
TAMIL NADU,844,10.400 - 23.350,10.4,23.35,12.95,KRISHNAGIRI,1,3,22,2710,278.7747,0.1029,209.27,21.527,2019-01-07,2024-05-08,1948,4
TAMIL NADU,844,53.500 - 60.100,53.5,60.1,6.6,DHARMAPURI,1,2,18,2414,227.5978,0.0943,365.76,34.4845,2018-11-29,2019-07-03,216,2
TAMIL NADU,844,60.100 - 94.360,60.1,94.36,34.26,DHARMAPURI,1,2,19,901,52.3123,0.0581,26.3,1.5269,2018-11-29,2025-03-13,2296,4
TAMIL NADU,948,134.942 - 179.969,134.942,179.969,45.027,KRISHNAGIRI,1,2,25,2263,359.7472,0.159,50.26,7.9896,2019-03-08,2021-09-20,927,3
TAMIL NADU,948,144.170 - 179.936,144.17,179.936,35.766,KRISHNAGIRI,1,2,15,123,18.7887,0.1528,3.44,0.5253,2019-03-11,2021-09-20,924,1
TAMIL NADU,NE-7,164.500 - 218.280,164.5,218.28,53.78,VELLORE,1,3,21,398,23.361,0.0587,7.4,0.4344,2018-07-24,2023-09-04,1868,4
TAMIL NADU,NE-7,218.280 - 258.808,218.28,258.808,40.528,KANCHEEPURAM,1,2,22,845,64.9233,0.0768,20.85,1.6019,2022-05-30,2024-01-17,597,3
TAMIL NADU,NE-7,245.200 - 245.700,245.2,245.7,0.5,TIRUVALLUR,1,1,1,31,2.4248,0.0782,62.0,4.8496,2022-05-30,2022-05-30,0,0
TAMIL NADU,NH,31.600 - 32.000,31.6,32.0,0.4,COIMBATORE,1,1,1,6,0.0292,0.0049,15.0,0.073,2025-03-13,2025-03-13,0,0
TELANGANA,150C,202.900 - 255.887,202.9,255.887,52.987,JOGULAMBA GADWAL,1,6,19,548,336.4701,0.614,10.34,6.3501,2021-02-16,2024-02-16,1095,4
TELANGANA,161 (New),0.000 - 39.980,0.0,39.98,39.98,SANGAREDDY,1,4,16,712,196.8151,0.2764,17.81,4.9228,2017-11-20,2021-11-11,1452,4
TELANGANA,161 (New),135.582 - 136.118,135.582,136.118,0.536,KAMAREDDY,1,1,1,4,0.2545,0.0636,7.46,0.4748,2018-07-25,2018-07-25,0,0
TELANGANA,161 (New),39.980 - 66.210,39.98,66.21,26.23,MEDAK,1,3,11,158,22.4917,0.1424,6.02,0.8575,2018-08-14,2022-03-11,1305,3
TELANGANA,161 (New),66.210 - 79.850,66.21,79.85,13.64,SANGAREDDY,1,2,4,54,9.6214,0.1782,3.96,0.7054,2018-10-09,2019-11-05,392,1
TELANGANA,161 (New),79.850 - 134.650,79.85,134.65,54.8,KAMAREDDY,1,6,22,447,43.1759,0.0966,8.16,0.7879,2018-07-25,2020-07-28,734,3
TELANGANA,161B,0.000 - 29.580,0.0,29.58,29.58,SANGAREDDY,1,3,13,657,56.346,0.0858,22.21,1.9049,2021-06-30,2021-10-06,98,2
TELANGANA,161B,29.580 - 45.946,29.58,45.946,16.366,SANGAREDDY,1,2,8,308,41.3844,0.1344,18.82,2.5287,2020-07-31,2020-07-31,0,2
TELANGANA,161BB,38.900 - 58.550,38.9,58.55,19.65,NIZAMABAD,1,2,6,446,56.9623,0.1277,22.7,2.8988,2022-07-29,2022-07-29,0,2
TELANGANA,161BB,58.550 - 66.350,58.55,66.35,7.8,NIZAMABAD,1,1,3,326,17.6319,0.0541,41.79,2.2605,2022-09-08,2022-09-08,0,1
TELANGANA,161BB,66.350 - 95.300,66.35,95.3,28.95,NIRMAL,1,3,6,33,1.1034,0.0334,1.14,0.0381,2023-03-14,2023-03-14,0,0
TELANGANA,163,14.000 - 54.700,14.0,54.7,40.7,RANGAREDDI,1,2,22,482,135.9216,0.282,11.84,3.3396,2018-05-17,2023-01-09,1698,4
TELANGANA,163,159.000 - 215.000,159.0,215.0,56.0,Bhupalapally,1,1,1,24,1.8007,0.075,0.43,0.0322,2020-09-03,2020-09-03,0,0
TELANGANA,163,54.700 - 60.500,54.7,60.5,5.8,VIKARABAD,1,1,2,88,9.4699,0.1076,15.17,1.6327,2018-09-10,2018-09-10,0,0
TELANGANA,163,59.500 - 90.200,59.5,90.2,30.7,VIKARABAD,1,2,12,404,12.6453,0.0313,13.16,0.4119,2018-05-25,2019-11-29,553,2
TELANGANA,163,7.950 - 14.200,7.95,14.2,6.25,MEDCHAL - MALKAJGIRI,1,1,2,80,0.7951,0.0099,12.8,0.1272,2020-06-03,2020-06-03,0,0
TELANGANA,163,90.200 - 132.033,90.2,132.033,41.833,VIKARABAD,1,3,10,70,5.3143,0.0759,1.67,0.127,2018-05-25,2019-06-26,397,1
TELANGANA,163G,0.000 - 23.097,0.0,23.097,23.097,MANCHERIAL,1,1,13,1180,111.9126,0.0948,51.09,4.8453,2022-02-22,2024-01-17,694,3
TELANGANA,163G,0.000 - 9.000,0.0,9.0,9.0,Warangal(Rural),1,2,4,182,21.4665,0.1179,20.22,2.3852,2022-04-08,2025-04-25,1113,3
TELANGANA,163G,217.500 - 252.103,217.5,252.103,34.603,KHAMMAM,1,6,20,1183,169.2202,0.143,34.19,4.8903,2022-05-16,2025-01-03,963,3
TELANGANA,163G,23.097 - 63.063,23.097,63.063,39.966,PEDDAPALLI,1,3,16,1606,204.4777,0.1273,40.18,5.1163,2022-02-25,2023-05-17,446,3
TELANGANA,163G,254.297 - 280.311,254.297,280.311,26.014,KHAMMAM,1,3,12,572,105.3591,0.1842,21.99,4.0501,2022-11-22,2025-01-03,773,3
TELANGANA,163G,32.500 - 43.000,32.5,43.0,10.5,Warangal(Rural),1,1,7,477,53.869,0.1129,45.43,5.1304,2022-06-23,2025-03-12,993,3
TELANGANA,163G,43.000 - 90.500,43.0,90.5,47.5,MAHABUBABAD,1,5,18,2173,247.8316,0.1141,45.75,5.2175,2022-05-16,2024-12-04,933,3
TELANGANA,163G,63.779 - 88.418,63.779,88.418,24.639,JAYASHANKAR BHUPALPALLY,1,3,14,942,129.5781,0.1376,38.23,5.2591,2022-02-22,2022-10-07,227,2
TELANGANA,163G,88.418 - 111.762,88.418,111.762,23.344,Warangal(Rural),1,3,10,1118,120.5938,0.1079,47.89,5.1659,2022-03-08,2023-08-23,533,3
TELANGANA,163G,9.000 - 32.500,9.0,32.5,23.5,Warangal(Rural),1,3,11,749,123.1795,0.1645,31.87,5.2417,2022-05-27,2024-02-26,640,3
TELANGANA,163G,90.500 - 112.000,90.5,112.0,21.5,KHAMMAM,1,3,7,350,72.228,0.2064,16.28,3.3594,2023-09-04,2025-05-09,613,3
TELANGANA,167,113.900 - 133.100,113.9,133.1,19.2,NALGONDA,1,1,2,14,1.1636,0.0831,0.73,0.0606,2019-10-07,2019-10-07,0,0
TELANGANA,167,133.100 - 154.479,133.1,154.479,21.379,NALGONDA,1,2,5,173,9.7522,0.0564,8.09,0.4562,2020-02-12,2020-02-12,0,0
TELANGANA,167,15.525 - 42.000,15.525,42.0,26.475,MAHABUBNAGAR,1,1,3,30,2.7823,0.0927,1.13,0.1051,2019-02-06,2019-02-06,0,0
TELANGANA,167,157.707 - 187.723,157.707,187.723,30.016,NALGONDA,1,3,4,470,3.499,0.0074,15.66,0.1166,2020-02-26,2024-02-02,1437,3
TELANGANA,167,17.000 - 18.000,17.0,18.0,1.0,MAHABUBNAGAR,1,1,1,16,0.4484,0.028,16.0,0.4484,2023-04-25,2023-04-25,0,0
TELANGANA,167,180.000 - 180.865,180.0,180.865,0.865,MAHABUBNAGAR,1,1,1,5,2.0255,0.4051,5.78,2.3416,2020-09-18,2020-09-18,0,0
TELANGANA,167,181.200 - 283.000,181.2,283.0,101.8,MAHABUBNAGAR|NARAYANPET,2,8,28,1898,315.9302,0.1665,18.64,3.1034,2022-01-04,2022-07-28,205,3
TELANGANA,167,182.120 - 227.600,182.12,227.6,45.48,MAHABUBNAGAR,1,4,7,99,3.3526,0.0339,2.18,0.0737,2018-01-31,2018-01-31,0,0
TELANGANA,167,187.723 - 194.800,187.723,194.8,7.077,NALGONDA,1,1,2,63,2.514,0.0399,8.9,0.3552,2021-08-18,2021-08-18,0,0
TELANGANA,167,194.800 - 234.434,194.8,234.434,39.634,SURYAPET,1,4,8,91,4.8513,0.0533,2.3,0.1224,2019-10-17,2025-02-28,1961,2
TELANGANA,167,227.600 - 283.000,227.6,283.0,55.4,MAHABUBNAGAR,1,2,3,23,0.3919,0.017,0.42,0.0071,2018-01-31,2018-01-31,0,0
TELANGANA,167,266.348 - 283.000,266.348,283.0,16.652,MAHABUBNAGAR,1,2,2,85,2.3514,0.0277,5.1,0.1412,2020-12-22,2020-12-22,0,0
TELANGANA,167,42.000 - 50.000,42.0,50.0,8.0,NAGARKURNOOL,1,1,1,9,0.1719,0.0191,1.12,0.0215,2021-01-21,2021-01-21,0,0
TELANGANA,167,42.000 - 62.880,42.0,62.88,20.88,NAGARKURNOOL,1,1,1,26,0.9966,0.0383,1.25,0.0477,2018-10-26,2018-10-26,0,0
TELANGANA,167,67.000 - 88.000,67.0,88.0,21.0,NAGARKURNOOL,1,3,3,168,8.8736,0.0528,8.0,0.4226,2018-10-26,2019-07-03,250,0
TELANGANA,167,88.000 - 114.425,88.0,114.425,26.425,NALGONDA,1,2,3,9,1.0116,0.1124,0.34,0.0383,2018-10-26,2021-10-12,1082,1
TELANGANA,167K,0.000 - 20.450,0.0,20.45,20.45,NAGARKURNOOL,1,2,6,624,44.7572,0.0717,30.51,2.1886,2023-03-09,2024-05-24,442,3
TELANGANA,167K,20.450 - 46.130,20.45,46.13,25.68,NAGARKURNOOL,1,2,3,72,17.5646,0.244,2.8,0.684,2023-09-19,2023-09-19,0,0
TELANGANA,167K,46.130 - 87.600,46.13,87.6,41.47,NAGARKURNOOL,1,2,6,490,16.2917,0.0332,11.82,0.3929,2023-02-22,2025-03-26,763,2
TELANGANA,167N,0.000 - 47.200,0.0,47.2,47.2,MAHABUBNAGAR,1,5,17,531,32.189,0.0606,11.25,0.682,2022-12-12,2023-03-21,99,2
TELANGANA,167N,60.255 - 102.834,60.255,102.834,42.579,VIKARABAD,1,3,22,599,66.8746,0.1116,14.07,1.5706,2023-06-06,2023-10-10,126,2
TELANGANA,202,105.150 - 122.200,105.15,122.2,17.05,JANGAON,1,2,4,23,2.6766,0.1164,1.35,0.157,2018-01-04,2018-07-24,201,0
TELANGANA,202,122.200 - 150.000,122.2,150.0,27.8,WARANGAL URBAN/ HANUMAKONDA,1,5,7,26,8.1035,0.3117,0.94,0.2915,2018-06-21,2019-09-30,466,1
TELANGANA,202,26.000 - 54.000,26.0,54.0,28.0,YADADRI BHUVANAGIRI,1,1,2,2,0.2225,0.1112,0.07,0.0079,2015-02-06,2015-02-06,0,0
TELANGANA,202,54.000 - 76.800,54.0,76.8,22.8,YADADRI BHUVANAGIRI,1,2,2,5,0.7607,0.1521,0.22,0.0334,2019-06-21,2019-06-21,0,0
TELANGANA,221,71.200 - 121.000,71.2,121.0,49.8,KHAMMAM,1,3,3,9,0.3899,0.0433,0.18,0.0078,2016-12-06,2016-12-06,0,0
TELANGANA,222,615.000 - 668.600,615.0,668.6,53.6,NIRMAL,1,1,2,19,10.441,0.5495,0.35,0.1948,2016-01-19,2016-12-06,322,0
TELANGANA,30,121.000 - 165.000,121.0,165.0,44.0,KHAMMAM,1,2,2,34,0.4916,0.0145,0.77,0.0112,2016-12-16,2016-12-16,0,0
TELANGANA,353 C,25.000 - 59.200,25.0,59.2,34.2,Bhupalapally,1,1,1,39,2.2106,0.0567,1.14,0.0646,2022-01-19,2022-01-19,0,0
TELANGANA,353C,8.000 - 25.000,8.0,25.0,17.0,Bhupalapally,1,1,2,37,4.5756,0.1237,2.18,0.2692,2023-06-28,2024-07-26,394,1
TELANGANA,363 New,0.000 - 44.200,0.0,44.2,44.2,MANCHERIAL,1,6,18,1441,72.9207,0.0507,32.6,1.6498,2018-02-26,2022-07-29,1614,4
TELANGANA,363 New,44.200 - 94.602,44.2,94.602,50.402,KUMARAMBHEEM ASIFABAD,1,3,24,365,87.3128,0.2392,7.24,1.7323,2018-07-06,2022-07-21,1476,4
TELANGANA,365,0.000 - 72.600,0.0,72.6,72.6,NALGONDA,1,3,8,520,67.8113,0.1304,7.16,0.934,2016-11-03,2017-01-24,82,2
TELANGANA,365,154.000 - 187.000,154.0,187.0,33.0,WARANGAL,1,3,4,56,3.9349,0.0715,1.7,0.1192,2015-04-06,2015-08-06,122,0
TELANGANA,365A,0.000 - 10.100,0.0,10.1,10.1,SURYAPET,1,2,4,482,45.011,0.0934,47.72,4.4565,2018-06-05,2023-02-22,1723,4
TELANGANA,365A,10.100 - 31.800,10.1,31.8,21.7,KHAMMAM,1,3,12,1082,116.8519,0.108,49.86,5.3849,2018-02-09,2023-02-22,1839,4
TELANGANA,365A,34.250 - 49.415,34.25,49.415,15.165,KHAMMAM,1,1,5,260,65.3498,0.2513,17.14,4.3093,2022-12-29,2023-04-23,115,2
TELANGANA,365A,49.415 - 71.830,49.415,71.83,22.415,MAHABUBABAD,1,2,11,409,65.4295,0.16,18.25,2.919,2022-12-29,2023-03-20,81,2
TELANGANA,365B,0.970 - 40.410,0.97,40.41,39.44,JANGAON,1,1,4,23,3.8084,0.1656,0.58,0.0966,2021-01-05,2021-01-05,0,0
TELANGANA,365B,111.160 - 130.000,111.16,130.0,18.84,SIDDIPET,1,1,1,3,0.6597,0.2199,0.16,0.035,2022-11-30,2022-11-30,0,0
TELANGANA,365B,40.410 - 84.037,40.41,84.037,43.627,SURYAPET,1,2,3,45,4.244,0.0943,1.03,0.0973,2019-02-22,2019-02-22,0,0
TELANGANA,365B,86.160 - 111.600,86.16,111.6,25.44,JANGAON,1,2,6,195,42.2926,0.2169,7.67,1.6624,2022-07-06,2024-02-05,579,2
TELANGANA,365BB,0.000 - 38.200,0.0,38.2,38.2,SURYAPET,1,3,16,1745,194.1542,0.1113,45.68,5.0826,2018-06-18,2022-04-28,1410,4
TELANGANA,365BB,38.200 - 59.046,38.2,59.046,20.846,KHAMMAM,1,2,8,892,116.9452,0.1311,42.79,5.61,2018-01-19,2021-09-20,1340,4
TELANGANA,365BG,58.460 - 148.285,58.46,148.285,89.825,KHAMMAM,1,10,31,3694,598.3121,0.162,41.12,6.6609,2019-03-08,2024-05-06,1886,4
TELANGANA,44,22.300 - 34.140,22.3,34.14,11.84,RANGA REDDY,1,2,7,328,14.3693,0.0438,27.7,1.2136,2021-12-20,2025-02-13,1151,3
TELANGANA,44,22.300 - 80.050,22.3,80.05,57.75,RANGA REDDY,1,1,1,8,1.4965,0.1871,0.14,0.0259,2021-02-18,2021-02-18,0,0
TELANGANA,44,454.000 - 456.100,454.0,456.1,2.1,MEDAK,1,1,1,27,2.7921,0.1034,12.86,1.3296,2021-12-23,2022-05-10,138,0
TELANGANA,44,456.100 - 471.000,456.1,471.0,14.9,MEDCHAL - MALKAJGIRI,1,1,3,199,13.8096,0.0694,13.36,0.9268,2022-03-25,2024-04-10,747,1
TELANGANA,44,9.900 - 19.948,9.9,19.948,10.048,RANGAREDDI,1,2,3,143,1.1845,0.0083,14.23,0.1179,2020-11-18,2022-11-30,742,1
TELANGANA,563,0.000 - 26.300,0.0,26.3,26.3,JAGTIAL,1,4,12,1112,131.877,0.1186,42.28,5.0143,2022-10-27,2023-05-17,202,2
TELANGANA,563,26.300 - 59.353,26.3,59.353,33.053,KARIMNAGAR,1,4,13,1172,109.8113,0.0937,35.46,3.3223,2022-10-26,2023-06-06,223,2
TELANGANA,563,26.300 - 83.300,26.3,83.3,57.0,KARIMNAGAR,1,2,9,921,82.0006,0.089,16.16,1.4386,2018-10-29,2024-09-19,2152,4
TELANGANA,563,69.800 - 95.300,69.8,95.3,25.5,KARIMNAGAR,1,2,10,1249,170.1397,0.1362,48.98,6.6721,2018-10-29,2021-04-09,893,3
TELANGANA,563,95.300 - 116.667,95.3,116.667,21.367,WARANGAL URBAN/ HANUMAKONDA,1,3,11,975,83.3114,0.0854,45.63,3.8991,2021-01-28,2024-12-18,1420,4
TELANGANA,565,0.000 - 14.000,0.0,14.0,14.0,NALGONDA,1,1,6,277,47.3942,0.1711,19.79,3.3853,2025-02-17,2025-02-17,0,2
TELANGANA,565,1.000 - 86.057,1.0,86.057,85.057,NALGONDA,1,3,3,412,13.4527,0.0327,4.84,0.1582,2015-11-23,2016-10-28,340,1
TELANGANA,63,0.000 - 8.380,0.0,8.38,8.38,NIZAMABAD,1,1,3,121,11.7868,0.0974,14.44,1.4065,2022-07-27,2022-07-27,0,0
TELANGANA,63,124.300 - 160.113,124.3,160.113,35.813,MANCHERIAL,1,4,17,1271,153.1145,0.1205,35.49,4.2754,2024-03-06,2024-11-22,261,2
TELANGANA,63,16.470 - 24.600,16.47,24.6,8.13,NIZAMABAD,1,2,3,156,3.8238,0.0245,19.19,0.4703,2019-11-05,2019-11-05,0,0
TELANGANA,63,29.100 - 55.000,29.1,55.0,25.9,NIZAMABAD,1,4,9,936,75.5174,0.0807,36.14,2.9157,2024-03-05,2024-10-15,224,2
TELANGANA,63,3.610 - 4.800,3.61,4.8,1.19,NIZAMABAD,1,2,2,20,0.4249,0.0212,16.81,0.3571,2022-12-12,2022-12-12,0,0
TELANGANA,63,4.800 - 16.470,4.8,16.47,11.67,NIZAMABAD,1,1,2,17,3.5767,0.2104,1.46,0.3065,2019-11-13,2019-11-13,0,0
TELANGANA,63,55.000 - 69.250,55.0,69.25,14.25,JAGTIAL,1,1,5,586,52.5709,0.0897,41.12,3.6892,2024-03-11,2024-10-25,228,2
TELANGANA,63,69.250 - 86.000,69.25,86.0,16.75,JAGTIAL,1,2,6,303,78.034,0.2575,18.09,4.6587,2024-03-05,2024-10-10,219,2
TELANGANA,63,86.000 - 124.300,86.0,124.3,38.3,JAGTIAL,1,5,16,1938,175.9098,0.0908,50.6,4.5929,2024-04-10,2024-11-22,226,2
TELANGANA,65,40.000 - 221.500,40.0,221.5,181.5,SURYAPET,1,1,1,2,1.8936,0.9468,0.01,0.0104,2020-05-22,2020-05-22,0,0
TELANGANA,765,43.000 - 104.300,43.0,104.3,61.3,MAHABUBNAGAR,1,2,4,19,3.669,0.1931,0.31,0.0599,2016-02-01,2016-02-01,0,0
TELANGANA,765D,129.000 - 164.620,129.0,164.62,35.62,KAMAREDDY,1,3,12,309,15.6213,0.0506,8.67,0.4386,2023-12-29,2024-02-23,56,1
TELANGANA,765D,15.970 - 78.700,15.97,78.7,62.73,MEDAK,1,4,14,121,4.9361,0.0408,1.93,0.0787,2019-06-24,2019-06-24,0,0
TELANGANA,765D,15.970 - 83.350,15.97,83.35,67.38,MEDCHAL - MALKAJGIRI|SANGAREDDY,2,3,5,61,5.8402,0.0957,0.91,0.0867,2019-08-06,2019-10-17,72,1
TELANGANA,765D,164.620 - 176.800,164.62,176.8,12.18,NIZAMABAD,1,1,1,81,16.2493,0.2006,6.65,1.3341,2022-12-09,2022-12-09,0,0
TELANGANA,765D,78.700 - 96.400,78.7,96.4,17.7,MEDAK,1,1,4,86,11.8025,0.1372,4.86,0.6668,2022-11-30,2023-03-28,118,0
TELANGANA,765D,96.400 - 129.000,96.4,129.0,32.6,KAMAREDDY,1,2,13,170,9.3118,0.0548,5.21,0.2856,2023-06-28,2024-02-05,222,0
TELANGANA,765DG,0.000 - 33.725,0.0,33.725,33.725,MEDAK,1,4,10,366,26.8251,0.0733,10.85,0.7954,2022-12-12,2022-12-12,0,2
TELANGANA,765DG,116.190 - 137.132,116.19,137.132,20.942,WARANGAL URBAN/ HANUMAKONDA,1,2,6,155,2.6686,0.0172,7.4,0.1274,2023-04-25,2023-05-03,8,0
TELANGANA,765DG,33.725 - 88.010,33.725,88.01,54.285,SIDDIPET,1,5,18,704,17.0528,0.0242,12.97,0.3141,2022-12-09,2023-05-03,145,1
TELANGANA,765DG,88.010 - 116.190,88.01,116.19,28.18,SIDDIPET,1,2,7,535,6.3453,0.0119,18.99,0.2252,2023-02-13,2024-02-23,375,2
TELANGANA,9,348.800 - 493.000,348.8,493.0,144.2,SANGAREDDY,1,6,14,42,7.1741,0.1708,0.29,0.0498,2018-06-18,2018-06-18,0,0
TELANGANA,930P,0.000 - 5.585,0.0,5.585,5.585,RANGA REDDY,1,1,3,88,22.9881,0.2612,15.76,4.116,2023-12-15,2024-02-26,73,1
TELANGANA,930P,109.420 - 143.635,109.42,143.635,34.215,MAHABUBABAD,1,3,14,459,63.7447,0.1389,13.42,1.8631,2024-02-15,2025-02-14,365,3
TELANGANA,930P,143.635 - 178.500,143.635,178.5,34.865,MAHABUBABAD,1,4,9,275,35.9415,0.1307,7.89,1.0309,2024-02-15,2025-02-03,354,2
TELANGANA,930P,189.600 - 196.460,189.6,196.46,6.86,KHAMMAM,1,1,1,166,27.979,0.1685,24.2,4.0786,2024-02-02,2024-10-30,271,1
TELANGANA,930P,196.460 - 230.580,196.46,230.58,34.12,Bhadradri Kothagudem,1,2,4,263,17.8823,0.068,7.71,0.5241,2024-02-23,2024-11-12,263,1
TELANGANA,930P,5.580 - 41.920,5.58,41.92,36.34,YADADRI BHUVANAGIRI,1,2,16,978,166.3478,0.1701,26.91,4.5775,2024-02-02,2024-02-02,0,2
TELANGANA,930P,5.580 - 49.900,5.58,49.9,44.32,YADADRI BHUVANAGIRI,1,1,2,32,0.6832,0.0214,0.72,0.0154,2022-09-13,2022-09-13,0,0
TELANGANA,930P,56.400 - 82.375,56.4,82.375,25.975,YADADRI BHUVANAGIRI,1,1,2,23,3.5206,0.1531,0.89,0.1355,2022-09-13,2022-09-13,0,0
TELANGANA,930P,82.375 - 94.650,82.375,94.65,12.275,SURYAPET,1,1,2,11,0.4243,0.0386,0.9,0.0346,2022-12-09,2022-12-09,0,0
TELANGANA,930P,95.640 - 99.900,95.64,99.9,4.26,SURYAPET,1,1,2,9,0.2702,0.03,2.11,0.0634,2022-12-09,2023-03-28,109,0
TELANGANA,930P,99.900 - 142.200,99.9,142.2,42.3,MAHABUBABAD,1,1,1,5,0.3845,0.0769,0.12,0.0091,2022-09-20,2022-09-20,0,0
TELANGANA,Greenfield Expressway,0.000 - 9.560,0.0,9.56,9.56,SANGAREDDY,1,4,13,1447,209.5244,0.1448,151.36,21.9168,2023-08-08,2024-09-19,408,3
TELANGANA,Greenfield Expressway,118.188 - 133.178,118.188,133.178,14.99,YADADRI BHUVANAGIRI,1,1,6,410,196.442,0.4791,27.35,13.1049,2023-08-08,2024-11-22,472,3
TELANGANA,Greenfield Expressway,133.178 - 158.645,133.178,158.645,25.467,YADADRI BHUVANAGIRI,1,2,11,976,318.0524,0.3259,38.32,12.4888,2023-04-18,2024-11-27,589,3
TELANGANA,Greenfield Expressway,25.304 - 53.095,25.304,53.095,27.791,MEDAK,1,2,17,485,289.2366,0.5964,17.45,10.4076,2023-08-23,2024-09-19,393,3
TELANGANA,Greenfield Expressway,53.095 - 67.129,53.095,67.129,14.034,MEDAK,1,1,8,495,172.8591,0.3492,35.27,12.3172,2023-08-08,2025-01-09,520,3
TELANGANA,Greenfield Expressway,67.129 - 98.989,67.129,98.989,31.86,SIDDIPET,1,5,17,459,389.3647,0.8483,14.41,12.2211,2023-08-08,2025-03-13,583,3
TELANGANA,Greenfield Expressway,9.560 - 18.183,9.56,18.183,8.623,SANGAREDDY,1,1,5,581,120.4523,0.2073,67.38,13.9687,2023-04-18,2024-07-18,457,3
TELANGANA,Greenfield Expressway,98.989 - 118.188,98.989,118.188,19.199,YADADRI BHUVANAGIRI,1,2,7,295,204.154,0.692,15.37,10.6336,2023-04-18,2024-05-06,384,3
TRIPURA,102B,10.000 - 30.000,10.0,30.0,20.0,Dhalai,1,1,2,3,1.6633,0.8316,0.15,0.0832,2020-02-03,2020-02-19,16,0
TRIPURA,108A,0.000 - 21.412,0.0,21.412,21.412,South Tripura,1,3,9,1211,30.9582,0.0256,56.56,1.4458,2019-03-06,2021-11-13,983,3
TRIPURA,108B,6.500 - 45.300,6.5,45.3,38.8,Khowai|West Tripura,2,9,14,1732,99.7197,0.0576,44.64,2.5701,2020-09-29,2020-09-29,0,3
TRIPURA,208,0.000 - 18.640,0.0,18.64,18.64,Unakoti,1,2,8,45,1.015,0.0226,2.41,0.0545,2023-01-19,2023-01-19,0,0
TRIPURA,208,0.000 - 21.100,0.0,21.1,21.1,Unakoti,1,2,9,800,40.2155,0.0503,37.91,1.9059,2020-03-18,2020-03-18,0,2
TRIPURA,208,0.000 - 8.440,0.0,8.44,8.44,Khowai,1,1,2,162,12.7368,0.0786,19.19,1.5091,2022-08-12,2024-09-19,769,1
TRIPURA,208,21.100 - 127.319,21.1,127.319,106.219,Dhalai|Khowai|Unakoti,3,18,46,4500,185.647,0.0413,42.37,1.7478,2019-02-04,2022-06-09,1221,5
TRIPURA,208,8.440 - 93.500,8.44,93.5,85.06,Gomati,1,10,27,2780,186.9337,0.0672,32.68,2.1977,2023-02-01,2024-10-11,618,3
TRIPURA,208,93.500 - 108.654,93.5,108.654,15.154,South Tripura,1,2,7,401,27.6552,0.069,26.46,1.8249,2022-08-04,2024-06-18,684,3
TRIPURA,208A,0.000 - 36.460,0.0,36.46,36.46,North Tripura|Unakoti,2,7,17,1891,119.4368,0.0632,51.87,3.2758,2020-09-25,2021-08-04,313,3
TRIPURA,44,318.000 - 349.000,318.0,349.0,31.0,Unakoti,1,2,6,49,1.4808,0.0302,1.58,0.0478,2019-01-08,2019-01-08,0,0
TRIPURA,44,349.000 - 404.000,349.0,404.0,55.0,Dhalai,1,3,9,153,5.0895,0.0333,2.78,0.0925,2019-01-11,2019-01-11,0,0
TRIPURA,44A,0.000 - 23.905,0.0,23.905,23.905,Dhalai,1,1,4,175,9.3978,0.0537,7.32,0.3931,2019-02-06,2022-07-06,1246,2
TRIPURA,44A,16.077 - 25.980,16.077,25.98,9.903,Dhalai,1,3,3,39,10.1486,0.2602,3.94,1.0248,2022-03-10,2023-12-09,639,1
TRIPURA,44A,36.690 - 43.935,36.69,43.935,7.245,North Tripura,1,2,3,17,9.0708,0.5336,2.35,1.252,2022-03-10,2022-03-10,0,0
TRIPURA,44A,66.845 - 85.125,66.845,85.125,18.28,North Tripura,1,4,11,540,53.2447,0.0986,29.54,2.9127,2019-02-04,2021-12-08,1038,3
TRIPURA,8,242.500 - 261.610,242.5,261.61,19.11,West Tripura,1,1,7,1831,92.7286,0.0506,95.81,4.8524,2024-03-08,2024-03-08,0,2
TRIPURA,8,49.600 - 49.950,49.6,49.95,0.35,Gomati,1,2,2,107,2.962,0.0277,305.71,8.4629,2020-08-18,2020-08-18,0,0
TRIPURA,8,93.070 - 93.947,93.07,93.947,0.877,South Tripura,1,2,2,43,1.9045,0.0443,49.03,2.1716,2020-08-26,2020-08-26,0,0
TRIPURA,Ring Road,0.000 - 24.718,0.0,24.718,24.718,West Tripura,1,6,9,1917,103.565,0.054,77.55,4.1899,2023-05-03,2023-05-03,0,2
UTTARAKHAND,108,101.000 - 124.000,101.0,124.0,23.0,UTTARKASHI,1,1,6,39,0.517,0.0133,1.7,0.0225,2020-09-09,2020-09-09,0,0
UTTARAKHAND,108,101.060 - 110.860,101.06,110.86,9.8,UTTARKASHI,1,1,6,201,2.9276,0.0146,20.51,0.2987,2018-10-31,2019-09-17,321,1
UTTARAKHAND,109,0.000 - 23.600,0.0,23.6,23.6,RUDRA PRAYAG,1,2,14,1326,46.2168,0.0349,56.19,1.9583,2017-05-09,2017-08-11,94,2
UTTARAKHAND,109,23.600 - 73.600,23.6,73.6,50.0,RUDRA PRAYAG,1,1,26,822,21.3662,0.026,16.44,0.4273,2017-08-11,2023-10-03,2244,4
UTTARAKHAND,109D,0.000 - 3.860,0.0,3.86,3.86,CHAMPAWAT,1,1,3,60,8.0878,0.1348,15.54,2.0953,2021-10-13,2021-10-13,0,0
UTTARAKHAND,119,0.500 - 6.500,0.5,6.5,6.0,PAURI GARHWAL,1,1,7,184,16.3487,0.0889,30.67,2.7248,2023-01-25,2024-03-05,405,1
UTTARAKHAND,119,139.000 - 276.000,139.0,276.0,137.0,PAURI GARHWAL,1,6,95,5426,160.4693,0.0296,39.61,1.1713,2018-08-29,2018-08-29,0,2
UTTARAKHAND,121,1.900 - 2.790,1.9,2.79,0.89,UDHAM SINGH NAGAR,1,1,1,1,0.0175,0.0175,1.12,0.0197,2023-03-14,2023-03-14,0,0
UTTARAKHAND,123(507),65.000 - 111.350,65.0,111.35,46.35,UTTARKASHI,1,1,21,721,35.962,0.0499,15.56,0.7759,2023-06-28,2025-03-26,637,3
UTTARAKHAND,125,121.650 - 129.400,121.65,129.4,7.75,CHAMPAWAT,1,1,11,1006,15.5406,0.0154,129.81,2.0052,2018-10-25,2018-10-25,0,1
UTTARAKHAND,125,197.175 - 206.950,197.175,206.95,9.775,PITHORAGARH,1,1,16,1343,14.847,0.0111,137.39,1.5189,2019-10-21,2019-10-21,0,1
UTTARAKHAND,125,52.000 - 202.000,52.0,202.0,150.0,CHAMPAWAT,1,2,8,891,11.719,0.0132,5.94,0.0781,2018-10-25,2018-12-11,47,1
UTTARAKHAND,30,58.400 - 70.800,58.4,70.8,12.4,UDHAM SINGH NAGAR,1,1,11,472,61.4769,0.1302,38.06,4.9578,2022-05-18,2023-07-05,413,3
UTTARAKHAND,309A,80.000 - 206.000,80.0,206.0,126.0,BAGESHWAR,1,2,14,413,2.808,0.0068,3.28,0.0223,2023-08-11,2023-08-11,0,1
UTTARAKHAND,334A,28.800 - 28.880,28.8,28.88,0.08,HARIDWAR,1,1,1,3,0.089,0.0297,37.5,1.1125,2023-05-29,2023-05-29,0,0
UTTARAKHAND,34,8.000 - 29.300,8.0,29.3,21.3,UTTARKASHI,1,1,3,126,3.231,0.0256,5.92,0.1517,2023-08-07,2023-08-07,0,0
UTTARAKHAND,34,86.120 - 95.287,86.12,95.287,9.167,UTTARKASHI,1,1,2,343,12.861,0.0375,37.42,1.403,2023-07-28,2023-07-28,0,1
UTTARAKHAND,34,95.287 - 100.300,95.287,100.3,5.013,UTTARKASHI,1,1,2,214,4.989,0.0233,42.69,0.9952,2023-07-24,2023-07-24,0,1
UTTARAKHAND,58,152.000 - 210.620,152.0,210.62,58.62,HARIDWAR,1,2,8,30,0.983,0.0328,0.51,0.0168,2018-06-21,2018-07-13,22,0
UTTARAKHAND,58,167.200 - 180.300,167.2,180.3,13.1,HARIDWAR,1,1,3,67,0.8293,0.0124,5.11,0.0633,2020-10-14,2023-01-04,812,1
UTTARAKHAND,58,218.200 - 235.000,218.2,235.0,16.8,DEHRADUN,1,1,2,40,3.2188,0.0805,2.38,0.1916,2018-01-02,2018-01-02,0,0
UTTARAKHAND,58,229.527 - 328.450,229.527,328.45,98.923,TEHRI GARHWAL,1,2,23,125,1.2411,0.0099,1.26,0.0125,2019-03-06,2021-03-09,734,1
UTTARAKHAND,58,328.450 - 350.180,328.45,350.18,21.73,PAURI GARHWAL,1,1,14,58,0.4775,0.0082,2.67,0.022,2020-01-24,2020-01-24,0,0
UTTARAKHAND,58,350.180 - 368.000,350.18,368.0,17.82,RUDRA PRAYAG,1,1,5,31,1.9563,0.0631,1.74,0.1098,2020-01-28,2020-01-28,0,0
UTTARAKHAND,58,355.000 - 368.000,355.0,368.0,13.0,RUDRA PRAYAG,1,1,3,24,0.0887,0.0037,1.85,0.0068,2022-08-12,2022-08-12,0,0
UTTARAKHAND,58,468.350 - 489.000,468.35,489.0,20.65,CHAMOLI,1,1,3,36,3.979,0.1105,1.74,0.1927,2019-12-17,2019-12-17,0,0
UTTARAKHAND,58,489.000 - 528.000,489.0,528.0,39.0,CHAMOLI,1,1,5,374,10.311,0.0276,9.59,0.2644,2018-10-03,2019-02-12,132,1
UTTARAKHAND,7,0.000 - 20.620,0.0,20.62,20.62,DEHRADUN,1,2,4,155,4.8613,0.0314,7.52,0.2358,2022-09-08,2024-07-03,664,1
UTTARAKHAND,7,368.000 - 384.400,368.0,384.4,16.4,RUDRA PRAYAG,1,1,11,326,3.809,0.0117,19.88,0.2323,2018-09-14,2019-12-26,468,2
UTTARAKHAND,7,384.000 - 468.000,384.0,468.0,84.0,CHAMOLI,1,3,23,194,25.9376,0.1337,2.31,0.3088,2024-03-12,2024-03-12,0,1
UTTARAKHAND,7,384.400 - 468.000,384.4,468.0,83.6,CHAMOLI,1,3,51,1873,46.055,0.0246,22.4,0.5509,2019-07-04,2019-07-04,0,2
UTTARAKHAND,707A,155.100 - 164.700,155.1,164.7,9.6,DEHRADUN,1,1,2,26,11.838,0.4553,2.71,1.2331,2023-05-03,2023-05-03,0,0
UTTARAKHAND,72,104.000 - 149.000,104.0,149.0,45.0,DEHRADUN,1,2,21,1316,121.2782,0.0922,29.24,2.6951,2021-08-18,2024-09-18,1127,4
UTTARAKHAND,73,0.000 - 22.000,0.0,22.0,22.0,HARIDWAR,1,2,25,1190,111.1667,0.0936,54.09,5.053,2013-12-11,2022-11-07,3253,4
UTTARAKHAND,73,6.940 - 8.700,6.94,8.7,1.76,HARIDWAR,1,1,5,240,21.4824,0.0899,136.36,12.2059,2013-12-11,2018-07-06,1668,4
UTTARAKHAND,734,39.750 - 53.260,39.75,53.26,13.51,UDHAM SINGH NAGAR,1,1,13,579,96.3638,0.1664,42.86,7.1328,2022-09-13,2023-09-18,370,3
UTTARAKHAND,734,41.000 - 52.200,41.0,52.2,11.2,UDHAM SINGH NAGAR,1,1,10,342,70.065,0.2049,30.54,6.2558,2022-09-13,2022-09-13,0,2
UTTARAKHAND,74,0.000 - 73.000,0.0,73.0,73.0,HARIDWAR,1,1,1,1,0.1843,0.1843,0.01,0.0025,2019-01-24,2019-01-24,0,0
UTTARAKHAND,74,132.000 - 175.000,132.0,175.0,43.0,UDHAM SINGH NAGAR,1,2,8,15,3.0408,0.2027,0.35,0.0707,2019-01-31,2019-01-31,0,0
UTTARAKHAND,74,175.000 - 252.200,175.0,252.2,77.2,UDHAM SINGH NAGAR,1,4,50,1578,134.7737,0.0854,20.44,1.7458,2014-02-25,2025-05-09,4091,4
UTTARAKHAND,87,0.000 - 21.390,0.0,21.39,21.39,UDHAM SINGH NAGAR,1,1,7,319,62.8878,0.1971,14.91,2.9401,2023-03-01,2024-05-21,447,3
UTTARAKHAND,87,43.446 - 93.226,43.446,93.226,49.78,NAINITAL,1,2,4,11,5.4404,0.4946,0.22,0.1093,2021-06-11,2021-06-11,0,0
UTTARAKHAND,9,72.000 - 107.620,72.0,107.62,35.62,PITHORAGARH,1,1,17,1865,41.1246,0.0221,52.36,1.1545,2022-08-31,2023-07-31,334,2
UTTARAKHAND,94,0.000 - 24.300,0.0,24.3,24.3,UTTARKASHI,1,1,11,208,2.496,0.012,8.56,0.1027,2020-09-10,2024-07-02,1391,3
UTTARAKHAND,94,132.300 - 139.800,132.3,139.8,7.5,UTTARKASHI,1,1,2,153,1.411,0.0092,20.4,0.1881,2019-01-09,2021-11-24,1050,1
UTTARAKHAND,94,132.300 - 142.000,132.3,142.0,9.7,UTTARKASHI,1,1,1,4,0.688,0.172,0.41,0.0709,2025-02-13,2025-02-13,0,0
UTTARAKHAND,94,133.020 - 137.330,133.02,137.33,4.31,UTTARKASHI,1,1,2,90,1.029,0.0114,20.88,0.2387,2019-01-09,2019-01-09,0,0
UTTARAKHAND,94,133.202 - 137.330,133.202,137.33,4.128,UTTARKASHI,1,1,2,43,1.651,0.0384,10.42,0.4,2020-04-22,2020-04-22,0,0
UTTARAKHAND,94,138.300 - 138.500,138.3,138.5,0.2,UTTARKASHI,1,1,1,1,0.01,0.01,5.0,0.05,2019-02-01,2019-02-01,0,0
UTTARAKHAND,94,28.600 - 59.420,28.6,59.42,30.82,TEHRI GARHWAL,1,2,19,462,11.458,0.0248,14.99,0.3718,2019-09-06,2021-03-23,564,2
UTTARAKHAND,94,50.900 - 97.900,50.9,97.9,47.0,UTTARKASHI,1,1,18,1010,12.935,0.0128,21.49,0.2752,2019-08-22,2019-08-22,0,1
UTTARAKHAND,94,59.000 - 132.300,59.0,132.3,73.3,TEHRI GARHWAL,1,2,37,337,3.886,0.0115,4.6,0.053,2019-04-09,2023-09-12,1617,3
UTTARAKHAND,94,65.000 - 76.000,65.0,76.0,11.0,TEHRI GARHWAL,1,1,12,863,10.333,0.012,78.45,0.9394,2019-04-25,2021-03-23,698,2
UTTARAKHAND,94,76.000 - 110.000,76.0,110.0,34.0,TEHRI GARHWAL,1,2,14,298,3.358,0.0113,8.76,0.0988,2023-09-12,2023-09-12,0,1
UTTARAKHAND,94,89.440 - 132.300,89.44,132.3,42.86,TEHRI GARHWAL,1,1,10,82,14.882,0.1815,1.91,0.3472,2018-12-07,2019-07-04,209,0
UTTARAKHAND,95,59.420 - 132.300,59.42,132.3,72.88,TEHRI GARHWAL,1,2,32,478,6.017,0.0126,6.56,0.0826,2020-07-03,2020-07-03,0,1
UTTARAKHAND,Connecting from NH-7 to NH-307,0.000 - 12.000,0.0,12.0,12.0,DEHRADUN,1,2,6,179,31.4636,0.1758,14.92,2.622,2021-09-24,2023-12-29,826,2
UTTARAKHAND,Greenfield Highway,19.060 - 50.700,19.06,50.7,31.64,HARIDWAR,1,3,30,1309,168.3993,0.1286,41.37,5.3224,2021-08-31,2025-01-15,1233,4
UTTARAKHAND,Greenfield Highway,3.000 - 10.500,3.0,10.5,7.5,HARIDWAR,1,1,4,33,0.7399,0.0224,4.4,0.0987,2022-04-18,2022-04-18,0,0
UTTARAKHAND,Ring Road,0.000 - 48.880,0.0,48.88,48.88,HARIDWAR,1,1,10,337,53.9738,0.1602,6.89,1.1042,2021-03-08,2022-11-22,624,3
UTTAR PRADESH,119,0.000 - 0.500,0.0,0.5,0.5,BIJNOR,1,2,2,10,7.7103,0.771,20.0,15.4206,2023-01-05,2024-02-13,404,1
UTTAR PRADESH,119,105.423 - 118.373,105.423,118.373,12.95,BIJNOR,1,1,17,616,76.4242,0.1241,47.57,5.9015,2021-07-06,2024-02-23,962,3
UTTAR PRADESH,119,11.500 - 39.250,11.5,39.25,27.75,MEERUT,1,1,9,132,37.9916,0.2878,4.76,1.3691,2018-03-13,2021-09-15,1282,3
UTTAR PRADESH,119,11.800 - 48.275,11.8,48.275,36.475,MEERUT,1,2,22,699,83.378,0.1193,19.16,2.2859,2018-03-13,2022-12-27,1750,4
UTTAR PRADESH,119,48.275 - 70.261,48.275,70.261,21.986,MUZAFFARNAGAR,1,1,16,504,127.5447,0.2536,22.92,5.8012,2018-10-31,2022-12-27,1518,4
UTTAR PRADESH,119,70.621 - 112.575,70.621,112.575,41.954,BIJNOR,1,2,46,587,73.7783,0.1257,13.99,1.7586,2018-03-13,2023-03-09,1822,4
UTTAR PRADESH,119,70.621 - 87.175,70.621,87.175,16.554,BIJNOR,1,1,14,306,96.3211,0.3148,18.48,5.8186,2018-03-26,2023-03-09,1809,4
UTTAR PRADESH,124D,0.000 - 54.048,0.0,54.048,54.048,GHAZIPUR,1,3,59,2285,111.3971,0.0488,42.28,2.0611,2023-03-10,2023-08-11,154,2
UTTAR PRADESH,135A,0.000 - 16.000,0.0,16.0,16.0,MIRZAPUR,1,1,15,630,88.1052,0.1398,39.38,5.5066,2024-09-06,2024-09-06,0,2
UTTAR PRADESH,135A,108.500 - 139.000,108.5,139.0,30.5,JAUNPUR,1,1,35,1733,163.6298,0.0944,56.82,5.3649,2024-02-06,2025-04-24,443,3
UTTAR PRADESH,135A,139.000 - 145.300,139.0,145.3,6.3,AZAMGARH,1,1,6,302,25.4806,0.0844,47.94,4.0445,2024-03-05,2024-03-05,0,2
UTTAR PRADESH,135A,145.300 - 157.300,145.3,157.3,12.0,SULTANPUR,1,1,9,590,48.1457,0.0816,49.17,4.0121,2023-12-08,2025-01-13,402,3
UTTAR PRADESH,135A,157.300 - 179.200,157.3,179.2,21.9,AMBEDKAR NAGAR,1,2,26,1290,109.6854,0.085,58.9,5.0085,2024-03-05,2024-10-25,234,2
UTTAR PRADESH,135A,34.900 - 73.134,34.9,73.134,38.234,BHADOHI,1,1,1,1,0.042,0.042,0.03,0.0011,2024-07-12,2024-07-12,0,0
UTTAR PRADESH,135A,34.900 - 73.175,34.9,73.175,38.275,JAUNPUR,1,2,43,1072,20.8235,0.0194,28.01,0.544,2022-09-14,2024-10-10,757,3
UTTAR PRADESH,135A,53.550 - 59.200,53.55,59.2,5.65,JAUNPUR,1,1,14,481,45.0644,0.0937,85.13,7.976,2023-03-09,2024-07-26,505,3
UTTAR PRADESH,135A,78.000 - 108.500,78.0,108.5,30.5,JAUNPUR,1,1,20,1149,87.028,0.0757,37.67,2.8534,2025-03-13,2025-03-13,0,2
UTTAR PRADESH,19,483.687 - 628.753,483.687,628.753,145.066,FATEHPUR|KANPUR NAGAR|KAUSHAMBI,3,5,96,1935,81.4321,0.0421,13.34,0.5613,2015-08-10,2023-12-11,3045,5
UTTAR PRADESH,19,93.800 - 176.760,93.8,176.76,82.96,MATHURA,1,2,13,39,5.2458,0.1345,0.47,0.0632,2010-06-15,2024-07-24,5153,2
UTTAR PRADESH,2,199.660 - 323.525,199.66,323.525,123.865,AGRA|ETAWAH|FIROZABAD|MAINPURI,4,6,28,223,9.4993,0.0426,1.8,0.0767,2018-06-18,2025-04-08,2486,4
UTTAR PRADESH,2,713.146 - 728.185,713.146,728.185,15.039,ALLAHABAD,1,1,5,21,0.4425,0.0211,1.4,0.0294,2019-07-05,2019-07-05,0,0
UTTAR PRADESH,2,728.185 - 766.535,728.185,766.535,38.35,BHADOHI,1,2,23,182,4.8372,0.0266,4.75,0.1261,2019-07-05,2022-11-07,1221,2
UTTAR PRADESH,2,762.600 - 764.600,762.6,764.6,2.0,MIRZAPUR,1,1,2,53,1.6329,0.0308,26.5,0.8164,2019-07-05,2019-07-05,0,0
UTTAR PRADESH,2,766.535 - 785.544,766.535,785.544,19.009,VARANASI,1,1,11,80,3.2479,0.0406,4.21,0.1709,2019-07-05,2019-07-05,0,0
UTTAR PRADESH,2,786.000 - 806.000,786.0,806.0,20.0,VARANASI,1,1,4,40,1.6532,0.0413,2.0,0.0827,2022-02-16,2022-02-16,0,0
UTTAR PRADESH,2,806.000 - 809.500,806.0,809.5,3.5,CHANDAULI,1,1,1,10,0.2419,0.0242,2.86,0.0691,2021-09-24,2022-06-23,272,0
UTTAR PRADESH,2,809.500 - 835.000,809.5,835.0,25.5,CHANDAULI,1,1,4,5,0.177,0.0354,0.2,0.0069,2021-09-24,2021-09-24,0,0
UTTAR PRADESH,219,44.470 - 55.073,44.47,55.073,10.603,CHANDAULI,1,1,14,378,34.827,0.0921,35.65,3.2846,2022-07-20,2023-07-03,348,2
UTTAR PRADESH,227A,0.000 - 55.000,0.0,55.0,55.0,BASTI,1,2,18,1221,7.8719,0.0064,22.2,0.1431,2019-09-18,2022-06-17,1003,2
UTTAR PRADESH,227A,130.000 - 150.000,130.0,150.0,20.0,GORAKHPUR,1,1,24,517,37.4355,0.0724,25.85,1.8718,2022-12-08,2024-04-10,489,3
UTTAR PRADESH,227A,150.000 - 190.000,150.0,190.0,40.0,DEORIA,1,2,50,1432,105.8837,0.0739,35.8,2.6471,2022-12-29,2025-04-08,831,3
UTTAR PRADESH,227A,54.960 - 89.720,54.96,89.72,34.76,SANT KABIR NAGAR,1,1,49,1347,26.5077,0.0197,38.75,0.7626,2022-08-16,2024-09-02,748,3
UTTAR PRADESH,227A,90.000 - 128.870,90.0,128.87,38.87,GORAKHPUR,1,2,48,795,7.4922,0.0094,20.45,0.1928,2023-01-13,2023-01-13,0,1
UTTAR PRADESH,227B,0.000 - 30.000,0.0,30.0,30.0,BASTI,1,1,55,2179,190.6875,0.0875,72.63,6.3562,2023-03-09,2025-03-27,749,3
UTTAR PRADESH,227B,140.960 - 165.400,140.96,165.4,24.44,BARABANKI,1,1,18,830,98.5186,0.1187,33.96,4.031,2024-02-05,2025-01-15,345,2
UTTAR PRADESH,227B,155.930 - 229.000,155.93,229.0,73.07,GONDA,1,2,38,2898,329.6909,0.1138,39.66,4.512,2024-02-02,2025-03-27,419,3
UTTAR PRADESH,227B,32.860 - 138.300,32.86,138.3,105.44,Ayodhya,1,4,97,5482,490.1711,0.0894,51.99,4.6488,2023-02-28,2024-12-04,645,3
UTTAR PRADESH,227B,47.150 - 52.585,47.15,52.585,5.435,AMBEDKAR NAGAR,1,1,10,461,31.1436,0.0676,84.82,5.7302,2023-02-28,2024-10-25,605,3
UTTAR PRADESH,233,121.800 - 164.750,121.8,164.75,42.95,AMBEDKAR NAGAR,1,2,41,315,19.8574,0.063,7.33,0.4623,2013-06-14,2021-08-13,2982,3
UTTAR PRADESH,233,121.800 - 180.420,121.8,180.42,58.62,AMBEDKAR NAGAR,1,2,3,3,0.06,0.03,0.05,0.001,2013-06-14,2013-06-14,0,0
UTTAR PRADESH,233,164.750 - 180.420,164.75,180.42,15.67,AZAMGARH,1,1,5,10,0.4085,0.0408,0.64,0.0261,2021-09-20,2021-09-20,0,0
UTTAR PRADESH,233,269.000 - 292.000,269.0,292.0,23.0,VARANASI,1,1,3,18,0.7583,0.0421,0.78,0.033,2019-03-08,2019-03-08,0,0
UTTAR PRADESH,233,66.000 - 123.000,66.0,123.0,57.0,BASTI,1,1,4,23,0.915,0.0398,0.4,0.0161,2018-07-04,2018-09-19,77,0
UTTAR PRADESH,24,0.000 - 18.500,0.0,18.5,18.5,GHAZIPUR,1,2,6,72,3.657,0.0508,3.89,0.1977,2025-03-13,2025-03-13,0,0
UTTAR PRADESH,24,0.000 - 8.500,0.0,8.5,8.5,RAMPUR,1,1,7,50,6.1418,0.1228,5.88,0.7226,2021-09-24,2025-02-07,1232,2
UTTAR PRADESH,24,143.342 - 149.250,143.342,149.25,5.908,MORADABAD,1,1,3,47,4.2864,0.0912,7.96,0.7255,2018-06-05,2018-06-05,0,0
UTTAR PRADESH,24,149.250 - 271.050,149.25,271.05,121.8,BAREILLY,1,3,4,81,0.8626,0.0216,0.67,0.0071,2010-04-20,2013-05-02,1108,2
UTTAR PRADESH,24,28.000 - 50.250,28.0,50.25,22.25,HAPUR,1,1,1,27,4.5115,0.1671,1.21,0.2028,2018-07-06,2022-02-11,1316,2
UTTAR PRADESH,24,413.000 - 488.000,413.0,488.0,75.0,LUCKNOW|SITAPUR,2,2,5,8,0.6995,0.0874,0.11,0.0093,2007-07-03,2007-07-18,15,1
UTTAR PRADESH,24,50.000 - 93.000,50.0,93.0,43.0,HAPUR,1,2,21,240,26.7888,0.1116,5.58,0.623,2018-03-15,2021-03-02,1083,3
UTTAR PRADESH,24,93.000 - 146.100,93.0,146.1,53.1,AMROHA,1,3,37,598,45.8611,0.0767,11.26,0.8637,2018-03-15,2022-08-30,1629,4
UTTAR PRADESH,24B,124.000 - 164.000,124.0,164.0,40.0,PRATAPGARH,1,1,49,1097,51.5145,0.047,27.42,1.2879,2018-07-18,2024-09-11,2247,4
UTTAR PRADESH,24B,161.450 - 180.200,161.45,180.2,18.75,ALLAHABAD,1,1,7,42,0.4292,0.0102,2.24,0.0229,2024-04-10,2024-04-10,0,0
UTTAR PRADESH,24B,164.000 - 188.000,164.0,188.0,24.0,ALLAHABAD,1,1,4,65,1.2978,0.02,2.71,0.0541,2024-09-25,2024-09-25,0,0
UTTAR PRADESH,24B,4.400 - 91.600,4.4,91.6,87.2,RAEBARELI,1,1,30,1383,180.5704,0.1306,15.86,2.0708,2014-06-25,2023-09-12,3366,4
UTTAR PRADESH,24B,42.900 - 82.500,42.9,82.5,39.6,RAEBARELI,1,2,7,118,4.3084,0.0365,2.98,0.1088,2015-07-29,2021-02-25,2038,2
UTTAR PRADESH,24B,82.000 - 124.000,82.0,124.0,42.0,RAEBARELI,1,2,37,2353,184.2187,0.0783,56.02,4.3862,2017-09-01,2024-09-19,2575,4
UTTAR PRADESH,25,220.000 - 255.000,220.0,255.0,35.0,JALAUN,1,1,2,29,8.455,0.2916,0.83,0.2416,2018-07-06,2018-07-06,0,0
UTTAR PRADESH,28,9.000 - 137.000,9.0,137.0,128.0,BARABANKI,1,2,6,92,13.327,0.1449,0.72,0.1041,2005-03-23,2005-03-23,0,0
UTTAR PRADESH,28C,0.000 - 43.000,0.0,43.0,43.0,BARABANKI,1,1,1,8,0.2466,0.0308,0.19,0.0057,2018-09-12,2018-09-12,0,0
UTTAR PRADESH,28C,92.547 - 99.000,92.547,99.0,6.453,BAHRAICH,1,2,7,218,24.5076,0.1124,33.78,3.7979,2016-09-15,2019-02-04,872,3
UTTAR PRADESH,29,110.860 - 157.200,110.86,157.2,46.34,MAU,1,2,39,272,13.8611,0.051,5.87,0.2991,2020-01-30,2023-11-13,1383,3
UTTAR PRADESH,29,157.200 - 208.300,157.2,208.3,51.1,GORAKHPUR,1,3,19,49,1.1878,0.0242,0.96,0.0232,2020-09-25,2021-09-24,364,0
UTTAR PRADESH,29,30.300 - 82.624,30.3,82.624,52.324,GHAZIPUR,1,2,30,111,4.4634,0.0402,2.12,0.0853,2023-01-17,2023-01-17,0,0
UTTAR PRADESH,29,88.000 - 110.000,88.0,110.0,22.0,GHAZIPUR,1,1,14,53,2.2657,0.0427,2.41,0.103,2021-01-21,2021-01-21,0,0
UTTAR PRADESH,29E,0.000 - 2.000,0.0,2.0,2.0,MAHARAJGANJ,1,1,3,103,46.782,0.4542,51.5,23.391,2020-06-12,2020-06-12,0,1
UTTAR PRADESH,29E,0.000 - 56.000,0.0,56.0,56.0,MAHARAJGANJ,1,2,50,2942,132.4836,0.045,52.54,2.3658,2022-03-24,2024-09-11,902,3
UTTAR PRADESH,29E,56.000 - 80.000,56.0,80.0,24.0,GORAKHPUR,1,2,24,1157,44.9877,0.0389,48.21,1.8745,2022-01-24,2024-09-11,961,3
UTTAR PRADESH,30,0.000 - 27.500,0.0,27.5,27.5,BAREILLY,1,2,20,1103,128.4893,0.1165,40.11,4.6723,2021-12-23,2022-08-16,236,2
UTTAR PRADESH,30,27.750 - 58.400,27.75,58.4,30.65,PILIBHIT,1,2,27,1043,140.1619,0.1344,34.03,4.573,2022-01-24,2023-02-03,375,3
UTTAR PRADESH,31,0.000 - 42.500,0.0,42.5,42.5,GHAZIPUR,1,3,70,454,31.3345,0.069,10.68,0.7373,2023-09-21,2023-09-21,0,2
UTTAR PRADESH,31,0.000 - 49.176,0.0,49.176,49.176,UNNAO,1,2,34,1945,124.5085,0.064,39.55,2.5319,2018-06-29,2023-07-17,1844,4
UTTAR PRADESH,31,150.900 - 203.300,150.9,203.3,52.4,PRATAPGARH,1,3,35,1484,141.6781,0.0955,28.32,2.7038,2024-05-21,2024-05-21,0,2
UTTAR PRADESH,31,42.500 - 114.700,42.5,114.7,72.2,BALLIA,1,2,83,944,43.7629,0.0464,13.07,0.6061,2023-10-03,2023-10-03,0,2
UTTAR PRADESH,31,49.176 - 70.000,49.176,70.0,20.824,RAEBARELI,1,1,14,1156,78.3346,0.0678,55.51,3.7617,2018-07-04,2023-07-05,1827,4
UTTAR PRADESH,31,782.546 - 822.284,782.546,822.284,39.738,VARANASI,1,2,9,23,1.1512,0.0501,0.58,0.029,2019-02-11,2025-02-21,2202,2
UTTAR PRADESH,321G,0.000 - 25.500,0.0,25.5,25.5,AGRA,1,1,7,159,5.228,0.0329,6.24,0.205,2023-07-24,2023-07-24,0,0
UTTAR PRADESH,321G,25.500 - 51.600,25.5,51.6,26.1,ETAH,1,1,13,459,26.7241,0.0582,17.59,1.0239,2023-07-21,2023-12-22,154,2
UTTAR PRADESH,321G,51.600 - 75.700,51.6,75.7,24.1,ETAH,1,2,15,339,22.1592,0.0654,14.07,0.9195,2022-08-12,2023-08-11,364,2
UTTAR PRADESH,328A,0.000 - 54.880,0.0,54.88,54.88,SANT KABIR NAGAR,1,3,37,770,18.9779,0.0246,14.03,0.3458,2021-02-09,2021-02-09,0,1
UTTAR PRADESH,330,0.000 - 6.125,0.0,6.125,6.125,PRATAPGARH,1,1,8,389,31.0806,0.0799,63.51,5.0744,2023-03-29,2024-05-21,419,3
UTTAR PRADESH,330,42.000 - 53.000,42.0,53.0,11.0,PRATAPGARH,1,1,4,39,0.9493,0.0243,3.55,0.0863,2023-03-20,2023-03-20,0,0
UTTAR PRADESH,330A,0.000 - 17.742,0.0,17.742,17.742,RAEBARELI,1,1,6,98,2.0098,0.0205,5.52,0.1133,2021-07-26,2021-12-23,150,0
UTTAR PRADESH,330A,17.742 - 35.400,17.742,35.4,17.658,Amethi,1,1,5,40,0.4506,0.0113,2.27,0.0255,2021-07-26,2021-12-30,157,0
UTTAR PRADESH,330A,35.400 - 58.938,35.4,58.938,23.538,Amethi,1,1,12,630,28.2201,0.0448,26.77,1.1989,2018-08-14,2022-05-30,1385,4
UTTAR PRADESH,330A,58.938 - 67.212,58.938,67.212,8.274,SULTANPUR,1,1,4,360,9.8695,0.0274,43.51,1.1928,2018-08-03,2022-02-11,1288,3
UTTAR PRADESH,330A,67.212 - 108.020,67.212,108.02,40.808,Ayodhya,1,3,37,1352,33.1734,0.0245,33.13,0.8129,2018-08-03,2022-07-21,1448,4
UTTAR PRADESH,330D,0.000 - 33.100,0.0,33.1,33.1,SITAPUR,1,2,8,141,24.6256,0.1746,4.26,0.744,2022-07-28,2022-07-28,0,1
UTTAR PRADESH,334,0.000 - 3.500,0.0,3.5,3.5,BULANDSHAHR,1,2,7,98,23.9848,0.2447,28.0,6.8528,2022-10-26,2022-10-26,0,1
UTTAR PRADESH,334 B,17.020 - 48.640,17.02,48.64,31.62,BAGHPAT,1,1,2,31,4.5703,0.1474,0.98,0.1445,2018-12-28,2018-12-28,0,0
UTTAR PRADESH,334 D,0.000 - 58.600,0.0,58.6,58.6,ALIGARH,1,2,31,1296,242.3632,0.187,22.12,4.1359,2024-03-11,2024-07-10,121,2
UTTAR PRADESH,34,187.900 - 226.300,187.9,226.3,38.4,MAHOBA,1,1,24,1250,222.883,0.1783,32.55,5.8042,2022-07-21,2023-02-28,222,2
UTTAR PRADESH,34,289.000 - 356.000,289.0,356.0,67.0,KANNAUJ,1,2,56,562,20.2355,0.036,8.39,0.302,2020-12-22,2022-11-24,702,3
UTTAR PRADESH,34,356.000 - 414.000,356.0,414.0,58.0,KANPUR NAGAR,1,2,32,183,12.5142,0.0684,3.16,0.2158,2021-02-09,2021-02-09,0,0
UTTAR PRADESH,39,0.000 - 76.300,0.0,76.3,76.3,JHANSI,1,2,29,270,26.747,0.0991,3.54,0.3506,2019-04-23,2022-09-13,1239,4
UTTAR PRADESH,44,0.000 - 7.770,0.0,7.77,7.77,AGRA,1,1,8,206,56.4915,0.2742,26.51,7.2705,2021-09-20,2024-02-05,868,3
UTTAR PRADESH,509,0.000 - 13.000,0.0,13.0,13.0,ALIGARH,1,2,14,404,70.8251,0.1753,31.08,5.4481,2024-07-18,2025-01-30,196,2
UTTAR PRADESH,509,13.000 - 60.000,13.0,60.0,47.0,HATHRAS,1,3,48,2102,322.4404,0.1534,44.72,6.8604,2024-11-22,2025-02-28,98,2
UTTAR PRADESH,509,60.000 - 65.000,60.0,65.0,5.0,AGRA,1,1,4,127,30.3482,0.239,25.4,6.0696,2024-09-18,2025-02-11,146,1
UTTAR PRADESH,530B,0.000 - 33.000,0.0,33.0,33.0,MATHURA,1,3,30,630,146.286,0.2322,19.09,4.4329,2021-10-07,2021-10-07,0,2
UTTAR PRADESH,530B,123.100 - 142.214,123.1,142.214,19.114,Kasganj,1,2,18,631,64.5231,0.1023,33.01,3.3757,2023-07-12,2024-01-31,203,2
UTTAR PRADESH,530B,142.200 - 197.300,142.2,197.3,55.1,BUDAUN,1,1,13,309,33.431,0.1082,5.61,0.6067,2023-06-06,2023-06-06,0,2
UTTAR PRADESH,530B,142.214 - 179.500,142.214,179.5,37.286,BUDAUN,1,1,30,1008,115.7432,0.1148,27.03,3.1042,2023-07-18,2023-07-18,0,2
UTTAR PRADESH,530B,197.300 - 228.500,197.3,228.5,31.2,BAREILLY,1,3,30,884,87.3775,0.0988,28.33,2.8006,2023-06-01,2024-04-26,330,2
UTTAR PRADESH,530B,33.000 - 45.000,33.0,45.0,12.0,ALIGARH,1,1,7,295,49.0893,0.1664,24.58,4.0908,2021-10-12,2021-10-12,0,2
UTTAR PRADESH,530B,45.000 - 66.000,45.0,66.0,21.0,HATHRAS,1,2,25,420,101.4905,0.2416,20.0,4.8329,2021-10-26,2025-02-13,1206,4
UTTAR PRADESH,530B,66.000 - 123.100,66.0,123.1,57.1,ETAH,1,1,2,51,5.2939,0.1038,0.89,0.0927,2022-11-16,2022-11-16,0,0
UTTAR PRADESH,530B,66.100 - 123.100,66.1,123.1,57.0,HATHRAS|Kasganj,2,4,38,1539,141.1319,0.0917,27.0,2.476,2023-06-06,2024-01-10,218,3
UTTAR PRADESH,552 Ex.,89.780 - 89.980,89.78,89.98,0.2,JHANSI,1,1,1,10,1.004,0.1004,50.0,5.02,2020-02-07,2020-02-10,3,0
UTTAR PRADESH,56,0.000 - 15.725,0.0,15.725,15.725,VARANASI,1,1,1,77,12.3812,0.1608,4.9,0.7874,2018-08-21,2018-08-21,0,0
UTTAR PRADESH,56,11.500 - 134.700,11.5,134.7,123.2,BARABANKI|SULTANPUR,2,2,9,177,7.2859,0.0759,1.44,0.0591,2013-03-15,2013-05-02,48,1
UTTAR PRADESH,56,113.670 - 135.000,113.67,135.0,21.33,SULTANPUR,1,1,8,12,0.7082,0.059,0.56,0.0332,2018-10-30,2018-10-30,0,0
UTTAR PRADESH,56,134.700 - 178.300,134.7,178.3,43.6,SULTANPUR,1,2,44,501,25.613,0.0512,11.49,0.5875,2018-08-16,2022-08-31,1476,4
UTTAR PRADESH,56,134.700 - 209.230,134.7,209.23,74.53,JAUNPUR,1,1,10,13,0.7617,0.0586,0.17,0.0102,2022-08-02,2022-08-02,0,0
UTTAR PRADESH,56,209.230 - 272.590,209.23,272.59,63.36,JAUNPUR,1,2,28,46,1.1817,0.0257,0.73,0.0187,2022-08-10,2022-08-10,0,0
UTTAR PRADESH,56,247.000 - 277.000,247.0,277.0,30.0,VARANASI,1,1,3,140,10.079,0.072,4.67,0.336,2025-02-11,2025-02-11,0,0
UTTAR PRADESH,56,64.110 - 113.670,64.11,113.67,49.56,Amethi,1,2,14,126,6.2323,0.0495,2.54,0.1258,2018-08-02,2022-04-28,1365,2
UTTAR PRADESH,58,90.220 - 131.000,90.22,131.0,40.78,MUZAFFARNAGAR,1,2,10,22,2.3308,0.1059,0.54,0.0572,2020-06-18,2022-02-15,607,1
UTTAR PRADESH,7,15.100 - 140.200,15.1,140.2,125.1,MIRZAPUR,1,3,56,161,7.2264,0.0449,1.29,0.0578,2021-01-25,2025-04-25,1551,2
UTTAR PRADESH,7,16.000 - 16.800,16.0,16.8,0.8,CHANDAULI,1,1,1,1,0.4314,0.4314,1.25,0.5392,2019-08-06,2019-08-06,0,0
UTTAR PRADESH,7,16.800 - 49.100,16.8,49.1,32.3,MIRZAPUR,1,2,33,192,11.3242,0.059,5.94,0.3506,2019-10-21,2019-10-21,0,0
UTTAR PRADESH,707A,0.000 - 13.400,0.0,13.4,13.4,MEERUT,1,2,12,982,118.2118,0.1204,73.28,8.8218,2021-06-28,2024-12-11,1262,4
UTTAR PRADESH,709 A,0.000 - 13.200,0.0,13.2,13.2,HAPUR,1,1,9,424,45.823,0.1081,32.12,3.4714,2019-01-07,2023-02-27,1512,4
UTTAR PRADESH,709 A,0.000 - 25.050,0.0,25.05,25.05,MEERUT,1,1,6,110,9.2817,0.0844,4.39,0.3705,2019-01-24,2022-01-13,1085,1
UTTAR PRADESH,709 A,13.200 - 38.935,13.2,38.935,25.735,MEERUT,1,2,27,1822,265.6489,0.1458,70.8,10.3225,2019-01-07,2024-04-19,1929,4
UTTAR PRADESH,709 A,26.650 - 90.000,26.65,90.0,63.35,MUZAFFARNAGAR|SHAMLI,2,4,22,521,58.085,0.1115,8.22,0.9169,2019-01-07,2022-03-02,1150,5
UTTAR PRADESH,709AD,111.650 - 132.650,111.65,132.65,21.0,BIJNOR,1,1,5,63,13.9801,0.2219,3.0,0.6657,2019-04-09,2024-10-10,2011,2
UTTAR PRADESH,709AD,19.800 - 53.630,19.8,53.63,33.83,SHAMLI,1,3,24,1707,135.3481,0.0793,50.46,4.0008,2019-01-31,2023-09-12,1685,4
UTTAR PRADESH,709AD,53.600 - 111.650,53.6,111.65,58.05,MUZAFFARNAGAR,1,2,15,1214,86.5685,0.0713,20.91,1.4913,2019-11-28,2024-10-12,1780,4
UTTAR PRADESH,709AD,53.630 - 111.650,53.63,111.65,58.02,MUZAFFARNAGAR,1,1,29,1930,167.3568,0.0867,33.26,2.8845,2019-07-02,2023-01-19,1297,4
UTTAR PRADESH,709B,137.900 - 175.000,137.9,175.0,37.1,SAHARANPUR,1,2,8,155,9.3643,0.0604,4.18,0.2524,2019-01-09,2023-05-01,1573,2
UTTAR PRADESH,709B,14.750 - 26.150,14.75,26.15,11.4,GHAZIABAD,1,1,1,8,0.7896,0.0987,0.7,0.0693,2021-04-08,2024-12-03,1335,2
UTTAR PRADESH,709B,24.700 - 67.300,24.7,67.3,42.6,BAGHPAT,1,1,1,21,4.8801,0.2324,0.49,0.1146,2018-09-10,2018-09-10,0,0
UTTAR PRADESH,709B,26.150 - 31.200,26.15,31.2,5.05,BAGHPAT,1,1,2,17,0.9311,0.0548,3.37,0.1844,2021-07-20,2022-09-14,421,1
UTTAR PRADESH,709B,67.300 - 137.900,67.3,137.9,70.6,SHAMLI,1,1,9,122,18.6541,0.1529,1.73,0.2642,2018-09-13,2023-06-09,1730,2
UTTAR PRADESH,727 H,19.000 - 39.000,19.0,39.0,20.0,BARABANKI,1,2,16,896,79.5766,0.0888,44.8,3.9788,2024-11-05,2024-11-05,0,2
UTTAR PRADESH,727A,26.780 - 49.045,26.78,49.045,22.265,DEORIA,1,1,33,1194,112.428,0.0942,53.63,5.0495,2023-12-01,2024-03-16,106,2
UTTAR PRADESH,727A,67.280 - 88.670,67.28,88.67,21.39,DEORIA,1,2,19,894,15.3161,0.0171,41.8,0.716,2023-10-10,2024-03-16,158,1
UTTAR PRADESH,727B,0.000 - 7.800,0.0,7.8,7.8,Kushinagar,1,1,9,405,8.9435,0.0221,51.92,1.1466,2023-09-22,2024-04-10,201,1
UTTAR PRADESH,727B,37.800 - 52.655,37.8,52.655,14.855,DEORIA,1,2,13,607,29.0256,0.0478,40.86,1.9539,2023-09-12,2024-02-26,167,2
UTTAR PRADESH,727B,61.500 - 106.495,61.5,106.495,44.995,DEORIA,1,2,18,716,65.3475,0.0913,15.91,1.4523,2023-12-01,2024-12-23,388,3
UTTAR PRADESH,727B,76.000 - 106.800,76.0,106.8,30.8,BALLIA,1,2,34,954,96.5044,0.1012,30.97,3.1333,2024-02-13,2024-02-13,0,2
UTTAR PRADESH,72A,0.000 - 20.000,0.0,20.0,20.0,SAHARANPUR,1,1,4,10,0.3467,0.0347,0.5,0.0173,2020-08-26,2020-08-26,0,0
UTTAR PRADESH,73,22.000 - 70.890,22.0,70.89,48.89,SAHARANPUR,1,2,11,17,0.7263,0.0427,0.35,0.0149,2020-08-26,2020-08-26,0,0
UTTAR PRADESH,730,140.000 - 188.800,140.0,188.8,48.8,LAKHIMPUR KHERI,1,1,1,21,2.882,0.1372,0.43,0.0591,2020-07-28,2020-07-28,0,0
UTTAR PRADESH,730,223.000 - 328.300,223.0,328.3,105.3,BALRAMPUR,1,1,16,766,100.3785,0.131,7.27,0.9533,2023-05-01,2025-01-27,637,3
UTTAR PRADESH,730,248.400 - 310.000,248.4,310.0,61.6,BAHRAICH|SHRAVASTI,2,2,4,195,0.7171,0.0037,3.17,0.0116,2018-04-10,2019-06-24,440,2
UTTAR PRADESH,730,281.930 - 284.900,281.93,284.9,2.97,SHRAVASTI,1,1,5,160,13.9354,0.0871,53.87,4.6921,2023-07-04,2023-07-04,0,0
UTTAR PRADESH,730,323.745 - 351.000,323.745,351.0,27.255,BALRAMPUR,1,1,1,5,1.0729,0.2146,0.18,0.0394,2019-07-11,2019-07-11,0,0
UTTAR PRADESH,730,351.000 - 385.000,351.0,385.0,34.0,BALRAMPUR,1,1,2,101,6.539,0.0647,2.97,0.1923,2018-07-04,2021-06-11,1073,1
UTTAR PRADESH,730,403.000 - 406.000,403.0,406.0,3.0,SIDDHARTH NAGAR,1,1,3,99,6.9622,0.0703,33.0,2.3207,2024-07-02,2024-07-02,0,0
UTTAR PRADESH,730,413.500 - 419.000,413.5,419.0,5.5,SIDDHARTH NAGAR,1,1,7,232,26.7084,0.1151,42.18,4.8561,2023-04-05,2023-10-26,204,2
UTTAR PRADESH,730,420.000 - 452.160,420.0,452.16,32.16,SIDDHARTH NAGAR,1,2,18,659,54.4428,0.0826,20.49,1.6929,2023-05-02,2023-08-21,111,2
UTTAR PRADESH,730,452.160 - 454.643,452.16,454.643,2.483,MAHARAJGANJ,1,1,6,166,4.0667,0.0245,66.85,1.6378,2023-09-01,2023-09-01,0,0
UTTAR PRADESH,730,515.000 - 515.500,515.0,515.5,0.5,MAHARAJGANJ,1,1,1,10,0.2968,0.0297,20.0,0.5936,2019-12-31,2019-12-31,0,0
UTTAR PRADESH,730,82.000 - 140.000,82.0,140.0,58.0,LAKHIMPUR KHERI,1,2,3,38,4.2632,0.1122,0.66,0.0735,2020-07-28,2020-07-28,0,0
UTTAR PRADESH,730C,0.000 - 3.500,0.0,3.5,3.5,MAINPURI,1,1,4,33,2.5802,0.0782,9.43,0.7372,2021-08-12,2021-08-12,0,0
UTTAR PRADESH,730C,3.500 - 52.770,3.5,52.77,49.27,FARRUKHABAD,1,2,22,159,16.6121,0.1045,3.23,0.3372,2021-09-20,2023-07-03,651,1
UTTAR PRADESH,730C,52.770 - 135.150,52.77,135.15,82.38,SHAHJAHANPUR,1,3,29,400,18.1444,0.0454,4.86,0.2203,2021-08-25,2023-09-12,748,2
UTTAR PRADESH,730S,0.000 - 40.140,0.0,40.14,40.14,MAHARAJGANJ,1,2,26,984,38.9215,0.0396,24.51,0.9696,2023-08-07,2024-10-22,442,3
UTTAR PRADESH,731,0.000 - 34.402,0.0,34.402,34.402,LAKHIMPUR KHERI,1,2,6,167,3.9785,0.0238,4.85,0.1156,2021-05-17,2021-05-17,0,0
UTTAR PRADESH,731,119.312 - 229.070,119.312,229.07,109.758,HARDOI,1,3,68,2423,229.2958,0.0946,22.08,2.0891,2020-01-08,2024-03-18,1531,4
UTTAR PRADESH,731,223.200 - 107.780,223.2,107.78,-115.42,JAUNPUR,1,1,4,140,10.4666,0.0748,-1.21,-0.0907,2025-02-13,2025-02-13,0,0
UTTAR PRADESH,731,229.020 - 229.427,229.02,229.427,0.407,UNNAO,1,1,1,6,1.765,0.2942,14.74,4.3366,2021-02-25,2021-02-25,0,0
UTTAR PRADESH,731,229.427 - 265.964,229.427,265.964,36.537,LUCKNOW,1,2,21,224,6.3568,0.0284,6.13,0.174,2021-03-04,2021-03-04,0,1
UTTAR PRADESH,731,34.402 - 119.312,34.402,119.312,84.91,SHAHJAHANPUR,1,2,81,1799,178.1645,0.099,21.19,2.0983,2020-01-09,2024-03-12,1524,4
UTTAR PRADESH,731A,0.000 - 35.000,0.0,35.0,35.0,PRATAPGARH,1,2,5,39,2.2204,0.0569,1.11,0.0634,2022-07-22,2023-08-21,395,1
UTTAR PRADESH,731A,112.950 - 158.216,112.95,158.216,45.266,CHITRAKOOT,1,3,34,1771,206.5066,0.1166,39.12,4.5621,2023-10-19,2024-11-29,407,3
UTTAR PRADESH,731A,35.000 - 64.682,35.0,64.682,29.682,ALLAHABAD|PRATAPGARH,2,2,15,938,83.8875,0.0894,31.6,2.8262,2022-08-02,2024-01-31,547,4
UTTAR PRADESH,731A,49.155 - 112.950,49.155,112.95,63.795,KAUSHAMBI,1,3,46,2010,199.3939,0.0992,31.51,3.1255,2022-09-14,2025-02-11,881,3
UTTAR PRADESH,731A,64.682 - 112.950,64.682,112.95,48.268,CHITRAKOOT|FATEHPUR,2,2,5,354,30.0546,0.0849,7.33,0.6227,2022-10-19,2024-11-19,762,4
UTTAR PRADESH,731B,0.000 - 49.200,0.0,49.2,49.2,ALLAHABAD|BHADOHI|JAUNPUR,3,3,78,2805,177.4299,0.0633,57.01,3.6063,2022-09-14,2024-11-29,807,4
UTTAR PRADESH,731B,49.200 - 89.266,49.2,89.266,40.066,VARANASI,1,1,33,1514,56.6198,0.0374,37.79,1.4132,2023-01-19,2025-04-17,819,3
UTTAR PRADESH,731K,0.000 - 47.026,0.0,47.026,47.026,SHAHJAHANPUR,1,2,31,1100,136.127,0.1238,23.39,2.8947,2024-03-16,2024-03-16,0,2
UTTAR PRADESH,731K,132.000 - 183.380,132.0,183.38,51.38,PILIBHIT,1,2,45,713,124.9315,0.1752,13.88,2.4315,2021-12-01,2024-11-29,1094,3
UTTAR PRADESH,731K,31.600 - 47.026,31.6,47.026,15.426,PILIBHIT,1,1,13,529,67.5847,0.1278,34.29,4.3812,2024-03-16,2024-03-16,0,2
UTTAR PRADESH,734,0.000 - 1.200,0.0,1.2,1.2,AMROHA,1,1,2,48,13.0063,0.271,40.0,10.8386,2022-02-03,2022-02-03,0,0
UTTAR PRADESH,734,0.000 - 41.000,0.0,41.0,41.0,MORADABAD,1,3,70,2655,378.0839,0.1424,64.76,9.2216,2022-02-03,2023-10-03,607,3
UTTAR PRADESH,74,0.000 - 73.000,0.0,73.0,73.0,BIJNOR,1,2,48,1504,181.2478,0.1207,20.6,2.4828,2014-09-22,2020-01-10,1936,4
UTTAR PRADESH,74,209.220 - 210.865,209.22,210.865,1.645,RAMPUR,1,1,1,2,0.4179,0.209,1.22,0.254,2019-05-17,2019-05-17,0,0
UTTAR PRADESH,74,235.480 - 239.090,235.48,239.09,3.61,BAREILLY,1,1,1,1,0.4066,0.4066,0.28,0.1126,2018-03-09,2018-03-09,0,0
UTTAR PRADESH,74,73.000 - 175.000,73.0,175.0,102.0,BIJNOR|RAMPUR,2,3,16,154,24.7668,0.1629,1.51,0.2428,2014-09-22,2023-09-29,3294,4
UTTAR PRADESH,76,133.520 - 158.040,133.52,158.04,24.52,MAHOBA,1,1,1,17,0.4533,0.0267,0.69,0.0185,2018-10-25,2018-10-25,0,0
UTTAR PRADESH,76,135.241 - 135.490,135.241,135.49,0.249,MAHOBA,1,1,1,3,0.25,0.0833,12.05,1.004,2022-10-27,2022-10-27,0,0
UTTAR PRADESH,76,144.710 - 148.158,144.71,148.158,3.448,MAHOBA,1,1,1,87,10.7729,0.1238,25.23,3.1244,2022-10-19,2023-01-13,86,0
UTTAR PRADESH,76,167.600 - 169.300,167.6,169.3,1.7,MAHOBA,1,1,1,41,4.9718,0.1213,24.12,2.9246,2023-09-12,2023-09-12,0,0
UTTAR PRADESH,76,178.000 - 215.000,178.0,215.0,37.0,MAHOBA,1,1,2,17,1.3502,0.0794,0.46,0.0365,2018-10-30,2018-10-30,0,0
UTTAR PRADESH,76,202.400 - 203.480,202.4,203.48,1.08,BANDA,1,1,1,26,0.8518,0.0328,24.07,0.7887,2023-05-01,2023-05-01,0,0
UTTAR PRADESH,76,285.000 - 326.000,285.0,326.0,41.0,CHITRAKOOT,1,3,4,75,6.4492,0.086,1.83,0.1573,2018-07-30,2018-07-30,0,0
UTTAR PRADESH,76,326.000 - 379.555,326.0,379.555,53.555,ALLAHABAD,1,1,1,10,2.3089,0.2309,0.19,0.0431,2018-07-13,2018-07-13,0,0
UTTAR PRADESH,76,379.670 - 384.774,379.67,384.774,5.104,ALLAHABAD,1,1,6,209,23.261,0.1113,40.95,4.5574,2023-05-25,2024-11-19,544,3
UTTAR PRADESH,76,89.600 - 133.520,89.6,133.52,43.92,MAHOBA,1,1,12,151,17.4135,0.1153,3.44,0.3965,2018-04-20,2018-08-02,104,0
UTTAR PRADESH,76,9.500 - 9.790,9.5,9.79,0.29,MAHOBA,1,1,1,2,0.645,0.3225,6.9,2.2241,2024-06-20,2024-06-20,0,0
UTTAR PRADESH,76E,400.878 - 450.000,400.878,450.0,49.122,ALLAHABAD,1,1,1,92,1.5355,0.0167,1.87,0.0313,2018-10-25,2018-10-25,0,0
UTTAR PRADESH,76E,450.000 - 486.775,450.0,486.775,36.775,MIRZAPUR,1,1,3,367,3.3434,0.0091,9.98,0.0909,2019-04-30,2020-12-31,611,2
UTTAR PRADESH,84,27.370 - 75.000,27.37,75.0,47.63,BALLIA,1,2,2,10,0.509,0.0509,0.21,0.0107,2018-09-06,2022-04-11,1313,2
UTTAR PRADESH,87,0.000 - 43.200,0.0,43.2,43.2,RAMPUR,1,2,47,1349,215.527,0.1598,31.23,4.9891,2013-06-17,2022-05-17,3256,4
UTTAR PRADESH,87,2.100 - 11.300,2.1,11.3,9.2,RAMPUR,1,1,8,298,48.592,0.1631,32.39,5.2817,2023-03-01,2024-10-25,604,3
UTTAR PRADESH,9,8.360 - 27.740,8.36,27.74,19.38,GHAZIABAD,1,1,1,3,0.1614,0.0538,0.15,0.0083,2021-08-09,2021-08-09,0,0
UTTAR PRADESH,91,140.200 - 165.600,140.2,165.6,25.4,ALIGARH,1,1,15,362,17.4168,0.0481,14.25,0.6857,2018-06-21,2021-08-09,1145,3
UTTAR PRADESH,91,165.600 - 186.000,165.6,186.0,20.4,HATHRAS,1,1,12,246,14.7695,0.06,12.06,0.724,2018-06-18,2021-07-29,1137,3
UTTAR PRADESH,91,186.000 - 229.000,186.0,229.0,43.0,ETAH,1,1,31,1780,148.2568,0.0937,41.4,3.4478,2017-04-06,2020-02-13,1043,3
UTTAR PRADESH,91,229.000 - 289.000,229.0,289.0,60.0,MAINPURI,1,3,49,1473,43.1285,0.0293,24.55,0.7188,2017-07-21,2020-06-12,1057,3
UTTAR PRADESH,91,289.000 - 356.000,289.0,356.0,67.0,KANNAUJ,1,2,46,1180,46.6824,0.0396,17.61,0.6968,2018-10-01,2018-10-01,0,2
UTTAR PRADESH,91,356.000 - 414.000,356.0,414.0,58.0,KANPUR NAGAR,1,2,47,794,54.1272,0.0682,13.69,0.9332,2018-12-21,2018-12-21,0,2
UTTAR PRADESH,91,98.400 - 107.685,98.4,107.685,9.285,BULANDSHAHR,1,1,10,375,55.066,0.1468,40.39,5.9306,2018-12-27,2021-11-11,1050,3
UTTAR PRADESH,91A,0.000 - 40.000,0.0,40.0,40.0,ETAWAH,1,3,19,570,20.8087,0.0365,14.25,0.5202,2022-06-03,2024-07-12,770,3
UTTAR PRADESH,92,0.000 - 28.900,0.0,28.9,28.9,MAINPURI,1,2,4,83,4.4997,0.0542,2.87,0.1557,2021-08-03,2024-03-06,946,1
UTTAR PRADESH,92,28.900 - 57.346,28.9,57.346,28.446,ETAWAH,1,1,15,399,16.7048,0.0419,14.03,0.5872,2021-10-26,2024-09-06,1046,2
UTTAR PRADESH,92,70.500 - 78.100,70.5,78.1,7.6,ETAWAH,1,1,2,197,6.9205,0.0351,25.92,0.9106,2022-10-07,2022-10-07,0,0
UTTAR PRADESH,927,0.000 - 37.000,0.0,37.0,37.0,BARABANKI,1,2,28,1128,70.3433,0.0624,30.49,1.9012,2025-03-11,2025-03-11,0,2
UTTAR PRADESH,93,204.660 - 232.000,204.66,232.0,27.34,MORADABAD,1,1,5,17,2.1227,0.1249,0.62,0.0776,2018-11-29,2018-12-21,22,0
UTTAR PRADESH,93,85.650 - 232.000,85.65,232.0,146.35,SAMBHAL,1,2,4,10,0.7039,0.0704,0.07,0.0048,2018-11-14,2018-11-14,0,0
UTTAR PRADESH,931,0.000 - 22.400,0.0,22.4,22.4,PRATAPGARH,1,1,18,488,17.9157,0.0367,21.79,0.7998,2024-02-13,2024-04-10,57,1
UTTAR PRADESH,931,22.400 - 68.700,22.4,68.7,46.3,Amethi,1,3,34,1530,52.4689,0.0343,33.05,1.1332,2024-03-06,2024-03-15,9,2
UTTAR PRADESH,931,30.050 - 34.900,30.05,34.9,4.85,Amethi,1,1,12,444,35.5057,0.08,91.55,7.3208,2023-10-16,2023-10-16,0,2
UTTAR PRADESH,931,30.300 - 35.300,30.3,35.3,5.0,Amethi,1,1,5,54,0.0,,10.8,0.0,2016-06-16,2016-06-16,0,0
UTTAR PRADESH,931A,0.000 - 23.950,0.0,23.95,23.95,RAEBARELI,1,1,17,680,19.9108,0.0293,28.39,0.8313,2024-02-29,2024-02-29,0,1
UTTAR PRADESH,931A,23.950 - 54.320,23.95,54.32,30.37,Amethi,1,3,18,1121,32.1451,0.0287,36.91,1.0584,2024-02-16,2024-02-16,0,2
UTTAR PRADESH,96,100.800 - 135.200,100.8,135.2,34.4,ALLAHABAD|PRATAPGARH,2,3,13,361,7.3675,0.0204,10.49,0.2142,2018-02-27,2019-10-21,601,3
UTTAR PRADESH,96,135.230 - 153.795,135.23,153.795,18.565,ALLAHABAD,1,1,3,318,9.6084,0.0302,17.13,0.5176,2019-07-12,2019-07-12,0,1
UTTAR PRADESH,96,141.500 - 151.400,141.5,151.4,9.9,ALLAHABAD,1,2,9,617,65.7135,0.1065,62.32,6.6377,2018-07-13,2024-04-10,2098,4
UTTAR PRADESH,96,79.548 - 87.562,79.548,87.562,8.014,PRATAPGARH,1,1,1,142,0.8493,0.006,17.72,0.106,2019-03-22,2019-03-22,0,0
UTTAR PRADESH,96,90.180 - 80.950,90.18,80.95,-9.23,PRATAPGARH,1,1,17,798,75.8835,0.0951,-86.46,-8.2214,2017-04-03,2017-04-03,0,2
UTTAR PRADESH,Connecting Bypass,0.000 - 5.400,0.0,5.4,5.4,GHAZIABAD,1,1,3,99,11.1245,0.1124,18.33,2.0601,2022-04-18,2022-04-18,0,0
UTTAR PRADESH,Connecting Bypass,0.000 - 5.800,0.0,5.8,5.8,MORADABAD,1,1,6,252,25.6365,0.1017,43.45,4.4201,2021-09-20,2022-10-19,394,3
UTTAR PRADESH,Connecting Bypass,5.400 - 14.600,5.4,14.6,9.2,MEERUT,1,1,9,88,19.1438,0.2175,9.57,2.0808,2011-07-15,2022-04-04,3916,2
UTTAR PRADESH,Connecting from NH-727A to NH-727B,0.000 - 14.700,0.0,14.7,14.7,DEORIA,1,2,18,710,70.2439,0.0989,48.3,4.7785,2023-12-08,2025-01-07,396,3
UTTAR PRADESH,Greenfield Highway,0.000 - 15.000,0.0,15.0,15.0,SHAMLI,1,2,12,645,114.8135,0.178,43.0,7.6542,2022-01-11,2024-02-13,763,3
UTTAR PRADESH,Greenfield Highway,0.000 - 19.060,0.0,19.06,19.06,SAHARANPUR,1,2,17,777,120.3852,0.1549,40.77,6.3161,2021-09-14,2022-11-16,428,3
UTTAR PRADESH,Greenfield Highway,0.000 - 20.200,0.0,20.2,20.2,AGRA,1,3,18,641,131.4621,0.2051,31.73,6.508,2024-08-22,2024-11-29,99,2
UTTAR PRADESH,Greenfield Highway,0.000 - 22.000,0.0,22.0,22.0,CHANDAULI,1,3,26,1271,195.5343,0.1538,57.77,8.8879,2022-11-24,2024-12-27,764,3
UTTAR PRADESH,Greenfield Highway,0.000 - 42.900,0.0,42.9,42.9,BAGHPAT,1,3,31,1831,335.1144,0.183,42.68,7.8115,2021-03-10,2025-03-26,1477,4
UTTAR PRADESH,Greenfield Highway,15.000 - 47.000,15.0,47.0,32.0,SAHARANPUR,1,1,33,1357,208.3977,0.1536,42.41,6.5124,2022-01-11,2025-02-28,1144,4
UTTAR PRADESH,Greenfield Highway,23.100 - 31.195,23.1,31.195,8.095,GAUTAM BUDDHA NAGAR,1,1,6,342,71.3235,0.2085,42.25,8.8108,2022-01-10,2022-06-10,151,2
UTTAR PRADESH,Greenfield Highway,27.200 - 51.900,27.2,51.9,24.7,SAHARANPUR,1,2,13,213,16.8831,0.0793,8.62,0.6835,2022-04-05,2023-12-01,605,2
UTTAR PRADESH,Greenfield Highway,41.750 - 55.920,41.75,55.92,14.17,MUZAFFARNAGAR,1,1,7,694,126.9423,0.1829,48.98,8.9585,2021-03-02,2024-05-21,1176,4
UTTAR PRADESH,Greenfield Highway,5.800 - 16.900,5.8,16.9,11.1,RAMPUR,1,1,10,271,60.6905,0.224,24.41,5.4676,2021-09-20,2024-08-02,1047,3
UTTAR PRADESH,Greenfield Highway,56.950 - 89.600,56.95,89.6,32.65,SHAMLI,1,1,22,2001,302.4092,0.1511,61.29,9.2622,2021-03-09,2024-08-29,1269,4
UTTAR PRADESH,Greenfield Highway,89.600 - 119.790,89.6,119.79,30.19,SAHARANPUR,1,3,33,1416,234.8307,0.1658,46.9,7.7784,2021-03-24,2025-04-17,1485,4
UTTAR PRADESH,NE-6,11.000 - 28.050,11.0,28.05,17.05,LUCKNOW,1,1,10,331,31.024,0.0937,19.41,1.8196,2020-12-31,2024-10-25,1394,4
UTTAR PRADESH,NE-6,28.050 - 71.300,28.05,71.3,43.25,UNNAO,1,1,4,182,17.9648,0.0987,4.21,0.4154,2020-12-22,2023-05-03,862,1
UTTAR PRADESH,NE-6,28.050 - 73.700,28.05,73.7,45.65,UNNAO,1,1,17,2051,270.9913,0.1321,44.93,5.9363,2020-12-22,2025-03-19,1548,4
UTTAR PRADESH,NE-6,28.500 - 71.300,28.5,71.3,42.8,UNNAO,1,1,12,1308,162.2378,0.124,30.56,3.7906,2020-12-22,2025-03-19,1548,4
UTTAR PRADESH,NE-II,13.065 - 22.000,13.065,22.0,8.935,BAGHPAT,1,1,2,70,10.6301,0.1519,7.83,1.1897,2019-01-08,2019-01-08,0,0
UTTAR PRADESH,NH-235,26.000 - 47.300,26.0,47.3,21.3,HAPUR,1,1,12,94,4.3798,0.0466,4.41,0.2056,2019-03-22,2019-03-22,0,0
UTTAR PRADESH,NH-235,47.300 - 66.400,47.3,66.4,19.1,BULANDSHAHR,1,1,16,170,9.0764,0.0534,8.9,0.4752,2019-09-18,2022-10-26,1134,2
UTTAR PRADESH,NH-235,7.469 - 26.000,7.469,26.0,18.531,MEERUT,1,1,9,51,2.5982,0.0509,2.75,0.1402,2019-02-05,2019-02-05,0,0
UTTAR PRADESH,Newly Proposed,0.000 - 12.500,0.0,12.5,12.5,MATHURA,1,2,12,328,82.9663,0.2529,26.24,6.6373,2021-09-14,2021-09-14,0,2
UTTAR PRADESH,Newly Proposed,12.500 - 12.678,12.5,12.678,0.178,HATHRAS,1,1,1,12,13.879,1.1566,67.42,77.9719,2021-08-09,2021-08-09,0,0
UTTAR PRADESH,No Yet to be Assigned,28.000 - 53.000,28.0,53.0,25.0,GHAZIABAD,1,2,18,279,29.5168,0.1058,11.16,1.1807,2018-11-22,2019-06-21,211,2
UTTAR PRADESH,No Yet to be Assigned,53.000 - 64.300,53.0,64.3,11.3,MEERUT,1,1,5,28,6.824,0.2437,2.48,0.6039,2019-01-31,2019-06-21,141,0
UTTAR PRADESH,Ring Road,0.000 - 19.200,0.0,19.2,19.2,BAREILLY,1,2,22,1047,134.8852,0.1288,54.53,7.0253,2022-09-13,2025-03-27,926,3
UTTAR PRADESH,Ring Road,0.000 - 22.150,0.0,22.15,22.15,BASTI,1,1,54,1609,112.9919,0.0702,72.64,5.1012,2023-06-30,2025-03-26,635,3
UTTAR PRADESH,Ring Road,0.000 - 23.325,0.0,23.325,23.325,KANPUR DEHAT|KANPUR NAGAR,2,3,19,840,139.2983,0.1658,36.01,5.9721,2022-11-02,2022-11-02,0,3
UTTAR PRADESH,Ring Road,0.000 - 26.000,0.0,26.0,26.0,GORAKHPUR,1,1,26,1409,154.6245,0.1097,54.19,5.9471,2022-09-12,2022-09-12,0,2
UTTAR PRADESH,Ring Road,0.000 - 26.500,0.0,26.5,26.5,GONDA,1,1,12,944,178.1257,0.1887,35.62,6.7217,2022-07-28,2024-12-06,862,3
UTTAR PRADESH,Ring Road,0.000 - 65.066,0.0,65.066,65.066,ALLAHABAD,1,2,45,2043,202.3547,0.099,31.4,3.11,2022-08-22,2024-11-05,806,3
UTTAR PRADESH,Ring Road,0.000 - 93.965,0.0,93.965,93.965,LUCKNOW,1,2,10,60,2.1977,0.0366,0.64,0.0234,2022-06-10,2023-12-29,567,1
UTTAR PRADESH,Ring Road,23.325 - 30.150,23.325,30.15,6.825,KANPUR NAGAR,1,2,9,172,29.2658,0.1702,25.2,4.288,2023-03-07,2023-03-07,0,1
UTTAR PRADESH,Ring Road,26.500 - 60.100,26.5,60.1,33.6,Ayodhya,1,2,36,2026,231.8312,0.1144,60.3,6.8997,2022-07-28,2024-12-06,862,3
UTTAR PRADESH,Ring Road,30.150 - 51.000,30.15,51.0,20.85,UNNAO,1,1,23,777,119.5061,0.1538,37.27,5.7317,2023-05-01,2023-05-01,0,2
UTTAR PRADESH,Ring Road,30.975 - 40.000,30.975,40.0,9.025,VARANASI,1,1,5,16,0.5978,0.0374,1.77,0.0662,2022-02-11,2022-02-11,0,0
UTTAR PRADESH,Ring Road,32.000 - 64.000,32.0,64.0,32.0,LUCKNOW,1,2,2,3,0.0725,0.0242,0.09,0.0023,2023-12-06,2023-12-06,0,0
UTTAR PRADESH,Ring Road,40.180 - 57.320,40.18,57.32,17.14,CHANDAULI,1,1,7,38,1.193,0.0314,2.22,0.0696,2022-07-21,2022-07-21,0,0
UTTAR PRADESH,Ring Road,51.000 - 59.075,51.0,59.075,8.075,UNNAO,1,1,7,418,73.0494,0.1748,51.76,9.0464,2023-02-17,2023-02-17,0,2
UTTAR PRADESH,Ring Road,59.075 - 67.500,59.075,67.5,8.425,KANPUR NAGAR,1,2,7,411,57.8114,0.1407,48.78,6.8619,2023-02-02,2023-02-02,0,2
UTTAR PRADESH,Ring Road,60.100 - 66.500,60.1,66.5,6.4,BASTI,1,1,13,303,49.4187,0.1631,47.34,7.7217,2022-07-28,2024-12-04,860,3
UTTAR PRADESH,Ring Road,67.500 - 93.176,67.5,93.176,25.676,KANPUR NAGAR,1,2,17,783,185.1793,0.2365,30.5,7.2122,2022-12-09,2022-12-09,0,2
UTTAR PRADESH,Ring Road,93.000 - 107.000,93.0,107.0,14.0,BARABANKI,1,1,1,1,0.195,0.195,0.07,0.0139,2017-02-14,2017-02-14,0,0
WEST BENGAL,02,0.000 - 37.270,0.0,37.27,37.27,DARJEELING|Jalpaiguri,2,4,11,113,9.6238,0.0852,3.03,0.2582,2015-06-17,2015-06-17,0,1
WEST BENGAL,116,41.000 - 64.000,41.0,64.0,23.0,PURBA MEDINIPUR,1,2,6,52,1.0497,0.0202,2.26,0.0456,2018-01-29,2018-01-29,0,0
WEST BENGAL,116A,0.000 - 41.000,0.0,41.0,41.0,Paschim Medinipur,1,5,85,3880,347.3285,0.0895,94.63,8.4714,2022-12-12,2022-12-29,17,2
WEST BENGAL,116A,145.500 - 229.000,145.5,229.0,83.5,BIRBHUM,1,3,28,3064,219.1303,0.0715,36.69,2.6243,2022-11-02,2024-12-06,765,3
WEST BENGAL,116A,174.000 - 230.983,174.0,230.983,56.983,MURSHIDABAD,1,4,48,3553,269.9773,0.076,62.35,4.7379,2022-11-22,2023-07-24,244,2
WEST BENGAL,116A,56.500 - 74.000,56.5,74.0,17.5,HOOGHLY,1,1,12,1003,65.0163,0.0648,57.31,3.7152,2022-12-12,2022-12-29,17,2
WEST BENGAL,116A,62.500 - 90.000,62.5,90.0,27.5,BANKURA,1,2,21,1876,132.9221,0.0709,68.22,4.8335,2022-11-16,2023-07-26,252,2
WEST BENGAL,116A,89.814 - 133.000,89.814,133.0,43.186,PURBA BARDHAMAN,1,6,46,4459,396.5691,0.0889,103.25,9.1828,2022-12-12,2023-04-25,134,2
WEST BENGAL,116B,0.000 - 25.500,0.0,25.5,25.5,PURBA MEDINIPUR,1,1,1,1,0.0445,0.0445,0.04,0.0017,2024-08-06,2024-08-06,0,0
WEST BENGAL,116B,0.000 - 41.000,0.0,41.0,41.0,PURBA MEDINIPUR,1,2,9,319,12.0827,0.0379,7.78,0.2947,2024-04-10,2024-04-10,0,1
WEST BENGAL,116B,5.000 - 57.000,5.0,57.0,52.0,PURBA MEDINIPUR,1,1,1,3,0.0607,0.0202,0.06,0.0012,2020-06-25,2020-06-25,0,0
WEST BENGAL,116B,64.700 - 82.103,64.7,82.103,17.403,PURBA MEDINIPUR,1,2,19,693,43.0861,0.0622,39.82,2.4758,2023-01-04,2023-03-14,69,2
WEST BENGAL,117,0.145 - 6.980,0.145,6.98,6.835,HOWRAH,1,1,1,2,0.0484,0.0242,0.29,0.0071,2022-06-23,2022-06-23,0,0
WEST BENGAL,117,0.145 - 7.337,0.145,7.337,7.192,HOWRAH,1,2,4,209,5.2955,0.0253,29.06,0.7363,2022-06-15,2024-01-31,595,2
WEST BENGAL,117,111.700 - 115.000,111.7,115.0,3.3,PARAGANAS SOUTH(South 24 Parganas),1,1,2,48,0.9454,0.0197,14.55,0.2865,2016-02-29,2016-02-29,0,0
WEST BENGAL,131A,49.050 - 51.200,49.05,51.2,2.15,Malda,1,3,5,243,19.0626,0.0784,113.02,8.8663,2017-06-15,2017-06-15,0,1
WEST BENGAL,131A,51.200 - 53.810,51.2,53.81,2.61,Malda,1,3,8,338,46.4056,0.1373,129.5,17.7799,2015-04-27,2015-04-27,0,2
WEST BENGAL,16,17.600 - 72.000,17.6,72.0,54.4,HOWRAH,1,2,3,11,0.3967,0.0361,0.2,0.0073,2020-01-09,2020-01-09,0,0
WEST BENGAL,16,73.000 - 98.350,73.0,98.35,25.35,PURBA MEDINIPUR,1,1,1,7,0.0931,0.0133,0.28,0.0037,2018-06-28,2018-06-28,0,0
WEST BENGAL,19,521.251 - 603.940,521.251,603.94,82.689,PURBA BARDHAMAN,1,5,21,233,3.6194,0.0155,2.82,0.0438,2021-02-16,2024-11-27,1380,3
WEST BENGAL,2,40.795 - 42.600,40.795,42.6,1.805,PURBA BARDHAMAN 1,1,1,3,96,8.6747,0.0904,53.19,4.8059,2017-04-19,2017-04-19,0,0
WEST BENGAL,2,441.400 - 520.200,441.4,520.2,78.8,Paschim Bardhaman,1,4,8,22,1.6261,0.0739,0.28,0.0206,2018-12-21,2022-01-04,1110,2
WEST BENGAL,2B,2.675 - 4.870,2.675,4.87,2.195,PURBA BARDHAMAN,1,1,3,98,3.9331,0.0401,44.65,1.7918,2023-03-29,2023-03-29,0,0
WEST BENGAL,2B,40.795 - 42.600,40.795,42.6,1.805,PURBA BARDHAMAN 1,1,1,2,167,6.3047,0.0378,92.52,3.4929,2017-04-25,2017-04-25,0,0
WEST BENGAL,2B,46.000 - 48.000,46.0,48.0,2.0,BIRBHUM,1,1,7,171,5.7543,0.0337,85.5,2.8772,2018-04-12,2018-04-12,0,0
WEST BENGAL,31,551.360 - 563.260,551.36,563.26,11.9,DARJEELING,1,2,4,22,3.6664,0.1667,1.85,0.3081,2019-05-16,2019-05-16,0,0
WEST BENGAL,31,568.665 - 582.000,568.665,582.0,13.335,DARJEELING,1,1,5,63,2.5883,0.0411,4.72,0.1941,2022-09-13,2024-10-25,773,1
WEST BENGAL,31,572.500 - 581.000,572.5,581.0,8.5,Jalpaiguri,1,1,1,22,0.3675,0.0167,2.59,0.0432,2022-07-29,2022-07-29,0,0
WEST BENGAL,31,614.850 - 616.450,614.85,616.45,1.6,Jalpaiguri,1,1,1,3,1.0522,0.3507,1.88,0.6576,2017-04-19,2017-04-19,0,0
WEST BENGAL,31,623.850 - 624.875,623.85,624.875,1.025,Jalpaiguri,1,1,1,12,1.9202,0.16,11.71,1.8734,2017-06-13,2017-06-13,0,0
WEST BENGAL,31,660.700 - 662.580,660.7,662.58,1.88,Jalpaiguri,1,1,2,56,8.2443,0.1472,29.79,4.3853,2017-05-17,2017-05-17,0,0
WEST BENGAL,31,770.000 - 816.000,770.0,816.0,46.0,COOCHBEHAR,1,2,3,63,1.5259,0.0242,1.37,0.0332,2015-04-24,2015-04-24,0,0
WEST BENGAL,31D,0.000 - 17.130,0.0,17.13,17.13,DARJEELING,1,1,4,11,0.3117,0.0283,0.64,0.0182,2018-08-23,2018-08-23,0,0
WEST BENGAL,31D,113.200 - 154.854,113.2,154.854,41.654,Alipurduar,1,1,1,15,0.957,0.0638,0.36,0.023,2022-09-22,2022-09-22,0,0
WEST BENGAL,31D,17.130 - 83.785,17.13,83.785,66.655,Jalpaiguri,1,4,11,44,1.5112,0.0343,0.66,0.0227,2018-12-31,2020-01-24,389,1
WEST BENGAL,31D,83.785 - 113.200,83.785,113.2,29.415,Jalpaiguri,1,1,8,1134,73.5947,0.0649,38.55,2.5019,2018-06-18,2019-04-09,295,2
WEST BENGAL,32,70.524 - 133.900,70.524,133.9,63.376,PURULIA,1,4,34,594,18.7428,0.0316,9.37,0.2957,2020-01-22,2022-08-25,946,2
WEST BENGAL,34,164.584 - 191.700,164.584,191.7,27.116,MURSHIDABAD,1,3,9,16,0.1496,0.0094,0.59,0.0055,2019-04-09,2019-04-09,0,0
WEST BENGAL,34,191.416 - 295.000,191.416,295.0,103.584,MURSHIDABAD,1,6,14,28,0.9812,0.035,0.27,0.0095,2019-09-16,2019-09-16,0,0
WEST BENGAL,34,398.000 - 452.700,398.0,452.7,54.7,Uttar Dinajpur,1,3,24,334,16.6298,0.0498,6.11,0.304,2019-01-31,2021-04-13,803,2
WEST BENGAL,34,48.533 - 164.584,48.533,164.584,116.051,NADIA,1,3,24,104,4.935,0.0475,0.9,0.0425,2019-04-02,2019-04-02,0,0
WEST BENGAL,34,48.553 - 115.272,48.553,115.272,66.719,NADIA,1,1,1,1,0.0111,0.0111,0.01,0.0002,2023-02-22,2023-02-22,0,0
WEST BENGAL,48,0.000 - 6.000,0.0,6.0,6.0,COOCHBEHAR,1,2,3,107,2.7533,0.0257,17.83,0.4589,2015-09-15,2017-02-28,532,1
WEST BENGAL,48,36.100 - 106.250,36.1,106.25,70.15,Alipurduar,1,3,8,210,47.6057,0.2267,2.99,0.6786,2015-10-14,2017-04-21,555,3
WEST BENGAL,48,6.000 - 20.410,6.0,20.41,14.41,Jalpaiguri,1,2,11,110,3.9403,0.0358,7.63,0.2734,2015-10-14,2017-04-21,555,1
WEST BENGAL,512,104.200 - 107.100,104.2,107.1,2.9,DAKSHIN DINAJPUR,1,2,23,344,6.399,0.0186,118.62,2.2066,2018-02-28,2018-02-28,0,1
WEST BENGAL,60,115.200 - 181.200,115.2,181.2,66.0,Paschim Medinipur,1,1,2,41,2.7246,0.0665,0.62,0.0413,2019-04-09,2019-04-09,0,0
WEST BENGAL,60,117.770 - 119.250,117.77,119.25,1.48,Paschim Medinipur,1,2,4,44,4.8592,0.1104,29.73,3.2832,2024-02-13,2024-02-13,0,0
WEST BENGAL,60,153.000 - 155.800,153.0,155.8,2.8,Paschim Medinipur,1,2,4,171,13.2144,0.0773,61.07,4.7194,2017-05-18,2017-05-18,0,0
WEST BENGAL,60,158.300 - 161.200,158.3,161.2,2.9,Paschim Medinipur,1,1,1,1,0.089,0.089,0.34,0.0307,2024-08-06,2024-08-06,0,0
WEST BENGAL,60,173.220 - 174.120,173.22,174.12,0.9,Paschim Medinipur,1,1,4,75,3.8315,0.0511,83.33,4.2572,2024-02-13,2024-02-13,0,0
WEST BENGAL,60,193.050 - 194.550,193.05,194.55,1.5,BANKURA,1,1,1,14,0.2225,0.0159,9.33,0.1483,2020-12-03,2020-12-03,0,0
WEST BENGAL,60,246.550 - 247.526,246.55,247.526,0.976,BANKURA,1,1,2,90,3.9007,0.0433,92.21,3.9966,2017-06-22,2017-06-22,0,0
WEST BENGAL,60,266.000 - 271.000,266.0,271.0,5.0,BANKURA,1,1,4,179,7.9859,0.0446,35.8,1.5972,2016-12-01,2016-12-01,0,0
WEST BENGAL,60,270.153 - 270.688,270.153,270.688,0.535,BANKURA,1,1,1,44,1.6668,0.0379,82.24,3.1155,2019-11-05,2019-11-05,0,0
WEST BENGAL,60,273.000 - 478.180,273.0,478.18,205.18,Paschim Bardhaman,1,1,8,350,27.3527,0.0782,1.71,0.1333,2022-07-20,2023-06-08,323,2
WEST BENGAL,60,283.611 - 285.123,283.611,285.123,1.512,PURBA BARDHAMAN,1,1,2,63,6.0542,0.0961,41.67,4.0041,2017-04-19,2017-04-19,0,0
WEST BENGAL,60,303.209 - 304.969,303.209,304.969,1.76,Paschim Bardhaman,1,1,1,7,0.2305,0.0329,3.98,0.131,2018-09-12,2022-07-29,1416,2
WEST BENGAL,60,306.302 - 307.923,306.302,307.923,1.621,BIRBHUM,1,1,3,45,1.5558,0.0346,27.76,0.9598,2019-02-27,2019-02-27,0,0
WEST BENGAL,60,309.100 - 314.800,309.1,314.8,5.7,BIRBHUM,1,2,5,11,0.775,0.0705,1.93,0.136,2018-12-27,2018-12-27,0,0
WEST BENGAL,60,316.000 - 320.800,316.0,320.8,4.8,BIRBHUM,1,1,8,480,30.2648,0.0631,100.0,6.3052,2023-03-22,2023-03-22,0,2
WEST BENGAL,60,337.703 - 339.046,337.703,339.046,1.343,BIRBHUM,1,1,2,55,2.2498,0.0409,40.95,1.6752,2017-05-17,2018-12-27,589,1
WEST BENGAL,60,83.400 - 88.400,83.4,88.4,5.0,Paschim Medinipur,1,1,1,26,0.7758,0.0298,5.2,0.1552,2022-03-30,2022-03-30,0,0
WEST BENGAL,717,3.500 - 40.000,3.5,40.0,36.5,DARJEELING,1,1,3,241,21.2285,0.0881,6.6,0.5816,2018-02-09,2018-02-09,0,2
WEST BENGAL,717,3.500 - 92.800,3.5,92.8,89.3,Kalimpong,1,2,7,916,48.161,0.0526,10.26,0.5393,2020-05-15,2025-05-09,1820,4
WEST BENGAL,80,282.500 - 283.000,282.5,283.0,0.5,MURSHIDABAD,1,1,1,11,1.9163,0.1742,22.0,3.8326,2025-01-03,2025-01-03,0,0
WEST BENGAL,81,19.205 - 21.771,19.205,21.771,2.566,Malda,1,3,15,927,92.44,0.0997,361.26,36.0249,2016-10-28,2016-10-28,0,2
WEST BENGAL,81,19.205 - 46.550,19.205,46.55,27.345,Malda,1,2,13,320,22.4814,0.0703,11.7,0.8221,2017-10-03,2024-02-29,2340,4
WEST BENGAL,81,46.550 - 59.697,46.55,59.697,13.147,Malda,1,2,10,441,75.7885,0.1719,33.54,5.7647,2015-08-05,2015-08-05,0,2
WEST BENGAL,Greenfield Highway,0.000 - 22.600,0.0,22.6,22.6,Uttar Dinajpur,1,1,1,26,1.0117,0.0389,1.15,0.0448,2023-03-31,2023-03-31,0,0
