state,proposal_no,file_no,name,category,user_agency_govt,area_ha,status,received,stage1,stage2,milestones,listing,source,retrieved
Andhra Pradesh,FP/AP/RAIL/147706/2021,4-APC145/2022-VIJ,"Diversion in an area of 32.25 Ha of forest land in Nandyal and Giddalur division for execution of various engineering works for laying of doubling railway line between Guntur and Guntakal stations"".",Railway,INDIAN RAILWAY SOUTH CENTRAL RAILWAY,32.25,APPROVED,2021-09-26,2023-06-10,2024-08-20,EDS Sought(State Government): 30/05/2023 Compliance Report: 12/07/2024 Stage-I : 10/06/2023 Stage-II: 20/08/2024,"visible in the PARIVESH 1.0 online list (2014 to mid-2022), not a census",https://forestsclearance.nic.in/Online_Status.aspx,2026-09-27
Andhra Pradesh,FP/AP/RAIL/149334/2021,4-APB167/2022-VIJ,"Proposal for Diversion of 1.36 Ha. Forest Land for Construction of new double line and electrification of track between Guntur and Guntakal stations at Dhone (Rly Km.325/4 to 329/2) in Comp.No. 238 & 239 of North Dhone RF, in Dhone Range, Kurnool Division in favour of S.C. Railway, under FC Act 1980.",Railway,"SOUTH CENTRAL RAILWAY,GUNTAKAL.",2.21,APPROVED,2021-11-15,2023-06-21,2025-12-18,EDS Compliance Reply(Secretary): 09/12/2025 Compliance Report: 27/05/2025 Stage-I : 21/06/2023 Stage-II: 18/12/2025,"visible in the PARIVESH 1.0 online list (2014 to mid-2022), not a census",https://forestsclearance.nic.in/Online_Status.aspx,2026-09-27
Andhra Pradesh,FP/AP/RAIL/154617/2022,4-APB213/2023-VIJ,"Proposal for Diversion of 3.21 Ha. Forest land for construction of New Double line and Electrification of track between Guntur and Guntakal stations at Konided & Panyam (Rly.Km.275-281 & 285-288) in Comp.No.145, 147, 137 & 138 of Panyam RF in Kurnool Range, Kurnool Division in favour of S.C.Railway under FC Act 1980.",Railway,"SOUTH CENTRAL RAILWAY,GUNTAKAL.",3.21,APPROVED,2022-04-20,2023-06-26,2025-12-16,EDS Compliance Reply(Secretary): 09/12/2025 Compliance Report: 27/05/2025 Stage-I : 26/06/2023 Stage-II: 16/12/2025,"visible in the PARIVESH 1.0 online list (2014 to mid-2022), not a census",https://forestsclearance.nic.in/Online_Status.aspx,2026-09-27
Andhra Pradesh,FP/AP/ROAD/150396/2021,4-APB192/2022-VIJ,Widening to two lane with paved shoulders of Rayachoty - Vempalli section of newly declared NH-440 from km 0/0 to 53/600 in the state of Andhra Pradesh under EPC mode,Road,MINISTRY OF ROAD TRANSPORT AND HIGHWAYS GOVT OF INDIA,0.76,APPROVED,2022-05-17,2023-03-27,2024-01-16,EDS Sought(State Government): 21/03/2023 Compliance Report: 04/08/2023 Stage-I : 27/03/2023 Stage-II: 16/01/2024 Land details : 22 Nov 2022,"visible in the PARIVESH 1.0 online list (2014 to mid-2022), not a census",https://forestsclearance.nic.in/Online_Status.aspx,2026-09-27
Andhra Pradesh,FP/AP/ROAD/153799/2022,4-APB199/2022-VIJ,Rehabilitation and Upgradation to 2-lane with paved shoulder configuration of Paderu to Araku section from Km 2.400 to Km 51.772 of NH-516E in the State of Andhra Pradesh under GNHCP on EPC Mode with,Road,MINISTRY OF ROAD TRANSPORT & HIGHWAYS,2.24,APPROVED,2022-03-30,2023-01-19,2024-06-05,Compliance Report: 25/08/2023 Stage-I : 19/01/2023 Stage-II: 05/06/2024,"visible in the PARIVESH 1.0 online list (2014 to mid-2022), not a census",https://forestsclearance.nic.in/Online_Status.aspx,2026-09-27
Andhra Pradesh,FP/AP/ROAD/155825/2022,4-APA207/2023-VIJ,CONSTRUCTION OF FOUR LANING PILERU – KALUR FROM KM 55+900 TO KM 95+717  SECTION OF  NH-71   OF TIRUPATI DISTRICT IN THE STATE OF ANDHRA PRADESH UNDER BHARATMALA PARIYOJNA (PACKAGE-II).,Road,PROJECT DIRECTOR NHAI PIU TIRUPATI,45.19,APPROVED,2022-06-08,2023-09-25,2024-10-15,EDS Sought(State Government): 23/06/2023 Compliance Report: 04/04/2024 Stage-I : 25/09/2023 Stage-II: 15/10/2024,"visible in the PARIVESH 1.0 online list (2014 to mid-2022), not a census",https://forestsclearance.nic.in/Online_Status.aspx,2026-09-27
Andhra Pradesh,FP/AP/ROAD/17576/2016,2382/Section-II/2016,Upgradation of NH-565 from Km.425/400 to 509/400 i.e from Penchalakona to Yerpedu Section,Road,MINISTRY OF ROAD TRANSPORT AND HIGHWAYS GOVT OF INDIA,0.9916,IN-PRINCIPLE,2016-01-17,2016-08-20,,Compliance Report: 19/12/2020 Stage-I : 20/08/2016,"visible in the PARIVESH 1.0 online list (2014 to mid-2022), not a census",https://forestsclearance.nic.in/Online_Status.aspx,2026-09-27
Andhra Pradesh,FP/AP/ROAD/17950/2016,4-APB012/2016-CHN,Up-gradation of NH-565 from Km.294/000 to 361/327 i.e from Vaggampalli to Dornala T-Junction under NHDP-IV,Road,MINISTRY OF ROAD TRANSPORT AND HIGHWAYS GOVT OF INDIA,1.737,IN-PRINCIPLE,2016-02-11,2016-07-11,,Stage-I : 11/07/2016,"visible in the PARIVESH 1.0 online list (2014 to mid-2022), not a census",https://forestsclearance.nic.in/Online_Status.aspx,2026-09-27
Andhra Pradesh,FP/AP/ROAD/18708/2016,,Up-gradation of NH-565 from Km.294/000 to 361/327 i.e from Vaggampalli to Dornala T-Junction under NHDP-IV,Road,MINISTRY OF ROAD TRANSPORT AND HIGHWAYS GOVT OF INDIA,0.998,DELISTED (due to non-reply of EDS by UA within 90 days),2016-03-29,,,,"visible in the PARIVESH 1.0 online list (2014 to mid-2022), not a census",https://forestsclearance.nic.in/Online_Status.aspx,2026-09-27
Andhra Pradesh,FP/AP/ROAD/19123/2016,4-APB017/2016-CHN,Upgradation of NH-67 from Km.695/000 to Km.741/950 (Atmakur to Nellore ) under NHDP-IV,Road,MINISTRY OF ROAD TRANSPORT AND HIGHWAYS GOVT OF INDIA,2.26,APPROVED,2016-05-06,2016-09-20,2017-08-04,Compliance Report: 17/07/2017 Stage-I : 20/09/2016 Stage-II: 04/08/2017,"visible in the PARIVESH 1.0 online list (2014 to mid-2022), not a census",https://forestsclearance.nic.in/Online_Status.aspx,2026-09-27
Andhra Pradesh,FP/AP/ROAD/22943/2016,G.O.Rt.No.63,Upgradation of NH-67 from Km.641/000 to Km.695/000 i.e from Dornla T Junction to Atmakur Section in SPSR Nellore District,Road,MINISTRY OF ROAD TRANSPORT AND HIGHWAYS GOVT OF INDIA,0.933,IN-PRINCIPLE,2016-12-08,2017-03-16,,Compliance Report: 19/12/2020 Stage-I : 16/03/2017,"visible in the PARIVESH 1.0 online list (2014 to mid-2022), not a census",https://forestsclearance.nic.in/Online_Status.aspx,2026-09-27
Andhra Pradesh,FP/AP/ROAD/26324/2017,4-APB050/2017-CHN,Upgradation of NH-67 from Km 589/000 to 641/000 i.e from Mydukur to Dornala’T’ junction to two lane with paved shoulders in the State of Andhra Pradesh under NHDP-IV on EPC basis.,Road,MINISTRY OF ROAD TRANSPORT AND HIGHWAYS GOVT OF INDIA,2.55,APPROVED,2017-05-24,2018-09-06,2021-07-02,EDS Sought(State Government): 14/08/2018 Compliance Report: 17/12/2020 Stage-I : 06/09/2018 Stage-II: 02/07/2021,"visible in the PARIVESH 1.0 online list (2014 to mid-2022), not a census",https://forestsclearance.nic.in/Online_Status.aspx,2026-09-27
Andhra Pradesh,FP/AP/ROAD/28853/2017,4-APC132/2021-VIJ,Upgradation of existing NH 30 from Km.169.770 to 236.150 of Vijayawada to Jagadalpur section to two lane with paved shoulders in the State of Andhra Pradesh,Road,MINISTRY OF ROAD TRANSPORT & HIGHWAYS,25.31,APPROVED,2017-10-26,2022-11-28,2024-12-30,"EDS Sought(State Government): 02/11/2022 Compliance Report: 07/11/2024 Stage-I : 28/11/2022 Stage-II: 30/12/2024 Additional informati : 03 Nov 2021 PCCF&HoFF,AP,Guntur : 26 Sep 2022","visible in the PARIVESH 1.0 online list (2014 to mid-2022), not a census",https://forestsclearance.nic.in/Online_Status.aspx,2026-09-27
Andhra Pradesh,FP/AP/ROAD/29874/2017,4-APC129/2021-VIJ,Upgradation of NH-167B from Km 99/103 to 191/050 i.e from CS puram to Singarayakonda (Old NH 16 )  to two lanes with paved shoulders under NHDP IV in the State of Andhra Pradesh,Road,MINISTRY OF ROAD TRANSPORT AND HIGHWAYS GOVT OF INDIA,9.33,IN-PRINCIPLE,2017-11-28,2022-03-30,,EDS Sought(State Government): 11/01/2022 Compliance Report: 09/05/2024 Stage-I : 30/03/2022,"visible in the PARIVESH 1.0 online list (2014 to mid-2022), not a census",https://forestsclearance.nic.in/Online_Status.aspx,2026-09-27
Andhra Pradesh,FP/AP/ROAD/49639/2020,4-APA209/2023-VIJ,Rehabilitation and Upgradation to two lane with paved shoulder configuration of Koyyuru to Paderu section from Km 120/000 to Km 260/100(Design chainage Km Km 120+000 To Km 253+974) of NH-516Ein the state of Andhra Pradesh,Road,"REGIONAL OFFICER,MINISTRY OF ROAD TRANSPORT AND HIGHWAYS, VIJAYAWADA",65.95,APPROVED,2020-09-16,2023-07-06,2024-02-12,EDS Sought(State Government): 06/07/2023 Compliance Report: 26/09/2023 Stage-I : 06/07/2023 Stage-II: 12/02/2024,"visible in the PARIVESH 1.0 online list (2014 to mid-2022), not a census",https://forestsclearance.nic.in/Online_Status.aspx,2026-09-27
Arunachal Pradesh,FP/AR/ROAD/21615/2016,,Two Laning of Joram – Koloriang section of NH 713 from Km 20.000 to Km 51.000 in Lower Subansiri District of the state of Arunachal Pradesh on EPC mode.,Road,NHIDCL,16.729,Pending at DFO/DCF,2016-10-05,,,,"visible in the PARIVESH 1.0 online list (2014 to mid-2022), not a census",https://forestsclearance.nic.in/Online_Status.aspx,2026-09-27
Arunachal Pradesh,FP/AR/ROAD/21619/2016,,Two Laning of Joram–Koloriang section of NH 713 from Km. 50.000 to Km. 70.000 in the state of Arunachal Pradesh on EPC mode.,Road,NHIDCL,48.92,Pending at DFO/DCF,2016-10-05,,,,"visible in the PARIVESH 1.0 online list (2014 to mid-2022), not a census",https://forestsclearance.nic.in/Online_Status.aspx,2026-09-27
Arunachal Pradesh,FP/AR/ROAD/21621/2016,,Two Laning of Joram – Koloriang section of NH 713 from Km 138.000 to Km 158.000 in Kurung Kumey District of the state of Arunachal Pradesh on EPC mode.,Road,NHIDCL,18.27,Pending at DFO/DCF,2016-10-05,,,,"visible in the PARIVESH 1.0 online list (2014 to mid-2022), not a census",https://forestsclearance.nic.in/Online_Status.aspx,2026-09-27
Arunachal Pradesh,FP/AR/ROAD/28950/2017,,PROPOSAL FOR DIVERSION OF ADDITIONAL MUCK DISPOSAL AREA 7.33 HA. FOR IMPROVEMENT/UP GRADATION  OF TRANS ARUNACHAL HIGHWAY (NH-52 B) FROM PASIGHAT-PANGIN ROAD (KM 0.00 TO KM 20.000) TO NHDL SPECIFICATION PASIGHAT FOREST DIVISION IN EAST SIANG DISTRICT OF ARUNACHAL PRADESH.,Road,NHIDCL,7.33,Pending at DFO/DCF,2017-09-05,,,,"visible in the PARIVESH 1.0 online list (2014 to mid-2022), not a census",https://forestsclearance.nic.in/Online_Status.aspx,2026-09-27
Arunachal Pradesh,FP/AR/ROAD/36490/2018,3-AN-C-009/2021-GHY,Diversion of Forest Land for Construction of Doginala-Gau Road from 0.00 km to 15.328 km by CPWD under Upper Subansiri District of Arunachal Pradesh,Road,RO ITANAGAR MORT&H,32.5904,APPROVED,2018-11-16,2021-11-11,2023-03-13,Compliance Report: 21/02/2023 Stage-I : 11/11/2021 Stage-II: 13/03/2023,"visible in the PARIVESH 1.0 online list (2014 to mid-2022), not a census",https://forestsclearance.nic.in/Online_Status.aspx,2026-09-27
Arunachal Pradesh,FP/AR/ROAD/43898/2020,,Diversion of Forestland for construction of Hunli-Anini road from 23.82 km to 138.00 km by NHIDCL at Dibang Valley District,Road,NHIDCL BO ROING,11.8,Pending at Nodal Officer,2020-01-13,,,,"visible in the PARIVESH 1.0 online list (2014 to mid-2022), not a census",https://forestsclearance.nic.in/Online_Status.aspx,2026-09-27
Arunachal Pradesh,FP/AR/ROAD/48840/2020,,Two laning with hard shoulders of Demwe-Brahmkund section of NH-13 from Km 0.000 Km to 18.464 on EPC Mode in the state of Arunachal Pradesh.,Road,NHIDCL,49.69,Pending at Nodal Officer,2020-08-19,,,EDS Sought(State Government): 04/02/2022,"visible in the PARIVESH 1.0 online list (2014 to mid-2022), not a census",https://forestsclearance.nic.in/Online_Status.aspx,2026-09-27
Assam,FP/AS/ROAD/156208/2022,,Diversion of forest land for non-forest purpose of road 4 Laning of Silchar-Churaibari Section Design Chainage KM 95+700 to Km 107.200 of old NH-44 (New NH 8) under Karimganj District in the state of Assam.,Road,NHIDCL PMU SILCHAR,17.709,Pending at DFO/DCF,2022-06-13,,,,"visible in the PARIVESH 1.0 online list (2014 to mid-2022), not a census",https://forestsclearance.nic.in/Online_Status.aspx,2026-09-27
Assam,FP/AS/ROAD/16713/2015,3-AS C 011/2016-SHI,Four Laning work from Gohpur to Holongi (NH-52A),Road,MORTH (NHIDCL),23.547,IN-PRINCIPLE,2015-11-27,2016-05-20,,EDS Sought(State Government): 05/02/2018 Stage-I : 20/05/2016,"visible in the PARIVESH 1.0 online list (2014 to mid-2022), not a census",https://forestsclearance.nic.in/Online_Status.aspx,2026-09-27
Assam,FP/AS/ROAD/22913/2016,3-AS C 014/2017-SHI,Four laning of Balachera to Harangajao section from Km 244.000 to Km 275.000 under East-West Corridor of NH-54(E) in the state of Assam [Contract package no. EW-II AS-14],Road,NATIONAL HIGHWAYS AUTHORITY OF INDIA PIU SILCHAR,10.583,APPROVED,2016-12-12,2017-09-18,2022-06-28,EDS Compliance Reply(Secretary): 24/06/2022 Compliance Report: 03/06/2022 Stage-I : 18/09/2017 Stage-II: 28/06/2022,"visible in the PARIVESH 1.0 online list (2014 to mid-2022), not a census",https://forestsclearance.nic.in/Online_Status.aspx,2026-09-27
Bihar,FP/BR/Pipeline/45173/2020,Van Bhumi 112/2020,"City Gas distribution network in (Khagaria, Saharsa and Madhepura)",Pipeline,Indian Oil Corporation Limited,1.22603,APPROVED,2020-04-03,2020-12-31,2021-09-07,Compliance Report: 12/08/2021 Stage-I : 31/12/2020 Stage-II: 07/09/2021,"visible in the PARIVESH 1.0 online list (2014 to mid-2022), not a census",https://forestsclearance.nic.in/Online_Status.aspx,2026-09-27
Bihar,FP/BR/Pipeline/50917/2020,FP/BR/PIPELINE/50917/2020,Muzaffarpur -Motihari LPG Pipeline,Pipeline,INDIAN OIL CORPORATION LIMITED PATNA,0.1764,APPROVED,2020-10-13,2022-08-11,2023-02-07,EDS Sought(State Government): 06/08/2022 Compliance Report: 20/01/2023 Stage-I : 11/08/2022 Stage-II: 07/02/2023,"visible in the PARIVESH 1.0 online list (2014 to mid-2022), not a census",https://forestsclearance.nic.in/Online_Status.aspx,2026-09-27
Bihar,FP/BR/RAIL/153523/2022,FP/BR/RAIL/153523/2022,Araria Galgalia New BG Railway Line,Railway,"CHIEF ENGINEER CONSTRUCTION III, N.F RAILWAY MALIGAON",8.243,Pending at DFO for verifying Compliance of Conditions,2022-03-22,2023-04-10,,EDS Sought(State Government): 01/04/2023 Compliance Report: 14/08/2023 Stage-I : 10/04/2023,"visible in the PARIVESH 1.0 online list (2014 to mid-2022), not a census",https://forestsclearance.nic.in/Online_Status.aspx,2026-09-27
Bihar,FP/BR/ROAD/129045/2021,FP/BR/ROAD/129045/2021,Forest Clearance for Two Laning with paved shoulder of stretch from Junction of NH-22 near Hazipur to junction of NH-122 at Bachhwara via Mahanar and Mohiuddin Nagar of NH- 122 B (Ch. 0.000 to Ch 72.9,Road,"NATIONAL HIGHWAY DIVISION, BIHARSHARIF",97.3934,IN-PRINCIPLE,2021-03-20,2023-04-28,,EDS Sought(State Government): 18/04/2023 Stage-I : 28/04/2023,"visible in the PARIVESH 1.0 online list (2014 to mid-2022), not a census",https://forestsclearance.nic.in/Online_Status.aspx,2026-09-27
Bihar,FP/BR/ROAD/129597/2021,FP/BR/ROAD/129597/2021,,Road,,34.212,IN-PRINCIPLE,2021-03-12,2022-11-30,,EDS Sought(State Government): 07/11/2022 Stage-I : 30/11/2022,"visible in the PARIVESH 1.0 online list (2014 to mid-2022), not a census",https://forestsclearance.nic.in/Online_Status.aspx,2026-09-27
Bihar,FP/BR/ROAD/142675/2021,FP/BR/ROAD/142675/2021,"Diversion of forest land for Upgradation of National Highway (NH-333A) starting from its junction with NH-33 near Barbigha connecting Sheikhpura - Sikandra – Jamui, JhaJha - Banka - Panjawara - Bihar/",Road,"EXECUTIVE ENGINEER, NH DIVISION LAKHISARAI AT MUNGER",142.7368,IN-PRINCIPLE,2021-05-27,2026-06-25,,EDS Sought(State Government): 18/05/2026 Stage-I : 25/06/2026,"visible in the PARIVESH 1.0 online list (2014 to mid-2022), not a census",https://forestsclearance.nic.in/Online_Status.aspx,2026-09-27
Bihar,FP/BR/ROAD/144718/2021,FP/BR/ROAD/144718/2021,"Construction of four lane Inter corridor from Kalyanpur (Ch. Km – 0+000) to Tal Dashraha (Ch. Km  - 47+500) with spur (Ch 0+000 Km to Ch 2+100 km) Package-IV in the state of Bihar under Bharatmala Pariyojna (Lot-5, Pkg-7) – NH-119D.",Road,National Highways Authority of India,3.042,APPROVED,2021-07-20,2023-02-10,2024-10-10,EDS Compliance Reply(Secretary): 13/09/2024 Compliance Report: 02/08/2024 Stage-I : 10/02/2023 Stage-II: 10/10/2024,"visible in the PARIVESH 1.0 online list (2014 to mid-2022), not a census",https://forestsclearance.nic.in/Online_Status.aspx,2026-09-27
Bihar,FP/BR/ROAD/144807/2021,FP/BR/ROAD/144807/2021,"Up-gradation & Widening to Two Lane with Paved shoulder from KM. 0.000 to KM. 30.660 of Existing National Highway NH-319A (Mohania– Ramgarh- Chausa- Buxar) in Kaimur district, in the State of  Bihar.",Road,EXECUTIVE ENGINEER NATIONAL HIGHWAY DIVISION AURANGABAD BIHAR,17.9123,IN-PRINCIPLE,2021-07-23,2023-06-13,,EDS Sought(State Government): 09/05/2023 Stage-I : 13/06/2023,"visible in the PARIVESH 1.0 online list (2014 to mid-2022), not a census",https://forestsclearance.nic.in/Online_Status.aspx,2026-09-27
Bihar,FP/BR/ROAD/146793/2021,FP/BR/ROAD/146793/2021,"Up-gradation & Widening to Two Lane with Paved shoulder from KM. 30.660 to KM. 65.909 of Existing National Highway NH-319A (Mohania– Ramgarh- Chausa- Buxar) in Buxar district, in the State of  Bihar.",Road,EXECUTIVE ENGINEER NATIONAL HIGHWAY DIVISION AURANGABAD BIHAR,10.6038,IN-PRINCIPLE,2021-09-04,2023-06-13,,EDS Sought(State Government): 03/05/2023 Stage-I : 13/06/2023,"visible in the PARIVESH 1.0 online list (2014 to mid-2022), not a census",https://forestsclearance.nic.in/Online_Status.aspx,2026-09-27
Bihar,FP/BR/ROAD/149507/2021,,Manikpur Sahebganj section of NH 139W from Km 0+000 to Km 42.800 under BRT Scheme for upgradation to 4 lane divided carriageway which is falling in Muzaffarpur and Purbi Champaran districts of Bihar,Road,NATIONAL HIGHWAY AUTHORITY OF INDIA,23.692,Pending at DFO/DCF,2021-12-25,,,,"visible in the PARIVESH 1.0 online list (2014 to mid-2022), not a census",https://forestsclearance.nic.in/Online_Status.aspx,2026-09-27
Bihar,FP/BR/ROAD/155194/2022,FP/BR/ROAD/155194/2022,Construction of 4-lane green field alignment inter corridor from Balbhadrapur (Ch. Km -47+000) to Bela Nawada (Ch. Km 89+210) Section of NH-119D under Bharatmala Pariyojana (Lot-5 pkg-7) in the State,Road,NATIONAL HIGHWAYS AUTHORITY OF INDIA,3.2213,APPROVED,2022-05-09,2023-03-06,2024-03-21,Compliance Report: 26/06/2023 Stage-I : 06/03/2023 Stage-II: 21/03/2024,"visible in the PARIVESH 1.0 online list (2014 to mid-2022), not a census",https://forestsclearance.nic.in/Online_Status.aspx,2026-09-27
Bihar,FP/BR/ROAD/21782/2016,FP/BR/ROAD/21782/2016,Forest Diversion Proposal of Diversion of 1.47 ha PF Land for construction of Flyover & Vehicular Underpass at Patna-Gaya-Dobhi Section of NH-83 0.00-127.00 KM,Road,PROJECT DIRECTOR NHAI PIU GAYA,1.47,IN-PRINCIPLE,2016-10-07,2017-09-18,,EDS Sought(State Government): 19/09/2017 Stage-I : 18/09/2017,"visible in the PARIVESH 1.0 online list (2014 to mid-2022), not a census",https://forestsclearance.nic.in/Online_Status.aspx,2026-09-27
Bihar,FP/BR/ROAD/22352/2016,FP/BR/ROAD/22352/2016,Widening to 4-Lane with PSS of Munger-Bhagalpur-Mirzachauki Section of NH-80 in the State of Bihar,Road,NATIONAL HIGHWAY AUTHORITY OF INDIA PIU BEGUSARAI,16.454,APPROVED,2016-11-18,2019-03-12,2021-04-27,EDS Sought(State Government): 14/03/2019 Compliance Report: 24/03/2021 Stage-I : 12/03/2019 Stage-II: 27/04/2021,"visible in the PARIVESH 1.0 online list (2014 to mid-2022), not a census",https://forestsclearance.nic.in/Online_Status.aspx,2026-09-27
Bihar,FP/BR/ROAD/25145/2017,FP/BR/ROAD/25145/2017,Widening to 2 lane with paved shoulder from KM 0.00-40.00 of NH-2C Dehri-Banjari-Akbarpur Road,Road,EXECUTIVE ENGINEER N. H. DIVISION GAYA,17.06,APPROVED,2017-03-22,2018-02-01,2018-04-04,EDS Sought(State Government): 04/01/2018 Compliance Report: 22/03/2018 Stage-I : 01/02/2018 Stage-II: 04/04/2018,"visible in the PARIVESH 1.0 online list (2014 to mid-2022), not a census",https://forestsclearance.nic.in/Online_Status.aspx,2026-09-27
Bihar,FP/BR/ROAD/26383/2017,FP/BR/ROAD/26383/2017,Construction of Two Lane with paved Shoulder of Bhagalpur BYPASS From KM 124.175-KM 140.850 Length 16.675 KM of NH-80,Road,EXECUTIVE ENGINEER NH DIVISION BHAGALPUR,0.38,APPROVED,2017-05-25,2017-08-11,2018-04-06,Compliance Report: 22/03/2018 Stage-I : 11/08/2017 Stage-II: 06/04/2018,"visible in the PARIVESH 1.0 online list (2014 to mid-2022), not a census",https://forestsclearance.nic.in/Online_Status.aspx,2026-09-27
Bihar,FP/BR/ROAD/28585/2017,FP/BR/ROAD/28585/2017,Rehabilitation & Upgradation to 2 lane /2 lane with paved shoulder  from Birpur to Bihpur section of NH-106 in the State of Bihar,Road,PUBLIC WORK DEPARTMENT (NATIONAL HIGHWAY)PATNA BIHAR,25.731,APPROVED,2017-09-21,2020-04-06,2020-12-29,EDS Sought(State Government): 06/04/2020 Compliance Report: 13/11/2020 Stage-I : 06/04/2020 Stage-II: 29/12/2020,"visible in the PARIVESH 1.0 online list (2014 to mid-2022), not a census",https://forestsclearance.nic.in/Online_Status.aspx,2026-09-27
Bihar,FP/BR/ROAD/28636/2017,FP/BR/ROAD/28636/2017,Rehabilitation and Upgradation of Maheshkhunt- Saharsa-Purnea Section of  NH-107 in the state of Bihar on  EPC mode (Package-I & II (Km 00+000 to Km 177+960).,Road,NATIONAL HIGHWAY AUTHORITY OF INDIA PIU BEGUSARAI,163.826,APPROVED,2017-08-16,2018-06-15,2018-09-18,EDS Sought(State Government): 15/06/2018 Compliance Report: 27/09/2018 Stage-I : 15/06/2018 Stage-II: 18/09/2018,"visible in the PARIVESH 1.0 online list (2014 to mid-2022), not a census",https://forestsclearance.nic.in/Online_Status.aspx,2026-09-27
Bihar,FP/BR/ROAD/48921/2020,FP/BR/ROAD/48921/2020,"Four Lane with paved shoulder of Galgalia-Bahadurganj section of NH-327E design Chainage from Km. 0+000 to Km. 49+000 under Bharatmala Pariyojna, (Lot-7/Bihar/Package-1) in district of Kishanganj, Bihar",Road,National Highways Authority of India,152.19,APPROVED,2020-08-21,2021-11-08,2022-05-31,EDS Sought(State Government): 22/10/2021 Compliance Report: 18/02/2022 Stage-I : 08/11/2021 Stage-II: 31/05/2022 Copy of SIR uploaded by Regional Office on: 18 Aug 2021,"visible in the PARIVESH 1.0 online list (2014 to mid-2022), not a census",https://forestsclearance.nic.in/Online_Status.aspx,2026-09-27
Bihar,FP/BR/ROAD/48933/2020,FP/BR/ROAD/48933/2020,"Four Lane with paved shoulder of Bahadurganj-Araria section of NH-327Edesign Chainage from Km. 49+000 to Km. 94+000 under Bharatmala Pariyojna, (Lot-7/Bihar/Package-1) in Kishanganj & Araria, Bihar",Road,National Highways Authority of India,148.32,APPROVED,2020-08-21,2021-11-08,2022-05-31,EDS Sought(State Government): 22/10/2021 Compliance Report: 18/02/2022 Stage-I : 08/11/2021 Stage-II: 31/05/2022 Copy of SIR uploaded by Regional Office on: 18 Aug 2021,"visible in the PARIVESH 1.0 online list (2014 to mid-2022), not a census",https://forestsclearance.nic.in/Online_Status.aspx,2026-09-27
Bihar,FP/BR/SubStation/44175/2020,Van Bhumi 42/2020,Power Sub-station for makeup water system for BRBCL TPP at Nabinagar Aurangabad,Sub Station,BHARTIYA RAIL BIJLEE COMPANY LTD.,0.346,IN-PRINCIPLE,2020-01-24,2020-05-18,,Stage-I : 18/05/2020,"visible in the PARIVESH 1.0 online list (2014 to mid-2022), not a census",https://forestsclearance.nic.in/Online_Status.aspx,2026-09-27
Chhattisgarh,FP/CG/MIN/16237/2015,8-15/2021-FC,CHHAL OPENCAST SEAM III 6 MTY,Mining,SOUTH EASTERN COALFIELDS LIMITED,185.017,APPROVED,2015-12-04,2022-07-06,2024-01-29,EDS Compliance Reply(Secretary): 13/12/2023 Compliance Report: 29/11/2022 Stage-I : 06/07/2022 Stage-II: 29/01/2024 EDS(Addl. Info) : 11 Jun 2021 SIR Requested : 11 Jun 2021 SIR reminder : 13 Apr 2022 Brief Agenda : 02 Jun 2022 EDS after Stage-I : 14 Sep 2023 EDS after Stage-I : 22 Sep 2023 EDS(Addl. Info) : 16 Nov 2023 Requested SIR: 26 Apr 2022 Copy of SIR uploaded by Regional Office on: 09 May 2022,"visible in the PARIVESH 1.0 online list (2014 to mid-2022), not a census",https://forestsclearance.nic.in/Online_Status.aspx,2026-09-27
Chhattisgarh,FP/CG/MIN/39334/2019,8-15/2021-FC Vol.,CHHAL OPENCAST SEAM III 6 MTY,Mining,SOUTH EASTERN COALFIELDS LIMITED,55.85,APPROVED,2019-03-27,2022-07-06,2024-01-29,EDS Compliance Reply(Secretary): 13/12/2023 Compliance Report: 29/09/2023 Stage-I : 06/07/2022 Stage-II: 29/01/2024 EDS(Addl. Info) : 11 Jun 2021 SIR Requested : 11 Jun 2021 SIR reminder : 13 Apr 2022 Brief Agenda : 02 Jun 2022 EDS after Stage-I : 22 Sep 2023 EDS(Addl. Info) : 16 Nov 2023 Requested SIR: 26 Apr 2022 Copy of SIR uploaded by Regional Office on: 09 May 2022,"visible in the PARIVESH 1.0 online list (2014 to mid-2022), not a census",https://forestsclearance.nic.in/Online_Status.aspx,2026-09-27
Chhattisgarh,FP/CG/ROAD/12117/2015,F-5-40/2017/10-2,"Ambikapur to Pathalgaon,NH-78",Road,Public Works Department National Highway Zone Chhattisgarh,31.104,IN-PRINCIPLE,2015-05-11,2017-07-02,,Stage-I : 02/07/2017,"visible in the PARIVESH 1.0 online list (2014 to mid-2022), not a census",https://forestsclearance.nic.in/Online_Status.aspx,2026-09-27
Chhattisgarh,FP/CG/ROAD/122482/2021,FC-8/21/2023-IRO-RAIPUR,"Development of Economic Corridors Inter Corridors, Feeder Routes and National Corridors to improve the efficiency of freight movement in India under Bharatmala Pariyojana [Lot-3/Chhatishgarh /Package -1 (Urga – Pathalgaon Section of Raipur Dhanbad Economic Corridor)]",Road,National Highways Authority of India,169.0231,APPROVED,2021-07-26,2024-02-08,2025-03-31,EDS Compliance Reply(Secretary): 24/03/2025 Compliance Report: 12/06/2024 Stage-I : 08/02/2024 Stage-II: 31/03/2025 Corrigendum : 14 May 2024 Copy of SIR uploaded by Regional Office on: 21 Dec 2023,"visible in the PARIVESH 1.0 online list (2014 to mid-2022), not a census",https://forestsclearance.nic.in/Online_Status.aspx,2026-09-27
Chhattisgarh,FP/CG/ROAD/126719/2021,FC-II/IROCH-19/2023,Rehabilitation & Upgrading to 2/4 laning with paved shoulder Under corridor Scheme on EPC Basis of Keonchi to Ratanpur Section on NH-45(Ex.) in the State of Chhattisgarh.,Road,CHIEF ENGINEER PWD NH RAIPUR CG,28.811,APPROVED,2021-03-10,2023-03-24,2025-10-06,EDS Compliance Reply(Secretary): 04/09/2025 Compliance Report: 25/08/2025 Stage-I : 24/03/2023 Stage-II: 06/10/2025 EDS(Addl. Info) : 26 Apr 2024 Additional Stage-I : 30 Dec 2025,"visible in the PARIVESH 1.0 online list (2014 to mid-2022), not a census",https://forestsclearance.nic.in/Online_Status.aspx,2026-09-27
Chhattisgarh,FP/CG/ROAD/34338/2018,FC-III/IROCH-01/2021,"Chhattisgarh, Lot-3 (Bilaspur -Urga Section)",Road,NATIONAL HIGHWAY AUTHORITY OF INDIA PIU BILASPUR,47.552,APPROVED,2018-06-22,2021-02-15,2022-08-02,Compliance Report: 24/01/2024 Stage-I : 15/02/2021 Stage-II: 02/08/2022,"visible in the PARIVESH 1.0 online list (2014 to mid-2022), not a census",https://forestsclearance.nic.in/Online_Status.aspx,2026-09-27
Chhattisgarh,FP/CG/ROAD/37444/2018,FC-I/IROCH-09/2021,"National Highway Authority of India (NHAI) , proposed  Up-gradation of Champa-Korba-Chhuri-Katghora Section of NH-149B in the state of Chhattisgarh to two/ four lane with paved shoulder configuration, Package-I (0+00 to 38+150).",Road,NATIONAL HIGHWAY AUTHORITY OF INDIA PIU BILASPUR,4.493,APPROVED,2019-02-22,2022-01-03,2025-04-30,EDS Sought(State Government): 21/12/2021 Compliance Report: 23/12/2024 Stage-I : 03/01/2022 Stage-II: 30/04/2025 EDS(Addl. Info) : 09 Nov 2021,"visible in the PARIVESH 1.0 online list (2014 to mid-2022), not a census",https://forestsclearance.nic.in/Online_Status.aspx,2026-09-27
Chhattisgarh,FP/CG/ROAD/38519/2019,FC-III/CH-42/2019-NGP,Diversion of 83.6241 Ha Forest for Rehabilitation and Upgrading to 4- Lane with paved shoulders configuration of  Bilaspur- Katghora   Section of NH-111 in the State of Chhattisgarh Pkg.-II(Km. 53+300 to Km 92+500)-Pathrapali to Katghora,Road,NATIONAL HIGHWAY AUTHORITY OF INDIA PIU BILASPUR,83.6421,APPROVED,2019-02-13,2020-07-31,2024-04-09,EDS Compliance Reply(Secretary): 02/04/2024 Compliance Report: 22/11/2023 Stage-I : 31/07/2020 Stage-II: 09/04/2024,"visible in the PARIVESH 1.0 online list (2014 to mid-2022), not a census",https://forestsclearance.nic.in/Online_Status.aspx,2026-09-27
Delhi,FP/DL/RAIL/120077/2021,,"Proposed forest land to be diverted for proposed new 3rd & 4th line along with existing Railway Line between Tilak Bridge-Anand Vihar Station Project under Northern Railway in South Forest Division, Delhi",Railway,"NORTHERN RAILWAY,CONSTRUCTION",1.47,DELISTED (due to non-reply of EDS by UA within 90 days),2021-01-19,,,,"visible in the PARIVESH 1.0 online list (2014 to mid-2022), not a census",https://forestsclearance.nic.in/Online_Status.aspx,2026-09-27
Delhi,FP/DL/ROAD/142829/2021,8B-RAJ041/2022-JPR,Construction of 6 Lane access controlled Highway from DND Maharani Bagh to Junction with Jaitpur-Pushta Road Section of NH-148 NA in the NCR of Delhi (PKG – I) under Bharatmala Pariyojana,Road,"CMU, MATHURA, NHAI",0.35,APPROVED,2021-05-31,2022-07-26,2026-06-09,EDS Compliance Reply(Secretary): 21/05/2026 Compliance Report: 31/10/2025 Stage-I : 26/07/2022 Stage-II: 09/06/2026,"visible in the PARIVESH 1.0 online list (2014 to mid-2022), not a census",https://forestsclearance.nic.in/Online_Status.aspx,2026-09-27
Delhi,FP/DL/ROAD/154223/2022,8B/DLI044/2022-JPR,Construction of 6 Lane access controlled Highway from DND Maharani Bagh to Junction with Jaitpur-Pushta Road Section of NH-148 NA (Design Ch. 2+900 to 6+700) in the NCR of Delhi (PKG – I) under Bharat,Road,"CMU, MATHURA, NHAI",3.0955,Pending With-SG for verifying Compliance of Conditions,2022-04-07,2022-08-30,,EDS Compliance Reply(Secretary): 02/01/2026 Compliance Report: 31/10/2025 Stage-I : 30/08/2022,"visible in the PARIVESH 1.0 online list (2014 to mid-2022), not a census",https://forestsclearance.nic.in/Online_Status.aspx,2026-09-27
Delhi,FP/DL/ROAD/37292/2018,8B/DLI/06/02/2019/FC,"Construction and Development of Dwarka Expressway (NH-248BB) from Km 20, NH-8 (near Shiv Murti, Delhi) to Km 40,  NH-8 (near Village Khirki Dola, Gurugram) in the NCT of Delhi:- Package-1- Shiv Murti to Delhi/Haryana Border (Km 0.000 to Km 5.300)",Road,MINISTRY OF ROAD TRANSPORT & HIGHWAYS,10.0,IN-PRINCIPLE,2018-11-27,2019-06-19,,EDS Sought(State Government): 12/06/2019 Stage-I : 19/06/2019,"visible in the PARIVESH 1.0 online list (2014 to mid-2022), not a census",https://forestsclearance.nic.in/Online_Status.aspx,2026-09-27
Goa,FP/GA/ROAD/141103/2021,4-GOB1292/2021-BAN,Construction of Approach Road (Expressway) to Mopa Airport,Road,GOVERNMENT OF GOA,2.89,APPROVED,2021-04-15,2021-05-18,2021-11-03,EDS Compliance Reply(Secretary): 29/10/2021 Compliance Report: 11/08/2021 Stage-I : 18/05/2021 Stage-II: 03/11/2021 Monitoring Report: 27/04/2026,"visible in the PARIVESH 1.0 online list (2014 to mid-2022), not a census",https://forestsclearance.nic.in/Online_Status.aspx,2026-09-27
Goa,FP/GA/ROAD/42943/2019,No.4-GOB/1216-2019-BAN,Four Laning of existing NH-17(new NH-66) from Km 475.000 to Km 502.500 in the state of Goa under NHDP-III (Patradevi to Karaswada Section on NH-17),Road,PUBLIC WORKS DEPARTMENT,0.06,IN-PRINCIPLE,2019-11-20,2019-12-09,,EDS Compliance Reply(Secretary): 20/05/2025 Stage-I : 09/12/2019 SIR requested : 06 Aug 2025 Copy of SIR uploaded : 09 Sep 2025 Modification of cond : 11 Oct 2025,"visible in the PARIVESH 1.0 online list (2014 to mid-2022), not a census",https://forestsclearance.nic.in/Online_Status.aspx,2026-09-27
Gujarat,FP/GJ/IRRIG/10623/2015,6-GJC041/2017-BHO,"sardar sarovar narmadanigam, contraction dhrangadhra branch canal",Irrigation,SARDAR SAROVAR NARMADA NIGAM LTD,8.6779,IN-PRINCIPLE,2015-03-18,2017-12-29,,EDS Sought(State Government): 15/01/2018 Stage-I : 29/12/2017,"visible in the PARIVESH 1.0 online list (2014 to mid-2022), not a census",https://forestsclearance.nic.in/Online_Status.aspx,2026-09-27
Gujarat,FP/GJ/IRRIG/12321/2015,6-GJB017/2016-BHO,Sardar Sarovar Project Limbdi,Irrigation,SARDAR SAROVAR NARMADA NIGAM LIMBDI,0.2836,APPROVED,2015-04-30,2016-05-30,2017-05-02,Compliance Report: 08/07/2020 Stage-I : 30/05/2016 Stage-II: 02/05/2017,"visible in the PARIVESH 1.0 online list (2014 to mid-2022), not a census",https://forestsclearance.nic.in/Online_Status.aspx,2026-09-27
Gujarat,FP/GJ/IRRIG/12465/2015,6-GJB032/2017-BHO,Sardar Sarovar Branch Canal Division 4/1,Irrigation,SARDAR SAROVAR NARMADA NIGAM LIMITED LIMBDI,0.3271,APPROVED,2015-05-06,2017-10-16,2020-09-15,Compliance Report: 06/04/2018 Stage-I : 16/10/2017 Stage-II: 15/09/2020,"visible in the PARIVESH 1.0 online list (2014 to mid-2022), not a census",https://forestsclearance.nic.in/Online_Status.aspx,2026-09-27
Gujarat,FP/GJ/IRRIG/14141/2015,,,Irrigation,,0.2547,DELISTED (due to non-reply of EDS by UA within 90 days),2015-07-24,,,,"visible in the PARIVESH 1.0 online list (2014 to mid-2022), not a census",https://forestsclearance.nic.in/Online_Status.aspx,2026-09-27
Gujarat,FP/GJ/IRRIG/14657/2015,6-GJB038/2017-BHO,Sardar Sarovar Narmada Nigam LTD,Irrigation,SARDAR  SAROVAR NARMADA NIGAM IMITED,3.3588,IN-PRINCIPLE,2015-08-14,2018-03-21,,EDS Sought(State Government): 17/02/2018 Stage-I : 21/03/2018,"visible in the PARIVESH 1.0 online list (2014 to mid-2022), not a census",https://forestsclearance.nic.in/Online_Status.aspx,2026-09-27
Gujarat,FP/GJ/IRRIG/28996/2017,FCA-1017/8-09/17/SF-139/F,,Irrigation,,0.147825,APPROVED,2017-09-01,2017-10-25,2020-10-19,Compliance Report: 17/08/2020 Stage-I : 25/10/2017 Stage-II: 19/10/2020,"visible in the PARIVESH 1.0 online list (2014 to mid-2022), not a census",https://forestsclearance.nic.in/Online_Status.aspx,2026-09-27
Gujarat,FP/GJ/RAIL/48342/2020,,Proposal for forest clearance of 26 nos. trees cutting falling between Dabhoi to Sinor road in the alignment of Dabhoi-Chandod Gauge conversion with extension by new line upto Kevadiya.,Railway,DY.CHIEF ENGINEER (CONSTRUCTION-I),0.208,DELISTED (due to non-reply of EDS by UA within 90 days),2020-08-04,,,,"visible in the PARIVESH 1.0 online list (2014 to mid-2022), not a census",https://forestsclearance.nic.in/Online_Status.aspx,2026-09-27
Gujarat,FP/GJ/ROAD/133716/2021,FC-6/GJC-35/2022-GNR,Diversion of 46.6903 Ha of Notified Protected Forest in Patan District for widening of NH-68 Patan to Gojariya,Road,NATIONAL HIGHWAYS AUTHORITY OF INDIA PIU PALANPUR,46.6903,APPROVED,2021-03-15,2022-06-03,2024-05-20,EDS Compliance Reply(Secretary): 01/05/2024 Compliance Report: 09/08/2023 Stage-I : 03/06/2022 Stage-II: 20/05/2024,"visible in the PARIVESH 1.0 online list (2014 to mid-2022), not a census",https://forestsclearance.nic.in/Online_Status.aspx,2026-09-27
Gujarat,FP/GJ/ROAD/134637/2021,FC-6/GJC-34/2022-GNR,Diversion of 33.54565 Ha of Notified Protected Forest in Mehsana District for widening of NH-68 Patan to Gojariya,Road,NATIONAL HIGHWAYS AUTHORITY OF INDIA PIU PALANPUR,33.54565,APPROVED,2021-03-15,2022-06-03,2024-04-23,EDS Compliance Reply(Secretary): 19/04/2024 Compliance Report: 09/08/2023 Stage-I : 03/06/2022 Stage-II: 23/04/2024,"visible in the PARIVESH 1.0 online list (2014 to mid-2022), not a census",https://forestsclearance.nic.in/Online_Status.aspx,2026-09-27
Gujarat,FP/GJ/ROAD/142348/2021,FC-6/GJC-61/2022-GNR,Widening & Strengthening to four lane of Vav cross road (Ch. Km. 92/320) to Kheralu Cross road (Ch. Km. 115/320) section on NH 58 in the state of Gujarat (Area 46 ha.),Road,NH SUB DIVISION IDAR,46.0,APPROVED,2021-05-17,2022-10-30,2024-05-22,Compliance Report: 21/06/2023 Stage-I : 30/10/2022 Stage-II: 22/05/2024,"visible in the PARIVESH 1.0 online list (2014 to mid-2022), not a census",https://forestsclearance.nic.in/Online_Status.aspx,2026-09-27
Gujarat,FP/GJ/ROAD/154153/2022,FCA-1022-171-F,"Diversion of 0.9976 ha. Section-4 RF Land for Road Widening at Village Madhapar, Ta. Dhrol, Dist. Jamnagar on Dhrol-Bhadra-Patiya Section on NH-151A by National Highways Auhtority of India",Road,NHAI PIU RAJKOT,0.9976,APPROVED,2022-04-07,2022-10-21,2023-02-15,Compliance Report: 12/12/2022 Stage-I : 21/10/2022 Stage-II: 15/02/2023,"visible in the PARIVESH 1.0 online list (2014 to mid-2022), not a census",https://forestsclearance.nic.in/Online_Status.aspx,2026-09-27
Gujarat,FP/GJ/ROAD/155211/2022,FCA-1022-187-F,"Diversion of 0.28 ha. P.F. Land for widening on Vadali-Dhroi Road (NH-58) at Village Mahor, Ta. Vadali, Dist. Sabarkantha to connect proposed bridge over Sabarmati River near Dharoi Dam.",Road,NH SUB DIVISION IDAR,0.28,APPROVED,2022-05-12,2023-01-02,2023-10-10,Compliance Report: 04/07/2023 Stage-I : 02/01/2023 Stage-II: 10/10/2023,"visible in the PARIVESH 1.0 online list (2014 to mid-2022), not a census",https://forestsclearance.nic.in/Online_Status.aspx,2026-09-27
Gujarat,FP/GJ/ROAD/22303/2016,6-GJA0027/2018-BHO,2/4 laning of NH-341 from Junction with NH-41 at Nandgram to Dharamshala via Anjar and Bhuj in the State of Gujarat - Package I (Ch. 0+000 to 65+478),Road,NATIONAL HIGHWAYS AUTHORITY OF INDIA PIU GANDHIDHAM,107.9159,APPROVED,2016-11-14,2019-04-30,2020-02-14,EDS Sought(State Government): 07/03/2019 Compliance Report: 22/05/2019 Stage-I : 30/04/2019 Stage-II: 14/02/2020,"visible in the PARIVESH 1.0 online list (2014 to mid-2022), not a census",https://forestsclearance.nic.in/Online_Status.aspx,2026-09-27
Gujarat,FP/GJ/ROAD/23139/2016,6-GJA010/2018-BHO,Two/Four laning of Dhoraji-Jamkandorna-Kalavad section of NH-927D in the State of Gujarat.,Road,EXECUTIVE ENGINEER NATIONAL HIGHWAY DIVISION,68.7893,APPROVED,2017-01-03,2018-05-02,2021-09-15,EDS Sought(State Government): 23/04/2018 Compliance Report: 25/05/2021 Stage-I : 02/05/2018 Stage-II: 15/09/2021,"visible in the PARIVESH 1.0 online list (2014 to mid-2022), not a census",https://forestsclearance.nic.in/Online_Status.aspx,2026-09-27
Gujarat,FP/GJ/ROAD/23428/2017,6-GJC067/2018-BHO,upgradation to  Two/Four laning of Dhoraji-Jamkandorna-Kalavad section of NH-927D in the State of Gujarat,Road,EXECUTIVE ENGINEER NATIONAL HIGHWAY DIVISION,32.9717,APPROVED,2017-01-06,2019-01-22,2021-07-02,EDS Sought(State Government): 01/01/2019 Compliance Report: 25/05/2021 Stage-I : 22/01/2019 Stage-II: 02/07/2021,"visible in the PARIVESH 1.0 online list (2014 to mid-2022), not a census",https://forestsclearance.nic.in/Online_Status.aspx,2026-09-27
Gujarat,FP/GJ/ROAD/25954/2017,FC-6/GJA-83/2023-GNR,Rehabilitation and up-gradation of Mahuva- Savarkundla- Amreli- Bagasara-Jetpur section of NH-351 to two/four lane with paved shoulder configuration in the State of Gujarat,Road,EXECUTIVE ENGINEER NATIONAL HIGHWAY DIVISION,112.736,Pending at RO for Stage-II,2017-05-08,2023-12-21,,EDS Compliance Reply(Secretary): 01/09/2026 Compliance Report: 05/08/2026 Stage-I : 21/12/2023,"visible in the PARIVESH 1.0 online list (2014 to mid-2022), not a census",https://forestsclearance.nic.in/Online_Status.aspx,2026-09-27
Gujarat,FP/GJ/ROAD/33385/2018,6-GJC072/2018-BHO,Porbandar- Dwarka NH 8(E),Road,NATIONAL HIGHWAYS AUTHORITY OF INDIA PIU DWARKA,11.3078,APPROVED,2018-05-15,2019-01-29,2021-04-23,EDS Compliance Reply(Secretary): 19/03/2021 Compliance Report: 02/09/2019 Stage-I : 29/01/2019 Stage-II: 23/04/2021,"visible in the PARIVESH 1.0 online list (2014 to mid-2022), not a census",https://forestsclearance.nic.in/Online_Status.aspx,2026-09-27
Gujarat,FP/GJ/ROAD/34092/2018,,Porbandar - Dwarka section of NH-8E,Road,NATIONAL HIGHWAYS AUTHORITY OF INDIA PIU DWARKA,7.2609,DELISTED (due to non-reply of EDS by UA within 90 days),2018-06-08,,,,"visible in the PARIVESH 1.0 online list (2014 to mid-2022), not a census",https://forestsclearance.nic.in/Online_Status.aspx,2026-09-27
Gujarat,FP/GJ/ROAD/34425/2018,6-GJA005/2021-BHO,"Forest land diversion proposal (between km 13+500 to Km 130+073) of ""Proposed new NH-754K greenfield alignment Sanchore-Santalpur section (EC-3) starting from Vantdau in Banaskantha district to Ranmalpura in Patan district, from km 4+888 to km 130+073.",Road,NATIONAL HIGHWAYS AUTHORITY OF INDIA (NHAI),153.9968,APPROVED,2018-06-30,2021-02-08,2021-07-29,Compliance Report: 01/06/2021 Stage-I : 08/02/2021 Stage-II: 29/07/2021,"visible in the PARIVESH 1.0 online list (2014 to mid-2022), not a census",https://forestsclearance.nic.in/Online_Status.aspx,2026-09-27
Gujarat,FP/GJ/ROAD/39664/2019,6-GJC44/2019-BHO,Diversion of 10.2217 ha. of Forest Land for road widening(Four laning) of existing Pipli-Bhavnagar Section on NH-751 from village Adhelai (CH 136+000) to Nari Junction (CH KM 169+308) passing through B,Road,NHAI PIU AHMEDABAD,10.2217,APPROVED,2019-04-24,2020-04-17,2021-06-01,EDS Compliance Reply(Secretary): 25/05/2021 Compliance Report: 02/06/2020 Stage-I : 17/04/2020 Stage-II: 01/06/2021,"visible in the PARIVESH 1.0 online list (2014 to mid-2022), not a census",https://forestsclearance.nic.in/Online_Status.aspx,2026-09-27
Gujarat,FP/GJ/ROAD/44919/2020,,,Road,,23.22,DELISTED (due to non-reply of EDS by UA within 90 days),2020-03-05,,,,"visible in the PARIVESH 1.0 online list (2014 to mid-2022), not a census",https://forestsclearance.nic.in/Online_Status.aspx,2026-09-27
Gujarat,FP/GJ/ROAD/45072/2020,,,Road,,39.547,Pending at Nodal Officer,2020-03-14,,,,"visible in the PARIVESH 1.0 online list (2014 to mid-2022), not a census",https://forestsclearance.nic.in/Online_Status.aspx,2026-09-27
Gujarat,FP/GJ/ROAD/50927/2020,,,Road,,27.051,Pending at DFO/DCF,2020-10-13,,,,"visible in the PARIVESH 1.0 online list (2014 to mid-2022), not a census",https://forestsclearance.nic.in/Online_Status.aspx,2026-09-27
Himachal Pradesh,FP/HP/HYD/31019/2017,8-07/2021-FC,Sunni Dam Project,Hydel,SJVN LIMITED,397.8863,APPROVED,2017-12-27,2021-12-22,2022-08-23,EDS Compliance Reply(Secretary): 13/07/2022 Compliance Report: 13/06/2022 Stage-I : 22/12/2021 Stage-II: 23/08/2022 EDS(Addl. Info) : 10 Mar 2021 Corrigendum : 30 Jul 2021 Factsheet : 15 Sep 2021 EDS(Addl. Info) : 12 Oct 2021 Factsheet : 23 Nov 2021 EDS(Addl. Info) : 04 Mar 2023 brief agenda : 16 May 2023 EDS(Addl. Info) : 30 May 2023 Requested SIR: 26 Jul 2021 Copy of SIR uploaded by Regional Office on: 02 Sep 2021,"visible in the PARIVESH 1.0 online list (2014 to mid-2022), not a census",https://forestsclearance.nic.in/Online_Status.aspx,2026-09-27
Himachal Pradesh,FP/HP/ROAD/120302/2021,FC/HPB/06/13/2022,Proposal for Diversion of forest land measuring 2.4589 ha. in Village Kathali from R/D 127/450 to 128/250 for four laning of Solan-Kaitlighat section of NH-22 (Now NH-05) from Km. 106.139 to Km 129.05,Road,NATIONAL HIGHWAY AUTHORITY OF INDIA PIU SHIMLA,2.4589,APPROVED,2021-04-30,2022-07-07,2025-04-02,EDS Compliance Reply(Secretary): 18/02/2025 Compliance Report: 05/02/2025 Stage-I : 07/07/2022 Stage-II: 02/04/2025,"visible in the PARIVESH 1.0 online list (2014 to mid-2022), not a census",https://forestsclearance.nic.in/Online_Status.aspx,2026-09-27
Himachal Pradesh,FP/HP/ROAD/128591/2021,FC/HPC/06/08/2022,"Rehabilitation and Upgrading of Existing 2 lane to 4 lane from Bhangbar (Near Ranital) to Kangra Bypass Section of NH-88 (New NH-303 & 503) up to Intersection with NH-154 (Design Chainage - Km 175+270 to Km 193+400, Design Length - 18.130 Km) in the State of Himachal Pradesh under NH (O) on HAM Mode (Package-VB)",Road,National Highways Authority of India,29.9253,APPROVED,2021-03-11,2022-04-04,2022-06-07,EDS Compliance Reply(Secretary): 06/06/2022 Compliance Report: 12/05/2022 Stage-I : 04/04/2022 Stage-II: 07/06/2022,"visible in the PARIVESH 1.0 online list (2014 to mid-2022), not a census",https://forestsclearance.nic.in/Online_Status.aspx,2026-09-27
Himachal Pradesh,FP/HP/ROAD/141689/2021,FC/HPB/06/17/2022,Four lanning of Baddi Nalagarh Section of NH 21A from Km 17.500 to km 35.000 in the state of Himachal Pradesh,Road,NATIONAL HIGHWAY AUTHORITY OF INDIA PIU SHIMLA,0.5747,APPROVED,2021-05-05,2022-05-11,2022-11-22,EDS Compliance Reply(Secretary): 19/11/2022 Compliance Report: 29/09/2022 Stage-I : 11/05/2022 Stage-II: 22/11/2022,"visible in the PARIVESH 1.0 online list (2014 to mid-2022), not a census",https://forestsclearance.nic.in/Online_Status.aspx,2026-09-27
Himachal Pradesh,FP/HP/ROAD/145994/2021,FC/HPB/06/97/2022,Diversion of 0.9036 hectare Forest land (between R/D 117+350 to R/D 117+530 under village Srinagar and R/D 127+530 to R/D 127+680 under Village Katoh) Four laning of Solan-Kaithlighat of NH-22 (New NH-05) from km 106.139 to km 129.050 under NHDP Phase-III on EPC mode pattern in the State of Himachal Pradesh.,Road,NATIONAL HIGHWAY AUTHORITY OF INDIA PIU SHIMLA,0.9036,APPROVED,2021-08-27,2023-04-13,2023-09-27,EDS Sought(State Government): 06/04/2023 Compliance Report: 12/07/2023 Stage-I : 13/04/2023 Stage-II: 27/09/2023,"visible in the PARIVESH 1.0 online list (2014 to mid-2022), not a census",https://forestsclearance.nic.in/Online_Status.aspx,2026-09-27
Himachal Pradesh,FP/HP/ROAD/148886/2021,FC/HPB/06/153/2022,Two laning with paved shoulders from End of Hamirpur Bypass (Chil Bahal) to Bhangbar section via Jwalamukhi from km 138+295 to Km 175+270 (Package IV) of existing NH 88 (New NH-3 & 303),Road,National Highways Authority of India,2.1338,APPROVED,2021-10-29,2023-02-23,2025-03-23,EDS Sought(State Government): 16/02/2023 Compliance Report: 21/02/2025 Stage-I : 23/02/2023 Stage-II: 23/03/2025 EDS(Addl. Info) : 08 Dec 2022 EDS(Addl. Info) : 17 Jan 2023,"visible in the PARIVESH 1.0 online list (2014 to mid-2022), not a census",https://forestsclearance.nic.in/Online_Status.aspx,2026-09-27
Himachal Pradesh,FP/HP/ROAD/151932/2022,FC/HPB/48/2023,"Construction of New 2 Lane with Paved Shoulder of Hamirpur Bypass of NH-88 (New NH-103 & 3 ) (Design Chainage-Km.121+175 to Km.138+295, Design Length-17.120 Km)  in the State of Himachal Pradesh",Road,National Highways Authority of India,12.8537,APPROVED,2022-02-02,2023-08-03,2026-02-19,EDS Compliance Reply(Secretary): 04/02/2026 Compliance Report: 01/08/2025 Stage-I : 03/08/2023 Stage-II: 19/02/2026 EDS(Addl. Info) : 21 Jun 2023,"visible in the PARIVESH 1.0 online list (2014 to mid-2022), not a census",https://forestsclearance.nic.in/Online_Status.aspx,2026-09-27
Himachal Pradesh,FP/HP/ROAD/152261/2022,FC/HPC/06/155/2022,Diversion of 7.2834 Ha. Forest land for Rehabilitation and Upgradation to Four Lane configuration & Strengthening of Sihuni to Rajol from Km 51.00 to Km 72.00 (Package IIA) (Design Length 18.450 km) of NH-20 (New NH-154) of Pathankot-Mandi Section in the state of Himachal Pradesh.,Road,"NATIONAL HIGHWAY AUTHORITY OF INDIA, PIU-PALAMPUR",7.2834,APPROVED,2022-07-15,2023-04-05,2025-04-01,EDS Compliance Reply(Secretary): 20/03/2025 Compliance Report: 17/03/2025 Stage-I : 05/04/2023 Stage-II: 01/04/2025,"visible in the PARIVESH 1.0 online list (2014 to mid-2022), not a census",https://forestsclearance.nic.in/Online_Status.aspx,2026-09-27
Himachal Pradesh,FP/HP/ROAD/154466/2022,FC/HPC/79/2023,Diversion of 19.5896 Ha. Forest land for Rehabilitation and Upgradation to Two lane with paved shoulder configuration & Strengthening of Padhar to  Bijni (Package-VA) from Km 180.00 to Km 202.815 (Design Length 19.050 km) of NH-20 (New NH-154) of Pathankot-Mandi Section in the state of Himachal Pradesh.,Road,"NATIONAL HIGHWAY AUTHORITY OF INDIA, PIU-PALAMPUR",19.5896,APPROVED,2022-07-05,2023-12-22,2025-02-04,EDS Compliance Reply(Secretary): 30/01/2025 Compliance Report: 27/01/2025 Stage-I : 22/12/2023 Stage-II: 04/02/2025 EDS(Addl. Info) : 26 Jun 2023,"visible in the PARIVESH 1.0 online list (2014 to mid-2022), not a census",https://forestsclearance.nic.in/Online_Status.aspx,2026-09-27
Himachal Pradesh,FP/HP/ROAD/156128/2022,FC/HPC/06/16/2024,"Rehabilitation and Upgrading of Existing Road to 4 Lane with Paved Shoulder from Kolaka to Nauni Chowk (Kolaka to Dareota Village-Pkg IIA, Dareota Village to Daseharan Village-Pkg IIB & Daseharan Village to Nauni Chowk-Pkg IIC) of NH 205 [Design Chainage – Km 28+800 to Km 58+450, Design Length – 29.65 Km] in the State of Himachal Pradesh",Road,National Highways Authority of India,33.8599,IN-PRINCIPLE,2022-06-01,2025-03-19,,EDS Sought(State Government): 17/02/2025 Stage-I : 19/03/2025,"visible in the PARIVESH 1.0 online list (2014 to mid-2022), not a census",https://forestsclearance.nic.in/Online_Status.aspx,2026-09-27
Himachal Pradesh,FP/HP/ROAD/21585/2016,8B/HP/06/26/2017/FC,Four Laning of Ner Chowk - Bajaura  (From Km. 190 to Km. 248.300) section of NH-21 under NHDP-IVB in the state of Himachal Pradesh,Road,NHAI,111.9979,APPROVED,2016-09-27,2017-09-07,2017-11-13,EDS Sought(State Government): 31/08/2017 Compliance Report: 25/09/2017 Stage-I : 07/09/2017 Stage-II: 13/11/2017,"visible in the PARIVESH 1.0 online list (2014 to mid-2022), not a census",https://forestsclearance.nic.in/Online_Status.aspx,2026-09-27
Himachal Pradesh,FP/HP/ROAD/35837/2018,8B/HP/06/63/2018/FC,Additional Land for the disposal of Muck/Debris generated in Four laning of Parwanoo- Solan Section of NH 22 (New NH 05) from Km 67.000 to km 106.139,Road,NATIONAL HIGHWAY AUTHORITY OF INDIA PIU SHIMLA,15.1526,APPROVED,2018-09-10,2018-11-13,2022-05-19,EDS Compliance Reply(Secretary): 13/05/2022 Compliance Report: 07/05/2022 Stage-I : 13/11/2018 Stage-II: 19/05/2022,"visible in the PARIVESH 1.0 online list (2014 to mid-2022), not a census",https://forestsclearance.nic.in/Online_Status.aspx,2026-09-27
Himachal Pradesh,FP/HP/ROAD/37748/2018,FC/HPC/06/35/2021,Diversion of 50.9830 Ha. Forest land for Rehabilitation and Upgradation to Four Lane configuration & Strengthening of Punjab/HP Border to Sihuni from Km 11.00 to Km 51.00 (Design Length 37.030) of NH-20 (New NH-154) of Pathankot-Mandi Section in the state of Himachal Pradesh,Road,"NATIONAL HIGHWAY AUTHORITY OF INDIA, PIU-PALAMPUR",50.983,APPROVED,2019-02-14,2021-12-13,2022-02-11,EDS Sought(State Government): 09/12/2021 Compliance Report: 31/01/2022 Stage-I : 13/12/2021 Stage-II: 11/02/2022,"visible in the PARIVESH 1.0 online list (2014 to mid-2022), not a census",https://forestsclearance.nic.in/Online_Status.aspx,2026-09-27
Himachal Pradesh,FP/HP/ROAD/42461/2019,8B/HP/06/22/2020/FC,"Diversion of (4.98 Hect.) Forest land required for Disposal of Muck/Debris generated in already approved FCA Case  for C/O Four laning of Pandoh Bypass to Takoli section of NH-21 from Km 221.305 to Km 242.000 (21 Km approx.) in favor of NHAI, PIU Mandi (H.P.)",Road,NHAI,4.98,APPROVED,2019-10-12,2020-06-04,2020-07-16,EDS Sought(State Government): 28/05/2020 Compliance Report: 10/07/2020 Stage-I : 04/06/2020 Stage-II: 16/07/2020,"visible in the PARIVESH 1.0 online list (2014 to mid-2022), not a census",https://forestsclearance.nic.in/Online_Status.aspx,2026-09-27
Himachal Pradesh,FP/HP/ROAD/45384/2020,8B/HP/06/73/2020/FC,Proposal for Diversion Additional Forest land of 1.0987 Hact for Four Laning of Solan to Kaithlighat section of NH-22 (now NH-05) at RD KM112.000,Road,NATIONAL HIGHWAY AUTHORITY OF INDIA PIU SHIMLA,1.0987,APPROVED,2020-05-12,2020-08-31,2021-03-30,Compliance Report: 16/12/2020 Stage-I : 31/08/2020 Stage-II: 30/03/2021,"visible in the PARIVESH 1.0 online list (2014 to mid-2022), not a census",https://forestsclearance.nic.in/Online_Status.aspx,2026-09-27
Himachal Pradesh,FP/HP/ROAD/48593/2020,8B/HP/06/43/2021/FC,"Diversion of (2.97 hect.) Additional forest land required for Tunnel Portal, Underground, Curves Improvement, Switch Yard, Portal Sub Station & Transformer area in already approved FCA case for c/o four lanning of Pandoh Bypass to Takoli section of NH-21 from Km 221.305 to Km 242.000. in favor of NHAI, PIU Mandi (H.P.)",Road,NHAI,2.97,APPROVED,2020-10-05,2021-09-27,2022-03-10,EDS Compliance Reply(Secretary): 08/03/2022 Compliance Report: 07/03/2022 Stage-I : 27/09/2021 Stage-II: 10/03/2022,"visible in the PARIVESH 1.0 online list (2014 to mid-2022), not a census",https://forestsclearance.nic.in/Online_Status.aspx,2026-09-27
Haryana,FP/HR/RAIL/14973/2015,5132,Rohtak Bhiwani Rail Line,Railway,Indian Railway Welfare Organization,0.2085,APPROVED,2015-08-28,2016-02-04,2016-04-21,Compliance Report: 16/03/2016 Stage-I : 04/02/2016 Stage-II: 21/04/2016,"visible in the PARIVESH 1.0 online list (2014 to mid-2022), not a census",https://forestsclearance.nic.in/Online_Status.aspx,2026-09-27
Haryana,FP/HR/RAIL/14987/2015,5153,,Railway,,0.1715,IN-PRINCIPLE,2015-08-28,2016-02-11,,Stage-I : 11/02/2016,"visible in the PARIVESH 1.0 online list (2014 to mid-2022), not a census",https://forestsclearance.nic.in/Online_Status.aspx,2026-09-27
Haryana,FP/HR/RAIL/154976/2022,9-HRB131-2022-CHA,Rohtak to Hansi via Meham new railway line project,Railway,DEPUTY CHIEF ELECTRICAL ENGINEER CONSTRUCTION SHIVAJI BRIDGE,0.1664,APPROVED,2022-05-11,2022-10-04,2023-01-14,EDS Sought(State Government): 22/09/2022 Compliance Report: 13/12/2022 Stage-I : 04/10/2022 Stage-II: 14/01/2023 EDS(Addl. Info) : 13 Jul 2022,"visible in the PARIVESH 1.0 online list (2014 to mid-2022), not a census",https://forestsclearance.nic.in/Online_Status.aspx,2026-09-27
Haryana,FP/HR/RAIL/29117/2017,9-HRB029-2018-CHA,Construction of New Line connection between Rohtak-Meham-Hansi,Railway,DEPUTY CHIEF ENGINEER CONSTRUCTION TILAK BRIDGE,0.4549,IN-PRINCIPLE,2017-09-24,2018-02-19,,Stage-I : 19/02/2018,"visible in the PARIVESH 1.0 online list (2014 to mid-2022), not a census",https://forestsclearance.nic.in/Online_Status.aspx,2026-09-27
Haryana,FP/HR/ROAD/12513/2015,9-HRB081-2015-CHA,Six Laning of NH-1 from Panipat to Jalandhar,Road,National Highways Authority of India,1.622,APPROVED,2015-05-09,2015-10-27,2019-02-18,EDS Sought(State Government): 21/10/2015 Compliance Report: 16/01/2019 Stage-I : 27/10/2015 Stage-II: 18/02/2019,"visible in the PARIVESH 1.0 online list (2014 to mid-2022), not a census",https://forestsclearance.nic.in/Online_Status.aspx,2026-09-27
Haryana,FP/HR/ROAD/152807/2022,9-HRC080-2023-CHA,Upgradation of 4 -Lane with Paved shoulder of Bhiwani - Bawani khera - Hansi road section of NH 148B Under Bharatmala Pariyojana in the State of Haryana on EPC Mode.,Road,National Highways Authority of India,25.7694,APPROVED,2022-02-25,2023-10-12,2024-01-08,EDS Sought(State Government): 11/09/2023 Compliance Report: 20/12/2023 Stage-I : 12/10/2023 Stage-II: 08/01/2024 EDS(Addl. Info) : 13 Apr 2023 EDS(Addl. Info) : 30 Jun 2023 EDS(Addl. Info) : 03 Aug 2023,"visible in the PARIVESH 1.0 online list (2014 to mid-2022), not a census",https://forestsclearance.nic.in/Online_Status.aspx,2026-09-27
Haryana,FP/HR/ROAD/17398/2016,9-HRB100-2016-CHA,Up-gradation to 4-Laning of Kaithal – Haryana/Rajasthan Border Section of NH-65/152,Road,NATIONAL HIGHWAY AUTHORITY OF INDIA,2.832,APPROVED,2016-05-13,2016-08-29,2016-12-05,EDS Sought(State Government): 17/08/2016 Compliance Report: 11/12/2017 Stage-I : 29/08/2016 Stage-II: 05/12/2016,"visible in the PARIVESH 1.0 online list (2014 to mid-2022), not a census",https://forestsclearance.nic.in/Online_Status.aspx,2026-09-27
Haryana,FP/HR/ROAD/18568/2016,9-HRB078-2016-CHA,Diversion of forest land for the const. of Four laning of Hisar to Dabwali Road NH No.10 Km.170 to 314.656 in Sirsa Distt.,Road,NHAI,0.444,APPROVED,2016-03-18,2016-11-11,2017-03-10,EDS Sought(State Government): 02/11/2016 Compliance Report: 11/12/2017 Stage-I : 11/11/2016 Stage-II: 10/03/2017,"visible in the PARIVESH 1.0 online list (2014 to mid-2022), not a census",https://forestsclearance.nic.in/Online_Status.aspx,2026-09-27
Haryana,FP/HR/ROAD/21222/2016,9-HRB174-2016-CHA,Four-laning of Ambala Kiathal section of NH-65 from km. 50.860 (Pehowa) to Km. 95.360 (Kaithal) with paved shoulder in the State of Haryana under NHDP Phase-III on EPC Basis(Pkg-II),Road,NHAI PIU AMBALA,0.35,APPROVED,2016-09-01,2017-05-12,2017-12-22,EDS Sought(State Government): 11/04/2017 Compliance Report: 14/07/2017 Stage-I : 12/05/2017 Stage-II: 22/12/2017,"visible in the PARIVESH 1.0 online list (2014 to mid-2022), not a census",https://forestsclearance.nic.in/Online_Status.aspx,2026-09-27
Haryana,FP/HR/ROAD/21228/2016,9-HRB196-2016-CHA,Four-laning of Ambala-Kaithal Section of Nh-65 from km. 50.860 (Pehowa) t Km. 95.360 (Kaithal) with paved shoulder in the state of Haryana under NHDP Phase-III,Road,NHAI PIU AMBALA,0.603,APPROVED,2016-09-01,2017-04-18,2016-06-13,EDS Sought(State Government): 30/03/2017 Compliance Report: 30/05/2017 Stage-I : 18/04/2017 Stage-II: 13/06/2016,"visible in the PARIVESH 1.0 online list (2014 to mid-2022), not a census",https://forestsclearance.nic.in/Online_Status.aspx,2026-09-27
Haryana,FP/HR/ROAD/31508/2018,9-HRB142-2018-CHA,Four Laning for Ambala - kaithal Section-1 of NH-65 in  State Haryana,Road,NHAI PIU I AMBALA HARYANA,2.13,APPROVED,2018-01-24,2018-08-31,2020-07-30,EDS Sought(State Government): 23/08/2018 Compliance Report: 13/09/2018 Stage-I : 31/08/2018 Stage-II: 30/07/2020,"visible in the PARIVESH 1.0 online list (2014 to mid-2022), not a census",https://forestsclearance.nic.in/Online_Status.aspx,2026-09-27
Haryana,FP/HR/ROAD/32807/2018,9-HRC127-2018-CHA,Rehabilitation and up-gradation to 2-lane with paved shoulder for Bhiwani-Mundal-Jind Road from Design Chainage Km 6+875 to Km 68+857 of NH-709A in the State of Haryana under NH (O) on EPC Mode (Package-I) - Bhiwani District,Road,NATIONAL HIGHWAYS AUTHORITY OF INDIA PIU ROHTAK,8.724,APPROVED,2018-03-28,2018-09-27,2019-01-09,EDS Sought(State Government): 20/09/2018 Compliance Report: 12/11/2018 Stage-I : 27/09/2018 Stage-II: 09/01/2019,"visible in the PARIVESH 1.0 online list (2014 to mid-2022), not a census",https://forestsclearance.nic.in/Online_Status.aspx,2026-09-27
Haryana,FP/HR/ROAD/32814/2018,9-HRC126-2018-CHA,Rehabilitation and up-gradation to 2-lane with paved shoulder for Bhiwani-Mundal-Jind Road from Design Chainage Km 6+875 to Km 68+857 of NH-709A in the State of Haryana under NH (O) on EPC Mode (Package-I) - Hisar District,Road,NATIONAL HIGHWAYS AUTHORITY OF INDIA PIU ROHTAK,8.21,APPROVED,2018-03-28,2018-09-17,2019-03-25,EDS Sought(State Government): 12/09/2018 Compliance Report: 04/10/2018 Stage-I : 17/09/2018 Stage-II: 25/03/2019,"visible in the PARIVESH 1.0 online list (2014 to mid-2022), not a census",https://forestsclearance.nic.in/Online_Status.aspx,2026-09-27
Haryana,FP/HR/ROAD/32815/2018,9-HRC124-2018-CHA,Rehabilitation and up-gradation to 2-lane with paved shoulder for Bhiwani-Mundal-Jind Road from Design Chainage Km 6+875 to Km 68+857 of NH-709A in the State of Haryana under NH (O) on EPC Mode (Package-I) - Jind District,Road,NATIONAL HIGHWAYS AUTHORITY OF INDIA PIU ROHTAK,14.419,APPROVED,2018-03-28,2018-09-14,2018-11-01,EDS Sought(State Government): 27/08/2018 Compliance Report: 26/09/2018 Stage-I : 14/09/2018 Stage-II: 01/11/2018,"visible in the PARIVESH 1.0 online list (2014 to mid-2022), not a census",https://forestsclearance.nic.in/Online_Status.aspx,2026-09-27
Haryana,FP/HR/ROAD/39598/2019,9-HRC101-2019-CHA,CONSTRUCTION OF PROPOSED  REWARI BYPASS ( DESIGN LENGTH - 14.400 KMS) AS A FEEDER ROUTE IN THE STATE OF HARYANA. PKG-4,Road,NATIONAL HIGHWAY AUTHORITY OF INDIA PIU REWARI,7.0759,APPROVED,2019-03-30,2020-02-07,2020-05-04,EDS Sought(State Government): 27/01/2020 Compliance Report: 24/02/2020 Stage-I : 07/02/2020 Stage-II: 04/05/2020,"visible in the PARIVESH 1.0 online list (2014 to mid-2022), not a census",https://forestsclearance.nic.in/Online_Status.aspx,2026-09-27
Haryana,FP/HR/ROAD/45506/2020,9-HRC153-2021-CHA,4/6 Lane of Gurgaon-Pataudi-Rewari Section of NH-352W in the State of Haryana,Road,NATIONAL HIGHWAY AUTHORITY OF INDIA PIU REWARI,47.0919,APPROVED,2020-05-26,2021-10-27,2022-01-28,EDS Sought(State Government): 22/10/2021 Compliance Report: 07/12/2021 Stage-I : 27/10/2021 Stage-II: 28/01/2022,"visible in the PARIVESH 1.0 online list (2014 to mid-2022), not a census",https://forestsclearance.nic.in/Online_Status.aspx,2026-09-27
Haryana,FP/HR/ROAD/7906/2014,9-HRB012-2015-CHA,Four Laning of Rohtak to Hissar section of NH-10(from Km. 87+000 to Km. 170+000) including connecting link from Km. 87+000(Nh-10) to Km. 348+000(NH-71) to be executed as BOT (Toll) Project on DBFOT Pattern under NHDP Phase III in the State of Haryana,Road,National Highways Authority of India,0.773,APPROVED,2014-11-05,2015-02-26,2015-10-07,Compliance Report: 11/12/2017 Stage-I : 26/02/2015 Stage-II: 07/10/2015,"visible in the PARIVESH 1.0 online list (2014 to mid-2022), not a census",https://forestsclearance.nic.in/Online_Status.aspx,2026-09-27
Haryana,FP/HR/ROAD/7913/2014,9-HRB015-2015-CHA,Four Laning of Rohtak to Hissar section of NH-10(from Km. 87+000 to Km. 170+000) including connecting link from Km. 87+000(Nh-10) to Km. 348+000(NH-71) to be executed as BOT (Toll) Project on DBFOT Pattern under NHDP Phase III in the State of Haryana,Road,National Highways Authority of India,4.985,APPROVED,2014-11-05,2015-06-26,2015-10-15,EDS Sought(State Government): 06/10/2015 Compliance Report: 11/12/2017 Stage-I : 26/06/2015 Stage-II: 15/10/2015,"visible in the PARIVESH 1.0 online list (2014 to mid-2022), not a census",https://forestsclearance.nic.in/Online_Status.aspx,2026-09-27
Haryana,FP/HR/ROAD/7932/2014,9-HRC011-2015-CHA,Four Laning of Rohtak to Hissar section of NH-10(from Km. 87+000 to Km. 170+000) including connecting link from Km. 87+000(Nh-10) to Km. 348+000(NH-71) to be executed as BOT (Toll) Project on DBFOT Pattern under NHDP Phase III in the State of Haryana,Road,National Highways Authority of India,15.18,APPROVED,2014-11-07,2015-06-09,2015-08-07,EDS Sought(State Government): 17/07/2015 Compliance Report: 11/12/2017 Stage-I : 09/06/2015 Stage-II: 07/08/2015,"visible in the PARIVESH 1.0 online list (2014 to mid-2022), not a census",https://forestsclearance.nic.in/Online_Status.aspx,2026-09-27
Jharkhand,FP/JH/MIN/13371/2015,8-61/2018-FC,Purnadih OCP,Mining,CENTRAL COALFIELDS LIMITED,323.49,IN-PRINCIPLE,2015-06-22,2023-01-17,,EDS Sought(State Government): 18/08/2022 Compliance Report: 02/09/2026 Stage-I : 17/01/2023 SIR Reminder : 08 Jan 2019 Factsheet : 26 Jul 2019 Factsheet : 26 Jul 2019 EDS(Addl. Info) : 22 Aug 2019 EDS(Addl. Info) : 22 Aug 2019 MoM  : 09 Jun 2020 Reminder : 09 Jun 2020 EDS(Addl. Info) : 05 Apr 2021 Reminder-II : 26 Oct 2021 Requested SIR: 14 Sep 2018 Copy of SIR uploaded by Regional Office on: 08 Jul 2019,"visible in the PARIVESH 1.0 online list (2014 to mid-2022), not a census",https://forestsclearance.nic.in/Online_Status.aspx,2026-09-27
Jharkhand,FP/JH/MIN/140599/2021,8-24/2023-FC,,Mining,,699.38,APPROVED,2021-04-09,2024-05-27,2025-04-23,EDS Sought(State Government): 26/02/2024 Compliance Report: 10/03/2025 Stage-I : 27/05/2024 Stage-II: 23/04/2025 EDS(Addl. Info) : 22 Sep 2023 SIR requested : 22 Sep 2022 Copy of SIR uploaded : 08 Feb 2024,"visible in the PARIVESH 1.0 online list (2014 to mid-2022), not a census",https://forestsclearance.nic.in/Online_Status.aspx,2026-09-27
Jharkhand,FP/JH/MIN/149394/2021,,Pundi OCP,Mining,CCL KUJU AREA,493.84,DELISTED (due to non-reply of EDS by UA within 90 days),2022-01-13,,,,"visible in the PARIVESH 1.0 online list (2014 to mid-2022), not a census",https://forestsclearance.nic.in/Online_Status.aspx,2026-09-27
Jharkhand,FP/JH/MIN/150657/2021,,Chitra East OCP,Mining,EASTERN COAL FIELD LTD,113.94,Pending With UA,2022-01-07,,,,"visible in the PARIVESH 1.0 online list (2014 to mid-2022), not a census",https://forestsclearance.nic.in/Online_Status.aspx,2026-09-27
Jharkhand,FP/JH/MIN/17211/2015,8-48/2008-FC Vol.,Amrapali OCP,Mining,CENTRAL COALFIELDS LIMITED,431.59,APPROVED,2015-12-26,2023-12-21,2025-05-01,EDS Sought(State Government): 20/10/2023 Compliance Report: 17/01/2025 Stage-I : 21/12/2023 Stage-II: 01/05/2025 SIR request : 05 Jul 2022 SIR received : 10 Apr 2023 EDS after Stage-I : 14 Aug 2024,"visible in the PARIVESH 1.0 online list (2014 to mid-2022), not a census",https://forestsclearance.nic.in/Online_Status.aspx,2026-09-27
Jharkhand,FP/JH/MIN/38247/2019,8-08/2022-FC,Kotre Basantpur Pachmo OCP,Mining,Central Coalfields Limited,633.19,APPROVED,2019-01-22,2023-02-27,2024-03-14,EDS Compliance Reply(Secretary): 13/02/2024 Compliance Report: 21/12/2023 Stage-I : 27/02/2023 Stage-II: 14/03/2024 EDS(Addl. Info) : 22 Jun 2022 brief agenda : 14 Oct 2022 brief agenda : 04 Nov 2022 SIR Request : 23 Jan 2023 Brief Factsheet : 25 Jan 2023 Stage-I : 27 Feb 2023 EDS after Stage-I : 13 Dec 2023,"visible in the PARIVESH 1.0 online list (2014 to mid-2022), not a census",https://forestsclearance.nic.in/Online_Status.aspx,2026-09-27
Jharkhand,FP/JH/MIN/39338/2019,8-08/2022-FC Vol.,Kotre Basantpur Pachmo OCP (372.98 Ha),Mining,Central Coalfields Limited,372.98,APPROVED,2019-03-18,2023-02-27,2024-03-14,EDS Compliance Reply(Secretary): 13/02/2024 Compliance Report: 21/12/2023 Stage-I : 27/02/2023 Stage-II: 14/03/2024 SIR request : 22 Jun 2022 brief agenda : 14 Oct 2022 brief agenda : 04 Nov 2022 SIR request : 23 Jan 2023 Brief Factsheet : 25 Jan 2023 Stage-I : 27 Feb 2023 EDS after Stage-I : 13 Dec 2023,"visible in the PARIVESH 1.0 online list (2014 to mid-2022), not a census",https://forestsclearance.nic.in/Online_Status.aspx,2026-09-27
Jharkhand,FP/JH/MIN/44804/2020,8-08/2025-FC,Muraidih Colliery,Mining,BHARAT COKING COAL LIMITED,133.69,Pending With UA,2020-03-09,,,EDS Sought(State Government): 13/07/2026 EDS(Addl. Info) : 08 Oct 2025 SIR RO Ranchi : 02 Feb 2026 SIR requested : 08 Oct 2025 EDS(Addl. Info) : 05 Aug 2026,"visible in the PARIVESH 1.0 online list (2014 to mid-2022), not a census",https://forestsclearance.nic.in/Online_Status.aspx,2026-09-27
Jharkhand,FP/JH/ROAD/146786/2021,FP/JH/ROAD/146786/2021,Construction of bypass around Chatra town on NH-22 (Old NH-99) in the state of Jharkhand under EPC Mode,Road,EXECUTIVE ENGINEER NH DIVISION HAZARIBAG,64.0849,Pending With-SG for verifying Compliance of Conditions,2021-09-04,2025-05-21,,EDS Sought(State Government): 26/03/2025 Compliance Report: 07/11/2025 Stage-I : 21/05/2025,"visible in the PARIVESH 1.0 online list (2014 to mid-2022), not a census",https://forestsclearance.nic.in/Online_Status.aspx,2026-09-27
Jharkhand,FP/JH/ROAD/148629/2021,,Up-gradation of Package -I (Existing km 0+000 to 45+000 & Design Km 0+000 to 42+250) Hatgamharia Jagannathpur - Baraiburu- saddle - Manoharpur -Anandpur - Bano - Kolebira Road (New NH-320G) in the state of Jharkhand to 2/4 lane with paved shoulder configuration”.,Road,NH DIVISION CHAIBASA,3.632206,Pending with UA,2021-12-17,,,,"visible in the PARIVESH 1.0 online list (2014 to mid-2022), not a census",https://forestsclearance.nic.in/Online_Status.aspx,2026-09-27
Jharkhand,FP/JH/ROAD/16883/2015,FP/JH/ROAD/16883/2015,4-laning of Barhi-Koderma section (km 0.0 to km 27.665) of NH-31,Road,NATIONAL HIGHWAYS AUTHORITY OF INDIA PIU RANCHI,12.362,APPROVED,2015-12-07,2018-09-27,2020-08-04,Compliance Report: 13/07/2020 Stage-I : 27/09/2018 Stage-II: 04/08/2020,"visible in the PARIVESH 1.0 online list (2014 to mid-2022), not a census",https://forestsclearance.nic.in/Online_Status.aspx,2026-09-27
Jharkhand,FP/JH/ROAD/18233/2016,,Construction of Deoghar Bypass Road,Road,ROAD CONSTRUCTION DEPARTMENT ROAD DIVISION DEOGHAR,6.3,DELISTED (due to non-reply of EDS by UA within 90 days),2016-02-29,,,,"visible in the PARIVESH 1.0 online list (2014 to mid-2022), not a census",https://forestsclearance.nic.in/Online_Status.aspx,2026-09-27
Jharkhand,FP/JH/ROAD/35395/2018,FP/JH/Road/35395/2018,NH-75 Sec. IV Rehla/Garhwa Bypass,Road,National Highways Authority of India,4.2735,APPROVED,2018-08-29,2019-09-27,2021-10-07,Compliance Report: 16/04/2021 Stage-I : 27/09/2019 Stage-II: 07/10/2021,"visible in the PARIVESH 1.0 online list (2014 to mid-2022), not a census",https://forestsclearance.nic.in/Online_Status.aspx,2026-09-27
Jharkhand,FP/JH/ROAD/38065/2019,FP/JH/ROAD/38065/2019,BALANCE WORK OF 4/6 LANNING OF RANCHI-RARGAON SECTION OF NH-33 FROM KM113.730 TO KM140.00 IN THE STATE OF JHARKHAND UNDER NHDP-III ON EPC (ITEM RATE CONTRACT) PACKAGE-I.,Road,NATIONAL HIGHWAYS AUTHORITY OF INDIA PIU RANCHI,2.301,APPROVED,2019-01-07,2020-01-22,2021-12-13,Compliance Report: 14/09/2020 Stage-I : 22/01/2020 Stage-II: 13/12/2021,"visible in the PARIVESH 1.0 online list (2014 to mid-2022), not a census",https://forestsclearance.nic.in/Online_Status.aspx,2026-09-27
Jharkhand,FP/JH/ROAD/47626/2020,FP/JH/ROAD/47626/2020,Four laning of NH-23 Starting from Palma village( Design km.26.00/Existing km.26.00) to Gumla Bypass (design Km 89.170/Existing Km 88.600) Design Length 63.170 km) in the state of Jharkhand,Road,NATIONAL HIGHWAYS AUTHORITY OF INDIA PIU RANCHI,7.8755,APPROVED,2020-07-16,2021-12-28,2023-11-03,EDS Sought(State Government): 08/12/2021 Compliance Report: 17/04/2023 Stage-I : 28/12/2021 Stage-II: 03/11/2023,"visible in the PARIVESH 1.0 online list (2014 to mid-2022), not a census",https://forestsclearance.nic.in/Online_Status.aspx,2026-09-27
Karnataka,FP/KA/RAIL/19023/2016,,New BG Railway Line between Hubli to Ankola,Railway,DEPUTY CHIEF ENGINEER,595.64,DELISTED (due to non-reply of EDS by UA within 90 days),2016-04-23,,,EDS Sought(State Government): 18/08/2017,"visible in the PARIVESH 1.0 online list (2014 to mid-2022), not a census",https://forestsclearance.nic.in/Online_Status.aspx,2026-09-27
Karnataka,FP/KA/RAIL/30650/2017,4-KRC 1233/ 2020-BAN,Gadag Wadi New Railway Line,Railway,SWRAILWAY,15.96,APPROVED,2017-12-13,2020-04-13,2022-01-27,EDS Compliance Reply(Secretary): 25/01/2022 Compliance Report: 03/09/2021 Stage-I : 13/04/2020 Stage-II: 27/01/2022,"visible in the PARIVESH 1.0 online list (2014 to mid-2022), not a census",https://forestsclearance.nic.in/Online_Status.aspx,2026-09-27
Karnataka,FP/KA/RAIL/37496/2018,No.4-KRC1256/2020-BAN,BAGALKOT- KUDACHI NEW BG RAILWAY LINE,Railway,SOUTH WESTERN RAILWAY CONSTRUCTION DYCE II CN UBL,16.828,APPROVED,2018-12-06,2020-10-01,2023-06-02,Compliance Report: 24/05/2023 Stage-I : 01/10/2020 Stage-II: 02/06/2023,"visible in the PARIVESH 1.0 online list (2014 to mid-2022), not a census",https://forestsclearance.nic.in/Online_Status.aspx,2026-09-27
Karnataka,FP/KA/ROAD/120467/2021,F.No.4-KRB1313/2021-BAN,4 L of Addahole (Near Gundya) to Bantwal Cross Section (Pkg-01) from Design Km. 255.140 to Design Km. 270.270 of NH-75 (Old NH-48),Road,NATIONAL HIGHWAYS AUTHORITY OF INDIA PIU MANGALORE,2.5315,Pending at Nodal Officer after receiving Compliance of Conditions,2021-01-23,2023-07-11,,EDS Sought(State Government): 23/05/2023 Compliance Report: 29/04/2026 Stage-I : 11/07/2023,"visible in the PARIVESH 1.0 online list (2014 to mid-2022), not a census",https://forestsclearance.nic.in/Online_Status.aspx,2026-09-27
Karnataka,FP/KA/ROAD/156224/2022,F.No.4-KRC1400/2022-BAN,"Diversion of 25.763 Ha of forest land in Hosanagara (T), Shimoga (D) for Construction of 2 L-PS road from Km 55.6-Adagodi to Km 90.7-Mavinakoppa of NH766C with 4 major bridges across Sharavathi Backwaters",Road,"EXECUTIVE ENGINEER, NH DIVISION, SHIMOGA",25.763,Pending With-SG for verifying Compliance of Conditions,2022-06-06,2025-07-07,,EDS Sought(State Government): 24/06/2025 Compliance Report: 04/09/2026 Stage-I : 07/07/2025,"visible in the PARIVESH 1.0 online list (2014 to mid-2022), not a census",https://forestsclearance.nic.in/Online_Status.aspx,2026-09-27
Karnataka,FP/KA/ROAD/21030/2016,4-KRB1126/2017-BAN,Upgradation of Existing 2 lane Carriageway to 4/6 Laning of Hubli - Hospet Section of NH 63 in the State of Karnataka,Road,NATIONAL HIGHWAYS AUTHORITY OF INDIA PIU DHARWAD,0.8413,APPROVED,2016-08-20,2018-01-30,2020-05-14,Compliance Report: 17/01/2020 Stage-I : 30/01/2018 Stage-II: 14/05/2020 Monitoring Report: 04/08/2022,"visible in the PARIVESH 1.0 online list (2014 to mid-2022), not a census",https://forestsclearance.nic.in/Online_Status.aspx,2026-09-27
Karnataka,FP/KA/ROAD/30938/2017,4-KRA /1178-2019-BAN,Four laning of Tumkur - Shimoga Section of NH-206 under NHDP Phase IV between Chainage km 12+310 and km 217+000,Road,NATIONAL HIGHWAY AUTHORITY OF INDIA PIU SHIMOGA,40.2625,APPROVED,2017-12-21,2019-02-20,2021-12-09,EDS Compliance Reply(Secretary): 26/11/2021 Compliance Report: 15/09/2021 Stage-I : 20/02/2019 Stage-II: 09/12/2021 Monitoring Report: 27/06/2024,"visible in the PARIVESH 1.0 online list (2014 to mid-2022), not a census",https://forestsclearance.nic.in/Online_Status.aspx,2026-09-27
Karnataka,FP/KA/ROAD/33150/2018,,NH-66 Four laning between Goa-Karnataka Border to Kundapur,Road,NATIONAL HIGHWAYS AUTHORITY OF INDIA REGIONAL OFFICE BENGALURU,2.469,Pending at DFO/DCF,2018-04-27,,,EDS Sought(State Government): 10/11/2025 SIR Requested : 11 Dec 2025 EDS(Addl. Info) : 11 Dec 2025,"visible in the PARIVESH 1.0 online list (2014 to mid-2022), not a census",https://forestsclearance.nic.in/Online_Status.aspx,2026-09-27
Karnataka,FP/KA/ROAD/33965/2018,F.No.KRA1243/2020-BAN,Construction of widening to Two/Four lane with paved shoulders from km. 0.000 to km. 101.400 NH-50 in Bidar District,Road,EXECUTIVE ENGINEER NATIONAL HIGHWAY DIVISION,40.79,IN-PRINCIPLE,2018-06-07,2020-12-28,,EDS Sought(State Government): 05/11/2020 Stage-I : 28/12/2020,"visible in the PARIVESH 1.0 online list (2014 to mid-2022), not a census",https://forestsclearance.nic.in/Online_Status.aspx,2026-09-27
Karnataka,FP/KA/ROAD/34601/2018,F.No.KRC1250/2020-BAN,Four laning of Goa-Karnataka Border - Kundapur Section of  NH-66,Road,NATIONAL HIGHWAYS AUTHORITY OF INDIA PIU MANGALORE,28.218,APPROVED,2018-07-11,2021-09-17,2025-05-21,EDS Sought(State Government): 16/09/2021 Compliance Report: 12/03/2025 Stage-I : 17/09/2021 Stage-II: 21/05/2025 EDS(Addl. Info) : 11 Dec 2025 SIR Requested : 11 Dec 2025,"visible in the PARIVESH 1.0 online list (2014 to mid-2022), not a census",https://forestsclearance.nic.in/Online_Status.aspx,2026-09-27
Karnataka,FP/KA/ROAD/36272/2018,No.4-KRB1232/2020-BAN,WIDENING TO TWO/FOUR LANE WITH PAVED SHOULDERS FROM KM 34.00 TO 70.90 OF GULBARGA-WADI-YADGIR SECTION OF NH-150 IN YADGIR DISTRICT,Road,EXECUTIVE ENGINEER NATIONAL HIGHWAY DIVISION KALABURAGI,4.6038,APPROVED,2018-09-30,2020-10-12,2023-11-03,EDS Compliance Reply(Secretary): 10/10/2023 Compliance Report: 06/07/2023 Stage-I : 12/10/2020 Stage-II: 03/11/2023,"visible in the PARIVESH 1.0 online list (2014 to mid-2022), not a census",https://forestsclearance.nic.in/Online_Status.aspx,2026-09-27
Karnataka,FP/KA/ROAD/36350/2018,F.No.4-KRB1306/2021-BAN/,Widening and Improvement of the existing 2 lane of NH-648 (old NH-207) to 4/6 lane from Hoskote (km 58.300) to Dabaspet (km 138.320) in the state of Karnataka,Road,NHAI PIU BANGALORE,1.9635,APPROVED,2018-10-05,2021-08-16,2023-01-23,Compliance Report: 29/07/2022 Stage-I : 16/08/2021 Stage-II: 23/01/2023 Monitoring Report: 10/02/2025,"visible in the PARIVESH 1.0 online list (2014 to mid-2022), not a census",https://forestsclearance.nic.in/Online_Status.aspx,2026-09-27
Karnataka,FP/KA/ROAD/37024/2018,,Improvements and reconstruction to two lane with paved shoulders from KM 243.200 to 290.200 (Huliyar-sira section)of NH-234 in the state of karnataka,Road,CHIEF ENGINEER NATIONAL HIGHWAYS BANGALORE GOVERNMENT OF KARNATAKA,2.0482,Pending at DFO/DCF,2018-11-13,,,,"visible in the PARIVESH 1.0 online list (2014 to mid-2022), not a census",https://forestsclearance.nic.in/Online_Status.aspx,2026-09-27
Karnataka,FP/KA/ROAD/41019/2019,F.No.4-KRC1359/2022-BAN,Diversion of 5.724414 Ha of forest land for work of  “Widening to Two Lane with Paved Shoulders from km 24.600 to km 70.063 (45.463kms) of Mudigere - Kadur Section of NH-173 on EPC mode in the State of Karnataka” Job No. KNT-NH-173-2017-18-873,Road,NATIONAL HIGHWAY DIVISION HASSAN,5.724414,Pending at DFO for verifying Compliance of Conditions,2019-07-20,2023-01-30,,EDS Sought(State Government): 19/12/2022 Compliance Report: 27/07/2023 Stage-I : 30/01/2023,"visible in the PARIVESH 1.0 online list (2014 to mid-2022), not a census",https://forestsclearance.nic.in/Online_Status.aspx,2026-09-27
Karnataka,FP/KA/ROAD/45169/2020,,"Construction of Kumta Bypass through Manaki, Kalkeri, Hosaheravatta, Baggona and Kalbag villages, Uttara Kannada (Honnavar Forest Division) from KM 172.80 to KM 180.50 in Goa- Karnataka Border to Kundapur Section of NH-66 (formerly NH-17)",Road,NATIONAL HIGHWAYS AUTHORITY OF INDIA MANGALURU,7.79,DELISTED (due to non-reply of EDS by UA within 90 days),2020-03-19,,,,"visible in the PARIVESH 1.0 online list (2014 to mid-2022), not a census",https://forestsclearance.nic.in/Online_Status.aspx,2026-09-27
Maharashtra,FP/MH/MIN/17443/2016,FC-I/MH-341/2023-NGP,Bhatadi Expansion open cast mine,Mining,Western Coalfields Ltd,0.2,APPROVED,2016-02-06,2025-01-14,2025-12-15,EDS Sought(State Government): 23/12/2024 Compliance Report: 14/11/2025 Stage-I : 14/01/2025 Stage-II: 15/12/2025 EDS(Addl. Info) : 14 Aug 2024 SIR Requested  : 14 Aug 2024 Copy of SIR uploaded : 09 Sep 2024,"visible in the PARIVESH 1.0 online list (2014 to mid-2022), not a census",https://forestsclearance.nic.in/Online_Status.aspx,2026-09-27
Maharashtra,FP/MH/RAIL/143194/2021,FC-I/MH-248/2021-NGP,Doubling of Pune- Miraj BG Railway Line,Railway,"DY. CHIEF ENGINEER (CON.), CR, PUNE",4.55,APPROVED,2021-06-06,2021-12-27,2022-04-25,EDS Compliance Reply(Secretary): 23/04/2022 Compliance Report: 18/04/2022 Stage-I : 27/12/2021 Stage-II: 25/04/2022,"visible in the PARIVESH 1.0 online list (2014 to mid-2022), not a census",https://forestsclearance.nic.in/Online_Status.aspx,2026-09-27
Maharashtra,FP/MH/RAIL/147694/2021,FC-I/MH-369/2023-NGP,Ranjangaon to Ukhalgaon Doubling of Railway line a part of Daund-Manmad Doubling of Railway track ProjectDaund Manmad Railway,Railway,CENTRAL RAILWAY,3.3,APPROVED,2021-09-25,2024-01-02,2025-07-09,EDS Compliance Reply(Secretary): 07/07/2025 Compliance Report: 02/07/2025 Stage-I : 02/01/2024 Stage-II: 09/07/2025,"visible in the PARIVESH 1.0 online list (2014 to mid-2022), not a census",https://forestsclearance.nic.in/Online_Status.aspx,2026-09-27
Maharashtra,FP/MH/RAIL/155446/2022,FC-II/MH-217/2023-NGP,Diversion of Forest Land for laying new BG Line Lonand- Baramati via Phaltan,Railway,"DY. CHIEF ENGINEER (CON.), CR, PUNE",9.2955,APPROVED,2022-05-16,2023-11-20,2024-05-14,EDS Sought(State Government): 21/11/2023 Compliance Report: 20/03/2024 Stage-I : 20/11/2023 Stage-II: 14/05/2024,"visible in the PARIVESH 1.0 online list (2014 to mid-2022), not a census",https://forestsclearance.nic.in/Online_Status.aspx,2026-09-27
Maharashtra,FP/MH/RAIL/26520/2017,FC-III-MH-31-2018-NGP,Construction of New Broad Gauge Railway Line between Wadsa-Gadchiroli,Railway,SOUTH EAST CENTRAL RAILWAY CONSTRUCTION ORGANIZATION,83.431,APPROVED,2017-06-19,2019-04-12,2023-01-30,EDS Compliance Reply(Secretary): 30/11/2022 Compliance Report: 22/11/2022 Stage-I : 12/04/2019 Stage-II: 30/01/2023 EDS for Stage-II : 15 Aug 2022,"visible in the PARIVESH 1.0 online list (2014 to mid-2022), not a census",https://forestsclearance.nic.in/Online_Status.aspx,2026-09-27
Maharashtra,FP/MH/RAIL/29809/2017,FC-III/MH-48/2022-NGP,Wardha-Yavatmal-Pusad -Nanded New B.G.Railway Line,Railway,Dy Chief Engineer (Construction) Wardha,149.7356,APPROVED,2017-10-18,2023-07-03,2024-09-04,EDS Compliance Reply(Secretary): 09/08/2024 Compliance Report: 02/08/2024 Stage-I : 03/07/2023 Stage-II: 04/09/2024,"visible in the PARIVESH 1.0 online list (2014 to mid-2022), not a census",https://forestsclearance.nic.in/Online_Status.aspx,2026-09-27
Maharashtra,FP/MH/RAIL/41780/2019,FC-II/MH-219/2023-NGP,"Third railway line between Kalyan and Kasara stations of 67.62 km in Ulhasnagar, Kalyan & Shahapur Talukas, Thane District, Maharashtra",Railway,CENTRAL RAILWAY CST MUMBAI,16.6846,APPROVED,2019-08-27,2024-07-19,2025-09-17,EDS Sought(State Government): 16/07/2024 Compliance Report: 23/07/2025 Stage-I : 19/07/2024 Stage-II: 17/09/2025,"visible in the PARIVESH 1.0 online list (2014 to mid-2022), not a census",https://forestsclearance.nic.in/Online_Status.aspx,2026-09-27
Maharashtra,FP/MH/RAIL/49628/2020,FC-I/MH-251/2021-NGP,Construction of Wardha - Yavatmal -Pusad- Nanded new Broad Gauge Railway Linein the State of Maharashtra,Railway,Dy Chief Engineer (Construction) Wardha,1.94,Pending at RO for Stage-II,2020-09-25,2022-05-02,,EDS Compliance Reply(Secretary): 16/09/2026 Compliance Report: 15/09/2026 Stage-I : 02/05/2022,"visible in the PARIVESH 1.0 online list (2014 to mid-2022), not a census",https://forestsclearance.nic.in/Online_Status.aspx,2026-09-27
Maharashtra,FP/MH/RAIL/6560/2014,FC-II/MH-72/2017-NGP,Wardha-Nanded New Railway Line,Railway,Dy Chief Engineer (Construction) Wardha,19.06,APPROVED,2014-08-20,2018-05-24,2022-10-11,EDS Compliance Reply(Secretary): 26/08/2022 Compliance Report: 10/08/2022 Stage-I : 24/05/2018 Stage-II: 11/10/2022,"visible in the PARIVESH 1.0 online list (2014 to mid-2022), not a census",https://forestsclearance.nic.in/Online_Status.aspx,2026-09-27
Maharashtra,FP/MH/ROAD/115795/2020,FC-I/MH-348/2023-NGP,Rehabilitation and Up-gradation of Nagpur-Katol-Warud National Highway (NH 353J) from existing Km 60+100 (End of Katol bypass) to 101+085 (Warud up to Joint junction) two lane with paved shoulders in,Road,MINISTRY OF ROAD TRANSPORT & HIGHWAYS,0.34,IN-PRINCIPLE,2020-12-19,2025-06-16,,EDS Compliance Reply(Secretary): 21/07/2026 Stage-I : 16/06/2025 EDS after Stage-I : 22 Jun 2026 EDS after Stage I : 14 Aug 2026,"visible in the PARIVESH 1.0 online list (2014 to mid-2022), not a census",https://forestsclearance.nic.in/Online_Status.aspx,2026-09-27
Maharashtra,FP/MH/ROAD/119248/2021,FC-III/MH-54/2022-NGP,Up-gradation to2/4 lane with paved shoulder configuration of Gadichiroli-Sironcha of NH- 353 C in the State of Maharashtra by Ministry of Road Transport & Highways from Ashti to Sironcha in Gadhciroli,Road,NATIONAL HIGHWAY DIVISION GADCHIROLI,54.274,APPROVED,2021-01-12,2023-11-21,2025-12-17,EDS Compliance Reply(Secretary): 09/12/2025 Compliance Report: 09/12/2025 Stage-I : 21/11/2023 Stage-II: 17/12/2025,"visible in the PARIVESH 1.0 online list (2014 to mid-2022), not a census",https://forestsclearance.nic.in/Online_Status.aspx,2026-09-27
Maharashtra,FP/MH/ROAD/141730/2021,,"Up-gradation of Mansar-Ramtek-Salaikhurd, from existing km 75+800 (Mansar) to km 120+100 (Salaikhurd) [Design km.0.000 to km. 44.000] (44.000 km) of NH-753 to Two lane with paved shoulder configuration in the state of Maharashtra.",Road,MINISTRY OF ROAD TRANSPORT & HIGHWAYS,0.43,DELISTED (due to non-reply of EDS by UA within 90 days),2021-04-24,,,,"visible in the PARIVESH 1.0 online list (2014 to mid-2022), not a census",https://forestsclearance.nic.in/Online_Status.aspx,2026-09-27
Maharashtra,FP/MH/ROAD/144308/2021,FC-I/MH-259/2022-NGP,Four laning of Saint Dyaneshwar Maharaj Palkhi Marg section of NH-965 Wakhari to Khudus (Km. 44/700 to Km. 77/800) in the State of Maharashtra.,Road,"NATIONAL HIGHWAYS AUTHORITY OF INDIA, PIU, PANDHARPUR",3.41,APPROVED,2021-07-04,2022-03-17,2022-09-20,EDS Compliance Reply(Secretary): 29/07/2022 Compliance Report: 25/07/2022 Stage-I : 17/03/2022 Stage-II: 20/09/2022,"visible in the PARIVESH 1.0 online list (2014 to mid-2022), not a census",https://forestsclearance.nic.in/Online_Status.aspx,2026-09-27
Maharashtra,FP/MH/ROAD/148827/2021,FC-II/MH-181/2022-NGP,Diversion of 14.613 Ha. Forest Land in favour of NHAI for Construction of Eight laning of existing Four lane Vadape to Thane from Km. 539.202 to Km. 563.000 section of NH 3 (New NH-848) in the State of Maharashtra to be executed on Hybrid Annuity Mode (HAM).,Road,NATIONAL HIGHWAYS AUTHORITY OF INDIA PIU THANE,14.613,APPROVED,2021-10-31,2022-06-21,2024-09-03,EDS Compliance Reply(Secretary): 06/08/2024 Compliance Report: 31/07/2024 Stage-I : 21/06/2022 Stage-II: 03/09/2024,"visible in the PARIVESH 1.0 online list (2014 to mid-2022), not a census",https://forestsclearance.nic.in/Online_Status.aspx,2026-09-27
Maharashtra,FP/MH/ROAD/152830/2022,FC-II/MH-240/2024-NGP,Diversion of 6.3912 Ha of Forest Land for Satana Mangrul Road,Road,MINISTRY OF ROAD TRANSPORT & HIGHWAYS,6.3912,APPROVED,2022-03-28,2024-09-26,2026-02-06,Compliance Report: 30/12/2024 Stage-I : 26/09/2024 Stage-II: 06/02/2026,"visible in the PARIVESH 1.0 online list (2014 to mid-2022), not a census",https://forestsclearance.nic.in/Online_Status.aspx,2026-09-27
Maharashtra,FP/MH/ROAD/152831/2022,FC-I/MH-349/2023-NGP,Diversion of 3.9 Ha. of Forest land in Jamkhed to Sautada road,Road,MINISTRY OF ROAD TRANSPORT & HIGHWAYS,3.9,APPROVED,2022-06-23,2023-10-20,2025-06-09,Compliance Report: 05/06/2025 Stage-I : 20/10/2023 Stage-II: 09/06/2025,"visible in the PARIVESH 1.0 online list (2014 to mid-2022), not a census",https://forestsclearance.nic.in/Online_Status.aspx,2026-09-27
Maharashtra,FP/MH/ROAD/154157/2022,FC-I/MH-294/2022-NGP,up gradation of existing 2 Lane carriageway of Akola to Medshi (from Km 0.000 to Km 47.700) Section of NH-161 to 4 Lane Configuration in the State of Maharashtra,Road,NATIONAL HIGHWAYS AUTHORITY OF INDIA (NHAI),0.89,APPROVED,2022-04-05,2023-05-29,2024-03-28,EDS Compliance Reply(Secretary): 22/03/2024 Compliance Report: 13/03/2024 Stage-I : 29/05/2023 Stage-II: 28/03/2024,"visible in the PARIVESH 1.0 online list (2014 to mid-2022), not a census",https://forestsclearance.nic.in/Online_Status.aspx,2026-09-27
Maharashtra,FP/MH/ROAD/155073/2022,FC-I/MH-298/2022-NGP,"Ratnagiri Kolhapur Section of NH.166 from Package –III Four Laning with Paved Shoulder of NH-166(Package-III)""Design Km.112.340(Ex.Ch.115+540)To Km.145.300.Design Length-32.960 Km. the Project Road is",Road,NHAI PIU KOLHAPUR,1.3572,APPROVED,2022-05-02,2022-10-15,2023-04-06,Compliance Report: 12/12/2022 Stage-I : 15/10/2022 Stage-II: 06/04/2023,"visible in the PARIVESH 1.0 online list (2014 to mid-2022), not a census",https://forestsclearance.nic.in/Online_Status.aspx,2026-09-27
Maharashtra,FP/MH/ROAD/16793/2015,FC-II-MH-97-2018-NGP,Four Laning of Aurangabad- Karodi  Section of NH-211 designed with partial Green filed alignment as bypass to Aurangabad city in Aurangabad District,Road,National Highways Authority of India,11.78,IN-PRINCIPLE,2018-08-06,2019-01-25,,EDS Compliance Reply(Secretary): 26/08/2022 Compliance Report: 14/03/2022 Stage-I : 25/01/2019,"visible in the PARIVESH 1.0 online list (2014 to mid-2022), not a census",https://forestsclearance.nic.in/Online_Status.aspx,2026-09-27
Maharashtra,FP/MH/ROAD/20894/2016,FC-II/MH-147/2021-NGP,"Nashik-Peth Road, Section of NH-848",Road,EXECUTIVE ENGINEER NATIONAL HIGHWAY DIVISION NASHIK,7.332,APPROVED,2016-08-08,2023-01-16,2025-06-30,EDS Sought(State Government): 07/12/2022 Compliance Report: 04/05/2023 Stage-I : 16/01/2023 Stage-II: 30/06/2025,"visible in the PARIVESH 1.0 online list (2014 to mid-2022), not a census",https://forestsclearance.nic.in/Online_Status.aspx,2026-09-27
Maharashtra,FP/MH/ROAD/22287/2016,,Upgradation to two lanes with paved shoulder/four lane configurations of Morshi-Chandurbazaar-Achalpur from Km 0.000 to 53.719 in the State of Maharashtra.,Road,MINISTRY OF ROAD TRANSPORT AND HIGHWAYS GOVT OF INDIA NEW DELHI,4.0077,DELISTED (due to non-reply of EDS by UA within 90 days),2016-11-12,,,,"visible in the PARIVESH 1.0 online list (2014 to mid-2022), not a census",https://forestsclearance.nic.in/Online_Status.aspx,2026-09-27
Maharashtra,FP/MH/ROAD/23003/2016,,Katol bypass to Warud Section of SH -248,Road,MINISTRY OF ROAD TRANSPORT & HIGHWAYS,0.616,DELISTED (due to non-reply of EDS by UA within 90 days),2016-12-13,,,,"visible in the PARIVESH 1.0 online list (2014 to mid-2022), not a census",https://forestsclearance.nic.in/Online_Status.aspx,2026-09-27
Maharashtra,FP/MH/ROAD/23680/2017,,"Rehabilitation and up gradation of section of NH-753B  from Shevli (Junction of with NH-6 near Sakri) - Nizampur, Chhadvel, Nandurbar, Taloda, Akkalkura to 2-lane with paved shoulder configuration in the State of Maharashtra (Package I - Km 0.000 to Km 49.500)",Road,EXECUTIVE ENGINEER NATIONAL HIGHWAY DIVISION NASHIK,14.372,DELISTED (due to non-reply of EDS by UA within 90 days),2017-01-19,,,,"visible in the PARIVESH 1.0 online list (2014 to mid-2022), not a census",https://forestsclearance.nic.in/Online_Status.aspx,2026-09-27
Maharashtra,FP/MH/ROAD/24710/2017,,"Rehabilitation and Up-gradation of Amravati-Nandgaon-Morshi-Warud-Pandhurna National Highway from existing km 95+670 (on 140+200 NH-53, Nandgaon) to km 52+440 (Morshi)  [Design km.0.00 to km. 43.00] ( Package-I)  and existing km 52+440 (Morshi) to km 0+000 (Maharashtra/Madhya Pradesh State Border upto Wardha River Bridge) [Design km.43.000 to km. 9",Road,MINISTRY OF ROAD TRANSPORT AND HIGHWAYS GOVT OF INDIA NEW DELHI,14.9799,Pending at CF/CCF,2017-03-08,,,EDS Sought(State Government): 08/11/2023,"visible in the PARIVESH 1.0 online list (2014 to mid-2022), not a census",https://forestsclearance.nic.in/Online_Status.aspx,2026-09-27
Maharashtra,FP/MH/ROAD/24814/2017,,"Rehabilitation and Up-gradation of Korchi Deori Amgaon Gondia National Highway from existing km (EX. KM 180+000 OF SH-276) to (EX. KM 213+330 OF SH-249) ,  [Design km.0.00 to km. 38+200]   (NH-543 ) to Two lane with paved shoulders in the state of Maharashtra on Engineering,  Procurement & Construction (EPC) Basis Contract.",Road,MINISTRY OF ROAD TRANSPORT & HIGHWAYS,13.3308,DELISTED (due to non-reply of EDS by UA within 90 days),2017-03-17,,,,"visible in the PARIVESH 1.0 online list (2014 to mid-2022), not a census",https://forestsclearance.nic.in/Online_Status.aspx,2026-09-27
Maharashtra,FP/MH/ROAD/25019/2017,,Proposal for diversion of 15.3363 Ha Forest area for upgradation to two lanes with paved shoulder/four lane configurations of Wardha-Arvi from Km 0.000 to 53.736 in the State of Maharashtra.,Road,MINISTRY OF ROAD TRANSPORT & HIGHWAYS,15.3363,DELISTED (due to non-reply of EDS by UA within 90 days),2017-03-21,,,,"visible in the PARIVESH 1.0 online list (2014 to mid-2022), not a census",https://forestsclearance.nic.in/Online_Status.aspx,2026-09-27
Maharashtra,FP/MH/ROAD/26063/2017,,"Rehabilitation and Up-gradation of Korchi Deori Amgaon Gondia National Highway from existing  km (EX. KM 180+000 OF SH-276)  (EX. KM 213+330 OF SH-249)   [Design km.0.00 to km. 44+925]   (NH-543 ) to Two lane with paved shoulders in the state of Maharashtra on Engineering,  Procurement & Construction (EPC) Basis Contract.",Road,MINISTRY OF ROAD TRANSPORT & HIGHWAYS,50.48,DELISTED (due to non-reply of EDS by UA within 90 days),2017-05-16,,,,"visible in the PARIVESH 1.0 online list (2014 to mid-2022), not a census",https://forestsclearance.nic.in/Online_Status.aspx,2026-09-27
Maharashtra,FP/MH/ROAD/26861/2017,,"Rehabilitation and Up-gradation of Wadi To Asola Junction National Highway (NH-353I) from [Design km.00.000 to km. 39+200]   to Two lane with paved shoulders in the state of Maharashtra on Engineering, Procurement & Construction (EPC) Basis Contract (Package-1)",Road,MINISTRY OF ROAD TRANSPORT & HIGHWAYS,8.89,DELISTED (due to non-reply of EDS by UA within 90 days),2017-06-30,,,,"visible in the PARIVESH 1.0 online list (2014 to mid-2022), not a census",https://forestsclearance.nic.in/Online_Status.aspx,2026-09-27
Maharashtra,FP/MH/ROAD/27029/2017,,Rehabilitation and Upgradation of two lane  with paved shoulder of the existing road from Km 232/0 to 284/0 from end of Ahmednagar Bypass to Kharwandi Kasar (Pathardi) Section of NH-222.,Road,EXECUTIVE ENGINEER NATIONAL HIGHWAY DIVISION NASHIK,11.42,DELISTED (due to non-reply of EDS by UA within 90 days),2017-07-08,,,,"visible in the PARIVESH 1.0 online list (2014 to mid-2022), not a census",https://forestsclearance.nic.in/Online_Status.aspx,2026-09-27
Maharashtra,FP/MH/ROAD/29169/2017,,NH-66 Kalmath to Zarap section,Road,PWD NAGPUR,2.8715,DELISTED (due to non-reply of EDS by UA within 90 days),2017-09-12,,,,"visible in the PARIVESH 1.0 online list (2014 to mid-2022), not a census",https://forestsclearance.nic.in/Online_Status.aspx,2026-09-27
Maharashtra,FP/MH/ROAD/29294/2017,FC-I/MH-92/2018-NGP,NH-66 TALGAON TO KALMATH,Road,PWD NAGPUR,3.4659,APPROVED,2017-09-16,2018-05-23,2025-02-11,EDS Compliance Reply(Secretary): 10/02/2025 Compliance Report: 07/02/2025 Stage-I : 23/05/2018 Stage-II: 11/02/2025,"visible in the PARIVESH 1.0 online list (2014 to mid-2022), not a census",https://forestsclearance.nic.in/Online_Status.aspx,2026-09-27
Maharashtra,FP/MH/ROAD/31292/2018,FC-I-MH-86-2018-NGP,NH-66 Kalmath to Zarap section,Road,NH DIVISION,2.8715,APPROVED,2018-01-11,2018-02-27,2025-09-30,Compliance Report: 31/07/2025 Stage-I : 27/02/2018 Stage-II: 30/09/2025,"visible in the PARIVESH 1.0 online list (2014 to mid-2022), not a census",https://forestsclearance.nic.in/Online_Status.aspx,2026-09-27
Maharashtra,FP/MH/ROAD/31369/2018,FC-I/MH-210/2021-NGP,"Four laning of NH-166, Ratnagiri- Kolhapur road section from Kerle at Km 74.300 (Ex. Km 77+600) To Paijarwadi at Km 111.000 (Ex. Km 115+300) (Design Length= 36.700 Km) in the state of Maharashtra",Road,NHAI PIU KOLHAPUR,1.7225,APPROVED,2018-01-17,2022-10-15,2023-03-29,EDS Compliance Reply(Secretary): 17/02/2023 Compliance Report: 09/12/2022 Stage-I : 15/10/2022 Stage-II: 29/03/2023,"visible in the PARIVESH 1.0 online list (2014 to mid-2022), not a census",https://forestsclearance.nic.in/Online_Status.aspx,2026-09-27
Maharashtra,FP/MH/ROAD/32901/2018,,Pandharpur to Sangola Road is a newly declared National Highway (NH-204) with a length of 31.158 km.,Road,EXECUTIVE ENGINEER MSRDC PUNE CAMP OFFICE,2.4,DELISTED (due to non-reply of EDS by UA within 90 days),2018-04-02,,,,"visible in the PARIVESH 1.0 online list (2014 to mid-2022), not a census",https://forestsclearance.nic.in/Online_Status.aspx,2026-09-27
Maharashtra,FP/MH/ROAD/33534/2018,,4-Laning of Baramati-Indapur Section of  NH-965G having a length of  48.495 KM in the State of Maharashtra,Road,"NHAI PIU, SOLAPUR",6.902,DELISTED (due to non-reply of EDS by UA within 90 days),2018-05-08,,,,"visible in the PARIVESH 1.0 online list (2014 to mid-2022), not a census",https://forestsclearance.nic.in/Online_Status.aspx,2026-09-27
Maharashtra,FP/MH/ROAD/34626/2018,FC-II/MH-139/2021-NGP,Diversion of 6.38 ha. of Forest Land for Aurangabad Jalgaon Road Secition- 1 (Aurangabad to Sillod),Road,PUBLIC WORKS DEPARTMENT NATIONAL HIGHWAYS AURANGABAD MAHARASHTRA,6.38,Pending at RO for Stage-II,2018-07-24,2021-03-31,,EDS Compliance Reply(Secretary): 24/08/2026 Compliance Report: 20/08/2026 Stage-I : 31/03/2021,"visible in the PARIVESH 1.0 online list (2014 to mid-2022), not a census",https://forestsclearance.nic.in/Online_Status.aspx,2026-09-27
Maharashtra,FP/MH/ROAD/34842/2018,FC-II-MH-98-2018-NGP,Development and Operation of Four/six laning of Bodhre (Km 390.000) to Dhule (Km 452.800) section of NH-211 in the state of Maharashtra,Road,NATIONAL HIGHWAY AUTHORITY OF INDIA PIU DHULE,7.65,APPROVED,2018-07-28,2019-02-05,2021-02-28,EDS Sought(State Government): 24/01/2019 Compliance Report: 26/11/2021 Stage-I : 05/02/2019 Stage-II: 28/02/2021,"visible in the PARIVESH 1.0 online list (2014 to mid-2022), not a census",https://forestsclearance.nic.in/Online_Status.aspx,2026-09-27
Maharashtra,FP/MH/ROAD/36105/2018,FC-I/MH-167/2019-NGP,Improvements and Construction of Ahmednagar bypass of NH-222  from Km 0+000 to 40+150 In Maharashtra State,Road,NATIONAL HIGHWAYS AUTHORITY OF INDIA PIU AHMEDNAGAR,4.98,APPROVED,2018-09-23,2021-03-31,2022-10-15,EDS Compliance Reply(Secretary): 22/09/2022 Compliance Report: 12/09/2022 Stage-I : 31/03/2021 Stage-II: 15/10/2022,"visible in the PARIVESH 1.0 online list (2014 to mid-2022), not a census",https://forestsclearance.nic.in/Online_Status.aspx,2026-09-27
Maharashtra,FP/MH/ROAD/36965/2018,FC-I/MH-169/2019-NGP,Up-gradation Thane to Vadape Section of Nh-3 from exsting 4-lane to 8-lane,Road,NATIONAL HIGHWAYS AUTHORITY OF INDIA PIU THANE,0.839,APPROVED,2018-11-07,2020-08-31,2021-11-30,EDS Sought(State Government): 14/09/2020 Compliance Report: 20/11/2021 Stage-I : 31/08/2020 Stage-II: 30/11/2021,"visible in the PARIVESH 1.0 online list (2014 to mid-2022), not a census",https://forestsclearance.nic.in/Online_Status.aspx,2026-09-27
Maharashtra,FP/MH/ROAD/37601/2018,FC-II/MH-143/2021-NGP,"Up-gradation of Nagpur Katol National Highway NH 353 J from existing KM 13+000 (Outer ring road, Nagpur) to 62+900 (Katol Bypass) two/ four lane with paved shoulder in state of Maharashtra",Road,NATIONAL HIGHWAYS AUTHORITY OF INDIA PIU II NAGPUR,14.07,APPROVED,2018-12-12,2021-03-31,2021-09-30,Compliance Report: 07/09/2022 Stage-I : 31/03/2021 Stage-II: 30/09/2021,"visible in the PARIVESH 1.0 online list (2014 to mid-2022), not a census",https://forestsclearance.nic.in/Online_Status.aspx,2026-09-27
Maharashtra,FP/MH/ROAD/39556/2019,,“Rehabilitation and Up-gradation of Shahpur Patgaon Section 1 &2 –   (KM 0+000 to KM 20+130) and (KM 20+130 to KM 43+600) part of NH-3 Shahpur - Murbad – Mhasa – Karjat - Khopoli-NH4 section of newly,Road,MSRDC BANDRA MUMBAI,19.43,DELISTED (due to non-reply of EDS by UA within 90 days),2019-03-25,,,EDS Sought(State Government): 22/03/2024,"visible in the PARIVESH 1.0 online list (2014 to mid-2022), not a census",https://forestsclearance.nic.in/Online_Status.aspx,2026-09-27
Maharashtra,FP/MH/ROAD/39684/2019,FC-II/MH-150/2021-NGP,“Rehabilitation and Up-gradation of Shahpur Patgaon Section 1 &2 –   (KM 0+000 to KM 20+130) and (KM 20+130 to KM 43+600) part of NH-3 Shahpur - Murbad – Mhasa – Karjat - Khopoli-NH4 section of newly,Road,MSRDC BANDRA MUMBAI,17.01,IN-PRINCIPLE,2019-04-02,2021-06-30,,EDS Sought(State Government): 25/10/2021 Stage-I : 30/06/2021,"visible in the PARIVESH 1.0 online list (2014 to mid-2022), not a census",https://forestsclearance.nic.in/Online_Status.aspx,2026-09-27
Maharashtra,FP/MH/ROAD/40239/2019,FC-II/MH-152/2021-NGP,“Rehabilitation and Up-gradation of Patgaon to Khopoli Section I design Ch (km 43.783 to km 69.508) part of NH-3 Shahpur - Murbad – Mhasa – Karjat - Khopoli-NH4 section of newly declared NH-548 A in t,Road,MSRDC BANDRA MUMBAI,12.8957,IN-PRINCIPLE,2019-05-14,2021-08-26,,EDS Compliance Reply(Secretary): 03/06/2023 Stage-I : 26/08/2021,"visible in the PARIVESH 1.0 online list (2014 to mid-2022), not a census",https://forestsclearance.nic.in/Online_Status.aspx,2026-09-27
Maharashtra,FP/MH/ROAD/40522/2019,,Up-Gradation to Two Lanes with Paved Shoulder/Four Lane for Lonand - Wathar-Satara section of NH-965D from Km 186/100 to Km 229/350 in Maharashtra State.,Road,NATIONAL HIGHWAY AUTHORITY OF INDIA - PIU PUNE,6.1,DELISTED (due to non-reply of EDS by UA within 90 days),2019-06-05,,,,"visible in the PARIVESH 1.0 online list (2014 to mid-2022), not a census",https://forestsclearance.nic.in/Online_Status.aspx,2026-09-27
Maharashtra,FP/MH/ROAD/42329/2019,FC-I/MH-206/2021-NGP,Four laning of Saint Dyaneshwar Maharaj Palkhi Marg section of NH-965 Part of Wakhari to Khudus in the State of Maharashtra.,Road,"NHAI PIU, SOLAPUR",1.0281,APPROVED,2019-10-01,2021-03-05,2022-05-30,Compliance Report: 08/12/2021 Stage-I : 05/03/2021 Stage-II: 30/05/2022,"visible in the PARIVESH 1.0 online list (2014 to mid-2022), not a census",https://forestsclearance.nic.in/Online_Status.aspx,2026-09-27
Maharashtra,FP/MH/ROAD/45456/2020,FC-I/MH-196/2020-NGP,Washim Dastapur NH Road Project,Road,EE MSRDC WASHIM,0.72,APPROVED,2020-05-22,2020-11-10,2024-11-11,EDS Compliance Reply(Secretary): 07/10/2024 Compliance Report: 16/08/2024 Stage-I : 10/11/2020 Stage-II: 11/11/2024,"visible in the PARIVESH 1.0 online list (2014 to mid-2022), not a census",https://forestsclearance.nic.in/Online_Status.aspx,2026-09-27
Maharashtra,FP/MH/ROAD/47068/2020,FC-II/MH-164/2021-NGP,Rehabilitation & Upgradation of Barasgaon to Rahatee Bu. Section from  km.558/200 to 615/000 of NH 222 ( new NH 61) to Two lane with paved  shoulder in the state of Maharashtra under NHDP IV,Road,MINISTRY OF ROAD TRANSPORT AND HIGHWAYS,5.34,IN-PRINCIPLE,2020-09-30,2021-12-31,,Compliance Report: 28/08/2025 Stage-I : 31/12/2021,"visible in the PARIVESH 1.0 online list (2014 to mid-2022), not a census",https://forestsclearance.nic.in/Online_Status.aspx,2026-09-27
Maharashtra,FP/MH/ROAD/47104/2020,FC-I/MH-213/2021-NGP,Rehabilation & upgradation of Nanded - Jalkot section of NH-50 from Km 0.00  Km. 65.952 (Design Chainage) to Two Lane with Paved Shoulder configuration in the state of Maharashtra on EPC mode.,Road,MINISTRY OF ROAD TRANSPORT AND HIGHWAYS,1.962,APPROVED,2020-07-08,2021-03-17,2022-05-18,EDS Compliance Reply(Secretary): 07/04/2022 Compliance Report: 23/03/2022 Stage-I : 17/03/2021 Stage-II: 18/05/2022,"visible in the PARIVESH 1.0 online list (2014 to mid-2022), not a census",https://forestsclearance.nic.in/Online_Status.aspx,2026-09-27
Maharashtra,FP/MH/ROAD/47112/2020,FC-II/MH-161/2021-NGP,Diversion of 12.39 Forest Land for the project for Up gradation to Two Lane with paved shoulder / four Lane Configuration of Usman Nagar Kautha Mukhed Kundral Barhali Dornali Lakhamapur Savarmaal hanegaon wazar up to state Border in state of Maharashtra,Road,MINISTRY OF ROAD TRANSPORT AND HIGHWAYS,12.39,APPROVED,2020-07-08,2021-06-30,2024-01-25,EDS Compliance Reply(Secretary): 07/11/2023 Compliance Report: 31/08/2023 Stage-I : 30/06/2021 Stage-II: 25/01/2024,"visible in the PARIVESH 1.0 online list (2014 to mid-2022), not a census",https://forestsclearance.nic.in/Online_Status.aspx,2026-09-27
Maharashtra,FP/MH/ROAD/53479/2020,FC-I/MH-214/2021-NGP,"Pandharpur to Sangola Road, newly declared National Highway (NH-204) with a length of 31.158 km (Old Proposal No. FP/MH/ROAD/32901/2018)",Road,MINISTRY OF ROAD TRANSPORT & HIGHWAYS,2.4,APPROVED,2020-11-04,2022-02-26,2025-08-05,EDS Compliance Reply(Secretary): 25/07/2025 Compliance Report: 15/07/2025 Stage-I : 26/02/2022 Stage-II: 05/08/2025,"visible in the PARIVESH 1.0 online list (2014 to mid-2022), not a census",https://forestsclearance.nic.in/Online_Status.aspx,2026-09-27
Maharashtra,FP/MH/ROAD/55164/2020,FC-II/MH/178/2022-NGP,Diversion of 6.9675 Ha. Forest land for Construction of “Four laning of Baramati-Indapur Section of NH-965G having length of 48.495 Km in the state of Maharashtra”,Road,"NHAI PIU, SOLAPUR",6.9675,APPROVED,2020-11-11,2022-01-31,2022-10-14,EDS Compliance Reply(Secretary): 30/09/2022 Compliance Report: 15/09/2022 Stage-I : 31/01/2022 Stage-II: 14/10/2022,"visible in the PARIVESH 1.0 online list (2014 to mid-2022), not a census",https://forestsclearance.nic.in/Online_Status.aspx,2026-09-27
Meghalaya,FP/ML/ROAD/23177/2016,,Diversion of 50.724 hectares  forest land for 2 lanning of Shillong Nongstoin section of NH 44 (E) and Nongstoin Tura state road under phase A of SARDP-NE in the state of Meghalaya,Road,PWD NH DIVISION SHILLONG,50.724,PENDING WITH-SG,2017-01-13,,,,"visible in the PARIVESH 1.0 online list (2014 to mid-2022), not a census",https://forestsclearance.nic.in/Online_Status.aspx,2026-09-27
Manipur,FP/MN/ROAD/121002/2021,3-MN C 010/2021-SHI,"""Improvement and upgradation of existing road to 4 lane with paved shoulders of Imphal - Kohima section of NH-39 (New NH-02), from Kuraopokpi (km 287.000) to Nilakuthi (km 308.729) in the state of Man",Road,NHIDCL BO IMPHAL,24.001,APPROVED,2021-01-29,2021-05-31,2024-11-20,EDS Sought(State Government): 19/04/2021 Compliance Report: 21/10/2024 Stage-I : 31/05/2021 Stage-II: 20/11/2024,"visible in the PARIVESH 1.0 online list (2014 to mid-2022), not a census",https://forestsclearance.nic.in/Online_Status.aspx,2026-09-27
Manipur,FP/MN/ROAD/146146/2021,3-MNC 012/2022-SHI,Diversion of 74.926 Ha. of forest land for Widening and improvement of Package - V of Imphal-Jiribam Road Section of NH-37 into two laning of existing 103.557 km from Sangrung (Khongsang) village to 134.821 km near Puilon (Kambiron) Village in the State of Manipur by NHIDCL,Road,NHIDCL BO IMPHAL,74.926,IN-PRINCIPLE,2021-08-30,2022-11-11,,EDS Sought(State Government): 15/11/2022 Stage-I : 11/11/2022,"visible in the PARIVESH 1.0 online list (2014 to mid-2022), not a census",https://forestsclearance.nic.in/Online_Status.aspx,2026-09-27
Manipur,FP/MN/ROAD/149525/2021,3-MNC 011/2022-SHI,Widening and improvement of Package - III of Imphal-Jiribam Road Section of NH-37 into two laning of existing 33+395 km to 67+496 km  in the State of Manipur by NHIDCL,Road,NHIDCL BO IMPHAL,76.097,IN-PRINCIPLE,2021-11-22,2023-02-06,,EDS Sought(State Government): 07/02/2023 Compliance Report: 26/02/2026 Stage-I : 06/02/2023,"visible in the PARIVESH 1.0 online list (2014 to mid-2022), not a census",https://forestsclearance.nic.in/Online_Status.aspx,2026-09-27
Manipur,FP/MN/ROAD/150856/2022,3-MN C 053/2022-SHI,Widening and improvement of Package- VII of Imphal-Jiribam Road Section of NH-37 (old NH-53) into two laning of existing Ch.175+105 km from Nungkao village of Tamenglong district to Ch.214+289 km near,Road,NHIDCL BO IMPHAL,95.128,IN-PRINCIPLE,2022-01-10,2023-01-18,,EDS Sought(State Government): 13/02/2024 Stage-I : 18/01/2023,"visible in the PARIVESH 1.0 online list (2014 to mid-2022), not a census",https://forestsclearance.nic.in/Online_Status.aspx,2026-09-27
Manipur,FP/MN/ROAD/151400/2022,3-MNC 035/2022-SHI,Widening and improvement of Package - II of Imphal-Jiribam Road Section of NH-37 (NH-53) into two laning of existing 15+946 km to 33+395 km in the State of Manipur by NHIDCL,Road,NHIDCL BO IMPHAL,17.91,APPROVED,2022-01-21,2023-01-18,2024-11-20,EDS Sought(State Government): 02/02/2023 Compliance Report: 26/10/2024 Stage-I : 18/01/2023 Stage-II: 20/11/2024,"visible in the PARIVESH 1.0 online list (2014 to mid-2022), not a census",https://forestsclearance.nic.in/Online_Status.aspx,2026-09-27
Manipur,FP/MN/ROAD/154423/2022,3-MNC 033/2022-SHI,Diversion of 98.00 ha. of Forest Land for Widening and improvement of Yaingangpokpi-Nagaland Road Section of NH-202  into two laning with paved shoulder of 0.000km from Laikot to Finch Corner 30.970 k,Road,NHIDCL BO IMPHAL,98.0,APPROVED,2022-04-13,2023-03-01,2025-04-21,EDS Sought(State Government): 25/04/2023 Compliance Report: 11/04/2025 Stage-I : 01/03/2023 Stage-II: 21/04/2025,"visible in the PARIVESH 1.0 online list (2014 to mid-2022), not a census",https://forestsclearance.nic.in/Online_Status.aspx,2026-09-27
Manipur,FP/MN/ROAD/20773/2016,3 MN C 060/2016-SHI,Construction of 154m span Steel Superstructure Bridge at km 145.09 over river Barak and 122m span Stell Superstructure Bridge at km 189.80 over River Makru on Imphal - Jiribam road section on NH-37 under EPC mode,Road,NHIDCL BO IMPHAL,6.3,IN-PRINCIPLE,2016-08-01,2016-12-20,,Compliance Report: 27/02/2026 Stage-I : 20/12/2016,"visible in the PARIVESH 1.0 online list (2014 to mid-2022), not a census",https://forestsclearance.nic.in/Online_Status.aspx,2026-09-27
Manipur,FP/MN/ROAD/22952/2016,Mu A 075/2017-SHI,Rehabilitations and upgrading of  existing 2 laning of Khongsang - Tamenglong section of NH-137 in the State of Manipur on EPC Mode,Road,NHIDCL BO IMPHAL,89.856,APPROVED,2016-12-08,2018-04-10,2022-07-12,EDS Sought(State Government): 02/02/2018 Compliance Report: 24/01/2022 Stage-I : 10/04/2018 Stage-II: 12/07/2022,"visible in the PARIVESH 1.0 online list (2014 to mid-2022), not a census",https://forestsclearance.nic.in/Online_Status.aspx,2026-09-27
Manipur,FP/MN/ROAD/26522/2017,3-MNA 004/2018-SHI,"Construction and Up-gradation of existing Ukhol-Tolloi-Tadubi Section of NH-102A (115km) of District Ukhrul & Senapati, Manipur.",Road,NHIDCL BO IMPHAL,179.46,APPROVED,2017-06-03,2018-08-29,2024-03-19,EDS Sought(State Government): 14/07/2018 Compliance Report: 27/12/2023 Stage-I : 29/08/2018 Stage-II: 19/03/2024,"visible in the PARIVESH 1.0 online list (2014 to mid-2022), not a census",https://forestsclearance.nic.in/Online_Status.aspx,2026-09-27
Manipur,FP/MN/ROAD/34057/2018,3-MN C 108/2020-SHI,Widening and improvement of Yaingangpokpi-Nagaland Road Section of NH-202 into two laning with  paved shoulder of 129.100 km from Razai-Chingjaroi to Jessami of 169.400km in the State of Manipur on EPC Mode by NHIDCL,Road,NHIDCL BO IMPHAL,89.05,IN-PRINCIPLE,2018-06-07,2022-02-07,,EDS Sought(State Government): 08/02/2022 Compliance Report: 23/02/2026 Stage-I : 07/02/2022,"visible in the PARIVESH 1.0 online list (2014 to mid-2022), not a census",https://forestsclearance.nic.in/Online_Status.aspx,2026-09-27
Manipur,FP/MN/ROAD/34066/2018,3-MN A 043/2020-SHI,Widening and improvement of Yaingangpokpi-Nagaland Road Section of NH-202 into two laning with  paved shoulder of 0.000km from Laikot to Hungpung of 48.273 km in the State of Manipur on EPC Mode by NHIDCL,Road,NHIDCL BO IMPHAL,149.708,Pending With-SG,2018-06-07,,,EDS Sought(State Government): 20/01/2021,"visible in the PARIVESH 1.0 online list (2014 to mid-2022), not a census",https://forestsclearance.nic.in/Online_Status.aspx,2026-09-27
Manipur,FP/MN/ROAD/34131/2018,,Widening and improvement of Yaingangpokpi-Nagaland Road Section of NH-202 into two laning with  paved shoulder of 48.273 km from Hungpungi to Longpi Kajui of 94.612 km in the State of Manipur on EPC Mode by NHIDCL,Road,NHIDCL BO IMPHAL,133.882,Pending With-SG,2018-06-11,,,EDS Sought(State Government): 04/03/2021,"visible in the PARIVESH 1.0 online list (2014 to mid-2022), not a census",https://forestsclearance.nic.in/Online_Status.aspx,2026-09-27
Manipur,FP/MN/ROAD/34133/2018,3-MN C 107/2020-SHI,Widening and improvement of Yaingangpokpi-Nagaland Road Section of NH-202 into two laning with  paved shoulder of 94.612 km from Longpi Kajuii to Chingjaroi Khullen of 129.100 km in the State of Manipur on EPC Mode by NHIDCL,Road,NHIDCL BO IMPHAL,76.782,IN-PRINCIPLE,2018-06-11,2021-08-10,,EDS Sought(State Government): 04/03/2021 Compliance Report: 24/02/2026 Stage-I : 10/08/2021,"visible in the PARIVESH 1.0 online list (2014 to mid-2022), not a census",https://forestsclearance.nic.in/Online_Status.aspx,2026-09-27
Manipur,FP/MN/ROAD/35012/2018,3-MN B 057/2020-SHI,Construction of Irang Bridge at existing 95.500 km on Imphal - Jiribam section of NH - 37 (NH - 53) on Engineering Procurement and Construction mode in the State of Manipur by NHIDCL,Road,NHIDCL BO IMPHAL,1.113,IN-PRINCIPLE,2018-07-27,2021-03-01,,EDS Sought(State Government): 16/02/2021 Stage-I : 01/03/2021,"visible in the PARIVESH 1.0 online list (2014 to mid-2022), not a census",https://forestsclearance.nic.in/Online_Status.aspx,2026-09-27
Manipur,FP/MN/ROAD/44881/2020,3-MN C 015/2021-SHI,Widening and improvement of Maram-Peren Road Section of NH-129A into two laning of existing 0.00 km from Maram Centre village to Willong Khullen village of 40.890 km in the state of Manipur on EPC mod,Road,NHIDCL BO IMPHAL,81.294,APPROVED,2020-03-02,2021-08-12,2023-07-24,EDS Sought(State Government): 27/07/2021 Compliance Report: 14/10/2022 Stage-I : 12/08/2021 Stage-II: 24/07/2023,"visible in the PARIVESH 1.0 online list (2014 to mid-2022), not a census",https://forestsclearance.nic.in/Online_Status.aspx,2026-09-27
Manipur,FP/MN/ROAD/47507/2020,3-MN C 080/2020-SHI,Widening and improvement of Churachandpur-Tuivai Road Section of NH-102B into two laning of existing 34.800 km from Singngat village to G. Bualjang village of 73.000 km in the state of Manipur on EPC,Road,NHIDCL BO IMPHAL,72.276,APPROVED,2020-07-15,2021-05-03,2023-08-22,EDS Sought(State Government): 28/07/2021 Compliance Report: 05/09/2023 Stage-I : 03/05/2021 Stage-II: 22/08/2023,"visible in the PARIVESH 1.0 online list (2014 to mid-2022), not a census",https://forestsclearance.nic.in/Online_Status.aspx,2026-09-27
Manipur,FP/MN/ROAD/49098/2020,3-MN C 079/2020-SHI,Diversion of 46.942 Ha. of Forest Land fo Widening and improvement of Churachandpur-Tuivai Road Section of NH-102B into two laning of existing 134.270 km from  Songtal & Mualnuam village to Sinzawl vi,Road,NHIDCL BO IMPHAL,46.942,APPROVED,2020-08-27,2021-07-30,2023-09-22,EDS Sought(State Government): 28/07/2021 Compliance Report: 13/09/2023 Stage-I : 30/07/2021 Stage-II: 22/09/2023,"visible in the PARIVESH 1.0 online list (2014 to mid-2022), not a census",https://forestsclearance.nic.in/Online_Status.aspx,2026-09-27
Manipur,FP/MN/ROAD/49923/2020,3-MN C 082/2021-SHI,Widening and improvement of Churachandpur-Tuivai Road Section of NH-102B into two  laning of existing 7.480 km from Buallian village to Singngat village of 34.800 km in  the state of Manipur on EPC mo,Road,NHIDCL BO IMPHAL,48.893,APPROVED,2020-09-20,2021-09-16,2023-10-05,EDS Sought(State Government): 01/09/2021 Compliance Report: 07/07/2023 Stage-I : 16/09/2021 Stage-II: 05/10/2023,"visible in the PARIVESH 1.0 online list (2014 to mid-2022), not a census",https://forestsclearance.nic.in/Online_Status.aspx,2026-09-27
Manipur,FP/MN/ROAD/53226/2020,3-MN A 002/2021-SHI,Widening and improvement of Churachandpur-Tuivai Road section of NH-102B into two laning of existing 73.000 km from G.Bualjang village to Songtal village of 134.270 km in the state of Manipur on EPC m,Road,NHIDCL BO IMPHAL,94.752,APPROVED,2020-11-03,2021-06-17,2023-09-22,EDS Sought(State Government): 03/04/2021 Compliance Report: 13/09/2023 Stage-I : 17/06/2021 Stage-II: 22/09/2023,"visible in the PARIVESH 1.0 online list (2014 to mid-2022), not a census",https://forestsclearance.nic.in/Online_Status.aspx,2026-09-27
Manipur,FP/MN/ROAD/71976/2020,3-MN C 009/2021-SHI,"Improvement and upgradation of existing road to 4 lane with paved shoulders of Imphal – Kohima section of NH-39 (New NH-02), from Taphukuki (km 262.164) to Kuraopokpi (km 287.000) in the state of Mani",Road,NHIDCL BO IMPHAL,53.818,APPROVED,2020-12-03,2021-08-24,2024-10-14,EDS Sought(State Government): 20/08/2021 Compliance Report: 21/10/2024 Stage-I : 24/08/2021 Stage-II: 14/10/2024,"visible in the PARIVESH 1.0 online list (2014 to mid-2022), not a census",https://forestsclearance.nic.in/Online_Status.aspx,2026-09-27
Madhya Pradesh,FP/MP/MIN/123539/2021,,Vishnupuri UG to OC Mine,Mining,WCL Pench Area,135.008,Pending With UA,2022-03-07,,,,"visible in the PARIVESH 1.0 online list (2014 to mid-2022), not a census",https://forestsclearance.nic.in/Online_Status.aspx,2026-09-27
Madhya Pradesh,FP/MP/MIN/18959/2016 View for Rediversion,8-33/2015-FC Vol,Rampur Batura OCP (4MTY),Mining,SOUTH EASTERN COALFIELDS LIMITED,4.654,IN-PRINCIPLE,2022-08-25,2025-12-19,,EDS Sought(State Government): 03/11/2025 Stage-I : 19/12/2025 EDS(Addl. Info) : 09 Dec 2024 SIR requested : 09 Dec 2024 Copy of SIR uploaded : 21 Jan 2025,"visible in the PARIVESH 1.0 online list (2014 to mid-2022), not a census",https://forestsclearance.nic.in/Online_Status.aspx,2026-09-27
Madhya Pradesh,FP/MP/MIN/39881/2019,8-14/2020-FC,JHIRIA WEST OC PROJECT (1.50 MTY),Mining,SOUTH EASTERN COAL FIELD LTD,354.258,Rejected By FAC,2019-05-27,,,EDS Sought(State Government): 28/05/2024 EDS(Addl. Info) : 26 Aug 2020 SIR requested : 03 Nov 2022 Reminder-II : 02 Dec 2022 brief agenda : 13 Jul 2023 EDS(Addl. Info) : 08 Aug 2023 EDS(Addl. Info) : 12 Dec 2023 Copy of SIR uploaded : 24 May 2024 Rejected : 01 Aug 2024 EDS(Addl. Info) : 09 Jan 2025,"visible in the PARIVESH 1.0 online list (2014 to mid-2022), not a census",https://forestsclearance.nic.in/Online_Status.aspx,2026-09-27
Madhya Pradesh,FP/MP/RAIL/112436/2020,6-MPB047/2021-BHO,Anuppur - Katni 3rd Railway Line,Railway,DEPUTY CHIEF ENGINEER (CIC) SOUTH EAST CENTRAL RAILWAY BILASPUR,1.15,APPROVED,2020-12-16,2021-05-31,2021-07-26,Compliance Report: 12/07/2021 Stage-I : 31/05/2021 Stage-II: 26/07/2021,"visible in the PARIVESH 1.0 online list (2014 to mid-2022), not a census",https://forestsclearance.nic.in/Online_Status.aspx,2026-09-27
Madhya Pradesh,FP/MP/RAIL/16682/2015,6-MPA09/2017-BHO,Barkhera – Budni 3rd Railway line,Railway,RAIL VIKAS NIGAM LTD,208.96,APPROVED,2015-11-24,2018-06-07,2020-08-17,EDS Sought(State Government): 27/04/2018 Compliance Report: 07/08/2018 Stage-I : 07/06/2018 Stage-II: 17/08/2020,"visible in the PARIVESH 1.0 online list (2014 to mid-2022), not a census",https://forestsclearance.nic.in/Online_Status.aspx,2026-09-27
Madhya Pradesh,FP/MP/RAIL/16724/2015,6-MPB041/2017-BHO,Chhindwara Nainpur Mandla Fort Gauge Conversion Project,Railway,SOUTH EAST CENTRAL RAILWAY CHHINDWARA,2.745,APPROVED,2015-12-01,2017-12-18,2018-10-26,EDS Sought(State Government): 01/12/2017 Compliance Report: 25/04/2018 Stage-I : 18/12/2017 Stage-II: 26/10/2018,"visible in the PARIVESH 1.0 online list (2014 to mid-2022), not a census",https://forestsclearance.nic.in/Online_Status.aspx,2026-09-27
Madhya Pradesh,FP/MP/RAIL/39172/2019,6-MPA013/2020-BHO,Katni- Singrauli doubling of Railway Line in West Central Railway.,Railway,DY CHIEF ENGINEER WEST CENTRAL RAILWAY JABALPUR,66.6948,APPROVED,2019-03-01,2021-02-25,2023-10-06,EDS Compliance Reply(Secretary): 31/05/2023 Compliance Report: 11/09/2021 Stage-I : 25/02/2021 Stage-II: 06/10/2023,"visible in the PARIVESH 1.0 online list (2014 to mid-2022), not a census",https://forestsclearance.nic.in/Online_Status.aspx,2026-09-27
Madhya Pradesh,FP/MP/RAIL/39965/2019,6-MPC039/2019-BHO,Construction of Anuppur-Katni 3rd Railway Line,Railway,DEPUTY CHIEF ENGINEER (CIC) SOUTH EAST CENTRAL RAILWAY BILASPUR,5.65,APPROVED,2019-04-26,2020-04-25,2020-07-23,EDS Sought(State Government): 17/03/2020 Compliance Report: 16/06/2020 Stage-I : 25/04/2020 Stage-II: 23/07/2020,"visible in the PARIVESH 1.0 online list (2014 to mid-2022), not a census",https://forestsclearance.nic.in/Online_Status.aspx,2026-09-27
Madhya Pradesh,FP/MP/RAIL/59180/2020,6-MPB020/2021-BHO,Anuppur-Katni Third Railway line,Railway,DEPUTY CHIEF ENGINEER (CIC) SOUTH EAST CENTRAL RAILWAY BILASPUR,2.36,APPROVED,2020-11-19,2021-03-15,2021-06-09,EDS Sought(State Government): 08/03/2021 Compliance Report: 03/06/2021 Stage-I : 15/03/2021 Stage-II: 09/06/2021,"visible in the PARIVESH 1.0 online list (2014 to mid-2022), not a census",https://forestsclearance.nic.in/Online_Status.aspx,2026-09-27
Madhya Pradesh,FP/MP/ROAD/121373/2021,6-MPC022/2021-BHO,Construction and widening of 2-lane to 4-lane of Sidhi-Singrauli (NH-75E,Road,MORTH(NH MPRDC),24.898,APPROVED,2021-02-02,2021-05-21,2021-09-23,EDS Sought(State Government): 23/03/2021 Compliance Report: 23/08/2021 Stage-I : 21/05/2021 Stage-II: 23/09/2021,"visible in the PARIVESH 1.0 online list (2014 to mid-2022), not a census",https://forestsclearance.nic.in/Online_Status.aspx,2026-09-27
Madhya Pradesh,FP/MP/ROAD/149399/2021,6-MPB045/2022-BHO,Four Laning of Vidisha-Mehulwa-Talbehat Section of NH-346 (old SH-19) from Design Chainage Km 0+000 to Km 26+500 (Package 1) near Deo Khajuri Village in the State of Madhya Pradesh,Road,NHAI,2.33,APPROVED,2021-11-17,2023-08-21,2024-02-19,EDS Sought(State Government): 04/07/2023 Compliance Report: 15/12/2023 Stage-I : 21/08/2023 Stage-II: 19/02/2024,"visible in the PARIVESH 1.0 online list (2014 to mid-2022), not a census",https://forestsclearance.nic.in/Online_Status.aspx,2026-09-27
Madhya Pradesh,FP/MP/ROAD/149532/2021,6-MPR015/2022-BHO,,Road,,42.83,APPROVED,2021-11-23,2025-05-07,2026-01-20,EDS Compliance Reply(Secretary): 07/01/2026 Compliance Report: 10/10/2025 Stage-I : 07/05/2025 Stage-II: 20/01/2026,"visible in the PARIVESH 1.0 online list (2014 to mid-2022), not a census",https://forestsclearance.nic.in/Online_Status.aspx,2026-09-27
Madhya Pradesh,FP/MP/ROAD/149883/2021,6-MPR043/2023-BHO,Four laning of Indore-Harda Section of NH-59 A (New NH-47),Road,NHAI PIU HARDA,40.053,APPROVED,2021-12-18,2024-06-18,2025-11-14,EDS Compliance Reply(Secretary): 09/10/2025 Compliance Report: 07/03/2025 Stage-I : 18/06/2024 Stage-II: 14/11/2025 Stage-I Addendum RO : 25 Apr 2025,"visible in the PARIVESH 1.0 online list (2014 to mid-2022), not a census",https://forestsclearance.nic.in/Online_Status.aspx,2026-09-27
Madhya Pradesh,FP/MP/ROAD/152561/2022,6-MPB031/2022-BHO,Indore to Edlabad NH347BG & 753L,Road,National Highways Authority of India,3.2,APPROVED,2022-02-18,2024-07-08,2026-07-22,EDS Compliance Reply(Secretary): 30/06/2026 Compliance Report: 03/03/2025 Stage-I : 08/07/2024 Stage-II: 22/07/2026 EDS after Stage-I : 09 Jun 2025 EDS after Stage-I : 14 Nov 2025 EDS after Stage-I : 18 Mar 2026,"visible in the PARIVESH 1.0 online list (2014 to mid-2022), not a census",https://forestsclearance.nic.in/Online_Status.aspx,2026-09-27
Madhya Pradesh,FP/MP/ROAD/155297/2022,6-MPR041/2023-BHO,"Improvement and Upgradation of existing 2-lane to 4-lane with paved shoulders, with/without Service Roads including Realignments and Shahgarh & Hirapur Bypasses from Mohari to Satia Ghat section of NH-934 & NH-34 (old NH-86) from Design Km 50+300 (Existing Km 49.789) to Design Km 89+878 (Existing Km 90.302) in the state of Madhya Pradesh",Road,NHAI,109.496,APPROVED,2022-05-11,2024-04-15,2025-02-18,EDS Compliance Reply(Secretary): 31/01/2025 Compliance Report: 05/07/2024 Stage-I : 15/04/2024 Stage-II: 18/02/2025 Stage-I Addendum RO : 29 Aug 2024,"visible in the PARIVESH 1.0 online list (2014 to mid-2022), not a census",https://forestsclearance.nic.in/Online_Status.aspx,2026-09-27
Madhya Pradesh,FP/MP/ROAD/156438/2022,6-MPR038/2023-BHO,"4 Laning of Indore-Muktainagar Section of NH-753L from Boregaon Buzurg, Khandwa District in MP Design Ch. 139+000 to Muktainagar, Jalgaon District in MH Design Ch. 216+278 (length 77.278 km) under Bharatmala Pariyojana in the state of Madhya Pradesh",Road,National Highways Authority of India,87.5709,APPROVED,2022-06-07,2023-12-29,2025-09-05,EDS Compliance Reply(Secretary): 29/07/2025 Compliance Report: 29/01/2024 Stage-I : 29/12/2023 Stage-II: 05/09/2025,"visible in the PARIVESH 1.0 online list (2014 to mid-2022), not a census",https://forestsclearance.nic.in/Online_Status.aspx,2026-09-27
Madhya Pradesh,FP/MP/ROAD/26325/2017,6-MPC025/2018-BHO,"Up-gradation from Km 66.000 (Hiran River) to Km. 130.000 (Sindoor River) of NH-12 (Package-II) (Design Length 64.00 Km.) to four lane with paved shoulder under NHDP-III through Engineering, Procurement & Construction (EPC) in the state of Madhya Pradesh ..",Road,National Highways Authority of India,11.081,APPROVED,2017-09-05,2018-05-07,2018-08-17,Compliance Report: 02/07/2018 Stage-I : 07/05/2018 Stage-II: 17/08/2018,"visible in the PARIVESH 1.0 online list (2014 to mid-2022), not a census",https://forestsclearance.nic.in/Online_Status.aspx,2026-09-27
Madhya Pradesh,FP/MP/ROAD/29516/2017,,WIDENING OF EXISTING 2-LANE TO 4 LANE CONFIGURATION OF NH-3 FROM GWALIOR TO SHIVPURI M.P.,Road,PIUNHAISHIVPURI,0.0,DELISTED (due to non-reply of EDS by UA within 90 days),2017-09-28,,,,"visible in the PARIVESH 1.0 online list (2014 to mid-2022), not a census",https://forestsclearance.nic.in/Online_Status.aspx,2026-09-27
Madhya Pradesh,FP/MP/ROAD/30476/2017,6-MPC021/2018-BHO,"Up-gradation from Km. 66.000 (Hiran River) to Km 130.000 (Sindoor River) of NH-12 (Package-II) (Design Length 64.000 Km.) to four lane with paved shoulder under NHDP-III through Engineering, Procurement & Construction (EPC) mode in the state of Madhya Pradesh.",Road,National Highways Authority of India,39.75,APPROVED,2017-12-04,2018-05-07,2018-09-28,EDS Sought(State Government): 13/04/2018 Compliance Report: 02/07/2018 Stage-I : 07/05/2018 Stage-II: 28/09/2018,"visible in the PARIVESH 1.0 online list (2014 to mid-2022), not a census",https://forestsclearance.nic.in/Online_Status.aspx,2026-09-27
Madhya Pradesh,FP/MP/ROAD/30503/2017,6-MPC023/2018-BHO,4/6 LANE FOR DELINKED PORTION OF 28.7 KM FROM KM 624.480 TO KM 653.225 of NH-7 (Mohgaon to Khawasa upto MP/MH Border OF NH-7) IN THE STATE OF MADHYA PRADESH,Road,National Highways Authority of India,37.178,APPROVED,2017-12-04,2018-05-03,2018-10-09,Compliance Report: 11/07/2018 Stage-I : 03/05/2018 Stage-II: 09/10/2018,"visible in the PARIVESH 1.0 online list (2014 to mid-2022), not a census",https://forestsclearance.nic.in/Online_Status.aspx,2026-09-27
Madhya Pradesh,FP/MP/ROAD/30614/2017,6-MPC052/2018-BHO,,Road,,21.72,APPROVED,2017-12-05,2018-09-20,2019-12-20,EDS Sought(State Government): 20/09/2018 Compliance Report: 21/11/2018 Stage-I : 20/09/2018 Stage-II: 20/12/2019,"visible in the PARIVESH 1.0 online list (2014 to mid-2022), not a census",https://forestsclearance.nic.in/Online_Status.aspx,2026-09-27
Madhya Pradesh,FP/MP/ROAD/36342/2018,6-MPC027/2021-BHO,Up-gradation / Four laning of stretch form km 8.300 to km 20.740 (total length 12.440 km) on Obedullaganj-Betul Section of NH- 69 in the state of Madhya Pradesh.,Road,National Highways Authority of India,14.116,APPROVED,2018-10-04,2021-05-10,2023-03-29,EDS Compliance Reply(Secretary): 18/01/2023 Compliance Report: 20/05/2022 Stage-I : 10/05/2021 Stage-II: 29/03/2023,"visible in the PARIVESH 1.0 online list (2014 to mid-2022), not a census",https://forestsclearance.nic.in/Online_Status.aspx,2026-09-27
Madhya Pradesh,FP/MP/ROAD/51088/2020,6-MPR005/2023-BHO,Proposal for diversion of forest land for Dindori-Mandla Road Nh-543 under FCA 1980 (Old Proposal No.FP/MP/ROAD/34428/2018),Road,MORTH (NH-MP),60.8669,APPROVED,2021-06-25,2023-07-03,2024-02-26,EDS Sought(State Government): 17/05/2023 Compliance Report: 12/01/2024 Stage-I : 03/07/2023 Stage-II: 26/02/2024,"visible in the PARIVESH 1.0 online list (2014 to mid-2022), not a census",https://forestsclearance.nic.in/Online_Status.aspx,2026-09-27
Madhya Pradesh,FP/MP/ROAD/51236/2020,6-MPC033/2021-BHO,Diversion of Forest Land under FCA 1980 for Bameetha Satna NH 75 18 km stretch from km 92 to km 110 in North Forest Area in Panna district.,Road,MORTH (NH-MP),39.0,IN-PRINCIPLE,2020-10-17,2021-06-28,,Stage-I : 28/06/2021,"visible in the PARIVESH 1.0 online list (2014 to mid-2022), not a census",https://forestsclearance.nic.in/Online_Status.aspx,2026-09-27
Mizoram,FP/MZ/ROAD/117867/2020,3-MZC 045/2022-SHI,Rehabilitation and Up-gradation to 2-lane with paved shoulders of Seling-Dulte section (Economic Corridor) of NH-6 from Existing Chainage km 0+000 to km 69+015 (Design Chainage km 0+000 to km 62+200),Road,NHIDCL,27.850022,APPROVED,2020-12-29,2023-04-17,2023-11-06,EDS Sought(State Government): 19/04/2023 Compliance Report: 21/07/2023 Stage-I : 17/04/2023 Stage-II: 06/11/2023,"visible in the PARIVESH 1.0 online list (2014 to mid-2022), not a census",https://forestsclearance.nic.in/Online_Status.aspx,2026-09-27
Mizoram,FP/MZ/ROAD/139992/2021,3-MZC 024/2022-SHI,Construction of 2-laning with hard shoulder configuration of NH 302 and NH54 (A) from Lunglei-Tlabung section of NH-302 in the State of Mizoram Under ‘Bharatmala Pariyojana’ on EPC Mode,Road,NHIDCL,39.81,APPROVED,2021-03-29,2022-08-30,2022-12-16,EDS Sought(State Government): 20/06/2022 Compliance Report: 12/01/2023 Stage-I : 30/08/2022 Stage-II: 16/12/2022,"visible in the PARIVESH 1.0 online list (2014 to mid-2022), not a census",https://forestsclearance.nic.in/Online_Status.aspx,2026-09-27
Mizoram,FP/MZ/ROAD/23969/2017,G.20015/2/91-FST,Widening and upgradation of NH-54 to 2-Lane with paved shoulder and geometric improvements from Km 8.00 to Km 380.00 in the State of Mizoram (JICA Funded) Km 125.00 to Km 250.00 (Package 2),Road,NHIDCL,0.48,IN-PRINCIPLE,2017-02-04,2020-01-27,,Stage-I : 27/01/2020,"visible in the PARIVESH 1.0 online list (2014 to mid-2022), not a census",https://forestsclearance.nic.in/Online_Status.aspx,2026-09-27
Mizoram,FP/MZ/ROAD/41893/2019,3-MZ C 007/2020-SHI,"Widening and upgradation of NH-54 to 2-Lane with paved shoulder and geometric improvements from Km 8.00 to Km 380.00 in the State of Mizoram (JICA Funded), Km 125.0 to Km 250.0 (Package-2)",Road,NHIDCL,0.78,APPROVED,2019-09-04,2020-09-04,2021-11-23,EDS Sought(State Government): 14/10/2020 Compliance Report: 30/11/2021 Stage-I : 04/09/2020 Stage-II: 23/11/2021,"visible in the PARIVESH 1.0 online list (2014 to mid-2022), not a census",https://forestsclearance.nic.in/Online_Status.aspx,2026-09-27
Mizoram,FP/MZ/ROAD/43622/2019,3-MZ C 059/2020-SHI,"Widening and upgradation of NH-54 to 2-Lane with paved shoulder and geometric improvements from Km 8.00 to Km 380.00 in the State of Mizoram (JICA Funded), Km 125.0 to Km 250.0 (Package-2)",Road,NHIDCL,8.9856,APPROVED,2020-01-02,2022-06-14,2024-02-14,EDS Compliance Reply(Secretary): 08/02/2024 Compliance Report: 22/02/2023 Stage-I : 14/06/2022 Stage-II: 14/02/2024,"visible in the PARIVESH 1.0 online list (2014 to mid-2022), not a census",https://forestsclearance.nic.in/Online_Status.aspx,2026-09-27
Mizoram,FP/MZ/ROAD/52947/2020,3-MZB024/2021-SHI,"Construction of Bypasses at Chhiathlang & Serchhip (Package-1) on Aizawl-Tuipang section of NH-54 in the state of Mizoram Engineering, Procurement and Construction (EPC) mode with JICA loan assistance",Road,NHIDCL,2.43278,APPROVED,2020-11-01,2023-04-17,2023-12-21,EDS Sought(State Government): 15/02/2023 Compliance Report: 09/08/2023 Stage-I : 17/04/2023 Stage-II: 21/12/2023,"visible in the PARIVESH 1.0 online list (2014 to mid-2022), not a census",https://forestsclearance.nic.in/Online_Status.aspx,2026-09-27
Orissa,FP/OR/MIN/150133/2021,8-06/2023-FC,Subhadra OCP,Mining,Mahanadi Coalfields Limited,125.24,APPROVED,2022-01-25,2023-12-05,2025-01-24,EDS Compliance Reply(Secretary): 13/01/2025 Compliance Report: 30/12/2024 Stage-I : 05/12/2023 Stage-II: 24/01/2025 EDS letter : 27 Feb 2023 SIR Request : 27 Feb 2023 SIR received : 05 Jul 2023 Reminder  : 15 Aug 2023 EDS after Stage-I : 17 Dec 2024 Corrigendum : 19 Feb 2025,"visible in the PARIVESH 1.0 online list (2014 to mid-2022), not a census",https://forestsclearance.nic.in/Online_Status.aspx,2026-09-27
Orissa,FP/OR/MIN/155017/2022 View for Rediversion,8-18/2002-FC Vol,BHUBANESWARI OCP,Mining,BHUBANESWARI OC EXPANSION MAHANADI COALFIELDS LIMITED,20.383,APPROVED,2022-04-30,2024-09-24,2025-05-30,EDS Sought(State Government): 15/07/2024 Compliance Report: 11/04/2025 Stage-I : 24/09/2024 Stage-II: 30/05/2025 EDS(Addl. Info) : 05 Jul 2023 SIR requested : 21 Jul 2023 Copy of SIR uploaded : 15 Jan 2024 Reminder letter : 02 Feb 2024 EDS to RO : 28 Jul 2026,"visible in the PARIVESH 1.0 online list (2014 to mid-2022), not a census",https://forestsclearance.nic.in/Online_Status.aspx,2026-09-27
Orissa,FP/OR/MIN/29981/2017,8-17/2022-FC,Pottangi Bauxite Mines,Mining,NATIONAL ALUMINIUM COMPANY LIMITED,697.979,APPROVED,2017-11-01,2023-01-10,2023-08-15,EDS Sought(State Government): 08/12/2022 Compliance Report: 02/08/2023 Stage-I : 10/01/2023 Stage-II: 15/08/2023 SIR request : 28 Jul 2022 SIR received : 29 Sep 2022 brief agenda : 14 Oct 2022 EDS to IRO : 14 Nov 2022 brief agenda : 08 Dec 2022,"visible in the PARIVESH 1.0 online list (2014 to mid-2022), not a census",https://forestsclearance.nic.in/Online_Status.aspx,2026-09-27
Orissa,FP/OR/MIN/32796/2018,8-25/2021-FC,SIARMAL OCP OF MAHANADI COALFIELDS LIMITED,Mining,SIARMAL OCP MAHANADI COALFIELDS LIMITED,349.709,APPROVED,2018-03-28,2022-04-21,2022-11-03,EDS Compliance Reply(Secretary): 01/10/2022 Compliance Report: 30/09/2022 Stage-I : 21/04/2022 Stage-II: 03/11/2022 EDS(Addl. Info) : 05 Oct 2021 SIR Requested : 05 Oct 2021 SIR Received : 06 Dec 2021 EDS : 24 Dec 2021 Factsheet : 18 Feb 2022 Corrigendum : 16 Nov 2022,"visible in the PARIVESH 1.0 online list (2014 to mid-2022), not a census",https://forestsclearance.nic.in/Online_Status.aspx,2026-09-27
Orissa,FP/OR/MIN/39355/2019,8-280/1989-FC Vol.,,Mining,,417.073,APPROVED,2019-03-16,2023-12-27,2025-02-19,EDS Sought(State Government): 14/11/2023 Compliance Report: 27/11/2024 Stage-I : 27/12/2023 Stage-II: 19/02/2025 SIR Requested : 29 Dec 2021 Copy of SIR uploaded : 01 Mar 2022 Brief Agenda : 02 Jun 2022 SIR requested : 27 Jun 2022 brief agenda : 14 Oct 2022 EDS to IRO : 10 Nov 2022 Brief Factsheet : 25 Jan 2023 EDS(Addl. Info) : 20 Feb 2023 brief agenda : 21 Feb 2023 EDS(Addl. Info) : 02 Mar 2023 EDS(Addl. Info) : 01 Sep 2023,"visible in the PARIVESH 1.0 online list (2014 to mid-2022), not a census",https://forestsclearance.nic.in/Online_Status.aspx,2026-09-27
Orissa,FP/OR/MIN/50293/2020,8-07/2024-FC,KULDA EXPANSION OCP,Mining,"KULDA EXPANSION OCP, BASUNDHARA AREA, MCL",134.69,APPROVED,2021-03-30,2025-07-10,2026-05-27,EDS Sought(State Government): 06/05/2025 Compliance Report: 08/05/2026 Stage-I : 10/07/2025 Stage-II: 27/05/2026 EDS(Addl. Info) : 11 Jun 2024 SIR requested : 11 Jun 2024 Copy of SIR uploaded : 06 Aug 2024 EDS(Addl. Info) : 06 Jan 2025 Copy of SIR uploaded : 09 Jun 2025,"visible in the PARIVESH 1.0 online list (2014 to mid-2022), not a census",https://forestsclearance.nic.in/Online_Status.aspx,2026-09-27
Orissa,FP/OR/Pipeline/38008/2019,5-ORB476/2021-BHU,Paradip Somnathpur Haldia Product Pipeline,Pipeline,INDIAN OIL CORPORATION LIMITED SERPL BALASORE,3.657,APPROVED,2019-01-08,2021-12-03,2022-12-28,Compliance Report: 23/12/2022 Stage-I : 03/12/2021 Stage-II: 28/12/2022,"visible in the PARIVESH 1.0 online list (2014 to mid-2022), not a census",https://forestsclearance.nic.in/Online_Status.aspx,2026-09-27
Orissa,FP/OR/RAIL/156513/2022,5-ORA626/2024-BHU,"Jeypore- Malkangiri New BG Line,East Coast Railway.",Railway,EAST COAST RAILWAY,452.705,APPROVED,2022-07-26,2024-03-14,2026-02-18,Compliance Report: 06/01/2026 Stage-I : 14/03/2024 Stage-II: 18/02/2026 Modified Stage 1 con : 09 Sep 2025,"visible in the PARIVESH 1.0 online list (2014 to mid-2022), not a census",https://forestsclearance.nic.in/Online_Status.aspx,2026-09-27
Orissa,FP/OR/RAIL/18705/2016,5-ORA352/2018-BHU,Khurda Road Bolangir New B.G. Raillink Project Phase-II i.e. from km 36-112,Railway,EAST COAST RAILWAY,59.717,APPROVED,2016-04-04,2018-07-18,2020-01-21,Compliance Report: 07/07/2020 Stage-I : 18/07/2018 Stage-II: 21/01/2020,"visible in the PARIVESH 1.0 online list (2014 to mid-2022), not a census",https://forestsclearance.nic.in/Online_Status.aspx,2026-09-27
Orissa,FP/OR/RAIL/22426/2016,,,Railway,,23.2,DELISTED (due to non-reply of EDS by UA within 90 days),2016-12-02,,,,"visible in the PARIVESH 1.0 online list (2014 to mid-2022), not a census",https://forestsclearance.nic.in/Online_Status.aspx,2026-09-27
Orissa,FP/OR/RAIL/23845/2017,5-ORA386/2019-BHU,"Proposal for diversion of 244.623 ha of forest land for Talcher-Bimlagarh New B.G. Rail link Project, Phase-II(Chainage 25.00km to 153.90km)",Railway,EAST COAST RAILWAY,244.623,APPROVED,2017-02-03,2019-07-01,2020-06-04,Compliance Report: 27/05/2020 Stage-I : 01/07/2019 Stage-II: 04/06/2020,"visible in the PARIVESH 1.0 online list (2014 to mid-2022), not a census",https://forestsclearance.nic.in/Online_Status.aspx,2026-09-27
Orissa,FP/OR/RAIL/29907/2017,5-ORA374/2019-BHU,Khurda Road Bolangir New B.G. Raillink Project Phase-II i.e. from 238-289,Railway,EAST COAST RAILWAY,69.77,APPROVED,2017-11-06,2019-08-20,2024-08-16,EDS Compliance Reply(Secretary): 08/08/2024 Compliance Report: 30/07/2024 Stage-I : 20/08/2019 Stage-II: 16/08/2024,"visible in the PARIVESH 1.0 online list (2014 to mid-2022), not a census",https://forestsclearance.nic.in/Online_Status.aspx,2026-09-27
Orissa,FP/OR/RAIL/32565/2018,5-ORC441/2021-BHU,Khurda Road Bolangir New B.G.Raillink Project Phase IV i.e. from Km 180-238,Railway,EAST COAST RAILWAY,13.22,APPROVED,2018-03-24,2021-02-09,2022-11-18,Compliance Report: 02/11/2022 Stage-I : 09/02/2021 Stage-II: 18/11/2022,"visible in the PARIVESH 1.0 online list (2014 to mid-2022), not a census",https://forestsclearance.nic.in/Online_Status.aspx,2026-09-27
Orissa,FP/OR/RAIL/37351/2018,5-ORC405/2020-BHU,SAMBALPUR-TITLAGARH DOUBLING RAILWAY PROJECT,Railway,EAST COAST RAILWAY,10.42,APPROVED,2018-12-03,2020-04-17,2023-10-13,EDS Sought(State Government): 01/06/2020 Compliance Report: 27/09/2023 Stage-I : 17/04/2020 Stage-II: 13/10/2023,"visible in the PARIVESH 1.0 online list (2014 to mid-2022), not a census",https://forestsclearance.nic.in/Online_Status.aspx,2026-09-27
Orissa,FP/OR/RAIL/45694/2020,5-ORA528/2022-BHU,Khurda Road - Bolangir New BG Rail Link Project i.e. from Km112-180,Railway,EAST COAST RAILWAY,594.618,APPROVED,2020-06-05,2023-02-13,2025-01-13,EDS Sought(State Government): 08/12/2022 Compliance Report: 18/12/2024 Stage-I : 13/02/2023 Stage-II: 13/01/2025 Copy of SIR uploaded by Regional Office on: 23 Dec 2022,"visible in the PARIVESH 1.0 online list (2014 to mid-2022), not a census",https://forestsclearance.nic.in/Online_Status.aspx,2026-09-27
Orissa,FP/OR/ROAD/14654/2015,,NH-200 Talchar-Dubari-Chandikhole,Road,NATIONAL HIGHWAYS ODISHA,105.458,Pending with UA,2015-08-14,,,,"visible in the PARIVESH 1.0 online list (2014 to mid-2022), not a census",https://forestsclearance.nic.in/Online_Status.aspx,2026-09-27
Orissa,FP/OR/ROAD/148087/2021,5-ORC597/2023-BHU,"Rehabilitation and Upgradation to Four laning of 7.6 km stretch (km 229.00 to km 236.600) inside buffer zone of Similipal Tiger Reserve of Baharagora to Singhara Section (km 199.200 to km 310.806) of NH-6 in the State of Odisha under NHDP Phase- IV, on EPC mode",Road,NATIONAL HIGHWAY AUTHORITY OF INDIA PIU BALASORE,32.225,APPROVED,2021-10-05,2023-10-31,2025-07-08,Compliance Report: 02/07/2025 Stage-I : 31/10/2023 Stage-II: 08/07/2025,"visible in the PARIVESH 1.0 online list (2014 to mid-2022), not a census",https://forestsclearance.nic.in/Online_Status.aspx,2026-09-27
Orissa,FP/OR/ROAD/17128/2015,5-ORB317/2017-BHU,Rehabilitation & Upgradation of NH-149 from Pallahara to Pitri Section (Pallahara Bypass road),Road,NH DIVISION PALLAHARA,4.546,IN-PRINCIPLE,2015-12-18,2018-03-13,,EDS Compliance Reply(Secretary): 22/05/2024 Stage-I : 13/03/2018,"visible in the PARIVESH 1.0 online list (2014 to mid-2022), not a census",https://forestsclearance.nic.in/Online_Status.aspx,2026-09-27
Orissa,FP/OR/ROAD/24576/2017,5-ORA357/2018-BHU,Rehabilitation and upgradation to two/four laning of Talchar-Dubari-Chandikhole section of NH-200 in Odisha,Road,National Highways Authority of India,176.231,APPROVED,2017-02-24,2018-12-05,2020-12-03,EDS Sought(State Government): 05/12/2018 Compliance Report: 10/11/2020 Stage-I : 05/12/2018 Stage-II: 03/12/2020,"visible in the PARIVESH 1.0 online list (2014 to mid-2022), not a census",https://forestsclearance.nic.in/Online_Status.aspx,2026-09-27
Orissa,FP/OR/ROAD/9123/2015,5-ORA293/2016-BHU,Cuttack-Angul Section of NH 42(New 55),Road,NATIONAL HIGHWAYS AUTHORITY OF INDIA PIU SAMBALPUR,66.783,APPROVED,2015-02-07,2017-02-23,2020-12-03,EDS Sought(State Government): 13/02/2017 Compliance Report: 10/11/2020 Stage-I : 23/02/2017 Stage-II: 03/12/2020,"visible in the PARIVESH 1.0 online list (2014 to mid-2022), not a census",https://forestsclearance.nic.in/Online_Status.aspx,2026-09-27
Orissa,FP/OR/ROAD/9955/2015,5-ORA319/2017-BHU,Rehabilitation and Upgradation of existing 2-lane road to 4-lane of NH Stretches  Angul-Sambalpur (Jn. of NH-6 at Sambalpur) Section of NH-42 from km.112.000  to Km.265.000  (Length = 153 km ) under NHDP – IV-B [Group B (Package No. OR/DPR/NHDP/IV/06)],Road,NATIONAL HIGHWAYS AUTHORITY OF INDIA PIU SAMBALPUR,110.179,APPROVED,2015-02-11,2017-08-07,2020-12-03,Compliance Report: 16/11/2020 Stage-I : 07/08/2017 Stage-II: 03/12/2020,"visible in the PARIVESH 1.0 online list (2014 to mid-2022), not a census",https://forestsclearance.nic.in/Online_Status.aspx,2026-09-27
Punjab,FP/PB/Pipeline/148157/2021,9-PBB388-2022-CHA,Bathinda-Sangrur pipeline Project,Pipeline,Hindustan Petroleum Corporation Limited,0.05441,APPROVED,2021-10-07,2022-12-27,2023-05-18,EDS Sought(State Government): 22/12/2022 Compliance Report: 20/03/2023 Stage-I : 27/12/2022 Stage-II: 18/05/2023 EDS(Addl. Info) : 21 Sep 2022 EDS(Addl. Info) : 15 Dec 2022,"visible in the PARIVESH 1.0 online list (2014 to mid-2022), not a census",https://forestsclearance.nic.in/Online_Status.aspx,2026-09-27
Punjab,FP/PB/Pipeline/156144/2022,FOREST-FCA0F-1/52/2022-FCA,Rupnagar City Gas Distribution Network,Pipeline,BHARAT PETROLEUM CORPORATION LIMITED,0.7882,APPROVED,2022-06-03,2023-03-07,2023-07-11,Compliance Report: 30/06/2023 Stage-I : 07/03/2023 Stage-II: 11/07/2023,"visible in the PARIVESH 1.0 online list (2014 to mid-2022), not a census",https://forestsclearance.nic.in/Online_Status.aspx,2026-09-27
Punjab,FP/PB/RAIL/49268/2020,9-PBC431-2021-CHA,Diversion of 28.092 ha. of forest land for use  for doubling of Railway Line by Northern Railway Between Ludhiana and Mullanpur and Ludhiana yard station Km1/575 to 21/325 L.H.S. and km 0/700 to 21/80,Railway,DEPUTY CHIEF ENGINEER CONSTRUCTION NORTHERN RAILWAY JALANDHAR CITY,28.092,APPROVED,2020-08-31,2021-10-12,2022-02-10,EDS Sought(State Government): 06/10/2021 Compliance Report: 04/01/2022 Stage-I : 12/10/2021 Stage-II: 10/02/2022,"visible in the PARIVESH 1.0 online list (2014 to mid-2022), not a census",https://forestsclearance.nic.in/Online_Status.aspx,2026-09-27
Punjab,FP/PB/ROAD/11670/2015,9-PBC400-2015-CHA,4-laning of Chandigarh – Kharar Section of NH-21 (New NH-5) in the State of Punjab,Road,NHAI PIU CHANDIGARH,13.752,APPROVED,2015-04-17,2015-09-28,2016-02-05,EDS Sought(State Government): 02/11/2015 Compliance Report: 12/12/2017 Stage-I : 28/09/2015 Stage-II: 05/02/2016,"visible in the PARIVESH 1.0 online list (2014 to mid-2022), not a census",https://forestsclearance.nic.in/Online_Status.aspx,2026-09-27
Punjab,FP/PB/ROAD/118598/2021,9-PBB492-2021-CHA,Diversion of 0.888 ha. Forest land for IT City Chowk to Kurali Road from Ch. 0+000 to Ch. 31+230,Road,NHAI PIU CHANDIGARH,0.888,APPROVED,2021-01-05,2022-03-02,2022-09-01,EDS Compliance Reply(Secretary): 11/08/2022 Compliance Report: 24/06/2022 Stage-I : 02/03/2022 Stage-II: 01/09/2022,"visible in the PARIVESH 1.0 online list (2014 to mid-2022), not a census",https://forestsclearance.nic.in/Online_Status.aspx,2026-09-27
Punjab,FP/PB/ROAD/120440/2021,9-PBC457-2021-CHA,Development of 6 - Lane Jalandhar Bypass starting from Kahlwan (NH-03) (Design Km 0+000) ending at Kang Sahbu (NH-703) (Design Km 46+500) in the State of Punjab under Bharatmala Pariyojna,Road,National Highways Authority of India,9.204,APPROVED,2021-01-23,2021-11-23,2022-03-23,EDS Sought(State Government): 16/11/2021 Compliance Report: 08/03/2022 Stage-I : 23/11/2021 Stage-II: 23/03/2022,"visible in the PARIVESH 1.0 online list (2014 to mid-2022), not a census",https://forestsclearance.nic.in/Online_Status.aspx,2026-09-27
Punjab,FP/PB/ROAD/120446/2021,9-PBB491-2021-CHA,Construction of Four/Six Lane Greenfield Ludhiana - Rupnagar National Highway No. NH- 205K,Road,NATIONAL HIGHWAY AUTHORITY OF INDIA PIU LUDHIANA,3.06,APPROVED,2021-01-28,2022-02-10,2022-04-07,EDS Sought(State Government): 24/01/2022 Compliance Report: 14/03/2022 Stage-I : 10/02/2022 Stage-II: 07/04/2022,"visible in the PARIVESH 1.0 online list (2014 to mid-2022), not a census",https://forestsclearance.nic.in/Online_Status.aspx,2026-09-27
Punjab,FP/PB/ROAD/120447/2021,9-PBB490-2021-CHA,Construction of Four/Six Lane Greenfield Ludhiana - Rupnagar National Highway No. NH- 205K (Package-2),Road,NATIONAL HIGHWAY AUTHORITY OF INDIA PIU LUDHIANA,3.3329,APPROVED,2021-01-28,2022-02-10,2022-03-30,EDS Sought(State Government): 24/01/2022 Compliance Report: 08/03/2022 Stage-I : 10/02/2022 Stage-II: 30/03/2022,"visible in the PARIVESH 1.0 online list (2014 to mid-2022), not a census",https://forestsclearance.nic.in/Online_Status.aspx,2026-09-27
Punjab,FP/PB/ROAD/143471/2021,9-PBC001-2022-CHA,Diversion of Protected Forest Land in Community Reserve village Gumjal from existing Km 31.705 to Km 35.833 of NH-62 (Design Km 28.400 to Km 32.528) for Four Laning from Malout via Abohar (NH-07) to Sadhuwali (NH-62) in the State of Punjab under Bharatmala Pariyojana,Road,PIU BATHINDA NHAI,5.8867,APPROVED,2021-06-15,2022-02-16,2022-03-30,Compliance Report: 08/03/2022 Stage-I : 16/02/2022 Stage-II: 30/03/2022,"visible in the PARIVESH 1.0 online list (2014 to mid-2022), not a census",https://forestsclearance.nic.in/Online_Status.aspx,2026-09-27
Punjab,FP/PB/ROAD/144279/2021,9-PBC401-2022-CHA,Diversion of 41.4498 ha (Dive. 29.19125 Ha. from Km 201.500 to 212.500 and fro Km 229.690 to 253.540 under DFO ferozpur) and (Div. 12.2573 ha. from Km 253.540 to 269.960 under DFO muktsar) forest land for Up gradation of 2 Lane with Paved shoulders Configuration of NH -354 section Arifke - Ferozpur - Shri Muktsar Sahib - Malaut from 201.500 to Km 2,Road,EXECUTIVE ENGINEER CENTRAL WORKS DIVISION PB PWD B AND R BRANCH FEROZEPUR,41.4498,APPROVED,2021-07-09,2023-01-03,2023-03-06,EDS Sought(State Government): 23/12/2022 Compliance Report: 22/02/2023 Stage-I : 03/01/2023 Stage-II: 06/03/2023 EDS(Addl. Info) : 02 Nov 2022 EDS(Addl. Info) : 06 Dec 2022,"visible in the PARIVESH 1.0 online list (2014 to mid-2022), not a census",https://forestsclearance.nic.in/Online_Status.aspx,2026-09-27
Punjab,FP/PB/ROAD/147246/2021,9-PBC455-2021-CHA,"Four Laning from Malout (Design Km 45.600, Existing Km 80.200 of NH-07) via Abohar (Design Km 77.600, Existing Km 48.200 of NH-07)  to Sadhuwali (Design Km 33.000, Existing Km 33.000 of NH-62) Design Length = 65.000 Km in the State of Punjab",Road,PIU BATHINDA NHAI,94.6066,APPROVED,2021-09-14,2021-11-23,2021-12-21,EDS Sought(State Government): 16/11/2021 Compliance Report: 03/12/2021 Stage-I : 23/11/2021 Stage-II: 21/12/2021,"visible in the PARIVESH 1.0 online list (2014 to mid-2022), not a census",https://forestsclearance.nic.in/Online_Status.aspx,2026-09-27
Punjab,FP/PB/ROAD/149035/2021,9-PBC345-2022-CHA,Diversion of Forest Land for Upgradation and 4-Laning of existing Beas – Baba Bakala – Batala - Dera Baba Nanak Section (NH 503D) starting from Beas at NH-3 (Km 417+700 of NH 3) and terminating at Kartarpur Sahib Corridor (Km 0+000 of NH 354-B & KM 153+800 of NH 354) at Dera Baba Nanak in the state of Punjab under Bharatmala Pariyojana,Road,NATIONAL HIGHWAY AUTHORITY OF INDIA,56.2903,APPROVED,2021-11-04,2022-05-25,2022-07-21,EDS Sought(State Government): 20/05/2022 Compliance Report: 04/07/2022 Stage-I : 25/05/2022 Stage-II: 21/07/2022,"visible in the PARIVESH 1.0 online list (2014 to mid-2022), not a census",https://forestsclearance.nic.in/Online_Status.aspx,2026-09-27
Punjab,FP/PB/ROAD/150445/2021,9-PBB334-2023-CHA,Proposal for diversion of 3.7945 ha of forest land for Mohali to Sirhind Road from Ch. 0+000 to Ch. 27+370,Road,NHAI PIU CHANDIGARH,3.7945,APPROVED,2021-12-24,2023-04-24,2024-02-08,EDS Sought(State Government): 20/04/2023 Compliance Report: 09/06/2023 Stage-I : 24/04/2023 Stage-II: 08/02/2024 EDS(Addl. Info) : 07 Apr 2023 EDS(Addl. Info) : 12 Apr 2023,"visible in the PARIVESH 1.0 online list (2014 to mid-2022), not a census",https://forestsclearance.nic.in/Online_Status.aspx,2026-09-27
Punjab,FP/PB/ROAD/15445/2015,9-PBC459-2015-CHA,Diversion of Forest land 12.736 Ha for construction of Additional Structures & Service Road from Km. 448.510 to Km. 473.068 (Amritsar Bypass) already Four Laned Road in the Section of NH-1 in State of Punjab,Road,National Highways Authority of India,12.736,APPROVED,2015-09-15,2016-02-09,2017-08-22,EDS Sought(State Government): 27/01/2016 Compliance Report: 22/03/2016 Stage-I : 09/02/2016 Stage-II: 22/08/2017,"visible in the PARIVESH 1.0 online list (2014 to mid-2022), not a census",https://forestsclearance.nic.in/Online_Status.aspx,2026-09-27
Punjab,FP/PB/ROAD/156634/2022,9-PBC424-2022-CHA,Diversion of 9.995 ha forest land for  the work of widening/Upgradation to two lane with paved shoulder of Sri Muktsar sahib to Malout road from km 279.400 to km 307.060 section of NH-354,Road,EXECUTIVE ENGINEER CENTRAL WORKS DIVISION  PWD BR ABOHAR,9.995,APPROVED,2022-06-10,2023-02-17,2023-03-25,EDS Sought(State Government): 25/01/2023 Compliance Report: 13/03/2023 Stage-I : 17/02/2023 Stage-II: 25/03/2023 EDS(Addl. Info) : 27 Dec 2022 EDS(Addl. Info) : 18 Jan 2023,"visible in the PARIVESH 1.0 online list (2014 to mid-2022), not a census",https://forestsclearance.nic.in/Online_Status.aspx,2026-09-27
Punjab,FP/PB/ROAD/16345/2015,9-PBB343-2019-CHA,"Development to four lanes with paved side shoulders of Jalandhar-	Hoshiarpur section of NH-03 (Old name NH-70), from design Ch. 7.00+830 (Existing Km 8+000) at village Jandu Singha to Design Ch 11.400 (Existing Km 11.570) at village Madar, District Jalandhar, (Project Length = 3.570 Km), in the State of Punjab on Engineering, Procurement & Construc",Road,EXECUTIVE ENGINEER CENTRAL WORKS DIVISION PWD B AND R HOSHIARPUR,3.9,APPROVED,2015-11-03,2019-07-10,2020-09-04,Compliance Report: 18/09/2019 Stage-I : 10/07/2019 Stage-II: 04/09/2020,"visible in the PARIVESH 1.0 online list (2014 to mid-2022), not a census",https://forestsclearance.nic.in/Online_Status.aspx,2026-09-27
Punjab,FP/PB/ROAD/16477/2015,9-PBC348-2016-CHA,Diversion 60.8669 ha (24.4240 ha in Jalandhar Forest Division and 36.4429 ha in Hoshiarpur Forest Division) of forest area for the purpose of 4-laning of Jalandhar- Hoshiarpur-Punjab/ Himachal Border section of NH 70,Road,EXECUTIVE ENGINEER CENTRAL WORKS DIVISION PWD B AND R HOSHIARPUR,60.8669,APPROVED,2015-11-12,2017-05-18,2017-10-24,EDS Sought(State Government): 09/05/2017 Compliance Report: 25/10/2017 Stage-I : 18/05/2017 Stage-II: 24/10/2017,"visible in the PARIVESH 1.0 online list (2014 to mid-2022), not a census",https://forestsclearance.nic.in/Online_Status.aspx,2026-09-27
Punjab,FP/PB/ROAD/18634/2016,9-PBC405-2016-CHA,widening of NH-64 from Zirakpur to Patiala Section,Road,CENTRAL WORKS DIVISION PB PWD BRANCH PATIALA,9.5876,APPROVED,2016-03-22,2016-11-02,2017-05-18,EDS Sought(State Government): 12/10/2016 Compliance Report: 22/02/2017 Stage-I : 02/11/2016 Stage-II: 18/05/2017,"visible in the PARIVESH 1.0 online list (2014 to mid-2022), not a census",https://forestsclearance.nic.in/Online_Status.aspx,2026-09-27
Punjab,FP/PB/ROAD/29454/2017,9-PBB368-2018-CHA,,Road,,1.28,APPROVED,2017-09-24,2018-09-10,2019-05-13,EDS Sought(State Government): 11/09/2018 Compliance Report: 24/01/2019 Stage-I : 10/09/2018 Stage-II: 13/05/2019,"visible in the PARIVESH 1.0 online list (2014 to mid-2022), not a census",https://forestsclearance.nic.in/Online_Status.aspx,2026-09-27
Punjab,FP/PB/ROAD/33671/2018,9-PBC372-2018-CHA,DIVERSION OF FOREST LAND 85.599 Ha FOR FOUR LANING OF EXISTING 2 LANE ROAD FROM TALWANDI BHAI TO FEROZPUR NH-05 KM 170.380 TO 194.040 IN THE STATE OF PUNJAB,Road,NATIONAL HIGHWAY AUTHORITY OF INDIA PIU LUDHIANA,85.599,APPROVED,2018-05-18,2018-08-30,2018-12-11,EDS Sought(State Government): 10/08/2018 Compliance Report: 14/11/2018 Stage-I : 30/08/2018 Stage-II: 11/12/2018,"visible in the PARIVESH 1.0 online list (2014 to mid-2022), not a census",https://forestsclearance.nic.in/Online_Status.aspx,2026-09-27
Punjab,FP/PB/ROAD/48797/2020,9-PBC440-2021-CHA,Six-Laning of Jodhpur Romana (Bathinda)- Mandi Dabwali (Punjab/Haryana Border) Section of NH-54  in the State of Punjab on Hybrid Annuity Mode.,Road,PIU BATHINDA NHAI,35.264,APPROVED,2020-08-19,2021-10-20,2021-12-22,Compliance Report: 03/12/2021 Stage-I : 20/10/2021 Stage-II: 22/12/2021,"visible in the PARIVESH 1.0 online list (2014 to mid-2022), not a census",https://forestsclearance.nic.in/Online_Status.aspx,2026-09-27
Punjab,FP/PB/ROAD/9516/2015,9-PBC339-2015-CHA,4-laning of Kharar-Kurali Section of NH-21 (New NH-205) including proposed Kurali byepass,Road,NHAI PIU CHANDIGARH,10.667,APPROVED,2015-02-05,2015-06-15,2015-08-20,EDS Sought(State Government): 01/10/2015 Compliance Report: 11/12/2017 Stage-I : 15/06/2015 Stage-II: 20/08/2015,"visible in the PARIVESH 1.0 online list (2014 to mid-2022), not a census",https://forestsclearance.nic.in/Online_Status.aspx,2026-09-27
Rajasthan,FP/RJ/ROAD/17192/2015,8B/RAJ032/2022-JPR,"Widening and improvement of existing intermediate lane to 2 lane with paved shoulder from design km 0+000 to km 88+800,Charbuja to Neechali Oden near NH-8 of NH-162E in State of Rajasthan",Road,PWD,4.032,APPROVED,2017-04-13,2022-06-13,2023-06-07,Compliance Report: 10/03/2023 Stage-I : 13/06/2022 Stage-II: 07/06/2023,"visible in the PARIVESH 1.0 online list (2014 to mid-2022), not a census",https://forestsclearance.nic.in/Online_Status.aspx,2026-09-27
Rajasthan,FP/RJ/ROAD/23867/2017,8B/RAJ/06/14/2016/FC,Up gradation and strengthening of existing 2 lane Road to 2 lane with paved shoulder from Nagaur to Bikaner NH 89 Km 161/0 to 278/0,Road,PUBLIC WORKS DEPARTMENT RAJASTHAN JAIPUR,8.18,APPROVED,2017-02-11,2017-09-12,2018-06-28,EDS Sought(State Government): 08/08/2017 Compliance Report: 19/04/2018 Stage-I : 12/09/2017 Stage-II: 28/06/2018,"visible in the PARIVESH 1.0 online list (2014 to mid-2022), not a census",https://forestsclearance.nic.in/Online_Status.aspx,2026-09-27
Rajasthan,FP/RJ/ROAD/36182/2018,8B/Raj/06/2/2020/FC,"Diversion of forest land for development of 8 lanes (Greenfield Highway) from Haryana- Rajasthan Boarder (Ch. 79.394 Km) near Firozpur Jhirka to Itawa (Ch. 284.000 Km) Section of NH-148N (Total length 204.606 Km), Under BHARATMALA PARIYOJANA Lot-4/Pkg-4 in the state of Rajasthan.",Road,NATIONAL HIGHWAY AUTHORITY OF INDIA PIU SAWAIMADHOPUR,27.6396,APPROVED,2018-10-18,2020-02-20,2023-05-01,EDS Compliance Reply(Secretary): 26/04/2023 Compliance Report: 14/02/2022 Stage-I : 20/02/2020 Stage-II: 01/05/2023,"visible in the PARIVESH 1.0 online list (2014 to mid-2022), not a census",https://forestsclearance.nic.in/Online_Status.aspx,2026-09-27
Rajasthan,FP/RJ/ROAD/36366/2018,8B/RAJ009/2023-JPR,Widening /strengthening/ Up-gradation to two lane with paved shoulder from existing chainage 148.170(Junction with NH-8) to 211/100 (Deval- Dungarpur-Hirata-Varda-Sagwara) section of NH-927A in the State of Rajasthan,Road,MINISTRY OF ROAD TRANSPORT & HIGHWAYS,7.9288,Rejected,2018-10-05,,2023-10-31,EDS Sought(State Government): 29/09/2023 Stage-II: 31/10/2023,"visible in the PARIVESH 1.0 online list (2014 to mid-2022), not a census",https://forestsclearance.nic.in/Online_Status.aspx,2026-09-27
Rajasthan,FP/RJ/ROAD/36597/2018,8B/Raj/06/22/2020,"Diversion of forest land for Development of 8 lanes (Greenfield Highway) fromfrom (Ch. 392.800 Km) Bhenda Hera village to (Ch. 452.425 Km) Moondiya village Section of NH-148N (Total length 59.625 Km), Under BHARATMALA PARIYOJANA Lot-4/Pkg-4 in the state of Rajasthan",Road,NATIONAL HIGHWAYS AUTHORITY OF INDIA PIU KOTA,140.763,APPROVED,2018-10-17,2020-12-24,2022-10-19,EDS Compliance Reply(Secretary): 14/10/2022 Compliance Report: 15/09/2022 Stage-I : 24/12/2020 Stage-II: 19/10/2022,"visible in the PARIVESH 1.0 online list (2014 to mid-2022), not a census",https://forestsclearance.nic.in/Online_Status.aspx,2026-09-27
Rajasthan,FP/RJ/ROAD/39767/2019,8B/Raj/06/35/2020,Construction/Up-gradation of two lane with paved shoulder of NH from Raisinghnagar - Poogal (Design Ch. 101.00 to Design Ch. 263.460) section (Length 162.460 Km) under Phase-I of Bharatmala Pariyojana on EPC Mode in the State of Rajasthan (Package -2),Road,NATIONAL HIGHWAYS AUTHORITY OF INDIA BIKANER,50.2571,APPROVED,2019-05-25,2020-12-28,2022-04-01,EDS Sought(State Government): 07/12/2020 Compliance Report: 04/02/2021 Stage-I : 28/12/2020 Stage-II: 01/04/2022,"visible in the PARIVESH 1.0 online list (2014 to mid-2022), not a census",https://forestsclearance.nic.in/Online_Status.aspx,2026-09-27
Rajasthan,FP/RJ/ROAD/45257/2020,8B/Raj/06/8/2021,Widening and Improvement of existing road to 4 lane with paved shoulder from Design Chainage km 0.000 to km km 30.050 (Ras to Beawar) section of NH 158,Road,MINISTRY OF ROAD TRANSPORT & HIGHWAYS,6.7206,APPROVED,2020-05-05,2021-09-30,2022-11-30,EDS Sought(State Government): 19/08/2021 Compliance Report: 03/08/2022 Stage-I : 30/09/2021 Stage-II: 30/11/2022,"visible in the PARIVESH 1.0 online list (2014 to mid-2022), not a census",https://forestsclearance.nic.in/Online_Status.aspx,2026-09-27
Rajasthan,FP/RJ/ROAD/45258/2020,8B/Raj/06/38/2020/FC,Widening and Improvement of existing road to Two lane with paved shoulder from Design Chainage km 30.050 to km 74.000 (Beawar to Asind) section of NH 158,Road,MINISTRY OF ROAD TRANSPORT & HIGHWAYS,4.9666,APPROVED,2020-05-05,2021-05-13,2022-06-06,EDS Sought(State Government): 23/04/2021 Compliance Report: 12/11/2021 Stage-I : 13/05/2021 Stage-II: 06/06/2022,"visible in the PARIVESH 1.0 online list (2014 to mid-2022), not a census",https://forestsclearance.nic.in/Online_Status.aspx,2026-09-27
Sikkim,FP/SK/ROAD/12773/2015,1567/FCA/FEWMD/2015,Diversion of forest land for construction of 2 Lane Melli Manpur Namchi Road,Road,ROADS AND BRIDGES DEPARTMENT,0.5521,IN-PRINCIPLE,2015-06-01,2016-02-19,,Stage-I : 19/02/2016,"visible in the PARIVESH 1.0 online list (2014 to mid-2022), not a census",https://forestsclearance.nic.in/Online_Status.aspx,2026-09-27
Sikkim,FP/SK/ROAD/19156/2016,3-SK B 052/2016-SHI,Construction of 2 Lane  Melli Manpur Namchi 32 kms road in South Sikkim under SARDP - NE (Phase - A),Road,ROADS AND BRIDGES DEPARTMENT,0.8538,IN-PRINCIPLE,2016-05-13,2016-11-24,,Stage-I : 24/11/2016,"visible in the PARIVESH 1.0 online list (2014 to mid-2022), not a census",https://forestsclearance.nic.in/Online_Status.aspx,2026-09-27
Sikkim,FP/SK/ROAD/26768/2017,1750/FCA/FEWMD,Construction of Two lane road from Ranipool to Pakyong (Airport Road) on NH-717-A in the State of Sikkim,Road,MORTH (NHIDCL),3.1884,IN-PRINCIPLE,2017-07-27,2018-12-06,,Stage-I : 06/12/2018,"visible in the PARIVESH 1.0 online list (2014 to mid-2022), not a census",https://forestsclearance.nic.in/Online_Status.aspx,2026-09-27
Sikkim,FP/SK/ROAD/31274/2018,1765/FCA/FEWMD/2018,"Diversion of 0.995 Ha of forest land for disposal of earthwork/muck within the proposed dumping yard at Sumbuk RF along Melli Manpur Namchi Road in south district of Sikkim by R&B Deptt, GoS.",Road,PUBLIC WORKS DEPARTMENT,0.995,IN-PRINCIPLE,2018-01-10,2019-01-19,,Stage-I : 19/01/2019,"visible in the PARIVESH 1.0 online list (2014 to mid-2022), not a census",https://forestsclearance.nic.in/Online_Status.aspx,2026-09-27
Sikkim,FP/SK/ROAD/42492/2019,,,Road,,0.3885,Pending With-SG,2019-10-24,,,EDS(Addl. Info) : 20 Apr 2022,"visible in the PARIVESH 1.0 online list (2014 to mid-2022), not a census",https://forestsclearance.nic.in/Online_Status.aspx,2026-09-27
Telangana,FP/TG/ROAD/12328/2015,,Rehabilitation and upgradation of  NH–765 (Hyderabad to Dindi section) from km.25/810 to 26/430 km - 0.9363 Ha,Road,EXICUTIVE ENGINEER,0.9363,DELISTED (due to non-reply of EDS by UA within 90 days),2015-05-01,,,,"visible in the PARIVESH 1.0 online list (2014 to mid-2022), not a census",https://forestsclearance.nic.in/Online_Status.aspx,2026-09-27
Telangana,FP/TG/ROAD/12613/2015,GO Rt No 43,Rehabilitation and upgradation of NH–765 (Hyderabad to Dindi section) from km.52/478 to 55/630 km - 1.687 Ha,Road,EXICUTIVE ENGINEER,1.687,IN-PRINCIPLE,2015-05-13,2016-04-07,,Stage-I : 07/04/2016,"visible in the PARIVESH 1.0 online list (2014 to mid-2022), not a census",https://forestsclearance.nic.in/Online_Status.aspx,2026-09-27
Telangana,FP/TG/ROAD/150041/2021,,Widening to two lane with paved shoulders of 'Siddipet-Elkathurthy ' section from km 69/978 to km 133/650 of NH-765DG on  EPC mode in Siddipet District - 1.104 Ha,Road,MINISTRY OF ROAD TRANSPORT & HIGHWAYS,1.104,Pending at DFO/DCF,2021-12-09,,,,"visible in the PARIVESH 1.0 online list (2014 to mid-2022), not a census",https://forestsclearance.nic.in/Online_Status.aspx,2026-09-27
Telangana,FP/TG/ROAD/32883/2018,,Widening to Two lane with paved shoulders from km 59.500 to 132.033 of Manneguda - Ravulapalli section of NH-163 in Vikarabad District - 0.48 Ha,Road,EXICUTIVE ENGINEER,0.48,Pending at CF/CCF,2018-03-31,,,,"visible in the PARIVESH 1.0 online list (2014 to mid-2022), not a census",https://forestsclearance.nic.in/Online_Status.aspx,2026-09-27
Telangana,FP/TG/ROAD/39631/2019,4-TSC154/2019-CHN,Widening & Strengthening of Existing 2 Lane with paved shoulders from Km25/0 to 59/200 of NH-353C (Old NH-363) in Jayashanker Bhupalpally District - 35.2839 Ha,Road,MINISTRY OF ROAD TRANSPORT & HIGHWAYS,35.2839,Pending With-SG for verifying Compliance of Conditions,2019-03-30,2020-12-07,,EDS Compliance Reply(Secretary): 01/12/2025 Compliance Report: 11/08/2023 Stage-I : 07/12/2020,"visible in the PARIVESH 1.0 online list (2014 to mid-2022), not a census",https://forestsclearance.nic.in/Online_Status.aspx,2026-09-27
Telangana,FP/TG/ROAD/41992/2019,4-TSB228/2021-HYD,Construction of Six lane elevated corridor from km 7.950 to km 14.200 of NH-163 to decongest the urban limits of Hyderabad - Bhopalpatnam Section - 0.624 Ha,Road,MINISTRY OF ROAD TRANSPORT & HIGHWAYS,0.624,Pending at RO for Stage-II,2019-09-11,2022-03-16,,EDS Compliance Reply(Secretary): 01/12/2025 Compliance Report: 23/01/2025 Stage-I : 16/03/2022,"visible in the PARIVESH 1.0 online list (2014 to mid-2022), not a census",https://forestsclearance.nic.in/Online_Status.aspx,2026-09-27
Telangana,FP/TG/ROAD/59453/2020,4-TSC234/2022-HYD,Improvement and Widening to Two Lane with Paved shoulder from km 0.0 to km 49.0 of NH 161B on Nizampet-Narayankhed-Bider Road in Sangareddy distirct -15.592 Ha,Road,MINISTRY OF ROAD TRANSPORT & HIGHWAYS,15.592,APPROVED,2020-11-19,2022-02-16,2025-11-20,EDS Compliance Reply(Secretary): 27/10/2025 Compliance Report: 30/10/2023 Stage-I : 16/02/2022 Stage-II: 20/11/2025,"visible in the PARIVESH 1.0 online list (2014 to mid-2022), not a census",https://forestsclearance.nic.in/Online_Status.aspx,2026-09-27
Tamil Nadu,FP/TN/ROAD/32148/2018,4-TNB091/CHN-2022,Madurai Ring Road,Road,NATIONAL HIGHWAY AUTHORITY OF INDIA,1.28,APPROVED,2018-02-19,2023-03-28,2023-08-16,EDS Sought(State Government): 28/03/2023 Compliance Report: 22/05/2023 Stage-I : 28/03/2023 Stage-II: 16/08/2023 Monitoring Report: 31/12/2024,"visible in the PARIVESH 1.0 online list (2014 to mid-2022), not a census",https://forestsclearance.nic.in/Online_Status.aspx,2026-09-27
Tamil Nadu,FP/TN/ROAD/43112/2019,TN  052  2020,Karaikudi - Ramanathapuram,Road,PIU Karaikudi NHAI,0.03,APPROVED,2019-11-30,2021-08-16,2022-04-06,Compliance Report: 24/01/2022 Stage-I : 16/08/2021 Stage-II: 06/04/2022,"visible in the PARIVESH 1.0 online list (2014 to mid-2022), not a census",https://forestsclearance.nic.in/Online_Status.aspx,2026-09-27
Tamil Nadu,FP/TN/ROAD/8238/2014,4-TNC043/2019-CHN,Bangalore-Chennai Expressway,Road,NATIONAL HIGHWAY AUTHORITY OF INDIA PIU KRISHNAGIRI,5.42,APPROVED,2014-11-27,2021-05-13,2022-10-31,Compliance Report: 17/08/2022 Stage-I : 13/05/2021 Stage-II: 31/10/2022,"visible in the PARIVESH 1.0 online list (2014 to mid-2022), not a census",https://forestsclearance.nic.in/Online_Status.aspx,2026-09-27
Tamil Nadu,FP/TN/ROAD/9818/2015,4-TNB011/2017-CHN,Four laning of NH-47B Nagercoil to Kavalkinaru,Road,NATIONAL HIGHWAY AUTHORITY OF INDIA TIRUNELVELI,0.88,APPROVED,2015-07-24,2018-05-09,2021-07-30,EDS Compliance Reply(Secretary): 23/08/2022 Compliance Report: 28/09/2018 Stage-I : 09/05/2018 Stage-II: 30/07/2021,"visible in the PARIVESH 1.0 online list (2014 to mid-2022), not a census",https://forestsclearance.nic.in/Online_Status.aspx,2026-09-27
Tripura,FP/TR/ROAD/125152/2021,3-TR C 023/2021-SHI,Improvement/ widening of two laning with paved shoulder of Kailasahar-Kurti Bridge Section of NH-208A (Km 0.00 to Km 36.460) under North Tripura District in the state of Tripura,Road,PMU AGARTALA,6.619991,APPROVED,2021-03-03,2021-07-15,2021-11-30,EDS Sought(State Government): 21/06/2021 Compliance Report: 03/12/2021 Stage-I : 15/07/2021 Stage-II: 30/11/2021,"visible in the PARIVESH 1.0 online list (2014 to mid-2022), not a census",https://forestsclearance.nic.in/Online_Status.aspx,2026-09-27
Tripura,FP/TR/ROAD/16112/2015,,Improvement and widening to two laning with paved shoulder of Udaipur to Sabroom section from km. 55.000 to km 128.712 of NH-44 in the State of Tripura under SARDP-NE on EPC basis.,Road,PMU AGARTALA,9.010198,Rejected,2015-10-17,,,,"visible in the PARIVESH 1.0 online list (2014 to mid-2022), not a census",https://forestsclearance.nic.in/Online_Status.aspx,2026-09-27
Tripura,FP/TR/ROAD/31270/2018,,Diversion of 8.24 Ha. Forest Land for Improvement and Widening to two lane with paved shoulder of newly declared NH-108A (Jolaibari to Belonia Border) for execution on EPC mode in the State of Tripura.,Road,PUBLIC WORKS DEPARTMENT NH CIRCLE TRIPURA,8.24,Rejected,2018-01-18,,,,"visible in the PARIVESH 1.0 online list (2014 to mid-2022), not a census",https://forestsclearance.nic.in/Online_Status.aspx,2026-09-27
Tripura,FP/TR/ROAD/33134/2018,3-TR C 072/2018-SHI,Diversion of 9.955570 Ha. Forest Land for Improvement and Widening to two lane with paved shoulder of newly declared NH-108A (Jolaibari to Belonia Border) for execution on EPC mode in the State of Tripura,Road,NH CIRCLE,9.95557,APPROVED,2018-04-19,2019-01-17,2021-03-01,EDS Sought(State Government): 06/12/2018 Compliance Report: 15/02/2021 Stage-I : 17/01/2019 Stage-II: 01/03/2021,"visible in the PARIVESH 1.0 online list (2014 to mid-2022), not a census",https://forestsclearance.nic.in/Online_Status.aspx,2026-09-27
Tripura,FP/TR/ROAD/33689/2018,3-TR C 073/2018-SHI,Diversion of 79.756196 Ha. Forest Land for Improvement and Widening to two lane with paved shoulder of Kailashahar-Teliamura via Khowai section of newly declared NH-208 Ch from 21.100 Km to 127.319 Km in the State of Tripura.,Road,PMU AGARTALA,79.756196,APPROVED,2018-05-19,2019-02-20,2021-03-02,EDS Sought(State Government): 19/01/2019 Compliance Report: 16/03/2021 Stage-I : 20/02/2019 Stage-II: 02/03/2021,"visible in the PARIVESH 1.0 online list (2014 to mid-2022), not a census",https://forestsclearance.nic.in/Online_Status.aspx,2026-09-27
Tripura,FP/TR/ROAD/39275/2019,3-TR A 079/2019-SHI,Proposal for diversion of 42.314752 ha of forest land for the project Widening to 2 lane with 1.50 m wide paved shoulder on either side including geometric improvement of 25 km stretch from km 397.00,Road,NH CIRCLE,42.314752,APPROVED,2019-03-04,2019-08-22,2020-08-07,EDS Sought(State Government): 31/07/2019 Compliance Report: 28/07/2020 Stage-I : 22/08/2019 Stage-II: 07/08/2020,"visible in the PARIVESH 1.0 online list (2014 to mid-2022), not a census",https://forestsclearance.nic.in/Online_Status.aspx,2026-09-27
Tripura,FP/TR/ROAD/40991/2019,3-TR B 031/2020-SHI,Proposal for diversion of 3.080 ha of forest land for improvement / widening of two laning with paved shoulder of Kumarghat-Kailashahar section of NH-208(Km 0.00 to Km 18.622 ) under the state of Tripura,Road,PMU AGARTALA,3.08,APPROVED,2019-07-09,2020-09-30,2021-08-25,EDS Compliance Reply(Secretary): 04/09/2021 Compliance Report: 04/09/2021 Stage-I : 30/09/2020 Stage-II: 25/08/2021,"visible in the PARIVESH 1.0 online list (2014 to mid-2022), not a census",https://forestsclearance.nic.in/Online_Status.aspx,2026-09-27
Uttarakhand,FP/UK/RAIL/14375/2015,8B/UCP/07/196/2015-FC,"Development of 126 Km long Broad Gauge New Rail Link between Rishikesh and Karnaprayag in the state of Uttarakhand, India (Part-I).",Railway,RAIL VIKAS NIGAM LIMITED,63.422,APPROVED,2015-08-03,2016-10-10,2017-04-27,EDS Sought(State Government): 29/10/2015 Compliance Report: 12/01/2017 Stage-I : 10/10/2016 Stage-II: 27/04/2017 minutes attached. : 07 Dec 2015 REC minutes attached : 23 May 2016 as per file attached : 02 Jul 2016 REC meeting minutes  : 02 Aug 2016,"visible in the PARIVESH 1.0 online list (2014 to mid-2022), not a census",https://forestsclearance.nic.in/Online_Status.aspx,2026-09-27
Uttarakhand,FP/UK/RAIL/16947/2015,8B/UCP/07/31/2016/FC,"Development of 126 km long Broad gauge new Rail Link between Rishikesh and Karnaprayag in the State of Uttarakhand, India (Part-II)",Railway,RAIL VIKAS NIGAM LIMITED,500.5996,APPROVED,2015-12-09,2017-08-29,2018-02-20,EDS Sought(State Government): 04/04/2016 Compliance Report: 09/02/2018 Stage-I : 29/08/2017 Stage-II: 20/02/2018 REC minutes attached : 23 May 2016 REC minutes  : 02 Aug 2016,"visible in the PARIVESH 1.0 online list (2014 to mid-2022), not a census",https://forestsclearance.nic.in/Online_Status.aspx,2026-09-27
Uttarakhand,FP/UK/ROAD/122382/2021,8B/UCP/06/143/2021/FC,"Inclusion of access road bridge connectivity between NH- 09 at Km 40.000 near Jagbuda Bridge in Uttarakhand (India) and four lane Mahakali Bridge at Kancahnpur, boundary pillar no. 802/11 of Indo Nepa",Road,"NHAI, PIU-RUDRAPUR",15.9,APPROVED,2021-02-11,2022-09-01,2023-01-19,EDS Sought(State Government): 07/08/2022 Compliance Report: 12/12/2022 Stage-I : 01/09/2022 Stage-II: 19/01/2023,"visible in the PARIVESH 1.0 online list (2014 to mid-2022), not a census",https://forestsclearance.nic.in/Online_Status.aspx,2026-09-27
Uttarakhand,FP/UK/ROAD/140350/2021,FC8B/UCP/06/67/2023/FC,Development of 4-lane Greenfield road connecting NH-7 (old NH-72) (near Jhajhra) to Delhi-Dehradun Expressway NH-307 (old NH-72A) at Asharori Section from Km. 0.000 to Km. 12.000 in the State of Uttar,Road,"NATIONAL HIGHWAY AUTHORITY OF INDIA, VASANT VIHAR, PIU, DEHRADUN",20.0849,APPROVED,2021-04-03,2025-05-23,2026-08-27,EDS Sought(State Government): 29/04/2025 Compliance Report: 07/07/2026 Stage-I : 23/05/2025 Stage-II: 27/08/2026,"visible in the PARIVESH 1.0 online list (2014 to mid-2022), not a census",https://forestsclearance.nic.in/Online_Status.aspx,2026-09-27
Uttarakhand,FP/UK/ROAD/45326/2020,8B/UCP/06/64/2022/FC,Kotdwara-Satpuli-Jwalpa-Srinagar section (from Km 139.000 to 276.000) of NH -119 in the state of Uttrakhanand Section Form km 139.000 to 196.600,Road,MINISTRY OF ROAD TRANSPORT AND HIGHWAY CANAL ROAD DEHRADUN,42.076,APPROVED,2020-05-05,2023-11-23,2024-08-14,EDS Sought(State Government): 22/09/2023 Compliance Report: 11/07/2024 Stage-I : 23/11/2023 Stage-II: 14/08/2024,"visible in the PARIVESH 1.0 online list (2014 to mid-2022), not a census",https://forestsclearance.nic.in/Online_Status.aspx,2026-09-27
Uttar Pradesh,FP/UP/Pipeline/42646/2019,8B/UP/08/115/2022/FC,,Pipeline,,7.99674,APPROVED,2019-11-01,2022-09-01,2023-09-05,EDS Compliance Reply(Secretary): 23/08/2023 Compliance Report: 19/08/2023 Stage-I : 01/09/2022 Stage-II: 05/09/2023,"visible in the PARIVESH 1.0 online list (2014 to mid-2022), not a census",https://forestsclearance.nic.in/Online_Status.aspx,2026-09-27
Uttar Pradesh,FP/UP/RAIL/146900/2021,8B/UP/07/121/2022/FC,"Proposed New 3rd railway Line along with existing Railway line between (Km. 657.284 to 698.520) in Gonda District, (Km. 698.520 to 710.160) in Bahraich District & (Km. 710.160 to 718.760) in Barabanki District in state of U.P. Under Gonda-Burhwal Railway Track Third Line Project of North Eastern Railway.",Railway,CONSTRUCTION- GONDA NORTH EASTERN RAILWAY,54.288516,APPROVED,2021-09-06,2022-10-13,2023-02-02,EDS Sought(State Government): 16/09/2022 Compliance Report: 11/01/2023 Stage-I : 13/10/2022 Stage-II: 02/02/2023 CA Change Letter : 02 Mar 2026,"visible in the PARIVESH 1.0 online list (2014 to mid-2022), not a census",https://forestsclearance.nic.in/Online_Status.aspx,2026-09-27
Uttar Pradesh,FP/UP/RAIL/43121/2019,8B/UP/07/162/2020/FC,"Protected Forest Proposed for Proposed Railway Track Doubling from Km.847.170 to 868.00 in Jaunpur District, From km.868.00 to 924.00 and From Km.924.00 to 934.450 in Amethi District Under Janghai-Pratapgarh-Amethi Railway Track Doubling Project",Railway,CONSTRUCTION-V NORTHEN RAILWAY LUCKNOW,47.3031,APPROVED,2019-11-30,2021-04-05,2021-09-13,EDS Compliance Reply(Secretary): 03/09/2021 Compliance Report: 15/07/2021 Stage-I : 05/04/2021 Stage-II: 13/09/2021,"visible in the PARIVESH 1.0 online list (2014 to mid-2022), not a census",https://forestsclearance.nic.in/Online_Status.aspx,2026-09-27
Uttar Pradesh,FP/UP/RAIL/47348/2020,8B/UP/07/105/2021/FC,Proposed Protected forest land to be diverted for Construction of 3rd & 4th Line of Railway Track from (Km No.- 1067.900 to 1084.000) Barabanki – Malhaur Railway line (from Km. 1067.9 to 1077.145)  in Lucknow district under Northern Railway Division Lucknow.,Railway,CONSTRUCTION-IV NORTHERN RAILWAY LU,32.7707,APPROVED,2020-07-14,2021-08-17,2022-02-11,EDS Sought(State Government): 27/07/2021 Compliance Report: 28/01/2022 Stage-I : 17/08/2021 Stage-II: 11/02/2022 Letter : 01 Aug 2024 Letter : 10 Oct 2024,"visible in the PARIVESH 1.0 online list (2014 to mid-2022), not a census",https://forestsclearance.nic.in/Online_Status.aspx,2026-09-27
Uttar Pradesh,FP/UP/ROAD/130304/2021,8B/UP/06/246/2021/FC,Forest land diversion proposal for Muzaffarnagar – Miranpur section (NH 709AD) of left out stretch between km 112+690 to km 117+457,Road,NHAI BAGHPAT,9.49693,APPROVED,2021-03-15,2022-02-08,2022-05-02,EDS Sought(State Government): 11/01/2022 Compliance Report: 25/03/2022 Stage-I : 08/02/2022 Stage-II: 02/05/2022,"visible in the PARIVESH 1.0 online list (2014 to mid-2022), not a census",https://forestsclearance.nic.in/Online_Status.aspx,2026-09-27
Uttar Pradesh,FP/UP/ROAD/138464/2021,8B/UP/06/285/2022/FC,"Development of Economic Corridors, Inter Corridors, Feeder Routes to improve the efficiency of freight movement in India under Bharatmala Pariyojna (Lot-2/UP/pkg-1 : Sonauli to Gorakhpur km 0+000 to km 81+204 of NH- 29E,District-Gorakhpur)), in the State of Utter Pradesh.",Road,"NHAI, PIU Gorakhpur",8.3746,APPROVED,2021-04-02,2022-12-30,2024-09-04,EDS Compliance Reply(Secretary): 14/08/2024 Compliance Report: 14/08/2024 Stage-I : 30/12/2022 Stage-II: 04/09/2024 Corrigendum : 27 May 2023 Letter : 01 Dec 2023,"visible in the PARIVESH 1.0 online list (2014 to mid-2022), not a census",https://forestsclearance.nic.in/Online_Status.aspx,2026-09-27
Uttar Pradesh,FP/UP/ROAD/141411/2021,8B/UP/06/47/2022/FC,Widening & Up-gradation of NH-135A from Km. 34.900 (Bhadohi) to Km 73.134 at Jaunpur in the state of Uttar Pradesh.,Road,"NH DIVISION NO 1, PWD VARANASI",65.612,Pending at DFO/DCF,2021-04-20,2022-10-14,2023-08-10,EDS Sought(State Government): 30/09/2022 Compliance Report: 12/06/2023 Stage-I : 14/10/2022 Stage-II: 10/08/2023 Letter : 17 Apr 2025,"visible in the PARIVESH 1.0 online list (2014 to mid-2022), not a census",https://forestsclearance.nic.in/Online_Status.aspx,2026-09-27
Uttar Pradesh,FP/UP/ROAD/143833/2021,8B/UP/06/149/2022/FC,"Construction of a bypass of Najibabad connecting Haridwar-Najibabad Rd. to Najibabad-Kotdwar Rd. (NH-74 to NH-119) (Ch. 0+000 to Ch. 10+500) in Bijnor district, in the state of Uttar Pradesh under Bharatmala Pariyojana (Lot-4/Package-2)",Road,NHAI PIU MEERUT,0.12,APPROVED,2021-06-23,2022-09-28,2023-03-31,EDS Sought(State Government): 15/09/2022 Compliance Report: 10/03/2023 Stage-I : 28/09/2022 Stage-II: 31/03/2023,"visible in the PARIVESH 1.0 online list (2014 to mid-2022), not a census",https://forestsclearance.nic.in/Online_Status.aspx,2026-09-27
Uttar Pradesh,FP/UP/ROAD/144407/2021,8B/UP/06/22/2022/FC,Additional forest Land diversion for “Four Laning of Shamli ( Start from bypass of NH-709A) -to Muzaffarnagar  ( End on bypass of NH-58) of NH-709AD of Muzaffarnagar District in the State of Uttar Pradesh Package-II,Road,NHAI BAGHPAT,0.4754,APPROVED,2021-07-04,2022-05-25,2022-08-08,EDS Sought(State Government): 28/04/2022 Compliance Report: 29/06/2022 Stage-I : 25/05/2022 Stage-II: 08/08/2022,"visible in the PARIVESH 1.0 online list (2014 to mid-2022), not a census",https://forestsclearance.nic.in/Online_Status.aspx,2026-09-27
Uttar Pradesh,FP/UP/ROAD/145964/2021,8B/UP/06/305/2022/FC,"Improvement and up-gradation of NH-74 (New NH-30) ((Total Km - 70.860 from Bareilly, Pilibhit and Udham Singh Nagar district with Ch. 0+000 to 64+760 and Sitarganj bypass from Ch. 0+000 to 6+100) under forest Division Bareilly and Forest division Pilibhit stretch from Bareilly to Sitarganj under Bharatmala Pariyojana Lot-4/Package-2 in the state of",Road,NATIONAL HIGHWAYS AUTHORITY OF INDIA PIU BAREILLY,28.99,APPROVED,2021-08-12,2023-07-12,2023-12-13,EDS Sought(State Government): 25/05/2023 Compliance Report: 27/10/2023 Stage-I : 12/07/2023 Stage-II: 13/12/2023 CA Change Letter : 05 Mar 2026 Letter : 08 Apr 2026,"visible in the PARIVESH 1.0 online list (2014 to mid-2022), not a census",https://forestsclearance.nic.in/Online_Status.aspx,2026-09-27
Uttar Pradesh,FP/UP/ROAD/147362/2021,8B/UP/06/281/2022/FC,Construction of Four-lane “Western side spur of Rampur - Rudrapur section connecting NH-24 to NH-87 bypassing Rampur town”  on EPC Mode under Bharatmala Pariyojna Lot-4 / Pkg-2 in the state of Uttar Pradesh having total length of 13 .7 km (Design Km 0+000 to Km 13+700) Under Forest Division Rampur.,Road,NATIONAL HIGHWAY DIVISION,1.7375,APPROVED,2021-09-16,2023-01-17,2023-10-19,EDS Compliance Reply(Secretary): 22/08/2023 Compliance Report: 22/08/2023 Stage-I : 17/01/2023 Stage-II: 19/10/2023,"visible in the PARIVESH 1.0 online list (2014 to mid-2022), not a census",https://forestsclearance.nic.in/Online_Status.aspx,2026-09-27
Uttar Pradesh,FP/UP/ROAD/148526/2021,8B/UP/06/278/2022/FC,"Construction of 2-lane existing bypass of Rampur to be developed to 4-lane"" under Bharatmala Pariyojana Lot-4/Pakage-2 in the state of Uttar Pradesh having total length of  9.600 km from chainage 0+000 to 9+600 under forest division Rampur.",Road,NATIONAL HIGHWAY DIVISION,2.4,APPROVED,2021-10-18,2023-01-17,2023-06-23,EDS Sought(State Government): 12/12/2022 Compliance Report: 09/05/2023 Stage-I : 17/01/2023 Stage-II: 23/06/2023,"visible in the PARIVESH 1.0 online list (2014 to mid-2022), not a census",https://forestsclearance.nic.in/Online_Status.aspx,2026-09-27
Uttar Pradesh,FP/UP/ROAD/148569/2021,P-162/81-2-2023-800(159)/2023,Construction of 4 laning of Ghazipur –Ballia- UP/Bihar New Greenfield section from Km. 0.000 to 117.120 of NH-31 and construction of new Buxar Spur connectivity from km 0.000 to km 17.270 in the Ballia district of Uttar Pradeshstate,Road,NATIONAL HIGHWAY AUTHORITY OF INDIA PIU AZAMGARH,0.49,APPROVED,2021-11-30,2023-06-20,2024-02-28,Compliance Report: 20/12/2023 Stage-I : 20/06/2023 Stage-II: 28/02/2024,"visible in the PARIVESH 1.0 online list (2014 to mid-2022), not a census",https://forestsclearance.nic.in/Online_Status.aspx,2026-09-27
Uttar Pradesh,FP/UP/ROAD/148672/2021,8B/UP/06/170/2023/FC,Development of 4/6 Lane North-East side Gorakhpur bypass starting from NH-29E (chainage 83+308) and end at NH-28 (chainage 285+100) under NHDP Phase-VII in District Gorakhpur in the state of Uttar Pradesh,Road,"NHAI, PIU Gorakhpur",4.946,APPROVED,2021-10-25,2023-12-11,2024-06-26,EDS Sought(State Government): 30/11/2023 Compliance Report: 24/05/2024 Stage-I : 11/12/2023 Stage-II: 26/06/2024,"visible in the PARIVESH 1.0 online list (2014 to mid-2022), not a census",https://forestsclearance.nic.in/Online_Status.aspx,2026-09-27
Uttar Pradesh,FP/UP/ROAD/148788/2021,8B/UP/06/236/2022/FC,Construction of left-over portion of Agra Inner Ring Road Connecting Village Deori(Design Ch.0.00) to NH-44(Old NH-3) village Bad (Design Ch.7.772) in the District of Agra in state of Uttar Pradesh on EPC mode under Bharatmala Pariyojana,Road,NATIONAL HIGHWAY AUTHORITY OF INDIA PIU AGRA,0.2567,APPROVED,2021-10-28,2022-11-21,2023-03-30,EDS Sought(State Government): 19/10/2022 Compliance Report: 20/02/2023 Stage-I : 21/11/2022 Stage-II: 30/03/2023,"visible in the PARIVESH 1.0 online list (2014 to mid-2022), not a census",https://forestsclearance.nic.in/Online_Status.aspx,2026-09-27
Uttar Pradesh,FP/UP/ROAD/149391/2021,8B/UP/06/165/2022,CONSTRUCTION OF AGRA BYPASS (NORTHERN) CONNECTING KM. 174.500 OF NH-19 (OLD NH-2) TO KM. 141.000 OF YAMUNA EXPRESSWAYS IN THE STATE OF UTTAR PRADESH ON EPC MODE UNDER BHARATMALA PARIYOJANA,Road,NATIONAL HIGHWAY AUTHORITY OF INDIA PIU AGRA,1.5853,APPROVED,2021-11-17,2022-09-13,2023-03-27,EDS Compliance Reply(Secretary): 01/03/2023 Compliance Report: 18/02/2023 Stage-I : 13/09/2022 Stage-II: 27/03/2023,"visible in the PARIVESH 1.0 online list (2014 to mid-2022), not a census",https://forestsclearance.nic.in/Online_Status.aspx,2026-09-27
Uttar Pradesh,FP/UP/ROAD/150633/2021,8B/UP/06/162/2023/FC,Improvement and Upgradation of Moradabad-Kashipur section of NH-734 including Moradabad bypass under NHDP phase-VII in the state of Uttar Pradesh. Package-II: Moradabad-Kashipur Road (Length= 39.750 km) Start from Ch. 0+00 (Existing Km. 389+00) at Bijna and ends at Ch. 39+750 at UP/UK Border near Dhandi River,Road,NATIONAL HIGHWAYS AUTHORITY OF INDIA PIU BAREILLY,63.5796,APPROVED,2022-01-04,2024-01-08,2024-10-09,EDS Sought(State Government): 28/11/2023 Compliance Report: 13/08/2024 Stage-I : 08/01/2024 Stage-II: 09/10/2024 CA Change Letter : 05 Mar 2026,"visible in the PARIVESH 1.0 online list (2014 to mid-2022), not a census",https://forestsclearance.nic.in/Online_Status.aspx,2026-09-27
Uttar Pradesh,FP/UP/ROAD/150997/2022,8B/UP/06/274/2022/FC,Rehabilitation & up-gradation to four lane road from Km. 70.500 to 78.600 Km of NH-92 (new NH-719) under in District Etawah in the State of Uttar Pradesh (UP Portion),Road,MORTH (NH-UP),12.275,APPROVED,2022-01-11,2023-05-31,2025-05-28,EDS Compliance Reply(Secretary): 14/05/2025 Compliance Report: 14/05/2025 Stage-I : 31/05/2023 Stage-II: 28/05/2025 Letter : 16 Oct 2024,"visible in the PARIVESH 1.0 online list (2014 to mid-2022), not a census",https://forestsclearance.nic.in/Online_Status.aspx,2026-09-27
Uttar Pradesh,FP/UP/ROAD/152126/2022,8B/UP/06/194/2022,"Improvement and Up-gradation of Existing Road (NH-731) to 4-Lane with Paved Shoulder from Km 123.650 to Km 175.080, Start of Shahabad Bypass to End of Hardoi Bypass of NH-731 on HAM basis of Hardoi Forest Division & District in the state of Uttar Pradesh (Total Length-51.430 Km of Package 2B)",Road,NATIONAL HIGHWAYS AUTHORITY OF INDIA PIU BAREILLY,5.546,APPROVED,2022-02-08,2022-09-24,2023-02-09,EDS Sought(State Government): 07/09/2022 Compliance Report: 24/01/2023 Stage-I : 24/09/2022 Stage-II: 09/02/2023,"visible in the PARIVESH 1.0 online list (2014 to mid-2022), not a census",https://forestsclearance.nic.in/Online_Status.aspx,2026-09-27
Uttar Pradesh,FP/UP/ROAD/153173/2022,8B/UP/06/100/2023/FC,,Road,,1.38,APPROVED,2022-03-07,2023-08-04,2024-05-03,EDS Sought(State Government): 28/06/2023 Compliance Report: 29/02/2024 Stage-I : 04/08/2023 Stage-II: 03/05/2024,"visible in the PARIVESH 1.0 online list (2014 to mid-2022), not a census",https://forestsclearance.nic.in/Online_Status.aspx,2026-09-27
Uttar Pradesh,FP/UP/ROAD/153349/2022,8B/UP/06/32/2023/FC,,Road,,15.461,IN-PRINCIPLE,2022-03-12,2024-01-29,,EDS Sought(State Government): 22/12/2023 Stage-I : 29/01/2024,"visible in the PARIVESH 1.0 online list (2014 to mid-2022), not a census",https://forestsclearance.nic.in/Online_Status.aspx,2026-09-27
Uttar Pradesh,FP/UP/ROAD/155328/2022,8B/UP/06/258/2022/FC,Improvement to Spur of NH-709AD Muzaffarnagar Bypass from km 72+600 of NH-709AD to Km 113+450 of NH-334 near Muzaffarnagar town (Design km 0+000 to Km 10+135),Road,NHAI BAGHPAT,5.597592,APPROVED,2022-05-12,2022-11-02,2023-02-28,EDS Sought(State Government): 06/10/2022 Compliance Report: 19/01/2023 Stage-I : 02/11/2022 Stage-II: 28/02/2023,"visible in the PARIVESH 1.0 online list (2014 to mid-2022), not a census",https://forestsclearance.nic.in/Online_Status.aspx,2026-09-27
Uttar Pradesh,FP/UP/ROAD/156552/2022,8B/UP/06/30/2023/FC,Proposal for upgradation and rehabilitation of Agra Jalesar Etah road NH 321G from chainage 0.00 to 75.700 Km. in District Agra and Etah in the State of Uttar Pradesh,Road,MORTH (NH-UP),1.7526,IN-PRINCIPLE,2022-06-14,2023-08-24,,EDS Sought(State Government): 25/07/2023 Stage-I : 24/08/2023,"visible in the PARIVESH 1.0 online list (2014 to mid-2022), not a census",https://forestsclearance.nic.in/Online_Status.aspx,2026-09-27
Uttar Pradesh,FP/UP/ROAD/17752/2016,8B/UP/06/48/2017,Rehabilatatiung and upgrading to 4-lane with paved shoulder configuration of Chutmalpur - Ganeshpur section of NH-72A and Roorkee-Chutmalpur-Saharanpur-UP/Haryana Border section of NH-73 in the State of Uttar Pradesh,Road,NATIONAL HIGHWAY AUTHORTY OF INDIA PIU DEHRADUN,70.201,IN-PRINCIPLE,2016-02-08,2017-12-04,,EDS Sought(State Government): 08/11/2017 Stage-I : 04/12/2017,"visible in the PARIVESH 1.0 online list (2014 to mid-2022), not a census",https://forestsclearance.nic.in/Online_Status.aspx,2026-09-27
Uttar Pradesh,FP/UP/ROAD/19199/2016,8B/UP/06/18/2017/FC,"Establishment of Toll Plaza on NH-96 (New NH-NO.330) at km 12.600 to 12.950 (Faizabad-Sultanpur) in Faizabad District ,under Project- Strengthening with Provision of Paved Shoulders from km 0.000 to 46.470 of NH-96 (New NH No.330) in the state of Uttar Pradesh under EPC Mode.",Road,PWD,0.84,IN-PRINCIPLE,2016-05-05,2017-11-24,,EDS Sought(State Government): 02/11/2017 Stage-I : 24/11/2017,"visible in the PARIVESH 1.0 online list (2014 to mid-2022), not a census",https://forestsclearance.nic.in/Online_Status.aspx,2026-09-27
Uttar Pradesh,FP/UP/ROAD/21705/2016,8B/UP/06/61/2015/FC,PROTECTED FOREST LAND PROPOSED TO BE DIVERTED FOR SIX LANING OF NH-2 HANDIA(ALLAHABAD ) TO RAJATALAB (VARANASI ) SECTION,Road,NATIONAL HIGHWAY AUTHORITY OF INDIA,31.5582,IN-PRINCIPLE,2016-10-17,2017-06-14,,EDS Sought(State Government): 30/06/2017 Stage-I : 14/06/2017,"visible in the PARIVESH 1.0 online list (2014 to mid-2022), not a census",https://forestsclearance.nic.in/Online_Status.aspx,2026-09-27
Uttar Pradesh,FP/UP/ROAD/22559/2016,8B/UP/06/04/2018/FC,Rehabilitation and up-gradation of lakhimpur-Sisiya section of (Km 140.000 to Km 188.800) of NH-730 two lanes with paved shoulders on EPC mode in Kheri District in the State of Uttar Pradesh,Road,NH DIVISION  PWD,23.12,APPROVED,2016-12-08,2018-04-23,2020-10-27,EDS Sought(State Government): 02/04/2018 Compliance Report: 04/09/2020 Stage-I : 23/04/2018 Stage-II: 27/10/2020,"visible in the PARIVESH 1.0 online list (2014 to mid-2022), not a census",https://forestsclearance.nic.in/Online_Status.aspx,2026-09-27
Uttar Pradesh,FP/UP/ROAD/23394/2016,8B/UP/06/21/2017/FC,Forest Land Proposed to be diverted for Rehabilition and Upgradation on NH-28C from Km.0.000 to Km.43.000(Barabanki to Jarwal Road Junction Section  in Barabanki District,Road,PUBLIC WORK DEPARTMENT,4.645,IN-PRINCIPLE,2017-01-06,2017-06-14,,EDS Sought(State Government): 12/05/2017 Stage-I : 14/06/2017,"visible in the PARIVESH 1.0 online list (2014 to mid-2022), not a census",https://forestsclearance.nic.in/Online_Status.aspx,2026-09-27
Uttar Pradesh,FP/UP/ROAD/26021/2017,8B/UP/06/39/2018/FC,Six laning of Hapur Bypass to Moradabad section including Hapur Bypass of NH-24,Road,NATIONAL HIGHWAY DIVISION,82.587,APPROVED,2017-05-19,2018-12-12,2020-06-24,EDS Sought(State Government): 12/11/2018 Compliance Report: 15/06/2020 Stage-I : 12/12/2018 Stage-II: 24/06/2020,"visible in the PARIVESH 1.0 online list (2014 to mid-2022), not a census",https://forestsclearance.nic.in/Online_Status.aspx,2026-09-27
Uttar Pradesh,FP/UP/ROAD/27165/2017,8B/UP/06/63/2018/FC,"Rehabilitation and Up-gradation of Sultanpur - Pratapgarh section of NH-96 from existing km 60/000 to km 90/000 [Design Ch. 60.000 to Ch. 90.865] to Two lane with paved shoulders in the state of Uttar Pradesh on Engineering, Procurement & Construction (EPC) Basis Contract",Road,TY DIVISION NH PWD SULTANPUR,31.942,APPROVED,2017-07-16,2018-08-14,2023-10-05,EDS Compliance Reply(Secretary): 21/07/2023 Compliance Report: 21/07/2023 Stage-I : 14/08/2018 Stage-II: 05/10/2023,"visible in the PARIVESH 1.0 online list (2014 to mid-2022), not a census",https://forestsclearance.nic.in/Online_Status.aspx,2026-09-27
Uttar Pradesh,FP/UP/ROAD/32361/2018,,Four Laning  of Ghaghra Bridge to Varanasi section of NH-233,Road,NATIONAL HIGHWAY AUTHORITY OF INDIA PIU AZAMGARH,0.63,DELISTED (due to non-reply of EDS by UA within 90 days),2018-03-22,,,,"visible in the PARIVESH 1.0 online list (2014 to mid-2022), not a census",https://forestsclearance.nic.in/Online_Status.aspx,2026-09-27
Uttar Pradesh,FP/UP/ROAD/33387/2018,8B/UP/06/69/2019/FC,Diversion of Protected Forest Land(Road side strip plantation ) for Rehabilitation and up-gradation  from Aligarh to Moradabad Section of National Highway-93 under NHDP-IVB in the State of Uttar Pradesh,Road,NATIONAL HIGHWAY DIVISION,23.9719,APPROVED,2018-06-05,2020-01-01,2021-09-29,EDS Sought(State Government): 28/11/2019 Compliance Report: 04/11/2020 Stage-I : 01/01/2020 Stage-II: 29/09/2021,"visible in the PARIVESH 1.0 online list (2014 to mid-2022), not a census",https://forestsclearance.nic.in/Online_Status.aspx,2026-09-27
Uttar Pradesh,FP/UP/ROAD/33552/2018,8B/UP/06/13/2019,Four laning of NH-330A section from Jagdishpur at Km 47.800 (Ex. Km 47+930) To Faizabad Bypass Junction at Km 108.020 (Ex. Km 107+680) (Design Length= 60.220 Km) in the state of Uttar Pradesh,Road,NHAI PIU RAEBAREILLY,71.6003,APPROVED,2018-05-09,2019-06-19,2020-10-27,EDS Sought(State Government): 14/05/2019 Compliance Report: 17/07/2020 Stage-I : 19/06/2019 Stage-II: 27/10/2020 Corrigendum : 16 Feb 2022,"visible in the PARIVESH 1.0 online list (2014 to mid-2022), not a census",https://forestsclearance.nic.in/Online_Status.aspx,2026-09-27
Uttar Pradesh,FP/UP/ROAD/34548/2018,8B/UP/06/78/2018/FC,"Forest land diversion ( leftout portion) for ""Four laning of Meerut-Bulandshahar section of NH235 from km 8+800 (design 8+800) to km 66+482(design km 73+512) in the state of Uttar Pradesh on Hybrid Annuity Mode"".",Road,NHAI PIU MEERUT,1.572,APPROVED,2018-07-05,2018-11-20,2019-01-15,EDS Sought(State Government): 14/11/2018 Compliance Report: 01/10/2021 Stage-I : 20/11/2018 Stage-II: 15/01/2019,"visible in the PARIVESH 1.0 online list (2014 to mid-2022), not a census",https://forestsclearance.nic.in/Online_Status.aspx,2026-09-27
Uttar Pradesh,FP/UP/ROAD/36507/2018,8B/UP/06/116/2019,Rehabilitation & Up-gradation of 4/6 lane of Garhmukteshwar to Meerut section Km 0.000 to 38.120 including connector to NH-119 (SPUR) from km 0.000 to km 12.134 of NH-709A in the State of Uttar Pradesh,Road,NHAI BAGHPAT,21.62,APPROVED,2018-10-12,2021-02-04,2021-08-13,EDS Sought(State Government): 04/01/2021 Compliance Report: 22/06/2021 Stage-I : 04/02/2021 Stage-II: 13/08/2021,"visible in the PARIVESH 1.0 online list (2014 to mid-2022), not a census",https://forestsclearance.nic.in/Online_Status.aspx,2026-09-27
Uttar Pradesh,FP/UP/ROAD/37341/2018,8B/UP/06/84/2019/FC,Four laning of Muzaffarnagar ( Start from existing Km 5+140 of SH 12A)) -to 	Miranpur (End on existing Km of 60+000 of NH-34) of NH-709AD in the 	State of Uttar Pradesh Pkg-3-III (km 82.840 to km 110.001),Road,NHAI BAGHPAT,31.5323,APPROVED,2018-11-30,2020-01-30,2021-02-11,EDS Sought(State Government): 13/01/2020 Compliance Report: 12/01/2021 Stage-I : 30/01/2020 Stage-II: 11/02/2021,"visible in the PARIVESH 1.0 online list (2014 to mid-2022), not a census",https://forestsclearance.nic.in/Online_Status.aspx,2026-09-27
Uttar Pradesh,FP/UP/ROAD/37344/2018,8B/UP/06/77/2019/FC,Four laning of Shamli ( Start from bypass of NH-709A) -to Muzaffarnagar  ( 		End on bypass of NH-58) of NH-709AD in the State of Uttar Pradesh 			Package-II (km 35.580 to km 82.840),Road,NHAI BAGHPAT,41.4685,APPROVED,2018-12-02,2020-01-30,2021-02-18,EDS Sought(State Government): 13/01/2020 Compliance Report: 12/01/2021 Stage-I : 30/01/2020 Stage-II: 18/02/2021,"visible in the PARIVESH 1.0 online list (2014 to mid-2022), not a census",https://forestsclearance.nic.in/Online_Status.aspx,2026-09-27
Uttar Pradesh,FP/UP/ROAD/39712/2019,8B/UP/06/103/2019/FC,"Forest land diversion proposal for providing additional facilities between km 103+300 to 104+500, 106+200 to 107+450 and km 113+400 to 113+500) for 4 lane divided highway of NH 58 (Meerut -Muzaffarnagar Section) in the state of Uttar Pradesh on EPC mode",Road,NHAI PIU MEERUT,1.8945,APPROVED,2019-04-05,2020-01-01,2022-03-21,EDS Compliance Reply(Secretary): 16/03/2022 Compliance Report: 15/03/2022 Stage-I : 01/01/2020 Stage-II: 21/03/2022,"visible in the PARIVESH 1.0 online list (2014 to mid-2022), not a census",https://forestsclearance.nic.in/Online_Status.aspx,2026-09-27
Uttar Pradesh,FP/UP/ROAD/40150/2019,8B/UP/06/24/2021/FC,,Road,,0.93,APPROVED,2019-06-03,2022-11-25,2023-03-30,EDS Sought(State Government): 20/10/2022 Compliance Report: 27/02/2023 Stage-I : 25/11/2022 Stage-II: 30/03/2023,"visible in the PARIVESH 1.0 online list (2014 to mid-2022), not a census",https://forestsclearance.nic.in/Online_Status.aspx,2026-09-27
Uttar Pradesh,FP/UP/ROAD/41186/2019,8B/UP/06/13/2022/FC,Rehabilitation & Upgradation of the existing 2-lane road of Haridwar-Nagina -Kashipur section of NH-74 into 4 lane with paved shoulder configuration,Road,NATIONAL HIGHWAYS AUTHORITY OF INDIA PIU NAJIBABAD,0.752,APPROVED,2019-07-19,2022-04-20,2023-08-04,EDS Sought(State Government): 19/04/2022 Compliance Report: 09/06/2023 Stage-I : 20/04/2022 Stage-II: 04/08/2023,"visible in the PARIVESH 1.0 online list (2014 to mid-2022), not a census",https://forestsclearance.nic.in/Online_Status.aspx,2026-09-27
Uttar Pradesh,FP/UP/ROAD/45282/2020,8B/UP/06/160/2020,"Improvement, upgradation and construction of Ganeshpur-Dehradun road (NH72A) in the state of Uttar Pradesh (Km 0.0 to Km 16.160) and Uttarakhand (km 16.160 to km 19.785) to 4 lane configuration.",Road,NHAI-PIU DEHRADUN,47.7054,APPROVED,2020-04-18,2020-12-24,2021-07-20,EDS Sought(State Government): 02/12/2020 Compliance Report: 11/06/2021 Stage-I : 24/12/2020 Stage-II: 20/07/2021 Additional Letter : 29 Sep 2023 Letter : 02 Nov 2023 Letter : 20 Feb 2025,"visible in the PARIVESH 1.0 online list (2014 to mid-2022), not a census",https://forestsclearance.nic.in/Online_Status.aspx,2026-09-27
Uttar Pradesh,FP/UP/ROAD/45306/2020,8B/UP/06/76/2020/FC,Construction of NH-56 4 Lane bypass connecting NH-56 and terminating near Behta village Road from Ch. 0.000 to Ch. 32.000 (Package -1) And  Construction of NH-24 Extension 4- Lane bypass  starting from Behta Road and terminating at Sitapur Road from Ch. 32.000 to Ch. 64.900 (Package-2),Road,National Highways Authority of India,13.4368,APPROVED,2020-05-06,2020-09-03,2021-01-13,EDS Sought(State Government): 20/08/2020 Compliance Report: 11/12/2020 Stage-I : 03/09/2020 Stage-II: 13/01/2021,"visible in the PARIVESH 1.0 online list (2014 to mid-2022), not a census",https://forestsclearance.nic.in/Online_Status.aspx,2026-09-27
Uttar Pradesh,FP/UP/ROAD/48751/2020,8B/UP/06/262/2021/FC,additional Widening of  Six laning of Chakeri-Allahabad Section of NH-2 (From Km. No. 483.687 to Km. No. 507.300) in Kanpur Nagar district & (From Km. No. 507.700 to Km. No. 595.000) in Fatehpur district under NHDP Phase-V on Hybrid Annuity Mode in the state of Uttar Pradesh.,Road,NATIONAL HIGHWAYS AUTHORITY OF INDIA PIU KANPUR,51.867,APPROVED,2020-08-26,2022-04-01,2022-10-08,EDS Compliance Reply(Secretary): 29/09/2022 Compliance Report: 19/09/2022 Stage-I : 01/04/2022 Stage-II: 08/10/2022,"visible in the PARIVESH 1.0 online list (2014 to mid-2022), not a census",https://forestsclearance.nic.in/Online_Status.aspx,2026-09-27
Uttar Pradesh,FP/UP/ROAD/49579/2020,8B/UP/06/269/2021/FC,Rehabilitation and Upgradation to 2-lane with paved shoulders configuration of Bewar to Allahganj Section of NH-730C ( Km 0.000 to Km 52.770) (Package-I) in the State of Uttar Pradesh under Green National highways  Corridor Project (GNHCP) with the loan assistance of world Bank on EPC mode,Road,MINISTRY OF ROAD TRANSPORT AND HIGHWAYS GOVT OF INDIA,74.138,APPROVED,2020-09-11,2022-05-02,2022-09-01,EDS Compliance Reply(Secretary): 18/08/2022 Compliance Report: 03/08/2022 Stage-I : 02/05/2022 Stage-II: 01/09/2022,"visible in the PARIVESH 1.0 online list (2014 to mid-2022), not a census",https://forestsclearance.nic.in/Online_Status.aspx,2026-09-27
Uttar Pradesh,FP/UP/ROAD/49621/2020,8B/UP/06/245/2021/FC,Rehabilitation and Upgradation to 2-lane with paved shoulders configuration of Allahganj to Miranpur Katra Section of NH-730C ( Km 52.770 to Km 114.000) (Package-II) in the State of Uttar Pradesh under Green National Highways Corridor Project (GNHCP) with the loan assistance of world Bank on EPC mode,Road,MINISTRY OF ROAD TRANSPORT AND HIGHWAYS GOVT OF INDIA,74.263,APPROVED,2020-09-12,2022-02-04,2022-05-10,EDS Sought(State Government): 24/12/2021 Compliance Report: 31/03/2022 Stage-I : 04/02/2022 Stage-II: 10/05/2022,"visible in the PARIVESH 1.0 online list (2014 to mid-2022), not a census",https://forestsclearance.nic.in/Online_Status.aspx,2026-09-27
Uttar Pradesh,FP/UP/ROAD/49626/2020,8B/UP/06/29/2022/FC,Rehabilitation and Upgradation to 2-lane with paved shoulders configuration of Radhaita to Pilibhit Section of NH-731K ( Km 137.250 to Km 183.380) (Package-IV) in the State of Uttar Pradesh under Green National Highways Corridor Project (GNHCP) with the loan assistance of world Bank on EPC mode,Road,MINISTRY OF ROAD TRANSPORT AND HIGHWAYS GOVT OF INDIA,44.376,IN-PRINCIPLE,2020-09-12,2022-06-13,,EDS Compliance Reply(Secretary): 28/03/2024 Stage-I : 13/06/2022,"visible in the PARIVESH 1.0 online list (2014 to mid-2022), not a census",https://forestsclearance.nic.in/Online_Status.aspx,2026-09-27
Uttar Pradesh,FP/UP/ROAD/53919/2020,8B/UP/06/274/2021/FC,Forest diversion proposal for rehabilitation and up-gradation to 2 lanes with paved shoulders configuration of Bewar - Near Karri village section (Km 0+000 to Km 30+000) Package I of NH-92 in the state of Uttar Pradesh under GNHCP on EPC Mode in the State of Uttar Pradesh,Road,MINISTRY OF ROAD TRANSPORT AND HIGHWAYS GOVT OF INDIA,36.395,APPROVED,2020-11-10,2022-06-10,2022-09-08,EDS Sought(State Government): 23/05/2022 Compliance Report: 19/07/2022 Stage-I : 10/06/2022 Stage-II: 08/09/2022,"visible in the PARIVESH 1.0 online list (2014 to mid-2022), not a census",https://forestsclearance.nic.in/Online_Status.aspx,2026-09-27
Uttar Pradesh,FP/UP/ROAD/57961/2020,8B/UP/06/252/2021/FC,Diversion of Forest-land for Rehabilitation & Up-gradation to 2-lane with paved shoulder configuration from Karri village to Etawah Section (Km 30+000 to Km 57+346) PKG II of NH-92 under GNHCP on EPC mode in the state of Uttar Pradesh,Road,MINISTRY OF ROAD TRANSPORT AND HIGHWAYS GOVT OF INDIA,23.984,APPROVED,2020-11-21,2022-02-04,2022-05-13,EDS Sought(State Government): 29/12/2021 Compliance Report: 20/04/2022 Stage-I : 04/02/2022 Stage-II: 13/05/2022,"visible in the PARIVESH 1.0 online list (2014 to mid-2022), not a census",https://forestsclearance.nic.in/Online_Status.aspx,2026-09-27
West Bengal,FP/WB/ROAD/37617/2018,FR/O/L/10T-02/2019,"Realignment, Rehabilitation and Upgrading to 2 lane with paved shoulders configuration of Bagrakot to Kafer  (Length of Project Km 0+000 to Km  40+000) & Kafer to Reshi border (Length Km 40+000 to Km 61+250 & Km 76+600 to Km 98+595) of NH-717A in West Bengal State Under Package-IV & Package-V Programme.",Road,MORTH (NHIDCL),116.001,APPROVED,2018-12-12,2019-02-20,2021-02-19,Compliance Report: 14/03/2020 Stage-I : 20/02/2019 Stage-II: 19/02/2021,"visible in the PARIVESH 1.0 online list (2014 to mid-2022), not a census",https://forestsclearance.nic.in/Online_Status.aspx,2026-09-27
