tree
version=v4
num_class=1
num_tree_per_iteration=1
label_index=0
max_feature_idx=61
objective=binary sigmoid:1
feature_names=physical_progress_pct elapsed_ratio cost_variation_pct expenditure_ratio burn_gap spi months_to_scheduled_completion months_to_anticipated_completion slip_to_date_months revisions_so_far months_since_last_revision log_cost cost_band progress_velocity_2q progress_velocity_4q spend_velocity_2q acceleration stagnation_quarters velocity_vs_sector_median expected_progress_scurve scurve_deviation sector_actual_target_ratio sector_yoy_growth sector_trend_4q agency_slip_rate agency_cost_optimism agency_n agency_slip_4q sector_slip_4q sector state obs_count_in_quarter months_since_last_obs dq_score period_type ext_open_land ext_open_forest_env ext_open_litigation ext_open_contractor ext_open_funding ext_open_utility_shifting ext_open_inter_agency ext_open_law_order ext_open_weather ext_open_total ext_ever_land ext_ever_forest_env ext_ever_litigation ext_ever_contractor ext_ever_funding ext_ever_utility_shifting ext_ever_inter_agency ext_ever_law_order ext_ever_weather ext_months_since_first_land ext_months_since_first_forest_env ext_remark_quarters fc_expected_complexity la_linked la_complexity_max_by_t la_parcels_by_t la_notif_span_by_t
feature_infos=[0:100] [0:3] [-98.16163146970645:3531.983695652174] [0:2.9628571428571431] [-100:198.48050983305313] [0:5] [-256:377] [-139:149] [-356:324] [0:21] [0:162] [1.8840347453372259:12.144202560946876] [0:3] [-50:50] [-25:25] [-109.34739655973968:124.49167346821885] [-100:100] [0:11] [-56.75:49.130000000000003] [0:100] [-100:95.200000000000003] [0.46842105263157896:5.5947862356621476] [-77.164999999999992:738.90666666666675] [-37.053749999999994:471.87666666666672] [0:1] [-10.394059251432994:29.988410789531677] [0:4779] [0.0069938276777178274:0.94179464715178995] [0.041275556127041271:0.86681862585477054] -1:15:14:13:12:2:18:20:21:19:1:16:7:4:0:10:5:8:9:6:3:17 -1:19:23:35:25:3:4:1:37:18:10:32:14:6:15:30:33:13:11:2:8:29:20:16:24:36:12:22:31:34:21:9:0:17:26:27:28:5:7 [1:4] [1:64] [0.40000000000000002:1] -1:2:1:0 [0:1] [0:1] [0:1] [0:1] [0:1] [0:1] [0:1] [0:1] [0:1] [0:6] [0:1] [0:1] [0:1] [0:1] [0:1] [0:1] [0:1] [0:1] [0:1] [0:141] [0:141] [0:25] [3:6.5] [0:1] [0:5] [2:13041] [0:4978]
tree_sizes=1732 1758 1765 1742 1741 1745 1762 1756 1772 1789 1760 1762 1766 1775 1754 1761 1773 1779 1762 1757 1763 1769 1778 1774 1768 1776 1768 1775 1776 1766 1767 1769 1776 1778 1803 1791 1775 1760 1782 1795 1777 1781 1785 1784 1783 1785 1783 1782 1777 1789 1790 1758 1773 1790 1795 1796 1800 1787 1773 1771 1796 1780 1785 1785 1784 1782 1803 1767 1790 1788 1788 1810 1792 1776 1782 1779 1780 1793 1766 1778 1777 1785 1787 1782 1801 1802 1792 1784 1774 1799 1773 1783 1795 1779 1779 1787 1779 1785 1803 1776 1763 1788 1789 1763 1764 1768 1796 1785 1795 1798 1775 1799 1782 1800 1773 1794 1777 1792 1778 1799 1792 1787 1794 1774 1778 1781 1757 1774 1769 1806 1790 1788 1777 1779 1807 1785 1784 1771 1773 1793 1792 1782 1790 1766 1782 1768 1764 1781 1796 1770 1787 1766 1804 1807 1764 1787 1787 1777 1781 1783 1783 1791 1778 1775 1785 1795 1762 1782 1791 1778 1797 1780 1760 1774 1790 1776 1792 1779 1790 1768 1791 1780 1776 1766 1760 1767 1796 1772 1778 1795 1771 1777 1780 1771 1779 1808 1792 1760 1789 1777 1793 1779 1784 1767 1806 1776 1791 1783 1784 1773 1791 1780 1777 1787 1774 1778 1780 1792 1779 1767 1772 1780 1773 1798 1772 1765 1755 1772 1742 1775 1792 1794 1762 1797 1764 1783 1788 1772 1769 1790 1789 1796 1748 1759 1767 1787 1762 1778 1781 1786 1772 1777 1762 1757 1786 1781 1761 1752 1767 1790 1780 1768 1764 1777 1794 1779 1789 1769 1790 1765 1766 1776 1776 1795 1808 1809 1779 1793 1778 1793 1775 1773 1785 1755 1786 1777 1776 1760 1776 1752 1789 1792 1785 1767 1771 1770 1780 1777 1765 1782

Tree=0
num_leaves=15
num_cat=3
split_feature=6 29 30 1 25 27 34 8 8 6 22 6 8 6
split_gain=3969.19 959.948 427.698 306.679 215.555 178.589 158.76 153.95 121.444 359.52 110.772 99.2603 97.7607 159.203
threshold=8.5000000000000018 0 1 0.65531729933352667 0.47633314702109669 0.062214675848922693 2 -2.4999999999999996 10.500000000000002 -3.4999999999999996 -2.878333333333333 5.5000000000000009 16.500000000000004 -12.499999999999998
decision_type=8 9 9 8 10 8 1 10 10 10 10 10 10 10
left_child=1 2 4 7 6 -4 -1 -2 11 12 -5 -7 -10 -14
right_child=3 -3 5 10 -6 8 -8 -9 9 -11 -12 -13 13 -15
leaf_value=-0.63801698622218173 -0.59250917879091325 -0.613945669855673 -0.67879486450156201 -0.61927797773639315 -0.57506770623901704 -0.52462962970116223 -0.54609899235975567 -0.66191988007794533 -0.51913482463510097 -0.62275392557934517 -0.65984451157189428 -0.5641506466732148 -0.54922963278675752 -0.6023083775535496
leaf_weight=284.25352871417999 82.945362478494644 1256.0624174773693 26.734455674886703 927.93696150183678 761.58923730254173 609.86548885703087 55.296908318996429 1966.0107403993607 216.16064161062241 192.39668101072311 204.96416017413139 219.3596363067627 1200.53700953722 160.17823442816734
leaf_count=1244 363 5497 117 4061 3333 2669 242 8604 946 842 897 960 5254 701
internal_value=-0.603946 -0.576088 -0.563411 -0.647564 -0.589957 -0.552383 -0.622921 -0.659106 -0.550855 -0.55831 -0.62666 -0.535023 -0.55044 -0.555472
internal_weight=8164.29 4982.43 3726.37 3181.86 1101.14 2625.23 339.55 2048.96 2598.5 1769.27 1132.9 829.225 1576.88 1360.72
internal_count=35730 21805 16308 13925 4819 11489 1486 8967 11372 7743 4958 3629 6901 5955
cat_boundaries=0 1 3 4
cat_threshold=831763 155815943 18 4
is_linear=0
shrinkage=1


Tree=1
num_leaves=15
num_cat=4
split_feature=7 7 7 26 7 0 30 29 19 21 7 30 29 25
split_gain=5985.37 1203.59 559.071 397.666 240.218 194.104 151.638 123.758 108.27 124.973 96.1117 95.1628 85.9033 85.8764
threshold=8.5000000000000018 1.5000000000000002 17.500000000000004 1055.0000000000002 6.5000000000000009 99.020000000000024 0 1 42.500000000000007 0.99578700303606482 -1.4999999999999998 2 3 0.69268308655529098
decision_type=2 2 2 2 2 10 9 9 8 8 2 9 9 10
left_child=1 3 8 10 6 -5 13 -8 -2 -10 -1 -11 -6 -3
right_child=2 4 -4 5 12 -7 7 -9 9 11 -12 -13 -14 -15
leaf_value=-0.038992223440949575 -0.03881682829626712 0.013588696308386133 -0.051748492908443633 0.073346094109515564 -0.00014728635041495717 -0.027129828635422005 0.08883362604905759 0.041650716552538075 -0.052632568488582311 -0.02304619929770315 0.0066521741886595544 0.0037380969811462391 0.049331756107309964 0.068917514619751249
leaf_weight=407.19470173120499 439.45121951401234 154.81674538552761 2679.8775860965252 194.34329046308994 110.92578084766865 63.167682439088821 1349.665476500988 227.50019136071205 159.19549329578876 510.16522821784019 160.38143661618233 908.83451221883297 653.22598075866699 128.16138337552547
leaf_count=1784 1943 675 11858 840 486 274 5819 997 701 2231 699 3976 2828 557
internal_value=-6.30172e-05 0.0499419 -0.0367844 -0.00273103 0.0664972 0.0486897 0.0762033 0.0823633 -0.0168929 -0.0107675 -0.0261054 -0.00603694 0.0428013 0.0374818
internal_weight=8146.91 3449.38 4697.52 825.087 2624.3 257.511 1860.14 1577.17 2017.65 1578.2 567.576 1419 764.152 282.978
internal_count=35668 14959 20709 3597 11362 1114 8048 6816 8851 6908 2483 6207 3314 1232
cat_boundaries=0 2 3 5 6
cat_threshold=541725185 2 831494 1628212511 26 2704384
is_linear=0
shrinkage=0.05


Tree=2
num_leaves=15
num_cat=3
split_feature=1 29 30 1 27 34 15 8 27 3 1 22 8 1
split_gain=2916.21 916.783 306.398 224.133 149.633 141.126 164.83 138.359 102.905 91.0537 80.3203 72.3297 71.9346 186.299
threshold=0.70856227106227121 0 1 0.5747340425531916 0.11372426363761413 2 0.014913140336402722 -2.4999999999999996 0.31495919956920265 0.11003357827903255 0.77831196581196593 -0.5083333333333333 10.500000000000002 1.0650762281197066
decision_type=10 9 9 8 8 1 10 10 8 10 10 10 10 10
left_child=3 2 5 7 -4 6 8 -1 -2 -6 -11 -5 -12 -14
right_child=1 -3 4 11 9 -7 -8 -9 -10 10 12 -13 13 -15
leaf_value=0.013657684390387404 -0.056290187428173134 -0.012992555395654038 -0.05976367917271052 -0.018076091764206364 0.016927323407924945 0.046604694801050423 0.021573343747197753 -0.056352310636740954 -0.0022718487434490284 0.01379918500505267 0.064748409540523563 -0.052475527006070659 -0.011052279050810923 0.050200488335146523
leaf_weight=73.46811780333519 127.33521714806557 1413.8287399560213 33.583130940794945 894.57586418092251 258.29906930029392 260.31141249835491 627.29264736175537 1595.7162974327803 281.94775389134884 158.47754170000553 652.3322988152504 183.95572854578495 135.74087402224541 1411.4782275110483
leaf_count=324 564 6239 149 3968 1115 1120 2711 7216 1225 693 2772 828 601 6021
internal_value=8.86725e-05 0.0215559 0.0338792 -0.0417852 0.0436772 0.0136601 0.00548157 -0.0532645 -0.0191742 0.0451942 0.048282 -0.0239865 0.0507591 0.044823
internal_weight=8108.34 5360.63 3946.8 2747.72 2649.91 1296.89 1036.58 1669.18 409.283 2616.33 2358.03 1078.53 2199.55 1547.22
internal_count=35546 23210 16971 12336 11351 5620 4500 7540 1789 11202 10087 4796 9394 6622
cat_boundaries=0 1 3 4
cat_threshold=831795 694800391 22 4
is_linear=0
shrinkage=0.05


Tree=3
num_leaves=15
num_cat=5
split_feature=7 7 7 26 7 0 1 30 30 7 29 29 8 29
split_gain=5206.08 1061.99 514.352 322.317 205.173 172.82 115.524 105.075 90.0569 82.686 75.5193 71.615 74.4249 70.4426
threshold=8.5000000000000018 1.5000000000000002 17.500000000000004 1055.0000000000002 5.5000000000000009 98.655000000000015 0.68473364669016856 0 1 -1.4999999999999998 2 3 1.5000000000000002 4
decision_type=2 2 2 2 2 10 10 9 9 2 9 9 10 9
left_child=1 3 6 9 8 -5 10 -8 -3 -1 -2 -4 -13 -10
right_child=2 4 11 5 -6 -7 7 -9 13 -11 -12 12 -14 -15
leaf_value=-0.037294842162266618 -0.05059488787144524 0.042968655086483239 -0.057707449089815011 0.066275624871051791 0.042897971585196461 -0.023070190226262468 -0.026480094570946883 0.0024839335422955633 0.033225231726956295 0.0056284204169082669 -0.014224714000525938 -0.050813102760719833 -0.02556172503220451 0.082025508678140277
leaf_weight=400.25592343509197 311.13034556806087 331.39370973408222 1409.3438212871552 192.97410376369953 974.03562943637371 74.482016697525978 468.60459925234318 903.016412332654 130.422209456563 155.41748344898224 307.23791809380054 636.79129189252853 545.14142088592052 1251.5348151922226
leaf_count=1782 1416 1419 6433 814 4144 323 2053 3925 566 675 1385 2916 2440 5243
internal_value=0.00027686 0.046085 -0.0348272 -0.00360383 0.0613 0.0414011 -0.015698 -0.00759832 0.0717304 -0.025301 -0.033623 -0.0495059 -0.0388693 0.0777187
internal_weight=8091.78 3510.52 4581.27 823.13 2687.39 267.456 1989.99 1371.62 1713.35 555.673 618.368 2591.28 1181.93 1381.96
internal_count=35534 14966 20568 3594 11372 1137 8779 5978 7228 2457 2801 11789 5356 5809
cat_boundaries=0 2 4 5 6 7
cat_threshold=1634503949 26 2152272387 6 32768 102404 17712
is_linear=0
shrinkage=0.05


Tree=4
num_leaves=15
num_cat=6
split_feature=7 7 7 7 34 7 1 30 19 30 23 29 29 29
split_gain=4720.21 915.467 445.042 187.05 147.045 154.738 114.771 101.774 85.4344 83.821 79.7919 77.4326 75.6348 67.1689
threshold=8.5000000000000018 1.5000000000000002 17.500000000000004 7.5000000000000009 0 -4.4999999999999991 0.68473364669016856 1 94.75500000000001 2 8.2862500000000026 3 4 5
decision_type=2 2 2 2 1 2 10 9 8 9 10 9 9 9
left_child=1 4 6 8 -1 -6 12 11 9 -3 -11 -8 -2 -4
right_child=2 3 13 -5 5 -7 7 -9 -10 10 -12 -13 -14 -15
leaf_value=0.066220783831231048 -0.0047868468114163672 0.020379515419602614 -0.058436242410906808 0.032191869476816737 -0.032310194524075582 0.013162178838986819 0.014032804682660308 0.0035383937566530127 0.075969793108120715 0.064421445227976035 -0.0011608810432937157 -0.032602103885077338 -0.044772422767595722 -0.039806312095073466
leaf_weight=68.445315942168236 177.70532061159611 186.74423034489155 1034.5788364559412 596.08254930377007 377.49503275752068 369.13088563084602 106.59682282805443 795.70746138691902 880.3809459656477 1007.6565802246332 48.57799331843853 470.46050538122654 439.9108812212944 1516.7362373769283
leaf_count=288 802 795 4822 2519 1686 1596 467 3452 3660 4187 203 2078 2028 6993
internal_value=-0.000225902 0.0430976 -0.0339439 0.0570242 -0.00338058 -0.00984118 -0.0162117 -0.00814693 0.0639768 0.0554282 0.0608316 -0.0238861 -0.0340949 -0.0477658
internal_weight=8076.21 3534.51 4541.7 2719.44 815.071 746.626 1990.38 1372.76 2123.36 1242.98 1056.23 577.057 617.616 2551.32
internal_count=35576 14934 20642 11364 3570 3282 8827 5997 8845 5185 4390 2545 2830 11815
cat_boundaries=0 1 3 5 6 7 8
cat_threshold=1 1630326090 26 659968 2 1319219 1331204 32772
is_linear=0
shrinkage=0.05


Tree=5
num_leaves=15
num_cat=6
split_feature=7 7 7 26 29 30 0 7 29 30 30 25 29 0
split_gain=4334.67 787.298 444.457 282.913 157.403 134.644 130.022 102.331 90.421 104.826 75.5348 73.9657 73.3811 63.9036
threshold=8.5000000000000018 1.5000000000000002 17.500000000000004 1055.0000000000002 0 1 99.020000000000024 5.5000000000000009 2 3 4 0.69268308655529098 5 94.310000000000016
decision_type=2 2 2 2 9 9 10 2 9 9 9 10 9 10
left_child=1 3 8 10 -3 11 -5 13 -2 -10 -1 -6 -4 -7
right_child=2 4 12 6 5 7 -8 -9 9 -11 -12 -13 -14 -15
leaf_value=-0.039973182027489111 0.0070152130901928109 0.017222538857016773 -0.057267732501473746 0.059597019127651835 0.019361066933768784 0.08059389108090674 -0.022145409352175471 0.050357400516072862 -0.036707165478528335 -0.0098682569680408946 -0.0026292383048025034 0.053568909668490483 -0.037970359062744402 0.049176358512183618
leaf_weight=275.13857148587704 388.13818915188313 290.46828502416611 1034.31412319839 205.28287951648235 307.28970910608768 952.69836843013763 63.077519983053207 667.8330639898777 581.33109866082668 1013.1353866308928 273.06113222241402 328.17870508134365 1469.6592468768358 202.28613452613354
leaf_count=1242 1718 1236 4930 852 1293 3884 277 2770 2632 4490 1212 1361 6876 826
internal_value=0.000359052 0.0415063 -0.0323411 -0.00160222 0.0543083 0.0583741 0.0403728 0.0657316 -0.0146446 -0.019838 -0.0221863 0.03651 -0.0463414 0.0751387
internal_weight=8051.89 3565.31 4486.58 816.56 2748.75 2458.29 268.36 1822.82 1982.6 1594.47 548.2 635.468 2503.97 1154.98
internal_count=35599 14953 20646 3583 11370 10134 1129 7480 8840 7122 2454 2654 11806 4710
cat_boundaries=0 1 3 4 6 8 9
cat_threshold=2180608 1231753735 6 1319171 1093541198 10 884994 51 98308
is_linear=0
shrinkage=0.05


Tree=6
num_leaves=15
num_cat=4
split_feature=6 29 30 1 25 27 8 34 24 0 21 8 29 27
split_gain=2454.11 535.164 234.832 218.238 137.377 137.122 128.425 96.7031 103.558 72.3221 70.5043 69.952 69.3374 69.0761
threshold=8.5000000000000018 0 1 0.59110671936758907 0.47664679774833746 0.062214675848922693 -2.4999999999999996 2 0.32644107884860535 99.995000000000019 0.97790083642899184 21.500000000000004 3 0.47985601552271939
decision_type=8 9 9 8 10 8 10 1 10 10 8 10 9 10
left_child=1 2 4 6 7 -4 -2 8 -1 13 -5 12 -3 -6
right_child=3 11 5 10 9 -7 -8 -9 -10 -11 -12 -13 -14 -15
leaf_value=-0.054439249979394394 0.015478154815485671 0.031437187577668939 -0.071647420725153718 -0.054544893710013989 0.040696179653003116 0.039363979210914543 -0.052251534772504708 0.041834302199466544 0.0035831389121365092 -0.05401988661185423 -0.017900974332124155 -0.016627875749490765 -0.0098609376193399788 0.011143575973549695
leaf_weight=154.78123058378696 72.910606250166893 173.82456713914871 27.236516505479813 146.69835385680199 379.57502423226833 2619.3364345878363 1534.3317766040564 62.870592325925827 151.64416201412678 28.889237627387047 1208.3258676826954 825.7351236641407 219.50647650659084 413.75282472372055
leaf_count=701 331 756 125 700 1603 10923 7474 261 661 128 5522 3721 965 1755
internal_value=-0.00057802 0.0205901 0.0297102 -0.0367108 0.0110049 0.0380512 -0.0491713 -0.0142094 -0.0258068 0.0224669 -0.0219054 -0.00829996 0.00897052 0.0253167
internal_weight=8019.42 5057.15 3838.09 2962.27 1191.51 2646.57 1607.24 369.296 306.425 822.217 1355.02 1219.07 393.331 793.328
internal_count=35626 21599 16157 14027 5109 11048 7805 1623 1362 3486 6222 5442 1721 3358
cat_boundaries=0 1 3 4 5
cat_threshold=831763 694800387 18 4 3145860
is_linear=0
shrinkage=0.05


Tree=7
num_leaves=15
num_cat=5
split_feature=7 7 7 7 0 16 1 29 30 7 30 29 8 29
split_gain=3645.84 671.295 382.417 147.025 135.056 141.434 85.5776 79.9576 83.7272 78.9936 77.3211 73.7005 67.1663 64.8085
threshold=8.5000000000000018 1.5000000000000002 17.500000000000004 6.5000000000000009 99.985000000000014 -0.09000000000000162 0.68473364669016856 0 1 -6.4999999999999991 2 3 1.5000000000000002 4
decision_type=2 2 2 2 10 8 10 9 9 2 9 9 10 9
left_child=1 4 6 10 5 -1 13 -8 -9 -7 -3 -4 -13 -2
right_child=2 3 11 -5 -6 9 7 8 -10 -11 -12 12 -14 -15
leaf_value=0.052120850128064257 -0.046121944032939177 0.03664941094976535 -0.052229080059886704 0.030741829039882665 -0.049867957316222483 -0.026848962950771434 0.018951021568516885 -0.027568182206866982 -0.000423066043927396 0.011371574333138498 0.062415753353815939 -0.044877125465417902 -0.020299854453044375 -0.011863367795843469
leaf_weight=132.99663181602955 296.10847851634026 518.37123586237431 1313.6041920185089 797.0948568880558 127.18557041883469 237.26058605313301 232.16085249185562 510.99881409108639 634.682840898633 311.59550720453262 1471.8774584829807 594.74649721384048 526.6871899664402 296.34874173998833
leaf_count=558 1430 2146 6486 3298 576 1081 994 2285 2767 1351 5969 2909 2454 1372
internal_value=-3.2009e-05 0.0373161 -0.0305234 0.0489506 -0.00277849 0.00606525 -0.014136 -0.00729277 -0.0126774 -0.00516926 0.056224 -0.043772 -0.033068 -0.0300117
internal_weight=8001.72 3596.38 4405.34 2787.34 809.038 681.853 1970.3 1377.84 1145.68 548.856 1990.25 2435.04 1121.43 592.457
internal_count=35676 14979 20697 11413 3566 2990 8848 6046 5052 2432 8115 11849 5363 2802
cat_boundaries=0 1 3 5 6 7
cat_threshold=270595 1636566366 26 558584323 38 102404 32768
is_linear=0
shrinkage=0.05


Tree=8
num_leaves=15
num_cat=4
split_feature=7 7 7 26 7 0 15 30 30 30 27 0 20 29
split_gain=3291.54 601.447 376.059 253.795 141.109 107.586 89.4435 82.8962 72.1709 71.974 70.3769 70.8398 70.3379 67.9065
threshold=8.5000000000000018 1.5000000000000002 17.500000000000004 1055.0000000000002 6.5000000000000009 98.145000000000024 8.3959267026850579 0 1 2 0.17862950125771793 94.310000000000016 -3.7274999999999952 3
decision_type=2 2 2 2 2 10 8 9 9 9 8 10 10 9
left_child=1 3 6 9 8 -5 7 -2 -3 -1 -10 -12 -6 -4
right_child=2 4 13 5 12 -7 -8 -9 10 -11 11 -13 -14 -15
leaf_value=-0.038473475111524026 -0.021192127776494929 0.028221350979313976 -0.050841246177604785 0.056889696794746883 0.035555423853209117 -0.011163134687777302 -0.027736132122184579 0.0047515986517853792 0.013508511778306968 -0.0016618823290127098 0.065057834647347976 0.036866384075252119 -0.0018034182624561412 -0.032196691925081268
leaf_weight=295.90479989349842 493.80646346509457 323.94603070616722 1308.8276589512825 191.77233275771141 654.19916041195393 82.703193679451942 690.69100885093212 784.28953211009502 85.683100953698158 247.52660252153873 1311.7509607076645 274.03493274748325 155.87169718742371 1082.0820322036743
leaf_count=1366 2252 1339 6606 782 2694 363 3171 3463 353 1102 5291 1107 641 5249
internal_value=-0.000178265 0.0350337 -0.0294446 -0.00269257 0.0460294 0.0364184 -0.0132521 -0.00540931 0.0531793 -0.0224773 0.0574841 0.0602125 0.0283736 -0.0427672
internal_weight=7983.09 3623.39 4359.7 817.907 2805.49 274.476 1968.79 1278.1 1995.42 543.431 1671.47 1585.79 810.071 2390.91
internal_count=35779 15038 20741 3613 11425 1145 8886 5715 8090 2468 6751 6398 3335 11855
cat_boundaries=0 2 4 6 7
cat_threshold=1630331918 26 554308097 6 884994 59 2199556
is_linear=0
shrinkage=0.05


Tree=9
num_leaves=15
num_cat=3
split_feature=8 24 19 22 0 3 19 22 8 30 26 15 30 30
split_gain=1071.02 250.505 179.029 181.068 167.367 161.609 104.043 100.1 93.6904 92.7688 114.328 87.0233 81.8626 81.7849
threshold=1.0000000180025095e-35 0.22808052120699415 29.000000000000004 -2.878333333333333 99.985000000000014 0.32119499319947759 42.500000000000007 -7.8366666666666651 -2.4999999999999996 0 1055.0000000000002 0.12716398089454109 1 2
decision_type=10 8 8 10 10 10 10 8 10 9 2 10 9 9
left_child=2 -2 8 6 5 7 11 -3 -1 10 -7 -4 -8 -9
right_child=1 4 3 -5 -6 9 12 13 -10 -11 -12 -13 -14 -15
leaf_value=0.025361065499890631 -0.012058917970475565 0.059607524563676795 -0.027328936885626088 -0.045336817307934298 -0.039966432108212047 -0.0004168162702053514 -0.012334365427582143 -0.014656332098272351 -0.050002399864670879 0.032988513178950796 0.037527520279695067 -0.00417043135769345 0.038003760390458267 0.014811721993491456
leaf_weight=43.443133041262627 729.72509102523327 73.902269184589386 753.651362657547 438.9838205575943 113.20169916749001 555.94246119260788 138.87829105556011 478.66677729785442 649.14296805858612 2097.8055295795202 307.75835020840168 878.08753456175327 174.46769177913666 442.56349357962608
leaf_count=198 3348 307 3647 2156 507 2405 629 2169 3347 8767 1274 4027 747 1970
internal_value=0.000143707 0.0149048 -0.0228808 -0.0163675 0.0197411 0.0214591 -0.00980953 0.00402163 -0.0452454 0.0273151 0.0129813 -0.0148768 0.0165417 -0.000497341
internal_weight=7876.22 4799.57 3076.65 2384.07 4069.84 3956.64 1945.08 995.133 692.586 2961.51 863.701 1631.74 313.346 921.23
internal_count=35498 20747 14751 11206 17399 16892 9050 4446 3545 12446 3679 7674 1376 4139
cat_boundaries=0 2 4 6
cat_threshold=21741841 6 61411651 25 550014234 59
is_linear=0
shrinkage=0.05


Tree=10
num_leaves=15
num_cat=5
split_feature=7 7 7 26 29 30 29 1 29 30 0 25 8 7
split_gain=2934.51 513.44 324.265 227.769 114.778 110.078 91.473 83.2045 96.414 82.1164 80.2789 78.1429 67.2713 61.817
threshold=8.5000000000000018 -1.0000000180025095e-35 14.500000000000002 1055.0000000000002 0 1 2 0.5747340425531916 3 4 99.75500000000001 0.8187398524557733 -2.4999999999999996 5.5000000000000009
decision_type=2 2 2 2 9 9 9 8 9 9 10 10 10 2
left_child=1 3 6 -1 -3 11 -2 12 -9 -8 -5 -6 -4 -7
right_child=2 4 7 10 5 13 9 8 -10 -11 -12 -13 -14 -15
leaf_value=-0.027469653001059427 0.010377195183089615 0.011772253587291202 0.0095264844010667475 0.052917256198248552 0.01749467906600154 0.060976168580092964 -0.034848321454867208 -0.0014982551214386328 -0.035321702267638755 -0.004776076787978964 -0.024656639423427149 0.0460917560017493 -0.049410067809796045 0.040880481760354623
leaf_weight=439.53188663721085 443.93994973599911 310.63784943521023 50.079253613948822 158.45449395477772 506.18993298709393 1078.7555343061686 376.41644521057606 262.67965695261955 1317.2943583875895 577.59172502160072 41.529592007398605 454.80062049627304 1237.3224261403084 609.11164318025112
leaf_count=2042 1961 1299 236 644 2084 4334 1757 1206 6363 2593 189 1844 6554 2467
internal_value=1.52022e-05 0.0332602 -0.0280376 -0.00735657 0.0420366 0.0453644 -0.00828549 -0.0376613 -0.0299358 -0.0169035 0.0367654 0.0307429 -0.0471119 0.0534362
internal_weight=7864.34 3599.01 4265.32 639.516 2959.5 2648.86 1397.95 2867.38 1579.97 954.008 199.984 960.991 1287.4 1687.87
internal_count=35573 14903 20670 2875 12028 10729 6311 14359 7569 4350 833 3928 6790 6801
cat_boundaries=0 1 3 4 5 7
cat_threshold=2180096 1097569031 14 274707 1057923 1628194140 26
is_linear=0
shrinkage=0.05


Tree=11
num_leaves=15
num_cat=5
split_feature=7 7 7 26 7 0 15 30 29 30 0 28 29 30
split_gain=2659.36 468.72 309.816 185.441 130.492 84.802 76.7011 74.6235 67.3131 84.0536 66.1781 66.0674 61.4847 59.0992
threshold=8.5000000000000018 1.5000000000000002 17.500000000000004 1055.0000000000002 5.5000000000000009 99.995000000000019 8.3959267026850579 0 1 2 92.745000000000019 0.39484035224186947 3 4
decision_type=2 2 2 2 2 10 8 9 9 9 10 8 9 9
left_child=1 3 6 7 10 11 8 -1 -2 -10 -3 -5 -4 -14
right_child=2 4 12 5 -6 -7 -8 -9 9 -11 -12 -13 13 -15
leaf_value=-0.037481263090381238 0.017594809141928663 0.054079294990454191 -0.047969557173415445 0.064876096129955055 0.026633069050876486 -0.033429556819095256 -0.026206661867744504 -0.00015838847278814978 -0.028722326817695668 0.00062606499166429762 0.030316718805494771 0.0095215071744952362 -0.0018299020325887091 -0.035090739296508314
leaf_weight=266.234938159585 247.84688965976238 1398.682548686862 1202.8885238319635 138.3915116339922 1028.9541178792715 41.846895277500153 673.48102822899818 269.43060958385468 394.98574480414391 619.13559982180595 376.41409429907799 88.532800152897835 169.31598345935345 899.23308591544628
leaf_count=1265 1086 5647 6433 561 4186 193 3161 1212 1846 2755 1518 360 826 4539
internal_value=-0.00029347 0.031194 -0.0273031 -0.00244864 0.040843 0.0313722 -0.0125941 -0.0194451 -0.00531445 -0.0109903 0.0490603 0.0434164 -0.0398253 -0.0298928
internal_weight=7815.37 3608.49 4206.89 804.437 2804.05 268.771 1935.45 535.666 1261.97 1014.12 1775.1 226.924 2271.44 1068.55
internal_count=35588 14942 20646 3591 11351 1114 8848 2477 5687 4601 7165 921 11798 5365
cat_boundaries=0 2 3 5 6 8
cat_threshold=884994 51 1319185 1613503822 42 102404 2154934285 20
is_linear=0
shrinkage=0.05


Tree=12
num_leaves=15
num_cat=3
split_feature=7 7 7 26 7 29 0 1 29 8 20 19 15 34
split_gain=2414.51 434.481 311.506 160.152 107.857 92.2231 88.1592 83.9482 96.668 70.4788 58.3355 56.8967 52.4282 51.7538
threshold=8.5000000000000018 1.5000000000000002 14.500000000000002 1055.0000000000002 6.5000000000000009 0 98.655000000000015 0.59110671936758907 1 -2.4999999999999996 -1.9975000000000021 4.4000000000000012 1.0000000180025095e-35 2
decision_type=2 2 2 2 2 9 10 10 9 8 10 10 8 1
left_child=1 3 5 12 11 -2 -5 9 -9 -4 -6 -3 -1 -7
right_child=2 4 7 6 10 13 -8 8 -10 -11 -12 -13 -14 -15
leaf_value=-0.041271757748820005 0.017025541045178942 0.057932921466203283 0.012434567790629784 0.045832634801166713 0.029665516954778703 -0.022701219712752442 -0.017071645482040647 0.0017066360150979128 -0.033276682808145851 -0.046514561129185922 -0.0056704893747696198 0.039504259735035387 -0.0077962702795336767 -0.00047233154943844498
leaf_weight=176.47749225795269 302.90621019899845 612.73635165393353 52.231100663542747 195.46477180719376 669.09293723106384 658.99321755766869 77.124394789338112 249.849504545331 1056.5423637926579 1390.93645003438 141.10367833077908 1379.3714476674795 344.87129616737366 434.12551991641521
leaf_count=843 1331 2470 249 786 2719 3079 345 1152 5206 7643 575 5562 1585 1940
internal_value=-0.000283854 0.0296917 -0.0262882 -0.00295687 0.0389394 -0.00704622 0.0280376 -0.0360518 -0.0268314 -0.0443739 0.023512 0.0451988 -0.0191851 -0.0137559
internal_weight=7741.83 3596.24 4145.58 793.938 2802.3 1396.02 272.589 2749.56 1306.39 1443.17 810.197 1992.11 521.349 1093.12
internal_count=35485 14885 20600 3559 11326 6350 1131 14250 6358 7892 3294 8032 2428 5019
cat_boundaries=0 1 2 3
cat_threshold=1319187 1057923 4
is_linear=0
shrinkage=0.05


Tree=13
num_leaves=15
num_cat=4
split_feature=7 7 7 0 7 24 21 30 1 30 30 27 30 32
split_gain=2220.41 372.231 269.005 107.175 98.1678 82.4387 74.5306 73.4042 67.7238 72.4042 61.8824 58.6049 55.4358 54.8399
threshold=8.5000000000000018 1.5000000000000002 17.500000000000004 99.995000000000019 5.5000000000000009 0.36619540880136275 0.99578700303606482 0 0.68473364669016856 1 2 0.47985601552271939 3 4.5000000000000009
decision_type=2 2 2 10 2 8 8 9 10 9 9 10 9 8
left_child=1 3 6 5 10 13 -2 -7 -8 -10 11 -3 -6 -1
right_child=2 4 -4 -5 12 7 8 -9 9 -11 -12 -13 -14 -15
leaf_value=-0.019495179464413523 -0.044100055966932124 0.041616573330639749 -0.037388821174848881 -0.04578739704626552 0.007698640253750267 -0.011793878041563982 -0.024077357128647579 0.036072029921493144 -0.019281173495760702 0.0061621514151456031 0.047564125373575544 -0.0077878564225383768 0.032857518524652039 0.055428016736734004
leaf_weight=284.99241799116135 161.35663777589798 125.7755510956049 2193.4493600130081 117.48669435083866 357.80371345579624 113.14349113404751 505.00328256189823 251.11657263338566 408.75674217939377 828.08219115436077 1551.9534133225679 113.49825936555862 663.16254977881908 25.740342855453491
leaf_count=1352 791 511 11839 567 1455 492 2508 1046 1874 3622 6253 461 2679 109
internal_value=-0.00027603 0.0283408 -0.025457 -0.00192514 0.0368675 0.00576579 -0.0116931 0.0218774 -0.00866749 -0.00236125 0.0439257 0.0175179 0.0244534 -0.0131308
internal_weight=7701.32 3604.67 4096.65 792.48 2812.19 674.993 1903.2 364.26 1741.84 1236.84 1791.23 239.274 1020.97 310.733
internal_count=35559 14925 20634 3566 11359 2999 8795 1538 8004 5496 7225 972 4134 1461
cat_boundaries=0 2 4 6 8
cat_threshold=2164377923 22 560729433 30 528896 6 1097732375 10
is_linear=0
shrinkage=0.05


Tree=14
num_leaves=15
num_cat=4
split_feature=7 7 7 1 26 0 29 3 29 29 30 26 19 21
split_gain=2006.76 264.381 305.973 138.88 136.479 117.784 104.601 95.2125 81.4177 79.5332 67.231 63.6738 71.6967 55.0985
threshold=11.500000000000002 -2.4999999999999996 7.5000000000000009 0.5747340425531916 1055.0000000000002 96.50500000000001 0 0.0042648628717473292 1 2 3 733.50000000000011 91.252500000000012 0.96900087096965193
decision_type=2 2 2 10 2 10 9 10 9 9 9 2 8 8
left_child=1 4 5 -2 -1 7 -5 -3 -4 -9 11 12 -11 -6
right_child=3 2 8 6 13 -7 -8 9 -10 10 -12 -13 -14 -15
leaf_value=-0.029364633431983742 -0.040980395281063259 -0.0011948052598767149 0.025889492478869392 0.0060812683657935178 0.079819589191459789 0.0080726712411496593 -0.025645597105699143 0.014752369671056293 -0.00068259358908582808 -0.026811807018578965 0.051755368913916681 0.045542780357834586 0.044849795117158801 0.0097490835814680391
leaf_weight=345.73382894694805 1462.8260751366615 126.06043612957001 404.0355484187603 314.66359101235867 37.537680998444557 310.63312377035618 1511.4234116822481 248.59890983998775 950.48385013639927 91.844507217407227 1519.9995165914297 161.8033644258976 54.928639739751816 104.42710384726524
leaf_count=1681 8286 528 1711 1435 152 1272 7466 1020 4146 381 6150 654 222 445
internal_value=-2.2971e-05 0.022234 0.0266071 -0.0294996 -0.0124368 0.0369262 -0.0202853 0.0409888 0.00744272 0.0435482 0.0471147 0.0232607 0.000128975 0.0287055
internal_weight=7645 4356.09 3868.39 3288.91 487.699 2513.87 1826.09 2203.24 1354.52 2077.17 1828.58 308.577 146.773 141.965
internal_count=35549 18362 16084 17187 2278 10227 8901 8955 5857 8427 7407 1257 603 597
cat_boundaries=0 1 2 3 5
cat_threshold=271618 274706 1131824 541725185 2
is_linear=0
shrinkage=0.05


Tree=15
num_leaves=15
num_cat=5
split_feature=7 7 7 26 7 0 1 29 29 30 30 19 21 29
split_gain=1848.89 313.224 275.933 141.77 100.177 72.4215 71.7255 71.5762 68.1146 65.8587 61.6721 57.4503 57.2783 53.7417
threshold=8.5000000000000018 1.5000000000000002 14.500000000000002 1055.0000000000002 5.5000000000000009 98.00500000000001 0.59110671936758907 0 1 2 3 97.500000000000014 0.95557482569429641 4
decision_type=2 2 2 2 2 10 8 9 9 9 9 8 8 9
left_child=1 3 8 10 11 -5 -4 -8 -2 -10 -1 -3 -12 -6
right_child=2 4 6 5 13 -7 7 -9 9 -11 12 -13 -14 -15
leaf_value=-0.035659293393595318 0.016684950302490408 0.033950799221630711 -0.041853553791028571 0.043580517220591176 0.039054723976255173 -0.011979772014124005 9.1120100410576428e-05 -0.030129100182556656 -0.026873592027754818 -0.0014279748273008182 -0.064166913064857917 0.052494501720684886 0.0069421536217103598 0.01344602853993224
leaf_weight=230.12223944067955 276.57613435387611 1105.6032928079367 1188.9581950604916 195.35626655817032 300.41258303821087 83.11203071475029 243.95486669242382 1190.7139759659767 391.32805819809437 707.9912711083889 30.860839635133743 682.63069412112236 253.77208836376667 730.47400346398354
leaf_count=1136 1209 4472 6989 785 1206 371 1139 6162 1894 3223 155 2773 1153 2960
internal_value=0.00016246 0.0260879 -0.0232539 -0.00166745 0.0338953 0.0270144 -0.0327617 -0.0252031 -0.00511332 -0.0106624 -0.0172058 0.041055 -0.000932727 0.0214481
internal_weight=7611.87 3612.34 3999.52 793.223 2819.12 278.468 2623.63 1434.67 1375.9 1099.32 514.755 1788.23 284.633 1030.89
internal_count=35627 15011 20616 3600 11411 1156 14290 7301 6326 5117 2444 7245 1308 4166
cat_boundaries=0 1 2 4 6 7
cat_threshold=1058307 270643 1630441820 10 2148385025 50 274451
is_linear=0
shrinkage=0.05


Tree=16
num_leaves=15
num_cat=3
split_feature=7 7 7 21 29 30 31 25 29 15 21 0 20 22
split_gain=1694.07 288.616 243.689 110.978 98.0373 125.073 87.7352 80.012 76.9862 64.9331 59.8966 54.2004 51.6884 49.6403
threshold=8.5000000000000018 -3.4999999999999996 17.500000000000004 0.96281320404573056 0 1 1.5000000000000002 0.14432189469163001 2 6.4160236704470597 0.99578700303606482 98.975000000000009 -3.7274999999999952 3.2716666666666674
decision_type=2 2 2 10 9 9 2 10 9 8 8 10 8 8
left_child=1 3 9 -1 13 6 7 -6 -4 10 -2 -7 -9 -3
right_child=2 4 8 -5 5 11 -8 12 -10 -11 -12 -13 -14 -15
leaf_value=-0.022584881362491999 -0.038359169640234579 -0.041497559544108185 -0.046576809122223707 0.053722224881192195 -0.022160466919899285 0.043683022477594265 0.044730121853746259 0.041250168654264445 -0.025817945895754448 -0.020610180526265717 0.0018407554224778391 0.0028044751299136504 0.0096414219245162004 0.012156923889476222
leaf_weight=385.16228421032429 101.0522445589304 49.419980823993683 829.06623685359955 53.393806651234627 148.16680103540421 1665.8779277950525 251.57513725757599 178.90433129668236 1248.5147534757853 791.35234174132347 1006.0448730140924 85.382804915308952 463.48420482873917 296.59102708101273
leaf_count=1860 508 205 4956 226 627 6774 1017 722 6873 3817 4593 351 1891 1225
internal_value=-0.000180399 0.0247765 -0.0226393 -0.0131935 0.0300832 0.0331437 0.018888 0.0108568 -0.0344686 -0.00968251 -0.00185987 0.0414561 0.0184948 0.00427294
internal_weight=7553.99 3577.96 3976.03 438.556 3139.4 2793.39 1042.13 790.555 2077.58 1898.45 1107.1 1751.26 642.389 346.011
internal_count=35645 14898 20747 2086 12812 11382 4257 3240 11829 8918 5101 7125 2613 1430
cat_boundaries=0 1 3 4
cat_threshold=2180096 1229689607 14 98308
is_linear=0
shrinkage=0.05


Tree=17
num_leaves=15
num_cat=2
split_feature=7 7 7 1 26 30 30 0 5 56 25 21 24 3
split_gain=1517.66 193.462 239.664 110.178 107.02 106.089 61.1123 60.8098 56.037 55.4202 49.5012 47.6079 79.777 45.8877
threshold=11.500000000000002 -3.4999999999999996 7.5000000000000009 0.65531729933352667 1055.0000000000002 0 1 99.995000000000019 0.78922631578947378 2.5000000000000004 1.0270994637123729 0.98929407201245356 0.19505866760292254 0.051826767663167711
decision_type=2 2 2 10 2 9 9 10 10 2 10 8 10 10
left_child=1 4 5 10 -1 13 -5 11 -4 -6 -2 12 -7 -3
right_child=3 2 8 6 9 7 -8 -9 -10 -11 -12 -13 -14 -15
leaf_value=-0.027692810108690308 -0.044641256257982057 -0.018873795279510473 0.008278724139477979 -0.026410390012554453 0.049745262533503226 -0.06175731176291821 -0.0062364873928536391 -0.029322265323355315 -0.035863432895031765 -0.018425930491959834 -0.027051358153098157 0.043588966661506592 0.031512256925655811 0.02082659791268986
leaf_weight=316.61218777298927 786.31130656599998 79.466601088643074 1288.0419380515814 799.11767661571503 84.579368129372597 27.549023509025574 740.96598081290722 30.753981471061707 75.162868022918701 45.0942402780056 829.11620289087296 1470.2516085505486 115.93458408117294 782.49475753307343
leaf_count=1592 4756 341 5567 4018 354 117 3593 130 334 197 4835 6019 474 3197
internal_value=-0.000162629 0.0191043 0.022699 -0.0265127 -0.0120454 0.0318729 -0.0169265 0.0393364 0.00582036 0.026079 -0.0356356 0.0409058 0.0133009 0.0169524
internal_weight=7471.45 4315.94 3869.66 3155.51 446.286 2506.45 1540.08 1644.49 1363.2 129.674 1615.43 1613.74 143.484 861.961
internal_count=35524 18322 16179 17202 2143 10278 7611 6740 5901 551 9591 6610 591 3538
cat_boundaries=0 2 4
cat_threshold=1699451398 38 1674325320 42
is_linear=0
shrinkage=0.05


Tree=18
num_leaves=15
num_cat=5
split_feature=7 7 7 7 0 24 30 21 29 25 29 21 29 30
split_gain=1389.91 179.475 207.974 104.949 97.7607 87.3982 83.4045 78.9288 77.0713 66.3738 59.4006 53.3332 48.351 47.973
threshold=11.500000000000002 -4.4999999999999991 7.5000000000000009 20.500000000000004 99.995000000000019 0.33651271933315202 0 0.96281320404573056 1 0.10043444738266448 2 4.7864210641253422 3 4
decision_type=2 2 2 2 10 10 9 10 9 10 9 8 9 9
left_child=1 7 4 5 6 11 9 -1 -4 -3 -5 -2 -8 -10
right_child=3 2 8 10 -6 -7 12 -9 13 -11 -12 -13 -14 -15
leaf_value=-0.023604151522111344 -0.038407254953139382 -0.017956152459309753 0.022559053586061584 -0.047200178327178925 -0.029911007968202005 -0.027469650027730982 0.039940831078947914 0.045515337410416114 -0.017224764924645055 0.022944787588857832 -0.026083040586808149 0.0024021130837787318 0.014180770433285689 0.0060040950280605566
leaf_weight=327.24434275925159 91.428180500864983 122.90255828201771 438.42349468171597 612.62331928312778 66.187634363770485 783.63303011655807 1617.8006137758493 46.308348804712296 342.8192486166954 499.6554356366396 1018.1436834782362 597.62761616706848 249.43985086679459 588.7971683293581
leaf_count=1622 491 533 1847 3871 294 4004 6657 198 1535 2037 5791 2989 1022 2535
internal_value=-0.000255445 0.0181493 0.0213004 -0.0257513 0.0297232 -0.0160587 0.0313199 -0.0149369 0.00557632 0.01462 -0.0344892 -0.00306054 0.0366028 -0.00264499
internal_weight=7403.03 4299.58 3926.03 3103.46 2555.99 1472.69 2489.8 373.553 1370.04 622.558 1630.77 689.056 1867.24 931.616
internal_count=35426 18280 16460 17146 10543 7484 10249 1820 5917 2570 9662 3480 7679 4070
cat_boundaries=0 2 3 4 5 7
cat_threshold=67863042 34 1323283 32772 2928647 1617844294 26
is_linear=0
shrinkage=0.05


Tree=19
num_leaves=15
num_cat=6
split_feature=7 7 7 26 29 34 30 29 30 28 30 24 24 27
split_gain=1285.85 217.23 204.812 99.4612 96.9374 87.2871 82.7649 62.2724 57.5034 57.0003 54.3778 51.0604 53.0507 50.3568
threshold=8.5000000000000018 1.5000000000000002 17.500000000000004 1055.0000000000002 0 1 2 3 4 0.35205023200391966 5 0.33651271933315202 0.26468033969070032 0.27476095429519126
decision_type=2 2 2 2 9 1 9 9 9 8 9 10 8 8
left_child=1 3 8 10 -3 6 -6 -4 -2 -5 -1 12 -10 -14
right_child=2 4 7 9 5 -7 -8 -9 11 -11 -12 -13 13 -15
leaf_value=-0.037086020299100693 -0.020340655391876281 0.00087498855225308771 -0.042442727057953267 0.051125143708231881 0.005036122142098691 0.045218159645774907 0.031236498032541485 -0.023338150158207747 -0.0067710445064482361 0.0038963220861392318 -0.002656167643247105 -0.01121299637564393 0.055532160527635821 0.010296261094709477
leaf_weight=167.33128541707993 635.26001660525799 304.11240999400616 797.30687163770199 105.98978212475777 416.22656157612801 783.75873556733131 1268.4759298861027 1186.3821597844362 269.33480499684811 159.02348598837852 341.42580279707909 667.23243519663811 87.269524350762367 205.10302487015724
leaf_count=856 3155 1234 5105 441 1684 3227 5185 6812 1278 668 1607 3109 390 932
internal_value=-0.000172217 0.0215436 -0.0201867 -0.00187969 0.0280789 0.0312984 0.0249854 -0.0313658 -0.00828051 0.0229063 -0.0148104 -0.00185448 0.00922938 0.0239419
internal_weight=7394.23 3546.34 3847.89 773.77 2772.57 2468.46 1684.7 1983.69 1864.2 265.013 508.757 1228.94 561.707 292.373
internal_count=35683 14902 20781 3572 11330 10096 6869 11917 8864 1109 2463 5709 2600 1322
cat_boundaries=0 1 2 4 5 7 9
cat_threshold=2180096 4 1078661634 2 2195460 1634610190 12 819200 49
is_linear=0
shrinkage=0.05


Tree=20
num_leaves=15
num_cat=4
split_feature=7 7 7 26 29 30 15 31 8 6 30 0 29 20
split_gain=1154.17 209.995 183.276 114.899 81.379 90.6299 69.4562 58.4317 58.1934 57.5814 57.1571 54.9098 54.4588 53.724
threshold=8.5000000000000018 -1.0000000180025095e-35 20.500000000000004 1055.0000000000002 0 1 6.4160236704470597 2.5000000000000004 -2.4999999999999996 5.5000000000000009 2 99.995000000000019 3 7.0025000000000057
decision_type=2 2 2 2 9 9 8 2 8 8 9 10 9 8
left_child=1 3 6 12 -3 7 10 13 -4 -7 -2 -5 -1 -6
right_child=2 4 8 11 5 9 -8 -9 -10 -11 -12 -13 -14 -15
leaf_value=0.023809981808039338 -0.016113986573217678 0.0031191724798110545 0.028454645740351142 0.036575724499905198 0.022723605753625753 0.039030814182177014 -0.020514742691254664 0.041163777698255459 -0.033935755806793338 0.012403216567625774 0.005540096295997163 -0.030044316018431601 -0.027977632230123735 -0.0068632789555693021
leaf_weight=52.511176556348801 474.12147885560989 358.82577046751976 37.593742683529854 167.24244682490826 293.71900705993176 1554.7757343053818 923.26047916710377 160.33508378267288 1529.679314121604 234.85999158024788 810.63861690461636 37.097588896751404 357.6793417930603 319.31064067780972
leaf_count=250 2396 1460 202 684 1194 6443 4732 652 9438 949 3815 179 1806 1301
internal_value=-0.000126413 0.0203961 -0.0193504 -0.00616314 0.0259824 0.0290553 -0.0100616 0.0142024 -0.032422 0.0353479 -0.00253957 0.0243936 -0.0214075 0.00732651
internal_weight=7311.65 3536.36 3775.29 614.531 2921.83 2563 2208.02 773.365 1567.27 1789.64 1284.76 204.34 410.191 613.03
internal_count=35501 14918 20583 2919 11999 10539 10943 3147 9640 7392 6211 863 2056 2495
cat_boundaries=0 1 3 5 6
cat_threshold=3228672 1162547735 6 1630325770 14 2622468
is_linear=0
shrinkage=0.05


Tree=21
num_leaves=15
num_cat=3
split_feature=7 0 27 7 21 1 7 29 26 29 7 28 34 25
split_gain=1078.72 164.486 127.985 121.187 117.444 112.201 88.8292 78.1809 60.4742 55.0533 50.2567 62.2106 75.5797 46.4245
threshold=11.500000000000002 99.985000000000014 0.25580434042111017 7.5000000000000009 0.83180342361166937 0.65531729933352667 -3.4999999999999996 0 1055.0000000000002 1 21.500000000000004 0.32003501639562232 2 1.0270994637123729
decision_type=2 10 8 2 8 10 2 9 2 9 2 10 1 10
left_child=1 2 4 6 -1 13 8 -7 -4 -6 11 12 -9 -2
right_child=5 -3 3 -5 9 7 -8 10 -10 -11 -12 -13 -14 -15
leaf_value=-0.072735779608598283 -0.041399482841710918 -0.035213812344914087 -0.023119850219315289 0.0088027098911800678 -0.012234950180861735 0.0090297653436676225 0.032149558124073267 0.030674149240070354 0.030363025019922399 0.016266841271053139 -0.032910119377162407 -0.024909925208805677 -0.015694882270296431 -0.023830685180242568
leaf_weight=51.664325669407845 737.75241653621197 148.78650395572186 129.50820228457451 1121.5068933367729 276.51537545025349 314.14289829134941 2042.2336707115173 150.38149558007717 87.831306859850883 404.88702575862408 419.83749589323997 398.37564447522163 208.53369364142418 779.01448062062263
leaf_count=256 4842 729 651 4836 1239 1469 8477 717 360 1764 2430 1942 1077 4815
internal_value=9.80058e-05 0.0162743 0.0181444 0.0222496 -0.000794408 -0.0228244 0.028917 -0.0130723 -0.00146626 0.00475882 -0.0188897 -0.0113328 0.00376448 -0.0323978
internal_weight=7270.97 4262.93 4114.15 3381.08 733.067 3008.04 2259.57 1491.27 217.34 681.402 1177.13 757.291 358.915 1516.77
internal_count=35604 18312 17583 14324 3259 17292 9488 7635 1011 3003 6166 3736 1794 9657
cat_boundaries=0 1 2 3
cat_threshold=1320195 3227648 2
is_linear=0
shrinkage=0.05


Tree=22
num_leaves=15
num_cat=3
split_feature=7 7 7 6 29 27 20 8 22 22 29 30 24 25
split_gain=973.908 132.491 150.956 111.759 79.7108 72.8938 70.9803 67.4581 66.3862 60.0946 59.3199 61.0616 61.0204 65.7563
threshold=11.500000000000002 -4.4999999999999991 7.5000000000000009 17.500000000000004 0 0.046716690513166959 7.9875000000000007 -2.4999999999999996 -0.5083333333333333 -7.8366666666666651 1 2 0.40535978278548251 0.83028067841549447
decision_type=2 2 2 10 9 8 10 10 10 8 9 9 10 10
left_child=1 9 5 8 -4 -3 10 -5 -2 -1 11 12 13 -7
right_child=3 2 4 7 -6 6 -8 -9 -10 -11 -12 -13 -14 -15
leaf_value=0.047529471085294102 -0.010467615796632621 -0.062250996244988969 0.022015951977509558 0.015784431237631496 -0.0035938494498677143 -0.020054886022968517 0.0076500765139254513 -0.037363368850636423 -0.037652197422051246 -0.020044336678156034 0.0095471055564044002 0.040098953178030257 0.035111190951422032 0.03133718878261544
leaf_weight=35.590909913182259 1590.1947083026171 22.592373713850975 439.37641724944115 62.759564757347107 929.65479776263237 150.07130859792233 428.19421291351318 1052.7230619937181 260.86303181946278 329.19514639675617 332.01603527367115 1214.6164554208517 273.15101696550846 104.85638159513474
leaf_count=151 8293 105 1851 329 4072 642 1782 7152 1488 1682 1377 5127 1117 431
internal_value=0.000127896 0.0154459 0.0181448 -0.0218632 0.00476989 0.0253904 0.026206 -0.0343617 -0.0143169 -0.0133395 0.0300302 0.033677 0.0183893 0.00112346
internal_weight=7225.86 4259.32 3894.53 2966.54 1369.03 2525.5 2502.91 1115.48 1851.06 364.786 2074.71 1742.7 528.079 254.928
internal_count=35599 18337 16504 17262 5923 10581 10476 7481 9781 1833 8694 7317 2190 1073
cat_boundaries=0 1 2 4
cat_threshold=1323283 2928645 1678481923 18
is_linear=0
shrinkage=0.05


Tree=23
num_leaves=15
num_cat=4
split_feature=7 29 30 1 7 25 29 26 30 10 7 24 25 24
split_gain=904.613 118.256 120.399 105.534 103.471 101.67 81.3383 69.7908 85.4104 66.4601 66.4516 61.0344 64.3524 60.3119
threshold=11.500000000000002 0 1 0.5747340425531916 8.5000000000000018 0.81249855586209452 2 1009.0000000000001 3 1.0000000180025095e-35 33.500000000000007 0.32218015418531593 0.082287232504930766 0.059263451635098385
decision_type=2 9 9 8 2 10 9 2 9 2 2 10 8 8
left_child=1 -1 5 -2 13 7 -5 8 -3 -9 11 12 -8 -4
right_child=3 2 4 6 -6 -7 10 9 -10 -11 -12 -13 -14 -15
leaf_value=-0.0059173628546983215 -0.033798766492549433 -0.03795185623112346 -0.052534851160404919 0.010403231788788424 0.0042002816580467275 0.021757124274533537 -0.048730650248125305 -0.023252319853187386 0.006836955247412695 0.026258662003683642 -0.043075374129929296 -0.025401253081584831 0.0010119482259485664 0.031142082232703872
leaf_weight=599.21352083981037 1074.8741628676653 244.14020428061485 20.919534593820572 283.856310993433 481.50944229960442 566.54304800927639 71.4680195748806 96.193213045597076 183.11287093162537 223.53779047727585 235.08745607733727 644.00917474925518 632.28746818006039 1860.1996044069529
leaf_count=2662 7325 1155 105 1342 2162 2395 410 398 806 939 1419 3423 3423 7838
internal_value=1.58342e-05 0.014698 0.0180261 -0.0213214 0.0247877 0.00575926 -0.0141225 -0.00631004 -0.0195116 0.0113369 -0.0184736 -0.0142906 -0.00410151 0.0301841
internal_weight=7216.95 4275.37 3676.16 2941.58 2362.63 1313.53 1866.71 746.984 427.253 319.731 1582.85 1347.76 703.755 1881.12
internal_count=35802 18460 15798 17342 10105 5693 10017 3298 1961 1337 8675 7256 3833 7943
cat_boundaries=0 1 3 4 6
cat_threshold=2180800 158044679 23 9475 134774788 18
is_linear=0
shrinkage=0.05


Tree=24
num_leaves=15
num_cat=5
split_feature=7 0 29 7 1 27 29 30 1 30 8 30 25 19
split_gain=826.478 133.103 104.543 107.835 95.1941 92.2062 86.4978 77.1849 59.369 57.9335 51.4166 46.2916 45.5594 42.3872
threshold=11.500000000000002 99.985000000000014 0 7.5000000000000009 0.59110671936758907 0.062214675848922693 1 2 2.2762289068231847 3 -2.4999999999999996 4 0.71198456734322313 35.335000000000008
decision_type=2 10 9 2 10 8 9 9 10 9 8 9 10 8
left_child=1 2 11 5 10 -4 -6 8 13 -8 -2 -1 -12 -7
right_child=4 -3 3 -5 6 7 9 -9 -10 -11 12 -13 -14 -15
leaf_value=-0.027660316876642874 0.017449412592643994 -0.034185907018704519 -0.047926286713451595 0.0062272454949860688 0.009185395102151217 -0.029596798623513235 -0.030681036803919044 0.032697314320819605 -0.004342922416886919 -0.0088826315084103609 -0.045851950984588601 0.0053932095326596798 -0.025622114986287328 0.0262210584397959
leaf_weight=164.27200841903687 52.219882234930992 137.33783695101738 42.310810163617134 1208.6598829030991 354.90475487709045 35.384116098284721 557.4952746629715 1507.5437564104795 300.44231972098351 721.22878858447075 438.42383646965027 264.0437194108963 778.12872809171677 563.06636250019073
leaf_count=737 275 684 217 5203 1688 145 3168 6457 1331 3812 3154 1158 5251 2355
internal_value=-4.88237e-05 0.014067 0.015697 0.0184041 -0.0205855 0.0244846 -0.0125932 0.0257771 0.0136328 -0.0185669 -0.0308581 -0.00765898 -0.0329443 0.0228769
internal_weight=7125.46 4223.06 4085.72 3657.41 2902.4 2448.75 1633.63 2406.44 898.893 1278.72 1268.77 428.316 1216.55 598.45
internal_count=35635 18287 17603 15708 17348 10505 8668 10288 3831 6980 8680 1895 8405 2500
cat_boundaries=0 1 2 4 6 8
cat_threshold=81984 1320195 627806467 54 1663831118 42 1082442762 32
is_linear=0
shrinkage=0.05


Tree=25
num_leaves=15
num_cat=5
split_feature=7 7 1 29 29 22 26 30 20 15 26 30 28 30
split_gain=778.538 154.751 133.794 82.1686 69.7528 67.9904 65.2287 63.0878 60.1916 72.6877 58.096 61.0661 53.1419 52.2643
threshold=8.5000000000000018 1.5000000000000002 0.65531729933352667 0 1 -2.878333333333333 1055.0000000000002 2 -3.7274999999999952 1.0000000180025095e-35 3898.5000000000005 3 0.35205023200391966 4
decision_type=2 2 10 9 9 10 2 9 10 10 2 9 8 9
left_child=1 6 4 -4 -2 7 13 -5 9 -3 11 -10 -8 -1
right_child=2 8 3 5 -6 -7 12 -9 10 -11 -12 -13 -14 -15
leaf_value=-0.026621533305543704 -0.040251437528162522 0.011787355594216679 0.013275168801268042 -0.023663042655504146 -0.017767635304756134 -0.041640663343491854 0.043717480448169928 -0.0022557433758437434 0.026526016319989611 0.033036752946031811 0.044594358973512806 -0.0052878005930356376 -0.0016706142753659785 0.0067995751951982252
leaf_weight=301.68922962248325 650.85246995091438 569.96608443558216 357.97124534845352 508.7931706905365 863.34178739786148 182.57965564727783 105.89254388213158 1043.7526830881834 210.83440907299519 1381.0119956433773 106.25049024820328 465.19149179756641 162.39673961699009 185.5051302164793
leaf_count=1571 4686 2381 1602 2714 5488 1023 450 5176 881 5804 446 1916 689 866
internal_value=-0.000232825 0.0166054 -0.0165178 -0.00832118 -0.027835 -0.0127846 -0.00342111 -0.0094488 0.02214 0.0268381 0.0104039 0.0049723 0.0163397 -0.0143142
internal_weight=7096.03 3488.74 3607.29 2093.1 1514.19 1735.13 755.484 1552.55 2733.25 1950.98 782.276 676.026 268.289 487.194
internal_count=35693 15004 20689 10515 10174 8913 3576 7890 11428 8185 3243 2797 1139 2437
cat_boundaries=0 1 2 4 6 8
cat_threshold=270594 32772 1634602316 10 1645488196 17 2156774659 51
is_linear=0
shrinkage=0.05


Tree=26
num_leaves=15
num_cat=3
split_feature=7 0 7 15 27 29 22 25 29 28 23 29 20 26
split_gain=656.456 144.763 129.194 94.6873 88.0333 74.8637 71.8953 72.9068 63.8242 49.7499 65.857 56.819 47.811 47.4024
threshold=8.5000000000000018 99.470000000000013 17.500000000000004 0.74606661090825332 0.63518719221608422 0 -7.8366666666666651 0.1229850686024337 1 0.37746379221177923 8.9118055555555582 2 -4.0200000000000022 3898.5000000000005
decision_type=2 10 2 10 8 9 8 10 9 10 10 9 10 2
left_child=1 3 9 4 6 -4 -1 -8 -5 10 -2 -11 -10 -3
right_child=2 13 5 8 -6 -7 7 -9 12 11 -12 -13 -14 -15
leaf_value=0.041379625689371008 0.0044628326396091303 -0.033557976225450724 -0.038098752073684884 -0.00057843284870985883 0.03770375450241966 -0.01638813780463955 -0.02635466246225637 0.0053231450626760914 0.033769650850745007 0.0042453191474007088 -0.058598425963428014 -0.023478263598420257 0.014635108780773518 0.060571650705481289
leaf_weight=107.70557609200478 920.94819396734238 181.59690451622009 685.82769452780485 226.10822007060051 208.24223178625107 1078.0289113223553 228.05734968185425 876.34577186405659 1176.1108003556728 269.9173499494791 42.348896160721779 583.43755950033665 454.99059665203094 13.525556847453116
leaf_count=459 4447 885 5071 946 877 6772 1078 3791 5000 1244 257 2949 1903 57
internal_value=-0.000499668 0.014987 -0.01552 0.0174796 0.00775384 -0.0251553 0.00258155 -0.00123619 0.0249094 -0.00615599 0.00163261 -0.0149397 0.0282711 -0.0267575
internal_weight=7053.19 3472.68 3580.51 3277.56 1420.35 1763.86 1212.11 1104.4 1857.21 1816.65 963.297 853.355 1631.1 195.122
internal_count=35736 14996 20740 14054 6205 11843 5328 4869 7849 8897 4704 4193 6903 942
cat_boundaries=0 1 2 3
cat_threshold=2195460 3163136 1323267
is_linear=0
shrinkage=0.05


Tree=27
num_leaves=15
num_cat=3
split_feature=7 0 7 7 7 9 3 26 30 8 28 30 30 26
split_gain=628.194 110.434 94.2011 94.8218 83.2305 72.1642 61.3684 52.5385 46.3852 46.0182 44.7495 43.75 43.4234 42.49
threshold=11.500000000000002 99.985000000000014 7.5000000000000009 -4.4999999999999991 40.500000000000007 1.0000000180025095e-35 0.051826767663167711 1055.0000000000002 0 -2.4999999999999996 0.39801873071070731 1 2 3085.5000000000005
decision_type=2 10 2 2 2 2 10 2 9 8 8 9 9 2
left_child=1 2 3 7 5 9 12 -1 -7 -2 -9 13 -5 -8
right_child=4 -3 -4 6 -6 8 11 10 -10 -11 -12 -13 -14 -15
leaf_value=-0.021115318297008731 0.027800715611487555 -0.031537800191270275 0.0031936890862741779 -0.029793179644054521 -0.038388426311457148 -0.019377668239179816 0.0087065883476273968 0.045830038623851974 0.0013699161512235715 -0.025099886772977149 -0.03897847941697604 0.029294210952681782 0.016097328707541349 0.058846435826594073
leaf_weight=206.31172657012939 41.843765586614609 137.25609308481216 1356.2737815231085 82.022438883781433 431.25136716663837 399.50868706405163 534.72553126513958 63.862193867564201 786.37441135942936 1147.1558016240597 19.617863103747368 1606.5352580398321 105.63830640912056 44.946543827652931
leaf_count=1105 223 701 5896 360 3075 2285 2222 271 4154 7617 80 6938 454 185
internal_value=7.77279e-05 0.0124152 0.0139234 0.0193834 -0.0181977 -0.0145167 0.0226786 -0.00759468 -0.00578184 -0.0232164 0.0256745 0.0250331 -0.00473797 0.0124741
internal_weight=6963.32 4157.19 4019.93 2663.66 2806.13 2374.88 2373.87 289.792 1185.88 1189 83.4801 2186.21 187.661 579.672
internal_count=35566 18212 17511 11615 17354 14279 10159 1456 6439 7840 351 9345 814 2407
cat_boundaries=0 2 4 5
cat_threshold=556535112 42 608899587 38 1133020182
is_linear=0
shrinkage=0.05


Tree=28
num_leaves=15
num_cat=6
split_feature=7 7 7 20 22 29 30 26 30 21 30 30 26 29
split_gain=578.688 98.1966 139.199 67.3164 61.1853 68.8161 58.7849 51.2802 51.4559 50.9932 49.5619 45.029 44.7494 48.3464
threshold=14.500000000000002 7.5000000000000009 1.5000000000000002 -3.287500000000001 -0.5083333333333333 0 1 1055.0000000000002 2 0.99578700303606482 3 4 3085.5000000000005 5
decision_type=2 2 2 10 10 9 9 2 9 8 9 9 2 9
left_child=1 2 7 9 5 -2 -7 8 -1 -3 12 -9 13 -4
right_child=4 3 10 -5 -6 6 -8 11 -10 -11 -12 -13 -14 -15
leaf_value=-0.026011947404862609 -0.026811303978810402 -0.024629262566948657 0.027215897524053102 -0.021035254000163379 -0.042070290293591585 0.019255725244509067 -0.013715673873902956 -0.016699353185152553 0.0063650140173488719 0.0074070914661191496 0.028135904012755883 0.02749627272319189 0.053601886547924686 -0.00073219624823283127
leaf_weight=279.61101952195168 1025.6916078925133 134.38609276711941 216.09915842115879 297.63713562488556 316.06981135159731 159.91210895776749 658.63395421206951 75.618300408124924 210.59606100618839 1507.3384480178356 1290.1209160387516 182.77680858969688 57.825361102819443 492.33274212479591
leaf_count=1479 7074 666 927 1394 2242 901 3992 327 1005 6756 5617 785 242 2023
internal_value=-0.000313566 0.00945397 0.0154336 0.000801929 -0.0217589 -0.018257 -0.00710442 -0.00302457 -0.0125179 0.00477131 0.0221513 0.0149643 0.0115346 0.00819271
internal_weight=6904.65 4744.34 2804.98 1939.36 2160.31 1844.24 818.546 748.602 490.207 1641.72 2056.38 258.395 766.257 708.432
internal_count=35430 21221 12405 8816 14209 11967 4893 3596 2484 7422 8809 1112 3192 2950
cat_boundaries=0 1 3 5 7 9 10
cat_threshold=2199557 2148847628 21 3230434560 59 2781581831 34 1094813698 18 274438
is_linear=0
shrinkage=0.05


Tree=29
num_leaves=15
num_cat=3
split_feature=7 0 8 1 23 29 29 1 29 7 8 27 23 0
split_gain=540.412 97.7407 93.9599 90.0593 71.8734 67.9104 62.7741 54.685 47.4711 46.4714 46.2768 43.4918 49.2155 39.7739
threshold=11.500000000000002 99.985000000000014 1.5000000000000002 0.65531729933352667 18.18729166666667 0 1 2.2762289068231847 2 7.5000000000000009 18.500000000000004 0.48488045325259155 7.1539583333333336 29.405000000000005
decision_type=2 10 10 10 10 9 9 10 9 2 10 10 10 10
left_child=1 2 4 8 -1 -4 -5 9 -2 11 13 12 -7 -8
right_child=3 -3 5 6 -6 7 10 -9 -10 -11 -12 -13 -14 -15
leaf_value=0.0031462393273857334 -0.038190446484101082 -0.030814394385295724 -0.0035490535992160305 0.012457593608400788 -0.04910907741274665 0.039716938782704284 0.0063965674327441328 0.0071091423050795204 -0.017922089468093812 0.013532016182621537 -0.02253069364569938 0.018242944423724341 -0.024642334589172758 -0.02647977703208361
leaf_weight=991.76283852756023 559.44397192448378 133.97341620922089 357.72110535204411 272.90892820060253 69.474543839693069 737.34944243729115 353.63741444051266 637.95911125838757 748.08607193082571 695.21467995643616 667.3349623978138 509.34753945469856 30.31082458794117 123.22816869616508
leaf_count=4422 4484 697 1554 1278 355 3249 1884 2809 5061 2925 3801 2211 132 690
internal_value=-0.000277283 0.0110521 0.0124515 -0.0175857 -0.000317698 0.0170159 -0.00884438 0.0197725 -0.0270456 0.0239633 -0.0139189 0.0296271 0.037147 -0.00213673
internal_weight=6887.75 4163.11 4029.14 2724.64 1061.24 2967.9 1417.11 2610.18 1307.53 1972.22 1144.2 1277.01 767.66 476.866
internal_count=35552 18354 17657 17198 4777 12880 7653 11326 9545 8517 6375 5592 3381 2574
cat_boundaries=0 1 2 3
cat_threshold=2180288 1057795 98308
is_linear=0
shrinkage=0.05


Tree=30
num_leaves=15
num_cat=4
split_feature=7 0 7 24 27 7 30 29 30 8 25 26 5 29
split_gain=478.298 101.994 79.0863 77.4967 74.8049 77.9963 74.3665 53.1304 53.0956 50.6851 49.3154 47.9064 45.8925 51.2265
threshold=11.500000000000002 99.470000000000013 20.500000000000004 0.33651271933315202 0.046716690513166959 7.5000000000000009 0 1 2 -2.4999999999999996 0.082287232504930766 3898.5000000000005 0.79501111111111122 3
decision_type=2 10 2 10 8 2 9 9 9 8 8 2 10 9
left_child=1 4 3 10 -1 6 -6 -8 -4 -10 -2 -3 13 -7
right_child=2 11 8 -5 5 12 7 -9 9 -11 -12 -13 -14 -15
leaf_value=-0.049897290081372364 -0.035407013765359867 -0.032836937674951723 0.0043553490595537063 -0.019541232949902766 0.0077644918150666722 0.019951533390467735 0.00079912425597918567 0.028970315804579285 0.033734941792779236 -0.030321606673368813 0.0090350051408768488 0.058499477398521599 -0.03685587910405258 -0.0016398054193220647
leaf_weight=47.139435559511185 68.872134886682034 174.1342678964138 141.66424818336964 708.99390799552202 1097.7476967573166 389.50903521478176 203.60029947757721 1283.998857319355 30.920842975378036 1180.5728490799665 585.22388358414173 14.729961708188055 67.504618898034096 875.68979226052761
leaf_count=256 434 879 923 4059 4801 1632 880 5716 173 8644 3100 63 307 3840
internal_value=-0.000299924 0.0103672 -0.0166113 -0.0081018 0.0120788 0.012837 0.0179005 0.0251488 -0.0251709 -0.0284258 0.00430864 -0.0254428 0.00300814 0.00516252
internal_weight=6870.3 4154.05 2716.25 1363.09 3965.19 3918.05 2585.35 1487.6 1353.16 1211.49 654.096 188.864 1332.7 1265.2
internal_count=35707 18374 17333 7593 17432 17176 11397 6596 9740 8817 3534 942 5779 5472
cat_boundaries=0 2 3 5 6
cat_threshold=1680527619 55 81968 2685513729 20 274835
is_linear=0
shrinkage=0.05


Tree=31
num_leaves=15
num_cat=4
split_feature=7 15 7 34 27 29 25 29 27 20 29 15 7 22
split_gain=433.401 84.917 78.2268 69.2993 81.6734 68.8752 68.8568 68.8417 68.4103 66.7406 63.1814 49.2217 46.5187 43.7367
threshold=14.500000000000002 0.043633350683872869 7.5000000000000009 0 0.63518719221608422 1 0.10664333963609325 2 0.50251095974752469 -0.99749999999999506 3 6.4160236704470597 40.500000000000007 -0.41166666666666651
decision_type=2 10 2 1 8 9 10 9 10 10 9 10 2 10
left_child=1 3 7 4 6 -5 8 -3 -1 -9 -2 -4 13 -12
right_child=10 2 11 5 -6 -7 -8 9 -10 -11 12 -13 -14 -15
leaf_value=-0.048018821422762308 -0.02916076399997939 -0.0033508797294729367 0.011438527539689556 0.026465393422214448 0.021971751990641709 -0.011623171471368057 -0.0058191531978748125 0.032406640598938406 0.032492155724350949 0.0088216417223325825 -0.0023722496828537686 -0.0086659514015622677 -0.030615336709048386 -0.033183345237829932
leaf_weight=196.49368107318878 851.70545074343681 255.41713353991508 909.10759976506233 360.6508886963129 197.15346375107765 169.81998685002327 731.74606177210808 985.5121948570013 29.738743498921394 432.37208700180054 868.27440668642521 456.60670850425959 248.27338372170925 131.82910818606615
leaf_count=1042 6394 1108 4042 1618 885 765 3383 4396 135 1877 5318 2079 1741 880
internal_value=0.000208818 0.00860923 0.0136001 -0.000391701 -0.00726113 0.0145524 -0.0132939 0.0208444 -0.0373391 0.0250493 -0.0186849 0.00471546 -0.0111972 -0.00646272
internal_weight=6824.7 4724.62 3039.02 1685.6 1155.13 530.471 957.978 1673.3 226.232 1417.88 2100.08 1365.71 1248.38 1000.1
internal_count=35663 21330 13502 7828 5445 2383 4560 7381 1177 6273 14333 6121 7939 6198
cat_boundaries=0 1 2 3 4
cat_threshold=4 1871872 3163312 2195460
is_linear=0
shrinkage=0.05


Tree=32
num_leaves=15
num_cat=4
split_feature=7 7 0 26 8 30 29 23 24 6 30 29 8 24
split_gain=391.122 85.8028 83.2483 66.8199 65.2628 58.1292 60.9846 56.9454 48.7368 44.9156 41.6562 38.3015 52.2743 71.0485
threshold=11.500000000000002 40.500000000000007 99.985000000000014 382.50000000000006 1.5000000000000002 0 1 18.18729166666667 0.51473526368323219 16.500000000000004 2 3 17.500000000000004 0.33651271933315202
decision_type=2 2 10 2 10 9 9 10 10 10 9 9 8 10
left_child=2 3 4 9 7 -6 -7 -1 -9 11 -5 -2 13 -13
right_child=1 -3 -4 10 5 6 -8 8 -10 -11 -12 12 -14 -15
leaf_value=0.0032183171565496396 0.0078363500908466485 -0.036994600753958516 -0.029591621135988982 0.0016592868110234847 0.0064334957855201342 -0.003113371636142588 0.024789459561089307 -0.06409924044529268 0.037087010599969307 -0.017911624238320451 -0.035282716952827385 0.030399498356838469 -0.025237213219278489 -0.019201362644754322
leaf_weight=992.16846556961536 578.50030034780502 385.83979199081659 131.28964601457119 102.8024109005928 1279.0883717089891 232.26814489066601 1401.018409833312 55.664894126355648 14.351930633187292 615.19717933237553 375.45952367037535 138.68738240003586 291.63854000717402 148.46663747727871
leaf_count=4430 3107 3018 701 661 5567 992 6196 304 65 4561 2546 724 1707 845
internal_value=-0.00021051 -0.0152351 0.00943897 -0.0114902 0.0107354 0.0146035 0.0208271 0.000125577 -0.0431281 -0.00700679 -0.0280567 -0.00119951 -0.0101882 0.00477683
internal_weight=6742.44 2636.59 4105.85 2250.75 3974.56 2912.37 1633.29 1062.19 70.0168 1772.49 478.262 1157.29 578.793 287.154
internal_count=35424 17169 18255 14151 17554 12755 7188 4799 369 10944 3207 6383 3276 1569
cat_boundaries=0 2 3 5 6
cat_threshold=1766491143 55 3163680 2719064324 2 1336579
is_linear=0
shrinkage=0.05


Tree=33
num_leaves=15
num_cat=3
split_feature=7 7 1 29 8 3 7 30 25 7 28 4 26 30
split_gain=366.3 107.146 102.109 69.167 60.2042 55.4966 54.0345 55.6208 51.5542 46.6188 51.9613 47.2587 43.6945 42.177
threshold=8.5000000000000018 1.5000000000000002 0.5747340425531916 0 -2.4999999999999996 0.70475754984862349 5.5000000000000009 1 1.0270994637123729 20.500000000000004 0.36102178876956587 -6.9842165726874539 1055.0000000000002 2
decision_type=2 2 10 9 8 8 2 9 10 2 10 8 2 9
left_child=1 12 4 -4 -2 9 7 -3 -6 10 11 -5 13 -1
right_child=2 6 3 5 8 -7 -8 -9 -10 -11 -12 -13 -14 -15
leaf_value=-0.025847457957047338 0.027472880916919136 0.0089200062707844689 0.011724505411490262 -0.013592586705200858 -0.038693096994292242 -0.027435384851891675 0.0071343834383318988 0.028733600822529428 -0.016592634660818433 -0.020734341816871119 -0.011597244628756512 0.019539413027725917 0.011213681443836858 0.0040629303200175899
leaf_weight=286.15946043282747 53.108572065830231 581.53615739941597 450.85679993033409 146.91522920131683 486.57516774535179 364.82835889607668 1005.2112254649401 1044.5735554099083 581.11817108094692 374.82869511842728 514.90631558746099 395.5308388248086 261.59346947073936 196.97333437204361
leaf_count=1545 285 2470 2078 763 4095 1914 4160 4719 4311 2562 2637 2000 1144 938
internal_value=-0.000117796 0.0115199 -0.011781 -0.00562942 -0.0241024 -0.00999711 0.0162573 0.021889 -0.0266912 -0.00560866 -0.000232118 0.0105575 -0.005218 -0.0141198
internal_weight=6744.72 3376.05 3368.67 2247.87 1120.8 1797.01 2631.32 1626.11 1067.69 1432.18 1057.35 542.446 744.726 483.133
internal_count=35621 14976 20645 11954 8691 9876 11349 7189 8406 7962 5400 2763 3627 2483
cat_boundaries=0 1 3 5
cat_threshold=271619 2173276675 38 562859267 51
is_linear=0
shrinkage=0.05


Tree=34
num_leaves=15
num_cat=3
split_feature=1 15 22 27 8 25 1 20 30 28 30 27 30 25
split_gain=255.245 73.1172 66.0746 69.45 59.2202 53.8807 53.7599 53.5531 44.9115 46.3088 41.2593 40.8314 40.2056 37.4414
threshold=0.70856227106227121 0.18471698852647681 -7.8366666666666651 0.63518719221608422 -2.4999999999999996 0.10664333963609325 0.541917670682731 -0.34999999999999709 0 0.34578911698321962 1 0.46134346838677148 2 1.0107278867471627
decision_type=10 10 8 8 8 10 8 10 9 10 9 10 9 10
left_child=4 2 -2 5 -1 11 13 8 9 -3 -7 -4 -9 -6
right_child=1 7 3 -5 6 10 -8 12 -10 -11 -12 -13 -14 -15
leaf_value=0.025147203160906462 0.031555951168056352 -0.0074130738927767163 -0.041452073594019284 0.01685496986134986 -0.038976309403745329 -0.013396029062063107 -0.0095573653527008112 0.0079790781805788961 0.018988334249531558 0.014735233250883143 0.005773977404147505 0.0052285337628679542 -0.01756268581758285 -0.017432115316318254
leaf_weight=82.146802827715874 134.33146461844444 416.25784726440907 193.70898197591305 303.16086739301682 374.72513817250729 611.6553208976984 885.75265271216631 362.3676490187645 1562.4944139271975 542.58841910213232 504.36921308934689 61.41256457567215 251.96132961660624 441.88688330352306
leaf_count=421 614 2102 1059 1463 3300 2936 5194 1631 7261 2444 2459 291 1116 3454
internal_value=0.000103071 0.00595364 -0.0020518 -0.00476541 -0.0161012 -0.00955448 -0.0181053 0.0105703 0.0137946 0.00506961 -0.00480328 -0.0302386 -0.0026639 -0.0273538
internal_weight=6728.82 4944.31 1808.64 1674.31 1784.51 1371.15 1702.36 3135.67 2521.34 958.846 1116.02 255.122 614.329 816.612
internal_count=35745 23376 8822 8208 12369 6745 11948 14554 11807 4546 5395 1350 2747 6754
cat_boundaries=0 2 4 6
cat_threshold=1645166929 42 3785900054 59 3795592528 25
is_linear=0
shrinkage=0.05


Tree=35
num_leaves=15
num_cat=2
split_feature=7 0 7 15 30 21 3 26 30 11 14 28 28 7
split_gain=326.092 84.3576 81.5364 68.8965 65.3134 60.0095 48.1862 43.0915 39.4494 40.8127 37.4776 57.5038 36.9442 35.903
threshold=9.5000000000000018 99.470000000000013 40.500000000000007 6.7465960047789926 0 0.99578700303606482 0.04914837145849852 3898.5000000000005 1 7.2258525689516393 1.2500000000000004 0.59013696089731937 0.059856735518329131 -27.499999999999996
decision_type=2 10 2 8 9 8 10 2 9 2 10 8 10 2
left_child=1 4 3 5 10 -2 -6 -3 9 -7 11 -1 -5 -8
right_child=2 7 -4 12 6 8 13 -9 -10 -11 -12 -13 -14 -15
leaf_value=-0.0036898053641212141 -0.032293408343303319 -0.029409869098030419 -0.033736000553879909 0.0050073629157549038 -0.0075076684997405401 -0.022307478419088596 -0.045928159695256834 0.057726401225039463 0.0056715882096585301 0.010143912961254652 0.01697504817975732 0.036231382474131199 -0.021975406824045161 0.022357186364089839
leaf_weight=1016.5110263153911 151.66007431596518 170.67465180903673 368.49860329180956 145.71303133666515 156.19757409393787 305.24916546791792 18.587172627449036 14.544079303741453 1094.7457372173667 141.02001960575581 446.80106583982706 97.979596108198166 962.3486113846302 1588.8297331631184
leaf_count=4555 1075 879 3044 878 709 1812 95 63 6001 806 1904 419 6279 7074
internal_value=-3.0601e-05 0.0104656 -0.0116554 -0.00873919 0.0122967 -0.00239101 0.0188572 -0.0222943 0.000570894 -0.0117896 0.00472762 -0.000150831 -0.0184258 0.0215395
internal_weight=6679.36 3510.12 3169.24 2800.74 3324.91 1692.67 1763.61 185.219 1541.01 446.269 1561.29 1114.49 1108.06 1607.42
internal_count=35593 15698 19895 16851 14756 9694 7878 942 8619 2618 6878 4974 7157 7169
cat_boundaries=0 2 4
cat_threshold=1282101522 59 24005900 14
is_linear=0
shrinkage=0.05


Tree=36
num_leaves=15
num_cat=4
split_feature=7 7 7 29 25 30 30 27 29 24 24 25 3 28
split_gain=312.426 64.2458 103.945 64.8844 60.8151 56.0544 53.3309 52.0097 48.554 47.942 48.1338 59.0147 46.2046 54.0963
threshold=14.500000000000002 5.5000000000000009 2.5000000000000004 0 0.1229850686024337 1 2 0.638100313171716 3 0.63504301111302186 0.56724321969875791 0.10043444738266448 0.46489981948133713 0.37746379221177923
decision_type=2 2 2 9 8 9 9 10 9 8 10 10 8 8
left_child=1 2 6 -3 -5 8 -1 12 -2 10 11 -8 13 -6
right_child=5 3 -4 4 7 -7 9 -9 -10 -11 -12 -13 -14 -15
leaf_value=-0.011996358838190063 -0.03646301893830281 0.013224687385632421 0.02216316304573706 -0.027944627161999316 0.024610138509792805 -0.0083405113462727189 -0.023656185066423377 0.059028540589126134 -0.01322333912225267 0.057037350954863619 -0.055491160087932534 0.017734554721193386 -0.011166013676409951 -0.0052259114562041541
leaf_weight=444.98619171231985 499.29117610305548 714.40341481566429 1285.3257515132427 240.46454757452011 265.79326349496841 1016.1896952018142 105.76582350581884 34.496601492166519 478.16572963446379 49.972498521208763 28.788326054811478 445.7897559851408 692.83128098398447 352.20563135296106
leaf_count=2165 4002 3128 5803 1169 1214 7106 567 150 3236 224 138 2009 3088 1692
internal_value=-0.00030617 0.00677948 0.0125723 0.000831558 -0.00480943 -0.0168664 0.00109831 -0.000692268 -0.025368 0.0103729 0.0064419 0.00976905 -0.00230772 0.00762521
internal_weight=6654.47 4660.82 2360.63 2300.19 1585.79 1993.65 1075.3 1345.33 977.457 630.316 580.344 551.556 1310.83 617.999
internal_count=35691 21347 10906 10441 7313 14344 5103 6144 7238 2938 2714 2576 5994 2906
cat_boundaries=0 1 3 5 6
cat_threshold=274707 1139559754 8 562402562 55 2203652
is_linear=0
shrinkage=0.05


Tree=37
num_leaves=15
num_cat=7
split_feature=1 29 27 28 30 28 25 56 30 29 29 8 34 30
split_gain=208.468 83.4687 93.566 100.933 75.6382 80.8258 74.7099 56.6958 51.498 46.5603 42.9825 41.6567 40.3738 38.1235
threshold=0.70856227106227121 0 0.11372426363761413 0.39484035224186947 1 0.52307241608944577 0.66865632190985025 2.5000000000000004 2 3 4 -3.4999999999999996 5 6
decision_type=10 9 8 10 9 10 10 2 9 9 9 10 1 9
left_child=9 2 -2 7 -5 6 8 10 -6 11 -4 -1 -3 -13
right_child=1 12 3 4 5 -7 -8 -9 -10 -11 -12 13 -14 -15
leaf_value=0.00043785797353518529 -0.056729294834714374 -0.033558353338719475 0.0032035461628702349 0.017895959654245345 0.0051889976597574864 0.020851419538989474 0.0024314631041436447 0.0044369627676192607 -0.031386987185241279 -0.0070324142216141618 0.029057562074726095 0.0046090696309559675 -0.0030147826514549461 -0.033721326368866607
leaf_weight=141.82012595236301 52.160278916358948 119.25156115740538 207.96730706840754 551.91713856905699 127.872364372015 268.43737456947565 606.82260160148144 473.71557837724686 408.63230860978365 937.10519728064537 995.75719024986029 77.860026232898235 1081.9046455696225 561.5012573376298
leaf_count=769 306 577 983 2572 585 1252 2737 2171 1941 6222 4565 579 5627 4666
internal_value=0.000145833 0.00540613 0.00911527 0.0100989 0.00240222 -0.00376333 -0.00958859 0.0191021 -0.0231633 -0.0148322 0.0248649 -0.0237741 -0.00602246 -0.0295082
internal_weight=6612.72 4894.44 3693.28 3641.12 1963.68 1411.76 1143.33 1677.44 536.505 1718.29 1203.72 781.181 1201.16 639.361
internal_count=35552 23316 17112 16806 9087 6515 5263 7719 2526 12236 5548 6014 6204 5245
cat_boundaries=0 1 3 5 6 7 8 10
cat_threshold=832899 36842840 32 1082146818 12 98309 266368 1 2692849664 6
is_linear=0
shrinkage=0.05


Tree=38
num_leaves=15
num_cat=4
split_feature=7 20 15 22 15 20 7 7 22 22 30 29 29 30
split_gain=270.854 72.0216 61.2866 60.1966 66.2024 45.9581 47.8041 53.0885 45.751 44.9137 40.8279 40.5687 40.4058 38.0036
threshold=11.500000000000002 -0.16749999999999685 0.043633350683872869 -2.878333333333333 6.5858826201194836 3.2599999999999949 5.5000000000000009 -7.4999999999999991 -3.0391666666666661 -5.2033333333333323 0 1 2 3
decision_type=2 10 8 10 8 10 2 2 8 8 9 9 9 9
left_child=2 3 8 4 11 6 7 -4 -1 -7 -10 -2 -8 -11
right_child=1 -3 5 -5 -6 9 12 -9 10 13 -12 -13 -14 -15
leaf_value=0.031102412755014203 -0.018242448104202297 -0.036889250227947971 -0.012961061083317819 -0.029678867858909441 -0.018218890238025386 0.04161052256893974 0.0019343556202860803 0.023371986291365325 -0.017590263329740629 0.005454482469965688 0.0070606950911146068 0.0052924957199084041 0.02272450785534625 -0.020264025539245441
leaf_weight=79.073451414704323 215.48586317896843 282.03995133191347 108.98181769251823 333.78073003143072 753.81686214357615 54.364095702767372 1005.2918320298195 1214.1454614400864 452.155064933002 332.98299833387136 258.95171668380499 945.67152790725231 296.31463783979416 238.41932228207588
leaf_count=363 1590 2239 579 2556 5323 248 4403 5568 2123 1491 1191 5561 1246 1063
internal_value=-0.000288761 -0.0131122 0.0077442 -0.010115 -0.00669132 0.0107797 0.0136816 0.0203718 -0.00474038 -0.00139488 -0.0087641 0.000801547 0.00687041 -0.00555202
internal_weight=6571.48 2530.79 4040.68 2248.75 1914.97 3250.5 2624.73 1323.13 790.18 625.766 711.107 1161.16 1301.61 571.402
internal_count=35544 17269 18275 15030 12474 14598 11796 6147 3677 2802 3314 7151 5649 2554
cat_boundaries=0 2 3 4 6
cat_threshold=15324178 61 2162870 2741380 3272347216 57
is_linear=0
shrinkage=0.05


Tree=39
num_leaves=15
num_cat=2
split_feature=1 0 30 22 25 22 30 0 8 1 32 28 25 25
split_gain=185.88 60.178 52.5828 46.7687 42.1157 41.1674 35.9146 35.8543 32.3476 41.6641 27.8739 30.3281 49.164 39.6133
threshold=0.70856227106227121 99.995000000000019 0 -0.5083333333333333 1.7269442839905442 -2.878333333333333 1 1.9950000000000003 -3.4999999999999996 0.5747340425531916 2.5000000000000004 0.52307241608944577 0.36362668058428566 0.58212623571717093
decision_type=10 10 9 10 10 8 9 8 8 8 8 8 10 10
left_child=3 2 5 6 10 -2 -1 -7 -8 -10 -4 12 -12 -14
right_child=1 -3 4 -5 -6 7 8 -9 9 -11 11 -13 13 -15
leaf_value=0.0008307384375492744 0.026016461756405776 -0.03160430266992785 0.046549651438537148 -0.034646137791255187 -0.0003832489191601063 -0.029048742355511099 0.0222345859895158 1.7845453143683692e-05 -0.028477794078060361 -0.0074347916408763473 -0.0046523751788778564 0.027966136256087383 0.030858759852186675 0.0098561375321858727
leaf_weight=457.87905335426331 144.05284105241299 109.21582743525505 65.104329869151115 241.54378671944141 625.3610350266099 111.001429669559 50.797909900546074 2011.6637648418546 491.47343301028013 452.12945356965065 393.17529501765966 298.28794166445732 315.88243544846773 775.99561407417059
leaf_count=3089 683 606 303 2025 3052 583 263 9546 4314 2607 1936 1427 1461 3646
internal_value=-5.69403e-05 0.00492354 0.00577158 -0.0143115 0.0107895 0.000244182 -0.0109079 -0.00151511 -0.0161545 -0.0184135 0.014626 0.0134351 0.0104996 0.0159549
internal_weight=6543.56 4849.74 4740.52 1693.82 2473.81 2266.72 1452.28 2122.67 994.401 943.603 1848.45 1783.34 1485.05 1091.88
internal_count=35541 23243 22637 12298 11825 10812 10273 10129 7184 6921 8773 8470 7043 5107
cat_boundaries=0 2 4
cat_threshold=2112634882 31 3800150292 23
is_linear=0
shrinkage=0.05


Tree=40
num_leaves=15
num_cat=2
split_feature=1 29 27 34 0 25 23 26 27 15 25 27 27 26
split_gain=173.639 59.6895 81.0907 63.4765 57.5191 46.0344 44.1085 44.0436 62.9744 40.0696 38.0178 37.4632 35.7058 32.1912
threshold=0.70856227106227121 0 0.11372426363761413 1 98.00500000000001 0.4286331260930577 2.4033333333333338 4135.0000000000009 0.32303265721064284 0.043633350683872869 0.58212623571717093 0.63518719221608422 0.60802031245624832 36.500000000000007
decision_type=10 9 8 1 10 10 8 2 10 10 10 8 10 2
left_child=5 2 -2 4 9 -1 -3 8 10 11 -5 -4 13 -10
right_child=1 6 3 7 -6 -7 -8 -9 12 -11 -12 -13 -14 -15
leaf_value=-0.028156097537909583 -0.054850485738819545 -0.033493980514874976 -0.0088657524650545185 0.040796476456617936 -0.02104539803578943 -0.0089185671423292253 -0.0014201278742473462 0.05197386462301961 -0.011087222200558796 0.011374023620558433 0.0097847775944714943 0.023020793471401083 0.02859934065284378 0.012193986527883154
leaf_weight=412.63049891591072 49.207783751189709 117.48680300265551 549.30618427693844 294.41181963682175 204.92177303880453 1260.2328404560685 1125.5786783918738 88.411643624305725 282.68104600906372 1423.31560125947 149.68372721970081 109.65134228765965 146.39455580711365 310.55031705647707
leaf_count=3261 297 641 2589 1341 980 9003 5796 423 1345 6470 692 502 695 1469
internal_value=0.000208462 0.00499833 0.00823957 0.00915009 0.004167 -0.0136777 -0.00444034 0.018099 0.0155272 0.00665712 0.0303894 -0.00353295 0.00657443 0.00110025
internal_weight=6524.46 4851.6 3608.54 3559.33 2287.19 1672.86 1243.07 1272.13 1183.72 2082.27 444.096 658.958 739.626 593.231
internal_count=35504 23240 16803 16506 10541 12264 6437 5965 5542 9561 2033 3091 3509 2814
cat_boundaries=0 1 2
cat_threshold=832771 4
is_linear=0
shrinkage=0.05


Tree=41
num_leaves=15
num_cat=3
split_feature=7 0 7 30 15 15 7 26 29 25 30 7 26 11
split_gain=225.867 62.8569 68.3649 62.1569 62.3161 48.5855 43.8959 46.6334 42.0145 53.3357 46.3305 39.114 39.006 36.065
threshold=14.500000000000002 99.225000000000009 6.5000000000000009 0 3.9346197023357878 0.043633350683872869 41.500000000000007 275.00000000000006 1 0.1229850686024337 2 -13.499999999999998 3898.5000000000005 6.6532951685490085
decision_type=2 10 2 9 8 8 2 2 9 8 9 2 2 2
left_child=1 2 5 6 -5 -1 7 13 -4 -10 -11 -7 -3 -2
right_child=3 12 8 4 -6 11 -8 -9 9 10 -12 -13 -14 -15
leaf_value=-0.00024238802587845596 -0.02280643421875192 -0.028132285056590729 0.011257558105880167 0.0099498700678722785 -0.016680011412756889 -0.016564718348305148 -0.045426814039816549 -0.035416397194468201 -0.026627901081528921 -0.014124455420003516 0.0067355183349651947 0.0189869422637821 0.051437273872993072 0.0017128667146568254
leaf_weight=502.95719563961029 290.97415322065353 179.75152848660946 662.28394873440266 410.58695739507675 470.29706656932831 80.336792886257172 174.95588401705027 264.50863630324602 217.6772907525301 376.82234844565392 837.68132267147303 1690.3905058428645 15.922964304685591 308.09335981309414
leaf_count=2359 2160 940 2903 2736 3542 427 1651 2139 1095 1778 3817 7741 72 2066
internal_value=0.000174822 0.00622708 0.00747056 -0.0142115 -0.00422253 0.0134721 -0.0224156 -0.0179658 0.000952125 -0.0038695 0.000196239 0.0173655 -0.0214287 -0.0102146
internal_weight=6483.24 4563.82 4368.15 1919.42 880.884 2273.68 1038.53 863.576 2094.46 1432.18 1214.5 1770.73 195.674 599.068
internal_count=35426 21132 20120 14294 6278 10527 8016 6365 9593 6690 5595 8168 1012 4226
cat_boundaries=0 2 3 5
cat_threshold=1139559498 41 274707 1097734492 2
is_linear=0
shrinkage=0.05


Tree=42
num_leaves=15
num_cat=2
split_feature=7 7 15 7 24 20 0 3 21 29 21 23 29 21
split_gain=220.606 69.099 66.2618 58.1257 52.9269 47.3704 45.6117 42.8789 39.3548 38.3214 38.2624 37.9221 35.5804 35.1133
threshold=8.5000000000000018 40.500000000000007 6.6597865967041239 -6.4999999999999991 0.14560252377650093 -0.16749999999999685 97.455000000000013 0.16957808323787707 0.83180342361166937 0 0.96281320404573056 1.1336111111111113 1 0.98929407201245356
decision_type=2 2 8 2 10 10 10 10 8 9 10 8 9 8
left_child=3 2 4 10 -2 -6 7 8 -5 11 -1 -4 13 -9
right_child=1 -3 9 6 5 -7 -8 12 -10 -11 -12 -13 -14 -15
leaf_value=-0.018973481282930305 -0.026977439811503984 -0.03072327728300835 0.025293651939606168 -0.062321259767158632 0.0049259919639965399 -0.025680509601938212 -0.0071405103128350245 -0.042606710625130502 0.0017779386861700238 -0.0046836638924638106 0.036647429861805074 -0.026861878886476082 0.017983515264474208 0.0062652972786166996
leaf_weight=255.1094458475709 171.50531329959631 338.3577588647604 36.095889396965504 24.782779976725578 1422.0839216932654 137.7531903386116 305.14425728470087 42.58486370742321 335.50057572126389 462.49836361408234 34.22811633348465 639.3059780523181 2034.8380703851581 233.50118844211102
leaf_count=1442 1175 3067 227 132 7966 879 1366 180 1472 2877 168 4484 9166 962
internal_value=-7.28397e-05 -0.00938488 -0.0068587 0.00907363 -0.000696689 0.00220833 0.0111539 0.0132456 -0.00279154 -0.0162255 -0.0122901 -0.023691 0.015746 -0.00135077
internal_weight=6473.29 3207.6 2869.24 3265.69 1731.34 1559.84 2976.35 2671.21 360.283 1137.9 289.338 675.402 2310.92 276.086
internal_count=35563 20675 17608 14888 10020 8845 13278 11912 1604 7588 1610 4711 10308 1142
cat_boundaries=0 1 2
cat_threshold=630912 2114592
is_linear=0
shrinkage=0.05


Tree=43
num_leaves=15
num_cat=3
split_feature=7 7 29 30 11 0 15 30 28 7 3 25 19 15
split_gain=217.258 69.5268 71.3398 70.9848 64.0577 60.4159 50.0825 58.6516 38.661 53.9102 62.1452 58.376 39.6057 35.9961
threshold=8.5000000000000018 40.500000000000007 0 1 6.1733901913371669 97.00500000000001 2.3146720238022511 2 0.35205023200391966 22.500000000000004 0.41983115409490246 0.35062999234108649 49.250000000000007 5.7550842181677311
decision_type=2 2 9 9 2 10 10 9 10 2 8 8 10 8
left_child=5 2 4 -4 -2 6 7 -1 9 10 11 -5 -13 -10
right_child=1 -3 3 8 -6 -7 -8 -9 13 -11 -12 12 -14 -15
leaf_value=-0.00397299931849054 -0.015161061498053886 -0.031291905732651289 -0.02736574084407194 -0.016516337919434253 0.010461942588564668 -0.0091981169583933622 0.018889369624789279 0.015302042431841259 -0.0026701621316923673 -0.025566899968919494 -0.012888595303337361 0.051462191076900234 -0.0088949581758072487 -0.0264731077632675
leaf_weight=796.8864079117775 347.4446996152401 323.03419194370508 582.87595019489527 55.735727988183498 812.29080433398485 398.57209974527359 1282.6257038190961 767.22133608907461 330.34569474309683 115.17161279171705 143.84499374032021 160.10941702872515 32.372145526111126 305.36270185559988
leaf_count=3625 2044 2998 4018 352 4600 1908 5791 3526 1815 1031 725 852 165 2092
internal_value=-0.000103869 -0.00932851 -0.00685975 -0.0132581 0.00275537 0.00901647 0.011569 0.00555786 -0.00587116 0.00436834 0.0132047 0.0283172 0.0413176 -0.0141275
internal_weight=6453.89 3208.59 2885.55 1725.82 1159.74 3245.31 2846.73 1564.11 1142.94 507.234 392.062 248.217 192.482 635.708
internal_count=35542 20692 17694 11050 6644 14850 12942 7151 7032 3125 2094 1369 1017 3907
cat_boundaries=0 1 3 5
cat_threshold=1337091 1097735516 12 1097520146 51
is_linear=0
shrinkage=0.05


Tree=44
num_leaves=15
num_cat=3
split_feature=7 11 28 22 21 0 28 24 30 7 29 25 7 30
split_gain=178.475 59.0051 54.2861 58.3189 87.939 65.6974 59.4434 58.4071 49.8538 51.1504 49.3327 40.9106 40.2409 39.2582
threshold=14.500000000000002 6.9217715674756519 0.54777579259034459 -2.878333333333333 0.98929407201245356 98.00500000000001 0.49679328627915503 0.5075004440511709 0 5.5000000000000009 1 0.99082829133464656 35.500000000000007 2
decision_type=2 2 8 8 8 10 10 10 9 2 9 10 2 9
left_child=2 -2 3 11 7 6 8 -5 -6 -10 -3 -1 -12 -8
right_child=1 10 -4 4 5 -7 13 -9 9 -11 12 -13 -14 -15
leaf_value=0.0054670537074247962 -0.020630476232437897 0.014059286640488895 0.02098881083172989 -0.034005926037990665 0.00060641533905481234 -0.020943222934735242 0.014056574038439818 0.034675586997317501 0.02426323712217927 0.0065358203850277635 -0.0027629498068719306 0.047326080456229672 -0.033297326497160017 -0.027148999093275727
leaf_weight=111.00831551849842 1084.2497074827552 276.55823534727097 488.68317811191082 240.92381252348423 1348.1759056150913 244.95918191224337 74.632623217999935 34.674024291336536 674.5672178119421 1025.9304133728147 358.35383743792772 122.79104213416576 153.51787888258696 199.84046168625355
leaf_count=516 8586 1754 2276 1251 6188 1236 346 165 3213 4642 2574 589 1405 928
internal_value=-7.28897e-05 -0.0130675 0.00525813 0.00336815 0.0018899 0.00399426 0.00583822 -0.0252707 0.00784592 0.0134989 -0.00265387 0.0275593 -0.0117388 -0.0164096
internal_weight=6438.87 1872.68 4566.19 4077.5 3843.7 3568.11 3323.15 275.598 3048.67 1700.5 788.43 233.799 511.872 274.473
internal_count=35669 14319 21350 19074 17969 16553 15317 1416 14043 7855 5733 1105 3979 1274
cat_boundaries=0 2 3 5
cat_threshold=1613412114 51 1318914 2727355468 1
is_linear=0
shrinkage=0.05


Tree=45
num_leaves=15
num_cat=6
split_feature=7 0 29 30 1 21 25 27 29 30 30 7 24 30
split_gain=179.875 59.8639 58.3248 68.1119 51.8739 45.3773 40.0096 49.7604 37.2872 64.3874 46.9534 38.1526 53.4034 36.0689
threshold=9.5000000000000018 98.00500000000001 0 1 0.5747340425531916 0.97790083642899184 0.59239022507417904 0.47985601552271939 2 3 4 19.500000000000004 0.33067563256528493 5
decision_type=2 10 9 9 8 8 10 10 9 9 9 2 10 9
left_child=1 2 13 6 -2 -6 -4 -8 10 -10 -7 12 -11 -1
right_child=4 -3 3 -5 5 8 7 -9 9 11 -12 -13 -14 -15
leaf_value=-0.025045122617384903 -0.019574981571181694 -0.012751217277352348 -0.0065973968028447405 0.019923706452924038 -0.030786057428869581 0.022303701242293594 0.025326951605137978 -0.001925169940274544 -0.030153265595461276 0.021467466219295652 -0.0024710831636254797 -0.022345215873576137 -0.0073130764431432668 0.0048363326978370196
leaf_weight=160.86499212682247 798.79955390095711 311.02053902298212 517.33744253218174 1503.9940153360367 153.89373710006475 260.44918078184128 339.03461508452892 329.86604025959969 258.09649569541216 253.8561599329114 645.4886522218585 183.02476956695318 437.60357498377562 241.69061297178268
leaf_count=737 7473 1534 2373 7037 1162 1384 1500 1435 1600 1222 3465 1406 2211 1043
internal_value=0.000269476 0.00812932 0.0102326 0.0128607 -0.00867425 -0.00469548 0.00380491 0.0119049 -0.0027117 -0.00871179 0.00483357 -0.00208756 0.00326889 -0.00745313
internal_weight=6395.02 3403.81 3092.79 2690.23 2991.21 2192.41 1186.24 668.901 2038.52 1132.58 905.938 874.485 691.46 402.556
internal_count=35582 15659 14125 12345 19923 12450 5308 2935 11288 6439 4849 4839 3433 1780
cat_boundaries=0 1 3 4 6 8 10
cat_threshold=82000 1097570823 11 1336579 1093405004 18 2003534 19 2158347530 32
is_linear=0
shrinkage=0.05


Tree=46
num_leaves=15
num_cat=5
split_feature=6 26 30 22 15 15 20 29 29 13 30 24 20 30
split_gain=110.288 56.5784 57.9814 49.8614 43.3559 35.3878 50.4699 41.1954 34.4358 34.2921 29.21 28.3406 29.3534 27.8156
threshold=7.5000000000000009 3898.5000000000005 0 1.0000000180025095e-35 0.51019406283998736 8.3959267026850579 -3.287500000000001 1 2 15.005000000000004 3 0.73804986592938959 3.505000000000003 4
decision_type=8 2 9 10 8 8 10 9 9 8 9 8 10 9
left_child=1 2 4 5 -1 6 -2 10 -4 -3 -7 12 -6 -9
right_child=3 9 8 -5 11 7 -8 13 -10 -11 -12 -13 -14 -15
leaf_value=-0.014048129208479901 0.0041850990697183304 0.046593593671436576 0.013183009940473315 -0.030256355801863963 0.0056980954846363157 0.026638109150532881 -0.026935311145603269 0.0057309188747707452 -0.0016665082574187071 0.00094436022266765308 -0.008315107856056549 -0.071428370443693309 -0.012399214911653115 -0.027696067764515959
leaf_weight=598.75296428799629 854.98077059537172 122.32952655106783 1457.0664931684732 257.9410607740283 1244.6113163083792 70.313085645437241 152.67041649669409 74.686438478529453 535.92762333899736 61.796322017908096 214.85843941569328 12.095896944403647 272.2349966019392 440.43037866055965
leaf_count=3029 5370 589 7062 2232 5973 486 1211 557 2586 287 1459 57 1245 3449
internal_value=-0.000238331 0.00431896 0.00310333 -0.00973216 -0.00264232 -0.00678883 -0.000552021 -0.0146312 0.00920266 0.0313607 0.000972374 0.00181333 0.00244406 -0.022831
internal_weight=6370.7 4304.82 4120.69 2065.88 2127.7 1807.94 1007.65 800.288 1992.99 184.126 285.172 1528.94 1516.85 515.117
internal_count=35592 20828 19952 14764 10304 12532 6581 5951 9648 876 1945 7275 7218 4006
cat_boundaries=0 2 3 4 6 8
cat_threshold=2848818178 62 3166259 828679 42205456 32 3764495872 2
is_linear=0
shrinkage=0.05


Tree=47
num_leaves=15
num_cat=4
split_feature=1 29 29 30 22 30 22 24 32 25 31 20 10 1
split_gain=101.055 43.1669 41.7724 56.9148 39.5219 38.8792 38.7296 32.1529 31.9484 30.2849 29.2543 32.4774 32.1613 28.2078
threshold=0.70856227106227121 0 1 2 6.7291666666666679 3 -1.9099999999999999 0.084446164710343177 2.5000000000000004 0.082287232504930766 1.5000000000000002 7.5025000000000057 7.5000000000000009 0.19725028058361394
decision_type=10 9 9 9 8 9 8 10 8 10 2 8 2 8
left_child=1 5 4 6 -2 -1 -4 -8 -5 -6 12 -12 -11 -3
right_child=2 13 3 8 9 -7 7 -9 -10 10 11 -13 -14 -15
leaf_value=0.0025974885036916051 -0.035302328565256356 -0.026712426027861683 0.025407420832023481 0.042241264552153567 -0.042188206233270957 -0.025844235363899959 -0.044409152811212195 -0.0017521361472076669 0.010210704415375266 0.01773575027916284 -0.052369495278953349 -0.0052652908337123983 -0.0093347784921202753 0.0003045932088669722
leaf_weight=157.34660048037767 101.33272398263216 109.64956568926573 129.0369306281209 79.988595478236675 43.72386172413826 563.82597504556179 44.482714898884296 1541.6462550461292 2095.9206404313445 294.70901618897915 42.876535803079605 222.2537774220109 173.64697457104921 761.4110606983304
leaf_count=1186 590 994 628 381 232 4989 288 7298 10201 1500 192 1102 905 5193
internal_value=0.000143444 -0.0107593 0.0037846 0.0060002 -0.00602372 -0.019693 -0.000821979 -0.00297567 0.0113549 -0.00224332 0.000192029 -0.0130511 0.00770062 -0.00308765
internal_weight=6361.85 1592.23 4769.62 3891.08 878.543 721.173 1715.17 1586.13 2175.91 777.21 733.486 265.13 468.356 871.061
internal_count=35679 12362 23317 18796 4521 6175 8214 7586 10582 3931 3699 1294 2405 6187
cat_boundaries=0 1 2 4 6
cat_threshold=98437 3227728 1768714247 15 2692849684 7
is_linear=0
shrinkage=0.05


Tree=48
num_leaves=15
num_cat=2
split_feature=1 8 26 20 15 29 26 21 29 8 1 13 20 31
split_gain=93.559 63.2812 57.3459 62.186 55.8889 44.8836 39.5448 38.6218 38.3657 28.0351 26.6602 26.3924 26.1115 23.5854
threshold=0.541917670682731 -2.4999999999999996 3898.5000000000005 3.0049999999999959 0.079157080204033808 0 4289.5000000000009 0.86733058453102096 1 2.5000000000000004 0.70856227106227121 12.995000000000003 38.125000000000007 2.5000000000000004
decision_type=8 10 2 10 10 9 2 8 9 10 10 8 10 2
left_child=1 -1 3 4 7 -3 -4 -2 -6 -7 -10 -8 -5 -11
right_child=2 5 6 12 8 9 11 -9 10 13 -12 -13 -14 -15
leaf_value=0.035235027656988105 -0.037610941348308918 0.0013290235729334183 0.047403529967173369 -0.0088759392103567678 0.00066000130338199066 -0.031483463313548371 0.027882603770149273 -0.0018966675719082626 -0.003010714969287928 0.069843544844609071 0.014728109667179965 -0.021719671579053169 -0.046388987868599595 -0.019406673199476587
leaf_weight=54.204553410410881 78.676466673612595 183.39459213614464 116.77090048789978 754.90883626043797 1149.4833477437496 467.5606220588088 57.706711515784264 1519.589455395937 243.63520685583353 11.930261559784414 1605.2573446556926 48.407055422663689 48.521933063864708 16.557855926454067
leaf_count=295 541 1623 591 3693 6039 4834 278 8099 1408 103 7510 248 260 163
internal_value=0.000465517 -0.0163154 0.0026575 0.00162914 0.0038728 -0.0204737 0.0274541 -0.00367716 0.00789715 -0.0279846 0.0123236 0.00526348 -0.0111963 0.0190706
internal_weight=6356.61 733.648 5622.96 5400.07 4596.64 679.443 222.885 1598.27 2998.38 496.049 1848.89 106.114 803.431 28.4881
internal_count=35685 7018 28667 27550 23597 6723 1117 8640 14957 5100 8918 526 3953 266
cat_boundaries=0 1 2
cat_threshold=1380512 3166374
is_linear=0
shrinkage=0.05


Tree=49
num_leaves=15
num_cat=4
split_feature=7 7 0 29 28 23 30 29 30 27 28 25 8 24
split_gain=152.701 53.2512 52.6695 51.2629 55.4376 101.247 81.1433 49.549 61.7347 44.864 43.7963 51.1957 52.4863 40.7582
threshold=8.5000000000000018 40.500000000000007 99.985000000000014 0 0.39531472888517366 19.41416666666667 1 2 3 0.31495919956920265 0.3917317531102083 0.37473311261909187 21.500000000000004 0.38533604372641844
decision_type=2 2 10 9 10 10 9 9 9 10 10 8 10 10
left_child=2 7 3 -1 5 -5 9 8 -2 -6 11 -10 -13 -12
right_child=1 -3 -4 4 6 -7 -8 -9 10 -11 13 12 -14 -15
leaf_value=-0.0071005796822028872 -0.028676208230305145 -0.028103849275585843 -0.025449010929788487 0.021824445371012299 -0.045380969203123463 -0.03591173492667292 0.01503669381894418 3.5627226001510783e-05 -0.021034126623141192 -0.0046000811792090961 -0.045889578655080074 0.027715569813390656 -0.014827988645027938 -0.0086925995656577017
leaf_weight=450.95512749254704 428.54309164732695 307.50739764422178 118.30829437822104 1243.9587505459785 76.523111999034882 79.978000365197659 716.09955114126205 1499.5714166983962 137.91175083070993 521.06053210794926 96.624366320669651 239.91854376345873 102.95429420471191 302.62882940471172
leaf_count=1993 3164 3061 696 5760 400 408 3362 8809 1050 2268 562 1512 575 1980
internal_value=-0.000500767 -0.00838277 0.00715725 0.00841407 0.0110533 0.0183122 0.00381353 -0.00621398 -0.0132692 -0.00972684 -0.00550526 0.00459515 0.0149351 -0.0177869
internal_weight=6322.54 3115.66 3206.88 3088.58 2637.62 1323.94 1313.68 2808.15 1308.58 597.584 880.038 480.785 342.873 399.253
internal_count=35600 20713 14887 14191 12198 6168 6030 17652 8843 2668 5679 3137 2087 2542
cat_boundaries=0 1 3 4 6
cat_threshold=1131600 1229836803 23 2719877 1093541208 9
is_linear=0
shrinkage=0.05


Tree=50
num_leaves=15
num_cat=4
split_feature=7 28 28 23 24 29 28 30 27 30 7 11 30 8
split_gain=137.328 59.8873 73.1223 66.1295 50.3866 46.5694 69.5336 53.1172 46.269 42.3454 41.2603 39.551 48.213 36.3851
threshold=14.500000000000002 0.52307241608944577 0.49679328627915503 19.280208333333334 0.46129897549630577 0 0.39484035224186947 1 0.31822633388197763 2 5.5000000000000009 7.7983096088702348 3 -2.4999999999999996
decision_type=2 8 10 10 10 9 10 9 10 9 2 2 9 8
left_child=1 2 3 5 -5 6 10 -8 -9 -7 -1 13 -13 -2
right_child=11 -3 -4 4 -6 9 7 8 -10 -11 -12 12 -14 -15
leaf_value=0.022671367616800681 0.027512506698669087 0.019338168865210073 -0.027815472644340616 -0.065397768856156252 -0.0017235452076213719 -0.020583584019393045 0.0096146099663855372 -0.043502779435365138 -0.0057209831078680173 0.0039721932254434223 0.0066791760185935471 -0.018400400701128732 0.014994005202478939 -0.018058387612789384
leaf_weight=759.54260230064392 44.424231871962547 546.88408368825912 198.33100409805775 59.265964061021805 64.245150864124298 308.1199624016881 584.49880646169186 92.723114535212517 601.99555039405823 387.9254235252738 861.28660903126001 176.21370509266853 244.79670302569866 1337.786330960691
leaf_count=3708 254 2582 923 376 325 1483 2758 539 2776 1772 3911 1306 1644 11131
internal_value=-0.000849042 0.00385446 0.00168878 0.00326902 -0.032557 0.0045082 0.00728276 -0.00140715 -0.0106656 -0.00704909 0.0141827 -0.0124907 0.000925593 -0.0165749
internal_weight=6268.04 4464.82 3917.93 3719.6 123.511 3596.09 2900.05 1279.22 694.719 696.045 1620.83 1803.22 421.01 1382.21
internal_count=35488 21153 18571 17648 701 16947 13692 6073 3315 3255 7619 14335 2950 11385
cat_boundaries=0 1 3 5 7
cat_threshold=1880325 49425754 33 1084540170 51 1137213762 32
is_linear=0
shrinkage=0.05


Tree=51
num_leaves=15
num_cat=7
split_feature=7 30 15 29 26 30 29 7 29 24 30 11 26 30
split_gain=111.036 48.1221 65.703 57.0186 44.5582 47.2075 49.9759 39.4936 36.9705 36.9279 30.0413 29.8563 27.1058 53.6897
threshold=10.500000000000002 0 3.7635262247427357 1 3898.5000000000005 2 3 35.500000000000007 4 0.14560252377650093 5 6.1065996154939848 738.00000000000011 6
decision_type=2 9 8 9 2 9 9 2 9 10 9 2 2 9
left_child=4 3 9 -2 5 6 -1 11 -7 -3 -6 -5 13 -8
right_child=1 2 -4 7 10 8 12 -9 -10 -11 -12 -13 -14 -15
leaf_value=0.017192653627182013 -0.027045870226131048 -0.021481873845538541 -0.010433759246625266 -0.019276831626063206 -0.018603115090914325 0.013928704120590421 -0.03668228527660794 -0.03283378435335868 -0.004816374169390414 0.015035930375818761 0.038352574786063937 0.0048404350763339293 0.0023210395167745225 -0.0040617519237192709
leaf_weight=282.11142979562283 499.33439859747887 77.426900327205658 790.15137119218707 168.69655195623636 24.279681906104088 1483.9465414062142 161.4278407022357 112.68501348793507 318.16127658635378 595.68386739119887 146.20328062772751 525.43470592051744 555.8655172213912 504.1867753341794
leaf_count=1245 4166 621 5483 1099 112 7067 792 1026 1430 3619 718 3142 2492 2409
internal_value=0.000528044 -0.00693973 -0.000656425 -0.0138619 0.00647777 0.00518691 -0.0013771 -0.00544835 0.0106101 0.0108097 0.0313316 -0.00104015 -0.00578111 -0.0126274
internal_weight=6245.6 2769.41 1463.26 1306.15 3476.18 3305.7 1503.59 806.816 1802.11 673.111 170.483 694.131 1221.48 665.615
internal_count=35421 19156 9723 9433 16265 15435 6938 5267 8497 4240 830 4241 5693 3201
cat_boundaries=0 2 3 5 6 7 9 10
cat_threshold=1101811035 10 2195620 694932486 58 1314854 2928917 1073741824 1 540672
is_linear=0
shrinkage=0.05


Tree=52
num_leaves=15
num_cat=6
split_feature=7 20 7 7 11 30 30 29 25 29 28 30 7 29
split_gain=104.03 59.24 56.872 51.7131 47.3598 45.3589 39.6267 39.5292 33.3163 30.7806 40.8247 29.3792 28.6777 33.5104
threshold=6.5000000000000009 -3.7274999999999952 1.5000000000000002 40.500000000000007 6.4172223323443918 0 1 2 -0.31863576994509274 3 0.3394604954773921 4 20.500000000000004 5
decision_type=2 10 2 2 2 9 9 9 10 9 8 9 2 9
left_child=2 3 -1 4 5 -2 7 -4 -9 10 -6 -12 13 -7
right_child=1 -3 6 -5 9 12 -8 8 -10 -11 11 -13 -14 -15
leaf_value=-0.0040941729799964079 -0.021983316639227937 -0.020679384312319221 0.024598739019417712 -0.025334790397383362 -0.04215455913145727 0.0082153349722876145 0.019705565480143933 -0.078753058059240599 -0.00020554125568917142 0.010236035413662074 0.019804908327241601 -0.0094869441287757372 -0.017771880555039313 -0.010198560331488055
leaf_weight=699.01781596243382 371.37246681004763 541.0402897708118 171.43333691358566 236.29086747393012 64.594706155359745 647.84601866453886 930.88677896559238 12.819274082779883 584.45486527681351 1007.0434949398041 120.52258677780628 234.29434943944216 241.52746989578009 384.60302989184856
leaf_count=3580 2273 3715 790 2325 461 3244 4556 61 2642 5659 689 1494 2144 1926
internal_value=-0.00026437 -0.00535705 0.00790686 -0.00284559 -0.00110798 -0.00688671 0.0128422 0.0042054 -0.00198701 0.00555766 -0.00577916 0.000780455 -0.00228184 0.00133346
internal_weight=6247.75 3849.14 2398.61 3308.09 3071.8 1645.35 1699.59 768.707 597.274 1426.46 419.412 354.817 1273.98 1032.45
internal_count=35559 23930 11629 20215 17890 9587 8049 3493 2703 8303 2644 2183 7314 5170
cat_boundaries=0 2 4 5 6 8 9
cat_threshold=1093403670 7 552230406 39 1314996 2719906 574694400 51 1082646
is_linear=0
shrinkage=0.05


Tree=53
num_leaves=15
num_cat=3
split_feature=7 20 26 30 0 7 7 30 24 7 26 21 30 24
split_gain=120.769 39.9848 45.3268 39.9064 38.3739 48.9953 46.5795 54.1922 36.6454 36.1884 47.183 34.6033 36.7312 34.2692
threshold=15.500000000000002 32.00500000000001 3898.5000000000005 0 98.00500000000001 5.5000000000000009 -9.4999999999999982 1 0.66170451747502412 37.500000000000007 266.50000000000006 0.99578700303606482 2 0.51473526368323219
decision_type=2 10 2 9 10 2 2 9 10 2 2 8 9 10
left_child=1 2 4 9 5 6 -1 8 -8 10 -2 13 -13 -7
right_child=3 -3 -4 -5 -6 11 7 -9 -10 -11 -12 12 -14 -15
leaf_value=-0.014221457299886621 -0.0050527592225524474 -0.028940415201392407 0.028765065706026372 -0.0036060838595292606 -0.014035366366217165 -0.03360329824091892 0.0069524751532387173 0.023926070057416933 -0.068837144247681503 -0.039916455392854773 -0.03478812004256511 0.011693371092604897 -0.0026283086147679078 0.019551072562804112
leaf_weight=161.13254269957542 450.93374761939049 86.726894348859787 193.36320362240076 879.08964648470283 272.87688698619604 130.39509604871273 907.80626925081015 732.03854723274708 15.239862382411955 168.22976974025369 188.71915865689516 655.7946760058403 1355.6431016772985 38.692243337631226
leaf_count=895 3375 430 976 6761 1389 739 4214 3618 69 1892 1772 2961 6356 194
internal_value=0.000256248 0.00449307 0.00514911 -0.0111662 0.0040731 0.00531265 0.0113761 0.0138752 0.00556776 -0.0190974 -0.0138663 0.000259376 0.00208956 -0.0213966
internal_weight=6236.68 4549.71 4462.98 1686.97 4269.62 3996.74 1816.22 1655.08 923.046 807.883 639.653 2180.53 2011.44 169.087
internal_count=35641 21841 21411 13800 20435 19046 8796 7901 4283 7039 5147 10250 9317 933
cat_boundaries=0 2 4 6
cat_threshold=1135365450 10 2712222738 15 3264303680 49
is_linear=0
shrinkage=0.05


Tree=54
num_leaves=15
num_cat=2
split_feature=7 30 28 28 23 30 8 20 22 24 0 7 20 15
split_gain=103.421 51.2241 49.5194 53.8945 65.7682 50.0609 40.3842 39.8974 41.0695 39.5746 37.8083 47.3231 44.0793 37.1803
threshold=20.500000000000004 0 0.54777579259034459 0.49679328627915503 19.280208333333334 1 -2.4999999999999996 32.00500000000001 -2.878333333333333 0.46129897549630577 99.225000000000009 6.5000000000000009 -2.9974999999999947 7.0109236706106346
decision_type=2 9 8 10 10 9 8 10 8 10 10 2 10 8
left_child=2 -2 3 4 7 -5 -3 8 -1 -6 11 -10 13 -13
right_child=1 6 -4 5 9 -7 -8 -9 10 -11 -12 12 -14 -15
leaf_value=0.025155090388826143 0.015451011787845682 0.038167128821021329 0.017447228428153504 0.014781602724036542 -0.061127194330234148 -0.029882077254115371 -0.019684159071931284 -0.029123102321979358 0.01088771479606946 -0.0063996094328179183 -0.021803248116084556 0.0070085759558820961 -0.020322184818512664 -0.0084366556873605569
leaf_weight=232.82089242339134 126.74327117949724 30.281874313950539 545.60605462640524 80.646607674658298 60.275604303926229 226.99823522567749 926.48368854820728 87.524268090724945 1634.7929946109653 72.239844419062138 140.45085383951664 1248.6464132219553 245.94642009586096 565.2164196446538
leaf_count=1201 923 177 2723 389 425 1144 8728 454 7814 423 802 6078 1380 3101
internal_value=0.000260719 -0.0137708 0.00321998 0.00152743 0.00297933 -0.0186531 -0.0176311 0.00408826 0.00480981 -0.0315642 0.00356844 0.00453859 -0.000503308 0.0021937
internal_weight=6224.67 1083.51 5141.16 4595.56 4287.91 307.645 956.766 4155.4 4067.87 132.515 3835.05 3694.6 2059.81 1813.86
internal_count=35762 9828 25934 23211 21678 1533 8905 20830 20376 848 19175 18373 10559 9179
cat_boundaries=0 2 4
cat_threshold=2685513728 20 45098316 1
is_linear=0
shrinkage=0.05


Tree=55
num_leaves=15
num_cat=3
split_feature=7 28 24 28 22 15 28 20 2 30 25 29 30 14
split_gain=95.3731 55.3683 43.0423 43.0346 38.4689 42.7698 36.7888 36.2109 37.4317 33.8179 33.9564 33.4444 36.3789 31.5866
threshold=14.500000000000002 0.55130834071513701 0.084446164710343177 0.49679328627915503 0.73000000000000032 4.1213292090160616 0.50003276056034207 4.9975000000000032 87.493213412288 0 1.2456822552926783 1 2 1.3624999999999996
decision_type=2 8 10 10 10 8 10 10 2 9 10 9 9 10
left_child=1 2 -1 7 5 11 -5 8 9 13 -11 -2 -13 -4
right_child=4 -3 3 6 -6 -7 -8 -9 -10 10 -12 12 -14 -15
leaf_value=-0.029361477450140411 0.019952423982103128 0.020127148816758787 -0.0037959946445675786 -0.075870835827087868 -0.030261541755681416 -0.015744944661822056 -0.010489930769820298 -0.0060101036166289833 -0.014826406955994223 0.01848940268934296 0.0032784197552020639 -0.020204229553475138 0.004732880542014613 0.015436173511901749
leaf_weight=106.92689401656389 167.52944967895746 458.03767842054367 798.37038195878267 22.437778532505035 207.6212089471519 765.63171213120222 270.20778238773346 700.40427538007498 188.24016664177179 999.40186903625727 580.18852756172419 222.9248279556632 384.37403664365411 290.30161200463772
leaf_count=617 1013 2191 3840 103 2106 6475 1283 3437 867 4786 2709 1906 2827 1349
internal_value=-0.000224955 0.0036893 0.0017817 0.00265415 -0.0101063 -0.0073719 -0.0157441 0.00417187 0.00666968 0.00819117 0.0128268 0.00091139 -0.00461753 0.00132965
internal_weight=6162.6 4414.52 3956.48 3849.55 1748.08 1540.46 292.646 3556.91 2856.5 2668.26 1579.59 774.828 607.299 1088.67
internal_count=35509 21182 18991 18374 14327 12221 1386 16988 13551 12684 7495 5746 4733 5189
cat_boundaries=0 2 3 5
cat_threshold=1613664020 19 1319936 1110199308 56
is_linear=0
shrinkage=0.05


Tree=56
num_leaves=15
num_cat=3
split_feature=7 5 15 0 15 27 1 30 25 11 30 7 30 20
split_gain=75.6869 48.4303 42.5866 37.3378 34.0083 36.6856 33.7555 37.5315 33.2612 31.6035 35.2241 30.9732 30.4045 29.0524
threshold=8.5000000000000018 0.71900279279279289 8.3959267026850579 97.995000000000019 0.0076302273198817034 0.63518719221608422 1.4682767874257239 0 -0.17267731734021161 7.8942994013376486 1 -23.499999999999996 2 -9.4000000000000004
decision_type=2 10 8 10 10 8 8 9 10 2 9 2 9 8
left_child=3 2 6 4 5 8 9 -8 -1 10 -2 -6 -10 -13
right_child=1 -3 -4 -5 11 -7 7 -9 12 -11 -12 13 -14 -15
leaf_value=-0.04490203646766977 -0.014842165507559239 -0.030322413873271475 -0.013176490263672591 -0.010568481402374817 -0.05468421655137843 0.021822518874351826 -0.025871414497931858 0.00094185730843503006 -0.011135017989414943 0.018438894021326938 0.0054809319552108614 0.025547619726364282 0.0079297615397187059 0.0087684788376670778
leaf_weight=46.85292886942625 280.33285606652498 191.57007074356079 926.07765333354473 340.79419872909784 16.740235358476639 156.91564908623695 221.2322793006897 304.71364212036133 423.9609754383564 297.59658754244447 784.04185473173857 313.55875843763351 392.63486548513174 1448.5427538454533
leaf_count=284 2071 1557 7182 1717 90 727 1375 1682 1993 1870 4878 1435 1851 6797
internal_value=-0.000391646 -0.00606216 -0.0044004 0.0050363 0.00693922 -0.000337927 -9.07767e-05 -0.0108376 -0.00438576 0.00406417 3.15005e-05 0.0111113 -0.00200902 0.0117671
internal_weight=6145.57 3005.56 2813.99 3140 2799.21 1020.36 1887.92 525.946 863.449 1361.97 1064.37 1778.84 816.596 1762.1
internal_count=35509 20615 19058 14894 13177 4855 11876 3057 4128 8819 6949 8322 3844 8232
cat_boundaries=0 2 4 6
cat_threshold=1636576586 10 36067664 40 1106019348 21
is_linear=0
shrinkage=0.05


Tree=57
num_leaves=15
num_cat=4
split_feature=7 20 7 15 0 7 30 3 25 11 30 3 30 29
split_gain=76.6849 56.525 46.7127 49.3888 40.8052 34.2802 30.564 40.1965 30.888 28.5383 38.9381 31.2782 26.1741 26.089
threshold=7.5000000000000009 -1.4924999999999995 37.500000000000007 6.7465960047789926 99.985000000000014 -19.499999999999996 0 0.0014708554155552121 -0.31863576994509274 7.5115547185637244 1 0.45913527538695392 2 3
decision_type=2 10 2 8 10 2 9 8 10 2 9 10 9 9
left_child=4 2 3 9 5 -1 8 -8 -7 10 -2 -12 -11 -5
right_child=1 -3 -4 13 -6 6 7 -9 -10 12 11 -13 -14 -15
leaf_value=-0.019761453977386195 -0.009546786211110667 -0.021859682255406937 -0.021708173958192991 -0.013345011100148688 -0.022165590772446859 -0.037934065785220059 -0.043044521896246093 0.016915511853231171 0.0051465395589905191 0.031749385390612908 0.014443892348170265 -0.0058743580271443325 0.0055631556319996125 0.0047538018582921129
leaf_weight=106.61716341227293 534.39845603331923 431.2447283193469 289.26714469119906 825.18775548413396 117.92059490829706 42.1171860024333 27.780041009187698 1055.5592727437615 1192.7818139269948 149.46884132921696 563.2474967315793 284.44589617103338 273.9302596822381 259.37937121093273
leaf_count=607 3178 3235 2900 5553 715 227 135 5219 5523 775 3215 1333 1491 1561
internal_value=-0.000210949 -0.00489463 -0.00258733 -0.000666673 0.00643887 0.00783846 0.00911577 0.0151995 0.00361846 0.0043987 0.000915569 0.00753834 0.0157397 -0.00909534
internal_weight=6153.35 3610.57 3179.33 2890.06 2542.78 2424.86 2318.24 1083.34 1234.9 1805.49 1382.09 847.693 423.399 1084.57
internal_count=35667 23241 20006 17106 12426 11711 11104 5354 5750 9992 7726 4548 2266 7114
cat_boundaries=0 2 4 6 7
cat_threshold=2695547155 46 1076776284 27 34686044 9 2994304
is_linear=0
shrinkage=0.05


Tree=58
num_leaves=15
num_cat=6
split_feature=7 7 11 20 7 30 23 21 30 30 29 29 26 30
split_gain=77.2377 45.4632 44.0237 39.7122 37.2011 39.2261 35.7421 34.8226 33.553 32.9178 31.0786 29.1833 29.3367 33.1455
threshold=6.5000000000000009 42.500000000000007 6.8977097747551239 -6.099999999999997 -6.4999999999999991 0 7.402916666666667 0.96281320404573056 1 2 3 4 733.50000000000011 5
decision_type=2 2 2 10 2 9 10 10 9 9 9 9 2 9
left_child=4 2 3 6 7 11 9 8 -1 -2 -4 -6 13 -13
right_child=1 -3 10 -5 5 -7 -8 -9 -10 -11 -12 12 -14 -15
leaf_value=0.0021244242515422031 0.012805654035674824 -0.025907429908842056 0.012116713552131439 -0.023977902265373822 0.020054641948487897 0.016432172070862072 -0.033823166925657122 0.038344872971347116 -0.034501287234847633 -0.005789922264199476 -0.0036067278486381239 -0.034223948201212308 0.0077327832613160357 -0.0023886836946536232
leaf_weight=128.7127508893609 268.60888777673244 232.41284967958927 631.13615247607231 305.75086453929543 186.57777555286884 990.00223970413208 98.659249015152454 31.686615861952305 115.96152940392494 1614.0311057604849 610.90900429338217 98.270625211298466 457.18298880010843 349.30331613123417
leaf_count=735 1526 2663 3596 2036 869 4971 867 166 709 9520 3707 466 2081 1621
internal_value=-8.82862e-05 -0.00453524 -0.00312081 -0.0072351 0.00700536 0.00929422 -0.00464058 -0.0102039 -0.0166217 -0.00309413 0.0044548 0.00263537 -0.00115456 -0.0102554
internal_weight=6119.21 3761.51 3529.1 2287.05 2357.7 2081.34 1981.3 276.361 244.674 1882.64 1242.05 1091.33 904.757 447.574
internal_count=35533 23915 21252 13949 11618 10008 11913 1610 1444 11046 7303 5037 4168 2087
cat_boundaries=0 2 4 6 7 8 9
cat_threshold=1636490002 38 3256383766 8 2722214400 32 286725 2363652 524288
is_linear=0
shrinkage=0.05


Tree=59
num_leaves=15
num_cat=6
split_feature=7 29 30 30 2 8 11 29 3 25 9 30 24 30
split_gain=70.3427 51.9418 38.9318 35.2127 35.5161 27.8905 34.9021 33.8439 30.1244 26.6389 37.1243 26.777 25.6476 31.2379
threshold=20.500000000000004 0 1 2 85.889563623679535 1.5000000000000002 7.5115547185637244 3 0.96207160572240202 0.45098826074133991 1.0000000180025095e-35 4 0.29553463912591799 5
decision_type=2 9 9 9 2 10 2 9 8 10 2 9 10 9
left_child=3 -2 -3 9 5 6 -5 -7 -9 10 -1 -12 -11 -14
right_child=1 2 -4 4 -6 7 -8 8 -10 12 11 -13 13 -15
leaf_value=-0.031625789588684186 -0.028049379576712098 -0.016339407273069421 0.0069971205833555183 -0.0035166606900636321 -0.016248286098855355 0.013905527442226291 0.025984421662437147 0.004142155077162187 -0.028289365243320576 0.012598877804643225 0.021914945747514132 -0.011686819846068156 0.0066821309938203122 -0.011436940144692218
leaf_weight=182.26396922022104 338.70705137774348 332.46236265450716 364.58648984879255 948.71329526975751 185.53632631897926 1415.0028959661722 111.09044370055199 600.25409489125013 80.28154169023037 300.82421968132257 71.179785996675491 203.31978445500135 393.88517792522907 571.90506063774228
leaf_count=1147 4098 2885 2743 5406 879 6905 617 2901 393 1490 337 1074 1853 2833
internal_value=-0.000473502 -0.0123395 -0.00421432 0.00195531 0.0049412 0.00620756 -0.000402727 0.00954927 0.000276319 -0.00383891 -0.0141986 -0.00255445 -0.000125044 -0.00409722
internal_weight=6100.01 1035.76 697.049 5064.26 3340.88 3155.34 1059.8 2095.54 680.536 1723.38 456.764 274.5 1266.61 965.79
internal_count=35561 9726 5628 25835 17101 16222 6023 10199 3294 8734 2558 1411 6176 4686
cat_boundaries=0 1 3 5 6 7 8
cat_threshold=2195462 579341642 43 157974551 30 303877 4194322 557056
is_linear=0
shrinkage=0.05


Tree=60
num_leaves=15
num_cat=4
split_feature=7 7 24 30 20 30 22 10 20 30 30 20 27 28
split_gain=84.2597 36.5363 44.8696 48.053 38.1778 36.3399 30.5697 30.0311 33.2584 37.457 32.1642 28.2484 27.4121 39.1479
threshold=9.5000000000000018 34.500000000000007 0.30417519150773936 0 -25.107499999999991 1 -2.878333333333333 16.500000000000004 -9.0024999999999959 2 3 -77.322499999999977 0.44609093105304304 0.39484035224186947
decision_type=2 2 8 9 10 9 8 2 8 9 9 10 8 8
left_child=7 2 4 12 -2 -3 -5 8 11 -10 -9 -1 -4 -14
right_child=1 5 3 6 -6 -7 -8 10 9 -11 -12 -13 13 -15
leaf_value=-0.012076837200302303 0.0093365778925383457 -0.032561907634834568 -0.01252982782228595 0.027620626274553341 -0.016093817921463634 -0.0021007823332398275 -0.016883103849997732 -0.023961671383327648 -0.0028007337634613169 0.0099686363597342592 0.0042582253060452638 0.023208063281410951 0.05075973090216869 0.0044801833034271796
leaf_weight=64.297561347484589 766.97147373110056 231.24967991560698 140.98075229302049 39.237543676048517 181.74224435165524 179.48905799910426 1014.0455644950271 158.60245159268379 975.3833009749651 1379.9929339960217 246.84322094172239 447.86175175756216 57.638444520533085 208.08939912170172
leaf_count=325 4824 2661 870 244 1304 1634 6819 813 4552 6686 1199 2071 355 1276
internal_value=-3.02382e-05 -0.00636445 -0.00400974 -0.00950827 0.00445314 -0.02013 -0.0150578 0.00542652 0.0072275 0.0047122 -0.00729742 0.0187634 0.00510939 0.0146712
internal_weight=6092.43 2819.44 2408.71 1459.99 948.714 410.739 1053.28 3272.98 2867.54 2355.38 405.446 512.159 406.709 265.728
internal_count=35633 19987 15692 9564 6128 4295 7063 15646 13634 11238 2012 2396 2501 1631
cat_boundaries=0 2 4 6 8
cat_threshold=3759395653 49 1116554330 43 2303280913 62 3785726210 48
is_linear=0
shrinkage=0.05


Tree=61
num_leaves=15
num_cat=3
split_feature=22 24 29 20 22 0 25 1 32 27 30 29 25 24
split_gain=43.6189 63.4267 55.5619 38.7856 42.3597 39.8108 35.2629 27.9927 26.0567 27.6713 34.6627 37.7359 40.5057 34.41
threshold=1.0000000180025095e-35 0.51473526368323219 0 32.00500000000001 -7.8366666666666651 99.985000000000014 0.55905184980657607 0.4058277027027028 2.5000000000000004 0.63518719221608422 1 2 0.1229850686024337 0.83886639676113373
decision_type=10 10 9 10 8 10 10 10 8 8 9 9 10 8
left_child=3 2 7 4 6 8 -1 -2 -6 13 -11 -12 -13 -10
right_child=1 -3 -4 -5 5 -7 -8 -9 9 10 11 12 -14 -15
leaf_value=5.2526566332364161e-05 -0.042565105207209804 0.022753577317167175 -0.033504406003107383 -0.029087513453895892 0.024636433426340212 -0.030311040394763619 0.046655937834889881 0.0048961343342320543 0.00055404374708481702 -0.021266485075709031 0.0005268600021662472 -0.00011910960382049191 0.043053653660692734 -0.08751989242646202
leaf_weight=69.688692197203636 34.92470234259963 109.7225699685514 284.10057962685823 98.586787566542625 125.27334978803992 94.901684038341045 96.218593206256628 228.8379276432097 4382.7626827582717 59.875691831111908 207.52563901990652 76.830687053501606 184.46414951980114 10.118092045187948
leaf_count=363 448 672 2149 595 678 616 544 1254 25187 384 1245 407 899 47
internal_value=0.000348638 -0.0118005 -0.0187496 0.0018283 0.00240792 0.00160289 0.027198 -0.00146971 0.00220889 0.00163314 0.0124288 0.0168621 0.0292905 0.000331311
internal_weight=6063.83 657.586 547.863 5406.25 5307.66 5141.75 165.907 263.763 5046.85 4921.58 528.696 468.82 261.295 4392.88
internal_count=35488 4523 3851 30965 30370 29463 907 1702 28847 28169 2935 2551 1306 25234
cat_boundaries=0 1 3 4
cat_threshold=274468 2169577484 6 1855621
is_linear=0
shrinkage=0.05


Tree=62
num_leaves=15
num_cat=4
split_feature=1 29 28 28 24 30 5 18 30 14 28 28 3 29
split_gain=37.838 40.2582 35.3769 49.1476 36.0171 31.4638 36.1544 33.2342 30.1282 30.2287 30.0639 29.7287 28.9854 28.1343
threshold=0.76500600240096051 0 0.52708231543002382 0.49679328627915503 0.070707462090005016 1 inf -1.0000000180025095e-35 2 1.2500000000000004 0.50003276056034207 0.44025789810667154 0.6672069105372046 3
decision_type=10 9 8 10 10 9 8 8 9 10 10 10 10 9
left_child=1 -1 3 4 -2 7 -7 -3 9 11 -5 -6 -10 -4
right_child=2 5 13 10 8 6 -8 -9 12 -11 -12 -13 -14 -15
leaf_value=0.0038752647299219196 -0.03725862437868506 0.066407845566602189 -0.0036205284509186609 -0.076135214529675574 -0.011238570452379781 -0.031660927699978129 -0.0096845414015230558 -0.00052596646243605093 0.011632338049065254 0.0073217609197117799 -0.016112639539097202 0.012082378103408547 -0.00051748549266980657 0.021292632790123323
leaf_weight=603.90872214362025 56.525341384112835 20.105258788913488 161.33375038206577 22.719001397490501 869.73649353533983 263.68860176578164 644.14078471809626 152.77098510041833 1193.5405214652419 506.52399342507124 182.89259744435549 161.24242150038481 833.19758772850037 383.45391188561916
leaf_count=4444 387 134 878 113 4455 2599 5164 1162 6140 2431 850 759 4113 1898
internal_value=-0.000116841 -0.00648106 0.0023368 0.000637999 0.00199094 -0.0121896 -0.0159205 0.00718242 0.00262367 -0.00265391 -0.0230812 -0.00758306 0.00660714 0.0142455
internal_weight=6055.78 1684.61 4371.17 3826.38 3620.77 1080.71 907.829 172.876 3564.24 1537.5 205.612 1030.98 2026.74 544.788
internal_count=35527 13503 22024 19248 18285 9059 7763 1296 17898 7645 963 5214 10253 2776
cat_boundaries=0 1 3 5 6
cat_threshold=3428608 3758109712 6 556283153 63 1593476
is_linear=0
shrinkage=0.05


Tree=63
num_leaves=15
num_cat=4
split_feature=7 30 25 28 23 28 29 30 30 27 7 7 27 28
split_gain=57.2053 41.7218 42.7276 36.096 48.6187 51.74 77.9436 64.7955 51.6751 35.0606 35.9911 32.3971 32.2455 71.2367
threshold=20.500000000000004 0 0.71198456734322313 0.529022408852725 19.280208333333334 0.39484035224186947 1 2 3 0.38278932080488132 4.5000000000000009 5.5000000000000009 0.490378195259978 0.41979854464779442
decision_type=2 9 10 8 10 10 9 9 9 10 2 2 10 10
left_child=3 -2 -3 4 5 6 8 -7 11 -6 -11 -1 13 -9
right_child=1 2 -4 -5 9 7 -8 12 -10 10 -12 -13 -14 -15
leaf_value=0.014406216295990332 -0.021496430110525256 -0.022712356516860918 0.0075844443415935339 0.013979480579616066 -0.057726306113417149 0.0062431044118739535 -0.0016050887979271724 -0.02695815264220406 0.02560793985816566 0.047809260951095611 -0.026699585358654562 -0.010246892333331018 -0.022757851199218249 0.011423644266012866
leaf_weight=328.58139432966709 457.05492998659611 162.81233276799321 400.87229933962226 599.00711155310273 57.356123678386211 738.37385493516922 1424.5433540865779 205.7399905025959 622.07298747077584 21.191467389464378 59.217696454375982 222.80913937836885 474.25696444511414 290.20635734498501
leaf_count=1613 4779 1752 3235 3050 438 3738 7127 1163 3218 94 377 1189 2374 1455
internal_value=0.000282975 -0.0105057 -0.00117036 0.00246818 0.000913895 0.0018521 0.00629556 -0.00490419 0.0157593 -0.0282168 -0.00671706 0.00436471 -0.0133128 -0.00452099
internal_weight=6064.1 1020.74 563.685 5043.36 4444.35 4306.58 2598.01 1708.58 1173.46 137.765 80.4092 551.391 970.203 495.946
internal_count=35602 9766 4987 25836 22786 21877 13147 8730 6020 909 471 2802 4992 2618
cat_boundaries=0 2 3 5 7
cat_threshold=1118587968 42 557574 2193042776 33 1106905116 31
is_linear=0
shrinkage=0.05


Tree=64
num_leaves=15
num_cat=3
split_feature=7 30 22 21 24 0 19 30 30 7 3 28 7 32
split_gain=51.2538 33.5424 32.0435 42.8778 77.5668 43.1 32.4014 36.1445 34 32.3551 42.5006 36.5378 30.5091 28.6563
threshold=20.500000000000004 0 -2.878333333333333 0.98929407201245356 0.5075004440511709 98.00500000000001 42.500000000000007 1 2 5.5000000000000009 0.42860849466235779 0.68612326207708219 -27.499999999999996 2.5000000000000004
decision_type=2 9 8 8 10 10 8 9 9 2 8 10 2 8
left_child=2 -2 -1 4 13 6 8 -8 -5 12 -11 -12 -9 -4
right_child=1 -3 3 5 -6 -7 7 9 -10 10 11 -13 -14 -15
leaf_value=0.019599304833529767 0.015146282632200381 -0.013688562821194839 0.018473326396834164 0.012812348260103933 0.029107865342836298 -0.017696425208777004 -0.0011664160681016526 -0.032210816180244385 -0.016822913896880301 0.014570069921821832 -0.0011318150431704787 -0.081557432911958327 0.019047612701360857 -0.035321986385194411
leaf_weight=241.36141409724951 106.17740689963102 884.54155405983329 27.15904837846756 125.71082413941622 71.657283574342728 254.77893088012934 1468.9411203451455 29.300888955593109 342.90353593230247 626.76519303023815 871.90813142806292 13.355078071355818 760.07816311717033 226.30826409161091
leaf_count=1278 776 8803 143 756 390 1336 7093 162 2177 3143 4085 61 3903 1445
internal_value=-0.00017743 -0.0105714 0.00185925 0.000966824 -0.0165394 0.0022368 0.00343876 0.00498027 -0.00894798 0.00886892 0.00461845 -0.00243577 0.0171066 -0.0295079
internal_weight=6050.95 990.719 5060.23 4818.87 325.125 4493.74 4238.96 3770.35 468.614 2301.41 1512.03 885.263 789.379 253.467
internal_count=35551 9579 25972 24694 1978 22716 21380 18447 2933 11354 7289 4146 4065 1588
cat_boundaries=0 2 4 6
cat_threshold=541175808 16 1762241555 19 3263171924 21
is_linear=0
shrinkage=0.05


Tree=65
num_leaves=15
num_cat=2
split_feature=7 20 21 1 51 28 8 29 6 29 25 27 8 4
split_gain=52.3946 38.3884 29.1812 26.56 23.897 27.1937 25.3759 39.2486 28.9453 33.245 52.4641 26.0527 24.3229 22.9125
threshold=8.5000000000000018 -2.2949999999999977 0.96366140350522478 2.5401115401115404 1.0000000180025095e-35 0.37746379221177923 21.500000000000004 0 17.500000000000004 1 0.36362668058428566 0.37793025536851749 94.500000000000014 -1.2403071409854001
decision_type=2 10 8 8 2 10 8 9 10 9 8 8 8 8
left_child=3 2 -2 -1 5 6 8 -8 9 10 -4 13 -6 -12
right_child=1 -3 4 -5 12 -7 7 -9 -10 -11 11 -13 -14 -15
leaf_value=0.0071735566730592743 -0.024462499137475224 -0.020748069837584111 -0.021494198349906964 -0.0041332228011509639 0.036266506602443647 -0.0092267858340527153 -0.021395016174624554 0.004339563304545567 -0.0033137817164270371 0.0051413228957917292 -0.021853409846713242 0.093086688691439698 -0.037570248667566336 0.044789378957226268
leaf_weight=2425.9016459211707 142.63918015360832 325.06886871531606 34.149173684418201 660.09251433610916 70.587338730692863 872.89859339594841 237.51716431975365 363.05656385421753 387.40148191526532 355.55261258780956 14.143805772066115 24.676524803042412 12.370429188013075 101.55551639944315
leaf_count=11611 1447 2918 213 3309 405 5565 1559 2193 3816 1844 76 117 85 459
internal_value=0.00020393 -0.00456997 -0.00255291 0.00475449 -0.00128028 -0.00220008 0.00184378 -0.00614021 0.00707102 0.0146526 0.031786 0.0470561 0.0249398 0.0365251
internal_weight=6027.61 2941.62 2616.55 3085.99 2473.91 2390.95 1518.05 600.574 917.479 530.078 174.525 140.376 82.9578 115.699
internal_count=35617 20697 17779 14920 16332 15842 10277 3752 6525 2709 865 652 490 535
cat_boundaries=0 1 2
cat_threshold=2461700 2392066
is_linear=0
shrinkage=0.05


Tree=66
num_leaves=15
num_cat=2
split_feature=7 30 0 5 25 27 27 23 1 28 8 7 30 3
split_gain=54.1362 45.6148 34.181 31.3763 29.0254 28.2254 37.9184 37.2428 30.8371 36.0329 27.5654 25.6174 25.5093 25.0898
threshold=5.5000000000000009 0 98.145000000000024 0.83580911680911696 0.36362668058428566 0.49949542644315365 0.49695634155396701 7.031458333333334 0.71466973886328733 0.67418589845342769 -2.4999999999999996 2.5000000000000004 1 0.67615853064249476
decision_type=2 9 8 10 10 8 10 10 10 10 10 2 9 10
left_child=1 2 -1 4 5 6 7 -2 -7 -10 -5 13 -6 -4
right_child=3 -3 11 10 12 8 -8 -9 9 -11 -12 -13 -14 -15
leaf_value=0.007716514145589346 -0.0090530447327258935 0.014478928651867076 -0.0054000434883070087 0.051231051670721561 0.011253684257363675 -0.026331355689855132 -0.078013961573263665 -0.047000351166327836 0.01598447985599263 -0.053620915203580144 -0.030985896656743946 0.003625999188808203 -0.0020733048546559734 -0.033434335862529745
leaf_weight=627.69893276691437 447.42092952132225 954.71255973726511 172.53569435328245 10.065185055136679 409.44688400626183 75.385236840695143 23.739894069731236 74.752417419105768 219.44103728979826 19.331140510737896 145.79684320837259 222.67339384555817 2448.5980229228735 148.2533243149519
leaf_count=2987 3032 4973 907 55 2319 706 133 722 1085 108 1202 1051 15375 826
internal_value=4.00014e-05 0.00644965 -0.000224066 -0.0034781 -0.00255324 -0.0106006 -0.0174617 -0.0145649 0.00133944 0.0101491 -0.0253838 -0.00939688 -0.000128686 -0.0184198
internal_weight=5999.85 2125.87 1171.16 3873.98 3718.12 860.071 545.913 522.173 314.157 238.772 155.862 543.462 2858.04 320.789
internal_count=35481 10744 5771 24737 23480 5786 3887 3754 1899 1193 1257 2784 17694 1733
cat_boundaries=0 2 4
cat_threshold=2175386386 55 2182193664 20
is_linear=0
shrinkage=0.05


Tree=67
num_leaves=15
num_cat=6
split_feature=7 8 29 8 30 29 8 29 26 27 1 30 15 30
split_gain=47.2849 34.1029 51.2759 45.4558 37.6397 33.3769 31.4359 39.9431 27.6578 26.6735 28.0975 24.1298 23.9415 23.9037
threshold=34.500000000000007 1.5000000000000002 0 -2.4999999999999996 1 2 10.500000000000002 3 3898.5000000000005 0.63152845516113343 0.68473364669016856 4 8.3959267026850579 5
decision_type=2 8 9 10 9 9 8 9 2 10 10 9 10 9
left_child=1 2 -1 -4 -5 -2 12 -8 11 10 -6 -9 13 -3
right_child=5 6 3 4 9 -7 7 8 -10 -11 -12 -13 -14 -15
leaf_value=0.010556696209040463 0.0050870325359760969 0.001095255899979522 0.027060862576528278 -0.028055728266097542 -0.018741128624603389 -0.026230965745242387 -0.023283188251536732 -0.0035466107582103807 0.024599714478990412 0.059364299729678383 -2.5976595906937924e-05 0.0054760551104760585 -0.0049872780345650717 0.023466057873801884
leaf_weight=383.59504495561123 123.75741075351834 178.17914696782827 75.12540740519762 290.91861985251307 361.12629626318812 268.02982904389501 145.54435887187719 1290.8281467147171 135.73109363019466 13.808340258896349 449.47813935950398 1712.671728361398 151.72093374282122 419.58051520586014
leaf_count=2561 1115 897 384 2168 3271 3159 774 6505 706 84 2243 8794 772 2143
internal_value=-0.000117942 0.00105644 -0.00518343 -0.0102624 -0.0128903 -0.0168888 0.00349175 0.00138188 0.00259835 -0.00708544 -0.00837644 0.00160487 0.0127246 0.017221
internal_weight=6000.1 5608.31 1574.05 1190.46 1115.33 391.787 4034.26 3284.78 3139.23 824.413 810.604 3003.5 749.481 597.76
internal_count=35576 31302 10711 8150 7766 4274 20591 16779 16005 5598 5514 15299 3812 3040
cat_boundaries=0 1 3 4 5 7 9
cat_threshold=3936389 36126810 26 12288 2162880 3913846546 14 537833756 18
is_linear=0
shrinkage=0.05


Tree=68
num_leaves=15
num_cat=4
split_feature=7 29 25 7 30 30 3 7 30 24 24 18 28 24
split_gain=54.4257 36.6238 50.3307 45.3816 40.4172 35.5014 34.4698 33.9961 28.706 36.2159 37.8483 35.8687 27.9337 50.0466
threshold=5.5000000000000009 0 0.1229850686024337 45.500000000000007 1 2 0.99817772089917656 2.5000000000000004 3 0.63504301111302186 0.59377268762213598 -1.9999999999999996 0.39299388449336853 0.38533604372641844
decision_type=2 9 8 2 9 9 8 2 9 8 10 10 10 10
left_child=7 4 -3 5 -2 -4 12 8 -1 10 11 -10 -7 -14
right_child=1 2 3 -5 -6 6 -8 -9 9 -11 -12 -13 13 -15
leaf_value=-0.010925144214639146 0.01742285505932006 -0.025526811412051077 -0.011896765038909234 -0.037129860976143986 -0.0021138631058407686 0.0098423419754102778 -0.023483491838934178 0.01225892702323453 -0.0039556806399255852 0.048712861655398031 -0.057482320951331968 0.022930118695716591 -0.03964762555131271 0.0023075950590057941
leaf_weight=383.47909463942051 351.3553796261549 322.5669722110033 703.61734346672893 100.10395151004195 979.13749366626143 811.05729772150517 121.97956978902221 1142.3394555151463 345.2539707608521 45.778509080410004 23.803409293293953 192.42132482677698 86.256046794354916 382.8870313949883
leaf_count=2004 1954 2526 4480 1401 5923 4892 790 5768 1745 232 123 964 470 2314
internal_value=-2.32338e-05 -0.00356586 -0.00708193 -0.00440649 0.00314594 -0.00283403 0.00179094 0.00638442 -0.00039454 0.00633791 0.00291521 0.00569082 0.00422955 -0.00547416
internal_weight=5992.04 3858.96 2528.47 2205.9 1330.49 2105.8 1402.18 2133.08 990.736 607.257 561.479 537.675 1280.2 469.143
internal_count=35586 24750 16873 14347 7877 12946 8466 10836 5068 3064 2832 2709 7676 2784
cat_boundaries=0 1 3 5 7
cat_threshold=275763 3326284628 56 1097735004 10 2709904387 50
is_linear=0
shrinkage=0.05


Tree=69
num_leaves=15
num_cat=2
split_feature=22 28 23 0 7 15 7 30 3 0 24 26 34 20
split_gain=41.8279 46.8718 43.1105 33.4933 38.8656 41.5159 40.9116 41.5572 31.1762 28.9432 28.2257 28.0829 27.5659 25.6986
threshold=1.0000000180025095e-35 0.3536406687908818 0.76875000000000038 97.00500000000001 5.5000000000000009 10.133898071843081 -6.4999999999999991 0 0.19320772857237831 82.00500000000001 0.12524506266387628 95.500000000000014 1 -42.994999999999997
decision_type=10 10 10 10 2 8 2 9 8 10 10 2 1 8
left_child=2 -2 3 4 6 9 12 -8 -3 10 -6 -10 -1 -7
right_child=1 8 -4 -5 5 13 7 -9 11 -11 -12 -13 -14 -15
leaf_value=-0.052835884464974142 -0.026005016954771726 -0.025751769027438271 0.045102400456541139 -0.014235429891064778 -0.017797690647773399 0.018915733058613663 0.0028508983335993302 0.020290098957907704 -0.018264425618536164 -0.018244269056355775 0.0054915783936084102 0.019778073799564987 -0.0039427918197014805 -0.011664453040534276
leaf_weight=36.634066611528397 313.22271292284131 81.024868212640285 54.597336411476135 343.30867069959641 137.87294406071305 73.125453785061836 731.77783243358135 651.6210225597024 64.971999909728765 155.23326982557774 2065.6466734781861 183.23634118586779 124.01329506188631 956.21316035091877
leaf_count=209 2525 775 349 1787 1098 425 3483 3416 344 736 11807 935 680 7041
internal_value=-0.000149614 -0.0121916 0.00130388 0.000842131 0.0018943 -0.00110238 0.00846635 0.0112411 0.00098904 0.00255415 0.00402697 0.00978659 -0.0153503 -0.00947575
internal_weight=5972.5 642.456 5330.04 5275.45 4932.14 3388.09 1544.05 1383.4 329.233 2358.75 2203.52 248.208 160.647 1029.34
internal_count=35610 4579 31031 30682 28895 21107 7788 6899 2054 13641 12905 1279 889 7466
cat_boundaries=0 2 3
cat_threshold=1637481474 7 2
is_linear=0
shrinkage=0.05


Tree=70
num_leaves=15
num_cat=3
split_feature=8 6 25 30 25 3 26 26 19 30 0 22 24 29
split_gain=37.066 53.6339 30.971 43.2558 32.8803 32.3067 29.8292 40.465 30.8432 31.7501 29.2406 32.3747 38.9974 53.6423
threshold=-2.4999999999999996 21.500000000000004 0.71198456734322313 0 1.81959071652031 0.32119499319947759 3898.5000000000005 4289.5000000000009 42.500000000000007 1 97.00500000000001 -2.878333333333333 0.51473526368323219 2
decision_type=8 10 10 9 10 10 2 2 8 9 10 10 10 9
left_child=-1 6 -3 -4 5 -5 8 -8 9 -2 11 -10 13 -13
right_child=1 2 3 4 -6 -7 7 -9 10 -11 -12 12 -14 -15
leaf_value=0.029171507117449876 0.010695479612538762 -0.036644881921394791 -0.028697866451520112 0.049631076172463436 -0.0098653508467879524 -0.029253076621865732 0.040889572772037343 -0.0027063229263915942 0.0040504831058158115 -0.019165289688611663 -0.012612799863486216 0.0027888529989080991 0.02039796255439465 -0.03069096557842025
leaf_weight=105.73578303307295 112.47496351599693 138.96908733993769 132.40184038504958 60.194379754364491 104.89225348830223 15.754383426159619 105.81717243418097 105.85956115275621 3817.2393722645938 355.39370854943991 349.52348806709051 235.20034881308675 94.634647682309151 236.71579239144921
leaf_count=555 718 2056 1715 709 998 181 598 585 19792 2383 1793 1273 530 1758
internal_value=-2.88045e-05 -0.000560112 -0.0170828 -0.00831511 0.00783128 0.0331003 0.000823157 0.019177 7.26513e-05 -0.0121599 0.00128411 0.00239474 -0.00874859 -0.0146242
internal_weight=5970.81 5865.07 452.212 313.243 180.841 75.9488 5412.86 211.677 5201.18 467.869 4733.31 4383.79 566.551 471.916
internal_count=35644 35089 5659 3603 1888 890 29430 1183 28247 3101 25146 23353 3561 3031
cat_boundaries=0 2 4 5
cat_threshold=1082920008 47 3263171664 17 274468
is_linear=0
shrinkage=0.05


Tree=71
num_leaves=15
num_cat=2
split_feature=8 30 19 8 20 6 11 26 30 27 27 24 3 22
split_gain=32.6137 36.428 29.6214 27.831 29.9766 28.1903 35.6453 27.2304 32.7696 26.7354 26.7013 32.3768 25.6334 24.9994
threshold=1.5000000000000002 0 84.725000000000009 -2.4999999999999996 27.885000000000009 20.500000000000004 7.5396171330277904 55.500000000000007 1 0.62451173347421907 0.62451173347421907 0.58218209326987924 0.4545662485097412 -0.63249999999999973
decision_type=10 9 10 8 10 10 2 2 9 10 10 10 8 8
left_child=1 -1 13 -3 5 6 12 -4 9 -9 11 -10 -5 -2
right_child=2 3 7 4 -6 -7 -8 8 10 -11 -12 -13 -14 -15
leaf_value=0.0094389467358952008 0.029997014170562386 0.01848755138498398 -0.013451293047853495 -0.0014574484447384033 -0.043160631420802238 -0.020993861976709646 0.020817477934446205 -0.0057350867845513001 0.0076014552243227011 -0.053869205682660432 0.04511895383411748 -0.051644075745186806 -0.017339930380788054 0.0051448420370808299
leaf_weight=344.23271537944674 105.25858487188816 90.991179011762142 421.09330352395773 650.17169404029846 63.705171845853329 343.31654419004917 121.46710136905313 468.36720570549369 668.09218529239297 29.774711690843105 44.521782457828522 22.892740517854691 416.18503560498357 2149.3843353129923
leaf_count=2408 591 477 2101 4203 476 4504 720 2409 3450 137 205 117 2320 11448
internal_value=-7.93846e-05 -0.00521946 0.00259041 -0.0082236 -0.00980972 -0.00839485 -0.00473876 -0.00248911 0.00126059 -0.00854314 0.00791158 0.00556682 -0.00766661 0.00631786
internal_weight=5939.45 2030.07 3909.38 1685.84 1594.85 1531.14 1187.82 1654.74 1233.65 498.142 735.507 690.985 1066.36 2254.64
internal_count=35566 15108 20458 12700 12223 11747 7243 8419 6318 2546 3772 3567 6523 12039
cat_boundaries=0 2 4
cat_threshold=2688590101 38 3767739654 23
is_linear=0
shrinkage=0.05


Tree=72
num_leaves=15
num_cat=4
split_feature=7 11 30 15 3 27 3 30 6 27 30 29 31 28
split_gain=43.3101 29.4693 33.3096 28.751 38.299 24.8781 24.3638 29.6901 23.2773 25.145 34.6329 23.975 27.6746 23.7887
threshold=15.500000000000002 6.6532951685490085 0 0.002934550638823558 0.48838832284069961 0.52994706056958696 0.22275885970391338 1 2.5000000000000004 0.51597235099644301 2 3 1.5000000000000002 0.21267936407349713
decision_type=2 2 9 8 8 10 10 9 10 10 9 9 2 10
left_child=3 6 -3 -1 -5 -4 7 -2 9 11 -11 12 13 -6
right_child=1 2 5 4 8 -7 -8 -9 -10 10 -12 -13 -14 -15
leaf_value=-0.0064769833392069841 -0.023771294491951818 -0.013336419690791435 0.0037485722432954931 0.011005406987948572 0.034276454328194178 0.041731647028063167 -0.025583278704318931 0.0026066146209188022 -0.011864246896490425 -0.026691424031855801 0.0016920122294697062 0.0091503987643421665 -0.021070740918555514 -0.0043045181810488194
leaf_weight=761.08008639141917 157.24938724935055 309.54135951772332 449.9367520660162 1316.6057748124003 55.453315056860447 46.713181689381599 297.84015423431993 291.72773188725114 334.29072462022305 147.26569408178329 337.81984904408455 1124.8708751313388 160.87610962241888 136.09216265380383
leaf_count=3889 1793 2764 3608 6615 270 314 2423 2842 1680 704 1607 5580 738 646
internal_value=-0.000197128 -0.00736745 -0.000735087 0.00234962 0.00421009 0.00725208 -0.0145165 -0.00713461 0.000311457 0.00239057 -0.00747632 0.00563334 -0.00568471 0.00698486
internal_weight=5927.36 1553.01 806.191 4374.35 3613.27 496.65 746.817 448.977 2296.67 1962.38 485.086 1477.29 352.422 191.545
internal_count=35473 13744 6686 21729 17840 3922 7058 4635 11225 9545 2311 7234 1654 916
cat_boundaries=0 2 4 6 7
cat_threshold=42534978 9 3246671198 28 32524302 6 2180338
is_linear=0
shrinkage=0.05


Tree=73
num_leaves=15
num_cat=5
split_feature=7 11 30 29 30 28 28 14 26 28 24 8 29 29
split_gain=31.7338 40.8982 36.0245 32.0381 36.5511 36.7963 39.5436 43.3113 32.2841 28.2863 32.1688 26.2549 26.5662 26.028
threshold=5.5000000000000009 7.0911679028157772 0 1 2 0.39299388449336853 0.43494283368946057 5.0733333333333333 57.500000000000007 0.39035357144939759 0.38161748715994004 -2.4999999999999996 3 4
decision_type=2 2 9 9 9 10 10 8 2 10 10 8 9 9
left_child=3 2 11 4 5 -1 7 -7 -8 13 -11 -2 -13 -4
right_child=1 -3 9 -5 -6 6 8 -9 -10 10 -12 12 -14 -15
leaf_value=0.013257971665540703 0.043149280227321812 0.0048164682271507149 0.013523476902352997 -0.0061700241618544765 0.016187228211557877 -0.044849030812017299 -0.017236083015891083 -0.0036361380823662325 0.021833951064830649 -0.028737352839166272 -0.0031466329644440332 0.010698023615921481 -0.017731055137406554 -0.0027133120040575467
leaf_weight=355.64786489680409 18.74526834487915 1217.7411220259964 377.10031761601567 494.87835724651814 760.4785381667316 109.78969719260931 82.872684054076672 150.6010202690959 142.32490345835686 169.59717053920031 439.41137826070189 86.926169119775295 861.21990850940347 673.19336854666471
leaf_count=1774 100 7737 2238 2449 4132 611 393 737 671 1002 2629 487 6123 4532
internal_value=-5.60672e-05 -0.0027548 -0.00626602 0.0048908 0.00829669 0.00104676 -0.00788416 -0.021118 0.00744355 -0.00173399 -0.0103086 -0.0138725 -0.0151902 0.00322653
internal_weight=5940.53 3843.93 2626.19 2096.59 1601.71 841.236 485.588 260.391 225.198 1659.3 609.009 966.891 948.146 1050.29
internal_count=35615 24848 17111 10767 8318 4186 2412 1348 1064 10401 3631 6710 6610 6770
cat_boundaries=0 2 3 5 6 7
cat_threshold=1097731420 11 2920613 2701769222 27 270626 295938
is_linear=0
shrinkage=0.05


Tree=74
num_leaves=15
num_cat=5
split_feature=7 28 29 24 30 22 15 30 30 26 11 34 7 0
split_gain=35.5816 29.8111 47.0101 42.8208 31.9749 30.6667 39.8387 41.2543 34.1143 38.3345 26.551 24.7534 27.2726 30.0967
threshold=40.500000000000007 0.19132350259105949 0 0.084446164710343177 1 -1.1749999999999998 1.0000000180025095e-35 2 3 369.00000000000006 6.6955511785271495 4 6.5000000000000009 91.75500000000001
decision_type=2 10 9 10 9 8 10 9 9 2 2 1 2 8
left_child=1 2 -1 -3 -4 -5 7 10 9 -8 -7 -10 13 -13
right_child=-2 3 4 5 -6 6 8 -9 11 -11 -12 12 -14 -15
leaf_value=0.058341069906243131 -0.018761525163709995 -0.034620684818610539 0.018691829077252722 0.017055721891527022 -0.0054530935787119421 -0.022563170560252924 0.0040728531121835927 0.0014918918445382253 -0.02368616937942291 -0.025913207338667057 -0.0034037934009423713 0.023941008215531124 0.0013875286639842288 0.0056744657597532664
leaf_weight=38.756413213908672 239.39546926692128 88.477747317403555 271.83054964989424 257.27030000090599 261.82441933825612 488.6631565913558 213.07734561339021 689.18425839021802 75.48840931430459 211.78861423954368 287.34026916697621 333.7186214029789 1771.7516946941614 693.8976546227932
leaf_count=187 3042 696 1717 1472 1638 3030 1082 4583 404 1119 1742 1674 9572 3622
internal_value=8.03772e-05 0.000877241 0.0116875 -0.000335591 0.00697484 0.000275195 -0.00063422 -0.00749236 0.00241237 -0.0106504 -0.0152856 0.00436775 0.00514804 0.011624
internal_weight=5922.46 5683.07 572.411 5110.66 533.655 5022.18 4764.91 1465.19 3299.72 424.866 776.003 2874.86 2799.37 1027.62
internal_count=35580 32538 3542 28996 3355 28300 26828 9355 17473 2201 4772 15272 14868 5296
cat_boundaries=0 1 3 5 7 8
cat_threshold=2622738 1118101842 22 3234645014 53 539171074 6 1
is_linear=0
shrinkage=0.05


Tree=75
num_leaves=15
num_cat=2
split_feature=15 29 24 30 5 26 28 26 6 0 55 2 27 6
split_gain=30.9501 24.0148 26.1895 26.1677 22.6472 22.444 23.4468 29.5092 21.9036 21.0876 19.3824 17.48 17.4081 17.156
threshold=0.079157080204033808 0 0.33651271933315202 1 0.9371408045977011 349.50000000000006 0.059856735518329131 138.50000000000003 -23.499999999999996 14.005000000000001 28.500000000000004 56.006957807013116 0.13600732354106651 46.500000000000007
decision_type=10 9 8 9 10 2 10 2 8 8 8 2 8 10
left_child=1 2 5 12 -2 6 7 -1 -4 11 -11 -5 -3 -8
right_child=4 3 8 9 -6 -7 13 -9 -10 10 -12 -13 -14 -15
leaf_value=0.056759619999145562 0.0033399704493300183 -0.038503671030004259 -0.037499079854735509 -0.030963972624804749 -0.022103416739068137 0.087537534737749861 0.009366818941192125 -0.031693884156081278 0.00069719427188291738 0.033109422536601006 -0.0090980799263186904 0.022224390188489294 0.0078615849409239737 -0.036243193163720176
leaf_weight=47.753153119236231 3583.8574809841812 20.604311656206846 48.130441218614578 169.3752472884953 88.65798494964838 9.3248392529785615 189.7555926181376 10.999802879989145 158.85456304997206 26.872817538678646 1193.2360744029284 16.27977742254734 323.56389122828841 22.127828299999237
leaf_count=300 19821 203 241 1457 693 76 1369 104 1138 146 7488 111 2019 421
internal_value=-0.000103919 -0.00473921 0.00503739 -0.00744726 0.00271989 0.0150884 0.0122791 0.039946 -0.00832222 -0.0104702 -0.00814211 -0.0262059 0.00484205 0.00445571
internal_weight=5909.39 2236.88 486.946 1749.93 3672.52 279.961 270.636 58.753 206.985 1405.76 1220.11 185.655 344.168 211.883
internal_count=35587 15073 3649 11424 20514 2270 2194 404 1379 9202 7634 1568 2222 1790
cat_boundaries=0 1 3
cat_threshold=3151142 570669577 2
is_linear=0
shrinkage=0.05


Tree=76
num_leaves=15
num_cat=4
split_feature=8 5 15 25 29 30 30 3 29 28 26 56 7 7
split_gain=38.3318 36.1776 33.3182 28.0514 26.8532 39.4362 27.0825 26.7068 24.8662 23.6019 37.7315 28.4926 24.833 22.9527
threshold=-2.4999999999999996 0.83580911680911696 0.079157080204033808 0.35395153295817106 0 1 2 0.034729108927028803 3 0.43494283368946057 1003.5000000000001 1.5000000000000002 4.5000000000000009 9.5000000000000018
decision_type=8 10 10 10 9 9 9 10 9 8 2 2 2 2
left_child=-1 2 3 8 5 -4 -6 -7 -2 10 -10 -11 -12 -8
right_child=1 -3 4 -5 6 7 13 -9 9 11 12 -13 -14 -15
leaf_value=0.028625008536725956 0.01807753020020083 -0.020965881549790136 -0.016935313827711993 -0.001869073878067245 -0.015325809054022983 0.075344301245496625 0.010473061677464148 0.0027782450688326205 -0.041089494628355927 -0.017695158512472699 0.02994162313826286 0.017557858398059092 -0.022723875924173357 0.0008713970494915595
leaf_weight=107.78517613559961 47.029070768505335 224.51279383152723 381.97641813755035 1516.2779448740184 146.34909308701754 12.074145734310148 1384.0071701928973 423.96577376872301 184.26641949638724 194.82702884078026 36.135268777608871 80.121918085962534 55.350776888430119 1130.7833564504981
leaf_count=557 415 1603 2391 9946 775 112 6828 2503 1528 1332 170 412 469 6628
internal_value=-0.000781651 -0.0013313 -0.000539549 -0.0054888 0.00246843 -0.0054154 0.00489495 0.00484458 -0.0146526 -0.0174861 -0.0281158 -0.0073958 -0.00182317 0.00613333
internal_weight=5925.46 5817.68 5593.16 2114.01 3479.16 818.016 2661.14 436.04 597.73 550.701 275.752 274.949 91.486 2514.79
internal_count=35669 35112 33509 14272 19237 5006 14231 2615 4326 3911 2167 1744 639 13456
cat_boundaries=0 1 3 5 6
cat_threshold=2637990 1652819024 56 537004288 2 1049764
is_linear=0
shrinkage=0.05


Tree=77
num_leaves=15
num_cat=5
split_feature=7 11 30 28 23 25 30 28 30 30 27 28 30 7
split_gain=28.8317 31.7685 29.3235 29.2844 41.4657 42.1851 52.2791 39.266 53.8301 38.2393 41.5634 48.0298 29.9057 27.7897
threshold=34.500000000000007 6.9217715674756519 0 0.39484035224186947 7.402916666666667 0.65184336490502004 1 0.4219370875079384 2 3 0.59546031780827269 0.48412028320596762 4 20.500000000000004
decision_type=2 2 9 10 10 8 9 10 9 9 10 10 9 2
left_child=1 3 -2 4 5 6 -1 8 -5 -9 11 -11 -7 -8
right_child=2 -3 -4 7 -6 12 13 9 -10 10 -12 -13 -14 -15
leaf_value=-0.0024673929524763605 -0.026114858752920952 0.0069927468966141347 0.0018190381218711597 0.0043702351485503674 -0.028597934307629844 -0.019155882398124224 0.025646107601194509 0.011564668371427902 -0.027586315264324198 0.0039710040816308993 0.013080840244878565 -0.028089138576309326 0.0013238736289966071 -0.012159848568638035
leaf_weight=384.01549460366368 190.93439666554332 1640.2799930050969 180.89668634161353 201.7758318670094 102.22996659949422 204.14179738238454 494.49710039421916 390.76141404733062 377.00771189108491 192.15121361240745 171.20867859572172 296.10612814873457 1036.8864797726274 53.30856329575181
leaf_count=2084 2498 9032 1750 1177 884 1205 2577 2090 2151 1118 917 1691 5897 624
internal_value=0.000251071 0.00115593 -0.0132082 -0.00129754 0.00236653 0.00383585 0.0118699 -0.00641309 -0.0168577 -0.000646463 -0.00794346 -0.0154897 -0.00220121 0.0215588
internal_weight=5916.2 5544.37 371.831 3904.09 2275.08 2172.85 931.821 1629.01 578.784 1050.23 659.466 488.257 1241.03 547.806
internal_count=35695 31447 4248 22415 13271 12387 5285 9144 3328 5816 3726 2809 7102 3201
cat_boundaries=0 2 4 6 7 8
cat_threshold=42779720 47 1642792202 23 3812756554 36 2721791576 1077030224
is_linear=0
shrinkage=0.05


Tree=78
num_leaves=15
num_cat=3
split_feature=7 28 28 15 24 29 7 3 30 26 7 27 30 4
split_gain=34.0597 26.447 38.978 29.7282 28.7919 33.5564 28.8549 28.7391 27.4853 25.0556 43.9041 29.3014 24.5871 23.5277
threshold=43.500000000000007 0.52307241608944577 0.49679328627915503 0.14174649856110036 0.32824664002860199 0 11.500000000000002 0.11390825177150175 1 14.500000000000002 5.5000000000000009 0.59546031780827269 2 96.342354294015806
decision_type=2 8 10 10 8 9 2 8 9 2 2 8 9 8
left_child=1 2 3 8 7 9 13 -3 -1 10 -6 -11 -4 -7
right_child=-2 4 12 -5 5 6 -8 -9 -10 11 -12 -13 -14 -15
leaf_value=-0.01085510782117958 -0.020688182122239756 0.080814251791587216 0.0066071930234921222 0.0033971382383486473 0.038046454956834376 0.0073604579082009961 -0.0060932493984161501 0.019660508012648882 0.0019908037924775243 -0.1107611713041083 -0.038126134912635043 -0.022891481517580768 -0.02930661764195246 0.03625464532882821
leaf_weight=881.84906991571188 189.73096532747149 23.429606653749943 65.584996316581964 3115.7656272947788 40.521880306303501 143.48231638222933 139.73304662108421 95.350815217941999 779.90535303577781 10.753552511334417 33.753733858466148 53.908204391598701 169.898790769279 138.64715921133757
leaf_count=5773 2569 141 324 16961 250 693 1052 509 5125 49 180 292 938 698
internal_value=9.56226e-05 0.000791848 -0.000463676 0.000517032 0.0100404 0.00527725 0.012172 0.0322972 -0.00488192 -0.0153666 0.00338403 -0.0389689 -0.0202784 0.0216379
internal_weight=5882.32 5692.58 5013 4777.52 679.58 560.8 421.863 118.78 1661.75 138.937 74.2756 64.6618 235.484 282.129
internal_count=35554 32985 29121 27859 3864 3214 2443 650 10898 771 430 341 1262 1391
cat_boundaries=0 1 3 5
cat_threshold=2642048 1085031950 57 2727705860 16
is_linear=0
shrinkage=0.05


Tree=79
num_leaves=15
num_cat=2
split_feature=8 29 19 8 1 24 7 24 26 24 27 29 5 25
split_gain=27.4599 47.783 34.4189 30.967 28.0815 27.2147 28.5549 26.496 26.3185 24.1459 23.7124 26.5904 22.9109 21.6475
threshold=1.5000000000000002 0 84.725000000000009 -2.4999999999999996 0.541917670682731 0.14842074852502385 72.500000000000014 0.10776732737722504 55.500000000000007 0.6042274289133458 0.11561839768751929 1 0.9371408045977011 0.67149653657561836
decision_type=10 9 10 8 8 8 2 10 2 10 8 9 10 10
left_child=1 5 9 -3 13 -1 -7 -6 10 -2 -4 -12 -9 -5
right_child=2 3 8 4 7 6 -8 12 -10 -11 11 -13 -14 -15
leaf_value=0.081451039109246323 0.0077034861641833152 0.019801288222469959 0.050681976324839721 -0.037376734116682069 -0.029844348538197868 0.0071765116252714067 0.096286146458162608 -0.0025975819962085734 0.00040352890258958944 -0.011831584529428889 0.0043434899223861985 -0.023983261214277317 -0.040761484370584723 -0.012454338033114114
leaf_weight=12.999546483159063 2083.1166508644819 91.444485932588577 12.709840282797812 141.08257304877043 107.9377392269671 285.56721903011203 8.2948236465454084 1072.5191836543381 1223.43222245574 170.29091095924377 116.76770324259996 287.25677739456296 39.832853607833385 229.5558960698545
leaf_count=69 11197 472 66 2113 797 2052 108 6380 6333 914 555 1480 237 2803
internal_value=-0.000228557 -0.00500636 0.00221309 -0.00830037 -0.00997918 0.0128729 0.0100098 -0.0063082 -0.003296 0.00622262 -0.0141319 -0.0162909 -0.0039996 -0.022016
internal_weight=5882.81 1989.23 3893.57 1682.37 1590.93 306.862 293.862 1220.29 1640.17 2253.41 416.734 404.024 1112.35 370.638
internal_count=35576 15031 20545 12802 12330 2229 2160 7414 8434 12111 2101 2035 6617 4916
cat_boundaries=0 1 2
cat_threshold=3412480 538529
is_linear=0
shrinkage=0.05


Tree=80
num_leaves=15
num_cat=0
split_feature=7 28 28 23 24 24 20 28 7 16 24 5 25 11
split_gain=32.9243 25.206 39.7719 35.8086 33.7162 28.8661 26.7508 24.8409 22.847 22.379 22.2362 22.7138 20.345 18.911
threshold=21.500000000000004 0.52307241608944577 0.49679328627915503 19.280208333333334 0.46129897549630577 0.32824664002860199 -9.5399999999999974 0.50003276056034207 4.5000000000000009 -1.0000000180025095e-35 0.10776732737722504 0.74043151595744694 0.71198456734322313 8.2569041894099033
decision_type=2 8 10 10 10 8 10 10 2 8 10 10 10 2
left_child=1 2 3 6 -5 -3 10 -4 -6 -8 -1 -12 13 -2
right_child=12 5 7 4 8 -7 9 -9 -10 -11 11 -13 -14 -15
leaf_value=-0.017597378083558577 -0.025897762089989521 0.03656834274781573 -0.065752062713671178 -0.056552774092359648 0.046742200454538106 0.0066694015478619365 0.0063667551779106038 -0.013845737586843591 -0.019561766884538933 -0.0082403987141854654 0.0064723414227689574 -0.038325590775727371 -0.0038937437734531499 0.015998361701767692
leaf_weight=102.70803179964423 216.13004244491458 95.287154357880354 25.286257579922676 49.326878871768713 16.719906434416771 504.21283099427819 378.82248006016016 196.45996805652976 47.710379350930452 846.4716346077621 2674.4045841321349 27.616101503372192 654.95467575639486 30.067117318511009
leaf_count=561 2859 465 139 453 75 2680 1903 1014 346 4609 13851 149 6141 245
internal_value=0.000273781 0.00187003 0.000548737 0.00165471 -0.025887 0.0114747 0.00243838 -0.0200334 -0.00190422 -0.00372282 0.00513037 0.00600047 -0.00851329 -0.0207371
internal_weight=5866.18 4965.03 4365.53 4143.78 113.757 599.5 4030.02 221.746 64.4303 1225.29 2804.73 2702.02 901.152 246.197
internal_count=35490 26245 23100 21947 874 3145 21073 1153 421 6512 14561 14000 9245 3104
is_linear=0
shrinkage=0.05


Tree=81
num_leaves=15
num_cat=5
split_feature=7 29 0 30 5 29 27 12 3 7 29 30 3 23
split_gain=30.3793 32.0771 36.0147 32.3614 31.6976 30.9166 32.5914 26.9634 27.1861 30.5448 37.6128 29.0273 28.0291 24.0029
threshold=5.5000000000000009 0 92.745000000000019 1 0.83580911680911696 2 0.83512352775769627 1.5000000000000002 0.41983115409490246 17.500000000000004 3 4 1.0000000180025095e-35 -3.018958333333333
decision_type=2 9 10 9 10 9 8 2 8 2 9 9 10 10
left_child=1 2 3 -1 5 6 -2 8 9 12 -11 -10 -7 -4
right_child=4 -3 13 -5 -6 7 -8 -9 11 10 -12 -13 -14 -15
leaf_value=0.0031665580418444523 -0.044110265068149059 -0.0061303503145106594 -0.0075420868818018051 0.020445001098638643 -0.025525860175911214 -0.029942509673401126 0.02721646331889024 0.0048943314094082513 0.0032019111480042547 -0.020452188698827607 0.0098448266049177315 -0.015363032112199575 0.0090899319924837192 0.028323478637101704
leaf_weight=487.11440813541412 81.024480726569891 491.49895855039358 403.74493658915162 644.71102300658822 143.33613288030028 48.040871057659388 19.178298749029636 1305.7141729779541 295.23642218485475 275.21743991598487 153.7308185249567 730.02937249094248 746.87058862298727 51.738434676080942
leaf_count=2428 488 2442 2074 3625 1251 336 102 8290 1557 3352 1360 4119 3916 257
internal_value=0.00011567 0.00497351 0.00839915 0.0132265 -0.00254358 -0.00163557 -0.0275977 -0.000816292 -0.00413588 0.000896151 -0.00984311 -0.0101376 0.00669633 -0.00341499
internal_weight=5877.19 2078.81 1587.31 1131.83 3798.38 3655.04 100.203 3554.84 2249.13 1223.86 428.948 1025.27 794.911 455.483
internal_count=35597 10826 8384 6053 24771 23520 590 22930 14640 8964 4712 5676 4252 2331
cat_boundaries=0 1 3 4 5 7
cat_threshold=2921125 545888769 31 2686976 1351686 2727417097 48
is_linear=0
shrinkage=0.05


Tree=82
num_leaves=15
num_cat=1
split_feature=7 7 0 29 7 20 25 0 9 32 26 6 1 15
split_gain=32.1728 32.5724 32.2909 32.1966 37.1218 32.2385 28.6833 24.6138 27.345 26.6046 24.4213 31.0367 23.4262 24.5392
threshold=5.5000000000000009 2.5000000000000004 98.655000000000015 0 32.500000000000007 -12.335000000000006 3.206606083757062 89.915000000000006 1.5000000000000002 1.5000000000000002 12.500000000000002 -17.499999999999996 0.19725028058361394 6.5027937331271479
decision_type=2 2 8 9 2 10 10 10 2 10 2 10 8 10
left_child=1 2 -1 12 5 6 -5 -3 9 -9 11 -4 -2 -14
right_child=3 7 10 4 -6 -7 -8 8 -10 -11 -12 -13 13 -15
leaf_value=0.0079074750676789533 -0.024820955110157587 0.015086176308522315 -0.010459541613669894 -0.0043416998562461851 -0.026005187955023198 -0.016400425216665751 0.013206210810551603 0.031610885718472634 0.0084599742687358065 -0.036138759169318739 -0.017891967340915735 0.034450419134485537 0.0079415385229666454 -0.0088236291497847397
leaf_weight=436.83206919580698 71.131386369466782 797.77717534452677 109.36509299278259 1440.545449309051 223.82496349141002 460.00406128540635 276.75064086541533 16.947294287383556 209.1407919973135 77.644788213074207 355.42226003482938 58.088214404881001 1044.421847820282 274.9726407751441
leaf_count=2164 832 4261 562 8952 3024 2980 1580 91 1012 360 1995 312 5994 1401
internal_value=-0.000410227 0.00461628 -0.00211688 -0.00314324 -0.00663233 -0.00466023 -0.00150773 0.0104793 -0.00163097 -0.0237969 -0.0104908 0.00523139 0.00290884 0.0044435
internal_weight=5852.87 2061.22 959.708 3791.65 2401.13 2177.3 1717.3 1101.51 303.733 94.5921 522.876 167.453 1390.53 1319.39
internal_count=35520 10757 5033 24763 16536 13512 10532 5724 1463 451 2869 874 8227 7395
cat_boundaries=0 1
cat_threshold=1324307
is_linear=0
shrinkage=0.05


Tree=83
num_leaves=15
num_cat=6
split_feature=7 55 30 27 30 29 24 32 11 7 3 29 30 30
split_gain=26.2647 26.0563 24.6929 23.3017 43.6691 28.4361 25.2001 22.3784 23.6315 24.7685 30.716 23.9929 28.8333 22.1663
threshold=34.500000000000007 13.500000000000002 0 0.63518719221608422 1 2 0.83886639676113373 2.5000000000000004 7.4779887682695785 10.500000000000002 0.41983115409490246 3 4 5
decision_type=2 8 9 8 9 9 8 8 2 2 10 9 9 9
left_child=1 -1 -2 6 -5 -6 7 -3 9 -9 11 13 -13 -11
right_child=2 3 -4 4 5 -7 -8 8 -10 10 -12 12 -14 -15
leaf_value=0.021601413398305135 -0.028735259744812638 0.018769794059824051 -0.0020397191155862695 -0.021576797659360762 0.031269053940922026 0.00424981451416014 -0.074903643004676598 -0.00023680556710971193 0.0062504840799310624 0.024018957819238962 -0.018703096185567435 -0.024341283471079816 -0.00095346472872630489 -0.0016294480837014003
leaf_weight=139.58728136867285 143.11542718112469 137.03870895132422 215.8197405859828 81.458047941327095 179.98285296186805 224.53019926697016 10.585820794105528 2497.3198702372611 786.46501640975475 112.32699965685606 484.97064916417003 202.3782748952508 359.33984161168337 268.2376383729279
leaf_count=790 2103 735 2158 473 927 1230 48 12418 4304 816 2861 1972 2877 1839
internal_value=-0.000505097 0.000353555 -0.0135891 -0.000205318 0.0102221 0.0167812 -0.00125017 -0.00107394 -0.00165503 -0.00324044 -0.00849218 -0.0032226 -0.00968541 0.00640299
internal_weight=5843.16 5484.22 358.935 5344.63 485.971 404.513 4858.66 4848.08 4711.04 3924.57 1427.25 942.283 561.718 380.565
internal_count=35551 31290 4261 30500 2630 2157 27870 27822 27087 22783 10365 7504 4849 2655
cat_boundaries=0 2 4 5 6 8 10
cat_threshold=46941256 11 2169610250 6 2130178 1332230 30297371 28 9994250 38
is_linear=0
shrinkage=0.05


Tree=84
num_leaves=15
num_cat=1
split_feature=22 25 20 21 24 22 23 0 28 51 26 24 29 6
split_gain=24.184 34.3556 21.3645 21.4459 51.9754 23.5281 19.9455 18.8941 23.6123 21.1592 19.1866 34.0577 54.5866 35.6388
threshold=-7.8366666666666651 0.55905184980657607 27.010000000000002 0.99578700303606482 0.51473526368323219 1.0000000180025095e-35 -3.1697916666666663 98.00500000000001 0.21162147300648318 1.0000000180025095e-35 64.500000000000014 0.33651271933315202 0 16.500000000000004
decision_type=8 8 10 8 10 10 8 10 8 2 2 8 9 8
left_child=1 6 3 4 5 -2 -1 9 -9 10 11 12 13 -5
right_child=2 -3 -4 7 -6 -7 -8 8 -10 -11 -12 -13 -14 -15
leaf_value=-0.017817375887888381 0.00035833712682031398 0.038294153390570608 -0.01956202929600126 0.033593108887860539 0.025143279590155915 -0.027968635101632378 0.052722899464461973 0.056126483229232284 -0.01764384189647554 0.019770661242121575 0.0037115628059659991 -0.0086809821436536708 -0.0024178441160426778 -0.015477330954008299
leaf_weight=63.672887329012156 104.94118909165263 94.035498276352882 146.86112413555384 202.33619660511613 79.667609147727489 241.95662539452314 10.871915176510809 10.486259303987024 205.88318290933967 148.32233221456409 2463.4974069166929 1154.1726711653173 874.52692925184965 44.610763892531395
leaf_count=352 764 589 939 994 521 2102 59 68 1128 818 14465 6854 5593 386
internal_value=-0.00024954 0.0183566 -0.000805167 -0.000303627 -0.0110602 -0.019423 -0.00696778 0.000597369 -0.0138268 0.00123863 0.000654579 -0.00265493 0.00354903 0.0237443
internal_weight=5845.84 168.58 5677.26 5530.4 426.565 346.898 74.5448 5103.84 216.369 4887.47 4739.14 2275.65 1121.47 246.947
internal_count=35632 1000 34632 33693 3387 2866 411 30306 1196 29110 28292 13827 6973 1380
cat_boundaries=0 1
cat_threshold=2392208
is_linear=0
shrinkage=0.05


Tree=85
num_leaves=15
num_cat=3
split_feature=3 30 5 26 26 8 1 11 7 3 30 7 30 25
split_gain=26.4846 34.4402 23.8961 22.3218 18.1634 17.4922 19.9215 17.5617 24.9523 26.2721 37.8302 31.265 29.744 26.9133
threshold=1.0000000180025095e-35 0 0.9371408045977011 3898.5000000000005 4699.5000000000009 -2.4999999999999996 0.22767145135566189 7.1359500432621825 20.500000000000004 0.46489981948133713 1 5.5000000000000009 2 0.079355431104151858
decision_type=8 9 10 2 2 8 8 2 2 8 9 2 9 10
left_child=1 -1 3 5 -5 -2 -7 8 9 10 13 -11 -13 -8
right_child=2 -3 -4 4 -6 6 7 -9 -10 11 -12 12 -14 -15
leaf_value=0.014905235369833415 0.02269969663142974 -0.030084549329330235 -0.021385951544253119 0.027210502142151705 -0.0081628161170332544 -0.021924247139890805 -0.033027806297763383 0.0055840713223526258 -0.013297360168158981 0.0021522171045427431 0.01102896806996076 0.0057724552861799748 -0.015089241523207512 -0.00066767884087654656
leaf_weight=54.738207835704088 87.262321457266808 137.77861011400819 118.39623026363552 139.60308347269893 48.389670576900244 98.335303541272879 81.488647788763046 1348.0127423889935 374.19507080875337 1194.7438600733876 950.55875031650066 222.99990940839052 694.01663564518094 290.81975406035781
leaf_count=466 452 1307 1001 831 290 1374 546 7772 4080 6311 5139 1080 3448 1589
internal_value=0.000122316 -0.0180661 0.000745281 0.00122285 0.0181103 0.000625325 0.00025453 0.000681625 -0.00105445 0.000282868 0.00580552 -0.00317779 -0.0101168 -0.00761596
internal_weight=5841.34 192.517 5648.82 5530.43 187.993 5342.43 5255.17 5156.84 3808.82 3434.63 1322.87 2111.76 917.017 372.308
internal_count=35686 1773 33913 32912 1121 31791 31339 29965 22193 18113 7274 10839 4528 2135
cat_boundaries=0 2 4 6
cat_threshold=2686486545 40 826636 56 2194688000 48
is_linear=0
shrinkage=0.05


Tree=86
num_leaves=15
num_cat=3
split_feature=26 26 3 20 30 20 7 15 30 26 26 29 26 24
split_gain=23.1832 34.0222 22.5369 18.7514 55.2606 18.8509 18.6592 29.0821 23.5144 34.1576 33.3926 22.8883 25.9307 35.087
threshold=3898.5000000000005 4289.5000000000009 0.25274156789534447 -0.49499999999999739 0 -84.399999999999991 9.5000000000000018 8.3959267026850579 1 2199.5000000000005 128.50000000000003 2 57.500000000000007 0.51473526368323219
decision_type=2 2 8 10 9 8 2 10 9 2 2 9 2 10
left_child=3 -2 -3 5 -5 -1 8 -8 11 10 -10 12 -7 -14
right_child=1 2 -4 4 -6 6 7 -9 9 -11 -12 -13 13 -15
leaf_value=-0.019632581923018838 0.037559288859552037 -0.04084625897723293 0.010674621854784577 -0.019576423059423795 0.0039485718104874633 -0.023245926096537781 0.0002609785545906542 -0.018762050866348651 0.0040924171287496803 -0.033389767620541681 0.020601195862800906 0.012871470365629745 -0.0064094251699639178 0.029747239756642143
leaf_weight=106.44938592985272 99.902477890253067 27.716250348836184 80.418536707758904 436.02219799347222 562.41514318622649 166.41036379337311 2100.5224593188614 221.15843397751451 783.04766911640763 44.830294668674469 502.80531803518534 195.98013763874769 403.14339573681355 79.455769658088684
leaf_count=648 610 212 417 2667 3482 791 15279 1401 3944 211 2569 911 1990 378
internal_value=0.000327428 0.0166764 -0.00278407 -0.000282553 -0.00649058 0.00106491 0.00155906 -0.00155841 0.00488494 0.00898676 0.0105588 -0.00166411 -0.00619476 -0.000407341
internal_weight=5810.28 208.037 108.135 5602.24 998.437 4603.8 4497.35 2321.68 2175.67 1330.68 1285.85 844.99 649.01 482.599
internal_count=35510 1239 629 34271 6149 28122 27474 16680 10794 6724 6513 4070 3159 2368
cat_boundaries=0 2 4 5
cat_threshold=2713968655 14 539997442 49 1695811
is_linear=0
shrinkage=0.05


Tree=87
num_leaves=15
num_cat=3
split_feature=15 25 29 27 24 27 30 1 3 30 19 26 26 20
split_gain=23.8096 26.5447 30.1989 34.9981 28.2986 26.125 23.4009 20.3601 20.3469 20.2673 25.5712 19.2482 18.6199 20.7941
threshold=0.079157080204033808 1.0530605535400948 0 0.15558457831370087 0.12524506266387628 0.63518719221608422 1 1.0287784679089029 0.077117095980871284 2 26.250000000000004 1.5000000000000002 3898.5000000000005 -0.34999999999999709
decision_type=10 10 9 10 8 10 9 8 10 9 8 2 2 10
left_child=1 2 3 8 -4 6 7 -6 -1 10 -3 -5 13 -2
right_child=12 9 4 11 5 -7 -8 -9 -10 -11 -12 -13 -14 -15
leaf_value=0.059028047854064507 0.0038040910869575418 0.10403972176252418 -0.052535840057206545 0.016393764984388718 -0.039552379501329678 0.040868456286488629 -0.0047021453576287231 -0.014637371327215884 0.011047947815292794 8.0158063088819624e-05 0.017336697012046882 -0.016378385609864612 0.025228534115292384 -0.0062173366818996491
leaf_weight=37.616904890164733 2943.0662663765252 8.7242441177368146 41.76466391608119 65.238831270486116 111.28617936931551 22.801886156201363 517.76269312016666 313.18731740862131 53.022562282159925 810.48961078375578 73.721721850335598 137.75919850170612 87.754300948232412 627.12099201418459
leaf_count=347 16530 62 475 423 1019 120 3582 1698 378 5563 438 975 488 3656
internal_value=0.000135953 -0.00398189 -0.00853727 0.00554617 -0.0125764 -0.0109247 -0.01222 -0.0207592 0.0313873 0.00265454 0.0246895 -0.00581745 0.00260551 0.00204253
internal_weight=5851.32 2193.38 1300.44 293.637 1006.8 965.038 942.236 424.473 90.6395 892.936 82.446 202.998 3657.94 3570.19
internal_count=35754 15080 9017 2123 6894 6419 6299 2717 725 6063 500 1398 20674 20186
cat_boundaries=0 1 3 4
cat_threshold=3675430 1103908932 29 1073848576
is_linear=0
shrinkage=0.05


Tree=88
num_leaves=15
num_cat=5
split_feature=8 8 29 6 30 29 7 3 24 30 8 56 30 19
split_gain=26.6382 25.4823 51.4689 30.6292 30.1105 30.0079 25.5076 29.4711 25.0308 23.9652 24.0761 21.5738 21.0422 24.5763
threshold=-2.4999999999999996 1.5000000000000002 0 72.500000000000014 1 2 9.5000000000000018 0.88676474728987764 0.16440288335153222 3 42.500000000000007 2.5000000000000004 4 90.120000000000019
decision_type=8 8 9 10 9 9 2 8 8 9 8 2 9 10
left_child=-1 2 3 8 -4 6 7 -3 -2 10 -7 -10 13 -8
right_child=1 5 4 -5 -6 9 12 -9 11 -11 -12 -13 -14 -15
leaf_value=0.023927560698737207 0.079272703840960329 0.0054668499489653726 -0.025195515647064289 0.10140324816740076 -0.0064421713019859718 0.0031289666258264605 0.01810455907923866 -0.024781734309378189 -0.0020513236645148575 0.0067290295881052252 -0.010048854558438177 0.031076638539391084 -0.031286742240004162 -0.033202501716368751
leaf_weight=108.32519184798002 11.562963776290415 361.53531183302402 269.75339657627046 8.6079481132328493 1020.2661458011717 938.76672429591417 61.799330454319715 102.51942396908998 182.05886891111732 1910.5546647235751 548.19123680889606 66.260314919054508 157.09127668663859 36.146708428859711
leaf_count=559 57 1816 2425 105 8185 4841 382 514 1370 10432 3163 462 974 186
internal_value=-0.000519237 -0.000990005 -0.00643307 0.0131843 -0.0105435 0.00107175 -0.00813446 -0.00125462 0.0103902 0.00303709 -0.00172117 0.00687758 -0.0209166 -0.000884929
internal_weight=5783.44 5675.11 1558.51 268.49 1290.02 4116.6 719.092 464.055 259.882 3397.51 1486.96 248.319 255.037 97.946
internal_count=35471 34912 12604 1994 10610 22308 3872 2330 1889 18436 8004 1832 1542 568
cat_boundaries=0 1 3 4 6 8
cat_threshold=2363520 2576410 8 2691792 2714251024 54 1652625416 32
is_linear=0
shrinkage=0.05


Tree=89
num_leaves=15
num_cat=1
split_feature=28 23 28 24 29 25 32 24 28 26 20 26 26 28
split_gain=19.6649 29.3136 30.3149 26.7253 23.5154 26.9245 24.0905 34.698 26.8193 21.7369 20.2473 19.8715 23.7108 22.85
threshold=0.52307241608944577 19.280208333333334 0.49679328627915503 0.46129897549630577 0 -0.73443580643120188 5.5000000000000009 0.32824664002860199 0.70264570521823866 11.500000000000002 32.00500000000001 3898.5000000000005 4289.5000000000009 0.43730694191330494
decision_type=8 10 10 10 9 10 10 8 8 2 10 2 2 10
left_child=1 2 10 -3 5 -2 7 -6 -9 -4 11 13 -13 -1
right_child=4 3 9 -5 6 -7 -8 8 -10 -11 -12 12 -14 -15
leaf_value=-0.001651059641755642 0.022497131527464184 -0.053690887288849236 -0.030094471158855537 -0.006003896317237814 0.041767600207952588 -0.032741424203777007 -0.022404467600831278 0.016834030713534343 -0.0089232728577997855 0.0020239505002525829 -0.023875443095779894 0.032717865231183009 -0.0020743922723060831 0.0093883335758332583
leaf_weight=3929.7439433839172 31.289248201996088 49.366180475801229 147.30068391561508 71.212068021297455 93.628061514347792 69.418139833956957 48.069294545799494 310.44035256654024 148.84710395336151 81.512150697410107 86.880835521966219 100.46560546755791 94.43027725443244 531.21154962852597
leaf_count=24255 211 526 869 559 523 414 265 1804 934 392 595 626 573 2959
internal_value=-0.000470077 -0.0015518 -0.000958414 -0.0258086 0.00737095 -0.0141367 0.0110439 0.0141864 0.00848528 -0.0186936 -9.90209e-05 0.000349692 0.0159359 -0.000334677
internal_weight=5793.82 5092.12 4971.55 120.578 701.692 100.707 600.985 552.916 459.287 228.813 4742.73 4655.85 194.896 4460.96
internal_count=35505 31354 30269 1085 4151 625 3526 3261 2738 1261 29008 28413 1199 27214
cat_boundaries=0 1
cat_threshold=524420
is_linear=0
shrinkage=0.05


Tree=90
num_leaves=15
num_cat=2
split_feature=7 29 11 22 20 23 24 29 32 24 28 7 28 28
split_gain=26.1955 24.5639 21.3018 31.0056 26.3115 28.5286 34.2315 25.0696 22.9423 21.1579 20.0063 19.7005 25.8705 22.6281
threshold=34.500000000000007 0 6.6532951685490085 -2.878333333333333 -13.9975 6.4987500000000011 0.43999643831082796 1 2.5000000000000004 0.32476479195834129 0.54254451578553775 14.500000000000002 0.2893774037423319 0.59013696089731937
decision_type=2 9 2 8 10 10 10 9 8 8 10 2 10 8
left_child=2 -2 4 -4 5 8 -7 -5 -1 -9 -11 13 -13 -10
right_child=1 -3 3 7 -6 6 -8 9 11 10 -12 12 -14 -15
leaf_value=0.027832147723922469 0.01170615016107928 -0.019822944736697722 0.031793707574251581 -0.01606194730735758 -0.0086846782557773866 -0.050431708586924411 0.0038442978968987033 0.012420867966524649 0.0017357504482276708 -0.00051365124276618536 0.027323810057862438 0.0057661281019439964 -0.016818284129867158 0.018790343067654921
leaf_weight=84.02406345307827 73.866456642746925 272.36766256205738 100.63860601186752 141.83973183482885 941.28487745672464 56.572856539860368 58.372688613831997 636.8780127428472 1525.7676058784127 1107.2977436110377 67.535826493054628 220.40023263171315 296.3283556997776 221.9564625248313
leaf_count=461 555 3669 632 750 5340 625 455 3566 7573 6197 381 1735 2494 1151
internal_value=4.33634e-07 -0.0133159 0.000847313 0.00486716 -0.00157873 0.0011389 -0.0230733 0.00346447 0.00233328 0.0050619 0.00110847 0.00137526 -0.00719282 0.00391115
internal_weight=5805.13 346.234 5458.9 2054.19 3404.71 2463.42 114.946 1953.55 2348.48 1811.71 1174.83 2264.45 516.729 1747.72
internal_count=35584 4224 31360 11526 19834 14494 1080 10894 13414 10144 6578 12953 4229 8724
cat_boundaries=0 1 2
cat_threshold=8192 3735600
is_linear=0
shrinkage=0.05


Tree=91
num_leaves=15
num_cat=3
split_feature=7 29 28 6 28 28 22 23 20 29 14 29 28 24
split_gain=25.1061 25.8533 20.8314 19.5635 18.4326 27.9091 26.604 36.1407 26.908 30.7933 23.3547 21.4651 20.9212 19.6809
threshold=43.500000000000007 0 0.4058602021956807 71.500000000000014 0.52307241608944577 0.49679328627915503 -2.878333333333333 0.76875000000000038 -9.5399999999999974 1 0.046250000000000575 2 0.50003276056034207 0.32824664002860199
decision_type=2 9 8 10 8 10 10 10 10 9 8 9 10 8
left_child=4 2 3 -2 5 6 7 8 9 10 -1 -6 -7 -13
right_child=1 -3 -4 -5 11 12 -8 -9 -10 -11 -12 13 -14 -15
leaf_value=-0.015744235630429194 0.0091344729322887074 -0.03088768083341489 -0.037662124073940574 0.086897214561033193 -0.00451005955793866 -0.060204019089177011 -0.0098192389925318476 0.046570418620137222 -0.0052703626698426473 -0.0070169607832534751 0.0073001865526105564 0.042666284802343149 -0.012010876017379388 0.010831341231277977
leaf_weight=114.46529841795564 36.083607126027346 114.37547526694834 16.105935104191303 9.5366346538066846 219.06781894341111 24.487645253539085 553.60293916985393 43.676792737096548 1114.2382586356252 529.55975945293903 2331.6193078644574 54.428985193371773 202.43684097006917 404.34739734046161
leaf_count=639 356 1907 175 108 1236 149 3940 285 6371 3012 13488 280 1089 2411
internal_value=0.000113034 -0.0184214 0.00838897 0.0269056 0.000699911 -0.000366876 0.000463867 0.00184311 0.00135419 0.00383571 0.00619052 0.00842282 -0.0174528 0.01438
internal_weight=5768.03 176.102 61.7262 45.6202 5591.93 4914.09 4687.16 4133.56 4089.88 2975.64 2446.08 677.844 226.924 458.776
internal_count=35446 2546 639 464 32900 28973 27735 23795 23510 17139 14127 3927 1238 2691
cat_boundaries=0 1 2 3
cat_threshold=12288 1889428 808068
is_linear=0
shrinkage=0.05


Tree=92
num_leaves=15
num_cat=3
split_feature=8 5 27 19 26 30 15 44 3 29 28 25 5 30
split_gain=26.7546 24.0606 17.5513 17.3079 16.8153 31.3497 16.622 14.5608 17.4603 24.4143 30.5946 21.9042 23.9026 19.6177
threshold=-2.4999999999999996 1.080127364864865 0.51638388117311951 1.8750000000000002 3898.5000000000005 0 3.9346197023357878 2.5000000000000004 0.70475754984862349 1 0.54127312014532225 0.10664333963609325 0.063717381438620393 2
decision_type=8 10 10 8 2 9 10 2 8 9 8 10 8 9
left_child=2 3 6 -2 7 -6 -1 8 11 10 13 12 -5 -10
right_child=1 -3 -4 4 5 -7 -8 -9 9 -11 -12 -13 -14 -15
leaf_value=0.033124447391872855 -0.030087522478534346 -0.039444383226536615 0.085898532051621401 -0.040941726808043651 -0.037031651464546539 0.020051549383520141 -0.0098944779318389624 0.020107850016180068 0.0092598497481088306 -0.010569840663930319 0.023535402910226742 0.00279662843570587 -0.0048331581943477911 -0.0076896293303659715
leaf_weight=61.491643078625202 47.413758603855968 38.575090749189258 9.6217709779739362 50.250963501632214 17.917359083890915 185.13895352557302 34.459486171603203 82.590134713798761 232.71660527959466 916.71717572212219 127.87086198851466 2956.8927779495716 437.56921811029315 564.86628139391541
leaf_count=321 723 516 51 484 97 1139 170 463 1269 4833 705 18505 3004 3179
internal_value=-0.000127203 -0.000594552 0.0246924 -0.000320918 -6.2297e-05 0.0140257 0.0177321 -0.000597572 -0.000924768 -0.00485262 0.000920076 0.00117658 -0.00862889 -0.00271909
internal_weight=5764.09 5658.52 105.573 5619.94 5572.53 203.056 95.9511 5369.47 5286.88 1842.17 925.454 3444.71 487.82 797.583
internal_count=35459 34917 542 34401 33678 1236 491 32442 31979 9986 5153 21993 3488 4448
cat_boundaries=0 2 3 5
cat_threshold=1073741824 48 32805 1128301128 33
is_linear=0
shrinkage=0.05


Tree=93
num_leaves=15
num_cat=0
split_feature=8 5 32 1 2 11 28 25 28 25 13 26 31 20
split_gain=20.8628 24.7392 20.0351 17.7328 19.22 26.6313 16.3191 22.2675 18.1786 29.4699 32.0351 29.1413 33.8811 22.2791
threshold=-2.4999999999999996 1.080127364864865 2.5000000000000004 0.22767145135566189 85.889563623679535 6.9217715674756519 0.59013696089731937 -0.17267731734021161 0.39531472888517366 0.66865632190985025 1.5500000000000003 1812.0000000000002 3.5000000000000004 3.0049999999999959
decision_type=8 10 8 8 2 2 8 10 10 10 10 2 2 8
left_child=-1 2 -2 -4 5 6 7 -5 -9 10 11 12 -10 -12
right_child=1 -3 3 4 -6 -7 -8 8 9 -11 13 -13 -14 -15
leaf_value=0.02167552149570787 0.018509394661835897 -0.040068311844721316 -0.019171151857907812 -0.026682804637480125 -0.01120301603100631 0.0063572874985328223 0.0086237581882738744 0.0012780316845151147 -0.03075085448886232 0.00069423420945079976 0.028568718476566252 0.0066697898013926551 0.0087066923339555735 -0.016191902137303562
leaf_weight=108.9328560307622 140.86715048924088 37.871026072651148 123.57232527807355 93.497337827458978 361.60690978914499 1474.4155372679234 347.5458337366581 1762.4772814083844 365.48883220925927 683.80058224126697 65.249789118766785 87.571828704327345 63.438127195462584 47.042363062500954
leaf_count=552 795 524 1900 723 2053 8658 1999 10903 2276 3736 324 424 356 244
internal_value=0.000102461 -0.000316903 -4.17848e-05 -0.000522322 -8.82491e-05 0.000719195 -0.00164617 -0.002775 -0.00203964 -0.00649202 -0.0142957 -0.0195518 -0.0249084 0.00983982
internal_weight=5763.38 5654.44 5616.57 5475.71 5352.13 4990.53 3516.11 3168.57 3075.07 1312.59 628.791 516.499 428.927 112.292
internal_count=35467 34915 34391 33596 31696 29643 20985 18986 18263 7360 3624 3056 2632 568
is_linear=0
shrinkage=0.05


Tree=94
num_leaves=15
num_cat=6
split_feature=7 32 29 11 3 25 30 29 28 30 20 30 30 28
split_gain=28.6683 31.1412 30.0078 26.1752 27.6689 30.1617 31.4846 32.8965 33.4518 24.8403 23.4773 22.9392 22.9252 22.0848
threshold=5.5000000000000009 2.5000000000000004 0 6.9217715674756519 0.42860849466235779 0.35395153295817106 1 2 0.35658695137304769 3 -69.837499999999991 4 5 0.18199792920718222
decision_type=2 10 9 2 8 10 9 9 10 9 10 9 9 8
left_child=1 -1 13 4 5 -2 -7 -8 -9 10 -10 -6 -4 -3
right_child=3 2 12 -5 11 6 7 8 9 -11 -12 -13 -14 -15
leaf_value=0.028281401469783481 -0.014796939308420978 0.046616176046755643 -0.018412360434874007 0.0026609283771356859 0.0086443672436311726 -0.0085619297374345087 -0.025968727199764674 0.023916656046462662 0.069769677143567563 -0.0095314337039565811 0.0071881526853052498 -0.014509280687407698 0.0030966326503713607 0.0056346100054156427
leaf_weight=128.21274534612894 308.64344551227987 32.702427968382835 240.04008189588785 1364.3721338082105 116.51748180389404 363.26787681691349 49.71119424328208 328.14453124254942 20.830533064901829 189.24841539934278 48.671564050018787 945.98399654403329 244.37350257486105 1381.4052437394857
leaf_count=718 2773 154 1185 8795 621 2943 348 2154 113 1267 272 5446 1262 7442
internal_value=-0.000257794 0.00452883 0.00291071 -0.00285542 -0.00602952 -0.00116019 0.00305982 0.00967709 0.0131186 -0.000109715 0.0233554 -0.0120196 -0.00773383 0.0065682
internal_weight=5762.13 2026.73 1898.52 3735.39 2371.02 1308.52 999.874 636.606 586.895 258.751 69.5021 1062.5 484.414 1414.11
internal_count=35493 10761 10043 24732 15937 9870 7097 4154 3806 1652 385 6067 2447 7596
cat_boundaries=0 1 3 4 5 7 9
cat_threshold=2658989 1089228124 17 8192 51589120 2717913088 48 3255158034 44
is_linear=0
shrinkage=0.05


Tree=95
num_leaves=15
num_cat=2
split_feature=7 0 0 30 30 28 7 3 24 24 4 9 31 24
split_gain=25.3792 27.0892 34.7352 28.2891 27.0618 25.2248 22.5371 24.909 21.3674 22.2091 33.8666 22.8239 22.4112 27.6558
threshold=7.5000000000000009 91.990000000000023 6.1100000000000003 0 1 0.19132350259105949 -9.4999999999999982 0.00060914227959505795 0.67961614393879144 0.40535978278548251 -24.91553540888378 2.5000000000000004 1.5000000000000002 0.23369006802772671
decision_type=2 8 10 9 9 8 2 10 10 10 10 2 2 10
left_child=1 2 -1 5 -4 -3 7 -5 9 11 -11 12 -7 -14
right_child=-2 3 4 6 -6 8 -8 -9 -10 10 -12 -13 13 -15
leaf_value=-0.016812098060399443 -0.0025184840933130965 0.037255405203768154 -0.010671555790062508 0.027057290543030806 0.018191766904210146 -0.037083785798917961 0.0093600971901848604 -0.039688766438770881 -0.074029727152078104 0.012162774000401741 -0.021437375907926003 0.00037375927361876429 -0.043724655677624576 0.018620461690498965
leaf_weight=96.401606544852257 3380.2120492868125 30.102614276111126 88.291080325841904 18.751604311168194 671.04019816964865 149.68863423913717 730.26778215169907 47.958726946264505 11.33659355342388 234.43728719651699 109.05267084389925 129.57905834913254 26.653707399964333 48.885152019560337
leaf_count=523 23025 156 405 118 3413 841 3888 327 49 1193 539 654 133 245
internal_value=0.000270393 0.00421011 0.0113342 0.000238199 0.014925 -0.00675307 0.00672797 -0.0208046 -0.00876473 -0.00760083 0.00146399 -0.016356 -0.0259401 -0.00366173
internal_weight=5772.66 2392.45 855.733 1536.71 759.331 739.736 796.978 66.7103 709.633 698.297 343.49 354.807 225.227 75.5389
internal_count=35509 12484 4341 8143 3818 3810 4333 445 3654 3605 1732 1873 1219 378
cat_boundaries=0 2 4
cat_threshold=3770173471 52 17010688 2
is_linear=0
shrinkage=0.05


Tree=96
num_leaves=15
num_cat=5
split_feature=7 29 30 29 29 5 19 24 30 27 25 24 28 28
split_gain=21.0501 33.7375 39.2577 30.6965 26.0528 24.4764 30.5247 27.7801 23.9826 22.7952 22.3948 49.3385 30.7758 28.1984
threshold=5.5000000000000009 0 1 2 3 0.53814588859416457 86.492500000000021 0.2790417578202497 4 0.50251095974752469 0.37473311261909187 0.38533604372641844 0.37998314964055174 0.35205023200391966
decision_type=2 9 9 9 9 8 10 10 9 8 8 10 10 10
left_child=4 2 -2 10 -1 -6 8 -8 -7 -3 11 -4 -13 -12
right_child=1 9 3 -5 5 6 7 -9 -10 -11 13 12 -14 -15
leaf_value=0.0076994240358805649 -0.016683064736492195 -4.3399654422086978e-05 -0.028130521619987237 -0.027963576417455668 0.014243234194156441 -0.021628360624564504 0.0065480916699138456 -0.042650800295994211 0.0091457609443080096 0.013810236584707212 0.017708343360018263 -0.039034755070775667 0.020101105445417971 -0.0024791002480129185
leaf_weight=1489.5587917454541 649.02246907912195 1607.3944900743663 169.78238566592336 87.247195955365896 123.47848673164845 83.070149347186089 38.908141456544399 105.74892332404852 182.78923179209232 363.21001398563385 305.99260466918349 25.332894921302795 133.9180835261941 395.78819492831826
leaf_count=8078 5175 10194 1303 527 633 418 194 530 932 2020 2004 207 834 2510
internal_value=0.000226755 -0.00199695 -0.00698841 -0.00125306 0.00433309 -0.00510255 -0.011066 -0.0294638 -0.000982664 0.00250303 0.00127908 -0.00945387 0.0105092 0.00633576
internal_weight=5761.24 3737.69 1767.08 1118.06 2023.55 533.995 410.516 144.657 265.859 1970.6 1030.81 329.033 159.251 701.781
internal_count=35559 24774 12560 7385 10785 2707 2074 724 1350 12214 6858 2344 1041 4514
cat_boundaries=0 1 3 4 5 7
cat_threshold=2720420 1097750860 14 32772 1610405 525336 33
is_linear=0
shrinkage=0.05


Tree=97
num_leaves=15
num_cat=5
split_feature=15 29 30 30 25 30 29 6 9 23 5 27 21 3
split_gain=21.0343 23.1696 24.819 23.1503 27.2753 22.3743 21.1794 29.9402 18.6629 20.4714 17.8874 16.9876 16.4874 20.6657
threshold=0.002934550638823558 0 1 2 1.7386798673186967 3 4 -13.499999999999998 1.5000000000000002 19.280208333333334 0.1438756849315069 0.38278932080488132 0.95754310300624756 0.88676474728987764
decision_type=10 9 9 9 10 9 9 10 2 8 8 8 8 10
left_child=3 5 -3 4 6 8 -1 11 9 -2 -4 -8 -5 -14
right_child=1 2 10 12 -6 -7 7 -9 -10 -11 -12 -13 13 -15
leaf_value=0.005308960123583761 0.032776413372469219 -0.010847733107598571 0.035972449384588122 -0.026176635558775287 0.0057475956798733038 0.0076155401771238543 -0.026749456476561469 -0.032140997198470966 0.0051071233712679572 -0.018392689018919092 0.00098333985871914349 -0.0024383755990600273 0.0040361160356829559 -0.019837421683358239
leaf_weight=111.15753123909235 20.463092239573598 584.19431004300714 37.385531697422266 54.127999668940902 205.48302453942597 1824.7279425170273 99.61128481850028 245.51618173718452 258.2456081584096 227.72997006215155 756.1714620385319 252.24094041064382 988.73684924468398 98.794184256345034
leaf_count=858 127 3714 256 534 1359 9947 673 2018 1310 1326 4619 1323 7038 524
internal_value=-0.000235074 0.00201337 -0.00311872 -0.00429082 -0.0101586 0.00503832 -0.0149164 -0.0184626 -0.00421205 -0.0140593 0.00264168 -0.00937728 0.000496216 0.00185115
internal_weight=5764.59 3708.92 1377.75 2055.67 914.009 2331.17 708.526 597.368 506.439 248.193 793.557 351.852 1141.66 1087.53
internal_count=35626 21299 8589 14327 6231 12710 4872 4014 2763 1453 4875 1996 8096 7562
cat_boundaries=0 1 3 5 7 8
cat_threshold=303379 3800301904 56 1105739791 29 539174922 7 1052677
is_linear=0
shrinkage=0.05


Tree=98
num_leaves=15
num_cat=3
split_feature=32 22 28 23 24 30 0 15 30 27 5 27 30 27
split_gain=18.1903 16.6508 35.0744 28.4962 25.0127 28.6143 23.2712 17.6609 31.5996 23.5999 18.3151 14.6115 40.0844 33.6865
threshold=2.5000000000000004 -2.878333333333333 0.33521319810664146 1.1027777777777781 0.20919993547187996 0 99.985000000000014 10.752881092638331 1 0.042642679620626185 1.080127364864865 0.48488045325259155 2 0.44206493989389406
decision_type=8 10 8 10 10 9 10 10 9 8 10 10 9 10
left_child=-1 3 -3 6 -4 -6 7 9 -9 -2 11 13 -13 -11
right_child=1 2 4 -5 5 -7 -8 8 -10 10 -12 12 -14 -15
leaf_value=0.016856425537552039 0.081705756776908084 -0.021114166165639853 -0.045792615075590681 0.040110582212653123 -0.0089528212879515009 0.02054103976006464 -0.024689927283773269 0.012853185879132069 -0.019154676600813176 0.00084657063118206966 -0.03967577226657934 -0.015002009825713826 0.0033828849546853421 0.015526176573124981
leaf_weight=147.13795322552323 8.0516144447028619 294.29652050882578 23.819744657725096 43.046532725915313 153.42434785142541 157.22640216164291 94.788834994658828 100.70520277880132 261.29940726421773 2756.7092304304242 26.656187068670988 458.86686673387885 797.72965122014284 454.39495300129056
leaf_count=836 85 2665 205 315 942 1045 661 544 1464 17184 331 2415 4419 2627
internal_value=-0.000438637 -0.000893468 -0.00855557 7.11522e-05 0.00252458 0.00636444 -0.000284412 0.000196135 -0.0104132 0.00105127 0.000888639 0.00113949 -0.00342964 0.00292803
internal_weight=5778.15 5631.02 628.767 5002.25 334.47 310.651 4959.2 4864.41 362.005 4502.41 4494.36 4467.7 1256.6 3211.1
internal_count=35738 34902 4857 30045 2192 1987 29730 29069 2008 27061 26976 26645 6834 19811
cat_boundaries=0 2 4 6
cat_threshold=48288768 36 47775749 8 2707964427 14
is_linear=0
shrinkage=0.05


Tree=99
num_leaves=15
num_cat=5
split_feature=7 4 0 29 5 29 27 30 3 30 5 30 27 14
split_gain=16.8815 26.7169 24.5245 36.8114 50.9057 28.8242 27.7123 29.396 22.2736 22.4151 21.3247 20.9577 18.0963 18.0252
threshold=10.500000000000002 -9.5276156900042945 77.970000000000013 0 0.0098270140664961647 1 0.084350149026786544 2 0.9551056580376327 3 0.16648589065255734 4 0.51597235099644301 0.95625000000000104
decision_type=2 8 8 9 8 9 10 9 10 9 10 9 8 10
left_child=2 -2 3 -1 -5 6 -4 -8 9 10 -3 12 -6 -13
right_child=1 8 5 4 11 -7 7 -9 -10 -11 -12 13 -14 -15
leaf_value=0.028912966005565817 -0.015958216629166942 0.027815953625979706 0.031940830937757493 -0.033378161468385681 0.00669565598298494 0.0032014899358096638 -0.026916785068034629 -0.0031758559665589063 -0.024231563804867878 -0.0014541310047037259 -0.0074684363743008717 0.005181815227614902 -0.033075280773549841 0.025477993390913469
leaf_weight=186.30642615258694 336.35518451966345 134.1350959520787 36.912320263683796 78.635966189205647 67.470535762608051 1815.5297320485115 202.32472155988216 362.47710391134024 96.268061336129904 1897.6264189314097 62.160607783123851 240.21709951385856 48.308211654424667 200.87630116567016
leaf_count=892 2556 950 176 438 338 9401 991 1744 568 14823 422 1168 222 985
internal_value=0.00020276 -0.00285998 0.00259192 0.0100479 0.00396409 5.3941e-05 -0.0093309 -0.0122448 -0.000842076 0.000244309 0.0158575 0.00935863 -0.00924783 0.0141416
internal_weight=5765.6 2526.55 3239.06 821.815 635.508 2417.24 601.714 564.802 2190.19 2093.92 196.296 556.872 115.779 441.093
internal_count=35674 19319 16355 4043 3151 12312 2911 2735 16763 16195 1372 2713 560 2153
cat_boundaries=0 1 2 4 6 8
cat_threshold=12438 2188370 1107313939 33 2148630532 22 537008142 2
is_linear=0
shrinkage=0.05


Tree=100
num_leaves=15
num_cat=7
split_feature=7 29 28 15 30 26 30 3 34 30 0 0 29 30
split_gain=21.8253 20.9773 21.5146 21.9154 29.0965 23.7183 30.9496 25.1996 21.9894 19.8246 19.7468 30.261 27.9194 25.5108
threshold=7.5000000000000009 0 0.55130834071513701 6.7465960047789926 1 494.50000000000006 2 0.89258701090513093 3 4 89.915000000000006 6.1100000000000003 5 6
decision_type=2 9 10 10 9 2 9 10 1 9 8 10 9 9
left_child=10 -2 3 5 -5 8 7 -7 -3 -4 11 -1 -12 -13
right_child=1 2 9 4 -6 6 -8 -9 -10 -11 12 13 -14 -15
leaf_value=-0.016505297318686118 -0.025882810786011456 -0.027106821907796258 -0.012862969011932002 0.0024414737985898331 -0.022292699277483324 0.012711685104723617 -0.018538447778608368 -0.061457946543489031 0.0020200091163576602 0.025608906173679266 -0.012005154738366806 -2.8067211283642885e-05 0.0037058963440405827 0.020566796813795456
leaf_weight=94.048566211014986 85.782242741435766 65.937841683626175 41.358766617253423 198.02369539812207 295.56867468357086 158.14035320095718 366.88685493916273 11.351514410227535 2028.2650360073894 111.5901400949806 353.47063606232405 236.32500170171261 1250.5423408634961 436.68055880442262
leaf_count=517 559 450 251 1204 1757 983 2702 59 14478 624 1803 1141 6735 2278
internal_value=-0.000329332 -0.00291921 -0.00222465 -0.0031297 -0.0127861 -0.00131363 -0.0106844 0.00700222 0.00109043 0.0160177 0.00334359 0.00993629 0.000186677 0.0136504
internal_weight=5733.97 3362.91 3277.12 3124.17 493.592 2630.58 536.379 169.492 2094.2 152.949 2371.07 767.054 1604.01 673.006
internal_count=35541 23067 22508 21633 2961 18672 3744 1042 14928 875 12474 3936 8538 3419
cat_boundaries=0 1 3 4 5 7 8 10
cat_threshold=2686976 2211990540 34 2734793040 1 42254338 24 25810 553908994 10
is_linear=0
shrinkage=0.05


Tree=101
num_leaves=15
num_cat=2
split_feature=7 3 23 23 19 28 25 8 11 7 30 6 26 30
split_gain=18.5207 21.4269 29.5541 18.7744 17.0779 18.2304 24.0067 16.9914 15.7864 21.9228 24.6301 27.7369 18.0561 21.4032
threshold=40.500000000000007 0.55402364656770575 8.2862500000000026 38.329791666666672 19.215000000000003 0.50003276056034207 1.740693077510159 -1.4999999999999998 6.6385481552731838 8.5000000000000018 0 5.5000000000000009 1003.5000000000001 1
decision_type=2 8 10 10 8 10 10 10 2 2 9 10 2 9
left_child=1 2 4 8 5 7 -7 -1 9 10 12 -12 -3 -14
right_child=-2 3 -4 -5 -6 6 -8 -9 -10 -11 11 -13 13 -15
leaf_value=0.020783868459164023 -0.014594395315131467 -0.017871915679711855 -0.025738646579681036 0.025715950845584892 0.0054162002342534772 -0.038787863200435466 0.08735979864717229 -0.023606487518996612 0.0013583821889264643 -0.016954441358375202 0.0056955395493487344 -0.037496690209214617 0.0137717623019885 -0.018808776798690141
leaf_weight=25.104835145175457 213.23878943175077 354.58393760025501 82.935446729883552 55.69589851796627 2525.0237180180848 5.3133991882205001 9.0064121596515161 127.23729539848864 1064.205269349739 380.79507705196738 640.2968830652535 38.462575517594814 118.57078538835049 71.576733238995075
leaf_count=124 3026 1882 1018 304 15007 75 66 1604 5464 2482 3383 178 544 351
internal_value=-0.000171554 0.000390303 0.00348234 -0.0027591 0.00439192 -0.0110663 0.0410759 -0.0162035 -0.00336284 -0.00649356 -0.00322657 0.00315011 -0.0110192 0.0012098
internal_weight=5712.05 5498.81 2774.62 2724.19 2691.69 166.662 14.3198 152.342 2668.49 1604.29 1223.49 678.759 544.731 190.148
internal_count=35508 32482 17894 14588 16876 1869 141 1728 14284 8820 6338 3561 2777 895
cat_boundaries=0 2 4
cat_threshold=3248071683 22 8913920 16
is_linear=0
shrinkage=0.05


Tree=102
num_leaves=15
num_cat=3
split_feature=8 20 1 20 3 61 7 25 15 30 29 8 2 30
split_gain=17.603 17.5515 16.9514 16.0568 18.8841 17.1349 18.2387 26.0965 21.1865 20.1236 26.1115 25.7162 19.4288 19.1966
threshold=-2.4999999999999996 27.010000000000002 0.22767145135566189 -84.399999999999991 0.56279810669009767 1035.0000000000002 15.500000000000002 0.40821184802353827 4.1213292090160616 0 1 5.5000000000000009 85.889563623679535 2
decision_type=8 10 8 8 8 8 2 10 10 9 9 8 2 9
left_child=-1 2 -2 -4 5 -5 9 -8 -9 10 -7 -12 -11 -10
right_child=1 -3 3 4 -6 6 7 8 13 12 11 -13 -14 -15
leaf_value=0.019938485434498006 -0.017904200141035363 -0.017631938829221303 -0.01884581604443129 -0.052890315123832445 -0.0021019988977663425 -0.0062140329006165375 -0.017069030636370119 0.0071605285712662923 0.015760691382945165 0.013069012239791782 0.034586887872239951 -0.00055439777005825781 -0.020108767810698952 -0.022981164521397299
leaf_weight=108.6464629098773 125.85993506573141 141.20816964097321 103.21705626323819 12.223735639825462 2557.4986857045442 463.48680135048926 206.24449921958148 600.42764565348625 36.638573616743088 1005.7008315976709 93.929565291851759 115.21631288528442 45.282629914581776 111.9417680054903
leaf_count=549 2040 944 648 93 13753 2487 2221 5338 282 5159 486 544 213 863
internal_value=9.72132e-05 -0.000289917 0.000160278 0.000588371 0.000974074 0.00389714 0.0041759 -0.00136517 0.00297598 0.00724585 0.000395551 0.0146216 0.0115123 -0.013869
internal_weight=5727.52 5618.88 5477.67 5351.81 5248.59 2691.09 2678.87 955.252 749.008 1723.62 672.633 209.146 1050.98 148.58
internal_count=35620 35071 34127 32087 31439 17686 17593 8704 6483 8889 3517 1030 5372 1145
cat_boundaries=0 2 3 5
cat_threshold=1747948828 3 3719168 2148107276 36
is_linear=0
shrinkage=0.05


Tree=103
num_leaves=15
num_cat=4
split_feature=7 29 25 25 9 3 30 25 29 27 29 6 6 27
split_gain=18.885 22.5311 23.5616 45.8318 16.4998 24.1839 24.3045 23.2038 23.9542 23.0956 22.9195 20.8301 28.3059 24.7348
threshold=43.500000000000007 0 1.2796867252346116 1.4541542275434705 2.5000000000000004 0.55847973492535752 1 0.19080679155312119 2 0.63518719221608422 3 4.5000000000000009 -48.499999999999993 0.48023363635565958
decision_type=2 9 10 10 2 8 9 10 9 8 9 8 10 8
left_child=4 2 -2 -4 5 7 -7 8 -1 -9 11 12 -8 -14
right_child=1 -3 3 -5 -6 6 10 9 -10 -11 -12 -13 13 -15
leaf_value=0.010515751859851831 -0.032876898809799729 -0.027814006430771171 0.15248289955898287 0.0088231035868815404 0.0052603314269651195 -0.016588283066341695 -0.021700652788394555 0.0031413115603864993 -0.015629890611382171 0.025666907728551125 -0.011941229872545464 -0.010618598275222428 0.021131693564381951 0.00021307822475501856
leaf_weight=115.1880654040724 19.558978535234928 111.47263171523809 5.6933483779430381 33.409422930330038 1481.8326135985553 374.1787078473717 74.654603708535433 1880.5316909532994 299.28534767217934 120.16396781057119 397.78598962724209 224.87041686475277 287.24982966482639 277.25737343728542
leaf_count=782 236 1953 57 329 7717 2064 458 12170 2463 667 2173 1554 1525 1358
internal_value=0.000241774 -0.0161169 0.00930645 0.0330206 0.000747608 -0.000903943 -0.00559595 0.00227534 -0.00847891 0.00450637 -0.00217713 0.0024117 0.00704313 0.0108761
internal_weight=5703.13 170.134 58.6617 39.1028 5533 4051.17 1636 2415.17 414.473 2000.7 1261.82 864.032 639.162 564.507
internal_count=35506 2575 622 386 32931 25214 9132 16082 3245 12837 7068 4895 3341 2883
cat_boundaries=0 1 3 4 5
cat_threshold=12288 51382299 7 790966 1351845
is_linear=0
shrinkage=0.05


Tree=104
num_leaves=15
num_cat=0
split_feature=7 1 0 4 27 22 0 10 7 20 11 14 4 60
split_gain=16.089 21.3346 24.2872 18.7999 19.2791 22.8695 17.3707 26.4213 19.7458 26.234 22.0106 18.4887 18.2298 17.7322
threshold=8.5000000000000018 2.5401115401115404 99.020000000000024 -9.5276156900042945 0.36229930274680006 -3.0391666666666661 82.875000000000014 25.500000000000004 4.5000000000000009 10.375000000000002 6.6691236453991323 1.3033333333333337 -13.175846858321131 55.500000000000007
decision_type=2 8 8 8 8 8 10 2 2 10 2 10 10 10
left_child=1 6 -3 4 -2 -6 7 11 10 -10 -8 13 -12 -1
right_child=3 2 -4 -5 5 -7 8 -9 9 -11 12 -13 -14 -15
leaf_value=0.0070128408951644992 -0.026575979808216112 0.0026578348172788054 -0.017285729068938747 -0.0013131374335862956 0.040251906974142271 -0.0093810218045280395 -0.0037317940270832233 -0.018277512181206722 -0.0029872774198002583 -0.037959950735822305 0.039621250156935642 0.020719805529454929 0.0031477434768723703 -0.04417681560848033
leaf_weight=1259.2201543413103 157.54686097800732 354.99747467786074 266.5264362283051 2376.0813327375799 24.95740021020174 218.82114444300532 264.54638574272394 94.3212685957551 189.52941471338272 73.887604959309101 65.907779008150101 270.08943392336369 70.590170823037624 16.163470178842545
leaf_count=6425 1334 1765 1519 17659 131 1455 1338 474 907 340 362 1350 346 83
internal_value=-0.000280996 0.0023061 -0.00590854 -0.00300614 -0.0130015 -0.00415605 0.00452342 0.00728561 -0.00229396 -0.0129035 0.00468942 0.00885655 0.020919 0.00632999
internal_weight=5703.19 2925.78 621.524 2777.41 401.325 243.779 2304.26 1639.79 664.461 263.417 401.044 1545.47 136.498 1275.38
internal_count=35488 14909 3284 20579 2920 1586 11625 8332 3293 1247 2046 7858 708 6508
is_linear=0
shrinkage=0.05


Tree=105
num_leaves=15
num_cat=0
split_feature=25 9 6 22 12 0 15 24 0 26 18 56 10 8
split_gain=12.5416 12.6593 20.1024 17.5889 16.7861 17.6964 16.661 17.7579 15.3872 16.5613 25.44 16.9385 15.1931 24.4542
threshold=20.058866953995263 2.5000000000000004 -49.499999999999993 -0.5083333333333333 1.5000000000000002 91.00500000000001 8.951491491942754 0.16963035311720423 97.455000000000013 3602.0000000000005 10.010000000000002 1.0000000180025095e-35 1.0000000180025095e-35 28.500000000000004
decision_type=10 2 8 10 2 10 8 10 10 2 8 2 2 8
left_child=1 2 -1 8 5 -5 -3 -8 9 12 -11 -12 13 -4
right_child=-2 6 3 4 -6 -7 7 -9 -10 10 11 -13 -14 -15
leaf_value=-0.016239387861193128 -0.057197188639516533 0.0020079820989016141 -0.00091500198945957854 -0.022308881407340695 0.004855121652757111 0.035475230130396405 0.064786744495495555 0.012817882332938655 -0.014779115125084813 0.038295710564029604 0.01466636162396805 -0.033087195855275663 0.0023931626602827489 -0.021358584220040534
leaf_weight=215.02211184054613 8.5918592102825624 1324.1202378310263 683.96921104006469 220.74474554136395 108.18123462423682 13.212469540536402 17.413590710610151 163.42471488006413 157.90463101677597 72.940116159617901 50.694519938901067 27.986338514834642 2471.9781537111849 185.10720795020461
leaf_count=1260 72 6996 4581 2237 903 74 111 880 846 423 362 174 15676 1027
internal_value=-7.1514e-05 2.43981e-05 -0.0013833 -0.00057938 -0.0114024 -0.0189085 0.00395851 0.0181509 0.000437815 0.00112981 0.0172367 -0.00252139 0.000393921 -0.00528889
internal_weight=5721.29 5712.7 4207.74 3992.72 342.138 233.957 1504.96 180.838 3650.58 3492.68 151.621 78.6809 3341.05 869.076
internal_count=35622 35550 27563 26303 3214 2311 7987 991 23089 22243 959 536 21284 5608
is_linear=0
shrinkage=0.05


Tree=106
num_leaves=15
num_cat=4
split_feature=7 29 30 24 15 30 7 30 24 24 24 28 21 25
split_gain=21.4016 20.9333 26.2403 27.8909 24.8687 21.0254 20.8503 26.1799 27.1888 38.8031 22.7814 22.7219 19.5883 19.3036
threshold=5.5000000000000009 0 1 0.76978536627477223 4.3641998970691072 2 2.5000000000000004 3 0.63504301111302186 0.54400658008473401 0.57362542690136709 0.3536406687908818 0.95678549302372906 0.16649040562959969
decision_type=2 9 9 10 8 9 2 9 10 10 10 8 8 8
left_child=6 5 -3 4 -4 -2 7 10 9 11 -1 -9 -7 -13
right_child=1 2 3 -5 -6 12 -8 8 -10 -11 -12 13 -14 -15
leaf_value=-0.0076163552850974248 0.013247437742954152 -0.014423098944609088 0.0069973853148255416 -0.069894337589429284 -0.0078276772039225194 -0.030194655114693866 0.0088506221126809278 0.021234221840133086 0.047586058868618913 -0.050695741707606892 -0.059122525455134738 -0.029720277285620812 3.8992935088438324e-05 0.0047386220745072836
leaf_weight=421.09472209587693 297.55984804779291 623.4702731128782 535.78829936683178 13.803721927106379 597.04365966655314 54.451786108314991 1067.6568499132991 170.83937081694603 36.605072163045406 29.977599166333675 21.662933468818665 50.468328401446342 1582.0808433480561 192.33165130764246
leaf_count=2301 1805 4952 3366 74 4327 479 5755 959 202 162 105 344 9771 929
internal_value=-8.39097e-05 -0.00233075 -0.0062382 -0.001693 -0.000815975 0.00127244 0.00409611 -0.0014073 0.0066251 0.00329478 -0.0100378 0.00732045 -0.000978808 -0.00251652
internal_weight=5694.83 3704.2 1770.11 1146.64 1132.83 1934.09 1990.64 922.98 480.222 443.617 442.758 413.639 1636.53 242.8
internal_count=35531 24774 12719 7767 7693 12055 10757 5002 2596 2394 2406 2232 10250 1273
cat_boundaries=0 1 3 5 7
cat_threshold=1340675 1106135372 22 2153384461 20 3280309504 63
is_linear=0
shrinkage=0.05


Tree=107
num_leaves=15
num_cat=4
split_feature=7 15 24 1 0 29 0 30 30 25 44 30 25 10
split_gain=18.6882 31.3329 26.356 23.0079 21.2842 35.4776 46.3232 26.9635 25.7833 24.6101 22.4107 20.6713 19.2341 19.1368
threshold=10.500000000000002 3.6337640862937461 0.14560252377650093 1.3723210214318289 77.00500000000001 0 0.50500000000000012 1 2 0.55703620147469068 2.5000000000000004 3 0.55905184980657607 7.5000000000000009
decision_type=2 8 10 10 8 9 10 9 9 10 2 9 10 2
left_child=4 2 -2 11 5 -1 -7 9 12 -6 -9 -4 13 -8
right_child=1 -3 3 -5 7 6 8 10 -10 -11 -12 -13 -14 -15
leaf_value=0.028084809442082071 -0.017092703071799574 -0.0080574224283008113 -0.0052822617047831033 -0.0061299931756421608 0.0050388400450268956 -0.031805658716051524 0.022236033460194052 0.0038001238063144639 -0.0026927489086687999 -0.01350799973418129 0.062828608037366451 0.014591389044669563 0.031809460324609157 -0.020617933386445624
leaf_weight=194.25537017732859 141.09052973799407 1318.278314191848 164.95428033545613 289.59964175894856 275.85136120393872 78.264279212802649 60.154768846929073 1608.6535833999515 240.98634143546224 505.45369435101748 15.247388213872908 596.73744220286608 153.89830333739519 44.410751763731241
leaf_count=942 1518 10660 1413 1593 1419 445 297 8304 1197 2537 79 4235 739 230
internal_value=0.000475582 -0.00274789 0.00312407 0.00585097 0.00302289 0.0102407 0.00365407 0.000702981 0.00933611 -0.00687383 0.00436582 0.0104083 0.0198572 0.00401233
internal_weight=5687.84 2510.66 1192.38 1051.29 3177.18 771.97 577.714 2405.21 499.45 781.305 1623.9 761.692 258.464 104.566
internal_count=35608 19419 8759 7241 16189 3850 2908 12339 2463 3956 8383 5648 1266 527
cat_boundaries=0 1 3 5 7
cat_threshold=2371606 3383837713 54 3287024897 53 1126450432 36
is_linear=0
shrinkage=0.05


Tree=108
num_leaves=15
num_cat=3
split_feature=22 30 0 21 3 30 28 28 21 24 30 0 5 32
split_gain=19.1992 23.8906 23.6469 17.8873 16.8524 22.916 14.6695 24.9057 21.4189 23.0329 19.2038 27.8287 19.3586 18.6706
threshold=-2.878333333333333 0 66.010000000000005 1.0079446919862824 1.0000000180025095e-35 1 0.52307241608944577 0.52186403336055687 0.98929407201245356 0.51473526368323219 2 89.00500000000001 1.588966386554622 5.5000000000000009
decision_type=8 9 8 8 8 9 8 10 8 10 9 10 8 10
left_child=1 3 -3 -1 5 -2 7 8 9 -6 11 12 -10 -8
right_child=4 2 -4 -5 6 -7 13 -9 10 -11 -12 -13 -14 -15
leaf_value=0.016645169990636397 0.014973072068713806 0.059522981553474047 0.01151215134828539 -0.019660832418529717 -0.01924665785954139 -0.029672288382704106 0.0091914565930477261 -0.023017507790947151 0.0066601282995489763 0.022692914936063343 -0.00098642409194316517 -0.017693492760730369 0.030495286011499041 -0.020957618316845464
leaf_weight=67.115878101438284 34.913919242098927 45.652871442958713 58.315548777580261 66.595039717853069 253.08497306704521 93.436755737289786 600.01782282814384 128.08500197902322 218.92329459637403 36.722718520089984 3818.8417403511703 73.100536914542317 139.24744404479861 55.205975202843547
leaf_count=459 372 289 355 424 2137 1063 3508 736 1329 241 23157 377 793 317
internal_value=-0.000202685 0.0136777 0.0300932 -0.00134872 -0.000810245 -0.0186424 -0.000376866 -0.00136063 -0.000744693 -0.0138726 0.000153526 0.0100176 0.0159857 0.00662318
internal_weight=5689.26 237.679 103.968 133.711 5451.58 128.351 5323.23 4668.01 4539.92 289.808 4250.11 431.271 358.171 655.224
internal_count=35557 1527 644 883 34030 1435 32595 28770 28034 2378 25656 2499 2122 3825
cat_boundaries=0 2 4 5
cat_threshold=1140343884 24 2684389440 40 2203062276
is_linear=0
shrinkage=0.05


Tree=109
num_leaves=15
num_cat=2
split_feature=32 22 23 30 0 7 27 24 30 24 32 19 28 24
split_gain=19.2196 17.4152 23.2243 22.2705 18.5776 27.2799 18.2852 28.701 28.1239 21.6496 27.5518 19.0122 17.2318 22.7674
threshold=2.5000000000000004 -2.878333333333333 -1.0000000180025095e-35 0 77.970000000000013 4.5000000000000009 0.63518719221608422 0.83886639676113373 1 0.65733303699636736 3.5000000000000004 88.215000000000018 0.16523359956869296 0.084446164710343177
decision_type=8 8 8 9 8 2 8 8 9 8 8 10 10 10
left_child=-1 3 -3 -2 -5 -6 7 12 -8 10 11 -10 -4 -14
right_child=1 2 6 4 5 -7 8 -9 9 -11 -12 -13 13 -15
leaf_value=0.01837032375540127 -0.010664799475283237 -0.028644163109907386 0.013852625770955163 0.039996775261830653 0.03589070752803495 -0.022638320664340156 -0.020376137399202812 -0.075609006797897296 0.036551365673750745 -0.0052055250704777607 -0.0020694379081531893 0.0025936291305800139 -0.02667854106287991 -0.0011576970645822983
leaf_weight=143.90453403070569 66.614848930388689 72.117080228403211 185.37141410633922 84.627360731363297 38.085218854248524 39.622143000364304 64.358977982774377 11.942174062132834 183.06087630800903 118.43361828476191 102.45466641336679 53.319533284753561 88.153119787573814 4429.2589420434088
leaf_count=828 436 573 1665 568 249 237 417 52 991 746 634 271 874 27038
internal_value=0.000394356 -7.60294e-05 -0.000659451 0.0133953 0.022546 0.00613893 -0.000268639 -0.00125202 0.00860503 0.0128831 0.0195815 0.0289348 -0.00104717 -0.00166151
internal_weight=5681.32 5537.42 5308.47 228.95 162.335 77.7074 5236.35 4714.73 521.628 457.269 338.835 236.38 4702.78 4517.41
internal_count=35579 34751 33261 1490 1054 486 32688 29629 3059 2642 1896 1262 29577 27912
cat_boundaries=0 2 4
cat_threshold=1097878604 16 2169593864 6
is_linear=0
shrinkage=0.05


Tree=110
num_leaves=15
num_cat=5
split_feature=7 26 34 28 30 30 28 30 11 11 27 30 27 4
split_gain=16.1618 22.6841 27.3204 26.5439 22.82 20.4233 18.198 19.0974 18.1804 19.5755 17.4402 28.2648 29.6698 21.2976
threshold=7.5000000000000009 506.50000000000006 0 0.32244230403288793 1 2 0.39299388449336853 3 8.9161377264534742 10.196419331800621 0.49042638448567571 4 0.50251095974752469 -18.846872500910962
decision_type=2 2 1 8 9 9 8 9 2 2 10 9 10 10
left_child=10 2 -2 -3 -5 -4 7 -6 -7 -10 -1 -12 13 -13
right_child=1 3 5 4 6 8 -8 -9 9 -11 11 12 -14 -15
leaf_value=0.0064138814165220805 -0.026688368356909992 -0.041511989988832078 0.0069136896802012614 -0.023381855977064499 0.038069215402861484 -0.0037538123367620198 -0.008166351067779418 0.00031906411426026871 0.02393252714096086 -0.042375294799629148 -0.018837224125218224 -0.054129647807371478 0.0069181125547852418 0.0073619642841362305
leaf_weight=1551.796695029363 91.465901382267475 60.662267426028848 918.01498300768435 148.32536206021905 39.305481743067503 1555.8895911630243 316.87593485973775 111.37857762724161 102.09248330444098 11.558709587901829 191.79997707158327 35.548244126141071 500.75980240851641 22.555413313210011
leaf_count=8466 618 624 6390 1073 222 10763 2087 714 632 80 951 169 2593 113
internal_value=0.00016341 -0.00204996 1.7153e-05 -0.0102233 -0.00707923 0.000971095 -0.001341 0.0128829 -0.00232615 0.016878 0.00338863 -0.00286549 0.00292404 -0.0305384
internal_weight=5658.03 3355.57 2679.02 676.548 615.885 2587.56 467.56 150.684 1669.54 113.651 2302.46 750.663 558.863 58.1037
internal_count=35495 23203 18483 4720 4096 17865 3023 936 11475 712 12292 3826 2875 282
cat_boundaries=0 1 3 5 7 9
cat_threshold=1 3559503 20 2192687630 54 2684387344 34 2713731599 36
is_linear=0
shrinkage=0.05


Tree=111
num_leaves=15
num_cat=5
split_feature=8 8 20 19 21 30 24 30 27 3 30 26 30 30
split_gain=19.0292 24.9616 26.1176 24.473 18.7055 18.8849 18.736 18.4127 17.8124 17.8328 17.6583 17.1518 20.6102 18.769
threshold=-2.4999999999999996 1.5000000000000002 44.650000000000006 84.725000000000009 0.99578700303606482 0 0.28423806559794212 1 0.51597235099644301 0.074208513522731681 2 55.500000000000007 3 4
decision_type=8 10 10 10 8 9 10 9 10 10 9 2 9 9
left_child=8 2 4 7 10 6 -6 -3 9 -1 -2 13 -13 -5
right_child=1 3 -4 11 5 -7 -8 -9 -10 -11 -12 12 -14 -15
leaf_value=0.043402944758419049 0.010740707672417096 -0.001861849104844661 -0.055707856362265377 0.016789824983278873 0.021976532264418844 -0.0060065569990321458 -0.0020172418649192963 0.008048262077143516 0.081855233380847381 -0.0015993413021007812 -0.030326899041595308 -0.0079453412456137566 0.0053325752656531167 -0.015620661072780104
leaf_weight=32.281739331781864 32.013577213510871 672.92903415486217 24.541077647358179 43.45722908526659 131.72359978035092 1293.2473339494318 209.85790333151817 1534.522264059633 9.7188438251614553 64.820025645196438 107.44270545244217 481.47487507760525 707.85512461327016 355.90873696655035
leaf_count=169 372 3648 218 206 842 10089 1542 8567 50 324 1461 2610 3751 1862
internal_value=-0.000247237 -0.000648072 -0.00549799 0.00165093 -0.00477252 -0.00326598 0.00706632 0.00505576 0.0205587 0.0136517 -0.0222845 -0.00308019 -6.6815e-05 -0.0120316
internal_weight=5701.79 5594.97 1798.83 3796.15 1774.29 1634.83 341.582 2207.45 106.821 97.1018 139.456 1588.7 1189.33 399.366
internal_count=35711 35168 14524 20644 14306 12473 2384 12215 543 493 1833 8429 6361 2068
cat_boundaries=0 2 4 6 8 10
cat_threshold=2696970261 6 2739441173 6 639643648 39 3766691150 18 1612717056 16
is_linear=0
shrinkage=0.05


Tree=112
num_leaves=15
num_cat=3
split_feature=2 1 44 30 54 26 7 30 16 15 24 29 22 22
split_gain=14.4774 17.694 17.1798 17.0658 15.7756 17.9142 16.9835 23.3461 29.7098 22.3361 21.6578 34.2411 31.3539 21.666
threshold=85.889563623679535 0.79187293729372954 2.5000000000000004 0 82.500000000000014 421.00000000000006 15.500000000000002 1 -1.0000000180025095e-35 0.002934550638823558 0.33721302902968897 2 -0.95999999999999985 3.7916666666666674
decision_type=2 8 2 9 10 2 2 9 8 8 10 9 10 10
left_child=2 -2 4 -3 6 -6 7 8 -1 -10 11 13 -13 -9
right_child=1 3 -4 -5 5 -7 -8 10 9 -11 -12 12 -14 -15
leaf_value=0.011008280589472534 0.037023131939760846 0.013873791693529154 0.023686929851988614 -0.016159234151987254 0.032745996297458189 -0.031965805474890856 -0.0051538664651452314 -0.0015887060198385402 -0.02019884255961522 -0.0033609548800115872 0.00097443906957275111 0.023809829028200443 -0.044935381556505678 0.05592359440694003
leaf_weight=292.9355699159205 18.367165394127369 48.974529903382063 77.886030416935682 309.31517497450113 65.267322482541203 11.922543365508316 1279.3287706561387 413.79803659766912 243.96930272504687 1007.9973124694079 1486.6875809449703 415.66407849267125 16.375834297388792 16.048818908631802
leaf_count=1494 142 274 454 1727 419 70 12322 2008 1339 5160 7849 2144 195 87
internal_value=-0.000143661 -0.0096038 0.000526805 -0.0120904 0.000178768 0.0224698 -0.000158142 0.00148427 -0.00328013 -0.00665564 0.0046127 0.0109335 0.02063 0.000667894
internal_weight=5704.54 376.657 5327.88 358.29 5250 77.1899 5172.81 3893.48 1544.9 1251.97 2348.57 861.887 432.04 429.847
internal_count=35684 2143 33541 2001 33087 489 32598 20276 7993 6499 12283 4434 2339 2095
cat_boundaries=0 2 4 5
cat_threshold=1837060 4 137361429 23 91172
is_linear=0
shrinkage=0.05


Tree=113
num_leaves=15
num_cat=2
split_feature=60 32 28 28 28 29 24 30 7 24 23 24 7 20
split_gain=12.671 12.3547 13.8984 21.0849 22.7168 19.8872 20.9297 24.0645 17.9339 16.7875 15.3944 20.7303 18.6903 15.6659
threshold=254.50000000000003 2.5000000000000004 0.529022408852725 0.49679328627915503 0.50003276056034207 0 0.32824664002860199 1 14.500000000000002 0.52091643352403361 19.280208333333334 0.46129897549630577 4.5000000000000009 -9.5399999999999974
decision_type=8 8 8 10 10 9 8 9 2 10 10 10 2 10
left_child=-1 -2 3 10 -5 6 -4 9 -9 -8 13 -12 -13 -3
right_child=1 2 5 4 -6 -7 7 8 -10 -11 11 12 -14 -15
leaf_value=-0.038144769112301941 0.014177265946497897 0.0015724322499894522 0.044559394284682856 -0.063139941804897778 -0.010806823476058325 -0.005058800134540708 -0.027594135854739462 0.025500081304215022 -0.0064069458573343023 0.0094982689579640057 -0.046722619302486772 0.043806277928032218 -0.016690710073140574 -0.0050432531510775907
leaf_weight=21.03302600979805 145.49275214970112 3249.5040767025203 45.857832899317145 21.975487675517797 221.70082491263747 243.55143557675183 62.656271930783987 191.27109660208225 56.670624107122421 57.830154368653893 41.155988873913884 15.884023785591124 51.375043930485845 1233.7611770927906
leaf_count=119 842 20364 246 141 1223 1484 421 982 528 355 518 73 490 7747
internal_value=-0.000301239 -0.000153339 -0.000535411 -0.00146341 -0.0157652 0.00627759 0.0127529 0.00902931 0.0175076 -0.00910934 -0.00070116 -0.0192313 -0.00197117 -0.000248874
internal_weight=5659.72 5638.69 5493.19 4835.36 243.676 657.837 414.286 368.428 247.942 120.486 4591.68 108.415 67.2591 4483.27
internal_count=35533 35414 34572 30556 1364 4016 2532 2286 1510 776 29192 1081 563 28111
cat_boundaries=0 1 3
cat_threshold=3186947 2213571600 12
is_linear=0
shrinkage=0.05


Tree=114
num_leaves=15
num_cat=5
split_feature=7 30 32 11 30 11 51 29 19 30 16 30 10 28
split_gain=15.9029 15.563 14.2384 15.7974 21.7655 20.8505 18.9131 18.6352 27.229 32.1535 24.1153 34.441 44.893 21.3363
threshold=43.500000000000007 0 2.5000000000000004 6.4340246862154196 1 9.9131262420778139 1.0000000180025095e-35 2 97.500000000000014 3 6.585 4 1.0000000180025095e-35 0.28807482085047131
decision_type=2 9 8 2 9 2 2 9 8 9 8 9 2 8
left_child=2 -2 -1 7 5 -5 -6 -4 9 -9 11 12 -11 -10
right_child=1 -3 3 4 6 -7 -8 8 13 10 -12 -13 -14 -15
leaf_value=0.015216315568754153 -0.030083998339448411 0.00013015417486691143 -0.0097465264295168823 0.0098945643653496774 -0.0025617027901954567 -0.035069025401129016 0.024043520516309199 0.0047287456209655788 0.021397258825596628 -0.032061523414447117 -0.018265798128226436 -0.01543354413702723 0.032099634694805583 0.0021070491077955803
leaf_weight=144.01917587220669 78.709570858627558 90.851405508816242 769.1354668289423 867.57585821859539 1446.728771161288 25.610412146896124 69.032988727092743 505.42126017250121 182.30467745848 34.666038192808628 496.28206301480532 173.98978943005204 116.01692648977041 658.8254379760474
leaf_count=803 1538 1054 4633 4980 8760 138 367 3004 1244 163 3088 984 628 4165
internal_value=-0.000709773 -0.0157455 -0.000242572 -0.000661829 0.00233871 0.00847279 -0.00132621 -0.00312315 -0.000721174 -0.00518586 -0.0112093 -0.000744167 0.0161594 0.00630841
internal_weight=5659.17 169.561 5489.61 5345.59 2408.95 893.186 1515.76 2936.64 2167.51 1326.38 820.955 324.673 150.683 841.13
internal_count=35549 2592 32957 32154 14245 5118 9127 17909 13276 7867 4863 1775 791 5409
cat_boundaries=0 2 4 5 7 8
cat_threshold=42779720 42 18842948 23 225344 846346835 40 2156413184
is_linear=0
shrinkage=0.05


Tree=115
num_leaves=15
num_cat=0
split_feature=55 22 27 28 24 27 2 24 25 25 15 15 24 10
split_gain=15.1495 15.0398 27.8733 24.9386 36.6067 43.9838 27.5611 20.1581 24.4988 28.4388 19.0673 18.2155 19.3994 17.413
threshold=31.500000000000004 -1.1749999999999998 0.46134346838677148 0.36102178876956587 0.58218209326987924 0.43295364803261971 0.76653334081114866 0.37749732088680149 0.37004971039044188 0.30632247855230305 0.12716398089454109 5.0996067838991399 0.20577984003231176 7.5000000000000009
decision_type=8 10 10 10 10 10 2 10 10 10 8 8 8 2
left_child=-1 3 -3 4 5 6 11 8 9 10 -5 -2 -13 -8
right_child=1 2 -4 7 -6 -7 13 -9 -10 -11 -12 12 -14 -15
leaf_value=0.011046497210346853 0.012273527559599106 -0.015853282379940884 0.010208954265679178 -0.04433600501987682 -0.039971940584791643 0.02700640689983122 5.8211613678689966e-05 -0.00038251371264291941 -0.0034589627174931845 -0.061714120628861113 -0.0066058163400716354 0.017002423944774074 -0.0029846763416935822 -0.017114667837429039
leaf_weight=304.67087158001959 727.88542680256069 366.00328544154763 141.6022747065872 42.927801381796598 45.227708380669355 205.37181123159826 449.75285108014941 1800.2206663452089 413.26628447324038 39.932205099612474 142.87939129211009 151.91902492195368 588.12461870163679 218.72790754213929
leaf_count=1963 4767 3135 1038 336 247 1250 2471 10313 2348 264 930 1204 3878 1246
internal_value=0.000221123 -0.000399181 -0.00857715 0.000462546 0.00409498 0.00496276 0.00283208 -0.00309235 -0.010714 -0.0239223 -0.0155135 0.00666311 0.00113576 -0.00557795
internal_weight=5638.51 5333.84 507.606 4826.24 2387.01 2341.78 2136.41 2439.23 639.006 225.739 185.807 1467.93 740.044 668.481
internal_count=35390 33427 4173 29254 15063 14816 13566 14191 3878 1530 1266 9849 5082 3717
is_linear=0
shrinkage=0.05


Tree=116
num_leaves=15
num_cat=6
split_feature=8 5 2 30 11 30 29 30 29 0 23 16 10 30
split_gain=13.9428 15.9197 12.9927 16.2838 13.7724 25.8935 25.0633 21.0447 19.3061 15.2862 18.0827 14.8025 17.11 27.0253
threshold=-6.4999999999999991 1.0557777777777779 85.889563623679535 0 6.9217715674756519 1 2 3 4 96.50500000000001 -7.4991666666666656 -1.0000000180025095e-35 1.0000000180025095e-35 5
decision_type=8 10 2 9 2 9 9 9 9 10 10 8 2 9
left_child=-1 2 4 -4 5 11 -7 8 -6 -8 -11 12 -2 -14
right_child=1 -3 3 -5 7 6 9 -9 -10 10 -12 -13 13 -15
leaf_value=0.021319843884249179 -0.014149388975494762 -0.029768519927039456 -0.027344742048901301 -0.0028075912887356971 -0.023101880174371797 -0.020867041404900491 0.0054972395042350627 0.0016993729748255295 0.020564084555738694 -0.023227930020165571 0.047191384431773536 -0.0074853566059215997 0.033473228962461861 -0.0024440027441250504
leaf_weight=74.61718737334013 84.030136793851852 44.442855697125196 81.383070725947618 284.43849265947938 20.646573521196842 93.283788561820984 1678.0035737045109 1280.0118338596076 260.82783381640911 80.941262986510992 9.3183626532554609 1474.6202223747969 77.572895940393209 131.77190468646586
leaf_count=370 420 599 482 1619 106 635 11011 8063 1520 466 51 9159 422 737
internal_value=-6.8621e-06 -0.000294719 -5.36782e-05 -0.00914794 0.00058885 -0.00110049 0.00301055 0.00451377 0.0166127 0.00439142 -0.0155204 -0.00541473 0.00479919 0.0124362
internal_weight=5675.91 5601.29 5556.85 365.822 5191.03 3629.54 1861.55 1561.49 281.474 1768.26 90.2596 1768 293.375 209.345
internal_count=35660 35290 34691 2101 32590 22901 12163 9689 1626 11528 517 10738 1579 1159
cat_boundaries=0 2 4 5 7 8 10
cat_threshold=536888344 34 1104078101 7 8192 1073795100 2 1048610 540672 1
is_linear=0
shrinkage=0.05


Tree=117
num_leaves=15
num_cat=6
split_feature=28 24 30 28 29 30 24 14 27 30 30 28 28 30
split_gain=17.2551 23.9275 25.3314 15.4923 35.2362 33.5996 25.4689 35.6909 22.6596 27.5509 24.4156 26.3311 38.2313 22.5075
threshold=0.54214769292957055 0.58218209326987924 0 0.39484035224186947 1 2 0.37749732088680149 1.1254999999999997 0.44289735844929651 3 4 0.32003501639562232 0.28894565673636202 5
decision_type=8 8 9 10 9 9 10 10 10 9 9 10 10 9
left_child=3 2 -2 8 5 -5 7 -7 9 -1 -10 12 -12 -6
right_child=1 -3 -4 4 13 6 -8 -9 10 -11 11 -13 -14 -15
leaf_value=-0.0075136837531679561 -0.0031798925890095006 -0.0075422241368793058 0.021814756780231887 0.0011573917281197542 0.021138363726849841 -0.039481242648638004 -0.0099043646650609617 0.017056699671345189 0.025531377765895216 0.0029838268076207547 0.016564283825460904 0.01063643234035274 -0.049215791758616463 -0.0027009566040115283
leaf_weight=957.14075400680304 152.55050553567708 182.0220936909318 303.07910491153598 559.36832084879279 177.54974464327097 169.33661886490881 636.57228057086468 32.793327251449227 169.48598882555962 1753.4697876386344 38.296329002827406 261.14931494370103 49.962177962064743 209.70434643700719
leaf_count=6545 978 1138 1801 3196 1044 1186 3664 181 986 11441 218 1625 337 1208
internal_value=1.18573e-05 0.00775241 0.0138657 -0.000973729 -0.00471011 -0.00837666 -0.014668 -0.0302698 0.00109263 -0.000741047 0.0106544 0.00258348 -0.0208073 0.00851095
internal_weight=5652.48 637.652 455.63 5014.83 1785.32 1398.07 838.702 202.13 3229.5 2710.61 518.894 349.408 88.2585 387.254
internal_count=35548 3917 2779 31631 10479 8227 5031 1367 21152 17986 3166 2180 555 2252
cat_boundaries=0 2 3 5 7 9 10
cat_threshold=58544388 12 106498 2209557844 40 1647721556 57 541438020 33 571290714
is_linear=0
shrinkage=0.05


Tree=118
num_leaves=15
num_cat=6
split_feature=2 2 30 13 30 30 5 11 14 30 30 27 8 30
split_gain=14.4988 21.8684 14.8015 12.5018 21.3771 11.5724 11.4798 15.0477 11.1598 28.1254 21.6418 18.5979 13.5819 17.0099
threshold=85.889563623679535 141.50729178443098 0 9.2737500000000015 1 2 0.36624859154929584 5.8030997639200441 1.2500000000000004 3 4 0.62175848137535339 84.500000000000014 5
decision_type=2 2 9 10 9 9 10 2 10 9 9 8 8 9
left_child=3 2 -2 8 -5 -3 7 -7 10 11 -1 -10 -12 -14
right_child=1 5 -4 4 -6 6 -8 -9 9 -11 12 -13 13 -15
leaf_value=-0.0066959325823303288 0.0064118793252578316 -0.010444105629589324 -0.02943328843515133 0.012050567918439694 -0.016656349077888835 -0.028512380327632977 -0.029538374019996278 0.027061299368296911 0.00013084377789965467 0.012919819784554649 0.0014575395150213171 -0.031114665553782967 0.028146456987956727 -5.7334721542387745e-05
leaf_weight=828.18420458398759 37.980439316481352 96.012476842850447 128.27930654212832 83.135438105091453 218.18126611970365 13.39010640606284 12.890544556081293 83.617077115923166 281.55837126076221 595.94399525597692 2986.8861988633871 56.317586753517389 99.452715227380395 113.44055625610054
leaf_count=5392 208 590 727 493 1250 73 70 470 1546 3342 19650 271 660 719
internal_value=0.000322197 -0.00920169 -0.0226318 0.00099728 -0.00887459 0.00169928 0.0121528 0.0191777 0.00159844 0.00652014 0.000456087 -0.00500592 0.00232239 0.0145012
internal_weight=5635.27 372.17 166.26 5263.1 301.317 205.91 109.898 97.0072 4961.78 933.82 4027.96 337.876 3199.78 212.893
internal_count=35461 2138 935 33323 1743 1203 613 543 31580 5159 26421 1817 21029 1379
cat_boundaries=0 2 4 6 8 10 12
cat_threshold=2148304976 21 594576900 48 2693301336 34 2165553167 10 292293888 16 8433688 11
is_linear=0
shrinkage=0.05


Tree=119
num_leaves=15
num_cat=5
split_feature=7 0 30 30 28 22 28 28 30 15 29 30 25 28
split_gain=16.6124 19.8458 30.8029 24.3953 20.4531 19.5192 19.2356 18.3549 29.6143 20.1589 23.5977 29.4446 20.3001 19.4887
threshold=6.5000000000000009 92.745000000000019 0 1 0.19132350259105949 -1.0000000180025095e-35 0.67418589845342769 0.55130834071513701 2 10.752881092638331 3 4 4.0886955669936436 0.32829427156682833
decision_type=2 8 9 9 8 8 10 10 9 10 9 9 10 8
left_child=1 3 4 5 -3 -1 7 9 -9 10 12 -12 13 -2
right_child=6 2 -4 -5 -6 -7 -8 8 -10 -11 11 -13 -14 -15
leaf_value=0.039684016753665119 -0.0046699040188899728 0.032098290711589282 0.0069381084705096357 0.015772503894217551 -0.0099294508114698005 -0.0085367559931862382 -0.037753106839970754 -0.017336905625045765 0.028344612356524176 -0.016732324251378938 -0.01234270991288957 0.00017695836148717348 -0.017130813216041544 0.01063704009895231
leaf_weight=22.296301051974297 288.24914103001356 29.377145387232304 719.46049444377422 519.16565538011491 631.42649303004146 211.26103086024523 36.648841634392738 44.756780305877328 103.95684574916959 233.22456760145724 774.0731776766479 1177.3938401732594 100.12168379127979 740.95175068080425
leaf_count=138 1849 154 4040 2819 3378 1029 211 263 592 1429 6295 8144 567 4547
internal_value=-8.5441e-05 0.00339174 -0.000171277 0.00991679 -0.00789605 -0.00362913 -0.00220526 -0.00181824 0.0153076 -0.00259113 -0.00151552 -0.00483047 0.00421732 0.00634964
internal_weight=5632.36 2132.99 1380.26 752.723 660.804 233.557 3499.38 3462.73 148.714 3314.01 3080.79 1951.47 1129.32 1029.2
internal_count=35455 11558 7572 3986 3532 1167 23897 23686 855 22831 21402 14439 6963 6396
cat_boundaries=0 2 4 6 7 9
cat_threshold=2158521373 49 17027650 14 42772546 16 1848624 1139678300 2
is_linear=0
shrinkage=0.05


Tree=120
num_leaves=15
num_cat=0
split_feature=8 5 14 28 28 56 13 26 27 23 27 28 9 25
split_gain=15.6023 17.5378 12.4911 12.5609 25.7554 36.2803 27.7376 26.2111 23.3661 32.0236 26.0662 42.3463 25.0371 20.6937
threshold=-2.4999999999999996 1.080127364864865 12.006250000000003 0.39484035224186947 0.43253636998241601 1.0000000180025095e-35 1.5500000000000003 61.500000000000007 0.44289735844929651 8.0464583333333355 0.59546031780827269 0.38731970153920159 1.0000000180025095e-35 0.63054578246266157
decision_type=8 10 10 10 10 2 10 2 10 10 10 10 2 8
left_child=-1 2 3 8 5 -5 -7 -6 9 13 -10 12 -12 -2
right_child=1 -3 -4 4 7 6 -8 -9 10 -11 11 -13 -14 -15
leaf_value=0.018372525914006736 0.0072441518101238238 -0.036800603010188421 -0.014667074262909325 -0.018942295758795399 -0.0062304554973143895 -0.010045886651879754 0.017437772574719561 0.0085073085163954662 0.018766252656226896 -0.033778897608870602 -0.075786146493156542 0.029726045156970193 -0.0095762007488677352 -0.0018685338609506768
leaf_weight=111.56998837739229 941.8733427207917 31.948264488950372 144.50477351062 464.40163092873991 555.72780020721257 208.28156341798604 162.56046960130334 657.63939758762717 359.91923049278557 65.920132907107472 23.436386762186885 38.859372287988663 35.168995585292578 1835.4973697606474
leaf_count=559 6158 514 760 2905 3345 1224 860 3735 2320 712 136 197 180 11917
internal_value=-5.53357e-05 -0.000430669 -0.000212507 0.000180635 -0.00289396 -0.00964559 0.00201621 0.00175777 0.00208922 0.000400195 0.0125651 -0.0102924 -0.0368809 0.00122329
internal_weight=5637.31 5525.74 5493.79 5349.29 2048.61 835.244 370.842 1213.37 3300.67 2843.29 457.384 97.4648 58.6054 2777.37
internal_count=35522 34963 34449 33689 12069 4989 2084 7080 21620 18787 2833 513 316 18075
is_linear=0
shrinkage=0.05


Tree=121
num_leaves=15
num_cat=1
split_feature=7 28 19 8 7 1 20 3 29 6 28 28 24 25
split_gain=21.779 21.1604 24.2299 14.2196 13.4952 12.8953 12.8763 14.2116 22.7157 25.5609 18.761 17.0266 15.4666 14.9593
threshold=48.500000000000007 0.31136373961603053 6.6500000000000012 -2.4999999999999996 69.500000000000014 0.32299679487179495 -83.524999999999991 0.55847973492535752 0 5.5000000000000009 0.52307241608944577 0.52186403336055687 0.20919993547187996 0.77517566925964987
decision_type=2 10 10 8 2 8 8 8 9 10 10 10 8 8
left_child=3 -2 4 -1 -3 -5 -7 -8 12 10 11 -10 13 -9
right_child=1 2 -4 5 -6 6 7 8 9 -11 -12 -13 -14 -15
leaf_value=0.018900874536116715 -0.035782670074886141 0.013622993145653951 -0.037738620856077085 -0.013299376295497775 0.095180071427601501 -0.015790835077807631 0.0040577626302378458 0.050896807982112297 0.0021167068987183323 -0.016529765987816185 0.019031474514609809 -0.025174852975076673 -0.013814776014357131 -0.022670303758295166
leaf_weight=107.63569384068251 76.989014273509383 15.049823045730593 14.956347515806554 160.20288502052426 6.9852576069533816 110.03363299556077 2566.0010750796646 17.656788118183613 1739.5699672643095 188.81511165946722 160.1335873901844 58.091618046164513 426.53990652784705 10.237838465720417
leaf_count=536 1437 149 208 2294 82 687 16215 87 9142 1377 860 290 2204 59
internal_value=0.000542826 -0.0209961 0.00991048 0.000989283 0.0424867 0.000631297 0.00105665 0.00141841 -0.00118595 0.000985194 0.00268699 0.00122127 -0.0111972 0.0240462
internal_weight=5658.9 113.98 36.9914 5544.92 22.0351 5437.28 5277.08 5167.05 2601.04 2146.61 1957.8 1797.66 454.435 27.8946
internal_count=35627 1876 439 33751 231 33215 30921 30234 14019 11669 10292 9432 2350 146
cat_boundaries=0 1
cat_threshold=2692178
is_linear=0
shrinkage=0.05


Tree=122
num_leaves=15
num_cat=1
split_feature=7 28 28 24 10 27 7 27 23 29 23 24 1 28
split_gain=15.5546 17.7264 16.9847 25.7425 16.5884 19.0847 17.5559 16.3356 35.8207 22.402 29.8875 36.8598 26.167 19.1333
threshold=6.5000000000000009 0.68612326207708219 0.62676657573566796 0.87411960992496507 1.0000000180025095e-35 0.5225542341329652 41.500000000000007 0.490378195259978 18.18729166666667 0 6.0718750000000012 0.46129897549630577 2.5042372881355939 0.28955772009209396
decision_type=2 10 8 10 2 8 2 10 10 9 10 10 8 10
left_child=2 4 3 7 6 -6 -2 9 13 10 12 -12 -1 -9
right_child=1 -3 -4 -5 5 -7 -8 8 -10 -11 11 -13 -14 -15
leaf_value=0.017570461423587307 -0.0052883119806658467 -0.038772390709492004 0.02060483590036357 -0.066945276924793407 -0.0011780605996749302 0.011472142814805825 -0.035107165843657077 0.047115833000410667 0.044585992947991426 -0.004190997246163071 -0.047989481843985819 0.02831686728722287 -0.002080698584256779 -0.0079391758390355439
leaf_weight=655.57710168883204 1075.2065231874585 31.520415838807821 133.15122649818659 12.361580550670622 1981.5738556496799 349.92454650625587 50.78828202560544 15.213625743985174 35.263425596058369 392.33302995562553 44.597828585654497 23.4259884506464 228.04106258973479 610.9074770770967
leaf_count=3786 6556 190 803 53 14317 2140 697 74 204 1934 342 103 1334 3036
internal_value=3.28287e-05 -0.00202867 0.00337625 0.00222968 -0.00168258 0.000724658 -0.00666326 0.00268925 -0.00373995 0.00585355 0.00993438 -0.0216816 0.0125023 -0.00652844
internal_weight=5639.89 3489.01 2150.87 2017.72 3457.49 2331.5 1125.99 2005.36 661.385 1343.98 951.642 68.0238 883.618 626.121
internal_count=35569 23900 11669 10866 23710 16457 7253 10813 3314 7499 5565 445 5120 3110
cat_boundaries=0 1
cat_threshold=569989
is_linear=0
shrinkage=0.05


Tree=123
num_leaves=15
num_cat=6
split_feature=7 3 29 11 30 30 25 30 8 27 25 29 29 7
split_gain=19.6733 20.692 33.1891 27.6446 25.5359 23.3052 28.9014 21.3998 21.0389 20.8514 19.2332 17.7332 17.4948 19.5519
threshold=10.500000000000002 0.16185190716306203 0 6.1733901913371669 1 2 0.36362668058428566 3 -3.4999999999999996 0.87769375015090112 9.0095441523038886 4 5 21.500000000000004
decision_type=2 10 9 2 9 9 10 9 10 8 10 9 9 2
left_child=-1 5 3 -3 -4 9 8 10 -7 12 -5 -8 13 -2
right_child=1 2 4 7 -6 6 11 -9 -10 -11 -12 -13 -14 -15
leaf_value=0.0026628929264604639 0.021111206944381285 -0.017584669338087094 -0.025285575827723512 0.024501707053909801 -0.0068374831292465398 0.050946508857266315 -0.0048871761419335275 -0.00076725403447723941 -0.021622776436973079 0.035519600010617255 -0.035949072882919021 0.019345574405726221 -0.023927615226919823 -0.015687625558199882
leaf_weight=3156.2765306271613 64.748458463698626 154.18787547945976 287.70621840283275 180.40568409115076 579.13536174781621 10.177162447944282 95.620999664068222 395.36289118416607 96.333981805481017 24.017828699201345 13.315950110554693 358.47492360696197 137.91641989909112 79.039630586281419
leaf_count=16310 424 951 2367 1000 3913 91 859 2287 1200 213 84 3116 1634 1171
internal_value=4.58177e-05 -0.00328943 -0.0066405 0.00117914 -0.0132006 0.00293918 0.00890723 0.00613187 -0.0142794 -0.00802657 0.0191973 0.014561 -0.0121357 0.000855347
internal_weight=5632.72 2476.44 1610.11 743.272 866.842 866.329 560.607 589.085 106.511 305.722 193.722 454.096 281.705 143.788
internal_count=35620 19310 10602 4322 6280 8708 5266 3371 1291 3442 1084 3975 3229 1595
cat_boundaries=0 1 3 5 7 8 9
cat_threshold=288003 1093454152 34 1074615637 45 1075531844 37 3154064 1062020
is_linear=0
shrinkage=0.05


Tree=124
num_leaves=15
num_cat=0
split_feature=20 16 7 0 19 27 7 15 24 1 28 26 26 7
split_gain=12.0655 12.4514 22.2289 14.7867 13.6594 17.0076 15.4874 22.395 22.0293 17.7408 26.1695 16.8952 31.7819 20.7953
threshold=38.125000000000007 -1.0000000180025095e-35 32.500000000000007 99.995000000000019 83.950000000000017 0.14181275464691645 5.5000000000000009 6.5858826201194836 0.19794645926355225 1.4307130825379002 0.16523359956869296 1.5000000000000002 114.50000000000001 -1.4999999999999998
decision_type=10 8 2 10 10 8 2 8 8 8 10 2 2 2
left_child=1 2 3 -1 5 -3 11 9 -9 10 -8 13 -13 -7
right_child=-2 4 -4 -5 -6 6 7 8 -10 -11 -12 12 -14 -15
leaf_value=0.0096729553915324475 -0.023365991208380326 -0.012536112873065212 -0.040500532963823915 -0.026909403321799336 -0.0048397162644426821 -0.016945475783914223 0.074420126072118134 0.017194018656968211 -0.0077226945733178017 -0.0063661907082239837 0.0062752271411564949 -0.015969320363972871 0.010826241827244405 0.024017188751963361
leaf_weight=652.70068916492164 53.576239639893174 215.51544902287424 23.349991081282496 27.895495068281889 1384.6366115678102 35.177494779229164 13.287970377132295 96.656266085803509 972.73527713865042 310.27551631070673 1069.273828279227 156.35521190240979 372.04630154371262 224.98413233458996
leaf_count=3489 401 2111 305 189 7580 174 128 766 7545 1770 6839 826 2008 1403
internal_value=2.87571e-05 0.000258562 0.00646783 0.00813628 -0.000643645 0.00103341 0.0019366 -1.74047e-05 -0.00545665 0.00415966 0.00717958 0.00803013 0.00288219 0.0184348
internal_weight=5608.47 5554.89 703.946 680.596 4850.94 3466.31 3250.79 2462.23 1069.39 1392.84 1082.56 788.563 528.402 260.162
internal_count=35534 35133 3983 3678 31150 23570 21459 17048 8311 8737 6967 4411 2834 1577
is_linear=0
shrinkage=0.05


Tree=125
num_leaves=15
num_cat=3
split_feature=7 29 29 30 25 28 8 24 24 3 1 1 27 28
split_gain=15.0873 19.1119 17.7517 27.3266 22.7265 28.8341 33.6177 24.9961 24.3669 23.0703 30.5809 27.2874 21.6257 21.6127
threshold=5.5000000000000009 0 1 2 0.37473311261909187 0.35205023200391966 23.500000000000004 0.38533604372641844 0.76978536627477223 0.23711052777494934 0.66501650165016513 0.78614982578397219 0.4381839355183072 0.36829165121381385
decision_type=2 9 9 9 8 10 8 10 10 10 10 10 10 8
left_child=1 -1 -2 -4 7 6 9 -5 13 10 -6 -11 -7 -9
right_child=2 -3 3 4 5 12 -8 8 -10 11 -12 -13 -14 -15
leaf_value=0.0064939048830574249 0.0016998683379222509 -0.005146873805645563 -0.014964635511822883 -0.02433559911538093 0.0094669507222941932 -0.024836110861597805 -0.0095907350666597432 -0.029849657314495671 -0.058623079729770294 -0.020739365598004801 0.056190979494229326 0.025688701831855766 0.00088652779051588769 0.01355322534639674
leaf_weight=1508.9563301689923 1920.49168513529 451.89441248774529 503.15203963965178 186.72721749357879 60.953147673979402 105.43269435316324 111.96554691717029 34.017634058371186 14.911099173128603 51.081904975697398 82.848644278943539 79.832649268209934 351.50749257579446 158.0669410508126
leaf_count=8481 12035 2325 4304 1531 716 712 677 318 79 394 392 373 2212 1031
internal_value=0.000278625 0.0038168 -0.00161697 -0.00525528 -0.00121001 0.00340992 0.0134413 -0.0111233 0.000855057 0.0228292 0.0365883 0.00755292 -0.00508989 0.00575191
internal_weight=5621.84 1960.85 3660.99 1740.5 1237.34 843.622 386.682 393.723 206.996 274.716 143.802 130.915 456.94 192.085
internal_count=35580 10806 24774 12739 8435 5476 2552 2959 1428 1875 1108 767 2924 1349
cat_boundaries=0 1 2 3
cat_threshold=3969188 1340675 1097750861
is_linear=0
shrinkage=0.05


Tree=126
num_leaves=15
num_cat=6
split_feature=7 10 30 30 56 24 26 10 24 30 34 30 29 0
split_gain=12.2903 18.7478 24.7 19.9314 25.8838 22.6983 21.713 45.7054 35.8756 30.3434 25.6207 24.7197 20.6405 19.9837
threshold=8.5000000000000018 16.500000000000004 0 1 1.0000000180025095e-35 0.61668347489802866 1009.0000000000001 1.0000000180025095e-35 0.49551202246203246 2 3 4 5 81.535000000000011
decision_type=2 2 9 9 2 10 2 2 8 9 1 9 9 8
left_child=1 3 -3 4 6 -6 9 8 -8 10 -1 -9 -12 -5
right_child=-2 2 -4 13 5 -7 7 11 -10 -11 12 -13 -14 -15
leaf_value=-0.052100770487973597 -0.002243089977888634 -0.026126991415343373 0.0012748253001578502 0.018720488917508497 0.009144377636321149 -0.057046772294437054 -0.0063462376131511126 0.037482046554940078 -0.080761807740550612 -0.0020259905955315265 0.02312532451501266 -0.0051782937611806207 -0.026636540722898994 0.0046374468784222463
leaf_weight=84.369776997715235 2743.6085435897112 114.73426056466997 242.48046707361937 323.26466515101492 465.22413949109614 12.334882915019987 69.479719281196594 78.671037189662457 20.199502512812614 197.95675065554678 22.657947458326817 57.326472595334053 50.217107616364956 1133.8450295459479
leaf_count=510 20656 645 1277 1664 2273 63 381 360 86 991 113 300 243 6044
internal_value=0.000149872 0.00243524 -0.00826855 0.00395789 -0.00128383 0.00731909 -0.00837905 0.00374034 -0.0238135 -0.016068 -0.0315023 0.0219511 -0.0115365 0.00771957
internal_weight=5616.37 2872.76 357.215 2515.55 1058.44 477.559 580.878 225.677 89.6792 355.202 157.245 135.998 72.8751 1457.11
internal_count=35606 14950 1922 13028 5320 2336 2984 1127 467 1857 866 660 356 7708
cat_boundaries=0 2 4 6 7 8 9
cat_threshold=3785687298 48 140207108 47 524288 35 4 524288 1409024
is_linear=0
shrinkage=0.05


Tree=127
num_leaves=15
num_cat=4
split_feature=7 32 0 35 7 29 30 15 16 30 0 9 28 30
split_gain=13.3156 23.4912 20.4671 25.6964 20.1106 26.2206 22.5357 24.0119 23.9463 29.9329 18.4147 22.444 26.844 22.901
threshold=5.5000000000000009 2.5000000000000004 77.970000000000013 1.0000000180025095e-35 2.5000000000000004 0 1 4.0747685284053139 6.4316666666666675 2 77.50500000000001 1.5000000000000002 0.29355268574555521 3
decision_type=2 10 10 2 2 9 9 8 8 9 10 2 10 9
left_child=1 -1 -2 -4 5 -3 7 -7 -8 -10 -6 12 -12 -13
right_child=2 4 3 -5 10 6 8 -9 9 -11 11 13 -14 -15
leaf_value=0.024726870201539089 -0.00095500453580479492 -0.027102830978234505 -0.018370807346233205 0.021126336717333896 0.012364286178665029 -0.022200294376341329 0.020594886239479172 0.0057181967363679684 -0.029355030400457949 0.0069594369799244986 0.024517774808577395 -0.013302215279925223 -0.030046681620559179 0.01625701624344494
leaf_weight=115.03877232223749 3297.9042566334829 96.587660491466522 322.32076820544899 46.33979456871748 559.18889618292451 190.98039503954351 180.94261510483921 128.04413424804807 66.349292669445276 203.74471382424235 27.858268409967422 90.293167740106583 104.37780213356018 182.49975634366274
leaf_count=694 22952 519 1642 243 3213 1090 977 724 412 1094 139 479 506 937
internal_value=-0.000431794 0.00291034 -0.00220583 -0.0133624 0.00152679 -0.00399822 -0.000708168 -0.0106784 0.00643022 -0.0028628 0.00649172 -0.0016265 -0.0184538 0.00656812
internal_weight=5612.47 1945.91 3666.56 368.661 1830.87 866.649 770.061 319.025 451.037 270.094 964.218 405.029 132.236 272.793
internal_count=35621 10784 24837 1885 10090 4816 4297 1814 2483 1506 5274 2061 645 1416
cat_boundaries=0 1 3 4 6
cat_threshold=1122642 2738137090 63 524288 66081796 4
is_linear=0
shrinkage=0.05


Tree=128
num_leaves=15
num_cat=3
split_feature=54 8 5 7 30 29 11 30 3 7 0 55 7 28
split_gain=12.9678 14.6096 17.3674 15.1374 20.6986 18.6576 14.6301 14.143 15.6065 14.8306 13.6334 13.6296 13.073 12.4511
threshold=82.500000000000014 -2.4999999999999996 1.080127364864865 21.500000000000004 0 1 5.5216209042638686 2 0.91630973250928716 36.500000000000007 0.99500000000000011 31.500000000000004 14.500000000000002 0.16016902200031144
decision_type=10 8 10 2 9 9 2 9 10 2 10 8 2 8
left_child=1 -1 3 11 -5 -6 10 8 9 12 -7 13 -2 -3
right_child=7 2 -4 4 5 6 -8 -9 -10 -11 -12 -13 -14 -15
leaf_value=0.01750750896489971 0.02276723889975869 0.052334893624813444 -0.03889277578754434 -0.018134826333063927 -0.019309602182202332 -0.041846480644800302 0.0067659288722143121 -0.0084718579935497869 -0.020729622766871694 -0.013580429373445328 0.050872829110569021 -0.00065218433641931991 0.073773143517537568 0.0085947518844352363
leaf_weight=103.59978180378675 24.512879781424999 16.830417174845934 29.647433528676629 280.39424105919898 100.07894323207438 26.332222813740376 360.83966376818717 40.715587232261896 11.980497382581232 10.321179164573548 3.7672907523810855 4331.2733294731006 27.827750451862812 195.7181845381856
leaf_count=519 117 94 520 3444 1396 312 3345 252 65 112 58 24100 176 1006
internal_value=-0.000646548 -0.000999095 -0.00136102 -0.00114439 -0.00761552 -0.00119107 0.00384872 0.0158701 0.0266778 0.0401155 -0.028979 -4.43458e-05 0.05076 0.0122871
internal_weight=5563.84 5448.48 5344.88 5315.23 771.412 491.018 390.939 115.358 74.6423 62.6618 30.0995 4543.82 52.3406 212.549
internal_count=35516 34794 34275 33755 8555 5111 3715 722 470 405 370 25200 293 1100
cat_boundaries=0 2 3 5
cat_threshold=42228040 11 3244032 43041860 17
is_linear=0
shrinkage=0.05


Tree=129
num_leaves=15
num_cat=4
split_feature=25 20 30 30 29 20 28 30 24 11 24 25 25 11
split_gain=11.7285 12.0138 32.6944 20.0939 19.0653 17.7469 22.2061 34.6761 27.3565 24.224 20.3505 19.145 18.534 17.9225
threshold=20.058866953995263 -9.4000000000000004 0 1 2 -64.482499999999987 0.36417955250253958 3 0.37909722949222763 7.4779887682695785 0.26783803116421739 0.37004971039044188 0.55905184980657607 6.2383441559080488
decision_type=10 10 9 9 9 10 10 9 10 2 10 10 10 2
left_child=1 3 4 -1 -3 6 7 -5 9 11 -9 -8 -10 -13
right_child=-2 2 -4 5 -6 -7 8 10 12 -11 -12 13 -14 -15
leaf_value=0.0074828749697348033 -0.055794306906565908 0.0017801643063525274 0.0021481606861365062 -0.014987855014676558 -0.019248926594257709 0.0074419317970452412 -0.046333520129460501 -0.00087247482997743642 0.0060369797920372548 0.0025866837106084811 0.012629721605008713 -0.0020918500114039508 -0.0094301004411258774 -0.035886072801466669
leaf_weight=1078.5636543110013 8.3405753374099714 153.93756741844118 916.80577214248478 235.73944581672549 381.76782621070743 578.52760815341026 86.808189149945974 567.14087702706456 356.61206009797752 91.221763148903847 548.17490341700613 88.978531114757061 421.63284429907799 69.363344438374043
leaf_count=6699 73 939 5844 1607 2451 3430 605 4093 2209 535 3403 498 2732 404
internal_value=0.000186839 0.000280577 -0.00362823 0.00165825 -0.0132919 -0.000430357 -0.00228147 0.00202813 -0.00750237 -0.0193946 0.00571797 -0.0275513 -0.00234403 -0.0170281
internal_weight=5583.61 5575.27 1452.51 4122.76 535.705 3044.2 2465.67 1351.06 1114.62 336.372 1115.32 245.15 778.245 158.342
internal_count=35522 35449 9234 26215 3390 19516 16086 9103 6983 2042 7496 1507 4941 902
cat_boundaries=0 2 4 5 7
cat_threshold=2313380107 38 2186392078 38 799616 1610877968 8
is_linear=0
shrinkage=0.05


Tree=130
num_leaves=15
num_cat=2
split_feature=32 11 7 56 30 20 29 25 25 8 27 20 16 3
split_gain=14.619 10.5309 21.2996 20.1141 29.2729 18.0508 17.855 21.1679 51.9618 15.1705 13.7205 13.6268 13.5634 16.0557
threshold=9.5000000000000018 7.5115547185637244 29.500000000000004 15.500000000000002 0 -54.029999999999994 1 1.2796867252346116 1.4541542275434705 -10.499999999999998 0.32003501639562232 36.185000000000009 -1.0000000180025095e-35 0.4373106394789798
decision_type=10 2 2 2 9 8 9 10 8 8 8 10 8 10
left_child=1 2 3 9 10 -3 7 -4 -9 -1 -5 12 -11 -14
right_child=-2 5 6 4 -6 -7 -8 8 -10 11 -12 -13 13 -15
leaf_value=0.029183098974622519 -0.025208067150268076 -0.024632350954796541 -0.020397891243082011 0.022029048863650327 -0.0091931167027087188 0.0060430559979033835 -0.02117592904894193 0.17875304742000986 -0.0031782249261699982 0.0066184579662228408 0.06602708386192592 -0.026496583474803173 0.0014442089719336436 -0.005274223425566979
leaf_weight=40.403317555785179 57.491944938898087 49.488012980669737 15.282931759953501 41.834220111370087 56.950775898993015 964.52543825283647 193.41242575738579 4.9704921394586563 11.35491529107094 521.10177643969655 31.892010696232319 51.701534695923328 1728.3782643601298 1829.9558315072209
leaf_count=190 337 319 229 225 308 6029 2908 51 125 2834 162 325 11700 9926
internal_value=-0.000342408 -7.99184e-05 -0.00111169 -0.000325624 0.0189151 0.00452318 -0.0160728 0.0163311 0.0593335 -0.000932744 0.0367697 -0.00123427 -0.000907692 -0.00201141
internal_weight=5598.74 5541.25 4527.24 4302.22 130.677 1014.01 225.021 31.6083 16.3254 4171.54 73.7262 4131.14 4079.44 3558.33
internal_count=35668 35331 28983 25670 695 6348 3313 405 176 24975 387 24785 24460 21626
cat_boundaries=0 2 3
cat_threshold=42517504 1 4096
is_linear=0
shrinkage=0.05


Tree=131
num_leaves=15
num_cat=3
split_feature=8 27 20 54 26 9 7 30 29 30 27 27 13 5
split_gain=13.3169 18.8406 16.1502 12.5355 24.4488 14.4423 12.8089 20.6354 19.0741 12.3177 20.128 12.7149 13.0113 12.6389
threshold=-2.4999999999999996 0.51597235099644301 32.00500000000001 82.500000000000014 133.50000000000003 3.5000000000000004 21.500000000000004 0 1 2 0.052658891424290151 0.098077096400843847 0.35000000000000081 0.21424812030075191
decision_type=8 10 10 10 2 2 2 9 9 9 8 10 10 8
left_child=1 -1 3 6 -5 -6 -2 -8 -9 -10 -11 -12 13 -13
right_child=2 -3 -4 4 5 -7 7 8 9 10 11 12 -14 -15
leaf_value=0.0097434112938782919 0.00032922794900600401 0.077459833365694647 -0.024021911217777244 0.050465861199158558 0.031130139030276269 -0.014795157905235948 -0.018317124004582935 -0.018165649501888197 -0.0096971745181142488 0.089974047332440021 -0.029232664318753404 0.061261489753392885 -0.025141557938332833 0.010986154063842242
leaf_weight=95.311463542282581 4527.2172332955524 10.577937975525854 71.932617869228125 34.568500578403473 24.429615437984467 51.380591634660959 242.9354226719588 112.17485807836056 108.09035720583051 6.602678094059228 20.889265824109316 12.260123901069162 22.714281298220158 242.06626498699188
leaf_count=475 25099 55 566 199 182 309 3082 1551 1343 95 276 111 173 2052
internal_value=-0.000309341 0.0171694 -0.000650322 -0.000334913 0.0162656 0.000216746 -0.000683975 -0.00665135 -0.000861789 0.00419195 0.00928794 0.00751548 0.0103815 0.0136402
internal_weight=5583.15 105.889 5477.26 5405.33 110.379 75.8102 5294.95 767.733 524.798 412.623 304.533 297.93 277.041 254.326
internal_count=35568 530 35038 34472 690 491 33782 8683 5601 4050 2707 2612 2336 2163
cat_boundaries=0 2 3 5
cat_threshold=1115703618 11 3178498 537657360 32
is_linear=0
shrinkage=0.05


Tree=132
num_leaves=15
num_cat=3
split_feature=7 30 3 10 10 0 27 30 27 27 30 27 24 24
split_gain=11.4258 19.1754 12.679 16.8438 23.9122 11.3818 12.4549 15.6279 15.5618 12.0456 21.5328 29.9161 23.2378 18.8601
threshold=43.500000000000007 0 0.12426625400951771 4.5000000000000009 10.500000000000002 99.470000000000013 0.19924066184632575 1 0.62175848137535339 0.63152845516113343 2 0.638100313171716 0.35519885781997573 0.83886639676113373
decision_type=2 9 8 2 2 10 8 9 10 8 9 8 10 8
left_child=5 -2 3 -3 -5 9 -7 8 -8 13 12 -12 -11 -1
right_child=1 2 -4 4 -6 6 7 -9 -10 10 11 -13 -14 -15
leaf_value=0.00028371570291527078 -0.028686124174661022 -0.0087952371902566412 -0.012851182626462884 0.099147240384205401 -0.0078151592472652208 0.042568718917250392 -0.0066171214105686235 -0.028239441182757941 0.060269885122409675 0.026595024082118886 0.058169847059414498 0.009810542014727891 -0.022438831752771067 -0.059517641687577429
leaf_weight=4750.2059922330081 77.750660048797727 18.4144037514925 44.318069553002715 11.857189588248731 8.5719015263020975 8.4466721639037114 42.360689990222454 85.02411101385951 9.8939417377114278 31.410083718597889 34.344013594090939 344.97682460583746 94.605493064969778 12.221145391464232
leaf_count=29035 1565 250 514 140 117 62 253 580 48 176 175 1959 581 52
internal_value=0.000123571 -0.0129645 0.00474508 0.0258309 0.0559963 0.000514927 -0.0132212 -0.0169369 0.0058439 0.000897354 0.0082294 0.0139633 -0.0093663 0.000117793
internal_weight=5574.4 160.912 83.1616 38.8435 20.4291 5413.49 145.725 137.279 52.2546 5267.76 505.336 379.321 126.016 4762.43
internal_count=35507 2586 1021 507 257 32921 943 881 301 31978 2891 2134 757 29087
cat_boundaries=0 2 4 6
cat_threshold=1133298752 58 1112293952 1 2171699215 14
is_linear=0
shrinkage=0.05


Tree=133
num_leaves=15
num_cat=6
split_feature=7 15 30 11 30 30 24 28 29 1 27 30 30 28
split_gain=19.1447 19.8055 20.4327 15.0962 20.8247 17.9806 17.3872 16.1044 22.339 32.0707 26.9672 22.6094 21.236 20.4371
threshold=8.5000000000000018 4.8132705065967007 0 7.9370460703348744 1 2 0.15343154714017856 0.35590582437017509 3 1.0693664795509223 0.2944518489867553 4 5 0.24332383257072257
decision_type=2 10 9 2 9 9 10 10 9 8 8 9 9 10
left_child=-1 3 -3 5 -5 -2 -6 8 9 10 -7 13 -9 -10
right_child=1 2 -4 4 6 7 -8 12 11 -11 -12 -13 -14 -15
leaf_value=0.002699308869933947 -0.0098882304525244567 0.0016566482793875317 -0.017006924845202595 -0.006355743995436175 -0.028521770816630595 0.0092207275215696015 0.021699942119730201 0.014144899053660507 0.062019249895557196 -0.010590823908986177 0.048832841786862383 -0.0057455823766883948 -0.011154554905540745 -0.0036259966367251928
leaf_weight=2829.8901449982077 577.17380455136299 225.77493653167039 424.85797106381506 151.14774907007813 17.867059916257858 83.215915469452739 216.10583972744644 95.784328626468778 26.309222392737865 67.680956808850169 89.10636904835701 361.69596612453461 384.62482818029821 20.767867315560579
leaf_count=14846 5336 1417 2739 1069 157 560 1410 619 199 387 637 3090 2980 154
internal_value=-0.000185227 -0.003162 -0.0107735 -0.000790146 0.00813863 -0.00280893 0.0170348 0.000894715 0.00603701 0.017726 0.0298674 -0.00125446 -0.00602931 0.0278039
internal_weight=5572 2742.11 650.633 2091.48 385.121 1706.36 233.973 1129.19 648.776 240.003 172.322 408.773 480.409 47.0771
internal_count=35600 20754 4156 16598 2636 13962 1567 8626 5027 1584 1197 3443 3599 353
cat_boundaries=0 2 4 6 7 9 11
cat_threshold=2211467278 36 1103724866 32 54287644 28 3182610 4227074 1 2688623168 32
is_linear=0
shrinkage=0.05


Tree=134
num_leaves=15
num_cat=1
split_feature=7 0 19 30 28 11 27 33 31 25 19 24 27 24
split_gain=14.114 19.4481 21.8637 19.0307 22.9144 19.1851 17.0903 16.7868 15.3303 21.0388 14.6905 14.5255 23.731 17.8883
threshold=5.5000000000000009 78.815000000000012 99.065000000000012 0 0.67418589845342769 7.7983096088702348 0.44289735844929651 0.70000000000000007 2.5000000000000004 8.0851531369707921 4.4000000000000012 0.35031314848742856 0.62451173347421907 0.26783803116421739
decision_type=2 10 10 9 10 2 8 2 2 10 8 8 10 10
left_child=7 3 -3 6 5 11 8 -1 9 -2 -8 13 -13 -5
right_child=1 2 -4 4 -6 -7 10 -9 -10 -11 -12 12 -14 -15
leaf_value=0.044031138336383474 -0.011092908604471968 -0.018223843782935623 0.021228906181032823 -0.0076733160950110072 -0.05008916208001938 0.0074511321676237049 -0.037773145900239398 0.0023526547542159944 0.0067289679464868236 0.055704839874598705 0.012967886822333448 -0.01253967698613858 0.019537082673396978 0.0059252060400093488
leaf_weight=23.47038159519434 319.34944960847497 304.08026699535549 38.838051348924637 509.22935894690454 25.567445751279593 343.86051558703184 13.780194064602254 1929.2036269363016 315.32528306357563 11.256306044757364 453.7009261790663 785.14422022830695 61.341403463855386 458.78338791429996
leaf_count=146 2520 1571 183 4274 144 2215 214 10715 2089 81 2678 5671 328 2773
internal_value=-0.000552666 -0.00239207 -0.0137068 -0.00121155 -0.00391448 -0.00336269 0.00408737 0.0028759 -0.00114746 -0.00865748 0.0113947 -0.00541497 -0.0101949 -0.00122892
internal_weight=5592.93 3640.26 342.918 3297.34 2183.93 2158.36 1113.41 1952.67 645.931 330.606 467.481 1814.5 846.486 968.013
internal_count=35602 24741 1754 22987 15405 15261 7582 10861 4690 2601 2892 13046 5999 7047
cat_boundaries=0 2
cat_threshold=2727454214 36
is_linear=0
shrinkage=0.05


Tree=135
num_leaves=15
num_cat=3
split_feature=11 29 27 29 30 28 24 23 7 10 7 7 25 26
split_gain=16.736 25.3577 23.2447 18.2118 25.6281 27.0949 23.8027 33.3274 25.3857 20.9446 24.5807 20.5806 21.8074 37.4119
threshold=6.5345733424992396 0 0.15208472025824463 1 2 0.15243742283810016 0.32218015418531593 6.2489583333333334 5.5000000000000009 16.500000000000004 11.500000000000002 9.5000000000000018 0.59749204264182121 1796.0000000000002
decision_type=2 9 10 9 9 8 8 10 2 2 2 2 10 2
left_child=3 2 -2 -1 5 -5 7 8 -6 10 -8 12 13 -7
right_child=1 -3 -4 4 6 11 9 -9 -10 -11 -12 -13 -14 -15
leaf_value=-0.0090924169521339158 0.044254591969622128 0.0040671858373713737 -0.022222244329199666 0.040948745355484442 0.035591313533264217 -0.025077819266552462 0.0063934842780601873 -0.051538200813827574 0.0084309121662976116 -0.026740410786376529 -0.012107964345672668 -0.02331842451990692 0.0037311314233322221 0.012186544004756083
leaf_weight=850.08233588188887 13.460400346666573 2229.4275987492874 152.0060593560338 27.34096562396735 118.99626053869724 227.80674482882023 654.60761671513319 18.077713292092085 307.35104992892593 70.747787961736321 246.22928002476692 188.74223096389323 361.64750045537949 94.740285977721214
leaf_count=5301 81 14261 889 201 681 1325 3578 296 2289 415 2154 1837 1769 449
internal_value=-0.000502045 0.00265122 -0.0156415 -0.00288711 -0.000565133 -0.00711321 0.00362078 0.0132172 0.0160771 -0.000740698 0.00132859 -0.00874507 -0.00469669 -0.0141285
internal_weight=5561.26 2394.89 165.466 3166.37 2316.29 900.278 1416.01 444.425 426.347 971.585 900.837 872.937 684.195 322.547
internal_count=35526 15231 970 20295 14994 5581 9413 3266 2970 6147 5732 5380 3543 1774
cat_boundaries=0 1 2 4
cat_threshold=3736608 159824 1101784100 23
is_linear=0
shrinkage=0.05


Tree=136
num_leaves=15
num_cat=2
split_feature=3 1 25 30 24 7 3 30 28 25 8 13 24 26
split_gain=11.3554 21.5661 13.5654 16.8015 20.2573 18.0432 13.3187 20.4283 13.2642 12.9873 12.6195 13.4254 11.6871 12.8177
threshold=0.6672069105372046 1.0650762281197066 0.082287232504930766 0 0.19202402185589415 6.5000000000000009 1.0000000180025095e-35 1 0.67418589845342769 0.036947414370734906 25.500000000000004 5.1824999999999983 0.11702143936379045 168.00000000000003
decision_type=10 8 10 9 10 2 8 9 10 8 8 8 10 2
left_child=2 9 3 -1 -5 -6 7 -4 10 -2 11 -7 -9 -14
right_child=1 -3 6 4 5 8 -8 12 -10 -11 -12 -13 13 -15
leaf_value=-0.01794989541339536 0.02052708457915943 -0.00093505546698843627 -0.03107397849204202 -0.022624544611984779 0.024923483165416371 0.061085218315954287 0.003168351394462119 0.060937737333019243 -0.060872364062450994 -0.017843223314913018 -0.024741737981285261 0.0026219963845229614 -0.024965039089231283 0.022257467301367521
leaf_weight=181.04446670040488 22.961894808337092 1551.2556534428149 61.15953825879842 64.653470865450799 96.024715676903725 10.963278148323299 3098.2045669574291 8.1352834459394199 8.6148678213357908 302.23665699735284 31.879895001649857 55.371197841130197 26.267743293195963 29.379868088290095
leaf_count=1443 137 8127 648 736 568 91 20594 70 50 1735 250 534 266 284
internal_value=-0.000229883 -0.00339305 0.00138717 -0.0067502 0.00148152 0.00931055 0.00252135 -0.0134201 -0.0048243 -0.0150793 0.000655941 0.0130481 0.007383 -8.05216e-05
internal_weight=5548.15 1876.45 3671.7 448.552 267.507 202.854 3223.15 124.942 106.829 325.199 98.2144 66.3345 63.7829 55.6476
internal_count=35533 9999 25534 3672 2229 1493 21862 1268 925 1872 875 625 620 550
cat_boundaries=0 2 4
cat_threshold=42570756 8 1137979660 3
is_linear=0
shrinkage=0.05


Tree=137
num_leaves=15
num_cat=7
split_feature=44 10 30 10 30 28 24 30 30 26 29 30 5 29
split_gain=14.3743 10.554 22.2012 13.5367 25.7893 17.6692 16.5865 17.3138 16.238 26.6081 38.3294 40.8344 30.6425 17.7319
threshold=2.5000000000000004 25.500000000000004 0 1.0000000180025095e-35 1 0.55130834071513701 0.60057330057330061 2 3 738.00000000000011 4 5 0.0098270140664961647 6
decision_type=2 2 9 2 9 8 8 9 9 2 9 9 8 9
left_child=1 3 -3 4 -1 8 7 -7 9 10 11 -5 -11 -10
right_child=-2 2 -4 5 -6 6 -8 -9 13 12 -12 -13 -14 -15
leaf_value=-0.010494812769123485 0.02116849748374202 0.012032913461254447 -0.018938303452349391 -0.045871094533698295 0.0020164587751088331 -0.0063790471453403601 -0.0041007638758546235 0.031681049463754996 0.0076986949847614094 -0.063073317346522204 0.010579508760132694 -1.8512310920077277e-05 0.023570504815886142 -0.0027842425769496067
leaf_weight=650.85280403029174 83.619422726333141 77.507430639117956 172.68950884230435 62.63621249422431 1086.4891152335331 40.020711988210678 73.90475482866168 129.70423804968596 504.72624303214252 9.6679380368441326 410.27768198307604 152.60735044348985 266.79632845334709 1842.026799342595
leaf_count=3923 495 514 1138 433 6784 243 466 762 3615 79 2795 1036 1562 11700
internal_value=0.000718126 0.000402263 -0.00960906 0.000882965 -0.0027227 0.00267693 0.015636 0.0242038 0.00170059 0.00735536 0.00171759 -0.0149432 0.0203242 -0.000504233
internal_weight=5563.53 5479.91 250.197 5229.71 1737.34 3492.37 243.63 169.725 3248.74 901.986 625.521 215.244 276.464 2346.75
internal_count=35545 35050 1652 33398 10707 22691 1471 1005 21220 5905 4264 1469 1641 15315
cat_boundaries=0 2 4 6 8 9 10 11
cat_threshold=537466452 10 38432281 7 25710852 16 2185773581 5 2916496 524288 791701
is_linear=0
shrinkage=0.05


Tree=138
num_leaves=15
num_cat=4
split_feature=7 28 30 30 7 3 10 30 8 4 19 0 30 22
split_gain=15.0793 28.0103 38.2994 30.2206 22.6233 18.256 18.0671 25.0042 18.0412 17.535 17.4369 15.1482 20.5832 15.6116
threshold=14.500000000000002 0.24737209452960682 0 1 50.500000000000007 0.08246984660158628 22.500000000000004 2 -10.499999999999998 -0.46020726100719939 9.5000000000000018 96.50500000000001 3 3.7916666666666674
decision_type=2 10 9 9 2 10 2 9 8 8 8 10 9 10
left_child=6 2 9 -3 5 10 8 -8 -1 -2 -4 -10 -13 -14
right_child=1 3 4 -5 -6 -7 7 -9 11 -11 -12 12 13 -15
leaf_value=0.047817325618462296 -0.014520513988556437 -0.026551592965253945 -0.026117683776649598 -0.0046102248884581677 -0.035056386430863347 -0.0034642283096076396 0.011078237110722707 -0.021034774105040659 0.0032807342472437463 0.061709115952764619 0.027766433292660059 0.002251221007860038 -0.026923724286437484 0.034775866136146291
leaf_weight=20.807230487465858 8.6266601607203466 184.56383856199682 16.73335768841207 875.09762912150472 39.99421055149287 257.40893373638391 83.593619965016842 177.14569513499737 3363.2029888797551 44.836580703034997 103.06869723089039 238.07580964080989 137.288480296731 10.226729936897753
leaf_count=95 77 1984 180 7501 932 2270 439 942 17642 368 1086 1246 751 50
internal_value=-1.73821e-05 -0.00424123 0.00590015 -0.00874703 0.000219908 0.00404873 0.00158708 -0.0111167 0.0024685 0.0417098 0.0200863 0.00220411 -0.00717062 -0.0210252
internal_weight=5560.67 1530.33 470.668 1059.66 417.205 377.211 4030.34 260.739 3769.6 53.4632 119.802 3748.79 385.591 147.515
internal_count=35563 14398 4913 9485 4468 3536 21165 1381 19784 445 1266 19689 2047 801
cat_boundaries=0 2 4 6 8
cat_threshold=3178506 5 18876746 13 34158096 10 1640880208 1
is_linear=0
shrinkage=0.05


Tree=139
num_leaves=15
num_cat=2
split_feature=13 24 25 7 8 29 8 15 24 29 13 9 24 24
split_gain=10.8197 10.8939 21.9182 15.6158 11.8201 46.4396 27.6305 17.3277 18.8991 15.7611 13.8717 16.3748 14.9065 15.7198
threshold=9.2737500000000015 0.84967052394728393 -0.73443580643120188 4.5000000000000009 1.5000000000000002 0 10.500000000000002 3.800065294317545 0.24101879447108721 1 0.64500000000000146 1.0000000180025095e-35 0.58218209326987924 0.63504301111302186
decision_type=10 10 10 2 8 9 8 8 8 9 8 2 10 10
left_child=1 4 3 -3 5 7 -6 -1 -9 -8 11 -11 -12 -14
right_child=-2 2 -4 -5 6 -7 9 8 -10 10 12 -13 13 -15
leaf_value=0.033359048085208072 -0.0094848060230510421 0.052705108575966622 -0.067713253312487967 -0.033819884886477879 0.011339220394628643 -0.007751040129287106 -0.0092127492226034627 0.041143853792079244 -0.00037381137001858493 0.017961548328104312 0.0041855884439800642 -0.00954389814844127 -0.025874950073050906 0.0052893931443767916
leaf_weight=87.266518015414476 308.80559407826513 9.3856422156095523 16.390314340591431 9.5207898095250112 632.43597185239196 1195.3541107065976 402.62383720651269 31.950215337797999 162.92794534750283 60.697181081399322 2010.2323787342757 442.38911632075906 86.98879849165678 74.387329943478107
leaf_count=649 1828 81 83 61 3520 10361 2259 221 1243 442 11338 2529 450 391
internal_value=-0.000406195 0.00013233 -0.0271647 0.00962325 0.000323273 -0.00345728 0.0018295 0.0144601 0.0066083 -0.000127946 0.00127221 -0.00619633 0.00301032 -0.0115654
internal_weight=5531.36 5222.55 35.2967 18.9064 5187.25 1477.5 3709.75 282.145 194.878 3077.32 2674.69 503.086 2171.61 161.376
internal_count=35456 33628 225 142 33403 12474 20929 2113 1464 17409 15150 2971 12179 841
cat_boundaries=0 1 2
cat_threshold=3412128 2166912
is_linear=0
shrinkage=0.05


Tree=140
num_leaves=15
num_cat=4
split_feature=25 7 5 30 25 24 1 30 5 30 2 10 30 14
split_gain=11.1796 10.2316 14.6276 15.809 13.2952 18.8742 16.765 21.3723 15.8127 15.2372 18.9427 12.3171 26.214 14.5371
threshold=20.058866953995263 8.5000000000000018 0.71900279279279289 0 6.1772527146684153 0.17266292694529725 1.2197560975609758 1 0.29670000000000007 2 80.235775817545459 16.500000000000004 3 12.252500000000001
decision_type=10 2 10 9 10 10 10 9 10 9 2 2 9 10
left_child=1 11 4 -4 6 -6 -3 8 -8 10 -7 13 -13 -1
right_child=-2 2 3 -5 5 9 7 -9 -10 -11 -12 12 -14 -15
leaf_value=0.0045092785327785134 -0.055980495521755852 0.00084653517396434926 0.0034378456766781191 -0.030153479571232246 0.06099594969533001 0.063726579961676202 0.010196313545751141 -0.015763373502893727 -0.015187951635399283 -0.011038260181290638 -0.0071111251557248942 -0.020901532163509724 0.0058521295175369969 -0.015315714944998924
leaf_weight=2393.5186197366565 7.8040352053940287 1789.7295308541507 61.00465626642108 78.859213715419173 18.327427245676517 21.042335234582424 195.66983081400394 389.9197901841253 88.18232262507081 52.428414307534695 16.183578480035067 153.76286020874977 200.56991505250335 95.221136525273323
leaf_count=12533 69 14544 608 917 135 133 1119 2240 476 371 91 866 1060 470
internal_value=0.000318419 0.000407582 -0.00178956 -0.0174781 -0.000929794 0.0161609 -0.00168518 -0.00840141 0.00220724 0.00642384 0.0265933 0.00250282 -0.00620731 0.00374491
internal_weight=5562.22 5554.42 2711.35 139.864 2571.48 107.982 2463.5 673.772 283.852 89.6543 37.2259 2843.07 354.333 2488.74
internal_count=35632 35563 20634 1525 19109 730 18379 3835 1595 595 224 14929 1926 13003
cat_boundaries=0 2 4 6 8
cat_threshold=2194690068 33 1112723989 51 2147520524 32 3819018514 48
is_linear=0
shrinkage=0.05


Tree=141
num_leaves=15
num_cat=2
split_feature=11 60 0 30 27 16 30 23 28 28 14 21 19 21
split_gain=10.6394 10.1049 9.1208 12.4971 17.638 9.65305 16.4728 12.5097 13.9689 19.586 10.5902 10.4668 10.1471 9.71476
threshold=10.499309698568512 254.50000000000003 99.995000000000019 0 0.24332383257072257 -1.0000000180025095e-35 1 26.634166666666669 0.39381285639519198 0.33810615261309457 3.2377500000000006 0.94596810548082211 89.500000000000014 1.0160290728622496
decision_type=2 8 10 9 8 8 9 10 10 10 10 8 8 10
left_child=1 -1 5 -4 -5 6 11 8 9 -8 12 -3 -10 -11
right_child=-2 2 3 4 -6 -7 7 -9 10 13 -12 -13 -14 -15
leaf_value=-0.035104699328758378 -0.036736688724347759 0.024802490175072665 0.019815590335464907 0.035336357098508568 -0.03346083461801868 -0.00042320913518547015 0.0054854714608900228 -0.027320774879727189 -0.02836521669178545 0.042101011393983076 0.013938695321352633 -0.0096409146360898774 0.0052343486038410022 0.012259531538152707
leaf_weight=19.455380389466882 18.80872068926692 23.969155225902796 15.200090892612932 9.902965381741522 69.469777708873153 4740.4045803677291 113.49556076526642 19.063314869999886 38.999161614105105 96.693165438249707 101.40910795889795 190.11113810166717 50.69204318523407 39.305965285748243
leaf_count=117 111 147 78 71 548 30845 760 135 207 561 521 1023 248 232
internal_value=-0.000158373 -2.72992e-05 0.000102934 -0.0152087 -0.0218286 0.000373152 0.00596865 0.0111556 0.0131311 0.0208993 0.00293304 -0.00543446 -0.00952695 0.0336288
internal_weight=5546.98 5528.17 5508.72 94.5728 79.3727 5414.14 673.739 459.658 440.595 249.495 191.1 214.08 89.6912 135.999
internal_count=35604 35493 35376 697 619 34679 3834 2664 2529 1553 976 1170 455 793
cat_boundaries=0 2 4
cat_threshold=1074004032 1 176138 62
is_linear=0
shrinkage=0.05


Tree=142
num_leaves=15
num_cat=3
split_feature=3 30 16 20 7 22 15 24 25 30 30 6 10 28
split_gain=14.3793 23.702 17.362 15.6559 14.9551 17.9877 17.4035 21.1715 16.4712 15.7727 15.4133 17.5087 19.057 15.6549
threshold=0.83912991669200998 0 11.197500000000003 38.125000000000007 15.500000000000002 1.0000000180025095e-35 4.1213292090160616 0.23179561009970368 6.1772527146684153 1 2 37.500000000000007 4.5000000000000009 0.25878155152610188
decision_type=10 9 8 10 2 10 8 8 8 9 9 10 2 10
left_child=3 -2 -3 4 -1 6 -6 8 10 -9 -8 12 13 -12
right_child=1 2 -4 -5 5 -7 7 9 -10 -11 11 -13 -14 -15
leaf_value=0.0035771408439576619 0.0031929690331860406 -0.025839174651487207 -0.0065170798382663628 -0.028033983943824926 0.0047351521888176215 -0.02034589842996342 -0.025539465882954523 0.0053878962492412558 0.080776641688792991 -0.018085030659754888 0.02846191972529338 -0.022230353509631581 -0.0025427146750899923 0.099296374743576235
leaf_weight=3110.7041959594935 467.72745985910296 163.36589615792036 400.88210997357965 43.815232620574534 654.131118346937 129.70491195656359 24.520136086270213 90.832720577716827 6.4469861313700667 320.32540277577937 48.831860506907105 27.851478640921414 44.936530923470855 8.7072754614055139
leaf_count=16496 2455 873 2222 353 5291 2025 233 862 52 3426 413 413 373 79
internal_value=0.000154211 -0.00516722 -0.011936 0.00137252 0.00166716 -0.00271285 -0.000833196 -0.00719321 0.00812353 -0.013207 0.00459976 0.0114913 0.0218931 0.0406943
internal_weight=5542.78 1031.98 564.248 4510.81 4466.99 1356.29 1226.58 572.452 161.294 411.158 154.847 130.327 102.476 57.5391
internal_count=35566 5550 3095 30016 29663 13167 11142 5851 1563 4288 1511 1278 865 492
cat_boundaries=0 2 4 6
cat_threshold=2165084764 9 3225936144 3 3225489728 17
is_linear=0
shrinkage=0.05


Tree=143
num_leaves=15
num_cat=3
split_feature=9 8 30 21 30 24 19 22 11 18 28 3 29 11
split_gain=10.6643 20.7406 30.7245 13.9382 13.1483 21.1813 17.4833 16.8814 19.9933 14.4832 13.4014 18.8916 14.0703 13.9355
threshold=2.5000000000000004 42.500000000000007 0 1.0183441603702572 1 0.33651271933315202 83.950000000000017 -3.2883333333333327 8.5497896741997845 -0.54624999999999913 0.59013696089731937 inf 2 6.6020516407816192
decision_type=2 8 9 10 9 10 8 10 2 8 10 8 9 2
left_child=1 4 -3 -4 5 7 -7 9 -9 -1 12 -12 -6 -14
right_child=-2 2 3 -5 10 6 -8 8 -10 -11 11 -13 13 -15
leaf_value=-0.031908610414788742 0.003610966389702082 0.0057766373517743504 -0.018954975916913586 0.035832416953338379 0.01589643859583156 -0.003586888865741121 -0.024113847159841943 -0.039145647208974212 0.053448218905768563 0.013124106458232363 0.027010511573389719 -0.049533451452978682 -0.0028169559981975085 0.0048729548777398986
leaf_weight=18.433911928907037 1491.42367438972 218.43677420914173 417.56602331064641 11.047158641740678 141.25116381421685 225.37107256799936 191.85355427116156 35.192999046295881 6.0476215928792945 225.76102660596371 87.163392908871174 7.9554077833890906 1485.8384484453127 974.78954454232007
leaf_count=129 8072 1402 2552 113 839 1611 1207 357 38 1477 553 43 10385 6789
internal_value=-1.75945e-06 -0.0013338 -0.00953145 -0.0170655 0.000228785 -0.00581033 -0.0130609 0.00459374 -0.0246236 0.00960838 0.00181855 0.0201599 0.00114753 0.00022925
internal_weight=5538.13 4046.71 647.05 428.613 3399.66 702.66 417.225 285.436 41.2406 244.195 2697 95.1188 2601.88 2460.63
internal_count=35567 27495 4067 2665 23428 4819 2818 2001 395 1606 18609 596 18013 17174
cat_boundaries=0 2 4 5
cat_threshold=40161348 57 404771608 29 3408160
is_linear=0
shrinkage=0.05


Tree=144
num_leaves=15
num_cat=3
split_feature=8 5 27 7 26 28 30 34 30 15 8 25 8 7
split_gain=13.1981 12.0391 10.1477 10.0838 19.0547 24.5332 25.6555 18.8375 17.0029 19.3232 24.2887 19.5211 20.6867 17.3859
threshold=-2.4999999999999996 1.080127364864865 0.52659351091875373 7.5000000000000009 433.50000000000006 0.32244230403288793 0 1 2 4.666598174920586 37.500000000000007 0.36362668058428566 9.5000000000000018 11.500000000000002
decision_type=8 10 8 2 2 10 9 1 9 10 10 10 10 2
left_child=2 3 -1 -2 7 -6 -7 -5 -9 10 11 12 -10 -11
right_child=1 -3 -4 4 5 6 -8 8 9 13 -12 -13 -14 -15
leaf_value=0.01116195761272956 0.0027045010420250759 -0.031783519454052007 0.0551656180873678 -0.022779741483889979 -0.036436554318558877 -0.022559201420221595 0.00046505714534167837 0.0069559559590816195 -0.024323915496232751 -0.00015513876374178225 -0.014226098472043284 0.0082478523598519104 0.0082888733817562538 -0.020641828782572265
leaf_weight=97.28122203797102 2229.7269510440528 28.718075945042074 14.32006438821554 84.08095077984035 72.241442894563079 154.95914486981928 453.50583069398999 819.5489164441824 105.38535835593939 193.33517821133137 204.2579979673028 776.6679422557354 88.840798581019044 222.06185803376138
leaf_count=487 12272 519 75 587 733 1128 2924 5517 1272 893 1294 5884 520 1556
internal_value=0.000304671 -4.64574e-05 0.017248 0.00012803 -0.00168171 -0.00908976 -0.00578849 0.000342912 0.0011587 -0.00186289 0.00140376 0.00470325 -0.00944048 -0.0111301
internal_weight=5544.93 5433.33 111.601 5404.61 3174.89 680.706 608.465 2494.18 2410.1 1590.55 1175.15 970.894 194.226 415.397
internal_count=35661 35099 562 34580 22308 4785 4052 17523 16936 11419 8970 7676 1792 2449
cat_boundaries=0 2 3 5
cat_threshold=1077301262 6 1 2159137310 52
is_linear=0
shrinkage=0.05


Tree=145
num_leaves=15
num_cat=3
split_feature=60 28 30 23 5 27 4 26 32 22 20 30 29 19
split_gain=10.6726 10.2689 26.9405 22.1618 20.8203 17.9485 21.2637 29.6966 16.6266 19.1136 19.1189 15.5452 14.8175 14.4251
threshold=254.50000000000003 0.19132350259105949 0 0.59625000000000017 0.37206860613810744 0.14794850246746449 39.466869522931788 35.500000000000007 3.5000000000000004 5.3150000000000004 -31.029999999999994 1 2 57.985000000000007
decision_type=8 10 9 8 10 10 8 2 8 10 8 9 9 8
left_child=-1 2 3 -2 8 6 7 -3 9 10 -5 -9 -7 -10
right_child=1 5 -4 4 -6 12 -8 11 13 -11 -12 -13 -14 -15
leaf_value=-0.036299881431520686 -0.029009494853090803 0.082772585616177563 -0.0057982025223599293 0.069526693320759697 0.0010737342058979346 -0.015491988818140843 -0.037524242241092944 0.014068772714929912 0.043183734336907705 -0.019874595013714677 0.029420349073526739 -0.025609578489718815 0.00080070836673188294 -0.01652346406407466
leaf_weight=18.757907183840871 24.911843163892627 8.541627570986746 254.86806128080934 39.834269147366285 108.07544288225472 132.91367609426379 68.471825957298279 34.900051581673324 13.371504597365854 14.11597787030041 122.46591160818934 48.02152877766639 4599.4887173408642 33.166520705446601
leaf_count=114 267 73 2003 253 867 730 595 288 112 138 939 450 28493 206
internal_value=0.000382603 0.000514211 0.00662133 0.015241 0.0191075 -0.000249462 -0.0166704 -0.000821666 0.0278053 0.034783 0.0396294 -0.0103163 0.0003089 0.00117939
internal_weight=5521.9 5503.15 610.81 355.941 331.03 4892.34 159.935 91.4632 222.954 176.416 162.3 82.9216 4732.4 46.538
internal_count=35528 35414 4785 2782 2515 30629 1406 811 1648 1330 1192 738 29223 318
cat_boundaries=0 2 4 5
cat_threshold=42254419 63 2182610948 24 2228304
is_linear=0
shrinkage=0.05


Tree=146
num_leaves=15
num_cat=5
split_feature=11 30 7 29 8 7 24 29 27 34 16 29 8 27
split_gain=10.2602 17.8359 23.6618 19.155 15.7714 15.0007 17.5486 14.7719 26.7057 17.1176 14.0542 17.8954 14.0019 13.9936
threshold=6.5345733424992396 0 5.5000000000000009 1 75.500000000000014 51.500000000000007 0.38586824682025928 2 0.15208472025824463 3 0.69999999999999984 4 -1.0000000180025095e-35 0.042642679620626185
decision_type=2 9 2 9 10 2 8 9 10 1 8 9 10 8
left_child=1 -1 10 12 13 7 -7 8 -2 -10 -3 -12 -4 -5
right_child=5 2 3 4 -6 6 -8 -9 9 -11 11 -13 -14 -15
leaf_value=-0.0060446529070805445 0.045486334621940711 -0.0049963276964960536 0.030677542580579982 0.064228143831692397 -0.026093139761159147 -0.03252323693671294 0.034405521581164465 0.0041875704787845162 -0.0038246129195466439 -0.036616394328936486 0.021642554078984411 -0.0018913781435093016 -0.035855780208314127 0.00030121038309640291
leaf_weight=1448.0560081657022 17.945031795650721 112.13238232582808 8.1760462969541532 7.6314319306984535 56.378719937056303 54.905116204172373 11.016881329938768 2138.7529317988083 97.673616595566273 66.473535753786564 272.9896734431386 118.44641756266356 67.107537288218737 1044.1034311214462
leaf_count=9194 97 663 43 103 330 921 114 13176 539 399 1795 652 469 7055
internal_value=-0.000119628 -0.00199994 0.00150039 -0.00235442 -0.000561171 0.00234997 -0.0209911 0.00302172 -0.0102867 -0.0172454 0.0105757 0.0150379 -0.0250401 0.000825637
internal_weight=5521.79 3135.02 1686.97 1183.4 1108.11 2386.77 65.922 2320.85 182.092 164.147 503.568 391.436 75.2836 1051.73
internal_count=35550 20304 11110 8000 7488 15246 1035 14211 1035 938 3110 2447 512 7158
cat_boundaries=0 2 3 4 5 6
cat_threshold=1099818260 23 532480 3212338 4 2719750
is_linear=0
shrinkage=0.05


Tree=147
num_leaves=15
num_cat=4
split_feature=2 30 27 8 54 26 32 3 30 2 2 30 28 29
split_gain=14.5669 17.5025 16.7212 18.057 14.8594 14.2844 13.2334 11.8063 28.4762 11.7822 13.0463 11.2869 12.1428 18.1421
threshold=85.889563623679535 0 0.19610635834894366 48.500000000000007 82.500000000000014 406.00000000000006 22.500000000000004 1.0000000180025095e-35 1 127.6959481270019 237.79701685789013 2 0.38759937790261517 3
decision_type=2 9 8 8 10 2 10 8 9 2 2 9 10 9
left_child=4 2 3 -2 6 -6 7 8 -1 -3 -11 -9 13 -13
right_child=1 9 -4 -5 5 -7 -8 11 -10 10 -12 12 -14 -15
leaf_value=-0.034828300420819323 0.10392786800455839 -0.030393509847222666 -0.0010846889971548701 0.0062577773830528958 0.030777822025520665 -0.025116878145247292 -0.027552413821935968 0.0058344478167741166 0.0059473248535124234 0.0042796935360493111 -0.023654597048177128 0.0086578763235193087 -0.0032158972066323914 -0.00095941328243313742
leaf_weight=66.006933714263141 7.7263599336147308 96.822876323014498 81.468336395919323 10.639731399714949 68.760585023090243 12.884983342140911 41.032126219943166 976.6378928096965 95.034447433426976 91.18635118752718 75.775342006236315 738.40821021981537 1769.0895732520148 1418.2915431689471
leaf_count=686 48 557 446 77 435 76 242 6470 1008 538 452 4652 10619 9260
internal_value=4.88763e-05 -0.00961125 0.00803269 0.050591 0.000727904 0.0217596 0.00038731 0.000619117 -0.0126597 -0.0159934 -0.0084636 0.00105781 -0.000146166 0.00237151
internal_weight=5549.77 363.619 99.8344 18.3661 5186.15 81.6456 5104.5 5063.47 161.041 263.785 166.962 4902.43 3925.79 2156.7
internal_count=35566 2118 571 125 33448 511 32937 32695 1694 1547 990 31001 24531 13912
cat_boundaries=0 2 4 6 7
cat_threshold=2170095622 21 1129395214 19 105931337 32 819714
is_linear=0
shrinkage=0.05


Tree=148
num_leaves=15
num_cat=2
split_feature=11 7 26 26 3 11 7 25 28 30 26 25 30 25
split_gain=15.9533 11.9002 13.9757 21.4314 31.0489 23.7448 25.3803 29.0914 21.0466 23.3403 20.6346 20.2656 19.6558 18.2892
threshold=10.499309698568512 7.5000000000000009 388.50000000000006 64.500000000000014 0.44463385708603492 6.1065996154939848 34.500000000000007 3.0808182864856137 0.32244230403288793 0 349.50000000000006 2.4497325029742307 1 0.36362668058428566
decision_type=2 2 2 2 10 2 2 10 8 9 2 10 9 8
left_child=1 -1 3 4 13 10 7 11 -4 -10 -5 -7 -6 -3
right_child=-2 2 8 5 12 6 -8 -9 9 -11 -12 -13 -14 -15
leaf_value=0.0026764095808457077 -0.046446981741562282 -0.012697408469883939 -0.033143813643507665 -0.0091185879618038129 0.0117589867964132 0.012302027166277429 -0.010914830052408425 0.035922493195854145 0.002126748226108993 -0.016894212777644479 0.051432770964042099 -0.028444306449818366 -0.016109309203865801 0.0047014747540687733
leaf_weight=2244.28071439825 17.649303674697876 183.83025960251689 74.269495484419167 274.93369142897427 66.660155992954969 358.06889400444925 106.57967289350927 132.6186489276588 418.51793368533254 251.24230670463294 13.83681385591626 32.406098965555429 514.72702841460705 825.39456422906369
leaf_count=12337 110 1787 754 2057 336 2206 1397 738 2650 1971 93 185 2771 6074
internal_value=-0.000280326 -0.000123687 -0.00205568 -0.000270014 -0.00378075 0.00580757 0.0112463 0.0157739 -0.00806897 -0.00524316 -0.00604971 0.00885641 -0.012974 0.00152284
internal_weight=5515.02 5497.37 3253.09 2509.06 1590.61 918.444 629.673 523.094 744.03 669.76 288.771 390.475 581.387 1009.22
internal_count=35466 35356 23019 17644 10968 6676 4526 3129 5375 4621 2150 2391 3107 7861
cat_boundaries=0 2 4
cat_threshold=2747902288 33 2147483658 51
is_linear=0
shrinkage=0.05


Tree=149
num_leaves=15
num_cat=3
split_feature=3 30 27 28 9 28 3 8 14 56 30 8 5 29
split_gain=9.80951 19.4586 15.3482 13.7546 13.6888 13.3104 10.6752 11.5927 11.813 12.2015 10.5532 15.3454 16.7052 13.193
threshold=0.83912991669200998 0 0.092701477170691618 0.059856735518329131 1.5000000000000002 0.1966286903032243 1.0444772397827828 94.500000000000014 2.2500000000000009 5.5000000000000009 1 -2.4999999999999996 0.91278063186813208 2
decision_type=8 9 8 10 2 8 10 8 10 2 9 8 10 9
left_child=2 5 3 -1 -5 -2 -7 8 9 -8 11 -4 13 -13
right_child=1 -3 10 4 -6 6 7 -9 -10 -11 -12 12 -14 -15
leaf_value=0.041755193869118058 0.037654704569952215 -0.0086062976685851635 0.057587727703343972 -0.029674250809585169 0.011193404718795761 -0.0029600523820081728 0.020218748512044853 -0.022816645989060275 0.050624489414708942 -0.023571276425302396 0.00022843327074902826 0.012531554897991369 -0.034235639963621632 0.0013483013719301138
leaf_weight=8.6525986008346063 27.046900643035769 773.83167513273656 13.212210595607756 90.338573294691741 25.835133435204625 312.76484274119139 76.936930648982525 17.977086335420609 23.242586310952902 19.092315025627613 3025.215164382942 459.14321987330914 25.143666374497116 623.81789388600737
leaf_count=78 176 4728 65 1146 215 1736 442 92 123 97 19639 2630 252 4128
internal_value=0.000113493 -0.00377884 0.001254 -0.0159504 -0.020568 0.00414661 0.00214561 0.0137177 0.0193682 0.0113593 0.00177564 0.00589142 0.00527678 0.0062249
internal_weight=5522.25 1250.89 4271.36 124.826 116.174 477.061 450.014 137.249 119.272 96.0292 4146.53 1121.32 1108.1 1082.96
internal_count=35547 7394 28153 1439 1361 2666 2490 754 662 539 26714 7075 7010 6758
cat_boundaries=0 2 4 5
cat_threshold=1094980188 41 2796626701 16 537874
is_linear=0
shrinkage=0.05


Tree=150
num_leaves=15
num_cat=3
split_feature=7 3 27 30 27 26 30 28 3 30 28 2 21 0
split_gain=9.69359 16.497 17.5141 26.8489 18.9129 16.3711 26.6655 20.8591 16.197 19.1016 17.0282 16.1114 17.2095 14.8431
threshold=14.500000000000002 0.55847973492535752 0.25580434042111017 0 0.27476095429519126 460.50000000000006 1 0.41979854464779442 0.054924174010915573 2 0.1966286903032243 1.0000000180025095e-35 0.93066145736437889 40.020000000000003
decision_type=2 8 8 9 8 2 9 8 10 9 10 2 8 8
left_child=1 2 3 -1 13 8 7 -7 9 -2 -11 12 -5 -4
right_child=5 -3 4 11 -6 6 -8 -9 -10 10 -12 -13 -14 -15
leaf_value=-0.020552287735380544 -0.012012990612797413 -0.0014100589087828028 -0.011770486505830085 -0.047039965507110121 0.0062593231570350037 0.03552293038999816 -0.029589087492691929 -0.027957825428533992 -0.0046354575229022206 0.040798474864308432 0.0085397116019760872 -0.018881616105623542 0.017948638514586068 0.043789749476057481
leaf_weight=144.10839721560478 83.335816474631429 2295.8613824862987 14.683221116662024 9.9235584717243892 1285.1360345575958 35.590684276074171 118.38564332295209 19.123407913371921 1004.8597862562165 50.545208827592432 202.48426209855825 46.960886362940073 160.69995164684951 57.269875168800354
leaf_count=813 1030 12021 76 137 6818 350 1636 192 8234 721 2218 231 812 296
internal_value=7.72662e-05 0.00136309 0.00506599 -0.00470084 0.0076706 -0.00333025 -0.0177553 0.0112183 -0.0014567 0.00802515 0.0145463 0.00648719 0.0139168 0.0324458
internal_weight=5528.97 4014.64 1718.78 361.693 1357.09 1514.32 173.1 54.7141 1341.23 336.365 253.029 217.584 170.624 71.9531
internal_count=35585 21204 9183 1993 7190 14381 2178 542 12203 3969 2939 1180 949 372
cat_boundaries=0 2 4 6
cat_threshold=1087972620 33 2688647188 50 537484304 45
is_linear=0
shrinkage=0.05


Tree=151
num_leaves=15
num_cat=5
split_feature=7 30 29 24 30 8 10 28 30 11 10 28 30 28
split_gain=11.8646 20.7667 12.9338 11.2645 27.6604 28.4976 25.2825 18.6886 22.4675 19.3507 18.3604 16.3305 34.395 17.1057
threshold=34.500000000000007 0 1 0.6042274289133458 2 15.500000000000002 10.500000000000002 0.54214769292957055 3 7.2022404065180057 7.5000000000000009 0.49679328627915503 4 0.50003276056034207
decision_type=2 9 9 8 9 8 2 10 9 2 2 10 9 10
left_child=3 -2 -3 7 -5 -6 10 11 -9 -10 -7 -1 -13 -14
right_child=1 2 -4 4 5 6 -8 8 9 -11 -12 12 13 -15
leaf_value=0.0010768300033854425 -0.024369514724456549 0.014107014984794426 -0.010271176720258089 0.025821641360371819 0.0059833981108325628 -0.027018049609795786 0.017926658315211331 -0.0084970177944672289 0.01870032411548668 0.068269968800948877 -0.075160000496592438 0.017841828495690402 -0.068612060014015194 -0.018631481574546426
leaf_weight=4429.8197550950572 123.87515559233725 91.760962903499603 104.87862367741764 40.973366111516953 103.42574512213469 123.77450515702367 25.86581114679575 71.276642989367247 135.30662316456437 22.390019323676825 23.291423309594393 63.82534521818161 18.479132575914264 157.9467341825366
leaf_count=26786 2226 701 1328 218 682 679 134 447 850 123 123 326 143 910
internal_value=-9.40402e-05 -0.00941606 0.00124948 0.000480436 -0.00863389 -0.0142348 -0.02711 0.00107245 0.0149874 0.0245756 -0.0350986 0.000387137 -0.0122814 -0.0229313
internal_weight=5536.89 320.515 196.64 5216.38 317.331 276.357 172.932 4899.04 228.973 157.697 147.066 4670.07 240.251 176.426
internal_count=35676 4255 2029 31421 1836 1618 936 29585 1420 973 802 28165 1379 1053
cat_boundaries=0 2 3 5 7 9
cat_threshold=1653425226 11 12288 401728 36 42287360 58 2727425604 16
is_linear=0
shrinkage=0.05


Tree=152
num_leaves=15
num_cat=4
split_feature=7 30 28 21 27 28 24 28 30 30 19 3 9 30
split_gain=13.5558 15.2817 14.9759 20.7927 18.4554 15.2559 22.2481 19.9054 28.2266 19.2682 19.0598 18.5725 17.7688 15.7259
threshold=40.500000000000007 0 0.27482200782951133 0.94079699639442749 0.24562491450040455 0.31971911231982536 0.31736723916034265 0.35658695137304769 1 2 92.405000000000015 0.61244585449300459 1.5000000000000002 3
decision_type=2 9 10 10 10 10 10 10 9 9 10 8 2 9
left_child=2 -2 3 -1 -5 6 9 8 11 -4 -10 -7 -8 -9
right_child=1 -3 5 4 -6 7 12 13 10 -11 -12 -13 -14 -15
leaf_value=0.0064115899232575066 -0.027635705894471969 0.00032968999912231779 -0.028327002784690015 -0.00081307889936788026 -0.042636394694477595 0.0015591212053579591 -0.037351781465594973 0.0024311112574135155 0.01728304808335222 0.0046145215675485801 -0.016672172426930944 -0.036388467244570358 -0.0057450070230151348 -0.0051321398797128763
leaf_weight=1309.7046051500365 83.365553588606417 110.2683760356158 42.723684737458825 73.795220739208162 40.084268567152321 88.370782500132918 100.94986903574318 1174.0091510340571 423.30239385552704 245.35723352059722 44.996121887117624 49.696277745068073 79.615272767841816 1633.4484635479748
leaf_count=8000 1707 1335 261 599 314 586 738 6865 2648 1469 256 283 427 10030
internal_value=-0.000233493 -0.0131934 0.000241849 0.00462675 -0.0157774 -0.00136674 -0.00981592 -0.000204311 0.00800336 -0.00117221 0.0137 -0.0114406 -0.023524 -0.00197925
internal_weight=5499.69 193.634 5306.05 1423.58 113.879 3882.47 468.646 3413.82 606.366 288.081 468.299 138.067 180.565 2807.46
internal_count=35518 3042 32476 8913 913 23563 2895 20668 3773 1730 2904 869 1165 16895
cat_boundaries=0 2 4 6 8
cat_threshold=2207040584 34 36915206 23 37826578 1 3818065752 32
is_linear=0
shrinkage=0.05


Tree=153
num_leaves=15
num_cat=4
split_feature=10 30 20 30 28 25 25 28 25 24 30 30 14 24
split_gain=10.1336 18.8078 17.7788 15.5471 19.8309 19.3596 26.2652 26.8036 23.7223 23.4207 21.9859 18.6961 18.3631 22.7995
threshold=1.0000000180025095e-35 0 -84.399999999999991 1 0.059856735518329131 0.55703620147469068 0.37473311261909187 0.48412028320596762 0.66865632190985025 0.38533604372641844 2 3 8.5012500000000024 0.6042274289133458
decision_type=2 9 8 9 10 10 10 10 10 10 9 9 8 10
left_child=1 -1 -2 12 -5 6 9 -8 -7 11 -11 -6 -4 -14
right_child=2 -3 3 4 5 8 7 -9 -10 10 -12 -13 13 -15
leaf_value=-0.010186437954859117 -0.022646311690308937 0.00048646861444237702 0.015677250465075999 0.023518417469191172 0.011389174019538059 -0.020556691981619937 0.025615067000922188 -0.018500687870314503 -0.0022381727149436551 -0.0076890499147655115 0.021655309286984049 -0.016700867632120274 0.004344602537961921 -0.030692412406139891
leaf_weight=650.49550680723041 76.432159813120961 1103.0287362802774 366.42228968534619 81.672502294182777 71.663755206391215 199.39224617928267 209.47987342439592 40.413315517827868 1499.9980030292645 102.16299305297434 148.5484559033066 235.06424367520958 699.42236294038594 48.731708506122231
leaf_count=3980 523 6928 2342 537 530 1258 1276 233 9486 640 1030 1781 4850 302
internal_value=-0.000391295 -0.00353164 0.00106627 0.0015617 -0.000574113 -0.00137044 0.00500069 0.0184353 -0.00439834 -0.00104409 0.0102695 -0.0102949 0.00646499 0.00202451
internal_weight=5532.93 1753.52 3779.4 3702.97 2588.4 2506.72 807.333 249.893 1699.39 557.439 250.711 306.728 1114.58 748.154
internal_count=35696 10908 24788 24265 16771 16234 5490 1509 10744 3981 1670 2311 7494 5152
cat_boundaries=0 2 4 6 8
cat_threshold=38435917 7 2723766856 4 10749200 24 18876690 34
is_linear=0
shrinkage=0.05


Tree=154
num_leaves=15
num_cat=4
split_feature=11 29 7 4 29 28 0 29 28 28 28 25 19 29
split_gain=10.2841 18.9564 15.6023 17.4137 15.1049 14.1331 17.113 17.3491 17.8716 21.2938 13.7625 14.8448 12.9993 19.6692
threshold=6.1733901913371669 0 6.5000000000000009 -25.290209958930397 1 0.21267936407349713 99.020000000000024 2 0.23199904447938799 0.30975488858736849 0.32244230403288793 1.7386798673186967 90.855000000000018 3
decision_type=2 9 2 8 9 8 10 9 8 10 10 10 8 9
left_child=2 -2 5 -4 -5 -1 7 -7 -9 -10 11 -11 13 -6
right_child=1 -3 3 4 12 6 -8 8 9 10 -12 -13 -14 -15
leaf_value=0.021396996111662264 -0.012156601306811145 0.0026235530616143779 -0.028939606614469843 -0.02134265199479303 0.012523737383862419 -0.013442136223318342 -0.021657928116108723 -0.055686764788053546 0.027673844629933744 -0.044380558363665515 0.0042897413531005416 0.027047311013404386 0.00067490431203527917 -0.015167907751464186
leaf_weight=81.714273422956467 224.49179502017796 2776.8054219586775 79.993212384171784 117.45172287151217 71.802815116941929 146.31086304783821 83.420511860400438 11.058635763823984 95.586488716304302 27.842389885336161 668.72188077494502 8.9726300910115224 761.349520387128 337.93489292450249
leaf_count=416 1316 18139 512 821 529 773 578 58 612 224 3738 50 5077 2647
internal_value=-0.00048857 0.00148259 -0.00286207 -0.00644491 -0.00502707 0.00150353 -7.56815e-05 0.0018233 0.00469403 0.00565442 0.00263627 -0.0267171 -0.00316482 -0.0103609
internal_weight=5493.46 3001.3 2492.16 1368.53 1288.54 1123.63 1041.91 958.493 812.182 801.123 705.537 36.815 1171.09 409.738
internal_count=35490 19455 16035 9586 9074 6449 6033 5455 4682 4624 4012 274 8253 3176
cat_boundaries=0 1 2 3 4
cat_threshold=3735728 598016 283072 1054096
is_linear=0
shrinkage=0.05


Tree=155
num_leaves=15
num_cat=5
split_feature=14 10 30 28 30 24 30 29 26 28 30 0 25 19
split_gain=9.90011 10.6214 27.3049 13.3633 21.8995 21.394 16.9529 19.0261 18.2071 21.7989 18.7926 18.0214 20.5369 17.4428
threshold=-10.469999999999997 1.0000000180025095e-35 0 0.19132350259105949 1 0.084446164710343177 2 3 1055.0000000000002 0.39299388449336853 4 99.995000000000019 0.55905184980657607 96.517500000000013
decision_type=8 2 9 10 9 10 9 9 2 10 9 10 10 10
left_child=-1 2 -2 4 -3 -5 7 13 -8 11 -11 12 -10 -7
right_child=1 3 -4 5 -6 6 8 -9 9 10 -12 -13 -14 -15
leaf_value=-0.032271128883379567 -0.010604694828683063 0.020921546872149969 0.0020663260161674336 -0.028582631008123978 -0.0024836562987880623 0.018504970915480503 0.0016249351932877678 -0.0067647072881639519 0.0090168719223761296 0.019201729447303306 -0.0092404251983240152 -0.035561315532824052 0.048715234512674059 -0.020180529856927427
leaf_weight=22.777744818478823 711.29429713543504 206.33590194117278 1030.1985704470426 60.905537427403033 187.61374097596854 148.57241894863546 1791.1017375206575 939.05549369100481 53.908650984987617 94.054282059893012 120.52347775641829 9.3958272226154786 83.472292922437191 35.311854057013988
leaf_count=143 4338 1687 6463 690 1572 934 11498 5792 445 487 707 57 490 183
internal_value=-7.8002e-05 6.18836e-05 -0.00316113 0.00156702 0.0102639 0.000537324 0.00108736 -0.00387305 0.00367673 0.0139156 0.00371973 0.0286953 0.0333152 0.0104423
internal_weight=5494.52 5471.74 1741.49 3730.25 393.95 3336.3 3275.4 1122.94 2152.46 361.355 214.578 146.777 137.381 183.884
internal_count=35486 35343 10801 24542 3259 21283 20593 6909 13684 2186 1194 992 935 1117
cat_boundaries=0 2 4 6 7 8
cat_threshold=2185915417 39 33933402 39 1151703314 22 267169 35128320
is_linear=0
shrinkage=0.05


Tree=156
num_leaves=15
num_cat=3
split_feature=7 30 26 2 8 2 30 3 20 30 23 13 55 7
split_gain=10.3456 15.1086 15.6929 14.5445 15.7333 16.2513 22.5148 14.698 19.9169 20.5055 13.3156 14.3743 12.7539 12.57
threshold=14.500000000000002 0 266.50000000000006 87.493213412288 -10.499999999999998 31.071661389458011 1 0.55847973492535752 -84.399999999999991 2 38.329791666666672 8.1050000000000022 22.500000000000004 52.500000000000007
decision_type=2 9 2 2 8 2 9 8 8 9 10 10 10 2
left_child=3 2 13 4 -1 7 -7 8 -6 -10 11 -9 -3 -2
right_child=1 12 -4 -5 5 6 -8 10 9 -11 -12 -13 -14 -15
leaf_value=0.043747924210914467 -0.0030993380063268623 -0.0012494016142554165 -0.02549668657323383 -0.011149841885156497 -0.031323383687989863 0.02411944534917411 -0.001791653358163748 -0.0017022304586964384 -0.0025842265218682936 0.0095295792083196305 0.024451355649024814 -0.019686167680071132 0.025399898332604504 -0.04507626678811074
leaf_weight=21.498772881925106 334.27774750534445 968.31120048090816 132.62720399349928 219.60037806257606 37.13679820112884 172.15197382867336 159.61086141690612 1703.0005872491747 538.98023640364408 976.60959354881197 44.698961136862636 117.89062826521695 46.076897410675883 17.854221078567207
leaf_count=97 2968 8847 1648 1075 239 830 810 9149 2943 5227 245 599 370 450
internal_value=-5.38835e-07 -0.00354057 -0.0106827 0.0013297 0.00205909 0.00180849 0.0123567 0.00078143 0.00437378 0.00526855 -0.00220922 -0.00287674 -1.49315e-05 -0.00534932
internal_weight=5490.33 1499.15 484.759 3991.18 3771.58 3750.08 331.763 3418.32 1552.73 1515.59 1865.59 1820.89 1014.39 352.132
internal_count=35497 14283 5066 21214 20139 20042 1640 18402 8409 8170 9993 9748 9217 3418
cat_boundaries=0 2 4 6
cat_threshold=3284799234 8 1099481106 45 672125212 3
is_linear=0
shrinkage=0.05


Tree=157
num_leaves=15
num_cat=5
split_feature=16 30 7 25 7 11 3 30 29 30 30 41 24 11
split_gain=11.0616 12.696 12.6083 10.5573 9.14981 16.577 22.1801 22.1868 20.3961 19.3176 12.9677 14.9981 19.2783 13.27
threshold=8.1100000000000012 0 5.5000000000000009 20.058866953995263 7.5000000000000009 6.2860260266895382 0.29233905326497039 1 2 3 4 1.0000000180025095e-35 0.36852839829864076 9.9131262420778139
decision_type=10 9 2 10 2 2 10 9 9 9 9 2 10 2
left_child=3 2 -2 4 -1 6 7 -6 -7 -8 13 -12 -13 -10
right_child=1 -3 -4 -5 5 8 9 -9 10 -11 11 12 -14 -15
leaf_value=0.0032537411319967925 0.040019524904853561 -0.024785299990391047 -0.016176061247811627 -0.054137509081477665 -0.012788850618136522 -0.02440485253052747 -0.025797289949104379 0.0067935463914770072 0.011291523316396814 -0.0062458493407487681 -0.00053858638815815251 -0.012972733322577477 0.067096589119670244 -0.034430326313524239
leaf_weight=2186.4329369943589 18.34433526545763 76.426700887270272 19.78779835626483 7.7716824486851683 189.24679220374674 58.085848651826382 161.47403635364026 511.29430904053152 517.99272223562002 567.34710162132978 1150.6805457165465 12.191035167314114 17.505016475915909 15.419986356049774
leaf_count=12107 96 482 130 76 1829 406 1033 4203 3530 3239 8200 92 86 98
internal_value=0.000344436 -0.0149622 0.00891242 0.000672146 0.000761241 -0.000941612 -0.00494583 0.00140734 0.00228954 -0.011046 0.0033309 0.000377899 0.0348742 0.00972584
internal_weight=5510 114.559 38.1321 5395.44 5387.67 3201.24 1429.36 700.541 1771.88 728.821 1713.79 1180.38 29.6961 533.413
internal_count=35607 708 226 34899 34823 22716 10304 6032 12412 4272 12006 8378 178 3628
cat_boundaries=0 2 4 5 7 9
cat_threshold=2182120450 40 54877254 25 2688656 11182402 3 2153235470 23
is_linear=0
shrinkage=0.05


Tree=158
num_leaves=15
num_cat=4
split_feature=0 28 30 20 28 1 11 30 2 27 28 28 30 30
split_gain=8.98295 21.965 13.7054 8.83762 11.2869 8.26023 8.03259 19.4928 17.6686 14.843 12.2942 18.0875 17.1235 12.9321
threshold=99.995000000000019 0.21162147300648318 0 -84.399999999999991 0.1685349860271676 0.053262411347517739 7.4948055453861544 1 3.2348400798714709 0.45479792907573907 0.52708231543002382 0.49679328627915503 2 3
decision_type=10 8 9 8 10 8 2 9 2 10 8 10 9 9
left_child=3 -2 -3 4 -1 -5 10 9 -9 -8 11 -7 -13 -12
right_child=1 2 -4 5 -6 6 7 8 -10 -11 13 12 -14 -15
leaf_value=0.029902736167432331 0.064071679190457267 0.016680497649190117 -0.029349911600798442 -0.0271912288539044 -0.021253442680867388 -0.00057396160305010421 0.010256550689195334 0.0081358605057859686 -0.0059618525305675206 0.046558459505806782 -0.0096824303492517149 0.013473594885445975 -0.022551894601537788 0.010314181496790802
leaf_weight=11.461917221546171 7.0482181385159484 15.723265863955019 71.534110064618289 25.931641849689186 83.842053584754467 3538.6370557500049 72.371310316026211 500.97043384239078 397.89896883629262 45.907903421670198 91.551232492551208 36.173196621239185 157.12597770057619 429.59826181083918
leaf_count=71 54 82 578 500 576 22908 423 3447 2203 245 619 182 961 2668
internal_value=-0.000112567 -0.0153291 -0.022396 0.000156388 -0.0148544 0.00042926 0.000570296 0.00455953 0.00187476 0.0227144 -0.000384599 -0.00138968 -0.0162428 0.00680163
internal_weight=5485.78 94.3056 87.2574 5391.47 95.304 5296.17 5270.23 1017.15 898.869 118.279 4253.09 3731.94 193.299 521.149
internal_count=35517 714 660 34803 647 34156 33656 6318 5650 668 27338 24051 1143 3287
cat_boundaries=0 2 3 4 6
cat_threshold=1107558464 1 537926916 2727686212 2202366212 6
is_linear=0
shrinkage=0.05


Tree=159
num_leaves=15
num_cat=4
split_feature=32 26 25 24 30 24 30 7 29 3 10 30 26 26
split_gain=10.7472 11.1759 20.1216 21.4929 31.304 24.2254 18.3852 17.6117 17.5275 16.8184 22.3564 16.2302 16.7573 31.2375
threshold=9.5000000000000018 64.500000000000014 9.0095441523038886 0.35098033433082482 0 0.36001325820351349 1 5.5000000000000009 2 0.029807645441841831 16.500000000000004 3 3898.5000000000005 2199.5000000000005
decision_type=10 2 10 8 9 8 9 2 9 8 2 9 2 2
left_child=1 2 3 4 -1 -5 -7 -6 -3 10 -9 12 13 -10
right_child=-2 8 -4 5 7 6 -8 9 11 -11 -12 -13 -14 -15
leaf_value=-0.011022982892351712 -0.021943240331062572 0.023822512749766066 -0.035906258763140311 -0.034361381052666534 0.020603401602217002 -0.016003551359816581 -0.00073459475153178633 0.014244604186585902 -0.002324789929978522 0.0008392444859371712 0.090451051574449715 0.0035056575444015825 0.020448640332314375 -0.029457347278183266
leaf_weight=325.62730696238577 56.348495131358504 76.833100847899914 43.967544350773096 76.897629421204329 184.25871211290359 271.63861487619579 669.0046217571944 75.3594861458987 688.58125017676502 691.49385368544608 10.142990143969653 2119.9415448196232 61.075055979192257 124.44610263966024
leaf_count=2179 333 419 264 524 1067 1568 4365 662 4772 4480 75 13603 428 719
internal_value=-0.000411875 -0.000183989 -0.00277984 -0.0021325 0.00216099 -0.00755926 -0.00533403 0.00667905 0.0018014 0.0034406 0.024226 0.00114516 -0.00455212 -0.00650892
internal_weight=5475.62 5419.27 2348.39 2304.42 1286.88 1017.54 940.643 961.255 3070.88 776.996 85.5025 2994.04 874.102 813.027
internal_count=35458 35125 15184 14920 8463 6457 5933 6284 19941 5217 737 19522 5919 5491
cat_boundaries=0 2 4 5 7
cat_threshold=1116069124 1 21817688 28 1835008 6690115 26
is_linear=0
shrinkage=0.05


Tree=160
num_leaves=15
num_cat=2
split_feature=11 55 7 5 11 30 5 28 28 3 19 28 16 30
split_gain=9.31278 7.76687 18.6375 12.17 10.1682 25.7361 18.8804 16.037 11.9382 11.0426 10.4312 9.99765 8.98097 13.4924
threshold=10.499309698568512 10.500000000000002 29.500000000000004 0.42180909090909091 8.9161377264534742 0 0.46233707837301591 0.24148522600378577 0.40882429058203296 0.63972814788910271 88.715000000000018 0.42870427463501232 -1.0000000180025095e-35 1
decision_type=2 8 2 8 2 9 8 10 8 10 10 8 8 9
left_child=1 2 3 11 12 6 -6 -8 10 -10 -7 -1 -3 -14
right_child=-2 4 -4 -5 5 8 7 -9 9 -11 -12 -13 13 -15
leaf_value=0.066146021752018669 -0.036608415164017097 0.0048201819520131877 -0.032331166591425063 0.0087953426541070318 -0.040392330623504287 0.054360791808315635 -0.03929774486807356 0.013411882430298947 -0.023571489953180022 0.030562233914254444 0.010677616023777158 0.008244384891537131 -0.0055761102722288302 0.00032805137162889323
leaf_weight=20.604629572480917 16.416645064949989 636.17358425352722 18.472671157680452 67.325783548876643 29.343063058331609 47.534178053960204 16.371247296221554 84.503593047149479 16.306117992848158 19.734249897301197 19.821790345013142 11.867366231977938 1398.183213070035 3091.3945745415986
leaf_count=122 105 3716 253 380 185 324 105 466 114 86 97 69 9432 20129
internal_value=-0.000104617 1.14478e-05 0.0126311 0.0211919 -0.000269347 0.00990956 -0.00539247 0.00455572 0.0269802 0.00609481 0.0418498 0.0458635 -0.000735109 -0.00152319
internal_weight=5494.05 5477.64 118.27 99.7978 5359.37 233.614 130.218 100.875 103.396 36.0404 67.356 32.472 5125.75 4489.58
internal_count=35583 35478 824 571 34654 1377 756 571 621 200 421 191 33277 29561
cat_boundaries=0 2 4
cat_threshold=2156429658 49 1162626401 10
is_linear=0
shrinkage=0.05


Tree=161
num_leaves=15
num_cat=4
split_feature=3 24 30 21 0 7 28 30 20 3 30 30 26 15
split_gain=8.11206 14.1948 33.0883 20.6183 17.443 13.4181 15.5755 12.7368 18.4784 12.6345 20.5692 15.139 15.3198 12.5442
threshold=0.55847973492535752 0.22567072509729322 0 1.3570291040850917 24.995000000000001 32.500000000000007 0.26455730895159918 1 12.862500000000006 1.0000000180025095e-35 2 3 4289.5000000000009 -0.52851131230664083
decision_type=8 10 9 8 10 2 8 9 10 10 9 9 2 10
left_child=1 2 3 -1 5 6 -5 8 -2 10 -3 12 -11 -4
right_child=7 9 13 4 -6 -7 -8 -9 -10 11 -12 -13 -14 -15
leaf_value=-0.019133598552547607 -0.0082621195529277019 -0.031839191901516177 0.00031967024253655484 0.025307088209060358 -0.0050407374920726413 -0.0089245719111297108 0.071778532477311155 -0.00072518774706866146 -0.053051440698812638 0.015831668626856754 0.0064628450562781506 0.0027181501097386816 -0.04688261880476504 -0.018506920840167952
leaf_weight=36.237379593774676 207.63348510302603 52.800482279621065 127.71977137774229 51.702449368312955 39.113539720885456 14.703746134415267 28.357942689210176 2393.9134185509756 24.995679438114166 358.16803477704525 75.181446147151291 1792.5909795630723 9.0628948248922807 286.72839510068297
leaf_count=470 1154 527 1134 318 284 225 168 13670 140 2299 782 11913 63 2489
internal_value=0.000163274 0.00199935 -0.00494847 0.0131749 0.0229739 0.0344687 0.04245 -0.00184464 -0.012736 0.00377599 -0.0114309 0.00468196 0.0137864 -0.0124194
internal_weight=5498.91 2872.37 584.563 170.115 133.878 94.7641 80.0604 2626.54 232.629 2287.8 127.982 2159.82 367.231 414.448
internal_count=35636 20672 5088 1465 995 711 486 14964 1294 15584 1309 14275 2362 3623
cat_boundaries=0 2 4 6 8
cat_threshold=2166671382 12 16916483 6 1128543308 23 1112678467 16
is_linear=0
shrinkage=0.05


Tree=162
num_leaves=15
num_cat=4
split_feature=3 30 25 7 8 25 7 3 29 19 30 29 28 8
split_gain=8.05195 18.7835 18.052 16.1435 16.7767 16.9966 14.1394 13.1624 13.1158 12.7593 26.8848 21.109 19.1573 13.3133
threshold=0.70475754984862349 0 0.47673407361972736 -1.0000000180025095e-35 26.500000000000004 3.8899955590557456 5.5000000000000009 0.79330160892161772 1 55.810000000000009 2 3 0.55130834071513701 1.5000000000000002
decision_type=10 9 10 2 8 10 2 10 9 8 9 9 10 10
left_child=9 8 6 -4 -5 -6 -3 -8 -2 10 12 -12 -1 -13
right_child=1 2 3 4 5 -7 7 -9 -10 -11 11 13 -14 -15
leaf_value=0.0052944163917183241 -0.017989619682173077 0.014051211651009641 -0.034936409123250294 -0.019115478741611042 -0.0073595415762113901 0.021402611160051516 0.015705591092948765 -0.017042209708767683 0.0055619574195123807 0.0033236831467908464 0.011516216643001813 -0.020665423053391987 0.068820430379358838 0.0070165745244988578
leaf_weight=277.78989891894162 54.122326567769051 146.58320016227663 67.053632963448763 236.42239066399634 251.13816727884114 63.508604489266872 41.999280179850757 106.81558172777295 693.23909055069089 3100.6315262401477 76.062361236661673 319.947958718054 11.412888485938309 49.7317451890558
leaf_count=2360 288 914 401 1298 1269 316 227 553 3673 20040 681 3185 65 324
internal_value=0.000660541 -0.00224679 -0.00700831 -0.0119378 -0.00908113 -0.00150475 0.00307572 -0.00775682 0.0036202 0.00191973 -0.00399981 -0.0115469 0.00776239 -0.0164878
internal_weight=5496.46 1660.88 913.521 618.123 551.069 314.647 295.398 148.815 747.361 3835.58 734.945 445.742 289.203 369.68
internal_count=35594 8939 4978 3284 2883 1585 1694 780 3961 26655 6615 4190 2425 3509
cat_boundaries=0 2 3 5 6
cat_threshold=555521548 45 852099 3766791446 20 2363410
is_linear=0
shrinkage=0.05


Tree=163
num_leaves=15
num_cat=2
split_feature=28 30 7 3 27 0 26 30 7 10 32 22 1 12
split_gain=9.2627 26.1561 16.597 15.2063 14.9383 23.28 28.3315 14.8666 14.3403 11.939 14.8392 17.7313 15.902 11.4789
threshold=0.19132350259105949 0 47.500000000000007 0.077117095980871284 0.14794850246746449 1.0000000180025095e-35 35.500000000000007 1 3.5000000000000004 13.500000000000002 9.5000000000000018 -2.878333333333333 1.1582156611039796 1.5000000000000002
decision_type=10 9 2 10 10 10 2 9 2 2 8 10 8 2
left_child=1 2 9 -3 5 -2 -7 -8 -5 10 11 13 -12 -1
right_child=4 3 -4 8 -6 6 7 -9 -10 -11 12 -13 -14 -15
leaf_value=0.029200264784950299 -0.036894751610122942 0.017363117145660283 -0.034045672549765045 0.018840993047047266 -0.00026031231936070028 0.083679602208499293 0.016649628291483167 -0.022935705548539 -0.015322335904970076 0.00040720783721670247 0.030446351352425884 -0.0049778654366137926 -0.019228195322230312 0.061099114618381467
leaf_weight=98.311682723462582 70.917502001859248 60.647656879387796 14.833683021366594 35.043910086154938 4710.7495752926916 8.3869800930842739 30.834470923990011 47.697627688758075 211.13922546710819 69.124493815004826 28.496942447498441 27.11276226863265 34.524062816053629 41.346710687503219
leaf_count=613 760 711 383 185 29246 66 234 374 1628 470 194 248 183 238
internal_value=-3.52064e-05 0.00571263 0.015556 -0.00472254 -0.000768884 -0.0158504 0.0015441 -0.00816957 -0.0104027 0.0186415 0.0241011 0.0318728 0.00335844 0.0390114
internal_weight=5489.17 620.581 313.75 306.831 4868.59 157.837 86.9191 78.5321 246.183 298.917 229.792 166.771 63.021 139.658
internal_count=35533 4853 2329 2524 30680 1434 674 608 1813 1946 1476 1099 377 851
cat_boundaries=0 2 4
cat_threshold=1646575890 63 2190475272 28
is_linear=0
shrinkage=0.05


Tree=164
num_leaves=15
num_cat=4
split_feature=4 3 29 30 7 19 30 13 14 7 14 22 21 30
split_gain=10.1488 9.49574 17.8167 17.2316 14.5483 14.4593 13.0004 18.3099 12.8543 16.6067 12.9739 12.7062 15.8605 17.2989
threshold=-92.90901485044968 0.79330160892161772 0 1 -19.499999999999996 89.500000000000014 2 0.14999999999999927 4.503750000000001 5.5000000000000009 14.839166666666669 -2.878333333333333 0.98929407201245356 3
decision_type=8 10 9 9 2 8 9 8 8 2 8 8 8 9
left_child=-1 11 6 5 -5 -4 -3 -8 -6 -10 -11 -2 13 -13
right_child=1 2 3 4 8 -7 7 -9 9 10 -12 12 -14 -15
leaf_value=-0.043726105524466402 0.013789577391618938 0.00079043114459062232 -0.0075756365759792601 -0.053443594122267839 -0.022271626353622433 0.0097009575933370562 0.028684421368929177 -0.034670619052196976 0.0099610693264679789 0.040396612157432787 -0.016033780991275438 -0.023371961826950154 0.0013313497174630949 0.0058086071863169848
leaf_weight=12.253777012228966 190.42101526260376 72.286048449575901 170.24595184065402 16.359774133190513 100.23305898997933 413.48386669903994 11.897089459002016 114.89693758822978 154.92140338942409 9.9222467765212041 161.60839041136205 125.41096537560225 3838.4771973248571 79.804482268169522
leaf_count=63 1327 367 896 141 523 2180 79 613 925 56 848 1557 25069 814
internal_value=-2.61421e-05 7.99225e-05 -0.00379352 -0.00103265 -0.00835877 0.00457955 -0.0170527 -0.0264763 -0.00670467 -0.00187161 -0.0125543 0.00120199 0.000605965 -0.0129027
internal_weight=5472.22 5459.97 1225.85 1026.77 443.045 583.73 199.08 126.794 426.685 326.452 171.531 4234.11 4043.69 205.215
internal_count=35458 35395 6628 5569 2493 3076 1059 692 2352 1829 904 28767 27440 2371
cat_boundaries=0 1 3 5 7
cat_threshold=2364626 3246920796 41 2148362758 20 1108202518 40
is_linear=0
shrinkage=0.05


Tree=165
num_leaves=15
num_cat=2
split_feature=32 24 15 29 24 24 7 54 3 7 24 29 1 24
split_gain=11.2865 14.2689 9.31371 17.7265 15.1991 14.6715 11.8139 11.6737 11.1042 13.4569 11.3075 10.6571 15.9008 18.6067
threshold=2.5000000000000004 0.37283861198855839 1.0000000180025095e-35 0 0.33501327171468165 0.32644107884860535 -23.499999999999996 1.0000000180025095e-35 0.013137713487313888 6.5000000000000009 0.2681652560573225 1 0.25089928057553962 0.33975801775996789
decision_type=8 10 10 9 8 10 2 10 10 2 10 9 8 10
left_child=1 -1 3 4 5 8 -4 -5 10 -10 -2 12 13 -8
right_child=2 -3 6 7 -6 -7 11 -9 9 -11 -12 -13 -14 -15
leaf_value=0.020122449832696149 0.041638515211497057 -0.025220986583113641 -0.033177469156806513 -0.0071114317650442724 -0.0040195962419338057 0.059030504768783437 -0.012759994318838137 0.0097113311558718728 0.032098115675909984 -0.0071690042661519682 -0.013157888580723873 0.002534086444820176 -0.0053144467009539828 0.099876651271715591
leaf_weight=119.80996436439455 43.037654678337276 19.382823213934898 24.335748367011547 1419.1106048328802 175.54172695614398 17.321770638227463 6.5130820330232364 110.34015143476427 28.198060229420662 85.40732310898602 11.457844417542217 2711.3613861817867 719.01872842013836 6.8346056137233973
leaf_count=716 526 113 163 10440 1239 104 190 665 146 845 115 15577 4768 58
internal_value=-0.000331568 0.0136734 -0.000697848 -0.0035203 0.0063431 0.0164628 0.000841221 -0.00585397 0.0117533 0.00277254 0.0300879 0.00109118 -0.00422386 0.0478563
internal_weight=5497.67 139.193 5358.48 1890.42 360.964 185.423 3468.06 1529.45 168.101 113.605 54.4955 3443.73 732.366 13.3477
internal_count=35665 829 34836 14080 2975 1736 20756 11105 1632 991 641 20593 5016 248
cat_boundaries=0 1 2
cat_threshold=2102566 2626596
is_linear=0
shrinkage=0.05


Tree=166
num_leaves=15
num_cat=1
split_feature=7 18 25 56 29 3 10 8 44 3 26 4 26 27
split_gain=9.61753 15.5045 15.7338 13.7325 12.5799 26.8375 19.3264 13.2163 11.2422 14.5386 12.4761 13.502 12.1919 10.8189
threshold=20.500000000000004 1.575 1.0270994637123729 22.500000000000004 0 0.12077554897851429 13.500000000000002 2.5000000000000004 1.5000000000000002 0.14583772699168987 54.500000000000007 3.0227484236551025 267.50000000000006 0.19924066184632575
decision_type=2 10 10 2 9 10 2 10 2 10 2 8 2 8
left_child=8 2 3 4 5 -2 7 -6 13 -10 11 -11 -12 -1
right_child=1 -3 -4 -5 6 -7 -8 -9 9 10 12 -13 -14 -15
leaf_value=-0.0071555464164084681 -0.0037166752305438479 -0.029206596415703515 0.0021862830382672004 0.06595379988470787 -0.02944937449631669 -0.039708576997867263 0.066624016731188285 0.014325524909557378 0.057699806246178736 0.011614609187436918 0.030836015312486566 -0.034738335111029306 -0.00097476125178503335 0.0011622086079998862
leaf_weight=432.59206484165043 110.55007603019476 59.845606163144112 518.7138394555077 4.5240662759169927 30.276191513985395 96.82985183224082 9.7873681150376779 37.500899538397789 15.337184019386767 33.191520480439067 71.078857615590096 28.219143234193325 51.640805907547474 3973.6256499439478
leaf_count=2631 1927 739 4888 36 401 1442 70 217 79 173 377 146 260 22096
internal_value=-3.90525e-05 -0.00486362 -0.00302716 -0.0123448 -0.0138142 -0.0196872 0.00394266 -0.0053727 0.000871086 0.0124512 0.0083909 -0.0099006 0.0175503 0.000344153
internal_weight=5473.71 868.028 808.182 289.468 284.944 207.38 77.5645 67.7771 4605.69 199.468 184.13 61.4107 122.72 4406.22
internal_count=35482 9720 8981 4093 4057 3369 688 618 25762 1035 956 319 637 24727
cat_boundaries=0 1
cat_threshold=2215941
is_linear=0
shrinkage=0.05


Tree=167
num_leaves=15
num_cat=4
split_feature=7 29 3 30 13 11 25 30 3 6 54 10 30 15
split_gain=10.5314 15.5459 24.9328 21.9718 19.6853 17.2591 20.4941 18.4031 19.8441 15.3067 14.9702 16.5744 23.5505 13.8523
threshold=14.500000000000002 0 0.2142336388984796 1 2.8500000000000014 5.9231053599923937 4.2865591138956933 2 0.040539860193773085 5.5000000000000009 13.500000000000002 22.500000000000004 3 -1.0000000180025095e-35
decision_type=2 9 10 9 8 2 10 9 8 10 8 2 9 10
left_child=10 5 3 -3 9 6 -2 -7 13 -5 -1 -12 -13 -9
right_child=1 2 -4 4 -6 7 -8 8 -10 -11 11 12 -14 -15
leaf_value=0.01853099366049572 -0.020993196606534214 -0.025548307764600504 -0.022425918497803753 -0.010615888558266361 0.00056512505213877895 -0.005859522183293055 0.02229937145726342 0.008810749095248328 0.0060843667722916255 0.068619524575078791 0.0015699364438280534 0.012695611703552646 -0.021030235064458187 0.056212683302245742
leaf_weight=120.81877946667373 149.87155986391008 64.028317851014435 239.79850770626217 8.4549730401486176 255.27247823216021 284.69544492103159 32.523558534681797 27.229429766535759 375.88249746710062 18.811163302510977 3621.9946064371616 66.002694830298424 172.19264217466116 35.863895927555859
leaf_count=622 1648 1032 2099 117 2699 2588 303 313 2930 193 19313 332 964 395
internal_value=-6.96155e-05 -0.00365026 -0.00989861 -0.00147586 0.00478263 0.000503427 -0.013194 0.00397615 0.010254 0.044543 0.0012733 0.000728502 -0.0120194 0.0362119
internal_weight=5473.44 1492.43 586.365 346.567 282.539 906.066 182.395 723.671 438.976 27.2661 3981.01 3860.19 238.195 63.0933
internal_count=35548 14317 6140 4041 3009 8177 1951 6226 3638 310 21231 20609 1296 708
cat_boundaries=0 1 3 5 7
cat_threshold=1337093 1090788358 13 2726891792 40 35197460 8
is_linear=0
shrinkage=0.05


Tree=168
num_leaves=15
num_cat=4
split_feature=3 23 23 4 30 14 30 7 20 9 30 30 2 8
split_gain=9.118 11.5312 15.2576 13.1362 12.9045 11.5792 11.2116 11.372 11.2933 11.1181 23.0756 13.5618 14.6625 11.3728
threshold=0.55847973492535752 1.2883333333333336 0.76875000000000038 -37.986364886466831 0 11.752500000000003 1 15.500000000000002 -80.579999999999984 3.5000000000000004 2 3 -13.744712410128161 43.500000000000007
decision_type=8 10 10 8 9 8 9 2 8 2 9 9 2 10
left_child=1 2 3 4 -1 -6 -3 8 -8 11 -11 12 -2 -13
right_child=9 6 -4 -5 5 -7 7 -9 -10 10 -12 13 -14 -15
leaf_value=-0.024184967541407212 -0.053314368865515042 0.01043671856314818 0.035756452516718662 0.0034495899658631619 0.014655387721112216 -0.015207499755531885 -0.057788388258654635 -0.031829059830239391 -0.00016051057373156288 0.012266065538374782 -0.0054774069942271743 -0.0044301830173323828 0.0052717910742196995 -0.016123075234025609
leaf_weight=77.106212416663766 9.9638808779418451 51.966010380536318 33.768387787044048 2405.1344614708796 69.879845763556659 58.890213325619698 8.3280124291777593 65.14664788544178 96.01252692937851 344.46264611743391 369.99155795946717 1241.7880095299333 417.26673392578959 249.17052386701107
leaf_count=451 59 639 244 16756 385 346 90 1156 639 1775 1941 7399 2438 1408
internal_value=-1.96121e-05 0.00193136 0.00285002 0.00241091 -0.00968141 0.000915727 -0.00900346 -0.0147379 -0.00526504 -0.00214362 0.0031774 -0.00412612 0.00369778 -0.00635124
internal_weight=5498.88 2866.23 2644.78 2611.01 205.876 128.77 221.453 169.487 104.341 2632.64 714.454 1918.19 427.231 1490.96
internal_count=35726 20706 18182 17938 1182 731 2524 1885 729 15020 3716 11304 2497 8807
cat_boundaries=0 2 4 6 8
cat_threshold=562409548 34 537403400 35 2735216926 23 541394240 40
is_linear=0
shrinkage=0.05


Tree=169
num_leaves=15
num_cat=3
split_feature=7 29 14 4 15 15 30 20 8 30 3 3 3 1
split_gain=10.5893 17.0184 12.2324 14.3643 15.0104 10.1827 20.3091 15.8587 16.7605 15.8916 15.0707 15.0041 25.9485 17.3979
threshold=45.500000000000007 0 0.071250000000000049 0.3317497398739207 1.3884744487660525 0.002934550638823558 1 -64.482499999999987 37.500000000000007 2 0.027573869254034381 1.0000000180025095e-35 0.0033917617491063721 0.32299679487179495
decision_type=2 9 10 10 8 8 9 8 8 9 10 8 8 10
left_child=5 2 3 4 -2 6 -1 -8 10 -10 -9 -7 13 -13
right_child=1 -3 -4 -5 -6 11 7 8 9 -11 -12 12 -14 -15
leaf_value=-0.014626121357592997 0.042778213228540453 -0.027143956505765773 -0.044149193479395332 0.078838873444961766 -0.019410503072096536 -0.019566037801039583 -0.027884821181070982 0.035586637240314418 0.0096874722681353272 -0.016311207434980404 0.0062819194924628261 0.0012859256783111263 0.0015996605242468353 0.065202119075190593
leaf_weight=297.28534683585167 15.625808261334898 74.381262235343456 7.9065348468720904 7.4685231130570164 22.366582969203588 81.258117930963635 41.765461605042219 52.9744772631675 89.384504212066531 137.72084080986679 238.0493423929438 17.665791740640998 4378.5488030193374 25.952784003689885
leaf_count=1855 124 1665 108 86 243 918 315 429 556 825 1419 187 26655 223
internal_value=0.000302369 -0.013868 0.00826657 0.019916 0.00660809 0.000642587 -0.00434922 0.00136033 0.00379311 -0.00637137 0.0117198 0.00159348 0.00198662 0.0399247
internal_weight=5488.35 127.749 53.3674 45.4609 37.9924 5360.61 857.18 559.895 518.129 227.105 291.024 4503.43 4422.17 43.6186
internal_count=35608 2226 561 453 367 33382 5399 3544 3229 1381 1848 27983 27065 410
cat_boundaries=0 1 3 5
cat_threshold=12288 1097131543 17 42991688 8
is_linear=0
shrinkage=0.05


Tree=170
num_leaves=15
num_cat=1
split_feature=59 14 7 4 1 15 2 8 25 8 15 29 0 10
split_gain=10.5059 9.15007 8.97227 15.3113 17.8041 17.58 13.0354 13.4316 12.1761 10.8902 15.4942 18.0096 17.0635 14.1736
threshold=1.0000000180025095e-35 0.82499999999999984 10.500000000000002 -14.636469759041452 1.1582156611039796 4.1213292090160616 110.93319062293641 -10.499999999999998 3.3570044043687259 68.500000000000014 2.4969282355076396 0 91.75500000000001 16.500000000000004
decision_type=10 10 2 8 8 10 2 8 10 10 10 9 10 2
left_child=2 -2 6 4 8 -5 7 -1 -4 10 11 -9 -12 -13
right_child=1 -3 3 5 -6 -7 -8 9 -10 -11 12 13 -14 -15
leaf_value=0.051621282752888714 -0.041661995309759836 0.01067100831988989 -0.0091711760355292701 0.0014017605272908381 -0.033100218049878491 -0.008824090743846439 -0.013983322244333952 0.010162810938431282 0.037419930938393201 0.014196910920064835 0.007929487555249512 -0.0025941276762326097 -0.0090862943549713943 -0.019032281044602587
leaf_weight=12.711585864424704 26.899994775652885 11.425043679773806 121.89834959432483 1614.0772882001474 83.566286139190197 567.18414571788162 128.19923822581768 241.05210063606501 14.837983168661593 171.49566818028688 1026.7444180436432 1134.6984554203227 171.13206790760159 147.34750053845346
leaf_count=59 172 61 1102 13595 547 3811 618 1220 141 879 5393 6140 876 912
internal_value=-0.000435788 -0.0261864 -0.000249421 -0.00253204 -0.0150637 -0.00126005 0.00155799 0.00224837 -0.00388036 0.00201363 0.00124081 -0.00210484 0.00549301 -0.00446197
internal_weight=5473.27 38.325 5434.95 2401.56 220.303 2181.26 3033.38 2905.18 136.736 2892.47 2720.97 1523.1 1197.88 1282.05
internal_count=35526 233 35293 19196 1790 17406 16097 15479 1243 15420 14541 8272 6269 7052
cat_boundaries=0 1
cat_threshold=2101925
is_linear=0
shrinkage=0.05


Tree=171
num_leaves=15
num_cat=4
split_feature=13 7 30 14 3 30 26 30 8 1 3 23 44 30
split_gain=8.20759 13.6598 16.3699 13.4443 11.5769 9.93207 9.1918 25.7194 10.1216 11.1289 9.09625 15.1787 12.8879 12.4009
threshold=9.7850000000000019 8.5000000000000018 0 12.252500000000001 0.36240021036999209 1 3898.5000000000005 2 64.500000000000014 0.62805605247465723 0.70475754984862349 2.5920833333333335 2.5000000000000004 3
decision_type=10 2 9 10 10 9 2 9 10 8 10 8 2 9
left_child=6 2 3 4 -2 -3 10 -8 9 -9 13 -12 -13 -1
right_child=1 5 -4 -5 -6 -7 7 8 -10 -11 11 12 -14 -15
leaf_value=-0.0034988494012017225 0.03193189749732827 0.0037074063732175501 0.016569324446736765 -0.040167237756329709 -0.013874343510279644 -0.03149305956013667 -0.035196832266416414 -0.01968281573749267 -0.030103588834289936 0.026454128794508727 -0.022684313428731038 -0.0026772952774491202 0.027359315582580236 0.0032165671618194884
leaf_weight=925.20345363952219 18.174971230328083 31.449393099173903 73.699628502130508 31.845182940363884 48.157737135887146 67.511807681061327 16.619824670255184 13.729732315987347 9.0369138494133932 135.89787308499217 92.692470271140337 1379.2240089233965 35.665292926132679 2590.1905741812661
leaf_count=6637 93 241 370 158 236 536 96 177 54 850 521 7416 192 17956
internal_value=5.53578e-06 -0.00846393 8.31643e-05 -0.0127227 -0.00103572 -0.023161 0.000448353 0.0116704 0.0178555 0.0221181 5.44967e-05 -0.00319338 -0.00190137 0.00144787
internal_weight=5469.1 270.839 171.878 98.1779 66.3327 98.9612 5198.26 175.284 158.665 149.628 5022.98 1507.58 1414.89 3515.39
internal_count=35533 1634 857 487 329 777 33899 1177 1081 1027 32722 8129 7608 24593
cat_boundaries=0 2 4 6 8
cat_threshold=1082943570 7 3221792832 34 1073741824 48 688461888 41
is_linear=0
shrinkage=0.05


Tree=172
num_leaves=15
num_cat=0
split_feature=20 7 3 11 15 0 4 26 24 27 24 23 8 25
split_gain=9.06516 9.64331 20.5 23.0197 12.734 14.95 14.0301 13.959 17.1 12.2296 15.2891 13.0488 13.765 13.5866
threshold=38.125000000000007 8.5000000000000018 0.42860849466235779 6.4450052658320631 2.8130371492677697 91.990000000000023 12.273994572704657 57.500000000000007 0.28223869827775749 0.49042638448567571 0.40557289142795427 6.4987500000000011 30.500000000000004 5.1421468838922957
decision_type=10 2 8 2 10 10 10 2 10 10 10 10 10 8
left_child=1 4 -3 -4 9 7 -7 -6 -9 11 -11 13 -13 -1
right_child=-2 2 3 -5 5 6 -8 8 -10 10 -12 12 -14 -15
leaf_value=0.0050439326701988739 -0.020793082044864828 0.001619316891761705 -0.015941348998237372 -0.0011471136778859158 0.001047944670577635 -0.012744319527913007 0.031324184688981252 -0.0050990797366322121 0.017884307582887306 -0.023234537522357337 -0.0023941769783934023 -0.04625663876160381 0.0023307635005968609 -0.017496495208622457
leaf_weight=1032.7746625244617 51.252279314212501 1578.0342164402828 450.03477187827229 630.90749916061759 341.89417789876461 145.12235411629081 19.6442662589252 97.619667207822204 461.71760332211852 110.64308823645115 417.05192945152521 26.660593179054558 30.625347979366779 70.505437418818474
leaf_count=5609 410 13383 3203 3783 1850 733 101 480 2476 564 2138 288 141 374
internal_value=-6.69041e-05 0.000133135 -0.00201431 -0.00731552 0.00220627 0.006482 -0.00733299 0.00901304 0.0138711 -0.000495747 -0.00679951 0.00237388 -0.0206872 0.00358894
internal_weight=5464.49 5413.24 2658.98 1080.94 2754.26 1066 164.767 901.231 559.337 1688.26 527.695 1160.57 57.2859 1103.28
internal_count=35533 35123 20369 6986 14754 5640 834 4806 2956 9114 2702 6412 429 5983
is_linear=0
shrinkage=0.05


Tree=173
num_leaves=15
num_cat=3
split_feature=32 28 30 7 0 24 1 30 29 25 27 24 7 32
split_gain=8.58744 9.59762 27.2292 16.2258 18.0458 12.9322 13.8573 15.0175 9.42038 15.0489 10.838 10.7849 9.14395 17.7276
threshold=37.500000000000007 0.16523359956869296 0 50.500000000000007 23.925000000000004 0.084446164710343177 0.71466973886328733 1 2 3.7546859584885479 0.052658891424290151 0.047963866514167057 14.500000000000002 4.5000000000000009
decision_type=10 10 9 2 8 10 10 9 9 8 8 10 2 8
left_child=1 2 3 4 -1 6 7 -3 9 -4 11 -10 13 -7
right_child=-2 5 8 -5 -6 12 -8 -9 10 -11 -12 -13 -14 -15
leaf_value=0.051942093614923392 -0.019299838240879774 0.040646318836932857 0.052675460913730078 -0.042160233134898563 0.015925186988310702 0.00062849610072729248 -0.037023792340109607 -0.016320855863030361 0.053594039341867052 -0.024266427462826069 -0.012636116095011959 -0.016937828413071 -0.0033986770757683514 0.015062727474979991
leaf_weight=45.768425814807415 54.050703097134829 7.1403431762009859 17.244376115500927 8.5812159236520511 142.19563401397318 3417.9025193564594 46.720695256255567 22.180346515029672 12.084096585400404 9.0204692445695418 178.69800163339823 8.6032782969996315 1269.6606652531773 225.84311309084296
leaf_count=346 327 95 91 236 980 17945 467 315 115 69 1437 109 11687 1365
internal_value=0.00034849 0.000548264 0.00777767 0.0207459 0.0249236 -6.49074e-05 -0.0203916 0.00645785 -0.00428584 0.019264 -0.00823305 0.0248334 0.00025376 0.00152703
internal_weight=5465.69 5411.64 422.195 196.545 187.964 4989.45 76.0414 29.3207 225.65 26.2648 199.385 20.6874 4913.41 3643.75
internal_count=35584 35257 3383 1562 1326 31874 877 410 1821 160 1661 224 30997 19310
cat_boundaries=0 2 4 5
cat_threshold=44351826 23 8388672 4 2105362
is_linear=0
shrinkage=0.05


Tree=174
num_leaves=15
num_cat=1
split_feature=54 26 8 26 4 15 11 20 10 7 6 24 15 30
split_gain=8.93809 11.411 8.8633 13.1684 11.5883 10.8958 13.124 10.296 11.6307 9.71457 10.6689 15.1791 8.98756 20.2259
threshold=97.500000000000014 141.50000000000003 -2.4999999999999996 67.500000000000014 0.23604035339516136 5.0996067838991399 6.0272295577074333 36.185000000000009 1.0000000180025095e-35 77.500000000000014 69.500000000000014 0.33067563256528493 1.0000000180025095e-35 0
decision_type=10 2 8 2 10 10 2 10 2 2 10 10 8 9
left_child=2 -2 3 5 -5 6 -1 9 -9 10 12 -12 13 -4
right_child=1 -3 7 4 -6 -7 -8 8 -10 -11 11 -13 -14 -15
leaf_value=0.04593542872190625 0.039686412252942158 -0.00061194831372272853 0.0084697104098780621 0.05777160641931367 0.0036401853911015658 -0.034108543524825161 -0.007237876321031427 0.012802421240087559 -0.037772921282060605 -0.035792673444263116 -0.022241236550581019 0.095229238546786346 0.00065004994649213454 -0.009276431035092722
leaf_weight=17.086115524172783 31.118959919549525 38.705878186970949 204.93558639381081 23.77959893643856 16.687305584549904 16.337456688284874 31.765335634350777 15.783624593168495 36.152435541152954 18.197029838338494 4.0767393009737116 5.823773356154561 4375.4708489244804 640.38143600616604
leaf_count=86 178 241 1387 122 83 88 157 95 323 390 136 54 28226 4118
internal_value=7.53484e-06 0.0176547 -0.000223601 0.0140473 0.0360756 3.4547e-05 0.0119082 -0.000510645 -0.0224513 -0.000289313 -0.000158983 0.0492555 -0.000262105 -0.00497873
internal_weight=5476.3 69.8248 5406.48 105.656 40.4669 65.1889 48.8515 5300.82 51.9361 5248.89 5230.69 9.90051 5220.79 845.317
internal_count=35684 419 35265 536 205 331 243 34729 418 34311 33921 190 33731 5505
cat_boundaries=0 2
cat_threshold=1662064968 6
is_linear=0
shrinkage=0.05


Tree=175
num_leaves=15
num_cat=5
split_feature=15 29 30 1 1 5 30 1 36 15 30 29 15 8
split_gain=8.39442 13.605 19.6045 18.0144 17.9165 14.3833 18.6559 14.0341 12.9372 13.4461 12.686 13.5441 11.9242 12.5153
threshold=0.14174649856110036 0 1 2.2981899015560501 0.25089928057553962 0.62413908102766802 2 0.87570224719101131 1.0000000180025095e-35 10.510992547563854 3 4 -9.6736199586333083 37.500000000000007
decision_type=10 9 9 10 8 8 9 8 2 10 9 9 8 8
left_child=10 4 3 7 -2 6 -6 -3 9 -8 11 -1 -12 -14
right_child=1 2 -4 -5 5 -7 8 -9 -10 -11 12 -13 13 -15
leaf_value=1.6323267039101067e-05 0.053385257698041477 -0.019425024246443066 0.0048760568827442737 -0.030902957519778437 0.028350360700720775 -0.010764693739494558 -0.00641178641931323 0.0032741289800586612 0.026114350074530543 -0.068704480595905171 0.019179211922629825 -0.014401800063716334 0.0019705798805151604 -0.0089954886504765141
leaf_weight=290.94836779683828 11.976615037769077 90.123054591007531 2272.6844791956246 64.978606026619673 49.998652618378401 472.64909531921148 123.49486096762121 268.61349094845355 27.837300321087241 8.3454891517758352 76.568701801821589 376.43152940925211 961.99656805209816 355.51778305415064
leaf_count=2267 205 649 13094 335 295 3057 837 1418 204 49 441 2701 7706 2267
internal_value=-0.000101075 0.00142857 0.00303211 -0.00673142 -0.00476936 -0.00593655 0.0049464 -0.00246658 -0.00402656 -0.0108424 -0.00261652 -0.00821779 0.000126908 -0.00099308
internal_weight=5452.16 3390.7 2696.4 423.715 694.302 682.325 209.676 358.737 159.678 131.84 2061.46 667.38 1394.08 1317.51
internal_count=35525 20143 15496 2402 4647 4442 1385 2067 1090 886 15382 4968 10414 9973
cat_boundaries=0 1 3 4 6 7
cat_threshold=2626596 537078018 34 67866 31479105 29 1594756
is_linear=0
shrinkage=0.05


Tree=176
num_leaves=15
num_cat=3
split_feature=19 30 30 28 2 50 7 27 11 8 32 7 3 30
split_gain=6.59274 21.9377 18.8005 28.9652 14.8283 14.8046 14.5971 14.182 14.0917 13.3894 12.4593 12.1129 13.4737 16.1705
threshold=97.500000000000014 0 1 0.20935403283387713 5.5168096989366768 1.0000000180025095e-35 8.5000000000000018 0.26208592022343274 6.0179969130281608 47.500000000000007 3.5000000000000004 13.500000000000002 0.56279810669009767 2
decision_type=8 9 9 8 2 2 2 8 2 8 10 2 10 9
left_child=1 5 3 9 -4 -1 7 -5 11 -2 -6 12 -3 -14
right_child=2 8 4 6 10 -7 -8 -9 -10 -11 -12 -13 13 -15
leaf_value=0.0035312354954685505 0.068366277246510232 -0.0018158204423909551 0.0018842449204121714 -0.017325473545353895 -0.010599340750809759 -0.051357227790808674 -0.002455795653910429 0.019262403839883247 -0.0019131310557509715 0.01493764381360471 0.023523935445491445 -0.028257777739423968 -0.0039786731138967092 -0.03025654222303667
leaf_weight=1334.8768788743764 28.079952009953558 324.5586265604943 1408.058122179471 29.354952117428184 427.90368083771318 11.40213857963681 239.08402726519853 217.29843364283442 1043.0307448320091 20.815693387761712 27.600068226456642 89.491764473728836 136.01289731822908 111.84813517145813
leaf_count=8555 214 1859 9795 182 2507 71 1707 1119 6775 180 152 1033 740 602
internal_value=-0.000216871 -0.00175844 0.00174438 0.009903 -0.000649912 0.00300628 0.00634724 0.0148556 -0.00550572 0.0463761 -0.00848473 -0.0112385 -0.00853307 -0.0172863
internal_weight=5449.42 3051.22 2398.19 534.633 1863.56 1346.28 485.737 246.653 1704.94 48.8956 455.504 661.911 572.42 247.861
internal_count=35491 19635 15856 3402 12454 8626 3008 1301 11009 394 2659 4234 3201 1342
cat_boundaries=0 2 4 6
cat_threshold=1462038356 32 2170040334 23 549978112 17
is_linear=0
shrinkage=0.05


Tree=177
num_leaves=15
num_cat=1
split_feature=7 3 10 1 4 25 25 24 23 29 28 16 8 15
split_gain=9.6272 10.693 14.9989 12.5352 12.7623 12.4959 16.9207 9.31927 23.1884 15.4353 16.5172 15.5607 13.1482 22.6317
threshold=40.500000000000007 0.051826767663167711 4.5000000000000009 0.59110671936758907 -2.2050625757505702 2.1963598577383485 0.71198456734322313 0.30417519150773936 18.18729166666667 0 0.2285819190108134 -1.0000000180025095e-35 3.5000000000000004 5.2034137516211922
decision_type=2 10 2 8 8 8 10 8 10 9 10 10 8 10
left_child=7 2 -2 4 -4 6 -6 8 9 10 -1 -11 13 -12
right_child=1 -3 3 -5 5 -7 -8 -9 -10 11 12 -13 -14 -15
leaf_value=0.043144305095691948 -0.018032311110423593 -0.019926663767945441 -0.030536298966276354 -0.017503705986745433 -0.0048660448766366347 0.010132222025221863 0.12567231534785017 -0.00099562872270331508 -0.051362424171820902 0.0042497794562518379 0.048370896186588803 -0.011266886958632561 -0.0035585464713779077 -0.013250771545470861
leaf_weight=47.599927447736263 34.303525540046394 120.10667241550982 3.7189657231792808 9.8487782441079599 3.2206702064722803 7.343574101105335 8.8611970692872983 3547.8025672892109 18.040515784174204 1295.8282495718449 40.627904828637838 183.59987155068666 83.986453663557768 22.649695616215467
leaf_count=262 583 1819 130 160 82 118 119 21641 428 7947 287 1213 446 137
internal_value=6.155e-05 -0.0110432 0.00487114 0.0285142 0.0480103 0.0638067 0.0931627 0.00046072 0.00351259 0.00413418 0.0169752 0.00230227 0.0094276 0.0264509
internal_weight=5427.54 187.403 67.2967 32.9932 23.1444 19.4254 12.0819 5240.14 1692.33 1674.29 194.864 1479.43 147.264 63.2776
internal_count=35372 3011 1192 609 449 319 201 32361 10720 10292 1132 9160 870 424
cat_boundaries=0 1
cat_threshold=2364576
is_linear=0
shrinkage=0.05


Tree=178
num_leaves=15
num_cat=1
split_feature=14 15 2 30 2 8 18 55 6 19 25 51 20 15
split_gain=9.2864 9.18018 10.1639 18.6705 13.81 11.0134 15.2037 12.1772 12.0334 9.92498 9.61651 9.33259 12.8737 10.4648
threshold=-10.469999999999997 -8.4658101788740137 85.889563623679535 0 136.54790760122071 84.500000000000014 2.7250000000000001 91.500000000000014 -87.499999999999986 85.632500000000007 0.034936761960414377 1.0000000180025095e-35 -1.9975000000000021 -7.1617143386184301
decision_type=8 8 2 9 2 10 10 10 8 10 10 2 10 8
left_child=-1 9 5 -4 -5 8 7 10 -3 -2 -7 13 -13 -10
right_child=1 2 3 4 -6 6 -8 -9 11 -11 -12 12 -14 -15
leaf_value=-0.032023430933597045 0.0017309620700130892 -0.047185247614401481 0.015506184790061307 -0.027859651740939264 -0.0051136285485443422 -0.016869907363211079 -0.041554934061107635 -0.036088110504609978 -0.043762057571852093 0.03003618054215474 0.029087608184466679 0.019987859218645931 -0.017558566894400687 -0.00013610245707688129
leaf_weight=21.55451438203454 75.703085804358125 12.481096237897871 58.638626096770167 111.02725552767515 166.45909535326064 12.16759470105171 10.135533973574637 8.2281843572854978 12.786616310477257 51.564985942095518 100.33039306290448 115.25257108081132 27.584309483878314 4692.2984047653154
leaf_count=137 450 89 339 663 994 81 65 52 81 274 592 673 178 31014
internal_value=-6.40761e-06 0.000125957 -0.000192262 -0.00859484 -0.013787 0.000375198 0.0146332 0.0196531 -1.16157e-05 0.0133441 0.0240121 0.00011954 0.0126653 -0.000263935
internal_weight=5476.21 5454.66 5327.39 336.125 277.486 4991.26 130.862 120.726 4860.4 127.268 112.498 4847.92 142.837 4705.09
internal_count=35682 35545 34821 1996 1657 32825 790 725 32035 724 673 31946 851 31095
cat_boundaries=0 2
cat_threshold=18155526 5
is_linear=0
shrinkage=0.05


Tree=179
num_leaves=15
num_cat=1
split_feature=7 9 26 3 11 0 10 3 11 11 11 30 4 56
split_gain=9.12496 10.2606 18.6912 16.6587 11.6844 11.1672 9.59261 15.1851 13.6726 10.0615 8.70584 15.4251 18.6204 13.5975
threshold=40.500000000000007 1.0000000180025095e-35 355.50000000000006 0.093572662232429923 8.2234165425930517 7.5250000000000012 4.5000000000000009 0.11390825177150175 6.4172223323443918 5.9651205556274638 7.4948055453861544 0 52.553255178693377 15.500000000000002
decision_type=2 2 2 8 2 10 2 10 2 2 2 9 10 2
left_child=10 2 5 -4 -3 6 -2 8 9 -8 13 -12 -13 -1
right_child=1 4 3 -5 -6 -7 7 -9 -10 -11 11 12 -14 -15
leaf_value=-0.0013478634064477734 -0.019076973646808042 -0.034487388795722378 -0.013122891006301729 0.14009499588286808 0.001479430319107275 -0.043086948724069277 0.025621552789524982 -0.023533496640254632 0.015187855133426862 0.14048179501760907 0.015847339946391148 0.0020672742181270941 -0.052252996840498056 0.014168515994883214
leaf_weight=4184.8540934985504 27.369670795276761 64.376039975322783 2.7271693795919409 3.3554177032783628 34.373983709141612 14.891703705303369 4.0444754846394089 13.540845266543327 19.361021148972213 3.8492804002016783 215.67619648296386 710.34625426027924 15.13441041857004 145.1263565570116
leaf_count=26394 541 947 46 59 299 479 88 241 287 59 1197 4100 84 808
internal_value=-0.00026398 -0.0110618 0.001252 0.0792452 -0.0220783 -0.00533455 0.00341672 0.0186031 0.0396295 0.0911294 0.000122934 0.00447876 0.000851993 -0.000824655
internal_weight=5459.03 187.89 89.1396 6.08259 98.75 83.057 68.1653 40.7956 27.2548 7.89376 5271.14 941.157 725.481 4329.98
internal_count=35629 3046 1800 105 1246 1695 1216 675 434 147 32583 5381 4184 27202
cat_boundaries=0 1
cat_threshold=542379356
is_linear=0
shrinkage=0.05


Tree=180
num_leaves=15
num_cat=3
split_feature=24 28 32 13 30 13 30 28 8 28 0 10 29 26
split_gain=9.78389 11.1816 9.7924 9.06827 17.3846 10.4136 16.9049 17.66 19.9484 18.0259 14.0678 12.9868 13.0152 11.3638
threshold=0.84967052394728393 0.76941676436107864 2.5000000000000004 9.9475000000000016 0 0.64500000000000146 1 0.33810615261309457 8.5000000000000018 0.25878155152610188 98.655000000000015 1.0000000180025095e-35 2 189.50000000000003
decision_type=10 10 8 10 9 10 9 10 8 10 10 2 9 2
left_child=2 -2 -1 5 -5 -4 13 9 -9 -8 11 -10 -13 -7
right_child=1 -3 3 4 -6 6 7 8 10 -11 -12 12 -14 -15
leaf_value=0.012986677852738805 -0.049684706380904463 0.0094055395801970719 -0.0012754242682408608 0.0082333505767420555 -0.018337978782634639 0.0080730132194677395 0.014212446710822189 0.033365804538996229 0.00021414047586731932 -0.016762830939124795 -0.024881047819604887 -0.002758175785850608 0.027936058696915074 -0.0095946110427188123
leaf_weight=135.47095045819879 19.985390201210976 12.496671974658964 3987.4246882246807 88.111226539127529 170.76996047794819 135.43452267535031 81.798229179345071 108.66290714405477 136.97389331832528 107.60201536212116 27.499354563653469 51.193019479513168 128.67246270366013 272.78885060828179
leaf_count=804 112 102 26781 530 1032 748 679 681 726 658 143 276 691 1596
internal_value=-0.000403775 -0.0273493 -0.000237655 -0.00057826 -0.00968626 -0.000108414 0.00431773 0.00928386 0.0147792 -0.00338083 0.00883426 0.0118296 0.020625 -0.00363878
internal_weight=5464.88 32.4821 5432.4 5296.93 258.881 5038.05 1050.63 642.402 453.002 189.4 344.339 316.839 179.865 408.223
internal_count=35559 214 35345 34541 1562 32979 6198 3854 2517 1337 1836 1693 967 2344
cat_boundaries=0 2 4 5
cat_threshold=578328064 48 28514063 2 2109440
is_linear=0
shrinkage=0.05


Tree=181
num_leaves=15
num_cat=4
split_feature=26 25 11 25 22 7 30 0 29 24 29 11 30 27
split_gain=9.60495 18.308 16.2205 18.4519 22.708 20.0459 17.0604 17.7026 16.2918 15.4562 28.5589 24.6593 22.5945 16.5017
threshold=57.500000000000007 9.0095441523038886 6.5785982209835678 5.983075767031143 0.8633333333333334 21.500000000000004 0 6.1100000000000003 1 0.32476479195834129 2 5.9231053599923937 3 0.23199904447938799
decision_type=2 10 2 10 10 2 9 10 9 8 9 2 9 8
left_child=1 9 8 5 -5 -4 7 -7 -2 10 11 -1 -11 -14
right_child=2 -3 3 4 -6 6 -8 -9 -10 12 -12 -13 13 -15
leaf_value=0.029133006710508242 0.020759710081442031 -0.035350230646984053 0.0069711926607780184 0.048289776395875443 -0.016252089296234791 0.045945182687095312 -0.016022024771901813 -0.015384564403741433 -0.0026103583331622045 0.0067852364734013668 -0.0023437649555224324 -0.0020826197027492225 -0.059902280800079977 -0.0085372741606698031
leaf_weight=161.78560479357839 67.219921916723251 40.637499555945396 1173.5414665481076 49.317938799038529 18.119477784261107 25.783730559982359 175.98255010321736 20.291585266590118 1633.1992174638435 275.68425414524972 767.49301994685084 103.28147219121456 14.938117517158387 929.88907962385565
leaf_count=923 361 250 6505 292 158 280 2058 211 10828 1596 5299 657 89 6055
internal_value=-3.33238e-05 -0.00249618 0.00175263 0.00561068 0.0309642 0.00436427 -0.0093824 0.0158216 -0.00156818 -0.00188819 0.00261296 0.0163919 -0.00569521 -0.00931338
internal_weight=5457.16 2293.71 3163.46 1463.04 67.4374 1395.6 222.058 46.0753 1700.42 2253.07 1032.56 265.067 1220.51 944.827
internal_count=35562 14869 20693 9504 450 9054 2549 491 11189 14619 6879 1580 7740 6144
cat_boundaries=0 2 3 4 6
cat_threshold=1610670086 2 1835024 2458785 3767746055 3
is_linear=0
shrinkage=0.05


Tree=182
num_leaves=15
num_cat=4
split_feature=7 27 23 30 30 27 23 30 29 28 14 0 27 9
split_gain=14.7248 15.5332 21.3381 23.4127 16.6496 17.5621 19.3399 19.1147 18.8808 20.6479 22.3672 16.0221 15.3358 14.567
threshold=5.5000000000000009 0.490378195259978 18.18729166666667 0 1 0.38060710216230881 18.18729166666667 2 3 0.35947412848720195 4.8258333333333345 85.00500000000001 0.62373887888717572 1.5000000000000002
decision_type=2 10 10 9 9 8 10 9 9 10 10 8 10 2
left_child=1 4 3 -3 -1 6 7 8 -6 11 -11 -10 13 -5
right_child=-2 2 -4 12 5 -7 -8 -9 9 10 -12 -13 -14 -15
leaf_value=-0.0080737905766451682 -0.0019820390067328761 -0.019707931019032187 0.036949306372914263 -0.013641387973196712 0.013757129021109893 0.01647746767363286 -0.04436137468044813 0.013162746837839245 0.023548553812381426 -0.050496165026143416 0.040678172442586605 -0.013695316811018689 0.018770518735636642 0.0072474450493053427
leaf_weight=159.62409179285169 3574.1473476383835 175.51975784823298 30.983005918562412 172.52523831278086 88.777354210615158 453.87884617596865 19.367300395853817 327.27432123571634 39.454449601471424 49.511252906173468 6.9967999160289756 99.984358593821526 98.454204857349396 159.91174738109112
leaf_count=971 24870 894 194 890 476 2610 227 1872 202 376 34 549 622 844
internal_value=-9.7235e-05 0.00348089 -0.00286389 -0.00495552 0.00672921 0.00890431 0.00358345 0.0051706 -0.00433867 -0.0128328 -0.038696 -0.00306446 0.00150689 -0.00360166
internal_weight=5456.41 1882.26 637.394 606.411 1244.87 1085.24 631.366 611.999 284.724 195.947 56.5081 139.439 430.891 332.437
internal_count=35631 10761 3444 3250 7317 6346 3736 3509 1637 1161 410 751 2356 1734
cat_boundaries=0 2 4 6 7
cat_threshold=1623282700 38 2182113281 20 1084851460 32 3682304
is_linear=0
shrinkage=0.05


Tree=183
num_leaves=15
num_cat=4
split_feature=26 26 30 23 30 8 22 7 30 0 22 7 34 26
split_gain=8.08469 15.0268 21.5428 12.0564 9.61384 9.27699 9.26244 10.242 12.2794 9.97903 13.0084 9.05373 14.9708 14.6963
threshold=4699.5000000000009 3898.5000000000005 0 -5.8479166666666655 1 22.500000000000004 -7.8366666666666651 -33.499999999999993 2 99.470000000000013 2.8766666666666674 6.5000000000000009 3 997.50000000000011
decision_type=2 2 9 8 9 10 8 2 9 10 10 2 1 2
left_child=1 3 -3 5 -2 -1 -5 8 -8 11 -11 -9 -13 -14
right_child=4 2 -4 6 -6 -7 7 9 -10 10 -12 12 13 -15
leaf_value=-0.0066119762127346176 0.011171954559988824 0.03434081963755508 -0.0042325668343622105 0.033614617443931079 -0.029429292441390417 -0.045991873481780049 0.016467129354828511 0.004017891364697517 -0.031098833258487332 -0.01919474238185578 0.038409170938843357 -0.019998808200971687 0.0012750208795454122 -0.01005856696708686
leaf_weight=41.902343342080712 18.343043116852641 67.74818678945303 69.403939867392182 20.25396977737546 34.121734058484435 22.619490411132574 13.857111753895877 1734.0198961542919 38.690832103602588 103.10467224847525 9.8892917037010175 94.12093298509717 2839.5501139601693 317.05768222548068
leaf_count=256 120 471 468 133 223 114 104 9522 294 700 52 659 20056 2317
internal_value=0.000642077 0.00083447 0.0171113 0.000404851 -0.0187054 -0.0209087 0.000674808 0.000538769 -0.0212147 0.000767122 -0.0138605 0.00110141 -0.000455065 0.000133822
internal_weight=5424.68 5372.22 137.152 5235.07 52.4648 64.5218 5170.54 5150.29 52.5479 5097.74 112.994 4984.75 3250.73 3156.61
internal_count=35489 35146 939 34207 343 370 33837 33704 398 33306 752 32554 23032 22373
cat_boundaries=0 2 4 6 7
cat_threshold=537767938 10 33885184 8 524312 40 1
is_linear=0
shrinkage=0.05


Tree=184
num_leaves=15
num_cat=4
split_feature=52 19 14 30 26 30 16 18 34 31 24 30 20 15
split_gain=8.54204 13.8668 8.37986 7.70162 7.63307 21.9582 15.4467 14.6339 9.24565 23.7821 16.1126 22.1668 9.35833 8.69561
threshold=1.0000000180025095e-35 84.725000000000009 -10.469999999999997 0 3898.5000000000005 1 3.4366666666666661 10.59625 2 1.5000000000000002 0.37283861198855839 3 2.9975000000000027 1.3195326382577772
decision_type=2 8 8 9 2 9 8 10 1 2 10 9 10 10
left_child=2 -2 -1 -3 8 6 13 -7 9 -4 11 -11 -12 -6
right_child=1 3 4 -5 5 7 -8 -9 -10 10 12 -13 -14 -15
leaf_value=-0.03176592922796611 0.052908270211984181 0.027664470278957898 0.045510775497246317 -0.0020032772054456617 -0.02182226274888191 0.022782997516826838 -0.052528430751476833 -0.046888404324662916 -0.00018222550443745182 -0.017836281621785067 -0.045978357556026798 0.018113553907187621 -0.0099418383607236746 0.041480368659717194
leaf_weight=20.252854721620679 17.418053342029452 18.301386279053986 17.078784765675664 86.761518450453877 10.924301479011776 141.15074701607227 21.849181657657027 7.0428159274160853 4851.3862626552582 104.82741453871131 48.135587573051453 57.990238595753908 29.511380972340703 8.9969374611973745
leaf_count=136 98 108 112 493 77 971 139 45 31961 638 258 368 153 59
internal_value=-0.000130522 0.0128703 -0.000432247 0.00579622 -0.000306515 0.00950826 -0.0198174 0.017975 -0.000673245 -0.00988617 -0.0139929 -0.00498281 -0.0325825 0.007383
internal_weight=5441.63 122.481 5319.15 105.063 5298.89 189.964 41.7704 148.194 5108.93 257.543 240.465 162.818 77.647 19.9212
internal_count=35616 699 34917 601 34781 1291 275 1016 33490 1529 1417 1006 411 136
cat_boundaries=0 2 4 5 7
cat_threshold=524308 10 1115701248 48 1 42582082 11
is_linear=0
shrinkage=0.05


Tree=185
num_leaves=15
num_cat=2
split_feature=0 26 7 27 30 29 28 25 5 27 25 4 7 19
split_gain=8.55885 9.98401 12.3783 14.0969 8.73015 12.1633 16.6766 16.3271 16.1653 15.4086 17.3014 11.0957 10.7291 13.5062
threshold=99.995000000000019 1796.0000000000002 2.5000000000000004 0.24332383257072257 0 1 0.20935403283387713 0.66865632190985025 0.65859854651162808 0.4772879831113454 0.59992014679500394 2.1442680900277744 9.5000000000000018 85.875000000000014
decision_type=10 2 2 8 9 9 8 10 10 8 10 10 2 10
left_child=4 2 3 -2 5 -1 11 9 -9 12 -11 -7 13 -8
right_child=1 -3 -4 -5 -6 6 7 8 -10 10 -12 -13 -14 -15
leaf_value=-0.0047248169169912613 0.029260531019199849 0.009688987552419372 0.033809933844439352 -0.044626697282143642 -0.00095078452457502825 0.056587614930859099 0.009742431719731999 0.016134078471805657 -0.0081676839267111456 0.01540113645782344 -0.033191122985149535 -0.017133454510736144 -0.031997449258596482 -0.025567645678584286
leaf_weight=284.96007638610899 6.7636993601918212 26.358594835735857 6.651518687605857 46.567839343100786 4259.4757306566462 25.218631647527221 65.591369543224573 378.10664311051369 82.850918991491199 128.30579670146108 20.383684150874615 5.8452041894197455 52.565824124962091 44.694218679331243
leaf_count=1717 51 172 32 429 28029 235 353 2243 504 754 109 74 600 268
internal_value=-0.000181087 -0.0157067 -0.0268423 -0.03489 7.2459e-05 0.00404529 0.00717716 0.0057917 0.0117579 -0.00304534 0.00856244 0.042614 -0.0136313 -0.00466845
internal_weight=5434.34 86.3417 59.9831 53.3315 5348 1088.52 803.562 772.498 460.958 311.541 148.689 31.0638 162.851 110.286
internal_count=35570 684 512 480 34886 6857 5140 4831 2747 2084 863 309 1221 621
cat_boundaries=0 1 2
cat_threshold=2785117959 3489840
is_linear=0
shrinkage=0.05


Tree=186
num_leaves=15
num_cat=4
split_feature=28 28 30 30 28 25 7 28 30 30 5 13 13 28
split_gain=9.00888 20.2933 22.6128 20.8088 24.1217 19.5299 16.4075 14.3756 38.2709 16.9446 16.6901 15.9776 14.0814 17.2117
threshold=0.43730694191330494 0.48412028320596762 0 1 0.52708231543002382 0.22791592120595935 2.5000000000000004 0.39484035224186947 2 3 0.31668333333333343 0.75249999999999961 9.9475000000000016 0.48417096583354041
decision_type=8 8 9 9 8 10 2 10 9 9 10 8 8 10
left_child=7 2 -2 -3 5 -5 -4 9 10 -1 -9 -10 13 -7
right_child=1 3 6 4 -6 12 -8 8 11 -11 -12 -13 -14 -15
leaf_value=0.019126157998000205 0.030033162634009503 0.0089196234231196068 -0.025353999070996988 0.028071118455707107 0.0021589503012769008 -0.031083811753416974 0.010047594265034201 -0.0080729429274855775 -0.034333207164283445 -0.00050696543201657156 0.015538409705098006 -0.011284341863080978 -0.028354764309028058 0.015191838580980159
leaf_weight=103.07895444985479 122.39146960712969 406.67633072659373 39.749146196991205 21.696358203887939 440.38070117495954 32.363729288801551 165.49430012516677 117.10773661360145 88.982052616775036 2990.0666333753616 203.96019195113331 472.42924688663334 176.32748637255281 49.550495414063334
leaf_count=608 718 2371 205 111 2852 177 1070 772 568 20433 1210 2982 1198 265
internal_value=-0.000161242 0.00320427 0.0141369 1.62685e-05 -0.00506915 -0.0165876 0.0029583 -0.00139314 -0.0070182 0.000213453 0.00671934 -0.0147302 -0.0204334 -0.00324573
internal_weight=5430.25 1454.63 327.635 1127 720.319 279.938 205.243 3975.62 882.479 3093.15 321.068 561.411 258.242 81.9142
internal_count=35540 8967 1993 6974 4603 1751 1275 26573 5532 21041 1982 3550 1640 442
cat_boundaries=0 2 4 6 7
cat_threshold=567488606 10 2151264080 48 1124273240 53 2147488261
is_linear=0
shrinkage=0.05


Tree=187
num_leaves=15
num_cat=1
split_feature=7 29 25 11 11 55 3 28 57 7 10 1 21 15
split_gain=8.43154 10.1471 17.229 20.3139 10.2713 7.58318 9.18309 8.46733 12.6516 8.14328 7.84709 15.1865 10.9578 8.83966
threshold=42.500000000000007 0 1.2796867252346116 7.1687377976424491 8.9161377264534742 13.500000000000002 0.20587900470415701 0.16523359956869296 4.7500000000000009 29.500000000000004 22.500000000000004 0.60880327163151116 0.96050545000227194 0.022518125091631095
decision_type=2 9 10 2 2 8 8 8 2 2 2 10 10 8
left_child=5 2 -2 -4 -5 6 9 -8 -9 -1 -7 -12 13 -13
right_child=1 -3 3 4 -6 10 7 8 -10 -11 11 12 -14 -15
leaf_value=0.051883504653391234 -0.034476991091163901 -0.021090060386050172 0.086108527314021979 -0.011619609367903384 0.04573318977001959 0.00038534115162356275 0.045632759551545686 0.0081758827770186029 -0.038960602696615797 -0.0090026548022105312 0.014894137051628904 -0.035112731994548146 0.019451199243428832 -0.011140331569598053
leaf_weight=20.814566995948557 18.532349918037653 90.018760568462312 8.6459851264953596 27.045517861843109 9.8289028704166395 4803.5208970988169 10.605192981660364 87.300590772181749 15.971749475225804 6.9839304741471997 59.632524458691478 47.899492467753589 22.991799470037222 189.33761789277196
leaf_count=127 259 1981 86 249 83 30055 71 477 121 73 454 308 133 1081
internal_value=-0.000142067 -0.011633 0.0043509 0.0214952 0.00447168 0.000196337 0.0115662 0.00513836 0.000582184 0.0368054 -0.000120268 -0.0076908 -0.0129034 -0.0161076
internal_weight=5419.13 154.072 64.0528 45.5204 36.8744 5265.06 141.676 113.878 103.272 27.7985 5123.38 319.861 260.229 237.237
internal_count=35558 2658 677 418 332 32900 869 669 598 200 32031 1976 1522 1389
cat_boundaries=0 1
cat_threshold=12288
is_linear=0
shrinkage=0.05


Tree=188
num_leaves=15
num_cat=3
split_feature=19 6 30 31 3 3 25 25 0 30 7 7 7 30
split_gain=8.58242 12.683 17.082 22.5459 13.9025 11.9598 12.8875 11.8214 11.2532 26.2414 23.5984 15.4097 15.4296 25.7695
threshold=84.725000000000009 -16.499999999999996 0 2.5000000000000004 0.42860849466235779 0.59823108345268639 0.1328619401556361 0.2228911300254364 77.970000000000013 1 6.5000000000000009 -9.4999999999999982 5.5000000000000009 2
decision_type=10 10 9 2 8 10 10 10 10 9 2 2 2 9
left_child=8 2 3 5 -4 6 -2 -5 11 10 -10 -1 13 -13
right_child=1 -3 4 7 -6 -7 -8 -9 9 -11 -12 12 -14 -15
leaf_value=-0.02639710268891951 -0.015261424001069796 -0.011992882154257048 -0.019453119064530122 0.015487058469428978 -0.0021803170871468581 0.0055658128154139896 0.032947012718908188 -0.039531254113097596 0.019039952251243521 -0.017138560415980365 -0.019506739527265886 -0.0053871722024251435 0.0005076563681447381 0.015446142900973457
leaf_weight=46.751463525928557 15.549395814538 345.42972163204104 137.12137310858816 13.080499574542044 746.27911849413067 186.08910847455263 96.88316286355257 32.891819953918457 132.79780271835625 243.87377881258726 55.539005542173982 214.10455648042262 2678.9893573210575 459.0253926217556
leaf_count=312 108 1971 873 74 4123 976 541 185 711 1323 324 1209 19904 2815
internal_value=-0.000435685 -0.00354369 -0.00115895 0.00813508 -0.0048258 0.0134003 0.026204 -0.0238805 0.000841281 -0.00674858 0.00724709 0.00180813 0.00220926 0.00897068
internal_weight=5404.41 1573.32 1227.89 344.494 883.4 298.522 112.433 45.9723 3831.08 432.211 188.337 3398.87 3352.12 673.13
internal_count=35449 8851 6880 1884 4996 1625 649 259 26598 2358 1035 24240 23928 4024
cat_boundaries=0 1 3 5
cat_threshold=41082384 3767337536 49 2693011280 37
is_linear=0
shrinkage=0.05


Tree=189
num_leaves=15
num_cat=1
split_feature=10 22 27 29 7 26 6 19 24 24 23 7 27 28
split_gain=9.73299 12.6108 21.4865 13.0464 14.9214 13.1338 12.5996 12.0747 16.2551 15.9131 14.907 15.3636 12.4986 12.3251
threshold=1.0000000180025095e-35 -2.878333333333333 0.40737948276807184 0 3.5000000000000004 49.500000000000007 37.500000000000007 73.000000000000014 0.33651271933315202 0.12066268090923449 -2.6999999999999997 1.5000000000000002 0.4381839355183072 0.55369893606779075
decision_type=2 10 10 9 2 2 10 8 10 8 10 2 8 10
left_child=6 3 -3 4 5 -2 7 13 9 -9 11 -10 -13 -1
right_child=1 2 -4 -5 -6 -7 -8 8 10 -11 -12 12 -14 -15
leaf_value=0.0035594982545296932 0.018279233375814885 -0.015615067355890711 0.0074404417030381632 0.0032307520697687844 -0.026696514236099929 -0.023231861783316821 -0.034615898556775077 -0.027479271367868548 -0.048016072056895981 0.0050163357509129857 0.006810222011599084 -0.021483965835550629 -0.0061459834533183558 0.054367695168733104
leaf_weight=380.15101480297744 52.564557496458292 258.84453123901039 164.58929540310055 3106.8718347745016 80.535809993743896 28.593042366206646 30.151957614347339 40.103599727153778 27.620676826685667 451.30267078429461 122.22342335246503 185.1755046620965 468.23272619210184 11.332955934107302
leaf_count=2646 300 2565 1237 19872 516 160 532 274 148 2665 770 1111 2627 70
internal_value=5.92474e-06 0.00145208 -0.00665694 0.0025043 -0.0109159 0.00354949 -0.003104 -0.00252032 -0.00484646 0.00231395 -0.00922442 -0.0121079 -0.0105189 0.0051651
internal_weight=5408.29 3692 423.434 3268.57 161.693 81.1576 1716.29 1686.14 1294.66 491.406 803.252 681.029 653.408 391.484
internal_count=35493 24650 3802 20848 976 460 10843 10311 7595 2939 4656 3886 3738 2716
cat_boundaries=0 1
cat_threshold=2818144
is_linear=0
shrinkage=0.05


Tree=190
num_leaves=15
num_cat=3
split_feature=32 28 30 24 28 7 29 7 7 0 30 1 10 18
split_gain=8.00592 9.00823 15.9283 17.622 13.9538 13.9462 11.3819 12.3142 11.4257 9.38111 30.3603 13.5208 19.34 15.7676
threshold=22.500000000000004 0.59013696089731937 0 0.33067563256528493 0.57462404310784676 6.5000000000000009 1 14.500000000000002 4.5000000000000009 1.5050000000000001 2 0.68989800874210794 4.5000000000000009 -0.20000000000000007
decision_type=10 8 9 8 8 2 9 2 2 8 9 10 2 10
left_child=1 4 5 -4 9 -3 8 -8 -5 10 -1 12 -12 -14
right_child=-2 2 3 6 -6 -7 7 -9 -10 -11 11 -13 13 -15
leaf_value=-0.028992476674189912 -0.019270023771680394 0.024280088515916828 0.035987122613415849 0.020027437467284824 -0.051892162299658165 -0.023120642888609079 0.023391067938873675 -0.011666700500209013 -0.016923456860731694 0.00029781819845558469 -0.0066499719476322385 -0.0070336633570286609 0.075266880083312088 -0.0072067963934948206
leaf_weight=99.047136824578047 51.911517462693155 19.293792590498924 64.390085059218109 28.093716233968735 12.074548937380312 66.144966514781117 117.31513522565365 31.109785377979279 73.877769935876131 4749.004310018383 23.925924997776747 68.05874612275511 20.838579916395251 7.6652959166094652
leaf_count=972 323 103 406 199 56 480 643 259 484 30590 352 437 181 130
internal_value=8.42312e-05 0.000274497 0.0074818 0.012467 -0.000306043 -0.0109883 0.00679558 0.0150096 -0.00605921 -0.000170261 -0.0102512 0.00707119 0.026493 0.0535954
internal_weight=5432.75 5380.84 400.225 314.786 4980.61 85.4388 250.396 148.425 101.971 4968.54 219.536 120.489 52.4298 28.5039
internal_count=35615 35292 2574 1991 32718 583 1585 902 683 32662 2072 1100 663 311
cat_boundaries=0 2 3 5
cat_threshold=2203595020 6 2904065 55660874 57
is_linear=0
shrinkage=0.05


Tree=191
num_leaves=15
num_cat=5
split_feature=32 7 1 1 10 30 20 30 29 30 30 25 1 0
split_gain=8.65681 9.52325 10.5224 15.7193 6.8406 16.812 15.0655 14.98 13.6652 22.4942 13.818 16.6406 13.3135 13.0924
threshold=2.5000000000000004 5.5000000000000009 0.97241248097412492 0.72255689424364133 1.0000000180025095e-35 0 12.862500000000006 1 2 3 4 1.7374918063611198 0.60284045124899277 16.005000000000006
decision_type=8 2 10 8 2 9 10 9 9 9 9 10 10 8
left_child=1 -1 3 -3 5 -2 8 -8 10 -10 13 -12 -9 -6
right_child=4 2 -4 -5 6 -7 7 12 9 -11 11 -13 -14 -15
leaf_value=0.037162930349910153 0.0044814565102707024 -0.01457134244252796 -0.01588361447092201 0.033869286981459461 -0.037416706499924603 -0.0062198276300368498 0.0027021545547842212 0.014936331546893156 0.011009622319485964 -0.0052141225216904234 0.0078385134725198879 -0.0063509046437136493 -0.030601802351008612 -0.002486454776106884
leaf_weight=29.521041005849838 531.72479886095971 25.365982703864574 37.014576349407434 45.794154159724712 30.207000994123518 1136.4823346650228 113.72977882158011 18.263395182788372 255.6781116630882 1071.8252786863595 1569.3151936056092 237.16524422354996 105.89582836441696 192.35974391922355
leaf_count=214 3218 201 181 229 324 7313 870 284 1510 6735 10817 1617 632 1280
internal_value=0.000151393 0.0124816 0.00546727 0.0166393 -0.000173533 -0.00281867 0.00105454 -0.0110781 0.00191746 -0.00202462 0.00448418 0.0059403 -0.0220738 -0.0070577
internal_weight=5400.34 137.696 108.175 71.1601 5262.65 1668.21 3594.44 237.889 3356.55 1327.5 2029.05 1806.48 124.159 222.567
internal_count=35425 825 611 430 34600 10531 24069 1786 22283 8245 14038 12434 916 1604
cat_boundaries=0 2 4 5 7 9
cat_threshold=1639225350 16 1647890512 53 299525 20738565 22 1314820 17
is_linear=0
shrinkage=0.05


Tree=192
num_leaves=15
num_cat=4
split_feature=7 0 29 0 30 14 4 15 30 28 1 30 24 1
split_gain=8.08069 14.3008 24.3629 20.28 18.0059 14.6019 13.7917 14.4252 19.3553 17.8948 13.516 17.2614 15.0874 14.6281
threshold=11.500000000000002 77.00500000000001 0 0.99500000000000011 1 2.4987499999999998 -16.387377836617429 4.1213292090160616 2 0.41429530518797048 1.3790491118077328 3 0.14560252377650093 1.7875564152159897
decision_type=2 8 9 10 9 10 8 8 9 10 8 9 10 8
left_child=1 2 -1 -4 -5 -6 -2 10 9 -9 12 -12 -8 -13
right_child=6 -3 3 4 5 -7 7 8 -10 -11 11 13 -14 -15
leaf_value=0.019048095959495727 -0.017689656281845104 -0.00051686800148539988 -0.024595034274313837 -0.0098276024780649431 0.0022555971952090983 0.02172978666223983 -0.014342336408745599 0.01719823315479669 -0.0099808116104432368 -0.016434205987471872 -0.020033496489361983 -0.017407301195544345 0.009203552758440767 0.014222097362156015
leaf_weight=269.34747692197561 139.95936429128051 2546.6569326808676 66.820973410271108 153.52682702243328 240.19202006421983 159.9240431394428 75.716070213820785 142.44649652019143 683.9805473824963 53.712206889875233 117.62372753024101 52.05882222764194 606.25265845190734 116.72341729979962
leaf_count=1320 1294 13608 441 808 1280 855 1000 1326 6522 519 924 304 4564 788
internal_value=-7.74883e-05 0.00139032 0.0068432 0.00119708 0.00437033 0.00982904 -0.00261358 -0.00146315 -0.00609279 0.00756847 0.00274659 -0.0063538 0.00657218 0.0041754
internal_weight=5424.94 3436.47 889.811 620.464 553.643 400.116 1988.47 1848.51 880.139 196.159 968.375 286.406 681.969 168.782
internal_count=35553 18312 4704 3384 2943 2135 17241 15947 8367 1845 7580 2016 5564 1092
cat_boundaries=0 1 3 5 7
cat_threshold=291090 539199564 6 2182333452 34 1619591258 34
is_linear=0
shrinkage=0.05


Tree=193
num_leaves=15
num_cat=2
split_feature=5 15 44 3 9 51 15 7 32 29 21 30 5 0
split_gain=7.92356 12.8865 7.23361 9.67198 8.55984 7.12183 6.73593 6.36113 16.3453 16.231 18.7403 18.3282 22.6016 13.7602
threshold=1.080127364864865 23.308917162359688 2.5000000000000004 0.68051214582264785 3.5000000000000004 1.0000000180025095e-35 4.5498178591603757 5.5000000000000009 2.5000000000000004 0 1.0183441603702572 1 0.50869536707056318 82.00500000000001
decision_type=10 10 2 8 2 2 8 2 10 9 10 9 8 10
left_child=2 -2 7 4 5 -4 -5 8 -1 10 -10 12 -11 -9
right_child=1 -3 3 6 -6 -7 -8 13 9 11 -12 -13 -14 -15
leaf_value=0.021487179913597318 -0.031627603078769828 0.060287132707875862 -0.015915785382368687 0.016660625589625319 -0.040947977409750251 0.031984552393117614 0.059228449753556379 -0.00019991122480827236 0.0031601322963209447 0.0114928837564918 0.049392788576203259 0.0039742442147558217 -0.028734887271103678 -0.012416288289331605
leaf_weight=106.47865222766995 34.655968794133514 3.3414892163127652 13.193953609094025 29.051052387803793 9.8393960949033481 16.359153419733047 13.588845152407883 3209.944798133336 1335.4667713465169 45.274477507919073 21.291784010827541 171.72182858362794 145.07050353288651 247.34028824605048
leaf_count=684 563 21 77 161 69 105 72 22646 7733 264 118 961 810 1252
internal_value=0.000250468 -0.022206 0.000413635 0.0150569 -0.00283554 0.0107785 0.0312729 0.000183436 0.00257053 0.00138686 0.00389284 -0.00787878 -0.018205 -0.00107723
internal_weight=5402.62 37.9975 5364.62 82.0324 39.3925 29.5531 42.6399 5282.59 1825.3 1718.83 1356.76 362.067 190.345 3457.29
internal_count=35536 584 34952 484 251 182 233 34468 10570 9886 7851 2035 1074 23898
cat_boundaries=0 1 3
cat_threshold=2671277 1116046416 11
is_linear=0
shrinkage=0.05


Tree=194
num_leaves=15
num_cat=1
split_feature=13 2 2 2 55 27 7 7 28 26 20 11 29 20
split_gain=9.66552 10.6354 9.40089 17.7012 10.379 11.0595 10.6157 12.2242 8.91477 8.71575 11.2593 7.97083 10.925 13.9017
threshold=9.2737500000000015 306.01874524667534 141.50729178443098 110.93319062293641 82.500000000000014 0.36062353848733442 11.500000000000002 31.500000000000004 0.52708231543002382 61.500000000000007 3.8849999999999985 6.9217715674756519 0 1.0000000180025095e-35
decision_type=10 2 2 2 8 8 2 2 10 2 8 2 9 8
left_child=1 2 3 11 -4 6 -6 -8 -2 -7 -11 12 13 -1
right_child=8 -3 4 -5 5 9 7 -9 -10 10 -12 -13 -14 -15
leaf_value=0.011445907654914236 -0.011123825048922165 -0.018902583699058305 -0.028422863052946147 -0.023631102615272907 0.0098987610646736404 -0.028461662893246482 0.065631478093044759 0.0048779054214805146 0.024224563849224948 -0.019474488163142841 0.046953292822358009 0.0037238976436188825 0.00023844902265579123 -0.015581579873320445
leaf_weight=59.02854142151773 277.36862417776138 69.340300004929304 12.146033622324465 74.924965878948569 36.097009748220444 17.227001361548901 27.137822493910789 11.972795853391288 18.129512764513493 10.936517983675001 12.995894722640516 1501.0674853362143 3039.3916042805649 231.61720150522888
leaf_count=370 1700 438 85 460 179 96 157 115 101 54 70 9591 20503 1549
internal_value=-0.000104433 0.000405326 0.000674953 0.000323873 0.0139716 0.018601 0.0298818 0.0476185 -0.00888073 -0.00223141 0.0170339 0.000700201 -0.000663487 -0.00973812
internal_weight=5399.38 5103.88 5034.54 4906.03 128.513 116.367 75.2076 39.1106 295.498 41.1594 23.9324 4831.1 3330.04 290.646
internal_count=35468 33667 33229 32473 756 671 451 272 1801 220 124 32013 22422 1919
cat_boundaries=0 1
cat_threshold=204864
is_linear=0
shrinkage=0.05


Tree=195
num_leaves=15
num_cat=1
split_feature=19 55 30 14 9 19 23 27 56 14 7 0 26 26
split_gain=10.1631 18.8868 13.1885 15.5256 18.5986 18.0501 13.7007 13.6249 13.238 13.2239 12.9508 20.3704 18.4183 30.3145
threshold=84.725000000000009 94.500000000000014 0 13.520000000000001 1.0000000180025095e-35 89.500000000000014 2.4033333333333338 0.070525485227131826 15.500000000000002 6.7520000000000016 5.5000000000000009 81.010000000000005 1.5000000000000002 89.500000000000014
decision_type=10 10 9 8 2 10 10 10 2 10 2 10 2 2
left_child=1 10 6 4 -4 -5 7 -2 -7 -6 12 -12 -1 -14
right_child=2 -3 3 5 9 8 -8 -9 -10 -11 11 -13 13 -15
leaf_value=0.017639985016431832 0.013224660645639971 0.076671302417677431 0.037309919855593947 -0.028425125813269975 0.00094410078808051319 -0.0051363220010529811 0.0055404018231561573 -0.013133175227888115 0.024101319354399211 0.031887870826827723 0.00037712023910024616 -0.022995697185752371 -0.016653769548769261 0.0074976475436272618
leaf_weight=259.01825702190399 52.612775802612305 7.3349228780716649 46.942173838615417 71.654360620304942 330.24492871575058 246.75333159603179 154.78599156811833 597.12528681382537 44.885457087308168 37.566887721419334 2726.2847134219483 95.521248579025269 165.34599750861526 592.65690443757921
leaf_count=1661 312 49 280 435 1831 1386 934 3310 239 192 20173 561 886 3395
internal_value=9.79251e-05 0.00148563 -0.00327345 0.00139334 0.00801258 -0.00612652 -0.00770444 -0.0109818 -0.000569442 0.00418247 0.00132204 -0.000421942 0.00615651 0.00221441
internal_weight=5428.73 3846.16 1582.57 778.047 414.754 363.293 804.524 649.738 291.639 367.812 3838.83 2821.81 1017.02 758.003
internal_count=35644 26725 8919 4363 2303 2060 4556 3622 1625 2023 26676 20734 5942 4281
cat_boundaries=0 2
cat_threshold=3364167947 63
is_linear=0
shrinkage=0.05


Tree=196
num_leaves=15
num_cat=4
split_feature=19 11 30 11 30 7 29 0 3 24 22 30 1 8
split_gain=8.13766 6.68675 13.1454 13.3735 12.1254 16.9571 16.3756 18.8957 20.6197 18.349 21.9179 21.4192 21.7498 20.9694
threshold=1.8750000000000002 6.5345733424992396 0 9.9131262420778139 1 22.500000000000004 2 81.980000000000004 0.077117095980871284 0.32824664002860199 8.4100000000000019 3 0.68473364669016856 21.500000000000004
decision_type=8 2 9 2 9 2 9 8 8 10 10 9 8 8
left_child=-1 4 -3 -4 -2 6 9 -8 -9 10 11 -6 -13 -11
right_child=1 2 3 -5 5 -7 7 8 -10 13 -12 12 -14 -15
leaf_value=-0.020494582248738989 -0.0067405621091101075 -0.0042049870525537559 0.0048635077330052776 -0.023269653078316618 -0.0033329183988738509 -0.012891271809191555 0.010506667239955339 0.021129138044326277 -0.011618767496281709 -0.0076614317099353057 -0.049786108276861987 -0.015860104262265428 0.026562531031795483 0.0089367837703754668
leaf_weight=48.85449280962348 857.50414631702006 648.65711936354637 1646.078189923428 42.377104867249727 120.65899724513292 219.33251605089754 167.66569390520453 52.114148378372192 512.59800793975592 383.05737186223269 12.436383936554192 33.074538202956319 288.42652128264308 376.14808692317456
leaf_count=866 5507 4159 10428 266 705 2950 951 309 2829 2411 247 258 1566 2139
internal_value=-0.000387096 -0.000200039 0.00180802 0.00411968 -0.00175257 0.000254725 0.00174343 -0.00413384 -0.00856464 0.00528068 0.0132567 0.0151382 0.0214961 0.000563087
internal_weight=5408.98 5360.13 2337.11 1688.46 3023.02 2165.51 1946.18 732.378 564.712 1213.8 454.596 442.16 321.501 759.205
internal_count=35591 34725 14853 10694 19872 14365 11415 4089 3138 7326 2776 2529 1824 4550
cat_boundaries=0 2 4 5 7
cat_threshold=1778391576 40 1093248004 19 3178790 546721801 4
is_linear=0
shrinkage=0.05


Tree=197
num_leaves=15
num_cat=5
split_feature=8 28 6 8 29 30 30 27 24 15 20 29 30 8
split_gain=7.8012 9.78912 11.4363 9.60847 26.7827 27.8929 23.3267 20.1273 16.8031 18.4225 15.4974 15.1476 18.6495 22.9353
threshold=-6.4999999999999991 0.35028549187584396 36.500000000000007 1.5000000000000002 0 1 2 0.63152845516113343 0.38533604372641844 5.2034137516211922 -13.9975 3 4 6.5000000000000009
decision_type=8 10 10 8 9 9 9 10 8 10 10 9 9 8
left_child=1 2 -1 4 5 10 -6 -7 9 -8 -2 -5 -13 -14
right_child=3 -3 -4 11 6 7 8 -9 -10 -11 -12 12 13 -15
leaf_value=0.05150752806442898 0.0240934171817173 -0.019912426049903863 0.0072022914703008013 -0.0059505796919991178 0.028199691933429138 -0.011590311995135614 0.016573889372933037 0.044528916292589288 -0.024919055192854464 -0.021645510179116843 -0.0060881582349216895 -0.0015136610679756268 0.025377603712571896 0.0043066296855442379
leaf_weight=23.049320191144943 100.16724138893187 14.698627457022665 37.933521151542664 646.11368408426642 96.197699116542935 964.03545850142837 128.04133537225425 15.283547043800352 52.268451906740665 40.787821337580681 72.80809801351279 1575.6700680311769 140.29406943544745 1512.3056725217029
leaf_count=106 794 78 191 3673 760 8930 963 112 414 244 649 9205 784 8774
internal_value=-0.000100454 0.0157344 0.0245089 -0.000327609 -0.00376864 -0.00728265 0.0089241 -0.0105622 -0.000401561 0.00726729 0.0108064 0.000978242 0.00237747 0.00607295
internal_weight=5419.65 75.6815 60.9828 5343.97 1469.59 1152.29 317.295 979.319 221.098 168.829 172.975 3874.38 3228.27 1652.6
internal_count=35677 375 297 35302 12866 10485 2381 9042 1621 1207 1443 22436 18763 9558
cat_boundaries=0 1 3 4 5 7
cat_threshold=255047 2688589829 39 34342226 3216064 1657682960 38
is_linear=0
shrinkage=0.05


Tree=198
num_leaves=15
num_cat=3
split_feature=10 30 1 28 56 0 30 25 25 10 30 27 13 7
split_gain=7.37814 20.2099 11.2225 17.2329 13.7121 9.76502 17.8225 26.4251 19.1537 27.5502 16.4943 13.6196 13.1139 13.5812
threshold=25.500000000000004 0 0.81542119565217408 0.32656046986970688 1.5000000000000002 81.980000000000004 1 0.59239022507417904 0.50272655615572071 7.5000000000000009 2 0.62451173347421907 2.1075000000000021 4.5000000000000009
decision_type=2 9 10 10 2 10 9 10 10 2 9 10 8 2
left_child=5 2 3 4 -2 10 11 8 9 -8 -1 -7 -9 -14
right_child=1 -3 -4 -5 -6 6 7 12 -10 -11 -12 -13 13 -15
leaf_value=-0.0028937777711485987 -0.042180096697762431 -0.016136616436383738 -0.00050665545942858486 0.090710793278017746 0.046844149568066366 -0.0087924626836208414 0.0059200313275101944 0.024168367582029584 -0.045994696719650736 -0.043795760294879853 0.0036676914154591019 -0.042277246565688299 0.016217489274060894 -0.011122696712090603
leaf_weight=1473.7991814617999 6.7563274893909719 189.37553807534277 36.655282247811556 9.8304908107966167 8.8176571987569314 458.43639813084155 130.96613415703177 124.62193531170487 32.720053030177951 34.33913363981992 2694.5432624286041 31.641101941466331 93.564100604504347 86.456798143684864
leaf_count=10224 44 1321 221 69 73 2506 676 651 168 297 18292 159 506 448
internal_value=-0.000120237 -0.00846665 0.0150028 0.0422345 0.00800877 0.000287941 -0.0041661 0.00249093 -0.0116438 -0.00460876 0.00134947 -0.0108158 0.0117684 0.00309819
internal_weight=5412.52 251.435 62.0598 25.4045 15.574 5161.09 992.746 502.668 198.025 165.305 4168.34 490.078 304.643 180.021
internal_count=35655 1728 407 186 117 33927 5411 2746 1141 973 28516 2665 1605 954
cat_boundaries=0 2 4 6
cat_threshold=537933332 42 2211530270 38 607009872 27
is_linear=0
shrinkage=0.05


Tree=199
num_leaves=15
num_cat=0
split_feature=24 7 23 7 28 28 15 24 14 27 24 28 9 0
split_gain=7.07062 22.4714 22.2348 16.0547 18.9392 21.7488 18.49 15.2291 21.0888 25.7262 14.0098 13.1566 26.1624 11.6945
threshold=0.30417519150773936 50.500000000000007 18.18729166666667 11.500000000000002 0.24499771334614098 0.27124732383552752 4.1213292090160616 0.38271790448098991 13.277500000000002 0.40737948276807184 0.34512024166922123 0.32003501639562232 1.0000000180025095e-35 81.980000000000004
decision_type=8 2 10 2 8 8 10 10 8 10 10 10 2 10
left_child=1 2 -1 4 -2 -6 -5 8 -7 -10 -11 12 -9 -13
right_child=3 -3 -4 6 5 7 -8 11 9 10 -12 13 -14 -15
leaf_value=0.0042371680923092118 -0.022931845251357285 -0.030912097011406549 -0.050920933572843267 -0.0023409163343150654 0.023036682111406737 0.011529694124180812 -0.017432896974493951 -0.060411828479972611 -0.0046496534511074224 -0.0076626140478176091 -0.04598379643552946 0.0069251919949933132 0.0020011784884936003 -0.0020110580009110239
leaf_weight=1752.0139275300317 78.506513752043247 47.278585565742105 17.467651201412082 784.29894339293242 114.57494004257023 128.50502542406321 272.98687674012035 22.970021270215511 339.49573445320129 36.91459396481514 68.859500724822283 1141.8612085282803 55.857000935822725 538.11474295333028
leaf_count=11454 414 1201 445 6989 634 751 2038 142 1789 179 346 6102 289 2830
internal_value=0.00020787 0.00274791 0.00366421 -0.00108048 0.00108535 0.0018649 -0.00625039 0.000815523 -0.00625108 -0.011397 -0.0328069 0.00312311 -0.0167148 0.00406332
internal_weight=5399.71 1816.76 1769.48 3582.95 2525.66 2447.15 1057.29 2332.58 573.775 445.27 105.774 1758.8 78.827 1679.98
internal_count=35603 13100 11899 22503 13476 13062 9027 12428 3065 2314 525 9363 431 8932
is_linear=0
shrinkage=0.05


Tree=200
num_leaves=15
num_cat=3
split_feature=24 7 15 28 30 19 10 28 30 27 28 30 28 10
split_gain=8.97905 10.9182 7.37602 7.18432 11.6871 9.88259 9.83342 9.20176 17.6791 11.8449 8.96579 25.7938 14.7856 14.4723
threshold=0.84967052394728393 3.5000000000000004 12.297857154084053 0.55777742244142703 0 64.065000000000012 1.0000000180025095e-35 0.52186403336055687 1 0.5225542341329652 0.43730694191330494 2 0.48412028320596762 4.5000000000000009
decision_type=10 2 8 10 9 8 2 10 9 10 10 9 10 2
left_child=3 -2 -3 7 -5 -6 -7 10 -9 -10 -1 13 -13 -12
right_child=1 2 -4 4 5 6 -8 8 9 -11 11 12 -14 -15
leaf_value=-0.00048613817961038418 0.014046144769083209 -0.069106262616491956 -0.010918576858662044 -0.01160572362594242 0.056626273621304617 -0.003214236106949331 0.022381514122117932 0.011240438376451044 -0.027210809794143212 -0.00051222276797233731 0.0075277368740474873 0.005685856766203738 -0.014817495418065325 0.028927906153886653
leaf_weight=4207.2256879601628 11.267471969127653 12.428840018808843 9.9007858857512456 47.144142678007483 12.698473654687403 62.379116978496313 92.330635810270905 70.541516302153468 119.08366664685309 63.575590882450342 206.13119131699204 185.96445664577186 165.12822373583913 128.14049106836319
leaf_count=28291 94 75 57 283 67 439 570 427 768 365 1200 1160 1000 735
internal_value=0.000107119 -0.0252833 -0.0448802 0.000270945 0.00921379 0.0149144 0.0121069 -0.000103642 -0.00937876 -0.0170436 0.000378181 0.00567693 -0.00386241 0.0153357
internal_weight=5393.94 33.5971 22.3296 5360.34 214.552 167.408 154.71 5145.79 253.201 182.659 4892.59 685.364 351.093 334.272
internal_count=35531 226 132 35305 1359 1076 1009 33946 1560 1133 32386 4095 2160 1935
cat_boundaries=0 2 3 5
cat_threshold=42262592 16 546350412 2164014166 10
is_linear=0
shrinkage=0.05


Tree=201
num_leaves=15
num_cat=5
split_feature=11 7 29 30 30 10 28 28 56 13 29 26 30 0
split_gain=7.2938 6.82603 17.4721 19.4496 17.9864 20.2125 15.6349 24.3607 18.3866 16.1955 14.2046 14.4697 20.2841 16.7296
threshold=10.499309698568512 5.5000000000000009 0 1 2 19.500000000000004 0.39552454900575001 0.43201005797588971 1.0000000180025095e-35 5.0025000000000022 3 433.50000000000006 4 82.405000000000015
decision_type=2 2 9 9 9 2 8 8 2 8 9 2 9 10
left_child=1 2 3 6 -4 -6 -1 8 9 -8 -3 -12 -13 -14
right_child=-2 10 4 -5 5 -7 7 -9 -10 -11 11 12 13 -15
leaf_value=0.0084147733303675375 -0.033912436507301386 -0.016298748801461378 -0.01426889444854075 0.012466309559086515 0.0081760976963591633 -0.031121028614463642 -0.056625494395393119 0.0039991298800885295 0.00091960766240789201 -0.016561925613273718 0.0012430208002388336 -0.021464656081057312 0.0009626389745679355 -0.023261436746169255
leaf_weight=314.2591811157763 14.865273738279937 139.26364308223128 257.78892720863223 574.48025776073337 272.40058914572001 36.180717259645462 43.745783671736717 229.9172794111073 60.057541465386748 60.6491927690804 2569.3511099368334 165.03819802217185 549.5682274159044 80.88348182849586
leaf_count=1900 99 920 1364 3582 1484 216 280 1244 349 335 18144 1188 3940 427
internal_value=-6.07311e-05 3.95806e-05 0.00249631 0.00570002 -0.00477523 0.00337394 0.000107931 -0.00651331 -0.0211458 -0.0337282 -0.00125743 -0.000580101 -0.00647005 -0.00214315
internal_weight=5368.45 5353.58 1849.48 1283.11 566.37 308.581 708.629 394.37 164.453 104.395 3504.1 3364.84 795.49 630.452
internal_count=35472 35373 10754 7690 3064 1700 4108 2208 964 615 24619 23699 5555 4367
cat_boundaries=0 1 3 5 6 8
cat_threshold=2654895 2694347274 31 1107674384 57 2687664 3559442 4
is_linear=0
shrinkage=0.05


Tree=202
num_leaves=15
num_cat=1
split_feature=59 14 52 28 19 3 21 16 3 9 7 29 23 3
split_gain=9.26667 7.75516 7.58297 8.6448 8.97983 7.41283 11.4864 8.77829 10.9896 10.7115 21.9575 10.992 10.5422 9.52044
threshold=1.0000000180025095e-35 0.7912499999999999 1.0000000180025095e-35 0.43730694191330494 84.725000000000009 0.55847973492535752 0.83180342361166937 -1.1000000000000008 0.72407595647134693 3.5000000000000004 2.5000000000000004 0 3.9220833333333336 0.99112406048667379
decision_type=10 10 2 10 8 10 8 8 10 2 2 9 8 10
left_child=2 -2 5 4 -4 -1 -7 8 -8 -9 -11 -12 -13 -14
right_child=1 -3 3 -5 -6 6 7 9 -10 10 11 12 13 -15
leaf_value=0.0015573300379646488 -0.040357364340430663 0.009628935111504866 0.040480735126435359 0.048911712344419184 0.0011822337049581014 0.018993442997910011 0.018857855092867689 -0.0062863568100633123 -0.0020395708017505072 -0.021404059322721995 -0.012773016819512695 -0.018504147847308926 0.016953139958994754 -0.0020241179814541673
leaf_weight=2976.6811623671092 24.327660669572651 10.709339819848536 16.370608622208238 13.469782121479509 89.4942696262151 60.951390031725168 98.03505735937506 1407.0774337146431 172.02068080659956 82.37075712531805 55.638922862708569 29.464262071996927 263.1838634647429 87.87385406345129
leaf_count=22041 165 63 92 71 518 371 546 8028 937 455 285 181 1315 500
internal_value=3.43139e-05 -0.0252354 0.000204406 0.012614 0.00758117 -8.09253e-05 -0.00224166 -0.00283953 0.00558815 -0.00402375 0.0021163 0.00659702 0.00954005 0.0122107
internal_weight=5387.67 35.037 5352.63 119.335 105.865 5233.3 2256.62 2195.66 270.056 1925.61 518.532 436.161 380.522 351.058
internal_count=35568 228 35340 681 610 34659 12618 12247 1483 10764 2736 2281 1996 1815
cat_boundaries=0 1
cat_threshold=5120
is_linear=0
shrinkage=0.05


Tree=203
num_leaves=15
num_cat=3
split_feature=3 30 20 13 27 0 8 24 30 1 4 18 29 27
split_gain=8.86478 19.5848 10.9328 8.38775 8.18608 7.9818 10.3412 7.52238 11.0685 10.8355 10.8658 8.61803 8.62288 17.8745
threshold=1.0000000180025095e-35 0 -70.889999999999986 7.4225000000000003 0.57695711748121226 90.00500000000001 1.0000000180025095e-35 0.070707462090005016 1 0.80292360221937698 16.795595289952267 42.566250000000004 2 0.098077096400843847
decision_type=8 9 8 8 8 8 8 8 9 8 8 10 9 8
left_child=1 2 -1 -4 -5 -3 -7 8 9 -2 -11 12 13 -9
right_child=7 5 3 4 -6 6 -8 11 -10 10 -12 -13 -14 -15
leaf_value=-0.030004746788557725 0.078733501039513251 -0.016011454787662964 0.059403699996113418 -0.013540872282061474 0.045489375602723835 -0.011680234908708171 -0.076976308056864895 0.047695758001703267 -0.021616888235078673 0.044774047274861076 -0.034010863462705314 -0.035125880733704005 0.0013304966595628295 -0.017000609087053014
leaf_weight=8.599673545919357 5.0978330029174712 87.554797012358904 13.868335810489954 13.781379689462481 8.8283346612006408 11.395037811249495 13.062658626586199 10.685407832264898 68.704217666760087 6.7427971567958567 9.0657651703804731 15.580200832337139 4981.9224873576313 127.08878388628364
leaf_count=90 77 1057 112 171 82 188 74 51 834 46 89 85 31766 791
internal_value=0.000259871 -0.0114051 0.0150172 0.0301554 0.0104589 -0.0215032 -0.0482082 0.000612701 -0.0136686 0.015183 0.000257666 0.000864523 0.000980887 -0.0108906
internal_weight=5381.98 157.09 45.0777 36.4781 22.6097 112.012 24.4577 5224.89 89.6106 20.9064 15.8086 5135.28 5119.7 137.774
internal_count=35513 1774 455 365 253 1319 262 33739 1046 212 135 32693 32608 842
cat_boundaries=0 2 4 5
cat_threshold=536905744 44 1107313744 1 2162752
is_linear=0
shrinkage=0.05


Tree=204
num_leaves=15
num_cat=3
split_feature=28 24 3 28 30 20 30 3 2 24 25 3 24 30
split_gain=7.38058 8.16093 7.70913 10.4493 19.0811 18.0754 16.2724 13.6534 12.2026 11.6671 11.481 11.866 11.0931 14.6008
threshold=0.059856735518329131 0.044099865333998338 0.6672069105372046 0.37746379221177923 0 -83.524999999999991 1 0.35412361507672918 27.929004500071567 0.19505866760292254 -0.31863576994509274 0.00060914227959505795 0.51473526368323219 2
decision_type=8 8 10 10 9 8 9 8 2 10 10 8 10 9
left_child=-1 -2 3 6 5 -5 7 -3 12 -7 -11 -12 -6 -14
right_child=1 2 -4 4 8 9 -8 -9 -10 10 11 -13 13 -15
leaf_value=0.039778388522959285 -0.02282706337495535 -0.01268475810025612 -0.0022105414469078318 -0.048437216802385837 -0.010223135100319776 -0.040009439675964792 0.006482377018562995 0.0060884780283180402 0.012466205438982549 -0.024908234032280825 -0.022695680947142305 0.011036835026890998 -0.019297713459251003 0.012729123292219978
leaf_weight=10.848243471235035 36.968194422312081 232.00183181837201 1815.6523984437808 14.10824219509959 701.64054161962122 11.971172056160865 1570.9059537183493 164.94271113630384 82.813454136252403 24.495950920507312 26.473692202009261 541.06462509557605 38.615351111628115 119.38757388200611
leaf_count=94 563 2096 10010 92 4931 97 11158 1162 459 140 303 3278 288 854
internal_value=0.000358863 0.000272017 0.000436048 0.00179817 -0.00125693 0.00552096 0.00422037 -0.00476838 -0.00570146 0.00695054 0.00796596 0.00942618 -0.00753033 0.00441663
internal_weight=5391.89 5381.04 5344.07 3528.42 1560.57 618.114 1967.85 396.945 942.457 604.005 592.034 567.538 859.643 158.003
internal_count=35525 35431 34868 24858 10442 3910 14416 3258 6532 3818 3721 3581 6073 1142
cat_boundaries=0 2 4 6
cat_threshold=1123495760 32 1397884224 32 2164277254 8
is_linear=0
shrinkage=0.05


Tree=205
num_leaves=15
num_cat=3
split_feature=3 30 29 18 30 20 44 7 24 20 11 24 18 4
split_gain=7.74214 19.4071 9.75819 11.6844 11.0813 12.0255 12.9671 12.4627 16.3118 11.435 10.0445 8.92378 8.90906 8.43427
threshold=0.83912991669200998 0 1 -2.7587500000000014 2 -0.53499999999999648 1.0000000180025095e-35 8.5000000000000018 0.47723731140940245 -2.799999999999998 5.8112307730042589 0.49826877660989621 1.4399999999999984 2.1442680900277744
decision_type=10 9 9 8 9 10 2 2 10 10 2 10 8 10
left_child=-1 -2 4 -4 9 6 7 8 -6 11 -11 13 -10 -3
right_child=1 2 3 -5 5 -7 -8 -9 12 10 -12 -13 -14 -15
leaf_value=0.0006801824367482826 -0.023238781297007349 0.0045654826522678466 0.033791218596963706 -0.017059991875912991 -0.0028098708093312031 -0.016902684903705334 0.027907467914630925 -0.017426916372832956 -0.0082956855575157511 -0.013780082027264277 0.033242658611371191 0.024012264103909681 0.040533504693553664 -0.024363414530970889
leaf_weight=4394.9358645016328 107.21200514771044 77.091345803812146 11.314360473304985 146.19241113588214 188.07474790140986 121.94014214165509 39.336839444935322 93.983590355142951 11.864543579518793 13.081987038254736 66.300262669101357 34.074072204530239 38.238230518996716 36.25683382153511
leaf_count=30019 615 412 56 784 1069 672 212 547 69 78 341 200 222 197
internal_value=-0.000217985 -0.00422227 -0.00159313 -0.0124326 0.000928685 -0.00328112 0.0011353 -0.0021095 0.00398226 0.0098157 0.0254184 0.00196082 0.0290345 -0.00482018
internal_weight=5379.9 984.961 877.749 157.507 720.243 493.438 371.498 332.161 238.178 226.805 79.3822 147.422 50.1028 113.348
internal_count=35493 5474 4859 840 4019 2791 2119 1907 1360 1228 419 809 291 609
cat_boundaries=0 2 3 5
cat_threshold=539052288 6 57349 50597956 41
is_linear=0
shrinkage=0.05


Tree=206
num_leaves=15
num_cat=4
split_feature=6 30 10 30 28 22 30 30 25 27 23 28 26 25
split_gain=8.40109 17.0247 12.1599 13.3723 12.1137 17.4324 15.7334 14.485 17.1729 14.3003 13.7383 13.1897 21.2788 14.1042
threshold=17.500000000000004 0 22.500000000000004 1 0.28904095684803482 0.8633333333333334 2 3 0.18241356030093914 0.3012985804613737 6.0718750000000012 0.43494283368946057 4135.0000000000009 0.2735924186185088
decision_type=8 9 2 9 10 10 9 9 8 10 10 10 2 10
left_child=2 -2 4 -4 5 -1 9 8 -7 10 -6 12 -8 -13
right_child=1 -3 3 -5 6 7 11 -9 -10 -11 -12 13 -14 -15
leaf_value=0.0085209939939562048 -0.016726843755798842 -0.00025065916390512669 0.0097079467786976258 -0.015739582402440468 0.022562460254670107 0.057250395126189138 -0.0067108307323605889 -0.025894541290527814 -0.014876536516743033 0.0025664358465809622 -0.032546497649263754 0.015305935168135233 0.027742211888988871 -0.0011590846958464505
leaf_weight=934.14980226568878 197.49081099312752 644.86675989441574 63.685021821409464 188.62320954166353 149.1839677169919 13.450451860204337 1260.756283336319 60.810304095968604 18.512371083721522 1117.648821038194 11.36095513962209 174.55080208927393 45.493604566901922 501.52449088264257
leaf_count=5404 2634 6796 357 1089 826 108 7152 475 140 6266 116 1071 313 2794
internal_value=0.000252874 -0.00433006 0.00110401 -0.00954153 0.00173256 0.0064654 0.000240397 -0.0141029 0.0124996 0.00454327 0.0184853 -0.00254504 -0.00549061 0.00310822
internal_weight=5382.11 842.358 4539.75 252.308 4287.44 1026.92 3260.52 92.7731 31.9628 1278.19 160.545 1982.33 1306.25 676.075
internal_count=35541 9430 26111 1446 24665 6127 18538 723 248 7208 942 11330 7465 3865
cat_boundaries=0 2 4 6 8
cat_threshold=1124163144 24 594000 10 3253997072 56 33587208 35
is_linear=0
shrinkage=0.05


Tree=207
num_leaves=15
num_cat=4
split_feature=26 25 30 56 8 29 15 28 1 34 11 15 30 6
split_gain=9.32999 17.1465 13.7657 16.0368 21.1673 21.2386 17.9264 17.5908 26.268 13.9997 17.3947 14.7083 13.3702 16.9631
threshold=64.500000000000014 9.0095441523038886 0 1.0000000180025095e-35 41.500000000000007 1 3.5097871002379546 0.38759937790261517 0.9057713651498337 2 7.7983096088702348 1.6554172964253742 3 28.500000000000004
decision_type=2 10 9 2 10 9 10 8 10 1 2 10 9 8
left_child=1 2 -1 4 5 6 -4 9 -9 10 -7 -12 13 -5
right_child=-2 -3 3 12 -6 7 -8 8 -10 -11 11 -13 -14 -15
leaf_value=-0.0095385990853464782 0.0019990409353059374 -0.034869690888547467 -0.0016811803318735321 -0.0047315033610122702 -0.019901590633706945 0.011669771566971061 -0.024117508392364623 -0.017875521828503032 0.0087500070920207614 -0.0077370698816755824 0.10068770847424346 0.016379894162904095 0.016096629412815987 0.051357542677039118
leaf_weight=432.91497749276459 3070.6738175484352 38.480265710502863 233.66968785785139 202.50885400548577 152.67037007212639 389.23430689424276 142.99130893498659 178.55050553474575 190.46423280239105 88.398494985885918 9.4418749324977416 11.185199271887539 241.49108290858567 13.436536887660621
leaf_count=2848 20332 247 1599 1191 880 2637 824 1533 1070 620 70 66 1475 197
internal_value=0.000190036 -0.00219853 -0.00163381 0.000266073 -0.00239448 -0.000231543 -0.00997581 0.00407501 -0.00414644 0.0102416 0.0141286 0.0578423 0.00838236 -0.000975908
internal_weight=5396.11 2325.44 2286.96 1854.04 1396.61 1243.94 376.661 867.275 369.015 498.26 409.861 20.6271 457.436 215.945
internal_count=35589 15257 15010 12162 9299 8419 2423 5996 2603 3393 2773 136 2863 1388
cat_boundaries=0 2 3 4 6
cat_threshold=1115996228 4 1586224 2 2171084816 41
is_linear=0
shrinkage=0.05


Tree=208
num_leaves=15
num_cat=0
split_feature=10 28 28 28 28 27 10 20 2 28 55 28 6 7
split_gain=7.92826 14.4363 17.2212 13.2205 12.4394 19.3323 17.0974 16.5367 13.7373 12.7861 14.8387 13.6454 12.5157 13.2883
threshold=1.0000000180025095e-35 0.55130834071513701 0.49679328627915503 0.29095316644961705 0.31971911231982536 0.59546031780827269 4.5000000000000009 32.00500000000001 51.722652552412889 0.36102178876956587 34.500000000000007 0.36829165121381385 92.500000000000014 15.500000000000002
decision_type=2 8 10 8 10 10 2 10 2 10 8 10 8 2
left_child=3 2 4 -1 5 6 -2 9 -8 12 -11 -12 13 -6
right_child=1 -3 -4 -5 7 -7 8 -9 -10 10 11 -13 -14 -15
leaf_value=0.0064575482901812267 0.010037648964914297 0.012610902070063363 -0.013804836499610805 -0.0050128905730578398 0.015478456714154093 -0.042110998828368121 -0.0019458552302750128 -0.025858356683017843 -0.017510938676996386 0.025824756002676676 -0.023030767791370879 0.0020533268933103171 0.04599609541564012 -0.0037801855581637237
leaf_weight=303.81120224669576 251.0327003095299 252.65139562729746 203.95245196949691 1429.6090725986287 299.12504140939564 29.217512624338269 873.70464094821364 45.056985201314092 168.28790259361267 62.000012394040823 55.615590237081051 1279.1405467577279 24.321522407233715 127.1894631292671
leaf_count=2087 1765 1578 1269 8875 1654 188 6740 361 1088 343 321 8103 165 1090
internal_value=-0.000213958 0.00110191 0.000247916 -0.00299994 0.00114349 -0.00257633 -0.00165114 0.0037425 -0.00447409 0.00447805 0.00211167 0.000991683 0.0117918 0.00973731
internal_weight=5404.72 3671.3 3418.64 1733.42 3214.69 1322.24 1293.03 1892.45 1041.99 1847.39 1396.76 1334.76 450.636 426.315
internal_count=35627 24665 23087 10962 21818 9781 9593 12037 7828 11676 8767 8424 2909 2744
is_linear=0
shrinkage=0.05


Tree=209
num_leaves=15
num_cat=2
split_feature=60 11 6 54 26 14 26 14 29 30 8 23 11 22
split_gain=6.72994 6.70203 6.06931 6.03316 9.78341 9.71837 8.50045 8.34994 17.459 15.847 11.3941 7.12966 9.04713 6.64338
threshold=254.50000000000003 10.499309698568512 -17.499999999999996 82.500000000000014 125.50000000000001 1.8287500000000005 71.500000000000014 1.0000000180025095e-35 0 1 11.500000000000002 65.545625000000015 6.9793268189231599 -2.878333333333333
decision_type=8 2 8 10 2 10 2 8 9 9 10 10 2 8
left_child=2 3 -1 7 6 -6 -5 8 10 -10 -2 13 -13 -9
right_child=1 -3 -4 4 5 -7 -8 11 9 -11 -12 12 -14 -15
leaf_value=-0.059104911785737652 0.064186052297392313 -0.030290382694856351 -0.0046722820764729346 0.011838636050331076 0.010352518232695682 -0.033749892175580269 0.061566958960812039 0.0095262741957647199 0.0016616524907947323 -0.026241273262410866 0.0064332126250742326 0.0071180647104060139 0.065095340623197578 0.0002497776419087864
leaf_weight=7.9297471726313233 10.75919461250305 16.634060079231858 12.452553122304382 20.702911421656609 65.134595673531294 14.403290223330258 14.474618568085132 200.17409559525549 91.766713048331439 114.14164788275957 32.186358954757452 24.061599619686604 8.5056589227169734 4752.7704580761492
leaf_count=45 58 114 85 115 433 86 75 1379 625 857 188 218 51 31229
internal_value=0.000372337 0.000483809 -0.0276231 0.000585151 0.0118779 0.00204624 0.0334367 0.000335439 -0.00858439 -0.0143522 0.017949 0.000782308 0.0237483 0.000626536
internal_weight=5386.1 5365.72 20.3823 5349.08 114.715 79.5379 35.1775 5234.37 248.854 205.908 42.9456 4985.51 32.5673 4952.94
internal_count=35558 35428 130 35314 709 519 190 34605 1728 1482 246 32877 269 32608
cat_boundaries=0 1 3
cat_threshold=2106752 20556808 36
is_linear=0
shrinkage=0.05


Tree=210
num_leaves=15
num_cat=2
split_feature=32 14 30 11 1 30 0 27 56 11 23 26 5 26
split_gain=9.40188 7.41084 15.7435 8.75392 14.9593 8.56811 14.2797 10.8493 10.4033 10.4718 8.86138 9.09614 12.0827 10.6622
threshold=22.500000000000004 9.5012500000000024 0 5.9864017515027994 1.4112394957983196 1 12.020000000000001 0.24562491450040455 7.5000000000000009 6.0865815155162251 3.6318750000000004 22.500000000000004 0.33048255813953492 209.50000000000003
decision_type=10 10 9 2 8 9 8 10 2 2 10 2 10 2
left_child=1 5 3 4 -3 6 7 -1 10 -10 11 12 -8 -13
right_child=-2 2 -4 -5 -6 -7 8 -9 9 -11 -12 13 -14 -15
leaf_value=0.0046025388912583542 -0.020738710647594638 -0.018011991117196077 0.0045616133806919154 -0.011575197022129663 -0.079912059281646505 -0.00043072628137501621 0.0094955947095888074 -0.034908537223041734 -0.021606557064346568 0.0052535419684999361 -0.018061922154739538 0.025855872982353159 -0.028332287236635889 0.0090108610942274698
leaf_weight=32.584309256635606 54.102510146796703 29.307557478547096 121.41832603886724 77.220771486870944 14.286706594750283 4346.940246890299 79.364775128662586 35.720767997205257 52.438243254087865 112.20741862338036 24.107612016610801 160.54418296087533 27.630098649300635 228.68117179442197
leaf_count=357 328 156 698 425 75 28780 463 358 357 671 308 1058 172 1448
internal_value=-0.000190998 2.09288e-05 -0.00850571 -0.0202778 -0.039635 0.000427487 0.0053093 -0.0162657 0.00755871 -0.00337996 0.0110198 0.0124662 -0.000444881 0.0160074
internal_weight=5396.55 5342.45 242.233 120.815 43.5943 5100.22 753.279 68.3051 684.974 164.646 520.328 496.22 106.995 389.225
internal_count=35654 35326 1354 656 231 33972 5192 715 4477 1028 3449 3141 635 2506
cat_boundaries=0 2 4
cat_threshold=3255105562 12 2182087238 20
is_linear=0
shrinkage=0.05


Tree=211
num_leaves=15
num_cat=2
split_feature=24 7 23 29 27 26 29 16 25 25 1 7 27 15
split_gain=7.53342 19.6518 18.8928 17.4157 11.6674 19.518 13.5866 11.995 9.94913 9.98172 9.66667 9.66265 22.8065 15.5287
threshold=0.29553463912591799 50.500000000000007 18.18729166666667 0 0.33495040173051904 346.00000000000006 1 -8.9924999999999962 4.6068309858462753 8.0851531369707921 0.63349834983498365 9.5000000000000018 0.30024647612597993 3.3269904884608956
decision_type=8 2 10 9 8 2 9 8 10 10 10 2 8 10
left_child=1 2 4 8 -1 6 -6 -8 -2 -10 -9 12 -5 -13
right_child=3 -3 -4 11 5 -7 7 10 9 -11 -12 13 -14 -15
leaf_value=0.0021205090208378853 -0.019903019196586189 -0.029750044110623503 -0.049850090707443118 0.024991351439232146 -0.0094955723681109869 -0.033373249004458996 0.078192925007286765 0.042463364692266588 0.017631708670565651 -0.020197067312426098 0.014555685827788507 0.00019021412300889508 0.00040315576023999068 -0.010775442656061375
leaf_weight=1378.8353590522893 195.89557350426912 45.065451213624328 15.515744997188447 98.134615201503038 36.667920256964862 19.096031425520778 8.8580453097820264 39.853887097910047 41.19857981055975 28.727643648162484 138.35453720390797 886.69857677537948 1937.46188105084 506.68655257485807
leaf_count=9276 1206 1169 413 569 267 132 49 252 246 201 755 7231 10516 3303
internal_value=-0.000311445 0.00246126 0.00336554 -0.00157419 0.0039051 0.0139881 0.0181609 0.0228914 -0.0136376 0.00202495 0.020999 -0.000593807 0.00160022 -0.00380217
internal_weight=5377.05 1682.25 1637.18 3694.8 1621.67 242.83 223.734 187.066 265.822 69.9262 178.208 3428.98 2035.6 1393.39
internal_count=35585 12313 11144 23272 10731 1455 1323 1056 1653 447 1007 21619 11085 10534
cat_boundaries=0 1 2
cat_threshold=2180256 1048580
is_linear=0
shrinkage=0.05


Tree=212
num_leaves=15
num_cat=3
split_feature=7 8 6 30 0 28 0 34 30 7 24 18 7 9
split_gain=7.92921 15.9866 14.7293 13.2758 22.4173 13.4454 11.7884 15.4761 14.6303 11.6602 11.6215 11.5522 10.469 11.7229
threshold=6.5000000000000009 75.500000000000014 -90.499999999999986 0 97.00500000000001 0.42616587954352719 72.00500000000001 1 2 -40.499999999999993 0.83886639676113373 -2.7987499999999979 4.5000000000000009 1.0000000180025095e-35
decision_type=2 10 8 9 8 8 10 1 9 2 10 10 2 2
left_child=1 2 -1 4 5 -4 10 8 -8 -6 -2 -3 13 -11
right_child=6 11 3 -5 9 -7 7 -9 -10 12 -12 -13 -14 -15
leaf_value=-0.052382753944505048 -0.00086478269809967976 0.034588935035454231 2.9862280277246985e-05 0.0056932606774354015 0.038802923310508858 0.018635239709364496 0.0037181047594949893 -0.0383252532141789 -0.016315636432783658 -0.00024112856182198326 -0.062145163633508027 0.0010121152643551147 0.00023997605725814124 -0.021203431368231017
leaf_weight=11.928134784102438 2941.4692904879339 61.265814870595932 407.02176241017878 866.87553824484348 10.894540149718521 126.53006617352366 174.982775952667 42.634977340698242 176.45805813977495 89.072419380769134 6.7574711628258219 43.62781148403883 139.10409142076969 264.7570082899183
leaf_count=88 21633 328 2314 5141 86 656 920 256 978 534 44 246 759 1523
internal_value=-0.000618737 0.00185298 0.000807427 0.00116793 -0.00264482 0.00446867 -0.00211348 -0.0102242 -0.006716 -0.0102243 -0.00102626 0.020765 -0.0113842 -0.015942
internal_weight=5363.38 2021.08 1916.18 1904.26 1037.38 533.552 3342.3 394.076 351.441 503.828 2948.23 104.894 492.934 353.829
internal_count=35506 11675 11101 11013 5872 2970 23831 2154 1898 2902 21677 574 2816 2057
cat_boundaries=0 2 3 5
cat_threshold=2730148120 39 4 2729515012 57
is_linear=0
shrinkage=0.05


Tree=213
num_leaves=15
num_cat=3
split_feature=26 30 8 30 30 28 2 2 27 11 7 0 22 6
split_gain=8.5172 13.9296 15.7725 18.2017 13.8489 18.769 14.4298 22.1275 12.4715 12.2594 12.1343 12.3356 17.4778 14.3477
threshold=64.500000000000014 0 41.500000000000007 1 2 0.55130834071513701 41.174998217205776 52.06908291997383 0.084350149026786544 7.0435484657277403 41.500000000000007 81.980000000000004 1.0000000180025095e-35 -26.499999999999996
decision_type=2 9 10 9 9 10 2 2 8 2 2 10 10 8
left_child=1 8 -3 -4 5 6 -2 -8 -1 -7 11 12 -6 -13
right_child=4 2 3 -5 10 9 7 -9 -10 -11 -12 13 -14 -15
leaf_value=0.042397869975632795 -0.0037094954892779256 0.0019562364465389595 0.013096848265201123 -0.017505756208660499 0.01178009535200588 0.011526288721456638 0.053032471130218563 0.0033375408948397457 -0.011100915064572732 0.060162572936031861 -0.021448269824031495 0.0078984414352396056 -0.0064064764661983815 -0.012822642905613656
leaf_weight=10.202601730823515 1396.7625092957169 1601.2001838926226 55.736379964277148 208.84075753763318 910.87569741904736 47.672596715390682 26.729229222983122 117.37582403421402 443.30440994165838 17.14793024212122 38.92308448953554 176.38238937221467 153.83381346892565 156.93988377042115
leaf_count=98 9256 10803 294 1235 5738 302 139 657 2846 98 856 1004 1314 881
internal_value=0.000429933 -0.00185209 8.51672e-05 -0.0111999 0.00216947 -0.00103082 -0.00215282 0.0128571 -0.00959559 0.0251113 0.00571123 0.006523 0.00914888 -0.00186695
internal_weight=5361.93 2319.28 1865.78 264.577 3042.64 1605.69 1540.87 144.105 453.507 64.8205 1436.95 1398.03 1064.71 333.322
internal_count=35521 15276 12332 1529 20245 10452 10052 796 2944 400 9793 8937 7052 1885
cat_boundaries=0 2 4 6
cat_threshold=1241835608 4 3150850 19 1614298646 11
is_linear=0
shrinkage=0.05


Tree=214
num_leaves=15
num_cat=1
split_feature=1 28 56 30 27 54 3 4 27 31 1 7 24 25
split_gain=7.01185 6.73678 12.8005 15.3262 13.887 11.9756 9.91471 14.5025 9.09592 12.6469 8.88396 7.68133 7.57377 7.2366
threshold=0.053262411347517739 0.16523359956869296 15.500000000000002 0 0.21113899970184422 28.500000000000004 0.21883085040181696 1.0000000180025095e-35 0.060200217595634507 2.5000000000000004 0.19725028058361394 8.5000000000000018 0.1751584496248734 -1.4658583636582896
decision_type=8 8 2 9 10 8 10 10 8 2 8 2 10 8
left_child=-1 2 3 5 10 -2 7 -7 9 -3 -5 -12 -4 -10
right_child=1 8 12 4 -6 6 -8 -9 13 -11 11 -13 -14 -15
leaf_value=-0.02688165629401473 0.06588216105850532 -0.05551572196560535 0.0595414713061512 0.044299075750036075 0.043357890339341558 0.071338157546367562 -0.0034028391642654228 -0.029291447216906991 0.019459430471448894 0.058393456449528251 0.0041774971123549262 -0.02683525444036506 0.0040851371611929773 -0.0006558684475404127
leaf_weight=23.828677956480533 13.02723359223455 13.443734334781764 16.98580036312342 5.1917293705046168 10.740527164191006 11.622021174058316 31.886703681200743 4.3539446573704472 44.109348013997078 2.081482680514454 27.913876466453075 67.040671297349036 9.5982631146907789 5079.2588344938122
leaf_count=499 91 363 122 152 89 132 247 60 280 34 139 791 60 32415
internal_value=-0.000372105 -0.000248738 0.00876938 0.00366991 -0.0075625 0.021642 0.012928 0.0438035 -0.000598475 -0.0376344 -0.014146 -0.0177699 0.0403928 -0.000478923
internal_weight=5361.08 5337.25 198.361 171.777 110.887 60.8899 47.8627 15.976 5138.89 15.5252 100.146 94.9545 26.5841 5123.37
internal_count=35474 34975 1883 1701 1171 530 439 192 33092 397 1082 930 182 32695
cat_boundaries=0 2
cat_threshold=1115684874 7
is_linear=0
shrinkage=0.05


Tree=215
num_leaves=15
num_cat=1
split_feature=32 28 30 21 32 4 14 26 8 15 6 4 3 19
split_gain=9.40458 10.003 15.364 13.0663 13.6575 14.1861 11.5182 11.032 10.7613 9.97147 11.7065 9.76091 9.04346 9.97135
threshold=9.5000000000000018 0.19132350259105949 0 0.96762655877891912 1.5000000000000002 -2.2050625757505702 0.82499999999999984 125.50000000000001 47.500000000000007 3.5534718813353994 7.5000000000000009 36.487711017724401 0.099951138336604461 55.057500000000012
decision_type=10 10 9 8 10 10 10 2 8 8 10 8 10 8
left_child=1 2 3 11 -5 7 -7 -6 9 12 -11 -1 -4 -14
right_child=-2 -3 8 4 5 6 -8 -9 -10 10 -12 -13 13 -15
leaf_value=-0.038788378010079318 -0.020265585275108782 -0.00046239825331980929 0.047091649506059985 -0.01013496613816493 0.023404452718537905 0.047499528629932175 -0.0099631474643149046 -0.0048718801266728401 -0.02031673209442747 0.0098565217427289166 -0.02005234453074611 0.018475235826550619 -0.042413685822175723 0.017882879297410146
leaf_weight=17.909748268313706 55.320777717977762 4756.6382342684083 19.426890072412789 36.146871966309845 99.251311129890382 66.604803050868213 9.6541314106434566 52.132780377753079 63.064330507069826 67.199784845113754 61.966356509830803 11.491728698834779 7.5198202282190314 34.407483140937984
leaf_count=256 346 30704 202 280 727 510 81 481 459 359 666 98 148 231
internal_value=5.85526e-05 0.000274338 0.00667266 0.0141797 0.0181881 0.0227102 0.0401901 0.0136987 -0.00248775 0.00335921 -0.00453582 -0.0165351 0.0197864 0.00633235
internal_weight=5358.74 5303.41 546.776 293.191 263.79 227.643 76.2589 151.384 253.585 190.52 129.166 29.4015 61.3542 41.9273
internal_count=35548 35202 4498 2433 2079 1799 591 1208 2065 1606 1025 354 581 379
cat_boundaries=0 2
cat_threshold=585416786 45
is_linear=0
shrinkage=0.05


Tree=216
num_leaves=15
num_cat=4
split_feature=7 26 30 30 28 29 28 25 3 29 1 8 19 27
split_gain=9.33373 15.7896 17.62 14.4565 14.3435 12.8728 12.1765 12.6584 10.3569 22.5369 16.9449 14.6136 13.6249 19.3446
threshold=10.500000000000002 650.50000000000011 0 1 0.39299388449336853 2 0.21267936407349713 0.93862058171485196 0.043242030174384306 3 0.55597326649958234 2.5000000000000004 4.4000000000000012 0.2944518489867553
decision_type=2 2 9 9 10 9 8 10 10 9 8 10 8 10
left_child=-1 3 4 5 -3 6 -2 -8 -5 10 11 -10 13 -11
right_child=1 2 -4 8 -6 -7 7 -9 9 12 -12 -13 -14 -15
leaf_value=0.0017337408319494569 0.039025766797940155 0.018114259446903477 -0.024302843742255664 0.0084623682176640912 -0.012807641611638214 -0.025306992340792957 0.022687232582698374 -0.022186009878957372 -0.018761912602796048 -0.036247120684146435 0.0049652198111984503 0.030602369481266985 -0.012701749002587635 0.077909295465314554
leaf_weight=2998.2352356915362 16.121237900108099 62.124986487440765 151.99909589253366 332.34423288004473 91.395395053550601 100.53005333337933 22.162563877180219 48.184200389310718 130.87009377218783 5.2149167875759295 964.4043491166085 16.00621248036623 417.62733653839678 8.8031923086382431
leaf_count=16292 157 562 1512 3662 782 1080 143 360 1478 173 5673 123 3417 92
internal_value=-0.000119166 -0.00246517 -0.0130538 -0.000890925 -0.000242552 -0.0137376 0.00105125 -0.00792897 0.000467488 -0.00125594 0.00253033 -0.0132117 -0.010796 0.0358558
internal_weight=5366.02 2367.79 305.519 2062.27 153.52 186.998 86.468 70.3468 1875.27 1542.93 1111.28 146.876 431.645 14.0181
internal_count=35506 19214 2856 16358 1344 1740 660 503 14618 10956 7274 1601 3682 265
cat_boundaries=0 2 4 5 6
cat_threshold=591505493 46 558106880 12 1327378 1369090
is_linear=0
shrinkage=0.05


Tree=217
num_leaves=15
num_cat=2
split_feature=13 30 18 14 30 16 5 26 9 7 0 20 59 22
split_gain=6.41136 19.3789 11.442 9.56349 17.6151 15.1778 9.96614 8.86363 8.3209 8.29991 16.0263 8.46369 8.07901 7.94687
threshold=9.2737500000000015 0 8.2412500000000009 6.7520000000000016 1 -3.6341666666666681 0.4403230373230374 1139.0000000000002 1.0000000180025095e-35 7.5000000000000009 79.925000000000026 -2.4975000000000018 1.5000000000000002 1.0000000180025095e-35
decision_type=10 9 10 10 9 10 10 2 2 2 10 10 10 10
left_child=3 2 -2 12 5 -5 -7 -6 -9 10 -3 -12 13 -1
right_child=1 9 -4 4 7 6 -8 8 -10 -11 11 -13 -14 -15
leaf_value=0.000370029703120428 -0.012713977255015323 0.015650410137055617 0.043393798653862448 -0.015306542028951859 0.036873076638729393 -0.025408281713306377 0.034433426526508208 -0.022511627519758083 0.020999336795627061 -0.022736792631133151 -0.045035353912866213 -0.0082405267676984445 -0.029628479244383568 -0.006737985792889806
leaf_weight=4399.9041204508394 12.626520000398157 55.723083432763815 28.283215189352632 88.941947406157851 64.093810477759689 8.1036860421299917 30.968811338767409 14.251842403784392 38.860472559928894 118.42856135359034 21.822362244129181 51.530683159828186 22.539719242602587 430.80717046605423
leaf_count=28463 73 301 168 492 353 47 179 87 215 864 116 265 141 3941
internal_value=-0.000330874 -0.00757016 0.0211418 8.00483e-05 0.00969332 -0.00364864 0.0216978 0.0225723 0.00912361 -0.0127208 -0.00440476 -0.0196454 -0.000407579 -0.000265133
internal_weight=5386.89 288.414 40.9097 5098.47 245.221 128.014 39.0725 117.206 53.1123 247.505 129.076 73.353 4853.25 4830.71
internal_count=35705 1787 241 33918 1373 718 226 655 302 1546 682 381 32545 32404
cat_boundaries=0 2 4
cat_threshold=559972352 48 2209457420 9
is_linear=0
shrinkage=0.05


Tree=218
num_leaves=15
num_cat=5
split_feature=9 30 24 56 25 18 8 30 24 30 26 29 29 25
split_gain=7.11113 14.6723 12.2189 9.48991 14.292 12.0168 9.43268 13.1876 11.4269 10.5515 15.9937 15.2039 14.2978 14.0852
threshold=2.5000000000000004 0 0.58218209326987924 19.500000000000004 3.2956782350774589 -4.0412500000000007 50.500000000000007 1 0.47665140854685067 2 3085.5000000000005 3 4 -0.31863576994509274
decision_type=2 9 10 2 10 10 8 9 10 9 2 9 9 10
left_child=6 -2 3 -3 -5 -6 9 8 -8 12 11 -11 13 -1
right_child=1 2 -4 4 5 -7 7 -9 -10 10 -12 -13 -14 -15
leaf_value=-0.05658515478963249 -0.0085488820732257994 0.008011696968629434 -0.014147392678447801 -0.023011031696080653 0.042122653106417912 -0.0074772443366884628 -0.027377342080522046 -0.0020533489214928594 0.017829641151801023 0.011532387447444052 0.022734810840381401 -0.00064849302957493136 0.0016007918846594614 -0.0080296612508316042
leaf_weight=14.346795743331311 221.38578532449901 1032.8162925578654 75.385329488664865 62.400699010118842 19.563338041305542 29.462293621152639 115.51102221850306 336.92960084229708 15.189110130071638 286.73588384501636 87.641452308744192 1832.3157525570132 614.72343119652942 611.7101472588256
leaf_count=154 1196 5766 414 364 105 177 840 2188 125 1821 604 13039 4438 4300
internal_value=4.59499e-05 0.0030477 0.00518553 0.00651575 -0.00729818 0.0127616 -0.00105939 -0.00771512 -0.0204736 -0.000154598 0.00191797 0.00105574 -0.00382384 -0.00908593
internal_weight=5356.12 1441.01 1219.63 1144.24 111.426 49.0256 3915.1 467.63 130.7 3447.47 2206.69 2119.05 1240.78 626.057
internal_count=35531 8022 6826 6412 646 282 27509 3153 965 24356 15464 14860 8892 4454
cat_boundaries=0 1 3 5 6 7
cat_threshold=23572480 537480449 34 1085428088 62 2375970 638994
is_linear=0
shrinkage=0.05


Tree=219
num_leaves=15
num_cat=1
split_feature=25 23 0 56 29 1 8 25 26 25 3 56 55 21
split_gain=9.92381 11.6043 10.3564 7.86611 7.72017 10.744 11.5884 9.01432 6.84276 6.73744 7.62556 7.59008 6.08622 17.2522
threshold=-0.17267731734021161 -2.1581249999999996 12.020000000000001 7.5000000000000009 0 1.2010638297872342 8.5000000000000018 -1.4658583636582896 11.500000000000002 -0.052561753043412797 0.3394576892993002 1.5000000000000002 31.500000000000004 1.0819365109498478
decision_type=10 10 10 2 9 10 10 8 2 10 8 2 10 8
left_child=1 2 4 -4 5 6 -1 8 -6 10 -2 -12 -11 -14
right_child=9 -3 3 -5 7 -7 -8 -9 -10 12 11 -13 13 -15
leaf_value=-0.0097119291247563938 -0.018771826818532431 -0.039496486307169405 0.024399006269748492 -0.017005234125246172 0.029918513119856955 -0.02503531217110266 0.066305456732365903 -0.026991732276159714 -0.016905814973677807 0.0006650973712826534 0.055069198074984317 0.012130698242148122 -0.041930252913866026 0.00099684235138528736
leaf_weight=8.3492223601788336 11.17375947255641 28.156195967458189 39.330541021656245 15.2135017439723 13.473044052720072 11.434778787195681 10.751463782042263 87.557856959290802 15.976429034024475 4958.4355835434981 14.329127265140412 33.833604976534843 31.350527187809348 84.489266697317362
leaf_count=77 177 511 272 89 102 58 55 607 91 32539 88 204 224 506
internal_value=0.000140723 -0.00999164 -0.00570657 0.0127522 -0.0125704 0.00907847 0.0342469 -0.0175327 0.00479521 0.000597018 0.0172068 0.0257658 0.000399439 -0.0108803
internal_weight=5363.85 230.243 202.087 54.544 147.543 30.5355 19.1007 117.007 29.4495 5133.61 59.3365 48.1627 5074.28 115.84
internal_count=35600 1862 1351 361 990 190 132 800 193 33738 469 292 33269 730
cat_boundaries=0 1
cat_threshold=40960
is_linear=0
shrinkage=0.05


Tree=220
num_leaves=15
num_cat=2
split_feature=8 25 28 8 52 30 6 8 61 22 30 8 31 13
split_gain=8.29533 8.61541 8.36143 9.23281 7.32441 8.66167 9.79106 7.23902 7.01666 6.35018 14.9692 17.0835 12.5547 11.7785
threshold=-6.4999999999999991 0.72279378046547904 0.35947412848720195 -14.499999999999998 1.0000000180025095e-35 0 -42.499999999999993 33.500000000000007 1035.0000000000002 -2.878333333333333 1 23.500000000000004 1.5000000000000002 5.9525000000000032
decision_type=8 10 8 8 2 9 10 10 8 8 9 10 2 8
left_child=1 -1 3 -3 8 -6 -7 -8 -2 10 13 -12 -13 -10
right_child=4 2 -4 -5 5 6 7 -9 9 -11 11 12 -14 -15
leaf_value=0.045167462805703745 -0.034141018327619843 -0.0021807886400320403 -0.030507161522730999 0.042496011618306379 -0.0014586820337461764 0.0055402358815103891 0.020130586882247434 0.071356818488440873 0.00964585075143525 -0.00046579719108791025 0.032403495799814871 0.037255197407881267 -0.022076248341074491 -0.028298115729813542
leaf_weight=18.673211641609669 14.187840885482727 28.206236585974693 11.132308408617972 18.492103062570095 67.086071694269776 24.385390404611826 13.872526595368983 15.232160303741692 40.061850298196077 4962.9340266175568 85.209766212850809 11.268821887671946 31.763597227632999 39.991876224055886
leaf_count=102 126 132 55 89 378 154 84 84 277 33002 616 72 183 294
internal_value=0.00031581 0.0165554 0.00670606 0.0160308 7.85855e-05 0.0122097 0.0247838 0.04842 -0.000205798 -0.00010611 0.00842521 0.0181502 -0.006046 -0.00838973
internal_weight=5382.5 76.5039 57.8306 46.6983 5305.99 120.576 53.4901 29.1047 5185.42 5171.23 208.296 128.242 43.0324 80.0537
internal_count=35648 378 276 221 35270 700 322 168 34570 34444 1442 871 255 571
cat_boundaries=0 2 4
cat_threshold=2697256960 1 1138769996 8
is_linear=0
shrinkage=0.05


Tree=221
num_leaves=15
num_cat=0
split_feature=7 25 54 24 27 3 25 25 7 3 27 25 7 15
split_gain=7.80514 10.8567 12.5413 8.52697 17.547 21.1312 18.0642 22.0198 14.1269 13.7731 10.7533 12.4718 9.81708 13.3926
threshold=30.500000000000004 0.59992014679500394 112.50000000000001 0.29553463912591799 0.32303265721064284 0.20989602112484754 0.036947414370734906 0.67149653657561836 11.500000000000002 0.17357269830794561 0.47116247171405778 1.8549564658042497 -5.4999999999999991 0.5673890130942838
decision_type=2 10 8 10 8 10 10 10 2 8 10 10 2 10
left_child=3 -2 -3 4 6 -6 -1 12 -5 10 -10 -12 -8 -14
right_child=1 2 -4 8 5 -7 7 -9 9 -11 11 -13 13 -15
leaf_value=-0.021397677636406921 -0.024505638455582009 -0.024068089924221908 0.0012079835100982004 0.00063810824954696629 0.042955038189989497 0.0078144058025581675 0.041315560335775242 -0.0019348196766884743 -0.0049982211229269999 -0.011217097210081817 0.0071421820876636502 0.054724941643879969 -0.0025884918880281185 0.019871776988789239
leaf_weight=85.229179542511702 72.633873374201357 58.675189998932183 275.81715818541124 2552.6689140740782 52.273446630686522 220.75060264952481 28.483893383294344 813.58744741044939 221.98302090167999 584.60537179838866 101.21767786517739 15.025322481989859 110.70294797141105 163.95911886636168
leaf_count=939 1367 874 3042 13701 336 1188 182 4798 2030 4148 1174 102 791 940
internal_value=-0.000475125 -0.00712114 -0.00328436 7.27678e-05 0.00325685 0.0146747 0.000653261 0.00235383 -0.00127909 -0.00657725 0.0014519 0.0137069 0.0138323 0.0108426
internal_weight=5357.61 407.126 334.492 4950.49 1474.99 273.024 1201.96 1116.73 3475.5 922.831 338.226 116.243 303.146 274.662
internal_count=35612 5283 3916 30329 9174 1524 7650 6711 21155 7454 3306 1276 1913 1731
is_linear=0
shrinkage=0.05


Tree=222
num_leaves=15
num_cat=4
split_feature=29 15 7 8 5 30 26 28 30 17 11 28 30 6
split_gain=7.17844 9.49664 7.04209 14.3452 10.8642 17.0639 18.2434 17.313 16.1964 10.9138 9.74937 12.2205 12.6542 8.85551
threshold=0 3.5097871002379546 21.500000000000004 -1.4999999999999998 0.23952980364656384 1 19.500000000000004 0.3590929096250019 2 1.0000000180025095e-35 5.541734003496507 0.20173815686013788 3 38.500000000000007
decision_type=9 10 2 8 10 9 2 10 9 2 2 8 9 10
left_child=1 -1 -2 13 8 6 -6 -8 9 -5 -10 -12 -13 -4
right_child=2 -3 3 4 5 -7 7 -9 10 -11 11 12 -14 -15
leaf_value=-0.022349165378930239 0.0014522114689636452 0.015756013705507801 0.064899924639540585 0.0050944023540811702 0.082574268493847747 -0.027623141541968894 -0.029134627579509645 0.036574488336962065 -0.025913212051688013 0.037675106842560611 0.015094113615046834 -0.022164220962286905 -0.0011267496835439127 0.010461032615414541
leaf_weight=72.502560336142778 4446.0014997376129 20.248738251626492 9.876550476998089 138.20887796767056 6.3191740689799181 97.544174531940371 24.351883898489177 15.587161472067235 59.89492641761899 30.701213319785893 65.881680721417069 98.990956909954548 221.11602711025625 25.485197670757771
leaf_count=491 25680 118 53 1372 58 1508 351 146 827 332 955 1201 2234 134
internal_value=0.00042049 -0.0126064 0.0006762 -0.00365716 -0.00512146 -0.0174438 0.00825078 -0.0032231 -0.00221557 0.0105805 -0.00715251 -0.00436675 -0.00840655 0.0270325
internal_weight=5332.71 92.7513 5239.96 793.958 758.596 143.802 46.2582 39.939 614.794 168.91 445.884 385.989 320.107 35.3617
internal_count=35460 609 34851 9171 8984 2063 555 497 6921 1704 5217 4390 3435 187
cat_boundaries=0 1 3 5 7
cat_threshold=196673 1074811152 41 2737349644 20 1086327120 9
is_linear=0
shrinkage=0.05


Tree=223
num_leaves=15
num_cat=3
split_feature=27 21 7 13 27 25 10 30 25 31 29 28 30 20
split_gain=6.13684 11.1329 15.5293 13.8852 7.51884 7.35312 6.86769 15.7395 13.5248 13.5088 11.6501 18.0271 19.5799 17.9192
threshold=0.092701477170691618 0.93066145736437889 4.5000000000000009 20.650833333333335 0.070525485227131826 0.74807533203346288 1.0000000180025095e-35 0 0.66865632190985025 2.5000000000000004 1 0.20935403283387713 2 12.862500000000006
decision_type=8 8 2 8 10 8 2 9 10 2 9 10 9 10
left_child=1 -1 -3 -4 5 -5 7 8 -2 -9 13 -12 -13 -8
right_child=6 2 3 4 -6 -7 10 9 -10 -11 11 12 -14 -15
leaf_value=-0.053323375604135637 -0.018064532303290172 0.030487809017661578 -0.032012172486714084 -0.017047246067617334 -0.024740458718617742 0.030743066489531824 0.0052641980421873399 0.0056984552725734749 -0.0027390661038919025 -0.0061506725532673966 0.012552283936554713 -0.010890606891179119 0.0027619660673721637 -0.01045162490304022
leaf_weight=12.445609406568108 229.16091460781172 23.462262205779552 51.083122531883419 10.74296624120325 14.556968148797749 25.815052789635953 2120.3866172428243 703.9940027911216 385.56545869540423 364.15717242751271 177.55011260788888 559.5021643191576 483.84625149331987 197.40966894943267
leaf_count=370 1480 120 606 192 178 252 14073 4584 2387 2276 1221 3536 2882 1479
internal_value=0.00030672 -0.0100582 -0.00538596 -0.0138374 0.00459187 0.0166194 0.000582735 -0.00204597 -0.00833684 0.00164149 0.00183308 -0.00211475 -0.00464056 0.00390489
internal_weight=5359.68 138.106 125.66 102.198 51.115 36.558 5221.57 1682.88 614.726 1068.15 3538.69 1220.9 1043.35 2317.8
internal_count=35636 1718 1348 1228 622 444 33918 10727 3867 6860 23191 7639 6418 15552
cat_boundaries=0 2 3 5
cat_threshold=2181721677 7 1349397 1657048146 44
is_linear=0
shrinkage=0.05


Tree=224
num_leaves=15
num_cat=2
split_feature=28 23 19 30 27 19 1 56 27 30 23 11 28 14
split_gain=9.04826 14.4948 14.5506 15.3416 10.9737 11.7862 10.6908 9.16563 8.57177 20.649 15.2328 15.018 10.5783 10.2133
threshold=0.16523359956869296 -0.43708333333333332 94.330000000000013 0 0.10489583283130392 82.357500000000016 0.19725028058361394 15.500000000000002 0.14794850246746449 1 4.8231250000000001 5.8112307730042589 0.18199792920718222 0.49916666666666748
decision_type=8 8 10 9 10 10 8 2 8 9 8 2 10 10
left_child=1 -1 3 4 -3 -6 -5 -8 9 11 -11 12 -2 -13
right_child=8 2 -4 6 5 -7 7 -9 -10 10 -12 13 -14 -15
leaf_value=-0.034079812039878858 0.071981240169979005 0.00014056964258514758 0.043697045215365216 0.053219556508379812 0.059864811321293766 -0.003830318683733046 -0.017204000759023588 0.02884930252216877 1.0810133629965911e-05 0.02496947128153593 -0.037626687038503005 -0.019471475850045345 0.013544112760746027 0.044907421772621525
leaf_weight=15.919679691083729 9.9763047173619253 21.341564118862152 33.454046804457903 6.0428401604294768 29.181203403510153 9.4123297706246358 75.988147621974349 11.641575433313845 4962.0914656566456 10.422593755181877 75.825590095948428 44.32102967472747 28.547161406371742 6.1673046899959436
leaf_count=206 66 248 211 156 242 62 757 79 31845 154 757 432 270 59
internal_value=3.59152e-05 0.0103636 0.014307 0.00766497 0.0249531 0.0446262 -0.00558873 -0.0108294 -0.000374079 -0.0112096 -0.026792 0.00629602 0.0301157 -0.0108879
internal_weight=5340.33 202.981 187.062 153.608 59.9351 38.5935 93.6726 87.6297 5137.35 175.26 86.2482 89.0118 38.5235 50.4883
internal_count=35544 1961 1755 1544 552 304 992 836 33583 1738 911 827 336 491
cat_boundaries=0 2 4
cat_threshold=1115980042 10 2684371293 60
is_linear=0
shrinkage=0.05


Tree=225
num_leaves=15
num_cat=6
split_feature=8 10 11 7 8 19 30 29 10 30 11 29 30 30
split_gain=7.11092 7.98195 7.83293 6.65651 6.25055 6.13259 20.0825 18.4351 10.9194 16.6302 10.7527 10.6178 16.4884 14.2569
threshold=-6.4999999999999991 7.5000000000000009 6.8698820428703096 -70.499999999999986 -24.499999999999996 55.810000000000009 0 1 10.500000000000002 2 8.6654736173408349 3 4 5
decision_type=8 2 2 2 10 8 9 9 2 9 2 9 9 9
left_child=1 4 -3 -2 -1 6 8 10 -5 -10 -8 12 -7 -13
right_child=3 2 -4 5 -6 11 7 -9 9 -11 -12 13 -14 -15
leaf_value=-0.028822511195194717 -0.033906757941473895 0.053483846703630655 0.0017591655119101935 0.01000162949818084 0.012629903699855383 0.0023546145258210721 0.0163714463642964 -0.018195719728325004 -0.027858230356172131 0.011884923244312784 -0.04034111173543839 -0.003367355896786061 -0.0081961359062272688 0.0041778539491467452
leaf_weight=11.537125810980795 13.72349107917398 18.816398762166504 11.716892816126345 241.33944049011916 32.126496560871601 716.37733111530542 69.269718380644917 289.67579407803714 45.403079096227884 42.675609908998013 8.5236952379345876 859.19359452277422 750.69005660153925 2241.0831249491312
leaf_count=55 104 95 54 2118 160 4003 591 3091 367 365 77 5631 4512 14367
internal_value=-0.000116927 0.0151504 0.0343202 -0.000334382 0.00127695 -0.000240438 -0.00460585 -0.0124311 0.00437823 -0.0104779 0.00862925 0.0004265 -0.00306496 0.0020823
internal_weight=5352.15 74.1969 30.5333 5277.95 43.6636 5264.23 696.887 367.469 329.418 88.0787 77.7934 4567.34 1467.07 3100.28
internal_count=35590 364 149 35226 215 35122 6609 3759 2850 732 668 28513 8515 19998
cat_boundaries=0 2 3 5 6 8 10
cat_threshold=3800083731 29 2895888 545292290 9 3747906 2697616900 60 2158251524 54
is_linear=0
shrinkage=0.05


Tree=226
num_leaves=15
num_cat=5
split_feature=8 8 29 30 29 20 30 3 24 1 7 56 24 30
split_gain=6.58845 8.5309 20.8482 20.0544 15.1854 15.9718 16.9098 16.7314 13.5193 16.2693 14.1857 13.2496 15.9683 17.1048
threshold=-2.4999999999999996 1.5000000000000002 0 1 2 -14.147499999999996 3 0.32589469143927113 0.51473526368323219 0.39715954875100729 14.500000000000002 1.5000000000000002 0.42887910593178608 4
decision_type=8 8 9 9 9 10 9 10 8 10 2 2 10 9
left_child=-1 2 11 4 5 6 7 -4 9 -8 -11 -2 13 -13
right_child=1 -3 3 -5 -6 -7 8 -9 -10 10 -12 12 -14 -15
leaf_value=0.011930422909002205 0.00095696305673939337 0.00086400331649501565 -0.0074378992947143965 -0.010922096235500334 -0.017000487111268565 -0.0070596440025500005 -0.022088311389896774 0.038083472161906405 0.1087680962716048 0.022141324167422944 0.074299387417114338 -0.010692510846741035 -0.026761516983239659 0.042518069857959757
leaf_weight=110.46048052236438 170.03409704007208 3850.1278580483049 85.551814692094922 796.34123827796429 63.450712783262134 103.57941860146821 11.207624375820158 25.333423726260662 5.4464305117726317 35.87744000647217 20.747041966766119 20.104270813986659 12.303377684205769 58.020602134987712
leaf_count=556 1288 22463 786 7373 529 1065 214 152 56 219 200 176 100 412
internal_value=-9.90888e-05 -0.00035402 -0.00368292 -0.00655907 0.00336544 0.00831697 0.0174058 0.00294625 0.0339805 0.0314194 0.0422096 0.00887672 0.0245659 0.0328852
internal_weight=5368.59 5258.13 1408 1147.54 351.194 287.743 184.164 110.885 73.2785 67.8321 56.6245 260.462 90.4283 78.1249
internal_count=35589 35033 12570 10594 3221 2692 1627 938 689 633 419 1976 688 588
cat_boundaries=0 1 3 4 6 8
cat_threshold=2364032 2747310917 39 1614852 62914561 5 1032 9
is_linear=0
shrinkage=0.05


Tree=227
num_leaves=15
num_cat=2
split_feature=16 20 3 30 29 28 2 1 27 22 15 15 0 28
split_gain=6.21259 7.24663 6.88093 16.4969 13.5349 13.0766 14.9491 12.9271 10.1712 11.1422 8.45004 8.10719 10.7709 9.69979
threshold=-28.5625 -6.4374999999999991 0.89258701090513093 0 1 0.26266453485842617 8.3336301945276432 0.89631887985546532 0.60661183064279156 3.2716666666666674 3.7192395866502719 12.926745615909473 61.680000000000007 0.4114562296129724
decision_type=8 10 10 9 9 8 2 8 10 8 8 10 8 10
left_child=1 -1 -2 4 11 -5 7 -7 9 -9 -6 12 -4 -14
right_child=2 -3 3 5 10 6 -8 8 -10 -11 -12 -13 13 -15
leaf_value=-0.032385585409570684 0.00081647668674532424 0.003627007806169421 -0.027297990318909983 0.0083902344589460876 -0.0047080724534450911 -0.047885658975717005 -0.036566049446864105 -0.051779454600598233 -0.035011081386303926 0.0016757282669359681 -0.045539423764600843 0.025976531613336323 -0.00061206404527568744 0.019272903443563024
leaf_weight=30.74974774569273 4561.2765104342252 24.616669528186321 24.758121142163873 61.139661125838757 29.493938017636538 19.610096219927073 71.783149160444736 9.3858116008341295 25.404778257012367 158.06001690402627 21.56605084054172 46.118039333261549 169.58672227710485 95.015508493408561
leaf_count=178 31160 135 137 345 162 130 384 53 151 968 111 276 919 513
internal_value=-8.17414e-05 -0.0165936 9.40731e-05 -0.00440286 0.0027562 -0.0121292 -0.016982 -0.0102249 -0.0061681 -0.00161019 -0.0188723 0.00654271 0.00359189 0.00657407
internal_weight=5348.56 55.3664 5293.2 731.922 386.538 345.384 284.244 212.461 192.851 167.446 51.06 335.478 289.36 264.602
internal_count=35622 313 35309 4149 2118 2031 1686 1302 1172 1021 273 1845 1569 1432
cat_boundaries=0 2 3
cat_threshold=1099734596 45 3203201
is_linear=0
shrinkage=0.05


Tree=228
num_leaves=15
num_cat=0
split_feature=16 54 26 14 25 26 55 28 4 44 9 53 26 14
split_gain=7.59144 6.65107 10.567 12.6625 10.4452 8.2693 7.82969 13.0393 13.4375 8.23139 7.37231 7.34723 6.55973 7.74313
threshold=-48.064999999999991 82.500000000000014 121.50000000000001 1.9332500000000001 14.210055254912508 71.500000000000014 31.500000000000004 0.45572749052738132 -11.337905634228708 2.5000000000000004 7.5000000000000009 1.0000000180025095e-35 388.50000000000006 -0.3874999999999999
decision_type=8 10 2 10 10 2 10 8 8 2 2 2 2 10
left_child=-1 4 5 12 6 10 9 8 -8 -2 -3 -11 13 -4
right_child=1 2 3 -5 -6 -7 7 -9 -10 11 -12 -13 -14 -15
leaf_value=-0.037468603787576722 2.5617149560399095e-05 -0.014398166680981648 0.0057402865875409827 -0.03785444242384086 -0.038868576592579078 0.066050898849388709 0.0098510889657113208 0.024516160176988884 -0.04063819977194226 0.024586980077532229 0.044139104233220865 -0.014537595197954698 -0.018077496421443677 0.046120939170291031
leaf_weight=12.437328925356267 5042.8416252369061 10.327600061893465 34.465850207954645 14.887623853981493 16.316695900633931 12.546407157555221 18.220275454223156 15.303820395842193 43.649550378322601 58.679320163559169 9.4519060403108579 14.306417748332022 13.644553475081919 17.388847820460796
leaf_count=76 33627 71 236 93 144 64 119 85 290 359 49 74 91 106
internal_value=6.57067e-05 0.000160445 0.012123 0.00227974 -0.000100662 0.0357978 2.8609e-05 -0.0156757 -0.0258492 0.000268531 0.0143527 0.0168251 0.0118341 0.0198979
internal_weight=5334.47 5322.03 112.713 80.3869 5209.32 32.3259 5193 77.1736 61.8698 5115.83 19.7795 72.9857 65.4993 51.8547
internal_count=35484 35408 710 526 34698 184 34554 494 409 34060 120 433 433 342
is_linear=0
shrinkage=0.05


Tree=229
num_leaves=15
num_cat=2
split_feature=27 11 29 30 1 1 17 28 54 11 56 26 8 11
split_gain=7.32599 6.59313 9.97222 15.0477 13.5738 16.8333 11.6421 10.8431 10.0027 9.5712 9.0943 14.4303 13.7442 10.9628
threshold=0.83512352775769627 7.7983096088702348 0 1 0.66784037558685461 0.47641299510458396 1.0000000180025095e-35 0.23209594432138808 16.500000000000004 7.6921521123524306 16.500000000000004 406.00000000000006 24.500000000000004 6.5900194047281078
decision_type=10 2 9 9 10 8 2 8 8 2 2 2 8 2
left_child=1 9 3 7 5 -5 -6 -3 -4 10 -1 12 -12 -14
right_child=-2 2 8 4 6 -7 -8 -9 -10 -11 11 -13 13 -15
leaf_value=-0.00085799298591565437 0.035755320301148218 0.06510788916701786 -0.024919481947795266 -0.010494868780225951 -0.0071045021123183234 0.037702499888074247 -0.037214224934018457 0.01171341939887713 0.011755834170423352 -0.018481680582896096 -0.011106662287181473 -0.019384001660325861 0.0041675780730425572 0.038250815180476391
leaf_weight=4330.5173871652223 13.369693472981451 11.432411672547458 18.642633274197578 36.784427819773555 204.94533321261406 34.062881572172046 37.250217035412788 43.223142586648464 373.94177592732012 73.536590041592717 30.657665655016899 30.856028834357858 36.129543252289295 68.47519651427865
leaf_count=29107 100 62 111 395 1189 248 246 260 2292 523 167 203 233 393
internal_value=0.000102432 6.31867e-06 0.00431449 -0.00167342 -0.00605221 0.0128803 -0.0118694 0.0202184 0.00970867 -0.000711165 -0.000416507 0.0110288 0.0180579 0.0266297
internal_weight=5343.82 5330.46 760.283 367.698 313.043 70.8473 242.196 54.6556 392.584 4570.17 4496.64 166.118 135.262 104.605
internal_count=35529 35429 4803 2400 2078 643 1435 322 2403 30626 30103 996 793 626
cat_boundaries=0 1 2
cat_threshold=3166240 1311816
is_linear=0
shrinkage=0.05


Tree=230
num_leaves=15
num_cat=3
split_feature=7 15 1 30 30 16 30 4 13 15 42 11 11 3
split_gain=7.69819 16.1113 14.658 13.3673 11.6014 11.1143 11.0292 10.4582 11.3535 10.4362 10.433 10.4278 9.94582 9.49555
threshold=10.500000000000002 3.6337640862937461 1.192539388322521 0 1 -1.8000000000000014 2 12.273994572704657 5.9999999999999991 0.079157080204033808 1.0000000180025095e-35 6.3475905903900065 7.0036106985820199 0.79330160892161772
decision_type=2 10 10 9 9 8 9 10 8 8 2 2 2 10
left_child=-1 2 3 12 7 -6 11 -3 -9 -8 -7 -4 -2 -14
right_child=1 4 6 -5 5 10 9 8 -10 -11 -12 -13 13 -15
leaf_value=0.0012736694694273252 -0.013951937627764241 -0.0010952364993858349 -0.036894959310884455 0.0058665611560993315 -0.046249190724690969 -0.011750049531049522 -0.016337154108163766 0.0057946200370162168 0.087535705326406699 0.0038812909771124603 0.043460948470895856 -0.0091162990498828578 0.0092936202952524655 -0.050975320079766975
leaf_weight=3009.2029547868297 174.5576722221449 135.2396425860934 53.477371267974377 931.1440063090995 22.28955899272114 517.87209659442306 87.989263899624348 10.512103646062313 6.3094684863463071 224.79944862890989 7.7399173602461806 91.430988766252995 99.634712406434119 5.9984937291592351
leaf_count=16410 2057 946 431 8589 174 3543 546 82 57 1271 36 595 979 42
internal_value=-0.000404602 -0.00253606 0.000135494 0.0030159 -0.00889736 -0.0121561 -0.00747772 0.00341794 0.0396456 -0.00178338 -0.0108561 -0.0182964 -0.00642486 0.00542524
internal_weight=5378.2 2368.99 1669.03 1211.33 699.963 547.902 457.697 152.061 16.8216 312.789 525.612 144.908 280.191 105.633
internal_count=35758 19348 14510 11667 4838 3753 2843 1085 139 1817 3579 1026 3078 1021
cat_boundaries=0 2 4 6
cat_threshold=1110625293 24 2170109954 35 2714503490 2
is_linear=0
shrinkage=0.05


Tree=231
num_leaves=15
num_cat=1
split_feature=15 29 3 4 3 21 8 28 26 24 25 11 19 8
split_gain=7.74974 14.3984 16.9389 12.1656 11.3046 13.082 12.7984 13.4802 12.3348 12.1764 11.4388 11.46 11.7703 11.1198
threshold=0.043633350683872869 0 0.015241978946994418 -5.6739247522135905 0.54862687777671437 1.1266415779463104 26.500000000000004 0.56413964450940346 3085.5000000000005 0.60057330057330061 8.0851531369707921 9.0763340567287027 65.90000000000002 30.500000000000004
decision_type=10 9 10 10 10 10 8 10 2 10 10 2 10 8
left_child=1 2 13 -4 5 -2 7 8 10 -8 11 -6 -13 -1
right_child=4 -3 3 -5 6 -7 9 -9 -10 -11 -12 12 -14 -15
leaf_value=0.027826320342939859 0.0041125711073187769 -0.0044331402098931882 -0.0075243080763235763 0.016785589087610849 -0.0082503391497544525 0.047665044340323481 0.0045527738190725463 0.022564862496942954 0.036265445791744254 -0.018918516251699279 -0.047724896319020896 -0.0096875049811530056 0.048818273785675936 -0.016612974546973275
leaf_weight=104.22991357650608 1656.6987513802014 1556.5529878544621 184.24887437140569 70.263806213159114 741.01552924187854 16.434530925005674 830.70778189599514 39.530259367078543 15.176014766097067 58.207580342888832 16.636673860251904 15.717390455305575 17.260661534965038 15.574323687702416
leaf_count=1084 11018 11586 1400 599 4213 93 4466 249 109 317 86 77 82 150
internal_value=0.000203765 -0.00232626 0.00637176 -0.0007736 0.00163772 0.00456859 -0.00119086 -0.00559221 -0.00699976 0.0029963 -0.00787499 -0.00695796 0.0214699 0.0219596
internal_weight=5338.26 1930.87 374.317 254.513 3407.39 1673.13 1734.25 845.337 805.806 888.915 790.63 773.994 32.9781 119.804
internal_count=35529 14819 3233 1999 20710 11111 9599 4816 4567 4783 4458 4372 159 1234
cat_boundaries=0 1
cat_threshold=2102692
is_linear=0
shrinkage=0.05


Tree=232
num_leaves=15
num_cat=5
split_feature=3 30 27 1 14 7 30 15 25 29 55 25 29 30
split_gain=7.61907 11.3991 15.8181 10.8861 9.50049 10.1116 13.6435 8.17215 12.1034 8.13734 7.751 7.72537 7.69578 16.349
threshold=0.89258701090513093 0 0.26208592022343274 0.94609125254286564 0.071250000000000049 10.500000000000002 1 1.5162518853695277 4.2865591138956933 2 112.50000000000001 0.35062999234108649 3 4
decision_type=10 9 8 10 8 2 9 10 10 9 10 8 9 9
left_child=10 4 3 -3 -2 9 -7 11 -9 -6 12 -4 13 -1
right_child=1 2 7 -5 5 6 -8 8 -10 -11 -12 -13 -14 -15
leaf_value=0.011632925101434224 -0.027392713039254266 0.047774629083797898 -0.0064130201961071611 0.00017637337580390339 0.011370072290953439 0.018287805939317829 -0.027979011989275351 -0.011837372846951707 0.037477731637559929 -0.010483704680486228 0.044884423242987262 -0.031942859589194079 -0.00048914501954307123 -0.0018016351874458351
leaf_weight=426.03624523989856 24.936946963891387 14.73780640773475 42.940222956240177 50.777161946520209 233.62516313511878 16.644207963719964 37.77070302516222 170.18957853410393 12.449746981263159 44.356612604111433 8.8682447876781207 99.072659552097321 3695.2080195099115 469.94204119965434
leaf_count=2620 148 90 257 308 1271 98 244 993 62 240 55 557 25756 2848
internal_value=-0.000142207 -0.00482056 -0.0105686 0.011441 0.00171468 0.00402541 -0.0155013 -0.0153562 -0.00828999 0.00788963 0.000618898 -0.0243223 0.00052364 0.00465009
internal_weight=5347.56 747.501 390.167 65.515 357.334 332.397 54.4149 324.652 182.639 277.982 4600.05 142.013 4591.19 895.978
internal_count=35547 4268 2267 398 2001 1853 342 1869 1055 1511 31279 814 31224 5468
cat_boundaries=0 2 4 5 6 7
cat_threshold=1096593484 45 4096 40 1105925 267698 615389018
is_linear=0
shrinkage=0.05


Tree=233
num_leaves=15
num_cat=1
split_feature=10 6 24 20 29 24 28 25 27 27 15 13 5 24
split_gain=6.93207 14.5537 10.0954 9.7206 14.1207 14.8874 21.1913 21.0414 19.1914 22.6782 13.2788 13.4004 11.8137 11.5696
threshold=1.0000000180025095e-35 37.500000000000007 0.36852839829864076 12.862500000000006 0 0.49826877660989621 0.49160640791445309 0.2735924186185088 0.61465095015068782 0.61600760760186857 11.746682828877512 12.752500000000001 0.3506421356421357 0.34315594875529931
decision_type=2 8 8 10 9 8 10 10 10 10 10 8 10 8
left_child=1 -1 -3 4 5 6 10 -8 -7 -10 -2 12 -12 -6
right_child=3 2 -4 -5 13 8 7 -9 9 -11 11 -13 -14 -15
leaf_value=-0.0013232957266374071 0.0055798862008447324 -0.0093147546280420088 -0.042935342478435043 -0.0084885060154436098 0.00085065791001031309 0.021763894180711913 0.016828457990973898 -0.027760645095245808 -0.058799671108131307 0.0074254187493622619 0.057899444424263369 -0.021281606096446401 -0.01176694864037797 -0.0096658726178736176
leaf_weight=1598.3635597084649 1568.6539716525003 65.67418230837211 33.449110109359026 232.56818551197648 952.44785740692168 232.36248538922518 35.106730684638023 99.851333872415125 15.743180148303507 55.978724712505937 10.414439290761949 86.819796091876924 12.443387188948689 359.44596219621599
leaf_count=9917 11111 682 287 1792 6036 1543 239 663 101 312 67 573 80 2224
internal_value=0.000157726 -0.00248254 -0.0209755 0.001382 0.00205368 0.00456576 0.00286623 -0.0161232 0.0148073 -0.00771986 0.0044019 -0.0123444 0.0210707 -0.00202055
internal_weight=5359.32 1697.49 99.1233 3661.84 3429.27 2117.37 1813.29 134.958 304.084 71.7219 1678.33 109.678 22.8578 1311.89
internal_count=35627 10886 969 24741 22949 14689 12733 902 1956 413 11831 720 147 8260
cat_boundaries=0 1
cat_threshold=300821
is_linear=0
shrinkage=0.05


Tree=234
num_leaves=15
num_cat=0
split_feature=25 5 7 4 23 14 10 56 1 8 24 25 28 7
split_gain=7.16184 16.3295 14.4701 9.76222 14.8508 14.0474 12.5983 14.1461 10.7434 8.94711 8.90365 9.34023 8.74148 10.536
threshold=0.50272655615572071 0.016622807017543862 30.500000000000004 -6.5798519704494556 -1.6174999999999997 3.8149999999999999 7.5000000000000009 6.5000000000000009 1.0238808098089536 65.500000000000014 0.44841638566501968 -0.17267731734021161 0.12870011953118718 -1.0000000180025095e-35
decision_type=8 8 2 8 10 10 2 2 10 10 10 10 8 2
left_child=1 9 3 4 5 6 7 10 -8 -1 11 -3 13 -2
right_child=12 2 -4 -5 -6 -7 8 -9 -10 -11 -12 -13 -14 -15
leaf_value=-0.028949897261610614 0.074283077392641894 0.027654653151314951 -0.021382347521639408 0.0071489614414714658 0.025080805509103472 0.014516186140404489 -0.0036748220109635147 -0.037674470412803036 -0.045440497847916275 0.029542043588720163 0.016502787204790367 -0.014217329055048557 -0.0013873369361215929 0.0098572247667501039
leaf_weight=54.389336751773953 6.3003756180405608 14.760379537940024 53.495930155739188 1123.3695536851883 42.523623427376151 64.923929119482636 24.596080455929041 26.705969396978617 41.030291508883238 6.5963237769901744 57.940410770475864 86.443511657416821 3691.835567058064 52.369153769686818
leaf_count=736 37 90 1021 7359 341 349 179 154 337 45 291 548 23560 539
internal_value=0.000113124 0.00291647 0.0039296 0.0048569 -0.00231676 -0.00606636 -0.0114166 -0.00470158 -0.0300773 -0.0222488 0.00103229 -0.00789956 -0.00108086 0.0179047
internal_weight=5347.28 1596.78 1535.79 1482.29 358.924 316.401 251.477 185.85 65.6264 60.9857 159.144 101.204 3750.51 58.6695
internal_count=35586 11450 10669 9648 2289 1948 1599 1083 516 781 929 638 24136 576
is_linear=0
shrinkage=0.05


Tree=235
num_leaves=15
num_cat=4
split_feature=7 3 11 30 30 24 25 1 8 30 6 15 25 30
split_gain=8.50022 13.3786 25.5067 26.1529 12.1901 13.5368 12.4403 13.665 11.0952 21.7107 13.7916 14.5713 14.2523 13.2133
threshold=8.5000000000000018 0.41983115409490246 6.3806730309295601 0 1 0.29231388218111026 3.1532591100027543 1.2010638297872342 19.500000000000004 2 17.500000000000004 1.8302048620349523 5.8076104565589981 3
decision_type=2 10 2 9 9 10 8 10 10 9 10 8 10 9
left_child=-1 8 4 -4 5 -3 -6 -8 10 -10 13 -12 -13 -2
right_child=1 2 3 -5 6 -7 7 -9 9 -11 11 12 -14 -15
leaf_value=0.0023170375086372648 0.014271884152974118 0.046899943731459864 -0.013641220777730424 0.0074967672670695415 -0.02501275650139357 -0.0096911419664392779 0.01469484472051805 -0.034079252884604942 0.015358030395829876 -0.013078449065730994 0.0095673857507839345 -0.010786349812559637 0.045474034238658 0.001104270765258798
leaf_weight=2711.1124159973115 361.24702947726473 14.81559998821467 215.89838880859315 401.09340522857383 262.40684796404094 31.078791651874781 44.952802022919059 19.888555847108364 78.501584261655807 275.88495159661397 153.76428831648082 332.38292695628479 10.677067857235668 408.1124279149808
leaf_count=14872 2678 115 1365 2256 1808 190 299 119 546 2056 1959 4541 105 2520
internal_value=0.000356531 -0.00167948 -0.00625552 -9.38955e-06 -0.0165559 0.00757317 -0.0195866 -0.000555837 0.00111851 -0.00668974 0.00330748 -0.00318243 -0.00890828 0.00749712
internal_weight=5321.82 2610.7 990.134 616.992 373.143 45.8944 327.248 64.8414 1620.57 354.387 1266.18 496.824 343.06 769.359
internal_count=35429 20557 6152 3621 2531 305 2226 418 14405 2602 11803 6605 4646 5198
cat_boundaries=0 2 3 5 7
cat_threshold=3792485696 4 2185497600 1242688 4 1135084634 47
is_linear=0
shrinkage=0.05


Tree=236
num_leaves=15
num_cat=3
split_feature=3 30 6 11 18 29 1 11 19 30 9 8 8 2
split_gain=5.88274 15.2893 10.9755 13.531 9.20699 9.25594 12.1261 10.289 8.42311 8.34836 12.0749 15.2482 12.3259 11.3455
threshold=0.89258701090513093 0 -66.499999999999986 6.5345733424992396 -0.95500000000000385 1 0.88944444444444459 6.5043330816994835 90.855000000000018 2 2.5000000000000004 50.500000000000007 48.500000000000007 60.185988705806501
decision_type=10 9 10 2 8 9 8 2 10 9 2 10 10 2
left_child=9 2 -2 -4 -3 6 7 -6 -5 13 11 12 -11 -1
right_child=1 4 3 8 5 -7 -8 -9 -10 10 -12 -13 -14 -15
leaf_value=-0.0014718656981434959 -0.016662007760117833 -0.030769618489035408 -0.0043971307121956262 0.011523280993319854 -0.056479941800647006 -0.022680868172141114 -0.00082442710678152099 0.01005465189479508 0.039891734124196512 0.00076167101964016287 0.0079413408181256469 -0.018225143466865944 0.062502504136916923 -0.016803790478734031
leaf_weight=1610.6251912452281 51.301171705126762 49.84661553427577 110.89197368081659 100.999944829382 17.656480424106125 74.832364819943905 287.54311363771558 8.0491045285016281 35.010717261582613 2115.7201752369292 621.25489103607833 107.42704347055405 7.1150059774518004 129.46074392832816
leaf_count=10999 275 299 620 546 110 408 1710 56 187 15286 3484 709 42 821
internal_value=-0.000552266 -0.00469854 0.00403765 0.00855134 -0.0104959 -0.00808923 -0.00370276 -0.0360498 0.0190635 0.000113348 0.00177637 6.4248e-05 0.000997936 -0.00260657
internal_weight=5327.73 736.131 298.204 246.903 437.928 388.081 313.249 25.7056 136.011 4591.6 2851.52 2230.26 2122.84 1740.09
internal_count=35552 4211 1628 1353 2583 2284 1876 166 733 31341 19521 16037 15328 11820
cat_boundaries=0 2 3 5
cat_threshold=3239851524 45 2211846 1762049105 43
is_linear=0
shrinkage=0.05


Tree=237
num_leaves=15
num_cat=4
split_feature=7 15 30 54 28 30 30 1 27 30 3 3 11 56
split_gain=6.86316 11.8822 16.368 12.398 15.6295 14.1623 14.0862 12.6306 12.364 12.3375 11.9152 11.7216 10.79 10.6871
threshold=15.500000000000002 4.1213292090160616 0 82.500000000000014 0.22158525870938275 1 2 0.49038105808361082 0.5297644932071558 3 0.025018362277011364 0.027573869254034381 7.8692449719975075 2.5000000000000004
decision_type=2 10 9 8 8 9 9 10 10 9 10 8 2 2
left_child=-1 3 -3 5 7 11 12 9 -8 -5 -9 -2 -6 -13
right_child=1 2 -4 4 6 -7 8 10 -10 -11 -12 13 -14 -15
leaf_value=0.0010352854292854648 0.059199852053943319 0.010006664613098779 -0.018426726271845734 0.03698187218519413 -0.022484463432398974 -0.028058759052830302 -0.00029694031606640535 0.067070151666557554 0.021720110427973071 -0.011778118117489128 0.019243273854186543 0.052793620402267399 0.004033074707921613 -0.014162443887591251
leaf_weight=3950.1822207905352 7.8118897397071114 60.800696522928774 212.03146534599364 5.634167387150228 121.80207124352455 70.186821651179343 610.13269542343915 16.087570076342672 70.203080298379064 48.241839027963579 61.285488924942911 6.0488118631765238 55.395806835964322 37.711142400279641
leaf_count=21772 104 533 1846 82 1586 932 5633 162 612 901 534 45 437 349
internal_value=-2.61835e-05 -0.00305573 -0.0123844 -0.00075483 0.00110471 -0.0157419 -0.00136118 0.0171045 0.00197454 -0.00150512 0.0299164 0.00552246 -0.0134629 -0.00393459
internal_weight=5333.56 1383.37 272.832 1110.54 988.783 121.759 857.534 131.249 680.336 53.876 77.3731 51.5718 177.198 43.76
internal_count=35528 13756 2379 11377 9947 1430 8268 1679 6245 983 696 498 2023 394
cat_boundaries=0 2 4 6 8
cat_threshold=2148647948 38 30708752 22 2171084099 14 2129984 3
is_linear=0
shrinkage=0.05


Tree=238
num_leaves=15
num_cat=4
split_feature=11 20 2 30 28 1 8 30 24 29 1 8 11 30
split_gain=5.46265 16.042 11.6318 14.2129 13.3464 10.5327 13.1998 13.2713 12.1837 10.5157 10.0602 9.63029 17.1439 8.66337
threshold=7.5115547185637244 -74.899999999999991 1.0636244255478158 0 0.28336095696742447 0.25089928057553962 8.5000000000000018 1 0.21419898495884501 2 2.0504237288135596 13.500000000000002 7.6726834403659607 3
decision_type=2 8 2 9 8 8 10 9 10 9 8 10 2 9
left_child=-1 -2 5 4 -4 -3 8 -8 -7 -6 -9 12 -5 -10
right_child=1 2 3 11 9 6 7 10 13 -11 -12 -13 -14 -15
leaf_value=-0.00098985504280124344 -0.033746294271342535 -0.017131779419319992 0.025838766971169738 0.03010139643431638 0.012934650583110056 -0.00088267325604029817 -0.011574694555539868 0.015462226927173285 -0.0098134385206116639 -0.011998652284831476 -0.032784601572152565 -0.0035268495307088296 -0.035709977325528997 0.028537072972557333
leaf_weight=4303.5117672677152 27.66092586144805 34.267127556726336 68.072528269141912 10.965523798018692 66.571619674563408 54.621310838498175 88.817349907010794 151.21063699573278 16.087900131940842 82.054128101095557 10.702541485428808 157.16312872990966 61.530430589802563 161.84711041674018
leaf_count=29001 196 530 432 66 346 480 504 840 109 479 66 829 356 1129
internal_value=-0.000218863 0.00312494 0.00421689 -0.00169666 0.00734124 0.00931039 0.0112168 0.00323559 0.0197709 -0.000756303 0.0113921 -0.0100998 -0.0254814 0.0260806
internal_weight=5295.08 991.572 963.911 446.357 216.698 517.554 483.287 250.731 232.556 148.626 161.913 229.659 72.496 177.935
internal_count=35363 6362 6166 2508 1257 3658 3128 1410 1718 825 906 1251 422 1238
cat_boundaries=0 2 4 5 6
cat_threshold=2178484556 1 1107407170 48 303104 1074053120
is_linear=0
shrinkage=0.05


Tree=239
num_leaves=15
num_cat=5
split_feature=32 30 7 3 29 30 30 25 7 3 18 30 23 48
split_gain=5.69415 6.90491 5.20942 15.493 18.4735 23.1663 16.9788 16.9389 17.1369 18.8449 17.793 16.9289 16.7924 16.4868
threshold=22.500000000000004 0 8.5000000000000018 0.17357269830794561 1 2 3 1.2476758521026643 19.500000000000004 0.41983115409490246 5.5000000000000027 4 3.4700000000000002 1.0000000180025095e-35
decision_type=10 9 2 10 9 9 9 10 2 10 8 9 10 2
left_child=2 -2 -1 11 5 -5 -6 8 9 -8 -11 -4 -13 -10
right_child=1 -3 3 4 6 -7 7 -9 13 10 -12 12 -14 -15
leaf_value=0.0015542931586980469 0.010068219466851755 -0.024354534828821443 0.018363794040655079 0.014854212589199726 -0.018927286768856369 -0.004385169499018877 0.015472114897599754 -0.019409946670398998 -0.024062747011159274 0.017573405494908222 -0.013019489226035234 0.0022516943009687827 -0.030315266517868113 0.070458359152405101
leaf_weight=2696.6355395186692 17.335412623360753 37.467834291048348 149.60978327179328 218.87320577539504 287.46309384936467 480.69436614681035 193.60615237150341 147.53817100450397 91.115528126712888 62.727897815406322 186.42376989778131 736.01793609559536 40.828675742726773 3.9032421559095374
leaf_count=14855 122 216 1535 1268 2216 2892 1177 979 1211 346 1063 6878 859 32
internal_value=-0.000152387 -0.0160407 1.50414e-05 -0.00158214 -0.00445464 0.00177101 -0.00885624 -0.00439955 -0.000334749 0.00381001 -0.00527778 0.00360221 0.000496914 -0.0194866
internal_weight=5350.24 54.8032 5295.44 2598.8 1672.35 699.568 972.778 685.315 537.777 442.758 249.152 926.456 776.847 95.0188
internal_count=35649 338 35311 20456 11184 4160 7024 4808 3829 2586 1409 9272 7737 1243
cat_boundaries=0 2 3 5 7 9
cat_threshold=42205184 32 1073922 2149471244 33 1636610312 6 587767808 2
is_linear=0
shrinkage=0.05


Tree=240
num_leaves=15
num_cat=2
split_feature=3 30 21 19 7 7 28 8 2 5 3 3 30 7
split_gain=9.06543 17.8904 10.5143 7.34705 6.50111 8.33621 8.68083 6.43878 9.45718 8.21927 8.2118 6.63389 13.1058 8.16251
threshold=1.0000000180025095e-35 0 0.99578700303606482 86.492500000000021 77.500000000000014 68.500000000000014 0.29406282555911661 -10.499999999999998 20.280902047856191 1.080127364864865 0.071037210434148526 0.0056986671875850379 1 20.500000000000004
decision_type=8 9 8 10 2 2 10 8 2 10 8 8 9 2
left_child=1 3 -3 -1 5 7 -7 8 10 11 -2 12 -9 -13
right_child=4 2 -4 -5 -6 6 -8 9 -10 -11 -12 13 -14 -15
leaf_value=0.018398583871024977 -0.0073387595264864649 0.0052586378522250041 -0.034948791516824243 -0.036436700412820655 -0.031134030201860771 -0.013153418723739744 0.064899206125540385 -0.017891605212128806 -0.017326128081793287 -0.02641917959725584 0.042963714113918715 0.00035426115256990531 0.02100723835048357 -0.0055494496160389817
leaf_weight=49.154297261498868 10.818095043301581 20.310081056319177 75.973178989253938 6.0154526494443408 15.889036695007233 5.1342517328448585 8.8178799264132959 21.244917466305196 14.11221009492874 29.064712514635175 28.584833100438118 4283.7491737981327 75.584564600139856 677.15398401767015
leaf_count=541 50 397 747 47 360 145 85 227 69 472 138 24376 703 7159
internal_value=-0.000517697 -0.0125344 -0.0240304 0.0100824 -0.000163327 -6.18325e-05 0.0372179 -0.000170238 0.0169221 -0.000353347 0.0293133 -0.000198364 0.0126954 -0.00045254
internal_weight=5321.61 151.453 96.2833 55.1697 5170.15 5154.26 13.9521 5140.31 53.5151 5086.8 39.4029 5057.73 96.8295 4960.9
internal_count=35516 1732 1144 588 33784 33424 230 33194 257 32937 188 32465 930 31535
cat_boundaries=0 2 4
cat_threshold=2694842641 40 1073824856 8
is_linear=0
shrinkage=0.05


Tree=241
num_leaves=15
num_cat=3
split_feature=16 7 33 5 30 20 27 30 19 23 30 0 26 25
split_gain=5.90512 5.49272 14.4704 12.1121 15.5892 19.1891 10.8311 17.337 15.6787 14.9139 15.0734 19.3433 12.8331 18.178
threshold=51.666666666666671 5.5000000000000009 0.70000000000000007 0.71900279279279289 0 -0.99749999999999506 0.48023363635565958 1 90.120000000000019 4.767500000000001 2 59.805000000000007 1081.5000000000002 0.48094270177579751
decision_type=10 2 2 10 9 8 10 9 10 10 9 8 2 10
left_child=1 2 -1 -3 -5 -6 7 -4 -9 10 -8 -12 13 -13
right_child=-2 3 6 4 5 -7 9 8 -10 -11 11 12 -14 -15
leaf_value=0.040695498980142998 0.037273092688467686 -0.00046554347688571978 -0.0034018727569766782 -0.022733393570268431 -0.041293537169901418 0.01583718537692019 -0.012351460403521423 0.014038237462763933 -0.0017949626814083794 0.03137446264200465 -0.043326763248700918 0.017926788511161567 0.020085527292710438 -0.017505356014507464
leaf_weight=23.035929627716541 9.6094281449913961 3280.2629347993061 438.23592137824744 128.63115411670879 17.371165016666055 72.662007256411016 326.86682634986937 511.49597950046882 224.6997979581356 28.02443765848875 19.451954513788223 61.880581069737673 109.28578275442123 84.335051454603672
leaf_count=154 55 22787 2657 1173 104 698 1696 3102 1333 193 111 445 584 475
internal_value=7.65196e-06 -6.65652e-05 0.00215459 -0.00122685 -0.0125933 0.00403816 0.00164025 0.00447595 0.00908653 -0.00364601 -0.00532612 0.00336578 0.00720688 -0.00249005
internal_weight=5335.85 5326.24 1827.31 3498.93 218.664 90.0332 1804.28 1174.43 736.196 629.845 601.82 274.953 255.501 146.216
internal_count=35567 35512 10750 24762 1975 802 10596 7092 4435 3504 3311 1615 1504 920
cat_boundaries=0 2 4 6
cat_threshold=1084072026 10 2207640576 48 1623807518 36
is_linear=0
shrinkage=0.05


Tree=242
num_leaves=15
num_cat=0
split_feature=16 25 25 28 2 2 25 2 5 11 2 1 13 23
split_gain=7.89565 10.6999 8.94362 5.75941 5.16352 13.6449 10.7946 12.0375 17.2053 12.3562 9.18379 12.7716 12.7567 17.2013
threshold=9.5050000000000026 3.455615428141217 0.93862058171485196 0.059856735518329131 85.889563623679535 141.50729178443098 12.164538159722241 306.01874524667534 0.91278063186813208 5.8030997639200441 31.071661389458011 1.5560796645702308 0.17500000000000251 3.4700000000000002
decision_type=10 10 10 8 2 2 8 2 8 2 2 10 8 8
left_child=3 2 -2 -1 10 -6 7 8 -7 -10 -5 -12 -13 -14
right_child=1 -3 -4 4 5 6 -8 -9 9 -11 11 12 13 -15
leaf_value=0.033660626061399843 -0.0059413014474112543 0.027563542711452976 -0.038610407522024853 -6.1480259944764472e-05 -0.016928988289245456 -0.012130260858493678 -0.038321005663051175 -0.01086067168887174 -0.024442337863440508 0.035841043932723284 0.00064216559863986868 0.04978908238093141 -0.040182335122260833 0.017453113753195023
leaf_weight=11.900490025058387 47.957769156433642 12.555487204343079 36.815714303404093 4447.0977113773115 150.74717172048986 36.82048611715436 13.603952620178459 64.47416533716023 8.9352580867707712 70.73292487859726 273.53337031602859 25.706548551097512 13.332107182592152 137.67232084646821
leaf_count=100 301 87 230 30330 912 214 107 404 49 414 1608 138 78 718
internal_value=3.05482e-05 -0.0140072 -0.0204137 0.000293182 0.000211036 -0.00568931 0.00306104 0.00636545 0.0159111 0.0288607 0.000628149 0.00742471 0.0178608 0.0121336
internal_weight=5351.89 97.329 84.7735 5254.56 5242.66 345.314 194.567 180.963 116.489 79.6682 4897.34 450.244 176.711 151.004
internal_count=35690 618 531 35072 34972 2100 1188 1081 677 463 32872 2542 934 796
is_linear=0
shrinkage=0.05


Tree=243
num_leaves=15
num_cat=0
split_feature=24 25 4 22 0 27 28 5 2 5 6 21 24 4
split_gain=5.95065 10.3167 5.74899 6.82077 7.45967 10.4069 7.66555 8.45377 7.20807 6.83026 8.06625 6.30217 18.2939 13.3165
threshold=0.84967052394728393 -0.73443580643120188 -92.90901485044968 -2.878333333333333 77.970000000000013 0.36461706952221179 0.34067751047820211 0.43719916387959873 -24.649663909897964 0.77488101023017919 1.5000000000000002 0.98929407201245356 0.4888976020403169 3.2171946737589932
decision_type=10 10 8 8 8 10 10 8 2 8 8 8 10 8
left_child=2 -2 -1 4 5 -4 -6 -8 -7 -9 -11 12 13 -5
right_child=1 -3 3 11 6 8 7 9 -10 10 -12 -13 -14 -15
leaf_value=-0.031278094269857545 0.0059733712300277658 -0.048065060604514584 0.0043934964599074726 -0.0019864197211078454 0.021456939329501965 -0.0072938673389035735 -0.041907275941781862 0.013282859718037091 0.043316959057150856 -0.051202314988992984 0.00988391280542621 0.00056125603905028373 0.011610985189282785 -0.027509616897643037
leaf_weight=13.283406194299459 17.856391862034798 16.106722008436918 62.867807442322373 98.597994992975146 26.433245156891644 8.1286450326442701 14.800369434058664 33.870785810053349 41.157708803191781 10.461541708558796 9.7089021019637602 4746.1990190371871 90.910260716453195 105.47070611640811
leaf_count=72 146 82 462 1061 219 62 80 232 282 66 55 30625 762 1168
internal_value=0.000263782 -0.0202957 0.000400315 0.000486431 0.00935004 0.0180299 -0.000948792 -0.00973601 0.0349908 -0.0003239 -0.0227209 0.000119938 -0.00695875 -0.0152476
internal_weight=5295.85 33.9631 5261.89 5248.61 207.429 112.154 95.2748 68.8416 49.2864 54.0412 20.1704 5041.18 294.979 204.069
internal_count=35374 228 35146 35074 1458 806 652 433 344 353 121 33616 2991 2229
is_linear=0
shrinkage=0.05


Tree=244
num_leaves=15
num_cat=0
split_feature=11 10 6 28 26 20 19 20 0 2 26 6 24 27
split_gain=8.76982 7.8755 10.4355 9.55553 12.8698 8.89005 8.88468 10.5344 11.5086 10.0986 9.07424 13.3441 13.9333 10.8712
threshold=10.499309698568512 1.0000000180025095e-35 31.500000000000004 0.30088777825462193 119.50000000000001 -90.219999999999985 75.730000000000018 -9.5399999999999974 95.00500000000001 18.220353161464889 160.50000000000003 20.500000000000004 0.38271790448098991 0.34330537406528172
decision_type=2 2 8 8 2 8 8 8 8 2 2 10 8 8
left_child=1 2 3 4 -1 -3 -5 9 -9 -8 11 13 -13 -10
right_child=-2 5 -4 6 -6 -7 7 8 10 -11 -12 12 -14 -15
leaf_value=0.013072988037666631 -0.036123833734538521 -0.022155020083779835 -0.017037250658786151 0.0034402031361721857 -0.012656200369781156 0.0018097058949676328 -0.0019558125982898282 -0.019035898110329408 -0.034502150605916951 0.024007212504436621 0.0030635517124454367 0.074755942322290575 -0.012832721216076124 -0.0084528392059658557
leaf_weight=206.25526246614754 15.638718657195566 38.126255028881133 115.24922877689824 357.46558603644371 62.620015536434948 3577.9729374875315 156.62673247978091 192.8378563541919 46.168514341115952 48.171821413561702 218.30354369990528 8.2737663593143242 8.4065198414027673 274.54766007326543
leaf_count=1248 112 290 1199 2478 399 24352 875 1077 262 261 1269 93 137 1570
internal_value=0.00011938 0.000232882 -0.00257852 -0.00151353 0.00705607 0.00155098 -0.00327539 -0.00579445 -0.00854133 0.00423808 -0.00487187 -0.0100002 0.032384 -0.0122983
internal_weight=5326.66 5311.03 1694.93 1579.68 268.875 3616.1 1310.8 953.336 748.538 204.799 555.7 337.396 16.6803 320.716
internal_count=35622 35510 10868 9669 1647 24642 8022 5544 4408 1136 3331 2062 230 1832
is_linear=0
shrinkage=0.05


Tree=245
num_leaves=15
num_cat=5
split_feature=2 8 28 30 28 56 30 19 30 5 29 24 24 30
split_gain=5.03585 5.17411 4.89025 16.6084 20.8259 25.4039 21.5536 33.1061 14.1883 13.4 11.3046 17.2423 16.3353 17.8866
threshold=601.52256046438868 178.50000000000003 0.39484035224186947 0 0.4219370875079384 1.0000000180025095e-35 1 70.477500000000006 2 0.51359659090909104 3 0.44565863267431644 0.19794645926355225 4
decision_type=2 10 10 9 10 2 9 8 9 8 9 8 8 9
left_child=1 2 10 -4 5 8 7 -7 -5 -10 12 -12 13 -1
right_child=-2 -3 3 4 -6 6 -8 -9 9 -11 11 -13 -14 -15
leaf_value=0.012446109607793842 -0.029899838758934878 -0.032319601643602952 0.0038181400702671352 0.013207529892693113 -0.00074327754563937383 0.06818807845137502 -0.016180540903352442 0.00022713856797674202 -0.044779411572206308 -0.019508579596501693 -0.00037242249899059241 -0.02234667095201523 0.0057083341073467624 -0.027709779104046834
leaf_weight=37.942069238517433 13.171708691865204 11.396967768669127 778.30533938715234 21.511207441799343 819.44295007642359 23.158837370574474 92.786747435107827 69.412564808502793 81.271751863881946 153.75229746568948 1654.42450797325 93.364235133863986 1447.3419603547081 66.923131232149899
leaf_count=247 93 70 4808 135 5148 153 544 399 628 994 11822 601 9471 688
internal_value=-0.000133812 -5.49688e-05 1.99358e-05 -0.00190421 -0.00542269 -0.0142013 -8.57897e-05 0.0160598 -0.0243605 -0.0272456 0.00120942 -0.0015495 0.00429727 -0.0146422
internal_weight=5364.21 5351.03 5339.64 2039.64 1261.34 441.893 185.358 92.5714 256.535 235.024 3300 1747.79 1552.21 104.865
internal_count=35801 35708 35638 12809 8001 2853 1096 552 1757 1622 22829 12423 10406 935
cat_boundaries=0 2 4 6 7 9
cat_threshold=1127427162 32 2148319232 21 541065472 4 827906 2164260868 20
is_linear=0
shrinkage=0.05


Tree=246
num_leaves=15
num_cat=6
split_feature=4 15 6 30 1 12 30 29 4 16 30 29 56 30
split_gain=8.101 17.8545 10.0093 9.88502 8.02429 7.42022 11.2107 14.1209 13.1197 11.0584 10.5752 13.3934 11.0681 16.1929
threshold=52.553255178693377 3.3717670878267127 -10.499999999999998 0 1.2197560975609758 1.5000000000000002 1 2 -46.116243948040825 -8.3599999999999941 3 4 12.500000000000002 5
decision_type=10 8 8 9 8 2 9 9 8 8 9 9 2 9
left_child=5 2 -2 4 -3 10 7 -7 -9 -10 11 -1 -12 -14
right_child=1 3 -4 -5 -6 6 -8 8 9 -11 12 -13 13 -15
leaf_value=0.0095080444078435456 -0.02018943835843745 -0.015073121387393111 -0.068995977162835745 -0.014067218169995718 0.037688321187990738 -0.016178518514731486 -0.00074837267953751846 0.046644195560910255 0.039702529598634462 0.0068603086380361229 -0.0029057481726719168 -0.0057249152039171303 0.034111272023089736 -0.002443343780679382
leaf_weight=450.75782606564462 50.444243170320988 8.9265691973268968 12.834027756005524 29.162035720422864 28.474046278744936 50.507609305903316 908.58045832673088 21.779812389984727 25.659431174397469 706.46575429849327 2726.1367221944965 203.24455735739321 39.741784821264446 78.863822139799595
leaf_count=3047 284 57 75 172 160 308 6153 144 144 4314 18523 1510 227 519
internal_value=8.33035e-05 -0.0122048 -0.0310077 0.0058647 0.0198593 0.000391722 0.00308702 0.00733288 0.00911803 0.00806394 -0.000928408 0.0047577 -0.00224568 0.0126357
internal_weight=5341.58 129.841 63.2783 66.5627 37.4006 5211.74 1712.99 804.413 753.905 732.125 3498.74 654.002 2844.74 118.606
internal_count=35637 748 359 389 217 34889 11063 4910 4602 4458 23826 4557 19269 746
cat_boundaries=0 2 4 5 7 8 10
cat_threshold=8913946 33 1083760668 7 3211297 572856835 32 3196304 17335304 8
is_linear=0
shrinkage=0.05


Tree=247
num_leaves=15
num_cat=2
split_feature=25 25 28 5 22 0 23 30 7 25 7 0 28 30
split_gain=7.59317 10.7015 7.17558 6.93662 6.36507 16.4375 15.173 11.2771 9.93384 19.4174 10.407 7.92548 7.44575 15.2308
threshold=-1.4658583636582896 -0.17267731734021161 0.80135615834219531 0.26183501683501692 -2.878333333333333 81.010000000000005 1.1027777777777781 0 4.5000000000000009 1.0930348106329257 2.5000000000000004 90.235000000000014 0.2893774037423319 1
decision_type=8 8 8 10 8 8 10 9 2 10 2 10 10 9
left_child=3 2 -2 -1 5 7 8 -3 10 11 -7 -10 13 -6
right_child=1 4 -4 -5 12 6 -8 -9 9 -11 -12 -13 -14 -15
leaf_value=0.0068141362863481979 -0.017899121725166455 -0.0058667646002488957 0.024156457263788865 0.049348652265618603 -0.0072948637999827454 -0.029962583152914297 0.035489942124610215 0.028220039794284675 -0.027302500191024842 0.018222201509974962 0.024210418438285496 -0.077342020492857169 -0.0017816547937532124 0.0049471797364721952
leaf_weight=31.664299303665757 121.55086116679013 33.846277219243348 10.197896651923655 13.004057081416247 311.12426528241485 12.9863283932209 16.788003947585821 87.002777858637273 20.077440111897886 14.333524938672779 23.264201588928699 14.326079450547693 3405.1912719011307 1210.050211716909
leaf_count=229 1118 258 61 82 2340 60 142 604 137 85 174 85 21579 8652
internal_value=-0.00029407 -0.000469542 -0.0144864 0.0200064 -0.000108145 0.00814225 -0.0066332 0.020538 -0.01527 -0.0297848 0.0045202 -0.0497356 -0.000482561 0.00242476
internal_weight=5325.41 5280.74 131.749 44.6684 5148.99 222.625 101.776 120.849 84.9876 48.737 36.2505 34.4035 4926.37 1521.17
internal_count=35606 35295 1179 311 34116 1545 683 862 541 307 234 222 32571 10992
cat_boundaries=0 2 4
cat_threshold=1633764416 28 3774878800 32
is_linear=0
shrinkage=0.05


Tree=248
num_leaves=15
num_cat=3
split_feature=19 56 1 11 30 29 8 27 15 7 56 26 29 24
split_gain=8.2165 9.99444 14.2608 7.67917 11.4654 14.8772 16.2771 17.6928 13.8531 10.8916 13.663 13.554 11.6006 15.9861
threshold=3.0000000000000004 1.0000000180025095e-35 0.19725028058361394 7.5115547185637244 0 1 1.0000000180025095e-35 0.5297644932071558 -3.9893484369883669 5.5000000000000009 16.500000000000004 375.50000000000006 2 0.58218209326987924
decision_type=8 2 10 2 9 9 8 8 10 2 2 2 9 8
left_child=1 -1 -3 9 8 -6 7 -7 -5 12 -11 -12 -2 -14
right_child=3 2 -4 4 5 6 -8 -9 -10 10 11 -13 13 -15
leaf_value=-0.029735086475934831 0.0051032452909646753 -0.01539871281162601 0.085089354622528715 -0.010698696550809598 -0.019090419937567146 0.022425505665807088 -0.0013832143526633081 -0.025879977721608244 0.018650357340271647 -0.0033634685967629829 0.024153410843156892 -0.026801285629345608 -0.0024656709688896752 -0.050685995448264458
leaf_weight=45.233437851537019 1172.7854712442495 10.446337540633975 4.1608403967693439 48.568437404930592 72.64042606158182 151.51574971526861 482.28420370072126 20.797297224402428 217.73251479119062 2571.8562083831057 79.140354523435235 14.72839152254164 425.86098167672753 16.91806361079216
leaf_count=701 7171 257 45 318 588 1173 2781 141 1242 18188 483 122 2331 86
internal_value=-5.80849e-06 -0.0182753 0.0168431 0.000204876 0.00416277 0.000800437 0.00328674 0.0164796 0.0127988 -0.000714371 -0.00267729 0.0159602 0.00252415 -0.00432081
internal_weight=5334.67 59.8406 14.6072 5274.83 993.539 727.238 654.597 172.313 266.301 4281.29 2665.72 93.8687 1615.56 442.779
internal_count=35627 1003 302 34624 6243 4683 4095 1314 1560 28381 18793 605 9588 2417
cat_boundaries=0 2 3 4
cat_threshold=605297932 9 3212292 2654374
is_linear=0
shrinkage=0.05


Tree=249
num_leaves=15
num_cat=1
split_feature=24 25 7 7 52 19 28 55 28 10 9 7 3 30
split_gain=8.04025 11.9894 13.8054 6.09967 5.84448 7.77581 5.97784 7.18595 8.02176 8.54681 5.96312 5.8213 18.7139 16.6929
threshold=0.84967052394728393 -0.73443580643120188 5.5000000000000009 -70.499999999999986 1.0000000180025095e-35 84.725000000000009 0.43730694191330494 31.500000000000004 0.28894565673636202 10.500000000000002 7.5000000000000009 8.5000000000000018 0.20587900470415701 0
decision_type=10 10 2 2 2 8 10 10 8 2 2 2 10 9
left_child=3 2 -2 -1 11 -6 7 8 9 -7 -10 -5 -13 -14
right_child=1 -3 -4 4 5 6 -8 -9 10 -11 -12 12 13 -15
leaf_value=-0.03138914176485208 0.039020619458718014 -0.053357955292585413 -0.047016160214837295 0.0015866287778585194 0.04262331523721731 0.061009335409210323 0.034053463149231314 -0.029419958501443161 -0.01490095854817953 7.6165999544413403e-06 0.021963919928934462 0.0034664970265019033 -0.022115595711302873 -0.0035810282315305664
leaf_weight=14.344946726225315 10.712469480931761 16.419265568256378 6.7549328431487075 2617.1991327162832 15.861555036157368 11.007347123697402 14.920471932739018 15.188465448096393 35.161840138956904 11.004683986306189 14.767261371016501 1024.2645839517936 123.81343285553157 1411.9933372861706
leaf_count=110 109 85 32 14387 90 78 82 103 190 74 69 10122 822 9360
internal_value=-6.79359e-05 -0.023993 0.00500453 8.92488e-05 0.000180436 0.0111402 0.00588063 0.00072453 0.00740483 0.0318378 -0.00378046 -7.12732e-05 -0.00176613 -0.00525587
internal_weight=5343.41 33.8867 17.4674 5309.53 5295.18 117.912 102.05 87.1296 71.9411 22.012 49.9291 5177.27 2560.07 1535.81
internal_count=35713 226 141 35487 35377 686 596 514 411 152 259 34691 20304 10182
cat_boundaries=0 2
cat_threshold=555786496 2
is_linear=0
shrinkage=0.05


Tree=250
num_leaves=15
num_cat=1
split_feature=55 28 54 24 16 7 44 16 16 30 4 7 56 11
split_gain=6.57395 12.3653 12.138 10.3815 8.59281 7.6061 6.60829 6.21721 6.99522 10.1472 7.02309 6.26093 6.05012 6.03811
threshold=31.500000000000004 0.43253636998241601 130.50000000000003 0.12524506266387628 -30.319999999999997 10.500000000000002 1.0000000180025095e-35 51.666666666666671 9.5050000000000026 0 -6.3909025305292326 5.5000000000000009 24.500000000000004 10.499309698568512
decision_type=10 8 8 10 10 2 2 10 10 9 10 2 2 2
left_child=7 3 -3 5 6 -2 -5 8 13 -10 11 -11 -6 -1
right_child=1 2 -4 4 12 -7 -8 -9 9 10 -12 -13 -14 -15
leaf_value=0.00026393187938225193 0.046615640661620106 -0.011914764018078349 0.051009829102834914 0.010432440463998346 -0.053447749996641807 -0.014509332868659073 -0.035004739916456161 0.037982017019255659 -0.03003957505963032 0.011413476663814833 0.026859744967687421 -0.036663054952142761 -0.011298709956375223 -0.031140185158536199
leaf_weight=5080.699352262076 7.988916918635371 16.500613132491708 12.844219069927933 18.997076317667965 32.347123160026968 10.93968630954623 12.425654331222175 9.7611970975995046 35.464133318513632 13.052721939980986 19.047595181502402 12.312598884105681 12.287730153650044 14.352477267384527
leaf_count=34051 40 102 65 107 198 119 97 52 234 70 125 98 81 104
internal_value=-0.000256769 -0.0115721 0.0164007 -0.0202948 -0.0284697 0.0123334 -0.00806049 1.67568e-05 -6.21794e-05 -0.0146516 0.00380386 -0.0124288 -0.0423462 0.000169375
internal_weight=5309.02 124.331 29.3448 94.9862 76.0576 18.9286 31.4227 5184.69 5174.93 79.877 44.4129 25.3653 44.6349 5095.05
internal_count=35543 809 167 642 483 159 204 34734 34682 527 293 168 279 34155
cat_boundaries=0 1
cat_threshold=25455704
is_linear=0
shrinkage=0.05


Tree=251
num_leaves=15
num_cat=0
split_feature=7 26 26 6 7 21 25 25 48 4 26 6 19 2
split_gain=7.77627 6.92392 15.4234 13.3382 16.653 15.4904 16.4258 13.7896 13.5382 14.4998 13.1854 11.1636 17.426 15.3761
threshold=77.500000000000014 359.00000000000006 312.50000000000006 34.500000000000007 11.500000000000002 0.96900087096965193 0.55477004974256772 0.50272655615572071 1.0000000180025095e-35 -6.3909025305292326 3085.5000000000005 -22.499999999999996 94.330000000000013 0.0035332151058553589
decision_type=2 2 2 10 2 8 10 10 2 8 2 10 10 2
left_child=1 2 -1 4 5 -3 7 10 11 -10 -7 12 13 -8
right_child=-2 3 -4 -5 -6 6 8 -9 9 -11 -12 -13 -14 -15
leaf_value=0.00072376194347039346 -0.033804664418975693 0.017260338284308483 0.018893677845296962 0.057573539263276609 -0.013053522620749644 -0.0082225027426704456 0.022981875792982338 -0.034448653247643381 -0.072976899160876352 0.0017049634059883472 0.047489871282452328 -0.0014728622191671739 -0.022420088427487973 -0.0023250270160745635
leaf_weight=3451.9282888951711 15.975410987623034 112.30269889440387 119.88685126462951 8.1785736740566772 323.17948851548135 372.18030108511448 186.78349992632866 49.662377312779427 11.237293757498263 13.766337916254999 9.9463107585906965 481.05545329302549 34.384436741471291 87.967556275427341
leaf_count=23118 396 762 800 209 3264 2158 1024 244 57 66 51 2551 190 462
internal_value=-1.79301e-05 9.10403e-05 0.00133875 -0.00254422 -0.00287048 -0.000441574 -0.00204835 -0.00992144 0.00212888 -0.0333747 -0.00665221 0.00329306 0.0106903 0.0149003
internal_weight=5278.43 5262.46 3571.82 1690.64 1682.47 1359.29 1246.98 431.789 815.195 25.0036 382.127 790.191 309.135 274.751
internal_count=35352 34956 23918 11038 10829 7565 6803 2453 4350 123 2209 4227 1676 1486
is_linear=0
shrinkage=0.05


Tree=252
num_leaves=15
num_cat=0
split_feature=13 1 7 1 25 4 0 15 4 22 31 4 21 21
split_gain=7.82149 7.31136 7.57442 7.68762 7.54056 6.76726 7.14103 6.40375 8.38856 6.23605 10.1129 9.25348 7.78901 12.1386
threshold=9.2737500000000015 0.75114678899082576 8.5000000000000018 0.82875939849624081 3.3570044043687259 -24.91553540888378 87.995000000000019 16.877545452992141 0.10260456791424431 -1.0000000180025095e-35 3.5000000000000004 -16.142930109942171 0.98929407201245356 0.94306139934805888
decision_type=10 10 2 10 10 10 10 10 8 8 2 10 8 10
left_child=9 5 3 -3 -4 -2 -7 -5 -9 10 -1 -12 13 -11
right_child=1 2 4 7 -6 6 -8 8 -10 12 11 -13 -14 -15
leaf_value=0.0040320195845653167 -0.050255824910593917 0.040976885454418563 -0.025597704453031292 0.0026434499902224357 0.017687940952835945 -0.0031906386348683939 -0.057231543732311853 -0.053606427248838198 0.0089032045604898954 -0.00034430428356518362 0.010247421406081571 0.069870558760629198 -7.85681759296985e-05 -0.024350136110588338
leaf_weight=230.59692408144474 16.7419045669958 10.43874606117606 57.388554929755628 128.80399076640606 11.413259398192166 34.711549900006503 6.4557399358600369 11.401934582740067 9.0240923166275042 135.47423195466399 15.553525615483524 10.726857233792542 4513.1003387775272 85.173815687187016
leaf_count=1713 157 54 359 661 80 340 42 57 49 1546 88 69 29346 819
internal_value=-0.000577539 -0.00859855 -0.00452681 0.00147059 -0.0182667 -0.0243134 -0.0128215 -0.00154727 -0.0268634 -0.000115634 0.00745624 0.0362529 -0.000528011 -0.00967901
internal_weight=5277.01 286.38 228.471 159.669 68.8018 57.9092 41.1673 149.23 20.426 4990.63 256.877 26.2804 4733.75 220.648
internal_count=35380 1799 1260 821 439 539 382 767 106 33581 1870 157 31711 2365
is_linear=0
shrinkage=0.05


Tree=253
num_leaves=15
num_cat=3
split_feature=7 7 28 16 30 5 7 26 0 30 34 14 5 0
split_gain=7.47986 6.59786 11.4725 6.67588 17.912 12.0031 11.6344 13.3885 18.2514 20.879 9.98333 9.46912 9.36728 9.1776
threshold=77.500000000000014 69.500000000000014 0.29406282555911661 -1.0000000180025095e-35 0 0.30334035087719308 32.500000000000007 1452.0000000000002 77.00500000000001 1 2 3.5008333333333339 0.64725549450549458 99.995000000000019
decision_type=2 2 10 8 9 8 2 2 10 9 1 10 10 10
left_child=1 3 -3 4 5 11 7 8 10 -10 -6 -1 -9 -11
right_child=-2 2 -4 -5 6 -7 -8 12 9 13 -12 -13 -14 -15
leaf_value=-0.014444259300591523 -0.033328227574962975 -0.022469733998186841 0.064362147850603804 -0.0006021774235972408 0.037101353751874712 -0.0016445148218673525 -0.038660092383698746 -0.0076079066172895955 -0.012264257087607661 0.027421277337737339 -0.0013832354868127021 -0.06657179510287857 0.027974385303070493 -0.021648267135469808
leaf_weight=27.460516265593469 15.719340121839194 5.431050779297947 9.1510419901460391 4620.9679429833777 112.47466130740941 171.76337249949574 10.796666444744913 109.59318409860134 76.847532369196415 92.090813633054495 19.708026425912976 12.325158706866203 21.214217457920313 9.8747679330408555
leaf_count=169 406 172 84 30968 664 978 183 649 412 503 124 67 141 75
internal_value=6.23268e-05 0.000167635 0.0326554 7.18377e-05 0.00475531 -0.00710982 0.0102357 0.0117464 0.0173761 0.00689529 0.0313961 -0.0318291 -0.00166875 0.0205129
internal_weight=5315.42 5299.7 14.5821 5285.12 664.149 211.549 452.6 441.803 310.996 178.813 132.183 39.7857 130.807 101.966
internal_count=35595 35189 256 34933 3965 1214 2751 2568 1778 990 788 236 790 578
cat_boundaries=0 2 3 4
cat_threshold=3221402378 14 66126852 4
is_linear=0
shrinkage=0.05


Tree=254
num_leaves=15
num_cat=3
split_feature=8 54 22 7 24 56 30 30 26 27 27 2 26 30
split_gain=6.1762 7.11021 7.93107 6.34642 11.6332 11.2556 29.8156 27.1081 13.5155 18.2456 20.6833 20.6164 19.2961 16.4615
threshold=-6.4999999999999991 97.500000000000014 3.2716666666666674 5.5000000000000009 0.83886639676113373 4.5000000000000009 0 1 1003.5000000000001 0.49042638448567571 0.49666454487514206 0.0035332151058553589 1427.5000000000002 2
decision_type=8 10 8 2 10 2 9 9 2 8 8 2 2 9
left_child=-1 3 -3 5 -5 7 -7 8 13 12 -11 -12 -10 -2
right_child=1 2 -4 4 -6 6 -8 -9 9 10 11 -13 -14 -15
leaf_value=0.014028942717969598 -0.020533534196437608 -0.027422356359809087 0.022057613284663817 -0.0017902782303358686 -0.052215510278861822 -0.015735376547179901 0.007407911262159581 0.011951995104157793 -0.015382926029470468 -0.054939507046058912 0.013121202361283071 -0.03562992047777578 0.032302635982833172 -8.7778902560583941e-05
leaf_weight=73.525088213384151 154.12417133525014 8.4908006042242032 59.062097364105284 3343.8946090764366 10.478625394403933 268.7099227514118 268.77798038721085 593.08183431718498 27.21937969699502 17.645408980548382 91.404040895402431 27.338430412113667 87.663927741348743 254.25164039246738
leaf_count=362 987 62 347 23983 64 1497 1479 3802 165 87 463 135 566 1467
internal_value=-0.000263278 -0.000467544 0.0155291 -0.000680571 -0.00196331 0.00172269 -0.00432465 0.00431871 -0.00269217 0.00637555 -0.00598025 0.00169327 0.0209692 -0.0083392
internal_weight=5285.67 5212.14 67.5529 5144.59 3354.37 1790.22 537.488 1252.73 659.647 251.271 136.388 118.742 114.883 408.376
internal_count=35466 35104 409 34695 24047 10648 2976 7672 3870 1416 685 598 731 2454
cat_boundaries=0 2 4 5
cat_threshold=3265611779 25 2307520024 37 566272
is_linear=0
shrinkage=0.05


Tree=255
num_leaves=15
num_cat=3
split_feature=28 30 29 23 24 28 7 20 30 17 56 55 28 27
split_gain=6.01893 5.56457 10.3088 10.2635 15.8304 9.70595 9.24842 8.72131 12.1645 10.6635 9.45692 8.72301 9.85519 8.91627
threshold=0.059856735518329131 0 1 33.056458333333339 0.46129897549630577 0.15243742283810016 3.5000000000000004 -11.404999999999999 2 1.5000000000000002 4.5000000000000009 16.500000000000004 0.16016902200031144 0.046716690513166959
decision_type=8 9 9 10 10 8 2 8 9 2 2 10 10 10
left_child=-1 2 -2 7 -5 -4 -6 8 10 -10 -3 13 -13 -12
right_child=1 3 5 4 6 -7 -8 -9 9 -11 11 12 -14 -15
leaf_value=0.034996973658860175 -0.024702298118412548 0.0047751845050926335 0.024086918425489524 -0.059785185658909529 0.04095440850894471 -0.0022731350793235433 -0.014707082142545742 0.00033573576313057434 0.003912919998471689 -0.021660190134908018 -0.012586432879991337 0.040665930153243129 -0.014082399689526424 0.034986968544096421
leaf_weight=11.314915673807262 39.373517377302051 124.51612712116912 34.711394170299172 16.284455846529454 8.4660356342792493 1585.095458467491 34.326956312172115 2974.0516121871769 278.32239035889506 46.729371439199895 10.406866622157393 10.749985393136738 26.380579113028944 100.57520129345357
leaf_count=99 271 840 292 234 46 10149 277 20293 1719 352 83 75 177 601
internal_value=8.22257e-05 9.45162e-07 -0.00238871 0.00109687 -0.0193955 -0.00168336 -0.00301145 0.00144422 0.00695025 0.000175982 0.014462 0.0234888 0.00241905 0.0304534
internal_weight=5301.3 5289.99 1659.18 3630.81 59.0774 1619.81 42.793 3571.73 597.681 325.052 272.629 148.113 37.1306 110.982
internal_count=35508 35409 10712 24697 557 10441 323 24140 3847 2071 1776 936 252 684
cat_boundaries=0 2 3 5
cat_threshold=1898094350 7 2162784 34357249 32
is_linear=0
shrinkage=0.05


Tree=256
num_leaves=15
num_cat=0
split_feature=3 25 15 26 0 24 13 27 4 28 26 3 4 18
split_gain=6.04429 9.51436 11.5559 15.4231 11.8479 8.90097 8.27974 7.98913 7.75144 11.1919 7.54391 11.7579 9.78558 7.42188
threshold=0.70475754984862349 0.082287232504930766 0.84556245706443012 1452.0000000000002 8.0050000000000008 0.054178097341679103 30.025000000000002 0.75185329436806614 -31.069272066289283 0.4181530063412266 4289.5000000000009 0.24857513310620855 -14.139245282184531 8.4875000000000007
decision_type=10 10 8 2 8 10 10 10 10 8 2 8 8 10
left_child=1 2 3 7 -4 -2 10 -1 -6 13 -3 -12 -13 -10
right_child=5 6 4 -5 8 -7 -8 -9 9 -11 11 12 -14 -15
leaf_value=-0.033616077792254034 0.024120164423682023 0.0023216093218947683 -0.034311308463204154 0.01497788526500988 -0.0041626678307638589 -0.0030027935281523969 0.04122897071201314 0.025241110949615654 -0.0067570597151861769 0.033549981571984459 -0.040878604478582353 -0.022614012206673664 0.024491556343482684 0.041491749150807937
leaf_weight=80.14628813881427 29.857723970897496 3188.891450279858 23.530521617271006 24.337720304727554 189.31908787880093 1552.6267068143934 12.488875387236474 5.4970531202852717 56.528504896908998 39.045557057950646 25.071109666489065 20.312549067661166 21.846822148188949 8.2522911885753256
leaf_count=883 177 22207 300 189 1516 8701 69 47 481 272 221 111 143 85
internal_value=0.000108585 0.00121585 -0.00579795 -0.0196819 -0.000929285 -0.00247614 0.00213287 -0.0295906 0.0018578 0.0127706 0.0019703 -0.0144827 0.0017978 -7.34226e-05
internal_weight=5277.75 3695.27 426.657 109.981 316.676 1582.48 3268.61 85.6433 293.145 103.826 3256.12 67.2305 42.1594 64.7808
internal_count=35402 26524 3773 1119 2654 8878 22751 930 2354 838 22682 475 254 566
is_linear=0
shrinkage=0.05


Tree=257
num_leaves=15
num_cat=0
split_feature=11 11 11 24 2 0 6 4 25 1 16 56 0 14
split_gain=5.87333 5.02235 13.7947 10.4917 13.2359 14.3557 13.4671 12.0487 12.1898 11.6869 10.483 9.99326 15.0296 10.5811
threshold=10.499309698568512 7.5115547185637244 7.5592519958364415 0.20577984003231176 2.8705570486679326 67.590000000000018 -6.4999999999999991 -5.4612995689800297 6.1772527146684153 0.25089928057553962 0.49999999999999917 15.500000000000002 74.995000000000019 5.9000000000000021
decision_type=2 2 2 10 2 8 8 8 10 8 10 2 10 10
left_child=1 11 -3 7 9 -6 10 -4 -9 -5 -7 -1 -13 -14
right_child=-2 2 3 4 5 6 -8 8 -10 -11 -12 12 13 -15
leaf_value=-0.00070686430099055092 -0.030441235932012506 0.033355377135825974 0.021136042909213899 -0.01936362466824474 0.021568352898987533 0.0032676631207195252 -0.025673249401355687 -0.019278839604484347 0.026760047725104277 0.012944880597046527 -0.032703686684706613 0.022463841523430332 0.0013548606994427267 -0.05334828516427681
leaf_weight=4142.364799851086 14.373216975480316 36.8029680326581 27.763370227068663 29.170757085084915 51.463109897449613 189.464031573385 70.472368570975959 130.2957387920469 15.266659010201691 408.56496095098555 21.664580129086971 109.34815032593906 44.275184527039528 10.030702151358126
leaf_count=28176 107 258 232 403 324 977 422 984 110 2484 106 675 248 56
internal_value=0.00041929 0.000508929 0.00373578 0.00254711 0.00504707 -0.00246129 -0.00691353 -0.00853568 -0.0143006 0.0107526 -0.00056024 -0.000226858 0.0118534 -0.00953113
internal_weight=5301.32 5286.95 980.929 944.126 770.8 333.064 281.601 173.326 145.562 437.736 211.129 4306.02 163.654 54.3059
internal_count=35562 35455 6300 6042 4716 1829 1505 1326 1094 2887 1083 29155 979 304
is_linear=0
shrinkage=0.05


Tree=258
num_leaves=15
num_cat=2
split_feature=32 3 10 11 25 15 6 26 30 28 3 30 15 3
split_gain=5.35281 11.1843 8.32738 12.3834 10.6753 11.9453 9.54304 6.17352 15.375 19.4106 12.354 15.613 14.5165 12.2696
threshold=2.5000000000000004 0.93481427726891231 4.5000000000000009 5.504029872819042 1.0850649909730461 0.51019406283998736 13.500000000000002 64.500000000000014 0 0.52186403336055687 0.41983115409490246 1 10.752881092638331 0.64407849142713303
decision_type=8 10 2 2 10 10 10 2 9 8 8 9 8 10
left_child=1 2 4 -4 5 -1 -5 8 9 13 -10 -12 -13 -2
right_child=7 -3 3 6 -6 -7 -8 -9 10 -11 11 12 -14 -15
leaf_value=-0.051769010424103916 0.037327485104366905 -0.037154086817815297 0.037455858301594834 0.004903788931152119 0.04668967840169156 0.021764020820615338 -0.041358270300022648 0.0011085190874275954 0.0007188207429536076 -0.018037666157036263 -0.0153061180084034 0.002633174816815834 -0.011893551448768681 0.0009047926123430882
leaf_weight=6.2023865450173643 67.520970514044166 10.716539422050117 16.302777018398046 30.296735521405935 31.68401700258255 22.762323316186666 16.472037389874458 2985.7227127151564 936.1759864599444 34.211495596915483 369.44530016044155 464.67759844474494 271.7641964815557 34.974511200562119
leaf_count=38 422 78 100 168 201 121 119 20155 7127 252 2092 2597 1888 179
internal_value=-0.000110849 0.00970151 0.0140255 0.00123221 0.027094 0.00481577 -0.0119145 -0.000368103 -0.0023912 0.0132366 -0.00349108 -0.00708389 -0.00269977 0.0250278
internal_weight=5298.93 134.437 123.72 63.0715 60.6487 28.9647 46.7688 5164.49 2178.77 136.707 2042.06 1105.89 736.442 102.495
internal_count=35537 825 747 387 360 159 287 34712 14557 853 13704 6577 4485 601
cat_boundaries=0 2 3
cat_threshold=273814019 2 61661268
is_linear=0
shrinkage=0.05


Tree=259
num_leaves=15
num_cat=2
split_feature=8 8 28 11 30 25 19 25 6 6 11 29 24 24
split_gain=6.4447 12.2564 10.0482 8.66718 5.70522 10.6811 8.86067 10.5226 10.274 9.06717 8.76867 13.9476 12.0421 10.1857
threshold=139.50000000000003 118.50000000000001 0.50726442268400695 6.8977097747551239 0 8.0851531369707921 24.250000000000004 0.87639884440896154 20.500000000000004 -35.499999999999993 6.0865815155162251 1 0.48957563587758718 0.63504301111302186
decision_type=10 10 8 2 9 10 10 10 10 10 2 9 10 10
left_child=1 4 -2 -3 6 -6 7 9 10 -1 11 12 -8 -13
right_child=2 3 -4 -5 5 -7 8 -9 -10 -11 -12 13 -14 -15
leaf_value=0.012479431299595995 -0.032069466278294066 0.058590639413963835 0.017661100329663264 0.0053112692177553159 -0.0012359838814411186 -0.025367640139344345 0.037457013092902024 0.012294930363809345 -0.030758052337255828 -0.0072995190709756064 0.0038556089285007355 -0.0072006288735508893 -0.01738589302600867 0.024487867697115931
leaf_weight=84.966262690722942 34.910310653969646 14.031125074252488 13.419712403789161 15.95668577775359 3000.5749576683156 45.57052437402308 36.788854233920574 361.76258300431073 26.180304973851889 176.77349603362381 793.36323503963649 623.11257738573477 12.940355859696863 25.470579382032156
leaf_count=609 228 86 75 110 20120 333 179 2826 379 1840 4540 3875 61 145
internal_value=-0.000195216 -2.51433e-05 -0.0181828 0.0313267 -0.000212384 -0.00159995 0.00176055 0.00678186 -0.000293617 -0.000855793 0.00026131 -0.0038219 0.0193168 -0.00583064
internal_weight=5265.82 5217.49 48.33 29.9878 5187.5 3046.15 2141.36 623.502 1517.86 261.74 1491.68 698.312 49.7292 648.583
internal_count=35406 35103 303 196 34907 20453 14454 5275 9179 2449 8800 4260 240 4020
cat_boundaries=0 2 3
cat_threshold=3881730063 28 1310746
is_linear=0
shrinkage=0.05


Tree=260
num_leaves=15
num_cat=6
split_feature=28 28 30 29 30 19 5 30 15 14 30 28 25 30
split_gain=8.43308 11.3104 14.2414 9.89354 15.381 15.674 8.41922 15.7194 11.4151 11.1175 10.6209 12.3331 14.1174 23.0464
threshold=0.52307241608944577 0.52186403336055687 0 1 2 65.90000000000002 0.8269509615384617 3 -0.33424740975901746 12.006250000000003 4 0.48587753307360615 0.55477004974256772 5
decision_type=8 10 9 9 9 8 10 9 8 10 9 10 10 9
left_child=1 6 -3 4 -2 -6 9 -8 -9 10 11 12 13 -1
right_child=3 2 -4 -5 5 -7 7 8 -10 -11 -12 -13 -14 -15
leaf_value=-0.015063724015269262 -0.0047233128917818501 0.019686678532219344 -0.022218916738939849 -0.0028737643150487753 0.048019080757472098 0.012337508130025134 -0.021592311088287564 -0.052917038094196248 0.013433659337327753 -0.016486733217842522 -0.0016404002019750588 0.021395282677741167 0.0053533419718793914 0.00688872226445032
leaf_weight=245.21611531032249 122.70273735374212 17.79418258368969 100.41264555510134 235.13900987710804 34.479570860974491 244.59248044714332 111.29348895186558 6.1298148930072784 71.986119684763253 98.427018281072378 2525.9750902438536 89.736077224835753 1181.1463436027989 216.76703466195613
leaf_count=1886 849 94 639 1525 228 1587 888 46 635 547 16997 489 7705 1469
internal_value=-7.03142e-05 -0.000807498 -0.0160109 0.00532177 0.00993805 0.016319 -0.000408799 -0.0107002 0.00676851 4.0918e-05 0.000426673 0.00342871 0.00245594 -0.00494736
internal_weight=5301.8 4664.88 118.207 636.914 401.775 279.072 4546.68 189.409 78.1159 4357.27 4258.84 1732.87 1643.13 461.983
internal_count=35584 31395 733 4189 2664 1815 30662 1569 681 29093 28546 11549 11060 3355
cat_boundaries=0 2 3 5 7 9 10
cat_threshold=34612240 8 3186946 2214353924 4 1083810138 8 2210214154 4 51187968
is_linear=0
shrinkage=0.05


Tree=261
num_leaves=15
num_cat=3
split_feature=7 30 32 29 13 6 6 6 54 19 55 30 27 0
split_gain=10.4405 9.60185 10.7825 10.1759 15.7042 11.6499 9.99518 10.6652 8.25061 7.78961 7.74204 8.57168 10.0796 15.0053
threshold=23.500000000000004 0 3.5000000000000004 1 1.0000000180025095e-35 48.500000000000007 65.500000000000014 78.500000000000014 106.50000000000001 94.925000000000011 16.500000000000004 2 0.33889233844367711 48.005000000000003
decision_type=2 9 10 9 8 8 8 10 10 10 8 9 10 8
left_child=-1 8 3 4 -3 9 -6 -8 -2 10 -5 -12 -13 -14
right_child=1 2 -4 5 6 -7 7 -9 -10 -11 11 12 13 -15
leaf_value=0.00056044532122201472 -0.015966730152101146 0.056746333189917536 -0.039333389914396111 0.057818199085839808 -0.022694734648986303 -0.013940901181029156 0.054856480001983357 -0.027892306427788685 0.034964204557058697 -0.027494803332745139 -0.0068295130324419299 0.0087356434963030728 -0.01475750474410503 0.051808626996685696
leaf_weight=4613.1031072814949 237.29023478692397 6.7460622005164623 16.908589605242014 8.2512776581570488 97.59043141733855 59.599996582139283 8.3384315120056254 5.8605406694114199 7.3104125540703526 11.690397998318074 50.929033741820604 110.25079098530114 10.542150866240261 35.357641473412514
leaf_count=27441 3478 68 151 69 1319 830 91 68 64 76 495 958 80 244
internal_value=-0.000285232 -0.00612911 -0.00133479 0.000311102 -0.0114023 0.00538726 -0.0169924 0.0211144 -0.0137486 0.0107366 0.0129297 0.0108718 0.0160643 0.0365312
internal_weight=5279.77 666.666 422.065 405.157 118.535 286.621 111.789 14.199 244.601 227.021 215.331 207.08 156.151 45.8998
internal_count=35432 7991 4449 4298 1546 2752 1478 159 3542 1922 1846 1777 1282 324
cat_boundaries=0 2 3 5
cat_threshold=3263450444 14 1150977 541597696 32
is_linear=0
shrinkage=0.05


Tree=262
num_leaves=15
num_cat=2
split_feature=26 30 4 8 27 10 8 30 28 6 1 4 5 7
split_gain=5.98317 24.5182 10.5649 13.6537 11.5958 10.2941 11.924 10.3517 17.6157 10.3015 9.45503 8.99219 8.94946 8.68898
threshold=2199.5000000000005 0 10.187946461702248 12.500000000000002 0.43295364803261971 13.500000000000002 39.500000000000007 1 0.48412028320596762 4.5000000000000009 0.98540068201193531 -1.3995800106326404 0.13923784313725493 4.5000000000000009
decision_type=2 9 8 8 8 2 8 9 10 10 10 10 10 2
left_child=-1 -2 5 -4 -5 6 7 8 13 10 -9 -8 -7 -3
right_child=1 2 3 4 -6 12 11 9 -10 -11 -12 -13 -14 -15
leaf_value=0.00039609481946072827 0.011180121028733787 0.057022044030423706 -0.059137099055205977 -0.045526479684744513 0.005138403498775073 0.0119941893820752 -0.032542059541879373 0.045082194803476007 -0.027605864840437661 -0.031758779657440117 -0.0055640127523117564 0.0079073195136512234 -0.045170415319473946 0.016091282379998101
leaf_weight=4778.305060365703 152.2721857400611 18.010908707976341 24.466761181131005 16.73224479239434 30.622187815606594 8.404979754239319 51.380964037030935 9.7793702334165555 17.034660236909986 32.361520142294466 62.569755919277668 18.166156654246151 28.971133841201663 44.910949119366705
leaf_count=32341 899 110 165 95 162 54 280 53 114 319 401 103 163 285
internal_value=-0.000156511 -0.00526779 -0.0121449 -0.0295358 -0.0133349 -0.00819014 -0.00452699 0.00214189 0.0145668 -0.00801367 0.00180309 -0.0220141 -0.0323379 0.0285162
internal_weight=5293.99 515.684 363.412 71.8212 47.3544 291.59 254.214 184.667 79.9565 104.711 72.3491 69.5471 37.3761 62.9219
internal_count=35544 3203 2304 422 257 1882 1665 1282 509 773 454 383 217 395
cat_boundaries=0 1 3
cat_threshold=34112768 1610627072 35
is_linear=0
shrinkage=0.05


Tree=263
num_leaves=15
num_cat=5
split_feature=7 29 4 19 19 56 0 30 3 30 30 3 28 30
split_gain=6.86278 11.8344 12.7525 13.2383 11.8905 13.2805 11.7726 15.7316 12.235 13.8373 12.3022 13.1444 15.5382 14.4327
threshold=7.5000000000000009 0 76.634950168908503 98.250000000000014 24.250000000000004 11.500000000000002 97.00500000000001 1 0.13858621143345187 2 3 0.55847973492535752 0.49160640791445309 4
decision_type=2 9 8 10 10 2 10 9 8 9 9 10 10 9
left_child=1 2 3 -1 -4 -6 8 -8 9 -3 -10 12 -12 -13
right_child=-2 6 4 -5 5 -7 7 -9 10 -11 11 13 -14 -15
leaf_value=0.0072995959660353913 -0.0018408479429187171 -0.024748294633819959 -0.0054649726667271902 -0.034187974247703409 -0.041598952919862035 0.0077214273355985788 -0.022671818752339725 0.0023587420867584134 0.00078182071916637708 0.0059243674501610099 0.023939873938170389 0.013713938571180175 -0.0036446701606776101 -0.0034420726830945211
leaf_weight=185.38170021027327 3159.3636060832068 58.080749901011586 134.46935703977942 20.446523517370224 57.828291762620211 17.406680054962635 81.338000869378448 195.5781912766397 519.23273007431999 75.030211544595659 262.17762100324035 243.95695325545967 63.037141613662243 233.08089883252978
leaf_count=948 23156 356 746 120 301 86 515 1139 2853 450 1637 1475 402 1452
internal_value=-0.000358764 0.00182196 -0.00566922 0.00303294 -0.0144535 -0.0302364 0.00363369 -0.00577946 0.0054534 -0.00894749 0.00690965 0.0107265 0.0185983 0.00555671
internal_weight=5306.41 2147.05 415.533 205.828 209.704 75.235 1731.51 276.916 1454.6 133.111 1321.49 802.253 325.215 477.038
internal_count=35636 12480 2201 1068 1133 387 10279 1654 8625 806 7819 4966 2039 2927
cat_boundaries=0 1 3 5 7 9
cat_threshold=25666 1115406 56 1091731742 8 2705914373 5 1115685208 40
is_linear=0
shrinkage=0.05


Tree=264
num_leaves=15
num_cat=4
split_feature=19 55 30 5 30 24 23 25 30 0 6 1 29 25
split_gain=8.21644 13.4077 12.1911 12.8959 12.4683 11.9533 11.5216 10.1232 10.0094 12.6975 12.6769 15.545 10.5167 9.99882
threshold=84.725000000000009 94.500000000000014 0 0.59352692307692323 1 0.51473526368323219 -2.1581249999999996 1.3927568424723098 2 91.405000000000015 16.500000000000004 0.45923792645104128 3 9.3448585068388379
decision_type=10 10 9 8 9 10 10 10 9 10 10 8 9 10
left_child=1 8 5 -4 -5 7 -6 -2 10 -10 11 -1 -11 -13
right_child=2 -3 3 4 6 -7 -8 -9 9 12 -12 13 -14 -15
leaf_value=0.050733452408298088 -0.018863563217092455 0.059161377803980703 0.0040808435993810732 -0.012711322523200187 0.017428001590981877 0.0094172782079969888 -0.026803457637552715 -0.0034921114506489721 -0.00031232866339665408 -0.025355890323779013 -0.0077679143329171044 0.0061639061730692944 0.0088683777710554402 -0.033290490103115987
leaf_weight=18.421086247079074 267.81958668213338 8.8696977673098427 648.67666394729167 274.11028718855232 74.278826460242271 69.789861612021923 17.36344712600112 178.9523589424789 2334.7492453497835 78.615196473896503 183.84539360925555 1080.7073005684651 28.130246169865131 15.320833742618559
leaf_count=151 1610 58 3849 1585 375 390 130 945 16679 439 2661 6375 144 125
internal_value=-0.000299778 0.000960829 -0.00338501 -0.000149347 -0.0076465 -0.00953947 0.00798653 -0.0127282 0.000807016 -0.00108248 0.00433336 0.00637368 -0.0178685 0.00558255
internal_weight=5279.65 3748.66 1530.99 1014.43 365.753 516.562 91.6423 446.772 3739.79 2441.49 1298.29 1114.45 106.745 1096.03
internal_count=35516 26632 8884 5939 2090 2945 505 2555 26574 17262 9312 6651 583 6500
cat_boundaries=0 2 4 6 7
cat_threshold=3229819145 23 34360402 32 1120239620 59 32768
is_linear=0
shrinkage=0.05


Tree=265
num_leaves=15
num_cat=4
split_feature=26 26 30 28 26 26 15 26 30 24 15 7 30 30
split_gain=5.36999 22.8963 19.5771 22.5181 15.4806 15.9944 15.6091 16.0912 15.1195 14.8678 12.6324 22.8156 12.9635 12.1206
threshold=359.00000000000006 312.50000000000006 0 0.32055179979256659 3085.5000000000005 2257.0000000000005 13.338807341713535 1452.0000000000002 1 0.63504301111302186 3.5097871002379546 8.5000000000000018 2 3
decision_type=2 2 9 10 2 2 10 2 9 10 10 2 9 9
left_child=1 13 4 8 5 6 7 -2 -4 10 -5 -12 -13 -1
right_child=2 -3 3 9 -6 -7 -8 -9 -10 -11 11 12 -14 -15
leaf_value=0.0085528574609924687 -0.023737534783372923 0.021751097100034689 0.01233492283663524 -0.0022163576883688515 0.020647466429866385 -0.047849848177129062 0.034803371028136472 0.010676580160765293 -0.022664888123648794 0.035760057559364004 0.017654853819317227 -0.02407686167127775 0.0049891901743562691 -0.00098458924951128177
leaf_weight=361.63886860897765 166.03070043493062 124.65438329428434 34.134036819450557 813.25213671661913 27.1783895380795 38.49754002597183 14.85379258263856 42.010626819450408 146.62647468782961 31.241804048418999 253.50278645567596 53.509500945918262 90.787747714668512 3130.1118751186877
leaf_count=2268 1092 830 245 5374 186 246 104 257 1138 176 1455 369 600 21434
internal_value=-0.000310418 0.000781649 -0.0026169 -0.000153206 -0.0142272 -0.0184604 -0.0131933 -0.0167703 -0.0165925 0.00224899 0.00135571 0.00864559 -0.00719455 2.70337e-05
internal_weight=5328.03 3616.41 1711.63 1423.05 288.571 261.393 222.895 208.041 180.761 1242.29 1211.05 397.8 144.297 3491.75
internal_count=35774 24532 11242 9357 1885 1699 1453 1349 1383 7974 7798 2424 969 23702
cat_boundaries=0 2 4 5 7
cat_threshold=7492102 6 1610711040 1 2718736392 7483906 6
is_linear=0
shrinkage=0.05


Tree=266
num_leaves=15
num_cat=4
split_feature=24 30 30 24 30 27 28 26 30 14 26 22 25 19
split_gain=6.58081 15.161 14.8984 14.0099 15.9371 14.4917 13.592 12.9389 17.135 12.743 12.4559 13.3518 12.9899 12.4082
threshold=0.30256308198833176 0 1 0.31274650950430821 2 0.3654110778476945 0.23199904447938799 29.500000000000004 3 3.2000000000000006 460.50000000000006 3.2716666666666674 -1.4658583636582896 4.4000000000000012
decision_type=10 9 9 10 9 10 8 2 9 8 2 8 8 8
left_child=2 6 -1 4 -3 -6 -2 8 -5 -10 11 -4 -13 -8
right_child=1 3 10 7 5 -7 13 -9 9 -11 -12 12 -14 -15
leaf_value=0.012719738770871453 -0.038851586003564462 0.012935876564749741 -0.01643203653713228 -0.016155434156756836 -0.03831585668295661 -0.0019819879705080304 0.047313688499999451 0.0037682132532203014 0.03378139225775522 -0.0012004067608917804 -0.015161813060330485 0.052173157241085066 0.0025689634423548737 -0.0075647012039844396
leaf_weight=286.19813879067078 33.657894391566515 37.255623143166304 93.005718897562474 197.22171502094716 70.535824828781188 44.709099996834993 9.5037658708170039 1717.7770592737943 25.95151499658823 763.12010419555008 116.59574826713651 12.336685195565222 1304.6998312864453 571.71494503784925
leaf_count=1868 243 248 988 1185 538 257 129 10772 140 5178 839 72 9535 3535
internal_value=4.15216e-05 -0.0012335 0.00248243 0.000313397 -0.0143799 -0.022429 -0.00827952 0.00114822 -0.00341409 -8.49329e-06 0.000469839 0.00177557 0.00307284 -0.00658764
internal_weight=5284.28 3471.45 1812.84 2856.57 152.501 115.245 614.877 2704.07 986.293 789.072 1526.64 1410.04 1317.04 581.219
internal_count=35527 22225 13302 18318 1043 795 3907 17275 6503 5318 11434 10595 9607 3664
cat_boundaries=0 2 4 5 7
cat_threshold=1094713648 14 2168455189 14 279626 170444873 17
is_linear=0
shrinkage=0.05


Tree=267
num_leaves=15
num_cat=5
split_feature=30 29 16 30 10 3 24 30 6 20 20 22 29 5
split_gain=5.61202 10.4413 9.14297 12.3477 8.28678 7.98785 14.5259 10.5194 7.34639 7.13236 17.1234 16.6539 13.6419 10.8867
threshold=0 1 0.91500000000000103 2 10.500000000000002 1.7501549101521119 0.46196000000346421 3 -1.4999999999999998 -9.5399999999999974 -60.912499999999987 -2.878333333333333 4 0.063717381438620393
decision_type=9 9 10 9 2 8 10 9 8 8 10 8 9 10
left_child=1 -1 5 -4 8 -3 7 -7 -5 10 -2 -12 13 -13
right_child=9 2 3 4 -6 6 -8 -9 -10 -11 11 12 -14 -15
leaf_value=-0.024953693808067105 -0.0095311440457467589 -0.0013358589202654995 -0.032047217680625018 0.0015590716797417856 0.024549883885153386 0.016873515975550629 0.057245901542797517 -0.021995757028076823 -0.034229536762540536 0.00015098573949443112 0.044660024644380292 0.073050928036889326 0.0025633024757536985 0.01859043720671668
leaf_weight=38.994546569883823 141.80887074256316 1266.2039718190208 45.007189384661615 43.605708628892899 22.387400139588863 35.938308442942798 15.382961161434649 16.941798970103264 20.305548513773829 3111.3903904543258 31.554272018373013 9.212127357721327 374.4763249848038 110.95528831519186
leaf_count=219 1009 8619 258 268 190 282 97 142 138 21132 195 63 2374 601
internal_value=0.000127248 -0.00244466 -0.00166443 -0.0142129 -0.000879535 -0.000432459 0.016102 0.00329274 -0.0101637 0.00115504 0.0058417 0.00999486 0.00769786 0.0215549
internal_weight=5284.16 1504.77 1465.77 131.306 86.2987 1334.47 68.2631 52.8801 63.9113 3779.4 668.007 526.198 494.644 120.167
internal_count=35587 10213 9994 854 596 9140 521 424 406 25374 4242 3233 3038 664
cat_boundaries=0 2 3 5 7 8
cat_threshold=1232514153 6 2686992 1096941568 6 1090551880 2 2368784
is_linear=0
shrinkage=0.05


Tree=268
num_leaves=15
num_cat=4
split_feature=7 26 30 11 26 30 30 25 29 3 7 25 24 26
split_gain=5.65298 11.7167 14.174 12.3113 20.1725 18.013 16.8142 14.0869 13.1189 14.8818 14.9455 12.3421 12.0389 13.2609
threshold=9.5000000000000018 195.50000000000003 0 6.5503014603451417 64.500000000000014 1 2 5.983075767031143 3 0.41112849306945115 22.500000000000004 -0.54348192858119859 0.33721302902968897 6.5000000000000009
decision_type=2 2 9 2 2 9 9 10 9 10 2 10 10 2
left_child=-1 3 -3 5 6 7 -5 -2 -7 10 12 -6 -10 -14
right_child=1 2 -4 4 11 8 -8 -9 9 -11 -12 -13 13 -15
leaf_value=0.0017067343847317663 -0.027922992507210909 -0.014984532609014632 -0.0010047860399925296 -0.013138024236305277 -0.025833638227520918 -0.021168575948433296 0.0055147450417691798 0.040469123820869202 0.019975414637513692 -0.0090155047000119812 -0.0068429791877557909 0.019638770765395389 -0.0085562709315940271 0.024499739994252992
leaf_weight=2804.8084038631059 103.21209683455527 298.41819798946381 455.89275239128619 162.86099296249449 15.068598888814448 58.925328416749835 385.02579737268388 7.2470855042338362 200.82976629445329 228.24683507718146 148.48680200148374 238.65658844215795 103.15752105228603 41.811780512332916
leaf_count=15558 1034 2548 3942 1183 141 461 2808 52 1135 1539 2094 1864 789 254
internal_value=0.000174663 -0.00158081 -0.00675962 0.000728498 0.005222 -0.00331137 -0.000182567 -0.0212101 -0.000480303 0.00149905 0.00639303 0.0168474 0.0120799 0.00108021
internal_weight=5252.65 2447.84 754.311 1693.53 801.612 891.917 547.887 110.459 781.458 722.533 494.286 253.725 345.799 144.969
internal_count=35402 19844 6490 13354 5996 7358 3991 1086 6272 5811 4272 2005 2178 1043
cat_boundaries=0 2 4 6 7
cat_threshold=2209484867 28 1090891036 4 1653180756 4 8192
is_linear=0
shrinkage=0.05


Tree=269
num_leaves=15
num_cat=2
split_feature=10 1 15 26 6 19 30 27 15 0 30 27 27 2
split_gain=5.27809 13.2232 6.77099 10.3526 6.55959 6.35642 11.9203 6.70064 11.8765 5.97855 12.1647 9.5603 6.7491 6.87051
threshold=25.500000000000004 0.68989800874210794 0.22476492793630068 97.500000000000014 25.500000000000004 64.065000000000012 0 0.14181275464691645 2.7741642854073216 99.985000000000014 1 0.26208592022343274 0.53923517922829245 0.36508559858771111
decision_type=2 10 8 2 10 10 9 8 8 10 9 8 10 2
left_child=9 2 3 -2 -4 -3 -7 -8 -9 -1 12 -12 13 -11
right_child=1 5 4 -5 -6 6 7 8 -10 10 11 -13 -14 -15
leaf_value=0.00085155755288708862 0.076441395698669978 -0.023548444698793969 0.011616706864934623 0.0020595490515541953 -0.028031198819790232 -0.021771152813503922 0.047049998106630866 -0.029540724139741244 0.028396577447598065 -0.020388933883157441 0.016903499858091659 -0.037307618268642609 0.052661224601990957 0.035851864453193223
leaf_weight=4951.299729952123 7.7848423793911961 89.637733943760395 41.660260811448097 10.128459195606409 12.813285794574766 37.158006384968758 11.04442937299609 14.541846405714752 19.548576060682532 13.235409168526536 9.2349223103374225 45.726912623271346 8.1279005594551545 7.7803475875407448
leaf_count=33173 78 535 264 104 221 249 58 93 112 99 73 386 46 65
internal_value=0.000277083 -0.0068847 0.0109395 0.0367173 0.00195352 -0.014409 -0.00429056 0.0123111 0.00354489 0.000625871 -0.0125142 -0.0238056 0.0125856 0.00111497
internal_weight=5279.72 244.317 72.3868 17.9133 54.4735 171.931 82.2929 45.1349 34.0904 5035.41 84.1055 54.9618 29.1437 21.0158
internal_count=35556 1714 667 182 485 1047 512 263 205 33842 669 459 210 164
cat_boundaries=0 2 4
cat_threshold=1082164482 49 1082426432 33
is_linear=0
shrinkage=0.05


Tree=270
num_leaves=15
num_cat=5
split_feature=7 30 6 6 32 6 29 0 30 22 29 27 30 19
split_gain=6.85696 17.5201 8.13678 7.52699 7.72398 7.4059 6.49975 6.29169 23.8855 13.8929 11.3389 10.0538 8.7193 9.55087
threshold=34.500000000000007 0 10.500000000000002 77.500000000000014 2.5000000000000004 71.500000000000014 1 31.005000000000006 2 -0.41166666666666651 3 0.47116247171405778 4 31.500000000000004
decision_type=2 9 10 8 10 10 9 8 9 8 9 10 9 8
left_child=7 2 -2 5 -5 6 -3 8 10 11 -1 -10 -9 -14
right_child=1 3 -4 4 -6 -7 -8 12 9 -11 -12 -13 13 -15
leaf_value=-0.016909806555099986 -0.042238755094048536 0.0076450935298890358 -0.01239442178964157 0.03638509634783544 -0.038896677299060919 0.052357520753195268 -0.014359533291329954 -0.0036220347147345056 0.017050574385024973 0.0094453515849386247 0.011862427359892874 0.072935252554104019 -0.013410151823939096 0.0020476787257115419
leaf_weight=129.24574153730646 41.130256988108158 142.52129487600178 52.545397738460451 3.3427407154813435 17.553490227088332 6.9933701204136005 32.563821188174188 1061.8774002315477 18.63068532012403 400.03182614874095 38.793406302109361 14.361665364354847 102.14776035770774 3210.4866772228852
leaf_count=1217 578 1570 1213 58 260 74 505 6151 144 3097 249 89 1049 19228
internal_value=0.000517483 -0.00685439 -0.0233406 0.00188332 -0.0257422 0.00527993 0.00311286 0.000958293 0.00575048 0.0118079 -0.00994675 0.0428073 0.000298677 0.00156241
internal_weight=5272.23 296.65 93.6757 202.975 20.8962 182.078 175.085 4975.58 601.063 433.024 168.039 32.9924 4374.51 3312.63
internal_count=35482 4258 1791 2467 318 2149 2075 31224 4796 3330 1466 233 26428 20277
cat_boundaries=0 2 3 5 6 8
cat_threshold=1640580170 11 24580 57888783 16 1368064 3911230496 15
is_linear=0
shrinkage=0.05


Tree=271
num_leaves=15
num_cat=4
split_feature=32 56 28 30 24 4 27 30 18 19 29 7 1 29
split_gain=7.09417 8.14598 6.25935 15.7301 12.4354 9.69263 9.40044 8.86434 17.0621 11.4647 9.90674 9.40914 9.66991 8.83113
threshold=22.500000000000004 11.500000000000002 0.55777742244142703 0 0.55577427148798619 9.7801891885599854 0.57923415205605722 1 -1.0000000180025095e-35 99.565000000000012 2 22.500000000000004 2.8903903903903907 3
decision_type=10 2 8 9 8 10 8 9 10 10 9 2 10 9
left_child=2 -2 7 5 -5 6 -4 8 9 10 -1 12 -10 -6
right_child=1 -3 3 4 13 -7 -8 -9 11 -11 -12 -13 -14 -15
leaf_value=-0.020204397561919371 -0.033799717760726648 0.0065877555803113266 0.022631155280138301 0.01688252964428455 0.009542640148271983 0.034777652371516567 -0.036003343602971104 -0.0014928033416279508 -0.000553294053353763 -0.023643584244326478 0.010273093737444035 -0.034321633095229974 -0.034128106975644799 -0.012191636990709501
leaf_weight=18.800322064198554 31.442873040214181 19.83602854795754 7.3777003260329357 232.98257775790989 86.278932753950357 6.3141899863257995 43.360700408928096 3762.9960739468224 255.15026951860636 26.588777266442776 667.50835462799296 25.989209277089685 22.416986238211393 79.110775204375386
leaf_count=134 177 147 60 1462 578 41 336 25628 1520 152 4303 349 118 549
internal_value=-2.22449e-05 -0.0183496 0.000160753 0.00575506 0.00923345 -0.0169452 -0.0272049 -0.00037341 0.00374593 0.00800673 0.00926553 -0.00613094 -0.00337765 -0.0010235
internal_weight=5286.15 51.2789 5234.87 455.425 398.372 57.0526 50.7384 4779.45 1016.45 712.897 686.309 303.556 277.567 165.39
internal_count=35554 324 35230 3026 2589 437 396 32204 6576 4589 4437 1987 1638 1127
cat_boundaries=0 2 3 4 5
cat_threshold=55578636 20 3048280076 2162724 2134272
is_linear=0
shrinkage=0.05


Tree=272
num_leaves=15
num_cat=2
split_feature=10 1 44 11 33 56 10 15 24 30 24 10 0 30
split_gain=7.89195 12.2079 8.63233 7.74384 8.10216 7.47419 6.56275 8.58561 6.48856 16.5225 10.9166 14.3613 11.5277 8.57162
threshold=25.500000000000004 0.66784037558685461 1.5000000000000002 9.0016000281120885 0.90000000000000013 1.5000000000000002 28.500000000000004 3.3717670878267127 0.6042274289133458 0 0.63504301111302186 7.5000000000000009 88.695000000000007 1
decision_type=2 10 2 2 2 2 2 10 8 9 8 2 8 9
left_child=8 5 3 4 -3 -2 -7 -8 13 -10 11 12 -11 -1
right_child=1 2 -4 -5 -6 6 7 -9 9 10 -12 -13 -14 -15
leaf_value=-0.0024639385319473886 -0.007653490372173547 -0.048315624001197585 0.015854916001964463 0.016227874062479792 -0.017073475839902139 -0.020883800023815749 0.019646910134291172 0.086076685668390565 0.017196085413630002 0.013523596257650034 -0.0057827283355912197 -0.061784172333345967 -0.035741447619228518 0.0022716356275048629
leaf_weight=1316.853382405825 30.958248974289745 24.903908252716064 18.734843736514449 13.230730362236498 118.24989760946482 5.4719387525692573 21.522395838517699 5.6743663139641276 51.063656862825155 21.535965847782791 179.24810493551195 21.798919182270765 24.398217607289553 3407.9262178628705
leaf_count=8857 260 151 117 72 730 71 235 44 310 134 1171 148 145 23015
internal_value=7.63172e-05 -0.00878634 -0.0155789 -0.0194215 -0.022806 0.00986047 0.0261918 0.0360681 0.000499245 -0.00664344 -0.0118378 -0.029267 -0.0128478 0.000951125
internal_weight=5261.57 238.746 175.119 156.385 143.154 63.6269 32.6687 27.1968 5022.82 298.045 246.981 67.7331 45.9342 4724.78
internal_count=35460 1680 1070 953 881 610 350 279 33780 1908 1598 427 279 31872
cat_boundaries=0 2 4
cat_threshold=19198276 4 1881618704 42
is_linear=0
shrinkage=0.05


Tree=273
num_leaves=15
num_cat=2
split_feature=28 29 28 27 0 27 22 25 3 55 29 12 1 10
split_gain=6.03358 11.5758 11.4414 11.7089 13.7134 12.8191 13.544 12.2692 10.4497 10.4368 13.0622 11.1031 13.3798 12.6682
threshold=0.39484035224186947 0 0.4114562296129724 0.48488045325259155 0.50500000000000012 0.5225542341329652 -5.2033333333333323 0.72279378046547904 0.89258701090513093 31.500000000000004 1 1.0000000180025095e-35 0.76500600240096051 4.5000000000000009
decision_type=10 9 10 10 8 10 10 10 10 8 9 2 10 2
left_child=-1 2 -2 4 -4 6 7 -5 -3 -6 11 12 -11 -14
right_child=1 8 3 5 9 -7 -8 -9 -10 10 -12 -13 13 -15
leaf_value=0.0012415773404974321 -0.014479428800568359 0.0097250446235567847 -0.04325953339033034 -0.023039069757417988 0.038647056765015821 -0.00086997043620835966 0.022074860669052218 -0.004151314099546422 -0.021114431713003496 -0.027355260170687259 -0.014677527401348959 0.017184774492944917 -0.0062966375117159898 0.018040931502283662
leaf_weight=3271.7613237430342 220.33894633315504 280.10558940470219 14.087563051842151 207.20724896434695 21.210437666624784 576.94492746796459 25.261348964646459 147.35002461262047 29.501240387558937 35.817406071349978 72.795015273615718 165.12825915170833 111.73556886985898 100.87590383179486
leaf_count=22860 1432 1742 185 1277 117 3518 176 949 147 363 427 1107 641 663
internal_value=-8.25514e-05 -0.0022392 -0.00385383 -0.00228755 0.00373403 -0.00557113 -0.0126912 -0.0152233 0.0065181 0.00512085 0.00358243 0.00700921 0.000484833 0.005281
internal_weight=5280.12 2008.36 1698.75 1478.41 521.65 956.764 379.819 354.557 309.607 507.563 486.352 413.557 248.429 212.611
internal_count=35604 12744 10855 9423 3503 5920 2402 2226 1889 3318 3201 2774 1667 1304
cat_boundaries=0 1 2
cat_threshold=2991618 819200
is_linear=0
shrinkage=0.05


Tree=274
num_leaves=15
num_cat=2
split_feature=0 30 16 24 30 28 18 3 56 25 25 11 27 24
split_gain=7.28953 17.0725 13.7959 13.6761 11.831 14.2331 12.9513 12.4898 11.96 11.1708 13.6866 18.8254 17.7906 17.1337
threshold=77.970000000000013 0 5.5000000000000027 0.10776732737722504 1 0.59013696089731937 0.50000000000000056 0.0010509560440744783 12.500000000000002 0.55703620147469068 0.36362668058428566 5.9231053599923937 0.32585119432836368 0.37909722949222763
decision_type=10 9 10 10 9 8 10 8 2 10 10 2 10 10
left_child=4 2 -2 -3 7 6 8 -1 9 10 13 12 -12 -6
right_child=1 3 -4 -5 5 -7 -8 -9 -10 -11 11 -13 -14 -15
leaf_value=-0.015548494147790512 0.004569176007393253 0.041775707687884966 -0.030305369777139025 -0.011017469626816528 -0.014272341745946469 0.010041916753675792 0.0085973237301419543 0.005380521961707802 0.013059679755585371 -0.0070335212475051666 0.032160577930927359 -0.0043732942425968131 -0.0045346385478550804 0.0073376032300353777
leaf_weight=74.047383625525981 515.17983792535961 11.579518299549816 29.012842223979533 556.96530682034791 223.728102712892 252.92552234698087 239.58772978791967 1438.3012040695176 101.25863634422421 1381.8063276601024 106.54433133918792 139.67862325627357 47.346808560192585 154.16211475571617
leaf_count=919 2920 61 164 3119 2048 1725 1743 9619 609 9454 653 896 309 1313
internal_value=-0.000154072 -0.00374674 0.00260984 -0.00970045 0.000807723 -0.00121025 -0.00240773 0.00431767 -0.00363493 -0.0044642 0.000825841 0.00890867 0.0209144 -0.00546036
internal_weight=5272.12 1112.74 544.193 568.545 4159.39 2647.04 2394.11 1512.35 2154.52 2053.27 671.46 293.57 153.891 377.89
internal_count=35552 6264 3084 3180 29288 18750 17025 10538 15282 14673 5219 1858 962 3361
cat_boundaries=0 2 4
cat_threshold=682367057 17 2211542798 4
is_linear=0
shrinkage=0.05


Tree=275
num_leaves=15
num_cat=2
split_feature=8 11 30 19 27 27 8 27 30 41 24 4 27 28
split_gain=7.79819 6.9489 14.7053 13.3976 13.9494 22.3033 13.478 12.8194 12.108 16.1956 12.7288 11.4886 11.2951 15.2487
threshold=-6.4999999999999991 6.0179969130281608 0 90.855000000000018 0.61033660156467995 0.4627877730826333 69.500000000000014 0.63518719221608422 1 1.0000000180025095e-35 0.31274650950430821 -17.086114300236574 0.21800355830384657 0.16523359956869296
decision_type=8 2 9 10 10 8 8 10 9 2 10 10 8 10
left_child=-1 2 3 4 5 11 -7 -4 -3 10 12 -2 13 -10
right_child=1 8 7 -5 -6 6 -8 -9 9 -11 -12 -13 -14 -15
leaf_value=0.015522222308490406 -0.013283213815627108 0.0047504567209917525 -0.0020445213823106828 0.0049681706043943601 -0.051064926381712408 -0.0017870500162444009 0.05206226089310894 0.015798572898425133 0.013300385254410739 0.029176918692537825 -0.0055989000738184301 -0.038663202563063194 0.0066374312866825692 -0.01428722790186715
leaf_weight=73.408054698258638 110.74178323429078 1151.4214257127605 1518.0695626023225 94.293428785633296 25.763449900783598 98.031612847931683 12.173870492726563 106.80852588452399 69.527860077563673 40.678899750579149 1179.8823650376871 75.634432058315724 540.52257085684687 172.47298052208498
leaf_count=361 744 7440 10385 592 141 629 60 694 770 258 7764 584 3579 1498
internal_value=-0.000550007 -0.000780015 -0.00305218 -0.0112983 -0.0164066 -0.0132345 0.0045761 -0.000857368 0.000690973 -0.00165915 -0.00232134 -0.0237342 0.00262139 -0.00633907
internal_weight=5269.43 5196.02 2041.52 416.639 322.345 296.582 110.205 1624.88 3154.51 2003.08 1962.41 186.376 782.523 242.001
internal_count=35499 35138 13829 2750 2158 2017 689 11079 21309 13869 13611 1328 5847 2268
cat_boundaries=0 2 4
cat_threshold=1074902022 3 2235294726 7
is_linear=0
shrinkage=0.05


Tree=276
num_leaves=15
num_cat=3
split_feature=8 29 30 4 24 28 20 10 11 56 30 8 15 56
split_gain=7.99238 12.967 14.2335 10.601 13.8324 13.1577 10.8405 10.1738 10.9952 11.9977 10.1749 18.2019 12.355 11.153
threshold=18.500000000000004 0 1 -18.114941437230744 0.58218209326987924 0.38460009547757518 3.505000000000003 55.500000000000007 7.3148090948669653 10.500000000000002 2 42.500000000000007 15.100195942830798 13.500000000000002
decision_type=8 9 9 8 10 10 8 2 2 2 9 10 8 2
left_child=-1 -2 3 -3 5 -5 -6 8 10 -10 -4 -12 13 -13
right_child=1 2 7 4 6 -7 -8 -9 9 -11 11 12 -14 -15
leaf_value=0.0017920631650585027 -0.011647228309994123 -0.0094911106508228857 -0.015760887684424792 0.003546840045899675 0.020143329959810989 0.020073644489272992 -0.036768711367804775 0.044890443863393942 0.010678749487280736 -0.0087446591035842715 0.0017281086789672424 -0.019576050284505663 0.0093616569944864319 0.0072427635033444713
leaf_weight=2774.1458030813374 300.9364874381572 96.678482446819544 207.38991694664583 278.42542183119804 11.147329062223433 211.95495216641575 27.189508000388741 9.8728467319160682 233.11230620183051 119.4880304094404 600.00782867800444 282.48680124990642 55.979147518984973 44.379500923678279
leaf_count=20485 1748 558 1220 1801 63 1213 170 60 1299 704 3709 1700 376 273
internal_value=-5.12669e-05 -0.00211391 -0.000735187 0.00557354 0.00844612 0.0107165 -0.0201288 -0.00329752 -0.00365612 0.00409049 -0.0059525 -0.00367142 -0.0122118 -0.0159238
internal_weight=5253.19 2479.05 2178.11 625.396 528.717 490.38 38.3368 1552.72 1542.84 352.6 1190.24 982.853 382.845 326.866
internal_count=35379 14894 13146 3805 3247 3014 233 9341 9281 2003 7278 6058 2349 1973
cat_boundaries=0 1 3 5
cat_threshold=2428928 53608984 60 3221228804 1
is_linear=0
shrinkage=0.05


Tree=277
num_leaves=15
num_cat=2
split_feature=25 30 24 24 28 26 15 26 25 2 30 3 5 3
split_gain=6.20679 21.7111 16.5255 18.0897 18.3365 20.7443 13.509 14.6108 12.0353 11.3002 11.1713 15.6752 10.5306 14.4202
threshold=0.50272655615572071 0 0.61668347489802866 0.38161748715994004 0.35846864320972821 38.500000000000007 0.16268392681562766 206.50000000000003 -1.0000000180025095e-35 27.929004500071567 1 0.98496634721828435 1.0000000180025095e-35 0.231806285372017
decision_type=8 9 10 8 10 2 10 2 10 2 9 8 8 10
left_child=1 2 3 4 5 -1 7 12 -6 -7 11 -5 -3 -14
right_child=-2 6 -4 10 8 9 -8 -9 -10 -11 -12 -13 13 -15
leaf_value=-0.034982392228797864 -0.0012753765832472651 -0.033031869051988287 -0.039849672002099379 0.037479750083804608 0.018416577373514511 0.014036342391805651 0.010650814241100964 -0.014962138878019407 -0.039213751584650007 -0.039611133323843833 -0.0010140275315678919 -0.03218343872404282 0.021025531799992715 -0.0036824750757592419
leaf_weight=35.991342068649828 3719.5582720325328 15.313251522369681 33.151130120269954 49.658033111598343 9.7184279714710993 94.036023378372192 691.59356444561854 125.67733145225793 73.520051273517311 9.9778051394969207 174.16876301169395 8.810229452326892 115.70451202290133 119.02636360982433
leaf_count=294 24165 215 229 300 106 679 4456 1130 631 70 1215 62 1195 807
internal_value=-0.000166076 0.00248419 -0.00617061 -0.0037747 -0.0139123 -0.00280082 0.00644918 -0.00112136 -0.0323464 0.00856187 0.00597147 0.0227863 0.00586719 0.00853423
internal_weight=5275.91 1556.35 489.032 455.881 223.244 140.005 1067.32 375.721 83.2385 104.014 232.637 58.4683 250.044 234.731
internal_count=35554 11389 3586 3357 1780 1043 7803 3347 737 749 1577 362 2217 2002
cat_boundaries=0 2 3
cat_threshold=3776552456 21 524288
is_linear=0
shrinkage=0.05


Tree=278
num_leaves=15
num_cat=1
split_feature=16 4 0 29 28 8 18 24 5 7 12 4 0 56
split_gain=7.32036 6.94204 5.41109 10.1865 22.9788 14.8329 20.5195 13.3051 12.3451 11.3116 12.8064 10.1119 10.2207 9.96729
threshold=-46.177499999999995 -92.90901485044968 77.970000000000013 0 0.3394604954773921 4.5000000000000009 3.4437500000000014 0.33651271933315202 0.55335897435897452 7.5000000000000009 1.0000000180025095e-35 -14.88042485644374 70.485000000000014 5.5000000000000009
decision_type=8 8 8 9 8 8 8 10 8 2 2 10 10 2
left_child=-1 -2 3 4 -3 6 8 -8 -6 -5 13 12 -12 -11
right_child=1 2 -4 9 5 -7 7 -9 -10 10 11 -13 -14 -15
leaf_value=-0.031392133434810836 -0.036742275281437108 -0.015567261437622252 -0.00099451988790759415 0.0077654692368824794 0.038603591476007941 0.0075409958347666482 0.043994295543772752 -0.0019239106679477917 0.1056114758467241 -0.015096052996906088 -0.0047781764859211664 0.0048481479031273105 -0.045434825636112564 0.0059181411439735397
leaf_weight=17.657869379967451 11.836396988481283 62.033352734521031 3626.107265225146 384.82555042207241 19.463333679363135 130.31837091036141 25.659958396106958 38.446736298501492 11.657966151833532 251.9157612780109 82.869061959907413 496.53685946622863 18.090543931350112 72.03909181850031
leaf_count=101 65 478 23164 2269 154 774 207 334 84 2292 688 4084 116 592
internal_value=-0.000129023 -1.75274e-05 7.27684e-05 0.00250001 0.0108272 0.0186013 0.0335015 0.0168492 0.066211 0.000572665 -0.00243022 0.00191148 -0.0124374 -0.0104192
internal_weight=5249.46 5231.8 5219.96 1593.86 287.58 225.546 95.228 64.1067 31.1213 1306.28 921.451 597.496 100.96 323.955
internal_count=35402 35301 35236 12072 2031 1553 779 541 238 10041 7772 4888 804 2884
cat_boundaries=0 1
cat_threshold=2364674
is_linear=0
shrinkage=0.05


Tree=279
num_leaves=15
num_cat=4
split_feature=3 30 15 19 22 8 2 4 10 30 3 7 30 29
split_gain=6.27088 13.8662 12.5487 9.03124 9.11442 8.95262 8.57057 8.38637 8.18582 11.0267 9.76653 9.53471 11.8345 21.9102
threshold=0.89258701090513093 0 16.877545452992141 91.002500000000012 4.7975000000000003 45.500000000000007 6.1520227229030846 -0.65371112977763357 25.500000000000004 1 0.051826767663167711 14.500000000000002 2 3
decision_type=10 9 10 10 8 10 2 10 2 9 10 2 9 9
left_child=8 2 3 4 7 6 -3 -2 11 -10 -11 -1 13 -13
right_child=1 5 -4 -5 -6 -7 -8 -9 9 10 -12 12 -14 -15
leaf_value=0.0029691466108543721 0.0039972660549417406 -0.012092019618769562 0.030533144319516422 0.012204139610454816 -0.0026418083159487201 -0.00010146218977168368 -0.035657754478831231 -0.063191070781633371 -0.021721172149042678 0.027586561204394136 -0.0058297927199283464 0.0046814431067489885 0.0015763110821384559 -0.016411241523426805
leaf_weight=2989.1318217744119 7.2684084624052074 174.32173395529389 34.948007457423955 101.55312281474471 248.28821005299687 111.58335799537599 49.367360718548298 11.33308235183358 80.765008295886219 26.71512739919126 102.63078383263201 200.48188529256731 829.40407156851143 301.89342527650297
leaf_count=16513 44 1086 213 561 1346 672 288 70 593 194 719 1844 7529 3798
internal_value=0.00023565 -0.00403303 0.00227881 -0.000414919 -0.00524418 -0.0113419 -0.0174284 -0.0380731 0.000932282 -0.00868181 0.00114303 0.00140168 -0.00211602 -0.00807388
internal_weight=5269.69 738.663 403.391 368.443 266.89 335.272 223.689 18.6015 4531.02 210.111 129.346 4320.91 1331.78 502.375
internal_count=35470 4280 2234 2021 1460 2046 1374 114 31190 1506 913 29684 13171 5642
cat_boundaries=0 2 4 6 7
cat_threshold=2177635924 57 1124385026 49 1135353091 44 3163537
is_linear=0
shrinkage=0.05


Tree=280
num_leaves=15
num_cat=1
split_feature=4 15 1 1 27 8 7 18 25 30 25 20 27 12
split_gain=6.01223 12.2696 9.99826 8.0229 7.75947 13.5105 5.76265 17.3486 10.2668 9.15241 10.1853 7.91276 11.7844 7.83917
threshold=52.553255178693377 2.9243522567411273 1.1364637565078095 1.1432760787599501 0.52994706056958696 41.500000000000007 34.500000000000007 19.016250000000003 0.59992014679500394 0 3.3570044043687259 -84.399999999999991 0.35797561366206238 2.5000000000000004
decision_type=10 8 8 10 10 10 2 8 10 9 10 10 8 2
left_child=6 3 -3 -2 5 -5 -1 -8 -9 13 11 -11 -13 -10
right_child=1 2 -4 4 -6 -7 7 8 9 10 -12 12 -14 -15
leaf_value=0.00025013787202645847 -0.065298258088994907 -0.032066732122014129 0.013332798048680178 0.022285141361597465 -0.051527336161497184 -0.035774278152225128 -0.02781400017061323 -0.026388107284059298 -0.030625273978549875 0.015927102962863492 -0.0061822262496196876 0.12936588078106948 0.016350246628673178 0.013502187367016937
leaf_weight=4845.8742313752882 10.460671238601206 14.539925248362122 54.33898888155818 19.273075964301825 12.03185513243079 18.861715842038393 73.45431366795674 30.17065110290423 29.953115788754076 79.942542405799031 52.361379764974117 3.0795082421973321 6.1052822549827406 14.213866055011747
leaf_count=30594 62 96 313 114 68 105 1269 705 474 876 597 62 85 131
internal_value=-0.000429089 -0.0110271 0.00342749 -0.0272381 -0.0181807 -0.00661177 -0.000159718 -0.00700261 0.000175941 0.00461107 0.0105136 0.0214486 0.0632239 -0.0134596
internal_weight=5264.66 129.506 68.8789 60.6273 50.1666 38.1348 5135.15 289.281 215.826 185.656 141.489 89.1273 9.18479 44.167
internal_count=35551 758 409 349 287 219 34793 4199 2930 2225 1620 1023 147 605
cat_boundaries=0 2
cat_threshold=1078478108 15
is_linear=0
shrinkage=0.05


Tree=281
num_leaves=15
num_cat=2
split_feature=7 15 30 0 27 11 26 26 26 26 6 28 0 30
split_gain=5.9309 13.8489 16.9651 17.0532 14.5182 12.3767 10.1602 15.572 14.6154 9.83137 8.74581 9.51042 8.53555 17.5295
threshold=8.5000000000000018 3.5534718813353994 0 85.00500000000001 0.24332383257072257 6.6827159742622255 2199.5000000000005 415.50000000000006 3602.0000000000005 26.500000000000004 -13.499999999999998 0.32656046986970688 52.015000000000008 1
decision_type=2 10 9 10 10 2 2 2 2 2 8 10 10 9
left_child=1 -1 4 6 -3 -5 7 -4 -8 -6 11 -11 -2 -14
right_child=12 2 3 5 9 -7 8 -9 -10 10 -12 -13 13 -15
leaf_value=-0.0010790869277952184 -0.0006124599782709948 -0.013665454440306321 0.0028884243701021309 -0.02611816181623219 -0.001370760210075807 0.0060999624849156888 -0.037705232986507659 0.025197899520782503 0.0268303052478467 -0.023308996376181057 0.032815901288259876 0.01953934280127044 -0.00037747289959709062 -0.021849301619166879
leaf_weight=1759.3964594667777 2188.445312181022 34.706962066702545 337.11172821372747 82.128820776939392 43.404106669127941 45.97081520780921 27.563534051179886 100.9799563921988 11.823593854904173 14.61409569904208 132.19504298642278 77.93601131811738 262.3284351923503 142.24131368938833
leaf_count=9880 17945 173 1901 425 220 247 134 581 92 74 702 436 1767 954
internal_value=-0.000144958 0.00150987 0.00651967 0.00150622 0.0159325 -0.0145984 0.00587979 0.00807642 -0.0181477 0.0203919 0.0245823 0.0125966 -0.00184746 -0.00850998
internal_weight=5260.85 2667.83 908.435 605.578 302.856 128.1 477.479 438.092 39.3871 268.149 224.745 92.5501 2593.02 404.57
internal_count=35531 14865 4985 3380 1605 672 2708 2482 226 1432 1212 510 20666 2721
cat_boundaries=0 2 4
cat_threshold=1652073028 1 3800846364 25
is_linear=0
shrinkage=0.05


Tree=282
num_leaves=15
num_cat=2
split_feature=20 4 24 23 29 24 1 11 28 29 20 3 20 28
split_gain=7.23481 6.57987 6.09672 14.139 11.4756 14.026 24.38 11.8539 10.3313 9.13004 24.4025 19.2935 12.9186 12.4676
threshold=32.00500000000001 8.4627521587709875 0.29553463912591799 8.6372222222222259 0 0.25580983652058836 0.47641299510458396 6.0179969130281608 0.2285819190108134 1 19.280000000000001 0.077117095980871284 14.444999999999995 0.54214769292957055
decision_type=10 8 8 10 9 10 8 2 10 9 8 8 10 10
left_child=2 -2 3 4 8 7 -7 -6 -1 13 12 -12 -11 -4
right_child=1 -3 9 -5 5 6 -8 -9 -10 10 11 -13 -14 -15
leaf_value=0.044620255877282904 -0.020297414174932891 0.031976350662129442 0.00018647925317411221 -0.047832420328197407 -0.0071937468361736121 -0.024485558368321714 0.01434564992170375 0.0034178500521610702 0.0041911597372267023 0.0025657554544405883 0.0085212392239442155 -0.01292637271189602 0.049145225174593375 0.014114147038022022
leaf_weight=33.774882093071938 64.346431903541088 5.7378445621579877 1985.8291238578968 12.590746946167199 413.30366290686652 44.340465232729912 377.53708792664111 720.45775998476893 29.379502389580011 580.87242767959833 123.39411353506148 674.78679136931896 14.283290127292274 173.83084636740386
leaf_count=197 546 45 12995 434 3086 542 2127 5528 171 3505 998 3985 104 1237
internal_value=0.000215065 -0.0156281 0.000432211 0.00296163 0.00338599 0.00242916 0.0102161 -0.000453453 0.0226418 -0.000729699 -0.00386762 -0.00960418 0.00376419 0.00130748
internal_weight=5254.46 70.0843 5184.38 1631.38 1618.79 1555.64 421.878 1133.76 63.1544 3553 1393.34 798.181 595.156 2159.66
internal_count=35500 591 34909 12085 11651 11283 2669 8614 368 22824 8592 4983 3609 14232
cat_boundaries=0 1 2
cat_threshold=2360448 1081623
is_linear=0
shrinkage=0.05


Tree=283
num_leaves=15
num_cat=0
split_feature=24 21 55 26 6 18 6 26 24 1 26 21 21 25
split_gain=5.49584 13.5201 9.12256 9.06511 9.02771 15.3265 15.3566 13.6397 8.18522 10.772 10.5852 12.1843 10.0758 9.10792
threshold=0.29553463912591799 0.95557482569429641 19.500000000000004 25.500000000000004 16.500000000000004 -1.3499999999999981 57.500000000000007 355.50000000000006 0.2782391085041484 0.38910093299406284 388.50000000000006 0.96900087096965193 0.96050545000227194 -1.4658583636582896
decision_type=8 8 10 2 8 8 10 2 10 8 2 8 10 10
left_child=1 2 3 -1 -2 -6 -7 -8 10 -10 13 -12 -11 -3
right_child=4 8 -4 -5 5 6 7 -9 9 12 11 -13 -14 -15
leaf_value=0.027613784939142589 -0.00067001678942051057 0.040933832246023455 0.028445786312745781 -0.034511271809987816 0.021731730266242283 -0.013319295133749987 0.0047440691607120193 0.098080343910232112 -0.031926641499155445 0.0189199328515278 0.038908742871444461 -0.014448518927473765 -0.031189068849703679 0.0025657817037522349
leaf_weight=5.8868158515542737 3173.5383201818913 14.67283423990011 7.5076796552166334 49.866661217994988 37.836151924915612 383.68397942837328 13.122858025133612 4.6458211168646804 11.713249027729033 162.21472012903541 10.576694916933775 147.39047208428383 9.8027739431709033 1217.6416013226844
leaf_count=78 18241 90 63 886 334 4467 152 54 174 930 72 1010 70 8822
internal_value=-0.000512153 0.00189018 -0.0205924 -0.0275807 -0.00160107 -0.00831045 -0.0111888 0.0330734 0.00280628 0.0126952 0.00149124 -0.0106537 0.0159006 0.00305544
internal_weight=5250.1 1637.27 63.2612 55.7535 3612.83 439.289 401.453 17.7687 1574.01 183.731 1390.28 157.967 172.017 1232.31
internal_count=35443 12195 1027 964 23248 5007 4673 206 11168 1174 9994 1082 1000 8912
is_linear=0
shrinkage=0.05


Tree=284
num_leaves=15
num_cat=5
split_feature=7 11 25 30 28 29 24 24 30 0 30 28 30 24
split_gain=7.63379 13.3894 14.7903 17.1693 13.2679 11.7282 11.8197 19.3359 18.7671 16.5463 18.8383 13.503 13.3266 18.1968
threshold=6.5000000000000009 7.9370460703348744 3.7103370434251914 0 0.36102178876956587 1 0.37749732088680149 0.3332697732933303 2 8.5350000000000019 3 0.4219370875079384 4 0.2893791302250438
decision_type=2 2 8 9 8 9 10 10 9 10 9 8 9 10
left_child=-1 2 5 -4 -5 -2 7 9 -8 11 -11 12 13 -7
right_child=1 -3 3 4 -6 6 8 -9 -10 10 -12 -13 -14 -15
leaf_value=0.0029373615361674211 0.003299275405952803 0.0062573307251521555 -0.013443058117593691 0.019880162605390151 -0.0017669995303361684 0.033994854576347593 -0.011768643188059215 -0.025335968928265382 0.0036433160099211938 -0.0017192199381924388 -0.0298261422335191 0.030857647335106431 -0.0062188892414071165 -0.027706418321226257
leaf_weight=1969.9717602441087 455.84648034069687 531.65925691509619 76.769271972123533 197.70457872748375 109.71601966582239 47.885383936576545 280.93700003670529 157.2724938178435 601.31428937008604 121.38209554553032 124.39316392457113 28.805094761773944 533.53337575681508 14.980696766637264
leaf_count=11657 2874 3479 637 1336 684 471 2268 1261 4183 1016 1126 185 4185 124
internal_value=0.000477657 -0.000999099 -0.00240348 0.00668438 0.0117915 -0.00388114 -0.00558327 -0.00925277 -0.00136411 -0.0063229 -0.0172864 -0.00199231 -0.00362791 0.016504
internal_weight=5252.17 3282.2 2750.54 384.19 307.421 2366.35 1910.5 1028.25 882.251 870.98 245.775 625.205 596.399 62.8661
internal_count=35486 23829 20350 2657 2020 17693 14819 8368 6451 7107 2142 4965 4780 595
cat_boundaries=0 2 3 5 7 9
cat_threshold=537212242 8 1316130 3245230355 8 587484177 61 2152243222 6
is_linear=0
shrinkage=0.05


Tree=285
num_leaves=15
num_cat=2
split_feature=55 21 30 18 3 2 26 4 27 1 30 9 19 14
split_gain=5.33523 13.7895 9.11953 7.42996 7.28651 8.17174 5.75906 7.94638 5.86347 5.64804 19.9698 10.4074 13.5377 12.9219
threshold=31.500000000000004 1.0476582378078312 0 -0.25999999999999973 0.83912991669200998 21.809336368067402 114.50000000000001 -9.5276156900042945 0.24562491450040455 1.8521554341226476 1 1.0000000180025095e-35 97.500000000000014 5.0733333333333333
decision_type=10 8 9 10 8 2 2 10 8 8 9 2 10 8
left_child=9 -2 6 4 5 -4 -3 8 -8 -1 11 13 -13 -11
right_child=1 2 3 -5 -6 -7 7 -9 -10 10 -12 12 -14 -15
leaf_value=-0.00083937064826560817 -0.044919604902070726 0.0048063680426024304 0.0054928669151768084 -0.015084806693332526 -0.004582248800161226 0.062212550523788351 0.020739437659680213 -0.05986687384760743 -0.037393933040611151 0.026842896970075414 0.0083498247555571312 -0.010804902605000674 0.015173033725298331 -0.0042812618160043611
leaf_weight=3818.6498735561036 22.411870907992125 14.229715671390293 10.997420568019153 16.969363063573837 14.561735658906398 14.739337261766194 7.9854983016848555 13.680997685529292 7.4504953771829614 54.203334042802453 740.02964032022282 400.4232405340299 56.421117877587676 83.658436370547861
leaf_count=26621 175 78 84 116 74 73 64 82 48 362 4530 2367 309 653
internal_value=-0.000107276 -0.010355 -0.0022894 0.0102935 0.023579 0.0390879 -0.0172108 -0.0334877 -0.00788775 0.000139328 0.0029379 -0.00387434 -0.00757045 0.00806106
internal_weight=5276.41 123.026 100.615 57.2679 40.2985 25.7368 43.3467 29.117 15.436 5153.39 1334.74 594.706 456.844 137.862
internal_count=35636 794 619 347 231 157 272 194 112 34842 8221 3691 2676 1015
cat_boundaries=0 2 4
cat_threshold=2151759940 10 1611345671 19
is_linear=0
shrinkage=0.05


Tree=286
num_leaves=15
num_cat=1
split_feature=2 30 28 11 6 7 27 3 28 8 9 9 8 8
split_gain=7.39086 14.5713 11.2491 8.64073 8.44459 8.22633 7.49979 7.24084 9.21236 10.3828 8.35234 10.1588 6.19745 8.84644
threshold=85.889563623679535 0 0.44025789810667154 5.8030997639200441 7.5000000000000009 40.500000000000007 0.33495040173051904 0.28776486080182601 0.32244230403288793 48.500000000000007 4.5000000000000009 5.5000000000000009 139.50000000000003 84.500000000000014
decision_type=2 9 10 2 8 2 10 10 8 8 2 2 10 10
left_child=12 2 6 4 -3 7 -2 8 9 -5 -9 -12 13 -1
right_child=1 3 -4 5 -6 -7 -8 10 -10 -11 11 -13 -14 -15
leaf_value=0.00031822450329115439 -0.021192473515761923 -0.0032133912561767516 0.024934476844751072 0.074334648582795759 -0.055659698178806373 -0.026339828334901474 -0.055195743930251277 -0.0070277211355929698 -0.0049445968162017467 0.011913795769743281 0.061205522874271549 0.0063703944736984699 -0.032320851300109185 0.014368143192968724
leaf_weight=4813.8752015274949 55.365039024502039 18.842414982616901 9.0320031158626062 11.977718606591223 12.105170883238317 20.714059192687273 23.516254829242826 106.79692318290472 16.87567606382072 14.637993633747103 9.4857608973979932 44.993151875212789 13.298269720748065 113.70818270929158
leaf_count=32830 375 104 48 71 71 238 154 598 98 98 50 232 103 692
internal_value=5.58717e-05 -0.00701586 -0.0232281 -0.000468564 -0.0248279 0.00294896 -0.0318937 0.00602539 0.0238836 0.0416792 0.00109206 0.0168493 0.000550038 0.000645288
internal_weight=5285.22 344.342 87.9133 256.429 30.9476 225.481 78.8813 204.767 43.4914 26.6157 161.276 54.4789 4940.88 4927.58
internal_count=35762 2137 577 1560 175 1385 529 1147 267 169 880 282 33625 33522
cat_boundaries=0 2
cat_threshold=536892504 34
is_linear=0
shrinkage=0.05


Tree=287
num_leaves=15
num_cat=4
split_feature=24 30 10 1 0 27 26 29 4 3 28 19 29 30
split_gain=5.70577 23.1805 11.5012 17.1259 10.3261 9.64142 9.22484 8.90291 8.84673 12.5863 8.46556 6.71957 14.6001 11.4611
threshold=0.58218209326987924 0 10.500000000000002 1.0578316610925309 99.145000000000024 0.63518719221608422 195.50000000000003 1 -31.069272066289283 0.87706418114949181 0.38751630445330004 55.810000000000009 2 3
decision_type=8 9 2 8 8 10 2 9 8 10 8 8 9 9
left_child=11 2 3 5 -4 -2 8 10 -5 -10 -3 12 -1 -14
right_child=1 7 4 6 -6 -7 -8 -9 9 -11 -12 -13 13 -15
leaf_value=0.0074039235337472007 0.038930858709831623 0.042553357845878985 0.023055434699293987 0.019265416607714303 -0.037382903779180153 -0.029115001290710714 -0.057063269218667473 -0.015015807808216887 -0.048385829440424355 0.0055100433637861419 0.0068282245903798916 0.00097825179759533794 0.00098048488776823328 -0.014122002305207416
leaf_weight=191.54511888418347 12.318872780539097 18.03225751966238 22.386765032075349 9.011381618678568 9.1410351246595365 7.6364209074527016 37.025410896167159 33.25459960103035 36.115085106343031 15.029557175934313 134.09284066036344 4187.8475487418473 205.5537348552607 327.7869540322572
leaf_count=1642 105 98 137 44 52 58 223 240 209 89 882 26664 1785 3349
internal_value=-0.000221842 -0.00653506 -0.0204012 -0.0289278 0.00492166 0.0127445 -0.0375275 0.00543749 -0.0247669 -0.0327458 0.0106196 0.000208671 -0.00423261 -0.00839919
internal_weight=5246.78 334.044 148.665 117.137 31.5278 19.9553 97.1814 185.38 60.156 51.1446 152.125 4912.73 724.886 533.341
internal_count=35577 2137 917 728 189 163 565 1220 342 298 980 33440 6776 5134
cat_boundaries=0 2 3 4 6
cat_threshold=2726921758 11 565504 2109442 3791752466 29
is_linear=0
shrinkage=0.05


Tree=288
num_leaves=15
num_cat=1
split_feature=29 5 3 11 7 17 8 28 7 7 1 8 3 19
split_gain=5.83064 10.0489 9.38601 10.2315 9.65619 8.9167 8.76216 8.32691 8.26171 10.1341 15.1597 9.57697 10.5926 8.95531
threshold=0 1.0000000180025095e-35 0.55847973492535752 6.7064588214538938 24.500000000000004 3.5000000000000004 62.500000000000007 0.12870011953118718 -2.4999999999999996 6.5000000000000009 2.9269563008130084 74.500000000000014 0.70033485659066841 94.330000000000013
decision_type=9 8 10 2 2 2 10 8 2 2 8 10 10 10
left_child=5 -2 -3 6 -5 -1 7 -4 -8 10 13 -11 -13 -10
right_child=1 2 3 4 -6 -7 8 -9 9 11 -12 12 -14 -15
leaf_value=-0.0041144288430313156 -0.01205259723485364 0.003348344099714233 0.033948213998418512 0.0049485065246288491 -0.020325171142221675 0.035734450203757408 -0.035987607434291961 -0.0064842643269475576 0.060708594110203656 0.022749335084923702 0.0032960973610082277 0.021655253512254769 -0.031930202175297684 0.0013347456762382427
leaf_weight=965.51213557086885 146.87868553586304 2293.2924826336093 11.920212505385278 636.97180281765759 39.193663220852613 13.253238273784516 9.6640074122697097 1001.2115667965263 25.37078470364213 20.296070715412498 49.868975877761841 11.796129416674374 33.449672101996839 8.4255923070013505
leaf_count=5811 1443 17449 93 3398 349 96 75 6032 152 116 269 69 210 70
internal_value=-4.33698e-05 0.000753334 0.00121212 -0.00143898 0.00345568 -0.00350317 -0.0042634 -0.00597554 0.00662409 0.00960522 0.0210379 -0.00508567 -0.0177936 0.0463702
internal_weight=5267.11 4288.34 4141.46 1848.17 676.165 978.765 1172 1013.13 158.871 149.207 83.6654 65.5419 45.2458 33.7964
internal_count=35632 29725 28282 10833 3747 5907 7086 6125 961 886 491 395 279 222
cat_boundaries=0 1
cat_threshold=3219536
is_linear=0
shrinkage=0.05


Tree=289
num_leaves=15
num_cat=2
split_feature=27 3 7 24 24 30 1 3 28 30 24 3 7 3
split_gain=6.0392 9.48075 8.16862 6.03023 6.98963 8.47705 10.0016 9.38531 5.61904 12.4698 7.01073 6.64851 5.6782 6.97268
threshold=0.71670088411480548 0.39336656919470875 8.5000000000000018 0.87411960992496507 0.63504301111302186 0 1.4214638157894739 0.87189964068187031 0.56413964450940346 1 0.58218209326987924 1.1708729081769713 14.500000000000002 0.20587900470415701
decision_type=10 10 2 10 10 9 10 8 10 9 10 8 2 8
left_child=3 2 -2 4 8 6 -6 -7 -1 -10 11 12 -11 -14
right_child=1 -3 -4 -5 5 7 -8 -9 9 10 -12 -13 13 -15
leaf_value=-0.00064819830335419854 0.03167209694750036 -0.035384143226686315 -0.021650701147894028 -0.035464546026652742 0.021929487261682663 0.0296028936395131 -0.047277569787341128 -0.011330582404119237 -0.013872974200707372 0.042491808652151915 -0.014451690109461924 -0.0078420876192373586 0.040595385905482596 -0.030736709445291683
leaf_weight=4986.6708754324354 13.338568545877935 29.87912430614233 13.426268398761747 11.109445691108702 7.9473811648786095 64.415059926919639 12.001137536019085 17.237781628966331 31.963223533704877 46.19773868098855 10.548114635050295 10.462779074907301 5.5213085003197167 6.2264416199177512
leaf_count=33862 100 165 96 47 51 399 73 96 213 271 79 76 82 40
internal_value=-0.000399888 -0.016495 0.00510695 -0.000221778 -0.000139667 0.0127813 -0.0135209 0.01867 -0.000399654 0.0106802 0.0199136 0.0282134 0.0347463 0.00334318
internal_weight=5266.95 56.644 26.7648 5210.3 5199.19 101.601 19.9485 81.6528 5097.59 110.92 78.9564 68.4083 57.9455 11.7478
internal_count=35650 361 196 35289 35242 619 124 495 34623 761 548 469 393 122
cat_boundaries=0 2 3
cat_threshold=10 11 42231106
is_linear=0
shrinkage=0.05


Tree=290
num_leaves=15
num_cat=1
split_feature=8 26 7 8 4 7 15 30 26 3 19 8 17 18
split_gain=7.10581 6.80159 7.82183 9.10627 6.72756 6.72308 12.7949 14.9404 16.4909 14.3624 11.2435 11.1917 14.8692 16.0579
threshold=-2.4999999999999996 65.500000000000014 21.500000000000004 -14.499999999999998 -4.4557168503306084 14.500000000000002 4.1213292090160616 0 388.50000000000006 0.26582936493959636 1.8750000000000002 19.500000000000004 1.5000000000000002 -0.86749999999999872
decision_type=8 2 2 10 10 2 10 9 2 10 8 10 2 8
left_child=1 2 -1 -4 -3 -2 7 8 -7 -8 -9 12 -12 -14
right_child=5 4 3 -5 -6 6 9 10 -10 -11 11 -13 13 -15
leaf_value=-0.010808671750415756 0.00091127250383722766 0.0499656319478703 -0.012217949429793644 0.046368101597714796 0.0092423112674706268 -0.0051011223974101591 -0.031717655085153222 -0.034304040234408882 -0.036589908657322638 -0.0059767636353826696 0.0063927454192191265 -0.0040417870203024358 0.08185683861562372 0.0043772185006298184
leaf_weight=40.829670786857605 3761.6645104316995 18.595996640622616 10.361738987267019 15.872343629598616 22.194768518209457 269.51205251598731 72.139378718100488 18.681388800498098 48.270562921650708 211.76372031169012 465.2538618799299 277.61473266640678 12.965760097838936 13.060791280120613
leaf_count=205 21012 95 49 87 113 3080 763 416 885 1750 4886 1985 108 219
internal_value=8.05493e-05 0.0127225 0.00281204 0.0236293 0.0285589 -0.000186576 -0.00315771 -0.000721819 -0.00968032 -0.0126059 0.00298547 0.00397363 0.00850203 0.0445762
internal_weight=5258.78 107.855 67.0638 26.2341 40.7908 5150.93 1389.26 1105.36 317.783 283.903 787.577 768.895 491.28 26.0266
internal_count=35653 549 341 136 208 35104 14092 11579 3965 2513 7614 7198 5213 327
cat_boundaries=0 2
cat_threshold=1131023626 44
is_linear=0
shrinkage=0.05


Tree=291
num_leaves=15
num_cat=3
split_feature=28 28 24 7 14 7 29 4 19 15 30 24 11 30
split_gain=6.04179 9.60558 7.81049 6.80246 5.56898 5.28567 10.7823 12.029 11.7657 10.5486 10.1648 14.2455 10.1391 22.514
threshold=0.75221178478445261 0.70264570521823866 0.87411960992496507 7.5000000000000009 -17.727499999999996 7.5000000000000009 0 -1.0000000180025095e-35 98.250000000000014 5.7550842181677311 1 0.39776766871860231 6.1733901913371669 2
decision_type=10 10 10 2 8 2 9 8 10 10 9 10 2 9
left_child=1 2 4 -2 -1 6 -6 8 10 -9 11 -8 13 -7
right_child=3 -3 -4 -5 5 12 7 9 -10 -11 -12 -13 -14 -15
leaf_value=-0.034343488526872322 0.043791644001204097 -0.038456508264447409 -0.038400817763772709 -0.012365944501195977 0.0042452871274035004 -0.01672977651643931 0.0098141485375356999 -0.013263489158857226 -0.031216664473271417 0.0062167865483313718 0.017710747235598606 -0.047937453916531633 0.0010849084267357061 -0.00090496645174826379
leaf_weight=10.773916232399641 14.962203476577999 15.368013042956589 12.272078111767767 7.5911844857037059 1502.2572889160365 286.55203697970137 29.328246861696243 300.35162970051169 17.404848985373974 89.665588911622763 119.22220918908715 15.562248572707174 1880.2100748452358 939.72230846108869
leaf_count=65 115 105 54 62 9097 2538 158 1613 98 461 634 87 13784 6686
internal_value=-9.95251e-05 -0.00021352 -9.32017e-05 0.0251672 4.7394e-06 8.27913e-05 0.00203701 -0.00377289 0.00676915 -0.0087805 0.0109624 -0.00887997 -0.00122202 -0.00475717
internal_weight=5241.24 5218.69 5203.32 22.5534 5191.05 5180.28 2073.79 571.535 181.518 390.017 164.113 44.8905 3106.48 1226.27
internal_count=35557 35380 35275 177 35221 35156 12148 3051 977 2074 879 245 23008 9224
cat_boundaries=0 1 3 5
cat_threshold=823981 33604864 34 55258182 7
is_linear=0
shrinkage=0.05


Tree=292
num_leaves=15
num_cat=2
split_feature=7 54 10 30 14 1 13 1 6 1 1 8 0 30
split_gain=6.63165 12.2298 7.44174 9.68123 10.3394 8.0728 6.8224 9.00505 6.55284 7.60625 13.9759 6.48026 5.95316 14.5357
threshold=34.500000000000007 1.0000000180025095e-35 1.0000000180025095e-35 0 0.12374999999999937 1.4763764880952384 12.752500000000001 0.38910093299406284 -10.499999999999998 0.42163742690058487 0.29198717948717956 37.500000000000007 77.970000000000013 1
decision_type=2 10 2 9 10 8 8 8 10 10 10 10 8 9
left_child=12 2 6 4 5 8 -2 -8 -4 10 -10 -5 13 -1
right_child=1 -3 3 11 -6 -7 7 -9 9 -11 -12 -13 -14 -15
leaf_value=0.0082267167694329915 -0.053989733602166724 -0.028938659155803733 0.087771902510696026 -0.00050258226822079389 -0.02031874708839472 -0.024400449132878171 -0.035385406183407263 0.0044667366381106154 0.010947843352716742 0.0064403458439524141 0.10220300738393427 -0.033518684167821701 -0.00027999844250633214 -0.0016639067592138313
leaf_weight=765.46042471844703 9.0648069297894818 50.758875074796379 5.4301723949611178 100.89095119154081 10.807775233872233 4.8245622571557751 20.618936721235514 40.623121405951679 9.3748375978320855 17.368369918316603 7.0172153180465093 16.436163173988461 3463.920394458808 710.86383187491447
leaf_count=5156 117 909 29 1502 160 36 488 380 170 154 81 189 21123 4974
internal_value=0.000419164 -0.00687366 -0.00215441 0.00345345 0.0187414 0.0327341 -0.0157414 -0.0093036 0.0401998 0.0302431 0.0536432 -0.00495332 0.000853314 0.00351081
internal_weight=5233.46 293.216 242.457 172.15 54.8229 44.0152 70.3069 61.2421 39.1906 33.7604 16.3921 117.327 4940.24 1476.32
internal_count=35468 4215 3306 2321 630 470 985 868 434 405 251 1691 31253 10130
cat_boundaries=0 2 4
cat_threshold=1880342 17 1653378576 36
is_linear=0
shrinkage=0.05


Tree=293
num_leaves=15
num_cat=1
split_feature=7 14 28 45 28 3 29 3 1 56 3 26 1 25
split_gain=5.98921 8.59319 8.38717 12.2967 12.669 9.83292 7.98889 13.5166 10.6218 10.5618 9.79852 8.8874 8.23492 11.3798
threshold=34.500000000000007 0.071250000000000049 0.16523359956869296 1.0000000180025095e-35 0.16334575918335179 0.10699259268362214 0 0.037762885411872997 0.75114678899082576 4.5000000000000009 0.025018362277011364 355.50000000000006 0.34630526953361601 1.4885799625987497
decision_type=2 10 8 2 8 10 9 10 8 2 10 2 10 8
left_child=2 6 3 4 -1 -5 11 8 9 10 12 -2 -8 -14
right_child=1 -3 -4 5 -6 -7 7 -9 -10 -11 -12 -13 13 -15
leaf_value=-0.0062205924500909416 0.0034506628860835435 -0.030032672582900485 0.00033178834892779732 0.069853396020569156 0.042822255112703232 0.019058951811572498 -0.018646813757095589 -0.023022710763959318 -0.025626010255719669 0.089199224982838027 0.082140459217365958 0.058579132788559043 0.085576468092107838 0.0012495456733315577
leaf_weight=85.228724693879485 96.13342384621501 33.670665632002056 4793.7765018297359 11.446032760664819 14.542749516665934 46.7381831118837 20.198700769804418 92.219779649749398 17.184116088785231 3.8849904509261242 3.3521922756917766 6.928308615460991 4.7308442126959562 13.352887319400908
leaf_count=622 859 637 30234 71 75 312 526 1523 256 93 61 77 83 146
internal_value=0.000295891 -0.00665458 0.000706533 0.012006 0.00128193 0.0300627 -0.00349923 -0.010281 0.0069119 0.0194821 0.0110371 0.00701031 0.00287843 0.0266384
internal_weight=5243.39 291.656 4951.73 157.956 99.7715 58.1842 257.985 154.924 62.7037 45.5196 41.6346 103.062 38.2824 18.0837
internal_count=35575 4261 31314 1080 697 383 3624 2688 1165 909 816 936 755 229
cat_boundaries=0 1
cat_threshold=12288
is_linear=0
shrinkage=0.05


Tree=294
num_leaves=15
num_cat=3
split_feature=16 30 25 0 24 26 30 26 5 7 24 25 8 30
split_gain=6.32388 9.98831 9.59846 8.84166 14.3674 11.177 11.1218 9.42639 9.18952 7.88568 9.11012 7.268 7.15475 7.10521
threshold=-1.0000000180025095e-35 0 0.55703620147469068 81.535000000000011 0.20577984003231176 980.00000000000011 1 119.50000000000001 0.55708994708994719 17.500000000000004 0.25580983652058836 0.54737172422944824 34.500000000000007 2
decision_type=8 9 10 10 10 2 9 2 8 2 10 10 10 9
left_child=1 3 11 4 7 6 -6 -1 -7 10 -4 -3 -5 -12
right_child=-2 2 9 12 5 8 -8 -9 -10 -11 13 -13 -14 -15
leaf_value=0.019283038599093669 -0.0011029456896962015 0.0028526154672514742 0.040547306517479516 -0.020090057773402118 -0.010587948748882189 -0.017126897283300743 0.030304156132330867 -0.050632999915018177 0.029079384607216846 -0.010465145270482368 0.0017871224033431153 -0.033004009854272924 0.0014453287316581202 0.021769114248749583
leaf_weight=6.1414544698782292 4577.6761688431725 83.754115205258131 36.978994326665998 89.423333400860429 19.913667055778205 42.299946345388889 64.693809499964118 15.78727744752541 13.345566961914299 26.379282114561647 90.873898260295391 15.971584316343067 67.033649256452918 100.36120300740004
leaf_count=60 31507 532 190 515 127 247 390 135 80 282 506 84 363 596
internal_value=-0.000437415 0.00408466 0.00969387 -0.00239192 0.005698 0.0116252 0.0229714 -0.031065 -0.00572743 0.015101 0.0180889 -0.00316066 -0.0109127 0.0135579
internal_weight=5250.63 672.958 354.319 318.639 162.182 140.253 84.6075 21.9287 55.6455 254.593 228.214 99.7257 156.457 191.235
internal_count=35614 4107 2190 1917 1039 844 517 195 327 1574 1292 616 878 1102
cat_boundaries=0 2 4 6
cat_threshold=66236954 36 2097168 36 3221226757 11
is_linear=0
shrinkage=0.05


Tree=295
num_leaves=15
num_cat=2
split_feature=3 29 30 6 5 2 13 16 25 11 2 14 5 2
split_gain=5.51587 12.524 15.3834 15.9499 14.1849 12.8286 12.7501 11.1961 10.7763 11.8571 10.7546 10.6196 10.2197 10.019
threshold=0.55847973492535752 0 1 -35.499999999999993 0.33655035714285725 22.479218065828849 4.7825000000000015 -11.977499999999997 3.8899955590557456 5.720426517539285 0.36508559858771111 19.413750000000004 0.53172734693877555 11.961379970605369
decision_type=10 9 9 10 8 2 8 8 10 2 2 8 8 2
left_child=-1 6 3 4 5 -3 -2 11 9 10 -5 -4 -6 -8
right_child=1 2 7 8 12 -7 13 -9 -10 -11 -12 -13 -14 -15
leaf_value=0.0019097985917026997 0.0027923500446572205 -0.022627849209002678 0.05369361425924421 -0.035343363309009106 0.026116095606230239 0.023717589680739323 -0.021942462802388735 0.0031009148884493815 -0.036485542606151736 -0.0043213707775588842 0.010983012531219858 -0.0054728271057810562 0.0027217662864411686 -0.0013051721842722668
leaf_weight=2946.5431772139855 143.5197864016518 74.490585703402758 20.271796969696879 63.045149342156947 65.393596600741148 17.74474710971117 189.51145668607205 1141.8566430136561 40.230963762849569 267.39483789168298 15.072298537939785 11.519716143608095 158.183494374156 85.2646548692137
leaf_count=22406 835 456 116 364 368 91 1126 6560 207 1489 75 62 884 478
internal_value=0.000478874 -0.00135952 0.000408184 -0.00539975 0.00285214 -0.0135529 -0.00905979 0.00389782 -0.0122852 -0.00937018 -0.0263791 0.0327414 0.00965015 -0.0155665
internal_weight=5240.04 2293.5 1875.2 701.556 315.812 92.2353 418.296 1173.65 385.743 345.512 78.1174 31.7915 223.577 274.776
internal_count=35517 13111 10672 3934 1799 547 2439 6738 2135 1928 439 178 1252 1604
cat_boundaries=0 1 3
cat_threshold=595526 51491355 15
is_linear=0
shrinkage=0.05


Tree=296
num_leaves=15
num_cat=2
split_feature=7 15 29 15 2 0 15 14 18 1 29 19 25 25
split_gain=6.71524 13.4378 9.63422 12.6747 12.1535 9.53033 9.23245 13.5051 11.5511 10.2345 11.5359 9.3958 8.73299 13.8671
threshold=11.500000000000002 4.1213292090160616 0 9.5978572242454145 5.5168096989366768 74.515000000000015 0.32218980322644347 1.1254999999999997 2.5000000000000022 1.192539388322521 1 98.250000000000014 1.0471806765223921 1.1299496583367972
decision_type=2 10 9 10 2 10 10 8 10 10 9 10 10 10
left_child=-1 6 3 -3 5 -4 9 -8 -9 12 11 -11 -2 -14
right_child=1 2 4 -5 -6 -7 7 8 -10 10 -12 -13 13 -15
leaf_value=0.0013485343878692256 -0.0076908705982320375 -0.0057759528269359529 -0.012026088810161508 0.034868236923322089 -0.037438166610113573 0.030380835549583169 -0.019730683568896994 0.0083255100171185075 -0.017822452559662218 -0.0073317934128265226 -0.028153407426786681 0.040504611547903538 0.039558934895831004 0.0015232551535852578
leaf_weight=3318.8662220165133 266.25686081591994 76.070082728751004 299.53747100615874 24.557645935565233 46.37007986754179 12.922611855436115 52.781469613313675 570.86521498952061 44.67456369381398 81.430663524195552 70.385131143499166 10.72614164277911 24.736294109374285 349.30440270295367
leaf_count=18354 3906 523 2440 201 299 113 508 3964 433 599 565 87 222 3426
internal_value=-1.52979e-05 -0.0023593 -0.00981363 0.0039954 -0.0134244 -0.0101809 -2.61612e-05 0.00431167 0.00640192 -0.00363805 -0.0148015 -0.00125442 -0.000785493 0.00413743
internal_weight=5249.48 1930.62 459.458 100.628 358.83 312.46 1471.16 668.321 615.54 802.839 162.542 92.1568 640.298 374.041
internal_count=35640 17286 3576 724 2852 2553 13710 4905 4397 8805 1251 686 7554 3648
cat_boundaries=0 1 2
cat_threshold=2376704 25605
is_linear=0
shrinkage=0.05


Tree=297
num_leaves=15
num_cat=4
split_feature=7 4 28 30 30 28 31 25 4 27 29 30 24 5
split_gain=7.63776 14.915 14.4054 24.3767 18.3398 14.9071 13.3619 13.1482 18.9248 13.0667 12.5252 11.2055 11.1744 11.0254
threshold=10.500000000000002 -3.7628276076902094 0.2893774037423319 0 1 0.30525248444956837 3.5000000000000004 0.082287232504930766 0.14381598814836719 0.44374302238376134 2 3 0.32824664002860199 0.6622818181818183
decision_type=2 8 10 9 9 10 2 8 8 10 9 9 10 10
left_child=-1 6 4 -4 -3 -5 9 8 -6 10 12 -7 -2 -9
right_child=1 2 3 5 7 11 -8 13 -10 -11 -12 -13 -14 -15
leaf_value=0.0020077246936318124 0.047578752930118859 -0.017100907648808419 0.013510170389682242 -0.030572535895479282 0.06628197816157895 -0.015224590743380333 0.013942736605938158 0.010440747641844807 -0.037667516213074376 -0.0020853324900473864 -0.024541725163600248 -0.0019499921631678128 -0.022020626815961578 -0.035305702163743589
leaf_weight=2922.7212044559419 12.6806419454515 72.342144671361893 169.21230321284384 59.82540831528604 4.211821767501533 196.87580308550969 48.986504829488695 646.12341057881713 28.288194034714252 147.29545068228617 199.13598123146221 720.73919917875901 9.1776229124516231 12.489742576144634
leaf_count=16276 71 599 1161 477 67 1822 375 5257 388 1118 2060 5656 66 211
internal_value=0.000306225 -0.00183046 4.21743e-05 -0.00349984 0.00535963 -0.00652674 -0.0103821 0.00786543 -0.0226198 -0.0136466 -0.0213083 -0.00499851 0.0129888 0.00952102
internal_weight=5250.11 2327.38 1910.11 1146.65 763.455 977.44 417.276 691.113 32.5 368.29 220.994 917.615 21.8583 658.613
internal_count=35604 19328 15638 9116 6522 7955 3690 5923 455 3315 2197 7478 137 5468
cat_boundaries=0 2 4 5 7
cat_threshold=2152923732 34 3759150096 16 3146754 19712258 5
is_linear=0
shrinkage=0.05


Tree=298
num_leaves=15
num_cat=2
split_feature=29 30 3 24 24 17 24 32 15 27 28 8 24 19
split_gain=5.14892 16.6291 15.3686 12.3854 10.8199 7.86689 6.843 6.78492 6.43027 6.34948 9.81038 6.05986 6.02921 7.71945
threshold=0 1 0.22275885970391338 0.38161748715994004 0.48872605843640055 1.5000000000000002 0.44326520632617245 22.500000000000004 1.4839379272012787 0.6408744492792493 0.47272510044765914 6.5000000000000009 0.40557289142795427 29.000000000000004
decision_type=9 9 10 8 8 2 10 10 10 10 8 8 10 10
left_child=1 5 3 8 6 9 12 -2 11 10 -1 -3 -4 -14
right_child=7 2 4 -5 -6 -7 -8 -9 -10 -11 -12 -13 13 -15
leaf_value=0.016199439843653542 -0.00059322332435026424 0.076921681829625332 -0.0025221512283955237 -0.0027635751208565668 -0.036627344390935193 -0.024519271888975527 0.023472288618077462 -0.019526206111401601 0.0029509155720669256 -0.0065545166592441365 0.047333328962857399 0.018526796016477973 -0.053363474847628559 0.00014435739222229109
leaf_weight=83.562037017196417 4817.633297205437 11.945004468783738 72.81199686601758 36.773649217560887 34.5080452170223 8.924546189606188 16.939770266413689 46.791272156406194 8.2173406705260259 16.706728905439377 36.528709759935737 7.9900802709162262 14.483244132250549 11.927757292985914
leaf_count=481 33135 89 406 260 185 68 91 297 48 87 192 47 79 59
internal_value=-0.000346256 0.00532317 -0.00355212 0.0164596 -0.0124613 0.0177819 -0.00503104 -0.000777719 0.0408031 0.0219899 0.0259823 0.0555197 -0.0100829 -0.0300745
internal_weight=5225.74 361.319 215.597 64.9261 150.671 145.722 116.163 4864.42 28.1524 136.797 120.091 19.9351 99.223 26.411
internal_count=35524 2092 1264 444 820 828 635 33432 184 760 673 136 544 138
cat_boundaries=0 1 3
cat_threshold=264107 2150521686 18
is_linear=0
shrinkage=0.05


Tree=299
num_leaves=15
num_cat=4
split_feature=8 30 30 29 10 28 24 26 23 29 7 1 3 26
split_gain=6.68772 17.5277 16.348 15.1379 14.9144 14.0912 16.3909 12.9381 12.175 11.9829 17.8022 12.5222 11.838 11.8212
threshold=1.5000000000000002 0 1 2 1.0000000180025095e-35 0.19132350259105949 0.19202402185589415 2199.5000000000005 -0.43708333333333332 3 13.500000000000002 1.3096638655462187 0.010909619343968424 3.5000000000000004
decision_type=8 9 9 9 2 10 10 2 8 9 2 10 8 2
left_child=1 13 3 -2 -4 8 -7 -3 -5 10 -6 -11 -10 -1
right_child=2 7 4 5 9 6 -8 -9 12 11 -12 -13 -14 -15
leaf_value=-0.016746633217794238 -0.021307773014648829 -0.0040592322331280415 -0.0010799067545242892 -0.041430096528450061 0.0036174129556799609 -0.023637035801855669 -0.0014241695747065372 -0.025600431389289094 0.061340991803300486 0.014950273148147016 -0.033782041877966372 0.0044713398725963697 0.01158390521330291 0.011764969734410423
leaf_weight=41.026419129222631 88.883308340795338 1094.1308525055647 817.09970634290949 8.9344778498634678 147.44086058437824 87.91847766796127 1261.0099997157231 73.517300926614553 12.132961185649036 542.73108175676316 39.522701853886247 601.94551565079018 145.67234367597848 272.74037950579077
leaf_count=367 487 9612 4778 101 804 604 7174 617 96 3387 342 3629 964 2584
internal_value=0.000255707 -0.00258788 0.00137846 -0.00243529 0.00421785 -0.001183 -0.00288836 -0.00539013 0.0124779 0.0074986 -0.00420263 0.00936672 0.0157717 0.0077494
internal_weight=5234.71 1481.41 3753.29 1604.55 2148.74 1515.67 1348.93 1167.65 166.74 1331.64 186.964 1144.68 157.805 313.767
internal_count=35546 13180 22366 9426 12940 8939 7778 10229 1161 8162 1146 7016 1060 2951
cat_boundaries=0 2 4 5 6
cat_threshold=2739446533 34 2059511061 38 1376256 2625920
is_linear=0
shrinkage=0.05


end of trees

feature_importances:
state=618
months_to_anticipated_completion=395
sector=298
sector_slip_4q=270
agency_slip_rate=218
agency_cost_optimism=192
agency_n=176
agency_slip_4q=171
slip_to_date_months=155
expenditure_ratio=154
physical_progress_pct=142
elapsed_ratio=126
spend_velocity_2q=120
log_cost=112
scurve_deviation=94
expected_progress_scurve=79
months_to_scheduled_completion=70
sector_yoy_growth=70
months_since_last_revision=65
spi=63
sector_trend_4q=63
burn_gap=60
cost_variation_pct=53
sector_actual_target_ratio=52
progress_velocity_4q=49
ext_remark_quarters=41
months_since_last_obs=40
acceleration=34
progress_velocity_2q=32
revisions_so_far=30
velocity_vs_sector_median=25
period_type=22
ext_months_since_first_forest_env=22
ext_months_since_first_land=17
obs_count_in_quarter=15
ext_open_total=11
cost_band=7
stagnation_quarters=6
ext_ever_inter_agency=5
la_parcels_by_t=5
ext_ever_law_order=4
dq_score=3
la_complexity_max_by_t=3
ext_open_inter_agency=2
ext_ever_contractor=2
la_notif_span_by_t=2
ext_open_land=1
ext_open_forest_env=1
ext_open_law_order=1
ext_ever_land=1
ext_ever_utility_shifting=1
ext_ever_weather=1
fc_expected_complexity=1

parameters:
[boosting: gbdt]
[objective: binary]
[metric: binary_logloss]
[tree_learner: serial]
[device_type: cpu]
[data_sample_strategy: bagging]
[data: ]
[valid: ]
[num_iterations: 300]
[learning_rate: 0.05]
[num_leaves: 15]
[num_threads: 8]
[seed: 0]
[deterministic: 0]
[force_col_wise: 0]
[force_row_wise: 0]
[histogram_pool_size: -1]
[max_depth: -1]
[min_data_in_leaf: 50]
[min_sum_hessian_in_leaf: 0.001]
[bagging_fraction: 0.8]
[pos_bagging_fraction: 1]
[neg_bagging_fraction: 1]
[bagging_freq: 1]
[bagging_seed: 7719]
[bagging_by_query: 0]
[feature_fraction: 0.8]
[feature_fraction_bynode: 1]
[feature_fraction_seed: 2437]
[extra_trees: 0]
[extra_seed: 11797]
[early_stopping_round: 0]
[early_stopping_min_delta: 0]
[first_metric_only: 0]
[max_delta_step: 0]
[lambda_l1: 0]
[lambda_l2: 1]
[linear_lambda: 0]
[min_gain_to_split: 0]
[drop_rate: 0.1]
[max_drop: 50]
[skip_drop: 0.5]
[xgboost_dart_mode: 0]
[uniform_drop: 0]
[drop_seed: 21238]
[top_rate: 0.2]
[other_rate: 0.1]
[min_data_per_group: 100]
[max_cat_threshold: 32]
[cat_l2: 10]
[cat_smooth: 10]
[max_cat_to_onehot: 4]
[top_k: 20]
[monotone_constraints: ]
[monotone_constraints_method: basic]
[monotone_penalty: 0]
[feature_contri: ]
[forcedsplits_filename: ]
[refit_decay_rate: 0.9]
[cegb_tradeoff: 1]
[cegb_penalty_split: 0]
[cegb_penalty_feature_lazy: ]
[cegb_penalty_feature_coupled: ]
[path_smooth: 0]
[interaction_constraints: ]
[verbosity: -1]
[saved_feature_importance_type: 0]
[use_quantized_grad: 0]
[num_grad_quant_bins: 4]
[quant_train_renew_leaf: 0]
[stochastic_rounding: 1]
[linear_tree: 0]
[max_bin: 255]
[max_bin_by_feature: ]
[min_data_in_bin: 3]
[bin_construct_sample_cnt: 200000]
[data_random_seed: 38]
[is_enable_sparse: 1]
[enable_bundle: 1]
[use_missing: 1]
[zero_as_missing: 0]
[feature_pre_filter: 1]
[pre_partition: 0]
[two_round: 0]
[header: 0]
[label_column: ]
[weight_column: ]
[group_column: ]
[ignore_column: ]
[categorical_feature: 29,30,34]
[forcedbins_filename: ]
[precise_float_parser: 0]
[parser_config_file: ]
[objective_seed: 8855]
[num_class: 1]
[is_unbalance: 0]
[scale_pos_weight: 1]
[sigmoid: 1]
[boost_from_average: 1]
[reg_sqrt: 0]
[alpha: 0.9]
[fair_c: 1]
[poisson_max_delta_step: 0.7]
[tweedie_variance_power: 1.5]
[lambdarank_truncation_level: 30]
[lambdarank_norm: 1]
[label_gain: ]
[lambdarank_position_bias_regularization: 0]
[eval_at: ]
[multi_error_top_k: 1]
[auc_mu_weights: ]
[num_machines: 1]
[local_listen_port: 12400]
[time_out: 120]
[machine_list_filename: ]
[machines: ]
[gpu_platform_id: -1]
[gpu_device_id: -1]
[gpu_use_dp: 0]
[num_gpu: 1]

end of parameters

pandas_categorical:[["Atomic Energy", "Civil Aviation", "Coal", "Defence", "Education", "Fertilizers & Chemicals", "Finance", "Health", "Home Affairs", "Industry & Commerce", "Mines & Metals", "North Eastern Region", "Petroleum & Natural Gas", "Power", "Railways", "Roads & Highways", "Shipping & Ports", "Social Justice", "Steel", "Telecommunications", "Urban Development & Housing", "Water Resources"], ["Andaman & Nicobar Islands", "Andhra Pradesh", "Arunachal Pradesh", "Assam", "Bihar", "Chandigarh", "Chhattisgarh", "Dadra & Nagar Haveli and Daman & Diu", "Delhi", "Goa", "Gujarat", "Haryana", "Himachal Pradesh", "Jammu & Kashmir", "Jharkhand", "Karnataka", "Kerala", "Ladakh", "Madhya Pradesh", "Maharashtra", "Manipur", "Meghalaya", "Mizoram", "Multi-State", "Nagaland", "Odisha", "Offshore", "PAN India", "Puducherry", "Punjab", "Rajasthan", "Sikkim", "Tamil Nadu", "Telangana", "Tripura", "Uttar Pradesh", "Uttarakhand", "West Bengal"], ["flash", "monthly", "quarterly"]]
