report_type,report_period,fiscal_year,quarter,state,n_projects,cost_original_cr,cost_latest_cr,cost_overrun_cr,n_cost_overrun,n_with_doc,n_delayed,avg_delay_months_delayed,expenditure_cum_cr,financial_progress_pct,avg_physical_progress_pct,n_completed,n_newly_added,report_flags
monthly_flash,2010-07,2010-11,,Andhra Pradesh,38,29981.88,36401.42,6419.54,18,21,18,18.61,16729.83,48.69,,0,0,
monthly_flash,2010-07,2010-11,,Arunachal Pradesh,3,8938.23,10865.69,1927.46,3,2,1,27.0,5439.21,50.06,,0,0,
monthly_flash,2010-07,2010-11,,Assam,38,21357.13,26247.99,4890.86,7,36,34,37.68,9431.79,36.57,,0,0,
monthly_flash,2010-07,2010-11,,Bihar,35,31293.42,34491.58,3198.16,15,22,20,35.95,17237.78,50.42,,0,0,
monthly_flash,2010-07,2010-11,,Chhattisgarh,17,20642.28,35617.35,14975.07,8,14,9,29.56,11703.21,34.18,,0,0,
monthly_flash,2010-07,2010-11,,Delhi,5,1940.03,1348.9,-591.13,0,2,1,49.0,313.58,49.72,,0,0,
monthly_flash,2010-07,2010-11,,Goa,1,204.73,204.73,0.0,0,1,0,,5.97,2.92,,0,0,
monthly_flash,2010-07,2010-11,,Gujarat,22,25432.54,25826.02,393.48,9,17,10,45.3,9641.86,40.44,,0,0,
monthly_flash,2010-07,2010-11,,Haryana,13,6718.42,6917.82,199.4,5,11,8,12.5,3254.22,57.85,,0,0,
monthly_flash,2010-07,2010-11,,Himachal Pradesh,7,13334.69,13416.93,82.24,1,7,6,25.67,9137.72,68.11,,0,0,
monthly_flash,2010-07,2010-11,,Jammu & Kashmir,9,8963.3,25700.02,16736.72,6,8,7,48.29,4950.64,51.04,,0,0,
monthly_flash,2010-07,2010-11,,Jharkhand,15,8197.63,13282.5,5084.87,11,6,6,44.33,4186.27,32.5,,0,0,
monthly_flash,2010-07,2010-11,,Karnataka,20,16342.86,23588.89,7246.03,10,11,10,24.9,11553.91,50.33,,0,0,
monthly_flash,2010-07,2010-11,,Kerala,13,14221.73,17101.63,2879.9,5,8,7,25.14,3914.13,56.56,,0,0,
monthly_flash,2010-07,2010-11,,Madhya Pradesh,27,20084.43,20227.36,142.93,5,24,18,20.39,6814.39,36.69,,0,0,
monthly_flash,2010-07,2010-11,,Maharashtra,55,73742.62,92803.75,19061.13,15,45,30,27.17,26356.63,30.18,,0,0,
monthly_flash,2010-07,2010-11,,Manipur,1,578.62,578.62,0.0,0,0,0,,28.33,4.9,,0,0,
monthly_flash,2010-07,2010-11,,Meghalaya,1,71.18,443.15,371.97,1,1,1,72.0,477.33,107.71,,0,0,
monthly_flash,2010-07,2010-11,,Mizoram,2,988.06,3343.04,2354.98,2,2,1,44.0,216.74,6.48,,0,0,
monthly_flash,2010-07,2010-11,,Odisha,22,12241.23,15880.75,3639.52,10,16,13,43.15,4907.64,36.18,,0,0,
monthly_flash,2010-07,2010-11,,Punjab,12,5619.41,6597.57,978.16,2,11,8,16.88,2813.42,73.56,,0,0,
monthly_flash,2010-07,2010-11,,Rajasthan,12,9438.87,10533.76,1094.89,7,9,7,19.71,5798.18,59.07,,0,0,
monthly_flash,2010-07,2010-11,,Sikkim,2,1603.77,1603.77,0.0,0,1,0,,11.44,0.71,,0,0,
monthly_flash,2010-07,2010-11,,Tamil Nadu,39,42276.11,48472.55,6196.44,15,22,16,19.31,36011.8,75.66,,0,0,
monthly_flash,2010-07,2010-11,,Tripura,3,1522.39,1724.82,202.43,1,3,0,,140.41,9.77,,0,0,
monthly_flash,2010-07,2010-11,,Uttar Pradesh,44,28079.16,26070.75,-2008.41,5,37,32,27.38,14217.24,58.12,,0,0,
monthly_flash,2010-07,2010-11,,Uttarakhand,9,12100.46,14663.75,2563.29,4,7,6,31.0,4000.18,27.28,,0,0,
monthly_flash,2010-07,2010-11,,West Bengal,24,31773.47,34751.2,2977.73,10,19,17,32.29,19105.09,63.56,,0,0,
monthly_flash,2010-08,2010-11,,Andhra Pradesh,41,30887.35,37873.81,6986.46,19,24,19,19.47,17451.66,47.05,,0,0,
monthly_flash,2010-08,2010-11,,Arunachal Pradesh,4,9512.22,11439.68,1927.46,3,3,1,27.0,5582.3,48.8,,0,0,
monthly_flash,2010-08,2010-11,,Assam,41,28826.25,33961.21,5134.96,8,39,35,37.23,11245.43,39.76,,0,0,
monthly_flash,2010-08,2010-11,,Bihar,36,31397.52,34709.31,3311.79,16,22,19,36.42,17603.36,51.16,,0,0,
monthly_flash,2010-08,2010-11,,Chhattisgarh,17,20642.28,34609.23,13966.95,7,14,9,26.89,12201.03,36.07,,0,0,
monthly_flash,2010-08,2010-11,,Delhi,6,10616.03,20243.26,9627.23,1,3,2,26.0,15874.01,81.3,,0,0,
monthly_flash,2010-08,2010-11,,Goa,1,204.73,204.73,0.0,0,1,0,,5.97,2.92,,0,0,
monthly_flash,2010-08,2010-11,,Gujarat,22,25432.54,25826.02,393.48,9,17,10,40.0,11064.68,44.26,,0,0,
monthly_flash,2010-08,2010-11,,Haryana,15,21646.17,22689.97,1043.8,5,11,8,13.12,15891.54,74.27,,0,0,
monthly_flash,2010-08,2010-11,,Himachal Pradesh,8,15381.72,15463.96,82.24,1,8,7,22.29,9965.51,64.44,,0,0,
monthly_flash,2010-08,2010-11,,Jammu & Kashmir,9,8963.3,24213.48,15250.18,5,8,7,48.29,10660.35,44.03,,0,0,
monthly_flash,2010-08,2010-11,,Jharkhand,21,9999.18,14935.8,4936.62,10,12,8,38.25,5285.14,35.39,,0,0,
monthly_flash,2010-08,2010-11,,Karnataka,20,16342.86,23810.0,7467.14,10,11,10,26.2,11825.29,50.15,,0,0,
monthly_flash,2010-08,2010-11,,Kerala,13,14221.73,17101.63,2879.9,5,8,7,26.86,6668.12,60.03,,0,0,
monthly_flash,2010-08,2010-11,,Madhya Pradesh,27,20084.43,20227.36,142.93,5,24,19,21.42,7225.95,37.52,,0,0,
monthly_flash,2010-08,2010-11,,Maharashtra,55,73742.62,93443.23,19700.61,15,44,30,24.13,26386.56,30.19,,0,0,
monthly_flash,2010-08,2010-11,,Manipur,1,578.62,578.62,0.0,0,0,0,,28.33,4.9,,0,0,
monthly_flash,2010-08,2010-11,,Meghalaya,1,71.18,443.15,371.97,1,1,1,72.0,477.33,107.71,,0,0,
monthly_flash,2010-08,2010-11,,Mizoram,2,988.06,3343.04,2354.98,2,2,1,44.0,217.16,6.5,,0,0,
monthly_flash,2010-08,2010-11,,Odisha,24,46109.74,49749.26,3639.52,10,16,13,44.0,12753.81,25.88,,0,0,
monthly_flash,2010-08,2010-11,,Punjab,12,5619.41,6597.57,978.16,2,9,8,17.0,2841.29,74.29,,0,0,
monthly_flash,2010-08,2010-11,,Rajasthan,12,9438.87,11966.94,2528.07,7,9,7,20.43,7969.49,66.6,,0,0,
monthly_flash,2010-08,2010-11,,Sikkim,2,1603.77,1603.77,0.0,0,1,0,,11.44,0.71,,0,0,
monthly_flash,2010-08,2010-11,,Tamil Nadu,39,42276.11,48482.55,6206.44,15,23,18,17.67,34142.52,70.42,,0,0,
monthly_flash,2010-08,2010-11,,Tripura,3,1522.39,1724.82,202.43,1,3,0,,147.65,10.28,,0,0,
monthly_flash,2010-08,2010-11,,Uttar Pradesh,44,28079.16,27440.04,-639.12,6,37,33,27.09,16670.6,60.75,,0,0,
monthly_flash,2010-08,2010-11,,Uttarakhand,9,12100.46,14663.75,2563.29,4,7,6,31.5,4033.18,27.5,,0,0,
monthly_flash,2010-08,2010-11,,West Bengal,24,31773.47,35185.14,3411.67,10,19,17,32.29,19448.79,63.78,,0,0,
monthly_flash,2010-09,2010-11,,Andhra Pradesh,35,28652.64,35503.31,6850.67,16,20,14,22.64,17316.17,49.39,,0,0,
monthly_flash,2010-09,2010-11,,Arunachal Pradesh,4,9512.22,10683.36,1171.14,2,3,1,39.0,5617.91,52.59,,0,0,
monthly_flash,2010-09,2010-11,,Assam,39,17905.03,23039.99,5134.96,8,37,35,40.37,10486.29,46.1,,0,0,
monthly_flash,2010-09,2010-11,,Bihar,31,29643.83,32782.54,3138.71,15,19,17,37.59,17210.34,52.5,,0,0,
monthly_flash,2010-09,2010-11,,Chhattisgarh,17,20642.28,35617.35,14975.07,8,14,8,29.88,12597.26,36.16,,0,0,
monthly_flash,2010-09,2010-11,,Delhi,3,9413.76,19612.53,10198.77,1,3,2,26.5,16104.48,82.11,,0,0,
monthly_flash,2010-09,2010-11,,Goa,1,204.73,204.73,0.0,0,1,0,,5.97,2.92,,0,0,
monthly_flash,2010-09,2010-11,,Gujarat,20,13416.98,16549.86,3132.88,10,17,11,41.64,9800.34,61.11,,0,0,
monthly_flash,2010-09,2010-11,,Haryana,9,3486.12,3864.63,378.51,4,6,3,10.67,1449.93,41.16,,0,0,
monthly_flash,2010-09,2010-11,,Himachal Pradesh,8,15381.72,15463.96,82.24,1,8,8,22.75,10102.42,65.33,,0,0,
monthly_flash,2010-09,2010-11,,Jammu & Kashmir,9,8963.3,19472.26,10508.96,5,7,6,51.83,10575.7,54.31,,0,0,
monthly_flash,2010-09,2010-11,,Jharkhand,20,9711.81,14544.69,4832.88,9,14,8,25.75,4960.88,34.49,,0,0,
monthly_flash,2010-09,2010-11,,Karnataka,18,15490.06,22957.0,7466.94,10,10,9,26.56,10595.15,46.62,,0,0,
monthly_flash,2010-09,2010-11,,Kerala,11,9511.93,11042.22,1530.29,4,8,7,19.86,5713.5,79.72,,0,0,
monthly_flash,2010-09,2010-11,,Madhya Pradesh,26,19323.72,19588.25,264.53,4,24,18,22.61,6748.41,36.24,,0,0,
monthly_flash,2010-09,2010-11,,Maharashtra,49,64661.21,83970.62,19309.41,13,41,28,24.25,26999.87,32.78,,0,0,
monthly_flash,2010-09,2010-11,,Manipur,1,578.62,578.62,0.0,0,0,0,,28.33,4.9,,0,0,
monthly_flash,2010-09,2010-11,,Meghalaya,1,71.18,443.15,371.97,1,1,1,72.0,547.78,123.61,,0,0,
monthly_flash,2010-09,2010-11,,Mizoram,2,988.06,3343.04,2354.98,2,1,0,,218.4,6.53,,0,0,
monthly_flash,2010-09,2010-11,,Odisha,24,18407.6,22357.37,3949.77,11,19,15,41.73,9347.46,50.03,,0,0,
monthly_flash,2010-09,2010-11,,Punjab,11,5532.97,6388.0,855.03,1,8,7,18.29,2781.33,43.54,,0,0,
monthly_flash,2010-09,2010-11,,Rajasthan,10,8832.8,9560.86,728.06,5,7,5,19.4,5753.32,60.18,,0,0,
monthly_flash,2010-09,2010-11,,Sikkim,2,1603.77,3644.86,2041.09,1,1,0,,2.56,0.08,,0,0,
monthly_flash,2010-09,2010-11,,Tamil Nadu,32,39822.61,45724.94,5902.33,13,23,18,18.17,31755.38,69.45,,0,0,
monthly_flash,2010-09,2010-11,,Tripura,3,1522.39,1724.82,202.43,1,3,0,,156.65,10.9,,0,0,
monthly_flash,2010-09,2010-11,,Uttar Pradesh,39,24151.87,26070.62,1918.75,6,37,32,28.16,10554.54,50.97,,0,0,
monthly_flash,2010-09,2010-11,,Uttarakhand,8,11951.31,14505.03,2553.72,3,6,5,37.8,3989.84,27.51,,0,0,
monthly_flash,2010-09,2010-11,,West Bengal,21,30305.35,37720.77,7415.42,7,19,16,31.38,20485.93,62.02,,0,0,
monthly_flash,2010-10,2010-11,,Andhra Pradesh,30,27243.05,33655.83,6412.78,13,20,13,24.38,16615.1,50.54,,0,0,
monthly_flash,2010-10,2010-11,,Arunachal Pradesh,4,9512.22,9516.7,4.48,1,3,1,39.0,5773.43,60.67,,0,0,
monthly_flash,2010-10,2010-11,,Assam,40,23365.64,28402.6,5036.96,8,35,33,43.61,11912.61,42.27,,0,0,
monthly_flash,2010-10,2010-11,,Bihar,31,29643.83,33099.19,3455.36,16,19,17,37.59,17733.61,53.58,,0,0,
monthly_flash,2010-10,2010-11,,Chhattisgarh,16,20403.09,35378.16,14975.07,8,14,8,29.88,12683.99,36.66,,0,0,
monthly_flash,2010-10,2010-11,,Delhi,2,8925.0,19123.77,10198.77,1,2,2,27.0,16132.47,84.36,,0,0,
monthly_flash,2010-10,2010-11,,Goa,1,204.73,204.73,0.0,0,1,0,,5.97,2.92,,0,0,
monthly_flash,2010-10,2010-11,,Gujarat,21,14926.08,17350.49,2424.41,9,17,11,41.45,10301.59,61.09,,0,0,
monthly_flash,2010-10,2010-11,,Haryana,12,5888.87,6560.88,672.01,4,10,5,17.0,3832.25,61.62,,0,0,
monthly_flash,2010-10,2010-11,,Himachal Pradesh,8,15381.72,15463.96,82.24,1,8,8,25.5,10304.92,66.64,,0,0,
monthly_flash,2010-10,2010-11,,Jammu & Kashmir,9,8963.3,19472.3,10509.0,6,7,7,46.71,10798.08,55.45,,0,0,
monthly_flash,2010-10,2010-11,,Jharkhand,21,9761.89,14698.51,4936.62,10,14,8,26.12,5214.89,35.88,,0,0,
monthly_flash,2010-10,2010-11,,Karnataka,18,15490.06,23417.38,7927.32,10,10,9,26.89,10651.77,45.94,,0,0,
monthly_flash,2010-10,2010-11,,Kerala,11,9511.93,10939.72,1427.79,4,9,8,25.25,8582.19,82.36,,0,0,
monthly_flash,2010-10,2010-11,,Madhya Pradesh,26,19323.72,19588.25,264.53,4,24,18,22.78,7039.39,36.31,,0,0,
monthly_flash,2010-10,2010-11,,Maharashtra,49,63477.28,83086.69,19609.41,13,41,28,27.71,27659.29,34.55,,0,0,
monthly_flash,2010-10,2010-11,,Manipur,1,578.62,578.62,0.0,0,0,0,,28.33,4.9,,0,0,
monthly_flash,2010-10,2010-11,,Mizoram,2,988.06,3343.04,2354.98,2,1,0,,218.74,6.54,,0,0,
monthly_flash,2010-10,2010-11,,Odisha,26,49676.93,53643.23,3966.3,12,20,15,41.73,10420.8,22.09,,0,0,
monthly_flash,2010-10,2010-11,,Punjab,9,5064.09,5994.12,930.03,2,8,5,25.0,1991.02,33.22,,0,0,
monthly_flash,2010-10,2010-11,,Rajasthan,10,9050.45,9778.51,728.06,5,7,5,20.0,6145.82,62.85,,0,0,
monthly_flash,2010-10,2010-11,,Sikkim,2,1603.77,3644.86,2041.09,1,2,0,,317.19,8.7,,0,0,
monthly_flash,2010-10,2010-11,,Tamil Nadu,33,40175.98,45866.09,5690.11,13,24,19,16.89,32094.88,69.98,,0,0,
monthly_flash,2010-10,2010-11,,Tripura,3,1522.39,1724.82,202.43,1,3,0,,161.82,11.26,,0,0,
monthly_flash,2010-10,2010-11,,Uttar Pradesh,39,24151.87,26070.62,1918.75,6,37,32,28.47,15164.78,58.17,,0,0,
monthly_flash,2010-10,2010-11,,Uttarakhand,8,11898.88,14453.97,2555.09,3,7,6,34.67,4158.85,28.77,,0,0,
monthly_flash,2010-10,2010-11,,West Bengal,22,31074.27,38492.72,7418.45,7,20,18,31.56,22203.46,65.69,,0,0,
monthly_flash,2010-11,2010-11,,Andhra Pradesh,34,28509.86,35141.14,6631.28,17,22,15,24.67,15935.69,47.23,,0,0,
monthly_flash,2010-11,2010-11,,Arunachal Pradesh,4,9512.22,9516.7,4.48,1,3,1,39.0,5852.26,61.49,,0,0,
monthly_flash,2010-11,2010-11,,Assam,39,22993.64,28127.0,5133.36,9,35,33,43.76,12043.14,42.82,,0,0,
monthly_flash,2010-11,2010-11,,Bihar,31,29763.01,32829.8,3066.79,16,20,18,38.06,17913.56,54.56,,0,0,
monthly_flash,2010-11,2010-11,,Chhattisgarh,16,20403.09,35726.8,15323.71,8,14,8,29.88,12193.69,35.17,,0,0,
monthly_flash,2010-11,2010-11,,Delhi,2,8925.0,19123.77,10198.77,1,2,2,27.5,16320.66,85.34,,0,0,
monthly_flash,2010-11,2010-11,,Goa,1,204.73,204.73,0.0,0,1,0,,16.04,7.83,,0,0,
monthly_flash,2010-11,2010-11,,Gujarat,24,16555.73,19059.73,2504.0,10,20,11,41.64,10132.23,57.0,,0,0,
monthly_flash,2010-11,2010-11,,Haryana,10,4821.32,6379.33,1558.01,4,7,4,14.0,2952.12,48.89,,0,0,
monthly_flash,2010-11,2010-11,,Himachal Pradesh,8,15381.72,15463.96,82.24,1,8,8,27.38,10463.88,67.67,,0,0,
monthly_flash,2010-11,2010-11,,Jammu & Kashmir,8,8297.84,18482.36,10184.52,6,7,7,47.71,9927.04,53.71,,0,0,
monthly_flash,2010-11,2010-11,,Jharkhand,22,9929.62,14866.24,4936.62,10,14,7,28.86,5424.7,36.89,,0,0,
monthly_flash,2010-11,2010-11,,Karnataka,19,15972.06,23591.38,7619.32,9,11,9,27.22,11476.98,49.13,,0,0,
monthly_flash,2010-11,2010-11,,Kerala,11,9511.93,11036.6,1524.67,4,9,8,25.62,8761.45,83.3,,0,0,
monthly_flash,2010-11,2010-11,,Madhya Pradesh,26,19018.46,19274.59,256.13,3,24,18,24.67,7142.38,37.45,,0,0,
monthly_flash,2010-11,2010-11,,Maharashtra,50,64090.0,83699.41,19609.41,13,42,29,27.0,28528.86,35.36,,0,0,
monthly_flash,2010-11,2010-11,,Manipur,1,578.62,578.62,0.0,0,0,0,,28.33,4.9,,0,0,
monthly_flash,2010-11,2010-11,,Mizoram,2,988.06,3343.04,2354.98,2,1,0,,219.32,6.56,,0,0,
monthly_flash,2010-11,2010-11,,Nagaland,1,850.0,850.0,0.0,0,1,0,,5.16,0.61,,0,0,
monthly_flash,2010-11,2010-11,,Odisha,25,49186.83,53153.23,3966.4,12,18,13,37.62,13392.24,26.73,,0,0,
monthly_flash,2010-11,2010-11,,Punjab,9,5064.09,6028.72,964.63,3,8,5,26.0,2042.03,33.87,,0,0,
monthly_flash,2010-11,2010-11,,Rajasthan,14,11692.97,12782.09,1089.12,6,11,5,20.6,7149.78,59.82,,0,0,
monthly_flash,2010-11,2010-11,,Sikkim,2,1603.77,3644.86,2041.09,1,2,0,,132.07,3.62,,0,0,
monthly_flash,2010-11,2010-11,,Tamil Nadu,32,39640.98,45627.09,5986.11,14,24,19,21.05,32222.98,70.62,,0,0,
monthly_flash,2010-11,2010-11,,Tripura,3,1522.39,1724.82,202.43,1,3,0,,180.7,10.48,,0,0,
monthly_flash,2010-11,2010-11,,Uttar Pradesh,38,23743.51,25662.26,1918.75,6,35,32,28.75,14766.61,58.45,,0,0,
monthly_flash,2010-11,2010-11,,Uttarakhand,9,12100.46,14517.85,2417.39,4,7,6,37.0,4244.46,29.24,,0,0,
monthly_flash,2010-11,2010-11,,West Bengal,28,41943.28,50174.47,8231.19,7,26,17,33.59,20030.18,64.58,,0,0,
monthly_flash,2010-12,2010-11,,Andhra Pradesh,35,30248.77,36880.05,6631.28,17,23,14,22.36,16776.82,46.35,,0,0,
monthly_flash,2010-12,2010-11,,Arunachal Pradesh,4,9512.22,9516.7,4.48,1,3,2,25.5,5891.98,61.91,,0,0,
monthly_flash,2010-12,2010-11,,Assam,38,22637.64,28829.75,6192.11,10,35,33,47.97,12285.53,42.61,,0,0,
monthly_flash,2010-12,2010-11,,Bihar,30,28271.01,31304.8,3033.79,15,19,18,38.11,17032.27,54.41,,0,0,
monthly_flash,2010-12,2010-11,,Chhattisgarh,17,20698.98,36333.97,15634.99,9,14,9,27.22,12379.54,35.09,,0,0,
monthly_flash,2010-12,2010-11,,Delhi,2,8925.0,19123.77,10198.77,1,2,2,27.5,16913.89,88.44,,0,0,
monthly_flash,2010-12,2010-11,,Goa,1,204.73,204.73,0.0,0,1,0,,21.65,10.57,,0,0,
monthly_flash,2010-12,2010-11,,Gujarat,24,16555.73,19004.73,2449.0,10,20,14,38.86,10749.13,58.26,,0,0,
monthly_flash,2010-12,2010-11,,Haryana,10,4821.32,6379.33,1558.01,4,7,4,14.25,3570.88,59.14,,0,0,
monthly_flash,2010-12,2010-11,,Himachal Pradesh,8,15381.72,15463.96,82.24,1,8,8,27.5,10632.88,68.76,,0,0,
monthly_flash,2010-12,2010-11,,Jammu & Kashmir,8,8297.84,18455.56,10157.72,5,7,7,48.57,10063.26,54.53,,0,0,
monthly_flash,2010-12,2010-11,,Jharkhand,22,9929.62,14866.24,4936.62,10,14,7,28.86,5582.45,37.97,,0,0,
monthly_flash,2010-12,2010-11,,Karnataka,18,15527.06,23146.38,7619.32,9,10,8,31.38,11069.21,47.82,,0,0,
monthly_flash,2010-12,2010-11,,Kerala,11,9511.93,10939.72,1427.79,4,9,9,23.44,7844.83,73.54,,0,0,
monthly_flash,2010-12,2010-11,,Madhya Pradesh,26,20323.5,20501.63,178.13,3,23,17,24.76,7930.53,39.07,,0,0,
monthly_flash,2010-12,2010-11,,Maharashtra,51,66359.98,86599.99,20240.01,14,43,29,28.34,28190.89,33.9,,0,0,
monthly_flash,2010-12,2010-11,,Manipur,1,578.62,578.62,0.0,0,0,0,,28.33,4.9,,0,0,
monthly_flash,2010-12,2010-11,,Mizoram,2,988.06,3343.04,2354.98,2,2,1,90.0,219.77,6.57,,0,0,
monthly_flash,2010-12,2010-11,,Nagaland,1,850.0,850.0,0.0,0,1,0,,5.46,0.64,,0,0,
monthly_flash,2010-12,2010-11,,Odisha,26,49676.83,53643.33,3966.5,13,18,14,42.86,14257.99,28.0,,0,0,
monthly_flash,2010-12,2010-11,,Punjab,9,5064.09,6028.72,964.63,3,8,6,22.0,2130.02,35.33,,0,0,
monthly_flash,2010-12,2010-11,,Rajasthan,14,11692.97,12782.09,1089.12,6,11,5,22.0,7338.3,61.4,,0,0,
monthly_flash,2010-12,2010-11,,Sikkim,2,1603.77,3644.86,2041.09,1,1,0,,138.54,3.8,,0,0,
monthly_flash,2010-12,2010-11,,Tamil Nadu,34,42590.66,48576.77,5986.11,14,24,19,21.84,34238.35,70.48,,0,0,
monthly_flash,2010-12,2010-11,,Tripura,3,1522.39,2053.24,530.85,2,3,0,,187.4,9.13,,0,0,
monthly_flash,2010-12,2010-11,,Uttar Pradesh,38,23743.51,25662.26,1918.75,6,35,32,29.69,16294.65,63.5,,0,0,
monthly_flash,2010-12,2010-11,,Uttarakhand,9,12100.46,14517.85,2417.39,4,7,7,33.57,4300.99,29.63,,0,0,
monthly_flash,2010-12,2010-11,,West Bengal,28,41960.46,50191.65,8231.19,7,26,16,35.12,20545.48,65.67,,0,0,
monthly_flash,2011-01,2010-11,,Andhra Pradesh,33,29922.88,36721.08,6798.2,17,22,12,23.83,17051.47,47.32,,0,0,
monthly_flash,2011-01,2010-11,,Arunachal Pradesh,4,9512.22,9516.7,4.48,1,3,3,29.33,6074.62,63.83,,0,0,
monthly_flash,2011-01,2010-11,,Assam,38,22765.13,28230.16,5465.03,9,36,33,47.97,12592.89,44.61,,0,0,
monthly_flash,2011-01,2010-11,,Bihar,30,28271.01,31304.8,3033.79,15,19,18,38.17,17535.15,56.01,,0,0,
monthly_flash,2011-01,2010-11,,Chhattisgarh,16,15513.98,19068.97,3554.99,8,13,9,27.56,11163.55,61.04,,0,0,
monthly_flash,2011-01,2010-11,,Delhi,2,8925.0,19123.77,10198.77,1,2,2,28.5,16995.73,88.87,,0,0,
monthly_flash,2011-01,2010-11,,Goa,1,204.73,204.73,0.0,0,1,0,,21.65,10.57,,0,0,
monthly_flash,2011-01,2010-11,,Gujarat,22,15970.27,18185.01,2214.74,9,20,14,39.0,10277.83,58.29,,0,0,
monthly_flash,2011-01,2010-11,,Haryana,10,4821.32,6379.33,1558.01,4,7,4,14.5,3607.11,56.54,,0,0,
monthly_flash,2011-01,2010-11,,Himachal Pradesh,8,15381.72,15463.96,82.24,1,8,8,27.75,10803.13,69.86,,0,0,
monthly_flash,2011-01,2010-11,,Jammu & Kashmir,8,8297.84,18455.56,10157.72,5,7,7,48.57,10370.54,56.19,,0,0,
monthly_flash,2011-01,2010-11,,Jharkhand,18,5622.61,7446.49,1823.88,8,12,5,34.6,3171.33,43.54,,0,0,
monthly_flash,2011-01,2010-11,,Karnataka,19,13008.06,20733.2,7725.14,10,11,10,28.4,9222.59,48.44,,0,0,
monthly_flash,2011-01,2010-11,,Kerala,10,9405.93,10758.72,1352.79,4,8,8,20.0,7401.41,72.28,,0,0,
monthly_flash,2011-01,2010-11,,Madhya Pradesh,25,18938.72,18536.21,-402.51,2,22,16,25.69,5851.7,34.11,,0,0,
monthly_flash,2011-01,2010-11,,Maharashtra,53,67041.16,87348.29,20307.13,15,44,29,26.52,30512.01,36.36,,0,0,
monthly_flash,2011-01,2010-11,,Mizoram,2,988.06,3343.04,2354.98,2,2,1,90.0,220.34,6.59,,0,0,
monthly_flash,2011-01,2010-11,,Nagaland,1,850.0,850.0,0.0,0,1,0,,5.46,0.64,,0,0,
monthly_flash,2011-01,2010-11,,Odisha,23,19399.47,23365.97,3966.5,13,17,12,47.75,8790.25,42.76,,0,0,
monthly_flash,2011-01,2010-11,,Punjab,9,5064.09,6028.72,964.63,3,8,6,22.0,2188.31,36.3,,0,0,
monthly_flash,2011-01,2010-11,,Rajasthan,15,12485.03,13574.15,1089.12,6,12,5,22.4,7701.32,60.43,,0,0,
monthly_flash,2011-01,2010-11,,Sikkim,2,1603.77,3644.86,2041.09,1,2,0,,138.55,3.8,,0,0,
monthly_flash,2011-01,2010-11,,Tamil Nadu,33,41863.66,47849.77,5986.11,14,23,19,20.21,31866.07,66.6,,0,0,
monthly_flash,2011-01,2010-11,,Tripura,3,1522.39,2053.24,530.85,2,3,1,18.0,205.06,9.99,,0,0,
monthly_flash,2011-01,2010-11,,Uttar Pradesh,37,18608.18,20526.93,1918.75,6,35,32,29.97,12681.26,61.78,,0,0,
monthly_flash,2011-01,2010-11,,Uttarakhand,9,12100.46,14517.85,2417.39,4,7,7,33.57,4403.84,30.33,,0,0,
monthly_flash,2011-01,2010-11,,West Bengal,26,26180.59,29752.44,3571.85,6,24,14,36.36,10610.27,63.51,,0,0,
monthly_flash,2011-02,2010-11,,Andhra Pradesh,30,29391.54,36190.06,6798.52,16,21,12,23.42,17622.65,51.16,,0,0,
monthly_flash,2011-02,2010-11,,Arunachal Pradesh,4,9512.22,9516.7,4.48,1,3,3,29.33,6287.42,66.07,,0,0,
monthly_flash,2011-02,2010-11,,Assam,38,22765.13,28230.29,5465.16,9,36,33,48.24,12954.65,45.89,,0,0,
monthly_flash,2011-02,2010-11,,Bihar,29,27979.21,31020.0,3040.79,15,18,17,39.12,17415.15,56.14,,0,0,
monthly_flash,2011-02,2010-11,,Chhattisgarh,18,22418.5,38053.49,15634.99,9,14,9,27.89,13183.87,37.37,,0,0,
monthly_flash,2011-02,2010-11,,Delhi,2,8925.0,19123.77,10198.77,1,2,2,33.0,17189.86,89.89,,0,0,
monthly_flash,2011-02,2010-11,,Goa,1,204.73,204.73,0.0,0,1,0,,25.64,12.52,,0,0,
monthly_flash,2011-02,2010-11,,Gujarat,21,15679.35,17894.09,2214.74,9,19,13,42.31,9981.0,58.23,,0,0,
monthly_flash,2011-02,2010-11,,Haryana,10,4821.32,6379.33,1558.01,4,7,4,14.5,3645.88,57.15,,0,0,
monthly_flash,2011-02,2010-11,,Himachal Pradesh,8,15381.72,15463.96,82.24,1,8,8,27.75,11029.82,71.33,,0,0,
monthly_flash,2011-02,2010-11,,Jammu & Kashmir,8,8297.84,18455.56,10157.72,5,7,7,48.57,10453.95,56.64,,0,0,
monthly_flash,2011-02,2010-11,,Jharkhand,22,9662.37,14556.07,4893.7,9,16,8,34.38,5399.76,37.49,,0,0,
monthly_flash,2011-02,2010-11,,Karnataka,21,27223.84,34697.18,7473.34,10,13,10,28.4,10470.35,47.29,,0,0,
monthly_flash,2011-02,2010-11,,Kerala,9,9160.26,10460.55,1300.29,3,6,6,21.67,4051.07,67.52,,0,0,
monthly_flash,2011-02,2010-11,,Madhya Pradesh,26,19050.0,18769.14,-280.86,3,22,16,25.69,6137.15,33.48,,0,0,
monthly_flash,2011-02,2010-11,,Maharashtra,52,66816.16,86411.0,19594.84,15,43,29,23.1,31060.56,38.2,,0,0,
monthly_flash,2011-02,2010-11,,Mizoram,2,988.06,3343.04,2354.98,2,2,1,90.0,221.15,6.62,,0,0,
monthly_flash,2011-02,2010-11,,Nagaland,1,850.0,850.0,0.0,0,1,0,,5.96,0.7,,0,0,
monthly_flash,2011-02,2010-11,,Odisha,25,51919.66,53891.16,1971.5,12,18,13,45.08,13364.35,26.46,,0,0,
monthly_flash,2011-02,2010-11,,Punjab,9,5064.09,6028.72,964.63,3,8,6,22.0,2236.29,37.09,,0,0,
monthly_flash,2011-02,2010-11,,Rajasthan,15,12485.03,13574.15,1089.12,6,12,5,22.6,7805.57,57.5,,0,0,
monthly_flash,2011-02,2010-11,,Sikkim,2,1603.77,3644.86,2041.09,1,2,0,,138.55,3.8,,0,0,
monthly_flash,2011-02,2010-11,,Tamil Nadu,36,42829.04,51468.15,8639.11,15,26,22,21.41,35025.64,68.05,,0,0,
monthly_flash,2011-02,2010-11,,Tripura,3,1522.39,2053.24,530.85,2,3,1,18.0,234.5,11.42,,0,0,
monthly_flash,2011-02,2010-11,,Uttar Pradesh,34,16941.25,18941.7,2000.45,6,32,29,31.03,11388.99,60.13,,0,0,
monthly_flash,2011-02,2010-11,,Uttarakhand,7,9003.78,11412.97,2409.19,3,6,6,37.17,3893.83,34.12,,0,0,
monthly_flash,2011-02,2010-11,,West Bengal,28,40910.77,44482.61,3571.84,6,26,16,40.06,21349.6,53.65,,0,0,
monthly_flash,2011-03,2010-11,,Andhra Pradesh,28,30096.04,36610.22,6514.18,13,21,12,24.75,17856.81,49.78,,0,0,
monthly_flash,2011-03,2010-11,,Arunachal Pradesh,4,9512.22,9516.7,4.48,1,3,2,58.5,6597.65,69.33,,0,0,
monthly_flash,2011-03,2010-11,,Assam,36,17079.52,22545.07,5465.55,10,35,32,49.5,11946.04,52.99,,0,0,
monthly_flash,2011-03,2010-11,,Bihar,27,27513.33,31082.54,3569.21,13,16,15,37.93,17668.21,56.84,,0,0,
monthly_flash,2011-03,2010-11,,Chhattisgarh,13,20158.01,34803.45,14645.44,7,9,6,29.83,12952.95,37.38,,0,0,
monthly_flash,2011-03,2010-11,,Delhi,2,8925.0,19123.77,10198.77,1,2,2,33.0,17533.58,91.68,,0,0,
monthly_flash,2011-03,2010-11,,Goa,1,204.73,204.73,0.0,0,1,0,,25.64,12.52,,0,0,
monthly_flash,2011-03,2010-11,,Gujarat,26,19491.34,20457.76,966.42,8,25,11,37.18,4596.75,41.52,,0,0,
monthly_flash,2011-03,2010-11,,Haryana,10,4821.32,6379.33,1558.01,4,7,4,14.75,3927.93,61.57,,0,0,
monthly_flash,2011-03,2010-11,,Himachal Pradesh,8,15381.68,15463.96,82.28,1,8,8,29.0,11272.19,72.89,,0,0,
monthly_flash,2011-03,2010-11,,Jammu & Kashmir,8,8293.37,18455.56,10162.19,3,8,8,42.75,11011.32,59.66,,0,0,
monthly_flash,2011-03,2010-11,,Jharkhand,21,9612.58,14402.25,4789.67,8,16,11,37.27,6037.29,41.92,,0,0,
monthly_flash,2011-03,2010-11,,Karnataka,21,27652.42,34998.48,7346.06,9,15,11,29.45,15169.41,44.55,,0,0,
monthly_flash,2011-03,2010-11,,Kerala,7,8735.0,9994.11,1259.11,2,6,6,21.83,7151.69,73.56,,0,0,
monthly_flash,2011-03,2010-11,,Madhya Pradesh,24,18734.9,18332.39,-402.51,2,22,16,25.38,6458.65,36.76,,0,0,
monthly_flash,2011-03,2010-11,,Maharashtra,50,71196.2,84633.84,13437.64,15,42,28,23.36,32074.08,38.56,,0,0,
monthly_flash,2011-03,2010-11,,Mizoram,2,988.06,3343.04,2354.98,2,2,1,90.0,228.98,6.85,,0,0,
monthly_flash,2011-03,2010-11,,Nagaland,1,850.0,850.0,0.0,0,1,0,,7.98,0.94,,0,0,
monthly_flash,2011-03,2010-11,,Odisha,25,51923.36,59670.26,7746.9,12,18,12,49.25,14666.47,24.93,,0,0,
monthly_flash,2011-03,2010-11,,Punjab,10,5769.09,6733.72,964.63,3,10,6,22.17,2855.54,42.41,,0,0,
monthly_flash,2011-03,2010-11,,Rajasthan,16,13438.03,14527.15,1089.12,6,13,6,22.5,8002.83,55.09,,0,0,
monthly_flash,2011-03,2010-11,,Sikkim,2,1603.77,3644.86,2041.09,1,2,1,17.0,157.95,4.33,,0,0,
monthly_flash,2011-03,2010-11,,Tamil Nadu,37,43535.99,52119.78,8583.79,14,27,21,23.38,35009.31,67.42,,0,0,
monthly_flash,2011-03,2010-11,,Tripura,3,1522.39,2018.86,496.47,2,3,1,18.0,274.29,13.59,,0,0,
monthly_flash,2011-03,2010-11,,Uttar Pradesh,30,15770.03,17891.8,2121.77,7,28,26,30.08,10096.78,56.43,,0,0,
monthly_flash,2011-03,2010-11,,Uttarakhand,6,8567.84,11247.3,2679.46,4,6,6,37.67,3976.04,35.35,,0,0,
monthly_flash,2011-03,2010-11,,West Bengal,27,40623.59,44088.06,3464.47,7,24,15,38.4,20757.07,58.73,,0,0,
monthly_flash,2011-04,2011-12,,Andhra Pradesh,28,30349.82,35570.07,5220.25,9,23,10,24.3,17229.02,51.75,,0,0,
monthly_flash,2011-04,2011-12,,Arunachal Pradesh,4,9512.22,9610.51,98.29,1,3,2,58.5,6689.45,69.61,,0,0,
monthly_flash,2011-04,2011-12,,Assam,37,22540.13,28005.68,5465.55,10,35,33,48.27,14567.38,52.02,,0,0,
monthly_flash,2011-04,2011-12,,Bihar,27,27513.33,31452.72,3939.39,13,16,15,38.0,18284.07,58.13,,0,0,
monthly_flash,2011-04,2011-12,,Chhattisgarh,19,22504.86,37937.78,15432.92,8,15,6,30.17,14025.71,39.41,,0,0,
monthly_flash,2011-04,2011-12,,Delhi,2,8925.0,19123.77,10198.77,1,2,2,33.0,17614.64,92.11,,0,0,
monthly_flash,2011-04,2011-12,,Goa,1,204.73,204.73,0.0,0,1,0,,32.5,15.87,,0,0,
monthly_flash,2011-04,2011-12,,Gujarat,26,19491.34,20457.76,966.42,8,24,11,45.09,4298.87,40.42,,0,0,
monthly_flash,2011-04,2011-12,,Haryana,10,4821.32,6546.83,1725.51,4,6,4,15.0,4064.07,62.08,,0,0,
monthly_flash,2011-04,2011-12,,Himachal Pradesh,7,15023.26,15105.54,82.28,1,7,7,26.29,11545.59,76.43,,0,0,
monthly_flash,2011-04,2011-12,,Jammu & Kashmir,8,8293.37,18455.56,10162.19,3,8,8,43.88,11085.25,60.06,,0,0,
monthly_flash,2011-04,2011-12,,Jharkhand,21,9612.58,14445.17,4832.59,9,14,9,27.44,5777.78,42.39,,0,0,
monthly_flash,2011-04,2011-12,,Karnataka,21,27652.42,35040.98,7388.56,10,15,10,31.5,13846.95,40.61,,0,0,
monthly_flash,2011-04,2011-12,,Kerala,6,5235.0,6482.11,1247.11,1,5,5,26.0,5239.77,84.38,,0,0,
monthly_flash,2011-04,2011-12,,Madhya Pradesh,25,18938.72,18543.21,-395.51,2,23,16,26.12,6488.83,38.42,,0,0,
monthly_flash,2011-04,2011-12,,Maharashtra,49,70088.08,84094.96,14006.88,15,41,28,23.39,33007.78,40.85,,0,0,
monthly_flash,2011-04,2011-12,,Mizoram,2,988.06,3343.04,2354.98,2,2,1,90.0,230.48,6.89,,0,0,
monthly_flash,2011-04,2011-12,,Nagaland,1,850.0,850.0,0.0,0,1,0,,7.98,0.94,,0,0,
monthly_flash,2011-04,2011-12,,Odisha,26,51981.3,59843.75,7862.45,13,18,13,52.62,13060.68,28.37,,0,0,
monthly_flash,2011-04,2011-12,,Punjab,9,5163.69,6509.65,1345.96,4,9,6,22.17,2962.0,45.5,,0,0,
monthly_flash,2011-04,2011-12,,Rajasthan,16,13438.03,14167.15,729.12,6,13,7,20.29,7924.26,59.41,,0,0,
monthly_flash,2011-04,2011-12,,Sikkim,2,1603.77,3644.86,2041.09,1,2,1,17.0,189.57,5.2,,0,0,
monthly_flash,2011-04,2011-12,,Tamil Nadu,36,43747.83,52878.94,9131.11,14,26,22,21.32,34441.99,66.34,,0,0,
monthly_flash,2011-04,2011-12,,Tripura,3,1522.39,2018.86,496.47,2,3,1,18.0,277.02,13.72,,0,0,
monthly_flash,2011-04,2011-12,,Uttar Pradesh,31,15876.67,18071.4,2194.73,8,28,27,29.48,9897.13,56.0,,0,0,
monthly_flash,2011-04,2011-12,,Uttarakhand,6,7120.62,8478.22,1357.6,3,6,6,34.33,3830.3,45.18,,0,0,
monthly_flash,2011-04,2011-12,,West Bengal,27,38340.33,43472.86,5132.53,7,24,17,37.18,19917.88,55.13,,0,0,
monthly_flash,2011-05,2011-12,,Andhra Pradesh,29,25504.66,31102.02,5597.36,12,21,9,26.22,14940.64,49.48,,0,0,
monthly_flash,2011-05,2011-12,,Arunachal Pradesh,4,9512.22,9610.51,98.29,1,3,2,42.0,6749.52,70.23,,0,0,
monthly_flash,2011-05,2011-12,,Assam,35,17934.78,23395.04,5460.26,9,33,31,49.39,12244.38,52.34,,0,0,
monthly_flash,2011-05,2011-12,,Bihar,26,20172.29,24052.69,3880.4,12,15,14,41.36,16784.4,69.78,,0,0,
monthly_flash,2011-05,2011-12,,Chhattisgarh,19,22504.86,37937.78,15432.92,8,14,6,30.17,14819.22,39.88,,0,0,
monthly_flash,2011-05,2011-12,,Delhi,2,8925.0,19123.77,10198.77,1,2,2,33.0,17614.64,92.11,,0,0,
monthly_flash,2011-05,2011-12,,Goa,1,204.73,204.73,0.0,0,1,0,,32.5,15.87,,0,0,
monthly_flash,2011-05,2011-12,,Gujarat,25,19256.56,20222.98,966.42,8,23,11,45.09,4625.72,42.68,,0,0,
monthly_flash,2011-05,2011-12,,Haryana,10,5337.83,7054.75,1716.92,3,6,3,17.67,4187.72,59.36,,0,0,
monthly_flash,2011-05,2011-12,,Himachal Pradesh,7,15023.26,15105.54,82.28,1,7,7,26.29,11711.49,77.53,,0,0,
monthly_flash,2011-05,2011-12,,Jammu & Kashmir,8,8293.37,18455.56,10162.19,3,8,8,44.5,11155.72,60.45,,0,0,
monthly_flash,2011-05,2011-12,,Jharkhand,20,9431.85,14087.17,4655.32,8,13,8,24.5,5619.63,41.03,,0,0,
monthly_flash,2011-05,2011-12,,Karnataka,27,31887.97,39126.52,7238.55,10,22,10,31.5,14355.53,41.36,,0,0,
monthly_flash,2011-05,2011-12,,Kerala,7,5852.0,7099.11,1247.11,1,6,5,26.0,5405.28,79.18,,0,0,
monthly_flash,2011-05,2011-12,,Madhya Pradesh,24,12799.72,12404.21,-395.51,2,22,14,28.86,4157.25,38.87,,0,0,
monthly_flash,2011-05,2011-12,,Maharashtra,50,71427.08,85526.48,14099.4,15,41,26,24.69,33427.57,39.08,,0,0,
monthly_flash,2011-05,2011-12,,Mizoram,2,988.06,3343.04,2354.98,2,2,1,90.0,231.22,6.92,,0,0,
monthly_flash,2011-05,2011-12,,Nagaland,1,850.0,850.0,0.0,0,1,0,,7.98,0.94,,0,0,
monthly_flash,2011-05,2011-12,,Odisha,26,51981.3,59843.85,7862.55,14,18,13,52.62,15721.8,26.27,,0,0,
monthly_flash,2011-05,2011-12,,Punjab,9,5163.69,6509.65,1345.96,4,9,6,21.17,3202.52,49.2,,0,0,
monthly_flash,2011-05,2011-12,,Rajasthan,16,13438.03,14167.15,729.12,6,13,7,21.43,8424.99,63.17,,0,0,
monthly_flash,2011-05,2011-12,,Sikkim,2,1648.88,3644.86,1995.98,1,2,1,17.0,189.25,5.19,,0,0,
monthly_flash,2011-05,2011-12,,Tamil Nadu,34,42994.48,52130.59,9136.11,15,24,20,23.45,34747.42,67.91,,0,0,
monthly_flash,2011-05,2011-12,,Tripura,3,1522.39,2053.24,530.85,2,3,1,18.0,301.19,14.67,,0,0,
monthly_flash,2011-05,2011-12,,Uttar Pradesh,30,10806.22,12941.32,2135.1,7,27,25,31.52,8113.85,71.96,,0,0,
monthly_flash,2011-05,2011-12,,Uttarakhand,6,5799.14,8478.47,2679.33,4,6,5,45.0,3022.96,35.65,,0,0,
monthly_flash,2011-05,2011-12,,West Bengal,26,23897.33,29393.89,5496.56,7,23,19,37.63,9585.17,42.97,,0,0,
monthly_flash,2011-06,2011-12,,Andhra Pradesh,30,30608.05,36140.85,5532.8,12,21,10,25.3,19497.6,54.99,,0,0,
monthly_flash,2011-06,2011-12,,Arunachal Pradesh,4,9512.22,9610.51,98.29,1,3,2,42.0,6823.22,71.0,,0,0,
monthly_flash,2011-06,2011-12,,Assam,36,22310.13,27738.79,5428.66,9,33,31,49.45,14872.46,53.62,,0,0,
monthly_flash,2011-06,2011-12,,Bihar,25,27068.6,30845.68,3777.08,12,13,12,36.0,18869.84,61.17,,0,0,
monthly_flash,2011-06,2011-12,,Chhattisgarh,18,22208.97,37330.61,15121.64,7,14,6,31.0,14479.27,39.91,,0,0,
monthly_flash,2011-06,2011-12,,Delhi,2,8925.0,19123.77,10198.77,1,2,2,33.0,18116.82,94.73,,0,0,
monthly_flash,2011-06,2011-12,,Goa,1,204.73,204.73,0.0,0,1,0,,35.99,17.58,,0,0,
monthly_flash,2011-06,2011-12,,Gujarat,26,30715.56,31681.98,966.42,8,25,12,36.17,5337.63,24.61,,0,0,
monthly_flash,2011-06,2011-12,,Haryana,10,5337.83,7054.75,1716.92,3,6,3,17.67,4428.01,62.77,,0,0,
monthly_flash,2011-06,2011-12,,Himachal Pradesh,7,15023.26,15105.54,82.28,1,7,7,26.86,11898.93,78.77,,0,0,
monthly_flash,2011-06,2011-12,,Jammu & Kashmir,8,8293.37,18455.56,10162.19,3,8,8,45.38,11230.83,60.85,,0,0,
monthly_flash,2011-06,2011-12,,Jharkhand,20,9431.85,14022.85,4591.0,7,13,8,24.5,5975.78,42.61,,0,0,
monthly_flash,2011-06,2011-12,,Karnataka,27,31565.39,38931.22,7365.83,11,21,9,34.56,15972.98,46.28,,0,0,
monthly_flash,2011-06,2011-12,,Kerala,9,7247.37,7197.37,-50.0,1,8,6,24.0,2770.5,80.89,,0,0,
monthly_flash,2011-06,2011-12,,Madhya Pradesh,24,18438.11,18042.6,-395.51,2,21,17,26.53,6472.54,36.28,,0,0,
monthly_flash,2011-06,2011-12,,Maharashtra,50,71427.08,85502.13,14075.05,19,41,27,24.56,34239.34,40.91,,0,0,
monthly_flash,2011-06,2011-12,,Mizoram,2,988.06,3343.04,2354.98,2,2,1,90.0,249.3,7.46,,0,0,
monthly_flash,2011-06,2011-12,,Nagaland,1,850.0,850.0,0.0,0,1,0,,8.44,0.99,,0,0,
monthly_flash,2011-06,2011-12,,Odisha,26,51981.3,59843.85,7862.55,14,18,13,54.15,16567.14,28.1,,0,0,
monthly_flash,2011-06,2011-12,,Punjab,9,5163.69,6149.65,985.96,3,9,6,21.33,3010.01,48.95,,0,0,
monthly_flash,2011-06,2011-12,,Rajasthan,16,13438.03,14167.15,729.12,6,13,7,21.43,8599.75,64.48,,0,0,
monthly_flash,2011-06,2011-12,,Sikkim,2,1648.88,3644.86,1995.98,1,2,1,17.0,194.6,5.34,,0,0,
monthly_flash,2011-06,2011-12,,Tamil Nadu,33,42819.48,51851.16,9031.68,14,23,19,24.16,34804.46,68.4,,0,0,
monthly_flash,2011-06,2011-12,,Tripura,3,1522.39,2053.24,530.85,2,3,1,18.0,341.18,16.62,,0,0,
monthly_flash,2011-06,2011-12,,Uttar Pradesh,31,17037.03,19172.13,2135.1,7,27,25,33.76,10260.51,63.12,,0,0,
monthly_flash,2011-06,2011-12,,Uttarakhand,6,9191.07,11619.33,2428.26,3,5,4,45.5,4604.86,39.63,,0,0,
monthly_flash,2011-06,2011-12,,West Bengal,27,38340.33,45801.89,7461.56,8,23,19,38.0,21188.27,54.97,,0,0,
monthly_flash,2011-07,2011-12,,Andhra Pradesh,30,30608.05,36249.13,5641.08,12,20,10,25.9,20242.27,56.92,,0,0,
monthly_flash,2011-07,2011-12,,Arunachal Pradesh,4,9512.22,9610.51,98.29,1,3,2,42.0,6910.7,71.91,,0,0,
monthly_flash,2011-07,2011-12,,Assam,37,23986.44,31829.87,7843.43,10,35,33,49.09,17971.23,56.46,,0,0,
monthly_flash,2011-07,2011-12,,Bihar,26,27168.57,31861.52,4692.95,14,14,13,34.38,20031.59,62.87,,0,0,
monthly_flash,2011-07,2011-12,,Chhattisgarh,19,22504.86,37937.78,15432.92,8,14,6,31.5,14786.61,41.54,,0,0,
monthly_flash,2011-07,2011-12,,Delhi,2,8925.0,19123.77,10198.77,1,2,2,33.0,18194.03,95.14,,0,0,
monthly_flash,2011-07,2011-12,,Goa,1,204.73,204.73,0.0,0,1,0,,39.57,19.33,,0,0,
monthly_flash,2011-07,2011-12,,Gujarat,23,28271.24,28968.54,697.3,7,21,10,38.5,3306.59,18.71,,0,0,
monthly_flash,2011-07,2011-12,,Haryana,10,5337.83,7054.75,1716.92,3,7,3,18.0,4555.69,64.58,,0,0,
monthly_flash,2011-07,2011-12,,Himachal Pradesh,7,15023.26,15105.54,82.28,1,7,7,27.0,12042.47,79.72,,0,0,
monthly_flash,2011-07,2011-12,,Jammu & Kashmir,8,8293.37,18455.56,10162.19,3,8,8,46.0,11324.44,61.36,,0,0,
monthly_flash,2011-07,2011-12,,Jharkhand,18,8758.17,13349.17,4591.0,7,11,6,27.0,5794.61,43.41,,0,0,
monthly_flash,2011-07,2011-12,,Karnataka,27,31565.39,39116.07,7550.68,11,21,9,35.33,14611.98,42.11,,0,0,
monthly_flash,2011-07,2011-12,,Kerala,9,7247.37,7197.37,-50.0,1,8,7,22.86,2701.32,93.96,,0,0,
monthly_flash,2011-07,2011-12,,Madhya Pradesh,23,16926.11,17158.42,232.31,2,21,17,26.18,5417.12,33.3,,0,0,
monthly_flash,2011-07,2011-12,,Maharashtra,51,71609.01,86785.84,15176.83,19,42,26,24.65,35321.05,42.57,,0,0,
monthly_flash,2011-07,2011-12,,Manipur,1,727.56,3056.85,2329.29,1,1,1,60.0,449.44,14.7,,0,0,
monthly_flash,2011-07,2011-12,,Mizoram,2,988.06,3343.04,2354.98,2,2,1,90.0,249.75,7.47,,0,0,
monthly_flash,2011-07,2011-12,,Nagaland,1,850.0,850.0,0.0,0,1,0,,8.44,0.99,,0,0,
monthly_flash,2011-07,2011-12,,Odisha,27,52603.06,60469.31,7866.25,15,14,10,60.4,17016.26,28.49,,0,0,
monthly_flash,2011-07,2011-12,,Punjab,8,4854.69,5840.65,985.96,3,8,6,20.33,2699.95,46.23,,0,0,
monthly_flash,2011-07,2011-12,,Rajasthan,17,14544.03,15273.15,729.12,6,14,7,21.43,8652.45,64.87,,0,0,
monthly_flash,2011-07,2011-12,,Sikkim,2,1648.88,3644.86,1995.98,1,2,1,17.0,194.54,5.34,,0,0,
monthly_flash,2011-07,2011-12,,Tamil Nadu,32,42609.48,52170.64,9561.16,15,20,16,26.81,34035.5,69.54,,0,0,
monthly_flash,2011-07,2011-12,,Tripura,3,1522.39,2053.24,530.85,2,3,1,18.0,371.83,18.11,,0,0,
monthly_flash,2011-07,2011-12,,Uttar Pradesh,32,18974.59,21064.79,2090.2,6,28,23,33.83,10836.11,66.54,,0,0,
monthly_flash,2011-07,2011-12,,Uttarakhand,7,11682.65,14927.07,3244.42,4,7,6,36.67,4821.12,32.3,,0,0,
monthly_flash,2011-07,2011-12,,West Bengal,27,38340.33,45801.89,7461.56,8,22,18,39.22,21451.56,55.66,,0,0,
monthly_flash,2011-08,2011-12,,Andhra Pradesh,30,30608.05,36641.91,6033.86,12,21,11,23.82,20653.49,57.44,,0,0,
monthly_flash,2011-08,2011-12,,Arunachal Pradesh,4,9512.22,9610.51,98.29,1,3,2,42.0,6995.21,72.79,,0,0,
monthly_flash,2011-08,2011-12,,Assam,38,24189.38,32032.81,7843.43,10,36,33,49.36,16697.27,55.4,,0,0,
monthly_flash,2011-08,2011-12,,Bihar,25,19827.53,24520.48,4692.95,14,13,12,37.58,17873.54,72.89,,0,0,
monthly_flash,2011-08,2011-12,,Chhattisgarh,19,22504.78,37937.78,15433.0,9,11,6,31.5,15657.71,43.27,,0,0,
monthly_flash,2011-08,2011-12,,Delhi,1,249.0,229.41,-19.59,0,1,1,54.0,66.2,28.86,,0,0,
monthly_flash,2011-08,2011-12,,Goa,1,204.73,204.73,0.0,0,1,0,,39.57,19.33,,0,0,
monthly_flash,2011-08,2011-12,,Gujarat,23,28271.24,29230.35,959.11,7,20,10,40.1,4684.29,22.8,,0,0,
monthly_flash,2011-08,2011-12,,Haryana,10,5337.83,7054.75,1716.92,3,7,3,18.0,4724.45,66.97,,0,0,
monthly_flash,2011-08,2011-12,,Himachal Pradesh,6,14761.16,14843.44,82.28,1,6,6,30.83,12010.86,80.92,,0,0,
monthly_flash,2011-08,2011-12,,Jammu & Kashmir,8,8293.37,27185.56,18892.19,3,8,8,47.12,11512.21,42.35,,0,0,
monthly_flash,2011-08,2011-12,,Jharkhand,18,8758.17,13349.17,4591.0,7,11,6,25.0,5851.8,43.84,,0,0,
monthly_flash,2011-08,2011-12,,Karnataka,27,31565.39,39116.07,7550.68,11,21,9,35.33,14805.96,42.67,,0,0,
monthly_flash,2011-08,2011-12,,Kerala,9,7247.37,7197.37,-50.0,1,8,7,22.86,2776.47,81.07,,0,0,
monthly_flash,2011-08,2011-12,,Madhya Pradesh,23,16926.11,17158.42,232.31,2,21,17,26.18,5998.29,35.38,,0,0,
monthly_flash,2011-08,2011-12,,Maharashtra,52,72470.8,87647.63,15176.83,19,43,27,24.56,35840.69,45.04,,0,0,
monthly_flash,2011-08,2011-12,,Manipur,1,727.56,3056.85,2329.29,1,1,1,60.0,463.33,15.16,,0,0,
monthly_flash,2011-08,2011-12,,Mizoram,2,988.06,3307.12,2319.06,2,2,1,90.0,251.51,7.61,,0,0,
monthly_flash,2011-08,2011-12,,Nagaland,1,850.0,850.0,0.0,0,1,0,,8.44,0.99,,0,0,
monthly_flash,2011-08,2011-12,,Odisha,27,46642.14,48868.07,2225.93,14,13,10,58.9,16475.62,34.88,,0,0,
monthly_flash,2011-08,2011-12,,Punjab,8,4854.69,5840.65,985.96,3,8,6,20.33,2798.94,47.92,,0,0,
monthly_flash,2011-08,2011-12,,Rajasthan,16,14282.03,14705.92,423.89,5,14,7,21.57,8170.44,63.98,,0,0,
monthly_flash,2011-08,2011-12,,Sikkim,2,1648.88,3644.86,1995.98,1,2,1,23.0,199.79,5.48,,0,0,
monthly_flash,2011-08,2011-12,,Tamil Nadu,32,42609.48,52170.64,9561.16,15,20,16,27.06,35223.27,68.79,,0,0,
monthly_flash,2011-08,2011-12,,Tripura,3,1522.39,2053.24,530.85,2,3,1,18.0,379.66,18.49,,0,0,
monthly_flash,2011-08,2011-12,,Uttar Pradesh,30,17616.31,19751.41,2135.1,7,26,22,34.91,9858.8,61.22,,0,0,
monthly_flash,2011-08,2011-12,,Uttarakhand,7,11682.65,14927.07,3244.42,4,7,6,36.67,4824.74,32.32,,0,0,
monthly_flash,2011-08,2011-12,,West Bengal,27,38340.33,46184.38,7844.05,9,22,18,39.22,21569.39,52.2,,0,0,
monthly_flash,2011-09,2011-12,,Andhra Pradesh,32,31217.87,37252.03,6034.16,12,21,10,25.9,20640.32,57.62,,0,0,
monthly_flash,2011-09,2011-12,,Arunachal Pradesh,4,9512.22,9610.51,98.29,1,3,2,42.0,7124.32,74.13,,0,0,
monthly_flash,2011-09,2011-12,,Assam,37,23895.78,32112.9,8217.12,12,35,32,50.25,18499.82,57.98,,0,0,
monthly_flash,2011-09,2011-12,,Bihar,28,28191.41,32884.36,4692.95,14,15,12,37.67,21040.24,63.98,,0,0,
monthly_flash,2011-09,2011-12,,Chhattisgarh,19,22504.78,37937.78,15433.0,9,11,6,31.5,15667.62,42.54,,0,0,
monthly_flash,2011-09,2011-12,,Delhi,3,37985.0,37965.41,-19.59,0,3,1,54.0,90.58,0.26,,0,0,
monthly_flash,2011-09,2011-12,,Goa,1,204.73,204.73,0.0,0,1,0,,48.41,23.65,,0,0,
monthly_flash,2011-09,2011-12,,Gujarat,24,29952.71,30559.86,607.15,7,20,8,28.12,5115.27,22.81,,0,0,
monthly_flash,2011-09,2011-12,,Haryana,11,5987.83,7704.75,1716.92,3,8,4,15.25,4938.16,70.0,,0,0,
monthly_flash,2011-09,2011-12,,Himachal Pradesh,6,14761.16,14843.44,82.28,1,6,6,31.0,12170.43,81.99,,0,0,
monthly_flash,2011-09,2011-12,,Jammu & Kashmir,11,14253.13,33145.32,18892.19,3,11,8,47.38,11823.25,43.49,,0,0,
monthly_flash,2011-09,2011-12,,Jharkhand,18,8758.17,13349.17,4591.0,7,11,6,25.0,5907.56,44.25,,0,0,
monthly_flash,2011-09,2011-12,,Karnataka,27,31565.39,39116.07,7550.68,11,21,9,36.33,15492.68,44.65,,0,0,
monthly_flash,2011-09,2011-12,,Kerala,9,7247.37,7861.37,614.0,2,8,7,23.0,2816.0,68.87,,0,0,
monthly_flash,2011-09,2011-12,,Madhya Pradesh,23,16926.11,17158.42,232.31,2,21,17,26.29,5762.52,35.42,,0,0,
monthly_flash,2011-09,2011-12,,Maharashtra,52,72470.8,86887.47,14416.67,19,44,27,24.48,36939.56,44.93,,0,0,
monthly_flash,2011-09,2011-12,,Manipur,1,727.56,3056.85,2329.29,1,1,1,60.0,467.89,15.31,,0,0,
monthly_flash,2011-09,2011-12,,Mizoram,2,988.06,3307.12,2319.06,2,2,1,90.0,269.03,8.13,,0,0,
monthly_flash,2011-09,2011-12,,Nagaland,1,850.0,850.0,0.0,0,1,0,,8.44,0.99,,0,0,
monthly_flash,2011-09,2011-12,,Odisha,27,46642.14,49917.07,3274.93,15,13,10,59.5,17224.6,35.97,,0,0,
monthly_flash,2011-09,2011-12,,Punjab,8,4854.69,5840.65,985.96,3,8,6,20.33,2838.73,48.6,,0,0,
monthly_flash,2011-09,2011-12,,Rajasthan,15,13638.67,13902.53,263.86,4,13,6,26.0,7435.02,62.13,,0,0,
monthly_flash,2011-09,2011-12,,Sikkim,2,1648.88,3644.86,1995.98,1,2,1,23.0,206.01,5.65,,0,0,
monthly_flash,2011-09,2011-12,,Tamil Nadu,34,42378.79,51939.95,9561.16,15,22,15,28.93,34018.62,69.16,,0,0,
monthly_flash,2011-09,2011-12,,Tripura,3,1522.39,2053.23,530.84,2,3,1,18.0,386.5,18.82,,0,0,
monthly_flash,2011-09,2011-12,,Uttar Pradesh,30,18540.31,20675.41,2135.1,7,26,21,35.52,9862.22,57.92,,0,0,
monthly_flash,2011-09,2011-12,,Uttarakhand,6,10025.65,11948.21,1922.56,3,6,5,30.6,4603.95,38.53,,0,0,
monthly_flash,2011-09,2011-12,,West Bengal,27,38340.33,46184.38,7844.05,9,22,18,39.61,21731.54,66.49,,0,0,
monthly_flash,2011-10,2011-12,,Andhra Pradesh,33,32855.21,39052.71,6197.5,13,24,11,23.82,21351.34,58.85,,0,0,
monthly_flash,2011-10,2011-12,,Arunachal Pradesh,4,9512.22,9610.51,98.29,1,3,2,42.0,7245.42,75.39,,0,0,
monthly_flash,2011-10,2011-12,,Assam,37,23895.78,35572.29,11676.51,13,35,32,50.66,18826.56,53.23,,0,0,
monthly_flash,2011-10,2011-12,,Bihar,29,28702.95,33395.9,4692.95,14,16,12,38.0,21388.67,64.05,,0,0,
monthly_flash,2011-10,2011-12,,Chhattisgarh,21,38060.27,41291.62,3231.35,7,15,7,28.29,16298.63,41.96,,0,0,
monthly_flash,2011-10,2011-12,,Delhi,3,37985.0,37965.41,-19.59,0,3,1,54.0,108.35,0.31,,0,0,
monthly_flash,2011-10,2011-12,,Goa,1,335.61,335.61,0.0,0,1,1,3.0,52.75,15.72,,0,0,
monthly_flash,2011-10,2011-12,,Gujarat,26,31711.98,32319.13,607.15,7,22,8,28.12,5560.89,22.8,,0,0,
monthly_flash,2011-10,2011-12,,Haryana,11,5987.83,7704.75,1716.92,3,8,4,15.25,5034.51,71.36,,0,0,
monthly_flash,2011-10,2011-12,,Himachal Pradesh,6,14761.16,14843.44,82.28,1,6,6,31.83,12411.76,83.62,,0,0,
monthly_flash,2011-10,2011-12,,Jammu & Kashmir,11,14253.13,33145.32,18892.19,3,11,8,47.75,11839.92,43.55,,0,0,
monthly_flash,2011-10,2011-12,,Jharkhand,19,12325.43,13907.43,1582.0,6,13,6,27.0,6040.73,45.25,,0,0,
monthly_flash,2011-10,2011-12,,Karnataka,27,31565.39,39869.16,8303.77,11,21,9,41.67,16605.41,45.62,,0,0,
monthly_flash,2011-10,2011-12,,Kerala,9,7247.37,7861.37,614.0,2,8,7,23.14,2815.73,68.86,,0,0,
monthly_flash,2011-10,2011-12,,Madhya Pradesh,25,17533.55,17765.86,232.31,2,23,17,26.29,6447.48,38.03,,0,0,
monthly_flash,2011-10,2011-12,,Maharashtra,52,72470.8,86887.47,14416.67,19,44,27,24.67,38265.4,47.78,,0,0,
monthly_flash,2011-10,2011-12,,Manipur,1,727.56,3056.85,2329.29,1,1,1,60.0,493.47,16.14,,0,0,
monthly_flash,2011-10,2011-12,,Mizoram,2,988.06,3307.12,2319.06,2,2,1,90.0,272.5,8.24,,0,0,
monthly_flash,2011-10,2011-12,,Nagaland,1,850.0,850.0,0.0,0,1,0,,8.44,0.99,,0,0,
monthly_flash,2011-10,2011-12,,Odisha,27,46642.14,49917.07,3274.93,15,13,10,59.5,18134.37,37.74,,0,0,
monthly_flash,2011-10,2011-12,,Punjab,8,4854.69,5840.65,985.96,3,8,6,20.33,2847.13,48.75,,0,0,
monthly_flash,2011-10,2011-12,,Rajasthan,15,13638.67,13902.53,263.86,4,13,6,26.5,7521.38,62.85,,0,0,
monthly_flash,2011-10,2011-12,,Sikkim,2,1648.94,3690.02,2041.08,1,2,1,17.0,206.04,5.58,,0,0,
monthly_flash,2011-10,2011-12,,Tamil Nadu,38,48500.48,57526.64,9026.16,15,26,15,29.53,36757.98,70.45,,0,0,
monthly_flash,2011-10,2011-12,,Tripura,3,1522.39,2053.23,530.84,2,3,1,18.0,414.21,20.17,,0,0,
monthly_flash,2011-10,2011-12,,Uttar Pradesh,30,18540.31,20675.41,2135.1,7,26,21,35.52,10017.75,58.84,,0,0,
monthly_flash,2011-10,2011-12,,Uttarakhand,6,10025.65,11948.21,1922.56,3,6,5,31.0,4671.89,39.1,,0,0,
monthly_flash,2011-10,2011-12,,West Bengal,27,38340.33,46184.38,7844.05,9,23,19,37.84,22317.15,68.82,,0,0,
monthly_flash,2011-11,2011-12,,Andhra Pradesh,33,32855.21,39144.12,6288.91,13,24,11,25.0,21548.37,59.24,,0,0,
monthly_flash,2011-11,2011-12,,Arunachal Pradesh,4,9512.22,9610.51,98.29,1,3,3,37.33,7328.02,76.25,,0,0,
monthly_flash,2011-11,2011-12,,Assam,37,23895.78,35572.29,11676.51,13,35,32,50.97,19104.24,54.01,,0,0,
monthly_flash,2011-11,2011-12,,Bihar,28,28362.95,33110.23,4747.28,14,15,11,38.73,21176.35,63.96,,0,0,
monthly_flash,2011-11,2011-12,,Chhattisgarh,23,52747.27,55978.62,3231.35,7,18,8,25.12,22988.07,42.72,,0,0,
monthly_flash,2011-11,2011-12,,Delhi,3,37985.0,37965.41,-19.59,0,3,1,54.0,134.39,0.38,,0,0,
monthly_flash,2011-11,2011-12,,Goa,1,335.61,335.61,0.0,0,1,1,3.0,57.03,16.99,,0,0,
monthly_flash,2011-11,2011-12,,Gujarat,26,31711.98,32319.13,607.15,7,23,8,29.25,6031.04,24.73,,0,0,
monthly_flash,2011-11,2011-12,,Haryana,11,5987.83,7704.75,1716.92,3,8,4,15.25,5168.2,73.26,,0,0,
monthly_flash,2011-11,2011-12,,Himachal Pradesh,6,14761.16,14761.16,0.0,0,6,6,32.83,12523.2,84.84,,0,0,
monthly_flash,2011-11,2011-12,,Jammu & Kashmir,11,14253.13,33156.54,18903.41,3,11,8,48.12,11927.76,43.86,,0,0,
monthly_flash,2011-11,2011-12,,Jharkhand,22,14396.48,15978.48,1582.0,6,15,6,27.0,6478.81,47.68,,0,0,
monthly_flash,2011-11,2011-12,,Karnataka,27,31565.39,39928.36,8362.97,11,21,9,41.67,17107.86,46.31,,0,0,
monthly_flash,2011-11,2011-12,,Kerala,8,6934.87,7548.87,614.0,2,7,6,23.33,2321.32,61.47,,0,0,
monthly_flash,2011-11,2011-12,,Madhya Pradesh,25,17533.55,17765.86,232.31,2,23,17,28.29,6580.17,38.81,,0,0,
monthly_flash,2011-11,2011-12,,Maharashtra,52,72470.8,86887.47,14416.67,19,44,27,24.89,39214.91,48.76,,0,0,
monthly_flash,2011-11,2011-12,,Manipur,1,727.56,3056.85,2329.29,1,1,1,60.0,507.55,16.6,,0,0,
monthly_flash,2011-11,2011-12,,Mizoram,2,988.06,3307.12,2319.06,2,2,1,90.0,290.47,8.78,,0,0,
monthly_flash,2011-11,2011-12,,Nagaland,1,850.0,850.0,0.0,0,1,0,,8.44,0.99,,0,0,
monthly_flash,2011-11,2011-12,,Odisha,28,46896.69,50170.6,3273.91,15,15,10,58.9,19406.15,39.08,,0,0,
monthly_flash,2011-11,2011-12,,Punjab,8,4854.69,5840.65,985.96,3,8,6,20.33,2993.65,51.26,,0,0,
monthly_flash,2011-11,2011-12,,Rajasthan,15,13638.67,14145.2,506.53,4,13,6,26.83,7627.06,62.47,,0,0,
monthly_flash,2011-11,2011-12,,Sikkim,2,1648.94,3690.03,2041.09,1,2,1,17.0,206.04,5.58,,0,0,
monthly_flash,2011-11,2011-12,,Tamil Nadu,38,48500.48,57359.08,8858.6,14,26,15,30.6,36980.31,71.1,,0,0,
monthly_flash,2011-11,2011-12,,Tripura,3,1522.39,2053.23,530.84,2,3,1,18.0,434.64,21.17,,0,0,
monthly_flash,2011-11,2011-12,,Uttar Pradesh,31,20197.31,23684.27,3486.96,8,27,22,37.14,10138.24,51.63,,0,0,
monthly_flash,2011-11,2011-12,,Uttarakhand,6,10025.65,11948.21,1922.56,3,6,5,33.0,4727.74,39.57,,0,0,
monthly_flash,2011-11,2011-12,,West Bengal,27,38340.33,46184.38,7844.05,9,23,19,37.68,22785.79,70.26,,0,0,
monthly_flash,2011-12,2011-12,,Andhra Pradesh,33,32855.21,39238.54,6383.33,13,25,13,22.46,22706.11,62.26,,0,0,
monthly_flash,2011-12,2011-12,,Arunachal Pradesh,4,9512.22,13992.18,4479.96,2,3,3,37.33,7469.45,53.38,,0,0,
monthly_flash,2011-12,2011-12,,Assam,37,23895.78,35572.29,11676.51,13,35,32,55.0,19742.14,55.82,,0,0,
monthly_flash,2011-12,2011-12,,Bihar,28,28362.95,33110.2,4747.25,13,16,12,36.25,21445.92,64.77,,0,0,
monthly_flash,2011-12,2011-12,,Chhattisgarh,24,54493.92,57725.27,3231.35,7,19,8,26.38,23484.04,43.64,,0,0,
monthly_flash,2011-12,2011-12,,Delhi,3,37985.0,37965.41,-19.59,0,3,1,54.0,138.86,0.39,,0,0,
monthly_flash,2011-12,2011-12,,Goa,1,335.61,335.61,0.0,0,1,1,3.0,57.03,16.99,,0,0,
monthly_flash,2011-12,2011-12,,Gujarat,27,32264.42,32871.57,607.15,7,24,8,32.0,6012.65,24.86,,0,0,
monthly_flash,2011-12,2011-12,,Haryana,10,5795.35,7512.27,1716.92,3,8,4,25.0,5107.15,74.42,,0,0,
monthly_flash,2011-12,2011-12,,Himachal Pradesh,6,14761.2,17455.42,2694.22,3,6,6,34.17,12729.27,72.92,,0,0,
monthly_flash,2011-12,2011-12,,Jammu & Kashmir,10,14019.35,33604.41,19585.06,6,10,7,54.57,11810.09,42.72,,0,0,
monthly_flash,2011-12,2011-12,,Jharkhand,22,14396.48,15999.88,1603.4,6,16,8,43.88,6586.23,47.48,,0,0,
monthly_flash,2011-12,2011-12,,Karnataka,23,29622.14,37900.46,8278.32,9,16,5,49.6,16529.28,46.24,,0,0,
monthly_flash,2011-12,2011-12,,Kerala,8,6934.87,7623.92,689.05,2,7,6,23.33,2363.34,61.36,,0,0,
monthly_flash,2011-12,2011-12,,Madhya Pradesh,24,17335.55,17581.76,246.21,3,22,15,30.0,7127.49,42.5,,0,0,
monthly_flash,2011-12,2011-12,,Maharashtra,51,70165.5,83689.8,13524.3,18,41,24,28.83,39525.06,48.02,,0,0,
monthly_flash,2011-12,2011-12,,Manipur,1,727.56,3056.85,2329.29,1,1,1,60.0,554.31,18.13,,0,0,
monthly_flash,2011-12,2011-12,,Mizoram,2,988.06,3307.12,2319.06,2,2,1,90.0,297.21,8.99,,0,0,
monthly_flash,2011-12,2011-12,,Nagaland,1,850.0,850.0,0.0,0,1,0,,8.44,0.99,,0,0,
monthly_flash,2011-12,2011-12,,Odisha,27,42805.18,46076.37,3271.19,14,14,9,63.89,16442.51,35.88,,0,0,
monthly_flash,2011-12,2011-12,,Punjab,7,4613.2,5599.16,985.96,3,7,5,21.8,3014.4,53.84,,0,0,
monthly_flash,2011-12,2011-12,,Rajasthan,14,13037.18,13786.33,749.15,4,12,6,26.33,7625.91,64.35,,0,0,
monthly_flash,2011-12,2011-12,,Sikkim,2,1648.94,3690.03,2041.09,1,2,1,23.0,219.17,5.94,,0,0,
monthly_flash,2011-12,2011-12,,Tamil Nadu,35,52418.2,60937.0,8518.8,13,23,13,35.23,35108.56,63.16,,0,0,
monthly_flash,2011-12,2011-12,,Tripura,3,1522.39,2053.23,530.84,2,3,1,18.0,489.11,23.82,,0,0,
monthly_flash,2011-12,2011-12,,Uttar Pradesh,27,18443.94,22048.24,3604.3,9,25,20,39.3,9955.67,50.67,,0,0,
monthly_flash,2011-12,2011-12,,Uttarakhand,6,10025.65,11948.21,1922.56,3,6,5,33.4,4820.3,40.34,,0,0,
monthly_flash,2011-12,2011-12,,West Bengal,25,37585.77,47006.39,9420.62,12,22,18,47.33,23205.95,54.84,,0,0,
monthly_flash,2012-01,2011-12,,Andhra Pradesh,33,32855.21,39238.54,6383.33,13,25,13,22.46,23105.33,63.36,,0,0,
monthly_flash,2012-01,2011-12,,Arunachal Pradesh,4,9512.22,14153.62,4641.4,2,3,3,37.33,7531.68,53.21,,0,0,
monthly_flash,2012-01,2011-12,,Assam,37,23895.78,35508.8,11613.02,13,35,32,55.66,22346.93,64.67,,0,0,
monthly_flash,2012-01,2011-12,,Bihar,26,27578.91,32829.32,5250.41,15,14,11,35.45,21877.17,66.64,,0,0,
monthly_flash,2012-01,2011-12,,Chhattisgarh,25,55916.77,59148.12,3231.35,7,19,8,26.38,24461.79,45.69,,0,0,
monthly_flash,2012-01,2011-12,,Delhi,3,37985.0,37965.41,-19.59,0,3,1,54.0,160.53,0.45,,0,0,
monthly_flash,2012-01,2011-12,,Goa,1,335.61,335.61,0.0,0,1,1,3.0,68.61,20.44,,0,0,
monthly_flash,2012-01,2011-12,,Gujarat,27,32375.09,32903.33,528.24,6,24,7,32.57,6497.71,27.31,,0,0,
monthly_flash,2012-01,2011-12,,Haryana,10,5795.35,7611.84,1816.49,3,7,4,25.0,5771.68,82.9,,0,0,
monthly_flash,2012-01,2011-12,,Himachal Pradesh,6,14761.2,17455.42,2694.22,3,6,6,34.17,12951.78,74.2,,0,0,
monthly_flash,2012-01,2011-12,,Jammu & Kashmir,10,14019.35,33604.41,19585.06,6,10,7,54.57,12336.07,44.62,,0,0,
monthly_flash,2012-01,2011-12,,Jharkhand,22,14396.48,15999.88,1603.4,6,17,9,43.0,6810.64,49.1,,0,0,
monthly_flash,2012-01,2011-12,,Karnataka,23,29763.64,38208.46,8444.82,10,10,4,57.25,15978.13,45.37,,0,0,
monthly_flash,2012-01,2011-12,,Kerala,7,6086.17,6775.22,689.05,2,6,6,20.0,1653.21,55.06,,0,0,
monthly_flash,2012-01,2011-12,,Madhya Pradesh,24,17335.55,17581.76,246.21,3,22,15,30.2,6928.92,43.08,,0,0,
monthly_flash,2012-01,2011-12,,Maharashtra,51,68705.33,82228.73,13523.4,18,41,26,29.38,42174.5,52.81,,0,0,
monthly_flash,2012-01,2011-12,,Manipur,1,727.56,3056.85,2329.29,1,1,1,60.0,592.92,19.4,,0,0,
monthly_flash,2012-01,2011-12,,Mizoram,2,1532.97,3307.12,1774.15,1,2,0,,299.27,9.05,,0,0,
monthly_flash,2012-01,2011-12,,Nagaland,1,850.0,850.0,0.0,0,1,0,,8.44,0.99,,0,0,
monthly_flash,2012-01,2011-12,,Odisha,26,42465.41,45636.4,3170.99,13,13,9,63.89,16748.62,37.87,,0,0,
monthly_flash,2012-01,2011-12,,Punjab,6,3134.57,4119.6,985.03,3,6,4,30.25,2724.96,66.15,,0,0,
monthly_flash,2012-01,2011-12,,Rajasthan,15,25357.18,26106.33,749.15,4,13,7,22.86,8837.47,35.35,,0,0,
monthly_flash,2012-01,2011-12,,Sikkim,2,1648.94,3690.03,2041.09,1,2,1,23.0,223.45,6.06,,0,0,
monthly_flash,2012-01,2011-12,,Tamil Nadu,35,52241.33,60526.4,8285.07,13,21,12,36.67,35051.24,63.99,,0,0,
monthly_flash,2012-01,2011-12,,Tripura,2,1101.38,1429.79,328.41,1,2,0,,439.7,30.75,,0,0,
monthly_flash,2012-01,2011-12,,Uttar Pradesh,24,17544.03,21597.83,4053.8,9,22,17,40.82,10581.75,51.7,,0,0,
monthly_flash,2012-01,2011-12,,Uttarakhand,6,10025.65,11948.21,1922.56,3,6,5,33.4,4901.48,41.02,,0,0,
monthly_flash,2012-01,2011-12,,West Bengal,25,37585.77,46968.96,9383.19,12,22,18,47.33,23561.68,55.73,,0,0,
monthly_flash,2012-02,2011-12,,Andhra Pradesh,37,36851.48,43234.81,6383.33,13,27,15,21.73,23640.69,63.69,,0,0,
monthly_flash,2012-02,2011-12,,Arunachal Pradesh,4,9512.22,14153.62,4641.4,2,3,3,37.33,7776.82,54.95,,0,0,
monthly_flash,2012-02,2011-12,,Assam,37,23895.78,35508.89,11613.11,13,35,32,55.94,20770.14,58.83,,0,0,
monthly_flash,2012-02,2011-12,,Bihar,31,30278.54,35051.77,4773.23,14,19,11,35.45,22587.53,64.44,,0,0,
monthly_flash,2012-02,2011-12,,Chhattisgarh,26,58044.28,61275.63,3231.35,7,21,9,24.44,25512.73,47.41,,0,0,
monthly_flash,2012-02,2011-12,,Delhi,3,37985.0,37965.41,-19.59,0,3,1,61.0,178.02,0.5,,0,0,
monthly_flash,2012-02,2011-12,,Goa,1,335.61,335.61,0.0,0,1,1,3.0,86.87,25.88,,0,0,
monthly_flash,2012-02,2011-12,,Gujarat,27,32792.31,33045.32,253.01,5,25,8,25.25,6705.11,21.21,,0,0,
monthly_flash,2012-02,2011-12,,Haryana,10,5795.35,7611.84,1816.49,3,7,4,25.0,6164.21,88.54,,0,0,
monthly_flash,2012-02,2011-12,,Himachal Pradesh,6,14761.2,17455.42,2694.22,3,6,6,34.0,13138.76,75.27,,0,0,
monthly_flash,2012-02,2011-12,,Jammu & Kashmir,10,14019.35,33604.41,19585.06,6,10,8,50.25,12389.15,44.82,,0,0,
monthly_flash,2012-02,2011-12,,Jharkhand,22,14396.48,15999.88,1603.4,6,17,9,43.78,6901.41,49.75,,0,0,
monthly_flash,2012-02,2011-12,,Karnataka,25,30657.64,38935.96,8278.32,9,10,6,40.83,18129.5,50.43,,0,0,
monthly_flash,2012-02,2011-12,,Kerala,7,6086.17,6775.22,689.05,2,6,6,20.0,1653.23,55.06,,0,0,
monthly_flash,2012-02,2011-12,,Madhya Pradesh,24,17335.55,17581.76,246.21,3,22,16,29.06,7771.79,44.72,,0,0,
monthly_flash,2012-02,2011-12,,Maharashtra,52,70396.35,83640.27,13243.92,18,42,27,28.48,42998.83,53.12,,0,0,
monthly_flash,2012-02,2011-12,,Manipur,1,727.56,3056.85,2329.29,1,1,1,60.0,622.67,20.37,,0,0,
monthly_flash,2012-02,2011-12,,Meghalaya,2,762.0,762.0,0.0,0,2,0,,412.7,54.16,,0,0,
monthly_flash,2012-02,2011-12,,Mizoram,3,1901.69,4220.75,2319.06,2,3,1,90.0,597.99,14.17,,0,0,
monthly_flash,2012-02,2011-12,,Nagaland,1,850.0,850.0,0.0,0,1,0,,8.44,0.99,,0,0,
monthly_flash,2012-02,2011-12,,Odisha,26,42465.41,45636.4,3170.99,13,13,8,69.0,17727.31,39.51,,0,0,
monthly_flash,2012-02,2011-12,,Punjab,7,4613.2,5598.23,985.03,3,6,4,30.25,3339.03,59.64,,0,0,
monthly_flash,2012-02,2011-12,,Rajasthan,14,24243.0,24237.62,-5.38,3,12,6,21.5,7272.97,31.44,,0,0,
monthly_flash,2012-02,2011-12,,Sikkim,2,1648.94,3690.03,2041.09,1,2,1,23.0,231.09,6.26,,0,0,
monthly_flash,2012-02,2011-12,,Tamil Nadu,35,52241.33,61099.83,8858.5,13,21,12,37.58,35892.17,62.65,,0,0,
monthly_flash,2012-02,2011-12,,Tripura,3,1522.39,2053.23,530.84,2,2,0,,555.0,27.03,,0,0,
monthly_flash,2012-02,2011-12,,Uttar Pradesh,24,17544.03,21597.83,4053.8,9,22,17,41.41,10771.65,52.63,,0,0,
monthly_flash,2012-02,2011-12,,Uttarakhand,5,9815.87,11738.43,1922.56,3,5,5,33.4,4937.55,42.06,,0,0,
monthly_flash,2012-02,2011-12,,West Bengal,25,37585.77,46969.4,9383.63,12,22,18,48.33,23652.19,55.94,,0,0,
monthly_flash,2012-03,2011-12,,Andhra Pradesh,36,31031.62,37863.82,6832.2,14,33,16,21.88,20556.12,59.98,,0,0,
monthly_flash,2012-03,2011-12,,Arunachal Pradesh,4,9512.22,14153.62,4641.4,2,3,3,37.33,7929.63,56.03,,0,0,
monthly_flash,2012-03,2011-12,,Assam,37,23895.78,35508.89,11613.11,13,36,33,55.0,21672.37,61.38,,0,0,
monthly_flash,2012-03,2011-12,,Bihar,30,29665.0,34323.89,4658.89,13,23,13,35.92,22402.95,65.27,,0,0,
monthly_flash,2012-03,2011-12,,Chhattisgarh,25,52927.04,56158.39,3231.35,7,24,7,19.71,19037.92,48.66,,0,0,
monthly_flash,2012-03,2011-12,,Delhi,3,37985.0,37965.41,-19.59,0,3,1,61.0,211.81,0.6,,0,0,
monthly_flash,2012-03,2011-12,,Goa,1,335.61,335.61,0.0,0,1,1,3.0,108.57,32.35,,0,0,
monthly_flash,2012-03,2011-12,,Gujarat,25,32377.31,32630.32,253.01,5,24,7,18.86,6655.63,21.33,,0,0,
monthly_flash,2012-03,2011-12,,Haryana,10,5795.35,7611.84,1816.49,3,10,5,21.8,6977.79,91.67,,0,0,
monthly_flash,2012-03,2011-12,,Himachal Pradesh,6,14761.2,17455.42,2694.22,3,6,6,34.5,13358.59,76.53,,0,0,
monthly_flash,2012-03,2011-12,,Jammu & Kashmir,10,14019.35,33312.44,19293.09,6,10,8,51.5,12186.44,45.59,,0,0,
monthly_flash,2012-03,2011-12,,Jharkhand,22,14396.48,15999.88,1603.4,6,19,10,38.8,7149.95,51.54,,0,0,
monthly_flash,2012-03,2011-12,,Karnataka,25,30657.64,38935.96,8278.32,9,12,7,38.14,18947.2,52.71,,0,0,
monthly_flash,2012-03,2011-12,,Kerala,6,5711.17,6502.72,791.55,2,5,5,14.4,1781.42,59.33,,0,0,
monthly_flash,2012-03,2011-12,,Madhya Pradesh,24,16759.45,17053.92,294.47,3,22,16,28.0,7754.5,46.61,,0,0,
monthly_flash,2012-03,2011-12,,Maharashtra,47,68515.1,81772.11,13257.01,18,43,24,31.17,43828.76,55.43,,0,0,
monthly_flash,2012-03,2011-12,,Manipur,1,727.56,3056.85,2329.29,1,1,1,60.0,679.56,22.23,,0,0,
monthly_flash,2012-03,2011-12,,Meghalaya,2,762.0,762.0,0.0,0,2,0,,463.7,60.85,,0,0,
monthly_flash,2012-03,2011-12,,Mizoram,3,1901.69,4220.75,2319.06,2,3,1,90.0,611.35,14.48,,0,0,
monthly_flash,2012-03,2011-12,,Nagaland,1,850.0,850.0,0.0,0,1,0,,8.45,0.99,,0,0,
monthly_flash,2012-03,2011-12,,Odisha,27,54277.41,57448.4,3170.99,13,23,11,64.73,25778.01,45.47,,0,0,
monthly_flash,2012-03,2011-12,,Punjab,6,4384.2,5314.23,930.03,2,6,3,33.33,3177.13,59.79,,0,0,
monthly_flash,2012-03,2011-12,,Rajasthan,13,24032.21,24026.83,-5.38,3,12,5,27.0,7182.04,31.33,,0,0,
monthly_flash,2012-03,2011-12,,Sikkim,2,1648.94,3690.03,2041.09,1,2,1,27.0,235.47,6.38,,0,0,
monthly_flash,2012-03,2011-12,,Tamil Nadu,35,52241.33,61099.83,8858.5,13,25,13,37.15,36679.16,62.14,,0,0,
monthly_flash,2012-03,2011-12,,Tripura,3,1522.39,2053.23,530.84,2,3,0,,630.85,30.72,,0,0,
monthly_flash,2012-03,2011-12,,Uttar Pradesh,25,18333.91,22339.45,4005.54,9,23,18,41.33,11530.34,54.37,,0,0,
monthly_flash,2012-03,2011-12,,Uttarakhand,5,9815.87,11738.42,1922.55,3,5,5,33.8,5053.88,43.05,,0,0,
monthly_flash,2012-03,2011-12,,West Bengal,26,40460.77,49844.4,9383.63,12,24,19,46.16,24842.6,55.02,,0,0,
monthly_flash,2012-04,2012-13,,Andhra Pradesh,36,31031.62,38459.02,7427.4,14,33,16,22.5,20442.84,57.4,,0,0,
monthly_flash,2012-04,2012-13,,Arunachal Pradesh,4,9512.22,14153.62,4641.4,2,3,3,44.67,8036.96,56.78,,0,0,
monthly_flash,2012-04,2012-13,,Assam,37,23895.78,35736.33,11840.55,13,34,31,56.48,22077.48,62.13,,0,0,
monthly_flash,2012-04,2012-13,,Bihar,32,30891.77,35948.09,5056.32,13,25,14,35.0,23773.63,66.13,,0,0,
monthly_flash,2012-04,2012-13,,Chhattisgarh,26,41057.6,56554.59,15496.99,10,17,8,28.62,20086.05,36.88,,0,0,
monthly_flash,2012-04,2012-13,,Delhi,3,37985.0,37965.41,-19.59,0,3,1,61.0,303.94,0.86,,0,0,
monthly_flash,2012-04,2012-13,,Goa,1,335.61,335.61,0.0,0,1,1,3.0,105.04,31.3,,0,0,
monthly_flash,2012-04,2012-13,,Gujarat,24,31509.31,31737.32,228.01,5,23,6,15.0,6631.71,21.31,,0,0,
monthly_flash,2012-04,2012-13,,Haryana,10,5795.35,7611.84,1816.49,3,10,5,24.2,7330.71,96.31,,0,0,
monthly_flash,2012-04,2012-13,,Himachal Pradesh,6,14761.2,17455.42,2694.22,3,6,6,37.17,13476.94,77.21,,0,0,
monthly_flash,2012-04,2012-13,,Jammu & Kashmir,11,15120.05,34413.14,19293.09,6,10,8,51.25,12870.54,47.05,,0,0,
monthly_flash,2012-04,2012-13,,Jharkhand,23,11785.48,16601.53,4816.05,7,19,9,42.0,7267.09,49.66,,0,0,
monthly_flash,2012-04,2012-13,,Karnataka,24,29909.64,38742.46,8832.82,10,12,7,38.14,18095.87,49.45,,0,0,
monthly_flash,2012-04,2012-13,,Kerala,5,5469.67,6911.22,1441.55,3,4,4,17.75,4758.96,68.86,,0,0,
monthly_flash,2012-04,2012-13,,Madhya Pradesh,25,16968.45,17262.92,294.47,3,23,17,28.53,7867.29,48.69,,0,0,
monthly_flash,2012-04,2012-13,,Maharashtra,50,78548.34,93760.48,15212.14,18,45,23,31.61,45711.32,55.65,,0,0,
monthly_flash,2012-04,2012-13,,Manipur,1,727.56,3056.85,2329.29,1,1,1,60.0,738.6,24.16,,0,0,
monthly_flash,2012-04,2012-13,,Meghalaya,2,762.0,762.0,0.0,0,2,0,,542.95,71.25,,0,0,
monthly_flash,2012-04,2012-13,,Mizoram,3,1901.69,4220.75,2319.06,2,3,1,103.0,632.8,14.99,,0,0,
monthly_flash,2012-04,2012-13,,Nagaland,1,850.0,850.0,0.0,0,1,0,,8.45,0.99,,0,0,
monthly_flash,2012-04,2012-13,,Odisha,30,57405.36,61206.44,3801.08,13,24,11,67.91,26795.37,46.06,,0,0,
monthly_flash,2012-04,2012-13,,Punjab,6,4384.2,5314.23,930.03,2,6,3,33.33,3448.9,64.9,,0,0,
monthly_flash,2012-04,2012-13,,Rajasthan,15,26688.02,26417.9,-270.12,4,14,5,27.0,8142.67,31.81,,0,0,
monthly_flash,2012-04,2012-13,,Sikkim,2,1648.94,3690.04,2041.1,1,2,1,27.0,235.6,6.38,,0,0,
monthly_flash,2012-04,2012-13,,Tamil Nadu,35,52241.33,61100.42,8859.09,13,24,12,35.75,37289.34,63.17,,0,0,
monthly_flash,2012-04,2012-13,,Tripura,3,1522.39,2053.23,530.84,2,2,1,4.0,707.17,34.44,,0,0,
monthly_flash,2012-04,2012-13,,Uttar Pradesh,25,18779.67,22785.21,4005.54,9,23,17,41.94,10970.02,50.66,,0,0,
monthly_flash,2012-04,2012-13,,Uttarakhand,4,8514.31,9454.74,940.43,2,4,4,25.25,2526.07,26.72,,0,0,
monthly_flash,2012-04,2012-13,,West Bengal,26,40460.77,52785.03,12324.26,16,23,19,46.32,25466.98,48.51,,0,0,
monthly_flash,2012-05,2012-13,,Andhra Pradesh,36,31031.62,38459.02,7427.4,14,27,16,22.5,21597.86,57.86,,0,0,
monthly_flash,2012-05,2012-13,,Arunachal Pradesh,4,9512.22,14152.72,4640.5,2,3,3,48.67,8098.33,57.22,,0,0,
monthly_flash,2012-05,2012-13,,Assam,36,22463.87,33865.52,11401.65,12,34,31,58.94,20965.8,61.91,,0,0,
monthly_flash,2012-05,2012-13,,Bihar,32,30891.77,35951.12,5059.35,13,22,15,35.2,24004.93,66.77,,0,0,
monthly_flash,2012-05,2012-13,,Chhattisgarh,27,41193.18,56813.15,15619.97,11,18,11,26.82,20863.13,37.23,,0,0,
monthly_flash,2012-05,2012-13,,Delhi,3,37985.0,37965.41,-19.59,0,3,1,72.0,361.52,0.95,,0,0,
monthly_flash,2012-05,2012-13,,Goa,1,335.61,335.61,0.0,0,1,1,3.0,111.25,33.15,,0,0,
monthly_flash,2012-05,2012-13,,Gujarat,23,31308.52,31536.52,228.0,4,21,6,15.0,6487.63,20.99,,0,0,
monthly_flash,2012-05,2012-13,,Haryana,9,5306.6,7177.17,1870.57,3,9,5,24.6,7054.61,98.29,,0,0,
monthly_flash,2012-05,2012-13,,Himachal Pradesh,6,14761.2,17455.42,2694.22,3,6,6,44.0,13575.62,77.77,,0,0,
monthly_flash,2012-05,2012-13,,Jammu & Kashmir,11,15120.05,34413.14,19293.09,6,11,8,51.5,12967.23,47.41,,0,0,
monthly_flash,2012-05,2012-13,,Jharkhand,23,11785.48,16601.53,4816.05,7,18,9,43.33,7432.22,50.79,,0,0,
monthly_flash,2012-05,2012-13,,Karnataka,23,29468.64,37913.46,8444.82,10,10,10,30.1,15388.4,45.55,,0,0,
monthly_flash,2012-05,2012-13,,Kerala,5,5469.67,6911.22,1441.55,3,4,4,26.75,4754.08,68.79,,0,0,
monthly_flash,2012-05,2012-13,,Madhya Pradesh,25,16968.45,17262.92,294.47,3,21,17,28.71,8572.16,50.89,,0,0,
monthly_flash,2012-05,2012-13,,Maharashtra,50,78266.29,93478.43,15212.14,18,45,29,27.07,46079.5,56.29,,0,0,
monthly_flash,2012-05,2012-13,,Manipur,1,727.56,4444.0,3716.44,1,1,1,60.0,797.35,17.94,,0,0,
monthly_flash,2012-05,2012-13,,Meghalaya,2,762.0,762.0,0.0,0,2,0,,560.39,73.54,,0,0,
monthly_flash,2012-05,2012-13,,Mizoram,2,1532.97,3307.11,1774.14,1,2,2,12.0,318.28,9.62,,0,0,
monthly_flash,2012-05,2012-13,,Nagaland,1,850.0,850.0,0.0,0,1,0,,8.44,0.99,,0,0,
monthly_flash,2012-05,2012-13,,Odisha,30,57405.36,61206.44,3801.08,13,23,11,67.91,29164.31,48.5,,0,0,
monthly_flash,2012-05,2012-13,,Punjab,6,4384.2,5325.97,941.77,2,6,4,25.25,3522.94,66.15,,0,0,
monthly_flash,2012-05,2012-13,,Rajasthan,15,26688.02,26417.9,-270.12,4,14,6,23.17,8302.18,32.43,,0,0,
monthly_flash,2012-05,2012-13,,Sikkim,2,1648.94,3690.04,2041.1,1,2,1,27.0,235.61,6.39,,0,0,
monthly_flash,2012-05,2012-13,,Tamil Nadu,32,51275.95,60135.04,8859.09,13,22,13,31.46,37590.08,63.68,,0,0,
monthly_flash,2012-05,2012-13,,Tripura,3,1522.39,2053.23,530.84,2,2,1,4.0,751.14,36.58,,0,0,
monthly_flash,2012-05,2012-13,,Uttar Pradesh,24,18548.94,22386.71,3837.77,8,22,16,45.0,11253.5,52.94,,0,0,
monthly_flash,2012-05,2012-13,,Uttarakhand,4,8514.31,9454.74,940.43,2,4,4,25.25,2539.71,26.86,,0,0,
monthly_flash,2012-05,2012-13,,West Bengal,25,40187.77,52298.29,12110.52,16,22,18,41.39,25405.74,48.85,,0,0,
monthly_flash,2012-06,2012-13,,Andhra Pradesh,36,31031.62,38459.02,7427.4,14,32,16,22.62,21526.46,61.76,,0,0,
monthly_flash,2012-06,2012-13,,Arunachal Pradesh,4,9512.22,14153.62,4641.4,2,3,3,48.67,8167.54,57.71,,0,0,
monthly_flash,2012-06,2012-13,,Assam,36,22463.87,33865.52,11401.65,12,34,31,59.03,21149.49,62.45,,0,0,
monthly_flash,2012-06,2012-13,,Bihar,29,26796.45,31471.73,4675.28,12,22,14,36.0,20119.04,63.93,,0,0,
monthly_flash,2012-06,2012-13,,Chhattisgarh,26,40960.25,56580.22,15619.97,11,23,11,28.55,15030.3,40.12,,0,0,
monthly_flash,2012-06,2012-13,,Delhi,3,37985.0,37965.41,-19.59,0,3,1,72.0,438.91,1.16,,0,0,
monthly_flash,2012-06,2012-13,,Goa,1,335.61,335.61,0.0,0,1,1,3.0,122.4,36.47,,0,0,
monthly_flash,2012-06,2012-13,,Gujarat,23,31308.52,31536.52,228.0,4,23,6,15.0,6652.09,21.52,,0,0,
monthly_flash,2012-06,2012-13,,Haryana,9,5306.6,7177.17,1870.57,3,9,5,24.6,7233.69,100.79,,0,0,
monthly_flash,2012-06,2012-13,,Himachal Pradesh,5,13355.57,15213.42,1857.85,2,5,5,48.4,12032.84,79.09,,0,0,
monthly_flash,2012-06,2012-13,,Jammu & Kashmir,11,15120.05,34993.86,19873.81,6,11,8,51.5,12904.84,46.52,,0,0,
monthly_flash,2012-06,2012-13,,Jharkhand,23,11785.48,16601.53,4816.05,7,19,9,43.33,7611.62,50.64,,0,0,
monthly_flash,2012-06,2012-13,,Karnataka,23,29468.64,37913.46,8444.82,10,10,10,28.9,18104.02,47.75,,0,0,
monthly_flash,2012-06,2012-13,,Kerala,5,5469.67,6911.22,1441.55,3,4,4,27.0,4854.08,70.23,,0,0,
monthly_flash,2012-06,2012-13,,Madhya Pradesh,23,16561.52,16855.99,294.47,3,21,17,26.65,8438.61,51.33,,0,0,
monthly_flash,2012-06,2012-13,,Maharashtra,50,78266.29,93478.43,15212.14,18,45,28,29.71,47572.51,58.12,,0,0,
monthly_flash,2012-06,2012-13,,Manipur,1,727.56,4444.0,3716.44,1,1,1,60.0,797.35,17.94,,0,0,
monthly_flash,2012-06,2012-13,,Meghalaya,2,762.0,762.0,0.0,0,2,0,,575.86,75.57,,0,0,
monthly_flash,2012-06,2012-13,,Mizoram,2,1532.97,3307.11,1774.14,1,2,2,9.0,339.34,10.26,,0,0,
monthly_flash,2012-06,2012-13,,Nagaland,1,850.0,850.0,0.0,0,1,0,,8.44,0.99,,0,0,
monthly_flash,2012-06,2012-13,,Odisha,30,57405.36,61206.54,3801.18,13,24,11,69.09,30191.73,49.53,,0,0,
monthly_flash,2012-06,2012-13,,Punjab,6,4384.2,5325.97,941.77,2,6,4,26.0,3711.7,69.69,,0,0,
monthly_flash,2012-06,2012-13,,Rajasthan,14,26544.1,26138.31,-405.79,3,13,6,23.17,8320.74,32.86,,0,0,
monthly_flash,2012-06,2012-13,,Sikkim,2,1648.94,3690.04,2041.1,1,2,1,27.0,235.61,6.39,,0,0,
monthly_flash,2012-06,2012-13,,Tamil Nadu,32,51275.95,61960.82,10684.87,14,23,13,34.46,38007.93,62.46,,0,0,
monthly_flash,2012-06,2012-13,,Tripura,3,1522.39,2053.23,530.84,2,2,1,4.0,800.6,38.99,,0,0,
monthly_flash,2012-06,2012-13,,Uttar Pradesh,23,18321.94,22159.71,3837.77,8,21,15,45.27,11075.37,52.67,,0,0,
monthly_flash,2012-06,2012-13,,Uttarakhand,3,5619.21,6559.64,940.43,2,3,3,30.33,1859.09,28.34,,0,0,
monthly_flash,2012-06,2012-13,,West Bengal,25,40187.77,52557.13,12369.36,16,22,18,45.56,25639.86,49.05,,0,0,
monthly_flash,2012-07,2012-13,,Andhra Pradesh,36,31031.62,38457.22,7425.6,14,32,17,22.0,21874.62,60.42,,0,0,
monthly_flash,2012-07,2012-13,,Arunachal Pradesh,4,9512.22,14153.62,4641.4,2,3,3,48.67,8206.4,57.98,,0,0,
monthly_flash,2012-07,2012-13,,Assam,36,22463.87,33705.52,11241.65,10,35,32,58.91,21831.88,64.77,,0,0,
monthly_flash,2012-07,2012-13,,Bihar,29,26796.45,31675.72,4879.27,13,22,14,36.43,20470.19,64.62,,0,0,
monthly_flash,2012-07,2012-13,,Chhattisgarh,25,40824.67,56321.66,15496.99,10,22,8,25.75,21392.7,38.52,,0,0,
monthly_flash,2012-07,2012-13,,Delhi,3,37985.0,37965.41,-19.59,0,3,1,72.0,550.41,1.45,,0,0,
monthly_flash,2012-07,2012-13,,Goa,1,335.61,335.61,0.0,0,1,1,3.0,124.35,37.05,,0,0,
monthly_flash,2012-07,2012-13,,Gujarat,22,31111.55,31313.49,201.94,5,22,5,16.4,6543.63,21.32,,0,0,
monthly_flash,2012-07,2012-13,,Haryana,10,5496.6,7367.17,1870.57,3,10,5,24.6,7299.73,99.08,,0,0,
monthly_flash,2012-07,2012-13,,Himachal Pradesh,5,13355.57,15213.42,1857.85,2,5,5,48.4,12172.22,80.01,,0,0,
monthly_flash,2012-07,2012-13,,Jammu & Kashmir,11,15120.05,34993.86,19873.81,6,10,7,51.71,13175.2,47.17,,0,0,
monthly_flash,2012-07,2012-13,,Jharkhand,23,11785.48,16601.53,4816.05,7,19,9,43.67,7779.63,51.76,,0,0,
monthly_flash,2012-07,2012-13,,Karnataka,24,44634.83,53079.65,8444.82,10,11,10,28.9,19203.5,36.18,,0,0,
monthly_flash,2012-07,2012-13,,Kerala,5,5469.67,6911.22,1441.55,3,4,4,27.0,4854.08,70.23,,0,0,
monthly_flash,2012-07,2012-13,,Madhya Pradesh,23,16561.52,16855.99,294.47,3,21,17,26.65,8565.16,52.1,,0,0,
monthly_flash,2012-07,2012-13,,Maharashtra,53,95829.75,111041.89,15212.14,18,48,28,30.07,49568.22,49.86,,0,0,
monthly_flash,2012-07,2012-13,,Manipur,1,727.56,4444.0,3716.44,1,1,1,60.0,843.1,18.97,,0,0,
monthly_flash,2012-07,2012-13,,Meghalaya,2,762.0,762.0,0.0,0,2,0,,575.86,75.57,,0,0,
monthly_flash,2012-07,2012-13,,Mizoram,2,1532.97,3307.11,1774.14,1,2,2,9.0,350.17,10.59,,0,0,
monthly_flash,2012-07,2012-13,,Nagaland,1,850.0,850.0,0.0,0,1,0,,8.44,0.99,,0,0,
monthly_flash,2012-07,2012-13,,Odisha,30,57405.36,61398.87,3993.51,13,23,10,75.3,31211.71,51.04,,0,0,
monthly_flash,2012-07,2012-13,,Punjab,7,4836.2,5777.97,941.77,2,7,4,26.0,3822.36,66.15,,0,0,
monthly_flash,2012-07,2012-13,,Rajasthan,14,26544.1,26138.31,-405.79,3,13,6,24.17,8436.8,33.32,,0,0,
monthly_flash,2012-07,2012-13,,Sikkim,2,1648.94,3690.04,2041.1,1,2,1,27.0,235.64,6.39,,0,0,
monthly_flash,2012-07,2012-13,,Tamil Nadu,32,51275.95,61960.82,10684.87,14,22,12,35.25,38366.88,63.05,,0,0,
monthly_flash,2012-07,2012-13,,Tripura,3,1522.39,2053.23,530.84,2,2,1,7.0,884.05,43.06,,0,0,
monthly_flash,2012-07,2012-13,,Uttar Pradesh,23,18321.94,22159.71,3837.77,8,21,15,45.27,11253.85,53.52,,0,0,
monthly_flash,2012-07,2012-13,,Uttarakhand,3,5619.21,6559.64,940.43,2,3,3,30.33,1878.82,28.64,,0,0,
monthly_flash,2012-07,2012-13,,West Bengal,25,40187.77,52557.13,12369.36,16,22,18,45.56,25537.66,49.01,,0,0,
monthly_flash,2012-08,2012-13,,Andhra Pradesh,36,31031.62,38459.02,7427.4,14,31,17,22.18,22194.5,61.3,,0,0,
monthly_flash,2012-08,2012-13,,Arunachal Pradesh,4,9512.22,14153.62,4641.4,2,3,3,49.67,8312.76,58.73,,0,0,
monthly_flash,2012-08,2012-13,,Assam,36,22463.87,34047.36,11583.49,12,35,32,58.28,22202.26,65.21,,0,0,
monthly_flash,2012-08,2012-13,,Bihar,30,26901.24,34657.03,7755.79,13,22,14,36.43,22050.99,63.63,,0,0,
monthly_flash,2012-08,2012-13,,Chhattisgarh,24,46715.19,47998.27,1283.08,6,22,8,22.75,13394.87,28.37,,0,0,
monthly_flash,2012-08,2012-13,,Delhi,5,38572.55,38552.96,-19.59,0,5,1,72.0,846.69,2.23,,0,0,
monthly_flash,2012-08,2012-13,,Goa,1,335.61,335.61,0.0,0,1,1,7.0,130.41,38.86,,0,0,
monthly_flash,2012-08,2012-13,,Gujarat,22,31111.55,31313.49,201.94,5,22,5,16.8,8206.32,28.79,,0,0,
monthly_flash,2012-08,2012-13,,Haryana,10,5496.6,7367.17,1870.57,3,10,5,24.6,7357.06,99.86,,0,0,
monthly_flash,2012-08,2012-13,,Himachal Pradesh,5,13355.57,15414.93,2059.36,3,5,5,49.4,12377.65,80.3,,0,0,
monthly_flash,2012-08,2012-13,,Jammu & Kashmir,10,14926.96,22827.56,7900.6,6,10,9,43.11,13172.86,83.55,,0,0,
monthly_flash,2012-08,2012-13,,Jharkhand,22,14293.58,18275.16,3981.58,6,20,10,40.8,7686.88,46.02,,0,0,
monthly_flash,2012-08,2012-13,,Karnataka,24,44634.83,52983.83,8349.0,9,11,10,30.1,19724.05,37.23,,0,0,
monthly_flash,2012-08,2012-13,,Kerala,5,5469.67,6911.22,1441.55,3,4,4,27.5,4941.88,71.51,,0,0,
monthly_flash,2012-08,2012-13,,Madhya Pradesh,23,16561.52,16855.99,294.47,3,21,17,28.53,8840.55,53.78,,0,0,
monthly_flash,2012-08,2012-13,,Maharashtra,55,96485.62,111451.94,14966.32,19,49,27,31.59,51383.56,51.38,,0,0,
monthly_flash,2012-08,2012-13,,Manipur,1,727.56,4444.0,3716.44,1,1,1,60.0,911.23,20.5,,0,0,
monthly_flash,2012-08,2012-13,,Meghalaya,2,762.0,762.0,0.0,0,2,0,,607.88,79.77,,0,0,
monthly_flash,2012-08,2012-13,,Mizoram,2,1532.97,3307.11,1774.14,1,2,2,9.0,356.19,10.77,,0,0,
monthly_flash,2012-08,2012-13,,Nagaland,1,850.0,850.0,0.0,0,1,0,,8.44,0.99,,0,0,
monthly_flash,2012-08,2012-13,,Odisha,30,57409.06,61398.87,3989.81,12,24,12,64.33,32059.77,52.43,,0,0,
monthly_flash,2012-08,2012-13,,Punjab,7,4836.2,5777.97,941.77,2,7,4,28.5,3842.89,66.51,,0,0,
monthly_flash,2012-08,2012-13,,Rajasthan,14,26544.1,26138.31,-405.79,3,13,6,24.17,9059.56,35.78,,0,0,
monthly_flash,2012-08,2012-13,,Sikkim,2,1648.94,3690.04,2041.1,1,2,1,27.0,237.81,6.44,,0,0,
monthly_flash,2012-08,2012-13,,Tamil Nadu,32,51275.95,62055.82,10779.87,14,22,13,34.08,38825.99,63.7,,0,0,
monthly_flash,2012-08,2012-13,,Tripura,3,1522.39,2053.23,530.84,2,2,1,7.0,886.91,43.2,,0,0,
monthly_flash,2012-08,2012-13,,Uttar Pradesh,24,18613.3,22451.07,3837.77,8,22,16,43.0,11592.12,51.63,,0,0,
monthly_flash,2012-08,2012-13,,Uttarakhand,3,5619.21,6559.64,940.43,2,2,2,32.0,1920.95,29.28,,0,0,
monthly_flash,2012-08,2012-13,,West Bengal,26,40889.93,51090.39,10200.46,16,24,18,46.11,26608.98,52.08,,0,0,
monthly_flash,2012-09,2012-13,,Andhra Pradesh,36,31031.62,38457.22,7425.6,14,31,17,23.88,22934.94,61.45,,0,0,
monthly_flash,2012-09,2012-13,,Arunachal Pradesh,4,9512.22,14153.62,4641.4,2,3,3,49.67,8411.52,59.43,,0,0,
monthly_flash,2012-09,2012-13,,Assam,36,22463.87,34047.37,11583.5,12,35,33,57.7,22845.83,67.1,,0,0,
monthly_flash,2012-09,2012-13,,Bihar,30,26901.24,34657.04,7755.8,13,22,14,36.64,22584.24,65.16,,0,0,
monthly_flash,2012-09,2012-13,,Chhattisgarh,24,46715.19,47998.27,1283.08,6,22,5,22.6,14105.52,30.5,,0,0,
monthly_flash,2012-09,2012-13,,Delhi,5,38572.55,38552.96,-19.59,0,5,1,72.0,1046.94,2.76,,0,0,
monthly_flash,2012-09,2012-13,,Goa,1,335.61,335.61,0.0,0,1,1,7.0,138.65,41.31,,0,0,
monthly_flash,2012-09,2012-13,,Gujarat,22,31111.55,31313.49,201.94,5,20,6,15.5,8461.23,29.69,,0,0,
monthly_flash,2012-09,2012-13,,Haryana,10,5496.6,7438.41,1941.81,3,10,5,24.6,7557.31,101.6,,0,0,
monthly_flash,2012-09,2012-13,,Himachal Pradesh,5,13355.57,15414.93,2059.36,3,5,5,49.4,12500.23,81.09,,0,0,
monthly_flash,2012-09,2012-13,,Jammu & Kashmir,10,14926.96,34825.56,19898.6,6,10,9,43.11,13258.24,47.75,,0,0,
monthly_flash,2012-09,2012-13,,Jharkhand,22,14293.58,18275.16,3981.58,6,18,9,36.22,7878.59,47.16,,0,0,
monthly_flash,2012-09,2012-13,,Karnataka,24,44634.83,54126.75,9491.92,9,11,10,30.7,20195.42,37.31,,0,0,
monthly_flash,2012-09,2012-13,,Kerala,6,19694.67,21136.22,1441.55,3,5,4,27.5,4971.99,23.52,,0,0,
monthly_flash,2012-09,2012-13,,Madhya Pradesh,24,19741.92,20036.39,294.47,3,22,15,28.4,8981.46,54.64,,0,0,
monthly_flash,2012-09,2012-13,,Maharashtra,55,97571.22,112834.43,15263.21,18,49,29,30.14,50575.3,49.8,,0,0,
monthly_flash,2012-09,2012-13,,Manipur,1,727.56,4444.0,3716.44,1,1,1,60.0,937.59,21.1,,0,0,
monthly_flash,2012-09,2012-13,,Meghalaya,2,762.0,762.0,0.0,0,2,0,,607.88,79.77,,0,0,
monthly_flash,2012-09,2012-13,,Mizoram,2,1532.97,3307.11,1774.14,1,2,2,9.0,362.86,10.97,,0,0,
monthly_flash,2012-09,2012-13,,Nagaland,1,850.0,850.0,0.0,0,1,0,,8.45,0.99,,0,0,
monthly_flash,2012-09,2012-13,,Odisha,30,57409.06,60948.97,3539.91,12,25,12,65.42,32893.08,54.41,,0,0,
monthly_flash,2012-09,2012-13,,Punjab,7,4836.2,5777.97,941.77,2,7,4,28.5,4174.72,72.25,,0,0,
monthly_flash,2012-09,2012-13,,Rajasthan,14,26544.1,26138.31,-405.79,3,13,6,25.5,9347.39,36.92,,0,0,
monthly_flash,2012-09,2012-13,,Sikkim,2,1648.94,3690.04,2041.1,1,2,1,27.0,237.83,6.45,,0,0,
monthly_flash,2012-09,2012-13,,Tamil Nadu,32,51275.95,62055.82,10779.87,14,23,14,33.64,39468.7,64.76,,0,0,
monthly_flash,2012-09,2012-13,,Tripura,3,1522.39,2053.23,530.84,2,2,1,7.0,924.68,45.04,,0,0,
monthly_flash,2012-09,2012-13,,Uttar Pradesh,25,19249.2,23086.97,3837.77,8,23,16,43.31,11767.93,52.42,,0,0,
monthly_flash,2012-09,2012-13,,Uttarakhand,3,5619.21,6559.64,940.43,2,2,2,32.0,1960.76,29.89,,0,0,
monthly_flash,2012-09,2012-13,,West Bengal,27,42286.11,54378.74,12092.63,15,24,18,42.61,27450.76,50.48,,0,0,
monthly_flash,2012-10,2012-13,,Andhra Pradesh,37,31485.25,38910.85,7425.6,14,31,18,23.5,23370.24,61.86,,0,0,
monthly_flash,2012-10,2012-13,,Arunachal Pradesh,4,9512.22,14152.72,4640.5,2,3,3,49.67,8545.47,60.38,,0,0,
monthly_flash,2012-10,2012-13,,Assam,35,22260.93,33844.43,11583.5,12,34,33,57.73,23141.21,68.38,,0,0,
monthly_flash,2012-10,2012-13,,Bihar,30,26901.24,34657.04,7755.8,13,22,14,36.64,22796.18,65.78,,0,0,
monthly_flash,2012-10,2012-13,,Chhattisgarh,24,46715.19,47998.27,1283.08,6,23,7,23.0,14654.67,31.04,,0,0,
monthly_flash,2012-10,2012-13,,Delhi,5,38572.55,38552.96,-19.59,0,5,1,72.0,1060.09,2.77,,0,0,
monthly_flash,2012-10,2012-13,,Goa,1,335.61,335.61,0.0,0,1,1,7.0,146.09,43.53,,0,0,
monthly_flash,2012-10,2012-13,,Gujarat,22,31111.55,31313.49,201.94,5,20,6,15.67,8618.58,28.08,,0,0,
monthly_flash,2012-10,2012-13,,Haryana,10,5496.6,7438.41,1941.81,3,10,5,24.6,7607.89,102.28,,0,0,
monthly_flash,2012-10,2012-13,,Himachal Pradesh,5,13355.57,15414.93,2059.36,3,5,5,50.0,12735.44,82.62,,0,0,
monthly_flash,2012-10,2012-13,,Jammu & Kashmir,10,14926.96,34825.56,19898.6,6,10,9,43.44,13820.3,49.78,,0,0,
monthly_flash,2012-10,2012-13,,Jharkhand,23,14447.4,18428.98,3981.58,6,19,10,34.0,8082.74,47.94,,0,0,
monthly_flash,2012-10,2012-13,,Karnataka,24,44634.83,54121.25,9486.42,9,11,10,32.0,20479.07,37.84,,0,0,
monthly_flash,2012-10,2012-13,,Kerala,6,19694.67,21136.22,1441.55,3,5,4,27.5,5052.64,23.91,,0,0,
monthly_flash,2012-10,2012-13,,Madhya Pradesh,24,19741.92,19891.96,150.04,3,22,15,29.93,9289.71,47.7,,0,0,
monthly_flash,2012-10,2012-13,,Maharashtra,54,97399.54,113680.17,16280.63,18,48,29,30.55,52347.3,50.88,,0,0,
monthly_flash,2012-10,2012-13,,Manipur,1,727.56,4444.0,3716.44,1,1,1,60.0,937.59,21.1,,0,0,
monthly_flash,2012-10,2012-13,,Meghalaya,2,762.0,762.0,0.0,0,2,0,,652.09,85.58,,0,0,
monthly_flash,2012-10,2012-13,,Mizoram,2,1532.97,3307.11,1774.14,1,2,2,9.0,365.25,11.04,,0,0,
monthly_flash,2012-10,2012-13,,Nagaland,1,850.0,850.0,0.0,0,1,0,,8.45,0.99,,0,0,
monthly_flash,2012-10,2012-13,,Odisha,30,57409.06,60948.97,3539.91,12,26,12,65.42,33996.56,56.01,,0,0,
monthly_flash,2012-10,2012-13,,Punjab,7,4836.2,5777.97,941.77,2,7,4,29.25,4201.18,72.71,,0,0,
monthly_flash,2012-10,2012-13,,Rajasthan,14,26544.1,26138.31,-405.79,3,13,6,25.5,9492.91,37.49,,0,0,
monthly_flash,2012-10,2012-13,,Sikkim,2,1648.94,3690.04,2041.1,1,2,1,27.0,237.83,6.45,,0,0,
monthly_flash,2012-10,2012-13,,Tamil Nadu,32,51275.95,62055.82,10779.87,14,22,13,35.0,35984.77,65.1,,0,0,
monthly_flash,2012-10,2012-13,,Tripura,3,1522.39,2053.23,530.84,2,2,1,7.0,948.88,46.21,,0,0,
monthly_flash,2012-10,2012-13,,Uttar Pradesh,23,18822.9,22660.67,3837.77,8,21,14,42.43,11564.45,52.51,,0,0,
monthly_flash,2012-10,2012-13,,Uttarakhand,3,5619.21,6559.64,940.43,2,3,3,32.33,1994.38,30.4,,0,0,
monthly_flash,2012-10,2012-13,,West Bengal,27,42286.11,54607.56,12321.45,16,24,18,43.44,27744.01,50.81,,0,0,
monthly_flash,2012-11,2012-13,,Andhra Pradesh,37,31485.25,39109.12,7623.87,14,31,18,24.06,23580.54,62.09,,0,0,
monthly_flash,2012-11,2012-13,,Arunachal Pradesh,4,9512.22,14153.62,4641.4,2,3,3,49.67,8583.5,60.65,,0,0,
monthly_flash,2012-11,2012-13,,Assam,35,22260.93,33844.43,11583.5,12,34,33,57.73,23362.71,69.03,,0,0,
monthly_flash,2012-11,2012-13,,Bihar,30,26901.24,34657.04,7755.8,13,22,14,36.5,23148.66,66.79,,0,0,
monthly_flash,2012-11,2012-13,,Chhattisgarh,25,47047.84,48330.92,1283.08,6,24,7,23.0,15288.66,32.38,,0,0,
monthly_flash,2012-11,2012-13,,Delhi,3,37985.0,37965.41,-19.59,0,3,1,72.0,1239.97,3.27,,0,0,
monthly_flash,2012-11,2012-13,,Goa,1,335.61,204.73,-130.88,0,0,0,,,,,0,0,
monthly_flash,2012-11,2012-13,,Gujarat,22,31111.55,31313.49,201.94,5,20,6,15.67,9023.89,31.66,,0,0,
monthly_flash,2012-11,2012-13,,Haryana,10,5496.6,7439.09,1942.49,3,10,5,24.6,7935.6,106.67,,0,0,
monthly_flash,2012-11,2012-13,,Himachal Pradesh,5,13355.57,17246.69,3891.12,4,5,5,51.2,12919.45,74.91,,0,0,
monthly_flash,2012-11,2012-13,,Jammu & Kashmir,10,14926.96,34825.56,19898.6,6,10,9,43.78,13857.75,49.91,,0,0,
monthly_flash,2012-11,2012-13,,Jharkhand,23,14447.4,18428.98,3981.58,6,19,10,34.0,8265.43,49.03,,0,0,
monthly_flash,2012-11,2012-13,,Karnataka,25,45300.83,54787.25,9486.42,9,12,10,32.2,20809.59,38.45,,0,0,
monthly_flash,2012-11,2012-13,,Kerala,6,19694.67,21136.22,1441.55,3,5,4,27.75,5081.19,24.04,,0,0,
monthly_flash,2012-11,2012-13,,Madhya Pradesh,24,19741.92,19891.96,150.04,3,22,15,30.33,9390.35,48.22,,0,0,
monthly_flash,2012-11,2012-13,,Maharashtra,54,97399.54,113680.17,16280.63,18,48,30,30.03,52917.42,48.69,,0,0,
monthly_flash,2012-11,2012-13,,Manipur,1,727.56,4444.0,3716.44,1,1,1,60.0,937.59,21.1,,0,0,
monthly_flash,2012-11,2012-13,,Meghalaya,2,762.0,762.0,0.0,0,2,0,,670.74,88.02,,0,0,
monthly_flash,2012-11,2012-13,,Mizoram,2,1532.97,3307.11,1774.14,1,2,2,9.0,381.46,11.53,,0,0,
monthly_flash,2012-11,2012-13,,Nagaland,1,850.0,850.0,0.0,0,1,0,,8.45,0.99,,0,0,
monthly_flash,2012-11,2012-13,,Odisha,31,57663.96,62099.12,4435.16,12,27,12,65.58,34794.63,56.26,,0,0,
monthly_flash,2012-11,2012-13,,Punjab,7,4836.2,5777.97,941.77,2,7,5,23.8,4480.45,77.54,,0,0,
monthly_flash,2012-11,2012-13,,Rajasthan,14,26544.1,26138.31,-405.79,3,13,6,25.5,9928.49,39.21,,0,0,
monthly_flash,2012-11,2012-13,,Sikkim,2,1648.94,3690.04,2041.1,1,2,1,27.0,241.1,6.53,,0,0,
monthly_flash,2012-11,2012-13,,Tamil Nadu,32,51275.95,62055.82,10779.87,14,22,13,35.08,39900.25,65.46,,0,0,
monthly_flash,2012-11,2012-13,,Tripura,3,1522.39,2053.23,530.84,2,2,1,7.0,992.04,48.32,,0,0,
monthly_flash,2012-11,2012-13,,Uttar Pradesh,23,18822.9,22659.67,3836.77,8,21,14,42.64,11745.15,53.33,,0,0,
monthly_flash,2012-11,2012-13,,Uttarakhand,3,5619.21,6559.64,940.43,2,3,3,32.33,2021.4,30.82,,0,0,
monthly_flash,2012-11,2012-13,,West Bengal,27,42286.11,54501.8,12215.69,16,23,17,44.76,25908.97,49.29,,0,0,
monthly_flash,2012-12,2012-13,,Andhra Pradesh,36,31097.25,38721.12,7623.87,14,30,17,26.18,23261.58,61.89,,0,0,
monthly_flash,2012-12,2012-13,,Arunachal Pradesh,4,9512.22,14144.29,4632.07,2,3,3,49.67,8666.73,61.27,,0,0,
monthly_flash,2012-12,2012-13,,Assam,34,22035.93,35405.41,13369.48,12,33,32,61.47,23773.36,67.15,,0,0,
monthly_flash,2012-12,2012-13,,Bihar,30,26917.64,34673.44,7755.8,13,22,13,35.77,22917.38,66.78,,0,0,
monthly_flash,2012-12,2012-13,,Chhattisgarh,24,46583.84,47866.92,1283.08,6,22,7,23.57,15375.45,32.65,,0,0,
monthly_flash,2012-12,2012-13,,Delhi,4,38214.41,38194.82,-19.59,0,4,2,41.5,1575.64,4.13,,0,0,
monthly_flash,2012-12,2012-13,,Goa,1,335.61,335.61,0.0,0,1,1,10.0,169.33,50.45,,0,0,
monthly_flash,2012-12,2012-13,,Gujarat,22,31111.55,31313.49,201.94,5,20,6,16.0,9711.3,31.64,,0,0,
monthly_flash,2012-12,2012-13,,Haryana,10,5496.6,7636.69,2140.09,3,10,6,21.17,7970.69,104.37,,0,0,
monthly_flash,2012-12,2012-13,,Himachal Pradesh,5,13355.57,17246.69,3891.12,4,5,5,52.8,13068.46,75.77,,0,0,
monthly_flash,2012-12,2012-13,,Jammu & Kashmir,10,14926.96,34825.56,19898.6,6,10,9,44.33,14099.18,50.78,,0,0,
monthly_flash,2012-12,2012-13,,Jharkhand,23,14447.4,18428.98,3981.58,6,20,11,39.45,8437.83,50.05,,0,0,
monthly_flash,2012-12,2012-13,,Karnataka,26,46344.4,55830.82,9486.42,9,12,10,32.3,21053.74,38.17,,0,0,
monthly_flash,2012-12,2012-13,,Kerala,7,20376.67,21818.22,1441.55,3,6,5,25.8,5161.99,24.42,,0,0,
monthly_flash,2012-12,2012-13,,Madhya Pradesh,22,18978.92,19273.39,294.47,3,20,13,33.08,9076.96,48.14,,0,0,
monthly_flash,2012-12,2012-13,,Maharashtra,52,93207.43,108066.84,14859.41,15,46,29,31.86,49324.68,47.85,,0,0,
monthly_flash,2012-12,2012-13,,Manipur,1,727.56,4444.0,3716.44,1,1,1,60.0,1079.17,24.28,,0,0,
monthly_flash,2012-12,2012-13,,Meghalaya,2,762.0,762.0,0.0,0,2,0,,685.29,89.93,,0,0,
monthly_flash,2012-12,2012-13,,Mizoram,2,1532.97,3307.11,1774.14,1,2,2,21.0,406.43,12.29,,0,0,
monthly_flash,2012-12,2012-13,,Nagaland,1,850.0,850.0,0.0,0,1,1,24.0,8.45,0.99,,0,0,
monthly_flash,2012-12,2012-13,,Odisha,31,57663.96,62099.12,4435.16,12,26,12,65.83,35758.83,57.82,,0,0,
monthly_flash,2012-12,2012-13,,Punjab,7,4836.2,5777.97,941.77,2,7,4,29.25,2650.62,88.2,,0,0,
monthly_flash,2012-12,2012-13,,Rajasthan,13,20962.87,20917.08,-45.79,3,12,6,22.33,6942.16,34.54,,0,0,
monthly_flash,2012-12,2012-13,,Sikkim,2,1648.94,3690.04,2041.1,1,2,2,39.0,255.34,6.92,,0,0,
monthly_flash,2012-12,2012-13,,Tamil Nadu,32,51275.95,62055.82,10779.87,14,22,13,35.62,40835.24,67.0,,0,0,
monthly_flash,2012-12,2012-13,,Tripura,3,1522.39,2018.85,496.46,2,2,2,15.0,1028.0,50.92,,0,0,
monthly_flash,2012-12,2012-13,,Uttar Pradesh,23,18822.9,22659.67,3836.77,8,21,14,43.36,11963.73,54.32,,0,0,
monthly_flash,2012-12,2012-13,,Uttarakhand,4,6097.21,7037.64,940.43,2,4,4,25.5,2280.39,32.4,,0,0,
monthly_flash,2012-12,2012-13,,West Bengal,27,42286.11,54884.29,12598.18,17,25,19,45.68,28329.27,51.62,,0,0,
monthly_flash,2013-01,2012-13,,Andhra Pradesh,36,31097.25,38721.12,7623.87,14,30,17,27.18,23601.5,62.05,,0,0,
monthly_flash,2013-01,2012-13,,Arunachal Pradesh,4,9512.22,14144.29,4632.07,2,3,3,49.67,8743.53,61.82,,0,0,
monthly_flash,2013-01,2012-13,,Assam,34,22035.93,35405.41,13369.48,12,33,32,65.66,24059.74,69.08,,0,0,
monthly_flash,2013-01,2012-13,,Bihar,30,26917.64,34877.43,7959.79,14,22,13,38.46,23301.68,67.5,,0,0,
monthly_flash,2013-01,2012-13,,Chhattisgarh,25,58429.84,59712.92,1283.08,6,22,8,25.75,16722.47,28.38,,0,0,
monthly_flash,2013-01,2012-13,,Delhi,4,38214.41,38194.82,-19.59,0,4,2,41.5,1681.46,4.46,,0,0,
monthly_flash,2013-01,2012-13,,Goa,1,335.61,335.61,0.0,0,1,1,13.0,183.67,54.73,,0,0,
monthly_flash,2013-01,2012-13,,Gujarat,22,31111.55,31313.49,201.94,5,19,8,14.62,9811.37,31.97,,0,0,
monthly_flash,2013-01,2012-13,,Haryana,8,4054.38,5741.07,1686.69,2,8,5,23.0,6559.25,120.13,,0,0,
monthly_flash,2013-01,2012-13,,Himachal Pradesh,5,13355.57,17246.69,3891.12,4,5,5,53.0,13258.52,76.88,,0,0,
monthly_flash,2013-01,2012-13,,Jammu & Kashmir,10,14926.96,34825.56,19898.6,6,10,9,44.56,14205.32,51.16,,0,0,
monthly_flash,2013-01,2012-13,,Jharkhand,23,14447.4,18492.99,4045.59,7,20,14,41.93,8594.55,50.79,,0,0,
monthly_flash,2013-01,2012-13,,Karnataka,26,46344.4,55830.82,9486.42,9,13,11,31.18,21607.86,39.17,,0,0,
monthly_flash,2013-01,2012-13,,Kerala,7,20376.67,21818.22,1441.55,3,6,5,25.8,5163.34,24.43,,0,0,
monthly_flash,2013-01,2012-13,,Madhya Pradesh,22,18978.92,19259.49,280.57,2,19,12,33.42,9204.92,48.85,,0,0,
monthly_flash,2013-01,2012-13,,Maharashtra,52,93207.43,108066.84,14859.41,15,45,29,32.17,48881.4,47.54,,0,0,
monthly_flash,2013-01,2012-13,,Manipur,1,727.56,4444.0,3716.44,1,1,1,72.0,1155.87,26.01,,0,0,
monthly_flash,2013-01,2012-13,,Meghalaya,2,762.0,762.0,0.0,0,2,0,,721.89,94.74,,0,0,
monthly_flash,2013-01,2012-13,,Mizoram,2,1532.97,3307.11,1774.14,1,2,2,21.0,410.47,12.41,,0,0,
monthly_flash,2013-01,2012-13,,Nagaland,1,850.0,850.0,0.0,0,1,1,24.0,8.45,0.99,,0,0,
monthly_flash,2013-01,2012-13,,Odisha,31,57663.96,62099.12,4435.16,12,26,14,58.21,36608.31,59.19,,0,0,
monthly_flash,2013-01,2012-13,,Punjab,6,3542.01,4483.78,941.77,2,6,5,23.4,3793.98,84.62,,0,0,
monthly_flash,2013-01,2012-13,,Rajasthan,14,21115.76,20927.99,-187.77,3,13,6,23.0,7269.42,36.17,,0,0,
monthly_flash,2013-01,2012-13,,Sikkim,2,1648.94,3690.04,2041.1,1,2,2,43.0,266.46,7.22,,0,0,
monthly_flash,2013-01,2012-13,,Tamil Nadu,33,51458.75,62238.62,10779.87,14,23,13,36.0,41252.87,67.68,,0,0,
monthly_flash,2013-01,2012-13,,Tripura,3,1522.39,2018.85,496.46,2,2,2,15.0,1042.98,51.66,,0,0,
monthly_flash,2013-01,2012-13,,Uttar Pradesh,24,18952.6,23241.31,4288.71,9,21,14,49.71,12813.99,56.69,,0,0,
monthly_flash,2013-01,2012-13,,Uttarakhand,4,6097.21,7037.64,940.43,2,4,4,25.5,2315.38,32.9,,0,0,
monthly_flash,2013-01,2012-13,,West Bengal,27,42286.11,54919.83,12633.72,17,25,19,46.16,28825.97,52.49,,0,0,
monthly_flash,2013-02,2012-13,,Andhra Pradesh,35,29990.96,37614.83,7623.87,14,30,17,27.41,22768.8,61.66,,0,0,
monthly_flash,2013-02,2012-13,,Arunachal Pradesh,4,9512.22,14144.29,4632.07,2,3,3,52.67,9026.68,63.82,,0,0,
monthly_flash,2013-02,2012-13,,Assam,34,22035.93,35405.41,13369.48,12,33,32,65.75,24534.64,70.44,,0,0,
monthly_flash,2013-02,2012-13,,Bihar,30,26917.64,34877.43,7959.79,14,22,14,38.79,23981.1,69.47,,0,0,
monthly_flash,2013-02,2012-13,,Chhattisgarh,25,58429.84,59712.92,1283.08,6,22,9,25.89,17523.36,29.73,,0,0,
monthly_flash,2013-02,2012-13,,Delhi,4,38214.41,38194.82,-19.59,0,4,2,41.5,1972.56,5.23,,0,0,
monthly_flash,2013-02,2012-13,,Goa,1,335.61,335.61,0.0,0,1,1,13.0,190.4,56.73,,0,0,
monthly_flash,2013-02,2012-13,,Gujarat,22,31111.55,31313.49,201.94,5,17,8,14.62,11193.62,36.47,,0,0,
monthly_flash,2013-02,2012-13,,Haryana,8,4054.38,5741.07,1686.69,2,8,5,23.2,6590.41,120.7,,0,0,
monthly_flash,2013-02,2012-13,,Himachal Pradesh,5,13355.57,17246.69,3891.12,4,5,5,54.2,13435.72,77.9,,0,0,
monthly_flash,2013-02,2012-13,,Jammu & Kashmir,10,14926.96,34825.56,19898.6,6,10,9,44.78,15439.42,51.89,,0,0,
monthly_flash,2013-02,2012-13,,Jharkhand,23,14447.4,18492.99,4045.59,7,20,14,42.36,8618.81,52.14,,0,0,
monthly_flash,2013-02,2012-13,,Karnataka,26,46344.4,55830.82,9486.42,9,11,9,35.78,17683.13,44.03,,0,0,
monthly_flash,2013-02,2012-13,,Kerala,7,20376.67,21818.22,1441.55,3,6,6,22.5,5432.47,25.7,,0,0,
monthly_flash,2013-02,2012-13,,Madhya Pradesh,22,18978.92,19259.49,280.57,2,18,11,35.64,9458.9,50.2,,0,0,
monthly_flash,2013-02,2012-13,,Maharashtra,51,92916.58,107824.36,14907.78,16,46,31,30.71,51649.88,50.12,,0,0,
monthly_flash,2013-02,2012-13,,Manipur,1,727.56,4444.0,3716.44,1,1,1,72.0,1172.32,26.38,,0,0,
monthly_flash,2013-02,2012-13,,Meghalaya,2,762.0,762.0,0.0,0,2,0,,717.34,94.14,,0,0,
monthly_flash,2013-02,2012-13,,Mizoram,2,1532.97,3307.11,1774.14,1,2,2,21.0,421.86,12.76,,0,0,
monthly_flash,2013-02,2012-13,,Nagaland,1,850.0,850.0,0.0,0,1,1,24.0,8.45,0.99,,0,0,
monthly_flash,2013-02,2012-13,,Odisha,31,57663.96,62099.12,4435.16,12,26,15,54.27,37315.31,60.34,,0,0,
monthly_flash,2013-02,2012-13,,Punjab,6,3542.01,4483.78,941.77,2,6,4,28.75,3612.33,87.89,,0,0,
monthly_flash,2013-02,2012-13,,Rajasthan,14,21115.76,20927.99,-187.77,3,13,7,22.57,7457.06,37.11,,0,0,
monthly_flash,2013-02,2012-13,,Sikkim,2,1648.94,3690.04,2041.1,1,2,2,25.0,273.77,7.42,,0,0,
monthly_flash,2013-02,2012-13,,Tamil Nadu,32,48788.07,59567.94,10779.87,14,24,14,34.21,39524.77,68.15,,0,0,
monthly_flash,2013-02,2012-13,,Tripura,3,1522.39,2018.85,496.46,2,2,2,15.0,1069.49,52.98,,0,0,
monthly_flash,2013-02,2012-13,,Uttar Pradesh,22,18455.94,22677.61,4221.67,9,19,13,49.46,12317.07,55.88,,0,0,
monthly_flash,2013-02,2012-13,,Uttarakhand,5,7624.21,8564.64,940.43,2,5,4,27.0,2404.17,28.07,,0,0,
monthly_flash,2013-02,2012-13,,West Bengal,27,42286.11,54396.52,12110.41,15,25,18,48.78,29301.65,53.87,,0,0,
monthly_flash,2013-03,2012-13,,Andhra Pradesh,33,27471.75,35095.62,7623.87,14,28,17,27.94,20386.23,59.25,,0,0,
monthly_flash,2013-03,2012-13,,Arunachal Pradesh,4,9512.22,14144.29,4632.07,2,3,3,52.67,9234.69,65.29,,0,0,
monthly_flash,2013-03,2012-13,,Assam,34,22035.93,35386.06,13350.13,12,33,32,66.12,24969.7,70.56,,0,0,
monthly_flash,2013-03,2012-13,,Bihar,30,26917.64,34877.43,7959.79,14,22,14,39.43,24864.6,72.03,,0,0,
monthly_flash,2013-03,2012-13,,Chhattisgarh,25,58429.84,59712.92,1283.08,6,22,9,25.89,18730.05,31.78,,0,0,
monthly_flash,2013-03,2012-13,,Delhi,4,38214.41,38194.82,-19.59,0,4,2,41.5,3102.36,8.17,,0,0,
monthly_flash,2013-03,2012-13,,Goa,1,335.61,335.61,0.0,0,1,1,13.0,206.39,61.5,,0,0,
monthly_flash,2013-03,2012-13,,Gujarat,22,33405.07,33607.01,201.94,5,20,7,14.86,10915.01,33.92,,0,0,
monthly_flash,2013-03,2012-13,,Haryana,8,4054.38,5741.02,1686.64,2,8,5,24.0,6822.81,118.84,,0,0,
monthly_flash,2013-03,2012-13,,Himachal Pradesh,5,13355.57,17246.69,3891.12,4,5,5,54.4,13722.06,79.56,,0,0,
monthly_flash,2013-03,2012-13,,Jammu & Kashmir,10,14926.96,34825.56,19898.6,6,10,9,44.78,15570.54,52.33,,0,0,
monthly_flash,2013-03,2012-13,,Jharkhand,23,14447.4,18632.54,4185.14,7,20,14,42.79,9151.7,53.64,,0,0,
monthly_flash,2013-03,2012-13,,Karnataka,26,46344.4,55830.82,9486.42,9,15,13,28.23,22034.57,39.94,,0,0,
monthly_flash,2013-03,2012-13,,Kerala,7,20376.67,21818.22,1441.55,3,6,6,22.67,5528.57,26.16,,0,0,
monthly_flash,2013-03,2012-13,,Madhya Pradesh,20,18545.58,18826.15,280.57,2,17,10,35.9,9147.41,49.69,,0,0,
monthly_flash,2013-03,2012-13,,Maharashtra,48,88574.45,99360.84,10786.39,14,44,29,31.72,45692.26,47.39,,0,0,
monthly_flash,2013-03,2012-13,,Manipur,1,727.56,4444.0,3716.44,1,1,1,72.0,1295.18,29.14,,0,0,
monthly_flash,2013-03,2012-13,,Meghalaya,2,762.0,762.0,0.0,0,2,0,,732.79,96.17,,0,0,
monthly_flash,2013-03,2012-13,,Mizoram,2,1532.97,3307.12,1774.15,1,2,2,21.0,437.39,13.23,,0,0,
monthly_flash,2013-03,2012-13,,Nagaland,1,850.0,850.0,0.0,0,1,1,24.0,8.45,0.99,,0,0,
monthly_flash,2013-03,2012-13,,Odisha,30,56171.63,61152.93,4981.3,12,26,17,53.18,36389.4,59.75,,0,0,
monthly_flash,2013-03,2012-13,,Punjab,6,3542.01,4483.78,941.77,2,6,5,24.6,3875.82,86.44,,0,0,
monthly_flash,2013-03,2012-13,,Rajasthan,14,21115.76,20927.99,-187.77,3,13,7,22.57,7770.88,38.37,,0,0,
monthly_flash,2013-03,2012-13,,Sikkim,2,1648.94,3690.04,2041.1,1,2,2,25.0,286.44,7.76,,0,0,
monthly_flash,2013-03,2012-13,,Tamil Nadu,32,48788.07,59567.94,10779.87,14,24,14,34.5,40160.05,69.24,,0,0,
monthly_flash,2013-03,2012-13,,Tripura,3,1522.39,2018.85,496.46,2,2,2,15.5,1141.81,56.56,,0,0,
monthly_flash,2013-03,2012-13,,Uttar Pradesh,24,20316.07,24537.74,4221.67,9,22,13,50.15,12763.99,53.4,,0,0,
monthly_flash,2013-03,2012-13,,Uttarakhand,5,7624.21,8564.64,940.43,2,5,4,27.75,2434.2,28.42,,0,0,
monthly_flash,2013-03,2012-13,,West Bengal,26,42064.29,54403.52,12339.23,16,24,18,47.94,29815.77,54.8,,0,0,
monthly_flash,2013-04,2013-14,,Andhra Pradesh,34,28405.55,36261.79,7856.24,14,28,17,24.71,20104.54,58.21,,0,0,
monthly_flash,2013-04,2013-14,,Arunachal Pradesh,4,9512.22,14144.29,4632.07,2,3,3,52.67,8767.52,61.99,,0,0,
monthly_flash,2013-04,2013-14,,Assam,34,22035.93,35386.06,13350.13,12,33,32,66.19,23499.97,66.41,,0,0,
monthly_flash,2013-04,2013-14,,Bihar,30,26917.64,35131.24,8213.6,15,22,14,39.43,24965.82,71.79,,0,0,
monthly_flash,2013-04,2013-14,,Chhattisgarh,24,58278.32,59362.92,1084.6,5,22,9,26.56,19456.55,33.21,,0,0,
monthly_flash,2013-04,2013-14,,Delhi,4,38214.41,38194.82,-19.59,0,3,1,72.0,3256.44,8.58,,0,0,
monthly_flash,2013-04,2013-14,,Goa,1,335.61,335.61,0.0,0,1,1,13.0,208.92,62.25,,0,0,
monthly_flash,2013-04,2013-14,,Gujarat,22,33405.07,33607.01,201.94,5,20,7,14.86,11472.92,34.78,,0,0,
monthly_flash,2013-04,2013-14,,Haryana,8,4054.38,5736.96,1682.58,2,8,5,24.2,7034.86,122.62,,0,0,
monthly_flash,2013-04,2013-14,,Himachal Pradesh,5,13355.57,17246.69,3891.12,4,5,5,55.0,13162.56,76.32,,0,0,
monthly_flash,2013-04,2013-14,,Jammu & Kashmir,10,14926.96,34825.56,19898.6,6,10,9,45.22,14430.63,48.5,,0,0,
monthly_flash,2013-04,2013-14,,Jharkhand,23,14447.4,18650.84,4203.44,7,19,14,36.36,9383.64,54.94,,0,0,
monthly_flash,2013-04,2013-14,,Karnataka,27,47076.4,56526.18,9449.78,10,15,13,29.69,23094.72,42.81,,0,0,
monthly_flash,2013-04,2013-14,,Kerala,7,20376.67,21818.22,1441.55,3,6,6,23.17,5558.14,26.3,,0,0,
monthly_flash,2013-04,2013-14,,Madhya Pradesh,20,18545.58,18939.85,394.27,3,17,10,36.0,9486.67,51.22,,0,0,
monthly_flash,2013-04,2013-14,,Maharashtra,48,88574.45,100147.94,11573.49,15,43,29,31.86,47555.21,48.83,,0,0,
monthly_flash,2013-04,2013-14,,Manipur,1,727.56,4453.5,3725.94,1,1,1,72.0,1370.28,30.77,,0,0,
monthly_flash,2013-04,2013-14,,Meghalaya,2,762.0,762.0,0.0,0,2,0,,463.7,60.85,,0,0,
monthly_flash,2013-04,2013-14,,Mizoram,2,1532.97,3297.97,1765.0,1,2,2,21.0,461.93,14.01,,0,0,
monthly_flash,2013-04,2013-14,,Nagaland,1,850.0,2446.81,1596.81,1,1,1,24.0,8.45,0.35,,0,0,
monthly_flash,2013-04,2013-14,,Odisha,30,56171.63,63436.93,7265.3,12,26,17,53.59,37634.87,59.56,,0,0,
monthly_flash,2013-04,2013-14,,Punjab,6,3542.01,4483.78,941.77,2,6,5,24.6,3899.94,86.98,,0,0,
monthly_flash,2013-04,2013-14,,Rajasthan,14,21115.76,20927.99,-187.77,3,13,7,22.86,8101.08,40.01,,0,0,
monthly_flash,2013-04,2013-14,,Sikkim,2,1648.94,3690.04,2041.1,1,2,2,25.0,285.49,7.74,,0,0,
monthly_flash,2013-04,2013-14,,Tamil Nadu,32,48788.07,60101.42,11313.35,14,24,15,34.87,40994.97,69.82,,0,0,
monthly_flash,2013-04,2013-14,,Tripura,3,1522.39,2018.85,496.46,2,2,2,15.5,1167.98,57.85,,0,0,
monthly_flash,2013-04,2013-14,,Uttar Pradesh,28,21622.6,25904.68,4282.08,10,22,14,48.64,13350.71,54.9,,0,0,
monthly_flash,2013-04,2013-14,,Uttarakhand,5,7624.21,8564.64,940.43,2,5,4,28.25,2565.05,29.95,,0,0,
monthly_flash,2013-04,2013-14,,West Bengal,27,46938.87,59049.28,12110.41,15,25,17,49.47,29686.92,54.8,,0,0,
monthly_flash,2013-05,2013-14,,Andhra Pradesh,37,31097.13,38550.36,7453.23,14,29,16,24.62,21473.96,58.9,,0,0,
monthly_flash,2013-05,2013-14,,Arunachal Pradesh,4,9512.22,14144.29,4632.07,2,3,3,52.67,8836.06,62.47,,0,0,
monthly_flash,2013-05,2013-14,,Assam,38,23394.36,36838.12,13443.76,14,37,35,62.46,23618.58,66.75,,0,0,
monthly_flash,2013-05,2013-14,,Bihar,30,26917.64,35131.24,8213.6,15,22,14,39.93,26259.61,75.51,,0,0,
monthly_flash,2013-05,2013-14,,Chhattisgarh,24,58278.32,59362.92,1084.6,5,22,9,26.56,15951.62,27.23,,0,0,
monthly_flash,2013-05,2013-14,,Delhi,4,38214.41,38194.82,-19.59,0,3,1,72.0,3555.01,9.36,,0,0,
monthly_flash,2013-05,2013-14,,Goa,1,335.61,335.61,0.0,0,1,1,13.0,215.29,64.15,,0,0,
monthly_flash,2013-05,2013-14,,Gujarat,22,33405.07,33607.01,201.94,5,20,7,14.86,11964.05,36.89,,0,0,
monthly_flash,2013-05,2013-14,,Haryana,8,4054.38,5736.96,1682.58,2,8,5,24.4,7075.23,123.33,,0,0,
monthly_flash,2013-05,2013-14,,Himachal Pradesh,5,13355.57,17246.69,3891.12,4,5,5,55.0,13289.61,77.06,,0,0,
monthly_flash,2013-05,2013-14,,Jammu & Kashmir,10,14926.96,34825.56,19898.6,6,10,8,43.62,14567.64,48.96,,0,0,
monthly_flash,2013-05,2013-14,,Jharkhand,23,14447.4,18632.54,4185.14,7,20,15,40.6,8475.86,49.68,,0,0,
monthly_flash,2013-05,2013-14,,Karnataka,27,47076.4,56439.71,9363.31,10,15,13,30.15,24061.05,44.67,,0,0,
monthly_flash,2013-05,2013-14,,Kerala,7,20376.67,22170.22,1793.55,3,6,6,23.17,5257.53,24.47,,0,0,
monthly_flash,2013-05,2013-14,,Madhya Pradesh,20,18545.58,18953.75,408.17,4,17,11,33.82,8423.79,45.45,,0,0,
monthly_flash,2013-05,2013-14,,Maharashtra,48,88574.45,100866.49,12292.04,16,43,30,31.67,45684.91,46.57,,0,0,
monthly_flash,2013-05,2013-14,,Manipur,1,727.56,4453.5,3725.94,1,1,1,72.0,1438.5,32.3,,0,0,
monthly_flash,2013-05,2013-14,,Meghalaya,2,762.0,762.0,0.0,0,2,0,,463.7,60.85,,0,0,
monthly_flash,2013-05,2013-14,,Mizoram,2,1532.97,3297.97,1765.0,1,2,2,21.0,507.44,15.39,,0,0,
monthly_flash,2013-05,2013-14,,Nagaland,1,850.0,2446.81,1596.81,1,1,1,24.0,8.45,0.35,,0,0,
monthly_flash,2013-05,2013-14,,Odisha,30,56171.63,63436.93,7265.3,12,26,18,51.39,36050.59,56.83,,0,0,
monthly_flash,2013-05,2013-14,,Punjab,5,2063.38,3005.15,941.77,2,5,4,30.75,2837.87,94.43,,0,0,
monthly_flash,2013-05,2013-14,,Rajasthan,14,21115.76,20927.99,-187.77,3,13,7,22.86,8536.49,42.16,,0,0,
monthly_flash,2013-05,2013-14,,Sikkim,2,1648.94,3690.04,2041.1,1,2,2,31.0,285.49,7.74,,0,0,
monthly_flash,2013-05,2013-14,,Tamil Nadu,32,48788.07,61732.81,12944.74,14,24,16,33.06,41187.96,68.25,,0,0,
monthly_flash,2013-05,2013-14,,Tripura,3,1522.39,2018.85,496.46,2,2,2,15.5,1173.59,58.13,,0,0,
monthly_flash,2013-05,2013-14,,Uttar Pradesh,27,21281.92,25861.13,4579.21,10,21,13,47.62,13171.5,52.87,,0,0,
monthly_flash,2013-05,2013-14,,Uttarakhand,5,7624.21,8564.64,940.43,2,5,4,29.25,2567.71,29.98,,0,0,
monthly_flash,2013-05,2013-14,,West Bengal,27,46938.87,59572.59,12633.72,17,25,18,48.06,27553.79,50.37,,0,0,
monthly_flash,2013-06,2013-14,,Andhra Pradesh,37,31097.13,38953.36,7856.23,14,29,16,24.75,21789.51,59.11,,0,0,
monthly_flash,2013-06,2013-14,,Arunachal Pradesh,4,9512.22,17330.32,7818.1,4,3,3,52.67,9553.65,55.13,,0,0,
monthly_flash,2013-06,2013-14,,Assam,39,23597.3,37785.69,14188.39,14,38,35,62.71,24636.84,65.2,,0,0,
monthly_flash,2013-06,2013-14,,Bihar,30,26917.64,35131.24,8213.6,15,22,14,39.93,26517.71,76.26,,0,0,
monthly_flash,2013-06,2013-14,,Chhattisgarh,24,58278.32,59362.92,1084.6,5,22,9,27.22,20610.93,35.18,,0,0,
monthly_flash,2013-06,2013-14,,Delhi,4,38214.41,38194.82,-19.59,0,4,3,30.33,3983.64,10.43,,0,0,
monthly_flash,2013-06,2013-14,,Goa,1,335.61,335.61,0.0,0,1,1,13.0,242.98,72.4,,0,0,
monthly_flash,2013-06,2013-14,,Gujarat,25,34101.28,35196.99,1095.71,6,23,9,13.22,12640.71,36.56,,0,0,
monthly_flash,2013-06,2013-14,,Haryana,8,4054.38,5736.96,1682.58,2,8,5,25.2,7089.7,123.58,,0,0,
monthly_flash,2013-06,2013-14,,Himachal Pradesh,5,13355.57,17263.19,3907.62,4,5,5,55.2,13475.31,78.06,,0,0,
monthly_flash,2013-06,2013-14,,Jammu & Kashmir,10,14926.96,34825.56,19898.6,6,10,8,44.0,14735.24,49.53,,0,0,
monthly_flash,2013-06,2013-14,,Jharkhand,24,15305.51,19508.95,4203.44,7,20,14,36.36,9518.6,53.06,,0,0,
monthly_flash,2013-06,2013-14,,Karnataka,27,47076.4,56474.71,9398.31,11,16,14,29.21,24563.4,45.01,,0,0,
monthly_flash,2013-06,2013-14,,Kerala,7,20376.67,22170.22,1793.55,3,6,6,26.5,5496.33,24.79,,0,0,
monthly_flash,2013-06,2013-14,,Madhya Pradesh,20,18545.58,18953.75,408.17,4,17,11,34.64,8494.08,45.82,,0,0,
monthly_flash,2013-06,2013-14,,Maharashtra,48,88574.45,102190.06,13615.61,16,43,31,33.61,46360.72,46.63,,0,0,
monthly_flash,2013-06,2013-14,,Manipur,1,727.56,4453.5,3725.94,1,1,1,72.0,1503.51,33.76,,0,0,
monthly_flash,2013-06,2013-14,,Meghalaya,2,762.0,762.0,0.0,0,2,0,,790.1,103.69,,0,0,
monthly_flash,2013-06,2013-14,,Mizoram,2,1532.97,3307.11,1774.14,1,2,2,21.0,517.58,15.65,,0,0,
monthly_flash,2013-06,2013-14,,Nagaland,1,850.0,2441.48,1591.48,1,1,1,24.0,8.94,0.37,,0,0,
monthly_flash,2013-06,2013-14,,Odisha,30,56171.63,63436.93,7265.3,12,25,19,49.58,39489.83,62.25,,0,0,
monthly_flash,2013-06,2013-14,,Punjab,5,2063.38,3005.15,941.77,2,5,4,32.25,3654.54,121.61,,0,0,
monthly_flash,2013-06,2013-14,,Rajasthan,14,21115.76,21355.97,240.21,3,13,7,23.86,8865.85,41.51,,0,0,
monthly_flash,2013-06,2013-14,,Sikkim,2,1648.94,3690.04,2041.1,1,2,2,31.0,290.59,7.87,,0,0,
monthly_flash,2013-06,2013-14,,Tamil Nadu,32,48788.07,61732.81,12944.74,14,25,18,34.0,41743.98,69.17,,0,0,
monthly_flash,2013-06,2013-14,,Tripura,3,1522.39,2652.48,1130.09,2,2,2,20.0,1240.87,46.78,,0,0,
monthly_flash,2013-06,2013-14,,Uttar Pradesh,27,21281.92,25861.13,4579.21,10,21,14,45.29,13592.5,54.56,,0,0,
monthly_flash,2013-06,2013-14,,Uttarakhand,5,7624.21,8564.64,940.43,2,5,4,29.25,2601.59,30.38,,0,0,
monthly_flash,2013-06,2013-14,,West Bengal,26,46686.37,58814.54,12128.17,15,24,17,47.29,30103.28,55.81,,0,0,
monthly_flash,2013-07,2013-14,,Andhra Pradesh,38,31729.81,39769.55,8039.74,15,29,16,25.75,22118.18,58.7,,0,0,
monthly_flash,2013-07,2013-14,,Arunachal Pradesh,4,9512.22,17330.32,7818.1,4,3,3,52.67,9732.18,56.16,,0,0,
monthly_flash,2013-07,2013-14,,Assam,41,24155.49,38430.19,14274.7,14,38,37,58.43,25135.8,65.41,,0,0,
monthly_flash,2013-07,2013-14,,Bihar,46,32579.04,41019.11,8440.07,17,22,15,37.6,27563.13,69.2,,0,0,
monthly_flash,2013-07,2013-14,,Chandigarh,1,452.0,452.0,0.0,0,1,0,,117.24,25.94,,0,0,
monthly_flash,2013-07,2013-14,,Chhattisgarh,24,58278.32,59362.92,1084.6,5,22,10,24.9,21488.81,36.68,,0,0,
monthly_flash,2013-07,2013-14,,Delhi,4,38214.41,38194.82,-19.59,0,4,3,30.33,4245.82,11.12,,0,0,
monthly_flash,2013-07,2013-14,,Goa,1,335.61,335.61,0.0,0,1,1,16.0,228.6,68.11,,0,0,
monthly_flash,2013-07,2013-14,,Gujarat,34,38828.13,40180.04,1351.91,7,25,12,16.08,13796.14,36.53,,0,0,
monthly_flash,2013-07,2013-14,,Haryana,8,4054.38,5736.96,1682.58,2,8,5,26.2,7219.26,125.84,,0,0,
monthly_flash,2013-07,2013-14,,Himachal Pradesh,5,13355.57,17318.84,3963.27,4,5,5,55.2,13622.55,78.66,,0,0,
monthly_flash,2013-07,2013-14,,Jammu & Kashmir,9,14305.7,33912.56,19606.86,5,9,7,47.0,14164.19,49.11,,0,0,
monthly_flash,2013-07,2013-14,,Jharkhand,26,15873.15,20155.82,4282.67,8,21,14,36.64,9671.45,52.77,,0,0,
monthly_flash,2013-07,2013-14,,Karnataka,27,47076.4,56530.71,9454.31,11,16,14,29.93,24918.05,45.62,,0,0,
monthly_flash,2013-07,2013-14,,Kerala,10,21010.59,22804.14,1793.55,3,6,6,26.67,6092.2,26.72,,0,0,
monthly_flash,2013-07,2013-14,,Madhya Pradesh,22,31749.13,32157.3,408.17,4,19,11,34.64,8665.34,46.22,,0,0,
monthly_flash,2013-07,2013-14,,Maharashtra,55,95394.73,108795.37,13400.64,17,45,31,34.06,49168.16,47.29,,0,0,
monthly_flash,2013-07,2013-14,,Manipur,1,727.56,4453.5,3725.94,1,1,1,72.0,1529.74,34.35,,0,0,
monthly_flash,2013-07,2013-14,,Meghalaya,3,4845.02,4845.02,0.0,0,2,0,,802.67,16.57,,0,0,
monthly_flash,2013-07,2013-14,,Mizoram,2,1532.97,3297.97,1765.0,1,2,2,21.0,533.55,16.18,,0,0,
monthly_flash,2013-07,2013-14,,Nagaland,2,5124.0,6720.81,1596.81,1,1,1,24.0,8.94,0.37,,0,0,
monthly_flash,2013-07,2013-14,,Odisha,31,56321.53,63614.31,7292.78,13,27,19,50.32,40020.79,63.19,,0,0,
monthly_flash,2013-07,2013-14,,Punjab,4,1611.38,2553.15,941.77,2,4,4,32.25,3627.75,142.09,,0,0,
monthly_flash,2013-07,2013-14,,Rajasthan,25,25256.57,25208.59,-47.98,6,13,8,21.25,10471.57,46.1,,0,0,
monthly_flash,2013-07,2013-14,,Sikkim,2,1648.94,3690.04,2041.1,1,2,2,31.0,290.59,7.87,,0,0,
monthly_flash,2013-07,2013-14,,Tamil Nadu,41,52194.84,67422.67,15227.83,21,25,18,34.61,44189.59,67.78,,0,0,
monthly_flash,2013-07,2013-14,,Tripura,5,2669.39,4021.1,1351.71,3,3,3,45.33,2230.01,59.17,,0,0,
monthly_flash,2013-07,2013-14,,Uttar Pradesh,27,21281.92,25861.13,4579.21,10,21,14,45.57,14238.11,57.16,,0,0,
monthly_flash,2013-07,2013-14,,Uttarakhand,5,7624.21,8887.28,1263.07,2,5,4,29.25,2622.38,29.51,,0,0,
monthly_flash,2013-07,2013-14,,West Bengal,33,48249.28,59771.31,11522.03,17,24,16,45.69,29341.26,53.45,,0,0,
monthly_flash,2013-08,2013-14,,Andhra Pradesh,46,37404.55,45444.29,8039.74,15,29,16,26.12,23299.77,57.79,,0,0,
monthly_flash,2013-08,2013-14,,Arunachal Pradesh,4,9512.22,17330.32,7818.1,4,3,3,52.67,9792.78,56.51,,0,0,
monthly_flash,2013-08,2013-14,,Assam,41,24155.49,38429.73,14274.24,14,38,37,59.24,25401.3,66.1,,0,0,
monthly_flash,2013-08,2013-14,,Bihar,46,32579.04,41019.11,8440.07,17,22,15,37.6,27996.46,70.29,,0,0,
monthly_flash,2013-08,2013-14,,Chandigarh,1,452.0,452.0,0.0,0,1,0,,127.08,28.12,,0,0,
monthly_flash,2013-08,2013-14,,Chhattisgarh,24,58278.32,59362.92,1084.6,5,22,10,24.9,22097.89,37.97,,0,0,
monthly_flash,2013-08,2013-14,,Delhi,6,38669.29,38649.7,-19.59,0,4,3,30.33,4337.56,11.31,,0,0,
monthly_flash,2013-08,2013-14,,Goa,1,335.61,335.61,0.0,0,1,1,16.0,233.69,69.63,,0,0,
monthly_flash,2013-08,2013-14,,Gujarat,34,38828.13,39875.2,1047.07,6,25,13,15.38,14000.5,38.29,,0,0,
monthly_flash,2013-08,2013-14,,Haryana,10,4741.38,6423.96,1682.58,2,8,5,26.4,7279.8,120.85,,0,0,
monthly_flash,2013-08,2013-14,,Himachal Pradesh,6,14402.45,20285.83,5883.38,5,5,5,56.0,14646.39,72.2,,0,0,
monthly_flash,2013-08,2013-14,,Jammu & Kashmir,9,14305.7,33912.56,19606.86,5,9,7,44.14,15454.0,53.59,,0,0,
monthly_flash,2013-08,2013-14,,Jharkhand,26,15873.15,20137.52,4264.37,8,21,14,36.64,9818.45,53.63,,0,0,
monthly_flash,2013-08,2013-14,,Karnataka,37,53868.01,63787.67,9919.66,12,16,14,30.64,26493.23,43.36,,0,0,
monthly_flash,2013-08,2013-14,,Kerala,10,21010.59,22804.14,1793.55,3,6,6,26.67,6171.54,27.06,,0,0,
monthly_flash,2013-08,2013-14,,Madhya Pradesh,22,31749.13,32975.51,1226.38,5,19,12,31.92,10121.18,31.09,,0,0,
monthly_flash,2013-08,2013-14,,Maharashtra,56,95785.33,109495.29,13709.96,17,45,31,35.71,48642.01,47.3,,0,0,
monthly_flash,2013-08,2013-14,,Manipur,1,727.56,4453.5,3725.94,1,1,1,72.0,1595.53,35.83,,0,0,
monthly_flash,2013-08,2013-14,,Meghalaya,3,4845.02,4845.02,0.0,0,2,0,,805.2,16.62,,0,0,
monthly_flash,2013-08,2013-14,,Mizoram,2,1532.97,3297.97,1765.0,1,2,2,21.0,548.12,16.62,,0,0,
monthly_flash,2013-08,2013-14,,Nagaland,2,5124.0,6715.48,1591.48,1,1,1,24.0,8.94,0.37,,0,0,
monthly_flash,2013-08,2013-14,,Odisha,31,56321.53,63614.31,7292.78,13,27,21,46.76,40980.46,64.42,,0,0,
monthly_flash,2013-08,2013-14,,Punjab,6,2212.64,3154.41,941.77,2,4,4,32.25,3637.63,131.88,,0,0,
monthly_flash,2013-08,2013-14,,Rajasthan,25,25256.57,25682.57,426.0,7,14,8,23.12,10854.39,45.67,,0,0,
monthly_flash,2013-08,2013-14,,Sikkim,2,1648.94,3690.04,2041.1,1,2,2,31.0,291.2,7.89,,0,0,
monthly_flash,2013-08,2013-14,,Tamil Nadu,41,53242.79,68268.93,15026.14,20,26,18,34.83,44437.34,68.33,,0,0,
monthly_flash,2013-08,2013-14,,Tripura,5,2669.39,4358.45,1689.06,3,3,3,45.33,2246.08,54.7,,0,0,
monthly_flash,2013-08,2013-14,,Uttar Pradesh,30,22605.71,27184.92,4579.21,10,21,15,43.27,14422.34,57.03,,0,0,
monthly_flash,2013-08,2013-14,,Uttarakhand,6,7844.04,10199.28,2355.24,4,5,4,29.25,2705.93,27.74,,0,0,
monthly_flash,2013-08,2013-14,,West Bengal,34,48504.92,60026.9,11521.98,16,24,15,47.13,29691.1,58.28,,0,0,
monthly_flash,2013-09,2013-14,,Andhra Pradesh,46,37404.55,45444.29,8039.74,15,30,16,26.44,23595.41,58.04,,0,0,
monthly_flash,2013-09,2013-14,,Arunachal Pradesh,4,9512.22,17330.32,7818.1,4,3,3,63.33,9855.35,56.87,,0,0,
monthly_flash,2013-09,2013-14,,Assam,41,24155.49,38429.73,14274.24,14,38,37,59.65,25585.61,66.58,,0,0,
monthly_flash,2013-09,2013-14,,Bihar,46,32579.04,41019.11,8440.07,17,22,15,37.67,28266.97,70.97,,0,0,
monthly_flash,2013-09,2013-14,,Chandigarh,1,452.0,452.0,0.0,0,1,0,,145.42,32.17,,0,0,
monthly_flash,2013-09,2013-14,,Chhattisgarh,24,58278.32,59362.92,1084.6,5,21,10,25.2,22523.78,39.59,,0,0,
monthly_flash,2013-09,2013-14,,Delhi,6,38669.29,38649.7,-19.59,0,4,3,30.33,4338.77,11.31,,0,0,
monthly_flash,2013-09,2013-14,,Goa,1,335.61,335.61,0.0,0,1,1,18.0,244.7,72.91,,0,0,
monthly_flash,2013-09,2013-14,,Gujarat,33,38022.74,39317.22,1294.48,7,24,13,15.38,14210.07,38.13,,0,0,
monthly_flash,2013-09,2013-14,,Haryana,9,4399.88,6082.46,1682.58,2,7,4,31.25,7125.97,125.4,,0,0,
monthly_flash,2013-09,2013-14,,Himachal Pradesh,6,14402.45,20285.83,5883.38,5,5,5,56.0,14824.62,73.08,,0,0,
monthly_flash,2013-09,2013-14,,Jammu & Kashmir,9,14305.7,33912.56,19606.86,5,9,7,44.14,15603.26,54.1,,0,0,
monthly_flash,2013-09,2013-14,,Jharkhand,26,15873.15,20137.87,4264.72,8,21,14,38.36,9917.65,53.41,,0,0,
monthly_flash,2013-09,2013-14,,Karnataka,37,53868.01,63795.47,9927.46,13,16,14,30.64,26901.84,44.02,,0,0,
monthly_flash,2013-09,2013-14,,Kerala,10,21010.59,22835.37,1824.78,4,6,6,26.67,6200.62,27.15,,0,0,
monthly_flash,2013-09,2013-14,,Madhya Pradesh,21,31448.2,32674.58,1226.38,5,18,11,30.82,9339.88,29.69,,0,0,
monthly_flash,2013-09,2013-14,,Maharashtra,56,95785.33,109499.29,13713.96,19,45,31,35.71,50575.16,48.32,,0,0,
monthly_flash,2013-09,2013-14,,Manipur,1,727.56,4453.5,3725.94,1,1,1,72.0,1655.4,37.17,,0,0,
monthly_flash,2013-09,2013-14,,Meghalaya,3,4845.02,4845.02,0.0,0,2,0,,709.89,14.65,,0,0,
monthly_flash,2013-09,2013-14,,Mizoram,2,1532.97,3297.97,1765.0,1,2,2,69.0,566.56,17.18,,0,0,
monthly_flash,2013-09,2013-14,,Nagaland,2,5124.0,6715.48,1591.48,1,1,1,24.0,8.94,0.37,,0,0,
monthly_flash,2013-09,2013-14,,Odisha,31,56321.53,63614.31,7292.78,13,27,21,47.05,41542.21,65.3,,0,0,
monthly_flash,2013-09,2013-14,,Punjab,6,2212.64,3154.41,941.77,2,4,4,33.0,3746.82,118.78,,0,0,
monthly_flash,2013-09,2013-14,,Rajasthan,25,25256.57,25682.57,426.0,7,14,8,24.88,10992.11,46.24,,0,0,
monthly_flash,2013-09,2013-14,,Sikkim,2,1648.94,3690.04,2041.1,1,2,2,32.5,291.31,7.89,,0,0,
monthly_flash,2013-09,2013-14,,Tamil Nadu,41,53242.79,68268.93,15026.14,20,26,18,35.5,44426.1,68.31,,0,0,
monthly_flash,2013-09,2013-14,,Tripura,5,2669.39,4021.1,1351.71,3,4,4,36.5,2278.61,60.46,,0,0,
monthly_flash,2013-09,2013-14,,Uttar Pradesh,30,22605.71,27184.92,4579.21,10,21,16,41.5,14750.92,58.32,,0,0,
monthly_flash,2013-09,2013-14,,Uttarakhand,6,7844.04,10199.28,2355.24,4,5,4,37.25,2741.74,28.11,,0,0,
monthly_flash,2013-09,2013-14,,West Bengal,35,49371.92,60370.59,10998.67,14,25,16,44.88,30076.58,55.31,,0,0,
monthly_flash,2013-10,2013-14,,Andhra Pradesh,47,37689.79,45757.53,8067.74,15,31,17,32.0,23129.48,58.39,,0,0,
monthly_flash,2013-10,2013-14,,Arunachal Pradesh,4,9512.22,17330.32,7818.1,4,3,3,63.33,10080.26,58.17,,0,0,
monthly_flash,2013-10,2013-14,,Assam,41,24155.49,38425.08,14269.59,14,38,37,60.0,25774.34,67.08,,0,0,
monthly_flash,2013-10,2013-14,,Bihar,46,32579.04,40999.96,8420.92,17,22,15,37.67,28550.46,71.72,,0,0,
monthly_flash,2013-10,2013-14,,Chandigarh,1,452.0,452.0,0.0,0,1,0,,160.72,35.56,,0,0,
monthly_flash,2013-10,2013-14,,Chhattisgarh,24,58278.32,59362.92,1084.6,5,22,12,31.67,23326.44,40.76,,0,0,
monthly_flash,2013-10,2013-14,,Delhi,4,38190.88,38188.33,-2.55,0,2,1,8.0,5783.55,15.26,,0,0,
monthly_flash,2013-10,2013-14,,Goa,1,335.61,335.61,0.0,0,1,1,18.0,249.31,74.29,,0,0,
monthly_flash,2013-10,2013-14,,Gujarat,33,38022.74,39925.38,1902.64,8,24,13,15.62,14658.92,38.7,,0,0,
monthly_flash,2013-10,2013-14,,Haryana,9,4399.88,6113.07,1713.19,2,7,4,31.25,7143.44,125.04,,0,0,
monthly_flash,2013-10,2013-14,,Himachal Pradesh,5,13845.21,19510.58,5665.37,4,4,4,59.5,14371.77,73.66,,0,0,
monthly_flash,2013-10,2013-14,,Jammu & Kashmir,8,13694.69,32976.56,19281.87,4,8,6,45.17,14889.37,53.36,,0,0,
monthly_flash,2013-10,2013-14,,Jharkhand,26,15873.15,20138.42,4265.27,8,22,15,42.47,10008.17,53.9,,0,0,
monthly_flash,2013-10,2013-14,,Karnataka,38,54153.58,64689.41,10535.83,14,16,14,32.57,27271.87,44.19,,0,0,
monthly_flash,2013-10,2013-14,,Kerala,11,22003.59,24528.37,2524.78,5,7,7,29.29,7455.08,30.39,,0,0,
monthly_flash,2013-10,2013-14,,Madhya Pradesh,21,31448.2,32674.58,1226.38,5,18,11,31.09,9645.78,30.66,,0,0,
monthly_flash,2013-10,2013-14,,Maharashtra,55,96622.85,110361.29,13738.44,19,44,29,34.24,51043.18,48.98,,0,0,
monthly_flash,2013-10,2013-14,,Manipur,1,727.56,7392.65,6665.09,1,1,1,72.0,1716.34,23.22,,0,0,
monthly_flash,2013-10,2013-14,,Meghalaya,3,4845.02,4845.02,0.0,0,2,0,,709.89,14.65,,0,0,
monthly_flash,2013-10,2013-14,,Mizoram,2,1532.97,3297.97,1765.0,1,2,2,69.0,573.32,17.38,,0,0,
monthly_flash,2013-10,2013-14,,Nagaland,2,5124.0,6715.48,1591.48,1,1,1,24.0,8.94,0.37,,0,0,
monthly_flash,2013-10,2013-14,,Odisha,31,56463.34,63174.09,6710.75,12,27,20,45.05,41367.15,67.35,,0,0,
monthly_flash,2013-10,2013-14,,Punjab,5,1964.2,2039.2,75.0,1,3,3,42.67,2777.95,136.23,,0,0,
monthly_flash,2013-10,2013-14,,Rajasthan,25,25257.11,25682.57,425.46,6,14,8,24.88,11284.23,46.9,,0,0,
monthly_flash,2013-10,2013-14,,Sikkim,2,1648.94,3690.04,2041.1,1,2,2,32.5,292.75,7.93,,0,0,
monthly_flash,2013-10,2013-14,,Tamil Nadu,42,53703.73,70043.62,16339.89,21,26,18,36.0,44753.4,68.03,,0,0,
monthly_flash,2013-10,2013-14,,Tripura,5,2669.39,4112.35,1442.96,3,4,4,36.5,2304.13,59.69,,0,0,
monthly_flash,2013-10,2013-14,,Uttar Pradesh,30,22596.01,27184.92,4588.91,10,21,16,41.69,14844.85,58.7,,0,0,
monthly_flash,2013-10,2013-14,,Uttarakhand,6,7844.04,10199.28,2355.24,4,5,4,36.25,2760.68,28.3,,0,0,
monthly_flash,2013-10,2013-14,,West Bengal,36,49877.43,61170.59,11293.16,15,26,18,41.94,30200.23,55.01,,0,0,
monthly_flash,2013-11,2013-14,,Andhra Pradesh,47,37689.79,45757.53,8067.74,15,27,14,33.57,23873.48,59.8,,0,0,
monthly_flash,2013-11,2013-14,,Arunachal Pradesh,4,9512.22,17330.32,7818.1,4,3,3,64.33,10157.31,58.61,,0,0,
monthly_flash,2013-11,2013-14,,Assam,41,24155.49,38760.21,14604.72,19,34,34,60.71,26174.13,67.53,,0,0,
monthly_flash,2013-11,2013-14,,Bihar,46,32579.04,40999.96,8420.92,17,16,8,43.38,28918.79,72.0,,0,0,
monthly_flash,2013-11,2013-14,,Chandigarh,1,452.0,452.0,0.0,0,1,0,,176.51,39.05,,0,0,
monthly_flash,2013-11,2013-14,,Chhattisgarh,24,58278.32,59362.92,1084.6,5,20,11,18.82,23177.56,41.75,,0,0,
monthly_flash,2013-11,2013-14,,Delhi,4,38190.88,38188.33,-2.55,0,2,1,8.0,5784.53,15.15,,0,0,
monthly_flash,2013-11,2013-14,,Goa,1,335.61,388.53,52.92,1,1,1,18.0,249.31,64.17,,0,0,
monthly_flash,2013-11,2013-14,,Gujarat,33,38022.74,39924.34,1901.6,8,19,9,19.11,14984.15,39.56,,0,0,
monthly_flash,2013-11,2013-14,,Haryana,9,4399.88,6129.07,1729.19,2,6,4,26.75,7154.48,124.88,,0,0,
monthly_flash,2013-11,2013-14,,Himachal Pradesh,5,13845.21,19454.93,5609.72,4,4,4,59.5,14553.99,74.81,,0,0,
monthly_flash,2013-11,2013-14,,Jammu & Kashmir,8,13694.69,32976.56,19281.87,4,6,3,80.0,15049.0,53.93,,0,0,
monthly_flash,2013-11,2013-14,,Jharkhand,26,15873.15,20138.42,4265.27,8,20,13,40.62,10189.8,54.88,,0,0,
monthly_flash,2013-11,2013-14,,Karnataka,37,53996.58,65061.82,11065.24,13,14,12,34.92,27185.59,43.42,,0,0,
monthly_flash,2013-11,2013-14,,Kerala,11,22003.59,24528.37,2524.78,5,5,5,19.2,7631.5,31.11,,0,0,
monthly_flash,2013-11,2013-14,,Madhya Pradesh,21,31448.2,32674.58,1226.38,5,12,5,29.8,9852.81,31.11,,0,0,
monthly_flash,2013-11,2013-14,,Maharashtra,55,96622.85,110059.67,13436.82,19,39,24,36.42,51829.9,49.88,,0,0,
monthly_flash,2013-11,2013-14,,Manipur,1,727.56,5995.65,5268.09,1,1,1,108.0,1768.81,29.5,,0,0,
monthly_flash,2013-11,2013-14,,Meghalaya,3,4845.02,4845.02,0.0,0,2,0,,830.03,17.13,,0,0,
monthly_flash,2013-11,2013-14,,Mizoram,2,1532.97,3297.97,1765.0,1,2,2,69.0,598.27,18.14,,0,0,
monthly_flash,2013-11,2013-14,,Nagaland,2,5124.0,6715.48,1591.48,1,1,1,24.0,9.94,0.41,,0,0,
monthly_flash,2013-11,2013-14,,Odisha,31,56463.34,63174.09,6710.75,12,26,17,51.76,41863.49,68.15,,0,0,
monthly_flash,2013-11,2013-14,,Punjab,6,2360.24,2435.24,75.0,1,2,2,30.5,2875.4,118.07,,0,0,
monthly_flash,2013-11,2013-14,,Rajasthan,25,25257.11,25682.57,425.46,6,8,2,12.0,11476.3,48.01,,0,0,
monthly_flash,2013-11,2013-14,,Sikkim,2,1648.94,3690.04,2041.1,1,2,2,32.5,299.26,8.11,,0,0,
monthly_flash,2013-11,2013-14,,Tamil Nadu,42,53703.73,70105.43,16401.7,21,18,11,42.91,47443.72,70.38,,0,0,
monthly_flash,2013-11,2013-14,,Tripura,5,2669.39,4449.7,1780.31,3,4,4,52.25,2341.41,55.78,,0,0,
monthly_flash,2013-11,2013-14,,Uttar Pradesh,30,22596.01,27272.57,4676.56,11,15,10,42.7,15142.73,58.99,,0,0,
monthly_flash,2013-11,2013-14,,Uttarakhand,6,7844.04,9331.46,1487.42,3,5,4,36.25,2789.98,31.39,,0,0,
monthly_flash,2013-11,2013-14,,West Bengal,36,49877.43,61438.72,11561.29,15,25,17,41.35,31395.31,56.03,,0,0,
monthly_flash,2013-12,2013-14,,Andhra Pradesh,46,36933.79,45110.39,8176.6,14,27,14,33.86,23662.47,59.8,,0,0,
monthly_flash,2013-12,2013-14,,Arunachal Pradesh,4,9512.22,17331.9,7819.68,4,3,3,64.33,10235.42,59.06,,0,0,
monthly_flash,2013-12,2013-14,,Assam,41,24155.49,39221.81,15066.32,21,34,34,61.82,25879.85,66.77,,0,0,
monthly_flash,2013-12,2013-14,,Bihar,46,32579.04,40999.96,8420.92,17,15,8,43.38,29207.76,72.72,,0,0,
monthly_flash,2013-12,2013-14,,Chandigarh,1,452.0,452.0,0.0,0,1,0,,190.3,42.1,,0,0,
monthly_flash,2013-12,2013-14,,Chhattisgarh,24,58278.32,59362.92,1084.6,5,20,12,18.75,20984.11,40.59,,0,0,
monthly_flash,2013-12,2013-14,,Delhi,4,41543.88,41541.33,-2.55,0,2,1,8.0,6602.84,15.89,,0,0,
monthly_flash,2013-12,2013-14,,Goa,1,335.61,388.53,52.92,1,1,1,18.0,260.78,67.12,,0,0,
monthly_flash,2013-12,2013-14,,Gujarat,33,38022.74,39924.34,1901.6,8,19,9,19.11,12403.85,34.38,,0,0,
monthly_flash,2013-12,2013-14,,Haryana,9,4399.88,6104.07,1704.19,2,6,4,26.75,7221.92,126.61,,0,0,
monthly_flash,2013-12,2013-14,,Himachal Pradesh,5,13845.21,19510.58,5665.37,4,3,3,70.67,11757.95,67.33,,0,0,
monthly_flash,2013-12,2013-14,,Jammu & Kashmir,8,13694.69,32976.56,19281.87,4,5,3,80.33,16456.5,49.9,,0,0,
monthly_flash,2013-12,2013-14,,Jharkhand,27,16118.82,20384.09,4265.27,8,21,13,40.85,10549.35,56.07,,0,0,
monthly_flash,2013-12,2013-14,,Karnataka,36,53708.59,65661.84,11953.25,14,14,12,36.33,27804.05,43.81,,0,0,
monthly_flash,2013-12,2013-14,,Kerala,11,22003.59,24528.37,2524.78,5,5,5,19.2,7809.07,31.84,,0,0,
monthly_flash,2013-12,2013-14,,Madhya Pradesh,21,31448.2,32674.58,1226.38,5,11,4,36.0,10468.86,32.67,,0,0,
monthly_flash,2013-12,2013-14,,Maharashtra,56,97971.05,111407.87,13436.82,19,38,25,35.88,53076.01,51.07,,0,0,
monthly_flash,2013-12,2013-14,,Manipur,1,727.56,5996.0,5268.44,1,1,1,108.0,1770.51,29.53,,0,0,
monthly_flash,2013-12,2013-14,,Meghalaya,3,4845.02,4845.02,0.0,0,2,0,,889.43,18.36,,0,0,
monthly_flash,2013-12,2013-14,,Mizoram,2,1532.97,3307.11,1774.14,1,2,2,69.0,612.92,18.53,,0,0,
monthly_flash,2013-12,2013-14,,Nagaland,2,5124.0,6720.57,1596.57,1,1,1,24.0,8.94,0.37,,0,0,
monthly_flash,2013-12,2013-14,,Odisha,32,56606.01,63334.57,6728.56,13,27,17,52.12,42856.96,69.0,,0,0,
monthly_flash,2013-12,2013-14,,Punjab,6,2360.24,2435.24,75.0,1,1,1,48.0,2902.26,119.18,,0,0,
monthly_flash,2013-12,2013-14,,Rajasthan,25,25380.48,25805.94,425.46,6,8,2,12.0,11364.27,48.12,,0,0,
monthly_flash,2013-12,2013-14,,Sikkim,2,1648.94,3684.88,2035.94,1,2,2,32.5,308.73,8.38,,0,0,
monthly_flash,2013-12,2013-14,,Tamil Nadu,41,53479.73,69711.43,16231.7,20,17,11,42.09,45545.47,68.07,,0,0,
monthly_flash,2013-12,2013-14,,Tripura,6,2966.26,4409.22,1442.96,3,4,4,53.0,2359.95,61.13,,0,0,
monthly_flash,2013-12,2013-14,,Uttar Pradesh,30,21932.85,26529.06,4596.21,11,15,10,46.1,14139.22,58.02,,0,0,
monthly_flash,2013-12,2013-14,,Uttarakhand,6,7844.04,9876.64,2032.6,4,5,4,32.25,2834.49,30.05,,0,0,
monthly_flash,2013-12,2013-14,,West Bengal,36,49851.13,61412.42,11561.29,15,25,16,43.38,31625.49,56.47,,0,0,
monthly_flash,2014-01,2013-14,,Andhra Pradesh,47,37177.32,45353.92,8176.6,14,31,16,35.19,24320.81,61.47,,0,0,
monthly_flash,2014-01,2013-14,,Arunachal Pradesh,4,9512.22,16857.31,7345.09,4,3,3,68.33,10365.62,61.49,,0,0,
monthly_flash,2014-01,2013-14,,Assam,41,24155.49,39221.76,15066.27,21,31,31,63.0,24103.74,65.14,,0,0,
monthly_flash,2014-01,2013-14,,Bihar,45,32339.04,40759.96,8420.92,17,15,8,44.0,29152.84,73.02,,0,0,
monthly_flash,2014-01,2013-14,,Chandigarh,1,452.0,452.0,0.0,0,1,0,,199.83,44.21,,0,0,
monthly_flash,2014-01,2013-14,,Chhattisgarh,22,56368.8,57453.4,1084.6,5,19,12,18.83,23608.46,42.85,,0,0,
monthly_flash,2014-01,2013-14,,Delhi,4,41533.88,41531.33,-2.55,0,2,1,8.0,7026.45,16.92,,0,0,
monthly_flash,2014-01,2013-14,,Goa,1,335.61,388.53,52.92,1,1,1,21.0,264.45,68.06,,0,0,
monthly_flash,2014-01,2013-14,,Gujarat,33,38022.74,39924.34,1901.6,8,19,12,16.33,11345.21,42.95,,0,0,
monthly_flash,2014-01,2013-14,,Haryana,9,4399.88,6104.07,1704.19,2,6,4,26.75,7239.27,126.91,,0,0,
monthly_flash,2014-01,2013-14,,Himachal Pradesh,5,13845.21,19510.58,5665.37,4,4,4,62.25,15048.29,77.13,,0,0,
monthly_flash,2014-01,2013-14,,Jammu & Kashmir,8,13694.69,32976.56,19281.87,4,6,3,80.33,16558.48,50.21,,0,0,
monthly_flash,2014-01,2013-14,,Jharkhand,27,16118.82,20384.09,4265.27,8,21,13,40.85,10831.05,57.57,,0,0,
monthly_flash,2014-01,2013-14,,Karnataka,34,53120.49,65228.53,12108.04,14,13,10,21.8,27665.14,43.87,,0,0,
monthly_flash,2014-01,2013-14,,Kerala,12,22610.65,25135.43,2524.78,5,6,5,19.2,8148.41,32.42,,0,0,
monthly_flash,2014-01,2013-14,,Madhya Pradesh,19,30777.43,32003.81,1226.38,5,12,5,30.0,10605.45,33.35,,0,0,
monthly_flash,2014-01,2013-14,,Maharashtra,53,94835.18,109387.66,14552.48,19,37,26,34.42,52982.29,51.42,,0,0,
monthly_flash,2014-01,2013-14,,Manipur,1,727.56,5996.0,5268.44,1,1,1,108.0,1924.82,32.1,,0,0,
monthly_flash,2014-01,2013-14,,Meghalaya,3,4845.02,4845.02,0.0,0,2,0,,889.63,18.36,,0,0,
monthly_flash,2014-01,2013-14,,Mizoram,2,1532.97,3307.11,1774.14,1,2,2,74.0,641.67,19.4,,0,0,
monthly_flash,2014-01,2013-14,,Nagaland,2,5124.0,6720.57,1596.57,1,1,1,24.0,8.98,0.37,,0,0,
monthly_flash,2014-01,2013-14,,Odisha,29,55889.04,62601.07,6712.03,12,24,14,40.43,41204.06,68.84,,0,0,
monthly_flash,2014-01,2013-14,,Punjab,4,1680.2,1680.2,0.0,0,2,2,30.5,2471.04,147.07,,0,0,
monthly_flash,2014-01,2013-14,,Rajasthan,25,25380.48,25805.94,425.46,6,8,2,13.0,9277.34,82.12,,0,0,
monthly_flash,2014-01,2013-14,,Sikkim,2,1648.94,3684.88,2035.94,1,2,2,32.5,321.4,8.72,,0,0,
monthly_flash,2014-01,2013-14,,Tamil Nadu,38,51742.73,67974.43,16231.7,20,17,10,45.0,44665.97,66.27,,0,0,
monthly_flash,2014-01,2013-14,,Tripura,6,2966.26,4737.26,1771.0,3,4,4,54.5,2404.2,57.4,,0,0,
monthly_flash,2014-01,2013-14,,Uttar Pradesh,28,21357.79,25954.0,4596.21,11,14,9,43.0,13687.52,57.0,,0,0,
monthly_flash,2014-01,2013-14,,Uttarakhand,6,7844.04,9331.46,1487.42,3,5,4,33.0,2782.47,31.31,,0,0,
monthly_flash,2014-01,2013-14,,West Bengal,36,49851.13,61412.42,11561.29,15,25,17,43.12,31723.55,56.87,,0,0,
monthly_flash,2014-02,2013-14,,Andhra Pradesh,47,37177.32,45353.92,8176.6,14,31,16,35.69,25025.12,61.51,,0,0,
monthly_flash,2014-02,2013-14,,Arunachal Pradesh,4,9512.22,16857.31,7345.09,4,3,3,68.67,10576.43,62.74,,0,0,
monthly_flash,2014-02,2013-14,,Assam,40,24029.31,39062.22,15032.91,20,30,29,67.14,26210.21,68.59,,0,0,
monthly_flash,2014-02,2013-14,,Bihar,45,32339.04,40759.96,8420.92,17,15,8,44.0,29524.46,74.6,,0,0,
monthly_flash,2014-02,2013-14,,Chandigarh,1,452.0,452.0,0.0,0,1,0,,211.8,46.86,,0,0,
monthly_flash,2014-02,2013-14,,Chhattisgarh,23,56979.13,64487.75,7508.62,6,20,11,30.55,21878.84,37.58,,0,0,
monthly_flash,2014-02,2013-14,,Delhi,4,41533.88,41531.33,-2.55,0,2,1,8.0,7709.89,18.56,,0,0,
monthly_flash,2014-02,2013-14,,Goa,1,335.61,388.53,52.92,1,1,1,22.0,267.2,68.77,,0,0,
monthly_flash,2014-02,2013-14,,Gujarat,33,38022.74,39924.34,1901.6,8,18,10,18.7,10535.87,46.77,,0,0,
monthly_flash,2014-02,2013-14,,Haryana,9,4399.88,6104.07,1704.19,2,6,4,26.75,7252.35,127.14,,0,0,
monthly_flash,2014-02,2013-14,,Himachal Pradesh,5,13845.21,19510.58,5665.37,4,4,4,62.25,15284.56,78.34,,0,0,
monthly_flash,2014-02,2013-14,,Jammu & Kashmir,7,11965.4,30895.56,18930.16,3,4,2,95.5,14848.54,48.06,,0,0,
monthly_flash,2014-02,2013-14,,Jharkhand,27,16118.82,20383.55,4264.73,8,21,13,41.31,11013.05,58.54,,0,0,
monthly_flash,2014-02,2013-14,,Karnataka,34,79459.69,91331.44,11871.75,13,14,10,21.4,26898.01,42.86,,0,0,
monthly_flash,2014-02,2013-14,,Kerala,12,22610.65,25135.43,2524.78,5,6,5,18.4,8404.65,33.44,,0,0,
monthly_flash,2014-02,2013-14,,Madhya Pradesh,19,30777.43,32003.81,1226.38,5,11,4,36.0,10540.26,33.83,,0,0,
monthly_flash,2014-02,2013-14,,Maharashtra,53,94835.18,110285.11,15449.93,19,36,25,35.96,53607.74,51.67,,0,0,
monthly_flash,2014-02,2013-14,,Manipur,1,727.56,5996.0,5268.44,1,1,1,108.0,1985.31,33.11,,0,0,
monthly_flash,2014-02,2013-14,,Meghalaya,3,4845.02,4845.02,0.0,0,2,0,,910.17,18.79,,0,0,
monthly_flash,2014-02,2013-14,,Mizoram,2,1532.97,3307.11,1774.14,1,2,2,74.0,669.36,20.24,,0,0,
monthly_flash,2014-02,2013-14,,Nagaland,2,5124.0,6720.57,1596.57,1,1,1,24.0,8.98,0.37,,0,0,
monthly_flash,2014-02,2013-14,,Odisha,29,55889.04,62601.07,6712.03,12,24,14,43.86,41791.74,69.82,,0,0,
monthly_flash,2014-02,2013-14,,Punjab,4,1680.2,1680.2,0.0,0,1,1,48.0,2492.24,148.33,,0,0,
monthly_flash,2014-02,2013-14,,Rajasthan,25,25380.48,25805.94,425.46,6,8,2,13.0,12286.27,51.42,,0,0,
monthly_flash,2014-02,2013-14,,Sikkim,2,1648.94,3684.88,2035.94,1,2,2,32.5,326.41,8.86,,0,0,
monthly_flash,2014-02,2013-14,,Tamil Nadu,38,51742.73,67974.43,16231.7,20,16,11,41.55,44867.16,66.57,,0,0,
monthly_flash,2014-02,2013-14,,Tripura,6,2966.26,4737.26,1771.0,3,4,4,54.5,2416.83,57.7,,0,0,
monthly_flash,2014-02,2013-14,,Uttar Pradesh,28,21357.79,25954.0,4596.21,11,14,9,43.0,14219.12,59.21,,0,0,
monthly_flash,2014-02,2013-14,,Uttarakhand,6,7844.04,9331.46,1487.42,3,5,4,39.5,2821.59,31.75,,0,0,
monthly_flash,2014-02,2013-14,,West Bengal,36,49851.13,61348.7,11497.57,16,25,16,44.31,32444.01,58.0,,0,0,
monthly_flash,2014-03,2013-14,,Andhra Pradesh,47,37177.32,45353.92,8176.6,14,31,16,35.94,24676.72,62.83,,0,0,
monthly_flash,2014-03,2013-14,,Arunachal Pradesh,4,9512.22,16855.73,7343.51,4,3,3,68.67,10823.05,64.21,,0,0,
monthly_flash,2014-03,2013-14,,Assam,37,23180.22,34385.24,11205.02,15,27,26,63.54,27259.24,79.28,,0,0,
monthly_flash,2014-03,2013-14,,Bihar,45,32339.04,40462.85,8123.81,17,15,8,44.12,29888.81,75.42,,0,0,
monthly_flash,2014-03,2013-14,,Chandigarh,1,452.0,452.0,0.0,0,1,0,,230.42,50.98,,0,0,
monthly_flash,2014-03,2013-14,,Chhattisgarh,23,56979.13,64487.75,7508.62,6,20,11,30.91,21168.6,37.62,,0,0,
monthly_flash,2014-03,2013-14,,Delhi,4,41533.88,41531.33,-2.55,0,2,1,8.0,7713.12,18.57,,0,0,
monthly_flash,2014-03,2013-14,,Goa,1,335.61,388.53,52.92,1,1,1,23.0,278.32,71.63,,0,0,
monthly_flash,2014-03,2013-14,,Gujarat,33,38022.74,39136.73,1113.99,7,18,11,18.73,11917.39,46.68,,0,0,
monthly_flash,2014-03,2013-14,,Haryana,8,4209.88,6407.61,2197.73,3,5,4,26.75,7171.48,119.37,,0,0,
monthly_flash,2014-03,2013-14,,Himachal Pradesh,5,13845.21,20316.02,6470.81,4,3,3,75.0,12451.1,68.15,,0,0,
monthly_flash,2014-03,2013-14,,Jammu & Kashmir,7,11965.4,30895.56,18930.16,3,4,2,95.5,15012.63,48.59,,0,0,
monthly_flash,2014-03,2013-14,,Jharkhand,27,16118.82,20383.55,4264.73,8,22,14,46.36,11294.6,60.03,,0,0,
monthly_flash,2014-03,2013-14,,Karnataka,34,79459.69,91331.44,11871.75,13,14,10,22.0,27987.39,44.6,,0,0,
monthly_flash,2014-03,2013-14,,Kerala,12,22610.65,25135.43,2524.78,5,6,5,18.4,8815.02,35.07,,0,0,
monthly_flash,2014-03,2013-14,,Madhya Pradesh,19,30777.43,32003.81,1226.38,5,11,5,29.4,10087.48,32.99,,0,0,
monthly_flash,2014-03,2013-14,,Maharashtra,51,93259.91,108834.44,15574.53,19,35,24,36.33,51630.32,51.03,,0,0,
monthly_flash,2014-03,2013-14,,Manipur,1,727.56,4478.17,3750.61,1,1,1,72.0,2023.83,45.19,,0,0,
monthly_flash,2014-03,2013-14,,Meghalaya,3,4845.02,4845.02,0.0,0,2,0,,910.37,18.79,,0,0,
monthly_flash,2014-03,2013-14,,Mizoram,2,1532.97,3307.11,1774.14,1,2,2,74.0,744.71,22.52,,0,0,
monthly_flash,2014-03,2013-14,,Nagaland,2,5124.0,5124.0,0.0,0,1,1,24.0,9.24,1.09,,0,0,
monthly_flash,2014-03,2013-14,,Odisha,28,55789.04,62373.13,6584.09,11,23,13,36.08,40040.67,71.75,,0,0,
monthly_flash,2014-03,2013-14,,Punjab,4,1680.2,1680.2,0.0,0,1,1,48.0,2500.49,148.82,,0,0,
monthly_flash,2014-03,2013-14,,Rajasthan,25,25380.48,25805.94,425.46,6,8,2,14.0,9690.45,82.05,,0,0,
monthly_flash,2014-03,2013-14,,Sikkim,2,1648.94,3690.04,2041.1,1,2,2,32.5,352.48,9.55,,0,0,
monthly_flash,2014-03,2013-14,,Tamil Nadu,38,51742.73,67974.43,16231.7,20,16,11,41.64,40727.02,65.98,,0,0,
monthly_flash,2014-03,2013-14,,Tripura,6,2966.26,3987.74,1021.48,3,4,4,48.5,2631.13,70.43,,0,0,
monthly_flash,2014-03,2013-14,,Uttar Pradesh,28,21357.79,25954.0,4596.21,11,14,9,43.0,14369.71,59.84,,0,0,
monthly_flash,2014-03,2013-14,,Uttarakhand,6,7844.04,10085.07,2241.03,4,5,4,40.25,2956.93,30.31,,0,0,
monthly_flash,2014-03,2013-14,,West Bengal,36,49851.13,61349.49,11498.36,17,25,17,43.12,32943.96,58.89,,0,0,
monthly_flash,2014-04,2014-15,,Andhra Pradesh,19,22236.22,27644.0,5407.78,9,15,13,33.62,20199.35,78.29,,0,0,
monthly_flash,2014-04,2014-15,,Arunachal Pradesh,4,9512.22,16857.31,7345.09,4,3,3,69.33,10880.71,64.55,,0,0,
monthly_flash,2014-04,2014-15,,Assam,38,23344.1,36030.05,12685.95,14,33,31,67.06,27430.14,76.13,,0,0,
monthly_flash,2014-04,2014-15,,Bihar,46,32819.04,40577.14,7758.1,16,21,14,33.71,31931.83,80.52,,0,0,
monthly_flash,2014-04,2014-15,,Chandigarh,1,452.0,452.0,0.0,0,1,0,,230.42,50.98,,0,0,
monthly_flash,2014-04,2014-15,,Chhattisgarh,23,56979.13,64487.75,7508.62,6,21,14,25.71,26742.72,42.38,,0,0,
monthly_flash,2014-04,2014-15,,Delhi,4,41533.88,41531.33,-2.55,0,2,1,8.0,9067.71,21.83,,0,0,
monthly_flash,2014-04,2014-15,,Goa,1,335.61,388.53,52.92,1,1,1,23.0,278.88,71.78,,0,0,
monthly_flash,2014-04,2014-15,,Gujarat,33,38022.74,39094.64,1071.9,7,24,15,18.2,17368.73,46.68,,0,0,
monthly_flash,2014-04,2014-15,,Haryana,9,4493.13,6690.86,2197.73,3,7,3,36.0,7242.29,115.12,,0,0,
monthly_flash,2014-04,2014-15,,Himachal Pradesh,6,15762.0,22232.81,6470.81,4,5,4,64.25,16094.52,72.39,,0,0,
monthly_flash,2014-04,2014-15,,Jammu & Kashmir,7,11965.4,32751.28,20785.88,3,7,5,44.8,15205.6,46.43,,0,0,
monthly_flash,2014-04,2014-15,,Jharkhand,27,16118.82,20383.59,4264.77,8,22,14,38.93,11381.81,60.5,,0,0,
monthly_flash,2014-04,2014-15,,Karnataka,35,79606.44,94510.66,14904.22,18,14,10,22.0,28384.95,41.78,,0,0,
monthly_flash,2014-04,2014-15,,Kerala,12,22610.65,25135.43,2524.78,5,8,7,28.71,9351.47,37.2,,0,0,
monthly_flash,2014-04,2014-15,,Madhya Pradesh,19,30777.43,32003.81,1226.38,5,16,10,27.7,11670.84,36.7,,0,0,
monthly_flash,2014-04,2014-15,,Maharashtra,51,93259.91,108351.14,15091.23,18,40,27,34.19,55780.66,53.99,,0,0,
monthly_flash,2014-04,2014-15,,Manipur,1,727.56,5996.0,5268.44,1,1,1,72.0,2152.99,35.91,,0,0,
monthly_flash,2014-04,2014-15,,Meghalaya,3,4845.02,4845.02,0.0,0,2,1,5.0,932.19,19.24,,0,0,
monthly_flash,2014-04,2014-15,,Mizoram,2,1532.97,3307.11,1774.14,1,2,2,74.0,745.04,22.53,,0,0,
monthly_flash,2014-04,2014-15,,Nagaland,2,5124.0,6720.57,1596.57,1,1,1,24.0,9.23,0.38,,0,0,
monthly_flash,2014-04,2014-15,,Odisha,29,59053.87,65530.66,6476.79,11,25,17,31.18,45554.43,69.52,,0,0,
monthly_flash,2014-04,2014-15,,Punjab,4,1680.2,1653.16,-27.04,0,2,2,33.5,2508.78,151.76,,0,0,
monthly_flash,2014-04,2014-15,,Rajasthan,25,25638.72,25805.94,167.22,5,14,6,32.83,12941.33,53.52,,0,0,
monthly_flash,2014-04,2014-15,,Sikkim,2,1648.94,3684.88,2035.94,1,2,2,43.0,354.22,9.61,,0,0,
monthly_flash,2014-04,2014-15,,Tamil Nadu,38,51343.56,67575.26,16231.7,20,22,18,31.83,46413.18,68.86,,0,0,
monthly_flash,2014-04,2014-15,,Telangana,20,8274.07,10274.87,2000.8,4,14,6,33.0,3140.32,41.87,,0,0,
monthly_flash,2014-04,2014-15,,Tripura,6,2966.26,4737.26,1771.0,3,4,4,48.5,2651.57,59.12,,0,0,
monthly_flash,2014-04,2014-15,,Uttar Pradesh,28,21445.44,26034.35,4588.91,10,18,14,41.5,16201.16,67.24,,0,0,
monthly_flash,2014-04,2014-15,,Uttarakhand,6,7844.04,10085.07,2241.03,4,5,4,42.5,3040.44,30.15,,0,0,
monthly_flash,2014-04,2014-15,,West Bengal,37,53363.62,64424.71,11061.09,15,26,16,44.5,33672.13,52.7,,0,0,
monthly_flash,2014-05,2014-15,,Andhra Pradesh,22,24560.99,29968.77,5407.78,9,15,14,33.71,20275.39,77.94,,0,0,
monthly_flash,2014-05,2014-15,,Arunachal Pradesh,4,9512.22,12475.64,2963.42,3,3,3,70.33,11055.83,88.62,,0,0,
monthly_flash,2014-05,2014-15,,Assam,38,24056.86,38946.64,14889.78,14,32,30,69.57,31031.01,79.68,,0,0,
monthly_flash,2014-05,2014-15,,Bihar,46,33296.66,40874.24,7577.58,15,21,13,37.31,32593.65,82.39,,0,0,
monthly_flash,2014-05,2014-15,,Chandigarh,1,452.0,452.0,0.0,0,1,0,,261.51,57.86,,0,0,
monthly_flash,2014-05,2014-15,,Chhattisgarh,24,57805.7,65314.32,7508.62,6,21,14,25.71,27468.37,42.57,,0,0,
monthly_flash,2014-05,2014-15,,Delhi,4,41531.33,41531.33,0.0,0,2,1,8.0,9437.65,22.72,,0,0,
monthly_flash,2014-05,2014-15,,Goa,1,335.61,388.53,52.92,1,1,1,23.0,279.52,71.94,,0,0,
monthly_flash,2014-05,2014-15,,Gujarat,32,37940.02,39011.92,1071.9,7,23,14,19.5,17630.55,47.98,,0,0,
monthly_flash,2014-05,2014-15,,Haryana,10,4709.67,6907.4,2197.73,3,7,4,38.5,7250.06,115.25,,0,0,
monthly_flash,2014-05,2014-15,,Himachal Pradesh,5,13457.44,18070.4,4612.96,2,3,2,89.5,13827.2,76.52,,0,0,
monthly_flash,2014-05,2014-15,,Jammu & Kashmir,7,11965.4,30895.6,18930.2,3,7,6,38.33,15404.43,49.86,,0,0,
monthly_flash,2014-05,2014-15,,Jharkhand,27,16118.82,20383.59,4264.77,8,21,15,42.0,11516.43,61.21,,0,0,
monthly_flash,2014-05,2014-15,,Karnataka,35,79606.44,94510.66,14904.22,18,14,10,25.2,29111.3,42.85,,0,0,
monthly_flash,2014-05,2014-15,,Kerala,12,22610.65,25135.43,2524.78,5,8,7,30.43,9657.38,38.42,,0,0,
monthly_flash,2014-05,2014-15,,Madhya Pradesh,19,30521.22,32003.81,1482.59,5,16,10,31.9,11930.78,37.52,,0,0,
monthly_flash,2014-05,2014-15,,Maharashtra,50,93249.83,109917.82,16667.99,18,39,26,36.19,56423.84,53.8,,0,0,
monthly_flash,2014-05,2014-15,,Manipur,1,727.56,5996.0,5268.44,1,1,1,72.0,2216.69,36.97,,0,0,
monthly_flash,2014-05,2014-15,,Meghalaya,3,4845.02,4845.02,0.0,0,2,1,11.0,951.27,19.63,,0,0,
monthly_flash,2014-05,2014-15,,Mizoram,2,988.06,3307.11,2319.05,2,2,2,74.0,775.95,23.46,,0,0,
monthly_flash,2014-05,2014-15,,Nagaland,2,5124.0,6720.57,1596.57,1,1,1,24.0,9.23,0.38,,0,0,
monthly_flash,2014-05,2014-15,,Odisha,34,61113.78,68023.29,6909.51,12,26,18,31.17,46232.08,68.17,,0,0,
monthly_flash,2014-05,2014-15,,Punjab,4,1680.2,1653.16,-27.04,0,2,2,34.5,2510.93,151.89,,0,0,
monthly_flash,2014-05,2014-15,,Rajasthan,25,25638.72,25695.93,57.21,5,14,6,35.17,13022.25,54.1,,0,0,
monthly_flash,2014-05,2014-15,,Sikkim,2,1648.94,3684.88,2035.94,1,2,2,43.0,358.02,9.72,,0,0,
monthly_flash,2014-05,2014-15,,Tamil Nadu,39,54453.92,70685.62,16231.7,20,23,18,32.61,46706.83,69.29,,0,0,
monthly_flash,2014-05,2014-15,,Telangana,22,9563.31,12332.13,2768.82,5,15,6,33.0,3235.77,38.36,,0,0,
monthly_flash,2014-05,2014-15,,Tripura,6,2966.26,4737.26,1771.0,3,4,4,48.5,2731.85,60.91,,0,0,
monthly_flash,2014-05,2014-15,,Uttar Pradesh,27,19788.44,23055.49,3267.05,9,17,13,41.85,15609.39,73.93,,0,0,
monthly_flash,2014-05,2014-15,,Uttarakhand,7,9501.04,13063.93,3562.89,5,6,5,52.2,3842.34,30.17,,0,0,
monthly_flash,2014-05,2014-15,,West Bengal,37,53725.66,63984.34,10258.68,14,26,19,41.05,33864.0,53.37,,0,0,
monthly_flash,2014-06,2014-15,,Andhra Pradesh,22,24560.99,29968.77,5407.78,9,15,14,33.71,20353.28,78.24,,0,0,
monthly_flash,2014-06,2014-15,,Arunachal Pradesh,3,9356.22,9356.22,0.0,0,3,3,66.33,10744.96,114.84,,0,0,
monthly_flash,2014-06,2014-15,,Assam,38,24556.86,38943.74,14386.88,14,32,30,69.7,31368.1,80.55,,0,0,
monthly_flash,2014-06,2014-15,,Bihar,46,33802.78,46815.8,13013.02,15,21,15,33.33,32917.64,72.34,,0,0,
monthly_flash,2014-06,2014-15,,Chandigarh,1,452.0,452.0,0.0,0,1,0,,264.84,58.59,,0,0,
monthly_flash,2014-06,2014-15,,Chhattisgarh,24,57805.7,65314.32,7508.62,6,21,16,23.5,28033.26,43.55,,0,0,
monthly_flash,2014-06,2014-15,,Delhi,4,41531.33,41531.33,0.0,0,2,1,8.0,9438.4,22.73,,0,0,
monthly_flash,2014-06,2014-15,,Goa,1,335.61,388.53,52.92,1,1,1,23.0,280.74,72.26,,0,0,
monthly_flash,2014-06,2014-15,,Gujarat,31,37705.24,38694.28,989.04,6,22,13,19.15,13114.62,52.53,,0,0,
monthly_flash,2014-06,2014-15,,Haryana,10,4757.42,6907.4,2149.98,3,7,4,38.5,7266.07,115.5,,0,0,
monthly_flash,2014-06,2014-15,,Himachal Pradesh,5,13457.44,18070.4,4612.96,2,3,2,89.5,13967.56,77.3,,0,0,
monthly_flash,2014-06,2014-15,,Jammu & Kashmir,6,11799.13,30702.5,18903.37,2,6,6,39.33,15366.54,50.05,,0,0,
monthly_flash,2014-06,2014-15,,Jharkhand,29,21317.05,21927.46,610.41,4,23,16,42.38,11711.32,57.53,,0,0,
monthly_flash,2014-06,2014-15,,Karnataka,34,78767.44,92965.75,14198.31,18,14,10,26.3,28864.8,44.18,,0,0,
monthly_flash,2014-06,2014-15,,Kerala,12,22610.65,25135.43,2524.78,5,8,7,31.0,10017.66,39.85,,0,0,
monthly_flash,2014-06,2014-15,,Madhya Pradesh,18,24606.22,26088.81,1482.59,5,15,9,34.67,8445.29,33.17,,0,0,
monthly_flash,2014-06,2014-15,,Maharashtra,46,73310.22,85861.64,12551.42,16,35,22,38.41,38050.74,45.12,,0,0,
monthly_flash,2014-06,2014-15,,Manipur,1,727.56,5996.0,5268.44,1,1,1,72.0,2262.95,37.74,,0,0,
monthly_flash,2014-06,2014-15,,Meghalaya,3,4845.02,4845.02,0.0,0,2,1,11.0,951.57,19.64,,0,0,
monthly_flash,2014-06,2014-15,,Mizoram,2,988.06,3307.11,2319.05,2,2,2,69.0,786.08,23.77,,0,0,
monthly_flash,2014-06,2014-15,,Nagaland,2,5124.0,6720.57,1596.57,1,1,1,24.0,9.23,0.38,,0,0,
monthly_flash,2014-06,2014-15,,Odisha,34,61113.78,68005.65,6891.87,12,26,19,30.63,47057.98,69.2,,0,0,
monthly_flash,2014-06,2014-15,,Punjab,4,1680.2,1653.16,-27.04,0,2,2,34.5,2519.92,152.43,,0,0,
monthly_flash,2014-06,2014-15,,Rajasthan,25,25638.72,25695.93,57.21,5,14,7,30.86,13224.85,54.94,,0,0,
monthly_flash,2014-06,2014-15,,Sikkim,2,1648.94,3684.88,2035.94,1,2,2,43.0,364.56,9.89,,0,0,
monthly_flash,2014-06,2014-15,,Tamil Nadu,40,54818.67,71711.37,16892.7,21,24,18,33.0,47311.32,66.13,,0,0,
monthly_flash,2014-06,2014-15,,Telangana,22,9563.31,12332.13,2768.82,5,15,6,33.0,3244.14,38.46,,0,0,
monthly_flash,2014-06,2014-15,,Tripura,6,2966.26,4409.22,1442.96,3,3,3,62.33,2847.41,68.49,,0,0,
monthly_flash,2014-06,2014-15,,Uttar Pradesh,26,14361.52,17036.56,2675.04,8,16,12,44.33,11397.03,75.5,,0,0,
monthly_flash,2014-06,2014-15,,Uttarakhand,7,9501.04,13063.93,3562.89,5,6,5,52.8,3903.37,29.88,,0,0,
monthly_flash,2014-06,2014-15,,West Bengal,38,57186.32,65301.38,8115.06,9,27,19,41.16,34517.67,53.29,,0,0,
monthly_flash,2014-07,2014-15,,Andhra Pradesh,20,24072.68,29249.24,5176.56,7,13,12,32.17,19838.32,83.71,,0,0,
monthly_flash,2014-07,2014-15,,Arunachal Pradesh,3,9356.22,12067.66,2711.44,2,3,3,70.33,10931.86,90.59,,0,0,
monthly_flash,2014-07,2014-15,,Assam,38,26930.69,41317.39,14386.7,14,32,30,69.17,31681.56,76.68,,0,0,
monthly_flash,2014-07,2014-15,,Bihar,46,34128.19,40874.24,6746.05,14,20,14,35.36,33274.26,84.11,,0,0,
monthly_flash,2014-07,2014-15,,Chandigarh,1,452.0,452.0,0.0,0,1,0,,274.04,60.63,,0,0,
monthly_flash,2014-07,2014-15,,Chhattisgarh,25,58037.7,65546.32,7508.62,6,22,17,23.29,28280.95,44.6,,0,0,
monthly_flash,2014-07,2014-15,,Delhi,4,41531.33,41531.33,0.0,0,2,1,8.0,9438.42,22.73,,0,0,
monthly_flash,2014-07,2014-15,,Goa,1,335.61,388.53,52.92,1,1,1,27.0,281.45,72.44,,0,0,
monthly_flash,2014-07,2014-15,,Gujarat,31,37705.24,38531.29,826.05,6,22,13,21.15,18509.09,51.04,,0,0,
monthly_flash,2014-07,2014-15,,Haryana,9,4540.88,6690.86,2149.98,3,7,4,38.5,7297.52,116.0,,0,0,
monthly_flash,2014-07,2014-15,,Himachal Pradesh,5,13457.44,19516.81,6059.37,3,4,3,69.67,14120.67,72.35,,0,0,
monthly_flash,2014-07,2014-15,,Jammu & Kashmir,6,13202.5,30702.5,17500.0,1,6,6,39.33,15520.4,50.55,,0,0,
monthly_flash,2014-07,2014-15,,Jharkhand,29,21180.88,21727.29,546.41,3,23,16,39.94,11626.85,57.68,,0,0,
monthly_flash,2014-07,2014-15,,Karnataka,34,78767.44,93671.66,14904.22,18,14,11,25.0,29523.0,44.71,,0,0,
monthly_flash,2014-07,2014-15,,Kerala,12,22610.65,25135.43,2524.78,5,8,7,31.0,10472.19,41.66,,0,0,
monthly_flash,2014-07,2014-15,,Madhya Pradesh,16,23264.01,24732.7,1468.69,4,13,8,34.12,7056.44,29.74,,0,0,
monthly_flash,2014-07,2014-15,,Maharashtra,44,70756.24,82782.92,12026.68,14,33,21,34.05,31856.38,42.16,,0,0,
monthly_flash,2014-07,2014-15,,Manipur,1,727.56,5996.0,5268.44,1,1,1,84.0,2387.73,39.82,,0,0,
monthly_flash,2014-07,2014-15,,Meghalaya,3,4845.02,4845.0,-0.02,0,2,1,11.0,953.83,19.69,,0,0,
monthly_flash,2014-07,2014-15,,Mizoram,2,988.06,3307.11,2319.05,2,2,2,74.0,805.39,24.35,,0,0,
monthly_flash,2014-07,2014-15,,Nagaland,2,5124.0,6720.57,1596.57,1,1,1,24.0,9.23,0.38,,0,0,
monthly_flash,2014-07,2014-15,,Odisha,34,61197.6,69457.65,8260.05,11,25,20,35.1,46480.28,69.49,,0,0,
monthly_flash,2014-07,2014-15,,Punjab,3,1306.26,1279.22,-27.04,0,1,1,21.0,2295.68,179.46,,0,0,
monthly_flash,2014-07,2014-15,,Rajasthan,25,25638.72,25695.93,57.21,5,14,7,33.57,13572.63,56.38,,0,0,
monthly_flash,2014-07,2014-15,,Sikkim,2,1648.94,3684.88,2035.94,1,2,2,43.0,363.76,9.87,,0,0,
monthly_flash,2014-07,2014-15,,Tamil Nadu,40,54818.67,71711.37,16892.7,21,24,18,32.89,47647.16,66.6,,0,0,
monthly_flash,2014-07,2014-15,,Telangana,21,9410.31,12179.13,2768.82,5,15,6,33.0,3245.46,38.48,,0,0,
monthly_flash,2014-07,2014-15,,Tripura,6,2966.26,4780.63,1814.37,3,4,4,47.75,2936.04,64.83,,0,0,
monthly_flash,2014-07,2014-15,,Uttar Pradesh,25,14024.68,16640.25,2615.57,8,16,13,41.23,11717.24,77.93,,0,0,
monthly_flash,2014-07,2014-15,,Uttarakhand,7,9501.04,13063.93,3562.89,5,6,6,48.67,3946.01,30.21,,0,0,
monthly_flash,2014-07,2014-15,,West Bengal,38,57186.32,65301.38,8115.06,9,27,19,41.16,34698.02,53.57,,0,0,
monthly_flash,2014-08,2014-15,,Andhra Pradesh,20,24072.68,29249.24,5176.56,7,13,12,32.42,19980.25,79.28,,0,0,
monthly_flash,2014-08,2014-15,,Arunachal Pradesh,3,9356.22,12067.66,2711.44,2,3,3,70.33,11014.68,91.27,,0,0,
monthly_flash,2014-08,2014-15,,Assam,38,26930.69,41646.22,14715.53,15,32,31,67.35,31744.56,76.22,,0,0,
monthly_flash,2014-08,2014-15,,Bihar,46,34128.19,40874.24,6746.05,14,17,11,38.18,33550.72,84.35,,0,0,
monthly_flash,2014-08,2014-15,,Chandigarh,1,452.0,452.0,0.0,0,1,0,,287.31,63.56,,0,0,
monthly_flash,2014-08,2014-15,,Chhattisgarh,26,58226.63,65735.25,7508.62,6,23,17,24.0,28811.0,45.44,,0,0,
monthly_flash,2014-08,2014-15,,Delhi,4,41531.33,41531.33,0.0,0,2,1,8.0,9438.62,22.73,,0,0,
monthly_flash,2014-08,2014-15,,Goa,1,335.61,388.53,52.92,1,1,1,28.0,283.54,72.98,,0,0,
monthly_flash,2014-08,2014-15,,Gujarat,31,37705.24,38531.29,826.05,6,20,13,23.31,18951.74,51.72,,0,0,
monthly_flash,2014-08,2014-15,,Haryana,9,4540.88,6690.86,2149.98,3,6,3,34.67,7305.23,116.12,,0,0,
monthly_flash,2014-08,2014-15,,Himachal Pradesh,5,13457.44,20758.06,7300.62,4,4,3,69.67,14244.55,68.62,,0,0,
monthly_flash,2014-08,2014-15,,Jammu & Kashmir,6,13202.5,30702.5,17500.0,1,6,6,39.33,15563.46,50.69,,0,0,
monthly_flash,2014-08,2014-15,,Jharkhand,29,21180.88,21745.59,564.71,4,23,15,41.93,11813.17,58.55,,0,0,
monthly_flash,2014-08,2014-15,,Karnataka,33,77723.87,92714.56,14990.69,18,13,10,28.7,29544.84,45.4,,0,0,
monthly_flash,2014-08,2014-15,,Kerala,11,19110.65,23264.43,4153.78,5,7,6,33.0,7131.9,30.66,,0,0,
monthly_flash,2014-08,2014-15,,Madhya Pradesh,16,23264.01,24732.7,1468.69,4,13,8,34.75,7211.84,30.39,,0,0,
monthly_flash,2014-08,2014-15,,Maharashtra,44,70756.24,82782.92,12026.68,14,32,20,30.1,32410.82,42.9,,0,0,
monthly_flash,2014-08,2014-15,,Manipur,1,727.56,5996.0,5268.44,1,1,1,84.0,2460.85,41.04,,0,0,
monthly_flash,2014-08,2014-15,,Meghalaya,3,4845.02,4845.02,0.0,0,2,1,11.0,954.29,19.7,,0,0,
monthly_flash,2014-08,2014-15,,Mizoram,2,988.06,3307.11,2319.05,2,2,2,92.0,838.86,25.37,,0,0,
monthly_flash,2014-08,2014-15,,Nagaland,2,5124.0,6720.57,1596.57,1,1,1,60.0,9.43,0.39,,0,0,
monthly_flash,2014-08,2014-15,,Odisha,36,62065.42,70718.47,8653.05,11,28,22,35.64,47449.29,68.8,,0,0,
monthly_flash,2014-08,2014-15,,Punjab,3,1306.26,1279.22,-27.04,0,1,1,21.0,2298.27,179.66,,0,0,
monthly_flash,2014-08,2014-15,,Rajasthan,25,25638.72,25695.94,57.22,6,13,7,33.57,13784.08,57.26,,0,0,
monthly_flash,2014-08,2014-15,,Sikkim,2,1648.94,3684.88,2035.94,1,2,1,71.0,363.1,9.85,,0,0,
monthly_flash,2014-08,2014-15,,Tamil Nadu,40,54818.67,71711.37,16892.7,21,24,17,33.76,47854.37,66.89,,0,0,
monthly_flash,2014-08,2014-15,,Telangana,21,9410.31,12179.13,2768.82,5,14,7,35.14,3222.35,38.2,,0,0,
monthly_flash,2014-08,2014-15,,Tripura,6,2966.26,4780.63,1814.37,3,4,4,47.75,2963.64,65.44,,0,0,
monthly_flash,2014-08,2014-15,,Uttar Pradesh,25,14024.68,16666.2,2641.52,8,16,13,41.85,11762.52,78.09,,0,0,
monthly_flash,2014-08,2014-15,,Uttarakhand,7,9501.04,13063.93,3562.89,5,6,6,49.67,3997.76,30.6,,0,0,
monthly_flash,2014-08,2014-15,,West Bengal,38,57186.32,65301.38,8115.06,9,22,15,37.13,35129.28,54.24,,0,0,
monthly_flash,2014-09,2014-15,,Andhra Pradesh,22,24992.52,30169.08,5176.56,7,15,12,32.92,20104.9,84.27,,0,0,
monthly_flash,2014-09,2014-15,,Arunachal Pradesh,3,9356.22,12067.66,2711.44,2,3,3,70.33,11094.61,91.94,,0,0,
monthly_flash,2014-09,2014-15,,Assam,38,26930.69,41738.17,14807.48,16,32,31,68.84,32483.83,77.83,,0,0,
monthly_flash,2014-09,2014-15,,Bihar,48,37027.18,43648.73,6621.55,14,18,12,40.5,36003.6,85.47,,0,0,
monthly_flash,2014-09,2014-15,,Chandigarh,1,452.0,452.0,0.0,0,1,0,,309.21,68.41,,0,0,
monthly_flash,2014-09,2014-15,,Chhattisgarh,27,58300.98,65886.82,7585.84,7,24,17,24.06,25446.38,48.38,,0,0,
monthly_flash,2014-09,2014-15,,Delhi,9,44464.6,44464.6,0.0,0,7,4,17.5,9755.1,22.77,,0,0,
monthly_flash,2014-09,2014-15,,Goa,1,335.61,388.53,52.92,1,1,1,29.0,284.0,73.1,,0,0,
monthly_flash,2014-09,2014-15,,Gujarat,33,38581.24,39407.29,826.05,6,22,14,24.14,19272.11,52.59,,0,0,
monthly_flash,2014-09,2014-15,,Haryana,9,4540.88,6690.86,2149.98,3,6,3,34.67,7337.28,116.63,,0,0,
monthly_flash,2014-09,2014-15,,Himachal Pradesh,6,13728.27,19787.64,6059.37,3,4,3,63.33,11073.97,62.42,,0,0,
monthly_flash,2014-09,2014-15,,Jammu & Kashmir,7,21314.62,40235.3,18920.68,2,7,6,41.33,16898.29,52.6,,0,0,
monthly_flash,2014-09,2014-15,,Jharkhand,31,21501.51,21869.27,367.76,5,26,17,44.41,12764.5,59.77,,0,0,
monthly_flash,2014-09,2014-15,,Karnataka,34,78337.98,92917.96,14579.98,17,13,10,28.7,17850.74,33.6,,0,0,
monthly_flash,2014-09,2014-15,,Kerala,12,19275.88,23429.66,4153.78,5,8,6,34.0,7458.68,32.06,,0,0,
monthly_flash,2014-09,2014-15,,Madhya Pradesh,17,23452.88,24921.57,1468.69,4,14,9,33.67,8174.07,33.07,,0,0,
monthly_flash,2014-09,2014-15,,Maharashtra,47,71517.57,83936.57,12419.0,14,36,24,26.88,32355.16,43.67,,0,0,
monthly_flash,2014-09,2014-15,,Manipur,1,727.56,5996.0,5268.44,1,1,1,84.0,2519.8,42.02,,0,0,
monthly_flash,2014-09,2014-15,,Meghalaya,3,4845.02,4845.02,0.0,0,2,1,11.0,1036.5,21.39,,0,0,
monthly_flash,2014-09,2014-15,,Mizoram,2,988.06,3307.11,2319.05,2,2,2,87.0,848.93,25.67,,0,0,
monthly_flash,2014-09,2014-15,,Nagaland,2,5124.0,6720.57,1596.57,1,1,1,60.0,10.23,0.42,,0,0,
monthly_flash,2014-09,2014-15,,Odisha,41,67166.05,75819.1,8653.05,11,33,23,35.0,47850.95,70.21,,0,0,
monthly_flash,2014-09,2014-15,,Punjab,4,1497.5,1470.46,-27.04,0,2,2,32.5,2323.66,158.02,,0,0,
monthly_flash,2014-09,2014-15,,Rajasthan,25,25638.72,25695.94,57.22,6,12,8,32.88,13970.0,58.03,,0,0,
monthly_flash,2014-09,2014-15,,Sikkim,2,1648.94,3684.88,2035.94,1,2,2,61.0,363.55,9.87,,0,0,
monthly_flash,2014-09,2014-15,,Tamil Nadu,41,53533.49,70513.46,16979.97,20,24,17,33.76,46650.68,66.32,,0,0,
monthly_flash,2014-09,2014-15,,Telangana,21,9410.31,12179.13,2768.82,5,15,10,33.2,3207.66,36.97,,0,0,
monthly_flash,2014-09,2014-15,,Tripura,6,2966.26,4780.63,1814.37,3,4,4,50.75,3076.36,67.93,,0,0,
monthly_flash,2014-09,2014-15,,Uttar Pradesh,26,14207.6,16863.93,2656.33,9,16,13,42.23,12005.88,79.71,,0,0,
monthly_flash,2014-09,2014-15,,Uttarakhand,7,9501.04,13063.93,3562.89,5,6,6,50.17,4158.91,31.84,,0,0,
monthly_flash,2014-09,2014-15,,West Bengal,39,55626.19,63977.61,8351.42,9,23,16,36.56,34484.83,54.49,,0,0,
monthly_flash,2014-10,2014-15,,Andaman & Nicobar Islands,1,314.61,314.61,0.0,0,0,0,,16.59,5.27,,0,0,
monthly_flash,2014-10,2014-15,,Andhra Pradesh,22,24649.56,30169.08,5519.52,8,15,12,33.0,20895.7,82.71,,0,0,
monthly_flash,2014-10,2014-15,,Arunachal Pradesh,3,9356.22,21082.33,11726.11,3,3,3,70.33,11341.13,53.79,,0,0,
monthly_flash,2014-10,2014-15,,Assam,38,26590.73,40648.11,14057.38,14,32,31,68.16,32787.28,80.66,,0,0,
monthly_flash,2014-10,2014-15,,Bihar,48,37027.18,43644.23,6617.05,14,19,13,37.92,37025.38,86.06,,0,0,
monthly_flash,2014-10,2014-15,,Chandigarh,1,452.0,452.0,0.0,0,1,0,,321.56,71.14,,0,0,
monthly_flash,2014-10,2014-15,,Chhattisgarh,28,73825.98,81411.74,7585.76,7,25,18,23.33,36362.3,45.21,,0,0,
monthly_flash,2014-10,2014-15,,Delhi,9,44464.6,44464.6,0.0,0,7,4,17.5,9755.1,22.77,,0,0,
monthly_flash,2014-10,2014-15,,Goa,1,335.61,388.53,52.92,1,1,1,30.0,285.0,73.35,,0,0,
monthly_flash,2014-10,2014-15,,Gujarat,33,38581.24,39407.29,826.05,6,22,14,24.5,19675.77,53.46,,0,0,
monthly_flash,2014-10,2014-15,,Haryana,8,4259.81,6409.79,2149.98,3,6,3,34.67,7331.24,121.99,,0,0,
monthly_flash,2014-10,2014-15,,Himachal Pradesh,6,13728.27,21028.89,7300.62,4,5,4,55.5,14479.36,68.85,,0,0,
monthly_flash,2014-10,2014-15,,Jammu & Kashmir,7,21314.62,40235.3,18920.68,2,7,6,41.33,16988.18,52.88,,0,0,
monthly_flash,2014-10,2014-15,,Jharkhand,31,21501.51,21869.27,367.76,5,25,16,40.19,12843.69,60.14,,0,0,
monthly_flash,2014-10,2014-15,,Karnataka,33,65925.98,80757.7,14831.72,17,12,9,28.56,18268.15,34.39,,0,0,
monthly_flash,2014-10,2014-15,,Kerala,12,19275.88,23429.66,4153.78,5,7,5,38.6,7816.39,33.6,,0,0,
monthly_flash,2014-10,2014-15,,Madhya Pradesh,17,23452.88,25436.8,1983.92,4,14,10,30.5,8427.99,33.4,,0,0,
monthly_flash,2014-10,2014-15,,Maharashtra,47,71613.2,83570.01,11956.81,13,36,24,29.29,33947.2,41.37,,0,0,
monthly_flash,2014-10,2014-15,,Manipur,1,727.56,5996.0,5268.44,1,1,1,84.0,2519.8,42.02,,0,0,
monthly_flash,2014-10,2014-15,,Meghalaya,3,4845.02,4845.02,0.0,0,2,1,11.0,1049.5,21.66,,0,0,
monthly_flash,2014-10,2014-15,,Mizoram,2,988.06,3307.11,2319.05,2,2,2,92.0,871.43,26.35,,0,0,
monthly_flash,2014-10,2014-15,,Nagaland,2,5124.0,6720.57,1596.57,1,1,1,60.0,10.23,0.42,,0,0,
monthly_flash,2014-10,2014-15,,Odisha,41,67166.05,75819.1,8653.05,11,33,23,35.52,49637.08,66.65,,0,0,
monthly_flash,2014-10,2014-15,,Punjab,4,1497.5,1470.46,-27.04,0,1,1,25.0,2323.66,158.02,,0,0,
monthly_flash,2014-10,2014-15,,Rajasthan,25,25638.72,25695.94,57.22,6,12,8,32.75,14158.73,58.82,,0,0,
monthly_flash,2014-10,2014-15,,Sikkim,2,1648.94,3684.88,2035.94,1,2,2,58.0,396.89,10.77,,0,0,
monthly_flash,2014-10,2014-15,,Tamil Nadu,41,53533.49,70580.21,17046.72,20,24,18,32.67,47005.94,66.76,,0,0,
monthly_flash,2014-10,2014-15,,Telangana,21,9410.31,12179.13,2768.82,5,14,9,31.22,3234.07,37.27,,0,0,
monthly_flash,2014-10,2014-15,,Tripura,6,2966.26,4780.63,1814.37,3,4,4,50.75,3084.53,68.11,,0,0,
monthly_flash,2014-10,2014-15,,Uttar Pradesh,26,14207.6,16863.93,2656.33,9,16,13,42.23,12356.2,82.03,,0,0,
monthly_flash,2014-10,2014-15,,Uttarakhand,7,9501.04,13063.93,3562.89,5,6,6,50.17,4235.31,32.42,,0,0,
monthly_flash,2014-10,2014-15,,West Bengal,39,55900.06,63146.8,7246.74,7,23,16,42.5,34963.59,55.98,,0,0,
monthly_flash,2014-11,2014-15,,Andaman & Nicobar Islands,1,314.61,314.61,0.0,0,0,0,,16.59,5.27,,0,0,
monthly_flash,2014-11,2014-15,,Andhra Pradesh,22,24649.56,30169.08,5519.52,8,15,12,33.58,21066.6,76.52,,0,0,
monthly_flash,2014-11,2014-15,,Arunachal Pradesh,3,9356.22,21082.33,11726.11,3,3,3,70.33,11424.92,54.19,,0,0,
monthly_flash,2014-11,2014-15,,Assam,39,26819.37,42173.91,15354.54,16,33,31,67.9,32976.6,78.62,,0,0,
monthly_flash,2014-11,2014-15,,Bihar,48,37027.18,51405.82,14378.64,15,20,15,39.8,37317.9,73.48,,0,0,
monthly_flash,2014-11,2014-15,,Chandigarh,1,452.0,452.0,0.0,0,1,0,,346.36,76.63,,0,0,
monthly_flash,2014-11,2014-15,,Chhattisgarh,27,72434.39,80336.8,7902.41,7,24,17,23.76,31245.73,39.28,,0,0,
monthly_flash,2014-11,2014-15,,Delhi,9,44464.6,44464.6,0.0,0,7,4,17.5,9755.1,22.77,,0,0,
monthly_flash,2014-11,2014-15,,Goa,1,335.61,388.53,52.92,1,1,1,31.0,285.2,73.4,,0,0,
monthly_flash,2014-11,2014-15,,Gujarat,31,36997.24,37591.79,594.55,4,20,12,25.08,19681.5,56.25,,0,0,
monthly_flash,2014-11,2014-15,,Haryana,8,4259.81,6409.79,2149.98,3,6,3,34.67,7331.24,121.99,,0,0,
monthly_flash,2014-11,2014-15,,Himachal Pradesh,6,13728.27,21028.89,7300.62,4,5,4,58.75,14662.62,69.73,,0,0,
monthly_flash,2014-11,2014-15,,Jammu & Kashmir,7,21314.62,40235.3,18920.68,2,7,6,41.33,17031.16,53.02,,0,0,
monthly_flash,2014-11,2014-15,,Jharkhand,31,21501.51,22165.22,663.71,6,25,16,44.56,11897.94,58.26,,0,0,
monthly_flash,2014-11,2014-15,,Karnataka,33,65925.98,80757.7,14831.72,17,12,9,36.67,18743.29,35.28,,0,0,
monthly_flash,2014-11,2014-15,,Kerala,11,19030.21,23056.44,4026.23,4,6,4,42.75,7700.76,33.64,,0,0,
monthly_flash,2014-11,2014-15,,Madhya Pradesh,17,23452.88,25436.8,1983.92,4,14,10,30.3,8567.35,33.95,,0,0,
monthly_flash,2014-11,2014-15,,Maharashtra,41,67520.43,79631.16,12110.73,12,31,21,31.52,32873.61,42.19,,0,0,
monthly_flash,2014-11,2014-15,,Manipur,1,727.56,6570.75,5843.19,1,1,1,96.0,2676.64,40.74,,0,0,
monthly_flash,2014-11,2014-15,,Meghalaya,3,4845.02,6069.9,1224.88,1,2,1,11.0,825.94,13.61,,0,0,
monthly_flash,2014-11,2014-15,,Mizoram,2,988.06,3733.88,2745.82,2,2,2,80.0,889.15,23.81,,0,0,
monthly_flash,2014-11,2014-15,,Nagaland,2,5124.0,7461.12,2337.12,2,1,1,60.0,10.34,0.35,,0,0,
monthly_flash,2014-11,2014-15,,Odisha,39,66852.2,75528.98,8676.78,13,32,23,35.87,49674.87,66.96,,0,0,
monthly_flash,2014-11,2014-15,,Punjab,4,1497.5,1470.46,-27.04,0,1,1,25.0,2323.66,158.02,,0,0,
monthly_flash,2014-11,2014-15,,Rajasthan,25,25638.72,25694.2,55.48,7,12,8,34.62,14255.61,59.29,,0,0,
monthly_flash,2014-11,2014-15,,Sikkim,2,1648.94,4499.46,2850.52,1,2,2,58.0,404.53,8.99,,0,0,
monthly_flash,2014-11,2014-15,,Tamil Nadu,41,53533.49,70580.21,17046.72,20,24,19,33.47,47226.07,67.07,,0,0,
monthly_flash,2014-11,2014-15,,Telangana,21,9410.62,12179.13,2768.51,5,14,9,31.22,3250.3,37.46,,0,0,
monthly_flash,2014-11,2014-15,,Tripura,6,2966.26,6552.28,3586.02,4,4,4,50.75,3132.21,55.3,,0,0,
monthly_flash,2014-11,2014-15,,Uttar Pradesh,26,14207.6,16863.93,2656.33,9,16,13,43.15,12475.68,82.83,,0,0,
monthly_flash,2014-11,2014-15,,Uttarakhand,6,9351.89,12905.21,3553.32,4,5,5,47.4,4215.38,32.66,,0,0,
monthly_flash,2014-11,2014-15,,West Bengal,39,55900.06,67857.95,11957.89,14,24,18,40.89,35053.98,52.3,,0,0,
monthly_flash,2014-12,2014-15,,Andaman & Nicobar Islands,1,314.61,314.61,0.0,0,0,0,,16.59,5.27,,0,0,
monthly_flash,2014-12,2014-15,,Andhra Pradesh,25,24057.11,30137.39,6080.28,7,18,12,29.25,17478.73,63.19,,0,0,
monthly_flash,2014-12,2014-15,,Arunachal Pradesh,3,9356.22,19888.53,10532.31,3,3,3,72.33,11508.83,57.87,,0,0,
monthly_flash,2014-12,2014-15,,Assam,37,24084.64,41735.39,17650.75,16,31,29,72.31,33220.65,80.01,,0,0,
monthly_flash,2014-12,2014-15,,Bihar,48,37027.18,51405.82,14378.64,15,19,13,45.62,36403.77,72.98,,0,0,
monthly_flash,2014-12,2014-15,,Chandigarh,1,452.0,452.0,0.0,0,1,0,,362.09,80.11,,0,0,
monthly_flash,2014-12,2014-15,,Chhattisgarh,27,80345.96,81525.87,1179.91,5,24,14,19.64,32708.72,43.36,,0,0,
monthly_flash,2014-12,2014-15,,Delhi,10,48728.6,48728.6,0.0,0,8,4,17.5,10176.38,21.6,,0,0,
monthly_flash,2014-12,2014-15,,Goa,1,335.61,388.53,52.92,1,1,1,32.0,289.69,74.56,,0,0,
monthly_flash,2014-12,2014-15,,Gujarat,31,36997.24,37591.79,594.55,4,20,11,25.45,19869.16,56.79,,0,0,
monthly_flash,2014-12,2014-15,,Haryana,8,4259.81,6409.79,2149.98,3,6,3,35.67,7331.24,121.99,,0,0,
monthly_flash,2014-12,2014-15,,Himachal Pradesh,5,11681.24,17740.61,6059.37,3,4,3,66.33,11409.41,64.31,,0,0,
monthly_flash,2014-12,2014-15,,Jammu & Kashmir,7,21314.62,40235.3,18920.68,2,7,6,43.5,17293.53,53.84,,0,0,
monthly_flash,2014-12,2014-15,,Jharkhand,32,35868.09,36531.8,663.71,6,26,16,43.94,13957.9,40.12,,0,0,
monthly_flash,2014-12,2014-15,,Karnataka,32,64122.2,78953.92,14831.72,17,11,8,37.25,18316.57,35.69,,0,0,
monthly_flash,2014-12,2014-15,,Kerala,13,24457.67,28611.45,4153.78,5,8,5,38.8,9747.87,35.01,,0,0,
monthly_flash,2014-12,2014-15,,Madhya Pradesh,18,25308.88,27292.8,1983.92,4,15,9,34.78,8864.56,35.13,,0,0,
monthly_flash,2014-12,2014-15,,Maharashtra,43,69145.49,81064.67,11919.18,12,34,23,35.74,33422.33,41.81,,0,0,
monthly_flash,2014-12,2014-15,,Manipur,1,727.56,6570.75,5843.19,1,1,1,96.0,2676.64,40.74,,0,0,
monthly_flash,2014-12,2014-15,,Meghalaya,3,4845.02,6069.9,1224.88,1,2,1,12.0,1049.84,17.3,,0,0,
monthly_flash,2014-12,2014-15,,Mizoram,2,988.06,4080.05,3091.99,2,2,2,85.0,907.67,22.25,,0,0,
monthly_flash,2014-12,2014-15,,Nagaland,2,5124.0,7461.12,2337.12,2,1,1,60.0,10.34,0.35,,0,0,
monthly_flash,2014-12,2014-15,,Odisha,40,67699.77,76474.32,8774.55,13,30,21,36.95,35373.04,50.31,,0,0,
monthly_flash,2014-12,2014-15,,Punjab,3,792.5,765.46,-27.04,0,0,0,,115.66,15.11,,0,0,
monthly_flash,2014-12,2014-15,,Rajasthan,25,25638.72,25694.2,55.48,7,12,8,33.62,14363.89,59.74,,0,0,
monthly_flash,2014-12,2014-15,,Sikkim,2,1648.94,4499.46,2850.52,1,2,2,58.0,406.5,9.03,,0,0,
monthly_flash,2014-12,2014-15,,Tamil Nadu,41,53533.49,75772.21,22238.72,20,24,19,35.53,47595.71,62.96,,0,0,
monthly_flash,2014-12,2014-15,,Telangana,21,9410.62,12180.44,2769.82,6,14,9,31.56,3242.13,37.36,,0,0,
monthly_flash,2014-12,2014-15,,Tripura,6,2966.26,6400.2,3433.94,4,4,4,53.0,3164.51,57.42,,0,0,
monthly_flash,2014-12,2014-15,,Uttar Pradesh,28,26759.7,29416.03,2656.33,9,18,15,39.6,13122.49,47.52,,0,0,
monthly_flash,2014-12,2014-15,,Uttarakhand,6,9351.89,12905.21,3553.32,4,5,5,48.2,4320.32,33.48,,0,0,
monthly_flash,2014-12,2014-15,,West Bengal,39,42838.9,52537.3,9698.4,13,24,17,42.53,18962.9,36.68,,0,0,
monthly_flash,2015-01,2014-15,,Andaman & Nicobar Islands,1,314.61,314.61,0.0,0,0,0,,15.42,4.9,,0,0,
monthly_flash,2015-01,2014-15,,Andhra Pradesh,26,24304.01,30386.09,6082.08,7,18,12,29.25,18786.43,67.31,,0,0,
monthly_flash,2015-01,2014-15,,Arunachal Pradesh,3,9356.22,21082.33,11726.11,3,2,2,59.0,11626.26,55.15,,0,0,
monthly_flash,2015-01,2014-15,,Assam,37,24084.64,41735.39,17650.75,16,31,29,73.9,33221.84,80.01,,0,0,
monthly_flash,2015-01,2014-15,,Bihar,48,37027.18,51529.33,14502.15,16,20,15,43.53,37850.82,74.35,,0,0,
monthly_flash,2015-01,2014-15,,Chandigarh,1,452.0,452.0,0.0,0,1,0,,377.99,83.63,,0,0,
monthly_flash,2015-01,2014-15,,Chhattisgarh,27,80345.96,75102.05,-5243.91,5,24,15,19.2,37589.78,52.04,,0,0,
monthly_flash,2015-01,2014-15,,Delhi,10,48728.6,48728.6,0.0,0,8,4,17.5,10176.14,21.6,,0,0,
monthly_flash,2015-01,2014-15,,Goa,1,335.61,388.53,52.92,1,1,1,33.0,292.44,75.27,,0,0,
monthly_flash,2015-01,2014-15,,Gujarat,29,36037.34,36616.51,579.17,4,16,10,28.0,19948.51,57.44,,0,0,
monthly_flash,2015-01,2014-15,,Haryana,8,4259.81,6230.43,1970.62,3,6,4,32.25,7382.5,126.62,,0,0,
monthly_flash,2015-01,2014-15,,Himachal Pradesh,5,11681.24,17740.61,6059.37,3,4,3,66.33,11565.06,65.19,,0,0,
monthly_flash,2015-01,2014-15,,Jammu & Kashmir,7,21314.62,40235.3,18920.68,2,7,6,44.83,17788.24,55.38,,0,0,
monthly_flash,2015-01,2014-15,,Jharkhand,32,35868.09,36532.76,664.67,6,25,16,38.94,14028.38,40.32,,0,0,
monthly_flash,2015-01,2014-15,,Karnataka,32,64122.2,78947.89,14825.69,17,10,8,35.0,16964.15,42.72,,0,0,
monthly_flash,2015-01,2014-15,,Kerala,13,24457.67,28611.45,4153.78,5,7,4,43.0,9227.92,32.87,,0,0,
monthly_flash,2015-01,2014-15,,Madhya Pradesh,18,25308.88,27292.8,1983.92,4,15,9,36.11,9404.58,37.27,,0,0,
monthly_flash,2015-01,2014-15,,Maharashtra,47,100936.03,112834.02,11897.99,12,40,27,31.89,35148.66,43.81,,0,0,
monthly_flash,2015-01,2014-15,,Manipur,1,727.56,6570.75,5843.19,1,1,1,96.0,2787.99,42.43,,0,0,
monthly_flash,2015-01,2014-15,,Meghalaya,3,4845.02,6069.9,1224.88,1,2,1,13.0,1049.99,17.3,,0,0,
monthly_flash,2015-01,2014-15,,Mizoram,2,988.06,4080.05,3091.99,2,2,2,85.0,932.42,22.85,,0,0,
monthly_flash,2015-01,2014-15,,Nagaland,2,5124.0,7461.12,2337.12,2,1,1,60.0,10.44,0.35,,0,0,
monthly_flash,2015-01,2014-15,,Odisha,41,69075.15,78123.21,9048.06,14,32,22,36.73,40236.0,52.4,,0,0,
monthly_flash,2015-01,2014-15,,Punjab,3,792.5,765.46,-27.04,0,0,0,,119.25,15.58,,0,0,
monthly_flash,2015-01,2014-15,,Rajasthan,25,25638.72,25694.2,55.48,7,12,10,36.1,14606.05,60.14,,0,0,
monthly_flash,2015-01,2014-15,,Sikkim,2,1648.94,4499.46,2850.52,1,2,2,58.0,412.04,9.16,,0,0,
monthly_flash,2015-01,2014-15,,Tamil Nadu,42,68133.49,90782.21,22648.72,20,24,19,31.84,47779.44,63.36,,0,0,
monthly_flash,2015-01,2014-15,,Telangana,21,9410.62,12179.13,2768.51,5,15,9,31.33,3424.96,34.44,,0,0,
monthly_flash,2015-01,2014-15,,Tripura,6,2966.26,7231.71,4265.45,5,4,4,53.0,3211.92,50.64,,0,0,
monthly_flash,2015-01,2014-15,,Uttar Pradesh,28,26759.7,29864.04,3104.34,9,18,15,39.13,13442.17,47.9,,0,0,
monthly_flash,2015-01,2014-15,,Uttarakhand,6,9351.89,12905.21,3553.32,4,4,4,58.5,4476.19,34.69,,0,0,
monthly_flash,2015-01,2014-15,,West Bengal,39,42838.9,52232.8,9393.9,13,24,16,50.75,19051.42,37.07,,0,0,
monthly_flash,2015-02,2014-15,,Andaman & Nicobar Islands,1,314.61,314.61,0.0,0,0,0,,16.81,5.34,,0,0,
monthly_flash,2015-02,2014-15,,Andhra Pradesh,26,24304.01,30526.44,6222.43,7,18,12,31.67,18957.17,66.91,,0,0,
monthly_flash,2015-02,2014-15,,Arunachal Pradesh,3,9356.22,21082.33,11726.11,3,2,2,59.0,11923.41,56.56,,0,0,
monthly_flash,2015-02,2014-15,,Assam,37,24084.64,41643.44,17558.8,15,31,29,74.69,33874.18,81.34,,0,0,
monthly_flash,2015-02,2014-15,,Bihar,46,36458.35,49774.06,13315.71,14,20,15,43.8,36910.99,75.09,,0,0,
monthly_flash,2015-02,2014-15,,Chandigarh,1,452.0,452.0,0.0,0,1,1,1.0,398.14,88.08,,0,0,
monthly_flash,2015-02,2014-15,,Chhattisgarh,28,80681.93,81862.04,1180.11,5,25,15,19.2,38699.35,47.73,,0,0,
monthly_flash,2015-02,2014-15,,Delhi,10,48728.6,48728.6,0.0,0,8,4,17.5,10176.14,21.6,,0,0,
monthly_flash,2015-02,2014-15,,Goa,1,335.61,388.53,52.92,1,1,1,34.0,288.61,74.28,,0,0,
monthly_flash,2015-02,2014-15,,Gujarat,28,35207.34,35994.98,787.64,4,16,11,27.73,20086.32,57.84,,0,0,
monthly_flash,2015-02,2014-15,,Haryana,8,4259.81,6230.43,1970.62,3,6,4,34.25,7382.5,126.62,,0,0,
monthly_flash,2015-02,2014-15,,Himachal Pradesh,5,11681.24,19906.33,8225.09,3,4,3,65.33,11698.52,58.77,,0,0,
monthly_flash,2015-02,2014-15,,Jammu & Kashmir,7,21314.62,40235.3,18920.68,2,7,6,45.0,17811.08,55.45,,0,0,
monthly_flash,2015-02,2014-15,,Jharkhand,32,35868.09,36512.58,644.49,5,25,16,38.94,14230.51,40.93,,0,0,
monthly_flash,2015-02,2014-15,,Karnataka,32,64122.2,79084.89,14962.69,17,10,8,35.0,20229.16,38.91,,0,0,
monthly_flash,2015-02,2014-15,,Kerala,13,24457.67,28611.45,4153.78,5,7,4,43.0,10677.97,37.54,,0,0,
monthly_flash,2015-02,2014-15,,Madhya Pradesh,20,24954.32,26938.24,1983.92,4,17,8,40.75,8381.34,34.35,,0,0,
monthly_flash,2015-02,2014-15,,Maharashtra,48,101123.97,112749.96,11625.99,12,40,26,30.77,36344.65,45.0,,0,0,
monthly_flash,2015-02,2014-15,,Manipur,1,727.56,6570.75,5843.19,1,1,1,96.0,2787.99,42.43,,0,0,
monthly_flash,2015-02,2014-15,,Meghalaya,3,4845.02,6069.9,1224.88,1,2,1,14.0,1049.99,17.3,,0,0,
monthly_flash,2015-02,2014-15,,Mizoram,2,988.06,4080.05,3091.99,2,2,2,85.0,946.68,23.2,,0,0,
monthly_flash,2015-02,2014-15,,Nagaland,2,5124.0,7461.12,2337.12,2,1,1,60.0,10.44,0.35,,0,0,
monthly_flash,2015-02,2014-15,,Odisha,41,69075.15,78163.29,9088.14,16,33,22,37.05,40771.96,52.75,,0,0,
monthly_flash,2015-02,2014-15,,Punjab,3,792.5,765.46,-27.04,0,0,0,,119.25,15.58,,0,0,
monthly_flash,2015-02,2014-15,,Rajasthan,25,25638.72,25694.2,55.48,7,12,10,36.0,14751.84,60.74,,0,0,
monthly_flash,2015-02,2014-15,,Sikkim,2,1648.94,4499.46,2850.52,1,2,2,58.0,412.04,9.16,,0,0,
monthly_flash,2015-02,2014-15,,Tamil Nadu,42,68133.49,90870.81,22737.32,20,24,21,32.38,48355.61,63.54,,0,0,
monthly_flash,2015-02,2014-15,,Telangana,21,9410.62,12179.13,2768.51,5,15,10,30.6,3078.55,30.96,,0,0,
monthly_flash,2015-02,2014-15,,Tripura,6,2966.26,7231.71,4265.45,5,4,4,53.0,3222.37,50.8,,0,0,
monthly_flash,2015-02,2014-15,,Uttar Pradesh,28,26759.7,29864.04,3104.34,9,18,15,41.13,17162.03,61.16,,0,0,
monthly_flash,2015-02,2014-15,,Uttarakhand,6,9351.89,12905.21,3553.32,4,4,4,58.5,4558.72,35.32,,0,0,
monthly_flash,2015-02,2014-15,,West Bengal,39,42838.9,52831.78,9992.88,13,24,17,51.29,19317.81,37.15,,0,0,
monthly_flash,2015-03,2014-15,,Andaman & Nicobar Islands,1,314.61,314.61,0.0,0,0,0,,17.83,5.67,,0,0,
monthly_flash,2015-03,2014-15,,Andhra Pradesh,27,24854.07,31076.5,6222.43,7,19,12,32.42,19133.0,71.32,,0,0,
monthly_flash,2015-03,2014-15,,Arunachal Pradesh,3,9356.22,21463.83,12107.61,3,2,2,59.0,12394.81,57.75,,0,0,
monthly_flash,2015-03,2014-15,,Assam,36,23508.04,41847.73,18339.69,15,31,29,75.59,33636.21,80.38,,0,0,
monthly_flash,2015-03,2014-15,,Bihar,46,36458.35,49774.06,13315.71,14,18,15,43.0,36460.73,76.06,,0,0,
monthly_flash,2015-03,2014-15,,Chandigarh,1,452.0,452.0,0.0,0,1,1,1.0,410.25,90.76,,0,0,
monthly_flash,2015-03,2014-15,,Chhattisgarh,28,80681.93,75920.08,-4761.85,6,25,15,19.2,40144.35,53.43,,0,0,
monthly_flash,2015-03,2014-15,,Delhi,11,50123.12,50123.12,0.0,0,9,6,20.0,16307.84,34.62,,0,0,
monthly_flash,2015-03,2014-15,,Goa,1,335.61,388.53,52.92,1,1,1,34.0,295.43,76.04,,0,0,
monthly_flash,2015-03,2014-15,,Gujarat,29,36037.34,36616.51,579.17,4,15,11,28.0,18433.5,57.94,,0,0,
monthly_flash,2015-03,2014-15,,Haryana,8,4259.81,6230.43,1970.62,3,6,4,34.25,7163.7,129.14,,0,0,
monthly_flash,2015-03,2014-15,,Himachal Pradesh,5,11681.24,19906.33,8225.09,3,4,3,65.33,11569.31,64.31,,0,0,
monthly_flash,2015-03,2014-15,,Jammu & Kashmir,7,21314.62,40235.3,18920.68,2,7,6,45.0,17862.4,55.61,,0,0,
monthly_flash,2015-03,2014-15,,Jharkhand,33,36123.28,36787.95,664.67,6,26,16,39.31,14422.83,41.46,,0,0,
monthly_flash,2015-03,2014-15,,Karnataka,32,64122.2,79084.89,14962.69,17,10,8,35.0,19329.66,38.14,,0,0,
monthly_flash,2015-03,2014-15,,Kerala,13,24457.67,28611.45,4153.78,5,8,6,33.0,10740.63,37.76,,0,0,
monthly_flash,2015-03,2014-15,,Madhya Pradesh,20,24954.32,26938.24,1983.92,4,17,9,37.56,8848.37,36.27,,0,0,
monthly_flash,2015-03,2014-15,,Maharashtra,46,99698.94,111372.81,11673.87,12,39,25,32.52,36446.05,46.21,,0,0,
monthly_flash,2015-03,2014-15,,Manipur,1,727.56,6570.75,5843.19,1,1,1,96.0,2787.99,42.43,,0,0,
monthly_flash,2015-03,2014-15,,Meghalaya,3,4845.02,6069.9,1224.88,1,2,1,14.0,1049.99,17.3,,0,0,
monthly_flash,2015-03,2014-15,,Mizoram,2,988.06,4201.96,3213.9,2,2,2,85.0,1000.05,23.8,,0,0,
monthly_flash,2015-03,2014-15,,Nagaland,2,5124.0,7461.12,2337.12,2,1,1,60.0,10.44,0.35,,0,0,
monthly_flash,2015-03,2014-15,,Odisha,41,69075.25,78163.29,9088.04,15,32,21,38.05,41461.58,53.64,,0,0,
monthly_flash,2015-03,2014-15,,Punjab,3,792.5,765.46,-27.04,0,1,1,91.0,120.38,15.73,,0,0,
monthly_flash,2015-03,2014-15,,Rajasthan,25,25638.72,25694.2,55.48,7,12,10,36.1,14832.46,61.07,,0,0,
monthly_flash,2015-03,2014-15,,Sikkim,2,1648.94,4499.46,2850.52,1,2,2,58.0,427.13,9.49,,0,0,
monthly_flash,2015-03,2014-15,,Tamil Nadu,41,67950.69,90688.01,22737.32,20,22,20,32.95,49059.55,64.62,,0,0,
monthly_flash,2015-03,2014-15,,Telangana,21,9410.62,12179.13,2768.51,5,15,10,30.6,3010.89,34.7,,0,0,
monthly_flash,2015-03,2014-15,,Tripura,6,2966.26,6617.14,3650.88,5,5,5,43.4,3255.94,56.82,,0,0,
monthly_flash,2015-03,2014-15,,Uttar Pradesh,28,26759.7,29864.04,3104.34,9,18,15,41.93,15834.67,59.78,,0,0,
monthly_flash,2015-03,2014-15,,Uttarakhand,6,9351.89,12905.21,3553.32,4,5,4,58.5,4679.49,36.26,,0,0,
monthly_flash,2015-03,2014-15,,West Bengal,39,42838.9,52229.8,9390.9,12,24,17,51.06,20299.66,39.5,,0,0,
monthly_flash,2015-04,2015-16,,Andaman & Nicobar Islands,1,314.61,314.61,0.0,0,0,0,,17.82,5.66,,0,0,
monthly_flash,2015-04,2015-16,,Andhra Pradesh,27,24854.07,31076.5,6222.43,7,19,12,32.42,19298.43,69.1,,0,0,
monthly_flash,2015-04,2015-16,,Arunachal Pradesh,3,9356.22,23263.83,13907.61,3,2,2,59.0,12557.07,53.98,,0,0,
monthly_flash,2015-04,2015-16,,Assam,36,23508.04,42053.86,18545.82,16,31,29,77.24,33680.34,80.09,,0,0,
monthly_flash,2015-04,2015-16,,Bihar,49,58759.98,72729.61,13969.63,16,21,17,43.35,34556.14,74.48,,0,0,
monthly_flash,2015-04,2015-16,,Chandigarh,1,452.0,489.0,37.0,1,1,1,1.0,410.25,83.9,,0,0,
monthly_flash,2015-04,2015-16,,Chhattisgarh,28,80681.93,82344.09,1662.16,6,25,15,27.67,41351.63,50.7,,0,0,
monthly_flash,2015-04,2015-16,,Delhi,11,50123.12,50123.12,0.0,0,9,6,20.0,8810.75,21.08,,0,0,
monthly_flash,2015-04,2015-16,,Goa,1,335.61,388.53,52.92,1,1,1,34.0,297.58,76.59,,0,0,
monthly_flash,2015-04,2015-16,,Gujarat,29,36037.34,36616.51,579.17,4,15,10,29.0,17630.32,53.07,,0,0,
monthly_flash,2015-04,2015-16,,Haryana,8,4259.81,6230.43,1970.62,3,6,4,35.5,7382.5,126.62,,0,0,
monthly_flash,2015-04,2015-16,,Himachal Pradesh,5,11681.24,19906.33,8225.09,3,4,3,65.33,11938.21,60.8,,0,0,
monthly_flash,2015-04,2015-16,,Jammu & Kashmir,7,21314.62,40235.3,18920.68,2,7,6,45.33,17882.01,55.67,,0,0,
monthly_flash,2015-04,2015-16,,Jharkhand,33,36123.28,36767.77,644.49,5,28,19,44.58,14474.33,40.84,,0,0,
monthly_flash,2015-04,2015-16,,Karnataka,32,64122.2,79084.94,14962.74,17,10,7,39.71,20818.61,40.33,,0,0,
monthly_flash,2015-04,2015-16,,Kerala,13,24457.67,28611.45,4153.78,5,7,5,36.4,9437.13,41.79,,0,0,
monthly_flash,2015-04,2015-16,,Madhya Pradesh,20,24954.32,26938.24,1983.92,4,17,9,37.78,9043.48,37.07,,0,0,
monthly_flash,2015-04,2015-16,,Maharashtra,45,98588.94,110362.81,11773.87,12,38,25,33.72,35715.9,45.59,,0,0,
monthly_flash,2015-04,2015-16,,Manipur,1,727.56,6570.75,5843.19,1,1,1,96.0,2787.99,42.43,,0,0,
monthly_flash,2015-04,2015-16,,Meghalaya,3,4845.02,6069.9,1224.88,1,1,0,,290.09,5.24,,0,0,
monthly_flash,2015-04,2015-16,,Mizoram,2,988.06,4201.96,3213.9,2,2,2,85.0,1004.63,23.91,,0,0,
monthly_flash,2015-04,2015-16,,Nagaland,2,5124.0,7461.12,2337.12,2,1,1,60.0,10.44,0.35,,0,0,
monthly_flash,2015-04,2015-16,,Odisha,42,72202.55,81290.49,9087.94,14,33,22,38.27,41746.17,54.01,,0,0,
monthly_flash,2015-04,2015-16,,Punjab,3,792.5,765.46,-27.04,0,1,1,91.0,110.47,19.24,,0,0,
monthly_flash,2015-04,2015-16,,Rajasthan,24,25362.46,25417.93,55.47,6,11,10,37.5,14682.6,61.77,,0,0,
monthly_flash,2015-04,2015-16,,Sikkim,2,1648.94,4499.46,2850.52,1,2,2,64.0,427.38,9.5,,0,0,
monthly_flash,2015-04,2015-16,,Tamil Nadu,41,67950.69,85496.01,17545.32,20,22,20,33.5,59573.98,70.09,,0,0,
monthly_flash,2015-04,2015-16,,Telangana,21,9410.62,12180.44,2769.82,6,15,11,28.0,3190.86,32.08,,0,0,
monthly_flash,2015-04,2015-16,,Tripura,6,2966.26,6629.97,3663.71,5,5,5,44.0,3273.91,57.0,,0,0,
monthly_flash,2015-04,2015-16,,Uttar Pradesh,30,36706.01,39810.35,3104.34,9,16,12,52.25,12446.9,46.61,,0,0,
monthly_flash,2015-04,2015-16,,Uttarakhand,6,9351.89,12905.21,3553.32,4,5,4,60.25,4726.67,36.63,,0,0,
monthly_flash,2015-04,2015-16,,West Bengal,39,42838.9,52831.79,9992.89,13,24,17,51.24,19234.4,37.16,,0,0,
monthly_flash,2015-05,2015-16,,Andaman & Nicobar Islands,1,314.61,314.61,0.0,0,0,0,,17.82,5.66,,0,0,source_railways_data_as_of:2015-01
monthly_flash,2015-05,2015-16,,Andhra Pradesh,28,25167.01,31389.44,6222.43,7,16,8,32.75,15007.4,63.94,,0,0,source_railways_data_as_of:2015-01
monthly_flash,2015-05,2015-16,,Arunachal Pradesh,3,9356.22,23263.83,13907.61,3,2,2,59.0,12630.79,54.29,,0,0,source_railways_data_as_of:2015-01
monthly_flash,2015-05,2015-16,,Assam,35,23171.23,41510.44,18339.21,15,19,17,70.18,28949.76,77.57,,0,0,source_railways_data_as_of:2015-01
monthly_flash,2015-05,2015-16,,Bihar,48,57726.67,71504.87,13778.2,15,12,9,57.78,39905.91,62.49,,0,0,source_railways_data_as_of:2015-01
monthly_flash,2015-05,2015-16,,Chandigarh,1,452.0,489.0,37.0,1,1,1,2.0,433.99,88.75,,0,0,source_railways_data_as_of:2015-01
monthly_flash,2015-05,2015-16,,Chhattisgarh,28,80681.93,82331.47,1649.54,6,25,15,29.33,42329.8,52.42,,0,0,source_railways_data_as_of:2015-01
monthly_flash,2015-05,2015-16,,Dadra & Nagar Haveli and Daman & Diu,1,6086.08,6086.08,0.0,0,1,0,,,,,0,0,source_railways_data_as_of:2015-01
monthly_flash,2015-05,2015-16,,Delhi,12,50903.45,50903.45,0.0,0,10,6,20.0,8810.75,21.08,,0,0,source_railways_data_as_of:2015-01
monthly_flash,2015-05,2015-16,,Goa,1,335.61,388.53,52.92,1,1,1,34.0,301.94,77.71,,0,0,source_railways_data_as_of:2015-01
monthly_flash,2015-05,2015-16,,Gujarat,26,28108.61,28687.78,579.17,4,7,3,26.67,9706.99,51.68,,0,0,source_railways_data_as_of:2015-01
monthly_flash,2015-05,2015-16,,Haryana,9,4659.81,6630.43,1970.62,3,3,1,9.0,1852.6,87.26,,0,0,source_railways_data_as_of:2015-01
monthly_flash,2015-05,2015-16,,Himachal Pradesh,5,11681.24,19906.33,8225.09,3,4,3,65.33,11742.73,66.27,,0,0,source_railways_data_as_of:2015-01
monthly_flash,2015-05,2015-16,,Jammu & Kashmir,7,21314.62,40235.3,18920.68,2,7,6,45.33,17899.24,55.72,,0,0,source_railways_data_as_of:2015-01
monthly_flash,2015-05,2015-16,,Jharkhand,37,38870.74,39535.41,664.67,6,32,21,42.71,14816.57,40.13,,0,0,source_railways_data_as_of:2015-01
monthly_flash,2015-05,2015-16,,Karnataka,34,66982.2,81944.97,14962.77,17,9,6,39.83,19176.29,37.83,,0,0,source_railways_data_as_of:2015-01
monthly_flash,2015-05,2015-16,,Kerala,13,24457.67,28611.45,4153.78,5,6,4,29.25,8753.44,39.74,,0,0,source_railways_data_as_of:2015-01
monthly_flash,2015-05,2015-16,,Madhya Pradesh,20,24954.32,26938.24,1983.92,4,15,7,39.71,8581.11,37.79,,0,0,source_railways_data_as_of:2015-01
monthly_flash,2015-05,2015-16,,Maharashtra,46,98557.84,108038.31,9480.47,12,33,21,34.14,26390.79,41.22,,0,0,source_railways_data_as_of:2015-01
monthly_flash,2015-05,2015-16,,Manipur,1,727.56,6570.75,5843.19,1,1,1,96.0,2787.99,42.43,,0,0,source_railways_data_as_of:2015-01
monthly_flash,2015-05,2015-16,,Meghalaya,3,4845.02,6069.9,1224.88,1,1,0,,290.09,5.24,,0,0,source_railways_data_as_of:2015-01
monthly_flash,2015-05,2015-16,,Mizoram,2,988.06,4201.96,3213.9,2,2,2,85.0,1021.42,24.31,,0,0,source_railways_data_as_of:2015-01
monthly_flash,2015-05,2015-16,,Nagaland,2,5124.0,7461.12,2337.12,2,1,1,60.0,10.44,0.35,,0,0,source_railways_data_as_of:2015-01
monthly_flash,2015-05,2015-16,,Odisha,42,72202.55,81290.49,9087.94,14,29,18,41.61,39382.51,53.3,,0,0,source_railways_data_as_of:2015-01
monthly_flash,2015-05,2015-16,,Punjab,3,792.5,765.46,-27.04,0,1,1,91.0,110.47,19.24,,0,0,source_railways_data_as_of:2015-01
monthly_flash,2015-05,2015-16,,Rajasthan,25,26236.17,26291.64,55.47,6,3,2,28.0,7562.0,40.72,,0,0,source_railways_data_as_of:2015-01
monthly_flash,2015-05,2015-16,,Sikkim,2,1648.94,4499.46,2850.52,1,2,2,64.0,430.1,9.56,,0,0,source_railways_data_as_of:2015-01
monthly_flash,2015-05,2015-16,,Tamil Nadu,42,68208.56,85860.44,17651.88,20,15,12,36.42,55787.9,71.56,,0,0,source_railways_data_as_of:2015-01
monthly_flash,2015-05,2015-16,,Telangana,21,9410.62,12235.26,2824.64,6,16,12,35.58,3007.38,34.44,,0,0,source_railways_data_as_of:2015-01
monthly_flash,2015-05,2015-16,,Tripura,6,2966.26,6629.97,3663.71,5,5,5,44.0,3279.08,57.09,,0,0,source_railways_data_as_of:2015-01
monthly_flash,2015-05,2015-16,,Uttar Pradesh,30,36706.01,39695.73,2989.72,9,12,8,61.0,9553.66,30.46,,0,0,source_railways_data_as_of:2015-01
monthly_flash,2015-05,2015-16,,Uttarakhand,6,9351.89,12905.21,3553.32,4,4,3,71.67,4482.97,36.07,,0,0,source_railways_data_as_of:2015-01
monthly_flash,2015-05,2015-16,,West Bengal,39,42838.9,52831.8,9992.9,13,21,15,53.53,17555.27,35.97,,0,0,source_railways_data_as_of:2015-01
monthly_flash,2015-06,2015-16,,Andaman & Nicobar Islands,1,314.61,314.61,0.0,0,0,0,,17.82,5.66,,0,0,source_railways_data_as_of:2015-01
monthly_flash,2015-06,2015-16,,Andhra Pradesh,28,25167.01,31389.44,6222.43,7,20,12,32.42,19225.45,70.78,,0,0,source_railways_data_as_of:2015-01
monthly_flash,2015-06,2015-16,,Arunachal Pradesh,3,9356.22,23263.83,13907.61,3,2,2,59.0,12638.01,54.32,,0,0,source_railways_data_as_of:2015-01
monthly_flash,2015-06,2015-16,,Assam,34,22255.53,38017.05,15761.52,15,21,19,74.32,29722.11,78.18,,0,0,source_railways_data_as_of:2015-01
monthly_flash,2015-06,2015-16,,Bihar,48,57726.67,75016.29,17289.62,16,20,18,43.28,45636.33,64.17,,0,0,source_railways_data_as_of:2015-01
monthly_flash,2015-06,2015-16,,Chandigarh,1,452.0,489.0,37.0,1,1,1,4.0,449.63,91.95,,0,0,source_railways_data_as_of:2015-01
monthly_flash,2015-06,2015-16,,Chhattisgarh,28,80681.93,82331.09,1649.16,6,25,16,29.31,43277.82,52.96,,0,0,source_railways_data_as_of:2015-01
monthly_flash,2015-06,2015-16,,Dadra & Nagar Haveli and Daman & Diu,1,6086.08,6086.08,0.0,0,1,1,10.0,47.07,0.77,,0,0,source_railways_data_as_of:2015-01
monthly_flash,2015-06,2015-16,,Delhi,12,50903.45,50903.45,0.0,0,10,6,20.0,8810.75,21.08,,0,0,source_railways_data_as_of:2015-01
monthly_flash,2015-06,2015-16,,Goa,1,335.61,388.53,52.92,1,1,1,34.0,301.94,77.71,,0,0,source_railways_data_as_of:2015-01
monthly_flash,2015-06,2015-16,,Gujarat,29,36037.34,36616.51,579.17,4,16,11,30.45,20931.88,60.27,,0,0,source_railways_data_as_of:2015-01
monthly_flash,2015-06,2015-16,,Haryana,9,4659.81,6630.43,1970.62,3,6,4,39.75,7382.5,126.62,,0,0,source_railways_data_as_of:2015-01
monthly_flash,2015-06,2015-16,,Himachal Pradesh,4,7154.09,12973.29,5819.2,2,3,2,61.0,5423.77,42.7,,0,0,source_railways_data_as_of:2015-01
monthly_flash,2015-06,2015-16,,Jammu & Kashmir,7,21314.62,40235.3,18920.68,2,7,6,45.33,17943.65,55.86,,0,0,source_railways_data_as_of:2015-01
monthly_flash,2015-06,2015-16,,Jharkhand,37,38977.33,39535.41,558.08,5,32,21,42.14,14782.73,40.27,,0,0,source_railways_data_as_of:2015-01
monthly_flash,2015-06,2015-16,,Karnataka,34,66982.2,81944.97,14962.77,17,10,7,40.14,21321.86,41.31,,0,0,source_railways_data_as_of:2015-01
monthly_flash,2015-06,2015-16,,Kerala,13,24457.67,28611.45,4153.78,5,7,5,29.0,11055.32,47.52,,0,0,source_railways_data_as_of:2015-01
monthly_flash,2015-06,2015-16,,Madhya Pradesh,20,24954.32,26938.24,1983.92,4,16,8,38.88,9248.49,37.91,,0,0,source_railways_data_as_of:2015-01
monthly_flash,2015-06,2015-16,,Maharashtra,46,101718.42,112603.93,10885.51,13,38,24,34.0,32991.38,40.94,,0,0,source_railways_data_as_of:2015-01
monthly_flash,2015-06,2015-16,,Manipur,1,727.56,6570.75,5843.19,1,1,1,96.0,2787.99,42.43,,0,0,source_railways_data_as_of:2015-01
monthly_flash,2015-06,2015-16,,Meghalaya,3,4845.02,6069.9,1224.88,1,2,1,29.0,1049.99,17.3,,0,0,source_railways_data_as_of:2015-01
monthly_flash,2015-06,2015-16,,Mizoram,2,988.06,4201.96,3213.9,2,2,2,85.0,1042.8,24.82,,0,0,source_railways_data_as_of:2015-01
monthly_flash,2015-06,2015-16,,Nagaland,2,5124.0,7461.12,2337.12,2,1,1,60.0,10.44,0.35,,0,0,source_railways_data_as_of:2015-01
monthly_flash,2015-06,2015-16,,Odisha,42,72186.5,81274.54,9088.04,15,33,21,39.48,42420.6,55.23,,0,0,source_railways_data_as_of:2015-01
monthly_flash,2015-06,2015-16,,Punjab,3,792.5,765.46,-27.04,0,1,1,91.0,110.47,19.24,,0,0,source_railways_data_as_of:2015-01
monthly_flash,2015-06,2015-16,,Rajasthan,30,27857.57,27913.04,55.47,6,15,9,39.56,15394.47,60.01,,0,0,source_railways_data_as_of:2015-01
monthly_flash,2015-06,2015-16,,Sikkim,2,1648.94,4499.46,2850.52,1,2,2,64.0,444.44,9.88,,0,0,source_railways_data_as_of:2015-01
monthly_flash,2015-06,2015-16,,Tamil Nadu,42,68208.56,85860.44,17651.88,20,23,19,36.16,63052.31,73.87,,0,0,source_railways_data_as_of:2015-01
monthly_flash,2015-06,2015-16,,Telangana,21,9410.62,12235.26,2824.64,6,16,12,35.58,3027.36,34.66,,0,0,source_railways_data_as_of:2015-01
monthly_flash,2015-06,2015-16,,Tripura,6,2966.26,6629.97,3663.71,5,5,5,44.0,3285.88,57.21,,0,0,source_railways_data_as_of:2015-01
monthly_flash,2015-06,2015-16,,Uttar Pradesh,29,35842.78,38740.53,2897.75,8,18,14,48.14,15816.33,43.57,,0,0,source_railways_data_as_of:2015-01
monthly_flash,2015-06,2015-16,,Uttarakhand,6,9351.89,12905.21,3553.32,4,5,4,69.0,4895.88,37.94,,0,0,source_railways_data_as_of:2015-01
monthly_flash,2015-06,2015-16,,West Bengal,38,39963.9,49662.31,9698.41,13,23,19,46.47,17958.51,36.95,,0,0,source_railways_data_as_of:2015-01
monthly_flash,2015-07,2015-16,,Andaman & Nicobar Islands,1,314.61,314.61,0.0,0,0,0,,17.82,5.66,,0,0,source_railways_data_as_of:2015-01
monthly_flash,2015-07,2015-16,,Andhra Pradesh,28,25167.01,31389.44,6222.43,7,16,8,32.88,14546.72,65.93,,0,0,source_railways_data_as_of:2015-01
monthly_flash,2015-07,2015-16,,Arunachal Pradesh,3,9356.22,23263.83,13907.61,3,2,2,59.0,12739.5,54.76,,0,0,source_railways_data_as_of:2015-01
monthly_flash,2015-07,2015-16,,Assam,34,22255.53,37810.44,15554.91,14,19,17,74.82,26262.21,77.46,,0,0,source_railways_data_as_of:2015-01
monthly_flash,2015-07,2015-16,,Bihar,48,57726.67,75016.29,17289.62,16,11,9,55.78,39761.75,59.61,,0,0,source_railways_data_as_of:2015-01
monthly_flash,2015-07,2015-16,,Chandigarh,1,452.0,489.0,37.0,1,1,1,4.0,468.24,95.75,,0,0,source_railways_data_as_of:2015-01
monthly_flash,2015-07,2015-16,,Chhattisgarh,28,80681.93,82344.1,1662.17,6,25,15,28.47,43851.4,54.56,,0,0,source_railways_data_as_of:2015-01
monthly_flash,2015-07,2015-16,,Dadra & Nagar Haveli and Daman & Diu,1,6086.08,6086.08,0.0,0,1,1,10.0,84.54,1.39,,0,0,source_railways_data_as_of:2015-01
monthly_flash,2015-07,2015-16,,Delhi,12,50903.45,50903.45,0.0,0,10,6,20.5,18322.87,39.78,,0,0,source_railways_data_as_of:2015-01
monthly_flash,2015-07,2015-16,,Goa,1,335.61,318.0,-17.61,0,1,1,34.0,301.94,94.95,,0,0,source_railways_data_as_of:2015-01
monthly_flash,2015-07,2015-16,,Gujarat,28,35207.34,35994.98,787.64,4,10,6,32.67,13373.76,46.38,,0,0,source_railways_data_as_of:2015-01
monthly_flash,2015-07,2015-16,,Haryana,9,4659.81,6630.43,1970.62,3,3,1,9.0,1852.6,87.26,,0,0,source_railways_data_as_of:2015-01
monthly_flash,2015-07,2015-16,,Himachal Pradesh,4,7154.09,12973.29,5819.2,2,3,2,61.0,5183.66,48.06,,0,0,source_railways_data_as_of:2015-01
monthly_flash,2015-07,2015-16,,Jammu & Kashmir,7,21314.62,40235.3,18920.68,2,4,2,101.5,14714.42,58.71,,0,0,source_railways_data_as_of:2015-01
monthly_flash,2015-07,2015-16,,Jharkhand,37,38977.33,39535.41,558.08,5,31,20,38.85,14681.03,40.45,,0,0,source_railways_data_as_of:2015-01
monthly_flash,2015-07,2015-16,,Karnataka,34,66982.2,81944.97,14962.77,17,9,6,40.33,20222.08,40.18,,0,0,source_railways_data_as_of:2015-01
monthly_flash,2015-07,2015-16,,Kerala,13,24457.67,28611.45,4153.78,5,4,2,31.5,10169.06,46.3,,0,0,source_railways_data_as_of:2015-01
monthly_flash,2015-07,2015-16,,Madhya Pradesh,20,24954.32,26938.24,1983.92,4,15,7,41.71,9214.1,40.24,,0,0,source_railways_data_as_of:2015-01
monthly_flash,2015-07,2015-16,,Maharashtra,47,102713.24,113006.17,10292.93,13,34,21,34.1,29627.09,39.31,,0,0,source_railways_data_as_of:2015-01
monthly_flash,2015-07,2015-16,,Manipur,1,727.56,6570.75,5843.19,1,1,1,96.0,2787.99,42.43,,0,0,source_railways_data_as_of:2015-01
monthly_flash,2015-07,2015-16,,Meghalaya,3,4845.02,6069.9,1224.88,1,1,0,,290.09,5.24,,0,0,source_railways_data_as_of:2015-01
monthly_flash,2015-07,2015-16,,Mizoram,2,988.06,4201.96,3213.9,2,2,2,85.0,1057.25,25.16,,0,0,source_railways_data_as_of:2015-01
monthly_flash,2015-07,2015-16,,Nagaland,2,5124.0,7461.12,2337.12,2,1,1,60.0,10.44,0.35,,0,0,source_railways_data_as_of:2015-01
monthly_flash,2015-07,2015-16,,Odisha,42,72186.5,81274.54,9088.04,15,32,20,39.65,41323.14,53.76,,0,0,source_railways_data_as_of:2015-01
monthly_flash,2015-07,2015-16,,Punjab,3,792.5,765.46,-27.04,0,1,1,91.0,190.47,33.17,,0,0,source_railways_data_as_of:2015-01
monthly_flash,2015-07,2015-16,,Rajasthan,30,27857.57,27913.04,55.47,6,9,3,24.33,10258.98,45.92,,0,0,source_railways_data_as_of:2015-01
monthly_flash,2015-07,2015-16,,Sikkim,2,1648.94,4499.46,2850.52,1,2,2,65.5,445.91,9.91,,0,0,source_railways_data_as_of:2015-01
monthly_flash,2015-07,2015-16,,Tamil Nadu,41,68058.56,85260.44,17201.88,19,15,11,40.18,58318.79,75.38,,0,0,source_railways_data_as_of:2015-01
monthly_flash,2015-07,2015-16,,Telangana,22,9807.71,12632.35,2824.64,6,17,12,35.0,2986.56,37.72,,0,0,source_railways_data_as_of:2015-01
monthly_flash,2015-07,2015-16,,Tripura,6,2966.26,6629.97,3663.71,5,5,5,44.0,3281.07,57.13,,0,0,source_railways_data_as_of:2015-01
monthly_flash,2015-07,2015-16,,Uttar Pradesh,29,35842.78,38623.19,2780.41,7,12,8,56.5,9123.12,29.92,,0,0,source_railways_data_as_of:2015-01
monthly_flash,2015-07,2015-16,,Uttarakhand,6,9351.89,12905.21,3553.32,4,4,3,80.33,4692.4,37.76,,0,0,source_railways_data_as_of:2015-01
monthly_flash,2015-07,2015-16,,West Bengal,38,39963.9,49354.81,9390.91,12,19,15,51.87,13927.69,37.97,,0,0,source_railways_data_as_of:2015-01
monthly_flash,2015-08,2015-16,,Andaman & Nicobar Islands,1,314.61,314.61,0.0,0,0,0,,18.02,5.73,,0,0,source_railways_data_as_of:2015-01;source_nhai_data_incomplete
monthly_flash,2015-08,2015-16,,Andhra Pradesh,28,24696.13,30412.21,5716.08,6,16,7,31.29,16630.99,65.07,,0,0,source_railways_data_as_of:2015-01;source_nhai_data_incomplete
monthly_flash,2015-08,2015-16,,Arunachal Pradesh,3,9356.22,24848.83,15492.61,3,2,2,54.5,12820.19,51.59,,0,0,source_railways_data_as_of:2015-01;source_nhai_data_incomplete
monthly_flash,2015-08,2015-16,,Assam,34,22255.53,37810.44,15554.91,14,18,16,75.25,19083.25,75.99,,0,0,source_railways_data_as_of:2015-01;source_nhai_data_incomplete
monthly_flash,2015-08,2015-16,,Bihar,47,50385.63,64163.83,13778.2,15,9,8,60.62,33027.34,57.68,,0,0,source_railways_data_as_of:2015-01;source_nhai_data_incomplete
monthly_flash,2015-08,2015-16,,Chandigarh,1,452.0,489.0,37.0,1,1,1,7.0,439.81,89.94,,0,0,source_railways_data_as_of:2015-01;source_nhai_data_incomplete
monthly_flash,2015-08,2015-16,,Chhattisgarh,28,80681.93,82344.09,1662.16,6,25,16,30.44,45058.13,55.79,,0,0,source_railways_data_as_of:2015-01;source_nhai_data_incomplete
monthly_flash,2015-08,2015-16,,Dadra & Nagar Haveli and Daman & Diu,1,6086.08,6086.08,0.0,0,1,1,10.0,118.17,1.94,,0,0,source_railways_data_as_of:2015-01;source_nhai_data_incomplete
monthly_flash,2015-08,2015-16,,Delhi,12,50903.45,50903.45,0.0,0,10,6,20.33,19057.78,41.38,,0,0,source_railways_data_as_of:2015-01;source_nhai_data_incomplete
monthly_flash,2015-08,2015-16,,Goa,5,1395.15,1448.07,52.92,1,0,0,,302.35,77.82,,0,0,source_railways_data_as_of:2015-01;source_nhai_data_incomplete
monthly_flash,2015-08,2015-16,,Gujarat,28,36601.56,37389.2,787.64,4,11,6,33.17,18360.29,53.29,,0,0,source_railways_data_as_of:2015-01;source_nhai_data_incomplete
monthly_flash,2015-08,2015-16,,Haryana,9,4659.81,6630.43,1970.62,3,3,1,9.0,6885.3,124.12,,0,0,source_railways_data_as_of:2015-01;source_nhai_data_incomplete
monthly_flash,2015-08,2015-16,,Himachal Pradesh,4,7154.09,12973.29,5819.2,2,3,2,61.0,5225.95,48.45,,0,0,source_railways_data_as_of:2015-01;source_nhai_data_incomplete
monthly_flash,2015-08,2015-16,,Jammu & Kashmir,7,21314.62,40235.3,18920.68,2,3,2,101.5,15530.12,57.41,,0,0,source_railways_data_as_of:2015-01;source_nhai_data_incomplete
monthly_flash,2015-08,2015-16,,Jharkhand,39,46039.33,48522.08,2482.75,6,33,21,40.0,18073.92,38.64,,0,0,source_railways_data_as_of:2015-01;source_nhai_data_incomplete
monthly_flash,2015-08,2015-16,,Karnataka,34,66563.29,81944.97,15381.68,18,9,6,40.33,21485.6,41.62,,0,0,source_railways_data_as_of:2015-01;source_nhai_data_incomplete
monthly_flash,2015-08,2015-16,,Kerala,15,24980.58,29311.93,4331.35,7,5,1,50.0,11436.17,47.72,,0,0,source_railways_data_as_of:2015-01;source_nhai_data_incomplete
monthly_flash,2015-08,2015-16,,Madhya Pradesh,19,21773.92,23757.84,1983.92,4,14,7,41.86,8070.29,38.04,,0,0,source_railways_data_as_of:2015-01;source_nhai_data_incomplete
monthly_flash,2015-08,2015-16,,Maharashtra,57,111215.89,121508.82,10292.93,13,43,22,36.41,33862.75,40.88,,0,0,source_railways_data_as_of:2015-01;source_nhai_data_incomplete
monthly_flash,2015-08,2015-16,,Manipur,1,727.56,6570.75,5843.19,1,1,1,96.0,2787.99,42.43,,0,0,source_railways_data_as_of:2015-01;source_nhai_data_incomplete
monthly_flash,2015-08,2015-16,,Meghalaya,3,4845.02,6069.9,1224.88,1,1,0,,740.59,12.2,,0,0,source_railways_data_as_of:2015-01;source_nhai_data_incomplete
monthly_flash,2015-08,2015-16,,Mizoram,2,988.06,4201.96,3213.9,2,2,2,85.0,1071.77,25.51,,0,0,source_railways_data_as_of:2015-01;source_nhai_data_incomplete
monthly_flash,2015-08,2015-16,,Nagaland,2,5124.0,7461.12,2337.12,2,1,1,60.0,10.44,0.35,,0,0,source_railways_data_as_of:2015-01;source_nhai_data_incomplete
monthly_flash,2015-08,2015-16,,Odisha,42,72186.5,81274.54,9088.04,15,32,20,39.85,42924.34,53.95,,0,0,source_railways_data_as_of:2015-01;source_nhai_data_incomplete
monthly_flash,2015-08,2015-16,,Punjab,3,792.5,765.46,-27.04,0,1,1,91.0,190.47,33.17,,0,0,source_railways_data_as_of:2015-01;source_nhai_data_incomplete
monthly_flash,2015-08,2015-16,,Rajasthan,31,28164.75,28220.22,55.47,6,10,3,24.33,14259.44,59.29,,0,0,source_railways_data_as_of:2015-01;source_nhai_data_incomplete
monthly_flash,2015-08,2015-16,,Sikkim,2,1648.94,4499.46,2850.52,1,2,2,65.5,446.18,9.92,,0,0,source_railways_data_as_of:2015-01;source_nhai_data_incomplete
monthly_flash,2015-08,2015-16,,Tamil Nadu,42,68208.56,85860.44,17651.88,20,16,12,47.33,61018.48,73.58,,0,0,source_railways_data_as_of:2015-01;source_nhai_data_incomplete
monthly_flash,2015-08,2015-16,,Telangana,31,11908.91,14872.86,2963.95,8,26,12,35.0,3024.13,38.2,,0,0,source_railways_data_as_of:2015-01;source_nhai_data_incomplete
monthly_flash,2015-08,2015-16,,Tripura,5,2678.22,6376.31,3698.09,5,4,4,46.75,3055.48,55.66,,0,0,source_railways_data_as_of:2015-01;source_nhai_data_incomplete
monthly_flash,2015-08,2015-16,,Uttar Pradesh,29,35842.78,38623.19,2780.41,7,11,7,52.57,11920.98,33.13,,0,0,source_railways_data_as_of:2015-01;source_nhai_data_incomplete
monthly_flash,2015-08,2015-16,,Uttarakhand,6,9351.89,12905.21,3553.32,4,3,3,80.33,5030.02,38.98,,0,0,source_railways_data_as_of:2015-01;source_nhai_data_incomplete
monthly_flash,2015-08,2015-16,,West Bengal,38,39963.9,49354.81,9390.91,12,19,15,52.47,16766.86,34.72,,0,0,source_railways_data_as_of:2015-01;source_nhai_data_incomplete
monthly_flash,2015-09,2015-16,,Andaman & Nicobar Islands,1,314.61,314.61,0.0,0,0,0,,18.02,5.73,,0,0,source_railways_data_as_of:2015-01;source_nhai_data_incomplete
monthly_flash,2015-09,2015-16,,Andhra Pradesh,30,25235.52,30983.82,5748.3,7,18,7,31.29,17349.0,60.72,,0,0,source_railways_data_as_of:2015-01;source_nhai_data_incomplete
monthly_flash,2015-09,2015-16,,Arunachal Pradesh,3,9356.22,24848.83,15492.61,3,2,2,54.5,13044.51,52.5,,0,0,source_railways_data_as_of:2015-01;source_nhai_data_incomplete
monthly_flash,2015-09,2015-16,,Assam,34,22255.53,37810.44,15554.91,14,18,16,75.5,28110.21,80.44,,0,0,source_railways_data_as_of:2015-01;source_nhai_data_incomplete
monthly_flash,2015-09,2015-16,,Bihar,47,50385.63,64163.83,13778.2,15,9,8,60.62,34808.67,59.05,,0,0,source_railways_data_as_of:2015-01;source_nhai_data_incomplete
monthly_flash,2015-09,2015-16,,Chandigarh,1,452.0,489.0,37.0,1,1,1,7.0,439.81,89.94,,0,0,source_railways_data_as_of:2015-01;source_nhai_data_incomplete
monthly_flash,2015-09,2015-16,,Chhattisgarh,29,81307.1,82969.56,1662.46,6,26,15,29.87,45629.72,56.03,,0,0,source_railways_data_as_of:2015-01;source_nhai_data_incomplete
monthly_flash,2015-09,2015-16,,Dadra & Nagar Haveli and Daman & Diu,1,6086.08,6086.08,0.0,0,1,1,10.0,225.89,3.71,,0,0,source_railways_data_as_of:2015-01;source_nhai_data_incomplete
monthly_flash,2015-09,2015-16,,Delhi,12,50903.45,50903.45,0.0,0,10,6,20.33,19685.92,42.74,,0,0,source_railways_data_as_of:2015-01;source_nhai_data_incomplete
monthly_flash,2015-09,2015-16,,Goa,5,1395.15,1448.07,52.92,1,1,1,34.0,303.22,78.04,,0,0,source_railways_data_as_of:2015-01;source_nhai_data_incomplete
monthly_flash,2015-09,2015-16,,Gujarat,25,28672.83,29460.47,787.64,4,8,3,27.67,15222.62,57.4,,0,0,source_railways_data_as_of:2015-01;source_nhai_data_incomplete
monthly_flash,2015-09,2015-16,,Haryana,9,4659.81,6630.43,1970.62,3,3,1,9.0,2490.6,95.46,,0,0,source_railways_data_as_of:2015-01;source_nhai_data_incomplete
monthly_flash,2015-09,2015-16,,Himachal Pradesh,4,7154.09,12973.29,5819.2,2,3,2,61.0,5264.3,48.81,,0,0,source_railways_data_as_of:2015-01;source_nhai_data_incomplete
monthly_flash,2015-09,2015-16,,Jammu & Kashmir,7,21314.62,40235.3,18920.68,2,3,2,101.5,15581.55,57.6,,0,0,source_railways_data_as_of:2015-01;source_nhai_data_incomplete
monthly_flash,2015-09,2015-16,,Jharkhand,38,39714.33,42197.08,2482.75,6,32,20,42.9,13089.08,31.8,,0,0,source_railways_data_as_of:2015-01;source_nhai_data_incomplete
monthly_flash,2015-09,2015-16,,Karnataka,34,66563.29,81944.97,15381.68,18,9,6,40.33,21898.55,42.42,,0,0,source_railways_data_as_of:2015-01;source_nhai_data_incomplete
monthly_flash,2015-09,2015-16,,Kerala,15,24980.58,29419.12,4438.54,8,6,1,50.0,11622.61,48.28,,0,0,source_railways_data_as_of:2015-01;source_nhai_data_incomplete
monthly_flash,2015-09,2015-16,,Madhya Pradesh,19,22774.88,24758.8,1983.92,4,14,6,45.83,8203.45,36.97,,0,0,source_railways_data_as_of:2015-01;source_nhai_data_incomplete
monthly_flash,2015-09,2015-16,,Maharashtra,55,104291.59,114584.52,10292.93,13,41,21,38.29,30073.82,39.62,,0,0,source_railways_data_as_of:2015-01;source_nhai_data_incomplete
monthly_flash,2015-09,2015-16,,Manipur,1,727.56,6570.75,5843.19,1,1,1,96.0,2787.99,42.43,,0,0,source_railways_data_as_of:2015-01;source_nhai_data_incomplete
monthly_flash,2015-09,2015-16,,Meghalaya,3,4845.02,6069.9,1224.88,1,1,0,,740.59,12.2,,0,0,source_railways_data_as_of:2015-01;source_nhai_data_incomplete
monthly_flash,2015-09,2015-16,,Mizoram,2,988.06,4201.96,3213.9,2,2,2,85.0,1088.27,25.9,,0,0,source_railways_data_as_of:2015-01;source_nhai_data_incomplete
monthly_flash,2015-09,2015-16,,Nagaland,2,5124.0,7461.12,2337.12,2,1,1,60.0,10.44,0.35,,0,0,source_railways_data_as_of:2015-01;source_nhai_data_incomplete
monthly_flash,2015-09,2015-16,,Odisha,42,72186.5,81274.54,9088.04,15,32,20,40.8,43975.2,54.46,,0,0,source_railways_data_as_of:2015-01;source_nhai_data_incomplete
monthly_flash,2015-09,2015-16,,Punjab,3,792.5,765.46,-27.04,0,1,1,91.0,190.47,33.17,,0,0,source_railways_data_as_of:2015-01;source_nhai_data_incomplete
monthly_flash,2015-09,2015-16,,Rajasthan,31,28164.75,28220.22,55.47,6,10,3,24.33,14749.33,59.05,,0,0,source_railways_data_as_of:2015-01;source_nhai_data_incomplete
monthly_flash,2015-09,2015-16,,Sikkim,2,1648.94,4499.46,2850.52,1,2,2,65.5,488.43,10.86,,0,0,source_railways_data_as_of:2015-01;source_nhai_data_incomplete
monthly_flash,2015-09,2015-16,,Tamil Nadu,40,61273.24,80865.93,19592.69,18,14,11,42.0,52065.57,66.01,,0,0,source_railways_data_as_of:2015-01;source_nhai_data_incomplete
monthly_flash,2015-09,2015-16,,Telangana,31,11908.91,14872.86,2963.95,8,26,13,35.08,3070.13,35.15,,0,0,source_railways_data_as_of:2015-01;source_nhai_data_incomplete
monthly_flash,2015-09,2015-16,,Tripura,4,2381.35,6012.58,3631.23,4,3,3,61.33,2765.02,53.94,,0,0,source_railways_data_as_of:2015-01;source_nhai_data_incomplete
monthly_flash,2015-09,2015-16,,Uttar Pradesh,29,35842.78,38623.19,2780.41,7,11,7,52.57,12637.18,34.92,,0,0,source_railways_data_as_of:2015-01;source_nhai_data_incomplete
monthly_flash,2015-09,2015-16,,Uttarakhand,6,9351.89,11651.71,2299.82,3,4,3,80.33,5114.31,43.89,,0,0,source_railways_data_as_of:2015-01;source_nhai_data_incomplete
monthly_flash,2015-09,2015-16,,West Bengal,39,44085.9,58961.63,14875.73,13,20,16,53.62,16798.61,30.58,,0,0,source_railways_data_as_of:2015-01;source_nhai_data_incomplete
monthly_flash,2015-10,2015-16,,Andaman & Nicobar Islands,1,314.61,314.61,0.0,0,0,0,,18.02,5.73,,0,0,source_railways_data_as_of:2015-01;source_nhai_data_incomplete
monthly_flash,2015-10,2015-16,,Andhra Pradesh,28,15866.52,18015.82,2149.3,6,15,5,26.8,5425.54,35.22,,0,0,source_railways_data_as_of:2015-01;source_nhai_data_incomplete
monthly_flash,2015-10,2015-16,,Arunachal Pradesh,3,9356.22,24848.83,15492.61,3,2,2,54.5,13144.35,52.9,,0,0,source_railways_data_as_of:2015-01;source_nhai_data_incomplete
monthly_flash,2015-10,2015-16,,Assam,35,22431.1,38131.54,15700.44,14,19,17,72.47,30277.76,79.4,,0,0,source_railways_data_as_of:2015-01;source_nhai_data_incomplete
monthly_flash,2015-10,2015-16,,Bihar,47,50385.63,64163.83,13778.2,15,9,8,60.62,36035.4,60.15,,0,0,source_railways_data_as_of:2015-01;source_nhai_data_incomplete
monthly_flash,2015-10,2015-16,,Chhattisgarh,29,81307.1,82969.27,1662.17,6,25,15,29.87,46506.34,57.1,,0,0,source_railways_data_as_of:2015-01;source_nhai_data_incomplete
monthly_flash,2015-10,2015-16,,Dadra & Nagar Haveli and Daman & Diu,1,6086.08,6086.08,0.0,0,1,1,10.0,296.04,4.86,,0,0,source_railways_data_as_of:2015-01;source_nhai_data_incomplete
monthly_flash,2015-10,2015-16,,Delhi,14,49464.96,49464.96,0.0,0,12,6,21.83,19569.06,44.05,,0,0,source_railways_data_as_of:2015-01;source_nhai_data_incomplete
monthly_flash,2015-10,2015-16,,Goa,5,1395.15,1377.54,-17.61,0,1,1,34.0,305.01,95.92,,0,0,source_railways_data_as_of:2015-01;source_nhai_data_incomplete
monthly_flash,2015-10,2015-16,,Gujarat,25,28672.83,29670.47,997.64,5,8,3,27.67,14590.78,55.01,,0,0,source_railways_data_as_of:2015-01;source_nhai_data_incomplete
monthly_flash,2015-10,2015-16,,Haryana,9,4659.81,6630.43,1970.62,3,3,1,9.0,6885.3,124.12,,0,0,source_railways_data_as_of:2015-01;source_nhai_data_incomplete
monthly_flash,2015-10,2015-16,,Himachal Pradesh,4,7154.09,12973.29,5819.2,2,3,2,63.5,5362.7,48.5,,0,0,source_railways_data_as_of:2015-01;source_nhai_data_incomplete
monthly_flash,2015-10,2015-16,,Jammu & Kashmir,7,21314.62,40235.3,18920.68,2,3,2,101.5,15641.18,57.82,,0,0,source_railways_data_as_of:2015-01;source_nhai_data_incomplete
monthly_flash,2015-10,2015-16,,Jharkhand,38,39714.33,42197.08,2482.75,6,32,20,42.9,13151.24,31.95,,0,0,source_railways_data_as_of:2015-01;source_nhai_data_incomplete
monthly_flash,2015-10,2015-16,,Karnataka,33,65975.04,80937.81,14962.77,17,8,5,29.6,21103.62,41.7,,0,0,source_railways_data_as_of:2015-01;source_nhai_data_incomplete
monthly_flash,2015-10,2015-16,,Kerala,15,24980.58,29455.73,4475.15,8,6,1,50.0,11625.25,48.22,,0,0,source_railways_data_as_of:2015-01;source_nhai_data_incomplete
monthly_flash,2015-10,2015-16,,Madhya Pradesh,19,22774.88,24758.8,1983.92,4,14,6,45.83,8358.97,37.67,,0,0,source_railways_data_as_of:2015-01;source_nhai_data_incomplete
monthly_flash,2015-10,2015-16,,Maharashtra,55,104291.59,114584.52,10292.93,13,40,20,40.45,30716.28,40.15,,0,0,source_railways_data_as_of:2015-01;source_nhai_data_incomplete
monthly_flash,2015-10,2015-16,,Manipur,1,727.56,6570.75,5843.19,1,1,1,96.0,2787.99,42.43,,0,0,source_railways_data_as_of:2015-01;source_nhai_data_incomplete
monthly_flash,2015-10,2015-16,,Meghalaya,3,4845.02,6069.9,1224.88,1,1,0,,740.59,12.2,,0,0,source_railways_data_as_of:2015-01;source_nhai_data_incomplete
monthly_flash,2015-10,2015-16,,Mizoram,2,988.06,4201.96,3213.9,2,2,2,85.0,1097.07,26.11,,0,0,source_railways_data_as_of:2015-01;source_nhai_data_incomplete
monthly_flash,2015-10,2015-16,,Nagaland,2,5124.0,7461.12,2337.12,2,1,1,60.0,10.44,0.35,,0,0,source_railways_data_as_of:2015-01;source_nhai_data_incomplete
monthly_flash,2015-10,2015-16,,Odisha,41,69443.31,78531.25,9087.94,14,31,20,39.35,42485.64,54.47,,0,0,source_railways_data_as_of:2015-01;source_nhai_data_incomplete
monthly_flash,2015-10,2015-16,,Punjab,4,1180.5,1153.46,-27.04,0,2,1,91.0,190.47,33.17,,0,0,source_railways_data_as_of:2015-01;source_nhai_data_incomplete
monthly_flash,2015-10,2015-16,,Rajasthan,30,27058.75,27542.2,483.45,6,9,2,17.0,14723.48,58.23,,0,0,source_railways_data_as_of:2015-01;source_nhai_data_incomplete
monthly_flash,2015-10,2015-16,,Sikkim,2,1648.94,4499.46,2850.52,1,2,2,65.5,491.0,10.91,,0,0,source_railways_data_as_of:2015-01;source_nhai_data_incomplete
monthly_flash,2015-10,2015-16,,Tamil Nadu,40,61273.24,75673.93,14400.69,18,13,10,37.9,31414.56,56.4,,0,0,source_railways_data_as_of:2015-01;source_nhai_data_incomplete
monthly_flash,2015-10,2015-16,,Telangana,31,11908.91,14872.86,2963.95,8,26,13,35.08,3090.29,35.38,,0,0,source_railways_data_as_of:2015-01;source_nhai_data_incomplete
monthly_flash,2015-10,2015-16,,Tripura,4,2381.35,6012.58,3631.23,4,3,3,61.33,2771.3,54.06,,0,0,source_railways_data_as_of:2015-01;source_nhai_data_incomplete
monthly_flash,2015-10,2015-16,,Uttar Pradesh,30,36002.28,38782.69,2780.41,7,12,8,48.75,12996.39,35.76,,0,0,source_railways_data_as_of:2015-01;source_nhai_data_incomplete
monthly_flash,2015-10,2015-16,,Uttarakhand,6,9351.89,11651.71,2299.82,3,3,3,80.33,5187.72,44.52,,0,0,source_railways_data_as_of:2015-01;source_nhai_data_incomplete
monthly_flash,2015-10,2015-16,,West Bengal,39,44085.9,58961.63,14875.73,13,20,16,54.06,18659.05,32.02,,0,0,source_railways_data_as_of:2015-01;source_nhai_data_incomplete
monthly_flash,2015-11,2015-16,,Andaman & Nicobar Islands,1,314.61,314.61,0.0,0,0,0,,18.02,5.73,,0,0,source_railways_data_as_of:2015-01;source_nhai_data_incomplete
monthly_flash,2015-11,2015-16,,Andhra Pradesh,31,16552.09,18701.39,2149.3,6,18,7,26.0,5636.71,35.53,,0,0,source_railways_data_as_of:2015-01;source_nhai_data_incomplete
monthly_flash,2015-11,2015-16,,Arunachal Pradesh,3,9356.22,26027.72,16671.5,3,2,2,58.5,13197.57,50.71,,0,0,source_railways_data_as_of:2015-01;source_nhai_data_incomplete
monthly_flash,2015-11,2015-16,,Assam,35,22431.1,38134.44,15703.34,14,17,15,70.93,27464.38,79.57,,0,0,source_railways_data_as_of:2015-01;source_nhai_data_incomplete
monthly_flash,2015-11,2015-16,,Bihar,48,50822.31,64600.51,13778.2,15,9,7,62.14,33207.32,58.66,,0,0,source_railways_data_as_of:2015-01;source_nhai_data_incomplete
monthly_flash,2015-11,2015-16,,Chhattisgarh,29,81307.1,82969.27,1662.17,6,25,15,30.0,47136.71,57.88,,0,0,source_railways_data_as_of:2015-01;source_nhai_data_incomplete
monthly_flash,2015-11,2015-16,,Dadra & Nagar Haveli and Daman & Diu,1,6086.08,6086.08,0.0,0,1,1,10.0,586.87,9.64,,0,0,source_railways_data_as_of:2015-01;source_nhai_data_incomplete
monthly_flash,2015-11,2015-16,,Delhi,14,49464.96,49464.96,0.0,0,11,5,18.2,20139.62,45.34,,0,0,source_railways_data_as_of:2015-01;source_nhai_data_incomplete
monthly_flash,2015-11,2015-16,,Goa,5,1395.15,1377.54,-17.61,0,1,1,34.0,305.01,95.92,,0,0,source_railways_data_as_of:2015-01;source_nhai_data_incomplete
monthly_flash,2015-11,2015-16,,Gujarat,25,28672.83,29670.47,997.64,5,8,4,21.75,15409.56,58.1,,0,0,source_railways_data_as_of:2015-01;source_nhai_data_incomplete
monthly_flash,2015-11,2015-16,,Haryana,9,4659.81,6630.43,1970.62,3,2,1,9.0,4109.17,114.01,,0,0,source_railways_data_as_of:2015-01;source_nhai_data_incomplete
monthly_flash,2015-11,2015-16,,Himachal Pradesh,4,7154.09,12973.29,5819.2,2,3,2,63.5,5426.75,49.08,,0,0,source_railways_data_as_of:2015-01;source_nhai_data_incomplete
monthly_flash,2015-11,2015-16,,Jammu & Kashmir,7,21314.62,40235.3,18920.68,2,3,2,101.5,14935.09,59.59,,0,0,source_railways_data_as_of:2015-01;source_nhai_data_incomplete
monthly_flash,2015-11,2015-16,,Jharkhand,38,39714.33,42197.08,2482.75,6,30,18,44.39,11470.7,29.05,,0,0,source_railways_data_as_of:2015-01;source_nhai_data_incomplete
monthly_flash,2015-11,2015-16,,Karnataka,33,65975.04,80937.81,14962.77,17,8,6,25.0,16880.65,45.99,,0,0,source_railways_data_as_of:2015-01;source_nhai_data_incomplete
monthly_flash,2015-11,2015-16,,Kerala,15,24980.58,29455.73,4475.15,8,7,2,69.0,12174.82,51.83,,0,0,source_railways_data_as_of:2015-01;source_nhai_data_incomplete
monthly_flash,2015-11,2015-16,,Madhya Pradesh,19,22774.88,24985.97,2211.09,5,12,4,41.25,8157.61,37.15,,0,0,source_railways_data_as_of:2015-01;source_nhai_data_incomplete
monthly_flash,2015-11,2015-16,,Maharashtra,55,104291.59,114584.52,10292.93,13,37,17,44.59,31346.44,41.3,,0,0,source_railways_data_as_of:2015-01;source_nhai_data_incomplete
monthly_flash,2015-11,2015-16,,Manipur,1,727.56,6570.75,5843.19,1,1,1,96.0,2787.99,42.43,,0,0,source_railways_data_as_of:2015-01;source_nhai_data_incomplete
monthly_flash,2015-11,2015-16,,Meghalaya,3,4845.02,6069.9,1224.88,1,0,0,,458.29,7.84,,0,0,source_railways_data_as_of:2015-01;source_nhai_data_incomplete
monthly_flash,2015-11,2015-16,,Mizoram,2,988.06,4201.96,3213.9,2,2,2,91.0,1109.52,26.4,,0,0,source_railways_data_as_of:2015-01;source_nhai_data_incomplete
monthly_flash,2015-11,2015-16,,Nagaland,2,5124.0,7461.12,2337.12,2,1,1,60.0,10.44,0.35,,0,0,source_railways_data_as_of:2015-01;source_nhai_data_incomplete
monthly_flash,2015-11,2015-16,,Odisha,41,69443.31,78531.35,9088.04,15,27,14,41.79,41771.81,53.82,,0,0,source_railways_data_as_of:2015-01;source_nhai_data_incomplete
monthly_flash,2015-11,2015-16,,Punjab,4,1180.5,1153.46,-27.04,0,1,0,,190.47,33.17,,0,0,source_railways_data_as_of:2015-01;source_nhai_data_incomplete
monthly_flash,2015-11,2015-16,,Rajasthan,31,27361.24,27844.69,483.45,6,9,1,17.0,12993.44,53.7,,0,0,source_railways_data_as_of:2015-01;source_nhai_data_incomplete
monthly_flash,2015-11,2015-16,,Sikkim,2,1648.94,4499.46,2850.52,1,2,2,65.5,493.37,10.97,,0,0,source_railways_data_as_of:2015-01;source_nhai_data_incomplete
monthly_flash,2015-11,2015-16,,Tamil Nadu,41,61482.24,81074.93,19592.69,18,14,11,43.09,46993.47,65.12,,0,0,source_railways_data_as_of:2015-01;source_nhai_data_incomplete
monthly_flash,2015-11,2015-16,,Telangana,31,11908.91,14872.86,2963.95,8,25,11,37.82,2459.02,29.47,,0,0,source_railways_data_as_of:2015-01;source_nhai_data_incomplete
monthly_flash,2015-11,2015-16,,Tripura,4,2381.35,6012.47,3631.12,4,3,3,61.67,2777.26,54.18,,0,0,source_railways_data_as_of:2015-01;source_nhai_data_incomplete
monthly_flash,2015-11,2015-16,,Uttar Pradesh,30,36002.28,38782.69,2780.41,7,11,8,48.75,12975.98,36.15,,0,0,source_railways_data_as_of:2015-01;source_nhai_data_incomplete
monthly_flash,2015-11,2015-16,,Uttarakhand,6,9351.89,11651.71,2299.82,3,4,3,63.33,5272.31,45.25,,0,0,source_railways_data_as_of:2015-01;source_nhai_data_incomplete
monthly_flash,2015-11,2015-16,,West Bengal,39,44085.9,58961.63,14875.73,13,20,16,54.06,18577.5,32.0,,0,0,source_railways_data_as_of:2015-01;source_nhai_data_incomplete
monthly_flash,2015-12,2015-16,,Andaman & Nicobar Islands,2,587.67,587.67,0.0,0,0,0,,18.02,5.73,,0,0,source_railways_data_as_of:2015-01
monthly_flash,2015-12,2015-16,,Andhra Pradesh,46,21019.05,22854.09,1835.04,5,31,21,22.43,8188.22,45.89,,0,0,source_railways_data_as_of:2015-01
monthly_flash,2015-12,2015-16,,Arunachal Pradesh,14,11676.43,28030.85,16354.42,6,12,2,56.5,14304.12,52.47,,0,0,source_railways_data_as_of:2015-01
monthly_flash,2015-12,2015-16,,Assam,49,27764.34,43467.68,15703.34,14,38,26,81.5,31782.24,81.61,,0,0,source_railways_data_as_of:2015-01
monthly_flash,2015-12,2015-16,,Bihar,65,60600.22,74378.42,13778.2,15,21,16,47.5,39236.37,63.7,,0,0,source_railways_data_as_of:2015-01
monthly_flash,2015-12,2015-16,,Chhattisgarh,41,88321.18,89633.53,1312.35,6,34,16,33.19,48536.93,58.04,,0,0,source_railways_data_as_of:2015-01
monthly_flash,2015-12,2015-16,,Dadra & Nagar Haveli and Daman & Diu,1,6086.08,6086.08,0.0,0,1,1,10.0,586.87,9.64,,0,0,source_railways_data_as_of:2015-01
monthly_flash,2015-12,2015-16,,Delhi,16,49963.05,49963.05,0.0,0,13,6,15.67,21088.49,44.84,,0,0,source_railways_data_as_of:2015-01
monthly_flash,2015-12,2015-16,,Goa,8,3925.48,3907.87,-17.61,0,1,1,34.0,341.03,55.45,,0,0,source_railways_data_as_of:2015-01
monthly_flash,2015-12,2015-16,,Gujarat,28,29665.99,30663.63,997.64,5,15,10,26.5,22810.98,84.41,,0,0,source_railways_data_as_of:2015-01
monthly_flash,2015-12,2015-16,,Haryana,20,13986.73,15957.35,1970.62,3,13,5,35.0,7054.05,93.1,,0,0,source_railways_data_as_of:2015-01
monthly_flash,2015-12,2015-16,,Himachal Pradesh,5,8088.55,13907.75,5819.2,2,4,2,63.5,6326.34,49.8,,0,0,source_railways_data_as_of:2015-01
monthly_flash,2015-12,2015-16,,Jammu & Kashmir,9,25620.25,44540.93,18920.68,2,9,6,47.33,23746.74,59.02,,0,0,source_railways_data_as_of:2015-01
monthly_flash,2015-12,2015-16,,Jharkhand,44,41826.84,44389.67,2562.83,7,36,18,45.78,12460.05,29.67,,0,0,source_railways_data_as_of:2015-01
monthly_flash,2015-12,2015-16,,Karnataka,41,71364.99,88854.89,17489.9,19,16,12,26.08,32751.03,40.78,,0,0,source_railways_data_as_of:2015-01
monthly_flash,2015-12,2015-16,,Kerala,16,25825.82,30300.97,4475.15,8,8,3,65.0,15093.66,51.53,,0,0,source_railways_data_as_of:2015-01
monthly_flash,2015-12,2015-16,,Madhya Pradesh,50,44409.65,46089.94,1680.29,5,38,12,27.42,10213.37,40.52,,0,0,source_railways_data_as_of:2015-01
monthly_flash,2015-12,2015-16,,Maharashtra,71,113214.96,121960.1,8745.14,11,49,24,39.25,35625.98,41.78,,0,0,source_railways_data_as_of:2015-01
monthly_flash,2015-12,2015-16,,Manipur,1,727.56,6570.75,5843.19,1,1,1,96.0,2787.99,42.43,,0,0,source_railways_data_as_of:2015-01
monthly_flash,2015-12,2015-16,,Meghalaya,6,6970.03,8194.91,1224.88,1,3,1,29.0,2752.15,36.75,,0,0,source_railways_data_as_of:2015-01
monthly_flash,2015-12,2015-16,,Mizoram,6,2188.16,5402.06,3213.9,2,5,2,85.0,1760.83,32.6,,0,0,source_railways_data_as_of:2015-01
monthly_flash,2015-12,2015-16,,Nagaland,3,6420.0,8757.12,2337.12,2,2,1,60.0,568.28,13.31,,0,0,source_railways_data_as_of:2015-01
monthly_flash,2015-12,2015-16,,Odisha,49,73735.51,83247.71,9512.2,13,35,19,46.0,43993.13,55.99,,0,0,source_railways_data_as_of:2015-01
monthly_flash,2015-12,2015-16,,Punjab,23,11714.51,11718.51,4.0,1,3,0,,2078.69,19.89,,0,0,source_railways_data_as_of:2015-01
monthly_flash,2015-12,2015-16,,Rajasthan,57,39614.1,40097.55,483.45,6,41,13,35.85,21653.21,69.08,,0,0,source_railways_data_as_of:2015-01
monthly_flash,2015-12,2015-16,,Sikkim,5,2149.08,4999.32,2850.24,1,5,2,65.5,561.61,11.23,,0,0,source_railways_data_as_of:2015-01
monthly_flash,2015-12,2015-16,,Tamil Nadu,56,68607.63,88218.97,19611.34,20,36,21,41.24,57009.18,68.53,,0,0,source_railways_data_as_of:2015-01
monthly_flash,2015-12,2015-16,,Telangana,31,11908.91,14943.51,3034.6,9,26,14,39.21,3439.54,33.74,,0,0,source_railways_data_as_of:2015-01
monthly_flash,2015-12,2015-16,,Tripura,9,3776.07,7486.36,3710.29,7,8,3,62.0,3351.98,50.79,,0,0,source_railways_data_as_of:2015-01
monthly_flash,2015-12,2015-16,,Uttar Pradesh,60,52378.07,55394.73,3016.66,8,44,18,43.33,19598.16,49.99,,0,0,source_railways_data_as_of:2015-01
monthly_flash,2015-12,2015-16,,Uttarakhand,6,9351.89,11651.71,2299.82,3,5,4,56.25,5401.25,46.36,,0,0,source_railways_data_as_of:2015-01
monthly_flash,2015-12,2015-16,,West Bengal,46,49641.04,62788.63,13147.59,13,26,21,49.76,18770.98,33.23,,0,0,source_railways_data_as_of:2015-01
monthly_flash,2016-01,2015-16,,Andaman & Nicobar Islands,2,587.67,587.67,0.0,0,0,0,,21.76,6.92,,0,0,
monthly_flash,2016-01,2015-16,,Andhra Pradesh,47,21226.93,23061.97,1835.04,5,32,21,22.52,8055.13,48.87,,0,0,
monthly_flash,2016-01,2015-16,,Arunachal Pradesh,14,11758.7,28030.85,16272.15,5,9,2,56.5,13766.29,51.37,,0,0,
monthly_flash,2016-01,2015-16,,Assam,50,28795.71,44499.05,15703.34,14,39,26,81.73,30778.63,79.57,,0,0,
monthly_flash,2016-01,2015-16,,Bihar,64,57872.84,72327.53,14454.69,15,22,18,50.22,39051.73,62.53,,0,0,
monthly_flash,2016-01,2015-16,,Chhattisgarh,41,88369.18,89646.53,1277.35,5,29,17,32.12,48862.1,59.3,,0,0,
monthly_flash,2016-01,2015-16,,Dadra & Nagar Haveli and Daman & Diu,1,6086.08,6086.08,0.0,0,1,1,10.0,592.92,9.74,,0,0,
monthly_flash,2016-01,2015-16,,Delhi,16,49963.05,49963.05,0.0,0,14,7,19.29,22324.03,47.04,,0,0,
monthly_flash,2016-01,2015-16,,Goa,8,3925.48,3907.87,-17.61,0,1,1,34.0,341.03,55.45,,0,0,
monthly_flash,2016-01,2015-16,,Gujarat,30,30410.18,31464.82,1054.64,6,17,10,27.8,10934.24,58.9,,0,0,
monthly_flash,2016-01,2015-16,,Haryana,20,13986.73,15957.35,1970.62,3,13,6,33.17,6919.0,91.93,,0,0,
monthly_flash,2016-01,2015-16,,Himachal Pradesh,5,8088.55,14487.83,6399.28,2,4,2,63.5,6699.38,49.43,,0,0,
monthly_flash,2016-01,2015-16,,Jammu & Kashmir,9,25620.25,45229.68,19609.43,2,9,6,45.33,15245.67,45.02,,0,0,
monthly_flash,2016-01,2015-16,,Jharkhand,44,41826.84,44389.67,2562.83,7,36,19,44.79,12863.37,30.39,,0,0,
monthly_flash,2016-01,2015-16,,Karnataka,41,71364.99,88854.89,17489.9,19,17,14,24.5,32518.66,41.53,,0,0,
monthly_flash,2016-01,2015-16,,Kerala,16,25825.82,30300.97,4475.15,8,8,4,49.75,15714.94,56.18,,0,0,
monthly_flash,2016-01,2015-16,,Madhya Pradesh,51,53839.16,55730.39,1891.23,5,36,11,31.36,7688.39,34.77,,0,0,
monthly_flash,2016-01,2015-16,,Maharashtra,71,113215.47,121988.42,8772.95,12,48,23,40.26,35135.6,43.37,,0,0,
monthly_flash,2016-01,2015-16,,Manipur,1,727.56,6570.75,5843.19,1,1,1,96.0,2787.99,42.43,,0,0,
monthly_flash,2016-01,2015-16,,Meghalaya,6,6970.03,8194.91,1224.88,1,3,2,15.5,2102.63,30.24,,0,0,
monthly_flash,2016-01,2015-16,,Mizoram,6,2188.16,5402.06,3213.9,2,3,2,85.0,1782.75,33.0,,0,0,
monthly_flash,2016-01,2015-16,,Nagaland,3,6420.0,8757.12,2337.12,2,1,1,60.0,10.44,0.35,,0,0,
monthly_flash,2016-01,2015-16,,Odisha,47,71450.12,80688.91,9238.79,13,33,16,50.44,40006.62,54.55,,0,0,
monthly_flash,2016-01,2015-16,,Punjab,23,11714.51,11718.51,4.0,1,3,0,,2032.74,21.26,,0,0,
monthly_flash,2016-01,2015-16,,Rajasthan,58,39924.61,40467.55,542.94,7,37,14,36.57,19972.57,64.17,,0,0,
monthly_flash,2016-01,2015-16,,Sikkim,5,2149.08,4999.32,2850.24,1,2,2,65.5,558.12,11.55,,0,0,
monthly_flash,2016-01,2015-16,,Tamil Nadu,57,68769.74,88418.98,19649.24,21,35,20,41.35,51758.7,68.17,,0,0,
monthly_flash,2016-01,2015-16,,Telangana,31,11908.91,14943.51,3034.6,9,25,14,39.21,3061.89,32.5,,0,0,
monthly_flash,2016-01,2015-16,,Tripura,9,3776.07,7486.36,3710.29,7,8,5,41.6,3401.21,51.54,,0,0,
monthly_flash,2016-01,2015-16,,Uttar Pradesh,60,52378.07,56264.19,3886.12,8,43,20,36.35,19111.14,47.94,,0,0,
monthly_flash,2016-01,2015-16,,Uttarakhand,6,9352.4,11651.71,2299.31,3,5,4,55.75,5515.06,47.33,,0,0,
monthly_flash,2016-01,2015-16,,West Bengal,45,49327.99,62739.51,13411.52,13,25,21,50.0,21238.33,36.55,,0,0,
monthly_flash,2016-02,2015-16,,Andaman & Nicobar Islands,2,587.67,587.67,0.0,0,1,0,,22.96,7.3,,0,0,
monthly_flash,2016-02,2015-16,,Andhra Pradesh,47,21226.93,23061.97,1835.04,5,30,21,23.52,8962.84,50.71,,0,0,
monthly_flash,2016-02,2015-16,,Arunachal Pradesh,14,11758.7,28124.97,16366.27,5,7,2,57.0,14041.88,52.22,,0,0,
monthly_flash,2016-02,2015-16,,Assam,50,28795.71,44498.17,15702.46,14,38,26,81.85,29340.33,79.06,,0,0,
monthly_flash,2016-02,2015-16,,Bihar,64,57872.84,72300.43,14427.59,16,21,17,46.76,39167.53,63.72,,0,0,
monthly_flash,2016-02,2015-16,,Chhattisgarh,40,86425.52,87703.17,1277.65,5,27,16,33.81,47878.41,59.51,,0,0,
monthly_flash,2016-02,2015-16,,Dadra & Nagar Haveli and Daman & Diu,1,6086.08,6086.08,0.0,0,1,1,10.0,673.95,11.07,,0,0,
monthly_flash,2016-02,2015-16,,Delhi,16,49963.05,49963.05,0.0,0,13,7,17.29,22727.07,47.02,,0,0,
monthly_flash,2016-02,2015-16,,Goa,8,3925.48,3907.87,-17.61,0,1,1,34.0,341.03,55.45,,0,0,
monthly_flash,2016-02,2015-16,,Gujarat,31,30605.81,31660.45,1054.64,6,18,10,28.3,15448.63,73.99,,0,0,
monthly_flash,2016-02,2015-16,,Haryana,20,13986.73,15957.35,1970.62,3,13,6,33.17,7605.33,91.68,,0,0,
monthly_flash,2016-02,2015-16,,Himachal Pradesh,5,8088.55,14487.83,6399.28,2,4,2,63.5,6755.09,50.86,,0,0,
monthly_flash,2016-02,2015-16,,Jammu & Kashmir,9,25620.25,45229.68,19609.43,2,9,6,45.33,15278.18,45.12,,0,0,
monthly_flash,2016-02,2015-16,,Jharkhand,44,41826.84,44389.59,2562.75,6,36,19,45.32,13211.78,30.47,,0,0,
monthly_flash,2016-02,2015-16,,Karnataka,42,72113.99,87378.98,15264.99,19,17,12,22.5,19005.73,48.96,,0,0,
monthly_flash,2016-02,2015-16,,Kerala,16,25825.82,30300.97,4475.15,8,8,4,49.75,16066.24,56.03,,0,0,
monthly_flash,2016-02,2015-16,,Madhya Pradesh,52,54020.18,56591.41,2571.23,5,36,10,31.7,10006.28,30.17,,0,0,
monthly_flash,2016-02,2015-16,,Maharashtra,73,121026.1,129786.02,8759.92,12,52,25,40.32,39783.5,43.77,,0,0,
monthly_flash,2016-02,2015-16,,Manipur,1,727.56,6570.75,5843.19,1,1,1,96.0,2787.99,42.43,,0,0,
monthly_flash,2016-02,2015-16,,Meghalaya,6,6970.03,8194.91,1224.88,1,2,1,29.0,2102.63,30.24,,0,0,
monthly_flash,2016-02,2015-16,,Mizoram,6,2188.16,5402.06,3213.9,2,3,2,85.0,1803.08,33.38,,0,0,
monthly_flash,2016-02,2015-16,,Nagaland,3,6420.0,8757.12,2337.12,2,1,1,60.0,10.44,0.35,,0,0,
monthly_flash,2016-02,2015-16,,Odisha,47,71450.12,80688.81,9238.69,12,33,16,50.5,40630.62,55.4,,0,0,
monthly_flash,2016-02,2015-16,,Punjab,23,11714.51,11712.84,-1.67,1,3,1,12.0,2215.48,22.73,,0,0,
monthly_flash,2016-02,2015-16,,Rajasthan,60,40960.69,41503.63,542.94,7,38,15,34.2,20516.78,61.31,,0,0,
monthly_flash,2016-02,2015-16,,Sikkim,5,2149.08,4999.32,2850.24,1,2,2,65.5,562.83,11.65,,0,0,
monthly_flash,2016-02,2015-16,,Tamil Nadu,57,68769.74,88418.98,19649.24,21,32,20,42.0,52733.41,68.57,,0,0,
monthly_flash,2016-02,2015-16,,Telangana,32,12335.7,15282.09,2946.39,9,26,14,39.21,4221.08,35.97,,0,0,
monthly_flash,2016-02,2015-16,,Tripura,9,3776.07,7489.01,3712.94,7,8,5,41.6,3406.97,51.6,,0,0,
monthly_flash,2016-02,2015-16,,Uttar Pradesh,60,52378.07,56264.19,3886.12,8,44,22,37.5,19912.64,49.62,,0,0,
monthly_flash,2016-02,2015-16,,Uttarakhand,6,9352.4,11651.71,2299.31,3,4,4,55.75,5605.7,48.11,,0,0,
monthly_flash,2016-02,2015-16,,West Bengal,46,49513.36,62924.88,13411.52,13,26,21,49.67,28296.5,48.69,,0,0,
monthly_flash,2016-03,2015-16,,Andaman & Nicobar Islands,1,314.61,314.61,0.0,0,1,0,,24.09,7.66,,0,0,source_railways_data_as_of:2015-01
monthly_flash,2016-03,2015-16,,Andhra Pradesh,47,21226.93,23061.97,1835.04,5,30,21,23.52,9927.87,55.2,,0,0,source_railways_data_as_of:2015-01
monthly_flash,2016-03,2015-16,,Arunachal Pradesh,15,12006.22,28372.49,16366.27,5,8,2,57.0,14434.68,53.68,,0,0,source_railways_data_as_of:2015-01
monthly_flash,2016-03,2015-16,,Assam,50,28781.83,44485.17,15703.34,14,41,27,80.04,28599.15,78.98,,0,0,source_railways_data_as_of:2015-01
monthly_flash,2016-03,2015-16,,Bihar,66,58528.87,72279.46,13750.59,16,23,18,43.61,41405.47,66.83,,0,0,source_railways_data_as_of:2015-01
monthly_flash,2016-03,2015-16,,Chhattisgarh,39,86092.87,87391.15,1298.28,5,26,15,34.8,48733.78,61.04,,0,0,source_railways_data_as_of:2015-01
monthly_flash,2016-03,2015-16,,Dadra & Nagar Haveli and Daman & Diu,1,6086.08,6086.08,0.0,0,1,1,10.0,749.95,12.32,,0,0,source_railways_data_as_of:2015-01
monthly_flash,2016-03,2015-16,,Delhi,16,49997.48,49997.48,0.0,0,12,6,13.83,24714.67,50.03,,0,0,source_railways_data_as_of:2015-01
monthly_flash,2016-03,2015-16,,Goa,8,3925.48,3907.87,-17.61,0,1,1,34.0,341.62,55.55,,0,0,source_railways_data_as_of:2015-01
monthly_flash,2016-03,2015-16,,Gujarat,31,30605.81,31660.45,1054.64,6,18,11,26.55,18042.11,79.14,,0,0,source_railways_data_as_of:2015-01
monthly_flash,2016-03,2015-16,,Haryana,20,14065.88,16036.5,1970.62,3,12,6,35.33,8491.1,89.64,,0,0,source_railways_data_as_of:2015-01
monthly_flash,2016-03,2015-16,,Himachal Pradesh,5,8088.55,14487.83,6399.28,2,4,2,63.5,6992.61,48.27,,0,0,source_railways_data_as_of:2015-01
monthly_flash,2016-03,2015-16,,Jammu & Kashmir,9,25620.25,45229.68,19609.43,2,9,7,42.14,15335.08,45.28,,0,0,source_railways_data_as_of:2015-01
monthly_flash,2016-03,2015-16,,Jharkhand,45,43305.84,45868.59,2562.75,6,36,20,44.25,14298.29,31.88,,0,0,source_railways_data_as_of:2015-01
monthly_flash,2016-03,2015-16,,Karnataka,42,72113.99,87378.98,15264.99,19,18,13,25.46,33901.65,41.72,,0,0,source_railways_data_as_of:2015-01
monthly_flash,2016-03,2015-16,,Kerala,16,25825.82,30300.97,4475.15,8,8,4,49.75,17038.54,59.42,,0,0,source_railways_data_as_of:2015-01
monthly_flash,2016-03,2015-16,,Madhya Pradesh,51,53152.52,55716.01,2563.49,5,32,9,31.89,10056.01,31.45,,0,0,source_railways_data_as_of:2015-01
monthly_flash,2016-03,2015-16,,Maharashtra,76,122792.9,131552.82,8759.92,12,54,26,41.19,42644.23,46.2,,0,0,source_railways_data_as_of:2015-01
monthly_flash,2016-03,2015-16,,Manipur,3,1047.27,6958.48,5911.21,2,3,1,96.0,2902.41,43.05,,0,0,source_railways_data_as_of:2015-01
monthly_flash,2016-03,2015-16,,Meghalaya,6,6970.03,8194.91,1224.88,1,2,1,29.0,2102.63,30.24,,0,0,source_railways_data_as_of:2015-01
monthly_flash,2016-03,2015-16,,Mizoram,6,2188.16,5402.06,3213.9,2,2,2,85.0,1836.34,33.99,,0,0,source_railways_data_as_of:2015-01
monthly_flash,2016-03,2015-16,,Nagaland,3,6420.0,8757.12,2337.12,2,1,1,60.0,10.44,0.35,,0,0,source_railways_data_as_of:2015-01
monthly_flash,2016-03,2015-16,,Odisha,47,42720.12,47180.91,4460.79,12,33,16,49.38,9724.48,25.07,,0,0,source_railways_data_as_of:2015-01
monthly_flash,2016-03,2015-16,,Punjab,23,11796.33,11800.33,4.0,1,3,1,12.0,2172.58,21.84,,0,0,source_railways_data_as_of:2015-01
monthly_flash,2016-03,2015-16,,Rajasthan,61,41310.71,41853.65,542.94,7,37,14,35.36,24100.8,66.9,,0,0,source_railways_data_as_of:2015-01
monthly_flash,2016-03,2015-16,,Sikkim,5,2149.08,4999.32,2850.24,1,2,2,65.5,569.47,11.78,,0,0,source_railways_data_as_of:2015-01
monthly_flash,2016-03,2015-16,,Tamil Nadu,59,69760.85,89410.09,19649.24,21,34,22,40.18,60341.04,69.38,,0,0,source_railways_data_as_of:2015-01
monthly_flash,2016-03,2015-16,,Telangana,33,13759.66,16706.05,2946.39,9,25,13,43.77,3572.52,34.12,,0,0,source_railways_data_as_of:2015-01
monthly_flash,2016-03,2015-16,,Tripura,9,3776.07,7489.01,3712.94,7,8,5,41.6,3424.98,51.88,,0,0,source_railways_data_as_of:2015-01
monthly_flash,2016-03,2015-16,,Uttar Pradesh,60,52378.07,56264.19,3886.12,8,43,21,39.14,21010.88,51.95,,0,0,source_railways_data_as_of:2015-01
monthly_flash,2016-03,2015-16,,Uttarakhand,6,9352.4,11651.71,2299.31,3,5,4,57.75,5741.56,49.28,,0,0,source_railways_data_as_of:2015-01
monthly_flash,2016-03,2015-16,,West Bengal,47,50532.01,63071.99,12539.98,12,29,22,45.59,31199.36,53.43,,0,0,source_railways_data_as_of:2015-01
paimana_flash,2025-04,2025-26,,Andaman & Nicobar Islands,10,2956.02,3010.04,54.02,2,10,5,48.0,1808.58,60.08,69.11,0,0,
paimana_flash,2025-04,2025-26,,Andhra Pradesh,101,137833.86,186185.06,48351.2,23,101,38,29.29,98734.38,53.03,60.34,6,2,
paimana_flash,2025-04,2025-26,,Arunachal Pradesh,15,45355.1,65231.68,19876.58,2,15,9,48.0,29936.93,45.89,64.2,1,0,
paimana_flash,2025-04,2025-26,,Assam,66,70951.17,78927.98,7976.81,6,66,35,27.09,48896.87,61.95,66.45,1,3,
paimana_flash,2025-04,2025-26,,Bihar,91,132025.16,156093.17,24068.01,29,90,67,38.34,98897.94,63.36,69.2,0,0,
paimana_flash,2025-04,2025-26,,Chhattisgarh,50,75244.87,79609.36,4364.49,9,50,29,45.31,34568.92,43.42,57.7,3,1,
paimana_flash,2025-04,2025-26,,Delhi,21,90609.18,94869.54,4260.36,8,20,17,34.65,75889.17,79.99,84.34,0,0,
paimana_flash,2025-04,2025-26,,Goa,3,1201.05,1287.55,86.5,1,3,2,42.5,479.89,37.27,91.65,0,0,
paimana_flash,2025-04,2025-26,,Gujarat,93,171766.13,180047.13,8281.0,25,93,59,24.34,88746.28,49.29,64.15,1,2,
paimana_flash,2025-04,2025-26,,Haryana,27,64666.15,75513.65,10847.5,15,27,18,20.83,38801.14,51.38,71.89,1,0,
paimana_flash,2025-04,2025-26,,Himachal Pradesh,29,38377.91,47304.24,8926.33,12,29,11,39.09,31113.84,65.77,67.95,0,0,
paimana_flash,2025-04,2025-26,,Jammu & Kashmir,54,110434.59,124794.68,14360.09,11,54,40,23.95,78431.58,62.85,62.99,0,1,
paimana_flash,2025-04,2025-26,,Jharkhand,63,113244.62,116157.04,2912.42,12,63,25,44.6,64585.11,55.6,53.12,0,2,
paimana_flash,2025-04,2025-26,,Karnataka,79,100786.16,101111.19,325.03,16,79,46,43.39,48636.34,48.1,66.57,5,2,
paimana_flash,2025-04,2025-26,,Kerala,32,64106.75,70321.9,6215.15,12,32,21,28.81,35689.51,50.75,65.2,0,0,
paimana_flash,2025-04,2025-26,,Ladakh,6,2474.97,2634.64,159.67,1,6,5,35.8,1335.62,50.69,63.56,0,0,
paimana_flash,2025-04,2025-26,,Madhya Pradesh,59,113890.17,119877.89,5987.72,12,59,30,28.93,40597.62,33.87,60.8,0,0,
paimana_flash,2025-04,2025-26,,Maharashtra,177,235212.75,263997.81,28785.06,46,174,98,29.73,136456.61,51.69,65.48,8,0,
paimana_flash,2025-04,2025-26,,Manipur,32,25355.56,33267.37,7911.81,1,32,28,24.39,19554.67,58.78,70.02,0,1,
paimana_flash,2025-04,2025-26,,Meghalaya,15,6583.27,6528.65,-54.62,0,15,11,38.09,3555.45,54.46,61.82,0,1,
paimana_flash,2025-04,2025-26,,Mizoram,17,14519.38,18688.72,4169.34,11,17,16,20.69,16133.12,86.33,83.54,2,0,
paimana_flash,2025-04,2025-26,,Nagaland,30,15476.91,16524.56,1047.65,5,30,25,33.64,9021.07,54.59,69.82,0,0,
paimana_flash,2025-04,2025-26,,Odisha,79,149765.57,154533.92,4768.35,18,79,48,31.69,64807.08,41.94,61.14,0,0,
paimana_flash,2025-04,2025-26,,Punjab,38,37743.85,38643.81,899.96,4,38,29,23.17,14813.37,38.33,60.88,1,0,
paimana_flash,2025-04,2025-26,,Rajasthan,65,138451.86,167672.73,29220.87,1,65,38,16.82,91740.84,54.71,62.88,0,2,
paimana_flash,2025-04,2025-26,,Sikkim,21,20872.24,26215.2,5342.96,8,21,19,36.37,18481.26,70.5,72.11,0,0,
paimana_flash,2025-04,2025-26,,Tamil Nadu,63,92087.08,103639.15,11552.07,29,63,46,29.76,27057.19,26.11,69.98,1,1,
paimana_flash,2025-04,2025-26,,Telangana,52,29124.48,31449.35,2324.87,5,51,21,31.19,14352.84,45.64,76.4,1,1,
paimana_flash,2025-04,2025-26,,Tripura,14,7910.17,8032.54,122.37,3,14,7,22.29,1230.63,15.32,47.76,0,0,
paimana_flash,2025-04,2025-26,,Uttar Pradesh,128,212871.97,224779.8,11907.83,29,128,70,16.94,110082.09,48.97,65.48,2,3,
paimana_flash,2025-04,2025-26,,Uttarakhand,31,58781.06,62977.39,4196.33,6,29,16,58.69,46271.73,73.47,84.32,0,0,
paimana_flash,2025-04,2025-26,,West Bengal,58,79080.16,91512.25,12432.09,17,58,23,49.0,47633.12,52.05,50.75,0,4,
paimana_flash,2025-05,2025-26,,Andaman & Nicobar Islands,10,2956.02,3010.04,54.02,2,10,5,48.8,1826.0,60.66,70.44,0,0,
paimana_flash,2025-05,2025-26,,Andhra Pradesh,101,137833.86,186185.06,48351.2,23,101,38,29.42,99775.15,53.59,61.84,0,0,
paimana_flash,2025-05,2025-26,,Arunachal Pradesh,14,45061.06,64937.64,19876.58,2,14,8,50.38,30118.63,46.38,62.48,1,0,
paimana_flash,2025-05,2025-26,,Assam,68,72160.68,80137.49,7976.81,6,68,35,27.54,50194.44,62.64,68.24,0,3,
paimana_flash,2025-05,2025-26,,Bihar,90,128697.89,153398.13,24700.24,29,89,66,40.0,96957.04,63.21,68.99,3,2,
paimana_flash,2025-05,2025-26,,Chhattisgarh,50,75244.87,79609.36,4364.49,9,50,29,45.86,35044.7,44.02,58.54,0,0,
paimana_flash,2025-05,2025-26,,Delhi,21,90609.18,94869.54,4260.36,8,20,18,36.56,76426.03,80.56,84.35,0,0,
paimana_flash,2025-05,2025-26,,Goa,3,1201.05,1287.55,86.5,1,3,2,43.5,479.89,37.27,92.15,0,0,
paimana_flash,2025-05,2025-26,,Gujarat,90,167579.54,174375.7,6796.16,25,90,56,23.89,86950.93,49.86,64.46,4,1,
paimana_flash,2025-05,2025-26,,Haryana,24,60500.88,69434.48,8933.6,12,24,14,21.71,34812.67,50.14,70.38,4,1,
paimana_flash,2025-05,2025-26,,Himachal Pradesh,28,34458.32,34472.16,13.84,11,28,12,26.42,18362.46,53.27,69.04,1,0,
paimana_flash,2025-05,2025-26,,Jammu & Kashmir,53,73422.59,81014.68,7592.09,10,53,41,24.0,36996.5,45.67,62.72,1,0,
paimana_flash,2025-05,2025-26,,Jharkhand,63,113244.62,116157.04,2912.42,12,63,25,45.04,64794.39,55.78,52.03,0,0,
paimana_flash,2025-05,2025-26,,Karnataka,79,103071.74,103281.26,209.52,15,79,50,39.62,48548.52,47.01,67.64,0,1,
paimana_flash,2025-05,2025-26,,Kerala,31,63956.46,70159.9,6203.44,11,31,20,27.9,36274.03,51.7,65.14,1,0,
paimana_flash,2025-05,2025-26,,Ladakh,6,2474.97,2634.64,159.67,1,6,5,35.8,1336.77,50.74,63.94,0,0,
paimana_flash,2025-05,2025-26,,Madhya Pradesh,55,111980.58,118179.99,6199.41,13,55,29,29.1,39850.9,33.72,61.02,4,0,
paimana_flash,2025-05,2025-26,,Maharashtra,177,235212.75,263997.81,28785.06,46,174,98,30.29,139123.44,52.7,66.34,0,0,
paimana_flash,2025-05,2025-26,,Manipur,33,25919.61,33831.42,7911.81,1,33,27,24.7,19613.61,57.97,69.86,0,2,
paimana_flash,2025-05,2025-26,,Meghalaya,15,6827.06,6837.26,10.2,1,15,10,39.8,3427.3,50.13,55.83,1,1,
paimana_flash,2025-05,2025-26,,Mizoram,17,14519.38,18688.72,4169.34,11,17,16,19.81,15940.7,85.3,84.55,0,0,
paimana_flash,2025-05,2025-26,,Nagaland,25,13894.53,14942.18,1047.65,5,25,21,35.81,8322.44,55.7,66.57,4,0,
paimana_flash,2025-05,2025-26,,Odisha,76,141702.2,146380.41,4678.21,17,76,47,31.45,64716.85,44.21,63.83,3,0,
paimana_flash,2025-05,2025-26,,Punjab,37,37339.85,38239.81,899.96,4,37,28,21.79,14582.9,38.14,61.48,1,0,
paimana_flash,2025-05,2025-26,,Rajasthan,62,138216.71,167962.23,29745.52,4,62,36,16.78,91585.48,54.53,64.63,1,1,
paimana_flash,2025-05,2025-26,,Sikkim,20,20540.04,25866.28,5326.24,7,20,18,37.22,18480.28,71.45,74.54,0,0,
paimana_flash,2025-05,2025-26,,Tamil Nadu,61,88967.98,99894.68,10926.7,27,61,46,29.09,24829.27,24.86,70.61,2,0,
paimana_flash,2025-05,2025-26,,Telangana,52,29124.48,31449.35,2324.87,5,51,23,30.3,14511.12,46.14,76.74,0,0,
paimana_flash,2025-05,2025-26,,Tripura,14,7910.17,8032.54,122.37,3,14,7,22.43,1291.48,16.08,45.81,0,0,
paimana_flash,2025-05,2025-26,,Uttar Pradesh,125,205554.6,217968.91,12414.31,30,125,70,17.34,106018.1,48.64,64.29,6,3,
paimana_flash,2025-05,2025-26,,Uttarakhand,31,58781.06,63170.51,4389.45,6,29,16,59.19,44929.76,71.12,84.66,0,0,
paimana_flash,2025-05,2025-26,,West Bengal,56,78752.95,91118.89,12365.94,15,56,23,47.78,48147.34,52.84,51.76,2,0,
paimana_flash,2025-06,2025-26,,Andaman & Nicobar Islands,9,2555.02,2609.04,54.02,2,9,4,48.25,1570.91,60.21,67.77,1,0,
paimana_flash,2025-06,2025-26,,Andhra Pradesh,100,137562.41,185913.61,48351.2,23,100,37,29.08,103214.4,55.52,65.04,1,0,
paimana_flash,2025-06,2025-26,,Arunachal Pradesh,14,45061.06,64937.64,19876.58,2,14,8,50.88,30494.52,46.96,64.18,0,0,
paimana_flash,2025-06,2025-26,,Assam,68,72160.68,80115.95,7955.27,6,68,35,28.14,51124.39,63.81,67.39,0,0,
paimana_flash,2025-06,2025-26,,Bihar,90,128697.89,153894.78,25196.89,29,89,67,40.1,98886.26,64.26,70.17,0,0,
paimana_flash,2025-06,2025-26,,Chhattisgarh,50,75244.87,79609.36,4364.49,9,50,29,45.93,36041.06,45.27,59.28,0,0,
paimana_flash,2025-06,2025-26,,Delhi,21,90609.18,94869.54,4260.36,8,20,18,37.22,76898.76,81.06,85.62,0,0,
paimana_flash,2025-06,2025-26,,Goa,3,1201.05,1287.55,86.5,1,3,2,43.5,485.92,37.74,93.02,0,0,
paimana_flash,2025-06,2025-26,,Gujarat,89,166904.62,173705.16,6800.54,25,89,58,22.98,87806.46,50.55,64.39,1,0,
paimana_flash,2025-06,2025-26,,Haryana,24,60500.88,69434.48,8933.6,12,24,15,20.8,35685.89,51.4,72.14,0,0,
paimana_flash,2025-06,2025-26,,Himachal Pradesh,27,33945.98,33959.82,13.84,11,27,12,26.42,18520.6,54.54,70.12,0,0,
paimana_flash,2025-06,2025-26,,Jammu & Kashmir,53,73422.59,81014.68,7592.09,10,53,41,24.17,37490.59,46.28,63.38,0,0,
paimana_flash,2025-06,2025-26,,Jharkhand,64,113658.99,116571.41,2912.42,12,64,25,45.84,67421.35,57.84,52.64,0,1,
paimana_flash,2025-06,2025-26,,Karnataka,79,103071.74,103281.26,209.52,15,79,52,38.98,49083.86,47.52,68.0,0,0,
paimana_flash,2025-06,2025-26,,Kerala,29,62476.65,68138.39,5661.74,9,29,19,27.05,34596.89,50.77,63.2,2,0,
paimana_flash,2025-06,2025-26,,Ladakh,6,2474.97,2634.64,159.67,1,6,5,35.8,1349.63,51.23,65.12,0,0,
paimana_flash,2025-06,2025-26,,Madhya Pradesh,53,111280.15,117479.56,6199.41,13,53,28,29.82,40730.4,34.67,61.57,1,0,
paimana_flash,2025-06,2025-26,,Maharashtra,157,218215.39,244735.03,26519.64,43,155,80,27.76,125686.25,51.36,61.74,22,2,
paimana_flash,2025-06,2025-26,,Manipur,31,25573.9,33485.71,7911.81,1,31,25,23.8,19617.15,58.58,70.45,0,0,
paimana_flash,2025-06,2025-26,,Meghalaya,14,6669.2,6679.4,10.2,1,14,9,40.89,3297.68,49.37,50.85,1,0,
paimana_flash,2025-06,2025-26,,Mizoram,16,14026.44,18053.36,4026.92,11,16,15,20.27,15684.86,86.88,86.18,1,0,
paimana_flash,2025-06,2025-26,,Nagaland,23,13242.51,14128.82,886.31,4,23,19,35.37,7970.58,56.41,65.2,1,0,
paimana_flash,2025-06,2025-26,,Odisha,76,141702.2,146380.41,4678.21,17,76,50,30.16,66140.85,45.18,65.65,0,0,
paimana_flash,2025-06,2025-26,,Punjab,37,37339.85,38239.81,899.96,4,37,29,21.41,15087.38,39.45,62.76,0,0,
paimana_flash,2025-06,2025-26,,Rajasthan,59,133461.98,162895.85,29433.87,3,59,36,15.42,91952.19,56.45,65.67,3,0,
paimana_flash,2025-06,2025-26,,Sikkim,18,20007.02,25331.78,5324.76,6,18,16,39.19,18325.74,72.34,71.78,2,0,
paimana_flash,2025-06,2025-26,,Tamil Nadu,58,86711.11,97359.99,10648.88,24,58,44,29.95,23782.67,24.43,70.37,3,0,
paimana_flash,2025-06,2025-26,,Telangana,52,29124.48,31449.35,2324.87,5,51,20,33.9,15398.11,48.96,76.78,0,0,
paimana_flash,2025-06,2025-26,,Tripura,14,7910.17,8032.54,122.37,3,14,7,22.43,1403.56,17.47,46.39,0,0,
paimana_flash,2025-06,2025-26,,Uttar Pradesh,126,206693.32,219300.59,12607.27,29,126,71,17.58,108471.35,49.46,64.01,0,1,
paimana_flash,2025-06,2025-26,,Uttarakhand,30,58506.75,63200.39,4693.64,6,28,12,65.17,45102.4,71.36,84.84,1,0,
paimana_flash,2025-06,2025-26,,West Bengal,56,73857.94,86227.14,12369.2,15,56,23,46.17,48205.96,55.91,50.76,1,1,
paimana_flash,2025-07,2025-26,,Andaman & Nicobar Islands,1,209.88,209.88,0.0,0,0,0,,0.0,0.0,0.0,0,0,scope_excludes:MoRTH
paimana_flash,2025-07,2025-26,,Andhra Pradesh,29,74380.44,124258.61,49878.17,7,20,14,27.14,77557.96,62.42,43.76,0,0,scope_excludes:MoRTH
paimana_flash,2025-07,2025-26,,Arunachal Pradesh,4,36157.92,36157.93,0.01,1,1,0,,4138.44,11.45,24.0,0,0,scope_excludes:MoRTH
paimana_flash,2025-07,2025-26,,Assam,21,27429.78,41134.6,13704.82,6,17,10,30.3,27987.06,68.04,58.1,0,0,scope_excludes:MoRTH
paimana_flash,2025-07,2025-26,,Bihar,33,71761.37,83271.42,11510.05,12,27,22,28.32,51269.07,61.57,58.97,0,0,scope_excludes:MoRTH
paimana_flash,2025-07,2025-26,,Chandigarh,1,285.85,285.85,0.0,0,0,0,,127.58,44.63,0.0,0,0,scope_excludes:MoRTH
paimana_flash,2025-07,2025-26,,Chhattisgarh,45,104857.4,108922.42,4065.02,8,23,14,37.29,38160.44,35.03,40.85,0,0,scope_excludes:MoRTH
paimana_flash,2025-07,2025-26,,Dadra & Nagar Haveli and Daman & Diu,1,210.0,210.0,0.0,0,0,0,,0.0,0.0,0.0,0,0,scope_excludes:MoRTH
paimana_flash,2025-07,2025-26,,Delhi,19,86996.39,87219.43,223.04,2,14,14,35.07,25749.83,29.52,40.28,0,0,scope_excludes:MoRTH
paimana_flash,2025-07,2025-26,,Goa,1,255.69,255.69,0.0,0,1,1,45.0,130.0,50.84,88.0,0,0,scope_excludes:MoRTH
paimana_flash,2025-07,2025-26,,Gujarat,59,129754.23,147389.59,17635.36,8,40,22,35.95,95604.92,64.87,43.28,0,0,scope_excludes:MoRTH
paimana_flash,2025-07,2025-26,,Haryana,7,40673.07,44344.13,3671.06,4,6,5,30.2,27488.99,61.99,53.86,0,0,scope_excludes:MoRTH
paimana_flash,2025-07,2025-26,,Himachal Pradesh,7,8539.19,13174.0,4634.81,5,6,5,21.4,4680.1,35.53,53.64,0,0,scope_excludes:MoRTH
paimana_flash,2025-07,2025-26,,Jammu & Kashmir,11,27073.68,27149.66,75.98,1,9,7,28.0,15012.72,55.3,50.09,0,0,scope_excludes:MoRTH
paimana_flash,2025-07,2025-26,,Jharkhand,45,90142.57,99869.01,9726.44,4,15,11,67.91,38153.6,38.2,35.91,0,0,scope_excludes:MoRTH
paimana_flash,2025-07,2025-26,,Karnataka,26,69909.56,79672.03,9762.47,6,20,12,36.33,48794.58,61.24,43.54,0,0,scope_excludes:MoRTH
paimana_flash,2025-07,2025-26,,Kerala,7,9943.94,10154.89,210.95,1,7,2,29.5,2020.52,19.9,31.71,0,0,scope_excludes:MoRTH
paimana_flash,2025-07,2025-26,,Ladakh,1,480.0,640.0,160.0,1,1,1,49.0,427.04,66.72,67.0,0,0,scope_excludes:MoRTH
paimana_flash,2025-07,2025-26,,Madhya Pradesh,31,101837.32,105815.19,3977.87,5,17,13,50.85,32119.64,30.35,45.68,0,0,scope_excludes:MoRTH
paimana_flash,2025-07,2025-26,,Maharashtra,89,178952.34,210035.85,31083.51,29,54,37,37.19,121135.17,57.67,43.51,0,0,scope_excludes:MoRTH
paimana_flash,2025-07,2025-26,,Manipur,2,1948.44,2321.24,372.8,1,2,2,52.0,1998.39,86.09,69.5,0,0,scope_excludes:MoRTH
paimana_flash,2025-07,2025-26,,Meghalaya,2,1466.48,1466.48,0.0,0,2,2,38.0,621.82,42.4,92.0,0,0,scope_excludes:MoRTH
paimana_flash,2025-07,2025-26,,Mizoram,1,474.23,474.23,0.0,0,1,0,,167.55,35.33,4.0,0,0,scope_excludes:MoRTH
paimana_flash,2025-07,2025-26,,Nagaland,2,503.25,503.25,0.0,0,1,0,,266.83,53.02,56.5,0,0,scope_excludes:MoRTH
paimana_flash,2025-07,2025-26,,Odisha,47,128539.91,135770.69,7230.78,11,28,16,28.31,53577.5,39.46,38.83,0,0,scope_excludes:MoRTH
paimana_flash,2025-07,2025-26,,Puducherry,1,618.34,544.34,-74.0,0,1,1,8.0,509.24,93.55,94.0,0,0,scope_excludes:MoRTH
paimana_flash,2025-07,2025-26,,Punjab,8,6463.47,7944.26,1480.79,3,7,6,30.33,6972.58,87.77,62.0,0,0,scope_excludes:MoRTH
paimana_flash,2025-07,2025-26,,Rajasthan,29,39103.65,39398.53,294.88,2,18,13,16.0,17209.5,43.68,41.66,0,0,scope_excludes:MoRTH
paimana_flash,2025-07,2025-26,,Sikkim,5,8009.41,8824.23,814.82,1,4,3,24.0,6438.9,72.97,51.8,0,0,scope_excludes:MoRTH
paimana_flash,2025-07,2025-26,,Tamil Nadu,15,105467.03,110549.74,5082.71,3,12,7,13.86,51519.14,46.6,29.87,0,0,scope_excludes:MoRTH
paimana_flash,2025-07,2025-26,,Telangana,18,19540.23,46644.12,27103.89,7,12,12,36.0,16924.06,36.28,64.44,0,0,scope_excludes:MoRTH
paimana_flash,2025-07,2025-26,,Tripura,2,865.33,787.51,-77.82,0,2,1,19.0,531.7,67.52,73.0,0,0,scope_excludes:MoRTH
paimana_flash,2025-07,2025-26,,Uttar Pradesh,40,118693.39,132986.54,14293.15,15,31,23,22.35,71987.34,54.13,52.8,0,0,scope_excludes:MoRTH
paimana_flash,2025-07,2025-26,,Uttarakhand,7,54002.87,68408.94,14406.07,3,4,4,75.0,45172.91,66.03,50.29,0,0,scope_excludes:MoRTH
paimana_flash,2025-07,2025-26,,West Bengal,41,72814.49,79894.64,7080.15,5,24,13,39.23,29329.62,36.71,36.9,0,0,scope_excludes:MoRTH
paimana_flash,2025-08,2025-26,,Andaman & Nicobar Islands,1,209.88,209.88,0.0,0,0,0,,0.0,0.0,70.0,0,0,scope_excludes:MoRTH
paimana_flash,2025-08,2025-26,,Andhra Pradesh,31,75115.66,124993.83,49878.17,7,21,15,28.53,76436.82,61.15,44.61,0,0,scope_excludes:MoRTH
paimana_flash,2025-08,2025-26,,Arunachal Pradesh,4,36157.92,36157.93,0.01,1,1,0,,4255.96,11.77,24.0,0,0,scope_excludes:MoRTH
paimana_flash,2025-08,2025-26,,Assam,23,26564.32,40999.14,14434.82,6,19,12,29.83,31730.01,77.39,60.7,0,0,scope_excludes:MoRTH
paimana_flash,2025-08,2025-26,,Bihar,31,68113.4,77188.05,9074.65,11,27,22,28.77,46271.94,59.95,65.0,0,0,scope_excludes:MoRTH
paimana_flash,2025-08,2025-26,,Chhattisgarh,44,101050.35,105115.37,4065.02,8,23,14,38.36,36035.94,34.28,43.72,0,0,scope_excludes:MoRTH
paimana_flash,2025-08,2025-26,,Dadra & Nagar Haveli and Daman & Diu,1,210.0,210.0,0.0,0,0,0,,0.0,0.0,20.0,0,0,scope_excludes:MoRTH
paimana_flash,2025-08,2025-26,,Delhi,20,82844.86,82844.9,0.04,1,15,14,33.93,22286.5,26.9,42.5,0,0,scope_excludes:MoRTH
paimana_flash,2025-08,2025-26,,Goa,1,255.69,255.69,0.0,0,1,1,45.0,130.0,50.84,90.0,0,0,scope_excludes:MoRTH
paimana_flash,2025-08,2025-26,,Gujarat,58,123916.71,141156.29,17239.58,8,40,22,36.64,94718.31,67.1,44.57,0,0,scope_excludes:MoRTH
paimana_flash,2025-08,2025-26,,Haryana,9,41164.27,44835.33,3671.06,4,8,7,30.57,30521.29,68.07,62.33,0,0,scope_excludes:MoRTH
paimana_flash,2025-08,2025-26,,Himachal Pradesh,7,8539.19,13174.0,4634.81,5,6,5,24.2,4716.22,35.8,54.79,0,0,scope_excludes:MoRTH
paimana_flash,2025-08,2025-26,,Jammu & Kashmir,11,27073.68,32886.95,5813.27,3,10,8,28.75,15537.81,47.25,51.09,0,0,scope_excludes:MoRTH
paimana_flash,2025-08,2025-26,,Jharkhand,48,90933.19,100659.63,9726.44,4,19,14,61.57,41012.74,40.74,40.52,0,0,scope_excludes:MoRTH
paimana_flash,2025-08,2025-26,,Karnataka,27,69393.35,79525.29,10131.94,7,22,15,32.2,49657.31,62.44,44.19,0,0,scope_excludes:MoRTH
paimana_flash,2025-08,2025-26,,Kerala,7,9943.94,10154.89,210.95,1,7,2,29.5,2071.72,20.4,33.43,0,0,scope_excludes:MoRTH
paimana_flash,2025-08,2025-26,,Ladakh,1,480.0,640.0,160.0,1,1,1,49.0,434.79,67.94,71.0,0,0,scope_excludes:MoRTH
paimana_flash,2025-08,2025-26,,Madhya Pradesh,34,102434.2,106412.07,3977.87,5,21,16,48.12,39806.38,37.41,53.29,0,0,scope_excludes:MoRTH
paimana_flash,2025-08,2025-26,,Maharashtra,90,176705.92,217175.57,40469.65,27,55,40,34.5,118633.14,54.63,44.97,0,0,scope_excludes:MoRTH
paimana_flash,2025-08,2025-26,,Manipur,3,16271.44,24207.14,7935.7,2,3,3,44.67,17590.45,72.67,69.33,0,0,scope_excludes:MoRTH
paimana_flash,2025-08,2025-26,,Meghalaya,2,1466.48,1466.48,0.0,0,2,2,41.0,621.82,42.4,92.5,0,0,scope_excludes:MoRTH
paimana_flash,2025-08,2025-26,,Mizoram,1,474.23,474.23,0.0,0,1,0,,167.55,35.33,4.0,0,0,scope_excludes:MoRTH
paimana_flash,2025-08,2025-26,,Nagaland,2,503.25,503.25,0.0,0,1,0,,269.22,53.5,58.5,0,0,scope_excludes:MoRTH
paimana_flash,2025-08,2025-26,,Odisha,46,125417.07,129471.57,4054.5,10,26,17,34.59,53896.16,41.63,39.24,0,0,scope_excludes:MoRTH
paimana_flash,2025-08,2025-26,,Puducherry,1,618.34,544.34,-74.0,0,1,1,8.0,509.55,93.61,94.0,0,0,scope_excludes:MoRTH
paimana_flash,2025-08,2025-26,,Punjab,10,7009.0,8489.79,1480.79,3,9,8,31.5,7631.35,89.89,62.8,0,0,scope_excludes:MoRTH
paimana_flash,2025-08,2025-26,,Rajasthan,29,39103.57,39398.45,294.88,2,18,13,16.23,17775.94,45.12,44.59,0,0,scope_excludes:MoRTH
paimana_flash,2025-08,2025-26,,Sikkim,5,8009.41,8824.23,814.82,1,4,3,24.0,6550.54,74.23,52.6,0,0,scope_excludes:MoRTH
paimana_flash,2025-08,2025-26,,Tamil Nadu,14,104966.03,110048.74,5082.71,3,11,7,13.86,30453.75,27.67,36.29,0,0,scope_excludes:MoRTH
paimana_flash,2025-08,2025-26,,Telangana,18,19165.29,33583.72,14418.43,6,11,11,39.0,17054.15,50.78,65.72,0,0,scope_excludes:MoRTH
paimana_flash,2025-08,2025-26,,Tripura,2,865.33,787.51,-77.82,0,2,2,14.0,546.99,69.46,74.0,0,0,scope_excludes:MoRTH
paimana_flash,2025-08,2025-26,,Uttar Pradesh,42,119276.55,133170.14,13893.59,16,35,26,23.38,90299.3,67.81,55.17,0,0,scope_excludes:MoRTH
paimana_flash,2025-08,2025-26,,Uttarakhand,7,54002.87,68408.94,14406.07,3,4,4,75.0,46189.68,67.52,54.71,0,0,scope_excludes:MoRTH
paimana_flash,2025-08,2025-26,,West Bengal,41,72814.49,79894.62,7080.13,5,24,13,39.31,29502.76,36.93,38.78,0,0,scope_excludes:MoRTH
paimana_flash,2025-11,2025-26,,Andaman & Nicobar Islands,1,209.88,209.88,0.0,0,0,0,,0.0,0.0,70.0,0,0,scope_excludes:MoRTH
paimana_flash,2025-11,2025-26,,Andhra Pradesh,31,75306.93,125916.96,50610.03,6,21,16,27.44,76936.59,61.1,50.77,0,0,scope_excludes:MoRTH
paimana_flash,2025-11,2025-26,,Arunachal Pradesh,5,36367.3,36367.31,0.01,1,1,0,,4455.88,12.25,20.2,0,0,scope_excludes:MoRTH
paimana_flash,2025-11,2025-26,,Assam,24,26086.03,37352.37,11266.34,6,20,12,26.42,27393.27,73.34,59.12,1,2,scope_excludes:MoRTH
paimana_flash,2025-11,2025-26,,Bihar,33,71064.73,79858.73,8794.0,10,26,22,28.32,47352.27,59.3,60.24,0,1,scope_excludes:MoRTH
paimana_flash,2025-11,2025-26,,Chhattisgarh,42,95625.0,102680.32,7055.32,9,22,14,34.57,37344.31,36.37,46.39,2,2,scope_excludes:MoRTH
paimana_flash,2025-11,2025-26,,Dadra & Nagar Haveli and Daman & Diu,1,210.0,210.0,0.0,0,0,0,,0.0,0.0,20.0,0,0,scope_excludes:MoRTH
paimana_flash,2025-11,2025-26,,Delhi,21,87084.26,87087.24,2.98,2,15,14,40.5,24433.48,28.06,40.81,2,2,scope_excludes:MoRTH
paimana_flash,2025-11,2025-26,,Goa,1,255.69,255.69,0.0,0,1,1,49.0,154.3,60.35,97.0,0,0,scope_excludes:MoRTH
paimana_flash,2025-11,2025-26,,Gujarat,60,122297.66,140016.9,17719.24,11,46,31,21.1,93618.45,66.86,46.77,2,1,scope_excludes:MoRTH
paimana_flash,2025-11,2025-26,,Haryana,9,41164.27,45182.76,4018.49,5,8,6,30.33,31757.29,70.29,67.22,0,0,scope_excludes:MoRTH
paimana_flash,2025-11,2025-26,,Himachal Pradesh,7,8539.19,14320.45,5781.26,5,6,5,25.0,4924.35,34.39,57.5,0,0,scope_excludes:MoRTH
paimana_flash,2025-11,2025-26,,Jammu & Kashmir,11,26886.61,33105.6,6218.99,6,11,9,26.22,16207.59,48.96,47.55,1,0,scope_excludes:MoRTH
paimana_flash,2025-11,2025-26,,Jharkhand,50,100138.22,109073.36,8935.14,5,21,16,56.38,42380.63,38.86,43.7,0,1,scope_excludes:MoRTH
paimana_flash,2025-11,2025-26,,Karnataka,31,70354.5,80486.44,10131.94,7,22,17,30.47,49785.08,61.86,42.06,0,0,scope_excludes:MoRTH
paimana_flash,2025-11,2025-26,,Kerala,9,12600.94,12796.08,195.14,1,8,2,27.0,2328.06,18.19,32.22,1,2,scope_excludes:MoRTH
paimana_flash,2025-11,2025-26,,Ladakh,1,480.0,640.0,160.0,1,1,1,58.0,483.12,75.49,78.0,0,0,scope_excludes:MoRTH
paimana_flash,2025-11,2025-26,,Madhya Pradesh,36,104545.2,108547.4,4002.2,6,23,18,44.11,37814.11,34.84,54.08,0,1,scope_excludes:MoRTH
paimana_flash,2025-11,2025-26,,Maharashtra,94,200483.26,240515.76,40032.5,26,57,44,33.18,134434.69,55.89,48.44,0,1,scope_excludes:MoRTH
paimana_flash,2025-11,2025-26,,Manipur,4,17177.91,24818.88,7640.97,2,4,4,37.25,18335.72,73.88,76.75,0,0,scope_excludes:MoRTH
paimana_flash,2025-11,2025-26,,Meghalaya,2,1466.48,1466.48,0.0,0,2,2,44.0,630.32,42.98,94.5,0,0,scope_excludes:MoRTH
paimana_flash,2025-11,2025-26,,Mizoram,2,699.94,699.94,0.0,0,2,0,,180.36,25.77,12.5,0,1,scope_excludes:MoRTH
paimana_flash,2025-11,2025-26,,Nagaland,2,503.25,503.25,0.0,0,1,0,,272.65,54.18,61.5,0,0,scope_excludes:MoRTH
paimana_flash,2025-11,2025-26,,Odisha,43,123929.97,128053.7,4123.73,9,24,16,37.5,57025.3,44.53,45.53,0,1,scope_excludes:MoRTH
paimana_flash,2025-11,2025-26,,Puducherry,1,618.34,544.34,-74.0,0,1,1,8.0,529.94,97.35,96.0,0,0,scope_excludes:MoRTH
paimana_flash,2025-11,2025-26,,Punjab,9,6642.0,8093.15,1451.15,3,8,7,33.71,7219.32,89.2,64.0,0,0,scope_excludes:MoRTH
paimana_flash,2025-11,2025-26,,Rajasthan,30,38726.69,39021.57,294.88,2,23,18,14.06,21718.57,55.66,51.1,0,0,scope_excludes:MoRTH
paimana_flash,2025-11,2025-26,,Sikkim,5,8009.41,8824.23,814.82,1,4,3,26.0,5774.37,65.44,56.0,0,0,scope_excludes:MoRTH
paimana_flash,2025-11,2025-26,,Tamil Nadu,14,104759.98,109618.76,4858.78,4,11,8,12.38,33713.22,30.75,47.29,0,0,scope_excludes:MoRTH
paimana_flash,2025-11,2025-26,,Telangana,21,20545.65,34964.08,14418.43,6,11,10,39.0,18125.06,51.84,60.52,1,1,scope_excludes:MoRTH
paimana_flash,2025-11,2025-26,,Tripura,2,865.33,787.51,-77.82,0,2,2,16.5,589.96,74.91,78.0,0,0,scope_excludes:MoRTH
paimana_flash,2025-11,2025-26,,Uttar Pradesh,38,112880.79,125279.61,12398.82,14,31,23,25.65,71965.34,57.44,53.97,1,0,scope_excludes:MoRTH
paimana_flash,2025-11,2025-26,,Uttarakhand,8,54105.27,68706.57,14601.3,4,5,5,63.8,46938.78,68.32,59.62,0,0,scope_excludes:MoRTH
paimana_flash,2025-11,2025-26,,West Bengal,43,75673.09,84209.5,8536.41,6,26,17,37.76,31147.22,36.99,38.37,0,2,scope_excludes:MoRTH
paimana_flash,2025-12,2025-26,,Andaman & Nicobar Islands,1,209.88,209.88,0.0,0,0,0,,0.0,0.0,70.0,0,0,
paimana_flash,2025-12,2025-26,,Andhra Pradesh,76,115557.87,165405.31,49847.44,15,35,30,22.8,91062.66,55.05,62.34,0,0,
paimana_flash,2025-12,2025-26,,Arunachal Pradesh,11,39703.28,39663.39,-39.89,1,7,5,22.6,4997.83,12.6,55.64,0,0,
paimana_flash,2025-12,2025-26,,Assam,56,55110.53,66732.46,11621.93,9,29,22,26.0,29663.18,44.45,47.29,0,1,
paimana_flash,2025-12,2025-26,,Bihar,71,111460.52,119271.26,7810.74,28,43,39,29.38,112009.34,93.91,60.83,0,0,
paimana_flash,2025-12,2025-26,,Chhattisgarh,51,102903.84,110574.9,7671.06,11,26,17,28.18,41009.13,37.09,49.36,1,0,
paimana_flash,2025-12,2025-26,,Dadra & Nagar Haveli and Daman & Diu,1,210.0,210.0,0.0,0,0,0,,0.0,0.0,20.0,0,0,
paimana_flash,2025-12,2025-26,,Delhi,13,81366.93,82526.32,1159.39,4,8,7,37.14,23151.14,28.05,52.23,0,0,
paimana_flash,2025-12,2025-26,,Goa,2,897.15,897.15,0.0,0,2,1,49.0,154.3,17.2,80.0,0,0,
paimana_flash,2025-12,2025-26,,Gujarat,82,146039.69,168322.33,22282.64,27,57,41,20.59,111151.08,66.03,55.93,1,4,
paimana_flash,2025-12,2025-26,,Haryana,13,46622.3,51452.2,4829.9,8,11,9,22.56,34685.88,67.41,69.0,0,0,
paimana_flash,2025-12,2025-26,,Himachal Pradesh,20,17623.24,25631.77,8008.53,13,9,7,29.0,8868.19,34.6,55.32,0,0,
paimana_flash,2025-12,2025-26,,Jammu & Kashmir,31,49800.27,55657.38,5857.11,10,27,25,22.64,25553.29,45.91,49.13,1,0,
paimana_flash,2025-12,2025-26,,Jharkhand,61,112212.26,121745.72,9533.46,12,27,23,42.3,48704.3,40.0,48.75,0,0,
paimana_flash,2025-12,2025-26,,Karnataka,49,98865.08,108985.88,10120.8,12,30,25,28.2,59064.71,54.19,49.37,1,1,
paimana_flash,2025-12,2025-26,,Kerala,24,54325.27,57317.9,2992.63,9,16,10,21.4,16216.78,28.29,61.29,0,0,
paimana_flash,2025-12,2025-26,,Ladakh,4,1664.27,1824.27,160.0,1,4,4,39.0,484.6,26.56,19.5,0,0,
paimana_flash,2025-12,2025-26,,Madhya Pradesh,55,136058.9,140046.83,3987.93,11,36,30,32.37,44627.64,31.87,50.64,0,1,
paimana_flash,2025-12,2025-26,,Maharashtra,137,250910.9,289583.32,38672.42,34,80,64,30.17,144999.48,50.07,56.15,4,1,
paimana_flash,2025-12,2025-26,,Manipur,26,25610.32,33251.29,7640.97,2,24,24,25.67,22840.66,68.69,69.5,0,0,
paimana_flash,2025-12,2025-26,,Meghalaya,11,5604.54,5539.72,-64.82,0,7,6,23.67,824.01,14.87,56.73,0,0,
paimana_flash,2025-12,2025-26,,Mizoram,13,7692.89,7837.45,144.56,1,12,10,21.5,771.76,9.85,45.0,0,0,
paimana_flash,2025-12,2025-26,,Nagaland,20,6370.3,6924.35,554.05,4,6,5,18.2,506.17,7.31,33.15,0,0,
paimana_flash,2025-12,2025-26,,Odisha,66,138183.53,144121.91,5938.38,17,32,22,31.45,62332.29,43.25,48.62,1,6,
paimana_flash,2025-12,2025-26,,Puducherry,1,618.34,544.34,-74.0,0,1,1,8.0,530.45,97.45,97.0,0,0,
paimana_flash,2025-12,2025-26,,Punjab,31,36087.27,40851.11,4763.84,17,14,13,23.54,22248.92,54.46,63.06,0,0,
paimana_flash,2025-12,2025-26,,Rajasthan,44,85591.5,121743.62,36152.12,4,33,29,15.17,85202.11,69.98,58.82,2,1,
paimana_flash,2025-12,2025-26,,Sikkim,11,10638.62,11349.52,710.9,2,10,9,21.56,5966.83,52.57,50.27,0,0,
paimana_flash,2025-12,2025-26,,Tamil Nadu,31,129042.76,133895.79,4853.03,7,20,17,23.53,42422.06,31.68,60.16,0,1,
paimana_flash,2025-12,2025-26,,Telangana,48,34040.54,49339.84,15299.3,11,30,26,26.19,23049.85,46.72,58.58,0,0,
paimana_flash,2025-12,2025-26,,Tripura,10,5756.03,5702.74,-53.29,1,5,5,16.4,598.81,10.5,20.6,0,0,
paimana_flash,2025-12,2025-26,,Uttar Pradesh,92,154679.67,159096.11,4416.44,25,52,45,18.8,77730.79,48.86,62.28,4,1,
paimana_flash,2025-12,2025-26,,Uttarakhand,15,57142.23,71324.89,14182.66,4,10,10,46.5,48760.1,68.36,72.07,0,0,
paimana_flash,2025-12,2025-26,,West Bengal,51,79474.2,88233.85,8759.65,12,33,26,34.12,32899.2,37.29,38.02,0,0,
paimana_flash,2026-01,2025-26,,Andaman & Nicobar Islands,1,209.88,209.88,0.0,0,0,0,,0.0,0.0,70.0,0,0,
paimana_flash,2026-01,2025-26,,Andhra Pradesh,95,133597.34,182746.69,49149.35,18,42,36,21.39,99482.61,54.44,64.83,0,10,
paimana_flash,2026-01,2025-26,,Arunachal Pradesh,15,43558.07,43518.18,-39.89,1,7,5,22.6,5245.93,12.05,44.8,0,1,
paimana_flash,2026-01,2025-26,,Assam,77,75882.29,88562.21,12679.92,12,30,23,27.3,39104.4,44.15,52.99,0,5,
paimana_flash,2026-01,2025-26,,Bihar,84,155626.69,164793.29,9166.6,35,45,39,29.08,115230.61,69.92,60.82,0,12,
paimana_flash,2026-01,2025-26,,Chhattisgarh,57,107829.87,115907.68,8077.81,13,30,21,24.48,42831.11,36.95,56.25,0,6,
paimana_flash,2026-01,2025-26,,Dadra & Nagar Haveli and Daman & Diu,1,210.0,210.0,0.0,0,0,0,,0.0,0.0,20.0,0,0,
paimana_flash,2026-01,2025-26,,Delhi,15,95449.51,97202.44,1752.93,5,9,8,39.0,36530.54,37.58,55.2,0,1,
paimana_flash,2026-01,2025-26,,Goa,2,897.15,897.15,0.0,0,2,1,52.0,154.3,17.2,84.5,0,0,
paimana_flash,2026-01,2025-26,,Gujarat,103,181465.84,204667.6,23201.76,37,60,43,20.6,114579.25,55.98,54.39,1,17,
paimana_flash,2026-01,2025-26,,Haryana,20,58993.08,64735.52,5742.44,12,13,11,25.73,35423.36,54.72,70.65,0,4,
paimana_flash,2026-01,2025-26,,Himachal Pradesh,23,20620.11,29626.73,9006.62,15,11,9,28.33,10243.91,34.58,69.85,0,1,
paimana_flash,2026-01,2025-26,,Jammu & Kashmir,44,56919.19,62667.57,5748.38,9,27,25,23.4,26891.51,42.91,57.25,1,2,
paimana_flash,2026-01,2025-26,,Jharkhand,68,115760.18,125173.12,9412.94,14,29,24,41.62,49690.31,39.7,47.51,0,7,
paimana_flash,2026-01,2025-26,,Karnataka,75,130500.51,141319.76,10819.25,20,42,37,28.84,64534.8,45.67,52.79,0,21,
paimana_flash,2026-01,2025-26,,Kerala,26,55923.18,59880.09,3956.91,10,17,11,21.45,17058.78,28.49,62.73,0,1,
paimana_flash,2026-01,2025-26,,Ladakh,4,1664.27,1824.27,160.0,1,4,4,39.0,1254.46,68.77,81.25,0,0,
paimana_flash,2026-01,2025-26,,Madhya Pradesh,76,181299.22,184342.16,3042.94,17,39,33,31.3,47893.71,25.98,50.14,0,20,
paimana_flash,2026-01,2025-26,,Maharashtra,153,261917.36,300910.98,38993.62,36,84,67,29.54,148700.67,49.42,56.58,0,11,
paimana_flash,2026-01,2025-26,,Manipur,32,27470.94,35111.91,7640.97,2,24,24,26.83,23954.2,68.22,70.22,0,2,
paimana_flash,2026-01,2025-26,,Meghalaya,13,7120.92,6967.59,-153.33,0,6,5,17.4,1053.2,15.12,48.38,0,1,
paimana_flash,2026-01,2025-26,,Mizoram,23,15121.08,15265.64,144.56,1,13,11,19.73,2532.73,16.59,39.87,0,8,
paimana_flash,2026-01,2025-26,,Nagaland,21,6694.28,7248.33,554.05,4,7,5,18.8,981.87,13.55,49.81,0,0,
paimana_flash,2026-01,2025-26,,Odisha,75,145693.71,152258.56,6564.85,22,35,27,32.89,64032.83,42.06,54.49,0,4,
paimana_flash,2026-01,2025-26,,Puducherry,1,618.34,544.34,-74.0,0,1,1,17.0,530.88,97.53,98.0,0,0,
paimana_flash,2026-01,2025-26,,Punjab,36,40928.94,46211.81,5282.87,23,14,13,24.31,22323.14,48.31,60.28,0,5,
paimana_flash,2026-01,2025-26,,Rajasthan,49,90375.53,126751.2,36375.67,5,33,28,17.04,89170.12,70.35,62.22,0,2,
paimana_flash,2026-01,2025-26,,Sikkim,12,10888.62,11984.73,1096.11,3,10,9,21.33,6789.37,56.65,68.0,0,1,
paimana_flash,2026-01,2025-26,,Tamil Nadu,43,140935.34,144713.98,3778.64,13,22,19,22.68,45025.21,31.11,66.56,0,8,
paimana_flash,2026-01,2025-26,,Telangana,55,41385.37,57258.11,15872.74,14,32,28,25.0,24673.11,43.09,67.36,0,5,
paimana_flash,2026-01,2025-26,,Tripura,12,7403.59,7350.3,-53.29,1,5,5,16.2,811.28,11.04,26.75,0,0,
paimana_flash,2026-01,2025-26,,Uttar Pradesh,123,197839.47,200989.23,3149.76,28,55,48,18.4,81012.73,40.31,55.18,0,19,
paimana_flash,2026-01,2025-26,,Uttarakhand,25,61280.74,75748.33,14467.59,6,12,12,42.83,52280.54,69.02,56.24,0,8,
paimana_flash,2026-01,2025-26,,West Bengal,54,80649.81,89405.49,8755.68,12,33,26,35.23,33697.07,37.69,46.2,0,3,
paimana_flash,2026-02,2025-26,,Andaman & Nicobar Islands,4,863.85,1291.36,427.51,3,0,0,,0.0,0.0,44.0,0,3,
paimana_flash,2026-02,2025-26,,Andhra Pradesh,107,135811.21,184424.09,48612.88,21,44,40,22.22,100782.53,54.65,65.22,1,14,
paimana_flash,2026-02,2025-26,,Arunachal Pradesh,16,44280.92,44280.93,0.01,1,6,4,19.25,5669.57,12.8,40.19,1,2,
paimana_flash,2026-02,2025-26,,Assam,78,77174.71,89854.63,12679.92,12,31,24,26.75,41626.55,46.33,58.58,0,1,
paimana_flash,2026-02,2025-26,,Bihar,94,169699.26,178544.91,8845.65,39,48,42,27.69,68189.25,38.19,61.38,0,10,
paimana_flash,2026-02,2025-26,,Chhattisgarh,68,117190.32,126172.85,8982.53,16,30,21,24.48,45836.96,36.33,52.01,0,11,
paimana_flash,2026-02,2025-26,,Dadra & Nagar Haveli and Daman & Diu,2,408.06,449.57,41.51,1,0,0,,73.03,16.24,36.0,0,1,
paimana_flash,2026-02,2025-26,,Delhi,16,97594.18,101131.94,3537.76,6,10,9,37.56,40211.56,39.76,58.38,0,1,
paimana_flash,2026-02,2025-26,,Goa,4,1758.48,1611.68,-146.8,0,2,1,52.0,233.49,14.49,52.5,0,2,
paimana_flash,2026-02,2025-26,,Gujarat,111,195150.61,219654.21,24503.6,42,63,47,19.91,121494.21,55.31,57.15,1,10,
paimana_flash,2026-02,2025-26,,Haryana,25,64895.63,71598.51,6702.88,15,15,13,23.54,38123.38,53.25,71.8,0,5,
paimana_flash,2026-02,2025-26,,Himachal Pradesh,29,29270.47,39521.02,10250.55,17,11,10,31.4,14169.64,35.85,64.95,0,7,
paimana_flash,2026-02,2025-26,,Jammu & Kashmir,46,59036.83,64785.21,5748.38,9,28,26,23.92,28836.54,44.51,58.43,0,3,
paimana_flash,2026-02,2025-26,,Jharkhand,75,122155.54,131493.31,9337.77,15,31,25,40.48,51238.4,38.97,46.15,0,7,
paimana_flash,2026-02,2025-26,,Karnataka,95,152433.35,166709.58,14276.23,28,49,44,29.14,73557.57,44.12,54.02,0,21,
paimana_flash,2026-02,2025-26,,Kerala,28,64619.97,69961.27,5341.3,12,18,13,19.62,19844.77,28.37,63.29,1,3,
paimana_flash,2026-02,2025-26,,Ladakh,3,1265.9,1425.9,160.0,1,3,3,43.33,1034.96,72.58,78.33,0,0,
paimana_flash,2026-02,2025-26,,Madhya Pradesh,98,195052.1,196066.88,1014.78,20,41,34,32.44,52612.01,26.83,53.58,0,22,
paimana_flash,2026-02,2025-26,,Maharashtra,185,296968.74,340312.39,43343.65,42,89,72,29.51,157080.72,46.16,55.95,1,33,
paimana_flash,2026-02,2025-26,,Manipur,32,26930.09,34571.06,7640.97,2,22,22,29.0,23522.35,68.04,71.78,0,2,
paimana_flash,2026-02,2025-26,,Meghalaya,13,7120.92,6967.59,-153.33,0,6,5,17.4,1098.88,15.77,51.38,0,0,
paimana_flash,2026-02,2025-26,,Mizoram,23,15121.08,15265.64,144.56,1,13,11,19.73,2627.2,17.21,40.96,0,0,
paimana_flash,2026-02,2025-26,,Nagaland,21,6694.28,7248.33,554.05,4,7,5,20.2,1154.87,15.93,61.29,0,0,
paimana_flash,2026-02,2025-26,,Odisha,88,154644.39,165393.21,10748.82,26,37,29,36.21,76156.81,46.05,53.81,0,14,
paimana_flash,2026-02,2025-26,,Puducherry,1,618.34,544.34,-74.0,0,1,1,17.0,531.44,97.63,98.0,0,0,
paimana_flash,2026-02,2025-26,,Punjab,41,46961.27,53189.16,6227.89,27,15,14,24.14,25017.4,47.03,58.63,0,5,
paimana_flash,2026-02,2025-26,,Rajasthan,54,93266.97,128588.53,35321.56,6,32,27,16.63,90746.8,70.57,61.96,1,6,
paimana_flash,2026-02,2025-26,,Sikkim,14,11418.3,12746.61,1328.31,5,12,11,21.45,7054.38,55.34,73.14,0,2,
paimana_flash,2026-02,2025-26,,Tamil Nadu,54,151668.39,153890.48,2222.09,17,24,21,21.48,49069.64,31.89,66.44,0,12,
paimana_flash,2026-02,2025-26,,Telangana,66,49376.15,65567.07,16190.92,17,33,28,25.86,25911.53,39.52,63.77,0,13,
paimana_flash,2026-02,2025-26,,Tripura,11,6946.71,6893.42,-53.29,1,4,4,19.5,843.04,12.23,34.73,0,0,
paimana_flash,2026-02,2025-26,,Uttar Pradesh,136,220642.79,223488.67,2845.88,33,63,55,17.18,85906.95,38.44,54.93,2,15,
paimana_flash,2026-02,2025-26,,Uttarakhand,40,66544.17,80969.95,14425.78,6,14,14,38.36,53101.96,65.58,61.92,0,15,
paimana_flash,2026-02,2025-26,,West Bengal,61,84952.91,92816.71,7863.8,12,33,26,35.73,35791.02,38.56,45.77,0,7,
paimana_flash,2026-03,2025-26,,Andaman & Nicobar Islands,4,863.85,1291.36,427.51,3,3,3,8.33,0.0,0.0,49.48,0,0,
paimana_flash,2026-03,2025-26,,Andhra Pradesh,105,140796.29,189409.17,48612.88,21,92,76,25.59,107075.84,56.53,69.56,3,0,
paimana_flash,2026-03,2025-26,,Arunachal Pradesh,16,44280.92,44280.93,0.01,1,13,6,27.33,6142.71,13.87,42.12,0,0,
paimana_flash,2026-03,2025-26,,Assam,78,77621.03,90346.52,12725.49,12,63,39,22.67,43641.99,48.31,62.17,1,0,
paimana_flash,2026-03,2025-26,,Bihar,98,174687.29,184135.72,9448.43,43,88,70,33.43,73076.31,39.69,64.55,0,4,
paimana_flash,2026-03,2025-26,,Chhattisgarh,67,116840.57,125823.1,8982.53,16,45,32,30.72,48232.72,38.33,54.09,1,0,
paimana_flash,2026-03,2025-26,,Dadra & Nagar Haveli and Daman & Diu,2,408.06,449.57,41.51,1,0,0,,73.03,16.24,36.0,0,0,
paimana_flash,2026-03,2025-26,,Delhi,16,97594.18,101131.94,3537.76,6,10,9,43.0,43775.09,43.29,56.22,0,0,
paimana_flash,2026-03,2025-26,,Goa,4,1758.48,1611.68,-146.8,0,3,2,29.0,235.89,14.64,54.38,0,0,
paimana_flash,2026-03,2025-26,,Gujarat,107,187656.35,212091.46,24435.11,42,85,62,25.65,119932.01,56.55,58.08,4,0,
paimana_flash,2026-03,2025-26,,Haryana,24,64525.63,71228.51,6702.88,15,22,19,26.11,39158.79,54.98,75.49,0,0,
paimana_flash,2026-03,2025-26,,Himachal Pradesh,28,26655.47,36906.02,10250.55,17,28,21,23.0,13842.46,37.51,69.78,0,0,
paimana_flash,2026-03,2025-26,,Jammu & Kashmir,45,56816.11,62379.77,5563.66,7,39,38,24.95,29278.77,46.94,60.08,2,0,
paimana_flash,2026-03,2025-26,,Jharkhand,75,122155.54,131493.31,9337.77,15,45,34,34.32,52165.13,39.67,47.74,0,0,
paimana_flash,2026-03,2025-26,,Karnataka,94,151637.05,165514.04,13876.99,26,84,61,37.1,79587.74,48.09,56.0,1,0,
paimana_flash,2026-03,2025-26,,Kerala,28,64619.97,69961.27,5341.3,12,26,21,27.9,20540.04,29.36,65.17,0,0,
paimana_flash,2026-03,2025-26,,Ladakh,4,1664.27,1824.27,160.0,1,4,4,46.75,1326.9,72.74,81.85,0,0,
paimana_flash,2026-03,2025-26,,Madhya Pradesh,96,191324.94,190690.72,-634.22,19,77,48,32.02,52415.21,27.49,55.1,1,0,
paimana_flash,2026-03,2025-26,,Maharashtra,184,295749.26,339217.29,43468.03,43,138,97,36.08,161211.89,47.52,60.01,1,0,
paimana_flash,2026-03,2025-26,,Manipur,34,27968.89,35609.86,7640.97,2,34,29,31.14,24617.79,69.13,74.7,0,0,
paimana_flash,2026-03,2025-26,,Meghalaya,14,7615.44,7397.29,-218.15,0,13,7,25.14,1626.23,21.98,59.66,0,0,
paimana_flash,2026-03,2025-26,,Mizoram,23,15121.08,15265.64,144.56,1,18,12,22.75,2736.24,17.92,44.75,0,0,
paimana_flash,2026-03,2025-26,,Nagaland,21,6694.28,7248.33,554.05,4,18,12,19.25,1214.13,16.75,64.66,0,0,
paimana_flash,2026-03,2025-26,,Odisha,88,154589.72,165112.54,10522.82,25,66,50,32.72,80343.58,48.66,57.3,0,0,
paimana_flash,2026-03,2025-26,,Puducherry,1,618.34,544.34,-74.0,0,1,1,17.0,543.74,99.89,98.5,0,0,
paimana_flash,2026-03,2025-26,,Punjab,40,45435.96,51252.62,5816.66,26,35,28,24.14,23458.33,45.77,60.22,1,0,
paimana_flash,2026-03,2025-26,,Rajasthan,55,93437.46,128759.02,35321.56,6,44,33,20.7,93699.65,72.77,62.79,0,1,
paimana_flash,2026-03,2025-26,,Sikkim,14,11418.3,12746.61,1328.31,5,12,11,30.27,7328.34,57.49,75.65,0,0,
paimana_flash,2026-03,2025-26,,Tamil Nadu,53,150841.39,153002.77,2161.38,16,47,40,50.5,51024.99,33.35,67.62,1,0,
paimana_flash,2026-03,2025-26,,Telangana,68,50215.39,66369.79,16154.4,17,58,44,37.43,28574.44,43.05,65.55,0,0,
paimana_flash,2026-03,2025-26,,Tripura,11,6946.71,6893.42,-53.29,1,10,6,16.5,897.15,13.01,40.95,0,0,
paimana_flash,2026-03,2025-26,,Uttar Pradesh,136,221114.56,224016.46,2901.9,33,119,77,19.77,88196.74,39.37,57.22,1,1,
paimana_flash,2026-03,2025-26,,Uttarakhand,43,64990.54,75093.67,10103.13,5,29,24,39.12,47041.39,62.64,60.9,1,4,
paimana_flash,2026-03,2025-26,,West Bengal,60,84654.65,92518.45,7863.8,12,45,34,35.06,36547.88,39.5,47.16,1,0,
paimana_flash,2026-04,2026-27,,Andaman & Nicobar Islands,4,863.85,1291.36,427.51,3,3,3,8.33,0.0,0.0,51.98,0,0,
paimana_flash,2026-04,2026-27,,Andhra Pradesh,109,148525.37,197135.97,48610.6,21,96,80,26.34,109631.29,55.61,68.97,0,4,
paimana_flash,2026-04,2026-27,,Arunachal Pradesh,19,66849.69,66849.67,-0.02,1,13,6,27.33,6635.42,9.93,36.35,0,3,
paimana_flash,2026-04,2026-27,,Assam,79,78116.62,90842.11,12725.49,12,64,39,22.82,43985.18,48.42,61.69,0,1,
paimana_flash,2026-04,2026-27,,Bihar,102,185746.11,195426.88,9680.77,45,92,73,36.14,75414.11,38.59,64.97,0,5,
paimana_flash,2026-04,2026-27,,Chhattisgarh,67,116840.57,126214.07,9373.5,16,45,32,31.78,49166.22,38.95,55.77,0,0,
paimana_flash,2026-04,2026-27,,Dadra & Nagar Haveli and Daman & Diu,2,408.06,449.57,41.51,1,0,0,,73.03,16.24,36.0,0,0,
paimana_flash,2026-04,2026-27,,Delhi,17,97878.18,101415.94,3537.76,6,11,10,40.1,44532.68,43.91,53.99,0,1,
paimana_flash,2026-04,2026-27,,Goa,5,3650.48,3503.68,-146.8,0,4,3,22.67,283.79,8.1,46.87,0,1,
paimana_flash,2026-04,2026-27,,Gujarat,108,191802.04,215932.07,24130.03,42,86,63,26.6,123172.89,57.04,59.29,2,2,
paimana_flash,2026-04,2026-27,,Haryana,23,64312.44,71015.32,6702.88,15,21,18,26.56,39838.91,56.1,75.42,1,0,
paimana_flash,2026-04,2026-27,,Himachal Pradesh,29,27526.42,37802.88,10276.46,18,29,25,22.64,14294.71,37.81,68.26,0,1,
paimana_flash,2026-04,2026-27,,Jammu & Kashmir,45,56816.11,62379.77,5563.66,7,39,38,26.08,30044.77,48.16,60.65,0,0,
paimana_flash,2026-04,2026-27,,Jharkhand,77,124412.6,133750.37,9337.77,15,46,34,35.06,53280.72,39.84,48.84,0,2,
paimana_flash,2026-04,2026-27,,Karnataka,99,177359.89,191236.88,13876.99,26,86,71,37.27,83069.78,43.44,53.52,1,6,
paimana_flash,2026-04,2026-27,,Kerala,29,68424.97,74156.27,5731.3,13,26,21,29.38,21723.34,29.29,63.66,0,1,
paimana_flash,2026-04,2026-27,,Ladakh,4,1664.27,1824.27,160.0,1,4,4,46.75,1326.9,72.74,81.9,0,0,
paimana_flash,2026-04,2026-27,,Madhya Pradesh,98,193164.23,194473.65,1309.42,20,77,50,32.24,54026.25,27.78,54.75,1,2,
paimana_flash,2026-04,2026-27,,Maharashtra,185,296144.56,339816.06,43671.5,44,141,97,36.07,162759.78,47.9,60.34,2,5,
paimana_flash,2026-04,2026-27,,Manipur,34,27968.89,35609.86,7640.97,2,34,29,31.31,24620.19,69.14,75.45,0,0,
paimana_flash,2026-04,2026-27,,Meghalaya,15,15939.72,15739.57,-200.15,1,14,8,31.5,1902.04,12.08,55.89,0,1,
paimana_flash,2026-04,2026-27,,Mizoram,23,15121.08,15265.64,144.56,1,18,12,22.75,2739.2,17.94,44.8,0,0,
paimana_flash,2026-04,2026-27,,Nagaland,21,6694.28,7248.33,554.05,4,18,12,19.25,1215.03,16.76,65.24,0,0,
paimana_flash,2026-04,2026-27,,Odisha,93,168558.99,179081.81,10522.82,25,67,50,33.9,82527.05,46.08,55.1,0,5,
paimana_flash,2026-04,2026-27,,Puducherry,1,618.34,544.34,-74.0,0,1,1,17.0,543.74,99.89,98.5,0,0,
paimana_flash,2026-04,2026-27,,Punjab,42,47039.65,52869.88,5830.23,27,36,31,24.84,24411.05,46.17,58.46,0,2,
paimana_flash,2026-04,2026-27,,Rajasthan,55,97198.64,132520.2,35321.56,6,43,33,20.58,95055.62,71.73,62.8,1,2,
paimana_flash,2026-04,2026-27,,Sikkim,14,11418.3,12746.61,1328.31,5,13,12,29.75,7399.99,58.05,75.92,0,0,
paimana_flash,2026-04,2026-27,,Tamil Nadu,53,151289.87,154910.24,3620.37,16,47,42,51.29,52966.36,34.19,66.3,1,1,
paimana_flash,2026-04,2026-27,,Telangana,70,52676.64,68838.24,16161.6,17,58,48,35.54,29125.48,42.31,65.05,0,3,
paimana_flash,2026-04,2026-27,,Tripura,11,6946.71,6893.42,-53.29,1,11,6,16.5,1189.7,17.26,42.66,0,0,
paimana_flash,2026-04,2026-27,,Uttar Pradesh,141,224602.43,227535.08,2932.65,34,129,85,19.96,90710.54,39.87,57.71,0,5,
paimana_flash,2026-04,2026-27,,Uttarakhand,43,64990.54,75148.7,10158.16,6,30,25,39.28,47316.98,62.96,62.75,0,0,
paimana_flash,2026-04,2026-27,,West Bengal,59,84401.0,92264.8,7863.8,12,45,35,34.69,36939.46,40.04,48.89,0,0,
paimana_flash,2026-05,2026-27,,Andaman & Nicobar Islands,4,863.85,1311.48,447.63,4,4,4,15.5,37.35,2.85,58.73,0,0,
paimana_flash,2026-05,2026-27,,Andhra Pradesh,110,158414.61,207025.21,48610.6,21,96,81,27.84,110895.81,53.57,69.34,0,1,
paimana_flash,2026-05,2026-27,,Arunachal Pradesh,19,66849.69,66849.67,-0.02,1,13,6,27.67,6767.72,10.12,36.6,0,0,
paimana_flash,2026-05,2026-27,,Assam,77,77561.09,92929.36,15368.27,10,62,37,23.46,44131.56,47.49,61.75,2,0,
paimana_flash,2026-05,2026-27,,Bihar,108,187124.11,196804.88,9680.77,45,93,76,36.2,140231.72,71.25,62.18,0,6,
paimana_flash,2026-05,2026-27,,Chhattisgarh,68,119987.64,129361.14,9373.5,16,48,34,30.82,49884.02,38.56,55.65,0,1,
paimana_flash,2026-05,2026-27,,Dadra & Nagar Haveli and Daman & Diu,1,198.06,239.57,41.51,1,0,0,,73.03,30.48,52.0,0,0,
paimana_flash,2026-05,2026-27,,Delhi,17,97878.18,101415.94,3537.76,6,11,10,40.5,45705.83,45.07,55.84,0,0,
paimana_flash,2026-05,2026-27,,Goa,6,4397.23,4250.43,-146.8,0,4,3,22.67,286.12,6.73,40.97,0,1,
paimana_flash,2026-05,2026-27,,Gujarat,106,175687.68,195288.4,19600.72,39,84,63,24.27,167611.74,85.83,59.06,2,1,
paimana_flash,2026-05,2026-27,,Haryana,23,64312.44,71015.32,6702.88,15,22,18,27.28,40274.12,56.71,76.93,0,0,
paimana_flash,2026-05,2026-27,,Himachal Pradesh,29,27526.42,37802.88,10276.46,18,29,25,23.36,14627.64,38.69,69.05,0,0,
paimana_flash,2026-05,2026-27,,Jammu & Kashmir,48,58294.09,63857.75,5563.66,7,44,42,24.95,31104.33,48.71,59.36,0,3,
paimana_flash,2026-05,2026-27,,Jharkhand,78,125834.29,135172.06,9337.77,15,48,34,33.65,54069.26,40.0,47.69,0,2,
paimana_flash,2026-05,2026-27,,Karnataka,101,178929.68,193598.23,14668.55,26,88,76,35.13,83986.61,43.38,54.94,1,3,
paimana_flash,2026-05,2026-27,,Kerala,29,68424.97,74156.27,5731.3,13,26,21,32.52,22296.24,30.07,65.29,0,0,
paimana_flash,2026-05,2026-27,,Ladakh,5,1989.27,2149.27,160.0,1,4,4,46.75,1470.74,68.43,65.58,0,1,
paimana_flash,2026-05,2026-27,,Madhya Pradesh,97,192516.14,193825.56,1309.42,20,77,50,31.96,55310.24,28.54,55.57,0,0,
paimana_flash,2026-05,2026-27,,Maharashtra,179,287429.71,330940.43,43510.72,43,135,92,34.92,150779.59,45.56,60.01,3,2,
paimana_flash,2026-05,2026-27,,Manipur,34,27968.89,35609.86,7640.97,2,34,30,31.23,24879.84,69.87,76.49,0,0,
paimana_flash,2026-05,2026-27,,Meghalaya,16,16128.72,15137.07,-991.65,1,14,8,32.62,2023.17,13.37,53.61,0,1,
paimana_flash,2026-05,2026-27,,Mizoram,24,15292.04,15436.6,144.56,1,19,13,25.92,2752.16,17.83,42.95,0,1,
paimana_flash,2026-05,2026-27,,Nagaland,22,7019.28,7573.33,554.05,4,18,12,19.33,1379.77,18.22,62.56,0,1,
paimana_flash,2026-05,2026-27,,Odisha,92,168079.84,178602.66,10522.82,25,69,51,31.94,145428.12,81.43,55.7,0,0,
paimana_flash,2026-05,2026-27,,Puducherry,1,618.34,544.34,-74.0,0,1,1,17.0,543.74,99.89,99.0,0,0,
paimana_flash,2026-05,2026-27,,Punjab,42,47039.65,52869.88,5830.23,27,37,33,25.64,24911.6,47.12,62.18,0,0,
paimana_flash,2026-05,2026-27,,Rajasthan,56,97063.89,132385.45,35321.56,6,43,33,21.45,94475.43,71.36,60.14,2,3,
paimana_flash,2026-05,2026-27,,Sikkim,14,11418.3,12746.61,1328.31,5,13,12,32.08,7539.36,59.15,77.0,0,0,
paimana_flash,2026-05,2026-27,,Tamil Nadu,53,152925.0,156545.37,3620.37,16,47,43,53.19,53520.58,34.19,65.7,1,1,
paimana_flash,2026-05,2026-27,,Telangana,71,81984.14,98140.27,16156.13,17,60,48,35.9,29978.49,30.55,64.61,0,1,
paimana_flash,2026-05,2026-27,,Tripura,11,6946.71,6893.42,-53.29,1,11,9,13.22,1240.1,17.99,43.0,0,0,
paimana_flash,2026-05,2026-27,,Uttar Pradesh,143,211184.53,209574.08,-1610.45,33,128,89,18.9,71136.05,33.94,58.02,1,4,
paimana_flash,2026-05,2026-27,,Uttarakhand,43,64990.54,75148.7,10158.16,6,30,26,39.04,47922.07,63.77,63.73,0,0,
paimana_flash,2026-05,2026-27,,West Bengal,57,81685.5,89549.31,7863.81,12,43,33,34.55,37057.46,41.38,49.13,1,1,
paimana_flash,2026-06,2026-27,,Andaman & Nicobar Islands,4,863.85,1311.48,447.63,4,4,4,17.75,37.35,2.85,60.36,0,0,
paimana_flash,2026-06,2026-27,,Andhra Pradesh,95,150647.93,198494.43,47846.5,18,83,69,29.97,111779.05,56.31,67.27,12,0,
paimana_flash,2026-06,2026-27,,Arunachal Pradesh,19,67062.38,67062.36,-0.02,1,13,5,31.0,6881.92,10.26,32.33,0,1,
paimana_flash,2026-06,2026-27,,Assam,72,74947.94,90341.43,15393.49,10,67,42,22.83,45614.26,50.49,64.93,5,0,
paimana_flash,2026-06,2026-27,,Bihar,96,173951.62,185053.86,11102.24,41,85,71,32.32,143928.18,77.78,59.03,10,0,
paimana_flash,2026-06,2026-27,,Chhattisgarh,65,119222.56,128627.39,9404.83,16,44,31,30.1,52599.49,40.89,52.31,4,2,
paimana_flash,2026-06,2026-27,,Dadra & Nagar Haveli and Daman & Diu,1,198.06,239.57,41.51,1,1,1,1.0,75.95,31.7,80.0,0,0,
paimana_flash,2026-06,2026-27,,Delhi,16,96410.74,98905.6,2494.86,5,10,9,42.44,45345.76,45.85,55.2,1,0,
paimana_flash,2026-06,2026-27,,Goa,5,4141.54,3994.74,-146.8,0,4,2,8.0,168.21,4.21,30.98,1,0,
paimana_flash,2026-06,2026-27,,Gujarat,94,164202.99,178788.9,14585.91,27,76,55,22.91,162894.16,91.11,55.32,11,0,
paimana_flash,2026-06,2026-27,,Haryana,21,61399.22,67622.75,6223.53,13,20,16,30.69,42709.87,63.16,78.08,2,0,
paimana_flash,2026-06,2026-27,,Himachal Pradesh,30,28416.18,38657.12,10240.94,17,30,25,24.4,19601.6,50.71,68.14,1,1,
paimana_flash,2026-06,2026-27,,Jammu & Kashmir,46,57165.4,62798.79,5633.39,7,42,40,27.88,33269.91,52.98,64.54,1,0,
paimana_flash,2026-06,2026-27,,Jharkhand,75,124489.49,133738.8,9249.31,14,45,30,33.9,56472.89,42.23,45.48,3,2,
paimana_flash,2026-06,2026-27,,Karnataka,97,174633.82,188625.85,13992.03,24,86,73,34.14,99015.67,52.49,56.38,4,0,
paimana_flash,2026-06,2026-27,,Kerala,29,68424.97,74156.27,5731.3,13,26,21,33.29,42336.7,57.09,66.59,0,0,
paimana_flash,2026-06,2026-27,,Ladakh,5,1989.27,2149.27,160.0,1,4,4,47.0,1621.68,75.45,70.48,0,0,
paimana_flash,2026-06,2026-27,,Madhya Pradesh,92,189046.78,191374.99,2328.21,19,75,49,28.9,58998.6,30.83,56.12,5,0,
paimana_flash,2026-06,2026-27,,Maharashtra,169,278906.11,319261.68,40355.57,37,129,90,35.01,154290.51,48.33,56.82,7,4,
paimana_flash,2026-06,2026-27,,Manipur,34,27968.89,35609.86,7640.97,2,34,31,32.03,25692.58,72.15,77.11,0,0,
paimana_flash,2026-06,2026-27,,Meghalaya,16,16128.72,15137.07,-991.65,1,14,8,32.75,2842.89,18.78,54.7,0,0,
paimana_flash,2026-06,2026-27,,Mizoram,18,11995.16,11995.16,0.0,0,13,7,32.0,2781.2,23.19,36.86,4,0,
paimana_flash,2026-06,2026-27,,Nagaland,20,6006.96,6561.01,554.05,4,18,12,19.75,2231.84,34.02,69.77,2,0,
paimana_flash,2026-06,2026-27,,Odisha,87,164003.55,174493.68,10490.13,23,64,47,30.72,148708.32,85.22,55.0,4,0,
paimana_flash,2026-06,2026-27,,Puducherry,1,618.34,544.34,-74.0,0,1,1,17.0,543.74,99.89,99.5,0,0,
paimana_flash,2026-06,2026-27,,Punjab,42,46704.38,52520.11,5815.73,26,39,34,26.06,32103.91,61.13,60.63,1,1,
paimana_flash,2026-06,2026-27,,Rajasthan,50,49195.02,47577.52,-1617.5,3,36,27,21.96,22020.7,46.28,55.22,8,2,
paimana_flash,2026-06,2026-27,,Sikkim,14,11418.3,12784.29,1365.99,6,13,12,33.5,7646.53,59.81,77.64,0,0,
paimana_flash,2026-06,2026-27,,Tamil Nadu,44,144718.44,147727.65,3009.21,10,41,37,40.68,55353.16,37.47,61.37,9,0,
paimana_flash,2026-06,2026-27,,Telangana,63,80443.87,96598.22,16154.35,17,54,45,31.2,30652.64,31.73,61.16,6,0,
paimana_flash,2026-06,2026-27,,Tripura,10,6470.09,6392.27,-77.82,0,10,8,11.88,919.33,14.38,44.44,2,0,
paimana_flash,2026-06,2026-27,,Uttar Pradesh,131,206526.23,205563.44,-962.79,27,119,79,19.54,75016.49,36.49,55.73,11,3,
paimana_flash,2026-06,2026-27,,Uttarakhand,40,64290.57,74448.73,10158.16,6,29,24,38.12,48080.44,64.58,62.87,2,0,
paimana_flash,2026-06,2026-27,,West Bengal,57,81685.5,89549.31,7863.81,12,44,34,33.85,38416.84,42.9,49.88,0,0,
paimana_flash,2026-07,2026-27,,Andaman & Nicobar Islands,4,863.85,1311.48,447.63,4,4,4,17.75,313.13,23.88,60.52,0,0,
paimana_flash,2026-07,2026-27,,Andhra Pradesh,89,126135.36,173391.8,47256.44,17,78,66,30.79,99032.94,57.12,68.17,2,0,
paimana_flash,2026-07,2026-27,,Arunachal Pradesh,18,66565.91,66565.91,0.0,0,13,4,34.75,8854.64,13.3,32.69,1,0,
paimana_flash,2026-07,2026-27,,Assam,64,70663.18,86080.61,15417.43,10,55,38,20.74,47395.15,55.06,66.22,0,0,
paimana_flash,2026-07,2026-27,,Bihar,93,173834.9,186094.22,12259.32,40,78,65,30.49,84707.55,45.52,57.56,0,1,
paimana_flash,2026-07,2026-27,,Chhattisgarh,63,109958.47,119342.04,9383.57,16,40,29,31.93,52162.59,43.71,52.0,0,2,
paimana_flash,2026-07,2026-27,,Dadra & Nagar Haveli and Daman & Diu,1,198.06,239.57,41.51,1,1,1,2.0,77.74,32.45,80.0,0,0,
paimana_flash,2026-07,2026-27,,Delhi,14,91220.53,93750.23,2529.7,5,9,8,38.75,45156.14,48.17,58.35,0,0,
paimana_flash,2026-07,2026-27,,Goa,5,4141.54,3994.74,-146.8,0,4,2,8.0,168.49,4.22,31.85,0,0,
paimana_flash,2026-07,2026-27,,Gujarat,84,150588.79,165156.31,14567.52,28,68,49,19.65,100032.44,60.57,57.85,3,1,
paimana_flash,2026-07,2026-27,,Haryana,20,61040.22,67263.75,6223.53,13,19,17,29.59,43249.81,64.3,81.29,0,0,
paimana_flash,2026-07,2026-27,,Himachal Pradesh,29,28173.38,37931.56,9758.18,17,29,24,24.79,19825.3,52.27,67.78,1,0,
paimana_flash,2026-07,2026-27,,Jammu & Kashmir,46,57215.75,63208.14,5992.39,7,41,40,28.22,33458.68,52.93,65.0,0,0,
paimana_flash,2026-07,2026-27,,Jharkhand,76,125061.12,134545.62,9484.5,15,49,31,33.13,57606.23,42.82,46.53,0,1,
paimana_flash,2026-07,2026-27,,Karnataka,92,173271.03,178214.03,4943.0,26,80,68,34.56,103354.87,57.99,59.38,0,0,
paimana_flash,2026-07,2026-27,,Kerala,29,68420.32,74757.04,6336.72,15,25,22,32.18,43172.96,57.75,67.42,0,0,
paimana_flash,2026-07,2026-27,,Ladakh,5,1989.27,2149.27,160.0,1,4,4,47.25,1650.14,76.78,72.21,0,0,
paimana_flash,2026-07,2026-27,,Madhya Pradesh,89,172797.64,176026.68,3229.04,20,70,47,30.0,51351.73,29.17,57.02,1,0,
paimana_flash,2026-07,2026-27,,Maharashtra,157,209379.39,251622.67,42243.28,38,112,83,34.89,129336.37,51.4,57.29,4,1,
paimana_flash,2026-07,2026-27,,Manipur,34,27968.89,35609.96,7641.07,2,34,32,31.78,27115.7,76.15,78.24,0,0,
paimana_flash,2026-07,2026-27,,Meghalaya,15,7804.44,6794.79,-1009.65,0,13,7,27.29,2876.33,42.33,58.99,0,0,
paimana_flash,2026-07,2026-27,,Mizoram,18,11995.16,11995.16,0.0,0,13,7,32.0,4430.35,36.93,36.92,2,0,
paimana_flash,2026-07,2026-27,,Nagaland,20,6006.96,6561.01,554.05,4,17,12,20.08,2635.58,40.17,69.84,0,0,
paimana_flash,2026-07,2026-27,,Odisha,89,164214.74,179933.11,15718.37,25,64,48,31.46,89581.21,49.79,56.27,1,6,
paimana_flash,2026-07,2026-27,,Puducherry,1,618.34,544.34,-74.0,0,1,1,17.0,543.74,99.89,99.5,0,0,
paimana_flash,2026-07,2026-27,,Punjab,40,42192.79,48013.64,5820.85,25,34,30,26.9,28576.54,59.52,61.26,0,1,
paimana_flash,2026-07,2026-27,,Rajasthan,49,70335.23,68509.52,-1825.71,4,35,26,18.54,28671.74,41.85,56.26,2,1,
paimana_flash,2026-07,2026-27,,Sikkim,14,11418.3,12773.1,1354.8,6,14,12,35.83,9637.89,75.45,77.89,0,0,
paimana_flash,2026-07,2026-27,,Tamil Nadu,46,148752.5,157186.24,8433.74,13,41,37,45.08,62755.24,39.92,61.71,1,0,
paimana_flash,2026-07,2026-27,,Telangana,57,75383.6,88869.13,13485.53,14,49,41,31.02,25370.63,28.55,63.83,4,1,
paimana_flash,2026-07,2026-27,,Tripura,11,15735.09,15657.27,-77.82,0,11,9,16.33,9175.29,58.6,49.57,0,0,
paimana_flash,2026-07,2026-27,,Uttar Pradesh,126,248794.05,248185.51,-608.54,28,113,77,20.95,84737.52,34.14,57.25,1,1,
paimana_flash,2026-07,2026-27,,Uttarakhand,41,26855.91,37014.07,10158.16,6,29,24,37.12,20362.15,55.01,60.88,0,2,
paimana_flash,2026-07,2026-27,,West Bengal,54,72106.45,77856.17,5749.72,12,39,29,36.66,33839.13,43.46,50.36,0,2,
quarterly_qpisr,2014-06,2014-15,Q1,Andhra Pradesh,22,24560.99,29968.77,5407.78,9,14,14,33.71,20353.28,67.91,51.18,0,0,
quarterly_qpisr,2014-06,2014-15,Q1,Arunachal Pradesh,4,9512.22,9764.2,251.98,1,3,3,66.33,11169.39,114.39,76.0,1,0,
quarterly_qpisr,2014-06,2014-15,Q1,Assam,38,24556.86,38943.74,14386.88,14,32,30,69.7,31368.1,80.55,68.3,0,0,
quarterly_qpisr,2014-06,2014-15,Q1,Bihar,46,33802.78,46815.8,13013.02,15,21,15,33.33,32917.64,70.31,40.85,0,0,
quarterly_qpisr,2014-06,2014-15,Q1,Chandigarh,1,452.0,452.0,0.0,0,1,0,,264.84,58.59,73.5,0,0,
quarterly_qpisr,2014-06,2014-15,Q1,Chhattisgarh,23,56979.13,64487.75,7508.62,6,21,16,23.5,28000.44,43.52,41.48,0,0,
quarterly_qpisr,2014-06,2014-15,Q1,Delhi,4,41531.33,41531.33,0.0,0,2,1,8.0,9438.4,22.73,30.89,0,0,
quarterly_qpisr,2014-06,2014-15,Q1,Goa,1,335.61,388.53,52.92,1,1,1,23.0,280.74,72.26,99.51,0,0,
quarterly_qpisr,2014-06,2014-15,Q1,Gujarat,31,37705.24,38694.28,989.04,6,22,13,19.15,13114.62,48.15,45.13,0,0,
quarterly_qpisr,2014-06,2014-15,Q1,Haryana,10,4757.42,6907.4,2149.98,3,7,4,38.5,7266.07,105.19,37.57,0,0,
quarterly_qpisr,2014-06,2014-15,Q1,Himachal Pradesh,6,15762.0,20786.4,5024.4,3,4,3,75.0,16317.02,78.5,10.0,1,0,
quarterly_qpisr,2014-06,2014-15,Q1,Jammu & Kashmir,7,11965.4,30895.6,18930.2,3,7,6,39.33,15566.94,50.39,49.5,1,0,
quarterly_qpisr,2014-06,2014-15,Q1,Jharkhand,29,21317.05,21927.46,610.41,4,23,16,42.38,11711.32,53.41,45.32,0,0,
quarterly_qpisr,2014-06,2014-15,Q1,Karnataka,35,79606.44,93804.75,14198.31,18,14,10,26.3,29557.3,31.51,37.05,1,0,
quarterly_qpisr,2014-06,2014-15,Q1,Kerala,12,22610.65,25135.43,2524.78,5,8,7,31.0,10017.66,39.85,45.66,0,0,
quarterly_qpisr,2014-06,2014-15,Q1,Madhya Pradesh,19,30521.22,32003.81,1482.59,5,14,8,38.0,8445.29,32.91,53.07,1,0,
quarterly_qpisr,2014-06,2014-15,Q1,Maharashtra,50,93052.13,109276.29,16224.16,19,39,26,37.54,49986.63,45.74,52.76,4,0,
quarterly_qpisr,2014-06,2014-15,Q1,Manipur,1,727.56,5996.0,5268.44,1,1,1,72.0,2262.95,37.74,37.74,0,0,
quarterly_qpisr,2014-06,2014-15,Q1,Meghalaya,3,4845.02,4845.02,0.0,0,2,1,11.0,951.57,19.64,31.17,0,0,
quarterly_qpisr,2014-06,2014-15,Q1,Mizoram,2,988.06,3307.11,2319.05,2,2,2,69.0,786.08,23.77,23.67,0,0,
quarterly_qpisr,2014-06,2014-15,Q1,Nagaland,2,5124.0,6720.57,1596.57,1,1,1,24.0,9.23,0.14,0.19,0,0,
quarterly_qpisr,2014-06,2014-15,Q1,Odisha,33,60255.11,67146.98,6891.87,12,26,19,30.63,47057.25,70.08,49.77,0,0,
quarterly_qpisr,2014-06,2014-15,Q1,Punjab,4,1680.2,1653.16,-27.04,0,2,2,34.5,2519.92,152.43,26.0,0,0,
quarterly_qpisr,2014-06,2014-15,Q1,Rajasthan,25,25638.72,25695.93,57.21,5,14,7,30.86,13224.85,51.47,33.22,0,0,
quarterly_qpisr,2014-06,2014-15,Q1,Sikkim,2,1648.94,3684.88,2035.94,1,2,2,43.0,364.56,9.89,42.78,0,0,
quarterly_qpisr,2014-06,2014-15,Q1,Tamil Nadu,40,54818.67,71711.37,16892.7,21,24,18,33.0,47311.32,65.97,48.26,0,0,
quarterly_qpisr,2014-06,2014-15,Q1,Telangana,22,9563.31,12332.13,2768.82,5,15,6,33.0,3244.14,26.31,32.04,0,0,
quarterly_qpisr,2014-06,2014-15,Q1,Tripura,6,2966.26,4409.22,1442.96,3,3,3,62.33,2847.41,64.58,58.5,0,0,
quarterly_qpisr,2014-06,2014-15,Q1,Uttar Pradesh,27,20592.33,23267.37,2675.04,8,17,13,42.23,15754.03,67.71,33.99,1,0,
quarterly_qpisr,2014-06,2014-15,Q1,Uttarakhand,7,9501.04,13063.93,3562.89,5,6,5,52.8,3903.37,29.88,0.0,0,0,
quarterly_qpisr,2014-06,2014-15,Q1,West Bengal,38,57186.32,65301.38,8115.06,9,27,19,41.16,34517.67,52.86,40.63,0,0,
quarterly_qpisr,2014-09,2014-15,Q2,Andhra Pradesh,24,25454.52,30862.3,5407.78,9,17,14,34.5,20660.49,73.92,48.43,2,0,
quarterly_qpisr,2014-09,2014-15,Q2,Arunachal Pradesh,3,9356.22,12067.66,2711.44,2,3,3,70.33,11094.61,91.94,64.52,1,0,
quarterly_qpisr,2014-09,2014-15,Q2,Assam,38,26930.69,41738.17,14807.48,16,32,31,68.84,32483.83,77.83,70.16,0,0,
quarterly_qpisr,2014-09,2014-15,Q2,Bihar,48,37027.18,43648.73,6621.55,14,18,12,40.5,36003.6,84.22,38.81,0,0,
quarterly_qpisr,2014-09,2014-15,Q2,Chandigarh,1,452.0,452.0,0.0,0,1,0,,309.21,68.41,79.76,0,0,
quarterly_qpisr,2014-09,2014-15,Q2,Chhattisgarh,27,58300.98,65886.82,7585.84,7,24,17,24.06,25446.38,47.5,38.67,0,0,
quarterly_qpisr,2014-09,2014-15,Q2,Delhi,9,44464.6,44464.6,0.0,0,7,4,17.5,9755.1,21.94,42.33,0,0,
quarterly_qpisr,2014-09,2014-15,Q2,Goa,1,335.61,388.53,52.92,1,1,1,29.0,284.0,73.1,99.7,0,0,
quarterly_qpisr,2014-09,2014-15,Q2,Gujarat,33,38581.24,39407.29,826.05,6,22,14,24.14,19272.11,48.9,40.34,0,0,
quarterly_qpisr,2014-09,2014-15,Q2,Haryana,9,4540.88,6690.86,2149.98,3,6,3,34.67,7337.28,109.66,31.3,0,0,
quarterly_qpisr,2014-09,2014-15,Q2,Himachal Pradesh,6,13728.27,19787.64,6059.37,3,4,3,63.33,11073.97,62.42,10.0,1,0,
quarterly_qpisr,2014-09,2014-15,Q2,Jammu & Kashmir,7,21314.62,40235.3,18920.68,2,7,6,41.33,16898.29,42.0,26.5,1,0,
quarterly_qpisr,2014-09,2014-15,Q2,Jharkhand,32,21829.64,22197.4,367.76,5,26,17,44.41,12929.08,58.25,42.85,1,0,
quarterly_qpisr,2014-09,2014-15,Q2,Karnataka,35,79381.55,93875.06,14493.51,17,13,10,27.5,18499.66,22.64,40.26,2,0,
quarterly_qpisr,2014-09,2014-15,Q2,Kerala,13,22775.88,27579.66,4803.78,6,8,6,37.33,11120.63,40.32,54.75,1,0,
quarterly_qpisr,2014-09,2014-15,Q2,Madhya Pradesh,19,24795.09,26277.68,1482.59,5,16,11,30.64,9388.87,35.73,56.7,3,0,
quarterly_qpisr,2014-09,2014-15,Q2,Maharashtra,50,80320.13,92917.54,12597.41,16,39,27,29.52,40073.71,44.38,44.72,7,0,
quarterly_qpisr,2014-09,2014-15,Q2,Manipur,1,727.56,5996.0,5268.44,1,1,1,84.0,2519.8,42.02,42.02,0,0,
quarterly_qpisr,2014-09,2014-15,Q2,Meghalaya,3,4845.02,4845.02,0.0,0,2,1,11.0,1036.5,21.39,31.19,0,0,
quarterly_qpisr,2014-09,2014-15,Q2,Mizoram,2,988.06,3307.11,2319.05,2,2,2,87.0,848.93,25.67,24.3,0,0,
quarterly_qpisr,2014-09,2014-15,Q2,Nagaland,2,5124.0,6720.57,1596.57,1,1,1,60.0,10.23,0.15,0.42,0,0,
quarterly_qpisr,2014-09,2014-15,Q2,Odisha,41,67166.05,75819.1,8653.05,11,33,23,35.0,47850.95,65.32,47.36,0,0,
quarterly_qpisr,2014-09,2014-15,Q2,Punjab,5,1871.44,1844.4,-27.04,0,1,1,25.0,2551.24,138.32,50.67,1,0,
quarterly_qpisr,2014-09,2014-15,Q2,Rajasthan,25,25638.72,25695.94,57.22,6,12,8,32.88,13970.0,54.37,30.16,0,0,
quarterly_qpisr,2014-09,2014-15,Q2,Sikkim,2,1648.94,3684.88,2035.94,1,2,2,61.0,363.55,9.87,2.54,0,0,
quarterly_qpisr,2014-09,2014-15,Q2,Tamil Nadu,42,55341.49,72528.46,17186.97,21,25,18,32.78,48589.88,66.99,47.51,1,0,
quarterly_qpisr,2014-09,2014-15,Q2,Telangana,21,9410.31,12179.13,2768.82,5,15,10,33.2,3207.66,26.34,32.39,0,0,
quarterly_qpisr,2014-09,2014-15,Q2,Tripura,6,2966.26,4780.63,1814.37,3,4,4,50.75,3076.36,64.35,72.83,0,0,
quarterly_qpisr,2014-09,2014-15,Q2,Uttar Pradesh,26,14207.6,16863.93,2656.33,9,16,13,42.23,12005.88,71.19,28.17,1,0,
quarterly_qpisr,2014-09,2014-15,Q2,Uttarakhand,7,9501.04,13063.93,3562.89,5,6,6,50.17,4158.91,31.84,0.0,0,0,
quarterly_qpisr,2014-09,2014-15,Q2,West Bengal,40,57568.7,66551.53,8982.83,10,24,17,35.71,37058.75,55.68,37.68,1,0,
quarterly_qpisr,2014-12,2014-15,Q3,Andaman & Nicobar Islands,1,314.61,314.61,0.0,0,0,0,,16.59,5.27,0.0,0,0,
quarterly_qpisr,2014-12,2014-15,Q3,Andhra Pradesh,28,28206.21,33528.17,5321.96,8,21,15,32.33,19946.06,59.49,50.5,5,0,
quarterly_qpisr,2014-12,2014-15,Q3,Arunachal Pradesh,3,9356.22,19888.53,10532.31,3,2,2,59.0,11508.83,57.87,64.62,1,0,
quarterly_qpisr,2014-12,2014-15,Q3,Assam,40,24988.44,43343.56,18355.12,18,34,32,69.53,33605.16,77.53,67.4,2,0,
quarterly_qpisr,2014-12,2014-15,Q3,Bihar,48,37027.18,51405.82,14378.64,15,19,13,45.62,36403.77,72.08,41.21,0,0,
quarterly_qpisr,2014-12,2014-15,Q3,Chandigarh,1,452.0,452.0,0.0,0,1,0,,362.09,80.11,86.0,0,0,
quarterly_qpisr,2014-12,2014-15,Q3,Chhattisgarh,28,81737.93,82917.84,1179.91,5,25,15,19.07,34181.07,44.04,42.34,1,0,
quarterly_qpisr,2014-12,2014-15,Q3,Delhi,10,48728.6,48728.6,0.0,0,8,4,17.5,10176.38,20.88,9.25,0,0,
quarterly_qpisr,2014-12,2014-15,Q3,Goa,1,335.61,388.53,52.92,1,1,1,32.0,289.69,74.56,99.82,0,0,
quarterly_qpisr,2014-12,2014-15,Q3,Gujarat,32,37894.62,38651.79,757.17,5,21,12,25.17,20967.16,54.25,40.41,1,0,
quarterly_qpisr,2014-12,2014-15,Q3,Haryana,9,4540.88,6690.86,2149.98,3,7,4,39.25,7337.42,109.66,37.57,0,0,
quarterly_qpisr,2014-12,2014-15,Q3,Himachal Pradesh,6,13728.27,21028.89,7300.62,4,5,4,58.0,14760.12,70.19,5.0,2,0,
quarterly_qpisr,2014-12,2014-15,Q3,Jammu & Kashmir,7,21314.62,40235.3,18920.68,2,7,6,43.5,17293.53,42.98,18.33,1,0,
quarterly_qpisr,2014-12,2014-15,Q3,Jharkhand,32,35868.09,36531.8,663.71,6,26,16,43.94,13957.9,39.54,38.46,1,0,
quarterly_qpisr,2014-12,2014-15,Q3,Karnataka,34,78337.98,92917.96,14579.98,17,13,10,36.0,31517.56,33.92,38.04,4,0,
quarterly_qpisr,2014-12,2014-15,Q3,Kerala,13,24457.67,28611.45,4153.78,5,8,5,38.8,9747.87,34.81,42.51,1,0,
quarterly_qpisr,2014-12,2014-15,Q3,Madhya Pradesh,18,25308.88,27292.8,1983.92,4,15,9,34.78,8864.56,32.48,36.23,3,0,
quarterly_qpisr,2014-12,2014-15,Q3,Maharashtra,50,73436.05,86089.45,12653.4,15,40,30,30.03,35672.99,41.81,47.23,14,0,
quarterly_qpisr,2014-12,2014-15,Q3,Manipur,1,727.56,6570.75,5843.19,1,1,1,96.0,2676.64,40.74,40.74,0,0,
quarterly_qpisr,2014-12,2014-15,Q3,Meghalaya,3,4845.02,6069.9,1224.88,1,2,1,12.0,1049.84,17.3,31.18,0,0,
quarterly_qpisr,2014-12,2014-15,Q3,Mizoram,2,988.06,4080.05,3091.99,2,2,2,85.0,907.67,22.25,23.79,0,0,
quarterly_qpisr,2014-12,2014-15,Q3,Nagaland,2,5124.0,7461.12,2337.12,2,1,1,60.0,10.34,0.14,0.35,0,0,
quarterly_qpisr,2014-12,2014-15,Q3,Odisha,42,79666.61,88539.68,8873.07,14,31,22,36.23,47302.73,56.5,43.67,2,0,
quarterly_qpisr,2014-12,2014-15,Q3,Punjab,4,1497.5,1470.46,-27.04,0,1,1,25.0,2323.66,158.02,17.33,2,0,
quarterly_qpisr,2014-12,2014-15,Q3,Rajasthan,25,25638.72,25694.2,55.48,7,12,8,33.62,14363.89,55.9,33.27,0,0,
quarterly_qpisr,2014-12,2014-15,Q3,Sikkim,2,1648.94,4499.46,2850.52,1,2,2,58.0,406.5,9.03,2.11,0,0,
quarterly_qpisr,2014-12,2014-15,Q3,Tamil Nadu,41,53533.49,75772.21,22238.72,20,24,19,35.53,47595.71,62.81,45.45,1,0,
quarterly_qpisr,2014-12,2014-15,Q3,Telangana,21,9410.62,12180.44,2769.82,6,14,9,26.33,3242.13,26.62,33.94,0,0,
quarterly_qpisr,2014-12,2014-15,Q3,Tripura,6,2966.26,6400.2,3433.94,4,4,4,53.0,3164.51,49.44,70.74,0,0,
quarterly_qpisr,2014-12,2014-15,Q3,Uttar Pradesh,28,26759.7,29416.03,2656.33,9,18,15,39.6,13122.49,44.61,31.45,1,0,
quarterly_qpisr,2014-12,2014-15,Q3,Uttarakhand,7,9501.04,13063.93,3562.89,5,5,5,60.0,4406.66,33.73,100.0,1,0,
quarterly_qpisr,2014-12,2014-15,Q3,West Bengal,40,57281.9,68945.3,11663.4,14,25,18,42.17,35603.78,51.64,33.83,2,0,
quarterly_qpisr,2015-03,2014-15,Q4,Andaman & Nicobar Islands,1,314.61,314.61,0.0,0,0,0,,17.83,5.67,1.2,0,0,
quarterly_qpisr,2015-03,2014-15,Q4,Andhra Pradesh,27,24854.07,31076.5,6222.43,7,19,12,32.42,19133.0,64.7,34.53,5,0,
quarterly_qpisr,2015-03,2014-15,Q4,Arunachal Pradesh,3,9356.22,21463.83,12107.61,3,2,2,59.0,12394.81,57.75,60.25,1,0,
quarterly_qpisr,2015-03,2014-15,Q4,Assam,38,24210.82,42683.32,18472.5,17,33,31,72.26,34314.46,80.39,76.15,4,0,
quarterly_qpisr,2015-03,2014-15,Q4,Bihar,47,36856.08,51348.56,14492.48,16,17,15,43.0,37913.94,75.63,39.56,2,0,
quarterly_qpisr,2015-03,2014-15,Q4,Chandigarh,1,452.0,452.0,0.0,0,1,1,1.0,410.25,90.76,92.0,0,0,
quarterly_qpisr,2015-03,2014-15,Q4,Chhattisgarh,28,80681.93,75920.08,-4761.85,6,25,15,19.2,40144.35,52.88,45.08,1,0,
quarterly_qpisr,2015-03,2014-15,Q4,Delhi,11,50123.12,50123.12,0.0,0,9,6,20.0,16307.84,32.54,34.5,0,0,
quarterly_qpisr,2015-03,2014-15,Q4,Goa,1,335.61,388.53,52.92,1,1,1,34.0,295.43,76.04,100.0,0,0,
quarterly_qpisr,2015-03,2014-15,Q4,Gujarat,30,36296.62,36875.79,579.17,4,16,12,26.67,18643.52,54.89,38.87,2,0,
quarterly_qpisr,2015-03,2014-15,Q4,Haryana,8,4259.81,6230.43,1970.62,3,6,4,34.25,7163.7,120.46,24.57,0,0,
quarterly_qpisr,2015-03,2014-15,Q4,Himachal Pradesh,5,11681.24,19906.33,8225.09,3,4,3,65.33,11569.31,64.31,4.5,2,0,
quarterly_qpisr,2015-03,2014-15,Q4,Jammu & Kashmir,7,21314.62,40235.3,18920.68,2,7,6,45.0,17862.4,44.39,1.5,1,0,
quarterly_qpisr,2015-03,2014-15,Q4,Jharkhand,33,36123.28,36787.95,664.67,6,26,16,39.31,14422.83,40.56,36.49,1,0,
quarterly_qpisr,2015-03,2014-15,Q4,Karnataka,32,64122.2,79084.89,14962.69,17,10,8,35.0,19329.66,24.73,34.48,4,0,
quarterly_qpisr,2015-03,2014-15,Q4,Kerala,13,24457.67,28611.45,4153.78,5,8,6,33.0,10740.63,37.54,49.2,1,0,
quarterly_qpisr,2015-03,2014-15,Q4,Madhya Pradesh,21,26519.32,28503.24,1983.92,4,18,10,34.3,10440.37,36.63,32.76,4,0,
quarterly_qpisr,2015-03,2014-15,Q4,Maharashtra,48,101123.97,112856.74,11732.77,13,40,26,31.31,37524.49,33.45,45.24,16,0,
quarterly_qpisr,2015-03,2014-15,Q4,Manipur,1,727.56,6570.75,5843.19,1,1,1,96.0,2787.99,42.43,,0,0,
quarterly_qpisr,2015-03,2014-15,Q4,Meghalaya,3,4845.02,6069.9,1224.88,1,2,1,14.0,1049.99,17.3,46.7,0,0,
quarterly_qpisr,2015-03,2014-15,Q4,Mizoram,2,988.06,4201.96,3213.9,2,2,2,85.0,1000.05,23.8,41.0,0,0,
quarterly_qpisr,2015-03,2014-15,Q4,Nagaland,2,5124.0,7461.12,2337.12,2,1,1,60.0,10.44,0.14,,0,0,
quarterly_qpisr,2015-03,2014-15,Q4,Odisha,41,69075.25,78163.29,9088.04,15,32,21,38.05,41461.58,53.04,43.84,2,0,
quarterly_qpisr,2015-03,2014-15,Q4,Punjab,3,792.5,765.46,-27.04,0,1,1,91.0,120.38,15.73,50.0,2,0,
quarterly_qpisr,2015-03,2014-15,Q4,Rajasthan,25,25638.72,25694.2,55.48,7,12,10,36.1,14832.46,57.73,34.04,0,0,
quarterly_qpisr,2015-03,2014-15,Q4,Sikkim,2,1648.94,4499.46,2850.52,1,2,2,58.0,427.13,9.49,,0,0,
quarterly_qpisr,2015-03,2014-15,Q4,Tamil Nadu,42,68133.49,90870.81,22737.32,20,23,21,31.62,49189.48,54.13,46.75,2,0,
quarterly_qpisr,2015-03,2014-15,Q4,Telangana,21,9410.62,12179.13,2768.51,5,15,10,30.6,3010.89,24.72,34.51,0,0,
quarterly_qpisr,2015-03,2014-15,Q4,Tripura,6,2966.26,6617.14,3650.88,5,5,5,43.4,3255.94,49.2,95.96,0,0,
quarterly_qpisr,2015-03,2014-15,Q4,Uttar Pradesh,28,26759.7,29864.04,3104.34,9,18,15,41.93,15834.67,55.97,7.59,1,0,
quarterly_qpisr,2015-03,2014-15,Q4,Uttarakhand,6,9351.89,12905.21,3553.32,4,5,4,58.5,4679.49,36.26,27.9,1,0,
quarterly_qpisr,2015-03,2014-15,Q4,West Bengal,39,42838.9,52229.8,9390.9,12,24,17,51.06,20299.66,38.87,34.15,2,0,
quarterly_qpisr,2015-06,2015-16,Q1,Andaman & Nicobar Islands,1,314.61,314.61,0.0,0,0,0,,17.82,5.66,1.25,0,0,
quarterly_qpisr,2015-06,2015-16,Q1,Andhra Pradesh,28,25167.01,31389.44,6222.43,7,20,12,32.42,19225.45,65.21,32.07,0,0,
quarterly_qpisr,2015-06,2015-16,Q1,Arunachal Pradesh,3,9356.22,23263.83,13907.61,3,2,2,59.0,12638.01,54.32,63.75,0,0,
quarterly_qpisr,2015-06,2015-16,Q1,Assam,36,23508.04,42053.86,18545.82,16,21,19,75.42,33119.78,78.76,79.8,2,0,
quarterly_qpisr,2015-06,2015-16,Q1,Bihar,51,59576.66,76989.79,17413.13,17,22,19,41.47,46581.53,63.31,43.07,1,0,
quarterly_qpisr,2015-06,2015-16,Q1,Chandigarh,1,452.0,489.0,37.0,1,1,1,4.0,449.63,91.95,100.0,0,0,
quarterly_qpisr,2015-06,2015-16,Q1,Chhattisgarh,28,80681.93,82331.09,1649.16,6,25,16,29.31,43277.82,52.57,51.91,0,0,
quarterly_qpisr,2015-06,2015-16,Q1,Dadra & Nagar Haveli and Daman & Diu,1,6086.08,6086.08,0.0,0,1,1,10.0,47.07,0.77,3.79,0,0,
quarterly_qpisr,2015-06,2015-16,Q1,Delhi,12,50903.45,50903.45,0.0,0,10,6,20.0,8810.75,19.33,7.4,0,0,
quarterly_qpisr,2015-06,2015-16,Q1,Goa,1,335.61,388.53,52.92,1,1,1,34.0,301.94,77.71,100.0,0,0,
quarterly_qpisr,2015-06,2015-16,Q1,Gujarat,29,36037.34,36616.51,579.17,4,16,11,30.45,20931.88,57.17,39.95,0,0,
quarterly_qpisr,2015-06,2015-16,Q1,Haryana,9,4659.81,6630.43,1970.62,3,6,4,39.75,7382.5,111.34,31.3,0,0,
quarterly_qpisr,2015-06,2015-16,Q1,Himachal Pradesh,5,11681.24,20193.29,8512.05,3,4,3,65.33,12045.77,60.46,55.0,1,0,
quarterly_qpisr,2015-06,2015-16,Q1,Jammu & Kashmir,7,21314.62,40235.3,18920.68,2,7,6,45.33,17943.65,44.6,19.0,0,0,
quarterly_qpisr,2015-06,2015-16,Q1,Jharkhand,37,38977.33,39535.41,558.08,5,32,21,42.14,14782.73,37.59,32.47,0,0,
quarterly_qpisr,2015-06,2015-16,Q1,Karnataka,34,66982.2,81944.97,14962.77,17,10,7,40.14,21321.86,26.02,35.68,0,0,
quarterly_qpisr,2015-06,2015-16,Q1,Kerala,13,24457.67,28611.45,4153.78,5,7,5,29.0,11055.32,47.19,63.47,0,0,
quarterly_qpisr,2015-06,2015-16,Q1,Madhya Pradesh,20,24954.32,26938.24,1983.92,4,16,8,38.88,9248.49,34.33,47.13,0,0,
quarterly_qpisr,2015-06,2015-16,Q1,Maharashtra,49,106429.69,119999.84,13570.15,14,41,26,34.58,40849.67,34.1,41.13,2,0,
quarterly_qpisr,2015-06,2015-16,Q1,Manipur,1,727.56,6570.75,5843.19,1,1,1,96.0,2787.99,42.43,,0,0,
quarterly_qpisr,2015-06,2015-16,Q1,Meghalaya,3,4845.02,6069.9,1224.88,1,2,1,29.0,1049.99,17.3,46.7,0,0,
quarterly_qpisr,2015-06,2015-16,Q1,Mizoram,2,988.06,4201.96,3213.9,2,2,2,85.0,1042.8,24.82,60.0,0,0,
quarterly_qpisr,2015-06,2015-16,Q1,Nagaland,2,5124.0,7461.12,2337.12,2,1,1,60.0,10.44,0.14,,0,0,
quarterly_qpisr,2015-06,2015-16,Q1,Odisha,43,72441.05,81529.09,9088.04,15,34,22,38.55,42556.49,52.51,46.56,1,0,
quarterly_qpisr,2015-06,2015-16,Q1,Punjab,3,792.5,765.46,-27.04,0,1,1,91.0,110.47,19.24,26.0,0,0,
quarterly_qpisr,2015-06,2015-16,Q1,Rajasthan,31,28133.83,28189.31,55.48,7,16,9,39.56,15636.1,55.47,34.93,1,0,
quarterly_qpisr,2015-06,2015-16,Q1,Sikkim,2,1648.94,4499.46,2850.52,1,2,2,64.0,444.44,9.88,,0,0,
quarterly_qpisr,2015-06,2015-16,Q1,Tamil Nadu,42,68208.56,85860.44,17651.88,20,23,19,36.16,63052.31,73.72,45.5,0,0,
quarterly_qpisr,2015-06,2015-16,Q1,Telangana,21,9410.62,12235.26,2824.64,6,16,12,35.58,3027.36,24.74,34.38,0,0,
quarterly_qpisr,2015-06,2015-16,Q1,Tripura,6,2966.26,6629.97,3663.71,5,5,5,44.0,3285.88,49.56,92.33,0,0,
quarterly_qpisr,2015-06,2015-16,Q1,Uttar Pradesh,30,36706.01,39813.04,3107.03,9,18,14,48.14,16705.2,42.64,25.01,1,0,
quarterly_qpisr,2015-06,2015-16,Q1,Uttarakhand,6,9351.89,12905.21,3553.32,4,5,4,69.0,4895.88,37.94,20.19,0,0,
quarterly_qpisr,2015-06,2015-16,Q1,West Bengal,39,42838.9,52537.31,9698.41,13,24,20,45.65,20598.51,39.38,38.13,1,0,
quarterly_qpisr,2015-09,2015-16,Q2,Andaman & Nicobar Islands,1,314.61,314.61,0.0,0,0,0,,18.02,5.73,1.25,0,0,
quarterly_qpisr,2015-09,2015-16,Q2,Andhra Pradesh,31,25907.52,32162.17,6254.65,8,19,8,32.88,18431.12,58.04,38.09,0,0,
quarterly_qpisr,2015-09,2015-16,Q2,Arunachal Pradesh,3,9356.22,24848.83,15492.61,3,2,2,54.5,13044.51,52.5,67.9,0,0,
quarterly_qpisr,2015-09,2015-16,Q2,Assam,34,22255.53,37810.44,15554.91,14,18,16,75.5,28110.21,80.44,76.43,0,0,
quarterly_qpisr,2015-09,2015-16,Q2,Bihar,48,57726.67,75016.29,17289.62,16,10,9,55.78,43770.67,61.82,38.41,0,0,
quarterly_qpisr,2015-09,2015-16,Q2,Chandigarh,1,452.0,489.0,37.0,1,1,1,7.0,439.81,89.94,100.0,0,0,
quarterly_qpisr,2015-09,2015-16,Q2,Chhattisgarh,30,81914.27,83576.73,1662.46,6,26,16,30.44,46024.61,55.07,57.92,0,0,
quarterly_qpisr,2015-09,2015-16,Q2,Dadra & Nagar Haveli and Daman & Diu,1,6086.08,6086.08,0.0,0,1,1,10.0,225.89,3.71,7.19,0,0,
quarterly_qpisr,2015-09,2015-16,Q2,Delhi,12,50903.45,50903.45,0.0,0,10,6,20.33,19685.92,39.49,34.57,0,0,
quarterly_qpisr,2015-09,2015-16,Q2,Goa,5,1395.15,1448.07,52.92,1,0,0,,303.22,20.94,20.0,0,0,
quarterly_qpisr,2015-09,2015-16,Q2,Gujarat,30,37708.56,38287.73,579.17,4,11,6,33.17,18496.62,48.31,32.81,0,0,
quarterly_qpisr,2015-09,2015-16,Q2,Haryana,9,4659.81,6630.43,1970.62,3,3,1,9.0,2490.6,73.06,24.57,0,0,
quarterly_qpisr,2015-09,2015-16,Q2,Himachal Pradesh,4,7154.09,12973.29,5819.2,2,3,2,61.0,5264.3,48.81,0.0,0,0,
quarterly_qpisr,2015-09,2015-16,Q2,Jammu & Kashmir,7,21314.62,40235.3,18920.68,2,3,2,101.5,15581.55,44.31,0.75,0,0,
quarterly_qpisr,2015-09,2015-16,Q2,Jharkhand,39,46039.33,48522.08,2482.75,6,33,21,43.0,18345.73,37.81,32.38,0,0,
quarterly_qpisr,2015-09,2015-16,Q2,Karnataka,34,66563.29,81944.97,15381.68,18,9,6,40.33,21898.55,26.72,43.17,0,0,
quarterly_qpisr,2015-09,2015-16,Q2,Kerala,15,24980.58,29419.12,4438.54,8,6,1,50.0,11622.61,47.95,43.07,0,0,
quarterly_qpisr,2015-09,2015-16,Q2,Madhya Pradesh,21,26169.06,28152.98,1983.92,4,16,7,41.86,10449.99,37.12,57.27,0,0,
quarterly_qpisr,2015-09,2015-16,Q2,Maharashtra,58,111568.38,121861.31,10292.93,13,43,22,36.68,35164.26,29.36,32.58,0,0,
quarterly_qpisr,2015-09,2015-16,Q2,Manipur,1,727.56,6570.75,5843.19,1,1,1,96.0,2787.99,42.43,,0,0,
quarterly_qpisr,2015-09,2015-16,Q2,Meghalaya,3,4845.02,6069.9,1224.88,1,1,0,,740.59,12.2,46.7,0,0,
quarterly_qpisr,2015-09,2015-16,Q2,Mizoram,2,988.06,4201.96,3213.9,2,2,2,85.0,1088.27,25.9,64.3,0,0,
quarterly_qpisr,2015-09,2015-16,Q2,Nagaland,2,5124.0,7461.12,2337.12,2,1,1,60.0,10.44,0.14,0.0,0,0,
quarterly_qpisr,2015-09,2015-16,Q2,Odisha,42,72186.5,81274.54,9088.04,15,32,20,40.8,43975.2,54.11,48.23,0,0,
quarterly_qpisr,2015-09,2015-16,Q2,Punjab,3,792.5,765.46,-27.04,0,1,1,91.0,190.47,33.17,,0,0,
quarterly_qpisr,2015-09,2015-16,Q2,Rajasthan,31,28164.75,28220.22,55.47,6,10,3,24.33,14749.33,54.15,25.59,0,0,
quarterly_qpisr,2015-09,2015-16,Q2,Sikkim,2,1648.94,4499.46,2850.52,1,2,2,65.5,488.43,10.86,,0,0,
quarterly_qpisr,2015-09,2015-16,Q2,Tamil Nadu,41,66177.78,87468.67,21290.89,19,15,12,40.67,58492.0,68.3,44.4,0,0,
quarterly_qpisr,2015-09,2015-16,Q2,Telangana,31,11908.91,14872.86,2963.95,8,26,13,35.08,3070.13,20.64,22.95,0,0,
quarterly_qpisr,2015-09,2015-16,Q2,Tripura,6,2966.26,6629.97,3663.71,5,5,5,44.6,3312.84,49.97,73.25,0,0,
quarterly_qpisr,2015-09,2015-16,Q2,Uttar Pradesh,29,35842.78,38623.19,2780.41,7,11,7,52.57,12637.18,33.27,8.45,0,0,
quarterly_qpisr,2015-09,2015-16,Q2,Uttarakhand,6,9351.89,11651.71,2299.82,3,4,3,80.33,5114.31,43.89,38.71,0,0,
quarterly_qpisr,2015-09,2015-16,Q2,West Bengal,39,44085.9,58961.63,14875.73,13,20,16,53.62,16798.61,30.12,37.94,0,0,
quarterly_qpisr,2015-12,2015-16,Q3,Andaman & Nicobar Islands,2,587.67,587.67,0.0,0,0,0,,18.02,3.07,0.86,0,0,
quarterly_qpisr,2015-12,2015-16,Q3,Andhra Pradesh,51,31281.39,36715.43,5434.04,6,36,25,24.28,20321.69,55.97,40.59,3,0,
quarterly_qpisr,2015-12,2015-16,Q3,Arunachal Pradesh,14,11758.7,28030.85,16272.15,5,9,2,56.5,14304.12,51.03,78.33,0,0,
quarterly_qpisr,2015-12,2015-16,Q3,Assam,49,27764.34,43467.68,15703.34,14,38,26,81.5,31782.24,74.07,78.26,2,0,
quarterly_qpisr,2015-12,2015-16,Q3,Bihar,66,60883.14,74661.34,13778.2,15,22,17,44.76,39236.37,54.9,62.5,2,0,
quarterly_qpisr,2015-12,2015-16,Q3,Chandigarh,1,452.0,489.0,37.0,1,1,1,7.0,449.41,91.9,100.0,1,0,
quarterly_qpisr,2015-12,2015-16,Q3,Chhattisgarh,42,88783.53,90130.54,1347.01,7,29,17,32.65,49033.94,54.4,52.83,2,0,
quarterly_qpisr,2015-12,2015-16,Q3,Dadra & Nagar Haveli and Daman & Diu,1,6086.08,6086.08,0.0,0,1,1,10.0,586.87,9.64,21.5,0,0,
quarterly_qpisr,2015-12,2015-16,Q3,Delhi,17,52457.05,52457.05,0.0,0,14,7,15.0,22400.02,43.79,46.55,1,0,
quarterly_qpisr,2015-12,2015-16,Q3,Goa,8,3925.48,3907.87,-17.61,0,1,1,34.0,341.03,8.73,21.0,0,0,
quarterly_qpisr,2015-12,2015-16,Q3,Gujarat,30,30772.99,31562.16,789.17,5,15,10,26.5,22811.19,72.27,59.24,0,0,
quarterly_qpisr,2015-12,2015-16,Q3,Haryana,20,13986.73,15957.35,1970.62,3,13,5,35.0,7054.05,46.56,53.22,0,0,
quarterly_qpisr,2015-12,2015-16,Q3,Himachal Pradesh,5,8088.55,13907.75,5819.2,2,4,2,63.5,6326.34,46.39,,1,0,
quarterly_qpisr,2015-12,2015-16,Q3,Jammu & Kashmir,9,25620.25,44540.93,18920.68,2,9,6,47.33,23746.74,53.31,55.75,0,0,
quarterly_qpisr,2015-12,2015-16,Q3,Jharkhand,44,41826.84,44389.67,2562.83,7,35,17,48.06,12460.05,28.73,29.44,1,0,
quarterly_qpisr,2015-12,2015-16,Q3,Karnataka,42,71953.24,89862.05,17908.81,20,17,13,31.31,33771.84,38.57,44.78,1,0,
quarterly_qpisr,2015-12,2015-16,Q3,Kerala,16,25825.82,30300.97,4475.15,8,8,3,65.0,15093.66,49.81,53.57,0,0,
quarterly_qpisr,2015-12,2015-16,Q3,Madhya Pradesh,50,44409.65,46089.94,1680.29,5,35,12,27.42,10213.37,22.38,42.74,2,0,
quarterly_qpisr,2015-12,2015-16,Q3,Maharashtra,76,120722.85,130214.28,9491.43,13,52,27,38.59,39050.55,30.12,35.99,6,0,
quarterly_qpisr,2015-12,2015-16,Q3,Manipur,1,727.56,6570.75,5843.19,1,1,1,96.0,2787.99,42.43,,0,0,
quarterly_qpisr,2015-12,2015-16,Q3,Meghalaya,6,6970.03,8194.91,1224.88,1,3,1,29.0,2752.15,34.54,47.84,0,0,
quarterly_qpisr,2015-12,2015-16,Q3,Mizoram,6,2188.16,5402.06,3213.9,2,3,2,85.0,1760.83,32.6,67.31,0,0,
quarterly_qpisr,2015-12,2015-16,Q3,Nagaland,3,6420.0,8757.12,2337.12,2,1,1,60.0,568.28,6.49,0.0,0,0,
quarterly_qpisr,2015-12,2015-16,Q3,Odisha,51,76678.45,86230.63,9552.18,14,37,21,43.95,47031.85,54.54,54.63,3,0,
quarterly_qpisr,2015-12,2015-16,Q3,Punjab,22,11136.13,11140.13,4.0,1,3,0,,2069.51,18.9,0.0,0,0,
quarterly_qpisr,2015-12,2015-16,Q3,Rajasthan,58,40720.61,40776.08,55.47,6,37,13,37.08,22090.9,54.18,66.2,2,0,
quarterly_qpisr,2015-12,2015-16,Q3,Sikkim,5,2149.08,4999.32,2850.24,1,2,2,65.5,561.61,11.23,,0,0,
quarterly_qpisr,2015-12,2015-16,Q3,Tamil Nadu,56,68607.63,88218.97,19611.34,20,34,20,41.0,57009.18,65.39,58.19,2,0,
quarterly_qpisr,2015-12,2015-16,Q3,Telangana,31,11908.91,14943.51,3034.6,9,25,14,39.21,3439.54,23.63,30.26,0,0,
quarterly_qpisr,2015-12,2015-16,Q3,Tripura,9,3776.07,7486.36,3710.29,7,8,3,62.0,3351.98,44.77,47.32,2,0,
quarterly_qpisr,2015-12,2015-16,Q3,Uttar Pradesh,60,52378.07,55394.73,3016.66,8,44,18,43.33,19598.16,35.95,31.09,1,0,
quarterly_qpisr,2015-12,2015-16,Q3,Uttarakhand,6,9352.4,11652.22,2299.82,3,5,4,56.25,5401.25,46.35,39.8,0,0,
quarterly_qpisr,2015-12,2015-16,Q3,West Bengal,46,49641.04,62788.63,13147.59,13,26,21,49.76,18770.98,30.0,42.01,1,0,
quarterly_qpisr,2016-03,2015-16,Q4,Andaman & Nicobar Islands,1,314.61,314.61,0.0,0,1,0,,24.09,7.66,1.57,0,0,
quarterly_qpisr,2016-03,2015-16,Q4,Andhra Pradesh,47,21226.93,23061.97,1835.04,5,30,21,23.52,9927.87,44.03,22.17,3,0,
quarterly_qpisr,2016-03,2015-16,Q4,Arunachal Pradesh,15,12006.22,28372.49,16366.27,5,8,2,57.0,14434.68,51.72,18.44,0,0,
quarterly_qpisr,2016-03,2015-16,Q4,Assam,50,28781.83,44485.17,15703.34,14,41,27,80.04,28599.15,71.19,47.95,2,0,
quarterly_qpisr,2016-03,2015-16,Q4,Bihar,67,61256.76,75007.35,13750.59,16,24,19,45.0,44114.47,59.82,29.1,3,0,
quarterly_qpisr,2016-03,2015-16,Q4,Chandigarh,0,,,,0,0,0,,,,,1,0,
quarterly_qpisr,2016-03,2015-16,Q4,Chhattisgarh,41,88369.18,89995.24,1626.06,6,27,16,34.88,51332.22,57.83,34.82,4,0,
quarterly_qpisr,2016-03,2015-16,Q4,Dadra & Nagar Haveli and Daman & Diu,1,6086.08,6086.08,0.0,0,1,1,10.0,749.95,12.32,44.53,0,0,
quarterly_qpisr,2016-03,2015-16,Q4,Delhi,17,50160.38,50160.38,0.0,0,13,7,17.71,24874.67,49.59,49.12,1,0,
quarterly_qpisr,2016-03,2015-16,Q4,Goa,8,3925.48,3907.87,-17.61,0,1,1,34.0,341.62,8.74,14.29,0,0,
quarterly_qpisr,2016-03,2015-16,Q4,Gujarat,31,30605.81,31660.45,1054.64,6,18,11,26.55,18042.11,66.67,34.67,0,0,
quarterly_qpisr,2016-03,2015-16,Q4,Haryana,20,14065.88,16036.5,1970.62,3,12,6,35.33,8491.1,60.05,29.48,0,0,
quarterly_qpisr,2016-03,2015-16,Q4,Himachal Pradesh,5,8088.55,14487.83,6399.28,2,4,2,63.5,6992.61,48.27,26.39,1,0,
quarterly_qpisr,2016-03,2015-16,Q4,Jammu & Kashmir,9,25620.25,45229.68,19609.43,2,9,7,42.14,15335.08,40.18,0.75,0,0,
quarterly_qpisr,2016-03,2015-16,Q4,Jharkhand,45,43305.84,45868.59,2562.75,6,36,20,44.25,14298.29,31.88,29.4,1,0,
quarterly_qpisr,2016-03,2015-16,Q4,Karnataka,42,72113.99,87378.98,15264.99,19,17,12,22.58,33901.65,39.7,24.45,1,0,
quarterly_qpisr,2016-03,2015-16,Q4,Kerala,16,25825.82,30300.97,4475.15,8,8,4,49.75,17038.54,57.4,35.86,0,0,
quarterly_qpisr,2016-03,2015-16,Q4,Madhya Pradesh,52,53898.56,56251.11,2352.55,5,33,10,29.9,10606.33,19.92,7.33,3,0,
quarterly_qpisr,2016-03,2015-16,Q4,Maharashtra,76,122792.9,131552.82,8759.92,12,53,25,41.8,42644.23,32.51,31.2,6,0,
quarterly_qpisr,2016-03,2015-16,Q4,Manipur,3,1047.27,6958.48,5911.21,2,3,1,96.0,2902.41,41.71,,0,0,
quarterly_qpisr,2016-03,2015-16,Q4,Meghalaya,6,6970.03,8194.91,1224.88,1,2,1,29.0,2102.63,28.29,18.86,0,0,
quarterly_qpisr,2016-03,2015-16,Q4,Mizoram,6,2188.16,5402.06,3213.9,2,2,2,85.0,1836.34,33.99,72.77,0,0,
quarterly_qpisr,2016-03,2015-16,Q4,Nagaland,3,6420.0,8757.12,2337.12,2,1,1,60.0,10.44,0.14,0.0,0,0,
quarterly_qpisr,2016-03,2015-16,Q4,Odisha,51,74969.55,84481.85,9512.3,14,37,20,44.6,43494.09,53.74,31.88,7,0,
quarterly_qpisr,2016-03,2015-16,Q4,Punjab,24,11987.57,11985.9,-1.67,1,3,1,12.0,2345.79,20.1,14.02,0,0,
quarterly_qpisr,2016-03,2015-16,Q4,Rajasthan,61,41310.71,41853.65,542.94,7,37,14,35.36,24100.8,57.58,38.22,2,0,
quarterly_qpisr,2016-03,2015-16,Q4,Sikkim,5,2149.08,4999.32,2850.24,1,2,2,65.5,569.47,11.78,0.0,0,0,
quarterly_qpisr,2016-03,2015-16,Q4,Tamil Nadu,59,69760.85,89410.09,19649.24,21,34,22,40.18,60341.04,68.27,40.91,2,0,
quarterly_qpisr,2016-03,2015-16,Q4,Telangana,33,13759.66,16706.05,2946.39,9,22,13,43.77,3572.52,23.74,34.8,0,0,
quarterly_qpisr,2016-03,2015-16,Q4,Tripura,9,3776.07,7489.01,3712.94,7,8,5,41.6,3424.98,45.73,24.45,2,0,
quarterly_qpisr,2016-03,2015-16,Q4,Uttar Pradesh,60,52378.07,56264.19,3886.12,8,41,20,40.75,21010.88,38.69,7.21,1,0,
quarterly_qpisr,2016-03,2015-16,Q4,Uttarakhand,6,9352.4,11651.71,2299.31,3,5,4,57.75,5741.56,49.28,25.38,0,0,
quarterly_qpisr,2016-03,2015-16,Q4,West Bengal,48,50845.06,64256.58,13411.52,13,30,24,46.08,31700.75,49.51,32.62,2,0,
quarterly_qpisr,2016-06,2016-17,Q1,Andaman & Nicobar Islands,1,314.61,314.61,0.0,0,1,0,,26.3,8.36,,0,0,
quarterly_qpisr,2016-06,2016-17,Q1,Andhra Pradesh,53,36350.17,38769.7,2419.53,6,31,23,23.91,10917.35,29.86,28.02,1,0,
quarterly_qpisr,2016-06,2016-17,Q1,Arunachal Pradesh,15,12006.22,28062.52,16056.3,5,8,2,63.5,14669.31,55.9,13.68,0,0,
quarterly_qpisr,2016-06,2016-17,Q1,Assam,57,37882.59,53603.66,15721.07,14,40,25,84.32,29288.09,62.67,54.12,4,0,
quarterly_qpisr,2016-06,2016-17,Q1,Bihar,75,65576.4,79784.72,14208.32,17,29,18,44.94,43719.11,55.79,21.63,1,0,
quarterly_qpisr,2016-06,2016-17,Q1,Chhattisgarh,40,96051.6,97695.19,1643.59,6,27,15,37.67,51865.55,53.83,34.72,0,0,
quarterly_qpisr,2016-06,2016-17,Q1,Dadra & Nagar Haveli and Daman & Diu,1,6086.08,6086.08,0.0,0,1,1,10.0,1054.15,17.32,65.69,0,0,
quarterly_qpisr,2016-06,2016-17,Q1,Delhi,16,49997.48,51031.48,1034.0,1,12,8,11.62,27050.3,53.01,42.88,0,0,
quarterly_qpisr,2016-06,2016-17,Q1,Goa,8,3925.48,3907.87,-17.61,0,1,1,34.0,539.08,13.79,22.88,0,0,
quarterly_qpisr,2016-06,2016-17,Q1,Gujarat,41,36708.85,39153.3,2444.45,11,25,15,39.2,26446.84,67.55,41.92,0,0,
quarterly_qpisr,2016-06,2016-17,Q1,Haryana,18,12977.13,14947.75,1970.62,3,10,6,36.83,10260.39,68.64,38.88,1,0,
quarterly_qpisr,2016-06,2016-17,Q1,Himachal Pradesh,6,8361.75,14761.02,6399.27,2,4,2,69.5,7306.69,49.5,26.58,0,0,
quarterly_qpisr,2016-06,2016-17,Q1,Jammu & Kashmir,9,25620.25,44826.38,19206.13,2,9,7,47.71,14432.77,57.13,44.21,0,0,
quarterly_qpisr,2016-06,2016-17,Q1,Jharkhand,45,43904.99,46693.58,2788.59,7,36,20,42.35,14066.41,32.16,34.22,1,0,
quarterly_qpisr,2016-06,2016-17,Q1,Karnataka,45,74851.54,93169.68,18318.14,20,18,15,26.0,38022.6,42.41,31.57,5,0,
quarterly_qpisr,2016-06,2016-17,Q1,Kerala,17,25821.79,29716.84,3895.05,7,8,5,31.4,13882.19,56.58,28.0,2,0,
quarterly_qpisr,2016-06,2016-17,Q1,Madhya Pradesh,52,54724.18,58959.64,4235.46,7,33,10,44.6,27241.03,46.2,26.86,3,0,
quarterly_qpisr,2016-06,2016-17,Q1,Maharashtra,96,154023.43,163314.25,9290.82,17,56,23,35.83,48508.17,29.7,37.89,2,0,
quarterly_qpisr,2016-06,2016-17,Q1,Manipur,3,1047.27,9434.45,8387.18,2,3,3,42.67,5473.64,58.02,50.47,0,0,
quarterly_qpisr,2016-06,2016-17,Q1,Meghalaya,6,6970.03,8887.01,1916.98,1,2,1,41.0,1009.84,13.66,28.86,1,0,
quarterly_qpisr,2016-06,2016-17,Q1,Mizoram,6,2188.16,5461.87,3273.71,2,2,2,99.5,1993.15,42.92,24.34,1,0,
quarterly_qpisr,2016-06,2016-17,Q1,Nagaland,3,6420.0,8083.3,1663.3,1,1,1,60.0,148.39,2.19,0.87,0,0,
quarterly_qpisr,2016-06,2016-17,Q1,Odisha,52,49573.42,55165.76,5592.34,13,38,19,43.68,15751.75,28.74,39.33,1,0,
quarterly_qpisr,2016-06,2016-17,Q1,Punjab,23,11796.33,11800.33,4.0,1,3,1,14.0,3022.07,25.61,17.46,0,0,
quarterly_qpisr,2016-06,2016-17,Q1,Rajasthan,65,44086.07,45007.06,920.99,9,41,18,34.0,26010.78,58.6,45.56,4,0,
quarterly_qpisr,2016-06,2016-17,Q1,Sikkim,5,2149.08,4894.32,2745.24,1,2,2,65.5,843.14,18.42,0.0,0,0,
quarterly_qpisr,2016-06,2016-17,Q1,Tamil Nadu,63,71690.1,92736.95,21046.85,24,33,21,43.29,63386.24,68.78,50.52,2,0,
quarterly_qpisr,2016-06,2016-17,Q1,Telangana,38,28038.27,31438.24,3399.97,9,21,14,41.93,5042.38,16.72,17.12,1,0,
quarterly_qpisr,2016-06,2016-17,Q1,Tripura,9,3776.07,7783.63,4007.56,7,6,3,23.33,3404.15,49.22,47.72,0,0,
quarterly_qpisr,2016-06,2016-17,Q1,Uttar Pradesh,73,67895.46,71925.58,4030.12,9,42,19,40.68,21199.26,31.2,15.84,5,0,
quarterly_qpisr,2016-06,2016-17,Q1,Uttarakhand,8,11515.4,13814.71,2299.31,3,5,4,57.75,5899.89,42.71,20.61,0,0,
quarterly_qpisr,2016-06,2016-17,Q1,West Bengal,51,52202.14,65724.0,13521.86,14,30,22,46.5,34814.69,53.81,35.08,2,0,
quarterly_qpisr,2016-09,2016-17,Q2,Andaman & Nicobar Islands,1,314.61,314.61,0.0,0,1,0,,26.34,8.37,,0,0,
quarterly_qpisr,2016-09,2016-17,Q2,Andhra Pradesh,53,58803.7,62509.29,3705.59,8,33,23,24.48,10930.55,18.19,24.2,2,0,
quarterly_qpisr,2016-09,2016-17,Q2,Arunachal Pradesh,20,13401.94,29458.24,16056.3,5,10,2,69.5,15209.63,53.71,20.41,0,0,
quarterly_qpisr,2016-09,2016-17,Q2,Assam,54,37549.96,55558.45,18008.49,15,41,26,83.46,41380.85,75.73,51.58,7,0,
quarterly_qpisr,2016-09,2016-17,Q2,Bihar,78,69498.52,86905.41,17406.89,18,33,20,38.05,47756.06,55.23,21.49,5,0,
quarterly_qpisr,2016-09,2016-17,Q2,Chhattisgarh,41,96809.69,99835.63,3025.94,9,27,16,34.5,54740.28,55.58,33.57,0,0,
quarterly_qpisr,2016-09,2016-17,Q2,Dadra & Nagar Haveli and Daman & Diu,1,6086.08,6086.08,0.0,0,1,0,,1425.14,23.42,70.55,0,0,
quarterly_qpisr,2016-09,2016-17,Q2,Delhi,17,50768.66,51802.66,1034.0,1,12,8,12.5,29101.03,56.68,37.0,0,0,
quarterly_qpisr,2016-09,2016-17,Q2,Goa,8,3925.48,3907.87,-17.61,0,0,0,,632.67,16.19,24.5,0,0,
quarterly_qpisr,2016-09,2016-17,Q2,Gujarat,44,38213.67,40270.12,2056.45,10,27,18,33.33,27285.12,67.76,38.06,1,0,
quarterly_qpisr,2016-09,2016-17,Q2,Haryana,20,14024.62,15995.24,1970.62,3,11,7,39.14,9469.67,59.2,36.83,2,0,
quarterly_qpisr,2016-09,2016-17,Q2,Himachal Pradesh,10,11933.06,18332.33,6399.27,2,6,3,54.0,7624.86,41.59,16.81,0,0,
quarterly_qpisr,2016-09,2016-17,Q2,Jammu & Kashmir,10,27408.66,46614.79,19206.13,2,9,6,54.5,15403.58,56.95,42.67,0,0,
quarterly_qpisr,2016-09,2016-17,Q2,Jharkhand,48,50023.83,53473.35,3449.52,11,37,21,52.05,16547.23,32.02,35.84,3,0,
quarterly_qpisr,2016-09,2016-17,Q2,Karnataka,44,75580.96,93829.4,18248.44,19,16,12,24.25,24384.85,46.28,28.02,5,0,
quarterly_qpisr,2016-09,2016-17,Q2,Kerala,19,33504.08,35120.13,1616.05,6,9,5,28.6,14376.77,48.02,25.33,2,0,
quarterly_qpisr,2016-09,2016-17,Q2,Madhya Pradesh,52,56376.91,60079.62,3702.71,7,37,12,35.25,17049.95,29.87,21.9,3,0,
quarterly_qpisr,2016-09,2016-17,Q2,Maharashtra,96,156010.09,164632.84,8622.75,16,57,25,32.0,50742.14,30.82,33.69,2,0,
quarterly_qpisr,2016-09,2016-17,Q2,Manipur,3,1047.27,10045.73,8998.46,2,3,3,42.67,5729.36,57.03,50.81,0,0,
quarterly_qpisr,2016-09,2016-17,Q2,Meghalaya,5,6744.03,8661.01,1916.98,1,2,1,41.0,746.84,10.42,30.83,1,0,
quarterly_qpisr,2016-09,2016-17,Q2,Mizoram,5,2001.2,6965.67,4964.47,2,2,2,102.5,2064.85,33.59,25.02,1,0,
quarterly_qpisr,2016-09,2016-17,Q2,Nagaland,3,6420.0,7885.3,1465.3,1,1,1,72.0,158.65,2.41,1.55,0,0,
quarterly_qpisr,2016-09,2016-17,Q2,Odisha,59,62872.64,68906.6,6033.96,14,44,20,47.45,17751.78,25.95,36.53,2,0,
quarterly_qpisr,2016-09,2016-17,Q2,Punjab,25,14354.28,14358.28,4.0,1,3,2,13.0,3079.39,21.45,17.36,0,0,
quarterly_qpisr,2016-09,2016-17,Q2,Rajasthan,67,47156.54,48323.12,1166.58,9,40,17,31.94,23318.28,49.26,37.34,9,0,
quarterly_qpisr,2016-09,2016-17,Q2,Sikkim,5,2149.08,4894.01,2744.93,1,2,2,65.5,851.49,18.61,0.0,0,0,
quarterly_qpisr,2016-09,2016-17,Q2,Tamil Nadu,62,71804.1,89200.87,17396.77,23,33,20,41.9,65060.1,73.42,48.26,3,0,
quarterly_qpisr,2016-09,2016-17,Q2,Telangana,39,27344.69,30744.66,3399.97,9,23,14,41.93,5656.83,18.68,9.15,1,0,
quarterly_qpisr,2016-09,2016-17,Q2,Tripura,10,4140.67,9124.56,4983.89,7,8,4,50.5,3719.42,46.84,35.16,0,0,
quarterly_qpisr,2016-09,2016-17,Q2,Uttar Pradesh,78,78169.0,81615.56,3446.56,10,49,21,36.9,24002.47,29.87,12.34,6,0,
quarterly_qpisr,2016-09,2016-17,Q2,Uttarakhand,9,15810.7,18110.01,2299.31,3,6,4,57.75,6293.94,34.75,21.16,0,0,
quarterly_qpisr,2016-09,2016-17,Q2,West Bengal,53,54763.05,67965.35,13202.3,18,31,21,42.24,35835.68,53.31,31.24,4,0,
quarterly_qpisr,2016-12,2016-17,Q3,Andaman & Nicobar Islands,1,314.61,441.33,126.72,1,1,1,21.0,26.35,5.97,,0,0,
quarterly_qpisr,2016-12,2016-17,Q3,Andhra Pradesh,54,60754.4,64454.76,3700.36,7,36,23,30.83,11863.23,19.12,24.86,3,0,
quarterly_qpisr,2016-12,2016-17,Q3,Arunachal Pradesh,20,13401.94,29214.96,15813.02,5,13,2,69.5,15735.18,56.05,18.52,0,0,
quarterly_qpisr,2016-12,2016-17,Q3,Assam,50,39063.34,56965.76,17902.42,15,40,22,81.32,40811.49,73.01,47.49,8,0,
quarterly_qpisr,2016-12,2016-17,Q3,Bihar,74,66428.8,79497.01,13068.21,15,33,18,30.67,42822.69,54.17,18.26,6,0,
quarterly_qpisr,2016-12,2016-17,Q3,Chhattisgarh,42,97016.69,100042.63,3025.94,9,31,16,36.12,56796.55,57.54,36.2,0,0,
quarterly_qpisr,2016-12,2016-17,Q3,Dadra & Nagar Haveli and Daman & Diu,1,6086.08,6086.08,0.0,0,1,0,,1673.85,27.5,74.58,0,0,
quarterly_qpisr,2016-12,2016-17,Q3,Delhi,17,50768.66,50663.18,-105.48,1,10,7,13.29,30490.39,60.18,47.83,0,0,
quarterly_qpisr,2016-12,2016-17,Q3,Goa,10,4379.12,4361.51,-17.61,0,2,0,,663.66,15.22,20.86,0,0,
quarterly_qpisr,2016-12,2016-17,Q3,Gujarat,48,39781.54,42170.99,2389.45,11,30,16,38.81,27535.78,65.95,38.61,2,0,
quarterly_qpisr,2016-12,2016-17,Q3,Haryana,21,13724.68,15648.98,1924.3,3,12,6,47.83,9094.38,58.11,35.13,2,0,
quarterly_qpisr,2016-12,2016-17,Q3,Himachal Pradesh,11,12380.81,18780.08,6399.27,2,6,4,46.0,7878.35,41.95,15.35,0,0,
quarterly_qpisr,2016-12,2016-17,Q3,Jammu & Kashmir,10,27408.66,46614.79,19206.13,2,9,6,59.0,31254.68,67.05,45.67,0,0,
quarterly_qpisr,2016-12,2016-17,Q3,Jharkhand,46,46319.35,49550.69,3231.34,8,37,19,46.95,15723.37,31.73,33.72,3,0,
quarterly_qpisr,2016-12,2016-17,Q3,Karnataka,44,75580.96,93942.22,18361.26,20,17,14,25.57,41360.25,44.18,32.33,8,0,
quarterly_qpisr,2016-12,2016-17,Q3,Kerala,19,33504.08,35120.13,1616.05,6,9,5,28.6,15353.15,51.28,23.91,2,0,
quarterly_qpisr,2016-12,2016-17,Q3,Madhya Pradesh,53,56550.91,60253.91,3703.0,7,42,12,35.42,18728.23,31.08,22.68,3,0,
quarterly_qpisr,2016-12,2016-17,Q3,Maharashtra,99,159200.13,168863.18,9663.05,20,59,29,46.14,55987.42,33.16,36.57,3,0,
quarterly_qpisr,2016-12,2016-17,Q3,Manipur,3,1047.27,10045.73,8998.46,2,3,3,47.33,6046.7,60.19,55.74,1,0,
quarterly_qpisr,2016-12,2016-17,Q3,Meghalaya,6,7108.02,9025.0,1916.98,1,4,1,41.0,814.16,10.81,31.5,1,0,
quarterly_qpisr,2016-12,2016-17,Q3,Mizoram,5,2001.2,6965.67,4964.47,2,3,2,102.5,2209.07,35.93,25.78,1,0,
quarterly_qpisr,2016-12,2016-17,Q3,Nagaland,3,6420.0,8570.0,2150.0,1,1,1,60.0,164.68,2.26,1.64,0,0,
quarterly_qpisr,2016-12,2016-17,Q3,Odisha,65,64889.94,70800.01,5910.07,19,52,25,38.28,19579.34,27.79,35.83,3,0,
quarterly_qpisr,2016-12,2016-17,Q3,Punjab,26,14507.23,14511.23,4.0,1,5,2,13.0,3298.47,22.73,22.74,0,0,
quarterly_qpisr,2016-12,2016-17,Q3,Rajasthan,65,45091.11,46852.62,1761.51,14,38,13,37.38,20514.67,45.14,38.98,9,0,
quarterly_qpisr,2016-12,2016-17,Q3,Sikkim,5,2149.08,4894.01,2744.93,1,2,2,65.5,860.79,18.81,0.0,0,0,
quarterly_qpisr,2016-12,2016-17,Q3,Tamil Nadu,49,65247.59,80691.11,15443.52,16,31,19,44.68,62540.97,78.07,54.56,3,0,
quarterly_qpisr,2016-12,2016-17,Q3,Telangana,36,25303.12,28703.09,3399.97,9,23,14,41.07,6383.72,22.61,24.02,2,0,
quarterly_qpisr,2016-12,2016-17,Q3,Tripura,11,4400.64,9389.2,4988.56,7,9,5,41.0,5074.52,54.05,46.24,0,0,
quarterly_qpisr,2016-12,2016-17,Q3,Uttar Pradesh,79,85476.55,88876.45,3399.9,9,50,19,35.58,27480.9,31.59,18.81,8,0,
quarterly_qpisr,2016-12,2016-17,Q3,Uttarakhand,11,16558.99,18940.91,2381.92,4,6,4,61.5,6724.69,35.5,21.86,0,0,
quarterly_qpisr,2016-12,2016-17,Q3,West Bengal,52,53833.77,64408.7,10574.93,18,31,20,39.15,34547.17,54.27,33.69,4,0,
quarterly_qpisr,2017-03,2016-17,Q4,Andaman & Nicobar Islands,1,314.61,441.33,126.72,1,1,1,21.0,26.35,5.97,2.8,0,0,
quarterly_qpisr,2017-03,2016-17,Q4,Andhra Pradesh,56,96037.3,99737.92,3700.62,8,39,24,31.33,12521.26,13.28,25.52,3,0,
quarterly_qpisr,2017-03,2016-17,Q4,Arunachal Pradesh,20,13401.94,29214.96,15813.02,5,13,2,74.5,16581.1,59.07,19.4,0,0,
quarterly_qpisr,2017-03,2016-17,Q4,Assam,51,39192.36,57223.96,18031.6,17,41,23,78.57,42045.17,74.67,51.11,8,0,
quarterly_qpisr,2017-03,2016-17,Q4,Bihar,79,69287.61,82576.99,13289.38,17,30,15,40.4,45820.03,55.79,19.68,7,0,
quarterly_qpisr,2017-03,2016-17,Q4,Chhattisgarh,42,97016.69,99754.71,2738.02,9,31,16,37.06,59773.14,60.73,38.37,0,0,
quarterly_qpisr,2017-03,2016-17,Q4,Dadra & Nagar Haveli and Daman & Diu,1,6086.08,4701.44,-1384.64,0,1,0,,1926.47,40.98,54.8,0,0,
quarterly_qpisr,2017-03,2016-17,Q4,Delhi,18,51186.92,51093.74,-93.18,2,12,8,17.12,33100.27,64.78,46.32,1,0,
quarterly_qpisr,2017-03,2016-17,Q4,Goa,10,4379.12,4361.51,-17.61,0,2,0,,678.02,15.55,16.46,0,0,
quarterly_qpisr,2017-03,2016-17,Q4,Gujarat,46,40118.83,43830.52,3711.69,11,27,17,37.71,28161.0,69.46,49.23,5,0,
quarterly_qpisr,2017-03,2016-17,Q4,Haryana,22,14364.47,16250.7,1886.23,3,13,6,46.67,9871.3,60.74,42.08,2,0,
quarterly_qpisr,2017-03,2016-17,Q4,Himachal Pradesh,12,12531.81,18931.08,6399.27,2,7,4,46.0,8185.93,51.28,18.28,0,0,
quarterly_qpisr,2017-03,2016-17,Q4,Jammu & Kashmir,10,27408.66,46614.79,19206.13,2,10,7,55.0,32366.78,69.43,50.01,0,0,
quarterly_qpisr,2017-03,2016-17,Q4,Jharkhand,48,46724.53,49958.75,3234.22,9,39,24,51.83,18029.31,36.24,36.2,3,0,
quarterly_qpisr,2017-03,2016-17,Q4,Karnataka,47,79506.59,97832.65,18326.06,23,20,11,27.36,42443.87,43.53,25.72,8,0,
quarterly_qpisr,2017-03,2016-17,Q4,Kerala,21,37154.14,38770.19,1616.05,6,12,5,38.0,21496.49,55.45,31.8,2,0,
quarterly_qpisr,2017-03,2016-17,Q4,Madhya Pradesh,53,55367.21,59070.21,3703.0,7,43,14,33.86,20990.45,35.53,27.68,3,0,
quarterly_qpisr,2017-03,2016-17,Q4,Maharashtra,111,168039.26,176063.08,8023.82,23,69,29,46.52,61594.18,34.98,39.54,4,0,
quarterly_qpisr,2017-03,2016-17,Q4,Manipur,2,944.25,9874.69,8930.44,1,2,2,72.0,6341.29,64.22,36.11,1,0,
quarterly_qpisr,2017-03,2016-17,Q4,Meghalaya,6,7108.02,9025.0,1916.98,1,4,3,22.67,1226.82,16.29,36.21,1,0,
quarterly_qpisr,2017-03,2016-17,Q4,Mizoram,5,2001.2,7054.66,5053.46,2,3,2,102.5,2636.81,42.28,27.8,1,0,
quarterly_qpisr,2017-03,2016-17,Q4,Nagaland,3,6420.0,8570.0,2150.0,1,1,1,60.0,337.15,4.64,7.8,0,0,
quarterly_qpisr,2017-03,2016-17,Q4,Odisha,62,69912.91,77571.56,7658.65,19,49,19,31.84,20234.92,27.16,30.3,3,0,
quarterly_qpisr,2017-03,2016-17,Q4,Punjab,27,15261.77,15267.5,5.73,2,6,3,14.0,3456.7,22.64,27.7,0,0,
quarterly_qpisr,2017-03,2016-17,Q4,Rajasthan,65,45091.11,46852.62,1761.51,14,38,15,34.87,22003.82,47.34,43.04,12,0,
quarterly_qpisr,2017-03,2016-17,Q4,Sikkim,5,2149.08,5138.08,2989.0,2,2,2,67.0,897.16,18.61,0.0,0,0,
quarterly_qpisr,2017-03,2016-17,Q4,Tamil Nadu,52,74680.93,90133.72,15452.79,15,35,22,42.5,62738.3,70.34,57.28,3,0,
quarterly_qpisr,2017-03,2016-17,Q4,Telangana,35,24832.84,27207.21,2374.37,8,23,14,49.07,5467.53,21.7,10.24,2,0,
quarterly_qpisr,2017-03,2016-17,Q4,Tripura,11,4400.64,9067.42,4666.78,7,9,5,43.4,5487.48,60.52,52.85,0,0,
quarterly_qpisr,2017-03,2016-17,Q4,Uttar Pradesh,83,109253.66,113036.37,3782.71,11,54,18,34.11,31426.42,28.76,18.44,8,0,
quarterly_qpisr,2017-03,2016-17,Q4,Uttarakhand,10,14901.99,15962.05,1060.06,3,5,3,67.67,5643.37,48.37,27.08,0,0,
quarterly_qpisr,2017-03,2016-17,Q4,West Bengal,53,54854.77,66160.14,11305.37,19,31,20,33.85,35700.96,54.78,36.69,4,0,
quarterly_qpisr,2017-06,2017-18,Q1,Andaman & Nicobar Islands,1,314.61,441.33,126.72,1,1,1,21.0,24.13,5.47,,0,0,
quarterly_qpisr,2017-06,2017-18,Q1,Andhra Pradesh,59,97206.37,100906.99,3700.62,8,42,23,31.83,10722.32,20.0,23.14,1,0,
quarterly_qpisr,2017-06,2017-18,Q1,Arunachal Pradesh,31,16602.41,32431.5,15829.09,6,14,3,61.67,16819.45,55.4,10.78,0,0,
quarterly_qpisr,2017-06,2017-18,Q1,Assam,50,38980.36,57011.96,18031.6,17,37,19,73.74,39711.17,75.29,38.36,1,0,
quarterly_qpisr,2017-06,2017-18,Q1,Bihar,78,68807.61,82225.72,13418.11,18,27,13,41.46,39594.32,54.64,20.8,0,0,
quarterly_qpisr,2017-06,2017-18,Q1,Chhattisgarh,42,97016.69,99754.71,2738.02,9,31,16,37.38,58839.61,59.79,34.6,2,0,
quarterly_qpisr,2017-06,2017-18,Q1,Dadra & Nagar Haveli and Daman & Diu,1,6086.08,4701.44,-1384.64,0,1,1,5.0,1960.89,41.71,,0,0,
quarterly_qpisr,2017-06,2017-18,Q1,Delhi,17,50925.07,50831.89,-93.18,2,11,7,12.86,33929.21,67.78,45.86,0,0,
quarterly_qpisr,2017-06,2017-18,Q1,Goa,10,4379.12,4361.51,-17.61,0,2,0,,434.71,23.74,7.67,0,0,
quarterly_qpisr,2017-06,2017-18,Q1,Gujarat,44,39946.18,43734.56,3788.38,11,23,12,37.08,23418.15,57.17,31.57,1,0,
quarterly_qpisr,2017-06,2017-18,Q1,Haryana,21,14081.22,15967.45,1886.23,3,12,5,52.8,7650.8,68.01,34.68,0,0,
quarterly_qpisr,2017-06,2017-18,Q1,Himachal Pradesh,13,15017.74,21417.01,6399.27,2,8,4,46.75,7852.11,36.92,20.09,0,0,
quarterly_qpisr,2017-06,2017-18,Q1,Jammu & Kashmir,10,27408.66,47178.95,19770.29,3,10,8,49.62,28795.85,63.93,49.02,0,0,
quarterly_qpisr,2017-06,2017-18,Q1,Jharkhand,48,46724.53,49958.75,3234.22,9,39,24,52.46,16270.4,32.74,18.72,0,0,
quarterly_qpisr,2017-06,2017-18,Q1,Karnataka,47,79506.59,97832.65,18326.06,23,20,11,27.91,41891.23,45.34,15.44,0,0,
quarterly_qpisr,2017-06,2017-18,Q1,Kerala,21,37154.14,38770.19,1616.05,6,10,4,33.75,13281.99,41.34,29.7,0,0,
quarterly_qpisr,2017-06,2017-18,Q1,Madhya Pradesh,52,53756.78,58202.87,4446.09,7,42,13,34.54,19423.81,39.97,27.45,0,0,
quarterly_qpisr,2017-06,2017-18,Q1,Maharashtra,112,167460.76,176862.47,9401.71,27,69,29,47.0,57648.74,34.48,28.69,0,0,
quarterly_qpisr,2017-06,2017-18,Q1,Manipur,2,944.25,9874.69,8930.44,1,2,2,74.0,4979.46,50.43,32.0,0,0,
quarterly_qpisr,2017-06,2017-18,Q1,Meghalaya,6,7108.02,9025.0,1916.98,1,3,2,15.0,28.09,0.4,5.86,0,0,
quarterly_qpisr,2017-06,2017-18,Q1,Mizoram,5,2001.2,6942.57,4941.37,2,3,2,102.5,1916.06,31.29,31.0,0,0,
quarterly_qpisr,2017-06,2017-18,Q1,Nagaland,7,8126.79,10276.79,2150.0,1,4,4,42.0,147.52,1.64,0.0,0,0,
quarterly_qpisr,2017-06,2017-18,Q1,Odisha,64,70292.05,78295.7,8003.65,20,51,21,36.86,18340.86,27.44,16.24,1,0,
quarterly_qpisr,2017-06,2017-18,Q1,Punjab,28,15555.77,15561.5,5.73,2,7,3,14.0,2978.77,20.4,22.24,0,0,
quarterly_qpisr,2017-06,2017-18,Q1,Rajasthan,63,44733.05,47022.14,2289.09,15,32,10,38.9,18754.53,40.9,34.19,0,0,
quarterly_qpisr,2017-06,2017-18,Q1,Sikkim,5,2149.08,5138.08,2989.0,2,2,2,65.5,893.04,18.53,0.0,0,0,
quarterly_qpisr,2017-06,2017-18,Q1,Tamil Nadu,51,74509.1,89961.89,15452.79,15,32,19,48.42,60511.99,72.44,58.29,0,0,
quarterly_qpisr,2017-06,2017-18,Q1,Telangana,35,24832.84,27174.2,2341.36,8,23,14,50.79,5356.89,22.01,13.81,0,0,
quarterly_qpisr,2017-06,2017-18,Q1,Tripura,11,4400.64,9067.42,4666.78,7,9,6,36.83,4511.91,53.16,32.8,0,0,
quarterly_qpisr,2017-06,2017-18,Q1,Uttar Pradesh,83,109253.66,112709.08,3455.42,14,52,16,37.5,28362.55,28.76,10.73,0,0,
quarterly_qpisr,2017-06,2017-18,Q1,Uttarakhand,10,14901.99,15982.05,1080.06,3,5,3,67.67,5446.47,34.08,10.55,0,0,
quarterly_qpisr,2017-06,2017-18,Q1,West Bengal,53,54854.77,66160.14,11305.37,19,31,20,34.0,33988.28,53.88,42.87,0,0,
quarterly_qpisr,2017-09,2017-18,Q2,Andaman & Nicobar Islands,1,314.61,441.33,126.72,1,1,1,21.0,24.13,5.47,,0,0,
quarterly_qpisr,2017-09,2017-18,Q2,Andhra Pradesh,60,97457.47,101460.5,4003.03,9,42,24,31.0,11857.27,12.77,22.19,1,0,
quarterly_qpisr,2017-09,2017-18,Q2,Arunachal Pradesh,31,16602.41,33555.84,16953.43,6,14,3,63.33,17205.4,55.05,10.36,0,0,
quarterly_qpisr,2017-09,2017-18,Q2,Assam,50,33769.6,47399.82,13630.22,16,35,16,81.88,29960.5,69.1,41.87,1,0,
quarterly_qpisr,2017-09,2017-18,Q2,Bihar,78,68807.61,85635.87,16828.26,20,25,12,47.08,41754.92,58.5,7.73,1,0,
quarterly_qpisr,2017-09,2017-18,Q2,Chhattisgarh,41,94608.92,97109.07,2500.15,7,30,14,40.86,58640.77,62.03,32.65,5,0,
quarterly_qpisr,2017-09,2017-18,Q2,Dadra & Nagar Haveli and Daman & Diu,1,6086.08,5479.75,-606.33,0,1,1,5.0,2081.12,37.98,56.93,0,0,
quarterly_qpisr,2017-09,2017-18,Q2,Delhi,17,50925.07,51204.68,279.61,3,9,7,15.86,35407.22,69.15,36.49,0,0,
quarterly_qpisr,2017-09,2017-18,Q2,Goa,10,4379.12,4376.91,-2.21,2,3,1,64.0,438.97,23.77,6.21,1,0,
quarterly_qpisr,2017-09,2017-18,Q2,Gujarat,45,40938.38,43563.72,2625.34,12,23,12,39.08,27632.17,65.54,44.13,1,0,
quarterly_qpisr,2017-09,2017-18,Q2,Haryana,21,14081.22,15967.45,1886.23,3,11,4,58.0,10913.53,69.43,42.11,0,0,
quarterly_qpisr,2017-09,2017-18,Q2,Himachal Pradesh,13,15017.74,22950.02,7932.28,2,8,4,69.5,8869.88,38.65,21.92,0,0,
quarterly_qpisr,2017-09,2017-18,Q2,Jammu & Kashmir,10,27408.66,47277.79,19869.13,3,9,7,57.86,19743.25,65.88,30.98,0,0,
quarterly_qpisr,2017-09,2017-18,Q2,Jharkhand,48,46724.53,50436.69,3712.16,10,38,24,53.38,18263.64,38.81,35.34,0,0,
quarterly_qpisr,2017-09,2017-18,Q2,Karnataka,48,79752.9,98078.96,18326.06,23,18,8,31.38,44362.13,45.38,23.91,1,0,
quarterly_qpisr,2017-09,2017-18,Q2,Kerala,21,37154.14,43251.71,6097.57,7,12,7,30.71,17884.17,48.04,38.68,1,0,
quarterly_qpisr,2017-09,2017-18,Q2,Madhya Pradesh,54,57610.99,62057.28,4446.29,8,43,13,31.31,23820.05,41.48,31.5,0,0,
quarterly_qpisr,2017-09,2017-18,Q2,Maharashtra,115,174145.76,183548.21,9402.45,27,68,26,41.27,61062.17,35.4,33.83,2,0,
quarterly_qpisr,2017-09,2017-18,Q2,Manipur,2,944.25,9874.69,8930.44,1,2,2,76.0,5470.63,55.4,0.55,0,0,
quarterly_qpisr,2017-09,2017-18,Q2,Meghalaya,6,7108.02,9025.0,1916.98,1,4,3,26.67,935.41,13.27,25.08,0,0,
quarterly_qpisr,2017-09,2017-18,Q2,Mizoram,5,2001.2,6942.57,4941.37,2,3,2,103.5,3060.66,49.97,30.09,0,0,
quarterly_qpisr,2017-09,2017-18,Q2,Nagaland,7,8126.79,10276.79,2150.0,1,4,4,42.0,362.71,4.04,1.23,0,0,
quarterly_qpisr,2017-09,2017-18,Q2,Odisha,68,73613.65,81282.3,7668.65,19,52,22,41.64,17994.12,25.07,29.46,1,0,
quarterly_qpisr,2017-09,2017-18,Q2,Punjab,28,15555.77,15561.5,5.73,2,7,4,13.5,3396.28,21.82,22.14,0,0,
quarterly_qpisr,2017-09,2017-18,Q2,Rajasthan,63,44733.05,47022.14,2289.09,15,30,10,36.8,17970.29,45.18,29.34,0,0,
quarterly_qpisr,2017-09,2017-18,Q2,Sikkim,6,2537.08,5585.45,3048.37,3,3,2,65.5,893.04,16.95,0.0,0,0,
quarterly_qpisr,2017-09,2017-18,Q2,Tamil Nadu,57,76796.39,99577.53,22781.14,20,34,23,43.65,68359.54,69.06,55.22,1,0,
quarterly_qpisr,2017-09,2017-18,Q2,Telangana,35,24832.84,27489.74,2656.9,10,22,13,52.31,6378.54,23.61,9.45,0,0,
quarterly_qpisr,2017-09,2017-18,Q2,Tripura,11,4400.64,9067.42,4666.78,7,7,4,50.0,5643.04,66.49,45.56,0,0,
quarterly_qpisr,2017-09,2017-18,Q2,Uttar Pradesh,83,109253.66,112943.92,3690.26,18,49,14,31.71,35553.56,32.6,17.0,0,0,
quarterly_qpisr,2017-09,2017-18,Q2,Uttarakhand,13,16833.35,17673.56,840.21,5,8,5,68.4,8248.87,46.67,26.75,0,0,
quarterly_qpisr,2017-09,2017-18,Q2,West Bengal,54,56682.77,71587.72,14904.95,22,28,17,34.18,36593.91,57.42,40.95,0,0,
quarterly_qpisr,2017-12,2017-18,Q3,Andaman & Nicobar Islands,1,314.61,441.33,126.72,1,1,1,21.0,26.44,5.99,,0,0,
quarterly_qpisr,2017-12,2017-18,Q3,Andhra Pradesh,64,100198.06,104205.09,4007.03,9,42,25,33.72,14440.17,15.29,26.5,5,0,
quarterly_qpisr,2017-12,2017-18,Q3,Arunachal Pradesh,31,16602.41,33555.84,16953.43,6,14,3,63.33,17566.11,55.79,10.43,0,0,
quarterly_qpisr,2017-12,2017-18,Q3,Assam,50,33769.6,49624.58,15854.98,18,39,20,87.1,30444.47,66.79,43.02,3,0,
quarterly_qpisr,2017-12,2017-18,Q3,Bihar,79,68372.22,85193.29,16821.07,21,25,12,48.33,38970.25,54.94,6.91,1,0,
quarterly_qpisr,2017-12,2017-18,Q3,Chhattisgarh,38,82769.79,84960.97,2191.18,5,27,11,46.18,49598.06,61.02,30.28,5,0,
quarterly_qpisr,2017-12,2017-18,Q3,Dadra & Nagar Haveli and Daman & Diu,1,6086.08,5479.75,-606.33,0,1,1,5.0,2236.63,40.82,61.59,0,0,
quarterly_qpisr,2017-12,2017-18,Q3,Delhi,17,50925.07,51204.68,279.61,3,12,10,20.0,39610.13,78.54,49.75,3,0,
quarterly_qpisr,2017-12,2017-18,Q3,Goa,9,4043.51,4058.91,15.4,2,2,0,,152.07,9.95,6.27,1,0,
quarterly_qpisr,2017-12,2017-18,Q3,Gujarat,45,39686.12,42257.49,2571.37,10,23,10,38.2,17240.13,50.65,39.84,3,0,
quarterly_qpisr,2017-12,2017-18,Q3,Haryana,21,14081.22,15967.45,1886.23,3,11,5,47.6,1341.9,27.72,40.53,0,0,
quarterly_qpisr,2017-12,2017-18,Q3,Himachal Pradesh,12,14659.32,22591.6,7932.28,2,7,3,57.67,6948.36,35.69,24.95,0,0,
quarterly_qpisr,2017-12,2017-18,Q3,Jammu & Kashmir,11,28880.41,57111.68,28231.27,3,9,7,58.0,23413.27,48.86,41.1,0,0,
quarterly_qpisr,2017-12,2017-18,Q3,Jharkhand,48,46724.53,50436.69,3712.16,10,37,24,52.83,20081.93,41.23,35.83,1,0,
quarterly_qpisr,2017-12,2017-18,Q3,Karnataka,47,79173.79,97397.6,18223.81,22,18,8,30.62,44934.29,46.29,26.73,4,0,
quarterly_qpisr,2017-12,2017-18,Q3,Kerala,21,21774.25,27871.82,6097.57,7,11,6,34.83,2589.95,12.2,32.6,1,0,
quarterly_qpisr,2017-12,2017-18,Q3,Madhya Pradesh,59,62349.33,65892.8,3543.47,8,43,13,32.62,18661.16,37.79,30.85,0,0,
quarterly_qpisr,2017-12,2017-18,Q3,Maharashtra,125,178404.64,191063.07,12658.43,32,77,25,43.24,65428.55,34.96,37.25,4,0,
quarterly_qpisr,2017-12,2017-18,Q3,Manipur,2,944.25,9874.69,8930.44,1,2,2,76.0,7037.58,71.27,69.0,0,0,
quarterly_qpisr,2017-12,2017-18,Q3,Meghalaya,6,7108.02,9025.0,1916.98,1,4,3,26.67,283.74,4.35,7.71,0,0,
quarterly_qpisr,2017-12,2017-18,Q3,Mizoram,5,2001.2,6942.57,4941.37,2,3,2,103.5,3293.9,53.78,34.78,0,0,
quarterly_qpisr,2017-12,2017-18,Q3,Nagaland,7,8126.79,10276.79,2150.0,1,4,4,42.0,406.14,4.52,1.36,0,0,
quarterly_qpisr,2017-12,2017-18,Q3,Odisha,72,74459.24,82559.02,8099.78,21,54,23,40.09,20836.55,26.89,30.08,1,0,
quarterly_qpisr,2017-12,2017-18,Q3,Punjab,28,15555.77,15561.5,5.73,2,7,4,13.5,2553.4,18.78,23.18,0,0,
quarterly_qpisr,2017-12,2017-18,Q3,Rajasthan,64,46280.0,48138.92,1858.92,14,30,10,37.1,15212.83,38.79,33.71,2,0,
quarterly_qpisr,2017-12,2017-18,Q3,Sikkim,6,2537.08,5585.45,3048.37,3,3,2,66.0,931.23,17.68,0.0,0,0,
quarterly_qpisr,2017-12,2017-18,Q3,Tamil Nadu,66,110383.52,126223.94,15840.42,21,37,24,38.92,48778.14,39.02,47.24,2,0,
quarterly_qpisr,2017-12,2017-18,Q3,Telangana,36,24952.57,27674.71,2722.14,11,23,13,52.31,6249.99,24.24,25.46,0,0,
quarterly_qpisr,2017-12,2017-18,Q3,Tripura,11,4400.64,9067.42,4666.78,7,7,4,50.0,5735.34,67.57,46.14,0,0,
quarterly_qpisr,2017-12,2017-18,Q3,Uttar Pradesh,88,111454.81,115138.64,3683.83,19,51,16,29.25,36803.67,34.23,15.62,0,0,
quarterly_qpisr,2017-12,2017-18,Q3,Uttarakhand,14,17481.68,32916.29,15434.61,6,8,5,70.2,7871.63,24.73,22.62,0,0,
quarterly_qpisr,2017-12,2017-18,Q3,West Bengal,55,56532.37,71188.94,14656.57,23,29,18,32.44,38399.83,57.42,43.71,0,0,
quarterly_qpisr,2018-03,2017-18,Q4,Andaman & Nicobar Islands,6,1889.87,2016.59,126.72,1,4,1,21.0,26.44,1.31,,0,0,
quarterly_qpisr,2018-03,2017-18,Q4,Andhra Pradesh,62,98106.67,102872.35,4765.68,10,28,11,43.36,7873.3,8.18,20.16,6,0,
quarterly_qpisr,2018-03,2017-18,Q4,Arunachal Pradesh,31,16602.41,32431.5,15829.09,6,9,3,66.0,18413.06,60.64,11.27,0,0,
quarterly_qpisr,2018-03,2017-18,Q4,Assam,49,33805.72,49550.77,15745.05,17,37,21,85.95,31093.02,68.32,42.69,8,0,
quarterly_qpisr,2018-03,2017-18,Q4,Bihar,81,69841.31,86662.38,16821.07,21,26,12,50.08,40040.8,55.69,7.32,1,0,
quarterly_qpisr,2018-03,2017-18,Q4,Chhattisgarh,40,86073.79,89158.79,3085.0,6,30,12,48.33,52976.52,61.97,31.53,6,0,
quarterly_qpisr,2018-03,2017-18,Q4,Dadra & Nagar Haveli and Daman & Diu,1,6086.08,5842.31,-243.77,0,1,1,5.0,2765.06,47.33,67.99,0,0,
quarterly_qpisr,2018-03,2017-18,Q4,Delhi,18,53421.22,53688.53,267.31,2,10,5,17.6,39283.2,74.24,24.05,3,0,
quarterly_qpisr,2018-03,2017-18,Q4,Goa,9,4043.51,4058.91,15.4,2,3,0,,192.86,12.62,6.99,1,0,
quarterly_qpisr,2018-03,2017-18,Q4,Gujarat,48,44056.76,47616.96,3560.2,10,28,9,38.11,19169.29,47.4,38.46,3,0,
quarterly_qpisr,2018-03,2017-18,Q4,Haryana,23,14552.14,16438.37,1886.23,3,18,5,47.6,1384.34,26.06,40.17,1,0,
quarterly_qpisr,2018-03,2017-18,Q4,Himachal Pradesh,12,14659.32,22591.6,7932.28,2,9,3,65.67,7119.62,36.57,27.96,0,0,
quarterly_qpisr,2018-03,2017-18,Q4,Jammu & Kashmir,11,28880.41,57111.68,28231.27,3,9,7,58.71,27538.67,55.0,43.48,1,0,
quarterly_qpisr,2018-03,2017-18,Q4,Jharkhand,49,47942.17,52543.49,4601.32,11,33,20,54.75,22154.8,42.16,37.17,3,0,
quarterly_qpisr,2018-03,2017-18,Q4,Karnataka,43,72037.97,82214.88,10176.91,19,24,7,19.0,29533.1,36.06,26.61,5,0,
quarterly_qpisr,2018-03,2017-18,Q4,Kerala,22,22886.25,29641.49,6755.24,8,11,7,36.57,3137.91,13.64,35.9,3,0,
quarterly_qpisr,2018-03,2017-18,Q4,Madhya Pradesh,63,65054.02,71130.88,6076.86,11,36,10,41.0,22343.97,38.97,31.59,1,0,
quarterly_qpisr,2018-03,2017-18,Q4,Maharashtra,130,180370.13,193417.07,13046.94,30,103,26,42.62,69395.63,39.46,37.51,6,0,
quarterly_qpisr,2018-03,2017-18,Q4,Manipur,2,944.25,9874.69,8930.44,1,2,2,76.0,7439.18,75.34,50.93,0,0,
quarterly_qpisr,2018-03,2017-18,Q4,Meghalaya,6,7108.02,9025.0,1916.98,1,5,3,26.67,285.46,4.38,7.82,0,0,
quarterly_qpisr,2018-03,2017-18,Q4,Mizoram,5,2001.2,6942.57,4941.37,2,2,2,105.0,3423.79,55.9,32.7,1,0,
quarterly_qpisr,2018-03,2017-18,Q4,Nagaland,7,8126.79,10276.79,2150.0,1,5,4,42.0,431.96,4.81,1.34,0,0,
quarterly_qpisr,2018-03,2017-18,Q4,Odisha,82,81920.54,90908.41,8987.87,21,52,18,49.89,23687.52,27.6,28.2,3,0,
quarterly_qpisr,2018-03,2017-18,Q4,Punjab,30,16014.41,16020.14,5.73,2,10,5,12.4,2636.78,18.76,20.9,0,0,
quarterly_qpisr,2018-03,2017-18,Q4,Rajasthan,61,45223.95,47031.59,1807.64,13,33,13,34.38,15574.93,40.87,33.1,5,0,
quarterly_qpisr,2018-03,2017-18,Q4,Sikkim,6,2537.08,5585.45,3048.37,3,1,1,51.0,931.23,17.68,0.0,0,0,
quarterly_qpisr,2018-03,2017-18,Q4,Tamil Nadu,67,111044.97,126944.46,15899.49,22,38,24,34.96,50221.51,39.74,49.27,6,0,
quarterly_qpisr,2018-03,2017-18,Q4,Telangana,36,24952.57,27652.97,2700.4,11,22,14,49.0,6970.47,27.72,26.83,0,0,
quarterly_qpisr,2018-03,2017-18,Q4,Tripura,11,4400.64,9067.42,4666.78,7,4,3,61.67,6109.07,71.98,43.94,1,0,
quarterly_qpisr,2018-03,2017-18,Q4,Uttar Pradesh,91,112891.02,115930.61,3039.59,20,50,15,28.13,40232.13,36.02,18.27,2,0,
quarterly_qpisr,2018-03,2017-18,Q4,Uttarakhand,17,18576.59,36046.09,17469.5,8,12,5,72.0,8957.33,26.53,25.7,0,0,
quarterly_qpisr,2018-03,2017-18,Q4,West Bengal,56,56695.39,71263.96,14568.57,22,33,16,34.12,40176.53,56.98,51.01,3,0,
quarterly_qpisr,2021-06,2021-22,Q1,Andaman & Nicobar Islands,9,2888.63,3159.99,271.36,2,1,1,39.0,857.53,27.14,38.0,0,0,
quarterly_qpisr,2021-06,2021-22,Q1,Andhra Pradesh,77,122880.98,170403.19,47522.21,16,43,37,39.41,77008.04,45.42,43.29,2,0,
quarterly_qpisr,2021-06,2021-22,Q1,Arunachal Pradesh,46,26469.99,46340.88,19870.89,11,12,6,85.83,27971.83,60.36,35.93,1,0,
quarterly_qpisr,2021-06,2021-22,Q1,Assam,52,49087.54,52659.96,3572.42,19,33,21,53.19,15623.34,29.67,41.79,0,0,
quarterly_qpisr,2021-06,2021-22,Q1,Bihar,108,122099.62,158159.29,36059.67,37,38,25,42.28,76935.78,48.64,29.04,1,0,
quarterly_qpisr,2021-06,2021-22,Q1,Chandigarh,2,349.15,570.0,220.85,2,0,0,,270.91,47.53,0.0,0,0,
quarterly_qpisr,2021-06,2021-22,Q1,Chhattisgarh,48,90886.42,102063.82,11177.4,12,38,24,55.08,58383.46,57.2,40.77,0,0,
quarterly_qpisr,2021-06,2021-22,Q1,Delhi,36,90723.12,92221.58,1498.46,9,22,17,30.29,56466.23,61.23,40.37,0,0,
quarterly_qpisr,2021-06,2021-22,Q1,Goa,11,5629.77,5640.26,10.49,2,0,0,,2785.76,52.2,50.67,0,0,
quarterly_qpisr,2021-06,2021-22,Q1,Gujarat,60,106911.87,118147.22,11235.35,17,26,14,35.14,57280.86,48.48,26.63,0,0,
quarterly_qpisr,2021-06,2021-22,Q1,Haryana,44,64943.35,67464.14,2520.79,7,18,14,22.29,21460.09,31.81,24.75,1,0,
quarterly_qpisr,2021-06,2021-22,Q1,Himachal Pradesh,15,20660.7,30545.13,9884.43,3,8,5,47.2,18963.05,62.64,5.08,0,0,
quarterly_qpisr,2021-06,2021-22,Q1,Jammu & Kashmir,23,44466.45,70527.76,26061.31,4,14,5,91.4,46214.19,65.53,29.29,0,0,
quarterly_qpisr,2021-06,2021-22,Q1,Jharkhand,41,63709.07,68069.7,4360.63,12,30,21,52.95,34288.88,50.37,43.2,0,0,
quarterly_qpisr,2021-06,2021-22,Q1,Karnataka,60,71320.53,81584.94,10264.41,17,24,20,54.2,43217.74,52.97,35.22,0,0,
quarterly_qpisr,2021-06,2021-22,Q1,Kerala,22,37466.85,42584.93,5118.08,12,9,8,26.12,19348.31,45.61,18.11,1,0,
quarterly_qpisr,2021-06,2021-22,Q1,Ladakh,1,169.79,169.79,0.0,0,1,0,,9.07,5.34,9.5,0,0,
quarterly_qpisr,2021-06,2021-22,Q1,Madhya Pradesh,85,91657.68,105791.93,14134.25,21,57,49,31.82,56839.04,53.73,38.82,0,0,
quarterly_qpisr,2021-06,2021-22,Q1,Maharashtra,244,217947.69,241846.1,23898.41,37,67,52,32.62,135877.99,56.18,55.56,2,0,
quarterly_qpisr,2021-06,2021-22,Q1,Manipur,13,8305.44,16055.62,7750.18,1,11,2,94.5,11979.71,74.61,29.18,0,0,
quarterly_qpisr,2021-06,2021-22,Q1,Meghalaya,12,5009.47,8186.03,3176.56,1,7,2,45.0,1591.71,20.67,26.91,0,0,
quarterly_qpisr,2021-06,2021-22,Q1,Mizoram,18,9030.03,12978.73,3948.7,5,18,13,72.92,6669.83,51.39,38.73,0,0,
quarterly_qpisr,2021-06,2021-22,Q1,Nagaland,38,18265.97,22463.91,4197.94,2,31,18,44.22,4697.03,20.91,38.88,0,0,
quarterly_qpisr,2021-06,2021-22,Q1,Odisha,90,130386.08,135068.1,4682.02,18,47,34,51.47,56456.76,41.8,18.77,0,0,
quarterly_qpisr,2021-06,2021-22,Q1,Puducherry,1,195.0,195.0,0.0,0,1,1,19.0,16.41,8.42,0.0,0,0,
quarterly_qpisr,2021-06,2021-22,Q1,Punjab,29,15325.05,18249.98,2924.93,8,12,11,28.55,9805.01,53.73,40.23,0,0,
quarterly_qpisr,2021-06,2021-22,Q1,Rajasthan,62,54577.68,62606.86,8029.18,13,21,17,20.88,39338.94,63.39,31.81,0,0,
quarterly_qpisr,2021-06,2021-22,Q1,Sikkim,17,6854.46,14174.35,7319.89,2,11,0,,1180.75,8.33,10.91,0,0,
quarterly_qpisr,2021-06,2021-22,Q1,Tamil Nadu,70,118836.49,138025.82,19189.33,23,32,28,51.36,82425.57,59.72,28.57,0,0,
quarterly_qpisr,2021-06,2021-22,Q1,Telangana,49,37249.74,40283.18,3033.44,10,21,16,58.06,20527.05,50.96,52.16,0,0,
quarterly_qpisr,2021-06,2021-22,Q1,Tripura,20,4819.21,5002.02,182.81,3,19,5,48.2,1190.73,23.8,18.8,0,0,
quarterly_qpisr,2021-06,2021-22,Q1,Uttar Pradesh,134,178012.58,186300.46,8287.88,36,59,42,21.71,91622.66,49.18,20.8,0,0,
quarterly_qpisr,2021-06,2021-22,Q1,Uttarakhand,32,34539.29,46325.58,11786.29,10,7,6,49.0,15279.63,32.98,21.04,1,0,
quarterly_qpisr,2021-06,2021-22,Q1,West Bengal,76,65854.84,84882.83,19027.99,31,53,35,53.49,45765.92,54.04,36.16,0,0,
quarterly_qpisr,2021-09,2021-22,Q2,Andaman & Nicobar Islands,9,2888.63,3159.99,271.36,2,8,8,39.12,1615.59,51.13,68.49,0,0,
quarterly_qpisr,2021-09,2021-22,Q2,Andhra Pradesh,79,125782.99,173611.2,47828.21,16,47,41,39.83,84856.92,48.88,50.18,6,0,
quarterly_qpisr,2021-09,2021-22,Q2,Arunachal Pradesh,54,26942.72,41254.31,14311.59,9,23,10,68.1,20802.37,50.42,42.66,4,0,
quarterly_qpisr,2021-09,2021-22,Q2,Assam,59,52232.95,56989.11,4756.16,18,48,30,55.7,16362.55,28.71,50.34,7,0,
quarterly_qpisr,2021-09,2021-22,Q2,Bihar,114,128125.68,164770.08,36644.4,38,43,25,44.88,81891.06,49.7,36.37,11,0,
quarterly_qpisr,2021-09,2021-22,Q2,Chandigarh,2,349.15,570.0,220.85,2,2,2,39.0,512.34,89.88,100.0,2,0,
quarterly_qpisr,2021-09,2021-22,Q2,Chhattisgarh,50,92421.71,103968.96,11547.25,13,41,26,54.65,59234.73,56.97,49.95,4,0,
quarterly_qpisr,2021-09,2021-22,Q2,Delhi,36,90723.12,92273.84,1550.72,11,25,23,29.48,58267.38,63.15,55.85,4,0,
quarterly_qpisr,2021-09,2021-22,Q2,Goa,11,5629.77,5640.26,10.49,2,0,0,,3001.07,53.21,73.49,1,0,
quarterly_qpisr,2021-09,2021-22,Q2,Gujarat,64,109447.38,120878.95,11431.57,20,32,17,34.24,61246.32,50.67,45.11,7,0,
quarterly_qpisr,2021-09,2021-22,Q2,Haryana,43,64303.56,66483.96,2180.4,8,18,15,23.4,21333.16,32.09,45.68,7,0,
quarterly_qpisr,2021-09,2021-22,Q2,Himachal Pradesh,19,21918.19,31775.79,9857.6,3,9,5,56.2,20175.81,63.49,37.17,0,0,
quarterly_qpisr,2021-09,2021-22,Q2,Jammu & Kashmir,30,48180.49,74011.81,25831.32,3,21,5,89.0,47045.59,63.56,29.03,0,0,
quarterly_qpisr,2021-09,2021-22,Q2,Jharkhand,44,71413.66,75473.46,4059.8,15,32,22,60.77,35977.67,47.67,47.25,4,0,
quarterly_qpisr,2021-09,2021-22,Q2,Karnataka,62,72570.27,84933.06,12362.79,19,25,21,54.76,48011.25,56.53,54.12,3,0,
quarterly_qpisr,2021-09,2021-22,Q2,Kerala,23,34828.89,40906.06,6077.17,12,9,8,30.5,16997.18,41.55,35.59,1,0,
quarterly_qpisr,2021-09,2021-22,Q2,Ladakh,8,2633.23,2767.29,134.06,1,8,1,15.0,211.51,7.64,14.28,0,0,
quarterly_qpisr,2021-09,2021-22,Q2,Madhya Pradesh,89,94232.5,109366.93,15134.43,22,58,49,33.31,60665.24,55.47,45.4,9,0,
quarterly_qpisr,2021-09,2021-22,Q2,Maharashtra,246,227701.57,251275.12,23573.55,43,69,53,32.06,140300.52,55.84,68.77,9,0,
quarterly_qpisr,2021-09,2021-22,Q2,Manipur,27,12343.89,20792.66,8448.77,2,26,3,64.67,12608.99,60.64,30.66,1,0,
quarterly_qpisr,2021-09,2021-22,Q2,Meghalaya,13,5269.68,8588.18,3318.5,2,9,3,42.33,2460.14,28.65,16.26,0,0,
quarterly_qpisr,2021-09,2021-22,Q2,Mizoram,24,11957.35,15906.05,3948.7,5,24,14,70.14,7274.67,45.74,35.58,0,0,
quarterly_qpisr,2021-09,2021-22,Q2,Nagaland,41,18938.35,23570.47,4632.12,3,37,21,44.05,6042.74,25.64,47.42,1,0,
quarterly_qpisr,2021-09,2021-22,Q2,Odisha,89,125186.08,134980.65,9794.57,20,48,36,57.14,63615.31,47.13,50.43,11,0,
quarterly_qpisr,2021-09,2021-22,Q2,Puducherry,1,195.0,195.0,0.0,0,1,1,19.0,16.41,8.42,0.0,0,0,
quarterly_qpisr,2021-09,2021-22,Q2,Punjab,29,15325.05,17062.59,1737.54,8,12,11,28.91,10442.25,61.2,71.63,7,0,
quarterly_qpisr,2021-09,2021-22,Q2,Rajasthan,63,55294.44,63142.23,7847.79,12,20,17,21.18,43869.93,69.48,45.67,12,0,
quarterly_qpisr,2021-09,2021-22,Q2,Sikkim,19,7597.26,14917.15,7319.89,2,15,2,72.5,2444.26,16.39,15.99,0,0,
quarterly_qpisr,2021-09,2021-22,Q2,Tamil Nadu,75,124274.88,144111.24,19836.36,24,41,35,52.23,87385.08,60.64,53.49,7,0,
quarterly_qpisr,2021-09,2021-22,Q2,Telangana,51,38003.46,41250.16,3246.7,11,20,16,58.88,21725.76,52.67,59.86,0,0,
quarterly_qpisr,2021-09,2021-22,Q2,Tripura,22,5612.28,5797.32,185.04,4,21,6,45.83,2261.65,39.01,27.73,0,0,
quarterly_qpisr,2021-09,2021-22,Q2,Uttar Pradesh,137,179614.12,188064.86,8450.74,38,63,47,23.21,102646.45,54.58,33.64,18,0,
quarterly_qpisr,2021-09,2021-22,Q2,Uttarakhand,32,35922.92,50903.8,14980.88,11,23,23,37.91,23813.9,46.78,63.8,2,0,
quarterly_qpisr,2021-09,2021-22,Q2,West Bengal,76,65854.84,83949.39,18094.55,32,57,41,50.73,44013.39,52.43,45.26,6,0,
quarterly_qpisr,2021-12,2021-22,Q3,Andaman & Nicobar Islands,9,2888.63,3159.99,271.36,2,8,8,39.12,1642.71,51.98,69.46,0,0,
quarterly_qpisr,2021-12,2021-22,Q3,Andhra Pradesh,69,115349.82,161920.16,46570.34,13,47,41,37.93,85404.83,52.75,60.6,0,0,
quarterly_qpisr,2021-12,2021-22,Q3,Arunachal Pradesh,46,24527.7,38464.04,13936.34,5,22,9,57.0,20712.91,53.85,44.53,0,0,
quarterly_qpisr,2021-12,2021-22,Q3,Assam,50,49361.85,58758.28,9396.43,14,41,22,35.45,14706.51,25.03,41.51,0,0,
quarterly_qpisr,2021-12,2021-22,Q3,Bihar,98,123227.91,159169.38,35941.47,34,44,33,40.27,83613.55,52.53,37.62,0,0,
quarterly_qpisr,2021-12,2021-22,Q3,Chhattisgarh,46,78726.75,89025.67,10298.92,11,38,24,55.17,45037.76,50.59,46.18,0,0,
quarterly_qpisr,2021-12,2021-22,Q3,Delhi,32,85086.41,86180.4,1093.99,10,23,21,29.81,53601.87,62.2,56.15,0,0,
quarterly_qpisr,2021-12,2021-22,Q3,Goa,10,5332.77,5343.26,10.49,2,1,1,35.0,2814.61,52.68,84.86,0,0,
quarterly_qpisr,2021-12,2021-22,Q3,Gujarat,59,108152.96,119380.3,11227.34,20,32,16,36.25,56253.28,47.12,46.39,0,0,
quarterly_qpisr,2021-12,2021-22,Q3,Haryana,37,61659.54,63986.16,2326.62,7,17,15,22.93,20835.0,32.56,44.68,0,0,
quarterly_qpisr,2021-12,2021-22,Q3,Himachal Pradesh,20,22264.08,33301.38,11037.3,5,10,7,45.86,21353.35,64.12,33.67,0,0,
quarterly_qpisr,2021-12,2021-22,Q3,Jammu & Kashmir,30,48180.49,74107.74,25927.25,3,21,5,89.0,49072.88,66.22,28.81,0,0,
quarterly_qpisr,2021-12,2021-22,Q3,Jharkhand,42,69491.13,75461.21,5970.08,14,33,23,56.43,35308.01,46.79,49.03,0,0,
quarterly_qpisr,2021-12,2021-22,Q3,Karnataka,57,86103.49,97800.69,11697.2,20,26,22,53.55,52233.64,53.41,57.89,0,0,
quarterly_qpisr,2021-12,2021-22,Q3,Kerala,23,34828.89,40973.3,6144.41,12,9,8,33.12,18345.65,44.77,32.88,0,0,
quarterly_qpisr,2021-12,2021-22,Q3,Ladakh,8,2633.23,2767.29,134.06,1,8,1,21.0,293.41,10.6,17.14,0,0,
quarterly_qpisr,2021-12,2021-22,Q3,Madhya Pradesh,78,68627.95,77288.11,8660.16,18,55,45,34.4,35592.61,46.05,51.69,0,0,
quarterly_qpisr,2021-12,2021-22,Q3,Maharashtra,235,208555.06,231697.57,23142.51,41,67,51,32.43,128324.29,55.38,72.54,0,0,
quarterly_qpisr,2021-12,2021-22,Q3,Manipur,26,12108.58,22615.2,10506.62,2,25,2,94.5,13077.89,57.83,22.5,0,0,
quarterly_qpisr,2021-12,2021-22,Q3,Meghalaya,13,5269.68,8391.62,3121.94,1,9,3,57.67,2723.47,32.45,24.69,0,0,
quarterly_qpisr,2021-12,2021-22,Q3,Mizoram,24,11957.35,16911.6,4954.25,5,24,14,72.5,7888.67,46.65,41.37,0,0,
quarterly_qpisr,2021-12,2021-22,Q3,Nagaland,38,16974.82,21358.94,4384.12,3,36,21,44.71,5570.71,26.08,51.1,0,0,
quarterly_qpisr,2021-12,2021-22,Q3,Odisha,78,109287.57,117479.3,8191.73,18,46,36,55.58,51740.77,44.04,58.24,0,0,
quarterly_qpisr,2021-12,2021-22,Q3,Puducherry,1,195.0,195.0,0.0,0,1,1,19.0,16.41,8.42,0.0,0,0,
quarterly_qpisr,2021-12,2021-22,Q3,Punjab,28,18344.99,20091.84,1746.85,6,16,8,32.88,7485.46,37.26,48.65,0,0,
quarterly_qpisr,2021-12,2021-22,Q3,Rajasthan,55,51403.28,58096.28,6693.0,7,17,16,21.19,38279.46,65.89,42.98,0,0,
quarterly_qpisr,2021-12,2021-22,Q3,Sikkim,18,7278.84,14598.73,7319.89,2,15,2,72.5,2967.68,20.33,19.06,0,0,
quarterly_qpisr,2021-12,2021-22,Q3,Tamil Nadu,70,173006.2,192497.32,19491.12,21,44,39,47.44,95003.92,49.35,50.37,0,0,
quarterly_qpisr,2021-12,2021-22,Q3,Telangana,51,38003.46,41083.48,3080.02,12,20,16,59.88,22934.9,55.83,63.08,0,0,
quarterly_qpisr,2021-12,2021-22,Q3,Tripura,19,5084.45,5259.05,174.6,2,18,3,24.33,2173.32,41.33,41.98,0,0,
quarterly_qpisr,2021-12,2021-22,Q3,Uttar Pradesh,115,153226.4,157146.82,3920.42,36,61,51,24.18,84319.3,53.66,38.36,0,0,
quarterly_qpisr,2021-12,2021-22,Q3,Uttarakhand,31,35703.09,50557.17,14854.08,10,23,23,38.78,25170.86,49.79,67.55,0,0,
quarterly_qpisr,2021-12,2021-22,Q3,West Bengal,72,63129.47,81481.68,18352.21,32,55,45,47.47,42179.0,51.77,47.48,0,0,
quarterly_qpisr,2022-03,2021-22,Q4,Andaman & Nicobar Islands,9,2888.63,3159.99,271.36,2,5,5,49.4,1711.08,54.15,54.05,0,0,
quarterly_qpisr,2022-03,2021-22,Q4,Andhra Pradesh,66,111778.57,163823.62,52045.05,16,47,42,42.0,91294.49,55.73,62.24,10,0,
quarterly_qpisr,2022-03,2021-22,Q4,Arunachal Pradesh,46,24527.7,38464.04,13936.34,5,30,7,66.43,22680.11,58.96,51.15,4,0,
quarterly_qpisr,2022-03,2021-22,Q4,Assam,48,48689.0,59319.9,10630.9,17,40,22,50.36,18202.55,30.69,50.43,15,0,
quarterly_qpisr,2022-03,2021-22,Q4,Bihar,99,123407.2,161248.41,37841.21,41,51,40,45.5,89534.08,55.53,45.12,14,0,
quarterly_qpisr,2022-03,2021-22,Q4,Chandigarh,0,,,,0,0,0,,,,,2,0,
quarterly_qpisr,2022-03,2021-22,Q4,Chhattisgarh,46,76182.24,86854.34,10672.1,13,42,28,52.14,46296.5,53.3,53.67,6,0,
quarterly_qpisr,2022-03,2021-22,Q4,Delhi,30,84117.51,86926.94,2809.43,12,22,20,30.75,54641.02,62.86,58.26,7,0,
quarterly_qpisr,2022-03,2021-22,Q4,Goa,11,5588.46,5598.95,10.49,2,4,4,26.25,3003.13,53.64,89.3,1,0,
quarterly_qpisr,2022-03,2021-22,Q4,Gujarat,62,110518.16,122618.31,12100.15,21,41,29,34.28,60875.69,49.65,53.14,11,0,
quarterly_qpisr,2022-03,2021-22,Q4,Haryana,37,63328.53,66008.17,2679.64,17,17,16,18.5,24031.45,36.41,72.65,9,0,
quarterly_qpisr,2022-03,2021-22,Q4,Himachal Pradesh,20,22264.08,33301.38,11037.3,5,9,6,51.0,22502.2,67.57,39.53,1,0,
quarterly_qpisr,2022-03,2021-22,Q4,Jammu & Kashmir,31,53462.43,88452.94,34990.51,3,27,12,61.92,51518.02,58.24,36.8,1,0,
quarterly_qpisr,2022-03,2021-22,Q4,Jharkhand,55,92133.15,98742.83,6609.68,13,45,24,59.96,38400.15,38.89,51.98,7,0,
quarterly_qpisr,2022-03,2021-22,Q4,Karnataka,58,86133.74,95484.27,9350.53,23,26,21,62.52,53365.4,55.89,62.64,7,0,
quarterly_qpisr,2022-03,2021-22,Q4,Kerala,22,30240.6,35511.25,5270.65,11,8,7,40.29,13735.85,38.68,39.23,4,0,
quarterly_qpisr,2022-03,2021-22,Q4,Ladakh,8,2633.23,2767.29,134.06,1,8,1,27.0,316.53,11.44,17.23,0,0,
quarterly_qpisr,2022-03,2021-22,Q4,Madhya Pradesh,80,70276.44,79149.47,8873.03,19,56,44,37.05,38618.38,48.79,52.04,12,0,
quarterly_qpisr,2022-03,2021-22,Q4,Maharashtra,238,214003.1,238209.12,24206.02,41,201,177,28.88,137550.45,57.74,74.24,24,0,
quarterly_qpisr,2022-03,2021-22,Q4,Manipur,26,12108.58,22615.2,10506.62,2,24,1,153.0,13874.93,61.35,32.17,1,0,
quarterly_qpisr,2022-03,2021-22,Q4,Meghalaya,13,5269.68,8391.62,3121.94,1,9,3,62.67,2844.78,33.9,30.33,1,0,
quarterly_qpisr,2022-03,2021-22,Q4,Mizoram,24,11957.35,16911.6,4954.25,5,24,14,73.07,9134.36,54.01,50.97,0,0,
quarterly_qpisr,2022-03,2021-22,Q4,Nagaland,38,16974.82,21358.94,4384.12,3,27,14,43.5,6164.57,28.86,56.99,1,0,
quarterly_qpisr,2022-03,2021-22,Q4,Odisha,85,127593.65,137296.51,9702.86,23,56,43,56.42,58270.51,42.44,59.46,13,0,
quarterly_qpisr,2022-03,2021-22,Q4,Puducherry,1,195.0,195.0,0.0,0,1,1,19.0,16.41,8.42,0.0,0,0,
quarterly_qpisr,2022-03,2021-22,Q4,Punjab,28,18344.99,20185.85,1840.86,6,17,10,33.8,7711.21,38.2,49.75,10,0,
quarterly_qpisr,2022-03,2021-22,Q4,Rajasthan,67,73923.14,80778.28,6855.14,8,26,15,23.6,42620.17,52.76,39.51,27,0,
quarterly_qpisr,2022-03,2021-22,Q4,Sikkim,20,13965.17,21285.06,7319.89,2,17,3,53.67,3711.84,17.44,17.46,0,0,
quarterly_qpisr,2022-03,2021-22,Q4,Tamil Nadu,69,153399.2,175615.23,22216.03,22,33,29,51.97,89339.43,50.87,53.42,16,0,
quarterly_qpisr,2022-03,2021-22,Q4,Telangana,57,40306.36,43707.93,3401.57,13,27,24,51.12,25787.41,59.0,66.58,1,0,
quarterly_qpisr,2022-03,2021-22,Q4,Tripura,19,5084.45,5225.78,141.33,2,15,6,16.33,2438.37,46.66,50.63,0,0,
quarterly_qpisr,2022-03,2021-22,Q4,Uttar Pradesh,117,152649.49,168059.81,15410.32,45,58,47,28.02,107143.69,63.75,52.46,29,0,
quarterly_qpisr,2022-03,2021-22,Q4,Uttarakhand,30,35588.83,53826.58,18237.75,11,14,14,58.07,28152.22,52.3,70.63,2,0,
quarterly_qpisr,2022-03,2021-22,Q4,West Bengal,75,70935.21,89087.85,18152.64,32,56,42,54.55,43184.02,48.47,43.57,10,0,
quarterly_qpisr,2022-06,2022-23,Q1,Andaman & Nicobar Islands,10,3043.24,3024.1,-19.14,1,7,6,47.0,1411.4,46.67,32.07,0,0,
quarterly_qpisr,2022-06,2022-23,Q1,Andhra Pradesh,68,117601.68,169522.7,51921.02,14,51,48,44.17,94723.37,55.88,68.52,2,0,
quarterly_qpisr,2022-06,2022-23,Q1,Arunachal Pradesh,46,24527.7,38464.04,13936.34,5,31,10,44.1,23414.88,60.87,54.21,2,0,
quarterly_qpisr,2022-06,2022-23,Q1,Assam,48,51136.91,60978.49,9841.58,15,43,20,42.0,17545.99,28.77,46.09,1,0,
quarterly_qpisr,2022-06,2022-23,Q1,Bihar,95,121141.76,159311.7,38169.94,37,61,56,43.73,89211.51,56.0,50.27,7,0,
quarterly_qpisr,2022-06,2022-23,Q1,Chhattisgarh,44,77406.65,103537.69,26131.04,11,42,27,54.37,47159.01,45.55,58.82,2,0,
quarterly_qpisr,2022-06,2022-23,Q1,Delhi,29,82628.75,85789.2,3160.45,12,19,18,34.0,54105.74,63.07,56.2,1,0,
quarterly_qpisr,2022-06,2022-23,Q1,Goa,11,5588.46,5598.95,10.49,2,4,4,26.25,3058.49,54.63,85.14,0,0,
quarterly_qpisr,2022-06,2022-23,Q1,Gujarat,63,111807.16,126649.9,14842.74,20,47,32,32.75,60775.32,47.99,56.17,3,0,
quarterly_qpisr,2022-06,2022-23,Q1,Haryana,34,60478.29,63157.93,2679.64,17,19,18,25.89,22313.16,35.33,79.14,4,0,
quarterly_qpisr,2022-06,2022-23,Q1,Himachal Pradesh,20,22362.81,33485.84,11123.03,5,9,5,54.4,22362.55,66.78,33.39,1,0,
quarterly_qpisr,2022-06,2022-23,Q1,Jammu & Kashmir,29,50071.67,84859.98,34788.31,2,27,13,58.62,50560.23,59.58,42.65,2,0,
quarterly_qpisr,2022-06,2022-23,Q1,Jharkhand,50,78090.59,86156.27,8065.68,12,44,24,49.75,40670.02,47.2,50.04,2,0,
quarterly_qpisr,2022-06,2022-23,Q1,Karnataka,57,84955.26,94407.48,9452.22,24,47,42,55.74,55485.26,58.77,63.06,4,0,
quarterly_qpisr,2022-06,2022-23,Q1,Kerala,20,18854.85,24036.55,5181.7,11,10,10,51.0,13337.62,55.49,48.71,1,0,
quarterly_qpisr,2022-06,2022-23,Q1,Ladakh,8,2633.23,2767.29,134.06,1,8,1,27.0,410.48,14.83,23.45,0,0,
quarterly_qpisr,2022-06,2022-23,Q1,Madhya Pradesh,76,66940.44,75354.51,8414.07,17,62,50,39.44,37613.68,49.92,67.34,10,0,
quarterly_qpisr,2022-06,2022-23,Q1,Maharashtra,227,206571.15,230573.67,24002.52,31,204,179,29.84,129408.71,56.12,72.83,2,0,
quarterly_qpisr,2022-06,2022-23,Q1,Manipur,29,13365.03,23872.44,10507.41,2,29,7,30.14,14464.05,60.59,34.51,0,0,
quarterly_qpisr,2022-06,2022-23,Q1,Meghalaya,13,5093.36,8215.3,3121.94,1,9,3,62.67,2220.7,27.03,33.49,0,0,
quarterly_qpisr,2022-06,2022-23,Q1,Mizoram,25,12450.29,17404.99,4954.7,5,25,14,73.14,9911.44,56.95,53.33,0,0,
quarterly_qpisr,2022-06,2022-23,Q1,Nagaland,39,17136.55,21520.67,4384.12,3,28,19,34.16,6397.08,29.73,58.57,0,0,
quarterly_qpisr,2022-06,2022-23,Q1,Odisha,80,117214.81,126978.97,9764.16,22,60,49,49.63,58129.46,45.78,62.39,2,0,
quarterly_qpisr,2022-06,2022-23,Q1,Puducherry,1,195.0,195.0,0.0,0,0,0,,16.41,8.42,0.0,0,0,
quarterly_qpisr,2022-06,2022-23,Q1,Punjab,26,17991.59,19779.64,1788.05,5,19,11,34.09,7123.89,36.02,51.81,2,0,
quarterly_qpisr,2022-06,2022-23,Q1,Rajasthan,51,64043.31,70770.52,6727.21,5,29,25,26.88,36844.08,52.06,43.05,5,0,
quarterly_qpisr,2022-06,2022-23,Q1,Sikkim,21,14350.32,20947.13,6596.81,2,19,8,32.0,6241.83,29.8,28.75,0,0,
quarterly_qpisr,2022-06,2022-23,Q1,Tamil Nadu,67,204406.41,226706.07,22299.66,21,47,41,57.12,97800.17,43.14,51.2,3,0,
quarterly_qpisr,2022-06,2022-23,Q1,Telangana,51,38513.41,42645.63,4132.22,10,38,33,33.88,24662.72,57.83,68.74,4,0,
quarterly_qpisr,2022-06,2022-23,Q1,Tripura,20,5293.78,5435.11,141.33,2,17,12,11.5,2217.01,40.79,48.95,0,0,
quarterly_qpisr,2022-06,2022-23,Q1,Uttar Pradesh,109,142221.11,157606.66,15385.55,42,68,53,27.66,103325.91,65.56,62.95,12,0,
quarterly_qpisr,2022-06,2022-23,Q1,Uttarakhand,30,35588.83,53928.7,18339.87,11,19,19,50.84,27893.32,51.72,76.0,0,0,
quarterly_qpisr,2022-06,2022-23,Q1,West Bengal,70,66563.97,81796.65,15232.68,30,56,45,52.29,37928.35,46.37,44.45,2,0,
quarterly_qpisr,2022-09,2022-23,Q2,Andaman & Nicobar Islands,10,3043.24,3314.6,271.36,2,9,7,47.0,1439.67,43.43,60.62,0,0,
quarterly_qpisr,2022-09,2022-23,Q2,Andhra Pradesh,66,112846.32,165045.26,52198.94,16,42,36,41.31,98460.44,59.66,71.27,2,0,
quarterly_qpisr,2022-09,2022-23,Q2,Arunachal Pradesh,44,23923.2,37859.54,13936.34,5,33,17,41.59,23847.98,62.99,57.91,4,0,
quarterly_qpisr,2022-09,2022-23,Q2,Assam,50,51277.81,60190.05,8912.24,11,46,21,36.76,17892.77,29.73,44.65,2,0,
quarterly_qpisr,2022-09,2022-23,Q2,Bihar,79,97760.92,121511.7,23750.78,32,57,55,44.55,67216.6,55.32,58.02,7,0,
quarterly_qpisr,2022-09,2022-23,Q2,Chhattisgarh,42,76691.17,88126.96,11435.79,11,40,25,55.08,48409.38,54.93,56.83,4,0,
quarterly_qpisr,2022-09,2022-23,Q2,Delhi,28,81724.1,84729.61,3005.51,12,23,16,33.25,54583.75,64.42,61.78,2,0,
quarterly_qpisr,2022-09,2022-23,Q2,Goa,12,6771.62,6812.66,41.04,3,4,4,27.75,3299.76,48.44,86.54,1,0,
quarterly_qpisr,2022-09,2022-23,Q2,Gujarat,60,109196.95,123344.89,14147.94,18,44,26,33.12,58558.24,47.48,53.52,5,0,
quarterly_qpisr,2022-09,2022-23,Q2,Haryana,30,58831.75,61266.98,2435.23,16,19,17,27.82,21665.24,35.36,77.99,4,0,
quarterly_qpisr,2022-09,2022-23,Q2,Himachal Pradesh,19,22091.98,33807.28,11715.3,5,10,5,57.2,23157.35,68.5,36.61,1,0,
quarterly_qpisr,2022-09,2022-23,Q2,Jammu & Kashmir,27,47696.67,82076.18,34379.51,1,25,11,63.91,48153.13,58.67,43.77,2,0,
quarterly_qpisr,2022-09,2022-23,Q2,Jharkhand,48,73691.13,80705.52,7014.39,11,42,23,51.57,39142.53,48.5,48.74,2,0,
quarterly_qpisr,2022-09,2022-23,Q2,Karnataka,51,82671.76,91219.67,8547.91,19,45,40,51.05,53974.12,59.17,64.77,4,0,
quarterly_qpisr,2022-09,2022-23,Q2,Kerala,16,16443.03,19569.84,3126.81,8,12,9,56.56,12722.84,65.01,56.68,1,0,
quarterly_qpisr,2022-09,2022-23,Q2,Ladakh,8,2633.23,2767.29,134.06,1,8,1,27.0,592.81,21.42,38.02,0,0,
quarterly_qpisr,2022-09,2022-23,Q2,Madhya Pradesh,66,60556.93,68599.3,8042.37,15,56,44,40.5,34091.54,49.7,63.86,10,0,
quarterly_qpisr,2022-09,2022-23,Q2,Maharashtra,229,191822.99,212461.27,20638.28,30,209,178,30.34,133079.75,62.64,75.41,6,0,
quarterly_qpisr,2022-09,2022-23,Q2,Manipur,29,13366.04,23141.02,9774.98,1,28,13,19.54,14816.05,64.03,35.05,1,0,
quarterly_qpisr,2022-09,2022-23,Q2,Meghalaya,13,5093.36,12456.56,7363.2,1,10,4,51.25,2272.25,18.24,34.81,0,0,
quarterly_qpisr,2022-09,2022-23,Q2,Mizoram,25,12450.29,17404.99,4954.7,5,25,18,59.0,10422.85,59.88,57.62,0,0,
quarterly_qpisr,2022-09,2022-23,Q2,Nagaland,40,13406.13,17790.25,4384.12,3,35,29,36.41,6599.13,37.09,61.23,4,0,
quarterly_qpisr,2022-09,2022-23,Q2,Odisha,79,115014.68,124251.75,9237.07,21,60,47,51.6,58730.86,47.27,62.25,2,0,
quarterly_qpisr,2022-09,2022-23,Q2,Puducherry,1,195.0,195.0,0.0,0,1,0,,16.41,8.42,0.0,0,0,
quarterly_qpisr,2022-09,2022-23,Q2,Punjab,23,17390.42,18541.79,1151.37,4,19,11,34.09,7129.1,38.45,50.83,2,0,
quarterly_qpisr,2022-09,2022-23,Q2,Rajasthan,43,57434.7,62820.73,5386.03,4,26,24,27.71,35105.23,55.88,44.37,7,0,
quarterly_qpisr,2022-09,2022-23,Q2,Sikkim,21,14350.32,20983.4,6633.08,3,19,13,22.69,7253.13,34.57,31.42,0,0,
quarterly_qpisr,2022-09,2022-23,Q2,Tamil Nadu,63,203089.4,223932.71,20843.31,18,43,37,57.97,99488.24,44.43,54.06,3,0,
quarterly_qpisr,2022-09,2022-23,Q2,Telangana,44,32353.76,34700.38,2346.62,6,36,31,34.48,21375.29,61.6,75.0,4,0,
quarterly_qpisr,2022-09,2022-23,Q2,Tripura,20,5293.78,5435.11,141.33,2,20,13,12.62,2337.53,43.01,48.9,2,0,
quarterly_qpisr,2022-09,2022-23,Q2,Uttar Pradesh,103,127564.01,142260.32,14696.31,36,67,53,27.55,91316.1,64.19,59.81,13,0,
quarterly_qpisr,2022-09,2022-23,Q2,Uttarakhand,29,35446.38,54833.8,19387.42,10,24,19,53.11,29614.61,54.01,79.93,0,0,
quarterly_qpisr,2022-09,2022-23,Q2,West Bengal,64,64901.15,83401.1,18499.95,25,58,45,52.64,38225.74,45.83,49.04,2,0,
quarterly_qpisr,2022-12,2022-23,Q3,Andaman & Nicobar Islands,9,2888.63,3159.99,271.36,2,9,8,52.75,1472.08,46.58,79.46,0,0,
quarterly_qpisr,2022-12,2022-23,Q3,Andhra Pradesh,69,113778.91,167297.72,53518.81,19,49,42,39.02,102567.5,61.31,74.68,11,0,
quarterly_qpisr,2022-12,2022-23,Q3,Arunachal Pradesh,42,23572.02,37574.6,14002.58,6,39,21,41.33,25179.7,67.01,63.04,5,0,
quarterly_qpisr,2022-12,2022-23,Q3,Assam,50,51777.73,60726.15,8948.42,10,47,24,36.54,21680.53,35.7,47.89,2,0,
quarterly_qpisr,2022-12,2022-23,Q3,Bihar,77,87142.54,111022.95,23880.41,32,64,60,42.47,64053.0,57.69,60.6,11,0,
quarterly_qpisr,2022-12,2022-23,Q3,Chhattisgarh,40,76020.96,87456.75,11435.79,11,38,24,57.83,49417.94,56.51,58.2,7,0,
quarterly_qpisr,2022-12,2022-23,Q3,Delhi,27,81526.77,84680.59,3153.82,11,21,17,32.29,56047.2,66.19,59.93,4,0,
quarterly_qpisr,2022-12,2022-23,Q3,Goa,11,6491.46,6522.07,30.61,2,5,5,30.8,3114.64,47.76,79.96,1,0,
quarterly_qpisr,2022-12,2022-23,Q3,Gujarat,61,110728.73,124278.02,13549.29,17,55,37,31.95,61230.7,49.53,53.9,11,0,
quarterly_qpisr,2022-12,2022-23,Q3,Haryana,32,60552.23,62987.46,2435.23,16,22,18,28.67,23011.8,36.53,80.26,17,0,
quarterly_qpisr,2022-12,2022-23,Q3,Himachal Pradesh,19,20335.71,32756.77,12421.06,5,13,8,49.25,23154.33,70.69,46.94,1,0,
quarterly_qpisr,2022-12,2022-23,Q3,Jammu & Kashmir,29,48723.86,83236.12,34512.26,1,27,18,44.72,51154.4,61.46,54.19,4,0,
quarterly_qpisr,2022-12,2022-23,Q3,Jharkhand,48,73463.35,80517.79,7054.44,11,46,26,49.77,41401.19,51.42,51.51,3,0,
quarterly_qpisr,2022-12,2022-23,Q3,Karnataka,51,82848.69,91291.89,8443.2,19,49,43,50.58,54775.25,60.0,66.66,8,0,
quarterly_qpisr,2022-12,2022-23,Q3,Kerala,15,15893.03,19019.84,3126.81,8,12,10,51.5,14005.58,73.64,69.05,3,0,
quarterly_qpisr,2022-12,2022-23,Q3,Ladakh,8,2633.23,2767.29,134.06,1,8,1,30.0,705.95,25.51,45.84,0,0,
quarterly_qpisr,2022-12,2022-23,Q3,Madhya Pradesh,71,62610.49,71170.33,8559.84,16,64,53,40.98,36241.86,51.39,66.0,14,0,
quarterly_qpisr,2022-12,2022-23,Q3,Maharashtra,229,195107.72,219625.07,24517.35,30,213,185,38.42,137537.83,62.62,74.13,18,0,
quarterly_qpisr,2022-12,2022-23,Q3,Manipur,30,13658.23,23526.85,9868.62,1,28,12,19.75,15121.4,64.27,40.72,1,0,
quarterly_qpisr,2022-12,2022-23,Q3,Meghalaya,14,5453.22,12816.42,7363.2,1,11,5,44.0,2458.8,19.18,37.88,0,0,
quarterly_qpisr,2022-12,2022-23,Q3,Mizoram,25,12450.29,17404.99,4954.7,5,25,18,59.06,13000.29,74.69,63.18,0,0,
quarterly_qpisr,2022-12,2022-23,Q3,Nagaland,37,12902.57,17252.98,4350.41,2,34,31,35.77,6592.52,38.21,60.13,7,0,
quarterly_qpisr,2022-12,2022-23,Q3,Odisha,84,119711.4,128948.47,9237.07,21,80,66,44.14,63105.34,48.94,61.73,5,0,
quarterly_qpisr,2022-12,2022-23,Q3,Puducherry,1,195.0,195.0,0.0,0,1,1,27.0,125.35,64.28,78.0,0,0,
quarterly_qpisr,2022-12,2022-23,Q3,Punjab,24,17563.12,18718.04,1154.92,4,20,16,26.88,7963.39,42.54,57.35,6,0,
quarterly_qpisr,2022-12,2022-23,Q3,Rajasthan,41,54162.68,59548.71,5386.03,4,26,25,29.48,35205.38,59.12,61.09,12,0,
quarterly_qpisr,2022-12,2022-23,Q3,Sikkim,21,14350.32,20933.41,6583.09,3,20,16,21.38,7531.5,35.98,34.73,0,0,
quarterly_qpisr,2022-12,2022-23,Q3,Tamil Nadu,63,153766.28,176664.48,22898.2,19,52,42,53.9,96126.51,54.41,55.05,8,0,
quarterly_qpisr,2022-12,2022-23,Q3,Telangana,45,32699.36,35046.22,2346.86,6,39,35,31.94,22285.73,63.59,74.63,4,0,
quarterly_qpisr,2022-12,2022-23,Q3,Tripura,18,4666.82,4862.98,196.16,4,18,13,12.92,2137.49,43.95,63.11,3,0,
quarterly_qpisr,2022-12,2022-23,Q3,Uttar Pradesh,104,127024.49,142938.38,15913.89,38,78,66,28.8,98553.85,68.95,64.11,33,0,
quarterly_qpisr,2022-12,2022-23,Q3,Uttarakhand,29,35446.38,55158.2,19711.82,10,25,25,52.84,31600.28,58.92,83.81,1,0,
quarterly_qpisr,2022-12,2022-23,Q3,West Bengal,62,63606.38,80408.1,16801.72,23,59,48,47.81,39992.12,49.74,53.97,8,0,
quarterly_qpisr,2023-03,2022-23,Q4,Andaman & Nicobar Islands,9,2888.63,3159.99,271.36,2,8,7,41.29,2057.44,65.11,81.45,1,0,period_mismatch_cover
quarterly_qpisr,2023-03,2022-23,Q4,Andhra Pradesh,60,103848.89,159848.8,55999.91,16,45,38,39.95,96236.17,60.2,72.26,14,0,period_mismatch_cover
quarterly_qpisr,2023-03,2022-23,Q4,Arunachal Pradesh,39,22738.37,36858.84,14120.47,7,38,21,27.05,27117.7,73.57,71.32,7,0,period_mismatch_cover
quarterly_qpisr,2023-03,2022-23,Q4,Assam,55,55707.39,64564.41,8857.02,9,55,30,31.53,25867.16,40.06,51.48,2,0,period_mismatch_cover
quarterly_qpisr,2023-03,2022-23,Q4,Bihar,75,95304.45,118788.5,23484.05,29,62,58,41.86,72924.23,61.39,63.45,14,0,period_mismatch_cover
quarterly_qpisr,2023-03,2022-23,Q4,Chhattisgarh,42,78720.68,90864.51,12143.83,9,40,27,57.81,51451.97,56.62,46.58,7,0,period_mismatch_cover
quarterly_qpisr,2023-03,2022-23,Q4,Delhi,25,80712.77,83867.71,3154.94,11,21,19,32.11,57940.62,69.09,58.79,4,0,period_mismatch_cover
quarterly_qpisr,2023-03,2022-23,Q4,Goa,11,6491.46,6551.62,60.16,2,5,5,28.8,3537.13,53.99,85.22,1,0,period_mismatch_cover
quarterly_qpisr,2023-03,2022-23,Q4,Gujarat,59,108987.03,123159.38,14172.35,17,55,36,33.25,65148.09,52.9,51.3,12,0,period_mismatch_cover
quarterly_qpisr,2023-03,2022-23,Q4,Haryana,25,53570.67,55895.01,2324.34,8,25,17,23.47,16249.12,29.07,69.66,18,0,period_mismatch_cover
quarterly_qpisr,2023-03,2022-23,Q4,Himachal Pradesh,23,25961.09,38383.9,12422.81,5,17,8,52.0,26030.48,67.82,48.72,3,0,period_mismatch_cover
quarterly_qpisr,2023-03,2022-23,Q4,Jammu & Kashmir,31,56166.15,90774.01,34607.86,2,30,20,29.05,49590.7,54.63,43.59,4,0,period_mismatch_cover
quarterly_qpisr,2023-03,2022-23,Q4,Jharkhand,53,77981.88,86001.61,8019.73,14,51,28,47.68,43565.95,50.66,50.44,4,0,period_mismatch_cover
quarterly_qpisr,2023-03,2022-23,Q4,Karnataka,48,79071.21,87323.83,8252.62,19,45,41,52.68,53334.96,61.08,66.69,12,0,period_mismatch_cover
quarterly_qpisr,2023-03,2022-23,Q4,Kerala,13,14430.79,17265.73,2834.94,7,11,9,47.78,12385.23,71.73,47.89,4,0,period_mismatch_cover
quarterly_qpisr,2023-03,2022-23,Q4,Ladakh,8,2633.23,2767.29,134.06,1,8,1,30.0,809.67,29.26,45.84,0,0,period_mismatch_cover
quarterly_qpisr,2023-03,2022-23,Q4,Madhya Pradesh,64,59199.82,66780.71,7580.89,14,61,52,38.13,36606.19,54.82,68.39,19,0,period_mismatch_cover
quarterly_qpisr,2023-03,2022-23,Q4,Maharashtra,241,218030.87,245201.33,27170.46,34,230,183,37.37,145329.73,59.27,70.84,55,0,period_mismatch_cover
quarterly_qpisr,2023-03,2022-23,Q4,Manipur,33,14725.78,24594.4,9868.62,1,31,20,16.3,16420.06,66.76,48.32,1,0,period_mismatch_cover
quarterly_qpisr,2023-03,2022-23,Q4,Meghalaya,15,5736.72,13099.92,7363.2,1,13,6,37.67,2711.24,20.7,40.57,0,0,period_mismatch_cover
quarterly_qpisr,2023-03,2022-23,Q4,Mizoram,25,12450.29,17404.99,4954.7,5,25,22,38.55,14533.34,83.5,71.01,0,0,period_mismatch_cover
quarterly_qpisr,2023-03,2022-23,Q4,Nagaland,34,12347.2,16697.61,4350.41,2,31,29,24.28,6857.34,41.07,62.51,9,0,period_mismatch_cover
quarterly_qpisr,2023-03,2022-23,Q4,Odisha,81,116190.31,126451.82,10261.51,26,79,65,46.42,64874.94,51.3,61.96,15,0,period_mismatch_cover
quarterly_qpisr,2023-03,2022-23,Q4,Puducherry,1,195.0,195.0,0.0,0,1,1,27.0,125.35,64.28,0.0,0,0,period_mismatch_cover
quarterly_qpisr,2023-03,2022-23,Q4,Punjab,21,14697.22,14515.3,-181.92,2,21,16,26.62,5835.06,40.2,57.48,7,0,period_mismatch_cover
quarterly_qpisr,2023-03,2022-23,Q4,Rajasthan,70,77665.57,82817.13,5151.56,3,53,36,20.0,33750.53,40.75,44.77,13,0,period_mismatch_cover
quarterly_qpisr,2023-03,2022-23,Q4,Sikkim,21,14399.54,21428.08,7028.54,6,21,17,18.65,8867.74,41.38,46.04,1,0,period_mismatch_cover
quarterly_qpisr,2023-03,2022-23,Q4,Tamil Nadu,58,197834.12,221924.51,24090.39,20,51,43,50.98,110530.87,49.81,57.27,11,0,period_mismatch_cover
quarterly_qpisr,2023-03,2022-23,Q4,Telangana,51,34379.79,36802.18,2422.39,7,46,36,32.03,24193.75,65.74,70.73,10,0,period_mismatch_cover
quarterly_qpisr,2023-03,2022-23,Q4,Tripura,18,4685.42,5006.38,320.96,9,18,15,13.73,2123.31,42.41,63.16,4,0,period_mismatch_cover
quarterly_qpisr,2023-03,2022-23,Q4,Uttar Pradesh,90,114618.23,126754.73,12136.5,30,73,58,28.26,84581.79,66.73,58.79,44,0,period_mismatch_cover
quarterly_qpisr,2023-03,2022-23,Q4,Uttarakhand,32,36954.4,55190.07,18235.67,8,23,18,48.11,32550.13,58.98,66.45,2,0,period_mismatch_cover
quarterly_qpisr,2023-03,2022-23,Q4,West Bengal,58,60989.57,79611.61,18622.04,21,56,45,45.56,38777.7,48.71,49.79,8,0,period_mismatch_cover
quarterly_qpisr,2023-06,2023-24,Q1,Andaman & Nicobar Islands,8,2611.46,2882.82,271.36,2,8,7,43.0,1846.1,64.04,69.67,0,0,
quarterly_qpisr,2023-06,2023-24,Q1,Andhra Pradesh,70,116324.29,175079.11,58754.82,32,68,51,45.06,102109.71,58.32,64.49,4,0,
quarterly_qpisr,2023-06,2023-24,Q1,Arunachal Pradesh,37,53735.65,69042.86,15307.21,7,36,21,28.19,29872.13,43.27,73.31,2,0,
quarterly_qpisr,2023-06,2023-24,Q1,Assam,59,57320.27,66199.9,8879.63,9,59,30,30.8,28660.49,43.29,54.27,4,0,
quarterly_qpisr,2023-06,2023-24,Q1,Bihar,90,111156.21,134775.99,23619.78,34,77,54,41.87,79687.08,59.13,60.04,2,0,
quarterly_qpisr,2023-06,2023-24,Q1,Chhattisgarh,46,81494.1,93590.58,12096.48,10,46,29,57.38,54751.01,58.5,49.06,2,0,
quarterly_qpisr,2023-06,2023-24,Q1,Delhi,32,92704.15,96748.15,4044.0,13,29,21,32.14,65802.33,68.01,63.35,4,0,
quarterly_qpisr,2023-06,2023-24,Q1,Goa,11,6491.46,6551.62,60.16,2,5,5,29.2,4249.95,64.87,88.26,1,0,
quarterly_qpisr,2023-06,2023-24,Q1,Gujarat,80,137599.3,154668.85,17069.55,24,77,46,25.74,73375.26,47.44,49.58,6,0,
quarterly_qpisr,2023-06,2023-24,Q1,Haryana,35,69243.02,72415.16,3172.14,10,35,23,23.83,26023.73,35.94,72.25,3,0,
quarterly_qpisr,2023-06,2023-24,Q1,Himachal Pradesh,27,29840.47,42043.54,12203.07,8,25,7,54.57,25723.64,61.18,45.54,1,0,
quarterly_qpisr,2023-06,2023-24,Q1,Jammu & Kashmir,40,65954.32,100562.18,34607.86,2,40,23,30.13,53125.79,52.83,43.33,1,0,
quarterly_qpisr,2023-06,2023-24,Q1,Jharkhand,53,77921.08,87743.49,9822.41,16,51,28,48.86,45752.91,52.14,52.59,1,0,
quarterly_qpisr,2023-06,2023-24,Q1,Karnataka,65,99580.04,108314.76,8734.72,19,62,45,50.31,47171.17,43.55,56.74,1,0,
quarterly_qpisr,2023-06,2023-24,Q1,Kerala,29,61846.14,66622.07,4775.93,12,27,10,43.6,32001.97,48.04,37.6,0,0,
quarterly_qpisr,2023-06,2023-24,Q1,Ladakh,8,2767.29,2926.96,159.67,1,8,5,13.2,976.08,33.35,46.7,0,0,
quarterly_qpisr,2023-06,2023-24,Q1,Madhya Pradesh,80,71266.21,79081.53,7815.32,12,79,51,38.22,41364.53,52.31,59.22,2,0,
quarterly_qpisr,2023-06,2023-24,Q1,Maharashtra,230,224471.23,251872.43,27401.2,32,221,162,37.29,138860.01,55.13,68.43,7,0,
quarterly_qpisr,2023-06,2023-24,Q1,Manipur,33,14725.78,24594.4,9868.62,1,33,20,16.4,16846.43,68.5,52.51,0,0,
quarterly_qpisr,2023-06,2023-24,Q1,Meghalaya,15,5736.72,13099.92,7363.2,1,15,7,35.0,2837.52,21.66,42.17,1,0,
quarterly_qpisr,2023-06,2023-24,Q1,Mizoram,25,12450.29,22604.59,10154.3,15,25,25,36.56,16044.71,70.98,75.92,2,0,
quarterly_qpisr,2023-06,2023-24,Q1,Nagaland,32,11768.33,16118.74,4350.41,2,32,27,23.52,6843.62,42.46,63.78,0,0,
quarterly_qpisr,2023-06,2023-24,Q1,Odisha,82,126407.85,137080.56,10672.71,23,82,57,48.81,60252.79,43.95,57.06,3,0,
quarterly_qpisr,2023-06,2023-24,Q1,Puducherry,1,195.0,195.0,0.0,0,1,1,33.0,157.57,80.81,90.0,0,0,
quarterly_qpisr,2023-06,2023-24,Q1,Punjab,34,29643.35,29529.43,-113.92,2,34,17,25.65,9886.48,33.48,45.17,2,0,
quarterly_qpisr,2023-06,2023-24,Q1,Rajasthan,75,83452.13,88696.3,5244.17,3,74,48,15.08,46831.25,52.8,59.69,6,0,
quarterly_qpisr,2023-06,2023-24,Q1,Sikkim,20,14011.54,20897.41,6885.87,5,20,16,18.81,9550.09,45.7,48.99,0,0,
quarterly_qpisr,2023-06,2023-24,Q1,Tamil Nadu,84,221884.55,247253.66,25369.11,32,81,50,41.26,115711.96,46.8,45.66,1,0,
quarterly_qpisr,2023-06,2023-24,Q1,Telangana,47,32962.45,36148.84,3186.39,7,46,32,37.28,22729.43,62.88,66.38,1,0,
quarterly_qpisr,2023-06,2023-24,Q1,Tripura,18,5169.52,5490.48,320.96,9,18,15,14.47,2263.35,41.22,66.92,1,0,
quarterly_qpisr,2023-06,2023-24,Q1,Uttar Pradesh,110,146443.22,163419.32,16976.1,33,108,58,27.21,94237.78,57.67,54.43,9,0,
quarterly_qpisr,2023-06,2023-24,Q1,Uttarakhand,32,36827.07,55250.68,18423.61,8,30,16,51.06,34657.45,62.73,67.82,1,0,
quarterly_qpisr,2023-06,2023-24,Q1,West Bengal,64,69834.28,88750.52,18916.24,25,62,47,45.04,47217.05,53.2,53.15,5,0,
quarterly_qpisr,2023-09,2023-24,Q2,Andaman & Nicobar Islands,8,2611.46,2901.96,290.5,1,8,5,49.0,765.23,53.28,,0,0,report_partial
quarterly_qpisr,2023-09,2023-24,Q2,Andhra Pradesh,51,96746.95,150574.41,53827.46,18,51,47,47.19,83866.34,61.49,,0,0,report_partial
quarterly_qpisr,2023-09,2023-24,Q2,Arunachal Pradesh,21,15911.49,30973.05,15061.56,3,20,19,28.89,22307.34,79.8,,0,0,report_partial
quarterly_qpisr,2023-09,2023-24,Q2,Assam,33,18061.5,20645.15,2583.65,7,33,29,31.0,12632.77,68.65,,0,0,report_partial
quarterly_qpisr,2023-09,2023-24,Q2,Bihar,61,83727.3,102333.27,18605.97,21,59,54,40.76,59760.69,62.3,,0,0,report_partial
quarterly_qpisr,2023-09,2023-24,Q2,Chhattisgarh,32,60660.44,70162.3,9501.86,8,32,30,55.1,46845.15,70.34,,0,0,report_partial
quarterly_qpisr,2023-09,2023-24,Q2,Delhi,21,81229.0,82625.03,1396.03,6,21,17,27.76,14652.62,39.66,,0,0,report_partial
quarterly_qpisr,2023-09,2023-24,Q2,Goa,10,6242.45,6358.65,116.2,2,5,5,31.0,829.96,46.04,,0,0,report_partial
quarterly_qpisr,2023-09,2023-24,Q2,Gujarat,48,82848.99,100263.37,17414.38,16,48,47,23.53,57657.23,57.7,,0,0,report_partial
quarterly_qpisr,2023-09,2023-24,Q2,Haryana,25,60566.94,62156.66,1589.72,5,25,24,22.79,20363.26,35.01,,0,0,report_partial
quarterly_qpisr,2023-09,2023-24,Q2,Himachal Pradesh,13,14033.69,22072.43,8038.74,4,11,7,57.29,14967.61,90.84,,0,0,report_partial
quarterly_qpisr,2023-09,2023-24,Q2,Jammu & Kashmir,24,36775.89,71697.19,34921.3,2,24,24,30.25,49491.1,71.45,,0,0,report_partial
quarterly_qpisr,2023-09,2023-24,Q2,Jharkhand,30,48672.42,53535.16,4862.74,10,30,29,49.66,36540.74,70.74,,0,0,report_partial
quarterly_qpisr,2023-09,2023-24,Q2,Karnataka,47,63350.53,67389.6,4039.07,14,47,47,50.32,38436.55,61.83,,0,0,report_partial
quarterly_qpisr,2023-09,2023-24,Q2,Kerala,13,15634.52,17094.66,1460.14,6,13,11,42.91,6690.59,59.61,,0,0,report_partial
quarterly_qpisr,2023-09,2023-24,Q2,Ladakh,5,2048.83,2208.5,159.67,1,5,5,13.2,561.14,25.41,,0,0,report_partial
quarterly_qpisr,2023-09,2023-24,Q2,Madhya Pradesh,55,50099.56,58252.98,8153.42,12,54,53,36.74,32926.34,60.19,,0,0,report_partial
quarterly_qpisr,2023-09,2023-24,Q2,Maharashtra,176,155333.18,186569.92,31236.74,36,173,172,37.85,101816.67,62.97,,0,0,report_partial
quarterly_qpisr,2023-09,2023-24,Q2,Manipur,28,12767.84,22635.67,9867.83,1,28,25,17.04,16376.2,76.9,,0,0,report_partial
quarterly_qpisr,2023-09,2023-24,Q2,Meghalaya,8,3122.85,3364.1,241.25,1,8,6,36.33,1100.23,54.73,,0,0,report_partial
quarterly_qpisr,2023-09,2023-24,Q2,Mizoram,23,12027.85,21510.35,9482.5,14,23,23,38.48,13828.14,71.26,,0,0,report_partial
quarterly_qpisr,2023-09,2023-24,Q2,Nagaland,28,10387.1,14885.91,4498.81,4,28,27,24.15,5506.88,45.83,,0,0,report_partial
quarterly_qpisr,2023-09,2023-24,Q2,Odisha,56,68718.23,75746.94,7028.71,18,56,55,49.09,37595.65,59.33,,0,0,report_partial
quarterly_qpisr,2023-09,2023-24,Q2,Puducherry,1,195.0,195.0,0.0,0,1,1,37.0,179.67,92.14,,0,0,report_partial
quarterly_qpisr,2023-09,2023-24,Q2,Punjab,16,11754.47,11912.38,157.91,4,16,16,25.56,5347.59,49.45,,0,0,report_partial
quarterly_qpisr,2023-09,2023-24,Q2,Rajasthan,50,63991.07,69235.24,5244.17,3,50,44,15.86,34053.83,66.12,,0,0,report_partial
quarterly_qpisr,2023-09,2023-24,Q2,Sikkim,18,13067.29,19994.97,6927.68,5,18,17,21.82,9821.52,49.53,,0,0,report_partial
quarterly_qpisr,2023-09,2023-24,Q2,Tamil Nadu,49,108951.54,123812.55,14861.01,17,49,48,40.48,73544.3,77.57,,0,0,report_partial
quarterly_qpisr,2023-09,2023-24,Q2,Telangana,37,24781.96,27266.96,2485.0,6,36,31,37.94,16415.77,76.44,,0,0,report_partial
quarterly_qpisr,2023-09,2023-24,Q2,Tripura,14,3640.53,3851.42,210.89,7,14,14,15.79,1015.72,45.11,,0,0,report_partial
quarterly_qpisr,2023-09,2023-24,Q2,Uttar Pradesh,57,103141.95,119322.06,16180.11,24,57,54,26.85,79277.35,68.04,,0,0,report_partial
quarterly_qpisr,2023-09,2023-24,Q2,Uttarakhand,26,33364.77,51184.22,17819.45,6,24,15,53.8,32834.26,71.82,,0,0,report_partial
quarterly_qpisr,2023-09,2023-24,Q2,West Bengal,46,50845.78,70676.71,19830.93,23,46,44,46.16,41918.46,64.56,,0,0,report_partial
quarterly_qpisr,2023-12,2023-24,Q3,Andaman & Nicobar Islands,8,2611.46,2901.96,290.5,1,8,5,52.2,771.18,53.7,,0,0,
quarterly_qpisr,2023-12,2023-24,Q3,Andhra Pradesh,53,98996.77,152797.0,53800.23,17,53,49,43.61,84963.06,61.09,,0,0,
quarterly_qpisr,2023-12,2023-24,Q3,Arunachal Pradesh,19,15409.38,30434.01,15024.63,2,18,17,30.18,22645.76,83.99,,0,0,
quarterly_qpisr,2023-12,2023-24,Q3,Assam,35,40655.5,48802.52,8147.02,9,34,31,30.9,27583.69,60.15,,0,0,
quarterly_qpisr,2023-12,2023-24,Q3,Bihar,73,94002.87,117944.03,23941.16,28,60,55,39.51,76240.22,68.06,,0,0,
quarterly_qpisr,2023-12,2023-24,Q3,Chhattisgarh,32,44686.36,46597.3,1910.94,8,32,30,52.4,24195.94,55.73,,0,0,
quarterly_qpisr,2023-12,2023-24,Q3,Delhi,26,89086.9,90761.97,1675.07,8,24,20,25.85,19005.32,43.61,,0,0,
quarterly_qpisr,2023-12,2023-24,Q3,Goa,10,6242.45,6385.48,143.03,2,5,5,35.8,3245.46,63.97,,0,0,
quarterly_qpisr,2023-12,2023-24,Q3,Gujarat,55,86684.38,105335.89,18651.51,19,53,52,23.75,62694.72,60.0,,0,0,
quarterly_qpisr,2023-12,2023-24,Q3,Haryana,27,63478.77,68672.49,5193.72,6,27,26,22.85,26814.67,40.08,,0,0,
quarterly_qpisr,2023-12,2023-24,Q3,Himachal Pradesh,13,14033.69,22379.01,8345.32,4,11,7,57.71,15050.6,87.02,,0,0,
quarterly_qpisr,2023-12,2023-24,Q3,Jammu & Kashmir,26,37264.83,72262.11,34997.28,3,26,26,30.88,51581.65,74.17,,0,0,
quarterly_qpisr,2023-12,2023-24,Q3,Jharkhand,32,50589.79,54926.41,4336.62,9,31,28,49.86,38340.89,74.45,,0,0,
quarterly_qpisr,2023-12,2023-24,Q3,Karnataka,55,70235.31,77702.15,7466.84,16,53,53,47.02,44316.18,63.0,,0,0,
quarterly_qpisr,2023-12,2023-24,Q3,Kerala,17,24544.2,28775.68,4231.48,8,15,13,39.54,9757.85,43.16,,0,0,
quarterly_qpisr,2023-12,2023-24,Q3,Ladakh,5,2048.83,2208.5,159.67,1,5,5,14.6,556.54,30.75,,0,0,
quarterly_qpisr,2023-12,2023-24,Q3,Madhya Pradesh,51,49332.13,57712.42,8380.29,12,50,48,33.4,33739.87,61.9,,0,0,
quarterly_qpisr,2023-12,2023-24,Q3,Maharashtra,152,182993.06,213451.81,30458.75,29,145,135,36.61,103808.97,53.64,,0,0,
quarterly_qpisr,2023-12,2023-24,Q3,Manipur,28,13179.52,23047.35,9867.83,1,28,25,21.28,16928.93,77.39,,0,0,
quarterly_qpisr,2023-12,2023-24,Q3,Meghalaya,9,3473.97,3715.22,241.25,1,9,7,35.43,1326.83,56.18,,0,0,
quarterly_qpisr,2023-12,2023-24,Q3,Mizoram,19,10827.75,19404.27,8576.52,11,19,19,17.74,14426.27,74.35,,0,0,
quarterly_qpisr,2023-12,2023-24,Q3,Nagaland,29,10613.54,15112.35,4498.81,4,29,28,24.25,5618.21,48.17,,0,0,
quarterly_qpisr,2023-12,2023-24,Q3,Odisha,49,63013.29,71974.21,8960.92,16,49,48,49.27,37680.1,59.55,,0,0,
quarterly_qpisr,2023-12,2023-24,Q3,Puducherry,1,195.0,195.0,0.0,0,1,1,37.0,179.67,92.14,,0,0,
quarterly_qpisr,2023-12,2023-24,Q3,Punjab,19,12695.12,12804.29,109.17,3,19,18,26.17,6468.67,56.14,,0,0,
quarterly_qpisr,2023-12,2023-24,Q3,Rajasthan,54,111227.66,146244.51,35016.85,3,54,46,17.22,70723.98,58.79,,0,0,
quarterly_qpisr,2023-12,2023-24,Q3,Sikkim,18,13067.29,19994.97,6927.68,5,18,17,21.53,10176.51,51.96,,0,0,
quarterly_qpisr,2023-12,2023-24,Q3,Tamil Nadu,53,111514.79,129779.97,18265.18,22,52,50,40.34,76447.73,76.59,,0,0,
quarterly_qpisr,2023-12,2023-24,Q3,Telangana,38,24968.67,27990.22,3021.55,7,37,31,38.45,17535.37,79.1,,0,0,
quarterly_qpisr,2023-12,2023-24,Q3,Tripura,14,4098.86,4271.24,172.38,6,14,14,15.71,859.02,39.89,,0,0,
quarterly_qpisr,2023-12,2023-24,Q3,Uttar Pradesh,61,104066.59,120548.12,16481.53,25,60,58,26.24,82549.46,71.47,,0,0,
quarterly_qpisr,2023-12,2023-24,Q3,Uttarakhand,27,33519.29,51465.21,17945.92,6,25,16,55.06,35205.42,76.54,,0,0,
quarterly_qpisr,2023-12,2023-24,Q3,West Bengal,45,49493.3,74892.06,25398.76,24,45,43,49.07,42146.92,62.46,,0,0,
quarterly_qpisr,2024-03,2023-24,Q4,Andaman & Nicobar Islands,8,2611.46,2901.96,290.5,1,8,5,52.2,511.1,49.38,,0,0,
quarterly_qpisr,2024-03,2023-24,Q4,Andhra Pradesh,55,104208.82,161835.11,57626.29,19,55,52,43.12,94857.18,63.06,,1,1,
quarterly_qpisr,2024-03,2023-24,Q4,Arunachal Pradesh,18,13430.38,28455.01,15024.63,2,18,17,32.47,23542.26,87.31,,1,0,
quarterly_qpisr,2024-03,2023-24,Q4,Assam,36,41626.43,50565.65,8939.22,8,36,35,29.17,28287.01,62.3,,3,1,
quarterly_qpisr,2024-03,2023-24,Q4,Bihar,73,96682.03,122577.2,25895.17,29,61,56,39.62,80899.15,69.52,,2,1,
quarterly_qpisr,2024-03,2023-24,Q4,Chhattisgarh,35,47214.36,49116.53,1902.17,9,35,33,50.45,25860.53,56.82,,0,0,
quarterly_qpisr,2024-03,2023-24,Q4,Delhi,27,91390.25,93693.32,2303.07,9,25,22,27.23,25695.22,50.86,,1,0,
quarterly_qpisr,2024-03,2023-24,Q4,Goa,7,4986.09,5261.54,275.45,2,5,5,37.6,909.35,71.02,,0,0,
quarterly_qpisr,2024-03,2023-24,Q4,Gujarat,59,107629.1,126370.95,18741.85,21,57,57,24.05,75815.98,60.37,,2,2,
quarterly_qpisr,2024-03,2023-24,Q4,Haryana,30,68232.66,74444.31,6211.65,7,30,30,23.1,27685.62,40.35,,6,3,
quarterly_qpisr,2024-03,2023-24,Q4,Himachal Pradesh,13,14033.69,23475.52,9441.83,4,11,7,59.43,15498.67,82.59,,0,0,
quarterly_qpisr,2024-03,2023-24,Q4,Jammu & Kashmir,28,44628.23,83988.25,39360.02,4,28,27,32.22,56097.28,72.11,,0,0,
quarterly_qpisr,2024-03,2023-24,Q4,Jharkhand,34,52565.42,57298.65,4733.23,11,33,30,51.03,39750.59,74.35,,0,0,
quarterly_qpisr,2024-03,2023-24,Q4,Karnataka,59,70389.99,74252.4,3862.41,14,58,58,44.67,48133.85,69.21,,2,0,
quarterly_qpisr,2024-03,2023-24,Q4,Kerala,21,34027.97,38335.03,4307.06,9,19,18,33.56,16572.22,51.28,,0,0,
quarterly_qpisr,2024-03,2023-24,Q4,Ladakh,8,2767.29,3020.5,253.21,4,8,5,22.8,613.45,33.89,,1,0,
quarterly_qpisr,2024-03,2023-24,Q4,Madhya Pradesh,52,51091.26,60024.18,8932.92,11,51,50,33.0,33472.14,63.3,,4,1,
quarterly_qpisr,2024-03,2023-24,Q4,Maharashtra,143,177026.27,194379.04,17352.77,39,136,128,37.23,65749.98,48.9,,5,0,
quarterly_qpisr,2024-03,2023-24,Q4,Manipur,30,13900.96,29052.7,15151.74,1,30,27,22.44,17813.18,63.89,,1,0,
quarterly_qpisr,2024-03,2023-24,Q4,Meghalaya,12,4729.37,4970.62,241.25,1,12,8,38.12,1613.86,62.53,,0,0,
quarterly_qpisr,2024-03,2023-24,Q4,Mizoram,19,10827.75,19344.62,8516.87,11,19,19,18.21,14274.57,79.78,,0,0,
quarterly_qpisr,2024-03,2023-24,Q4,Nagaland,28,10356.39,15120.05,4763.66,7,28,27,28.56,5398.91,47.84,,2,0,
quarterly_qpisr,2024-03,2023-24,Q4,Odisha,49,62401.63,69978.62,7576.99,13,49,48,42.04,38686.1,60.99,,2,0,
quarterly_qpisr,2024-03,2023-24,Q4,Puducherry,1,195.0,195.0,0.0,0,1,1,37.0,,,,1,0,
quarterly_qpisr,2024-03,2023-24,Q4,Punjab,20,14189.64,14298.81,109.17,3,20,19,24.16,7667.13,61.94,,0,0,
quarterly_qpisr,2024-03,2023-24,Q4,Rajasthan,47,108079.43,143096.28,35016.85,3,47,35,20.26,79056.42,65.78,,0,0,
quarterly_qpisr,2024-03,2023-24,Q4,Sikkim,19,13477.89,13838.31,360.42,5,19,18,23.89,7709.72,64.48,,0,0,
quarterly_qpisr,2024-03,2023-24,Q4,Tamil Nadu,52,111892.74,130093.35,18200.61,22,51,48,39.94,74331.19,79.91,,2,0,
quarterly_qpisr,2024-03,2023-24,Q4,Telangana,36,24331.41,27389.05,3057.64,7,35,30,42.3,18207.08,85.16,,2,0,
quarterly_qpisr,2024-03,2023-24,Q4,Tripura,10,2972.91,3099.41,126.5,4,10,10,18.1,687.05,42.93,,0,0,
quarterly_qpisr,2024-03,2023-24,Q4,Uttar Pradesh,74,116866.9,135680.21,18813.31,31,73,67,24.58,87369.95,74.2,,9,1,
quarterly_qpisr,2024-03,2023-24,Q4,Uttarakhand,28,33688.37,51218.7,17530.33,5,26,17,52.06,36325.45,80.99,,1,0,
quarterly_qpisr,2024-03,2023-24,Q4,West Bengal,47,49994.87,73468.4,23473.53,23,47,43,50.7,34430.91,63.08,,3,0,
quarterly_qpisr,2024-06,2024-25,Q1,Andaman & Nicobar Islands,9,2847.18,3118.54,271.36,2,9,6,53.5,1998.46,64.08,73.25,0,0,
quarterly_qpisr,2024-06,2024-25,Q1,Andhra Pradesh,124,155073.0,214804.32,59731.32,34,124,55,44.73,119878.12,55.81,42.24,14,16,
quarterly_qpisr,2024-06,2024-25,Q1,Arunachal Pradesh,27,48867.12,63952.8,15085.68,3,27,18,35.39,30251.42,47.3,77.55,1,0,
quarterly_qpisr,2024-06,2024-25,Q1,Assam,68,67882.12,77122.0,9239.88,9,68,37,27.84,41757.37,54.14,54.49,2,5,
quarterly_qpisr,2024-06,2024-25,Q1,Bihar,100,128083.89,156829.94,28746.05,37,92,65,39.78,96107.99,61.28,64.25,6,3,
quarterly_qpisr,2024-06,2024-25,Q1,Chhattisgarh,63,88953.26,91686.02,2732.76,10,63,36,47.75,36576.26,39.89,47.24,3,1,
quarterly_qpisr,2024-06,2024-25,Q1,Delhi,28,93267.64,97669.65,4402.01,10,26,23,27.87,72772.8,74.51,77.88,1,0,
quarterly_qpisr,2024-06,2024-25,Q1,Goa,8,5311.62,5314.65,3.03,1,6,6,32.83,4181.89,78.69,92.0,2,0,
quarterly_qpisr,2024-06,2024-25,Q1,Gujarat,97,151349.98,173243.84,21893.86,35,95,55,26.6,86428.99,49.89,50.52,6,2,
quarterly_qpisr,2024-06,2024-25,Q1,Haryana,37,78165.74,88993.54,10827.8,13,37,24,21.21,35727.1,40.15,64.39,3,0,
quarterly_qpisr,2024-06,2024-25,Q1,Himachal Pradesh,32,33404.82,47796.33,14391.51,11,32,11,51.0,30709.1,64.25,50.74,1,0,
quarterly_qpisr,2024-06,2024-25,Q1,Jammu & Kashmir,52,76700.85,117735.44,41034.59,11,52,33,31.36,71928.68,61.09,49.41,0,1,
quarterly_qpisr,2024-06,2024-25,Q1,Jharkhand,73,104718.37,113215.65,8497.28,21,72,33,49.85,57749.18,51.01,48.49,4,1,
quarterly_qpisr,2024-06,2024-25,Q1,Karnataka,86,109911.93,115007.72,5095.79,20,85,61,43.33,51120.31,44.45,60.53,1,2,
quarterly_qpisr,2024-06,2024-25,Q1,Kerala,35,69897.4,77400.54,7503.14,14,33,20,33.6,39497.35,51.03,54.36,3,2,
quarterly_qpisr,2024-06,2024-25,Q1,Ladakh,8,3023.64,3183.31,159.67,1,8,5,26.8,1144.39,35.95,59.25,2,0,
quarterly_qpisr,2024-06,2024-25,Q1,Madhya Pradesh,88,120965.52,136468.91,15503.39,16,88,50,32.28,53565.57,39.25,62.16,14,2,
quarterly_qpisr,2024-06,2024-25,Q1,Maharashtra,207,234429.17,260920.93,26491.76,32,200,131,35.92,126469.25,48.47,59.16,7,5,
quarterly_qpisr,2024-06,2024-25,Q1,Manipur,34,15741.53,30890.04,15148.51,1,34,29,28.38,18636.81,60.33,65.24,0,1,
quarterly_qpisr,2024-06,2024-25,Q1,Meghalaya,14,5372.73,12735.93,7363.2,1,14,12,32.75,3034.65,23.83,56.23,0,0,
quarterly_qpisr,2024-06,2024-25,Q1,Mizoram,21,11852.41,20836.14,8983.73,12,21,21,23.67,16396.19,78.69,81.42,0,0,
quarterly_qpisr,2024-06,2024-25,Q1,Nagaland,35,12923.79,17502.08,4578.29,6,35,27,35.33,8149.1,46.56,57.8,3,1,
quarterly_qpisr,2024-06,2024-25,Q1,Odisha,84,147517.1,157042.83,9525.73,22,84,53,39.91,62603.8,39.86,52.15,4,2,
quarterly_qpisr,2024-06,2024-25,Q1,Punjab,44,42575.89,42806.78,230.89,4,44,23,23.74,16252.11,37.97,43.96,0,0,
quarterly_qpisr,2024-06,2024-25,Q1,Rajasthan,83,140692.34,181173.07,40480.73,4,83,45,18.76,102181.57,56.4,53.23,2,4,
quarterly_qpisr,2024-06,2024-25,Q1,Sikkim,22,14500.36,22320.65,7820.29,7,22,19,27.95,11924.23,53.42,62.64,0,1,
quarterly_qpisr,2024-06,2024-25,Q1,Tamil Nadu,84,219487.52,275483.89,55996.37,41,83,58,32.91,125629.18,45.6,60.26,8,3,
quarterly_qpisr,2024-06,2024-25,Q1,Telangana,55,39287.07,42668.12,3381.05,8,54,40,39.9,24318.98,57.0,65.83,2,0,
quarterly_qpisr,2024-06,2024-25,Q1,Tripura,13,5651.79,5947.7,295.91,6,13,10,20.6,1588.43,26.71,68.98,3,1,
quarterly_qpisr,2024-06,2024-25,Q1,Uttar Pradesh,142,213882.04,238027.45,24145.41,42,141,77,22.13,112661.77,47.33,53.02,7,4,
quarterly_qpisr,2024-06,2024-25,Q1,Uttarakhand,31,36349.58,54086.6,17737.02,8,29,17,52.82,42249.7,78.11,77.01,0,0,
quarterly_qpisr,2024-06,2024-25,Q1,West Bengal,63,75457.15,102253.96,26796.81,24,63,47,47.4,51587.55,50.45,56.19,3,1,
quarterly_qpisr,2024-09,2024-25,Q2,Andaman & Nicobar Islands,9,2847.18,3118.54,271.36,2,9,6,53.5,1999.74,64.12,73.28,0,0,
quarterly_qpisr,2024-09,2024-25,Q2,Andhra Pradesh,111,146505.2,210357.99,63852.79,28,111,45,42.29,118994.98,56.57,49.12,1,2,
quarterly_qpisr,2024-09,2024-25,Q2,Arunachal Pradesh,26,48306.73,63392.41,15085.68,3,26,18,35.89,30598.07,48.27,78.27,2,0,
quarterly_qpisr,2024-09,2024-25,Q2,Assam,69,68551.21,78837.31,10286.1,9,69,38,28.13,44307.68,56.2,55.01,3,3,
quarterly_qpisr,2024-09,2024-25,Q2,Bihar,95,123690.3,152727.82,29037.52,38,87,66,39.68,98049.0,64.2,64.67,1,1,
quarterly_qpisr,2024-09,2024-25,Q2,Chhattisgarh,61,87532.1,90287.89,2755.79,10,61,37,44.97,36409.54,40.33,48.27,3,1,
quarterly_qpisr,2024-09,2024-25,Q2,Delhi,27,92995.74,97290.55,4294.81,8,25,22,29.82,74084.71,76.15,75.55,0,0,
quarterly_qpisr,2024-09,2024-25,Q2,Goa,6,3824.63,3911.13,86.5,1,4,4,29.0,3111.62,79.56,91.73,0,0,
quarterly_qpisr,2024-09,2024-25,Q2,Gujarat,91,148170.26,169637.42,21467.16,30,90,50,26.16,89546.57,52.79,50.98,0,1,
quarterly_qpisr,2024-09,2024-25,Q2,Haryana,34,75026.48,85854.28,10827.8,13,34,23,21.26,37129.42,43.25,68.09,1,0,
quarterly_qpisr,2024-09,2024-25,Q2,Himachal Pradesh,31,30918.89,47298.58,16379.69,13,29,13,40.85,30318.66,64.1,51.42,0,0,
quarterly_qpisr,2024-09,2024-25,Q2,Jammu & Kashmir,52,76700.85,118468.7,41767.85,9,51,38,28.45,71734.7,60.55,54.73,0,0,
quarterly_qpisr,2024-09,2024-25,Q2,Jharkhand,68,104870.9,113278.54,8407.64,19,67,29,55.07,56657.88,50.02,49.15,2,2,
quarterly_qpisr,2024-09,2024-25,Q2,Karnataka,84,109035.02,115375.59,6340.57,23,83,58,42.41,51982.68,45.06,62.65,2,1,
quarterly_qpisr,2024-09,2024-25,Q2,Kerala,34,70127.95,77570.03,7442.08,14,32,20,29.6,37794.48,48.72,50.32,0,2,
quarterly_qpisr,2024-09,2024-25,Q2,Ladakh,6,2474.97,2634.64,159.67,1,6,5,31.8,1039.28,39.45,56.71,0,0,
quarterly_qpisr,2024-09,2024-25,Q2,Madhya Pradesh,76,112860.17,127296.07,14435.9,13,74,40,32.3,44311.09,34.81,55.88,6,2,
quarterly_qpisr,2024-09,2024-25,Q2,Maharashtra,200,235252.35,267581.78,32329.43,34,194,124,36.19,133151.15,49.76,54.85,1,4,
quarterly_qpisr,2024-09,2024-25,Q2,Manipur,34,15741.53,30805.06,15063.53,1,34,31,28.9,18959.72,61.55,67.02,2,0,
quarterly_qpisr,2024-09,2024-25,Q2,Meghalaya,17,7241.51,14604.71,7363.2,1,17,12,33.25,3767.66,25.8,47.91,0,3,
quarterly_qpisr,2024-09,2024-25,Q2,Mizoram,21,11852.41,20444.86,8592.45,12,21,21,24.57,16751.36,81.93,83.26,1,0,
quarterly_qpisr,2024-09,2024-25,Q2,Nagaland,34,12315.74,17703.96,5388.22,7,34,26,37.42,8046.91,45.45,56.51,0,2,
quarterly_qpisr,2024-09,2024-25,Q2,Odisha,80,144541.42,155562.16,11020.74,20,80,49,41.98,62695.71,40.3,50.19,0,0,
quarterly_qpisr,2024-09,2024-25,Q2,Punjab,44,42575.89,42806.78,230.89,4,44,26,22.42,16808.1,39.27,52.18,1,0,
quarterly_qpisr,2024-09,2024-25,Q2,Rajasthan,84,149036.39,189517.35,40480.96,4,84,55,17.42,107754.78,56.86,56.74,15,3,
quarterly_qpisr,2024-09,2024-25,Q2,Sikkim,22,14500.36,22320.65,7820.29,7,22,19,28.53,12260.74,54.93,63.94,0,0,
quarterly_qpisr,2024-09,2024-25,Q2,Tamil Nadu,80,212566.19,268299.19,55733.0,39,79,55,34.31,127047.42,47.35,58.05,2,4,
quarterly_qpisr,2024-09,2024-25,Q2,Telangana,53,38381.66,41226.16,2844.5,7,52,38,37.68,23527.75,57.07,66.56,0,0,
quarterly_qpisr,2024-09,2024-25,Q2,Tripura,14,7005.41,7266.88,261.47,4,14,8,21.5,1397.89,19.24,43.95,0,4,
quarterly_qpisr,2024-09,2024-25,Q2,Uttar Pradesh,138,206548.79,230328.9,23780.11,42,137,73,22.32,107083.72,46.49,53.98,2,3,
quarterly_qpisr,2024-09,2024-25,Q2,Uttarakhand,33,36816.79,59857.18,23040.39,8,31,17,53.53,42780.53,71.47,73.89,0,2,
quarterly_qpisr,2024-09,2024-25,Q2,West Bengal,64,73541.51,101505.73,27964.22,25,64,47,47.0,51376.91,50.61,54.38,0,4,
quarterly_qpisr,2024-12,2024-25,Q3,Andaman & Nicobar Islands,12,3609.99,3881.35,271.36,2,12,6,54.33,2046.3,52.72,51.67,0,0,
quarterly_qpisr,2024-12,2024-25,Q3,Andhra Pradesh,112,147730.32,211288.75,63558.43,28,109,48,37.54,123743.57,58.57,54.11,6,1,
quarterly_qpisr,2024-12,2024-25,Q3,Arunachal Pradesh,24,47923.74,67837.42,19913.68,3,24,17,35.71,31632.43,46.63,77.84,1,0,
quarterly_qpisr,2024-12,2024-25,Q3,Assam,66,66008.78,75741.21,9732.43,7,66,40,27.18,46556.01,61.47,58.99,4,0,
quarterly_qpisr,2024-12,2024-25,Q3,Bihar,100,128030.98,159641.45,31610.47,39,92,68,41.1,100968.56,63.25,61.48,5,8,
quarterly_qpisr,2024-12,2024-25,Q3,Chhattisgarh,54,82550.77,86174.68,3623.91,10,54,31,43.42,36797.47,42.7,49.78,0,1,
quarterly_qpisr,2024-12,2024-25,Q3,Delhi,27,92995.74,97266.78,4271.04,8,25,22,30.86,75439.63,77.56,79.82,1,8,
quarterly_qpisr,2024-12,2024-25,Q3,Goa,7,4466.09,4552.59,86.5,1,4,3,29.67,3137.11,68.91,81.24,3,0,
quarterly_qpisr,2024-12,2024-25,Q3,Gujarat,93,148851.59,170338.62,21487.03,31,92,56,27.25,102469.41,60.16,57.23,4,1,
quarterly_qpisr,2024-12,2024-25,Q3,Haryana,33,74759.15,85590.2,10831.05,14,33,22,22.59,40229.86,47.0,71.16,3,0,
quarterly_qpisr,2024-12,2024-25,Q3,Himachal Pradesh,32,31734.58,48217.35,16482.77,13,30,13,40.31,31606.6,65.55,50.49,0,3,
quarterly_qpisr,2024-12,2024-25,Q3,Jammu & Kashmir,55,79408.13,121175.98,41767.85,9,54,40,29.15,78165.11,64.51,55.95,1,1,
quarterly_qpisr,2024-12,2024-25,Q3,Jharkhand,66,105120.09,113746.3,8626.21,19,65,30,50.23,59201.36,52.05,47.69,4,1,
quarterly_qpisr,2024-12,2024-25,Q3,Karnataka,85,107019.61,112623.45,5603.84,23,84,56,44.39,52383.48,46.51,59.0,4,1,
quarterly_qpisr,2024-12,2024-25,Q3,Kerala,34,70127.95,77956.53,7828.58,14,32,20,29.9,38554.19,49.46,54.97,1,3,
quarterly_qpisr,2024-12,2024-25,Q3,Ladakh,6,2474.97,2634.64,159.67,1,6,5,35.6,1195.29,45.37,63.05,0,0,
quarterly_qpisr,2024-12,2024-25,Q3,Madhya Pradesh,68,109192.98,124579.24,15386.26,10,67,35,31.34,42972.58,34.49,58.51,4,0,
quarterly_qpisr,2024-12,2024-25,Q3,Maharashtra,214,245864.13,279296.82,33432.69,34,208,127,35.98,137200.86,49.12,56.93,23,5,
quarterly_qpisr,2024-12,2024-25,Q3,Manipur,34,16128.33,31191.86,15063.53,1,34,30,30.07,19080.58,61.17,64.38,1,0,
quarterly_qpisr,2024-12,2024-25,Q3,Meghalaya,17,7241.51,14604.71,7363.2,1,16,12,34.17,3905.36,26.74,52.04,1,0,
quarterly_qpisr,2024-12,2024-25,Q3,Mizoram,21,12352.48,20917.83,8565.35,12,21,20,24.0,16785.45,80.24,79.67,1,0,
quarterly_qpisr,2024-12,2024-25,Q3,Nagaland,34,12315.74,17703.96,5388.22,7,34,27,37.07,8489.36,47.95,62.19,2,0,
quarterly_qpisr,2024-12,2024-25,Q3,Odisha,80,144541.42,155572.45,11031.03,21,80,50,42.8,65943.14,42.39,53.67,0,0,
quarterly_qpisr,2024-12,2024-25,Q3,Punjab,43,41821.35,42028.18,206.83,4,43,31,21.52,18396.02,43.77,56.12,4,0,
quarterly_qpisr,2024-12,2024-25,Q3,Rajasthan,71,139766.88,180229.5,40462.62,3,71,42,19.88,107583.95,59.69,60.04,3,2,
quarterly_qpisr,2024-12,2024-25,Q3,Sikkim,22,14500.36,26533.56,12033.2,7,22,19,31.42,16982.57,64.0,66.77,0,0,
quarterly_qpisr,2024-12,2024-25,Q3,Tamil Nadu,79,212295.43,268277.29,55981.86,38,78,56,34.68,128250.3,47.81,57.61,7,2,
quarterly_qpisr,2024-12,2024-25,Q3,Telangana,54,39364.66,42210.62,2845.96,7,53,40,36.48,25122.72,59.52,70.78,1,1,
quarterly_qpisr,2024-12,2024-25,Q3,Tripura,15,7926.07,8187.54,261.47,4,15,9,20.67,1480.98,18.09,44.25,2,0,
quarterly_qpisr,2024-12,2024-25,Q3,Uttar Pradesh,138,206265.27,230543.31,24278.04,43,137,75,22.81,113389.09,49.18,58.24,4,10,
quarterly_qpisr,2024-12,2024-25,Q3,Uttarakhand,34,37076.43,60613.32,23536.89,8,32,18,51.61,43915.62,72.45,71.3,1,1,
quarterly_qpisr,2024-12,2024-25,Q3,West Bengal,68,75919.82,104761.78,28841.96,25,68,46,48.63,55715.24,53.18,46.92,1,1,
quarterly_qpisr,2025-03,2024-25,Q4,Andaman & Nicobar Islands,10,2956.02,3010.04,54.02,2,10,5,45.0,1801.96,68.81,65.68,0,0,
quarterly_qpisr,2025-03,2024-25,Q4,Andhra Pradesh,108,148221.66,211663.7,63442.04,26,108,46,35.33,130080.1,61.95,58.18,3,2,
quarterly_qpisr,2025-03,2024-25,Q4,Arunachal Pradesh,23,48922.12,68835.8,19913.68,3,23,13,40.92,32613.79,49.31,72.98,6,3,
quarterly_qpisr,2025-03,2024-25,Q4,Assam,66,66847.55,76566.33,9718.78,6,66,36,27.64,49338.28,66.2,63.53,2,4,
quarterly_qpisr,2025-03,2024-25,Q4,Bihar,97,125355.29,153836.3,28481.01,35,89,66,42.14,100154.55,66.65,62.44,4,2,
quarterly_qpisr,2025-03,2024-25,Q4,Chhattisgarh,54,82550.77,89442.73,6891.96,13,54,32,45.03,40064.23,45.0,54.06,0,0,
quarterly_qpisr,2025-03,2024-25,Q4,Delhi,25,92085.93,96636.97,4551.04,8,23,21,32.05,77174.56,79.86,82.75,4,0,
quarterly_qpisr,2025-03,2024-25,Q4,Goa,4,1526.58,1613.08,86.5,1,4,3,31.0,781.97,80.48,70.32,1,0,
quarterly_qpisr,2025-03,2024-25,Q4,Gujarat,92,170294.74,179718.76,9424.02,28,91,57,24.19,87701.22,49.64,57.93,0,5,
quarterly_qpisr,2025-03,2024-25,Q4,Haryana,30,70631.2,82176.81,11545.61,16,30,21,22.62,42021.82,51.14,73.21,2,0,
quarterly_qpisr,2025-03,2024-25,Q4,Himachal Pradesh,31,31474.58,49326.03,17851.45,13,29,13,38.77,32821.49,69.49,55.14,0,0,
quarterly_qpisr,2025-03,2024-25,Q4,Jammu & Kashmir,55,78132.65,127004.74,48872.09,11,54,41,30.0,78614.38,63.69,57.03,1,1,
quarterly_qpisr,2025-03,2024-25,Q4,Jharkhand,63,109062.32,117040.71,7978.39,16,62,26,48.96,65156.91,57.57,47.37,2,1,
quarterly_qpisr,2025-03,2024-25,Q4,Karnataka,82,101114.55,105197.86,4083.31,21,81,53,45.94,49630.97,47.35,60.29,0,1,
quarterly_qpisr,2025-03,2024-25,Q4,Kerala,32,64106.75,70321.9,6215.15,12,31,21,27.9,35167.38,50.01,60.6,0,0,
quarterly_qpisr,2025-03,2024-25,Q4,Ladakh,6,2474.97,2634.64,159.67,1,6,5,35.8,1396.1,52.99,63.46,0,0,
quarterly_qpisr,2025-03,2024-25,Q4,Madhya Pradesh,64,108150.99,124349.77,16198.78,16,64,36,32.5,43146.3,34.76,61.43,5,1,
quarterly_qpisr,2025-03,2024-25,Q4,Maharashtra,192,240215.06,277179.38,36964.32,57,186,112,33.95,150047.54,57.38,56.22,6,1,
quarterly_qpisr,2025-03,2024-25,Q4,Manipur,33,15746.25,33526.68,17780.43,1,33,30,29.83,19646.09,59.29,70.02,1,1,
quarterly_qpisr,2025-03,2024-25,Q4,Meghalaya,15,6028.77,5974.15,-54.62,0,15,11,37.82,3775.18,63.19,62.77,1,0,
quarterly_qpisr,2025-03,2024-25,Q4,Mizoram,20,11677.77,20243.12,8565.35,12,20,18,28.44,16992.15,83.94,84.56,1,0,
quarterly_qpisr,2025-03,2024-25,Q4,Nagaland,32,11633.24,17017.57,5384.33,6,32,26,38.23,9121.96,54.26,67.15,1,0,
quarterly_qpisr,2025-03,2024-25,Q4,Odisha,85,156893.94,168631.97,11738.03,23,85,55,41.0,70472.11,43.32,52.71,2,5,
quarterly_qpisr,2025-03,2024-25,Q4,Punjab,39,37885.48,38937.45,1051.97,5,39,28,23.75,15182.71,39.79,59.48,0,0,
quarterly_qpisr,2025-03,2024-25,Q4,Rajasthan,72,140280.8,169501.67,29220.87,1,72,45,16.07,94712.04,61.8,62.05,9,5,
quarterly_qpisr,2025-03,2024-25,Q4,Sikkim,22,14500.36,26380.76,11880.4,8,22,19,34.26,18222.6,69.51,65.75,0,0,
quarterly_qpisr,2025-03,2024-25,Q4,Tamil Nadu,68,93765.48,108747.44,14981.96,32,67,48,29.92,29851.98,29.31,64.29,4,2,
quarterly_qpisr,2025-03,2024-25,Q4,Telangana,53,39244.93,41968.34,2723.41,6,52,23,34.17,26050.0,63.98,74.1,1,0,
quarterly_qpisr,2025-03,2024-25,Q4,Tripura,14,7910.17,8032.54,122.37,3,14,7,21.86,1205.32,18.17,42.23,0,1,
quarterly_qpisr,2025-03,2024-25,Q4,Uttar Pradesh,138,204300.43,226166.3,21865.87,40,137,79,22.54,116254.86,51.49,62.03,10,4,
quarterly_qpisr,2025-03,2024-25,Q4,Uttarakhand,33,36921.91,64285.39,27363.48,8,31,18,56.22,45098.1,71.63,73.1,2,0,
quarterly_qpisr,2025-03,2024-25,Q4,West Bengal,62,67640.76,90447.68,22806.92,24,62,34,53.09,48255.63,62.02,52.11,8,0,
quarterly_qpisr,2025-06,2025-26,Q1,Andaman & Nicobar Islands,10,2956.02,3010.04,54.02,2,10,5,49.2,1817.3,64.86,70.67,1,0,
quarterly_qpisr,2025-06,2025-26,Q1,Andhra Pradesh,107,139913.14,188264.34,48351.2,23,106,40,29.2,104918.01,55.83,55.17,7,2,
quarterly_qpisr,2025-06,2025-26,Q1,Arunachal Pradesh,17,46277.92,66154.5,19876.58,2,17,11,46.82,31192.12,47.33,66.12,2,0,
quarterly_qpisr,2025-06,2025-26,Q1,Assam,70,73019.37,80974.64,7955.27,6,70,37,27.03,51299.26,67.06,61.11,1,6,
quarterly_qpisr,2025-06,2025-26,Q1,Bihar,95,134228.62,158856.89,24628.27,29,92,69,39.39,103365.01,65.94,62.98,3,2,
quarterly_qpisr,2025-06,2025-26,Q1,Chhattisgarh,54,76728.88,81093.37,4364.49,9,54,31,43.55,36942.43,45.9,57.15,3,1,
quarterly_qpisr,2025-06,2025-26,Q1,Delhi,21,90609.18,94869.54,4260.36,8,20,18,37.22,76898.76,81.06,85.62,0,0,
quarterly_qpisr,2025-06,2025-26,Q1,Goa,3,1201.05,1287.55,86.5,1,3,2,43.5,485.92,75.21,62.02,0,0,
quarterly_qpisr,2025-06,2025-26,Q1,Gujarat,95,172756.48,181454.95,8698.47,29,95,64,23.81,93756.29,52.01,61.86,6,3,
quarterly_qpisr,2025-06,2025-26,Q1,Haryana,29,67288.9,78136.4,10847.5,15,29,20,21.6,41872.43,53.84,74.45,5,1,
quarterly_qpisr,2025-06,2025-26,Q1,Himachal Pradesh,31,41877.88,51017.13,9139.25,12,29,13,38.77,33014.11,67.48,62.04,1,0,
quarterly_qpisr,2025-06,2025-26,Q1,Jammu & Kashmir,55,112603.25,126963.34,14360.09,11,54,42,23.69,79819.42,64.8,57.13,1,1,
quarterly_qpisr,2025-06,2025-26,Q1,Jharkhand,64,113658.99,116571.41,2912.42,12,64,25,45.84,67421.35,60.05,46.88,0,3,
quarterly_qpisr,2025-06,2025-26,Q1,Karnataka,85,109875.96,110313.91,437.95,18,85,57,39.98,53826.52,48.96,56.8,5,3,
quarterly_qpisr,2025-06,2025-26,Q1,Kerala,32,64106.75,70321.9,6215.15,12,32,21,29.29,36735.08,52.24,66.65,3,0,
quarterly_qpisr,2025-06,2025-26,Q1,Ladakh,6,2474.97,2634.64,159.67,1,6,5,35.8,1349.63,51.23,65.12,0,0,
quarterly_qpisr,2025-06,2025-26,Q1,Madhya Pradesh,59,113890.17,119925.74,6035.57,13,59,33,29.06,42660.81,35.64,62.73,5,0,
quarterly_qpisr,2025-06,2025-26,Q1,Maharashtra,187,241734.6,271281.09,29546.49,47,182,102,31.27,148854.13,58.42,56.59,30,2,
quarterly_qpisr,2025-06,2025-26,Q1,Manipur,35,26343.72,34255.53,7911.81,1,35,29,26.48,19856.68,59.75,64.81,0,3,
quarterly_qpisr,2025-06,2025-26,Q1,Meghalaya,16,7087.27,7097.47,10.2,1,16,11,38.91,3689.98,55.96,53.82,2,2,
quarterly_qpisr,2025-06,2025-26,Q1,Mizoram,19,15437.36,19781.78,4344.42,12,19,18,19.72,16974.82,85.81,88.36,3,0,
quarterly_qpisr,2025-06,2025-26,Q1,Nagaland,31,15684.24,16731.89,1047.65,5,31,26,32.92,9458.18,57.24,67.72,5,0,
quarterly_qpisr,2025-06,2025-26,Q1,Odisha,79,149765.57,154533.92,4768.35,18,79,52,31.13,68650.28,44.64,60.9,3,0,
quarterly_qpisr,2025-06,2025-26,Q1,Punjab,39,38037.49,38937.45,899.96,4,39,30,24.3,15572.84,40.81,63.06,2,0,
quarterly_qpisr,2025-06,2025-26,Q1,Rajasthan,66,142641.03,172386.55,29745.52,4,66,41,16.85,98554.11,57.17,60.65,4,3,
quarterly_qpisr,2025-06,2025-26,Q1,Sikkim,22,21037.8,26380.76,5342.96,8,22,19,37.63,18940.39,72.25,71.08,2,0,
quarterly_qpisr,2025-06,2025-26,Q1,Tamil Nadu,64,93038.36,104811.51,11773.15,29,64,49,30.31,28908.67,29.11,64.27,6,1,
quarterly_qpisr,2025-06,2025-26,Q1,Telangana,53,29478.09,31802.96,2324.87,5,52,21,32.9,15701.33,52.84,69.98,1,1,
quarterly_qpisr,2025-06,2025-26,Q1,Tripura,14,7910.17,8032.54,122.37,3,14,7,22.43,1403.56,17.47,43.08,0,0,
quarterly_qpisr,2025-06,2025-26,Q1,Uttar Pradesh,134,217980.81,230674.16,12693.35,30,134,75,17.36,118832.83,51.65,61.86,8,7,
quarterly_qpisr,2025-06,2025-26,Q1,Uttarakhand,31,58781.06,63474.7,4693.64,6,29,13,63.23,45356.01,72.68,74.38,1,0,
quarterly_qpisr,2025-06,2025-26,Q1,West Bengal,59,80015.35,92455.22,12439.87,17,59,24,47.92,49435.96,61.74,46.38,3,5,
