report_type,report_period,fiscal_year,quarter,sector,n_projects,cost_original_cr,cost_latest_cr,cost_overrun_cr,n_cost_overrun,n_with_doc,n_delayed,avg_delay_months_delayed,expenditure_cum_cr,financial_progress_pct,avg_physical_progress_pct,n_completed,n_newly_added,n_dropped,printed_n_projects,n_projects_diff,printed_source_table,report_flags
monthly_flash,2005-05,2005-06,,Atomic Energy,6,27738.32,29885.26,2146.94,1,6,0,,12836.42,42.95,,0,0,0,6,0,Sectorwise analysis of projects (abstract),
monthly_flash,2005-05,2005-06,,Civil Aviation,1,191.52,191.52,0.0,0,1,0,,75.5,39.42,,0,0,0,1,0,Sectorwise analysis of projects (abstract),
monthly_flash,2005-05,2005-06,,Coal,8,6576.37,6559.1,-17.27,0,8,1,156.0,336.0,5.12,,0,0,0,8,0,Sectorwise analysis of projects (abstract),
monthly_flash,2005-05,2005-06,,Fertilizers & Chemicals,2,599.0,859.24,260.24,1,2,1,49.0,545.76,63.52,,0,0,0,2,0,Sectorwise analysis of projects (abstract),
monthly_flash,2005-05,2005-06,,Health,2,140.92,691.84,550.92,2,2,2,87.5,407.83,58.95,,0,0,0,2,0,Sectorwise analysis of projects (abstract),
monthly_flash,2005-05,2005-06,,Mines & Metals,1,4091.51,4091.51,0.0,0,1,1,1.0,,,,0,0,0,1,0,Sectorwise analysis of projects (abstract),
monthly_flash,2005-05,2005-06,,Petroleum & Natural Gas,29,35709.32,39604.04,3894.72,12,29,16,14.06,19432.0,53.26,,0,1,0,29,0,Sectorwise analysis of projects (abstract),
monthly_flash,2005-05,2005-06,,Power,43,63317.18,73533.87,10216.69,14,42,15,38.87,28474.41,40.48,,1,0,0,43,0,Sectorwise analysis of projects (abstract),
monthly_flash,2005-05,2005-06,,Railways,129,35883.69,52409.62,16525.93,87,33,26,56.73,17329.43,34.0,,0,1,0,129,0,Sectorwise analysis of projects (abstract),
monthly_flash,2005-05,2005-06,,Roads & Highways,61,17010.99,17136.15,125.16,2,61,56,17.82,11733.7,68.99,,6,0,0,61,0,Sectorwise analysis of projects (abstract),
monthly_flash,2005-05,2005-06,,Shipping & Ports,4,1256.26,1256.26,0.0,0,3,3,29.0,599.25,47.7,,0,0,0,4,0,Sectorwise analysis of projects (abstract),
monthly_flash,2005-05,2005-06,,Steel,7,1354.36,1377.04,22.68,2,7,2,4.5,199.09,16.9,,0,0,0,7,0,Sectorwise analysis of projects (abstract),
monthly_flash,2005-05,2005-06,,Telecommunications,17,4084.61,3644.2,-440.41,2,15,14,8.5,321.28,14.73,,0,0,0,17,0,Sectorwise analysis of projects (abstract),
monthly_flash,2005-05,2005-06,,Urban Development & Housing,1,4860.0,10571.0,5711.0,1,1,1,12.0,8536.75,80.76,,0,0,0,1,0,Sectorwise analysis of projects (abstract),
monthly_flash,2005-05,2005-06,,Water Resources,1,542.9,1069.4,526.5,1,1,1,3.0,29.38,2.75,,0,0,0,1,0,Sectorwise analysis of projects (abstract),
monthly_flash,2005-06,2005-06,,Atomic Energy,6,27738.32,29885.26,2146.94,1,6,0,,13067.99,43.73,,0,0,0,6,0,Sectorwise analysis of projects (abstract),
monthly_flash,2005-06,2005-06,,Civil Aviation,1,191.52,191.52,0.0,0,1,0,,76.77,40.08,,0,0,0,1,0,Sectorwise analysis of projects (abstract),
monthly_flash,2005-06,2005-06,,Coal,8,6576.37,6559.1,-17.27,0,8,1,156.0,338.12,5.15,,0,0,0,8,0,Sectorwise analysis of projects (abstract),
monthly_flash,2005-06,2005-06,,Fertilizers & Chemicals,2,599.0,859.24,260.24,1,2,1,50.0,547.92,63.77,,0,0,0,2,0,Sectorwise analysis of projects (abstract),
monthly_flash,2005-06,2005-06,,Health,2,140.92,691.84,550.92,2,2,2,87.5,415.88,60.11,,0,0,0,2,0,Sectorwise analysis of projects (abstract),
monthly_flash,2005-06,2005-06,,Mines & Metals,1,4091.51,4091.51,0.0,0,1,1,1.0,,,,0,0,0,1,0,Sectorwise analysis of projects (abstract),
monthly_flash,2005-06,2005-06,,Petroleum & Natural Gas,27,33873.63,37645.04,3771.41,10,27,15,14.2,18567.9,53.78,,2,0,0,27,0,Sectorwise analysis of projects (abstract),
monthly_flash,2005-06,2005-06,,Power,43,63317.18,73533.87,10216.69,14,42,14,41.5,29300.78,40.23,,0,0,0,43,0,Sectorwise analysis of projects (abstract),
monthly_flash,2005-06,2005-06,,Railways,130,36195.98,52836.36,16640.38,87,32,27,56.59,17656.18,34.32,,2,3,0,130,0,Sectorwise analysis of projects (abstract),
monthly_flash,2005-06,2005-06,,Roads & Highways,61,17069.29,17006.43,-62.86,2,61,53,17.87,10635.78,63.75,,4,4,0,61,0,Sectorwise analysis of projects (abstract),
monthly_flash,2005-06,2005-06,,Shipping & Ports,4,1256.26,1256.26,0.0,0,3,3,29.0,599.25,47.7,,0,0,0,4,0,Sectorwise analysis of projects (abstract),
monthly_flash,2005-06,2005-06,,Steel,7,1354.36,1377.24,22.88,2,7,2,4.5,246.42,17.89,,0,0,0,7,0,Sectorwise analysis of projects (abstract),
monthly_flash,2005-06,2005-06,,Telecommunications,19,4528.4,4087.99,-440.41,2,17,16,8.38,534.48,21.12,,0,2,0,19,0,Sectorwise analysis of projects (abstract),
monthly_flash,2005-06,2005-06,,Urban Development & Housing,1,4860.0,10571.0,5711.0,1,1,1,12.0,8725.99,82.55,,0,0,0,1,0,Sectorwise analysis of projects (abstract),
monthly_flash,2005-06,2005-06,,Water Resources,1,542.9,1069.4,526.5,1,1,1,3.0,29.38,2.75,,0,0,0,1,0,Sectorwise analysis of projects (abstract),
monthly_flash,2005-07,2005-06,,Atomic Energy,6,27738.32,29885.26,2146.94,1,6,0,,13212.81,44.21,,0,0,0,6,0,Sectorwise analysis of projects (abstract),
monthly_flash,2005-07,2005-06,,Civil Aviation,1,191.52,191.52,0.0,0,1,0,,84.73,44.24,,0,0,0,1,0,Sectorwise analysis of projects (abstract),
monthly_flash,2005-07,2005-06,,Coal,8,6576.37,6559.1,-17.27,0,8,1,156.0,361.32,5.51,,0,0,0,8,0,Sectorwise analysis of projects (abstract),
monthly_flash,2005-07,2005-06,,Fertilizers & Chemicals,2,599.0,859.24,260.24,1,2,1,51.0,547.92,63.77,,0,0,0,2,0,Sectorwise analysis of projects (abstract),
monthly_flash,2005-07,2005-06,,Health,2,140.92,691.84,550.92,2,2,2,87.5,416.69,60.23,,0,0,0,2,0,Sectorwise analysis of projects (abstract),
monthly_flash,2005-07,2005-06,,Mines & Metals,1,4091.51,4091.51,0.0,0,1,1,1.0,,,,0,0,0,1,0,Sectorwise analysis of projects (abstract),
monthly_flash,2005-07,2005-06,,Petroleum & Natural Gas,25,32916.5,36629.9,3713.4,9,25,14,13.0,18651.71,55.66,,2,0,0,25,0,Sectorwise analysis of projects (abstract),
monthly_flash,2005-07,2005-06,,Power,44,63435.51,73706.38,10270.87,14,43,15,39.47,29927.23,40.91,,0,1,0,44,0,Sectorwise analysis of projects (abstract),
monthly_flash,2005-07,2005-06,,Railways,132,36388.79,55916.41,19527.62,88,26,20,50.3,17397.96,32.29,,3,5,0,132,0,Sectorwise analysis of projects (abstract),
monthly_flash,2005-07,2005-06,,Roads & Highways,81,21977.88,21874.39,-103.49,2,80,60,20.12,10424.2,63.54,,1,21,0,81,0,Sectorwise analysis of projects (abstract),
monthly_flash,2005-07,2005-06,,Shipping & Ports,4,1256.26,1256.26,0.0,0,3,3,29.0,599.25,47.7,,0,0,0,4,0,Sectorwise analysis of projects (abstract),
monthly_flash,2005-07,2005-06,,Steel,8,1443.51,1485.96,42.45,3,8,2,4.5,328.34,22.1,,0,1,0,8,0,Sectorwise analysis of projects (abstract),
monthly_flash,2005-07,2005-06,,Telecommunications,30,8101.94,7611.53,-490.41,2,29,28,7.5,912.28,14.61,,0,11,0,30,0,Sectorwise analysis of projects (abstract),
monthly_flash,2005-07,2005-06,,Urban Development & Housing,1,4860.0,10571.0,5711.0,1,1,1,12.0,8782.02,83.08,,0,0,0,1,0,Sectorwise analysis of projects (abstract),
monthly_flash,2005-07,2005-06,,Water Resources,1,542.9,1069.4,526.5,1,1,1,3.0,29.64,2.77,,0,0,0,1,0,Sectorwise analysis of projects (abstract),
monthly_flash,2005-08,2005-06,,Atomic Energy,6,27738.32,29885.26,2146.94,1,6,0,,13369.24,44.74,,0,0,0,6,0,Sectorwise analysis of projects (abstract),
monthly_flash,2005-08,2005-06,,Civil Aviation,1,191.52,191.52,0.0,0,1,1,12.0,84.73,44.24,,0,0,0,1,0,Sectorwise analysis of projects (abstract),
monthly_flash,2005-08,2005-06,,Coal,8,6576.37,6559.1,-17.27,0,8,1,156.0,368.74,5.62,,0,0,0,8,0,Sectorwise analysis of projects (abstract),
monthly_flash,2005-08,2005-06,,Fertilizers & Chemicals,2,599.0,859.24,260.24,1,2,1,52.0,547.92,63.77,,0,0,0,2,0,Sectorwise analysis of projects (abstract),
monthly_flash,2005-08,2005-06,,Health,2,140.92,691.84,550.92,2,2,2,87.5,417.11,60.29,,0,0,0,2,0,Sectorwise analysis of projects (abstract),
monthly_flash,2005-08,2005-06,,Mines & Metals,1,4091.51,4091.51,0.0,0,1,1,1.0,,,,0,0,0,1,0,Sectorwise analysis of projects (abstract),
monthly_flash,2005-08,2005-06,,Petroleum & Natural Gas,24,31323.85,34811.9,3488.05,8,24,13,12.46,17511.33,52.76,,1,0,0,24,0,Sectorwise analysis of projects (abstract),
monthly_flash,2005-08,2005-06,,Power,42,72561.75,81553.96,8992.21,11,41,13,45.38,30362.63,37.54,,4,2,0,42,0,Sectorwise analysis of projects (abstract),
monthly_flash,2005-08,2005-06,,Railways,132,36388.79,56533.75,20144.96,89,27,21,54.76,17650.52,32.11,,0,0,0,132,0,Sectorwise analysis of projects (abstract),
monthly_flash,2005-08,2005-06,,Roads & Highways,80,21745.98,21621.54,-124.44,1,79,58,20.72,10484.23,64.44,,1,0,0,80,0,Sectorwise analysis of projects (abstract),
monthly_flash,2005-08,2005-06,,Shipping & Ports,3,645.46,645.46,0.0,0,3,3,29.0,128.3,19.88,,1,0,0,3,0,Sectorwise analysis of projects (abstract),
monthly_flash,2005-08,2005-06,,Steel,8,1443.51,1485.96,42.45,4,8,3,4.0,379.61,25.55,,0,0,0,8,0,Sectorwise analysis of projects (abstract),
monthly_flash,2005-08,2005-06,,Telecommunications,30,8101.94,7611.53,-490.41,2,29,28,7.54,937.15,15.0,,0,0,0,30,0,Sectorwise analysis of projects (abstract),
monthly_flash,2005-08,2005-06,,Urban Development & Housing,1,4860.0,10571.0,5711.0,1,1,1,12.0,8890.73,84.1,,0,0,0,1,0,Sectorwise analysis of projects (abstract),
monthly_flash,2005-08,2005-06,,Water Resources,1,542.9,1069.4,526.5,1,1,1,3.0,29.77,2.78,,0,0,0,1,0,Sectorwise analysis of projects (abstract),
monthly_flash,2005-09,2005-06,,Atomic Energy,6,27738.32,29885.26,2146.94,1,6,0,,14027.52,46.94,,0,0,0,6,0,Sectorwise analysis of projects (abstract),
monthly_flash,2005-09,2005-06,,Civil Aviation,1,191.52,191.52,0.0,0,1,1,12.0,90.33,47.16,,0,0,0,1,0,Sectorwise analysis of projects (abstract),
monthly_flash,2005-09,2005-06,,Coal,10,9512.45,9495.18,-17.27,0,10,1,156.0,371.14,5.66,,0,2,0,10,0,Sectorwise analysis of projects (abstract),
monthly_flash,2005-09,2005-06,,Fertilizers & Chemicals,2,599.0,859.24,260.24,1,2,1,53.0,555.55,64.66,,0,0,0,2,0,Sectorwise analysis of projects (abstract),
monthly_flash,2005-09,2005-06,,Health,2,140.92,691.84,550.92,2,2,2,87.5,425.92,61.56,,0,0,0,2,0,Sectorwise analysis of projects (abstract),
monthly_flash,2005-09,2005-06,,Mines & Metals,1,4091.51,4091.51,0.0,0,1,1,1.0,,,,0,0,0,1,0,Sectorwise analysis of projects (abstract),
monthly_flash,2005-09,2005-06,,Petroleum & Natural Gas,26,33717.36,37403.59,3686.23,9,26,13,12.92,17953.75,50.18,,0,2,0,26,0,Sectorwise analysis of projects (abstract),
monthly_flash,2005-09,2005-06,,Power,47,74453.31,83644.83,9191.52,10,47,13,46.62,28716.37,34.87,,2,7,0,47,0,Sectorwise analysis of projects (abstract),
monthly_flash,2005-09,2005-06,,Railways,133,37115.75,57525.86,20410.11,91,29,23,61.48,17899.18,31.76,,0,1,0,133,0,Sectorwise analysis of projects (abstract),
monthly_flash,2005-09,2005-06,,Roads & Highways,77,21164.46,21114.06,-50.4,1,72,56,22.23,10253.34,65.05,,2,0,1,77,0,Sectorwise analysis of projects (abstract),
monthly_flash,2005-09,2005-06,,Shipping & Ports,3,645.46,645.46,0.0,0,3,3,29.0,128.33,19.88,,0,0,0,3,0,Sectorwise analysis of projects (abstract),
monthly_flash,2005-09,2005-06,,Steel,8,1868.63,1888.2,19.57,1,8,3,4.33,324.85,17.2,,1,1,0,8,0,Sectorwise analysis of projects (abstract),
monthly_flash,2005-09,2005-06,,Telecommunications,31,8266.0,7775.58,-490.42,2,19,17,6.82,1123.71,17.53,,0,1,0,31,0,Sectorwise analysis of projects (abstract),
monthly_flash,2005-09,2005-06,,Urban Development & Housing,1,4860.0,10571.0,5711.0,1,1,1,12.0,9148.19,86.54,,0,0,0,1,0,Sectorwise analysis of projects (abstract),
monthly_flash,2005-09,2005-06,,Water Resources,1,542.9,1069.4,526.5,1,1,1,3.0,29.77,2.78,,0,0,0,1,0,Sectorwise analysis of projects (abstract),
monthly_flash,2005-10,2005-06,,Atomic Energy,6,27738.32,29885.26,2146.94,1,6,0,,14174.52,47.43,,0,0,0,6,0,Sectorwise analysis of projects (abstract),
monthly_flash,2005-10,2005-06,,Civil Aviation,1,191.52,191.52,0.0,0,1,1,12.0,90.33,47.16,,0,0,0,1,0,Sectorwise analysis of projects (abstract),
monthly_flash,2005-10,2005-06,,Coal,10,9512.45,9495.18,-17.27,0,10,1,156.0,371.39,5.66,,0,0,0,10,0,Sectorwise analysis of projects (abstract),
monthly_flash,2005-10,2005-06,,Fertilizers & Chemicals,2,599.0,859.24,260.24,1,2,1,53.0,555.55,64.66,,0,0,0,2,0,Sectorwise analysis of projects (abstract),
monthly_flash,2005-10,2005-06,,Health,2,140.92,691.84,550.92,2,2,2,87.5,433.88,62.71,,0,0,0,2,0,Sectorwise analysis of projects (abstract),
monthly_flash,2005-10,2005-06,,Mines & Metals,1,4091.51,4091.51,0.0,0,1,1,1.0,,,,0,0,0,1,0,Sectorwise analysis of projects (abstract),
monthly_flash,2005-10,2005-06,,Petroleum & Natural Gas,26,33717.36,38569.91,4852.55,10,26,13,13.38,18400.09,47.71,,0,0,0,26,0,Sectorwise analysis of projects (abstract),
monthly_flash,2005-10,2005-06,,Power,53,81554.97,90650.34,9095.37,8,53,11,44.09,27819.89,32.74,,2,8,0,53,0,Sectorwise analysis of projects (abstract),
monthly_flash,2005-10,2005-06,,Railways,134,37605.5,58470.78,20865.28,91,30,23,61.48,18736.37,32.78,,1,2,0,134,0,Sectorwise analysis of projects (abstract),
monthly_flash,2005-10,2005-06,,Roads & Highways,77,21164.46,21128.06,-36.4,1,76,59,22.83,10425.18,66.08,,0,0,0,77,0,Sectorwise analysis of projects (abstract),
monthly_flash,2005-10,2005-06,,Shipping & Ports,3,645.46,645.46,0.0,0,3,3,29.0,128.33,19.88,,0,0,0,3,0,Sectorwise analysis of projects (abstract),
monthly_flash,2005-10,2005-06,,Steel,7,1779.48,1779.48,0.0,0,7,2,6.0,249.07,14.0,,1,0,0,7,0,Sectorwise analysis of projects (abstract),
monthly_flash,2005-10,2005-06,,Telecommunications,32,8694.0,8203.58,-490.42,2,20,18,6.78,1123.71,17.53,,0,1,0,32,0,Sectorwise analysis of projects (abstract),
monthly_flash,2005-10,2005-06,,Urban Development & Housing,1,4860.0,10571.0,5711.0,1,1,1,12.0,9363.63,88.58,,0,0,0,1,0,Sectorwise analysis of projects (abstract),
monthly_flash,2005-10,2005-06,,Water Resources,1,542.9,1069.4,526.5,1,1,1,3.0,29.85,2.79,,0,0,0,1,0,Sectorwise analysis of projects (abstract),
monthly_flash,2005-11,2005-06,,Atomic Energy,6,27738.32,29885.26,2146.94,1,6,0,,14429.55,48.28,,0,0,0,6,0,Sectorwise analysis of projects (abstract),
monthly_flash,2005-11,2005-06,,Civil Aviation,1,191.52,191.52,0.0,0,1,1,12.0,91.57,47.81,,0,0,0,1,0,Sectorwise analysis of projects (abstract),
monthly_flash,2005-11,2005-06,,Coal,10,9512.45,9495.18,-17.27,0,10,1,156.0,374.29,5.71,,0,0,0,10,0,Sectorwise analysis of projects (abstract),
monthly_flash,2005-11,2005-06,,Fertilizers & Chemicals,1,249.0,249.0,0.0,0,1,0,,30.08,12.08,,1,0,0,1,0,Sectorwise analysis of projects (abstract),
monthly_flash,2005-11,2005-06,,Health,2,140.92,691.84,550.92,2,2,2,87.5,440.17,63.62,,0,0,0,2,0,Sectorwise analysis of projects (abstract),
monthly_flash,2005-11,2005-06,,Mines & Metals,1,4091.51,4091.51,0.0,0,1,1,1.0,,,,0,0,0,1,0,Sectorwise analysis of projects (abstract),
monthly_flash,2005-11,2005-06,,Petroleum & Natural Gas,24,30565.86,35395.41,4829.55,9,24,11,15.45,16077.86,45.42,,2,0,0,24,0,Sectorwise analysis of projects (abstract),
monthly_flash,2005-11,2005-06,,Power,55,84758.36,94253.47,9495.11,8,55,11,44.09,28446.06,33.73,,1,3,0,55,0,Sectorwise analysis of projects (abstract),
monthly_flash,2005-11,2005-06,,Railways,134,37605.5,59485.87,21880.37,92,31,23,63.87,19094.11,32.82,,0,0,0,134,0,Sectorwise analysis of projects (abstract),
monthly_flash,2005-11,2005-06,,Roads & Highways,110,32363.62,32603.01,239.39,2,109,60,23.78,10474.4,66.21,,1,34,0,110,0,Sectorwise analysis of projects (abstract),
monthly_flash,2005-11,2005-06,,Shipping & Ports,4,1781.54,1781.54,0.0,0,4,3,29.0,365.6,20.52,,0,1,0,4,0,Sectorwise analysis of projects (abstract),
monthly_flash,2005-11,2005-06,,Steel,8,10471.48,10471.48,0.0,0,7,2,6.0,268.11,15.07,,0,1,0,8,0,Sectorwise analysis of projects (abstract),
monthly_flash,2005-11,2005-06,,Telecommunications,34,10031.77,9501.36,-530.41,1,21,20,8.65,1201.83,17.52,,1,3,0,34,0,Sectorwise analysis of projects (abstract),
monthly_flash,2005-11,2005-06,,Urban Development & Housing,1,4860.0,10571.0,5711.0,1,1,1,15.0,9599.89,90.81,,0,0,0,1,0,Sectorwise analysis of projects (abstract),
monthly_flash,2005-11,2005-06,,Water Resources,1,542.9,1069.4,526.5,1,1,1,3.0,29.85,2.79,,0,0,0,1,0,Sectorwise analysis of projects (abstract),
monthly_flash,2005-12,2005-06,,Atomic Energy,6,27738.32,29885.26,2146.94,1,6,0,,14674.29,49.1,,0,0,0,6,0,Sectorwise analysis of projects (abstract),
monthly_flash,2005-12,2005-06,,Civil Aviation,1,191.52,191.52,0.0,0,1,1,12.0,93.27,48.7,,0,0,0,1,0,Sectorwise analysis of projects (abstract),
monthly_flash,2005-12,2005-06,,Coal,10,9512.45,9495.18,-17.27,0,10,1,156.0,398.97,6.08,,0,0,0,10,0,Sectorwise analysis of projects (abstract),
monthly_flash,2005-12,2005-06,,Fertilizers & Chemicals,1,249.0,249.0,0.0,0,1,0,,41.37,16.61,,0,0,0,1,0,Sectorwise analysis of projects (abstract),
monthly_flash,2005-12,2005-06,,Health,2,140.92,691.84,550.92,2,2,2,84.0,446.27,64.5,,0,0,0,2,0,Sectorwise analysis of projects (abstract),
monthly_flash,2005-12,2005-06,,Mines & Metals,1,4091.51,4091.51,0.0,0,1,1,1.0,,,,0,0,0,1,0,Sectorwise analysis of projects (abstract),
monthly_flash,2005-12,2005-06,,Petroleum & Natural Gas,24,32078.65,37726.38,5647.73,11,24,10,17.4,16290.77,43.18,,1,1,0,24,0,Sectorwise analysis of projects (abstract),
monthly_flash,2005-12,2005-06,,Power,56,85241.46,94937.71,9696.25,8,56,12,40.67,28612.86,30.52,,0,1,0,56,0,Sectorwise analysis of projects (abstract),
monthly_flash,2005-12,2005-06,,Railways,134,37605.5,59467.03,21861.53,92,31,23,63.87,19378.56,33.36,,0,0,0,134,0,Sectorwise analysis of projects (abstract),
monthly_flash,2005-12,2005-06,,Roads & Highways,107,31807.26,32051.96,244.7,2,106,60,24.17,11101.22,40.05,,3,0,0,107,0,Sectorwise analysis of projects (abstract),
monthly_flash,2005-12,2005-06,,Shipping & Ports,4,1781.54,1781.54,0.0,0,4,3,29.0,367.85,20.65,,0,0,0,4,0,Sectorwise analysis of projects (abstract),
monthly_flash,2005-12,2005-06,,Steel,8,10471.48,10471.68,0.2,1,8,2,6.0,320.77,18.02,,0,0,0,8,0,Sectorwise analysis of projects (abstract),
monthly_flash,2005-12,2005-06,,Telecommunications,33,9888.77,9268.35,-620.42,0,26,22,9.5,1231.6,16.09,,3,2,0,33,0,Sectorwise analysis of projects (abstract),
monthly_flash,2005-12,2005-06,,Urban Development & Housing,1,4860.0,10571.0,5711.0,1,1,1,10.0,8209.03,77.66,,0,0,0,1,0,Sectorwise analysis of projects (abstract),
monthly_flash,2005-12,2005-06,,Water Resources,1,542.9,1069.4,526.5,1,1,1,3.0,29.85,2.79,,0,0,0,1,0,Sectorwise analysis of projects (abstract),
monthly_flash,2006-01,2005-06,,Atomic Energy,6,27738.32,29885.26,2146.94,1,6,0,,15082.68,50.47,,0,0,0,6,0,Sectorwise analysis of projects (abstract),
monthly_flash,2006-01,2005-06,,Civil Aviation,1,191.52,191.52,0.0,0,1,1,12.0,97.2,50.75,,0,0,0,1,0,Sectorwise analysis of projects (abstract),
monthly_flash,2006-01,2005-06,,Coal,10,9512.45,9495.18,-17.27,0,10,1,156.0,403.73,6.16,,0,0,0,10,0,Sectorwise analysis of projects (abstract),
monthly_flash,2006-01,2005-06,,Fertilizers & Chemicals,1,249.0,249.0,0.0,0,1,0,,41.37,16.61,,0,0,0,1,0,Sectorwise analysis of projects (abstract),
monthly_flash,2006-01,2005-06,,Health,2,140.92,691.84,550.92,2,2,2,90.5,446.71,64.57,,0,0,0,2,0,Sectorwise analysis of projects (abstract),
monthly_flash,2006-01,2005-06,,Mines & Metals,1,4091.51,4091.51,0.0,0,1,1,1.0,,,,0,0,0,1,0,Sectorwise analysis of projects (abstract),
monthly_flash,2006-01,2005-06,,Petroleum & Natural Gas,24,32078.65,37757.38,5678.73,11,23,11,14.73,16725.83,44.3,,0,0,0,24,0,Sectorwise analysis of projects (abstract),
monthly_flash,2006-01,2005-06,,Power,56,85241.46,94936.17,9694.71,8,56,12,41.42,29565.03,31.54,,0,0,0,56,0,Sectorwise analysis of projects (abstract),
monthly_flash,2006-01,2005-06,,Railways,134,37605.5,59466.02,21860.52,92,31,23,63.87,19824.43,34.13,,0,0,0,134,0,Sectorwise analysis of projects (abstract),
monthly_flash,2006-01,2005-06,,Roads & Highways,106,31596.26,31885.71,289.45,3,105,59,24.15,11294.15,40.1,,1,0,0,106,0,Sectorwise analysis of projects (abstract),
monthly_flash,2006-01,2005-06,,Shipping & Ports,4,1781.54,1781.54,0.0,0,3,2,32.5,367.85,20.65,,0,0,0,4,0,Sectorwise analysis of projects (abstract),
monthly_flash,2006-01,2005-06,,Steel,8,10471.48,10471.68,0.2,1,8,3,7.33,341.29,3.26,,0,0,0,8,0,Sectorwise analysis of projects (abstract),
monthly_flash,2006-01,2005-06,,Telecommunications,28,8518.49,8088.07,-430.42,0,22,20,8.8,1141.87,16.05,,3,0,2,28,0,Sectorwise analysis of projects (abstract),
monthly_flash,2006-01,2005-06,,Urban Development & Housing,1,4860.0,10571.0,5711.0,1,1,1,19.0,8209.03,77.66,,0,0,0,1,0,Sectorwise analysis of projects (abstract),
monthly_flash,2006-01,2005-06,,Water Resources,1,542.9,1069.4,526.5,1,1,1,3.0,29.85,2.79,,0,0,0,1,0,Sectorwise analysis of projects (abstract),
monthly_flash,2006-02,2005-06,,Atomic Energy,6,27738.32,29885.26,2146.94,1,6,0,,15290.11,51.16,,0,0,0,6,0,Sectorwise analysis of projects (abstract),
monthly_flash,2006-02,2005-06,,Civil Aviation,1,191.52,191.52,0.0,0,1,1,12.0,106.71,55.72,,0,0,0,1,0,Sectorwise analysis of projects (abstract),
monthly_flash,2006-02,2005-06,,Coal,10,9512.45,9495.18,-17.27,0,10,1,156.0,482.37,5.08,,0,0,0,10,0,Sectorwise analysis of projects (abstract),
monthly_flash,2006-02,2005-06,,Fertilizers & Chemicals,1,249.0,249.0,0.0,0,1,0,,41.37,16.61,,0,0,0,1,0,Sectorwise analysis of projects (abstract),
monthly_flash,2006-02,2005-06,,Health,2,140.92,691.84,550.92,2,2,2,90.5,452.19,65.36,,0,0,0,2,0,Sectorwise analysis of projects (abstract),
monthly_flash,2006-02,2005-06,,Mines & Metals,1,4091.51,4091.51,0.0,0,1,1,1.0,,,,0,0,0,1,0,Sectorwise analysis of projects (abstract),
monthly_flash,2006-02,2005-06,,Petroleum & Natural Gas,25,32303.34,38060.07,5756.73,11,24,11,14.91,17429.5,46.07,,0,1,0,25,0,Sectorwise analysis of projects (abstract),
monthly_flash,2006-02,2005-06,,Power,56,85241.46,95033.08,9791.62,8,56,13,38.23,30536.83,32.54,,0,0,0,56,0,Sectorwise analysis of projects (abstract),
monthly_flash,2006-02,2005-06,,Railways,134,37605.5,59710.14,22104.64,93,29,21,64.86,20236.79,34.7,,0,0,0,134,0,Sectorwise analysis of projects (abstract),
monthly_flash,2006-02,2005-06,,Roads & Highways,109,32111.42,32405.42,294.0,3,108,61,24.75,11514.41,38.78,,1,4,0,109,0,Sectorwise analysis of projects (abstract),
monthly_flash,2006-02,2005-06,,Shipping & Ports,6,5008.94,5008.94,0.0,0,5,2,32.5,413.83,8.26,,0,2,0,6,0,Sectorwise analysis of projects (abstract),
monthly_flash,2006-02,2005-06,,Steel,8,10471.48,10471.68,0.2,1,8,4,7.0,393.22,3.76,,0,0,0,8,0,Sectorwise analysis of projects (abstract),
monthly_flash,2006-02,2005-06,,Telecommunications,28,8518.49,8055.09,-463.4,0,22,20,8.8,1141.87,16.12,,0,0,0,28,0,Sectorwise analysis of projects (abstract),
monthly_flash,2006-02,2005-06,,Urban Development & Housing,1,4860.0,10571.0,5711.0,1,1,1,19.0,8209.03,77.66,,0,0,0,1,0,Sectorwise analysis of projects (abstract),
monthly_flash,2006-02,2005-06,,Water Resources,1,542.9,1069.4,526.5,1,1,1,3.0,30.32,2.84,,0,0,0,1,0,Sectorwise analysis of projects (abstract),
monthly_flash,2006-03,2005-06,,Atomic Energy,6,27738.32,29885.26,2146.94,1,6,1,3.0,15497.21,51.86,,0,0,0,6,0,Sectorwise analysis of projects (abstract),
monthly_flash,2006-03,2005-06,,Civil Aviation,1,191.52,191.52,0.0,0,1,1,12.0,114.32,59.69,,0,0,0,1,0,Sectorwise analysis of projects (abstract),
monthly_flash,2006-03,2005-06,,Coal,10,9512.45,9495.18,-17.27,0,10,1,156.0,676.18,7.12,,0,0,0,10,0,Sectorwise analysis of projects (abstract),
monthly_flash,2006-03,2005-06,,Fertilizers & Chemicals,1,249.0,249.0,0.0,0,1,0,,41.37,16.61,,0,0,0,1,0,Sectorwise analysis of projects (abstract),
monthly_flash,2006-03,2005-06,,Health,2,140.92,691.84,550.92,2,2,2,91.0,474.73,68.62,,0,0,0,2,0,Sectorwise analysis of projects (abstract),
monthly_flash,2006-03,2005-06,,Mines & Metals,1,4091.51,4091.51,0.0,0,1,1,1.0,,,,0,0,0,1,0,Sectorwise analysis of projects (abstract),
monthly_flash,2006-03,2005-06,,Petroleum & Natural Gas,24,31993.02,38958.86,6965.84,12,23,13,14.69,18621.33,47.8,,1,0,0,24,0,Sectorwise analysis of projects (abstract),
monthly_flash,2006-03,2005-06,,Power,56,85241.46,95034.62,9793.16,8,56,12,41.17,33525.44,35.72,,0,0,0,56,0,Sectorwise analysis of projects (abstract),
monthly_flash,2006-03,2005-06,,Railways,134,37605.5,59564.79,21959.29,93,31,21,64.86,20945.02,36.0,,0,0,0,134,0,Sectorwise analysis of projects (abstract),
monthly_flash,2006-03,2005-06,,Roads & Highways,116,34195.27,34474.27,279.0,3,104,57,24.72,11328.54,39.98,,5,12,0,116,0,Sectorwise analysis of projects (abstract),
monthly_flash,2006-03,2005-06,,Shipping & Ports,6,5008.94,5079.13,70.19,1,5,2,32.5,424.16,8.35,,0,0,0,6,0,Sectorwise analysis of projects (abstract),
monthly_flash,2006-03,2005-06,,Steel,9,10575.41,10643.99,68.58,1,9,4,5.5,463.14,4.39,,0,1,0,9,0,Sectorwise analysis of projects (abstract),
monthly_flash,2006-03,2005-06,,Telecommunications,28,8518.49,8055.09,-463.4,0,23,21,9.1,1171.45,16.54,,0,0,0,28,0,Sectorwise analysis of projects (abstract),
monthly_flash,2006-03,2005-06,,Urban Development & Housing,1,4860.0,10571.0,5711.0,1,1,1,19.0,9969.83,94.31,,0,0,0,1,0,Sectorwise analysis of projects (abstract),
monthly_flash,2006-03,2005-06,,Water Resources,1,542.9,1069.4,526.5,1,1,1,3.0,30.61,2.86,,0,0,0,1,0,Sectorwise analysis of projects (abstract),
monthly_flash,2006-04,2006-07,,Atomic Energy,6,27738.32,29885.26,2146.94,1,6,1,3.0,15497.21,51.86,,0,0,0,6,0,Sectorwise analysis of projects (abstract),report_partial;stale_repeat_of:2006-03
monthly_flash,2006-04,2006-07,,Civil Aviation,1,191.52,191.52,0.0,0,1,1,12.0,114.32,59.69,,0,0,0,1,0,Sectorwise analysis of projects (abstract),report_partial;stale_repeat_of:2006-03
monthly_flash,2006-04,2006-07,,Coal,10,9512.45,9495.18,-17.27,0,10,1,156.0,676.18,7.12,,0,0,0,10,0,Sectorwise analysis of projects (abstract),report_partial;stale_repeat_of:2006-03
monthly_flash,2006-04,2006-07,,Fertilizers & Chemicals,1,249.0,249.0,0.0,0,1,0,,41.37,16.61,,0,0,0,1,0,Sectorwise analysis of projects (abstract),report_partial;stale_repeat_of:2006-03
monthly_flash,2006-04,2006-07,,Health,2,140.92,691.84,550.92,2,2,2,91.0,474.73,68.62,,0,0,0,2,0,Sectorwise analysis of projects (abstract),report_partial;stale_repeat_of:2006-03
monthly_flash,2006-04,2006-07,,Mines & Metals,1,4091.51,4091.51,0.0,0,1,1,1.0,,,,0,0,0,1,0,Sectorwise analysis of projects (abstract),report_partial;stale_repeat_of:2006-03
monthly_flash,2006-04,2006-07,,Petroleum & Natural Gas,24,31993.02,38958.86,6965.84,12,23,13,14.69,18621.33,47.8,,0,2,0,26,-2,Sectorwise analysis of projects (abstract),report_partial;stale_repeat_of:2006-03
monthly_flash,2006-04,2006-07,,Power,56,85241.46,95034.62,9793.16,8,56,12,41.17,33525.44,35.72,,1,1,0,56,0,Sectorwise analysis of projects (abstract),report_partial;stale_repeat_of:2006-03
monthly_flash,2006-04,2006-07,,Railways,134,37605.5,59564.79,21959.29,93,31,21,64.86,20945.02,36.0,,1,0,1,132,2,Sectorwise analysis of projects (abstract),report_partial;stale_repeat_of:2006-03
monthly_flash,2006-04,2006-07,,Roads & Highways,116,34195.27,34474.27,279.0,3,104,57,24.72,11328.54,39.98,,0,1,0,117,-1,Sectorwise analysis of projects (abstract),report_partial;stale_repeat_of:2006-03
monthly_flash,2006-04,2006-07,,Shipping & Ports,6,5008.94,5079.13,70.19,1,5,2,32.5,424.16,8.35,,0,0,0,6,0,Sectorwise analysis of projects (abstract),report_partial;stale_repeat_of:2006-03
monthly_flash,2006-04,2006-07,,Steel,9,10575.41,10643.99,68.58,1,9,4,5.5,463.14,4.39,,0,0,0,9,0,Sectorwise analysis of projects (abstract),report_partial;stale_repeat_of:2006-03
monthly_flash,2006-04,2006-07,,Telecommunications,28,8518.49,8055.09,-463.4,0,23,21,9.1,1171.45,16.54,,0,0,0,28,0,Sectorwise analysis of projects (abstract),report_partial;stale_repeat_of:2006-03
monthly_flash,2006-04,2006-07,,Urban Development & Housing,1,4860.0,10571.0,5711.0,1,1,1,19.0,9969.83,94.31,,0,0,0,1,0,Sectorwise analysis of projects (abstract),report_partial;stale_repeat_of:2006-03
monthly_flash,2006-04,2006-07,,Water Resources,1,542.9,1069.4,526.5,1,1,1,3.0,30.61,2.86,,0,0,0,1,0,Sectorwise analysis of projects (abstract),report_partial;stale_repeat_of:2006-03
monthly_flash,2006-05,2006-07,,Atomic Energy,6,27738.32,29885.26,2146.94,1,6,1,3.0,16620.27,55.61,,0,0,0,6,0,Sectorwise analysis of projects (abstract),
monthly_flash,2006-05,2006-07,,Civil Aviation,1,191.52,191.52,0.0,0,1,1,12.0,116.76,60.96,,0,0,0,1,0,Sectorwise analysis of projects (abstract),
monthly_flash,2006-05,2006-07,,Coal,12,10634.17,10616.9,-17.27,0,12,1,156.0,751.28,7.91,,0,2,0,12,0,Sectorwise analysis of projects (abstract),
monthly_flash,2006-05,2006-07,,Fertilizers & Chemicals,1,249.0,249.0,0.0,0,1,0,,192.72,77.4,,0,0,0,1,0,Sectorwise analysis of projects (abstract),
monthly_flash,2006-05,2006-07,,Health,2,140.92,691.84,550.92,2,2,2,91.5,474.73,68.62,,0,0,0,2,0,Sectorwise analysis of projects (abstract),
monthly_flash,2006-05,2006-07,,Mines & Metals,1,4091.51,4091.51,0.0,0,1,0,,,,,0,0,0,1,0,Sectorwise analysis of projects (abstract),
monthly_flash,2006-05,2006-07,,Petroleum & Natural Gas,27,44415.57,51446.41,7030.84,12,25,13,15.08,20404.48,39.82,,1,2,0,27,0,Sectorwise analysis of projects (abstract),
monthly_flash,2006-05,2006-07,,Power,57,86355.14,96051.39,9696.25,8,57,12,41.83,36208.74,38.54,,0,1,0,57,0,Sectorwise analysis of projects (abstract),
monthly_flash,2006-05,2006-07,,Railways,132,37219.34,59412.45,22193.11,97,31,20,60.3,21079.04,36.24,,0,0,0,132,0,Sectorwise analysis of projects (abstract),
monthly_flash,2006-05,2006-07,,Roads & Highways,140,40352.68,40646.68,294.0,3,134,64,24.0,11445.18,33.18,,0,23,0,140,0,Sectorwise analysis of projects (abstract),
monthly_flash,2006-05,2006-07,,Shipping & Ports,6,5008.94,5079.13,70.19,1,5,2,32.5,419.78,8.26,,0,0,0,6,0,Sectorwise analysis of projects (abstract),
monthly_flash,2006-05,2006-07,,Steel,10,10708.14,10776.72,68.58,1,10,5,8.4,576.13,5.47,,0,1,0,10,0,Sectorwise analysis of projects (abstract),
monthly_flash,2006-05,2006-07,,Telecommunications,28,8518.49,8057.75,-460.74,0,23,23,12.7,1432.22,20.21,,0,0,0,28,0,Sectorwise analysis of projects (abstract),
monthly_flash,2006-05,2006-07,,Urban Development & Housing,2,12978.0,18689.0,5711.0,1,2,1,19.0,10083.99,95.39,,0,1,0,2,0,Sectorwise analysis of projects (abstract),
monthly_flash,2006-05,2006-07,,Water Resources,1,542.9,1069.4,526.5,1,1,1,3.0,30.61,2.86,,0,0,0,1,0,Sectorwise analysis of projects (abstract),
monthly_flash,2006-06,2006-07,,Atomic Energy,6,27738.32,29885.26,2146.94,1,6,1,3.0,16818.74,56.28,,0,0,0,6,0,Sectorwise analysis of projects (abstract),
monthly_flash,2006-06,2006-07,,Civil Aviation,1,191.52,191.52,0.0,0,1,1,12.0,121.32,63.35,,0,0,0,1,0,Sectorwise analysis of projects (abstract),
monthly_flash,2006-06,2006-07,,Coal,16,14259.78,14242.51,-17.27,0,16,1,156.0,829.72,8.07,,0,4,0,16,0,Sectorwise analysis of projects (abstract),
monthly_flash,2006-06,2006-07,,Fertilizers & Chemicals,1,249.0,249.0,0.0,0,1,0,,192.72,77.4,,0,0,0,1,0,Sectorwise analysis of projects (abstract),
monthly_flash,2006-06,2006-07,,Health,2,140.92,691.84,550.92,2,2,2,91.5,474.73,68.62,,0,0,0,2,0,Sectorwise analysis of projects (abstract),
monthly_flash,2006-06,2006-07,,Mines & Metals,1,4091.51,4091.51,0.0,0,1,0,,,,,0,0,0,1,0,Sectorwise analysis of projects (abstract),
monthly_flash,2006-06,2006-07,,Petroleum & Natural Gas,28,45847.48,53390.93,7543.45,12,27,15,15.33,21081.73,39.49,,0,1,0,28,0,Sectorwise analysis of projects (abstract),
monthly_flash,2006-06,2006-07,,Power,54,85600.67,94963.71,9363.04,7,54,10,39.7,35987.85,38.75,,3,0,0,54,0,Sectorwise analysis of projects (abstract),
monthly_flash,2006-06,2006-07,,Railways,133,37333.35,59983.16,22649.81,99,31,20,60.5,21716.77,36.97,,0,1,0,133,0,Sectorwise analysis of projects (abstract),
monthly_flash,2006-06,2006-07,,Roads & Highways,162,45826.04,46166.7,340.66,4,158,61,24.08,11762.2,29.02,,3,25,0,162,0,Sectorwise analysis of projects (abstract),
monthly_flash,2006-06,2006-07,,Shipping & Ports,6,4812.94,4812.94,0.0,0,6,2,28.0,545.4,11.33,,0,1,1,6,0,Sectorwise analysis of projects (abstract),
monthly_flash,2006-06,2006-07,,Steel,10,10708.14,10777.91,69.77,2,10,5,8.4,606.95,5.76,,0,0,0,10,0,Sectorwise analysis of projects (abstract),
monthly_flash,2006-06,2006-07,,Telecommunications,28,8518.49,8057.75,-460.74,0,20,20,11.45,1432.22,20.21,,0,0,0,28,0,Sectorwise analysis of projects (abstract),
monthly_flash,2006-06,2006-07,,Urban Development & Housing,2,12978.0,18689.0,5711.0,1,2,1,19.0,10222.7,54.7,,0,0,0,2,0,Sectorwise analysis of projects (abstract),
monthly_flash,2006-06,2006-07,,Water Resources,1,542.9,1069.4,526.5,1,1,1,3.0,31.33,2.93,,0,0,0,1,0,Sectorwise analysis of projects (abstract),
monthly_flash,2006-07,2006-07,,Atomic Energy,6,27738.32,29885.26,2146.94,1,6,1,3.0,16996.67,56.87,,0,0,0,6,0,Sectorwise analysis of projects (abstract),
monthly_flash,2006-07,2006-07,,Civil Aviation,1,191.52,191.52,0.0,0,1,1,12.0,123.12,64.29,,0,0,0,1,0,Sectorwise analysis of projects (abstract),
monthly_flash,2006-07,2006-07,,Coal,16,14259.78,14242.51,-17.27,0,16,1,156.0,1794.6,16.27,,0,0,0,16,0,Sectorwise analysis of projects (abstract),
monthly_flash,2006-07,2006-07,,Fertilizers & Chemicals,1,249.0,249.0,0.0,0,1,0,,192.72,77.4,,0,0,0,1,0,Sectorwise analysis of projects (abstract),
monthly_flash,2006-07,2006-07,,Health,2,140.92,691.84,550.92,2,2,2,91.5,474.09,68.53,,0,0,0,2,0,Sectorwise analysis of projects (abstract),
monthly_flash,2006-07,2006-07,,Mines & Metals,1,4091.51,4091.51,0.0,0,1,0,,,,,0,0,0,1,0,Sectorwise analysis of projects (abstract),
monthly_flash,2006-07,2006-07,,Petroleum & Natural Gas,28,44061.62,52655.34,8593.72,15,27,16,14.5,18477.52,35.09,,1,1,0,28,0,Sectorwise analysis of projects (abstract),
monthly_flash,2006-07,2006-07,,Power,54,85600.67,94963.71,9363.04,7,54,11,36.45,37184.21,40.04,,0,0,0,54,0,Sectorwise analysis of projects (abstract),
monthly_flash,2006-07,2006-07,,Railways,142,39324.87,62697.16,23372.29,103,39,23,63.3,22651.54,37.03,,0,9,0,142,0,Sectorwise analysis of projects (abstract),
monthly_flash,2006-07,2006-07,,Roads & Highways,166,46800.31,46889.75,89.44,3,163,63,23.95,12391.66,29.78,,0,4,0,166,0,Sectorwise analysis of projects (abstract),
monthly_flash,2006-07,2006-07,,Shipping & Ports,6,4812.94,4812.94,0.0,0,6,2,28.0,545.4,11.33,,0,0,0,6,0,Sectorwise analysis of projects (abstract),
monthly_flash,2006-07,2006-07,,Steel,10,10708.14,10777.91,69.77,2,10,5,9.0,648.94,6.16,,0,0,0,10,0,Sectorwise analysis of projects (abstract),
monthly_flash,2006-07,2006-07,,Telecommunications,28,8518.49,7840.15,-678.34,1,21,21,16.38,1802.44,26.24,,0,0,0,28,0,Sectorwise analysis of projects (abstract),
monthly_flash,2006-07,2006-07,,Urban Development & Housing,2,12978.0,18689.0,5711.0,1,2,1,19.0,10262.68,54.91,,0,0,0,2,0,Sectorwise analysis of projects (abstract),
monthly_flash,2006-07,2006-07,,Water Resources,1,542.9,1069.4,526.5,1,1,1,3.0,31.45,2.94,,0,0,0,1,0,Sectorwise analysis of projects (abstract),
monthly_flash,2006-08,2006-07,,Atomic Energy,5,24291.26,23360.26,-931.0,0,5,1,3.0,11467.31,49.09,,1,0,0,5,0,Sectorwise analysis of projects (abstract),
monthly_flash,2006-08,2006-07,,Civil Aviation,1,191.52,191.52,0.0,0,1,1,12.0,131.38,68.6,,0,0,0,1,0,Sectorwise analysis of projects (abstract),
monthly_flash,2006-08,2006-07,,Coal,16,14259.78,14242.51,-17.27,0,16,1,156.0,1939.52,17.58,,0,0,0,16,0,Sectorwise analysis of projects (abstract),
monthly_flash,2006-08,2006-07,,Fertilizers & Chemicals,1,249.0,249.0,0.0,0,0,0,,192.72,77.4,,0,0,0,1,0,Sectorwise analysis of projects (abstract),
monthly_flash,2006-08,2006-07,,Health,1,71.18,422.6,351.42,1,1,1,92.0,269.97,63.88,,1,0,0,1,0,Sectorwise analysis of projects (abstract),
monthly_flash,2006-08,2006-07,,Mines & Metals,1,4091.51,4091.51,0.0,0,1,0,,,,,0,0,0,1,0,Sectorwise analysis of projects (abstract),
monthly_flash,2006-08,2006-07,,Petroleum & Natural Gas,28,38589.22,44682.4,6093.18,14,27,15,12.2,11983.48,26.82,,4,4,0,28,0,Sectorwise analysis of projects (abstract),
monthly_flash,2006-08,2006-07,,Power,59,92361.0,101879.61,9518.61,8,58,14,30.36,38683.2,39.58,,0,5,0,59,0,Sectorwise analysis of projects (abstract),
monthly_flash,2006-08,2006-07,,Railways,141,39226.45,62670.7,23444.25,104,38,25,59.2,22752.96,37.21,,1,0,0,141,0,Sectorwise analysis of projects (abstract),
monthly_flash,2006-08,2006-07,,Roads & Highways,166,46800.31,47131.92,331.61,8,163,63,24.35,12810.28,30.47,,0,0,0,166,0,Sectorwise analysis of projects (abstract),
monthly_flash,2006-08,2006-07,,Shipping & Ports,6,4812.94,4812.94,0.0,0,6,4,16.5,584.83,12.15,,0,0,0,6,0,Sectorwise analysis of projects (abstract),
monthly_flash,2006-08,2006-07,,Steel,10,10708.14,10777.91,69.77,2,10,5,9.0,685.14,6.5,,0,0,0,10,0,Sectorwise analysis of projects (abstract),
monthly_flash,2006-08,2006-07,,Telecommunications,33,10177.91,9383.91,-794.0,1,27,27,15.37,2535.69,28.68,,0,5,0,33,0,Sectorwise analysis of projects (abstract),
monthly_flash,2006-08,2006-07,,Urban Development & Housing,2,12978.0,18689.0,5711.0,1,2,1,19.0,10324.0,55.24,,0,0,0,2,0,Sectorwise analysis of projects (abstract),
monthly_flash,2006-08,2006-07,,Water Resources,1,542.9,1069.4,526.5,1,1,1,3.0,31.76,2.97,,0,0,0,1,0,Sectorwise analysis of projects (abstract),
monthly_flash,2006-09,2006-07,,Atomic Energy,5,24291.26,23360.26,-931.0,0,5,1,6.0,11981.06,51.29,,0,0,0,5,0,Sectorwise analysis of projects (abstract),
monthly_flash,2006-09,2006-07,,Civil Aviation,1,191.52,191.52,0.0,0,1,1,12.0,131.38,68.6,,0,0,0,1,0,Sectorwise analysis of projects (abstract),
monthly_flash,2006-09,2006-07,,Coal,17,14729.56,14712.29,-17.27,0,17,1,156.0,2573.21,20.25,,0,1,0,17,0,Sectorwise analysis of projects (abstract),
monthly_flash,2006-09,2006-07,,Fertilizers & Chemicals,1,249.0,249.0,0.0,0,0,0,,192.72,77.4,,0,0,0,1,0,Sectorwise analysis of projects (abstract),
monthly_flash,2006-09,2006-07,,Health,1,71.18,422.6,351.42,1,1,1,92.0,276.85,65.51,,0,0,0,1,0,Sectorwise analysis of projects (abstract),
monthly_flash,2006-09,2006-07,,Mines & Metals,1,4091.51,4091.51,0.0,0,1,0,,153.58,3.75,,0,0,0,1,0,Sectorwise analysis of projects (abstract),
monthly_flash,2006-09,2006-07,,Petroleum & Natural Gas,30,39026.6,45119.78,6093.18,14,29,17,11.35,12933.29,28.66,,0,2,0,30,0,Sectorwise analysis of projects (abstract),
monthly_flash,2006-09,2006-07,,Power,58,91421.72,101024.09,9602.37,9,57,15,28.8,38712.87,39.96,,1,0,0,58,0,Sectorwise analysis of projects (abstract),
monthly_flash,2006-09,2006-07,,Railways,141,39226.45,63017.54,23791.09,106,38,25,59.64,23455.54,38.14,,0,0,0,141,0,Sectorwise analysis of projects (abstract),
monthly_flash,2006-09,2006-07,,Roads & Highways,167,47203.11,47534.72,331.61,8,163,63,25.05,14201.12,31.91,,0,1,0,167,0,Sectorwise analysis of projects (abstract),
monthly_flash,2006-09,2006-07,,Shipping & Ports,6,4812.94,4812.94,0.0,0,6,4,16.5,586.01,12.18,,0,0,0,6,0,Sectorwise analysis of projects (abstract),
monthly_flash,2006-09,2006-07,,Steel,11,10842.05,10911.82,69.77,2,11,5,9.2,755.56,7.17,,0,1,0,11,0,Sectorwise analysis of projects (abstract),
monthly_flash,2006-09,2006-07,,Telecommunications,33,10177.91,9318.82,-859.09,1,27,27,15.41,2634.62,30.02,,0,0,0,33,0,Sectorwise analysis of projects (abstract),
monthly_flash,2006-09,2006-07,,Urban Development & Housing,2,12978.0,18689.0,5711.0,1,2,1,19.0,10395.13,55.62,,0,0,0,2,0,Sectorwise analysis of projects (abstract),
monthly_flash,2006-09,2006-07,,Water Resources,1,542.9,1069.4,526.5,1,1,1,3.0,31.76,2.97,,0,0,0,1,0,Sectorwise analysis of projects (abstract),
monthly_flash,2006-10,2006-07,,Atomic Energy,5,24291.26,23360.26,-931.0,0,5,1,6.0,11982.91,51.3,,0,0,0,5,0,Sectorwise analysis of projects (abstract),
monthly_flash,2006-10,2006-07,,Civil Aviation,1,191.52,191.52,0.0,0,1,1,12.0,134.57,70.26,,0,0,0,1,0,Sectorwise analysis of projects (abstract),
monthly_flash,2006-10,2006-07,,Coal,19,15190.93,15173.66,-17.27,0,19,1,156.0,2677.86,20.33,,0,2,0,19,0,Sectorwise analysis of projects (abstract),
monthly_flash,2006-10,2006-07,,Fertilizers & Chemicals,0,,,,0,0,0,,,,,1,0,0,0,0,Sectorwise analysis of projects (abstract),
monthly_flash,2006-10,2006-07,,Health,1,71.18,422.6,351.42,1,1,1,92.0,279.79,66.21,,0,0,0,1,0,Sectorwise analysis of projects (abstract),
monthly_flash,2006-10,2006-07,,Mines & Metals,1,4091.51,4091.51,0.0,0,1,0,,178.56,4.36,,0,0,0,1,0,Sectorwise analysis of projects (abstract),
monthly_flash,2006-10,2006-07,,Petroleum & Natural Gas,30,39026.6,46235.8,7209.2,16,29,18,11.39,13794.87,29.84,,0,0,0,30,0,Sectorwise analysis of projects (abstract),
monthly_flash,2006-10,2006-07,,Power,56,90711.38,100415.79,9704.41,9,55,12,36.17,39054.58,40.57,,2,0,0,56,0,Sectorwise analysis of projects (abstract),
monthly_flash,2006-10,2006-07,,Railways,141,39226.45,63017.9,23791.45,106,39,27,60.85,23810.61,38.72,,0,0,0,141,0,Sectorwise analysis of projects (abstract),
monthly_flash,2006-10,2006-07,,Roads & Highways,167,47203.11,47534.72,331.61,8,163,63,24.65,13988.86,31.04,,0,0,0,167,0,Sectorwise analysis of projects (abstract),
monthly_flash,2006-10,2006-07,,Shipping & Ports,6,4812.94,4812.94,0.0,0,6,4,16.5,594.28,12.35,,0,0,0,6,0,Sectorwise analysis of projects (abstract),
monthly_flash,2006-10,2006-07,,Steel,11,10842.05,10911.82,69.77,2,11,5,9.2,807.38,7.66,,0,0,0,11,0,Sectorwise analysis of projects (abstract),
monthly_flash,2006-10,2006-07,,Telecommunications,34,10424.91,9540.82,-884.09,1,29,28,16.18,2957.69,33.14,,0,1,0,34,0,Sectorwise analysis of projects (abstract),
monthly_flash,2006-10,2006-07,,Urban Development & Housing,2,12978.0,18689.0,5711.0,1,2,1,19.0,10438.67,55.85,,0,0,0,2,0,Sectorwise analysis of projects (abstract),
monthly_flash,2006-10,2006-07,,Water Resources,1,542.9,1069.4,526.5,1,1,1,3.0,31.76,2.97,,0,0,0,1,0,Sectorwise analysis of projects (abstract),
monthly_flash,2006-11,2006-07,,Atomic Energy,5,24291.26,23360.26,-931.0,0,5,1,6.0,12103.12,51.81,,0,0,0,5,0,Sectorwise analysis of projects (abstract),
monthly_flash,2006-11,2006-07,,Civil Aviation,1,191.52,191.52,0.0,0,1,1,12.0,138.38,72.25,,0,0,0,1,0,Sectorwise analysis of projects (abstract),
monthly_flash,2006-11,2006-07,,Coal,19,15190.93,15173.66,-17.27,0,19,1,156.0,2711.39,20.59,,0,0,0,19,0,Sectorwise analysis of projects (abstract),
monthly_flash,2006-11,2006-07,,Health,1,71.18,422.6,351.42,1,1,1,92.0,286.91,67.89,,0,0,0,1,0,Sectorwise analysis of projects (abstract),
monthly_flash,2006-11,2006-07,,Mines & Metals,1,4091.51,4091.51,0.0,0,1,0,,178.56,4.36,,0,0,0,1,0,Sectorwise analysis of projects (abstract),
monthly_flash,2006-11,2006-07,,Petroleum & Natural Gas,30,39026.6,46146.36,7119.76,16,29,19,11.74,14748.96,31.96,,0,0,0,30,0,Sectorwise analysis of projects (abstract),
monthly_flash,2006-11,2006-07,,Power,57,93159.88,104044.01,10884.13,11,56,12,37.08,40128.11,40.17,,0,1,0,57,0,Sectorwise analysis of projects (abstract),
monthly_flash,2006-11,2006-07,,Railways,141,39226.45,63231.82,24005.37,106,39,27,61.78,24173.57,39.17,,0,0,0,141,0,Sectorwise analysis of projects (abstract),
monthly_flash,2006-11,2006-07,,Roads & Highways,173,48591.97,48923.58,331.61,8,172,64,24.53,14452.64,31.61,,0,6,0,173,0,Sectorwise analysis of projects (abstract),
monthly_flash,2006-11,2006-07,,Shipping & Ports,6,4812.94,4812.94,0.0,0,6,4,16.5,588.46,12.23,,0,0,0,6,0,Sectorwise analysis of projects (abstract),
monthly_flash,2006-11,2006-07,,Steel,11,10842.05,10912.23,70.18,3,11,6,9.17,863.21,8.19,,0,0,0,11,0,Sectorwise analysis of projects (abstract),
monthly_flash,2006-11,2006-07,,Telecommunications,33,10315.89,9394.8,-921.09,1,29,28,16.21,3007.6,34.26,,0,0,1,33,0,Sectorwise analysis of projects (abstract),
monthly_flash,2006-11,2006-07,,Urban Development & Housing,1,8118.0,8118.0,0.0,0,1,0,,246.2,3.03,,1,0,0,1,0,Sectorwise analysis of projects (abstract),
monthly_flash,2006-11,2006-07,,Water Resources,1,542.9,1069.4,526.5,1,1,1,3.0,31.76,2.97,,0,0,0,1,0,Sectorwise analysis of projects (abstract),
monthly_flash,2006-12,2006-07,,Atomic Energy,5,24291.26,23360.26,-931.0,0,5,1,8.0,12240.07,52.4,,0,0,0,5,0,Sectorwise analysis of projects (abstract),
monthly_flash,2006-12,2006-07,,Civil Aviation,1,191.52,191.52,0.0,0,1,1,12.0,138.38,72.25,,0,0,0,1,0,Sectorwise analysis of projects (abstract),
monthly_flash,2006-12,2006-07,,Coal,21,15647.08,15629.81,-17.27,0,21,1,156.0,2878.61,21.58,,0,2,0,21,0,Sectorwise analysis of projects (abstract),
monthly_flash,2006-12,2006-07,,Health,1,71.18,422.6,351.42,1,1,1,92.0,286.91,67.89,,0,0,0,1,0,Sectorwise analysis of projects (abstract),
monthly_flash,2006-12,2006-07,,Mines & Metals,1,4091.51,4091.51,0.0,0,1,0,,178.56,4.36,,0,0,0,1,0,Sectorwise analysis of projects (abstract),
monthly_flash,2006-12,2006-07,,Petroleum & Natural Gas,29,38636.6,47956.32,9319.72,16,29,21,13.67,14892.61,31.05,,1,0,0,29,0,Sectorwise analysis of projects (abstract),
monthly_flash,2006-12,2006-07,,Power,57,93159.88,104464.24,11304.36,14,56,12,37.0,41503.71,41.37,,0,0,0,57,0,Sectorwise analysis of projects (abstract),
monthly_flash,2006-12,2006-07,,Railways,140,39108.48,63263.29,24154.81,104,39,28,59.89,23982.51,38.84,,1,0,0,140,0,Sectorwise analysis of projects (abstract),
monthly_flash,2006-12,2006-07,,Roads & Highways,176,49829.97,50161.58,331.61,8,175,72,24.35,15701.73,33.64,,0,3,0,176,0,Sectorwise analysis of projects (abstract),
monthly_flash,2006-12,2006-07,,Shipping & Ports,6,4812.94,4812.94,0.0,0,6,4,16.5,617.83,12.84,,0,0,0,6,0,Sectorwise analysis of projects (abstract),
monthly_flash,2006-12,2006-07,,Steel,11,10842.05,10912.23,70.18,3,11,7,8.43,952.59,9.04,,0,0,0,11,0,Sectorwise analysis of projects (abstract),
monthly_flash,2006-12,2006-07,,Telecommunications,33,10315.89,9447.46,-868.43,1,29,28,16.54,3076.05,34.83,,0,0,0,33,0,Sectorwise analysis of projects (abstract),
monthly_flash,2006-12,2006-07,,Urban Development & Housing,1,8118.0,8118.0,0.0,0,1,0,,246.2,3.03,,0,0,0,1,0,Sectorwise analysis of projects (abstract),
monthly_flash,2006-12,2006-07,,Water Resources,1,542.9,1069.4,526.5,1,1,1,3.0,32.67,3.05,,0,0,0,1,0,Sectorwise analysis of projects (abstract),
monthly_flash,2007-01,2006-07,,Atomic Energy,5,24291.26,23360.26,-931.0,0,5,1,9.0,12842.36,54.98,,0,0,0,5,0,Sectorwise analysis of projects (abstract),
monthly_flash,2007-01,2006-07,,Civil Aviation,1,191.52,191.52,0.0,0,1,1,14.0,149.37,77.99,,0,0,0,1,0,Sectorwise analysis of projects (abstract),
monthly_flash,2007-01,2006-07,,Coal,21,15647.08,15629.81,-17.27,0,21,1,156.0,2992.27,22.43,,0,0,0,21,0,Sectorwise analysis of projects (abstract),
monthly_flash,2007-01,2006-07,,Health,1,71.18,422.6,351.42,1,1,1,72.0,289.96,68.61,,0,0,0,1,0,Sectorwise analysis of projects (abstract),
monthly_flash,2007-01,2006-07,,Mines & Metals,1,4091.51,4091.51,0.0,0,1,0,,178.56,4.36,,0,0,0,1,0,Sectorwise analysis of projects (abstract),
monthly_flash,2007-01,2006-07,,Petroleum & Natural Gas,28,38336.76,47715.32,9378.56,16,27,19,15.26,15911.64,33.35,,1,0,0,28,0,Sectorwise analysis of projects (abstract),
monthly_flash,2007-01,2006-07,,Power,56,92912.1,104581.31,11669.21,20,54,12,36.58,42847.83,41.97,,1,0,0,56,0,Sectorwise analysis of projects (abstract),
monthly_flash,2007-01,2006-07,,Railways,140,39108.48,63198.63,24090.15,104,39,28,55.21,24411.32,39.51,,0,0,0,140,0,Sectorwise analysis of projects (abstract),
monthly_flash,2007-01,2006-07,,Roads & Highways,176,49829.97,50316.58,486.61,9,175,70,25.09,16441.15,34.76,,0,0,0,176,0,Sectorwise analysis of projects (abstract),
monthly_flash,2007-01,2006-07,,Shipping & Ports,6,4812.94,4812.94,0.0,0,6,4,16.5,628.35,13.06,,0,0,0,6,0,Sectorwise analysis of projects (abstract),
monthly_flash,2007-01,2006-07,,Steel,11,10842.05,10912.23,70.18,3,11,7,8.43,1019.62,9.67,,0,0,0,11,0,Sectorwise analysis of projects (abstract),
monthly_flash,2007-01,2006-07,,Telecommunications,32,9936.03,9067.6,-868.43,1,26,25,18.56,3009.34,35.6,,1,0,0,32,0,Sectorwise analysis of projects (abstract),
monthly_flash,2007-01,2006-07,,Urban Development & Housing,1,8118.0,8676.0,558.0,1,1,0,,375.82,4.33,,0,0,0,1,0,Sectorwise analysis of projects (abstract),
monthly_flash,2007-01,2006-07,,Water Resources,1,542.9,1069.4,526.5,1,1,1,3.0,32.76,3.06,,0,0,0,1,0,Sectorwise analysis of projects (abstract),
monthly_flash,2007-02,2006-07,,Atomic Energy,5,24291.26,23360.26,-931.0,0,5,1,9.0,13015.06,55.71,,0,0,0,5,0,Sectorwise analysis of projects (abstract),
monthly_flash,2007-02,2006-07,,Civil Aviation,1,191.52,191.52,0.0,0,1,1,15.0,158.0,82.5,,0,0,0,1,0,Sectorwise analysis of projects (abstract),
monthly_flash,2007-02,2006-07,,Coal,21,15647.08,15629.81,-17.27,0,21,1,156.0,3134.45,23.5,,0,0,0,21,0,Sectorwise analysis of projects (abstract),
monthly_flash,2007-02,2006-07,,Health,1,71.18,422.6,351.42,1,1,1,99.0,290.93,68.84,,0,0,0,1,0,Sectorwise analysis of projects (abstract),
monthly_flash,2007-02,2006-07,,Mines & Metals,1,4091.51,4091.51,0.0,0,1,0,,469.89,11.48,,0,0,0,1,0,Sectorwise analysis of projects (abstract),
monthly_flash,2007-02,2006-07,,Petroleum & Natural Gas,32,49679.06,56696.41,7017.35,16,31,20,15.45,16757.77,31.29,,0,4,0,32,0,Sectorwise analysis of projects (abstract),
monthly_flash,2007-02,2006-07,,Power,59,103440.56,114944.41,11503.85,20,57,12,35.83,44018.32,40.06,,1,4,0,59,0,Sectorwise analysis of projects (abstract),
monthly_flash,2007-02,2006-07,,Railways,140,39108.48,63210.66,24102.18,104,39,29,53.83,24959.62,40.15,,0,0,0,140,0,Sectorwise analysis of projects (abstract),
monthly_flash,2007-02,2006-07,,Roads & Highways,178,50981.97,51987.74,1005.77,20,177,70,25.4,17224.97,35.2,,0,2,0,178,0,Sectorwise analysis of projects (abstract),
monthly_flash,2007-02,2006-07,,Shipping & Ports,6,4812.94,4812.94,0.0,0,6,4,16.5,646.82,13.44,,0,0,0,6,0,Sectorwise analysis of projects (abstract),
monthly_flash,2007-02,2006-07,,Steel,10,10671.64,10741.82,70.18,3,10,6,8.5,979.11,9.23,,1,0,0,10,0,Sectorwise analysis of projects (abstract),
monthly_flash,2007-02,2006-07,,Telecommunications,32,9936.03,9067.6,-868.43,1,26,25,18.56,3016.16,35.69,,0,0,0,32,0,Sectorwise analysis of projects (abstract),
monthly_flash,2007-02,2006-07,,Urban Development & Housing,1,8118.0,8676.0,558.0,1,1,0,,489.17,5.64,,0,0,0,1,0,Sectorwise analysis of projects (abstract),
monthly_flash,2007-02,2006-07,,Water Resources,1,542.9,1069.4,526.5,1,1,1,3.0,32.76,3.06,,0,0,0,1,0,Sectorwise analysis of projects (abstract),
monthly_flash,2007-03,2006-07,,Atomic Energy,5,24291.26,23360.26,-931.0,0,5,1,12.0,13115.34,56.14,,0,0,0,5,0,Sectorwise analysis of projects (abstract),
monthly_flash,2007-03,2006-07,,Civil Aviation,1,191.52,191.52,0.0,0,1,1,15.0,158.0,82.5,,0,0,0,1,0,Sectorwise analysis of projects (abstract),
monthly_flash,2007-03,2006-07,,Coal,21,15647.08,15629.81,-17.27,0,21,1,162.0,3363.25,25.21,,0,0,0,21,0,Sectorwise analysis of projects (abstract),
monthly_flash,2007-03,2006-07,,Health,1,71.18,422.6,351.42,1,1,1,99.0,294.95,69.79,,0,0,0,1,0,Sectorwise analysis of projects (abstract),
monthly_flash,2007-03,2006-07,,Mines & Metals,1,4091.51,4091.51,0.0,0,1,0,,469.89,11.48,,0,0,0,1,0,Sectorwise analysis of projects (abstract),
monthly_flash,2007-03,2006-07,,Petroleum & Natural Gas,31,49484.24,59837.51,10353.27,17,30,23,16.0,18322.03,33.72,,1,0,0,31,0,Sectorwise analysis of projects (abstract),
monthly_flash,2007-03,2006-07,,Power,57,100293.45,103288.31,2994.86,17,55,12,16.42,32719.63,32.46,,2,0,0,57,0,Sectorwise analysis of projects (abstract),
monthly_flash,2007-03,2006-07,,Railways,139,38944.55,64595.34,25650.79,104,33,25,47.12,25779.99,40.56,,1,0,0,139,0,Sectorwise analysis of projects (abstract),
monthly_flash,2007-03,2006-07,,Roads & Highways,183,51924.36,52930.13,1005.77,20,182,69,25.75,18337.69,36.56,,1,6,0,183,0,Sectorwise analysis of projects (abstract),
monthly_flash,2007-03,2006-07,,Shipping & Ports,6,4812.94,4812.94,0.0,0,6,4,16.5,678.15,14.09,,0,0,0,6,0,Sectorwise analysis of projects (abstract),
monthly_flash,2007-03,2006-07,,Steel,12,11384.03,11454.21,70.18,3,12,6,9.0,1161.87,10.95,,0,2,0,12,0,Sectorwise analysis of projects (abstract),
monthly_flash,2007-03,2006-07,,Telecommunications,31,9826.46,9008.03,-818.43,1,23,23,19.26,3217.93,37.25,,1,0,0,31,0,Sectorwise analysis of projects (abstract),
monthly_flash,2007-03,2006-07,,Urban Development & Housing,1,8118.0,8676.0,558.0,1,1,0,,779.46,8.98,,0,0,0,1,0,Sectorwise analysis of projects (abstract),
monthly_flash,2007-03,2006-07,,Water Resources,1,542.9,1069.4,526.5,1,1,1,3.0,32.76,3.06,,0,0,0,1,0,Sectorwise analysis of projects (abstract),
monthly_flash,2007-04,2007-08,,Atomic Energy,5,24291.26,23360.26,-931.0,0,5,1,12.0,13916.58,59.57,,0,0,0,5,0,Sectorwise analysis of projects (abstract),
monthly_flash,2007-04,2007-08,,Civil Aviation,3,728.02,728.02,0.0,0,3,1,15.0,181.61,24.95,,0,2,0,3,0,Sectorwise analysis of projects (abstract),
monthly_flash,2007-04,2007-08,,Coal,21,15647.08,15629.81,-17.27,0,21,1,162.0,3445.25,25.83,,0,0,0,21,0,Sectorwise analysis of projects (abstract),
monthly_flash,2007-04,2007-08,,Health,1,71.18,443.15,371.97,1,1,1,104.0,296.97,67.01,,0,0,0,1,0,Sectorwise analysis of projects (abstract),
monthly_flash,2007-04,2007-08,,Mines & Metals,1,4091.51,4091.51,0.0,0,1,0,,469.89,11.48,,0,0,0,1,0,Sectorwise analysis of projects (abstract),
monthly_flash,2007-04,2007-08,,Petroleum & Natural Gas,33,50465.79,59805.89,9340.1,16,32,22,16.91,19022.95,34.63,,0,2,0,33,0,Sectorwise analysis of projects (abstract),
monthly_flash,2007-04,2007-08,,Power,65,105711.64,108699.95,2988.31,18,63,14,16.71,31558.35,30.08,,2,10,0,65,0,Sectorwise analysis of projects (abstract),
monthly_flash,2007-04,2007-08,,Railways,139,38944.55,64821.33,25876.78,104,33,25,49.28,25995.39,40.69,,0,0,0,139,0,Sectorwise analysis of projects (abstract),
monthly_flash,2007-04,2007-08,,Roads & Highways,183,51924.36,52930.13,1005.77,20,182,73,25.67,19063.04,38.0,,0,0,0,183,0,Sectorwise analysis of projects (abstract),
monthly_flash,2007-04,2007-08,,Shipping & Ports,6,4812.94,4812.94,0.0,0,6,4,21.5,693.43,14.41,,0,0,0,6,0,Sectorwise analysis of projects (abstract),
monthly_flash,2007-04,2007-08,,Steel,12,11384.03,11454.21,70.18,3,12,6,9.5,1226.08,11.56,,0,0,0,12,0,Sectorwise analysis of projects (abstract),
monthly_flash,2007-04,2007-08,,Telecommunications,32,10568.23,9749.8,-818.43,1,24,23,20.04,3438.84,36.66,,0,1,0,32,0,Sectorwise analysis of projects (abstract),
monthly_flash,2007-04,2007-08,,Urban Development & Housing,1,8118.0,8676.0,558.0,1,1,0,,838.42,9.66,,0,0,0,1,0,Sectorwise analysis of projects (abstract),
monthly_flash,2007-04,2007-08,,Water Resources,1,542.9,1069.4,526.5,1,1,1,3.0,33.41,3.12,,0,0,0,1,0,Sectorwise analysis of projects (abstract),
monthly_flash,2007-05,2007-08,,Atomic Energy,5,24291.26,23360.26,-931.0,0,5,1,12.0,14031.64,60.07,,0,0,0,5,0,Sectorwise analysis of projects (abstract),
monthly_flash,2007-05,2007-08,,Civil Aviation,2,536.5,536.5,0.0,0,2,0,,26.58,4.95,,1,0,0,2,0,Sectorwise analysis of projects (abstract),
monthly_flash,2007-05,2007-08,,Coal,21,15647.08,15629.81,-17.27,0,21,1,162.0,3568.97,26.75,,0,0,0,21,0,Sectorwise analysis of projects (abstract),
monthly_flash,2007-05,2007-08,,Health,1,71.18,443.15,371.97,1,1,1,104.0,298.74,67.41,,0,0,0,1,0,Sectorwise analysis of projects (abstract),
monthly_flash,2007-05,2007-08,,Mines & Metals,1,4091.51,4091.51,0.0,0,1,0,,860.85,21.04,,0,0,0,1,0,Sectorwise analysis of projects (abstract),
monthly_flash,2007-05,2007-08,,Petroleum & Natural Gas,34,53057.59,62397.69,9340.1,16,33,23,16.96,20105.87,34.95,,0,1,0,34,0,Sectorwise analysis of projects (abstract),
monthly_flash,2007-05,2007-08,,Power,64,105547.62,108487.42,2939.8,17,62,16,16.12,32375.16,30.32,,1,0,0,64,0,Sectorwise analysis of projects (abstract),
monthly_flash,2007-05,2007-08,,Railways,136,38165.17,63997.83,25832.66,102,34,26,51.88,25746.83,40.83,,3,0,0,136,0,Sectorwise analysis of projects (abstract),
monthly_flash,2007-05,2007-08,,Roads & Highways,183,52377.74,53383.51,1005.77,20,182,73,24.49,19486.62,37.31,,3,3,0,183,0,Sectorwise analysis of projects (abstract),
monthly_flash,2007-05,2007-08,,Shipping & Ports,6,4812.94,4822.82,9.88,1,6,4,21.75,718.9,14.91,,0,0,0,6,0,Sectorwise analysis of projects (abstract),
monthly_flash,2007-05,2007-08,,Steel,13,11663.6,11733.78,70.18,3,13,5,8.6,1191.06,11.04,,1,2,0,13,0,Sectorwise analysis of projects (abstract),
monthly_flash,2007-05,2007-08,,Telecommunications,29,10165.91,9332.48,-833.43,0,22,21,22.19,3522.74,39.3,,3,0,0,29,0,Sectorwise analysis of projects (abstract),
monthly_flash,2007-05,2007-08,,Urban Development & Housing,1,8118.0,8676.0,558.0,1,1,1,2.0,951.49,10.97,,0,0,0,1,0,Sectorwise analysis of projects (abstract),
monthly_flash,2007-05,2007-08,,Water Resources,1,542.9,1069.4,526.5,1,1,1,3.0,33.41,3.12,,0,0,0,1,0,Sectorwise analysis of projects (abstract),
monthly_flash,2007-06,2007-08,,Atomic Energy,5,24291.26,23360.26,-931.0,0,5,2,10.0,14108.35,60.39,,0,0,0,5,0,Sectorwise analysis of projects (abstract),
monthly_flash,2007-06,2007-08,,Civil Aviation,2,536.5,536.5,0.0,0,2,0,,29.46,5.49,,0,0,0,2,0,Sectorwise analysis of projects (abstract),
monthly_flash,2007-06,2007-08,,Coal,21,15647.08,15629.81,-17.27,0,21,2,83.0,3688.49,27.65,,0,0,0,21,0,Sectorwise analysis of projects (abstract),
monthly_flash,2007-06,2007-08,,Health,1,71.18,443.15,371.97,1,1,1,104.0,300.38,67.78,,0,0,0,1,0,Sectorwise analysis of projects (abstract),
monthly_flash,2007-06,2007-08,,Mines & Metals,1,4091.51,4091.51,0.0,0,1,0,,860.85,21.04,,0,0,0,1,0,Sectorwise analysis of projects (abstract),
monthly_flash,2007-06,2007-08,,Petroleum & Natural Gas,34,53057.59,62407.76,9350.17,16,32,24,17.12,20909.57,33.69,,0,0,0,34,0,Sectorwise analysis of projects (abstract),
monthly_flash,2007-06,2007-08,,Power,64,105547.62,108488.02,2940.4,18,61,16,16.19,33486.89,31.37,,0,0,0,64,0,Sectorwise analysis of projects (abstract),
monthly_flash,2007-06,2007-08,,Railways,134,37550.02,62486.03,24936.01,100,35,29,51.62,25828.9,41.97,,1,0,1,134,0,Sectorwise analysis of projects (abstract),
monthly_flash,2007-06,2007-08,,Roads & Highways,180,51285.77,52291.54,1005.77,20,179,69,24.41,19268.32,37.68,,3,0,0,180,0,Sectorwise analysis of projects (abstract),
monthly_flash,2007-06,2007-08,,Shipping & Ports,6,4812.94,4921.34,108.4,2,6,5,21.4,750.87,15.26,,0,0,0,6,0,Sectorwise analysis of projects (abstract),
monthly_flash,2007-06,2007-08,,Steel,13,11663.6,11733.78,70.18,3,13,5,9.4,1268.64,11.76,,0,0,0,13,0,Sectorwise analysis of projects (abstract),
monthly_flash,2007-06,2007-08,,Telecommunications,29,10165.91,9332.48,-833.43,0,22,21,22.19,3522.74,39.3,,0,0,0,29,0,Sectorwise analysis of projects (abstract),
monthly_flash,2007-06,2007-08,,Urban Development & Housing,1,8118.0,8676.0,558.0,1,1,1,2.0,1065.81,12.28,,0,0,0,1,0,Sectorwise analysis of projects (abstract),
monthly_flash,2007-06,2007-08,,Water Resources,1,542.9,1069.4,526.5,1,1,1,3.0,33.41,3.12,,0,0,0,1,0,Sectorwise analysis of projects (abstract),
monthly_flash,2007-07,2007-08,,Atomic Energy,5,24291.26,23360.26,-931.0,0,5,2,11.0,14225.14,60.89,,0,0,0,5,0,Sectorwise analysis of projects (abstract),
monthly_flash,2007-07,2007-08,,Civil Aviation,2,536.5,536.5,0.0,0,2,0,,33.43,6.23,,0,0,0,2,0,Sectorwise analysis of projects (abstract),
monthly_flash,2007-07,2007-08,,Coal,21,15647.08,15629.81,-17.27,0,21,2,83.0,3813.15,28.58,,0,0,0,21,0,Sectorwise analysis of projects (abstract),
monthly_flash,2007-07,2007-08,,Health,1,71.18,443.15,371.97,1,1,1,104.0,311.89,70.38,,0,0,0,1,0,Sectorwise analysis of projects (abstract),
monthly_flash,2007-07,2007-08,,Mines & Metals,1,4091.51,4091.51,0.0,0,1,0,,860.85,21.04,,0,0,0,1,0,Sectorwise analysis of projects (abstract),
monthly_flash,2007-07,2007-08,,Petroleum & Natural Gas,32,47466.45,55386.85,7920.4,15,31,23,17.7,14909.58,27.09,,2,0,0,32,0,Sectorwise analysis of projects (abstract),
monthly_flash,2007-07,2007-08,,Power,64,105547.62,108488.02,2940.4,18,61,20,14.65,34518.46,32.04,,0,0,0,64,0,Sectorwise analysis of projects (abstract),
monthly_flash,2007-07,2007-08,,Railways,134,37550.02,65599.77,28049.75,100,35,29,44.72,26464.88,40.68,,0,0,0,134,0,Sectorwise analysis of projects (abstract),
monthly_flash,2007-07,2007-08,,Roads & Highways,183,52598.89,53584.55,985.66,19,180,104,18.73,19159.77,36.62,,3,6,0,183,0,Sectorwise analysis of projects (abstract),
monthly_flash,2007-07,2007-08,,Shipping & Ports,6,4812.94,4921.34,108.4,2,6,5,21.4,750.88,15.26,,0,0,0,6,0,Sectorwise analysis of projects (abstract),
monthly_flash,2007-07,2007-08,,Steel,16,12333.82,12404.0,70.18,3,16,6,9.67,1494.31,13.68,,0,3,0,16,0,Sectorwise analysis of projects (abstract),
monthly_flash,2007-07,2007-08,,Telecommunications,29,10165.91,9332.48,-833.43,0,20,19,22.37,3522.74,39.3,,0,0,0,29,0,Sectorwise analysis of projects (abstract),
monthly_flash,2007-07,2007-08,,Urban Development & Housing,1,8118.0,8676.0,558.0,1,1,1,2.0,1282.17,14.78,,0,0,0,1,0,Sectorwise analysis of projects (abstract),
monthly_flash,2007-07,2007-08,,Water Resources,1,542.9,1069.4,526.5,1,1,1,3.0,33.69,3.15,,0,0,0,1,0,Sectorwise analysis of projects (abstract),
monthly_flash,2007-08,2007-08,,Atomic Energy,5,24291.26,23360.26,-931.0,0,5,2,11.0,14400.72,61.65,,0,0,0,5,0,Sectorwise analysis of projects (abstract),
monthly_flash,2007-08,2007-08,,Civil Aviation,2,536.5,536.5,0.0,0,2,0,,37.42,6.97,,0,0,0,2,0,Sectorwise analysis of projects (abstract),
monthly_flash,2007-08,2007-08,,Coal,21,15647.08,15629.81,-17.27,0,21,2,83.0,3962.89,29.71,,0,0,0,21,0,Sectorwise analysis of projects (abstract),
monthly_flash,2007-08,2007-08,,Health,1,71.18,443.15,371.97,1,1,1,104.0,311.89,70.38,,0,0,0,1,0,Sectorwise analysis of projects (abstract),
monthly_flash,2007-08,2007-08,,Mines & Metals,1,4091.51,4091.51,0.0,0,1,0,,860.85,21.04,,0,0,0,1,0,Sectorwise analysis of projects (abstract),
monthly_flash,2007-08,2007-08,,Petroleum & Natural Gas,32,47466.45,53896.44,6429.99,15,31,23,17.7,15198.25,28.38,,0,0,0,32,0,Sectorwise analysis of projects (abstract),
monthly_flash,2007-08,2007-08,,Power,65,107786.29,110726.69,2940.4,18,62,21,14.57,35632.13,33.07,,0,1,0,65,0,Sectorwise analysis of projects (abstract),
monthly_flash,2007-08,2007-08,,Railways,133,37307.52,64568.29,27260.77,99,34,29,42.0,25903.22,40.46,,1,0,0,133,0,Sectorwise analysis of projects (abstract),
monthly_flash,2007-08,2007-08,,Roads & Highways,183,52598.89,53584.55,985.66,19,180,105,18.47,20600.73,39.29,,0,0,0,183,0,Sectorwise analysis of projects (abstract),
monthly_flash,2007-08,2007-08,,Shipping & Ports,6,4812.94,4921.34,108.4,2,6,5,21.4,750.88,15.26,,0,0,0,6,0,Sectorwise analysis of projects (abstract),
monthly_flash,2007-08,2007-08,,Steel,15,12062.41,12132.59,70.18,3,15,5,8.8,1352.55,12.7,,1,0,0,15,0,Sectorwise analysis of projects (abstract),
monthly_flash,2007-08,2007-08,,Telecommunications,29,10165.91,9332.48,-833.43,0,17,16,23.62,3522.74,39.3,,0,0,0,29,0,Sectorwise analysis of projects (abstract),
monthly_flash,2007-08,2007-08,,Urban Development & Housing,1,8118.0,8676.0,558.0,1,1,1,2.0,1300.59,14.99,,0,0,0,1,0,Sectorwise analysis of projects (abstract),
monthly_flash,2007-08,2007-08,,Water Resources,1,542.9,1069.4,526.5,1,1,1,3.0,33.81,3.16,,0,0,0,1,0,Sectorwise analysis of projects (abstract),
monthly_flash,2007-09,2007-08,,Coal,0,,,,0,0,0,,,,,0,2,0,23,-23,Sectorwise analysis of projects (abstract),report_partial;report_truncated
monthly_flash,2007-09,2007-08,,Petroleum & Natural Gas,0,,,,0,0,0,,,,,0,1,0,33,-33,Sectorwise analysis of projects (abstract),report_partial;report_truncated
monthly_flash,2007-09,2007-08,,Railways,0,,,,0,0,0,,,,,1,0,0,132,-132,Sectorwise analysis of projects (abstract),report_partial;report_truncated
monthly_flash,2007-09,2007-08,,Roads & Highways,0,,,,0,0,0,,,,,0,7,0,190,-190,Sectorwise analysis of projects (abstract),report_partial;report_truncated
monthly_flash,2007-09,2007-08,,Steel,0,,,,0,0,0,,,,,1,0,0,14,-14,Sectorwise analysis of projects (abstract),report_partial;report_truncated
monthly_flash,2007-10,2007-08,,Atomic Energy,5,24291.26,23360.26,-931.0,0,5,2,15.5,14810.32,63.4,,0,0,0,5,0,Sectorwise analysis of projects (abstract),
monthly_flash,2007-10,2007-08,,Civil Aviation,2,536.5,536.5,0.0,0,2,0,,47.4,8.84,,0,0,0,2,0,Sectorwise analysis of projects (abstract),
monthly_flash,2007-10,2007-08,,Coal,24,16775.65,17558.26,782.61,4,24,2,83.0,4324.65,29.07,,0,1,0,24,0,Sectorwise analysis of projects (abstract),
monthly_flash,2007-10,2007-08,,Health,1,71.18,443.15,371.97,1,1,1,104.0,333.22,75.19,,0,0,0,1,0,Sectorwise analysis of projects (abstract),
monthly_flash,2007-10,2007-08,,Mines & Metals,1,4091.51,4091.51,0.0,0,1,0,,1150.37,28.12,,0,0,0,1,0,Sectorwise analysis of projects (abstract),
monthly_flash,2007-10,2007-08,,Petroleum & Natural Gas,37,56093.28,62523.27,6429.99,15,36,23,18.09,16611.06,30.88,,0,4,0,37,0,Sectorwise analysis of projects (abstract),
monthly_flash,2007-10,2007-08,,Power,63,105747.43,107466.6,1719.17,16,60,26,14.27,34902.56,33.41,,2,0,0,63,0,Sectorwise analysis of projects (abstract),
monthly_flash,2007-10,2007-08,,Railways,131,36802.05,63951.45,27149.4,97,35,28,46.64,26236.23,41.38,,1,0,0,131,0,Sectorwise analysis of projects (abstract),
monthly_flash,2007-10,2007-08,,Roads & Highways,200,59889.57,60875.23,985.66,19,198,107,19.25,23673.06,41.55,,0,10,0,200,0,Sectorwise analysis of projects (abstract),
monthly_flash,2007-10,2007-08,,Shipping & Ports,7,4998.09,5106.49,108.4,2,6,5,21.4,761.39,15.47,,0,1,0,7,0,Sectorwise analysis of projects (abstract),
monthly_flash,2007-10,2007-08,,Steel,14,11863.57,11933.75,70.18,3,14,7,6.57,1327.41,11.36,,0,0,0,14,0,Sectorwise analysis of projects (abstract),
monthly_flash,2007-10,2007-08,,Telecommunications,27,9844.15,9010.72,-833.43,0,17,16,24.38,3539.48,40.4,,2,0,0,27,0,Sectorwise analysis of projects (abstract),
monthly_flash,2007-10,2007-08,,Urban Development & Housing,1,8118.0,8676.0,558.0,1,1,1,3.0,1767.11,20.37,,0,0,0,1,0,Sectorwise analysis of projects (abstract),
monthly_flash,2007-10,2007-08,,Water Resources,1,542.9,1069.4,526.5,1,1,1,3.0,34.06,3.18,,0,0,0,1,0,Sectorwise analysis of projects (abstract),
monthly_flash,2007-11,2007-08,,Atomic Energy,5,24291.26,23360.26,-931.0,0,5,2,15.5,14838.09,63.52,,0,0,0,5,0,Sectorwise analysis of projects (abstract),
monthly_flash,2007-11,2007-08,,Civil Aviation,2,536.5,536.5,0.0,0,2,0,,52.54,9.79,,0,0,0,2,0,Sectorwise analysis of projects (abstract),
monthly_flash,2007-11,2007-08,,Coal,23,16599.1,17381.7,782.6,4,23,2,86.0,4427.34,30.11,,1,0,0,23,0,Sectorwise analysis of projects (abstract),
monthly_flash,2007-11,2007-08,,Health,1,71.18,443.15,371.97,1,1,1,104.0,337.29,76.11,,0,0,0,1,0,Sectorwise analysis of projects (abstract),
monthly_flash,2007-11,2007-08,,Mines & Metals,1,4091.51,4091.51,0.0,0,1,0,,1150.37,28.12,,0,0,0,1,0,Sectorwise analysis of projects (abstract),
monthly_flash,2007-11,2007-08,,Petroleum & Natural Gas,35,53846.62,60202.51,6355.89,15,35,22,19.95,16874.87,31.39,,2,0,0,35,0,Sectorwise analysis of projects (abstract),
monthly_flash,2007-11,2007-08,,Power,63,105747.43,108033.67,2286.24,19,59,25,14.56,36379.75,33.85,,0,0,0,63,0,Sectorwise analysis of projects (abstract),
monthly_flash,2007-11,2007-08,,Railways,138,38125.85,67377.88,29252.03,105,40,30,47.93,26384.94,39.53,,2,9,0,138,0,Sectorwise analysis of projects (abstract),
monthly_flash,2007-11,2007-08,,Roads & Highways,200,59889.57,60875.23,985.66,19,198,107,19.54,24727.99,42.58,,0,0,0,200,0,Sectorwise analysis of projects (abstract),
monthly_flash,2007-11,2007-08,,Shipping & Ports,7,4998.09,5106.49,108.4,2,5,4,14.25,863.51,17.55,,0,0,0,7,0,Sectorwise analysis of projects (abstract),
monthly_flash,2007-11,2007-08,,Steel,16,13258.19,13328.37,70.18,3,16,6,7.83,1295.65,11.18,,1,3,0,16,0,Sectorwise analysis of projects (abstract),
monthly_flash,2007-11,2007-08,,Telecommunications,26,9610.94,8777.51,-833.43,0,3,3,22.33,3467.18,40.65,,1,0,0,26,0,Sectorwise analysis of projects (abstract),
monthly_flash,2007-11,2007-08,,Urban Development & Housing,1,8118.0,8676.0,558.0,1,1,1,3.0,1913.32,22.05,,0,0,0,1,0,Sectorwise analysis of projects (abstract),
monthly_flash,2007-11,2007-08,,Water Resources,1,542.9,1069.4,526.5,1,1,1,3.0,34.06,3.18,,0,0,0,1,0,Sectorwise analysis of projects (abstract),
monthly_flash,2007-12,2007-08,,Atomic Energy,5,24291.26,23360.26,-931.0,0,5,2,15.5,14838.09,63.52,,0,0,0,5,0,Sectorwise analysis of projects (abstract),
monthly_flash,2007-12,2007-08,,Civil Aviation,2,536.5,536.5,0.0,0,2,0,,57.08,10.64,,0,0,0,2,0,Sectorwise analysis of projects (abstract),
monthly_flash,2007-12,2007-08,,Coal,23,16599.1,17381.7,782.6,4,23,2,38.0,4602.94,31.31,,0,0,0,23,0,Sectorwise analysis of projects (abstract),
monthly_flash,2007-12,2007-08,,Health,1,71.18,443.15,371.97,1,1,1,72.0,337.29,76.11,,0,0,0,1,0,Sectorwise analysis of projects (abstract),
monthly_flash,2007-12,2007-08,,Mines & Metals,1,4091.51,4091.51,0.0,0,1,0,,1309.15,32.0,,0,0,0,1,0,Sectorwise analysis of projects (abstract),
monthly_flash,2007-12,2007-08,,Petroleum & Natural Gas,35,53846.62,60202.51,6355.89,15,35,22,19.55,16884.42,31.41,,0,0,0,35,0,Sectorwise analysis of projects (abstract),
monthly_flash,2007-12,2007-08,,Power,62,110136.02,112376.77,2240.75,19,58,25,14.76,37023.33,33.11,,2,1,0,62,0,Sectorwise analysis of projects (abstract),
monthly_flash,2007-12,2007-08,,Railways,133,37560.11,67095.42,29535.31,102,40,30,48.23,26228.94,40.05,,5,0,0,133,0,Sectorwise analysis of projects (abstract),
monthly_flash,2007-12,2007-08,,Roads & Highways,200,59889.57,60875.23,985.66,19,197,106,19.25,26000.45,44.77,,0,0,0,200,0,Sectorwise analysis of projects (abstract),
monthly_flash,2007-12,2007-08,,Shipping & Ports,7,4998.09,5106.49,108.4,2,5,4,16.0,863.04,17.54,,0,0,0,7,0,Sectorwise analysis of projects (abstract),
monthly_flash,2007-12,2007-08,,Steel,16,13258.19,13328.37,70.18,3,16,6,7.83,1325.93,11.44,,0,0,0,16,0,Sectorwise analysis of projects (abstract),
monthly_flash,2007-12,2007-08,,Telecommunications,26,9092.4,8506.66,-585.74,0,18,18,23.17,3258.75,38.31,,3,3,0,26,0,Sectorwise analysis of projects (abstract),
monthly_flash,2007-12,2007-08,,Urban Development & Housing,1,8118.0,8676.0,558.0,1,1,1,3.0,1913.32,22.05,,0,0,0,1,0,Sectorwise analysis of projects (abstract),
monthly_flash,2007-12,2007-08,,Water Resources,1,542.9,1069.4,526.5,1,1,1,3.0,34.18,3.2,,0,0,0,1,0,Sectorwise analysis of projects (abstract),
monthly_flash,2008-01,2007-08,,Atomic Energy,5,24291.26,23360.26,-931.0,0,5,2,15.5,15304.15,65.51,,0,0,0,5,0,Sectorwise analysis of projects (abstract),
monthly_flash,2008-01,2007-08,,Civil Aviation,2,536.5,536.5,0.0,0,2,0,,60.02,11.19,,0,0,0,2,0,Sectorwise analysis of projects (abstract),
monthly_flash,2008-01,2007-08,,Coal,23,16560.23,17342.83,782.6,4,23,2,38.0,4817.98,31.46,,0,2,2,23,0,Sectorwise analysis of projects (abstract),
monthly_flash,2008-01,2007-08,,Health,1,71.18,443.15,371.97,1,1,1,72.0,337.29,76.11,,0,0,0,1,0,Sectorwise analysis of projects (abstract),
monthly_flash,2008-01,2007-08,,Mines & Metals,1,4091.51,4091.51,0.0,0,1,0,,1309.15,32.0,,0,0,0,1,0,Sectorwise analysis of projects (abstract),
monthly_flash,2008-01,2007-08,,Petroleum & Natural Gas,35,53846.62,60202.51,6355.89,15,35,22,19.09,17381.49,32.33,,0,0,0,35,0,Sectorwise analysis of projects (abstract),
monthly_flash,2008-01,2007-08,,Power,62,110136.02,112368.46,2232.44,19,57,26,14.62,38125.38,34.1,,0,0,0,62,0,Sectorwise analysis of projects (abstract),
monthly_flash,2008-01,2007-08,,Railways,133,37560.11,67264.55,29704.44,103,36,27,51.63,26579.61,40.48,,0,0,0,133,0,Sectorwise analysis of projects (abstract),
monthly_flash,2008-01,2007-08,,Roads & Highways,199,59334.57,60165.23,830.66,18,196,110,20.05,26639.1,45.9,,1,0,0,199,0,Sectorwise analysis of projects (abstract),
monthly_flash,2008-01,2007-08,,Shipping & Ports,7,4998.09,5106.49,108.4,2,6,5,23.2,878.43,17.85,,0,0,0,7,0,Sectorwise analysis of projects (abstract),
monthly_flash,2008-01,2007-08,,Steel,16,13258.19,13328.37,70.18,3,15,6,7.17,1367.77,11.56,,0,0,0,16,0,Sectorwise analysis of projects (abstract),
monthly_flash,2008-01,2007-08,,Telecommunications,26,9092.4,8506.66,-585.74,0,16,16,24.06,3258.75,38.31,,0,0,0,26,0,Sectorwise analysis of projects (abstract),
monthly_flash,2008-01,2007-08,,Urban Development & Housing,2,14513.0,15071.0,558.0,1,2,1,3.0,2726.45,31.43,,0,1,0,2,0,Sectorwise analysis of projects (abstract),
monthly_flash,2008-01,2007-08,,Water Resources,1,542.9,1069.4,526.5,1,1,1,60.0,34.18,3.2,,0,0,0,1,0,Sectorwise analysis of projects (abstract),
monthly_flash,2008-02,2007-08,,Atomic Energy,5,24291.26,23360.26,-931.0,0,5,3,15.33,15373.07,65.81,,0,0,0,5,0,Sectorwise analysis of projects (abstract),
monthly_flash,2008-02,2007-08,,Civil Aviation,2,536.5,536.5,0.0,0,2,0,,60.02,11.19,,0,0,0,2,0,Sectorwise analysis of projects (abstract),
monthly_flash,2008-02,2007-08,,Coal,23,16560.23,17342.83,782.6,4,23,2,38.0,4968.65,32.45,,0,0,0,23,0,Sectorwise analysis of projects (abstract),
monthly_flash,2008-02,2007-08,,Health,1,71.18,443.15,371.97,1,1,1,72.0,337.29,76.11,,0,0,0,1,0,Sectorwise analysis of projects (abstract),
monthly_flash,2008-02,2007-08,,Mines & Metals,1,4091.51,4091.51,0.0,0,1,0,,1309.15,32.0,,0,0,0,1,0,Sectorwise analysis of projects (abstract),
monthly_flash,2008-02,2007-08,,Petroleum & Natural Gas,37,55325.62,61681.51,6355.89,15,36,22,19.82,18565.26,33.61,,0,2,0,37,0,Sectorwise analysis of projects (abstract),
monthly_flash,2008-02,2007-08,,Power,62,110136.02,112368.46,2232.44,19,56,26,14.62,38609.29,34.53,,0,0,0,62,0,Sectorwise analysis of projects (abstract),
monthly_flash,2008-02,2007-08,,Railways,133,37560.11,67555.97,29995.86,103,35,27,51.89,27231.26,41.29,,0,0,0,133,0,Sectorwise analysis of projects (abstract),
monthly_flash,2008-02,2007-08,,Roads & Highways,199,59334.57,60165.23,830.66,18,195,129,20.24,27883.13,48.05,,0,0,0,199,0,Sectorwise analysis of projects (abstract),
monthly_flash,2008-02,2007-08,,Shipping & Ports,6,4812.94,4921.34,108.4,2,6,4,27.25,925.86,18.81,,0,0,0,6,0,Sectorwise analysis of projects (abstract),
monthly_flash,2008-02,2007-08,,Steel,17,13455.85,13526.03,70.18,3,16,6,7.17,1396.61,11.81,,0,1,0,17,0,Sectorwise analysis of projects (abstract),
monthly_flash,2008-02,2007-08,,Telecommunications,26,9092.4,8506.66,-585.74,0,14,14,25.07,3258.75,38.31,,0,0,0,26,0,Sectorwise analysis of projects (abstract),
monthly_flash,2008-02,2007-08,,Urban Development & Housing,2,14513.0,15071.0,558.0,1,2,1,3.0,2726.45,31.43,,0,0,0,2,0,Sectorwise analysis of projects (abstract),
monthly_flash,2008-02,2007-08,,Water Resources,1,542.9,1069.4,526.5,1,1,1,3.0,34.18,3.2,,0,0,0,1,0,Sectorwise analysis of projects (abstract),
monthly_flash,2008-03,2007-08,,Atomic Energy,5,24291.26,23360.26,-931.0,0,5,3,17.0,15511.31,66.4,,0,0,0,5,0,Sectorwise analysis of projects (abstract),
monthly_flash,2008-03,2007-08,,Civil Aviation,2,536.5,536.5,0.0,0,2,0,,97.02,18.08,,0,0,0,2,0,Sectorwise analysis of projects (abstract),
monthly_flash,2008-03,2007-08,,Coal,23,16560.23,17342.83,782.6,4,23,2,38.0,5369.33,35.06,,0,0,0,23,0,Sectorwise analysis of projects (abstract),
monthly_flash,2008-03,2007-08,,Health,1,71.18,443.15,371.97,1,1,1,72.0,337.29,76.11,,0,0,0,1,0,Sectorwise analysis of projects (abstract),
monthly_flash,2008-03,2007-08,,Mines & Metals,1,4091.51,4091.51,0.0,0,1,0,,1309.15,32.0,,0,0,0,1,0,Sectorwise analysis of projects (abstract),
monthly_flash,2008-03,2007-08,,Petroleum & Natural Gas,34,52075.33,57196.18,5120.85,14,33,21,20.29,16082.91,31.69,,3,0,0,34,0,Sectorwise analysis of projects (abstract),
monthly_flash,2008-03,2007-08,,Power,57,105149.53,107922.66,2773.13,23,55,28,15.43,36687.01,34.06,,5,0,0,57,0,Sectorwise analysis of projects (abstract),
monthly_flash,2008-03,2007-08,,Railways,138,37863.16,68799.87,30936.71,109,38,31,51.97,29025.36,43.19,,0,5,0,138,0,Sectorwise analysis of projects (abstract),
monthly_flash,2008-03,2007-08,,Roads & Highways,198,59215.47,59923.04,707.57,17,194,129,20.13,29387.38,50.24,,3,2,0,198,0,Sectorwise analysis of projects (abstract),
monthly_flash,2008-03,2007-08,,Shipping & Ports,6,4812.94,4921.34,108.4,2,6,4,27.25,1010.86,20.54,,0,0,0,6,0,Sectorwise analysis of projects (abstract),
monthly_flash,2008-03,2007-08,,Steel,21,14348.51,14421.69,73.18,4,20,7,8.71,1463.16,12.37,,0,4,0,21,0,Sectorwise analysis of projects (abstract),
monthly_flash,2008-03,2007-08,,Telecommunications,26,9092.4,8852.5,-239.9,2,18,18,26.78,3397.56,38.38,,0,0,0,26,0,Sectorwise analysis of projects (abstract),
monthly_flash,2008-03,2007-08,,Urban Development & Housing,2,14513.0,15071.0,558.0,1,2,1,3.0,3559.3,41.02,,0,0,0,2,0,Sectorwise analysis of projects (abstract),
monthly_flash,2008-03,2007-08,,Water Resources,1,542.9,1187.0,644.1,1,1,1,60.0,34.37,2.9,,0,0,0,1,0,Sectorwise analysis of projects (abstract),
monthly_flash,2008-04,2008-09,,Atomic Energy,5,24291.26,23360.26,-931.0,0,5,3,17.0,15913.32,68.12,,0,0,0,5,0,Sectorwise analysis of projects (abstract),
monthly_flash,2008-04,2008-09,,Civil Aviation,2,536.5,536.5,0.0,0,2,0,,101.92,19.0,,0,0,0,2,0,Sectorwise analysis of projects (abstract),
monthly_flash,2008-04,2008-09,,Coal,23,16560.23,17342.83,782.6,4,23,2,38.0,5534.7,36.14,,0,0,0,23,0,Sectorwise analysis of projects (abstract),
monthly_flash,2008-04,2008-09,,Health,1,71.18,443.15,371.97,1,1,1,72.0,337.29,76.11,,0,0,0,1,0,Sectorwise analysis of projects (abstract),
monthly_flash,2008-04,2008-09,,Mines & Metals,1,4091.51,4091.51,0.0,0,1,0,,1309.15,32.0,,0,0,0,1,0,Sectorwise analysis of projects (abstract),
monthly_flash,2008-04,2008-09,,Petroleum & Natural Gas,33,51830.0,57447.24,5617.24,15,33,21,20.9,16998.0,33.33,,1,0,0,33,0,Sectorwise analysis of projects (abstract),
monthly_flash,2008-04,2008-09,,Power,63,106150.41,108120.22,1969.81,21,61,27,16.44,37393.88,35.02,,2,8,0,63,0,Sectorwise analysis of projects (abstract),
monthly_flash,2008-04,2008-09,,Railways,138,37863.16,70237.3,32374.14,109,44,37,45.89,29415.4,42.85,,0,0,0,138,0,Sectorwise analysis of projects (abstract),
monthly_flash,2008-04,2008-09,,Roads & Highways,196,58774.47,59482.04,707.57,17,191,128,20.1,30025.31,51.12,,2,0,0,196,0,Sectorwise analysis of projects (abstract),
monthly_flash,2008-04,2008-09,,Shipping & Ports,7,5454.08,5552.6,98.52,1,6,3,19.0,920.8,19.26,,1,2,0,7,0,Sectorwise analysis of projects (abstract),
monthly_flash,2008-04,2008-09,,Steel,21,14348.51,18644.8,4296.29,7,20,7,8.86,2712.77,15.59,,0,0,0,21,0,Sectorwise analysis of projects (abstract),
monthly_flash,2008-04,2008-09,,Telecommunications,26,9092.4,8714.22,-378.18,1,18,18,28.17,3621.29,41.56,,0,0,0,26,0,Sectorwise analysis of projects (abstract),
monthly_flash,2008-04,2008-09,,Urban Development & Housing,2,14513.0,15071.0,558.0,1,2,1,3.0,3769.23,43.44,,0,0,0,2,0,Sectorwise analysis of projects (abstract),
monthly_flash,2008-04,2008-09,,Water Resources,1,542.9,1187.0,644.1,1,1,1,60.0,34.37,2.9,,0,0,0,1,0,Sectorwise analysis of projects (abstract),
monthly_flash,2008-05,2008-09,,Atomic Energy,5,24291.26,23360.26,-931.0,0,5,3,17.67,16007.66,68.53,,0,0,0,5,0,Sectorwise analysis of projects (abstract),
monthly_flash,2008-05,2008-09,,Civil Aviation,2,536.5,536.5,0.0,0,2,0,,113.91,21.23,,0,0,0,2,0,Sectorwise analysis of projects (abstract),
monthly_flash,2008-05,2008-09,,Coal,23,16560.23,17342.83,782.6,4,23,2,38.0,5686.49,37.14,,0,0,0,23,0,Sectorwise analysis of projects (abstract),
monthly_flash,2008-05,2008-09,,Health,1,71.18,443.15,371.97,1,1,1,72.0,337.29,76.11,,0,0,0,1,0,Sectorwise analysis of projects (abstract),
monthly_flash,2008-05,2008-09,,Mines & Metals,1,4091.51,4091.51,0.0,0,1,0,,1309.15,32.0,,0,0,0,1,0,Sectorwise analysis of projects (abstract),
monthly_flash,2008-05,2008-09,,Petroleum & Natural Gas,35,52634.0,57607.33,4973.33,14,32,17,21.0,16774.04,32.44,,1,3,0,35,0,Sectorwise analysis of projects (abstract),
monthly_flash,2008-05,2008-09,,Power,61,105669.86,107502.16,1832.3,19,59,25,16.44,37596.24,35.28,,2,0,0,61,0,Sectorwise analysis of projects (abstract),
monthly_flash,2008-05,2008-09,,Railways,138,37863.16,70092.41,32229.25,108,44,37,45.22,29197.89,42.63,,0,0,0,138,0,Sectorwise analysis of projects (abstract),
monthly_flash,2008-05,2008-09,,Roads & Highways,191,57107.78,57791.83,684.05,16,186,123,19.17,29410.41,51.56,,5,0,0,191,0,Sectorwise analysis of projects (abstract),
monthly_flash,2008-05,2008-09,,Shipping & Ports,7,5454.08,5552.6,98.52,1,6,3,19.0,1180.07,21.25,,0,0,0,7,0,Sectorwise analysis of projects (abstract),
monthly_flash,2008-05,2008-09,,Steel,20,14150.85,18455.16,4304.31,8,20,8,10.88,2776.19,15.96,,0,0,1,20,0,Sectorwise analysis of projects (abstract),
monthly_flash,2008-05,2008-09,,Telecommunications,25,8957.55,8115.76,-841.79,1,19,19,29.0,3594.06,44.28,,1,0,0,25,0,Sectorwise analysis of projects (abstract),
monthly_flash,2008-05,2008-09,,Urban Development & Housing,2,14513.0,15071.0,558.0,1,2,1,3.0,3976.84,45.84,,0,0,0,2,0,Sectorwise analysis of projects (abstract),
monthly_flash,2008-05,2008-09,,Water Resources,1,542.9,1187.0,644.1,1,1,1,60.0,34.37,2.9,,0,0,0,1,0,Sectorwise analysis of projects (abstract),
monthly_flash,2008-06,2008-09,,Atomic Energy,5,24291.26,23360.26,-931.0,0,5,3,17.67,16116.09,68.99,,0,0,0,5,0,Sectorwise analysis of projects (abstract),
monthly_flash,2008-06,2008-09,,Civil Aviation,2,536.5,536.5,0.0,0,2,0,,121.46,22.64,,0,0,0,2,0,Sectorwise analysis of projects (abstract),
monthly_flash,2008-06,2008-09,,Coal,26,17575.9,18358.5,782.6,4,26,2,38.0,5988.16,34.49,,0,3,0,26,0,Sectorwise analysis of projects (abstract),
monthly_flash,2008-06,2008-09,,Health,1,71.18,443.15,371.97,1,1,1,72.0,366.78,82.77,,0,0,0,1,0,Sectorwise analysis of projects (abstract),
monthly_flash,2008-06,2008-09,,Mines & Metals,1,4091.51,4091.51,0.0,0,1,0,,1309.15,32.0,,0,0,0,1,0,Sectorwise analysis of projects (abstract),
monthly_flash,2008-06,2008-09,,Petroleum & Natural Gas,36,53886.75,58848.04,4961.29,14,35,19,23.89,17631.99,34.11,,0,1,0,36,0,Sectorwise analysis of projects (abstract),
monthly_flash,2008-06,2008-09,,Power,61,105669.86,107887.03,2217.17,19,59,25,18.16,38732.33,36.21,,0,0,0,61,0,Sectorwise analysis of projects (abstract),
monthly_flash,2008-06,2008-09,,Railways,138,37863.16,72105.44,34242.28,111,42,35,47.0,31271.86,44.04,,0,0,0,138,0,Sectorwise analysis of projects (abstract),
monthly_flash,2008-06,2008-09,,Roads & Highways,191,57107.78,57791.83,684.05,16,183,120,18.98,30753.76,53.91,,0,0,0,191,0,Sectorwise analysis of projects (abstract),
monthly_flash,2008-06,2008-09,,Shipping & Ports,7,5454.08,5552.6,98.52,1,6,3,19.0,1188.34,21.4,,0,0,0,7,0,Sectorwise analysis of projects (abstract),
monthly_flash,2008-06,2008-09,,Steel,21,14275.73,18580.02,4304.29,8,21,8,11.25,3009.3,17.3,,0,1,0,21,0,Sectorwise analysis of projects (abstract),
monthly_flash,2008-06,2008-09,,Telecommunications,32,10367.07,9472.11,-894.96,3,26,24,25.33,4074.2,43.01,,0,7,0,32,0,Sectorwise analysis of projects (abstract),
monthly_flash,2008-06,2008-09,,Urban Development & Housing,2,14513.0,15071.0,558.0,1,2,1,3.0,4222.43,48.67,,0,0,0,2,0,Sectorwise analysis of projects (abstract),
monthly_flash,2008-06,2008-09,,Water Resources,1,542.9,1187.0,644.1,1,1,1,60.0,34.37,2.9,,0,0,0,1,0,Sectorwise analysis of projects (abstract),
monthly_flash,2008-07,2008-09,,Atomic Energy,5,24291.26,23360.26,-931.0,0,5,3,17.67,16116.09,68.99,,0,0,0,5,0,Sectorwise analysis of projects (abstract),report_partial;stale_repeat_of:2008-06
monthly_flash,2008-07,2008-09,,Civil Aviation,2,536.5,536.5,0.0,0,2,0,,121.46,22.64,,0,0,0,2,0,Sectorwise analysis of projects (abstract),report_partial;stale_repeat_of:2008-06
monthly_flash,2008-07,2008-09,,Coal,26,17575.9,18358.5,782.6,4,26,2,38.0,5988.16,34.49,,0,0,0,26,0,Sectorwise analysis of projects (abstract),report_partial;stale_repeat_of:2008-06
monthly_flash,2008-07,2008-09,,Health,1,71.18,443.15,371.97,1,1,1,72.0,366.78,82.77,,0,0,0,1,0,Sectorwise analysis of projects (abstract),report_partial;stale_repeat_of:2008-06
monthly_flash,2008-07,2008-09,,Mines & Metals,1,4091.51,4091.51,0.0,0,1,0,,1309.15,32.0,,0,0,0,1,0,Sectorwise analysis of projects (abstract),report_partial;stale_repeat_of:2008-06
monthly_flash,2008-07,2008-09,,Petroleum & Natural Gas,36,53886.75,58848.04,4961.29,14,35,19,23.89,17631.99,34.11,,0,1,0,37,-1,Sectorwise analysis of projects (abstract),report_partial;stale_repeat_of:2008-06
monthly_flash,2008-07,2008-09,,Power,61,105669.86,107887.03,2217.17,19,59,25,18.16,38732.33,36.21,,1,0,0,60,1,Sectorwise analysis of projects (abstract),report_partial;stale_repeat_of:2008-06
monthly_flash,2008-07,2008-09,,Railways,138,37863.16,72105.44,34242.28,111,42,35,47.0,31271.86,44.04,,0,0,0,138,0,Sectorwise analysis of projects (abstract),report_partial;stale_repeat_of:2008-06
monthly_flash,2008-07,2008-09,,Roads & Highways,191,57107.78,57791.83,684.05,16,183,120,18.98,30753.76,53.91,,3,0,0,187,4,Sectorwise analysis of projects (abstract),report_partial;stale_repeat_of:2008-06
monthly_flash,2008-07,2008-09,,Shipping & Ports,7,5454.08,5552.6,98.52,1,6,3,19.0,1188.34,21.4,,0,0,0,7,0,Sectorwise analysis of projects (abstract),report_partial;stale_repeat_of:2008-06
monthly_flash,2008-07,2008-09,,Steel,21,14275.73,18580.02,4304.29,8,21,8,11.25,3009.3,17.3,,0,2,0,23,-2,Sectorwise analysis of projects (abstract),report_partial;stale_repeat_of:2008-06
monthly_flash,2008-07,2008-09,,Telecommunications,32,10367.07,9472.11,-894.96,3,26,24,25.33,4074.2,43.01,,0,0,0,32,0,Sectorwise analysis of projects (abstract),report_partial;stale_repeat_of:2008-06
monthly_flash,2008-07,2008-09,,Urban Development & Housing,2,14513.0,15071.0,558.0,1,2,1,3.0,4222.43,48.67,,0,0,0,2,0,Sectorwise analysis of projects (abstract),report_partial;stale_repeat_of:2008-06
monthly_flash,2008-07,2008-09,,Water Resources,1,542.9,1187.0,644.1,1,1,1,60.0,34.37,2.9,,0,0,0,1,0,Sectorwise analysis of projects (abstract),report_partial;stale_repeat_of:2008-06
monthly_flash,2008-08,2008-09,,Atomic Energy,5,24291.26,23360.26,-931.0,0,5,3,19.0,16317.01,69.85,,0,0,0,5,0,Sectorwise analysis of projects (abstract),
monthly_flash,2008-08,2008-09,,Civil Aviation,2,536.5,536.5,0.0,0,2,0,,130.95,24.41,,0,0,0,2,0,Sectorwise analysis of projects (abstract),
monthly_flash,2008-08,2008-09,,Coal,26,17575.9,18358.5,782.6,4,26,2,38.0,6358.41,35.7,,0,0,0,26,0,Sectorwise analysis of projects (abstract),
monthly_flash,2008-08,2008-09,,Health,1,71.18,443.15,371.97,1,1,1,72.0,381.31,86.05,,0,0,0,1,0,Sectorwise analysis of projects (abstract),
monthly_flash,2008-08,2008-09,,Mines & Metals,1,4091.51,4091.51,0.0,0,1,0,,2515.6,61.48,,0,0,0,1,0,Sectorwise analysis of projects (abstract),
monthly_flash,2008-08,2008-09,,Petroleum & Natural Gas,44,63018.43,68347.36,5328.93,16,44,22,23.18,19310.53,29.35,,0,7,0,44,0,Sectorwise analysis of projects (abstract),
monthly_flash,2008-08,2008-09,,Power,59,101430.98,103625.76,2194.78,19,57,26,17.27,37429.97,36.12,,1,0,0,59,0,Sectorwise analysis of projects (abstract),
monthly_flash,2008-08,2008-09,,Railways,138,37863.16,72728.63,34865.47,111,42,35,47.0,31118.44,42.87,,0,0,0,138,0,Sectorwise analysis of projects (abstract),
monthly_flash,2008-08,2008-09,,Roads & Highways,186,55994.18,56655.17,660.99,17,168,107,17.42,32091.53,56.88,,1,0,0,186,0,Sectorwise analysis of projects (abstract),
monthly_flash,2008-08,2008-09,,Shipping & Ports,7,5454.08,5552.6,98.52,1,6,3,19.0,1346.57,24.25,,0,0,0,7,0,Sectorwise analysis of projects (abstract),
monthly_flash,2008-08,2008-09,,Steel,25,31230.23,35673.71,4443.48,8,25,10,11.6,4494.3,12.91,,0,2,0,25,0,Sectorwise analysis of projects (abstract),
monthly_flash,2008-08,2008-09,,Telecommunications,31,10017.07,8931.67,-1085.4,2,22,22,22.5,3842.81,43.02,,1,0,0,31,0,Sectorwise analysis of projects (abstract),
monthly_flash,2008-08,2008-09,,Urban Development & Housing,2,14513.0,15071.0,558.0,1,2,1,3.0,4870.33,56.14,,0,0,0,2,0,Sectorwise analysis of projects (abstract),
monthly_flash,2008-08,2008-09,,Water Resources,1,542.9,1187.0,644.1,1,1,1,60.0,35.49,2.99,,0,0,0,1,0,Sectorwise analysis of projects (abstract),
monthly_flash,2008-09,2008-09,,Atomic Energy,5,24291.26,23360.26,-931.0,0,5,3,19.67,16465.44,70.48,,0,0,0,5,0,Sectorwise analysis of projects (abstract),
monthly_flash,2008-09,2008-09,,Civil Aviation,2,536.5,536.5,0.0,0,2,0,,130.95,24.41,,0,0,0,2,0,Sectorwise analysis of projects (abstract),
monthly_flash,2008-09,2008-09,,Coal,26,17575.9,18228.47,652.57,4,26,2,38.0,6385.21,36.11,,0,0,0,26,0,Sectorwise analysis of projects (abstract),
monthly_flash,2008-09,2008-09,,Health,1,71.18,443.15,371.97,1,1,1,72.0,381.31,86.05,,0,0,0,1,0,Sectorwise analysis of projects (abstract),
monthly_flash,2008-09,2008-09,,Mines & Metals,1,4091.51,4091.51,0.0,0,1,0,,2515.6,61.48,,0,0,0,1,0,Sectorwise analysis of projects (abstract),
monthly_flash,2008-09,2008-09,,Petroleum & Natural Gas,44,63018.43,70057.18,7038.75,17,44,24,22.17,20798.07,30.74,,0,0,0,44,0,Sectorwise analysis of projects (abstract),
monthly_flash,2008-09,2008-09,,Power,59,101430.98,103625.76,2194.78,19,57,26,17.73,38508.16,37.16,,0,0,0,59,0,Sectorwise analysis of projects (abstract),
monthly_flash,2008-09,2008-09,,Railways,135,37576.84,73071.4,35494.56,109,41,36,50.03,31215.18,42.8,,3,0,0,135,0,Sectorwise analysis of projects (abstract),
monthly_flash,2008-09,2008-09,,Roads & Highways,185,55765.18,56782.23,1017.05,17,167,106,17.41,33437.39,59.13,,0,0,0,185,0,Sectorwise analysis of projects (abstract),
monthly_flash,2008-09,2008-09,,Shipping & Ports,7,5454.08,5552.6,98.52,1,6,3,19.0,1346.96,24.26,,0,0,0,7,0,Sectorwise analysis of projects (abstract),
monthly_flash,2008-09,2008-09,,Steel,24,30709.47,35147.93,4438.46,8,24,9,11.67,4520.21,13.18,,1,0,0,24,0,Sectorwise analysis of projects (abstract),
monthly_flash,2008-09,2008-09,,Telecommunications,29,9517.25,8545.31,-971.94,2,20,20,23.9,3604.25,42.18,,2,0,0,29,0,Sectorwise analysis of projects (abstract),
monthly_flash,2008-09,2008-09,,Urban Development & Housing,2,14513.0,15071.0,558.0,1,2,1,3.0,4870.33,56.14,,0,0,0,2,0,Sectorwise analysis of projects (abstract),
monthly_flash,2008-09,2008-09,,Water Resources,1,542.9,1187.0,644.1,1,1,1,60.0,35.49,2.99,,0,0,0,1,0,Sectorwise analysis of projects (abstract),
monthly_flash,2008-10,2008-09,,Atomic Energy,5,24291.26,23360.26,-931.0,0,5,3,21.0,16532.05,70.77,,0,0,0,5,0,Sectorwise analysis of projects (abstract),
monthly_flash,2008-10,2008-09,,Civil Aviation,2,536.5,536.5,0.0,0,2,0,,130.95,24.41,,0,0,0,2,0,Sectorwise analysis of projects (abstract),
monthly_flash,2008-10,2008-09,,Coal,26,17575.9,18358.5,782.6,4,26,2,38.0,6446.46,36.19,,0,0,0,26,0,Sectorwise analysis of projects (abstract),
monthly_flash,2008-10,2008-09,,Health,1,71.18,443.15,371.97,1,1,1,72.0,381.31,86.05,,0,0,0,1,0,Sectorwise analysis of projects (abstract),
monthly_flash,2008-10,2008-09,,Mines & Metals,1,4091.51,4091.51,0.0,0,1,0,,2515.6,61.48,,0,0,0,1,0,Sectorwise analysis of projects (abstract),
monthly_flash,2008-10,2008-09,,Petroleum & Natural Gas,43,62675.78,69730.14,7054.36,18,43,24,22.33,22018.33,32.53,,0,0,0,43,0,Sectorwise analysis of projects (abstract),
monthly_flash,2008-10,2008-09,,Power,61,108297.91,110492.69,2194.78,19,59,27,17.26,40035.91,36.23,,0,2,0,61,0,Sectorwise analysis of projects (abstract),
monthly_flash,2008-10,2008-09,,Railways,134,37001.84,72701.47,35699.63,107,41,36,50.53,30805.44,42.45,,1,0,0,134,0,Sectorwise analysis of projects (abstract),
monthly_flash,2008-10,2008-09,,Roads & Highways,181,54538.6,55437.56,898.96,15,162,102,17.71,33008.64,59.79,,4,0,0,181,0,Sectorwise analysis of projects (abstract),
monthly_flash,2008-10,2008-09,,Shipping & Ports,7,5454.08,5552.6,98.52,1,6,3,19.0,1647.41,29.67,,0,0,0,7,0,Sectorwise analysis of projects (abstract),
monthly_flash,2008-10,2008-09,,Steel,28,45516.25,49954.71,4438.46,8,28,9,11.67,5304.39,10.8,,0,4,0,28,0,Sectorwise analysis of projects (abstract),
monthly_flash,2008-10,2008-09,,Telecommunications,37,13847.49,12875.55,-971.94,2,26,18,22.56,4080.61,31.69,,0,8,0,37,0,Sectorwise analysis of projects (abstract),
monthly_flash,2008-10,2008-09,,Urban Development & Housing,2,14513.0,15071.0,558.0,1,2,1,3.0,4870.33,56.14,,0,0,0,2,0,Sectorwise analysis of projects (abstract),
monthly_flash,2008-10,2008-09,,Water Resources,1,542.9,1187.0,644.1,1,1,1,60.0,35.49,2.99,,0,0,0,1,0,Sectorwise analysis of projects (abstract),
monthly_flash,2008-11,2008-09,,Atomic Energy,5,24291.26,23360.26,-931.0,0,5,3,21.0,16686.05,71.43,,0,0,0,5,0,Sectorwise analysis of projects (abstract),
monthly_flash,2008-11,2008-09,,Civil Aviation,2,536.5,536.5,0.0,0,2,0,,152.65,28.45,,0,0,0,2,0,Sectorwise analysis of projects (abstract),
monthly_flash,2008-11,2008-09,,Coal,26,17575.9,18358.5,782.6,4,26,2,38.0,6504.44,36.52,,0,0,0,26,0,Sectorwise analysis of projects (abstract),
monthly_flash,2008-11,2008-09,,Health,1,71.18,443.15,371.97,1,1,1,72.0,381.31,86.05,,0,0,0,1,0,Sectorwise analysis of projects (abstract),
monthly_flash,2008-11,2008-09,,Mines & Metals,1,4091.51,4091.51,0.0,0,1,0,,2515.6,61.48,,0,0,0,1,0,Sectorwise analysis of projects (abstract),
monthly_flash,2008-11,2008-09,,Petroleum & Natural Gas,46,69411.71,76430.92,7019.21,19,46,24,22.25,24423.36,32.96,,1,4,0,46,0,Sectorwise analysis of projects (abstract),
monthly_flash,2008-11,2008-09,,Power,61,108297.91,110492.69,2194.78,19,59,28,18.36,41336.01,37.41,,0,0,0,61,0,Sectorwise analysis of projects (abstract),
monthly_flash,2008-11,2008-09,,Railways,134,37001.84,72698.87,35697.03,107,41,36,48.67,31104.86,42.86,,0,0,0,134,0,Sectorwise analysis of projects (abstract),
monthly_flash,2008-11,2008-09,,Roads & Highways,180,54324.91,55223.87,898.96,15,154,95,17.97,34015.54,61.86,,1,0,0,180,0,Sectorwise analysis of projects (abstract),
monthly_flash,2008-11,2008-09,,Shipping & Ports,7,5454.08,5552.6,98.52,1,5,2,11.5,1712.54,30.84,,0,0,0,7,0,Sectorwise analysis of projects (abstract),
monthly_flash,2008-11,2008-09,,Steel,28,45516.25,49972.93,4456.68,9,28,12,9.67,5639.57,11.48,,0,0,0,28,0,Sectorwise analysis of projects (abstract),
monthly_flash,2008-11,2008-09,,Telecommunications,37,13847.49,12875.55,-971.94,2,25,17,23.65,4080.61,31.69,,0,0,0,37,0,Sectorwise analysis of projects (abstract),
monthly_flash,2008-11,2008-09,,Urban Development & Housing,2,14513.0,15071.0,558.0,1,2,1,3.0,4870.33,56.14,,0,0,0,2,0,Sectorwise analysis of projects (abstract),
monthly_flash,2008-11,2008-09,,Water Resources,1,542.9,1187.0,644.1,1,1,1,60.0,35.49,2.99,,0,0,0,1,0,Sectorwise analysis of projects (abstract),
monthly_flash,2008-12,2008-09,,Atomic Energy,5,24291.26,23360.26,-931.0,0,5,3,21.33,17192.05,73.6,,0,0,0,5,0,Sectorwise analysis of projects (abstract),
monthly_flash,2008-12,2008-09,,Civil Aviation,3,666.15,666.15,0.0,0,3,1,3.0,159.83,23.99,,0,1,0,3,0,Sectorwise analysis of projects (abstract),
monthly_flash,2008-12,2008-09,,Coal,30,23844.74,25078.0,1233.26,5,30,2,38.0,6877.68,28.56,,0,4,0,30,0,Sectorwise analysis of projects (abstract),
monthly_flash,2008-12,2008-09,,Health,1,71.18,443.15,371.97,1,1,1,72.0,381.31,86.05,,0,0,0,1,0,Sectorwise analysis of projects (abstract),
monthly_flash,2008-12,2008-09,,Mines & Metals,1,4091.51,4091.51,0.0,0,1,0,,2871.5,70.18,,0,0,0,1,0,Sectorwise analysis of projects (abstract),
monthly_flash,2008-12,2008-09,,Petroleum & Natural Gas,46,69411.71,76073.7,6661.99,19,46,28,21.79,26429.53,35.84,,0,0,0,46,0,Sectorwise analysis of projects (abstract),
monthly_flash,2008-12,2008-09,,Power,64,115972.8,119965.5,3992.7,20,62,28,18.71,42023.13,37.58,,1,4,0,64,0,Sectorwise analysis of projects (abstract),
monthly_flash,2008-12,2008-09,,Railways,134,37001.84,72938.5,35936.66,108,42,37,52.54,31586.5,43.38,,0,0,0,134,0,Sectorwise analysis of projects (abstract),
monthly_flash,2008-12,2008-09,,Roads & Highways,177,53053.76,53743.87,690.11,12,148,91,18.46,34760.33,64.96,,3,0,0,177,0,Sectorwise analysis of projects (abstract),
monthly_flash,2008-12,2008-09,,Shipping & Ports,9,6065.75,6164.27,98.52,1,8,3,23.67,1808.68,30.56,,0,2,0,9,0,Sectorwise analysis of projects (abstract),
monthly_flash,2008-12,2008-09,,Steel,28,45516.25,50022.9,4506.65,9,28,13,10.54,6507.35,13.2,,0,0,0,28,0,Sectorwise analysis of projects (abstract),
monthly_flash,2008-12,2008-09,,Telecommunications,34,13419.42,12686.83,-732.59,2,28,20,19.4,4007.02,31.58,,6,3,0,34,0,Sectorwise analysis of projects (abstract),
monthly_flash,2008-12,2008-09,,Urban Development & Housing,2,14513.0,15071.0,558.0,1,2,1,3.0,6863.3,79.11,,0,0,0,2,0,Sectorwise analysis of projects (abstract),
monthly_flash,2008-12,2008-09,,Water Resources,1,542.9,1187.0,644.1,1,1,1,60.0,35.49,2.99,,0,0,0,1,0,Sectorwise analysis of projects (abstract),
monthly_flash,2009-02,2008-09,,Atomic Energy,6,25397.55,24466.55,-931.0,0,5,3,12.67,17641.39,72.1,,0,0,0,6,0,Sectorwise analysis of projects (abstract),
monthly_flash,2009-02,2008-09,,Civil Aviation,3,666.15,666.15,0.0,0,3,1,3.0,159.83,23.99,,0,0,0,3,0,Sectorwise analysis of projects (abstract),
monthly_flash,2009-02,2008-09,,Coal,30,23848.69,25099.22,1250.53,5,30,1,4.0,7082.54,29.63,,0,1,0,30,0,Sectorwise analysis of projects (abstract),
monthly_flash,2009-02,2008-09,,Health,1,71.18,443.15,371.97,1,1,1,72.0,381.31,86.05,,0,0,0,1,0,Sectorwise analysis of projects (abstract),
monthly_flash,2009-02,2008-09,,Mines & Metals,1,4091.51,4091.51,0.0,0,0,0,,2871.5,70.18,,0,0,0,1,0,Sectorwise analysis of projects (abstract),
monthly_flash,2009-02,2008-09,,Petroleum & Natural Gas,46,69804.86,74657.25,4852.39,17,46,25,23.28,26948.35,37.49,,1,0,0,46,0,Sectorwise analysis of projects (abstract),
monthly_flash,2009-02,2008-09,,Power,65,128391.84,132384.54,3992.7,20,63,30,18.37,45666.2,34.55,,0,0,0,65,0,Sectorwise analysis of projects (abstract),
monthly_flash,2009-02,2008-09,,Railways,146,40598.99,83300.04,42701.05,119,47,39,53.18,33251.14,39.98,,1,0,0,146,0,Sectorwise analysis of projects (abstract),
monthly_flash,2009-02,2008-09,,Roads & Highways,173,51713.97,52197.23,483.26,11,172,132,20.45,35417.48,68.16,,2,0,0,173,0,Sectorwise analysis of projects (abstract),
monthly_flash,2009-02,2008-09,,Shipping & Ports,16,11797.91,12055.43,257.52,2,14,6,15.33,3151.4,26.68,,0,1,0,16,0,Sectorwise analysis of projects (abstract),
monthly_flash,2009-02,2008-09,,Steel,29,45612.25,49609.51,3997.26,10,29,14,13.14,7580.87,15.52,,0,1,0,29,0,Sectorwise analysis of projects (abstract),
monthly_flash,2009-02,2008-09,,Telecommunications,33,13885.08,13127.49,-757.59,1,26,20,16.15,4167.81,31.75,,1,0,0,33,0,Sectorwise analysis of projects (abstract),
monthly_flash,2009-02,2008-09,,Urban Development & Housing,3,14596.67,15206.03,609.36,2,3,1,3.0,7179.93,82.76,,0,1,0,3,0,Sectorwise analysis of projects (abstract),
monthly_flash,2009-02,2008-09,,Water Resources,1,542.9,1187.0,644.1,1,1,1,60.0,35.49,2.99,,0,0,0,1,0,Sectorwise analysis of projects (abstract),
monthly_flash,2009-03,2008-09,,Atomic Energy,5,25054.29,24123.29,-931.0,0,5,3,12.67,17516.84,72.61,,1,0,0,5,0,Sectorwise analysis of projects (abstract),
monthly_flash,2009-03,2008-09,,Civil Aviation,3,666.15,666.15,0.0,0,3,2,4.5,208.9,31.36,,0,0,0,3,0,Sectorwise analysis of projects (abstract),
monthly_flash,2009-03,2008-09,,Coal,35,24335.93,25903.31,1567.38,7,35,8,49.75,7708.16,31.69,,0,5,0,35,0,Sectorwise analysis of projects (abstract),
monthly_flash,2009-03,2008-09,,Health,1,71.18,443.15,371.97,1,1,1,72.0,381.31,86.05,,0,0,0,1,0,Sectorwise analysis of projects (abstract),
monthly_flash,2009-03,2008-09,,Mines & Metals,1,4091.51,4091.51,0.0,0,0,0,,2871.5,70.18,,0,0,0,1,0,Sectorwise analysis of projects (abstract),
monthly_flash,2009-03,2008-09,,Petroleum & Natural Gas,48,101013.64,110353.15,9339.51,18,48,25,21.56,32832.65,30.48,,1,3,0,48,0,Sectorwise analysis of projects (abstract),
monthly_flash,2009-03,2008-09,,Power,62,127299.34,131234.63,3935.29,19,60,28,20.43,46916.48,35.75,,3,0,0,62,0,Sectorwise analysis of projects (abstract),
monthly_flash,2009-03,2008-09,,Railways,145,40478.99,83113.3,42634.31,117,49,42,56.29,34539.94,41.62,,1,0,0,145,0,Sectorwise analysis of projects (abstract),
monthly_flash,2009-03,2008-09,,Roads & Highways,170,50397.12,51033.99,636.87,12,167,133,20.56,35990.59,70.85,,3,0,0,170,0,Sectorwise analysis of projects (abstract),
monthly_flash,2009-03,2008-09,,Shipping & Ports,16,11797.91,12055.43,257.52,2,13,5,17.6,3304.94,27.98,,0,0,0,16,0,Sectorwise analysis of projects (abstract),
monthly_flash,2009-03,2008-09,,Steel,28,45393.21,50150.47,4757.26,11,27,13,10.54,8590.1,17.34,,1,0,0,28,0,Sectorwise analysis of projects (abstract),
monthly_flash,2009-03,2008-09,,Telecommunications,34,14348.69,13591.1,-757.59,1,28,22,17.59,4241.76,32.31,,0,1,0,34,0,Sectorwise analysis of projects (abstract),
monthly_flash,2009-03,2008-09,,Urban Development & Housing,3,14596.67,15206.03,609.36,2,3,1,3.0,8312.84,95.81,,0,0,0,3,0,Sectorwise analysis of projects (abstract),
monthly_flash,2009-03,2008-09,,Water Resources,1,542.9,1187.0,644.1,1,1,1,60.0,35.49,2.99,,0,0,0,1,0,Sectorwise analysis of projects (abstract),
monthly_flash,2009-04,2009-10,,Atomic Energy,5,25054.29,24123.29,-931.0,0,5,3,14.67,18254.68,75.67,,0,0,0,5,0,Sectorwise analysis of projects (abstract),
monthly_flash,2009-04,2009-10,,Civil Aviation,6,2879.3,2879.3,0.0,0,6,2,6.5,258.62,8.98,,0,3,0,6,0,Sectorwise analysis of projects (abstract),
monthly_flash,2009-04,2009-10,,Coal,37,24906.08,26378.66,1472.58,6,36,8,15.5,8015.1,32.77,,0,2,0,37,0,Sectorwise analysis of projects (abstract),
monthly_flash,2009-04,2009-10,,Health,1,71.18,443.15,371.97,1,1,1,72.0,381.31,86.05,,0,0,0,1,0,Sectorwise analysis of projects (abstract),
monthly_flash,2009-04,2009-10,,Mines & Metals,1,4091.51,4091.51,0.0,0,1,1,9.0,3232.56,79.01,,0,0,0,1,0,Sectorwise analysis of projects (abstract),
monthly_flash,2009-04,2009-10,,Petroleum & Natural Gas,49,101362.64,110705.04,9342.4,18,48,27,20.22,34272.98,31.82,,0,1,0,49,0,Sectorwise analysis of projects (abstract),
monthly_flash,2009-04,2009-10,,Power,84,159503.14,163438.43,3935.29,19,82,29,21.55,53120.19,32.9,,0,22,0,84,0,Sectorwise analysis of projects (abstract),
monthly_flash,2009-04,2009-10,,Railways,145,40478.99,83284.41,42805.42,118,47,40,56.62,35051.52,42.15,,0,0,0,145,0,Sectorwise analysis of projects (abstract),
monthly_flash,2009-04,2009-10,,Roads & Highways,172,50854.82,51488.69,633.87,11,168,137,21.93,36839.47,72.2,,0,2,0,172,0,Sectorwise analysis of projects (abstract),
monthly_flash,2009-04,2009-10,,Shipping & Ports,16,11797.91,12055.43,257.52,2,13,5,17.6,3462.35,29.32,,0,0,0,16,0,Sectorwise analysis of projects (abstract),
monthly_flash,2009-04,2009-10,,Steel,29,45596.58,50473.34,4876.76,12,29,18,9.44,8937.83,17.92,,1,2,0,29,0,Sectorwise analysis of projects (abstract),
monthly_flash,2009-04,2009-10,,Telecommunications,34,14348.69,13630.24,-718.45,2,24,21,15.05,4381.16,33.27,,0,0,0,34,0,Sectorwise analysis of projects (abstract),
monthly_flash,2009-04,2009-10,,Urban Development & Housing,3,14596.67,15206.03,609.36,2,3,1,3.0,8312.84,95.81,,0,0,0,3,0,Sectorwise analysis of projects (abstract),
monthly_flash,2009-04,2009-10,,Water Resources,1,542.9,1187.0,644.1,1,1,1,60.0,35.49,2.99,,0,0,0,1,0,Sectorwise analysis of projects (abstract),
monthly_flash,2009-05,2009-10,,Atomic Energy,5,25054.29,24123.29,-931.0,0,5,3,14.67,18326.68,75.97,,0,0,0,5,0,Sectorwise analysis of projects (abstract),
monthly_flash,2009-05,2009-10,,Civil Aviation,9,4832.24,4832.24,0.0,0,9,2,6.5,615.69,12.74,,0,3,0,9,0,Sectorwise analysis of projects (abstract),
monthly_flash,2009-05,2009-10,,Coal,40,25688.03,27178.41,1490.38,7,40,16,19.75,10159.61,40.23,,0,3,0,40,0,Sectorwise analysis of projects (abstract),
monthly_flash,2009-05,2009-10,,Health,1,71.18,443.15,371.97,1,1,1,72.0,381.31,86.05,,0,0,0,1,0,Sectorwise analysis of projects (abstract),
monthly_flash,2009-05,2009-10,,Mines & Metals,1,4091.51,4091.51,0.0,0,1,1,9.0,3232.56,79.01,,0,0,0,1,0,Sectorwise analysis of projects (abstract),
monthly_flash,2009-05,2009-10,,Petroleum & Natural Gas,52,111490.5,120872.9,9382.4,18,51,31,19.39,35860.86,32.88,,1,4,0,52,0,Sectorwise analysis of projects (abstract),
monthly_flash,2009-05,2009-10,,Power,84,159503.14,164813.37,5310.23,21,82,32,20.06,54068.75,33.2,,0,0,0,84,0,Sectorwise analysis of projects (abstract),
monthly_flash,2009-05,2009-10,,Railways,145,40478.99,83284.41,42805.42,118,48,41,57.73,35286.6,42.44,,0,0,0,145,0,Sectorwise analysis of projects (abstract),
monthly_flash,2009-05,2009-10,,Roads & Highways,173,51812.39,52174.51,362.12,10,172,141,23.48,37996.73,73.15,,4,5,0,173,0,Sectorwise analysis of projects (abstract),
monthly_flash,2009-05,2009-10,,Shipping & Ports,18,12909.91,13129.17,219.26,3,15,5,18.4,3704.42,28.72,,0,2,0,18,0,Sectorwise analysis of projects (abstract),
monthly_flash,2009-05,2009-10,,Steel,29,45596.58,50472.34,4875.76,12,29,20,8.85,10361.61,20.78,,0,0,0,29,0,Sectorwise analysis of projects (abstract),
monthly_flash,2009-05,2009-10,,Telecommunications,30,13022.32,12621.34,-400.98,2,28,23,17.13,3882.66,31.94,,6,2,0,30,0,Sectorwise analysis of projects (abstract),
monthly_flash,2009-05,2009-10,,Urban Development & Housing,3,14596.67,15206.03,609.36,2,3,1,3.0,9145.22,105.41,,0,0,0,3,0,Sectorwise analysis of projects (abstract),
monthly_flash,2009-05,2009-10,,Water Resources,1,542.9,1187.0,644.1,1,1,1,60.0,35.49,2.99,,0,0,0,1,0,Sectorwise analysis of projects (abstract),
monthly_flash,2009-06,2009-10,,Atomic Energy,5,25054.29,24123.29,-931.0,0,5,3,15.0,18412.68,76.33,,0,0,0,5,0,Sectorwise analysis of projects (abstract),
monthly_flash,2009-06,2009-10,,Civil Aviation,9,4832.24,4832.24,0.0,0,9,5,5.4,628.62,13.01,,0,0,0,9,0,Sectorwise analysis of projects (abstract),
monthly_flash,2009-06,2009-10,,Coal,40,25688.03,27177.87,1489.84,6,40,16,18.25,10358.07,41.01,,0,0,0,40,0,Sectorwise analysis of projects (abstract),
monthly_flash,2009-06,2009-10,,Health,1,71.18,443.15,371.97,1,1,1,72.0,381.31,86.05,,0,0,0,1,0,Sectorwise analysis of projects (abstract),
monthly_flash,2009-06,2009-10,,Mines & Metals,1,4091.51,4091.51,0.0,0,1,1,11.0,3316.0,81.05,,0,0,0,1,0,Sectorwise analysis of projects (abstract),
monthly_flash,2009-06,2009-10,,Petroleum & Natural Gas,57,120254.42,128863.85,8609.43,18,57,31,19.42,36026.68,31.34,,1,6,0,57,0,Sectorwise analysis of projects (abstract),
monthly_flash,2009-06,2009-10,,Power,84,159503.14,165255.47,5752.33,20,82,32,20.69,55233.37,33.83,,0,0,0,84,0,Sectorwise analysis of projects (abstract),
monthly_flash,2009-06,2009-10,,Railways,144,40075.6,82936.39,42860.79,117,48,44,58.05,36198.55,43.72,,1,0,0,144,0,Sectorwise analysis of projects (abstract),
monthly_flash,2009-06,2009-10,,Roads & Highways,168,50281.45,50506.76,225.31,7,167,139,26.93,37325.7,74.24,,6,1,0,168,0,Sectorwise analysis of projects (abstract),
monthly_flash,2009-06,2009-10,,Shipping & Ports,19,13611.91,13883.67,271.76,4,16,5,18.4,4042.85,31.21,,0,1,0,19,0,Sectorwise analysis of projects (abstract),
monthly_flash,2009-06,2009-10,,Steel,29,45596.58,49018.34,3421.76,12,29,23,10.22,11438.94,23.63,,0,0,0,29,0,Sectorwise analysis of projects (abstract),
monthly_flash,2009-06,2009-10,,Telecommunications,30,13022.32,12544.63,-477.69,3,27,23,17.65,3957.14,31.54,,0,0,0,30,0,Sectorwise analysis of projects (abstract),
monthly_flash,2009-06,2009-10,,Urban Development & Housing,3,14596.67,15206.03,609.36,2,3,1,4.0,10075.47,116.13,,0,0,0,3,0,Sectorwise analysis of projects (abstract),
monthly_flash,2009-06,2009-10,,Water Resources,1,542.9,1187.0,644.1,1,1,1,60.0,35.49,2.99,,0,0,0,1,0,Sectorwise analysis of projects (abstract),
monthly_flash,2009-07,2009-10,,Atomic Energy,5,25054.29,24123.29,-931.0,0,5,3,15.0,18615.65,77.17,,0,0,0,5,0,Sectorwise analysis of projects (abstract),
monthly_flash,2009-07,2009-10,,Civil Aviation,9,4832.24,4832.24,0.0,0,9,4,6.0,654.3,13.54,,0,0,0,9,0,Sectorwise analysis of projects (abstract),
monthly_flash,2009-07,2009-10,,Coal,40,25688.03,27177.87,1489.84,6,40,18,17.61,9888.27,39.15,,0,0,0,40,0,Sectorwise analysis of projects (abstract),
monthly_flash,2009-07,2009-10,,Health,1,71.18,443.15,371.97,1,1,1,72.0,381.31,86.05,,0,0,0,1,0,Sectorwise analysis of projects (abstract),
monthly_flash,2009-07,2009-10,,Mines & Metals,1,4091.51,4091.51,0.0,0,1,1,11.0,3316.0,81.05,,0,0,0,1,0,Sectorwise analysis of projects (abstract),
monthly_flash,2009-07,2009-10,,Petroleum & Natural Gas,62,135864.28,144473.58,8609.3,18,61,31,18.77,37631.92,32.43,,0,5,0,62,0,Sectorwise analysis of projects (abstract),
monthly_flash,2009-07,2009-10,,Power,84,154055.84,159808.11,5752.27,19,82,36,18.53,51841.64,32.83,,1,1,0,84,0,Sectorwise analysis of projects (abstract),
monthly_flash,2009-07,2009-10,,Railways,152,50199.06,94938.17,44739.11,120,56,44,62.25,37244.32,44.61,,0,8,0,152,0,Sectorwise analysis of projects (abstract),
monthly_flash,2009-07,2009-10,,Roads & Highways,166,49440.75,49646.06,205.31,6,164,145,25.93,37035.17,74.94,,2,0,0,166,0,Sectorwise analysis of projects (abstract),
monthly_flash,2009-07,2009-10,,Shipping & Ports,19,13611.91,13624.67,12.76,4,16,5,18.4,4044.23,31.23,,0,0,0,19,0,Sectorwise analysis of projects (abstract),
monthly_flash,2009-07,2009-10,,Steel,29,45596.58,49056.34,3459.76,13,28,22,10.0,12425.48,25.65,,0,0,0,29,0,Sectorwise analysis of projects (abstract),
monthly_flash,2009-07,2009-10,,Telecommunications,30,12346.85,11806.08,-540.77,3,28,24,16.92,3826.99,33.45,,2,2,0,30,0,Sectorwise analysis of projects (abstract),
monthly_flash,2009-07,2009-10,,Urban Development & Housing,3,14596.67,15206.03,609.36,2,3,1,4.0,10075.47,116.13,,0,0,0,3,0,Sectorwise analysis of projects (abstract),
monthly_flash,2009-07,2009-10,,Water Resources,1,542.9,1187.0,644.1,1,1,1,60.0,35.49,2.99,,0,0,0,1,0,Sectorwise analysis of projects (abstract),
monthly_flash,2009-08,2009-10,,Atomic Energy,5,25054.29,24123.29,-931.0,0,5,3,16.0,18797.87,77.92,,0,0,0,5,0,Sectorwise analysis of projects (abstract),
monthly_flash,2009-08,2009-10,,Civil Aviation,9,4832.24,4832.24,0.0,0,9,4,6.25,744.78,15.41,,0,0,0,9,0,Sectorwise analysis of projects (abstract),
monthly_flash,2009-08,2009-10,,Coal,40,25688.03,27177.87,1489.84,6,40,18,16.94,9978.53,39.51,,0,0,0,40,0,Sectorwise analysis of projects (abstract),
monthly_flash,2009-08,2009-10,,Health,1,71.18,443.15,371.97,1,1,1,72.0,381.31,86.05,,0,0,0,1,0,Sectorwise analysis of projects (abstract),
monthly_flash,2009-08,2009-10,,Mines & Metals,1,4091.51,4091.51,0.0,0,1,1,11.0,3316.0,81.05,,0,0,0,1,0,Sectorwise analysis of projects (abstract),
monthly_flash,2009-08,2009-10,,Petroleum & Natural Gas,63,136131.28,143344.77,7213.49,19,62,31,18.84,39346.85,34.22,,0,1,0,63,0,Sectorwise analysis of projects (abstract),
monthly_flash,2009-08,2009-10,,Power,83,153835.15,159587.42,5752.27,19,81,35,19.17,53058.99,33.56,,1,0,0,83,0,Sectorwise analysis of projects (abstract),
monthly_flash,2009-08,2009-10,,Railways,151,50125.87,94953.21,44827.34,120,56,45,61.33,37315.66,44.33,,1,0,0,151,0,Sectorwise analysis of projects (abstract),
monthly_flash,2009-08,2009-10,,Roads & Highways,162,48178.31,48383.62,205.31,6,160,142,26.44,36494.87,75.79,,4,0,0,162,0,Sectorwise analysis of projects (abstract),
monthly_flash,2009-08,2009-10,,Shipping & Ports,19,13611.91,13624.67,12.76,4,16,5,20.0,4089.35,31.57,,0,0,0,19,0,Sectorwise analysis of projects (abstract),
monthly_flash,2009-08,2009-10,,Steel,29,45596.58,49430.83,3834.25,14,27,23,10.26,13341.83,27.26,,0,0,0,29,0,Sectorwise analysis of projects (abstract),
monthly_flash,2009-08,2009-10,,Telecommunications,31,12683.66,11980.44,-703.22,3,28,24,16.67,3961.27,34.11,,0,1,0,31,0,Sectorwise analysis of projects (abstract),
monthly_flash,2009-08,2009-10,,Urban Development & Housing,3,14596.67,15206.03,609.36,2,3,1,4.0,10631.47,122.54,,0,0,0,3,0,Sectorwise analysis of projects (abstract),
monthly_flash,2009-08,2009-10,,Water Resources,1,542.9,1187.0,644.1,1,1,1,60.0,35.49,2.99,,0,0,0,1,0,Sectorwise analysis of projects (abstract),
monthly_flash,2009-09,2009-10,,Atomic Energy,5,25054.29,24123.29,-931.0,0,5,3,16.67,19166.61,79.45,,0,0,0,5,0,Sectorwise analysis of projects (abstract),
monthly_flash,2009-09,2009-10,,Civil Aviation,9,4832.24,4832.24,0.0,0,9,5,5.6,922.04,19.08,,0,0,0,9,0,Sectorwise analysis of projects (abstract),
monthly_flash,2009-09,2009-10,,Coal,40,25688.03,27063.7,1375.67,8,40,18,19.11,10109.05,40.21,,0,0,0,40,0,Sectorwise analysis of projects (abstract),
monthly_flash,2009-09,2009-10,,Health,1,71.18,443.15,371.97,1,1,1,72.0,381.31,86.05,,0,0,0,1,0,Sectorwise analysis of projects (abstract),
monthly_flash,2009-09,2009-10,,Mines & Metals,1,4091.51,4091.51,0.0,0,1,1,11.0,3316.0,81.05,,0,0,0,1,0,Sectorwise analysis of projects (abstract),
monthly_flash,2009-09,2009-10,,Petroleum & Natural Gas,65,137003.68,146644.65,9640.97,20,65,34,19.32,41050.75,33.06,,0,2,0,65,0,Sectorwise analysis of projects (abstract),
monthly_flash,2009-09,2009-10,,Power,83,153835.15,159743.76,5908.61,19,81,35,20.43,54428.51,34.21,,0,0,0,83,0,Sectorwise analysis of projects (abstract),
monthly_flash,2009-09,2009-10,,Railways,151,50125.87,93964.2,43838.33,118,54,44,61.25,41686.22,44.43,,0,0,0,151,0,Sectorwise analysis of projects (abstract),
monthly_flash,2009-09,2009-10,,Roads & Highways,154,44286.22,44491.53,205.31,6,153,135,27.79,33218.09,75.05,,8,0,0,154,0,Sectorwise analysis of projects (abstract),
monthly_flash,2009-09,2009-10,,Shipping & Ports,18,12475.83,12747.59,271.76,4,15,4,24.75,2993.67,23.92,,1,0,0,18,0,Sectorwise analysis of projects (abstract),
monthly_flash,2009-09,2009-10,,Steel,29,45596.58,49524.19,3927.61,15,27,23,10.65,14239.07,29.03,,0,0,0,29,0,Sectorwise analysis of projects (abstract),
monthly_flash,2009-09,2009-10,,Telecommunications,31,12683.66,11980.44,-703.22,3,26,22,16.09,3931.67,33.85,,0,0,0,31,0,Sectorwise analysis of projects (abstract),
monthly_flash,2009-09,2009-10,,Urban Development & Housing,3,14596.67,15206.03,609.36,2,3,1,4.0,12238.54,81.21,,0,0,0,3,0,Sectorwise analysis of projects (abstract),
monthly_flash,2009-09,2009-10,,Water Resources,1,542.9,1187.0,644.1,1,1,1,60.0,35.49,2.99,,0,0,0,1,0,Sectorwise analysis of projects (abstract),
monthly_flash,2009-10,2009-10,,Atomic Energy,5,25054.29,26308.29,1254.0,1,5,4,17.0,19321.61,73.44,,0,0,0,5,0,Sectorwise analysis of projects (abstract),
monthly_flash,2009-10,2009-10,,Civil Aviation,9,4832.24,4832.24,0.0,0,9,5,5.8,823.93,17.05,,0,0,0,9,0,Sectorwise analysis of projects (abstract),
monthly_flash,2009-10,2009-10,,Coal,43,26110.4,27522.73,1412.33,9,43,21,21.14,10362.27,41.01,,0,3,0,43,0,Sectorwise analysis of projects (abstract),
monthly_flash,2009-10,2009-10,,Health,1,71.18,443.15,371.97,1,1,1,72.0,381.31,86.05,,0,0,0,1,0,Sectorwise analysis of projects (abstract),
monthly_flash,2009-10,2009-10,,Mines & Metals,1,4091.51,4091.51,0.0,0,1,1,11.0,3316.0,81.05,,0,0,0,1,0,Sectorwise analysis of projects (abstract),
monthly_flash,2009-10,2009-10,,Petroleum & Natural Gas,64,136018.51,144969.18,8950.67,19,64,33,18.24,40790.5,33.32,,1,0,0,64,0,Sectorwise analysis of projects (abstract),
monthly_flash,2009-10,2009-10,,Power,83,153835.15,159742.28,5907.13,19,81,35,20.74,56027.62,35.21,,0,0,0,83,0,Sectorwise analysis of projects (abstract),
monthly_flash,2009-10,2009-10,,Railways,150,50032.77,93320.47,43287.7,116,55,45,61.04,41035.47,44.04,,1,0,0,150,0,Sectorwise analysis of projects (abstract),
monthly_flash,2009-10,2009-10,,Roads & Highways,155,45226.22,45431.53,205.31,6,154,136,28.15,34054.12,75.34,,0,1,0,155,0,Sectorwise analysis of projects (abstract),
monthly_flash,2009-10,2009-10,,Shipping & Ports,18,12475.83,12747.59,271.76,4,16,5,27.2,3105.88,24.81,,0,0,0,18,0,Sectorwise analysis of projects (abstract),
monthly_flash,2009-10,2009-10,,Steel,29,45596.58,49353.1,3756.52,13,27,23,10.78,15147.55,30.99,,0,0,0,29,0,Sectorwise analysis of projects (abstract),
monthly_flash,2009-10,2009-10,,Telecommunications,29,11765.42,11147.31,-618.11,3,25,22,17.23,3635.77,33.72,,2,0,0,29,0,Sectorwise analysis of projects (abstract),
monthly_flash,2009-10,2009-10,,Urban Development & Housing,3,14596.67,15206.03,609.36,2,3,1,4.0,12917.63,85.71,,0,0,0,3,0,Sectorwise analysis of projects (abstract),
monthly_flash,2009-10,2009-10,,Water Resources,1,542.9,1187.0,644.1,1,1,1,60.0,35.49,2.99,,0,0,0,1,0,Sectorwise analysis of projects (abstract),
monthly_flash,2009-11,2009-10,,Atomic Energy,5,25054.29,26308.29,1254.0,1,5,4,17.0,19398.61,73.74,,0,0,0,5,0,Sectorwise analysis of projects (abstract),
monthly_flash,2009-11,2009-10,,Civil Aviation,9,4832.24,4832.24,0.0,0,9,6,7.5,1057.08,21.88,,0,0,0,9,0,Sectorwise analysis of projects (abstract),
monthly_flash,2009-11,2009-10,,Coal,43,26110.4,27522.73,1412.33,9,42,21,21.14,10422.29,41.24,,0,0,0,43,0,Sectorwise analysis of projects (abstract),
monthly_flash,2009-11,2009-10,,Health,1,71.18,443.15,371.97,1,1,1,72.0,381.31,86.05,,0,0,0,1,0,Sectorwise analysis of projects (abstract),
monthly_flash,2009-11,2009-10,,Mines & Metals,1,4091.51,4091.51,0.0,0,1,1,11.0,3316.0,81.05,,0,0,0,1,0,Sectorwise analysis of projects (abstract),
monthly_flash,2009-11,2009-10,,Petroleum & Natural Gas,64,136018.51,145750.52,9732.01,19,64,33,18.45,38189.75,29.27,,0,0,0,64,0,Sectorwise analysis of projects (abstract),
monthly_flash,2009-11,2009-10,,Power,85,165980.96,170229.8,4248.84,17,83,39,19.38,50299.32,29.66,,0,2,0,85,0,Sectorwise analysis of projects (abstract),
monthly_flash,2009-11,2009-10,,Railways,150,50032.77,93825.28,43792.51,116,56,46,60.22,41119.69,44.0,,0,0,0,150,0,Sectorwise analysis of projects (abstract),
monthly_flash,2009-11,2009-10,,Roads & Highways,152,44015.85,44257.13,241.28,7,151,134,29.1,33088.51,75.96,,3,0,0,152,0,Sectorwise analysis of projects (abstract),
monthly_flash,2009-11,2009-10,,Shipping & Ports,18,12475.83,12747.59,271.76,4,16,5,27.2,3247.05,25.94,,0,0,0,18,0,Sectorwise analysis of projects (abstract),
monthly_flash,2009-11,2009-10,,Steel,29,45596.58,49353.1,3756.52,13,27,23,11.0,15737.27,32.2,,0,0,0,29,0,Sectorwise analysis of projects (abstract),
monthly_flash,2009-11,2009-10,,Telecommunications,28,11591.06,11047.28,-543.78,4,25,23,18.65,3606.3,33.76,,1,0,0,28,0,Sectorwise analysis of projects (abstract),
monthly_flash,2009-11,2009-10,,Urban Development & Housing,3,14596.67,15206.03,609.36,2,3,1,4.0,13444.08,89.2,,0,0,0,3,0,Sectorwise analysis of projects (abstract),
monthly_flash,2009-11,2009-10,,Water Resources,1,542.9,1187.0,644.1,1,1,1,60.0,35.49,2.99,,0,0,0,1,0,Sectorwise analysis of projects (abstract),
monthly_flash,2009-12,2009-10,,Atomic Energy,5,25054.29,26308.29,1254.0,1,5,4,17.0,19398.61,73.74,,0,0,0,5,0,Sectorwise analysis of projects (abstract),
monthly_flash,2009-12,2009-10,,Civil Aviation,9,4832.24,4832.24,0.0,0,9,6,7.5,1021.78,21.15,,0,0,0,9,0,Sectorwise analysis of projects (abstract),
monthly_flash,2009-12,2009-10,,Coal,43,26110.4,27629.32,1518.92,10,42,22,20.09,10385.54,41.91,,0,0,0,43,0,Sectorwise analysis of projects (abstract),
monthly_flash,2009-12,2009-10,,Health,1,71.18,443.15,371.97,1,1,1,72.0,477.33,107.71,,0,0,0,1,0,Sectorwise analysis of projects (abstract),
monthly_flash,2009-12,2009-10,,Mines & Metals,1,4091.51,4091.51,0.0,0,1,1,11.0,3316.0,81.05,,0,0,0,1,0,Sectorwise analysis of projects (abstract),
monthly_flash,2009-12,2009-10,,Petroleum & Natural Gas,70,141026.24,159564.03,18537.79,23,70,39,16.85,44995.27,34.76,,0,6,0,70,0,Sectorwise analysis of projects (abstract),
monthly_flash,2009-12,2009-10,,Power,85,165980.96,168458.49,2477.53,18,83,40,19.6,50769.05,30.28,,0,0,0,85,0,Sectorwise analysis of projects (abstract),
monthly_flash,2009-12,2009-10,,Railways,154,52042.12,96970.6,44928.48,118,60,48,61.17,40991.32,43.15,,0,4,0,154,0,Sectorwise analysis of projects (abstract),
monthly_flash,2009-12,2009-10,,Roads & Highways,152,44015.85,44240.6,224.75,6,151,134,29.19,31895.19,77.32,,0,0,0,152,0,Sectorwise analysis of projects (abstract),
monthly_flash,2009-12,2009-10,,Shipping & Ports,18,12475.83,12747.59,271.76,4,16,5,27.2,3181.45,25.76,,0,0,0,18,0,Sectorwise analysis of projects (abstract),
monthly_flash,2009-12,2009-10,,Steel,28,45473.36,49248.38,3775.02,14,26,22,11.23,15693.15,31.87,,1,0,0,28,0,Sectorwise analysis of projects (abstract),
monthly_flash,2009-12,2009-10,,Telecommunications,27,11266.06,10884.73,-381.33,4,24,23,19.04,3552.56,34.59,,1,0,0,27,0,Sectorwise analysis of projects (abstract),
monthly_flash,2009-12,2009-10,,Urban Development & Housing,3,14596.67,15206.03,609.36,2,3,1,4.0,13864.72,92.0,,0,0,0,3,0,Sectorwise analysis of projects (abstract),
monthly_flash,2009-12,2009-10,,Water Resources,1,542.9,1187.0,644.1,1,1,1,60.0,35.49,2.99,,0,0,0,1,0,Sectorwise analysis of projects (abstract),
monthly_flash,2010-01,2009-10,,Atomic Energy,5,25054.29,26308.29,1254.0,1,5,4,17.0,19902.95,75.65,,0,0,0,5,0,Sectorwise analysis of projects (abstract),
monthly_flash,2010-01,2009-10,,Civil Aviation,18,8085.05,8084.76,-0.29,0,14,11,9.18,2250.69,27.84,,0,9,0,18,0,Sectorwise analysis of projects (abstract),printed_code_conflict
monthly_flash,2010-01,2009-10,,Coal,43,26110.4,28183.41,2073.01,11,42,20,21.9,10914.25,42.09,,0,0,0,43,0,Sectorwise analysis of projects (abstract),
monthly_flash,2010-01,2009-10,,Health,1,71.18,443.15,371.97,1,1,1,72.0,477.33,107.71,,0,0,0,1,0,Sectorwise analysis of projects (abstract),
monthly_flash,2010-01,2009-10,,Mines & Metals,1,4091.51,4091.51,0.0,0,1,1,11.0,3316.0,81.05,,0,0,0,1,0,Sectorwise analysis of projects (abstract),
monthly_flash,2010-01,2009-10,,Petroleum & Natural Gas,78,150389.8,171409.05,21019.25,22,77,40,17.32,48683.77,36.96,,0,8,0,78,0,Sectorwise analysis of projects (abstract),
monthly_flash,2010-01,2009-10,,Power,85,165980.96,170607.0,4626.04,17,83,40,19.02,61373.69,36.06,,0,0,0,85,0,Sectorwise analysis of projects (abstract),
monthly_flash,2010-01,2009-10,,Railways,157,53764.93,100114.94,46350.01,121,62,49,60.96,38101.27,42.25,,0,3,0,157,0,Sectorwise analysis of projects (abstract),
monthly_flash,2010-01,2009-10,,Roads & Highways,151,43916.82,44119.51,202.69,5,149,134,29.4,27818.31,73.91,,2,1,0,151,0,Sectorwise analysis of projects (abstract),
monthly_flash,2010-01,2009-10,,Shipping & Ports,20,18154.63,18426.49,271.86,5,18,7,19.29,3943.71,21.67,,0,2,0,20,0,Sectorwise analysis of projects (abstract),
monthly_flash,2010-01,2009-10,,Steel,28,45473.36,50679.38,5206.02,15,26,22,13.09,18707.24,36.91,,0,0,0,28,0,Sectorwise analysis of projects (abstract),
monthly_flash,2010-01,2009-10,,Telecommunications,29,11916.06,11534.73,-381.33,4,24,24,18.5,3702.06,35.19,,0,2,0,29,0,Sectorwise analysis of projects (abstract),
monthly_flash,2010-01,2009-10,,Urban Development & Housing,3,14596.67,15206.03,609.36,2,3,1,4.0,13864.68,92.0,,0,0,0,3,0,Sectorwise analysis of projects (abstract),
monthly_flash,2010-01,2009-10,,Water Resources,1,542.9,1187.0,644.1,1,1,1,60.0,35.49,2.99,,0,0,0,1,0,Sectorwise analysis of projects (abstract),
monthly_flash,2010-02,2009-10,,Atomic Energy,5,25054.29,26308.29,1254.0,1,5,4,17.75,20036.75,76.16,,0,0,0,5,0,Sectorwise analysis of projects (abstract),
monthly_flash,2010-02,2009-10,,Civil Aviation,17,7839.47,7816.89,-22.58,0,14,11,8.09,2149.19,27.49,,1,0,0,17,0,Sectorwise analysis of projects (abstract),printed_code_conflict
monthly_flash,2010-02,2009-10,,Coal,43,26110.4,28858.54,2748.14,12,42,21,23.19,11027.73,41.45,,0,0,0,43,0,Sectorwise analysis of projects (abstract),
monthly_flash,2010-02,2009-10,,Health,1,71.18,443.15,371.97,1,1,1,72.0,477.33,107.71,,0,0,0,1,0,Sectorwise analysis of projects (abstract),
monthly_flash,2010-02,2009-10,,Mines & Metals,1,4091.51,4091.51,0.0,0,1,1,11.0,3316.0,81.05,,0,0,0,1,0,Sectorwise analysis of projects (abstract),
monthly_flash,2010-02,2009-10,,Petroleum & Natural Gas,78,150389.8,171409.05,21019.25,22,77,41,17.2,50793.21,36.11,,0,0,0,78,0,Sectorwise analysis of projects (abstract),
monthly_flash,2010-02,2009-10,,Power,84,165167.29,169829.85,4662.56,17,82,40,18.9,63058.96,37.22,,1,0,0,84,0,Sectorwise analysis of projects (abstract),
monthly_flash,2010-02,2009-10,,Railways,157,53764.93,100933.14,47168.21,122,61,49,60.96,38662.17,42.42,,0,0,0,157,0,Sectorwise analysis of projects (abstract),
monthly_flash,2010-02,2009-10,,Roads & Highways,151,43916.82,44119.51,202.69,5,149,135,30.1,34939.24,81.94,,0,0,0,151,0,Sectorwise analysis of projects (abstract),
monthly_flash,2010-02,2009-10,,Shipping & Ports,20,18154.63,18426.49,271.86,5,18,7,19.29,3943.71,21.67,,0,0,0,20,0,Sectorwise analysis of projects (abstract),
monthly_flash,2010-02,2009-10,,Steel,28,45473.36,52777.38,7304.02,16,26,23,12.83,19585.98,37.11,,0,0,0,28,0,Sectorwise analysis of projects (abstract),
monthly_flash,2010-02,2009-10,,Telecommunications,29,11637.9,11534.73,-381.33,4,24,24,19.38,3705.76,35.23,,0,0,0,29,0,Sectorwise analysis of projects (abstract),
monthly_flash,2010-02,2009-10,,Urban Development & Housing,3,14596.67,15206.03,609.36,2,3,1,4.0,13864.68,92.0,,0,0,0,3,0,Sectorwise analysis of projects (abstract),
monthly_flash,2010-02,2009-10,,Water Resources,1,542.9,1187.0,644.1,1,1,1,60.0,35.49,2.99,,0,0,0,1,0,Sectorwise analysis of projects (abstract),
monthly_flash,2010-03,2009-10,,Atomic Energy,4,21982.29,23236.29,1254.0,1,3,3,15.67,18050.75,77.68,,1,0,0,4,0,Sectorwise analysis of projects (abstract),
monthly_flash,2010-03,2009-10,,Civil Aviation,18,6474.82,6452.24,-22.58,0,12,9,7.11,1959.85,30.37,,0,1,0,18,0,Sectorwise analysis of projects (abstract),
monthly_flash,2010-03,2009-10,,Coal,44,24603.32,26651.29,2047.97,11,44,25,27.6,9512.18,39.28,,1,3,0,44,0,Sectorwise analysis of projects (abstract),
monthly_flash,2010-03,2009-10,,Health,1,71.18,443.15,371.97,1,1,1,72.0,477.33,107.71,,0,0,0,1,0,Sectorwise analysis of projects (abstract),
monthly_flash,2010-03,2009-10,,Mines & Metals,1,4091.51,4091.51,0.0,0,1,1,11.0,3316.0,81.05,,0,0,0,1,0,Sectorwise analysis of projects (abstract),
monthly_flash,2010-03,2009-10,,Petroleum & Natural Gas,78,150894.93,171788.29,20893.36,20,75,43,16.93,53123.53,35.6,,1,2,0,78,0,Sectorwise analysis of projects (abstract),
monthly_flash,2010-03,2009-10,,Power,77,162568.99,166946.23,4377.24,14,75,33,22.18,63339.08,38.03,,7,0,0,77,0,Sectorwise analysis of projects (abstract),
monthly_flash,2010-03,2009-10,,Railways,155,52917.97,95910.99,42993.02,121,61,50,65.02,41209.96,43.6,,2,0,0,155,0,Sectorwise analysis of projects (abstract),
monthly_flash,2010-03,2009-10,,Roads & Highways,151,43916.82,44119.51,202.69,5,149,135,30.81,37904.15,86.5,,0,0,0,151,0,Sectorwise analysis of projects (abstract),
monthly_flash,2010-03,2009-10,,Shipping & Ports,23,24147.63,24730.99,583.36,7,20,8,25.75,4002.18,21.62,,0,3,0,23,0,Sectorwise analysis of projects (abstract),
monthly_flash,2010-03,2009-10,,Steel,29,45769.25,53073.27,7304.02,16,23,20,13.85,19832.27,37.37,,0,1,0,29,0,Sectorwise analysis of projects (abstract),
monthly_flash,2010-03,2009-10,,Telecommunications,40,16794.98,16628.81,-444.33,4,35,35,16.89,4546.76,39.21,,0,11,0,40,0,Sectorwise analysis of projects (abstract),
monthly_flash,2010-03,2009-10,,Urban Development & Housing,9,15336.51,15947.87,611.36,4,7,6,7.0,16272.65,102.91,,0,6,0,9,0,Sectorwise analysis of projects (abstract),
monthly_flash,2010-03,2009-10,,Water Resources,1,542.9,1187.0,644.1,1,1,1,60.0,35.49,2.99,,0,0,0,1,0,Sectorwise analysis of projects (abstract),
monthly_flash,2010-04,2010-11,,Atomic Energy,4,21982.29,23236.29,1254.0,1,3,3,17.0,18410.25,79.23,,0,0,0,4,0,Sectorwise analysis of projects,
monthly_flash,2010-04,2010-11,,Civil Aviation,8,5142.67,5142.67,0.0,0,5,2,2.5,1688.49,32.83,,0,0,0,8,0,Sectorwise analysis of projects,
monthly_flash,2010-04,2010-11,,Coal,38,24083.43,26097.33,2013.9,11,37,22,24.09,8897.62,38.7,,0,1,0,38,0,Sectorwise analysis of projects,
monthly_flash,2010-04,2010-11,,Fertilizers & Chemicals,6,5317.41,5317.41,0.0,0,6,0,,17.28,3.54,,0,6,0,6,0,Sectorwise analysis of projects,
monthly_flash,2010-04,2010-11,,Health,1,71.18,443.15,371.97,1,1,1,72.0,477.33,107.71,,0,0,0,1,0,Sectorwise analysis of projects,
monthly_flash,2010-04,2010-11,,Mines & Metals,1,4091.51,4091.51,0.0,0,1,1,11.0,3316.0,81.05,,0,0,0,1,0,Sectorwise analysis of projects,
monthly_flash,2010-04,2010-11,,Petroleum & Natural Gas,80,156343.74,175218.57,18874.83,21,77,41,17.61,52524.63,35.97,,0,4,0,80,0,Sectorwise analysis of projects,
monthly_flash,2010-04,2010-11,,Power,85,179619.98,184589.75,4969.77,15,83,34,23.03,67069.53,38.43,,0,11,0,85,0,Sectorwise analysis of projects,
monthly_flash,2010-04,2010-11,,Railways,135,51007.64,95575.86,44568.22,110,52,42,65.12,32701.31,36.09,,0,0,0,135,0,Sectorwise analysis of projects,
monthly_flash,2010-04,2010-11,,Roads & Highways,135,41863.55,42136.98,273.43,5,134,122,30.0,36235.78,87.67,,0,0,0,135,0,Sectorwise analysis of projects,
monthly_flash,2010-04,2010-11,,Shipping & Ports,22,24047.63,24630.99,583.36,7,19,8,27.0,4769.62,27.02,,0,0,0,22,0,Sectorwise analysis of projects,
monthly_flash,2010-04,2010-11,,Steel,22,44741.86,52147.8,7405.94,12,12,11,12.73,19762.23,37.9,,0,0,0,22,0,Sectorwise analysis of projects,
monthly_flash,2010-04,2010-11,,Telecommunications,38,16511.58,16433.91,-355.83,4,33,33,17.06,4469.52,39.42,,0,0,0,38,0,Sectorwise analysis of projects,
monthly_flash,2010-04,2010-11,,Urban Development & Housing,2,14513.0,15071.0,558.0,1,2,2,5.5,15987.26,106.08,,0,0,0,2,0,Sectorwise analysis of projects,
monthly_flash,2010-04,2010-11,,Water Resources,1,542.9,1187.0,644.1,1,1,1,60.0,35.49,2.99,,0,0,0,1,0,Sectorwise analysis of projects,
monthly_flash,2010-05,2010-11,,Atomic Energy,4,21982.29,23236.29,1254.0,1,3,3,17.33,18465.25,79.47,,0,0,0,4,0,Sectorwise analysis of projects,
monthly_flash,2010-05,2010-11,,Civil Aviation,8,5142.67,5142.67,0.0,0,5,2,2.5,1688.49,32.83,,0,0,0,8,0,Sectorwise analysis of projects,
monthly_flash,2010-05,2010-11,,Coal,39,24242.02,26255.92,2013.9,11,33,22,24.64,9364.84,38.52,,0,1,0,39,0,Sectorwise analysis of projects,
monthly_flash,2010-05,2010-11,,Fertilizers & Chemicals,6,5317.41,5317.41,0.0,0,6,0,,,,,0,0,0,6,0,Sectorwise analysis of projects,
monthly_flash,2010-05,2010-11,,Health,1,71.18,443.15,371.97,1,1,1,72.0,477.33,107.71,,0,0,0,1,0,Sectorwise analysis of projects,
monthly_flash,2010-05,2010-11,,Mines & Metals,1,4091.51,4091.51,0.0,0,1,1,11.0,3316.0,81.05,,0,0,0,1,0,Sectorwise analysis of projects,
monthly_flash,2010-05,2010-11,,Petroleum & Natural Gas,79,155953.74,176846.51,20892.77,25,70,44,18.02,58763.49,35.23,,1,0,0,79,0,Sectorwise analysis of projects,
monthly_flash,2010-05,2010-11,,Power,84,178816.28,188077.57,9261.29,14,79,33,23.06,80168.12,45.17,,0,0,0,84,0,Sectorwise analysis of projects,
monthly_flash,2010-05,2010-11,,Railways,135,51007.64,101416.46,50408.82,111,51,42,65.12,43074.21,43.59,,0,0,0,135,0,Sectorwise analysis of projects,
monthly_flash,2010-05,2010-11,,Roads & Highways,135,41863.55,42136.98,273.43,5,134,123,30.49,34831.42,88.01,,0,0,0,135,0,Sectorwise analysis of projects,
monthly_flash,2010-05,2010-11,,Shipping & Ports,22,24047.63,24630.99,583.36,7,19,8,27.38,4783.27,25.98,,0,0,0,22,0,Sectorwise analysis of projects,
monthly_flash,2010-05,2010-11,,Steel,22,44741.86,52147.8,7405.94,12,12,11,12.73,22671.71,43.48,,0,0,0,22,0,Sectorwise analysis of projects,
monthly_flash,2010-05,2010-11,,Telecommunications,39,17315.28,17426.14,-167.3,7,34,34,19.41,5700.37,45.76,,0,0,0,39,0,Sectorwise analysis of projects,
monthly_flash,2010-05,2010-11,,Urban Development & Housing,2,15071.0,15071.0,0.0,0,2,2,5.5,16995.33,112.77,,0,0,0,2,0,Sectorwise analysis of projects,
monthly_flash,2010-05,2010-11,,Water Resources,1,542.9,1187.0,644.1,1,1,1,60.0,35.49,2.99,,0,0,0,1,0,Sectorwise analysis of projects,
monthly_flash,2010-06,2010-11,,Atomic Energy,4,21982.29,23236.29,1254.0,1,3,3,17.33,18465.25,79.47,,0,0,0,4,0,Sectorwise analysis of projects,
monthly_flash,2010-06,2010-11,,Civil Aviation,8,5142.67,5142.67,0.0,0,5,2,2.5,1688.49,32.83,,0,0,0,8,0,Sectorwise analysis of projects,
monthly_flash,2010-06,2010-11,,Coal,39,24242.02,26295.92,2053.9,12,32,21,25.29,9541.83,38.65,,0,0,0,39,0,Sectorwise analysis of projects,
monthly_flash,2010-06,2010-11,,Fertilizers & Chemicals,6,5317.41,5317.41,0.0,0,6,0,,,,,0,0,0,6,0,Sectorwise analysis of projects,
monthly_flash,2010-06,2010-11,,Health,1,71.18,443.15,371.97,1,1,1,72.0,477.33,107.71,,0,0,0,1,0,Sectorwise analysis of projects,
monthly_flash,2010-06,2010-11,,Mines & Metals,1,4091.51,4091.51,0.0,0,1,1,11.0,3316.0,81.05,,0,0,0,1,0,Sectorwise analysis of projects,
monthly_flash,2010-06,2010-11,,Petroleum & Natural Gas,78,154318.74,172142.54,17823.8,25,69,44,17.41,58893.73,36.28,,2,0,0,78,0,Sectorwise analysis of projects,
monthly_flash,2010-06,2010-11,,Power,83,172530.95,180735.86,8204.91,14,78,32,22.62,68728.59,39.41,,1,0,0,83,0,Sectorwise analysis of projects,
monthly_flash,2010-06,2010-11,,Railways,135,51007.64,103651.54,52643.9,112,52,43,65.37,40686.33,42.27,,0,0,0,135,0,Sectorwise analysis of projects,
monthly_flash,2010-06,2010-11,,Roads & Highways,135,41863.55,42136.98,273.43,5,130,124,30.7,35141.65,91.05,,0,0,0,135,0,Sectorwise analysis of projects,
monthly_flash,2010-06,2010-11,,Shipping & Ports,22,24047.63,24630.99,583.36,7,19,8,27.62,3636.22,19.75,,0,0,0,22,0,Sectorwise analysis of projects,
monthly_flash,2010-06,2010-11,,Steel,21,44492.92,52744.9,8251.98,13,11,10,13.4,22880.17,43.38,,1,0,0,21,0,Sectorwise analysis of projects,
monthly_flash,2010-06,2010-11,,Telecommunications,58,27675.46,27693.47,18.01,8,52,47,16.79,9385.98,41.76,,2,21,0,58,0,Sectorwise analysis of projects,
monthly_flash,2010-06,2010-11,,Urban Development & Housing,2,15071.0,27368.36,12297.36,2,2,2,9.0,17559.5,64.16,,0,0,0,2,0,Sectorwise analysis of projects,
monthly_flash,2010-06,2010-11,,Water Resources,1,542.9,1187.0,644.1,1,1,1,60.0,35.49,2.99,,0,0,0,1,0,Sectorwise analysis of projects,
monthly_flash,2010-07,2010-11,,Atomic Energy,4,21982.29,23236.29,1254.0,1,3,3,17.33,19001.84,81.78,,0,0,0,4,0,Sectorwise analysis of projects,
monthly_flash,2010-07,2010-11,,Civil Aviation,9,5347.4,5347.4,0.0,0,5,2,2.5,1694.46,31.69,,0,1,0,9,0,Sectorwise analysis of projects,
monthly_flash,2010-07,2010-11,,Coal,39,24242.02,27304.44,3062.42,14,32,21,26.43,9515.28,37.7,,0,0,0,39,0,Sectorwise analysis of projects,
monthly_flash,2010-07,2010-11,,Fertilizers & Chemicals,6,5317.41,5317.41,0.0,0,5,0,,,,,0,0,0,6,0,Sectorwise analysis of projects,
monthly_flash,2010-07,2010-11,,Health,1,71.18,443.15,371.97,1,1,1,72.0,477.33,107.71,,0,0,0,1,0,Sectorwise analysis of projects,
monthly_flash,2010-07,2010-11,,Mines & Metals,1,4091.51,4091.51,0.0,0,0,0,,3316.0,81.05,,0,0,0,1,0,Sectorwise analysis of projects,
monthly_flash,2010-07,2010-11,,Petroleum & Natural Gas,79,165180.9,182291.63,17110.73,23,62,36,20.72,56951.74,35.84,,4,5,0,79,0,Sectorwise analysis of projects,
monthly_flash,2010-07,2010-11,,Power,85,179619.98,188867.08,9247.1,18,82,36,22.44,73533.05,40.24,,0,0,0,85,0,Sectorwise analysis of projects,
monthly_flash,2010-07,2010-11,,Railways,135,51007.64,103480.09,52472.45,112,50,41,60.73,34362.24,42.91,,0,0,0,135,0,Sectorwise analysis of projects,
monthly_flash,2010-07,2010-11,,Roads & Highways,135,41863.55,42136.98,273.43,5,124,119,31.12,35984.87,93.49,,0,0,0,135,0,Sectorwise analysis of projects,
monthly_flash,2010-07,2010-11,,Shipping & Ports,22,24047.63,24630.99,583.36,7,17,9,24.67,4206.24,22.85,,0,0,0,22,0,Sectorwise analysis of projects,
monthly_flash,2010-07,2010-11,,Steel,20,44197.03,65533.01,21335.98,13,8,8,14.88,26909.61,41.06,,1,0,0,20,0,Sectorwise analysis of projects,
monthly_flash,2010-07,2010-11,,Telecommunications,58,27020.91,27154.89,133.98,10,49,44,17.09,8196.03,38.19,,2,1,0,58,0,Sectorwise analysis of projects,
monthly_flash,2010-07,2010-11,,Urban Development & Housing,2,15071.0,30503.36,15432.36,2,2,2,9.0,18009.17,59.04,,0,0,0,2,0,Sectorwise analysis of projects,
monthly_flash,2010-07,2010-11,,Water Resources,1,542.9,1187.0,644.1,1,1,1,60.0,35.49,2.99,,0,0,0,1,0,Sectorwise analysis of projects,
monthly_flash,2010-08,2010-11,,Atomic Energy,4,21982.29,23236.29,1254.0,1,3,3,17.33,19001.84,81.78,,0,0,0,4,0,Sectorwise analysis of projects,
monthly_flash,2010-08,2010-11,,Civil Aviation,9,5347.4,5347.4,0.0,0,6,3,3.67,2222.56,41.56,,0,0,0,9,0,Sectorwise analysis of projects,
monthly_flash,2010-08,2010-11,,Coal,44,25571.91,29059.39,3487.48,13,37,22,26.55,11672.9,42.53,,0,5,0,44,0,Sectorwise analysis of projects,
monthly_flash,2010-08,2010-11,,Fertilizers & Chemicals,6,5317.41,5317.41,0.0,0,2,0,,110.69,22.65,,0,0,0,6,0,Sectorwise analysis of projects,
monthly_flash,2010-08,2010-11,,Health,1,71.18,443.15,371.97,1,1,1,72.0,477.33,107.71,,0,0,0,1,0,Sectorwise analysis of projects,
monthly_flash,2010-08,2010-11,,Mines & Metals,1,4091.51,4091.51,0.0,0,0,0,,3316.0,81.05,,0,0,0,1,0,Sectorwise analysis of projects,
monthly_flash,2010-08,2010-11,,Petroleum & Natural Gas,81,171218.11,189247.41,18029.3,23,64,36,20.86,60707.52,36.1,,4,2,0,81,0,Sectorwise analysis of projects,
monthly_flash,2010-08,2010-11,,Power,85,179619.98,187805.89,8185.91,16,83,38,21.34,74124.32,40.87,,0,0,0,85,0,Sectorwise analysis of projects,
monthly_flash,2010-08,2010-11,,Railways,136,51111.74,106031.66,54919.92,115,47,39,56.82,46635.84,44.08,,0,1,0,136,0,Sectorwise analysis of projects,
monthly_flash,2010-08,2010-11,,Roads & Highways,135,41863.55,42136.98,273.43,5,123,118,32.03,39536.56,95.01,,0,0,0,135,0,Sectorwise analysis of projects,
monthly_flash,2010-08,2010-11,,Shipping & Ports,23,24491.73,25075.09,583.36,7,18,10,25.1,4227.93,22.97,,0,1,0,23,0,Sectorwise analysis of projects,
monthly_flash,2010-08,2010-11,,Steel,20,44197.03,65514.79,21317.76,12,8,8,15.0,23346.29,35.64,,1,0,0,20,0,Sectorwise analysis of projects,
monthly_flash,2010-08,2010-11,,Telecommunications,58,27020.91,27154.89,133.98,10,49,44,17.16,8165.94,38.38,,2,0,0,58,0,Sectorwise analysis of projects,
monthly_flash,2010-08,2010-11,,Urban Development & Housing,2,15071.0,30503.36,15432.36,2,2,2,9.0,18515.02,60.7,,0,0,0,2,0,Sectorwise analysis of projects,
monthly_flash,2010-08,2010-11,,Water Resources,1,542.9,1187.0,644.1,1,1,1,60.0,35.49,2.99,,0,0,0,1,0,Sectorwise analysis of projects,
monthly_flash,2010-09,2010-11,,Atomic Energy,4,21982.29,23236.29,1254.0,1,3,3,20.67,19092.89,82.17,,0,0,0,4,0,Sectorwise analysis of projects,
monthly_flash,2010-09,2010-11,,Civil Aviation,9,5347.4,5347.4,0.0,0,6,3,3.67,2522.61,49.63,,0,0,0,9,0,Sectorwise analysis of projects,
monthly_flash,2010-09,2010-11,,Coal,44,25210.3,28542.19,3331.89,13,36,19,28.0,10123.4,37.34,,1,1,0,44,0,Sectorwise analysis of projects,
monthly_flash,2010-09,2010-11,,Fertilizers & Chemicals,6,5317.41,5317.41,0.0,0,2,0,,161.98,3.56,,0,0,0,6,0,Sectorwise analysis of projects,
monthly_flash,2010-09,2010-11,,Health,1,71.18,443.15,371.97,1,1,1,72.0,547.78,123.61,,0,0,0,1,0,Sectorwise analysis of projects,
monthly_flash,2010-09,2010-11,,Mines & Metals,1,4091.51,4401.76,310.25,1,1,1,27.0,3856.5,87.61,,0,0,0,1,0,Sectorwise analysis of projects,
monthly_flash,2010-09,2010-11,,Petroleum & Natural Gas,70,144690.62,160094.89,15404.27,20,65,33,22.42,45689.1,33.04,,13,2,1,70,0,Sectorwise analysis of projects,
monthly_flash,2010-09,2010-11,,Power,85,180925.92,188054.62,7128.7,15,80,38,19.29,70486.99,40.35,,0,1,0,85,0,Sectorwise analysis of projects,
monthly_flash,2010-09,2010-11,,Railways,129,49023.84,104193.13,55169.29,110,42,34,60.35,45786.84,44.53,,5,0,0,129,0,Sectorwise analysis of projects,
monthly_flash,2010-09,2010-11,,Roads & Highways,116,34200.81,34474.24,273.43,5,116,113,33.35,31633.81,92.98,,18,0,1,116,0,Sectorwise analysis of projects,printed_code_conflict
monthly_flash,2010-09,2010-11,,Shipping & Ports,22,17128.49,17711.75,583.26,6,19,10,20.3,4698.22,36.46,,2,1,0,22,0,Sectorwise analysis of projects,
monthly_flash,2010-09,2010-11,,Steel,16,43096.53,64258.46,21161.93,8,14,9,14.22,25232.56,39.27,,2,0,0,16,0,Sectorwise analysis of projects,
monthly_flash,2010-09,2010-11,,Telecommunications,47,22779.47,23237.57,458.1,7,42,38,17.39,7257.74,38.8,,8,0,0,47,0,Sectorwise analysis of projects,
monthly_flash,2010-09,2010-11,,Urban Development & Housing,2,15071.0,30503.36,15432.36,2,2,2,9.5,18794.22,61.61,,0,0,0,2,0,Sectorwise analysis of projects,
monthly_flash,2010-09,2010-11,,Water Resources,1,542.9,1187.0,644.1,1,1,1,60.0,35.49,2.99,,0,0,0,1,0,Sectorwise analysis of projects,
monthly_flash,2010-10,2010-11,,Atomic Energy,4,21982.29,24167.29,2185.0,1,3,3,20.67,19135.89,79.18,,0,0,0,4,0,Sectorwise analysis of projects,
monthly_flash,2010-10,2010-11,,Civil Aviation,9,5347.4,5347.4,0.0,0,8,3,3.67,2786.9,52.12,,0,0,0,9,0,Sectorwise analysis of projects,
monthly_flash,2010-10,2010-11,,Coal,44,25210.3,28542.19,3331.89,13,36,19,28.26,10241.68,38.26,,1,0,0,44,0,Sectorwise analysis of projects,
monthly_flash,2010-10,2010-11,,Fertilizers & Chemicals,6,5317.41,5317.41,0.0,0,5,0,,223.1,4.2,,0,0,0,6,0,Sectorwise analysis of projects,
monthly_flash,2010-10,2010-11,,Health,0,,,,0,0,0,,,,,1,0,0,0,0,Sectorwise analysis of projects,
monthly_flash,2010-10,2010-11,,Mines & Metals,1,4091.51,4401.76,310.25,1,1,1,27.0,,,,0,0,0,1,0,Sectorwise analysis of projects,
monthly_flash,2010-10,2010-11,,Petroleum & Natural Gas,71,145231.54,160004.07,14772.53,18,63,34,21.44,49198.56,33.05,,13,0,0,71,0,Sectorwise analysis of projects,
monthly_flash,2010-10,2010-11,,Power,88,182037.84,187852.55,5814.71,15,83,40,20.8,77473.08,43.21,,0,2,0,88,0,Sectorwise analysis of projects,
monthly_flash,2010-10,2010-11,,Railways,128,48823.84,103728.73,54904.89,109,44,36,65.03,46164.32,44.61,,6,0,0,128,0,Sectorwise analysis of projects,
monthly_flash,2010-10,2010-11,,Roads & Highways,124,44552.67,44917.67,365.0,8,124,112,34.12,36718.91,81.75,,20,10,1,124,0,Sectorwise analysis of projects,printed_code_conflict
monthly_flash,2010-10,2010-11,,Shipping & Ports,21,15469.9,15925.66,455.76,6,19,10,24.7,6496.03,44.11,,3,0,0,21,0,Sectorwise analysis of projects,
monthly_flash,2010-10,2010-11,,Steel,16,43096.53,64258.46,21161.93,8,13,9,14.44,25912.86,40.33,,2,0,0,16,0,Sectorwise analysis of projects,
monthly_flash,2010-10,2010-11,,Telecommunications,44,21442.79,21913.49,470.7,8,40,38,18.03,7112.04,40.92,,12,0,0,44,0,Sectorwise analysis of projects,
monthly_flash,2010-10,2010-11,,Urban Development & Housing,2,15071.0,30503.36,15432.36,2,2,2,10.0,19020.86,62.36,,0,0,0,2,0,Sectorwise analysis of projects,
monthly_flash,2010-10,2010-11,,Water Resources,1,542.9,1187.0,644.1,1,1,1,60.0,35.49,2.99,,0,0,0,1,0,Sectorwise analysis of projects,
monthly_flash,2010-11,2010-11,,Atomic Energy,4,21982.29,24167.29,2185.0,1,3,3,20.67,18964.66,78.47,,0,0,0,4,0,Sectorwise analysis of projects,
monthly_flash,2010-11,2010-11,,Civil Aviation,8,4812.4,4812.4,0.0,0,6,2,4.0,2379.84,49.45,,0,0,1,8,0,Sectorwise analysis of projects,printed_code_conflict
monthly_flash,2010-11,2010-11,,Coal,44,25210.2,28547.29,3337.09,15,36,19,26.58,9636.83,35.54,,1,0,0,44,0,Sectorwise analysis of projects,
monthly_flash,2010-11,2010-11,,Fertilizers & Chemicals,6,5317.41,5317.41,0.0,0,5,0,,251.25,4.73,,0,0,0,6,0,Sectorwise analysis of projects,
monthly_flash,2010-11,2010-11,,Health,0,,,,0,0,0,,,,,1,0,0,0,0,Sectorwise analysis of projects,
monthly_flash,2010-11,2010-11,,Mines & Metals,1,4091.51,4401.76,310.25,1,1,1,27.0,3893.98,88.46,,0,0,0,1,0,Sectorwise analysis of projects,
monthly_flash,2010-11,2010-11,,Petroleum & Natural Gas,70,142330.59,155206.1,12875.51,16,58,31,22.81,48309.52,33.29,,15,0,0,70,0,Sectorwise analysis of projects,
monthly_flash,2010-11,2010-11,,Power,83,179759.57,185077.1,5317.53,14,78,40,21.6,76959.48,43.6,,5,0,0,83,0,Sectorwise analysis of projects,
monthly_flash,2010-11,2010-11,,Railways,147,68578.35,126174.41,57596.06,111,63,35,63.97,46401.58,43.41,,7,20,0,147,0,Sectorwise analysis of projects,
monthly_flash,2010-11,2010-11,,Roads & Highways,123,44403.11,46104.91,1701.8,11,123,113,34.52,37313.67,80.93,,22,0,1,123,0,Sectorwise analysis of projects,printed_code_conflict
monthly_flash,2010-11,2010-11,,Shipping & Ports,22,16082.62,16926.26,843.64,6,21,11,29.82,6763.65,43.0,,3,0,0,22,0,Sectorwise analysis of projects,
monthly_flash,2010-11,2010-11,,Steel,19,43780.53,65379.56,21599.03,11,15,11,17.82,26726.72,40.88,,2,0,0,19,0,Sectorwise analysis of projects,
monthly_flash,2010-11,2010-11,,Telecommunications,42,20234.49,20696.79,462.3,7,39,38,18.95,6916.79,42.01,,14,0,0,42,0,Sectorwise analysis of projects,
monthly_flash,2010-11,2010-11,,Urban Development & Housing,2,15071.0,30503.36,15432.36,2,2,2,10.5,19778.11,64.84,,0,0,0,2,0,Sectorwise analysis of projects,
monthly_flash,2010-11,2010-11,,Water Resources,1,542.9,1187.0,644.1,1,1,1,60.0,35.49,2.99,,0,0,0,1,0,Sectorwise analysis of projects,
monthly_flash,2010-12,2010-11,,Atomic Energy,4,21982.29,24167.29,2185.0,1,3,3,20.67,19086.66,78.98,,0,0,0,4,0,Sectorwise analysis of projects,
monthly_flash,2010-12,2010-11,,Civil Aviation,8,4812.4,4812.4,0.0,0,6,2,4.0,2527.08,52.51,,0,0,1,8,0,Sectorwise analysis of projects,printed_code_conflict
monthly_flash,2010-12,2010-11,,Coal,45,25452.49,28789.58,3337.09,15,37,19,26.63,9817.26,36.21,,1,0,0,45,0,Sectorwise analysis of projects,
monthly_flash,2010-12,2010-11,,Fertilizers & Chemicals,6,5317.41,5317.41,0.0,0,5,1,1.0,258.03,4.85,,0,0,0,6,0,Sectorwise analysis of projects,
monthly_flash,2010-12,2010-11,,Health,0,,,,0,0,0,,,,,1,0,0,0,0,Sectorwise analysis of projects,
monthly_flash,2010-12,2010-11,,Mines & Metals,1,4091.51,4401.76,310.25,1,1,1,27.0,3908.29,88.79,,0,0,0,1,0,Sectorwise analysis of projects,
monthly_flash,2010-12,2010-11,,Petroleum & Natural Gas,67,140110.59,153534.21,13423.62,15,56,32,26.22,46160.39,31.9,,18,0,0,67,0,Sectorwise analysis of projects,
monthly_flash,2010-12,2010-11,,Power,83,179759.57,185077.1,5317.53,14,79,43,23.05,78751.88,44.61,,5,0,0,83,0,Sectorwise analysis of projects,
monthly_flash,2010-12,2010-11,,Railways,147,68578.35,126901.43,58323.08,112,62,35,61.83,49039.13,44.46,,7,0,0,147,0,Sectorwise analysis of projects,
monthly_flash,2010-12,2010-11,,Roads & Highways,121,45247.77,47108.09,1860.32,11,121,111,35.6,41511.41,88.12,,25,0,1,121,0,Sectorwise analysis of projects,printed_code_conflict
monthly_flash,2010-12,2010-11,,Shipping & Ports,23,18352.6,19276.36,923.76,7,22,15,29.13,5312.09,32.07,,4,2,0,23,0,Sectorwise analysis of projects,
monthly_flash,2010-12,2010-11,,Steel,19,43780.53,65379.56,21599.03,11,15,11,16.64,27101.9,41.45,,2,0,0,19,0,Sectorwise analysis of projects,
monthly_flash,2010-12,2010-11,,Telecommunications,40,19435.89,19898.19,462.3,7,37,36,19.0,7084.97,43.58,,15,0,0,40,0,Sectorwise analysis of projects,
monthly_flash,2010-12,2010-11,,Urban Development & Housing,2,15071.0,30503.36,15432.36,2,2,2,10.5,20371.24,66.78,,0,0,0,2,0,Sectorwise analysis of projects,
monthly_flash,2010-12,2010-11,,Water Resources,1,542.9,1187.0,644.1,1,1,1,60.0,35.49,2.99,,0,0,0,1,0,Sectorwise analysis of projects,
monthly_flash,2011-01,2010-11,,Atomic Energy,3,17769.29,19954.29,2185.0,1,2,2,24.0,16476.66,82.57,,1,0,0,3,0,Sectorwise analysis of projects,
monthly_flash,2011-01,2010-11,,Civil Aviation,8,4812.4,4812.4,0.0,0,8,4,3.0,2726.44,56.65,,0,0,1,8,0,Sectorwise analysis of projects,printed_code_conflict
monthly_flash,2011-01,2010-11,,Coal,45,25452.49,28789.58,3337.09,15,37,19,26.74,10000.35,36.88,,1,0,0,45,0,Sectorwise analysis of projects,
monthly_flash,2011-01,2010-11,,Fertilizers & Chemicals,6,5317.41,5317.41,0.0,0,5,1,1.0,302.63,5.69,,0,0,0,6,0,Sectorwise analysis of projects,
monthly_flash,2011-01,2010-11,,Health,0,,,,0,0,0,,,,,1,0,0,0,0,Sectorwise analysis of projects,
monthly_flash,2011-01,2010-11,,Mines & Metals,1,4091.51,4401.76,310.25,1,1,1,27.0,3928.0,89.24,,0,0,0,1,0,Sectorwise analysis of projects,
monthly_flash,2011-01,2010-11,,Petroleum & Natural Gas,68,145208.56,159605.17,14396.61,14,57,34,24.68,48452.71,33.81,,19,1,0,68,0,Sectorwise analysis of projects,
monthly_flash,2011-01,2010-11,,Power,79,171256.4,176509.08,5252.68,14,77,44,23.86,74892.64,44.14,,8,0,0,79,0,Sectorwise analysis of projects,
monthly_flash,2011-01,2010-11,,Railways,146,68907.72,123735.87,54828.15,110,63,35,60.03,51121.59,45.39,,10,1,0,146,0,Sectorwise analysis of projects,
monthly_flash,2011-01,2010-11,,Roads & Highways,125,51306.01,53204.42,1898.41,11,125,108,36.08,41763.4,82.97,,30,5,1,125,0,Sectorwise analysis of projects,printed_code_conflict
monthly_flash,2011-01,2010-11,,Shipping & Ports,23,18352.6,19288.36,935.76,8,22,16,27.62,5795.75,34.96,,4,0,0,23,0,Sectorwise analysis of projects,
monthly_flash,2011-01,2010-11,,Steel,14,40023.85,61734.88,21711.03,11,9,9,20.33,25420.13,41.18,,7,0,0,14,0,Sectorwise analysis of projects,
monthly_flash,2011-01,2010-11,,Telecommunications,41,20025.99,20488.29,462.3,7,37,36,19.08,7086.02,43.59,,15,0,0,41,0,Sectorwise analysis of projects,
monthly_flash,2011-01,2010-11,,Urban Development & Housing,3,15185.18,30684.66,15499.48,3,3,3,14.67,21115.94,68.82,,0,0,0,3,0,Sectorwise analysis of projects,
monthly_flash,2011-01,2010-11,,Water Resources,1,542.9,1187.0,644.1,1,1,1,60.0,35.49,2.99,,0,0,0,1,0,Sectorwise analysis of projects,
monthly_flash,2011-02,2010-11,,Atomic Energy,3,17769.29,22607.29,4838.0,2,2,2,25.5,17227.94,76.21,,1,0,0,3,0,Sectorwise analysis of projects,
monthly_flash,2011-02,2010-11,,Civil Aviation,7,4521.48,4521.48,0.0,0,7,3,3.67,2477.8,54.8,,1,0,1,7,0,Sectorwise analysis of projects,printed_code_conflict
monthly_flash,2011-02,2010-11,,Coal,45,25452.49,28789.58,3337.09,15,36,19,27.47,10113.39,37.29,,1,0,0,45,0,Sectorwise analysis of projects,
monthly_flash,2011-02,2010-11,,Fertilizers & Chemicals,6,5317.41,5317.41,0.0,0,5,1,1.0,345.27,6.49,,0,0,0,6,0,Sectorwise analysis of projects,
monthly_flash,2011-02,2010-11,,Health,0,,,,0,0,0,,,,,1,0,0,0,0,Sectorwise analysis of projects,
monthly_flash,2011-02,2010-11,,Mines & Metals,1,4091.51,4401.76,310.25,1,1,1,27.0,3942.55,89.57,,0,0,0,1,0,Sectorwise analysis of projects,
monthly_flash,2011-02,2010-11,,Petroleum & Natural Gas,70,159424.34,174919.99,15495.65,16,59,34,25.35,53723.91,35.49,,19,2,0,70,0,Sectorwise analysis of projects,
monthly_flash,2011-02,2010-11,,Power,82,173813.0,179065.68,5252.68,14,80,44,23.95,76458.89,45.23,,8,0,0,82,0,Sectorwise analysis of projects,
monthly_flash,2011-02,2010-11,,Railways,145,68682.72,122500.87,53818.15,109,62,34,61.88,50816.36,42.36,,11,0,0,145,0,Sectorwise analysis of projects,
monthly_flash,2011-02,2010-11,,Roads & Highways,122,50323.24,52221.65,1898.41,11,122,105,36.57,41629.79,81.19,,33,0,1,122,0,Sectorwise analysis of projects,printed_code_conflict
monthly_flash,2011-02,2010-11,,Shipping & Ports,25,19072.31,19955.57,883.26,7,24,19,26.32,7134.28,37.08,,5,3,0,25,0,Sectorwise analysis of projects,
monthly_flash,2011-02,2010-11,,Steel,14,40023.85,59739.88,19716.03,10,9,9,19.78,24719.0,41.54,,7,0,0,14,0,Sectorwise analysis of projects,
monthly_flash,2011-02,2010-11,,Telecommunications,41,20025.99,20424.17,398.18,6,37,36,19.22,7246.49,45.85,,15,0,0,41,0,Sectorwise analysis of projects,
monthly_flash,2011-02,2010-11,,Urban Development & Housing,3,15185.18,30684.66,15499.48,3,3,3,16.0,17217.46,90.26,,0,0,0,3,0,Sectorwise analysis of projects,
monthly_flash,2011-02,2010-11,,Water Resources,1,542.9,1187.0,644.1,1,1,1,60.0,35.49,2.99,,0,0,0,1,0,Sectorwise analysis of projects,
monthly_flash,2011-03,2010-11,,Atomic Energy,3,17769.29,22607.29,4838.0,2,2,2,27.5,17431.5,77.11,,1,0,0,3,0,Sectorwise analysis of projects,
monthly_flash,2011-03,2010-11,,Civil Aviation,8,5056.48,5056.48,0.0,0,6,3,8.67,1712.73,55.0,,1,0,0,8,0,Sectorwise analysis of projects,
monthly_flash,2011-03,2010-11,,Coal,45,25504.15,28789.48,3285.33,9,45,20,30.55,10912.18,40.01,,1,0,0,45,0,Sectorwise analysis of projects,
monthly_flash,2011-03,2010-11,,Fertilizers & Chemicals,6,5317.41,5317.41,0.0,0,5,1,1.0,390.1,8.57,,0,0,0,6,0,Sectorwise analysis of projects,
monthly_flash,2011-03,2010-11,,Health,0,,,,0,0,0,,,,,1,0,0,0,0,Sectorwise analysis of projects,
monthly_flash,2011-03,2010-11,,Mines & Metals,1,4091.51,4401.76,310.25,1,1,1,29.0,3957.31,89.9,,0,0,0,1,0,Sectorwise analysis of projects,
monthly_flash,2011-03,2010-11,,Petroleum & Natural Gas,77,167009.99,175658.75,8648.76,18,70,34,23.68,51484.89,34.02,,21,11,0,77,0,Sectorwise analysis of projects,
monthly_flash,2011-03,2010-11,,Power,81,173209.28,178736.68,5527.4,12,81,44,26.64,79066.45,45.4,,9,0,0,81,0,Sectorwise analysis of projects,
monthly_flash,2011-03,2010-11,,Railways,138,67069.85,119977.99,52908.14,103,63,37,55.78,52723.66,45.42,,17,0,0,138,0,Sectorwise analysis of projects,
monthly_flash,2011-03,2010-11,,Roads & Highways,120,53244.18,55142.59,1898.41,11,120,98,37.14,42671.35,78.73,,40,5,0,120,0,Sectorwise analysis of projects,
monthly_flash,2011-03,2010-11,,Shipping & Ports,25,19072.31,20026.03,953.72,7,24,17,27.06,7039.23,36.83,,5,0,0,25,0,Sectorwise analysis of projects,
monthly_flash,2011-03,2010-11,,Steel,13,39927.85,65040.88,25113.03,10,7,7,22.86,25676.31,39.48,,8,0,0,13,0,Sectorwise analysis of projects,
monthly_flash,2011-03,2010-11,,Telecommunications,41,20025.99,21026.52,1000.53,7,36,35,19.54,7326.83,43.62,,15,0,0,41,0,Sectorwise analysis of projects,
monthly_flash,2011-03,2010-11,,Urban Development & Housing,3,15185.18,30684.66,15499.48,3,3,3,16.0,21515.77,70.12,,0,0,0,3,0,Sectorwise analysis of projects,
monthly_flash,2011-03,2010-11,,Water Resources,1,542.9,1187.0,644.1,1,1,1,60.0,35.49,2.99,,0,0,0,1,0,Sectorwise analysis of projects,
monthly_flash,2011-04,2011-12,,Atomic Energy,3,17769.29,22607.29,4838.0,2,2,2,27.5,17723.14,78.4,,0,0,0,3,0,Sectorwise analysis of projects,
monthly_flash,2011-04,2011-12,,Civil Aviation,7,4826.48,4826.48,0.0,0,6,4,8.75,2464.47,51.06,,1,0,0,7,0,Sectorwise analysis of projects,
monthly_flash,2011-04,2011-12,,Coal,45,25509.15,28789.48,3280.33,8,45,22,29.5,10641.28,40.0,,0,0,0,45,0,Sectorwise analysis of projects,
monthly_flash,2011-04,2011-12,,Fertilizers & Chemicals,6,5317.41,5317.41,0.0,0,5,1,1.0,415.19,9.12,,0,0,0,6,0,Sectorwise analysis of projects,
monthly_flash,2011-04,2011-12,,Mines & Metals,1,4091.51,4401.76,310.25,1,1,1,29.0,3648.2,82.88,,0,0,0,1,0,Sectorwise analysis of projects,
monthly_flash,2011-04,2011-12,,Petroleum & Natural Gas,73,157868.41,167284.98,9416.57,19,62,35,23.31,58101.99,39.49,,2,0,0,73,0,Sectorwise analysis of projects,
monthly_flash,2011-04,2011-12,,Power,86,178558.19,184085.59,5527.4,12,86,45,25.53,82495.45,46.58,,1,0,0,86,0,Sectorwise analysis of projects,
monthly_flash,2011-04,2011-12,,Railways,139,66775.98,123021.21,56245.23,104,63,40,53.28,49671.06,44.09,,1,0,0,139,0,Sectorwise analysis of projects,
monthly_flash,2011-04,2011-12,,Roads & Highways,119,52920.82,54384.23,1463.41,11,119,97,37.31,43500.17,81.4,,1,0,0,119,0,Sectorwise analysis of projects,
monthly_flash,2011-04,2011-12,,Shipping & Ports,23,14464.19,15317.65,853.46,6,22,16,28.62,3080.05,22.59,,1,0,0,23,0,Sectorwise analysis of projects,
monthly_flash,2011-04,2011-12,,Steel,13,39927.85,65040.88,25113.03,10,5,5,20.8,24683.66,46.37,,0,0,0,13,0,Sectorwise analysis of projects,
monthly_flash,2011-04,2011-12,,Telecommunications,41,20025.99,21450.84,1424.85,9,35,34,19.47,5311.14,31.56,,0,0,0,41,0,Sectorwise analysis of projects,
monthly_flash,2011-04,2011-12,,Urban Development & Housing,3,15185.18,30684.66,15499.48,3,3,3,16.0,19895.97,64.84,,0,0,0,3,0,Sectorwise analysis of projects,
monthly_flash,2011-04,2011-12,,Water Resources,1,542.9,1187.0,644.1,1,1,1,60.0,35.49,2.99,,0,0,0,1,0,Sectorwise analysis of projects,
monthly_flash,2011-05,2011-12,,Atomic Energy,4,29228.29,34066.29,4838.0,2,3,3,22.67,18405.16,54.03,,0,0,0,4,0,Sectorwise analysis of projects,
monthly_flash,2011-05,2011-12,,Civil Aviation,5,4123.24,4078.13,-45.11,0,5,3,9.67,2439.31,59.81,,2,0,1,5,0,Sectorwise analysis of projects,
monthly_flash,2011-05,2011-12,,Coal,45,25504.15,28789.58,3285.43,10,43,20,30.65,10716.48,40.39,,0,0,0,45,0,Sectorwise analysis of projects,
monthly_flash,2011-05,2011-12,,Fertilizers & Chemicals,6,5317.41,5317.41,0.0,0,5,1,1.0,453.87,9.97,,0,0,0,6,0,Sectorwise analysis of projects,
monthly_flash,2011-05,2011-12,,Mines & Metals,1,4091.51,4401.76,310.25,1,1,1,29.0,3983.0,90.49,,0,0,0,1,0,Sectorwise analysis of projects,
monthly_flash,2011-05,2011-12,,Petroleum & Natural Gas,74,165845.81,174838.18,8992.37,18,62,34,24.41,60887.36,38.64,,2,1,0,74,0,Sectorwise analysis of projects,
monthly_flash,2011-05,2011-12,,Power,85,178267.7,183786.71,5519.01,11,78,44,26.93,83857.9,47.43,,2,0,0,85,0,Sectorwise analysis of projects,
monthly_flash,2011-05,2011-12,,Railways,136,66442.61,122507.27,56064.66,101,60,41,52.8,52515.94,44.51,,4,0,0,136,0,Sectorwise analysis of projects,
monthly_flash,2011-05,2011-12,,Roads & Highways,128,61806.58,63269.99,1463.41,11,128,94,38.14,44209.21,78.16,,4,12,0,128,0,Sectorwise analysis of projects,
monthly_flash,2011-05,2011-12,,Shipping & Ports,23,14464.19,15317.65,853.46,6,22,16,28.94,3150.17,23.1,,1,0,0,23,0,Sectorwise analysis of projects,
monthly_flash,2011-05,2011-12,,Steel,15,41398.4,68476.43,27078.03,11,6,4,22.0,26386.24,39.38,,0,2,0,15,0,Sectorwise analysis of projects,
monthly_flash,2011-05,2011-12,,Telecommunications,41,20025.99,21450.84,1424.85,9,35,34,19.47,5311.14,31.56,,0,0,0,41,0,Sectorwise analysis of projects,
monthly_flash,2011-05,2011-12,,Urban Development & Housing,3,15185.18,30684.66,15499.48,3,3,3,16.0,19895.97,64.84,,0,0,0,3,0,Sectorwise analysis of projects,
monthly_flash,2011-05,2011-12,,Water Resources,1,542.9,1187.0,644.1,1,1,1,60.0,35.49,2.99,,0,0,0,1,0,Sectorwise analysis of projects,
monthly_flash,2011-06,2011-12,,Atomic Energy,4,29228.29,34066.29,4838.0,2,3,3,22.67,18486.47,54.27,,0,0,0,4,0,Sectorwise analysis of projects,
monthly_flash,2011-06,2011-12,,Civil Aviation,5,4123.24,4078.13,-45.11,0,5,3,11.0,2591.86,63.56,,2,0,1,5,0,Sectorwise analysis of projects,
monthly_flash,2011-06,2011-12,,Coal,45,25504.15,28789.58,3285.43,10,43,20,30.65,11057.5,40.54,,0,0,0,45,0,Sectorwise analysis of projects,
monthly_flash,2011-06,2011-12,,Fertilizers & Chemicals,6,5317.41,5317.41,0.0,0,5,3,4.33,805.52,15.15,,0,0,0,6,0,Sectorwise analysis of projects,
monthly_flash,2011-06,2011-12,,Mines & Metals,1,4091.51,4401.76,310.25,1,1,1,30.0,4302.8,97.75,,0,0,0,1,0,Sectorwise analysis of projects,
monthly_flash,2011-06,2011-12,,Petroleum & Natural Gas,72,155657.83,164212.95,8555.12,17,61,34,24.76,58546.17,40.45,,3,0,0,72,0,Sectorwise analysis of projects,
monthly_flash,2011-06,2011-12,,Power,83,180092.42,185360.17,5267.75,9,76,43,26.77,85013.58,47.66,,5,0,0,83,0,Sectorwise analysis of projects,
monthly_flash,2011-06,2011-12,,Railways,136,66510.03,123008.24,56498.21,102,62,43,53.56,53223.37,45.0,,5,0,0,136,0,Sectorwise analysis of projects,
monthly_flash,2011-06,2011-12,,Roads & Highways,125,60796.85,62260.26,1463.41,11,125,92,38.96,43996.38,79.2,,7,0,0,125,0,Sectorwise analysis of projects,
monthly_flash,2011-06,2011-12,,Shipping & Ports,26,18451.36,19434.85,983.49,11,24,17,27.18,5037.09,42.75,,1,1,0,26,0,Sectorwise analysis of projects,
monthly_flash,2011-06,2011-12,,Steel,15,41398.4,68476.43,27078.03,11,6,4,23.75,26979.55,40.26,,0,0,0,15,0,Sectorwise analysis of projects,
monthly_flash,2011-06,2011-12,,Telecommunications,41,20025.99,20863.2,837.21,6,35,34,19.47,5782.43,45.16,,0,0,0,41,0,Sectorwise analysis of projects,
monthly_flash,2011-06,2011-12,,Urban Development & Housing,3,15185.18,30684.66,15499.48,3,3,3,16.0,20318.19,66.61,,0,0,0,3,0,Sectorwise analysis of projects,
monthly_flash,2011-06,2011-12,,Water Resources,1,542.9,1187.0,644.1,1,1,1,60.0,35.49,2.99,,0,0,0,1,0,Sectorwise analysis of projects,
monthly_flash,2011-07,2011-12,,Atomic Energy,4,29228.29,34066.29,4838.0,2,3,3,23.0,18923.54,55.55,,0,0,0,4,0,Sectorwise analysis of projects,
monthly_flash,2011-07,2011-12,,Civil Aviation,5,4123.24,4820.13,696.89,1,5,3,12.67,2668.89,55.37,,2,0,1,5,0,Sectorwise analysis of projects,
monthly_flash,2011-07,2011-12,,Coal,47,27763.01,31149.96,3386.95,11,37,17,32.18,11239.17,41.8,,0,2,0,47,0,Sectorwise analysis of projects,
monthly_flash,2011-07,2011-12,,Fertilizers & Chemicals,6,5317.41,5317.41,0.0,0,5,3,4.33,857.54,16.13,,0,0,0,6,0,Sectorwise analysis of projects,
monthly_flash,2011-07,2011-12,,Mines & Metals,1,4091.51,4401.76,310.25,1,1,1,30.0,4074.0,92.55,,0,0,0,1,0,Sectorwise analysis of projects,
monthly_flash,2011-07,2011-12,,Petroleum & Natural Gas,70,158287.81,166089.8,7801.99,15,63,31,25.61,56625.81,39.1,,6,0,0,70,0,Sectorwise analysis of projects,
monthly_flash,2011-07,2011-12,,Power,84,180274.32,186358.39,6084.07,11,83,50,24.56,86831.4,48.45,,5,1,0,84,0,Sectorwise analysis of projects,
monthly_flash,2011-07,2011-12,,Railways,134,65747.63,122300.11,56552.48,101,59,41,54.66,50057.4,45.74,,6,0,0,134,0,Sectorwise analysis of projects,
monthly_flash,2011-07,2011-12,,Roads & Highways,123,60277.85,61741.26,1463.41,11,123,92,38.75,44168.09,80.26,,9,0,0,123,0,Sectorwise analysis of projects,
monthly_flash,2011-07,2011-12,,Shipping & Ports,26,18451.36,19434.85,983.49,11,22,15,29.27,3633.73,27.44,,1,0,0,26,0,Sectorwise analysis of projects,
monthly_flash,2011-07,2011-12,,Steel,13,40724.72,67781.91,27057.19,10,4,2,30.5,27178.87,40.99,,1,0,0,13,0,Sectorwise analysis of projects,
monthly_flash,2011-07,2011-12,,Telecommunications,41,20025.99,20650.68,624.69,6,23,22,21.45,5865.22,45.2,,0,0,0,41,0,Sectorwise analysis of projects,
monthly_flash,2011-07,2011-12,,Urban Development & Housing,3,15185.18,30676.44,15491.26,3,2,2,13.5,20395.4,66.86,,0,0,0,3,0,Sectorwise analysis of projects,
monthly_flash,2011-07,2011-12,,Water Resources,1,542.9,1187.0,644.1,1,1,1,60.0,35.49,2.99,,0,0,0,1,0,Sectorwise analysis of projects,
monthly_flash,2011-08,2011-12,,Atomic Energy,4,29228.29,34066.29,4838.0,2,3,3,23.33,19132.37,56.16,,0,0,0,4,0,Sectorwise analysis of projects,
monthly_flash,2011-08,2011-12,,Civil Aviation,5,4123.24,5202.62,1079.38,2,5,3,14.67,2771.84,53.28,,2,0,1,5,0,Sectorwise analysis of projects,
monthly_flash,2011-08,2011-12,,Coal,46,26631.65,30018.68,3387.03,12,34,17,31.65,11664.97,42.61,,0,0,0,46,0,Sectorwise analysis of projects,
monthly_flash,2011-08,2011-12,,Fertilizers & Chemicals,7,10778.02,10778.02,0.0,0,5,3,4.33,3653.71,33.9,,0,0,0,7,0,Sectorwise analysis of projects,
monthly_flash,2011-08,2011-12,,Mines & Metals,1,4091.51,4401.76,310.25,1,1,1,30.0,4096.0,93.05,,0,0,0,1,0,Sectorwise analysis of projects,
monthly_flash,2011-08,2011-12,,Petroleum & Natural Gas,71,153918.05,161693.92,7775.87,15,67,37,23.0,53108.66,39.75,,6,0,0,71,0,Sectorwise analysis of projects,
monthly_flash,2011-08,2011-12,,Power,83,180012.22,186095.99,6083.77,11,81,48,25.33,88475.61,49.44,,6,0,0,83,0,Sectorwise analysis of projects,
monthly_flash,2011-08,2011-12,,Railways,134,65810.63,131493.76,65683.13,101,59,42,55.14,54467.84,42.45,,7,0,0,134,0,Sectorwise analysis of projects,
monthly_flash,2011-08,2011-12,,Roads & Highways,121,59725.85,61189.26,1463.41,11,121,91,38.73,43561.18,79.96,,11,0,0,121,0,Sectorwise analysis of projects,
monthly_flash,2011-08,2011-12,,Shipping & Ports,26,18451.36,19434.85,983.49,11,22,15,29.27,3698.8,27.93,,1,0,0,26,0,Sectorwise analysis of projects,
monthly_flash,2011-08,2011-12,,Steel,12,34591.72,55969.91,21378.19,9,3,1,36.0,26394.12,48.43,,1,0,1,12,0,Sectorwise analysis of projects,printed_code_conflict
monthly_flash,2011-08,2011-12,,Telecommunications,40,19713.13,20297.68,584.55,5,23,22,21.45,6046.05,45.12,,1,0,0,40,0,Sectorwise analysis of projects,
monthly_flash,2011-08,2011-12,,Urban Development & Housing,2,6509.18,11782.08,5272.9,2,1,1,15.0,2267.57,19.53,,1,0,0,2,0,Sectorwise analysis of projects,
monthly_flash,2011-08,2011-12,,Water Resources,1,542.9,1187.0,644.1,1,1,1,60.0,35.49,2.99,,0,0,0,1,0,Sectorwise analysis of projects,
monthly_flash,2011-09,2011-12,,Atomic Energy,4,29228.29,34066.29,4838.0,2,3,3,23.67,19296.2,56.64,,0,0,0,4,0,Sectorwise analysis of projects,
monthly_flash,2011-09,2011-12,,Civil Aviation,5,4123.24,5435.02,1311.78,3,5,3,14.67,2859.22,52.61,,2,0,1,5,0,Sectorwise analysis of projects,
monthly_flash,2011-09,2011-12,,Coal,48,27241.47,30628.5,3387.03,12,35,17,31.71,11348.82,44.05,,0,2,0,48,0,Sectorwise analysis of projects,
monthly_flash,2011-09,2011-12,,Fertilizers & Chemicals,7,10778.02,10778.02,0.0,0,5,3,4.33,3964.9,36.79,,0,0,0,7,0,Sectorwise analysis of projects,
monthly_flash,2011-09,2011-12,,Mines & Metals,1,4091.51,4401.76,310.25,1,1,1,30.0,4144.0,94.14,,0,0,0,1,0,Sectorwise analysis of projects,
monthly_flash,2011-09,2011-12,,Petroleum & Natural Gas,71,156539.45,163927.12,7387.67,16,67,35,23.86,57373.16,46.04,,7,1,0,71,0,Sectorwise analysis of projects,
monthly_flash,2011-09,2011-12,,Power,83,180012.22,186096.29,6084.07,11,80,47,25.72,90326.72,50.48,,6,0,0,83,0,Sectorwise analysis of projects,
monthly_flash,2011-09,2011-12,,Railways,132,65054.74,131386.73,66331.99,101,56,40,53.22,53234.96,44.21,,9,0,0,132,0,Sectorwise analysis of projects,
monthly_flash,2011-09,2011-12,,Roads & Highways,132,72461.45,74266.7,1805.25,13,132,90,39.52,45748.78,77.33,,12,12,0,132,0,Sectorwise analysis of projects,
monthly_flash,2011-09,2011-12,,Shipping & Ports,26,18451.36,19434.85,983.49,11,22,15,29.27,3941.88,28.16,,1,0,0,26,0,Sectorwise analysis of projects,
monthly_flash,2011-09,2011-12,,Steel,12,34591.72,55969.91,21378.19,9,3,1,36.0,26543.06,48.7,,1,0,1,12,0,Sectorwise analysis of projects,printed_code_conflict
monthly_flash,2011-09,2011-12,,Telecommunications,40,19713.13,20297.68,584.55,5,24,23,23.65,6146.04,45.86,,1,0,0,40,0,Sectorwise analysis of projects,
monthly_flash,2011-09,2011-12,,Urban Development & Housing,4,44245.18,49518.08,5272.9,2,3,1,15.0,2291.95,4.89,,1,2,0,4,0,Sectorwise analysis of projects,
monthly_flash,2011-09,2011-12,,Water Resources,1,542.9,1187.0,644.1,1,1,1,60.0,35.49,2.99,,0,0,0,1,0,Sectorwise analysis of projects,
monthly_flash,2011-10,2011-12,,Atomic Energy,4,29228.29,34066.29,4838.0,2,3,3,25.0,19463.17,57.13,,0,0,0,4,0,Sectorwise analysis of projects,
monthly_flash,2011-10,2011-12,,Civil Aviation,5,5021.58,5611.06,589.48,2,5,4,10.25,3614.45,64.42,,2,0,1,5,0,Sectorwise analysis of projects,
monthly_flash,2011-10,2011-12,,Coal,48,27241.47,30628.5,3387.03,12,36,17,32.65,12120.25,44.01,,0,0,0,48,0,Sectorwise analysis of projects,
monthly_flash,2011-10,2011-12,,Fertilizers & Chemicals,7,10778.02,14237.41,3459.39,1,5,3,4.33,4107.76,28.85,,0,0,0,7,0,Sectorwise analysis of projects,
monthly_flash,2011-10,2011-12,,Mines & Metals,1,4091.51,4401.76,310.25,1,1,1,30.0,4183.0,95.03,,0,0,0,1,0,Sectorwise analysis of projects,
monthly_flash,2011-10,2011-12,,Petroleum & Natural Gas,71,156539.45,164117.82,7578.37,17,68,36,23.28,59678.91,42.41,,7,0,0,71,0,Sectorwise analysis of projects,
monthly_flash,2011-10,2011-12,,Power,92,191150.96,197235.03,6084.07,11,89,45,27.69,92966.25,50.73,,7,9,0,92,0,Sectorwise analysis of projects,
monthly_flash,2011-10,2011-12,,Railways,132,65054.74,132203.07,67148.33,101,56,40,53.22,53868.82,44.67,,9,0,0,132,0,Sectorwise analysis of projects,
monthly_flash,2011-10,2011-12,,Roads & Highways,138,76162.26,77967.51,1805.25,13,138,90,39.84,47366.19,75.48,,11,6,0,138,0,Sectorwise analysis of projects,
monthly_flash,2011-10,2011-12,,Shipping & Ports,25,18052.23,19035.72,983.49,11,22,15,29.27,4314.55,30.82,,1,0,0,25,0,Sectorwise analysis of projects,
monthly_flash,2011-10,2011-12,,Steel,15,64990.27,71157.81,6167.54,6,9,3,15.67,34097.47,48.93,,1,1,0,15,0,Sectorwise analysis of projects,
monthly_flash,2011-10,2011-12,,Telecommunications,40,19713.13,20297.68,584.55,5,24,23,23.65,6234.73,46.53,,1,0,0,40,0,Sectorwise analysis of projects,
monthly_flash,2011-10,2011-12,,Urban Development & Housing,4,44245.18,49518.08,5272.9,2,3,1,24.0,2309.72,4.93,,1,0,0,4,0,Sectorwise analysis of projects,
monthly_flash,2011-10,2011-12,,Water Resources,1,542.9,1187.0,644.1,1,1,1,60.0,35.49,2.99,,0,0,0,1,0,Sectorwise analysis of projects,
monthly_flash,2011-11,2011-12,,Atomic Energy,4,29228.29,34066.29,4838.0,2,3,3,25.67,19673.61,57.75,,0,0,0,4,0,Sectorwise analysis of projects,
monthly_flash,2011-11,2011-12,,Civil Aviation,5,5021.58,5611.07,589.49,2,5,4,10.25,3733.84,66.54,,2,0,1,5,0,Sectorwise analysis of projects,
monthly_flash,2011-11,2011-12,,Coal,50,28811.62,32198.65,3387.03,12,38,17,32.65,12249.18,44.48,,0,2,0,50,0,Sectorwise analysis of projects,
monthly_flash,2011-11,2011-12,,Fertilizers & Chemicals,7,10778.02,14237.41,3459.39,1,5,3,4.33,4301.16,30.21,,0,0,0,7,0,Sectorwise analysis of projects,
monthly_flash,2011-11,2011-12,,Mines & Metals,1,4091.51,4401.76,310.25,1,1,1,30.0,4183.0,95.03,,0,0,0,1,0,Sectorwise analysis of projects,
monthly_flash,2011-11,2011-12,,Petroleum & Natural Gas,70,154794.07,162721.78,7927.71,17,66,36,23.22,59979.23,41.55,,7,0,0,70,0,Sectorwise analysis of projects,
monthly_flash,2011-11,2011-12,,Power,91,190920.07,197203.66,6283.59,10,89,47,27.94,94587.98,51.62,,8,0,0,91,0,Sectorwise analysis of projects,
monthly_flash,2011-11,2011-12,,Railways,132,65054.74,132323.46,67268.72,101,59,40,53.22,54815.19,45.07,,9,0,0,132,0,Sectorwise analysis of projects,
monthly_flash,2011-11,2011-12,,Roads & Highways,136,75509.76,77315.01,1805.25,13,136,88,40.16,47067.43,75.21,,13,0,0,136,0,Sectorwise analysis of projects,
monthly_flash,2011-11,2011-12,,Shipping & Ports,25,18052.23,19035.72,983.49,11,22,15,29.27,4500.37,32.15,,1,0,0,25,0,Sectorwise analysis of projects,
monthly_flash,2011-11,2011-12,,Steel,16,65244.82,71412.36,6167.54,6,10,4,11.75,34881.42,50.05,,1,1,0,16,0,Sectorwise analysis of projects,
monthly_flash,2011-11,2011-12,,Telecommunications,40,19713.13,20297.68,584.55,5,24,23,27.22,5957.48,51.35,,1,0,0,40,0,Sectorwise analysis of projects,
monthly_flash,2011-11,2011-12,,Urban Development & Housing,4,44245.18,49518.08,5272.9,2,3,1,24.0,2335.76,4.99,,1,0,0,4,0,Sectorwise analysis of projects,
monthly_flash,2011-11,2011-12,,Water Resources,1,542.9,1187.0,644.1,1,1,1,60.0,35.49,2.99,,0,0,0,1,0,Sectorwise analysis of projects,
monthly_flash,2011-12,2011-12,,Atomic Energy,5,41548.29,46386.29,4838.0,2,2,2,33.5,20673.61,44.57,,0,1,0,5,0,Sectorwise analysis of projects,
monthly_flash,2011-12,2011-12,,Civil Aviation,5,5021.58,5611.07,589.49,2,5,4,12.25,3805.13,67.81,,2,0,1,5,0,Sectorwise analysis of projects,
monthly_flash,2011-12,2011-12,,Coal,51,34718.73,38348.38,3629.65,12,39,17,32.71,12436.0,36.92,,0,1,0,51,0,Sectorwise analysis of projects,
monthly_flash,2011-12,2011-12,,Fertilizers & Chemicals,7,10778.02,14237.41,3459.39,1,5,3,6.0,5063.53,35.56,,0,0,0,7,0,Sectorwise analysis of projects,
monthly_flash,2011-12,2011-12,,Mines & Metals,0,,,,0,0,0,,,,,1,0,0,0,0,Sectorwise analysis of projects,
monthly_flash,2011-12,2011-12,,Petroleum & Natural Gas,69,149804.77,158021.15,8216.38,16,64,36,24.39,61434.94,42.98,,9,0,0,69,0,Sectorwise analysis of projects,
monthly_flash,2011-12,2011-12,,Power,94,195705.41,211046.35,15340.94,18,94,48,26.92,96642.67,50.32,,9,4,0,94,0,Sectorwise analysis of projects,
monthly_flash,2011-12,2011-12,,Railways,132,65054.74,134133.5,69078.76,102,62,42,61.24,56395.52,42.37,,9,0,0,132,0,Sectorwise analysis of projects,
monthly_flash,2011-12,2011-12,,Roads & Highways,131,73894.67,75983.76,2089.09,15,128,83,43.9,46591.07,73.09,,18,0,0,131,0,Sectorwise analysis of projects,
monthly_flash,2011-12,2011-12,,Shipping & Ports,24,17822.23,18838.27,1016.04,10,21,14,30.93,4749.63,34.41,,2,0,0,24,0,Sectorwise analysis of projects,
monthly_flash,2011-12,2011-12,,Steel,16,65244.82,71412.36,6167.54,6,10,5,10.8,35762.03,51.13,,1,0,0,16,0,Sectorwise analysis of projects,
monthly_flash,2011-12,2011-12,,Telecommunications,22,11794.14,12010.64,216.5,4,17,16,30.5,4178.0,43.25,,17,0,0,22,0,Sectorwise analysis of projects,
monthly_flash,2011-12,2011-12,,Urban Development & Housing,4,44245.18,49518.08,5272.9,2,3,1,24.0,2340.23,5.0,,1,0,0,4,0,Sectorwise analysis of projects,
monthly_flash,2011-12,2011-12,,Water Resources,1,542.9,1187.0,644.1,1,1,1,60.0,35.49,2.99,,0,0,0,1,0,Sectorwise analysis of projects,
monthly_flash,2012-01,2011-12,,Atomic Energy,5,41548.29,46386.29,4838.0,2,3,3,23.33,20880.52,45.01,,0,0,0,5,0,Sectorwise analysis of projects,
monthly_flash,2012-01,2011-12,,Civil Aviation,5,5021.58,5611.07,589.49,2,5,4,12.25,3908.44,69.66,,2,0,1,5,0,Sectorwise analysis of projects,
monthly_flash,2012-01,2011-12,,Coal,51,34718.73,38348.38,3629.65,12,38,17,32.71,12730.25,37.79,,0,0,0,51,0,Sectorwise analysis of projects,
monthly_flash,2012-01,2011-12,,Fertilizers & Chemicals,7,10778.02,14237.41,3459.39,1,4,2,8.5,5379.21,37.78,,0,0,0,7,0,Sectorwise analysis of projects,
monthly_flash,2012-01,2011-12,,Mines & Metals,0,,,,0,0,0,,,,,1,0,0,0,0,Sectorwise analysis of projects,
monthly_flash,2012-01,2011-12,,Petroleum & Natural Gas,69,149804.77,158021.15,8216.38,16,59,35,26.37,63543.52,45.37,,9,0,0,69,0,Sectorwise analysis of projects,
monthly_flash,2012-01,2011-12,,Power,96,197932.45,213231.64,15299.19,19,94,48,25.08,100092.26,51.98,,9,3,1,96,0,Sectorwise analysis of projects,printed_code_conflict
monthly_flash,2012-01,2011-12,,Railways,131,64906.13,134280.01,69373.88,101,59,41,62.27,56595.71,42.73,,10,0,0,131,0,Sectorwise analysis of projects,
monthly_flash,2012-01,2011-12,,Roads & Highways,127,72336.63,74425.72,2089.09,15,118,79,44.65,53266.25,84.95,,22,0,0,127,0,Sectorwise analysis of projects,
monthly_flash,2012-01,2011-12,,Shipping & Ports,25,18221.36,19237.4,1016.04,10,21,15,30.07,4969.25,36.0,,2,0,0,25,0,Sectorwise analysis of projects,
monthly_flash,2012-01,2011-12,,Steel,16,65244.82,71412.36,6167.54,6,10,5,10.8,37141.48,53.1,,1,0,0,16,0,Sectorwise analysis of projects,
monthly_flash,2012-01,2011-12,,Telecommunications,18,8443.59,8559.89,116.3,3,15,14,33.14,2438.75,41.11,,21,0,0,18,0,Sectorwise analysis of projects,
monthly_flash,2012-01,2011-12,,Urban Development & Housing,4,44245.18,49518.08,5272.9,2,3,1,24.0,2361.9,5.04,,1,0,0,4,0,Sectorwise analysis of projects,
monthly_flash,2012-01,2011-12,,Water Resources,1,542.9,1187.0,644.1,1,1,1,60.0,35.49,2.99,,0,0,0,1,0,Sectorwise analysis of projects,
monthly_flash,2012-02,2011-12,,Atomic Energy,5,41548.29,46386.29,4838.0,2,4,4,20.25,21043.52,45.37,,0,0,0,5,0,Sectorwise analysis of projects,
monthly_flash,2012-02,2011-12,,Civil Aviation,5,5021.58,5611.07,589.49,2,5,4,14.0,4012.24,71.51,,2,0,1,5,0,Sectorwise analysis of projects,
monthly_flash,2012-02,2011-12,,Coal,50,33604.55,37053.1,3448.55,11,35,18,31.06,11308.7,34.91,,1,0,0,50,0,Sectorwise analysis of projects,
monthly_flash,2012-02,2011-12,,Fertilizers & Chemicals,7,10778.02,14237.41,3459.39,1,4,2,8.5,5849.49,41.09,,0,0,0,7,0,Sectorwise analysis of projects,
monthly_flash,2012-02,2011-12,,Mines & Metals,0,,,,0,0,0,,,,,1,0,0,0,0,Sectorwise analysis of projects,
monthly_flash,2012-02,2011-12,,Petroleum & Natural Gas,69,149804.77,157344.05,7539.28,16,58,41,22.83,66384.55,44.81,,9,0,0,69,0,Sectorwise analysis of projects,
monthly_flash,2012-02,2011-12,,Power,99,203409.93,218750.9,15340.97,19,98,48,26.44,102687.11,51.39,,11,3,1,99,0,Sectorwise analysis of projects,printed_code_conflict
monthly_flash,2012-02,2011-12,,Railways,131,65286.3,134407.18,69120.88,101,61,42,61.07,58085.61,43.29,,10,0,0,131,0,Sectorwise analysis of projects,
monthly_flash,2012-02,2011-12,,Roads & Highways,135,79768.48,81624.31,1855.83,13,126,80,44.09,55320.65,78.3,,23,9,0,135,0,Sectorwise analysis of projects,
monthly_flash,2012-02,2011-12,,Shipping & Ports,26,19051.36,19858.93,807.57,10,22,17,27.59,4938.55,35.78,,2,0,0,26,0,Sectorwise analysis of projects,
monthly_flash,2012-02,2011-12,,Steel,16,65244.82,71412.36,6167.54,6,10,6,13.17,38039.35,54.39,,1,0,0,16,0,Sectorwise analysis of projects,
monthly_flash,2012-02,2011-12,,Telecommunications,18,8443.59,8559.89,116.3,3,14,13,34.46,2442.29,41.17,,21,0,0,18,0,Sectorwise analysis of projects,
monthly_flash,2012-02,2011-12,,Urban Development & Housing,4,44245.18,49518.08,5272.9,2,3,1,24.0,2378.39,5.08,,1,0,0,4,0,Sectorwise analysis of projects,
monthly_flash,2012-02,2011-12,,Water Resources,1,542.9,1187.0,644.1,1,1,1,60.0,35.49,2.99,,0,0,0,1,0,Sectorwise analysis of projects,
monthly_flash,2012-03,2011-12,,Atomic Energy,5,41548.29,46386.29,4838.0,2,5,5,18.6,21460.84,46.27,,0,0,0,5,0,Sectorwise analysis of projects,
monthly_flash,2012-03,2011-12,,Civil Aviation,5,5021.58,5611.07,589.49,2,5,4,15.0,4128.55,73.58,,2,0,1,5,0,Sectorwise analysis of projects,
monthly_flash,2012-03,2011-12,,Coal,50,33604.55,37053.1,3448.55,11,50,19,29.84,11667.0,36.02,,1,0,0,50,0,Sectorwise analysis of projects,
monthly_flash,2012-03,2011-12,,Fertilizers & Chemicals,7,10778.02,14237.41,3459.39,1,7,2,10.5,6708.31,47.12,,0,0,0,7,0,Sectorwise analysis of projects,
monthly_flash,2012-03,2011-12,,Mines & Metals,0,,,,0,0,0,,,,,1,0,0,0,0,Sectorwise analysis of projects,
monthly_flash,2012-03,2011-12,,Petroleum & Natural Gas,61,145017.77,152886.87,7869.1,15,58,40,23.22,67696.95,46.12,,17,0,0,61,0,Sectorwise analysis of projects,
monthly_flash,2012-03,2011-12,,Power,101,208284.36,223398.21,15113.85,19,101,51,26.24,100309.31,51.8,,13,4,1,101,0,Sectorwise analysis of projects,printed_code_conflict
monthly_flash,2012-03,2011-12,,Railways,131,65286.3,134791.49,69505.19,102,85,49,55.86,59357.04,44.11,,10,0,0,131,0,Sectorwise analysis of projects,
monthly_flash,2012-03,2011-12,,Roads & Highways,133,79244.48,81045.31,1800.83,12,125,81,44.17,57020.34,78.69,,24,0,0,133,0,Sectorwise analysis of projects,
monthly_flash,2012-03,2011-12,,Shipping & Ports,24,18511.36,19421.43,910.07,10,22,15,23.2,5128.63,37.61,,3,0,1,24,0,Sectorwise analysis of projects,printed_code_conflict
monthly_flash,2012-03,2011-12,,Steel,16,65244.82,71412.36,6167.54,6,15,10,13.3,39595.77,56.61,,1,0,0,16,0,Sectorwise analysis of projects,
monthly_flash,2012-03,2011-12,,Telecommunications,16,7130.82,7247.12,116.3,3,12,12,37.0,2031.42,43.98,,22,0,1,16,0,Sectorwise analysis of projects,printed_code_conflict
monthly_flash,2012-03,2011-12,,Urban Development & Housing,4,44245.18,49518.08,5272.9,2,3,1,24.0,2412.18,5.15,,1,0,0,4,0,Sectorwise analysis of projects,
monthly_flash,2012-03,2011-12,,Water Resources,1,542.9,1187.0,644.1,1,1,1,60.0,35.49,2.99,,0,0,0,1,0,Sectorwise analysis of projects,
monthly_flash,2012-04,2012-13,,Atomic Energy,5,41548.29,46386.29,4838.0,2,5,5,18.6,22118.84,47.68,,0,0,0,5,0,Sectorwise analysis of projects,
monthly_flash,2012-04,2012-13,,Civil Aviation,5,5021.58,5611.07,589.49,2,5,4,15.0,4219.76,75.2,,0,0,0,5,0,Sectorwise analysis of projects,
monthly_flash,2012-04,2012-13,,Coal,51,33815.11,37312.15,3497.04,12,45,23,32.39,12005.65,36.77,,0,1,0,51,0,Sectorwise analysis of projects,
monthly_flash,2012-04,2012-13,,Fertilizers & Chemicals,7,10778.02,14237.41,3459.39,1,7,2,10.5,6859.04,48.18,,0,0,0,7,0,Sectorwise analysis of projects,
monthly_flash,2012-04,2012-13,,Petroleum & Natural Gas,64,155277.97,164778.94,9500.97,16,60,42,22.5,71506.47,46.89,,0,3,0,64,0,Sectorwise analysis of projects,
monthly_flash,2012-04,2012-13,,Power,102,211144.68,225276.41,14131.73,18,98,52,24.1,107653.57,48.61,,2,3,0,102,0,Sectorwise analysis of projects,
monthly_flash,2012-04,2012-13,,Railways,131,65286.3,141884.1,76597.8,108,83,51,54.29,58372.89,42.76,,0,0,0,131,0,Sectorwise analysis of projects,
monthly_flash,2012-04,2012-13,,Roads & Highways,148,92330.1,94297.43,1967.33,13,140,80,44.54,58943.43,72.17,,2,17,0,148,0,Sectorwise analysis of projects,
monthly_flash,2012-04,2012-13,,Shipping & Ports,22,17207.9,18722.87,1514.97,10,19,11,29.0,6982.0,42.47,,2,0,0,22,0,Sectorwise analysis of projects,
monthly_flash,2012-04,2012-13,,Steel,16,50155.82,71402.36,21246.54,8,11,7,15.57,39635.95,56.68,,0,0,0,16,0,Sectorwise analysis of projects,
monthly_flash,2012-04,2012-13,,Telecommunications,15,6161.0,6101.79,-59.21,2,12,12,37.67,1769.14,47.16,,2,1,0,15,0,Sectorwise analysis of projects,
monthly_flash,2012-04,2012-13,,Urban Development & Housing,4,44245.18,49518.08,5272.9,2,3,1,24.0,2504.31,5.35,,0,0,0,4,0,Sectorwise analysis of projects,
monthly_flash,2012-04,2012-13,,Water Resources,1,542.9,1187.0,644.1,1,1,1,60.0,35.49,2.99,,0,0,0,1,0,Sectorwise analysis of projects,
monthly_flash,2012-05,2012-13,,Atomic Energy,5,41548.29,46386.29,4838.0,2,5,5,18.6,22212.84,47.89,,0,0,0,5,0,Sectorwise analysis of projects,
monthly_flash,2012-05,2012-13,,Civil Aviation,5,5021.58,5611.07,589.49,2,5,4,15.0,4298.52,76.61,,0,0,0,5,0,Sectorwise analysis of projects,
monthly_flash,2012-05,2012-13,,Coal,52,33950.69,37570.71,3620.02,13,52,26,31.04,11975.21,36.39,,0,0,0,52,0,Sectorwise analysis of projects,
monthly_flash,2012-05,2012-13,,Fertilizers & Chemicals,6,10289.27,13748.66,3459.39,1,6,2,10.5,6922.69,50.35,,1,0,0,6,0,Sectorwise analysis of projects,
monthly_flash,2012-05,2012-13,,Petroleum & Natural Gas,65,156993.49,166236.24,9242.75,15,61,42,22.62,71570.25,47.39,,1,2,0,65,0,Sectorwise analysis of projects,
monthly_flash,2012-05,2012-13,,Power,100,210306.58,223892.5,13585.92,17,38,29,34.79,107720.47,48.9,,3,0,0,100,0,Sectorwise analysis of projects,
monthly_flash,2012-05,2012-13,,Railways,129,64854.78,142224.55,77369.77,107,83,58,48.31,60751.33,42.96,,2,0,0,129,0,Sectorwise analysis of projects,
monthly_flash,2012-05,2012-13,,Roads & Highways,146,91616.1,93334.43,1718.33,12,140,84,44.1,58472.9,71.94,,4,0,0,146,0,Sectorwise analysis of projects,
monthly_flash,2012-05,2012-13,,Shipping & Ports,19,16242.52,17757.49,1514.97,10,18,12,24.42,7189.62,43.74,,5,0,0,19,0,Sectorwise analysis of projects,
monthly_flash,2012-05,2012-13,,Steel,17,50343.15,71589.69,21246.54,8,10,8,14.38,40797.2,58.34,,0,1,0,17,0,Sectorwise analysis of projects,
monthly_flash,2012-05,2012-13,,Telecommunications,15,6161.0,6101.79,-59.21,2,12,12,39.0,1774.29,47.3,,2,0,0,15,0,Sectorwise analysis of projects,
monthly_flash,2012-05,2012-13,,Urban Development & Housing,4,44245.18,49518.08,5272.9,2,3,1,15.0,2561.89,5.19,,0,0,0,4,0,Sectorwise analysis of projects,
monthly_flash,2012-05,2012-13,,Water Resources,1,542.9,1187.0,644.1,1,1,1,60.0,35.49,2.99,,0,0,0,1,0,Sectorwise analysis of projects,
monthly_flash,2012-06,2012-13,,Atomic Energy,5,41548.29,47832.29,6284.0,2,5,5,18.6,22351.84,46.73,,0,0,0,5,0,Sectorwise analysis of projects,
monthly_flash,2012-06,2012-13,,Civil Aviation,5,5021.58,5611.07,589.49,2,5,4,15.0,4322.91,77.04,,0,0,0,5,0,Sectorwise analysis of projects,
monthly_flash,2012-06,2012-13,,Coal,52,33950.69,37570.81,3620.12,13,52,27,30.78,11622.74,38.51,,0,0,0,52,0,Sectorwise analysis of projects,
monthly_flash,2012-06,2012-13,,Fertilizers & Chemicals,6,10289.27,13748.66,3459.39,1,6,2,10.5,7111.19,51.72,,1,0,0,6,0,Sectorwise analysis of projects,
monthly_flash,2012-06,2012-13,,Petroleum & Natural Gas,65,156993.49,165177.98,8184.49,16,59,39,24.56,73785.97,48.84,,1,0,0,65,0,Sectorwise analysis of projects,
monthly_flash,2012-06,2012-13,,Power,96,203091.86,216802.42,13710.56,17,93,52,23.31,103013.01,48.73,,6,1,0,96,0,Sectorwise analysis of projects,
monthly_flash,2012-06,2012-13,,Railways,127,64610.86,141720.12,77109.26,105,79,58,50.55,60108.07,42.93,,4,0,0,127,0,Sectorwise analysis of projects,
monthly_flash,2012-06,2012-13,,Roads & Highways,144,91164.1,92882.43,1718.33,12,138,83,43.93,61639.75,73.65,,6,0,0,144,0,Sectorwise analysis of projects,
monthly_flash,2012-06,2012-13,,Shipping & Ports,19,16242.52,17757.49,1514.97,10,18,12,24.25,7363.49,44.79,,5,0,0,19,0,Sectorwise analysis of projects,
monthly_flash,2012-06,2012-13,,Steel,16,50110.22,71356.76,21246.54,8,9,7,14.71,35770.64,66.36,,1,0,0,16,0,Sectorwise analysis of projects,
monthly_flash,2012-06,2012-13,,Telecommunications,15,6161.0,6101.79,-59.21,2,11,11,42.91,1777.04,47.38,,2,0,0,15,0,Sectorwise analysis of projects,
monthly_flash,2012-06,2012-13,,Urban Development & Housing,4,44245.18,49518.08,5272.9,2,3,1,15.0,2639.28,5.35,,0,0,0,4,0,Sectorwise analysis of projects,
monthly_flash,2012-06,2012-13,,Water Resources,1,542.9,1187.0,644.1,1,1,1,60.0,35.49,2.99,,0,0,0,1,0,Sectorwise analysis of projects,
monthly_flash,2012-07,2012-13,,Atomic Energy,5,41548.29,47832.29,6284.0,2,5,5,18.6,22560.84,47.17,,0,0,0,5,0,Sectorwise analysis of projects,
monthly_flash,2012-07,2012-13,,Civil Aviation,6,5473.58,6063.07,589.49,2,6,4,15.0,4376.22,72.18,,0,1,0,6,0,Sectorwise analysis of projects,
monthly_flash,2012-07,2012-13,,Coal,51,33815.11,37312.25,3497.14,12,51,24,30.12,12383.49,37.6,,0,0,0,51,0,Sectorwise analysis of projects,
monthly_flash,2012-07,2012-13,,Fertilizers & Chemicals,6,10289.27,13748.66,3459.39,1,6,2,10.5,7700.37,56.01,,1,0,0,6,0,Sectorwise analysis of projects,
monthly_flash,2012-07,2012-13,,Petroleum & Natural Gas,67,157430.3,166078.11,8647.81,16,60,38,25.74,75644.41,49.77,,1,2,0,67,0,Sectorwise analysis of projects,
monthly_flash,2012-07,2012-13,,Power,98,235165.2,248964.17,13798.97,17,95,50,24.96,107643.65,44.1,,7,3,0,98,0,Sectorwise analysis of projects,
monthly_flash,2012-07,2012-13,,Railways,126,64413.89,141917.43,77503.54,107,78,57,51.28,61047.11,43.36,,5,0,0,126,0,Sectorwise analysis of projects,
monthly_flash,2012-07,2012-13,,Roads & Highways,144,91164.1,92540.59,1376.49,10,137,82,44.04,61500.7,74.01,,6,0,0,144,0,Sectorwise analysis of projects,
monthly_flash,2012-07,2012-13,,Shipping & Ports,19,16242.52,17782.49,1539.97,10,17,11,24.82,7642.95,46.42,,5,0,0,19,0,Sectorwise analysis of projects,
monthly_flash,2012-07,2012-13,,Steel,16,50110.22,71356.76,21246.54,8,9,8,14.38,42373.18,59.54,,1,0,0,16,0,Sectorwise analysis of projects,
monthly_flash,2012-07,2012-13,,Telecommunications,15,6161.0,6101.79,-59.21,2,11,11,43.18,1784.59,47.58,,2,0,0,15,0,Sectorwise analysis of projects,
monthly_flash,2012-07,2012-13,,Urban Development & Housing,4,44245.18,49518.08,5272.9,2,3,1,15.0,2750.78,5.57,,0,0,0,4,0,Sectorwise analysis of projects,
monthly_flash,2012-07,2012-13,,Water Resources,1,542.9,1187.0,644.1,1,1,1,60.0,35.49,2.99,,0,0,0,1,0,Sectorwise analysis of projects,
monthly_flash,2012-08,2012-13,,Atomic Energy,5,41548.29,47832.29,6284.0,2,5,5,18.6,22654.84,47.36,,0,0,0,5,0,Sectorwise analysis of projects,
monthly_flash,2012-08,2012-13,,Civil Aviation,6,5473.58,6063.07,589.49,2,6,4,16.0,4446.95,73.34,,0,0,0,6,0,Sectorwise analysis of projects,
monthly_flash,2012-08,2012-13,,Coal,51,36056.46,37312.25,1255.79,7,50,24,29.46,12653.88,37.14,,0,0,0,51,0,Sectorwise analysis of projects,
monthly_flash,2012-08,2012-13,,Fertilizers & Chemicals,6,10289.27,13748.66,3459.39,1,6,2,10.5,7651.22,55.65,,1,0,0,6,0,Sectorwise analysis of projects,
monthly_flash,2012-08,2012-13,,Petroleum & Natural Gas,69,157954.47,166783.98,8829.51,16,61,40,25.7,79387.86,52.93,,1,2,0,69,0,Sectorwise analysis of projects,
monthly_flash,2012-08,2012-13,,Power,94,224936.05,238936.53,14000.48,18,91,49,24.98,101520.58,42.56,,10,0,0,94,0,Sectorwise analysis of projects,
monthly_flash,2012-08,2012-13,,Railways,127,64518.68,131959.43,67440.75,107,78,56,52.14,62072.84,47.44,,5,0,0,127,0,Sectorwise analysis of projects,
monthly_flash,2012-08,2012-13,,Roads & Highways,146,92448.72,94027.34,1578.62,11,140,84,43.75,66341.65,77.7,,7,5,0,146,0,Sectorwise analysis of projects,
monthly_flash,2012-08,2012-13,,Shipping & Ports,19,16242.52,18554.09,2311.57,11,17,11,25.09,8123.81,47.14,,5,0,0,19,0,Sectorwise analysis of projects,
monthly_flash,2012-08,2012-13,,Steel,17,65285.87,71443.41,6157.54,6,15,11,13.36,42455.98,60.08,,2,2,0,17,0,Sectorwise analysis of projects,
monthly_flash,2012-08,2012-13,,Telecommunications,15,6161.0,6101.79,-59.21,2,11,11,45.73,1786.4,47.63,,2,0,0,15,0,Sectorwise analysis of projects,
monthly_flash,2012-08,2012-13,,Urban Development & Housing,4,44245.18,49518.08,5272.9,2,3,1,15.0,3047.06,6.18,,0,0,0,4,0,Sectorwise analysis of projects,
monthly_flash,2012-08,2012-13,,Water Resources,1,542.9,1187.0,644.1,1,1,1,60.0,35.49,2.99,,0,0,0,1,0,Sectorwise analysis of projects,
monthly_flash,2012-09,2012-13,,Atomic Energy,5,41548.29,47832.29,6284.0,2,5,5,18.6,23051.94,48.19,,0,0,0,5,0,Sectorwise analysis of projects,
monthly_flash,2012-09,2012-13,,Civil Aviation,6,5473.58,6063.07,589.49,2,6,4,16.0,4499.06,74.2,,0,0,0,6,0,Sectorwise analysis of projects,
monthly_flash,2012-09,2012-13,,Coal,51,36056.46,37312.25,1255.79,7,50,18,31.94,12889.34,37.83,,0,0,0,51,0,Sectorwise analysis of projects,
monthly_flash,2012-09,2012-13,,Fertilizers & Chemicals,6,10289.27,13748.66,3459.39,1,6,3,13.67,8448.37,61.45,,1,0,0,6,0,Sectorwise analysis of projects,
monthly_flash,2012-09,2012-13,,Petroleum & Natural Gas,71,174773.81,183290.21,8516.4,15,65,43,24.33,80925.17,49.0,,2,3,0,71,0,Sectorwise analysis of projects,
monthly_flash,2012-09,2012-13,,Power,98,231379.54,245378.02,13998.48,18,96,51,25.43,104082.11,43.64,,10,4,0,98,0,Sectorwise analysis of projects,
monthly_flash,2012-09,2012-13,,Railways,127,64518.68,147234.07,82715.39,106,72,55,50.13,63129.8,43.23,,5,0,0,127,0,Sectorwise analysis of projects,
monthly_flash,2012-09,2012-13,,Roads & Highways,148,94480.8,96059.42,1578.62,11,142,87,43.45,66463.0,76.59,,7,0,0,148,0,Sectorwise analysis of projects,
monthly_flash,2012-09,2012-13,,Shipping & Ports,19,16242.52,18554.09,2311.57,11,18,12,25.08,8143.4,47.25,,5,0,0,19,0,Sectorwise analysis of projects,
monthly_flash,2012-09,2012-13,,Steel,17,65285.87,71443.41,6157.54,6,14,10,14.7,43661.77,61.78,,2,0,0,17,0,Sectorwise analysis of projects,
monthly_flash,2012-09,2012-13,,Telecommunications,13,5735.48,5676.27,-59.21,2,9,9,41.56,1656.61,49.82,,4,0,0,13,0,Sectorwise analysis of projects,
monthly_flash,2012-09,2012-13,,Urban Development & Housing,4,44245.18,49518.08,5272.9,2,3,1,21.0,3247.31,6.58,,0,0,0,4,0,Sectorwise analysis of projects,
monthly_flash,2012-09,2012-13,,Water Resources,1,542.9,1187.0,644.1,1,1,1,60.0,35.49,2.99,,0,0,0,1,0,Sectorwise analysis of projects,
monthly_flash,2012-10,2012-13,,Atomic Energy,5,41548.29,47832.29,6284.0,2,3,3,21.67,19269.24,45.71,,0,0,0,5,0,Sectorwise analysis of projects,
monthly_flash,2012-10,2012-13,,Civil Aviation,6,5473.58,6063.07,589.49,2,6,4,17.25,4593.91,75.77,,0,0,0,6,0,Sectorwise analysis of projects,
monthly_flash,2012-10,2012-13,,Coal,51,36056.46,37312.25,1255.79,7,50,20,31.0,13173.9,38.67,,0,0,0,51,0,Sectorwise analysis of projects,
monthly_flash,2012-10,2012-13,,Fertilizers & Chemicals,7,10614.27,14073.66,3459.39,1,7,4,16.0,8544.58,62.15,,1,0,0,7,0,Sectorwise analysis of projects,
monthly_flash,2012-10,2012-13,,Petroleum & Natural Gas,69,174399.19,182915.59,8516.4,15,63,42,25.1,82606.87,49.06,,2,0,0,69,0,Sectorwise analysis of projects,
monthly_flash,2012-10,2012-13,,Power,98,231379.54,245377.17,13997.63,18,97,52,25.71,106612.44,44.11,,10,0,0,98,0,Sectorwise analysis of projects,
monthly_flash,2012-10,2012-13,,Railways,127,64518.68,148474.81,83956.13,107,74,56,49.64,64231.67,43.26,,5,0,0,127,0,Sectorwise analysis of projects,
monthly_flash,2012-10,2012-13,,Roads & Highways,146,94054.5,95488.69,1434.19,11,140,86,43.24,68405.81,78.91,,9,0,0,146,0,Sectorwise analysis of projects,
monthly_flash,2012-10,2012-13,,Shipping & Ports,19,16242.52,18554.09,2311.57,11,18,13,23.31,8357.06,48.49,,5,0,0,19,0,Sectorwise analysis of projects,
monthly_flash,2012-10,2012-13,,Steel,17,65285.87,71443.41,6157.54,6,14,10,15.3,44375.57,62.57,,2,0,0,17,0,Sectorwise analysis of projects,
monthly_flash,2012-10,2012-13,,Telecommunications,13,5735.48,5676.27,-59.21,2,9,9,43.22,1658.81,49.88,,4,0,0,13,0,Sectorwise analysis of projects,
monthly_flash,2012-10,2012-13,,Urban Development & Housing,4,44245.18,49518.08,5272.9,2,3,1,21.0,3260.2,6.61,,0,0,0,4,0,Sectorwise analysis of projects,
monthly_flash,2012-10,2012-13,,Water Resources,1,542.9,1187.0,644.1,1,1,1,60.0,35.49,2.99,,0,0,0,1,0,Sectorwise analysis of projects,
monthly_flash,2012-11,2012-13,,Atomic Energy,5,41548.29,47832.29,6284.0,2,3,3,21.67,23455.84,49.04,,0,0,0,5,0,Sectorwise analysis of projects,
monthly_flash,2012-11,2012-13,,Civil Aviation,6,5473.58,5549.7,76.12,1,4,2,20.0,2319.52,68.17,,0,0,0,6,0,Sectorwise analysis of projects,
monthly_flash,2012-11,2012-13,,Coal,51,36056.46,37510.52,1454.06,7,50,20,31.0,13273.49,38.73,,0,0,0,51,0,Sectorwise analysis of projects,
monthly_flash,2012-11,2012-13,,Fertilizers & Chemicals,6,10289.27,13748.66,3459.39,1,6,4,10.75,9009.47,65.53,,1,0,0,6,0,Sectorwise analysis of projects,
monthly_flash,2012-11,2012-13,,Petroleum & Natural Gas,72,176404.09,187683.11,11279.02,16,66,41,25.85,84103.88,47.66,,3,5,0,72,0,Sectorwise analysis of projects,
monthly_flash,2012-11,2012-13,,Power,99,232888.28,248718.52,15830.24,19,98,52,26.23,109362.53,44.91,,10,0,0,99,0,Sectorwise analysis of projects,
monthly_flash,2012-11,2012-13,,Railways,127,64518.68,150659.22,86140.54,109,74,56,49.68,64648.56,42.91,,5,0,0,127,0,Sectorwise analysis of projects,
monthly_flash,2012-11,2012-13,,Roads & Highways,146,94054.5,95488.69,1434.19,11,140,87,43.03,69013.72,79.61,,9,0,0,146,0,Sectorwise analysis of projects,
monthly_flash,2012-11,2012-13,,Shipping & Ports,19,16242.52,18554.09,2311.57,11,18,13,23.46,8500.8,49.32,,5,0,0,19,0,Sectorwise analysis of projects,
monthly_flash,2012-11,2012-13,,Steel,17,65285.87,71443.41,6157.54,6,14,10,15.6,44907.61,63.15,,2,0,0,17,0,Sectorwise analysis of projects,
monthly_flash,2012-11,2012-13,,Telecommunications,13,5735.48,5676.27,-59.21,2,9,9,43.22,1660.99,49.95,,4,0,0,13,0,Sectorwise analysis of projects,
monthly_flash,2012-11,2012-13,,Urban Development & Housing,4,44245.18,49518.08,5272.9,2,3,1,21.0,3440.34,6.97,,0,0,0,4,0,Sectorwise analysis of projects,
monthly_flash,2012-11,2012-13,,Water Resources,1,542.9,1187.0,644.1,1,1,1,60.0,35.49,2.99,,0,0,0,1,0,Sectorwise analysis of projects,
monthly_flash,2012-12,2012-13,,Atomic Energy,5,41548.29,47832.29,6284.0,2,3,3,21.67,24058.57,50.3,,0,0,0,5,0,Sectorwise analysis of projects,
monthly_flash,2012-12,2012-13,,Civil Aviation,6,5473.58,6063.07,589.49,2,6,4,18.0,4735.6,78.11,,0,0,0,6,0,Sectorwise analysis of projects,
monthly_flash,2012-12,2012-13,,Coal,51,36056.46,37510.52,1454.06,7,50,21,31.52,13463.3,39.29,,0,0,0,51,0,Sectorwise analysis of projects,
monthly_flash,2012-12,2012-13,,Fertilizers & Chemicals,4,9526.27,12985.66,3459.39,1,4,1,20.0,6927.96,67.84,,3,0,0,4,0,Sectorwise analysis of projects,
monthly_flash,2012-12,2012-13,,Petroleum & Natural Gas,73,177447.66,188692.3,11244.64,16,63,39,26.46,86213.52,47.99,,3,1,0,73,0,Sectorwise analysis of projects,
monthly_flash,2012-12,2012-13,,Power,99,227823.09,243653.33,15830.24,19,98,53,26.77,109048.3,45.66,,11,3,0,99,0,Sectorwise analysis of projects,
monthly_flash,2012-12,2012-13,,Railways,126,61393.48,148131.67,86738.19,108,73,60,51.35,61217.0,41.33,,6,0,0,126,0,Sectorwise analysis of projects,
monthly_flash,2012-12,2012-13,,Roads & Highways,146,94417.9,96356.52,1938.62,11,140,86,43.97,68989.47,80.32,,13,4,0,146,0,Sectorwise analysis of projects,
monthly_flash,2012-12,2012-13,,Shipping & Ports,20,15907.97,18174.92,2266.95,9,18,13,24.31,8042.54,47.71,,6,2,0,20,0,Sectorwise analysis of projects,
monthly_flash,2012-12,2012-13,,Steel,17,65285.87,71443.41,6157.54,6,14,10,16.1,45840.84,64.16,,2,0,0,17,0,Sectorwise analysis of projects,
monthly_flash,2012-12,2012-13,,Telecommunications,14,5964.89,5905.68,-59.21,2,10,10,40.0,1728.2,48.62,,4,1,0,14,0,Sectorwise analysis of projects,
monthly_flash,2012-12,2012-13,,Urban Development & Housing,4,44245.18,49518.08,5272.9,2,3,1,21.0,3708.81,7.52,,0,0,0,4,0,Sectorwise analysis of projects,
monthly_flash,2012-12,2012-13,,Water Resources,1,542.9,1187.0,644.1,1,1,1,60.0,35.49,2.99,,0,0,0,1,0,Sectorwise analysis of projects,
monthly_flash,2013-01,2012-13,,Atomic Energy,5,41548.29,47832.29,6284.0,2,3,3,21.67,24323.57,50.85,,0,0,0,5,0,Sectorwise analysis of projects,
monthly_flash,2013-01,2012-13,,Civil Aviation,6,5473.58,6063.07,589.49,2,6,4,20.75,4833.48,79.72,,0,0,0,6,0,Sectorwise analysis of projects,
monthly_flash,2013-01,2012-13,,Coal,51,36056.46,37510.52,1454.06,7,50,25,34.64,13622.25,39.24,,0,0,0,51,0,Sectorwise analysis of projects,
monthly_flash,2013-01,2012-13,,Fertilizers & Chemicals,2,6939.24,10398.63,3459.39,1,2,2,11.0,7141.54,68.68,,5,0,0,2,0,Sectorwise analysis of projects,
monthly_flash,2013-01,2012-13,,Petroleum & Natural Gas,74,177600.55,188903.21,11302.66,16,66,43,25.79,84299.81,47.25,,3,1,0,74,0,Sectorwise analysis of projects,
monthly_flash,2013-01,2012-13,,Power,101,239851.89,255682.13,15830.24,19,100,54,26.93,112805.94,45.0,,11,1,0,101,0,Sectorwise analysis of projects,
monthly_flash,2013-01,2012-13,,Railways,126,61373.8,148389.93,87016.13,109,71,58,55.21,61928.21,41.73,,8,0,0,126,0,Sectorwise analysis of projects,
monthly_flash,2013-01,2012-13,,Roads & Highways,149,97021.84,98960.46,1938.62,11,143,89,44.67,70848.16,81.89,,13,3,0,149,0,Sectorwise analysis of projects,
monthly_flash,2013-01,2012-13,,Shipping & Ports,20,15907.97,18174.92,2266.95,9,17,13,24.23,8239.52,48.88,,6,0,0,20,0,Sectorwise analysis of projects,
monthly_flash,2013-01,2012-13,,Steel,17,65285.87,71443.41,6157.54,6,14,11,17.82,46958.93,65.73,,2,0,0,17,0,Sectorwise analysis of projects,
monthly_flash,2013-01,2012-13,,Telecommunications,15,7113.08,6920.16,-192.92,2,10,10,40.6,1688.15,43.69,,4,1,0,15,0,Sectorwise analysis of projects,
monthly_flash,2013-01,2012-13,,Urban Development & Housing,4,44245.18,49518.08,5272.9,2,3,1,21.0,3949.03,8.0,,0,0,0,4,0,Sectorwise analysis of projects,
monthly_flash,2013-01,2012-13,,Water Resources,1,542.9,1187.0,644.1,1,1,1,60.0,35.49,2.99,,0,0,0,1,0,Sectorwise analysis of projects,
monthly_flash,2013-02,2012-13,,Atomic Energy,4,40442.0,46726.0,6284.0,2,3,3,21.67,23535.33,50.37,,1,0,0,4,0,Sectorwise analysis of projects,
monthly_flash,2013-02,2012-13,,Civil Aviation,6,5473.58,6063.07,589.49,2,6,4,20.75,4946.52,81.58,,0,0,0,6,0,Sectorwise analysis of projects,
monthly_flash,2013-02,2012-13,,Coal,51,36056.46,37510.52,1454.06,7,50,26,35.62,13866.49,39.94,,0,0,0,51,0,Sectorwise analysis of projects,
monthly_flash,2013-02,2012-13,,Fertilizers & Chemicals,2,6939.24,10398.63,3459.39,1,2,1,20.0,7316.56,70.36,,5,0,0,2,0,Sectorwise analysis of projects,
monthly_flash,2013-02,2012-13,,Petroleum & Natural Gas,71,169219.44,181912.59,12693.15,16,60,38,27.0,71092.1,51.76,,7,1,0,71,0,Sectorwise analysis of projects,
monthly_flash,2013-02,2012-13,,Power,102,241378.89,257209.13,15830.24,19,101,56,26.95,116014.86,46.0,,11,1,0,102,0,Sectorwise analysis of projects,
monthly_flash,2013-02,2012-13,,Railways,125,61244.63,148185.62,86940.99,107,67,56,56.98,62617.39,42.26,,9,0,0,125,0,Sectorwise analysis of projects,
monthly_flash,2013-02,2012-13,,Roads & Highways,147,96472.1,98410.72,1938.62,11,141,93,42.69,73510.81,81.18,,15,0,0,147,0,Sectorwise analysis of projects,
monthly_flash,2013-02,2012-13,,Shipping & Ports,19,15617.12,17902.42,2285.3,9,16,12,25.25,8107.64,48.89,,7,0,0,19,0,Sectorwise analysis of projects,
monthly_flash,2013-02,2012-13,,Steel,17,65285.87,71443.41,6157.54,6,15,13,16.15,47807.33,66.92,,2,0,0,17,0,Sectorwise analysis of projects,
monthly_flash,2013-02,2012-13,,Telecommunications,15,7113.08,6920.16,-192.92,2,10,10,40.9,1296.96,41.87,,4,0,0,15,0,Sectorwise analysis of projects,
monthly_flash,2013-02,2012-13,,Urban Development & Housing,4,44245.18,49518.08,5272.9,2,3,1,21.0,10445.64,21.17,,0,0,0,4,0,Sectorwise analysis of projects,
monthly_flash,2013-02,2012-13,,Water Resources,1,542.9,1187.0,644.1,1,1,1,60.0,35.49,2.99,,0,0,0,1,0,Sectorwise analysis of projects,
monthly_flash,2013-03,2012-13,,Atomic Energy,4,40442.0,46726.0,6284.0,2,3,3,21.67,23769.48,50.87,,1,0,0,4,0,Sectorwise analysis of projects,
monthly_flash,2013-03,2012-13,,Civil Aviation,6,5473.58,6063.07,589.49,2,6,4,20.75,5205.34,85.85,,0,0,0,6,0,Sectorwise analysis of projects,
monthly_flash,2013-03,2012-13,,Coal,51,36056.46,37510.52,1454.06,7,50,28,34.93,14345.29,41.32,,0,0,0,51,0,Sectorwise analysis of projects,
monthly_flash,2013-03,2012-13,,Fertilizers & Chemicals,2,6939.24,10398.63,3459.39,1,2,2,11.0,7316.56,70.36,,5,0,0,2,0,Sectorwise analysis of projects,
monthly_flash,2013-03,2012-13,,Petroleum & Natural Gas,67,164236.71,173456.75,9220.04,15,61,40,25.68,79188.84,47.45,,11,0,0,67,0,Sectorwise analysis of projects,
monthly_flash,2013-03,2012-13,,Power,101,243054.78,258796.07,15741.29,18,100,55,27.6,118189.09,47.13,,14,2,0,101,0,Sectorwise analysis of projects,
monthly_flash,2013-03,2012-13,,Railways,124,60590.79,147761.45,87170.66,107,70,58,57.55,62924.93,42.59,,9,0,0,124,0,Sectorwise analysis of projects,
monthly_flash,2013-03,2012-13,,Roads & Highways,149,101529.76,103468.38,1938.62,11,143,89,43.35,72105.04,76.05,,20,7,0,149,0,Sectorwise analysis of projects,
monthly_flash,2013-03,2012-13,,Shipping & Ports,19,15617.12,17902.42,2285.3,9,18,12,25.67,8251.99,49.76,,7,0,0,19,0,Sectorwise analysis of projects,
monthly_flash,2013-03,2012-13,,Steel,17,65285.87,71443.41,6157.54,6,17,15,16.33,49110.8,68.74,,2,0,0,17,0,Sectorwise analysis of projects,
monthly_flash,2013-03,2012-13,,Telecommunications,13,5699.24,5506.32,-192.92,2,10,10,41.5,1800.89,44.99,,4,0,2,13,0,Sectorwise analysis of projects,printed_code_conflict
monthly_flash,2013-03,2012-13,,Urban Development & Housing,4,44245.18,49518.08,5272.9,2,3,1,21.0,5517.33,11.18,,0,0,0,4,0,Sectorwise analysis of projects,
monthly_flash,2013-03,2012-13,,Water Resources,1,542.9,1187.0,644.1,1,1,1,60.0,35.49,2.99,,0,0,0,1,0,Sectorwise analysis of projects,
monthly_flash,2013-04,2013-14,,Atomic Energy,4,40442.0,46726.0,6284.0,2,3,3,21.67,24795.48,53.07,,0,0,0,4,0,Sector-wise analysis of projects,
monthly_flash,2013-04,2013-14,,Civil Aviation,6,5473.58,6063.07,589.49,2,6,4,20.75,5271.18,86.94,,0,0,0,6,0,Sector-wise analysis of projects,
monthly_flash,2013-04,2013-14,,Coal,52,36486.6,37940.66,1454.06,7,50,29,34.28,14957.41,42.56,,0,1,0,52,0,Sector-wise analysis of projects,
monthly_flash,2013-04,2013-14,,Fertilizers & Chemicals,2,6939.24,10398.63,3459.39,1,2,2,11.0,5597.51,53.83,,0,0,0,2,0,Sector-wise analysis of projects,
monthly_flash,2013-04,2013-14,,Petroleum & Natural Gas,70,165950.52,178609.86,12659.34,18,61,40,25.9,83622.41,48.98,,0,3,0,70,0,Sector-wise analysis of projects,
monthly_flash,2013-04,2013-14,,Power,100,242845.0,258586.29,15741.29,18,99,57,27.96,122369.06,47.99,,1,0,0,100,0,Sector-wise analysis of projects,
monthly_flash,2013-04,2013-14,,Railways,129,66990.82,155817.76,88826.94,108,69,55,57.76,62346.4,41.57,,2,7,0,129,0,Sector-wise analysis of projects,
monthly_flash,2013-04,2013-14,,Roads & Highways,149,101529.76,103468.38,1938.62,11,143,90,43.42,72801.29,76.69,,0,0,0,149,0,Sector-wise analysis of projects,
monthly_flash,2013-04,2013-14,,Shipping & Ports,19,15617.12,17902.42,2285.3,9,18,13,25.08,8260.18,49.81,,0,0,0,19,0,Sector-wise analysis of projects,
monthly_flash,2013-04,2013-14,,Steel,17,65285.87,71443.41,6157.54,6,17,15,16.73,48647.59,68.09,,0,0,0,17,0,Sector-wise analysis of projects,
monthly_flash,2013-04,2013-14,,Telecommunications,13,5699.24,5506.32,-192.92,2,8,8,45.88,1901.63,45.59,,0,0,0,13,0,Sector-wise analysis of projects,
monthly_flash,2013-04,2013-14,,Urban Development & Housing,4,44245.18,49518.08,5272.9,2,3,1,21.0,5671.42,11.49,,0,0,0,4,0,Sector-wise analysis of projects,
monthly_flash,2013-04,2013-14,,Water Resources,1,542.9,1187.0,644.1,1,1,1,60.0,35.49,2.99,,0,0,0,1,0,Sector-wise analysis of projects,
monthly_flash,2013-05,2013-14,,Atomic Energy,4,40442.0,46726.0,6284.0,2,3,3,21.67,24795.48,53.07,,0,0,0,4,0,Sector-wise analysis of projects,
monthly_flash,2013-05,2013-14,,Civil Aviation,6,5473.58,6063.07,589.49,2,6,4,23.75,5287.95,87.22,,0,0,0,6,0,Sector-wise analysis of projects,
monthly_flash,2013-05,2013-14,,Coal,54,37268.94,40354.39,3085.45,7,50,28,34.32,14787.57,39.76,,0,0,0,54,0,Sector-wise analysis of projects,
monthly_flash,2013-05,2013-14,,Fertilizers & Chemicals,1,5460.61,8920.0,3459.39,1,1,1,20.0,4510.51,50.57,,1,0,0,1,0,Sector-wise analysis of projects,
monthly_flash,2013-05,2013-14,,Petroleum & Natural Gas,70,165950.52,179743.33,13792.81,20,63,42,26.36,82724.37,48.13,,0,0,0,70,0,Sector-wise analysis of projects,
monthly_flash,2013-05,2013-14,,Power,103,243028.99,259083.86,16054.87,21,102,58,28.05,118566.19,46.78,,2,5,0,103,0,Sector-wise analysis of projects,
monthly_flash,2013-05,2013-14,,Railways,129,66990.82,157489.96,90499.14,111,70,57,57.95,63875.57,42.12,,0,0,0,129,0,Sector-wise analysis of projects,
monthly_flash,2013-05,2013-14,,Roads & Highways,148,101189.08,103127.7,1938.62,11,142,91,42.37,75502.51,79.28,,1,0,0,148,0,Sector-wise analysis of projects,
monthly_flash,2013-05,2013-14,,Shipping & Ports,19,15617.12,17700.82,2083.7,9,18,14,24.86,8592.87,51.65,,0,0,0,19,0,Sector-wise analysis of projects,
monthly_flash,2013-05,2013-14,,Steel,17,65285.87,71443.41,6157.54,6,17,15,17.33,40721.93,57.0,,0,0,0,17,0,Sector-wise analysis of projects,
monthly_flash,2013-05,2013-14,,Telecommunications,13,5699.24,5520.22,-179.02,3,8,8,47.38,1901.95,45.44,,0,0,0,13,0,Sector-wise analysis of projects,
monthly_flash,2013-05,2013-14,,Urban Development & Housing,4,44245.18,49518.08,5272.9,2,3,1,21.0,5969.99,12.1,,0,0,0,4,0,Sector-wise analysis of projects,
monthly_flash,2013-05,2013-14,,Water Resources,1,542.9,1187.0,644.1,1,1,1,60.0,35.49,2.99,,0,0,0,1,0,Sector-wise analysis of projects,
monthly_flash,2013-06,2013-14,,Atomic Energy,4,40442.0,46726.0,6284.0,2,4,4,32.75,25369.48,54.29,,0,0,0,4,0,Sector-wise analysis of projects,
monthly_flash,2013-06,2013-14,,Civil Aviation,7,5691.18,6280.67,589.49,2,7,4,23.75,5408.64,86.12,,0,1,0,7,0,Sector-wise analysis of projects,
monthly_flash,2013-06,2013-14,,Coal,55,38127.05,41212.5,3085.45,7,51,28,33.96,15064.77,39.59,,0,1,0,55,0,Sector-wise analysis of projects,
monthly_flash,2013-06,2013-14,,Fertilizers & Chemicals,1,5460.61,8920.0,3459.39,1,1,1,20.0,4510.51,50.57,,0,0,0,1,0,Sector-wise analysis of projects,
monthly_flash,2013-06,2013-14,,Petroleum & Natural Gas,74,166849.67,182105.16,15255.49,23,68,45,27.73,88364.7,50.24,,0,0,0,74,0,Sector-wise analysis of projects,
monthly_flash,2013-06,2013-14,,Power,103,243028.99,262286.39,19257.4,23,101,58,27.79,122367.53,47.3,,0,0,0,103,0,Sector-wise analysis of projects,
monthly_flash,2013-06,2013-14,,Railways,127,66498.32,161153.59,94655.27,108,66,54,57.65,64175.31,41.32,,2,0,0,127,0,Sector-wise analysis of projects,
monthly_flash,2013-06,2013-14,,Roads & Highways,148,101189.08,103127.7,1938.62,11,142,95,41.93,78731.84,82.09,,0,0,0,148,0,Sector-wise analysis of projects,
monthly_flash,2013-06,2013-14,,Shipping & Ports,19,15617.12,17902.42,2285.3,9,18,14,24.79,8603.74,51.1,,0,0,0,19,0,Sector-wise analysis of projects,
monthly_flash,2013-06,2013-14,,Steel,17,65285.87,71443.41,6157.54,6,17,15,18.27,51276.24,71.77,,0,0,0,17,0,Sector-wise analysis of projects,
monthly_flash,2013-06,2013-14,,Telecommunications,13,5699.24,5520.22,-179.02,3,10,10,43.6,1970.84,44.64,,0,0,0,13,0,Sector-wise analysis of projects,
monthly_flash,2013-06,2013-14,,Urban Development & Housing,4,44245.18,49518.08,5272.9,2,3,2,14.5,6331.41,12.83,,0,0,0,4,0,Sector-wise analysis of projects,
monthly_flash,2013-06,2013-14,,Water Resources,1,542.9,1187.0,644.1,1,1,1,60.0,35.49,2.99,,0,0,0,1,0,Sector-wise analysis of projects,
monthly_flash,2013-07,2013-14,,Atomic Energy,4,40442.0,46726.0,6284.0,2,4,4,33.5,26100.6,55.86,,0,0,0,4,0,Sector-wise analysis of projects,
monthly_flash,2013-07,2013-14,,Civil Aviation,8,6035.46,6624.95,589.49,2,8,4,24.5,5404.81,86.05,,0,1,0,8,0,Sector-wise analysis of projects,
monthly_flash,2013-07,2013-14,,Coal,55,38127.05,41212.5,3085.45,7,51,28,34.39,15215.76,39.99,,0,0,0,55,0,Sector-wise analysis of projects,
monthly_flash,2013-07,2013-14,,Fertilizers & Chemicals,1,5460.61,8920.0,3459.39,1,1,1,20.0,4510.51,50.57,,0,0,0,1,0,Sector-wise analysis of projects,
monthly_flash,2013-07,2013-14,,Petroleum & Natural Gas,82,183464.22,197793.04,14328.82,24,74,54,26.2,92271.22,48.65,,1,5,0,82,0,Sector-wise analysis of projects,
monthly_flash,2013-07,2013-14,,Power,98,251918.93,270310.17,18391.24,19,96,54,27.76,122996.17,48.18,,2,1,0,98,0,Sector-wise analysis of projects,
monthly_flash,2013-07,2013-14,,Railways,240,121907.58,227295.52,105387.94,136,77,55,57.89,72903.41,35.06,,0,115,0,240,0,Sector-wise analysis of projects,
monthly_flash,2013-07,2013-14,,Roads & Highways,151,103915.59,105854.21,1938.62,11,145,97,41.37,81038.79,83.77,,0,3,0,151,0,Sector-wise analysis of projects,
monthly_flash,2013-07,2013-14,,Shipping & Ports,19,15617.12,17902.42,2285.3,9,18,14,25.29,8607.77,51.12,,0,0,0,19,0,Sector-wise analysis of projects,
monthly_flash,2013-07,2013-14,,Steel,18,65625.22,71782.4,6157.18,6,18,15,19.47,52362.23,72.95,,0,0,0,18,0,Sector-wise analysis of projects,
monthly_flash,2013-07,2013-14,,Telecommunications,13,5699.24,5520.22,-179.02,3,10,10,43.6,1970.84,44.64,,0,0,0,13,0,Sector-wise analysis of projects,
monthly_flash,2013-07,2013-14,,Urban Development & Housing,4,44245.18,49518.08,5272.9,2,3,2,14.5,6593.59,13.36,,0,0,0,4,0,Sector-wise analysis of projects,
monthly_flash,2013-07,2013-14,,Water Resources,1,542.9,1187.0,644.1,1,1,1,60.0,35.49,2.99,,0,0,0,1,0,Sector-wise analysis of projects,
monthly_flash,2013-08,2013-14,,Atomic Energy,4,40442.0,46726.0,6284.0,2,4,4,33.5,26373.6,56.44,,0,0,0,4,0,Sector-wise analysis of projects,
monthly_flash,2013-08,2013-14,,Civil Aviation,8,6035.46,6624.95,589.49,2,8,4,24.5,5421.55,86.32,,0,0,0,8,0,Sector-wise analysis of projects,
monthly_flash,2013-08,2013-14,,Coal,55,38127.05,41212.5,3085.45,7,51,28,34.39,15401.75,40.48,,0,0,0,55,0,Sector-wise analysis of projects,
monthly_flash,2013-08,2013-14,,Fertilizers & Chemicals,1,5460.61,8920.0,3459.39,1,1,1,20.0,4510.51,50.57,,0,0,0,1,0,Sector-wise analysis of projects,
monthly_flash,2013-08,2013-14,,Petroleum & Natural Gas,84,184108.78,198495.51,14386.73,24,77,55,27.09,94028.32,49.36,,0,2,0,84,0,Sector-wise analysis of projects,
monthly_flash,2013-08,2013-14,,Power,99,254014.6,273611.01,19596.41,20,97,56,26.98,128680.52,48.06,,1,2,0,99,0,Sector-wise analysis of projects,
monthly_flash,2013-08,2013-14,,Railways,283,147446.28,258415.07,110968.79,140,76,55,57.42,75004.75,33.64,,3,46,0,283,0,Sector-wise analysis of projects,
monthly_flash,2013-08,2013-14,,Roads & Highways,152,105203.54,107142.16,1938.62,11,146,103,40.18,83521.87,84.67,,0,1,0,152,0,Sector-wise analysis of projects,
monthly_flash,2013-08,2013-14,,Shipping & Ports,19,15617.12,17902.42,2285.3,9,17,13,24.62,8642.58,51.33,,0,0,0,19,0,Sector-wise analysis of projects,
monthly_flash,2013-08,2013-14,,Steel,18,65625.22,71782.4,6157.18,6,18,15,20.27,53178.98,74.08,,0,0,0,18,0,Sector-wise analysis of projects,
monthly_flash,2013-08,2013-14,,Telecommunications,13,5699.24,5527.92,-171.32,3,11,11,46.36,1970.85,44.57,,0,0,0,13,0,Sector-wise analysis of projects,
monthly_flash,2013-08,2013-14,,Urban Development & Housing,4,44245.18,49518.08,5272.9,2,3,2,14.5,6421.63,13.01,,0,0,0,4,0,Sector-wise analysis of projects,
monthly_flash,2013-08,2013-14,,Water Resources,1,542.9,1187.0,644.1,1,1,1,60.0,35.49,2.99,,0,0,0,1,0,Sector-wise analysis of projects,
monthly_flash,2013-09,2013-14,,Atomic Energy,4,40442.0,46726.0,6284.0,2,4,4,33.5,26373.6,56.44,,0,0,0,4,0,Sector-wise analysis of projects,
monthly_flash,2013-09,2013-14,,Civil Aviation,8,6035.46,6624.95,589.49,2,8,5,21.2,5453.37,86.83,,0,0,0,8,0,Sector-wise analysis of projects,
monthly_flash,2013-09,2013-14,,Coal,55,38127.05,41212.5,3085.45,7,51,28,34.39,15788.6,41.49,,0,0,0,55,0,Sector-wise analysis of projects,
monthly_flash,2013-09,2013-14,,Fertilizers & Chemicals,1,5460.61,8920.0,3459.39,1,1,1,20.0,4510.51,50.57,,0,0,0,1,0,Sector-wise analysis of projects,
monthly_flash,2013-09,2013-14,,Petroleum & Natural Gas,83,183767.28,198154.01,14386.73,24,76,52,28.81,96241.8,50.04,,1,0,0,83,0,Sector-wise analysis of projects,
monthly_flash,2013-09,2013-14,,Power,98,246982.72,266241.78,19259.06,20,97,57,30.11,126527.06,48.59,,1,0,0,98,0,Sector-wise analysis of projects,
monthly_flash,2013-09,2013-14,,Railways,283,147446.28,258258.56,110812.28,144,76,55,57.87,75461.51,33.2,,0,0,0,283,0,Sector-wise analysis of projects,
monthly_flash,2013-09,2013-14,,Roads & Highways,151,104964.22,106902.84,1938.62,11,145,103,40.35,83933.3,86.06,,1,1,0,151,0,Sector-wise analysis of projects,
monthly_flash,2013-09,2013-14,,Shipping & Ports,19,15617.12,17902.42,2285.3,9,17,13,24.62,8652.15,51.39,,0,0,0,19,0,Sector-wise analysis of projects,
monthly_flash,2013-09,2013-14,,Steel,18,65625.22,71782.4,6157.18,6,18,15,20.4,53801.46,75.3,,0,0,0,18,0,Sector-wise analysis of projects,
monthly_flash,2013-09,2013-14,,Telecommunications,13,5699.24,5527.92,-171.32,3,11,11,46.64,2032.84,45.97,,0,0,0,13,0,Sector-wise analysis of projects,
monthly_flash,2013-09,2013-14,,Urban Development & Housing,4,44245.18,49518.08,5272.9,2,3,2,14.5,6421.63,13.01,,0,0,0,4,0,Sector-wise analysis of projects,
monthly_flash,2013-09,2013-14,,Water Resources,1,542.9,1187.0,644.1,1,1,1,60.0,35.49,2.99,,0,0,0,1,0,Sector-wise analysis of projects,
monthly_flash,2013-10,2013-14,,Atomic Energy,4,40442.0,46726.0,6284.0,2,4,4,34.25,26912.83,57.6,,0,0,0,4,0,Sector-wise analysis of projects,
monthly_flash,2013-10,2013-14,,Civil Aviation,8,6035.46,6624.95,589.49,2,8,5,21.2,5473.72,87.15,,0,0,0,8,0,Sector-wise analysis of projects,
monthly_flash,2013-10,2013-14,,Coal,55,38127.05,41212.5,3085.45,7,53,30,37.63,16090.32,41.88,,0,0,0,55,0,Sector-wise analysis of projects,
monthly_flash,2013-10,2013-14,,Fertilizers & Chemicals,1,5460.61,8920.0,3459.39,1,1,1,20.0,4510.51,50.57,,0,0,0,1,0,Sector-wise analysis of projects,
monthly_flash,2013-10,2013-14,,Petroleum & Natural Gas,85,184960.03,200046.76,15086.73,25,78,53,29.85,99431.39,51.19,,0,2,0,85,0,Sector-wise analysis of projects,
monthly_flash,2013-10,2013-14,,Power,98,248494.89,267210.95,18716.06,18,97,56,29.21,128626.6,49.22,,2,2,0,98,0,Sector-wise analysis of projects,
monthly_flash,2013-10,2013-14,,Railways,286,149162.48,264395.1,115232.62,145,76,56,57.98,73591.95,32.25,,2,5,0,286,0,Sector-wise analysis of projects,
monthly_flash,2013-10,2013-14,,Roads & Highways,151,104964.22,106902.84,1938.62,11,145,103,40.35,83933.3,86.06,,0,0,0,151,0,Sector-wise analysis of projects,
monthly_flash,2013-10,2013-14,,Shipping & Ports,19,15617.12,17871.52,2254.4,9,17,13,24.85,8655.74,51.5,,0,0,0,19,0,Sector-wise analysis of projects,
monthly_flash,2013-10,2013-14,,Steel,18,65597.22,71782.4,6185.18,6,18,15,28.0,54194.19,75.5,,0,0,0,18,0,Sector-wise analysis of projects,
monthly_flash,2013-10,2013-14,,Telecommunications,9,4742.45,4646.1,-96.35,3,7,7,44.29,1736.42,49.04,,1,0,0,9,0,Sector-wise analysis of projects,
monthly_flash,2013-10,2013-14,,Urban Development & Housing,4,44245.18,49518.08,5272.9,2,3,2,14.5,8001.83,16.22,,0,0,0,4,0,Sector-wise analysis of projects,
monthly_flash,2013-10,2013-14,,Water Resources,1,542.9,1187.0,644.1,1,1,1,60.0,35.49,2.99,,0,0,0,1,0,Sector-wise analysis of projects,
monthly_flash,2013-11,2013-14,,Atomic Energy,4,40442.0,46726.0,6284.0,2,4,4,34.25,27235.83,58.29,,0,0,0,4,0,Sector-wise analysis of projects,
monthly_flash,2013-11,2013-14,,Civil Aviation,8,6035.46,6946.0,910.54,3,8,5,21.2,5504.69,83.38,,0,0,0,8,0,Sector-wise analysis of projects,
monthly_flash,2013-11,2013-14,,Coal,55,38127.05,41274.31,3147.26,7,49,27,34.11,16230.27,42.18,,0,0,0,55,0,Sector-wise analysis of projects,
monthly_flash,2013-11,2013-14,,Fertilizers & Chemicals,1,5460.61,8920.0,3459.39,1,1,1,20.0,4510.51,50.57,,0,0,0,1,0,Sector-wise analysis of projects,
monthly_flash,2013-11,2013-14,,Petroleum & Natural Gas,85,184960.03,200187.36,15227.33,26,79,55,31.33,100763.92,51.88,,0,0,0,85,0,Sector-wise analysis of projects,
monthly_flash,2013-11,2013-14,,Power,98,248494.89,266624.83,18129.94,17,95,57,29.4,128865.16,50.03,,0,0,0,98,0,Sector-wise analysis of projects,
monthly_flash,2013-11,2013-14,,Railways,286,149401.52,263767.46,114365.94,146,75,55,61.69,74945.57,32.42,,1,1,0,286,0,Sector-wise analysis of projects,
monthly_flash,2013-11,2013-14,,Roads & Highways,151,104964.22,107097.37,2133.15,15,78,33,60.52,87958.89,88.21,,0,0,0,151,0,Sector-wise analysis of projects,
monthly_flash,2013-11,2013-14,,Shipping & Ports,19,15617.12,17871.52,2254.4,9,17,13,24.85,8782.79,52.26,,0,0,0,19,0,Sector-wise analysis of projects,
monthly_flash,2013-11,2013-14,,Steel,18,65597.22,71782.4,6185.18,6,18,15,28.53,55703.66,77.6,,0,0,0,18,0,Sector-wise analysis of projects,
monthly_flash,2013-11,2013-14,,Telecommunications,9,4742.45,4646.1,-96.35,3,7,7,44.71,1751.97,49.48,,0,0,0,9,0,Sector-wise analysis of projects,
monthly_flash,2013-11,2013-14,,Urban Development & Housing,4,44245.18,49518.08,5272.9,2,3,2,14.5,8001.83,16.22,,0,0,0,4,0,Sector-wise analysis of projects,
monthly_flash,2013-11,2013-14,,Water Resources,1,542.9,1187.0,644.1,1,1,1,60.0,35.49,2.99,,0,0,0,1,0,Sector-wise analysis of projects,
monthly_flash,2013-12,2013-14,,Atomic Energy,4,40442.0,46726.0,6284.0,2,4,4,33.5,26358.16,56.41,,0,0,0,4,0,Sector-wise analysis of projects,
monthly_flash,2013-12,2013-14,,Civil Aviation,8,6035.46,6946.0,910.54,3,8,5,22.0,5541.8,83.94,,0,0,0,8,0,Sector-wise analysis of projects,
monthly_flash,2013-12,2013-14,,Coal,55,38127.05,41525.17,3398.12,7,49,27,34.11,16992.15,43.87,,0,0,0,55,0,Sector-wise analysis of projects,
monthly_flash,2013-12,2013-14,,Fertilizers & Chemicals,1,5460.61,8920.0,3459.39,1,1,1,20.0,4510.51,50.57,,0,0,0,1,0,Sector-wise analysis of projects,
monthly_flash,2013-12,2013-14,,Petroleum & Natural Gas,82,183103.4,197993.73,14890.33,24,78,58,30.38,100971.49,52.61,,4,1,0,82,0,Sector-wise analysis of projects,
monthly_flash,2013-12,2013-14,,Power,100,249166.39,267559.81,18393.42,18,93,56,29.18,122983.17,50.51,,0,2,0,100,0,Sector-wise analysis of projects,
monthly_flash,2013-12,2013-14,,Railways,285,149113.53,265521.61,116408.08,150,75,54,62.24,77081.07,32.58,,1,0,0,285,0,Sector-wise analysis of projects,
monthly_flash,2013-12,2013-14,,Roads & Highways,152,106312.42,108365.22,2052.8,15,74,33,62.48,86173.46,85.07,,0,1,0,152,0,Sector-wise analysis of projects,
monthly_flash,2013-12,2013-14,,Shipping & Ports,19,15617.12,17871.52,2254.4,9,17,13,25.31,8722.6,51.9,,0,0,0,19,0,Sector-wise analysis of projects,
monthly_flash,2013-12,2013-14,,Steel,20,65959.26,72162.25,6202.99,7,20,15,32.4,56685.8,78.73,,0,2,0,20,0,Sector-wise analysis of projects,
monthly_flash,2013-12,2013-14,,Telecommunications,10,5079.29,4982.94,-96.35,3,7,7,44.71,1751.97,49.48,,0,0,0,10,0,Sector-wise analysis of projects,
monthly_flash,2013-12,2013-14,,Urban Development & Housing,4,47598.18,52871.08,5272.9,2,3,2,14.5,8819.72,16.74,,0,0,0,4,0,Sector-wise analysis of projects,
monthly_flash,2013-12,2013-14,,Water Resources,1,542.9,1187.0,644.1,1,1,1,60.0,35.49,2.99,,0,0,0,1,0,Sector-wise analysis of projects,
monthly_flash,2014-01,2013-14,,Atomic Energy,4,40442.0,46726.0,6284.0,2,4,4,35.25,21755.16,94.81,,0,0,0,4,0,Sector-wise analysis of projects,
monthly_flash,2014-01,2013-14,,Civil Aviation,8,6035.46,6946.0,910.54,3,8,5,22.6,5574.92,84.45,,0,0,0,8,0,Sector-wise analysis of projects,
monthly_flash,2014-01,2013-14,,Coal,55,38127.05,41525.17,3398.12,7,52,29,35.66,16436.87,43.78,,0,0,0,55,0,Sector-wise analysis of projects,
monthly_flash,2014-01,2013-14,,Fertilizers & Chemicals,1,5460.61,8920.0,3459.39,1,0,0,,4510.51,50.57,,0,0,0,1,0,Sector-wise analysis of projects,
monthly_flash,2014-01,2013-14,,Petroleum & Natural Gas,82,181913.11,197623.79,15710.68,24,78,60,29.93,102090.2,52.98,,1,1,0,82,0,Sector-wise analysis of projects,
monthly_flash,2014-01,2013-14,,Power,102,248230.58,265932.27,17701.69,17,100,62,29.1,132098.62,52.08,,2,4,0,102,0,Sector-wise analysis of projects,
monthly_flash,2014-01,2013-14,,Railways,284,148717.49,265448.07,116730.58,150,75,55,62.0,78477.31,33.06,,0,0,0,284,0,Sector-wise analysis of projects,
monthly_flash,2014-01,2013-14,,Roads & Highways,132,96437.15,98553.16,2116.01,13,67,24,51.58,75648.39,80.31,,20,0,0,132,0,Sector-wise analysis of projects,
monthly_flash,2014-01,2013-14,,Shipping & Ports,19,15617.12,17871.52,2254.4,9,17,14,23.64,8793.03,52.32,,0,0,0,19,0,Sector-wise analysis of projects,
monthly_flash,2014-01,2013-14,,Steel,20,65959.26,72162.25,6202.99,7,20,15,32.47,57573.37,79.78,,0,0,0,20,0,Sector-wise analysis of projects,
monthly_flash,2014-01,2013-14,,Telecommunications,10,5079.29,4982.94,-96.35,3,7,7,46.0,1752.17,49.49,,0,0,0,10,0,Sector-wise analysis of projects,
monthly_flash,2014-01,2013-14,,Urban Development & Housing,4,47588.18,52861.08,5272.9,2,3,2,14.5,9242.93,17.54,,0,0,0,4,0,Sector-wise analysis of projects,
monthly_flash,2014-01,2013-14,,Water Resources,1,542.9,1187.0,644.1,1,1,1,60.0,35.49,2.99,,0,0,0,1,0,Sector-wise analysis of projects,
monthly_flash,2014-02,2013-14,,Atomic Energy,4,40442.0,46726.0,6284.0,2,4,4,35.0,24271.89,68.82,,0,0,0,4,0,Sector-wise analysis of projects,
monthly_flash,2014-02,2013-14,,Civil Aviation,8,6035.46,6946.0,910.54,3,8,5,22.8,5616.1,85.07,,0,0,0,8,0,Sector-wise analysis of projects,
monthly_flash,2014-02,2013-14,,Coal,56,38737.38,48559.52,9822.14,8,54,30,40.23,17419.87,38.58,,0,1,0,56,0,Sector-wise analysis of projects,
monthly_flash,2014-02,2013-14,,Fertilizers & Chemicals,1,5460.61,8920.0,3459.39,1,0,0,,4510.51,50.57,,0,0,0,1,0,Sector-wise analysis of projects,
monthly_flash,2014-02,2013-14,,Petroleum & Natural Gas,81,181786.93,197464.25,15677.32,23,77,58,30.88,104182.95,54.04,,0,0,0,81,0,Sector-wise analysis of projects,
monthly_flash,2014-02,2013-14,,Power,101,246501.29,263851.27,17349.98,16,94,55,31.2,120803.07,51.41,,1,0,0,101,0,Sector-wise analysis of projects,
monthly_flash,2014-02,2013-14,,Railways,283,148651.55,266252.73,117601.18,149,75,54,62.7,79281.69,33.27,,1,0,0,283,0,Sector-wise analysis of projects,
monthly_flash,2014-02,2013-14,,Roads & Highways,132,96437.15,98553.16,2116.01,13,64,23,53.87,78632.39,85.14,,0,0,0,132,0,Sector-wise analysis of projects,
monthly_flash,2014-02,2013-14,,Shipping & Ports,19,15617.12,17871.52,2254.4,9,17,14,23.64,8793.03,52.32,,0,0,0,19,0,Sector-wise analysis of projects,
monthly_flash,2014-02,2013-14,,Steel,20,65959.26,72188.55,6229.29,8,20,15,32.8,58098.46,80.48,,0,0,0,20,0,Sector-wise analysis of projects,
monthly_flash,2014-02,2013-14,,Telecommunications,10,5079.29,4982.94,-96.35,3,7,7,46.0,1752.17,49.49,,0,0,0,10,0,Sector-wise analysis of projects,
monthly_flash,2014-02,2013-14,,Urban Development & Housing,5,73993.32,79266.22,5272.9,2,4,2,14.5,9926.37,18.84,,0,1,0,5,0,Sector-wise analysis of projects,
monthly_flash,2014-02,2013-14,,Water Resources,1,542.9,1187.0,644.1,1,1,1,60.0,35.49,2.99,,0,0,0,1,0,Sector-wise analysis of projects,
monthly_flash,2014-03,2013-14,,Atomic Energy,4,40442.0,46726.0,6284.0,2,4,4,35.0,17198.0,99.58,,0,0,0,4,0,Sector-wise analysis of projects,
monthly_flash,2014-03,2013-14,,Civil Aviation,8,6035.46,6946.0,910.54,3,8,5,23.0,5738.35,86.92,,0,0,0,8,0,Sector-wise analysis of projects,
monthly_flash,2014-03,2013-14,,Coal,56,38737.38,48559.52,9822.14,8,54,30,40.27,17818.73,39.46,,0,0,0,56,0,Sector-wise analysis of projects,
monthly_flash,2014-03,2013-14,,Fertilizers & Chemicals,1,5460.61,8920.0,3459.39,1,0,0,,7671.12,86.0,,0,0,0,1,0,Sector-wise analysis of projects,
monthly_flash,2014-03,2013-14,,Petroleum & Natural Gas,76,182981.12,197259.22,14278.1,20,72,52,28.69,100869.68,53.56,,8,2,0,76,0,Sector-wise analysis of projects,
monthly_flash,2014-03,2013-14,,Power,96,244469.88,263493.12,19023.24,17,88,50,30.9,114382.25,50.31,,5,0,0,96,0,Sector-wise analysis of projects,
monthly_flash,2014-03,2013-14,,Railways,282,148551.55,257231.72,108680.17,145,75,55,60.35,77727.25,34.44,,1,0,0,282,0,Sector-wise analysis of projects,
monthly_flash,2014-03,2013-14,,Roads & Highways,132,96437.15,98553.21,2116.06,13,64,23,53.74,80641.13,83.45,,0,0,0,132,0,Sector-wise analysis of projects,
monthly_flash,2014-03,2013-14,,Shipping & Ports,19,15617.12,18600.58,2983.46,9,17,14,24.14,8807.06,50.23,,0,0,0,19,0,Sector-wise analysis of projects,
monthly_flash,2014-03,2013-14,,Steel,20,65959.26,72188.55,6229.29,8,20,15,33.07,59215.71,82.03,,0,0,0,20,0,Sector-wise analysis of projects,
monthly_flash,2014-03,2013-14,,Telecommunications,10,5079.29,4982.94,-96.35,3,7,7,47.14,1767.57,49.92,,0,0,0,10,0,Sector-wise analysis of projects,
monthly_flash,2014-03,2013-14,,Urban Development & Housing,5,73993.32,79266.22,5272.9,2,4,2,14.5,9926.37,18.84,,0,0,0,5,0,Sector-wise analysis of projects,
monthly_flash,2014-03,2013-14,,Water Resources,1,542.9,1187.0,644.1,1,1,1,60.0,35.49,2.99,,0,0,0,1,0,Sector-wise analysis of projects,
monthly_flash,2014-04,2014-15,,Atomic Energy,4,40442.0,46726.0,6284.0,2,4,4,35.75,29610.17,63.37,,0,0,0,4,0,Sector-wise analysis of projects,
monthly_flash,2014-04,2014-15,,Civil Aviation,8,6035.46,6946.0,910.54,3,8,5,27.2,5775.55,87.49,,0,0,0,8,0,Sector-wise analysis of projects,
monthly_flash,2014-04,2014-15,,Coal,56,38737.38,48559.52,9822.14,8,54,30,40.27,17920.92,39.69,,0,0,0,56,0,Sector-wise analysis of projects,
monthly_flash,2014-04,2014-15,,Fertilizers & Chemicals,1,5460.61,8920.0,3459.39,1,0,0,,7687.66,86.18,,0,0,0,1,0,Sector-wise analysis of projects,
monthly_flash,2014-04,2014-15,,Petroleum & Natural Gas,84,195841.81,208398.95,12557.14,19,79,55,27.73,107098.52,55.49,,0,8,0,84,0,Sector-wise analysis of projects,
monthly_flash,2014-04,2014-15,,Power,100,246280.79,267159.75,20878.96,17,98,60,29.03,143452.34,55.0,,0,5,0,100,0,Sector-wise analysis of projects,
monthly_flash,2014-04,2014-15,,Railways,283,149809.12,267704.13,117895.01,151,74,54,58.78,81684.96,32.75,,0,0,0,283,0,Sector-wise analysis of projects,
monthly_flash,2014-04,2014-15,,Roads & Highways,136,101597.54,103690.49,2092.95,11,126,83,36.4,89840.12,89.39,,0,4,0,136,0,Sector-wise analysis of projects,
monthly_flash,2014-04,2014-15,,Shipping & Ports,19,15617.12,18600.58,2983.46,9,17,14,24.14,8395.88,47.88,,0,0,0,19,0,Sector-wise analysis of projects,
monthly_flash,2014-04,2014-15,,Steel,20,65959.26,72188.55,6229.29,8,20,15,33.53,59696.44,82.7,,0,0,0,20,0,Sector-wise analysis of projects,
monthly_flash,2014-04,2014-15,,Telecommunications,10,5079.29,4982.94,-96.35,3,7,7,49.0,1769.33,49.97,,0,0,0,10,0,Sector-wise analysis of projects,
monthly_flash,2014-04,2014-15,,Urban Development & Housing,5,73993.32,79266.22,5272.9,2,4,2,14.5,11283.27,21.42,,0,0,0,5,0,Sector-wise analysis of projects,
monthly_flash,2014-04,2014-15,,Water Resources,1,542.9,1187.0,644.1,1,1,1,60.0,35.49,2.99,,0,0,0,1,0,Sector-wise analysis of projects,
monthly_flash,2014-05,2014-15,,Atomic Energy,4,40442.0,46726.0,6284.0,2,4,4,35.75,29914.17,64.02,,0,0,0,4,0,Sector-wise analysis of projects,
monthly_flash,2014-05,2014-15,,Civil Aviation,8,6035.46,6946.0,910.54,3,8,5,27.2,5810.66,88.02,,0,0,0,8,0,Sector-wise analysis of projects,
monthly_flash,2014-05,2014-15,,Coal,55,38568.41,48390.55,9822.14,8,53,31,41.29,18101.08,39.71,,1,0,0,55,0,Sector-wise analysis of projects,
monthly_flash,2014-05,2014-15,,Fertilizers & Chemicals,1,5460.61,8920.0,3459.39,1,0,0,,7712.19,86.46,,0,0,0,1,0,Sector-wise analysis of projects,
monthly_flash,2014-05,2014-15,,Petroleum & Natural Gas,80,197630.12,210187.26,12557.14,19,75,51,29.84,108138.33,56.41,,0,1,0,80,0,Sector-wise analysis of projects,
monthly_flash,2014-05,2014-15,,Power,102,249361.87,262250.17,12888.3,14,97,58,29.09,145051.4,57.66,,1,2,0,102,0,Sector-wise analysis of projects,
monthly_flash,2014-05,2014-15,,Railways,291,155156.87,275719.17,120562.3,153,74,54,59.24,83078.94,32.58,,0,8,0,291,0,Sector-wise analysis of projects,
monthly_flash,2014-05,2014-15,,Roads & Highways,138,103326.71,105331.49,2004.78,9,126,90,38.1,91122.81,90.74,,0,2,0,138,0,Sector-wise analysis of projects,
monthly_flash,2014-05,2014-15,,Shipping & Ports,19,15617.12,18600.58,2983.46,9,17,14,24.14,8395.88,47.88,,0,0,0,19,0,Sector-wise analysis of projects,
monthly_flash,2014-05,2014-15,,Steel,20,65959.26,72188.55,6229.29,8,20,15,34.2,60193.46,83.38,,0,0,0,20,0,Sector-wise analysis of projects,
monthly_flash,2014-05,2014-15,,Telecommunications,11,5295.83,5199.48,-96.35,3,7,7,49.0,1769.33,49.97,,0,0,0,11,0,Sector-wise analysis of projects,
monthly_flash,2014-05,2014-15,,Urban Development & Housing,5,73993.32,79266.22,5272.9,2,4,2,14.5,11652.27,22.12,,0,0,0,5,0,Sector-wise analysis of projects,
monthly_flash,2014-05,2014-15,,Water Resources,1,542.9,1187.0,644.1,1,1,1,60.0,35.49,2.99,,0,0,0,1,0,Sector-wise analysis of projects,
monthly_flash,2014-06,2014-15,,Atomic Energy,4,40442.0,46726.0,6284.0,2,4,4,35.75,25376.17,71.95,,0,0,0,4,0,Sector-wise analysis of projects,
monthly_flash,2014-06,2014-15,,Civil Aviation,8,6035.46,6926.79,891.33,3,8,5,27.2,5823.27,88.47,,0,0,0,8,0,Sector-wise analysis of projects,
monthly_flash,2014-06,2014-15,,Coal,59,41532.08,51354.22,9822.14,8,57,32,41.59,18493.21,38.21,,0,4,0,59,0,Sector-wise analysis of projects,
monthly_flash,2014-06,2014-15,,Fertilizers & Chemicals,1,5460.61,8920.0,3459.39,1,0,0,,7780.06,87.22,,0,0,0,1,0,Sector-wise analysis of projects,
monthly_flash,2014-06,2014-15,,Petroleum & Natural Gas,76,183112.71,191919.84,8807.13,17,71,47,30.26,94770.02,51.8,,3,0,0,76,0,Sector-wise analysis of projects,
monthly_flash,2014-06,2014-15,,Power,99,231756.78,246995.55,15238.77,12,93,59,28.8,135672.22,57.52,,3,0,0,99,0,Sector-wise analysis of projects,
monthly_flash,2014-06,2014-15,,Railways,290,162933.96,274846.09,111912.13,142,74,54,59.74,84181.6,33.26,,1,0,0,290,0,Sector-wise analysis of projects,
monthly_flash,2014-06,2014-15,,Roads & Highways,136,102321.44,104296.49,1975.05,8,125,93,37.28,91608.16,92.18,,2,0,0,136,0,Sector-wise analysis of projects,
monthly_flash,2014-06,2014-15,,Shipping & Ports,19,15617.12,18600.58,2983.46,9,17,14,24.14,8395.88,47.88,,0,0,0,19,0,Sector-wise analysis of projects,
monthly_flash,2014-06,2014-15,,Steel,20,65959.26,72144.44,6185.18,6,20,17,31.53,60649.78,84.07,,0,0,0,20,0,Sector-wise analysis of projects,
monthly_flash,2014-06,2014-15,,Telecommunications,11,5295.83,5199.48,-96.35,3,7,7,49.57,1770.48,50.01,,0,0,0,11,0,Sector-wise analysis of projects,
monthly_flash,2014-06,2014-15,,Urban Development & Housing,5,73993.32,79266.22,5272.9,2,4,2,14.5,11652.27,22.12,,0,0,0,5,0,Sector-wise analysis of projects,
monthly_flash,2014-06,2014-15,,Water Resources,1,542.9,1187.0,644.1,1,1,1,60.0,35.49,2.99,,0,0,0,1,0,Sector-wise analysis of projects,
monthly_flash,2014-07,2014-15,,Atomic Energy,4,40442.0,46726.0,6284.0,2,4,4,41.0,30797.17,65.91,,0,0,0,4,0,Sector-wise analysis of projects,
monthly_flash,2014-07,2014-15,,Civil Aviation,8,6035.46,6926.79,891.33,3,8,5,28.0,5839.2,88.71,,0,0,0,8,0,Sector-wise analysis of projects,
monthly_flash,2014-07,2014-15,,Coal,59,41532.08,51354.22,9822.14,8,57,33,43.97,18642.73,38.4,,0,0,0,59,0,Sector-wise analysis of projects,
monthly_flash,2014-07,2014-15,,Fertilizers & Chemicals,1,5460.61,8920.0,3459.39,1,0,0,,7812.0,87.58,,0,0,0,1,0,Sector-wise analysis of projects,
monthly_flash,2014-07,2014-15,,Petroleum & Natural Gas,75,178276.94,189382.66,11105.72,14,71,45,28.11,87743.93,50.22,,4,3,0,75,0,Sector-wise analysis of projects,
monthly_flash,2014-07,2014-15,,Power,102,236070.78,248493.7,12422.92,13,99,66,28.05,138663.94,58.55,,1,4,0,102,0,Sector-wise analysis of projects,
monthly_flash,2014-07,2014-15,,Railways,288,163318.14,274961.46,111643.32,142,71,52,61.35,82003.39,33.16,,0,0,0,288,0,Sector-wise analysis of projects,
monthly_flash,2014-07,2014-15,,Roads & Highways,136,102321.44,104296.49,1975.05,8,125,94,37.01,90909.43,93.83,,0,0,0,136,0,Sector-wise analysis of projects,
monthly_flash,2014-07,2014-15,,Shipping & Ports,19,15617.12,18600.58,2983.46,9,17,14,23.64,8406.95,47.94,,0,0,0,19,0,Sector-wise analysis of projects,
monthly_flash,2014-07,2014-15,,Steel,18,65497.26,71451.22,5953.96,4,18,15,30.0,60146.6,84.18,,2,0,0,18,0,Sector-wise analysis of projects,
monthly_flash,2014-07,2014-15,,Telecommunications,4,2018.15,1843.9,-174.25,1,4,4,55.5,584.85,31.72,,5,0,0,4,0,Sector-wise analysis of projects,
monthly_flash,2014-07,2014-15,,Urban Development & Housing,5,73993.32,79266.22,5272.9,2,4,2,14.5,11652.27,22.12,,0,0,0,5,0,Sector-wise analysis of projects,
monthly_flash,2014-07,2014-15,,Water Resources,1,542.9,1187.0,644.1,1,1,1,60.0,35.49,2.99,,0,0,0,1,0,Sector-wise analysis of projects,
monthly_flash,2014-08,2014-15,,Atomic Energy,4,40442.0,46726.0,6284.0,2,4,4,41.0,30894.17,66.12,,0,0,0,4,0,Sector-wise analysis of projects,
monthly_flash,2014-08,2014-15,,Civil Aviation,8,6035.46,6926.79,891.33,3,8,5,28.8,5874.27,84.81,,0,0,0,8,0,Sector-wise analysis of projects,
monthly_flash,2014-08,2014-15,,Coal,59,41532.08,51354.22,9822.14,8,56,35,44.97,18758.99,38.64,,0,0,0,59,0,Sector-wise analysis of projects,
monthly_flash,2014-08,2014-15,,Fertilizers & Chemicals,1,5460.61,8920.0,3459.39,1,0,0,,7844.77,87.95,,0,0,0,1,0,Sector-wise analysis of projects,
monthly_flash,2014-08,2014-15,,Petroleum & Natural Gas,75,177359.04,192956.69,15597.65,17,70,44,28.61,89744.01,50.34,,2,0,0,75,0,Sector-wise analysis of projects,
monthly_flash,2014-08,2014-15,,Power,101,235782.29,249446.64,13664.35,14,97,67,29.13,141316.71,59.2,,0,0,0,101,0,Sector-wise analysis of projects,
monthly_flash,2014-08,2014-15,,Railways,288,163318.14,275005.73,111687.59,143,58,39,71.1,83307.56,33.19,,0,0,0,288,0,Sector-wise analysis of projects,
monthly_flash,2014-08,2014-15,,Roads & Highways,136,102321.44,104296.49,1975.05,8,125,93,37.29,90471.53,93.38,,0,0,0,136,0,Sector-wise analysis of projects,
monthly_flash,2014-08,2014-15,,Shipping & Ports,18,12117.12,14450.58,2333.46,8,16,13,24.69,4745.0,35.45,,1,0,0,18,0,Sector-wise analysis of projects,
monthly_flash,2014-08,2014-15,,Steel,20,66395.1,72349.06,5953.96,4,20,16,30.69,61178.76,84.78,,0,2,0,20,0,Sector-wise analysis of projects,
monthly_flash,2014-08,2014-15,,Telecommunications,4,2018.15,1843.9,-174.25,1,4,4,55.5,556.35,30.17,,0,0,0,4,0,Sector-wise analysis of projects,
monthly_flash,2014-08,2014-15,,Urban Development & Housing,5,73993.32,79266.22,5272.9,2,4,2,14.5,11652.27,22.12,,0,0,0,5,0,Sector-wise analysis of projects,
monthly_flash,2014-08,2014-15,,Water Resources,1,542.9,1187.0,644.1,1,1,1,60.0,35.49,2.99,,0,0,0,1,0,Sector-wise analysis of projects,
monthly_flash,2014-09,2014-15,,Atomic Energy,4,40442.0,46726.0,6284.0,2,4,4,41.0,31310.19,67.01,,0,0,0,4,0,Sector-wise analysis of projects,
monthly_flash,2014-09,2014-15,,Civil Aviation,6,2284.95,2337.87,52.92,1,6,4,30.5,1383.53,59.18,,2,0,0,6,0,Sector-wise analysis of projects,
monthly_flash,2014-09,2014-15,,Coal,64,46558.77,56675.18,10116.41,8,62,39,42.0,19996.96,39.61,,0,4,0,64,0,Sector-wise analysis of projects,
monthly_flash,2014-09,2014-15,,Fertilizers & Chemicals,1,5460.61,8920.0,3459.39,1,0,0,,7924.14,88.84,,0,0,0,1,0,Sector-wise analysis of projects,
monthly_flash,2014-09,2014-15,,Petroleum & Natural Gas,78,178906.9,195033.69,16126.79,18,74,49,29.45,78840.32,47.2,,0,3,0,78,0,Sector-wise analysis of projects,
monthly_flash,2014-09,2014-15,,Power,102,244305.12,259040.96,14735.84,14,92,59,30.68,118701.27,59.73,,0,1,0,102,0,Sector-wise analysis of projects,
monthly_flash,2014-09,2014-15,,Railways,291,163873.51,274821.46,110947.95,146,60,41,72.93,87781.12,35.17,,0,4,0,291,0,Sector-wise analysis of projects,
monthly_flash,2014-09,2014-15,,Roads & Highways,136,102321.44,104388.44,2067.0,9,125,97,37.24,95853.02,96.36,,0,0,0,136,0,Sector-wise analysis of projects,
monthly_flash,2014-09,2014-15,,Shipping & Ports,18,12117.12,14390.98,2273.86,8,16,13,24.69,4748.99,35.64,,0,0,0,18,0,Sector-wise analysis of projects,
monthly_flash,2014-09,2014-15,,Steel,20,66395.1,72349.06,5953.96,4,20,16,30.69,61760.12,85.59,,0,0,0,20,0,Sector-wise analysis of projects,
monthly_flash,2014-09,2014-15,,Telecommunications,4,2018.15,1843.9,-174.25,1,4,4,56.75,582.21,31.57,,0,0,0,4,0,Sector-wise analysis of projects,
monthly_flash,2014-09,2014-15,,Urban Development & Housing,25,82686.31,87959.21,5272.9,2,24,16,20.38,14916.15,25.27,,0,20,0,25,0,Sector-wise analysis of projects,
monthly_flash,2014-09,2014-15,,Water Resources,1,542.9,1187.0,644.1,1,1,1,60.0,35.49,2.99,,0,0,0,1,0,Sector-wise analysis of projects,
monthly_flash,2014-10,2014-15,,Atomic Energy,4,40442.0,46726.0,6284.0,2,4,4,41.75,31711.19,67.87,,0,0,0,4,0,Sector-wise analysis of projects,
monthly_flash,2014-10,2014-15,,Civil Aviation,7,2599.56,2652.48,52.92,1,6,4,29.25,1453.13,54.78,,0,1,0,7,0,Sector-wise analysis of projects,
monthly_flash,2014-10,2014-15,,Coal,64,46558.77,56741.93,10183.16,8,61,38,43.13,20158.84,37.12,,0,0,0,64,0,Sector-wise analysis of projects,
monthly_flash,2014-10,2014-15,,Fertilizers & Chemicals,1,5460.61,8920.0,3459.39,1,0,0,,7974.3,89.4,,0,0,0,1,0,Sector-wise analysis of projects,
monthly_flash,2014-10,2014-15,,Petroleum & Natural Gas,76,165791.45,181876.49,16085.04,18,73,46,27.87,79600.63,46.3,,2,0,0,76,0,Sector-wise analysis of projects,
monthly_flash,2014-10,2014-15,,Power,101,243456.01,268447.77,24991.76,16,98,70,27.87,145622.16,58.52,,2,1,0,101,0,Sector-wise analysis of projects,
monthly_flash,2014-10,2014-15,,Railways,291,164655.33,275007.78,110352.45,143,60,40,80.42,90232.82,35.37,,0,0,0,291,0,Sector-wise analysis of projects,
monthly_flash,2014-10,2014-15,,Roads & Highways,136,102321.44,104296.49,1975.05,8,125,99,36.48,97162.24,97.77,,0,0,0,136,0,Sector-wise analysis of projects,
monthly_flash,2014-10,2014-15,,Shipping & Ports,18,12117.12,14390.98,2273.86,8,16,13,25.85,4777.42,35.85,,0,0,0,18,0,Sector-wise analysis of projects,
monthly_flash,2014-10,2014-15,,Steel,21,81920.1,87874.06,5953.96,4,21,17,31.59,67940.0,77.48,,0,1,0,21,0,Sector-wise analysis of projects,
monthly_flash,2014-10,2014-15,,Telecommunications,3,869.96,879.53,9.57,1,3,3,63.33,330.94,37.63,,1,0,0,3,0,Sector-wise analysis of projects,
monthly_flash,2014-10,2014-15,,Urban Development & Housing,25,82686.31,87959.21,5272.9,2,22,14,19.64,14916.15,25.27,,0,0,0,25,0,Sector-wise analysis of projects,
monthly_flash,2014-11,2014-15,,Atomic Energy,4,40442.0,46726.0,6284.0,2,4,4,42.25,32048.19,68.59,,0,0,0,4,0,Sector-wise analysis of projects,
monthly_flash,2014-11,2014-15,,Civil Aviation,7,2599.56,2652.48,52.92,1,6,4,29.5,1504.77,56.73,,0,0,0,7,0,Sector-wise analysis of projects,
monthly_flash,2014-11,2014-15,,Coal,64,46559.36,56741.93,10182.57,8,60,37,43.41,19260.36,36.29,,0,0,0,64,0,Sector-wise analysis of projects,
monthly_flash,2014-11,2014-15,,Fertilizers & Chemicals,2,5658.4,9117.79,3459.39,1,1,0,,8054.8,90.3,,0,1,0,2,0,Sector-wise analysis of projects,
monthly_flash,2014-11,2014-15,,Petroleum & Natural Gas,75,165614.37,182323.41,16709.04,18,72,49,26.51,80471.12,45.46,,1,1,0,75,0,Sector-wise analysis of projects,
monthly_flash,2014-11,2014-15,,Power,99,241739.71,273378.26,31638.55,17,96,68,30.97,145646.74,57.56,,2,0,0,99,0,Sector-wise analysis of projects,
monthly_flash,2014-11,2014-15,,Railways,290,164135.33,290709.13,126573.8,163,62,43,75.49,91721.45,33.82,,0,0,0,290,0,Sector-wise analysis of projects,
monthly_flash,2014-11,2014-15,,Roads & Highways,136,102321.44,104391.34,2069.9,9,125,99,36.47,96990.44,97.5,,0,0,0,136,0,Sector-wise analysis of projects,
monthly_flash,2014-11,2014-15,,Shipping & Ports,6,5356.5,6468.59,1112.09,2,6,4,54.75,2020.61,37.4,,10,0,0,6,0,Sector-wise analysis of projects,
monthly_flash,2014-11,2014-15,,Steel,21,81920.1,87874.06,5953.96,4,21,17,32.47,64135.6,72.99,,0,0,0,21,0,Sector-wise analysis of projects,
monthly_flash,2014-11,2014-15,,Telecommunications,2,720.81,720.81,0.0,0,2,2,65.0,244.89,33.97,,1,0,0,2,0,Sector-wise analysis of projects,
monthly_flash,2014-11,2014-15,,Urban Development & Housing,25,82686.31,87959.21,5272.9,2,22,15,18.4,14916.15,25.27,,0,0,0,25,0,Sector-wise analysis of projects,
monthly_flash,2014-11,2014-15,,Water Resources,0,,,,0,0,0,,,,,0,0,1,0,0,Sector-wise analysis of projects,
monthly_flash,2014-12,2014-15,,Atomic Energy,4,40442.0,51918.0,11476.0,2,4,4,46.75,32405.51,62.42,,0,0,0,4,0,Sector-wise analysis of projects,
monthly_flash,2014-12,2014-15,,Civil Aviation,7,2599.56,2652.48,52.92,1,6,4,29.75,1527.48,57.59,,0,0,0,7,0,Sector-wise analysis of projects,
monthly_flash,2014-12,2014-15,,Coal,64,54261.7,58021.26,3759.56,7,60,35,40.6,19632.68,36.12,,0,0,0,64,0,Sector-wise analysis of projects,
monthly_flash,2014-12,2014-15,,Fertilizers & Chemicals,2,5658.4,9117.79,3459.39,1,1,0,,8156.9,91.45,,0,0,0,2,0,Sector-wise analysis of projects,
monthly_flash,2014-12,2014-15,,Mines & Metals,1,1856.0,1856.0,0.0,0,1,0,,,,,0,1,0,1,0,Sector-wise analysis of projects,
monthly_flash,2014-12,2014-15,,Petroleum & Natural Gas,71,159719.18,178117.54,18398.36,17,68,43,27.35,76530.6,44.63,,4,0,1,71,0,Sector-wise analysis of projects,
monthly_flash,2014-12,2014-15,,Power,102,275232.89,306784.36,31551.47,16,97,63,31.71,127509.23,48.16,,3,6,0,102,0,Sector-wise analysis of projects,
monthly_flash,2014-12,2014-15,,Railways,291,164262.46,290448.09,126185.63,164,62,44,78.59,93009.33,34.33,,0,0,0,291,0,Sector-wise analysis of projects,
monthly_flash,2014-12,2014-15,,Roads & Highways,136,102786.96,104853.96,2067.0,9,125,100,38.23,94495.31,93.29,,1,1,0,136,0,Sector-wise analysis of projects,
monthly_flash,2014-12,2014-15,,Shipping & Ports,6,5158.07,6397.71,1239.64,3,6,4,53.0,2393.83,41.44,,1,0,0,6,0,Sector-wise analysis of projects,
monthly_flash,2014-12,2014-15,,Steel,24,59425.03,63139.43,3714.4,2,24,17,27.06,41264.51,65.65,,3,6,0,24,0,Sector-wise analysis of projects,
monthly_flash,2014-12,2014-15,,Telecommunications,3,14054.81,14054.81,0.0,0,3,2,66.5,605.89,4.31,,0,1,0,3,0,Sector-wise analysis of projects,
monthly_flash,2014-12,2014-15,,Urban Development & Housing,27,92132.1,97405.0,5272.9,2,24,15,18.4,16669.26,24.35,,0,2,0,27,0,Sector-wise analysis of projects,
monthly_flash,2015-01,2014-15,,Atomic Energy,4,40442.0,51918.0,11476.0,2,4,4,46.75,32749.78,63.08,,0,0,0,4,0,Sector-wise analysis of projects,
monthly_flash,2015-01,2014-15,,Civil Aviation,7,2599.56,2652.48,52.92,1,5,4,29.0,1560.82,58.84,,0,0,0,7,0,Sector-wise analysis of projects,
monthly_flash,2015-01,2014-15,,Coal,68,56782.14,54116.57,-2665.57,6,65,36,41.72,19639.5,41.13,,0,4,0,68,0,Sector-wise analysis of projects,
monthly_flash,2015-01,2014-15,,Fertilizers & Chemicals,2,5658.4,9117.79,3459.39,1,1,0,,8223.36,90.19,,0,0,0,2,0,Sector-wise analysis of projects,
monthly_flash,2015-01,2014-15,,Mines & Metals,1,1856.0,1856.0,0.0,0,1,0,,,,,0,0,0,1,0,Sector-wise analysis of projects,
monthly_flash,2015-01,2014-15,,Petroleum & Natural Gas,70,160327.93,177780.38,17452.45,19,68,45,28.27,78921.95,45.55,,0,0,0,70,0,Sector-wise analysis of projects,
monthly_flash,2015-01,2014-15,,Power,104,279823.29,314625.85,34802.56,23,99,63,30.92,146514.5,50.51,,2,4,0,104,0,Sector-wise analysis of projects,
monthly_flash,2015-01,2014-15,,Railways,290,164087.03,291582.03,127495.0,161,61,42,80.19,94043.72,34.54,,1,0,0,290,0,Sector-wise analysis of projects,
monthly_flash,2015-01,2014-15,,Roads & Highways,135,101616.44,103683.44,2067.0,9,125,105,39.03,95582.9,94.28,,0,0,0,135,0,Sector-wise analysis of projects,
monthly_flash,2015-01,2014-15,,Shipping & Ports,6,5158.07,6397.71,1239.64,3,2,2,43.0,1768.72,36.83,,0,0,0,6,0,Sector-wise analysis of projects,
monthly_flash,2015-01,2014-15,,Steel,24,59425.03,63139.43,3714.4,2,24,17,27.06,41860.4,66.59,,0,0,0,24,0,Sector-wise analysis of projects,
monthly_flash,2015-01,2014-15,,Telecommunications,3,14054.81,14054.81,0.0,0,3,2,66.5,606.87,4.32,,0,0,0,3,0,Sector-wise analysis of projects,
monthly_flash,2015-01,2014-15,,Urban Development & Housing,31,138795.0,144067.9,5272.9,2,26,16,17.12,13936.08,24.4,,0,4,0,31,0,Sector-wise analysis of projects,
monthly_flash,2015-02,2014-15,,Atomic Energy,4,40442.0,51918.0,11476.0,2,4,4,47.0,33166.7,63.88,,0,0,0,4,0,Sector-wise analysis of projects,
monthly_flash,2015-02,2014-15,,Civil Aviation,7,2599.56,2652.48,52.92,1,5,5,23.6,1581.36,59.62,,0,0,0,7,0,Sector-wise analysis of projects,
monthly_flash,2015-02,2014-15,,Coal,73,58516.49,62363.64,3847.15,7,70,36,41.81,20029.17,34.13,,0,5,0,73,0,Sector-wise analysis of projects,
monthly_flash,2015-02,2014-15,,Fertilizers & Chemicals,2,5658.4,9117.79,3459.39,1,1,0,,8301.68,91.05,,0,0,0,2,0,Sector-wise analysis of projects,
monthly_flash,2015-02,2014-15,,Mines & Metals,1,1856.0,1856.0,0.0,0,1,0,,,,,0,0,0,1,0,Sector-wise analysis of projects,
monthly_flash,2015-02,2014-15,,Petroleum & Natural Gas,74,166051.93,184188.27,18136.34,20,68,45,28.47,80484.27,45.6,,0,4,0,74,0,Sector-wise analysis of projects,
monthly_flash,2015-02,2014-15,,Power,104,279823.29,316788.57,36965.28,22,99,63,31.02,150675.85,51.39,,0,0,0,104,0,Sector-wise analysis of projects,
monthly_flash,2015-02,2014-15,,Railways,288,163518.2,290408.56,126890.36,159,62,44,78.25,93480.63,34.43,,2,0,0,288,0,Sector-wise analysis of projects,
monthly_flash,2015-02,2014-15,,Roads & Highways,134,100051.44,102026.49,1975.05,8,124,109,40.11,97939.52,98.21,,1,0,0,134,0,Sector-wise analysis of projects,
monthly_flash,2015-02,2014-15,,Shipping & Ports,5,4328.07,5137.62,809.55,3,1,1,25.0,2259.7,43.98,,0,0,0,5,0,Sector-wise analysis of projects,
monthly_flash,2015-02,2014-15,,Steel,24,59425.03,63139.43,3714.4,2,24,17,27.18,42510.4,67.33,,0,0,0,24,0,Sector-wise analysis of projects,
monthly_flash,2015-02,2014-15,,Telecommunications,3,14054.81,14054.81,0.0,0,3,2,66.5,607.05,4.32,,0,0,0,3,0,Sector-wise analysis of projects,
monthly_flash,2015-02,2014-15,,Urban Development & Housing,31,138795.0,144067.9,5272.9,2,26,16,17.12,16964.97,24.69,,0,0,0,31,0,Sector-wise analysis of projects,
monthly_flash,2015-03,2014-15,,Atomic Energy,4,40442.0,51918.0,11476.0,2,4,4,47.5,33554.8,64.63,,0,0,0,4,0,Sector-wise analysis of projects,
monthly_flash,2015-03,2014-15,,Civil Aviation,7,2599.56,2652.48,52.92,1,5,5,23.8,1629.3,61.43,,0,0,0,7,0,Sector-wise analysis of projects,
monthly_flash,2015-03,2014-15,,Coal,73,58516.59,55939.62,-2576.97,6,70,37,41.43,21079.83,40.33,,0,0,0,73,0,Sector-wise analysis of projects,
monthly_flash,2015-03,2014-15,,Fertilizers & Chemicals,2,5658.4,10031.79,4373.39,1,2,1,38.0,8471.22,84.44,,0,0,0,2,0,Sector-wise analysis of projects,
monthly_flash,2015-03,2014-15,,Mines & Metals,1,1856.0,1856.0,0.0,0,1,0,,,,,0,0,0,1,0,Sector-wise analysis of projects,
monthly_flash,2015-03,2014-15,,Petroleum & Natural Gas,72,157335.33,174867.0,17531.67,19,65,44,29.55,74378.94,44.68,,3,0,0,72,0,Sector-wise analysis of projects,
monthly_flash,2015-03,2014-15,,Power,105,279607.51,316945.69,37338.18,23,102,63,31.78,154014.86,53.08,,3,4,0,105,0,Sector-wise analysis of projects,
monthly_flash,2015-03,2014-15,,Railways,288,163518.2,289824.76,126306.56,159,62,44,78.25,94332.06,35.06,,0,0,0,288,0,Sector-wise analysis of projects,
monthly_flash,2015-03,2014-15,,Roads & Highways,134,100051.44,101992.83,1941.39,9,121,109,39.89,88192.55,101.26,,0,0,0,134,0,Sector-wise analysis of projects,
monthly_flash,2015-03,2014-15,,Shipping & Ports,6,5158.07,5759.15,601.08,3,0,0,,2259.7,43.98,,0,0,0,6,0,Sector-wise analysis of projects,
monthly_flash,2015-03,2014-15,,Steel,25,59680.22,63394.62,3714.4,2,25,17,27.24,43484.51,68.87,,0,1,0,25,0,Sector-wise analysis of projects,
monthly_flash,2015-03,2014-15,,Telecommunications,4,15131.81,15131.81,0.0,0,3,2,66.5,610.91,4.35,,0,0,0,4,0,Sector-wise analysis of projects,
monthly_flash,2015-03,2014-15,,Urban Development & Housing,30,138680.82,143894.82,5214.0,1,28,21,20.38,22529.43,32.79,,1,0,0,30,0,Sector-wise analysis of projects,
monthly_flash,2015-04,2015-16,,Atomic Energy,4,40442.0,46726.0,6284.0,2,4,4,47.0,33594.77,71.9,,0,0,0,4,0,Sector-wise analysis of projects,
monthly_flash,2015-04,2015-16,,Civil Aviation,7,2599.56,2715.98,116.42,3,5,5,26.4,1637.71,60.3,,0,0,0,7,0,Sector-wise analysis of projects,
monthly_flash,2015-04,2015-16,,Coal,73,58516.59,62364.85,3848.26,6,71,41,42.46,21734.85,36.61,,0,0,0,73,0,Sector-wise analysis of projects,
monthly_flash,2015-04,2015-16,,Fertilizers & Chemicals,2,5658.4,10031.31,4372.91,1,2,1,38.0,8608.17,85.81,,0,0,0,2,0,Sector-wise analysis of projects,
monthly_flash,2015-04,2015-16,,Industry & Commerce,1,1718.0,3827.3,2109.3,1,1,1,75.0,,,,0,0,0,1,0,Sector-wise analysis of projects,
monthly_flash,2015-04,2015-16,,Mines & Metals,1,1856.0,1856.0,0.0,0,1,0,,,,,0,0,0,1,0,Sector-wise analysis of projects,
monthly_flash,2015-04,2015-16,,Petroleum & Natural Gas,71,157059.07,171085.92,14026.85,18,65,48,29.4,75485.57,45.51,,1,0,0,71,0,Sector-wise analysis of projects,
monthly_flash,2015-04,2015-16,,Power,112,317040.36,356191.36,39151.0,23,109,64,34.61,157703.34,51.99,,0,0,0,112,0,Sector-wise analysis of projects,
monthly_flash,2015-04,2015-16,,Railways,288,163518.2,291060.49,127542.29,161,62,44,80.45,94834.18,34.92,,0,0,0,288,0,Sector-wise analysis of projects,
monthly_flash,2015-04,2015-16,,Roads & Highways,133,98941.44,101089.44,2148.0,10,115,103,43.34,84497.0,89.89,,1,0,0,133,0,Sector-wise analysis of projects,
monthly_flash,2015-04,2015-16,,Shipping & Ports,6,5158.07,5759.15,601.08,3,0,0,,2393.83,46.59,,0,0,0,6,0,Sector-wise analysis of projects,
monthly_flash,2015-04,2015-16,,Steel,26,62807.52,66521.92,3714.4,2,26,17,27.53,43850.05,69.45,,0,0,0,26,0,Sector-wise analysis of projects,
monthly_flash,2015-04,2015-16,,Telecommunications,4,15131.81,15131.81,0.0,0,3,2,66.5,254.59,35.32,,0,0,0,4,0,Sector-wise analysis of projects,
monthly_flash,2015-04,2015-16,,Urban Development & Housing,30,138680.82,143894.82,5214.0,1,27,21,20.38,21638.91,31.68,,0,0,0,30,0,Sector-wise analysis of projects,
monthly_flash,2015-05,2015-16,,Atomic Energy,4,40442.0,46726.0,6284.0,2,4,4,48.0,34774.77,74.42,,0,0,0,4,0,Sector-wise analysis of projects,
monthly_flash,2015-05,2015-16,,Civil Aviation,7,2599.56,2689.48,89.92,2,5,5,26.6,1639.7,60.97,,0,0,0,7,0,Sector-wise analysis of projects,
monthly_flash,2015-05,2015-16,,Coal,76,59371.42,63381.37,4009.95,6,75,44,43.91,22190.77,36.11,,0,3,0,76,0,Sector-wise analysis of projects,
monthly_flash,2015-05,2015-16,,Fertilizers & Chemicals,2,5658.4,10031.31,4372.91,1,2,1,38.0,8661.61,86.35,,0,0,0,2,0,Sector-wise analysis of projects,
monthly_flash,2015-05,2015-16,,Industry & Commerce,1,1718.0,3827.3,2109.3,1,1,1,75.0,,,,0,0,0,1,0,Sector-wise analysis of projects,
monthly_flash,2015-05,2015-16,,Mines & Metals,1,1856.0,1856.0,0.0,0,1,0,,,,,0,0,0,1,0,Sector-wise analysis of projects,
monthly_flash,2015-05,2015-16,,Petroleum & Natural Gas,65,144046.84,153341.3,9294.46,16,59,41,28.41,65243.75,47.43,,3,3,6,65,0,Sector-wise analysis of projects,
monthly_flash,2015-05,2015-16,,Power,112,316428.52,355392.4,38963.88,22,109,63,35.56,174461.16,51.77,,2,3,0,112,0,Sector-wise analysis of projects,
monthly_flash,2015-05,2015-16,,Railways,298,173660.34,302322.34,128662.0,163,62,44,80.45,94357.19,34.92,,0,10,0,298,0,Sector-wise analysis of projects,source_railways_data_as_of:2015-01
monthly_flash,2015-05,2015-16,,Roads & Highways,132,98429.9,100253.98,1824.08,9,36,24,52.21,15546.19,82.22,,0,0,0,132,0,Sector-wise analysis of projects,
monthly_flash,2015-05,2015-16,,Shipping & Ports,7,5524.46,6428.61,904.15,4,1,1,61.0,2667.03,45.93,,0,1,0,7,0,Sector-wise analysis of projects,
monthly_flash,2015-05,2015-16,,Steel,28,64995.71,68710.11,3714.4,2,28,18,26.89,44307.17,70.17,,0,2,0,28,0,Sector-wise analysis of projects,
monthly_flash,2015-05,2015-16,,Telecommunications,3,14795.0,14795.0,0.0,0,2,1,59.0,55.22,14.38,,1,0,0,3,0,Sector-wise analysis of projects,
monthly_flash,2015-05,2015-16,,Urban Development & Housing,30,138680.82,143894.82,5214.0,1,27,21,20.62,21775.46,32.12,,0,0,0,30,0,Sector-wise analysis of projects,
monthly_flash,2015-06,2015-16,,Atomic Energy,4,40442.0,46726.0,6284.0,2,4,4,48.25,37241.93,79.7,,0,0,0,4,0,Sector-wise analysis of projects,
monthly_flash,2015-06,2015-16,,Civil Aviation,7,2599.56,2715.98,116.42,3,5,5,27.0,1675.78,61.7,,0,0,0,7,0,Sector-wise analysis of projects,
monthly_flash,2015-06,2015-16,,Coal,76,59478.01,63381.17,3903.16,6,75,45,43.29,22383.5,36.83,,0,0,0,76,0,Sector-wise analysis of projects,
monthly_flash,2015-06,2015-16,,Fertilizers & Chemicals,2,5658.4,10031.31,4372.91,1,2,1,41.0,8758.83,87.31,,0,0,0,2,0,Sector-wise analysis of projects,
monthly_flash,2015-06,2015-16,,Industry & Commerce,1,1718.0,3827.3,2109.3,1,1,1,75.0,,,,0,0,0,1,0,Sector-wise analysis of projects,
monthly_flash,2015-06,2015-16,,Mines & Metals,1,1856.0,1856.0,0.0,0,1,0,,,,,0,0,0,1,0,Sector-wise analysis of projects,
monthly_flash,2015-06,2015-16,,Petroleum & Natural Gas,71,153184.11,167522.71,14338.6,17,65,48,28.08,70982.31,43.38,,0,2,1,71,0,Sector-wise analysis of projects,
monthly_flash,2015-06,2015-16,,Power,110,310535.03,350364.4,39829.37,21,106,60,35.68,169904.38,50.95,,2,0,0,110,0,Sector-wise analysis of projects,
monthly_flash,2015-06,2015-16,,Railways,296,171881.41,297255.34,125373.93,161,62,45,79.49,90845.86,34.14,,2,0,0,296,0,Sector-wise analysis of projects,source_railways_data_as_of:2015-01
monthly_flash,2015-06,2015-16,,Roads & Highways,137,100051.3,102199.3,2148.0,10,112,95,39.51,89186.97,91.23,,0,5,0,137,0,Sector-wise analysis of projects,
monthly_flash,2015-06,2015-16,,Shipping & Ports,7,5524.46,6428.61,904.15,4,1,1,61.0,2779.11,47.86,,0,0,0,7,0,Sector-wise analysis of projects,
monthly_flash,2015-06,2015-16,,Steel,26,61866.16,65580.56,3714.4,2,26,16,27.69,42179.65,70.29,,2,0,0,26,0,Sector-wise analysis of projects,
monthly_flash,2015-06,2015-16,,Telecommunications,2,13718.0,13718.0,0.0,0,2,1,59.0,66.02,17.19,,0,0,1,2,0,Sector-wise analysis of projects,
monthly_flash,2015-06,2015-16,,Urban Development & Housing,30,138680.82,143894.82,5214.0,1,27,20,21.5,21861.67,32.01,,0,0,0,30,0,Sector-wise analysis of projects,
monthly_flash,2015-07,2015-16,,Atomic Energy,4,40442.0,46726.0,6284.0,2,4,4,48.25,37266.21,79.75,,0,0,0,4,0,Sector-wise analysis of projects,
monthly_flash,2015-07,2015-16,,Civil Aviation,7,2599.56,2645.45,45.89,2,5,5,27.6,1698.08,64.19,,0,0,0,7,0,Sector-wise analysis of projects,
monthly_flash,2015-07,2015-16,,Coal,77,59875.1,63778.26,3903.16,6,76,44,43.34,22605.99,37.28,,0,1,0,77,0,Sector-wise analysis of projects,
monthly_flash,2015-07,2015-16,,Fertilizers & Chemicals,2,5658.4,10031.31,4372.91,1,2,1,41.0,8809.11,87.82,,0,0,0,2,0,Sector-wise analysis of projects,
monthly_flash,2015-07,2015-16,,Industry & Commerce,1,1718.0,3827.3,2109.3,1,1,1,75.0,,,,0,0,0,1,0,Sector-wise analysis of projects,
monthly_flash,2015-07,2015-16,,Mines & Metals,1,1856.0,1856.0,0.0,0,1,0,,,,,0,0,0,1,0,Sector-wise analysis of projects,
monthly_flash,2015-07,2015-16,,Petroleum & Natural Gas,70,142903.11,156858.71,13955.6,17,64,47,27.72,72984.98,47.16,,1,0,0,70,0,Sector-wise analysis of projects,
monthly_flash,2015-07,2015-16,,Power,109,309271.77,349101.15,39829.38,21,106,61,35.93,172846.68,51.46,,1,0,0,109,0,Sector-wise analysis of projects,
monthly_flash,2015-07,2015-16,,Railways,296,171881.41,296947.84,125066.43,160,60,43,79.81,87417.33,34.86,,0,0,0,296,0,Sector-wise analysis of projects,source_railways_data_as_of:2015-01
monthly_flash,2015-07,2015-16,,Roads & Highways,137,100051.3,101875.35,1824.05,8,43,26,52.69,19064.8,77.66,,0,0,0,137,0,Sector-wise analysis of projects,
monthly_flash,2015-07,2015-16,,Shipping & Ports,6,5539.28,5609.32,70.04,3,2,1,61.0,3066.85,54.67,,0,1,0,6,0,Sector-wise analysis of projects,
monthly_flash,2015-07,2015-16,,Steel,25,61386.16,65130.56,3744.4,2,25,15,24.87,42250.74,67.4,,1,0,0,25,0,Sector-wise analysis of projects,
monthly_flash,2015-07,2015-16,,Telecommunications,2,13718.0,13718.0,0.0,0,2,1,59.0,66.02,17.19,,0,0,0,2,0,Sector-wise analysis of projects,
monthly_flash,2015-07,2015-16,,Urban Development & Housing,30,138680.82,143894.82,5214.0,1,26,19,22.16,31373.79,43.24,,0,0,0,30,0,Sector-wise analysis of projects,
monthly_flash,2015-08,2015-16,,Atomic Energy,4,40442.0,46726.0,6284.0,2,4,4,48.5,37827.45,80.96,,0,0,0,4,0,Sector-wise analysis of projects,
monthly_flash,2015-08,2015-16,,Civil Aviation,6,1973.56,2063.48,89.92,2,3,3,31.0,1193.81,57.85,,1,0,0,6,0,Sector-wise analysis of projects,
monthly_flash,2015-08,2015-16,,Coal,80,61374.97,65278.13,3903.16,6,79,45,43.73,22901.46,36.94,,2,3,0,80,0,Sector-wise analysis of projects,
monthly_flash,2015-08,2015-16,,Fertilizers & Chemicals,2,5658.4,10031.31,4372.91,1,2,1,41.0,30.36,15.35,,0,0,0,2,0,Sector-wise analysis of projects,
monthly_flash,2015-08,2015-16,,Industry & Commerce,1,1718.0,3827.3,2109.3,1,1,1,75.0,,,,0,0,0,1,0,Sector-wise analysis of projects,
monthly_flash,2015-08,2015-16,,Mines & Metals,1,1856.0,1856.0,0.0,0,1,0,,,,,0,0,0,1,0,Sector-wise analysis of projects,
monthly_flash,2015-08,2015-16,,Petroleum & Natural Gas,69,148572.08,159409.56,10837.48,16,62,42,26.07,70200.48,46.06,,4,3,0,69,0,Sector-wise analysis of projects,
monthly_flash,2015-08,2015-16,,Power,108,295956.73,335667.0,39710.27,21,104,63,35.63,161731.9,50.19,,4,3,0,108,0,Sector-wise analysis of projects,
monthly_flash,2015-08,2015-16,,Railways,296,171881.41,296947.84,125066.43,160,60,43,79.81,90385.01,34.39,,0,0,0,296,0,Sector-wise analysis of projects,source_railways_data_as_of:2015-01
monthly_flash,2015-08,2015-16,,Roads & Highways,158,105220.04,107360.97,2140.93,12,52,23,52.3,55483.94,72.64,,0,22,0,158,0,Sector-wise analysis of projects,source_nhai_data_incomplete
monthly_flash,2015-08,2015-16,,Shipping & Ports,6,5412.28,5932.32,520.04,4,4,3,86.33,3201.74,53.97,,0,0,2,6,0,Sector-wise analysis of projects,
monthly_flash,2015-08,2015-16,,Steel,26,66135.16,69879.56,3744.4,2,26,15,25.13,42983.16,62.67,,0,1,0,26,0,Sector-wise analysis of projects,
monthly_flash,2015-08,2015-16,,Telecommunications,2,13718.0,13718.0,0.0,0,2,1,60.0,72.17,18.79,,0,0,0,2,0,Sector-wise analysis of projects,
monthly_flash,2015-08,2015-16,,Urban Development & Housing,30,138680.82,143894.82,5214.0,1,26,19,22.11,32315.1,44.54,,0,0,0,30,0,Sector-wise analysis of projects,
monthly_flash,2015-09,2015-16,,Atomic Energy,4,40442.0,51918.0,11476.0,2,4,4,48.75,38166.96,73.51,,0,0,0,4,0,Sector-wise analysis of projects,
monthly_flash,2015-09,2015-16,,Civil Aviation,6,1973.56,2089.98,116.42,3,5,5,28.2,1265.48,60.55,,0,0,0,6,0,Sector-wise analysis of projects,
monthly_flash,2015-09,2015-16,,Coal,81,56886.73,57539.0,652.27,4,80,44,44.64,13618.27,25.41,,0,3,0,81,0,Sector-wise analysis of projects,
monthly_flash,2015-09,2015-16,,Fertilizers & Chemicals,2,5658.4,10031.31,4372.91,1,2,1,44.0,8974.85,89.47,,0,0,0,2,0,Sector-wise analysis of projects,
monthly_flash,2015-09,2015-16,,Industry & Commerce,1,1718.0,3827.3,2109.3,1,1,1,75.0,,,,0,0,0,1,0,Sector-wise analysis of projects,
monthly_flash,2015-09,2015-16,,Mines & Metals,1,1856.0,1856.0,0.0,0,1,0,,,,,0,0,0,1,0,Sector-wise analysis of projects,
monthly_flash,2015-09,2015-16,,Petroleum & Natural Gas,64,134311.31,145255.98,10944.67,17,58,38,24.66,64761.13,46.46,,1,0,0,64,0,Sector-wise analysis of projects,
monthly_flash,2015-09,2015-16,,Power,106,298252.18,342126.91,43874.73,20,103,59,38.88,165926.8,50.4,,3,1,0,106,0,Sector-wise analysis of projects,
monthly_flash,2015-09,2015-16,,Railways,296,171881.41,296947.84,125066.43,160,60,43,79.81,91541.17,34.24,,0,0,0,296,0,Sector-wise analysis of projects,source_railways_data_as_of:2015-01
monthly_flash,2015-09,2015-16,,Roads & Highways,160,105759.43,107932.58,2173.15,13,53,23,52.35,49383.66,70.67,,0,2,0,160,0,Sector-wise analysis of projects,source_nhai_data_incomplete
monthly_flash,2015-09,2015-16,,Shipping & Ports,6,5412.28,5932.32,520.04,4,4,3,86.33,3201.74,53.97,,0,0,0,6,0,Sector-wise analysis of projects,
monthly_flash,2015-09,2015-16,,Steel,24,59202.99,62947.39,3744.4,2,24,13,22.85,37904.33,61.22,,2,0,0,24,0,Sector-wise analysis of projects,
monthly_flash,2015-09,2015-16,,Telecommunications,2,13718.0,13718.0,0.0,0,2,1,61.0,72.53,18.89,,0,0,0,2,0,Sector-wise analysis of projects,
monthly_flash,2015-09,2015-16,,Urban Development & Housing,30,138680.82,143894.82,5214.0,1,26,20,21.2,33185.26,45.42,,0,0,0,30,0,Sector-wise analysis of projects,
monthly_flash,2015-10,2015-16,,Atomic Energy,4,40442.0,46726.0,6284.0,2,3,3,37.0,16797.96,57.03,,0,0,0,4,0,Sector-wise analysis of projects,
monthly_flash,2015-10,2015-16,,Civil Aviation,5,1521.56,1530.45,8.89,1,4,4,33.5,836.74,54.67,,1,0,0,5,0,Sector-wise analysis of projects,
monthly_flash,2015-10,2015-16,,Coal,81,56886.73,57538.6,651.87,3,80,44,44.36,14825.01,27.29,,0,0,0,81,0,Sector-wise analysis of projects,
monthly_flash,2015-10,2015-16,,Fertilizers & Chemicals,2,5658.4,10162.79,4504.39,1,2,1,44.0,8994.95,88.51,,0,0,0,2,0,Sector-wise analysis of projects,
monthly_flash,2015-10,2015-16,,Health,5,1390.58,1390.58,0.0,0,5,3,16.33,619.7,51.91,,0,5,0,5,0,Sector-wise analysis of projects,
monthly_flash,2015-10,2015-16,,Industry & Commerce,1,1718.0,3827.3,2109.3,1,1,1,75.0,,,,0,0,0,1,0,Sector-wise analysis of projects,
monthly_flash,2015-10,2015-16,,Mines & Metals,1,1856.0,1856.0,0.0,0,1,0,,,,,0,0,0,1,0,Sector-wise analysis of projects,
monthly_flash,2015-10,2015-16,,Petroleum & Natural Gas,63,133205.31,144802.01,11596.7,18,57,37,24.57,65248.9,47.58,,1,0,0,63,0,Sector-wise analysis of projects,
monthly_flash,2015-10,2015-16,,Power,104,294920.74,338376.57,43455.83,19,100,57,38.32,165742.14,50.92,,2,0,0,104,0,Sector-wise analysis of projects,
monthly_flash,2015-10,2015-16,,Railways,296,171881.41,296947.84,125066.43,160,60,43,79.81,91545.13,34.25,,0,0,0,296,0,Sector-wise analysis of projects,source_railways_data_as_of:2015-01
monthly_flash,2015-10,2015-16,,Roads & Highways,160,105759.43,107932.58,2173.15,13,52,23,52.74,60795.52,71.19,,0,0,0,160,0,Sector-wise analysis of projects,source_nhai_data_incomplete
monthly_flash,2015-10,2015-16,,Shipping & Ports,6,5412.28,5968.93,556.65,4,4,3,86.33,3205.54,53.7,,0,0,0,6,0,Sector-wise analysis of projects,
monthly_flash,2015-10,2015-16,,Steel,22,49833.99,49979.39,145.4,1,21,12,18.33,26415.62,53.97,,2,0,0,22,0,Sector-wise analysis of projects,
monthly_flash,2015-10,2015-16,,Telecommunications,2,13718.0,13718.0,0.0,0,1,1,61.0,74.74,19.46,,0,0,0,2,0,Sector-wise analysis of projects,
monthly_flash,2015-10,2015-16,,Urban Development & Housing,30,136574.82,141788.82,5214.0,1,25,18,23.94,32849.36,46.33,,1,1,0,30,0,Sector-wise analysis of projects,
monthly_flash,2015-11,2015-16,,Atomic Energy,4,40442.0,51918.0,11476.0,2,4,4,50.25,33718.0,72.92,,0,0,0,4,0,Sector-wise analysis of projects,
monthly_flash,2015-11,2015-16,,Civil Aviation,5,1521.56,1530.45,8.89,1,4,4,33.5,839.1,54.83,,0,0,0,5,0,Sector-wise analysis of projects,
monthly_flash,2015-11,2015-16,,Coal,81,56886.73,57765.87,879.14,5,80,43,44.65,14596.4,27.28,,0,0,0,81,0,Sector-wise analysis of projects,
monthly_flash,2015-11,2015-16,,Fertilizers & Chemicals,2,5658.4,10162.79,4504.39,1,2,1,44.0,9062.8,89.18,,0,0,0,2,0,Sector-wise analysis of projects,
monthly_flash,2015-11,2015-16,,Health,5,1390.58,1390.58,0.0,0,5,3,16.33,619.7,51.91,,0,0,0,5,0,Sector-wise analysis of projects,
monthly_flash,2015-11,2015-16,,Industry & Commerce,1,1718.0,3827.3,2109.3,1,1,1,75.0,,,,0,0,0,1,0,Sector-wise analysis of projects,
monthly_flash,2015-11,2015-16,,Mines & Metals,1,1856.0,1856.0,0.0,0,1,0,,,,,0,0,0,1,0,Sector-wise analysis of projects,
monthly_flash,2015-11,2015-16,,Petroleum & Natural Gas,63,133205.31,144838.01,11632.7,18,57,38,24.58,67898.2,48.7,,0,0,0,63,0,Sector-wise analysis of projects,
monthly_flash,2015-11,2015-16,,Power,105,294151.17,341570.36,47419.19,21,102,57,38.18,167920.19,51.03,,1,0,0,105,0,Sector-wise analysis of projects,
monthly_flash,2015-11,2015-16,,Railways,296,171881.41,296947.84,125066.43,160,60,41,80.51,90798.15,34.14,,0,0,0,296,0,Sector-wise analysis of projects,source_railways_data_as_of:2015-01
monthly_flash,2015-11,2015-16,,Roads & Highways,163,106445.0,108621.05,2176.05,13,36,9,76.56,38176.7,58.82,,0,3,0,163,0,Sector-wise analysis of projects,source_nhai_data_incomplete
monthly_flash,2015-11,2015-16,,Shipping & Ports,6,5412.28,5968.93,556.65,4,5,4,86.75,3208.42,53.75,,0,0,0,6,0,Sector-wise analysis of projects,
monthly_flash,2015-11,2015-16,,Steel,22,49833.99,49979.39,145.4,1,21,12,18.83,26805.47,54.77,,0,0,0,22,0,Sector-wise analysis of projects,
monthly_flash,2015-11,2015-16,,Telecommunications,2,13718.0,13718.0,0.0,0,1,1,61.0,74.74,19.46,,0,0,0,2,0,Sector-wise analysis of projects,
monthly_flash,2015-11,2015-16,,Urban Development & Housing,31,136783.82,141997.82,5214.0,1,19,12,16.75,31482.23,53.02,,0,1,0,31,0,Sector-wise analysis of projects,
monthly_flash,2015-12,2015-16,,Atomic Energy,4,40442.0,51918.0,11476.0,2,4,4,50.25,39268.59,75.64,,0,0,0,4,0,Sector-wise analysis of projects,
monthly_flash,2015-12,2015-16,,Civil Aviation,4,1177.28,1186.17,8.89,1,3,3,40.0,762.2,64.26,,1,0,0,4,0,Sector-wise analysis of projects,
monthly_flash,2015-12,2015-16,,Coal,87,61587.45,62537.14,949.69,5,86,44,46.95,15120.59,26.91,,1,6,0,87,0,Sector-wise analysis of projects,
monthly_flash,2015-12,2015-16,,Fertilizers & Chemicals,2,5658.4,10162.79,4504.39,1,2,1,44.0,9147.64,90.01,,0,0,0,2,0,Sector-wise analysis of projects,
monthly_flash,2015-12,2015-16,,Health,9,2563.15,2563.15,0.0,0,9,4,14.5,929.79,36.28,,0,4,0,9,0,Sector-wise analysis of projects,
monthly_flash,2015-12,2015-16,,Industry & Commerce,1,1718.0,3827.3,2109.3,1,1,1,75.0,,,,0,0,0,1,0,Sector-wise analysis of projects,
monthly_flash,2015-12,2015-16,,Mines & Metals,3,2555.63,1875.63,-680.0,0,3,1,31.0,2.86,0.24,,0,2,0,3,0,Sector-wise analysis of projects,
monthly_flash,2015-12,2015-16,,Petroleum & Natural Gas,59,128876.79,138276.44,9399.65,15,53,34,25.68,65197.5,49.31,,4,1,0,59,0,Sector-wise analysis of projects,
monthly_flash,2015-12,2015-16,,Power,105,294222.64,341026.11,46803.47,21,102,59,37.14,171005.75,50.36,,1,1,0,105,0,Sector-wise analysis of projects,
monthly_flash,2015-12,2015-16,,Railways,297,172717.67,298204.43,125486.76,160,60,47,78.72,93596.86,35.02,,0,1,0,297,0,Sector-wise analysis of projects,source_railways_data_as_of:2015-01
monthly_flash,2015-12,2015-16,,Roads & Highways,411,248089.13,250598.57,2509.44,18,291,130,39.77,112808.43,81.63,,0,251,4,411,0,Sector-wise analysis of projects,
monthly_flash,2015-12,2015-16,,Shipping & Ports,8,4117.75,5048.81,931.06,4,7,3,89.0,1788.41,36.96,,1,4,1,8,0,Sector-wise analysis of projects,
monthly_flash,2015-12,2015-16,,Steel,36,54570.11,55086.01,515.9,7,31,14,18.43,30243.76,56.58,,0,0,0,36,0,Sector-wise analysis of projects,
monthly_flash,2015-12,2015-16,,Telecommunications,1,13334.0,13334.0,0.0,0,1,1,20.0,1360.0,10.2,,1,0,1,1,0,Sector-wise analysis of projects,
monthly_flash,2015-12,2015-16,,Urban Development & Housing,31,136783.82,144233.7,7449.88,1,19,14,20.64,48692.67,43.02,,0,0,0,31,0,Sector-wise analysis of projects,
monthly_flash,2016-01,2015-16,,Atomic Energy,4,40442.0,51918.0,11476.0,2,4,4,58.0,39455.14,76.0,,0,0,0,4,0,Sector-wise analysis of projects,
monthly_flash,2016-01,2015-16,,Civil Aviation,4,1177.28,1186.17,8.89,1,3,3,40.0,770.46,64.95,,0,0,0,4,0,Sector-wise analysis of projects,
monthly_flash,2016-01,2015-16,,Coal,86,60889.41,62002.14,1112.73,5,85,44,46.89,15107.97,26.96,,1,0,0,86,0,Sector-wise analysis of projects,
monthly_flash,2016-01,2015-16,,Fertilizers & Chemicals,2,5658.4,10174.44,4516.04,2,2,1,44.0,9224.42,90.66,,0,0,0,2,0,Sector-wise analysis of projects,
monthly_flash,2016-01,2015-16,,Health,9,2563.15,2563.15,0.0,0,9,4,14.5,946.44,36.92,,0,0,0,9,0,Sector-wise analysis of projects,
monthly_flash,2016-01,2015-16,,Industry & Commerce,1,1718.0,3827.3,2109.3,1,1,1,75.0,,,,0,0,0,1,0,Sector-wise analysis of projects,
monthly_flash,2016-01,2015-16,,Mines & Metals,3,2555.63,1875.63,-680.0,0,3,1,31.0,4.59,0.39,,0,0,0,3,0,Sector-wise analysis of projects,
monthly_flash,2016-01,2015-16,,Petroleum & Natural Gas,62,130718.16,140226.81,9508.65,16,55,37,25.43,67676.67,51.59,,0,3,0,62,0,Sector-wise analysis of projects,
monthly_flash,2016-01,2015-16,,Power,111,304580.02,353098.54,48518.52,22,108,60,36.47,172691.27,50.91,,1,7,0,111,0,Sector-wise analysis of projects,
monthly_flash,2016-01,2015-16,,Railways,297,172717.67,301331.54,128613.87,161,59,46,78.46,92996.3,34.73,,0,0,0,297,0,Sector-wise analysis of projects,
monthly_flash,2016-01,2015-16,,Roads & Highways,411,248173.44,250608.22,2434.78,18,265,134,39.66,68392.18,73.77,,0,0,0,411,0,Sector-wise analysis of projects,
monthly_flash,2016-01,2015-16,,Shipping & Ports,8,4117.75,5048.81,931.06,4,7,3,89.67,1826.73,37.75,,0,0,0,8,0,Sector-wise analysis of projects,
monthly_flash,2016-01,2015-16,,Steel,33,53859.49,54375.39,515.9,7,31,19,16.26,30205.18,57.27,,3,0,0,33,0,Sector-wise analysis of projects,
monthly_flash,2016-01,2015-16,,Telecommunications,2,15445.17,15345.17,-100.0,0,2,2,25.0,2720.0,17.73,,0,0,0,2,0,Sector-wise analysis of projects,
monthly_flash,2016-01,2015-16,,Urban Development & Housing,30,134055.93,141505.81,7449.88,1,20,14,23.57,50146.01,43.97,,1,0,0,30,0,Sector-wise analysis of projects,
monthly_flash,2016-02,2015-16,,Atomic Energy,4,40442.0,51918.0,11476.0,2,4,4,58.0,39893.65,76.84,,0,0,0,4,0,Sector-wise analysis of projects,
monthly_flash,2016-02,2015-16,,Civil Aviation,4,1177.28,1186.17,8.89,1,4,3,40.0,776.37,65.45,,0,0,0,4,0,Sector-wise analysis of projects,
monthly_flash,2016-02,2015-16,,Coal,88,60408.62,61521.55,1112.93,4,87,43,47.44,13803.48,25.04,,1,3,0,88,0,Sector-wise analysis of projects,
monthly_flash,2016-02,2015-16,,Fertilizers & Chemicals,2,5658.4,10174.44,4516.04,2,2,1,44.0,9293.58,91.34,,0,0,0,2,0,Sector-wise analysis of projects,
monthly_flash,2016-02,2015-16,,Health,9,2563.15,2563.15,0.0,0,9,5,12.8,1018.4,39.73,,0,0,0,9,0,Sector-wise analysis of projects,
monthly_flash,2016-02,2015-16,,Industry & Commerce,1,1718.0,3827.3,2109.3,1,1,1,75.0,,,,0,0,0,1,0,Sector-wise analysis of projects,
monthly_flash,2016-02,2015-16,,Mines & Metals,3,2555.63,2555.63,0.0,0,3,0,,6.61,0.36,,0,0,0,3,0,Sector-wise analysis of projects,
monthly_flash,2016-02,2015-16,,Petroleum & Natural Gas,66,137131.44,145764.07,8632.63,15,59,37,26.73,68558.74,50.4,,1,5,0,66,0,Sector-wise analysis of projects,
monthly_flash,2016-02,2015-16,,Power,111,304580.02,353192.66,48612.64,22,107,62,35.65,185284.79,52.92,,0,0,0,111,0,Sector-wise analysis of projects,
monthly_flash,2016-02,2015-16,,Railways,298,254176.67,329512.54,75335.87,161,59,46,78.15,93586.56,34.75,,0,1,0,298,0,Sector-wise analysis of projects,
monthly_flash,2016-02,2015-16,,Roads & Highways,411,248173.44,250520.01,2346.57,18,253,136,39.51,81738.36,77.4,,0,0,0,411,0,Sector-wise analysis of projects,
monthly_flash,2016-02,2015-16,,Shipping & Ports,8,4117.75,5048.81,931.06,4,7,3,89.67,1826.73,37.75,,0,0,0,8,0,Sector-wise analysis of projects,
monthly_flash,2016-02,2015-16,,Steel,34,54044.86,54574.3,529.44,6,31,17,17.53,30103.02,56.97,,0,1,0,34,0,Sector-wise analysis of projects,
monthly_flash,2016-02,2015-16,,Telecommunications,2,15445.17,15345.17,-100.0,0,2,2,25.0,2720.0,17.73,,0,0,0,2,0,Sector-wise analysis of projects,
monthly_flash,2016-02,2015-16,,Urban Development & Housing,30,134055.93,139282.13,5226.2,2,21,14,23.64,37447.76,49.94,,0,0,0,30,0,Sector-wise analysis of projects,
monthly_flash,2016-03,2015-16,,Atomic Energy,4,40442.0,51918.0,11476.0,2,4,4,58.0,40349.55,77.72,,0,0,0,4,0,Sector-wise analysis of projects,
monthly_flash,2016-03,2015-16,,Civil Aviation,4,1177.28,1186.17,8.89,1,4,3,40.0,784.73,66.16,,0,0,0,4,0,Sector-wise analysis of projects,
monthly_flash,2016-03,2015-16,,Coal,88,60724.3,61837.03,1112.73,5,87,42,47.81,14400.83,25.97,,0,0,0,88,0,Sector-wise analysis of projects,
monthly_flash,2016-03,2015-16,,Fertilizers & Chemicals,2,5658.4,10174.44,4516.04,2,2,1,44.0,9412.69,92.51,,0,0,0,2,0,Sector-wise analysis of projects,
monthly_flash,2016-03,2015-16,,Health,9,2563.15,2563.15,0.0,0,9,5,13.4,1018.4,39.73,,0,0,0,9,0,Sector-wise analysis of projects,
monthly_flash,2016-03,2015-16,,Industry & Commerce,1,1718.0,3827.3,2109.3,1,1,1,75.0,,,,0,0,0,1,0,Sector-wise analysis of projects,
monthly_flash,2016-03,2015-16,,Mines & Metals,3,2555.63,2555.63,0.0,0,3,0,,235.9,9.23,,0,0,0,3,0,Sector-wise analysis of projects,
monthly_flash,2016-03,2015-16,,Petroleum & Natural Gas,68,108058.21,111974.0,3915.79,15,62,39,26.82,40449.61,39.8,,1,4,0,68,0,Sector-wise analysis of projects,
monthly_flash,2016-03,2015-16,,Power,111,304580.02,354153.57,49573.55,26,109,65,35.86,192162.73,54.69,,0,0,0,111,0,Sector-wise analysis of projects,
monthly_flash,2016-03,2015-16,,Railways,298,254176.67,327636.22,73459.55,159,58,44,77.61,93023.07,34.84,,0,0,0,298,0,Sector-wise analysis of projects,source_railways_data_as_of:2015-01
monthly_flash,2016-03,2015-16,,Roads & Highways,414,249122.45,251469.02,2346.57,18,249,132,40.68,96094.78,78.46,,0,3,0,414,0,Sector-wise analysis of projects,
monthly_flash,2016-03,2015-16,,Shipping & Ports,8,4117.75,5048.81,931.06,4,7,3,91.0,2353.06,48.63,,0,0,0,8,0,Sector-wise analysis of projects,
monthly_flash,2016-03,2015-16,,Steel,33,53712.21,54241.65,529.44,6,30,17,17.82,30793.35,58.65,,1,0,0,33,0,Sector-wise analysis of projects,
monthly_flash,2016-03,2015-16,,Telecommunications,2,15445.17,15345.17,-100.0,0,2,2,25.0,1556.2,10.14,,0,0,0,2,0,Sector-wise analysis of projects,
monthly_flash,2016-03,2015-16,,Urban Development & Housing,31,134465.83,139697.7,5231.87,2,23,15,23.93,53042.52,46.39,,0,2,0,31,0,Sector-wise analysis of projects,
paimana_flash,2025-04,2025-26,,Civil Aviation,38,26718.18,30473.9,3755.72,14,38,24,36.33,17430.52,57.2,66.45,3,0,0,38,0,Overview of Ongoing Projects: Sector-wise Distribution,
paimana_flash,2025-04,2025-26,,Coal,113,188127.06,197500.35,9373.29,28,113,37,53.43,66702.32,33.77,39.71,0,0,0,113,0,Overview of Ongoing Projects: Sector-wise Distribution,
paimana_flash,2025-04,2025-26,,Education,20,9680.92,10206.43,525.51,7,20,16,41.62,7219.42,70.73,92.37,0,0,0,20,0,Overview of Ongoing Projects: Sector-wise Distribution,
paimana_flash,2025-04,2025-26,,Finance,2,577.27,569.04,-8.23,0,2,1,12.0,399.67,70.24,92.5,0,0,0,2,0,Overview of Ongoing Projects: Sector-wise Distribution,
paimana_flash,2025-04,2025-26,,Health,8,7301.27,7356.19,54.92,3,8,7,33.0,4704.48,63.95,80.35,0,0,0,8,0,Overview of Ongoing Projects: Sector-wise Distribution,
paimana_flash,2025-04,2025-26,,Home Affairs,5,2025.73,2949.25,923.52,3,5,5,43.8,2466.6,83.63,87.3,0,0,0,5,0,Overview of Ongoing Projects: Sector-wise Distribution,
paimana_flash,2025-04,2025-26,,Industry & Commerce,2,24857.0,32085.0,7228.0,2,2,1,60.0,9939.78,30.98,75.36,0,0,0,2,0,Overview of Ongoing Projects: Sector-wise Distribution,
paimana_flash,2025-04,2025-26,,Mines & Metals,8,7559.78,9845.57,2285.79,5,8,8,46.25,5983.2,60.77,64.11,0,0,0,8,0,Overview of Ongoing Projects: Sector-wise Distribution,
paimana_flash,2025-04,2025-26,,Petroleum & Natural Gas,106,423588.3,485041.21,61452.91,27,106,63,23.71,238890.69,49.25,54.53,3,0,0,106,0,Overview of Ongoing Projects: Sector-wise Distribution,
paimana_flash,2025-04,2025-26,,Power,106,378959.85,464282.09,85322.24,19,106,67,37.52,229667.95,49.47,53.85,3,11,0,106,0,Overview of Ongoing Projects: Sector-wise Distribution,
paimana_flash,2025-04,2025-26,,Railways,213,631896.84,658071.79,26174.95,78,212,91,27.18,450664.81,68.48,55.81,0,0,0,213,0,Overview of Ongoing Projects: Sector-wise Distribution,
paimana_flash,2025-04,2025-26,,Roads & Highways,979,762272.76,805114.24,42841.48,190,973,625,29.08,401122.11,49.82,71.75,25,8,0,979,0,Overview of Ongoing Projects: Sector-wise Distribution,
paimana_flash,2025-04,2025-26,,Shipping & Ports,1,5369.18,5061.15,-308.03,0,1,1,33.0,3414.95,67.47,68.38,0,0,0,1,0,Overview of Ongoing Projects: Sector-wise Distribution,
paimana_flash,2025-04,2025-26,,Social Justice,1,170.99,170.99,0.0,0,1,0,,73.8,43.16,74.0,0,0,0,1,0,Overview of Ongoing Projects: Sector-wise Distribution,
paimana_flash,2025-04,2025-26,,Steel,20,16297.2,20228.73,3931.53,4,20,7,28.14,7561.3,37.38,35.17,0,7,0,20,0,Overview of Ongoing Projects: Sector-wise Distribution,
paimana_flash,2025-04,2025-26,,Telecommunications,6,26961.69,26949.89,-11.8,0,6,4,40.25,9434.73,35.01,92.92,0,0,0,6,0,Overview of Ongoing Projects: Sector-wise Distribution,
paimana_flash,2025-04,2025-26,,Urban Development & Housing,27,265881.46,286578.3,20696.84,6,26,18,38.0,198371.86,69.22,62.63,0,0,0,27,0,Overview of Ongoing Projects: Sector-wise Distribution,
paimana_flash,2025-04,2025-26,,Water Resources,15,15428.28,61880.31,46452.03,8,15,15,42.07,27431.76,44.33,83.69,0,0,0,15,0,Overview of Ongoing Projects: Sector-wise Distribution,
paimana_flash,2025-05,2025-26,,Civil Aviation,38,26718.18,30473.9,3755.72,14,38,24,36.54,17738.02,58.21,67.45,0,0,0,38,0,Overview of Ongoing Projects: Sector-wise Distribution,
paimana_flash,2025-05,2025-26,,Coal,113,186109.83,195483.12,9373.29,28,113,40,51.52,66730.38,34.14,40.4,1,1,0,113,0,Overview of Ongoing Projects: Sector-wise Distribution,
paimana_flash,2025-05,2025-26,,Education,20,9680.92,10271.25,590.33,8,20,17,42.47,7192.52,70.03,92.63,0,0,0,20,0,Overview of Ongoing Projects: Sector-wise Distribution,
paimana_flash,2025-05,2025-26,,Finance,2,577.27,569.04,-8.23,0,2,1,12.0,399.67,70.24,92.5,0,0,0,2,0,Overview of Ongoing Projects: Sector-wise Distribution,
paimana_flash,2025-05,2025-26,,Health,7,7150.98,7194.19,43.21,2,7,6,30.33,4900.15,68.11,77.89,1,0,0,7,0,Overview of Ongoing Projects: Sector-wise Distribution,
paimana_flash,2025-05,2025-26,,Home Affairs,3,1663.54,2539.11,875.57,2,3,3,39.33,2193.78,86.4,87.0,2,0,0,3,0,Overview of Ongoing Projects: Sector-wise Distribution,
paimana_flash,2025-05,2025-26,,Industry & Commerce,2,24857.0,32085.0,7228.0,2,2,2,62.0,16231.95,50.59,75.5,0,0,0,2,0,Overview of Ongoing Projects: Sector-wise Distribution,
paimana_flash,2025-05,2025-26,,Mines & Metals,8,7559.78,9845.57,2285.79,5,8,8,47.75,6034.59,61.29,64.64,0,0,0,8,0,Overview of Ongoing Projects: Sector-wise Distribution,
paimana_flash,2025-05,2025-26,,Petroleum & Natural Gas,105,423126.0,484488.77,61362.77,26,105,62,24.23,244464.96,50.46,55.96,1,0,0,105,0,Overview of Ongoing Projects: Sector-wise Distribution,
paimana_flash,2025-05,2025-26,,Power,108,379828.26,457814.84,77986.58,25,108,64,35.56,223684.2,48.86,55.64,1,6,3,108,0,Overview of Ongoing Projects: Sector-wise Distribution,
paimana_flash,2025-05,2025-26,,Railways,203,579886.47,599321.52,19435.05,75,202,88,26.68,397884.96,66.39,55.59,10,0,0,203,0,Overview of Ongoing Projects: Sector-wise Distribution,
paimana_flash,2025-05,2025-26,,Roads & Highways,958,742316.73,781211.2,38894.47,183,952,616,29.29,387038.64,49.54,72.05,24,8,5,958,0,Overview of Ongoing Projects: Sector-wise Distribution,
paimana_flash,2025-05,2025-26,,Shipping & Ports,1,5369.18,5061.15,-308.03,0,1,1,33.0,3441.55,68.0,68.86,0,0,0,1,0,Overview of Ongoing Projects: Sector-wise Distribution,
paimana_flash,2025-05,2025-26,,Social Justice,1,170.99,170.99,0.0,0,1,0,,73.8,43.16,74.0,0,0,0,1,0,Overview of Ongoing Projects: Sector-wise Distribution,
paimana_flash,2025-05,2025-26,,Steel,20,16297.2,20228.73,3931.53,4,20,7,28.14,7838.89,38.75,38.18,0,0,0,20,0,Overview of Ongoing Projects: Sector-wise Distribution,
paimana_flash,2025-05,2025-26,,Telecommunications,6,26961.69,26949.89,-11.8,0,6,4,41.75,9650.92,35.81,93.71,0,0,0,6,0,Overview of Ongoing Projects: Sector-wise Distribution,
paimana_flash,2025-05,2025-26,,Urban Development & Housing,27,265881.46,286578.3,20696.84,6,26,18,38.5,200218.7,69.87,63.26,0,0,0,27,0,Overview of Ongoing Projects: Sector-wise Distribution,
paimana_flash,2025-05,2025-26,,Water Resources,15,15428.28,61880.31,46452.03,8,15,15,42.07,27441.75,44.35,84.14,0,0,0,15,0,Overview of Ongoing Projects: Sector-wise Distribution,
paimana_flash,2025-06,2025-26,,Civil Aviation,38,26718.18,30487.46,3769.28,14,38,25,35.36,18038.38,59.17,68.32,0,0,0,38,0,Overview of Ongoing Projects: Sector-wise Distribution,
paimana_flash,2025-06,2025-26,,Coal,116,187533.87,196907.16,9373.29,28,116,39,51.69,67974.52,34.52,40.17,0,3,0,116,0,Overview of Ongoing Projects: Sector-wise Distribution,
paimana_flash,2025-06,2025-26,,Education,20,9680.92,10271.25,590.33,8,20,17,42.53,7214.67,70.24,92.84,0,0,0,20,0,Overview of Ongoing Projects: Sector-wise Distribution,
paimana_flash,2025-06,2025-26,,Finance,2,577.27,569.04,-8.23,0,2,1,12.0,399.67,70.24,92.5,0,0,0,2,0,Overview of Ongoing Projects: Sector-wise Distribution,
paimana_flash,2025-06,2025-26,,Health,7,7150.98,7194.19,43.21,2,7,6,30.33,4974.49,69.15,78.64,0,0,0,7,0,Overview of Ongoing Projects: Sector-wise Distribution,
paimana_flash,2025-06,2025-26,,Home Affairs,3,1663.54,2539.11,875.57,2,3,3,39.67,2209.1,87.0,87.83,0,0,0,3,0,Overview of Ongoing Projects: Sector-wise Distribution,
paimana_flash,2025-06,2025-26,,Industry & Commerce,2,24857.0,32085.0,7228.0,2,2,2,56.0,16231.95,50.59,75.5,0,0,0,2,0,Overview of Ongoing Projects: Sector-wise Distribution,
paimana_flash,2025-06,2025-26,,Mines & Metals,8,7559.78,9845.57,2285.79,5,8,8,50.38,6076.89,61.72,65.14,0,0,0,8,0,Overview of Ongoing Projects: Sector-wise Distribution,
paimana_flash,2025-06,2025-26,,Petroleum & Natural Gas,102,415375.8,476738.57,61362.77,26,102,61,24.92,247728.1,51.96,58.0,3,0,0,102,0,Overview of Ongoing Projects: Sector-wise Distribution,
paimana_flash,2025-06,2025-26,,Power,105,376149.61,454133.11,77983.5,24,105,63,35.08,230429.15,50.74,54.88,3,0,0,105,0,Overview of Ongoing Projects: Sector-wise Distribution,
paimana_flash,2025-06,2025-26,,Railways,203,580517.44,600296.37,19778.93,73,202,93,26.1,405391.57,67.53,55.81,1,1,0,203,0,Overview of Ongoing Projects: Sector-wise Distribution,
paimana_flash,2025-06,2025-26,,Roads & Highways,923,730133.91,768280.94,38147.03,176,918,586,28.81,387153.65,50.39,72.08,32,1,4,923,0,Overview of Ongoing Projects: Sector-wise Distribution,
paimana_flash,2025-06,2025-26,,Shipping & Ports,1,5369.18,5061.15,-308.03,0,1,1,33.0,3472.54,68.61,69.48,0,0,0,1,0,Overview of Ongoing Projects: Sector-wise Distribution,
paimana_flash,2025-06,2025-26,,Social Justice,0,,,,0,0,0,,,,,1,0,0,0,0,Overview of Ongoing Projects: Sector-wise Distribution,
paimana_flash,2025-06,2025-26,,Steel,20,16297.2,20228.73,3931.53,4,20,7,28.29,8030.85,39.7,38.89,0,0,0,20,0,Overview of Ongoing Projects: Sector-wise Distribution,
paimana_flash,2025-06,2025-26,,Telecommunications,6,26961.69,26949.89,-11.8,0,6,4,41.75,9777.17,36.28,93.95,0,0,0,6,0,Overview of Ongoing Projects: Sector-wise Distribution,
paimana_flash,2025-06,2025-26,,Urban Development & Housing,24,253593.42,271961.41,18367.99,4,23,16,41.19,188202.04,69.2,62.36,2,0,1,24,0,Overview of Ongoing Projects: Sector-wise Distribution,
paimana_flash,2025-06,2025-26,,Water Resources,15,15428.28,61880.31,46452.03,8,15,15,42.6,27445.38,44.35,84.5,0,0,0,15,0,Overview of Ongoing Projects: Sector-wise Distribution,
paimana_flash,2025-07,2025-26,,Civil Aviation,27,23265.01,23726.21,461.2,3,19,14,18.36,5883.97,24.8,48.93,0,0,0,27,0,Ministry-wise Ongoing Projects,scope_excludes:MoRTH
paimana_flash,2025-07,2025-26,,Coal,125,220303.76,225479.2,5175.44,3,35,30,45.53,77935.33,34.56,37.34,0,0,0,125,0,Ministry-wise Ongoing Projects,scope_excludes:MoRTH
paimana_flash,2025-07,2025-26,,Education,30,12754.41,12685.45,-68.96,5,21,18,26.44,8277.36,65.25,66.87,0,0,0,30,0,Ministry-wise Ongoing Projects,scope_excludes:MoRTH
paimana_flash,2025-07,2025-26,,Health,3,4155.0,4492.95,337.95,1,3,3,32.0,2646.56,58.9,58.67,0,0,0,3,0,Ministry-wise Ongoing Projects,scope_excludes:MoRTH
paimana_flash,2025-07,2025-26,,Industry & Commerce,3,9019.25,9242.25,223.0,1,1,1,63.0,4892.99,52.94,39.8,0,0,0,3,0,Ministry-wise Ongoing Projects,scope_excludes:MoRTH
paimana_flash,2025-07,2025-26,,Mines & Metals,10,12991.72,15371.89,2380.17,3,5,5,28.8,6119.11,39.81,39.6,0,0,0,10,0,Ministry-wise Ongoing Projects,scope_excludes:MoRTH
paimana_flash,2025-07,2025-26,,Petroleum & Natural Gas,110,436145.58,500284.42,64138.84,36,109,55,28.31,276181.06,55.2,57.77,0,0,0,110,0,Ministry-wise Ongoing Projects,scope_excludes:MoRTH
paimana_flash,2025-07,2025-26,,Power,94,369123.75,420618.27,51494.52,17,52,46,31.15,179907.68,42.77,39.11,0,0,0,94,0,Ministry-wise Ongoing Projects,scope_excludes:MoRTH
paimana_flash,2025-07,2025-26,,Railways,257,680386.1,818188.92,137802.82,72,196,116,30.63,506532.06,61.91,43.31,0,0,0,257,0,Ministry-wise Ongoing Projects,scope_excludes:MoRTH
paimana_flash,2025-07,2025-26,,Shipping & Ports,9,15702.16,16059.18,357.02,1,6,5,14.8,6135.94,38.21,32.67,0,0,0,9,0,Ministry-wise Ongoing Projects,scope_excludes:MoRTH
paimana_flash,2025-07,2025-26,,Steel,20,18448.25,21742.74,3294.49,3,5,4,38.0,7824.97,35.99,37.15,0,0,0,20,0,Ministry-wise Ongoing Projects,scope_excludes:MoRTH
paimana_flash,2025-07,2025-26,,Telecommunications,15,151089.45,273181.93,122092.48,2,14,14,32.5,71833.18,26.29,90.37,0,0,0,15,0,Ministry-wise Ongoing Projects,scope_excludes:MoRTH
paimana_flash,2025-07,2025-26,,Urban Development & Housing,35,331874.47,339122.0,7247.53,6,15,13,40.0,211753.89,62.44,32.47,0,0,0,35,0,Ministry-wise Ongoing Projects,scope_excludes:MoRTH
paimana_flash,2025-07,2025-26,,Water Resources,53,101076.37,219313.42,118237.05,36,47,46,55.7,144776.3,66.01,69.92,0,0,0,53,0,Ministry-wise Ongoing Projects,scope_excludes:MoRTH
paimana_flash,2025-08,2025-26,,Civil Aviation,26,23049.84,23511.04,461.2,3,21,16,17.25,24879.77,105.82,50.69,0,0,0,26,0,Ministry-wise Ongoing Projects,scope_excludes:MoRTH
paimana_flash,2025-08,2025-26,,Coal,124,217158.31,219157.45,1999.14,2,34,31,47.97,78643.4,35.88,38.32,0,0,0,124,0,Ministry-wise Ongoing Projects,scope_excludes:MoRTH
paimana_flash,2025-08,2025-26,,Education,30,12754.41,12685.45,-68.96,5,21,18,26.56,8159.38,64.32,67.97,0,0,0,30,0,Ministry-wise Ongoing Projects,scope_excludes:MoRTH
paimana_flash,2025-08,2025-26,,Health,3,4155.0,4492.95,337.95,1,3,3,32.0,2694.22,59.97,59.33,0,0,0,3,0,Ministry-wise Ongoing Projects,scope_excludes:MoRTH
paimana_flash,2025-08,2025-26,,Industry & Commerce,2,3841.25,3841.25,0.0,0,0,0,,494.3,12.87,12.5,0,0,0,2,0,Ministry-wise Ongoing Projects,scope_excludes:MoRTH
paimana_flash,2025-08,2025-26,,Mines & Metals,10,12991.72,15371.89,2380.17,3,5,5,28.8,6203.93,40.36,44.2,0,0,0,10,0,Ministry-wise Ongoing Projects,scope_excludes:MoRTH
paimana_flash,2025-08,2025-26,,Petroleum & Natural Gas,106,432550.26,503665.1,71114.84,35,106,55,28.11,274529.8,54.51,58.64,0,0,0,106,0,Ministry-wise Ongoing Projects,scope_excludes:MoRTH
paimana_flash,2025-08,2025-26,,Power,93,368477.58,430084.29,61606.71,20,54,48,31.17,185463.65,43.12,41.22,0,0,0,93,0,Ministry-wise Ongoing Projects,scope_excludes:MoRTH
paimana_flash,2025-08,2025-26,,Railways,263,691320.92,837520.72,146199.8,78,200,120,30.51,524256.16,62.6,43.37,0,0,0,263,0,Ministry-wise Ongoing Projects,scope_excludes:MoRTH
paimana_flash,2025-08,2025-26,,Shipping & Ports,9,15702.16,16059.18,357.02,1,6,5,14.8,6452.48,40.18,33.67,0,0,0,9,0,Ministry-wise Ongoing Projects,scope_excludes:MoRTH
paimana_flash,2025-08,2025-26,,Steel,20,18448.25,21742.74,3294.49,3,5,4,38.5,8035.2,36.96,38.9,0,0,0,20,0,Ministry-wise Ongoing Projects,scope_excludes:MoRTH
paimana_flash,2025-08,2025-26,,Telecommunications,14,150849.85,272942.33,122092.48,2,14,14,32.36,72122.54,26.42,90.21,0,0,0,14,0,Ministry-wise Ongoing Projects,scope_excludes:MoRTH
paimana_flash,2025-08,2025-26,,Urban Development & Housing,52,326744.75,347326.28,20581.53,6,39,36,32.92,205634.67,59.21,63.54,0,0,0,52,0,Ministry-wise Ongoing Projects,scope_excludes:MoRTH
paimana_flash,2025-08,2025-26,,Water Resources,48,97288.07,199147.11,101859.04,31,42,41,60.61,140039.91,70.32,72.53,0,0,0,48,0,Ministry-wise Ongoing Projects,scope_excludes:MoRTH
paimana_flash,2025-11,2025-26,,Civil Aviation,25,19949.84,20411.04,461.2,3,21,17,17.88,9093.09,44.55,54.68,1,0,0,25,0,Ministry-wise Ongoing Projects,scope_excludes:MoRTH
paimana_flash,2025-11,2025-26,,Coal,123,210963.66,213727.49,2763.83,3,37,36,45.67,75717.74,35.43,38.76,1,0,0,123,0,Ministry-wise Ongoing Projects,scope_excludes:MoRTH
paimana_flash,2025-11,2025-26,,Education,31,16021.65,15534.29,-487.36,5,22,19,24.37,8505.19,54.75,69.23,0,2,0,31,0,Ministry-wise Ongoing Projects,scope_excludes:MoRTH
paimana_flash,2025-11,2025-26,,Health,19,12319.27,13603.95,1284.68,8,14,12,9.08,4274.54,31.42,50.37,1,2,0,19,0,Ministry-wise Ongoing Projects,scope_excludes:MoRTH
paimana_flash,2025-11,2025-26,,Industry & Commerce,2,3841.25,3841.25,0.0,0,0,0,,656.65,17.09,19.0,0,0,0,2,0,Ministry-wise Ongoing Projects,scope_excludes:MoRTH
paimana_flash,2025-11,2025-26,,Mines & Metals,7,8599.73,10979.9,2380.17,3,5,5,28.8,6707.1,61.09,60.86,0,0,0,7,0,Ministry-wise Ongoing Projects,scope_excludes:MoRTH
paimana_flash,2025-11,2025-26,,Petroleum & Natural Gas,113,436935.06,504996.52,68061.46,35,110,58,28.19,283429.37,56.13,58.96,0,11,0,113,0,Ministry-wise Ongoing Projects,scope_excludes:MoRTH
paimana_flash,2025-11,2025-26,,Power,96,380611.75,443317.18,62705.43,21,66,61,24.67,197423.32,44.53,39.67,7,3,0,96,0,Ministry-wise Ongoing Projects,scope_excludes:MoRTH
paimana_flash,2025-11,2025-26,,Railways,258,693157.3,846186.01,153028.71,78,190,123,28.17,542700.33,64.13,46.45,0,2,0,258,0,Ministry-wise Ongoing Projects,scope_excludes:MoRTH
paimana_flash,2025-11,2025-26,,Shipping & Ports,13,21936.59,22480.07,543.48,4,9,8,14.75,13510.3,60.1,55.31,1,0,0,13,0,Ministry-wise Ongoing Projects,scope_excludes:MoRTH
paimana_flash,2025-11,2025-26,,Steel,21,20966.64,24261.13,3294.49,3,6,5,31.8,9121.43,37.6,43.14,0,0,0,21,0,Ministry-wise Ongoing Projects,scope_excludes:MoRTH
paimana_flash,2025-11,2025-26,,Telecommunications,15,152734.45,274826.93,122092.48,2,15,15,32.47,77535.98,28.21,91.2,0,0,0,15,0,Ministry-wise Ongoing Projects,scope_excludes:MoRTH
paimana_flash,2025-11,2025-26,,Urban Development & Housing,53,342381.76,362987.63,20605.87,7,37,34,34.88,205050.63,56.49,61.19,2,1,0,53,0,Ministry-wise Ongoing Projects,scope_excludes:MoRTH
paimana_flash,2025-11,2025-26,,Water Resources,47,97779.35,197633.28,99853.93,29,40,40,62.5,141216.25,71.45,73.43,0,0,0,47,0,Ministry-wise Ongoing Projects,scope_excludes:MoRTH
paimana_flash,2025-12,2025-26,,Civil Aviation,25,21237.66,22451.66,1214.0,3,20,16,19.19,9260.93,41.25,52.88,1,1,0,25,0,Ministry-wise Ongoing Projects,
paimana_flash,2025-12,2025-26,,Coal,123,211674.11,214437.94,2763.83,3,37,36,45.08,75927.48,35.41,38.45,1,3,0,123,0,Ministry-wise Ongoing Projects,
paimana_flash,2025-12,2025-26,,Education,29,15418.91,14866.73,-552.18,5,21,17,27.47,8254.39,55.52,68.28,2,0,0,29,0,Ministry-wise Ongoing Projects,
paimana_flash,2025-12,2025-26,,Health,21,15911.22,17919.53,2008.31,8,16,13,12.23,5940.04,33.15,54.14,1,3,0,21,0,Ministry-wise Ongoing Projects,
paimana_flash,2025-12,2025-26,,Industry & Commerce,2,3841.25,3841.25,0.0,0,0,0,,752.38,19.59,22.0,0,0,0,2,0,Ministry-wise Ongoing Projects,
paimana_flash,2025-12,2025-26,,Mines & Metals,7,8599.73,10979.9,2380.17,3,5,5,28.8,6859.3,62.47,61.71,0,0,0,7,0,Ministry-wise Ongoing Projects,
paimana_flash,2025-12,2025-26,,Petroleum & Natural Gas,111,435346.98,502635.07,67288.09,34,110,59,28.88,287775.03,57.25,60.43,2,0,0,111,0,Ministry-wise Ongoing Projects,
paimana_flash,2025-12,2025-26,,Power,94,383043.16,443528.61,60485.45,20,65,60,24.85,184298.11,41.55,39.28,3,1,0,94,0,Ministry-wise Ongoing Projects,
paimana_flash,2025-12,2025-26,,Railways,249,702266.73,852603.45,150336.72,74,181,117,28.2,686201.12,80.48,47.74,4,11,0,249,0,Ministry-wise Ongoing Projects,
paimana_flash,2025-12,2025-26,,Roads & Highways,584,527441.16,537798.67,10357.51,174,308,296,19.02,185963.95,34.58,61.67,0,0,0,584,0,Ministry-wise Ongoing Projects,
paimana_flash,2025-12,2025-26,,Shipping & Ports,13,21936.59,22480.07,543.48,4,9,8,15.5,13834.93,61.54,55.92,0,0,0,13,0,Ministry-wise Ongoing Projects,
paimana_flash,2025-12,2025-26,,Steel,20,19861.41,23155.9,3294.49,3,5,4,39.5,8772.63,37.89,43.0,1,0,0,20,0,Ministry-wise Ongoing Projects,
paimana_flash,2025-12,2025-26,,Telecommunications,14,151923.46,274015.94,122092.48,2,14,14,35.29,77210.74,28.18,91.64,1,0,0,14,0,Ministry-wise Ongoing Projects,
paimana_flash,2025-12,2025-26,,Urban Development & Housing,53,351965.83,372571.7,20605.87,7,36,33,36.09,207846.25,55.79,60.23,1,1,0,53,0,Ministry-wise Ongoing Projects,
paimana_flash,2025-12,2025-26,,Water Resources,47,97779.35,197633.28,99853.93,29,40,40,62.5,142265.32,71.98,73.7,0,0,0,47,0,Ministry-wise Ongoing Projects,
paimana_flash,2026-01,2025-26,,Civil Aviation,26,21600.76,22814.76,1214.0,3,20,14,18.71,9677.27,42.42,53.85,0,1,0,26,0,Ministry-wise Ongoing Projects,
paimana_flash,2026-01,2025-26,,Coal,126,239283.7,242799.86,3516.16,5,37,36,45.39,77017.63,31.72,38.35,0,3,0,126,0,Ministry-wise Ongoing Projects,
paimana_flash,2026-01,2025-26,,Education,30,15617.88,15065.7,-552.18,5,21,17,28.53,8356.02,55.46,68.27,0,1,0,30,0,Ministry-wise Ongoing Projects,
paimana_flash,2026-01,2025-26,,Health,36,20486.22,24937.61,4451.39,17,16,13,12.31,9696.47,38.88,49.86,0,15,0,36,0,Ministry-wise Ongoing Projects,
paimana_flash,2026-01,2025-26,,Industry & Commerce,3,4604.25,4604.25,0.0,0,1,1,53.0,1239.72,26.93,36.0,0,1,0,3,0,Ministry-wise Ongoing Projects,
paimana_flash,2026-01,2025-26,,Mines & Metals,7,8599.73,10979.9,2380.17,3,5,5,30.6,7097.59,64.64,62.29,0,0,0,7,0,Ministry-wise Ongoing Projects,
paimana_flash,2026-01,2025-26,,Petroleum & Natural Gas,110,434806.13,502366.03,67559.9,33,109,58,29.05,287290.15,57.19,62.18,1,0,0,110,0,Ministry-wise Ongoing Projects,
paimana_flash,2026-01,2025-26,,Power,102,467010.55,527496.0,60485.45,20,64,59,25.29,190136.79,36.05,37.41,1,9,0,102,0,Ministry-wise Ongoing Projects,
paimana_flash,2026-01,2025-26,,Railways,249,694031.39,845968.04,151936.65,75,183,123,27.83,698710.05,82.59,48.87,1,1,0,249,0,Ministry-wise Ongoing Projects,
paimana_flash,2026-01,2025-26,,Roads & Highways,863,799040.39,814341.45,15301.06,251,371,354,20.26,247872.26,30.44,63.08,0,169,0,863,0,Ministry-wise Ongoing Projects,
paimana_flash,2026-01,2025-26,,Shipping & Ports,13,21936.59,22480.07,543.48,4,9,8,15.5,14092.11,62.69,56.85,0,0,0,13,0,Ministry-wise Ongoing Projects,
paimana_flash,2026-01,2025-26,,Steel,20,19861.41,23155.9,3294.49,3,7,6,30.67,9129.14,39.42,46.45,0,0,0,20,0,Ministry-wise Ongoing Projects,
paimana_flash,2026-01,2025-26,,Telecommunications,14,151923.46,274015.94,122092.48,2,14,14,35.71,77232.29,28.19,92.29,0,0,0,14,0,Ministry-wise Ongoing Projects,
paimana_flash,2026-01,2025-26,,Urban Development & Housing,56,375234.51,395875.57,20641.06,9,36,33,36.42,222326.44,56.16,58.46,0,3,0,56,0,Ministry-wise Ongoing Projects,
paimana_flash,2026-01,2025-26,,Water Resources,47,97779.35,197633.28,99853.93,29,41,41,61.83,142018.98,71.86,74.0,0,0,0,47,0,Ministry-wise Ongoing Projects,
paimana_flash,2026-02,2025-26,,Civil Aviation,26,21600.76,22814.76,1214.0,3,20,14,19.14,10079.87,44.18,56.12,0,0,0,26,0,Ministry-wise Ongoing Projects,
paimana_flash,2026-02,2025-26,,Coal,128,243558.8,247074.96,3516.16,5,37,36,45.5,78070.52,31.6,38.05,0,2,0,128,0,Ministry-wise Ongoing Projects,
paimana_flash,2026-02,2025-26,,Education,30,15617.88,15065.7,-552.18,5,21,17,28.65,8502.74,56.44,69.43,0,0,0,30,0,Ministry-wise Ongoing Projects,
paimana_flash,2026-02,2025-26,,Health,36,20486.22,24937.61,4451.39,17,16,13,13.46,9871.58,39.59,51.92,0,0,0,36,0,Ministry-wise Ongoing Projects,
paimana_flash,2026-02,2025-26,,Industry & Commerce,3,4604.25,4604.25,0.0,0,1,1,53.0,1325.36,28.79,37.33,0,0,0,3,0,Ministry-wise Ongoing Projects,
paimana_flash,2026-02,2025-26,,Mines & Metals,7,8599.73,10979.9,2380.17,3,5,5,30.6,7196.86,65.55,62.57,0,0,0,7,0,Ministry-wise Ongoing Projects,
paimana_flash,2026-02,2025-26,,Petroleum & Natural Gas,113,448418.24,515651.68,67233.44,32,106,56,29.82,290677.98,56.37,60.49,3,6,0,113,0,Ministry-wise Ongoing Projects,
paimana_flash,2026-02,2025-26,,Power,101,464820.01,525305.46,60485.45,20,64,59,25.22,194607.99,37.05,39.29,1,0,0,101,0,Ministry-wise Ongoing Projects,
paimana_flash,2026-02,2025-26,,Railways,245,690121.29,839704.49,149583.2,74,179,121,28.38,561724.48,66.9,49.02,3,0,0,245,0,Ministry-wise Ongoing Projects,
paimana_flash,2026-02,2025-26,,Roads & Highways,1108,1023675.67,1051567.26,27891.59,330,428,408,20.43,323514.82,30.77,62.82,1,258,0,1108,0,Ministry-wise Ongoing Projects,
paimana_flash,2026-02,2025-26,,Shipping & Ports,13,21936.59,22480.07,543.48,4,9,8,15.5,14132.68,62.87,56.92,0,0,0,13,0,Ministry-wise Ongoing Projects,
paimana_flash,2026-02,2025-26,,Steel,20,19861.41,23155.9,3294.49,3,8,7,27.71,9655.7,41.7,49.8,0,0,0,20,0,Ministry-wise Ongoing Projects,
paimana_flash,2026-02,2025-26,,Telecommunications,14,151923.46,274015.94,122092.48,2,14,14,35.86,77298.07,28.21,92.36,0,0,0,14,0,Ministry-wise Ongoing Projects,
paimana_flash,2026-02,2025-26,,Urban Development & Housing,55,374998.78,395639.84,20641.06,9,35,32,36.91,225533.02,57.0,58.2,1,0,0,55,0,Ministry-wise Ongoing Projects,
paimana_flash,2026-02,2025-26,,Water Resources,49,121865.23,225686.47,103821.24,30,42,42,62.07,159264.15,70.57,72.98,0,2,0,49,0,Ministry-wise Ongoing Projects,
paimana_flash,2026-03,2025-26,,Civil Aviation,26,21600.76,22814.76,1214.0,3,21,17,16.94,10583.3,46.39,59.49,0,0,0,26,0,Ministry-wise Ongoing Projects,
paimana_flash,2026-03,2025-26,,Coal,127,242309.87,245826.03,3516.16,5,37,36,45.86,79827.54,32.47,39.05,0,0,0,127,0,Ministry-wise Ongoing Projects,
paimana_flash,2026-03,2025-26,,Education,30,15617.88,15065.7,-552.18,5,21,18,27.28,8781.28,58.29,71.21,0,0,0,30,0,Ministry-wise Ongoing Projects,
paimana_flash,2026-03,2025-26,,Health,35,20276.86,24728.25,4451.39,17,15,12,14.0,9950.54,40.24,51.99,1,0,0,35,0,Ministry-wise Ongoing Projects,
paimana_flash,2026-03,2025-26,,Industry & Commerce,3,4604.25,4604.25,0.0,0,1,1,53.0,1462.71,31.77,39.34,0,0,0,3,0,Ministry-wise Ongoing Projects,
paimana_flash,2026-03,2025-26,,Mines & Metals,6,8244.73,10398.9,2154.17,2,5,5,30.6,7253.43,69.75,75.23,0,0,0,6,0,Ministry-wise Ongoing Projects,
paimana_flash,2026-03,2025-26,,Petroleum & Natural Gas,108,443851.76,511156.23,67304.47,32,101,60,29.93,298731.53,58.44,61.91,5,0,0,108,0,Ministry-wise Ongoing Projects,
paimana_flash,2026-03,2025-26,,Power,98,457215.8,514187.85,56972.05,19,66,62,25.24,194127.54,37.75,40.86,2,0,0,98,0,Ministry-wise Ongoing Projects,
paimana_flash,2026-03,2025-26,,Railways,244,687197.06,836903.71,149706.65,73,178,121,28.78,568972.81,67.99,49.22,2,0,0,244,0,Ministry-wise Ongoing Projects,
paimana_flash,2026-03,2025-26,,Roads & Highways,1120,1034561.22,1060739.73,26178.51,329,1044,764,28.91,351917.45,33.18,65.99,9,12,0,1120,0,Ministry-wise Ongoing Projects,
paimana_flash,2026-03,2025-26,,Shipping & Ports,11,21538.33,21955.96,417.63,3,8,7,15.57,14779.96,67.32,56.31,2,0,0,11,0,Ministry-wise Ongoing Projects,
paimana_flash,2026-03,2025-26,,Steel,19,19511.66,22806.15,3294.49,3,9,8,27.25,10050.39,44.07,53.09,1,0,0,19,0,Ministry-wise Ongoing Projects,
paimana_flash,2026-03,2025-26,,Telecommunications,12,151125.15,273253.39,122128.24,2,12,12,34.25,77020.95,28.19,93.09,1,0,0,12,0,Ministry-wise Ongoing Projects,
paimana_flash,2026-03,2025-26,,Urban Development & Housing,53,339340.61,360031.67,20691.06,10,33,30,40.17,198286.5,55.07,57.66,2,0,0,53,0,Ministry-wise Ongoing Projects,
paimana_flash,2026-03,2025-26,,Water Resources,49,121865.23,225686.47,103821.24,30,43,43,61.58,161217.7,71.43,73.54,0,0,0,49,0,Ministry-wise Ongoing Projects,
paimana_flash,2026-04,2026-27,,Civil Aviation,26,21600.76,22814.76,1214.0,3,24,20,15.7,10762.01,47.17,62.27,0,0,0,26,0,Ministry-wise Ongoing Projects,
paimana_flash,2026-04,2026-27,,Coal,128,245149.41,248665.57,3516.16,5,36,35,44.0,80005.48,32.17,39.25,0,2,0,128,0,Ministry-wise Ongoing Projects,
paimana_flash,2026-04,2026-27,,Education,31,16072.15,15519.97,-552.18,5,21,18,27.33,8884.64,57.25,69.87,0,1,0,31,0,Ministry-wise Ongoing Projects,
paimana_flash,2026-04,2026-27,,Health,34,20123.91,24551.24,4427.33,16,14,11,15.09,9946.63,40.51,56.01,1,0,0,34,0,Ministry-wise Ongoing Projects,
paimana_flash,2026-04,2026-27,,Industry & Commerce,8,16349.25,16349.25,0.0,0,1,1,53.0,1674.36,10.24,17.41,0,5,0,8,0,Ministry-wise Ongoing Projects,
paimana_flash,2026-04,2026-27,,Mines & Metals,6,8244.73,12342.54,4097.81,3,5,5,37.6,7302.83,59.17,75.71,0,0,0,6,0,Ministry-wise Ongoing Projects,
paimana_flash,2026-04,2026-27,,Petroleum & Natural Gas,112,451191.49,518871.34,67679.85,33,110,61,30.3,303291.49,58.45,62.2,0,4,0,112,0,Ministry-wise Ongoing Projects,
paimana_flash,2026-04,2026-27,,Power,102,495681.93,552653.95,56972.02,19,65,61,25.51,200895.9,36.35,39.27,2,6,0,102,0,Ministry-wise Ongoing Projects,
paimana_flash,2026-04,2026-27,,Railways,260,718136.25,869473.0,151336.75,75,184,129,33.37,578946.8,66.59,48.02,1,17,0,260,0,Ministry-wise Ongoing Projects,
paimana_flash,2026-04,2026-27,,Roads & Highways,1137,1054522.87,1081116.4,26593.53,334,1065,806,29.09,369901.55,34.21,66.16,1,18,0,1137,0,Ministry-wise Ongoing Projects,
paimana_flash,2026-04,2026-27,,Shipping & Ports,7,19514.68,19912.31,397.63,2,5,5,16.4,15174.41,76.21,74.9,0,0,0,7,0,Ministry-wise Ongoing Projects,
paimana_flash,2026-04,2026-27,,Steel,19,19511.66,22806.15,3294.49,3,9,8,27.38,10331.44,45.3,57.37,0,0,0,19,0,Ministry-wise Ongoing Projects,
paimana_flash,2026-04,2026-27,,Telecommunications,12,151125.15,273253.39,122128.24,2,12,12,34.5,77035.7,28.19,93.35,0,0,0,12,0,Ministry-wise Ongoing Projects,
paimana_flash,2026-04,2026-27,,Urban Development & Housing,51,354143.61,375044.15,20900.54,13,34,31,40.35,200129.04,53.36,58.39,4,2,0,51,0,Ministry-wise Ongoing Projects,
paimana_flash,2026-04,2026-27,,Water Resources,48,121294.16,225028.35,103734.19,29,42,42,61.26,161825.21,71.91,74.32,0,0,0,48,0,Ministry-wise Ongoing Projects,
paimana_flash,2026-05,2026-27,,Civil Aviation,26,21600.76,22814.76,1214.0,3,24,22,14.64,11077.33,48.55,64.36,0,0,0,26,0,Ministry-wise Ongoing Projects,
paimana_flash,2026-05,2026-27,,Coal,121,223886.35,222859.42,-1026.93,4,30,29,39.38,56501.72,25.35,37.39,3,0,0,121,0,Ministry-wise Ongoing Projects,
paimana_flash,2026-05,2026-27,,Education,31,16072.15,15519.97,-552.18,5,21,18,27.67,8928.23,57.53,70.43,0,0,0,31,0,Ministry-wise Ongoing Projects,
paimana_flash,2026-05,2026-27,,Health,44,22607.43,27023.24,4415.81,15,12,10,15.7,11466.3,42.43,42.26,2,12,0,44,0,Ministry-wise Ongoing Projects,
paimana_flash,2026-05,2026-27,,Industry & Commerce,10,18750.91,18750.91,0.0,0,2,2,32.5,1887.75,10.07,15.82,0,2,0,10,0,Ministry-wise Ongoing Projects,
paimana_flash,2026-05,2026-27,,Mines & Metals,6,8244.73,12342.54,4097.81,3,5,5,38.8,7349.71,59.55,65.69,0,0,0,6,0,Ministry-wise Ongoing Projects,
paimana_flash,2026-05,2026-27,,Petroleum & Natural Gas,109,443152.34,513761.34,70609.0,32,109,59,30.27,486138.33,94.62,63.57,4,1,0,109,0,Ministry-wise Ongoing Projects,
paimana_flash,2026-05,2026-27,,Power,101,520052.22,577024.19,56971.97,19,68,64,24.33,201536.34,34.93,39.63,2,1,0,101,0,Ministry-wise Ongoing Projects,
paimana_flash,2026-05,2026-27,,Railways,261,728025.49,879362.24,151336.75,75,189,135,32.93,583861.87,66.4,48.87,0,1,0,261,0,Ministry-wise Ongoing Projects,
paimana_flash,2026-05,2026-27,,Roads & Highways,1149,1067985.07,1094635.48,26650.41,333,1079,830,29.63,377507.67,34.49,66.64,2,14,0,1149,0,Ministry-wise Ongoing Projects,
paimana_flash,2026-05,2026-27,,Shipping & Ports,8,20346.93,20744.56,397.63,2,5,5,16.4,15473.21,74.59,66.43,0,1,0,8,0,Ministry-wise Ongoing Projects,
paimana_flash,2026-05,2026-27,,Steel,19,19511.66,22806.15,3294.49,3,12,11,21.64,10736.84,47.08,59.61,0,0,0,19,0,Ministry-wise Ongoing Projects,
paimana_flash,2026-05,2026-27,,Telecommunications,12,151125.15,253046.46,101921.31,1,12,12,37.33,76237.25,30.13,93.42,0,0,0,12,0,Ministry-wise Ongoing Projects,
paimana_flash,2026-05,2026-27,,Urban Development & Housing,50,346215.06,364984.22,18769.16,13,32,29,39.17,190218.57,52.12,55.16,3,3,0,50,0,Ministry-wise Ongoing Projects,
paimana_flash,2026-05,2026-27,,Water Resources,40,102148.4,203878.66,101730.26,26,35,35,60.34,142762.07,70.02,76.85,0,0,0,40,0,Ministry-wise Ongoing Projects,
paimana_flash,2026-06,2026-27,,Civil Aviation,25,21345.07,22559.07,1214.0,3,23,20,13.35,11209.22,49.69,65.05,1,0,0,25,0,Ministry-wise Ongoing Projects,
paimana_flash,2026-06,2026-27,,Coal,121,223090.93,222064.0,-1026.93,4,35,34,37.29,58702.32,26.43,37.67,0,0,0,121,0,Ministry-wise Ongoing Projects,
paimana_flash,2026-06,2026-27,,Education,31,16072.15,15557.65,-514.5,6,21,18,27.5,8999.62,57.85,71.15,0,0,0,31,0,Ministry-wise Ongoing Projects,
paimana_flash,2026-06,2026-27,,Health,44,22607.43,27023.24,4415.81,15,12,10,15.7,11593.61,42.9,43.07,0,0,0,44,0,Ministry-wise Ongoing Projects,
paimana_flash,2026-06,2026-27,,Industry & Commerce,9,17270.91,17270.91,0.0,0,2,2,32.5,2172.34,12.58,20.58,0,0,0,9,0,Ministry-wise Ongoing Projects,
paimana_flash,2026-06,2026-27,,Mines & Metals,6,8244.73,12342.54,4097.81,3,5,5,38.8,7450.82,60.37,66.2,0,0,0,6,0,Ministry-wise Ongoing Projects,
paimana_flash,2026-06,2026-27,,Petroleum & Natural Gas,105,398962.34,433241.34,34279.0,31,105,55,31.24,419390.55,96.8,63.42,4,0,0,105,0,Ministry-wise Ongoing Projects,
paimana_flash,2026-06,2026-27,,Power,98,513772.28,570744.25,56971.97,19,65,61,24.82,203450.18,35.65,40.12,3,0,0,98,0,Ministry-wise Ongoing Projects,
paimana_flash,2026-06,2026-27,,Railways,255,721177.95,868990.65,147812.7,73,184,133,32.4,581963.35,66.97,49.56,0,0,0,255,0,Ministry-wise Ongoing Projects,
paimana_flash,2026-06,2026-27,,Roads & Highways,1022,969676.9,989066.42,19389.52,275,990,749,28.83,448972.5,45.39,64.54,121,14,0,1022,0,Ministry-wise Ongoing Projects,
paimana_flash,2026-06,2026-27,,Shipping & Ports,8,20346.93,20744.56,397.63,2,5,5,16.4,15726.48,75.81,71.46,0,0,0,8,0,Ministry-wise Ongoing Projects,
paimana_flash,2026-06,2026-27,,Steel,18,18997.84,22292.33,3294.49,3,13,11,11.55,10848.13,48.66,59.27,1,0,0,18,0,Ministry-wise Ongoing Projects,
paimana_flash,2026-06,2026-27,,Telecommunications,15,161792.15,263713.46,101921.31,1,12,12,38.08,79930.24,30.31,75.85,0,3,0,15,0,Ministry-wise Ongoing Projects,
paimana_flash,2026-06,2026-27,,Urban Development & Housing,50,346215.06,364984.22,18769.16,13,32,29,39.17,191144.47,52.37,55.48,0,0,0,50,0,Ministry-wise Ongoing Projects,
paimana_flash,2026-06,2026-27,,Water Resources,40,102148.4,203878.66,101730.26,26,35,35,60.34,145109.72,71.17,77.08,0,0,0,40,0,Ministry-wise Ongoing Projects,
paimana_flash,2026-07,2026-27,,Civil Aviation,25,21345.07,22771.55,1426.48,4,23,21,13.33,11586.47,50.88,66.36,0,0,0,25,0,Ministry-wise Ongoing Projects,
paimana_flash,2026-07,2026-27,,Coal,121,222762.44,221971.11,-791.33,2,35,34,37.29,60237.44,27.14,37.7,0,0,0,121,0,Ministry-wise Ongoing Projects,
paimana_flash,2026-07,2026-27,,Education,31,16072.15,15585.01,-487.14,7,22,19,28.68,9209.81,59.09,72.19,0,0,0,31,0,Ministry-wise Ongoing Projects,
paimana_flash,2026-07,2026-27,,Health,44,23349.5,28174.66,4825.16,15,13,11,15.0,12038.92,42.73,45.32,0,0,0,44,0,Ministry-wise Ongoing Projects,
paimana_flash,2026-07,2026-27,,Industry & Commerce,12,21243.02,21243.02,0.0,0,2,2,32.5,2323.94,10.94,17.7,0,3,0,12,0,Ministry-wise Ongoing Projects,
paimana_flash,2026-07,2026-27,,Mines & Metals,6,8244.73,12342.54,4097.81,3,5,5,38.8,7499.78,60.76,67.2,0,0,0,6,0,Ministry-wise Ongoing Projects,
paimana_flash,2026-07,2026-27,,Petroleum & Natural Gas,103,387546.06,423358.08,35812.02,33,51,48,34.06,227719.24,53.79,63.98,2,0,0,103,0,Ministry-wise Ongoing Projects,
paimana_flash,2026-07,2026-27,,Power,98,551905.87,608373.3,56467.43,18,67,62,25.9,210405.11,34.58,41.11,1,1,0,98,0,Ministry-wise Ongoing Projects,
paimana_flash,2026-07,2026-27,,Railways,190,465721.36,638469.92,172748.56,99,147,99,34.28,459390.96,71.95,50.39,0,0,0,190,0,Ministry-wise Ongoing Projects,
paimana_flash,2026-07,2026-27,,Roads & Highways,993,945370.67,961717.26,16346.59,260,967,723,28.58,460544.81,47.89,64.88,20,6,0,993,0,Ministry-wise Ongoing Projects,
paimana_flash,2026-07,2026-27,,Shipping & Ports,6,13514.68,13912.31,397.63,2,5,4,17.0,10089.34,72.52,81.33,0,0,0,6,0,Ministry-wise Ongoing Projects,
paimana_flash,2026-07,2026-27,,Steel,27,26324.69,29962.73,3638.04,4,13,9,12.11,13168.93,43.95,53.65,0,9,0,27,0,Ministry-wise Ongoing Projects,
paimana_flash,2026-07,2026-27,,Telecommunications,31,207194.71,133825.11,-73369.6,0,12,11,38.09,102879.15,76.88,44.62,0,16,0,31,0,Ministry-wise Ongoing Projects,
paimana_flash,2026-07,2026-27,,Urban Development & Housing,50,359016.77,377785.88,18769.11,10,31,28,39.11,196836.79,52.1,55.16,1,1,0,50,0,Ministry-wise Ongoing Projects,
paimana_flash,2026-07,2026-27,,Water Resources,38,100526.5,201149.07,100622.57,25,34,34,60.53,142168.88,70.68,77.81,1,0,0,38,0,Ministry-wise Ongoing Projects,
quarterly_qpisr,2014-06,2014-15,Q1,Atomic Energy,4,40442.0,46726.0,6284.0,2,4,4,35.75,25376.17,71.95,73.28,0,0,0,4,0,Sector-wise financial details (planned and balance expenditure),
quarterly_qpisr,2014-06,2014-15,Q1,Civil Aviation,8,6035.46,6926.79,891.33,3,8,5,27.2,5823.27,84.07,75.56,0,0,0,8,0,Sector-wise financial details (planned and balance expenditure),
quarterly_qpisr,2014-06,2014-15,Q1,Coal,60,41701.05,51523.19,9822.14,8,58,32,41.59,18560.74,36.13,42.07,1,0,0,60,0,Sector-wise financial details (planned and balance expenditure),
quarterly_qpisr,2014-06,2014-15,Q1,Fertilizers & Chemicals,1,5460.61,8920.0,3459.39,1,0,0,,7780.06,87.22,97.15,0,0,0,1,0,Sector-wise financial details (planned and balance expenditure),
quarterly_qpisr,2014-06,2014-15,Q1,Petroleum & Natural Gas,79,197395.34,209323.6,11928.26,19,74,50,30.68,102649.91,49.04,60.24,3,0,0,79,0,Sector-wise financial details (planned and balance expenditure),
quarterly_qpisr,2014-06,2014-15,Q1,Power,103,251666.43,267868.25,16201.82,14,94,61,29.07,146434.68,55.99,55.4,4,0,0,103,0,Sector-wise financial details (planned and balance expenditure),
quarterly_qpisr,2014-06,2014-15,Q1,Railways,289,161404.72,273568.83,112164.11,143,74,54,59.74,84572.48,30.91,34.43,1,0,0,289,0,Sector-wise financial details (planned and balance expenditure),
quarterly_qpisr,2014-06,2014-15,Q1,Roads & Highways,138,103326.71,105328.59,2001.88,9,126,93,37.28,92501.06,87.82,47.38,2,0,0,138,0,Sector-wise financial details (planned and balance expenditure),
quarterly_qpisr,2014-06,2014-15,Q1,Shipping & Ports,19,15617.12,18600.58,2983.46,9,17,14,24.14,8395.88,45.14,0.0,0,0,0,19,0,Sector-wise financial details (planned and balance expenditure),
quarterly_qpisr,2014-06,2014-15,Q1,Steel,20,65959.26,72144.44,6185.18,6,20,17,31.53,60649.78,84.07,79.86,0,0,0,20,0,Sector-wise financial details (planned and balance expenditure),
quarterly_qpisr,2014-06,2014-15,Q1,Telecommunications,11,5295.83,5199.48,-96.35,3,7,7,49.57,1770.48,34.05,,0,0,0,11,0,Sector-wise financial details (planned and balance expenditure),
quarterly_qpisr,2014-06,2014-15,Q1,Urban Development & Housing,5,73993.32,79266.22,5272.9,2,4,2,14.5,11652.27,14.7,21.14,0,0,0,5,0,Sector-wise financial details (planned and balance expenditure),
quarterly_qpisr,2014-06,2014-15,Q1,Water Resources,1,542.9,1187.0,644.1,1,1,1,60.0,35.49,2.99,0.0,0,0,0,1,0,Sector-wise financial details (planned and balance expenditure),
quarterly_qpisr,2014-09,2014-15,Q2,Atomic Energy,4,40442.0,46726.0,6284.0,2,4,4,41.0,31310.19,67.01,75.06,0,0,0,4,0,Sector-wise financial details (planned and balance expenditure),
quarterly_qpisr,2014-09,2014-15,Q2,Civil Aviation,8,6035.46,6926.79,891.33,3,8,6,26.67,5896.65,85.13,77.63,2,0,0,8,0,Sector-wise financial details (planned and balance expenditure),
quarterly_qpisr,2014-09,2014-15,Q2,Coal,64,46558.77,56675.18,10116.41,8,62,39,42.0,19996.96,35.28,40.42,1,0,0,64,0,Sector-wise financial details (planned and balance expenditure),
quarterly_qpisr,2014-09,2014-15,Q2,Fertilizers & Chemicals,1,5460.61,8920.0,3459.39,1,0,0,,7924.14,88.84,98.2,0,0,0,1,0,Sector-wise financial details (planned and balance expenditure),
quarterly_qpisr,2014-09,2014-15,Q2,Petroleum & Natural Gas,84,191155.35,207615.38,16460.03,22,79,54,30.06,89683.22,45.88,58.51,9,0,0,84,0,Sector-wise financial details (planned and balance expenditure),
quarterly_qpisr,2014-09,2014-15,Q2,Power,103,244730.63,259466.47,14735.84,14,93,60,30.32,119087.59,54.56,55.17,5,0,0,103,0,Sector-wise financial details (planned and balance expenditure),
quarterly_qpisr,2014-09,2014-15,Q2,Railways,291,163873.51,274821.46,110947.95,146,60,41,72.93,87781.12,32.76,30.79,1,0,0,291,0,Sector-wise financial details (planned and balance expenditure),
quarterly_qpisr,2014-09,2014-15,Q2,Roads & Highways,136,102321.44,104388.44,2067.0,9,125,97,37.24,95853.02,91.82,47.18,2,0,0,136,0,Sector-wise financial details (planned and balance expenditure),
quarterly_qpisr,2014-09,2014-15,Q2,Shipping & Ports,19,15617.12,18540.98,2923.86,9,17,14,25.14,8410.94,45.36,16.67,1,0,0,19,0,Sector-wise financial details (planned and balance expenditure),
quarterly_qpisr,2014-09,2014-15,Q2,Steel,22,66857.1,73042.28,6185.18,6,22,18,32.17,62315.71,85.31,62.33,2,0,0,22,0,Sector-wise financial details (planned and balance expenditure),
quarterly_qpisr,2014-09,2014-15,Q2,Telecommunications,9,4742.45,4582.1,-160.35,2,5,5,50.4,1851.9,40.42,100.0,5,0,0,9,0,Sector-wise financial details (planned and balance expenditure),
quarterly_qpisr,2014-09,2014-15,Q2,Urban Development & Housing,25,82686.31,87959.21,5272.9,2,22,14,19.64,14916.15,16.96,33.4,0,0,0,25,0,Sector-wise financial details (planned and balance expenditure),
quarterly_qpisr,2014-09,2014-15,Q2,Water Resources,1,542.9,1187.0,644.1,1,1,1,60.0,35.49,2.99,0.0,0,0,0,1,0,Sector-wise financial details (planned and balance expenditure),
quarterly_qpisr,2014-12,2014-15,Q3,Atomic Energy,4,40442.0,51918.0,11476.0,2,4,4,46.75,32405.51,62.42,76.9,0,0,0,4,0,Sector-wise financial details (planned and balance expenditure),
quarterly_qpisr,2014-12,2014-15,Q3,Civil Aviation,7,2599.56,2652.48,52.92,1,6,4,29.75,1527.48,57.59,60.02,2,0,0,7,0,Sector-wise financial details (planned and balance expenditure),
quarterly_qpisr,2014-12,2014-15,Q3,Coal,64,54261.7,58021.26,3759.56,7,60,35,40.6,19632.68,34.57,37.31,1,0,0,64,0,Sector-wise financial details (planned and balance expenditure),
quarterly_qpisr,2014-12,2014-15,Q3,Fertilizers & Chemicals,2,5658.4,9117.79,3459.39,1,1,1,3.0,8157.69,89.47,49.5,0,0,0,2,0,Sector-wise financial details (planned and balance expenditure),
quarterly_qpisr,2014-12,2014-15,Q3,Mines & Metals,1,1856.0,1856.0,0.0,0,1,0,,0.0,0.0,,0,0,0,1,0,Sector-wise financial details (planned and balance expenditure),
quarterly_qpisr,2014-12,2014-15,Q3,Petroleum & Natural Gas,80,180772.41,196817.57,16045.16,19,76,52,28.38,93101.73,47.63,54.79,16,0,0,80,0,Sector-wise financial details (planned and balance expenditure),
quarterly_qpisr,2014-12,2014-15,Q3,Power,109,290254.03,323266.7,33012.67,18,102,68,29.88,142773.34,46.53,63.73,12,0,0,109,0,Sector-wise financial details (planned and balance expenditure),
quarterly_qpisr,2014-12,2014-15,Q3,Railways,292,164782.46,291283.13,126500.67,165,63,45,81.13,93656.06,32.15,34.34,1,0,0,292,0,Sector-wise financial details (planned and balance expenditure),
quarterly_qpisr,2014-12,2014-15,Q3,Roads & Highways,137,103491.96,105558.96,2067.0,9,126,101,38.1,96703.31,91.61,48.55,3,0,0,137,0,Sector-wise financial details (planned and balance expenditure),
quarterly_qpisr,2014-12,2014-15,Q3,Shipping & Ports,17,11415.12,13635.48,2220.36,7,15,13,28.08,5880.05,43.12,66.67,12,0,0,17,0,Sector-wise financial details (planned and balance expenditure),
quarterly_qpisr,2014-12,2014-15,Q3,Steel,27,85788.03,91576.11,5788.08,4,27,20,29.6,69755.29,76.17,52.0,5,0,0,27,0,Sector-wise financial details (planned and balance expenditure),
quarterly_qpisr,2014-12,2014-15,Q3,Telecommunications,5,15352.15,15177.9,-174.25,1,5,4,59.25,943.5,6.22,100.0,7,0,0,5,0,Sector-wise financial details (planned and balance expenditure),
quarterly_qpisr,2014-12,2014-15,Q3,Urban Development & Housing,27,92132.1,97405.0,5272.9,2,24,15,18.4,16669.26,17.11,0.0,0,0,0,27,0,Sector-wise financial details (planned and balance expenditure),
quarterly_qpisr,2014-12,2014-15,Q3,Water Resources,1,542.9,1187.0,644.1,1,1,1,60.0,35.49,2.99,0.0,0,0,0,1,0,Sector-wise financial details (planned and balance expenditure),
quarterly_qpisr,2015-03,2014-15,Q4,Atomic Energy,4,40442.0,51918.0,11476.0,2,4,4,47.5,33554.8,64.63,78.38,0,0,0,4,0,Sector-wise financial details (planned and balance expenditure),
quarterly_qpisr,2015-03,2014-15,Q4,Civil Aviation,7,2599.56,2652.48,52.92,1,5,5,23.8,1629.3,61.43,64.87,2,0,0,7,0,Sector-wise financial details (planned and balance expenditure),
quarterly_qpisr,2015-03,2014-15,Q4,Coal,73,58516.59,55939.62,-2576.97,6,70,37,41.43,21079.83,38.53,36.8,1,0,0,73,0,Sector-wise financial details (planned and balance expenditure),
quarterly_qpisr,2015-03,2014-15,Q4,Fertilizers & Chemicals,2,5658.4,10031.79,4373.39,1,2,1,38.0,8471.22,84.44,49.75,0,0,0,2,0,Sector-wise financial details (planned and balance expenditure),
quarterly_qpisr,2015-03,2014-15,Q4,Mines & Metals,1,1856.0,1856.0,0.0,0,1,0,,0.0,0.0,0.0,0,0,0,1,0,Sector-wise financial details (planned and balance expenditure),
quarterly_qpisr,2015-03,2014-15,Q4,Petroleum & Natural Gas,75,166178.11,184454.59,18276.48,22,68,47,28.89,82551.57,44.92,55.44,19,0,0,75,0,Sector-wise financial details (planned and balance expenditure),
quarterly_qpisr,2015-03,2014-15,Q4,Power,110,283451.83,320790.01,37338.18,23,107,68,29.79,156748.78,48.86,52.85,17,0,0,110,0,Sector-wise financial details (planned and balance expenditure),
quarterly_qpisr,2015-03,2014-15,Q4,Railways,291,164262.46,291845.36,127582.9,162,62,44,78.25,96118.99,33.11,17.29,4,0,0,291,0,Sector-wise financial details (planned and balance expenditure),
quarterly_qpisr,2015-03,2014-15,Q4,Roads & Highways,135,101616.44,103557.83,1941.39,9,122,110,39.57,89784.55,97.36,43.39,4,0,0,135,0,Sector-wise financial details (planned and balance expenditure),
quarterly_qpisr,2015-03,2014-15,Q4,Shipping & Ports,6,5158.07,5759.15,601.08,3,0,0,,2259.7,39.24,30.75,12,0,0,6,0,Sector-wise financial details (planned and balance expenditure),
quarterly_qpisr,2015-03,2014-15,Q4,Steel,25,59680.22,63394.62,3714.4,2,25,17,27.24,43484.51,68.59,45.75,5,0,0,25,0,Sector-wise financial details (planned and balance expenditure),
quarterly_qpisr,2015-03,2014-15,Q4,Telecommunications,4,15131.81,15131.81,0.0,0,3,2,66.5,610.91,4.04,47.5,7,0,0,4,0,Sector-wise financial details (planned and balance expenditure),
quarterly_qpisr,2015-03,2014-15,Q4,Urban Development & Housing,30,138623.9,143896.8,5272.9,2,27,21,20.38,22443.84,15.6,30.45,1,0,0,30,0,Sector-wise financial details (planned and balance expenditure),
quarterly_qpisr,2015-06,2015-16,Q1,Atomic Energy,4,40442.0,46726.0,6284.0,2,4,4,48.25,37241.93,79.7,79.62,0,0,0,4,0,Sector-wise financial details (planned and balance expenditure),
quarterly_qpisr,2015-06,2015-16,Q1,Civil Aviation,7,2599.56,2715.98,116.42,3,5,5,27.0,1675.78,61.7,66.88,0,0,0,7,0,Sector-wise financial details (planned and balance expenditure),
quarterly_qpisr,2015-06,2015-16,Q1,Coal,76,59478.01,63381.17,3903.16,6,75,45,43.29,22383.5,35.7,44.2,0,0,0,76,0,Sector-wise financial details (planned and balance expenditure),
quarterly_qpisr,2015-06,2015-16,Q1,Fertilizers & Chemicals,2,5658.4,10031.31,4372.91,1,2,1,41.0,8758.83,87.31,52.6,0,0,0,2,0,Sector-wise financial details (planned and balance expenditure),
quarterly_qpisr,2015-06,2015-16,Q1,Industry & Commerce,1,1718.0,3827.3,2109.3,1,1,1,75.0,0.0,0.0,0.0,0,0,0,1,0,Sector-wise financial details (planned and balance expenditure),
quarterly_qpisr,2015-06,2015-16,Q1,Mines & Metals,1,1856.0,1856.0,0.0,0,1,0,,0.0,0.0,0.0,0,0,0,1,0,Sector-wise financial details (planned and balance expenditure),
quarterly_qpisr,2015-06,2015-16,Q1,Petroleum & Natural Gas,77,167072.4,185053.93,17981.53,20,70,52,27.67,81289.72,43.93,52.34,4,0,0,77,0,Sector-wise financial details (planned and balance expenditure),
quarterly_qpisr,2015-06,2015-16,Q1,Power,115,318570.31,361456.08,42885.77,24,111,64,35.06,179385.73,49.63,49.09,4,0,0,115,0,Sector-wise financial details (planned and balance expenditure),
quarterly_qpisr,2015-06,2015-16,Q1,Railways,298,173660.34,302027.85,128367.51,163,62,45,79.49,94933.03,31.64,30.53,2,0,0,298,0,Sector-wise financial details (planned and balance expenditure),
quarterly_qpisr,2015-06,2015-16,Q1,Roads & Highways,139,101672.84,103820.84,2148.0,10,113,95,39.51,90988.97,88.62,48.02,1,0,0,139,0,Sector-wise financial details (planned and balance expenditure),
quarterly_qpisr,2015-06,2015-16,Q1,Shipping & Ports,7,5524.46,6428.61,904.15,4,1,1,61.0,2779.11,43.23,30.75,0,0,0,7,0,Sector-wise financial details (planned and balance expenditure),
quarterly_qpisr,2015-06,2015-16,Q1,Steel,28,64995.71,68710.11,3714.4,2,28,18,27.33,44955.54,65.43,36.3,2,0,0,28,0,Sector-wise financial details (planned and balance expenditure),
quarterly_qpisr,2015-06,2015-16,Q1,Telecommunications,4,15131.81,15131.81,0.0,0,3,2,66.5,265.39,14.76,57.22,1,0,0,4,0,Sector-wise financial details (planned and balance expenditure),
quarterly_qpisr,2015-06,2015-16,Q1,Urban Development & Housing,30,138680.82,143894.82,5214.0,1,27,20,21.5,21861.67,16.96,15.5,0,0,0,30,0,Sector-wise financial details (planned and balance expenditure),
quarterly_qpisr,2015-09,2015-16,Q2,Atomic Energy,4,40442.0,51918.0,11476.0,2,4,4,48.75,38166.96,73.51,80.76,0,0,0,4,0,Sector-wise financial details (planned and balance expenditure),
quarterly_qpisr,2015-09,2015-16,Q2,Civil Aviation,7,2599.56,2734.68,135.12,4,3,3,31.0,1749.01,63.96,80.25,1,0,0,7,0,Sector-wise financial details (planned and balance expenditure),
quarterly_qpisr,2015-09,2015-16,Q2,Coal,82,61791.27,64141.74,2350.47,5,81,45,44.22,20044.7,31.25,42.27,1,0,0,82,0,Sector-wise financial details (planned and balance expenditure),
quarterly_qpisr,2015-09,2015-16,Q2,Fertilizers & Chemicals,2,5658.4,10031.31,4372.91,1,2,1,44.0,8974.85,89.47,53.4,0,0,0,2,0,Sector-wise financial details (planned and balance expenditure),
quarterly_qpisr,2015-09,2015-16,Q2,Industry & Commerce,1,1718.0,3827.3,2109.3,1,1,1,75.0,0.0,0.0,0.0,0,0,0,1,0,Sector-wise financial details (planned and balance expenditure),
quarterly_qpisr,2015-09,2015-16,Q2,Mines & Metals,1,1856.0,1856.0,0.0,0,1,0,,0.0,0.0,0.0,0,0,0,1,0,Sector-wise financial details (planned and balance expenditure),
quarterly_qpisr,2015-09,2015-16,Q2,Petroleum & Natural Gas,75,160926.63,175806.56,14879.93,19,67,47,27.77,77434.58,44.13,51.54,6,0,0,75,0,Sector-wise financial details (planned and balance expenditure),
quarterly_qpisr,2015-09,2015-16,Q2,Power,114,319105.67,367094.94,47989.27,23,111,65,36.8,185864.69,50.63,54.81,8,0,0,114,0,Sector-wise financial details (planned and balance expenditure),
quarterly_qpisr,2015-09,2015-16,Q2,Railways,296,171881.41,296947.84,125066.43,160,60,43,79.81,91541.17,30.88,13.06,0,0,0,296,0,Sector-wise financial details (planned and balance expenditure),
quarterly_qpisr,2015-09,2015-16,Q2,Roads & Highways,160,105759.43,107932.58,2173.15,13,53,23,52.35,49383.66,63.09,31.85,0,0,0,160,0,Sector-wise financial details (planned and balance expenditure),
quarterly_qpisr,2015-09,2015-16,Q2,Shipping & Ports,8,6519.28,6830.85,311.57,4,4,3,86.33,3201.95,46.87,30.33,0,0,0,8,0,Sector-wise financial details (planned and balance expenditure),
quarterly_qpisr,2015-09,2015-16,Q2,Steel,27,66615.16,70329.56,3714.4,2,26,16,28.19,43944.39,62.48,33.48,3,0,0,27,0,Sector-wise financial details (planned and balance expenditure),
quarterly_qpisr,2015-09,2015-16,Q2,Telecommunications,2,13718.0,13718.0,0.0,0,2,1,61.0,72.53,18.89,45.12,0,0,0,2,0,Sector-wise financial details (planned and balance expenditure),
quarterly_qpisr,2015-09,2015-16,Q2,Urban Development & Housing,30,138680.82,143894.82,5214.0,1,26,20,21.2,33185.26,24.86,25.68,0,0,0,30,0,Sector-wise financial details (planned and balance expenditure),
quarterly_qpisr,2015-12,2015-16,Q3,Atomic Energy,4,40442.0,51918.0,11476.0,2,4,4,50.25,39268.59,75.64,81.7,0,0,0,4,0,Sector-wise financial details (planned and balance expenditure),
quarterly_qpisr,2015-12,2015-16,Q3,Civil Aviation,6,1973.56,2019.45,45.89,2,5,5,28.2,1292.21,63.99,75.22,3,0,0,6,0,Sector-wise financial details (planned and balance expenditure),
quarterly_qpisr,2015-12,2015-16,Q3,Coal,88,62049.8,63034.15,984.35,6,87,45,46.44,15617.6,24.78,38.99,3,0,0,88,0,Sector-wise financial details (planned and balance expenditure),
quarterly_qpisr,2015-12,2015-16,Q3,Fertilizers & Chemicals,2,5658.4,10162.79,4504.39,1,2,1,44.0,9147.64,90.01,60.18,0,0,0,2,0,Sector-wise financial details (planned and balance expenditure),
quarterly_qpisr,2015-12,2015-16,Q3,Health,9,2563.15,2563.15,0.0,0,9,4,14.5,929.79,36.28,64.9,0,0,0,9,0,Sector-wise financial details (planned and balance expenditure),
quarterly_qpisr,2015-12,2015-16,Q3,Industry & Commerce,1,1718.0,3827.3,2109.3,1,1,1,75.0,0.0,0.0,0.0,0,0,0,1,0,Sector-wise financial details (planned and balance expenditure),
quarterly_qpisr,2015-12,2015-16,Q3,Mines & Metals,3,2555.63,1875.63,-680.0,0,3,1,31.0,2.86,0.15,0.24,0,0,0,3,0,Sector-wise financial details (planned and balance expenditure),
quarterly_qpisr,2015-12,2015-16,Q3,Petroleum & Natural Gas,66,137106.8,147461.02,10354.22,18,58,38,25.74,69493.99,47.24,56.28,15,0,0,66,0,Sector-wise financial details (planned and balance expenditure),
quarterly_qpisr,2015-12,2015-16,Q3,Power,109,299306.35,346528.73,47222.38,22,106,62,37.34,176250.67,50.86,51.95,16,0,0,109,0,Sector-wise financial details (planned and balance expenditure),
quarterly_qpisr,2015-12,2015-16,Q3,Railways,297,172717.67,298204.43,125486.76,160,60,47,78.72,93596.86,31.58,19.01,2,0,0,297,0,Sector-wise financial details (planned and balance expenditure),
quarterly_qpisr,2015-12,2015-16,Q3,Roads & Highways,414,248770.81,251197.98,2427.17,17,268,130,39.38,112912.41,46.59,58.87,1,0,0,415,-1,Sector-wise financial details (planned and balance expenditure),
quarterly_qpisr,2015-12,2015-16,Q3,Shipping & Ports,12,7447.57,7809.58,362.01,5,9,5,72.8,3254.16,41.67,16.33,1,0,0,12,0,Sector-wise financial details (planned and balance expenditure),
quarterly_qpisr,2015-12,2015-16,Q3,Steel,38,63939.11,68054.01,4114.9,8,33,16,21.62,42264.07,62.1,21.98,7,0,0,38,0,Sector-wise financial details (planned and balance expenditure),
quarterly_qpisr,2015-12,2015-16,Q3,Telecommunications,3,15829.17,27052.0,11222.83,1,3,3,37.0,2794.74,10.33,,2,0,0,3,0,Sector-wise financial details (planned and balance expenditure),
quarterly_qpisr,2015-12,2015-16,Q3,Urban Development & Housing,32,139277.82,146727.7,7449.88,1,20,15,20.0,50004.2,35.35,36.03,1,0,0,32,0,Sector-wise financial details (planned and balance expenditure),
quarterly_qpisr,2016-03,2015-16,Q4,Atomic Energy,4,40442.0,51918.0,11476.0,2,4,4,58.0,40349.55,77.72,82.79,0,0,0,4,0,Sector-wise financial details (planned and balance expenditure),
quarterly_qpisr,2016-03,2015-16,Q4,Civil Aviation,4,1177.28,1186.17,8.89,1,4,3,40.0,784.73,66.16,50.78,3,0,0,4,0,Sector-wise financial details (planned and balance expenditure),
quarterly_qpisr,2016-03,2015-16,Q4,Coal,90,63414.0,64315.79,901.79,5,89,44,46.45,17072.91,26.55,35.45,5,0,0,90,0,Sector-wise financial details (planned and balance expenditure),
quarterly_qpisr,2016-03,2015-16,Q4,Fertilizers & Chemicals,2,5658.4,10174.44,4516.04,2,2,1,44.0,9412.69,92.51,64.96,0,0,0,2,0,Sector-wise financial details (planned and balance expenditure),
quarterly_qpisr,2016-03,2015-16,Q4,Health,9,2563.15,2563.15,0.0,0,9,5,13.4,1018.4,39.73,49.67,0,0,0,9,0,Sector-wise financial details (planned and balance expenditure),
quarterly_qpisr,2016-03,2015-16,Q4,Industry & Commerce,1,1718.0,3827.3,2109.3,1,1,1,75.0,0.0,0.0,0.0,0,0,0,1,0,Sector-wise financial details (planned and balance expenditure),
quarterly_qpisr,2016-03,2015-16,Q4,Mines & Metals,3,2555.63,2555.63,0.0,0,3,0,,235.9,9.23,15.19,0,0,0,3,0,Sector-wise financial details (planned and balance expenditure),
quarterly_qpisr,2016-03,2015-16,Q4,Petroleum & Natural Gas,70,140358.21,149052.0,8693.79,16,63,40,26.65,73670.36,49.43,53.76,17,0,0,70,0,Sector-wise financial details (planned and balance expenditure),
quarterly_qpisr,2016-03,2015-16,Q4,Power,112,306654.88,356501.94,49847.06,27,110,66,35.83,194138.67,54.46,50.46,17,0,0,112,0,Sector-wise financial details (planned and balance expenditure),
quarterly_qpisr,2016-03,2015-16,Q4,Railways,298,254176.67,328835.54,74658.87,161,58,45,78.02,93443.37,28.67,0.88,2,0,0,298,0,Sector-wise financial details (planned and balance expenditure),
quarterly_qpisr,2016-03,2015-16,Q4,Roads & Highways,414,249122.45,251469.02,2346.57,18,241,128,41.59,96094.78,45.62,25.28,1,0,0,414,0,Sector-wise financial details (planned and balance expenditure),
quarterly_qpisr,2016-03,2015-16,Q4,Shipping & Ports,8,4117.75,5048.81,931.06,4,7,3,91.0,2353.06,46.61,38.98,1,0,0,8,0,Sector-wise financial details (planned and balance expenditure),
quarterly_qpisr,2016-03,2015-16,Q4,Steel,37,54755.48,55284.92,529.44,6,34,21,17.05,31716.89,58.38,16.74,11,0,0,37,0,Sector-wise financial details (planned and balance expenditure),
quarterly_qpisr,2016-03,2015-16,Q4,Telecommunications,2,15445.17,15345.17,-100.0,0,2,2,25.0,1556.2,10.14,0.0,2,0,0,2,0,Sector-wise financial details (planned and balance expenditure),
quarterly_qpisr,2016-03,2015-16,Q4,Urban Development & Housing,34,137547.86,142774.06,5226.2,2,24,16,25.62,56084.73,39.4,50.36,2,0,0,34,0,Sector-wise financial details (planned and balance expenditure),
quarterly_qpisr,2016-06,2016-17,Q1,Atomic Energy,4,40442.0,51918.0,11476.0,2,4,4,58.0,41625.84,80.18,83.57,0,0,0,4,0,Sector-wise financial details (planned and balance expenditure),
quarterly_qpisr,2016-06,2016-17,Q1,Civil Aviation,4,1177.28,1186.17,8.89,1,4,3,40.0,795.81,67.09,100.0,0,0,0,4,0,Sector-wise financial details (planned and balance expenditure),
quarterly_qpisr,2016-06,2016-17,Q1,Coal,92,71715.32,72828.35,1113.03,5,91,42,47.88,15458.37,21.23,33.44,2,0,0,92,0,Sector-wise financial details (planned and balance expenditure),
quarterly_qpisr,2016-06,2016-17,Q1,Fertilizers & Chemicals,3,6141.25,10657.29,4516.04,2,3,2,27.0,9992.34,93.76,48.89,0,0,0,3,0,Sector-wise financial details (planned and balance expenditure),
quarterly_qpisr,2016-06,2016-17,Q1,Health,9,2563.15,2563.15,0.0,0,9,8,9.38,1296.39,50.58,56.88,0,0,0,9,0,Sector-wise financial details (planned and balance expenditure),
quarterly_qpisr,2016-06,2016-17,Q1,Industry & Commerce,1,1718.0,3827.3,2109.3,1,1,1,75.0,2289.0,59.81,,0,0,0,1,0,Sector-wise financial details (planned and balance expenditure),
quarterly_qpisr,2016-06,2016-17,Q1,Mines & Metals,3,2555.63,1875.63,-680.0,0,3,1,31.0,347.32,18.52,29.53,0,0,0,3,0,Sector-wise financial details (planned and balance expenditure),
quarterly_qpisr,2016-06,2016-17,Q1,Petroleum & Natural Gas,75,110790.66,114694.93,3904.27,15,68,41,26.2,45697.32,39.93,53.04,1,0,0,75,0,Sector-wise financial details (planned and balance expenditure),
quarterly_qpisr,2016-06,2016-17,Q1,Power,112,315179.0,364677.74,49498.74,26,109,69,35.71,202342.66,55.51,52.05,0,0,0,112,0,Sector-wise financial details (planned and balance expenditure),
quarterly_qpisr,2016-06,2016-17,Q1,Railways,345,328791.74,417811.4,89019.66,183,66,46,78.89,85292.41,22.53,26.58,0,0,0,345,0,Sector-wise financial details (planned and balance expenditure),
quarterly_qpisr,2016-06,2016-17,Q1,Roads & Highways,450,279121.32,281892.37,2771.05,20,244,132,42.77,144763.3,54.07,31.77,31,0,0,450,0,Sector-wise financial details (planned and balance expenditure),
quarterly_qpisr,2016-06,2016-17,Q1,Shipping & Ports,8,4117.75,5085.02,967.27,5,7,3,102.67,2064.65,40.6,53.25,0,0,0,8,0,Sector-wise financial details (planned and balance expenditure),
quarterly_qpisr,2016-06,2016-17,Q1,Steel,34,54530.21,55059.52,529.31,5,32,18,18.56,32997.57,59.93,25.68,2,0,0,34,0,Sector-wise financial details (planned and balance expenditure),
quarterly_qpisr,2016-06,2016-17,Q1,Telecommunications,2,15445.17,15345.17,-100.0,0,1,1,30.0,301.57,14.99,28.88,0,0,0,2,0,Sector-wise financial details (planned and balance expenditure),
quarterly_qpisr,2016-06,2016-17,Q1,Urban Development & Housing,31,134465.83,143640.97,9175.14,4,24,19,25.74,65210.43,47.18,43.39,2,0,0,31,0,Sector-wise financial details (planned and balance expenditure),
quarterly_qpisr,2016-09,2016-17,Q2,Atomic Energy,4,40442.0,51918.0,11476.0,2,4,4,61.25,42657.53,82.16,84.09,0,0,0,4,0,Sector-wise financial details (planned and balance expenditure),
quarterly_qpisr,2016-09,2016-17,Q2,Civil Aviation,4,1177.28,1157.07,-20.21,0,2,1,80.0,836.43,72.29,100.0,0,0,0,4,0,Sector-wise financial details (planned and balance expenditure),
quarterly_qpisr,2016-09,2016-17,Q2,Coal,90,69573.4,71250.35,1676.95,6,89,42,51.74,14757.11,21.25,34.01,3,0,0,90,0,Sector-wise financial details (planned and balance expenditure),
quarterly_qpisr,2016-09,2016-17,Q2,Fertilizers & Chemicals,3,6141.25,10657.29,4516.04,2,3,2,27.0,10010.23,93.93,52.73,0,0,0,3,0,Sector-wise financial details (planned and balance expenditure),
quarterly_qpisr,2016-09,2016-17,Q2,Health,9,2563.15,2563.15,0.0,0,9,8,9.38,1356.29,52.91,59.6,0,0,0,9,0,Sector-wise financial details (planned and balance expenditure),
quarterly_qpisr,2016-09,2016-17,Q2,Industry & Commerce,1,1718.0,3827.3,2109.3,1,1,1,75.0,2289.0,59.81,,0,0,0,1,0,Sector-wise financial details (planned and balance expenditure),
quarterly_qpisr,2016-09,2016-17,Q2,Mines & Metals,3,2555.63,1875.63,-680.0,0,3,2,16.0,548.67,29.25,58.21,0,0,0,3,0,Sector-wise financial details (planned and balance expenditure),
quarterly_qpisr,2016-09,2016-17,Q2,Petroleum & Natural Gas,83,141878.53,143397.96,1519.43,14,74,42,24.76,49549.53,35.71,49.54,3,0,0,83,0,Sector-wise financial details (planned and balance expenditure),
quarterly_qpisr,2016-09,2016-17,Q2,Power,133,348496.69,399607.29,51110.6,32,127,75,34.59,213525.09,53.62,51.37,8,0,0,133,0,Sector-wise financial details (planned and balance expenditure),
quarterly_qpisr,2016-09,2016-17,Q2,Railways,367,362900.85,456136.79,93235.94,192,93,53,75.51,116684.14,27.43,23.38,5,0,0,367,0,Sector-wise financial details (planned and balance expenditure),
quarterly_qpisr,2016-09,2016-17,Q2,Roads & Highways,450,293060.29,295790.13,2729.84,20,244,133,40.98,134349.49,47.34,28.78,44,0,0,450,0,Sector-wise financial details (planned and balance expenditure),
quarterly_qpisr,2016-09,2016-17,Q2,Shipping & Ports,8,4117.75,5085.02,967.27,5,5,1,96.0,2064.65,40.6,48.75,0,0,0,8,0,Sector-wise financial details (planned and balance expenditure),
quarterly_qpisr,2016-09,2016-17,Q2,Steel,34,57600.51,57771.82,171.31,5,30,15,18.0,33833.69,58.74,31.36,2,0,0,34,0,Sector-wise financial details (planned and balance expenditure),
quarterly_qpisr,2016-09,2016-17,Q2,Telecommunications,4,15773.68,15673.68,-100.0,0,3,2,24.0,480.98,20.56,0.0,0,0,0,4,0,Sector-wise financial details (planned and balance expenditure),
quarterly_qpisr,2016-09,2016-17,Q2,Urban Development & Housing,29,133984.49,143123.47,9138.98,3,24,19,26.42,42758.58,44.34,40.04,2,0,0,29,0,Sector-wise financial details (planned and balance expenditure),
quarterly_qpisr,2016-12,2016-17,Q3,Atomic Energy,4,40442.0,52241.0,11799.0,2,4,4,69.5,43606.38,83.47,81.98,0,0,0,4,0,Sector-wise financial details (planned and balance expenditure),
quarterly_qpisr,2016-12,2016-17,Q3,Civil Aviation,4,1177.28,1312.89,135.61,2,3,2,50.5,899.79,68.54,100.0,0,0,0,4,0,Sector-wise financial details (planned and balance expenditure),
quarterly_qpisr,2016-12,2016-17,Q3,Coal,87,68388.18,69316.02,927.84,6,86,40,50.4,16406.3,23.67,37.39,4,0,0,87,0,Sector-wise financial details (planned and balance expenditure),
quarterly_qpisr,2016-12,2016-17,Q3,Defence,2,453.64,453.64,0.0,0,2,0,,30.99,6.83,,0,0,0,2,0,Sector-wise financial details (planned and balance expenditure),
quarterly_qpisr,2016-12,2016-17,Q3,Fertilizers & Chemicals,3,6141.25,10657.29,4516.04,2,3,2,27.0,10034.62,94.16,60.49,0,0,0,3,0,Sector-wise financial details (planned and balance expenditure),
quarterly_qpisr,2016-12,2016-17,Q3,Health,13,3637.08,3637.08,0.0,0,9,4,2.75,1514.56,41.64,33.11,0,0,0,13,0,Sector-wise financial details (planned and balance expenditure),
quarterly_qpisr,2016-12,2016-17,Q3,Industry & Commerce,1,1718.0,3827.3,2109.3,1,1,1,75.0,2289.0,59.81,,0,0,0,1,0,Sector-wise financial details (planned and balance expenditure),
quarterly_qpisr,2016-12,2016-17,Q3,Mines & Metals,3,2555.63,1875.63,-680.0,0,3,2,16.0,597.78,31.87,64.1,0,0,0,3,0,Sector-wise financial details (planned and balance expenditure),
quarterly_qpisr,2016-12,2016-17,Q3,Petroleum & Natural Gas,83,141877.38,143352.3,1474.92,15,77,43,25.49,52355.33,37.02,51.43,8,0,0,83,0,Sector-wise financial details (planned and balance expenditure),
quarterly_qpisr,2016-12,2016-17,Q3,Power,127,339950.93,389211.58,49260.65,29,122,69,35.06,217199.79,55.86,49.12,13,0,0,127,0,Sector-wise financial details (planned and balance expenditure),
quarterly_qpisr,2016-12,2016-17,Q3,Railways,353,354348.9,441784.93,87436.03,198,99,52,81.88,127629.92,29.12,28.71,5,0,0,353,0,Sector-wise financial details (planned and balance expenditure),
quarterly_qpisr,2016-12,2016-17,Q3,Roads & Highways,453,292758.5,295443.52,2685.02,25,261,127,38.91,130360.79,46.23,26.74,47,0,0,453,0,Sector-wise financial details (planned and balance expenditure),
quarterly_qpisr,2016-12,2016-17,Q3,Shipping & Ports,8,4117.75,5085.02,967.27,5,6,2,112.5,2678.18,52.67,66.79,0,0,0,8,0,Sector-wise financial details (planned and balance expenditure),
quarterly_qpisr,2016-12,2016-17,Q3,Steel,35,57863.38,58077.06,213.68,5,32,16,17.88,35425.71,61.0,37.17,4,0,0,35,0,Sector-wise financial details (planned and balance expenditure),
quarterly_qpisr,2016-12,2016-17,Q3,Telecommunications,4,15773.68,15673.68,-100.0,0,3,3,17.33,504.46,21.56,66.67,2,0,0,4,0,Sector-wise financial details (planned and balance expenditure),
quarterly_qpisr,2016-12,2016-17,Q3,Urban Development & Housing,30,140912.49,148979.97,8067.48,3,26,21,25.52,63408.45,44.17,50.31,2,0,0,30,0,Sector-wise financial details (planned and balance expenditure),
quarterly_qpisr,2017-03,2016-17,Q4,Atomic Energy,4,40442.0,52241.0,11799.0,2,4,4,69.75,44555.16,85.29,85.31,0,0,0,4,0,Sector-wise financial details (planned and balance expenditure),
quarterly_qpisr,2017-03,2016-17,Q4,Civil Aviation,4,1177.28,1556.96,379.68,3,3,3,44.67,1004.23,64.5,51.4,0,0,0,4,0,Sector-wise financial details (planned and balance expenditure),
quarterly_qpisr,2017-03,2016-17,Q4,Coal,82,84002.15,83905.09,-97.06,5,82,35,54.17,17120.35,20.4,35.57,4,0,0,82,0,Sector-wise financial details (planned and balance expenditure),
quarterly_qpisr,2017-03,2016-17,Q4,Defence,2,453.64,453.64,0.0,0,2,0,,45.35,10.0,1.08,0,0,0,2,0,Sector-wise financial details (planned and balance expenditure),
quarterly_qpisr,2017-03,2016-17,Q4,Fertilizers & Chemicals,3,6141.25,10668.44,4527.19,3,3,2,27.5,10054.17,94.24,74.67,0,0,0,3,0,Sector-wise financial details (planned and balance expenditure),
quarterly_qpisr,2017-03,2016-17,Q4,Health,13,3637.08,3649.38,12.3,1,11,6,9.67,1622.22,44.45,49.69,0,0,0,13,0,Sector-wise financial details (planned and balance expenditure),
quarterly_qpisr,2017-03,2016-17,Q4,Industry & Commerce,1,1718.0,3827.3,2109.3,1,1,1,75.0,2289.0,59.81,,0,0,0,1,0,Sector-wise financial details (planned and balance expenditure),
quarterly_qpisr,2017-03,2016-17,Q4,Mines & Metals,5,8629.63,7949.63,-680.0,0,5,2,16.0,909.42,11.44,50.68,0,0,0,5,0,Sector-wise financial details (planned and balance expenditure),
quarterly_qpisr,2017-03,2016-17,Q4,Petroleum & Natural Gas,98,191068.18,189729.69,-1338.49,18,96,44,25.39,61620.0,32.48,49.91,13,0,0,98,0,Sector-wise financial details (planned and balance expenditure),
quarterly_qpisr,2017-03,2016-17,Q4,Power,134,342096.88,392825.12,50728.24,45,131,68,37.4,226363.69,57.65,58.32,13,0,0,134,0,Sector-wise financial details (planned and balance expenditure),
quarterly_qpisr,2017-03,2016-17,Q4,Railways,348,352470.03,440843.88,88373.85,195,97,53,82.19,134307.43,32.31,28.17,5,0,0,348,0,Sector-wise financial details (planned and balance expenditure),
quarterly_qpisr,2017-03,2016-17,Q4,Roads & Highways,477,315175.88,321098.24,5922.36,36,272,125,39.35,137213.94,44.39,28.8,52,0,0,477,0,Sector-wise financial details (planned and balance expenditure),
quarterly_qpisr,2017-03,2016-17,Q4,Shipping & Ports,8,4117.75,5085.02,967.27,5,6,2,118.5,2790.03,54.87,71.1,0,0,0,8,0,Sector-wise financial details (planned and balance expenditure),
quarterly_qpisr,2017-03,2016-17,Q4,Steel,33,56967.14,57180.82,213.68,5,30,20,20.9,36914.26,64.56,40.68,4,0,0,33,0,Sector-wise financial details (planned and balance expenditure),
quarterly_qpisr,2017-03,2016-17,Q4,Telecommunications,3,15863.43,15763.43,-100.0,0,3,2,28.0,5698.13,36.15,0.0,2,0,0,3,0,Sector-wise financial details (planned and balance expenditure),
quarterly_qpisr,2017-03,2016-17,Q4,Urban Development & Housing,35,145716.81,153224.29,7507.48,3,31,23,27.3,70805.04,46.28,50.39,3,0,0,35,0,Sector-wise financial details (planned and balance expenditure),
quarterly_qpisr,2017-06,2017-18,Q1,Atomic Energy,4,40442.0,52241.0,11799.0,2,4,4,69.75,44697.43,85.56,79.91,0,0,0,4,0,Sector-wise financial details (planned and balance expenditure),
quarterly_qpisr,2017-06,2017-18,Q1,Civil Aviation,4,1177.28,1527.86,350.58,2,3,3,43.67,1011.42,66.2,100.0,1,0,0,4,0,Sector-wise financial details (planned and balance expenditure),
quarterly_qpisr,2017-06,2017-18,Q1,Coal,89,86482.99,86697.92,214.93,6,89,38,56.03,19902.84,22.96,35.34,0,0,0,89,0,Sector-wise financial details (planned and balance expenditure),
quarterly_qpisr,2017-06,2017-18,Q1,Defence,2,453.64,453.64,0.0,0,2,0,,47.91,10.56,,0,0,0,2,0,Sector-wise financial details (planned and balance expenditure),
quarterly_qpisr,2017-06,2017-18,Q1,Fertilizers & Chemicals,3,6141.25,10668.44,4527.19,3,3,2,27.5,10128.22,94.94,100.0,1,0,0,3,0,Sector-wise financial details (planned and balance expenditure),
quarterly_qpisr,2017-06,2017-18,Q1,Health,13,3637.08,3649.38,12.3,1,11,6,12.67,1598.3,43.8,49.67,0,0,0,13,0,Sector-wise financial details (planned and balance expenditure),
quarterly_qpisr,2017-06,2017-18,Q1,Industry & Commerce,1,1718.0,3827.3,2109.3,1,1,1,75.0,2289.0,59.81,,0,0,0,1,0,Sector-wise financial details (planned and balance expenditure),
quarterly_qpisr,2017-06,2017-18,Q1,Mines & Metals,4,6773.63,6773.63,0.0,0,4,1,1.0,372.63,5.5,0.0,0,0,0,4,0,Sector-wise financial details (planned and balance expenditure),
quarterly_qpisr,2017-06,2017-18,Q1,Petroleum & Natural Gas,95,188746.9,187995.02,-751.88,18,92,42,23.88,58492.36,40.2,47.3,0,0,0,95,0,Sector-wise financial details (planned and balance expenditure),
quarterly_qpisr,2017-06,2017-18,Q1,Power,135,351756.19,403016.17,51259.98,47,130,69,36.87,225956.2,56.15,50.47,10,0,0,135,0,Sector-wise financial details (planned and balance expenditure),
quarterly_qpisr,2017-06,2017-18,Q1,Railways,348,352470.03,441335.56,88865.53,200,97,53,82.19,119383.8,29.98,22.43,0,0,0,348,0,Sector-wise financial details (planned and balance expenditure),
quarterly_qpisr,2017-06,2017-18,Q1,Roads & Highways,487,321274.75,327587.58,6312.83,42,255,107,38.87,105764.05,40.36,21.6,0,0,0,487,0,Sector-wise financial details (planned and balance expenditure),
quarterly_qpisr,2017-06,2017-18,Q1,Shipping & Ports,8,4117.75,5085.02,967.27,5,6,2,118.5,1875.38,36.88,41.0,0,0,0,8,0,Sector-wise financial details (planned and balance expenditure),
quarterly_qpisr,2017-06,2017-18,Q1,Steel,35,57753.65,57967.33,213.68,5,32,20,21.5,34976.08,60.81,31.2,1,0,0,35,0,Sector-wise financial details (planned and balance expenditure),
quarterly_qpisr,2017-06,2017-18,Q1,Telecommunications,3,15863.43,15763.43,-100.0,0,3,2,28.0,2313.9,14.68,,0,0,0,3,0,Sector-wise financial details (planned and balance expenditure),
quarterly_qpisr,2017-06,2017-18,Q1,Urban Development & Housing,34,145584.66,153092.14,7507.48,3,30,23,26.39,68275.43,46.3,61.32,0,0,0,34,0,Sector-wise financial details (planned and balance expenditure),
quarterly_qpisr,2017-09,2017-18,Q2,Atomic Energy,4,40442.0,52241.0,11799.0,2,4,4,72.25,46848.27,89.68,86.56,1,0,0,4,0,Sector-wise financial details (planned and balance expenditure),
quarterly_qpisr,2017-09,2017-18,Q2,Civil Aviation,3,959.68,1312.86,353.18,2,3,3,55.0,814.48,62.04,,2,0,0,3,0,Sector-wise financial details (planned and balance expenditure),
quarterly_qpisr,2017-09,2017-18,Q2,Coal,92,88124.99,88310.36,185.37,7,90,40,56.48,21448.64,24.37,40.36,0,0,0,92,0,Sector-wise financial details (planned and balance expenditure),
quarterly_qpisr,2017-09,2017-18,Q2,Defence,2,453.64,469.04,15.4,2,2,0,,52.17,11.12,1.83,0,0,0,2,0,Sector-wise financial details (planned and balance expenditure),
quarterly_qpisr,2017-09,2017-18,Q2,Fertilizers & Chemicals,2,680.64,703.44,22.8,2,2,1,29.0,482.9,68.65,90.4,1,0,0,2,0,Sector-wise financial details (planned and balance expenditure),
quarterly_qpisr,2017-09,2017-18,Q2,Health,13,3637.08,3649.38,12.3,1,9,6,14.17,1792.95,49.13,47.67,0,0,0,13,0,Sector-wise financial details (planned and balance expenditure),
quarterly_qpisr,2017-09,2017-18,Q2,Industry & Commerce,1,1718.0,3827.3,2109.3,1,1,1,75.0,2289.0,59.81,,0,0,0,1,0,Sector-wise financial details (planned and balance expenditure),
quarterly_qpisr,2017-09,2017-18,Q2,Mines & Metals,4,6773.63,6773.63,0.0,0,2,0,,372.63,5.5,0.0,0,0,0,4,0,Sector-wise financial details (planned and balance expenditure),
quarterly_qpisr,2017-09,2017-18,Q2,Petroleum & Natural Gas,110,211338.51,212604.11,1265.6,19,105,42,25.0,71493.14,33.63,46.47,6,0,0,110,0,Sector-wise financial details (planned and balance expenditure),
quarterly_qpisr,2017-09,2017-18,Q2,Power,136,364631.72,422742.03,58110.31,49,132,75,37.44,244895.21,59.09,51.6,16,0,0,136,0,Sector-wise financial details (planned and balance expenditure),
quarterly_qpisr,2017-09,2017-18,Q2,Railways,353,354063.17,454173.45,100110.28,213,83,42,82.1,130576.24,31.38,26.24,0,0,0,353,0,Sector-wise financial details (planned and balance expenditure),
quarterly_qpisr,2017-09,2017-18,Q2,Roads & Highways,489,322303.92,328676.12,6372.2,43,254,106,39.63,104037.83,39.55,19.5,0,0,0,489,0,Sector-wise financial details (planned and balance expenditure),
quarterly_qpisr,2017-09,2017-18,Q2,Shipping & Ports,8,4117.75,5085.02,967.27,5,4,2,118.5,1875.38,36.88,0.0,0,0,0,8,0,Sector-wise financial details (planned and balance expenditure),
quarterly_qpisr,2017-09,2017-18,Q2,Steel,34,57349.49,57563.17,213.68,5,26,17,22.12,39026.87,68.02,37.86,1,0,0,34,0,Sector-wise financial details (planned and balance expenditure),
quarterly_qpisr,2017-09,2017-18,Q2,Telecommunications,3,15863.43,27093.43,11230.0,1,1,1,47.0,6913.9,25.52,43.0,0,0,0,3,0,Sector-wise financial details (planned and balance expenditure),
quarterly_qpisr,2017-09,2017-18,Q2,Urban Development & Housing,36,145945.23,158435.24,12490.01,6,30,24,30.71,71777.57,46.91,52.0,0,0,0,36,0,Sector-wise financial details (planned and balance expenditure),
quarterly_qpisr,2017-12,2017-18,Q3,Atomic Energy,4,67120.0,69728.0,2608.0,1,4,4,56.0,27419.63,39.32,65.78,1,0,0,4,0,Sector-wise financial details (planned and balance expenditure),
quarterly_qpisr,2017-12,2017-18,Q3,Civil Aviation,2,624.07,994.86,370.79,2,2,2,51.0,549.39,55.22,,2,0,0,2,0,Sector-wise financial details (planned and balance expenditure),
quarterly_qpisr,2017-12,2017-18,Q3,Coal,94,90270.81,89774.82,-495.99,9,92,40,56.8,22927.02,25.62,43.89,2,0,0,94,0,Sector-wise financial details (planned and balance expenditure),
quarterly_qpisr,2017-12,2017-18,Q3,Defence,2,453.64,469.04,15.4,2,2,0,,70.86,15.11,2.09,0,0,0,2,0,Sector-wise financial details (planned and balance expenditure),
quarterly_qpisr,2017-12,2017-18,Q3,Fertilizers & Chemicals,2,680.64,703.44,22.8,2,2,2,15.5,516.36,73.4,74.11,1,0,0,2,0,Sector-wise financial details (planned and balance expenditure),
quarterly_qpisr,2017-12,2017-18,Q3,Health,16,4538.61,4573.39,34.78,2,14,9,17.67,2003.7,43.81,43.11,2,0,0,16,0,Sector-wise financial details (planned and balance expenditure),
quarterly_qpisr,2017-12,2017-18,Q3,Industry & Commerce,1,1718.0,3827.3,2109.3,1,1,1,75.0,2289.0,59.81,,0,0,0,1,0,Sector-wise financial details (planned and balance expenditure),
quarterly_qpisr,2017-12,2017-18,Q3,Mines & Metals,6,7611.63,7611.63,0.0,0,6,0,,1044.36,13.72,33.95,2,0,0,6,0,Sector-wise financial details (planned and balance expenditure),
quarterly_qpisr,2017-12,2017-18,Q3,Petroleum & Natural Gas,115,202222.71,203649.14,1426.43,20,111,38,26.08,57865.7,28.41,46.64,9,0,0,115,0,Sector-wise financial details (planned and balance expenditure),
quarterly_qpisr,2017-12,2017-18,Q3,Power,129,342932.66,402167.49,59234.83,44,124,70,37.11,231917.48,57.67,52.85,18,0,0,129,0,Sector-wise financial details (planned and balance expenditure),
quarterly_qpisr,2017-12,2017-18,Q3,Railways,354,354538.9,485302.27,130763.37,221,85,43,81.86,144493.65,31.91,28.65,3,0,0,354,0,Sector-wise financial details (planned and balance expenditure),
quarterly_qpisr,2017-12,2017-18,Q3,Roads & Highways,509,339047.0,345419.2,6372.2,43,251,108,42.01,62454.56,26.59,19.56,0,0,0,509,0,Sector-wise financial details (planned and balance expenditure),
quarterly_qpisr,2017-12,2017-18,Q3,Shipping & Ports,10,4910.75,5535.92,625.17,5,5,3,85.67,2068.38,37.36,0.0,0,0,0,10,0,Sector-wise financial details (planned and balance expenditure),
quarterly_qpisr,2017-12,2017-18,Q3,Steel,34,57349.49,57563.17,213.68,5,25,20,20.4,40623.34,70.8,39.86,4,0,0,34,0,Sector-wise financial details (planned and balance expenditure),
quarterly_qpisr,2017-12,2017-18,Q3,Telecommunications,9,16959.4,28189.47,11230.07,2,8,2,28.0,7086.2,25.14,10.0,0,0,0,9,0,Sector-wise financial details (planned and balance expenditure),
quarterly_qpisr,2017-12,2017-18,Q3,Urban Development & Housing,37,146108.11,158600.93,12492.82,7,32,26,31.62,77443.23,50.56,54.2,3,0,0,37,0,Sector-wise financial details (planned and balance expenditure),
quarterly_qpisr,2018-03,2017-18,Q4,Atomic Energy,4,67120.0,69728.0,2608.0,1,4,4,57.75,28425.34,40.77,83.61,1,0,0,4,0,Sector-wise financial details (planned and balance expenditure),
quarterly_qpisr,2018-03,2017-18,Q4,Civil Aviation,2,624.07,994.86,370.79,2,1,1,21.0,549.39,55.22,,2,0,0,2,0,Sector-wise financial details (planned and balance expenditure),
quarterly_qpisr,2018-03,2017-18,Q4,Coal,92,89695.08,89199.09,-495.99,9,89,37,60.95,23882.46,26.86,44.67,2,0,0,92,0,Sector-wise financial details (planned and balance expenditure),
quarterly_qpisr,2018-03,2017-18,Q4,Defence,2,453.64,469.04,15.4,2,2,0,,111.65,23.8,4.96,0,0,0,2,0,Sector-wise financial details (planned and balance expenditure),
quarterly_qpisr,2018-03,2017-18,Q4,Fertilizers & Chemicals,6,1781.92,1793.57,11.65,1,6,2,16.5,574.82,32.05,33.25,1,0,0,6,0,Sector-wise financial details (planned and balance expenditure),
quarterly_qpisr,2018-03,2017-18,Q4,Health,14,3897.21,3919.69,22.48,1,10,5,11.2,1507.4,38.46,35.0,2,0,0,14,0,Sector-wise financial details (planned and balance expenditure),
quarterly_qpisr,2018-03,2017-18,Q4,Industry & Commerce,1,1718.0,3827.3,2109.3,1,0,0,,2289.0,59.81,,0,0,0,1,0,Sector-wise financial details (planned and balance expenditure),
quarterly_qpisr,2018-03,2017-18,Q4,Mines & Metals,4,6912.0,6912.0,0.0,0,4,0,,408.41,5.91,0.93,2,0,0,4,0,Sector-wise financial details (planned and balance expenditure),
quarterly_qpisr,2018-03,2017-18,Q4,Petroleum & Natural Gas,128,211901.94,214022.36,2120.42,19,118,33,26.88,65799.69,30.74,48.1,13,0,0,128,0,Sector-wise financial details (planned and balance expenditure),
quarterly_qpisr,2018-03,2017-18,Q4,Power,129,342412.87,414479.45,72066.58,53,122,71,39.07,248288.85,60.17,60.91,30,0,0,129,0,Sector-wise financial details (planned and balance expenditure),
quarterly_qpisr,2018-03,2017-18,Q4,Railways,354,284637.2,484894.65,200257.45,221,156,48,75.77,152114.4,33.19,31.57,23,0,0,354,0,Sector-wise financial details (planned and balance expenditure),
quarterly_qpisr,2018-03,2017-18,Q4,Roads & Highways,535,355170.92,361543.12,6372.2,43,227,93,46.59,64287.62,25.61,18.69,2,0,0,535,0,Sector-wise financial details (planned and balance expenditure),
quarterly_qpisr,2018-03,2017-18,Q4,Shipping & Ports,10,4915.75,5625.51,709.76,6,7,7,36.43,2783.0,49.47,66.67,3,0,0,10,0,Sector-wise financial details (planned and balance expenditure),
quarterly_qpisr,2018-03,2017-18,Q4,Steel,31,55217.0,55430.68,213.68,5,19,15,22.27,40944.99,74.12,27.96,5,0,0,31,0,Sector-wise financial details (planned and balance expenditure),
quarterly_qpisr,2018-03,2017-18,Q4,Telecommunications,9,16959.4,28189.4,11230.0,1,7,1,57.0,8068.2,28.62,12.71,0,0,0,9,0,Sector-wise financial details (planned and balance expenditure),
quarterly_qpisr,2018-03,2017-18,Q4,Urban Development & Housing,40,143091.01,148142.03,5051.02,7,30,20,29.6,64103.54,45.08,44.25,4,0,0,40,0,Sector-wise financial details (planned and balance expenditure),
quarterly_qpisr,2021-06,2021-22,Q1,Atomic Energy,4,67120.0,80348.0,13228.0,3,4,4,82.5,61014.85,75.94,82.89,0,0,0,4,0,Analysis of planned and balance expenditure (Sector wise),
quarterly_qpisr,2021-06,2021-22,Q1,Civil Aviation,18,13348.06,13862.62,514.56,3,18,14,16.57,4203.52,30.32,49.69,0,0,0,18,0,Analysis of planned and balance expenditure (Sector wise),
quarterly_qpisr,2021-06,2021-22,Q1,Coal,106,141216.06,146815.98,5599.92,20,98,58,65.95,49636.25,33.81,38.31,0,0,0,106,0,Analysis of planned and balance expenditure (Sector wise),
quarterly_qpisr,2021-06,2021-22,Q1,Defence,1,246.31,210.0,-36.31,0,1,1,22.0,131.46,62.6,0.0,0,0,0,1,0,Analysis of planned and balance expenditure (Sector wise),
quarterly_qpisr,2021-06,2021-22,Q1,Education,27,11204.66,11296.61,91.95,4,17,12,20.75,1447.15,20.97,,0,0,0,27,0,Analysis of planned and balance expenditure (Sector wise),
quarterly_qpisr,2021-06,2021-22,Q1,Fertilizers & Chemicals,4,1101.28,1101.28,0.0,0,4,4,17.75,853.39,77.49,99.56,0,0,0,4,0,Analysis of planned and balance expenditure (Sector wise),
quarterly_qpisr,2021-06,2021-22,Q1,Finance,2,557.77,557.73,-0.04,0,2,1,21.0,329.74,59.12,,0,0,0,2,0,Analysis of planned and balance expenditure (Sector wise),
quarterly_qpisr,2021-06,2021-22,Q1,Health,29,15273.26,15712.01,438.75,13,23,20,27.05,8213.1,52.27,74.84,0,0,0,29,0,Analysis of planned and balance expenditure (Sector wise),
quarterly_qpisr,2021-06,2021-22,Q1,Home Affairs,5,1993.4,2849.31,855.91,2,5,2,35.0,1114.18,39.1,34.8,0,0,0,5,0,Analysis of planned and balance expenditure (Sector wise),
quarterly_qpisr,2021-06,2021-22,Q1,Industry & Commerce,4,19208.73,20192.94,984.21,2,2,2,23.0,12757.65,63.18,41.03,0,0,0,4,0,Analysis of planned and balance expenditure (Sector wise),
quarterly_qpisr,2021-06,2021-22,Q1,Mines & Metals,5,7078.62,7075.17,-3.45,0,4,4,19.0,1344.65,19.01,23.99,0,0,0,5,0,Analysis of planned and balance expenditure (Sector wise),
quarterly_qpisr,2021-06,2021-22,Q1,Petroleum & Natural Gas,141,332059.45,339307.31,7247.86,27,134,86,18.09,120362.9,35.47,54.83,3,0,0,141,0,Analysis of planned and balance expenditure (Sector wise),
quarterly_qpisr,2021-06,2021-22,Q1,Power,84,303159.19,376252.28,73093.09,34,54,45,45.69,261566.77,69.52,25.35,1,0,0,84,0,Analysis of planned and balance expenditure (Sector wise),
quarterly_qpisr,2021-06,2021-22,Q1,Railways,312,462095.03,702171.57,240076.54,216,175,153,63.89,248113.8,35.34,26.71,0,0,0,312,0,Analysis of planned and balance expenditure (Sector wise),
quarterly_qpisr,2021-06,2021-22,Q1,Roads & Highways,937,555819.26,574820.7,19001.44,134,251,166,45.12,358210.58,62.32,34.73,3,0,0,937,0,Analysis of planned and balance expenditure (Sector wise),
quarterly_qpisr,2021-06,2021-22,Q1,Rural Development,4,889.43,899.87,10.44,2,4,3,68.67,472.48,52.51,62.25,0,0,0,4,0,Analysis of planned and balance expenditure (Sector wise),
quarterly_qpisr,2021-06,2021-22,Q1,Shipping & Ports,1,5369.18,4633.81,-735.37,0,1,0,,1885.98,40.7,42.94,0,0,0,1,0,Analysis of planned and balance expenditure (Sector wise),
quarterly_qpisr,2021-06,2021-22,Q1,Steel,9,25452.51,31567.51,6115.0,1,9,6,42.0,23547.44,74.59,54.42,0,0,0,9,0,Analysis of planned and balance expenditure (Sector wise),
quarterly_qpisr,2021-06,2021-22,Q1,Telecommunications,3,14013.36,25343.36,11330.0,1,3,3,41.33,17990.26,70.99,56.33,0,0,0,3,0,Analysis of planned and balance expenditure (Sector wise),
quarterly_qpisr,2021-06,2021-22,Q1,Tourism & Culture,1,151.33,151.33,0.0,0,1,1,47.0,149.33,98.68,98.5,0,0,0,1,0,Analysis of planned and balance expenditure (Sector wise),
quarterly_qpisr,2021-06,2021-22,Q1,Urban Development & Housing,33,282500.28,305097.88,22597.6,7,20,10,32.0,138461.77,45.38,21.43,0,0,0,33,0,Analysis of planned and balance expenditure (Sector wise),
quarterly_qpisr,2021-06,2021-22,Q1,Water Resources,49,26781.06,72382.23,45601.17,9,44,20,11.2,22343.25,30.87,40.32,2,0,0,49,0,Analysis of planned and balance expenditure (Sector wise),
quarterly_qpisr,2021-09,2021-22,Q2,Atomic Energy,4,67120.0,80348.0,13228.0,3,4,4,82.5,62365.37,77.62,83.71,0,0,0,4,0,Analysis of planned and balance expenditure (Sector wise),
quarterly_qpisr,2021-09,2021-22,Q2,Civil Aviation,19,13786.34,14864.62,1078.28,4,19,17,21.24,5048.69,33.96,54.44,0,0,0,19,0,Analysis of planned and balance expenditure (Sector wise),
quarterly_qpisr,2021-09,2021-22,Q2,Coal,109,149858.7,154604.26,4745.56,22,104,63,67.4,53411.38,34.55,42.63,0,0,0,109,0,Analysis of planned and balance expenditure (Sector wise),
quarterly_qpisr,2021-09,2021-22,Q2,Defence,1,246.31,210.0,-36.31,0,1,1,22.0,142.79,68.0,87.0,0,0,0,1,0,Analysis of planned and balance expenditure (Sector wise),
quarterly_qpisr,2021-09,2021-22,Q2,Education,27,11300.59,11427.88,127.29,6,15,11,23.27,2876.22,25.17,17.41,1,0,0,27,0,Analysis of planned and balance expenditure (Sector wise),
quarterly_qpisr,2021-09,2021-22,Q2,Fertilizers & Chemicals,4,1101.28,1101.28,0.0,0,4,4,19.25,869.13,78.92,99.58,0,0,0,4,0,Analysis of planned and balance expenditure (Sector wise),
quarterly_qpisr,2021-09,2021-22,Q2,Finance,2,557.77,557.73,-0.04,0,2,1,21.0,383.37,68.74,74.0,0,0,0,2,0,Analysis of planned and balance expenditure (Sector wise),
quarterly_qpisr,2021-09,2021-22,Q2,Health,29,15273.26,15715.78,442.52,12,20,17,29.24,8671.81,55.18,77.11,0,0,0,29,0,Analysis of planned and balance expenditure (Sector wise),
quarterly_qpisr,2021-09,2021-22,Q2,Home Affairs,7,2306.97,3327.6,1020.63,4,6,4,20.25,1203.43,36.17,29.71,0,0,0,7,0,Analysis of planned and balance expenditure (Sector wise),
quarterly_qpisr,2021-09,2021-22,Q2,Industry & Commerce,5,20926.73,23920.24,2993.51,3,3,3,55.0,16723.83,69.91,52.95,0,0,0,5,0,Analysis of planned and balance expenditure (Sector wise),
quarterly_qpisr,2021-09,2021-22,Q2,Mines & Metals,5,7078.62,7075.17,-3.45,0,4,4,16.0,1517.26,21.44,25.7,0,0,0,5,0,Analysis of planned and balance expenditure (Sector wise),
quarterly_qpisr,2021-09,2021-22,Q2,North Eastern Region,1,151.33,151.33,0.0,0,1,1,47.0,149.33,98.68,0.0,0,0,0,1,0,Analysis of planned and balance expenditure (Sector wise),
quarterly_qpisr,2021-09,2021-22,Q2,Petroleum & Natural Gas,155,352317.82,360268.84,7951.02,31,149,87,18.54,129398.61,35.92,58.87,6,0,0,155,0,Analysis of planned and balance expenditure (Sector wise),
quarterly_qpisr,2021-09,2021-22,Q2,Power,85,302994.21,374517.88,71523.67,35,56,47,45.72,264747.73,70.69,32.36,25,0,0,85,0,Analysis of planned and balance expenditure (Sector wise),
quarterly_qpisr,2021-09,2021-22,Q2,Railways,315,459854.5,707968.34,248113.84,224,184,164,63.91,280476.92,39.62,39.76,27,0,0,315,0,Analysis of planned and balance expenditure (Sector wise),
quarterly_qpisr,2021-09,2021-22,Q2,Roads & Highways,1009,583947.14,602334.96,18387.82,141,358,224,45.53,367245.01,60.97,51.9,91,0,0,1009,0,Analysis of planned and balance expenditure (Sector wise),
quarterly_qpisr,2021-09,2021-22,Q2,Rural Development,4,889.43,899.87,10.44,2,3,3,68.67,472.48,52.51,0.0,0,0,0,4,0,Analysis of planned and balance expenditure (Sector wise),
quarterly_qpisr,2021-09,2021-22,Q2,Shipping & Ports,1,5369.18,4633.81,-735.37,0,1,0,,1933.01,41.72,42.97,0,0,0,1,0,Analysis of planned and balance expenditure (Sector wise),
quarterly_qpisr,2021-09,2021-22,Q2,Steel,9,25452.51,32284.66,6832.15,2,9,6,45.33,24128.52,74.74,57.5,1,0,0,9,0,Analysis of planned and balance expenditure (Sector wise),
quarterly_qpisr,2021-09,2021-22,Q2,Telecommunications,3,14013.36,25335.07,11321.71,1,3,3,43.33,20690.26,81.67,78.0,0,0,0,3,0,Analysis of planned and balance expenditure (Sector wise),
quarterly_qpisr,2021-09,2021-22,Q2,Urban Development & Housing,32,282386.02,304733.28,22347.26,8,28,21,30.0,154130.38,50.58,53.22,3,0,0,32,0,Analysis of planned and balance expenditure (Sector wise),
quarterly_qpisr,2021-09,2021-22,Q2,Water Resources,47,26322.76,71923.93,45601.17,9,43,19,11.05,22988.42,31.96,40.43,6,0,0,47,0,Analysis of planned and balance expenditure (Sector wise),
quarterly_qpisr,2021-12,2021-22,Q3,Atomic Energy,5,116741.0,129969.0,13228.0,3,5,4,87.25,70005.37,53.86,46.17,0,0,0,5,0,Analysis of planned and balance expenditure (Sector wise),
quarterly_qpisr,2021-12,2021-22,Q3,Civil Aviation,21,14966.97,16000.25,1033.28,4,20,19,21.79,5714.72,35.72,55.31,0,0,0,21,0,Analysis of planned and balance expenditure (Sector wise),
quarterly_qpisr,2021-12,2021-22,Q3,Coal,110,150579.57,155425.55,4845.98,22,104,62,66.97,56307.2,36.23,43.84,0,0,0,110,0,Analysis of planned and balance expenditure (Sector wise),
quarterly_qpisr,2021-12,2021-22,Q3,Defence,1,246.31,210.0,-36.31,0,1,1,25.0,158.92,75.68,89.0,0,0,0,1,0,Analysis of planned and balance expenditure (Sector wise),
quarterly_qpisr,2021-12,2021-22,Q3,Education,25,10834.87,10804.84,-30.03,4,19,17,26.12,4235.73,39.2,24.72,0,0,0,25,0,Analysis of planned and balance expenditure (Sector wise),
quarterly_qpisr,2021-12,2021-22,Q3,Fertilizers & Chemicals,4,1101.28,1101.28,0.0,0,4,4,20.5,914.82,83.07,99.86,0,0,0,4,0,Analysis of planned and balance expenditure (Sector wise),
quarterly_qpisr,2021-12,2021-22,Q3,Finance,2,557.77,557.73,-0.04,0,2,1,21.0,412.93,74.04,77.5,0,0,0,2,0,Analysis of planned and balance expenditure (Sector wise),
quarterly_qpisr,2021-12,2021-22,Q3,Health,29,15273.26,15715.78,442.52,12,20,17,29.24,9278.31,59.04,74.06,0,0,0,29,0,Analysis of planned and balance expenditure (Sector wise),
quarterly_qpisr,2021-12,2021-22,Q3,Home Affairs,7,2306.97,3327.6,1020.63,4,5,4,23.5,1289.65,38.76,29.0,0,0,0,7,0,Analysis of planned and balance expenditure (Sector wise),
quarterly_qpisr,2021-12,2021-22,Q3,Industry & Commerce,5,20926.73,23920.24,2993.51,3,3,3,55.0,16990.11,71.03,33.3,0,0,0,5,0,Analysis of planned and balance expenditure (Sector wise),
quarterly_qpisr,2021-12,2021-22,Q3,Mines & Metals,6,7333.99,7330.54,-3.45,0,5,5,30.4,1819.26,24.82,20.54,0,0,0,6,0,Analysis of planned and balance expenditure (Sector wise),
quarterly_qpisr,2021-12,2021-22,Q3,North Eastern Region,1,151.33,151.33,0.0,0,0,0,,149.33,98.68,0.0,0,0,0,1,0,Analysis of planned and balance expenditure (Sector wise),
quarterly_qpisr,2021-12,2021-22,Q3,Petroleum & Natural Gas,156,349524.27,362092.91,12568.64,30,152,92,19.82,135370.53,37.39,58.72,0,0,0,156,0,Analysis of planned and balance expenditure (Sector wise),
quarterly_qpisr,2021-12,2021-22,Q3,Power,63,207529.14,271240.23,63711.09,28,57,51,43.39,180257.06,66.46,39.99,0,0,0,63,0,Analysis of planned and balance expenditure (Sector wise),
quarterly_qpisr,2021-12,2021-22,Q3,Railways,286,443223.02,684966.33,241743.31,205,173,153,65.02,277511.95,40.51,34.9,0,0,0,286,0,Analysis of planned and balance expenditure (Sector wise),
quarterly_qpisr,2021-12,2021-22,Q3,Roads & Highways,895,539664.38,555684.31,16019.93,121,342,200,44.28,335726.61,60.42,56.26,0,0,0,895,0,Analysis of planned and balance expenditure (Sector wise),
quarterly_qpisr,2021-12,2021-22,Q3,Rural Development,1,361.6,361.6,0.0,0,0,0,,12.44,3.44,0.0,0,0,0,1,0,Analysis of planned and balance expenditure (Sector wise),
quarterly_qpisr,2021-12,2021-22,Q3,Shipping & Ports,1,5369.18,4633.81,-735.37,0,1,0,,1967.38,42.46,43.35,0,0,0,1,0,Analysis of planned and balance expenditure (Sector wise),
quarterly_qpisr,2021-12,2021-22,Q3,Social Justice,1,170.99,170.99,0.0,0,1,0,,34.0,19.88,17.5,0,0,0,1,0,Analysis of planned and balance expenditure (Sector wise),
quarterly_qpisr,2021-12,2021-22,Q3,Steel,8,25189.15,32021.3,6832.15,2,8,5,53.6,24780.42,77.39,56.62,0,0,0,8,0,Analysis of planned and balance expenditure (Sector wise),
quarterly_qpisr,2021-12,2021-22,Q3,Telecommunications,3,14013.36,25335.07,11321.71,1,3,3,45.0,20771.22,81.99,80.33,0,0,0,3,0,Analysis of planned and balance expenditure (Sector wise),
quarterly_qpisr,2021-12,2021-22,Q3,Urban Development & Housing,30,291807.1,313697.63,21890.53,7,28,20,30.05,156728.13,49.96,41.06,0,0,0,30,0,Analysis of planned and balance expenditure (Sector wise),
quarterly_qpisr,2021-12,2021-22,Q3,Water Resources,43,24702.19,70243.27,45541.08,8,40,39,18.9,22941.81,32.66,39.82,0,0,0,43,0,Analysis of planned and balance expenditure (Sector wise),
quarterly_qpisr,2022-03,2021-22,Q4,Atomic Energy,5,116741.0,129969.0,13228.0,3,5,4,82.5,67906.37,52.25,83.71,0,0,0,5,0,Analysis of planned and balance expenditure (Sector wise),
quarterly_qpisr,2022-03,2021-22,Q4,Civil Aviation,23,15234.93,16268.21,1033.28,4,23,21,26.57,6510.24,40.02,60.84,1,0,0,23,0,Analysis of planned and balance expenditure (Sector wise),
quarterly_qpisr,2022-03,2021-22,Q4,Coal,146,205575.77,210262.19,4686.42,20,139,64,71.3,65900.83,31.34,44.17,6,0,0,146,0,Analysis of planned and balance expenditure (Sector wise),
quarterly_qpisr,2022-03,2021-22,Q4,Defence,1,246.31,200.0,-46.31,0,1,1,28.0,177.65,88.82,95.0,0,0,0,1,0,Analysis of planned and balance expenditure (Sector wise),
quarterly_qpisr,2022-03,2021-22,Q4,Education,23,10455.86,10390.34,-65.52,3,18,17,29.35,4867.61,46.85,43.63,3,0,0,23,0,Analysis of planned and balance expenditure (Sector wise),
quarterly_qpisr,2022-03,2021-22,Q4,Fertilizers & Chemicals,4,1101.28,1101.28,0.0,0,2,2,25.0,958.41,87.03,99.86,3,0,0,4,0,Analysis of planned and balance expenditure (Sector wise),
quarterly_qpisr,2022-03,2021-22,Q4,Finance,3,786.27,778.0,-8.27,0,1,0,,545.52,70.12,79.0,0,0,0,3,0,Analysis of planned and balance expenditure (Sector wise),
quarterly_qpisr,2022-03,2021-22,Q4,Health,29,15273.26,16010.35,737.09,13,18,15,35.07,9913.14,61.92,78.76,0,0,0,29,0,Analysis of planned and balance expenditure (Sector wise),
quarterly_qpisr,2022-03,2021-22,Q4,Home Affairs,5,2025.73,2867.45,841.72,3,5,5,22.0,1457.32,50.82,52.0,0,0,0,5,0,Analysis of planned and balance expenditure (Sector wise),
quarterly_qpisr,2022-03,2021-22,Q4,Industry & Commerce,5,20926.73,23751.54,2824.81,3,2,2,71.5,17058.0,71.82,53.89,1,0,0,5,0,Analysis of planned and balance expenditure (Sector wise),
quarterly_qpisr,2022-03,2021-22,Q4,Mines & Metals,6,7333.99,8585.67,1251.68,3,6,6,36.67,2228.77,25.96,24.19,0,0,0,6,0,Analysis of planned and balance expenditure (Sector wise),
quarterly_qpisr,2022-03,2021-22,Q4,North Eastern Region,1,151.33,151.33,0.0,0,0,0,,149.33,98.68,0.0,0,0,0,1,0,Analysis of planned and balance expenditure (Sector wise),
quarterly_qpisr,2022-03,2021-22,Q4,Petroleum & Natural Gas,152,384356.07,402488.95,18132.88,30,145,91,20.88,139115.72,34.56,62.54,26,0,0,152,0,Analysis of planned and balance expenditure (Sector wise),
quarterly_qpisr,2022-03,2021-22,Q4,Power,90,235734.35,298519.06,62784.71,28,80,59,36.69,190653.32,63.87,43.03,30,0,0,90,0,Analysis of planned and balance expenditure (Sector wise),
quarterly_qpisr,2022-03,2021-22,Q4,Railways,285,443040.1,721004.93,277964.83,205,166,151,67.6,359577.62,49.87,37.05,55,0,0,285,0,Analysis of planned and balance expenditure (Sector wise),
quarterly_qpisr,2022-03,2021-22,Q4,Roads & Highways,895,541169.55,577253.9,36084.35,168,477,337,41.01,381160.88,66.03,62.07,131,0,0,895,0,Analysis of planned and balance expenditure (Sector wise),
quarterly_qpisr,2022-03,2021-22,Q4,Shipping & Ports,1,5369.18,4633.81,-735.37,0,1,0,,2088.3,45.07,45.12,0,0,0,1,0,Analysis of planned and balance expenditure (Sector wise),
quarterly_qpisr,2022-03,2021-22,Q4,Social Justice,1,170.99,170.99,0.0,0,1,0,,73.8,43.16,,0,0,0,1,0,Analysis of planned and balance expenditure (Sector wise),
quarterly_qpisr,2022-03,2021-22,Q4,Steel,9,23509.07,30341.22,6832.15,2,9,5,46.2,23728.92,78.21,39.63,3,0,0,9,0,Analysis of planned and balance expenditure (Sector wise),
quarterly_qpisr,2022-03,2021-22,Q4,Telecommunications,3,14013.36,25373.62,11360.26,2,3,3,47.67,20826.31,82.08,81.33,0,0,0,3,0,Analysis of planned and balance expenditure (Sector wise),
quarterly_qpisr,2022-03,2021-22,Q4,Urban Development & Housing,29,291275.1,311689.57,20414.47,8,26,22,28.18,164280.17,52.71,53.93,6,0,0,29,0,Analysis of planned and balance expenditure (Sector wise),
quarterly_qpisr,2022-03,2021-22,Q4,Water Resources,43,24702.19,70243.27,45541.08,8,40,39,21.92,24936.85,35.5,44.07,7,0,0,43,0,Analysis of planned and balance expenditure (Sector wise),
quarterly_qpisr,2022-06,2022-23,Q1,Atomic Energy,5,116741.0,133269.0,16528.0,3,5,4,94.5,76702.25,57.55,71.06,0,0,0,5,0,Analysis of planned and balance expenditure (Sector wise),
quarterly_qpisr,2022-06,2022-23,Q1,Civil Aviation,25,15984.85,17234.63,1249.78,3,25,22,26.27,7675.77,44.54,61.42,0,0,0,25,0,Analysis of planned and balance expenditure (Sector wise),
quarterly_qpisr,2022-06,2022-23,Q1,Coal,120,166891.67,171303.93,4412.26,8,115,42,58.88,60756.05,35.47,41.28,1,0,0,120,0,Analysis of planned and balance expenditure (Sector wise),
quarterly_qpisr,2022-06,2022-23,Q1,Defence,1,246.31,200.0,-46.31,0,1,1,30.0,179.43,89.72,96.0,0,0,0,1,0,Analysis of planned and balance expenditure (Sector wise),
quarterly_qpisr,2022-06,2022-23,Q1,Education,21,9720.55,9560.75,-159.8,0,18,16,29.19,4511.42,47.19,45.14,1,0,0,21,0,Analysis of planned and balance expenditure (Sector wise),
quarterly_qpisr,2022-06,2022-23,Q1,Fertilizers & Chemicals,1,426.72,426.72,0.0,0,1,1,27.0,365.67,85.69,99.46,0,0,0,1,0,Analysis of planned and balance expenditure (Sector wise),
quarterly_qpisr,2022-06,2022-23,Q1,Finance,3,786.27,831.04,44.77,1,1,1,36.0,650.36,78.26,86.0,0,0,0,3,0,Analysis of planned and balance expenditure (Sector wise),
quarterly_qpisr,2022-06,2022-23,Q1,Health,28,13696.26,14200.97,504.71,13,15,13,38.15,10176.32,71.66,85.62,0,0,0,28,0,Analysis of planned and balance expenditure (Sector wise),
quarterly_qpisr,2022-06,2022-23,Q1,Home Affairs,5,2025.73,2546.47,520.74,3,5,5,23.2,1315.9,51.68,53.6,0,0,0,5,0,Analysis of planned and balance expenditure (Sector wise),
quarterly_qpisr,2022-06,2022-23,Q1,Industry & Commerce,4,26877.64,29123.24,2245.6,2,2,1,37.0,16398.52,56.31,29.85,0,0,0,4,0,Analysis of planned and balance expenditure (Sector wise),
quarterly_qpisr,2022-06,2022-23,Q1,Mines & Metals,6,7333.99,8585.67,1251.68,3,6,6,36.67,2392.3,27.86,26.34,0,0,0,6,0,Analysis of planned and balance expenditure (Sector wise),
quarterly_qpisr,2022-06,2022-23,Q1,North Eastern Region,1,151.33,151.33,0.0,0,0,0,,148.33,98.02,0.0,0,0,0,1,0,Analysis of planned and balance expenditure (Sector wise),
quarterly_qpisr,2022-06,2022-23,Q1,Petroleum & Natural Gas,154,380751.68,400647.02,19895.34,30,148,100,20.63,140304.57,35.02,60.19,12,0,0,154,0,Analysis of planned and balance expenditure (Sector wise),
quarterly_qpisr,2022-06,2022-23,Q1,Power,91,218428.0,283274.58,64846.58,31,87,68,33.68,183754.21,64.87,43.86,15,0,0,91,0,Analysis of planned and balance expenditure (Sector wise),
quarterly_qpisr,2022-06,2022-23,Q1,Railways,262,443530.53,715206.03,271675.5,188,157,144,67.59,348313.13,48.7,31.9,14,0,0,262,0,Analysis of planned and balance expenditure (Sector wise),
quarterly_qpisr,2022-06,2022-23,Q1,Roads & Highways,875,527057.71,577095.5,50037.79,159,622,483,41.27,361791.54,62.69,68.58,44,0,0,875,0,Analysis of planned and balance expenditure (Sector wise),
quarterly_qpisr,2022-06,2022-23,Q1,Shipping & Ports,1,5369.18,4633.81,-735.37,0,1,0,,2151.45,46.43,46.46,0,0,0,1,0,Analysis of planned and balance expenditure (Sector wise),
quarterly_qpisr,2022-06,2022-23,Q1,Social Justice,1,170.99,170.99,0.0,0,1,0,,73.8,43.16,,0,0,0,1,0,Analysis of planned and balance expenditure (Sector wise),
quarterly_qpisr,2022-06,2022-23,Q1,Steel,9,23919.19,30334.19,6415.0,1,9,4,52.75,22789.74,75.13,36.79,0,0,0,9,0,Analysis of planned and balance expenditure (Sector wise),
quarterly_qpisr,2022-06,2022-23,Q1,Telecommunications,3,14013.36,25373.62,11360.26,2,3,3,51.0,18126.37,71.44,82.17,0,0,0,3,0,Analysis of planned and balance expenditure (Sector wise),
quarterly_qpisr,2022-06,2022-23,Q1,Urban Development & Housing,27,284108.54,304526.01,20417.47,8,23,19,30.47,161537.15,53.05,46.17,0,0,0,27,0,Analysis of planned and balance expenditure (Sector wise),
quarterly_qpisr,2022-06,2022-23,Q1,Water Resources,41,23466.28,69181.3,45715.02,7,40,39,22.51,24512.05,35.43,50.21,0,0,0,41,0,Analysis of planned and balance expenditure (Sector wise),
quarterly_qpisr,2022-09,2022-23,Q2,Atomic Energy,5,116741.0,133269.0,16528.0,3,5,4,94.5,79131.15,59.38,71.8,0,0,0,5,0,Analysis of planned and balance expenditure (Sector wise),
quarterly_qpisr,2022-09,2022-23,Q2,Civil Aviation,25,15984.85,17572.54,1587.69,5,25,23,26.13,8633.17,49.13,65.91,0,0,0,25,0,Analysis of planned and balance expenditure (Sector wise),
quarterly_qpisr,2022-09,2022-23,Q2,Coal,122,168218.93,172645.43,4426.5,8,117,41,57.9,62687.39,36.31,40.66,1,0,0,122,0,Analysis of planned and balance expenditure (Sector wise),
quarterly_qpisr,2022-09,2022-23,Q2,Defence,1,246.31,200.0,-46.31,0,1,1,32.0,183.06,91.53,98.0,0,0,0,1,0,Analysis of planned and balance expenditure (Sector wise),
quarterly_qpisr,2022-09,2022-23,Q2,Education,20,9449.72,9347.3,-102.42,1,20,16,29.75,4516.66,48.32,40.49,1,0,0,20,0,Analysis of planned and balance expenditure (Sector wise),
quarterly_qpisr,2022-09,2022-23,Q2,Fertilizers & Chemicals,2,613.99,613.99,0.0,0,2,1,27.0,367.1,59.79,51.74,1,0,0,2,0,Analysis of planned and balance expenditure (Sector wise),
quarterly_qpisr,2022-09,2022-23,Q2,Finance,3,786.27,831.04,44.77,1,2,1,36.0,666.13,80.16,58.5,0,0,0,3,0,Analysis of planned and balance expenditure (Sector wise),
quarterly_qpisr,2022-09,2022-23,Q2,Health,28,13696.26,14200.97,504.71,13,18,13,38.77,10448.8,73.58,83.02,0,0,0,28,0,Analysis of planned and balance expenditure (Sector wise),
quarterly_qpisr,2022-09,2022-23,Q2,Home Affairs,5,2025.73,2546.47,520.74,3,5,5,27.6,1439.6,56.53,55.6,0,0,0,5,0,Analysis of planned and balance expenditure (Sector wise),
quarterly_qpisr,2022-09,2022-23,Q2,Industry & Commerce,4,26877.64,29123.24,2245.6,2,3,1,37.0,16239.71,55.76,43.21,1,0,0,4,0,Analysis of planned and balance expenditure (Sector wise),
quarterly_qpisr,2022-09,2022-23,Q2,Mines & Metals,7,7333.99,8585.77,1251.78,3,7,6,37.0,2718.92,31.67,24.28,0,0,0,7,0,Analysis of planned and balance expenditure (Sector wise),
quarterly_qpisr,2022-09,2022-23,Q2,North Eastern Region,1,151.33,151.33,0.0,0,1,0,,148.33,98.02,0.0,0,0,0,1,0,Analysis of planned and balance expenditure (Sector wise),
quarterly_qpisr,2022-09,2022-23,Q2,Petroleum & Natural Gas,146,371461.21,391613.18,20151.97,29,139,94,22.69,145183.5,37.07,58.34,18,0,0,146,0,Analysis of planned and balance expenditure (Sector wise),
quarterly_qpisr,2022-09,2022-23,Q2,Power,81,186484.75,239577.86,53093.11,25,79,57,37.05,145214.73,60.61,43.21,18,0,0,81,0,Analysis of planned and balance expenditure (Sector wise),
quarterly_qpisr,2022-09,2022-23,Q2,Railways,176,374606.22,626551.98,251945.76,131,138,121,63.18,350877.06,56.0,44.68,14,0,0,176,0,Analysis of planned and balance expenditure (Sector wise),
quarterly_qpisr,2022-09,2022-23,Q2,Roads & Highways,856,503954.47,536209.05,32254.58,152,623,494,39.9,329020.71,61.36,67.86,61,0,0,856,0,Analysis of planned and balance expenditure (Sector wise),
quarterly_qpisr,2022-09,2022-23,Q2,Shipping & Ports,1,5369.18,4633.81,-735.37,0,1,0,,2192.6,47.32,,0,0,0,1,0,Analysis of planned and balance expenditure (Sector wise),
quarterly_qpisr,2022-09,2022-23,Q2,Social Justice,1,170.99,170.99,0.0,0,1,0,,73.8,43.16,,0,0,0,1,0,Analysis of planned and balance expenditure (Sector wise),
quarterly_qpisr,2022-09,2022-23,Q2,Steel,9,23919.19,30334.19,6415.0,1,9,4,55.25,24035.9,79.24,38.72,0,0,0,9,0,Analysis of planned and balance expenditure (Sector wise),
quarterly_qpisr,2022-09,2022-23,Q2,Telecommunications,3,14043.62,14043.62,0.0,0,3,3,59.33,21827.3,155.43,83.0,0,0,0,3,0,Analysis of planned and balance expenditure (Sector wise),
quarterly_qpisr,2022-09,2022-23,Q2,Urban Development & Housing,29,285457.53,305875.0,20417.47,8,25,19,28.79,168296.76,55.02,53.04,1,0,0,29,0,Analysis of planned and balance expenditure (Sector wise),
quarterly_qpisr,2022-09,2022-23,Q2,Water Resources,41,23466.28,69354.43,45888.15,8,41,39,22.85,25508.22,36.78,55.22,0,0,0,41,0,Analysis of planned and balance expenditure (Sector wise),
quarterly_qpisr,2022-12,2022-23,Q3,Atomic Energy,5,116741.0,133439.0,16698.0,3,5,4,95.25,83343.72,62.46,,0,0,0,5,0,Analysis of planned and balance expenditure (Sector wise),
quarterly_qpisr,2022-12,2022-23,Q3,Civil Aviation,27,17788.85,19640.66,1851.81,6,27,25,26.44,9694.95,49.36,62.36,1,0,0,27,0,Analysis of planned and balance expenditure (Sector wise),
quarterly_qpisr,2022-12,2022-23,Q3,Coal,129,172842.73,178278.44,5435.71,8,117,43,56.91,66297.04,37.19,39.39,1,0,0,129,0,Analysis of planned and balance expenditure (Sector wise),
quarterly_qpisr,2022-12,2022-23,Q3,Defence,1,246.31,200.0,-46.31,0,1,1,35.0,185.17,92.58,99.8,0,0,0,1,0,Analysis of planned and balance expenditure (Sector wise),
quarterly_qpisr,2022-12,2022-23,Q3,Education,20,9449.72,9347.3,-102.42,1,19,15,34.73,5052.67,54.05,63.57,1,0,0,20,0,Analysis of planned and balance expenditure (Sector wise),
quarterly_qpisr,2022-12,2022-23,Q3,Fertilizers & Chemicals,1,187.27,187.27,0.0,0,1,0,,9.78,5.22,8.73,1,0,0,1,0,Analysis of planned and balance expenditure (Sector wise),
quarterly_qpisr,2022-12,2022-23,Q3,Finance,3,786.27,831.04,44.77,1,2,1,36.0,700.35,84.27,64.0,0,0,0,3,0,Analysis of planned and balance expenditure (Sector wise),
quarterly_qpisr,2022-12,2022-23,Q3,Health,28,13696.26,14200.97,504.71,13,18,15,35.73,10979.76,77.32,87.34,0,0,0,28,0,Analysis of planned and balance expenditure (Sector wise),
quarterly_qpisr,2022-12,2022-23,Q3,Home Affairs,5,2025.73,2717.45,691.72,3,5,5,29.4,1525.7,56.14,56.6,0,0,0,5,0,Analysis of planned and balance expenditure (Sector wise),
quarterly_qpisr,2022-12,2022-23,Q3,Industry & Commerce,3,25159.64,25564.64,405.0,1,3,1,37.0,13222.33,51.72,42.18,1,0,0,3,0,Analysis of planned and balance expenditure (Sector wise),
quarterly_qpisr,2022-12,2022-23,Q3,Mines & Metals,7,7333.99,8585.77,1251.78,3,7,7,35.86,2950.77,34.37,25.96,0,0,0,7,0,Analysis of planned and balance expenditure (Sector wise),
quarterly_qpisr,2022-12,2022-23,Q3,North Eastern Region,1,151.33,151.33,0.0,0,1,0,,148.33,98.02,0.0,0,0,0,1,0,Analysis of planned and balance expenditure (Sector wise),
quarterly_qpisr,2022-12,2022-23,Q3,Petroleum & Natural Gas,161,383481.08,403862.24,20381.16,30,158,92,23.82,155542.35,38.51,55.78,21,0,0,161,0,Analysis of planned and balance expenditure (Sector wise),
quarterly_qpisr,2022-12,2022-23,Q3,Power,82,185411.11,238500.63,53089.52,23,78,60,36.32,146130.6,63.55,0.0,19,0,0,82,0,Analysis of planned and balance expenditure (Sector wise),
quarterly_qpisr,2022-12,2022-23,Q3,Railways,173,372761.45,625491.15,252729.7,131,139,126,61.54,365079.88,58.37,47.97,14,0,0,173,0,Analysis of planned and balance expenditure (Sector wise),
quarterly_qpisr,2022-12,2022-23,Q3,Roads & Highways,847,499239.42,532380.33,33140.91,155,716,604,40.2,344263.06,64.66,70.85,167,0,0,847,0,Analysis of planned and balance expenditure (Sector wise),
quarterly_qpisr,2022-12,2022-23,Q3,Shipping & Ports,1,5369.18,4633.81,-735.37,0,1,0,,2228.66,48.1,48.58,0,0,0,1,0,Analysis of planned and balance expenditure (Sector wise),
quarterly_qpisr,2022-12,2022-23,Q3,Social Justice,1,170.99,170.99,0.0,0,1,0,,73.8,43.16,,0,0,0,1,0,Analysis of planned and balance expenditure (Sector wise),
quarterly_qpisr,2022-12,2022-23,Q3,Steel,9,23919.19,30334.19,6415.0,1,9,6,41.67,24574.89,81.01,40.95,0,0,0,9,0,Analysis of planned and balance expenditure (Sector wise),
quarterly_qpisr,2022-12,2022-23,Q3,Telecommunications,3,14043.62,14043.62,0.0,0,3,3,60.33,21847.86,155.57,86.67,0,0,0,3,0,Analysis of planned and balance expenditure (Sector wise),
quarterly_qpisr,2022-12,2022-23,Q3,Urban Development & Housing,27,284557.73,308822.53,24264.8,7,24,20,28.95,174088.12,56.37,53.63,3,0,0,27,0,Analysis of planned and balance expenditure (Sector wise),
quarterly_qpisr,2022-12,2022-23,Q3,Water Resources,41,23466.28,69354.43,45888.15,8,40,39,22.85,26105.04,37.64,56.76,0,0,0,41,0,Analysis of planned and balance expenditure (Sector wise),
quarterly_qpisr,2023-03,2022-23,Q4,Atomic Energy,5,116741.0,133439.0,16698.0,3,5,4,95.25,89567.07,67.12,73.21,0,0,0,5,0,Analysis of planned and balance expenditure (Sector wise),period_mismatch_cover
quarterly_qpisr,2023-03,2022-23,Q4,Civil Aviation,26,17350.57,19238.66,1888.09,6,26,25,26.76,10242.51,53.24,62.85,1,0,0,26,0,Analysis of planned and balance expenditure (Sector wise),period_mismatch_cover
quarterly_qpisr,2023-03,2022-23,Q4,Coal,122,170564.43,175705.59,5141.16,8,115,51,57.08,67527.58,38.43,40.28,1,0,0,122,0,Analysis of planned and balance expenditure (Sector wise),period_mismatch_cover
quarterly_qpisr,2023-03,2022-23,Q4,Defence,1,246.31,200.0,-46.31,0,1,1,37.0,185.84,92.92,99.8,0,0,0,1,0,Analysis of planned and balance expenditure (Sector wise),period_mismatch_cover
quarterly_qpisr,2023-03,2022-23,Q4,Education,21,9763.78,9589.2,-174.58,1,21,16,36.88,5908.27,61.61,51.17,1,0,0,21,0,Analysis of planned and balance expenditure (Sector wise),period_mismatch_cover
quarterly_qpisr,2023-03,2022-23,Q4,Fertilizers & Chemicals,1,187.27,187.27,0.0,0,1,0,,18.53,9.89,14.96,1,0,0,1,0,Analysis of planned and balance expenditure (Sector wise),period_mismatch_cover
quarterly_qpisr,2023-03,2022-23,Q4,Finance,3,786.27,831.04,44.77,1,2,1,36.0,710.63,85.51,65.5,0,0,0,3,0,Analysis of planned and balance expenditure (Sector wise),period_mismatch_cover
quarterly_qpisr,2023-03,2022-23,Q4,Health,29,14806.81,15311.52,504.71,13,21,17,34.88,11443.16,74.74,82.52,1,0,0,29,0,Analysis of planned and balance expenditure (Sector wise),period_mismatch_cover
quarterly_qpisr,2023-03,2022-23,Q4,Home Affairs,5,2025.73,2717.45,691.72,3,5,5,29.6,1596.72,58.76,23.3,0,0,0,5,0,Analysis of planned and balance expenditure (Sector wise),period_mismatch_cover
quarterly_qpisr,2023-03,2022-23,Q4,Industry & Commerce,3,25159.64,25564.64,405.0,1,3,1,43.0,13289.63,51.98,44.66,1,0,0,3,0,Analysis of planned and balance expenditure (Sector wise),period_mismatch_cover
quarterly_qpisr,2023-03,2022-23,Q4,Mines & Metals,7,7333.99,8585.77,1251.78,3,7,7,38.86,3537.33,41.2,28.66,0,0,0,7,0,Analysis of planned and balance expenditure (Sector wise),period_mismatch_cover
quarterly_qpisr,2023-03,2022-23,Q4,North Eastern Region,1,151.33,151.33,0.0,0,1,0,,148.33,98.02,0.0,0,0,0,1,0,Analysis of planned and balance expenditure (Sector wise),period_mismatch_cover
quarterly_qpisr,2023-03,2022-23,Q4,Petroleum & Natural Gas,160,387114.02,412230.39,25116.37,32,157,99,24.14,176091.79,42.72,59.3,36,0,0,160,0,Analysis of planned and balance expenditure (Sector wise),period_mismatch_cover
quarterly_qpisr,2023-03,2022-23,Q4,Power,82,187633.32,242956.44,55323.12,25,78,65,36.26,159998.55,65.85,53.29,22,0,0,82,0,Analysis of planned and balance expenditure (Sector wise),period_mismatch_cover
quarterly_qpisr,2023-03,2022-23,Q4,Railways,173,372761.45,627160.59,254399.14,131,141,128,63.3,384947.64,61.38,44.04,14,0,0,173,0,Analysis of planned and balance expenditure (Sector wise),period_mismatch_cover
quarterly_qpisr,2023-03,2022-23,Q4,Roads & Highways,846,498468.06,523273.4,24805.34,139,754,589,34.29,286015.69,54.66,69.17,247,0,0,846,0,Analysis of planned and balance expenditure (Sector wise),period_mismatch_cover
quarterly_qpisr,2023-03,2022-23,Q4,Shipping & Ports,1,5369.18,5362.27,-6.91,0,1,1,45.0,2385.81,44.49,52.1,0,0,0,1,0,Analysis of planned and balance expenditure (Sector wise),period_mismatch_cover
quarterly_qpisr,2023-03,2022-23,Q4,Social Justice,1,170.99,170.99,0.0,0,1,0,,73.8,43.16,,0,0,0,1,0,Analysis of planned and balance expenditure (Sector wise),period_mismatch_cover
quarterly_qpisr,2023-03,2022-23,Q4,Steel,9,23919.19,32363.08,8443.89,2,9,6,43.67,26035.75,80.45,43.29,1,0,0,9,0,Analysis of planned and balance expenditure (Sector wise),period_mismatch_cover
quarterly_qpisr,2023-03,2022-23,Q4,Telecommunications,3,14043.62,14043.62,0.0,0,3,3,61.0,22226.48,158.27,87.5,0,0,0,3,0,Analysis of planned and balance expenditure (Sector wise),period_mismatch_cover
quarterly_qpisr,2023-03,2022-23,Q4,Urban Development & Housing,26,284256.07,310757.09,26501.02,8,25,21,30.05,183318.33,58.99,31.91,3,0,0,26,0,Analysis of planned and balance expenditure (Sector wise),period_mismatch_cover
quarterly_qpisr,2023-03,2022-23,Q4,Water Resources,41,23466.28,69354.43,45888.15,8,40,40,24.48,26604.49,38.36,63.49,0,0,0,41,0,Analysis of planned and balance expenditure (Sector wise),period_mismatch_cover
quarterly_qpisr,2023-06,2023-24,Q1,Atomic Energy,5,116741.0,133439.0,16698.0,3,5,4,97.5,92161.81,69.07,74.17,0,0,0,5,0,Analysis of planned and balance expenditure (Sector wise),
quarterly_qpisr,2023-06,2023-24,Q1,Civil Aviation,27,17964.63,19854.46,1889.83,6,27,25,27.56,10235.17,51.55,66.64,0,0,0,27,0,Analysis of planned and balance expenditure (Sector wise),
quarterly_qpisr,2023-06,2023-24,Q1,Coal,124,171485.83,178755.13,7269.3,11,124,54,57.69,70524.3,39.45,42.02,0,0,0,124,0,Analysis of planned and balance expenditure (Sector wise),
quarterly_qpisr,2023-06,2023-24,Q1,Defence,1,246.31,195.0,-51.31,0,1,1,37.0,186.79,95.79,100.0,0,0,0,1,0,Analysis of planned and balance expenditure (Sector wise),
quarterly_qpisr,2023-06,2023-24,Q1,Education,21,9763.78,9708.12,-55.66,3,21,16,33.44,6117.75,63.02,65.62,0,0,0,21,0,Analysis of planned and balance expenditure (Sector wise),
quarterly_qpisr,2023-06,2023-24,Q1,Fertilizers & Chemicals,2,425.57,425.57,0.0,0,2,0,,19.2,4.51,16.0,0,0,0,2,0,Analysis of planned and balance expenditure (Sector wise),
quarterly_qpisr,2023-06,2023-24,Q1,Finance,3,786.27,831.04,44.77,1,3,2,24.0,718.78,86.49,66.67,0,0,0,3,0,Analysis of planned and balance expenditure (Sector wise),
quarterly_qpisr,2023-06,2023-24,Q1,Health,28,14103.81,14788.3,684.49,14,22,19,34.53,11119.27,75.19,89.49,20,0,0,28,0,Analysis of planned and balance expenditure (Sector wise),
quarterly_qpisr,2023-06,2023-24,Q1,Home Affairs,5,2025.73,2767.45,741.72,3,5,5,33.4,1978.79,71.5,60.8,0,0,0,5,0,Analysis of planned and balance expenditure (Sector wise),
quarterly_qpisr,2023-06,2023-24,Q1,Industry & Commerce,3,25159.64,25787.64,628.0,1,3,1,43.0,13755.68,53.34,46.42,0,0,0,3,0,Analysis of planned and balance expenditure (Sector wise),
quarterly_qpisr,2023-06,2023-24,Q1,Mines & Metals,7,7333.99,8585.77,1251.78,3,7,7,41.29,3779.13,44.02,31.13,0,0,0,7,0,Analysis of planned and balance expenditure (Sector wise),
quarterly_qpisr,2023-06,2023-24,Q1,North Eastern Region,1,151.33,151.33,0.0,0,1,0,,148.33,98.02,0.0,0,0,0,1,0,Analysis of planned and balance expenditure (Sector wise),
quarterly_qpisr,2023-06,2023-24,Q1,Petroleum & Natural Gas,162,374488.65,396409.3,21920.65,27,160,93,23.97,167714.87,42.31,53.67,10,0,0,162,0,Analysis of planned and balance expenditure (Sector wise),
quarterly_qpisr,2023-06,2023-24,Q1,Power,99,260727.65,315968.28,55240.63,23,99,66,37.02,169542.67,53.66,45.54,9,0,0,99,0,Analysis of planned and balance expenditure (Sector wise),
quarterly_qpisr,2023-06,2023-24,Q1,Railways,173,372761.45,637818.91,265057.46,133,142,126,62.06,405668.28,63.6,49.55,25,0,0,173,0,Analysis of planned and balance expenditure (Sector wise),
quarterly_qpisr,2023-06,2023-24,Q1,Roads & Highways,1010,747642.84,787781.51,40138.67,202,982,628,32.26,365432.24,46.39,62.5,18,0,0,1010,0,Analysis of planned and balance expenditure (Sector wise),
quarterly_qpisr,2023-06,2023-24,Q1,Shipping & Ports,1,5369.18,5362.27,-6.91,0,1,1,45.0,2463.52,45.94,,0,0,0,1,0,Analysis of planned and balance expenditure (Sector wise),
quarterly_qpisr,2023-06,2023-24,Q1,Social Justice,1,170.99,170.99,0.0,0,1,0,,73.8,43.16,,0,0,0,1,0,Analysis of planned and balance expenditure (Sector wise),
quarterly_qpisr,2023-06,2023-24,Q1,Steel,8,23656.32,32100.21,8443.89,2,8,5,48.2,26601.73,82.87,43.92,0,0,0,8,0,Analysis of planned and balance expenditure (Sector wise),
quarterly_qpisr,2023-06,2023-24,Q1,Telecommunications,4,14228.89,14228.89,0.0,0,4,3,65.67,22231.03,156.24,65.75,0,0,0,4,0,Analysis of planned and balance expenditure (Sector wise),
quarterly_qpisr,2023-06,2023-24,Q1,Urban Development & Housing,27,290964.07,317465.09,26501.02,8,26,21,31.38,186192.89,58.65,36.49,1,0,0,27,0,Analysis of planned and balance expenditure (Sector wise),
quarterly_qpisr,2023-06,2023-24,Q1,Water Resources,41,23466.28,69354.43,45888.15,8,41,30,26.2,27928.2,40.27,67.26,0,0,0,41,0,Analysis of planned and balance expenditure (Sector wise),
quarterly_qpisr,2023-09,2023-24,Q2,Atomic Energy,5,116741.0,136736.0,19995.0,3,5,4,97.5,95254.36,69.66,,0,0,0,5,0,Analysis of planned and balance expenditure (Sector wise),report_partial
quarterly_qpisr,2023-09,2023-24,Q2,Civil Aviation,28,18150.38,20178.54,2028.16,6,28,25,28.84,10523.57,56.76,,0,0,0,28,0,Analysis of planned and balance expenditure (Sector wise),report_partial
quarterly_qpisr,2023-09,2023-24,Q2,Coal,124,171485.83,178584.77,7098.94,9,124,54,57.98,64222.33,39.85,,0,0,0,124,0,Analysis of planned and balance expenditure (Sector wise),report_partial
quarterly_qpisr,2023-09,2023-24,Q2,Defence,1,246.31,200.0,-46.31,0,1,1,37.0,,,,0,0,0,1,0,Analysis of planned and balance expenditure (Sector wise),report_partial
quarterly_qpisr,2023-09,2023-24,Q2,Education,22,10276.15,10704.53,428.38,4,22,16,34.44,3993.17,56.16,,0,0,0,22,0,Analysis of planned and balance expenditure (Sector wise),report_partial
quarterly_qpisr,2023-09,2023-24,Q2,Fertilizers & Chemicals,2,425.57,425.57,0.0,0,2,0,,18.83,4.42,,0,0,0,2,0,Analysis of planned and balance expenditure (Sector wise),report_partial
quarterly_qpisr,2023-09,2023-24,Q2,Finance,3,786.27,786.27,0.0,0,3,2,24.0,,,,0,0,0,3,0,Analysis of planned and balance expenditure (Sector wise),report_partial
quarterly_qpisr,2023-09,2023-24,Q2,Health,8,6032.68,6164.59,131.91,2,8,5,24.8,2202.65,40.81,,0,0,0,8,0,Analysis of planned and balance expenditure (Sector wise),report_partial
quarterly_qpisr,2023-09,2023-24,Q2,Home Affairs,5,2025.73,2767.45,741.72,3,5,5,34.8,1938.31,75.48,,0,0,0,5,0,Analysis of planned and balance expenditure (Sector wise),report_partial
quarterly_qpisr,2023-09,2023-24,Q2,Industry & Commerce,3,25159.64,25159.64,0.0,0,3,0,,9713.21,48.36,,0,0,0,3,0,Analysis of planned and balance expenditure (Sector wise),report_partial
quarterly_qpisr,2023-09,2023-24,Q2,Mines & Metals,8,7559.78,9166.3,1606.52,3,8,7,42.0,4231.17,47.33,,0,0,0,8,0,Analysis of planned and balance expenditure (Sector wise),report_partial
quarterly_qpisr,2023-09,2023-24,Q2,North Eastern Region,1,151.33,151.33,0.0,0,1,0,,,,,0,0,0,1,0,Analysis of planned and balance expenditure (Sector wise),report_partial
quarterly_qpisr,2023-09,2023-24,Q2,Petroleum & Natural Gas,157,375607.66,400294.62,24686.96,25,157,89,24.03,172720.55,44.0,,0,0,0,157,0,Analysis of planned and balance expenditure (Sector wise),report_partial
quarterly_qpisr,2023-09,2023-24,Q2,Power,94,259890.62,314405.18,54514.56,18,94,62,36.58,168535.2,55.62,,0,0,0,94,0,Analysis of planned and balance expenditure (Sector wise),report_partial
quarterly_qpisr,2023-09,2023-24,Q2,Railways,236,404998.55,613845.87,208847.32,114,233,110,64.71,280466.59,59.43,,0,0,0,259,-23,Analysis of planned and balance expenditure (Sector wise),report_partial
quarterly_qpisr,2023-09,2023-24,Q2,Roads & Highways,1033,744859.34,786106.23,41246.89,201,1016,646,32.94,322530.09,48.48,,0,0,0,1041,-8,Analysis of planned and balance expenditure (Sector wise),report_partial;printed_code_conflict
quarterly_qpisr,2023-09,2023-24,Q2,Shipping & Ports,1,5369.18,5362.27,-6.91,0,1,1,45.0,2654.85,49.51,,0,0,0,1,0,Analysis of planned and balance expenditure (Sector wise),report_partial
quarterly_qpisr,2023-09,2023-24,Q2,Social Justice,1,170.99,170.99,0.0,0,1,0,,73.8,43.16,,0,0,0,1,0,Analysis of planned and balance expenditure (Sector wise),report_partial
quarterly_qpisr,2023-09,2023-24,Q2,Steel,8,23656.32,32100.21,8443.89,2,8,6,43.0,27093.09,84.4,,0,0,0,8,0,Analysis of planned and balance expenditure (Sector wise),report_partial
quarterly_qpisr,2023-09,2023-24,Q2,Telecommunications,6,39418.57,39418.57,0.0,0,6,3,65.67,22269.03,158.57,,0,0,0,6,0,Analysis of planned and balance expenditure (Sector wise),report_partial
quarterly_qpisr,2023-09,2023-24,Q2,Urban Development & Housing,25,279590.07,298598.37,19008.3,4,25,20,30.85,116360.04,49.43,,0,0,0,26,-1,Analysis of planned and balance expenditure (Sector wise),report_partial
quarterly_qpisr,2023-09,2023-24,Q2,Water Resources,41,23466.28,69476.62,46010.34,10,41,33,26.15,25048.38,39.81,,0,0,0,41,0,Analysis of planned and balance expenditure (Sector wise),report_partial
quarterly_qpisr,2023-12,2023-24,Q3,Atomic Energy,5,116741.0,136736.0,19995.0,3,5,4,115.5,99308.17,72.63,,0,0,0,5,0,Analysis of planned and balance expenditure (Sector wise),
quarterly_qpisr,2023-12,2023-24,Q3,Civil Aviation,30,19384.53,21412.69,2028.16,6,30,25,30.4,11062.25,60.02,,0,0,0,30,0,Analysis of planned and balance expenditure (Sector wise),
quarterly_qpisr,2023-12,2023-24,Q3,Coal,128,172617.83,179916.45,7298.62,9,128,53,57.09,65773.97,40.69,,0,0,0,128,0,Analysis of planned and balance expenditure (Sector wise),
quarterly_qpisr,2023-12,2023-24,Q3,Defence,1,246.31,200.0,-46.31,0,1,1,37.0,,,,0,0,0,1,0,Analysis of planned and balance expenditure (Sector wise),
quarterly_qpisr,2023-12,2023-24,Q3,Education,22,10276.15,10807.34,531.19,5,22,16,35.88,4354.16,56.36,,0,0,0,22,0,Analysis of planned and balance expenditure (Sector wise),
quarterly_qpisr,2023-12,2023-24,Q3,Finance,3,786.27,786.27,0.0,0,3,2,24.0,,,,0,0,0,3,0,Analysis of planned and balance expenditure (Sector wise),
quarterly_qpisr,2023-12,2023-24,Q3,Health,8,6032.68,6164.59,131.91,2,8,5,26.2,2496.81,46.26,,0,0,0,8,0,Analysis of planned and balance expenditure (Sector wise),
quarterly_qpisr,2023-12,2023-24,Q3,Home Affairs,5,2025.73,2958.98,933.25,3,5,5,36.2,1992.97,72.22,,0,0,0,5,0,Analysis of planned and balance expenditure (Sector wise),
quarterly_qpisr,2023-12,2023-24,Q3,Industry & Commerce,3,25159.64,25159.64,0.0,0,3,0,,9713.21,48.36,,0,0,0,3,0,Analysis of planned and balance expenditure (Sector wise),
quarterly_qpisr,2023-12,2023-24,Q3,Mines & Metals,8,7559.78,9788.7,2228.92,3,8,7,46.57,4520.4,47.27,,0,0,0,8,0,Analysis of planned and balance expenditure (Sector wise),
quarterly_qpisr,2023-12,2023-24,Q3,North Eastern Region,1,151.33,151.33,0.0,0,1,0,,,,,0,0,0,1,0,Analysis of planned and balance expenditure (Sector wise),
quarterly_qpisr,2023-12,2023-24,Q3,Petroleum & Natural Gas,161,416737.34,475787.11,59049.77,30,161,97,23.42,222287.84,47.31,,0,0,0,161,0,Analysis of planned and balance expenditure (Sector wise),
quarterly_qpisr,2023-12,2023-24,Q3,Power,99,263849.33,317391.63,53542.3,19,99,67,36.36,177456.8,57.48,,0,0,0,99,0,Analysis of planned and balance expenditure (Sector wise),
quarterly_qpisr,2023-12,2023-24,Q3,Railways,262,463411.44,698983.78,235572.34,135,235,114,65.36,316899.12,56.14,,0,0,0,262,0,Analysis of planned and balance expenditure (Sector wise),
quarterly_qpisr,2023-12,2023-24,Q3,Roads & Highways,1076,777611.09,817948.31,40337.22,191,1053,615,30.65,338919.75,47.54,,0,0,0,1076,0,Analysis of planned and balance expenditure (Sector wise),
quarterly_qpisr,2023-12,2023-24,Q3,Shipping & Ports,1,5369.18,5362.27,-6.91,0,1,1,33.0,2774.0,51.73,,0,0,0,1,0,Analysis of planned and balance expenditure (Sector wise),
quarterly_qpisr,2023-12,2023-24,Q3,Social Justice,1,170.99,170.99,0.0,0,1,0,,73.8,43.16,,0,0,0,1,0,Analysis of planned and balance expenditure (Sector wise),
quarterly_qpisr,2023-12,2023-24,Q3,Steel,9,8927.58,9780.55,852.97,2,9,5,34.4,4326.37,44.23,,0,0,0,9,0,Analysis of planned and balance expenditure (Sector wise),
quarterly_qpisr,2023-12,2023-24,Q3,Telecommunications,6,39418.57,39484.7,66.13,2,6,3,70.0,2232.43,8.84,,0,0,0,6,0,Analysis of planned and balance expenditure (Sector wise),
quarterly_qpisr,2023-12,2023-24,Q3,Urban Development & Housing,27,283820.79,302829.09,19008.3,4,26,20,31.7,131572.54,55.26,,0,0,0,27,0,Analysis of planned and balance expenditure (Sector wise),
quarterly_qpisr,2023-12,2023-24,Q3,Water Resources,41,23466.28,69305.6,45839.32,12,41,32,25.47,22512.85,37.6,,0,0,0,41,0,Analysis of planned and balance expenditure (Sector wise),
quarterly_qpisr,2024-03,2023-24,Q4,Atomic Energy,5,116741.0,136736.0,19995.0,3,5,4,115.5,104689.17,76.56,,0,0,0,5,0,"Annex 4: Sector-wise distribution - Ongoing Projects as of 4th quarter end, January-March (2023-24) (Rs.",
quarterly_qpisr,2024-03,2023-24,Q4,Civil Aviation,35,21483.03,24697.4,3214.37,7,35,25,32.2,10484.73,49.08,,0,5,0,35,0,"Annex 4: Sector-wise distribution - Ongoing Projects as of 4th quarter end, January-March (2023-24) (Rs.",
quarterly_qpisr,2024-03,2023-24,Q4,Coal,126,200441.11,207716.67,7275.56,8,126,52,59.69,68165.11,36.18,,2,2,0,120,6,"Annex 4: Sector-wise distribution - Ongoing Projects as of 4th quarter end, January-March (2023-24) (Rs.",
quarterly_qpisr,2024-03,2023-24,Q4,Defence,1,246.31,200.0,-46.31,0,1,1,37.0,,,,0,0,0,1,0,"Annex 4: Sector-wise distribution - Ongoing Projects as of 4th quarter end, January-March (2023-24) (Rs.",
quarterly_qpisr,2024-03,2023-24,Q4,Education,21,9846.15,10376.91,530.76,5,21,16,36.44,4848.65,73.02,,0,0,0,21,0,"Annex 4: Sector-wise distribution - Ongoing Projects as of 4th quarter end, January-March (2023-24) (Rs.",
quarterly_qpisr,2024-03,2023-24,Q4,Finance,3,786.27,786.27,0.0,0,3,2,24.0,,,,0,0,0,3,0,"Annex 4: Sector-wise distribution - Ongoing Projects as of 4th quarter end, January-March (2023-24) (Rs.",
quarterly_qpisr,2024-03,2023-24,Q4,Health,9,7327.02,7722.73,395.71,4,9,8,35.25,4052.48,53.83,,1,1,0,8,1,"Annex 4: Sector-wise distribution - Ongoing Projects as of 4th quarter end, January-March (2023-24) (Rs.",
quarterly_qpisr,2024-03,2023-24,Q4,Home Affairs,5,2025.73,2958.98,933.25,3,5,5,38.8,2186.19,79.22,,0,0,0,5,0,"Annex 4: Sector-wise distribution - Ongoing Projects as of 4th quarter end, January-March (2023-24) (Rs.",
quarterly_qpisr,2024-03,2023-24,Q4,Industry & Commerce,2,24857.0,25485.0,628.0,1,2,1,52.0,14373.98,56.4,,0,0,0,2,0,"Annex 4: Sector-wise distribution - Ongoing Projects as of 4th quarter end, January-March (2023-24) (Rs.",
quarterly_qpisr,2024-03,2023-24,Q4,Mines & Metals,8,7559.78,9788.7,2228.92,3,8,7,46.86,4957.85,51.84,,0,0,0,8,0,"Annex 4: Sector-wise distribution - Ongoing Projects as of 4th quarter end, January-March (2023-24) (Rs.",
quarterly_qpisr,2024-03,2023-24,Q4,North Eastern Region,1,151.33,151.33,0.0,0,1,0,,,,,0,0,0,1,0,"Annex 4: Sector-wise distribution - Ongoing Projects as of 4th quarter end, January-March (2023-24) (Rs.",
quarterly_qpisr,2024-03,2023-24,Q4,Petroleum & Natural Gas,161,414707.37,478590.76,63883.39,32,161,97,23.36,236163.39,50.42,,29,4,0,131,30,"Annex 4: Sector-wise distribution - Ongoing Projects as of 4th quarter end, January-March (2023-24) (Rs.",
quarterly_qpisr,2024-03,2023-24,Q4,Power,106,272599.65,326100.18,53500.53,17,106,69,37.77,186109.07,59.3,,4,7,0,102,4,"Annex 4: Sector-wise distribution - Ongoing Projects as of 4th quarter end, January-March (2023-24) (Rs.",
quarterly_qpisr,2024-03,2023-24,Q4,Railways,249,444073.55,667673.7,223600.15,136,226,122,64.33,319209.59,56.98,,0,0,0,248,1,"Annex 4: Sector-wise distribution - Ongoing Projects as of 4th quarter end, January-March (2023-24) (Rs.",
quarterly_qpisr,2024-03,2023-24,Q4,Roads & Highways,1130,867946.7,910309.61,42362.91,216,1112,627,30.64,353575.19,46.93,,29,104,0,1093,37,"Annex 4: Sector-wise distribution - Ongoing Projects as of 4th quarter end, January-March (2023-24) (Rs.",
quarterly_qpisr,2024-03,2023-24,Q4,Shipping & Ports,1,5369.18,5061.15,-308.03,0,1,1,33.0,2924.12,57.78,,0,0,0,1,0,"Annex 4: Sector-wise distribution - Ongoing Projects as of 4th quarter end, January-March (2023-24) (Rs.",
quarterly_qpisr,2024-03,2023-24,Q4,Social Justice,1,170.99,170.99,0.0,0,1,0,,73.8,43.16,,0,0,0,1,0,"Annex 4: Sector-wise distribution - Ongoing Projects as of 4th quarter end, January-March (2023-24) (Rs.",
quarterly_qpisr,2024-03,2023-24,Q4,Steel,13,11827.6,12680.57,852.97,2,13,6,31.17,5237.65,41.3,,0,4,0,12,1,"Annex 4: Sector-wise distribution - Ongoing Projects as of 4th quarter end, January-March (2023-24) (Rs.",
quarterly_qpisr,2024-03,2023-24,Q4,Telecommunications,7,40229.56,40295.69,66.13,2,7,3,70.67,2474.42,9.46,,0,1,0,7,0,"Annex 4: Sector-wise distribution - Ongoing Projects as of 4th quarter end, January-March (2023-24) (Rs.",
quarterly_qpisr,2024-03,2023-24,Q4,Urban Development & Housing,27,283820.79,288689.09,4868.3,3,26,21,30.62,112777.32,55.74,,0,0,0,27,0,"Annex 4: Sector-wise distribution - Ongoing Projects as of 4th quarter end, January-March (2023-24) (Rs.",
quarterly_qpisr,2024-03,2023-24,Q4,Water Resources,41,23466.28,69304.57,45838.29,12,41,32,26.03,22181.0,37.48,,0,0,0,41,0,"Annex 4: Sector-wise distribution - Ongoing Projects as of 4th quarter end, January-March (2023-24) (Rs.",
quarterly_qpisr,2024-06,2024-25,Q1,Atomic Energy,5,116741.0,171625.0,54884.0,4,5,4,116.25,107658.72,62.73,78.05,0,0,0,5,0,Overview of Ongoing Projects: Sector-wise Distribution,
quarterly_qpisr,2024-06,2024-25,Q1,Civil Aviation,37,22130.27,26152.16,4021.89,14,37,27,31.7,14856.06,56.81,61.6,0,2,0,37,0,Overview of Ongoing Projects: Sector-wise Distribution,
quarterly_qpisr,2024-06,2024-25,Q1,Coal,121,191913.57,193743.83,1830.26,8,121,58,53.45,71533.93,36.92,40.55,2,1,3,121,0,Overview of Ongoing Projects: Sector-wise Distribution,
quarterly_qpisr,2024-06,2024-25,Q1,Defence,1,246.31,195.0,-51.31,0,1,1,37.0,185.84,95.3,100.0,1,0,0,1,0,Overview of Ongoing Projects: Sector-wise Distribution,
quarterly_qpisr,2024-06,2024-25,Q1,Education,21,9846.15,10504.22,658.07,6,21,15,38.13,7196.37,68.51,83.89,1,0,0,21,0,Overview of Ongoing Projects: Sector-wise Distribution,
quarterly_qpisr,2024-06,2024-25,Q1,Finance,3,786.27,831.04,44.77,1,3,2,24.0,605.39,72.85,95.0,1,0,0,3,0,Overview of Ongoing Projects: Sector-wise Distribution,
quarterly_qpisr,2024-06,2024-25,Q1,Health,8,7132.02,7298.72,166.7,4,8,8,32.88,4188.91,57.39,65.34,0,0,0,8,0,Overview of Ongoing Projects: Sector-wise Distribution,
quarterly_qpisr,2024-06,2024-25,Q1,Home Affairs,5,2025.73,2958.98,933.25,3,5,5,39.4,2312.7,78.16,80.0,0,0,0,5,0,Overview of Ongoing Projects: Sector-wise Distribution,
quarterly_qpisr,2024-06,2024-25,Q1,Industry & Commerce,2,24857.0,25485.0,628.0,1,2,1,54.0,14427.97,56.61,73.2,0,0,0,2,0,Overview of Ongoing Projects: Sector-wise Distribution,
quarterly_qpisr,2024-06,2024-25,Q1,Mines & Metals,8,7559.78,9833.57,2273.79,4,8,8,43.38,5078.68,51.65,58.44,0,0,0,8,0,Overview of Ongoing Projects: Sector-wise Distribution,
quarterly_qpisr,2024-06,2024-25,Q1,North Eastern Region,1,151.33,151.33,0.0,0,1,0,,148.33,98.02,98.5,0,0,0,1,0,Overview of Ongoing Projects: Sector-wise Distribution,
quarterly_qpisr,2024-06,2024-25,Q1,Petroleum & Natural Gas,144,477941.48,543050.88,65109.4,31,144,93,21.89,244891.07,45.1,57.17,27,13,0,144,0,Overview of Ongoing Projects: Sector-wise Distribution,
quarterly_qpisr,2024-06,2024-25,Q1,Power,110,319297.41,375184.09,55886.68,21,110,61,39.26,196877.35,52.47,42.68,2,9,0,110,0,Overview of Ongoing Projects: Sector-wise Distribution,
quarterly_qpisr,2024-06,2024-25,Q1,Railways,249,444423.55,695926.41,251502.86,150,226,122,66.3,413522.46,59.42,41.09,12,1,6,249,0,Overview of Ongoing Projects: Sector-wise Distribution,
quarterly_qpisr,2024-06,2024-25,Q1,Roads & Highways,1127,866472.11,918346.52,51874.41,230,1116,723,30.3,446430.43,48.61,62.11,59,30,9,1127,0,Overview of Ongoing Projects: Sector-wise Distribution,
quarterly_qpisr,2024-06,2024-25,Q1,Shipping & Ports,1,5369.18,5061.15,-308.03,0,1,1,33.0,3004.09,59.36,59.39,0,0,0,1,0,Overview of Ongoing Projects: Sector-wise Distribution,
quarterly_qpisr,2024-06,2024-25,Q1,Social Justice,1,170.99,170.99,0.0,0,1,0,,73.8,43.16,74.0,0,0,0,1,0,Overview of Ongoing Projects: Sector-wise Distribution,
quarterly_qpisr,2024-06,2024-25,Q1,Steel,13,11545.73,12171.6,625.87,1,13,5,35.8,5456.09,44.83,39.39,0,1,0,13,0,Overview of Ongoing Projects: Sector-wise Distribution,
quarterly_qpisr,2024-06,2024-25,Q1,Telecommunications,7,40229.56,61915.14,21685.58,3,7,4,57.75,25382.49,41.0,61.55,0,0,0,7,0,Overview of Ongoing Projects: Sector-wise Distribution,
quarterly_qpisr,2024-06,2024-25,Q1,Urban Development & Housing,28,284730.97,310151.53,25420.56,7,27,21,31.52,202109.78,65.16,60.55,0,1,0,28,0,Overview of Ongoing Projects: Sector-wise Distribution,
quarterly_qpisr,2024-06,2024-25,Q1,Water Resources,41,23466.28,69700.98,46234.7,9,41,35,28.49,29169.06,41.85,74.34,0,0,0,41,0,Overview of Ongoing Projects: Sector-wise Distribution,
quarterly_qpisr,2024-09,2024-25,Q2,Atomic Energy,5,116741.0,171625.0,54884.0,4,5,4,116.25,111309.72,64.86,79.16,0,0,0,5,0,Overview of Ongoing Projects: Sector-wise Distribution,
quarterly_qpisr,2024-09,2024-25,Q2,Civil Aviation,40,26490.58,30520.47,4029.89,14,40,28,32.36,15686.81,51.4,60.86,0,3,0,40,0,Overview of Ongoing Projects: Sector-wise Distribution,
quarterly_qpisr,2024-09,2024-25,Q2,Coal,122,195477.97,200114.72,4636.75,5,122,57,53.04,72041.18,36.0,39.99,1,6,11,122,0,Overview of Ongoing Projects: Sector-wise Distribution,
quarterly_qpisr,2024-09,2024-25,Q2,Education,20,9680.92,10338.99,658.07,6,20,15,39.73,7197.74,69.62,84.38,0,0,0,20,0,Overview of Ongoing Projects: Sector-wise Distribution,
quarterly_qpisr,2024-09,2024-25,Q2,Finance,2,577.27,569.04,-8.23,0,2,1,12.0,399.67,70.24,92.5,0,0,0,2,0,Overview of Ongoing Projects: Sector-wise Distribution,
quarterly_qpisr,2024-09,2024-25,Q2,Health,9,7561.27,7727.97,166.7,4,9,8,33.75,4451.07,57.6,59.55,0,1,0,9,0,Overview of Ongoing Projects: Sector-wise Distribution,
quarterly_qpisr,2024-09,2024-25,Q2,Home Affairs,5,2025.73,2946.0,920.27,2,5,5,40.4,2387.61,81.05,83.2,0,0,0,5,0,Overview of Ongoing Projects: Sector-wise Distribution,
quarterly_qpisr,2024-09,2024-25,Q2,Industry & Commerce,2,24857.0,25485.0,628.0,1,2,1,58.0,14507.93,56.93,74.14,0,0,0,2,0,Overview of Ongoing Projects: Sector-wise Distribution,
quarterly_qpisr,2024-09,2024-25,Q2,Mines & Metals,8,7559.78,9833.57,2273.79,4,8,8,45.12,5254.56,53.43,60.81,0,0,0,8,0,Overview of Ongoing Projects: Sector-wise Distribution,
quarterly_qpisr,2024-09,2024-25,Q2,North Eastern Region,1,151.33,151.33,0.0,0,1,0,,148.33,98.02,98.5,0,0,0,1,0,Overview of Ongoing Projects: Sector-wise Distribution,
quarterly_qpisr,2024-09,2024-25,Q2,Petroleum & Natural Gas,124,461405.12,531168.23,69763.11,29,124,76,22.84,247592.22,46.61,49.38,1,7,0,124,0,Overview of Ongoing Projects: Sector-wise Distribution,
quarterly_qpisr,2024-09,2024-25,Q2,Power,114,330019.51,394674.35,64654.84,22,114,66,36.83,202919.09,51.41,45.19,15,6,0,114,0,Overview of Ongoing Projects: Sector-wise Distribution,
quarterly_qpisr,2024-09,2024-25,Q2,Railways,232,430032.59,682562.58,252529.99,144,212,111,65.84,421826.32,61.8,41.34,0,1,0,232,0,Overview of Ongoing Projects: Sector-wise Distribution,
quarterly_qpisr,2024-09,2024-25,Q2,Roads & Highways,1085,833088.13,886797.38,53709.25,220,1069,708,29.47,430165.24,48.51,62.84,32,19,8,1085,0,Overview of Ongoing Projects: Sector-wise Distribution,
quarterly_qpisr,2024-09,2024-25,Q2,Shipping & Ports,1,5369.18,5061.15,-308.03,0,1,1,33.0,3078.56,60.83,61.04,0,0,0,1,0,Overview of Ongoing Projects: Sector-wise Distribution,
quarterly_qpisr,2024-09,2024-25,Q2,Social Justice,1,170.99,170.99,0.0,0,1,0,,73.8,43.16,74.0,0,0,0,1,0,Overview of Ongoing Projects: Sector-wise Distribution,
quarterly_qpisr,2024-09,2024-25,Q2,Steel,13,11545.73,12171.6,625.87,1,13,5,37.2,5901.14,48.48,44.62,1,0,0,13,0,Overview of Ongoing Projects: Sector-wise Distribution,
quarterly_qpisr,2024-09,2024-25,Q2,Telecommunications,7,40295.69,61903.34,21607.65,1,7,5,48.8,27091.44,43.76,58.95,0,0,1,7,0,Overview of Ongoing Projects: Sector-wise Distribution,
quarterly_qpisr,2024-09,2024-25,Q2,Urban Development & Housing,30,287043.72,312556.91,25513.19,8,29,21,33.48,207500.49,66.39,56.02,0,2,0,30,0,Overview of Ongoing Projects: Sector-wise Distribution,
quarterly_qpisr,2024-09,2024-25,Q2,Water Resources,41,23466.28,70077.27,46610.99,11,41,40,29.72,29484.5,42.07,77.2,0,0,0,41,0,Overview of Ongoing Projects: Sector-wise Distribution,
quarterly_qpisr,2024-12,2024-25,Q3,Atomic Energy,5,116741.0,171625.0,54884.0,4,5,4,116.25,111309.72,64.86,0.0,0,0,5,5,0,Overview of Ongoing Projects: Sector-wise Distribution,
quarterly_qpisr,2024-12,2024-25,Q3,Civil Aviation,41,28039.58,32092.62,4053.04,14,41,28,33.61,17066.15,53.18,63.9,0,2,0,41,0,Overview of Ongoing Projects: Sector-wise Distribution,
quarterly_qpisr,2024-12,2024-25,Q3,Coal,117,193520.17,201715.93,8195.76,6,117,48,52.52,73538.65,36.46,40.97,3,0,0,117,0,Overview of Ongoing Projects: Sector-wise Distribution,
quarterly_qpisr,2024-12,2024-25,Q3,Education,20,9680.92,10127.07,446.15,6,20,16,40.06,7295.17,72.04,80.42,0,0,0,20,0,Overview of Ongoing Projects: Sector-wise Distribution,
quarterly_qpisr,2024-12,2024-25,Q3,Finance,2,577.27,569.04,-8.23,0,2,1,12.0,399.67,70.24,92.5,0,1,0,2,0,Overview of Ongoing Projects: Sector-wise Distribution,
quarterly_qpisr,2024-12,2024-25,Q3,Health,9,7561.27,7727.97,166.7,4,9,8,35.75,4785.19,61.92,61.06,0,0,1,9,0,Overview of Ongoing Projects: Sector-wise Distribution,
quarterly_qpisr,2024-12,2024-25,Q3,Home Affairs,5,2025.73,2949.25,923.52,3,5,5,42.8,2437.36,82.64,84.26,0,0,0,5,0,Overview of Ongoing Projects: Sector-wise Distribution,
quarterly_qpisr,2024-12,2024-25,Q3,Industry & Commerce,2,24857.0,25485.0,628.0,1,2,1,59.0,15089.57,59.21,74.96,0,0,0,2,0,Overview of Ongoing Projects: Sector-wise Distribution,
quarterly_qpisr,2024-12,2024-25,Q3,Mines & Metals,8,7559.78,9833.57,2273.79,4,8,8,45.12,5503.39,55.97,61.94,0,0,0,8,0,Overview of Ongoing Projects: Sector-wise Distribution,
quarterly_qpisr,2024-12,2024-25,Q3,North Eastern Region,1,151.33,151.33,0.0,0,1,0,,148.33,98.02,98.5,0,0,0,1,0,Overview of Ongoing Projects: Sector-wise Distribution,
quarterly_qpisr,2024-12,2024-25,Q3,Petroleum & Natural Gas,125,463657.12,533406.23,69749.11,30,125,78,23.56,265372.13,49.75,51.91,4,1,2,125,0,Overview of Ongoing Projects: Sector-wise Distribution,
quarterly_qpisr,2024-12,2024-25,Q3,Power,99,322012.86,394752.54,72739.68,20,98,64,39.14,216150.77,54.76,54.09,6,13,0,99,0,Overview of Ongoing Projects: Sector-wise Distribution,
quarterly_qpisr,2024-12,2024-25,Q3,Railways,234,430844.69,691469.52,260624.83,147,213,114,66.72,450161.97,65.1,39.76,16,10,5,234,0,Overview of Ongoing Projects: Sector-wise Distribution,
quarterly_qpisr,2024-12,2024-25,Q3,Roads & Highways,1096,837030.44,886215.65,49185.21,212,1077,710,29.36,437163.24,49.33,64.23,62,2,18,1096,0,Overview of Ongoing Projects: Sector-wise Distribution,
quarterly_qpisr,2024-12,2024-25,Q3,Shipping & Ports,1,5369.18,5061.15,-308.03,0,1,1,33.0,3195.05,63.13,63.4,0,0,0,1,0,Overview of Ongoing Projects: Sector-wise Distribution,
quarterly_qpisr,2024-12,2024-25,Q3,Social Justice,1,170.99,170.99,0.0,0,1,0,,73.8,43.16,74.0,0,0,0,1,0,Overview of Ongoing Projects: Sector-wise Distribution,
quarterly_qpisr,2024-12,2024-25,Q3,Steel,12,11337.99,12682.15,1344.16,2,12,5,38.2,6231.62,49.14,46.73,0,0,0,12,0,Overview of Ongoing Projects: Sector-wise Distribution,
quarterly_qpisr,2024-12,2024-25,Q3,Telecommunications,6,26961.69,26949.89,-11.8,0,6,4,36.0,6614.97,24.55,83.67,0,0,0,6,0,Overview of Ongoing Projects: Sector-wise Distribution,
quarterly_qpisr,2024-12,2024-25,Q3,Urban Development & Housing,31,289998.25,315511.44,25513.19,8,30,21,35.43,212347.51,67.3,59.54,4,9,0,31,0,Overview of Ongoing Projects: Sector-wise Distribution,
quarterly_qpisr,2024-12,2024-25,Q3,Water Resources,41,23466.28,70139.55,46673.27,11,41,40,31.42,29717.76,42.37,78.32,1,19,5,41,0,Overview of Ongoing Projects: Sector-wise Distribution,
quarterly_qpisr,2025-03,2024-25,Q4,Civil Aviation,41,28200.17,32097.25,3897.08,15,41,27,35.26,18637.74,58.07,67.75,0,0,0,41,0,Overview of Ongoing Projects: Sector-wise Distribution,
quarterly_qpisr,2025-03,2024-25,Q4,Coal,121,208420.76,218842.29,10421.53,31,121,41,55.07,76381.85,35.86,36.18,2,7,6,121,0,Overview of Ongoing Projects: Sector-wise Distribution,
quarterly_qpisr,2025-03,2024-25,Q4,Education,20,9680.92,10127.07,446.15,6,20,17,40.47,7619.19,75.24,81.49,0,0,0,20,0,Overview of Ongoing Projects: Sector-wise Distribution,
quarterly_qpisr,2025-03,2024-25,Q4,Finance,2,577.27,569.04,-8.23,0,2,1,12.0,399.67,70.24,92.5,0,0,0,2,0,Overview of Ongoing Projects: Sector-wise Distribution,
quarterly_qpisr,2025-03,2024-25,Q4,Health,8,7301.27,7356.19,54.92,3,8,7,32.14,5008.24,68.08,69.68,0,0,0,8,0,Overview of Ongoing Projects: Sector-wise Distribution,
quarterly_qpisr,2025-03,2024-25,Q4,Home Affairs,5,2025.73,2949.25,923.52,3,5,5,43.8,2466.6,83.63,86.8,0,0,0,5,0,Overview of Ongoing Projects: Sector-wise Distribution,
quarterly_qpisr,2025-03,2024-25,Q4,Industry & Commerce,2,24857.0,32085.0,7228.0,2,2,2,62.0,16191.57,50.46,75.5,0,0,0,2,0,Overview of Ongoing Projects: Sector-wise Distribution,
quarterly_qpisr,2025-03,2024-25,Q4,Mines & Metals,8,7559.78,9845.57,2285.79,5,8,8,46.25,5942.89,60.36,63.58,0,0,0,8,0,Overview of Ongoing Projects: Sector-wise Distribution,
quarterly_qpisr,2025-03,2024-25,Q4,North Eastern Region,1,151.33,151.33,0.0,0,1,0,,148.33,98.02,100.0,1,0,0,1,0,Overview of Ongoing Projects: Sector-wise Distribution,
quarterly_qpisr,2025-03,2024-25,Q4,Petroleum & Natural Gas,120,461468.84,530927.43,69458.59,31,120,77,23.78,277185.67,52.82,58.6,11,1,0,120,0,Overview of Ongoing Projects: Sector-wise Distribution,
quarterly_qpisr,2025-03,2024-25,Q4,Power,104,371711.68,455417.51,83705.83,22,104,68,38.71,239377.36,54.76,53.35,6,11,0,104,0,Overview of Ongoing Projects: Sector-wise Distribution,
quarterly_qpisr,2025-03,2024-25,Q4,Railways,213,412942.26,657653.93,244711.67,133,195,109,63.54,443485.55,69.62,40.66,0,0,0,213,0,Overview of Ongoing Projects: Sector-wise Distribution,
quarterly_qpisr,2025-03,2024-25,Q4,Roads & Highways,1045,805431.81,850316.63,44884.82,206,1032,663,29.05,432686.76,53.13,67.18,37,19,2,1045,0,Overview of Ongoing Projects: Sector-wise Distribution,
quarterly_qpisr,2025-03,2024-25,Q4,Shipping & Ports,1,5369.18,5061.15,-308.03,0,1,1,33.0,3397.03,67.12,67.98,0,0,0,1,0,Overview of Ongoing Projects: Sector-wise Distribution,
quarterly_qpisr,2025-03,2024-25,Q4,Social Justice,1,170.99,170.99,0.0,0,1,0,,73.8,43.16,74.0,0,0,0,1,0,Overview of Ongoing Projects: Sector-wise Distribution,
quarterly_qpisr,2025-03,2024-25,Q4,Steel,13,12381.62,16313.15,3931.53,4,13,6,32.17,7335.71,44.97,49.22,0,1,0,13,0,Overview of Ongoing Projects: Sector-wise Distribution,
quarterly_qpisr,2025-03,2024-25,Q4,Telecommunications,6,26961.69,26949.89,-11.8,0,6,4,37.75,9132.74,33.89,91.78,0,0,0,6,0,Overview of Ongoing Projects: Sector-wise Distribution,
quarterly_qpisr,2025-03,2024-25,Q4,Urban Development & Housing,27,265881.46,286578.3,20696.84,6,26,18,38.0,201259.87,70.35,53.28,0,0,0,27,0,Overview of Ongoing Projects: Sector-wise Distribution,
quarterly_qpisr,2025-03,2024-25,Q4,Water Resources,35,21815.94,68489.21,46673.27,11,35,35,31.77,31509.48,46.45,90.0,20,0,0,35,0,Overview of Ongoing Projects: Sector-wise Distribution,
quarterly_qpisr,2025-06,2025-26,Q1,Civil Aviation,41,28200.17,32130.66,3930.49,15,41,28,34.64,19569.62,60.91,70.64,3,0,0,41,0,Overview of Ongoing Projects: Sector-wise Distribution,
quarterly_qpisr,2025-06,2025-26,Q1,Coal,117,189934.94,199308.23,9373.29,28,117,39,51.69,69601.23,35.94,37.48,1,4,0,117,0,Overview of Ongoing Projects: Sector-wise Distribution,
quarterly_qpisr,2025-06,2025-26,Q1,Education,20,9680.92,10271.25,590.33,8,20,17,42.53,7214.67,70.24,88.2,0,0,0,20,0,Overview of Ongoing Projects: Sector-wise Distribution,
quarterly_qpisr,2025-06,2025-26,Q1,Finance,2,577.27,569.04,-8.23,0,2,1,12.0,399.67,70.24,92.5,0,0,0,2,0,Overview of Ongoing Projects: Sector-wise Distribution,
quarterly_qpisr,2025-06,2025-26,Q1,Health,8,7301.27,7356.19,54.92,3,8,7,34.0,5137.01,69.83,71.48,1,0,0,8,0,Overview of Ongoing Projects: Sector-wise Distribution,
quarterly_qpisr,2025-06,2025-26,Q1,Home Affairs,5,2025.73,2949.25,923.52,3,5,5,44.2,2489.5,84.41,92.7,2,0,0,5,0,Overview of Ongoing Projects: Sector-wise Distribution,
quarterly_qpisr,2025-06,2025-26,Q1,Industry & Commerce,2,24857.0,32085.0,7228.0,2,2,2,56.0,16231.95,50.59,75.5,0,0,0,2,0,Overview of Ongoing Projects: Sector-wise Distribution,
quarterly_qpisr,2025-06,2025-26,Q1,Mines & Metals,8,7559.78,9845.57,2285.79,5,8,8,50.38,6076.89,61.72,65.14,0,0,0,8,0,Overview of Ongoing Projects: Sector-wise Distribution,
quarterly_qpisr,2025-06,2025-26,Q1,Petroleum & Natural Gas,109,427628.1,489828.88,62200.78,28,109,66,25.02,253857.11,52.49,60.01,7,0,0,109,0,Overview of Ongoing Projects: Sector-wise Distribution,
quarterly_qpisr,2025-06,2025-26,Q1,Power,115,388655.2,476127.63,87472.43,27,115,71,36.2,250456.46,52.78,48.56,7,17,3,115,0,Overview of Ongoing Projects: Sector-wise Distribution,
quarterly_qpisr,2025-06,2025-26,Q1,Railways,214,632832.03,659838.53,27006.5,78,213,100,26.26,459488.42,71.32,45.03,11,1,0,214,0,Overview of Ongoing Projects: Sector-wise Distribution,
quarterly_qpisr,2025-06,2025-26,Q1,Roads & Highways,1023,793179.02,836967.98,43788.96,195,1009,660,29.48,433508.0,53.84,67.64,81,17,9,1023,0,Overview of Ongoing Projects: Sector-wise Distribution,
quarterly_qpisr,2025-06,2025-26,Q1,Shipping & Ports,1,5369.18,5061.15,-308.03,0,1,1,33.0,3472.54,68.61,69.48,0,0,0,1,0,Overview of Ongoing Projects: Sector-wise Distribution,
quarterly_qpisr,2025-06,2025-26,Q1,Social Justice,1,170.99,170.99,0.0,0,1,0,,162.63,95.11,100.0,1,0,0,1,0,Overview of Ongoing Projects: Sector-wise Distribution,
quarterly_qpisr,2025-06,2025-26,Q1,Steel,20,16297.2,20228.73,3931.53,4,20,7,28.29,8030.85,40.95,36.84,0,7,0,20,0,Overview of Ongoing Projects: Sector-wise Distribution,
quarterly_qpisr,2025-06,2025-26,Q1,Telecommunications,6,26961.69,26949.89,-11.8,0,6,4,41.75,9777.17,36.28,93.95,0,0,0,6,0,Overview of Ongoing Projects: Sector-wise Distribution,
quarterly_qpisr,2025-06,2025-26,Q1,Urban Development & Housing,27,265881.46,286578.3,20696.84,6,26,17,40.76,201738.62,70.52,58.22,2,0,1,27,0,Overview of Ongoing Projects: Sector-wise Distribution,
quarterly_qpisr,2025-06,2025-26,Q1,Water Resources,15,15428.28,61880.31,46452.03,8,15,15,42.6,27445.38,44.83,78.87,0,0,0,15,0,Overview of Ongoing Projects: Sector-wise Distribution,
